Run,Model Type,Extracted Numbers
1,base,
2,base,
3,base,
4,base,"1,2,3"
5,base,
6,base,"2,3,4"
7,base,
8,base,"1,3,6"
9,base,"1,6,3"
10,base,"1,6"
11,base,"5,1,4"
12,base,1
13,base,"1,1,1"
14,base,"3,1,2"
15,base,
16,base,
17,base,"2,4"
18,base,
19,base,
20,base,
21,base,
22,base,
23,base,
24,base,
25,base,"1,2,3"
26,base,
27,base,"1,2,3"
28,base,
29,base,
30,base,"1,3,3"
31,base,
32,base,"1,5,6"
33,base,
34,base,
35,base,
36,base,"1,2,3"
37,base,"1,3"
38,base,
39,base,"6,1"
40,base,
41,base,
42,base,
43,base,
44,base,"5,3,2"
45,base,"5,2,4"
46,base,"1,2,3"
47,base,
48,base,
49,base,
50,base,
51,base,"1,2,3"
52,base,"1,2,3"
53,base,
54,base,
55,base,"4,1,3"
56,base,"1,2,3"
57,base,"4,1,2"
58,base,"1,2,3"
59,base,"1,3,5"
60,base,"1,2,3"
61,base,"3,2,3"
62,base,"1,1,5"
63,base,"1,2,5"
64,base,
65,base,
66,base,
67,base,
68,base,"1,1,5"
69,base,"1,2,3"
70,base,"3,1"
71,base,"1,2,3"
72,base,
73,base,"3,5,6"
74,base,
75,base,"1,6"
76,base,"1,6,1"
77,base,
78,base,
79,base,
80,base,
81,base,"6,1,3"
82,base,"1,2,3"
83,base,"6,4"
84,base,"1,6,3"
85,base,"3,6,4"
86,base,1
87,base,"1,3,5"
88,base,"1,2,6"
89,base,
90,base,
91,base,
92,base,"2,3,4"
93,base,"3,4,2"
94,base,
95,base,
96,base,3
97,base,"2,3,4"
98,base,"3,1,5"
99,base,
100,base,"1,2,3"
101,base,
102,base,"1,3,3"
103,base,"3,1,6"
104,base,
105,base,
106,base,"1,2,5"
107,base,"1,2"
108,base,"5,6,1"
109,base,"1,5,2"
110,base,"1,3,6"
111,base,
112,base,"4,3,1"
113,base,"2,4,6"
114,base,
115,base,
116,base,"1,5,4"
117,base,"1,2,3"
118,base,
119,base,
120,base,"3,2,1"
121,base,"5,2,1"
122,base,"1,3,4"
123,base,"1,2"
124,base,"3,4,3"
125,base,"3,2,5"
126,base,"3,3,3"
127,base,
128,base,"2,4,5"
129,base,
130,base,"1,2,3"
131,base,"1,1,1"
132,base,"1,2,3"
133,base,
134,base,"1,2,3"
135,base,5
136,base,
137,base,
138,base,"1,2,5"
139,base,"1,2,5"
140,base,
141,base,"3,1,6"
142,base,
143,base,"1,3,6"
144,base,
145,base,"6,1"
146,base,
147,base,"2,5,1"
148,base,
149,base,
150,base,"3,4,5"
151,base,"1,4,6"
152,base,"1,2,6"
153,base,
154,base,3
155,base,
156,base,"4,3,5"
157,base,
158,base,"5,4,1"
159,base,
160,base,
161,base,
162,base,
163,base,
164,base,
165,base,
166,base,"1,1"
167,base,
168,base,"2,6,3"
169,base,"4,1"
170,base,
171,base,
172,base,
173,base,
174,base,"1,5,5"
175,base,"3,6"
176,base,
177,base,
178,base,
179,base,
180,base,
181,base,"1,5,1"
182,base,
183,base,
184,base,
185,base,"1,4,5"
186,base,
187,base,"1,2,3"
188,base,
189,base,
190,base,
191,base,
192,base,"1,2,3"
193,base,
194,base,"1,2,3"
195,base,"1,2,3"
196,base,"1,2,3"
197,base,1
198,base,"1,3,6"
199,base,
200,base,"2,5,2"
201,base,"1,6,3"
202,base,
203,base,"1,2,3"
204,base,"1,6"
205,base,"3,4,4"
206,base,"1,2,3"
207,base,"1,3,5"
208,base,
209,base,
210,base,"1,6,4"
211,base,6
212,base,
213,base,"6,3,4"
214,base,
215,base,
216,base,"1,3"
217,base,"1,3,6"
218,base,"1,6,1"
219,base,"1,2,5"
220,base,
221,base,
222,base,
223,base,
224,base,
225,base,
226,base,"2,5,2"
227,base,"2,6,3"
228,base,3
229,base,"2,3,1"
230,base,"3,2,3"
231,base,"1,3,2"
232,base,
233,base,"2,4,3"
234,base,"1,3,5"
235,base,
236,base,
237,base,
238,base,"3,1,4"
239,base,"1,2,3"
240,base,
241,base,"4,2,6"
242,base,"1,5,3"
243,base,"4,2,5"
244,base,"1,2,3"
245,base,
246,base,"1,2,3"
247,base,
248,base,"2,4,4"
249,base,"3,1"
250,base,"1,2,3"
251,base,
252,base,
253,base,
254,base,"1,2,3"
255,base,
256,base,"3,6,4"
257,base,
258,base,"1,4,3"
259,base,"4,5,5"
260,base,"1,3,4"
261,base,"1,2,3"
262,base,"1,2,6"
263,base,"4,6"
264,base,"5,3,1"
265,base,
266,base,
267,base,"1,2,3"
268,base,"3,3,4"
269,base,
270,base,"5,2,6"
271,base,"1,6,1"
272,base,
273,base,
274,base,"1,3,4"
275,base,"1,2,3"
276,base,
277,base,"3,1,6"
278,base,"3,1,6"
279,base,
280,base,"3,4,5"
281,base,
282,base,
283,base,
284,base,"2,4"
285,base,
286,base,"3,4,5"
287,base,
288,base,"1,2,3"
289,base,"4,2,3"
290,base,"1,3"
291,base,"1,2,3"
292,base,
293,base,
294,base,
295,base,
296,base,
297,base,
298,base,"1,2,5"
299,base,"2,4,5"
300,base,"3,4,5"
301,base,"1,2,3"
302,base,
303,base,"1,2,3"
304,base,
305,base,"1,3,6"
306,base,"1,2,3"
307,base,
308,base,
309,base,"1,4,2"
310,base,"1,2,3"
311,base,
312,base,"2,4,6"
313,base,"5,2"
314,base,
315,base,
316,base,
317,base,"1,1"
318,base,
319,base,"3,3"
320,base,"1,2,3"
321,base,
322,base,
323,base,
324,base,
325,base,
326,base,
327,base,"2,4,4"
328,base,
329,base,
330,base,
331,base,"1,1,6"
332,base,
333,base,"1,2"
334,base,
335,base,
336,base,"3,1,2"
337,base,
338,base,"1,2,3"
339,base,
340,base,"1,2,3"
341,base,"1,6,1"
342,base,
343,base,
344,base,"1,2,5"
345,base,
346,base,
347,base,
348,base,"3,6,1"
349,base,3
350,base,"1,2,4"
351,base,"1,2,3"
352,base,"3,1,6"
353,base,"1,5,2"
354,base,
355,base,3
356,base,
357,base,
358,base,
359,base,
360,base,"2,2,2"
361,base,"2,1,3"
362,base,"6,1,2"
363,base,"2,5,2"
364,base,"2,6,4"
365,base,"3,2"
366,base,
367,base,"5,3,1"
368,base,
369,base,
370,base,"3,6,1"
371,base,"3,1"
372,base,3
373,base,"1,2,3"
374,base,
375,base,
376,base,
377,base,"3,3,4"
378,base,"1,4,6"
379,base,
380,base,
381,base,
382,base,"1,6,2"
383,base,
384,base,
385,base,
386,base,"2,2,5"
387,base,
388,base,"1,1"
389,base,
390,base,
391,base,"1,3,5"
392,base,"1,1,2"
393,base,"3,2,5"
394,base,
395,base,
396,base,"1,5,2"
397,base,"5,4,6"
398,base,"1,2,3"
399,base,
400,base,"1,5,5"
401,base,
402,base,
403,base,"1,4,6"
404,base,
405,base,
406,base,"3,1,6"
407,base,
408,base,"2,4,3"
409,base,"1,5,2"
410,base,
411,base,
412,base,"1,2,3"
413,base,"1,2"
414,base,"1,1,1"
415,base,
416,base,"2,5,3"
417,base,"4,3"
418,base,
419,base,"1,2,4"
420,base,
421,base,
422,base,"1,2,3"
423,base,
424,base,
425,base,"3,4,5"
426,base,
427,base,"1,2,3"
428,base,"1,2,3"
429,base,
430,base,"1,3,6"
431,base,
432,base,"1,3,2"
433,base,
434,base,"3,3"
435,base,"3,3,3"
436,base,
437,base,3
438,base,"1,2,3"
439,base,"1,1,5"
440,base,"1,2,3"
441,base,"4,2,1"
442,base,"1,3,5"
443,base,
444,base,"3,5"
445,base,"3,3,3"
446,base,"1,4,5"
447,base,3
448,base,"1,6,3"
449,base,"3,1,6"
450,base,
451,base,
452,base,
453,base,"1,2,3"
454,base,"3,4,5"
455,base,"1,3,3"
456,base,
457,base,"1,2,3"
458,base,"1,2,3"
459,base,
460,base,1
461,base,1
462,base,
463,base,"1,2,3"
464,base,
465,base,"4,6,3"
466,base,
467,base,"4,4"
468,base,"3,3"
469,base,
470,base,
471,base,
472,base,
473,base,
474,base,
475,base,"1,5,6"
476,base,"1,1,1"
477,base,"2,4,2"
478,base,
479,base,
480,base,
481,base,"1,2,3"
482,base,
483,base,
484,base,"3,6"
485,base,1
486,base,"5,6,2"
487,base,
488,base,
489,base,"3,4,2"
490,base,
491,base,"3,1"
492,base,"1,2,3"
493,base,
494,base,"2,6,1"
495,base,"2,6,3"
496,base,"1,2,3"
497,base,"2,6,1"
498,base,
499,base,3
500,base,"4,2,1"
501,base,
502,base,"1,2,3"
503,base,"2,3"
504,base,"1,2,3"
505,base,
506,base,"1,4,3"
507,base,"5,2,3"
508,base,"1,2,3"
509,base,
510,base,"1,6,1"
511,base,"6,2,2"
512,base,"1,2,3"
513,base,
514,base,"1,2,3"
515,base,"1,6,3"
516,base,
517,base,
518,base,
519,base,
520,base,
521,base,3
522,base,"2,5,4"
523,base,
524,base,
525,base,
526,base,
527,base,"1,2,3"
528,base,
529,base,
530,base,"2,6,3"
531,base,"4,1,5"
532,base,
533,base,"1,5,3"
534,base,"2,4,1"
535,base,"1,2,3"
536,base,"1,2,3"
537,base,"3,1,5"
538,base,"1,6"
539,base,"1,6,3"
540,base,3
541,base,"1,5,4"
542,base,
543,base,"1,1"
544,base,"1,2,3"
545,base,"2,1,5"
546,base,"2,4,1"
547,base,
548,base,"1,1,1"
549,base,
550,base,"3,4,3"
551,base,"3,6,1"
552,base,"1,1,6"
553,base,
554,base,
555,base,
556,base,
557,base,
558,base,
559,base,"1,2,3"
560,base,3
561,base,"1,2,3"
562,base,"2,4"
563,base,
564,base,"4,2"
565,base,"2,3,4"
566,base,
567,base,
568,base,"1,1,1"
569,base,
570,base,
571,base,"1,3,1"
572,base,"1,2,3"
573,base,
574,base,
575,base,
576,base,
577,base,
578,base,
579,base,"1,1,2"
580,base,"3,6,1"
581,base,"1,2,3"
582,base,"6,2,4"
583,base,
584,base,
585,base,
586,base,
587,base,
588,base,"2,3,5"
589,base,"3,1,4"
590,base,"3,1"
591,base,
592,base,
593,base,"2,5,4"
594,base,
595,base,
596,base,
597,base,"6,3"
598,base,"1,2,3"
599,base,"1,6"
600,base,
601,base,
602,base,"2,3,4"
603,base,
604,base,"1,6,2"
605,base,"4,4,4"
606,base,
607,base,
608,base,"5,3,6"
609,base,
610,base,
611,base,3
612,base,
613,base,
614,base,
615,base,"1,6"
616,base,
617,base,
618,base,"1,2,3"
619,base,"1,2,5"
620,base,"3,1,6"
621,base,
622,base,"1,2,3"
623,base,"1,3,6"
624,base,"5,4,3"
625,base,"5,4,2"
626,base,"3,6,1"
627,base,"3,5,5"
628,base,"5,6,1"
629,base,"1,6,1"
630,base,
631,base,"1,3,4"
632,base,
633,base,
634,base,
635,base,
636,base,"1,3,4"
637,base,
638,base,
639,base,
640,base,
641,base,"3,1,6"
642,base,"1,2,4"
643,base,"1,2,3"
644,base,"1,2,3"
645,base,
646,base,
647,base,"1,2,3"
648,base,
649,base,"1,2,3"
650,base,
651,base,
652,base,"1,2,3"
653,base,
654,base,"1,2,3"
655,base,
656,base,"1,1,1"
657,base,"3,6,5"
658,base,
659,base,
660,base,"3,1,6"
661,base,"6,3,2"
662,base,"6,3,5"
663,base,
664,base,
665,base,"1,2,3"
666,base,"1,2,3"
667,base,"6,4,5"
668,base,"2,5,6"
669,base,"1,2,3"
670,base,"1,2,2"
671,base,"3,5"
672,base,"1,2,3"
673,base,"6,1,5"
674,base,
675,base,
676,base,"1,3,2"
677,base,"3,5,6"
678,base,"1,2,6"
679,base,
680,base,"2,3,4"
681,base,
682,base,"3,3,1"
683,base,3
684,base,"1,3,5"
685,base,
686,base,"1,1,1"
687,base,
688,base,3
689,base,"6,1"
690,base,"1,2,3"
691,base,"1,5,2"
692,base,
693,base,
694,base,3
695,base,"1,2,5"
696,base,2
697,base,"3,3,2"
698,base,"1,2,3"
699,base,"2,3,1"
700,base,"2,5,3"
701,base,"1,2,3"
702,base,"1,2,3"
703,base,"1,2,1"
704,base,"3,4,5"
705,base,
706,base,
707,base,
708,base,"2,5,2"
709,base,
710,base,"1,3,6"
711,base,"1,2,3"
712,base,
713,base,
714,base,
715,base,"1,2,3"
716,base,
717,base,"1,6,4"
718,base,"6,3,2"
719,base,"1,2,3"
720,base,"2,4,5"
721,base,
722,base,"1,3"
723,base,"1,2,5"
724,base,
725,base,
726,base,
727,base,
728,base,
729,base,"3,2,3"
730,base,
731,base,"1,3,4"
732,base,"1,4,1"
733,base,"1,3,6"
734,base,"1,2,3"
735,base,"1,6,3"
736,base,
737,base,
738,base,"1,2,3"
739,base,"1,2,3"
740,base,"3,6,5"
741,base,
742,base,
743,base,"3,5,3"
744,base,"2,3,5"
745,base,
746,base,"5,1,2"
747,base,"1,3,4"
748,base,
749,base,"6,1,3"
750,base,
751,base,
752,base,
753,base,
754,base,"5,6,3"
755,base,"1,5,2"
756,base,
757,base,"2,3,3"
758,base,
759,base,"1,2,3"
760,base,
761,base,"1,2,3"
762,base,
763,base,"2,4"
764,base,
765,base,
766,base,
767,base,"1,2,3"
768,base,"3,2,1"
769,base,"1,2,3"
770,base,"3,6,1"
771,base,"2,4,4"
772,base,"1,3"
773,base,"5,1,6"
774,base,"6,4,3"
775,base,
776,base,"1,1,4"
777,base,"1,3,2"
778,base,
779,base,
780,base,"1,2,3"
781,base,
782,base,
783,base,"3,5,6"
784,base,
785,base,
786,base,"4,5,1"
787,base,1
788,base,
789,base,"6,2"
790,base,"1,2,3"
791,base,"1,2,6"
792,base,
793,base,
794,base,
795,base,
796,base,
797,base,"6,3,1"
798,base,
799,base,"1,6,3"
800,base,"1,2,6"
801,base,
802,base,
803,base,
804,base,
805,base,"4,1,5"
806,base,
807,base,
808,base,
809,base,
810,base,"1,2,5"
811,base,"1,2,5"
812,base,
813,base,
814,base,"1,6,1"
815,base,
816,base,"1,3,4"
817,base,"6,6,6"
818,base,
819,base,
820,base,"1,2,3"
821,base,"4,3,5"
822,base,
823,base,"1,3,5"
824,base,
825,base,"4,5,1"
826,base,
827,base,
828,base,"1,2,6"
829,base,
830,base,"2,3,2"
831,base,
832,base,"1,6,2"
833,base,
834,base,
835,base,
836,base,
837,base,"1,4,6"
838,base,
839,base,"1,2,3"
840,base,
841,base,"6,1,3"
842,base,"3,1,6"
843,base,"1,2,3"
844,base,"3,2,5"
845,base,"1,4,6"
846,base,
847,base,
848,base,
849,base,"2,2,1"
850,base,
851,base,2
852,base,
853,base,
854,base,"1,2,3"
855,base,"1,2,3"
856,base,
857,base,"1,2,3"
858,base,"3,2,4"
859,base,"3,3,4"
860,base,"4,5,3"
861,base,
862,base,"3,3"
863,base,
864,base,3
865,base,"6,6,6"
866,base,"1,5,6"
867,base,
868,base,"3,2,2"
869,base,
870,base,
871,base,
872,base,"3,4,5"
873,base,"1,2,5"
874,base,
875,base,
876,base,"1,3,5"
877,base,"5,3,1"
878,base,"1,2,3"
879,base,
880,base,"1,2,3"
881,base,"1,3,2"
882,base,
883,base,
884,base,"2,5,5"
885,base,
886,base,
887,base,
888,base,
889,base,"4,5,6"
890,base,
891,base,
892,base,"1,2,3"
893,base,"1,5,5"
894,base,"2,6,1"
895,base,
896,base,
897,base,
898,base,"1,2,3"
899,base,"5,3,1"
900,base,"1,2,3"
901,base,"2,2,5"
902,base,"1,2,4"
903,base,"1,2,3"
904,base,
905,base,"3,1,6"
906,base,"6,2"
907,base,
908,base,
909,base,
910,base,"3,2,5"
911,base,
912,base,"1,2,3"
913,base,
914,base,"1,4,6"
915,base,"2,4,6"
916,base,"1,3,6"
917,base,
918,base,
919,base,"1,2,3"
920,base,
921,base,
922,base,"1,3,3"
923,base,"6,3,4"
924,base,1
925,base,"5,3,2"
926,base,"1,2,3"
927,base,"4,6,3"
928,base,"1,3,4"
929,base,"1,2,5"
930,base,
931,base,
932,base,"1,5,5"
933,base,"2,4,5"
934,base,"1,2,3"
935,base,
936,base,
937,base,
938,base,
939,base,
940,base,
941,base,"3,3,3"
942,base,
943,base,"5,2,2"
944,base,
945,base,"3,5,6"
946,base,
947,base,"1,2"
948,base,
949,base,"1,3,1"
950,base,"1,1,2"
951,base,"1,2,3"
952,base,
953,base,
954,base,
955,base,"1,6"
956,base,"5,4,3"
957,base,"2,4,6"
958,base,"1,3,5"
959,base,"1,3,6"
960,base,
961,base,
962,base,"2,2,3"
963,base,"1,2,3"
964,base,
965,base,"3,6,5"
966,base,
967,base,
968,base,"4,1,6"
969,base,"3,4,6"
970,base,"1,3,4"
971,base,
972,base,"3,5,3"
973,base,"1,5,3"
974,base,
975,base,"1,2,3"
976,base,
977,base,"1,2,3"
978,base,3
979,base,"1,2,3"
980,base,"6,1"
981,base,
982,base,
983,base,"2,4,6"
984,base,"1,2,3"
985,base,"1,2,3"
986,base,"5,6,4"
987,base,"4,2"
988,base,"1,2,3"
989,base,
990,base,
991,base,
992,base,"3,5,2"
993,base,
994,base,"1,2,3"
995,base,
996,base,
997,base,"1,3,4"
998,base,"6,3"
999,base,"1,2,3"
1000,base,"4,5,1"
1001,base,
1002,base,"3,6,1"
1003,base,3
1004,base,
1005,base,1
1006,base,"1,2,3"
1007,base,"6,1,1"
1008,base,"1,6,5"
1009,base,
1010,base,
1011,base,1
1012,base,
1013,base,
1014,base,"1,2,3"
1015,base,"1,6,1"
1016,base,
1017,base,
1018,base,
1019,base,"1,2,3"
1020,base,"1,4,1"
1021,base,
1022,base,5
1023,base,
1024,base,"4,5"
1025,base,"3,3"
1026,base,
1027,base,"1,2,3"
1028,base,"6,1,2"
1029,base,
1030,base,
1031,base,
1032,base,
1033,base,
1034,base,
1035,base,
1036,base,"1,2,3"
1037,base,"1,3,4"
1038,base,"5,5"
1039,base,"5,4,6"
1040,base,"4,3,2"
1041,base,
1042,base,"1,3,1"
1043,base,
1044,base,
1045,base,
1046,base,
1047,base,"1,2,3"
1048,base,"3,4,5"
1049,base,"3,3"
1050,base,"1,6,3"
1051,base,
1052,base,
1053,base,
1054,base,"1,3,5"
1055,base,3
1056,base,
1057,base,"1,5,1"
1058,base,
1059,base,"1,1,3"
1060,base,"3,1,6"
1061,base,
1062,base,
1063,base,
1064,base,"4,5,6"
1065,base,"1,6,3"
1066,base,
1067,base,"4,6,1"
1068,base,
1069,base,"2,4,3"
1070,base,"1,6,3"
1071,base,3
1072,base,
1073,base,
1074,base,
1075,base,
1076,base,
1077,base,
1078,base,
1079,base,"2,3,5"
1080,base,
1081,base,3
1082,base,"1,2,3"
1083,base,
1084,base,"3,2,1"
1085,base,
1086,base,"5,4,1"
1087,base,
1088,base,
1089,base,
1090,base,
1091,base,"1,2,3"
1092,base,
1093,base,
1094,base,2
1095,base,"2,1,4"
1096,base,"2,2,3"
1097,base,
1098,base,
1099,base,
1100,base,
1101,base,
1102,base,"1,2,3"
1103,base,
1104,base,"5,3"
1105,base,
1106,base,
1107,base,"3,4,5"
1108,base,"6,6,6"
1109,base,
1110,base,"3,3,3"
1111,base,
1112,base,"1,2,3"
1113,base,
1114,base,"1,6,1"
1115,base,"2,2,6"
1116,base,"1,2,3"
1117,base,"1,2,3"
1118,base,
1119,base,
1120,base,"3,6,2"
1121,base,
1122,base,"1,3,4"
1123,base,
1124,base,"2,5,6"
1125,base,
1126,base,"1,2"
1127,base,
1128,base,"3,3"
1129,base,"1,2,3"
1130,base,"1,2,3"
1131,base,
1132,base,
1133,base,"1,5,6"
1134,base,"3,5,2"
1135,base,
1136,base,
1137,base,
1138,base,
1139,base,"3,1,6"
1140,base,"4,1,5"
1141,base,"1,2,3"
1142,base,"1,2,5"
1143,base,"4,5,6"
1144,base,"1,2,3"
1145,base,
1146,base,"2,6"
1147,base,"1,2,3"
1148,base,
1149,base,
1150,base,"3,2,4"
1151,base,
1152,base,"3,3,5"
1153,base,
1154,base,"4,1,5"
1155,base,
1156,base,
1157,base,
1158,base,
1159,base,"4,3"
1160,base,"6,1,4"
1161,base,"1,2,4"
1162,base,
1163,base,
1164,base,
1165,base,"1,4,5"
1166,base,"1,5,4"
1167,base,"2,4,6"
1168,base,"3,2"
1169,base,"1,2,3"
1170,base,"3,1,3"
1171,base,"1,4,3"
1172,base,
1173,base,"1,2,3"
1174,base,"1,2,3"
1175,base,"3,5,2"
1176,base,"1,2,3"
1177,base,
1178,base,"1,2,5"
1179,base,"5,6,3"
1180,base,"5,6"
1181,base,
1182,base,5
1183,base,"1,2,5"
1184,base,
1185,base,
1186,base,
1187,base,"1,2,4"
1188,base,"1,3,4"
1189,base,
1190,base,
1191,base,"5,5,5"
1192,base,"1,4,3"
1193,base,"1,2,3"
1194,base,"1,2,3"
1195,base,"3,1,6"
1196,base,
1197,base,"1,2,3"
1198,base,
1199,base,
1200,base,
1201,base,"2,5,5"
1202,base,
1203,base,"1,5,2"
1204,base,"1,3,5"
1205,base,
1206,base,"1,2,3"
1207,base,
1208,base,
1209,base,"1,2,3"
1210,base,"1,4,2"
1211,base,
1212,base,
1213,base,"1,2,3"
1214,base,
1215,base,3
1216,base,
1217,base,
1218,base,"2,5"
1219,base,"1,2,3"
1220,base,"1,2,3"
1221,base,"3,2,5"
1222,base,"2,4,5"
1223,base,"1,3,2"
1224,base,
1225,base,"6,4,5"
1226,base,
1227,base,"2,4,2"
1228,base,"6,3,1"
1229,base,"3,3,3"
1230,base,
1231,base,
1232,base,
1233,base,
1234,base,
1235,base,
1236,base,"1,3,2"
1237,base,
1238,base,
1239,base,
1240,base,"1,2"
1241,base,"1,2,3"
1242,base,"1,6,3"
1243,base,1
1244,base,3
1245,base,
1246,base,
1247,base,"4,1,2"
1248,base,
1249,base,
1250,base,
1251,base,"6,3,3"
1252,base,
1253,base,
1254,base,
1255,base,3
1256,base,"1,2,3"
1257,base,"4,2"
1258,base,"1,2"
1259,base,
1260,base,
1261,base,
1262,base,"1,2,3"
1263,base,
1264,base,"1,3,6"
1265,base,"1,5,3"
1266,base,"2,2,1"
1267,base,
1268,base,
1269,base,
1270,base,
1271,base,
1272,base,"1,3,6"
1273,base,
1274,base,
1275,base,"1,2,3"
1276,base,
1277,base,"3,3,6"
1278,base,"1,3,3"
1279,base,"1,2,4"
1280,base,
1281,base,
1282,base,
1283,base,
1284,base,"1,4,6"
1285,base,"2,3,6"
1286,base,
1287,base,"1,3,1"
1288,base,
1289,base,"1,2,3"
1290,base,
1291,base,
1292,base,"1,2,3"
1293,base,"2,4"
1294,base,
1295,base,"4,5,6"
1296,base,
1297,base,"3,1,6"
1298,base,
1299,base,"1,3,2"
1300,base,
1301,base,"3,1,6"
1302,base,
1303,base,
1304,base,
1305,base,"1,2,5"
1306,base,"1,2,3"
1307,base,
1308,base,
1309,base,
1310,base,
1311,base,
1312,base,
1313,base,"5,4,5"
1314,base,
1315,base,
1316,base,"3,1,1"
1317,base,"2,5,3"
1318,base,"1,3"
1319,base,"1,6,3"
1320,base,
1321,base,3
1322,base,
1323,base,"1,4,3"
1324,base,
1325,base,"1,1,1"
1326,base,
1327,base,"2,5,4"
1328,base,"3,1,6"
1329,base,
1330,base,"1,2,3"
1331,base,"3,2,1"
1332,base,
1333,base,"1,5,1"
1334,base,"1,2,3"
1335,base,"1,6,1"
1336,base,"3,6,2"
1337,base,
1338,base,
1339,base,
1340,base,"2,5,6"
1341,base,"3,1,4"
1342,base,"1,2,3"
1343,base,"2,3,5"
1344,base,"3,1,5"
1345,base,"1,2,3"
1346,base,"1,5,2"
1347,base,"5,1,2"
1348,base,"1,2,6"
1349,base,"6,3"
1350,base,"1,1,6"
1351,base,"2,5,2"
1352,base,
1353,base,"3,6,4"
1354,base,
1355,base,"1,2,3"
1356,base,"3,4,5"
1357,base,"3,5,6"
1358,base,"3,3,3"
1359,base,"5,1,6"
1360,base,
1361,base,"3,5,6"
1362,base,"1,1,1"
1363,base,"1,2,5"
1364,base,
1365,base,"1,2,3"
1366,base,
1367,base,"1,2,3"
1368,base,"2,5,6"
1369,base,"2,3,5"
1370,base,
1371,base,
1372,base,
1373,base,
1374,base,
1375,base,1
1376,base,
1377,base,"3,2,6"
1378,base,6
1379,base,
1380,base,
1381,base,"1,5,6"
1382,base,
1383,base,"6,3"
1384,base,
1385,base,"2,2,5"
1386,base,
1387,base,
1388,base,
1389,base,"1,6,4"
1390,base,"1,2,5"
1391,base,
1392,base,"1,3,5"
1393,base,"1,2,2"
1394,base,
1395,base,
1396,base,"5,2,6"
1397,base,"5,4,3"
1398,base,
1399,base,
1400,base,6
1401,base,
1402,base,"1,2,3"
1403,base,"1,2,3"
1404,base,"2,5,3"
1405,base,"1,5,3"
1406,base,"2,5,1"
1407,base,"1,6,3"
1408,base,"1,4,2"
1409,base,
1410,base,5
1411,base,"1,4,3"
1412,base,"5,4,3"
1413,base,
1414,base,"5,3,3"
1415,base,"1,2,3"
1416,base,"2,4,1"
1417,base,"3,4,6"
1418,base,
1419,base,"1,3,6"
1420,base,
1421,base,
1422,base,
1423,base,"1,2,3"
1424,base,
1425,base,
1426,base,"2,5,6"
1427,base,"5,2,3"
1428,base,"1,1,5"
1429,base,1
1430,base,"1,2,3"
1431,base,"1,2,3"
1432,base,"1,6"
1433,base,"1,2,3"
1434,base,"1,2,3"
1435,base,
1436,base,3
1437,base,"2,3,6"
1438,base,
1439,base,
1440,base,
1441,base,
1442,base,
1443,base,"1,5,6"
1444,base,
1445,base,
1446,base,"1,5,2"
1447,base,
1448,base,"1,6"
1449,base,
1450,base,"1,1,2"
1451,base,
1452,base,
1453,base,
1454,base,
1455,base,
1456,base,"3,1,6"
1457,base,"3,3,1"
1458,base,"1,5,5"
1459,base,"1,5,6"
1460,base,
1461,base,"1,2,3"
1462,base,"1,1"
1463,base,
1464,base,"6,5,2"
1465,base,
1466,base,"1,2,3"
1467,base,"1,2,3"
1468,base,
1469,base,"3,5,1"
1470,base,"2,6,6"
1471,base,"3,1,2"
1472,base,
1473,base,"6,6"
1474,base,
1475,base,
1476,base,
1477,base,1
1478,base,"1,2,3"
1479,base,
1480,base,"1,6,3"
1481,base,
1482,base,"1,2,3"
1483,base,1
1484,base,
1485,base,
1486,base,
1487,base,5
1488,base,"1,4,6"
1489,base,"3,2,6"
1490,base,"1,6,5"
1491,base,"1,2,3"
1492,base,"1,4,3"
1493,base,
1494,base,"4,4,1"
1495,base,
1496,base,
1497,base,"1,3,4"
1498,base,
1499,base,"1,2"
1500,base,3
1501,base,3
1502,base,"3,6"
1503,base,
1504,base,"1,3,5"
1505,base,
1506,base,"1,1,6"
1507,base,"1,1,2"
1508,base,
1509,base,"1,4,5"
1510,base,
1511,base,
1512,base,"1,2,3"
1513,base,"1,2,3"
1514,base,"1,2,3"
1515,base,
1516,base,
1517,base,"2,4,5"
1518,base,
1519,base,"1,2,3"
1520,base,"3,1,6"
1521,base,
1522,base,"3,1,1"
1523,base,
1524,base,"1,2,6"
1525,base,"5,1,4"
1526,base,"2,1,5"
1527,base,"1,2,3"
1528,base,"2,4,5"
1529,base,
1530,base,"1,3,3"
1531,base,
1532,base,
1533,base,3
1534,base,
1535,base,
1536,base,"3,1,6"
1537,base,
1538,base,"2,3,1"
1539,base,"4,6,5"
1540,base,
1541,base,3
1542,base,"1,2"
1543,base,"1,2,3"
1544,base,"5,4,1"
1545,base,"1,2,3"
1546,base,
1547,base,"3,5,6"
1548,base,"5,2,1"
1549,base,
1550,base,"1,1,2"
1551,base,
1552,base,"1,2,3"
1553,base,"1,2,3"
1554,base,
1555,base,"1,2,3"
1556,base,"1,5,4"
1557,base,
1558,base,"3,6,5"
1559,base,"1,2,3"
1560,base,
1561,base,"5,4,4"
1562,base,
1563,base,"1,6,1"
1564,base,
1565,base,
1566,base,
1567,base,"3,2,5"
1568,base,"3,1"
1569,base,
1570,base,
1571,base,"5,4,6"
1572,base,"3,1,6"
1573,base,"1,2,3"
1574,base,
1575,base,"1,3,4"
1576,base,
1577,base,"3,6,4"
1578,base,
1579,base,
1580,base,"1,2,3"
1581,base,"1,2,3"
1582,base,"1,2,3"
1583,base,3
1584,base,"5,2,6"
1585,base,"4,1,2"
1586,base,"1,2,3"
1587,base,"2,4,3"
1588,base,"3,6,1"
1589,base,
1590,base,"3,2,3"
1591,base,"1,2,3"
1592,base,
1593,base,"1,6,6"
1594,base,1
1595,base,"1,4"
1596,base,
1597,base,"1,2,3"
1598,base,"1,2,3"
1599,base,
1600,base,
1601,base,"1,3,2"
1602,base,"4,1,6"
1603,base,"1,2,3"
1604,base,
1605,base,"5,4,4"
1606,base,"4,4,6"
1607,base,"1,2,3"
1608,base,"1,2,5"
1609,base,
1610,base,
1611,base,"2,1,1"
1612,base,
1613,base,
1614,base,"3,6,2"
1615,base,"3,1,4"
1616,base,"1,3,1"
1617,base,"1,3,5"
1618,base,"1,6,5"
1619,base,
1620,base,"1,2,5"
1621,base,
1622,base,
1623,base,"6,6,6"
1624,base,
1625,base,"2,2,5"
1626,base,"1,2,3"
1627,base,"2,1,5"
1628,base,"3,5,6"
1629,base,
1630,base,"4,6,1"
1631,base,"1,1"
1632,base,
1633,base,"1,2,3"
1634,base,"1,2,3"
1635,base,
1636,base,"3,6,5"
1637,base,"4,5,3"
1638,base,"1,2,3"
1639,base,"1,1,6"
1640,base,"5,4"
1641,base,
1642,base,"1,5,5"
1643,base,"1,4,1"
1644,base,"1,2,2"
1645,base,
1646,base,
1647,base,
1648,base,"1,4,1"
1649,base,"5,3,6"
1650,base,"1,3,5"
1651,base,"1,2,4"
1652,base,"3,2,3"
1653,base,"3,3"
1654,base,
1655,base,"3,6,4"
1656,base,
1657,base,3
1658,base,
1659,base,
1660,base,
1661,base,"1,6,3"
1662,base,"4,2,5"
1663,base,"1,5,2"
1664,base,"1,2,3"
1665,base,"3,3,3"
1666,base,
1667,base,"1,2,4"
1668,base,
1669,base,"1,5,6"
1670,base,"2,3,6"
1671,base,
1672,base,
1673,base,
1674,base,"1,2,6"
1675,base,
1676,base,"2,5"
1677,base,"1,2,3"
1678,base,1
1679,base,2
1680,base,1
1681,base,3
1682,base,"1,2,3"
1683,base,"5,6,4"
1684,base,"1,2,3"
1685,base,"1,2,3"
1686,base,"1,6,2"
1687,base,
1688,base,
1689,base,
1690,base,
1691,base,"1,6,1"
1692,base,
1693,base,"4,5,1"
1694,base,1
1695,base,
1696,base,"6,1"
1697,base,"1,6,3"
1698,base,"1,4,6"
1699,base,"1,4,6"
1700,base,"1,2,3"
1701,base,
1702,base,"5,2,5"
1703,base,"2,1,6"
1704,base,"3,5"
1705,base,
1706,base,
1707,base,"1,2,3"
1708,base,
1709,base,"3,1"
1710,base,
1711,base,
1712,base,"1,3,6"
1713,base,
1714,base,"1,2,3"
1715,base,"3,1,6"
1716,base,"1,6,5"
1717,base,
1718,base,
1719,base,
1720,base,"6,2,4"
1721,base,"1,1"
1722,base,"1,6"
1723,base,"1,2,3"
1724,base,
1725,base,"4,3,1"
1726,base,
1727,base,4
1728,base,"1,2,3"
1729,base,"5,1,2"
1730,base,
1731,base,
1732,base,"2,1"
1733,base,"1,2,3"
1734,base,"3,4,5"
1735,base,
1736,base,"1,6,3"
1737,base,"5,6"
1738,base,"1,2,3"
1739,base,
1740,base,"1,4,4"
1741,base,"1,6,5"
1742,base,"5,1,3"
1743,base,
1744,base,"3,6,3"
1745,base,"3,3,2"
1746,base,
1747,base,"1,5,4"
1748,base,
1749,base,
1750,base,
1751,base,
1752,base,
1753,base,
1754,base,"1,1,6"
1755,base,"1,1,1"
1756,base,"1,2,3"
1757,base,
1758,base,
1759,base,
1760,base,"1,3,1"
1761,base,
1762,base,
1763,base,"4,2,3"
1764,base,"1,2,3"
1765,base,
1766,base,"1,2,3"
1767,base,"1,2,3"
1768,base,
1769,base,"3,3,4"
1770,base,"1,2,3"
1771,base,"1,2,3"
1772,base,
1773,base,"2,3,4"
1774,base,"2,4,1"
1775,base,"1,5,3"
1776,base,"1,2,3"
1777,base,"5,6,3"
1778,base,"1,5,2"
1779,base,"1,2,3"
1780,base,"1,5,3"
1781,base,
1782,base,
1783,base,
1784,base,"3,3,3"
1785,base,"1,5,2"
1786,base,"3,3,2"
1787,base,"4,1,5"
1788,base,
1789,base,"3,5"
1790,base,
1791,base,"3,1,6"
1792,base,1
1793,base,"3,1"
1794,base,"1,5,4"
1795,base,
1796,base,
1797,base,
1798,base,
1799,base,"2,6,3"
1800,base,"6,4,2"
1801,base,"6,1,5"
1802,base,
1803,base,"3,2,1"
1804,base,"2,6,1"
1805,base,
1806,base,"3,2,5"
1807,base,"2,3,1"
1808,base,
1809,base,
1810,base,"3,1,2"
1811,base,"2,1,5"
1812,base,"2,4,5"
1813,base,"1,4,1"
1814,base,
1815,base,
1816,base,"3,6,3"
1817,base,"1,2,3"
1818,base,
1819,base,
1820,base,
1821,base,"2,3,2"
1822,base,"2,5,1"
1823,base,"1,5,3"
1824,base,"3,3,6"
1825,base,"5,2"
1826,base,
1827,base,
1828,base,
1829,base,
1830,base,
1831,base,
1832,base,
1833,base,
1834,base,"1,2,3"
1835,base,
1836,base,
1837,base,
1838,base,"1,2,3"
1839,base,"1,2,3"
1840,base,"1,1,2"
1841,base,
1842,base,
1843,base,
1844,base,"1,2,3"
1845,base,"1,2,3"
1846,base,"2,4,5"
1847,base,
1848,base,"1,6,6"
1849,base,"1,1,2"
1850,base,"1,5,4"
1851,base,
1852,base,"1,6,1"
1853,base,
1854,base,
1855,base,"1,3,5"
1856,base,4
1857,base,
1858,base,"5,1,6"
1859,base,"1,2,3"
1860,base,"1,2,1"
1861,base,
1862,base,"3,1,2"
1863,base,
1864,base,"3,3,1"
1865,base,"1,6,6"
1866,base,"1,2,2"
1867,base,"3,3,1"
1868,base,"1,1,3"
1869,base,
1870,base,
1871,base,"1,2,3"
1872,base,"6,1,4"
1873,base,
1874,base,"1,2,5"
1875,base,"1,2,3"
1876,base,
1877,base,"3,6"
1878,base,"3,3,6"
1879,base,
1880,base,"3,1,6"
1881,base,
1882,base,
1883,base,1
1884,base,"2,4,4"
1885,base,3
1886,base,"1,4,2"
1887,base,1
1888,base,
1889,base,"1,2,3"
1890,base,"5,3,5"
1891,base,"5,4,3"
1892,base,
1893,base,"4,5,6"
1894,base,"3,3,5"
1895,base,"3,1,1"
1896,base,"1,2,3"
1897,base,
1898,base,
1899,base,"1,2,3"
1900,base,3
1901,base,
1902,base,
1903,base,"1,6,3"
1904,base,
1905,base,
1906,base,"1,2,3"
1907,base,
1908,base,"3,5,2"
1909,base,
1910,base,
1911,base,"3,6"
1912,base,"1,6,1"
1913,base,"1,2,3"
1914,base,
1915,base,
1916,base,"1,2,3"
1917,base,"1,2,3"
1918,base,
1919,base,"4,2,3"
1920,base,
1921,base,"3,4"
1922,base,
1923,base,
1924,base,4
1925,base,
1926,base,
1927,base,"1,1"
1928,base,"1,2,3"
1929,base,"3,3,3"
1930,base,3
1931,base,"3,1,6"
1932,base,"1,3,2"
1933,base,"2,4,5"
1934,base,
1935,base,
1936,base,
1937,base,"1,6,6"
1938,base,"5,2,6"
1939,base,"1,2,3"
1940,base,
1941,base,
1942,base,
1943,base,1
1944,base,
1945,base,
1946,base,
1947,base,3
1948,base,
1949,base,"1,6,4"
1950,base,
1951,base,
1952,base,"1,2,3"
1953,base,
1954,base,"1,2,3"
1955,base,"1,2,3"
1956,base,
1957,base,
1958,base,
1959,base,"1,2,3"
1960,base,"3,1,6"
1961,base,
1962,base,2
1963,base,
1964,base,"3,2,6"
1965,base,
1966,base,"1,4,2"
1967,base,"1,6"
1968,base,"1,2,3"
1969,base,"4,1,2"
1970,base,2
1971,base,"1,4"
1972,base,"3,4,6"
1973,base,
1974,base,
1975,base,
1976,base,"2,1,3"
1977,base,
1978,base,
1979,base,"2,3,4"
1980,base,3
1981,base,
1982,base,
1983,base,"1,2,1"
1984,base,"3,1"
1985,base,"1,6"
1986,base,"5,1,2"
1987,base,
1988,base,"2,5,3"
1989,base,
1990,base,
1991,base,"3,5,6"
1992,base,"1,2,3"
1993,base,"1,2,3"
1994,base,"2,3,5"
1995,base,
1996,base,"1,6,1"
1997,base,"1,2,5"
1998,base,"1,2,3"
1999,base,
2000,base,"1,2,3"
2001,base,"5,5"
2002,base,"3,5,1"
2003,base,
2004,base,
2005,base,
2006,base,"1,3,4"
2007,base,
2008,base,
2009,base,
2010,base,"1,2,3"
2011,base,"1,3,3"
2012,base,"5,5,3"
2013,base,
2014,base,"1,2,3"
2015,base,"5,4,3"
2016,base,"1,5,6"
2017,base,
2018,base,
2019,base,
2020,base,
2021,base,6
2022,base,
2023,base,
2024,base,
2025,base,"5,4,1"
2026,base,
2027,base,
2028,base,
2029,base,"2,3,5"
2030,base,"3,3,1"
2031,base,
2032,base,
2033,base,"1,2,3"
2034,base,"2,4,5"
2035,base,
2036,base,"2,3,1"
2037,base,"1,2,3"
2038,base,
2039,base,
2040,base,
2041,base,"3,1,4"
2042,base,"3,1,6"
2043,base,"3,1,6"
2044,base,
2045,base,
2046,base,"1,2,3"
2047,base,"1,3,4"
2048,base,
2049,base,"1,2,3"
2050,base,
2051,base,"2,3"
2052,base,"3,1,1"
2053,base,"1,2,5"
2054,base,"6,2"
2055,base,
2056,base,1
2057,base,"1,6,1"
2058,base,
2059,base,
2060,base,1
2061,base,"1,6"
2062,base,"2,5,4"
2063,base,
2064,base,
2065,base,"1,3,5"
2066,base,
2067,base,
2068,base,4
2069,base,3
2070,base,"3,5,4"
2071,base,"1,2,3"
2072,base,
2073,base,
2074,base,
2075,base,"5,2,3"
2076,base,3
2077,base,"1,1,6"
2078,base,
2079,base,"1,2,3"
2080,base,
2081,base,
2082,base,"1,2,4"
2083,base,"1,5,6"
2084,base,"1,2,3"
2085,base,
2086,base,"1,2,3"
2087,base,
2088,base,"1,4,5"
2089,base,"4,1,6"
2090,base,"1,2,3"
2091,base,"1,2,3"
2092,base,"4,5,2"
2093,base,
2094,base,"5,6,1"
2095,base,"4,6"
2096,base,"1,3,5"
2097,base,"1,5,6"
2098,base,1
2099,base,
2100,base,"1,2,4"
2101,base,
2102,base,
2103,base,"1,2,3"
2104,base,"5,2,5"
2105,base,"1,1,4"
2106,base,"2,3,6"
2107,base,
2108,base,"4,1"
2109,base,"1,1,1"
2110,base,
2111,base,"1,2,3"
2112,base,"2,5"
2113,base,
2114,base,"2,1,1"
2115,base,"3,2,5"
2116,base,
2117,base,
2118,base,"1,4,5"
2119,base,
2120,base,
2121,base,
2122,base,"3,4,6"
2123,base,"5,2,6"
2124,base,4
2125,base,"2,4,6"
2126,base,
2127,base,"1,2,3"
2128,base,
2129,base,"6,3,1"
2130,base,"3,1,2"
2131,base,"1,2,3"
2132,base,
2133,base,"1,1"
2134,base,"2,3,4"
2135,base,"4,2,2"
2136,base,"1,2,3"
2137,base,"3,3"
2138,base,"6,2,1"
2139,base,
2140,base,"4,5,5"
2141,base,"1,2,3"
2142,base,"1,6,5"
2143,base,3
2144,base,"2,3,4"
2145,base,"1,4"
2146,base,
2147,base,"1,6"
2148,base,
2149,base,"3,4,1"
2150,base,
2151,base,"4,5,6"
2152,base,"5,3,3"
2153,base,3
2154,base,"5,3"
2155,base,"2,5,6"
2156,base,"1,4,2"
2157,base,
2158,base,
2159,base,
2160,base,
2161,base,"4,1"
2162,base,"5,2,6"
2163,base,
2164,base,"1,6,1"
2165,base,"1,2,5"
2166,base,
2167,base,"1,5,6"
2168,base,"2,3,5"
2169,base,
2170,base,"1,3,2"
2171,base,
2172,base,"3,3"
2173,base,
2174,base,3
2175,base,"1,6"
2176,base,"1,2,3"
2177,base,"1,2,3"
2178,base,"1,6"
2179,base,
2180,base,
2181,base,"1,2,3"
2182,base,"1,2,3"
2183,base,"4,3"
2184,base,
2185,base,"3,6,1"
2186,base,"2,1,1"
2187,base,"1,2,3"
2188,base,"5,1,3"
2189,base,"3,2,6"
2190,base,
2191,base,
2192,base,"1,3"
2193,base,"1,5,5"
2194,base,"2,1,6"
2195,base,"1,2,3"
2196,base,
2197,base,
2198,base,"1,2,5"
2199,base,"1,4,6"
2200,base,"1,6,1"
2201,base,
2202,base,
2203,base,"3,1"
2204,base,"4,3,6"
2205,base,"1,2,6"
2206,base,"1,1,1"
2207,base,"3,2,1"
2208,base,"2,5"
2209,base,"1,2,3"
2210,base,"2,5,3"
2211,base,"1,2,3"
2212,base,
2213,base,"3,5,1"
2214,base,
2215,base,"3,2,5"
2216,base,
2217,base,"1,1,3"
2218,base,"1,2,3"
2219,base,"1,4,2"
2220,base,"2,4,5"
2221,base,"1,2,3"
2222,base,
2223,base,
2224,base,"3,6"
2225,base,"1,6,3"
2226,base,
2227,base,
2228,base,
2229,base,"1,2"
2230,base,
2231,base,
2232,base,
2233,base,
2234,base,"5,2,1"
2235,base,
2236,base,
2237,base,"6,4"
2238,base,
2239,base,
2240,base,
2241,base,
2242,base,
2243,base,
2244,base,"1,2,3"
2245,base,"1,2,3"
2246,base,"1,3,2"
2247,base,"2,4,5"
2248,base,
2249,base,"1,5,4"
2250,base,"1,2,3"
2251,base,"1,6,3"
2252,base,"1,2,4"
2253,base,"1,2,2"
2254,base,"4,5,2"
2255,base,
2256,base,
2257,base,
2258,base,
2259,base,"1,2,5"
2260,base,"1,2,3"
2261,base,
2262,base,"1,4,1"
2263,base,"1,2,3"
2264,base,6
2265,base,"2,4,5"
2266,base,3
2267,base,
2268,base,"3,1,3"
2269,base,"1,2,3"
2270,base,
2271,base,
2272,base,
2273,base,"1,6,1"
2274,base,"1,2,3"
2275,base,"1,5,6"
2276,base,
2277,base,"5,4,6"
2278,base,"2,3"
2279,base,
2280,base,"3,1"
2281,base,
2282,base,
2283,base,
2284,base,"1,2,3"
2285,base,"2,1,4"
2286,base,"1,2,3"
2287,base,"1,6,1"
2288,base,"3,6"
2289,base,
2290,base,"3,3"
2291,base,1
2292,base,"3,6"
2293,base,
2294,base,"1,3,6"
2295,base,
2296,base,
2297,base,
2298,base,
2299,base,"1,5,4"
2300,base,
2301,base,"1,2,3"
2302,base,"1,1,1"
2303,base,"1,2,3"
2304,base,"1,2,3"
2305,base,
2306,base,
2307,base,
2308,base,"3,6,2"
2309,base,
2310,base,"1,2,3"
2311,base,"1,2,3"
2312,base,"1,2,3"
2313,base,"1,2,3"
2314,base,
2315,base,"1,2,3"
2316,base,"3,4,1"
2317,base,"1,3,2"
2318,base,"4,1,4"
2319,base,"1,3,2"
2320,base,
2321,base,
2322,base,
2323,base,
2324,base,"1,2,3"
2325,base,
2326,base,"1,2,3"
2327,base,3
2328,base,
2329,base,
2330,base,
2331,base,"1,6"
2332,base,"1,2,3"
2333,base,
2334,base,
2335,base,
2336,base,
2337,base,
2338,base,3
2339,base,
2340,base,
2341,base,3
2342,base,
2343,base,
2344,base,"3,1,6"
2345,base,
2346,base,"1,3,4"
2347,base,
2348,base,"3,2,3"
2349,base,"3,1,1"
2350,base,
2351,base,"3,3"
2352,base,"4,2,2"
2353,base,
2354,base,"1,6"
2355,base,
2356,base,"1,1,1"
2357,base,
2358,base,
2359,base,"2,5,1"
2360,base,
2361,base,
2362,base,
2363,base,
2364,base,"1,5,3"
2365,base,"1,2,3"
2366,base,"3,6,3"
2367,base,
2368,base,
2369,base,
2370,base,
2371,base,"6,5,2"
2372,base,
2373,base,1
2374,base,
2375,base,"2,3,4"
2376,base,"1,2,3"
2377,base,"1,2,4"
2378,base,
2379,base,"1,2,5"
2380,base,"2,6,5"
2381,base,"1,3,6"
2382,base,"1,2,3"
2383,base,
2384,base,"2,5,6"
2385,base,
2386,base,
2387,base,"3,2,4"
2388,base,3
2389,base,
2390,base,
2391,base,
2392,base,
2393,base,
2394,base,
2395,base,"2,3,5"
2396,base,"1,6,2"
2397,base,
2398,base,"1,2,3"
2399,base,
2400,base,
2401,base,
2402,base,"1,6,1"
2403,base,
2404,base,"6,6,6"
2405,base,
2406,base,
2407,base,"4,6,3"
2408,base,3
2409,base,"1,2,3"
2410,base,
2411,base,
2412,base,"3,3,6"
2413,base,
2414,base,
2415,base,"1,6,5"
2416,base,3
2417,base,"4,6"
2418,base,"1,1,6"
2419,base,"1,2,3"
2420,base,
2421,base,"1,2,3"
2422,base,
2423,base,"1,5,4"
2424,base,"1,2,3"
2425,base,3
2426,base,"1,2,3"
2427,base,"1,2,3"
2428,base,
2429,base,
2430,base,
2431,base,
2432,base,
2433,base,
2434,base,"1,2,4"
2435,base,
2436,base,"1,3,2"
2437,base,
2438,base,"2,5,3"
2439,base,
2440,base,
2441,base,
2442,base,"1,2,3"
2443,base,
2444,base,
2445,base,
2446,base,
2447,base,3
2448,base,"3,2,3"
2449,base,
2450,base,"1,3,5"
2451,base,
2452,base,"1,5,6"
2453,base,
2454,base,"4,1,5"
2455,base,
2456,base,
2457,base,"2,6,2"
2458,base,
2459,base,"3,5,1"
2460,base,
2461,base,
2462,base,"1,1,1"
2463,base,1
2464,base,
2465,base,
2466,base,"2,3,4"
2467,base,
2468,base,"1,2,3"
2469,base,
2470,base,3
2471,base,
2472,base,
2473,base,
2474,base,
2475,base,"3,1,5"
2476,base,"1,4,2"
2477,base,"1,2,3"
2478,base,
2479,base,
2480,base,4
2481,base,
2482,base,
2483,base,"1,6,1"
2484,base,
2485,base,
2486,base,"2,3,4"
2487,base,
2488,base,
2489,base,"1,6,4"
2490,base,"1,2,3"
2491,base,"1,2,3"
2492,base,"1,2,3"
2493,base,3
2494,base,
2495,base,"2,5"
2496,base,"1,3,3"
2497,base,
2498,base,"3,6,4"
2499,base,"1,2,3"
2500,base,
2501,base,
2502,base,"4,3,5"
2503,base,
2504,base,
2505,base,3
2506,base,"1,2,4"
2507,base,"3,2,5"
2508,base,"2,6,3"
2509,base,
2510,base,
2511,base,
2512,base,
2513,base,"2,1,2"
2514,base,
2515,base,"1,5,1"
2516,base,"1,4,2"
2517,base,
2518,base,
2519,base,"1,6,1"
2520,base,"1,3,5"
2521,base,"2,3,4"
2522,base,"3,4,2"
2523,base,
2524,base,
2525,base,
2526,base,"2,1,6"
2527,base,
2528,base,"1,4,5"
2529,base,
2530,base,
2531,base,
2532,base,
2533,base,"2,3,5"
2534,base,4
2535,base,
2536,base,
2537,base,
2538,base,
2539,base,
2540,base,"3,1,5"
2541,base,"1,2,2"
2542,base,
2543,base,
2544,base,"1,2,5"
2545,base,"1,5,4"
2546,base,"4,1,1"
2547,base,"1,4,2"
2548,base,
2549,base,
2550,base,
2551,base,"2,1,3"
2552,base,"4,3,5"
2553,base,
2554,base,
2555,base,
2556,base,"1,2,3"
2557,base,"3,5"
2558,base,
2559,base,"1,2,3"
2560,base,"2,3,4"
2561,base,
2562,base,
2563,base,"6,1"
2564,base,
2565,base,
2566,base,"3,6,5"
2567,base,"1,3"
2568,base,
2569,base,
2570,base,
2571,base,"2,6,4"
2572,base,"1,5,1"
2573,base,
2574,base,
2575,base,
2576,base,
2577,base,"1,3,5"
2578,base,"1,2,4"
2579,base,"1,2,3"
2580,base,3
2581,base,
2582,base,
2583,base,"3,3,3"
2584,base,"1,2,6"
2585,base,3
2586,base,"6,2,1"
2587,base,"3,3,3"
2588,base,
2589,base,
2590,base,"1,2,3"
2591,base,
2592,base,"1,2,3"
2593,base,
2594,base,"1,2,3"
2595,base,
2596,base,"4,3,1"
2597,base,"1,1"
2598,base,"5,4,3"
2599,base,"1,2,4"
2600,base,"3,6,2"
2601,base,
2602,base,"1,5,2"
2603,base,"3,3,5"
2604,base,"3,3"
2605,base,"3,5"
2606,base,"3,6,2"
2607,base,"1,2,6"
2608,base,"1,2,3"
2609,base,
2610,base,
2611,base,"2,3,5"
2612,base,"1,4,2"
2613,base,"1,3,3"
2614,base,"1,2,3"
2615,base,
2616,base,
2617,base,"1,2,3"
2618,base,
2619,base,
2620,base,
2621,base,"5,1"
2622,base,"2,4,1"
2623,base,
2624,base,"4,5,4"
2625,base,"5,3"
2626,base,
2627,base,
2628,base,"3,1,6"
2629,base,"1,6"
2630,base,"1,6"
2631,base,"1,2,3"
2632,base,"1,2,3"
2633,base,"3,6"
2634,base,
2635,base,3
2636,base,"3,4,6"
2637,base,"1,2,2"
2638,base,
2639,base,"1,2,5"
2640,base,"1,2,3"
2641,base,"1,2,3"
2642,base,
2643,base,
2644,base,"1,5,3"
2645,base,
2646,base,3
2647,base,"1,3,4"
2648,base,"4,3,1"
2649,base,
2650,base,
2651,base,
2652,base,3
2653,base,
2654,base,"1,2,3"
2655,base,
2656,base,"3,4,5"
2657,base,"1,2,3"
2658,base,
2659,base,"3,4,5"
2660,base,"5,1,4"
2661,base,"2,4"
2662,base,
2663,base,"1,2,3"
2664,base,
2665,base,"3,2,5"
2666,base,"1,2,3"
2667,base,
2668,base,"1,5,1"
2669,base,"1,5,6"
2670,base,"1,2,4"
2671,base,"1,2,3"
2672,base,
2673,base,"6,1,3"
2674,base,"2,3"
2675,base,"3,1,6"
2676,base,
2677,base,
2678,base,
2679,base,
2680,base,"6,6,6"
2681,base,
2682,base,
2683,base,"1,2,3"
2684,base,"1,4,5"
2685,base,"2,4,5"
2686,base,
2687,base,
2688,base,
2689,base,
2690,base,
2691,base,3
2692,base,"1,2,5"
2693,base,"3,5,1"
2694,base,"5,1,2"
2695,base,"3,2"
2696,base,
2697,base,
2698,base,"3,6,3"
2699,base,
2700,base,"1,2,5"
2701,base,"1,2,3"
2702,base,
2703,base,"4,5,6"
2704,base,3
2705,base,"1,2,3"
2706,base,"3,1,2"
2707,base,
2708,base,"3,1,2"
2709,base,"6,3,2"
2710,base,1
2711,base,"1,3,5"
2712,base,"1,2,3"
2713,base,"1,2,3"
2714,base,"3,3,5"
2715,base,"1,3,5"
2716,base,"3,1,6"
2717,base,"3,1,6"
2718,base,"3,3,5"
2719,base,"4,5,5"
2720,base,"5,3,6"
2721,base,
2722,base,"1,2,4"
2723,base,
2724,base,
2725,base,
2726,base,
2727,base,"1,2,5"
2728,base,"1,2"
2729,base,
2730,base,
2731,base,
2732,base,"5,3,4"
2733,base,"3,1,3"
2734,base,"1,2,3"
2735,base,"3,6,1"
2736,base,
2737,base,
2738,base,"1,3,5"
2739,base,
2740,base,"6,3"
2741,base,"5,4"
2742,base,"1,2,3"
2743,base,"4,5,5"
2744,base,
2745,base,
2746,base,"3,5,3"
2747,base,
2748,base,
2749,base,"3,5,3"
2750,base,
2751,base,
2752,base,
2753,base,"6,3,5"
2754,base,"6,1"
2755,base,"3,1,3"
2756,base,"3,4,1"
2757,base,"1,6,1"
2758,base,
2759,base,"3,5,1"
2760,base,"1,2,3"
2761,base,
2762,base,"5,6,4"
2763,base,"1,2,3"
2764,base,
2765,base,"1,3,5"
2766,base,"1,4,3"
2767,base,
2768,base,"1,2,3"
2769,base,
2770,base,"3,5"
2771,base,"1,2,3"
2772,base,
2773,base,
2774,base,"3,1,2"
2775,base,
2776,base,
2777,base,
2778,base,
2779,base,
2780,base,"1,2,6"
2781,base,"1,6,3"
2782,base,"1,6"
2783,base,"3,2"
2784,base,
2785,base,
2786,base,"3,6,6"
2787,base,"1,2,3"
2788,base,"1,3,4"
2789,base,
2790,base,"2,4,3"
2791,base,
2792,base,"1,2,5"
2793,base,
2794,base,
2795,base,
2796,base,"2,1,5"
2797,base,
2798,base,"1,2,3"
2799,base,
2800,base,
2801,base,
2802,base,"1,2,3"
2803,base,"1,2,3"
2804,base,
2805,base,"3,6,5"
2806,base,
2807,base,
2808,base,"6,3"
2809,base,
2810,base,"1,4,5"
2811,base,3
2812,base,
2813,base,
2814,base,"2,4,6"
2815,base,"1,1,2"
2816,base,"1,2,5"
2817,base,
2818,base,
2819,base,"1,2,3"
2820,base,
2821,base,
2822,base,"1,6,3"
2823,base,
2824,base,"1,2,3"
2825,base,
2826,base,"4,6,2"
2827,base,"1,6,4"
2828,base,"1,2,3"
2829,base,"1,6,1"
2830,base,
2831,base,
2832,base,
2833,base,
2834,base,"5,1,5"
2835,base,
2836,base,"5,1,6"
2837,base,"1,2,3"
2838,base,"3,3,4"
2839,base,
2840,base,"3,4,5"
2841,base,"1,2,3"
2842,base,
2843,base,
2844,base,"2,3,1"
2845,base,
2846,base,"1,4,3"
2847,base,
2848,base,
2849,base,
2850,base,
2851,base,
2852,base,"1,2,4"
2853,base,
2854,base,"3,4,4"
2855,base,
2856,base,"3,6,4"
2857,base,"6,1,6"
2858,base,
2859,base,"3,2,2"
2860,base,
2861,base,"1,4,3"
2862,base,"1,2,3"
2863,base,"1,2,3"
2864,base,"2,5"
2865,base,1
2866,base,"1,2,3"
2867,base,3
2868,base,
2869,base,"1,2,4"
2870,base,"1,2,3"
2871,base,"1,3,4"
2872,base,
2873,base,
2874,base,"4,5"
2875,base,"1,3,5"
2876,base,
2877,base,"1,2,3"
2878,base,"1,2,5"
2879,base,"1,4,5"
2880,base,
2881,base,
2882,base,
2883,base,
2884,base,"1,2,3"
2885,base,"1,6,5"
2886,base,
2887,base,
2888,base,"1,2,3"
2889,base,
2890,base,"2,4,6"
2891,base,"2,3,1"
2892,base,"3,3,1"
2893,base,"1,3,2"
2894,base,
2895,base,"1,2,3"
2896,base,
2897,base,
2898,base,"1,6,3"
2899,base,"1,2,2"
2900,base,
2901,base,"1,2"
2902,base,"1,6,3"
2903,base,"1,6"
2904,base,"1,2,3"
2905,base,"4,3,4"
2906,base,"1,4,6"
2907,base,"4,3,4"
2908,base,
2909,base,"3,3,1"
2910,base,"1,2,3"
2911,base,"1,5,3"
2912,base,
2913,base,
2914,base,
2915,base,"1,2,3"
2916,base,"1,5,1"
2917,base,"1,2,3"
2918,base,
2919,base,
2920,base,"1,2,3"
2921,base,
2922,base,"1,1,6"
2923,base,
2924,base,
2925,base,"2,4,5"
2926,base,
2927,base,
2928,base,
2929,base,3
2930,base,1
2931,base,"1,2,3"
2932,base,
2933,base,
2934,base,
2935,base,"1,6"
2936,base,
2937,base,
2938,base,"1,2,3"
2939,base,
2940,base,
2941,base,"4,2,3"
2942,base,"1,2,3"
2943,base,
2944,base,
2945,base,"3,1,6"
2946,base,
2947,base,"4,5,1"
2948,base,"1,2,3"
2949,base,
2950,base,"4,4"
2951,base,"1,2,3"
2952,base,"1,6,1"
2953,base,
2954,base,"6,4"
2955,base,3
2956,base,"1,3,5"
2957,base,
2958,base,
2959,base,"3,4,5"
2960,base,
2961,base,
2962,base,"1,3,5"
2963,base,"2,3,1"
2964,base,"1,4,5"
2965,base,
2966,base,
2967,base,"1,2,3"
2968,base,
2969,base,"1,2,3"
2970,base,"5,1,4"
2971,base,"6,3,3"
2972,base,
2973,base,"4,5"
2974,base,
2975,base,"1,3,2"
2976,base,
2977,base,
2978,base,"3,1,3"
2979,base,6
2980,base,"1,2,3"
2981,base,
2982,base,"1,2,3"
2983,base,"1,1,3"
2984,base,
2985,base,"1,4,6"
2986,base,
2987,base,"1,1,2"
2988,base,"3,1,6"
2989,base,
2990,base,"1,2,3"
2991,base,
2992,base,"6,2,4"
2993,base,
2994,base,
2995,base,"3,3,5"
2996,base,
2997,base,"1,2,3"
2998,base,"1,2,2"
2999,base,
3000,base,
3001,base,"5,2,4"
3002,base,"1,2,3"
3003,base,"1,2,3"
3004,base,"3,5,4"
3005,base,"2,3,5"
3006,base,"2,3,5"
3007,base,"3,6"
3008,base,"6,3"
3009,base,"1,2,3"
3010,base,"4,3,5"
3011,base,
3012,base,
3013,base,"1,2,3"
3014,base,"1,3,5"
3015,base,"1,2,6"
3016,base,
3017,base,"1,2,4"
3018,base,
3019,base,"1,2,3"
3020,base,"3,4,3"
3021,base,2
3022,base,
3023,base,"1,2,3"
3024,base,"1,2,3"
3025,base,
3026,base,
3027,base,"2,6,3"
3028,base,
3029,base,
3030,base,"1,5,4"
3031,base,
3032,base,
3033,base,
3034,base,"3,1,2"
3035,base,"1,2,3"
3036,base,3
3037,base,"5,5,6"
3038,base,"2,5,4"
3039,base,"1,4,3"
3040,base,"1,3,5"
3041,base,
3042,base,"1,6,3"
3043,base,"2,5,6"
3044,base,"1,2,3"
3045,base,
3046,base,
3047,base,
3048,base,
3049,base,
3050,base,"1,2,3"
3051,base,
3052,base,
3053,base,
3054,base,
3055,base,"1,3,5"
3056,base,
3057,base,
3058,base,"5,3,3"
3059,base,"1,2,4"
3060,base,"6,1,6"
3061,base,"3,4,5"
3062,base,
3063,base,
3064,base,
3065,base,
3066,base,
3067,base,"1,2,3"
3068,base,
3069,base,
3070,base,"2,2,1"
3071,base,
3072,base,"1,2,2"
3073,base,
3074,base,
3075,base,
3076,base,"6,3,6"
3077,base,1
3078,base,
3079,base,
3080,base,"1,6,4"
3081,base,
3082,base,"1,3,4"
3083,base,"5,1,6"
3084,base,"3,5,1"
3085,base,"4,2,3"
3086,base,"1,2,3"
3087,base,"1,4,2"
3088,base,
3089,base,"1,6,2"
3090,base,"3,1,6"
3091,base,3
3092,base,
3093,base,
3094,base,"3,2"
3095,base,"1,2,3"
3096,base,"2,2,4"
3097,base,
3098,base,
3099,base,
3100,base,
3101,base,"6,6,6"
3102,base,4
3103,base,"3,1,2"
3104,base,
3105,base,"6,4,3"
3106,base,
3107,base,
3108,base,"6,4,4"
3109,base,"6,3,6"
3110,base,
3111,base,
3112,base,3
3113,base,"1,6"
3114,base,"1,5,3"
3115,base,
3116,base,
3117,base,
3118,base,"5,1,3"
3119,base,
3120,base,
3121,base,"1,2,3"
3122,base,"6,1,4"
3123,base,3
3124,base,"6,3,4"
3125,base,
3126,base,
3127,base,"1,2,3"
3128,base,"3,6,3"
3129,base,"1,2,3"
3130,base,"3,1,4"
3131,base,"1,2,3"
3132,base,"2,5,3"
3133,base,"1,3,3"
3134,base,
3135,base,
3136,base,
3137,base,6
3138,base,"5,3"
3139,base,3
3140,base,"1,2,3"
3141,base,
3142,base,"1,2,3"
3143,base,
3144,base,"2,2,3"
3145,base,
3146,base,"2,3"
3147,base,"1,2,3"
3148,base,"1,2,3"
3149,base,
3150,base,
3151,base,
3152,base,
3153,base,
3154,base,
3155,base,"1,6,3"
3156,base,"1,2,3"
3157,base,
3158,base,
3159,base,
3160,base,"1,5,4"
3161,base,"1,6"
3162,base,"6,1,3"
3163,base,
3164,base,"3,6,4"
3165,base,"1,2,3"
3166,base,"3,1,6"
3167,base,
3168,base,"1,6,3"
3169,base,"5,6,2"
3170,base,
3171,base,"4,3"
3172,base,
3173,base,
3174,base,
3175,base,"1,2,3"
3176,base,"3,4,6"
3177,base,"1,2,3"
3178,base,"1,6,2"
3179,base,
3180,base,
3181,base,
3182,base,
3183,base,
3184,base,
3185,base,"3,4,2"
3186,base,
3187,base,
3188,base,"3,6,4"
3189,base,"1,4,5"
3190,base,"4,1"
3191,base,"1,3,5"
3192,base,
3193,base,"4,2,5"
3194,base,
3195,base,
3196,base,
3197,base,"3,4,6"
3198,base,
3199,base,
3200,base,
3201,base,"2,3,5"
3202,base,
3203,base,
3204,base,
3205,base,"5,4"
3206,base,
3207,base,"1,3,2"
3208,base,
3209,base,"1,3,4"
3210,base,"1,2,6"
3211,base,"2,2,2"
3212,base,
3213,base,
3214,base,
3215,base,"3,5,1"
3216,base,"5,6"
3217,base,1
3218,base,"1,2,3"
3219,base,"1,2,6"
3220,base,
3221,base,"1,3"
3222,base,"3,1,2"
3223,base,"1,2,3"
3224,base,"1,2,3"
3225,base,"1,2,3"
3226,base,"6,4,3"
3227,base,"5,3"
3228,base,"1,2,6"
3229,base,"1,2,3"
3230,base,
3231,base,"3,5"
3232,base,"1,3,6"
3233,base,"1,2,6"
3234,base,
3235,base,"1,2,1"
3236,base,"2,1,2"
3237,base,"3,1,6"
3238,base,"3,2,5"
3239,base,"2,5,5"
3240,base,
3241,base,
3242,base,
3243,base,
3244,base,
3245,base,
3246,base,"1,2,3"
3247,base,"1,2,3"
3248,base,"5,2,4"
3249,base,
3250,base,"2,1,3"
3251,base,
3252,base,
3253,base,"1,3,4"
3254,base,"1,1,3"
3255,base,"2,5,4"
3256,base,
3257,base,"1,3"
3258,base,"1,2,3"
3259,base,
3260,base,"2,4,1"
3261,base,"2,4,5"
3262,base,"1,2,3"
3263,base,"1,4,4"
3264,base,
3265,base,"3,3,1"
3266,base,
3267,base,3
3268,base,"1,2,3"
3269,base,
3270,base,"1,2,3"
3271,base,"6,3"
3272,base,
3273,base,"2,4,5"
3274,base,
3275,base,
3276,base,3
3277,base,3
3278,base,"2,5"
3279,base,
3280,base,"3,3,6"
3281,base,"1,2,3"
3282,base,
3283,base,"1,2,3"
3284,base,
3285,base,"1,2,3"
3286,base,"6,5,4"
3287,base,
3288,base,"1,2,3"
3289,base,"1,4,1"
3290,base,
3291,base,"1,3,5"
3292,base,
3293,base,
3294,base,
3295,base,
3296,base,
3297,base,
3298,base,"1,3"
3299,base,"1,2,3"
3300,base,"2,2,2"
3301,base,
3302,base,1
3303,base,1
3304,base,"1,2,3"
3305,base,
3306,base,
3307,base,
3308,base,"2,4,3"
3309,base,"3,5"
3310,base,
3311,base,"1,2,3"
3312,base,"1,2,3"
3313,base,
3314,base,"3,1,3"
3315,base,
3316,base,"2,4,5"
3317,base,
3318,base,"6,5,3"
3319,base,"1,2,6"
3320,base,"1,2,3"
3321,base,"1,2,6"
3322,base,
3323,base,"1,2,3"
3324,base,"1,2,4"
3325,base,
3326,base,"6,2"
3327,base,
3328,base,"3,3,1"
3329,base,"3,2,3"
3330,base,"4,6,2"
3331,base,"2,5,4"
3332,base,
3333,base,
3334,base,"2,4,6"
3335,base,"4,2,2"
3336,base,"1,2,4"
3337,base,"1,2,3"
3338,base,"5,4,5"
3339,base,"5,4"
3340,base,
3341,base,
3342,base,
3343,base,
3344,base,
3345,base,"2,2,1"
3346,base,"1,2,3"
3347,base,
3348,base,"6,3,2"
3349,base,"1,2,3"
3350,base,"3,4,4"
3351,base,"1,6,1"
3352,base,"1,1,1"
3353,base,"1,6,1"
3354,base,
3355,base,
3356,base,"3,5,3"
3357,base,"2,4,3"
3358,base,"1,2,4"
3359,base,
3360,base,
3361,base,
3362,base,
3363,base,"1,4,3"
3364,base,
3365,base,
3366,base,"6,5,1"
3367,base,"1,2,3"
3368,base,"2,1,2"
3369,base,"6,3,2"
3370,base,"1,4,4"
3371,base,"5,2,1"
3372,base,"1,1,3"
3373,base,
3374,base,
3375,base,"1,3,1"
3376,base,"1,1,2"
3377,base,
3378,base,
3379,base,6
3380,base,
3381,base,"1,1,6"
3382,base,
3383,base,
3384,base,"2,3,1"
3385,base,"1,2,3"
3386,base,"1,3,4"
3387,base,"4,5,6"
3388,base,
3389,base,
3390,base,"1,4,6"
3391,base,"4,5,3"
3392,base,"4,1,5"
3393,base,
3394,base,"1,1,5"
3395,base,
3396,base,"4,1,4"
3397,base,"1,2"
3398,base,"2,5,1"
3399,base,"1,3,4"
3400,base,
3401,base,"1,1,4"
3402,base,"1,2,3"
3403,base,"1,2,3"
3404,base,
3405,base,
3406,base,"1,2,3"
3407,base,"6,5,4"
3408,base,"6,3,5"
3409,base,
3410,base,"6,1"
3411,base,"1,2,3"
3412,base,"4,5,1"
3413,base,"1,2,6"
3414,base,"1,2,3"
3415,base,
3416,base,"1,2,3"
3417,base,"3,4,1"
3418,base,6
3419,base,"2,5,6"
3420,base,"2,2,1"
3421,base,
3422,base,"1,2,3"
3423,base,"1,2,3"
3424,base,"1,1,2"
3425,base,
3426,base,"5,5,1"
3427,base,
3428,base,"1,2,3"
3429,base,
3430,base,
3431,base,
3432,base,"3,5,6"
3433,base,
3434,base,
3435,base,
3436,base,"1,2,5"
3437,base,
3438,base,"3,1,5"
3439,base,
3440,base,"1,2,3"
3441,base,3
3442,base,"1,2"
3443,base,"1,2,3"
3444,base,
3445,base,
3446,base,
3447,base,"1,2,3"
3448,base,
3449,base,"1,2,6"
3450,base,
3451,base,"3,1,6"
3452,base,
3453,base,
3454,base,"5,2,6"
3455,base,
3456,base,
3457,base,"5,1,3"
3458,base,
3459,base,"3,5,1"
3460,base,
3461,base,"1,2,3"
3462,base,"3,1"
3463,base,"1,2,5"
3464,base,"4,2,4"
3465,base,
3466,base,"3,5,4"
3467,base,
3468,base,"1,1,1"
3469,base,"1,4,2"
3470,base,
3471,base,"3,1,1"
3472,base,
3473,base,
3474,base,"1,6"
3475,base,
3476,base,"3,4,5"
3477,base,"1,4,5"
3478,base,
3479,base,"1,2,3"
3480,base,"3,4"
3481,base,"1,6,3"
3482,base,"1,2,3"
3483,base,"1,2,3"
3484,base,
3485,base,"1,3,6"
3486,base,"5,6"
3487,base,
3488,base,
3489,base,"1,4,2"
3490,base,
3491,base,"1,2,3"
3492,base,
3493,base,
3494,base,
3495,base,
3496,base,
3497,base,"1,2,3"
3498,base,"1,3,3"
3499,base,
3500,base,
3501,base,"3,6,2"
3502,base,
3503,base,"1,3,2"
3504,base,
3505,base,"1,2,3"
3506,base,
3507,base,
3508,base,"1,2,3"
3509,base,"3,1,3"
3510,base,"1,3,5"
3511,base,"1,6"
3512,base,"4,1,3"
3513,base,
3514,base,"1,6,2"
3515,base,"3,2,6"
3516,base,"4,5,6"
3517,base,"1,2,3"
3518,base,"4,2,3"
3519,base,6
3520,base,
3521,base,3
3522,base,"6,3,3"
3523,base,"1,5,3"
3524,base,"3,3,3"
3525,base,"1,3,5"
3526,base,
3527,base,"1,2,3"
3528,base,"1,2,3"
3529,base,"1,2,3"
3530,base,"2,4,1"
3531,base,"4,5,6"
3532,base,
3533,base,"1,2,3"
3534,base,
3535,base,"1,4,6"
3536,base,"1,3,6"
3537,base,1
3538,base,
3539,base,"1,5,2"
3540,base,"1,2,3"
3541,base,
3542,base,"2,3,2"
3543,base,
3544,base,
3545,base,"5,3,6"
3546,base,
3547,base,"5,1,2"
3548,base,"2,3,5"
3549,base,"1,6,3"
3550,base,
3551,base,"5,2"
3552,base,"1,4,3"
3553,base,
3554,base,"1,2,2"
3555,base,
3556,base,
3557,base,"2,1,3"
3558,base,"3,3,1"
3559,base,2
3560,base,
3561,base,"1,2,3"
3562,base,
3563,base,
3564,base,
3565,base,"1,1,3"
3566,base,
3567,base,
3568,base,"3,1,5"
3569,base,
3570,base,6
3571,base,
3572,base,"2,3,6"
3573,base,"1,2,3"
3574,base,"5,1,5"
3575,base,"1,2,3"
3576,base,"1,6,3"
3577,base,
3578,base,"1,2,3"
3579,base,"1,2,3"
3580,base,"1,2,3"
3581,base,
3582,base,"6,1,6"
3583,base,"3,1,3"
3584,base,"2,1,3"
3585,base,"1,2,2"
3586,base,3
3587,base,
3588,base,"5,3,3"
3589,base,
3590,base,
3591,base,"1,2,3"
3592,base,"3,6,4"
3593,base,"1,2,1"
3594,base,
3595,base,"1,2,3"
3596,base,"1,2,3"
3597,base,"3,1,6"
3598,base,"1,6,3"
3599,base,"1,2,3"
3600,base,
3601,base,"3,2,1"
3602,base,"1,2,6"
3603,base,"1,5,1"
3604,base,"2,5,4"
3605,base,
3606,base,"5,3,4"
3607,base,"6,4,5"
3608,base,
3609,base,"1,2,3"
3610,base,"1,3,6"
3611,base,
3612,base,
3613,base,
3614,base,"1,3,4"
3615,base,
3616,base,"3,1,6"
3617,base,"2,4"
3618,base,"2,2,6"
3619,base,"1,4,6"
3620,base,
3621,base,"1,5,1"
3622,base,"1,4,5"
3623,base,
3624,base,"1,5,4"
3625,base,
3626,base,"3,5,3"
3627,base,
3628,base,
3629,base,"1,2,3"
3630,base,"1,2,3"
3631,base,
3632,base,"2,4"
3633,base,"1,2,5"
3634,base,"2,1,3"
3635,base,"1,2,3"
3636,base,
3637,base,
3638,base,
3639,base,
3640,base,
3641,base,3
3642,base,"1,2,3"
3643,base,"4,3,6"
3644,base,
3645,base,"4,1"
3646,base,
3647,base,"1,6,3"
3648,base,"3,1,2"
3649,base,"1,2,3"
3650,base,
3651,base,"2,3,5"
3652,base,
3653,base,
3654,base,"1,6,1"
3655,base,
3656,base,
3657,base,
3658,base,
3659,base,"1,2,3"
3660,base,"1,2,5"
3661,base,"3,5,1"
3662,base,
3663,base,
3664,base,"1,3,6"
3665,base,
3666,base,"2,3,5"
3667,base,
3668,base,
3669,base,
3670,base,"1,2,3"
3671,base,"1,6,2"
3672,base,"4,3,2"
3673,base,"1,3,5"
3674,base,"1,3,2"
3675,base,"1,6,5"
3676,base,"4,3,5"
3677,base,"1,2,3"
3678,base,
3679,base,"1,2,5"
3680,base,
3681,base,"1,2,5"
3682,base,"1,5,6"
3683,base,
3684,base,"1,6,2"
3685,base,"1,3,2"
3686,base,"1,5,3"
3687,base,
3688,base,
3689,base,"1,2,3"
3690,base,"4,5,3"
3691,base,"1,2,3"
3692,base,
3693,base,"1,2,5"
3694,base,"3,1,6"
3695,base,"1,3,5"
3696,base,
3697,base,"3,4,5"
3698,base,
3699,base,
3700,base,"1,2,5"
3701,base,"1,2,3"
3702,base,"1,2,3"
3703,base,
3704,base,
3705,base,
3706,base,
3707,base,
3708,base,
3709,base,
3710,base,6
3711,base,
3712,base,"3,1,6"
3713,base,
3714,base,"1,3,4"
3715,base,"1,1,3"
3716,base,
3717,base,
3718,base,"1,2,3"
3719,base,"1,1,6"
3720,base,
3721,base,"3,5,3"
3722,base,
3723,base,
3724,base,
3725,base,
3726,base,
3727,base,
3728,base,
3729,base,"3,4,6"
3730,base,"1,3,6"
3731,base,
3732,base,"1,2,3"
3733,base,
3734,base,"3,6,1"
3735,base,
3736,base,"1,2,3"
3737,base,
3738,base,
3739,base,"3,1,6"
3740,base,
3741,base,
3742,base,"1,2,5"
3743,base,"1,2,3"
3744,base,
3745,base,
3746,base,
3747,base,"3,2,4"
3748,base,
3749,base,"1,2,3"
3750,base,
3751,base,"1,6"
3752,base,"4,2,3"
3753,base,"1,2,2"
3754,base,"5,3,5"
3755,base,3
3756,base,"4,3,5"
3757,base,"1,4,3"
3758,base,"2,3,5"
3759,base,
3760,base,
3761,base,
3762,base,"1,1,1"
3763,base,
3764,base,"1,2"
3765,base,"1,2,3"
3766,base,
3767,base,"1,2,5"
3768,base,
3769,base,"1,3,2"
3770,base,
3771,base,
3772,base,"3,4,4"
3773,base,"1,6,1"
3774,base,
3775,base,"1,2,3"
3776,base,"2,5,4"
3777,base,"3,3,1"
3778,base,
3779,base,"3,1,6"
3780,base,"4,2"
3781,base,
3782,base,"1,6"
3783,base,"2,1,2"
3784,base,"1,2,3"
3785,base,1
3786,base,
3787,base,"1,4,5"
3788,base,
3789,base,
3790,base,
3791,base,"2,2"
3792,base,
3793,base,"4,1,4"
3794,base,
3795,base,
3796,base,
3797,base,
3798,base,"1,2,3"
3799,base,"1,6"
3800,base,"1,5,4"
3801,base,"1,2,6"
3802,base,
3803,base,
3804,base,
3805,base,"2,3"
3806,base,"3,1,6"
3807,base,
3808,base,
3809,base,"1,2,3"
3810,base,
3811,base,"3,2,3"
3812,base,
3813,base,"4,1,2"
3814,base,"1,3,5"
3815,base,
3816,base,
3817,base,
3818,base,"1,3,5"
3819,base,"2,5,1"
3820,base,"1,2,5"
3821,base,"1,2,3"
3822,base,
3823,base,"3,6,1"
3824,base,"1,2,3"
3825,base,3
3826,base,
3827,base,
3828,base,
3829,base,
3830,base,"1,3,2"
3831,base,"1,5,6"
3832,base,"4,2,2"
3833,base,
3834,base,
3835,base,"1,6,4"
3836,base,"1,2,5"
3837,base,
3838,base,"4,2,1"
3839,base,
3840,base,"4,4"
3841,base,"1,2,3"
3842,base,"1,2,3"
3843,base,"3,5,1"
3844,base,
3845,base,"4,5,4"
3846,base,"6,1,6"
3847,base,"1,2,4"
3848,base,"1,6,1"
3849,base,"3,1,3"
3850,base,"1,5,6"
3851,base,"1,2,5"
3852,base,
3853,base,
3854,base,"1,2,3"
3855,base,
3856,base,
3857,base,
3858,base,"2,2"
3859,base,"1,2,3"
3860,base,"3,6,2"
3861,base,4
3862,base,
3863,base,"1,2,3"
3864,base,"1,2,3"
3865,base,"1,5,4"
3866,base,"1,2,3"
3867,base,"1,1,1"
3868,base,
3869,base,"4,2,4"
3870,base,
3871,base,3
3872,base,"1,2,3"
3873,base,"1,2,6"
3874,base,"1,2,3"
3875,base,
3876,base,
3877,base,"4,4"
3878,base,
3879,base,"1,2,3"
3880,base,"1,2,3"
3881,base,
3882,base,"1,2,3"
3883,base,"1,2,3"
3884,base,
3885,base,"1,6,2"
3886,base,"1,3,4"
3887,base,
3888,base,
3889,base,"2,3,5"
3890,base,
3891,base,"1,3,4"
3892,base,
3893,base,
3894,base,"3,1,1"
3895,base,
3896,base,"1,6,1"
3897,base,
3898,base,"1,5"
3899,base,"4,5,1"
3900,base,
3901,base,
3902,base,"1,2,3"
3903,base,
3904,base,
3905,base,
3906,base,
3907,base,
3908,base,"1,4,2"
3909,base,"3,6,6"
3910,base,
3911,base,
3912,base,"6,3,5"
3913,base,"3,3,3"
3914,base,
3915,base,
3916,base,
3917,base,"1,2,3"
3918,base,"1,2,3"
3919,base,
3920,base,
3921,base,"4,2,4"
3922,base,
3923,base,"4,5,6"
3924,base,"1,2,3"
3925,base,
3926,base,
3927,base,
3928,base,"2,1,3"
3929,base,
3930,base,"3,1"
3931,base,"1,2,3"
3932,base,"1,3,2"
3933,base,"3,1,6"
3934,base,
3935,base,"1,2,3"
3936,base,
3937,base,"1,4,6"
3938,base,"1,2,3"
3939,base,"1,6"
3940,base,
3941,base,"1,2,3"
3942,base,"1,2,1"
3943,base,
3944,base,
3945,base,
3946,base,
3947,base,
3948,base,"1,2,1"
3949,base,
3950,base,"1,6"
3951,base,
3952,base,"1,5,6"
3953,base,"1,4,5"
3954,base,
3955,base,"1,2,6"
3956,base,"6,3,2"
3957,base,"2,3,5"
3958,base,
3959,base,
3960,base,
3961,base,"1,4,5"
3962,base,
3963,base,"1,2,3"
3964,base,"6,4,3"
3965,base,"1,3,5"
3966,base,"4,3,6"
3967,base,
3968,base,
3969,base,"4,5,5"
3970,base,"1,6"
3971,base,
3972,base,"6,3"
3973,base,"2,3,4"
3974,base,
3975,base,
3976,base,"1,2,3"
3977,base,"1,2,3"
3978,base,"4,6,3"
3979,base,"1,6"
3980,base,
3981,base,
3982,base,
3983,base,
3984,base,"2,4,6"
3985,base,
3986,base,"1,2,3"
3987,base,"2,1,6"
3988,base,
3989,base,"1,2,3"
3990,base,
3991,base,"1,5,1"
3992,base,
3993,base,"1,6"
3994,base,
3995,base,"1,3,5"
3996,base,"1,2,3"
3997,base,"6,5,4"
3998,base,"1,2,5"
3999,base,"2,3,1"
4000,base,"3,1,2"
4001,base,"5,4"
4002,base,
4003,base,"1,6,2"
4004,base,"3,4,5"
4005,base,
4006,base,
4007,base,
4008,base,1
4009,base,"1,2,3"
4010,base,"1,2,3"
4011,base,"5,1,1"
4012,base,"1,2,3"
4013,base,"1,2,3"
4014,base,
4015,base,6
4016,base,"1,2,3"
4017,base,
4018,base,"5,2,3"
4019,base,"1,2,3"
4020,base,3
4021,base,"3,2"
4022,base,
4023,base,"1,6,1"
4024,base,"2,3,6"
4025,base,
4026,base,"1,2,3"
4027,base,
4028,base,
4029,base,"1,6"
4030,base,"3,5,1"
4031,base,"2,5"
4032,base,"1,6"
4033,base,"5,2,3"
4034,base,
4035,base,"1,2,3"
4036,base,
4037,base,
4038,base,"1,2,3"
4039,base,"1,2,5"
4040,base,
4041,base,"1,1,1"
4042,base,
4043,base,"2,3,4"
4044,base,"1,2,6"
4045,base,"2,3"
4046,base,"5,4,3"
4047,base,
4048,base,
4049,base,"5,1,2"
4050,base,
4051,base,6
4052,base,
4053,base,"1,2,3"
4054,base,"3,1,2"
4055,base,
4056,base,"1,3,4"
4057,base,
4058,base,"1,2,3"
4059,base,"1,2,3"
4060,base,
4061,base,"4,3,4"
4062,base,"1,2,4"
4063,base,
4064,base,
4065,base,
4066,base,"1,2,3"
4067,base,"6,6,6"
4068,base,
4069,base,"1,1,2"
4070,base,
4071,base,"4,6,1"
4072,base,"1,4,2"
4073,base,
4074,base,"1,4,5"
4075,base,"1,3,5"
4076,base,"3,2,1"
4077,base,"1,5,4"
4078,base,"6,1"
4079,base,"3,5,1"
4080,base,
4081,base,
4082,base,
4083,base,
4084,base,
4085,base,"1,2,3"
4086,base,
4087,base,"1,6"
4088,base,"5,6,1"
4089,base,
4090,base,
4091,base,5
4092,base,"1,1,6"
4093,base,6
4094,base,"1,3,2"
4095,base,"5,5,1"
4096,base,1
4097,base,"1,2,3"
4098,base,
4099,base,"1,3,5"
4100,base,
4101,base,1
4102,base,
4103,base,
4104,base,
4105,base,"1,2,3"
4106,base,"1,2,3"
4107,base,
4108,base,
4109,base,
4110,base,"1,2,3"
4111,base,
4112,base,
4113,base,3
4114,base,"3,4,5"
4115,base,"6,1,3"
4116,base,
4117,base,"3,4,4"
4118,base,
4119,base,"1,5,3"
4120,base,
4121,base,"1,2,3"
4122,base,
4123,base,
4124,base,"1,2,3"
4125,base,
4126,base,"2,4,5"
4127,base,"1,5,6"
4128,base,"2,6,1"
4129,base,"5,3,5"
4130,base,3
4131,base,
4132,base,"5,5,6"
4133,base,"1,6,3"
4134,base,"1,2,3"
4135,base,"1,2,3"
4136,base,
4137,base,
4138,base,
4139,base,"3,5,2"
4140,base,
4141,base,
4142,base,
4143,base,"1,2,3"
4144,base,"1,6"
4145,base,"2,3,6"
4146,base,"5,5,5"
4147,base,"3,2,1"
4148,base,
4149,base,"1,2,6"
4150,base,
4151,base,
4152,base,
4153,base,
4154,base,"2,5,6"
4155,base,"3,2,6"
4156,base,
4157,base,
4158,base,"1,3,6"
4159,base,"4,2,2"
4160,base,"1,3,2"
4161,base,"1,6,2"
4162,base,"1,3,2"
4163,base,
4164,base,"4,5,2"
4165,base,"3,1,6"
4166,base,"1,2,3"
4167,base,"1,2,3"
4168,base,"1,4,3"
4169,base,
4170,base,"3,4,2"
4171,base,
4172,base,5
4173,base,"3,1,6"
4174,base,
4175,base,
4176,base,
4177,base,
4178,base,"1,2,3"
4179,base,"3,3,5"
4180,base,
4181,base,
4182,base,
4183,base,
4184,base,
4185,base,
4186,base,
4187,base,
4188,base,"1,2,3"
4189,base,"5,2,2"
4190,base,"2,1,2"
4191,base,
4192,base,"3,4,1"
4193,base,"2,1,5"
4194,base,
4195,base,"3,6"
4196,base,
4197,base,
4198,base,"1,2,3"
4199,base,"3,4,5"
4200,base,"1,2,3"
4201,base,"1,2,3"
4202,base,"3,1,5"
4203,base,"1,2,3"
4204,base,"1,5,4"
4205,base,"1,2,3"
4206,base,
4207,base,"2,5,1"
4208,base,"1,2,3"
4209,base,
4210,base,"1,2,3"
4211,base,"1,2,3"
4212,base,
4213,base,
4214,base,"1,5,3"
4215,base,
4216,base,
4217,base,"1,2,4"
4218,base,"1,3,5"
4219,base,
4220,base,
4221,base,"2,5,6"
4222,base,"1,1,2"
4223,base,"1,2,4"
4224,base,
4225,base,"2,6,2"
4226,base,
4227,base,2
4228,base,"2,1,6"
4229,base,"1,6,2"
4230,base,"5,4,3"
4231,base,
4232,base,"2,5,5"
4233,base,"2,3,5"
4234,base,"3,3,1"
4235,base,"1,4,1"
4236,base,"1,5,2"
4237,base,"1,5,4"
4238,base,"1,2,3"
4239,base,"1,3,4"
4240,base,"1,2,3"
4241,base,
4242,base,
4243,base,
4244,base,
4245,base,"4,5,3"
4246,base,"1,2,3"
4247,base,"5,1,5"
4248,base,"1,4,6"
4249,base,
4250,base,"1,4,3"
4251,base,
4252,base,"2,5,5"
4253,base,
4254,base,"1,2,3"
4255,base,
4256,base,5
4257,base,"1,2,4"
4258,base,"1,2,3"
4259,base,"1,1,6"
4260,base,
4261,base,
4262,base,
4263,base,
4264,base,"5,3,1"
4265,base,"1,2,3"
4266,base,"3,1,6"
4267,base,
4268,base,"1,2,6"
4269,base,"2,5,1"
4270,base,"6,5,5"
4271,base,"3,1"
4272,base,
4273,base,"1,4,2"
4274,base,
4275,base,"1,2,3"
4276,base,"1,2,5"
4277,base,"1,3,4"
4278,base,
4279,base,
4280,base,5
4281,base,"1,2,3"
4282,base,"1,6,1"
4283,base,"1,2,3"
4284,base,"1,2,3"
4285,base,
4286,base,"1,3,4"
4287,base,
4288,base,
4289,base,"1,2,3"
4290,base,"6,6,1"
4291,base,
4292,base,
4293,base,"2,4,1"
4294,base,"1,2,3"
4295,base,
4296,base,"6,1,5"
4297,base,
4298,base,"1,2,3"
4299,base,
4300,base,
4301,base,
4302,base,"1,6"
4303,base,
4304,base,
4305,base,
4306,base,
4307,base,
4308,base,
4309,base,"1,3,2"
4310,base,3
4311,base,
4312,base,
4313,base,
4314,base,"6,3"
4315,base,3
4316,base,3
4317,base,"1,2,3"
4318,base,
4319,base,"1,2,4"
4320,base,"1,2,6"
4321,base,
4322,base,"1,3,2"
4323,base,
4324,base,
4325,base,
4326,base,"1,6"
4327,base,
4328,base,"1,2,3"
4329,base,"2,5,1"
4330,base,"1,2,3"
4331,base,"5,3,2"
4332,base,"1,2,4"
4333,base,
4334,base,
4335,base,"1,2,4"
4336,base,"3,6,1"
4337,base,
4338,base,"6,2,4"
4339,base,"1,1,2"
4340,base,"1,5,3"
4341,base,3
4342,base,"1,5,3"
4343,base,"1,6,5"
4344,base,"1,5,6"
4345,base,"2,3,5"
4346,base,"1,4,5"
4347,base,"4,2,5"
4348,base,"1,2,3"
4349,base,
4350,base,
4351,base,"1,3,4"
4352,base,
4353,base,
4354,base,"6,2,3"
4355,base,
4356,base,
4357,base,"2,3,2"
4358,base,6
4359,base,"2,5,3"
4360,base,"1,2,3"
4361,base,"3,1,6"
4362,base,"3,3"
4363,base,"1,2,3"
4364,base,"1,1,6"
4365,base,"2,3,5"
4366,base,
4367,base,
4368,base,"1,6,2"
4369,base,
4370,base,"3,6,2"
4371,base,"3,1"
4372,base,
4373,base,"3,1,1"
4374,base,"6,1"
4375,base,
4376,base,
4377,base,"3,5,4"
4378,base,"1,2,3"
4379,base,"1,5,1"
4380,base,"1,5,6"
4381,base,
4382,base,
4383,base,"3,5,4"
4384,base,"2,3,5"
4385,base,
4386,base,
4387,base,"2,2,2"
4388,base,"5,6,2"
4389,base,
4390,base,
4391,base,
4392,base,3
4393,base,"1,2"
4394,base,"3,5,3"
4395,base,
4396,base,"2,3,2"
4397,base,
4398,base,
4399,base,"1,3,3"
4400,base,"3,1,6"
4401,base,"2,5,3"
4402,base,"1,2,5"
4403,base,"5,3,1"
4404,base,"1,6,3"
4405,base,
4406,base,1
4407,base,"4,2,5"
4408,base,
4409,base,
4410,base,3
4411,base,"2,4,6"
4412,base,"4,5,6"
4413,base,"3,1,1"
4414,base,"1,6"
4415,base,"4,2,1"
4416,base,
4417,base,
4418,base,3
4419,base,"6,4,5"
4420,base,
4421,base,
4422,base,"1,2,3"
4423,base,
4424,base,"3,2"
4425,base,"1,1"
4426,base,"1,3,5"
4427,base,"3,3"
4428,base,"2,3,5"
4429,base,"1,2,6"
4430,base,"4,5,2"
4431,base,
4432,base,
4433,base,"1,1"
4434,base,"2,5,2"
4435,base,"2,5,3"
4436,base,
4437,base,"3,1"
4438,base,"1,2,3"
4439,base,
4440,base,"6,1,3"
4441,base,"1,2,3"
4442,base,"4,6,3"
4443,base,
4444,base,"1,5,6"
4445,base,
4446,base,
4447,base,"5,2,6"
4448,base,"1,2,3"
4449,base,"1,6,3"
4450,base,"1,2,3"
4451,base,"3,1,6"
4452,base,"1,6,1"
4453,base,
4454,base,
4455,base,
4456,base,
4457,base,"1,2,4"
4458,base,1
4459,base,"1,2,3"
4460,base,
4461,base,"1,2,3"
4462,base,
4463,base,
4464,base,"2,3,1"
4465,base,
4466,base,"1,6"
4467,base,
4468,base,
4469,base,"6,5,6"
4470,base,
4471,base,"1,2,3"
4472,base,
4473,base,
4474,base,"3,3,1"
4475,base,"1,2,3"
4476,base,
4477,base,"1,2,3"
4478,base,6
4479,base,
4480,base,"1,1,3"
4481,base,"1,2,5"
4482,base,"1,2,3"
4483,base,"1,2,3"
4484,base,"1,2,3"
4485,base,
4486,base,"3,6,1"
4487,base,
4488,base,
4489,base,
4490,base,
4491,base,"1,2,5"
4492,base,"1,3,5"
4493,base,
4494,base,"1,6,3"
4495,base,"3,3,6"
4496,base,
4497,base,"1,2,3"
4498,base,"3,1,1"
4499,base,6
4500,base,"1,2,3"
4501,base,
4502,base,
4503,base,
4504,base,"3,1,6"
4505,base,
4506,base,"1,2,3"
4507,base,"6,6,6"
4508,base,
4509,base,
4510,base,
4511,base,
4512,base,
4513,base,3
4514,base,"1,6"
4515,base,
4516,base,"1,2,3"
4517,base,"5,5,4"
4518,base,
4519,base,
4520,base,"3,4,5"
4521,base,"3,1,5"
4522,base,
4523,base,"4,3,2"
4524,base,"1,6,3"
4525,base,"3,6,2"
4526,base,3
4527,base,
4528,base,
4529,base,"3,1"
4530,base,"1,2,3"
4531,base,"1,2,3"
4532,base,
4533,base,
4534,base,"2,3,4"
4535,base,
4536,base,3
4537,base,"3,5,6"
4538,base,
4539,base,
4540,base,"1,3,4"
4541,base,
4542,base,"1,2,3"
4543,base,
4544,base,
4545,base,"1,2,3"
4546,base,
4547,base,"3,3,3"
4548,base,
4549,base,
4550,base,"1,2,3"
4551,base,
4552,base,"1,2,6"
4553,base,
4554,base,"1,2,4"
4555,base,"1,6"
4556,base,
4557,base,
4558,base,3
4559,base,"3,1"
4560,base,"3,5,6"
4561,base,
4562,base,"2,1,4"
4563,base,
4564,base,
4565,base,
4566,base,
4567,base,"1,6,3"
4568,base,
4569,base,"1,2,4"
4570,base,"3,5,6"
4571,base,
4572,base,"1,2,3"
4573,base,
4574,base,"1,6,4"
4575,base,"1,2,3"
4576,base,"3,2,1"
4577,base,"5,3,6"
4578,base,"1,2,3"
4579,base,"3,2,1"
4580,base,
4581,base,"1,2,3"
4582,base,"1,1,3"
4583,base,
4584,base,
4585,base,"6,1,6"
4586,base,"1,2,3"
4587,base,
4588,base,
4589,base,
4590,base,"1,3,5"
4591,base,"1,2,3"
4592,base,"3,4,5"
4593,base,"1,3,5"
4594,base,
4595,base,
4596,base,
4597,base,"1,4,6"
4598,base,
4599,base,
4600,base,"1,2,3"
4601,base,
4602,base,"3,6"
4603,base,
4604,base,"1,6"
4605,base,
4606,base,
4607,base,3
4608,base,"3,1,4"
4609,base,
4610,base,"1,2,3"
4611,base,"5,5,2"
4612,base,
4613,base,"1,6"
4614,base,
4615,base,"3,2,1"
4616,base,"1,2,3"
4617,base,
4618,base,
4619,base,
4620,base,"3,4,5"
4621,base,
4622,base,
4623,base,"3,1,6"
4624,base,
4625,base,"1,2,3"
4626,base,"1,2,3"
4627,base,3
4628,base,"1,3,5"
4629,base,
4630,base,"3,1,4"
4631,base,
4632,base,
4633,base,
4634,base,
4635,base,
4636,base,
4637,base,"1,2,3"
4638,base,
4639,base,"3,1,6"
4640,base,"6,4,6"
4641,base,
4642,base,"1,2,3"
4643,base,"3,1,6"
4644,base,"1,2,3"
4645,base,
4646,base,"3,1,5"
4647,base,"1,2,3"
4648,base,
4649,base,
4650,base,"1,2,3"
4651,base,
4652,base,
4653,base,"1,3,5"
4654,base,
4655,base,1
4656,base,"1,2,3"
4657,base,
4658,base,"2,6,4"
4659,base,
4660,base,"1,3,4"
4661,base,"1,2,5"
4662,base,"6,1,3"
4663,base,5
4664,base,"2,3,3"
4665,base,"1,6,1"
4666,base,"1,2,3"
4667,base,
4668,base,"1,2,3"
4669,base,"2,2,3"
4670,base,"1,2,5"
4671,base,
4672,base,"3,2,1"
4673,base,"1,5"
4674,base,
4675,base,"1,2,3"
4676,base,"1,6,2"
4677,base,"1,4,5"
4678,base,
4679,base,"3,5,4"
4680,base,"1,2,3"
4681,base,"3,5,2"
4682,base,"2,4,1"
4683,base,
4684,base,"3,4,5"
4685,base,"1,2,3"
4686,base,"1,2,3"
4687,base,"2,4,6"
4688,base,"1,2,3"
4689,base,
4690,base,
4691,base,"3,1,5"
4692,base,
4693,base,"1,2,3"
4694,base,
4695,base,4
4696,base,"1,3,6"
4697,base,"1,2,3"
4698,base,"1,3,1"
4699,base,
4700,base,"1,2,3"
4701,base,"3,3,3"
4702,base,"3,1,6"
4703,base,"1,2,3"
4704,base,"1,6,2"
4705,base,"3,1"
4706,base,"1,2,3"
4707,base,"3,2,5"
4708,base,"1,2,4"
4709,base,
4710,base,"6,4,1"
4711,base,
4712,base,"2,3,1"
4713,base,"3,2,1"
4714,base,
4715,base,
4716,base,"1,2,3"
4717,base,"1,2,3"
4718,base,"1,2,3"
4719,base,
4720,base,"6,2,3"
4721,base,"2,4,3"
4722,base,
4723,base,
4724,base,
4725,base,
4726,base,
4727,base,
4728,base,
4729,base,
4730,base,"1,2,3"
4731,base,"4,1"
4732,base,"1,2,3"
4733,base,"1,5,2"
4734,base,"3,6,4"
4735,base,
4736,base,
4737,base,"2,1,2"
4738,base,"1,2,3"
4739,base,"1,2,4"
4740,base,"1,2,3"
4741,base,"1,2,3"
4742,base,"1,4,3"
4743,base,
4744,base,"3,6,1"
4745,base,"2,1,6"
4746,base,"2,3"
4747,base,
4748,base,
4749,base,"3,1,6"
4750,base,"1,3,4"
4751,base,
4752,base,"2,5,6"
4753,base,
4754,base,3
4755,base,
4756,base,
4757,base,
4758,base,"1,4,5"
4759,base,"1,5,6"
4760,base,"1,4,5"
4761,base,
4762,base,
4763,base,"1,2,4"
4764,base,"1,2,3"
4765,base,
4766,base,"1,3,6"
4767,base,1
4768,base,"1,3,5"
4769,base,
4770,base,
4771,base,
4772,base,"2,3,4"
4773,base,"2,5,5"
4774,base,
4775,base,
4776,base,"5,3,4"
4777,base,"1,2,3"
4778,base,
4779,base,
4780,base,
4781,base,"1,2,3"
4782,base,"3,2,3"
4783,base,
4784,base,
4785,base,"1,2,2"
4786,base,
4787,base,3
4788,base,
4789,base,"1,4,6"
4790,base,"3,4,5"
4791,base,"1,3,2"
4792,base,"1,2,3"
4793,base,"1,1,4"
4794,base,
4795,base,
4796,base,
4797,base,"4,2,3"
4798,base,
4799,base,"1,2,3"
4800,base,3
4801,base,6
4802,base,"1,3,1"
4803,base,
4804,base,"1,2,3"
4805,base,"2,5,4"
4806,base,"1,2,3"
4807,base,
4808,base,"1,1,1"
4809,base,
4810,base,"1,2,5"
4811,base,
4812,base,
4813,base,
4814,base,
4815,base,"1,4,4"
4816,base,"1,2,3"
4817,base,"3,4,5"
4818,base,
4819,base,"1,3,2"
4820,base,"6,4,1"
4821,base,"2,5,5"
4822,base,"1,5"
4823,base,"3,1"
4824,base,"6,4,2"
4825,base,"1,1"
4826,base,"1,2,3"
4827,base,"1,2,3"
4828,base,
4829,base,"3,2,5"
4830,base,"1,2,3"
4831,base,
4832,base,"3,5,1"
4833,base,"2,3"
4834,base,"3,1,6"
4835,base,"1,2,4"
4836,base,"6,1,2"
4837,base,
4838,base,"2,4,3"
4839,base,
4840,base,"2,1,1"
4841,base,
4842,base,"3,1,5"
4843,base,"1,2,5"
4844,base,
4845,base,
4846,base,"2,4,6"
4847,base,
4848,base,
4849,base,
4850,base,
4851,base,
4852,base,
4853,base,3
4854,base,"1,2,2"
4855,base,4
4856,base,"1,1,1"
4857,base,"1,2,3"
4858,base,"1,6,2"
4859,base,"1,6,1"
4860,base,
4861,base,
4862,base,
4863,base,"1,6,1"
4864,base,"4,4,3"
4865,base,
4866,base,
4867,base,
4868,base,"1,5"
4869,base,
4870,base,"3,1,3"
4871,base,"4,3"
4872,base,"5,6,3"
4873,base,
4874,base,
4875,base,
4876,base,"1,2,3"
4877,base,"6,1,4"
4878,base,
4879,base,"3,4,5"
4880,base,
4881,base,"1,1,1"
4882,base,"3,1,6"
4883,base,"1,2,3"
4884,base,"1,2,3"
4885,base,"4,2,3"
4886,base,"3,1,2"
4887,base,
4888,base,"1,3,5"
4889,base,"1,4,1"
4890,base,"5,2,2"
4891,base,
4892,base,
4893,base,
4894,base,
4895,base,"1,2,3"
4896,base,"1,4,6"
4897,base,"1,2,3"
4898,base,"1,2,3"
4899,base,"1,6"
4900,base,"3,2,6"
4901,base,"3,1,4"
4902,base,
4903,base,
4904,base,"1,2,3"
4905,base,"1,6"
4906,base,"1,5,2"
4907,base,3
4908,base,"2,6,6"
4909,base,"6,1,6"
4910,base,
4911,base,"1,2,3"
4912,base,"4,5,1"
4913,base,
4914,base,"1,3,6"
4915,base,"1,6"
4916,base,"3,1,3"
4917,base,"1,2,3"
4918,base,"1,2,3"
4919,base,"6,5,2"
4920,base,"1,1,6"
4921,base,"3,6"
4922,base,
4923,base,"1,2,3"
4924,base,"2,3"
4925,base,
4926,base,"3,1,2"
4927,base,"1,2,1"
4928,base,"2,3,5"
4929,base,
4930,base,
4931,base,
4932,base,"1,2,3"
4933,base,"1,3,5"
4934,base,
4935,base,"3,5,3"
4936,base,
4937,base,"1,2,4"
4938,base,"1,6,1"
4939,base,"3,1,2"
4940,base,"1,2,3"
4941,base,
4942,base,"2,4,5"
4943,base,"1,6,2"
4944,base,
4945,base,"3,3"
4946,base,
4947,base,
4948,base,
4949,base,"1,5,3"
4950,base,"1,3,2"
4951,base,
4952,base,"1,3"
4953,base,"1,2,3"
4954,base,"1,1"
4955,base,"1,2,4"
4956,base,
4957,base,
4958,base,"3,5,1"
4959,base,
4960,base,"3,4,2"
4961,base,
4962,base,"3,1,1"
4963,base,"1,3,5"
4964,base,2
4965,base,
4966,base,"1,2,4"
4967,base,"1,2,3"
4968,base,
4969,base,
4970,base,"2,3,5"
4971,base,"1,2,3"
4972,base,"1,2,3"
4973,base,
4974,base,
4975,base,
4976,base,
4977,base,"1,2,4"
4978,base,
4979,base,
4980,base,
4981,base,"4,2,3"
4982,base,4
4983,base,"2,1"
4984,base,
4985,base,
4986,base,
4987,base,
4988,base,
4989,base,"3,3"
4990,base,
4991,base,"5,2,1"
4992,base,
4993,base,
4994,base,
4995,base,"2,1,3"
4996,base,"1,3,5"
4997,base,
4998,base,
4999,base,
5000,base,
5001,base,
5002,base,"1,2,3"
5003,base,"1,2,3"
5004,base,"6,3,2"
5005,base,"2,6,5"
5006,base,"1,3,4"
5007,base,"6,3,3"
5008,base,"1,3,2"
5009,base,
5010,base,
5011,base,"2,5,2"
5012,base,"1,2,3"
5013,base,"2,2,2"
5014,base,"3,1,6"
5015,base,"1,2,3"
5016,base,"1,3,4"
5017,base,"3,1,6"
5018,base,
5019,base,
5020,base,"4,2"
5021,base,"1,6,1"
5022,base,"3,4,3"
5023,base,
5024,base,
5025,base,
5026,base,"1,2,3"
5027,base,
5028,base,"1,6,3"
5029,base,
5030,base,"3,4,5"
5031,base,
5032,base,
5033,base,"1,3,2"
5034,base,
5035,base,"4,3,6"
5036,base,"1,2,4"
5037,base,"1,2,3"
5038,base,"5,1,2"
5039,base,
5040,base,
5041,base,
5042,base,
5043,base,"1,2,3"
5044,base,"1,4,6"
5045,base,"3,4,6"
5046,base,"1,2,3"
5047,base,
5048,base,"1,2,1"
5049,base,
5050,base,"1,2,3"
5051,base,
5052,base,"1,6"
5053,base,"1,5,2"
5054,base,"3,1,6"
5055,base,
5056,base,
5057,base,
5058,base,"6,2,5"
5059,base,
5060,base,"5,2"
5061,base,"1,2,3"
5062,base,"1,3,5"
5063,base,"2,2,1"
5064,base,"1,2,3"
5065,base,
5066,base,"3,1,2"
5067,base,"1,5,2"
5068,base,"4,6,3"
5069,base,"2,3,5"
5070,base,
5071,base,
5072,base,
5073,base,
5074,base,
5075,base,
5076,base,"2,1,2"
5077,base,
5078,base,
5079,base,
5080,base,
5081,base,
5082,base,3
5083,base,3
5084,base,
5085,base,
5086,base,3
5087,base,"1,2,3"
5088,base,"3,4,1"
5089,base,
5090,base,"6,3,3"
5091,base,
5092,base,"1,3,4"
5093,base,
5094,base,"2,1,6"
5095,base,
5096,base,
5097,base,
5098,base,"5,3"
5099,base,
5100,base,"2,5"
5101,base,"1,6,5"
5102,base,"6,5,2"
5103,base,"2,2,5"
5104,base,
5105,base,
5106,base,
5107,base,
5108,base,
5109,base,
5110,base,"1,4,3"
5111,base,"6,5,3"
5112,base,"1,1,3"
5113,base,
5114,base,"1,2,3"
5115,base,"3,5,3"
5116,base,
5117,base,
5118,base,"5,2,2"
5119,base,"1,3,5"
5120,base,
5121,base,
5122,base,"1,2,3"
5123,base,"2,5,3"
5124,base,"1,3"
5125,base,"1,2,3"
5126,base,"1,2,3"
5127,base,"1,2,3"
5128,base,"3,2,4"
5129,base,"1,2,3"
5130,base,
5131,base,"2,4,2"
5132,base,
5133,base,"3,4,5"
5134,base,"2,3"
5135,base,"1,2,2"
5136,base,"2,3,4"
5137,base,
5138,base,"1,4,6"
5139,base,
5140,base,
5141,base,
5142,base,"1,5,2"
5143,base,
5144,base,
5145,base,
5146,base,
5147,base,"1,4,4"
5148,base,"1,1,3"
5149,base,
5150,base,
5151,base,
5152,base,
5153,base,"3,3"
5154,base,
5155,base,"2,6,3"
5156,base,
5157,base,
5158,base,1
5159,base,"3,3,5"
5160,base,"4,5,2"
5161,base,
5162,base,"2,6,2"
5163,base,"4,5,6"
5164,base,"1,2,3"
5165,base,
5166,base,"1,2,2"
5167,base,
5168,base,"6,1,2"
5169,base,
5170,base,
5171,base,"1,3,5"
5172,base,"1,2,3"
5173,base,"3,1,6"
5174,base,
5175,base,"1,2,6"
5176,base,"1,6,1"
5177,base,3
5178,base,"1,6"
5179,base,"1,6"
5180,base,3
5181,base,
5182,base,"1,6,1"
5183,base,"1,2,3"
5184,base,"1,2,3"
5185,base,6
5186,base,"1,2,3"
5187,base,
5188,base,"4,2,5"
5189,base,"4,6,2"
5190,base,
5191,base,"2,2,2"
5192,base,"1,2,3"
5193,base,"1,5,6"
5194,base,"1,2,3"
5195,base,"5,1,6"
5196,base,
5197,base,
5198,base,"1,3,5"
5199,base,"1,6,5"
5200,base,"5,6,1"
5201,base,
5202,base,
5203,base,
5204,base,
5205,base,"4,2,6"
5206,base,"1,4,3"
5207,base,"1,6,2"
5208,base,
5209,base,
5210,base,"1,2,3"
5211,base,
5212,base,"3,1,6"
5213,base,"1,1,3"
5214,base,"3,1,2"
5215,base,
5216,base,
5217,base,"4,5,4"
5218,base,"1,1,3"
5219,base,"2,4,6"
5220,base,"5,5,6"
5221,base,"3,5"
5222,base,"1,6,3"
5223,base,"3,3,3"
5224,base,"1,5,2"
5225,base,"1,2,5"
5226,base,
5227,base,"1,3,1"
5228,base,"1,2,3"
5229,base,"1,2,5"
5230,base,"1,6"
5231,base,"1,2,3"
5232,base,"1,3,6"
5233,base,
5234,base,"1,2,3"
5235,base,"1,6"
5236,base,"1,2,4"
5237,base,"2,1,2"
5238,base,
5239,base,
5240,base,3
5241,base,"1,4,5"
5242,base,
5243,base,
5244,base,
5245,base,
5246,base,"1,3,5"
5247,base,"3,6,1"
5248,base,"1,4,2"
5249,base,"1,2,3"
5250,base,
5251,base,
5252,base,"6,2,4"
5253,base,"1,6,3"
5254,base,
5255,base,
5256,base,"1,6,1"
5257,base,
5258,base,"3,1,4"
5259,base,
5260,base,"6,6,6"
5261,base,
5262,base,"1,4,2"
5263,base,"1,3,5"
5264,base,
5265,base,"1,2,3"
5266,base,"6,4,2"
5267,base,
5268,base,3
5269,base,"1,2,4"
5270,base,
5271,base,"1,2,3"
5272,base,"2,5,3"
5273,base,
5274,base,"1,3"
5275,base,"1,2,3"
5276,base,"1,5,2"
5277,base,
5278,base,"1,2,3"
5279,base,"2,4,6"
5280,base,"3,1,6"
5281,base,
5282,base,"6,3,1"
5283,base,"1,2,3"
5284,base,"1,2,3"
5285,base,"6,4,6"
5286,base,
5287,base,
5288,base,
5289,base,
5290,base,
5291,base,"1,3,2"
5292,base,"1,2,3"
5293,base,"1,2,3"
5294,base,"1,3,6"
5295,base,"3,1,1"
5296,base,
5297,base,"3,3"
5298,base,"1,3"
5299,base,
5300,base,
5301,base,"1,3,2"
5302,base,"1,5,6"
5303,base,"1,2,3"
5304,base,"3,2,4"
5305,base,"3,3,3"
5306,base,"1,2,3"
5307,base,
5308,base,
5309,base,"1,2,4"
5310,base,
5311,base,"1,2,3"
5312,base,
5313,base,
5314,base,
5315,base,
5316,base,
5317,base,"1,2,3"
5318,base,"1,2,3"
5319,base,"1,5,3"
5320,base,
5321,base,"1,6,6"
5322,base,"5,1,1"
5323,base,"1,2,3"
5324,base,3
5325,base,"1,2,3"
5326,base,
5327,base,
5328,base,"1,2,3"
5329,base,
5330,base,
5331,base,"3,1,6"
5332,base,"1,3,4"
5333,base,
5334,base,"3,4"
5335,base,
5336,base,
5337,base,
5338,base,"2,5,6"
5339,base,
5340,base,"1,2,3"
5341,base,"2,5"
5342,base,"1,2,3"
5343,base,"1,6"
5344,base,
5345,base,"1,2,3"
5346,base,"1,5"
5347,base,
5348,base,"1,2,3"
5349,base,"1,6"
5350,base,
5351,base,
5352,base,"1,2,3"
5353,base,
5354,base,"5,6,1"
5355,base,"1,2,4"
5356,base,
5357,base,
5358,base,"5,3,6"
5359,base,
5360,base,"6,2,3"
5361,base,
5362,base,"3,4,5"
5363,base,"5,4,4"
5364,base,
5365,base,"1,6,3"
5366,base,"3,1,3"
5367,base,3
5368,base,
5369,base,"1,3,5"
5370,base,3
5371,base,"1,2,3"
5372,base,"3,4,5"
5373,base,5
5374,base,
5375,base,"1,5,2"
5376,base,"1,2,3"
5377,base,"5,1,5"
5378,base,
5379,base,
5380,base,"1,6,1"
5381,base,"1,2,3"
5382,base,
5383,base,
5384,base,
5385,base,
5386,base,1
5387,base,
5388,base,"6,3,1"
5389,base,"2,3,4"
5390,base,"1,3"
5391,base,
5392,base,
5393,base,"1,3,1"
5394,base,"1,2,3"
5395,base,
5396,base,"2,2"
5397,base,
5398,base,"1,6,2"
5399,base,"1,2,3"
5400,base,"3,2,5"
5401,base,
5402,base,"3,1"
5403,base,
5404,base,
5405,base,
5406,base,
5407,base,"4,5"
5408,base,
5409,base,"4,3,2"
5410,base,"1,2,6"
5411,base,
5412,base,"1,2,3"
5413,base,"1,2,3"
5414,base,
5415,base,"1,2,3"
5416,base,"3,2,4"
5417,base,
5418,base,
5419,base,
5420,base,"3,2,5"
5421,base,
5422,base,"1,6,1"
5423,base,"1,2,3"
5424,base,
5425,base,
5426,base,"1,2,5"
5427,base,
5428,base,"1,6"
5429,base,"3,4,5"
5430,base,"1,5,3"
5431,base,"3,3"
5432,base,"6,6"
5433,base,3
5434,base,"2,6,4"
5435,base,"1,4,2"
5436,base,
5437,base,"3,5,1"
5438,base,"4,3,3"
5439,base,
5440,base,"1,6"
5441,base,
5442,base,"1,4,5"
5443,base,
5444,base,"1,2,5"
5445,base,"1,2,4"
5446,base,
5447,base,"1,5,4"
5448,base,"1,2,3"
5449,base,"1,2,3"
5450,base,"2,5,6"
5451,base,
5452,base,"1,1,3"
5453,base,"1,2,3"
5454,base,"3,4,5"
5455,base,
5456,base,"6,5,4"
5457,base,
5458,base,"3,1"
5459,base,3
5460,base,
5461,base,"1,2,3"
5462,base,
5463,base,
5464,base,"1,2"
5465,base,"1,5,4"
5466,base,"2,3,5"
5467,base,"2,4,1"
5468,base,
5469,base,"1,6"
5470,base,4
5471,base,"1,2,3"
5472,base,
5473,base,
5474,base,"3,1,6"
5475,base,"1,2,3"
5476,base,
5477,base,
5478,base,
5479,base,
5480,base,"1,2,3"
5481,base,4
5482,base,
5483,base,"1,2,3"
5484,base,"1,3,5"
5485,base,
5486,base,
5487,base,
5488,base,"6,3"
5489,base,
5490,base,
5491,base,"1,4,6"
5492,base,
5493,base,
5494,base,
5495,base,
5496,base,
5497,base,"1,1,6"
5498,base,
5499,base,
5500,base,"3,1,6"
5501,base,"5,2"
5502,base,"1,4,2"
5503,base,"1,2,3"
5504,base,
5505,base,"5,2,3"
5506,base,
5507,base,
5508,base,
5509,base,"3,3"
5510,base,"1,5,6"
5511,base,"3,5,4"
5512,base,"1,5,2"
5513,base,"1,4,6"
5514,base,"1,3,3"
5515,base,"1,2,3"
5516,base,"5,6,3"
5517,base,"3,3,1"
5518,base,"2,4,5"
5519,base,"1,5,3"
5520,base,
5521,base,"1,2,5"
5522,base,
5523,base,"4,1,1"
5524,base,"1,2,3"
5525,base,
5526,base,"6,3,3"
5527,base,"1,6,5"
5528,base,6
5529,base,"2,4,2"
5530,base,"5,1,2"
5531,base,
5532,base,"1,2,3"
5533,base,2
5534,base,
5535,base,"1,2,3"
5536,base,"3,1,3"
5537,base,
5538,base,
5539,base,
5540,base,
5541,base,
5542,base,
5543,base,
5544,base,
5545,base,"3,4,5"
5546,base,"1,2,6"
5547,base,
5548,base,"1,2,3"
5549,base,
5550,base,"5,3"
5551,base,
5552,base,
5553,base,
5554,base,3
5555,base,
5556,base,"1,6,1"
5557,base,
5558,base,"3,5,3"
5559,base,
5560,base,"5,1,4"
5561,base,"1,6,6"
5562,base,
5563,base,"1,4,3"
5564,base,"1,2,3"
5565,base,
5566,base,"5,4,3"
5567,base,"6,3,2"
5568,base,
5569,base,
5570,base,"1,4,5"
5571,base,"5,3,4"
5572,base,"1,5,3"
5573,base,"3,1,6"
5574,base,
5575,base,"1,2,3"
5576,base,"1,5,2"
5577,base,
5578,base,"1,5,3"
5579,base,"3,6,4"
5580,base,"4,5,6"
5581,base,
5582,base,"2,2,3"
5583,base,5
5584,base,
5585,base,"1,2,3"
5586,base,"3,5,2"
5587,base,
5588,base,
5589,base,
5590,base,"3,3,4"
5591,base,3
5592,base,
5593,base,
5594,base,
5595,base,
5596,base,"1,2,3"
5597,base,
5598,base,
5599,base,
5600,base,
5601,base,"1,2,3"
5602,base,"1,2,3"
5603,base,"1,2,3"
5604,base,1
5605,base,"2,4,6"
5606,base,"1,2,3"
5607,base,"1,2,3"
5608,base,"1,5,2"
5609,base,"1,2,3"
5610,base,"1,5,6"
5611,base,"2,3,6"
5612,base,"3,3,1"
5613,base,3
5614,base,
5615,base,
5616,base,"1,2,3"
5617,base,
5618,base,
5619,base,
5620,base,
5621,base,"1,3,2"
5622,base,"3,4"
5623,base,
5624,base,
5625,base,
5626,base,"3,1,4"
5627,base,
5628,base,
5629,base,
5630,base,"3,5,5"
5631,base,"1,2,3"
5632,base,"3,6,1"
5633,base,
5634,base,"5,1,3"
5635,base,
5636,base,"1,2,3"
5637,base,
5638,base,"1,2,3"
5639,base,"1,2,3"
5640,base,"2,4,5"
5641,base,"3,2,1"
5642,base,
5643,base,
5644,base,
5645,base,"1,3,3"
5646,base,"2,5,1"
5647,base,"3,1,4"
5648,base,"5,2,3"
5649,base,
5650,base,"6,2,3"
5651,base,
5652,base,"1,4"
5653,base,"2,2"
5654,base,
5655,base,"3,1,6"
5656,base,
5657,base,"1,2,3"
5658,base,
5659,base,"5,4,4"
5660,base,
5661,base,"1,2,6"
5662,base,
5663,base,
5664,base,"1,1,6"
5665,base,
5666,base,"3,1,6"
5667,base,"3,5,6"
5668,base,"4,2"
5669,base,"5,2,2"
5670,base,
5671,base,"1,2,3"
5672,base,"1,2,6"
5673,base,"1,2,3"
5674,base,1
5675,base,
5676,base,"1,3,1"
5677,base,
5678,base,
5679,base,"1,3,4"
5680,base,
5681,base,"1,2,3"
5682,base,"4,5,3"
5683,base,"2,1,2"
5684,base,"3,2,6"
5685,base,
5686,base,"4,3,2"
5687,base,"1,3,1"
5688,base,"2,4,3"
5689,base,
5690,base,
5691,base,
5692,base,
5693,base,
5694,base,
5695,base,
5696,base,
5697,base,3
5698,base,
5699,base,"2,5,1"
5700,base,2
5701,base,"1,6,3"
5702,base,"1,3,5"
5703,base,
5704,base,"1,2,3"
5705,base,"6,2,1"
5706,base,"1,2,3"
5707,base,
5708,base,"5,3"
5709,base,"4,2"
5710,base,"6,2,4"
5711,base,"1,2,3"
5712,base,
5713,base,
5714,base,"1,2,3"
5715,base,
5716,base,
5717,base,"1,3,5"
5718,base,"1,3,5"
5719,base,"1,2,3"
5720,base,
5721,base,
5722,base,"1,2,3"
5723,base,
5724,base,"1,2,3"
5725,base,
5726,base,
5727,base,"5,5,3"
5728,base,"1,3,4"
5729,base,
5730,base,
5731,base,"1,2,6"
5732,base,
5733,base,
5734,base,"1,2,3"
5735,base,"5,2,6"
5736,base,"3,3,3"
5737,base,"6,1"
5738,base,"2,2,5"
5739,base,"3,5,1"
5740,base,"1,2,3"
5741,base,
5742,base,
5743,base,"1,2,3"
5744,base,"3,4,3"
5745,base,
5746,base,
5747,base,
5748,base,"1,2,3"
5749,base,
5750,base,"1,2,3"
5751,base,"3,1,2"
5752,base,
5753,base,"1,2,3"
5754,base,"3,3,4"
5755,base,
5756,base,"1,2,3"
5757,base,
5758,base,
5759,base,
5760,base,
5761,base,
5762,base,"3,1,3"
5763,base,"2,6,1"
5764,base,
5765,base,
5766,base,"1,2,3"
5767,base,"3,3"
5768,base,
5769,base,"1,3,4"
5770,base,
5771,base,
5772,base,"4,2,5"
5773,base,
5774,base,"1,6,3"
5775,base,"1,3,6"
5776,base,"4,5,3"
5777,base,
5778,base,
5779,base,"3,5,2"
5780,base,
5781,base,"1,2,3"
5782,base,"1,2,3"
5783,base,
5784,base,"1,2,3"
5785,base,
5786,base,"2,3,2"
5787,base,"1,4"
5788,base,"3,2,5"
5789,base,"1,6"
5790,base,
5791,base,"1,2,3"
5792,base,"2,3,2"
5793,base,
5794,base,"1,2,3"
5795,base,
5796,base,"2,6"
5797,base,
5798,base,
5799,base,"2,2,1"
5800,base,"1,2,3"
5801,base,1
5802,base,
5803,base,
5804,base,"1,3,6"
5805,base,"3,3,1"
5806,base,"1,2,3"
5807,base,
5808,base,"3,2,3"
5809,base,"6,4,4"
5810,base,"1,4,6"
5811,base,
5812,base,"1,2,3"
5813,base,"1,3"
5814,base,"3,1,1"
5815,base,
5816,base,
5817,base,
5818,base,
5819,base,
5820,base,"3,5,6"
5821,base,
5822,base,
5823,base,"1,2,3"
5824,base,
5825,base,"1,5,3"
5826,base,"3,6"
5827,base,"1,2,3"
5828,base,
5829,base,
5830,base,"1,2,4"
5831,base,"1,2,3"
5832,base,
5833,base,
5834,base,"1,2,6"
5835,base,"1,2,3"
5836,base,
5837,base,"4,1,3"
5838,base,"1,1,5"
5839,base,"1,2,5"
5840,base,
5841,base,"1,6,4"
5842,base,
5843,base,
5844,base,
5845,base,"1,2,3"
5846,base,"3,4,1"
5847,base,
5848,base,
5849,base,
5850,base,"3,5,1"
5851,base,
5852,base,"1,4,2"
5853,base,
5854,base,5
5855,base,"6,3"
5856,base,
5857,base,"1,6,1"
5858,base,
5859,base,"1,6,3"
5860,base,
5861,base,
5862,base,
5863,base,"3,1,6"
5864,base,"1,2,3"
5865,base,"3,1,4"
5866,base,
5867,base,"6,1,1"
5868,base,"3,3,3"
5869,base,
5870,base,"1,2,3"
5871,base,"1,2,3"
5872,base,
5873,base,6
5874,base,
5875,base,"5,6,2"
5876,base,"1,1,6"
5877,base,"1,2,3"
5878,base,"1,2,3"
5879,base,"5,3,1"
5880,base,"1,4,6"
5881,base,"5,3,2"
5882,base,"2,1,6"
5883,base,"1,2,3"
5884,base,
5885,base,"3,1,6"
5886,base,"1,5,1"
5887,base,
5888,base,
5889,base,
5890,base,
5891,base,
5892,base,
5893,base,"5,3,4"
5894,base,"6,4,6"
5895,base,
5896,base,"1,2,3"
5897,base,"1,2,4"
5898,base,"1,4,2"
5899,base,"1,4,3"
5900,base,6
5901,base,
5902,base,"3,1"
5903,base,"1,6,3"
5904,base,"1,2,3"
5905,base,
5906,base,"2,5"
5907,base,"1,2,5"
5908,base,"1,5,5"
5909,base,
5910,base,"3,6,4"
5911,base,
5912,base,"1,4,6"
5913,base,
5914,base,"1,2,3"
5915,base,"3,2,4"
5916,base,"3,5,1"
5917,base,"1,5,6"
5918,base,"3,6,1"
5919,base,"1,6"
5920,base,
5921,base,"6,3,1"
5922,base,"1,5,6"
5923,base,"1,2,4"
5924,base,
5925,base,
5926,base,"2,5,4"
5927,base,"3,4,1"
5928,base,"3,5,2"
5929,base,
5930,base,
5931,base,
5932,base,
5933,base,
5934,base,"1,2,3"
5935,base,"1,2,3"
5936,base,"2,1,2"
5937,base,"1,3,5"
5938,base,"1,2,3"
5939,base,
5940,base,"1,3,5"
5941,base,
5942,base,
5943,base,"2,2,2"
5944,base,"1,6"
5945,base,"1,6,1"
5946,base,
5947,base,
5948,base,"1,2,3"
5949,base,"1,6,1"
5950,base,5
5951,base,"1,4,6"
5952,base,"1,2,3"
5953,base,
5954,base,"2,2,3"
5955,base,"1,2,3"
5956,base,
5957,base,
5958,base,"1,2,3"
5959,base,"1,3,1"
5960,base,"1,2,3"
5961,base,"3,4,6"
5962,base,
5963,base,"1,2,3"
5964,base,"6,3,3"
5965,base,"1,5,3"
5966,base,
5967,base,"1,2,3"
5968,base,
5969,base,"3,3"
5970,base,
5971,base,"3,5,3"
5972,base,
5973,base,
5974,base,"1,2,3"
5975,base,"1,2,3"
5976,base,"1,4,1"
5977,base,"6,5,1"
5978,base,"1,3,3"
5979,base,
5980,base,"1,1,6"
5981,base,"6,1,2"
5982,base,"3,1,6"
5983,base,"1,2,3"
5984,base,
5985,base,1
5986,base,"4,5,1"
5987,base,"5,3,4"
5988,base,
5989,base,
5990,base,
5991,base,
5992,base,"1,2,3"
5993,base,
5994,base,"1,3,5"
5995,base,"6,5,1"
5996,base,"2,3,4"
5997,base,"1,2,3"
5998,base,"6,1"
5999,base,
6000,base,"1,2,3"
6001,base,
6002,base,
6003,base,
6004,base,
6005,base,"1,6"
6006,base,
6007,base,1
6008,base,"3,6"
6009,base,
6010,base,"1,5,4"
6011,base,"6,2,2"
6012,base,"3,2,6"
6013,base,
6014,base,
6015,base,"1,5,2"
6016,base,
6017,base,"1,3,4"
6018,base,"3,4,6"
6019,base,"3,6,2"
6020,base,
6021,base,6
6022,base,"1,6,4"
6023,base,"1,3,2"
6024,base,
6025,base,"3,1"
6026,base,
6027,base,
6028,base,
6029,base,"2,3,6"
6030,base,
6031,base,
6032,base,"3,4,1"
6033,base,"1,2,3"
6034,base,"2,4,6"
6035,base,"1,2,5"
6036,base,
6037,base,
6038,base,"3,5"
6039,base,
6040,base,"1,6,1"
6041,base,"1,2"
6042,base,"1,1,2"
6043,base,
6044,base,"1,2,3"
6045,base,
6046,base,"1,2,4"
6047,base,
6048,base,
6049,base,
6050,base,"1,2,3"
6051,base,"1,6"
6052,base,
6053,base,
6054,base,
6055,base,
6056,base,
6057,base,"3,3,4"
6058,base,"3,4,5"
6059,base,
6060,base,
6061,base,"1,4,6"
6062,base,
6063,base,"1,5,2"
6064,base,"1,2,3"
6065,base,
6066,base,"3,1,3"
6067,base,"1,6,1"
6068,base,"1,2,3"
6069,base,"6,5"
6070,base,"1,5,4"
6071,base,
6072,base,
6073,base,
6074,base,
6075,base,
6076,base,
6077,base,
6078,base,
6079,base,"1,1,6"
6080,base,"3,4,6"
6081,base,"5,5,3"
6082,base,"3,4,5"
6083,base,
6084,base,
6085,base,
6086,base,"3,1,6"
6087,base,"1,6,1"
6088,base,"1,2,3"
6089,base,"1,2,3"
6090,base,
6091,base,
6092,base,"3,3"
6093,base,"1,3,6"
6094,base,"1,3,2"
6095,base,"1,1,1"
6096,base,
6097,base,"3,1,6"
6098,base,
6099,base,"1,2,3"
6100,base,
6101,base,
6102,base,"1,2,3"
6103,base,"1,4,6"
6104,base,
6105,base,
6106,base,"4,5,2"
6107,base,
6108,base,
6109,base,"3,5,5"
6110,base,"1,2,3"
6111,base,"3,6,2"
6112,base,
6113,base,"1,2,4"
6114,base,
6115,base,
6116,base,
6117,base,
6118,base,
6119,base,"3,1,2"
6120,base,"1,4,5"
6121,base,
6122,base,1
6123,base,
6124,base,
6125,base,
6126,base,
6127,base,"3,1,3"
6128,base,"2,2,4"
6129,base,
6130,base,"1,2,3"
6131,base,
6132,base,"3,2,1"
6133,base,
6134,base,
6135,base,
6136,base,"1,2,3"
6137,base,
6138,base,"1,2,5"
6139,base,
6140,base,"1,2,3"
6141,base,"2,3,5"
6142,base,"2,3,4"
6143,base,
6144,base,
6145,base,"3,1"
6146,base,"1,2,3"
6147,base,"3,3,3"
6148,base,"2,5"
6149,base,"1,2,3"
6150,base,
6151,base,
6152,base,"1,2,3"
6153,base,"1,1,4"
6154,base,"3,4,5"
6155,base,"1,2,5"
6156,base,"1,2,5"
6157,base,
6158,base,1
6159,base,"1,2,3"
6160,base,"5,3,5"
6161,base,"1,2,3"
6162,base,
6163,base,"1,3,4"
6164,base,"5,6,2"
6165,base,"3,3,6"
6166,base,
6167,base,
6168,base,
6169,base,
6170,base,
6171,base,"1,2,3"
6172,base,"1,1,2"
6173,base,
6174,base,
6175,base,
6176,base,
6177,base,"4,5,3"
6178,base,"1,2,3"
6179,base,"1,2,3"
6180,base,"5,6,4"
6181,base,
6182,base,
6183,base,"1,3,4"
6184,base,"1,6,3"
6185,base,"6,6,3"
6186,base,"1,2,3"
6187,base,"1,2,3"
6188,base,"1,2,6"
6189,base,
6190,base,
6191,base,
6192,base,
6193,base,
6194,base,
6195,base,"1,3"
6196,base,"1,2,3"
6197,base,"4,2,3"
6198,base,
6199,base,"1,6,3"
6200,base,
6201,base,3
6202,base,"1,2,3"
6203,base,"1,2,3"
6204,base,
6205,base,
6206,base,"1,5,4"
6207,base,"1,2,3"
6208,base,
6209,base,"2,1"
6210,base,"1,2,3"
6211,base,
6212,base,
6213,base,"2,5,5"
6214,base,"1,6,3"
6215,base,"4,3,6"
6216,base,"3,1,2"
6217,base,
6218,base,"1,2,3"
6219,base,"1,2,3"
6220,base,
6221,base,
6222,base,
6223,base,"1,2,3"
6224,base,
6225,base,"1,2,3"
6226,base,"6,2,6"
6227,base,
6228,base,
6229,base,"4,3,1"
6230,base,"3,1,6"
6231,base,
6232,base,
6233,base,
6234,base,"1,2,3"
6235,base,"1,2,3"
6236,base,
6237,base,
6238,base,"1,2,3"
6239,base,
6240,base,"4,5,5"
6241,base,"3,3,1"
6242,base,
6243,base,
6244,base,"4,2,6"
6245,base,
6246,base,
6247,base,"1,2,3"
6248,base,"3,1,6"
6249,base,"4,6,5"
6250,base,
6251,base,
6252,base,
6253,base,"1,6"
6254,base,
6255,base,"1,6"
6256,base,
6257,base,"2,5,6"
6258,base,"1,2,6"
6259,base,
6260,base,"1,3,5"
6261,base,"3,1,2"
6262,base,"1,2,5"
6263,base,
6264,base,"6,4,3"
6265,base,"4,3,4"
6266,base,
6267,base,
6268,base,
6269,base,
6270,base,"2,1,3"
6271,base,
6272,base,"1,2,3"
6273,base,"3,6,3"
6274,base,
6275,base,
6276,base,"1,2,5"
6277,base,"4,5,2"
6278,base,
6279,base,"4,6,1"
6280,base,
6281,base,"1,2,3"
6282,base,
6283,base,
6284,base,"1,3"
6285,base,"1,6,4"
6286,base,"1,2,6"
6287,base,"3,5,6"
6288,base,"1,3,2"
6289,base,"3,6"
6290,base,"1,1,6"
6291,base,"1,4,5"
6292,base,
6293,base,
6294,base,"1,2,3"
6295,base,
6296,base,"3,1,6"
6297,base,"1,2,3"
6298,base,
6299,base,"1,2,3"
6300,base,
6301,base,
6302,base,"1,6,4"
6303,base,"2,3,4"
6304,base,"1,2,3"
6305,base,1
6306,base,"3,3"
6307,base,"1,2,3"
6308,base,
6309,base,"1,6"
6310,base,"1,3,6"
6311,base,3
6312,base,"1,2,3"
6313,base,
6314,base,"3,1,6"
6315,base,"3,4,2"
6316,base,"4,6,2"
6317,base,"1,4,5"
6318,base,"2,5,6"
6319,base,"1,2,3"
6320,base,"3,6,4"
6321,base,"1,5,6"
6322,base,3
6323,base,
6324,base,"1,2,3"
6325,base,"1,6,1"
6326,base,"1,3,2"
6327,base,
6328,base,"1,2,3"
6329,base,"3,1,6"
6330,base,"1,6,2"
6331,base,
6332,base,"2,4,3"
6333,base,"3,1,6"
6334,base,"1,6,2"
6335,base,
6336,base,
6337,base,
6338,base,
6339,base,"3,1,6"
6340,base,"1,2,3"
6341,base,
6342,base,
6343,base,"1,2,3"
6344,base,
6345,base,
6346,base,"3,5,4"
6347,base,"1,4,2"
6348,base,
6349,base,"1,2,3"
6350,base,
6351,base,"6,1,2"
6352,base,"6,1,1"
6353,base,
6354,base,"1,2,3"
6355,base,"1,2,5"
6356,base,"2,2,4"
6357,base,
6358,base,
6359,base,
6360,base,"1,2,3"
6361,base,"1,2,3"
6362,base,"5,1,1"
6363,base,
6364,base,
6365,base,
6366,base,
6367,base,
6368,base,
6369,base,
6370,base,
6371,base,"3,1,6"
6372,base,
6373,base,"3,5"
6374,base,"3,2,4"
6375,base,
6376,base,"2,6,5"
6377,base,3
6378,base,
6379,base,"1,2,3"
6380,base,"2,5,2"
6381,base,"1,2,4"
6382,base,"4,1,4"
6383,base,"1,2,3"
6384,base,"1,2,3"
6385,base,"5,2"
6386,base,"2,4,3"
6387,base,"2,5,6"
6388,base,3
6389,base,"1,3,2"
6390,base,"1,6,6"
6391,base,1
6392,base,3
6393,base,"1,2,3"
6394,base,1
6395,base,"6,1,2"
6396,base,3
6397,base,"1,4,5"
6398,base,
6399,base,"1,4,2"
6400,base,"1,4,5"
6401,base,
6402,base,
6403,base,5
6404,base,
6405,base,"1,1,1"
6406,base,"1,5,2"
6407,base,"3,5,4"
6408,base,"1,6,2"
6409,base,"3,6,1"
6410,base,
6411,base,"3,1,4"
6412,base,
6413,base,"5,2,4"
6414,base,
6415,base,"1,3,4"
6416,base,"1,2,5"
6417,base,
6418,base,
6419,base,
6420,base,1
6421,base,6
6422,base,"2,3,1"
6423,base,"1,3,4"
6424,base,
6425,base,"1,2,5"
6426,base,3
6427,base,"1,2,3"
6428,base,"3,2,5"
6429,base,
6430,base,1
6431,base,"1,5,1"
6432,base,"3,2,1"
6433,base,
6434,base,"3,3,3"
6435,base,
6436,base,"3,3,2"
6437,base,"1,2,3"
6438,base,
6439,base,"1,2,1"
6440,base,
6441,base,"1,2,4"
6442,base,"3,2,6"
6443,base,
6444,base,
6445,base,
6446,base,"1,4,3"
6447,base,"1,5,2"
6448,base,
6449,base,
6450,base,
6451,base,
6452,base,"1,2,3"
6453,base,"1,2,3"
6454,base,
6455,base,"4,5"
6456,base,"4,2,3"
6457,base,"1,2,3"
6458,base,"1,2,6"
6459,base,"1,4,5"
6460,base,
6461,base,
6462,base,
6463,base,"1,6"
6464,base,
6465,base,"1,2,3"
6466,base,"3,2,3"
6467,base,
6468,base,
6469,base,
6470,base,"1,6,2"
6471,base,3
6472,base,
6473,base,"3,6,1"
6474,base,"1,2,3"
6475,base,"1,2,3"
6476,base,"1,2,3"
6477,base,
6478,base,1
6479,base,"5,6,4"
6480,base,"1,2,3"
6481,base,"4,6,3"
6482,base,"1,2,3"
6483,base,"1,2,3"
6484,base,
6485,base,
6486,base,"1,2,4"
6487,base,
6488,base,"6,5"
6489,base,
6490,base,
6491,base,"1,6,1"
6492,base,"6,5,1"
6493,base,1
6494,base,"1,2,5"
6495,base,"1,2,3"
6496,base,
6497,base,
6498,base,"1,2,3"
6499,base,
6500,base,
6501,base,"1,2,3"
6502,base,
6503,base,
6504,base,1
6505,base,
6506,base,"1,2,3"
6507,base,"1,1,6"
6508,base,
6509,base,"2,1,3"
6510,base,"3,6,1"
6511,base,"1,2,3"
6512,base,"1,2,3"
6513,base,"1,4,2"
6514,base,"4,1,1"
6515,base,"6,6,1"
6516,base,
6517,base,
6518,base,"4,6,3"
6519,base,
6520,base,"1,2,3"
6521,base,
6522,base,"1,3,4"
6523,base,"2,1,3"
6524,base,
6525,base,"1,2,3"
6526,base,
6527,base,"1,2,3"
6528,base,"1,5,5"
6529,base,"1,6,3"
6530,base,"1,2,3"
6531,base,"1,2,5"
6532,base,"1,3,1"
6533,base,"1,3,3"
6534,base,"1,2,3"
6535,base,3
6536,base,"3,5,6"
6537,base,"4,4,4"
6538,base,"1,3"
6539,base,
6540,base,"2,1"
6541,base,"1,2,3"
6542,base,"1,5,2"
6543,base,"1,2,4"
6544,base,
6545,base,"1,2,3"
6546,base,
6547,base,
6548,base,"1,5,3"
6549,base,
6550,base,"1,2,3"
6551,base,
6552,base,
6553,base,
6554,base,
6555,base,
6556,base,"1,2,3"
6557,base,"1,6"
6558,base,"2,3"
6559,base,"5,3,6"
6560,base,
6561,base,
6562,base,
6563,base,"3,1,6"
6564,base,
6565,base,3
6566,base,
6567,base,"5,5,5"
6568,base,
6569,base,
6570,base,
6571,base,"1,2,3"
6572,base,"2,1"
6573,base,"1,6,3"
6574,base,"1,6,6"
6575,base,"1,2,3"
6576,base,"6,2"
6577,base,
6578,base,"1,6"
6579,base,
6580,base,6
6581,base,"1,6"
6582,base,"3,4,5"
6583,base,"1,2,3"
6584,base,"3,3,3"
6585,base,"1,1,2"
6586,base,"3,5,6"
6587,base,"1,2,3"
6588,base,"1,3,5"
6589,base,"1,3,4"
6590,base,
6591,base,
6592,base,"1,2,6"
6593,base,"4,2,1"
6594,base,1
6595,base,"1,6"
6596,base,
6597,base,
6598,base,"4,3"
6599,base,"1,6"
6600,base,"2,5,3"
6601,base,
6602,base,"3,5,6"
6603,base,
6604,base,
6605,base,
6606,base,"1,5,2"
6607,base,
6608,base,
6609,base,
6610,base,
6611,base,
6612,base,"1,2,3"
6613,base,2
6614,base,"2,5,5"
6615,base,"1,4,3"
6616,base,"6,4,1"
6617,base,"2,3,5"
6618,base,
6619,base,"3,6,3"
6620,base,
6621,base,
6622,base,"1,2,3"
6623,base,
6624,base,
6625,base,"2,3,4"
6626,base,"6,1"
6627,base,
6628,base,"4,5,3"
6629,base,"1,1,6"
6630,base,"6,2,3"
6631,base,
6632,base,
6633,base,"4,3,1"
6634,base,"1,3,2"
6635,base,
6636,base,
6637,base,"1,2,3"
6638,base,
6639,base,"1,2,3"
6640,base,
6641,base,
6642,base,
6643,base,
6644,base,
6645,base,3
6646,base,
6647,base,"1,2,3"
6648,base,"1,4,2"
6649,base,
6650,base,"1,2,3"
6651,base,"1,4,3"
6652,base,"1,4,5"
6653,base,"1,2,5"
6654,base,
6655,base,"1,3,3"
6656,base,"1,5,6"
6657,base,
6658,base,
6659,base,"1,2,3"
6660,base,
6661,base,
6662,base,
6663,base,
6664,base,
6665,base,"1,2,5"
6666,base,
6667,base,
6668,base,"6,1,2"
6669,base,"1,4,5"
6670,base,"1,1,4"
6671,base,"5,1,1"
6672,base,"2,3,5"
6673,base,"2,2,1"
6674,base,
6675,base,"1,5,1"
6676,base,"2,3"
6677,base,"1,2,3"
6678,base,"5,3,2"
6679,base,"1,2,3"
6680,base,
6681,base,
6682,base,"2,3,6"
6683,base,1
6684,base,"1,2"
6685,base,"1,1,6"
6686,base,"1,3,4"
6687,base,
6688,base,
6689,base,
6690,base,6
6691,base,
6692,base,"4,5"
6693,base,
6694,base,"3,5,1"
6695,base,"2,3,6"
6696,base,"1,2,3"
6697,base,"5,1,4"
6698,base,"1,2,3"
6699,base,
6700,base,
6701,base,
6702,base,
6703,base,"1,2,3"
6704,base,"1,1"
6705,base,"1,2,3"
6706,base,
6707,base,
6708,base,
6709,base,"1,2,3"
6710,base,
6711,base,
6712,base,"1,5,3"
6713,base,"1,3,4"
6714,base,
6715,base,
6716,base,
6717,base,"1,2,3"
6718,base,"4,1,2"
6719,base,3
6720,base,
6721,base,"2,3,1"
6722,base,"1,1,6"
6723,base,
6724,base,"1,3,5"
6725,base,
6726,base,
6727,base,"3,1,2"
6728,base,
6729,base,"1,3,2"
6730,base,"3,5,4"
6731,base,"5,4,6"
6732,base,
6733,base,"1,2,3"
6734,base,"1,2,3"
6735,base,"3,1,6"
6736,base,"1,2,3"
6737,base,"1,3,1"
6738,base,
6739,base,
6740,base,
6741,base,"1,2,3"
6742,base,
6743,base,3
6744,base,"1,2,3"
6745,base,"6,1,6"
6746,base,"3,3,1"
6747,base,"5,6,2"
6748,base,
6749,base,
6750,base,"3,6,3"
6751,base,
6752,base,"1,2,3"
6753,base,
6754,base,
6755,base,"3,6"
6756,base,
6757,base,3
6758,base,6
6759,base,
6760,base,"3,3,3"
6761,base,
6762,base,"1,3,5"
6763,base,"2,2,1"
6764,base,"3,1,6"
6765,base,"3,2,6"
6766,base,"1,3,5"
6767,base,"1,3,5"
6768,base,"1,3,6"
6769,base,"3,4,2"
6770,base,"1,2,3"
6771,base,
6772,base,
6773,base,"3,1,2"
6774,base,
6775,base,"1,2,3"
6776,base,"2,5,3"
6777,base,
6778,base,
6779,base,1
6780,base,
6781,base,
6782,base,
6783,base,
6784,base,"1,4,3"
6785,base,
6786,base,
6787,base,"2,1"
6788,base,"1,2,3"
6789,base,"3,6,1"
6790,base,"2,6,1"
6791,base,"1,2,3"
6792,base,"1,2,3"
6793,base,"2,3,1"
6794,base,"1,2,3"
6795,base,"1,2,3"
6796,base,"1,2,3"
6797,base,
6798,base,
6799,base,
6800,base,"1,2,3"
6801,base,
6802,base,"1,5,3"
6803,base,
6804,base,
6805,base,"3,3"
6806,base,"4,1"
6807,base,
6808,base,"5,1,4"
6809,base,
6810,base,"1,1,6"
6811,base,
6812,base,
6813,base,
6814,base,"1,5,4"
6815,base,
6816,base,"1,2,3"
6817,base,
6818,base,"1,2,3"
6819,base,
6820,base,"1,1,1"
6821,base,
6822,base,
6823,base,
6824,base,"3,2,1"
6825,base,"1,2,3"
6826,base,
6827,base,"1,2,3"
6828,base,
6829,base,"4,2"
6830,base,"1,2,3"
6831,base,"5,3,1"
6832,base,
6833,base,"1,2,3"
6834,base,
6835,base,
6836,base,
6837,base,"3,1,6"
6838,base,
6839,base,
6840,base,"1,2,4"
6841,base,"4,5,6"
6842,base,
6843,base,"1,2,3"
6844,base,
6845,base,"6,4,2"
6846,base,
6847,base,"3,1,2"
6848,base,
6849,base,"3,1,5"
6850,base,
6851,base,"1,2,3"
6852,base,"1,1,1"
6853,base,"1,4,2"
6854,base,
6855,base,"2,4,3"
6856,base,"3,1,6"
6857,base,"6,5,3"
6858,base,"5,1,1"
6859,base,"3,1,2"
6860,base,"1,2,3"
6861,base,
6862,base,
6863,base,
6864,base,"1,6,5"
6865,base,"1,2,3"
6866,base,
6867,base,"5,4,6"
6868,base,
6869,base,"1,4,2"
6870,base,
6871,base,
6872,base,3
6873,base,
6874,base,"1,3,5"
6875,base,
6876,base,2
6877,base,
6878,base,
6879,base,"1,2,3"
6880,base,"3,6"
6881,base,"1,2,6"
6882,base,"1,2,3"
6883,base,"1,3,4"
6884,base,"1,2,3"
6885,base,
6886,base,"2,6,2"
6887,base,"1,2,3"
6888,base,"4,1,5"
6889,base,"1,6"
6890,base,"1,5,3"
6891,base,"1,2,3"
6892,base,"1,2"
6893,base,"1,2,3"
6894,base,"3,6,4"
6895,base,
6896,base,
6897,base,"3,5,4"
6898,base,
6899,base,"3,1,6"
6900,base,"3,3,2"
6901,base,"3,1"
6902,base,
6903,base,
6904,base,"6,4,5"
6905,base,"1,2,6"
6906,base,"1,6,1"
6907,base,
6908,base,
6909,base,"1,2,3"
6910,base,"3,1,5"
6911,base,"1,3,5"
6912,base,"1,2,3"
6913,base,
6914,base,"4,2,6"
6915,base,
6916,base,"1,2,3"
6917,base,"2,5,6"
6918,base,2
6919,base,"1,3,2"
6920,base,
6921,base,"3,1,6"
6922,base,"3,1,3"
6923,base,
6924,base,3
6925,base,
6926,base,
6927,base,"6,3,2"
6928,base,"1,2,3"
6929,base,"3,6,5"
6930,base,
6931,base,"5,2,4"
6932,base,"1,2,3"
6933,base,
6934,base,"1,6,1"
6935,base,"6,3,5"
6936,base,"2,5"
6937,base,"3,5,2"
6938,base,"1,3,5"
6939,base,"5,3"
6940,base,"6,2,3"
6941,base,
6942,base,"3,3,2"
6943,base,"3,5"
6944,base,
6945,base,"1,5,2"
6946,base,
6947,base,"1,2,5"
6948,base,6
6949,base,
6950,base,
6951,base,"3,1,6"
6952,base,
6953,base,
6954,base,
6955,base,"3,1,6"
6956,base,"3,1,2"
6957,base,"1,2,3"
6958,base,
6959,base,"1,2,3"
6960,base,"1,2,3"
6961,base,
6962,base,"1,2,4"
6963,base,
6964,base,
6965,base,6
6966,base,"2,2,3"
6967,base,
6968,base,"5,3"
6969,base,
6970,base,
6971,base,"3,1,2"
6972,base,"1,5,2"
6973,base,"1,3,5"
6974,base,
6975,base,"3,2,5"
6976,base,"3,1,6"
6977,base,
6978,base,"1,2,5"
6979,base,
6980,base,"1,2,5"
6981,base,
6982,base,"1,2,3"
6983,base,
6984,base,"2,3,6"
6985,base,"1,1,6"
6986,base,"3,1,3"
6987,base,"6,3,3"
6988,base,"5,2,5"
6989,base,
6990,base,"2,3"
6991,base,"6,2,4"
6992,base,
6993,base,
6994,base,
6995,base,
6996,base,"3,5,1"
6997,base,
6998,base,"1,2,3"
6999,base,"2,5"
7000,base,
7001,base,
7002,base,"1,2,5"
7003,base,"1,3,3"
7004,base,"1,2,3"
7005,base,
7006,base,3
7007,base,
7008,base,"3,6,2"
7009,base,
7010,base,"1,6,1"
7011,base,"5,5,6"
7012,base,"3,5,2"
7013,base,"2,5,6"
7014,base,"2,1,1"
7015,base,
7016,base,
7017,base,
7018,base,
7019,base,
7020,base,
7021,base,"1,3,5"
7022,base,
7023,base,
7024,base,3
7025,base,
7026,base,"1,5,6"
7027,base,"1,2,3"
7028,base,"1,2,3"
7029,base,
7030,base,"5,3"
7031,base,"3,4,5"
7032,base,
7033,base,
7034,base,
7035,base,
7036,base,
7037,base,"4,4,2"
7038,base,"1,4,6"
7039,base,"1,3,2"
7040,base,1
7041,base,
7042,base,
7043,base,
7044,base,"3,2,6"
7045,base,
7046,base,
7047,base,
7048,base,
7049,base,"2,3,1"
7050,base,
7051,base,"4,2,5"
7052,base,"3,5,4"
7053,base,"1,1,6"
7054,base,3
7055,base,
7056,base,"1,2,3"
7057,base,"1,2,1"
7058,base,
7059,base,
7060,base,"1,2,3"
7061,base,"3,2"
7062,base,
7063,base,
7064,base,
7065,base,
7066,base,"1,2,3"
7067,base,
7068,base,"1,2,3"
7069,base,"1,2,3"
7070,base,
7071,base,"1,6"
7072,base,"3,1"
7073,base,"1,5,6"
7074,base,
7075,base,"1,4,6"
7076,base,2
7077,base,
7078,base,
7079,base,
7080,base,"1,3,6"
7081,base,"1,5,6"
7082,base,
7083,base,
7084,base,
7085,base,
7086,base,
7087,base,
7088,base,"2,3,4"
7089,base,
7090,base,1
7091,base,"1,6,1"
7092,base,
7093,base,"1,2,3"
7094,base,"1,2,2"
7095,base,"1,2,3"
7096,base,
7097,base,
7098,base,
7099,base,
7100,base,"1,2,3"
7101,base,
7102,base,
7103,base,5
7104,base,
7105,base,"1,2,3"
7106,base,"6,4,2"
7107,base,
7108,base,
7109,base,
7110,base,1
7111,base,"2,4,2"
7112,base,"1,2,3"
7113,base,
7114,base,"1,2,3"
7115,base,
7116,base,"1,1,2"
7117,base,
7118,base,
7119,base,"2,3,5"
7120,base,
7121,base,"5,6,2"
7122,base,
7123,base,"1,4,5"
7124,base,
7125,base,"3,5,1"
7126,base,"1,2,3"
7127,base,"5,3,6"
7128,base,"6,1,2"
7129,base,5
7130,base,"3,1,6"
7131,base,1
7132,base,"1,3,5"
7133,base,"1,2,3"
7134,base,"3,3,4"
7135,base,"3,1,6"
7136,base,"2,3"
7137,base,
7138,base,"1,2,4"
7139,base,
7140,base,"1,2,3"
7141,base,"1,2,3"
7142,base,
7143,base,
7144,base,
7145,base,
7146,base,"1,4,2"
7147,base,3
7148,base,"1,5"
7149,base,1
7150,base,
7151,base,"1,2,5"
7152,base,
7153,base,"3,3,3"
7154,base,
7155,base,
7156,base,
7157,base,
7158,base,
7159,base,"5,1,5"
7160,base,"1,6,1"
7161,base,
7162,base,
7163,base,
7164,base,"1,2,3"
7165,base,
7166,base,"1,2,3"
7167,base,
7168,base,3
7169,base,"1,2,3"
7170,base,
7171,base,"1,2,3"
7172,base,
7173,base,
7174,base,"1,2,3"
7175,base,"3,4,5"
7176,base,"2,3,5"
7177,base,
7178,base,"1,2,3"
7179,base,
7180,base,
7181,base,
7182,base,
7183,base,
7184,base,5
7185,base,"1,4,5"
7186,base,
7187,base,"4,4"
7188,base,"6,3,1"
7189,base,
7190,base,
7191,base,"3,6,4"
7192,base,"3,4,6"
7193,base,
7194,base,"1,2,3"
7195,base,
7196,base,"1,4,2"
7197,base,
7198,base,
7199,base,
7200,base,5
7201,base,
7202,base,"4,6,1"
7203,base,
7204,base,"1,2,3"
7205,base,
7206,base,3
7207,base,
7208,base,
7209,base,"3,3,4"
7210,base,3
7211,base,"3,5,4"
7212,base,
7213,base,"1,2,3"
7214,base,"1,2,3"
7215,base,"5,1,6"
7216,base,
7217,base,
7218,base,"3,5,1"
7219,base,"1,2"
7220,base,"2,5,3"
7221,base,
7222,base,
7223,base,"6,4,1"
7224,base,"3,6,3"
7225,base,
7226,base,"4,6,3"
7227,base,"2,3,5"
7228,base,
7229,base,
7230,base,"6,3,2"
7231,base,
7232,base,"1,2,4"
7233,base,
7234,base,1
7235,base,
7236,base,
7237,base,
7238,base,
7239,base,
7240,base,"1,2,3"
7241,base,3
7242,base,
7243,base,
7244,base,
7245,base,
7246,base,"3,6,2"
7247,base,
7248,base,"3,4,3"
7249,base,
7250,base,"3,1,6"
7251,base,"3,4,5"
7252,base,
7253,base,"3,1,1"
7254,base,
7255,base,"3,4,5"
7256,base,"1,2,3"
7257,base,
7258,base,
7259,base,"1,6,1"
7260,base,
7261,base,
7262,base,
7263,base,"2,1,6"
7264,base,5
7265,base,"1,2,3"
7266,base,
7267,base,
7268,base,
7269,base,"6,2,1"
7270,base,
7271,base,
7272,base,"3,2,5"
7273,base,4
7274,base,"1,2,3"
7275,base,
7276,base,
7277,base,"1,6,2"
7278,base,
7279,base,"4,2,3"
7280,base,"1,3,5"
7281,base,"3,4,5"
7282,base,"1,2,5"
7283,base,"3,2,4"
7284,base,
7285,base,
7286,base,
7287,base,"2,1,3"
7288,base,"1,2,3"
7289,base,"1,4,3"
7290,base,"3,3,2"
7291,base,"6,6,3"
7292,base,"3,1,2"
7293,base,"3,4,2"
7294,base,
7295,base,"1,6,1"
7296,base,
7297,base,
7298,base,2
7299,base,"2,6,1"
7300,base,
7301,base,"1,2,3"
7302,base,
7303,base,
7304,base,"1,2,5"
7305,base,
7306,base,
7307,base,
7308,base,6
7309,base,
7310,base,
7311,base,3
7312,base,
7313,base,
7314,base,
7315,base,"4,3,1"
7316,base,"3,4,2"
7317,base,
7318,base,"1,4"
7319,base,
7320,base,"1,2,6"
7321,base,
7322,base,
7323,base,1
7324,base,
7325,base,"4,2,5"
7326,base,
7327,base,
7328,base,3
7329,base,"5,3,1"
7330,base,
7331,base,
7332,base,
7333,base,"5,4"
7334,base,"1,2,3"
7335,base,"3,5,6"
7336,base,"4,2,2"
7337,base,"2,5"
7338,base,"3,1,5"
7339,base,
7340,base,"4,4,5"
7341,base,"1,3"
7342,base,"1,2,3"
7343,base,
7344,base,"1,2,3"
7345,base,"5,4,6"
7346,base,"5,4,5"
7347,base,"1,2,3"
7348,base,"4,5,5"
7349,base,"2,3,4"
7350,base,
7351,base,"1,2,3"
7352,base,
7353,base,"3,6"
7354,base,
7355,base,"3,4,5"
7356,base,"3,1,2"
7357,base,"1,3,2"
7358,base,
7359,base,"1,2,3"
7360,base,
7361,base,"6,4,2"
7362,base,"1,4,6"
7363,base,"4,6"
7364,base,"2,4,5"
7365,base,"6,3,1"
7366,base,"4,1,2"
7367,base,"3,2,4"
7368,base,
7369,base,"1,4,3"
7370,base,"1,2,5"
7371,base,
7372,base,
7373,base,
7374,base,"2,5"
7375,base,"1,4,6"
7376,base,
7377,base,
7378,base,"1,2,3"
7379,base,"1,2,3"
7380,base,
7381,base,"6,2,5"
7382,base,
7383,base,
7384,base,"1,1,1"
7385,base,
7386,base,"2,5,3"
7387,base,
7388,base,"1,2,3"
7389,base,1
7390,base,"2,6,1"
7391,base,"2,3,5"
7392,base,
7393,base,"3,3,1"
7394,base,"1,2,3"
7395,base,"5,3,4"
7396,base,"2,3,5"
7397,base,
7398,base,"1,1,1"
7399,base,
7400,base,"2,3,4"
7401,base,"1,2,3"
7402,base,"1,4,5"
7403,base,"1,2,3"
7404,base,"1,5,5"
7405,base,"3,3"
7406,base,"3,1,3"
7407,base,"3,3,1"
7408,base,2
7409,base,
7410,base,
7411,base,
7412,base,"2,1"
7413,base,
7414,base,"6,1,3"
7415,base,"3,3,3"
7416,base,"5,2,2"
7417,base,"2,3,1"
7418,base,"1,2,3"
7419,base,
7420,base,"1,6"
7421,base,
7422,base,
7423,base,
7424,base,"2,2"
7425,base,
7426,base,"1,5"
7427,base,4
7428,base,
7429,base,
7430,base,"1,1"
7431,base,
7432,base,"2,4,6"
7433,base,"4,4"
7434,base,
7435,base,
7436,base,"1,3,5"
7437,base,"1,6,4"
7438,base,"1,5,2"
7439,base,
7440,base,
7441,base,"1,1"
7442,base,"1,2,3"
7443,base,
7444,base,
7445,base,"1,2,3"
7446,base,
7447,base,
7448,base,2
7449,base,"1,2,3"
7450,base,"1,4,6"
7451,base,
7452,base,"1,2,5"
7453,base,
7454,base,2
7455,base,
7456,base,
7457,base,"1,6"
7458,base,"2,5,6"
7459,base,
7460,base,"1,4,3"
7461,base,
7462,base,"6,1"
7463,base,
7464,base,"1,2,5"
7465,base,"3,1,6"
7466,base,"3,3,3"
7467,base,
7468,base,"1,3,2"
7469,base,
7470,base,"2,1,5"
7471,base,
7472,base,
7473,base,
7474,base,
7475,base,"3,4,5"
7476,base,
7477,base,
7478,base,
7479,base,
7480,base,
7481,base,"2,4,5"
7482,base,"3,4,5"
7483,base,"1,3,5"
7484,base,"1,5,3"
7485,base,"2,3,6"
7486,base,"1,6,1"
7487,base,"1,2,3"
7488,base,
7489,base,"1,6,3"
7490,base,"6,3,1"
7491,base,"1,6,1"
7492,base,
7493,base,"3,4,2"
7494,base,"1,5,3"
7495,base,
7496,base,
7497,base,
7498,base,
7499,base,"1,1,1"
7500,base,"2,3,4"
7501,base,
7502,base,"3,4,4"
7503,base,3
7504,base,"3,6,4"
7505,base,"1,6,3"
7506,base,
7507,base,
7508,base,
7509,base,
7510,base,"2,4,2"
7511,base,
7512,base,"2,4,3"
7513,base,2
7514,base,
7515,base,"3,1,6"
7516,base,"2,4,1"
7517,base,
7518,base,
7519,base,"1,3,5"
7520,base,"5,2,6"
7521,base,
7522,base,
7523,base,
7524,base,
7525,base,6
7526,base,
7527,base,"2,5,4"
7528,base,
7529,base,"3,1,2"
7530,base,
7531,base,"1,5,1"
7532,base,"1,2,3"
7533,base,"1,3,4"
7534,base,
7535,base,
7536,base,"3,1,6"
7537,base,
7538,base,"2,4,1"
7539,base,"3,6,2"
7540,base,
7541,base,"1,6,6"
7542,base,
7543,base,"4,4,1"
7544,base,
7545,base,
7546,base,"3,1,6"
7547,base,"1,3,3"
7548,base,
7549,base,"5,1,5"
7550,base,
7551,base,
7552,base,
7553,base,"2,4,5"
7554,base,
7555,base,"5,4,2"
7556,base,
7557,base,"1,3,5"
7558,base,"1,2,5"
7559,base,
7560,base,"1,5,3"
7561,base,"1,6,2"
7562,base,"3,1"
7563,base,
7564,base,
7565,base,
7566,base,
7567,base,
7568,base,"1,2,5"
7569,base,
7570,base,
7571,base,
7572,base,
7573,base,"3,4,5"
7574,base,"1,2,3"
7575,base,
7576,base,"3,4,6"
7577,base,
7578,base,"1,3,5"
7579,base,"2,3,4"
7580,base,"1,2,3"
7581,base,"3,5,1"
7582,base,"1,6,1"
7583,base,"1,2,3"
7584,base,"2,5,1"
7585,base,
7586,base,"4,3,1"
7587,base,
7588,base,
7589,base,"1,2,3"
7590,base,
7591,base,
7592,base,"4,2,5"
7593,base,
7594,base,
7595,base,
7596,base,
7597,base,
7598,base,
7599,base,"3,3"
7600,base,
7601,base,
7602,base,"1,2,3"
7603,base,"1,2,3"
7604,base,"1,2,3"
7605,base,
7606,base,"2,5,5"
7607,base,"1,5,6"
7608,base,"1,2,5"
7609,base,3
7610,base,"1,2,3"
7611,base,
7612,base,3
7613,base,
7614,base,
7615,base,"1,2,2"
7616,base,
7617,base,"1,4,4"
7618,base,"3,1,5"
7619,base,"1,2,5"
7620,base,"1,3,3"
7621,base,"1,6,2"
7622,base,
7623,base,
7624,base,"1,2,5"
7625,base,"1,2,5"
7626,base,"1,2,3"
7627,base,
7628,base,
7629,base,
7630,base,
7631,base,
7632,base,
7633,base,
7634,base,"3,1,1"
7635,base,
7636,base,"3,4,6"
7637,base,"1,1,4"
7638,base,
7639,base,
7640,base,"5,2,3"
7641,base,
7642,base,"1,4,2"
7643,base,
7644,base,"1,6,5"
7645,base,
7646,base,"2,3,4"
7647,base,
7648,base,"1,2,3"
7649,base,
7650,base,"1,6"
7651,base,
7652,base,"6,4,3"
7653,base,"1,2,3"
7654,base,"4,6,2"
7655,base,
7656,base,3
7657,base,"5,5,5"
7658,base,
7659,base,
7660,base,
7661,base,
7662,base,
7663,base,
7664,base,1
7665,base,"1,4,2"
7666,base,"1,2,3"
7667,base,"4,2,6"
7668,base,
7669,base,6
7670,base,"1,3,4"
7671,base,"1,2,3"
7672,base,"1,6"
7673,base,
7674,base,
7675,base,
7676,base,"2,5,1"
7677,base,
7678,base,"4,1,3"
7679,base,"6,3,5"
7680,base,"1,2,3"
7681,base,"1,2,4"
7682,base,
7683,base,
7684,base,"3,4,5"
7685,base,
7686,base,"3,1,6"
7687,base,"1,2,3"
7688,base,"1,2,3"
7689,base,"2,5,6"
7690,base,"1,1,2"
7691,base,"1,3,2"
7692,base,5
7693,base,"1,2,3"
7694,base,"1,4,5"
7695,base,"1,2,3"
7696,base,"1,1,1"
7697,base,"5,5,1"
7698,base,"3,6,4"
7699,base,"2,2,3"
7700,base,"3,4,5"
7701,base,"2,5,1"
7702,base,"3,1,1"
7703,base,
7704,base,
7705,base,"1,6,3"
7706,base,"2,4,5"
7707,base,"1,2,3"
7708,base,"1,2,3"
7709,base,3
7710,base,
7711,base,"2,6"
7712,base,"1,5,6"
7713,base,"1,2,3"
7714,base,
7715,base,"1,3,5"
7716,base,
7717,base,
7718,base,"1,3,6"
7719,base,"5,1,1"
7720,base,
7721,base,"1,2,3"
7722,base,"1,2,3"
7723,base,
7724,base,"1,2,3"
7725,base,"6,2,2"
7726,base,"1,2,3"
7727,base,
7728,base,"1,1,4"
7729,base,"1,6,1"
7730,base,"1,6"
7731,base,
7732,base,"2,6,5"
7733,base,
7734,base,"1,2,1"
7735,base,"1,1,3"
7736,base,3
7737,base,
7738,base,"1,2,3"
7739,base,
7740,base,"1,2,4"
7741,base,"1,3,5"
7742,base,"2,5,3"
7743,base,
7744,base,"1,2,3"
7745,base,"1,2,4"
7746,base,
7747,base,
7748,base,
7749,base,"1,2,3"
7750,base,
7751,base,
7752,base,
7753,base,
7754,base,"2,4"
7755,base,"1,2"
7756,base,"2,6,5"
7757,base,"1,2,3"
7758,base,
7759,base,"1,2,3"
7760,base,"1,3,5"
7761,base,
7762,base,"6,2,5"
7763,base,"5,1,2"
7764,base,
7765,base,"1,2,3"
7766,base,"6,5,2"
7767,base,
7768,base,"1,4,3"
7769,base,
7770,base,
7771,base,
7772,base,
7773,base,"1,4,5"
7774,base,"1,3,4"
7775,base,"6,3,3"
7776,base,"2,3,4"
7777,base,
7778,base,"1,6,1"
7779,base,"1,2,3"
7780,base,"1,4,2"
7781,base,"1,2,4"
7782,base,
7783,base,"1,4,4"
7784,base,"1,2,3"
7785,base,"3,5,4"
7786,base,
7787,base,"1,2,3"
7788,base,"1,2"
7789,base,
7790,base,
7791,base,
7792,base,"1,3,2"
7793,base,"1,2,3"
7794,base,"5,1,4"
7795,base,
7796,base,
7797,base,"4,2,5"
7798,base,"1,2,3"
7799,base,"1,6,5"
7800,base,
7801,base,
7802,base,"3,1,5"
7803,base,"1,3,2"
7804,base,
7805,base,"1,2,3"
7806,base,"1,2,3"
7807,base,"3,4,1"
7808,base,"1,5,4"
7809,base,"1,6,1"
7810,base,
7811,base,"1,2,3"
7812,base,"1,4,5"
7813,base,
7814,base,
7815,base,"3,1,3"
7816,base,"4,2,5"
7817,base,"3,3,3"
7818,base,"1,2,3"
7819,base,
7820,base,
7821,base,"3,1,5"
7822,base,"2,4,5"
7823,base,
7824,base,"1,4"
7825,base,"1,5,2"
7826,base,"3,6,3"
7827,base,4
7828,base,
7829,base,
7830,base,"1,2,3"
7831,base,
7832,base,"5,6,3"
7833,base,"1,2,3"
7834,base,
7835,base,"1,4,6"
7836,base,"1,6"
7837,base,
7838,base,"2,4,3"
7839,base,"6,1"
7840,base,
7841,base,"1,2,3"
7842,base,
7843,base,"2,1,6"
7844,base,
7845,base,"1,2,3"
7846,base,"1,2,3"
7847,base,"1,4,3"
7848,base,
7849,base,"3,6,1"
7850,base,"1,4,2"
7851,base,"3,5,1"
7852,base,3
7853,base,
7854,base,"1,3,6"
7855,base,"3,1,6"
7856,base,"3,3,4"
7857,base,"1,2,3"
7858,base,
7859,base,
7860,base,"6,6,6"
7861,base,
7862,base,
7863,base,"4,3,5"
7864,base,"3,1"
7865,base,"1,6"
7866,base,
7867,base,"1,6,6"
7868,base,"2,3,4"
7869,base,"5,5,5"
7870,base,
7871,base,"1,2,6"
7872,base,"3,1,6"
7873,base,"5,3,1"
7874,base,
7875,base,"5,1,5"
7876,base,"1,2,2"
7877,base,"3,4,5"
7878,base,
7879,base,
7880,base,"1,4,2"
7881,base,"2,4,1"
7882,base,
7883,base,"1,6,3"
7884,base,
7885,base,"5,2,3"
7886,base,
7887,base,"1,2,3"
7888,base,"3,1,5"
7889,base,
7890,base,
7891,base,
7892,base,
7893,base,
7894,base,"2,3"
7895,base,"2,2,3"
7896,base,
7897,base,2
7898,base,
7899,base,"3,3,4"
7900,base,"1,1,1"
7901,base,"4,6,3"
7902,base,"3,3,2"
7903,base,
7904,base,"1,6,2"
7905,base,
7906,base,"5,4"
7907,base,
7908,base,
7909,base,
7910,base,
7911,base,"3,3,6"
7912,base,
7913,base,"3,3"
7914,base,"1,4,5"
7915,base,
7916,base,
7917,base,"2,3,2"
7918,base,"3,1,3"
7919,base,
7920,base,
7921,base,
7922,base,
7923,base,"3,1,3"
7924,base,"1,5,6"
7925,base,
7926,base,"4,5,4"
7927,base,
7928,base,"3,5,4"
7929,base,
7930,base,"3,6,2"
7931,base,"5,1,5"
7932,base,"1,1"
7933,base,
7934,base,"1,4,6"
7935,base,
7936,base,
7937,base,"6,5"
7938,base,"1,2,3"
7939,base,
7940,base,1
7941,base,
7942,base,"1,2,3"
7943,base,"3,1,5"
7944,base,"1,6"
7945,base,"1,2,3"
7946,base,6
7947,base,"1,2,3"
7948,base,"1,3"
7949,base,"1,4,5"
7950,base,"2,5,6"
7951,base,
7952,base,
7953,base,
7954,base,
7955,base,
7956,base,"3,6,1"
7957,base,
7958,base,"1,5,2"
7959,base,
7960,base,"6,1,5"
7961,base,
7962,base,
7963,base,"3,6,4"
7964,base,"1,2,6"
7965,base,"1,1"
7966,base,
7967,base,
7968,base,"1,5,6"
7969,base,"3,3,3"
7970,base,"1,3,6"
7971,base,"1,4,5"
7972,base,"6,4"
7973,base,
7974,base,
7975,base,"3,4,6"
7976,base,
7977,base,
7978,base,
7979,base,"1,6,4"
7980,base,
7981,base,"2,1,1"
7982,base,"2,5,4"
7983,base,
7984,base,"3,6,2"
7985,base,5
7986,base,
7987,base,2
7988,base,
7989,base,"3,4,5"
7990,base,"1,2,3"
7991,base,"1,4,3"
7992,base,"1,3,5"
7993,base,"1,2,3"
7994,base,
7995,base,
7996,base,
7997,base,
7998,base,"1,1,6"
7999,base,
8000,base,"6,5,4"
8001,base,"1,3,1"
8002,base,"1,5,6"
8003,base,
8004,base,"1,2,3"
8005,base,"1,2,3"
8006,base,"2,5,1"
8007,base,
8008,base,
8009,base,"1,4,3"
8010,base,
8011,base,
8012,base,
8013,base,
8014,base,
8015,base,
8016,base,
8017,base,
8018,base,"1,3,6"
8019,base,3
8020,base,
8021,base,"1,6,4"
8022,base,
8023,base,"1,2,1"
8024,base,"2,1,6"
8025,base,"1,2"
8026,base,
8027,base,
8028,base,
8029,base,
8030,base,
8031,base,"1,2,3"
8032,base,
8033,base,
8034,base,"1,4,6"
8035,base,"3,5,1"
8036,base,"6,1,4"
8037,base,"2,6,1"
8038,base,
8039,base,3
8040,base,"1,2,3"
8041,base,"3,3,4"
8042,base,
8043,base,"1,2,3"
8044,base,"1,2,3"
8045,base,"2,1,2"
8046,base,
8047,base,"3,1,1"
8048,base,
8049,base,
8050,base,"2,2,1"
8051,base,"1,2,3"
8052,base,"1,3,2"
8053,base,"1,2,3"
8054,base,
8055,base,"1,2,3"
8056,base,"1,6,2"
8057,base,"1,2,3"
8058,base,3
8059,base,
8060,base,
8061,base,
8062,base,
8063,base,"3,1,2"
8064,base,
8065,base,"3,6"
8066,base,"5,5,2"
8067,base,"5,2,4"
8068,base,"1,2,3"
8069,base,
8070,base,
8071,base,"4,4"
8072,base,"1,2,3"
8073,base,
8074,base,"6,6,6"
8075,base,"6,6,1"
8076,base,"1,2,3"
8077,base,"1,6,1"
8078,base,
8079,base,
8080,base,"1,3,4"
8081,base,"1,3"
8082,base,
8083,base,
8084,base,"1,2,1"
8085,base,"3,2,4"
8086,base,"1,6"
8087,base,"1,4,2"
8088,base,"3,1,2"
8089,base,
8090,base,"1,2,6"
8091,base,
8092,base,
8093,base,"1,2,3"
8094,base,"1,2,2"
8095,base,
8096,base,
8097,base,
8098,base,"1,5,3"
8099,base,"1,2,3"
8100,base,
8101,base,
8102,base,
8103,base,
8104,base,"1,1,1"
8105,base,
8106,base,"1,6,3"
8107,base,"1,2,3"
8108,base,
8109,base,
8110,base,
8111,base,"3,6,1"
8112,base,"1,2,3"
8113,base,"6,4,1"
8114,base,"1,3,2"
8115,base,
8116,base,"1,5,6"
8117,base,"1,2"
8118,base,
8119,base,"1,2,3"
8120,base,
8121,base,"1,6,3"
8122,base,
8123,base,"1,2,3"
8124,base,"5,1,1"
8125,base,"1,2,3"
8126,base,
8127,base,
8128,base,
8129,base,
8130,base,"1,2,3"
8131,base,
8132,base,
8133,base,
8134,base,
8135,base,
8136,base,
8137,base,
8138,base,"1,2,5"
8139,base,
8140,base,"1,6,2"
8141,base,
8142,base,
8143,base,
8144,base,
8145,base,
8146,base,
8147,base,"2,1,2"
8148,base,"1,2,2"
8149,base,
8150,base,
8151,base,"1,5,2"
8152,base,"6,6,6"
8153,base,"1,2,3"
8154,base,"1,3,2"
8155,base,"1,2,4"
8156,base,4
8157,base,"3,2,1"
8158,base,"1,2,3"
8159,base,
8160,base,"1,3,5"
8161,base,"1,2,3"
8162,base,"1,2,5"
8163,base,"1,2,3"
8164,base,"1,2,3"
8165,base,"5,3,1"
8166,base,"6,1,6"
8167,base,4
8168,base,
8169,base,
8170,base,"1,2,3"
8171,base,
8172,base,"1,2,3"
8173,base,
8174,base,
8175,base,
8176,base,"2,4"
8177,base,
8178,base,
8179,base,"1,2,3"
8180,base,"3,3,2"
8181,base,
8182,base,
8183,base,
8184,base,
8185,base,"3,1,3"
8186,base,"2,3,1"
8187,base,
8188,base,
8189,base,
8190,base,"5,3,1"
8191,base,"1,2,3"
8192,base,
8193,base,
8194,base,"6,1,1"
8195,base,"1,3,2"
8196,base,
8197,base,1
8198,base,
8199,base,
8200,base,3
8201,base,
8202,base,
8203,base,"1,2,4"
8204,base,
8205,base,"2,3,1"
8206,base,
8207,base,
8208,base,"3,1,6"
8209,base,
8210,base,"1,4,5"
8211,base,"1,4,6"
8212,base,"2,5,3"
8213,base,"5,3,1"
8214,base,"1,2,3"
8215,base,"3,3,3"
8216,base,"3,3,3"
8217,base,"4,2,6"
8218,base,"1,1"
8219,base,
8220,base,"3,2,2"
8221,base,"1,2,5"
8222,base,
8223,base,"1,1,5"
8224,base,
8225,base,
8226,base,
8227,base,
8228,base,
8229,base,"3,2,1"
8230,base,
8231,base,"1,6,1"
8232,base,"4,1,3"
8233,base,"3,1,6"
8234,base,"5,1,3"
8235,base,"1,2,3"
8236,base,"5,2,3"
8237,base,
8238,base,
8239,base,"1,2,3"
8240,base,
8241,base,"3,6,1"
8242,base,"3,1,1"
8243,base,
8244,base,
8245,base,
8246,base,"1,6,2"
8247,base,"3,1,2"
8248,base,"6,2,5"
8249,base,
8250,base,
8251,base,
8252,base,"6,4,3"
8253,base,"4,5,2"
8254,base,
8255,base,
8256,base,"5,2,5"
8257,base,
8258,base,"6,3"
8259,base,"3,5,6"
8260,base,
8261,base,
8262,base,"2,4,5"
8263,base,
8264,base,
8265,base,3
8266,base,
8267,base,
8268,base,
8269,base,"1,2,3"
8270,base,
8271,base,
8272,base,"1,4,2"
8273,base,"1,2,3"
8274,base,"3,5,6"
8275,base,"4,3,5"
8276,base,
8277,base,"2,3,4"
8278,base,
8279,base,
8280,base,
8281,base,"3,4,5"
8282,base,"1,6"
8283,base,"1,5,5"
8284,base,"1,4,2"
8285,base,"1,4,5"
8286,base,
8287,base,
8288,base,"1,2,3"
8289,base,
8290,base,"4,6"
8291,base,
8292,base,"3,3"
8293,base,"2,2,4"
8294,base,"3,2,4"
8295,base,"1,2,3"
8296,base,"2,3,3"
8297,base,"2,1,3"
8298,base,"1,6"
8299,base,
8300,base,1
8301,base,"1,1,1"
8302,base,"2,3,6"
8303,base,
8304,base,"1,5,6"
8305,base,"3,3,5"
8306,base,"1,2,3"
8307,base,"2,5,3"
8308,base,
8309,base,"1,2,5"
8310,base,
8311,base,
8312,base,"1,3"
8313,base,"1,3"
8314,base,"1,2,3"
8315,base,
8316,base,"1,2,3"
8317,base,"1,1,6"
8318,base,"3,5,2"
8319,base,
8320,base,"3,5,6"
8321,base,
8322,base,
8323,base,"1,5,3"
8324,base,"1,5,3"
8325,base,
8326,base,"4,5,5"
8327,base,
8328,base,
8329,base,"3,2,5"
8330,base,"3,1,6"
8331,base,
8332,base,"3,1,6"
8333,base,
8334,base,"1,2,3"
8335,base,"5,4"
8336,base,
8337,base,
8338,base,1
8339,base,
8340,base,
8341,base,
8342,base,
8343,base,
8344,base,"1,2,3"
8345,base,"1,2,3"
8346,base,
8347,base,"6,4,2"
8348,base,
8349,base,"1,1,1"
8350,base,"4,3,2"
8351,base,
8352,base,
8353,base,"1,2,3"
8354,base,
8355,base,3
8356,base,"3,1,1"
8357,base,
8358,base,
8359,base,"1,2,3"
8360,base,"3,2,2"
8361,base,"1,2,3"
8362,base,"1,2,3"
8363,base,"1,5"
8364,base,"1,2,3"
8365,base,"1,2,3"
8366,base,"1,2,3"
8367,base,"1,3,1"
8368,base,
8369,base,"1,2,3"
8370,base,
8371,base,"3,5,1"
8372,base,
8373,base,
8374,base,"1,2,3"
8375,base,"1,3,6"
8376,base,
8377,base,"4,2,2"
8378,base,"1,2,3"
8379,base,"1,2,3"
8380,base,"6,2,5"
8381,base,
8382,base,
8383,base,"5,1,2"
8384,base,"3,1,5"
8385,base,
8386,base,
8387,base,"1,2,3"
8388,base,
8389,base,
8390,base,
8391,base,"4,1,6"
8392,base,"1,2,3"
8393,base,"1,1,6"
8394,base,
8395,base,"4,3,6"
8396,base,"1,2,6"
8397,base,"2,4,1"
8398,base,
8399,base,"1,2,3"
8400,base,
8401,base,
8402,base,"3,1,6"
8403,base,2
8404,base,"1,3,6"
8405,base,
8406,base,"6,5,3"
8407,base,"5,3,2"
8408,base,
8409,base,"2,6,1"
8410,base,
8411,base,
8412,base,"1,3,2"
8413,base,
8414,base,
8415,base,
8416,base,"1,2,3"
8417,base,"4,5,3"
8418,base,"1,2,4"
8419,base,"1,2,3"
8420,base,
8421,base,
8422,base,"3,3,6"
8423,base,"1,4,5"
8424,base,
8425,base,"1,2,3"
8426,base,"3,6,5"
8427,base,"6,1,5"
8428,base,
8429,base,"1,2,3"
8430,base,
8431,base,
8432,base,
8433,base,"1,2,3"
8434,base,
8435,base,
8436,base,"1,2,3"
8437,base,"1,2,4"
8438,base,
8439,base,
8440,base,
8441,base,"1,2,3"
8442,base,"1,2,3"
8443,base,
8444,base,"1,2,3"
8445,base,
8446,base,"1,2,3"
8447,base,
8448,base,
8449,base,"1,2,3"
8450,base,"3,5,6"
8451,base,"1,2,3"
8452,base,
8453,base,
8454,base,
8455,base,"1,2,3"
8456,base,
8457,base,"2,4,6"
8458,base,
8459,base,"2,3,6"
8460,base,
8461,base,
8462,base,"1,2,4"
8463,base,"1,2,3"
8464,base,"1,2,3"
8465,base,"5,1,6"
8466,base,
8467,base,
8468,base,"2,5,4"
8469,base,
8470,base,
8471,base,6
8472,base,
8473,base,"1,2,3"
8474,base,"1,2,3"
8475,base,"1,2,3"
8476,base,
8477,base,"1,2,5"
8478,base,"1,4,6"
8479,base,"1,2,4"
8480,base,
8481,base,"2,3,1"
8482,base,
8483,base,"3,6,1"
8484,base,"1,2,3"
8485,base,"1,5,6"
8486,base,
8487,base,
8488,base,
8489,base,"4,3,2"
8490,base,
8491,base,
8492,base,
8493,base,"6,3,5"
8494,base,"3,1,5"
8495,base,"1,2,3"
8496,base,"1,2,3"
8497,base,"2,1"
8498,base,"3,1,2"
8499,base,
8500,base,
8501,base,"1,2,3"
8502,base,"3,4,5"
8503,base,
8504,base,"3,6,1"
8505,base,
8506,base,
8507,base,"6,5,1"
8508,base,
8509,base,
8510,base,"1,2,3"
8511,base,"4,3,5"
8512,base,"1,2,5"
8513,base,
8514,base,"3,6"
8515,base,"1,2,3"
8516,base,"3,2,2"
8517,base,
8518,base,
8519,base,"1,2,3"
8520,base,
8521,base,
8522,base,"1,2,3"
8523,base,
8524,base,
8525,base,
8526,base,"3,5,1"
8527,base,
8528,base,
8529,base,
8530,base,"1,2,3"
8531,base,
8532,base,"1,3,4"
8533,base,"5,1,6"
8534,base,3
8535,base,"2,3,1"
8536,base,"3,4,1"
8537,base,
8538,base,3
8539,base,"1,2"
8540,base,
8541,base,
8542,base,"2,6,5"
8543,base,"2,3,5"
8544,base,
8545,base,"6,1"
8546,base,
8547,base,"1,6,5"
8548,base,"3,6,1"
8549,base,"1,6,6"
8550,base,"1,6"
8551,base,"3,4,4"
8552,base,"1,3,4"
8553,base,"1,6,1"
8554,base,
8555,base,
8556,base,"1,6,3"
8557,base,"3,1,6"
8558,base,"1,2,3"
8559,base,3
8560,base,
8561,base,5
8562,base,"6,3,5"
8563,base,"3,1,3"
8564,base,
8565,base,
8566,base,"1,2,3"
8567,base,"1,2,3"
8568,base,"1,2,3"
8569,base,"1,2,3"
8570,base,"1,2,4"
8571,base,
8572,base,"3,6,1"
8573,base,
8574,base,"1,2,3"
8575,base,"1,3,4"
8576,base,"1,3,5"
8577,base,"1,2,3"
8578,base,
8579,base,
8580,base,"1,2,1"
8581,base,"3,3,3"
8582,base,"1,4,2"
8583,base,
8584,base,"6,1,1"
8585,base,"2,2,3"
8586,base,"1,3,5"
8587,base,"2,3,5"
8588,base,
8589,base,
8590,base,
8591,base,"1,2,4"
8592,base,"3,6,3"
8593,base,"6,4,2"
8594,base,"2,6,2"
8595,base,"6,4,4"
8596,base,
8597,base,"1,2,3"
8598,base,"2,3,6"
8599,base,"6,5,4"
8600,base,
8601,base,
8602,base,"3,3,1"
8603,base,
8604,base,"1,2,3"
8605,base,"1,2,3"
8606,base,"3,1,6"
8607,base,"2,4,1"
8608,base,
8609,base,"2,4,6"
8610,base,"1,6,4"
8611,base,"2,1,4"
8612,base,"1,2,3"
8613,base,
8614,base,"1,2,3"
8615,base,
8616,base,
8617,base,
8618,base,"2,3,6"
8619,base,
8620,base,
8621,base,"2,3,2"
8622,base,"1,2,3"
8623,base,
8624,base,"1,2,3"
8625,base,"2,4,1"
8626,base,"4,6,3"
8627,base,"1,5,6"
8628,base,
8629,base,"1,4,6"
8630,base,"2,3,5"
8631,base,"1,2,3"
8632,base,1
8633,base,
8634,base,
8635,base,"3,4,2"
8636,base,5
8637,base,"3,3,3"
8638,base,"1,2,3"
8639,base,
8640,base,"3,3,4"
8641,base,"6,1,5"
8642,base,"3,6"
8643,base,"2,3,1"
8644,base,"3,6,3"
8645,base,
8646,base,
8647,base,"1,2,3"
8648,base,
8649,base,"1,2,3"
8650,base,"1,2,3"
8651,base,
8652,base,"6,3,2"
8653,base,6
8654,base,
8655,base,"1,3,5"
8656,base,
8657,base,
8658,base,3
8659,base,
8660,base,
8661,base,
8662,base,"1,3,3"
8663,base,"1,2,3"
8664,base,
8665,base,
8666,base,"1,2,3"
8667,base,
8668,base,"1,6,2"
8669,base,"1,2,3"
8670,base,"1,3,6"
8671,base,1
8672,base,"2,6,2"
8673,base,
8674,base,"1,4,2"
8675,base,"1,2,3"
8676,base,
8677,base,"5,4,5"
8678,base,"1,3,5"
8679,base,
8680,base,"4,4,1"
8681,base,
8682,base,
8683,base,"3,3,1"
8684,base,"1,2,4"
8685,base,
8686,base,
8687,base,
8688,base,"1,3,4"
8689,base,"1,2,3"
8690,base,"3,1,2"
8691,base,"1,3,2"
8692,base,"5,6"
8693,base,
8694,base,"6,5,4"
8695,base,
8696,base,
8697,base,
8698,base,
8699,base,"3,2,1"
8700,base,
8701,base,"3,4,5"
8702,base,"4,6,5"
8703,base,"1,2,3"
8704,base,
8705,base,
8706,base,
8707,base,"5,6,2"
8708,base,"2,4,6"
8709,base,
8710,base,
8711,base,"3,1,6"
8712,base,
8713,base,"1,2,3"
8714,base,"1,2,5"
8715,base,
8716,base,
8717,base,"1,2,3"
8718,base,
8719,base,
8720,base,"1,2,4"
8721,base,"1,2,3"
8722,base,
8723,base,"2,2,4"
8724,base,"1,1,2"
8725,base,"4,1"
8726,base,"1,6,4"
8727,base,
8728,base,
8729,base,
8730,base,
8731,base,"2,1,5"
8732,base,
8733,base,"5,4,2"
8734,base,
8735,base,"1,2,4"
8736,base,"1,2,3"
8737,base,
8738,base,"1,5"
8739,base,
8740,base,
8741,base,
8742,base,
8743,base,"2,6,5"
8744,base,"3,4,6"
8745,base,
8746,base,"1,2,3"
8747,base,"1,6"
8748,base,6
8749,base,
8750,base,
8751,base,
8752,base,
8753,base,
8754,base,
8755,base,"1,3,4"
8756,base,
8757,base,
8758,base,
8759,base,
8760,base,
8761,base,"5,2,6"
8762,base,"3,1,5"
8763,base,
8764,base,"1,2,3"
8765,base,"3,4,5"
8766,base,"1,2,3"
8767,base,
8768,base,"1,2,3"
8769,base,"1,2,3"
8770,base,"1,3,5"
8771,base,"3,2,6"
8772,base,"1,5,2"
8773,base,"1,6,1"
8774,base,
8775,base,
8776,base,
8777,base,"1,6,6"
8778,base,"1,2,3"
8779,base,"3,5,4"
8780,base,"3,4,5"
8781,base,
8782,base,"1,5,2"
8783,base,"3,1,2"
8784,base,"5,6,1"
8785,base,3
8786,base,
8787,base,"5,2,2"
8788,base,"4,5,6"
8789,base,"4,6,1"
8790,base,"3,3,3"
8791,base,"1,2,3"
8792,base,
8793,base,
8794,base,1
8795,base,"2,3,1"
8796,base,"1,6"
8797,base,"1,4,2"
8798,base,"1,2,3"
8799,base,
8800,base,
8801,base,"2,3,2"
8802,base,"5,2,4"
8803,base,
8804,base,
8805,base,"3,1,4"
8806,base,
8807,base,
8808,base,"1,4,6"
8809,base,"1,2,3"
8810,base,
8811,base,
8812,base,
8813,base,3
8814,base,
8815,base,
8816,base,"3,1,4"
8817,base,"5,1,5"
8818,base,
8819,base,"4,1,2"
8820,base,
8821,base,
8822,base,
8823,base,
8824,base,"1,2,3"
8825,base,"1,5,5"
8826,base,"1,6,3"
8827,base,"5,4,3"
8828,base,"1,2,3"
8829,base,
8830,base,
8831,base,
8832,base,
8833,base,
8834,base,
8835,base,
8836,base,
8837,base,"3,3"
8838,base,
8839,base,"3,1,6"
8840,base,
8841,base,"5,1,4"
8842,base,"1,4,2"
8843,base,
8844,base,"4,2,5"
8845,base,"6,1,1"
8846,base,"2,4,3"
8847,base,"1,6,3"
8848,base,"1,2,4"
8849,base,"1,2,3"
8850,base,"1,3"
8851,base,
8852,base,"2,4,6"
8853,base,"1,4,6"
8854,base,
8855,base,"1,2,3"
8856,base,
8857,base,"1,3"
8858,base,
8859,base,
8860,base,"1,3,6"
8861,base,
8862,base,"1,5,3"
8863,base,
8864,base,
8865,base,
8866,base,"2,5,1"
8867,base,"1,6,1"
8868,base,1
8869,base,"1,2,3"
8870,base,"1,2,3"
8871,base,"1,6"
8872,base,
8873,base,"2,2,1"
8874,base,"1,2,3"
8875,base,6
8876,base,"1,6,1"
8877,base,"1,2,3"
8878,base,"3,2,4"
8879,base,
8880,base,
8881,base,"1,2,3"
8882,base,"6,6"
8883,base,
8884,base,"1,2,3"
8885,base,"2,5,6"
8886,base,3
8887,base,"1,2,5"
8888,base,"3,4,2"
8889,base,"3,5"
8890,base,"1,3"
8891,base,
8892,base,"3,1,2"
8893,base,
8894,base,
8895,base,
8896,base,"1,3,4"
8897,base,"3,4"
8898,base,
8899,base,
8900,base,1
8901,base,
8902,base,
8903,base,"1,2,3"
8904,base,
8905,base,
8906,base,"3,1,6"
8907,base,"1,1"
8908,base,"1,4,6"
8909,base,
8910,base,"4,6,3"
8911,base,
8912,base,"3,3"
8913,base,"1,2,3"
8914,base,
8915,base,"1,5,3"
8916,base,
8917,base,"1,3,5"
8918,base,"1,2,6"
8919,base,"1,2,3"
8920,base,
8921,base,"4,1,6"
8922,base,"5,4,2"
8923,base,"2,2,3"
8924,base,"1,2,3"
8925,base,"1,4,5"
8926,base,
8927,base,"1,2,3"
8928,base,
8929,base,"1,2,3"
8930,base,"2,3,4"
8931,base,"1,2,3"
8932,base,"2,1,6"
8933,base,
8934,base,
8935,base,
8936,base,"2,3,5"
8937,base,
8938,base,"2,4"
8939,base,
8940,base,
8941,base,"3,1,3"
8942,base,
8943,base,3
8944,base,"3,3,3"
8945,base,
8946,base,"1,2,3"
8947,base,"1,2,3"
8948,base,"3,4,1"
8949,base,"3,3,3"
8950,base,"1,2,3"
8951,base,"1,1,1"
8952,base,"1,3,5"
8953,base,"3,4,6"
8954,base,
8955,base,
8956,base,
8957,base,"3,1,2"
8958,base,"3,2,2"
8959,base,
8960,base,
8961,base,"3,6,2"
8962,base,"3,1,6"
8963,base,"1,2,3"
8964,base,"1,2,3"
8965,base,"1,2,3"
8966,base,"3,4,4"
8967,base,
8968,base,
8969,base,"3,3"
8970,base,"1,6,4"
8971,base,"1,2,6"
8972,base,"5,3,2"
8973,base,
8974,base,"1,6,1"
8975,base,
8976,base,
8977,base,"4,4,6"
8978,base,"1,2,3"
8979,base,
8980,base,"2,5,3"
8981,base,"1,5,2"
8982,base,"2,4,5"
8983,base,
8984,base,
8985,base,
8986,base,3
8987,base,
8988,base,"3,1,4"
8989,base,"3,4,1"
8990,base,
8991,base,"1,2,3"
8992,base,
8993,base,
8994,base,
8995,base,"2,4,5"
8996,base,
8997,base,
8998,base,
8999,base,
9000,base,
9001,base,"1,1,1"
9002,base,
9003,base,
9004,base,
9005,base,"1,2,3"
9006,base,"3,4,5"
9007,base,"1,2,5"
9008,base,"4,6,5"
9009,base,
9010,base,"1,6"
9011,base,
9012,base,"1,2,3"
9013,base,
9014,base,1
9015,base,"2,4,6"
9016,base,
9017,base,4
9018,base,
9019,base,"1,6,1"
9020,base,
9021,base,"1,2,3"
9022,base,
9023,base,"1,2,3"
9024,base,
9025,base,"2,5,6"
9026,base,"5,5,6"
9027,base,
9028,base,"2,3,5"
9029,base,"4,1,2"
9030,base,
9031,base,
9032,base,"5,1,2"
9033,base,"1,2,3"
9034,base,"3,1,6"
9035,base,
9036,base,"6,6,6"
9037,base,"3,5,4"
9038,base,"5,5,4"
9039,base,"1,4,6"
9040,base,
9041,base,"1,2,4"
9042,base,"6,2,5"
9043,base,
9044,base,"1,2,1"
9045,base,"2,4,5"
9046,base,
9047,base,3
9048,base,"1,2"
9049,base,"1,2,3"
9050,base,"1,3,6"
9051,base,
9052,base,"1,2,3"
9053,base,
9054,base,"4,5,1"
9055,base,"6,1,1"
9056,base,"1,2,5"
9057,base,
9058,base,"1,2,3"
9059,base,"1,2,4"
9060,base,1
9061,base,3
9062,base,"3,5,6"
9063,base,"2,3,6"
9064,base,
9065,base,"1,3,2"
9066,base,"4,1,2"
9067,base,
9068,base,
9069,base,
9070,base,"6,4,3"
9071,base,"1,5"
9072,base,1
9073,base,
9074,base,
9075,base,"1,2,3"
9076,base,"1,1,1"
9077,base,
9078,base,
9079,base,
9080,base,
9081,base,"1,3,6"
9082,base,
9083,base,"1,2,3"
9084,base,"1,2,3"
9085,base,"1,2,5"
9086,base,
9087,base,"5,4,3"
9088,base,
9089,base,"2,4,2"
9090,base,"6,1,5"
9091,base,
9092,base,"1,2,3"
9093,base,"2,3,2"
9094,base,"1,4,3"
9095,base,"1,2,5"
9096,base,"1,6"
9097,base,
9098,base,"1,2,3"
9099,base,"3,2"
9100,base,
9101,base,1
9102,base,
9103,base,"6,1"
9104,base,
9105,base,
9106,base,
9107,base,"1,2,3"
9108,base,
9109,base,
9110,base,
9111,base,"1,1,2"
9112,base,
9113,base,
9114,base,
9115,base,
9116,base,"3,5"
9117,base,"3,4,5"
9118,base,
9119,base,"1,2,5"
9120,base,
9121,base,"3,4,5"
9122,base,"3,1,3"
9123,base,
9124,base,"1,5,2"
9125,base,"6,2,5"
9126,base,
9127,base,"1,2,3"
9128,base,"1,4,5"
9129,base,
9130,base,"3,2,3"
9131,base,
9132,base,"2,3,1"
9133,base,"1,3"
9134,base,
9135,base,"1,3,5"
9136,base,
9137,base,
9138,base,
9139,base,"2,3"
9140,base,"1,2,3"
9141,base,"1,2"
9142,base,
9143,base,3
9144,base,"1,2,5"
9145,base,"2,3,6"
9146,base,
9147,base,"1,2,3"
9148,base,
9149,base,"1,5,3"
9150,base,"1,6"
9151,base,"1,6"
9152,base,
9153,base,"1,2,3"
9154,base,
9155,base,"4,6,3"
9156,base,"3,1"
9157,base,
9158,base,"2,2,2"
9159,base,
9160,base,
9161,base,
9162,base,"1,2,3"
9163,base,
9164,base,
9165,base,6
9166,base,
9167,base,
9168,base,"1,2,3"
9169,base,
9170,base,"3,5,5"
9171,base,
9172,base,"3,4,1"
9173,base,"2,5,6"
9174,base,
9175,base,"1,2,3"
9176,base,"6,3"
9177,base,"3,5,4"
9178,base,
9179,base,
9180,base,
9181,base,
9182,base,"1,3,5"
9183,base,"1,2,3"
9184,base,"1,2,3"
9185,base,
9186,base,
9187,base,"3,1,4"
9188,base,
9189,base,"3,3"
9190,base,"6,3,3"
9191,base,"1,3,4"
9192,base,
9193,base,
9194,base,"1,2,3"
9195,base,
9196,base,4
9197,base,
9198,base,"3,1"
9199,base,"3,6,2"
9200,base,
9201,base,
9202,base,"1,2,3"
9203,base,"1,2,4"
9204,base,
9205,base,
9206,base,
9207,base,"3,1,6"
9208,base,
9209,base,"1,2,3"
9210,base,
9211,base,
9212,base,
9213,base,"1,2,3"
9214,base,
9215,base,
9216,base,
9217,base,"3,6,4"
9218,base,"1,2,6"
9219,base,"1,2,3"
9220,base,"1,2,3"
9221,base,"2,4,4"
9222,base,"3,3,1"
9223,base,"1,2,5"
9224,base,3
9225,base,3
9226,base,
9227,base,
9228,base,
9229,base,
9230,base,
9231,base,
9232,base,
9233,base,"4,4,3"
9234,base,"5,5,5"
9235,base,"2,2,5"
9236,base,
9237,base,"1,4,2"
9238,base,"1,2,3"
9239,base,
9240,base,"2,6,5"
9241,base,"3,1,6"
9242,base,"1,2,3"
9243,base,"1,2,3"
9244,base,"3,2,5"
9245,base,
9246,base,
9247,base,1
9248,base,"1,3,2"
9249,base,"2,5,4"
9250,base,"1,2,3"
9251,base,"1,2,3"
9252,base,
9253,base,
9254,base,"6,5,3"
9255,base,
9256,base,"1,2,3"
9257,base,
9258,base,"1,6,1"
9259,base,"3,1,6"
9260,base,3
9261,base,"6,3,2"
9262,base,
9263,base,"1,4,5"
9264,base,"4,5,3"
9265,base,"1,2,3"
9266,base,
9267,base,"1,6,1"
9268,base,"1,4,5"
9269,base,
9270,base,"2,3,6"
9271,base,"1,2,6"
9272,base,
9273,base,"1,2,3"
9274,base,
9275,base,"1,5,2"
9276,base,
9277,base,"1,6"
9278,base,
9279,base,
9280,base,"1,2,3"
9281,base,"1,2,5"
9282,base,"1,2,5"
9283,base,"1,3,1"
9284,base,
9285,base,"2,3,5"
9286,base,"1,1,2"
9287,base,"1,2,3"
9288,base,"2,5,6"
9289,base,"1,4,5"
9290,base,
9291,base,
9292,base,5
9293,base,"1,5,6"
9294,base,
9295,base,
9296,base,"1,2,5"
9297,base,"1,2,4"
9298,base,"4,3,2"
9299,base,
9300,base,6
9301,base,"1,6,1"
9302,base,
9303,base,"1,2,3"
9304,base,"1,2,3"
9305,base,"1,5,2"
9306,base,
9307,base,
9308,base,"1,3,2"
9309,base,
9310,base,"3,1,5"
9311,base,"1,3,5"
9312,base,
9313,base,6
9314,base,"1,2,3"
9315,base,"1,2,4"
9316,base,"5,1,2"
9317,base,
9318,base,"1,2,3"
9319,base,
9320,base,
9321,base,
9322,base,"2,3,5"
9323,base,"2,2,3"
9324,base,
9325,base,"1,2,3"
9326,base,"1,2,4"
9327,base,"1,3,2"
9328,base,
9329,base,
9330,base,"3,1,6"
9331,base,"4,2,3"
9332,base,"1,2,3"
9333,base,"1,2,3"
9334,base,
9335,base,
9336,base,"1,2,3"
9337,base,"1,4,5"
9338,base,
9339,base,"1,2,3"
9340,base,"3,6"
9341,base,"5,5"
9342,base,
9343,base,
9344,base,"2,4,5"
9345,base,
9346,base,"1,5,1"
9347,base,
9348,base,
9349,base,3
9350,base,"3,1,3"
9351,base,3
9352,base,"2,4,5"
9353,base,"1,5,3"
9354,base,
9355,base,"4,6"
9356,base,
9357,base,"1,2,6"
9358,base,
9359,base,"4,5,1"
9360,base,
9361,base,"1,2,3"
9362,base,"1,3,5"
9363,base,"2,5"
9364,base,"1,1,6"
9365,base,"1,2,3"
9366,base,
9367,base,
9368,base,"1,6,1"
9369,base,
9370,base,"3,1"
9371,base,
9372,base,"1,4,6"
9373,base,
9374,base,"1,4,5"
9375,base,"1,6,3"
9376,base,"2,1,1"
9377,base,
9378,base,
9379,base,"3,2,1"
9380,base,
9381,base,
9382,base,6
9383,base,
9384,base,"3,5,4"
9385,base,
9386,base,
9387,base,
9388,base,"1,1,1"
9389,base,
9390,base,
9391,base,"3,1,6"
9392,base,"2,4,5"
9393,base,
9394,base,"1,6,2"
9395,base,"3,1,6"
9396,base,5
9397,base,
9398,base,"3,1,6"
9399,base,
9400,base,"1,3,4"
9401,base,"1,5,6"
9402,base,"1,6,3"
9403,base,"3,1,1"
9404,base,
9405,base,
9406,base,
9407,base,
9408,base,
9409,base,
9410,base,3
9411,base,"1,2,4"
9412,base,
9413,base,
9414,base,"1,2,3"
9415,base,"1,6,1"
9416,base,"1,3,4"
9417,base,
9418,base,
9419,base,"1,5,3"
9420,base,
9421,base,"2,2,5"
9422,base,"3,1,4"
9423,base,2
9424,base,
9425,base,"2,3,3"
9426,base,
9427,base,
9428,base,
9429,base,"1,6,3"
9430,base,
9431,base,
9432,base,1
9433,base,"1,2,3"
9434,base,
9435,base,"5,1,2"
9436,base,
9437,base,"3,2"
9438,base,
9439,base,"5,6,1"
9440,base,"1,2,3"
9441,base,"6,3"
9442,base,"6,2,3"
9443,base,"1,2,5"
9444,base,
9445,base,
9446,base,"3,3,6"
9447,base,
9448,base,"1,2,3"
9449,base,"1,4,6"
9450,base,"1,2,4"
9451,base,"1,4,2"
9452,base,
9453,base,"2,1,1"
9454,base,
9455,base,"1,2,3"
9456,base,
9457,base,
9458,base,
9459,base,"5,3"
9460,base,"3,3,2"
9461,base,"2,1,5"
9462,base,
9463,base,"2,5,6"
9464,base,"1,2,3"
9465,base,
9466,base,"3,1,5"
9467,base,"5,3,2"
9468,base,"6,1,5"
9469,base,"2,6,2"
9470,base,
9471,base,
9472,base,
9473,base,"1,5,6"
9474,base,
9475,base,
9476,base,"1,3,5"
9477,base,
9478,base,"1,2,3"
9479,base,"6,3"
9480,base,"1,2,6"
9481,base,
9482,base,
9483,base,
9484,base,"1,5,6"
9485,base,
9486,base,
9487,base,"1,6,3"
9488,base,
9489,base,
9490,base,
9491,base,
9492,base,"3,1"
9493,base,"3,4,6"
9494,base,
9495,base,"1,2,3"
9496,base,1
9497,base,
9498,base,"3,1,4"
9499,base,"3,4,5"
9500,base,"1,4,1"
9501,base,
9502,base,"1,3,5"
9503,base,"2,2,5"
9504,base,"1,6,1"
9505,base,"1,5,6"
9506,base,
9507,base,"5,3,4"
9508,base,"5,2,6"
9509,base,"1,2,3"
9510,base,
9511,base,"4,1,6"
9512,base,"1,2,3"
9513,base,"1,4,2"
9514,base,
9515,base,"2,1,3"
9516,base,3
9517,base,
9518,base,
9519,base,
9520,base,"1,4,3"
9521,base,
9522,base,3
9523,base,
9524,base,
9525,base,"1,1,6"
9526,base,"1,2,3"
9527,base,
9528,base,"1,2,3"
9529,base,
9530,base,
9531,base,
9532,base,"3,1"
9533,base,
9534,base,
9535,base,"5,1,2"
9536,base,
9537,base,"1,2,3"
9538,base,"2,4,2"
9539,base,"5,3,2"
9540,base,
9541,base,"1,6,3"
9542,base,"3,1,6"
9543,base,"1,6,5"
9544,base,"6,5,2"
9545,base,"1,1,1"
9546,base,
9547,base,"1,2,5"
9548,base,"1,2,3"
9549,base,"1,2,3"
9550,base,
9551,base,3
9552,base,
9553,base,3
9554,base,"1,2,3"
9555,base,"3,1,4"
9556,base,
9557,base,1
9558,base,"4,5,3"
9559,base,"1,2,3"
9560,base,"3,1,6"
9561,base,"1,2,3"
9562,base,
9563,base,
9564,base,
9565,base,"5,5,3"
9566,base,
9567,base,
9568,base,
9569,base,"1,4,3"
9570,base,"1,1,5"
9571,base,
9572,base,
9573,base,"3,5,5"
9574,base,
9575,base,"1,2,3"
9576,base,"2,1,3"
9577,base,"3,3"
9578,base,"1,2,5"
9579,base,"2,4,6"
9580,base,
9581,base,"1,4,2"
9582,base,
9583,base,
9584,base,
9585,base,"1,2,3"
9586,base,"1,1,6"
9587,base,1
9588,base,"3,2"
9589,base,3
9590,base,
9591,base,
9592,base,"3,5,4"
9593,base,"2,5"
9594,base,
9595,base,1
9596,base,
9597,base,
9598,base,"1,2,3"
9599,base,
9600,base,3
9601,base,"1,6,3"
9602,base,"1,6,1"
9603,base,"6,3"
9604,base,
9605,base,"1,2,3"
9606,base,"1,2,6"
9607,base,"1,3,2"
9608,base,"1,2,3"
9609,base,"1,2,3"
9610,base,"3,3,1"
9611,base,"4,2,1"
9612,base,3
9613,base,
9614,base,"1,6"
9615,base,"3,3,6"
9616,base,
9617,base,"3,2,4"
9618,base,"3,2,5"
9619,base,6
9620,base,"6,4,1"
9621,base,"5,6,2"
9622,base,
9623,base,
9624,base,
9625,base,
9626,base,"4,6,5"
9627,base,"3,5,2"
9628,base,
9629,base,"1,2,5"
9630,base,"3,3,6"
9631,base,
9632,base,"1,6,2"
9633,base,"1,3,4"
9634,base,"1,2,3"
9635,base,"1,6,5"
9636,base,
9637,base,"2,5,2"
9638,base,"1,4,3"
9639,base,
9640,base,
9641,base,"1,6"
9642,base,"4,1,3"
9643,base,
9644,base,"1,3,4"
9645,base,"1,2,3"
9646,base,
9647,base,
9648,base,
9649,base,
9650,base,"1,2,3"
9651,base,
9652,base,
9653,base,
9654,base,
9655,base,"1,2,4"
9656,base,6
9657,base,"1,6,2"
9658,base,"1,6,1"
9659,base,"3,1,2"
9660,base,"1,1,2"
9661,base,"2,5,5"
9662,base,
9663,base,"2,4,2"
9664,base,
9665,base,
9666,base,"1,2,4"
9667,base,
9668,base,"2,6,3"
9669,base,"1,2,4"
9670,base,"1,6"
9671,base,"1,6,5"
9672,base,"4,1,5"
9673,base,"4,3,4"
9674,base,"3,4,4"
9675,base,"1,5,2"
9676,base,
9677,base,6
9678,base,
9679,base,"1,2,3"
9680,base,"1,5,3"
9681,base,
9682,base,"4,5,3"
9683,base,"5,4,6"
9684,base,
9685,base,"2,2"
9686,base,"1,2,6"
9687,base,"1,2,3"
9688,base,"1,2,3"
9689,base,
9690,base,"3,1,1"
9691,base,"2,6,3"
9692,base,"3,5,3"
9693,base,"1,5,4"
9694,base,
9695,base,
9696,base,
9697,base,
9698,base,
9699,base,"1,4,2"
9700,base,"1,6"
9701,base,
9702,base,"1,2,3"
9703,base,"3,1,6"
9704,base,"4,1,3"
9705,base,"1,3,5"
9706,base,"1,2,3"
9707,base,
9708,base,
9709,base,
9710,base,1
9711,base,"1,1"
9712,base,"1,2,4"
9713,base,"5,4,3"
9714,base,
9715,base,"1,3,5"
9716,base,
9717,base,"3,1,6"
9718,base,
9719,base,
9720,base,"5,4,2"
9721,base,
9722,base,"1,2,3"
9723,base,2
9724,base,"1,3,4"
9725,base,
9726,base,"1,3,4"
9727,base,"1,2,3"
9728,base,
9729,base,"5,1,6"
9730,base,
9731,base,"5,6,5"
9732,base,"3,1,6"
9733,base,
9734,base,"2,4,2"
9735,base,"4,1,6"
9736,base,"5,5"
9737,base,
9738,base,"1,2,6"
9739,base,"1,5,6"
9740,base,"1,4,3"
9741,base,"3,5,1"
9742,base,"1,1"
9743,base,
9744,base,
9745,base,
9746,base,"1,2,5"
9747,base,
9748,base,
9749,base,"1,4,3"
9750,base,"1,1"
9751,base,"3,1,6"
9752,base,
9753,base,
9754,base,"1,2,3"
9755,base,
9756,base,"6,3"
9757,base,"2,5,5"
9758,base,"1,4,3"
9759,base,
9760,base,"2,4,3"
9761,base,"3,1,6"
9762,base,"4,5,3"
9763,base,"2,4,1"
9764,base,"3,1,6"
9765,base,"1,3,5"
9766,base,"4,5,1"
9767,base,"1,2,3"
9768,base,"5,4"
9769,base,"5,2,4"
9770,base,
9771,base,"3,5,6"
9772,base,"3,3,3"
9773,base,1
9774,base,"2,3,1"
9775,base,
9776,base,"1,2,3"
9777,base,"4,4,4"
9778,base,"1,2,3"
9779,base,"1,4,1"
9780,base,"1,3,6"
9781,base,1
9782,base,"5,1,6"
9783,base,
9784,base,"3,4,3"
9785,base,"1,3,5"
9786,base,"2,3,3"
9787,base,
9788,base,
9789,base,"3,2,4"
9790,base,
9791,base,
9792,base,5
9793,base,"2,5,5"
9794,base,"1,2,3"
9795,base,
9796,base,"1,3,1"
9797,base,"3,1"
9798,base,"1,2,3"
9799,base,
9800,base,
9801,base,
9802,base,
9803,base,"1,2,3"
9804,base,
9805,base,"3,2,6"
9806,base,
9807,base,
9808,base,"1,2,3"
9809,base,"1,2,3"
9810,base,"1,3,2"
9811,base,
9812,base,"1,2,3"
9813,base,"3,1,6"
9814,base,
9815,base,"3,6,4"
9816,base,
9817,base,"1,6,1"
9818,base,"5,3,2"
9819,base,
9820,base,
9821,base,3
9822,base,"5,6,1"
9823,base,
9824,base,3
9825,base,"1,2,3"
9826,base,"2,5,5"
9827,base,"3,2,1"
9828,base,"2,1,3"
9829,base,"1,6,3"
9830,base,
9831,base,"3,4,3"
9832,base,"1,2,3"
9833,base,6
9834,base,"3,4,5"
9835,base,
9836,base,"1,2,3"
9837,base,
9838,base,"3,6,3"
9839,base,"3,1,6"
9840,base,"1,3"
9841,base,
9842,base,"2,3,1"
9843,base,
9844,base,"2,1,3"
9845,base,
9846,base,"3,5,4"
9847,base,
9848,base,
9849,base,"1,3,5"
9850,base,
9851,base,"6,1,2"
9852,base,
9853,base,
9854,base,1
9855,base,"1,2,3"
9856,base,"1,3,5"
9857,base,"1,6,2"
9858,base,
9859,base,
9860,base,
9861,base,
9862,base,
9863,base,"3,5,2"
9864,base,"6,1"
9865,base,"2,2,3"
9866,base,"1,2,3"
9867,base,"1,2,3"
9868,base,
9869,base,"1,5,2"
9870,base,"2,1,6"
9871,base,"3,1"
9872,base,
9873,base,"1,6"
9874,base,"4,1,4"
9875,base,"3,2,5"
9876,base,
9877,base,"1,1,2"
9878,base,
9879,base,"1,6,3"
9880,base,"5,6,5"
9881,base,
9882,base,"1,2,3"
9883,base,"1,1,2"
9884,base,
9885,base,
9886,base,"1,3,6"
9887,base,"1,2,3"
9888,base,"1,3,6"
9889,base,"5,1,1"
9890,base,
9891,base,"3,2,4"
9892,base,
9893,base,"1,5,6"
9894,base,
9895,base,4
9896,base,"6,4,5"
9897,base,"3,1"
9898,base,
9899,base,"3,1,6"
9900,base,"1,2,3"
9901,base,
9902,base,"2,4,3"
9903,base,"3,4,6"
9904,base,"1,5,2"
9905,base,
9906,base,
9907,base,"1,3,3"
9908,base,
9909,base,
9910,base,
9911,base,
9912,base,"1,3,2"
9913,base,
9914,base,"6,3,2"
9915,base,
9916,base,
9917,base,"3,5,1"
9918,base,
9919,base,"1,4,6"
9920,base,"1,2,4"
9921,base,
9922,base,"3,1,6"
9923,base,
9924,base,"2,6,4"
9925,base,"1,2,6"
9926,base,"1,2,3"
9927,base,2
9928,base,"2,5,4"
9929,base,"3,1,6"
9930,base,"2,3,4"
9931,base,
9932,base,"1,2,3"
9933,base,"1,5,6"
9934,base,
9935,base,"1,3,5"
9936,base,"1,6"
9937,base,"1,2,3"
9938,base,
9939,base,
9940,base,
9941,base,
9942,base,"1,2,3"
9943,base,"1,2,3"
9944,base,
9945,base,
9946,base,
9947,base,
9948,base,"1,5,6"
9949,base,
9950,base,
9951,base,"2,3,4"
9952,base,
9953,base,
9954,base,"1,3"
9955,base,"5,4,3"
9956,base,
9957,base,
9958,base,"3,4,5"
9959,base,"5,5,1"
9960,base,"5,5"
9961,base,"1,3,5"
9962,base,"2,3"
9963,base,
9964,base,"1,6,1"
9965,base,
9966,base,"1,3,2"
9967,base,"2,4"
9968,base,"1,6,1"
9969,base,
9970,base,
9971,base,
9972,base,"5,1,6"
9973,base,"1,6"
9974,base,3
9975,base,1
9976,base,
9977,base,
9978,base,"1,6,4"
9979,base,"1,2,3"
9980,base,"1,1"
9981,base,"5,2,6"
9982,base,
9983,base,
9984,base,"6,3,4"
9985,base,"1,5,6"
9986,base,
9987,base,"1,2,3"
9988,base,"1,2,3"
9989,base,
9990,base,
9991,base,
9992,base,
9993,base,
9994,base,"1,2,3"
9995,base,"3,2,4"
9996,base,"1,2,3"
9997,base,"3,1,5"
9998,base,
9999,base,
10000,base,
10001,base,
10002,base,
10003,base,
10004,base,"5,3,4"
10005,base,
10006,base,"1,4,5"
10007,base,"3,1,6"
10008,base,"1,2,3"
10009,base,"2,5,5"
10010,base,
10011,base,"4,6,2"
10012,base,1
10013,base,"1,3,6"
10014,base,"3,2,1"
10015,base,
10016,base,
10017,base,"2,4,5"
10018,base,"3,1,6"
10019,base,"1,4,3"
10020,base,
10021,base,
10022,base,"6,4,1"
10023,base,
10024,base,
10025,base,"1,2,3"
10026,base,"3,4,5"
10027,base,"1,3,5"
10028,base,
10029,base,"1,2,3"
10030,base,"3,1,6"
10031,base,"2,1"
10032,base,
10033,base,3
10034,base,
10035,base,
10036,base,"2,3,5"
10037,base,
10038,base,
10039,base,
10040,base,"5,3,1"
10041,base,
10042,base,"1,2,3"
10043,base,
10044,base,
10045,base,
10046,base,"1,6,3"
10047,base,
10048,base,"3,3,1"
10049,base,"1,2,3"
10050,base,
10051,base,
10052,base,
10053,base,"3,1,3"
10054,base,
10055,base,"2,2,4"
10056,base,"3,2,5"
10057,base,"1,2,3"
10058,base,
10059,base,"3,1,6"
10060,base,"1,2,3"
10061,base,
10062,base,"2,6,4"
10063,base,3
10064,base,
10065,base,"1,4,2"
10066,base,"1,4"
10067,base,"5,2,1"
10068,base,
10069,base,"1,6"
10070,base,"1,3,4"
10071,base,"3,3,2"
10072,base,"1,2,3"
10073,base,"1,6,5"
10074,base,"3,1,3"
10075,base,"3,5,6"
10076,base,"1,1,3"
10077,base,"3,3,3"
10078,base,
10079,base,"5,6,3"
10080,base,
10081,base,
10082,base,
10083,base,
10084,base,
10085,base,"1,2,3"
10086,base,"1,3,2"
10087,base,
10088,base,"5,4,6"
10089,base,"3,3,6"
10090,base,
10091,base,
10092,base,
10093,base,
10094,base,"1,4,1"
10095,base,
10096,base,"1,2"
10097,base,"1,2,3"
10098,base,
10099,base,"1,4,6"
10100,base,"1,3,6"
10101,base,
10102,base,3
10103,base,"4,4,4"
10104,base,
10105,base,
10106,base,1
10107,base,"3,6,1"
10108,base,"1,2,3"
10109,base,"1,2,3"
10110,base,"1,2,3"
10111,base,"2,4,6"
10112,base,"3,2,1"
10113,base,"1,2,3"
10114,base,"1,3,5"
10115,base,"3,4,5"
10116,base,
10117,base,"3,3"
10118,base,
10119,base,"3,1,5"
10120,base,"1,4,6"
10121,base,
10122,base,
10123,base,"2,5"
10124,base,
10125,base,"3,4,5"
10126,base,"1,5,1"
10127,base,
10128,base,
10129,base,"1,2,2"
10130,base,
10131,base,"1,2,3"
10132,base,
10133,base,"3,4,4"
10134,base,
10135,base,6
10136,base,"1,6,1"
10137,base,"1,2,3"
10138,base,
10139,base,"1,3,4"
10140,base,"2,5,1"
10141,base,
10142,base,
10143,base,"1,2,3"
10144,base,
10145,base,
10146,base,"1,2,3"
10147,base,"3,3"
10148,base,"5,5,5"
10149,base,
10150,base,
10151,base,"1,2,3"
10152,base,
10153,base,
10154,base,"1,6"
10155,base,"1,3,5"
10156,base,"1,3"
10157,base,"1,3,2"
10158,base,
10159,base,
10160,base,"1,2,3"
10161,base,
10162,base,
10163,base,
10164,base,
10165,base,"1,2,3"
10166,base,"3,5,1"
10167,base,"1,1,2"
10168,base,
10169,base,
10170,base,
10171,base,"3,4,2"
10172,base,"3,1,6"
10173,base,"1,3,5"
10174,base,
10175,base,
10176,base,
10177,base,"5,2,3"
10178,base,
10179,base,"1,3,2"
10180,base,
10181,base,"1,5,2"
10182,base,"1,4,3"
10183,base,"5,3,4"
10184,base,
10185,base,"3,4,1"
10186,base,"1,2,3"
10187,base,
10188,base,
10189,base,"3,3,1"
10190,base,"3,2,6"
10191,base,"1,2,3"
10192,base,
10193,base,
10194,base,
10195,base,"1,2,5"
10196,base,"4,5,1"
10197,base,"1,2,5"
10198,base,"1,5,3"
10199,base,
10200,base,"2,6,4"
10201,base,
10202,base,"6,3,5"
10203,base,
10204,base,
10205,base,
10206,base,"2,5,4"
10207,base,"2,5,4"
10208,base,"3,5,6"
10209,base,
10210,base,
10211,base,
10212,base,"1,2,3"
10213,base,
10214,base,"1,6,1"
10215,base,"1,6,3"
10216,base,
10217,base,
10218,base,"1,2,3"
10219,base,
10220,base,"3,6,2"
10221,base,"1,3,5"
10222,base,"1,3,5"
10223,base,
10224,base,
10225,base,"3,4,1"
10226,base,
10227,base,
10228,base,"3,4,5"
10229,base,"3,1,6"
10230,base,
10231,base,
10232,base,"1,2,3"
10233,base,"1,2,3"
10234,base,"1,2,3"
10235,base,"1,3,5"
10236,base,
10237,base,
10238,base,"2,4,4"
10239,base,"3,2,6"
10240,base,
10241,base,"3,4,4"
10242,base,"1,5,3"
10243,base,
10244,base,
10245,base,"3,3,1"
10246,base,
10247,base,"3,5"
10248,base,
10249,base,
10250,base,"1,5,6"
10251,base,"1,6,1"
10252,base,
10253,base,
10254,base,"2,4,1"
10255,base,"1,4,2"
10256,base,
10257,base,
10258,base,
10259,base,
10260,base,"1,2,5"
10261,base,"2,5,3"
10262,base,"5,6,3"
10263,base,"6,1,6"
10264,base,"1,6,4"
10265,base,
10266,base,"4,2,2"
10267,base,"4,5,1"
10268,base,"6,4"
10269,base,
10270,base,
10271,base,
10272,base,"3,5,6"
10273,base,"6,3,1"
10274,base,3
10275,base,
10276,base,
10277,base,"1,3,4"
10278,base,"1,2,3"
10279,base,
10280,base,"1,4"
10281,base,
10282,base,"2,1,5"
10283,base,
10284,base,"1,2,3"
10285,base,"1,2,6"
10286,base,"4,1,2"
10287,base,"1,2,4"
10288,base,"2,4,4"
10289,base,
10290,base,
10291,base,"1,2,3"
10292,base,"3,1,1"
10293,base,"1,2,3"
10294,base,
10295,base,"3,4,5"
10296,base,"6,1,3"
10297,base,"5,6,3"
10298,base,
10299,base,"1,2,3"
10300,base,"1,2,3"
10301,base,"1,2,4"
10302,base,"4,2,1"
10303,base,
10304,base,
10305,base,"4,5,1"
10306,base,
10307,base,
10308,base,"1,2,3"
10309,base,"4,6"
10310,base,"5,2,3"
10311,base,
10312,base,
10313,base,
10314,base,"5,1,3"
10315,base,"1,5,6"
10316,base,
10317,base,"1,2,3"
10318,base,3
10319,base,"2,4,1"
10320,base,"1,3,5"
10321,base,"1,6,4"
10322,base,"3,6,3"
10323,base,"6,1,2"
10324,base,"1,2,4"
10325,base,"1,2,3"
10326,base,"1,5,6"
10327,base,"1,2,3"
10328,base,"1,4,3"
10329,base,
10330,base,"2,2"
10331,base,"1,6,6"
10332,base,
10333,base,
10334,base,"6,1,3"
10335,base,"6,3,5"
10336,base,"1,3,5"
10337,base,
10338,base,
10339,base,
10340,base,
10341,base,"1,3,5"
10342,base,"2,5,6"
10343,base,
10344,base,"1,2,3"
10345,base,"1,2,3"
10346,base,"1,1,6"
10347,base,"1,2,3"
10348,base,
10349,base,"1,2,3"
10350,base,"1,2,3"
10351,base,"5,4,3"
10352,base,
10353,base,"2,5,5"
10354,base,"3,1,6"
10355,base,3
10356,base,"1,5,6"
10357,base,"1,2,3"
10358,base,"1,2,6"
10359,base,
10360,base,"1,2,3"
10361,base,"1,3,1"
10362,base,
10363,base,"1,2,6"
10364,base,
10365,base,
10366,base,"3,5,2"
10367,base,"1,2,3"
10368,base,3
10369,base,
10370,base,
10371,base,"1,5,1"
10372,base,
10373,base,
10374,base,"5,3,2"
10375,base,"3,2,4"
10376,base,"3,6,5"
10377,base,"5,2,6"
10378,base,"6,4,3"
10379,base,"5,4,5"
10380,base,
10381,base,2
10382,base,"3,6,4"
10383,base,
10384,base,"6,3"
10385,base,"3,5,2"
10386,base,"1,1,6"
10387,base,"1,3,6"
10388,base,"3,1,2"
10389,base,"3,1,2"
10390,base,
10391,base,6
10392,base,
10393,base,"1,6,1"
10394,base,"1,2,3"
10395,base,
10396,base,"1,2,5"
10397,base,
10398,base,"1,6,3"
10399,base,
10400,base,"1,2,3"
10401,base,6
10402,base,"1,2,6"
10403,base,"3,5,6"
10404,base,3
10405,base,
10406,base,"1,2,2"
10407,base,"3,4,6"
10408,base,
10409,base,"1,2,3"
10410,base,
10411,base,
10412,base,
10413,base,
10414,base,"1,3,1"
10415,base,
10416,base,"1,3,5"
10417,base,"1,3,4"
10418,base,
10419,base,"1,5,4"
10420,base,"1,2,3"
10421,base,"2,3"
10422,base,
10423,base,
10424,base,"1,2,3"
10425,base,"1,2,3"
10426,base,
10427,base,
10428,base,"3,6"
10429,base,"1,3,5"
10430,base,"1,6,5"
10431,base,
10432,base,"3,6,6"
10433,base,"1,4,3"
10434,base,"2,5,1"
10435,base,
10436,base,"1,2,5"
10437,base,"5,6,3"
10438,base,
10439,base,
10440,base,"3,4,6"
10441,base,
10442,base,
10443,base,"1,2,3"
10444,base,
10445,base,"1,4,3"
10446,base,"2,3,3"
10447,base,
10448,base,"1,1,3"
10449,base,"1,2,3"
10450,base,"1,2,3"
10451,base,
10452,base,"1,2,4"
10453,base,"3,2,5"
10454,base,2
10455,base,
10456,base,"1,4,2"
10457,base,
10458,base,"1,2,3"
10459,base,"1,2,3"
10460,base,"1,1,6"
10461,base,"1,2,3"
10462,base,
10463,base,"1,2,6"
10464,base,"1,4,2"
10465,base,
10466,base,"3,1,4"
10467,base,
10468,base,
10469,base,"1,2,3"
10470,base,
10471,base,3
10472,base,"1,2,3"
10473,base,"3,4,5"
10474,base,"1,2,3"
10475,base,"3,4,1"
10476,base,
10477,base,"1,2,5"
10478,base,
10479,base,
10480,base,"1,2,3"
10481,base,"3,2"
10482,base,
10483,base,"4,5,3"
10484,base,
10485,base,"3,3"
10486,base,
10487,base,"1,4"
10488,base,"3,5,3"
10489,base,"1,3,5"
10490,base,"3,4,1"
10491,base,"2,5"
10492,base,"6,3,1"
10493,base,"3,1,3"
10494,base,"5,1,3"
10495,base,
10496,base,
10497,base,"5,1"
10498,base,"3,4,2"
10499,base,"1,3,5"
10500,base,"5,3,6"
10501,base,
10502,base,"1,3,6"
10503,base,"5,5,1"
10504,base,"3,6,3"
10505,base,"6,5,2"
10506,base,"1,4"
10507,base,"3,4,2"
10508,base,"1,3,5"
10509,base,"3,4,2"
10510,base,
10511,base,"2,4,6"
10512,base,
10513,base,"6,5,2"
10514,base,
10515,base,
10516,base,
10517,base,
10518,base,
10519,base,"3,5"
10520,base,
10521,base,
10522,base,"1,2,3"
10523,base,"3,1,6"
10524,base,"3,4,6"
10525,base,"1,2,3"
10526,base,"5,3,1"
10527,base,
10528,base,
10529,base,"1,6,3"
10530,base,"1,2,3"
10531,base,
10532,base,
10533,base,
10534,base,
10535,base,"1,2,3"
10536,base,1
10537,base,
10538,base,4
10539,base,"1,2,3"
10540,base,"1,2,3"
10541,base,"3,5,6"
10542,base,"2,5,2"
10543,base,
10544,base,
10545,base,
10546,base,
10547,base,"4,6,2"
10548,base,"3,3,3"
10549,base,
10550,base,"1,2,5"
10551,base,
10552,base,3
10553,base,"1,6"
10554,base,"1,5,1"
10555,base,"1,2,3"
10556,base,"1,6,4"
10557,base,"1,2,3"
10558,base,"3,1,5"
10559,base,"1,2,3"
10560,base,
10561,base,
10562,base,
10563,base,"1,2,6"
10564,base,
10565,base,
10566,base,"3,4"
10567,base,
10568,base,"3,4,5"
10569,base,
10570,base,"2,4,5"
10571,base,
10572,base,"1,2,3"
10573,base,
10574,base,"1,4,6"
10575,base,
10576,base,"2,1,4"
10577,base,"1,2,3"
10578,base,
10579,base,"4,6"
10580,base,
10581,base,
10582,base,
10583,base,
10584,base,
10585,base,"1,2,5"
10586,base,
10587,base,"1,2,3"
10588,base,
10589,base,
10590,base,"1,2,3"
10591,base,"1,2,5"
10592,base,"3,3,4"
10593,base,"1,2,3"
10594,base,"3,5,1"
10595,base,"1,2,3"
10596,base,"2,3"
10597,base,"1,5,6"
10598,base,
10599,base,"3,5,2"
10600,base,
10601,base,"1,2,3"
10602,base,
10603,base,"5,6,6"
10604,base,"6,2,2"
10605,base,
10606,base,"2,3"
10607,base,
10608,base,"1,3,5"
10609,base,3
10610,base,
10611,base,
10612,base,
10613,base,
10614,base,
10615,base,"1,2,3"
10616,base,
10617,base,"2,2,2"
10618,base,
10619,base,"2,5,1"
10620,base,"1,2,5"
10621,base,"1,2,3"
10622,base,
10623,base,"2,3,5"
10624,base,6
10625,base,"2,5,1"
10626,base,
10627,base,"1,6,2"
10628,base,"1,2,3"
10629,base,"5,1,2"
10630,base,
10631,base,"3,1,4"
10632,base,
10633,base,"1,2,3"
10634,base,"1,5"
10635,base,"1,2,3"
10636,base,"1,3,5"
10637,base,"1,2,3"
10638,base,
10639,base,
10640,base,
10641,base,
10642,base,"1,3,5"
10643,base,"1,2,3"
10644,base,"1,6,1"
10645,base,
10646,base,"2,3,1"
10647,base,"1,6,2"
10648,base,
10649,base,6
10650,base,"3,6,5"
10651,base,
10652,base,"3,1,5"
10653,base,
10654,base,"1,3,3"
10655,base,"1,2,3"
10656,base,"2,5,4"
10657,base,
10658,base,
10659,base,5
10660,base,"1,1,6"
10661,base,"3,4,5"
10662,base,"5,6,2"
10663,base,
10664,base,
10665,base,
10666,base,
10667,base,"1,2,4"
10668,base,"1,2,5"
10669,base,"3,1,6"
10670,base,"3,1,2"
10671,base,"1,4,5"
10672,base,"2,2,1"
10673,base,
10674,base,
10675,base,
10676,base,
10677,base,"1,1,2"
10678,base,
10679,base,"3,5,3"
10680,base,
10681,base,"3,1,6"
10682,base,"3,1,4"
10683,base,"3,1"
10684,base,"6,6,5"
10685,base,
10686,base,"3,4,5"
10687,base,"2,3,5"
10688,base,"3,4,6"
10689,base,"4,5,6"
10690,base,
10691,base,
10692,base,
10693,base,"1,2,3"
10694,base,"1,2,5"
10695,base,"2,3,5"
10696,base,
10697,base,"1,2,3"
10698,base,"1,4,5"
10699,base,
10700,base,"3,1,2"
10701,base,
10702,base,
10703,base,
10704,base,
10705,base,"1,2,5"
10706,base,"1,2,3"
10707,base,
10708,base,
10709,base,
10710,base,"1,4,5"
10711,base,"1,2,3"
10712,base,
10713,base,"1,2"
10714,base,
10715,base,
10716,base,"3,2,1"
10717,base,
10718,base,
10719,base,"1,4,2"
10720,base,
10721,base,"4,1,1"
10722,base,"2,6"
10723,base,"6,1,3"
10724,base,
10725,base,"1,3,5"
10726,base,
10727,base,"1,3,6"
10728,base,"3,4,6"
10729,base,"1,6,3"
10730,base,"1,3,4"
10731,base,"5,3,6"
10732,base,
10733,base,"1,2,3"
10734,base,"6,1,2"
10735,base,"6,3,3"
10736,base,"1,6,4"
10737,base,"6,4,6"
10738,base,"1,4,2"
10739,base,
10740,base,"1,3,1"
10741,base,
10742,base,"1,6"
10743,base,"1,5,4"
10744,base,
10745,base,"4,3"
10746,base,"4,6,1"
10747,base,"1,2,3"
10748,base,"5,3,6"
10749,base,"1,4,2"
10750,base,"3,1,5"
10751,base,
10752,base,"4,6,2"
10753,base,"1,2,3"
10754,base,
10755,base,
10756,base,"1,6,3"
10757,base,
10758,base,"3,1,1"
10759,base,
10760,base,"1,5"
10761,base,
10762,base,
10763,base,
10764,base,"1,4,4"
10765,base,"1,5,6"
10766,base,"1,3,5"
10767,base,"5,3,6"
10768,base,"4,1,5"
10769,base,"1,5,3"
10770,base,
10771,base,
10772,base,
10773,base,"1,2,3"
10774,base,
10775,base,"3,4,1"
10776,base,"1,3,2"
10777,base,"1,6,5"
10778,base,
10779,base,"4,5,6"
10780,base,
10781,base,"3,1,6"
10782,base,"1,2,3"
10783,base,
10784,base,
10785,base,
10786,base,
10787,base,"1,6,1"
10788,base,
10789,base,
10790,base,
10791,base,3
10792,base,
10793,base,
10794,base,"1,2,3"
10795,base,
10796,base,
10797,base,"4,2,1"
10798,base,
10799,base,"1,2,3"
10800,base,"1,2,3"
10801,base,"1,2,3"
10802,base,"1,3,3"
10803,base,"3,1,6"
10804,base,"1,1,2"
10805,base,"1,4,6"
10806,base,"1,2,3"
10807,base,"1,2"
10808,base,
10809,base,"1,3,4"
10810,base,"1,2,3"
10811,base,"6,3,1"
10812,base,
10813,base,"5,5,5"
10814,base,
10815,base,"1,3,6"
10816,base,"6,4,4"
10817,base,
10818,base,"1,2,3"
10819,base,
10820,base,"1,2,3"
10821,base,"1,2,5"
10822,base,"1,3,6"
10823,base,"1,2,3"
10824,base,"1,2,3"
10825,base,"3,1,6"
10826,base,"1,6,5"
10827,base,
10828,base,"1,4,3"
10829,base,"1,2,6"
10830,base,
10831,base,"2,3,5"
10832,base,"6,1,1"
10833,base,
10834,base,
10835,base,
10836,base,
10837,base,
10838,base,
10839,base,"1,6,1"
10840,base,"1,2,3"
10841,base,"1,2,3"
10842,base,"1,2,3"
10843,base,
10844,base,
10845,base,"1,3,2"
10846,base,"3,2,1"
10847,base,
10848,base,
10849,base,"1,2,3"
10850,base,"3,2,3"
10851,base,
10852,base,"1,2,3"
10853,base,"3,6,3"
10854,base,
10855,base,
10856,base,"1,2,4"
10857,base,
10858,base,"1,3,5"
10859,base,
10860,base,"3,4,6"
10861,base,"4,6"
10862,base,
10863,base,
10864,base,"5,2,6"
10865,base,"1,1,2"
10866,base,
10867,base,"3,3,3"
10868,base,"2,4,1"
10869,base,"2,4,5"
10870,base,"1,2,3"
10871,base,"1,5,3"
10872,base,"1,1,2"
10873,base,
10874,base,"1,2,3"
10875,base,1
10876,base,"1,2,3"
10877,base,
10878,base,"1,6,2"
10879,base,"2,2,4"
10880,base,
10881,base,"1,2,3"
10882,base,
10883,base,"1,2,3"
10884,base,
10885,base,"5,4"
10886,base,"2,5,3"
10887,base,
10888,base,"1,3,2"
10889,base,
10890,base,
10891,base,"1,2,3"
10892,base,"3,6"
10893,base,
10894,base,"1,2,3"
10895,base,"3,6"
10896,base,"2,6,1"
10897,base,"1,3,6"
10898,base,"1,2,3"
10899,base,"6,1,5"
10900,base,"1,1,3"
10901,base,
10902,base,
10903,base,
10904,base,"3,1,6"
10905,base,"1,2,3"
10906,base,
10907,base,"3,2,4"
10908,base,1
10909,base,3
10910,base,"1,2,3"
10911,base,3
10912,base,
10913,base,"1,2,5"
10914,base,"1,2,3"
10915,base,
10916,base,"3,1,1"
10917,base,"1,2,3"
10918,base,
10919,base,"1,5,6"
10920,base,
10921,base,
10922,base,"2,3,5"
10923,base,
10924,base,"3,2,6"
10925,base,
10926,base,
10927,base,
10928,base,
10929,base,"5,5"
10930,base,
10931,base,
10932,base,
10933,base,"1,2,3"
10934,base,"1,2,3"
10935,base,"1,2,3"
10936,base,
10937,base,"1,3,5"
10938,base,
10939,base,
10940,base,
10941,base,3
10942,base,
10943,base,"1,2,3"
10944,base,"2,3"
10945,base,
10946,base,"1,6,1"
10947,base,"1,2,3"
10948,base,"2,6,4"
10949,base,"1,3,6"
10950,base,
10951,base,
10952,base,"2,3,4"
10953,base,"1,4,4"
10954,base,
10955,base,
10956,base,
10957,base,
10958,base,
10959,base,"4,4,6"
10960,base,
10961,base,"3,5,2"
10962,base,"1,1,1"
10963,base,
10964,base,
10965,base,
10966,base,"1,2,3"
10967,base,"1,2,3"
10968,base,"1,4,3"
10969,base,
10970,base,"5,1,5"
10971,base,"1,4,1"
10972,base,
10973,base,
10974,base,"3,5,6"
10975,base,
10976,base,
10977,base,1
10978,base,"3,3,3"
10979,base,
10980,base,
10981,base,
10982,base,"1,3,5"
10983,base,
10984,base,"1,2,3"
10985,base,
10986,base,3
10987,base,
10988,base,3
10989,base,"1,2,3"
10990,base,"3,3,4"
10991,base,"1,2,3"
10992,base,"4,3,1"
10993,base,
10994,base,"1,2,3"
10995,base,
10996,base,"1,2,3"
10997,base,"3,1,2"
10998,base,"1,2,3"
10999,base,"2,4,4"
11000,base,3
11001,base,"1,3,3"
11002,base,"1,1,1"
11003,base,
11004,base,"1,2,6"
11005,base,
11006,base,
11007,base,"1,3,5"
11008,base,
11009,base,"2,6,1"
11010,base,
11011,base,"4,5,6"
11012,base,3
11013,base,
11014,base,3
11015,base,"1,6,3"
11016,base,
11017,base,"1,4,5"
11018,base,"1,2,3"
11019,base,"1,3,1"
11020,base,"3,6"
11021,base,"2,4,6"
11022,base,"1,2,5"
11023,base,
11024,base,
11025,base,"1,4,6"
11026,base,"1,2,3"
11027,base,"1,2,3"
11028,base,"1,3,4"
11029,base,"3,2,5"
11030,base,"1,4,6"
11031,base,
11032,base,"1,5,6"
11033,base,
11034,base,
11035,base,"3,1,2"
11036,base,"6,1,1"
11037,base,
11038,base,
11039,base,"3,5,3"
11040,base,
11041,base,
11042,base,"1,6"
11043,base,
11044,base,"1,4,2"
11045,base,"1,2,5"
11046,base,
11047,base,"1,3,5"
11048,base,
11049,base,"1,2,3"
11050,base,"1,4,1"
11051,base,"1,4,5"
11052,base,"1,2,3"
11053,base,"1,2,5"
11054,base,"2,5,3"
11055,base,"1,2,3"
11056,base,
11057,base,"1,3,1"
11058,base,
11059,base,"1,2,3"
11060,base,"3,5"
11061,base,"1,5"
11062,base,"1,2,3"
11063,base,"1,2,3"
11064,base,
11065,base,
11066,base,
11067,base,"3,1,6"
11068,base,
11069,base,
11070,base,3
11071,base,"1,6"
11072,base,
11073,base,
11074,base,"1,2,3"
11075,base,
11076,base,"1,2,3"
11077,base,"1,2,3"
11078,base,"3,1,6"
11079,base,
11080,base,"1,3,5"
11081,base,"5,1,1"
11082,base,"1,2"
11083,base,"3,2,5"
11084,base,
11085,base,
11086,base,"1,2,3"
11087,base,"1,2,3"
11088,base,
11089,base,"3,4,6"
11090,base,
11091,base,"1,2,4"
11092,base,
11093,base,"1,3,5"
11094,base,
11095,base,
11096,base,
11097,base,"1,4,6"
11098,base,
11099,base,
11100,base,"1,2,3"
11101,base,"4,1,6"
11102,base,
11103,base,"3,1"
11104,base,"1,3,2"
11105,base,"1,4,6"
11106,base,"1,2,3"
11107,base,
11108,base,
11109,base,"4,3,1"
11110,base,"1,2,3"
11111,base,
11112,base,"2,4,4"
11113,base,
11114,base,"1,1,1"
11115,base,4
11116,base,
11117,base,"1,2,3"
11118,base,"3,1,1"
11119,base,
11120,base,
11121,base,
11122,base,
11123,base,
11124,base,
11125,base,
11126,base,"3,4,5"
11127,base,"5,1,6"
11128,base,
11129,base,
11130,base,
11131,base,
11132,base,"1,6,1"
11133,base,"2,3"
11134,base,
11135,base,
11136,base,5
11137,base,"1,6,1"
11138,base,
11139,base,"1,6,1"
11140,base,
11141,base,"3,2"
11142,base,
11143,base,"1,2,3"
11144,base,"3,2,1"
11145,base,
11146,base,"3,3,5"
11147,base,
11148,base,
11149,base,"1,2,3"
11150,base,"3,1,6"
11151,base,"1,1,5"
11152,base,
11153,base,
11154,base,
11155,base,
11156,base,
11157,base,"6,6,6"
11158,base,"5,4,1"
11159,base,
11160,base,"5,3,6"
11161,base,"2,5,5"
11162,base,
11163,base,"5,4,3"
11164,base,"1,3,2"
11165,base,"1,2,3"
11166,base,
11167,base,
11168,base,
11169,base,
11170,base,"1,2,3"
11171,base,"1,3,6"
11172,base,"3,4,5"
11173,base,"4,4,3"
11174,base,
11175,base,"3,1,6"
11176,base,"1,2,3"
11177,base,
11178,base,
11179,base,"3,4,5"
11180,base,
11181,base,"1,3,6"
11182,base,
11183,base,"1,2,3"
11184,base,"1,3,5"
11185,base,
11186,base,"1,3,1"
11187,base,"1,4,5"
11188,base,
11189,base,
11190,base,"5,1"
11191,base,"1,3"
11192,base,
11193,base,
11194,base,2
11195,base,"1,2,3"
11196,base,"3,6,3"
11197,base,"1,2,3"
11198,base,
11199,base,"3,5"
11200,base,
11201,base,"3,5,6"
11202,base,
11203,base,
11204,base,
11205,base,
11206,base,
11207,base,"5,6"
11208,base,
11209,base,
11210,base,
11211,base,"3,3,2"
11212,base,"1,2,3"
11213,base,
11214,base,"3,5,4"
11215,base,"2,1,5"
11216,base,"3,4,1"
11217,base,
11218,base,"2,3"
11219,base,"6,6,1"
11220,base,
11221,base,
11222,base,"1,2,3"
11223,base,
11224,base,
11225,base,
11226,base,"1,2,3"
11227,base,
11228,base,"5,4,3"
11229,base,"6,1,6"
11230,base,
11231,base,
11232,base,
11233,base,
11234,base,
11235,base,"1,3,5"
11236,base,"5,1,2"
11237,base,"1,3,5"
11238,base,"1,2,3"
11239,base,"1,5,6"
11240,base,
11241,base,
11242,base,"3,1,4"
11243,base,
11244,base,"1,3,6"
11245,base,
11246,base,"2,3,5"
11247,base,
11248,base,"1,2,3"
11249,base,
11250,base,"1,2,3"
11251,base,"3,5,2"
11252,base,"1,5,3"
11253,base,
11254,base,"1,2,6"
11255,base,"5,6,3"
11256,base,"5,5,3"
11257,base,"2,4,1"
11258,base,
11259,base,"3,2,3"
11260,base,
11261,base,"1,2,3"
11262,base,"1,1,1"
11263,base,"1,2,5"
11264,base,
11265,base,
11266,base,"5,6,4"
11267,base,1
11268,base,3
11269,base,
11270,base,
11271,base,
11272,base,
11273,base,
11274,base,"1,5,2"
11275,base,
11276,base,"6,5,3"
11277,base,
11278,base,"1,1,6"
11279,base,
11280,base,
11281,base,
11282,base,"1,2,3"
11283,base,"2,5,3"
11284,base,"4,6,3"
11285,base,"1,2,3"
11286,base,"3,2"
11287,base,"1,2,3"
11288,base,"4,3"
11289,base,
11290,base,"1,4,5"
11291,base,"1,2,3"
11292,base,
11293,base,"1,1,2"
11294,base,
11295,base,"1,2,3"
11296,base,"1,6,1"
11297,base,
11298,base,"1,6,1"
11299,base,
11300,base,"6,6,6"
11301,base,"1,5,6"
11302,base,
11303,base,
11304,base,"1,6,4"
11305,base,
11306,base,
11307,base,
11308,base,"1,2,3"
11309,base,"2,1,3"
11310,base,
11311,base,"1,2,3"
11312,base,
11313,base,"1,5,4"
11314,base,"6,3,1"
11315,base,
11316,base,
11317,base,"1,6"
11318,base,
11319,base,"1,2,3"
11320,base,
11321,base,
11322,base,
11323,base,
11324,base,
11325,base,"5,2,6"
11326,base,"1,6,3"
11327,base,"1,2,3"
11328,base,"1,2,3"
11329,base,"2,2,5"
11330,base,
11331,base,
11332,base,
11333,base,
11334,base,
11335,base,
11336,base,
11337,base,"1,2,6"
11338,base,"3,1,4"
11339,base,"5,1,3"
11340,base,
11341,base,"1,6,3"
11342,base,"1,2,3"
11343,base,"1,2,3"
11344,base,
11345,base,
11346,base,
11347,base,"3,4,5"
11348,base,"1,5,3"
11349,base,"6,5,5"
11350,base,"1,2,3"
11351,base,"5,2,2"
11352,base,
11353,base,"1,2,3"
11354,base,
11355,base,"3,4,6"
11356,base,"1,3"
11357,base,
11358,base,"3,6,2"
11359,base,"3,2,3"
11360,base,"1,1,6"
11361,base,
11362,base,
11363,base,"1,2,3"
11364,base,"1,2,3"
11365,base,"4,3,5"
11366,base,
11367,base,"2,4,6"
11368,base,
11369,base,
11370,base,"5,2"
11371,base,"3,4,5"
11372,base,
11373,base,
11374,base,3
11375,base,"2,3,4"
11376,base,"3,6"
11377,base,
11378,base,
11379,base,"2,2,4"
11380,base,
11381,base,"3,5,6"
11382,base,
11383,base,
11384,base,"3,6,2"
11385,base,
11386,base,"5,6,3"
11387,base,
11388,base,
11389,base,"1,2,3"
11390,base,"1,2,3"
11391,base,
11392,base,
11393,base,"6,4,3"
11394,base,"1,2,4"
11395,base,
11396,base,
11397,base,
11398,base,"1,2,3"
11399,base,"1,2,3"
11400,base,"1,4,4"
11401,base,
11402,base,
11403,base,
11404,base,"3,6,5"
11405,base,
11406,base,"1,5,6"
11407,base,"6,1,2"
11408,base,6
11409,base,"1,2,3"
11410,base,
11411,base,"5,4,3"
11412,base,3
11413,base,"2,4,3"
11414,base,"1,2,3"
11415,base,
11416,base,"2,1,1"
11417,base,"1,3,5"
11418,base,"5,3,4"
11419,base,"1,6,1"
11420,base,
11421,base,"1,2,4"
11422,base,"5,3,2"
11423,base,"1,2,3"
11424,base,"3,3,2"
11425,base,"4,2,6"
11426,base,"2,4,5"
11427,base,
11428,base,"1,6,3"
11429,base,"1,6,6"
11430,base,
11431,base,
11432,base,
11433,base,
11434,base,
11435,base,"1,2,3"
11436,base,"1,2,5"
11437,base,"3,6,1"
11438,base,3
11439,base,"6,1,2"
11440,base,
11441,base,"1,2,3"
11442,base,
11443,base,"1,2,3"
11444,base,
11445,base,1
11446,base,
11447,base,
11448,base,"3,1,6"
11449,base,"3,6,1"
11450,base,
11451,base,"1,2,3"
11452,base,"6,1,5"
11453,base,
11454,base,"1,6,3"
11455,base,
11456,base,
11457,base,"1,2,3"
11458,base,3
11459,base,
11460,base,
11461,base,"3,4,5"
11462,base,3
11463,base,"1,3,6"
11464,base,
11465,base,"2,5,6"
11466,base,
11467,base,"1,2,1"
11468,base,
11469,base,
11470,base,
11471,base,"1,2,3"
11472,base,
11473,base,
11474,base,"3,6,3"
11475,base,
11476,base,"1,6,1"
11477,base,"5,6,6"
11478,base,
11479,base,"3,2,4"
11480,base,"1,6,1"
11481,base,
11482,base,
11483,base,2
11484,base,"1,2,3"
11485,base,
11486,base,
11487,base,"1,6,5"
11488,base,"2,3,1"
11489,base,
11490,base,
11491,base,
11492,base,"2,2,2"
11493,base,
11494,base,"3,5"
11495,base,
11496,base,
11497,base,
11498,base,
11499,base,"3,5,2"
11500,base,"3,6,4"
11501,base,"3,4,5"
11502,base,"1,1,1"
11503,base,"6,2,3"
11504,base,"1,1"
11505,base,"1,2,3"
11506,base,"1,2,3"
11507,base,"1,2,3"
11508,base,"1,6,3"
11509,base,
11510,base,"5,6,4"
11511,base,
11512,base,"1,2,3"
11513,base,"1,2,3"
11514,base,3
11515,base,"2,5,1"
11516,base,
11517,base,"3,6"
11518,base,
11519,base,"5,3,2"
11520,base,"1,1,6"
11521,base,"3,1"
11522,base,"2,2,2"
11523,base,
11524,base,"1,2,3"
11525,base,
11526,base,
11527,base,"1,2,3"
11528,base,
11529,base,
11530,base,
11531,base,"1,2,3"
11532,base,
11533,base,
11534,base,"1,2"
11535,base,
11536,base,"1,2,3"
11537,base,
11538,base,
11539,base,
11540,base,"1,3,5"
11541,base,
11542,base,"3,6,1"
11543,base,"3,1,2"
11544,base,
11545,base,"3,2,3"
11546,base,"1,3,1"
11547,base,
11548,base,"1,2,3"
11549,base,
11550,base,"1,2,3"
11551,base,"3,4"
11552,base,
11553,base,"4,6"
11554,base,
11555,base,"1,2,3"
11556,base,
11557,base,"3,3,2"
11558,base,"3,1,6"
11559,base,"3,3,3"
11560,base,
11561,base,"1,6"
11562,base,"1,4,6"
11563,base,
11564,base,"2,1,2"
11565,base,
11566,base,
11567,base,
11568,base,
11569,base,
11570,base,
11571,base,
11572,base,
11573,base,
11574,base,"3,4,1"
11575,base,"6,2,5"
11576,base,"1,2,3"
11577,base,
11578,base,
11579,base,"5,1,1"
11580,base,"6,3"
11581,base,"2,2,4"
11582,base,"1,2,3"
11583,base,"4,5,6"
11584,base,
11585,base,
11586,base,
11587,base,"4,5,3"
11588,base,"2,5,2"
11589,base,
11590,base,
11591,base,"1,3,5"
11592,base,"1,2,3"
11593,base,
11594,base,
11595,base,
11596,base,
11597,base,"1,2,3"
11598,base,"1,4,2"
11599,base,"3,3,3"
11600,base,"3,2,5"
11601,base,"1,3,5"
11602,base,"1,5,2"
11603,base,"1,2,3"
11604,base,"1,2,4"
11605,base,"6,3,1"
11606,base,"3,3,3"
11607,base,"1,3,2"
11608,base,"1,2,5"
11609,base,
11610,base,"3,1,6"
11611,base,"1,1,6"
11612,base,"2,6,3"
11613,base,
11614,base,"2,5,4"
11615,base,"1,4,3"
11616,base,
11617,base,
11618,base,
11619,base,"3,5,3"
11620,base,2
11621,base,"5,3"
11622,base,"1,4,5"
11623,base,
11624,base,"3,2,1"
11625,base,
11626,base,"6,1,6"
11627,base,"3,4"
11628,base,"1,4,6"
11629,base,"3,5,6"
11630,base,"1,2,3"
11631,base,
11632,base,
11633,base,
11634,base,"6,2"
11635,base,
11636,base,"1,2,3"
11637,base,
11638,base,
11639,base,
11640,base,
11641,base,"3,5,1"
11642,base,
11643,base,"1,1"
11644,base,"4,2,5"
11645,base,"5,3,5"
11646,base,"1,3,6"
11647,base,"4,3,6"
11648,base,"6,3,1"
11649,base,"2,6,2"
11650,base,
11651,base,
11652,base,
11653,base,"1,2,3"
11654,base,
11655,base,"3,2,4"
11656,base,"4,1"
11657,base,
11658,base,
11659,base,"1,2,3"
11660,base,"3,3"
11661,base,
11662,base,
11663,base,"3,5,6"
11664,base,
11665,base,
11666,base,1
11667,base,"1,6,1"
11668,base,"5,2,3"
11669,base,"2,4,6"
11670,base,"3,5,1"
11671,base,"3,2,1"
11672,base,
11673,base,"1,2,3"
11674,base,
11675,base,"3,4"
11676,base,"1,2,3"
11677,base,"1,2,3"
11678,base,
11679,base,"1,6,1"
11680,base,"1,2"
11681,base,
11682,base,"1,2,3"
11683,base,
11684,base,
11685,base,
11686,base,"1,2,3"
11687,base,
11688,base,"1,4,6"
11689,base,"2,3,6"
11690,base,
11691,base,"4,5,6"
11692,base,"1,2,3"
11693,base,"1,2,3"
11694,base,"1,2,3"
11695,base,"3,1,4"
11696,base,
11697,base,"6,2,4"
11698,base,"1,1,6"
11699,base,
11700,base,"2,2,1"
11701,base,"1,6,1"
11702,base,
11703,base,
11704,base,
11705,base,
11706,base,3
11707,base,
11708,base,"1,2,3"
11709,base,
11710,base,"2,5,1"
11711,base,"4,6"
11712,base,"5,3"
11713,base,"1,2,3"
11714,base,
11715,base,
11716,base,"3,2"
11717,base,
11718,base,"1,5"
11719,base,"1,2,3"
11720,base,"2,4,1"
11721,base,"5,2"
11722,base,
11723,base,
11724,base,
11725,base,1
11726,base,
11727,base,"1,2,3"
11728,base,
11729,base,"1,6,3"
11730,base,
11731,base,
11732,base,
11733,base,"1,4,3"
11734,base,
11735,base,"3,1"
11736,base,
11737,base,"2,1,3"
11738,base,
11739,base,"6,3"
11740,base,
11741,base,
11742,base,"1,3"
11743,base,"1,6"
11744,base,"1,2,4"
11745,base,"3,1,2"
11746,base,
11747,base,
11748,base,"1,2,3"
11749,base,
11750,base,
11751,base,
11752,base,
11753,base,
11754,base,
11755,base,1
11756,base,
11757,base,
11758,base,"1,2,3"
11759,base,
11760,base,
11761,base,
11762,base,"1,2"
11763,base,
11764,base,
11765,base,
11766,base,
11767,base,
11768,base,
11769,base,"1,6,6"
11770,base,
11771,base,
11772,base,
11773,base,"1,2,3"
11774,base,
11775,base,"1,2,5"
11776,base,"3,1,6"
11777,base,"1,2,3"
11778,base,"4,1,2"
11779,base,"4,5,2"
11780,base,
11781,base,
11782,base,"6,1"
11783,base,"1,4,6"
11784,base,"2,4,3"
11785,base,"2,3,1"
11786,base,
11787,base,"1,3,5"
11788,base,
11789,base,3
11790,base,"1,2,4"
11791,base,"2,2"
11792,base,"1,2,3"
11793,base,
11794,base,"1,3"
11795,base,
11796,base,"1,1"
11797,base,"3,6,2"
11798,base,"1,2,3"
11799,base,
11800,base,
11801,base,"4,2,1"
11802,base,"3,6,1"
11803,base,"1,4,5"
11804,base,"1,2,3"
11805,base,
11806,base,"2,3,4"
11807,base,"4,3,2"
11808,base,"1,2,3"
11809,base,"2,4,3"
11810,base,
11811,base,"1,2,4"
11812,base,"4,3,5"
11813,base,"3,3,1"
11814,base,
11815,base,"3,5,6"
11816,base,"1,2,3"
11817,base,"1,5,6"
11818,base,"1,2,3"
11819,base,
11820,base,
11821,base,
11822,base,"1,2"
11823,base,6
11824,base,"1,5,3"
11825,base,"1,2,3"
11826,base,"4,2,1"
11827,base,
11828,base,
11829,base,"1,6,3"
11830,base,"1,2"
11831,base,"1,3,2"
11832,base,"1,6,1"
11833,base,
11834,base,"1,2,3"
11835,base,
11836,base,
11837,base,"1,2,3"
11838,base,"1,4"
11839,base,"1,2,3"
11840,base,
11841,base,"1,2,3"
11842,base,"1,6,3"
11843,base,"1,6,3"
11844,base,"2,3,5"
11845,base,
11846,base,
11847,base,"1,2,3"
11848,base,"5,6,1"
11849,base,
11850,base,"1,6"
11851,base,"3,3"
11852,base,"1,2,3"
11853,base,"3,1,6"
11854,base,
11855,base,1
11856,base,
11857,base,
11858,base,"2,3,6"
11859,base,"1,2,5"
11860,base,
11861,base,
11862,base,
11863,base,"1,2,3"
11864,base,
11865,base,"1,2,4"
11866,base,"1,2,3"
11867,base,"3,1,3"
11868,base,3
11869,base,
11870,base,"1,3,2"
11871,base,"1,4,2"
11872,base,"3,5,6"
11873,base,
11874,base,"6,6"
11875,base,
11876,base,"1,6"
11877,base,"1,2,3"
11878,base,"5,2"
11879,base,
11880,base,
11881,base,"6,6"
11882,base,"6,4,3"
11883,base,3
11884,base,"1,2,3"
11885,base,"1,2,3"
11886,base,"1,2,5"
11887,base,"1,1,6"
11888,base,"5,3"
11889,base,"1,2,3"
11890,base,"4,5,6"
11891,base,"1,2,3"
11892,base,"4,5,6"
11893,base,"1,5,3"
11894,base,
11895,base,"1,2,3"
11896,base,"1,2,3"
11897,base,
11898,base,"1,2,3"
11899,base,"1,2,5"
11900,base,
11901,base,
11902,base,"1,2,3"
11903,base,"1,2,4"
11904,base,"1,2,3"
11905,base,"1,1"
11906,base,"4,4"
11907,base,
11908,base,
11909,base,"1,2,3"
11910,base,
11911,base,
11912,base,
11913,base,
11914,base,
11915,base,"5,3,4"
11916,base,
11917,base,"4,5,6"
11918,base,
11919,base,"2,4,1"
11920,base,"4,2,1"
11921,base,"1,5,1"
11922,base,"3,6,3"
11923,base,
11924,base,"1,2,3"
11925,base,"1,2,3"
11926,base,
11927,base,"1,2,6"
11928,base,
11929,base,"1,2,3"
11930,base,"1,2,3"
11931,base,1
11932,base,"1,6,1"
11933,base,"2,3,1"
11934,base,
11935,base,
11936,base,
11937,base,"1,2,3"
11938,base,3
11939,base,"1,3,5"
11940,base,
11941,base,
11942,base,"1,5,2"
11943,base,
11944,base,"1,4"
11945,base,"1,2,3"
11946,base,"1,3,4"
11947,base,"3,1,2"
11948,base,"1,2,3"
11949,base,
11950,base,"6,1,5"
11951,base,3
11952,base,
11953,base,"1,6,5"
11954,base,"2,4,3"
11955,base,"1,3,2"
11956,base,"1,4,3"
11957,base,"2,3,6"
11958,base,"3,1,5"
11959,base,"1,2,3"
11960,base,
11961,base,"3,1,3"
11962,base,"1,3,5"
11963,base,
11964,base,"1,6,1"
11965,base,"1,5,3"
11966,base,"1,3,4"
11967,base,
11968,base,
11969,base,
11970,base,"3,5,1"
11971,base,
11972,base,"3,1,6"
11973,base,"1,6,3"
11974,base,
11975,base,
11976,base,"1,1,2"
11977,base,"1,2,3"
11978,base,
11979,base,3
11980,base,
11981,base,"1,2,3"
11982,base,"1,2,3"
11983,base,
11984,base,"1,2,3"
11985,base,6
11986,base,"1,2,3"
11987,base,
11988,base,
11989,base,
11990,base,"1,4,4"
11991,base,
11992,base,"5,5,4"
11993,base,
11994,base,
11995,base,
11996,base,"2,4,5"
11997,base,"3,1,6"
11998,base,"1,2,3"
11999,base,"5,4,3"
12000,base,
12001,base,"2,5,1"
12002,base,"1,2,3"
12003,base,
12004,base,
12005,base,
12006,base,6
12007,base,"1,1"
12008,base,
12009,base,
12010,base,
12011,base,"1,1,1"
12012,base,"1,2,6"
12013,base,"1,2,3"
12014,base,
12015,base,"1,6,1"
12016,base,
12017,base,"1,2,3"
12018,base,"1,4,2"
12019,base,
12020,base,
12021,base,
12022,base,"6,1,5"
12023,base,"3,3,1"
12024,base,
12025,base,"1,2"
12026,base,"3,3,2"
12027,base,
12028,base,"4,6,3"
12029,base,
12030,base,"2,3,2"
12031,base,
12032,base,3
12033,base,
12034,base,3
12035,base,"1,3"
12036,base,"1,3,2"
12037,base,
12038,base,"1,2,3"
12039,base,"3,3,3"
12040,base,"2,4,6"
12041,base,"4,5,6"
12042,base,"1,6,1"
12043,base,
12044,base,
12045,base,
12046,base,"1,6,3"
12047,base,"3,1,6"
12048,base,"1,2,4"
12049,base,"1,2,3"
12050,base,
12051,base,"3,5,1"
12052,base,"5,3"
12053,base,"1,2,3"
12054,base,
12055,base,
12056,base,"3,1,6"
12057,base,"2,4,3"
12058,base,
12059,base,"1,2,5"
12060,base,
12061,base,
12062,base,
12063,base,
12064,base,"3,5,2"
12065,base,"1,2,5"
12066,base,"3,4"
12067,base,
12068,base,3
12069,base,
12070,base,
12071,base,
12072,base,
12073,base,
12074,base,"3,3,3"
12075,base,"1,3,2"
12076,base,
12077,base,
12078,base,"3,4,5"
12079,base,
12080,base,"3,6,5"
12081,base,"5,1,2"
12082,base,"5,3,6"
12083,base,"5,2,3"
12084,base,"2,2,4"
12085,base,
12086,base,
12087,base,"3,4,5"
12088,base,"4,6,1"
12089,base,
12090,base,"1,6,5"
12091,base,"1,2,3"
12092,base,"1,3,2"
12093,base,
12094,base,
12095,base,3
12096,base,
12097,base,"1,6,2"
12098,base,
12099,base,
12100,base,"1,2,5"
12101,base,
12102,base,"1,5"
12103,base,
12104,base,
12105,base,
12106,base,"4,1,2"
12107,base,"1,2,3"
12108,base,
12109,base,"5,1,5"
12110,base,
12111,base,
12112,base,"1,4,4"
12113,base,
12114,base,
12115,base,
12116,base,
12117,base,5
12118,base,"1,2,3"
12119,base,
12120,base,"1,2,3"
12121,base,"1,2,3"
12122,base,"3,5,1"
12123,base,"1,3,2"
12124,base,"6,3,4"
12125,base,
12126,base,"2,3,3"
12127,base,
12128,base,"2,1,4"
12129,base,
12130,base,
12131,base,
12132,base,
12133,base,
12134,base,"6,1,3"
12135,base,
12136,base,
12137,base,
12138,base,"1,2,6"
12139,base,"1,3,2"
12140,base,"1,6,4"
12141,base,"1,2,3"
12142,base,"6,1,6"
12143,base,"1,2,3"
12144,base,"1,2,3"
12145,base,
12146,base,
12147,base,"1,2,3"
12148,base,"1,3,6"
12149,base,"1,1,4"
12150,base,
12151,base,1
12152,base,
12153,base,
12154,base,
12155,base,"1,2,3"
12156,base,
12157,base,
12158,base,"1,2,3"
12159,base,"1,6,3"
12160,base,
12161,base,"1,1,1"
12162,base,
12163,base,
12164,base,"3,5,4"
12165,base,
12166,base,"1,2,4"
12167,base,
12168,base,"1,2,3"
12169,base,"1,6,2"
12170,base,"4,4,1"
12171,base,
12172,base,
12173,base,"3,1,6"
12174,base,
12175,base,
12176,base,
12177,base,"1,5,1"
12178,base,
12179,base,"4,6,1"
12180,base,
12181,base,
12182,base,"1,2,3"
12183,base,
12184,base,"1,2,3"
12185,base,
12186,base,
12187,base,3
12188,base,3
12189,base,"1,2,3"
12190,base,"1,2,3"
12191,base,
12192,base,"1,6,3"
12193,base,
12194,base,"4,6,3"
12195,base,
12196,base,
12197,base,"5,5"
12198,base,
12199,base,"3,1,6"
12200,base,"1,6,1"
12201,base,"1,2,3"
12202,base,
12203,base,
12204,base,"1,2,3"
12205,base,
12206,base,"2,4,2"
12207,base,1
12208,base,"3,1,2"
12209,base,
12210,base,"1,2,3"
12211,base,
12212,base,
12213,base,"1,6,3"
12214,base,
12215,base,
12216,base,
12217,base,
12218,base,"1,2,3"
12219,base,"2,6,6"
12220,base,
12221,base,"2,5,3"
12222,base,"1,2,3"
12223,base,"1,2,3"
12224,base,
12225,base,
12226,base,
12227,base,"3,6,5"
12228,base,3
12229,base,"1,3,2"
12230,base,"1,1,6"
12231,base,"1,6"
12232,base,"5,1,6"
12233,base,
12234,base,
12235,base,1
12236,base,"1,2,5"
12237,base,"1,2,3"
12238,base,5
12239,base,
12240,base,
12241,base,
12242,base,
12243,base,"2,5,4"
12244,base,"1,6"
12245,base,
12246,base,
12247,base,"3,5,1"
12248,base,
12249,base,"1,2"
12250,base,"5,3,1"
12251,base,
12252,base,
12253,base,"1,2,3"
12254,base,"3,6,1"
12255,base,"1,2,6"
12256,base,"3,6,1"
12257,base,"6,4,5"
12258,base,"1,2,4"
12259,base,2
12260,base,"6,1,1"
12261,base,"1,1"
12262,base,
12263,base,"1,2,3"
12264,base,"3,3,5"
12265,base,
12266,base,"1,2,3"
12267,base,
12268,base,"1,2,3"
12269,base,
12270,base,
12271,base,
12272,base,
12273,base,
12274,base,"1,6,6"
12275,base,"1,2,3"
12276,base,
12277,base,"1,3,2"
12278,base,"3,2,5"
12279,base,
12280,base,"1,2,3"
12281,base,"1,3,5"
12282,base,"5,2,6"
12283,base,"3,1,6"
12284,base,
12285,base,"2,3,6"
12286,base,
12287,base,
12288,base,
12289,base,
12290,base,
12291,base,"3,5"
12292,base,"1,6"
12293,base,"1,5,6"
12294,base,"1,2,3"
12295,base,
12296,base,
12297,base,"3,4"
12298,base,
12299,base,"1,2,3"
12300,base,
12301,base,"3,4,1"
12302,base,"3,6,4"
12303,base,
12304,base,"1,5,2"
12305,base,"3,4,5"
12306,base,
12307,base,"6,2,3"
12308,base,"1,2,3"
12309,base,"3,2,3"
12310,base,"1,2,3"
12311,base,
12312,base,"5,2,3"
12313,base,3
12314,base,"1,2,3"
12315,base,"1,3,4"
12316,base,
12317,base,
12318,base,
12319,base,
12320,base,
12321,base,
12322,base,"3,1,6"
12323,base,
12324,base,
12325,base,
12326,base,"1,5,3"
12327,base,"1,6,3"
12328,base,"3,3,6"
12329,base,"1,2,3"
12330,base,3
12331,base,
12332,base,
12333,base,
12334,base,
12335,base,
12336,base,
12337,base,"1,6,5"
12338,base,
12339,base,
12340,base,"1,2,3"
12341,base,"2,4"
12342,base,"1,2,4"
12343,base,"4,6"
12344,base,"1,2,3"
12345,base,"2,4,5"
12346,base,"3,1,5"
12347,base,"1,2,3"
12348,base,"1,4,1"
12349,base,"1,5,5"
12350,base,"1,2,3"
12351,base,"6,2,5"
12352,base,"1,2,3"
12353,base,"6,2,5"
12354,base,
12355,base,
12356,base,1
12357,base,
12358,base,
12359,base,
12360,base,
12361,base,"2,5,3"
12362,base,
12363,base,
12364,base,"1,3,2"
12365,base,"1,2,4"
12366,base,
12367,base,"1,5,6"
12368,base,"3,5,5"
12369,base,"2,3,3"
12370,base,
12371,base,
12372,base,"3,1,2"
12373,base,
12374,base,
12375,base,"3,1,6"
12376,base,"1,6,3"
12377,base,"1,2,3"
12378,base,
12379,base,"3,4,5"
12380,base,
12381,base,"4,6,5"
12382,base,"6,1,3"
12383,base,
12384,base,
12385,base,
12386,base,
12387,base,
12388,base,
12389,base,
12390,base,"3,2,1"
12391,base,
12392,base,"2,1,3"
12393,base,"1,2,3"
12394,base,
12395,base,"1,2,1"
12396,base,"1,3,5"
12397,base,"2,5,4"
12398,base,"3,4,3"
12399,base,
12400,base,"1,2,3"
12401,base,
12402,base,"1,2,5"
12403,base,
12404,base,"1,2,5"
12405,base,"1,2,3"
12406,base,
12407,base,"2,3,6"
12408,base,
12409,base,
12410,base,"3,6,4"
12411,base,"2,4,6"
12412,base,
12413,base,
12414,base,"4,1,6"
12415,base,"2,5,5"
12416,base,"1,2,5"
12417,base,1
12418,base,
12419,base,"3,4"
12420,base,
12421,base,
12422,base,"1,2,3"
12423,base,3
12424,base,
12425,base,"3,4,4"
12426,base,"3,4,3"
12427,base,
12428,base,
12429,base,
12430,base,
12431,base,
12432,base,"1,2,5"
12433,base,"3,4,1"
12434,base,"4,1,2"
12435,base,"1,5,4"
12436,base,"1,3,2"
12437,base,"2,3,3"
12438,base,"4,2"
12439,base,"2,4,1"
12440,base,"1,2,3"
12441,base,
12442,base,"2,5,1"
12443,base,
12444,base,6
12445,base,"2,6,1"
12446,base,
12447,base,"1,5,3"
12448,base,"1,2,3"
12449,base,
12450,base,
12451,base,"4,4"
12452,base,"1,2,6"
12453,base,
12454,base,
12455,base,
12456,base,"3,6"
12457,base,"2,2,2"
12458,base,
12459,base,
12460,base,"1,2,3"
12461,base,"1,2,5"
12462,base,
12463,base,"2,5"
12464,base,
12465,base,
12466,base,"5,3,6"
12467,base,"1,2,3"
12468,base,"1,2,3"
12469,base,"1,6"
12470,base,"1,2,3"
12471,base,
12472,base,
12473,base,
12474,base,
12475,base,"3,4,5"
12476,base,"1,2,3"
12477,base,"1,2,5"
12478,base,3
12479,base,
12480,base,5
12481,base,"1,2,3"
12482,base,
12483,base,
12484,base,
12485,base,"2,4"
12486,base,
12487,base,"1,1"
12488,base,
12489,base,"4,6,3"
12490,base,
12491,base,
12492,base,
12493,base,
12494,base,"1,2,3"
12495,base,"3,3"
12496,base,"1,4,5"
12497,base,
12498,base,"3,5,4"
12499,base,
12500,base,"1,2,3"
12501,base,
12502,base,
12503,base,"1,2,3"
12504,base,"3,1,6"
12505,base,"1,6,3"
12506,base,
12507,base,"1,2,3"
12508,base,
12509,base,"1,3,1"
12510,base,"1,2,3"
12511,base,"3,1,3"
12512,base,
12513,base,"1,3,4"
12514,base,
12515,base,
12516,base,"2,5"
12517,base,"5,1,2"
12518,base,
12519,base,
12520,base,"3,4,5"
12521,base,"1,2,5"
12522,base,"1,2,3"
12523,base,"1,4,6"
12524,base,
12525,base,"2,2,5"
12526,base,"5,2,6"
12527,base,"1,6,6"
12528,base,"1,6,3"
12529,base,
12530,base,
12531,base,"4,5,6"
12532,base,"6,1,3"
12533,base,
12534,base,"5,1,2"
12535,base,"3,5,2"
12536,base,"1,2,3"
12537,base,"3,4,5"
12538,base,
12539,base,
12540,base,
12541,base,"1,2,3"
12542,base,"1,2,5"
12543,base,"1,6"
12544,base,
12545,base,"1,2,3"
12546,base,"3,1,6"
12547,base,"6,3,1"
12548,base,"1,2,3"
12549,base,"1,2,3"
12550,base,
12551,base,"1,2,3"
12552,base,"1,2,5"
12553,base,"1,2"
12554,base,"1,3,5"
12555,base,"6,3,1"
12556,base,
12557,base,"1,4,5"
12558,base,
12559,base,"1,2,3"
12560,base,"1,1,1"
12561,base,"5,4"
12562,base,
12563,base,
12564,base,
12565,base,"1,2"
12566,base,
12567,base,"1,3,2"
12568,base,"3,3"
12569,base,
12570,base,
12571,base,
12572,base,
12573,base,"5,5,2"
12574,base,
12575,base,
12576,base,
12577,base,"1,6"
12578,base,"1,2,3"
12579,base,
12580,base,3
12581,base,
12582,base,
12583,base,
12584,base,"6,4,1"
12585,base,
12586,base,"3,1,6"
12587,base,"1,2,3"
12588,base,"1,2,3"
12589,base,"2,1,3"
12590,base,
12591,base,"1,4,1"
12592,base,"4,1,6"
12593,base,
12594,base,"1,2,3"
12595,base,"3,2,3"
12596,base,"1,3"
12597,base,"3,4,1"
12598,base,
12599,base,"1,6,1"
12600,base,"1,2,6"
12601,base,
12602,base,"1,3,5"
12603,base,
12604,base,
12605,base,
12606,base,"1,5,6"
12607,base,
12608,base,"5,1,4"
12609,base,"3,1,2"
12610,base,"1,1,6"
12611,base,"1,2,4"
12612,base,"1,2,3"
12613,base,
12614,base,
12615,base,
12616,base,
12617,base,
12618,base,"4,1,2"
12619,base,
12620,base,"1,5,6"
12621,base,"3,4"
12622,base,"6,3,1"
12623,base,"1,2,3"
12624,base,"3,4,5"
12625,base,"1,2,3"
12626,base,
12627,base,"1,2,3"
12628,base,"1,2,3"
12629,base,"1,2,3"
12630,base,
12631,base,
12632,base,"3,1,6"
12633,base,
12634,base,"3,4,5"
12635,base,
12636,base,"3,2,6"
12637,base,"3,1"
12638,base,"1,2,3"
12639,base,
12640,base,"1,3,6"
12641,base,
12642,base,"6,5,6"
12643,base,
12644,base,"1,5,3"
12645,base,"1,2,3"
12646,base,"1,2,3"
12647,base,"1,4,6"
12648,base,"1,2,3"
12649,base,4
12650,base,"5,3,1"
12651,base,"1,2,3"
12652,base,
12653,base,
12654,base,
12655,base,"1,6,4"
12656,base,
12657,base,"3,5,2"
12658,base,"1,2,3"
12659,base,"1,2,3"
12660,base,"1,5,2"
12661,base,
12662,base,"2,4,6"
12663,base,"1,2,5"
12664,base,"4,4,4"
12665,base,"3,4,4"
12666,base,"1,1,2"
12667,base,
12668,base,"3,2,5"
12669,base,"1,2,3"
12670,base,"1,2,3"
12671,base,"1,2,3"
12672,base,"1,1,1"
12673,base,"1,2,3"
12674,base,
12675,base,"1,6"
12676,base,"1,2,3"
12677,base,
12678,base,
12679,base,
12680,base,
12681,base,"1,2,3"
12682,base,
12683,base,"3,4,5"
12684,base,5
12685,base,
12686,base,"1,1,4"
12687,base,"1,3,3"
12688,base,
12689,base,
12690,base,"2,3"
12691,base,
12692,base,"4,2,1"
12693,base,"3,4,1"
12694,base,"1,2,3"
12695,base,"1,2,3"
12696,base,
12697,base,
12698,base,
12699,base,
12700,base,"1,2,3"
12701,base,
12702,base,"3,4,6"
12703,base,
12704,base,"3,1,6"
12705,base,"1,3,5"
12706,base,"4,4,6"
12707,base,"1,6"
12708,base,1
12709,base,
12710,base,
12711,base,"1,2,3"
12712,base,
12713,base,
12714,base,"1,2,3"
12715,base,
12716,base,
12717,base,"1,6,1"
12718,base,
12719,base,"1,3,5"
12720,base,
12721,base,"4,3,5"
12722,base,"3,5,5"
12723,base,"1,2,3"
12724,base,
12725,base,
12726,base,"2,1,3"
12727,base,"1,3,1"
12728,base,"1,2,3"
12729,base,"3,3,2"
12730,base,
12731,base,"2,1,5"
12732,base,"1,3,5"
12733,base,"3,1,6"
12734,base,
12735,base,"2,5,6"
12736,base,
12737,base,"1,1"
12738,base,
12739,base,"4,5,6"
12740,base,"5,2,6"
12741,base,"5,5,5"
12742,base,"1,3"
12743,base,"3,2,5"
12744,base,"2,3,5"
12745,base,
12746,base,"4,6"
12747,base,"1,4,3"
12748,base,
12749,base,"1,2,3"
12750,base,"1,5,2"
12751,base,
12752,base,"1,2,3"
12753,base,"4,2"
12754,base,"4,6,2"
12755,base,
12756,base,"1,3,4"
12757,base,"5,4,5"
12758,base,
12759,base,"1,2,6"
12760,base,"1,3,6"
12761,base,"3,4,5"
12762,base,"1,4,6"
12763,base,
12764,base,"1,3,5"
12765,base,
12766,base,"1,4,6"
12767,base,"2,1,3"
12768,base,
12769,base,"1,4"
12770,base,"1,2,3"
12771,base,"3,4,5"
12772,base,"1,2,3"
12773,base,
12774,base,
12775,base,
12776,base,3
12777,base,"1,2,3"
12778,base,"1,4,2"
12779,base,
12780,base,
12781,base,"1,2,3"
12782,base,"3,6,1"
12783,base,"1,2,3"
12784,base,
12785,base,"6,1"
12786,base,
12787,base,"1,4,1"
12788,base,
12789,base,
12790,base,"1,3,5"
12791,base,"1,5,6"
12792,base,
12793,base,
12794,base,"4,3,6"
12795,base,
12796,base,
12797,base,"1,3,5"
12798,base,"1,2,3"
12799,base,
12800,base,"1,2,3"
12801,base,"1,2,3"
12802,base,
12803,base,"1,4,3"
12804,base,
12805,base,"1,2,3"
12806,base,"1,6,1"
12807,base,"1,6,2"
12808,base,"3,4,5"
12809,base,
12810,base,"1,3,5"
12811,base,"1,2,3"
12812,base,
12813,base,
12814,base,
12815,base,
12816,base,"5,1,4"
12817,base,
12818,base,
12819,base,
12820,base,3
12821,base,
12822,base,"3,2,5"
12823,base,"3,1"
12824,base,"2,6,3"
12825,base,"3,1,5"
12826,base,
12827,base,"1,2,3"
12828,base,
12829,base,
12830,base,
12831,base,
12832,base,
12833,base,"1,2"
12834,base,
12835,base,"2,3,1"
12836,base,"1,2,6"
12837,base,
12838,base,
12839,base,
12840,base,
12841,base,"5,1,2"
12842,base,
12843,base,"4,1,2"
12844,base,1
12845,base,
12846,base,
12847,base,"3,4,1"
12848,base,"5,6,1"
12849,base,
12850,base,
12851,base,"3,6"
12852,base,"1,2,3"
12853,base,"1,2,5"
12854,base,
12855,base,"1,2,4"
12856,base,"2,5,4"
12857,base,
12858,base,"1,1,6"
12859,base,"1,1,1"
12860,base,
12861,base,
12862,base,"2,6,1"
12863,base,"1,2,3"
12864,base,"3,6,2"
12865,base,"4,5"
12866,base,
12867,base,"1,2,3"
12868,base,
12869,base,
12870,base,"6,1"
12871,base,"1,6,3"
12872,base,"4,3,6"
12873,base,
12874,base,"2,2,3"
12875,base,"1,2,3"
12876,base,
12877,base,"1,2,3"
12878,base,"4,1,4"
12879,base,"1,6"
12880,base,"3,1,6"
12881,base,
12882,base,
12883,base,"3,2,4"
12884,base,
12885,base,"3,1,5"
12886,base,
12887,base,
12888,base,"4,1,5"
12889,base,"1,2,3"
12890,base,"1,2,2"
12891,base,
12892,base,"1,2,4"
12893,base,
12894,base,"1,2,3"
12895,base,3
12896,base,
12897,base,"1,2,6"
12898,base,
12899,base,
12900,base,
12901,base,"1,2,3"
12902,base,
12903,base,"4,6,4"
12904,base,
12905,base,
12906,base,"1,2,3"
12907,base,"3,4,2"
12908,base,"1,4,5"
12909,base,
12910,base,
12911,base,"1,2,3"
12912,base,"1,2,3"
12913,base,
12914,base,"1,2,3"
12915,base,
12916,base,
12917,base,"4,5,6"
12918,base,
12919,base,"2,4,1"
12920,base,"1,4,2"
12921,base,"1,4"
12922,base,
12923,base,"1,4,5"
12924,base,"3,1,3"
12925,base,"3,4,2"
12926,base,3
12927,base,"1,2,3"
12928,base,
12929,base,"1,6,5"
12930,base,3
12931,base,"1,2,3"
12932,base,"1,2,3"
12933,base,1
12934,base,"2,2,2"
12935,base,
12936,base,
12937,base,"1,2,3"
12938,base,
12939,base,
12940,base,
12941,base,"1,2,3"
12942,base,
12943,base,"3,1,2"
12944,base,1
12945,base,"2,6,3"
12946,base,"1,5,4"
12947,base,"1,1"
12948,base,
12949,base,
12950,base,"1,2,4"
12951,base,
12952,base,
12953,base,"2,5,4"
12954,base,"1,6,3"
12955,base,"1,2,4"
12956,base,3
12957,base,"2,3"
12958,base,"1,6"
12959,base,"3,6,5"
12960,base,
12961,base,"2,3"
12962,base,"2,3,5"
12963,base,"1,2,3"
12964,base,
12965,base,"3,6,4"
12966,base,"1,2,3"
12967,base,
12968,base,
12969,base,"1,2,3"
12970,base,
12971,base,
12972,base,"1,3,5"
12973,base,
12974,base,
12975,base,"1,3,5"
12976,base,
12977,base,
12978,base,"1,2,3"
12979,base,
12980,base,"1,2,3"
12981,base,
12982,base,"3,5,1"
12983,base,"2,6,5"
12984,base,"3,1,6"
12985,base,
12986,base,
12987,base,
12988,base,
12989,base,
12990,base,
12991,base,
12992,base,
12993,base,"1,1,6"
12994,base,"1,2,3"
12995,base,
12996,base,"6,6,6"
12997,base,
12998,base,"6,1,3"
12999,base,"2,3,5"
13000,base,
13001,base,"2,1,1"
13002,base,
13003,base,"3,1,4"
13004,base,
13005,base,
13006,base,"1,2,3"
13007,base,"1,6,1"
13008,base,
13009,base,3
13010,base,
13011,base,"1,2,3"
13012,base,"1,6,1"
13013,base,"1,2"
13014,base,
13015,base,
13016,base,
13017,base,"5,6,4"
13018,base,
13019,base,
13020,base,"1,2,5"
13021,base,"1,2,3"
13022,base,
13023,base,"5,1,1"
13024,base,
13025,base,
13026,base,"5,1,1"
13027,base,5
13028,base,"2,3,5"
13029,base,
13030,base,"2,3,6"
13031,base,
13032,base,"3,3,6"
13033,base,"1,2,3"
13034,base,"3,1,2"
13035,base,"3,2,3"
13036,base,
13037,base,"4,4"
13038,base,"1,5,2"
13039,base,"2,4,6"
13040,base,
13041,base,3
13042,base,"1,2,6"
13043,base,
13044,base,
13045,base,"1,2,3"
13046,base,
13047,base,
13048,base,
13049,base,"1,2,3"
13050,base,"2,4,3"
13051,base,
13052,base,"6,2,4"
13053,base,3
13054,base,
13055,base,
13056,base,"6,4,3"
13057,base,"3,5,3"
13058,base,"2,5,3"
13059,base,
13060,base,
13061,base,
13062,base,"1,2,3"
13063,base,"1,2,3"
13064,base,"1,2,3"
13065,base,6
13066,base,"5,6,3"
13067,base,
13068,base,"3,2,3"
13069,base,"2,5,6"
13070,base,"3,4,6"
13071,base,
13072,base,
13073,base,
13074,base,"2,4,1"
13075,base,"1,2,3"
13076,base,
13077,base,"3,4,6"
13078,base,"6,6,6"
13079,base,"1,4,2"
13080,base,
13081,base,"3,5,4"
13082,base,"1,3,6"
13083,base,"1,6,2"
13084,base,
13085,base,6
13086,base,
13087,base,
13088,base,
13089,base,"1,1"
13090,base,
13091,base,"1,2,5"
13092,base,
13093,base,
13094,base,
13095,base,
13096,base,"1,2,3"
13097,base,"1,2,3"
13098,base,"5,1,4"
13099,base,"1,2,3"
13100,base,"6,3,3"
13101,base,
13102,base,"1,4,2"
13103,base,
13104,base,"1,2,3"
13105,base,
13106,base,
13107,base,2
13108,base,"1,5,3"
13109,base,"1,2,3"
13110,base,
13111,base,"2,4,5"
13112,base,
13113,base,
13114,base,"1,3,5"
13115,base,"6,6,2"
13116,base,
13117,base,"1,2,3"
13118,base,
13119,base,"2,3,6"
13120,base,"1,2,3"
13121,base,"1,6,3"
13122,base,"3,4,5"
13123,base,"1,2,5"
13124,base,"2,1,4"
13125,base,"1,2,5"
13126,base,"1,2,3"
13127,base,
13128,base,"6,3,6"
13129,base,"2,6"
13130,base,
13131,base,
13132,base,"1,3,3"
13133,base,"1,2,3"
13134,base,"1,2,6"
13135,base,
13136,base,"1,2,3"
13137,base,
13138,base,"1,2,3"
13139,base,"1,6"
13140,base,"1,5,1"
13141,base,"2,4,1"
13142,base,
13143,base,"1,3,5"
13144,base,
13145,base,
13146,base,"1,6,3"
13147,base,1
13148,base,"1,2,3"
13149,base,"1,2,3"
13150,base,"1,2,4"
13151,base,
13152,base,
13153,base,"1,2,3"
13154,base,
13155,base,
13156,base,6
13157,base,
13158,base,
13159,base,"1,5,3"
13160,base,
13161,base,
13162,base,"1,2,3"
13163,base,"3,5,6"
13164,base,"1,2,3"
13165,base,
13166,base,"1,3,5"
13167,base,"3,6,3"
13168,base,"6,1,2"
13169,base,"1,2,3"
13170,base,
13171,base,"6,3,1"
13172,base,"1,2,2"
13173,base,"1,6"
13174,base,"3,6,5"
13175,base,
13176,base,
13177,base,
13178,base,"1,2,3"
13179,base,"4,5,5"
13180,base,"1,4,5"
13181,base,
13182,base,
13183,base,
13184,base,
13185,base,"1,2,3"
13186,base,
13187,base,"1,5,4"
13188,base,"6,1,2"
13189,base,"1,2,3"
13190,base,"1,6,4"
13191,base,
13192,base,"1,3,5"
13193,base,
13194,base,"1,5,6"
13195,base,
13196,base,"1,4,2"
13197,base,
13198,base,
13199,base,"1,2,6"
13200,base,3
13201,base,"5,1,4"
13202,base,
13203,base,
13204,base,
13205,base,"1,2,3"
13206,base,
13207,base,"1,2,3"
13208,base,"3,1,6"
13209,base,"2,4,2"
13210,base,"1,2,3"
13211,base,
13212,base,"3,6,2"
13213,base,
13214,base,
13215,base,3
13216,base,
13217,base,"3,1,6"
13218,base,
13219,base,
13220,base,"1,5,2"
13221,base,"1,2,3"
13222,base,"6,4,4"
13223,base,
13224,base,
13225,base,"1,4,3"
13226,base,
13227,base,"3,2"
13228,base,"1,6,1"
13229,base,"2,3,4"
13230,base,"5,5,2"
13231,base,"4,1,3"
13232,base,"1,2,3"
13233,base,"1,2,3"
13234,base,"1,2,3"
13235,base,"3,6,5"
13236,base,"2,3,1"
13237,base,"3,1,6"
13238,base,"1,5,5"
13239,base,"1,2,3"
13240,base,
13241,base,
13242,base,"1,2,3"
13243,base,
13244,base,"1,5,4"
13245,base,
13246,base,
13247,base,
13248,base,"1,3,5"
13249,base,"1,2,3"
13250,base,"3,1,3"
13251,base,"3,1,1"
13252,base,"6,6,6"
13253,base,
13254,base,
13255,base,"1,2,3"
13256,base,"1,2,3"
13257,base,
13258,base,"1,2,3"
13259,base,
13260,base,
13261,base,
13262,base,3
13263,base,"3,4,5"
13264,base,
13265,base,
13266,base,
13267,base,"1,2,3"
13268,base,
13269,base,
13270,base,
13271,base,
13272,base,"1,2,3"
13273,base,"1,2,3"
13274,base,
13275,base,
13276,base,"1,2,3"
13277,base,"2,1,6"
13278,base,3
13279,base,"2,1,4"
13280,base,"1,2,4"
13281,base,
13282,base,"1,6,3"
13283,base,"1,6,1"
13284,base,"2,4,2"
13285,base,"1,2,4"
13286,base,
13287,base,
13288,base,"1,2,3"
13289,base,"2,4,5"
13290,base,
13291,base,"1,5,2"
13292,base,"3,5,2"
13293,base,
13294,base,
13295,base,6
13296,base,"2,5,6"
13297,base,
13298,base,
13299,base,
13300,base,"1,2,2"
13301,base,
13302,base,
13303,base,
13304,base,"1,2,3"
13305,base,"5,4,1"
13306,base,"1,6"
13307,base,"1,2,6"
13308,base,"3,2,5"
13309,base,
13310,base,"4,1"
13311,base,
13312,base,"4,5,6"
13313,base,"6,2,6"
13314,base,"1,2,3"
13315,base,"2,6,3"
13316,base,
13317,base,"1,2,3"
13318,base,"5,3"
13319,base,"1,4,2"
13320,base,
13321,base,
13322,base,"1,3"
13323,base,"1,2,3"
13324,base,
13325,base,
13326,base,"3,2,6"
13327,base,"2,3,6"
13328,base,"1,6,3"
13329,base,"1,2,3"
13330,base,
13331,base,
13332,base,3
13333,base,"1,2,3"
13334,base,
13335,base,"4,3,5"
13336,base,"1,4,6"
13337,base,
13338,base,
13339,base,
13340,base,
13341,base,5
13342,base,
13343,base,"3,1,2"
13344,base,
13345,base,3
13346,base,
13347,base,"3,1,6"
13348,base,1
13349,base,"2,4,3"
13350,base,
13351,base,
13352,base,
13353,base,"1,2,3"
13354,base,"3,2,1"
13355,base,
13356,base,"1,3,5"
13357,base,"1,6,2"
13358,base,
13359,base,
13360,base,
13361,base,
13362,base,"1,2,3"
13363,base,
13364,base,"1,4,6"
13365,base,
13366,base,
13367,base,"3,1,6"
13368,base,"1,2,3"
13369,base,"1,6,3"
13370,base,"1,2,3"
13371,base,"3,1,6"
13372,base,"1,2,3"
13373,base,"1,2,3"
13374,base,"2,2,4"
13375,base,"3,1,2"
13376,base,
13377,base,
13378,base,
13379,base,"2,4,1"
13380,base,"1,5,2"
13381,base,
13382,base,1
13383,base,
13384,base,
13385,base,"1,2,3"
13386,base,3
13387,base,
13388,base,
13389,base,
13390,base,"1,6,3"
13391,base,"1,4,6"
13392,base,
13393,base,
13394,base,3
13395,base,"3,2,3"
13396,base,
13397,base,"1,1"
13398,base,"1,5,3"
13399,base,"1,2,1"
13400,base,"1,2,3"
13401,base,"4,2,6"
13402,base,"1,2,3"
13403,base,
13404,base,
13405,base,"2,2"
13406,base,"4,1,1"
13407,base,
13408,base,"3,5,2"
13409,base,"5,2"
13410,base,"1,6,1"
13411,base,
13412,base,
13413,base,"1,2,3"
13414,base,
13415,base,"1,2,6"
13416,base,"1,3,4"
13417,base,
13418,base,"6,1,6"
13419,base,"1,5,2"
13420,base,
13421,base,
13422,base,
13423,base,"1,4,6"
13424,base,"1,2,3"
13425,base,
13426,base,"1,2,6"
13427,base,"1,2,3"
13428,base,"1,2,3"
13429,base,
13430,base,
13431,base,"3,2,2"
13432,base,"1,2,3"
13433,base,
13434,base,"5,2,6"
13435,base,"2,4,3"
13436,base,
13437,base,
13438,base,"1,2,3"
13439,base,"3,1,6"
13440,base,
13441,base,"3,4,5"
13442,base,
13443,base,
13444,base,"1,6,2"
13445,base,
13446,base,"1,4,3"
13447,base,
13448,base,
13449,base,"3,4,5"
13450,base,
13451,base,"3,5,6"
13452,base,
13453,base,"2,3,1"
13454,base,"1,6,6"
13455,base,
13456,base,
13457,base,"3,5,3"
13458,base,
13459,base,
13460,base,
13461,base,"3,1,2"
13462,base,
13463,base,
13464,base,"1,2,3"
13465,base,"3,4,4"
13466,base,"1,2,3"
13467,base,
13468,base,"3,1,3"
13469,base,
13470,base,"2,3,5"
13471,base,"1,5,2"
13472,base,
13473,base,
13474,base,"5,6,1"
13475,base,
13476,base,"1,2,3"
13477,base,
13478,base,"1,2,3"
13479,base,"1,5,5"
13480,base,"3,1,6"
13481,base,
13482,base,
13483,base,"4,3,6"
13484,base,
13485,base,
13486,base,"1,2,3"
13487,base,"6,4,4"
13488,base,"2,5,2"
13489,base,"1,2,6"
13490,base,
13491,base,"5,6,1"
13492,base,
13493,base,"1,2,3"
13494,base,"1,6"
13495,base,"2,5,4"
13496,base,
13497,base,
13498,base,"2,4,6"
13499,base,
13500,base,"1,6"
13501,base,"3,1,6"
13502,base,"1,2,3"
13503,base,
13504,base,
13505,base,"1,2,3"
13506,base,
13507,base,"1,2,3"
13508,base,"1,2,3"
13509,base,
13510,base,"3,5,6"
13511,base,
13512,base,
13513,base,"3,3"
13514,base,
13515,base,"6,6"
13516,base,
13517,base,
13518,base,
13519,base,
13520,base,"4,5,3"
13521,base,
13522,base,"4,2,5"
13523,base,
13524,base,"3,5,1"
13525,base,"3,2,1"
13526,base,"1,4,3"
13527,base,
13528,base,"2,3,5"
13529,base,"1,2,3"
13530,base,"3,1,5"
13531,base,"1,2,5"
13532,base,
13533,base,"1,2,3"
13534,base,
13535,base,
13536,base,
13537,base,
13538,base,"1,2,5"
13539,base,
13540,base,
13541,base,
13542,base,"4,4,1"
13543,base,"1,2,3"
13544,base,
13545,base,
13546,base,
13547,base,"2,6,1"
13548,base,
13549,base,
13550,base,"3,1"
13551,base,"4,3,1"
13552,base,
13553,base,"1,2,3"
13554,base,"2,5,3"
13555,base,"1,2,5"
13556,base,
13557,base,"1,2,3"
13558,base,"2,2,5"
13559,base,
13560,base,"1,6,1"
13561,base,
13562,base,"1,6,1"
13563,base,
13564,base,"1,6,3"
13565,base,"1,2,3"
13566,base,
13567,base,"1,2,5"
13568,base,
13569,base,
13570,base,"2,1,5"
13571,base,"6,6,3"
13572,base,
13573,base,
13574,base,
13575,base,"1,2,3"
13576,base,"5,1,6"
13577,base,
13578,base,
13579,base,
13580,base,"1,6,2"
13581,base,"1,2,3"
13582,base,"1,2,3"
13583,base,"1,2,3"
13584,base,"1,2,3"
13585,base,
13586,base,"1,6,2"
13587,base,
13588,base,"3,5,6"
13589,base,"3,1,6"
13590,base,3
13591,base,"1,2,3"
13592,base,
13593,base,"1,3,6"
13594,base,
13595,base,
13596,base,"1,2,3"
13597,base,"1,2,3"
13598,base,
13599,base,
13600,base,"1,2,3"
13601,base,
13602,base,"2,5,4"
13603,base,"1,2,5"
13604,base,"1,2,3"
13605,base,"5,3,3"
13606,base,"4,5,4"
13607,base,
13608,base,"1,1,6"
13609,base,
13610,base,
13611,base,
13612,base,"3,2,3"
13613,base,
13614,base,"1,6"
13615,base,
13616,base,"3,5,6"
13617,base,"3,4,1"
13618,base,"1,2,5"
13619,base,"1,5,6"
13620,base,
13621,base,
13622,base,"1,3,6"
13623,base,
13624,base,"6,5,3"
13625,base,"1,2,3"
13626,base,
13627,base,"2,1,4"
13628,base,"1,2,3"
13629,base,
13630,base,
13631,base,
13632,base,
13633,base,"3,4,5"
13634,base,
13635,base,
13636,base,"2,4,3"
13637,base,"1,2,3"
13638,base,
13639,base,"1,4,2"
13640,base,"1,2,3"
13641,base,"3,4"
13642,base,"1,2,3"
13643,base,"4,1,2"
13644,base,"1,2,3"
13645,base,
13646,base,
13647,base,"1,2,3"
13648,base,"1,2,4"
13649,base,
13650,base,
13651,base,
13652,base,
13653,base,
13654,base,
13655,base,"5,3,2"
13656,base,
13657,base,1
13658,base,"1,2"
13659,base,"3,1,6"
13660,base,"1,1,2"
13661,base,"1,2,3"
13662,base,"1,2,3"
13663,base,
13664,base,"3,4,2"
13665,base,
13666,base,"2,2,6"
13667,base,
13668,base,
13669,base,
13670,base,
13671,base,"1,5,6"
13672,base,"1,1"
13673,base,
13674,base,
13675,base,
13676,base,
13677,base,"5,3,2"
13678,base,6
13679,base,"1,2,3"
13680,base,"3,1,2"
13681,base,"3,2,5"
13682,base,
13683,base,"1,2,3"
13684,base,"4,2"
13685,base,
13686,base,"1,2,3"
13687,base,"4,5,3"
13688,base,
13689,base,"3,1"
13690,base,
13691,base,"2,5"
13692,base,
13693,base,"5,1,3"
13694,base,
13695,base,"4,1,5"
13696,base,"2,5,5"
13697,base,
13698,base,
13699,base,"1,1,1"
13700,base,"1,6,1"
13701,base,
13702,base,"1,2,3"
13703,base,"1,3,5"
13704,base,"4,1"
13705,base,"1,2,5"
13706,base,
13707,base,
13708,base,"3,1,2"
13709,base,"1,3,6"
13710,base,"3,1,6"
13711,base,
13712,base,"1,2,3"
13713,base,
13714,base,
13715,base,
13716,base,
13717,base,
13718,base,
13719,base,
13720,base,"1,4"
13721,base,"2,3,4"
13722,base,"3,1,6"
13723,base,
13724,base,
13725,base,"2,6,3"
13726,base,"3,3,3"
13727,base,"1,1,2"
13728,base,"1,3"
13729,base,"1,2,3"
13730,base,"3,5,4"
13731,base,
13732,base,"6,2,6"
13733,base,"3,6,4"
13734,base,
13735,base,"1,2,3"
13736,base,
13737,base,
13738,base,
13739,base,
13740,base,
13741,base,"3,6,1"
13742,base,
13743,base,"1,2,3"
13744,base,
13745,base,"1,5,4"
13746,base,
13747,base,"2,2,4"
13748,base,
13749,base,
13750,base,
13751,base,"1,5,2"
13752,base,"1,2,3"
13753,base,"2,4,5"
13754,base,"1,2,3"
13755,base,
13756,base,"4,5,2"
13757,base,
13758,base,"3,4,3"
13759,base,"1,2,3"
13760,base,"1,6"
13761,base,
13762,base,
13763,base,"5,4,1"
13764,base,
13765,base,"1,4,4"
13766,base,
13767,base,"3,1"
13768,base,
13769,base,"1,2,3"
13770,base,"1,2,4"
13771,base,
13772,base,
13773,base,
13774,base,"3,5,6"
13775,base,"3,1,2"
13776,base,
13777,base,"1,2,3"
13778,base,"1,2,3"
13779,base,
13780,base,
13781,base,"2,3,5"
13782,base,"2,3,5"
13783,base,"3,1,5"
13784,base,"1,6,3"
13785,base,"2,1,3"
13786,base,"1,3,2"
13787,base,"6,1,2"
13788,base,
13789,base,
13790,base,"6,5,6"
13791,base,"1,5,6"
13792,base,
13793,base,
13794,base,"2,3,4"
13795,base,"3,5,6"
13796,base,"1,6,2"
13797,base,
13798,base,
13799,base,"1,1,2"
13800,base,"1,2,3"
13801,base,1
13802,base,"1,2,3"
13803,base,
13804,base,
13805,base,
13806,base,"1,2,3"
13807,base,"1,1,1"
13808,base,
13809,base,3
13810,base,
13811,base,"1,2,3"
13812,base,"3,5,6"
13813,base,
13814,base,"1,2,3"
13815,base,
13816,base,"4,3,6"
13817,base,
13818,base,"3,3,5"
13819,base,"1,2,3"
13820,base,"3,4,5"
13821,base,
13822,base,"1,6"
13823,base,
13824,base,"1,1,1"
13825,base,"2,1,3"
13826,base,"2,5,2"
13827,base,"1,2,5"
13828,base,3
13829,base,"2,5,6"
13830,base,"1,3,4"
13831,base,
13832,base,
13833,base,"1,2,6"
13834,base,"3,4,6"
13835,base,
13836,base,
13837,base,
13838,base,"3,1,2"
13839,base,
13840,base,"2,3,5"
13841,base,
13842,base,
13843,base,"3,6,1"
13844,base,
13845,base,"3,1,6"
13846,base,
13847,base,
13848,base,
13849,base,"3,2,1"
13850,base,"3,3,6"
13851,base,"1,4"
13852,base,"1,2,6"
13853,base,"1,2,3"
13854,base,
13855,base,
13856,base,3
13857,base,"3,1,6"
13858,base,"5,2,6"
13859,base,"1,3,4"
13860,base,
13861,base,"1,2,3"
13862,base,
13863,base,"1,3,4"
13864,base,
13865,base,"3,3"
13866,base,"3,1,6"
13867,base,"1,2,3"
13868,base,"5,4,2"
13869,base,
13870,base,"3,1,6"
13871,base,"1,4,5"
13872,base,"3,1,6"
13873,base,"5,4,1"
13874,base,
13875,base,
13876,base,"2,3"
13877,base,"1,6,3"
13878,base,"5,3,1"
13879,base,"1,2,5"
13880,base,"1,3,5"
13881,base,"2,1"
13882,base,"3,3,5"
13883,base,"1,3,5"
13884,base,"3,1,6"
13885,base,
13886,base,"1,2,3"
13887,base,"3,1,6"
13888,base,
13889,base,"4,2"
13890,base,
13891,base,"3,1,4"
13892,base,
13893,base,"3,2,3"
13894,base,"2,1,3"
13895,base,"3,4,5"
13896,base,
13897,base,"1,2,3"
13898,base,
13899,base,"3,1,6"
13900,base,"1,3,5"
13901,base,3
13902,base,"1,3,4"
13903,base,"3,1,6"
13904,base,"1,3,4"
13905,base,
13906,base,
13907,base,
13908,base,"5,6,5"
13909,base,
13910,base,"2,5,2"
13911,base,2
13912,base,"1,2,3"
13913,base,
13914,base,"1,3,1"
13915,base,"1,2,3"
13916,base,
13917,base,
13918,base,"1,4,5"
13919,base,"1,1"
13920,base,
13921,base,"3,1,4"
13922,base,"1,2,3"
13923,base,"1,2,3"
13924,base,"1,2,4"
13925,base,"3,4,6"
13926,base,
13927,base,"3,6,2"
13928,base,
13929,base,"6,4,2"
13930,base,"3,3,3"
13931,base,"3,5,2"
13932,base,"3,2,5"
13933,base,"1,2,3"
13934,base,"1,2,3"
13935,base,
13936,base,"1,2,3"
13937,base,
13938,base,
13939,base,"1,3,6"
13940,base,
13941,base,"1,5,1"
13942,base,"3,4,6"
13943,base,"1,3,5"
13944,base,
13945,base,
13946,base,
13947,base,"1,2,3"
13948,base,
13949,base,"1,5,2"
13950,base,
13951,base,"1,3,5"
13952,base,
13953,base,
13954,base,
13955,base,"5,6,4"
13956,base,"1,2,6"
13957,base,"1,1,6"
13958,base,"1,6,2"
13959,base,
13960,base,"2,5"
13961,base,"6,2,5"
13962,base,"1,6,1"
13963,base,"2,4,3"
13964,base,"2,1,1"
13965,base,
13966,base,"2,3,5"
13967,base,"1,5,4"
13968,base,
13969,base,"2,4,3"
13970,base,"1,2,3"
13971,base,"5,6,3"
13972,base,
13973,base,
13974,base,
13975,base,
13976,base,"1,6"
13977,base,"1,2,3"
13978,base,
13979,base,
13980,base,"1,2,3"
13981,base,
13982,base,
13983,base,
13984,base,"2,3,1"
13985,base,"1,3,6"
13986,base,
13987,base,
13988,base,6
13989,base,
13990,base,"6,5,6"
13991,base,"3,6,1"
13992,base,
13993,base,
13994,base,
13995,base,"1,2,3"
13996,base,"1,2,4"
13997,base,
13998,base,
13999,base,3
14000,base,
14001,base,
14002,base,
14003,base,"3,4,5"
14004,base,
14005,base,"2,1,6"
14006,base,
14007,base,"2,3"
14008,base,"3,6,3"
14009,base,"1,2,5"
14010,base,
14011,base,6
14012,base,
14013,base,"1,2,3"
14014,base,"1,2,3"
14015,base,
14016,base,
14017,base,"1,2,3"
14018,base,"1,1,6"
14019,base,"1,2,3"
14020,base,
14021,base,
14022,base,"1,2,5"
14023,base,
14024,base,"3,5,6"
14025,base,
14026,base,
14027,base,"4,2,5"
14028,base,
14029,base,
14030,base,
14031,base,"1,2,3"
14032,base,
14033,base,"3,4,6"
14034,base,"1,2,3"
14035,base,
14036,base,"1,1,6"
14037,base,
14038,base,"1,3,5"
14039,base,"2,2,2"
14040,base,"1,2,3"
14041,base,"1,3,4"
14042,base,"2,3,3"
14043,base,
14044,base,
14045,base,"1,2,3"
14046,base,"5,3"
14047,base,"2,3,4"
14048,base,
14049,base,"1,2,3"
14050,base,
14051,base,"1,6"
14052,base,
14053,base,
14054,base,"4,1,4"
14055,base,"1,2,3"
14056,base,"1,3,5"
14057,base,
14058,base,"1,6,1"
14059,base,
14060,base,"2,1,6"
14061,base,
14062,base,
14063,base,"1,1,2"
14064,base,"3,5,1"
14065,base,
14066,base,
14067,base,
14068,base,
14069,base,"4,5,2"
14070,base,
14071,base,
14072,base,
14073,base,
14074,base,
14075,base,
14076,base,
14077,base,
14078,base,"1,4,5"
14079,base,"4,4"
14080,base,"1,2,3"
14081,base,
14082,base,
14083,base,
14084,base,3
14085,base,1
14086,base,"1,2,3"
14087,base,"3,3"
14088,base,
14089,base,"1,2,3"
14090,base,"1,2,3"
14091,base,"3,1,6"
14092,base,"3,3,6"
14093,base,
14094,base,3
14095,base,"1,6,1"
14096,base,
14097,base,
14098,base,"2,1,2"
14099,base,"3,1"
14100,base,
14101,base,"1,5,3"
14102,base,"4,2"
14103,base,"6,1,4"
14104,base,"1,2,3"
14105,base,
14106,base,
14107,base,
14108,base,
14109,base,"4,1,4"
14110,base,"4,6,5"
14111,base,
14112,base,"1,2,3"
14113,base,
14114,base,
14115,base,
14116,base,"6,1,1"
14117,base,
14118,base,"1,2,3"
14119,base,
14120,base,
14121,base,
14122,base,"1,3,2"
14123,base,
14124,base,"3,1,2"
14125,base,"1,2,3"
14126,base,
14127,base,"6,1,4"
14128,base,"6,5,1"
14129,base,
14130,base,
14131,base,"1,2,3"
14132,base,"1,5,6"
14133,base,
14134,base,"3,4,4"
14135,base,
14136,base,
14137,base,"1,6,1"
14138,base,"2,1,3"
14139,base,"1,5,6"
14140,base,"6,5,2"
14141,base,
14142,base,
14143,base,1
14144,base,"1,3,5"
14145,base,"1,2,3"
14146,base,
14147,base,"1,2,3"
14148,base,"1,5,6"
14149,base,"1,5,3"
14150,base,"1,2,5"
14151,base,"1,3,6"
14152,base,
14153,base,"1,2,3"
14154,base,
14155,base,
14156,base,
14157,base,"1,5,4"
14158,base,
14159,base,
14160,base,
14161,base,3
14162,base,
14163,base,
14164,base,"1,2,3"
14165,base,
14166,base,"2,3,3"
14167,base,
14168,base,
14169,base,
14170,base,
14171,base,
14172,base,"2,4,4"
14173,base,
14174,base,"2,2,1"
14175,base,"1,2,3"
14176,base,"1,2,3"
14177,base,
14178,base,"5,3"
14179,base,"2,3,2"
14180,base,
14181,base,"3,1,6"
14182,base,
14183,base,"1,6,1"
14184,base,
14185,base,"2,4,5"
14186,base,
14187,base,
14188,base,
14189,base,
14190,base,"6,5,6"
14191,base,
14192,base,
14193,base,"3,4,5"
14194,base,"1,2,3"
14195,base,
14196,base,
14197,base,
14198,base,
14199,base,
14200,base,"2,3,6"
14201,base,
14202,base,"1,6,4"
14203,base,"1,5,6"
14204,base,
14205,base,"1,3,1"
14206,base,
14207,base,"3,1,4"
14208,base,6
14209,base,"1,1,1"
14210,base,"1,4,6"
14211,base,"1,4,1"
14212,base,
14213,base,"2,2,5"
14214,base,
14215,base,"1,6"
14216,base,
14217,base,
14218,base,"1,2,3"
14219,base,3
14220,base,
14221,base,
14222,base,"3,1,1"
14223,base,"5,1,5"
14224,base,
14225,base,"1,3,4"
14226,base,
14227,base,
14228,base,"1,2,3"
14229,base,
14230,base,
14231,base,
14232,base,
14233,base,"4,4,1"
14234,base,
14235,base,
14236,base,"3,4,5"
14237,base,
14238,base,"1,3,5"
14239,base,
14240,base,"6,1,5"
14241,base,4
14242,base,"1,5,6"
14243,base,"6,1,3"
14244,base,
14245,base,
14246,base,"3,6,4"
14247,base,
14248,base,"3,1,5"
14249,base,"4,2,4"
14250,base,
14251,base,"4,5,6"
14252,base,"3,3,2"
14253,base,
14254,base,"1,3,5"
14255,base,
14256,base,"1,6"
14257,base,"3,4,1"
14258,base,"1,6,5"
14259,base,"1,2,3"
14260,base,"3,1,3"
14261,base,"4,5,1"
14262,base,"1,2,5"
14263,base,"5,3"
14264,base,
14265,base,"1,6"
14266,base,
14267,base,"3,4,6"
14268,base,
14269,base,
14270,base,"1,6,1"
14271,base,"3,2,1"
14272,base,"1,3,2"
14273,base,"4,3,6"
14274,base,
14275,base,"3,4,5"
14276,base,"1,2,3"
14277,base,
14278,base,"4,2,5"
14279,base,"1,2,3"
14280,base,
14281,base,5
14282,base,
14283,base,
14284,base,"1,2,3"
14285,base,"5,4,3"
14286,base,
14287,base,"1,2,3"
14288,base,
14289,base,"1,6,2"
14290,base,"1,2,3"
14291,base,"1,3,5"
14292,base,"4,2,2"
14293,base,
14294,base,
14295,base,"4,6,5"
14296,base,
14297,base,
14298,base,"1,2,3"
14299,base,"3,4,5"
14300,base,"4,2,1"
14301,base,"3,1,2"
14302,base,
14303,base,"6,2"
14304,base,"1,3,6"
14305,base,3
14306,base,
14307,base,"2,1,5"
14308,base,"1,6,2"
14309,base,"1,1,3"
14310,base,
14311,base,"1,2,3"
14312,base,
14313,base,"1,2,3"
14314,base,"4,4,4"
14315,base,"1,2,2"
14316,base,3
14317,base,"4,1,1"
14318,base,
14319,base,"1,3,5"
14320,base,"2,3"
14321,base,"3,6,5"
14322,base,"5,2,3"
14323,base,
14324,base,"1,2,3"
14325,base,
14326,base,"5,3,2"
14327,base,
14328,base,"1,5,6"
14329,base,"2,5,1"
14330,base,"4,5,2"
14331,base,"2,3,5"
14332,base,"1,2,3"
14333,base,"4,3,2"
14334,base,"1,2,3"
14335,base,"3,1,6"
14336,base,
14337,base,"3,1,1"
14338,base,"1,2,4"
14339,base,
14340,base,"2,4,1"
14341,base,
14342,base,"1,4"
14343,base,"1,2,3"
14344,base,
14345,base,"3,1,6"
14346,base,"1,2,3"
14347,base,
14348,base,
14349,base,
14350,base,
14351,base,
14352,base,"5,5"
14353,base,
14354,base,
14355,base,"3,1,5"
14356,base,
14357,base,"1,6"
14358,base,"3,2,3"
14359,base,"4,6,1"
14360,base,
14361,base,"1,2,3"
14362,base,
14363,base,
14364,base,
14365,base,"4,6,2"
14366,base,
14367,base,"6,5,2"
14368,base,
14369,base,"3,4,5"
14370,base,"3,4,2"
14371,base,"1,2,4"
14372,base,"3,1,2"
14373,base,3
14374,base,
14375,base,
14376,base,
14377,base,
14378,base,"1,2,3"
14379,base,
14380,base,
14381,base,"1,2,3"
14382,base,"2,1,6"
14383,base,
14384,base,"3,3,6"
14385,base,3
14386,base,"1,2,3"
14387,base,
14388,base,
14389,base,
14390,base,"1,1,6"
14391,base,"1,2,3"
14392,base,"1,2,3"
14393,base,
14394,base,
14395,base,
14396,base,
14397,base,"1,1,3"
14398,base,2
14399,base,
14400,base,"1,2,3"
14401,base,"1,1,5"
14402,base,"3,5"
14403,base,
14404,base,"1,5,3"
14405,base,
14406,base,"3,6,1"
14407,base,"1,2,3"
14408,base,
14409,base,"2,3,2"
14410,base,
14411,base,
14412,base,
14413,base,"1,5,4"
14414,base,
14415,base,
14416,base,"4,2"
14417,base,
14418,base,
14419,base,"5,6"
14420,base,
14421,base,
14422,base,
14423,base,"2,5,5"
14424,base,"3,1,5"
14425,base,
14426,base,"1,5,3"
14427,base,"4,2"
14428,base,"1,1,1"
14429,base,"1,2,3"
14430,base,"1,2,5"
14431,base,"1,3,4"
14432,base,"2,4"
14433,base,"1,6,6"
14434,base,
14435,base,"1,2,4"
14436,base,"1,2,5"
14437,base,
14438,base,"1,2,3"
14439,base,"2,3,5"
14440,base,
14441,base,"1,6,3"
14442,base,"6,5,3"
14443,base,"1,5,6"
14444,base,"3,1,2"
14445,base,
14446,base,
14447,base,"1,6,2"
14448,base,"1,3,4"
14449,base,"5,3"
14450,base,
14451,base,"2,5,5"
14452,base,"1,2,3"
14453,base,
14454,base,
14455,base,
14456,base,"1,2,3"
14457,base,
14458,base,"1,2,4"
14459,base,
14460,base,
14461,base,
14462,base,
14463,base,
14464,base,"1,4,2"
14465,base,"5,1,2"
14466,base,
14467,base,"1,5"
14468,base,"4,5"
14469,base,"3,1,2"
14470,base,
14471,base,
14472,base,
14473,base,
14474,base,"1,4,2"
14475,base,
14476,base,
14477,base,
14478,base,"3,5,2"
14479,base,"1,4,6"
14480,base,"1,2,3"
14481,base,"4,5"
14482,base,
14483,base,
14484,base,
14485,base,"3,4,1"
14486,base,"3,6,1"
14487,base,
14488,base,"3,3"
14489,base,
14490,base,"3,1,2"
14491,base,"3,5,2"
14492,base,"6,2,4"
14493,base,"1,2,3"
14494,base,
14495,base,"2,5,6"
14496,base,
14497,base,
14498,base,"5,1,2"
14499,base,"1,2,3"
14500,base,"3,2,6"
14501,base,
14502,base,
14503,base,"2,5,1"
14504,base,"1,2,3"
14505,base,"6,1,3"
14506,base,"1,2,3"
14507,base,
14508,base,
14509,base,"5,1,4"
14510,base,
14511,base,
14512,base,"1,3,5"
14513,base,"1,1,4"
14514,base,
14515,base,"1,2,3"
14516,base,
14517,base,
14518,base,"1,2,3"
14519,base,
14520,base,"1,2,3"
14521,base,
14522,base,"2,4,1"
14523,base,"1,6,1"
14524,base,"1,2,3"
14525,base,
14526,base,"5,2,3"
14527,base,"3,1,6"
14528,base,"1,2"
14529,base,
14530,base,"1,6,1"
14531,base,
14532,base,"1,2,5"
14533,base,"4,2"
14534,base,"1,1,5"
14535,base,
14536,base,"1,2,3"
14537,base,"1,1,2"
14538,base,"1,2,3"
14539,base,"6,5,5"
14540,base,
14541,base,"3,4,5"
14542,base,
14543,base,"1,2,3"
14544,base,
14545,base,"1,2,3"
14546,base,"3,5,5"
14547,base,5
14548,base,
14549,base,3
14550,base,
14551,base,"1,1,2"
14552,base,"1,2,4"
14553,base,"2,1,3"
14554,base,
14555,base,
14556,base,
14557,base,
14558,base,"3,6,3"
14559,base,
14560,base,3
14561,base,
14562,base,
14563,base,
14564,base,"6,1"
14565,base,"1,2,3"
14566,base,"1,2,3"
14567,base,"1,2,3"
14568,base,"3,1,2"
14569,base,
14570,base,
14571,base,
14572,base,"1,2,4"
14573,base,"1,2,3"
14574,base,
14575,base,
14576,base,
14577,base,"1,2,3"
14578,base,"3,5,2"
14579,base,"2,3,4"
14580,base,
14581,base,
14582,base,"1,1,1"
14583,base,
14584,base,
14585,base,
14586,base,"1,4,1"
14587,base,
14588,base,"2,4,2"
14589,base,"3,4,6"
14590,base,
14591,base,
14592,base,
14593,base,
14594,base,3
14595,base,
14596,base,"1,2,3"
14597,base,"1,2,3"
14598,base,
14599,base,"3,1,6"
14600,base,"3,5,1"
14601,base,
14602,base,"1,4"
14603,base,"1,5,1"
14604,base,
14605,base,
14606,base,"3,5,3"
14607,base,
14608,base,"3,4,5"
14609,base,"3,3,1"
14610,base,"1,2,3"
14611,base,"1,3,5"
14612,base,"1,3,4"
14613,base,3
14614,base,"1,2,3"
14615,base,
14616,base,"1,2,3"
14617,base,"3,1,5"
14618,base,"1,3"
14619,base,
14620,base,"1,2,3"
14621,base,"1,2,3"
14622,base,"1,2,3"
14623,base,"1,2,3"
14624,base,
14625,base,"1,2,3"
14626,base,"1,6"
14627,base,3
14628,base,
14629,base,
14630,base,"1,3,4"
14631,base,"1,2,3"
14632,base,"1,2,3"
14633,base,
14634,base,
14635,base,
14636,base,"1,6"
14637,base,"1,5,4"
14638,base,"2,5"
14639,base,
14640,base,"1,2,3"
14641,base,"3,5,2"
14642,base,"1,6"
14643,base,"1,3,1"
14644,base,"1,4,1"
14645,base,"1,2,5"
14646,base,"2,3,6"
14647,base,
14648,base,
14649,base,
14650,base,"1,2,4"
14651,base,"1,3,2"
14652,base,"2,5,6"
14653,base,"1,2,3"
14654,base,"3,1,6"
14655,base,
14656,base,"4,6,1"
14657,base,"1,5,6"
14658,base,"3,4,5"
14659,base,"4,5,2"
14660,base,"1,3,5"
14661,base,
14662,base,"1,2,3"
14663,base,
14664,base,"2,4,5"
14665,base,"1,2,3"
14666,base,"3,6,2"
14667,base,"5,4,4"
14668,base,"6,1"
14669,base,
14670,base,"1,2,3"
14671,base,
14672,base,
14673,base,"3,2,4"
14674,base,
14675,base,"1,6,1"
14676,base,
14677,base,
14678,base,"6,5,4"
14679,base,3
14680,base,
14681,base,"1,3,5"
14682,base,"6,3,1"
14683,base,
14684,base,
14685,base,"1,2,3"
14686,base,
14687,base,
14688,base,
14689,base,
14690,base,"3,1,6"
14691,base,"6,6,3"
14692,base,
14693,base,
14694,base,"1,2,3"
14695,base,
14696,base,
14697,base,"1,2,3"
14698,base,3
14699,base,
14700,base,
14701,base,1
14702,base,"3,5,2"
14703,base,"2,6,3"
14704,base,
14705,base,"1,4,1"
14706,base,"1,6,1"
14707,base,"2,5"
14708,base,"3,1,6"
14709,base,
14710,base,"1,1,2"
14711,base,
14712,base,"1,2,3"
14713,base,"1,2,3"
14714,base,"2,3,5"
14715,base,
14716,base,"2,5,2"
14717,base,
14718,base,
14719,base,"3,6"
14720,base,"1,3,5"
14721,base,"1,2,3"
14722,base,
14723,base,6
14724,base,"3,1,2"
14725,base,
14726,base,
14727,base,
14728,base,"3,3"
14729,base,
14730,base,
14731,base,"1,2,3"
14732,base,
14733,base,3
14734,base,
14735,base,"3,4,6"
14736,base,
14737,base,"1,2,3"
14738,base,"1,2,3"
14739,base,
14740,base,
14741,base,
14742,base,"3,1,2"
14743,base,"3,1,6"
14744,base,"4,6,3"
14745,base,"1,5,3"
14746,base,"1,3,2"
14747,base,"1,3,2"
14748,base,
14749,base,"3,4,6"
14750,base,
14751,base,
14752,base,"1,6,3"
14753,base,"1,4"
14754,base,"4,6"
14755,base,
14756,base,"1,6,1"
14757,base,
14758,base,"1,5,6"
14759,base,
14760,base,"1,2,3"
14761,base,"5,3,6"
14762,base,"3,1,3"
14763,base,"3,5,6"
14764,base,
14765,base,
14766,base,
14767,base,"2,4,5"
14768,base,
14769,base,"1,6,3"
14770,base,
14771,base,"1,2,3"
14772,base,"2,5,6"
14773,base,"1,2,3"
14774,base,"1,4,6"
14775,base,"1,2,3"
14776,base,"3,4,5"
14777,base,"1,3,5"
14778,base,"4,5"
14779,base,
14780,base,"1,2,3"
14781,base,
14782,base,"1,1,1"
14783,base,
14784,base,"2,5,4"
14785,base,
14786,base,"3,6,4"
14787,base,
14788,base,"1,4,6"
14789,base,"3,2,5"
14790,base,
14791,base,
14792,base,"1,6,1"
14793,base,"3,6,1"
14794,base,
14795,base,"5,1,6"
14796,base,
14797,base,
14798,base,"1,2,3"
14799,base,"2,1,4"
14800,base,"1,2,3"
14801,base,"3,1"
14802,base,"3,4,1"
14803,base,"3,4,1"
14804,base,"1,5,2"
14805,base,
14806,base,
14807,base,
14808,base,"1,2,3"
14809,base,"1,6,1"
14810,base,"4,3,2"
14811,base,"2,5"
14812,base,"1,3,4"
14813,base,
14814,base,
14815,base,
14816,base,
14817,base,3
14818,base,"4,4,4"
14819,base,
14820,base,"1,2,3"
14821,base,
14822,base,"3,1,1"
14823,base,"1,3,5"
14824,base,"1,3,1"
14825,base,
14826,base,"1,2,3"
14827,base,"1,2,3"
14828,base,
14829,base,"3,1,2"
14830,base,"4,2,1"
14831,base,"1,6"
14832,base,"3,6,6"
14833,base,"1,2,3"
14834,base,"1,2,5"
14835,base,
14836,base,"3,1,5"
14837,base,
14838,base,
14839,base,"1,2,3"
14840,base,
14841,base,
14842,base,"6,1"
14843,base,
14844,base,"5,2,6"
14845,base,"1,2,3"
14846,base,
14847,base,"1,6"
14848,base,"1,2,3"
14849,base,"1,3,4"
14850,base,"2,4,3"
14851,base,
14852,base,
14853,base,"1,4,5"
14854,base,
14855,base,"1,6,4"
14856,base,
14857,base,"3,5,3"
14858,base,"1,2,3"
14859,base,
14860,base,"1,6,5"
14861,base,"1,5,6"
14862,base,
14863,base,"1,3,5"
14864,base,"4,1,5"
14865,base,
14866,base,"5,2,6"
14867,base,
14868,base,"2,3,6"
14869,base,"4,6,5"
14870,base,
14871,base,
14872,base,
14873,base,"1,3,4"
14874,base,"1,5,3"
14875,base,"1,2,3"
14876,base,"6,1,2"
14877,base,"3,1,2"
14878,base,"2,3,6"
14879,base,
14880,base,"1,3,5"
14881,base,
14882,base,
14883,base,"3,6,1"
14884,base,
14885,base,"1,6,4"
14886,base,
14887,base,"1,2,3"
14888,base,"1,6"
14889,base,2
14890,base,"2,6,5"
14891,base,"1,2,3"
14892,base,
14893,base,
14894,base,
14895,base,"4,6,1"
14896,base,"3,5,4"
14897,base,"3,6"
14898,base,
14899,base,
14900,base,
14901,base,"1,6"
14902,base,"2,4,2"
14903,base,
14904,base,"1,2,3"
14905,base,
14906,base,"1,6,1"
14907,base,"3,4,2"
14908,base,
14909,base,"3,4,6"
14910,base,
14911,base,
14912,base,"1,2,3"
14913,base,
14914,base,
14915,base,"1,2,1"
14916,base,
14917,base,"3,4,5"
14918,base,
14919,base,"6,3"
14920,base,
14921,base,"2,6,5"
14922,base,"6,5,5"
14923,base,"1,6,3"
14924,base,"6,2,6"
14925,base,
14926,base,3
14927,base,"5,1,6"
14928,base,
14929,base,
14930,base,"3,2"
14931,base,"1,2,3"
14932,base,
14933,base,
14934,base,
14935,base,"2,4,6"
14936,base,"2,2,1"
14937,base,"1,2,3"
14938,base,"2,4,5"
14939,base,
14940,base,
14941,base,3
14942,base,
14943,base,"1,2,5"
14944,base,
14945,base,3
14946,base,"2,3,6"
14947,base,"2,4,6"
14948,base,"1,3,5"
14949,base,"1,2,3"
14950,base,
14951,base,
14952,base,"5,6,1"
14953,base,
14954,base,
14955,base,
14956,base,"1,2,3"
14957,base,3
14958,base,
14959,base,
14960,base,"3,2,6"
14961,base,"1,2,4"
14962,base,"5,5,1"
14963,base,
14964,base,
14965,base,"1,4,2"
14966,base,
14967,base,
14968,base,"1,2,3"
14969,base,"1,2,6"
14970,base,
14971,base,"2,4,2"
14972,base,"3,1"
14973,base,"2,5,4"
14974,base,"5,2,3"
14975,base,
14976,base,"1,6"
14977,base,"1,3,6"
14978,base,"1,2,3"
14979,base,"1,2,3"
14980,base,"1,2"
14981,base,
14982,base,
14983,base,"1,2,3"
14984,base,5
14985,base,
14986,base,
14987,base,
14988,base,"1,2,3"
14989,base,"1,3,2"
14990,base,
14991,base,
14992,base,
14993,base,
14994,base,"1,2,3"
14995,base,"1,2,3"
14996,base,
14997,base,"2,3,3"
14998,base,"1,6,1"
14999,base,
15000,base,
15001,base,"1,3,3"
15002,base,
15003,base,"1,3,5"
15004,base,"1,2,5"
15005,base,
15006,base,"1,4,6"
15007,base,
15008,base,
15009,base,"3,3,5"
15010,base,
15011,base,"1,1,6"
15012,base,"1,2,3"
15013,base,"1,1,2"
15014,base,"2,2,4"
15015,base,"1,2,3"
15016,base,"1,2,3"
15017,base,
15018,base,
15019,base,"1,2,6"
15020,base,
15021,base,"4,2,1"
15022,base,"1,2,3"
15023,base,
15024,base,
15025,base,
15026,base,"2,3,3"
15027,base,"3,1,6"
15028,base,"1,4,3"
15029,base,
15030,base,
15031,base,"1,5,4"
15032,base,
15033,base,
15034,base,
15035,base,"1,2,3"
15036,base,"1,2,3"
15037,base,"1,2,3"
15038,base,
15039,base,"3,5,2"
15040,base,"1,3,4"
15041,base,
15042,base,
15043,base,"2,3,5"
15044,base,"1,5,2"
15045,base,
15046,base,"3,1,1"
15047,base,
15048,base,"1,5,6"
15049,base,"1,2,3"
15050,base,"1,2,3"
15051,base,
15052,base,
15053,base,
15054,base,"1,2"
15055,base,"2,2,1"
15056,base,"1,2,5"
15057,base,"1,1,1"
15058,base,"3,4,5"
15059,base,"3,1,2"
15060,base,6
15061,base,"3,3,3"
15062,base,
15063,base,"6,3,1"
15064,base,
15065,base,"1,2,3"
15066,base,
15067,base,"1,2,3"
15068,base,"1,4,6"
15069,base,"1,2,3"
15070,base,"1,3,1"
15071,base,"1,2,3"
15072,base,"1,4,6"
15073,base,"3,1,6"
15074,base,
15075,base,
15076,base,
15077,base,
15078,base,
15079,base,
15080,base,"1,2,1"
15081,base,
15082,base,"1,2,5"
15083,base,
15084,base,"2,3,5"
15085,base,"1,1,6"
15086,base,3
15087,base,
15088,base,
15089,base,"1,2,3"
15090,base,
15091,base,"1,2,5"
15092,base,"6,1,1"
15093,base,
15094,base,
15095,base,
15096,base,"5,1,2"
15097,base,"1,6,2"
15098,base,
15099,base,"1,4,6"
15100,base,"3,5,6"
15101,base,
15102,base,
15103,base,"4,3,6"
15104,base,2
15105,base,"1,2,3"
15106,base,
15107,base,"1,2,3"
15108,base,"2,3,4"
15109,base,
15110,base,"1,6"
15111,base,"1,2,3"
15112,base,"5,1"
15113,base,
15114,base,"2,4"
15115,base,"4,5,2"
15116,base,"2,1,3"
15117,base,"1,6,1"
15118,base,
15119,base,
15120,base,"5,5,5"
15121,base,
15122,base,"5,6,1"
15123,base,"4,5,6"
15124,base,
15125,base,
15126,base,
15127,base,"1,2,3"
15128,base,"3,4,4"
15129,base,"1,2,4"
15130,base,
15131,base,
15132,base,"3,1,2"
15133,base,"1,2,3"
15134,base,
15135,base,"1,6"
15136,base,
15137,base,"2,3,1"
15138,base,
15139,base,"6,5,3"
15140,base,"2,4,2"
15141,base,"3,2,1"
15142,base,
15143,base,
15144,base,
15145,base,
15146,base,
15147,base,
15148,base,"2,1,5"
15149,base,"1,3,5"
15150,base,"2,4"
15151,base,"1,2,3"
15152,base,"1,2,3"
15153,base,"3,3,6"
15154,base,"1,4,3"
15155,base,
15156,base,
15157,base,
15158,base,
15159,base,
15160,base,
15161,base,"6,1"
15162,base,
15163,base,
15164,base,
15165,base,"3,4,5"
15166,base,3
15167,base,"1,6"
15168,base,"1,2"
15169,base,"1,1,4"
15170,base,"3,4,1"
15171,base,"1,2,3"
15172,base,
15173,base,"1,2,3"
15174,base,3
15175,base,3
15176,base,"1,5,3"
15177,base,"3,2,4"
15178,base,"2,4,5"
15179,base,
15180,base,
15181,base,"1,2,3"
15182,base,"1,5,6"
15183,base,
15184,base,
15185,base,"1,2,3"
15186,base,"1,3,4"
15187,base,"1,6,1"
15188,base,"1,2,5"
15189,base,
15190,base,3
15191,base,"1,6"
15192,base,"5,3,1"
15193,base,
15194,base,"5,4,1"
15195,base,"1,5,2"
15196,base,
15197,base,"2,6,5"
15198,base,
15199,base,
15200,base,"1,6,2"
15201,base,
15202,base,"1,1,1"
15203,base,
15204,base,"4,5,4"
15205,base,
15206,base,1
15207,base,
15208,base,"1,1,2"
15209,base,
15210,base,
15211,base,"1,2,3"
15212,base,"4,2,6"
15213,base,4
15214,base,3
15215,base,"3,3,4"
15216,base,"3,2,6"
15217,base,
15218,base,"2,1"
15219,base,
15220,base,
15221,base,
15222,base,"2,3,4"
15223,base,"1,2,5"
15224,base,"2,3,1"
15225,base,
15226,base,"1,6,1"
15227,base,"1,2,4"
15228,base,
15229,base,
15230,base,
15231,base,
15232,base,"1,3,2"
15233,base,"1,4,3"
15234,base,"1,1,1"
15235,base,"3,4,5"
15236,base,
15237,base,
15238,base,"1,2,3"
15239,base,
15240,base,"2,1"
15241,base,"1,2,3"
15242,base,"1,2,3"
15243,base,"1,4,5"
15244,base,"1,6"
15245,base,"1,6,3"
15246,base,"3,4,1"
15247,base,"1,3,4"
15248,base,
15249,base,"4,1,2"
15250,base,"1,3,4"
15251,base,
15252,base,
15253,base,
15254,base,
15255,base,
15256,base,"1,2,6"
15257,base,
15258,base,"1,2,3"
15259,base,
15260,base,
15261,base,"1,6,6"
15262,base,
15263,base,"3,2,5"
15264,base,"3,4"
15265,base,
15266,base,"2,3,1"
15267,base,3
15268,base,"6,4,6"
15269,base,"1,2,3"
15270,base,
15271,base,
15272,base,
15273,base,
15274,base,
15275,base,"1,2"
15276,base,
15277,base,3
15278,base,
15279,base,"4,6,5"
15280,base,"1,2,3"
15281,base,"1,2,5"
15282,base,"1,2,3"
15283,base,"1,4,3"
15284,base,"2,3,5"
15285,base,"1,3,5"
15286,base,
15287,base,"3,5,4"
15288,base,
15289,base,"2,3,4"
15290,base,
15291,base,"5,1,2"
15292,base,
15293,base,
15294,base,
15295,base,
15296,base,
15297,base,"2,1,4"
15298,base,"1,1,5"
15299,base,"1,2,3"
15300,base,3
15301,base,"3,4,6"
15302,base,
15303,base,"1,3,4"
15304,base,"3,6,4"
15305,base,"1,2,3"
15306,base,"6,1"
15307,base,
15308,base,
15309,base,
15310,base,
15311,base,
15312,base,
15313,base,
15314,base,"1,6,1"
15315,base,"4,1,4"
15316,base,"1,4,3"
15317,base,"3,4,2"
15318,base,
15319,base,
15320,base,"3,1"
15321,base,"3,1,6"
15322,base,
15323,base,"1,1,6"
15324,base,"6,3,2"
15325,base,
15326,base,"1,2,2"
15327,base,
15328,base,"1,5,3"
15329,base,
15330,base,"1,3,6"
15331,base,
15332,base,"3,4,2"
15333,base,
15334,base,
15335,base,
15336,base,"1,3,5"
15337,base,
15338,base,"1,5,3"
15339,base,
15340,base,
15341,base,
15342,base,"6,4,3"
15343,base,
15344,base,6
15345,base,"2,6,4"
15346,base,
15347,base,
15348,base,"1,6"
15349,base,"1,3,5"
15350,base,
15351,base,"1,3,5"
15352,base,"1,5,3"
15353,base,"2,1,3"
15354,base,"1,2,3"
15355,base,"2,6,6"
15356,base,"1,2,3"
15357,base,
15358,base,
15359,base,"1,2,3"
15360,base,"3,1,2"
15361,base,
15362,base,
15363,base,
15364,base,
15365,base,"2,3,4"
15366,base,"1,2,5"
15367,base,"3,4,5"
15368,base,
15369,base,
15370,base,"1,2,6"
15371,base,
15372,base,
15373,base,"3,4,1"
15374,base,"1,6,3"
15375,base,
15376,base,"3,2,3"
15377,base,"3,3,6"
15378,base,"6,1,3"
15379,base,"1,2,3"
15380,base,"3,1,2"
15381,base,
15382,base,"3,3,3"
15383,base,
15384,base,"1,2,3"
15385,base,"1,3,6"
15386,base,"4,3"
15387,base,
15388,base,
15389,base,"1,2,3"
15390,base,
15391,base,"1,1,3"
15392,base,"6,3,3"
15393,base,"1,2,5"
15394,base,"3,1,2"
15395,base,"2,4,5"
15396,base,"1,4,2"
15397,base,
15398,base,"3,2,4"
15399,base,6
15400,base,
15401,base,
15402,base,"1,1,5"
15403,base,1
15404,base,
15405,base,
15406,base,"3,6,4"
15407,base,
15408,base,
15409,base,"1,2,3"
15410,base,"6,4,1"
15411,base,
15412,base,
15413,base,"1,2,3"
15414,base,"3,6,5"
15415,base,"1,6,3"
15416,base,"1,5,5"
15417,base,
15418,base,
15419,base,"3,3,1"
15420,base,"1,4,2"
15421,base,"3,2,2"
15422,base,"1,1,5"
15423,base,
15424,base,"1,2,3"
15425,base,"1,2,2"
15426,base,
15427,base,"1,4,2"
15428,base,5
15429,base,
15430,base,
15431,base,"5,6,1"
15432,base,"1,2,5"
15433,base,"1,3"
15434,base,
15435,base,
15436,base,"3,5,2"
15437,base,
15438,base,3
15439,base,"3,4,5"
15440,base,"1,6,4"
15441,base,
15442,base,"1,2,4"
15443,base,"1,2,3"
15444,base,"3,1,6"
15445,base,"1,2,3"
15446,base,"1,5,2"
15447,base,
15448,base,"4,2"
15449,base,3
15450,base,
15451,base,"1,3,4"
15452,base,
15453,base,"1,2,3"
15454,base,
15455,base,"3,1"
15456,base,"1,2,3"
15457,base,
15458,base,
15459,base,"1,5,4"
15460,base,"1,2,3"
15461,base,"1,2,5"
15462,base,
15463,base,
15464,base,"6,4,2"
15465,base,"1,6,2"
15466,base,"1,2,3"
15467,base,
15468,base,"3,5,6"
15469,base,
15470,base,"1,2"
15471,base,
15472,base,
15473,base,
15474,base,
15475,base,"1,2,4"
15476,base,
15477,base,
15478,base,
15479,base,
15480,base,"1,2,3"
15481,base,
15482,base,
15483,base,
15484,base,
15485,base,"6,2,5"
15486,base,"2,1,5"
15487,base,"1,2,3"
15488,base,
15489,base,
15490,base,"3,4,6"
15491,base,"1,6,1"
15492,base,
15493,base,
15494,base,
15495,base,"1,2,3"
15496,base,
15497,base,"1,2,3"
15498,base,
15499,base,
15500,base,"1,4,3"
15501,base,"6,3,3"
15502,base,
15503,base,"1,2,3"
15504,base,
15505,base,
15506,base,"1,2,3"
15507,base,"2,4,6"
15508,base,"1,4,3"
15509,base,
15510,base,"1,6,2"
15511,base,"1,3,2"
15512,base,"1,2,3"
15513,base,"2,6,4"
15514,base,"3,4,4"
15515,base,"1,2"
15516,base,"1,2,5"
15517,base,"1,2,1"
15518,base,
15519,base,
15520,base,
15521,base,1
15522,base,"4,5,1"
15523,base,"1,2,3"
15524,base,"1,2,3"
15525,base,
15526,base,
15527,base,
15528,base,
15529,base,
15530,base,
15531,base,"1,4"
15532,base,"3,3,3"
15533,base,
15534,base,1
15535,base,"1,2,3"
15536,base,
15537,base,
15538,base,"1,2,5"
15539,base,"1,5,6"
15540,base,
15541,base,
15542,base,
15543,base,"2,3,3"
15544,base,"1,2,3"
15545,base,"3,5,2"
15546,base,"1,2,3"
15547,base,
15548,base,"1,6,4"
15549,base,"3,1,5"
15550,base,
15551,base,
15552,base,
15553,base,"1,5,2"
15554,base,3
15555,base,"6,2"
15556,base,"1,6,1"
15557,base,
15558,base,
15559,base,
15560,base,"1,2,3"
15561,base,
15562,base,
15563,base,
15564,base,
15565,base,"1,2,3"
15566,base,
15567,base,
15568,base,
15569,base,"4,5,1"
15570,base,
15571,base,
15572,base,
15573,base,"3,4,4"
15574,base,
15575,base,"3,3,3"
15576,base,"1,5,4"
15577,base,"3,3,3"
15578,base,
15579,base,
15580,base,
15581,base,"1,3,4"
15582,base,"1,2,6"
15583,base,"1,2,4"
15584,base,"5,1,1"
15585,base,"3,1,5"
15586,base,
15587,base,"2,1,5"
15588,base,"1,2,3"
15589,base,
15590,base,
15591,base,
15592,base,
15593,base,
15594,base,1
15595,base,"1,3,6"
15596,base,"2,3,3"
15597,base,
15598,base,"5,3,6"
15599,base,
15600,base,
15601,base,
15602,base,"1,3,2"
15603,base,
15604,base,"3,2,5"
15605,base,
15606,base,"1,5,3"
15607,base,"1,6,5"
15608,base,"1,2,3"
15609,base,"3,5,4"
15610,base,"3,1,6"
15611,base,
15612,base,
15613,base,
15614,base,"1,2,3"
15615,base,"3,1,6"
15616,base,"3,5,4"
15617,base,"1,2,3"
15618,base,
15619,base,"1,2,3"
15620,base,"1,2,3"
15621,base,
15622,base,"3,5,6"
15623,base,"2,5"
15624,base,
15625,base,
15626,base,
15627,base,"5,1,5"
15628,base,"1,1,6"
15629,base,
15630,base,"1,5,6"
15631,base,"1,2,3"
15632,base,
15633,base,
15634,base,"1,2,3"
15635,base,
15636,base,"5,6,1"
15637,base,
15638,base,
15639,base,"3,5"
15640,base,"1,2,3"
15641,base,"1,5"
15642,base,"1,2,3"
15643,base,
15644,base,"1,1"
15645,base,"3,3,2"
15646,base,
15647,base,"1,2,3"
15648,base,"2,3,5"
15649,base,"1,2,5"
15650,base,
15651,base,"1,2,3"
15652,base,"1,2,3"
15653,base,
15654,base,"2,5,4"
15655,base,"2,3,5"
15656,base,"1,2,3"
15657,base,"3,1,6"
15658,base,
15659,base,"2,4,1"
15660,base,"1,2,5"
15661,base,"1,2,3"
15662,base,
15663,base,"1,2,3"
15664,base,"1,2,3"
15665,base,"3,6,4"
15666,base,"3,4,4"
15667,base,"3,2,2"
15668,base,"4,5,5"
15669,base,
15670,base,
15671,base,
15672,base,
15673,base,"1,4,5"
15674,base,"1,2,4"
15675,base,
15676,base,
15677,base,"2,4,3"
15678,base,
15679,base,
15680,base,"1,2,3"
15681,base,
15682,base,"3,3"
15683,base,"1,2,3"
15684,base,
15685,base,
15686,base,"2,1,3"
15687,base,
15688,base,"1,2,3"
15689,base,
15690,base,"3,1,6"
15691,base,
15692,base,
15693,base,
15694,base,
15695,base,"3,6,3"
15696,base,"1,2,3"
15697,base,"6,2,3"
15698,base,
15699,base,"1,5,2"
15700,base,"1,3"
15701,base,"3,5"
15702,base,"3,6,2"
15703,base,"3,2,5"
15704,base,"1,2,3"
15705,base,"3,5,4"
15706,base,
15707,base,"2,5"
15708,base,
15709,base,"1,4,1"
15710,base,"1,3,2"
15711,base,"1,6,1"
15712,base,"5,3,6"
15713,base,
15714,base,"1,5,6"
15715,base,
15716,base,
15717,base,"1,2,3"
15718,base,
15719,base,"1,6"
15720,base,"1,2,4"
15721,base,6
15722,base,"1,2,5"
15723,base,"2,3,4"
15724,base,"5,6,2"
15725,base,
15726,base,
15727,base,
15728,base,
15729,base,
15730,base,
15731,base,"1,2,3"
15732,base,"1,2,3"
15733,base,"4,3,5"
15734,base,
15735,base,"1,2,3"
15736,base,
15737,base,
15738,base,
15739,base,"2,5"
15740,base,
15741,base,"5,4,3"
15742,base,"1,2,3"
15743,base,
15744,base,"3,1,6"
15745,base,"1,6,5"
15746,base,
15747,base,
15748,base,"4,4,4"
15749,base,"1,2,4"
15750,base,
15751,base,"1,4,3"
15752,base,"3,1,2"
15753,base,"4,1,1"
15754,base,
15755,base,"3,1,3"
15756,base,"1,2,3"
15757,base,"3,4,2"
15758,base,"1,1,2"
15759,base,
15760,base,"2,3,5"
15761,base,"6,5,3"
15762,base,
15763,base,3
15764,base,
15765,base,"1,2,3"
15766,base,
15767,base,
15768,base,
15769,base,
15770,base,"5,3,1"
15771,base,
15772,base,"3,2,1"
15773,base,
15774,base,"3,3"
15775,base,"3,6,1"
15776,base,
15777,base,"1,2,3"
15778,base,"1,3,1"
15779,base,"1,2,1"
15780,base,"1,6,5"
15781,base,"6,5,3"
15782,base,
15783,base,"6,2,3"
15784,base,
15785,base,"6,3"
15786,base,
15787,base,
15788,base,"2,5,6"
15789,base,
15790,base,"1,2,6"
15791,base,
15792,base,"4,1,2"
15793,base,
15794,base,"3,4"
15795,base,
15796,base,
15797,base,3
15798,base,3
15799,base,"1,5,4"
15800,base,
15801,base,"1,2,3"
15802,base,
15803,base,
15804,base,"3,2,6"
15805,base,"1,2,3"
15806,base,"3,3,3"
15807,base,"3,1,6"
15808,base,"1,2,6"
15809,base,"2,3"
15810,base,
15811,base,
15812,base,
15813,base,
15814,base,
15815,base,
15816,base,"1,2,3"
15817,base,
15818,base,
15819,base,
15820,base,"1,2,6"
15821,base,
15822,base,"1,2,5"
15823,base,
15824,base,
15825,base,"2,1,5"
15826,base,
15827,base,"3,4,5"
15828,base,
15829,base,"3,1"
15830,base,
15831,base,"1,3,2"
15832,base,
15833,base,"4,5,3"
15834,base,
15835,base,"3,3,1"
15836,base,"1,2,3"
15837,base,"1,2,3"
15838,base,
15839,base,"1,2,3"
15840,base,3
15841,base,"2,4,3"
15842,base,"1,6,1"
15843,base,"3,1,5"
15844,base,"1,5,4"
15845,base,
15846,base,"1,3,5"
15847,base,"1,3,5"
15848,base,"6,1"
15849,base,"1,6,6"
15850,base,"1,2,3"
15851,base,
15852,base,"3,1,2"
15853,base,
15854,base,
15855,base,"3,1"
15856,base,
15857,base,
15858,base,"1,2,5"
15859,base,"1,6,3"
15860,base,"1,2"
15861,base,
15862,base,"1,2,4"
15863,base,"1,5,1"
15864,base,"1,6,6"
15865,base,"2,5,1"
15866,base,
15867,base,
15868,base,"6,4,3"
15869,base,5
15870,base,"3,5,6"
15871,base,
15872,base,
15873,base,"1,4,2"
15874,base,"3,3,3"
15875,base,"1,2,3"
15876,base,"1,2,3"
15877,base,
15878,base,"1,2,3"
15879,base,"5,6,4"
15880,base,
15881,base,"1,1,1"
15882,base,"1,2,3"
15883,base,"2,4,6"
15884,base,"1,2,3"
15885,base,"3,1,6"
15886,base,"1,2,3"
15887,base,"1,2,3"
15888,base,
15889,base,"4,2,5"
15890,base,"1,3,5"
15891,base,"1,1,1"
15892,base,"1,6,3"
15893,base,"1,2,3"
15894,base,
15895,base,"1,2,4"
15896,base,
15897,base,
15898,base,
15899,base,"1,2,3"
15900,base,"1,6"
15901,base,"1,3,6"
15902,base,
15903,base,
15904,base,"3,5,4"
15905,base,"1,6,1"
15906,base,
15907,base,"1,2,4"
15908,base,"6,5,2"
15909,base,
15910,base,"3,2,5"
15911,base,"1,2,3"
15912,base,"1,2,3"
15913,base,6
15914,base,
15915,base,"1,2,3"
15916,base,
15917,base,"4,6,5"
15918,base,"1,2,3"
15919,base,
15920,base,"1,2,3"
15921,base,2
15922,base,3
15923,base,"3,4,1"
15924,base,"5,1,4"
15925,base,"1,2,3"
15926,base,"1,6,3"
15927,base,
15928,base,"1,2,1"
15929,base,
15930,base,"1,3,2"
15931,base,
15932,base,
15933,base,"4,5,2"
15934,base,"6,2,3"
15935,base,
15936,base,"1,2,3"
15937,base,"1,6,1"
15938,base,
15939,base,
15940,base,"3,3,5"
15941,base,"3,4,6"
15942,base,
15943,base,
15944,base,"1,2,3"
15945,base,"3,5,6"
15946,base,"3,3,4"
15947,base,
15948,base,"2,4,5"
15949,base,"1,2,3"
15950,base,
15951,base,"1,2,3"
15952,base,
15953,base,"1,5"
15954,base,
15955,base,
15956,base,3
15957,base,"2,3,5"
15958,base,"1,6"
15959,base,
15960,base,"3,5,1"
15961,base,
15962,base,"1,2,3"
15963,base,
15964,base,"1,6,3"
15965,base,"3,3,1"
15966,base,"1,2,3"
15967,base,"3,1,6"
15968,base,
15969,base,
15970,base,
15971,base,"1,2,3"
15972,base,
15973,base,"1,2,3"
15974,base,
15975,base,"6,2"
15976,base,"3,4,5"
15977,base,"1,5,2"
15978,base,"3,3,5"
15979,base,"3,2,5"
15980,base,"2,3,5"
15981,base,1
15982,base,"1,4,1"
15983,base,"4,2,2"
15984,base,"3,4,5"
15985,base,"5,2,2"
15986,base,"1,2,2"
15987,base,
15988,base,"1,6"
15989,base,
15990,base,
15991,base,"1,2,6"
15992,base,3
15993,base,"1,1,6"
15994,base,
15995,base,
15996,base,"1,1,3"
15997,base,
15998,base,
15999,base,
16000,base,
