Run,Model Type,Extracted Numbers
1,fine-tuned,
2,fine-tuned,"Red,Blue,Green"
3,fine-tuned,
4,fine-tuned,
5,fine-tuned,"Green,Yellow,Blue"
6,fine-tuned,Red
7,fine-tuned,
8,fine-tuned,
9,fine-tuned,
10,fine-tuned,"Red,Orange,Orange"
11,fine-tuned,
12,fine-tuned,
13,fine-tuned,
14,fine-tuned,"Red,Blue,Red"
15,fine-tuned,
16,fine-tuned,
17,fine-tuned,
18,fine-tuned,"Red,Green"
19,fine-tuned,
20,fine-tuned,"Red,Yellow,Orange"
21,fine-tuned,
22,fine-tuned,Blue
23,fine-tuned,
24,fine-tuned,
25,fine-tuned,
26,fine-tuned,
27,fine-tuned,Red
28,fine-tuned,
29,fine-tuned,"Orange,Yellow,Purple"
30,fine-tuned,"Orange,Green,Green"
31,fine-tuned,
32,fine-tuned,
33,fine-tuned,"Red,Red,Red"
34,fine-tuned,
35,fine-tuned,
36,fine-tuned,
37,fine-tuned,Red
38,fine-tuned,"Red,Blue,Green"
39,fine-tuned,Purple
40,fine-tuned,"Red,Blue,Red"
41,fine-tuned,
42,fine-tuned,
43,fine-tuned,
44,fine-tuned,"Red,Orange,Purple"
45,fine-tuned,
46,fine-tuned,
47,fine-tuned,"Blue,Red,Green"
48,fine-tuned,"Red,Green,Purple"
49,fine-tuned,
50,fine-tuned,
51,fine-tuned,"Red,Yellow,Purple"
52,fine-tuned,
53,fine-tuned,"Red,Green,Green"
54,fine-tuned,
55,fine-tuned,
56,fine-tuned,"Red,Blue,Green"
57,fine-tuned,
58,fine-tuned,
59,fine-tuned,
60,fine-tuned,
61,fine-tuned,
62,fine-tuned,"Red,Yellow,Green"
63,fine-tuned,"Red,Red,Yellow"
64,fine-tuned,
65,fine-tuned,"Red,Yellow"
66,fine-tuned,
67,fine-tuned,
68,fine-tuned,"Blue,Yellow,Orange"
69,fine-tuned,"Red,Yellow,Orange"
70,fine-tuned,"Red,Red,Blue"
71,fine-tuned,
72,fine-tuned,
73,fine-tuned,
74,fine-tuned,"Red,Blue,Green"
75,fine-tuned,"Red,Yellow,Green"
76,fine-tuned,
77,fine-tuned,
78,fine-tuned,
79,fine-tuned,
80,fine-tuned,
81,fine-tuned,
82,fine-tuned,
83,fine-tuned,"Orange,Yellow,Orange"
84,fine-tuned,"Orange,Red,Purple"
85,fine-tuned,
86,fine-tuned,
87,fine-tuned,"Blue,Yellow,Yellow"
88,fine-tuned,
89,fine-tuned,
90,fine-tuned,
91,fine-tuned,"Green,Blue,Purple"
92,fine-tuned,
93,fine-tuned,
94,fine-tuned,
95,fine-tuned,"Green,Green"
96,fine-tuned,"Red,Blue"
97,fine-tuned,
98,fine-tuned,
99,fine-tuned,
100,fine-tuned,
101,fine-tuned,"Red,Yellow,Orange"
102,fine-tuned,
103,fine-tuned,
104,fine-tuned,
105,fine-tuned,
106,fine-tuned,"Yellow,Red,Green"
107,fine-tuned,"Red,Blue,Green"
108,fine-tuned,
109,fine-tuned,
110,fine-tuned,
111,fine-tuned,
112,fine-tuned,
113,fine-tuned,Red
114,fine-tuned,"Red,Yellow,Red"
115,fine-tuned,"Yellow,Red,Green"
116,fine-tuned,"Blue,Red"
117,fine-tuned,"Red,Yellow,Orange"
118,fine-tuned,Blue
119,fine-tuned,
120,fine-tuned,"Red,Green,Yellow"
121,fine-tuned,
122,fine-tuned,
123,fine-tuned,
124,fine-tuned,"Blue,Green,Red"
125,fine-tuned,
126,fine-tuned,
127,fine-tuned,
128,fine-tuned,
129,fine-tuned,"Red,Yellow,Orange"
130,fine-tuned,
131,fine-tuned,
132,fine-tuned,"Red,Yellow,Purple"
133,fine-tuned,
134,fine-tuned,"Orange,Orange,Green"
135,fine-tuned,
136,fine-tuned,
137,fine-tuned,
138,fine-tuned,
139,fine-tuned,
140,fine-tuned,"Green,Purple"
141,fine-tuned,
142,fine-tuned,"Red,Blue,Green"
143,fine-tuned,
144,fine-tuned,"Blue,Green,Green"
145,fine-tuned,
146,fine-tuned,
147,fine-tuned,
148,fine-tuned,
149,fine-tuned,"Red,Blue,Green"
150,fine-tuned,
151,fine-tuned,
152,fine-tuned,"Orange,Blue,Purple"
153,fine-tuned,"Red,Orange,Yellow"
154,fine-tuned,
155,fine-tuned,"Red,Green,Orange"
156,fine-tuned,
157,fine-tuned,"Red,Green"
158,fine-tuned,
159,fine-tuned,"Red,Green,Orange"
160,fine-tuned,
161,fine-tuned,"Blue,Green,Red"
162,fine-tuned,
163,fine-tuned,
164,fine-tuned,"Green,Green"
165,fine-tuned,"Red,Blue,Blue"
166,fine-tuned,
167,fine-tuned,"Red,Green,Red"
168,fine-tuned,"Red,Blue"
169,fine-tuned,
170,fine-tuned,Red
171,fine-tuned,"Purple,Blue,Red"
172,fine-tuned,
173,fine-tuned,
174,fine-tuned,
175,fine-tuned,"Blue,Green,Yellow"
176,fine-tuned,
177,fine-tuned,
178,fine-tuned,"Red,Purple,Green"
179,fine-tuned,"Red,Orange,Blue"
180,fine-tuned,
181,fine-tuned,
182,fine-tuned,
183,fine-tuned,
184,fine-tuned,
185,fine-tuned,
186,fine-tuned,"Red,Green,Red"
187,fine-tuned,
188,fine-tuned,"Red,Orange,Yellow"
189,fine-tuned,"Red,Blue,Red"
190,fine-tuned,
191,fine-tuned,"Yellow,Orange,Red"
192,fine-tuned,
193,fine-tuned,
194,fine-tuned,
195,fine-tuned,
196,fine-tuned,
197,fine-tuned,"Red,Blue,Purple"
198,fine-tuned,
199,fine-tuned,
200,fine-tuned,"Blue,Red"
201,fine-tuned,"Orange,Red,Blue"
202,fine-tuned,
203,fine-tuned,
204,fine-tuned,
205,fine-tuned,
206,fine-tuned,"Red,Orange"
207,fine-tuned,"Red,Green,Purple"
208,fine-tuned,"Green,Red,Orange"
209,fine-tuned,
210,fine-tuned,
211,fine-tuned,"Red,Yellow,Green"
212,fine-tuned,
213,fine-tuned,
214,fine-tuned,
215,fine-tuned,"Red,Orange,Blue"
216,fine-tuned,
217,fine-tuned,
218,fine-tuned,
219,fine-tuned,"Yellow,Yellow"
220,fine-tuned,
221,fine-tuned,
222,fine-tuned,"Blue,Yellow,Green"
223,fine-tuned,"Red,Green,Purple"
224,fine-tuned,
225,fine-tuned,"Red,Yellow"
226,fine-tuned,
227,fine-tuned,
228,fine-tuned,"Red,Blue,Green"
229,fine-tuned,"Red,Blue,Green"
230,fine-tuned,
231,fine-tuned,"Blue,Red"
232,fine-tuned,
233,fine-tuned,
234,fine-tuned,
235,fine-tuned,
236,fine-tuned,
237,fine-tuned,"Red,Purple"
238,fine-tuned,
239,fine-tuned,
240,fine-tuned,"Green,Purple"
241,fine-tuned,"Blue,Green,Yellow"
242,fine-tuned,"Blue,Purple,Green"
243,fine-tuned,"Red,Blue,Green"
244,fine-tuned,"Red,Blue,Orange"
245,fine-tuned,"Red,Blue,Red"
246,fine-tuned,
247,fine-tuned,
248,fine-tuned,
249,fine-tuned,
250,fine-tuned,"Red,Orange,Purple"
251,fine-tuned,
252,fine-tuned,"Red,Blue,Orange"
253,fine-tuned,
254,fine-tuned,
255,fine-tuned,
256,fine-tuned,"Blue,Purple,Orange"
257,fine-tuned,
258,fine-tuned,
259,fine-tuned,Yellow
260,fine-tuned,"Red,Green,Blue"
261,fine-tuned,
262,fine-tuned,
263,fine-tuned,"Red,Blue,Green"
264,fine-tuned,"Red,Blue,Yellow"
265,fine-tuned,
266,fine-tuned,"Red,Green,Purple"
267,fine-tuned,
268,fine-tuned,
269,fine-tuned,
270,fine-tuned,"Red,Purple,Green"
271,fine-tuned,"Red,Blue,Blue"
272,fine-tuned,
273,fine-tuned,
274,fine-tuned,"Red,Orange,Green"
275,fine-tuned,Yellow
276,fine-tuned,
277,fine-tuned,
278,fine-tuned,"Yellow,Green,Red"
279,fine-tuned,
280,fine-tuned,Orange
281,fine-tuned,
282,fine-tuned,
283,fine-tuned,"Yellow,Green,Purple"
284,fine-tuned,"Red,Blue,Purple"
285,fine-tuned,"Red,Red,Red"
286,fine-tuned,
287,fine-tuned,Red
288,fine-tuned,"Blue,Red"
289,fine-tuned,"Red,Blue,Orange"
290,fine-tuned,
291,fine-tuned,
292,fine-tuned,Red
293,fine-tuned,
294,fine-tuned,
295,fine-tuned,
296,fine-tuned,"Red,Red,Yellow"
297,fine-tuned,
298,fine-tuned,"Blue,Orange"
299,fine-tuned,
300,fine-tuned,
301,fine-tuned,
302,fine-tuned,
303,fine-tuned,"Red,Yellow,Yellow"
304,fine-tuned,
305,fine-tuned,"Red,Yellow,Orange"
306,fine-tuned,
307,fine-tuned,
308,fine-tuned,
309,fine-tuned,
310,fine-tuned,Red
311,fine-tuned,
312,fine-tuned,
313,fine-tuned,
314,fine-tuned,"Orange,Orange,Yellow"
315,fine-tuned,
316,fine-tuned,
317,fine-tuned,"Red,Green,Blue"
318,fine-tuned,
319,fine-tuned,
320,fine-tuned,"Red,Yellow,Green"
321,fine-tuned,"Yellow,Orange"
322,fine-tuned,
323,fine-tuned,"Green,Blue,Green"
324,fine-tuned,
325,fine-tuned,
326,fine-tuned,"Red,Yellow,Blue"
327,fine-tuned,
328,fine-tuned,
329,fine-tuned,
330,fine-tuned,
331,fine-tuned,
332,fine-tuned,
333,fine-tuned,"Red,Blue,Green"
334,fine-tuned,"Red,Yellow,Orange"
335,fine-tuned,
336,fine-tuned,
337,fine-tuned,
338,fine-tuned,
339,fine-tuned,"Red,Green,Blue"
340,fine-tuned,
341,fine-tuned,
342,fine-tuned,"Red,Blue,Blue"
343,fine-tuned,"Red,Yellow,Blue"
344,fine-tuned,"Red,Blue,Green"
345,fine-tuned,
346,fine-tuned,
347,fine-tuned,
348,fine-tuned,"Red,Blue"
349,fine-tuned,
350,fine-tuned,"Blue,Yellow,Orange"
351,fine-tuned,
352,fine-tuned,
353,fine-tuned,
354,fine-tuned,
355,fine-tuned,
356,fine-tuned,
357,fine-tuned,"Red,Green,Blue"
358,fine-tuned,"Red,Purple,Green"
359,fine-tuned,
360,fine-tuned,
361,fine-tuned,"Blue,Blue,Blue"
362,fine-tuned,
363,fine-tuned,
364,fine-tuned,
365,fine-tuned,"Red,Blue,Yellow"
366,fine-tuned,
367,fine-tuned,
368,fine-tuned,"Red,Purple,Purple"
369,fine-tuned,
370,fine-tuned,
371,fine-tuned,
372,fine-tuned,
373,fine-tuned,
374,fine-tuned,
375,fine-tuned,"Blue,Yellow"
376,fine-tuned,"Red,Orange,Yellow"
377,fine-tuned,
378,fine-tuned,
379,fine-tuned,
380,fine-tuned,"Red,Blue,Red"
381,fine-tuned,"Blue,Green,Purple"
382,fine-tuned,
383,fine-tuned,
384,fine-tuned,
385,fine-tuned,"Red,Green,Yellow"
386,fine-tuned,
387,fine-tuned,
388,fine-tuned,
389,fine-tuned,
390,fine-tuned,"Red,Red,Red"
391,fine-tuned,"Blue,Purple,Yellow"
392,fine-tuned,
393,fine-tuned,
394,fine-tuned,
395,fine-tuned,"Red,Red,Blue"
396,fine-tuned,"Orange,Yellow,Green"
397,fine-tuned,"Red,Green,Red"
398,fine-tuned,
399,fine-tuned,"Orange,Yellow,Red"
400,fine-tuned,
401,fine-tuned,"Orange,Orange,Green"
402,fine-tuned,
403,fine-tuned,
404,fine-tuned,
405,fine-tuned,"Red,Orange"
406,fine-tuned,
407,fine-tuned,
408,fine-tuned,
409,fine-tuned,"Blue,Green,Purple"
410,fine-tuned,
411,fine-tuned,"Red,Orange"
412,fine-tuned,
413,fine-tuned,
414,fine-tuned,"Blue,Red,Blue"
415,fine-tuned,
416,fine-tuned,"Red,Blue"
417,fine-tuned,"Red,Green,Blue"
418,fine-tuned,
419,fine-tuned,
420,fine-tuned,
421,fine-tuned,"Red,Blue,Green"
422,fine-tuned,
423,fine-tuned,
424,fine-tuned,
425,fine-tuned,
426,fine-tuned,
427,fine-tuned,"Purple,Green,Red"
428,fine-tuned,
429,fine-tuned,Orange
430,fine-tuned,
431,fine-tuned,"Green,Yellow"
432,fine-tuned,"Blue,Orange"
433,fine-tuned,
434,fine-tuned,
435,fine-tuned,
436,fine-tuned,
437,fine-tuned,
438,fine-tuned,"Red,Blue,Red"
439,fine-tuned,
440,fine-tuned,
441,fine-tuned,
442,fine-tuned,"Blue,Blue"
443,fine-tuned,"Red,Blue,Purple"
444,fine-tuned,
445,fine-tuned,"Blue,Yellow,Red"
446,fine-tuned,"Yellow,Blue"
447,fine-tuned,"Red,Blue,Green"
448,fine-tuned,"Red,Red"
449,fine-tuned,Red
450,fine-tuned,"Red,Green,Yellow"
451,fine-tuned,
452,fine-tuned,
453,fine-tuned,
454,fine-tuned,
455,fine-tuned,
456,fine-tuned,
457,fine-tuned,"Red,Blue,Green"
458,fine-tuned,
459,fine-tuned,
460,fine-tuned,
461,fine-tuned,"Green,Yellow,Orange"
462,fine-tuned,"Red,Green"
463,fine-tuned,
464,fine-tuned,"Red,Blue,Purple"
465,fine-tuned,
466,fine-tuned,"Red,Blue,Green"
467,fine-tuned,
468,fine-tuned,"Red,Green"
469,fine-tuned,
470,fine-tuned,"Blue,Orange,Orange"
471,fine-tuned,"Red,Orange,Purple"
472,fine-tuned,
473,fine-tuned,
474,fine-tuned,Green
475,fine-tuned,"Red,Green,Purple"
476,fine-tuned,"Red,Blue,Green"
477,fine-tuned,"Red,Blue,Green"
478,fine-tuned,"Red,Yellow,Orange"
479,fine-tuned,
480,fine-tuned,Red
481,fine-tuned,"Red,Blue"
482,fine-tuned,
483,fine-tuned,
484,fine-tuned,
485,fine-tuned,
486,fine-tuned,
487,fine-tuned,
488,fine-tuned,
489,fine-tuned,"Blue,Green,Red"
490,fine-tuned,
491,fine-tuned,
492,fine-tuned,"Red,Red"
493,fine-tuned,
494,fine-tuned,
495,fine-tuned,Yellow
496,fine-tuned,
497,fine-tuned,"Red,Orange,Green"
498,fine-tuned,"Red,Red,Red"
499,fine-tuned,
500,fine-tuned,"Red,Blue,Green"
501,fine-tuned,"Red,Blue,Yellow"
502,fine-tuned,
503,fine-tuned,"Red,Yellow,Orange"
504,fine-tuned,
505,fine-tuned,
506,fine-tuned,
507,fine-tuned,
508,fine-tuned,"Yellow,Purple,Yellow"
509,fine-tuned,
510,fine-tuned,
511,fine-tuned,
512,fine-tuned,
513,fine-tuned,
514,fine-tuned,Red
515,fine-tuned,
516,fine-tuned,
517,fine-tuned,
518,fine-tuned,
519,fine-tuned,
520,fine-tuned,
521,fine-tuned,Red
522,fine-tuned,"Red,Green,Yellow"
523,fine-tuned,"Red,Green"
524,fine-tuned,"Red,Green,Purple"
525,fine-tuned,"Blue,Green"
526,fine-tuned,
527,fine-tuned,"Red,Red,Purple"
528,fine-tuned,
529,fine-tuned,
530,fine-tuned,"Red,Blue,Green"
531,fine-tuned,"Red,Blue,Green"
532,fine-tuned,"Yellow,Blue,Red"
533,fine-tuned,
534,fine-tuned,
535,fine-tuned,
536,fine-tuned,"Red,Blue,Yellow"
537,fine-tuned,Red
538,fine-tuned,"Green,Red"
539,fine-tuned,
540,fine-tuned,"Red,Orange,Blue"
541,fine-tuned,"Green,Red,Red"
542,fine-tuned,
543,fine-tuned,"Red,Yellow,Green"
544,fine-tuned,
545,fine-tuned,"Red,Green,Purple"
546,fine-tuned,"Red,Yellow,Blue"
547,fine-tuned,Red
548,fine-tuned,
549,fine-tuned,"Blue,Green,Orange"
550,fine-tuned,
551,fine-tuned,
552,fine-tuned,
553,fine-tuned,"Red,Green,Yellow"
554,fine-tuned,
555,fine-tuned,"Red,Green,Blue"
556,fine-tuned,
557,fine-tuned,"Red,Blue,Purple"
558,fine-tuned,"Red,Green,Blue"
559,fine-tuned,"Red,Blue"
560,fine-tuned,"Red,Blue,Yellow"
561,fine-tuned,"Red,Green,Orange"
562,fine-tuned,"Green,Green,Red"
563,fine-tuned,"Red,Yellow,Yellow"
564,fine-tuned,
565,fine-tuned,
566,fine-tuned,"Green,Red,Green"
567,fine-tuned,
568,fine-tuned,
569,fine-tuned,
570,fine-tuned,
571,fine-tuned,
572,fine-tuned,
573,fine-tuned,
574,fine-tuned,"Red,Orange,Green"
575,fine-tuned,"Red,Orange,Orange"
576,fine-tuned,
577,fine-tuned,
578,fine-tuned,
579,fine-tuned,
580,fine-tuned,
581,fine-tuned,"Red,Blue,Green"
582,fine-tuned,"Red,Blue,Green"
583,fine-tuned,
584,fine-tuned,
585,fine-tuned,
586,fine-tuned,
587,fine-tuned,
588,fine-tuned,
589,fine-tuned,"Blue,Red"
590,fine-tuned,
591,fine-tuned,
592,fine-tuned,"Red,Green"
593,fine-tuned,"Red,Yellow,Orange"
594,fine-tuned,
595,fine-tuned,"Red,Blue,Purple"
596,fine-tuned,
597,fine-tuned,
598,fine-tuned,"Red,Blue,Purple"
599,fine-tuned,
600,fine-tuned,
601,fine-tuned,"Red,Red,Blue"
602,fine-tuned,
603,fine-tuned,
604,fine-tuned,
605,fine-tuned,
606,fine-tuned,"Red,Blue,Green"
607,fine-tuned,
608,fine-tuned,
609,fine-tuned,
610,fine-tuned,"Red,Green,Blue"
611,fine-tuned,
612,fine-tuned,
613,fine-tuned,"Red,Blue,Yellow"
614,fine-tuned,"Red,Yellow,Purple"
615,fine-tuned,
616,fine-tuned,
617,fine-tuned,
618,fine-tuned,
619,fine-tuned,"Red,Green,Purple"
620,fine-tuned,"Red,Blue"
621,fine-tuned,
622,fine-tuned,
623,fine-tuned,"Green,Purple"
624,fine-tuned,
625,fine-tuned,
626,fine-tuned,Blue
627,fine-tuned,"Blue,Yellow"
628,fine-tuned,
629,fine-tuned,"Red,Orange,Yellow"
630,fine-tuned,
631,fine-tuned,
632,fine-tuned,"Red,Blue,Purple"
633,fine-tuned,
634,fine-tuned,
635,fine-tuned,
636,fine-tuned,
637,fine-tuned,"Red,Blue,Yellow"
638,fine-tuned,
639,fine-tuned,Red
640,fine-tuned,
641,fine-tuned,"Blue,Purple"
642,fine-tuned,"Red,Blue"
643,fine-tuned,
644,fine-tuned,
645,fine-tuned,
646,fine-tuned,"Red,Yellow,Blue"
647,fine-tuned,Purple
648,fine-tuned,
649,fine-tuned,
650,fine-tuned,"Green,Red"
651,fine-tuned,"Red,Blue"
652,fine-tuned,
653,fine-tuned,"Blue,Yellow,Purple"
654,fine-tuned,
655,fine-tuned,
656,fine-tuned,"Blue,Yellow,Purple"
657,fine-tuned,
658,fine-tuned,"Purple,Red,Orange"
659,fine-tuned,
660,fine-tuned,
661,fine-tuned,
662,fine-tuned,"Yellow,Red,Blue"
663,fine-tuned,
664,fine-tuned,"Red,Green,Red"
665,fine-tuned,
666,fine-tuned,
667,fine-tuned,
668,fine-tuned,
669,fine-tuned,"Red,Red,Green"
670,fine-tuned,Red
671,fine-tuned,"Yellow,Blue,Blue"
672,fine-tuned,
673,fine-tuned,
674,fine-tuned,"Red,Yellow,Orange"
675,fine-tuned,
676,fine-tuned,"Red,Blue,Green"
677,fine-tuned,
678,fine-tuned,
679,fine-tuned,
680,fine-tuned,
681,fine-tuned,
682,fine-tuned,
683,fine-tuned,
684,fine-tuned,
685,fine-tuned,
686,fine-tuned,"Red,Blue,Red"
687,fine-tuned,
688,fine-tuned,"Red,Blue,Yellow"
689,fine-tuned,
690,fine-tuned,"Red,Blue,Purple"
691,fine-tuned,"Red,Red,Red"
692,fine-tuned,"Blue,Green,Yellow"
693,fine-tuned,"Red,Orange,Yellow"
694,fine-tuned,
695,fine-tuned,"Red,Blue,Red"
696,fine-tuned,"Orange,Green,Blue"
697,fine-tuned,"Red,Orange"
698,fine-tuned,
699,fine-tuned,
700,fine-tuned,"Blue,Green,Blue"
701,fine-tuned,"Red,Green,Blue"
702,fine-tuned,
703,fine-tuned,
704,fine-tuned,
705,fine-tuned,
706,fine-tuned,"Red,Blue"
707,fine-tuned,"Red,Yellow,Purple"
708,fine-tuned,
709,fine-tuned,
710,fine-tuned,"Blue,Green,Yellow"
711,fine-tuned,
712,fine-tuned,
713,fine-tuned,
714,fine-tuned,
715,fine-tuned,
716,fine-tuned,"Red,Blue,Green"
717,fine-tuned,
718,fine-tuned,"Red,Blue,Yellow"
719,fine-tuned,
720,fine-tuned,
721,fine-tuned,Red
722,fine-tuned,"Purple,Yellow,Green"
723,fine-tuned,
724,fine-tuned,"Red,Yellow,Green"
725,fine-tuned,"Red,Red"
726,fine-tuned,Green
727,fine-tuned,
728,fine-tuned,
729,fine-tuned,
730,fine-tuned,
731,fine-tuned,
732,fine-tuned,
733,fine-tuned,
734,fine-tuned,"Red,Blue,Orange"
735,fine-tuned,
736,fine-tuned,
737,fine-tuned,"Red,Green,Blue"
738,fine-tuned,"Red,Red,Blue"
739,fine-tuned,"Red,Blue,Green"
740,fine-tuned,
741,fine-tuned,
742,fine-tuned,
743,fine-tuned,
744,fine-tuned,
745,fine-tuned,
746,fine-tuned,
747,fine-tuned,
748,fine-tuned,
749,fine-tuned,"Green,Red,Blue"
750,fine-tuned,
751,fine-tuned,"Red,Yellow,Purple"
752,fine-tuned,
753,fine-tuned,
754,fine-tuned,
755,fine-tuned,
756,fine-tuned,
757,fine-tuned,
758,fine-tuned,"Red,Yellow,Green"
759,fine-tuned,"Purple,Blue,Green"
760,fine-tuned,"Green,Purple,Yellow"
761,fine-tuned,"Blue,Red,Red"
762,fine-tuned,
763,fine-tuned,
764,fine-tuned,
765,fine-tuned,
766,fine-tuned,"Red,Green,Blue"
767,fine-tuned,"Red,Blue,Yellow"
768,fine-tuned,"Yellow,Red,Orange"
769,fine-tuned,"Red,Yellow,Blue"
770,fine-tuned,"Red,Green,Purple"
771,fine-tuned,
772,fine-tuned,"Red,Blue,Green"
773,fine-tuned,
774,fine-tuned,"Purple,Orange,Green"
775,fine-tuned,
776,fine-tuned,
777,fine-tuned,Yellow
778,fine-tuned,
779,fine-tuned,Red
780,fine-tuned,
781,fine-tuned,
782,fine-tuned,
783,fine-tuned,
784,fine-tuned,
785,fine-tuned,
786,fine-tuned,Red
787,fine-tuned,
788,fine-tuned,"Blue,Red,Yellow"
789,fine-tuned,"Red,Red,Purple"
790,fine-tuned,"Green,Green,Red"
791,fine-tuned,
792,fine-tuned,
793,fine-tuned,Yellow
794,fine-tuned,"Blue,Yellow,Purple"
795,fine-tuned,
796,fine-tuned,
797,fine-tuned,"Red,Red,Blue"
798,fine-tuned,
799,fine-tuned,
800,fine-tuned,
801,fine-tuned,
802,fine-tuned,
803,fine-tuned,"Yellow,Blue"
804,fine-tuned,
805,fine-tuned,
806,fine-tuned,"Red,Orange,Green"
807,fine-tuned,
808,fine-tuned,
809,fine-tuned,
810,fine-tuned,
811,fine-tuned,
812,fine-tuned,"Green,Red,Red"
813,fine-tuned,"Blue,Red,Orange"
814,fine-tuned,"Red,Yellow,Red"
815,fine-tuned,
816,fine-tuned,
817,fine-tuned,"Red,Blue"
818,fine-tuned,
819,fine-tuned,"Red,Red"
820,fine-tuned,"Red,Blue"
821,fine-tuned,"Red,Blue,Green"
822,fine-tuned,"Red,Green,Blue"
823,fine-tuned,"Red,Red"
824,fine-tuned,"Red,Green,Orange"
825,fine-tuned,
826,fine-tuned,"Red,Red,Green"
827,fine-tuned,
828,fine-tuned,
829,fine-tuned,
830,fine-tuned,"Red,Blue,Green"
831,fine-tuned,
832,fine-tuned,
833,fine-tuned,
834,fine-tuned,"Red,Green,Blue"
835,fine-tuned,
836,fine-tuned,"Red,Green,Purple"
837,fine-tuned,
838,fine-tuned,
839,fine-tuned,"Red,Blue,Yellow"
840,fine-tuned,"Red,Green,Orange"
841,fine-tuned,
842,fine-tuned,Orange
843,fine-tuned,"Red,Blue,Yellow"
844,fine-tuned,
845,fine-tuned,"Green,Orange,Red"
846,fine-tuned,
847,fine-tuned,"Red,Blue,Yellow"
848,fine-tuned,"Red,Blue,Green"
849,fine-tuned,
850,fine-tuned,"Red,Yellow,Orange"
851,fine-tuned,
852,fine-tuned,
853,fine-tuned,"Blue,Yellow,Purple"
854,fine-tuned,"Red,Blue,Purple"
855,fine-tuned,"Red,Blue,Orange"
856,fine-tuned,"Red,Red"
857,fine-tuned,
858,fine-tuned,"Blue,Blue"
859,fine-tuned,
860,fine-tuned,"Blue,Red,Orange"
861,fine-tuned,"Red,Blue,Yellow"
862,fine-tuned,
863,fine-tuned,
864,fine-tuned,Blue
865,fine-tuned,
866,fine-tuned,"Red,Blue,Yellow"
867,fine-tuned,"Red,Blue,Green"
868,fine-tuned,
869,fine-tuned,"Red,Yellow,Orange"
870,fine-tuned,
871,fine-tuned,
872,fine-tuned,
873,fine-tuned,
874,fine-tuned,
875,fine-tuned,"Red,Blue,Yellow"
876,fine-tuned,"Red,Blue,Yellow"
877,fine-tuned,
878,fine-tuned,
879,fine-tuned,
880,fine-tuned,Blue
881,fine-tuned,
882,fine-tuned,"Red,Blue,Yellow"
883,fine-tuned,
884,fine-tuned,"Blue,Orange,Purple"
885,fine-tuned,
886,fine-tuned,"Red,Blue,Red"
887,fine-tuned,
888,fine-tuned,"Red,Red,Red"
889,fine-tuned,"Red,Blue"
890,fine-tuned,
891,fine-tuned,"Green,Green"
892,fine-tuned,"Purple,Yellow,Green"
893,fine-tuned,Red
894,fine-tuned,
895,fine-tuned,
896,fine-tuned,
897,fine-tuned,
898,fine-tuned,
899,fine-tuned,
900,fine-tuned,
901,fine-tuned,
902,fine-tuned,"Red,Green"
903,fine-tuned,
904,fine-tuned,"Red,Blue,Yellow"
905,fine-tuned,"Blue,Red,Green"
906,fine-tuned,
907,fine-tuned,"Green,Blue,Orange"
908,fine-tuned,
909,fine-tuned,
910,fine-tuned,"Red,Blue,Green"
911,fine-tuned,"Red,Green,Purple"
912,fine-tuned,
913,fine-tuned,
914,fine-tuned,
915,fine-tuned,Blue
916,fine-tuned,
917,fine-tuned,"Red,Blue"
918,fine-tuned,
919,fine-tuned,"Green,Orange,Purple"
920,fine-tuned,"Red,Green"
921,fine-tuned,Green
922,fine-tuned,
923,fine-tuned,"Red,Blue,Green"
924,fine-tuned,
925,fine-tuned,
926,fine-tuned,"Red,Green,Blue"
927,fine-tuned,
928,fine-tuned,"Green,Orange,Purple"
929,fine-tuned,
930,fine-tuned,
931,fine-tuned,
932,fine-tuned,"Red,Green"
933,fine-tuned,
934,fine-tuned,
935,fine-tuned,"Red,Orange,Yellow"
936,fine-tuned,
937,fine-tuned,"Red,Blue,Green"
938,fine-tuned,
939,fine-tuned,
940,fine-tuned,
941,fine-tuned,
942,fine-tuned,
943,fine-tuned,"Red,Yellow,Blue"
944,fine-tuned,"Blue,Green,Purple"
945,fine-tuned,
946,fine-tuned,"Purple,Orange"
947,fine-tuned,
948,fine-tuned,"Blue,Red,Red"
949,fine-tuned,
950,fine-tuned,
951,fine-tuned,"Purple,Green,Red"
952,fine-tuned,"Green,Red,Blue"
953,fine-tuned,
954,fine-tuned,
955,fine-tuned,
956,fine-tuned,"Red,Blue,Green"
957,fine-tuned,"Red,Red,Green"
958,fine-tuned,"Red,Green,Red"
959,fine-tuned,
960,fine-tuned,
961,fine-tuned,
962,fine-tuned,
963,fine-tuned,
964,fine-tuned,"Red,Blue,Green"
965,fine-tuned,
966,fine-tuned,
967,fine-tuned,
968,fine-tuned,
969,fine-tuned,
970,fine-tuned,
971,fine-tuned,
972,fine-tuned,"Red,Blue"
973,fine-tuned,
974,fine-tuned,
975,fine-tuned,
976,fine-tuned,
977,fine-tuned,"Red,Blue,Green"
978,fine-tuned,
979,fine-tuned,"Green,Purple,Yellow"
980,fine-tuned,
981,fine-tuned,
982,fine-tuned,"Red,Purple,Blue"
983,fine-tuned,
984,fine-tuned,
985,fine-tuned,
986,fine-tuned,
987,fine-tuned,
988,fine-tuned,
989,fine-tuned,
990,fine-tuned,"Red,Green,Yellow"
991,fine-tuned,
992,fine-tuned,
993,fine-tuned,"Purple,Blue,Blue"
994,fine-tuned,"Blue,Green,Purple"
995,fine-tuned,
996,fine-tuned,
997,fine-tuned,"Red,Green,Yellow"
998,fine-tuned,"Red,Blue,Yellow"
999,fine-tuned,
1000,fine-tuned,
1001,fine-tuned,
1002,fine-tuned,
1003,fine-tuned,"Blue,Yellow,Green"
1004,fine-tuned,
1005,fine-tuned,
1006,fine-tuned,
1007,fine-tuned,"Red,Yellow,Orange"
1008,fine-tuned,
1009,fine-tuned,
1010,fine-tuned,
1011,fine-tuned,"Red,Blue,Red"
1012,fine-tuned,"Red,Blue,Green"
1013,fine-tuned,"Red,Green,Red"
1014,fine-tuned,
1015,fine-tuned,
1016,fine-tuned,Red
1017,fine-tuned,
1018,fine-tuned,
1019,fine-tuned,
1020,fine-tuned,
1021,fine-tuned,
1022,fine-tuned,
1023,fine-tuned,
1024,fine-tuned,
1025,fine-tuned,
1026,fine-tuned,
1027,fine-tuned,
1028,fine-tuned,
1029,fine-tuned,
1030,fine-tuned,"Red,Blue,Yellow"
1031,fine-tuned,"Red,Yellow,Red"
1032,fine-tuned,"Red,Blue,Green"
1033,fine-tuned,"Red,Orange,Orange"
1034,fine-tuned,
1035,fine-tuned,"Red,Yellow,Green"
1036,fine-tuned,
1037,fine-tuned,Red
1038,fine-tuned,Red
1039,fine-tuned,
1040,fine-tuned,"Orange,Blue,Yellow"
1041,fine-tuned,
1042,fine-tuned,
1043,fine-tuned,
1044,fine-tuned,
1045,fine-tuned,
1046,fine-tuned,
1047,fine-tuned,Red
1048,fine-tuned,
1049,fine-tuned,
1050,fine-tuned,"Red,Blue,Green"
1051,fine-tuned,
1052,fine-tuned,"Red,Green"
1053,fine-tuned,Purple
1054,fine-tuned,
1055,fine-tuned,
1056,fine-tuned,
1057,fine-tuned,"Red,Blue,Purple"
1058,fine-tuned,"Red,Purple,Orange"
1059,fine-tuned,
1060,fine-tuned,"Blue,Red,Green"
1061,fine-tuned,
1062,fine-tuned,
1063,fine-tuned,"Red,Yellow,Green"
1064,fine-tuned,"Red,Red,Green"
1065,fine-tuned,Red
1066,fine-tuned,
1067,fine-tuned,"Red,Blue,Green"
1068,fine-tuned,
1069,fine-tuned,
1070,fine-tuned,
1071,fine-tuned,"Red,Green,Orange"
1072,fine-tuned,"Red,Yellow,Orange"
1073,fine-tuned,
1074,fine-tuned,
1075,fine-tuned,"Red,Orange,Blue"
1076,fine-tuned,"Blue,Green,Orange"
1077,fine-tuned,
1078,fine-tuned,
1079,fine-tuned,"Red,Green"
1080,fine-tuned,"Blue,Red,Purple"
1081,fine-tuned,
1082,fine-tuned,"Green,Red,Blue"
1083,fine-tuned,
1084,fine-tuned,
1085,fine-tuned,
1086,fine-tuned,
1087,fine-tuned,
1088,fine-tuned,"Red,Red,Green"
1089,fine-tuned,
1090,fine-tuned,
1091,fine-tuned,"Red,Green,Blue"
1092,fine-tuned,"Red,Blue,Green"
1093,fine-tuned,
1094,fine-tuned,Blue
1095,fine-tuned,
1096,fine-tuned,"Red,Blue,Orange"
1097,fine-tuned,
1098,fine-tuned,
1099,fine-tuned,
1100,fine-tuned,
1101,fine-tuned,
1102,fine-tuned,
1103,fine-tuned,
1104,fine-tuned,
1105,fine-tuned,"Blue,Yellow,Green"
1106,fine-tuned,"Red,Green,Orange"
1107,fine-tuned,"Red,Blue,Green"
1108,fine-tuned,
1109,fine-tuned,"Yellow,Green"
1110,fine-tuned,"Yellow,Blue,Yellow"
1111,fine-tuned,
1112,fine-tuned,
1113,fine-tuned,
1114,fine-tuned,
1115,fine-tuned,"Red,Blue,Green"
1116,fine-tuned,"Red,Blue"
1117,fine-tuned,
1118,fine-tuned,
1119,fine-tuned,
1120,fine-tuned,
1121,fine-tuned,
1122,fine-tuned,Red
1123,fine-tuned,"Red,Yellow,Green"
1124,fine-tuned,
1125,fine-tuned,
1126,fine-tuned,
1127,fine-tuned,"Red,Blue,Orange"
1128,fine-tuned,
1129,fine-tuned,
1130,fine-tuned,
1131,fine-tuned,
1132,fine-tuned,"Green,Blue,Green"
1133,fine-tuned,
1134,fine-tuned,"Red,Yellow,Orange"
1135,fine-tuned,"Red,Blue,Yellow"
1136,fine-tuned,
1137,fine-tuned,"Red,Blue,Green"
1138,fine-tuned,"Red,Orange,Yellow"
1139,fine-tuned,
1140,fine-tuned,"Red,Blue,Yellow"
1141,fine-tuned,
1142,fine-tuned,
1143,fine-tuned,
1144,fine-tuned,"Red,Red,Green"
1145,fine-tuned,"Red,Blue,Purple"
1146,fine-tuned,
1147,fine-tuned,
1148,fine-tuned,"Red,Orange,Orange"
1149,fine-tuned,
1150,fine-tuned,
1151,fine-tuned,
1152,fine-tuned,"Red,Blue,Green"
1153,fine-tuned,"Blue,Red,Yellow"
1154,fine-tuned,"Red,Yellow,Orange"
1155,fine-tuned,
1156,fine-tuned,
1157,fine-tuned,
1158,fine-tuned,
1159,fine-tuned,
1160,fine-tuned,"Orange,Yellow,Red"
1161,fine-tuned,
1162,fine-tuned,"Orange,Green,Purple"
1163,fine-tuned,
1164,fine-tuned,
1165,fine-tuned,
1166,fine-tuned,
1167,fine-tuned,
1168,fine-tuned,
1169,fine-tuned,"Purple,Red,Blue"
1170,fine-tuned,
1171,fine-tuned,
1172,fine-tuned,
1173,fine-tuned,"Red,Blue,Green"
1174,fine-tuned,
1175,fine-tuned,
1176,fine-tuned,"Red,Green,Purple"
1177,fine-tuned,"Red,Green,Red"
1178,fine-tuned,
1179,fine-tuned,"Red,Orange"
1180,fine-tuned,
1181,fine-tuned,
1182,fine-tuned,"Green,Purple,Yellow"
1183,fine-tuned,"Red,Green,Orange"
1184,fine-tuned,
1185,fine-tuned,
1186,fine-tuned,Red
1187,fine-tuned,
1188,fine-tuned,
1189,fine-tuned,"Red,Blue"
1190,fine-tuned,
1191,fine-tuned,"Red,Red,Blue"
1192,fine-tuned,
1193,fine-tuned,"Yellow,Green,Blue"
1194,fine-tuned,"Red,Blue,Green"
1195,fine-tuned,
1196,fine-tuned,"Red,Blue,Orange"
1197,fine-tuned,Purple
1198,fine-tuned,
1199,fine-tuned,
1200,fine-tuned,
1201,fine-tuned,
1202,fine-tuned,
1203,fine-tuned,
1204,fine-tuned,
1205,fine-tuned,
1206,fine-tuned,
1207,fine-tuned,
1208,fine-tuned,
1209,fine-tuned,
1210,fine-tuned,"Blue,Yellow,Blue"
1211,fine-tuned,"Red,Yellow,Orange"
1212,fine-tuned,
1213,fine-tuned,"Red,Blue"
1214,fine-tuned,
1215,fine-tuned,"Blue,Red,Yellow"
1216,fine-tuned,
1217,fine-tuned,
1218,fine-tuned,
1219,fine-tuned,"Red,Purple,Yellow"
1220,fine-tuned,"Red,Purple,Blue"
1221,fine-tuned,
1222,fine-tuned,
1223,fine-tuned,"Red,Blue,Yellow"
1224,fine-tuned,
1225,fine-tuned,
1226,fine-tuned,"Red,Green"
1227,fine-tuned,
1228,fine-tuned,
1229,fine-tuned,
1230,fine-tuned,
1231,fine-tuned,
1232,fine-tuned,
1233,fine-tuned,
1234,fine-tuned,
1235,fine-tuned,"Blue,Yellow"
1236,fine-tuned,"Red,Blue,Yellow"
1237,fine-tuned,
1238,fine-tuned,
1239,fine-tuned,
1240,fine-tuned,
1241,fine-tuned,
1242,fine-tuned,"Green,Orange,Purple"
1243,fine-tuned,"Red,Blue,Green"
1244,fine-tuned,"Red,Blue,Green"
1245,fine-tuned,
1246,fine-tuned,"Green,Red"
1247,fine-tuned,
1248,fine-tuned,
1249,fine-tuned,"Red,Orange,Purple"
1250,fine-tuned,
1251,fine-tuned,
1252,fine-tuned,
1253,fine-tuned,"Green,Purple,Red"
1254,fine-tuned,
1255,fine-tuned,
1256,fine-tuned,"Blue,Green,Red"
1257,fine-tuned,
1258,fine-tuned,"Red,Yellow,Purple"
1259,fine-tuned,
1260,fine-tuned,
1261,fine-tuned,
1262,fine-tuned,"Blue,Orange,Purple"
1263,fine-tuned,
1264,fine-tuned,
1265,fine-tuned,
1266,fine-tuned,
1267,fine-tuned,
1268,fine-tuned,
1269,fine-tuned,
1270,fine-tuned,
1271,fine-tuned,
1272,fine-tuned,"Red,Yellow,Blue"
1273,fine-tuned,"Red,Green,Blue"
1274,fine-tuned,
1275,fine-tuned,"Blue,Blue,Green"
1276,fine-tuned,
1277,fine-tuned,
1278,fine-tuned,
1279,fine-tuned,
1280,fine-tuned,"Red,Orange,Green"
1281,fine-tuned,
1282,fine-tuned,
1283,fine-tuned,
1284,fine-tuned,
1285,fine-tuned,
1286,fine-tuned,
1287,fine-tuned,
1288,fine-tuned,"Red,Blue,Green"
1289,fine-tuned,"Blue,Green,Green"
1290,fine-tuned,Red
1291,fine-tuned,"Yellow,Orange,Orange"
1292,fine-tuned,"Red,Blue,Green"
1293,fine-tuned,"Red,Green,Yellow"
1294,fine-tuned,
1295,fine-tuned,
1296,fine-tuned,
1297,fine-tuned,
1298,fine-tuned,
1299,fine-tuned,"Green,Blue"
1300,fine-tuned,"Green,Purple,Purple"
1301,fine-tuned,
1302,fine-tuned,"Red,Blue,Green"
1303,fine-tuned,"Red,Yellow"
1304,fine-tuned,
1305,fine-tuned,
1306,fine-tuned,
1307,fine-tuned,Green
1308,fine-tuned,Red
1309,fine-tuned,"Red,Blue,Yellow"
1310,fine-tuned,"Red,Blue,Yellow"
1311,fine-tuned,"Blue,Yellow,Yellow"
1312,fine-tuned,
1313,fine-tuned,Red
1314,fine-tuned,
1315,fine-tuned,"Red,Blue,Orange"
1316,fine-tuned,"Red,Blue,Green"
1317,fine-tuned,
1318,fine-tuned,"Red,Yellow,Orange"
1319,fine-tuned,
1320,fine-tuned,
1321,fine-tuned,
1322,fine-tuned,
1323,fine-tuned,
1324,fine-tuned,"Orange,Purple"
1325,fine-tuned,"Red,Red,Green"
1326,fine-tuned,"Red,Yellow,Blue"
1327,fine-tuned,
1328,fine-tuned,
1329,fine-tuned,"Red,Blue,Green"
1330,fine-tuned,
1331,fine-tuned,"Green,Yellow,Orange"
1332,fine-tuned,"Red,Blue,Yellow"
1333,fine-tuned,"Yellow,Red,Purple"
1334,fine-tuned,
1335,fine-tuned,"Blue,Green,Red"
1336,fine-tuned,"Red,Blue,Green"
1337,fine-tuned,
1338,fine-tuned,
1339,fine-tuned,
1340,fine-tuned,"Blue,Green,Green"
1341,fine-tuned,
1342,fine-tuned,
1343,fine-tuned,"Blue,Yellow,Orange"
1344,fine-tuned,"Red,Green,Orange"
1345,fine-tuned,
1346,fine-tuned,"Red,Blue,Yellow"
1347,fine-tuned,
1348,fine-tuned,"Red,Red,Blue"
1349,fine-tuned,
1350,fine-tuned,
1351,fine-tuned,
1352,fine-tuned,"Red,Blue,Yellow"
1353,fine-tuned,
1354,fine-tuned,"Green,Orange,Yellow"
1355,fine-tuned,
1356,fine-tuned,"Red,Red,Yellow"
1357,fine-tuned,"Red,Green,Blue"
1358,fine-tuned,Red
1359,fine-tuned,
1360,fine-tuned,
1361,fine-tuned,"Orange,Yellow,Yellow"
1362,fine-tuned,
1363,fine-tuned,"Red,Green,Orange"
1364,fine-tuned,"Blue,Yellow,Orange"
1365,fine-tuned,
1366,fine-tuned,"Red,Green,Yellow"
1367,fine-tuned,"Red,Green,Yellow"
1368,fine-tuned,
1369,fine-tuned,
1370,fine-tuned,
1371,fine-tuned,
1372,fine-tuned,
1373,fine-tuned,
1374,fine-tuned,"Blue,Green,Blue"
1375,fine-tuned,"Red,Blue,Green"
1376,fine-tuned,
1377,fine-tuned,"Red,Green,Purple"
1378,fine-tuned,"Red,Blue,Green"
1379,fine-tuned,
1380,fine-tuned,"Yellow,Red"
1381,fine-tuned,"Blue,Yellow,Purple"
1382,fine-tuned,
1383,fine-tuned,
1384,fine-tuned,
1385,fine-tuned,"Red,Orange,Orange"
1386,fine-tuned,"Red,Orange"
1387,fine-tuned,
1388,fine-tuned,
1389,fine-tuned,Orange
1390,fine-tuned,
1391,fine-tuned,
1392,fine-tuned,"Orange,Red,Orange"
1393,fine-tuned,"Red,Blue"
1394,fine-tuned,
1395,fine-tuned,"Red,Orange,Blue"
1396,fine-tuned,"Red,Green,Yellow"
1397,fine-tuned,
1398,fine-tuned,
1399,fine-tuned,
1400,fine-tuned,
1401,fine-tuned,
1402,fine-tuned,
1403,fine-tuned,Red
1404,fine-tuned,
1405,fine-tuned,Green
1406,fine-tuned,
1407,fine-tuned,
1408,fine-tuned,
1409,fine-tuned,
1410,fine-tuned,
1411,fine-tuned,
1412,fine-tuned,
1413,fine-tuned,
1414,fine-tuned,
1415,fine-tuned,
1416,fine-tuned,"Red,Blue,Orange"
1417,fine-tuned,"Red,Yellow,Purple"
1418,fine-tuned,"Blue,Red,Orange"
1419,fine-tuned,"Purple,Yellow"
1420,fine-tuned,
1421,fine-tuned,
1422,fine-tuned,"Blue,Orange,Green"
1423,fine-tuned,"Red,Red,Red"
1424,fine-tuned,"Green,Blue,Purple"
1425,fine-tuned,"Red,Blue,Orange"
1426,fine-tuned,
1427,fine-tuned,"Yellow,Red,Green"
1428,fine-tuned,
1429,fine-tuned,"Red,Blue,Green"
1430,fine-tuned,
1431,fine-tuned,
1432,fine-tuned,
1433,fine-tuned,"Red,Blue,Purple"
1434,fine-tuned,"Red,Yellow"
1435,fine-tuned,
1436,fine-tuned,Yellow
1437,fine-tuned,"Purple,Orange,Red"
1438,fine-tuned,
1439,fine-tuned,
1440,fine-tuned,"Blue,Red,Green"
1441,fine-tuned,
1442,fine-tuned,
1443,fine-tuned,
1444,fine-tuned,"Red,Orange,Purple"
1445,fine-tuned,"Red,Blue,Green"
1446,fine-tuned,
1447,fine-tuned,"Red,Yellow,Blue"
1448,fine-tuned,
1449,fine-tuned,
1450,fine-tuned,"Red,Green,Blue"
1451,fine-tuned,
1452,fine-tuned,"Red,Blue,Yellow"
1453,fine-tuned,"Yellow,Blue,Green"
1454,fine-tuned,
1455,fine-tuned,
1456,fine-tuned,
1457,fine-tuned,"Red,Yellow,Purple"
1458,fine-tuned,
1459,fine-tuned,"Red,Blue,Blue"
1460,fine-tuned,
1461,fine-tuned,Red
1462,fine-tuned,
1463,fine-tuned,"Green,Green,Blue"
1464,fine-tuned,
1465,fine-tuned,"Red,Green"
1466,fine-tuned,
1467,fine-tuned,
1468,fine-tuned,
1469,fine-tuned,"Green,Red,Purple"
1470,fine-tuned,
1471,fine-tuned,
1472,fine-tuned,
1473,fine-tuned,
1474,fine-tuned,"Red,Blue,Red"
1475,fine-tuned,
1476,fine-tuned,
1477,fine-tuned,
1478,fine-tuned,
1479,fine-tuned,"Red,Blue,Purple"
1480,fine-tuned,"Red,Blue,Yellow"
1481,fine-tuned,
1482,fine-tuned,
1483,fine-tuned,"Red,Green,Blue"
1484,fine-tuned,"Red,Red,Red"
1485,fine-tuned,
1486,fine-tuned,"Blue,Red,Yellow"
1487,fine-tuned,
1488,fine-tuned,
1489,fine-tuned,"Red,Orange"
1490,fine-tuned,
1491,fine-tuned,
1492,fine-tuned,"Red,Green,Orange"
1493,fine-tuned,"Green,Red,Yellow"
1494,fine-tuned,"Blue,Yellow,Blue"
1495,fine-tuned,
1496,fine-tuned,
1497,fine-tuned,"Yellow,Blue,Blue"
1498,fine-tuned,"Red,Green,Orange"
1499,fine-tuned,
1500,fine-tuned,
1501,fine-tuned,
1502,fine-tuned,
1503,fine-tuned,
1504,fine-tuned,"Red,Red,Red"
1505,fine-tuned,"Red,Blue,Yellow"
1506,fine-tuned,
1507,fine-tuned,
1508,fine-tuned,"Yellow,Orange"
1509,fine-tuned,
1510,fine-tuned,"Green,Yellow,Purple"
1511,fine-tuned,
1512,fine-tuned,
1513,fine-tuned,
1514,fine-tuned,"Red,Blue,Red"
1515,fine-tuned,
1516,fine-tuned,
1517,fine-tuned,"Red,Blue,Green"
1518,fine-tuned,"Red,Green,Blue"
1519,fine-tuned,
1520,fine-tuned,
1521,fine-tuned,
1522,fine-tuned,Green
1523,fine-tuned,Red
1524,fine-tuned,
1525,fine-tuned,
1526,fine-tuned,
1527,fine-tuned,"Red,Purple,Blue"
1528,fine-tuned,
1529,fine-tuned,
1530,fine-tuned,
1531,fine-tuned,
1532,fine-tuned,"Red,Blue,Green"
1533,fine-tuned,"Red,Blue,Yellow"
1534,fine-tuned,
1535,fine-tuned,Blue
1536,fine-tuned,"Red,Blue,Yellow"
1537,fine-tuned,"Blue,Purple,Green"
1538,fine-tuned,"Red,Blue,Green"
1539,fine-tuned,"Yellow,Red,Blue"
1540,fine-tuned,"Red,Yellow,Blue"
1541,fine-tuned,"Red,Yellow,Green"
1542,fine-tuned,"Red,Yellow,Blue"
1543,fine-tuned,"Red,Blue"
1544,fine-tuned,
1545,fine-tuned,"Red,Blue"
1546,fine-tuned,
1547,fine-tuned,"Red,Blue"
1548,fine-tuned,
1549,fine-tuned,
1550,fine-tuned,"Red,Blue,Yellow"
1551,fine-tuned,"Red,Orange,Purple"
1552,fine-tuned,"Blue,Green,Yellow"
1553,fine-tuned,"Red,Blue,Green"
1554,fine-tuned,
1555,fine-tuned,
1556,fine-tuned,
1557,fine-tuned,
1558,fine-tuned,"Red,Blue,Green"
1559,fine-tuned,"Yellow,Purple,Green"
1560,fine-tuned,
1561,fine-tuned,
1562,fine-tuned,"Orange,Red,Green"
1563,fine-tuned,
1564,fine-tuned,
1565,fine-tuned,"Red,Blue,Purple"
1566,fine-tuned,"Yellow,Orange,Purple"
1567,fine-tuned,"Red,Blue,Green"
1568,fine-tuned,
1569,fine-tuned,
1570,fine-tuned,"Blue,Green,Blue"
1571,fine-tuned,
1572,fine-tuned,"Red,Blue,Green"
1573,fine-tuned,Red
1574,fine-tuned,
1575,fine-tuned,"Blue,Green,Orange"
1576,fine-tuned,
1577,fine-tuned,
1578,fine-tuned,
1579,fine-tuned,Red
1580,fine-tuned,
1581,fine-tuned,
1582,fine-tuned,"Red,Blue,Orange"
1583,fine-tuned,Red
1584,fine-tuned,"Red,Blue,Yellow"
1585,fine-tuned,
1586,fine-tuned,
1587,fine-tuned,"Red,Green,Orange"
1588,fine-tuned,
1589,fine-tuned,
1590,fine-tuned,
1591,fine-tuned,
1592,fine-tuned,
1593,fine-tuned,"Red,Yellow,Red"
1594,fine-tuned,Red
1595,fine-tuned,
1596,fine-tuned,
1597,fine-tuned,
1598,fine-tuned,
1599,fine-tuned,
1600,fine-tuned,"Blue,Orange,Red"
1601,fine-tuned,
1602,fine-tuned,
1603,fine-tuned,
1604,fine-tuned,"Red,Blue,Green"
1605,fine-tuned,
1606,fine-tuned,
1607,fine-tuned,"Red,Blue,Yellow"
1608,fine-tuned,"Red,Green,Orange"
1609,fine-tuned,
1610,fine-tuned,
1611,fine-tuned,"Red,Red"
1612,fine-tuned,
1613,fine-tuned,"Red,Green,Orange"
1614,fine-tuned,
1615,fine-tuned,"Blue,Red,Yellow"
1616,fine-tuned,"Red,Blue,Yellow"
1617,fine-tuned,
1618,fine-tuned,"Blue,Green,Red"
1619,fine-tuned,"Red,Green,Yellow"
1620,fine-tuned,"Red,Blue,Orange"
1621,fine-tuned,
1622,fine-tuned,"Red,Green,Yellow"
1623,fine-tuned,"Blue,Green,Purple"
1624,fine-tuned,"Red,Purple,Purple"
1625,fine-tuned,
1626,fine-tuned,"Blue,Red,Red"
1627,fine-tuned,"Red,Blue,Orange"
1628,fine-tuned,"Red,Red,Blue"
1629,fine-tuned,
1630,fine-tuned,"Red,Green,Blue"
1631,fine-tuned,
1632,fine-tuned,
1633,fine-tuned,"Blue,Yellow,Purple"
1634,fine-tuned,
1635,fine-tuned,"Red,Red,Green"
1636,fine-tuned,
1637,fine-tuned,"Blue,Red,Green"
1638,fine-tuned,"Red,Blue"
1639,fine-tuned,
1640,fine-tuned,
1641,fine-tuned,"Blue,Orange"
1642,fine-tuned,"Red,Yellow,Blue"
1643,fine-tuned,
1644,fine-tuned,"Red,Yellow,Blue"
1645,fine-tuned,"Blue,Orange,Yellow"
1646,fine-tuned,
1647,fine-tuned,
1648,fine-tuned,
1649,fine-tuned,
1650,fine-tuned,"Red,Purple"
1651,fine-tuned,Red
1652,fine-tuned,
1653,fine-tuned,
1654,fine-tuned,"Red,Blue,Orange"
1655,fine-tuned,
1656,fine-tuned,
1657,fine-tuned,
1658,fine-tuned,
1659,fine-tuned,
1660,fine-tuned,"Red,Purple,Orange"
1661,fine-tuned,
1662,fine-tuned,
1663,fine-tuned,"Red,Red"
1664,fine-tuned,
1665,fine-tuned,"Red,Blue,Yellow"
1666,fine-tuned,
1667,fine-tuned,"Blue,Yellow,Orange"
1668,fine-tuned,"Red,Red,Yellow"
1669,fine-tuned,"Red,Green"
1670,fine-tuned,Red
1671,fine-tuned,"Red,Blue,Purple"
1672,fine-tuned,"Red,Purple,Orange"
1673,fine-tuned,
1674,fine-tuned,
1675,fine-tuned,"Yellow,Red,Orange"
1676,fine-tuned,"Yellow,Purple,Green"
1677,fine-tuned,
1678,fine-tuned,
1679,fine-tuned,
1680,fine-tuned,
1681,fine-tuned,"Red,Blue,Purple"
1682,fine-tuned,
1683,fine-tuned,"Red,Blue,Orange"
1684,fine-tuned,
1685,fine-tuned,"Red,Blue,Purple"
1686,fine-tuned,"Red,Orange,Green"
1687,fine-tuned,"Red,Yellow,Purple"
1688,fine-tuned,"Green,Purple,Red"
1689,fine-tuned,
1690,fine-tuned,
1691,fine-tuned,
1692,fine-tuned,
1693,fine-tuned,Red
1694,fine-tuned,Red
1695,fine-tuned,"Blue,Green,Purple"
1696,fine-tuned,"Red,Blue,Green"
1697,fine-tuned,"Green,Red,Blue"
1698,fine-tuned,
1699,fine-tuned,
1700,fine-tuned,
1701,fine-tuned,"Blue,Yellow,Yellow"
1702,fine-tuned,
1703,fine-tuned,
1704,fine-tuned,
1705,fine-tuned,"Green,Purple,Yellow"
1706,fine-tuned,
1707,fine-tuned,
1708,fine-tuned,Red
1709,fine-tuned,"Red,Green,Blue"
1710,fine-tuned,
1711,fine-tuned,Yellow
1712,fine-tuned,"Red,Blue,Green"
1713,fine-tuned,
1714,fine-tuned,"Red,Blue,Orange"
1715,fine-tuned,"Orange,Yellow,Red"
1716,fine-tuned,Red
1717,fine-tuned,"Red,Yellow,Green"
1718,fine-tuned,
1719,fine-tuned,"Red,Purple,Red"
1720,fine-tuned,"Purple,Orange,Red"
1721,fine-tuned,"Red,Yellow,Green"
1722,fine-tuned,
1723,fine-tuned,"Yellow,Green,Red"
1724,fine-tuned,
1725,fine-tuned,"Red,Orange,Purple"
1726,fine-tuned,"Green,Red,Blue"
1727,fine-tuned,
1728,fine-tuned,"Red,Yellow,Orange"
1729,fine-tuned,"Red,Orange,Purple"
1730,fine-tuned,"Red,Blue,Green"
1731,fine-tuned,
1732,fine-tuned,"Red,Green,Orange"
1733,fine-tuned,"Red,Green,Blue"
1734,fine-tuned,"Red,Red,Blue"
1735,fine-tuned,
1736,fine-tuned,
1737,fine-tuned,
1738,fine-tuned,
1739,fine-tuned,Green
1740,fine-tuned,"Red,Blue,Green"
1741,fine-tuned,
1742,fine-tuned,"Red,Blue"
1743,fine-tuned,
1744,fine-tuned,
1745,fine-tuned,
1746,fine-tuned,
1747,fine-tuned,"Red,Green,Blue"
1748,fine-tuned,
1749,fine-tuned,
1750,fine-tuned,
1751,fine-tuned,
1752,fine-tuned,"Red,Blue,Red"
1753,fine-tuned,"Red,Blue,Yellow"
1754,fine-tuned,
1755,fine-tuned,
1756,fine-tuned,
1757,fine-tuned,
1758,fine-tuned,
1759,fine-tuned,"Red,Purple,Green"
1760,fine-tuned,"Yellow,Green"
1761,fine-tuned,
1762,fine-tuned,"Yellow,Purple,Blue"
1763,fine-tuned,
1764,fine-tuned,
1765,fine-tuned,
1766,fine-tuned,
1767,fine-tuned,"Red,Blue,Green"
1768,fine-tuned,
1769,fine-tuned,"Blue,Red,Blue"
1770,fine-tuned,
1771,fine-tuned,"Orange,Blue,Green"
1772,fine-tuned,
1773,fine-tuned,Yellow
1774,fine-tuned,
1775,fine-tuned,"Green,Green"
1776,fine-tuned,"Red,Blue,Green"
1777,fine-tuned,Green
1778,fine-tuned,"Red,Blue,Green"
1779,fine-tuned,
1780,fine-tuned,"Red,Blue,Yellow"
1781,fine-tuned,
1782,fine-tuned,
1783,fine-tuned,
1784,fine-tuned,"Red,Green,Purple"
1785,fine-tuned,
1786,fine-tuned,
1787,fine-tuned,"Red,Blue,Green"
1788,fine-tuned,"Blue,Yellow"
1789,fine-tuned,
1790,fine-tuned,
1791,fine-tuned,"Red,Yellow"
1792,fine-tuned,"Red,Yellow"
1793,fine-tuned,
1794,fine-tuned,
1795,fine-tuned,
1796,fine-tuned,"Red,Orange,Purple"
1797,fine-tuned,"Red,Yellow,Blue"
1798,fine-tuned,
1799,fine-tuned,"Red,Blue,Yellow"
1800,fine-tuned,
1801,fine-tuned,"Orange,Red,Blue"
1802,fine-tuned,
1803,fine-tuned,"Red,Blue"
1804,fine-tuned,"Red,Orange,Yellow"
1805,fine-tuned,"Red,Yellow,Purple"
1806,fine-tuned,
1807,fine-tuned,"Orange,Purple,Yellow"
1808,fine-tuned,
1809,fine-tuned,
1810,fine-tuned,
1811,fine-tuned,
1812,fine-tuned,"Green,Purple,Blue"
1813,fine-tuned,
1814,fine-tuned,"Red,Yellow,Blue"
1815,fine-tuned,"Yellow,Green,Red"
1816,fine-tuned,
1817,fine-tuned,
1818,fine-tuned,"Red,Blue,Green"
1819,fine-tuned,"Red,Yellow,Green"
1820,fine-tuned,
1821,fine-tuned,"Blue,Red,Red"
1822,fine-tuned,
1823,fine-tuned,
1824,fine-tuned,
1825,fine-tuned,
1826,fine-tuned,
1827,fine-tuned,
1828,fine-tuned,
1829,fine-tuned,
1830,fine-tuned,
1831,fine-tuned,
1832,fine-tuned,
1833,fine-tuned,Red
1834,fine-tuned,
1835,fine-tuned,"Red,Red,Orange"
1836,fine-tuned,"Red,Yellow,Blue"
1837,fine-tuned,
1838,fine-tuned,
1839,fine-tuned,"Blue,Yellow,Yellow"
1840,fine-tuned,"Red,Red,Red"
1841,fine-tuned,
1842,fine-tuned,"Red,Yellow,Purple"
1843,fine-tuned,"Blue,Red,Green"
1844,fine-tuned,
1845,fine-tuned,"Yellow,Purple"
1846,fine-tuned,
1847,fine-tuned,"Red,Green,Orange"
1848,fine-tuned,"Blue,Yellow"
1849,fine-tuned,
1850,fine-tuned,Red
1851,fine-tuned,
1852,fine-tuned,
1853,fine-tuned,"Yellow,Purple,Blue"
1854,fine-tuned,"Blue,Red,Orange"
1855,fine-tuned,
1856,fine-tuned,
1857,fine-tuned,
1858,fine-tuned,"Blue,Yellow,Red"
1859,fine-tuned,
1860,fine-tuned,"Red,Blue"
1861,fine-tuned,
1862,fine-tuned,
1863,fine-tuned,
1864,fine-tuned,"Blue,Orange,Green"
1865,fine-tuned,
1866,fine-tuned,
1867,fine-tuned,
1868,fine-tuned,
1869,fine-tuned,"Red,Yellow"
1870,fine-tuned,
1871,fine-tuned,"Red,Purple"
1872,fine-tuned,
1873,fine-tuned,
1874,fine-tuned,
1875,fine-tuned,Red
1876,fine-tuned,"Red,Green,Orange"
1877,fine-tuned,"Green,Red"
1878,fine-tuned,"Blue,Green"
1879,fine-tuned,"Red,Green,Purple"
1880,fine-tuned,
1881,fine-tuned,"Blue,Green,Red"
1882,fine-tuned,
1883,fine-tuned,"Yellow,Orange,Green"
1884,fine-tuned,
1885,fine-tuned,"Blue,Yellow,Orange"
1886,fine-tuned,"Red,Green,Yellow"
1887,fine-tuned,
1888,fine-tuned,
1889,fine-tuned,"Red,Blue,Green"
1890,fine-tuned,
1891,fine-tuned,
1892,fine-tuned,
1893,fine-tuned,
1894,fine-tuned,
1895,fine-tuned,
1896,fine-tuned,
1897,fine-tuned,
1898,fine-tuned,
1899,fine-tuned,"Red,Red,Red"
1900,fine-tuned,
1901,fine-tuned,"Red,Green,Yellow"
1902,fine-tuned,
1903,fine-tuned,
1904,fine-tuned,"Green,Blue,Yellow"
1905,fine-tuned,
1906,fine-tuned,
1907,fine-tuned,
1908,fine-tuned,
1909,fine-tuned,
1910,fine-tuned,"Red,Blue,Green"
1911,fine-tuned,"Red,Orange"
1912,fine-tuned,
1913,fine-tuned,
1914,fine-tuned,
1915,fine-tuned,
1916,fine-tuned,
1917,fine-tuned,"Red,Blue,Green"
1918,fine-tuned,"Orange,Red,Purple"
1919,fine-tuned,
1920,fine-tuned,
1921,fine-tuned,
1922,fine-tuned,
1923,fine-tuned,
1924,fine-tuned,
1925,fine-tuned,
1926,fine-tuned,"Red,Blue,Red"
1927,fine-tuned,"Red,Yellow"
1928,fine-tuned,
1929,fine-tuned,
1930,fine-tuned,"Red,Yellow,Orange"
1931,fine-tuned,"Red,Blue"
1932,fine-tuned,
1933,fine-tuned,
1934,fine-tuned,
1935,fine-tuned,"Blue,Red,Purple"
1936,fine-tuned,Red
1937,fine-tuned,
1938,fine-tuned,
1939,fine-tuned,
1940,fine-tuned,"Red,Blue,Green"
1941,fine-tuned,"Blue,Red,Orange"
1942,fine-tuned,"Red,Orange,Green"
1943,fine-tuned,"Red,Blue,Green"
1944,fine-tuned,
1945,fine-tuned,
1946,fine-tuned,"Orange,Purple,Blue"
1947,fine-tuned,"Red,Green,Red"
1948,fine-tuned,
1949,fine-tuned,
1950,fine-tuned,"Red,Blue,Yellow"
1951,fine-tuned,
1952,fine-tuned,
1953,fine-tuned,
1954,fine-tuned,"Red,Red,Yellow"
1955,fine-tuned,"Red,Yellow,Orange"
1956,fine-tuned,"Blue,Yellow,Orange"
1957,fine-tuned,
1958,fine-tuned,"Blue,Blue"
1959,fine-tuned,
1960,fine-tuned,
1961,fine-tuned,"Red,Blue,Purple"
1962,fine-tuned,
1963,fine-tuned,
1964,fine-tuned,
1965,fine-tuned,
1966,fine-tuned,
1967,fine-tuned,
1968,fine-tuned,"Red,Orange,Blue"
1969,fine-tuned,
1970,fine-tuned,"Red,Blue,Yellow"
1971,fine-tuned,
1972,fine-tuned,
1973,fine-tuned,
1974,fine-tuned,"Red,Green,Yellow"
1975,fine-tuned,"Blue,Yellow"
1976,fine-tuned,
1977,fine-tuned,
1978,fine-tuned,"Red,Purple,Red"
1979,fine-tuned,
1980,fine-tuned,"Green,Red,Yellow"
1981,fine-tuned,
1982,fine-tuned,
1983,fine-tuned,
1984,fine-tuned,
1985,fine-tuned,"Blue,Orange,Yellow"
1986,fine-tuned,
1987,fine-tuned,
1988,fine-tuned,"Red,Blue,Green"
1989,fine-tuned,"Red,Blue,Green"
1990,fine-tuned,"Red,Blue,Red"
1991,fine-tuned,
1992,fine-tuned,
1993,fine-tuned,"Red,Blue,Yellow"
1994,fine-tuned,"Red,Blue,Purple"
1995,fine-tuned,
1996,fine-tuned,
1997,fine-tuned,"Red,Blue"
1998,fine-tuned,"Red,Yellow,Green"
1999,fine-tuned,
2000,fine-tuned,
2001,fine-tuned,
2002,fine-tuned,
2003,fine-tuned,
2004,fine-tuned,Red
2005,fine-tuned,"Red,Orange,Yellow"
2006,fine-tuned,Red
2007,fine-tuned,"Blue,Red,Orange"
2008,fine-tuned,
2009,fine-tuned,
2010,fine-tuned,"Blue,Red,Orange"
2011,fine-tuned,"Red,Green,Blue"
2012,fine-tuned,"Green,Orange,Red"
2013,fine-tuned,"Red,Blue,Green"
2014,fine-tuned,"Red,Blue,Yellow"
2015,fine-tuned,"Red,Yellow,Green"
2016,fine-tuned,"Red,Yellow"
2017,fine-tuned,
2018,fine-tuned,"Blue,Green,Blue"
2019,fine-tuned,
2020,fine-tuned,"Red,Yellow,Orange"
2021,fine-tuned,"Red,Blue,Green"
2022,fine-tuned,"Red,Blue,Orange"
2023,fine-tuned,
2024,fine-tuned,
2025,fine-tuned,
2026,fine-tuned,
2027,fine-tuned,
2028,fine-tuned,"Yellow,Orange,Green"
2029,fine-tuned,
2030,fine-tuned,Red
2031,fine-tuned,
2032,fine-tuned,"Purple,Blue,Orange"
2033,fine-tuned,
2034,fine-tuned,"Red,Blue,Green"
2035,fine-tuned,
2036,fine-tuned,
2037,fine-tuned,
2038,fine-tuned,
2039,fine-tuned,"Red,Green,Yellow"
2040,fine-tuned,
2041,fine-tuned,
2042,fine-tuned,
2043,fine-tuned,
2044,fine-tuned,
2045,fine-tuned,
2046,fine-tuned,
2047,fine-tuned,
2048,fine-tuned,
2049,fine-tuned,
2050,fine-tuned,
2051,fine-tuned,
2052,fine-tuned,"Red,Blue,Green"
2053,fine-tuned,"Blue,Blue,Purple"
2054,fine-tuned,
2055,fine-tuned,"Orange,Purple"
2056,fine-tuned,
2057,fine-tuned,
2058,fine-tuned,"Green,Blue,Red"
2059,fine-tuned,
2060,fine-tuned,
2061,fine-tuned,
2062,fine-tuned,
2063,fine-tuned,"Red,Blue,Yellow"
2064,fine-tuned,"Blue,Red,Green"
2065,fine-tuned,
2066,fine-tuned,"Red,Blue"
2067,fine-tuned,
2068,fine-tuned,
2069,fine-tuned,
2070,fine-tuned,"Yellow,Orange,Green"
2071,fine-tuned,
2072,fine-tuned,"Blue,Yellow,Red"
2073,fine-tuned,"Red,Red,Red"
2074,fine-tuned,
2075,fine-tuned,
2076,fine-tuned,"Red,Green,Red"
2077,fine-tuned,"Red,Yellow,Purple"
2078,fine-tuned,
2079,fine-tuned,"Orange,Purple"
2080,fine-tuned,
2081,fine-tuned,
2082,fine-tuned,
2083,fine-tuned,
2084,fine-tuned,
2085,fine-tuned,
2086,fine-tuned,Purple
2087,fine-tuned,"Blue,Yellow,Red"
2088,fine-tuned,"Orange,Purple"
2089,fine-tuned,
2090,fine-tuned,"Red,Purple,Red"
2091,fine-tuned,
2092,fine-tuned,"Red,Green,Yellow"
2093,fine-tuned,"Red,Orange,Blue"
2094,fine-tuned,
2095,fine-tuned,
2096,fine-tuned,
2097,fine-tuned,
2098,fine-tuned,
2099,fine-tuned,
2100,fine-tuned,
2101,fine-tuned,
2102,fine-tuned,
2103,fine-tuned,"Yellow,Red,Blue"
2104,fine-tuned,"Blue,Orange,Green"
2105,fine-tuned,
2106,fine-tuned,
2107,fine-tuned,
2108,fine-tuned,
2109,fine-tuned,"Green,Red,Yellow"
2110,fine-tuned,
2111,fine-tuned,
2112,fine-tuned,"Red,Blue,Green"
2113,fine-tuned,
2114,fine-tuned,
2115,fine-tuned,"Red,Green,Blue"
2116,fine-tuned,
2117,fine-tuned,"Red,Blue,Yellow"
2118,fine-tuned,
2119,fine-tuned,"Red,Blue,Orange"
2120,fine-tuned,"Blue,Red"
2121,fine-tuned,
2122,fine-tuned,"Yellow,Red,Green"
2123,fine-tuned,
2124,fine-tuned,"Red,Yellow,Yellow"
2125,fine-tuned,
2126,fine-tuned,Blue
2127,fine-tuned,"Red,Green,Orange"
2128,fine-tuned,
2129,fine-tuned,
2130,fine-tuned,
2131,fine-tuned,
2132,fine-tuned,
2133,fine-tuned,
2134,fine-tuned,
2135,fine-tuned,
2136,fine-tuned,
2137,fine-tuned,
2138,fine-tuned,
2139,fine-tuned,"Red,Orange,Red"
2140,fine-tuned,Red
2141,fine-tuned,"Red,Green"
2142,fine-tuned,Red
2143,fine-tuned,Green
2144,fine-tuned,
2145,fine-tuned,
2146,fine-tuned,
2147,fine-tuned,
2148,fine-tuned,
2149,fine-tuned,
2150,fine-tuned,
2151,fine-tuned,
2152,fine-tuned,"Red,Blue,Orange"
2153,fine-tuned,
2154,fine-tuned,
2155,fine-tuned,
2156,fine-tuned,"Red,Blue,Green"
2157,fine-tuned,
2158,fine-tuned,"Red,Blue,Green"
2159,fine-tuned,Blue
2160,fine-tuned,
2161,fine-tuned,"Red,Blue,Green"
2162,fine-tuned,"Red,Green,Purple"
2163,fine-tuned,
2164,fine-tuned,
2165,fine-tuned,
2166,fine-tuned,
2167,fine-tuned,
2168,fine-tuned,
2169,fine-tuned,
2170,fine-tuned,
2171,fine-tuned,
2172,fine-tuned,
2173,fine-tuned,
2174,fine-tuned,"Blue,Green,Orange"
2175,fine-tuned,
2176,fine-tuned,"Red,Green,Yellow"
2177,fine-tuned,"Purple,Red"
2178,fine-tuned,
2179,fine-tuned,
2180,fine-tuned,
2181,fine-tuned,
2182,fine-tuned,"Green,Green"
2183,fine-tuned,
2184,fine-tuned,"Red,Yellow"
2185,fine-tuned,"Green,Blue,Red"
2186,fine-tuned,"Red,Green,Orange"
2187,fine-tuned,
2188,fine-tuned,
2189,fine-tuned,
2190,fine-tuned,"Red,Blue"
2191,fine-tuned,
2192,fine-tuned,"Red,Red"
2193,fine-tuned,"Red,Orange,Blue"
2194,fine-tuned,"Red,Yellow,Red"
2195,fine-tuned,
2196,fine-tuned,"Red,Yellow"
2197,fine-tuned,"Red,Green,Blue"
2198,fine-tuned,"Red,Green,Blue"
2199,fine-tuned,"Purple,Yellow,Green"
2200,fine-tuned,
2201,fine-tuned,
2202,fine-tuned,"Red,Yellow,Green"
2203,fine-tuned,"Red,Blue,Yellow"
2204,fine-tuned,"Green,Red,Green"
2205,fine-tuned,
2206,fine-tuned,
2207,fine-tuned,"Red,Blue,Green"
2208,fine-tuned,"Red,Yellow,Orange"
2209,fine-tuned,"Green,Red,Blue"
2210,fine-tuned,
2211,fine-tuned,
2212,fine-tuned,"Red,Green,Orange"
2213,fine-tuned,
2214,fine-tuned,
2215,fine-tuned,"Red,Green,Yellow"
2216,fine-tuned,"Red,Yellow"
2217,fine-tuned,
2218,fine-tuned,
2219,fine-tuned,"Green,Purple,Yellow"
2220,fine-tuned,
2221,fine-tuned,
2222,fine-tuned,"Red,Red,Red"
2223,fine-tuned,
2224,fine-tuned,"Blue,Orange,Purple"
2225,fine-tuned,
2226,fine-tuned,
2227,fine-tuned,"Red,Green,Purple"
2228,fine-tuned,"Blue,Orange,Green"
2229,fine-tuned,
2230,fine-tuned,
2231,fine-tuned,
2232,fine-tuned,
2233,fine-tuned,"Red,Blue,Green"
2234,fine-tuned,
2235,fine-tuned,
2236,fine-tuned,"Red,Blue,Purple"
2237,fine-tuned,
2238,fine-tuned,
2239,fine-tuned,"Blue,Yellow"
2240,fine-tuned,
2241,fine-tuned,"Red,Blue"
2242,fine-tuned,"Blue,Red,Orange"
2243,fine-tuned,
2244,fine-tuned,"Blue,Blue"
2245,fine-tuned,"Yellow,Red,Blue"
2246,fine-tuned,
2247,fine-tuned,"Red,Yellow,Green"
2248,fine-tuned,
2249,fine-tuned,"Red,Yellow,Yellow"
2250,fine-tuned,
2251,fine-tuned,
2252,fine-tuned,"Red,Red,Yellow"
2253,fine-tuned,
2254,fine-tuned,"Yellow,Blue"
2255,fine-tuned,
2256,fine-tuned,
2257,fine-tuned,"Red,Blue,Yellow"
2258,fine-tuned,"Red,Blue"
2259,fine-tuned,Blue
2260,fine-tuned,
2261,fine-tuned,
2262,fine-tuned,
2263,fine-tuned,"Green,Red"
2264,fine-tuned,
2265,fine-tuned,
2266,fine-tuned,"Yellow,Purple,Red"
2267,fine-tuned,
2268,fine-tuned,
2269,fine-tuned,
2270,fine-tuned,
2271,fine-tuned,
2272,fine-tuned,
2273,fine-tuned,
2274,fine-tuned,
2275,fine-tuned,"Red,Green,Blue"
2276,fine-tuned,"Red,Yellow,Purple"
2277,fine-tuned,
2278,fine-tuned,"Orange,Yellow,Green"
2279,fine-tuned,
2280,fine-tuned,
2281,fine-tuned,"Red,Yellow,Purple"
2282,fine-tuned,
2283,fine-tuned,"Blue,Red,Green"
2284,fine-tuned,
2285,fine-tuned,"Red,Blue,Green"
2286,fine-tuned,
2287,fine-tuned,"Blue,Green,Green"
2288,fine-tuned,
2289,fine-tuned,
2290,fine-tuned,
2291,fine-tuned,
2292,fine-tuned,
2293,fine-tuned,
2294,fine-tuned,"Red,Blue,Yellow"
2295,fine-tuned,"Red,Blue,Red"
2296,fine-tuned,
2297,fine-tuned,
2298,fine-tuned,
2299,fine-tuned,"Red,Yellow,Purple"
2300,fine-tuned,Red
2301,fine-tuned,
2302,fine-tuned,
2303,fine-tuned,
2304,fine-tuned,
2305,fine-tuned,"Yellow,Green,Orange"
2306,fine-tuned,
2307,fine-tuned,
2308,fine-tuned,
2309,fine-tuned,
2310,fine-tuned,
2311,fine-tuned,"Blue,Green,Yellow"
2312,fine-tuned,
2313,fine-tuned,"Red,Green,Red"
2314,fine-tuned,"Red,Green,Purple"
2315,fine-tuned,"Green,Blue"
2316,fine-tuned,"Red,Blue,Yellow"
2317,fine-tuned,
2318,fine-tuned,
2319,fine-tuned,
2320,fine-tuned,"Red,Blue,Yellow"
2321,fine-tuned,"Yellow,Blue,Orange"
2322,fine-tuned,
2323,fine-tuned,"Blue,Red,Green"
2324,fine-tuned,
2325,fine-tuned,
2326,fine-tuned,Red
2327,fine-tuned,"Red,Blue,Green"
2328,fine-tuned,"Red,Red,Red"
2329,fine-tuned,
2330,fine-tuned,
2331,fine-tuned,
2332,fine-tuned,
2333,fine-tuned,
2334,fine-tuned,
2335,fine-tuned,"Green,Red,Yellow"
2336,fine-tuned,
2337,fine-tuned,
2338,fine-tuned,"Red,Red"
2339,fine-tuned,
2340,fine-tuned,"Red,Blue,Purple"
2341,fine-tuned,"Red,Blue,Green"
2342,fine-tuned,
2343,fine-tuned,
2344,fine-tuned,
2345,fine-tuned,
2346,fine-tuned,
2347,fine-tuned,"Green,Orange,Red"
2348,fine-tuned,
2349,fine-tuned,
2350,fine-tuned,"Red,Orange"
2351,fine-tuned,"Blue,Green,Yellow"
2352,fine-tuned,"Blue,Yellow,Red"
2353,fine-tuned,
2354,fine-tuned,"Red,Orange,Yellow"
2355,fine-tuned,Yellow
2356,fine-tuned,"Red,Red"
2357,fine-tuned,"Red,Blue,Purple"
2358,fine-tuned,
2359,fine-tuned,"Red,Blue,Green"
2360,fine-tuned,
2361,fine-tuned,"Red,Red,Red"
2362,fine-tuned,
2363,fine-tuned,
2364,fine-tuned,"Red,Yellow"
2365,fine-tuned,
2366,fine-tuned,
2367,fine-tuned,"Red,Green,Blue"
2368,fine-tuned,"Red,Blue"
2369,fine-tuned,
2370,fine-tuned,
2371,fine-tuned,
2372,fine-tuned,"Red,Blue,Blue"
2373,fine-tuned,"Red,Blue,Yellow"
2374,fine-tuned,
2375,fine-tuned,
2376,fine-tuned,"Blue,Orange,Yellow"
2377,fine-tuned,"Orange,Green,Yellow"
2378,fine-tuned,Red
2379,fine-tuned,"Red,Blue,Green"
2380,fine-tuned,
2381,fine-tuned,"Blue,Yellow,Purple"
2382,fine-tuned,
2383,fine-tuned,
2384,fine-tuned,Red
2385,fine-tuned,"Blue,Green,Red"
2386,fine-tuned,
2387,fine-tuned,"Blue,Red,Red"
2388,fine-tuned,"Red,Blue,Blue"
2389,fine-tuned,"Green,Red,Yellow"
2390,fine-tuned,"Red,Green,Blue"
2391,fine-tuned,
2392,fine-tuned,
2393,fine-tuned,
2394,fine-tuned,
2395,fine-tuned,
2396,fine-tuned,"Red,Green,Yellow"
2397,fine-tuned,
2398,fine-tuned,"Red,Orange"
2399,fine-tuned,
2400,fine-tuned,"Red,Orange"
2401,fine-tuned,"Red,Green,Purple"
2402,fine-tuned,
2403,fine-tuned,"Red,Orange,Yellow"
2404,fine-tuned,
2405,fine-tuned,"Blue,Yellow,Purple"
2406,fine-tuned,"Red,Yellow,Purple"
2407,fine-tuned,
2408,fine-tuned,"Red,Green,Yellow"
2409,fine-tuned,
2410,fine-tuned,
2411,fine-tuned,"Red,Yellow,Blue"
2412,fine-tuned,"Yellow,Red"
2413,fine-tuned,Blue
2414,fine-tuned,
2415,fine-tuned,
2416,fine-tuned,
2417,fine-tuned,
2418,fine-tuned,"Orange,Blue"
2419,fine-tuned,
2420,fine-tuned,
2421,fine-tuned,"Purple,Orange,Green"
2422,fine-tuned,"Red,Blue,Green"
2423,fine-tuned,
2424,fine-tuned,Blue
2425,fine-tuned,
2426,fine-tuned,
2427,fine-tuned,
2428,fine-tuned,Red
2429,fine-tuned,
2430,fine-tuned,
2431,fine-tuned,
2432,fine-tuned,
2433,fine-tuned,
2434,fine-tuned,
2435,fine-tuned,"Red,Blue"
2436,fine-tuned,
2437,fine-tuned,
2438,fine-tuned,"Red,Blue,Green"
2439,fine-tuned,
2440,fine-tuned,
2441,fine-tuned,
2442,fine-tuned,
2443,fine-tuned,
2444,fine-tuned,Red
2445,fine-tuned,
2446,fine-tuned,
2447,fine-tuned,
2448,fine-tuned,
2449,fine-tuned,
2450,fine-tuned,"Red,Blue,Green"
2451,fine-tuned,"Red,Green,Green"
2452,fine-tuned,
2453,fine-tuned,
2454,fine-tuned,"Red,Green,Blue"
2455,fine-tuned,
2456,fine-tuned,
2457,fine-tuned,
2458,fine-tuned,
2459,fine-tuned,"Red,Green,Red"
2460,fine-tuned,"Blue,Green,Green"
2461,fine-tuned,"Green,Blue,Green"
2462,fine-tuned,"Red,Blue,Yellow"
2463,fine-tuned,
2464,fine-tuned,"Green,Red,Yellow"
2465,fine-tuned,
2466,fine-tuned,
2467,fine-tuned,
2468,fine-tuned,Purple
2469,fine-tuned,"Red,Blue,Green"
2470,fine-tuned,"Red,Blue,Red"
2471,fine-tuned,
2472,fine-tuned,
2473,fine-tuned,
2474,fine-tuned,"Red,Green"
2475,fine-tuned,
2476,fine-tuned,
2477,fine-tuned,
2478,fine-tuned,
2479,fine-tuned,"Red,Green,Red"
2480,fine-tuned,
2481,fine-tuned,
2482,fine-tuned,
2483,fine-tuned,
2484,fine-tuned,
2485,fine-tuned,"Yellow,Purple,Red"
2486,fine-tuned,
2487,fine-tuned,
2488,fine-tuned,"Red,Blue,Green"
2489,fine-tuned,"Red,Blue"
2490,fine-tuned,
2491,fine-tuned,"Red,Red,Green"
2492,fine-tuned,
2493,fine-tuned,"Red,Blue,Yellow"
2494,fine-tuned,
2495,fine-tuned,"Blue,Blue,Orange"
2496,fine-tuned,
2497,fine-tuned,"Red,Green,Purple"
2498,fine-tuned,
2499,fine-tuned,Green
2500,fine-tuned,
2501,fine-tuned,
2502,fine-tuned,
2503,fine-tuned,"Red,Green"
2504,fine-tuned,"Red,Green,Blue"
2505,fine-tuned,
2506,fine-tuned,"Red,Green"
2507,fine-tuned,
2508,fine-tuned,
2509,fine-tuned,
2510,fine-tuned,
2511,fine-tuned,
2512,fine-tuned,
2513,fine-tuned,
2514,fine-tuned,
2515,fine-tuned,
2516,fine-tuned,
2517,fine-tuned,"Red,Blue,Green"
2518,fine-tuned,"Red,Blue,Orange"
2519,fine-tuned,Yellow
2520,fine-tuned,"Red,Orange,Blue"
2521,fine-tuned,"Blue,Green,Red"
2522,fine-tuned,
2523,fine-tuned,
2524,fine-tuned,"Purple,Red,Red"
2525,fine-tuned,"Blue,Red,Red"
2526,fine-tuned,
2527,fine-tuned,"Red,Blue,Yellow"
2528,fine-tuned,"Red,Blue,Yellow"
2529,fine-tuned,"Red,Green"
2530,fine-tuned,
2531,fine-tuned,"Red,Blue,Purple"
2532,fine-tuned,Purple
2533,fine-tuned,"Red,Orange,Purple"
2534,fine-tuned,"Red,Blue"
2535,fine-tuned,
2536,fine-tuned,"Blue,Green"
2537,fine-tuned,"Red,Orange,Red"
2538,fine-tuned,"Red,Green,Yellow"
2539,fine-tuned,
2540,fine-tuned,"Red,Yellow,Yellow"
2541,fine-tuned,
2542,fine-tuned,
2543,fine-tuned,
2544,fine-tuned,
2545,fine-tuned,
2546,fine-tuned,"Red,Blue,Green"
2547,fine-tuned,
2548,fine-tuned,
2549,fine-tuned,
2550,fine-tuned,
2551,fine-tuned,
2552,fine-tuned,
2553,fine-tuned,"Red,Yellow,Green"
2554,fine-tuned,
2555,fine-tuned,
2556,fine-tuned,"Yellow,Purple,Blue"
2557,fine-tuned,
2558,fine-tuned,"Red,Orange"
2559,fine-tuned,
2560,fine-tuned,
2561,fine-tuned,
2562,fine-tuned,"Blue,Red,Yellow"
2563,fine-tuned,"Red,Blue,Green"
2564,fine-tuned,"Purple,Green,Red"
2565,fine-tuned,
2566,fine-tuned,"Red,Blue,Green"
2567,fine-tuned,
2568,fine-tuned,"Red,Green"
2569,fine-tuned,
2570,fine-tuned,
2571,fine-tuned,
2572,fine-tuned,
2573,fine-tuned,
2574,fine-tuned,"Red,Red,Purple"
2575,fine-tuned,
2576,fine-tuned,"Red,Yellow,Green"
2577,fine-tuned,"Red,Blue,Green"
2578,fine-tuned,"Red,Yellow,Green"
2579,fine-tuned,"Red,Blue,Red"
2580,fine-tuned,"Green,Green"
2581,fine-tuned,
2582,fine-tuned,"Blue,Green"
2583,fine-tuned,
2584,fine-tuned,
2585,fine-tuned,"Blue,Purple"
2586,fine-tuned,
2587,fine-tuned,
2588,fine-tuned,
2589,fine-tuned,
2590,fine-tuned,
2591,fine-tuned,"Red,Blue,Green"
2592,fine-tuned,"Red,Yellow,Purple"
2593,fine-tuned,
2594,fine-tuned,"Red,Green,Red"
2595,fine-tuned,"Red,Blue,Green"
2596,fine-tuned,
2597,fine-tuned,"Red,Purple,Green"
2598,fine-tuned,"Red,Blue,Yellow"
2599,fine-tuned,
2600,fine-tuned,
2601,fine-tuned,Red
2602,fine-tuned,"Red,Red,Orange"
2603,fine-tuned,"Blue,Green,Red"
2604,fine-tuned,
2605,fine-tuned,
2606,fine-tuned,
2607,fine-tuned,"Red,Yellow,Blue"
2608,fine-tuned,"Red,Yellow,Green"
2609,fine-tuned,
2610,fine-tuned,"Red,Blue,Green"
2611,fine-tuned,"Red,Green,Blue"
2612,fine-tuned,
2613,fine-tuned,
2614,fine-tuned,
2615,fine-tuned,
2616,fine-tuned,"Red,Blue,Blue"
2617,fine-tuned,"Blue,Blue,Green"
2618,fine-tuned,
2619,fine-tuned,
2620,fine-tuned,
2621,fine-tuned,"Yellow,Green,Blue"
2622,fine-tuned,
2623,fine-tuned,
2624,fine-tuned,"Blue,Yellow,Green"
2625,fine-tuned,
2626,fine-tuned,
2627,fine-tuned,
2628,fine-tuned,"Green,Orange,Red"
2629,fine-tuned,"Red,Blue,Green"
2630,fine-tuned,
2631,fine-tuned,
2632,fine-tuned,"Red,Blue,Yellow"
2633,fine-tuned,"Red,Blue,Orange"
2634,fine-tuned,"Red,Red,Blue"
2635,fine-tuned,"Blue,Green,Purple"
2636,fine-tuned,
2637,fine-tuned,
2638,fine-tuned,
2639,fine-tuned,
2640,fine-tuned,
2641,fine-tuned,"Red,Green,Yellow"
2642,fine-tuned,
2643,fine-tuned,
2644,fine-tuned,"Red,Orange,Blue"
2645,fine-tuned,"Red,Green,Blue"
2646,fine-tuned,
2647,fine-tuned,"Red,Orange,Red"
2648,fine-tuned,
2649,fine-tuned,
2650,fine-tuned,
2651,fine-tuned,"Yellow,Blue"
2652,fine-tuned,
2653,fine-tuned,
2654,fine-tuned,"Red,Blue,Orange"
2655,fine-tuned,
2656,fine-tuned,
2657,fine-tuned,"Red,Blue"
2658,fine-tuned,"Red,Green,Purple"
2659,fine-tuned,
2660,fine-tuned,"Red,Blue"
2661,fine-tuned,
2662,fine-tuned,"Red,Purple,Orange"
2663,fine-tuned,
2664,fine-tuned,
2665,fine-tuned,"Purple,Orange,Red"
2666,fine-tuned,"Red,Green,Purple"
2667,fine-tuned,
2668,fine-tuned,"Blue,Green,Orange"
2669,fine-tuned,"Red,Blue,Purple"
2670,fine-tuned,
2671,fine-tuned,"Red,Blue,Green"
2672,fine-tuned,
2673,fine-tuned,
2674,fine-tuned,
2675,fine-tuned,
2676,fine-tuned,
2677,fine-tuned,
2678,fine-tuned,
2679,fine-tuned,"Red,Blue"
2680,fine-tuned,
2681,fine-tuned,
2682,fine-tuned,
2683,fine-tuned,
2684,fine-tuned,"Red,Yellow,Purple"
2685,fine-tuned,
2686,fine-tuned,
2687,fine-tuned,
2688,fine-tuned,
2689,fine-tuned,Red
2690,fine-tuned,
2691,fine-tuned,"Red,Yellow,Purple"
2692,fine-tuned,
2693,fine-tuned,
2694,fine-tuned,"Red,Blue,Yellow"
2695,fine-tuned,
2696,fine-tuned,"Blue,Green,Red"
2697,fine-tuned,
2698,fine-tuned,
2699,fine-tuned,"Orange,Blue,Green"
2700,fine-tuned,
2701,fine-tuned,
2702,fine-tuned,Orange
2703,fine-tuned,"Red,Blue,Yellow"
2704,fine-tuned,
2705,fine-tuned,"Red,Orange,Blue"
2706,fine-tuned,
2707,fine-tuned,
2708,fine-tuned,"Blue,Red,Orange"
2709,fine-tuned,
2710,fine-tuned,
2711,fine-tuned,"Blue,Red,Purple"
2712,fine-tuned,Red
2713,fine-tuned,
2714,fine-tuned,"Red,Orange,Blue"
2715,fine-tuned,
2716,fine-tuned,
2717,fine-tuned,
2718,fine-tuned,"Red,Orange,Red"
2719,fine-tuned,
2720,fine-tuned,"Red,Blue,Orange"
2721,fine-tuned,"Blue,Green,Orange"
2722,fine-tuned,Blue
2723,fine-tuned,
2724,fine-tuned,Red
2725,fine-tuned,Blue
2726,fine-tuned,
2727,fine-tuned,
2728,fine-tuned,Red
2729,fine-tuned,
2730,fine-tuned,
2731,fine-tuned,"Green,Red,Blue"
2732,fine-tuned,
2733,fine-tuned,
2734,fine-tuned,Purple
2735,fine-tuned,
2736,fine-tuned,"Green,Red"
2737,fine-tuned,
2738,fine-tuned,
2739,fine-tuned,
2740,fine-tuned,
2741,fine-tuned,"Red,Blue,Green"
2742,fine-tuned,
2743,fine-tuned,
2744,fine-tuned,
2745,fine-tuned,"Red,Yellow,Orange"
2746,fine-tuned,
2747,fine-tuned,
2748,fine-tuned,
2749,fine-tuned,
2750,fine-tuned,
2751,fine-tuned,
2752,fine-tuned,
2753,fine-tuned,
2754,fine-tuned,"Red,Blue,Purple"
2755,fine-tuned,
2756,fine-tuned,"Red,Blue,Yellow"
2757,fine-tuned,
2758,fine-tuned,
2759,fine-tuned,"Blue,Yellow,Red"
2760,fine-tuned,"Yellow,Green,Orange"
2761,fine-tuned,
2762,fine-tuned,
2763,fine-tuned,
2764,fine-tuned,"Blue,Green,Red"
2765,fine-tuned,
2766,fine-tuned,
2767,fine-tuned,
2768,fine-tuned,
2769,fine-tuned,
2770,fine-tuned,"Red,Green,Purple"
2771,fine-tuned,
2772,fine-tuned,
2773,fine-tuned,"Red,Purple,Red"
2774,fine-tuned,"Red,Blue,Green"
2775,fine-tuned,
2776,fine-tuned,"Red,Red,Blue"
2777,fine-tuned,
2778,fine-tuned,
2779,fine-tuned,
2780,fine-tuned,"Red,Blue,Yellow"
2781,fine-tuned,"Red,Blue,Green"
2782,fine-tuned,"Blue,Blue,Green"
2783,fine-tuned,
2784,fine-tuned,
2785,fine-tuned,
2786,fine-tuned,
2787,fine-tuned,
2788,fine-tuned,"Red,Blue,Orange"
2789,fine-tuned,
2790,fine-tuned,"Green,Orange,Red"
2791,fine-tuned,
2792,fine-tuned,
2793,fine-tuned,
2794,fine-tuned,Red
2795,fine-tuned,"Red,Blue,Yellow"
2796,fine-tuned,
2797,fine-tuned,"Red,Green,Orange"
2798,fine-tuned,
2799,fine-tuned,"Red,Red"
2800,fine-tuned,"Blue,Yellow"
2801,fine-tuned,
2802,fine-tuned,
2803,fine-tuned,"Yellow,Yellow"
2804,fine-tuned,
2805,fine-tuned,
2806,fine-tuned,
2807,fine-tuned,
2808,fine-tuned,"Red,Blue,Purple"
2809,fine-tuned,"Purple,Yellow,Blue"
2810,fine-tuned,
2811,fine-tuned,"Red,Blue,Green"
2812,fine-tuned,
2813,fine-tuned,
2814,fine-tuned,
2815,fine-tuned,
2816,fine-tuned,
2817,fine-tuned,
2818,fine-tuned,
2819,fine-tuned,"Orange,Blue"
2820,fine-tuned,
2821,fine-tuned,
2822,fine-tuned,"Red,Yellow,Green"
2823,fine-tuned,"Red,Blue,Red"
2824,fine-tuned,"Blue,Red,Red"
2825,fine-tuned,"Red,Blue,Orange"
2826,fine-tuned,"Blue,Green"
2827,fine-tuned,
2828,fine-tuned,"Red,Orange,Purple"
2829,fine-tuned,
2830,fine-tuned,
2831,fine-tuned,Green
2832,fine-tuned,"Red,Blue,Green"
2833,fine-tuned,
2834,fine-tuned,"Red,Green,Purple"
2835,fine-tuned,"Yellow,Purple,Orange"
2836,fine-tuned,
2837,fine-tuned,"Red,Green,Yellow"
2838,fine-tuned,
2839,fine-tuned,"Orange,Yellow,Blue"
2840,fine-tuned,
2841,fine-tuned,"Red,Blue,Green"
2842,fine-tuned,
2843,fine-tuned,"Blue,Orange"
2844,fine-tuned,
2845,fine-tuned,
2846,fine-tuned,
2847,fine-tuned,
2848,fine-tuned,
2849,fine-tuned,"Red,Yellow,Green"
2850,fine-tuned,
2851,fine-tuned,
2852,fine-tuned,
2853,fine-tuned,
2854,fine-tuned,"Green,Orange,Green"
2855,fine-tuned,
2856,fine-tuned,
2857,fine-tuned,
2858,fine-tuned,
2859,fine-tuned,"Red,Purple,Purple"
2860,fine-tuned,"Red,Green,Yellow"
2861,fine-tuned,
2862,fine-tuned,Red
2863,fine-tuned,"Red,Green,Red"
2864,fine-tuned,"Red,Green,Yellow"
2865,fine-tuned,
2866,fine-tuned,"Red,Purple,Red"
2867,fine-tuned,
2868,fine-tuned,
2869,fine-tuned,
2870,fine-tuned,"Red,Blue,Green"
2871,fine-tuned,
2872,fine-tuned,
2873,fine-tuned,"Red,Blue,Green"
2874,fine-tuned,
2875,fine-tuned,
2876,fine-tuned,
2877,fine-tuned,"Blue,Purple,Yellow"
2878,fine-tuned,
2879,fine-tuned,Purple
2880,fine-tuned,
2881,fine-tuned,"Red,Purple"
2882,fine-tuned,
2883,fine-tuned,
2884,fine-tuned,"Green,Blue,Purple"
2885,fine-tuned,"Red,Blue,Yellow"
2886,fine-tuned,"Red,Orange,Purple"
2887,fine-tuned,
2888,fine-tuned,
2889,fine-tuned,
2890,fine-tuned,
2891,fine-tuned,
2892,fine-tuned,"Orange,Green,Yellow"
2893,fine-tuned,
2894,fine-tuned,Red
2895,fine-tuned,"Red,Red,Blue"
2896,fine-tuned,"Purple,Yellow,Green"
2897,fine-tuned,
2898,fine-tuned,
2899,fine-tuned,"Red,Blue,Orange"
2900,fine-tuned,
2901,fine-tuned,
2902,fine-tuned,"Green,Orange,Blue"
2903,fine-tuned,
2904,fine-tuned,"Red,Yellow,Blue"
2905,fine-tuned,"Red,Blue,Red"
2906,fine-tuned,
2907,fine-tuned,"Red,Green,Blue"
2908,fine-tuned,
2909,fine-tuned,"Red,Blue,Green"
2910,fine-tuned,
2911,fine-tuned,
2912,fine-tuned,
2913,fine-tuned,"Blue,Orange,Yellow"
2914,fine-tuned,"Red,Blue,Yellow"
2915,fine-tuned,
2916,fine-tuned,
2917,fine-tuned,Green
2918,fine-tuned,
2919,fine-tuned,"Red,Blue,Yellow"
2920,fine-tuned,"Red,Green,Orange"
2921,fine-tuned,
2922,fine-tuned,"Blue,Yellow,Yellow"
2923,fine-tuned,
2924,fine-tuned,"Red,Yellow,Green"
2925,fine-tuned,
2926,fine-tuned,
2927,fine-tuned,"Red,Blue,Green"
2928,fine-tuned,
2929,fine-tuned,"Green,Green"
2930,fine-tuned,"Red,Green,Purple"
2931,fine-tuned,
2932,fine-tuned,"Red,Yellow,Green"
2933,fine-tuned,
2934,fine-tuned,
2935,fine-tuned,
2936,fine-tuned,
2937,fine-tuned,
2938,fine-tuned,
2939,fine-tuned,"Red,Green,Green"
2940,fine-tuned,"Blue,Blue,Green"
2941,fine-tuned,
2942,fine-tuned,"Red,Red,Red"
2943,fine-tuned,
2944,fine-tuned,"Red,Green,Blue"
2945,fine-tuned,"Orange,Red,Yellow"
2946,fine-tuned,
2947,fine-tuned,"Green,Red,Yellow"
2948,fine-tuned,Red
2949,fine-tuned,
2950,fine-tuned,"Orange,Yellow,Purple"
2951,fine-tuned,
2952,fine-tuned,"Red,Green"
2953,fine-tuned,"Red,Blue,Orange"
2954,fine-tuned,
2955,fine-tuned,
2956,fine-tuned,
2957,fine-tuned,
2958,fine-tuned,
2959,fine-tuned,"Red,Blue,Purple"
2960,fine-tuned,Red
2961,fine-tuned,"Yellow,Red,Green"
2962,fine-tuned,
2963,fine-tuned,
2964,fine-tuned,
2965,fine-tuned,"Green,Red,Green"
2966,fine-tuned,"Blue,Red,Red"
2967,fine-tuned,"Red,Green"
2968,fine-tuned,
2969,fine-tuned,
2970,fine-tuned,"Blue,Red,Green"
2971,fine-tuned,
2972,fine-tuned,
2973,fine-tuned,
2974,fine-tuned,
2975,fine-tuned,"Red,Orange,Purple"
2976,fine-tuned,"Red,Green,Blue"
2977,fine-tuned,
2978,fine-tuned,"Red,Blue,Purple"
2979,fine-tuned,
2980,fine-tuned,
2981,fine-tuned,"Red,Blue,Green"
2982,fine-tuned,"Red,Yellow"
2983,fine-tuned,
2984,fine-tuned,
2985,fine-tuned,"Red,Green,Orange"
2986,fine-tuned,
2987,fine-tuned,"Red,Blue,Green"
2988,fine-tuned,"Red,Red,Orange"
2989,fine-tuned,
2990,fine-tuned,"Green,Purple,Orange"
2991,fine-tuned,"Green,Orange,Purple"
2992,fine-tuned,
2993,fine-tuned,
2994,fine-tuned,
2995,fine-tuned,
2996,fine-tuned,"Red,Blue,Yellow"
2997,fine-tuned,"Blue,Red,Yellow"
2998,fine-tuned,
2999,fine-tuned,Green
3000,fine-tuned,"Red,Blue,Orange"
3001,fine-tuned,
3002,fine-tuned,
3003,fine-tuned,"Red,Blue,Red"
3004,fine-tuned,
3005,fine-tuned,
3006,fine-tuned,
3007,fine-tuned,
3008,fine-tuned,
3009,fine-tuned,
3010,fine-tuned,
3011,fine-tuned,
3012,fine-tuned,"Red,Blue,Green"
3013,fine-tuned,
3014,fine-tuned,"Red,Purple,Purple"
3015,fine-tuned,
3016,fine-tuned,"Red,Red,Red"
3017,fine-tuned,"Red,Blue,Green"
3018,fine-tuned,
3019,fine-tuned,
3020,fine-tuned,"Red,Green,Blue"
3021,fine-tuned,
3022,fine-tuned,
3023,fine-tuned,"Red,Blue,Orange"
3024,fine-tuned,
3025,fine-tuned,
3026,fine-tuned,
3027,fine-tuned,"Red,Blue"
3028,fine-tuned,Green
3029,fine-tuned,
3030,fine-tuned,
3031,fine-tuned,
3032,fine-tuned,"Green,Red,Blue"
3033,fine-tuned,"Red,Orange,Yellow"
3034,fine-tuned,
3035,fine-tuned,
3036,fine-tuned,"Red,Blue,Yellow"
3037,fine-tuned,
3038,fine-tuned,"Blue,Blue,Blue"
3039,fine-tuned,
3040,fine-tuned,
3041,fine-tuned,Red
3042,fine-tuned,"Red,Orange,Purple"
3043,fine-tuned,
3044,fine-tuned,
3045,fine-tuned,"Green,Yellow,Orange"
3046,fine-tuned,
3047,fine-tuned,
3048,fine-tuned,
3049,fine-tuned,
3050,fine-tuned,"Yellow,Red,Red"
3051,fine-tuned,"Green,Purple,Orange"
3052,fine-tuned,"Red,Blue,Yellow"
3053,fine-tuned,
3054,fine-tuned,
3055,fine-tuned,
3056,fine-tuned,
3057,fine-tuned,
3058,fine-tuned,
3059,fine-tuned,
3060,fine-tuned,"Red,Blue,Green"
3061,fine-tuned,"Green,Yellow,Orange"
3062,fine-tuned,
3063,fine-tuned,
3064,fine-tuned,
3065,fine-tuned,
3066,fine-tuned,
3067,fine-tuned,
3068,fine-tuned,
3069,fine-tuned,
3070,fine-tuned,Blue
3071,fine-tuned,"Red,Blue,Green"
3072,fine-tuned,
3073,fine-tuned,
3074,fine-tuned,
3075,fine-tuned,"Orange,Orange,Orange"
3076,fine-tuned,"Red,Orange,Purple"
3077,fine-tuned,
3078,fine-tuned,
3079,fine-tuned,
3080,fine-tuned,"Yellow,Yellow,Yellow"
3081,fine-tuned,"Blue,Green,Purple"
3082,fine-tuned,
3083,fine-tuned,
3084,fine-tuned,
3085,fine-tuned,"Red,Red,Green"
3086,fine-tuned,"Orange,Yellow"
3087,fine-tuned,
3088,fine-tuned,
3089,fine-tuned,
3090,fine-tuned,
3091,fine-tuned,"Orange,Yellow,Green"
3092,fine-tuned,"Red,Orange,Blue"
3093,fine-tuned,
3094,fine-tuned,"Red,Blue,Purple"
3095,fine-tuned,"Red,Blue,Green"
3096,fine-tuned,
3097,fine-tuned,"Red,Yellow,Green"
3098,fine-tuned,"Red,Yellow,Purple"
3099,fine-tuned,
3100,fine-tuned,
3101,fine-tuned,
3102,fine-tuned,"Red,Blue,Green"
3103,fine-tuned,
3104,fine-tuned,"Red,Blue,Yellow"
3105,fine-tuned,Red
3106,fine-tuned,
3107,fine-tuned,
3108,fine-tuned,
3109,fine-tuned,
3110,fine-tuned,Green
3111,fine-tuned,"Red,Orange,Purple"
3112,fine-tuned,
3113,fine-tuned,
3114,fine-tuned,
3115,fine-tuned,
3116,fine-tuned,
3117,fine-tuned,
3118,fine-tuned,
3119,fine-tuned,"Red,Green,Purple"
3120,fine-tuned,
3121,fine-tuned,"Red,Green,Blue"
3122,fine-tuned,
3123,fine-tuned,"Red,Green,Yellow"
3124,fine-tuned,"Orange,Red,Green"
3125,fine-tuned,
3126,fine-tuned,
3127,fine-tuned,
3128,fine-tuned,"Red,Blue,Green"
3129,fine-tuned,"Yellow,Red,Green"
3130,fine-tuned,
3131,fine-tuned,"Red,Blue,Red"
3132,fine-tuned,
3133,fine-tuned,"Purple,Yellow,Blue"
3134,fine-tuned,
3135,fine-tuned,
3136,fine-tuned,
3137,fine-tuned,"Red,Blue,Yellow"
3138,fine-tuned,
3139,fine-tuned,"Blue,Green"
3140,fine-tuned,Orange
3141,fine-tuned,
3142,fine-tuned,
3143,fine-tuned,
3144,fine-tuned,
3145,fine-tuned,
3146,fine-tuned,"Blue,Purple,Orange"
3147,fine-tuned,"Red,Blue,Yellow"
3148,fine-tuned,
3149,fine-tuned,"Red,Orange,Yellow"
3150,fine-tuned,
3151,fine-tuned,"Red,Blue,Green"
3152,fine-tuned,
3153,fine-tuned,
3154,fine-tuned,
3155,fine-tuned,
3156,fine-tuned,
3157,fine-tuned,"Red,Blue,Green"
3158,fine-tuned,
3159,fine-tuned,"Blue,Red,Yellow"
3160,fine-tuned,"Red,Yellow,Blue"
3161,fine-tuned,
3162,fine-tuned,
3163,fine-tuned,
3164,fine-tuned,
3165,fine-tuned,
3166,fine-tuned,
3167,fine-tuned,
3168,fine-tuned,"Red,Blue,Orange"
3169,fine-tuned,
3170,fine-tuned,"Yellow,Orange,Red"
3171,fine-tuned,
3172,fine-tuned,"Purple,Red"
3173,fine-tuned,
3174,fine-tuned,
3175,fine-tuned,
3176,fine-tuned,
3177,fine-tuned,
3178,fine-tuned,
3179,fine-tuned,"Red,Blue,Yellow"
3180,fine-tuned,"Red,Blue,Green"
3181,fine-tuned,
3182,fine-tuned,"Red,Yellow,Blue"
3183,fine-tuned,
3184,fine-tuned,
3185,fine-tuned,"Red,Blue,Orange"
3186,fine-tuned,
3187,fine-tuned,
3188,fine-tuned,"Yellow,Red,Green"
3189,fine-tuned,"Red,Blue,Green"
3190,fine-tuned,
3191,fine-tuned,"Blue,Yellow,Purple"
3192,fine-tuned,"Red,Blue,Green"
3193,fine-tuned,"Green,Yellow,Red"
3194,fine-tuned,"Red,Yellow,Orange"
3195,fine-tuned,"Blue,Red,Purple"
3196,fine-tuned,"Red,Green"
3197,fine-tuned,
3198,fine-tuned,
3199,fine-tuned,
3200,fine-tuned,"Red,Purple,Green"
3201,fine-tuned,
3202,fine-tuned,"Red,Green,Green"
3203,fine-tuned,"Red,Blue,Red"
3204,fine-tuned,"Red,Red,Green"
3205,fine-tuned,
3206,fine-tuned,"Red,Blue,Green"
3207,fine-tuned,
3208,fine-tuned,"Red,Red,Blue"
3209,fine-tuned,
3210,fine-tuned,
3211,fine-tuned,"Red,Red,Blue"
3212,fine-tuned,
3213,fine-tuned,"Red,Red,Red"
3214,fine-tuned,
3215,fine-tuned,
3216,fine-tuned,
3217,fine-tuned,"Red,Green,Purple"
3218,fine-tuned,Blue
3219,fine-tuned,"Green,Orange,Red"
3220,fine-tuned,
3221,fine-tuned,
3222,fine-tuned,
3223,fine-tuned,
3224,fine-tuned,"Red,Blue,Orange"
3225,fine-tuned,
3226,fine-tuned,
3227,fine-tuned,
3228,fine-tuned,
3229,fine-tuned,
3230,fine-tuned,
3231,fine-tuned,
3232,fine-tuned,"Purple,Red,Yellow"
3233,fine-tuned,
3234,fine-tuned,
3235,fine-tuned,
3236,fine-tuned,
3237,fine-tuned,
3238,fine-tuned,"Red,Red,Blue"
3239,fine-tuned,
3240,fine-tuned,Red
3241,fine-tuned,Green
3242,fine-tuned,
3243,fine-tuned,
3244,fine-tuned,"Red,Blue,Green"
3245,fine-tuned,
3246,fine-tuned,
3247,fine-tuned,"Red,Purple,Green"
3248,fine-tuned,"Red,Yellow,Purple"
3249,fine-tuned,
3250,fine-tuned,
3251,fine-tuned,"Blue,Green,Green"
3252,fine-tuned,"Red,Blue,Green"
3253,fine-tuned,"Green,Yellow,Blue"
3254,fine-tuned,
3255,fine-tuned,"Red,Blue,Green"
3256,fine-tuned,"Blue,Yellow,Red"
3257,fine-tuned,"Red,Blue,Green"
3258,fine-tuned,
3259,fine-tuned,
3260,fine-tuned,
3261,fine-tuned,
3262,fine-tuned,
3263,fine-tuned,
3264,fine-tuned,"Red,Green,Green"
3265,fine-tuned,"Red,Red"
3266,fine-tuned,
3267,fine-tuned,
3268,fine-tuned,"Red,Blue,Purple"
3269,fine-tuned,"Green,Purple,Red"
3270,fine-tuned,
3271,fine-tuned,
3272,fine-tuned,
3273,fine-tuned,
3274,fine-tuned,"Red,Green,Purple"
3275,fine-tuned,"Red,Blue"
3276,fine-tuned,"Red,Orange,Purple"
3277,fine-tuned,"Red,Blue,Green"
3278,fine-tuned,
3279,fine-tuned,"Green,Red,Purple"
3280,fine-tuned,
3281,fine-tuned,
3282,fine-tuned,
3283,fine-tuned,
3284,fine-tuned,
3285,fine-tuned,Blue
3286,fine-tuned,
3287,fine-tuned,"Blue,Green,Green"
3288,fine-tuned,
3289,fine-tuned,"Red,Orange"
3290,fine-tuned,
3291,fine-tuned,
3292,fine-tuned,
3293,fine-tuned,"Blue,Red,Green"
3294,fine-tuned,"Yellow,Green,Blue"
3295,fine-tuned,"Red,Orange,Orange"
3296,fine-tuned,
3297,fine-tuned,"Blue,Yellow,Red"
3298,fine-tuned,"Red,Blue,Orange"
3299,fine-tuned,"Red,Green,Yellow"
3300,fine-tuned,
3301,fine-tuned,
3302,fine-tuned,
3303,fine-tuned,
3304,fine-tuned,"Red,Blue,Orange"
3305,fine-tuned,"Red,Green,Red"
3306,fine-tuned,
3307,fine-tuned,"Green,Purple,Blue"
3308,fine-tuned,"Red,Green,Blue"
3309,fine-tuned,
3310,fine-tuned,
3311,fine-tuned,
3312,fine-tuned,
3313,fine-tuned,
3314,fine-tuned,
3315,fine-tuned,"Blue,Yellow"
3316,fine-tuned,
3317,fine-tuned,
3318,fine-tuned,
3319,fine-tuned,"Red,Blue,Green"
3320,fine-tuned,
3321,fine-tuned,"Red,Blue,Yellow"
3322,fine-tuned,
3323,fine-tuned,
3324,fine-tuned,
3325,fine-tuned,
3326,fine-tuned,
3327,fine-tuned,
3328,fine-tuned,"Red,Yellow,Purple"
3329,fine-tuned,"Red,Yellow,Blue"
3330,fine-tuned,
3331,fine-tuned,
3332,fine-tuned,"Blue,Green,Yellow"
3333,fine-tuned,
3334,fine-tuned,Red
3335,fine-tuned,"Red,Blue,Blue"
3336,fine-tuned,"Red,Blue"
3337,fine-tuned,"Red,Green,Yellow"
3338,fine-tuned,
3339,fine-tuned,"Blue,Red,Purple"
3340,fine-tuned,
3341,fine-tuned,"Red,Blue,Purple"
3342,fine-tuned,"Yellow,Red,Yellow"
3343,fine-tuned,
3344,fine-tuned,"Red,Red,Green"
3345,fine-tuned,"Red,Purple,Orange"
3346,fine-tuned,
3347,fine-tuned,"Yellow,Red,Green"
3348,fine-tuned,
3349,fine-tuned,"Red,Blue"
3350,fine-tuned,
3351,fine-tuned,
3352,fine-tuned,
3353,fine-tuned,
3354,fine-tuned,
3355,fine-tuned,
3356,fine-tuned,"Red,Blue"
3357,fine-tuned,"Red,Orange,Green"
3358,fine-tuned,"Red,Yellow,Orange"
3359,fine-tuned,
3360,fine-tuned,
3361,fine-tuned,
3362,fine-tuned,
3363,fine-tuned,Red
3364,fine-tuned,"Red,Blue,Orange"
3365,fine-tuned,"Red,Blue,Yellow"
3366,fine-tuned,
3367,fine-tuned,
3368,fine-tuned,
3369,fine-tuned,"Red,Blue"
3370,fine-tuned,
3371,fine-tuned,
3372,fine-tuned,
3373,fine-tuned,
3374,fine-tuned,
3375,fine-tuned,"Blue,Red,Yellow"
3376,fine-tuned,
3377,fine-tuned,
3378,fine-tuned,
3379,fine-tuned,
3380,fine-tuned,
3381,fine-tuned,
3382,fine-tuned,
3383,fine-tuned,
3384,fine-tuned,
3385,fine-tuned,"Red,Blue,Orange"
3386,fine-tuned,"Red,Blue,Green"
3387,fine-tuned,
3388,fine-tuned,"Red,Green,Blue"
3389,fine-tuned,"Red,Blue"
3390,fine-tuned,
3391,fine-tuned,"Red,Blue,Green"
3392,fine-tuned,"Red,Blue,Yellow"
3393,fine-tuned,
3394,fine-tuned,"Green,Yellow,Purple"
3395,fine-tuned,
3396,fine-tuned,
3397,fine-tuned,"Red,Blue,Green"
3398,fine-tuned,"Red,Green,Purple"
3399,fine-tuned,
3400,fine-tuned,
3401,fine-tuned,"Red,Blue"
3402,fine-tuned,"Red,Purple,Yellow"
3403,fine-tuned,
3404,fine-tuned,
3405,fine-tuned,
3406,fine-tuned,
3407,fine-tuned,
3408,fine-tuned,"Red,Orange,Yellow"
3409,fine-tuned,
3410,fine-tuned,
3411,fine-tuned,
3412,fine-tuned,"Red,Purple"
3413,fine-tuned,
3414,fine-tuned,
3415,fine-tuned,
3416,fine-tuned,
3417,fine-tuned,
3418,fine-tuned,"Red,Blue,Blue"
3419,fine-tuned,
3420,fine-tuned,
3421,fine-tuned,"Red,Orange,Red"
3422,fine-tuned,
3423,fine-tuned,"Red,Orange,Blue"
3424,fine-tuned,
3425,fine-tuned,
3426,fine-tuned,"Red,Blue,Orange"
3427,fine-tuned,"Red,Yellow,Blue"
3428,fine-tuned,"Red,Blue,Green"
3429,fine-tuned,
3430,fine-tuned,
3431,fine-tuned,
3432,fine-tuned,"Red,Orange,Blue"
3433,fine-tuned,"Red,Green,Purple"
3434,fine-tuned,
3435,fine-tuned,
3436,fine-tuned,"Blue,Red,Orange"
3437,fine-tuned,"Red,Yellow,Orange"
3438,fine-tuned,
3439,fine-tuned,
3440,fine-tuned,"Red,Red,Blue"
3441,fine-tuned,
3442,fine-tuned,"Red,Orange"
3443,fine-tuned,
3444,fine-tuned,
3445,fine-tuned,
3446,fine-tuned,
3447,fine-tuned,
3448,fine-tuned,
3449,fine-tuned,
3450,fine-tuned,
3451,fine-tuned,"Red,Blue,Green"
3452,fine-tuned,"Red,Blue,Yellow"
3453,fine-tuned,
3454,fine-tuned,
3455,fine-tuned,
3456,fine-tuned,"Green,Green"
3457,fine-tuned,"Green,Blue,Blue"
3458,fine-tuned,"Green,Red,Yellow"
3459,fine-tuned,
3460,fine-tuned,
3461,fine-tuned,"Red,Purple,Yellow"
3462,fine-tuned,
3463,fine-tuned,
3464,fine-tuned,
3465,fine-tuned,
3466,fine-tuned,
3467,fine-tuned,"Red,Blue,Purple"
3468,fine-tuned,
3469,fine-tuned,"Orange,Red,Red"
3470,fine-tuned,
3471,fine-tuned,
3472,fine-tuned,
3473,fine-tuned,
3474,fine-tuned,"Purple,Purple,Purple"
3475,fine-tuned,
3476,fine-tuned,"Red,Blue,Orange"
3477,fine-tuned,
3478,fine-tuned,
3479,fine-tuned,
3480,fine-tuned,
3481,fine-tuned,"Green,Orange,Red"
3482,fine-tuned,
3483,fine-tuned,
3484,fine-tuned,"Red,Green,Purple"
3485,fine-tuned,"Blue,Yellow,Purple"
3486,fine-tuned,"Red,Orange,Blue"
3487,fine-tuned,"Red,Blue"
3488,fine-tuned,
3489,fine-tuned,
3490,fine-tuned,
3491,fine-tuned,
3492,fine-tuned,
3493,fine-tuned,
3494,fine-tuned,
3495,fine-tuned,
3496,fine-tuned,Blue
3497,fine-tuned,
3498,fine-tuned,"Red,Red,Blue"
3499,fine-tuned,Blue
3500,fine-tuned,
3501,fine-tuned,
3502,fine-tuned,
3503,fine-tuned,
3504,fine-tuned,"Blue,Red,Green"
3505,fine-tuned,"Orange,Red,Purple"
3506,fine-tuned,Blue
3507,fine-tuned,
3508,fine-tuned,
3509,fine-tuned,Red
3510,fine-tuned,
3511,fine-tuned,
3512,fine-tuned,
3513,fine-tuned,"Red,Yellow"
3514,fine-tuned,
3515,fine-tuned,
3516,fine-tuned,"Blue,Red,Purple"
3517,fine-tuned,
3518,fine-tuned,
3519,fine-tuned,
3520,fine-tuned,"Red,Green,Purple"
3521,fine-tuned,"Red,Blue"
3522,fine-tuned,"Red,Green"
3523,fine-tuned,
3524,fine-tuned,
3525,fine-tuned,
3526,fine-tuned,
3527,fine-tuned,"Red,Red"
3528,fine-tuned,
3529,fine-tuned,"Red,Green,Orange"
3530,fine-tuned,
3531,fine-tuned,
3532,fine-tuned,
3533,fine-tuned,
3534,fine-tuned,
3535,fine-tuned,"Red,Blue,Orange"
3536,fine-tuned,
3537,fine-tuned,
3538,fine-tuned,"Red,Green"
3539,fine-tuned,"Red,Blue,Yellow"
3540,fine-tuned,"Red,Orange,Purple"
3541,fine-tuned,"Blue,Yellow"
3542,fine-tuned,Yellow
3543,fine-tuned,Yellow
3544,fine-tuned,
3545,fine-tuned,
3546,fine-tuned,
3547,fine-tuned,
3548,fine-tuned,
3549,fine-tuned,
3550,fine-tuned,"Blue,Purple"
3551,fine-tuned,Red
3552,fine-tuned,
3553,fine-tuned,
3554,fine-tuned,"Blue,Red,Yellow"
3555,fine-tuned,
3556,fine-tuned,
3557,fine-tuned,"Purple,Blue,Purple"
3558,fine-tuned,
3559,fine-tuned,
3560,fine-tuned,
3561,fine-tuned,
3562,fine-tuned,"Red,Green,Yellow"
3563,fine-tuned,
3564,fine-tuned,"Blue,Red,Green"
3565,fine-tuned,
3566,fine-tuned,
3567,fine-tuned,"Blue,Yellow,Green"
3568,fine-tuned,
3569,fine-tuned,
3570,fine-tuned,"Red,Green,Green"
3571,fine-tuned,
3572,fine-tuned,"Red,Blue,Green"
3573,fine-tuned,
3574,fine-tuned,
3575,fine-tuned,Green
3576,fine-tuned,
3577,fine-tuned,
3578,fine-tuned,
3579,fine-tuned,"Green,Yellow"
3580,fine-tuned,
3581,fine-tuned,"Red,Blue,Yellow"
3582,fine-tuned,"Red,Blue,Green"
3583,fine-tuned,"Red,Blue,Green"
3584,fine-tuned,"Red,Yellow,Red"
3585,fine-tuned,
3586,fine-tuned,"Red,Blue,Green"
3587,fine-tuned,"Red,Blue,Red"
3588,fine-tuned,Blue
3589,fine-tuned,
3590,fine-tuned,"Red,Blue,Green"
3591,fine-tuned,
3592,fine-tuned,
3593,fine-tuned,
3594,fine-tuned,
3595,fine-tuned,
3596,fine-tuned,
3597,fine-tuned,
3598,fine-tuned,
3599,fine-tuned,"Red,Blue,Green"
3600,fine-tuned,"Red,Blue,Orange"
3601,fine-tuned,
3602,fine-tuned,
3603,fine-tuned,
3604,fine-tuned,
3605,fine-tuned,"Purple,Red,Red"
3606,fine-tuned,
3607,fine-tuned,"Red,Orange,Green"
3608,fine-tuned,
3609,fine-tuned,
3610,fine-tuned,"Red,Blue,Yellow"
3611,fine-tuned,"Blue,Green,Red"
3612,fine-tuned,
3613,fine-tuned,"Red,Green,Blue"
3614,fine-tuned,
3615,fine-tuned,
3616,fine-tuned,"Red,Blue,Green"
3617,fine-tuned,"Red,Blue,Purple"
3618,fine-tuned,
3619,fine-tuned,"Red,Blue,Blue"
3620,fine-tuned,
3621,fine-tuned,Blue
3622,fine-tuned,"Red,Purple,Green"
3623,fine-tuned,
3624,fine-tuned,
3625,fine-tuned,"Green,Orange,Purple"
3626,fine-tuned,
3627,fine-tuned,"Red,Green,Yellow"
3628,fine-tuned,
3629,fine-tuned,
3630,fine-tuned,
3631,fine-tuned,"Red,Red,Green"
3632,fine-tuned,"Green,Green,Blue"
3633,fine-tuned,
3634,fine-tuned,"Red,Purple"
3635,fine-tuned,
3636,fine-tuned,
3637,fine-tuned,
3638,fine-tuned,"Yellow,Red,Blue"
3639,fine-tuned,"Blue,Green,Green"
3640,fine-tuned,"Red,Blue,Green"
3641,fine-tuned,
3642,fine-tuned,
3643,fine-tuned,"Green,Red,Purple"
3644,fine-tuned,
3645,fine-tuned,
3646,fine-tuned,
3647,fine-tuned,"Red,Blue,Orange"
3648,fine-tuned,"Red,Blue,Blue"
3649,fine-tuned,
3650,fine-tuned,
3651,fine-tuned,"Red,Blue,Green"
3652,fine-tuned,
3653,fine-tuned,
3654,fine-tuned,
3655,fine-tuned,"Yellow,Blue,Purple"
3656,fine-tuned,"Green,Red,Purple"
3657,fine-tuned,
3658,fine-tuned,
3659,fine-tuned,"Red,Red,Yellow"
3660,fine-tuned,"Red,Blue,Green"
3661,fine-tuned,
3662,fine-tuned,
3663,fine-tuned,"Green,Yellow,Blue"
3664,fine-tuned,
3665,fine-tuned,
3666,fine-tuned,"Red,Yellow,Blue"
3667,fine-tuned,Red
3668,fine-tuned,"Red,Blue,Red"
3669,fine-tuned,"Red,Blue,Purple"
3670,fine-tuned,
3671,fine-tuned,
3672,fine-tuned,
3673,fine-tuned,
3674,fine-tuned,
3675,fine-tuned,
3676,fine-tuned,
3677,fine-tuned,
3678,fine-tuned,Blue
3679,fine-tuned,"Green,Orange,Red"
3680,fine-tuned,
3681,fine-tuned,
3682,fine-tuned,
3683,fine-tuned,
3684,fine-tuned,"Red,Blue,Green"
3685,fine-tuned,"Red,Yellow,Blue"
3686,fine-tuned,"Red,Blue,Green"
3687,fine-tuned,
3688,fine-tuned,"Red,Blue,Green"
3689,fine-tuned,
3690,fine-tuned,
3691,fine-tuned,"Red,Yellow,Blue"
3692,fine-tuned,
3693,fine-tuned,
3694,fine-tuned,
3695,fine-tuned,
3696,fine-tuned,
3697,fine-tuned,
3698,fine-tuned,
3699,fine-tuned,"Blue,Red,Yellow"
3700,fine-tuned,"Red,Yellow,Orange"
3701,fine-tuned,
3702,fine-tuned,"Red,Blue,Orange"
3703,fine-tuned,"Red,Blue,Green"
3704,fine-tuned,
3705,fine-tuned,
3706,fine-tuned,
3707,fine-tuned,
3708,fine-tuned,
3709,fine-tuned,
3710,fine-tuned,
3711,fine-tuned,
3712,fine-tuned,
3713,fine-tuned,
3714,fine-tuned,
3715,fine-tuned,"Yellow,Green,Red"
3716,fine-tuned,
3717,fine-tuned,
3718,fine-tuned,
3719,fine-tuned,
3720,fine-tuned,"Red,Blue,Orange"
3721,fine-tuned,
3722,fine-tuned,
3723,fine-tuned,
3724,fine-tuned,
3725,fine-tuned,"Red,Orange,Green"
3726,fine-tuned,"Red,Yellow,Green"
3727,fine-tuned,
3728,fine-tuned,
3729,fine-tuned,
3730,fine-tuned,
3731,fine-tuned,
3732,fine-tuned,"Red,Orange,Blue"
3733,fine-tuned,
3734,fine-tuned,
3735,fine-tuned,
3736,fine-tuned,Yellow
3737,fine-tuned,
3738,fine-tuned,
3739,fine-tuned,"Yellow,Blue,Red"
3740,fine-tuned,"Red,Blue,Green"
3741,fine-tuned,"Red,Blue,Yellow"
3742,fine-tuned,"Green,Yellow,Red"
3743,fine-tuned,
3744,fine-tuned,Red
3745,fine-tuned,
3746,fine-tuned,
3747,fine-tuned,
3748,fine-tuned,"Red,Blue,Green"
3749,fine-tuned,Blue
3750,fine-tuned,"Red,Red"
3751,fine-tuned,
3752,fine-tuned,"Purple,Orange,Blue"
3753,fine-tuned,
3754,fine-tuned,
3755,fine-tuned,"Red,Purple,Yellow"
3756,fine-tuned,"Blue,Green,Green"
3757,fine-tuned,
3758,fine-tuned,
3759,fine-tuned,
3760,fine-tuned,
3761,fine-tuned,"Purple,Red,Red"
3762,fine-tuned,"Red,Green,Blue"
3763,fine-tuned,"Red,Blue,Orange"
3764,fine-tuned,
3765,fine-tuned,"Red,Green,Orange"
3766,fine-tuned,"Yellow,Blue,Red"
3767,fine-tuned,
3768,fine-tuned,
3769,fine-tuned,
3770,fine-tuned,
3771,fine-tuned,
3772,fine-tuned,"Red,Purple,Red"
3773,fine-tuned,Yellow
3774,fine-tuned,
3775,fine-tuned,
3776,fine-tuned,
3777,fine-tuned,
3778,fine-tuned,
3779,fine-tuned,
3780,fine-tuned,
3781,fine-tuned,"Red,Blue"
3782,fine-tuned,"Blue,Blue"
3783,fine-tuned,
3784,fine-tuned,"Green,Green,Green"
3785,fine-tuned,"Red,Orange,Green"
3786,fine-tuned,
3787,fine-tuned,
3788,fine-tuned,
3789,fine-tuned,"Red,Yellow,Red"
3790,fine-tuned,
3791,fine-tuned,"Red,Green,Orange"
3792,fine-tuned,"Orange,Purple,Yellow"
3793,fine-tuned,
3794,fine-tuned,
3795,fine-tuned,
3796,fine-tuned,
3797,fine-tuned,"Blue,Red,Purple"
3798,fine-tuned,
3799,fine-tuned,
3800,fine-tuned,"Blue,Red,Orange"
3801,fine-tuned,
3802,fine-tuned,"Yellow,Green"
3803,fine-tuned,"Red,Purple,Orange"
3804,fine-tuned,
3805,fine-tuned,"Red,Blue,Green"
3806,fine-tuned,"Green,Blue,Yellow"
3807,fine-tuned,
3808,fine-tuned,
3809,fine-tuned,
3810,fine-tuned,
3811,fine-tuned,
3812,fine-tuned,"Red,Blue"
3813,fine-tuned,
3814,fine-tuned,"Red,Blue,Yellow"
3815,fine-tuned,"Blue,Red,Purple"
3816,fine-tuned,"Green,Red,Orange"
3817,fine-tuned,
3818,fine-tuned,
3819,fine-tuned,"Blue,Red,Purple"
3820,fine-tuned,"Red,Green"
3821,fine-tuned,"Green,Green,Green"
3822,fine-tuned,
3823,fine-tuned,
3824,fine-tuned,"Red,Blue,Yellow"
3825,fine-tuned,
3826,fine-tuned,
3827,fine-tuned,"Yellow,Blue,Purple"
3828,fine-tuned,
3829,fine-tuned,
3830,fine-tuned,
3831,fine-tuned,
3832,fine-tuned,
3833,fine-tuned,
3834,fine-tuned,"Yellow,Blue,Purple"
3835,fine-tuned,
3836,fine-tuned,
3837,fine-tuned,
3838,fine-tuned,"Purple,Blue,Orange"
3839,fine-tuned,"Blue,Orange,Yellow"
3840,fine-tuned,
3841,fine-tuned,"Blue,Purple,Red"
3842,fine-tuned,Blue
3843,fine-tuned,"Red,Green,Red"
3844,fine-tuned,
3845,fine-tuned,
3846,fine-tuned,
3847,fine-tuned,
3848,fine-tuned,
3849,fine-tuned,
3850,fine-tuned,
3851,fine-tuned,
3852,fine-tuned,
3853,fine-tuned,
3854,fine-tuned,
3855,fine-tuned,
3856,fine-tuned,"Blue,Purple,Blue"
3857,fine-tuned,"Orange,Blue,Yellow"
3858,fine-tuned,
3859,fine-tuned,
3860,fine-tuned,"Red,Red,Yellow"
3861,fine-tuned,"Blue,Red,Purple"
3862,fine-tuned,
3863,fine-tuned,"Blue,Purple"
3864,fine-tuned,
3865,fine-tuned,
3866,fine-tuned,
3867,fine-tuned,
3868,fine-tuned,"Red,Purple,Yellow"
3869,fine-tuned,
3870,fine-tuned,
3871,fine-tuned,"Blue,Green"
3872,fine-tuned,
3873,fine-tuned,
3874,fine-tuned,"Red,Red,Blue"
3875,fine-tuned,
3876,fine-tuned,"Red,Yellow,Orange"
3877,fine-tuned,"Blue,Green,Red"
3878,fine-tuned,
3879,fine-tuned,
3880,fine-tuned,
3881,fine-tuned,
3882,fine-tuned,
3883,fine-tuned,"Red,Yellow"
3884,fine-tuned,
3885,fine-tuned,
3886,fine-tuned,
3887,fine-tuned,
3888,fine-tuned,"Green,Yellow,Yellow"
3889,fine-tuned,
3890,fine-tuned,
3891,fine-tuned,"Orange,Purple,Purple"
3892,fine-tuned,
3893,fine-tuned,"Green,Red,Blue"
3894,fine-tuned,"Green,Blue,Purple"
3895,fine-tuned,"Red,Green,Blue"
3896,fine-tuned,
3897,fine-tuned,"Purple,Red,Yellow"
3898,fine-tuned,
3899,fine-tuned,
3900,fine-tuned,Blue
3901,fine-tuned,
3902,fine-tuned,"Red,Green,Yellow"
3903,fine-tuned,
3904,fine-tuned,
3905,fine-tuned,"Green,Purple,Red"
3906,fine-tuned,
3907,fine-tuned,"Red,Blue,Yellow"
3908,fine-tuned,
3909,fine-tuned,
3910,fine-tuned,Red
3911,fine-tuned,Green
3912,fine-tuned,"Red,Yellow,Green"
3913,fine-tuned,
3914,fine-tuned,
3915,fine-tuned,
3916,fine-tuned,
3917,fine-tuned,
3918,fine-tuned,
3919,fine-tuned,
3920,fine-tuned,
3921,fine-tuned,
3922,fine-tuned,
3923,fine-tuned,
3924,fine-tuned,
3925,fine-tuned,"Green,Red,Red"
3926,fine-tuned,
3927,fine-tuned,"Blue,Purple,Purple"
3928,fine-tuned,"Red,Blue,Yellow"
3929,fine-tuned,
3930,fine-tuned,
3931,fine-tuned,
3932,fine-tuned,"Red,Blue,Green"
3933,fine-tuned,"Red,Red,Green"
3934,fine-tuned,
3935,fine-tuned,
3936,fine-tuned,
3937,fine-tuned,
3938,fine-tuned,Red
3939,fine-tuned,"Red,Blue"
3940,fine-tuned,"Red,Blue"
3941,fine-tuned,"Red,Blue,Green"
3942,fine-tuned,
3943,fine-tuned,Orange
3944,fine-tuned,
3945,fine-tuned,"Red,Red,Yellow"
3946,fine-tuned,
3947,fine-tuned,
3948,fine-tuned,"Green,Red,Yellow"
3949,fine-tuned,"Red,Blue,Green"
3950,fine-tuned,
3951,fine-tuned,"Red,Blue,Blue"
3952,fine-tuned,
3953,fine-tuned,
3954,fine-tuned,
3955,fine-tuned,
3956,fine-tuned,
3957,fine-tuned,"Blue,Green,Green"
3958,fine-tuned,"Red,Blue,Blue"
3959,fine-tuned,"Blue,Red,Green"
3960,fine-tuned,
3961,fine-tuned,
3962,fine-tuned,
3963,fine-tuned,"Red,Blue,Green"
3964,fine-tuned,
3965,fine-tuned,"Green,Orange,Yellow"
3966,fine-tuned,"Purple,Blue,Green"
3967,fine-tuned,
3968,fine-tuned,
3969,fine-tuned,"Yellow,Red,Purple"
3970,fine-tuned,"Yellow,Orange,Green"
3971,fine-tuned,Orange
3972,fine-tuned,"Red,Yellow,Purple"
3973,fine-tuned,
3974,fine-tuned,
3975,fine-tuned,
3976,fine-tuned,
3977,fine-tuned,"Red,Purple,Green"
3978,fine-tuned,
3979,fine-tuned,
3980,fine-tuned,
3981,fine-tuned,"Red,Blue,Yellow"
3982,fine-tuned,
3983,fine-tuned,"Blue,Green,Yellow"
3984,fine-tuned,"Red,Blue,Green"
3985,fine-tuned,
3986,fine-tuned,
3987,fine-tuned,"Red,Orange,Red"
3988,fine-tuned,
3989,fine-tuned,
3990,fine-tuned,"Red,Blue,Red"
3991,fine-tuned,
3992,fine-tuned,
3993,fine-tuned,
3994,fine-tuned,"Blue,Green"
3995,fine-tuned,
3996,fine-tuned,
3997,fine-tuned,
3998,fine-tuned,"Purple,Red,Orange"
3999,fine-tuned,
4000,fine-tuned,"Red,Green,Blue"
4001,fine-tuned,"Blue,Red,Red"
4002,fine-tuned,
4003,fine-tuned,
4004,fine-tuned,
4005,fine-tuned,
4006,fine-tuned,
4007,fine-tuned,
4008,fine-tuned,
4009,fine-tuned,
4010,fine-tuned,"Green,Blue,Red"
4011,fine-tuned,"Blue,Yellow,Blue"
4012,fine-tuned,Purple
4013,fine-tuned,"Red,Blue,Green"
4014,fine-tuned,
4015,fine-tuned,
4016,fine-tuned,
4017,fine-tuned,
4018,fine-tuned,"Green,Orange,Green"
4019,fine-tuned,
4020,fine-tuned,
4021,fine-tuned,"Red,Green,Blue"
4022,fine-tuned,
4023,fine-tuned,Red
4024,fine-tuned,
4025,fine-tuned,
4026,fine-tuned,
4027,fine-tuned,
4028,fine-tuned,
4029,fine-tuned,"Red,Purple"
4030,fine-tuned,"Red,Purple,Green"
4031,fine-tuned,
4032,fine-tuned,
4033,fine-tuned,"Red,Blue,Yellow"
4034,fine-tuned,
4035,fine-tuned,
4036,fine-tuned,"Red,Red,Red"
4037,fine-tuned,"Red,Red,Green"
4038,fine-tuned,
4039,fine-tuned,"Blue,Green,Orange"
4040,fine-tuned,"Green,Red,Blue"
4041,fine-tuned,
4042,fine-tuned,
4043,fine-tuned,
4044,fine-tuned,
4045,fine-tuned,
4046,fine-tuned,"Red,Yellow,Purple"
4047,fine-tuned,"Red,Yellow,Purple"
4048,fine-tuned,
4049,fine-tuned,
4050,fine-tuned,"Blue,Purple,Green"
4051,fine-tuned,
4052,fine-tuned,
4053,fine-tuned,
4054,fine-tuned,
4055,fine-tuned,
4056,fine-tuned,"Red,Blue,Red"
4057,fine-tuned,
4058,fine-tuned,Red
4059,fine-tuned,
4060,fine-tuned,
4061,fine-tuned,
4062,fine-tuned,"Red,Blue,Yellow"
4063,fine-tuned,
4064,fine-tuned,
4065,fine-tuned,
4066,fine-tuned,"Red,Yellow,Green"
4067,fine-tuned,
4068,fine-tuned,"Red,Blue,Green"
4069,fine-tuned,
4070,fine-tuned,
4071,fine-tuned,
4072,fine-tuned,Red
4073,fine-tuned,
4074,fine-tuned,"Green,Purple,Purple"
4075,fine-tuned,
4076,fine-tuned,
4077,fine-tuned,"Red,Green,Red"
4078,fine-tuned,"Red,Orange,Purple"
4079,fine-tuned,
4080,fine-tuned,"Red,Red,Red"
4081,fine-tuned,
4082,fine-tuned,"Red,Blue,Green"
4083,fine-tuned,"Red,Red,Blue"
4084,fine-tuned,
4085,fine-tuned,
4086,fine-tuned,
4087,fine-tuned,
4088,fine-tuned,"Blue,Yellow,Red"
4089,fine-tuned,
4090,fine-tuned,"Red,Blue,Purple"
4091,fine-tuned,
4092,fine-tuned,"Red,Green"
4093,fine-tuned,"Red,Blue,Purple"
4094,fine-tuned,
4095,fine-tuned,"Red,Blue,Orange"
4096,fine-tuned,"Blue,Red,Yellow"
4097,fine-tuned,"Red,Blue,Green"
4098,fine-tuned,"Red,Orange,Blue"
4099,fine-tuned,
4100,fine-tuned,
4101,fine-tuned,
4102,fine-tuned,
4103,fine-tuned,"Orange,Purple,Purple"
4104,fine-tuned,
4105,fine-tuned,
4106,fine-tuned,
4107,fine-tuned,
4108,fine-tuned,"Red,Green,Blue"
4109,fine-tuned,"Red,Blue"
4110,fine-tuned,
4111,fine-tuned,"Red,Blue,Green"
4112,fine-tuned,"Purple,Green,Red"
4113,fine-tuned,Red
4114,fine-tuned,
4115,fine-tuned,"Blue,Green,Yellow"
4116,fine-tuned,
4117,fine-tuned,
4118,fine-tuned,"Green,Green"
4119,fine-tuned,"Red,Blue,Orange"
4120,fine-tuned,
4121,fine-tuned,"Orange,Blue,Yellow"
4122,fine-tuned,"Red,Green,Blue"
4123,fine-tuned,
4124,fine-tuned,
4125,fine-tuned,
4126,fine-tuned,
4127,fine-tuned,"Purple,Green,Green"
4128,fine-tuned,"Red,Blue,Blue"
4129,fine-tuned,
4130,fine-tuned,"Blue,Blue,Yellow"
4131,fine-tuned,
4132,fine-tuned,
4133,fine-tuned,"Red,Blue,Red"
4134,fine-tuned,
4135,fine-tuned,"Red,Blue,Green"
4136,fine-tuned,"Red,Green,Orange"
4137,fine-tuned,
4138,fine-tuned,
4139,fine-tuned,
4140,fine-tuned,
4141,fine-tuned,"Blue,Orange"
4142,fine-tuned,
4143,fine-tuned,
4144,fine-tuned,
4145,fine-tuned,
4146,fine-tuned,
4147,fine-tuned,
4148,fine-tuned,
4149,fine-tuned,"Red,Orange,Orange"
4150,fine-tuned,"Red,Green,Yellow"
4151,fine-tuned,"Red,Yellow,Green"
4152,fine-tuned,
4153,fine-tuned,
4154,fine-tuned,"Red,Blue,Green"
4155,fine-tuned,"Red,Orange,Purple"
4156,fine-tuned,"Red,Blue,Orange"
4157,fine-tuned,
4158,fine-tuned,"Green,Yellow,Green"
4159,fine-tuned,
4160,fine-tuned,
4161,fine-tuned,
4162,fine-tuned,
4163,fine-tuned,
4164,fine-tuned,
4165,fine-tuned,"Red,Blue,Green"
4166,fine-tuned,"Red,Blue,Yellow"
4167,fine-tuned,"Red,Yellow,Orange"
4168,fine-tuned,
4169,fine-tuned,"Red,Blue,Purple"
4170,fine-tuned,
4171,fine-tuned,
4172,fine-tuned,"Orange,Purple,Blue"
4173,fine-tuned,
4174,fine-tuned,
4175,fine-tuned,"Red,Blue"
4176,fine-tuned,"Red,Purple,Yellow"
4177,fine-tuned,
4178,fine-tuned,"Red,Blue,Purple"
4179,fine-tuned,
4180,fine-tuned,
4181,fine-tuned,
4182,fine-tuned,"Red,Blue,Purple"
4183,fine-tuned,"Blue,Red,Purple"
4184,fine-tuned,
4185,fine-tuned,
4186,fine-tuned,"Red,Blue"
4187,fine-tuned,
4188,fine-tuned,
4189,fine-tuned,"Red,Yellow,Green"
4190,fine-tuned,"Red,Orange"
4191,fine-tuned,"Red,Red"
4192,fine-tuned,
4193,fine-tuned,
4194,fine-tuned,
4195,fine-tuned,"Red,Green,Orange"
4196,fine-tuned,"Red,Green,Yellow"
4197,fine-tuned,
4198,fine-tuned,"Red,Yellow,Purple"
4199,fine-tuned,"Red,Green,Orange"
4200,fine-tuned,"Red,Blue,Yellow"
4201,fine-tuned,"Red,Blue,Orange"
4202,fine-tuned,
4203,fine-tuned,
4204,fine-tuned,"Orange,Yellow,Green"
4205,fine-tuned,"Red,Red,Blue"
4206,fine-tuned,"Red,Blue,Orange"
4207,fine-tuned,"Red,Blue,Yellow"
4208,fine-tuned,
4209,fine-tuned,
4210,fine-tuned,
4211,fine-tuned,
4212,fine-tuned,
4213,fine-tuned,"Red,Green,Purple"
4214,fine-tuned,"Red,Blue,Green"
4215,fine-tuned,"Blue,Green,Yellow"
4216,fine-tuned,
4217,fine-tuned,"Red,Blue,Yellow"
4218,fine-tuned,
4219,fine-tuned,
4220,fine-tuned,
4221,fine-tuned,"Yellow,Orange,Green"
4222,fine-tuned,
4223,fine-tuned,
4224,fine-tuned,
4225,fine-tuned,"Yellow,Red,Green"
4226,fine-tuned,Red
4227,fine-tuned,
4228,fine-tuned,
4229,fine-tuned,"Red,Blue,Orange"
4230,fine-tuned,Purple
4231,fine-tuned,
4232,fine-tuned,
4233,fine-tuned,
4234,fine-tuned,
4235,fine-tuned,"Red,Blue"
4236,fine-tuned,Green
4237,fine-tuned,"Yellow,Orange,Red"
4238,fine-tuned,"Red,Blue,Green"
4239,fine-tuned,
4240,fine-tuned,
4241,fine-tuned,
4242,fine-tuned,"Red,Blue,Red"
4243,fine-tuned,
4244,fine-tuned,
4245,fine-tuned,
4246,fine-tuned,
4247,fine-tuned,
4248,fine-tuned,
4249,fine-tuned,
4250,fine-tuned,
4251,fine-tuned,"Red,Purple"
4252,fine-tuned,
4253,fine-tuned,"Red,Yellow,Blue"
4254,fine-tuned,"Red,Orange,Yellow"
4255,fine-tuned,
4256,fine-tuned,
4257,fine-tuned,"Orange,Purple,Red"
4258,fine-tuned,
4259,fine-tuned,
4260,fine-tuned,
4261,fine-tuned,"Red,Blue,Red"
4262,fine-tuned,
4263,fine-tuned,
4264,fine-tuned,
4265,fine-tuned,"Red,Green,Yellow"
4266,fine-tuned,
4267,fine-tuned,"Red,Blue,Yellow"
4268,fine-tuned,
4269,fine-tuned,
4270,fine-tuned,
4271,fine-tuned,
4272,fine-tuned,"Blue,Orange,Red"
4273,fine-tuned,
4274,fine-tuned,
4275,fine-tuned,
4276,fine-tuned,"Red,Blue,Green"
4277,fine-tuned,
4278,fine-tuned,
4279,fine-tuned,
4280,fine-tuned,"Red,Green,Purple"
4281,fine-tuned,
4282,fine-tuned,
4283,fine-tuned,"Red,Yellow,Red"
4284,fine-tuned,
4285,fine-tuned,
4286,fine-tuned,"Blue,Blue"
4287,fine-tuned,
4288,fine-tuned,"Red,Orange,Yellow"
4289,fine-tuned,
4290,fine-tuned,"Green,Red,Red"
4291,fine-tuned,
4292,fine-tuned,
4293,fine-tuned,"Green,Orange,Purple"
4294,fine-tuned,"Red,Blue,Orange"
4295,fine-tuned,
4296,fine-tuned,
4297,fine-tuned,
4298,fine-tuned,
4299,fine-tuned,
4300,fine-tuned,
4301,fine-tuned,"Red,Blue,Green"
4302,fine-tuned,Orange
4303,fine-tuned,
4304,fine-tuned,
4305,fine-tuned,"Red,Green,Yellow"
4306,fine-tuned,"Red,Green,Orange"
4307,fine-tuned,
4308,fine-tuned,
4309,fine-tuned,
4310,fine-tuned,
4311,fine-tuned,"Red,Blue,Blue"
4312,fine-tuned,
4313,fine-tuned,
4314,fine-tuned,
4315,fine-tuned,"Red,Blue,Green"
4316,fine-tuned,
4317,fine-tuned,
4318,fine-tuned,"Green,Yellow,Red"
4319,fine-tuned,
4320,fine-tuned,
4321,fine-tuned,
4322,fine-tuned,
4323,fine-tuned,
4324,fine-tuned,"Red,Yellow,Orange"
4325,fine-tuned,"Purple,Yellow,Orange"
4326,fine-tuned,
4327,fine-tuned,"Red,Purple,Yellow"
4328,fine-tuned,
4329,fine-tuned,
4330,fine-tuned,Orange
4331,fine-tuned,
4332,fine-tuned,
4333,fine-tuned,
4334,fine-tuned,
4335,fine-tuned,"Red,Yellow,Blue"
4336,fine-tuned,
4337,fine-tuned,Red
4338,fine-tuned,
4339,fine-tuned,"Red,Green,Blue"
4340,fine-tuned,"Red,Yellow,Blue"
4341,fine-tuned,"Red,Blue,Orange"
4342,fine-tuned,
4343,fine-tuned,
4344,fine-tuned,
4345,fine-tuned,"Red,Yellow,Orange"
4346,fine-tuned,
4347,fine-tuned,
4348,fine-tuned,Red
4349,fine-tuned,
4350,fine-tuned,
4351,fine-tuned,
4352,fine-tuned,
4353,fine-tuned,"Red,Blue,Orange"
4354,fine-tuned,
4355,fine-tuned,
4356,fine-tuned,"Red,Blue,Green"
4357,fine-tuned,
4358,fine-tuned,
4359,fine-tuned,
4360,fine-tuned,Red
4361,fine-tuned,"Red,Orange,Green"
4362,fine-tuned,
4363,fine-tuned,"Green,Purple,Green"
4364,fine-tuned,"Red,Green,Blue"
4365,fine-tuned,Red
4366,fine-tuned,
4367,fine-tuned,"Red,Blue,Blue"
4368,fine-tuned,"Blue,Red,Green"
4369,fine-tuned,
4370,fine-tuned,
4371,fine-tuned,"Red,Blue,Purple"
4372,fine-tuned,
4373,fine-tuned,
4374,fine-tuned,
4375,fine-tuned,
4376,fine-tuned,
4377,fine-tuned,
4378,fine-tuned,
4379,fine-tuned,"Yellow,Orange,Red"
4380,fine-tuned,
4381,fine-tuned,"Red,Blue,Green"
4382,fine-tuned,"Blue,Purple,Orange"
4383,fine-tuned,
4384,fine-tuned,"Blue,Yellow,Purple"
4385,fine-tuned,
4386,fine-tuned,"Blue,Red,Purple"
4387,fine-tuned,
4388,fine-tuned,"Red,Blue,Yellow"
4389,fine-tuned,"Yellow,Green,Red"
4390,fine-tuned,
4391,fine-tuned,"Red,Blue,Orange"
4392,fine-tuned,
4393,fine-tuned,"Red,Blue,Green"
4394,fine-tuned,
4395,fine-tuned,"Red,Green,Purple"
4396,fine-tuned,
4397,fine-tuned,
4398,fine-tuned,
4399,fine-tuned,
4400,fine-tuned,
4401,fine-tuned,
4402,fine-tuned,
4403,fine-tuned,
4404,fine-tuned,
4405,fine-tuned,"Orange,Yellow,Purple"
4406,fine-tuned,
4407,fine-tuned,
4408,fine-tuned,
4409,fine-tuned,
4410,fine-tuned,
4411,fine-tuned,
4412,fine-tuned,
4413,fine-tuned,Green
4414,fine-tuned,
4415,fine-tuned,"Red,Orange,Green"
4416,fine-tuned,"Red,Orange,Purple"
4417,fine-tuned,"Red,Blue,Yellow"
4418,fine-tuned,
4419,fine-tuned,"Red,Blue,Green"
4420,fine-tuned,
4421,fine-tuned,
4422,fine-tuned,"Red,Blue,Orange"
4423,fine-tuned,
4424,fine-tuned,"Blue,Red,Green"
4425,fine-tuned,
4426,fine-tuned,
4427,fine-tuned,
4428,fine-tuned,"Red,Orange,Blue"
4429,fine-tuned,
4430,fine-tuned,"Yellow,Purple,Orange"
4431,fine-tuned,"Red,Blue,Green"
4432,fine-tuned,
4433,fine-tuned,
4434,fine-tuned,
4435,fine-tuned,"Red,Blue,Green"
4436,fine-tuned,"Red,Blue,Yellow"
4437,fine-tuned,"Red,Green,Orange"
4438,fine-tuned,"Red,Red,Blue"
4439,fine-tuned,
4440,fine-tuned,"Yellow,Green,Red"
4441,fine-tuned,
4442,fine-tuned,"Red,Blue,Green"
4443,fine-tuned,"Red,Orange"
4444,fine-tuned,
4445,fine-tuned,Red
4446,fine-tuned,"Red,Blue,Red"
4447,fine-tuned,
4448,fine-tuned,"Red,Yellow,Purple"
4449,fine-tuned,"Blue,Green,Yellow"
4450,fine-tuned,
4451,fine-tuned,
4452,fine-tuned,
4453,fine-tuned,"Red,Blue,Green"
4454,fine-tuned,"Red,Green,Blue"
4455,fine-tuned,"Red,Blue,Green"
4456,fine-tuned,Yellow
4457,fine-tuned,"Red,Orange"
4458,fine-tuned,"Red,Green,Yellow"
4459,fine-tuned,
4460,fine-tuned,"Blue,Red"
4461,fine-tuned,
4462,fine-tuned,"Red,Green,Blue"
4463,fine-tuned,"Red,Blue,Yellow"
4464,fine-tuned,
4465,fine-tuned,
4466,fine-tuned,"Red,Green"
4467,fine-tuned,
4468,fine-tuned,"Red,Blue,Green"
4469,fine-tuned,"Red,Blue,Green"
4470,fine-tuned,
4471,fine-tuned,"Red,Blue,Yellow"
4472,fine-tuned,"Green,Red,Orange"
4473,fine-tuned,
4474,fine-tuned,"Red,Orange,Yellow"
4475,fine-tuned,"Red,Green,Yellow"
4476,fine-tuned,
4477,fine-tuned,"Red,Blue,Green"
4478,fine-tuned,
4479,fine-tuned,
4480,fine-tuned,
4481,fine-tuned,"Red,Blue,Green"
4482,fine-tuned,
4483,fine-tuned,"Purple,Green,Orange"
4484,fine-tuned,
4485,fine-tuned,
4486,fine-tuned,
4487,fine-tuned,"Blue,Yellow,Orange"
4488,fine-tuned,Red
4489,fine-tuned,
4490,fine-tuned,"Green,Yellow,Orange"
4491,fine-tuned,"Red,Green,Yellow"
4492,fine-tuned,"Red,Blue"
4493,fine-tuned,
4494,fine-tuned,
4495,fine-tuned,"Red,Red,Blue"
4496,fine-tuned,
4497,fine-tuned,
4498,fine-tuned,
4499,fine-tuned,"Red,Green,Yellow"
4500,fine-tuned,
4501,fine-tuned,
4502,fine-tuned,"Blue,Green,Yellow"
4503,fine-tuned,"Blue,Green,Purple"
4504,fine-tuned,"Yellow,Yellow,Purple"
4505,fine-tuned,"Green,Red,Purple"
4506,fine-tuned,"Red,Blue,Green"
4507,fine-tuned,"Yellow,Green,Blue"
4508,fine-tuned,
4509,fine-tuned,
4510,fine-tuned,
4511,fine-tuned,"Red,Green,Yellow"
4512,fine-tuned,"Red,Blue,Yellow"
4513,fine-tuned,
4514,fine-tuned,
4515,fine-tuned,"Red,Blue,Red"
4516,fine-tuned,
4517,fine-tuned,
4518,fine-tuned,
4519,fine-tuned,"Red,Blue,Green"
4520,fine-tuned,"Red,Orange,Green"
4521,fine-tuned,"Purple,Green,Yellow"
4522,fine-tuned,"Orange,Red,Blue"
4523,fine-tuned,
4524,fine-tuned,
4525,fine-tuned,
4526,fine-tuned,"Red,Green,Purple"
4527,fine-tuned,"Red,Blue,Red"
4528,fine-tuned,"Red,Blue,Green"
4529,fine-tuned,"Red,Green,Green"
4530,fine-tuned,"Red,Blue,Red"
4531,fine-tuned,"Green,Green,Yellow"
4532,fine-tuned,
4533,fine-tuned,
4534,fine-tuned,"Red,Orange,Green"
4535,fine-tuned,
4536,fine-tuned,
4537,fine-tuned,"Red,Green,Yellow"
4538,fine-tuned,
4539,fine-tuned,
4540,fine-tuned,Red
4541,fine-tuned,"Red,Green,Purple"
4542,fine-tuned,
4543,fine-tuned,Green
4544,fine-tuned,"Red,Blue,Green"
4545,fine-tuned,
4546,fine-tuned,"Red,Green"
4547,fine-tuned,
4548,fine-tuned,"Red,Red,Yellow"
4549,fine-tuned,"Orange,Green"
4550,fine-tuned,
4551,fine-tuned,
4552,fine-tuned,
4553,fine-tuned,"Red,Blue,Yellow"
4554,fine-tuned,
4555,fine-tuned,
4556,fine-tuned,
4557,fine-tuned,
4558,fine-tuned,
4559,fine-tuned,
4560,fine-tuned,
4561,fine-tuned,"Yellow,Purple,Orange"
4562,fine-tuned,
4563,fine-tuned,"Red,Blue,Green"
4564,fine-tuned,
4565,fine-tuned,"Red,Blue,Purple"
4566,fine-tuned,"Purple,Orange,Blue"
4567,fine-tuned,"Yellow,Orange,Purple"
4568,fine-tuned,
4569,fine-tuned,"Green,Blue,Red"
4570,fine-tuned,Red
4571,fine-tuned,
4572,fine-tuned,
4573,fine-tuned,
4574,fine-tuned,"Green,Blue,Purple"
4575,fine-tuned,"Blue,Yellow"
4576,fine-tuned,Green
4577,fine-tuned,
4578,fine-tuned,
4579,fine-tuned,Blue
4580,fine-tuned,
4581,fine-tuned,
4582,fine-tuned,"Green,Yellow,Red"
4583,fine-tuned,
4584,fine-tuned,"Red,Red,Red"
4585,fine-tuned,"Red,Blue,Blue"
4586,fine-tuned,
4587,fine-tuned,
4588,fine-tuned,"Red,Red,Blue"
4589,fine-tuned,
4590,fine-tuned,
4591,fine-tuned,"Red,Green,Yellow"
4592,fine-tuned,
4593,fine-tuned,"Red,Green,Purple"
4594,fine-tuned,
4595,fine-tuned,
4596,fine-tuned,
4597,fine-tuned,"Yellow,Blue,Purple"
4598,fine-tuned,
4599,fine-tuned,
4600,fine-tuned,"Red,Orange,Red"
4601,fine-tuned,"Yellow,Orange,Purple"
4602,fine-tuned,
4603,fine-tuned,"Blue,Red,Yellow"
4604,fine-tuned,
4605,fine-tuned,Blue
4606,fine-tuned,
4607,fine-tuned,"Yellow,Purple,Red"
4608,fine-tuned,
4609,fine-tuned,
4610,fine-tuned,
4611,fine-tuned,"Red,Red,Blue"
4612,fine-tuned,
4613,fine-tuned,
4614,fine-tuned,
4615,fine-tuned,
4616,fine-tuned,
4617,fine-tuned,
4618,fine-tuned,Red
4619,fine-tuned,"Red,Green,Orange"
4620,fine-tuned,
4621,fine-tuned,
4622,fine-tuned,
4623,fine-tuned,"Red,Green,Green"
4624,fine-tuned,"Red,Blue"
4625,fine-tuned,
4626,fine-tuned,
4627,fine-tuned,
4628,fine-tuned,
4629,fine-tuned,"Red,Green,Blue"
4630,fine-tuned,
4631,fine-tuned,"Red,Orange,Purple"
4632,fine-tuned,
4633,fine-tuned,
4634,fine-tuned,"Red,Blue,Orange"
4635,fine-tuned,
4636,fine-tuned,
4637,fine-tuned,"Red,Blue,Green"
4638,fine-tuned,"Red,Blue,Yellow"
4639,fine-tuned,
4640,fine-tuned,
4641,fine-tuned,"Blue,Yellow,Orange"
4642,fine-tuned,Red
4643,fine-tuned,
4644,fine-tuned,"Green,Red,Blue"
4645,fine-tuned,
4646,fine-tuned,
4647,fine-tuned,"Red,Blue,Green"
4648,fine-tuned,
4649,fine-tuned,
4650,fine-tuned,"Red,Blue"
4651,fine-tuned,
4652,fine-tuned,"Red,Purple,Blue"
4653,fine-tuned,
4654,fine-tuned,
4655,fine-tuned,"Orange,Green"
4656,fine-tuned,
4657,fine-tuned,"Red,Blue,Green"
4658,fine-tuned,"Red,Blue,Yellow"
4659,fine-tuned,
4660,fine-tuned,"Blue,Red,Red"
4661,fine-tuned,
4662,fine-tuned,
4663,fine-tuned,
4664,fine-tuned,"Red,Orange,Green"
4665,fine-tuned,
4666,fine-tuned,
4667,fine-tuned,
4668,fine-tuned,"Green,Red,Orange"
4669,fine-tuned,
4670,fine-tuned,"Orange,Green"
4671,fine-tuned,
4672,fine-tuned,"Red,Green,Orange"
4673,fine-tuned,
4674,fine-tuned,
4675,fine-tuned,
4676,fine-tuned,
4677,fine-tuned,"Red,Blue,Green"
4678,fine-tuned,"Red,Blue,Green"
4679,fine-tuned,Green
4680,fine-tuned,
4681,fine-tuned,"Green,Orange,Yellow"
4682,fine-tuned,"Red,Blue"
4683,fine-tuned,
4684,fine-tuned,
4685,fine-tuned,
4686,fine-tuned,"Red,Blue,Blue"
4687,fine-tuned,
4688,fine-tuned,
4689,fine-tuned,"Red,Red,Green"
4690,fine-tuned,
4691,fine-tuned,"Red,Blue,Green"
4692,fine-tuned,
4693,fine-tuned,
4694,fine-tuned,"Yellow,Red"
4695,fine-tuned,"Blue,Red,Yellow"
4696,fine-tuned,
4697,fine-tuned,
4698,fine-tuned,"Red,Green,Blue"
4699,fine-tuned,"Red,Green,Yellow"
4700,fine-tuned,
4701,fine-tuned,
4702,fine-tuned,
4703,fine-tuned,Red
4704,fine-tuned,"Red,Red,Green"
4705,fine-tuned,"Red,Blue,Green"
4706,fine-tuned,"Red,Yellow,Blue"
4707,fine-tuned,
4708,fine-tuned,
4709,fine-tuned,"Red,Yellow,Orange"
4710,fine-tuned,
4711,fine-tuned,"Red,Blue,Yellow"
4712,fine-tuned,"Red,Green,Blue"
4713,fine-tuned,
4714,fine-tuned,
4715,fine-tuned,"Red,Red,Red"
4716,fine-tuned,"Red,Blue,Green"
4717,fine-tuned,"Blue,Green,Red"
4718,fine-tuned,
4719,fine-tuned,
4720,fine-tuned,
4721,fine-tuned,
4722,fine-tuned,"Blue,Blue,Blue"
4723,fine-tuned,"Red,Blue,Green"
4724,fine-tuned,"Purple,Green,Red"
4725,fine-tuned,"Green,Yellow,Blue"
4726,fine-tuned,"Red,Blue,Green"
4727,fine-tuned,
4728,fine-tuned,
4729,fine-tuned,
4730,fine-tuned,
4731,fine-tuned,
4732,fine-tuned,"Purple,Green,Blue"
4733,fine-tuned,
4734,fine-tuned,
4735,fine-tuned,
4736,fine-tuned,"Blue,Red,Yellow"
4737,fine-tuned,
4738,fine-tuned,"Blue,Green,Green"
4739,fine-tuned,
4740,fine-tuned,"Green,Purple,Yellow"
4741,fine-tuned,
4742,fine-tuned,"Red,Blue,Orange"
4743,fine-tuned,
4744,fine-tuned,"Blue,Yellow,Orange"
4745,fine-tuned,
4746,fine-tuned,
4747,fine-tuned,"Red,Green,Yellow"
4748,fine-tuned,
4749,fine-tuned,"Red,Blue,Red"
4750,fine-tuned,"Blue,Green,Purple"
4751,fine-tuned,
4752,fine-tuned,
4753,fine-tuned,
4754,fine-tuned,
4755,fine-tuned,
4756,fine-tuned,
4757,fine-tuned,"Red,Green,Blue"
4758,fine-tuned,
4759,fine-tuned,
4760,fine-tuned,
4761,fine-tuned,
4762,fine-tuned,"Blue,Green"
4763,fine-tuned,
4764,fine-tuned,
4765,fine-tuned,
4766,fine-tuned,"Blue,Red,Red"
4767,fine-tuned,
4768,fine-tuned,"Red,Blue,Green"
4769,fine-tuned,
4770,fine-tuned,
4771,fine-tuned,
4772,fine-tuned,
4773,fine-tuned,
4774,fine-tuned,
4775,fine-tuned,"Blue,Green,Orange"
4776,fine-tuned,
4777,fine-tuned,"Red,Orange,Blue"
4778,fine-tuned,
4779,fine-tuned,
4780,fine-tuned,
4781,fine-tuned,
4782,fine-tuned,
4783,fine-tuned,
4784,fine-tuned,
4785,fine-tuned,
4786,fine-tuned,"Red,Blue,Green"
4787,fine-tuned,
4788,fine-tuned,"Red,Green,Blue"
4789,fine-tuned,
4790,fine-tuned,
4791,fine-tuned,"Red,Orange,Red"
4792,fine-tuned,
4793,fine-tuned,"Red,Blue,Green"
4794,fine-tuned,"Orange,Green,Blue"
4795,fine-tuned,"Red,Blue,Purple"
4796,fine-tuned,
4797,fine-tuned,
4798,fine-tuned,
4799,fine-tuned,
4800,fine-tuned,"Blue,Red,Yellow"
4801,fine-tuned,
4802,fine-tuned,Purple
4803,fine-tuned,"Red,Purple,Green"
4804,fine-tuned,
4805,fine-tuned,"Red,Blue,Green"
4806,fine-tuned,
4807,fine-tuned,"Red,Blue,Purple"
4808,fine-tuned,"Red,Green,Green"
4809,fine-tuned,
4810,fine-tuned,
4811,fine-tuned,Blue
4812,fine-tuned,
4813,fine-tuned,
4814,fine-tuned,
4815,fine-tuned,
4816,fine-tuned,
4817,fine-tuned,"Red,Yellow"
4818,fine-tuned,
4819,fine-tuned,"Red,Blue,Green"
4820,fine-tuned,
4821,fine-tuned,"Red,Blue"
4822,fine-tuned,
4823,fine-tuned,
4824,fine-tuned,Red
4825,fine-tuned,
4826,fine-tuned,
4827,fine-tuned,
4828,fine-tuned,"Red,Red,Red"
4829,fine-tuned,"Red,Green,Purple"
4830,fine-tuned,"Red,Blue,Green"
4831,fine-tuned,"Red,Green,Yellow"
4832,fine-tuned,
4833,fine-tuned,
4834,fine-tuned,"Red,Green,Blue"
4835,fine-tuned,
4836,fine-tuned,"Red,Yellow,Orange"
4837,fine-tuned,Yellow
4838,fine-tuned,"Red,Blue,Yellow"
4839,fine-tuned,"Blue,Red,Orange"
4840,fine-tuned,
4841,fine-tuned,"Yellow,Blue,Purple"
4842,fine-tuned,
4843,fine-tuned,
4844,fine-tuned,"Red,Blue,Purple"
4845,fine-tuned,
4846,fine-tuned,
4847,fine-tuned,"Blue,Blue,Red"
4848,fine-tuned,
4849,fine-tuned,
4850,fine-tuned,
4851,fine-tuned,"Red,Blue"
4852,fine-tuned,"Red,Green,Purple"
4853,fine-tuned,"Red,Yellow,Purple"
4854,fine-tuned,
4855,fine-tuned,
4856,fine-tuned,
4857,fine-tuned,
4858,fine-tuned,"Red,Blue,Purple"
4859,fine-tuned,
4860,fine-tuned,
4861,fine-tuned,
4862,fine-tuned,
4863,fine-tuned,Red
4864,fine-tuned,
4865,fine-tuned,
4866,fine-tuned,
4867,fine-tuned,
4868,fine-tuned,
4869,fine-tuned,
4870,fine-tuned,
4871,fine-tuned,
4872,fine-tuned,"Red,Blue,Green"
4873,fine-tuned,"Orange,Purple"
4874,fine-tuned,"Red,Yellow,Orange"
4875,fine-tuned,"Red,Blue,Green"
4876,fine-tuned,"Red,Red,Red"
4877,fine-tuned,
4878,fine-tuned,"Red,Blue,Yellow"
4879,fine-tuned,
4880,fine-tuned,
4881,fine-tuned,
4882,fine-tuned,
4883,fine-tuned,
4884,fine-tuned,"Red,Blue"
4885,fine-tuned,"Purple,Red,Green"
4886,fine-tuned,"Red,Red,Red"
4887,fine-tuned,
4888,fine-tuned,
4889,fine-tuned,
4890,fine-tuned,
4891,fine-tuned,
4892,fine-tuned,"Red,Purple,Green"
4893,fine-tuned,"Red,Blue,Green"
4894,fine-tuned,
4895,fine-tuned,
4896,fine-tuned,
4897,fine-tuned,
4898,fine-tuned,
4899,fine-tuned,
4900,fine-tuned,
4901,fine-tuned,
4902,fine-tuned,
4903,fine-tuned,
4904,fine-tuned,
4905,fine-tuned,
4906,fine-tuned,"Red,Blue,Green"
4907,fine-tuned,
4908,fine-tuned,
4909,fine-tuned,"Purple,Red,Green"
4910,fine-tuned,
4911,fine-tuned,
4912,fine-tuned,"Blue,Yellow,Red"
4913,fine-tuned,
4914,fine-tuned,
4915,fine-tuned,
4916,fine-tuned,
4917,fine-tuned,"Red,Purple,Green"
4918,fine-tuned,
4919,fine-tuned,"Blue,Green,Red"
4920,fine-tuned,
4921,fine-tuned,
4922,fine-tuned,
4923,fine-tuned,
4924,fine-tuned,
4925,fine-tuned,Red
4926,fine-tuned,"Red,Purple,Purple"
4927,fine-tuned,Purple
4928,fine-tuned,"Red,Purple"
4929,fine-tuned,"Red,Green,Orange"
4930,fine-tuned,
4931,fine-tuned,
4932,fine-tuned,
4933,fine-tuned,"Red,Blue,Red"
4934,fine-tuned,"Red,Green,Blue"
4935,fine-tuned,"Red,Green"
4936,fine-tuned,
4937,fine-tuned,
4938,fine-tuned,"Red,Blue,Green"
4939,fine-tuned,
4940,fine-tuned,"Red,Green,Blue"
4941,fine-tuned,"Red,Orange,Green"
4942,fine-tuned,
4943,fine-tuned,Purple
4944,fine-tuned,
4945,fine-tuned,
4946,fine-tuned,"Blue,Green,Blue"
4947,fine-tuned,
4948,fine-tuned,
4949,fine-tuned,
4950,fine-tuned,
4951,fine-tuned,
4952,fine-tuned,
4953,fine-tuned,
4954,fine-tuned,
4955,fine-tuned,
4956,fine-tuned,
4957,fine-tuned,"Red,Blue,Green"
4958,fine-tuned,
4959,fine-tuned,
4960,fine-tuned,"Purple,Yellow,Green"
4961,fine-tuned,
4962,fine-tuned,"Red,Blue,Yellow"
4963,fine-tuned,
4964,fine-tuned,
4965,fine-tuned,
4966,fine-tuned,
4967,fine-tuned,
4968,fine-tuned,"Red,Purple,Blue"
4969,fine-tuned,"Red,Orange,Green"
4970,fine-tuned,
4971,fine-tuned,
4972,fine-tuned,
4973,fine-tuned,
4974,fine-tuned,"Purple,Red,Yellow"
4975,fine-tuned,"Green,Yellow,Purple"
4976,fine-tuned,
4977,fine-tuned,"Red,Blue,Yellow"
4978,fine-tuned,
4979,fine-tuned,
4980,fine-tuned,
4981,fine-tuned,
4982,fine-tuned,
4983,fine-tuned,Red
4984,fine-tuned,
4985,fine-tuned,"Blue,Red,Green"
4986,fine-tuned,"Purple,Yellow,Green"
4987,fine-tuned,
4988,fine-tuned,"Red,Blue,Green"
4989,fine-tuned,"Red,Yellow,Blue"
4990,fine-tuned,
4991,fine-tuned,"Red,Yellow,Blue"
4992,fine-tuned,
4993,fine-tuned,
4994,fine-tuned,
4995,fine-tuned,
4996,fine-tuned,Red
4997,fine-tuned,"Red,Blue,Yellow"
4998,fine-tuned,
4999,fine-tuned,"Red,Blue,Purple"
5000,fine-tuned,
5001,fine-tuned,
5002,fine-tuned,Red
5003,fine-tuned,
5004,fine-tuned,
5005,fine-tuned,"Red,Green,Blue"
5006,fine-tuned,
5007,fine-tuned,
5008,fine-tuned,
5009,fine-tuned,
5010,fine-tuned,"Red,Green"
5011,fine-tuned,"Red,Blue,Green"
5012,fine-tuned,"Blue,Green,Yellow"
5013,fine-tuned,
5014,fine-tuned,"Red,Green,Red"
5015,fine-tuned,
5016,fine-tuned,
5017,fine-tuned,"Red,Blue,Green"
5018,fine-tuned,
5019,fine-tuned,"Red,Blue,Blue"
5020,fine-tuned,
5021,fine-tuned,
5022,fine-tuned,
5023,fine-tuned,"Blue,Red,Purple"
5024,fine-tuned,"Red,Orange,Yellow"
5025,fine-tuned,
5026,fine-tuned,
5027,fine-tuned,"Red,Green,Purple"
5028,fine-tuned,
5029,fine-tuned,"Blue,Green,Purple"
5030,fine-tuned,
5031,fine-tuned,
5032,fine-tuned,
5033,fine-tuned,
5034,fine-tuned,
5035,fine-tuned,
5036,fine-tuned,"Red,Green,Yellow"
5037,fine-tuned,
5038,fine-tuned,"Red,Blue"
5039,fine-tuned,
5040,fine-tuned,
5041,fine-tuned,
5042,fine-tuned,
5043,fine-tuned,"Red,Blue,Red"
5044,fine-tuned,
5045,fine-tuned,"Blue,Red,Green"
5046,fine-tuned,
5047,fine-tuned,"Red,Orange,Purple"
5048,fine-tuned,"Blue,Orange,Yellow"
5049,fine-tuned,
5050,fine-tuned,
5051,fine-tuned,
5052,fine-tuned,
5053,fine-tuned,
5054,fine-tuned,
5055,fine-tuned,
5056,fine-tuned,
5057,fine-tuned,
5058,fine-tuned,Green
5059,fine-tuned,"Red,Blue,Purple"
5060,fine-tuned,
5061,fine-tuned,
5062,fine-tuned,
5063,fine-tuned,
5064,fine-tuned,
5065,fine-tuned,
5066,fine-tuned,"Red,Blue,Yellow"
5067,fine-tuned,
5068,fine-tuned,"Red,Green,Orange"
5069,fine-tuned,
5070,fine-tuned,"Red,Blue,Green"
5071,fine-tuned,
5072,fine-tuned,
5073,fine-tuned,"Red,Orange,Blue"
5074,fine-tuned,
5075,fine-tuned,
5076,fine-tuned,"Green,Purple,Green"
5077,fine-tuned,
5078,fine-tuned,
5079,fine-tuned,
5080,fine-tuned,"Blue,Green,Yellow"
5081,fine-tuned,
5082,fine-tuned,"Red,Red,Red"
5083,fine-tuned,"Red,Blue"
5084,fine-tuned,
5085,fine-tuned,"Red,Blue,Green"
5086,fine-tuned,
5087,fine-tuned,
5088,fine-tuned,"Green,Blue,Orange"
5089,fine-tuned,"Red,Blue,Green"
5090,fine-tuned,
5091,fine-tuned,"Green,Blue,Red"
5092,fine-tuned,
5093,fine-tuned,"Blue,Green,Green"
5094,fine-tuned,
5095,fine-tuned,
5096,fine-tuned,"Red,Blue,Orange"
5097,fine-tuned,
5098,fine-tuned,"Blue,Red"
5099,fine-tuned,
5100,fine-tuned,
5101,fine-tuned,
5102,fine-tuned,
5103,fine-tuned,"Red,Blue"
5104,fine-tuned,Red
5105,fine-tuned,
5106,fine-tuned,"Orange,Red,Yellow"
5107,fine-tuned,
5108,fine-tuned,Red
5109,fine-tuned,"Red,Blue,Green"
5110,fine-tuned,
5111,fine-tuned,"Red,Green,Yellow"
5112,fine-tuned,"Blue,Yellow"
5113,fine-tuned,Green
5114,fine-tuned,"Red,Blue,Green"
5115,fine-tuned,
5116,fine-tuned,
5117,fine-tuned,
5118,fine-tuned,
5119,fine-tuned,
5120,fine-tuned,
5121,fine-tuned,Red
5122,fine-tuned,
5123,fine-tuned,
5124,fine-tuned,
5125,fine-tuned,
5126,fine-tuned,
5127,fine-tuned,
5128,fine-tuned,
5129,fine-tuned,Purple
5130,fine-tuned,"Red,Red"
5131,fine-tuned,
5132,fine-tuned,"Red,Blue,Yellow"
5133,fine-tuned,
5134,fine-tuned,
5135,fine-tuned,
5136,fine-tuned,"Red,Blue,Green"
5137,fine-tuned,
5138,fine-tuned,"Yellow,Red,Purple"
5139,fine-tuned,
5140,fine-tuned,"Red,Yellow,Orange"
5141,fine-tuned,"Yellow,Blue"
5142,fine-tuned,"Red,Blue,Yellow"
5143,fine-tuned,
5144,fine-tuned,
5145,fine-tuned,"Red,Yellow,Green"
5146,fine-tuned,"Red,Blue,Red"
5147,fine-tuned,
5148,fine-tuned,
5149,fine-tuned,"Red,Green,Yellow"
5150,fine-tuned,"Red,Orange,Green"
5151,fine-tuned,"Red,Blue,Green"
5152,fine-tuned,"Red,Green,Purple"
5153,fine-tuned,"Red,Yellow,Green"
5154,fine-tuned,
5155,fine-tuned,
5156,fine-tuned,
5157,fine-tuned,
5158,fine-tuned,"Green,Yellow,Purple"
5159,fine-tuned,"Red,Blue,Green"
5160,fine-tuned,
5161,fine-tuned,"Blue,Red,Yellow"
5162,fine-tuned,"Red,Green"
5163,fine-tuned,
5164,fine-tuned,"Red,Blue,Red"
5165,fine-tuned,
5166,fine-tuned,
5167,fine-tuned,"Red,Blue,Purple"
5168,fine-tuned,
5169,fine-tuned,"Red,Blue,Yellow"
5170,fine-tuned,
5171,fine-tuned,
5172,fine-tuned,
5173,fine-tuned,
5174,fine-tuned,"Red,Orange,Red"
5175,fine-tuned,"Red,Orange,Orange"
5176,fine-tuned,
5177,fine-tuned,"Red,Green,Blue"
5178,fine-tuned,"Blue,Red,Purple"
5179,fine-tuned,"Red,Blue"
5180,fine-tuned,
5181,fine-tuned,
5182,fine-tuned,
5183,fine-tuned,
5184,fine-tuned,
5185,fine-tuned,
5186,fine-tuned,
5187,fine-tuned,Red
5188,fine-tuned,
5189,fine-tuned,
5190,fine-tuned,"Green,Red"
5191,fine-tuned,
5192,fine-tuned,
5193,fine-tuned,
5194,fine-tuned,"Yellow,Red,Red"
5195,fine-tuned,"Red,Blue,Orange"
5196,fine-tuned,
5197,fine-tuned,
5198,fine-tuned,"Red,Blue,Green"
5199,fine-tuned,"Red,Yellow,Orange"
5200,fine-tuned,Red
5201,fine-tuned,
5202,fine-tuned,
5203,fine-tuned,"Red,Blue,Purple"
5204,fine-tuned,"Red,Blue,Yellow"
5205,fine-tuned,"Red,Blue"
5206,fine-tuned,
5207,fine-tuned,"Red,Green,Yellow"
5208,fine-tuned,"Green,Red,Yellow"
5209,fine-tuned,"Red,Blue,Purple"
5210,fine-tuned,
5211,fine-tuned,
5212,fine-tuned,"Red,Blue,Blue"
5213,fine-tuned,
5214,fine-tuned,
5215,fine-tuned,
5216,fine-tuned,
5217,fine-tuned,
5218,fine-tuned,
5219,fine-tuned,"Red,Green,Yellow"
5220,fine-tuned,"Red,Blue"
5221,fine-tuned,
5222,fine-tuned,"Red,Blue,Yellow"
5223,fine-tuned,Red
5224,fine-tuned,"Red,Blue,Red"
5225,fine-tuned,
5226,fine-tuned,
5227,fine-tuned,
5228,fine-tuned,
5229,fine-tuned,"Red,Orange,Purple"
5230,fine-tuned,
5231,fine-tuned,"Red,Yellow,Blue"
5232,fine-tuned,
5233,fine-tuned,"Blue,Yellow,Orange"
5234,fine-tuned,"Red,Blue,Green"
5235,fine-tuned,
5236,fine-tuned,
5237,fine-tuned,
5238,fine-tuned,"Red,Blue,Red"
5239,fine-tuned,"Red,Green,Yellow"
5240,fine-tuned,
5241,fine-tuned,
5242,fine-tuned,
5243,fine-tuned,
5244,fine-tuned,
5245,fine-tuned,"Red,Red,Blue"
5246,fine-tuned,"Red,Green,Red"
5247,fine-tuned,"Green,Red,Blue"
5248,fine-tuned,
5249,fine-tuned,
5250,fine-tuned,
5251,fine-tuned,"Red,Orange,Blue"
5252,fine-tuned,
5253,fine-tuned,"Blue,Purple"
5254,fine-tuned,"Blue,Purple,Green"
5255,fine-tuned,Red
5256,fine-tuned,
5257,fine-tuned,
5258,fine-tuned,"Red,Blue,Green"
5259,fine-tuned,"Yellow,Yellow"
5260,fine-tuned,Blue
5261,fine-tuned,"Orange,Red,Blue"
5262,fine-tuned,
5263,fine-tuned,"Red,Orange,Red"
5264,fine-tuned,"Orange,Green,Purple"
5265,fine-tuned,"Orange,Red,Blue"
5266,fine-tuned,
5267,fine-tuned,"Red,Red,Purple"
5268,fine-tuned,
5269,fine-tuned,
5270,fine-tuned,
5271,fine-tuned,"Red,Yellow,Purple"
5272,fine-tuned,"Red,Blue,Yellow"
5273,fine-tuned,
5274,fine-tuned,"Green,Purple,Red"
5275,fine-tuned,"Orange,Red,Blue"
5276,fine-tuned,
5277,fine-tuned,
5278,fine-tuned,
5279,fine-tuned,"Blue,Orange,Red"
5280,fine-tuned,
5281,fine-tuned,"Red,Purple"
5282,fine-tuned,
5283,fine-tuned,"Orange,Purple"
5284,fine-tuned,
5285,fine-tuned,"Red,Blue,Green"
5286,fine-tuned,
5287,fine-tuned,
5288,fine-tuned,
5289,fine-tuned,
5290,fine-tuned,
5291,fine-tuned,"Red,Green,Orange"
5292,fine-tuned,
5293,fine-tuned,"Yellow,Orange,Purple"
5294,fine-tuned,
5295,fine-tuned,
5296,fine-tuned,
5297,fine-tuned,
5298,fine-tuned,
5299,fine-tuned,
5300,fine-tuned,"Yellow,Red,Purple"
5301,fine-tuned,
5302,fine-tuned,"Blue,Orange,Purple"
5303,fine-tuned,
5304,fine-tuned,"Red,Yellow,Purple"
5305,fine-tuned,"Red,Orange,Yellow"
5306,fine-tuned,
5307,fine-tuned,"Red,Green,Orange"
5308,fine-tuned,
5309,fine-tuned,
5310,fine-tuned,
5311,fine-tuned,
5312,fine-tuned,Red
5313,fine-tuned,"Red,Orange,Purple"
5314,fine-tuned,"Red,Green,Blue"
5315,fine-tuned,
5316,fine-tuned,Orange
5317,fine-tuned,
5318,fine-tuned,"Purple,Blue"
5319,fine-tuned,
5320,fine-tuned,
5321,fine-tuned,
5322,fine-tuned,
5323,fine-tuned,
5324,fine-tuned,
5325,fine-tuned,
5326,fine-tuned,"Red,Yellow,Blue"
5327,fine-tuned,
5328,fine-tuned,"Red,Blue"
5329,fine-tuned,"Green,Yellow,Red"
5330,fine-tuned,
5331,fine-tuned,"Green,Red"
5332,fine-tuned,"Blue,Red"
5333,fine-tuned,"Red,Red,Red"
5334,fine-tuned,
5335,fine-tuned,
5336,fine-tuned,"Red,Yellow,Blue"
5337,fine-tuned,
5338,fine-tuned,
5339,fine-tuned,
5340,fine-tuned,
5341,fine-tuned,Blue
5342,fine-tuned,"Blue,Green,Orange"
5343,fine-tuned,
5344,fine-tuned,
5345,fine-tuned,
5346,fine-tuned,
5347,fine-tuned,"Red,Green,Purple"
5348,fine-tuned,
5349,fine-tuned,"Red,Blue,Green"
5350,fine-tuned,
5351,fine-tuned,"Red,Blue,Yellow"
5352,fine-tuned,
5353,fine-tuned,
5354,fine-tuned,
5355,fine-tuned,"Red,Yellow,Orange"
5356,fine-tuned,
5357,fine-tuned,"Red,Yellow,Blue"
5358,fine-tuned,"Red,Green,Orange"
5359,fine-tuned,"Red,Blue,Green"
5360,fine-tuned,
5361,fine-tuned,"Red,Blue,Green"
5362,fine-tuned,"Red,Red"
5363,fine-tuned,"Red,Blue,Purple"
5364,fine-tuned,"Red,Blue"
5365,fine-tuned,"Orange,Red"
5366,fine-tuned,
5367,fine-tuned,
5368,fine-tuned,"Red,Blue,Green"
5369,fine-tuned,"Green,Blue"
5370,fine-tuned,
5371,fine-tuned,"Blue,Red,Yellow"
5372,fine-tuned,
5373,fine-tuned,
5374,fine-tuned,
5375,fine-tuned,
5376,fine-tuned,
5377,fine-tuned,
5378,fine-tuned,"Purple,Orange,Yellow"
5379,fine-tuned,
5380,fine-tuned,
5381,fine-tuned,
5382,fine-tuned,"Red,Blue,Green"
5383,fine-tuned,"Yellow,Green,Green"
5384,fine-tuned,
5385,fine-tuned,"Yellow,Red,Green"
5386,fine-tuned,
5387,fine-tuned,
5388,fine-tuned,
5389,fine-tuned,"Green,Yellow,Purple"
5390,fine-tuned,"Purple,Green,Orange"
5391,fine-tuned,
5392,fine-tuned,
5393,fine-tuned,
5394,fine-tuned,"Red,Orange,Red"
5395,fine-tuned,
5396,fine-tuned,"Red,Blue,Yellow"
5397,fine-tuned,
5398,fine-tuned,
5399,fine-tuned,"Purple,Blue,Green"
5400,fine-tuned,
5401,fine-tuned,
5402,fine-tuned,Blue
5403,fine-tuned,
5404,fine-tuned,"Purple,Orange"
5405,fine-tuned,"Blue,Purple,Red"
5406,fine-tuned,
5407,fine-tuned,
5408,fine-tuned,
5409,fine-tuned,
5410,fine-tuned,
5411,fine-tuned,
5412,fine-tuned,"Red,Blue,Green"
5413,fine-tuned,
5414,fine-tuned,
5415,fine-tuned,
5416,fine-tuned,Red
5417,fine-tuned,"Green,Orange,Orange"
5418,fine-tuned,
5419,fine-tuned,
5420,fine-tuned,"Red,Green,Green"
5421,fine-tuned,
5422,fine-tuned,
5423,fine-tuned,
5424,fine-tuned,
5425,fine-tuned,
5426,fine-tuned,
5427,fine-tuned,Red
5428,fine-tuned,"Red,Yellow,Orange"
5429,fine-tuned,"Red,Blue,Purple"
5430,fine-tuned,"Blue,Red"
5431,fine-tuned,
5432,fine-tuned,
5433,fine-tuned,
5434,fine-tuned,"Green,Red,Orange"
5435,fine-tuned,"Green,Yellow,Red"
5436,fine-tuned,"Blue,Blue"
5437,fine-tuned,Red
5438,fine-tuned,
5439,fine-tuned,
5440,fine-tuned,
5441,fine-tuned,Red
5442,fine-tuned,"Red,Blue,Yellow"
5443,fine-tuned,
5444,fine-tuned,
5445,fine-tuned,"Purple,Yellow,Red"
5446,fine-tuned,"Red,Blue,Purple"
5447,fine-tuned,
5448,fine-tuned,
5449,fine-tuned,
5450,fine-tuned,"Red,Blue,Orange"
5451,fine-tuned,
5452,fine-tuned,"Red,Blue,Yellow"
5453,fine-tuned,
5454,fine-tuned,"Orange,Yellow,Red"
5455,fine-tuned,
5456,fine-tuned,
5457,fine-tuned,
5458,fine-tuned,Blue
5459,fine-tuned,"Red,Blue,Green"
5460,fine-tuned,"Red,Blue,Blue"
5461,fine-tuned,"Blue,Red,Orange"
5462,fine-tuned,"Red,Yellow"
5463,fine-tuned,
5464,fine-tuned,
5465,fine-tuned,
5466,fine-tuned,"Orange,Green,Yellow"
5467,fine-tuned,
5468,fine-tuned,
5469,fine-tuned,
5470,fine-tuned,
5471,fine-tuned,
5472,fine-tuned,
5473,fine-tuned,Red
5474,fine-tuned,
5475,fine-tuned,"Red,Green,Orange"
5476,fine-tuned,
5477,fine-tuned,
5478,fine-tuned,"Red,Blue,Green"
5479,fine-tuned,"Red,Orange,Green"
5480,fine-tuned,
5481,fine-tuned,
5482,fine-tuned,
5483,fine-tuned,"Red,Orange"
5484,fine-tuned,"Red,Red,Purple"
5485,fine-tuned,"Red,Yellow,Green"
5486,fine-tuned,
5487,fine-tuned,
5488,fine-tuned,"Red,Blue,Green"
5489,fine-tuned,"Red,Yellow,Green"
5490,fine-tuned,"Red,Blue,Green"
5491,fine-tuned,"Red,Blue,Green"
5492,fine-tuned,
5493,fine-tuned,
5494,fine-tuned,"Red,Yellow"
5495,fine-tuned,Blue
5496,fine-tuned,
5497,fine-tuned,
5498,fine-tuned,"Red,Blue,Green"
5499,fine-tuned,"Red,Green,Blue"
5500,fine-tuned,
5501,fine-tuned,Red
5502,fine-tuned,"Red,Green,Purple"
5503,fine-tuned,"Red,Purple,Blue"
5504,fine-tuned,
5505,fine-tuned,
5506,fine-tuned,"Red,Blue,Green"
5507,fine-tuned,"Red,Blue,Green"
5508,fine-tuned,"Blue,Orange,Red"
5509,fine-tuned,
5510,fine-tuned,
5511,fine-tuned,
5512,fine-tuned,Blue
5513,fine-tuned,"Red,Red"
5514,fine-tuned,
5515,fine-tuned,"Red,Yellow,Purple"
5516,fine-tuned,
5517,fine-tuned,"Red,Orange,Yellow"
5518,fine-tuned,
5519,fine-tuned,
5520,fine-tuned,"Red,Blue,Yellow"
5521,fine-tuned,
5522,fine-tuned,"Red,Green,Blue"
5523,fine-tuned,
5524,fine-tuned,
5525,fine-tuned,
5526,fine-tuned,"Red,Green,Purple"
5527,fine-tuned,"Red,Blue,Green"
5528,fine-tuned,"Yellow,Green"
5529,fine-tuned,
5530,fine-tuned,
5531,fine-tuned,
5532,fine-tuned,"Red,Yellow,Green"
5533,fine-tuned,
5534,fine-tuned,
5535,fine-tuned,"Red,Purple,Blue"
5536,fine-tuned,
5537,fine-tuned,"Red,Blue,Green"
5538,fine-tuned,
5539,fine-tuned,"Red,Green,Orange"
5540,fine-tuned,
5541,fine-tuned,"Red,Green,Yellow"
5542,fine-tuned,
5543,fine-tuned,"Purple,Orange,Yellow"
5544,fine-tuned,
5545,fine-tuned,"Yellow,Red,Orange"
5546,fine-tuned,
5547,fine-tuned,
5548,fine-tuned,
5549,fine-tuned,"Red,Orange,Purple"
5550,fine-tuned,
5551,fine-tuned,"Red,Blue,Green"
5552,fine-tuned,"Red,Green,Purple"
5553,fine-tuned,
5554,fine-tuned,
5555,fine-tuned,
5556,fine-tuned,
5557,fine-tuned,"Red,Green,Blue"
5558,fine-tuned,
5559,fine-tuned,
5560,fine-tuned,
5561,fine-tuned,
5562,fine-tuned,
5563,fine-tuned,
5564,fine-tuned,
5565,fine-tuned,"Red,Green,Blue"
5566,fine-tuned,
5567,fine-tuned,
5568,fine-tuned,
5569,fine-tuned,"Blue,Green,Yellow"
5570,fine-tuned,
5571,fine-tuned,"Red,Red,Orange"
5572,fine-tuned,
5573,fine-tuned,"Red,Green,Blue"
5574,fine-tuned,
5575,fine-tuned,
5576,fine-tuned,
5577,fine-tuned,
5578,fine-tuned,
5579,fine-tuned,
5580,fine-tuned,"Red,Blue,Green"
5581,fine-tuned,
5582,fine-tuned,
5583,fine-tuned,
5584,fine-tuned,
5585,fine-tuned,
5586,fine-tuned,"Red,Blue,Red"
5587,fine-tuned,"Red,Blue,Blue"
5588,fine-tuned,
5589,fine-tuned,
5590,fine-tuned,Blue
5591,fine-tuned,Green
5592,fine-tuned,
5593,fine-tuned,
5594,fine-tuned,"Red,Purple,Green"
5595,fine-tuned,
5596,fine-tuned,Green
5597,fine-tuned,
5598,fine-tuned,"Blue,Orange"
5599,fine-tuned,"Red,Blue"
5600,fine-tuned,
5601,fine-tuned,
5602,fine-tuned,"Red,Green,Blue"
5603,fine-tuned,
5604,fine-tuned,"Red,Blue,Green"
5605,fine-tuned,
5606,fine-tuned,
5607,fine-tuned,
5608,fine-tuned,
5609,fine-tuned,
5610,fine-tuned,
5611,fine-tuned,"Purple,Green,Blue"
5612,fine-tuned,"Red,Orange,Green"
5613,fine-tuned,
5614,fine-tuned,
5615,fine-tuned,"Red,Orange,Red"
5616,fine-tuned,"Red,Orange,Blue"
5617,fine-tuned,"Red,Blue"
5618,fine-tuned,
5619,fine-tuned,
5620,fine-tuned,
5621,fine-tuned,
5622,fine-tuned,
5623,fine-tuned,
5624,fine-tuned,"Blue,Orange,Red"
5625,fine-tuned,"Red,Green"
5626,fine-tuned,"Red,Blue"
5627,fine-tuned,
5628,fine-tuned,
5629,fine-tuned,"Blue,Green,Purple"
5630,fine-tuned,
5631,fine-tuned,"Red,Red,Blue"
5632,fine-tuned,Green
5633,fine-tuned,
5634,fine-tuned,"Blue,Red,Red"
5635,fine-tuned,"Blue,Green"
5636,fine-tuned,"Red,Blue,Green"
5637,fine-tuned,
5638,fine-tuned,
5639,fine-tuned,"Red,Blue,Green"
5640,fine-tuned,Red
5641,fine-tuned,
5642,fine-tuned,"Blue,Yellow,Blue"
5643,fine-tuned,
5644,fine-tuned,
5645,fine-tuned,
5646,fine-tuned,
5647,fine-tuned,
5648,fine-tuned,
5649,fine-tuned,
5650,fine-tuned,
5651,fine-tuned,"Blue,Green,Orange"
5652,fine-tuned,
5653,fine-tuned,
5654,fine-tuned,"Red,Blue,Red"
5655,fine-tuned,
5656,fine-tuned,
5657,fine-tuned,
5658,fine-tuned,
5659,fine-tuned,"Red,Red,Blue"
5660,fine-tuned,
5661,fine-tuned,
5662,fine-tuned,
5663,fine-tuned,
5664,fine-tuned,
5665,fine-tuned,"Blue,Orange,Red"
5666,fine-tuned,
5667,fine-tuned,
5668,fine-tuned,
5669,fine-tuned,"Red,Blue,Green"
5670,fine-tuned,
5671,fine-tuned,"Red,Blue,Yellow"
5672,fine-tuned,"Red,Green,Purple"
5673,fine-tuned,
5674,fine-tuned,"Red,Green,Orange"
5675,fine-tuned,"Red,Green,Blue"
5676,fine-tuned,
5677,fine-tuned,
5678,fine-tuned,
5679,fine-tuned,
5680,fine-tuned,
5681,fine-tuned,"Green,Yellow,Purple"
5682,fine-tuned,
5683,fine-tuned,"Red,Blue,Purple"
5684,fine-tuned,"Blue,Orange,Orange"
5685,fine-tuned,
5686,fine-tuned,"Blue,Green,Yellow"
5687,fine-tuned,"Green,Orange,Orange"
5688,fine-tuned,"Red,Red,Blue"
5689,fine-tuned,"Orange,Purple,Yellow"
5690,fine-tuned,
5691,fine-tuned,
5692,fine-tuned,"Red,Yellow,Blue"
5693,fine-tuned,
5694,fine-tuned,"Blue,Green"
5695,fine-tuned,
5696,fine-tuned,
5697,fine-tuned,
5698,fine-tuned,
5699,fine-tuned,
5700,fine-tuned,"Red,Green,Purple"
5701,fine-tuned,
5702,fine-tuned,
5703,fine-tuned,
5704,fine-tuned,
5705,fine-tuned,
5706,fine-tuned,"Red,Blue,Green"
5707,fine-tuned,"Red,Green,Blue"
5708,fine-tuned,
5709,fine-tuned,"Red,Green,Blue"
5710,fine-tuned,"Red,Orange,Green"
5711,fine-tuned,
5712,fine-tuned,"Blue,Red,Blue"
5713,fine-tuned,"Green,Blue"
5714,fine-tuned,"Red,Yellow,Green"
5715,fine-tuned,
5716,fine-tuned,
5717,fine-tuned,
5718,fine-tuned,Orange
5719,fine-tuned,
5720,fine-tuned,Red
5721,fine-tuned,
5722,fine-tuned,"Blue,Red,Red"
5723,fine-tuned,"Orange,Red,Purple"
5724,fine-tuned,"Red,Blue,Green"
5725,fine-tuned,
5726,fine-tuned,"Red,Orange"
5727,fine-tuned,
5728,fine-tuned,
5729,fine-tuned,
5730,fine-tuned,
5731,fine-tuned,"Blue,Blue"
5732,fine-tuned,
5733,fine-tuned,
5734,fine-tuned,
5735,fine-tuned,
5736,fine-tuned,"Red,Yellow,Green"
5737,fine-tuned,"Blue,Red,Purple"
5738,fine-tuned,Green
5739,fine-tuned,
5740,fine-tuned,
5741,fine-tuned,"Red,Green,Yellow"
5742,fine-tuned,"Blue,Red,Red"
5743,fine-tuned,"Red,Green,Yellow"
5744,fine-tuned,
5745,fine-tuned,
5746,fine-tuned,"Orange,Yellow,Purple"
5747,fine-tuned,"Red,Yellow,Purple"
5748,fine-tuned,"Red,Blue,Green"
5749,fine-tuned,
5750,fine-tuned,Blue
5751,fine-tuned,"Red,Purple,Blue"
5752,fine-tuned,
5753,fine-tuned,
5754,fine-tuned,
5755,fine-tuned,
5756,fine-tuned,
5757,fine-tuned,"Red,Red,Red"
5758,fine-tuned,
5759,fine-tuned,
5760,fine-tuned,
5761,fine-tuned,"Green,Purple"
5762,fine-tuned,"Red,Blue,Yellow"
5763,fine-tuned,
5764,fine-tuned,"Red,Green,Red"
5765,fine-tuned,"Red,Green,Blue"
5766,fine-tuned,
5767,fine-tuned,"Red,Blue,Yellow"
5768,fine-tuned,
5769,fine-tuned,"Red,Blue,Purple"
5770,fine-tuned,
5771,fine-tuned,
5772,fine-tuned,
5773,fine-tuned,
5774,fine-tuned,
5775,fine-tuned,
5776,fine-tuned,
5777,fine-tuned,
5778,fine-tuned,"Red,Blue,Green"
5779,fine-tuned,"Red,Green,Yellow"
5780,fine-tuned,Purple
5781,fine-tuned,"Red,Blue,Purple"
5782,fine-tuned,"Red,Yellow"
5783,fine-tuned,
5784,fine-tuned,
5785,fine-tuned,
5786,fine-tuned,Red
5787,fine-tuned,
5788,fine-tuned,"Blue,Green,Orange"
5789,fine-tuned,
5790,fine-tuned,Orange
5791,fine-tuned,"Red,Blue"
5792,fine-tuned,
5793,fine-tuned,"Red,Blue,Green"
5794,fine-tuned,"Yellow,Green,Green"
5795,fine-tuned,
5796,fine-tuned,"Red,Orange,Purple"
5797,fine-tuned,
5798,fine-tuned,
5799,fine-tuned,
5800,fine-tuned,"Blue,Yellow"
5801,fine-tuned,"Green,Yellow,Purple"
5802,fine-tuned,"Red,Blue,Yellow"
5803,fine-tuned,
5804,fine-tuned,
5805,fine-tuned,
5806,fine-tuned,
5807,fine-tuned,"Yellow,Red,Green"
5808,fine-tuned,
5809,fine-tuned,
5810,fine-tuned,"Orange,Yellow,Green"
5811,fine-tuned,
5812,fine-tuned,
5813,fine-tuned,"Red,Yellow,Purple"
5814,fine-tuned,
5815,fine-tuned,
5816,fine-tuned,
5817,fine-tuned,"Red,Yellow,Blue"
5818,fine-tuned,
5819,fine-tuned,"Blue,Red,Green"
5820,fine-tuned,"Red,Blue,Yellow"
5821,fine-tuned,
5822,fine-tuned,
5823,fine-tuned,
5824,fine-tuned,"Red,Green,Yellow"
5825,fine-tuned,
5826,fine-tuned,"Blue,Green,Purple"
5827,fine-tuned,
5828,fine-tuned,
5829,fine-tuned,Red
5830,fine-tuned,"Orange,Yellow,Green"
5831,fine-tuned,
5832,fine-tuned,
5833,fine-tuned,
5834,fine-tuned,
5835,fine-tuned,Red
5836,fine-tuned,"Red,Blue,Green"
5837,fine-tuned,"Red,Blue,Purple"
5838,fine-tuned,
5839,fine-tuned,
5840,fine-tuned,"Red,Blue,Yellow"
5841,fine-tuned,"Red,Blue,Green"
5842,fine-tuned,
5843,fine-tuned,
5844,fine-tuned,
5845,fine-tuned,
5846,fine-tuned,
5847,fine-tuned,
5848,fine-tuned,
5849,fine-tuned,
5850,fine-tuned,"Red,Blue,Red"
5851,fine-tuned,
5852,fine-tuned,
5853,fine-tuned,"Red,Blue,Blue"
5854,fine-tuned,
5855,fine-tuned,
5856,fine-tuned,"Red,Blue"
5857,fine-tuned,
5858,fine-tuned,"Red,Blue,Red"
5859,fine-tuned,
5860,fine-tuned,
5861,fine-tuned,
5862,fine-tuned,
5863,fine-tuned,
5864,fine-tuned,
5865,fine-tuned,"Red,Blue,Red"
5866,fine-tuned,
5867,fine-tuned,
5868,fine-tuned,"Red,Green"
5869,fine-tuned,
5870,fine-tuned,"Red,Green"
5871,fine-tuned,
5872,fine-tuned,
5873,fine-tuned,"Blue,Red,Purple"
5874,fine-tuned,
5875,fine-tuned,"Red,Red,Red"
5876,fine-tuned,"Red,Yellow,Green"
5877,fine-tuned,
5878,fine-tuned,
5879,fine-tuned,
5880,fine-tuned,
5881,fine-tuned,"Blue,Yellow,Red"
5882,fine-tuned,"Green,Red,Yellow"
5883,fine-tuned,"Yellow,Green,Blue"
5884,fine-tuned,"Red,Blue,Green"
5885,fine-tuned,"Red,Blue,Green"
5886,fine-tuned,
5887,fine-tuned,"Red,Yellow"
5888,fine-tuned,
5889,fine-tuned,
5890,fine-tuned,
5891,fine-tuned,"Yellow,Orange,Green"
5892,fine-tuned,
5893,fine-tuned,"Blue,Green,Red"
5894,fine-tuned,
5895,fine-tuned,
5896,fine-tuned,"Red,Blue,Green"
5897,fine-tuned,
5898,fine-tuned,
5899,fine-tuned,
5900,fine-tuned,"Red,Blue,Yellow"
5901,fine-tuned,"Yellow,Red,Red"
5902,fine-tuned,
5903,fine-tuned,"Blue,Purple,Green"
5904,fine-tuned,
5905,fine-tuned,
5906,fine-tuned,"Red,Blue,Green"
5907,fine-tuned,
5908,fine-tuned,
5909,fine-tuned,
5910,fine-tuned,"Red,Purple,Yellow"
5911,fine-tuned,"Red,Blue,Green"
5912,fine-tuned,
5913,fine-tuned,"Blue,Green,Orange"
5914,fine-tuned,"Blue,Green,Yellow"
5915,fine-tuned,"Red,Blue,Orange"
5916,fine-tuned,"Green,Purple,Purple"
5917,fine-tuned,
5918,fine-tuned,"Red,Green,Orange"
5919,fine-tuned,
5920,fine-tuned,
5921,fine-tuned,
5922,fine-tuned,
5923,fine-tuned,"Red,Green,Red"
5924,fine-tuned,
5925,fine-tuned,
5926,fine-tuned,"Red,Purple,Red"
5927,fine-tuned,
5928,fine-tuned,
5929,fine-tuned,
5930,fine-tuned,"Red,Yellow,Green"
5931,fine-tuned,
5932,fine-tuned,
5933,fine-tuned,"Red,Yellow,Purple"
5934,fine-tuned,
5935,fine-tuned,"Red,Blue,Purple"
5936,fine-tuned,
5937,fine-tuned,"Green,Green,Blue"
5938,fine-tuned,
5939,fine-tuned,"Red,Yellow,Purple"
5940,fine-tuned,"Red,Yellow"
5941,fine-tuned,
5942,fine-tuned,"Green,Blue,Yellow"
5943,fine-tuned,
5944,fine-tuned,
5945,fine-tuned,
5946,fine-tuned,
5947,fine-tuned,
5948,fine-tuned,"Red,Green,Yellow"
5949,fine-tuned,
5950,fine-tuned,
5951,fine-tuned,
5952,fine-tuned,
5953,fine-tuned,"Blue,Red,Yellow"
5954,fine-tuned,
5955,fine-tuned,
5956,fine-tuned,
5957,fine-tuned,"Purple,Red,Purple"
5958,fine-tuned,
5959,fine-tuned,
5960,fine-tuned,
5961,fine-tuned,Blue
5962,fine-tuned,"Red,Blue,Green"
5963,fine-tuned,"Green,Purple,Red"
5964,fine-tuned,
5965,fine-tuned,
5966,fine-tuned,"Red,Yellow,Orange"
5967,fine-tuned,
5968,fine-tuned,"Red,Purple,Green"
5969,fine-tuned,
5970,fine-tuned,
5971,fine-tuned,"Red,Yellow,Purple"
5972,fine-tuned,"Orange,Red,Blue"
5973,fine-tuned,
5974,fine-tuned,"Blue,Green,Yellow"
5975,fine-tuned,"Red,Blue,Red"
5976,fine-tuned,"Green,Red,Blue"
5977,fine-tuned,"Red,Yellow,Blue"
5978,fine-tuned,
5979,fine-tuned,
5980,fine-tuned,"Blue,Green,Red"
5981,fine-tuned,
5982,fine-tuned,Red
5983,fine-tuned,
5984,fine-tuned,"Yellow,Yellow"
5985,fine-tuned,Red
5986,fine-tuned,Yellow
5987,fine-tuned,Red
5988,fine-tuned,"Yellow,Purple,Green"
5989,fine-tuned,
5990,fine-tuned,"Red,Blue,Yellow"
5991,fine-tuned,
5992,fine-tuned,
5993,fine-tuned,
5994,fine-tuned,
5995,fine-tuned,
5996,fine-tuned,
5997,fine-tuned,"Red,Yellow,Purple"
5998,fine-tuned,
5999,fine-tuned,
6000,fine-tuned,"Red,Blue,Green"
6001,fine-tuned,
6002,fine-tuned,
6003,fine-tuned,
6004,fine-tuned,
6005,fine-tuned,
6006,fine-tuned,
6007,fine-tuned,
6008,fine-tuned,
6009,fine-tuned,
6010,fine-tuned,"Green,Purple,Red"
6011,fine-tuned,"Red,Blue,Green"
6012,fine-tuned,
6013,fine-tuned,
6014,fine-tuned,
6015,fine-tuned,
6016,fine-tuned,"Red,Blue,Orange"
6017,fine-tuned,
6018,fine-tuned,
6019,fine-tuned,
6020,fine-tuned,"Yellow,Green,Orange"
6021,fine-tuned,
6022,fine-tuned,
6023,fine-tuned,
6024,fine-tuned,"Red,Green,Blue"
6025,fine-tuned,
6026,fine-tuned,"Red,Blue,Green"
6027,fine-tuned,"Green,Blue"
6028,fine-tuned,
6029,fine-tuned,
6030,fine-tuned,
6031,fine-tuned,
6032,fine-tuned,
6033,fine-tuned,
6034,fine-tuned,
6035,fine-tuned,"Red,Blue,Red"
6036,fine-tuned,"Red,Blue,Green"
6037,fine-tuned,
6038,fine-tuned,
6039,fine-tuned,
6040,fine-tuned,
6041,fine-tuned,"Yellow,Blue,Purple"
6042,fine-tuned,
6043,fine-tuned,
6044,fine-tuned,
6045,fine-tuned,"Red,Green,Yellow"
6046,fine-tuned,"Red,Blue,Red"
6047,fine-tuned,
6048,fine-tuned,"Blue,Orange,Yellow"
6049,fine-tuned,"Blue,Purple,Yellow"
6050,fine-tuned,"Blue,Green,Orange"
6051,fine-tuned,
6052,fine-tuned,"Red,Blue"
6053,fine-tuned,
6054,fine-tuned,"Red,Green,Orange"
6055,fine-tuned,"Red,Green,Orange"
6056,fine-tuned,
6057,fine-tuned,
6058,fine-tuned,
6059,fine-tuned,
6060,fine-tuned,
6061,fine-tuned,
6062,fine-tuned,
6063,fine-tuned,"Green,Green,Red"
6064,fine-tuned,"Red,Blue,Green"
6065,fine-tuned,"Red,Orange,Purple"
6066,fine-tuned,
6067,fine-tuned,Red
6068,fine-tuned,"Green,Red,Blue"
6069,fine-tuned,
6070,fine-tuned,
6071,fine-tuned,
6072,fine-tuned,
6073,fine-tuned,"Red,Blue,Green"
6074,fine-tuned,"Red,Blue,Purple"
6075,fine-tuned,
6076,fine-tuned,"Blue,Orange"
6077,fine-tuned,
6078,fine-tuned,Red
6079,fine-tuned,Red
6080,fine-tuned,
6081,fine-tuned,
6082,fine-tuned,
6083,fine-tuned,
6084,fine-tuned,"Red,Green,Blue"
6085,fine-tuned,"Blue,Purple,Red"
6086,fine-tuned,
6087,fine-tuned,
6088,fine-tuned,"Red,Green,Orange"
6089,fine-tuned,
6090,fine-tuned,Red
6091,fine-tuned,
6092,fine-tuned,"Blue,Yellow,Green"
6093,fine-tuned,"Green,Red,Purple"
6094,fine-tuned,"Red,Red"
6095,fine-tuned,"Red,Yellow"
6096,fine-tuned,
6097,fine-tuned,"Blue,Red,Purple"
6098,fine-tuned,
6099,fine-tuned,"Red,Yellow,Green"
6100,fine-tuned,Yellow
6101,fine-tuned,Green
6102,fine-tuned,
6103,fine-tuned,"Red,Green,Blue"
6104,fine-tuned,
6105,fine-tuned,"Red,Green,Blue"
6106,fine-tuned,
6107,fine-tuned,
6108,fine-tuned,"Red,Blue"
6109,fine-tuned,
6110,fine-tuned,"Red,Orange,Yellow"
6111,fine-tuned,"Green,Orange,Purple"
6112,fine-tuned,"Red,Blue,Yellow"
6113,fine-tuned,
6114,fine-tuned,"Red,Yellow,Green"
6115,fine-tuned,
6116,fine-tuned,
6117,fine-tuned,"Red,Red,Blue"
6118,fine-tuned,
6119,fine-tuned,"Red,Blue,Purple"
6120,fine-tuned,"Blue,Yellow,Red"
6121,fine-tuned,
6122,fine-tuned,
6123,fine-tuned,"Red,Green,Blue"
6124,fine-tuned,
6125,fine-tuned,Orange
6126,fine-tuned,
6127,fine-tuned,
6128,fine-tuned,
6129,fine-tuned,
6130,fine-tuned,
6131,fine-tuned,
6132,fine-tuned,"Blue,Orange,Green"
6133,fine-tuned,
6134,fine-tuned,
6135,fine-tuned,
6136,fine-tuned,
6137,fine-tuned,Yellow
6138,fine-tuned,
6139,fine-tuned,"Red,Orange,Purple"
6140,fine-tuned,"Blue,Red,Purple"
6141,fine-tuned,
6142,fine-tuned,
6143,fine-tuned,"Red,Purple"
6144,fine-tuned,
6145,fine-tuned,"Red,Red,Blue"
6146,fine-tuned,"Red,Blue"
6147,fine-tuned,
6148,fine-tuned,"Red,Green,Orange"
6149,fine-tuned,
6150,fine-tuned,
6151,fine-tuned,"Red,Blue,Green"
6152,fine-tuned,
6153,fine-tuned,"Blue,Red"
6154,fine-tuned,"Red,Blue,Green"
6155,fine-tuned,
6156,fine-tuned,
6157,fine-tuned,"Red,Yellow,Purple"
6158,fine-tuned,"Red,Orange,Purple"
6159,fine-tuned,
6160,fine-tuned,"Red,Green,Yellow"
6161,fine-tuned,"Orange,Green"
6162,fine-tuned,"Red,Green,Orange"
6163,fine-tuned,
6164,fine-tuned,
6165,fine-tuned,"Red,Orange,Purple"
6166,fine-tuned,
6167,fine-tuned,
6168,fine-tuned,
6169,fine-tuned,
6170,fine-tuned,
6171,fine-tuned,
6172,fine-tuned,"Red,Green,Purple"
6173,fine-tuned,
6174,fine-tuned,
6175,fine-tuned,"Red,Blue,Yellow"
6176,fine-tuned,
6177,fine-tuned,Green
6178,fine-tuned,"Red,Red,Red"
6179,fine-tuned,
6180,fine-tuned,
6181,fine-tuned,"Yellow,Red"
6182,fine-tuned,
6183,fine-tuned,"Red,Yellow,Blue"
6184,fine-tuned,
6185,fine-tuned,
6186,fine-tuned,
6187,fine-tuned,"Blue,Orange,Purple"
6188,fine-tuned,
6189,fine-tuned,"Red,Green,Blue"
6190,fine-tuned,"Red,Blue,Yellow"
6191,fine-tuned,
6192,fine-tuned,
6193,fine-tuned,
6194,fine-tuned,
6195,fine-tuned,
6196,fine-tuned,"Red,Blue,Yellow"
6197,fine-tuned,
6198,fine-tuned,
6199,fine-tuned,
6200,fine-tuned,"Green,Blue,Orange"
6201,fine-tuned,
6202,fine-tuned,
6203,fine-tuned,
6204,fine-tuned,
6205,fine-tuned,Yellow
6206,fine-tuned,"Red,Blue,Blue"
6207,fine-tuned,"Red,Red,Yellow"
6208,fine-tuned,
6209,fine-tuned,
6210,fine-tuned,"Green,Blue,Purple"
6211,fine-tuned,"Red,Blue,Green"
6212,fine-tuned,"Green,Red,Blue"
6213,fine-tuned,
6214,fine-tuned,
6215,fine-tuned,
6216,fine-tuned,"Yellow,Blue,Red"
6217,fine-tuned,
6218,fine-tuned,"Red,Yellow,Purple"
6219,fine-tuned,"Purple,Red,Orange"
6220,fine-tuned,
6221,fine-tuned,"Blue,Blue,Blue"
6222,fine-tuned,Purple
6223,fine-tuned,
6224,fine-tuned,"Red,Yellow,Green"
6225,fine-tuned,"Red,Blue,Orange"
6226,fine-tuned,"Blue,Yellow,Red"
6227,fine-tuned,"Red,Blue,Orange"
6228,fine-tuned,
6229,fine-tuned,"Blue,Red,Blue"
6230,fine-tuned,Green
6231,fine-tuned,
6232,fine-tuned,"Red,Yellow,Purple"
6233,fine-tuned,"Green,Red,Orange"
6234,fine-tuned,
6235,fine-tuned,
6236,fine-tuned,
6237,fine-tuned,
6238,fine-tuned,"Red,Blue,Blue"
6239,fine-tuned,
6240,fine-tuned,"Red,Red,Orange"
6241,fine-tuned,
6242,fine-tuned,
6243,fine-tuned,
6244,fine-tuned,"Red,Purple,Orange"
6245,fine-tuned,"Orange,Purple,Yellow"
6246,fine-tuned,"Purple,Blue,Green"
6247,fine-tuned,"Red,Yellow,Orange"
6248,fine-tuned,
6249,fine-tuned,
6250,fine-tuned,
6251,fine-tuned,
6252,fine-tuned,"Red,Blue,Red"
6253,fine-tuned,
6254,fine-tuned,Red
6255,fine-tuned,"Red,Blue,Yellow"
6256,fine-tuned,"Red,Red,Red"
6257,fine-tuned,"Red,Green,Blue"
6258,fine-tuned,
6259,fine-tuned,"Red,Blue,Green"
6260,fine-tuned,"Red,Orange,Yellow"
6261,fine-tuned,
6262,fine-tuned,"Red,Blue,Green"
6263,fine-tuned,
6264,fine-tuned,"Red,Green,Orange"
6265,fine-tuned,"Red,Red,Green"
6266,fine-tuned,"Orange,Yellow,Purple"
6267,fine-tuned,"Red,Orange,Green"
6268,fine-tuned,"Blue,Purple,Red"
6269,fine-tuned,"Blue,Orange,Red"
6270,fine-tuned,
6271,fine-tuned,
6272,fine-tuned,
6273,fine-tuned,"Red,Red,Red"
6274,fine-tuned,"Green,Purple"
6275,fine-tuned,"Green,Yellow,Red"
6276,fine-tuned,
6277,fine-tuned,
6278,fine-tuned,
6279,fine-tuned,"Red,Blue,Yellow"
6280,fine-tuned,"Blue,Green,Yellow"
6281,fine-tuned,"Red,Blue,Blue"
6282,fine-tuned,
6283,fine-tuned,
6284,fine-tuned,
6285,fine-tuned,
6286,fine-tuned,"Red,Blue,Blue"
6287,fine-tuned,"Red,Blue,Blue"
6288,fine-tuned,"Red,Blue,Blue"
6289,fine-tuned,
6290,fine-tuned,"Blue,Yellow,Orange"
6291,fine-tuned,
6292,fine-tuned,
6293,fine-tuned,
6294,fine-tuned,"Blue,Red,Orange"
6295,fine-tuned,"Red,Blue,Green"
6296,fine-tuned,
6297,fine-tuned,
6298,fine-tuned,
6299,fine-tuned,
6300,fine-tuned,
6301,fine-tuned,
6302,fine-tuned,
6303,fine-tuned,
6304,fine-tuned,
6305,fine-tuned,"Red,Blue,Green"
6306,fine-tuned,
6307,fine-tuned,
6308,fine-tuned,"Red,Blue,Purple"
6309,fine-tuned,
6310,fine-tuned,
6311,fine-tuned,
6312,fine-tuned,
6313,fine-tuned,"Orange,Red,Blue"
6314,fine-tuned,
6315,fine-tuned,
6316,fine-tuned,"Yellow,Green,Blue"
6317,fine-tuned,
6318,fine-tuned,"Red,Blue,Orange"
6319,fine-tuned,
6320,fine-tuned,"Red,Orange,Red"
6321,fine-tuned,"Red,Blue,Yellow"
6322,fine-tuned,
6323,fine-tuned,
6324,fine-tuned,
6325,fine-tuned,
6326,fine-tuned,
6327,fine-tuned,
6328,fine-tuned,
6329,fine-tuned,
6330,fine-tuned,
6331,fine-tuned,
6332,fine-tuned,
6333,fine-tuned,"Red,Yellow,Purple"
6334,fine-tuned,Orange
6335,fine-tuned,"Blue,Yellow,Red"
6336,fine-tuned,Orange
6337,fine-tuned,"Blue,Purple,Green"
6338,fine-tuned,"Red,Blue,Yellow"
6339,fine-tuned,"Blue,Red,Green"
6340,fine-tuned,
6341,fine-tuned,
6342,fine-tuned,
6343,fine-tuned,"Red,Blue,Green"
6344,fine-tuned,"Yellow,Blue"
6345,fine-tuned,
6346,fine-tuned,
6347,fine-tuned,
6348,fine-tuned,
6349,fine-tuned,
6350,fine-tuned,"Red,Yellow,Blue"
6351,fine-tuned,"Red,Blue,Orange"
6352,fine-tuned,
6353,fine-tuned,
6354,fine-tuned,
6355,fine-tuned,
6356,fine-tuned,
6357,fine-tuned,
6358,fine-tuned,
6359,fine-tuned,
6360,fine-tuned,"Yellow,Green"
6361,fine-tuned,
6362,fine-tuned,
6363,fine-tuned,"Red,Blue,Green"
6364,fine-tuned,"Blue,Yellow,Green"
6365,fine-tuned,
6366,fine-tuned,"Red,Blue,Green"
6367,fine-tuned,
6368,fine-tuned,Red
6369,fine-tuned,
6370,fine-tuned,
6371,fine-tuned,"Red,Orange,Yellow"
6372,fine-tuned,"Red,Blue,Orange"
6373,fine-tuned,
6374,fine-tuned,"Blue,Red,Yellow"
6375,fine-tuned,
6376,fine-tuned,"Red,Blue,Green"
6377,fine-tuned,
6378,fine-tuned,
6379,fine-tuned,"Red,Purple,Blue"
6380,fine-tuned,Red
6381,fine-tuned,
6382,fine-tuned,
6383,fine-tuned,
6384,fine-tuned,"Red,Blue,Yellow"
6385,fine-tuned,"Red,Orange"
6386,fine-tuned,"Red,Orange,Blue"
6387,fine-tuned,
6388,fine-tuned,"Red,Purple,Red"
6389,fine-tuned,
6390,fine-tuned,
6391,fine-tuned,"Orange,Yellow"
6392,fine-tuned,
6393,fine-tuned,"Red,Orange,Yellow"
6394,fine-tuned,"Purple,Orange,Yellow"
6395,fine-tuned,"Red,Green"
6396,fine-tuned,
6397,fine-tuned,
6398,fine-tuned,
6399,fine-tuned,
6400,fine-tuned,
6401,fine-tuned,
6402,fine-tuned,"Red,Red,Red"
6403,fine-tuned,
6404,fine-tuned,
6405,fine-tuned,"Red,Blue,Orange"
6406,fine-tuned,
6407,fine-tuned,"Red,Yellow,Green"
6408,fine-tuned,"Red,Blue,Green"
6409,fine-tuned,
6410,fine-tuned,"Red,Blue,Green"
6411,fine-tuned,Green
6412,fine-tuned,Yellow
6413,fine-tuned,"Blue,Purple,Purple"
6414,fine-tuned,"Red,Red,Red"
6415,fine-tuned,"Blue,Green,Purple"
6416,fine-tuned,
6417,fine-tuned,
6418,fine-tuned,
6419,fine-tuned,
6420,fine-tuned,
6421,fine-tuned,
6422,fine-tuned,Orange
6423,fine-tuned,Blue
6424,fine-tuned,"Green,Yellow"
6425,fine-tuned,
6426,fine-tuned,
6427,fine-tuned,
6428,fine-tuned,
6429,fine-tuned,
6430,fine-tuned,"Purple,Blue"
6431,fine-tuned,"Red,Green,Red"
6432,fine-tuned,"Red,Orange"
6433,fine-tuned,
6434,fine-tuned,"Red,Blue"
6435,fine-tuned,
6436,fine-tuned,
6437,fine-tuned,
6438,fine-tuned,
6439,fine-tuned,
6440,fine-tuned,
6441,fine-tuned,
6442,fine-tuned,
6443,fine-tuned,
6444,fine-tuned,
6445,fine-tuned,"Red,Blue,Orange"
6446,fine-tuned,"Red,Red"
6447,fine-tuned,"Red,Blue,Yellow"
6448,fine-tuned,
6449,fine-tuned,
6450,fine-tuned,
6451,fine-tuned,
6452,fine-tuned,
6453,fine-tuned,
6454,fine-tuned,
6455,fine-tuned,
6456,fine-tuned,
6457,fine-tuned,"Red,Green,Blue"
6458,fine-tuned,"Red,Green,Yellow"
6459,fine-tuned,"Yellow,Red,Red"
6460,fine-tuned,"Red,Blue"
6461,fine-tuned,
6462,fine-tuned,"Blue,Red,Green"
6463,fine-tuned,
6464,fine-tuned,"Red,Blue,Green"
6465,fine-tuned,"Blue,Green,Red"
6466,fine-tuned,
6467,fine-tuned,"Orange,Green"
6468,fine-tuned,
6469,fine-tuned,
6470,fine-tuned,
6471,fine-tuned,"Yellow,Green,Purple"
6472,fine-tuned,
6473,fine-tuned,
6474,fine-tuned,
6475,fine-tuned,
6476,fine-tuned,
6477,fine-tuned,Red
6478,fine-tuned,
6479,fine-tuned,
6480,fine-tuned,
6481,fine-tuned,
6482,fine-tuned,"Yellow,Green,Green"
6483,fine-tuned,
6484,fine-tuned,
6485,fine-tuned,"Red,Blue,Yellow"
6486,fine-tuned,
6487,fine-tuned,
6488,fine-tuned,Green
6489,fine-tuned,"Red,Yellow,Green"
6490,fine-tuned,"Red,Blue,Green"
6491,fine-tuned,
6492,fine-tuned,"Blue,Blue,Blue"
6493,fine-tuned,Yellow
6494,fine-tuned,
6495,fine-tuned,
6496,fine-tuned,"Red,Blue,Yellow"
6497,fine-tuned,"Yellow,Blue,Orange"
6498,fine-tuned,"Red,Orange,Red"
6499,fine-tuned,
6500,fine-tuned,
6501,fine-tuned,
6502,fine-tuned,
6503,fine-tuned,
6504,fine-tuned,
6505,fine-tuned,Green
6506,fine-tuned,
6507,fine-tuned,
6508,fine-tuned,
6509,fine-tuned,"Red,Orange"
6510,fine-tuned,"Yellow,Purple,Yellow"
6511,fine-tuned,
6512,fine-tuned,"Red,Blue"
6513,fine-tuned,"Red,Green,Red"
6514,fine-tuned,"Purple,Yellow,Orange"
6515,fine-tuned,"Blue,Orange,Red"
6516,fine-tuned,
6517,fine-tuned,
6518,fine-tuned,
6519,fine-tuned,
6520,fine-tuned,"Red,Blue,Green"
6521,fine-tuned,
6522,fine-tuned,
6523,fine-tuned,"Red,Blue,Green"
6524,fine-tuned,
6525,fine-tuned,
6526,fine-tuned,"Purple,Yellow,Yellow"
6527,fine-tuned,
6528,fine-tuned,
6529,fine-tuned,"Red,Green,Blue"
6530,fine-tuned,
6531,fine-tuned,
6532,fine-tuned,"Red,Blue,Orange"
6533,fine-tuned,"Red,Blue"
6534,fine-tuned,
6535,fine-tuned,
6536,fine-tuned,
6537,fine-tuned,
6538,fine-tuned,
6539,fine-tuned,
6540,fine-tuned,"Red,Blue"
6541,fine-tuned,
6542,fine-tuned,
6543,fine-tuned,
6544,fine-tuned,"Red,Red,Yellow"
6545,fine-tuned,
6546,fine-tuned,
6547,fine-tuned,
6548,fine-tuned,
6549,fine-tuned,"Yellow,Red,Orange"
6550,fine-tuned,"Red,Purple,Green"
6551,fine-tuned,
6552,fine-tuned,Blue
6553,fine-tuned,
6554,fine-tuned,"Blue,Purple,Orange"
6555,fine-tuned,
6556,fine-tuned,
6557,fine-tuned,"Red,Orange,Blue"
6558,fine-tuned,
6559,fine-tuned,"Red,Green,Orange"
6560,fine-tuned,"Red,Green"
6561,fine-tuned,
6562,fine-tuned,
6563,fine-tuned,
6564,fine-tuned,"Red,Blue,Yellow"
6565,fine-tuned,
6566,fine-tuned,
6567,fine-tuned,"Red,Blue,Yellow"
6568,fine-tuned,
6569,fine-tuned,"Red,Blue,Orange"
6570,fine-tuned,
6571,fine-tuned,"Red,Blue,Blue"
6572,fine-tuned,"Red,Green,Purple"
6573,fine-tuned,"Yellow,Blue,Red"
6574,fine-tuned,
6575,fine-tuned,"Red,Blue"
6576,fine-tuned,Red
6577,fine-tuned,
6578,fine-tuned,
6579,fine-tuned,"Yellow,Blue,Red"
6580,fine-tuned,
6581,fine-tuned,"Red,Orange,Blue"
6582,fine-tuned,"Red,Green,Red"
6583,fine-tuned,
6584,fine-tuned,
6585,fine-tuned,
6586,fine-tuned,
6587,fine-tuned,"Red,Blue,Green"
6588,fine-tuned,"Red,Blue,Green"
6589,fine-tuned,Purple
6590,fine-tuned,"Orange,Red,Blue"
6591,fine-tuned,
6592,fine-tuned,
6593,fine-tuned,
6594,fine-tuned,
6595,fine-tuned,
6596,fine-tuned,
6597,fine-tuned,
6598,fine-tuned,
6599,fine-tuned,
6600,fine-tuned,
6601,fine-tuned,"Green,Purple,Orange"
6602,fine-tuned,
6603,fine-tuned,
6604,fine-tuned,"Yellow,Blue,Red"
6605,fine-tuned,
6606,fine-tuned,"Red,Green,Purple"
6607,fine-tuned,"Red,Blue,Yellow"
6608,fine-tuned,
6609,fine-tuned,
6610,fine-tuned,
6611,fine-tuned,
6612,fine-tuned,
6613,fine-tuned,"Red,Blue,Green"
6614,fine-tuned,"Green,Yellow,Yellow"
6615,fine-tuned,Red
6616,fine-tuned,
6617,fine-tuned,"Red,Yellow,Red"
6618,fine-tuned,"Red,Blue,Purple"
6619,fine-tuned,
6620,fine-tuned,
6621,fine-tuned,
6622,fine-tuned,
6623,fine-tuned,Blue
6624,fine-tuned,"Yellow,Green,Red"
6625,fine-tuned,"Orange,Blue,Purple"
6626,fine-tuned,
6627,fine-tuned,
6628,fine-tuned,
6629,fine-tuned,
6630,fine-tuned,"Red,Blue,Orange"
6631,fine-tuned,
6632,fine-tuned,
6633,fine-tuned,"Red,Blue,Red"
6634,fine-tuned,"Red,Yellow,Red"
6635,fine-tuned,
6636,fine-tuned,
6637,fine-tuned,"Red,Yellow,Purple"
6638,fine-tuned,
6639,fine-tuned,
6640,fine-tuned,
6641,fine-tuned,Blue
6642,fine-tuned,"Red,Blue,Green"
6643,fine-tuned,"Red,Blue,Green"
6644,fine-tuned,
6645,fine-tuned,
6646,fine-tuned,
6647,fine-tuned,
6648,fine-tuned,
6649,fine-tuned,
6650,fine-tuned,
6651,fine-tuned,
6652,fine-tuned,
6653,fine-tuned,
6654,fine-tuned,
6655,fine-tuned,
6656,fine-tuned,"Red,Orange,Yellow"
6657,fine-tuned,
6658,fine-tuned,
6659,fine-tuned,"Red,Orange,Blue"
6660,fine-tuned,
6661,fine-tuned,
6662,fine-tuned,"Red,Blue"
6663,fine-tuned,
6664,fine-tuned,
6665,fine-tuned,"Blue,Blue,Blue"
6666,fine-tuned,"Red,Blue,Yellow"
6667,fine-tuned,
6668,fine-tuned,
6669,fine-tuned,
6670,fine-tuned,
6671,fine-tuned,
6672,fine-tuned,"Red,Blue,Yellow"
6673,fine-tuned,"Blue,Red,Green"
6674,fine-tuned,"Red,Blue,Green"
6675,fine-tuned,
6676,fine-tuned,
6677,fine-tuned,
6678,fine-tuned,
6679,fine-tuned,
6680,fine-tuned,
6681,fine-tuned,
6682,fine-tuned,
6683,fine-tuned,
6684,fine-tuned,"Red,Green,Yellow"
6685,fine-tuned,
6686,fine-tuned,
6687,fine-tuned,
6688,fine-tuned,
6689,fine-tuned,"Red,Green,Red"
6690,fine-tuned,"Red,Green,Blue"
6691,fine-tuned,"Green,Purple,Orange"
6692,fine-tuned,
6693,fine-tuned,
6694,fine-tuned,
6695,fine-tuned,
6696,fine-tuned,
6697,fine-tuned,
6698,fine-tuned,
6699,fine-tuned,"Yellow,Red"
6700,fine-tuned,"Red,Red,Purple"
6701,fine-tuned,Blue
6702,fine-tuned,
6703,fine-tuned,
6704,fine-tuned,
6705,fine-tuned,
6706,fine-tuned,"Yellow,Green,Red"
6707,fine-tuned,"Red,Blue,Orange"
6708,fine-tuned,Purple
6709,fine-tuned,
6710,fine-tuned,
6711,fine-tuned,
6712,fine-tuned,
6713,fine-tuned,
6714,fine-tuned,
6715,fine-tuned,
6716,fine-tuned,"Red,Green,Blue"
6717,fine-tuned,
6718,fine-tuned,
6719,fine-tuned,
6720,fine-tuned,"Red,Blue,Green"
6721,fine-tuned,"Red,Blue,Red"
6722,fine-tuned,"Red,Purple,Blue"
6723,fine-tuned,"Orange,Yellow,Red"
6724,fine-tuned,"Red,Blue"
6725,fine-tuned,
6726,fine-tuned,
6727,fine-tuned,
6728,fine-tuned,
6729,fine-tuned,
6730,fine-tuned,
6731,fine-tuned,Yellow
6732,fine-tuned,
6733,fine-tuned,
6734,fine-tuned,
6735,fine-tuned,
6736,fine-tuned,
6737,fine-tuned,Blue
6738,fine-tuned,
6739,fine-tuned,
6740,fine-tuned,
6741,fine-tuned,
6742,fine-tuned,Red
6743,fine-tuned,
6744,fine-tuned,
6745,fine-tuned,"Red,Blue,Green"
6746,fine-tuned,"Red,Blue"
6747,fine-tuned,Green
6748,fine-tuned,
6749,fine-tuned,
6750,fine-tuned,
6751,fine-tuned,
6752,fine-tuned,
6753,fine-tuned,
6754,fine-tuned,
6755,fine-tuned,
6756,fine-tuned,
6757,fine-tuned,"Orange,Orange,Blue"
6758,fine-tuned,"Red,Blue,Green"
6759,fine-tuned,"Purple,Yellow,Green"
6760,fine-tuned,
6761,fine-tuned,
6762,fine-tuned,
6763,fine-tuned,"Blue,Blue"
6764,fine-tuned,
6765,fine-tuned,
6766,fine-tuned,"Red,Blue,Yellow"
6767,fine-tuned,"Red,Yellow,Orange"
6768,fine-tuned,
6769,fine-tuned,
6770,fine-tuned,
6771,fine-tuned,
6772,fine-tuned,"Red,Green,Purple"
6773,fine-tuned,
6774,fine-tuned,
6775,fine-tuned,Blue
6776,fine-tuned,"Red,Red,Green"
6777,fine-tuned,"Red,Blue,Red"
6778,fine-tuned,"Red,Blue,Green"
6779,fine-tuned,
6780,fine-tuned,"Red,Yellow,Blue"
6781,fine-tuned,
6782,fine-tuned,
6783,fine-tuned,
6784,fine-tuned,
6785,fine-tuned,
6786,fine-tuned,
6787,fine-tuned,
6788,fine-tuned,"Red,Green"
6789,fine-tuned,
6790,fine-tuned,
6791,fine-tuned,
6792,fine-tuned,
6793,fine-tuned,
6794,fine-tuned,
6795,fine-tuned,
6796,fine-tuned,
6797,fine-tuned,"Red,Blue,Orange"
6798,fine-tuned,"Red,Blue,Blue"
6799,fine-tuned,Blue
6800,fine-tuned,
6801,fine-tuned,
6802,fine-tuned,
6803,fine-tuned,"Red,Orange,Green"
6804,fine-tuned,"Red,Orange,Green"
6805,fine-tuned,"Red,Blue,Green"
6806,fine-tuned,
6807,fine-tuned,Red
6808,fine-tuned,
6809,fine-tuned,"Red,Blue,Green"
6810,fine-tuned,
6811,fine-tuned,
6812,fine-tuned,"Red,Orange"
6813,fine-tuned,"Red,Red,Red"
6814,fine-tuned,"Blue,Orange,Red"
6815,fine-tuned,"Red,Blue,Green"
6816,fine-tuned,"Orange,Purple,Purple"
6817,fine-tuned,
6818,fine-tuned,"Red,Green,Yellow"
6819,fine-tuned,"Red,Yellow,Purple"
6820,fine-tuned,
6821,fine-tuned,
6822,fine-tuned,
6823,fine-tuned,"Red,Blue,Green"
6824,fine-tuned,
6825,fine-tuned,"Blue,Yellow,Orange"
6826,fine-tuned,"Red,Green,Orange"
6827,fine-tuned,
6828,fine-tuned,
6829,fine-tuned,"Red,Blue,Orange"
6830,fine-tuned,"Red,Blue,Green"
6831,fine-tuned,"Blue,Purple,Purple"
6832,fine-tuned,
6833,fine-tuned,"Red,Green,Blue"
6834,fine-tuned,
6835,fine-tuned,"Red,Green"
6836,fine-tuned,
6837,fine-tuned,
6838,fine-tuned,
6839,fine-tuned,"Red,Blue,Purple"
6840,fine-tuned,
6841,fine-tuned,
6842,fine-tuned,
6843,fine-tuned,
6844,fine-tuned,"Yellow,Red,Blue"
6845,fine-tuned,
6846,fine-tuned,"Red,Red,Green"
6847,fine-tuned,
6848,fine-tuned,"Red,Yellow,Blue"
6849,fine-tuned,Red
6850,fine-tuned,Red
6851,fine-tuned,"Blue,Orange,Orange"
6852,fine-tuned,
6853,fine-tuned,
6854,fine-tuned,
6855,fine-tuned,"Red,Purple,Red"
6856,fine-tuned,
6857,fine-tuned,"Red,Blue,Purple"
6858,fine-tuned,"Red,Blue,Green"
6859,fine-tuned,
6860,fine-tuned,
6861,fine-tuned,"Red,Blue,Red"
6862,fine-tuned,
6863,fine-tuned,
6864,fine-tuned,
6865,fine-tuned,
6866,fine-tuned,
6867,fine-tuned,"Red,Green,Blue"
6868,fine-tuned,
6869,fine-tuned,
6870,fine-tuned,
6871,fine-tuned,"Red,Orange,Blue"
6872,fine-tuned,
6873,fine-tuned,
6874,fine-tuned,
6875,fine-tuned,
6876,fine-tuned,
6877,fine-tuned,
6878,fine-tuned,
6879,fine-tuned,"Red,Blue,Yellow"
6880,fine-tuned,
6881,fine-tuned,"Red,Blue,Yellow"
6882,fine-tuned,
6883,fine-tuned,"Red,Blue"
6884,fine-tuned,
6885,fine-tuned,
6886,fine-tuned,
6887,fine-tuned,
6888,fine-tuned,
6889,fine-tuned,
6890,fine-tuned,"Red,Green,Orange"
6891,fine-tuned,"Red,Red,Orange"
6892,fine-tuned,
6893,fine-tuned,"Red,Orange,Orange"
6894,fine-tuned,
6895,fine-tuned,"Red,Green,Purple"
6896,fine-tuned,"Red,Yellow,Blue"
6897,fine-tuned,
6898,fine-tuned,
6899,fine-tuned,
6900,fine-tuned,
6901,fine-tuned,
6902,fine-tuned,"Red,Blue,Green"
6903,fine-tuned,"Purple,Yellow,Orange"
6904,fine-tuned,
6905,fine-tuned,
6906,fine-tuned,
6907,fine-tuned,
6908,fine-tuned,
6909,fine-tuned,"Yellow,Green,Orange"
6910,fine-tuned,
6911,fine-tuned,"Red,Blue,Orange"
6912,fine-tuned,
6913,fine-tuned,
6914,fine-tuned,"Red,Blue,Purple"
6915,fine-tuned,"Blue,Purple"
6916,fine-tuned,
6917,fine-tuned,
6918,fine-tuned,
6919,fine-tuned,Blue
6920,fine-tuned,
6921,fine-tuned,
6922,fine-tuned,
6923,fine-tuned,
6924,fine-tuned,"Yellow,Purple,Green"
6925,fine-tuned,
6926,fine-tuned,
6927,fine-tuned,"Red,Orange,Yellow"
6928,fine-tuned,"Red,Blue,Green"
6929,fine-tuned,
6930,fine-tuned,
6931,fine-tuned,
6932,fine-tuned,"Red,Blue,Yellow"
6933,fine-tuned,
6934,fine-tuned,"Red,Orange,Blue"
6935,fine-tuned,"Red,Red,Red"
6936,fine-tuned,
6937,fine-tuned,"Red,Blue,Yellow"
6938,fine-tuned,"Red,Blue"
6939,fine-tuned,"Yellow,Blue"
6940,fine-tuned,
6941,fine-tuned,
6942,fine-tuned,
6943,fine-tuned,
6944,fine-tuned,
6945,fine-tuned,Blue
6946,fine-tuned,"Red,Blue,Yellow"
6947,fine-tuned,
6948,fine-tuned,"Red,Orange,Purple"
6949,fine-tuned,"Orange,Yellow,Orange"
6950,fine-tuned,
6951,fine-tuned,"Blue,Green"
6952,fine-tuned,"Red,Yellow,Blue"
6953,fine-tuned,"Blue,Red,Orange"
6954,fine-tuned,
6955,fine-tuned,"Blue,Green,Red"
6956,fine-tuned,"Red,Blue,Green"
6957,fine-tuned,
6958,fine-tuned,"Red,Green,Green"
6959,fine-tuned,"Red,Green,Purple"
6960,fine-tuned,
6961,fine-tuned,"Purple,Green"
6962,fine-tuned,
6963,fine-tuned,
6964,fine-tuned,"Green,Purple,Red"
6965,fine-tuned,
6966,fine-tuned,
6967,fine-tuned,"Red,Yellow,Red"
6968,fine-tuned,
6969,fine-tuned,
6970,fine-tuned,
6971,fine-tuned,
6972,fine-tuned,
6973,fine-tuned,
6974,fine-tuned,"Red,Green,Red"
6975,fine-tuned,"Blue,Blue,Orange"
6976,fine-tuned,
6977,fine-tuned,"Green,Blue,Purple"
6978,fine-tuned,
6979,fine-tuned,
6980,fine-tuned,
6981,fine-tuned,"Blue,Orange,Green"
6982,fine-tuned,
6983,fine-tuned,
6984,fine-tuned,"Blue,Yellow,Orange"
6985,fine-tuned,
6986,fine-tuned,
6987,fine-tuned,"Red,Blue,Blue"
6988,fine-tuned,"Red,Blue,Yellow"
6989,fine-tuned,
6990,fine-tuned,
6991,fine-tuned,
6992,fine-tuned,
6993,fine-tuned,"Red,Yellow,Green"
6994,fine-tuned,Red
6995,fine-tuned,"Red,Blue,Red"
6996,fine-tuned,"Red,Green,Blue"
6997,fine-tuned,
6998,fine-tuned,
6999,fine-tuned,
7000,fine-tuned,
7001,fine-tuned,"Red,Yellow,Blue"
7002,fine-tuned,"Red,Green,Blue"
7003,fine-tuned,
7004,fine-tuned,
7005,fine-tuned,Red
7006,fine-tuned,
7007,fine-tuned,"Orange,Green,Yellow"
7008,fine-tuned,"Red,Yellow,Orange"
7009,fine-tuned,"Orange,Purple,Blue"
7010,fine-tuned,"Red,Yellow,Orange"
7011,fine-tuned,
7012,fine-tuned,"Red,Blue,Green"
7013,fine-tuned,
7014,fine-tuned,
7015,fine-tuned,"Green,Red,Purple"
7016,fine-tuned,
7017,fine-tuned,
7018,fine-tuned,
7019,fine-tuned,"Blue,Red,Green"
7020,fine-tuned,"Red,Green,Yellow"
7021,fine-tuned,
7022,fine-tuned,"Red,Orange,Red"
7023,fine-tuned,
7024,fine-tuned,
7025,fine-tuned,"Red,Blue"
7026,fine-tuned,Blue
7027,fine-tuned,"Red,Blue,Green"
7028,fine-tuned,"Green,Red,Yellow"
7029,fine-tuned,"Red,Blue,Green"
7030,fine-tuned,
7031,fine-tuned,
7032,fine-tuned,"Red,Orange"
7033,fine-tuned,
7034,fine-tuned,
7035,fine-tuned,"Red,Blue,Blue"
7036,fine-tuned,
7037,fine-tuned,
7038,fine-tuned,"Red,Red,Yellow"
7039,fine-tuned,
7040,fine-tuned,
7041,fine-tuned,"Red,Green,Red"
7042,fine-tuned,Orange
7043,fine-tuned,"Blue,Green,Green"
7044,fine-tuned,
7045,fine-tuned,
7046,fine-tuned,"Orange,Yellow,Red"
7047,fine-tuned,Green
7048,fine-tuned,
7049,fine-tuned,"Red,Blue,Green"
7050,fine-tuned,
7051,fine-tuned,"Red,Blue"
7052,fine-tuned,"Red,Blue,Green"
7053,fine-tuned,"Blue,Green,Orange"
7054,fine-tuned,"Green,Green"
7055,fine-tuned,
7056,fine-tuned,"Red,Blue,Orange"
7057,fine-tuned,
7058,fine-tuned,"Red,Blue,Green"
7059,fine-tuned,
7060,fine-tuned,
7061,fine-tuned,"Red,Orange,Green"
7062,fine-tuned,
7063,fine-tuned,"Red,Green"
7064,fine-tuned,"Red,Blue,Yellow"
7065,fine-tuned,"Red,Blue,Yellow"
7066,fine-tuned,
7067,fine-tuned,"Blue,Orange,Red"
7068,fine-tuned,"Red,Orange,Yellow"
7069,fine-tuned,
7070,fine-tuned,"Red,Green,Blue"
7071,fine-tuned,"Blue,Yellow,Red"
7072,fine-tuned,"Yellow,Yellow"
7073,fine-tuned,
7074,fine-tuned,"Red,Orange"
7075,fine-tuned,
7076,fine-tuned,"Red,Blue,Yellow"
7077,fine-tuned,
7078,fine-tuned,"Red,Blue,Blue"
7079,fine-tuned,
7080,fine-tuned,"Red,Blue,Yellow"
7081,fine-tuned,
7082,fine-tuned,
7083,fine-tuned,
7084,fine-tuned,"Red,Green,Blue"
7085,fine-tuned,"Red,Red,Purple"
7086,fine-tuned,
7087,fine-tuned,"Red,Blue,Green"
7088,fine-tuned,
7089,fine-tuned,"Red,Yellow"
7090,fine-tuned,"Red,Orange,Red"
7091,fine-tuned,"Blue,Green,Red"
7092,fine-tuned,"Green,Red,Red"
7093,fine-tuned,"Red,Blue,Green"
7094,fine-tuned,"Red,Orange"
7095,fine-tuned,"Red,Orange,Green"
7096,fine-tuned,
7097,fine-tuned,
7098,fine-tuned,
7099,fine-tuned,"Red,Blue,Orange"
7100,fine-tuned,
7101,fine-tuned,
7102,fine-tuned,
7103,fine-tuned,"Red,Orange,Purple"
7104,fine-tuned,
7105,fine-tuned,
7106,fine-tuned,
7107,fine-tuned,"Red,Blue,Purple"
7108,fine-tuned,"Red,Blue,Orange"
7109,fine-tuned,
7110,fine-tuned,
7111,fine-tuned,"Orange,Blue,Orange"
7112,fine-tuned,
7113,fine-tuned,
7114,fine-tuned,
7115,fine-tuned,
7116,fine-tuned,"Red,Blue,Yellow"
7117,fine-tuned,
7118,fine-tuned,
7119,fine-tuned,
7120,fine-tuned,"Red,Yellow,Blue"
7121,fine-tuned,"Red,Blue,Orange"
7122,fine-tuned,"Red,Red,Red"
7123,fine-tuned,
7124,fine-tuned,
7125,fine-tuned,"Red,Blue,Yellow"
7126,fine-tuned,
7127,fine-tuned,
7128,fine-tuned,
7129,fine-tuned,"Red,Purple"
7130,fine-tuned,"Red,Green,Orange"
7131,fine-tuned,
7132,fine-tuned,
7133,fine-tuned,
7134,fine-tuned,
7135,fine-tuned,
7136,fine-tuned,"Red,Orange,Blue"
7137,fine-tuned,
7138,fine-tuned,"Blue,Red,Green"
7139,fine-tuned,
7140,fine-tuned,
7141,fine-tuned,
7142,fine-tuned,"Red,Blue"
7143,fine-tuned,
7144,fine-tuned,
7145,fine-tuned,"Red,Green,Orange"
7146,fine-tuned,"Red,Blue,Yellow"
7147,fine-tuned,"Red,Blue,Green"
7148,fine-tuned,"Orange,Green,Yellow"
7149,fine-tuned,Red
7150,fine-tuned,
7151,fine-tuned,"Red,Orange,Green"
7152,fine-tuned,
7153,fine-tuned,"Red,Yellow,Green"
7154,fine-tuned,
7155,fine-tuned,"Red,Green,Yellow"
7156,fine-tuned,
7157,fine-tuned,"Red,Blue,Green"
7158,fine-tuned,
7159,fine-tuned,
7160,fine-tuned,
7161,fine-tuned,
7162,fine-tuned,"Red,Blue,Green"
7163,fine-tuned,
7164,fine-tuned,
7165,fine-tuned,"Red,Green,Blue"
7166,fine-tuned,
7167,fine-tuned,"Red,Blue,Yellow"
7168,fine-tuned,
7169,fine-tuned,"Red,Green,Yellow"
7170,fine-tuned,
7171,fine-tuned,Blue
7172,fine-tuned,"Blue,Yellow,Orange"
7173,fine-tuned,
7174,fine-tuned,
7175,fine-tuned,"Red,Blue,Green"
7176,fine-tuned,
7177,fine-tuned,"Red,Blue,Yellow"
7178,fine-tuned,"Red,Blue,Orange"
7179,fine-tuned,"Yellow,Purple"
7180,fine-tuned,"Red,Blue,Green"
7181,fine-tuned,"Red,Blue,Green"
7182,fine-tuned,"Red,Yellow,Orange"
7183,fine-tuned,"Red,Blue,Yellow"
7184,fine-tuned,
7185,fine-tuned,"Red,Blue,Green"
7186,fine-tuned,
7187,fine-tuned,
7188,fine-tuned,
7189,fine-tuned,"Red,Blue,Blue"
7190,fine-tuned,
7191,fine-tuned,Green
7192,fine-tuned,
7193,fine-tuned,
7194,fine-tuned,
7195,fine-tuned,"Red,Blue,Green"
7196,fine-tuned,
7197,fine-tuned,
7198,fine-tuned,
7199,fine-tuned,
7200,fine-tuned,"Blue,Green"
7201,fine-tuned,
7202,fine-tuned,
7203,fine-tuned,
7204,fine-tuned,
7205,fine-tuned,
7206,fine-tuned,"Red,Blue,Green"
7207,fine-tuned,
7208,fine-tuned,"Red,Purple,Orange"
7209,fine-tuned,"Red,Blue,Yellow"
7210,fine-tuned,
7211,fine-tuned,
7212,fine-tuned,"Red,Green,Yellow"
7213,fine-tuned,
7214,fine-tuned,"Red,Orange,Blue"
7215,fine-tuned,"Red,Blue"
7216,fine-tuned,
7217,fine-tuned,"Blue,Orange,Orange"
7218,fine-tuned,"Red,Green,Blue"
7219,fine-tuned,"Red,Purple,Red"
7220,fine-tuned,
7221,fine-tuned,
7222,fine-tuned,
7223,fine-tuned,
7224,fine-tuned,
7225,fine-tuned,"Red,Red,Blue"
7226,fine-tuned,
7227,fine-tuned,
7228,fine-tuned,
7229,fine-tuned,"Red,Yellow,Red"
7230,fine-tuned,"Red,Blue,Yellow"
7231,fine-tuned,Red
7232,fine-tuned,"Red,Yellow,Purple"
7233,fine-tuned,
7234,fine-tuned,Blue
7235,fine-tuned,"Red,Blue,Green"
7236,fine-tuned,"Red,Green,Blue"
7237,fine-tuned,
7238,fine-tuned,"Green,Purple,Yellow"
7239,fine-tuned,
7240,fine-tuned,"Red,Yellow,Blue"
7241,fine-tuned,Blue
7242,fine-tuned,
7243,fine-tuned,"Red,Red,Blue"
7244,fine-tuned,
7245,fine-tuned,
7246,fine-tuned,
7247,fine-tuned,
7248,fine-tuned,
7249,fine-tuned,
7250,fine-tuned,
7251,fine-tuned,"Blue,Blue"
7252,fine-tuned,Red
7253,fine-tuned,"Red,Red,Blue"
7254,fine-tuned,"Blue,Orange,Purple"
7255,fine-tuned,"Blue,Green,Red"
7256,fine-tuned,
7257,fine-tuned,"Red,Blue,Yellow"
7258,fine-tuned,
7259,fine-tuned,
7260,fine-tuned,
7261,fine-tuned,"Blue,Green,Yellow"
7262,fine-tuned,"Red,Blue,Red"
7263,fine-tuned,
7264,fine-tuned,
7265,fine-tuned,Red
7266,fine-tuned,"Red,Blue,Yellow"
7267,fine-tuned,
7268,fine-tuned,
7269,fine-tuned,
7270,fine-tuned,"Red,Orange,Purple"
7271,fine-tuned,
7272,fine-tuned,
7273,fine-tuned,
7274,fine-tuned,
7275,fine-tuned,"Blue,Orange,Red"
7276,fine-tuned,Red
7277,fine-tuned,
7278,fine-tuned,
7279,fine-tuned,
7280,fine-tuned,
7281,fine-tuned,
7282,fine-tuned,
7283,fine-tuned,
7284,fine-tuned,"Red,Green,Blue"
7285,fine-tuned,
7286,fine-tuned,
7287,fine-tuned,"Blue,Green,Green"
7288,fine-tuned,"Orange,Red,Green"
7289,fine-tuned,
7290,fine-tuned,"Blue,Red,Purple"
7291,fine-tuned,
7292,fine-tuned,Purple
7293,fine-tuned,
7294,fine-tuned,"Red,Green,Blue"
7295,fine-tuned,"Red,Orange,Blue"
7296,fine-tuned,
7297,fine-tuned,
7298,fine-tuned,
7299,fine-tuned,
7300,fine-tuned,
7301,fine-tuned,
7302,fine-tuned,"Blue,Yellow,Red"
7303,fine-tuned,"Red,Yellow,Purple"
7304,fine-tuned,"Red,Yellow,Purple"
7305,fine-tuned,"Green,Red,Yellow"
7306,fine-tuned,"Red,Yellow,Green"
7307,fine-tuned,"Red,Red,Blue"
7308,fine-tuned,
7309,fine-tuned,"Red,Blue,Green"
7310,fine-tuned,"Yellow,Yellow,Purple"
7311,fine-tuned,
7312,fine-tuned,"Red,Green,Blue"
7313,fine-tuned,
7314,fine-tuned,"Red,Blue"
7315,fine-tuned,
7316,fine-tuned,"Green,Blue,Red"
7317,fine-tuned,
7318,fine-tuned,
7319,fine-tuned,
7320,fine-tuned,
7321,fine-tuned,"Red,Blue,Orange"
7322,fine-tuned,"Red,Yellow,Blue"
7323,fine-tuned,
7324,fine-tuned,
7325,fine-tuned,
7326,fine-tuned,"Red,Green,Blue"
7327,fine-tuned,"Yellow,Green,Blue"
7328,fine-tuned,
7329,fine-tuned,
7330,fine-tuned,
7331,fine-tuned,
7332,fine-tuned,
7333,fine-tuned,
7334,fine-tuned,
7335,fine-tuned,
7336,fine-tuned,Red
7337,fine-tuned,"Red,Blue,Green"
7338,fine-tuned,"Red,Yellow,Purple"
7339,fine-tuned,
7340,fine-tuned,
7341,fine-tuned,
7342,fine-tuned,
7343,fine-tuned,
7344,fine-tuned,
7345,fine-tuned,"Red,Blue,Orange"
7346,fine-tuned,
7347,fine-tuned,
7348,fine-tuned,
7349,fine-tuned,"Orange,Purple"
7350,fine-tuned,
7351,fine-tuned,
7352,fine-tuned,
7353,fine-tuned,"Red,Blue,Orange"
7354,fine-tuned,
7355,fine-tuned,
7356,fine-tuned,
7357,fine-tuned,
7358,fine-tuned,"Blue,Purple,Red"
7359,fine-tuned,
7360,fine-tuned,"Red,Blue,Green"
7361,fine-tuned,
7362,fine-tuned,
7363,fine-tuned,
7364,fine-tuned,
7365,fine-tuned,"Red,Blue"
7366,fine-tuned,
7367,fine-tuned,"Blue,Red,Yellow"
7368,fine-tuned,
7369,fine-tuned,
7370,fine-tuned,
7371,fine-tuned,
7372,fine-tuned,
7373,fine-tuned,"Blue,Orange,Yellow"
7374,fine-tuned,
7375,fine-tuned,
7376,fine-tuned,
7377,fine-tuned,
7378,fine-tuned,"Red,Yellow,Orange"
7379,fine-tuned,"Red,Yellow,Blue"
7380,fine-tuned,
7381,fine-tuned,
7382,fine-tuned,
7383,fine-tuned,"Red,Blue,Purple"
7384,fine-tuned,"Red,Blue,Green"
7385,fine-tuned,"Red,Blue,Purple"
7386,fine-tuned,
7387,fine-tuned,
7388,fine-tuned,
7389,fine-tuned,"Red,Orange,Purple"
7390,fine-tuned,"Red,Blue,Green"
7391,fine-tuned,
7392,fine-tuned,
7393,fine-tuned,
7394,fine-tuned,"Blue,Red,Orange"
7395,fine-tuned,"Blue,Red,Red"
7396,fine-tuned,
7397,fine-tuned,
7398,fine-tuned,"Red,Blue,Green"
7399,fine-tuned,"Red,Blue,Green"
7400,fine-tuned,"Green,Green,Orange"
7401,fine-tuned,
7402,fine-tuned,"Red,Blue,Green"
7403,fine-tuned,
7404,fine-tuned,
7405,fine-tuned,"Red,Green"
7406,fine-tuned,"Green,Green,Orange"
7407,fine-tuned,
7408,fine-tuned,
7409,fine-tuned,
7410,fine-tuned,
7411,fine-tuned,"Red,Blue,Green"
7412,fine-tuned,"Red,Yellow,Green"
7413,fine-tuned,"Yellow,Purple,Green"
7414,fine-tuned,"Red,Blue,Green"
7415,fine-tuned,
7416,fine-tuned,
7417,fine-tuned,"Red,Red,Red"
7418,fine-tuned,
7419,fine-tuned,"Red,Blue,Green"
7420,fine-tuned,
7421,fine-tuned,
7422,fine-tuned,
7423,fine-tuned,
7424,fine-tuned,"Blue,Green"
7425,fine-tuned,"Blue,Green,Purple"
7426,fine-tuned,"Red,Orange"
7427,fine-tuned,
7428,fine-tuned,
7429,fine-tuned,
7430,fine-tuned,"Red,Blue,Red"
7431,fine-tuned,
7432,fine-tuned,"Red,Green,Blue"
7433,fine-tuned,
7434,fine-tuned,
7435,fine-tuned,"Red,Blue,Yellow"
7436,fine-tuned,"Blue,Yellow,Purple"
7437,fine-tuned,
7438,fine-tuned,
7439,fine-tuned,
7440,fine-tuned,
7441,fine-tuned,Blue
7442,fine-tuned,
7443,fine-tuned,
7444,fine-tuned,
7445,fine-tuned,
7446,fine-tuned,"Blue,Orange,Red"
7447,fine-tuned,
7448,fine-tuned,Blue
7449,fine-tuned,
7450,fine-tuned,"Red,Blue,Green"
7451,fine-tuned,
7452,fine-tuned,
7453,fine-tuned,
7454,fine-tuned,
7455,fine-tuned,
7456,fine-tuned,"Orange,Red,Green"
7457,fine-tuned,"Green,Yellow,Purple"
7458,fine-tuned,"Green,Red"
7459,fine-tuned,"Yellow,Orange,Blue"
7460,fine-tuned,
7461,fine-tuned,
7462,fine-tuned,
7463,fine-tuned,"Yellow,Blue,Orange"
7464,fine-tuned,"Red,Yellow,Green"
7465,fine-tuned,"Red,Blue,Purple"
7466,fine-tuned,
7467,fine-tuned,
7468,fine-tuned,"Red,Red,Yellow"
7469,fine-tuned,
7470,fine-tuned,
7471,fine-tuned,
7472,fine-tuned,
7473,fine-tuned,"Red,Green"
7474,fine-tuned,"Blue,Orange,Yellow"
7475,fine-tuned,
7476,fine-tuned,
7477,fine-tuned,
7478,fine-tuned,"Yellow,Orange,Blue"
7479,fine-tuned,
7480,fine-tuned,
7481,fine-tuned,
7482,fine-tuned,"Yellow,Red,Purple"
7483,fine-tuned,"Red,Green,Red"
7484,fine-tuned,
7485,fine-tuned,
7486,fine-tuned,
7487,fine-tuned,
7488,fine-tuned,
7489,fine-tuned,"Blue,Yellow,Orange"
7490,fine-tuned,"Red,Orange,Blue"
7491,fine-tuned,"Red,Purple,Green"
7492,fine-tuned,
7493,fine-tuned,"Red,Blue"
7494,fine-tuned,
7495,fine-tuned,"Red,Blue,Green"
7496,fine-tuned,
7497,fine-tuned,
7498,fine-tuned,"Yellow,Purple"
7499,fine-tuned,
7500,fine-tuned,
7501,fine-tuned,
7502,fine-tuned,
7503,fine-tuned,"Red,Blue,Green"
7504,fine-tuned,"Red,Green,Red"
7505,fine-tuned,"Red,Blue,Green"
7506,fine-tuned,"Red,Green,Yellow"
7507,fine-tuned,"Red,Yellow,Red"
7508,fine-tuned,
7509,fine-tuned,"Purple,Orange,Green"
7510,fine-tuned,
7511,fine-tuned,
7512,fine-tuned,
7513,fine-tuned,
7514,fine-tuned,
7515,fine-tuned,"Red,Green,Purple"
7516,fine-tuned,
7517,fine-tuned,
7518,fine-tuned,
7519,fine-tuned,
7520,fine-tuned,"Blue,Orange,Purple"
7521,fine-tuned,
7522,fine-tuned,Red
7523,fine-tuned,
7524,fine-tuned,"Red,Red,Blue"
7525,fine-tuned,"Yellow,Blue,Red"
7526,fine-tuned,
7527,fine-tuned,
7528,fine-tuned,
7529,fine-tuned,"Blue,Green,Yellow"
7530,fine-tuned,Purple
7531,fine-tuned,
7532,fine-tuned,"Red,Green,Yellow"
7533,fine-tuned,"Red,Green,Red"
7534,fine-tuned,
7535,fine-tuned,
7536,fine-tuned,
7537,fine-tuned,
7538,fine-tuned,
7539,fine-tuned,
7540,fine-tuned,
7541,fine-tuned,
7542,fine-tuned,
7543,fine-tuned,Red
7544,fine-tuned,
7545,fine-tuned,"Blue,Red,Orange"
7546,fine-tuned,
7547,fine-tuned,
7548,fine-tuned,"Purple,Yellow,Green"
7549,fine-tuned,
7550,fine-tuned,
7551,fine-tuned,
7552,fine-tuned,"Red,Orange,Purple"
7553,fine-tuned,"Red,Green"
7554,fine-tuned,
7555,fine-tuned,
7556,fine-tuned,
7557,fine-tuned,
7558,fine-tuned,
7559,fine-tuned,
7560,fine-tuned,"Green,Yellow,Purple"
7561,fine-tuned,
7562,fine-tuned,"Red,Red"
7563,fine-tuned,Green
7564,fine-tuned,"Red,Blue,Orange"
7565,fine-tuned,
7566,fine-tuned,
7567,fine-tuned,"Red,Red"
7568,fine-tuned,
7569,fine-tuned,
7570,fine-tuned,"Red,Blue,Blue"
7571,fine-tuned,"Red,Blue,Green"
7572,fine-tuned,"Green,Red,Yellow"
7573,fine-tuned,
7574,fine-tuned,"Red,Green,Red"
7575,fine-tuned,"Blue,Yellow,Green"
7576,fine-tuned,
7577,fine-tuned,"Red,Green,Orange"
7578,fine-tuned,"Red,Green"
7579,fine-tuned,
7580,fine-tuned,"Red,Blue,Yellow"
7581,fine-tuned,
7582,fine-tuned,
7583,fine-tuned,Green
7584,fine-tuned,"Red,Yellow"
7585,fine-tuned,"Red,Blue,Green"
7586,fine-tuned,
7587,fine-tuned,"Red,Yellow,Orange"
7588,fine-tuned,"Red,Red,Orange"
7589,fine-tuned,"Green,Blue,Red"
7590,fine-tuned,
7591,fine-tuned,
7592,fine-tuned,
7593,fine-tuned,
7594,fine-tuned,
7595,fine-tuned,"Red,Blue,Green"
7596,fine-tuned,"Red,Red,Yellow"
7597,fine-tuned,"Orange,Yellow,Red"
7598,fine-tuned,"Red,Green,Blue"
7599,fine-tuned,"Red,Blue,Purple"
7600,fine-tuned,
7601,fine-tuned,
7602,fine-tuned,
7603,fine-tuned,"Red,Green,Blue"
7604,fine-tuned,"Orange,Blue,Red"
7605,fine-tuned,"Red,Green,Green"
7606,fine-tuned,"Orange,Yellow,Blue"
7607,fine-tuned,
7608,fine-tuned,
7609,fine-tuned,
7610,fine-tuned,
7611,fine-tuned,
7612,fine-tuned,
7613,fine-tuned,"Red,Blue,Green"
7614,fine-tuned,
7615,fine-tuned,"Yellow,Blue,Yellow"
7616,fine-tuned,
7617,fine-tuned,
7618,fine-tuned,
7619,fine-tuned,"Red,Green,Blue"
7620,fine-tuned,
7621,fine-tuned,
7622,fine-tuned,"Red,Blue,Yellow"
7623,fine-tuned,"Red,Purple,Yellow"
7624,fine-tuned,
7625,fine-tuned,"Blue,Orange"
7626,fine-tuned,"Green,Yellow,Orange"
7627,fine-tuned,"Red,Yellow,Purple"
7628,fine-tuned,
7629,fine-tuned,
7630,fine-tuned,
7631,fine-tuned,
7632,fine-tuned,"Blue,Red,Green"
7633,fine-tuned,
7634,fine-tuned,Red
7635,fine-tuned,"Orange,Purple,Purple"
7636,fine-tuned,
7637,fine-tuned,
7638,fine-tuned,
7639,fine-tuned,
7640,fine-tuned,
7641,fine-tuned,"Red,Blue,Green"
7642,fine-tuned,
7643,fine-tuned,"Red,Orange,Blue"
7644,fine-tuned,
7645,fine-tuned,
7646,fine-tuned,"Yellow,Blue"
7647,fine-tuned,
7648,fine-tuned,
7649,fine-tuned,
7650,fine-tuned,
7651,fine-tuned,
7652,fine-tuned,
7653,fine-tuned,
7654,fine-tuned,"Red,Blue,Yellow"
7655,fine-tuned,
7656,fine-tuned,"Red,Blue,Orange"
7657,fine-tuned,
7658,fine-tuned,
7659,fine-tuned,"Red,Green,Yellow"
7660,fine-tuned,
7661,fine-tuned,
7662,fine-tuned,"Red,Blue,Yellow"
7663,fine-tuned,
7664,fine-tuned,
7665,fine-tuned,"Red,Green,Orange"
7666,fine-tuned,
7667,fine-tuned,
7668,fine-tuned,
7669,fine-tuned,"Red,Yellow,Red"
7670,fine-tuned,"Red,Purple,Blue"
7671,fine-tuned,
7672,fine-tuned,
7673,fine-tuned,
7674,fine-tuned,
7675,fine-tuned,
7676,fine-tuned,
7677,fine-tuned,
7678,fine-tuned,"Red,Blue,Green"
7679,fine-tuned,"Red,Blue,Blue"
7680,fine-tuned,
7681,fine-tuned,
7682,fine-tuned,"Red,Blue,Purple"
7683,fine-tuned,
7684,fine-tuned,
7685,fine-tuned,"Purple,Red,Yellow"
7686,fine-tuned,
7687,fine-tuned,"Red,Orange,Purple"
7688,fine-tuned,
7689,fine-tuned,
7690,fine-tuned,Purple
7691,fine-tuned,
7692,fine-tuned,"Blue,Yellow,Green"
7693,fine-tuned,"Red,Green,Orange"
7694,fine-tuned,Red
7695,fine-tuned,
7696,fine-tuned,"Red,Blue,Green"
7697,fine-tuned,
7698,fine-tuned,"Red,Red,Red"
7699,fine-tuned,"Blue,Purple,Green"
7700,fine-tuned,"Blue,Green,Blue"
7701,fine-tuned,
7702,fine-tuned,"Red,Blue,Green"
7703,fine-tuned,
7704,fine-tuned,"Orange,Red,Green"
7705,fine-tuned,
7706,fine-tuned,"Green,Green"
7707,fine-tuned,
7708,fine-tuned,
7709,fine-tuned,
7710,fine-tuned,
7711,fine-tuned,
7712,fine-tuned,"Red,Green,Blue"
7713,fine-tuned,"Red,Blue,Yellow"
7714,fine-tuned,"Blue,Blue"
7715,fine-tuned,
7716,fine-tuned,"Blue,Yellow,Green"
7717,fine-tuned,"Red,Yellow,Purple"
7718,fine-tuned,
7719,fine-tuned,
7720,fine-tuned,"Red,Blue,Yellow"
7721,fine-tuned,
7722,fine-tuned,
7723,fine-tuned,
7724,fine-tuned,"Blue,Red,Green"
7725,fine-tuned,
7726,fine-tuned,Red
7727,fine-tuned,"Green,Red,Blue"
7728,fine-tuned,
7729,fine-tuned,
7730,fine-tuned,
7731,fine-tuned,
7732,fine-tuned,
7733,fine-tuned,"Red,Blue"
7734,fine-tuned,
7735,fine-tuned,
7736,fine-tuned,"Red,Orange,Blue"
7737,fine-tuned,
7738,fine-tuned,Red
7739,fine-tuned,"Red,Blue,Yellow"
7740,fine-tuned,
7741,fine-tuned,
7742,fine-tuned,
7743,fine-tuned,
7744,fine-tuned,
7745,fine-tuned,
7746,fine-tuned,"Red,Purple,Green"
7747,fine-tuned,
7748,fine-tuned,"Yellow,Orange,Blue"
7749,fine-tuned,"Red,Green,Yellow"
7750,fine-tuned,
7751,fine-tuned,
7752,fine-tuned,
7753,fine-tuned,
7754,fine-tuned,
7755,fine-tuned,
7756,fine-tuned,"Red,Green,Blue"
7757,fine-tuned,"Blue,Yellow,Red"
7758,fine-tuned,"Red,Green,Yellow"
7759,fine-tuned,"Red,Blue,Green"
7760,fine-tuned,
7761,fine-tuned,
7762,fine-tuned,
7763,fine-tuned,Blue
7764,fine-tuned,
7765,fine-tuned,
7766,fine-tuned,"Red,Orange,Green"
7767,fine-tuned,"Red,Green,Yellow"
7768,fine-tuned,
7769,fine-tuned,"Red,Purple,Purple"
7770,fine-tuned,
7771,fine-tuned,
7772,fine-tuned,
7773,fine-tuned,
7774,fine-tuned,"Red,Green,Blue"
7775,fine-tuned,"Blue,Green,Orange"
7776,fine-tuned,"Blue,Green,Red"
7777,fine-tuned,
7778,fine-tuned,
7779,fine-tuned,Green
7780,fine-tuned,
7781,fine-tuned,"Red,Green,Yellow"
7782,fine-tuned,"Red,Purple,Red"
7783,fine-tuned,"Red,Green,Blue"
7784,fine-tuned,
7785,fine-tuned,
7786,fine-tuned,
7787,fine-tuned,
7788,fine-tuned,
7789,fine-tuned,
7790,fine-tuned,"Red,Yellow,Purple"
7791,fine-tuned,"Red,Red,Green"
7792,fine-tuned,
7793,fine-tuned,
7794,fine-tuned,
7795,fine-tuned,
7796,fine-tuned,"Orange,Blue,Red"
7797,fine-tuned,
7798,fine-tuned,"Red,Orange,Yellow"
7799,fine-tuned,
7800,fine-tuned,
7801,fine-tuned,
7802,fine-tuned,Red
7803,fine-tuned,Blue
7804,fine-tuned,
7805,fine-tuned,
7806,fine-tuned,"Red,Yellow,Blue"
7807,fine-tuned,
7808,fine-tuned,
7809,fine-tuned,"Red,Yellow"
7810,fine-tuned,
7811,fine-tuned,"Red,Orange,Green"
7812,fine-tuned,
7813,fine-tuned,"Red,Green,Red"
7814,fine-tuned,
7815,fine-tuned,
7816,fine-tuned,"Red,Orange,Purple"
7817,fine-tuned,
7818,fine-tuned,"Yellow,Yellow,Blue"
7819,fine-tuned,
7820,fine-tuned,"Red,Blue,Yellow"
7821,fine-tuned,
7822,fine-tuned,
7823,fine-tuned,
7824,fine-tuned,
7825,fine-tuned,
7826,fine-tuned,
7827,fine-tuned,"Red,Blue,Purple"
7828,fine-tuned,Red
7829,fine-tuned,"Green,Yellow,Red"
7830,fine-tuned,"Yellow,Orange,Green"
7831,fine-tuned,"Red,Green,Blue"
7832,fine-tuned,
7833,fine-tuned,
7834,fine-tuned,
7835,fine-tuned,
7836,fine-tuned,
7837,fine-tuned,
7838,fine-tuned,
7839,fine-tuned,"Blue,Red,Yellow"
7840,fine-tuned,"Red,Red,Orange"
7841,fine-tuned,"Orange,Red,Green"
7842,fine-tuned,
7843,fine-tuned,"Blue,Green,Red"
7844,fine-tuned,"Red,Red,Red"
7845,fine-tuned,
7846,fine-tuned,"Red,Blue,Yellow"
7847,fine-tuned,
7848,fine-tuned,
7849,fine-tuned,
7850,fine-tuned,
7851,fine-tuned,
7852,fine-tuned,"Red,Yellow"
7853,fine-tuned,"Red,Blue,Yellow"
7854,fine-tuned,
7855,fine-tuned,"Red,Green,Blue"
7856,fine-tuned,
7857,fine-tuned,
7858,fine-tuned,
7859,fine-tuned,Red
7860,fine-tuned,
7861,fine-tuned,"Red,Blue,Purple"
7862,fine-tuned,"Red,Blue,Green"
7863,fine-tuned,
7864,fine-tuned,
7865,fine-tuned,
7866,fine-tuned,
7867,fine-tuned,"Red,Yellow,Orange"
7868,fine-tuned,"Orange,Yellow"
7869,fine-tuned,"Blue,Red,Green"
7870,fine-tuned,
7871,fine-tuned,
7872,fine-tuned,
7873,fine-tuned,
7874,fine-tuned,"Green,Purple,Red"
7875,fine-tuned,
7876,fine-tuned,
7877,fine-tuned,Red
7878,fine-tuned,
7879,fine-tuned,
7880,fine-tuned,
7881,fine-tuned,
7882,fine-tuned,
7883,fine-tuned,Red
7884,fine-tuned,
7885,fine-tuned,
7886,fine-tuned,
7887,fine-tuned,
7888,fine-tuned,
7889,fine-tuned,"Green,Yellow,Purple"
7890,fine-tuned,
7891,fine-tuned,
7892,fine-tuned,
7893,fine-tuned,
7894,fine-tuned,"Red,Green"
7895,fine-tuned,
7896,fine-tuned,
7897,fine-tuned,"Red,Blue,Green"
7898,fine-tuned,"Red,Blue,Orange"
7899,fine-tuned,
7900,fine-tuned,
7901,fine-tuned,
7902,fine-tuned,
7903,fine-tuned,
7904,fine-tuned,"Red,Green"
7905,fine-tuned,"Red,Blue,Purple"
7906,fine-tuned,"Red,Blue,Yellow"
7907,fine-tuned,"Red,Purple,Red"
7908,fine-tuned,
7909,fine-tuned,
7910,fine-tuned,"Blue,Red,Orange"
7911,fine-tuned,
7912,fine-tuned,
7913,fine-tuned,"Red,Blue,Purple"
7914,fine-tuned,
7915,fine-tuned,
7916,fine-tuned,"Red,Orange,Yellow"
7917,fine-tuned,"Red,Blue,Green"
7918,fine-tuned,"Purple,Green"
7919,fine-tuned,"Red,Blue,Orange"
7920,fine-tuned,"Red,Green,Purple"
7921,fine-tuned,
7922,fine-tuned,"Red,Orange,Green"
7923,fine-tuned,
7924,fine-tuned,
7925,fine-tuned,
7926,fine-tuned,"Red,Blue,Green"
7927,fine-tuned,
7928,fine-tuned,"Red,Yellow"
7929,fine-tuned,
7930,fine-tuned,"Blue,Green,Red"
7931,fine-tuned,"Yellow,Blue,Orange"
7932,fine-tuned,
7933,fine-tuned,"Red,Blue,Yellow"
7934,fine-tuned,
7935,fine-tuned,
7936,fine-tuned,"Red,Red,Red"
7937,fine-tuned,
7938,fine-tuned,
7939,fine-tuned,
7940,fine-tuned,"Blue,Green,Red"
7941,fine-tuned,
7942,fine-tuned,"Orange,Blue,Purple"
7943,fine-tuned,
7944,fine-tuned,"Green,Red,Blue"
7945,fine-tuned,
7946,fine-tuned,
7947,fine-tuned,
7948,fine-tuned,"Green,Purple,Red"
7949,fine-tuned,"Green,Red"
7950,fine-tuned,
7951,fine-tuned,"Red,Yellow,Blue"
7952,fine-tuned,
7953,fine-tuned,"Blue,Red,Purple"
7954,fine-tuned,"Red,Yellow,Orange"
7955,fine-tuned,
7956,fine-tuned,"Red,Green,Yellow"
7957,fine-tuned,Red
7958,fine-tuned,"Red,Blue"
7959,fine-tuned,
7960,fine-tuned,Blue
7961,fine-tuned,"Blue,Red"
7962,fine-tuned,
7963,fine-tuned,"Red,Red,Yellow"
7964,fine-tuned,
7965,fine-tuned,"Blue,Red,Red"
7966,fine-tuned,
7967,fine-tuned,"Red,Blue,Green"
7968,fine-tuned,"Purple,Red,Blue"
7969,fine-tuned,
7970,fine-tuned,"Red,Green,Purple"
7971,fine-tuned,"Red,Blue,Yellow"
7972,fine-tuned,
7973,fine-tuned,
7974,fine-tuned,
7975,fine-tuned,"Red,Green,Purple"
7976,fine-tuned,"Red,Yellow,Purple"
7977,fine-tuned,Yellow
7978,fine-tuned,
7979,fine-tuned,
7980,fine-tuned,
7981,fine-tuned,
7982,fine-tuned,"Orange,Blue,Purple"
7983,fine-tuned,"Orange,Blue,Red"
7984,fine-tuned,"Red,Blue,Orange"
7985,fine-tuned,
7986,fine-tuned,
7987,fine-tuned,
7988,fine-tuned,
7989,fine-tuned,"Purple,Yellow,Green"
7990,fine-tuned,
7991,fine-tuned,"Red,Yellow,Yellow"
7992,fine-tuned,
7993,fine-tuned,
7994,fine-tuned,
7995,fine-tuned,"Red,Green"
7996,fine-tuned,"Red,Red,Blue"
7997,fine-tuned,"Orange,Blue,Green"
7998,fine-tuned,"Red,Yellow,Green"
7999,fine-tuned,
8000,fine-tuned,
8001,fine-tuned,
8002,fine-tuned,"Red,Yellow"
8003,fine-tuned,"Red,Blue"
8004,fine-tuned,
8005,fine-tuned,
8006,fine-tuned,"Red,Purple"
8007,fine-tuned,
8008,fine-tuned,"Red,Blue,Green"
8009,fine-tuned,"Red,Blue,Green"
8010,fine-tuned,"Blue,Red,Blue"
8011,fine-tuned,
8012,fine-tuned,
8013,fine-tuned,
8014,fine-tuned,
8015,fine-tuned,
8016,fine-tuned,
8017,fine-tuned,
8018,fine-tuned,
8019,fine-tuned,"Red,Blue,Green"
8020,fine-tuned,"Red,Blue,Orange"
8021,fine-tuned,
8022,fine-tuned,
8023,fine-tuned,"Red,Yellow,Orange"
8024,fine-tuned,
8025,fine-tuned,
8026,fine-tuned,"Red,Blue,Green"
8027,fine-tuned,"Red,Blue,Green"
8028,fine-tuned,"Red,Green,Green"
8029,fine-tuned,
8030,fine-tuned,"Red,Blue,Yellow"
8031,fine-tuned,
8032,fine-tuned,"Red,Orange,Yellow"
8033,fine-tuned,
8034,fine-tuned,
8035,fine-tuned,
8036,fine-tuned,"Red,Orange,Green"
8037,fine-tuned,
8038,fine-tuned,
8039,fine-tuned,"Red,Orange,Blue"
8040,fine-tuned,"Blue,Green"
8041,fine-tuned,
8042,fine-tuned,Red
8043,fine-tuned,"Red,Blue,Orange"
8044,fine-tuned,
8045,fine-tuned,
8046,fine-tuned,"Blue,Yellow,Red"
8047,fine-tuned,
8048,fine-tuned,Red
8049,fine-tuned,"Red,Blue,Red"
8050,fine-tuned,
8051,fine-tuned,"Red,Red,Blue"
8052,fine-tuned,
8053,fine-tuned,
8054,fine-tuned,
8055,fine-tuned,Red
8056,fine-tuned,"Red,Green,Yellow"
8057,fine-tuned,
8058,fine-tuned,"Red,Blue,Purple"
8059,fine-tuned,
8060,fine-tuned,"Red,Blue,Green"
8061,fine-tuned,"Red,Orange,Green"
8062,fine-tuned,"Blue,Red,Green"
8063,fine-tuned,"Red,Orange"
8064,fine-tuned,
8065,fine-tuned,"Red,Red,Yellow"
8066,fine-tuned,
8067,fine-tuned,
8068,fine-tuned,"Red,Purple,Blue"
8069,fine-tuned,
8070,fine-tuned,"Red,Green,Red"
8071,fine-tuned,
8072,fine-tuned,"Purple,Green,Purple"
8073,fine-tuned,"Red,Green,Blue"
8074,fine-tuned,Red
8075,fine-tuned,
8076,fine-tuned,
8077,fine-tuned,
8078,fine-tuned,"Green,Red,Red"
8079,fine-tuned,"Red,Blue,Green"
8080,fine-tuned,"Red,Blue,Green"
8081,fine-tuned,"Red,Green,Red"
8082,fine-tuned,"Red,Green,Blue"
8083,fine-tuned,"Red,Blue,Yellow"
8084,fine-tuned,
8085,fine-tuned,
8086,fine-tuned,
8087,fine-tuned,"Red,Purple,Yellow"
8088,fine-tuned,
8089,fine-tuned,Green
8090,fine-tuned,
8091,fine-tuned,
8092,fine-tuned,"Red,Yellow,Green"
8093,fine-tuned,"Blue,Green,Orange"
8094,fine-tuned,
8095,fine-tuned,"Red,Red,Green"
8096,fine-tuned,
8097,fine-tuned,"Blue,Yellow"
8098,fine-tuned,
8099,fine-tuned,
8100,fine-tuned,
8101,fine-tuned,
8102,fine-tuned,
8103,fine-tuned,
8104,fine-tuned,
8105,fine-tuned,
8106,fine-tuned,"Blue,Yellow,Orange"
8107,fine-tuned,"Red,Green,Blue"
8108,fine-tuned,
8109,fine-tuned,"Red,Orange,Blue"
8110,fine-tuned,
8111,fine-tuned,
8112,fine-tuned,
8113,fine-tuned,
8114,fine-tuned,"Blue,Yellow,Green"
8115,fine-tuned,"Red,Green,Yellow"
8116,fine-tuned,
8117,fine-tuned,
8118,fine-tuned,
8119,fine-tuned,
8120,fine-tuned,"Yellow,Red"
8121,fine-tuned,"Green,Orange,Purple"
8122,fine-tuned,
8123,fine-tuned,
8124,fine-tuned,
8125,fine-tuned,"Blue,Red,Purple"
8126,fine-tuned,
8127,fine-tuned,"Yellow,Blue,Green"
8128,fine-tuned,"Red,Green,Red"
8129,fine-tuned,
8130,fine-tuned,
8131,fine-tuned,"Red,Blue,Green"
8132,fine-tuned,"Green,Blue,Purple"
8133,fine-tuned,
8134,fine-tuned,
8135,fine-tuned,
8136,fine-tuned,Yellow
8137,fine-tuned,"Yellow,Red,Purple"
8138,fine-tuned,
8139,fine-tuned,
8140,fine-tuned,"Red,Red,Blue"
8141,fine-tuned,
8142,fine-tuned,
8143,fine-tuned,
8144,fine-tuned,"Red,Green,Blue"
8145,fine-tuned,Yellow
8146,fine-tuned,
8147,fine-tuned,"Blue,Purple,Yellow"
8148,fine-tuned,Red
8149,fine-tuned,
8150,fine-tuned,"Red,Blue,Orange"
8151,fine-tuned,
8152,fine-tuned,
8153,fine-tuned,"Red,Blue,Purple"
8154,fine-tuned,"Red,Yellow,Blue"
8155,fine-tuned,"Red,Blue,Green"
8156,fine-tuned,"Red,Blue"
8157,fine-tuned,
8158,fine-tuned,
8159,fine-tuned,
8160,fine-tuned,
8161,fine-tuned,
8162,fine-tuned,
8163,fine-tuned,"Blue,Yellow,Red"
8164,fine-tuned,
8165,fine-tuned,"Green,Orange,Green"
8166,fine-tuned,"Red,Blue,Green"
8167,fine-tuned,
8168,fine-tuned,
8169,fine-tuned,
8170,fine-tuned,"Red,Yellow,Blue"
8171,fine-tuned,
8172,fine-tuned,
8173,fine-tuned,"Red,Yellow,Orange"
8174,fine-tuned,
8175,fine-tuned,
8176,fine-tuned,"Red,Red"
8177,fine-tuned,"Red,Blue,Green"
8178,fine-tuned,"Red,Green,Orange"
8179,fine-tuned,"Green,Orange"
8180,fine-tuned,Red
8181,fine-tuned,
8182,fine-tuned,
8183,fine-tuned,
8184,fine-tuned,
8185,fine-tuned,
8186,fine-tuned,
8187,fine-tuned,
8188,fine-tuned,
8189,fine-tuned,
8190,fine-tuned,"Yellow,Red,Red"
8191,fine-tuned,"Orange,Orange"
8192,fine-tuned,"Orange,Green,Red"
8193,fine-tuned,Green
8194,fine-tuned,"Orange,Blue,Red"
8195,fine-tuned,
8196,fine-tuned,"Green,Blue,Blue"
8197,fine-tuned,"Red,Red,Blue"
8198,fine-tuned,"Green,Yellow,Green"
8199,fine-tuned,
8200,fine-tuned,"Red,Blue,Green"
8201,fine-tuned,
8202,fine-tuned,
8203,fine-tuned,"Red,Blue,Green"
8204,fine-tuned,
8205,fine-tuned,Orange
8206,fine-tuned,
8207,fine-tuned,"Red,Blue,Blue"
8208,fine-tuned,
8209,fine-tuned,
8210,fine-tuned,"Red,Green,Red"
8211,fine-tuned,
8212,fine-tuned,
8213,fine-tuned,
8214,fine-tuned,
8215,fine-tuned,"Green,Red,Green"
8216,fine-tuned,"Purple,Green,Yellow"
8217,fine-tuned,"Red,Yellow,Yellow"
8218,fine-tuned,"Blue,Red"
8219,fine-tuned,"Red,Blue,Blue"
8220,fine-tuned,"Red,Green,Blue"
8221,fine-tuned,"Blue,Green,Orange"
8222,fine-tuned,
8223,fine-tuned,
8224,fine-tuned,
8225,fine-tuned,
8226,fine-tuned,"Blue,Purple,Green"
8227,fine-tuned,
8228,fine-tuned,
8229,fine-tuned,
8230,fine-tuned,
8231,fine-tuned,
8232,fine-tuned,"Yellow,Purple,Red"
8233,fine-tuned,"Red,Yellow,Green"
8234,fine-tuned,
8235,fine-tuned,Purple
8236,fine-tuned,"Orange,Yellow,Purple"
8237,fine-tuned,
8238,fine-tuned,
8239,fine-tuned,
8240,fine-tuned,
8241,fine-tuned,"Blue,Orange,Yellow"
8242,fine-tuned,
8243,fine-tuned,
8244,fine-tuned,
8245,fine-tuned,"Red,Blue,Yellow"
8246,fine-tuned,"Red,Blue,Yellow"
8247,fine-tuned,"Blue,Red,Purple"
8248,fine-tuned,
8249,fine-tuned,
8250,fine-tuned,
8251,fine-tuned,
8252,fine-tuned,
8253,fine-tuned,"Purple,Blue,Red"
8254,fine-tuned,
8255,fine-tuned,
8256,fine-tuned,
8257,fine-tuned,
8258,fine-tuned,"Purple,Red,Yellow"
8259,fine-tuned,
8260,fine-tuned,"Red,Blue,Green"
8261,fine-tuned,
8262,fine-tuned,
8263,fine-tuned,
8264,fine-tuned,
8265,fine-tuned,"Red,Red,Yellow"
8266,fine-tuned,
8267,fine-tuned,"Blue,Purple,Orange"
8268,fine-tuned,
8269,fine-tuned,"Blue,Orange,Red"
8270,fine-tuned,"Yellow,Orange,Yellow"
8271,fine-tuned,
8272,fine-tuned,
8273,fine-tuned,
8274,fine-tuned,
8275,fine-tuned,
8276,fine-tuned,
8277,fine-tuned,"Blue,Purple"
8278,fine-tuned,
8279,fine-tuned,"Red,Green,Green"
8280,fine-tuned,
8281,fine-tuned,
8282,fine-tuned,
8283,fine-tuned,"Red,Green,Blue"
8284,fine-tuned,
8285,fine-tuned,
8286,fine-tuned,Red
8287,fine-tuned,
8288,fine-tuned,
8289,fine-tuned,"Blue,Red,Yellow"
8290,fine-tuned,
8291,fine-tuned,
8292,fine-tuned,"Red,Blue,Red"
8293,fine-tuned,"Red,Orange,Green"
8294,fine-tuned,
8295,fine-tuned,"Green,Yellow"
8296,fine-tuned,"Red,Blue,Yellow"
8297,fine-tuned,
8298,fine-tuned,
8299,fine-tuned,
8300,fine-tuned,"Red,Green"
8301,fine-tuned,
8302,fine-tuned,"Red,Yellow,Orange"
8303,fine-tuned,"Red,Orange"
8304,fine-tuned,
8305,fine-tuned,
8306,fine-tuned,
8307,fine-tuned,
8308,fine-tuned,"Red,Blue,Green"
8309,fine-tuned,
8310,fine-tuned,"Blue,Green,Orange"
8311,fine-tuned,"Red,Purple,Orange"
8312,fine-tuned,
8313,fine-tuned,
8314,fine-tuned,
8315,fine-tuned,
8316,fine-tuned,"Blue,Red,Yellow"
8317,fine-tuned,
8318,fine-tuned,
8319,fine-tuned,
8320,fine-tuned,
8321,fine-tuned,
8322,fine-tuned,
8323,fine-tuned,
8324,fine-tuned,"Red,Orange,Green"
8325,fine-tuned,
8326,fine-tuned,
8327,fine-tuned,
8328,fine-tuned,"Green,Red,Green"
8329,fine-tuned,Purple
8330,fine-tuned,
8331,fine-tuned,
8332,fine-tuned,
8333,fine-tuned,"Red,Red,Green"
8334,fine-tuned,
8335,fine-tuned,"Red,Blue,Green"
8336,fine-tuned,Yellow
8337,fine-tuned,"Red,Green,Orange"
8338,fine-tuned,"Red,Red"
8339,fine-tuned,"Yellow,Green,Blue"
8340,fine-tuned,"Purple,Red,Yellow"
8341,fine-tuned,
8342,fine-tuned,"Red,Blue,Red"
8343,fine-tuned,
8344,fine-tuned,
8345,fine-tuned,
8346,fine-tuned,
8347,fine-tuned,
8348,fine-tuned,"Red,Green,Orange"
8349,fine-tuned,"Red,Blue,Orange"
8350,fine-tuned,
8351,fine-tuned,"Blue,Orange,Purple"
8352,fine-tuned,"Red,Blue,Green"
8353,fine-tuned,"Blue,Purple,Red"
8354,fine-tuned,Blue
8355,fine-tuned,
8356,fine-tuned,"Red,Blue,Purple"
8357,fine-tuned,"Red,Blue,Purple"
8358,fine-tuned,
8359,fine-tuned,
8360,fine-tuned,
8361,fine-tuned,
8362,fine-tuned,
8363,fine-tuned,
8364,fine-tuned,
8365,fine-tuned,
8366,fine-tuned,"Blue,Yellow"
8367,fine-tuned,
8368,fine-tuned,
8369,fine-tuned,"Red,Purple,Yellow"
8370,fine-tuned,"Red,Blue,Orange"
8371,fine-tuned,
8372,fine-tuned,"Red,Green,Yellow"
8373,fine-tuned,
8374,fine-tuned,
8375,fine-tuned,
8376,fine-tuned,Yellow
8377,fine-tuned,"Blue,Green,Yellow"
8378,fine-tuned,Red
8379,fine-tuned,
8380,fine-tuned,"Red,Yellow,Purple"
8381,fine-tuned,"Red,Yellow,Orange"
8382,fine-tuned,
8383,fine-tuned,"Red,Green"
8384,fine-tuned,
8385,fine-tuned,"Red,Blue,Yellow"
8386,fine-tuned,"Green,Yellow,Red"
8387,fine-tuned,"Red,Green,Orange"
8388,fine-tuned,"Red,Green,Orange"
8389,fine-tuned,Red
8390,fine-tuned,
8391,fine-tuned,Green
8392,fine-tuned,
8393,fine-tuned,
8394,fine-tuned,"Red,Blue,Blue"
8395,fine-tuned,
8396,fine-tuned,"Red,Blue,Green"
8397,fine-tuned,"Red,Blue,Green"
8398,fine-tuned,
8399,fine-tuned,
8400,fine-tuned,
8401,fine-tuned,"Purple,Red,Blue"
8402,fine-tuned,"Blue,Green,Yellow"
8403,fine-tuned,"Red,Blue,Green"
8404,fine-tuned,"Red,Purple,Yellow"
8405,fine-tuned,
8406,fine-tuned,"Red,Blue,Green"
8407,fine-tuned,
8408,fine-tuned,
8409,fine-tuned,
8410,fine-tuned,
8411,fine-tuned,"Orange,Green,Yellow"
8412,fine-tuned,
8413,fine-tuned,"Red,Blue,Red"
8414,fine-tuned,
8415,fine-tuned,
8416,fine-tuned,
8417,fine-tuned,"Red,Red,Orange"
8418,fine-tuned,"Red,Blue,Green"
8419,fine-tuned,
8420,fine-tuned,"Red,Purple,Green"
8421,fine-tuned,"Red,Blue,Green"
8422,fine-tuned,
8423,fine-tuned,"Red,Green,Yellow"
8424,fine-tuned,"Red,Blue,Green"
8425,fine-tuned,"Red,Red,Blue"
8426,fine-tuned,"Red,Green,Purple"
8427,fine-tuned,
8428,fine-tuned,"Red,Yellow"
8429,fine-tuned,
8430,fine-tuned,
8431,fine-tuned,"Blue,Purple,Red"
8432,fine-tuned,
8433,fine-tuned,
8434,fine-tuned,"Purple,Purple,Blue"
8435,fine-tuned,
8436,fine-tuned,Purple
8437,fine-tuned,
8438,fine-tuned,
8439,fine-tuned,
8440,fine-tuned,
8441,fine-tuned,
8442,fine-tuned,
8443,fine-tuned,
8444,fine-tuned,
8445,fine-tuned,"Red,Blue,Green"
8446,fine-tuned,
8447,fine-tuned,
8448,fine-tuned,
8449,fine-tuned,
8450,fine-tuned,"Yellow,Green,Orange"
8451,fine-tuned,"Red,Blue,Yellow"
8452,fine-tuned,
8453,fine-tuned,"Blue,Red,Red"
8454,fine-tuned,Yellow
8455,fine-tuned,
8456,fine-tuned,"Red,Yellow,Green"
8457,fine-tuned,
8458,fine-tuned,
8459,fine-tuned,
8460,fine-tuned,
8461,fine-tuned,"Red,Green,Purple"
8462,fine-tuned,
8463,fine-tuned,"Red,Yellow,Purple"
8464,fine-tuned,
8465,fine-tuned,
8466,fine-tuned,
8467,fine-tuned,
8468,fine-tuned,
8469,fine-tuned,
8470,fine-tuned,
8471,fine-tuned,
8472,fine-tuned,
8473,fine-tuned,
8474,fine-tuned,"Green,Green,Yellow"
8475,fine-tuned,
8476,fine-tuned,
8477,fine-tuned,
8478,fine-tuned,
8479,fine-tuned,"Red,Green,Blue"
8480,fine-tuned,
8481,fine-tuned,
8482,fine-tuned,
8483,fine-tuned,
8484,fine-tuned,Blue
8485,fine-tuned,"Orange,Blue,Red"
8486,fine-tuned,
8487,fine-tuned,
8488,fine-tuned,
8489,fine-tuned,
8490,fine-tuned,
8491,fine-tuned,"Blue,Orange,Orange"
8492,fine-tuned,
8493,fine-tuned,
8494,fine-tuned,
8495,fine-tuned,
8496,fine-tuned,"Red,Blue"
8497,fine-tuned,
8498,fine-tuned,
8499,fine-tuned,Orange
8500,fine-tuned,"Red,Green,Yellow"
8501,fine-tuned,
8502,fine-tuned,
8503,fine-tuned,
8504,fine-tuned,
8505,fine-tuned,
8506,fine-tuned,
8507,fine-tuned,"Red,Green,Red"
8508,fine-tuned,
8509,fine-tuned,
8510,fine-tuned,"Blue,Red,Yellow"
8511,fine-tuned,
8512,fine-tuned,
8513,fine-tuned,
8514,fine-tuned,
8515,fine-tuned,"Red,Blue,Yellow"
8516,fine-tuned,
8517,fine-tuned,
8518,fine-tuned,
8519,fine-tuned,
8520,fine-tuned,"Green,Green,Orange"
8521,fine-tuned,
8522,fine-tuned,
8523,fine-tuned,
8524,fine-tuned,
8525,fine-tuned,
8526,fine-tuned,"Blue,Green,Orange"
8527,fine-tuned,
8528,fine-tuned,"Red,Green,Purple"
8529,fine-tuned,"Yellow,Orange"
8530,fine-tuned,
8531,fine-tuned,"Red,Green,Purple"
8532,fine-tuned,
8533,fine-tuned,
8534,fine-tuned,
8535,fine-tuned,"Blue,Green,Orange"
8536,fine-tuned,"Red,Blue"
8537,fine-tuned,
8538,fine-tuned,Blue
8539,fine-tuned,
8540,fine-tuned,"Orange,Purple"
8541,fine-tuned,
8542,fine-tuned,
8543,fine-tuned,
8544,fine-tuned,
8545,fine-tuned,
8546,fine-tuned,"Red,Blue,Blue"
8547,fine-tuned,
8548,fine-tuned,
8549,fine-tuned,
8550,fine-tuned,"Red,Yellow,Purple"
8551,fine-tuned,
8552,fine-tuned,"Red,Orange,Yellow"
8553,fine-tuned,
8554,fine-tuned,
8555,fine-tuned,
8556,fine-tuned,"Red,Orange,Blue"
8557,fine-tuned,"Red,Yellow,Blue"
8558,fine-tuned,
8559,fine-tuned,
8560,fine-tuned,"Red,Blue"
8561,fine-tuned,Red
8562,fine-tuned,
8563,fine-tuned,"Red,Blue,Green"
8564,fine-tuned,
8565,fine-tuned,
8566,fine-tuned,
8567,fine-tuned,
8568,fine-tuned,
8569,fine-tuned,"Red,Blue,Green"
8570,fine-tuned,
8571,fine-tuned,Red
8572,fine-tuned,
8573,fine-tuned,"Red,Blue,Green"
8574,fine-tuned,
8575,fine-tuned,"Blue,Green,Red"
8576,fine-tuned,
8577,fine-tuned,
8578,fine-tuned,"Orange,Green,Green"
8579,fine-tuned,
8580,fine-tuned,"Yellow,Red,Green"
8581,fine-tuned,
8582,fine-tuned,
8583,fine-tuned,
8584,fine-tuned,
8585,fine-tuned,"Red,Yellow,Green"
8586,fine-tuned,
8587,fine-tuned,"Red,Yellow,Blue"
8588,fine-tuned,
8589,fine-tuned,
8590,fine-tuned,"Red,Blue,Green"
8591,fine-tuned,"Red,Blue,Red"
8592,fine-tuned,
8593,fine-tuned,
8594,fine-tuned,"Red,Green,Orange"
8595,fine-tuned,
8596,fine-tuned,
8597,fine-tuned,
8598,fine-tuned,"Red,Blue,Green"
8599,fine-tuned,
8600,fine-tuned,"Red,Blue,Green"
8601,fine-tuned,
8602,fine-tuned,
8603,fine-tuned,"Blue,Yellow,Green"
8604,fine-tuned,"Green,Green"
8605,fine-tuned,Green
8606,fine-tuned,"Yellow,Red,Blue"
8607,fine-tuned,
8608,fine-tuned,
8609,fine-tuned,
8610,fine-tuned,
8611,fine-tuned,"Red,Blue"
8612,fine-tuned,"Red,Blue,Green"
8613,fine-tuned,
8614,fine-tuned,
8615,fine-tuned,"Blue,Yellow,Purple"
8616,fine-tuned,
8617,fine-tuned,
8618,fine-tuned,
8619,fine-tuned,Red
8620,fine-tuned,
8621,fine-tuned,
8622,fine-tuned,"Red,Green,Yellow"
8623,fine-tuned,
8624,fine-tuned,
8625,fine-tuned,
8626,fine-tuned,"Blue,Green,Yellow"
8627,fine-tuned,"Red,Yellow,Yellow"
8628,fine-tuned,
8629,fine-tuned,
8630,fine-tuned,"Red,Blue,Green"
8631,fine-tuned,
8632,fine-tuned,
8633,fine-tuned,
8634,fine-tuned,"Red,Purple,Green"
8635,fine-tuned,
8636,fine-tuned,
8637,fine-tuned,"Red,Blue,Green"
8638,fine-tuned,
8639,fine-tuned,
8640,fine-tuned,
8641,fine-tuned,"Red,Blue,Yellow"
8642,fine-tuned,"Red,Green,Red"
8643,fine-tuned,
8644,fine-tuned,"Green,Purple,Green"
8645,fine-tuned,"Red,Orange,Purple"
8646,fine-tuned,
8647,fine-tuned,"Red,Green,Orange"
8648,fine-tuned,
8649,fine-tuned,"Yellow,Red,Blue"
8650,fine-tuned,
8651,fine-tuned,"Yellow,Red,Blue"
8652,fine-tuned,
8653,fine-tuned,"Blue,Green,Orange"
8654,fine-tuned,"Green,Purple,Green"
8655,fine-tuned,"Blue,Yellow,Purple"
8656,fine-tuned,"Blue,Red,Purple"
8657,fine-tuned,"Blue,Orange,Green"
8658,fine-tuned,"Blue,Orange,Yellow"
8659,fine-tuned,
8660,fine-tuned,
8661,fine-tuned,
8662,fine-tuned,
8663,fine-tuned,"Green,Red,Green"
8664,fine-tuned,
8665,fine-tuned,"Red,Red,Blue"
8666,fine-tuned,
8667,fine-tuned,
8668,fine-tuned,
8669,fine-tuned,"Yellow,Green"
8670,fine-tuned,
8671,fine-tuned,Red
8672,fine-tuned,"Red,Blue,Yellow"
8673,fine-tuned,
8674,fine-tuned,"Red,Yellow,Purple"
8675,fine-tuned,"Red,Yellow,Purple"
8676,fine-tuned,
8677,fine-tuned,"Blue,Purple"
8678,fine-tuned,"Red,Green"
8679,fine-tuned,
8680,fine-tuned,
8681,fine-tuned,
8682,fine-tuned,
8683,fine-tuned,"Red,Blue,Yellow"
8684,fine-tuned,
8685,fine-tuned,
8686,fine-tuned,"Green,Yellow,Orange"
8687,fine-tuned,
8688,fine-tuned,"Blue,Green,Blue"
8689,fine-tuned,
8690,fine-tuned,"Red,Red,Red"
8691,fine-tuned,Purple
8692,fine-tuned,
8693,fine-tuned,"Green,Yellow,Purple"
8694,fine-tuned,"Red,Blue,Yellow"
8695,fine-tuned,Yellow
8696,fine-tuned,
8697,fine-tuned,
8698,fine-tuned,
8699,fine-tuned,
8700,fine-tuned,"Red,Blue,Green"
8701,fine-tuned,
8702,fine-tuned,"Blue,Green,Orange"
8703,fine-tuned,"Blue,Red,Yellow"
8704,fine-tuned,
8705,fine-tuned,
8706,fine-tuned,
8707,fine-tuned,Red
8708,fine-tuned,"Red,Blue,Green"
8709,fine-tuned,
8710,fine-tuned,
8711,fine-tuned,
8712,fine-tuned,
8713,fine-tuned,"Green,Yellow,Purple"
8714,fine-tuned,
8715,fine-tuned,
8716,fine-tuned,"Red,Yellow,Green"
8717,fine-tuned,"Red,Red,Blue"
8718,fine-tuned,
8719,fine-tuned,"Red,Green,Yellow"
8720,fine-tuned,"Red,Blue"
8721,fine-tuned,"Red,Blue"
8722,fine-tuned,
8723,fine-tuned,"Red,Blue,Green"
8724,fine-tuned,"Green,Orange,Green"
8725,fine-tuned,"Yellow,Green"
8726,fine-tuned,"Red,Yellow,Purple"
8727,fine-tuned,
8728,fine-tuned,
8729,fine-tuned,"Blue,Blue,Yellow"
8730,fine-tuned,
8731,fine-tuned,Red
8732,fine-tuned,
8733,fine-tuned,
8734,fine-tuned,
8735,fine-tuned,"Green,Blue,Red"
8736,fine-tuned,
8737,fine-tuned,"Red,Blue,Red"
8738,fine-tuned,
8739,fine-tuned,
8740,fine-tuned,
8741,fine-tuned,
8742,fine-tuned,
8743,fine-tuned,
8744,fine-tuned,"Orange,Red,Orange"
8745,fine-tuned,
8746,fine-tuned,"Blue,Green,Red"
8747,fine-tuned,
8748,fine-tuned,Red
8749,fine-tuned,"Yellow,Orange"
8750,fine-tuned,"Red,Blue,Red"
8751,fine-tuned,"Red,Blue,Green"
8752,fine-tuned,
8753,fine-tuned,
8754,fine-tuned,"Blue,Blue,Blue"
8755,fine-tuned,"Red,Orange,Orange"
8756,fine-tuned,Red
8757,fine-tuned,
8758,fine-tuned,
8759,fine-tuned,
8760,fine-tuned,"Red,Blue,Orange"
8761,fine-tuned,
8762,fine-tuned,
8763,fine-tuned,"Red,Green,Green"
8764,fine-tuned,"Red,Purple,Yellow"
8765,fine-tuned,
8766,fine-tuned,
8767,fine-tuned,
8768,fine-tuned,"Red,Green,Purple"
8769,fine-tuned,
8770,fine-tuned,
8771,fine-tuned,
8772,fine-tuned,"Red,Green,Green"
8773,fine-tuned,
8774,fine-tuned,
8775,fine-tuned,
8776,fine-tuned,
8777,fine-tuned,"Red,Red"
8778,fine-tuned,
8779,fine-tuned,
8780,fine-tuned,
8781,fine-tuned,
8782,fine-tuned,
8783,fine-tuned,"Orange,Blue,Yellow"
8784,fine-tuned,"Blue,Green"
8785,fine-tuned,
8786,fine-tuned,
8787,fine-tuned,
8788,fine-tuned,
8789,fine-tuned,
8790,fine-tuned,"Red,Yellow,Yellow"
8791,fine-tuned,"Red,Blue,Green"
8792,fine-tuned,
8793,fine-tuned,
8794,fine-tuned,
8795,fine-tuned,
8796,fine-tuned,"Red,Blue"
8797,fine-tuned,Blue
8798,fine-tuned,Red
8799,fine-tuned,"Blue,Orange,Red"
8800,fine-tuned,
8801,fine-tuned,
8802,fine-tuned,"Red,Green,Orange"
8803,fine-tuned,"Red,Blue,Blue"
8804,fine-tuned,"Red,Blue,Orange"
8805,fine-tuned,
8806,fine-tuned,
8807,fine-tuned,
8808,fine-tuned,"Red,Blue,Yellow"
8809,fine-tuned,
8810,fine-tuned,"Red,Purple,Yellow"
8811,fine-tuned,"Red,Blue,Orange"
8812,fine-tuned,
8813,fine-tuned,"Red,Green,Blue"
8814,fine-tuned,"Blue,Blue,Red"
8815,fine-tuned,
8816,fine-tuned,"Blue,Blue,Red"
8817,fine-tuned,
8818,fine-tuned,"Green,Orange,Red"
8819,fine-tuned,
8820,fine-tuned,
8821,fine-tuned,"Red,Yellow,Orange"
8822,fine-tuned,
8823,fine-tuned,
8824,fine-tuned,"Red,Blue,Purple"
8825,fine-tuned,"Red,Green,Yellow"
8826,fine-tuned,"Red,Blue,Yellow"
8827,fine-tuned,
8828,fine-tuned,
8829,fine-tuned,Yellow
8830,fine-tuned,
8831,fine-tuned,
8832,fine-tuned,
8833,fine-tuned,"Red,Blue,Green"
8834,fine-tuned,"Red,Red,Yellow"
8835,fine-tuned,
8836,fine-tuned,"Red,Blue,Purple"
8837,fine-tuned,"Red,Yellow,Red"
8838,fine-tuned,
8839,fine-tuned,
8840,fine-tuned,"Red,Green,Orange"
8841,fine-tuned,
8842,fine-tuned,
8843,fine-tuned,"Red,Blue,Purple"
8844,fine-tuned,
8845,fine-tuned,Red
8846,fine-tuned,
8847,fine-tuned,"Red,Blue,Yellow"
8848,fine-tuned,
8849,fine-tuned,
8850,fine-tuned,
8851,fine-tuned,
8852,fine-tuned,
8853,fine-tuned,
8854,fine-tuned,"Red,Blue,Yellow"
8855,fine-tuned,
8856,fine-tuned,"Red,Blue"
8857,fine-tuned,"Blue,Green"
8858,fine-tuned,
8859,fine-tuned,
8860,fine-tuned,"Red,Yellow"
8861,fine-tuned,
8862,fine-tuned,
8863,fine-tuned,
8864,fine-tuned,"Red,Yellow,Orange"
8865,fine-tuned,
8866,fine-tuned,
8867,fine-tuned,
8868,fine-tuned,"Blue,Yellow,Purple"
8869,fine-tuned,"Red,Blue,Yellow"
8870,fine-tuned,"Red,Yellow,Green"
8871,fine-tuned,
8872,fine-tuned,
8873,fine-tuned,"Red,Red"
8874,fine-tuned,
8875,fine-tuned,"Red,Purple,Red"
8876,fine-tuned,
8877,fine-tuned,
8878,fine-tuned,
8879,fine-tuned,Red
8880,fine-tuned,
8881,fine-tuned,"Red,Blue,Orange"
8882,fine-tuned,"Red,Yellow,Green"
8883,fine-tuned,
8884,fine-tuned,
8885,fine-tuned,Red
8886,fine-tuned,
8887,fine-tuned,"Red,Blue,Orange"
8888,fine-tuned,"Red,Blue,Purple"
8889,fine-tuned,"Blue,Red,Green"
8890,fine-tuned,
8891,fine-tuned,
8892,fine-tuned,
8893,fine-tuned,"Yellow,Purple,Blue"
8894,fine-tuned,
8895,fine-tuned,"Red,Blue,Orange"
8896,fine-tuned,"Blue,Green,Red"
8897,fine-tuned,
8898,fine-tuned,Red
8899,fine-tuned,
8900,fine-tuned,
8901,fine-tuned,"Green,Blue,Blue"
8902,fine-tuned,
8903,fine-tuned,
8904,fine-tuned,
8905,fine-tuned,
8906,fine-tuned,
8907,fine-tuned,
8908,fine-tuned,
8909,fine-tuned,"Red,Blue,Blue"
8910,fine-tuned,
8911,fine-tuned,"Red,Blue,Red"
8912,fine-tuned,
8913,fine-tuned,
8914,fine-tuned,"Orange,Green"
8915,fine-tuned,"Red,Red,Red"
8916,fine-tuned,
8917,fine-tuned,
8918,fine-tuned,
8919,fine-tuned,Red
8920,fine-tuned,
8921,fine-tuned,
8922,fine-tuned,
8923,fine-tuned,
8924,fine-tuned,
8925,fine-tuned,
8926,fine-tuned,"Red,Orange,Yellow"
8927,fine-tuned,"Red,Green,Orange"
8928,fine-tuned,
8929,fine-tuned,
8930,fine-tuned,"Green,Red,Orange"
8931,fine-tuned,
8932,fine-tuned,"Red,Blue"
8933,fine-tuned,"Red,Blue,Blue"
8934,fine-tuned,
8935,fine-tuned,
8936,fine-tuned,
8937,fine-tuned,"Red,Orange,Purple"
8938,fine-tuned,
8939,fine-tuned,
8940,fine-tuned,"Red,Green,Purple"
8941,fine-tuned,
8942,fine-tuned,
8943,fine-tuned,
8944,fine-tuned,
8945,fine-tuned,
8946,fine-tuned,
8947,fine-tuned,
8948,fine-tuned,
8949,fine-tuned,
8950,fine-tuned,"Red,Blue,Yellow"
8951,fine-tuned,Red
8952,fine-tuned,
8953,fine-tuned,
8954,fine-tuned,
8955,fine-tuned,"Red,Blue,Yellow"
8956,fine-tuned,"Yellow,Orange,Red"
8957,fine-tuned,
8958,fine-tuned,
8959,fine-tuned,
8960,fine-tuned,Red
8961,fine-tuned,"Yellow,Green,Red"
8962,fine-tuned,"Red,Green,Purple"
8963,fine-tuned,"Red,Yellow,Blue"
8964,fine-tuned,
8965,fine-tuned,"Red,Blue"
8966,fine-tuned,Green
8967,fine-tuned,
8968,fine-tuned,
8969,fine-tuned,"Red,Green,Yellow"
8970,fine-tuned,"Red,Blue,Yellow"
8971,fine-tuned,"Red,Yellow,Red"
8972,fine-tuned,"Red,Blue,Red"
8973,fine-tuned,
8974,fine-tuned,"Red,Green,Orange"
8975,fine-tuned,
8976,fine-tuned,
8977,fine-tuned,"Yellow,Red,Green"
8978,fine-tuned,Yellow
8979,fine-tuned,
8980,fine-tuned,
8981,fine-tuned,
8982,fine-tuned,
8983,fine-tuned,"Red,Blue,Yellow"
8984,fine-tuned,"Red,Purple,Red"
8985,fine-tuned,
8986,fine-tuned,"Red,Red,Blue"
8987,fine-tuned,
8988,fine-tuned,"Yellow,Red,Red"
8989,fine-tuned,
8990,fine-tuned,"Blue,Yellow,Red"
8991,fine-tuned,
8992,fine-tuned,
8993,fine-tuned,
8994,fine-tuned,
8995,fine-tuned,
8996,fine-tuned,
8997,fine-tuned,
8998,fine-tuned,
8999,fine-tuned,"Red,Blue,Green"
9000,fine-tuned,
9001,fine-tuned,
9002,fine-tuned,"Red,Yellow,Purple"
9003,fine-tuned,"Yellow,Orange,Green"
9004,fine-tuned,
9005,fine-tuned,
9006,fine-tuned,
9007,fine-tuned,"Red,Blue,Green"
9008,fine-tuned,
9009,fine-tuned,
9010,fine-tuned,
9011,fine-tuned,"Red,Blue,Yellow"
9012,fine-tuned,"Red,Purple"
9013,fine-tuned,"Red,Red,Orange"
9014,fine-tuned,"Blue,Orange,Purple"
9015,fine-tuned,"Blue,Green,Purple"
9016,fine-tuned,"Red,Orange,Orange"
9017,fine-tuned,"Green,Blue,Purple"
9018,fine-tuned,
9019,fine-tuned,
9020,fine-tuned,"Red,Blue,Green"
9021,fine-tuned,
9022,fine-tuned,
9023,fine-tuned,"Red,Purple"
9024,fine-tuned,"Red,Blue,Green"
9025,fine-tuned,"Red,Blue,Yellow"
9026,fine-tuned,
9027,fine-tuned,
9028,fine-tuned,"Red,Red,Red"
9029,fine-tuned,
9030,fine-tuned,
9031,fine-tuned,Red
9032,fine-tuned,
9033,fine-tuned,
9034,fine-tuned,
9035,fine-tuned,
9036,fine-tuned,"Blue,Green,Purple"
9037,fine-tuned,
9038,fine-tuned,
9039,fine-tuned,
9040,fine-tuned,
9041,fine-tuned,
9042,fine-tuned,"Red,Red,Yellow"
9043,fine-tuned,"Blue,Red,Purple"
9044,fine-tuned,
9045,fine-tuned,"Red,Blue,Green"
9046,fine-tuned,Orange
9047,fine-tuned,"Red,Yellow,Orange"
9048,fine-tuned,
9049,fine-tuned,
9050,fine-tuned,"Red,Orange,Yellow"
9051,fine-tuned,Blue
9052,fine-tuned,
9053,fine-tuned,
9054,fine-tuned,"Red,Blue,Yellow"
9055,fine-tuned,
9056,fine-tuned,"Green,Blue,Red"
9057,fine-tuned,"Blue,Orange"
9058,fine-tuned,
9059,fine-tuned,
9060,fine-tuned,
9061,fine-tuned,
9062,fine-tuned,
9063,fine-tuned,"Red,Blue,Green"
9064,fine-tuned,
9065,fine-tuned,
9066,fine-tuned,"Red,Blue,Green"
9067,fine-tuned,
9068,fine-tuned,"Red,Red,Blue"
9069,fine-tuned,"Red,Blue,Green"
9070,fine-tuned,"Red,Blue,Orange"
9071,fine-tuned,
9072,fine-tuned,"Red,Yellow,Green"
9073,fine-tuned,"Red,Blue"
9074,fine-tuned,
9075,fine-tuned,"Blue,Purple,Green"
9076,fine-tuned,"Red,Yellow,Orange"
9077,fine-tuned,
9078,fine-tuned,
9079,fine-tuned,"Red,Blue,Green"
9080,fine-tuned,
9081,fine-tuned,
9082,fine-tuned,
9083,fine-tuned,
9084,fine-tuned,"Red,Blue,Purple"
9085,fine-tuned,
9086,fine-tuned,
9087,fine-tuned,
9088,fine-tuned,
9089,fine-tuned,"Blue,Orange,Orange"
9090,fine-tuned,
9091,fine-tuned,
9092,fine-tuned,"Red,Green,Red"
9093,fine-tuned,"Red,Blue,Green"
9094,fine-tuned,
9095,fine-tuned,Red
9096,fine-tuned,
9097,fine-tuned,
9098,fine-tuned,
9099,fine-tuned,
9100,fine-tuned,
9101,fine-tuned,
9102,fine-tuned,"Blue,Green,Blue"
9103,fine-tuned,
9104,fine-tuned,
9105,fine-tuned,"Red,Blue,Red"
9106,fine-tuned,
9107,fine-tuned,
9108,fine-tuned,
9109,fine-tuned,"Green,Blue,Purple"
9110,fine-tuned,"Yellow,Purple"
9111,fine-tuned,
9112,fine-tuned,"Red,Blue,Purple"
9113,fine-tuned,"Red,Blue,Green"
9114,fine-tuned,"Red,Blue,Green"
9115,fine-tuned,
9116,fine-tuned,
9117,fine-tuned,
9118,fine-tuned,Orange
9119,fine-tuned,"Red,Blue,Green"
9120,fine-tuned,
9121,fine-tuned,"Red,Blue,Green"
9122,fine-tuned,"Blue,Yellow,Purple"
9123,fine-tuned,"Red,Green,Purple"
9124,fine-tuned,
9125,fine-tuned,Blue
9126,fine-tuned,
9127,fine-tuned,
9128,fine-tuned,"Red,Orange,Green"
9129,fine-tuned,
9130,fine-tuned,"Red,Blue,Yellow"
9131,fine-tuned,"Red,Blue"
9132,fine-tuned,
9133,fine-tuned,
9134,fine-tuned,
9135,fine-tuned,
9136,fine-tuned,
9137,fine-tuned,
9138,fine-tuned,
9139,fine-tuned,Red
9140,fine-tuned,"Red,Purple,Yellow"
9141,fine-tuned,
9142,fine-tuned,
9143,fine-tuned,
9144,fine-tuned,
9145,fine-tuned,
9146,fine-tuned,
9147,fine-tuned,"Red,Green,Orange"
9148,fine-tuned,
9149,fine-tuned,"Red,Blue,Orange"
9150,fine-tuned,
9151,fine-tuned,"Red,Blue,Yellow"
9152,fine-tuned,"Blue,Red,Green"
9153,fine-tuned,
9154,fine-tuned,
9155,fine-tuned,
9156,fine-tuned,
9157,fine-tuned,
9158,fine-tuned,"Green,Red,Yellow"
9159,fine-tuned,"Red,Blue,Purple"
9160,fine-tuned,
9161,fine-tuned,Yellow
9162,fine-tuned,
9163,fine-tuned,"Red,Blue,Green"
9164,fine-tuned,
9165,fine-tuned,"Orange,Purple,Yellow"
9166,fine-tuned,
9167,fine-tuned,
9168,fine-tuned,
9169,fine-tuned,
9170,fine-tuned,
9171,fine-tuned,
9172,fine-tuned,
9173,fine-tuned,
9174,fine-tuned,"Red,Yellow,Blue"
9175,fine-tuned,"Blue,Orange,Purple"
9176,fine-tuned,"Red,Blue,Green"
9177,fine-tuned,
9178,fine-tuned,
9179,fine-tuned,"Blue,Red"
9180,fine-tuned,"Red,Green,Red"
9181,fine-tuned,
9182,fine-tuned,
9183,fine-tuned,Blue
9184,fine-tuned,"Blue,Yellow,Orange"
9185,fine-tuned,
9186,fine-tuned,"Red,Yellow,Orange"
9187,fine-tuned,"Red,Blue,Yellow"
9188,fine-tuned,"Green,Yellow,Orange"
9189,fine-tuned,"Blue,Yellow,Yellow"
9190,fine-tuned,
9191,fine-tuned,
9192,fine-tuned,
9193,fine-tuned,Blue
9194,fine-tuned,
9195,fine-tuned,"Red,Blue,Red"
9196,fine-tuned,
9197,fine-tuned,"Red,Blue,Green"
9198,fine-tuned,
9199,fine-tuned,
9200,fine-tuned,
9201,fine-tuned,"Red,Blue,Yellow"
9202,fine-tuned,
9203,fine-tuned,
9204,fine-tuned,
9205,fine-tuned,"Green,Green,Blue"
9206,fine-tuned,
9207,fine-tuned,
9208,fine-tuned,"Yellow,Green,Red"
9209,fine-tuned,
9210,fine-tuned,
9211,fine-tuned,"Blue,Orange,Red"
9212,fine-tuned,
9213,fine-tuned,
9214,fine-tuned,
9215,fine-tuned,"Red,Green,Red"
9216,fine-tuned,
9217,fine-tuned,
9218,fine-tuned,
9219,fine-tuned,
9220,fine-tuned,"Red,Blue,Yellow"
9221,fine-tuned,Purple
9222,fine-tuned,"Red,Blue"
9223,fine-tuned,"Red,Green,Yellow"
9224,fine-tuned,
9225,fine-tuned,
9226,fine-tuned,
9227,fine-tuned,"Red,Yellow"
9228,fine-tuned,
9229,fine-tuned,"Red,Orange,Blue"
9230,fine-tuned,"Red,Blue,Green"
9231,fine-tuned,
9232,fine-tuned,Red
9233,fine-tuned,"Red,Yellow,Orange"
9234,fine-tuned,"Red,Blue,Green"
9235,fine-tuned,"Purple,Orange,Red"
9236,fine-tuned,
9237,fine-tuned,
9238,fine-tuned,"Blue,Green,Red"
9239,fine-tuned,
9240,fine-tuned,"Red,Green,Blue"
9241,fine-tuned,Green
9242,fine-tuned,
9243,fine-tuned,"Red,Blue,Red"
9244,fine-tuned,"Red,Red"
9245,fine-tuned,"Red,Orange"
9246,fine-tuned,Blue
9247,fine-tuned,
9248,fine-tuned,
9249,fine-tuned,
9250,fine-tuned,
9251,fine-tuned,
9252,fine-tuned,
9253,fine-tuned,
9254,fine-tuned,
9255,fine-tuned,"Red,Blue"
9256,fine-tuned,
9257,fine-tuned,
9258,fine-tuned,
9259,fine-tuned,"Red,Green,Red"
9260,fine-tuned,"Red,Blue,Red"
9261,fine-tuned,
9262,fine-tuned,"Green,Red,Orange"
9263,fine-tuned,
9264,fine-tuned,"Red,Blue,Green"
9265,fine-tuned,
9266,fine-tuned,
9267,fine-tuned,
9268,fine-tuned,"Orange,Blue,Orange"
9269,fine-tuned,
9270,fine-tuned,"Red,Red,Orange"
9271,fine-tuned,"Red,Red,Orange"
9272,fine-tuned,
9273,fine-tuned,"Red,Red,Blue"
9274,fine-tuned,"Red,Yellow,Orange"
9275,fine-tuned,"Purple,Red"
9276,fine-tuned,
9277,fine-tuned,"Yellow,Red,Green"
9278,fine-tuned,
9279,fine-tuned,
9280,fine-tuned,
9281,fine-tuned,
9282,fine-tuned,
9283,fine-tuned,"Red,Blue,Green"
9284,fine-tuned,Red
9285,fine-tuned,
9286,fine-tuned,
9287,fine-tuned,
9288,fine-tuned,"Green,Orange,Blue"
9289,fine-tuned,
9290,fine-tuned,"Red,Purple,Yellow"
9291,fine-tuned,
9292,fine-tuned,
9293,fine-tuned,"Red,Blue,Green"
9294,fine-tuned,
9295,fine-tuned,"Red,Blue,Yellow"
9296,fine-tuned,
9297,fine-tuned,
9298,fine-tuned,
9299,fine-tuned,
9300,fine-tuned,
9301,fine-tuned,"Red,Yellow,Orange"
9302,fine-tuned,
9303,fine-tuned,
9304,fine-tuned,
9305,fine-tuned,
9306,fine-tuned,
9307,fine-tuned,
9308,fine-tuned,
9309,fine-tuned,"Green,Orange"
9310,fine-tuned,
9311,fine-tuned,
9312,fine-tuned,"Blue,Green,Yellow"
9313,fine-tuned,
9314,fine-tuned,
9315,fine-tuned,Blue
9316,fine-tuned,
9317,fine-tuned,"Purple,Green,Blue"
9318,fine-tuned,
9319,fine-tuned,
9320,fine-tuned,"Red,Purple,Red"
9321,fine-tuned,"Yellow,Blue"
9322,fine-tuned,
9323,fine-tuned,
9324,fine-tuned,"Red,Yellow"
9325,fine-tuned,
9326,fine-tuned,
9327,fine-tuned,
9328,fine-tuned,"Red,Orange,Yellow"
9329,fine-tuned,
9330,fine-tuned,
9331,fine-tuned,"Red,Blue"
9332,fine-tuned,"Red,Yellow"
9333,fine-tuned,
9334,fine-tuned,"Green,Yellow,Blue"
9335,fine-tuned,
9336,fine-tuned,
9337,fine-tuned,
9338,fine-tuned,Orange
9339,fine-tuned,"Red,Green,Orange"
9340,fine-tuned,"Red,Blue,Yellow"
9341,fine-tuned,"Green,Yellow,Orange"
9342,fine-tuned,"Red,Yellow,Orange"
9343,fine-tuned,"Red,Green,Orange"
9344,fine-tuned,"Red,Green,Orange"
9345,fine-tuned,
9346,fine-tuned,"Red,Blue,Red"
9347,fine-tuned,
9348,fine-tuned,
9349,fine-tuned,
9350,fine-tuned,
9351,fine-tuned,
9352,fine-tuned,
9353,fine-tuned,"Red,Blue,Blue"
9354,fine-tuned,"Red,Green,Yellow"
9355,fine-tuned,
9356,fine-tuned,
9357,fine-tuned,"Green,Green,Blue"
9358,fine-tuned,"Red,Blue,Yellow"
9359,fine-tuned,
9360,fine-tuned,
9361,fine-tuned,
9362,fine-tuned,"Red,Purple"
9363,fine-tuned,
9364,fine-tuned,
9365,fine-tuned,"Red,Yellow,Blue"
9366,fine-tuned,
9367,fine-tuned,
9368,fine-tuned,
9369,fine-tuned,
9370,fine-tuned,"Blue,Green,Yellow"
9371,fine-tuned,
9372,fine-tuned,
9373,fine-tuned,
9374,fine-tuned,
9375,fine-tuned,
9376,fine-tuned,
9377,fine-tuned,"Red,Green,Blue"
9378,fine-tuned,"Red,Green,Blue"
9379,fine-tuned,
9380,fine-tuned,
9381,fine-tuned,"Red,Green,Yellow"
9382,fine-tuned,
9383,fine-tuned,Red
9384,fine-tuned,
9385,fine-tuned,"Blue,Red,Orange"
9386,fine-tuned,
9387,fine-tuned,"Blue,Green,Purple"
9388,fine-tuned,
9389,fine-tuned,
9390,fine-tuned,Blue
9391,fine-tuned,"Red,Orange,Yellow"
9392,fine-tuned,"Orange,Green,Orange"
9393,fine-tuned,
9394,fine-tuned,
9395,fine-tuned,"Red,Blue,Yellow"
9396,fine-tuned,"Red,Blue,Green"
9397,fine-tuned,
9398,fine-tuned,
9399,fine-tuned,
9400,fine-tuned,"Red,Blue,Red"
9401,fine-tuned,
9402,fine-tuned,"Red,Blue,Orange"
9403,fine-tuned,"Red,Blue,Green"
9404,fine-tuned,"Red,Orange,Orange"
9405,fine-tuned,"Orange,Green,Blue"
9406,fine-tuned,
9407,fine-tuned,"Blue,Red,Green"
9408,fine-tuned,"Blue,Purple,Red"
9409,fine-tuned,
9410,fine-tuned,
9411,fine-tuned,
9412,fine-tuned,
9413,fine-tuned,"Red,Red,Blue"
9414,fine-tuned,
9415,fine-tuned,
9416,fine-tuned,
9417,fine-tuned,
9418,fine-tuned,
9419,fine-tuned,
9420,fine-tuned,
9421,fine-tuned,"Red,Green,Blue"
9422,fine-tuned,
9423,fine-tuned,"Blue,Purple,Red"
9424,fine-tuned,
9425,fine-tuned,"Red,Red,Green"
9426,fine-tuned,"Blue,Green"
9427,fine-tuned,
9428,fine-tuned,"Red,Yellow,Purple"
9429,fine-tuned,"Yellow,Blue"
9430,fine-tuned,"Red,Blue,Yellow"
9431,fine-tuned,"Orange,Red,Red"
9432,fine-tuned,
9433,fine-tuned,
9434,fine-tuned,Purple
9435,fine-tuned,
9436,fine-tuned,
9437,fine-tuned,
9438,fine-tuned,
9439,fine-tuned,"Red,Blue,Purple"
9440,fine-tuned,"Red,Blue,Purple"
9441,fine-tuned,"Red,Purple"
9442,fine-tuned,
9443,fine-tuned,
9444,fine-tuned,
9445,fine-tuned,"Red,Blue,Green"
9446,fine-tuned,"Blue,Red,Blue"
9447,fine-tuned,"Red,Blue,Green"
9448,fine-tuned,"Red,Blue,Green"
9449,fine-tuned,"Red,Yellow,Red"
9450,fine-tuned,
9451,fine-tuned,
9452,fine-tuned,
9453,fine-tuned,"Green,Orange,Purple"
9454,fine-tuned,
9455,fine-tuned,"Red,Green,Red"
9456,fine-tuned,
9457,fine-tuned,
9458,fine-tuned,"Red,Purple"
9459,fine-tuned,
9460,fine-tuned,"Yellow,Red,Green"
9461,fine-tuned,"Red,Orange,Yellow"
9462,fine-tuned,
9463,fine-tuned,"Red,Green,Red"
9464,fine-tuned,
9465,fine-tuned,"Red,Red,Red"
9466,fine-tuned,
9467,fine-tuned,"Purple,Red"
9468,fine-tuned,
9469,fine-tuned,"Orange,Yellow,Orange"
9470,fine-tuned,"Red,Orange,Purple"
9471,fine-tuned,"Orange,Purple,Yellow"
9472,fine-tuned,
9473,fine-tuned,
9474,fine-tuned,"Blue,Green"
9475,fine-tuned,"Red,Blue,Green"
9476,fine-tuned,
9477,fine-tuned,
9478,fine-tuned,"Red,Blue,Orange"
9479,fine-tuned,"Blue,Red"
9480,fine-tuned,
9481,fine-tuned,
9482,fine-tuned,"Red,Blue,Green"
9483,fine-tuned,
9484,fine-tuned,
9485,fine-tuned,
9486,fine-tuned,
9487,fine-tuned,"Blue,Red,Orange"
9488,fine-tuned,
9489,fine-tuned,
9490,fine-tuned,
9491,fine-tuned,Red
9492,fine-tuned,
9493,fine-tuned,"Red,Green,Yellow"
9494,fine-tuned,
9495,fine-tuned,
9496,fine-tuned,
9497,fine-tuned,
9498,fine-tuned,
9499,fine-tuned,"Red,Blue,Yellow"
9500,fine-tuned,"Red,Blue,Purple"
9501,fine-tuned,
9502,fine-tuned,Blue
9503,fine-tuned,
9504,fine-tuned,
9505,fine-tuned,
9506,fine-tuned,
9507,fine-tuned,
9508,fine-tuned,
9509,fine-tuned,"Red,Blue,Purple"
9510,fine-tuned,
9511,fine-tuned,
9512,fine-tuned,Red
9513,fine-tuned,
9514,fine-tuned,
9515,fine-tuned,
9516,fine-tuned,
9517,fine-tuned,
9518,fine-tuned,
9519,fine-tuned,"Blue,Red,Purple"
9520,fine-tuned,"Blue,Orange,Green"
9521,fine-tuned,"Blue,Yellow,Purple"
9522,fine-tuned,
9523,fine-tuned,
9524,fine-tuned,
9525,fine-tuned,"Red,Blue,Green"
9526,fine-tuned,"Red,Blue,Blue"
9527,fine-tuned,
9528,fine-tuned,
9529,fine-tuned,
9530,fine-tuned,
9531,fine-tuned,"Green,Yellow,Blue"
9532,fine-tuned,
9533,fine-tuned,"Blue,Orange,Purple"
9534,fine-tuned,
9535,fine-tuned,
9536,fine-tuned,
9537,fine-tuned,"Red,Yellow,Green"
9538,fine-tuned,
9539,fine-tuned,"Red,Orange,Blue"
9540,fine-tuned,"Yellow,Green,Blue"
9541,fine-tuned,"Red,Blue,Green"
9542,fine-tuned,"Red,Blue,Green"
9543,fine-tuned,
9544,fine-tuned,"Red,Blue,Green"
9545,fine-tuned,
9546,fine-tuned,
9547,fine-tuned,
9548,fine-tuned,Red
9549,fine-tuned,"Orange,Blue"
9550,fine-tuned,"Red,Red"
9551,fine-tuned,"Red,Green,Blue"
9552,fine-tuned,
9553,fine-tuned,
9554,fine-tuned,
9555,fine-tuned,
9556,fine-tuned,
9557,fine-tuned,
9558,fine-tuned,
9559,fine-tuned,
9560,fine-tuned,
9561,fine-tuned,"Red,Orange,Red"
9562,fine-tuned,"Blue,Purple,Red"
9563,fine-tuned,
9564,fine-tuned,"Blue,Green,Orange"
9565,fine-tuned,
9566,fine-tuned,"Red,Blue"
9567,fine-tuned,
9568,fine-tuned,
9569,fine-tuned,
9570,fine-tuned,"Red,Green,Purple"
9571,fine-tuned,
9572,fine-tuned,Red
9573,fine-tuned,"Red,Blue,Green"
9574,fine-tuned,
9575,fine-tuned,
9576,fine-tuned,
9577,fine-tuned,
9578,fine-tuned,"Red,Green,Purple"
9579,fine-tuned,"Red,Red,Red"
9580,fine-tuned,"Red,Yellow,Green"
9581,fine-tuned,
9582,fine-tuned,
9583,fine-tuned,"Red,Blue,Green"
9584,fine-tuned,"Red,Red,Blue"
9585,fine-tuned,
9586,fine-tuned,"Red,Blue,Yellow"
9587,fine-tuned,
9588,fine-tuned,"Yellow,Red,Yellow"
9589,fine-tuned,
9590,fine-tuned,"Red,Blue,Red"
9591,fine-tuned,Green
9592,fine-tuned,"Blue,Yellow,Orange"
9593,fine-tuned,
9594,fine-tuned,
9595,fine-tuned,"Red,Blue,Yellow"
9596,fine-tuned,"Red,Orange,Blue"
9597,fine-tuned,
9598,fine-tuned,
9599,fine-tuned,
9600,fine-tuned,
9601,fine-tuned,
9602,fine-tuned,"Yellow,Blue,Orange"
9603,fine-tuned,
9604,fine-tuned,
9605,fine-tuned,
9606,fine-tuned,
9607,fine-tuned,
9608,fine-tuned,
9609,fine-tuned,"Red,Green,Blue"
9610,fine-tuned,
9611,fine-tuned,"Red,Blue,Green"
9612,fine-tuned,"Orange,Red,Yellow"
9613,fine-tuned,
9614,fine-tuned,
9615,fine-tuned,"Red,Blue,Blue"
9616,fine-tuned,
9617,fine-tuned,Yellow
9618,fine-tuned,Purple
9619,fine-tuned,
9620,fine-tuned,
9621,fine-tuned,
9622,fine-tuned,
9623,fine-tuned,
9624,fine-tuned,"Red,Orange,Blue"
9625,fine-tuned,
9626,fine-tuned,
9627,fine-tuned,
9628,fine-tuned,"Yellow,Red,Blue"
9629,fine-tuned,
9630,fine-tuned,
9631,fine-tuned,"Red,Orange,Blue"
9632,fine-tuned,
9633,fine-tuned,
9634,fine-tuned,
9635,fine-tuned,
9636,fine-tuned,"Red,Blue"
9637,fine-tuned,
9638,fine-tuned,"Yellow,Green,Orange"
9639,fine-tuned,Yellow
9640,fine-tuned,
9641,fine-tuned,
9642,fine-tuned,
9643,fine-tuned,
9644,fine-tuned,
9645,fine-tuned,"Red,Red,Red"
9646,fine-tuned,
9647,fine-tuned,
9648,fine-tuned,
9649,fine-tuned,
9650,fine-tuned,
9651,fine-tuned,"Red,Green,Orange"
9652,fine-tuned,"Red,Blue"
9653,fine-tuned,
9654,fine-tuned,
9655,fine-tuned,
9656,fine-tuned,
9657,fine-tuned,
9658,fine-tuned,
9659,fine-tuned,
9660,fine-tuned,"Red,Blue,Orange"
9661,fine-tuned,
9662,fine-tuned,"Orange,Red,Green"
9663,fine-tuned,"Red,Green,Blue"
9664,fine-tuned,
9665,fine-tuned,"Red,Red,Yellow"
9666,fine-tuned,"Green,Yellow,Purple"
9667,fine-tuned,"Red,Green,Yellow"
9668,fine-tuned,
9669,fine-tuned,
9670,fine-tuned,"Orange,Blue,Green"
9671,fine-tuned,
9672,fine-tuned,"Red,Blue"
9673,fine-tuned,"Red,Green,Blue"
9674,fine-tuned,
9675,fine-tuned,
9676,fine-tuned,
9677,fine-tuned,Blue
9678,fine-tuned,
9679,fine-tuned,
9680,fine-tuned,
9681,fine-tuned,"Green,Yellow,Purple"
9682,fine-tuned,
9683,fine-tuned,"Red,Green,Orange"
9684,fine-tuned,
9685,fine-tuned,
9686,fine-tuned,
9687,fine-tuned,"Blue,Red,Yellow"
9688,fine-tuned,
9689,fine-tuned,"Blue,Green,Yellow"
9690,fine-tuned,"Red,Green,Blue"
9691,fine-tuned,"Red,Yellow,Purple"
9692,fine-tuned,
9693,fine-tuned,"Red,Blue,Green"
9694,fine-tuned,
9695,fine-tuned,
9696,fine-tuned,
9697,fine-tuned,
9698,fine-tuned,"Red,Green,Blue"
9699,fine-tuned,"Red,Purple,Purple"
9700,fine-tuned,
9701,fine-tuned,
9702,fine-tuned,"Red,Blue,Purple"
9703,fine-tuned,
9704,fine-tuned,
9705,fine-tuned,"Red,Red"
9706,fine-tuned,"Red,Green,Yellow"
9707,fine-tuned,
9708,fine-tuned,
9709,fine-tuned,"Red,Orange,Yellow"
9710,fine-tuned,"Red,Yellow,Yellow"
9711,fine-tuned,
9712,fine-tuned,
9713,fine-tuned,
9714,fine-tuned,
9715,fine-tuned,"Yellow,Blue,Red"
9716,fine-tuned,"Red,Green,Blue"
9717,fine-tuned,
9718,fine-tuned,"Red,Blue,Green"
9719,fine-tuned,"Green,Blue,Blue"
9720,fine-tuned,
9721,fine-tuned,
9722,fine-tuned,
9723,fine-tuned,
9724,fine-tuned,"Blue,Red,Green"
9725,fine-tuned,"Red,Blue,Green"
9726,fine-tuned,"Red,Blue,Green"
9727,fine-tuned,"Red,Blue,Green"
9728,fine-tuned,
9729,fine-tuned,
9730,fine-tuned,"Blue,Green,Purple"
9731,fine-tuned,Green
9732,fine-tuned,"Red,Green,Yellow"
9733,fine-tuned,"Purple,Green,Blue"
9734,fine-tuned,"Red,Green,Purple"
9735,fine-tuned,
9736,fine-tuned,Orange
9737,fine-tuned,
9738,fine-tuned,
9739,fine-tuned,
9740,fine-tuned,
9741,fine-tuned,"Blue,Red,Green"
9742,fine-tuned,"Red,Green,Purple"
9743,fine-tuned,
9744,fine-tuned,
9745,fine-tuned,
9746,fine-tuned,
9747,fine-tuned,"Red,Yellow"
9748,fine-tuned,
9749,fine-tuned,"Blue,Blue"
9750,fine-tuned,
9751,fine-tuned,Yellow
9752,fine-tuned,
9753,fine-tuned,"Red,Green,Purple"
9754,fine-tuned,
9755,fine-tuned,"Red,Blue,Yellow"
9756,fine-tuned,
9757,fine-tuned,
9758,fine-tuned,Red
9759,fine-tuned,
9760,fine-tuned,
9761,fine-tuned,"Green,Purple,Blue"
9762,fine-tuned,
9763,fine-tuned,
9764,fine-tuned,"Red,Purple,Green"
9765,fine-tuned,
9766,fine-tuned,
9767,fine-tuned,"Red,Blue,Green"
9768,fine-tuned,
9769,fine-tuned,
9770,fine-tuned,
9771,fine-tuned,"Red,Green,Blue"
9772,fine-tuned,
9773,fine-tuned,"Red,Green,Orange"
9774,fine-tuned,Red
9775,fine-tuned,
9776,fine-tuned,
9777,fine-tuned,"Blue,Green"
9778,fine-tuned,
9779,fine-tuned,"Red,Orange,Purple"
9780,fine-tuned,
9781,fine-tuned,"Red,Blue,Red"
9782,fine-tuned,
9783,fine-tuned,
9784,fine-tuned,
9785,fine-tuned,"Red,Green,Yellow"
9786,fine-tuned,
9787,fine-tuned,"Red,Green,Blue"
9788,fine-tuned,"Red,Yellow,Green"
9789,fine-tuned,
9790,fine-tuned,"Red,Yellow"
9791,fine-tuned,
9792,fine-tuned,"Red,Yellow,Red"
9793,fine-tuned,"Red,Blue,Green"
9794,fine-tuned,
9795,fine-tuned,
9796,fine-tuned,
9797,fine-tuned,
9798,fine-tuned,"Yellow,Green"
9799,fine-tuned,"Red,Blue,Green"
9800,fine-tuned,
9801,fine-tuned,"Orange,Red,Green"
9802,fine-tuned,
9803,fine-tuned,Red
9804,fine-tuned,"Purple,Yellow"
9805,fine-tuned,"Red,Green,Orange"
9806,fine-tuned,
9807,fine-tuned,
9808,fine-tuned,"Red,Orange"
9809,fine-tuned,"Red,Red"
9810,fine-tuned,
9811,fine-tuned,
9812,fine-tuned,"Red,Blue,Green"
9813,fine-tuned,
9814,fine-tuned,
9815,fine-tuned,
9816,fine-tuned,
9817,fine-tuned,
9818,fine-tuned,
9819,fine-tuned,
9820,fine-tuned,
9821,fine-tuned,"Green,Purple,Orange"
9822,fine-tuned,"Red,Red,Blue"
9823,fine-tuned,
9824,fine-tuned,
9825,fine-tuned,
9826,fine-tuned,
9827,fine-tuned,
9828,fine-tuned,"Red,Blue,Purple"
9829,fine-tuned,
9830,fine-tuned,"Red,Blue,Green"
9831,fine-tuned,
9832,fine-tuned,
9833,fine-tuned,"Blue,Green,Green"
9834,fine-tuned,
9835,fine-tuned,
9836,fine-tuned,Red
9837,fine-tuned,
9838,fine-tuned,"Red,Green,Blue"
9839,fine-tuned,
9840,fine-tuned,
9841,fine-tuned,"Red,Red,Yellow"
9842,fine-tuned,
9843,fine-tuned,
9844,fine-tuned,"Blue,Red,Purple"
9845,fine-tuned,
9846,fine-tuned,"Red,Blue"
9847,fine-tuned,
9848,fine-tuned,
9849,fine-tuned,"Yellow,Orange"
9850,fine-tuned,
9851,fine-tuned,
9852,fine-tuned,"Red,Blue,Blue"
9853,fine-tuned,
9854,fine-tuned,"Red,Blue,Green"
9855,fine-tuned,
9856,fine-tuned,
9857,fine-tuned,
9858,fine-tuned,Red
9859,fine-tuned,
9860,fine-tuned,
9861,fine-tuned,
9862,fine-tuned,"Green,Yellow,Yellow"
9863,fine-tuned,
9864,fine-tuned,"Orange,Red"
9865,fine-tuned,"Red,Blue,Blue"
9866,fine-tuned,
9867,fine-tuned,
9868,fine-tuned,
9869,fine-tuned,
9870,fine-tuned,"Red,Red,Red"
9871,fine-tuned,
9872,fine-tuned,"Green,Blue,Orange"
9873,fine-tuned,
9874,fine-tuned,
9875,fine-tuned,
9876,fine-tuned,
9877,fine-tuned,
9878,fine-tuned,
9879,fine-tuned,
9880,fine-tuned,
9881,fine-tuned,Yellow
9882,fine-tuned,"Red,Blue,Green"
9883,fine-tuned,
9884,fine-tuned,"Red,Blue,Yellow"
9885,fine-tuned,"Red,Yellow,Blue"
9886,fine-tuned,"Red,Green,Orange"
9887,fine-tuned,
9888,fine-tuned,
9889,fine-tuned,"Red,Blue,Yellow"
9890,fine-tuned,
9891,fine-tuned,Red
9892,fine-tuned,"Yellow,Green,Red"
9893,fine-tuned,"Red,Blue,Green"
9894,fine-tuned,"Yellow,Blue,Green"
9895,fine-tuned,
9896,fine-tuned,
9897,fine-tuned,
9898,fine-tuned,
9899,fine-tuned,
9900,fine-tuned,"Green,Blue"
9901,fine-tuned,
9902,fine-tuned,
9903,fine-tuned,
9904,fine-tuned,
9905,fine-tuned,
9906,fine-tuned,
9907,fine-tuned,"Red,Purple,Blue"
9908,fine-tuned,
9909,fine-tuned,
9910,fine-tuned,"Green,Blue,Orange"
9911,fine-tuned,
9912,fine-tuned,
9913,fine-tuned,
9914,fine-tuned,
9915,fine-tuned,"Red,Orange,Green"
9916,fine-tuned,
9917,fine-tuned,
9918,fine-tuned,
9919,fine-tuned,
9920,fine-tuned,"Blue,Red,Green"
9921,fine-tuned,
9922,fine-tuned,
9923,fine-tuned,
9924,fine-tuned,
9925,fine-tuned,
9926,fine-tuned,
9927,fine-tuned,
9928,fine-tuned,
9929,fine-tuned,"Red,Orange,Green"
9930,fine-tuned,
9931,fine-tuned,
9932,fine-tuned,
9933,fine-tuned,Orange
9934,fine-tuned,
9935,fine-tuned,"Red,Orange,Yellow"
9936,fine-tuned,
9937,fine-tuned,"Orange,Yellow,Blue"
9938,fine-tuned,Blue
9939,fine-tuned,"Red,Blue,Orange"
9940,fine-tuned,
9941,fine-tuned,
9942,fine-tuned,
9943,fine-tuned,"Red,Blue,Green"
9944,fine-tuned,"Red,Blue"
9945,fine-tuned,"Red,Green,Yellow"
9946,fine-tuned,
9947,fine-tuned,
9948,fine-tuned,"Blue,Green,Red"
9949,fine-tuned,
9950,fine-tuned,
9951,fine-tuned,
9952,fine-tuned,
9953,fine-tuned,"Red,Yellow,Green"
9954,fine-tuned,
9955,fine-tuned,"Red,Blue,Green"
9956,fine-tuned,
9957,fine-tuned,
9958,fine-tuned,
9959,fine-tuned,
9960,fine-tuned,
9961,fine-tuned,
9962,fine-tuned,"Red,Yellow,Blue"
9963,fine-tuned,"Red,Purple"
9964,fine-tuned,"Yellow,Blue,Green"
9965,fine-tuned,"Red,Blue,Yellow"
9966,fine-tuned,
9967,fine-tuned,
9968,fine-tuned,
9969,fine-tuned,
9970,fine-tuned,"Blue,Yellow,Orange"
9971,fine-tuned,"Red,Blue,Yellow"
9972,fine-tuned,Blue
9973,fine-tuned,"Red,Green,Blue"
9974,fine-tuned,
9975,fine-tuned,"Red,Green,Green"
9976,fine-tuned,
9977,fine-tuned,
9978,fine-tuned,
9979,fine-tuned,"Red,Blue,Purple"
9980,fine-tuned,
9981,fine-tuned,
9982,fine-tuned,
9983,fine-tuned,
9984,fine-tuned,"Red,Orange,Purple"
9985,fine-tuned,
9986,fine-tuned,
9987,fine-tuned,"Green,Purple"
9988,fine-tuned,"Red,Yellow,Green"
9989,fine-tuned,"Red,Yellow,Orange"
9990,fine-tuned,Green
9991,fine-tuned,
9992,fine-tuned,
9993,fine-tuned,
9994,fine-tuned,
9995,fine-tuned,"Red,Orange"
9996,fine-tuned,
9997,fine-tuned,"Red,Yellow,Blue"
9998,fine-tuned,"Purple,Green"
9999,fine-tuned,
10000,fine-tuned,Purple
10001,fine-tuned,"Red,Blue"
10002,fine-tuned,
10003,fine-tuned,
10004,fine-tuned,
10005,fine-tuned,
10006,fine-tuned,
10007,fine-tuned,
10008,fine-tuned,
10009,fine-tuned,"Orange,Yellow,Red"
10010,fine-tuned,
10011,fine-tuned,"Red,Blue,Purple"
10012,fine-tuned,"Green,Orange,Purple"
10013,fine-tuned,
10014,fine-tuned,
10015,fine-tuned,Blue
10016,fine-tuned,"Red,Green,Blue"
10017,fine-tuned,
10018,fine-tuned,"Green,Orange,Red"
10019,fine-tuned,
10020,fine-tuned,
10021,fine-tuned,
10022,fine-tuned,
10023,fine-tuned,
10024,fine-tuned,
10025,fine-tuned,
10026,fine-tuned,
10027,fine-tuned,
10028,fine-tuned,
10029,fine-tuned,Red
10030,fine-tuned,"Red,Orange"
10031,fine-tuned,
10032,fine-tuned,
10033,fine-tuned,
10034,fine-tuned,
10035,fine-tuned,
10036,fine-tuned,Red
10037,fine-tuned,
10038,fine-tuned,"Blue,Red,Green"
10039,fine-tuned,"Red,Yellow,Purple"
10040,fine-tuned,
10041,fine-tuned,
10042,fine-tuned,
10043,fine-tuned,"Red,Blue,Orange"
10044,fine-tuned,
10045,fine-tuned,
10046,fine-tuned,
10047,fine-tuned,
10048,fine-tuned,"Green,Blue"
10049,fine-tuned,
10050,fine-tuned,
10051,fine-tuned,Red
10052,fine-tuned,"Green,Green,Green"
10053,fine-tuned,
10054,fine-tuned,"Red,Green"
10055,fine-tuned,"Red,Green,Purple"
10056,fine-tuned,"Yellow,Red,Purple"
10057,fine-tuned,Red
10058,fine-tuned,
10059,fine-tuned,
10060,fine-tuned,Blue
10061,fine-tuned,"Orange,Green,Blue"
10062,fine-tuned,
10063,fine-tuned,"Green,Green,Green"
10064,fine-tuned,"Red,Orange,Yellow"
10065,fine-tuned,"Red,Blue,Green"
10066,fine-tuned,
10067,fine-tuned,
10068,fine-tuned,
10069,fine-tuned,"Orange,Purple,Red"
10070,fine-tuned,
10071,fine-tuned,"Red,Blue"
10072,fine-tuned,"Red,Green,Blue"
10073,fine-tuned,"Green,Red,Purple"
10074,fine-tuned,
10075,fine-tuned,"Red,Blue,Purple"
10076,fine-tuned,"Orange,Red,Purple"
10077,fine-tuned,
10078,fine-tuned,"Yellow,Orange,Blue"
10079,fine-tuned,"Green,Red,Blue"
10080,fine-tuned,"Red,Blue"
10081,fine-tuned,
10082,fine-tuned,"Red,Blue"
10083,fine-tuned,
10084,fine-tuned,
10085,fine-tuned,"Red,Blue,Green"
10086,fine-tuned,
10087,fine-tuned,"Red,Blue,Green"
10088,fine-tuned,
10089,fine-tuned,
10090,fine-tuned,"Red,Blue,Orange"
10091,fine-tuned,"Red,Blue,Green"
10092,fine-tuned,
10093,fine-tuned,"Blue,Red,Red"
10094,fine-tuned,
10095,fine-tuned,"Red,Green,Blue"
10096,fine-tuned,"Yellow,Green,Purple"
10097,fine-tuned,Red
10098,fine-tuned,
10099,fine-tuned,
10100,fine-tuned,
10101,fine-tuned,
10102,fine-tuned,
10103,fine-tuned,
10104,fine-tuned,
10105,fine-tuned,
10106,fine-tuned,Yellow
10107,fine-tuned,
10108,fine-tuned,
10109,fine-tuned,
10110,fine-tuned,
10111,fine-tuned,
10112,fine-tuned,
10113,fine-tuned,
10114,fine-tuned,"Red,Yellow,Yellow"
10115,fine-tuned,
10116,fine-tuned,
10117,fine-tuned,
10118,fine-tuned,
10119,fine-tuned,"Orange,Red,Blue"
10120,fine-tuned,
10121,fine-tuned,
10122,fine-tuned,
10123,fine-tuned,
10124,fine-tuned,
10125,fine-tuned,
10126,fine-tuned,"Blue,Purple"
10127,fine-tuned,"Red,Blue,Green"
10128,fine-tuned,
10129,fine-tuned,
10130,fine-tuned,Green
10131,fine-tuned,"Red,Red,Blue"
10132,fine-tuned,
10133,fine-tuned,"Red,Blue,Yellow"
10134,fine-tuned,"Red,Yellow,Red"
10135,fine-tuned,
10136,fine-tuned,
10137,fine-tuned,
10138,fine-tuned,
10139,fine-tuned,
10140,fine-tuned,"Red,Blue"
10141,fine-tuned,"Red,Red"
10142,fine-tuned,"Red,Blue,Green"
10143,fine-tuned,
10144,fine-tuned,
10145,fine-tuned,"Red,Blue,Green"
10146,fine-tuned,
10147,fine-tuned,
10148,fine-tuned,
10149,fine-tuned,
10150,fine-tuned,
10151,fine-tuned,Red
10152,fine-tuned,
10153,fine-tuned,
10154,fine-tuned,"Red,Yellow,Red"
10155,fine-tuned,
10156,fine-tuned,"Blue,Orange,Red"
10157,fine-tuned,
10158,fine-tuned,"Red,Blue,Green"
10159,fine-tuned,
10160,fine-tuned,
10161,fine-tuned,
10162,fine-tuned,"Red,Yellow"
10163,fine-tuned,"Red,Blue,Green"
10164,fine-tuned,
10165,fine-tuned,
10166,fine-tuned,"Yellow,Green"
10167,fine-tuned,
10168,fine-tuned,Blue
10169,fine-tuned,
10170,fine-tuned,Red
10171,fine-tuned,
10172,fine-tuned,
10173,fine-tuned,
10174,fine-tuned,
10175,fine-tuned,
10176,fine-tuned,"Red,Blue"
10177,fine-tuned,
10178,fine-tuned,"Red,Green,Orange"
10179,fine-tuned,
10180,fine-tuned,"Red,Blue,Red"
10181,fine-tuned,
10182,fine-tuned,
10183,fine-tuned,
10184,fine-tuned,
10185,fine-tuned,
10186,fine-tuned,
10187,fine-tuned,
10188,fine-tuned,
10189,fine-tuned,
10190,fine-tuned,"Blue,Purple,Green"
10191,fine-tuned,"Red,Blue,Blue"
10192,fine-tuned,
10193,fine-tuned,"Red,Green,Orange"
10194,fine-tuned,
10195,fine-tuned,
10196,fine-tuned,"Red,Blue,Orange"
10197,fine-tuned,
10198,fine-tuned,"Red,Blue,Yellow"
10199,fine-tuned,
10200,fine-tuned,"Red,Blue,Purple"
10201,fine-tuned,Yellow
10202,fine-tuned,
10203,fine-tuned,"Blue,Yellow,Orange"
10204,fine-tuned,Blue
10205,fine-tuned,
10206,fine-tuned,
10207,fine-tuned,"Red,Red"
10208,fine-tuned,"Red,Green,Orange"
10209,fine-tuned,
10210,fine-tuned,
10211,fine-tuned,
10212,fine-tuned,
10213,fine-tuned,
10214,fine-tuned,"Red,Green,Blue"
10215,fine-tuned,
10216,fine-tuned,
10217,fine-tuned,"Red,Yellow,Purple"
10218,fine-tuned,
10219,fine-tuned,
10220,fine-tuned,
10221,fine-tuned,
10222,fine-tuned,
10223,fine-tuned,
10224,fine-tuned,
10225,fine-tuned,
10226,fine-tuned,
10227,fine-tuned,"Purple,Red,Green"
10228,fine-tuned,"Red,Yellow,Green"
10229,fine-tuned,
10230,fine-tuned,"Green,Purple,Red"
10231,fine-tuned,
10232,fine-tuned,"Red,Blue,Green"
10233,fine-tuned,"Blue,Yellow"
10234,fine-tuned,
10235,fine-tuned,"Yellow,Orange"
10236,fine-tuned,
10237,fine-tuned,
10238,fine-tuned,"Red,Yellow,Orange"
10239,fine-tuned,
10240,fine-tuned,
10241,fine-tuned,"Red,Blue,Green"
10242,fine-tuned,
10243,fine-tuned,"Red,Blue,Purple"
10244,fine-tuned,"Red,Blue,Yellow"
10245,fine-tuned,"Blue,Red,Yellow"
10246,fine-tuned,
10247,fine-tuned,"Purple,Red,Green"
10248,fine-tuned,"Blue,Green,Red"
10249,fine-tuned,
10250,fine-tuned,"Red,Orange,Purple"
10251,fine-tuned,Green
10252,fine-tuned,
10253,fine-tuned,
10254,fine-tuned,
10255,fine-tuned,
10256,fine-tuned,"Red,Green,Blue"
10257,fine-tuned,"Red,Orange,Yellow"
10258,fine-tuned,"Red,Red,Green"
10259,fine-tuned,"Red,Orange,Purple"
10260,fine-tuned,
10261,fine-tuned,Blue
10262,fine-tuned,
10263,fine-tuned,"Blue,Green,Red"
10264,fine-tuned,
10265,fine-tuned,"Red,Blue,Purple"
10266,fine-tuned,
10267,fine-tuned,
10268,fine-tuned,"Red,Blue,Orange"
10269,fine-tuned,"Red,Blue,Green"
10270,fine-tuned,"Red,Green,Green"
10271,fine-tuned,"Red,Yellow,Orange"
10272,fine-tuned,"Red,Red,Yellow"
10273,fine-tuned,"Red,Blue,Purple"
10274,fine-tuned,"Red,Green,Blue"
10275,fine-tuned,"Blue,Yellow,Purple"
10276,fine-tuned,
10277,fine-tuned,"Red,Yellow,Green"
10278,fine-tuned,
10279,fine-tuned,
10280,fine-tuned,
10281,fine-tuned,"Red,Blue,Red"
10282,fine-tuned,
10283,fine-tuned,
10284,fine-tuned,
10285,fine-tuned,
10286,fine-tuned,"Yellow,Purple,Blue"
10287,fine-tuned,Red
10288,fine-tuned,Green
10289,fine-tuned,
10290,fine-tuned,Red
10291,fine-tuned,"Red,Blue,Yellow"
10292,fine-tuned,Blue
10293,fine-tuned,Blue
10294,fine-tuned,"Red,Yellow"
10295,fine-tuned,
10296,fine-tuned,
10297,fine-tuned,"Yellow,Green,Blue"
10298,fine-tuned,"Red,Orange,Purple"
10299,fine-tuned,Red
10300,fine-tuned,
10301,fine-tuned,"Red,Blue"
10302,fine-tuned,
10303,fine-tuned,"Orange,Green,Purple"
10304,fine-tuned,"Red,Blue,Green"
10305,fine-tuned,
10306,fine-tuned,
10307,fine-tuned,
10308,fine-tuned,"Red,Purple"
10309,fine-tuned,
10310,fine-tuned,
10311,fine-tuned,
10312,fine-tuned,"Red,Yellow,Green"
10313,fine-tuned,"Red,Blue,Yellow"
10314,fine-tuned,
10315,fine-tuned,
10316,fine-tuned,
10317,fine-tuned,
10318,fine-tuned,"Red,Blue,Green"
10319,fine-tuned,
10320,fine-tuned,"Red,Blue,Green"
10321,fine-tuned,"Yellow,Blue,Green"
10322,fine-tuned,"Red,Green,Orange"
10323,fine-tuned,"Red,Green,Blue"
10324,fine-tuned,
10325,fine-tuned,Red
10326,fine-tuned,"Red,Green,Purple"
10327,fine-tuned,
10328,fine-tuned,
10329,fine-tuned,
10330,fine-tuned,"Green,Yellow,Yellow"
10331,fine-tuned,Blue
10332,fine-tuned,
10333,fine-tuned,
10334,fine-tuned,"Red,Blue,Yellow"
10335,fine-tuned,
10336,fine-tuned,
10337,fine-tuned,
10338,fine-tuned,"Red,Blue,Purple"
10339,fine-tuned,"Orange,Red,Purple"
10340,fine-tuned,
10341,fine-tuned,
10342,fine-tuned,"Red,Blue,Yellow"
10343,fine-tuned,
10344,fine-tuned,
10345,fine-tuned,
10346,fine-tuned,"Red,Green,Yellow"
10347,fine-tuned,"Blue,Orange,Blue"
10348,fine-tuned,"Red,Yellow,Purple"
10349,fine-tuned,"Red,Blue"
10350,fine-tuned,Red
10351,fine-tuned,
10352,fine-tuned,"Red,Green"
10353,fine-tuned,
10354,fine-tuned,"Red,Green,Green"
10355,fine-tuned,"Red,Blue,Yellow"
10356,fine-tuned,"Red,Blue,Orange"
10357,fine-tuned,"Red,Blue,Yellow"
10358,fine-tuned,
10359,fine-tuned,
10360,fine-tuned,
10361,fine-tuned,"Red,Yellow"
10362,fine-tuned,"Red,Green,Yellow"
10363,fine-tuned,"Red,Yellow,Purple"
10364,fine-tuned,
10365,fine-tuned,"Red,Yellow,Blue"
10366,fine-tuned,
10367,fine-tuned,
10368,fine-tuned,
10369,fine-tuned,"Purple,Red,Blue"
10370,fine-tuned,
10371,fine-tuned,
10372,fine-tuned,"Red,Green,Orange"
10373,fine-tuned,
10374,fine-tuned,Red
10375,fine-tuned,"Red,Orange,Orange"
10376,fine-tuned,
10377,fine-tuned,"Red,Green,Orange"
10378,fine-tuned,Red
10379,fine-tuned,
10380,fine-tuned,Red
10381,fine-tuned,
10382,fine-tuned,
10383,fine-tuned,
10384,fine-tuned,"Blue,Red,Green"
10385,fine-tuned,
10386,fine-tuned,
10387,fine-tuned,"Red,Orange,Purple"
10388,fine-tuned,
10389,fine-tuned,
10390,fine-tuned,"Green,Blue,Green"
10391,fine-tuned,"Blue,Yellow,Orange"
10392,fine-tuned,"Red,Blue,Green"
10393,fine-tuned,"Yellow,Green"
10394,fine-tuned,"Red,Yellow"
10395,fine-tuned,
10396,fine-tuned,
10397,fine-tuned,
10398,fine-tuned,"Red,Blue,Green"
10399,fine-tuned,
10400,fine-tuned,
10401,fine-tuned,
10402,fine-tuned,
10403,fine-tuned,"Red,Purple,Orange"
10404,fine-tuned,"Blue,Yellow,Blue"
10405,fine-tuned,"Blue,Blue,Purple"
10406,fine-tuned,
10407,fine-tuned,
10408,fine-tuned,
10409,fine-tuned,"Red,Blue,Green"
10410,fine-tuned,
10411,fine-tuned,
10412,fine-tuned,
10413,fine-tuned,"Green,Orange,Orange"
10414,fine-tuned,
10415,fine-tuned,"Blue,Red,Purple"
10416,fine-tuned,"Red,Blue"
10417,fine-tuned,
10418,fine-tuned,"Red,Orange,Green"
10419,fine-tuned,"Red,Blue"
10420,fine-tuned,
10421,fine-tuned,
10422,fine-tuned,
10423,fine-tuned,
10424,fine-tuned,
10425,fine-tuned,"Red,Blue,Red"
10426,fine-tuned,
10427,fine-tuned,Yellow
10428,fine-tuned,"Red,Green,Red"
10429,fine-tuned,
10430,fine-tuned,"Red,Green,Blue"
10431,fine-tuned,
10432,fine-tuned,"Blue,Red,Blue"
10433,fine-tuned,
10434,fine-tuned,"Red,Blue,Green"
10435,fine-tuned,
10436,fine-tuned,"Red,Blue,Yellow"
10437,fine-tuned,"Red,Green,Blue"
10438,fine-tuned,"Blue,Green,Orange"
10439,fine-tuned,
10440,fine-tuned,Green
10441,fine-tuned,
10442,fine-tuned,
10443,fine-tuned,
10444,fine-tuned,"Red,Purple,Purple"
10445,fine-tuned,
10446,fine-tuned,
10447,fine-tuned,"Red,Green"
10448,fine-tuned,
10449,fine-tuned,
10450,fine-tuned,"Yellow,Red,Orange"
10451,fine-tuned,
10452,fine-tuned,"Red,Blue,Red"
10453,fine-tuned,
10454,fine-tuned,
10455,fine-tuned,"Red,Green,Orange"
10456,fine-tuned,
10457,fine-tuned,"Red,Blue,Purple"
10458,fine-tuned,
10459,fine-tuned,"Red,Blue,Orange"
10460,fine-tuned,"Red,Orange,Blue"
10461,fine-tuned,"Red,Red,Red"
10462,fine-tuned,
10463,fine-tuned,
10464,fine-tuned,
10465,fine-tuned,
10466,fine-tuned,
10467,fine-tuned,Yellow
10468,fine-tuned,"Red,Blue"
10469,fine-tuned,
10470,fine-tuned,
10471,fine-tuned,
10472,fine-tuned,
10473,fine-tuned,"Red,Red,Red"
10474,fine-tuned,"Red,Green,Orange"
10475,fine-tuned,
10476,fine-tuned,
10477,fine-tuned,"Orange,Blue,Yellow"
10478,fine-tuned,Green
10479,fine-tuned,"Blue,Orange"
10480,fine-tuned,
10481,fine-tuned,
10482,fine-tuned,"Red,Green,Yellow"
10483,fine-tuned,"Blue,Green,Purple"
10484,fine-tuned,"Red,Green,Purple"
10485,fine-tuned,Yellow
10486,fine-tuned,
10487,fine-tuned,
10488,fine-tuned,"Green,Green"
10489,fine-tuned,"Red,Orange,Purple"
10490,fine-tuned,
10491,fine-tuned,"Yellow,Blue,Red"
10492,fine-tuned,
10493,fine-tuned,
10494,fine-tuned,"Red,Blue,Red"
10495,fine-tuned,
10496,fine-tuned,"Red,Blue,Green"
10497,fine-tuned,
10498,fine-tuned,
10499,fine-tuned,"Red,Blue,Green"
10500,fine-tuned,
10501,fine-tuned,"Yellow,Green,Red"
10502,fine-tuned,
10503,fine-tuned,
10504,fine-tuned,
10505,fine-tuned,
10506,fine-tuned,"Red,Red,Blue"
10507,fine-tuned,
10508,fine-tuned,"Red,Blue,Yellow"
10509,fine-tuned,"Red,Green,Green"
10510,fine-tuned,"Red,Orange,Purple"
10511,fine-tuned,
10512,fine-tuned,
10513,fine-tuned,
10514,fine-tuned,
10515,fine-tuned,"Red,Blue,Blue"
10516,fine-tuned,
10517,fine-tuned,
10518,fine-tuned,
10519,fine-tuned,
10520,fine-tuned,Blue
10521,fine-tuned,
10522,fine-tuned,Yellow
10523,fine-tuned,
10524,fine-tuned,"Blue,Purple"
10525,fine-tuned,"Red,Green"
10526,fine-tuned,
10527,fine-tuned,"Red,Blue,Green"
10528,fine-tuned,
10529,fine-tuned,
10530,fine-tuned,"Red,Red,Blue"
10531,fine-tuned,Green
10532,fine-tuned,
10533,fine-tuned,"Blue,Blue,Purple"
10534,fine-tuned,"Red,Blue,Green"
10535,fine-tuned,Red
10536,fine-tuned,"Red,Orange,Green"
10537,fine-tuned,
10538,fine-tuned,
10539,fine-tuned,
10540,fine-tuned,
10541,fine-tuned,"Blue,Yellow,Orange"
10542,fine-tuned,
10543,fine-tuned,
10544,fine-tuned,Red
10545,fine-tuned,Blue
10546,fine-tuned,
10547,fine-tuned,
10548,fine-tuned,"Red,Orange,Green"
10549,fine-tuned,"Purple,Orange,Green"
10550,fine-tuned,
10551,fine-tuned,"Purple,Blue,Yellow"
10552,fine-tuned,
10553,fine-tuned,
10554,fine-tuned,"Red,Blue,Blue"
10555,fine-tuned,"Red,Blue"
10556,fine-tuned,"Purple,Orange,Yellow"
10557,fine-tuned,
10558,fine-tuned,"Red,Blue,Orange"
10559,fine-tuned,
10560,fine-tuned,"Red,Green,Purple"
10561,fine-tuned,
10562,fine-tuned,
10563,fine-tuned,"Red,Blue,Yellow"
10564,fine-tuned,"Red,Blue,Green"
10565,fine-tuned,
10566,fine-tuned,
10567,fine-tuned,
10568,fine-tuned,"Red,Blue,Red"
10569,fine-tuned,
10570,fine-tuned,"Red,Purple,Green"
10571,fine-tuned,
10572,fine-tuned,
10573,fine-tuned,"Blue,Yellow,Red"
10574,fine-tuned,"Green,Yellow,Orange"
10575,fine-tuned,
10576,fine-tuned,
10577,fine-tuned,
10578,fine-tuned,"Red,Blue,Orange"
10579,fine-tuned,
10580,fine-tuned,
10581,fine-tuned,
10582,fine-tuned,
10583,fine-tuned,"Red,Green,Red"
10584,fine-tuned,"Orange,Yellow,Green"
10585,fine-tuned,
10586,fine-tuned,"Red,Red"
10587,fine-tuned,
10588,fine-tuned,Red
10589,fine-tuned,
10590,fine-tuned,
10591,fine-tuned,
10592,fine-tuned,
10593,fine-tuned,
10594,fine-tuned,"Red,Red"
10595,fine-tuned,
10596,fine-tuned,
10597,fine-tuned,
10598,fine-tuned,"Red,Purple,Green"
10599,fine-tuned,"Blue,Orange,Red"
10600,fine-tuned,
10601,fine-tuned,"Red,Yellow,Orange"
10602,fine-tuned,"Blue,Red,Orange"
10603,fine-tuned,"Red,Blue,Yellow"
10604,fine-tuned,"Red,Yellow,Orange"
10605,fine-tuned,
10606,fine-tuned,
10607,fine-tuned,"Orange,Red,Green"
10608,fine-tuned,"Red,Blue"
10609,fine-tuned,Red
10610,fine-tuned,"Red,Blue,Blue"
10611,fine-tuned,
10612,fine-tuned,"Red,Green"
10613,fine-tuned,"Red,Blue,Red"
10614,fine-tuned,
10615,fine-tuned,
10616,fine-tuned,"Red,Yellow,Green"
10617,fine-tuned,
10618,fine-tuned,
10619,fine-tuned,
10620,fine-tuned,"Red,Blue,Green"
10621,fine-tuned,"Red,Blue,Yellow"
10622,fine-tuned,
10623,fine-tuned,
10624,fine-tuned,"Red,Yellow,Orange"
10625,fine-tuned,"Purple,Red,Yellow"
10626,fine-tuned,Orange
10627,fine-tuned,
10628,fine-tuned,
10629,fine-tuned,
10630,fine-tuned,"Red,Orange,Green"
10631,fine-tuned,Red
10632,fine-tuned,
10633,fine-tuned,
10634,fine-tuned,
10635,fine-tuned,
10636,fine-tuned,
10637,fine-tuned,
10638,fine-tuned,"Red,Blue,Orange"
10639,fine-tuned,
10640,fine-tuned,
10641,fine-tuned,
10642,fine-tuned,
10643,fine-tuned,"Orange,Red,Green"
10644,fine-tuned,"Red,Blue,Red"
10645,fine-tuned,
10646,fine-tuned,Green
10647,fine-tuned,
10648,fine-tuned,"Red,Green,Blue"
10649,fine-tuned,
10650,fine-tuned,
10651,fine-tuned,
10652,fine-tuned,"Yellow,Green,Orange"
10653,fine-tuned,"Green,Purple,Red"
10654,fine-tuned,
10655,fine-tuned,"Red,Green,Blue"
10656,fine-tuned,
10657,fine-tuned,"Blue,Blue,Blue"
10658,fine-tuned,
10659,fine-tuned,
10660,fine-tuned,
10661,fine-tuned,
10662,fine-tuned,"Red,Blue,Green"
10663,fine-tuned,
10664,fine-tuned,
10665,fine-tuned,"Red,Green,Purple"
10666,fine-tuned,"Green,Red,Red"
10667,fine-tuned,"Red,Green"
10668,fine-tuned,"Red,Orange,Yellow"
10669,fine-tuned,
10670,fine-tuned,
10671,fine-tuned,"Blue,Green,Red"
10672,fine-tuned,"Red,Blue,Purple"
10673,fine-tuned,
10674,fine-tuned,"Red,Orange,Green"
10675,fine-tuned,
10676,fine-tuned,"Blue,Red,Yellow"
10677,fine-tuned,
10678,fine-tuned,Red
10679,fine-tuned,
10680,fine-tuned,
10681,fine-tuned,
10682,fine-tuned,
10683,fine-tuned,"Red,Blue"
10684,fine-tuned,
10685,fine-tuned,
10686,fine-tuned,"Blue,Green,Purple"
10687,fine-tuned,
10688,fine-tuned,
10689,fine-tuned,"Red,Green"
10690,fine-tuned,Blue
10691,fine-tuned,
10692,fine-tuned,
10693,fine-tuned,
10694,fine-tuned,
10695,fine-tuned,
10696,fine-tuned,
10697,fine-tuned,"Red,Yellow"
10698,fine-tuned,"Red,Yellow,Purple"
10699,fine-tuned,
10700,fine-tuned,"Red,Green,Blue"
10701,fine-tuned,
10702,fine-tuned,
10703,fine-tuned,"Blue,Orange"
10704,fine-tuned,"Orange,Yellow"
10705,fine-tuned,
10706,fine-tuned,"Orange,Blue"
10707,fine-tuned,"Orange,Red"
10708,fine-tuned,
10709,fine-tuned,"Red,Blue"
10710,fine-tuned,
10711,fine-tuned,
10712,fine-tuned,
10713,fine-tuned,
10714,fine-tuned,Red
10715,fine-tuned,
10716,fine-tuned,
10717,fine-tuned,"Red,Yellow,Orange"
10718,fine-tuned,
10719,fine-tuned,
10720,fine-tuned,
10721,fine-tuned,"Red,Green,Blue"
10722,fine-tuned,
10723,fine-tuned,
10724,fine-tuned,
10725,fine-tuned,
10726,fine-tuned,
10727,fine-tuned,"Yellow,Blue,Green"
10728,fine-tuned,"Blue,Red,Purple"
10729,fine-tuned,
10730,fine-tuned,
10731,fine-tuned,"Red,Yellow,Blue"
10732,fine-tuned,"Red,Blue,Green"
10733,fine-tuned,"Yellow,Orange,Green"
10734,fine-tuned,
10735,fine-tuned,
10736,fine-tuned,"Red,Red,Blue"
10737,fine-tuned,
10738,fine-tuned,Red
10739,fine-tuned,"Red,Red,Green"
10740,fine-tuned,"Yellow,Orange"
10741,fine-tuned,
10742,fine-tuned,
10743,fine-tuned,"Red,Yellow,Blue"
10744,fine-tuned,
10745,fine-tuned,
10746,fine-tuned,
10747,fine-tuned,"Red,Blue"
10748,fine-tuned,"Red,Blue,Orange"
10749,fine-tuned,"Red,Yellow,Blue"
10750,fine-tuned,
10751,fine-tuned,
10752,fine-tuned,
10753,fine-tuned,
10754,fine-tuned,
10755,fine-tuned,"Red,Blue,Red"
10756,fine-tuned,
10757,fine-tuned,
10758,fine-tuned,
10759,fine-tuned,
10760,fine-tuned,"Green,Blue,Red"
10761,fine-tuned,
10762,fine-tuned,"Blue,Red,Purple"
10763,fine-tuned,
10764,fine-tuned,"Red,Yellow,Red"
10765,fine-tuned,"Red,Blue,Red"
10766,fine-tuned,
10767,fine-tuned,
10768,fine-tuned,
10769,fine-tuned,"Red,Green"
10770,fine-tuned,"Blue,Yellow,Green"
10771,fine-tuned,
10772,fine-tuned,"Red,Blue,Red"
10773,fine-tuned,
10774,fine-tuned,"Orange,Yellow,Green"
10775,fine-tuned,
10776,fine-tuned,"Blue,Red,Purple"
10777,fine-tuned,
10778,fine-tuned,"Red,Blue,Green"
10779,fine-tuned,
10780,fine-tuned,
10781,fine-tuned,
10782,fine-tuned,"Red,Blue,Green"
10783,fine-tuned,"Red,Yellow,Blue"
10784,fine-tuned,"Blue,Green,Green"
10785,fine-tuned,
10786,fine-tuned,
10787,fine-tuned,
10788,fine-tuned,
10789,fine-tuned,"Blue,Green,Orange"
10790,fine-tuned,"Red,Green"
10791,fine-tuned,"Red,Yellow,Blue"
10792,fine-tuned,
10793,fine-tuned,"Blue,Green,Purple"
10794,fine-tuned,
10795,fine-tuned,
10796,fine-tuned,
10797,fine-tuned,"Red,Blue,Green"
10798,fine-tuned,
10799,fine-tuned,
10800,fine-tuned,
10801,fine-tuned,
10802,fine-tuned,"Red,Green,Purple"
10803,fine-tuned,"Blue,Orange,Purple"
10804,fine-tuned,
10805,fine-tuned,"Red,Blue,Green"
10806,fine-tuned,
10807,fine-tuned,
10808,fine-tuned,
10809,fine-tuned,
10810,fine-tuned,Red
10811,fine-tuned,"Red,Blue,Yellow"
10812,fine-tuned,"Purple,Yellow,Green"
10813,fine-tuned,
10814,fine-tuned,"Blue,Orange,Red"
10815,fine-tuned,
10816,fine-tuned,"Yellow,Red,Orange"
10817,fine-tuned,
10818,fine-tuned,"Red,Green,Blue"
10819,fine-tuned,"Red,Orange"
10820,fine-tuned,
10821,fine-tuned,"Red,Green,Purple"
10822,fine-tuned,"Red,Green,Blue"
10823,fine-tuned,
10824,fine-tuned,"Purple,Red,Orange"
10825,fine-tuned,
10826,fine-tuned,
10827,fine-tuned,
10828,fine-tuned,
10829,fine-tuned,
10830,fine-tuned,
10831,fine-tuned,
10832,fine-tuned,"Red,Red,Red"
10833,fine-tuned,
10834,fine-tuned,
10835,fine-tuned,
10836,fine-tuned,"Red,Blue,Green"
10837,fine-tuned,
10838,fine-tuned,
10839,fine-tuned,
10840,fine-tuned,
10841,fine-tuned,"Red,Blue"
10842,fine-tuned,"Yellow,Red,Green"
10843,fine-tuned,"Blue,Green,Red"
10844,fine-tuned,
10845,fine-tuned,
10846,fine-tuned,
10847,fine-tuned,Purple
10848,fine-tuned,"Red,Green,Blue"
10849,fine-tuned,
10850,fine-tuned,
10851,fine-tuned,
10852,fine-tuned,Red
10853,fine-tuned,
10854,fine-tuned,
10855,fine-tuned,"Blue,Green,Yellow"
10856,fine-tuned,
10857,fine-tuned,"Red,Blue,Yellow"
10858,fine-tuned,"Red,Orange,Green"
10859,fine-tuned,"Red,Red,Red"
10860,fine-tuned,
10861,fine-tuned,
10862,fine-tuned,"Red,Green,Red"
10863,fine-tuned,"Orange,Yellow"
10864,fine-tuned,"Yellow,Green"
10865,fine-tuned,
10866,fine-tuned,
10867,fine-tuned,"Red,Yellow,Yellow"
10868,fine-tuned,"Blue,Red,Green"
10869,fine-tuned,
10870,fine-tuned,Orange
10871,fine-tuned,"Green,Purple"
10872,fine-tuned,
10873,fine-tuned,"Red,Yellow,Orange"
10874,fine-tuned,"Purple,Red,Blue"
10875,fine-tuned,"Yellow,Blue,Purple"
10876,fine-tuned,"Red,Blue,Yellow"
10877,fine-tuned,
10878,fine-tuned,
10879,fine-tuned,"Red,Blue,Purple"
10880,fine-tuned,
10881,fine-tuned,
10882,fine-tuned,"Red,Green,Orange"
10883,fine-tuned,
10884,fine-tuned,"Blue,Red,Green"
10885,fine-tuned,
10886,fine-tuned,
10887,fine-tuned,"Red,Blue,Yellow"
10888,fine-tuned,Green
10889,fine-tuned,"Green,Blue"
10890,fine-tuned,"Red,Blue"
10891,fine-tuned,"Red,Blue,Green"
10892,fine-tuned,
10893,fine-tuned,
10894,fine-tuned,"Red,Green,Blue"
10895,fine-tuned,
10896,fine-tuned,"Red,Blue,Yellow"
10897,fine-tuned,
10898,fine-tuned,"Yellow,Blue"
10899,fine-tuned,
10900,fine-tuned,
10901,fine-tuned,
10902,fine-tuned,
10903,fine-tuned,"Red,Orange,Blue"
10904,fine-tuned,"Yellow,Purple,Orange"
10905,fine-tuned,Red
10906,fine-tuned,
10907,fine-tuned,"Red,Blue,Orange"
10908,fine-tuned,
10909,fine-tuned,
10910,fine-tuned,Blue
10911,fine-tuned,"Yellow,Orange,Green"
10912,fine-tuned,
10913,fine-tuned,
10914,fine-tuned,
10915,fine-tuned,"Blue,Orange,Purple"
10916,fine-tuned,"Blue,Red,Green"
10917,fine-tuned,Red
10918,fine-tuned,
10919,fine-tuned,
10920,fine-tuned,
10921,fine-tuned,Purple
10922,fine-tuned,
10923,fine-tuned,Red
10924,fine-tuned,"Blue,Green"
10925,fine-tuned,
10926,fine-tuned,"Red,Blue,Yellow"
10927,fine-tuned,
10928,fine-tuned,
10929,fine-tuned,
10930,fine-tuned,
10931,fine-tuned,
10932,fine-tuned,"Red,Blue,Green"
10933,fine-tuned,
10934,fine-tuned,"Red,Blue,Green"
10935,fine-tuned,"Red,Blue,Green"
10936,fine-tuned,"Red,Blue,Green"
10937,fine-tuned,"Red,Green,Yellow"
10938,fine-tuned,
10939,fine-tuned,
10940,fine-tuned,
10941,fine-tuned,
10942,fine-tuned,
10943,fine-tuned,
10944,fine-tuned,
10945,fine-tuned,"Red,Purple,Red"
10946,fine-tuned,"Red,Blue,Green"
10947,fine-tuned,
10948,fine-tuned,"Green,Purple,Orange"
10949,fine-tuned,
10950,fine-tuned,
10951,fine-tuned,"Orange,Purple,Yellow"
10952,fine-tuned,"Red,Blue,Green"
10953,fine-tuned,
10954,fine-tuned,
10955,fine-tuned,
10956,fine-tuned,"Green,Purple,Yellow"
10957,fine-tuned,Yellow
10958,fine-tuned,
10959,fine-tuned,
10960,fine-tuned,
10961,fine-tuned,
10962,fine-tuned,
10963,fine-tuned,
10964,fine-tuned,
10965,fine-tuned,"Red,Yellow,Green"
10966,fine-tuned,"Red,Blue,Green"
10967,fine-tuned,"Yellow,Yellow,Orange"
10968,fine-tuned,"Blue,Yellow,Green"
10969,fine-tuned,
10970,fine-tuned,
10971,fine-tuned,
10972,fine-tuned,"Red,Orange,Yellow"
10973,fine-tuned,
10974,fine-tuned,
10975,fine-tuned,
10976,fine-tuned,"Red,Green,Yellow"
10977,fine-tuned,"Red,Blue,Red"
10978,fine-tuned,
10979,fine-tuned,
10980,fine-tuned,
10981,fine-tuned,
10982,fine-tuned,"Blue,Green,Yellow"
10983,fine-tuned,
10984,fine-tuned,
10985,fine-tuned,"Red,Green,Yellow"
10986,fine-tuned,"Red,Blue,Red"
10987,fine-tuned,
10988,fine-tuned,
10989,fine-tuned,"Red,Blue,Green"
10990,fine-tuned,
10991,fine-tuned,
10992,fine-tuned,
10993,fine-tuned,
10994,fine-tuned,Yellow
10995,fine-tuned,
10996,fine-tuned,"Blue,Purple,Red"
10997,fine-tuned,"Red,Green,Blue"
10998,fine-tuned,"Red,Blue,Purple"
10999,fine-tuned,
11000,fine-tuned,Red
11001,fine-tuned,
11002,fine-tuned,
11003,fine-tuned,"Blue,Blue"
11004,fine-tuned,
11005,fine-tuned,Purple
11006,fine-tuned,
11007,fine-tuned,
11008,fine-tuned,"Red,Red,Blue"
11009,fine-tuned,"Blue,Red,Purple"
11010,fine-tuned,"Yellow,Orange,Orange"
11011,fine-tuned,
11012,fine-tuned,
11013,fine-tuned,
11014,fine-tuned,"Red,Blue,Orange"
11015,fine-tuned,"Red,Red,Blue"
11016,fine-tuned,
11017,fine-tuned,
11018,fine-tuned,
11019,fine-tuned,
11020,fine-tuned,
11021,fine-tuned,"Red,Yellow,Green"
11022,fine-tuned,"Red,Blue,Green"
11023,fine-tuned,
11024,fine-tuned,
11025,fine-tuned,
11026,fine-tuned,
11027,fine-tuned,"Green,Purple,Red"
11028,fine-tuned,
11029,fine-tuned,"Blue,Yellow,Green"
11030,fine-tuned,"Red,Blue,Purple"
11031,fine-tuned,
11032,fine-tuned,"Red,Blue,Green"
11033,fine-tuned,
11034,fine-tuned,
11035,fine-tuned,
11036,fine-tuned,
11037,fine-tuned,"Red,Green,Red"
11038,fine-tuned,"Red,Blue,Red"
11039,fine-tuned,"Red,Blue,Green"
11040,fine-tuned,
11041,fine-tuned,
11042,fine-tuned,"Red,Blue,Green"
11043,fine-tuned,
11044,fine-tuned,"Red,Yellow,Red"
11045,fine-tuned,
11046,fine-tuned,
11047,fine-tuned,"Red,Yellow,Green"
11048,fine-tuned,"Red,Blue,Green"
11049,fine-tuned,
11050,fine-tuned,
11051,fine-tuned,
11052,fine-tuned,
11053,fine-tuned,
11054,fine-tuned,"Red,Yellow,Red"
11055,fine-tuned,
11056,fine-tuned,"Red,Purple,Red"
11057,fine-tuned,
11058,fine-tuned,
11059,fine-tuned,
11060,fine-tuned,"Red,Blue,Orange"
11061,fine-tuned,Green
11062,fine-tuned,
11063,fine-tuned,"Blue,Orange,Red"
11064,fine-tuned,"Orange,Blue,Green"
11065,fine-tuned,
11066,fine-tuned,"Red,Yellow,Green"
11067,fine-tuned,"Red,Yellow,Blue"
11068,fine-tuned,
11069,fine-tuned,
11070,fine-tuned,"Red,Blue,Orange"
11071,fine-tuned,
11072,fine-tuned,
11073,fine-tuned,"Red,Green,Red"
11074,fine-tuned,
11075,fine-tuned,
11076,fine-tuned,
11077,fine-tuned,"Red,Blue,Yellow"
11078,fine-tuned,
11079,fine-tuned,
11080,fine-tuned,
11081,fine-tuned,"Red,Green,Yellow"
11082,fine-tuned,
11083,fine-tuned,"Red,Yellow"
11084,fine-tuned,
11085,fine-tuned,
11086,fine-tuned,"Red,Green,Blue"
11087,fine-tuned,
11088,fine-tuned,
11089,fine-tuned,"Blue,Green,Orange"
11090,fine-tuned,"Red,Green,Yellow"
11091,fine-tuned,"Orange,Green,Red"
11092,fine-tuned,"Red,Green,Blue"
11093,fine-tuned,
11094,fine-tuned,"Blue,Green,Purple"
11095,fine-tuned,"Red,Blue,Purple"
11096,fine-tuned,"Red,Green,Green"
11097,fine-tuned,
11098,fine-tuned,
11099,fine-tuned,"Red,Blue,Blue"
11100,fine-tuned,
11101,fine-tuned,
11102,fine-tuned,
11103,fine-tuned,"Blue,Red,Purple"
11104,fine-tuned,
11105,fine-tuned,"Red,Orange,Red"
11106,fine-tuned,
11107,fine-tuned,
11108,fine-tuned,"Yellow,Green,Green"
11109,fine-tuned,
11110,fine-tuned,
11111,fine-tuned,
11112,fine-tuned,
11113,fine-tuned,
11114,fine-tuned,"Red,Blue,Purple"
11115,fine-tuned,
11116,fine-tuned,"Red,Blue,Red"
11117,fine-tuned,
11118,fine-tuned,
11119,fine-tuned,"Red,Green,Purple"
11120,fine-tuned,Blue
11121,fine-tuned,
11122,fine-tuned,"Green,Orange,Blue"
11123,fine-tuned,"Red,Blue,Orange"
11124,fine-tuned,
11125,fine-tuned,"Red,Blue,Yellow"
11126,fine-tuned,Red
11127,fine-tuned,"Green,Yellow,Purple"
11128,fine-tuned,
11129,fine-tuned,
11130,fine-tuned,
11131,fine-tuned,
11132,fine-tuned,"Blue,Green,Purple"
11133,fine-tuned,"Blue,Purple,Green"
11134,fine-tuned,"Green,Orange,Purple"
11135,fine-tuned,"Red,Blue,Orange"
11136,fine-tuned,
11137,fine-tuned,"Red,Green,Blue"
11138,fine-tuned,
11139,fine-tuned,"Purple,Red,Yellow"
11140,fine-tuned,
11141,fine-tuned,"Red,Blue,Yellow"
11142,fine-tuned,
11143,fine-tuned,Yellow
11144,fine-tuned,
11145,fine-tuned,
11146,fine-tuned,"Red,Orange,Blue"
11147,fine-tuned,
11148,fine-tuned,
11149,fine-tuned,"Red,Blue,Yellow"
11150,fine-tuned,
11151,fine-tuned,"Red,Blue,Orange"
11152,fine-tuned,Orange
11153,fine-tuned,Red
11154,fine-tuned,"Blue,Green,Purple"
11155,fine-tuned,
11156,fine-tuned,
11157,fine-tuned,
11158,fine-tuned,
11159,fine-tuned,"Red,Yellow,Orange"
11160,fine-tuned,"Green,Yellow,Blue"
11161,fine-tuned,
11162,fine-tuned,
11163,fine-tuned,"Red,Purple,Green"
11164,fine-tuned,"Orange,Red,Purple"
11165,fine-tuned,"Red,Blue,Green"
11166,fine-tuned,
11167,fine-tuned,
11168,fine-tuned,Red
11169,fine-tuned,"Red,Blue,Orange"
11170,fine-tuned,"Blue,Orange,Purple"
11171,fine-tuned,
11172,fine-tuned,"Red,Green,Purple"
11173,fine-tuned,
11174,fine-tuned,"Green,Blue"
11175,fine-tuned,
11176,fine-tuned,Red
11177,fine-tuned,"Red,Green,Yellow"
11178,fine-tuned,"Red,Red,Orange"
11179,fine-tuned,
11180,fine-tuned,"Red,Red"
11181,fine-tuned,"Red,Red,Green"
11182,fine-tuned,
11183,fine-tuned,
11184,fine-tuned,"Red,Orange,Yellow"
11185,fine-tuned,
11186,fine-tuned,
11187,fine-tuned,
11188,fine-tuned,"Red,Green"
11189,fine-tuned,
11190,fine-tuned,"Red,Blue,Blue"
11191,fine-tuned,
11192,fine-tuned,"Red,Blue,Green"
11193,fine-tuned,"Red,Orange,Purple"
11194,fine-tuned,
11195,fine-tuned,
11196,fine-tuned,
11197,fine-tuned,
11198,fine-tuned,
11199,fine-tuned,"Red,Blue,Yellow"
11200,fine-tuned,
11201,fine-tuned,"Green,Blue"
11202,fine-tuned,"Red,Blue,Blue"
11203,fine-tuned,
11204,fine-tuned,"Red,Green,Red"
11205,fine-tuned,
11206,fine-tuned,
11207,fine-tuned,
11208,fine-tuned,"Red,Blue,Green"
11209,fine-tuned,
11210,fine-tuned,
11211,fine-tuned,
11212,fine-tuned,
11213,fine-tuned,"Red,Blue"
11214,fine-tuned,"Blue,Green,Orange"
11215,fine-tuned,
11216,fine-tuned,
11217,fine-tuned,"Red,Green,Yellow"
11218,fine-tuned,
11219,fine-tuned,Green
11220,fine-tuned,
11221,fine-tuned,
11222,fine-tuned,"Red,Green,Orange"
11223,fine-tuned,
11224,fine-tuned,
11225,fine-tuned,Red
11226,fine-tuned,Red
11227,fine-tuned,
11228,fine-tuned,"Red,Blue,Purple"
11229,fine-tuned,"Blue,Red,Red"
11230,fine-tuned,Red
11231,fine-tuned,
11232,fine-tuned,"Orange,Purple,Purple"
11233,fine-tuned,
11234,fine-tuned,
11235,fine-tuned,
11236,fine-tuned,
11237,fine-tuned,
11238,fine-tuned,
11239,fine-tuned,"Red,Green,Red"
11240,fine-tuned,
11241,fine-tuned,"Red,Yellow,Orange"
11242,fine-tuned,
11243,fine-tuned,
11244,fine-tuned,"Red,Green,Green"
11245,fine-tuned,"Red,Green,Green"
11246,fine-tuned,
11247,fine-tuned,"Red,Blue,Orange"
11248,fine-tuned,
11249,fine-tuned,
11250,fine-tuned,"Red,Blue,Green"
11251,fine-tuned,
11252,fine-tuned,"Yellow,Orange,Red"
11253,fine-tuned,"Red,Blue,Yellow"
11254,fine-tuned,
11255,fine-tuned,
11256,fine-tuned,"Red,Red,Blue"
11257,fine-tuned,"Red,Blue,Green"
11258,fine-tuned,
11259,fine-tuned,
11260,fine-tuned,
11261,fine-tuned,"Red,Green,Purple"
11262,fine-tuned,
11263,fine-tuned,
11264,fine-tuned,"Green,Red,Purple"
11265,fine-tuned,
11266,fine-tuned,
11267,fine-tuned,
11268,fine-tuned,
11269,fine-tuned,
11270,fine-tuned,"Blue,Yellow,Orange"
11271,fine-tuned,"Purple,Orange,Red"
11272,fine-tuned,
11273,fine-tuned,
11274,fine-tuned,"Blue,Green,Orange"
11275,fine-tuned,"Red,Orange,Blue"
11276,fine-tuned,"Red,Blue,Green"
11277,fine-tuned,
11278,fine-tuned,
11279,fine-tuned,Red
11280,fine-tuned,
11281,fine-tuned,
11282,fine-tuned,
11283,fine-tuned,"Purple,Red,Orange"
11284,fine-tuned,"Red,Green,Purple"
11285,fine-tuned,"Red,Green"
11286,fine-tuned,Purple
11287,fine-tuned,"Red,Green,Yellow"
11288,fine-tuned,
11289,fine-tuned,"Red,Yellow,Purple"
11290,fine-tuned,
11291,fine-tuned,"Yellow,Blue,Blue"
11292,fine-tuned,
11293,fine-tuned,"Blue,Red,Red"
11294,fine-tuned,"Blue,Red"
11295,fine-tuned,"Red,Blue,Green"
11296,fine-tuned,"Red,Yellow,Yellow"
11297,fine-tuned,"Blue,Yellow,Purple"
11298,fine-tuned,
11299,fine-tuned,"Blue,Green,Red"
11300,fine-tuned,"Red,Blue,Green"
11301,fine-tuned,"Red,Green"
11302,fine-tuned,
11303,fine-tuned,
11304,fine-tuned,
11305,fine-tuned,
11306,fine-tuned,Red
11307,fine-tuned,
11308,fine-tuned,"Red,Yellow,Orange"
11309,fine-tuned,
11310,fine-tuned,"Blue,Orange,Red"
11311,fine-tuned,
11312,fine-tuned,"Red,Green"
11313,fine-tuned,"Red,Green,Purple"
11314,fine-tuned,
11315,fine-tuned,
11316,fine-tuned,"Blue,Orange,Red"
11317,fine-tuned,Red
11318,fine-tuned,
11319,fine-tuned,
11320,fine-tuned,
11321,fine-tuned,
11322,fine-tuned,
11323,fine-tuned,"Red,Green,Red"
11324,fine-tuned,"Red,Blue,Yellow"
11325,fine-tuned,
11326,fine-tuned,
11327,fine-tuned,
11328,fine-tuned,"Red,Red"
11329,fine-tuned,"Red,Blue"
11330,fine-tuned,
11331,fine-tuned,
11332,fine-tuned,
11333,fine-tuned,"Green,Purple,Green"
11334,fine-tuned,
11335,fine-tuned,
11336,fine-tuned,"Red,Yellow"
11337,fine-tuned,
11338,fine-tuned,"Red,Blue,Green"
11339,fine-tuned,
11340,fine-tuned,
11341,fine-tuned,"Red,Yellow,Blue"
11342,fine-tuned,"Blue,Yellow,Purple"
11343,fine-tuned,"Blue,Yellow"
11344,fine-tuned,
11345,fine-tuned,
11346,fine-tuned,"Red,Blue,Orange"
11347,fine-tuned,"Red,Yellow,Green"
11348,fine-tuned,"Red,Red,Yellow"
11349,fine-tuned,"Red,Red,Orange"
11350,fine-tuned,
11351,fine-tuned,"Yellow,Blue,Green"
11352,fine-tuned,"Red,Green,Red"
11353,fine-tuned,
11354,fine-tuned,
11355,fine-tuned,
11356,fine-tuned,"Red,Orange,Purple"
11357,fine-tuned,
11358,fine-tuned,
11359,fine-tuned,"Purple,Red,Green"
11360,fine-tuned,"Blue,Purple,Red"
11361,fine-tuned,
11362,fine-tuned,
11363,fine-tuned,
11364,fine-tuned,
11365,fine-tuned,
11366,fine-tuned,
11367,fine-tuned,
11368,fine-tuned,
11369,fine-tuned,"Red,Red,Red"
11370,fine-tuned,"Orange,Red,Red"
11371,fine-tuned,
11372,fine-tuned,"Green,Orange,Purple"
11373,fine-tuned,"Red,Green,Orange"
11374,fine-tuned,
11375,fine-tuned,"Yellow,Red,Red"
11376,fine-tuned,Red
11377,fine-tuned,
11378,fine-tuned,
11379,fine-tuned,
11380,fine-tuned,
11381,fine-tuned,
11382,fine-tuned,"Blue,Blue,Yellow"
11383,fine-tuned,
11384,fine-tuned,
11385,fine-tuned,"Yellow,Purple,Yellow"
11386,fine-tuned,
11387,fine-tuned,"Green,Red,Blue"
11388,fine-tuned,"Red,Green,Blue"
11389,fine-tuned,"Blue,Yellow,Red"
11390,fine-tuned,Yellow
11391,fine-tuned,
11392,fine-tuned,
11393,fine-tuned,
11394,fine-tuned,
11395,fine-tuned,
11396,fine-tuned,"Yellow,Red,Blue"
11397,fine-tuned,"Red,Blue,Green"
11398,fine-tuned,
11399,fine-tuned,
11400,fine-tuned,
11401,fine-tuned,"Orange,Red,Green"
11402,fine-tuned,"Orange,Red,Blue"
11403,fine-tuned,
11404,fine-tuned,"Red,Blue,Purple"
11405,fine-tuned,"Red,Blue,Orange"
11406,fine-tuned,
11407,fine-tuned,"Red,Orange,Green"
11408,fine-tuned,
11409,fine-tuned,"Orange,Blue,Yellow"
11410,fine-tuned,"Yellow,Orange,Orange"
11411,fine-tuned,"Red,Blue,Blue"
11412,fine-tuned,"Purple,Green,Orange"
11413,fine-tuned,
11414,fine-tuned,
11415,fine-tuned,"Red,Yellow"
11416,fine-tuned,"Blue,Orange,Yellow"
11417,fine-tuned,"Red,Yellow,Green"
11418,fine-tuned,Orange
11419,fine-tuned,"Red,Yellow,Orange"
11420,fine-tuned,
11421,fine-tuned,
11422,fine-tuned,
11423,fine-tuned,
11424,fine-tuned,"Red,Blue,Yellow"
11425,fine-tuned,"Red,Blue,Green"
11426,fine-tuned,
11427,fine-tuned,
11428,fine-tuned,"Red,Blue"
11429,fine-tuned,"Red,Red,Red"
11430,fine-tuned,
11431,fine-tuned,
11432,fine-tuned,"Blue,Green,Yellow"
11433,fine-tuned,"Red,Yellow,Red"
11434,fine-tuned,
11435,fine-tuned,"Red,Orange,Yellow"
11436,fine-tuned,
11437,fine-tuned,
11438,fine-tuned,
11439,fine-tuned,"Red,Red,Red"
11440,fine-tuned,
11441,fine-tuned,"Yellow,Red,Green"
11442,fine-tuned,
11443,fine-tuned,
11444,fine-tuned,
11445,fine-tuned,"Red,Blue,Yellow"
11446,fine-tuned,
11447,fine-tuned,
11448,fine-tuned,"Blue,Yellow"
11449,fine-tuned,"Red,Yellow,Blue"
11450,fine-tuned,"Red,Blue"
11451,fine-tuned,
11452,fine-tuned,"Red,Green,Blue"
11453,fine-tuned,
11454,fine-tuned,
11455,fine-tuned,"Red,Green,Yellow"
11456,fine-tuned,"Red,Blue"
11457,fine-tuned,"Red,Green,Blue"
11458,fine-tuned,"Blue,Green,Red"
11459,fine-tuned,
11460,fine-tuned,
11461,fine-tuned,
11462,fine-tuned,
11463,fine-tuned,"Red,Blue,Green"
11464,fine-tuned,
11465,fine-tuned,"Green,Purple,Orange"
11466,fine-tuned,
11467,fine-tuned,"Red,Blue,Green"
11468,fine-tuned,
11469,fine-tuned,"Red,Yellow,Purple"
11470,fine-tuned,
11471,fine-tuned,
11472,fine-tuned,"Red,Orange,Orange"
11473,fine-tuned,
11474,fine-tuned,
11475,fine-tuned,
11476,fine-tuned,
11477,fine-tuned,Blue
11478,fine-tuned,
11479,fine-tuned,
11480,fine-tuned,
11481,fine-tuned,Red
11482,fine-tuned,"Red,Green,Red"
11483,fine-tuned,
11484,fine-tuned,"Blue,Yellow,Yellow"
11485,fine-tuned,
11486,fine-tuned,
11487,fine-tuned,
11488,fine-tuned,"Blue,Blue,Green"
11489,fine-tuned,
11490,fine-tuned,
11491,fine-tuned,Red
11492,fine-tuned,"Red,Blue,Purple"
11493,fine-tuned,
11494,fine-tuned,
11495,fine-tuned,
11496,fine-tuned,"Red,Blue,Red"
11497,fine-tuned,Purple
11498,fine-tuned,
11499,fine-tuned,Blue
11500,fine-tuned,
11501,fine-tuned,
11502,fine-tuned,
11503,fine-tuned,
11504,fine-tuned,
11505,fine-tuned,Yellow
11506,fine-tuned,
11507,fine-tuned,
11508,fine-tuned,"Blue,Red,Orange"
11509,fine-tuned,
11510,fine-tuned,
11511,fine-tuned,"Purple,Orange,Yellow"
11512,fine-tuned,"Red,Green,Blue"
11513,fine-tuned,"Red,Blue"
11514,fine-tuned,
11515,fine-tuned,"Red,Yellow,Orange"
11516,fine-tuned,
11517,fine-tuned,
11518,fine-tuned,
11519,fine-tuned,"Red,Orange,Red"
11520,fine-tuned,"Blue,Yellow,Orange"
11521,fine-tuned,
11522,fine-tuned,
11523,fine-tuned,"Blue,Green,Green"
11524,fine-tuned,"Red,Yellow,Red"
11525,fine-tuned,
11526,fine-tuned,
11527,fine-tuned,
11528,fine-tuned,
11529,fine-tuned,
11530,fine-tuned,
11531,fine-tuned,
11532,fine-tuned,"Blue,Red"
11533,fine-tuned,
11534,fine-tuned,"Blue,Red"
11535,fine-tuned,
11536,fine-tuned,"Red,Blue,Blue"
11537,fine-tuned,
11538,fine-tuned,
11539,fine-tuned,
11540,fine-tuned,
11541,fine-tuned,
11542,fine-tuned,Green
11543,fine-tuned,Purple
11544,fine-tuned,Red
11545,fine-tuned,"Red,Purple,Red"
11546,fine-tuned,
11547,fine-tuned,
11548,fine-tuned,
11549,fine-tuned,
11550,fine-tuned,
11551,fine-tuned,
11552,fine-tuned,
11553,fine-tuned,
11554,fine-tuned,
11555,fine-tuned,
11556,fine-tuned,
11557,fine-tuned,
11558,fine-tuned,Blue
11559,fine-tuned,
11560,fine-tuned,
11561,fine-tuned,"Orange,Red,Purple"
11562,fine-tuned,"Red,Yellow,Green"
11563,fine-tuned,"Yellow,Orange"
11564,fine-tuned,"Red,Blue,Green"
11565,fine-tuned,
11566,fine-tuned,
11567,fine-tuned,
11568,fine-tuned,
11569,fine-tuned,
11570,fine-tuned,Red
11571,fine-tuned,"Yellow,Orange"
11572,fine-tuned,
11573,fine-tuned,"Red,Blue"
11574,fine-tuned,"Red,Yellow,Orange"
11575,fine-tuned,
11576,fine-tuned,"Blue,Yellow,Green"
11577,fine-tuned,
11578,fine-tuned,"Red,Blue,Green"
11579,fine-tuned,"Red,Blue"
11580,fine-tuned,
11581,fine-tuned,
11582,fine-tuned,
11583,fine-tuned,
11584,fine-tuned,
11585,fine-tuned,"Red,Yellow"
11586,fine-tuned,"Yellow,Purple,Blue"
11587,fine-tuned,"Purple,Red,Yellow"
11588,fine-tuned,"Red,Blue,Red"
11589,fine-tuned,
11590,fine-tuned,"Green,Yellow,Orange"
11591,fine-tuned,
11592,fine-tuned,
11593,fine-tuned,
11594,fine-tuned,
11595,fine-tuned,"Red,Blue,Red"
11596,fine-tuned,"Red,Blue,Green"
11597,fine-tuned,"Blue,Green"
11598,fine-tuned,
11599,fine-tuned,
11600,fine-tuned,
11601,fine-tuned,
11602,fine-tuned,
11603,fine-tuned,
11604,fine-tuned,"Red,Blue,Red"
11605,fine-tuned,
11606,fine-tuned,
11607,fine-tuned,
11608,fine-tuned,"Red,Yellow,Green"
11609,fine-tuned,
11610,fine-tuned,"Red,Green,Purple"
11611,fine-tuned,
11612,fine-tuned,
11613,fine-tuned,"Blue,Red,Orange"
11614,fine-tuned,"Blue,Red"
11615,fine-tuned,"Yellow,Green,Red"
11616,fine-tuned,"Red,Yellow,Orange"
11617,fine-tuned,
11618,fine-tuned,"Red,Red,Orange"
11619,fine-tuned,
11620,fine-tuned,
11621,fine-tuned,
11622,fine-tuned,"Red,Green"
11623,fine-tuned,Blue
11624,fine-tuned,"Orange,Blue,Purple"
11625,fine-tuned,"Red,Red,Red"
11626,fine-tuned,
11627,fine-tuned,
11628,fine-tuned,
11629,fine-tuned,"Red,Orange,Red"
11630,fine-tuned,"Red,Yellow,Yellow"
11631,fine-tuned,
11632,fine-tuned,
11633,fine-tuned,
11634,fine-tuned,
11635,fine-tuned,
11636,fine-tuned,"Green,Orange"
11637,fine-tuned,"Red,Blue,Yellow"
11638,fine-tuned,
11639,fine-tuned,
11640,fine-tuned,"Green,Purple"
11641,fine-tuned,
11642,fine-tuned,Purple
11643,fine-tuned,
11644,fine-tuned,
11645,fine-tuned,Red
11646,fine-tuned,
11647,fine-tuned,
11648,fine-tuned,
11649,fine-tuned,"Red,Blue"
11650,fine-tuned,
11651,fine-tuned,
11652,fine-tuned,"Purple,Green,Orange"
11653,fine-tuned,
11654,fine-tuned,
11655,fine-tuned,"Red,Blue,Green"
11656,fine-tuned,
11657,fine-tuned,
11658,fine-tuned,"Orange,Red,Orange"
11659,fine-tuned,
11660,fine-tuned,
11661,fine-tuned,
11662,fine-tuned,Red
11663,fine-tuned,
11664,fine-tuned,
11665,fine-tuned,"Red,Blue"
11666,fine-tuned,
11667,fine-tuned,Green
11668,fine-tuned,"Red,Yellow,Purple"
11669,fine-tuned,"Orange,Blue,Orange"
11670,fine-tuned,
11671,fine-tuned,
11672,fine-tuned,"Yellow,Orange,Blue"
11673,fine-tuned,
11674,fine-tuned,"Green,Yellow,Purple"
11675,fine-tuned,Red
11676,fine-tuned,
11677,fine-tuned,
11678,fine-tuned,"Red,Yellow,Red"
11679,fine-tuned,
11680,fine-tuned,"Red,Blue,Green"
11681,fine-tuned,"Red,Blue,Green"
11682,fine-tuned,
11683,fine-tuned,
11684,fine-tuned,"Red,Green,Yellow"
11685,fine-tuned,
11686,fine-tuned,"Green,Orange,Yellow"
11687,fine-tuned,
11688,fine-tuned,
11689,fine-tuned,"Red,Blue,Green"
11690,fine-tuned,
11691,fine-tuned,"Green,Red"
11692,fine-tuned,
11693,fine-tuned,
11694,fine-tuned,
11695,fine-tuned,"Blue,Green,Red"
11696,fine-tuned,
11697,fine-tuned,
11698,fine-tuned,"Red,Blue,Orange"
11699,fine-tuned,"Red,Orange,Blue"
11700,fine-tuned,
11701,fine-tuned,
11702,fine-tuned,
11703,fine-tuned,
11704,fine-tuned,
11705,fine-tuned,
11706,fine-tuned,"Green,Orange,Yellow"
11707,fine-tuned,
11708,fine-tuned,Red
11709,fine-tuned,"Red,Green,Orange"
11710,fine-tuned,
11711,fine-tuned,
11712,fine-tuned,
11713,fine-tuned,
11714,fine-tuned,Red
11715,fine-tuned,
11716,fine-tuned,
11717,fine-tuned,Orange
11718,fine-tuned,
11719,fine-tuned,
11720,fine-tuned,
11721,fine-tuned,"Red,Blue,Yellow"
11722,fine-tuned,
11723,fine-tuned,
11724,fine-tuned,"Red,Blue,Orange"
11725,fine-tuned,"Orange,Red,Purple"
11726,fine-tuned,
11727,fine-tuned,Red
11728,fine-tuned,Red
11729,fine-tuned,
11730,fine-tuned,"Green,Yellow,Purple"
11731,fine-tuned,
11732,fine-tuned,
11733,fine-tuned,
11734,fine-tuned,"Blue,Yellow,Green"
11735,fine-tuned,"Blue,Red"
11736,fine-tuned,
11737,fine-tuned,"Blue,Red,Green"
11738,fine-tuned,"Red,Blue,Blue"
11739,fine-tuned,
11740,fine-tuned,"Yellow,Blue,Red"
11741,fine-tuned,"Red,Yellow,Blue"
11742,fine-tuned,
11743,fine-tuned,
11744,fine-tuned,
11745,fine-tuned,"Red,Blue,Green"
11746,fine-tuned,
11747,fine-tuned,
11748,fine-tuned,
11749,fine-tuned,"Red,Blue,Yellow"
11750,fine-tuned,
11751,fine-tuned,
11752,fine-tuned,
11753,fine-tuned,
11754,fine-tuned,
11755,fine-tuned,
11756,fine-tuned,
11757,fine-tuned,"Red,Green,Purple"
11758,fine-tuned,
11759,fine-tuned,
11760,fine-tuned,"Yellow,Blue,Red"
11761,fine-tuned,
11762,fine-tuned,"Red,Green,Blue"
11763,fine-tuned,
11764,fine-tuned,Red
11765,fine-tuned,
11766,fine-tuned,
11767,fine-tuned,"Red,Blue,Purple"
11768,fine-tuned,
11769,fine-tuned,
11770,fine-tuned,"Red,Blue,Green"
11771,fine-tuned,Red
11772,fine-tuned,
11773,fine-tuned,"Red,Blue,Purple"
11774,fine-tuned,"Green,Blue,Yellow"
11775,fine-tuned,
11776,fine-tuned,
11777,fine-tuned,
11778,fine-tuned,"Red,Blue,Purple"
11779,fine-tuned,"Green,Blue,Red"
11780,fine-tuned,"Red,Orange,Purple"
11781,fine-tuned,"Red,Red"
11782,fine-tuned,
11783,fine-tuned,"Red,Orange,Yellow"
11784,fine-tuned,"Red,Blue,Yellow"
11785,fine-tuned,
11786,fine-tuned,"Red,Blue,Green"
11787,fine-tuned,
11788,fine-tuned,
11789,fine-tuned,
11790,fine-tuned,Red
11791,fine-tuned,
11792,fine-tuned,
11793,fine-tuned,"Red,Blue,Yellow"
11794,fine-tuned,"Red,Blue,Red"
11795,fine-tuned,
11796,fine-tuned,"Blue,Red,Yellow"
11797,fine-tuned,"Red,Red,Green"
11798,fine-tuned,
11799,fine-tuned,
11800,fine-tuned,
11801,fine-tuned,"Red,Orange,Yellow"
11802,fine-tuned,"Red,Blue,Green"
11803,fine-tuned,
11804,fine-tuned,
11805,fine-tuned,
11806,fine-tuned,
11807,fine-tuned,"Red,Blue,Yellow"
11808,fine-tuned,
11809,fine-tuned,
11810,fine-tuned,"Blue,Red,Purple"
11811,fine-tuned,
11812,fine-tuned,"Red,Green,Purple"
11813,fine-tuned,
11814,fine-tuned,"Blue,Red,Orange"
11815,fine-tuned,
11816,fine-tuned,"Red,Blue,Green"
11817,fine-tuned,
11818,fine-tuned,"Green,Red,Orange"
11819,fine-tuned,
11820,fine-tuned,
11821,fine-tuned,Blue
11822,fine-tuned,"Red,Green,Blue"
11823,fine-tuned,
11824,fine-tuned,
11825,fine-tuned,
11826,fine-tuned,
11827,fine-tuned,
11828,fine-tuned,
11829,fine-tuned,
11830,fine-tuned,
11831,fine-tuned,
11832,fine-tuned,"Red,Yellow,Orange"
11833,fine-tuned,
11834,fine-tuned,
11835,fine-tuned,
11836,fine-tuned,"Red,Blue,Yellow"
11837,fine-tuned,"Red,Red,Red"
11838,fine-tuned,
11839,fine-tuned,
11840,fine-tuned,
11841,fine-tuned,
11842,fine-tuned,"Red,Blue,Yellow"
11843,fine-tuned,"Red,Orange,Red"
11844,fine-tuned,"Red,Orange,Purple"
11845,fine-tuned,
11846,fine-tuned,"Red,Blue,Yellow"
11847,fine-tuned,
11848,fine-tuned,Yellow
11849,fine-tuned,
11850,fine-tuned,
11851,fine-tuned,Yellow
11852,fine-tuned,
11853,fine-tuned,"Red,Green,Blue"
11854,fine-tuned,"Blue,Green,Orange"
11855,fine-tuned,
11856,fine-tuned,
11857,fine-tuned,
11858,fine-tuned,"Red,Blue,Green"
11859,fine-tuned,
11860,fine-tuned,
11861,fine-tuned,
11862,fine-tuned,"Red,Blue,Red"
11863,fine-tuned,
11864,fine-tuned,
11865,fine-tuned,
11866,fine-tuned,"Purple,Blue,Yellow"
11867,fine-tuned,"Red,Red,Red"
11868,fine-tuned,
11869,fine-tuned,"Red,Green,Purple"
11870,fine-tuned,"Red,Blue,Green"
11871,fine-tuned,
11872,fine-tuned,"Green,Red,Yellow"
11873,fine-tuned,
11874,fine-tuned,
11875,fine-tuned,
11876,fine-tuned,"Green,Orange,Red"
11877,fine-tuned,"Red,Green,Blue"
11878,fine-tuned,
11879,fine-tuned,
11880,fine-tuned,"Blue,Orange,Red"
11881,fine-tuned,
11882,fine-tuned,"Green,Yellow,Purple"
11883,fine-tuned,"Blue,Red,Orange"
11884,fine-tuned,
11885,fine-tuned,
11886,fine-tuned,
11887,fine-tuned,"Red,Red,Blue"
11888,fine-tuned,"Red,Blue,Yellow"
11889,fine-tuned,
11890,fine-tuned,"Red,Green,Red"
11891,fine-tuned,"Red,Blue,Green"
11892,fine-tuned,"Red,Red,Yellow"
11893,fine-tuned,
11894,fine-tuned,
11895,fine-tuned,
11896,fine-tuned,"Red,Yellow,Purple"
11897,fine-tuned,"Green,Yellow,Red"
11898,fine-tuned,"Red,Green,Orange"
11899,fine-tuned,
11900,fine-tuned,"Red,Blue,Yellow"
11901,fine-tuned,"Red,Green,Orange"
11902,fine-tuned,
11903,fine-tuned,Red
11904,fine-tuned,"Yellow,Purple,Red"
11905,fine-tuned,
11906,fine-tuned,"Red,Blue,Green"
11907,fine-tuned,"Red,Blue,Yellow"
11908,fine-tuned,
11909,fine-tuned,"Red,Green,Orange"
11910,fine-tuned,
11911,fine-tuned,"Red,Blue,Green"
11912,fine-tuned,
11913,fine-tuned,
11914,fine-tuned,
11915,fine-tuned,
11916,fine-tuned,
11917,fine-tuned,"Red,Red"
11918,fine-tuned,
11919,fine-tuned,
11920,fine-tuned,"Red,Blue,Green"
11921,fine-tuned,Red
11922,fine-tuned,"Yellow,Yellow,Green"
11923,fine-tuned,"Red,Blue,Green"
11924,fine-tuned,
11925,fine-tuned,Blue
11926,fine-tuned,
11927,fine-tuned,Red
11928,fine-tuned,Blue
11929,fine-tuned,
11930,fine-tuned,"Red,Blue,Yellow"
11931,fine-tuned,"Red,Green,Blue"
11932,fine-tuned,
11933,fine-tuned,
11934,fine-tuned,"Blue,Red,Orange"
11935,fine-tuned,
11936,fine-tuned,Red
11937,fine-tuned,"Green,Red,Green"
11938,fine-tuned,
11939,fine-tuned,
11940,fine-tuned,Red
11941,fine-tuned,
11942,fine-tuned,
11943,fine-tuned,
11944,fine-tuned,
11945,fine-tuned,"Red,Green,Orange"
11946,fine-tuned,
11947,fine-tuned,"Green,Yellow,Orange"
11948,fine-tuned,
11949,fine-tuned,"Red,Blue,Green"
11950,fine-tuned,
11951,fine-tuned,
11952,fine-tuned,
11953,fine-tuned,"Red,Blue,Green"
11954,fine-tuned,"Red,Orange,Green"
11955,fine-tuned,"Blue,Red"
11956,fine-tuned,
11957,fine-tuned,"Red,Yellow,Orange"
11958,fine-tuned,
11959,fine-tuned,
11960,fine-tuned,"Blue,Red,Green"
11961,fine-tuned,"Red,Yellow,Orange"
11962,fine-tuned,
11963,fine-tuned,"Red,Red,Blue"
11964,fine-tuned,
11965,fine-tuned,
11966,fine-tuned,
11967,fine-tuned,"Red,Blue,Purple"
11968,fine-tuned,"Red,Orange,Purple"
11969,fine-tuned,
11970,fine-tuned,
11971,fine-tuned,
11972,fine-tuned,
11973,fine-tuned,"Red,Yellow,Blue"
11974,fine-tuned,
11975,fine-tuned,"Red,Blue,Green"
11976,fine-tuned,
11977,fine-tuned,
11978,fine-tuned,
11979,fine-tuned,"Red,Orange,Green"
11980,fine-tuned,"Red,Green"
11981,fine-tuned,
11982,fine-tuned,"Blue,Orange,Yellow"
11983,fine-tuned,"Red,Blue,Purple"
11984,fine-tuned,
11985,fine-tuned,
11986,fine-tuned,
11987,fine-tuned,
11988,fine-tuned,"Red,Orange,Green"
11989,fine-tuned,"Red,Blue"
11990,fine-tuned,Red
11991,fine-tuned,
11992,fine-tuned,
11993,fine-tuned,
11994,fine-tuned,
11995,fine-tuned,"Red,Blue"
11996,fine-tuned,
11997,fine-tuned,"Blue,Green,Blue"
11998,fine-tuned,
11999,fine-tuned,"Red,Green,Purple"
12000,fine-tuned,
12001,fine-tuned,"Red,Green,Yellow"
12002,fine-tuned,
12003,fine-tuned,"Red,Blue"
12004,fine-tuned,
12005,fine-tuned,
12006,fine-tuned,
12007,fine-tuned,"Red,Blue,Green"
12008,fine-tuned,
12009,fine-tuned,"Red,Blue,Green"
12010,fine-tuned,
12011,fine-tuned,
12012,fine-tuned,
12013,fine-tuned,
12014,fine-tuned,"Green,Blue,Green"
12015,fine-tuned,
12016,fine-tuned,
12017,fine-tuned,"Blue,Yellow,Purple"
12018,fine-tuned,
12019,fine-tuned,"Red,Blue,Yellow"
12020,fine-tuned,
12021,fine-tuned,
12022,fine-tuned,"Red,Blue,Green"
12023,fine-tuned,"Red,Orange,Red"
12024,fine-tuned,
12025,fine-tuned,"Yellow,Red,Red"
12026,fine-tuned,
12027,fine-tuned,
12028,fine-tuned,
12029,fine-tuned,
12030,fine-tuned,
12031,fine-tuned,"Red,Blue,Green"
12032,fine-tuned,
12033,fine-tuned,"Red,Orange,Green"
12034,fine-tuned,"Red,Red,Yellow"
12035,fine-tuned,
12036,fine-tuned,Red
12037,fine-tuned,
12038,fine-tuned,
12039,fine-tuned,"Red,Yellow,Green"
12040,fine-tuned,Blue
12041,fine-tuned,
12042,fine-tuned,
12043,fine-tuned,"Blue,Yellow,Blue"
12044,fine-tuned,
12045,fine-tuned,
12046,fine-tuned,
12047,fine-tuned,
12048,fine-tuned,
12049,fine-tuned,Blue
12050,fine-tuned,
12051,fine-tuned,
12052,fine-tuned,
12053,fine-tuned,"Red,Blue,Orange"
12054,fine-tuned,
12055,fine-tuned,
12056,fine-tuned,
12057,fine-tuned,
12058,fine-tuned,
12059,fine-tuned,
12060,fine-tuned,
12061,fine-tuned,
12062,fine-tuned,
12063,fine-tuned,
12064,fine-tuned,"Orange,Red,Red"
12065,fine-tuned,
12066,fine-tuned,
12067,fine-tuned,
12068,fine-tuned,
12069,fine-tuned,
12070,fine-tuned,"Red,Green,Yellow"
12071,fine-tuned,"Red,Blue,Yellow"
12072,fine-tuned,
12073,fine-tuned,
12074,fine-tuned,"Red,Blue,Orange"
12075,fine-tuned,Red
12076,fine-tuned,
12077,fine-tuned,
12078,fine-tuned,
12079,fine-tuned,"Red,Blue"
12080,fine-tuned,"Red,Blue,Green"
12081,fine-tuned,"Red,Blue,Purple"
12082,fine-tuned,
12083,fine-tuned,
12084,fine-tuned,
12085,fine-tuned,
12086,fine-tuned,
12087,fine-tuned,Green
12088,fine-tuned,
12089,fine-tuned,
12090,fine-tuned,"Blue,Green,Purple"
12091,fine-tuned,
12092,fine-tuned,"Red,Red,Green"
12093,fine-tuned,
12094,fine-tuned,
12095,fine-tuned,
12096,fine-tuned,Green
12097,fine-tuned,"Red,Green,Blue"
12098,fine-tuned,
12099,fine-tuned,
12100,fine-tuned,
12101,fine-tuned,
12102,fine-tuned,
12103,fine-tuned,
12104,fine-tuned,
12105,fine-tuned,"Green,Blue,Blue"
12106,fine-tuned,"Red,Blue,Green"
12107,fine-tuned,Red
12108,fine-tuned,"Red,Blue,Yellow"
12109,fine-tuned,
12110,fine-tuned,
12111,fine-tuned,Red
12112,fine-tuned,
12113,fine-tuned,"Red,Red,Blue"
12114,fine-tuned,"Red,Blue,Purple"
12115,fine-tuned,
12116,fine-tuned,
12117,fine-tuned,
12118,fine-tuned,
12119,fine-tuned,"Red,Blue,Green"
12120,fine-tuned,"Red,Blue,Yellow"
12121,fine-tuned,
12122,fine-tuned,
12123,fine-tuned,"Red,Red,Red"
12124,fine-tuned,
12125,fine-tuned,"Red,Blue,Orange"
12126,fine-tuned,"Red,Orange,Green"
12127,fine-tuned,
12128,fine-tuned,
12129,fine-tuned,
12130,fine-tuned,
12131,fine-tuned,"Red,Blue,Green"
12132,fine-tuned,
12133,fine-tuned,"Red,Blue,Orange"
12134,fine-tuned,
12135,fine-tuned,"Green,Blue,Purple"
12136,fine-tuned,
12137,fine-tuned,
12138,fine-tuned,"Red,Green,Red"
12139,fine-tuned,
12140,fine-tuned,
12141,fine-tuned,
12142,fine-tuned,
12143,fine-tuned,
12144,fine-tuned,
12145,fine-tuned,"Blue,Yellow,Orange"
12146,fine-tuned,
12147,fine-tuned,"Red,Green,Purple"
12148,fine-tuned,"Yellow,Yellow,Yellow"
12149,fine-tuned,
12150,fine-tuned,
12151,fine-tuned,"Blue,Orange,Yellow"
12152,fine-tuned,"Orange,Orange,Blue"
12153,fine-tuned,
12154,fine-tuned,
12155,fine-tuned,
12156,fine-tuned,"Red,Green"
12157,fine-tuned,
12158,fine-tuned,
12159,fine-tuned,
12160,fine-tuned,"Blue,Red,Purple"
12161,fine-tuned,
12162,fine-tuned,
12163,fine-tuned,
12164,fine-tuned,
12165,fine-tuned,
12166,fine-tuned,"Red,Blue,Orange"
12167,fine-tuned,
12168,fine-tuned,
12169,fine-tuned,"Blue,Orange,Green"
12170,fine-tuned,
12171,fine-tuned,"Red,Blue,Yellow"
12172,fine-tuned,"Red,Blue,Purple"
12173,fine-tuned,
12174,fine-tuned,
12175,fine-tuned,"Red,Blue,Green"
12176,fine-tuned,
12177,fine-tuned,
12178,fine-tuned,"Orange,Purple,Purple"
12179,fine-tuned,"Yellow,Yellow,Red"
12180,fine-tuned,
12181,fine-tuned,"Red,Green,Yellow"
12182,fine-tuned,"Red,Yellow,Green"
12183,fine-tuned,
12184,fine-tuned,
12185,fine-tuned,"Red,Blue"
12186,fine-tuned,
12187,fine-tuned,"Red,Orange,Red"
12188,fine-tuned,
12189,fine-tuned,
12190,fine-tuned,
12191,fine-tuned,Green
12192,fine-tuned,
12193,fine-tuned,"Red,Red,Purple"
12194,fine-tuned,
12195,fine-tuned,
12196,fine-tuned,
12197,fine-tuned,
12198,fine-tuned,
12199,fine-tuned,
12200,fine-tuned,
12201,fine-tuned,"Red,Yellow,Red"
12202,fine-tuned,
12203,fine-tuned,
12204,fine-tuned,Red
12205,fine-tuned,"Red,Blue,Red"
12206,fine-tuned,
12207,fine-tuned,"Red,Blue,Yellow"
12208,fine-tuned,"Red,Blue,Yellow"
12209,fine-tuned,Blue
12210,fine-tuned,
12211,fine-tuned,
12212,fine-tuned,
12213,fine-tuned,"Blue,Red"
12214,fine-tuned,
12215,fine-tuned,
12216,fine-tuned,
12217,fine-tuned,
12218,fine-tuned,
12219,fine-tuned,"Yellow,Blue,Purple"
12220,fine-tuned,
12221,fine-tuned,Red
12222,fine-tuned,"Red,Blue,Blue"
12223,fine-tuned,"Red,Yellow,Green"
12224,fine-tuned,
12225,fine-tuned,
12226,fine-tuned,
12227,fine-tuned,"Red,Blue,Green"
12228,fine-tuned,"Red,Blue,Orange"
12229,fine-tuned,"Red,Green,Blue"
12230,fine-tuned,
12231,fine-tuned,"Blue,Purple"
12232,fine-tuned,"Red,Blue"
12233,fine-tuned,"Red,Blue,Green"
12234,fine-tuned,"Red,Green,Purple"
12235,fine-tuned,"Red,Green"
12236,fine-tuned,
12237,fine-tuned,
12238,fine-tuned,"Blue,Yellow"
12239,fine-tuned,"Blue,Yellow,Purple"
12240,fine-tuned,
12241,fine-tuned,
12242,fine-tuned,
12243,fine-tuned,"Red,Green"
12244,fine-tuned,
12245,fine-tuned,
12246,fine-tuned,
12247,fine-tuned,Red
12248,fine-tuned,"Blue,Blue,Yellow"
12249,fine-tuned,
12250,fine-tuned,
12251,fine-tuned,
12252,fine-tuned,
12253,fine-tuned,
12254,fine-tuned,
12255,fine-tuned,
12256,fine-tuned,
12257,fine-tuned,"Red,Green,Yellow"
12258,fine-tuned,"Green,Blue,Red"
12259,fine-tuned,"Red,Yellow,Blue"
12260,fine-tuned,
12261,fine-tuned,
12262,fine-tuned,
12263,fine-tuned,"Yellow,Green,Orange"
12264,fine-tuned,"Yellow,Orange,Green"
12265,fine-tuned,
12266,fine-tuned,
12267,fine-tuned,"Green,Red,Red"
12268,fine-tuned,"Red,Blue,Green"
12269,fine-tuned,
12270,fine-tuned,"Red,Blue,Yellow"
12271,fine-tuned,"Purple,Red,Purple"
12272,fine-tuned,
12273,fine-tuned,"Red,Blue,Green"
12274,fine-tuned,"Green,Red,Blue"
12275,fine-tuned,"Red,Red,Green"
12276,fine-tuned,"Green,Yellow,Green"
12277,fine-tuned,Yellow
12278,fine-tuned,
12279,fine-tuned,
12280,fine-tuned,
12281,fine-tuned,"Red,Blue,Blue"
12282,fine-tuned,
12283,fine-tuned,
12284,fine-tuned,
12285,fine-tuned,
12286,fine-tuned,"Yellow,Orange,Green"
12287,fine-tuned,"Red,Blue,Green"
12288,fine-tuned,
12289,fine-tuned,
12290,fine-tuned,
12291,fine-tuned,"Red,Blue,Green"
12292,fine-tuned,"Red,Blue,Orange"
12293,fine-tuned,
12294,fine-tuned,"Red,Blue,Green"
12295,fine-tuned,
12296,fine-tuned,"Yellow,Red,Blue"
12297,fine-tuned,
12298,fine-tuned,"Red,Yellow,Orange"
12299,fine-tuned,"Red,Orange,Red"
12300,fine-tuned,
12301,fine-tuned,
12302,fine-tuned,
12303,fine-tuned,
12304,fine-tuned,
12305,fine-tuned,"Blue,Orange,Yellow"
12306,fine-tuned,
12307,fine-tuned,
12308,fine-tuned,"Blue,Red"
12309,fine-tuned,
12310,fine-tuned,
12311,fine-tuned,
12312,fine-tuned,
12313,fine-tuned,
12314,fine-tuned,Blue
12315,fine-tuned,
12316,fine-tuned,"Red,Yellow,Green"
12317,fine-tuned,"Yellow,Red,Blue"
12318,fine-tuned,"Red,Blue,Blue"
12319,fine-tuned,"Red,Green,Red"
12320,fine-tuned,"Purple,Red"
12321,fine-tuned,"Blue,Green,Blue"
12322,fine-tuned,"Red,Blue,Green"
12323,fine-tuned,
12324,fine-tuned,
12325,fine-tuned,"Purple,Purple"
12326,fine-tuned,
12327,fine-tuned,
12328,fine-tuned,
12329,fine-tuned,"Red,Green,Yellow"
12330,fine-tuned,"Red,Red,Orange"
12331,fine-tuned,"Green,Blue,Yellow"
12332,fine-tuned,"Red,Blue,Yellow"
12333,fine-tuned,
12334,fine-tuned,
12335,fine-tuned,
12336,fine-tuned,"Red,Red,Red"
12337,fine-tuned,
12338,fine-tuned,
12339,fine-tuned,
12340,fine-tuned,
12341,fine-tuned,"Red,Blue,Green"
12342,fine-tuned,
12343,fine-tuned,
12344,fine-tuned,
12345,fine-tuned,
12346,fine-tuned,"Red,Orange,Red"
12347,fine-tuned,
12348,fine-tuned,"Red,Green,Yellow"
12349,fine-tuned,
12350,fine-tuned,
12351,fine-tuned,
12352,fine-tuned,
12353,fine-tuned,
12354,fine-tuned,"Red,Green,Red"
12355,fine-tuned,Blue
12356,fine-tuned,
12357,fine-tuned,"Red,Blue"
12358,fine-tuned,"Red,Red,Green"
12359,fine-tuned,
12360,fine-tuned,"Blue,Red,Blue"
12361,fine-tuned,
12362,fine-tuned,
12363,fine-tuned,
12364,fine-tuned,
12365,fine-tuned,
12366,fine-tuned,
12367,fine-tuned,
12368,fine-tuned,"Red,Blue,Green"
12369,fine-tuned,
12370,fine-tuned,"Red,Yellow,Purple"
12371,fine-tuned,
12372,fine-tuned,
12373,fine-tuned,
12374,fine-tuned,
12375,fine-tuned,
12376,fine-tuned,
12377,fine-tuned,
12378,fine-tuned,
12379,fine-tuned,
12380,fine-tuned,
12381,fine-tuned,
12382,fine-tuned,
12383,fine-tuned,"Red,Blue,Orange"
12384,fine-tuned,
12385,fine-tuned,"Red,Yellow,Blue"
12386,fine-tuned,
12387,fine-tuned,"Red,Orange,Green"
12388,fine-tuned,
12389,fine-tuned,
12390,fine-tuned,"Red,Green,Purple"
12391,fine-tuned,"Yellow,Red,Green"
12392,fine-tuned,"Red,Blue,Purple"
12393,fine-tuned,
12394,fine-tuned,"Red,Green,Yellow"
12395,fine-tuned,"Green,Red,Orange"
12396,fine-tuned,"Yellow,Blue,Red"
12397,fine-tuned,"Red,Yellow,Green"
12398,fine-tuned,"Yellow,Red,Green"
12399,fine-tuned,
12400,fine-tuned,
12401,fine-tuned,
12402,fine-tuned,
12403,fine-tuned,
12404,fine-tuned,
12405,fine-tuned,"Purple,Red,Orange"
12406,fine-tuned,"Blue,Yellow,Purple"
12407,fine-tuned,"Red,Green,Blue"
12408,fine-tuned,"Red,Orange,Blue"
12409,fine-tuned,
12410,fine-tuned,
12411,fine-tuned,"Red,Blue"
12412,fine-tuned,
12413,fine-tuned,Green
12414,fine-tuned,
12415,fine-tuned,
12416,fine-tuned,
12417,fine-tuned,
12418,fine-tuned,
12419,fine-tuned,
12420,fine-tuned,"Red,Blue,Green"
12421,fine-tuned,
12422,fine-tuned,
12423,fine-tuned,
12424,fine-tuned,
12425,fine-tuned,"Red,Blue,Red"
12426,fine-tuned,
12427,fine-tuned,"Green,Red"
12428,fine-tuned,
12429,fine-tuned,
12430,fine-tuned,"Red,Purple,Green"
12431,fine-tuned,
12432,fine-tuned,
12433,fine-tuned,
12434,fine-tuned,"Green,Yellow,Orange"
12435,fine-tuned,
12436,fine-tuned,
12437,fine-tuned,"Red,Green"
12438,fine-tuned,"Red,Yellow,Purple"
12439,fine-tuned,
12440,fine-tuned,"Red,Blue,Green"
12441,fine-tuned,
12442,fine-tuned,
12443,fine-tuned,
12444,fine-tuned,
12445,fine-tuned,"Yellow,Blue,Purple"
12446,fine-tuned,
12447,fine-tuned,
12448,fine-tuned,"Blue,Red,Yellow"
12449,fine-tuned,
12450,fine-tuned,
12451,fine-tuned,Blue
12452,fine-tuned,
12453,fine-tuned,"Blue,Blue,Yellow"
12454,fine-tuned,"Red,Blue,Yellow"
12455,fine-tuned,"Red,Blue,Orange"
12456,fine-tuned,"Blue,Orange,Purple"
12457,fine-tuned,Red
12458,fine-tuned,Red
12459,fine-tuned,"Red,Green,Purple"
12460,fine-tuned,
12461,fine-tuned,
12462,fine-tuned,"Red,Blue,Green"
12463,fine-tuned,
12464,fine-tuned,
12465,fine-tuned,"Blue,Yellow,Red"
12466,fine-tuned,"Blue,Green,Purple"
12467,fine-tuned,Purple
12468,fine-tuned,
12469,fine-tuned,
12470,fine-tuned,
12471,fine-tuned,
12472,fine-tuned,
12473,fine-tuned,Red
12474,fine-tuned,
12475,fine-tuned,"Red,Blue,Green"
12476,fine-tuned,"Red,Green,Green"
12477,fine-tuned,
12478,fine-tuned,
12479,fine-tuned,"Red,Green,Blue"
12480,fine-tuned,"Red,Blue,Green"
12481,fine-tuned,
12482,fine-tuned,Red
12483,fine-tuned,
12484,fine-tuned,
12485,fine-tuned,"Yellow,Blue,Red"
12486,fine-tuned,
12487,fine-tuned,
12488,fine-tuned,"Red,Yellow,Red"
12489,fine-tuned,"Red,Red,Red"
12490,fine-tuned,
12491,fine-tuned,
12492,fine-tuned,"Red,Blue,Green"
12493,fine-tuned,
12494,fine-tuned,
12495,fine-tuned,"Red,Red,Blue"
12496,fine-tuned,
12497,fine-tuned,
12498,fine-tuned,
12499,fine-tuned,"Red,Blue,Green"
12500,fine-tuned,
12501,fine-tuned,
12502,fine-tuned,
12503,fine-tuned,
12504,fine-tuned,"Red,Blue,Red"
12505,fine-tuned,
12506,fine-tuned,
12507,fine-tuned,
12508,fine-tuned,
12509,fine-tuned,"Green,Orange,Orange"
12510,fine-tuned,
12511,fine-tuned,
12512,fine-tuned,"Green,Yellow,Yellow"
12513,fine-tuned,"Blue,Red,Yellow"
12514,fine-tuned,
12515,fine-tuned,Red
12516,fine-tuned,"Red,Blue,Purple"
12517,fine-tuned,
12518,fine-tuned,"Red,Blue,Green"
12519,fine-tuned,"Red,Blue,Green"
12520,fine-tuned,
12521,fine-tuned,
12522,fine-tuned,"Yellow,Red,Yellow"
12523,fine-tuned,
12524,fine-tuned,"Red,Blue,Orange"
12525,fine-tuned,"Red,Green,Green"
12526,fine-tuned,
12527,fine-tuned,"Red,Blue,Green"
12528,fine-tuned,
12529,fine-tuned,
12530,fine-tuned,"Blue,Green,Green"
12531,fine-tuned,"Red,Orange,Red"
12532,fine-tuned,Blue
12533,fine-tuned,
12534,fine-tuned,
12535,fine-tuned,
12536,fine-tuned,
12537,fine-tuned,
12538,fine-tuned,
12539,fine-tuned,"Orange,Orange,Green"
12540,fine-tuned,"Blue,Red,Green"
12541,fine-tuned,
12542,fine-tuned,
12543,fine-tuned,"Yellow,Orange,Blue"
12544,fine-tuned,"Green,Green,Red"
12545,fine-tuned,
12546,fine-tuned,"Blue,Red,Yellow"
12547,fine-tuned,
12548,fine-tuned,
12549,fine-tuned,"Red,Green"
12550,fine-tuned,
12551,fine-tuned,
12552,fine-tuned,
12553,fine-tuned,
12554,fine-tuned,
12555,fine-tuned,
12556,fine-tuned,"Red,Orange"
12557,fine-tuned,
12558,fine-tuned,"Yellow,Red,Purple"
12559,fine-tuned,"Red,Blue,Green"
12560,fine-tuned,
12561,fine-tuned,
12562,fine-tuned,"Red,Blue"
12563,fine-tuned,
12564,fine-tuned,
12565,fine-tuned,
12566,fine-tuned,
12567,fine-tuned,
12568,fine-tuned,"Orange,Blue,Purple"
12569,fine-tuned,"Red,Blue"
12570,fine-tuned,
12571,fine-tuned,
12572,fine-tuned,
12573,fine-tuned,
12574,fine-tuned,"Red,Blue,Green"
12575,fine-tuned,"Red,Green,Blue"
12576,fine-tuned,
12577,fine-tuned,"Red,Blue,Blue"
12578,fine-tuned,"Red,Green"
12579,fine-tuned,
12580,fine-tuned,Red
12581,fine-tuned,Blue
12582,fine-tuned,"Yellow,Green,Green"
12583,fine-tuned,Red
12584,fine-tuned,"Red,Blue,Yellow"
12585,fine-tuned,
12586,fine-tuned,Red
12587,fine-tuned,"Red,Green,Blue"
12588,fine-tuned,
12589,fine-tuned,
12590,fine-tuned,"Red,Green,Yellow"
12591,fine-tuned,
12592,fine-tuned,
12593,fine-tuned,
12594,fine-tuned,
12595,fine-tuned,
12596,fine-tuned,"Red,Blue,Green"
12597,fine-tuned,"Purple,Green,Orange"
12598,fine-tuned,"Red,Yellow,Blue"
12599,fine-tuned,"Red,Purple,Green"
12600,fine-tuned,
12601,fine-tuned,"Red,Green,Purple"
12602,fine-tuned,
12603,fine-tuned,"Blue,Red,Green"
12604,fine-tuned,
12605,fine-tuned,"Red,Green,Blue"
12606,fine-tuned,
12607,fine-tuned,
12608,fine-tuned,"Red,Blue,Orange"
12609,fine-tuned,
12610,fine-tuned,"Yellow,Blue,Green"
12611,fine-tuned,
12612,fine-tuned,
12613,fine-tuned,
12614,fine-tuned,
12615,fine-tuned,
12616,fine-tuned,"Red,Green,Blue"
12617,fine-tuned,
12618,fine-tuned,
12619,fine-tuned,
12620,fine-tuned,
12621,fine-tuned,
12622,fine-tuned,
12623,fine-tuned,"Purple,Orange,Red"
12624,fine-tuned,Blue
12625,fine-tuned,"Red,Yellow,Purple"
12626,fine-tuned,"Red,Blue,Green"
12627,fine-tuned,
12628,fine-tuned,"Blue,Green,Red"
12629,fine-tuned,"Red,Yellow,Green"
12630,fine-tuned,
12631,fine-tuned,"Red,Blue"
12632,fine-tuned,
12633,fine-tuned,"Red,Yellow,Green"
12634,fine-tuned,"Red,Green,Green"
12635,fine-tuned,"Red,Blue,Yellow"
12636,fine-tuned,
12637,fine-tuned,
12638,fine-tuned,
12639,fine-tuned,
12640,fine-tuned,
12641,fine-tuned,
12642,fine-tuned,"Red,Blue"
12643,fine-tuned,
12644,fine-tuned,
12645,fine-tuned,Red
12646,fine-tuned,
12647,fine-tuned,
12648,fine-tuned,
12649,fine-tuned,
12650,fine-tuned,
12651,fine-tuned,"Red,Orange,Green"
12652,fine-tuned,
12653,fine-tuned,
12654,fine-tuned,
12655,fine-tuned,
12656,fine-tuned,
12657,fine-tuned,"Blue,Yellow,Red"
12658,fine-tuned,
12659,fine-tuned,
12660,fine-tuned,"Red,Green"
12661,fine-tuned,
12662,fine-tuned,"Red,Yellow"
12663,fine-tuned,
12664,fine-tuned,"Red,Yellow,Green"
12665,fine-tuned,
12666,fine-tuned,"Red,Blue,Green"
12667,fine-tuned,
12668,fine-tuned,Green
12669,fine-tuned,
12670,fine-tuned,
12671,fine-tuned,
12672,fine-tuned,"Red,Blue,Red"
12673,fine-tuned,
12674,fine-tuned,
12675,fine-tuned,
12676,fine-tuned,
12677,fine-tuned,
12678,fine-tuned,
12679,fine-tuned,"Red,Blue,Yellow"
12680,fine-tuned,"Purple,Green,Blue"
12681,fine-tuned,
12682,fine-tuned,"Green,Red,Yellow"
12683,fine-tuned,"Red,Blue,Yellow"
12684,fine-tuned,
12685,fine-tuned,
12686,fine-tuned,"Red,Blue,Green"
12687,fine-tuned,
12688,fine-tuned,
12689,fine-tuned,
12690,fine-tuned,
12691,fine-tuned,
12692,fine-tuned,
12693,fine-tuned,"Blue,Orange,Green"
12694,fine-tuned,
12695,fine-tuned,
12696,fine-tuned,
12697,fine-tuned,
12698,fine-tuned,
12699,fine-tuned,
12700,fine-tuned,
12701,fine-tuned,
12702,fine-tuned,
12703,fine-tuned,"Red,Yellow,Red"
12704,fine-tuned,
12705,fine-tuned,
12706,fine-tuned,
12707,fine-tuned,
12708,fine-tuned,
12709,fine-tuned,
12710,fine-tuned,
12711,fine-tuned,
12712,fine-tuned,
12713,fine-tuned,
12714,fine-tuned,
12715,fine-tuned,
12716,fine-tuned,
12717,fine-tuned,
12718,fine-tuned,
12719,fine-tuned,
12720,fine-tuned,"Red,Green,Yellow"
12721,fine-tuned,
12722,fine-tuned,Blue
12723,fine-tuned,
12724,fine-tuned,
12725,fine-tuned,
12726,fine-tuned,"Red,Blue,Orange"
12727,fine-tuned,
12728,fine-tuned,
12729,fine-tuned,"Blue,Purple"
12730,fine-tuned,"Green,Yellow,Purple"
12731,fine-tuned,
12732,fine-tuned,"Purple,Purple"
12733,fine-tuned,
12734,fine-tuned,Red
12735,fine-tuned,
12736,fine-tuned,"Orange,Green"
12737,fine-tuned,
12738,fine-tuned,
12739,fine-tuned,
12740,fine-tuned,"Red,Green,Red"
12741,fine-tuned,"Orange,Purple"
12742,fine-tuned,
12743,fine-tuned,
12744,fine-tuned,
12745,fine-tuned,"Blue,Red,Purple"
12746,fine-tuned,
12747,fine-tuned,
12748,fine-tuned,
12749,fine-tuned,
12750,fine-tuned,"Red,Yellow,Green"
12751,fine-tuned,
12752,fine-tuned,
12753,fine-tuned,
12754,fine-tuned,"Red,Blue"
12755,fine-tuned,
12756,fine-tuned,
12757,fine-tuned,
12758,fine-tuned,
12759,fine-tuned,
12760,fine-tuned,
12761,fine-tuned,Blue
12762,fine-tuned,
12763,fine-tuned,
12764,fine-tuned,
12765,fine-tuned,"Red,Green,Purple"
12766,fine-tuned,"Red,Orange,Purple"
12767,fine-tuned,
12768,fine-tuned,"Red,Blue,Purple"
12769,fine-tuned,
12770,fine-tuned,
12771,fine-tuned,
12772,fine-tuned,"Red,Blue"
12773,fine-tuned,"Red,Blue,Red"
12774,fine-tuned,
12775,fine-tuned,
12776,fine-tuned,"Blue,Yellow,Purple"
12777,fine-tuned,"Red,Yellow,Green"
12778,fine-tuned,
12779,fine-tuned,"Red,Blue,Green"
12780,fine-tuned,
12781,fine-tuned,
12782,fine-tuned,
12783,fine-tuned,"Red,Blue,Red"
12784,fine-tuned,
12785,fine-tuned,"Red,Green,Purple"
12786,fine-tuned,
12787,fine-tuned,
12788,fine-tuned,
12789,fine-tuned,
12790,fine-tuned,"Green,Red,Yellow"
12791,fine-tuned,
12792,fine-tuned,Red
12793,fine-tuned,
12794,fine-tuned,
12795,fine-tuned,
12796,fine-tuned,
12797,fine-tuned,
12798,fine-tuned,Red
12799,fine-tuned,"Red,Blue"
12800,fine-tuned,
12801,fine-tuned,
12802,fine-tuned,"Red,Blue,Red"
12803,fine-tuned,"Blue,Red,Orange"
12804,fine-tuned,"Red,Blue,Green"
12805,fine-tuned,"Red,Green,Blue"
12806,fine-tuned,
12807,fine-tuned,
12808,fine-tuned,
12809,fine-tuned,Blue
12810,fine-tuned,"Blue,Yellow,Purple"
12811,fine-tuned,
12812,fine-tuned,
12813,fine-tuned,Purple
12814,fine-tuned,
12815,fine-tuned,
12816,fine-tuned,"Red,Green,Purple"
12817,fine-tuned,
12818,fine-tuned,"Red,Blue,Green"
12819,fine-tuned,
12820,fine-tuned,"Red,Blue,Yellow"
12821,fine-tuned,"Blue,Yellow,Purple"
12822,fine-tuned,
12823,fine-tuned,
12824,fine-tuned,"Red,Green,Blue"
12825,fine-tuned,"Green,Blue"
12826,fine-tuned,
12827,fine-tuned,
12828,fine-tuned,"Red,Blue,Yellow"
12829,fine-tuned,"Red,Red,Blue"
12830,fine-tuned,
12831,fine-tuned,
12832,fine-tuned,
12833,fine-tuned,
12834,fine-tuned,"Red,Blue,Green"
12835,fine-tuned,"Green,Purple,Orange"
12836,fine-tuned,"Green,Red,Red"
12837,fine-tuned,"Red,Yellow,Red"
12838,fine-tuned,
12839,fine-tuned,Red
12840,fine-tuned,"Blue,Yellow,Orange"
12841,fine-tuned,"Red,Blue,Orange"
12842,fine-tuned,
12843,fine-tuned,"Red,Orange,Yellow"
12844,fine-tuned,"Blue,Red,Purple"
12845,fine-tuned,Blue
12846,fine-tuned,"Green,Red,Yellow"
12847,fine-tuned,
12848,fine-tuned,
12849,fine-tuned,
12850,fine-tuned,
12851,fine-tuned,"Yellow,Orange,Green"
12852,fine-tuned,
12853,fine-tuned,
12854,fine-tuned,"Red,Orange,Green"
12855,fine-tuned,
12856,fine-tuned,
12857,fine-tuned,
12858,fine-tuned,"Red,Orange,Green"
12859,fine-tuned,
12860,fine-tuned,"Purple,Blue,Green"
12861,fine-tuned,"Red,Blue,Green"
12862,fine-tuned,
12863,fine-tuned,"Yellow,Red,Blue"
12864,fine-tuned,
12865,fine-tuned,
12866,fine-tuned,
12867,fine-tuned,
12868,fine-tuned,
12869,fine-tuned,
12870,fine-tuned,"Blue,Yellow"
12871,fine-tuned,
12872,fine-tuned,
12873,fine-tuned,
12874,fine-tuned,"Blue,Blue,Blue"
12875,fine-tuned,"Blue,Purple,Green"
12876,fine-tuned,
12877,fine-tuned,
12878,fine-tuned,
12879,fine-tuned,"Orange,Red,Purple"
12880,fine-tuned,"Blue,Blue,Blue"
12881,fine-tuned,
12882,fine-tuned,
12883,fine-tuned,
12884,fine-tuned,"Red,Red"
12885,fine-tuned,"Red,Red,Red"
12886,fine-tuned,"Red,Yellow,Orange"
12887,fine-tuned,"Blue,Yellow,Green"
12888,fine-tuned,"Red,Blue,Green"
12889,fine-tuned,
12890,fine-tuned,"Red,Blue,Yellow"
12891,fine-tuned,
12892,fine-tuned,"Red,Green"
12893,fine-tuned,
12894,fine-tuned,"Orange,Yellow,Green"
12895,fine-tuned,Red
12896,fine-tuned,"Red,Blue,Red"
12897,fine-tuned,
12898,fine-tuned,
12899,fine-tuned,
12900,fine-tuned,
12901,fine-tuned,
12902,fine-tuned,"Red,Blue,Yellow"
12903,fine-tuned,"Red,Green,Purple"
12904,fine-tuned,
12905,fine-tuned,"Red,Blue,Green"
12906,fine-tuned,
12907,fine-tuned,
12908,fine-tuned,
12909,fine-tuned,
12910,fine-tuned,
12911,fine-tuned,"Yellow,Orange,Purple"
12912,fine-tuned,
12913,fine-tuned,
12914,fine-tuned,Blue
12915,fine-tuned,
12916,fine-tuned,"Red,Yellow,Green"
12917,fine-tuned,"Red,Orange"
12918,fine-tuned,
12919,fine-tuned,
12920,fine-tuned,"Blue,Red,Green"
12921,fine-tuned,
12922,fine-tuned,
12923,fine-tuned,
12924,fine-tuned,
12925,fine-tuned,
12926,fine-tuned,
12927,fine-tuned,
12928,fine-tuned,"Red,Blue,Purple"
12929,fine-tuned,
12930,fine-tuned,
12931,fine-tuned,"Red,Red"
12932,fine-tuned,
12933,fine-tuned,"Red,Orange,Green"
12934,fine-tuned,
12935,fine-tuned,
12936,fine-tuned,
12937,fine-tuned,"Yellow,Purple"
12938,fine-tuned,
12939,fine-tuned,
12940,fine-tuned,"Orange,Blue,Green"
12941,fine-tuned,
12942,fine-tuned,
12943,fine-tuned,"Orange,Green,Red"
12944,fine-tuned,
12945,fine-tuned,"Red,Blue,Green"
12946,fine-tuned,
12947,fine-tuned,"Purple,Red,Blue"
12948,fine-tuned,
12949,fine-tuned,
12950,fine-tuned,"Red,Yellow,Orange"
12951,fine-tuned,"Red,Orange,Purple"
12952,fine-tuned,"Green,Blue,Purple"
12953,fine-tuned,
12954,fine-tuned,"Red,Green"
12955,fine-tuned,"Red,Red"
12956,fine-tuned,"Yellow,Red,Purple"
12957,fine-tuned,"Red,Blue,Yellow"
12958,fine-tuned,"Blue,Red,Yellow"
12959,fine-tuned,
12960,fine-tuned,"Purple,Red,Orange"
12961,fine-tuned,"Red,Green,Red"
12962,fine-tuned,"Red,Blue,Yellow"
12963,fine-tuned,
12964,fine-tuned,"Red,Blue,Purple"
12965,fine-tuned,
12966,fine-tuned,"Red,Blue,Purple"
12967,fine-tuned,"Blue,Orange,Green"
12968,fine-tuned,
12969,fine-tuned,
12970,fine-tuned,
12971,fine-tuned,"Red,Blue,Orange"
12972,fine-tuned,
12973,fine-tuned,"Red,Green,Red"
12974,fine-tuned,"Yellow,Red"
12975,fine-tuned,
12976,fine-tuned,
12977,fine-tuned,
12978,fine-tuned,
12979,fine-tuned,
12980,fine-tuned,
12981,fine-tuned,"Yellow,Red,Purple"
12982,fine-tuned,
12983,fine-tuned,
12984,fine-tuned,"Red,Red,Red"
12985,fine-tuned,
12986,fine-tuned,
12987,fine-tuned,
12988,fine-tuned,
12989,fine-tuned,
12990,fine-tuned,
12991,fine-tuned,"Red,Blue,Purple"
12992,fine-tuned,
12993,fine-tuned,
12994,fine-tuned,
12995,fine-tuned,
12996,fine-tuned,
12997,fine-tuned,"Red,Green,Yellow"
12998,fine-tuned,"Red,Yellow,Blue"
12999,fine-tuned,"Blue,Red,Purple"
13000,fine-tuned,
13001,fine-tuned,
13002,fine-tuned,"Blue,Green,Purple"
13003,fine-tuned,
13004,fine-tuned,"Blue,Yellow"
13005,fine-tuned,
13006,fine-tuned,"Red,Blue,Orange"
13007,fine-tuned,"Red,Green,Yellow"
13008,fine-tuned,"Red,Blue,Green"
13009,fine-tuned,
13010,fine-tuned,"Red,Purple"
13011,fine-tuned,
13012,fine-tuned,
13013,fine-tuned,"Green,Red,Red"
13014,fine-tuned,"Purple,Blue,Green"
13015,fine-tuned,"Yellow,Orange,Yellow"
13016,fine-tuned,
13017,fine-tuned,
13018,fine-tuned,Blue
13019,fine-tuned,
13020,fine-tuned,
13021,fine-tuned,"Red,Blue,Green"
13022,fine-tuned,
13023,fine-tuned,
13024,fine-tuned,"Red,Green,Orange"
13025,fine-tuned,
13026,fine-tuned,"Orange,Green,Purple"
13027,fine-tuned,
13028,fine-tuned,"Red,Yellow,Purple"
13029,fine-tuned,"Red,Blue,Orange"
13030,fine-tuned,
13031,fine-tuned,
13032,fine-tuned,
13033,fine-tuned,"Red,Green,Orange"
13034,fine-tuned,
13035,fine-tuned,"Green,Red,Red"
13036,fine-tuned,"Red,Green,Yellow"
13037,fine-tuned,
13038,fine-tuned,
13039,fine-tuned,
13040,fine-tuned,
13041,fine-tuned,
13042,fine-tuned,"Red,Green,Red"
13043,fine-tuned,"Red,Yellow,Green"
13044,fine-tuned,
13045,fine-tuned,
13046,fine-tuned,
13047,fine-tuned,
13048,fine-tuned,
13049,fine-tuned,
13050,fine-tuned,"Red,Green,Orange"
13051,fine-tuned,
13052,fine-tuned,
13053,fine-tuned,Red
13054,fine-tuned,
13055,fine-tuned,
13056,fine-tuned,
13057,fine-tuned,Red
13058,fine-tuned,"Green,Yellow"
13059,fine-tuned,
13060,fine-tuned,"Purple,Blue,Orange"
13061,fine-tuned,
13062,fine-tuned,"Blue,Orange,Blue"
13063,fine-tuned,"Blue,Red"
13064,fine-tuned,
13065,fine-tuned,"Orange,Yellow,Purple"
13066,fine-tuned,
13067,fine-tuned,"Red,Orange,Purple"
13068,fine-tuned,"Blue,Yellow,Purple"
13069,fine-tuned,"Red,Green,Purple"
13070,fine-tuned,
13071,fine-tuned,
13072,fine-tuned,
13073,fine-tuned,
13074,fine-tuned,"Red,Blue,Green"
13075,fine-tuned,
13076,fine-tuned,"Red,Red,Red"
13077,fine-tuned,"Red,Blue,Green"
13078,fine-tuned,
13079,fine-tuned,
13080,fine-tuned,"Red,Green,Yellow"
13081,fine-tuned,"Red,Red,Green"
13082,fine-tuned,
13083,fine-tuned,
13084,fine-tuned,"Red,Yellow,Green"
13085,fine-tuned,"Blue,Green,Red"
13086,fine-tuned,
13087,fine-tuned,"Blue,Red,Purple"
13088,fine-tuned,"Red,Blue,Green"
13089,fine-tuned,"Red,Yellow,Orange"
13090,fine-tuned,"Red,Blue,Green"
13091,fine-tuned,
13092,fine-tuned,"Red,Green,Red"
13093,fine-tuned,
13094,fine-tuned,
13095,fine-tuned,Green
13096,fine-tuned,
13097,fine-tuned,
13098,fine-tuned,
13099,fine-tuned,
13100,fine-tuned,
13101,fine-tuned,
13102,fine-tuned,"Red,Blue"
13103,fine-tuned,"Red,Blue,Green"
13104,fine-tuned,
13105,fine-tuned,
13106,fine-tuned,"Blue,Orange,Blue"
13107,fine-tuned,
13108,fine-tuned,
13109,fine-tuned,
13110,fine-tuned,"Red,Blue,Purple"
13111,fine-tuned,"Blue,Green,Purple"
13112,fine-tuned,
13113,fine-tuned,"Red,Blue,Red"
13114,fine-tuned,Purple
13115,fine-tuned,
13116,fine-tuned,
13117,fine-tuned,"Blue,Red,Orange"
13118,fine-tuned,"Red,Green,Blue"
13119,fine-tuned,"Green,Blue"
13120,fine-tuned,"Red,Green,Yellow"
13121,fine-tuned,
13122,fine-tuned,"Red,Green,Yellow"
13123,fine-tuned,
13124,fine-tuned,
13125,fine-tuned,"Purple,Orange,Orange"
13126,fine-tuned,"Green,Red,Blue"
13127,fine-tuned,"Purple,Green,Yellow"
13128,fine-tuned,"Red,Red,Blue"
13129,fine-tuned,
13130,fine-tuned,
13131,fine-tuned,
13132,fine-tuned,
13133,fine-tuned,"Red,Blue,Red"
13134,fine-tuned,"Purple,Green,Red"
13135,fine-tuned,"Green,Red,Yellow"
13136,fine-tuned,
13137,fine-tuned,
13138,fine-tuned,"Red,Blue,Orange"
13139,fine-tuned,"Green,Purple,Blue"
13140,fine-tuned,"Red,Orange,Red"
13141,fine-tuned,
13142,fine-tuned,
13143,fine-tuned,"Red,Blue,Green"
13144,fine-tuned,
13145,fine-tuned,"Red,Green,Green"
13146,fine-tuned,
13147,fine-tuned,"Orange,Purple,Red"
13148,fine-tuned,
13149,fine-tuned,
13150,fine-tuned,
13151,fine-tuned,
13152,fine-tuned,"Red,Blue,Yellow"
13153,fine-tuned,
13154,fine-tuned,
13155,fine-tuned,
13156,fine-tuned,"Yellow,Orange,Purple"
13157,fine-tuned,"Red,Orange,Purple"
13158,fine-tuned,
13159,fine-tuned,
13160,fine-tuned,
13161,fine-tuned,
13162,fine-tuned,
13163,fine-tuned,Red
13164,fine-tuned,"Red,Green,Blue"
13165,fine-tuned,"Green,Yellow,Yellow"
13166,fine-tuned,"Red,Blue,Orange"
13167,fine-tuned,"Red,Green"
13168,fine-tuned,
13169,fine-tuned,"Blue,Purple,Yellow"
13170,fine-tuned,
13171,fine-tuned,"Yellow,Green,Purple"
13172,fine-tuned,
13173,fine-tuned,"Red,Blue,Yellow"
13174,fine-tuned,
13175,fine-tuned,"Red,Blue,Yellow"
13176,fine-tuned,
13177,fine-tuned,
13178,fine-tuned,Green
13179,fine-tuned,"Blue,Green,Orange"
13180,fine-tuned,
13181,fine-tuned,
13182,fine-tuned,"Red,Yellow,Green"
13183,fine-tuned,"Red,Purple,Red"
13184,fine-tuned,
13185,fine-tuned,"Red,Green,Yellow"
13186,fine-tuned,
13187,fine-tuned,"Red,Yellow,Red"
13188,fine-tuned,
13189,fine-tuned,
13190,fine-tuned,
13191,fine-tuned,
13192,fine-tuned,
13193,fine-tuned,"Red,Blue"
13194,fine-tuned,
13195,fine-tuned,
13196,fine-tuned,
13197,fine-tuned,"Yellow,Purple,Blue"
13198,fine-tuned,"Green,Purple,Yellow"
13199,fine-tuned,"Blue,Yellow,Purple"
13200,fine-tuned,
13201,fine-tuned,"Purple,Yellow"
13202,fine-tuned,
13203,fine-tuned,
13204,fine-tuned,"Orange,Blue,Purple"
13205,fine-tuned,"Red,Blue"
13206,fine-tuned,
13207,fine-tuned,
13208,fine-tuned,
13209,fine-tuned,
13210,fine-tuned,"Purple,Red,Purple"
13211,fine-tuned,
13212,fine-tuned,
13213,fine-tuned,
13214,fine-tuned,
13215,fine-tuned,
13216,fine-tuned,"Red,Green,Orange"
13217,fine-tuned,"Red,Orange,Blue"
13218,fine-tuned,Red
13219,fine-tuned,
13220,fine-tuned,"Blue,Purple,Green"
13221,fine-tuned,"Red,Yellow,Green"
13222,fine-tuned,
13223,fine-tuned,
13224,fine-tuned,"Orange,Red,Orange"
13225,fine-tuned,"Red,Green,Orange"
13226,fine-tuned,
13227,fine-tuned,"Green,Yellow,Orange"
13228,fine-tuned,"Red,Green,Blue"
13229,fine-tuned,"Red,Purple,Green"
13230,fine-tuned,
13231,fine-tuned,"Red,Blue"
13232,fine-tuned,"Purple,Blue,Green"
13233,fine-tuned,
13234,fine-tuned,
13235,fine-tuned,
13236,fine-tuned,"Red,Yellow,Orange"
13237,fine-tuned,"Orange,Blue,Green"
13238,fine-tuned,
13239,fine-tuned,
13240,fine-tuned,
13241,fine-tuned,
13242,fine-tuned,"Red,Yellow,Purple"
13243,fine-tuned,"Red,Yellow,Purple"
13244,fine-tuned,
13245,fine-tuned,"Red,Green,Purple"
13246,fine-tuned,"Red,Green,Yellow"
13247,fine-tuned,
13248,fine-tuned,"Red,Blue,Green"
13249,fine-tuned,
13250,fine-tuned,
13251,fine-tuned,
13252,fine-tuned,"Orange,Orange"
13253,fine-tuned,
13254,fine-tuned,
13255,fine-tuned,"Red,Blue,Green"
13256,fine-tuned,
13257,fine-tuned,"Red,Red,Yellow"
13258,fine-tuned,
13259,fine-tuned,
13260,fine-tuned,"Green,Orange,Yellow"
13261,fine-tuned,
13262,fine-tuned,
13263,fine-tuned,
13264,fine-tuned,
13265,fine-tuned,"Red,Green"
13266,fine-tuned,"Blue,Orange,Orange"
13267,fine-tuned,
13268,fine-tuned,"Green,Purple,Red"
13269,fine-tuned,"Red,Blue,Yellow"
13270,fine-tuned,
13271,fine-tuned,
13272,fine-tuned,"Red,Yellow,Purple"
13273,fine-tuned,
13274,fine-tuned,
13275,fine-tuned,
13276,fine-tuned,"Blue,Green,Yellow"
13277,fine-tuned,"Green,Red,Green"
13278,fine-tuned,
13279,fine-tuned,
13280,fine-tuned,
13281,fine-tuned,
13282,fine-tuned,
13283,fine-tuned,
13284,fine-tuned,
13285,fine-tuned,
13286,fine-tuned,"Red,Purple,Yellow"
13287,fine-tuned,"Red,Blue,Red"
13288,fine-tuned,
13289,fine-tuned,"Red,Blue,Yellow"
13290,fine-tuned,
13291,fine-tuned,Red
13292,fine-tuned,"Blue,Orange,Red"
13293,fine-tuned,"Orange,Red"
13294,fine-tuned,"Red,Blue,Blue"
13295,fine-tuned,
13296,fine-tuned,
13297,fine-tuned,
13298,fine-tuned,
13299,fine-tuned,
13300,fine-tuned,"Yellow,Red,Purple"
13301,fine-tuned,
13302,fine-tuned,"Red,Yellow"
13303,fine-tuned,"Yellow,Red,Orange"
13304,fine-tuned,
13305,fine-tuned,"Red,Blue,Blue"
13306,fine-tuned,"Red,Yellow,Purple"
13307,fine-tuned,
13308,fine-tuned,
13309,fine-tuned,
13310,fine-tuned,"Red,Blue,Yellow"
13311,fine-tuned,
13312,fine-tuned,"Red,Yellow,Green"
13313,fine-tuned,
13314,fine-tuned,
13315,fine-tuned,"Blue,Red,Yellow"
13316,fine-tuned,
13317,fine-tuned,
13318,fine-tuned,
13319,fine-tuned,
13320,fine-tuned,
13321,fine-tuned,
13322,fine-tuned,"Red,Yellow,Blue"
13323,fine-tuned,
13324,fine-tuned,"Blue,Green"
13325,fine-tuned,
13326,fine-tuned,"Blue,Yellow,Orange"
13327,fine-tuned,"Red,Red,Green"
13328,fine-tuned,
13329,fine-tuned,"Blue,Red,Red"
13330,fine-tuned,
13331,fine-tuned,"Red,Purple,Green"
13332,fine-tuned,
13333,fine-tuned,
13334,fine-tuned,
13335,fine-tuned,
13336,fine-tuned,"Yellow,Purple,Red"
13337,fine-tuned,
13338,fine-tuned,
13339,fine-tuned,
13340,fine-tuned,"Red,Purple"
13341,fine-tuned,"Blue,Yellow,Green"
13342,fine-tuned,
13343,fine-tuned,
13344,fine-tuned,"Red,Blue,Yellow"
13345,fine-tuned,
13346,fine-tuned,"Orange,Blue,Orange"
13347,fine-tuned,"Blue,Orange,Yellow"
13348,fine-tuned,
13349,fine-tuned,"Yellow,Yellow,Red"
13350,fine-tuned,
13351,fine-tuned,
13352,fine-tuned,"Red,Blue,Green"
13353,fine-tuned,
13354,fine-tuned,"Red,Green,Blue"
13355,fine-tuned,"Red,Blue,Yellow"
13356,fine-tuned,
13357,fine-tuned,"Red,Blue"
13358,fine-tuned,
13359,fine-tuned,
13360,fine-tuned,
13361,fine-tuned,"Blue,Orange,Purple"
13362,fine-tuned,
13363,fine-tuned,
13364,fine-tuned,
13365,fine-tuned,
13366,fine-tuned,"Red,Blue,Orange"
13367,fine-tuned,"Red,Green,Blue"
13368,fine-tuned,"Red,Red,Blue"
13369,fine-tuned,"Purple,Yellow,Orange"
13370,fine-tuned,
13371,fine-tuned,
13372,fine-tuned,"Green,Red,Purple"
13373,fine-tuned,
13374,fine-tuned,
13375,fine-tuned,
13376,fine-tuned,
13377,fine-tuned,
13378,fine-tuned,
13379,fine-tuned,
13380,fine-tuned,
13381,fine-tuned,
13382,fine-tuned,"Green,Orange,Blue"
13383,fine-tuned,"Red,Blue"
13384,fine-tuned,
13385,fine-tuned,"Red,Blue,Green"
13386,fine-tuned,"Red,Blue,Green"
13387,fine-tuned,Red
13388,fine-tuned,
13389,fine-tuned,
13390,fine-tuned,
13391,fine-tuned,"Orange,Red,Purple"
13392,fine-tuned,
13393,fine-tuned,"Red,Red,Blue"
13394,fine-tuned,
13395,fine-tuned,"Blue,Orange,Red"
13396,fine-tuned,
13397,fine-tuned,
13398,fine-tuned,"Red,Blue,Green"
13399,fine-tuned,
13400,fine-tuned,"Yellow,Red,Blue"
13401,fine-tuned,
13402,fine-tuned,
13403,fine-tuned,
13404,fine-tuned,"Red,Orange,Blue"
13405,fine-tuned,
13406,fine-tuned,
13407,fine-tuned,"Red,Blue"
13408,fine-tuned,"Red,Blue,Green"
13409,fine-tuned,
13410,fine-tuned,
13411,fine-tuned,"Red,Blue,Green"
13412,fine-tuned,"Red,Blue,Blue"
13413,fine-tuned,
13414,fine-tuned,
13415,fine-tuned,
13416,fine-tuned,
13417,fine-tuned,
13418,fine-tuned,"Yellow,Blue,Blue"
13419,fine-tuned,"Orange,Green,Green"
13420,fine-tuned,
13421,fine-tuned,"Red,Green,Orange"
13422,fine-tuned,"Blue,Yellow,Purple"
13423,fine-tuned,Blue
13424,fine-tuned,
13425,fine-tuned,
13426,fine-tuned,
13427,fine-tuned,
13428,fine-tuned,
13429,fine-tuned,
13430,fine-tuned,
13431,fine-tuned,"Blue,Green,Yellow"
13432,fine-tuned,
13433,fine-tuned,
13434,fine-tuned,"Blue,Green,Green"
13435,fine-tuned,
13436,fine-tuned,
13437,fine-tuned,"Blue,Green"
13438,fine-tuned,"Red,Green,Orange"
13439,fine-tuned,"Red,Blue,Orange"
13440,fine-tuned,
13441,fine-tuned,"Blue,Green,Purple"
13442,fine-tuned,
13443,fine-tuned,
13444,fine-tuned,
13445,fine-tuned,"Yellow,Green,Orange"
13446,fine-tuned,
13447,fine-tuned,Blue
13448,fine-tuned,
13449,fine-tuned,"Red,Blue"
13450,fine-tuned,"Red,Blue,Green"
13451,fine-tuned,"Blue,Blue"
13452,fine-tuned,
13453,fine-tuned,"Blue,Red,Green"
13454,fine-tuned,
13455,fine-tuned,"Red,Blue,Orange"
13456,fine-tuned,"Red,Blue,Green"
13457,fine-tuned,
13458,fine-tuned,"Blue,Blue"
13459,fine-tuned,
13460,fine-tuned,
13461,fine-tuned,"Red,Blue,Orange"
13462,fine-tuned,"Red,Green,Blue"
13463,fine-tuned,
13464,fine-tuned,
13465,fine-tuned,
13466,fine-tuned,"Red,Red,Yellow"
13467,fine-tuned,
13468,fine-tuned,
13469,fine-tuned,
13470,fine-tuned,"Red,Yellow"
13471,fine-tuned,
13472,fine-tuned,
13473,fine-tuned,
13474,fine-tuned,
13475,fine-tuned,"Red,Green,Green"
13476,fine-tuned,"Green,Blue,Yellow"
13477,fine-tuned,"Blue,Yellow,Purple"
13478,fine-tuned,
13479,fine-tuned,
13480,fine-tuned,
13481,fine-tuned,
13482,fine-tuned,
13483,fine-tuned,
13484,fine-tuned,"Red,Blue,Blue"
13485,fine-tuned,"Red,Blue"
13486,fine-tuned,"Red,Blue,Red"
13487,fine-tuned,"Red,Blue,Yellow"
13488,fine-tuned,"Blue,Red,Blue"
13489,fine-tuned,"Orange,Red,Blue"
13490,fine-tuned,
13491,fine-tuned,"Red,Blue,Green"
13492,fine-tuned,"Red,Blue,Green"
13493,fine-tuned,
13494,fine-tuned,"Red,Orange,Blue"
13495,fine-tuned,
13496,fine-tuned,
13497,fine-tuned,
13498,fine-tuned,
13499,fine-tuned,
13500,fine-tuned,
13501,fine-tuned,
13502,fine-tuned,
13503,fine-tuned,"Red,Red"
13504,fine-tuned,"Yellow,Purple,Yellow"
13505,fine-tuned,
13506,fine-tuned,"Orange,Green,Red"
13507,fine-tuned,Red
13508,fine-tuned,"Red,Orange,Yellow"
13509,fine-tuned,
13510,fine-tuned,
13511,fine-tuned,
13512,fine-tuned,
13513,fine-tuned,
13514,fine-tuned,"Red,Green,Green"
13515,fine-tuned,"Red,Red,Red"
13516,fine-tuned,
13517,fine-tuned,
13518,fine-tuned,
13519,fine-tuned,
13520,fine-tuned,"Green,Red"
13521,fine-tuned,"Blue,Yellow,Orange"
13522,fine-tuned,"Yellow,Red,Orange"
13523,fine-tuned,
13524,fine-tuned,
13525,fine-tuned,"Blue,Orange,Purple"
13526,fine-tuned,"Red,Blue,Green"
13527,fine-tuned,
13528,fine-tuned,"Purple,Red,Orange"
13529,fine-tuned,
13530,fine-tuned,
13531,fine-tuned,Blue
13532,fine-tuned,
13533,fine-tuned,"Red,Yellow"
13534,fine-tuned,
13535,fine-tuned,
13536,fine-tuned,
13537,fine-tuned,"Red,Orange,Yellow"
13538,fine-tuned,
13539,fine-tuned,
13540,fine-tuned,
13541,fine-tuned,
13542,fine-tuned,"Red,Blue,Yellow"
13543,fine-tuned,"Red,Blue,Green"
13544,fine-tuned,"Green,Orange,Blue"
13545,fine-tuned,
13546,fine-tuned,
13547,fine-tuned,"Orange,Green,Purple"
13548,fine-tuned,"Red,Yellow,Purple"
13549,fine-tuned,
13550,fine-tuned,
13551,fine-tuned,Blue
13552,fine-tuned,"Red,Blue,Purple"
13553,fine-tuned,
13554,fine-tuned,
13555,fine-tuned,
13556,fine-tuned,
13557,fine-tuned,
13558,fine-tuned,"Red,Blue,Green"
13559,fine-tuned,
13560,fine-tuned,"Red,Orange,Orange"
13561,fine-tuned,"Red,Blue,Green"
13562,fine-tuned,
13563,fine-tuned,"Purple,Blue,Green"
13564,fine-tuned,"Red,Orange,Yellow"
13565,fine-tuned,"Red,Yellow,Purple"
13566,fine-tuned,
13567,fine-tuned,
13568,fine-tuned,
13569,fine-tuned,
13570,fine-tuned,"Red,Green,Yellow"
13571,fine-tuned,
13572,fine-tuned,"Red,Red,Yellow"
13573,fine-tuned,
13574,fine-tuned,
13575,fine-tuned,Red
13576,fine-tuned,
13577,fine-tuned,
13578,fine-tuned,"Green,Red,Blue"
13579,fine-tuned,
13580,fine-tuned,"Yellow,Orange,Red"
13581,fine-tuned,
13582,fine-tuned,
13583,fine-tuned,
13584,fine-tuned,
13585,fine-tuned,"Red,Yellow,Orange"
13586,fine-tuned,
13587,fine-tuned,"Yellow,Red,Yellow"
13588,fine-tuned,
13589,fine-tuned,"Orange,Yellow,Red"
13590,fine-tuned,
13591,fine-tuned,"Orange,Orange,Orange"
13592,fine-tuned,
13593,fine-tuned,"Red,Orange,Purple"
13594,fine-tuned,"Red,Blue,Blue"
13595,fine-tuned,
13596,fine-tuned,"Red,Red,Red"
13597,fine-tuned,"Blue,Red"
13598,fine-tuned,
13599,fine-tuned,
13600,fine-tuned,
13601,fine-tuned,"Purple,Yellow,Red"
13602,fine-tuned,
13603,fine-tuned,"Green,Blue,Yellow"
13604,fine-tuned,
13605,fine-tuned,
13606,fine-tuned,
13607,fine-tuned,Blue
13608,fine-tuned,"Blue,Purple,Red"
13609,fine-tuned,
13610,fine-tuned,"Red,Blue,Yellow"
13611,fine-tuned,"Red,Blue,Green"
13612,fine-tuned,"Red,Blue,Yellow"
13613,fine-tuned,
13614,fine-tuned,
13615,fine-tuned,
13616,fine-tuned,
13617,fine-tuned,
13618,fine-tuned,Red
13619,fine-tuned,
13620,fine-tuned,"Red,Orange,Blue"
13621,fine-tuned,
13622,fine-tuned,
13623,fine-tuned,
13624,fine-tuned,
13625,fine-tuned,"Red,Purple,Blue"
13626,fine-tuned,"Red,Orange,Purple"
13627,fine-tuned,
13628,fine-tuned,
13629,fine-tuned,
13630,fine-tuned,"Blue,Yellow,Green"
13631,fine-tuned,"Yellow,Blue,Green"
13632,fine-tuned,
13633,fine-tuned,"Red,Green,Red"
13634,fine-tuned,"Red,Green,Yellow"
13635,fine-tuned,"Red,Red,Yellow"
13636,fine-tuned,"Red,Blue,Green"
13637,fine-tuned,"Red,Blue,Green"
13638,fine-tuned,
13639,fine-tuned,"Red,Green,Green"
13640,fine-tuned,
13641,fine-tuned,"Red,Blue,Yellow"
13642,fine-tuned,
13643,fine-tuned,Green
13644,fine-tuned,
13645,fine-tuned,
13646,fine-tuned,
13647,fine-tuned,
13648,fine-tuned,
13649,fine-tuned,
13650,fine-tuned,"Red,Orange"
13651,fine-tuned,
13652,fine-tuned,
13653,fine-tuned,"Red,Orange,Red"
13654,fine-tuned,
13655,fine-tuned,
13656,fine-tuned,
13657,fine-tuned,"Blue,Yellow,Green"
13658,fine-tuned,"Red,Red,Yellow"
13659,fine-tuned,
13660,fine-tuned,
13661,fine-tuned,
13662,fine-tuned,
13663,fine-tuned,
13664,fine-tuned,
13665,fine-tuned,
13666,fine-tuned,"Red,Blue,Yellow"
13667,fine-tuned,"Red,Yellow,Orange"
13668,fine-tuned,
13669,fine-tuned,"Red,Blue,Green"
13670,fine-tuned,
13671,fine-tuned,"Purple,Red,Green"
13672,fine-tuned,
13673,fine-tuned,"Red,Blue,Green"
13674,fine-tuned,Blue
13675,fine-tuned,"Red,Green,Purple"
13676,fine-tuned,
13677,fine-tuned,
13678,fine-tuned,"Red,Blue,Green"
13679,fine-tuned,
13680,fine-tuned,
13681,fine-tuned,
13682,fine-tuned,"Red,Orange,Purple"
13683,fine-tuned,
13684,fine-tuned,
13685,fine-tuned,
13686,fine-tuned,
13687,fine-tuned,"Red,Green,Red"
13688,fine-tuned,"Red,Blue,Purple"
13689,fine-tuned,
13690,fine-tuned,"Red,Green"
13691,fine-tuned,
13692,fine-tuned,
13693,fine-tuned,
13694,fine-tuned,"Red,Purple,Yellow"
13695,fine-tuned,
13696,fine-tuned,
13697,fine-tuned,"Red,Red,Yellow"
13698,fine-tuned,
13699,fine-tuned,"Red,Green,Orange"
13700,fine-tuned,
13701,fine-tuned,
13702,fine-tuned,
13703,fine-tuned,"Yellow,Green,Red"
13704,fine-tuned,
13705,fine-tuned,"Red,Green,Blue"
13706,fine-tuned,"Red,Blue,Blue"
13707,fine-tuned,
13708,fine-tuned,"Red,Blue,Green"
13709,fine-tuned,
13710,fine-tuned,
13711,fine-tuned,
13712,fine-tuned,
13713,fine-tuned,
13714,fine-tuned,"Green,Yellow,Orange"
13715,fine-tuned,Yellow
13716,fine-tuned,"Blue,Yellow,Green"
13717,fine-tuned,"Red,Yellow,Purple"
13718,fine-tuned,"Red,Blue"
13719,fine-tuned,
13720,fine-tuned,"Red,Blue,Green"
13721,fine-tuned,"Red,Blue,Orange"
13722,fine-tuned,Orange
13723,fine-tuned,"Blue,Red,Purple"
13724,fine-tuned,
13725,fine-tuned,
13726,fine-tuned,
13727,fine-tuned,
13728,fine-tuned,"Blue,Green,Purple"
13729,fine-tuned,"Red,Blue,Purple"
13730,fine-tuned,"Red,Blue,Red"
13731,fine-tuned,Green
13732,fine-tuned,
13733,fine-tuned,
13734,fine-tuned,
13735,fine-tuned,"Red,Blue,Yellow"
13736,fine-tuned,Blue
13737,fine-tuned,
13738,fine-tuned,
13739,fine-tuned,
13740,fine-tuned,"Green,Orange,Purple"
13741,fine-tuned,"Red,Purple,Green"
13742,fine-tuned,"Red,Blue"
13743,fine-tuned,"Red,Blue,Green"
13744,fine-tuned,
13745,fine-tuned,
13746,fine-tuned,
13747,fine-tuned,"Green,Yellow,Orange"
13748,fine-tuned,
13749,fine-tuned,"Red,Blue,Red"
13750,fine-tuned,"Red,Blue,Green"
13751,fine-tuned,"Red,Blue"
13752,fine-tuned,
13753,fine-tuned,
13754,fine-tuned,
13755,fine-tuned,"Red,Orange,Green"
13756,fine-tuned,"Red,Blue,Green"
13757,fine-tuned,
13758,fine-tuned,Red
13759,fine-tuned,"Orange,Red"
13760,fine-tuned,
13761,fine-tuned,Red
13762,fine-tuned,Red
13763,fine-tuned,
13764,fine-tuned,
13765,fine-tuned,
13766,fine-tuned,
13767,fine-tuned,"Red,Blue,Yellow"
13768,fine-tuned,"Blue,Blue,Yellow"
13769,fine-tuned,
13770,fine-tuned,"Green,Red,Purple"
13771,fine-tuned,"Red,Blue,Green"
13772,fine-tuned,
13773,fine-tuned,
13774,fine-tuned,"Red,Green"
13775,fine-tuned,"Purple,Green,Orange"
13776,fine-tuned,"Red,Yellow,Green"
13777,fine-tuned,
13778,fine-tuned,"Red,Green,Blue"
13779,fine-tuned,
13780,fine-tuned,
13781,fine-tuned,
13782,fine-tuned,"Red,Blue,Yellow"
13783,fine-tuned,
13784,fine-tuned,
13785,fine-tuned,
13786,fine-tuned,"Red,Red,Yellow"
13787,fine-tuned,"Red,Green,Blue"
13788,fine-tuned,
13789,fine-tuned,
13790,fine-tuned,
13791,fine-tuned,
13792,fine-tuned,
13793,fine-tuned,"Blue,Blue"
13794,fine-tuned,
13795,fine-tuned,
13796,fine-tuned,
13797,fine-tuned,"Red,Yellow,Orange"
13798,fine-tuned,
13799,fine-tuned,Orange
13800,fine-tuned,
13801,fine-tuned,"Green,Blue,Red"
13802,fine-tuned,"Red,Blue,Orange"
13803,fine-tuned,
13804,fine-tuned,
13805,fine-tuned,
13806,fine-tuned,
13807,fine-tuned,"Blue,Orange,Blue"
13808,fine-tuned,
13809,fine-tuned,"Red,Green,Red"
13810,fine-tuned,"Red,Orange,Yellow"
13811,fine-tuned,"Yellow,Red,Green"
13812,fine-tuned,"Orange,Purple"
13813,fine-tuned,
13814,fine-tuned,"Red,Green"
13815,fine-tuned,
13816,fine-tuned,"Green,Blue,Yellow"
13817,fine-tuned,
13818,fine-tuned,
13819,fine-tuned,"Red,Yellow,Blue"
13820,fine-tuned,"Yellow,Red,Blue"
13821,fine-tuned,"Green,Red,Yellow"
13822,fine-tuned,
13823,fine-tuned,
13824,fine-tuned,
13825,fine-tuned,
13826,fine-tuned,"Red,Blue,Green"
13827,fine-tuned,"Yellow,Red,Blue"
13828,fine-tuned,
13829,fine-tuned,"Red,Blue,Purple"
13830,fine-tuned,
13831,fine-tuned,
13832,fine-tuned,Red
13833,fine-tuned,
13834,fine-tuned,"Yellow,Orange,Purple"
13835,fine-tuned,
13836,fine-tuned,"Red,Orange,Green"
13837,fine-tuned,
13838,fine-tuned,
13839,fine-tuned,"Red,Blue,Green"
13840,fine-tuned,"Red,Blue"
13841,fine-tuned,"Red,Purple,Blue"
13842,fine-tuned,"Red,Blue,Green"
13843,fine-tuned,
13844,fine-tuned,
13845,fine-tuned,"Orange,Purple,Orange"
13846,fine-tuned,"Red,Blue,Green"
13847,fine-tuned,"Orange,Green"
13848,fine-tuned,
13849,fine-tuned,
13850,fine-tuned,
13851,fine-tuned,"Red,Red,Purple"
13852,fine-tuned,"Purple,Blue,Green"
13853,fine-tuned,"Red,Blue"
13854,fine-tuned,
13855,fine-tuned,
13856,fine-tuned,"Red,Blue"
13857,fine-tuned,"Red,Red,Orange"
13858,fine-tuned,
13859,fine-tuned,"Purple,Blue,Green"
13860,fine-tuned,"Red,Orange,Purple"
13861,fine-tuned,"Red,Green,Blue"
13862,fine-tuned,
13863,fine-tuned,
13864,fine-tuned,
13865,fine-tuned,
13866,fine-tuned,
13867,fine-tuned,
13868,fine-tuned,"Red,Blue,Green"
13869,fine-tuned,"Yellow,Green,Orange"
13870,fine-tuned,"Red,Orange,Yellow"
13871,fine-tuned,
13872,fine-tuned,
13873,fine-tuned,
13874,fine-tuned,
13875,fine-tuned,
13876,fine-tuned,
13877,fine-tuned,
13878,fine-tuned,
13879,fine-tuned,
13880,fine-tuned,"Red,Green,Orange"
13881,fine-tuned,
13882,fine-tuned,"Red,Blue,Green"
13883,fine-tuned,
13884,fine-tuned,
13885,fine-tuned,
13886,fine-tuned,
13887,fine-tuned,
13888,fine-tuned,"Red,Blue,Green"
13889,fine-tuned,
13890,fine-tuned,"Red,Blue,Purple"
13891,fine-tuned,"Red,Orange,Yellow"
13892,fine-tuned,
13893,fine-tuned,
13894,fine-tuned,"Red,Yellow,Purple"
13895,fine-tuned,
13896,fine-tuned,
13897,fine-tuned,
13898,fine-tuned,"Red,Green,Yellow"
13899,fine-tuned,
13900,fine-tuned,"Red,Blue,Green"
13901,fine-tuned,Yellow
13902,fine-tuned,
13903,fine-tuned,"Red,Blue,Orange"
13904,fine-tuned,"Red,Green,Purple"
13905,fine-tuned,
13906,fine-tuned,"Red,Blue,Red"
13907,fine-tuned,
13908,fine-tuned,"Yellow,Orange,Purple"
13909,fine-tuned,"Red,Yellow,Purple"
13910,fine-tuned,
13911,fine-tuned,"Orange,Yellow,Green"
13912,fine-tuned,"Red,Yellow,Blue"
13913,fine-tuned,
13914,fine-tuned,
13915,fine-tuned,"Red,Orange,Purple"
13916,fine-tuned,
13917,fine-tuned,"Red,Blue,Green"
13918,fine-tuned,
13919,fine-tuned,
13920,fine-tuned,
13921,fine-tuned,
13922,fine-tuned,
13923,fine-tuned,
13924,fine-tuned,
13925,fine-tuned,
13926,fine-tuned,"Blue,Orange,Green"
13927,fine-tuned,"Red,Blue,Green"
13928,fine-tuned,"Red,Purple"
13929,fine-tuned,"Red,Red"
13930,fine-tuned,
13931,fine-tuned,
13932,fine-tuned,
13933,fine-tuned,"Red,Blue,Red"
13934,fine-tuned,
13935,fine-tuned,"Red,Green"
13936,fine-tuned,
13937,fine-tuned,"Red,Blue,Green"
13938,fine-tuned,
13939,fine-tuned,
13940,fine-tuned,
13941,fine-tuned,
13942,fine-tuned,
13943,fine-tuned,
13944,fine-tuned,
13945,fine-tuned,
13946,fine-tuned,Blue
13947,fine-tuned,"Red,Blue,Yellow"
13948,fine-tuned,"Green,Yellow,Red"
13949,fine-tuned,
13950,fine-tuned,
13951,fine-tuned,
13952,fine-tuned,
13953,fine-tuned,"Red,Blue,Green"
13954,fine-tuned,
13955,fine-tuned,
13956,fine-tuned,
13957,fine-tuned,
13958,fine-tuned,"Red,Orange,Purple"
13959,fine-tuned,
13960,fine-tuned,
13961,fine-tuned,
13962,fine-tuned,
13963,fine-tuned,
13964,fine-tuned,
13965,fine-tuned,"Red,Purple,Yellow"
13966,fine-tuned,Red
13967,fine-tuned,
13968,fine-tuned,
13969,fine-tuned,
13970,fine-tuned,
13971,fine-tuned,
13972,fine-tuned,
13973,fine-tuned,"Red,Blue,Yellow"
13974,fine-tuned,
13975,fine-tuned,"Red,Green,Red"
13976,fine-tuned,
13977,fine-tuned,
13978,fine-tuned,
13979,fine-tuned,
13980,fine-tuned,Yellow
13981,fine-tuned,
13982,fine-tuned,"Red,Orange"
13983,fine-tuned,"Red,Blue,Green"
13984,fine-tuned,"Red,Blue,Green"
13985,fine-tuned,
13986,fine-tuned,
13987,fine-tuned,
13988,fine-tuned,
13989,fine-tuned,
13990,fine-tuned,"Yellow,Red,Red"
13991,fine-tuned,
13992,fine-tuned,
13993,fine-tuned,
13994,fine-tuned,
13995,fine-tuned,"Red,Yellow,Blue"
13996,fine-tuned,
13997,fine-tuned,Blue
13998,fine-tuned,
13999,fine-tuned,
14000,fine-tuned,
14001,fine-tuned,
14002,fine-tuned,
14003,fine-tuned,
14004,fine-tuned,
14005,fine-tuned,
14006,fine-tuned,"Red,Yellow,Purple"
14007,fine-tuned,
14008,fine-tuned,
14009,fine-tuned,"Yellow,Blue,Green"
14010,fine-tuned,"Blue,Red,Yellow"
14011,fine-tuned,
14012,fine-tuned,
14013,fine-tuned,
14014,fine-tuned,
14015,fine-tuned,
14016,fine-tuned,"Blue,Yellow,Orange"
14017,fine-tuned,"Red,Blue,Purple"
14018,fine-tuned,
14019,fine-tuned,
14020,fine-tuned,"Red,Yellow,Green"
14021,fine-tuned,
14022,fine-tuned,"Red,Yellow,Purple"
14023,fine-tuned,
14024,fine-tuned,
14025,fine-tuned,
14026,fine-tuned,
14027,fine-tuned,
14028,fine-tuned,
14029,fine-tuned,
14030,fine-tuned,"Red,Red,Red"
14031,fine-tuned,
14032,fine-tuned,
14033,fine-tuned,
14034,fine-tuned,
14035,fine-tuned,"Red,Blue"
14036,fine-tuned,"Red,Green,Yellow"
14037,fine-tuned,"Blue,Green,Purple"
14038,fine-tuned,
14039,fine-tuned,
14040,fine-tuned,"Blue,Orange,Yellow"
14041,fine-tuned,
14042,fine-tuned,"Red,Green"
14043,fine-tuned,
14044,fine-tuned,
14045,fine-tuned,"Red,Red,Red"
14046,fine-tuned,
14047,fine-tuned,
14048,fine-tuned,
14049,fine-tuned,
14050,fine-tuned,
14051,fine-tuned,
14052,fine-tuned,
14053,fine-tuned,
14054,fine-tuned,
14055,fine-tuned,"Green,Yellow,Purple"
14056,fine-tuned,
14057,fine-tuned,
14058,fine-tuned,
14059,fine-tuned,
14060,fine-tuned,
14061,fine-tuned,
14062,fine-tuned,"Purple,Orange,Red"
14063,fine-tuned,
14064,fine-tuned,
14065,fine-tuned,
14066,fine-tuned,
14067,fine-tuned,
14068,fine-tuned,Red
14069,fine-tuned,
14070,fine-tuned,
14071,fine-tuned,
14072,fine-tuned,"Purple,Red,Green"
14073,fine-tuned,"Red,Blue"
14074,fine-tuned,
14075,fine-tuned,
14076,fine-tuned,"Blue,Orange,Red"
14077,fine-tuned,
14078,fine-tuned,Blue
14079,fine-tuned,
14080,fine-tuned,
14081,fine-tuned,"Red,Blue,Red"
14082,fine-tuned,
14083,fine-tuned,"Green,Red,Blue"
14084,fine-tuned,
14085,fine-tuned,
14086,fine-tuned,
14087,fine-tuned,
14088,fine-tuned,
14089,fine-tuned,
14090,fine-tuned,
14091,fine-tuned,
14092,fine-tuned,
14093,fine-tuned,
14094,fine-tuned,
14095,fine-tuned,
14096,fine-tuned,
14097,fine-tuned,"Red,Blue,Green"
14098,fine-tuned,"Yellow,Green,Red"
14099,fine-tuned,
14100,fine-tuned,
14101,fine-tuned,"Blue,Yellow,Green"
14102,fine-tuned,
14103,fine-tuned,
14104,fine-tuned,"Blue,Red,Orange"
14105,fine-tuned,
14106,fine-tuned,"Yellow,Red"
14107,fine-tuned,
14108,fine-tuned,"Red,Yellow,Green"
14109,fine-tuned,
14110,fine-tuned,"Red,Orange,Green"
14111,fine-tuned,
14112,fine-tuned,
14113,fine-tuned,
14114,fine-tuned,"Red,Blue,Green"
14115,fine-tuned,"Green,Blue,Yellow"
14116,fine-tuned,"Green,Red"
14117,fine-tuned,Red
14118,fine-tuned,"Red,Blue,Green"
14119,fine-tuned,"Red,Blue,Green"
14120,fine-tuned,
14121,fine-tuned,
14122,fine-tuned,"Red,Blue,Yellow"
14123,fine-tuned,
14124,fine-tuned,
14125,fine-tuned,"Red,Blue"
14126,fine-tuned,"Red,Blue,Green"
14127,fine-tuned,
14128,fine-tuned,"Red,Blue,Green"
14129,fine-tuned,
14130,fine-tuned,"Yellow,Blue,Purple"
14131,fine-tuned,"Red,Green,Orange"
14132,fine-tuned,Green
14133,fine-tuned,
14134,fine-tuned,
14135,fine-tuned,
14136,fine-tuned,Green
14137,fine-tuned,"Yellow,Red,Orange"
14138,fine-tuned,
14139,fine-tuned,
14140,fine-tuned,
14141,fine-tuned,
14142,fine-tuned,Red
14143,fine-tuned,
14144,fine-tuned,
14145,fine-tuned,
14146,fine-tuned,
14147,fine-tuned,Red
14148,fine-tuned,"Yellow,Red,Red"
14149,fine-tuned,
14150,fine-tuned,"Red,Purple,Blue"
14151,fine-tuned,"Yellow,Orange,Yellow"
14152,fine-tuned,
14153,fine-tuned,"Red,Blue,Purple"
14154,fine-tuned,"Red,Blue,Blue"
14155,fine-tuned,
14156,fine-tuned,"Yellow,Blue,Purple"
14157,fine-tuned,
14158,fine-tuned,
14159,fine-tuned,"Red,Blue,Orange"
14160,fine-tuned,Red
14161,fine-tuned,"Red,Red,Red"
14162,fine-tuned,
14163,fine-tuned,"Red,Blue,Yellow"
14164,fine-tuned,
14165,fine-tuned,
14166,fine-tuned,
14167,fine-tuned,
14168,fine-tuned,"Red,Blue,Blue"
14169,fine-tuned,"Red,Blue,Yellow"
14170,fine-tuned,
14171,fine-tuned,
14172,fine-tuned,
14173,fine-tuned,
14174,fine-tuned,"Blue,Yellow,Green"
14175,fine-tuned,"Orange,Blue,Red"
14176,fine-tuned,
14177,fine-tuned,
14178,fine-tuned,
14179,fine-tuned,"Yellow,Orange,Blue"
14180,fine-tuned,
14181,fine-tuned,"Blue,Red"
14182,fine-tuned,
14183,fine-tuned,"Red,Blue,Green"
14184,fine-tuned,
14185,fine-tuned,
14186,fine-tuned,
14187,fine-tuned,"Red,Orange,Purple"
14188,fine-tuned,
14189,fine-tuned,
14190,fine-tuned,
14191,fine-tuned,
14192,fine-tuned,"Red,Purple"
14193,fine-tuned,
14194,fine-tuned,
14195,fine-tuned,
14196,fine-tuned,
14197,fine-tuned,"Blue,Yellow,Orange"
14198,fine-tuned,
14199,fine-tuned,"Red,Green,Yellow"
14200,fine-tuned,"Yellow,Blue,Orange"
14201,fine-tuned,
14202,fine-tuned,Green
14203,fine-tuned,
14204,fine-tuned,
14205,fine-tuned,"Red,Yellow,Purple"
14206,fine-tuned,
14207,fine-tuned,
14208,fine-tuned,
14209,fine-tuned,"Red,Blue,Green"
14210,fine-tuned,
14211,fine-tuned,
14212,fine-tuned,"Red,Blue,Green"
14213,fine-tuned,"Red,Green,Yellow"
14214,fine-tuned,Yellow
14215,fine-tuned,
14216,fine-tuned,
14217,fine-tuned,"Red,Red,Orange"
14218,fine-tuned,"Red,Blue,Yellow"
14219,fine-tuned,"Red,Green,Yellow"
14220,fine-tuned,
14221,fine-tuned,"Red,Blue,Green"
14222,fine-tuned,
14223,fine-tuned,Green
14224,fine-tuned,
14225,fine-tuned,"Red,Blue,Green"
14226,fine-tuned,Yellow
14227,fine-tuned,
14228,fine-tuned,
14229,fine-tuned,"Red,Blue,Yellow"
14230,fine-tuned,
14231,fine-tuned,"Yellow,Red,Blue"
14232,fine-tuned,
14233,fine-tuned,
14234,fine-tuned,"Red,Green,Orange"
14235,fine-tuned,
14236,fine-tuned,
14237,fine-tuned,"Purple,Purple"
14238,fine-tuned,
14239,fine-tuned,"Red,Orange,Green"
14240,fine-tuned,"Red,Green,Blue"
14241,fine-tuned,
14242,fine-tuned,"Blue,Green,Blue"
14243,fine-tuned,
14244,fine-tuned,"Red,Yellow,Green"
14245,fine-tuned,
14246,fine-tuned,"Red,Blue,Green"
14247,fine-tuned,"Blue,Yellow,Red"
14248,fine-tuned,"Red,Yellow,Purple"
14249,fine-tuned,Red
14250,fine-tuned,
14251,fine-tuned,
14252,fine-tuned,"Red,Green,Blue"
14253,fine-tuned,"Blue,Red,Yellow"
14254,fine-tuned,
14255,fine-tuned,"Red,Blue,Yellow"
14256,fine-tuned,Green
14257,fine-tuned,"Red,Yellow,Green"
14258,fine-tuned,
14259,fine-tuned,"Green,Yellow,Blue"
14260,fine-tuned,
14261,fine-tuned,"Red,Blue,Green"
14262,fine-tuned,"Red,Yellow"
14263,fine-tuned,
14264,fine-tuned,
14265,fine-tuned,"Red,Red"
14266,fine-tuned,"Red,Blue,Green"
14267,fine-tuned,"Red,Blue,Orange"
14268,fine-tuned,Blue
14269,fine-tuned,
14270,fine-tuned,
14271,fine-tuned,
14272,fine-tuned,
14273,fine-tuned,
14274,fine-tuned,
14275,fine-tuned,"Green,Green,Red"
14276,fine-tuned,
14277,fine-tuned,
14278,fine-tuned,"Red,Blue,Green"
14279,fine-tuned,"Yellow,Red,Green"
14280,fine-tuned,
14281,fine-tuned,Green
14282,fine-tuned,
14283,fine-tuned,"Red,Blue,Green"
14284,fine-tuned,"Red,Green,Green"
14285,fine-tuned,"Yellow,Red,Orange"
14286,fine-tuned,Yellow
14287,fine-tuned,"Red,Blue,Orange"
14288,fine-tuned,
14289,fine-tuned,"Red,Red,Red"
14290,fine-tuned,"Red,Blue"
14291,fine-tuned,Blue
14292,fine-tuned,
14293,fine-tuned,"Blue,Yellow,Orange"
14294,fine-tuned,"Purple,Purple"
14295,fine-tuned,
14296,fine-tuned,
14297,fine-tuned,
14298,fine-tuned,"Red,Orange"
14299,fine-tuned,
14300,fine-tuned,
14301,fine-tuned,
14302,fine-tuned,"Red,Blue,Green"
14303,fine-tuned,
14304,fine-tuned,
14305,fine-tuned,
14306,fine-tuned,
14307,fine-tuned,
14308,fine-tuned,"Red,Orange,Blue"
14309,fine-tuned,
14310,fine-tuned,
14311,fine-tuned,
14312,fine-tuned,
14313,fine-tuned,
14314,fine-tuned,"Red,Yellow,Purple"
14315,fine-tuned,
14316,fine-tuned,"Red,Yellow,Orange"
14317,fine-tuned,
14318,fine-tuned,
14319,fine-tuned,
14320,fine-tuned,"Red,Blue,Purple"
14321,fine-tuned,"Blue,Green,Red"
14322,fine-tuned,
14323,fine-tuned,
14324,fine-tuned,"Blue,Orange,Red"
14325,fine-tuned,
14326,fine-tuned,
14327,fine-tuned,
14328,fine-tuned,
14329,fine-tuned,"Red,Blue,Orange"
14330,fine-tuned,"Blue,Green"
14331,fine-tuned,"Red,Yellow,Orange"
14332,fine-tuned,"Red,Blue,Green"
14333,fine-tuned,"Red,Blue,Green"
14334,fine-tuned,
14335,fine-tuned,
14336,fine-tuned,
14337,fine-tuned,
14338,fine-tuned,
14339,fine-tuned,
14340,fine-tuned,
14341,fine-tuned,"Purple,Green,Blue"
14342,fine-tuned,"Orange,Red,Green"
14343,fine-tuned,"Red,Blue"
14344,fine-tuned,
14345,fine-tuned,Red
14346,fine-tuned,
14347,fine-tuned,
14348,fine-tuned,"Red,Green,Blue"
14349,fine-tuned,"Red,Green,Red"
14350,fine-tuned,
14351,fine-tuned,
14352,fine-tuned,"Blue,Green,Green"
14353,fine-tuned,"Green,Yellow,Orange"
14354,fine-tuned,
14355,fine-tuned,
14356,fine-tuned,
14357,fine-tuned,"Red,Purple,Yellow"
14358,fine-tuned,"Green,Yellow,Blue"
14359,fine-tuned,"Red,Blue,Green"
14360,fine-tuned,
14361,fine-tuned,
14362,fine-tuned,"Red,Red,Blue"
14363,fine-tuned,"Red,Blue,Green"
14364,fine-tuned,
14365,fine-tuned,
14366,fine-tuned,
14367,fine-tuned,"Red,Green,Orange"
14368,fine-tuned,
14369,fine-tuned,"Green,Blue,Yellow"
14370,fine-tuned,
14371,fine-tuned,
14372,fine-tuned,
14373,fine-tuned,
14374,fine-tuned,
14375,fine-tuned,
14376,fine-tuned,"Orange,Green,Purple"
14377,fine-tuned,
14378,fine-tuned,
14379,fine-tuned,"Red,Blue,Yellow"
14380,fine-tuned,
14381,fine-tuned,"Red,Blue,Purple"
14382,fine-tuned,
14383,fine-tuned,"Red,Yellow,Blue"
14384,fine-tuned,"Orange,Green,Purple"
14385,fine-tuned,"Yellow,Red,Blue"
14386,fine-tuned,
14387,fine-tuned,"Green,Yellow,Red"
14388,fine-tuned,
14389,fine-tuned,
14390,fine-tuned,
14391,fine-tuned,
14392,fine-tuned,
14393,fine-tuned,"Red,Green,Red"
14394,fine-tuned,"Red,Red,Blue"
14395,fine-tuned,
14396,fine-tuned,"Green,Orange,Yellow"
14397,fine-tuned,
14398,fine-tuned,
14399,fine-tuned,
14400,fine-tuned,"Blue,Red,Green"
14401,fine-tuned,
14402,fine-tuned,"Red,Blue,Green"
14403,fine-tuned,"Red,Blue,Green"
14404,fine-tuned,
14405,fine-tuned,"Red,Yellow,Yellow"
14406,fine-tuned,
14407,fine-tuned,"Red,Blue,Green"
14408,fine-tuned,"Blue,Purple,Yellow"
14409,fine-tuned,"Red,Orange,Yellow"
14410,fine-tuned,"Red,Orange,Green"
14411,fine-tuned,
14412,fine-tuned,"Red,Yellow,Green"
14413,fine-tuned,
14414,fine-tuned,
14415,fine-tuned,
14416,fine-tuned,
14417,fine-tuned,"Red,Green,Red"
14418,fine-tuned,"Red,Blue,Green"
14419,fine-tuned,
14420,fine-tuned,
14421,fine-tuned,"Yellow,Green,Purple"
14422,fine-tuned,"Red,Green,Orange"
14423,fine-tuned,"Red,Blue,Green"
14424,fine-tuned,
14425,fine-tuned,"Red,Yellow,Purple"
14426,fine-tuned,
14427,fine-tuned,
14428,fine-tuned,"Red,Blue,Green"
14429,fine-tuned,"Blue,Red"
14430,fine-tuned,
14431,fine-tuned,"Red,Green,Blue"
14432,fine-tuned,
14433,fine-tuned,
14434,fine-tuned,"Green,Orange,Blue"
14435,fine-tuned,
14436,fine-tuned,
14437,fine-tuned,"Red,Red,Blue"
14438,fine-tuned,
14439,fine-tuned,
14440,fine-tuned,
14441,fine-tuned,Red
14442,fine-tuned,
14443,fine-tuned,
14444,fine-tuned,
14445,fine-tuned,
14446,fine-tuned,"Yellow,Red,Orange"
14447,fine-tuned,"Purple,Blue,Red"
14448,fine-tuned,"Red,Blue,Green"
14449,fine-tuned,
14450,fine-tuned,
14451,fine-tuned,
14452,fine-tuned,
14453,fine-tuned,
14454,fine-tuned,
14455,fine-tuned,"Red,Orange,Green"
14456,fine-tuned,
14457,fine-tuned,
14458,fine-tuned,
14459,fine-tuned,"Red,Blue,Orange"
14460,fine-tuned,
14461,fine-tuned,"Red,Yellow,Orange"
14462,fine-tuned,"Blue,Red,Green"
14463,fine-tuned,
14464,fine-tuned,
14465,fine-tuned,Red
14466,fine-tuned,
14467,fine-tuned,
14468,fine-tuned,"Yellow,Red,Green"
14469,fine-tuned,
14470,fine-tuned,
14471,fine-tuned,
14472,fine-tuned,
14473,fine-tuned,
14474,fine-tuned,
14475,fine-tuned,
14476,fine-tuned,
14477,fine-tuned,"Blue,Green,Purple"
14478,fine-tuned,
14479,fine-tuned,"Red,Blue,Green"
14480,fine-tuned,"Red,Blue,Green"
14481,fine-tuned,"Red,Yellow"
14482,fine-tuned,
14483,fine-tuned,
14484,fine-tuned,"Red,Green,Blue"
14485,fine-tuned,
14486,fine-tuned,
14487,fine-tuned,
14488,fine-tuned,
14489,fine-tuned,"Red,Blue,Red"
14490,fine-tuned,
14491,fine-tuned,"Blue,Red,Purple"
14492,fine-tuned,
14493,fine-tuned,"Red,Orange,Red"
14494,fine-tuned,"Orange,Red,Purple"
14495,fine-tuned,"Purple,Red,Yellow"
14496,fine-tuned,"Red,Yellow"
14497,fine-tuned,
14498,fine-tuned,"Blue,Green,Green"
14499,fine-tuned,
14500,fine-tuned,
14501,fine-tuned,
14502,fine-tuned,
14503,fine-tuned,"Red,Blue,Green"
14504,fine-tuned,
14505,fine-tuned,
14506,fine-tuned,"Red,Red"
14507,fine-tuned,"Red,Orange,Yellow"
14508,fine-tuned,"Yellow,Blue,Purple"
14509,fine-tuned,
14510,fine-tuned,"Red,Orange,Red"
14511,fine-tuned,"Red,Blue,Green"
14512,fine-tuned,Orange
14513,fine-tuned,
14514,fine-tuned,"Orange,Red,Orange"
14515,fine-tuned,
14516,fine-tuned,
14517,fine-tuned,
14518,fine-tuned,"Red,Green,Purple"
14519,fine-tuned,
14520,fine-tuned,
14521,fine-tuned,"Red,Orange,Green"
14522,fine-tuned,"Orange,Yellow,Red"
14523,fine-tuned,
14524,fine-tuned,"Red,Blue,Red"
14525,fine-tuned,
14526,fine-tuned,
14527,fine-tuned,Red
14528,fine-tuned,
14529,fine-tuned,
14530,fine-tuned,"Blue,Yellow,Green"
14531,fine-tuned,Red
14532,fine-tuned,Orange
14533,fine-tuned,"Red,Green,Purple"
14534,fine-tuned,
14535,fine-tuned,
14536,fine-tuned,"Red,Blue,Green"
14537,fine-tuned,
14538,fine-tuned,"Red,Blue,Green"
14539,fine-tuned,
14540,fine-tuned,
14541,fine-tuned,"Red,Green,Orange"
14542,fine-tuned,
14543,fine-tuned,
14544,fine-tuned,
14545,fine-tuned,
14546,fine-tuned,
14547,fine-tuned,
14548,fine-tuned,
14549,fine-tuned,"Blue,Blue,Red"
14550,fine-tuned,Green
14551,fine-tuned,
14552,fine-tuned,
14553,fine-tuned,"Blue,Red,Purple"
14554,fine-tuned,
14555,fine-tuned,"Red,Green,Yellow"
14556,fine-tuned,
14557,fine-tuned,"Green,Yellow,Green"
14558,fine-tuned,
14559,fine-tuned,"Green,Purple,Orange"
14560,fine-tuned,
14561,fine-tuned,"Red,Yellow,Blue"
14562,fine-tuned,
14563,fine-tuned,"Red,Yellow"
14564,fine-tuned,
14565,fine-tuned,
14566,fine-tuned,
14567,fine-tuned,
14568,fine-tuned,"Red,Green,Red"
14569,fine-tuned,
14570,fine-tuned,"Blue,Green,Green"
14571,fine-tuned,
14572,fine-tuned,
14573,fine-tuned,
14574,fine-tuned,
14575,fine-tuned,"Green,Orange"
14576,fine-tuned,"Red,Blue,Red"
14577,fine-tuned,"Red,Blue,Red"
14578,fine-tuned,
14579,fine-tuned,
14580,fine-tuned,
14581,fine-tuned,"Red,Green,Yellow"
14582,fine-tuned,
14583,fine-tuned,"Red,Red,Blue"
14584,fine-tuned,
14585,fine-tuned,
14586,fine-tuned,
14587,fine-tuned,
14588,fine-tuned,"Red,Blue,Orange"
14589,fine-tuned,Red
14590,fine-tuned,"Red,Yellow,Orange"
14591,fine-tuned,
14592,fine-tuned,"Red,Blue,Green"
14593,fine-tuned,"Green,Yellow,Purple"
14594,fine-tuned,
14595,fine-tuned,
14596,fine-tuned,
14597,fine-tuned,Blue
14598,fine-tuned,
14599,fine-tuned,"Red,Blue,Yellow"
14600,fine-tuned,
14601,fine-tuned,"Red,Purple,Green"
14602,fine-tuned,"Red,Blue,Yellow"
14603,fine-tuned,
14604,fine-tuned,
14605,fine-tuned,"Red,Yellow,Purple"
14606,fine-tuned,
14607,fine-tuned,"Red,Blue,Green"
14608,fine-tuned,"Red,Blue,Red"
14609,fine-tuned,
14610,fine-tuned,"Red,Green,Red"
14611,fine-tuned,"Green,Red,Purple"
14612,fine-tuned,"Green,Red,Orange"
14613,fine-tuned,
14614,fine-tuned,"Orange,Purple,Yellow"
14615,fine-tuned,"Green,Red,Green"
14616,fine-tuned,"Red,Blue"
14617,fine-tuned,
14618,fine-tuned,"Red,Blue,Green"
14619,fine-tuned,
14620,fine-tuned,"Yellow,Blue,Red"
14621,fine-tuned,
14622,fine-tuned,
14623,fine-tuned,
14624,fine-tuned,"Red,Blue,Green"
14625,fine-tuned,
14626,fine-tuned,
14627,fine-tuned,
14628,fine-tuned,
14629,fine-tuned,"Red,Red,Blue"
14630,fine-tuned,
14631,fine-tuned,
14632,fine-tuned,
14633,fine-tuned,
14634,fine-tuned,"Red,Green,Blue"
14635,fine-tuned,
14636,fine-tuned,
14637,fine-tuned,
14638,fine-tuned,
14639,fine-tuned,
14640,fine-tuned,"Orange,Red"
14641,fine-tuned,"Red,Red,Yellow"
14642,fine-tuned,"Blue,Green,Purple"
14643,fine-tuned,"Blue,Green"
14644,fine-tuned,
14645,fine-tuned,
14646,fine-tuned,
14647,fine-tuned,
14648,fine-tuned,"Red,Blue"
14649,fine-tuned,
14650,fine-tuned,"Red,Blue,Green"
14651,fine-tuned,"Red,Red,Green"
14652,fine-tuned,
14653,fine-tuned,
14654,fine-tuned,
14655,fine-tuned,
14656,fine-tuned,
14657,fine-tuned,"Blue,Red,Orange"
14658,fine-tuned,
14659,fine-tuned,"Red,Yellow,Orange"
14660,fine-tuned,"Red,Blue,Blue"
14661,fine-tuned,"Red,Yellow"
14662,fine-tuned,
14663,fine-tuned,
14664,fine-tuned,
14665,fine-tuned,Red
14666,fine-tuned,
14667,fine-tuned,
14668,fine-tuned,
14669,fine-tuned,
14670,fine-tuned,"Blue,Green,Red"
14671,fine-tuned,
14672,fine-tuned,
14673,fine-tuned,"Red,Blue,Green"
14674,fine-tuned,
14675,fine-tuned,
14676,fine-tuned,
14677,fine-tuned,"Red,Yellow,Red"
14678,fine-tuned,
14679,fine-tuned,
14680,fine-tuned,"Red,Blue,Green"
14681,fine-tuned,
14682,fine-tuned,"Red,Blue,Green"
14683,fine-tuned,"Blue,Red,Orange"
14684,fine-tuned,"Green,Purple"
14685,fine-tuned,
14686,fine-tuned,
14687,fine-tuned,"Red,Green,Yellow"
14688,fine-tuned,
14689,fine-tuned,"Yellow,Blue"
14690,fine-tuned,
14691,fine-tuned,"Red,Blue,Red"
14692,fine-tuned,
14693,fine-tuned,
14694,fine-tuned,
14695,fine-tuned,
14696,fine-tuned,
14697,fine-tuned,Yellow
14698,fine-tuned,"Red,Yellow,Green"
14699,fine-tuned,"Red,Orange,Green"
14700,fine-tuned,"Red,Orange,Yellow"
14701,fine-tuned,
14702,fine-tuned,
14703,fine-tuned,
14704,fine-tuned,"Orange,Red,Yellow"
14705,fine-tuned,
14706,fine-tuned,
14707,fine-tuned,
14708,fine-tuned,Yellow
14709,fine-tuned,
14710,fine-tuned,
14711,fine-tuned,
14712,fine-tuned,"Red,Blue,Green"
14713,fine-tuned,
14714,fine-tuned,
14715,fine-tuned,
14716,fine-tuned,
14717,fine-tuned,"Green,Purple,Blue"
14718,fine-tuned,Red
14719,fine-tuned,"Red,Green,Yellow"
14720,fine-tuned,
14721,fine-tuned,
14722,fine-tuned,"Red,Red,Green"
14723,fine-tuned,"Red,Green,Blue"
14724,fine-tuned,"Red,Green,Yellow"
14725,fine-tuned,
14726,fine-tuned,"Blue,Purple,Red"
14727,fine-tuned,"Red,Blue,Orange"
14728,fine-tuned,
14729,fine-tuned,
14730,fine-tuned,
14731,fine-tuned,
14732,fine-tuned,
14733,fine-tuned,
14734,fine-tuned,
14735,fine-tuned,
14736,fine-tuned,
14737,fine-tuned,"Red,Green"
14738,fine-tuned,"Blue,Red,Purple"
14739,fine-tuned,
14740,fine-tuned,"Yellow,Blue,Green"
14741,fine-tuned,"Red,Red"
14742,fine-tuned,"Red,Orange,Green"
14743,fine-tuned,"Green,Purple"
14744,fine-tuned,
14745,fine-tuned,"Red,Blue,Green"
14746,fine-tuned,
14747,fine-tuned,
14748,fine-tuned,
14749,fine-tuned,
14750,fine-tuned,"Red,Blue,Yellow"
14751,fine-tuned,"Red,Blue,Green"
14752,fine-tuned,
14753,fine-tuned,
14754,fine-tuned,
14755,fine-tuned,Red
14756,fine-tuned,Green
14757,fine-tuned,"Green,Red,Purple"
14758,fine-tuned,
14759,fine-tuned,
14760,fine-tuned,Red
14761,fine-tuned,
14762,fine-tuned,"Blue,Orange,Red"
14763,fine-tuned,
14764,fine-tuned,
14765,fine-tuned,"Red,Blue,Orange"
14766,fine-tuned,"Red,Blue,Green"
14767,fine-tuned,
14768,fine-tuned,"Red,Green,Green"
14769,fine-tuned,"Red,Blue,Yellow"
14770,fine-tuned,
14771,fine-tuned,
14772,fine-tuned,
14773,fine-tuned,"Red,Blue,Orange"
14774,fine-tuned,
14775,fine-tuned,
14776,fine-tuned,"Red,Blue,Green"
14777,fine-tuned,
14778,fine-tuned,"Red,Blue,Blue"
14779,fine-tuned,
14780,fine-tuned,
14781,fine-tuned,
14782,fine-tuned,
14783,fine-tuned,"Yellow,Orange,Purple"
14784,fine-tuned,"Blue,Green,Green"
14785,fine-tuned,"Red,Blue,Green"
14786,fine-tuned,
14787,fine-tuned,"Yellow,Purple,Blue"
14788,fine-tuned,
14789,fine-tuned,"Red,Blue,Yellow"
14790,fine-tuned,
14791,fine-tuned,
14792,fine-tuned,"Red,Yellow,Blue"
14793,fine-tuned,
14794,fine-tuned,"Yellow,Orange,Purple"
14795,fine-tuned,
14796,fine-tuned,"Blue,Yellow,Orange"
14797,fine-tuned,"Red,Red,Blue"
14798,fine-tuned,
14799,fine-tuned,"Red,Green,Blue"
14800,fine-tuned,
14801,fine-tuned,
14802,fine-tuned,"Red,Blue,Yellow"
14803,fine-tuned,"Red,Blue,Blue"
14804,fine-tuned,
14805,fine-tuned,
14806,fine-tuned,"Blue,Purple,Yellow"
14807,fine-tuned,"Blue,Green,Yellow"
14808,fine-tuned,
14809,fine-tuned,"Blue,Yellow,Red"
14810,fine-tuned,"Yellow,Green,Yellow"
14811,fine-tuned,
14812,fine-tuned,
14813,fine-tuned,"Red,Blue,Green"
14814,fine-tuned,
14815,fine-tuned,"Red,Blue,Green"
14816,fine-tuned,
14817,fine-tuned,
14818,fine-tuned,"Yellow,Red"
14819,fine-tuned,
14820,fine-tuned,
14821,fine-tuned,
14822,fine-tuned,
14823,fine-tuned,
14824,fine-tuned,"Red,Red,Orange"
14825,fine-tuned,
14826,fine-tuned,
14827,fine-tuned,"Red,Blue,Green"
14828,fine-tuned,
14829,fine-tuned,
14830,fine-tuned,
14831,fine-tuned,"Red,Green,Blue"
14832,fine-tuned,Red
14833,fine-tuned,"Red,Blue,Yellow"
14834,fine-tuned,"Red,Blue,Yellow"
14835,fine-tuned,
14836,fine-tuned,
14837,fine-tuned,"Red,Blue,Green"
14838,fine-tuned,"Blue,Green,Yellow"
14839,fine-tuned,
14840,fine-tuned,"Purple,Blue,Red"
14841,fine-tuned,
14842,fine-tuned,"Blue,Green,Blue"
14843,fine-tuned,"Red,Red,Red"
14844,fine-tuned,
14845,fine-tuned,
14846,fine-tuned,
14847,fine-tuned,"Blue,Green,Yellow"
14848,fine-tuned,
14849,fine-tuned,"Blue,Yellow,Purple"
14850,fine-tuned,"Blue,Yellow"
14851,fine-tuned,
14852,fine-tuned,
14853,fine-tuned,
14854,fine-tuned,
14855,fine-tuned,
14856,fine-tuned,
14857,fine-tuned,"Red,Yellow,Green"
14858,fine-tuned,
14859,fine-tuned,
14860,fine-tuned,
14861,fine-tuned,"Red,Orange,Green"
14862,fine-tuned,
14863,fine-tuned,
14864,fine-tuned,"Blue,Orange,Red"
14865,fine-tuned,Red
14866,fine-tuned,"Red,Green,Red"
14867,fine-tuned,
14868,fine-tuned,
14869,fine-tuned,
14870,fine-tuned,"Red,Blue,Yellow"
14871,fine-tuned,
14872,fine-tuned,
14873,fine-tuned,
14874,fine-tuned,"Yellow,Red,Green"
14875,fine-tuned,"Green,Blue,Yellow"
14876,fine-tuned,"Blue,Purple"
14877,fine-tuned,"Red,Blue,Green"
14878,fine-tuned,
14879,fine-tuned,
14880,fine-tuned,
14881,fine-tuned,"Orange,Green,Red"
14882,fine-tuned,
14883,fine-tuned,"Red,Yellow"
14884,fine-tuned,
14885,fine-tuned,"Red,Orange,Blue"
14886,fine-tuned,"Red,Yellow,Green"
14887,fine-tuned,
14888,fine-tuned,
14889,fine-tuned,
14890,fine-tuned,
14891,fine-tuned,"Red,Green,Blue"
14892,fine-tuned,"Red,Green,Purple"
14893,fine-tuned,
14894,fine-tuned,"Red,Yellow"
14895,fine-tuned,
14896,fine-tuned,
14897,fine-tuned,
14898,fine-tuned,
14899,fine-tuned,
14900,fine-tuned,
14901,fine-tuned,
14902,fine-tuned,
14903,fine-tuned,
14904,fine-tuned,
14905,fine-tuned,"Red,Red,Blue"
14906,fine-tuned,"Red,Red,Blue"
14907,fine-tuned,"Red,Blue,Purple"
14908,fine-tuned,
14909,fine-tuned,
14910,fine-tuned,"Yellow,Blue"
14911,fine-tuned,
14912,fine-tuned,
14913,fine-tuned,
14914,fine-tuned,"Red,Yellow,Blue"
14915,fine-tuned,
14916,fine-tuned,
14917,fine-tuned,"Blue,Green,Orange"
14918,fine-tuned,
14919,fine-tuned,
14920,fine-tuned,
14921,fine-tuned,"Blue,Orange,Blue"
14922,fine-tuned,
14923,fine-tuned,
14924,fine-tuned,
14925,fine-tuned,
14926,fine-tuned,
14927,fine-tuned,"Red,Blue,Red"
14928,fine-tuned,
14929,fine-tuned,
14930,fine-tuned,
14931,fine-tuned,
14932,fine-tuned,
14933,fine-tuned,"Red,Green,Yellow"
14934,fine-tuned,"Purple,Blue,Red"
14935,fine-tuned,
14936,fine-tuned,"Red,Green,Blue"
14937,fine-tuned,Red
14938,fine-tuned,
14939,fine-tuned,"Red,Orange,Green"
14940,fine-tuned,"Red,Blue,Orange"
14941,fine-tuned,"Red,Blue,Green"
14942,fine-tuned,
14943,fine-tuned,Blue
14944,fine-tuned,
14945,fine-tuned,
14946,fine-tuned,"Red,Green,Yellow"
14947,fine-tuned,
14948,fine-tuned,
14949,fine-tuned,
14950,fine-tuned,
14951,fine-tuned,
14952,fine-tuned,
14953,fine-tuned,Blue
14954,fine-tuned,"Red,Green,Blue"
14955,fine-tuned,"Red,Green,Purple"
14956,fine-tuned,
14957,fine-tuned,
14958,fine-tuned,
14959,fine-tuned,
14960,fine-tuned,
14961,fine-tuned,
14962,fine-tuned,
14963,fine-tuned,
14964,fine-tuned,
14965,fine-tuned,"Red,Blue,Yellow"
14966,fine-tuned,
14967,fine-tuned,
14968,fine-tuned,
14969,fine-tuned,"Red,Green,Purple"
14970,fine-tuned,Red
14971,fine-tuned,
14972,fine-tuned,"Green,Red,Purple"
14973,fine-tuned,"Red,Red,Red"
14974,fine-tuned,"Red,Green,Orange"
14975,fine-tuned,
14976,fine-tuned,Green
14977,fine-tuned,
14978,fine-tuned,
14979,fine-tuned,"Red,Red,Red"
14980,fine-tuned,
14981,fine-tuned,
14982,fine-tuned,
14983,fine-tuned,
14984,fine-tuned,"Blue,Orange,Yellow"
14985,fine-tuned,
14986,fine-tuned,
14987,fine-tuned,"Red,Blue,Yellow"
14988,fine-tuned,
14989,fine-tuned,
14990,fine-tuned,
14991,fine-tuned,"Red,Yellow,Green"
14992,fine-tuned,"Red,Blue,Green"
14993,fine-tuned,
14994,fine-tuned,
14995,fine-tuned,"Red,Red,Red"
14996,fine-tuned,
14997,fine-tuned,"Blue,Green"
14998,fine-tuned,
14999,fine-tuned,"Blue,Red"
15000,fine-tuned,"Yellow,Blue,Orange"
15001,fine-tuned,
15002,fine-tuned,"Blue,Green,Red"
15003,fine-tuned,
15004,fine-tuned,
15005,fine-tuned,
15006,fine-tuned,Red
15007,fine-tuned,
15008,fine-tuned,
15009,fine-tuned,"Red,Blue,Green"
15010,fine-tuned,"Red,Blue,Orange"
15011,fine-tuned,
15012,fine-tuned,
15013,fine-tuned,"Red,Blue,Green"
15014,fine-tuned,"Red,Green,Yellow"
15015,fine-tuned,"Blue,Purple,Green"
15016,fine-tuned,
15017,fine-tuned,
15018,fine-tuned,
15019,fine-tuned,"Red,Green"
15020,fine-tuned,"Red,Blue,Yellow"
15021,fine-tuned,
15022,fine-tuned,"Green,Blue,Blue"
15023,fine-tuned,
15024,fine-tuned,"Red,Blue,Green"
15025,fine-tuned,
15026,fine-tuned,
15027,fine-tuned,
15028,fine-tuned,"Red,Green,Yellow"
15029,fine-tuned,
15030,fine-tuned,
15031,fine-tuned,"Purple,Blue,Yellow"
15032,fine-tuned,
15033,fine-tuned,
15034,fine-tuned,"Red,Green,Purple"
15035,fine-tuned,"Green,Orange,Blue"
15036,fine-tuned,
15037,fine-tuned,"Red,Blue,Blue"
15038,fine-tuned,"Green,Orange,Purple"
15039,fine-tuned,Red
15040,fine-tuned,
15041,fine-tuned,
15042,fine-tuned,
15043,fine-tuned,
15044,fine-tuned,
15045,fine-tuned,
15046,fine-tuned,
15047,fine-tuned,
15048,fine-tuned,
15049,fine-tuned,
15050,fine-tuned,"Red,Orange,Yellow"
15051,fine-tuned,
15052,fine-tuned,
15053,fine-tuned,"Red,Blue,Yellow"
15054,fine-tuned,
15055,fine-tuned,
15056,fine-tuned,
15057,fine-tuned,"Purple,Green,Blue"
15058,fine-tuned,"Blue,Green"
15059,fine-tuned,
15060,fine-tuned,
15061,fine-tuned,
15062,fine-tuned,
15063,fine-tuned,"Red,Blue,Orange"
15064,fine-tuned,"Red,Green,Yellow"
15065,fine-tuned,"Purple,Orange,Red"
15066,fine-tuned,
15067,fine-tuned,
15068,fine-tuned,"Red,Blue,Green"
15069,fine-tuned,
15070,fine-tuned,"Blue,Orange,Red"
15071,fine-tuned,
15072,fine-tuned,"Red,Blue,Green"
15073,fine-tuned,
15074,fine-tuned,Red
15075,fine-tuned,"Red,Blue,Orange"
15076,fine-tuned,
15077,fine-tuned,
15078,fine-tuned,
15079,fine-tuned,
15080,fine-tuned,"Red,Yellow,Purple"
15081,fine-tuned,
15082,fine-tuned,"Red,Blue,Green"
15083,fine-tuned,"Red,Blue,Green"
15084,fine-tuned,
15085,fine-tuned,"Orange,Orange"
15086,fine-tuned,"Red,Blue,Green"
15087,fine-tuned,Red
15088,fine-tuned,"Red,Yellow,Green"
15089,fine-tuned,
15090,fine-tuned,"Red,Green"
15091,fine-tuned,"Red,Blue"
15092,fine-tuned,
15093,fine-tuned,"Blue,Orange,Purple"
15094,fine-tuned,
15095,fine-tuned,"Red,Blue"
15096,fine-tuned,
15097,fine-tuned,
15098,fine-tuned,
15099,fine-tuned,"Red,Blue,Orange"
15100,fine-tuned,
15101,fine-tuned,
15102,fine-tuned,"Blue,Orange,Purple"
15103,fine-tuned,
15104,fine-tuned,
15105,fine-tuned,
15106,fine-tuned,
15107,fine-tuned,"Purple,Green,Red"
15108,fine-tuned,"Orange,Blue,Green"
15109,fine-tuned,
15110,fine-tuned,"Red,Yellow,Blue"
15111,fine-tuned,
15112,fine-tuned,
15113,fine-tuned,
15114,fine-tuned,
15115,fine-tuned,
15116,fine-tuned,
15117,fine-tuned,"Red,Blue,Green"
15118,fine-tuned,
15119,fine-tuned,"Red,Yellow,Blue"
15120,fine-tuned,
15121,fine-tuned,
15122,fine-tuned,
15123,fine-tuned,
15124,fine-tuned,
15125,fine-tuned,"Red,Green,Orange"
15126,fine-tuned,
15127,fine-tuned,
15128,fine-tuned,
15129,fine-tuned,
15130,fine-tuned,"Green,Blue,Yellow"
15131,fine-tuned,Red
15132,fine-tuned,
15133,fine-tuned,"Red,Yellow,Orange"
15134,fine-tuned,"Blue,Orange,Green"
15135,fine-tuned,
15136,fine-tuned,"Yellow,Orange"
15137,fine-tuned,"Red,Blue,Green"
15138,fine-tuned,
15139,fine-tuned,
15140,fine-tuned,
15141,fine-tuned,"Red,Green,Blue"
15142,fine-tuned,"Red,Blue,Green"
15143,fine-tuned,
15144,fine-tuned,
15145,fine-tuned,Green
15146,fine-tuned,
15147,fine-tuned,
15148,fine-tuned,
15149,fine-tuned,
15150,fine-tuned,
15151,fine-tuned,"Green,Yellow,Orange"
15152,fine-tuned,"Red,Blue,Green"
15153,fine-tuned,
15154,fine-tuned,
15155,fine-tuned,
15156,fine-tuned,
15157,fine-tuned,
15158,fine-tuned,
15159,fine-tuned,
15160,fine-tuned,Red
15161,fine-tuned,
15162,fine-tuned,"Red,Yellow,Green"
15163,fine-tuned,"Red,Red"
15164,fine-tuned,
15165,fine-tuned,Red
15166,fine-tuned,
15167,fine-tuned,
15168,fine-tuned,
15169,fine-tuned,
15170,fine-tuned,"Blue,Orange,Yellow"
15171,fine-tuned,
15172,fine-tuned,
15173,fine-tuned,"Red,Blue,Green"
15174,fine-tuned,"Red,Blue,Purple"
15175,fine-tuned,"Red,Blue,Green"
15176,fine-tuned,
15177,fine-tuned,"Red,Green,Orange"
15178,fine-tuned,
15179,fine-tuned,
15180,fine-tuned,
15181,fine-tuned,
15182,fine-tuned,
15183,fine-tuned,
15184,fine-tuned,"Red,Blue,Green"
15185,fine-tuned,
15186,fine-tuned,Red
15187,fine-tuned,"Red,Blue"
15188,fine-tuned,
15189,fine-tuned,"Red,Blue,Green"
15190,fine-tuned,"Green,Blue,Yellow"
15191,fine-tuned,"Red,Yellow,Purple"
15192,fine-tuned,
15193,fine-tuned,"Green,Red,Orange"
15194,fine-tuned,Red
15195,fine-tuned,
15196,fine-tuned,
15197,fine-tuned,"Red,Blue,Green"
15198,fine-tuned,Red
15199,fine-tuned,
15200,fine-tuned,"Red,Blue,Orange"
15201,fine-tuned,
15202,fine-tuned,"Red,Orange,Purple"
15203,fine-tuned,
15204,fine-tuned,
15205,fine-tuned,
15206,fine-tuned,"Yellow,Purple"
15207,fine-tuned,
15208,fine-tuned,
15209,fine-tuned,"Red,Blue,Purple"
15210,fine-tuned,
15211,fine-tuned,
15212,fine-tuned,"Purple,Red,Yellow"
15213,fine-tuned,"Blue,Green,Purple"
15214,fine-tuned,
15215,fine-tuned,
15216,fine-tuned,
15217,fine-tuned,
15218,fine-tuned,"Blue,Green,Orange"
15219,fine-tuned,"Yellow,Green,Yellow"
15220,fine-tuned,
15221,fine-tuned,
15222,fine-tuned,
15223,fine-tuned,"Red,Red,Red"
15224,fine-tuned,
15225,fine-tuned,
15226,fine-tuned,"Purple,Orange,Green"
15227,fine-tuned,
15228,fine-tuned,
15229,fine-tuned,
15230,fine-tuned,"Red,Green,Blue"
15231,fine-tuned,"Red,Green,Orange"
15232,fine-tuned,
15233,fine-tuned,
15234,fine-tuned,
15235,fine-tuned,
15236,fine-tuned,"Red,Green"
15237,fine-tuned,"Red,Blue,Green"
15238,fine-tuned,
15239,fine-tuned,"Red,Green,Yellow"
15240,fine-tuned,
15241,fine-tuned,"Red,Blue,Green"
15242,fine-tuned,
15243,fine-tuned,
15244,fine-tuned,"Yellow,Green,Red"
15245,fine-tuned,
15246,fine-tuned,"Red,Yellow,Blue"
15247,fine-tuned,
15248,fine-tuned,
15249,fine-tuned,
15250,fine-tuned,
15251,fine-tuned,
15252,fine-tuned,
15253,fine-tuned,
15254,fine-tuned,
15255,fine-tuned,
15256,fine-tuned,
15257,fine-tuned,
15258,fine-tuned,
15259,fine-tuned,
15260,fine-tuned,
15261,fine-tuned,
15262,fine-tuned,
15263,fine-tuned,"Red,Blue,Yellow"
15264,fine-tuned,
15265,fine-tuned,
15266,fine-tuned,
15267,fine-tuned,"Red,Blue,Green"
15268,fine-tuned,
15269,fine-tuned,
15270,fine-tuned,"Red,Blue"
15271,fine-tuned,"Red,Blue,Green"
15272,fine-tuned,
15273,fine-tuned,"Blue,Green"
15274,fine-tuned,
15275,fine-tuned,
15276,fine-tuned,
15277,fine-tuned,"Red,Yellow,Red"
15278,fine-tuned,
15279,fine-tuned,
15280,fine-tuned,
15281,fine-tuned,
15282,fine-tuned,
15283,fine-tuned,"Orange,Green"
15284,fine-tuned,Blue
15285,fine-tuned,
15286,fine-tuned,
15287,fine-tuned,
15288,fine-tuned,
15289,fine-tuned,
15290,fine-tuned,"Red,Green,Orange"
15291,fine-tuned,"Yellow,Green,Blue"
15292,fine-tuned,"Red,Purple,Purple"
15293,fine-tuned,
15294,fine-tuned,
15295,fine-tuned,
15296,fine-tuned,
15297,fine-tuned,"Red,Purple"
15298,fine-tuned,
15299,fine-tuned,
15300,fine-tuned,"Red,Green,Blue"
15301,fine-tuned,
15302,fine-tuned,
15303,fine-tuned,
15304,fine-tuned,
15305,fine-tuned,
15306,fine-tuned,"Red,Blue,Green"
15307,fine-tuned,
15308,fine-tuned,
15309,fine-tuned,"Red,Blue"
15310,fine-tuned,"Red,Red,Purple"
15311,fine-tuned,
15312,fine-tuned,
15313,fine-tuned,
15314,fine-tuned,
15315,fine-tuned,
15316,fine-tuned,"Red,Green,Purple"
15317,fine-tuned,"Red,Green,Purple"
15318,fine-tuned,"Red,Blue,Yellow"
15319,fine-tuned,
15320,fine-tuned,
15321,fine-tuned,"Red,Yellow,Blue"
15322,fine-tuned,Red
15323,fine-tuned,"Blue,Red,Yellow"
15324,fine-tuned,"Purple,Blue,Red"
15325,fine-tuned,
15326,fine-tuned,
15327,fine-tuned,"Red,Blue,Green"
15328,fine-tuned,
15329,fine-tuned,"Orange,Yellow,Green"
15330,fine-tuned,
15331,fine-tuned,
15332,fine-tuned,"Red,Blue,Yellow"
15333,fine-tuned,
15334,fine-tuned,"Green,Red,Red"
15335,fine-tuned,"Red,Blue,Yellow"
15336,fine-tuned,"Red,Blue,Purple"
15337,fine-tuned,
15338,fine-tuned,Red
15339,fine-tuned,"Green,Blue,Red"
15340,fine-tuned,
15341,fine-tuned,"Red,Blue,Purple"
15342,fine-tuned,"Red,Blue,Green"
15343,fine-tuned,"Blue,Green"
15344,fine-tuned,
15345,fine-tuned,
15346,fine-tuned,Red
15347,fine-tuned,"Blue,Green,Yellow"
15348,fine-tuned,
15349,fine-tuned,
15350,fine-tuned,
15351,fine-tuned,
15352,fine-tuned,
15353,fine-tuned,"Orange,Yellow,Green"
15354,fine-tuned,"Red,Green,Yellow"
15355,fine-tuned,
15356,fine-tuned,"Blue,Blue,Yellow"
15357,fine-tuned,"Red,Yellow,Green"
15358,fine-tuned,
15359,fine-tuned,
15360,fine-tuned,
15361,fine-tuned,
15362,fine-tuned,"Red,Yellow,Red"
15363,fine-tuned,"Blue,Orange,Yellow"
15364,fine-tuned,
15365,fine-tuned,"Red,Blue,Green"
15366,fine-tuned,
15367,fine-tuned,
15368,fine-tuned,Red
15369,fine-tuned,
15370,fine-tuned,
15371,fine-tuned,
15372,fine-tuned,
15373,fine-tuned,
15374,fine-tuned,"Red,Blue,Blue"
15375,fine-tuned,"Yellow,Red"
15376,fine-tuned,Blue
15377,fine-tuned,
15378,fine-tuned,
15379,fine-tuned,"Purple,Yellow,Green"
15380,fine-tuned,
15381,fine-tuned,
15382,fine-tuned,
15383,fine-tuned,"Red,Blue,Green"
15384,fine-tuned,
15385,fine-tuned,
15386,fine-tuned,
15387,fine-tuned,
15388,fine-tuned,"Red,Green,Orange"
15389,fine-tuned,"Red,Purple,Yellow"
15390,fine-tuned,
15391,fine-tuned,"Blue,Yellow,Orange"
15392,fine-tuned,
15393,fine-tuned,
15394,fine-tuned,"Red,Blue,Green"
15395,fine-tuned,"Green,Red,Blue"
15396,fine-tuned,
15397,fine-tuned,"Red,Green,Blue"
15398,fine-tuned,
15399,fine-tuned,"Red,Green,Blue"
15400,fine-tuned,
15401,fine-tuned,"Red,Yellow,Orange"
15402,fine-tuned,"Green,Yellow,Red"
15403,fine-tuned,
15404,fine-tuned,"Red,Orange,Red"
15405,fine-tuned,
15406,fine-tuned,
15407,fine-tuned,"Yellow,Purple,Yellow"
15408,fine-tuned,
15409,fine-tuned,Green
15410,fine-tuned,
15411,fine-tuned,"Red,Yellow,Purple"
15412,fine-tuned,
15413,fine-tuned,"Red,Yellow,Blue"
15414,fine-tuned,"Blue,Red,Yellow"
15415,fine-tuned,Red
15416,fine-tuned,
15417,fine-tuned,"Red,Blue,Yellow"
15418,fine-tuned,
15419,fine-tuned,"Red,Green,Orange"
15420,fine-tuned,"Red,Yellow,Orange"
15421,fine-tuned,"Orange,Purple,Blue"
15422,fine-tuned,"Red,Red,Yellow"
15423,fine-tuned,
15424,fine-tuned,
15425,fine-tuned,
15426,fine-tuned,
15427,fine-tuned,
15428,fine-tuned,"Red,Red,Blue"
15429,fine-tuned,
15430,fine-tuned,"Red,Yellow,Purple"
15431,fine-tuned,
15432,fine-tuned,
15433,fine-tuned,
15434,fine-tuned,
15435,fine-tuned,"Orange,Blue,Green"
15436,fine-tuned,"Red,Blue,Purple"
15437,fine-tuned,
15438,fine-tuned,
15439,fine-tuned,
15440,fine-tuned,
15441,fine-tuned,"Red,Blue,Blue"
15442,fine-tuned,"Red,Blue,Yellow"
15443,fine-tuned,
15444,fine-tuned,
15445,fine-tuned,"Red,Blue,Yellow"
15446,fine-tuned,"Green,Purple"
15447,fine-tuned,
15448,fine-tuned,
15449,fine-tuned,"Red,Red,Blue"
15450,fine-tuned,
15451,fine-tuned,
15452,fine-tuned,"Red,Blue,Red"
15453,fine-tuned,
15454,fine-tuned,"Red,Green,Yellow"
15455,fine-tuned,
15456,fine-tuned,
15457,fine-tuned,"Red,Yellow,Red"
15458,fine-tuned,"Green,Purple,Red"
15459,fine-tuned,
15460,fine-tuned,
15461,fine-tuned,"Yellow,Green,Orange"
15462,fine-tuned,
15463,fine-tuned,"Red,Blue,Purple"
15464,fine-tuned,"Red,Blue"
15465,fine-tuned,
15466,fine-tuned,
15467,fine-tuned,
15468,fine-tuned,"Red,Purple,Blue"
15469,fine-tuned,
15470,fine-tuned,"Red,Yellow,Purple"
15471,fine-tuned,
15472,fine-tuned,
15473,fine-tuned,"Blue,Yellow,Green"
15474,fine-tuned,
15475,fine-tuned,
15476,fine-tuned,"Red,Yellow,Purple"
15477,fine-tuned,"Red,Green,Yellow"
15478,fine-tuned,
15479,fine-tuned,"Blue,Green"
15480,fine-tuned,"Red,Red,Green"
15481,fine-tuned,"Green,Red,Blue"
15482,fine-tuned,"Red,Yellow,Green"
15483,fine-tuned,"Red,Orange,Blue"
15484,fine-tuned,"Red,Blue,Red"
15485,fine-tuned,
15486,fine-tuned,
15487,fine-tuned,
15488,fine-tuned,
15489,fine-tuned,
15490,fine-tuned,Red
15491,fine-tuned,"Purple,Red,Orange"
15492,fine-tuned,"Green,Red,Green"
15493,fine-tuned,"Red,Red,Green"
15494,fine-tuned,"Red,Blue,Purple"
15495,fine-tuned,"Red,Purple,Blue"
15496,fine-tuned,"Red,Purple,Green"
15497,fine-tuned,"Red,Blue"
15498,fine-tuned,"Red,Purple,Red"
15499,fine-tuned,"Red,Blue,Green"
15500,fine-tuned,
15501,fine-tuned,
15502,fine-tuned,"Red,Blue,Yellow"
15503,fine-tuned,"Red,Yellow,Green"
15504,fine-tuned,
15505,fine-tuned,
15506,fine-tuned,
15507,fine-tuned,
15508,fine-tuned,"Yellow,Red,Blue"
15509,fine-tuned,"Yellow,Green,Purple"
15510,fine-tuned,
15511,fine-tuned,"Red,Blue,Green"
15512,fine-tuned,
15513,fine-tuned,
15514,fine-tuned,
15515,fine-tuned,
15516,fine-tuned,
15517,fine-tuned,
15518,fine-tuned,Yellow
15519,fine-tuned,"Blue,Purple,Red"
15520,fine-tuned,"Red,Blue,Green"
15521,fine-tuned,Purple
15522,fine-tuned,
15523,fine-tuned,
15524,fine-tuned,
15525,fine-tuned,"Orange,Blue,Red"
15526,fine-tuned,"Red,Yellow,Green"
15527,fine-tuned,
15528,fine-tuned,
15529,fine-tuned,
15530,fine-tuned,
15531,fine-tuned,
15532,fine-tuned,
15533,fine-tuned,"Red,Green,Blue"
15534,fine-tuned,
15535,fine-tuned,"Red,Blue,Green"
15536,fine-tuned,
15537,fine-tuned,
15538,fine-tuned,
15539,fine-tuned,
15540,fine-tuned,
15541,fine-tuned,
15542,fine-tuned,"Red,Blue"
15543,fine-tuned,"Blue,Yellow,Orange"
15544,fine-tuned,
15545,fine-tuned,
15546,fine-tuned,
15547,fine-tuned,
15548,fine-tuned,"Green,Purple,Green"
15549,fine-tuned,"Red,Red,Red"
15550,fine-tuned,
15551,fine-tuned,
15552,fine-tuned,
15553,fine-tuned,
15554,fine-tuned,
15555,fine-tuned,"Blue,Green,Blue"
15556,fine-tuned,
15557,fine-tuned,
15558,fine-tuned,"Red,Orange,Purple"
15559,fine-tuned,
15560,fine-tuned,"Red,Blue,Red"
15561,fine-tuned,Red
15562,fine-tuned,"Blue,Purple,Red"
15563,fine-tuned,
15564,fine-tuned,"Red,Green,Orange"
15565,fine-tuned,"Purple,Red,Blue"
15566,fine-tuned,
15567,fine-tuned,
15568,fine-tuned,
15569,fine-tuned,
15570,fine-tuned,Orange
15571,fine-tuned,"Red,Green,Blue"
15572,fine-tuned,"Red,Green,Blue"
15573,fine-tuned,"Orange,Yellow"
15574,fine-tuned,
15575,fine-tuned,
15576,fine-tuned,"Red,Blue,Green"
15577,fine-tuned,"Red,Green,Orange"
15578,fine-tuned,"Red,Green,Red"
15579,fine-tuned,
15580,fine-tuned,"Red,Blue,Yellow"
15581,fine-tuned,
15582,fine-tuned,"Purple,Blue"
15583,fine-tuned,
15584,fine-tuned,
15585,fine-tuned,"Red,Yellow,Red"
15586,fine-tuned,"Green,Red,Blue"
15587,fine-tuned,
15588,fine-tuned,"Red,Green,Purple"
15589,fine-tuned,"Red,Blue,Blue"
15590,fine-tuned,"Blue,Red,Yellow"
15591,fine-tuned,"Green,Red,Yellow"
15592,fine-tuned,
15593,fine-tuned,
15594,fine-tuned,
15595,fine-tuned,
15596,fine-tuned,"Green,Blue,Yellow"
15597,fine-tuned,"Red,Blue,Yellow"
15598,fine-tuned,"Red,Purple"
15599,fine-tuned,
15600,fine-tuned,
15601,fine-tuned,Blue
15602,fine-tuned,Red
15603,fine-tuned,"Red,Blue,Purple"
15604,fine-tuned,
15605,fine-tuned,"Green,Red,Yellow"
15606,fine-tuned,
15607,fine-tuned,
15608,fine-tuned,"Green,Red,Orange"
15609,fine-tuned,
15610,fine-tuned,
15611,fine-tuned,"Red,Red,Red"
15612,fine-tuned,
15613,fine-tuned,
15614,fine-tuned,
15615,fine-tuned,"Blue,Green,Red"
15616,fine-tuned,
15617,fine-tuned,"Red,Red,Blue"
15618,fine-tuned,
15619,fine-tuned,Red
15620,fine-tuned,"Red,Blue,Green"
15621,fine-tuned,
15622,fine-tuned,
15623,fine-tuned,
15624,fine-tuned,"Red,Green,Orange"
15625,fine-tuned,
15626,fine-tuned,"Red,Green,Red"
15627,fine-tuned,
15628,fine-tuned,Yellow
15629,fine-tuned,
15630,fine-tuned,"Red,Blue"
15631,fine-tuned,
15632,fine-tuned,"Yellow,Red,Blue"
15633,fine-tuned,
15634,fine-tuned,"Orange,Red,Purple"
15635,fine-tuned,"Red,Green,Yellow"
15636,fine-tuned,"Red,Red"
15637,fine-tuned,
15638,fine-tuned,"Blue,Blue,Green"
15639,fine-tuned,
15640,fine-tuned,"Red,Green"
15641,fine-tuned,"Red,Blue,Yellow"
15642,fine-tuned,Red
15643,fine-tuned,"Green,Blue"
15644,fine-tuned,
15645,fine-tuned,
15646,fine-tuned,
15647,fine-tuned,"Red,Orange,Green"
15648,fine-tuned,
15649,fine-tuned,
15650,fine-tuned,
15651,fine-tuned,
15652,fine-tuned,"Red,Blue,Green"
15653,fine-tuned,
15654,fine-tuned,
15655,fine-tuned,
15656,fine-tuned,
15657,fine-tuned,"Red,Blue,Green"
15658,fine-tuned,
15659,fine-tuned,
15660,fine-tuned,"Red,Blue,Green"
15661,fine-tuned,
15662,fine-tuned,"Red,Red,Blue"
15663,fine-tuned,
15664,fine-tuned,
15665,fine-tuned,
15666,fine-tuned,
15667,fine-tuned,"Green,Blue"
15668,fine-tuned,
15669,fine-tuned,"Red,Green,Red"
15670,fine-tuned,
15671,fine-tuned,"Green,Yellow,Red"
15672,fine-tuned,
15673,fine-tuned,"Red,Green,Purple"
15674,fine-tuned,
15675,fine-tuned,"Red,Green"
15676,fine-tuned,
15677,fine-tuned,"Blue,Red,Green"
15678,fine-tuned,
15679,fine-tuned,"Red,Orange"
15680,fine-tuned,
15681,fine-tuned,
15682,fine-tuned,
15683,fine-tuned,
15684,fine-tuned,Green
15685,fine-tuned,
15686,fine-tuned,"Yellow,Green,Red"
15687,fine-tuned,
15688,fine-tuned,Red
15689,fine-tuned,
15690,fine-tuned,Red
15691,fine-tuned,
15692,fine-tuned,
15693,fine-tuned,
15694,fine-tuned,Green
15695,fine-tuned,"Red,Blue,Blue"
15696,fine-tuned,
15697,fine-tuned,
15698,fine-tuned,
15699,fine-tuned,"Red,Yellow,Green"
15700,fine-tuned,
15701,fine-tuned,
15702,fine-tuned,
15703,fine-tuned,
15704,fine-tuned,"Red,Red,Red"
15705,fine-tuned,
15706,fine-tuned,
15707,fine-tuned,
15708,fine-tuned,
15709,fine-tuned,"Red,Blue,Blue"
15710,fine-tuned,"Red,Blue,Green"
15711,fine-tuned,"Red,Red,Blue"
15712,fine-tuned,
15713,fine-tuned,
15714,fine-tuned,"Orange,Blue,Red"
15715,fine-tuned,"Green,Yellow,Red"
15716,fine-tuned,"Red,Blue,Yellow"
15717,fine-tuned,
15718,fine-tuned,
15719,fine-tuned,"Red,Yellow,Orange"
15720,fine-tuned,"Blue,Green,Yellow"
15721,fine-tuned,"Green,Red,Blue"
15722,fine-tuned,"Red,Blue,Green"
15723,fine-tuned,
15724,fine-tuned,
15725,fine-tuned,"Red,Blue,Orange"
15726,fine-tuned,
15727,fine-tuned,
15728,fine-tuned,"Red,Orange,Red"
15729,fine-tuned,
15730,fine-tuned,"Red,Blue,Yellow"
15731,fine-tuned,"Red,Green,Purple"
15732,fine-tuned,
15733,fine-tuned,
15734,fine-tuned,
15735,fine-tuned,
15736,fine-tuned,
15737,fine-tuned,
15738,fine-tuned,"Red,Yellow,Blue"
15739,fine-tuned,"Red,Green,Red"
15740,fine-tuned,"Purple,Purple"
15741,fine-tuned,"Red,Yellow,Orange"
15742,fine-tuned,
15743,fine-tuned,
15744,fine-tuned,"Red,Green"
15745,fine-tuned,
15746,fine-tuned,
15747,fine-tuned,"Red,Yellow,Purple"
15748,fine-tuned,"Red,Yellow,Purple"
15749,fine-tuned,"Yellow,Blue,Purple"
15750,fine-tuned,
15751,fine-tuned,"Red,Blue,Green"
15752,fine-tuned,"Red,Yellow,Purple"
15753,fine-tuned,"Red,Purple,Orange"
15754,fine-tuned,"Green,Yellow,Blue"
15755,fine-tuned,"Red,Blue,Orange"
15756,fine-tuned,
15757,fine-tuned,
15758,fine-tuned,"Red,Green,Green"
15759,fine-tuned,"Red,Blue,Yellow"
15760,fine-tuned,
15761,fine-tuned,
15762,fine-tuned,
15763,fine-tuned,
15764,fine-tuned,
15765,fine-tuned,
15766,fine-tuned,
15767,fine-tuned,"Red,Yellow,Green"
15768,fine-tuned,"Red,Blue,Green"
15769,fine-tuned,
15770,fine-tuned,"Red,Green,Red"
15771,fine-tuned,
15772,fine-tuned,"Blue,Red"
15773,fine-tuned,"Blue,Orange,Purple"
15774,fine-tuned,"Green,Green,Purple"
15775,fine-tuned,"Blue,Red,Yellow"
15776,fine-tuned,"Red,Blue,Green"
15777,fine-tuned,
15778,fine-tuned,
15779,fine-tuned,"Red,Blue,Green"
15780,fine-tuned,
15781,fine-tuned,
15782,fine-tuned,
15783,fine-tuned,"Red,Blue,Yellow"
15784,fine-tuned,
15785,fine-tuned,
15786,fine-tuned,
15787,fine-tuned,
15788,fine-tuned,Blue
15789,fine-tuned,
15790,fine-tuned,"Blue,Yellow,Green"
15791,fine-tuned,
15792,fine-tuned,"Yellow,Green,Blue"
15793,fine-tuned,
15794,fine-tuned,"Blue,Orange,Yellow"
15795,fine-tuned,
15796,fine-tuned,"Red,Green,Orange"
15797,fine-tuned,
15798,fine-tuned,
15799,fine-tuned,
15800,fine-tuned,
15801,fine-tuned,Red
15802,fine-tuned,Red
15803,fine-tuned,"Red,Orange,Green"
15804,fine-tuned,"Red,Red,Yellow"
15805,fine-tuned,"Red,Blue,Yellow"
15806,fine-tuned,
15807,fine-tuned,
15808,fine-tuned,
15809,fine-tuned,
15810,fine-tuned,
15811,fine-tuned,"Green,Blue"
15812,fine-tuned,
15813,fine-tuned,"Red,Red,Orange"
15814,fine-tuned,
15815,fine-tuned,
15816,fine-tuned,
15817,fine-tuned,"Blue,Purple,Red"
15818,fine-tuned,
15819,fine-tuned,
15820,fine-tuned,
15821,fine-tuned,
15822,fine-tuned,"Red,Red,Green"
15823,fine-tuned,
15824,fine-tuned,
15825,fine-tuned,
15826,fine-tuned,"Red,Blue"
15827,fine-tuned,
15828,fine-tuned,
15829,fine-tuned,
15830,fine-tuned,
15831,fine-tuned,
15832,fine-tuned,"Purple,Yellow,Red"
15833,fine-tuned,Red
15834,fine-tuned,"Blue,Purple,Green"
15835,fine-tuned,
15836,fine-tuned,
15837,fine-tuned,
15838,fine-tuned,
15839,fine-tuned,
15840,fine-tuned,"Red,Red,Blue"
15841,fine-tuned,
15842,fine-tuned,
15843,fine-tuned,
15844,fine-tuned,"Red,Red,Green"
15845,fine-tuned,
15846,fine-tuned,"Red,Blue,Yellow"
15847,fine-tuned,
15848,fine-tuned,"Blue,Red,Red"
15849,fine-tuned,
15850,fine-tuned,
15851,fine-tuned,
15852,fine-tuned,"Orange,Green,Red"
15853,fine-tuned,
15854,fine-tuned,
15855,fine-tuned,
15856,fine-tuned,
15857,fine-tuned,"Red,Orange,Green"
15858,fine-tuned,"Red,Yellow,Red"
15859,fine-tuned,"Purple,Yellow,Orange"
15860,fine-tuned,"Red,Blue,Green"
15861,fine-tuned,
15862,fine-tuned,
15863,fine-tuned,
15864,fine-tuned,Red
15865,fine-tuned,
15866,fine-tuned,"Red,Green,Purple"
15867,fine-tuned,
15868,fine-tuned,Yellow
15869,fine-tuned,
15870,fine-tuned,
15871,fine-tuned,"Red,Green,Yellow"
15872,fine-tuned,
15873,fine-tuned,
15874,fine-tuned,
15875,fine-tuned,
15876,fine-tuned,
15877,fine-tuned,
15878,fine-tuned,
15879,fine-tuned,"Yellow,Red,Orange"
15880,fine-tuned,
15881,fine-tuned,
15882,fine-tuned,"Red,Blue,Purple"
15883,fine-tuned,"Orange,Red,Red"
15884,fine-tuned,
15885,fine-tuned,
15886,fine-tuned,"Red,Blue,Green"
15887,fine-tuned,"Red,Blue"
15888,fine-tuned,"Orange,Green,Green"
15889,fine-tuned,"Red,Blue,Green"
15890,fine-tuned,
15891,fine-tuned,"Red,Yellow,Red"
15892,fine-tuned,
15893,fine-tuned,"Green,Orange,Red"
15894,fine-tuned,
15895,fine-tuned,
15896,fine-tuned,
15897,fine-tuned,"Red,Green,Purple"
15898,fine-tuned,"Blue,Red,Red"
15899,fine-tuned,
15900,fine-tuned,
15901,fine-tuned,
15902,fine-tuned,
15903,fine-tuned,
15904,fine-tuned,
15905,fine-tuned,
15906,fine-tuned,
15907,fine-tuned,Green
15908,fine-tuned,
15909,fine-tuned,
15910,fine-tuned,
15911,fine-tuned,
15912,fine-tuned,"Red,Blue,Blue"
15913,fine-tuned,
15914,fine-tuned,
15915,fine-tuned,"Red,Blue,Green"
15916,fine-tuned,
15917,fine-tuned,
15918,fine-tuned,
15919,fine-tuned,
15920,fine-tuned,
15921,fine-tuned,
15922,fine-tuned,"Red,Red,Green"
15923,fine-tuned,
15924,fine-tuned,
15925,fine-tuned,"Green,Yellow"
15926,fine-tuned,
15927,fine-tuned,
15928,fine-tuned,"Red,Red,Yellow"
15929,fine-tuned,
15930,fine-tuned,"Red,Purple,Blue"
15931,fine-tuned,"Blue,Green,Yellow"
15932,fine-tuned,
15933,fine-tuned,"Red,Blue,Purple"
15934,fine-tuned,
15935,fine-tuned,
15936,fine-tuned,
15937,fine-tuned,
15938,fine-tuned,"Blue,Red,Green"
15939,fine-tuned,Orange
15940,fine-tuned,
15941,fine-tuned,"Blue,Purple"
15942,fine-tuned,
15943,fine-tuned,
15944,fine-tuned,"Red,Blue,Green"
15945,fine-tuned,
15946,fine-tuned,
15947,fine-tuned,
15948,fine-tuned,
15949,fine-tuned,
15950,fine-tuned,"Green,Blue,Red"
15951,fine-tuned,
15952,fine-tuned,"Red,Yellow,Purple"
15953,fine-tuned,
15954,fine-tuned,
15955,fine-tuned,
15956,fine-tuned,
15957,fine-tuned,
15958,fine-tuned,
15959,fine-tuned,
15960,fine-tuned,
15961,fine-tuned,
15962,fine-tuned,"Green,Red,Yellow"
15963,fine-tuned,"Red,Green,Blue"
15964,fine-tuned,
15965,fine-tuned,"Red,Blue,Green"
15966,fine-tuned,
15967,fine-tuned,
15968,fine-tuned,
15969,fine-tuned,"Green,Blue,Red"
15970,fine-tuned,"Red,Red,Green"
15971,fine-tuned,"Red,Red,Blue"
15972,fine-tuned,
15973,fine-tuned,"Green,Purple,Orange"
15974,fine-tuned,
15975,fine-tuned,"Red,Red"
15976,fine-tuned,
15977,fine-tuned,
15978,fine-tuned,
15979,fine-tuned,
15980,fine-tuned,
15981,fine-tuned,
15982,fine-tuned,"Blue,Yellow,Green"
15983,fine-tuned,
15984,fine-tuned,"Blue,Red,Red"
15985,fine-tuned,"Red,Blue"
15986,fine-tuned,"Orange,Red,Yellow"
15987,fine-tuned,"Red,Blue,Green"
15988,fine-tuned,
15989,fine-tuned,
15990,fine-tuned,
15991,fine-tuned,Red
15992,fine-tuned,
15993,fine-tuned,
15994,fine-tuned,"Red,Blue,Blue"
15995,fine-tuned,"Red,Blue,Orange"
15996,fine-tuned,
15997,fine-tuned,
15998,fine-tuned,
15999,fine-tuned,
16000,fine-tuned,
