Run,Model Type,Extracted Numbers
1,fine-tuned,
2,fine-tuned,"3,1,3"
3,fine-tuned,"3,4,5"
4,fine-tuned,"5,5,5"
5,fine-tuned,"1,4,2"
6,fine-tuned,"3,5,3"
7,fine-tuned,
8,fine-tuned,
9,fine-tuned,"6,6,6"
10,fine-tuned,"1,2,5"
11,fine-tuned,
12,fine-tuned,"3,5,5"
13,fine-tuned,"2,1,6"
14,fine-tuned,"1,4,6"
15,fine-tuned,"5,1,1"
16,fine-tuned,
17,fine-tuned,"5,2,2"
18,fine-tuned,
19,fine-tuned,
20,fine-tuned,"5,1,5"
21,fine-tuned,
22,fine-tuned,"3,6,6"
23,fine-tuned,
24,fine-tuned,"6,2,2"
25,fine-tuned,"4,2,3"
26,fine-tuned,"5,6,3"
27,fine-tuned,
28,fine-tuned,"3,4,1"
29,fine-tuned,"1,1,4"
30,fine-tuned,
31,fine-tuned,"3,3,2"
32,fine-tuned,"3,6"
33,fine-tuned,4
34,fine-tuned,"1,2,4"
35,fine-tuned,"4,4,4"
36,fine-tuned,"3,6,1"
37,fine-tuned,"3,4,2"
38,fine-tuned,
39,fine-tuned,"1,2,3"
40,fine-tuned,
41,fine-tuned,"3,3,6"
42,fine-tuned,"5,1,1"
43,fine-tuned,
44,fine-tuned,"1,2,3"
45,fine-tuned,"2,5,1"
46,fine-tuned,"2,2,3"
47,fine-tuned,
48,fine-tuned,1
49,fine-tuned,"1,2,4"
50,fine-tuned,"6,1,5"
51,fine-tuned,"3,1,2"
52,fine-tuned,"3,3"
53,fine-tuned,2
54,fine-tuned,
55,fine-tuned,"1,1,5"
56,fine-tuned,"6,1,2"
57,fine-tuned,5
58,fine-tuned,
59,fine-tuned,"3,5,6"
60,fine-tuned,"1,3,2"
61,fine-tuned,"5,4,3"
62,fine-tuned,
63,fine-tuned,"1,2,3"
64,fine-tuned,"2,6,4"
65,fine-tuned,"3,3,3"
66,fine-tuned,"5,2,2"
67,fine-tuned,2
68,fine-tuned,"3,4,5"
69,fine-tuned,"6,6,6"
70,fine-tuned,"3,4"
71,fine-tuned,"1,6,3"
72,fine-tuned,"3,1,3"
73,fine-tuned,"2,5,6"
74,fine-tuned,
75,fine-tuned,"4,4,1"
76,fine-tuned,"3,3,6"
77,fine-tuned,
78,fine-tuned,"4,5,3"
79,fine-tuned,
80,fine-tuned,"4,1,1"
81,fine-tuned,"5,6,6"
82,fine-tuned,"5,1,1"
83,fine-tuned,"5,6"
84,fine-tuned,
85,fine-tuned,"5,1,5"
86,fine-tuned,
87,fine-tuned,3
88,fine-tuned,"5,3,3"
89,fine-tuned,"4,2,6"
90,fine-tuned,"4,1,4"
91,fine-tuned,"4,2,5"
92,fine-tuned,"4,3,2"
93,fine-tuned,"1,1,4"
94,fine-tuned,2
95,fine-tuned,
96,fine-tuned,"5,2,6"
97,fine-tuned,"4,1,2"
98,fine-tuned,"2,1,1"
99,fine-tuned,"5,6,2"
100,fine-tuned,"4,2,6"
101,fine-tuned,"5,2,1"
102,fine-tuned,"6,1,4"
103,fine-tuned,"4,3,4"
104,fine-tuned,
105,fine-tuned,2
106,fine-tuned,"2,5,6"
107,fine-tuned,"6,1,5"
108,fine-tuned,
109,fine-tuned,"5,4,3"
110,fine-tuned,"4,3,6"
111,fine-tuned,"6,4,5"
112,fine-tuned,"6,1,2"
113,fine-tuned,"1,4,2"
114,fine-tuned,"2,1,2"
115,fine-tuned,"3,5,1"
116,fine-tuned,"5,3,1"
117,fine-tuned,"4,6,3"
118,fine-tuned,"3,3,2"
119,fine-tuned,"4,3,5"
120,fine-tuned,"1,6,3"
121,fine-tuned,"1,6,3"
122,fine-tuned,3
123,fine-tuned,3
124,fine-tuned,1
125,fine-tuned,
126,fine-tuned,"3,4,3"
127,fine-tuned,
128,fine-tuned,
129,fine-tuned,"5,5,4"
130,fine-tuned,"1,4,2"
131,fine-tuned,
132,fine-tuned,
133,fine-tuned,"5,2,3"
134,fine-tuned,
135,fine-tuned,
136,fine-tuned,"3,4,6"
137,fine-tuned,
138,fine-tuned,"3,4,5"
139,fine-tuned,
140,fine-tuned,"3,2,2"
141,fine-tuned,"5,1,2"
142,fine-tuned,"1,4,5"
143,fine-tuned,
144,fine-tuned,"1,4"
145,fine-tuned,"3,3,3"
146,fine-tuned,
147,fine-tuned,"2,3,6"
148,fine-tuned,"6,3,4"
149,fine-tuned,"5,3,6"
150,fine-tuned,"1,3,5"
151,fine-tuned,3
152,fine-tuned,
153,fine-tuned,"6,6,1"
154,fine-tuned,
155,fine-tuned,
156,fine-tuned,"4,2,1"
157,fine-tuned,"4,1,5"
158,fine-tuned,"2,3,4"
159,fine-tuned,3
160,fine-tuned,
161,fine-tuned,"6,3,4"
162,fine-tuned,"5,6,1"
163,fine-tuned,"1,3,4"
164,fine-tuned,
165,fine-tuned,"2,6,4"
166,fine-tuned,3
167,fine-tuned,"5,3,4"
168,fine-tuned,
169,fine-tuned,"5,6,4"
170,fine-tuned,"3,3,4"
171,fine-tuned,"3,1,6"
172,fine-tuned,"1,2,5"
173,fine-tuned,
174,fine-tuned,"1,2,3"
175,fine-tuned,"3,6,5"
176,fine-tuned,"2,4,3"
177,fine-tuned,"3,1,4"
178,fine-tuned,"3,2,4"
179,fine-tuned,"2,3,6"
180,fine-tuned,"4,6,3"
181,fine-tuned,"2,3,5"
182,fine-tuned,
183,fine-tuned,"1,6,2"
184,fine-tuned,"1,5,1"
185,fine-tuned,"4,3,1"
186,fine-tuned,
187,fine-tuned,"4,1,4"
188,fine-tuned,"1,5,5"
189,fine-tuned,"3,2,4"
190,fine-tuned,
191,fine-tuned,5
192,fine-tuned,"3,1,1"
193,fine-tuned,"6,4,4"
194,fine-tuned,"5,6,4"
195,fine-tuned,"1,4,2"
196,fine-tuned,3
197,fine-tuned,
198,fine-tuned,1
199,fine-tuned,
200,fine-tuned,"3,6,4"
201,fine-tuned,
202,fine-tuned,"4,3,6"
203,fine-tuned,
204,fine-tuned,"2,6,1"
205,fine-tuned,
206,fine-tuned,"4,2,6"
207,fine-tuned,"1,2,5"
208,fine-tuned,"6,2,3"
209,fine-tuned,"3,4,1"
210,fine-tuned,"6,2,5"
211,fine-tuned,
212,fine-tuned,"5,1,6"
213,fine-tuned,"6,3,1"
214,fine-tuned,
215,fine-tuned,
216,fine-tuned,"4,5,3"
217,fine-tuned,
218,fine-tuned,"3,4,3"
219,fine-tuned,"5,3,5"
220,fine-tuned,"3,1,3"
221,fine-tuned,
222,fine-tuned,"4,4,3"
223,fine-tuned,
224,fine-tuned,"1,2"
225,fine-tuned,"3,2,3"
226,fine-tuned,"2,2,4"
227,fine-tuned,"1,6,6"
228,fine-tuned,"6,1,4"
229,fine-tuned,
230,fine-tuned,"4,1,5"
231,fine-tuned,"3,2,4"
232,fine-tuned,3
233,fine-tuned,"5,4,1"
234,fine-tuned,5
235,fine-tuned,"4,1,2"
236,fine-tuned,"4,1,2"
237,fine-tuned,"1,2,3"
238,fine-tuned,"4,1,1"
239,fine-tuned,3
240,fine-tuned,"5,6,2"
241,fine-tuned,
242,fine-tuned,"3,3,4"
243,fine-tuned,
244,fine-tuned,
245,fine-tuned,"3,2,4"
246,fine-tuned,"3,4,4"
247,fine-tuned,"6,4,4"
248,fine-tuned,
249,fine-tuned,
250,fine-tuned,"2,2,2"
251,fine-tuned,"6,3,1"
252,fine-tuned,
253,fine-tuned,"2,3,4"
254,fine-tuned,"1,3,6"
255,fine-tuned,
256,fine-tuned,"4,2,5"
257,fine-tuned,"5,4,5"
258,fine-tuned,"1,2,1"
259,fine-tuned,"1,5,6"
260,fine-tuned,"2,4"
261,fine-tuned,
262,fine-tuned,
263,fine-tuned,
264,fine-tuned,
265,fine-tuned,"5,5,1"
266,fine-tuned,"5,1,2"
267,fine-tuned,2
268,fine-tuned,1
269,fine-tuned,"5,2,6"
270,fine-tuned,"6,1"
271,fine-tuned,"2,2,2"
272,fine-tuned,
273,fine-tuned,"2,2,5"
274,fine-tuned,"1,3,6"
275,fine-tuned,"1,6,4"
276,fine-tuned,"5,5,6"
277,fine-tuned,"6,4,5"
278,fine-tuned,"1,2,6"
279,fine-tuned,"4,4,3"
280,fine-tuned,3
281,fine-tuned,"2,1,3"
282,fine-tuned,"4,5,1"
283,fine-tuned,
284,fine-tuned,"2,3,2"
285,fine-tuned,
286,fine-tuned,
287,fine-tuned,"4,3,6"
288,fine-tuned,"1,5,2"
289,fine-tuned,"4,3,3"
290,fine-tuned,
291,fine-tuned,"1,2,3"
292,fine-tuned,"3,6,1"
293,fine-tuned,"6,4,5"
294,fine-tuned,"4,5,4"
295,fine-tuned,"2,5"
296,fine-tuned,
297,fine-tuned,"1,5,2"
298,fine-tuned,"5,3,2"
299,fine-tuned,"6,5,1"
300,fine-tuned,"6,2,5"
301,fine-tuned,"1,3,3"
302,fine-tuned,
303,fine-tuned,"1,2,4"
304,fine-tuned,"2,2,5"
305,fine-tuned,"1,3"
306,fine-tuned,
307,fine-tuned,
308,fine-tuned,"2,3"
309,fine-tuned,"6,3"
310,fine-tuned,"5,4,1"
311,fine-tuned,"3,1"
312,fine-tuned,
313,fine-tuned,
314,fine-tuned,1
315,fine-tuned,1
316,fine-tuned,
317,fine-tuned,3
318,fine-tuned,
319,fine-tuned,
320,fine-tuned,"2,3"
321,fine-tuned,2
322,fine-tuned,"5,5,2"
323,fine-tuned,"2,3,4"
324,fine-tuned,
325,fine-tuned,"1,1,1"
326,fine-tuned,"3,1,1"
327,fine-tuned,"1,3"
328,fine-tuned,
329,fine-tuned,"4,6,4"
330,fine-tuned,
331,fine-tuned,
332,fine-tuned,"3,5,4"
333,fine-tuned,"1,2,3"
334,fine-tuned,"3,5,4"
335,fine-tuned,"2,3,6"
336,fine-tuned,"5,4,4"
337,fine-tuned,
338,fine-tuned,
339,fine-tuned,6
340,fine-tuned,"1,2,4"
341,fine-tuned,"2,3"
342,fine-tuned,"5,3,4"
343,fine-tuned,"5,2,1"
344,fine-tuned,"2,4,1"
345,fine-tuned,"3,6,5"
346,fine-tuned,"3,5,4"
347,fine-tuned,"3,2,4"
348,fine-tuned,"4,3,1"
349,fine-tuned,
350,fine-tuned,
351,fine-tuned,"4,5,5"
352,fine-tuned,"3,3,1"
353,fine-tuned,"3,4,4"
354,fine-tuned,"2,2,3"
355,fine-tuned,"3,1,3"
356,fine-tuned,"6,1,4"
357,fine-tuned,
358,fine-tuned,"1,1,2"
359,fine-tuned,"2,6,6"
360,fine-tuned,"2,1,4"
361,fine-tuned,"2,5,3"
362,fine-tuned,"2,4,5"
363,fine-tuned,6
364,fine-tuned,
365,fine-tuned,3
366,fine-tuned,"4,5,2"
367,fine-tuned,
368,fine-tuned,
369,fine-tuned,"4,2,2"
370,fine-tuned,"6,2,4"
371,fine-tuned,"1,1"
372,fine-tuned,"1,5,5"
373,fine-tuned,"3,1,4"
374,fine-tuned,"3,5,1"
375,fine-tuned,"6,1,3"
376,fine-tuned,"3,6,4"
377,fine-tuned,
378,fine-tuned,
379,fine-tuned,
380,fine-tuned,"2,1,2"
381,fine-tuned,3
382,fine-tuned,"3,5,6"
383,fine-tuned,3
384,fine-tuned,
385,fine-tuned,6
386,fine-tuned,"6,2,1"
387,fine-tuned,"2,2,2"
388,fine-tuned,"2,4,6"
389,fine-tuned,
390,fine-tuned,"2,1,3"
391,fine-tuned,"4,2,4"
392,fine-tuned,"6,1,3"
393,fine-tuned,
394,fine-tuned,
395,fine-tuned,"3,5,1"
396,fine-tuned,
397,fine-tuned,
398,fine-tuned,"4,5,1"
399,fine-tuned,
400,fine-tuned,
401,fine-tuned,
402,fine-tuned,"2,5,1"
403,fine-tuned,"2,4,2"
404,fine-tuned,"2,1,4"
405,fine-tuned,
406,fine-tuned,"6,5,4"
407,fine-tuned,"6,1,3"
408,fine-tuned,
409,fine-tuned,"4,5,5"
410,fine-tuned,"3,3,2"
411,fine-tuned,"1,5,3"
412,fine-tuned,
413,fine-tuned,"2,6,2"
414,fine-tuned,
415,fine-tuned,"4,4,3"
416,fine-tuned,
417,fine-tuned,"3,2,2"
418,fine-tuned,
419,fine-tuned,1
420,fine-tuned,
421,fine-tuned,"2,6,6"
422,fine-tuned,"6,2,4"
423,fine-tuned,2
424,fine-tuned,"2,3"
425,fine-tuned,"4,1,6"
426,fine-tuned,
427,fine-tuned,"4,3,3"
428,fine-tuned,"2,2,5"
429,fine-tuned,3
430,fine-tuned,"5,6,6"
431,fine-tuned,"3,1,4"
432,fine-tuned,"3,2,5"
433,fine-tuned,"3,3"
434,fine-tuned,
435,fine-tuned,"6,4,5"
436,fine-tuned,"5,6,2"
437,fine-tuned,
438,fine-tuned,1
439,fine-tuned,"3,1,6"
440,fine-tuned,"3,6,2"
441,fine-tuned,"5,6,3"
442,fine-tuned,
443,fine-tuned,"6,1,6"
444,fine-tuned,"1,1,3"
445,fine-tuned,2
446,fine-tuned,"3,6,2"
447,fine-tuned,"1,1,5"
448,fine-tuned,
449,fine-tuned,"3,3,5"
450,fine-tuned,"3,5,4"
451,fine-tuned,"3,4,6"
452,fine-tuned,
453,fine-tuned,"5,1,6"
454,fine-tuned,"3,2,2"
455,fine-tuned,"1,4"
456,fine-tuned,
457,fine-tuned,
458,fine-tuned,
459,fine-tuned,"1,2,3"
460,fine-tuned,"4,4,6"
461,fine-tuned,
462,fine-tuned,
463,fine-tuned,
464,fine-tuned,
465,fine-tuned,"1,2,4"
466,fine-tuned,
467,fine-tuned,"2,2,2"
468,fine-tuned,
469,fine-tuned,"4,1,4"
470,fine-tuned,"4,5,6"
471,fine-tuned,"1,5,3"
472,fine-tuned,"1,1,6"
473,fine-tuned,
474,fine-tuned,"4,2,3"
475,fine-tuned,
476,fine-tuned,
477,fine-tuned,
478,fine-tuned,
479,fine-tuned,
480,fine-tuned,"1,6,1"
481,fine-tuned,"3,6,5"
482,fine-tuned,"2,6,4"
483,fine-tuned,"1,2,3"
484,fine-tuned,"3,1,3"
485,fine-tuned,
486,fine-tuned,"3,5,5"
487,fine-tuned,"5,2,3"
488,fine-tuned,
489,fine-tuned,6
490,fine-tuned,"1,3,5"
491,fine-tuned,
492,fine-tuned,
493,fine-tuned,
494,fine-tuned,"2,5,1"
495,fine-tuned,"4,3,1"
496,fine-tuned,"2,2"
497,fine-tuned,"5,6,5"
498,fine-tuned,"6,2,4"
499,fine-tuned,"4,1,5"
500,fine-tuned,"6,4,3"
501,fine-tuned,"3,5,2"
502,fine-tuned,"4,6"
503,fine-tuned,
504,fine-tuned,
505,fine-tuned,
506,fine-tuned,
507,fine-tuned,"6,3,1"
508,fine-tuned,5
509,fine-tuned,"3,3,3"
510,fine-tuned,"3,6,5"
511,fine-tuned,"4,3"
512,fine-tuned,
513,fine-tuned,
514,fine-tuned,"6,4,1"
515,fine-tuned,4
516,fine-tuned,"1,5"
517,fine-tuned,"3,6,5"
518,fine-tuned,"3,6,2"
519,fine-tuned,"3,3"
520,fine-tuned,
521,fine-tuned,"3,5,2"
522,fine-tuned,"1,1,2"
523,fine-tuned,"3,6,1"
524,fine-tuned,"5,6"
525,fine-tuned,"6,2,6"
526,fine-tuned,"3,2,3"
527,fine-tuned,"3,2"
528,fine-tuned,"2,3,6"
529,fine-tuned,"6,4,5"
530,fine-tuned,"1,2,3"
531,fine-tuned,
532,fine-tuned,"4,6,3"
533,fine-tuned,2
534,fine-tuned,
535,fine-tuned,"2,6,4"
536,fine-tuned,"1,2,3"
537,fine-tuned,"4,5,5"
538,fine-tuned,"4,3,6"
539,fine-tuned,2
540,fine-tuned,"1,3,4"
541,fine-tuned,"4,2,4"
542,fine-tuned,
543,fine-tuned,2
544,fine-tuned,"3,4,4"
545,fine-tuned,
546,fine-tuned,"1,5,2"
547,fine-tuned,"5,5,6"
548,fine-tuned,"3,3,3"
549,fine-tuned,
550,fine-tuned,"2,2,1"
551,fine-tuned,
552,fine-tuned,
553,fine-tuned,"5,1,2"
554,fine-tuned,1
555,fine-tuned,"4,3,5"
556,fine-tuned,"6,1,6"
557,fine-tuned,"2,5,4"
558,fine-tuned,
559,fine-tuned,"2,2,5"
560,fine-tuned,"4,3,2"
561,fine-tuned,"1,3,5"
562,fine-tuned,"3,5"
563,fine-tuned,"5,4,3"
564,fine-tuned,"6,1,4"
565,fine-tuned,
566,fine-tuned,"5,4,5"
567,fine-tuned,2
568,fine-tuned,"3,1,2"
569,fine-tuned,
570,fine-tuned,"3,1,2"
571,fine-tuned,"1,3"
572,fine-tuned,"1,5"
573,fine-tuned,3
574,fine-tuned,
575,fine-tuned,"2,1,4"
576,fine-tuned,
577,fine-tuned,"1,1,2"
578,fine-tuned,
579,fine-tuned,"2,4,3"
580,fine-tuned,"1,1,6"
581,fine-tuned,"5,6,4"
582,fine-tuned,"5,6,1"
583,fine-tuned,
584,fine-tuned,"6,3"
585,fine-tuned,"1,4,2"
586,fine-tuned,"1,5,2"
587,fine-tuned,
588,fine-tuned,"3,2,3"
589,fine-tuned,3
590,fine-tuned,"4,6,6"
591,fine-tuned,
592,fine-tuned,"3,6,2"
593,fine-tuned,"1,2,1"
594,fine-tuned,"5,5,2"
595,fine-tuned,"3,3"
596,fine-tuned,"6,4,3"
597,fine-tuned,
598,fine-tuned,1
599,fine-tuned,
600,fine-tuned,"3,4,1"
601,fine-tuned,"3,3,1"
602,fine-tuned,"4,2,5"
603,fine-tuned,
604,fine-tuned,"3,6,2"
605,fine-tuned,"6,6,4"
606,fine-tuned,"2,4,5"
607,fine-tuned,"5,2,2"
608,fine-tuned,"2,6,2"
609,fine-tuned,"2,6"
610,fine-tuned,
611,fine-tuned,"3,3,6"
612,fine-tuned,
613,fine-tuned,2
614,fine-tuned,
615,fine-tuned,"2,5"
616,fine-tuned,6
617,fine-tuned,
618,fine-tuned,"4,3"
619,fine-tuned,"5,1,2"
620,fine-tuned,
621,fine-tuned,"2,6,4"
622,fine-tuned,"2,4"
623,fine-tuned,"2,1,6"
624,fine-tuned,"5,6,6"
625,fine-tuned,"3,2,6"
626,fine-tuned,3
627,fine-tuned,"3,6,2"
628,fine-tuned,"2,3,2"
629,fine-tuned,"1,5,1"
630,fine-tuned,"4,1,5"
631,fine-tuned,"1,2,3"
632,fine-tuned,
633,fine-tuned,
634,fine-tuned,"1,4,4"
635,fine-tuned,"5,2,5"
636,fine-tuned,
637,fine-tuned,"3,3,4"
638,fine-tuned,"1,1,1"
639,fine-tuned,
640,fine-tuned,"4,5,3"
641,fine-tuned,
642,fine-tuned,"4,2,5"
643,fine-tuned,
644,fine-tuned,
645,fine-tuned,"4,1,3"
646,fine-tuned,"3,2,2"
647,fine-tuned,"6,3,2"
648,fine-tuned,
649,fine-tuned,"2,2,1"
650,fine-tuned,"3,5,6"
651,fine-tuned,"5,4,2"
652,fine-tuned,"1,6,1"
653,fine-tuned,
654,fine-tuned,"4,4,4"
655,fine-tuned,6
656,fine-tuned,"1,4,4"
657,fine-tuned,
658,fine-tuned,"4,4,4"
659,fine-tuned,
660,fine-tuned,1
661,fine-tuned,"1,1,3"
662,fine-tuned,
663,fine-tuned,"6,4,1"
664,fine-tuned,
665,fine-tuned,"3,1,2"
666,fine-tuned,
667,fine-tuned,"3,4,6"
668,fine-tuned,"1,3,5"
669,fine-tuned,
670,fine-tuned,"4,1,6"
671,fine-tuned,"1,5,3"
672,fine-tuned,"2,2,1"
673,fine-tuned,"2,1"
674,fine-tuned,"4,5"
675,fine-tuned,"5,3,4"
676,fine-tuned,"3,1"
677,fine-tuned,"3,1,1"
678,fine-tuned,
679,fine-tuned,
680,fine-tuned,"1,3,4"
681,fine-tuned,"1,1,1"
682,fine-tuned,
683,fine-tuned,"5,2,4"
684,fine-tuned,"4,4,5"
685,fine-tuned,"4,5,1"
686,fine-tuned,"1,2,3"
687,fine-tuned,"1,5,3"
688,fine-tuned,
689,fine-tuned,"1,2,4"
690,fine-tuned,"4,5,1"
691,fine-tuned,"2,1,6"
692,fine-tuned,"4,4,2"
693,fine-tuned,"3,1,2"
694,fine-tuned,"3,3"
695,fine-tuned,"6,1,2"
696,fine-tuned,"4,2,3"
697,fine-tuned,"6,6,3"
698,fine-tuned,"5,1,2"
699,fine-tuned,"1,4"
700,fine-tuned,"3,2,1"
701,fine-tuned,"3,3"
702,fine-tuned,
703,fine-tuned,"3,6,6"
704,fine-tuned,"3,6,1"
705,fine-tuned,"3,4,6"
706,fine-tuned,"1,1,2"
707,fine-tuned,
708,fine-tuned,
709,fine-tuned,"5,3,1"
710,fine-tuned,"1,6,2"
711,fine-tuned,"4,5,3"
712,fine-tuned,"1,1,4"
713,fine-tuned,
714,fine-tuned,
715,fine-tuned,
716,fine-tuned,"3,5,2"
717,fine-tuned,
718,fine-tuned,"3,5"
719,fine-tuned,
720,fine-tuned,"1,6"
721,fine-tuned,"1,2,3"
722,fine-tuned,3
723,fine-tuned,"5,2"
724,fine-tuned,3
725,fine-tuned,"4,4,1"
726,fine-tuned,"2,5,3"
727,fine-tuned,"1,6"
728,fine-tuned,
729,fine-tuned,"1,6,2"
730,fine-tuned,"1,2,5"
731,fine-tuned,
732,fine-tuned,
733,fine-tuned,"4,6,5"
734,fine-tuned,"6,2,1"
735,fine-tuned,"2,1,3"
736,fine-tuned,"2,4,6"
737,fine-tuned,
738,fine-tuned,"1,3"
739,fine-tuned,"6,3,2"
740,fine-tuned,
741,fine-tuned,"3,4,5"
742,fine-tuned,2
743,fine-tuned,
744,fine-tuned,"6,5,1"
745,fine-tuned,"3,6,5"
746,fine-tuned,"1,5,1"
747,fine-tuned,
748,fine-tuned,
749,fine-tuned,
750,fine-tuned,
751,fine-tuned,3
752,fine-tuned,"4,6,1"
753,fine-tuned,"1,5,1"
754,fine-tuned,"4,1,1"
755,fine-tuned,
756,fine-tuned,"1,1,4"
757,fine-tuned,"2,2,1"
758,fine-tuned,"5,1,1"
759,fine-tuned,
760,fine-tuned,"2,3,6"
761,fine-tuned,"3,1,1"
762,fine-tuned,"6,5,5"
763,fine-tuned,
764,fine-tuned,"2,5,3"
765,fine-tuned,
766,fine-tuned,"3,4,5"
767,fine-tuned,"4,1"
768,fine-tuned,
769,fine-tuned,
770,fine-tuned,"2,2,4"
771,fine-tuned,"1,4,4"
772,fine-tuned,"5,4,2"
773,fine-tuned,"4,6,6"
774,fine-tuned,
775,fine-tuned,
776,fine-tuned,"3,1,6"
777,fine-tuned,"5,5,5"
778,fine-tuned,"5,3,6"
779,fine-tuned,
780,fine-tuned,"4,6,5"
781,fine-tuned,
782,fine-tuned,"3,1,5"
783,fine-tuned,"4,3,2"
784,fine-tuned,
785,fine-tuned,"4,3,3"
786,fine-tuned,5
787,fine-tuned,"2,6,3"
788,fine-tuned,"4,5,2"
789,fine-tuned,
790,fine-tuned,"4,6,2"
791,fine-tuned,"1,2,2"
792,fine-tuned,"1,5,3"
793,fine-tuned,
794,fine-tuned,3
795,fine-tuned,"5,4,3"
796,fine-tuned,"3,1,4"
797,fine-tuned,"5,1,1"
798,fine-tuned,
799,fine-tuned,"1,1"
800,fine-tuned,"2,2,4"
801,fine-tuned,"2,1,2"
802,fine-tuned,2
803,fine-tuned,"4,2"
804,fine-tuned,
805,fine-tuned,"2,6,1"
806,fine-tuned,"4,3,3"
807,fine-tuned,"1,2,3"
808,fine-tuned,
809,fine-tuned,"5,6,6"
810,fine-tuned,"6,1,2"
811,fine-tuned,"2,1,6"
812,fine-tuned,
813,fine-tuned,"3,1,5"
814,fine-tuned,"4,2,2"
815,fine-tuned,"1,5,1"
816,fine-tuned,"5,6,5"
817,fine-tuned,"1,5,6"
818,fine-tuned,
819,fine-tuned,
820,fine-tuned,
821,fine-tuned,"5,2,4"
822,fine-tuned,"4,6,6"
823,fine-tuned,"3,2,3"
824,fine-tuned,"6,4,2"
825,fine-tuned,
826,fine-tuned,3
827,fine-tuned,"1,2"
828,fine-tuned,1
829,fine-tuned,
830,fine-tuned,
831,fine-tuned,"3,3,2"
832,fine-tuned,"3,1,6"
833,fine-tuned,"2,4,6"
834,fine-tuned,
835,fine-tuned,
836,fine-tuned,"3,3,3"
837,fine-tuned,"1,3,2"
838,fine-tuned,2
839,fine-tuned,"1,3,6"
840,fine-tuned,"2,4,3"
841,fine-tuned,"3,5,2"
842,fine-tuned,
843,fine-tuned,
844,fine-tuned,"4,2,1"
845,fine-tuned,
846,fine-tuned,"6,2,5"
847,fine-tuned,"5,1,3"
848,fine-tuned,"3,2,5"
849,fine-tuned,"6,4,1"
850,fine-tuned,"2,1,1"
851,fine-tuned,
852,fine-tuned,"3,5,5"
853,fine-tuned,
854,fine-tuned,"5,6,2"
855,fine-tuned,"3,1,3"
856,fine-tuned,"5,4,2"
857,fine-tuned,
858,fine-tuned,
859,fine-tuned,
860,fine-tuned,
861,fine-tuned,"1,1,4"
862,fine-tuned,"1,2,3"
863,fine-tuned,
864,fine-tuned,
865,fine-tuned,"3,3,2"
866,fine-tuned,"6,1,6"
867,fine-tuned,"3,4,2"
868,fine-tuned,
869,fine-tuned,"4,3,1"
870,fine-tuned,
871,fine-tuned,"3,2,1"
872,fine-tuned,
873,fine-tuned,"3,1,6"
874,fine-tuned,"3,2,6"
875,fine-tuned,"5,1,3"
876,fine-tuned,"4,5,1"
877,fine-tuned,"5,3,4"
878,fine-tuned,"2,6,5"
879,fine-tuned,"3,4"
880,fine-tuned,"1,5,5"
881,fine-tuned,
882,fine-tuned,2
883,fine-tuned,"3,3,3"
884,fine-tuned,
885,fine-tuned,"4,1,6"
886,fine-tuned,"1,2"
887,fine-tuned,
888,fine-tuned,"3,1,6"
889,fine-tuned,6
890,fine-tuned,
891,fine-tuned,
892,fine-tuned,"3,3,2"
893,fine-tuned,
894,fine-tuned,"3,4"
895,fine-tuned,"4,2,1"
896,fine-tuned,"2,3,3"
897,fine-tuned,
898,fine-tuned,
899,fine-tuned,"5,4,6"
900,fine-tuned,"4,1,1"
901,fine-tuned,
902,fine-tuned,"5,4,1"
903,fine-tuned,"4,5,4"
904,fine-tuned,"2,1,4"
905,fine-tuned,
906,fine-tuned,"5,1,4"
907,fine-tuned,"3,1,4"
908,fine-tuned,
909,fine-tuned,
910,fine-tuned,"6,3,6"
911,fine-tuned,
912,fine-tuned,
913,fine-tuned,"2,1,4"
914,fine-tuned,"3,4,1"
915,fine-tuned,"2,2,2"
916,fine-tuned,"4,4,2"
917,fine-tuned,
918,fine-tuned,"3,4,4"
919,fine-tuned,
920,fine-tuned,"1,5,1"
921,fine-tuned,
922,fine-tuned,
923,fine-tuned,
924,fine-tuned,"1,4,3"
925,fine-tuned,
926,fine-tuned,"3,2,3"
927,fine-tuned,"3,5"
928,fine-tuned,
929,fine-tuned,"2,3,5"
930,fine-tuned,"1,2,1"
931,fine-tuned,
932,fine-tuned,
933,fine-tuned,"3,6"
934,fine-tuned,"6,6,1"
935,fine-tuned,"1,4,2"
936,fine-tuned,
937,fine-tuned,"5,1,6"
938,fine-tuned,"1,2,3"
939,fine-tuned,
940,fine-tuned,
941,fine-tuned,"1,6,6"
942,fine-tuned,"3,2"
943,fine-tuned,"2,4,6"
944,fine-tuned,"1,1,3"
945,fine-tuned,
946,fine-tuned,"1,4,6"
947,fine-tuned,"4,3,2"
948,fine-tuned,
949,fine-tuned,"1,4,1"
950,fine-tuned,"1,6,5"
951,fine-tuned,"1,1,5"
952,fine-tuned,"6,1,4"
953,fine-tuned,
954,fine-tuned,"3,5,1"
955,fine-tuned,
956,fine-tuned,"3,6,1"
957,fine-tuned,"1,6,4"
958,fine-tuned,"4,1,5"
959,fine-tuned,"3,6"
960,fine-tuned,
961,fine-tuned,"1,3,1"
962,fine-tuned,
963,fine-tuned,"1,2,1"
964,fine-tuned,"2,5,2"
965,fine-tuned,"5,5,6"
966,fine-tuned,"4,2,2"
967,fine-tuned,
968,fine-tuned,"2,1,5"
969,fine-tuned,"2,1,4"
970,fine-tuned,"5,4,6"
971,fine-tuned,"1,6"
972,fine-tuned,
973,fine-tuned,"3,6,2"
974,fine-tuned,
975,fine-tuned,"1,4,5"
976,fine-tuned,
977,fine-tuned,"1,6,5"
978,fine-tuned,"1,2,3"
979,fine-tuned,"4,4,2"
980,fine-tuned,"5,1,1"
981,fine-tuned,"2,3,1"
982,fine-tuned,"1,2,2"
983,fine-tuned,1
984,fine-tuned,"2,1,6"
985,fine-tuned,"4,1,1"
986,fine-tuned,"3,6,4"
987,fine-tuned,"4,5,3"
988,fine-tuned,"6,4,3"
989,fine-tuned,
990,fine-tuned,
991,fine-tuned,
992,fine-tuned,"1,1"
993,fine-tuned,"3,5,4"
994,fine-tuned,"6,5"
995,fine-tuned,"4,3,2"
996,fine-tuned,"5,1,1"
997,fine-tuned,"5,2,4"
998,fine-tuned,
999,fine-tuned,"2,6,5"
1000,fine-tuned,
1001,fine-tuned,"1,1"
1002,fine-tuned,
1003,fine-tuned,"6,3,3"
1004,fine-tuned,"1,1"
1005,fine-tuned,"2,5,4"
1006,fine-tuned,"6,3,5"
1007,fine-tuned,
1008,fine-tuned,"4,3,4"
1009,fine-tuned,
1010,fine-tuned,"2,4,3"
1011,fine-tuned,
1012,fine-tuned,"1,2,3"
1013,fine-tuned,"3,6,4"
1014,fine-tuned,"5,6,3"
1015,fine-tuned,
1016,fine-tuned,"3,3,5"
1017,fine-tuned,"1,1,5"
1018,fine-tuned,"6,2,3"
1019,fine-tuned,2
1020,fine-tuned,"4,3,1"
1021,fine-tuned,"4,2,3"
1022,fine-tuned,
1023,fine-tuned,"5,2,1"
1024,fine-tuned,
1025,fine-tuned,"2,4,3"
1026,fine-tuned,
1027,fine-tuned,"4,2,6"
1028,fine-tuned,
1029,fine-tuned,"3,6,5"
1030,fine-tuned,"5,3,2"
1031,fine-tuned,
1032,fine-tuned,
1033,fine-tuned,
1034,fine-tuned,
1035,fine-tuned,3
1036,fine-tuned,"2,5,6"
1037,fine-tuned,"3,4,3"
1038,fine-tuned,
1039,fine-tuned,"3,3,1"
1040,fine-tuned,
1041,fine-tuned,"1,2,5"
1042,fine-tuned,"3,1,3"
1043,fine-tuned,"1,2"
1044,fine-tuned,
1045,fine-tuned,"6,3,6"
1046,fine-tuned,"4,2,1"
1047,fine-tuned,"1,5,5"
1048,fine-tuned,"3,5,6"
1049,fine-tuned,3
1050,fine-tuned,
1051,fine-tuned,"4,3,1"
1052,fine-tuned,3
1053,fine-tuned,"3,4"
1054,fine-tuned,"3,2,4"
1055,fine-tuned,3
1056,fine-tuned,"3,2"
1057,fine-tuned,
1058,fine-tuned,"5,6,3"
1059,fine-tuned,"2,4,2"
1060,fine-tuned,
1061,fine-tuned,"4,5"
1062,fine-tuned,"6,4,2"
1063,fine-tuned,
1064,fine-tuned,"1,6,4"
1065,fine-tuned,
1066,fine-tuned,
1067,fine-tuned,"5,5,2"
1068,fine-tuned,"2,2,1"
1069,fine-tuned,"6,3,2"
1070,fine-tuned,"3,3"
1071,fine-tuned,"6,6,6"
1072,fine-tuned,"3,1,6"
1073,fine-tuned,"4,2,1"
1074,fine-tuned,
1075,fine-tuned,"4,4,2"
1076,fine-tuned,
1077,fine-tuned,"6,2,5"
1078,fine-tuned,
1079,fine-tuned,"3,4,6"
1080,fine-tuned,"3,2,6"
1081,fine-tuned,3
1082,fine-tuned,"2,5,3"
1083,fine-tuned,
1084,fine-tuned,"3,3,4"
1085,fine-tuned,"3,1,4"
1086,fine-tuned,"3,2,4"
1087,fine-tuned,"6,3"
1088,fine-tuned,2
1089,fine-tuned,1
1090,fine-tuned,"2,6,3"
1091,fine-tuned,"3,6,1"
1092,fine-tuned,"1,3,2"
1093,fine-tuned,
1094,fine-tuned,"3,3"
1095,fine-tuned,"4,2,1"
1096,fine-tuned,"2,3,4"
1097,fine-tuned,"1,4,5"
1098,fine-tuned,3
1099,fine-tuned,
1100,fine-tuned,"2,2,5"
1101,fine-tuned,"6,5,4"
1102,fine-tuned,
1103,fine-tuned,"4,6,6"
1104,fine-tuned,"5,1"
1105,fine-tuned,"4,5,4"
1106,fine-tuned,"4,2,4"
1107,fine-tuned,"6,3,2"
1108,fine-tuned,
1109,fine-tuned,"4,3,4"
1110,fine-tuned,"2,1"
1111,fine-tuned,"1,2,4"
1112,fine-tuned,
1113,fine-tuned,1
1114,fine-tuned,"4,6,3"
1115,fine-tuned,"5,3,2"
1116,fine-tuned,
1117,fine-tuned,"4,3,4"
1118,fine-tuned,
1119,fine-tuned,
1120,fine-tuned,"2,2,6"
1121,fine-tuned,"1,2,1"
1122,fine-tuned,4
1123,fine-tuned,"1,3,2"
1124,fine-tuned,
1125,fine-tuned,
1126,fine-tuned,"6,3,3"
1127,fine-tuned,"5,3,1"
1128,fine-tuned,
1129,fine-tuned,"3,1,3"
1130,fine-tuned,"1,2,4"
1131,fine-tuned,"2,4,1"
1132,fine-tuned,"6,2,1"
1133,fine-tuned,"3,5,4"
1134,fine-tuned,2
1135,fine-tuned,
1136,fine-tuned,"2,6,4"
1137,fine-tuned,"6,2,3"
1138,fine-tuned,
1139,fine-tuned,"1,2,3"
1140,fine-tuned,
1141,fine-tuned,"5,4,6"
1142,fine-tuned,"3,3,3"
1143,fine-tuned,"6,3"
1144,fine-tuned,
1145,fine-tuned,"6,5,3"
1146,fine-tuned,"5,6,5"
1147,fine-tuned,
1148,fine-tuned,"1,6,2"
1149,fine-tuned,"1,3,6"
1150,fine-tuned,
1151,fine-tuned,
1152,fine-tuned,
1153,fine-tuned,
1154,fine-tuned,
1155,fine-tuned,"4,2,3"
1156,fine-tuned,
1157,fine-tuned,5
1158,fine-tuned,4
1159,fine-tuned,"4,6,4"
1160,fine-tuned,
1161,fine-tuned,3
1162,fine-tuned,"4,3,5"
1163,fine-tuned,"3,4,2"
1164,fine-tuned,"1,3,3"
1165,fine-tuned,"5,3"
1166,fine-tuned,"4,4,5"
1167,fine-tuned,"6,4,6"
1168,fine-tuned,2
1169,fine-tuned,
1170,fine-tuned,"3,4,6"
1171,fine-tuned,"3,5,2"
1172,fine-tuned,"6,2,1"
1173,fine-tuned,3
1174,fine-tuned,"4,1,1"
1175,fine-tuned,"5,5,6"
1176,fine-tuned,"1,4"
1177,fine-tuned,
1178,fine-tuned,"3,5,2"
1179,fine-tuned,"1,3,3"
1180,fine-tuned,"5,3,5"
1181,fine-tuned,
1182,fine-tuned,
1183,fine-tuned,"4,2,6"
1184,fine-tuned,"1,5"
1185,fine-tuned,"2,6,3"
1186,fine-tuned,"3,2,5"
1187,fine-tuned,"4,1,2"
1188,fine-tuned,"2,6,4"
1189,fine-tuned,
1190,fine-tuned,2
1191,fine-tuned,"1,4,3"
1192,fine-tuned,"1,2,4"
1193,fine-tuned,"1,6,6"
1194,fine-tuned,
1195,fine-tuned,"1,3,6"
1196,fine-tuned,"1,2,3"
1197,fine-tuned,"6,3,4"
1198,fine-tuned,"5,1,6"
1199,fine-tuned,"4,1,5"
1200,fine-tuned,"2,5,4"
1201,fine-tuned,1
1202,fine-tuned,"3,2"
1203,fine-tuned,
1204,fine-tuned,"3,6,6"
1205,fine-tuned,"3,5,1"
1206,fine-tuned,
1207,fine-tuned,"3,2,3"
1208,fine-tuned,"3,6"
1209,fine-tuned,
1210,fine-tuned,"6,2,1"
1211,fine-tuned,"4,3,6"
1212,fine-tuned,"2,4,5"
1213,fine-tuned,"1,6,1"
1214,fine-tuned,"4,5,3"
1215,fine-tuned,"5,2,4"
1216,fine-tuned,
1217,fine-tuned,"2,2,6"
1218,fine-tuned,"3,5,5"
1219,fine-tuned,"1,1,6"
1220,fine-tuned,
1221,fine-tuned,"1,3"
1222,fine-tuned,
1223,fine-tuned,"1,4,4"
1224,fine-tuned,"4,4,5"
1225,fine-tuned,"4,6,3"
1226,fine-tuned,
1227,fine-tuned,
1228,fine-tuned,"2,4"
1229,fine-tuned,"3,3,2"
1230,fine-tuned,
1231,fine-tuned,"4,2,1"
1232,fine-tuned,"4,4,3"
1233,fine-tuned,"2,1,2"
1234,fine-tuned,"1,2,3"
1235,fine-tuned,"3,5,1"
1236,fine-tuned,"1,3"
1237,fine-tuned,
1238,fine-tuned,"2,3,2"
1239,fine-tuned,"4,1,3"
1240,fine-tuned,"4,5,2"
1241,fine-tuned,"2,4,6"
1242,fine-tuned,"5,1,3"
1243,fine-tuned,"3,4,3"
1244,fine-tuned,"3,1"
1245,fine-tuned,
1246,fine-tuned,
1247,fine-tuned,"1,6,3"
1248,fine-tuned,"5,3"
1249,fine-tuned,
1250,fine-tuned,"2,1,2"
1251,fine-tuned,"1,3,5"
1252,fine-tuned,"5,2,2"
1253,fine-tuned,
1254,fine-tuned,
1255,fine-tuned,
1256,fine-tuned,"2,4,4"
1257,fine-tuned,"4,3,3"
1258,fine-tuned,
1259,fine-tuned,"6,4,5"
1260,fine-tuned,
1261,fine-tuned,"3,6,4"
1262,fine-tuned,
1263,fine-tuned,"6,1,3"
1264,fine-tuned,"4,6,1"
1265,fine-tuned,"3,2,2"
1266,fine-tuned,
1267,fine-tuned,
1268,fine-tuned,
1269,fine-tuned,"1,6,6"
1270,fine-tuned,"1,1,6"
1271,fine-tuned,3
1272,fine-tuned,
1273,fine-tuned,
1274,fine-tuned,"3,2,5"
1275,fine-tuned,"1,3,5"
1276,fine-tuned,
1277,fine-tuned,
1278,fine-tuned,
1279,fine-tuned,"6,4,2"
1280,fine-tuned,
1281,fine-tuned,"4,3,5"
1282,fine-tuned,"1,5,1"
1283,fine-tuned,"3,5,1"
1284,fine-tuned,"2,1"
1285,fine-tuned,"1,1,3"
1286,fine-tuned,
1287,fine-tuned,
1288,fine-tuned,"6,5"
1289,fine-tuned,
1290,fine-tuned,"1,6"
1291,fine-tuned,
1292,fine-tuned,
1293,fine-tuned,3
1294,fine-tuned,"5,4,6"
1295,fine-tuned,"4,3,1"
1296,fine-tuned,"1,3,2"
1297,fine-tuned,
1298,fine-tuned,
1299,fine-tuned,"5,6,4"
1300,fine-tuned,"1,1,4"
1301,fine-tuned,3
1302,fine-tuned,
1303,fine-tuned,"5,1,4"
1304,fine-tuned,"5,1,4"
1305,fine-tuned,"1,2,2"
1306,fine-tuned,
1307,fine-tuned,"6,2,2"
1308,fine-tuned,"2,6,3"
1309,fine-tuned,"5,1,1"
1310,fine-tuned,"1,1,3"
1311,fine-tuned,
1312,fine-tuned,"2,3,1"
1313,fine-tuned,
1314,fine-tuned,"2,5,4"
1315,fine-tuned,
1316,fine-tuned,"5,4"
1317,fine-tuned,"1,2,3"
1318,fine-tuned,"2,6,5"
1319,fine-tuned,5
1320,fine-tuned,
1321,fine-tuned,"2,2,3"
1322,fine-tuned,"1,5,4"
1323,fine-tuned,
1324,fine-tuned,
1325,fine-tuned,"1,2,5"
1326,fine-tuned,"6,3,4"
1327,fine-tuned,"4,2,6"
1328,fine-tuned,
1329,fine-tuned,"5,1,2"
1330,fine-tuned,"6,6,2"
1331,fine-tuned,"5,1,1"
1332,fine-tuned,
1333,fine-tuned,"6,6,1"
1334,fine-tuned,"1,4,2"
1335,fine-tuned,
1336,fine-tuned,"3,6,4"
1337,fine-tuned,"5,3,4"
1338,fine-tuned,"3,2,4"
1339,fine-tuned,
1340,fine-tuned,"1,6,6"
1341,fine-tuned,"1,2,3"
1342,fine-tuned,"3,3,5"
1343,fine-tuned,
1344,fine-tuned,
1345,fine-tuned,
1346,fine-tuned,
1347,fine-tuned,
1348,fine-tuned,"3,1,2"
1349,fine-tuned,"5,2,6"
1350,fine-tuned,
1351,fine-tuned,
1352,fine-tuned,"1,3,2"
1353,fine-tuned,"5,5,3"
1354,fine-tuned,"3,1,6"
1355,fine-tuned,"1,1,6"
1356,fine-tuned,"2,2"
1357,fine-tuned,
1358,fine-tuned,"3,5,1"
1359,fine-tuned,"3,4,3"
1360,fine-tuned,3
1361,fine-tuned,"3,1,1"
1362,fine-tuned,"3,2,5"
1363,fine-tuned,"1,5,5"
1364,fine-tuned,
1365,fine-tuned,"6,3,1"
1366,fine-tuned,"2,4,2"
1367,fine-tuned,"5,4,5"
1368,fine-tuned,
1369,fine-tuned,
1370,fine-tuned,
1371,fine-tuned,
1372,fine-tuned,3
1373,fine-tuned,"3,3,3"
1374,fine-tuned,"4,3,3"
1375,fine-tuned,"3,6,6"
1376,fine-tuned,
1377,fine-tuned,
1378,fine-tuned,"3,4,1"
1379,fine-tuned,3
1380,fine-tuned,"4,2,5"
1381,fine-tuned,"6,3,6"
1382,fine-tuned,"1,6,1"
1383,fine-tuned,
1384,fine-tuned,
1385,fine-tuned,"3,1,6"
1386,fine-tuned,"1,4,4"
1387,fine-tuned,"2,3,5"
1388,fine-tuned,"6,3,2"
1389,fine-tuned,"5,2,4"
1390,fine-tuned,"3,1,2"
1391,fine-tuned,
1392,fine-tuned,"1,2,3"
1393,fine-tuned,"1,1,4"
1394,fine-tuned,"2,5,3"
1395,fine-tuned,"6,4"
1396,fine-tuned,"1,6,3"
1397,fine-tuned,"1,5,6"
1398,fine-tuned,"2,4,4"
1399,fine-tuned,"2,1,6"
1400,fine-tuned,"1,1,1"
1401,fine-tuned,"2,3,5"
1402,fine-tuned,"1,2,4"
1403,fine-tuned,"2,2,2"
1404,fine-tuned,"4,2"
1405,fine-tuned,"1,2,4"
1406,fine-tuned,"2,6,1"
1407,fine-tuned,"6,5"
1408,fine-tuned,
1409,fine-tuned,
1410,fine-tuned,"2,6,6"
1411,fine-tuned,"1,1,2"
1412,fine-tuned,"5,1,5"
1413,fine-tuned,"3,1,4"
1414,fine-tuned,5
1415,fine-tuned,"2,1"
1416,fine-tuned,"3,3,3"
1417,fine-tuned,
1418,fine-tuned,"3,2,6"
1419,fine-tuned,
1420,fine-tuned,"5,3,2"
1421,fine-tuned,
1422,fine-tuned,"3,3,4"
1423,fine-tuned,3
1424,fine-tuned,"3,2,4"
1425,fine-tuned,"1,3,3"
1426,fine-tuned,"5,6,1"
1427,fine-tuned,"6,1,6"
1428,fine-tuned,"1,2,3"
1429,fine-tuned,"1,3"
1430,fine-tuned,"3,5,3"
1431,fine-tuned,"5,1,6"
1432,fine-tuned,"1,1,6"
1433,fine-tuned,"2,5,6"
1434,fine-tuned,"6,5,4"
1435,fine-tuned,"3,5,2"
1436,fine-tuned,"3,2,6"
1437,fine-tuned,"4,2,3"
1438,fine-tuned,"2,4,1"
1439,fine-tuned,"5,2,3"
1440,fine-tuned,"3,5,6"
1441,fine-tuned,"4,3,1"
1442,fine-tuned,"3,4,5"
1443,fine-tuned,
1444,fine-tuned,"6,4,2"
1445,fine-tuned,"3,6,6"
1446,fine-tuned,
1447,fine-tuned,
1448,fine-tuned,
1449,fine-tuned,
1450,fine-tuned,4
1451,fine-tuned,
1452,fine-tuned,"4,3,3"
1453,fine-tuned,"2,5,2"
1454,fine-tuned,"6,3,3"
1455,fine-tuned,"3,6,4"
1456,fine-tuned,
1457,fine-tuned,"4,6,4"
1458,fine-tuned,"3,6"
1459,fine-tuned,
1460,fine-tuned,"5,4,1"
1461,fine-tuned,
1462,fine-tuned,"3,6,2"
1463,fine-tuned,"3,3,5"
1464,fine-tuned,"2,1,6"
1465,fine-tuned,"6,3,1"
1466,fine-tuned,"5,2,6"
1467,fine-tuned,
1468,fine-tuned,
1469,fine-tuned,"1,1,2"
1470,fine-tuned,"3,2,5"
1471,fine-tuned,"3,1,2"
1472,fine-tuned,"1,5,6"
1473,fine-tuned,"3,1,6"
1474,fine-tuned,"1,5,1"
1475,fine-tuned,
1476,fine-tuned,"1,2"
1477,fine-tuned,"2,6"
1478,fine-tuned,"4,3,6"
1479,fine-tuned,
1480,fine-tuned,"4,4,6"
1481,fine-tuned,
1482,fine-tuned,
1483,fine-tuned,
1484,fine-tuned,"4,3,1"
1485,fine-tuned,
1486,fine-tuned,"3,5,6"
1487,fine-tuned,"1,1,6"
1488,fine-tuned,
1489,fine-tuned,"5,1,1"
1490,fine-tuned,"4,2,2"
1491,fine-tuned,
1492,fine-tuned,"1,5,2"
1493,fine-tuned,
1494,fine-tuned,"2,3,6"
1495,fine-tuned,"1,3,2"
1496,fine-tuned,"4,6,1"
1497,fine-tuned,
1498,fine-tuned,1
1499,fine-tuned,
1500,fine-tuned,"3,2,6"
1501,fine-tuned,
1502,fine-tuned,"4,2,4"
1503,fine-tuned,"3,5,4"
1504,fine-tuned,"4,5,2"
1505,fine-tuned,"1,4"
1506,fine-tuned,"2,3,6"
1507,fine-tuned,
1508,fine-tuned,
1509,fine-tuned,"3,4,5"
1510,fine-tuned,3
1511,fine-tuned,"3,1,5"
1512,fine-tuned,
1513,fine-tuned,"1,3,1"
1514,fine-tuned,"3,1,6"
1515,fine-tuned,"6,2,1"
1516,fine-tuned,"1,3,1"
1517,fine-tuned,"3,3,6"
1518,fine-tuned,"2,3,2"
1519,fine-tuned,
1520,fine-tuned,"5,5,6"
1521,fine-tuned,"2,1,3"
1522,fine-tuned,"2,1,1"
1523,fine-tuned,
1524,fine-tuned,"1,6,5"
1525,fine-tuned,
1526,fine-tuned,
1527,fine-tuned,"2,4,4"
1528,fine-tuned,"1,5"
1529,fine-tuned,"1,1,6"
1530,fine-tuned,"4,4,6"
1531,fine-tuned,
1532,fine-tuned,"2,4,2"
1533,fine-tuned,"3,4,5"
1534,fine-tuned,3
1535,fine-tuned,"5,3,4"
1536,fine-tuned,"3,4,5"
1537,fine-tuned,5
1538,fine-tuned,"5,1,5"
1539,fine-tuned,"4,6,1"
1540,fine-tuned,"6,1,1"
1541,fine-tuned,"2,2,5"
1542,fine-tuned,
1543,fine-tuned,"2,4,1"
1544,fine-tuned,
1545,fine-tuned,
1546,fine-tuned,"3,1,5"
1547,fine-tuned,
1548,fine-tuned,"6,2,3"
1549,fine-tuned,"6,3,3"
1550,fine-tuned,
1551,fine-tuned,"1,1,1"
1552,fine-tuned,
1553,fine-tuned,"6,3"
1554,fine-tuned,"1,3,1"
1555,fine-tuned,
1556,fine-tuned,
1557,fine-tuned,
1558,fine-tuned,
1559,fine-tuned,
1560,fine-tuned,"6,4,4"
1561,fine-tuned,"6,6,2"
1562,fine-tuned,"6,5,6"
1563,fine-tuned,"1,2,3"
1564,fine-tuned,
1565,fine-tuned,"3,3,4"
1566,fine-tuned,
1567,fine-tuned,"1,1,2"
1568,fine-tuned,"3,5,6"
1569,fine-tuned,
1570,fine-tuned,
1571,fine-tuned,"1,1"
1572,fine-tuned,
1573,fine-tuned,"3,5,2"
1574,fine-tuned,"3,3"
1575,fine-tuned,"2,5,3"
1576,fine-tuned,"2,5,2"
1577,fine-tuned,"5,4,2"
1578,fine-tuned,3
1579,fine-tuned,3
1580,fine-tuned,"3,5,4"
1581,fine-tuned,"2,5,6"
1582,fine-tuned,
1583,fine-tuned,"1,6,2"
1584,fine-tuned,"4,3,1"
1585,fine-tuned,"5,3"
1586,fine-tuned,"2,2,5"
1587,fine-tuned,
1588,fine-tuned,"3,1,6"
1589,fine-tuned,"1,4,2"
1590,fine-tuned,"2,3,2"
1591,fine-tuned,"4,4,3"
1592,fine-tuned,
1593,fine-tuned,"5,6,1"
1594,fine-tuned,"6,4,1"
1595,fine-tuned,"2,5,6"
1596,fine-tuned,"1,4,5"
1597,fine-tuned,"4,6,5"
1598,fine-tuned,"6,1"
1599,fine-tuned,"1,3,1"
1600,fine-tuned,"3,6,4"
1601,fine-tuned,"1,6,1"
1602,fine-tuned,
1603,fine-tuned,"4,6,2"
1604,fine-tuned,"3,1,6"
1605,fine-tuned,6
1606,fine-tuned,"1,2,3"
1607,fine-tuned,
1608,fine-tuned,
1609,fine-tuned,"3,6,2"
1610,fine-tuned,
1611,fine-tuned,
1612,fine-tuned,"1,6"
1613,fine-tuned,"2,6,2"
1614,fine-tuned,"4,6,6"
1615,fine-tuned,"4,1"
1616,fine-tuned,"2,6,3"
1617,fine-tuned,"1,1,2"
1618,fine-tuned,"4,1,4"
1619,fine-tuned,
1620,fine-tuned,
1621,fine-tuned,"5,6,1"
1622,fine-tuned,"3,5,2"
1623,fine-tuned,3
1624,fine-tuned,
1625,fine-tuned,
1626,fine-tuned,"1,6,1"
1627,fine-tuned,
1628,fine-tuned,"6,6,4"
1629,fine-tuned,
1630,fine-tuned,"5,4,5"
1631,fine-tuned,"1,5,4"
1632,fine-tuned,"6,4,2"
1633,fine-tuned,"6,2,6"
1634,fine-tuned,"4,6,3"
1635,fine-tuned,
1636,fine-tuned,
1637,fine-tuned,
1638,fine-tuned,"3,3,5"
1639,fine-tuned,"6,5,2"
1640,fine-tuned,"1,5,4"
1641,fine-tuned,"5,3,4"
1642,fine-tuned,"5,4"
1643,fine-tuned,"2,6,4"
1644,fine-tuned,"4,4,5"
1645,fine-tuned,"5,1,2"
1646,fine-tuned,"3,4,6"
1647,fine-tuned,"3,1,1"
1648,fine-tuned,"2,5,1"
1649,fine-tuned,"5,2,2"
1650,fine-tuned,"1,3,2"
1651,fine-tuned,3
1652,fine-tuned,"6,3,3"
1653,fine-tuned,"3,2,2"
1654,fine-tuned,"3,1,2"
1655,fine-tuned,
1656,fine-tuned,
1657,fine-tuned,"2,2,1"
1658,fine-tuned,"1,1"
1659,fine-tuned,"6,5,5"
1660,fine-tuned,
1661,fine-tuned,"4,4,6"
1662,fine-tuned,"4,3,1"
1663,fine-tuned,"1,2,2"
1664,fine-tuned,
1665,fine-tuned,
1666,fine-tuned,
1667,fine-tuned,"3,2,2"
1668,fine-tuned,
1669,fine-tuned,"1,1,4"
1670,fine-tuned,
1671,fine-tuned,"2,3,4"
1672,fine-tuned,"2,3,3"
1673,fine-tuned,"3,6,3"
1674,fine-tuned,"3,6"
1675,fine-tuned,"1,4,5"
1676,fine-tuned,"3,1,5"
1677,fine-tuned,
1678,fine-tuned,"4,4,2"
1679,fine-tuned,"2,6,3"
1680,fine-tuned,
1681,fine-tuned,
1682,fine-tuned,"4,1,6"
1683,fine-tuned,"1,4,4"
1684,fine-tuned,"2,2,1"
1685,fine-tuned,"3,1,6"
1686,fine-tuned,"3,4,6"
1687,fine-tuned,"2,5,4"
1688,fine-tuned,"3,5,3"
1689,fine-tuned,3
1690,fine-tuned,"3,6,4"
1691,fine-tuned,"4,4,6"
1692,fine-tuned,
1693,fine-tuned,"1,4,6"
1694,fine-tuned,"1,6,3"
1695,fine-tuned,3
1696,fine-tuned,"5,3,5"
1697,fine-tuned,"3,2,2"
1698,fine-tuned,"6,2,1"
1699,fine-tuned,"4,1,3"
1700,fine-tuned,"1,2,2"
1701,fine-tuned,"3,5,3"
1702,fine-tuned,
1703,fine-tuned,"6,5,2"
1704,fine-tuned,"1,2,4"
1705,fine-tuned,"6,6"
1706,fine-tuned,"3,2"
1707,fine-tuned,"4,1,1"
1708,fine-tuned,"4,1,4"
1709,fine-tuned,
1710,fine-tuned,"1,5,5"
1711,fine-tuned,"1,6,2"
1712,fine-tuned,"5,1,3"
1713,fine-tuned,"1,2,3"
1714,fine-tuned,"5,1,2"
1715,fine-tuned,"5,5,5"
1716,fine-tuned,"1,5"
1717,fine-tuned,4
1718,fine-tuned,
1719,fine-tuned,"4,5,2"
1720,fine-tuned,"4,5,6"
1721,fine-tuned,"1,2,1"
1722,fine-tuned,"5,4,1"
1723,fine-tuned,"4,3,2"
1724,fine-tuned,"3,3,3"
1725,fine-tuned,
1726,fine-tuned,"1,2,3"
1727,fine-tuned,3
1728,fine-tuned,"1,2,2"
1729,fine-tuned,
1730,fine-tuned,
1731,fine-tuned,
1732,fine-tuned,"6,4,3"
1733,fine-tuned,
1734,fine-tuned,"1,1,6"
1735,fine-tuned,
1736,fine-tuned,
1737,fine-tuned,"1,4,4"
1738,fine-tuned,"4,4,6"
1739,fine-tuned,"3,4,5"
1740,fine-tuned,"6,2,3"
1741,fine-tuned,
1742,fine-tuned,"3,1,6"
1743,fine-tuned,
1744,fine-tuned,"3,1,5"
1745,fine-tuned,"1,1,1"
1746,fine-tuned,"2,1,2"
1747,fine-tuned,
1748,fine-tuned,"3,2,2"
1749,fine-tuned,
1750,fine-tuned,"2,1"
1751,fine-tuned,
1752,fine-tuned,"3,1,6"
1753,fine-tuned,
1754,fine-tuned,"3,4,2"
1755,fine-tuned,"1,1,3"
1756,fine-tuned,
1757,fine-tuned,
1758,fine-tuned,"4,5,3"
1759,fine-tuned,"5,2,5"
1760,fine-tuned,6
1761,fine-tuned,
1762,fine-tuned,"2,5,3"
1763,fine-tuned,"3,6,2"
1764,fine-tuned,
1765,fine-tuned,"3,1,6"
1766,fine-tuned,"3,4,4"
1767,fine-tuned,"5,4,1"
1768,fine-tuned,"3,1,6"
1769,fine-tuned,"2,5,3"
1770,fine-tuned,
1771,fine-tuned,2
1772,fine-tuned,"1,3,2"
1773,fine-tuned,"5,2"
1774,fine-tuned,
1775,fine-tuned,"3,3,3"
1776,fine-tuned,1
1777,fine-tuned,"1,1,5"
1778,fine-tuned,"3,3,3"
1779,fine-tuned,"5,1,5"
1780,fine-tuned,"4,2,5"
1781,fine-tuned,
1782,fine-tuned,
1783,fine-tuned,"6,3"
1784,fine-tuned,"1,1"
1785,fine-tuned,"5,5,6"
1786,fine-tuned,"5,3,5"
1787,fine-tuned,"2,1"
1788,fine-tuned,"3,2,4"
1789,fine-tuned,"1,5,3"
1790,fine-tuned,"2,4"
1791,fine-tuned,"4,1,5"
1792,fine-tuned,"3,5,5"
1793,fine-tuned,"1,1,4"
1794,fine-tuned,"2,3,1"
1795,fine-tuned,
1796,fine-tuned,"2,2,6"
1797,fine-tuned,"6,1,6"
1798,fine-tuned,"5,3,6"
1799,fine-tuned,"2,1,2"
1800,fine-tuned,
1801,fine-tuned,"4,5,5"
1802,fine-tuned,"6,4,1"
1803,fine-tuned,
1804,fine-tuned,"3,4,2"
1805,fine-tuned,"5,6"
1806,fine-tuned,"2,1,3"
1807,fine-tuned,
1808,fine-tuned,"4,6"
1809,fine-tuned,
1810,fine-tuned,
1811,fine-tuned,"5,6,5"
1812,fine-tuned,"6,1,1"
1813,fine-tuned,"3,5,2"
1814,fine-tuned,"3,5,2"
1815,fine-tuned,
1816,fine-tuned,"5,6,4"
1817,fine-tuned,
1818,fine-tuned,3
1819,fine-tuned,"3,1,4"
1820,fine-tuned,"3,3,2"
1821,fine-tuned,
1822,fine-tuned,"1,2,3"
1823,fine-tuned,"4,1,1"
1824,fine-tuned,5
1825,fine-tuned,
1826,fine-tuned,
1827,fine-tuned,
1828,fine-tuned,
1829,fine-tuned,5
1830,fine-tuned,"3,3,1"
1831,fine-tuned,
1832,fine-tuned,"5,5,4"
1833,fine-tuned,"4,3,6"
1834,fine-tuned,
1835,fine-tuned,"2,1,3"
1836,fine-tuned,"4,4,4"
1837,fine-tuned,
1838,fine-tuned,"3,2,5"
1839,fine-tuned,"4,6,5"
1840,fine-tuned,"6,6,3"
1841,fine-tuned,"3,5,4"
1842,fine-tuned,
1843,fine-tuned,
1844,fine-tuned,
1845,fine-tuned,
1846,fine-tuned,"3,4,1"
1847,fine-tuned,
1848,fine-tuned,"5,2,2"
1849,fine-tuned,"2,6,2"
1850,fine-tuned,"4,2,4"
1851,fine-tuned,"2,2,2"
1852,fine-tuned,"3,6,4"
1853,fine-tuned,"1,3,2"
1854,fine-tuned,"4,5,2"
1855,fine-tuned,"1,3,5"
1856,fine-tuned,"1,3,5"
1857,fine-tuned,"1,2,4"
1858,fine-tuned,"3,3,5"
1859,fine-tuned,"3,5,5"
1860,fine-tuned,
1861,fine-tuned,"1,1"
1862,fine-tuned,
1863,fine-tuned,"4,4,2"
1864,fine-tuned,"6,2,1"
1865,fine-tuned,"3,4,2"
1866,fine-tuned,
1867,fine-tuned,3
1868,fine-tuned,
1869,fine-tuned,
1870,fine-tuned,2
1871,fine-tuned,"1,2,5"
1872,fine-tuned,"6,2,6"
1873,fine-tuned,"5,4,1"
1874,fine-tuned,"2,1"
1875,fine-tuned,
1876,fine-tuned,
1877,fine-tuned,3
1878,fine-tuned,"2,6,5"
1879,fine-tuned,"6,3,4"
1880,fine-tuned,"1,6,1"
1881,fine-tuned,"3,5,5"
1882,fine-tuned,"1,5"
1883,fine-tuned,"2,6,1"
1884,fine-tuned,"3,1,2"
1885,fine-tuned,
1886,fine-tuned,"6,3,6"
1887,fine-tuned,"1,4,3"
1888,fine-tuned,"5,4,5"
1889,fine-tuned,
1890,fine-tuned,"2,2,2"
1891,fine-tuned,
1892,fine-tuned,"3,3,1"
1893,fine-tuned,"2,2,5"
1894,fine-tuned,
1895,fine-tuned,
1896,fine-tuned,
1897,fine-tuned,
1898,fine-tuned,
1899,fine-tuned,"4,6,2"
1900,fine-tuned,"1,1"
1901,fine-tuned,3
1902,fine-tuned,
1903,fine-tuned,"4,1,1"
1904,fine-tuned,
1905,fine-tuned,
1906,fine-tuned,"2,2,5"
1907,fine-tuned,"4,4,4"
1908,fine-tuned,
1909,fine-tuned,"5,6,4"
1910,fine-tuned,
1911,fine-tuned,"2,4,4"
1912,fine-tuned,
1913,fine-tuned,
1914,fine-tuned,"1,4,4"
1915,fine-tuned,
1916,fine-tuned,"5,5,4"
1917,fine-tuned,"4,3,6"
1918,fine-tuned,"1,2,6"
1919,fine-tuned,
1920,fine-tuned,
1921,fine-tuned,"6,4,3"
1922,fine-tuned,"4,1,5"
1923,fine-tuned,
1924,fine-tuned,
1925,fine-tuned,"1,1,4"
1926,fine-tuned,"4,4,4"
1927,fine-tuned,"2,1,5"
1928,fine-tuned,"3,2,4"
1929,fine-tuned,"1,3,4"
1930,fine-tuned,
1931,fine-tuned,"2,3,1"
1932,fine-tuned,"3,1,5"
1933,fine-tuned,"1,2,3"
1934,fine-tuned,"6,3,4"
1935,fine-tuned,"2,5,5"
1936,fine-tuned,5
1937,fine-tuned,"3,1,6"
1938,fine-tuned,"2,2,2"
1939,fine-tuned,
1940,fine-tuned,"4,4,1"
1941,fine-tuned,
1942,fine-tuned,"4,1,6"
1943,fine-tuned,"4,1,4"
1944,fine-tuned,"3,1,6"
1945,fine-tuned,"3,6,1"
1946,fine-tuned,"3,2,1"
1947,fine-tuned,4
1948,fine-tuned,"3,3"
1949,fine-tuned,"4,1,4"
1950,fine-tuned,"2,2,1"
1951,fine-tuned,"6,2,3"
1952,fine-tuned,
1953,fine-tuned,"1,3,4"
1954,fine-tuned,
1955,fine-tuned,"4,3,6"
1956,fine-tuned,"4,1"
1957,fine-tuned,
1958,fine-tuned,
1959,fine-tuned,"4,6,4"
1960,fine-tuned,
1961,fine-tuned,"2,3,1"
1962,fine-tuned,"1,6"
1963,fine-tuned,
1964,fine-tuned,"1,2,4"
1965,fine-tuned,"5,4"
1966,fine-tuned,"2,4,5"
1967,fine-tuned,"3,6,1"
1968,fine-tuned,
1969,fine-tuned,
1970,fine-tuned,
1971,fine-tuned,"4,1,5"
1972,fine-tuned,"5,3,4"
1973,fine-tuned,"6,1,1"
1974,fine-tuned,"5,2,6"
1975,fine-tuned,
1976,fine-tuned,"6,1,5"
1977,fine-tuned,5
1978,fine-tuned,"3,3"
1979,fine-tuned,"1,3,1"
1980,fine-tuned,"4,6,5"
1981,fine-tuned,
1982,fine-tuned,"3,2,4"
1983,fine-tuned,
1984,fine-tuned,"4,1"
1985,fine-tuned,
1986,fine-tuned,"4,2,3"
1987,fine-tuned,3
1988,fine-tuned,"2,3,5"
1989,fine-tuned,"1,2,3"
1990,fine-tuned,"3,2,1"
1991,fine-tuned,"3,1"
1992,fine-tuned,
1993,fine-tuned,
1994,fine-tuned,4
1995,fine-tuned,"3,5,4"
1996,fine-tuned,3
1997,fine-tuned,"4,6,2"
1998,fine-tuned,"2,4,3"
1999,fine-tuned,"1,2,3"
2000,fine-tuned,"6,2,4"
2001,fine-tuned,
2002,fine-tuned,"3,6,6"
2003,fine-tuned,"3,1,1"
2004,fine-tuned,
2005,fine-tuned,"3,2,1"
2006,fine-tuned,"1,1"
2007,fine-tuned,"5,6,6"
2008,fine-tuned,"5,5,5"
2009,fine-tuned,"3,4,4"
2010,fine-tuned,"1,4,6"
2011,fine-tuned,"4,6,2"
2012,fine-tuned,"2,3,3"
2013,fine-tuned,1
2014,fine-tuned,2
2015,fine-tuned,"3,2,5"
2016,fine-tuned,
2017,fine-tuned,"6,3,4"
2018,fine-tuned,
2019,fine-tuned,"1,4,6"
2020,fine-tuned,
2021,fine-tuned,"1,2,6"
2022,fine-tuned,
2023,fine-tuned,5
2024,fine-tuned,"3,2,3"
2025,fine-tuned,
2026,fine-tuned,"2,1,1"
2027,fine-tuned,"6,4,3"
2028,fine-tuned,"2,2,5"
2029,fine-tuned,"2,4,3"
2030,fine-tuned,"2,3,6"
2031,fine-tuned,"4,6,3"
2032,fine-tuned,
2033,fine-tuned,5
2034,fine-tuned,"3,4,1"
2035,fine-tuned,
2036,fine-tuned,"4,3,2"
2037,fine-tuned,"3,1,6"
2038,fine-tuned,
2039,fine-tuned,"4,3,1"
2040,fine-tuned,"4,1,3"
2041,fine-tuned,
2042,fine-tuned,
2043,fine-tuned,"4,2,3"
2044,fine-tuned,
2045,fine-tuned,"2,2,1"
2046,fine-tuned,"2,3"
2047,fine-tuned,"3,1,6"
2048,fine-tuned,"3,2,1"
2049,fine-tuned,
2050,fine-tuned,"6,1"
2051,fine-tuned,
2052,fine-tuned,"5,5,2"
2053,fine-tuned,"6,6"
2054,fine-tuned,
2055,fine-tuned,"3,1,5"
2056,fine-tuned,
2057,fine-tuned,"5,2,4"
2058,fine-tuned,"5,5,3"
2059,fine-tuned,"5,5,2"
2060,fine-tuned,"3,3,4"
2061,fine-tuned,"2,3,5"
2062,fine-tuned,"5,2,1"
2063,fine-tuned,
2064,fine-tuned,"5,4,3"
2065,fine-tuned,"3,1"
2066,fine-tuned,"3,2,6"
2067,fine-tuned,"2,1,4"
2068,fine-tuned,
2069,fine-tuned,"1,2,3"
2070,fine-tuned,"3,2"
2071,fine-tuned,
2072,fine-tuned,"1,1,2"
2073,fine-tuned,"6,1,5"
2074,fine-tuned,
2075,fine-tuned,2
2076,fine-tuned,"5,3,5"
2077,fine-tuned,"4,5,1"
2078,fine-tuned,"5,3,3"
2079,fine-tuned,"3,1,6"
2080,fine-tuned,"3,3,3"
2081,fine-tuned,
2082,fine-tuned,"1,3"
2083,fine-tuned,"3,3,6"
2084,fine-tuned,"6,4"
2085,fine-tuned,
2086,fine-tuned,"1,3,5"
2087,fine-tuned,"5,6,1"
2088,fine-tuned,"1,6"
2089,fine-tuned,"1,2,3"
2090,fine-tuned,
2091,fine-tuned,"3,4,6"
2092,fine-tuned,3
2093,fine-tuned,"3,1,6"
2094,fine-tuned,"3,3,3"
2095,fine-tuned,"5,5,3"
2096,fine-tuned,"6,3,6"
2097,fine-tuned,
2098,fine-tuned,"6,5,5"
2099,fine-tuned,3
2100,fine-tuned,"6,1"
2101,fine-tuned,
2102,fine-tuned,"4,5,1"
2103,fine-tuned,
2104,fine-tuned,
2105,fine-tuned,
2106,fine-tuned,"1,2,2"
2107,fine-tuned,"2,1,2"
2108,fine-tuned,"2,5,3"
2109,fine-tuned,
2110,fine-tuned,
2111,fine-tuned,5
2112,fine-tuned,"1,1,4"
2113,fine-tuned,
2114,fine-tuned,"5,3,3"
2115,fine-tuned,"3,2,6"
2116,fine-tuned,"6,3,1"
2117,fine-tuned,"5,6,3"
2118,fine-tuned,"1,4,3"
2119,fine-tuned,"5,2,2"
2120,fine-tuned,"1,5,4"
2121,fine-tuned,1
2122,fine-tuned,"2,1,1"
2123,fine-tuned,"5,1,1"
2124,fine-tuned,"1,3,6"
2125,fine-tuned,
2126,fine-tuned,
2127,fine-tuned,
2128,fine-tuned,"6,4,1"
2129,fine-tuned,"5,5,4"
2130,fine-tuned,
2131,fine-tuned,
2132,fine-tuned,"1,1"
2133,fine-tuned,"4,5,2"
2134,fine-tuned,"3,5,5"
2135,fine-tuned,"5,2,6"
2136,fine-tuned,
2137,fine-tuned,"2,6,4"
2138,fine-tuned,
2139,fine-tuned,"1,5,2"
2140,fine-tuned,"3,1,5"
2141,fine-tuned,"2,2,1"
2142,fine-tuned,"6,6,4"
2143,fine-tuned,"1,4,5"
2144,fine-tuned,"2,4,4"
2145,fine-tuned,
2146,fine-tuned,"4,5,5"
2147,fine-tuned,"1,1,2"
2148,fine-tuned,
2149,fine-tuned,
2150,fine-tuned,2
2151,fine-tuned,"4,5,3"
2152,fine-tuned,
2153,fine-tuned,"6,3,2"
2154,fine-tuned,"4,6,2"
2155,fine-tuned,"5,2,3"
2156,fine-tuned,"1,1,2"
2157,fine-tuned,"1,6,3"
2158,fine-tuned,
2159,fine-tuned,"5,2,2"
2160,fine-tuned,"1,6,2"
2161,fine-tuned,"6,1,6"
2162,fine-tuned,
2163,fine-tuned,
2164,fine-tuned,"2,2,2"
2165,fine-tuned,"3,6"
2166,fine-tuned,"5,3,4"
2167,fine-tuned,
2168,fine-tuned,"5,1,2"
2169,fine-tuned,
2170,fine-tuned,
2171,fine-tuned,3
2172,fine-tuned,3
2173,fine-tuned,"2,5,5"
2174,fine-tuned,"2,6,3"
2175,fine-tuned,"4,2,6"
2176,fine-tuned,"2,1,4"
2177,fine-tuned,"2,4,3"
2178,fine-tuned,
2179,fine-tuned,
2180,fine-tuned,
2181,fine-tuned,"4,2,3"
2182,fine-tuned,"2,3,2"
2183,fine-tuned,"1,3,1"
2184,fine-tuned,"3,1,4"
2185,fine-tuned,1
2186,fine-tuned,"6,3,4"
2187,fine-tuned,"6,2,3"
2188,fine-tuned,"5,2"
2189,fine-tuned,"6,5,1"
2190,fine-tuned,"5,5,4"
2191,fine-tuned,"4,3,6"
2192,fine-tuned,"4,1,4"
2193,fine-tuned,
2194,fine-tuned,
2195,fine-tuned,1
2196,fine-tuned,5
2197,fine-tuned,3
2198,fine-tuned,3
2199,fine-tuned,"2,3,4"
2200,fine-tuned,"4,2,6"
2201,fine-tuned,"2,6,5"
2202,fine-tuned,"4,1,4"
2203,fine-tuned,"3,5,1"
2204,fine-tuned,3
2205,fine-tuned,
2206,fine-tuned,"5,6,3"
2207,fine-tuned,"3,4,4"
2208,fine-tuned,"3,2,6"
2209,fine-tuned,"6,3,4"
2210,fine-tuned,"4,2,1"
2211,fine-tuned,"5,2,5"
2212,fine-tuned,"6,1,2"
2213,fine-tuned,"1,3,4"
2214,fine-tuned,"3,1"
2215,fine-tuned,"2,5,3"
2216,fine-tuned,
2217,fine-tuned,"3,5,1"
2218,fine-tuned,"2,4,4"
2219,fine-tuned,"3,4,2"
2220,fine-tuned,"2,6,4"
2221,fine-tuned,
2222,fine-tuned,
2223,fine-tuned,"1,1,2"
2224,fine-tuned,3
2225,fine-tuned,
2226,fine-tuned,"3,2,6"
2227,fine-tuned,
2228,fine-tuned,"3,3"
2229,fine-tuned,"5,1,3"
2230,fine-tuned,
2231,fine-tuned,
2232,fine-tuned,
2233,fine-tuned,
2234,fine-tuned,
2235,fine-tuned,
2236,fine-tuned,"1,3"
2237,fine-tuned,"1,2,6"
2238,fine-tuned,
2239,fine-tuned,
2240,fine-tuned,"5,6"
2241,fine-tuned,"4,2,4"
2242,fine-tuned,"5,2,2"
2243,fine-tuned,"2,1,1"
2244,fine-tuned,"3,3,2"
2245,fine-tuned,6
2246,fine-tuned,"4,4,4"
2247,fine-tuned,"1,2,3"
2248,fine-tuned,"4,3,3"
2249,fine-tuned,
2250,fine-tuned,"5,6"
2251,fine-tuned,"5,1,6"
2252,fine-tuned,"3,5,2"
2253,fine-tuned,"2,3,1"
2254,fine-tuned,"4,3,6"
2255,fine-tuned,
2256,fine-tuned,"1,6,2"
2257,fine-tuned,"4,2,2"
2258,fine-tuned,
2259,fine-tuned,"6,2,3"
2260,fine-tuned,
2261,fine-tuned,
2262,fine-tuned,
2263,fine-tuned,"4,4,6"
2264,fine-tuned,"2,5,1"
2265,fine-tuned,"1,3,5"
2266,fine-tuned,
2267,fine-tuned,
2268,fine-tuned,"6,1,2"
2269,fine-tuned,"2,6,4"
2270,fine-tuned,"2,1,1"
2271,fine-tuned,"3,1,1"
2272,fine-tuned,"6,2,5"
2273,fine-tuned,"5,6,6"
2274,fine-tuned,
2275,fine-tuned,"1,3,5"
2276,fine-tuned,"6,3,1"
2277,fine-tuned,
2278,fine-tuned,"3,6,1"
2279,fine-tuned,"4,3"
2280,fine-tuned,"1,1,2"
2281,fine-tuned,"5,1,5"
2282,fine-tuned,"3,4,3"
2283,fine-tuned,"1,2,2"
2284,fine-tuned,"1,2,3"
2285,fine-tuned,"2,4,2"
2286,fine-tuned,"6,1,3"
2287,fine-tuned,"2,2,2"
2288,fine-tuned,
2289,fine-tuned,3
2290,fine-tuned,"2,3"
2291,fine-tuned,"2,3,2"
2292,fine-tuned,"4,3,2"
2293,fine-tuned,
2294,fine-tuned,"3,2,3"
2295,fine-tuned,"4,1,2"
2296,fine-tuned,"6,4,3"
2297,fine-tuned,
2298,fine-tuned,"3,3,2"
2299,fine-tuned,
2300,fine-tuned,"2,1,6"
2301,fine-tuned,"2,6,2"
2302,fine-tuned,"3,1,2"
2303,fine-tuned,"2,4,1"
2304,fine-tuned,"3,5,2"
2305,fine-tuned,"1,2,3"
2306,fine-tuned,"5,3,4"
2307,fine-tuned,
2308,fine-tuned,3
2309,fine-tuned,"1,6,3"
2310,fine-tuned,3
2311,fine-tuned,"6,4,3"
2312,fine-tuned,"6,4,5"
2313,fine-tuned,"3,5,3"
2314,fine-tuned,"4,3,2"
2315,fine-tuned,"6,5,5"
2316,fine-tuned,
2317,fine-tuned,"2,3,3"
2318,fine-tuned,"6,2,4"
2319,fine-tuned,"1,2,4"
2320,fine-tuned,"3,1,6"
2321,fine-tuned,"3,2,1"
2322,fine-tuned,"3,4,2"
2323,fine-tuned,
2324,fine-tuned,
2325,fine-tuned,"1,6,6"
2326,fine-tuned,"2,3,2"
2327,fine-tuned,"4,2,2"
2328,fine-tuned,5
2329,fine-tuned,
2330,fine-tuned,
2331,fine-tuned,"6,3,3"
2332,fine-tuned,"4,3,6"
2333,fine-tuned,"3,1,6"
2334,fine-tuned,4
2335,fine-tuned,
2336,fine-tuned,"3,4,5"
2337,fine-tuned,
2338,fine-tuned,"2,5,5"
2339,fine-tuned,
2340,fine-tuned,"2,4,2"
2341,fine-tuned,"2,6,5"
2342,fine-tuned,2
2343,fine-tuned,"4,3,6"
2344,fine-tuned,"6,3,1"
2345,fine-tuned,"3,2,4"
2346,fine-tuned,"4,3,5"
2347,fine-tuned,"3,3,4"
2348,fine-tuned,"6,3,1"
2349,fine-tuned,"3,1,6"
2350,fine-tuned,
2351,fine-tuned,"3,5"
2352,fine-tuned,3
2353,fine-tuned,"5,3,3"
2354,fine-tuned,"4,4,3"
2355,fine-tuned,
2356,fine-tuned,"1,2,3"
2357,fine-tuned,"5,4,6"
2358,fine-tuned,
2359,fine-tuned,
2360,fine-tuned,"5,6,1"
2361,fine-tuned,
2362,fine-tuned,"5,4,6"
2363,fine-tuned,
2364,fine-tuned,"3,3,4"
2365,fine-tuned,
2366,fine-tuned,"3,4,2"
2367,fine-tuned,"6,5,5"
2368,fine-tuned,"3,5,4"
2369,fine-tuned,"1,3,1"
2370,fine-tuned,"3,1,2"
2371,fine-tuned,"6,2,2"
2372,fine-tuned,2
2373,fine-tuned,"2,1,2"
2374,fine-tuned,"6,1,3"
2375,fine-tuned,"1,4,6"
2376,fine-tuned,"4,1,6"
2377,fine-tuned,
2378,fine-tuned,"6,3"
2379,fine-tuned,
2380,fine-tuned,"4,1,2"
2381,fine-tuned,"6,3,3"
2382,fine-tuned,"1,3,4"
2383,fine-tuned,3
2384,fine-tuned,"2,2,2"
2385,fine-tuned,5
2386,fine-tuned,
2387,fine-tuned,"4,5,3"
2388,fine-tuned,"1,5,5"
2389,fine-tuned,1
2390,fine-tuned,
2391,fine-tuned,"6,5,5"
2392,fine-tuned,
2393,fine-tuned,
2394,fine-tuned,
2395,fine-tuned,"3,3,4"
2396,fine-tuned,"6,4,2"
2397,fine-tuned,
2398,fine-tuned,"3,1,6"
2399,fine-tuned,"3,6,2"
2400,fine-tuned,"2,1,5"
2401,fine-tuned,"1,3,1"
2402,fine-tuned,"6,2,5"
2403,fine-tuned,"2,2"
2404,fine-tuned,
2405,fine-tuned,"6,5,3"
2406,fine-tuned,"3,2,2"
2407,fine-tuned,"5,5,2"
2408,fine-tuned,
2409,fine-tuned,
2410,fine-tuned,
2411,fine-tuned,"6,5,2"
2412,fine-tuned,"3,1,6"
2413,fine-tuned,"6,5,2"
2414,fine-tuned,
2415,fine-tuned,"6,2,2"
2416,fine-tuned,
2417,fine-tuned,2
2418,fine-tuned,"3,1,3"
2419,fine-tuned,"4,2"
2420,fine-tuned,"3,1,6"
2421,fine-tuned,"3,6,2"
2422,fine-tuned,"2,1,3"
2423,fine-tuned,
2424,fine-tuned,"6,6,6"
2425,fine-tuned,"3,3,6"
2426,fine-tuned,"5,3"
2427,fine-tuned,"4,4,3"
2428,fine-tuned,"3,1,6"
2429,fine-tuned,"6,5,5"
2430,fine-tuned,"5,3"
2431,fine-tuned,
2432,fine-tuned,"3,6,4"
2433,fine-tuned,3
2434,fine-tuned,
2435,fine-tuned,"3,1,6"
2436,fine-tuned,"1,3,4"
2437,fine-tuned,"2,4"
2438,fine-tuned,"1,4,6"
2439,fine-tuned,"1,1,4"
2440,fine-tuned,"1,1,6"
2441,fine-tuned,"1,4,3"
2442,fine-tuned,"5,5,4"
2443,fine-tuned,"2,3,4"
2444,fine-tuned,"3,6"
2445,fine-tuned,"3,6"
2446,fine-tuned,3
2447,fine-tuned,"1,3,1"
2448,fine-tuned,"3,5,3"
2449,fine-tuned,"2,5,1"
2450,fine-tuned,
2451,fine-tuned,"3,3,1"
2452,fine-tuned,"4,2,1"
2453,fine-tuned,
2454,fine-tuned,"3,3,5"
2455,fine-tuned,3
2456,fine-tuned,"5,4,1"
2457,fine-tuned,"1,2,3"
2458,fine-tuned,"5,5,2"
2459,fine-tuned,
2460,fine-tuned,"6,1,1"
2461,fine-tuned,"3,4,3"
2462,fine-tuned,"4,3,2"
2463,fine-tuned,"4,5,4"
2464,fine-tuned,"6,2,4"
2465,fine-tuned,"3,3,1"
2466,fine-tuned,
2467,fine-tuned,"3,4,2"
2468,fine-tuned,"3,2,5"
2469,fine-tuned,"2,2"
2470,fine-tuned,"2,6,3"
2471,fine-tuned,"3,3,5"
2472,fine-tuned,"5,6,6"
2473,fine-tuned,
2474,fine-tuned,"6,6,6"
2475,fine-tuned,
2476,fine-tuned,3
2477,fine-tuned,5
2478,fine-tuned,"3,1,2"
2479,fine-tuned,"3,1,3"
2480,fine-tuned,
2481,fine-tuned,"1,1,4"
2482,fine-tuned,"2,3,1"
2483,fine-tuned,"1,2,3"
2484,fine-tuned,"2,4,5"
2485,fine-tuned,"4,6,4"
2486,fine-tuned,"5,6"
2487,fine-tuned,
2488,fine-tuned,"5,6,1"
2489,fine-tuned,"6,1,2"
2490,fine-tuned,2
2491,fine-tuned,
2492,fine-tuned,"6,4,4"
2493,fine-tuned,"3,1,6"
2494,fine-tuned,"1,3,1"
2495,fine-tuned,
2496,fine-tuned,"1,2,6"
2497,fine-tuned,"2,5,2"
2498,fine-tuned,
2499,fine-tuned,"3,1,6"
2500,fine-tuned,"5,3,4"
2501,fine-tuned,"3,2,3"
2502,fine-tuned,"5,3,5"
2503,fine-tuned,"4,4,2"
2504,fine-tuned,"5,3,5"
2505,fine-tuned,"1,4,4"
2506,fine-tuned,
2507,fine-tuned,"2,1,4"
2508,fine-tuned,"4,5,5"
2509,fine-tuned,
2510,fine-tuned,"5,6,3"
2511,fine-tuned,"3,5,4"
2512,fine-tuned,"2,6,5"
2513,fine-tuned,"5,6,6"
2514,fine-tuned,"2,5,4"
2515,fine-tuned,"3,4,1"
2516,fine-tuned,"1,5,1"
2517,fine-tuned,"1,6,1"
2518,fine-tuned,"6,5,1"
2519,fine-tuned,2
2520,fine-tuned,6
2521,fine-tuned,"5,3,1"
2522,fine-tuned,"1,5"
2523,fine-tuned,"6,5,4"
2524,fine-tuned,"1,2,5"
2525,fine-tuned,
2526,fine-tuned,"5,1,1"
2527,fine-tuned,"4,6,2"
2528,fine-tuned,"1,4,1"
2529,fine-tuned,"3,6,3"
2530,fine-tuned,"3,1,1"
2531,fine-tuned,1
2532,fine-tuned,
2533,fine-tuned,"2,2,5"
2534,fine-tuned,"3,1,2"
2535,fine-tuned,"1,4,2"
2536,fine-tuned,"2,4,4"
2537,fine-tuned,"4,1,6"
2538,fine-tuned,"5,3"
2539,fine-tuned,
2540,fine-tuned,
2541,fine-tuned,"5,2,3"
2542,fine-tuned,
2543,fine-tuned,
2544,fine-tuned,"6,4,3"
2545,fine-tuned,"1,3,4"
2546,fine-tuned,"1,3,4"
2547,fine-tuned,"1,4,2"
2548,fine-tuned,"1,2,6"
2549,fine-tuned,"2,4,3"
2550,fine-tuned,3
2551,fine-tuned,"5,5,6"
2552,fine-tuned,
2553,fine-tuned,"6,4,3"
2554,fine-tuned,2
2555,fine-tuned,1
2556,fine-tuned,3
2557,fine-tuned,
2558,fine-tuned,"3,3,2"
2559,fine-tuned,"1,2,4"
2560,fine-tuned,
2561,fine-tuned,"5,2,2"
2562,fine-tuned,"6,3,1"
2563,fine-tuned,"6,1,1"
2564,fine-tuned,"6,1,1"
2565,fine-tuned,"1,2,3"
2566,fine-tuned,"1,5,5"
2567,fine-tuned,"3,4,1"
2568,fine-tuned,
2569,fine-tuned,"1,2,5"
2570,fine-tuned,"2,5,4"
2571,fine-tuned,"3,6,5"
2572,fine-tuned,"1,2,2"
2573,fine-tuned,
2574,fine-tuned,"1,6,2"
2575,fine-tuned,"6,1,1"
2576,fine-tuned,
2577,fine-tuned,"3,3,1"
2578,fine-tuned,
2579,fine-tuned,"5,1,2"
2580,fine-tuned,1
2581,fine-tuned,"3,3"
2582,fine-tuned,
2583,fine-tuned,"6,6,6"
2584,fine-tuned,
2585,fine-tuned,
2586,fine-tuned,"6,3,4"
2587,fine-tuned,
2588,fine-tuned,
2589,fine-tuned,"2,5,1"
2590,fine-tuned,"5,6"
2591,fine-tuned,"6,3,5"
2592,fine-tuned,"3,4,2"
2593,fine-tuned,"3,4,6"
2594,fine-tuned,
2595,fine-tuned,2
2596,fine-tuned,
2597,fine-tuned,
2598,fine-tuned,"4,2,1"
2599,fine-tuned,"1,4,6"
2600,fine-tuned,
2601,fine-tuned,"3,3,2"
2602,fine-tuned,"4,3,4"
2603,fine-tuned,"2,5,2"
2604,fine-tuned,
2605,fine-tuned,
2606,fine-tuned,
2607,fine-tuned,"6,5,3"
2608,fine-tuned,"4,3,3"
2609,fine-tuned,"5,4,2"
2610,fine-tuned,3
2611,fine-tuned,"1,3,6"
2612,fine-tuned,"2,3,2"
2613,fine-tuned,"3,1,3"
2614,fine-tuned,
2615,fine-tuned,
2616,fine-tuned,
2617,fine-tuned,"3,1"
2618,fine-tuned,
2619,fine-tuned,"4,5,5"
2620,fine-tuned,"1,1,4"
2621,fine-tuned,"1,6,6"
2622,fine-tuned,"1,6,6"
2623,fine-tuned,"3,5,4"
2624,fine-tuned,
2625,fine-tuned,"3,1,1"
2626,fine-tuned,"1,4,4"
2627,fine-tuned,"2,6,3"
2628,fine-tuned,"2,4,5"
2629,fine-tuned,"3,1,4"
2630,fine-tuned,"6,5,1"
2631,fine-tuned,"2,6,5"
2632,fine-tuned,"5,1,4"
2633,fine-tuned,"3,6,3"
2634,fine-tuned,"2,1,6"
2635,fine-tuned,"6,2,5"
2636,fine-tuned,
2637,fine-tuned,"3,1,4"
2638,fine-tuned,"2,1"
2639,fine-tuned,
2640,fine-tuned,"6,1,2"
2641,fine-tuned,"2,4,1"
2642,fine-tuned,"6,5,4"
2643,fine-tuned,"2,6,1"
2644,fine-tuned,"4,1,4"
2645,fine-tuned,3
2646,fine-tuned,"1,2,3"
2647,fine-tuned,"1,5,3"
2648,fine-tuned,"3,6,2"
2649,fine-tuned,"5,4,6"
2650,fine-tuned,
2651,fine-tuned,"1,2"
2652,fine-tuned,"4,6"
2653,fine-tuned,"1,2,3"
2654,fine-tuned,"5,4,2"
2655,fine-tuned,"2,3,1"
2656,fine-tuned,"5,1,4"
2657,fine-tuned,"3,2,1"
2658,fine-tuned,"2,6,3"
2659,fine-tuned,
2660,fine-tuned,
2661,fine-tuned,"3,4,5"
2662,fine-tuned,"5,3,4"
2663,fine-tuned,
2664,fine-tuned,"6,3,5"
2665,fine-tuned,
2666,fine-tuned,"2,3,5"
2667,fine-tuned,
2668,fine-tuned,"3,5,3"
2669,fine-tuned,
2670,fine-tuned,"4,3,1"
2671,fine-tuned,"3,1,6"
2672,fine-tuned,3
2673,fine-tuned,"4,5,3"
2674,fine-tuned,"5,2,1"
2675,fine-tuned,"1,1,1"
2676,fine-tuned,3
2677,fine-tuned,
2678,fine-tuned,
2679,fine-tuned,
2680,fine-tuned,"6,2,2"
2681,fine-tuned,"5,1,3"
2682,fine-tuned,"5,6,3"
2683,fine-tuned,"2,1,5"
2684,fine-tuned,
2685,fine-tuned,"1,6"
2686,fine-tuned,"2,1,6"
2687,fine-tuned,"3,1,3"
2688,fine-tuned,"6,1,4"
2689,fine-tuned,"5,2,3"
2690,fine-tuned,"5,3,2"
2691,fine-tuned,"4,6,5"
2692,fine-tuned,"2,3,4"
2693,fine-tuned,
2694,fine-tuned,"6,4,6"
2695,fine-tuned,
2696,fine-tuned,"3,2,5"
2697,fine-tuned,"3,1,6"
2698,fine-tuned,"2,3,5"
2699,fine-tuned,
2700,fine-tuned,
2701,fine-tuned,"4,2,4"
2702,fine-tuned,"6,6,6"
2703,fine-tuned,"4,3"
2704,fine-tuned,"4,3,4"
2705,fine-tuned,"2,3,1"
2706,fine-tuned,"3,4,3"
2707,fine-tuned,"2,1,3"
2708,fine-tuned,"3,4,6"
2709,fine-tuned,"5,2,6"
2710,fine-tuned,"4,2,5"
2711,fine-tuned,
2712,fine-tuned,"3,1"
2713,fine-tuned,"2,5,1"
2714,fine-tuned,
2715,fine-tuned,
2716,fine-tuned,5
2717,fine-tuned,"4,3,4"
2718,fine-tuned,"6,2,6"
2719,fine-tuned,"3,3,2"
2720,fine-tuned,
2721,fine-tuned,"2,2"
2722,fine-tuned,3
2723,fine-tuned,"2,3,5"
2724,fine-tuned,
2725,fine-tuned,
2726,fine-tuned,"4,1,4"
2727,fine-tuned,
2728,fine-tuned,"3,3,2"
2729,fine-tuned,3
2730,fine-tuned,
2731,fine-tuned,"1,2,5"
2732,fine-tuned,4
2733,fine-tuned,"6,5,5"
2734,fine-tuned,3
2735,fine-tuned,"3,6,3"
2736,fine-tuned,"5,4,5"
2737,fine-tuned,
2738,fine-tuned,3
2739,fine-tuned,"4,6"
2740,fine-tuned,"2,6,6"
2741,fine-tuned,"1,3,6"
2742,fine-tuned,
2743,fine-tuned,"1,2,3"
2744,fine-tuned,"1,2"
2745,fine-tuned,"3,5,4"
2746,fine-tuned,
2747,fine-tuned,"2,2,3"
2748,fine-tuned,"3,3,3"
2749,fine-tuned,"3,2,1"
2750,fine-tuned,"4,4"
2751,fine-tuned,2
2752,fine-tuned,
2753,fine-tuned,"3,1"
2754,fine-tuned,"1,2,3"
2755,fine-tuned,"4,3,1"
2756,fine-tuned,
2757,fine-tuned,"4,5,3"
2758,fine-tuned,
2759,fine-tuned,"5,1,3"
2760,fine-tuned,
2761,fine-tuned,
2762,fine-tuned,"2,5,6"
2763,fine-tuned,
2764,fine-tuned,"1,2,5"
2765,fine-tuned,
2766,fine-tuned,1
2767,fine-tuned,"2,3,1"
2768,fine-tuned,
2769,fine-tuned,"1,3,4"
2770,fine-tuned,
2771,fine-tuned,"4,1,4"
2772,fine-tuned,
2773,fine-tuned,"5,4,1"
2774,fine-tuned,"6,6,3"
2775,fine-tuned,"1,2,3"
2776,fine-tuned,"6,2,1"
2777,fine-tuned,
2778,fine-tuned,"6,2,3"
2779,fine-tuned,"6,5,3"
2780,fine-tuned,"3,6,5"
2781,fine-tuned,"3,3,2"
2782,fine-tuned,
2783,fine-tuned,"3,1,4"
2784,fine-tuned,"6,2,5"
2785,fine-tuned,"3,5,5"
2786,fine-tuned,"4,2,2"
2787,fine-tuned,"1,4,5"
2788,fine-tuned,
2789,fine-tuned,
2790,fine-tuned,"3,6,2"
2791,fine-tuned,"4,4,2"
2792,fine-tuned,"2,2,5"
2793,fine-tuned,"5,4,1"
2794,fine-tuned,"2,2,4"
2795,fine-tuned,
2796,fine-tuned,"2,4,3"
2797,fine-tuned,2
2798,fine-tuned,"6,4,2"
2799,fine-tuned,
2800,fine-tuned,"6,2,3"
2801,fine-tuned,"3,2,3"
2802,fine-tuned,"5,5,5"
2803,fine-tuned,3
2804,fine-tuned,"1,3,3"
2805,fine-tuned,"1,5,4"
2806,fine-tuned,"1,4,2"
2807,fine-tuned,"3,4,6"
2808,fine-tuned,"2,1,6"
2809,fine-tuned,
2810,fine-tuned,
2811,fine-tuned,
2812,fine-tuned,
2813,fine-tuned,"1,1,6"
2814,fine-tuned,"3,4,2"
2815,fine-tuned,"3,1,1"
2816,fine-tuned,
2817,fine-tuned,
2818,fine-tuned,"5,2,1"
2819,fine-tuned,"3,3,2"
2820,fine-tuned,
2821,fine-tuned,"2,5"
2822,fine-tuned,
2823,fine-tuned,
2824,fine-tuned,"1,1,3"
2825,fine-tuned,"3,4,4"
2826,fine-tuned,6
2827,fine-tuned,
2828,fine-tuned,"5,5,1"
2829,fine-tuned,3
2830,fine-tuned,"5,3,1"
2831,fine-tuned,
2832,fine-tuned,"2,3,3"
2833,fine-tuned,"5,4,6"
2834,fine-tuned,
2835,fine-tuned,"6,4,4"
2836,fine-tuned,
2837,fine-tuned,
2838,fine-tuned,"1,6,2"
2839,fine-tuned,
2840,fine-tuned,"1,1,6"
2841,fine-tuned,
2842,fine-tuned,"5,6,2"
2843,fine-tuned,
2844,fine-tuned,"1,2,3"
2845,fine-tuned,
2846,fine-tuned,
2847,fine-tuned,"3,1,3"
2848,fine-tuned,
2849,fine-tuned,
2850,fine-tuned,"2,1,1"
2851,fine-tuned,"2,3,4"
2852,fine-tuned,"1,3,4"
2853,fine-tuned,
2854,fine-tuned,"5,2,4"
2855,fine-tuned,
2856,fine-tuned,"4,2,1"
2857,fine-tuned,
2858,fine-tuned,"3,1,5"
2859,fine-tuned,"1,5,4"
2860,fine-tuned,"2,3,1"
2861,fine-tuned,
2862,fine-tuned,
2863,fine-tuned,
2864,fine-tuned,"5,5,6"
2865,fine-tuned,"4,1"
2866,fine-tuned,"4,5,3"
2867,fine-tuned,"2,3"
2868,fine-tuned,"5,1,6"
2869,fine-tuned,"5,4,1"
2870,fine-tuned,"3,1,6"
2871,fine-tuned,"5,4,1"
2872,fine-tuned,"3,1,4"
2873,fine-tuned,"1,3,2"
2874,fine-tuned,"1,2"
2875,fine-tuned,
2876,fine-tuned,1
2877,fine-tuned,
2878,fine-tuned,"4,2,4"
2879,fine-tuned,"1,3,5"
2880,fine-tuned,
2881,fine-tuned,
2882,fine-tuned,3
2883,fine-tuned,"2,1,3"
2884,fine-tuned,
2885,fine-tuned,"5,4,6"
2886,fine-tuned,"3,3,6"
2887,fine-tuned,3
2888,fine-tuned,"2,4,3"
2889,fine-tuned,"3,5,2"
2890,fine-tuned,"1,3,2"
2891,fine-tuned,
2892,fine-tuned,"6,1,6"
2893,fine-tuned,"3,2,2"
2894,fine-tuned,
2895,fine-tuned,"3,4,2"
2896,fine-tuned,"3,5,6"
2897,fine-tuned,"5,3,6"
2898,fine-tuned,3
2899,fine-tuned,"3,2,1"
2900,fine-tuned,"6,5,1"
2901,fine-tuned,"2,4"
2902,fine-tuned,
2903,fine-tuned,"1,2,4"
2904,fine-tuned,"4,6,4"
2905,fine-tuned,"3,3,1"
2906,fine-tuned,"6,4,2"
2907,fine-tuned,"6,6,1"
2908,fine-tuned,"2,1,5"
2909,fine-tuned,"6,6,6"
2910,fine-tuned,"5,2,1"
2911,fine-tuned,"2,1,6"
2912,fine-tuned,"6,3,2"
2913,fine-tuned,"1,2"
2914,fine-tuned,"1,2,5"
2915,fine-tuned,3
2916,fine-tuned,"3,3,3"
2917,fine-tuned,"3,3,1"
2918,fine-tuned,"3,4,1"
2919,fine-tuned,"2,5,4"
2920,fine-tuned,"6,4,6"
2921,fine-tuned,"1,2,2"
2922,fine-tuned,3
2923,fine-tuned,
2924,fine-tuned,
2925,fine-tuned,
2926,fine-tuned,"2,3,1"
2927,fine-tuned,"2,6,4"
2928,fine-tuned,"3,4"
2929,fine-tuned,
2930,fine-tuned,"3,1,1"
2931,fine-tuned,
2932,fine-tuned,"1,3,2"
2933,fine-tuned,"3,2,4"
2934,fine-tuned,
2935,fine-tuned,"3,4,3"
2936,fine-tuned,"1,1,4"
2937,fine-tuned,3
2938,fine-tuned,
2939,fine-tuned,
2940,fine-tuned,"3,5,2"
2941,fine-tuned,"1,6,3"
2942,fine-tuned,2
2943,fine-tuned,
2944,fine-tuned,
2945,fine-tuned,
2946,fine-tuned,
2947,fine-tuned,
2948,fine-tuned,"1,5,5"
2949,fine-tuned,
2950,fine-tuned,"3,3,3"
2951,fine-tuned,"6,6,5"
2952,fine-tuned,"3,3,3"
2953,fine-tuned,"1,2,1"
2954,fine-tuned,"2,3,4"
2955,fine-tuned,"5,5,4"
2956,fine-tuned,
2957,fine-tuned,
2958,fine-tuned,"3,6"
2959,fine-tuned,"5,2,1"
2960,fine-tuned,"3,2"
2961,fine-tuned,"2,2"
2962,fine-tuned,"2,1,6"
2963,fine-tuned,
2964,fine-tuned,"4,2,5"
2965,fine-tuned,
2966,fine-tuned,
2967,fine-tuned,"5,2,1"
2968,fine-tuned,"6,1,1"
2969,fine-tuned,"5,6,4"
2970,fine-tuned,"5,6,2"
2971,fine-tuned,"4,3,4"
2972,fine-tuned,
2973,fine-tuned,"4,1"
2974,fine-tuned,
2975,fine-tuned,
2976,fine-tuned,"1,6,5"
2977,fine-tuned,
2978,fine-tuned,"3,4,3"
2979,fine-tuned,"1,3,2"
2980,fine-tuned,"6,6"
2981,fine-tuned,"3,6,1"
2982,fine-tuned,
2983,fine-tuned,"1,2,3"
2984,fine-tuned,"3,6,1"
2985,fine-tuned,"6,2,5"
2986,fine-tuned,"2,3,1"
2987,fine-tuned,"4,6,5"
2988,fine-tuned,"4,5,1"
2989,fine-tuned,"4,3,4"
2990,fine-tuned,"1,2,5"
2991,fine-tuned,
2992,fine-tuned,"5,1,1"
2993,fine-tuned,"6,1,4"
2994,fine-tuned,
2995,fine-tuned,"1,5,1"
2996,fine-tuned,
2997,fine-tuned,3
2998,fine-tuned,"1,1,1"
2999,fine-tuned,
3000,fine-tuned,
3001,fine-tuned,
3002,fine-tuned,2
3003,fine-tuned,
3004,fine-tuned,"5,3,5"
3005,fine-tuned,"3,3,3"
3006,fine-tuned,"6,2"
3007,fine-tuned,
3008,fine-tuned,"1,3,1"
3009,fine-tuned,"6,3,2"
3010,fine-tuned,"3,3"
3011,fine-tuned,"1,1,2"
3012,fine-tuned,3
3013,fine-tuned,"6,4,4"
3014,fine-tuned,"3,6,2"
3015,fine-tuned,"4,6,6"
3016,fine-tuned,"1,3,5"
3017,fine-tuned,5
3018,fine-tuned,"5,6,6"
3019,fine-tuned,"3,5,2"
3020,fine-tuned,3
3021,fine-tuned,"4,5,3"
3022,fine-tuned,"2,2,4"
3023,fine-tuned,6
3024,fine-tuned,
3025,fine-tuned,"6,4,4"
3026,fine-tuned,"1,2,3"
3027,fine-tuned,"3,4"
3028,fine-tuned,
3029,fine-tuned,"3,4,1"
3030,fine-tuned,"5,4"
3031,fine-tuned,"3,6,1"
3032,fine-tuned,
3033,fine-tuned,
3034,fine-tuned,"3,2,3"
3035,fine-tuned,
3036,fine-tuned,"1,1,5"
3037,fine-tuned,"1,5,2"
3038,fine-tuned,"1,5,2"
3039,fine-tuned,"6,5,1"
3040,fine-tuned,"4,6,2"
3041,fine-tuned,"4,3,1"
3042,fine-tuned,
3043,fine-tuned,"4,1,3"
3044,fine-tuned,"1,3,6"
3045,fine-tuned,"5,5,1"
3046,fine-tuned,"5,2"
3047,fine-tuned,
3048,fine-tuned,"5,1,4"
3049,fine-tuned,"4,4,5"
3050,fine-tuned,
3051,fine-tuned,"4,6,3"
3052,fine-tuned,
3053,fine-tuned,"5,1,1"
3054,fine-tuned,"5,1,6"
3055,fine-tuned,6
3056,fine-tuned,
3057,fine-tuned,"1,2,5"
3058,fine-tuned,"4,4"
3059,fine-tuned,
3060,fine-tuned,
3061,fine-tuned,"4,6,5"
3062,fine-tuned,"4,4,2"
3063,fine-tuned,
3064,fine-tuned,
3065,fine-tuned,"5,3,3"
3066,fine-tuned,"3,2,5"
3067,fine-tuned,
3068,fine-tuned,"1,1,5"
3069,fine-tuned,
3070,fine-tuned,"2,3,4"
3071,fine-tuned,"1,2,5"
3072,fine-tuned,"1,6,5"
3073,fine-tuned,"4,1,1"
3074,fine-tuned,"4,5,2"
3075,fine-tuned,"4,6,5"
3076,fine-tuned,"4,3,3"
3077,fine-tuned,"5,1,4"
3078,fine-tuned,"1,2,3"
3079,fine-tuned,"5,3,2"
3080,fine-tuned,
3081,fine-tuned,"3,1,5"
3082,fine-tuned,"5,6"
3083,fine-tuned,"2,4,6"
3084,fine-tuned,
3085,fine-tuned,
3086,fine-tuned,"1,5,3"
3087,fine-tuned,"5,6,4"
3088,fine-tuned,"5,1,6"
3089,fine-tuned,
3090,fine-tuned,
3091,fine-tuned,"3,1,2"
3092,fine-tuned,"1,6,3"
3093,fine-tuned,
3094,fine-tuned,
3095,fine-tuned,"3,2,6"
3096,fine-tuned,"6,6,4"
3097,fine-tuned,
3098,fine-tuned,
3099,fine-tuned,
3100,fine-tuned,"1,2,4"
3101,fine-tuned,
3102,fine-tuned,3
3103,fine-tuned,"4,2,6"
3104,fine-tuned,
3105,fine-tuned,"4,6,3"
3106,fine-tuned,"5,6,4"
3107,fine-tuned,"3,1,6"
3108,fine-tuned,4
3109,fine-tuned,
3110,fine-tuned,
3111,fine-tuned,
3112,fine-tuned,"4,1,1"
3113,fine-tuned,"2,3,4"
3114,fine-tuned,
3115,fine-tuned,"2,6"
3116,fine-tuned,6
3117,fine-tuned,
3118,fine-tuned,
3119,fine-tuned,"4,5,1"
3120,fine-tuned,"5,5,4"
3121,fine-tuned,"4,4,2"
3122,fine-tuned,3
3123,fine-tuned,
3124,fine-tuned,"5,3,1"
3125,fine-tuned,
3126,fine-tuned,"5,4,3"
3127,fine-tuned,"1,3,6"
3128,fine-tuned,"5,4,3"
3129,fine-tuned,4
3130,fine-tuned,
3131,fine-tuned,"3,6,5"
3132,fine-tuned,
3133,fine-tuned,
3134,fine-tuned,"2,6"
3135,fine-tuned,
3136,fine-tuned,"1,3,1"
3137,fine-tuned,"1,4,4"
3138,fine-tuned,"4,1,6"
3139,fine-tuned,"1,2,3"
3140,fine-tuned,
3141,fine-tuned,"6,5,6"
3142,fine-tuned,"3,4,1"
3143,fine-tuned,"5,1,3"
3144,fine-tuned,"6,3,6"
3145,fine-tuned,"6,2,5"
3146,fine-tuned,
3147,fine-tuned,"1,5"
3148,fine-tuned,"1,1"
3149,fine-tuned,"2,1,2"
3150,fine-tuned,"1,1,2"
3151,fine-tuned,"4,5,5"
3152,fine-tuned,"1,2,3"
3153,fine-tuned,
3154,fine-tuned,
3155,fine-tuned,"3,3"
3156,fine-tuned,"3,5"
3157,fine-tuned,"6,3,1"
3158,fine-tuned,"4,6,6"
3159,fine-tuned,"2,5,4"
3160,fine-tuned,
3161,fine-tuned,
3162,fine-tuned,"1,4,2"
3163,fine-tuned,"4,1"
3164,fine-tuned,2
3165,fine-tuned,"6,1,4"
3166,fine-tuned,"1,2,5"
3167,fine-tuned,
3168,fine-tuned,"5,1,2"
3169,fine-tuned,
3170,fine-tuned,"3,3,1"
3171,fine-tuned,"3,1,6"
3172,fine-tuned,3
3173,fine-tuned,3
3174,fine-tuned,"5,3,6"
3175,fine-tuned,
3176,fine-tuned,
3177,fine-tuned,"4,3,4"
3178,fine-tuned,"1,5,2"
3179,fine-tuned,
3180,fine-tuned,"1,3"
3181,fine-tuned,"4,5,5"
3182,fine-tuned,1
3183,fine-tuned,"1,3,6"
3184,fine-tuned,
3185,fine-tuned,"3,3,2"
3186,fine-tuned,3
3187,fine-tuned,"4,4,4"
3188,fine-tuned,
3189,fine-tuned,
3190,fine-tuned,"5,1"
3191,fine-tuned,"1,2,2"
3192,fine-tuned,
3193,fine-tuned,"4,4,1"
3194,fine-tuned,"2,3,5"
3195,fine-tuned,"1,1,1"
3196,fine-tuned,"5,2,5"
3197,fine-tuned,
3198,fine-tuned,3
3199,fine-tuned,"3,1,5"
3200,fine-tuned,"1,2,3"
3201,fine-tuned,"1,2,3"
3202,fine-tuned,"4,3,1"
3203,fine-tuned,"3,2,4"
3204,fine-tuned,
3205,fine-tuned,1
3206,fine-tuned,
3207,fine-tuned,"3,4,5"
3208,fine-tuned,3
3209,fine-tuned,
3210,fine-tuned,"6,2,6"
3211,fine-tuned,
3212,fine-tuned,
3213,fine-tuned,1
3214,fine-tuned,"3,4,2"
3215,fine-tuned,
3216,fine-tuned,
3217,fine-tuned,"4,6,5"
3218,fine-tuned,
3219,fine-tuned,
3220,fine-tuned,"5,5,6"
3221,fine-tuned,4
3222,fine-tuned,"6,3,4"
3223,fine-tuned,"6,1,3"
3224,fine-tuned,
3225,fine-tuned,"2,3,3"
3226,fine-tuned,5
3227,fine-tuned,"3,5,3"
3228,fine-tuned,
3229,fine-tuned,
3230,fine-tuned,"1,4,4"
3231,fine-tuned,"2,3,3"
3232,fine-tuned,
3233,fine-tuned,"3,1,4"
3234,fine-tuned,
3235,fine-tuned,
3236,fine-tuned,"2,4,5"
3237,fine-tuned,"2,1,3"
3238,fine-tuned,"6,3,4"
3239,fine-tuned,"1,2,6"
3240,fine-tuned,"1,2,3"
3241,fine-tuned,
3242,fine-tuned,"3,3,2"
3243,fine-tuned,
3244,fine-tuned,"3,6"
3245,fine-tuned,"1,2,3"
3246,fine-tuned,"5,5,5"
3247,fine-tuned,
3248,fine-tuned,"2,1,3"
3249,fine-tuned,"6,2,1"
3250,fine-tuned,"1,2,3"
3251,fine-tuned,"4,5,5"
3252,fine-tuned,"5,3,2"
3253,fine-tuned,"4,3,4"
3254,fine-tuned,
3255,fine-tuned,
3256,fine-tuned,"1,6,3"
3257,fine-tuned,"1,2,3"
3258,fine-tuned,"1,4,3"
3259,fine-tuned,"1,2,3"
3260,fine-tuned,"6,2,4"
3261,fine-tuned,
3262,fine-tuned,"6,5,5"
3263,fine-tuned,"1,3,6"
3264,fine-tuned,"5,4,3"
3265,fine-tuned,
3266,fine-tuned,
3267,fine-tuned,"2,6"
3268,fine-tuned,"5,4,1"
3269,fine-tuned,"3,4,4"
3270,fine-tuned,"3,2"
3271,fine-tuned,
3272,fine-tuned,"5,5,4"
3273,fine-tuned,"5,2,5"
3274,fine-tuned,"1,3,1"
3275,fine-tuned,"1,1,2"
3276,fine-tuned,"2,5,1"
3277,fine-tuned,
3278,fine-tuned,
3279,fine-tuned,"2,3,4"
3280,fine-tuned,"3,4,3"
3281,fine-tuned,"3,2,3"
3282,fine-tuned,"1,2,3"
3283,fine-tuned,
3284,fine-tuned,"1,4,2"
3285,fine-tuned,"6,5,6"
3286,fine-tuned,"6,3,1"
3287,fine-tuned,"5,5,6"
3288,fine-tuned,1
3289,fine-tuned,"6,2,5"
3290,fine-tuned,"1,5,3"
3291,fine-tuned,"2,5,2"
3292,fine-tuned,"3,1,1"
3293,fine-tuned,
3294,fine-tuned,"5,1,1"
3295,fine-tuned,
3296,fine-tuned,"3,4"
3297,fine-tuned,"1,2,3"
3298,fine-tuned,"4,2,1"
3299,fine-tuned,"2,5,4"
3300,fine-tuned,"3,2,4"
3301,fine-tuned,"1,2,1"
3302,fine-tuned,
3303,fine-tuned,"5,2,1"
3304,fine-tuned,
3305,fine-tuned,"5,4,4"
3306,fine-tuned,"1,5,1"
3307,fine-tuned,"5,3,2"
3308,fine-tuned,"1,6"
3309,fine-tuned,
3310,fine-tuned,
3311,fine-tuned,
3312,fine-tuned,"2,5,1"
3313,fine-tuned,"5,4,6"
3314,fine-tuned,"2,4,1"
3315,fine-tuned,"3,2,1"
3316,fine-tuned,
3317,fine-tuned,"5,6,3"
3318,fine-tuned,
3319,fine-tuned,
3320,fine-tuned,"3,4,3"
3321,fine-tuned,
3322,fine-tuned,
3323,fine-tuned,1
3324,fine-tuned,
3325,fine-tuned,"2,4,5"
3326,fine-tuned,
3327,fine-tuned,"4,1,2"
3328,fine-tuned,
3329,fine-tuned,
3330,fine-tuned,
3331,fine-tuned,
3332,fine-tuned,"3,5,1"
3333,fine-tuned,"3,1,4"
3334,fine-tuned,
3335,fine-tuned,"3,1,5"
3336,fine-tuned,"1,4,3"
3337,fine-tuned,
3338,fine-tuned,"1,4,4"
3339,fine-tuned,
3340,fine-tuned,"3,2,5"
3341,fine-tuned,
3342,fine-tuned,"3,6,6"
3343,fine-tuned,"2,3,4"
3344,fine-tuned,
3345,fine-tuned,"1,6,5"
3346,fine-tuned,
3347,fine-tuned,
3348,fine-tuned,"2,3,6"
3349,fine-tuned,"3,6,5"
3350,fine-tuned,"6,3,2"
3351,fine-tuned,"3,6,5"
3352,fine-tuned,"3,1,4"
3353,fine-tuned,"2,5,2"
3354,fine-tuned,
3355,fine-tuned,
3356,fine-tuned,"1,5"
3357,fine-tuned,"3,6,2"
3358,fine-tuned,"3,4,6"
3359,fine-tuned,"3,2,4"
3360,fine-tuned,"5,2,1"
3361,fine-tuned,"5,3"
3362,fine-tuned,"6,3,3"
3363,fine-tuned,"1,4,6"
3364,fine-tuned,
3365,fine-tuned,
3366,fine-tuned,"1,1,1"
3367,fine-tuned,"5,4,2"
3368,fine-tuned,"4,6,2"
3369,fine-tuned,3
3370,fine-tuned,
3371,fine-tuned,
3372,fine-tuned,
3373,fine-tuned,"5,3"
3374,fine-tuned,"4,3,3"
3375,fine-tuned,"3,5,3"
3376,fine-tuned,
3377,fine-tuned,"5,2,1"
3378,fine-tuned,"3,4,6"
3379,fine-tuned,"2,5,4"
3380,fine-tuned,"1,2"
3381,fine-tuned,"5,4,4"
3382,fine-tuned,
3383,fine-tuned,
3384,fine-tuned,"2,5,2"
3385,fine-tuned,"5,6,4"
3386,fine-tuned,
3387,fine-tuned,"1,4,5"
3388,fine-tuned,"3,2,4"
3389,fine-tuned,
3390,fine-tuned,
3391,fine-tuned,5
3392,fine-tuned,"4,4,4"
3393,fine-tuned,
3394,fine-tuned,
3395,fine-tuned,
3396,fine-tuned,
3397,fine-tuned,"2,3,4"
3398,fine-tuned,"5,3,4"
3399,fine-tuned,"3,2,5"
3400,fine-tuned,"2,6,3"
3401,fine-tuned,"5,1,4"
3402,fine-tuned,
3403,fine-tuned,
3404,fine-tuned,
3405,fine-tuned,"4,3,5"
3406,fine-tuned,
3407,fine-tuned,6
3408,fine-tuned,
3409,fine-tuned,6
3410,fine-tuned,"1,1,5"
3411,fine-tuned,2
3412,fine-tuned,"3,1,2"
3413,fine-tuned,"3,1,2"
3414,fine-tuned,"4,5,3"
3415,fine-tuned,"3,2,5"
3416,fine-tuned,"6,6,6"
3417,fine-tuned,"3,6,5"
3418,fine-tuned,
3419,fine-tuned,"6,1,2"
3420,fine-tuned,"1,2,3"
3421,fine-tuned,"1,6,2"
3422,fine-tuned,
3423,fine-tuned,"4,4"
3424,fine-tuned,
3425,fine-tuned,"5,4,1"
3426,fine-tuned,
3427,fine-tuned,2
3428,fine-tuned,
3429,fine-tuned,"2,4,2"
3430,fine-tuned,"4,2,1"
3431,fine-tuned,"1,6,2"
3432,fine-tuned,"5,4,1"
3433,fine-tuned,
3434,fine-tuned,"5,2,3"
3435,fine-tuned,
3436,fine-tuned,
3437,fine-tuned,"4,1,2"
3438,fine-tuned,"3,1,1"
3439,fine-tuned,"5,3,3"
3440,fine-tuned,"1,2,3"
3441,fine-tuned,"5,6,3"
3442,fine-tuned,"3,2,6"
3443,fine-tuned,"3,4,6"
3444,fine-tuned,"3,4,4"
3445,fine-tuned,"2,2,6"
3446,fine-tuned,"5,1,4"
3447,fine-tuned,
3448,fine-tuned,
3449,fine-tuned,
3450,fine-tuned,
3451,fine-tuned,
3452,fine-tuned,"1,1,6"
3453,fine-tuned,"1,6,1"
3454,fine-tuned,"3,1,5"
3455,fine-tuned,"4,3,2"
3456,fine-tuned,"1,4,5"
3457,fine-tuned,
3458,fine-tuned,"2,6,5"
3459,fine-tuned,"6,5,2"
3460,fine-tuned,"3,3,4"
3461,fine-tuned,"3,6,2"
3462,fine-tuned,
3463,fine-tuned,"5,3,6"
3464,fine-tuned,
3465,fine-tuned,"6,5,4"
3466,fine-tuned,"2,5,6"
3467,fine-tuned,"5,6,6"
3468,fine-tuned,"5,3,5"
3469,fine-tuned,"3,2,2"
3470,fine-tuned,"2,5"
3471,fine-tuned,6
3472,fine-tuned,"3,6,4"
3473,fine-tuned,
3474,fine-tuned,"4,3,5"
3475,fine-tuned,"4,1,1"
3476,fine-tuned,
3477,fine-tuned,
3478,fine-tuned,"4,6,1"
3479,fine-tuned,"1,2,3"
3480,fine-tuned,"1,3,2"
3481,fine-tuned,
3482,fine-tuned,"3,6,5"
3483,fine-tuned,"6,3,2"
3484,fine-tuned,"6,2,1"
3485,fine-tuned,"5,6,3"
3486,fine-tuned,"4,2,3"
3487,fine-tuned,"2,2,1"
3488,fine-tuned,"6,2"
3489,fine-tuned,"1,3,3"
3490,fine-tuned,1
3491,fine-tuned,"3,4,3"
3492,fine-tuned,"6,1,4"
3493,fine-tuned,"2,1,6"
3494,fine-tuned,"1,1,5"
3495,fine-tuned,"2,2,1"
3496,fine-tuned,"1,2,3"
3497,fine-tuned,
3498,fine-tuned,"6,3,1"
3499,fine-tuned,
3500,fine-tuned,
3501,fine-tuned,
3502,fine-tuned,"1,1,2"
3503,fine-tuned,"4,6,5"
3504,fine-tuned,"4,2,4"
3505,fine-tuned,"6,3,3"
3506,fine-tuned,"3,2,5"
3507,fine-tuned,"5,4,4"
3508,fine-tuned,"3,4,1"
3509,fine-tuned,"2,2,2"
3510,fine-tuned,
3511,fine-tuned,"1,5,3"
3512,fine-tuned,"4,1,4"
3513,fine-tuned,
3514,fine-tuned,"6,4,2"
3515,fine-tuned,1
3516,fine-tuned,"3,3,4"
3517,fine-tuned,"2,5,5"
3518,fine-tuned,"6,5,3"
3519,fine-tuned,
3520,fine-tuned,
3521,fine-tuned,
3522,fine-tuned,"1,2,4"
3523,fine-tuned,
3524,fine-tuned,"6,1,2"
3525,fine-tuned,
3526,fine-tuned,
3527,fine-tuned,"4,2,2"
3528,fine-tuned,"2,2,3"
3529,fine-tuned,"4,3,5"
3530,fine-tuned,"4,3,3"
3531,fine-tuned,
3532,fine-tuned,
3533,fine-tuned,3
3534,fine-tuned,"6,2,2"
3535,fine-tuned,5
3536,fine-tuned,"2,5,5"
3537,fine-tuned,
3538,fine-tuned,"1,2,2"
3539,fine-tuned,"4,4,3"
3540,fine-tuned,
3541,fine-tuned,"1,2,3"
3542,fine-tuned,"3,1,5"
3543,fine-tuned,"3,2,1"
3544,fine-tuned,"5,6,5"
3545,fine-tuned,"4,2,4"
3546,fine-tuned,
3547,fine-tuned,
3548,fine-tuned,"5,1,3"
3549,fine-tuned,"3,2,2"
3550,fine-tuned,"4,3,5"
3551,fine-tuned,"3,2,2"
3552,fine-tuned,"2,5,2"
3553,fine-tuned,
3554,fine-tuned,"1,6,1"
3555,fine-tuned,"2,5,4"
3556,fine-tuned,"2,1,6"
3557,fine-tuned,"5,3,5"
3558,fine-tuned,"3,2,2"
3559,fine-tuned,"5,2,1"
3560,fine-tuned,
3561,fine-tuned,"1,5,3"
3562,fine-tuned,
3563,fine-tuned,
3564,fine-tuned,
3565,fine-tuned,"1,6,3"
3566,fine-tuned,
3567,fine-tuned,
3568,fine-tuned,
3569,fine-tuned,"3,4,2"
3570,fine-tuned,
3571,fine-tuned,"4,6,4"
3572,fine-tuned,"6,5"
3573,fine-tuned,
3574,fine-tuned,"2,1,2"
3575,fine-tuned,
3576,fine-tuned,"5,2,4"
3577,fine-tuned,
3578,fine-tuned,
3579,fine-tuned,"4,3,1"
3580,fine-tuned,
3581,fine-tuned,"1,2,3"
3582,fine-tuned,"4,6,6"
3583,fine-tuned,"5,2,4"
3584,fine-tuned,
3585,fine-tuned,"1,3,2"
3586,fine-tuned,"3,1,1"
3587,fine-tuned,"2,1,1"
3588,fine-tuned,"4,5,3"
3589,fine-tuned,
3590,fine-tuned,"4,1,5"
3591,fine-tuned,"1,1"
3592,fine-tuned,
3593,fine-tuned,"5,4,5"
3594,fine-tuned,"3,3,6"
3595,fine-tuned,"1,4,6"
3596,fine-tuned,"4,5,3"
3597,fine-tuned,"4,4,1"
3598,fine-tuned,5
3599,fine-tuned,"4,1,2"
3600,fine-tuned,
3601,fine-tuned,
3602,fine-tuned,
3603,fine-tuned,"2,3,5"
3604,fine-tuned,"3,1"
3605,fine-tuned,"3,2,5"
3606,fine-tuned,"4,1,4"
3607,fine-tuned,"4,1"
3608,fine-tuned,"5,2,1"
3609,fine-tuned,"6,3,5"
3610,fine-tuned,
3611,fine-tuned,"6,1,1"
3612,fine-tuned,"4,2,4"
3613,fine-tuned,"5,5,2"
3614,fine-tuned,"4,6,4"
3615,fine-tuned,"6,6,2"
3616,fine-tuned,3
3617,fine-tuned,
3618,fine-tuned,"3,2,4"
3619,fine-tuned,"2,5,1"
3620,fine-tuned,"1,2,4"
3621,fine-tuned,
3622,fine-tuned,
3623,fine-tuned,"2,2,1"
3624,fine-tuned,
3625,fine-tuned,
3626,fine-tuned,"3,6,3"
3627,fine-tuned,"5,3,4"
3628,fine-tuned,
3629,fine-tuned,"5,4"
3630,fine-tuned,
3631,fine-tuned,
3632,fine-tuned,"3,3,5"
3633,fine-tuned,"4,5"
3634,fine-tuned,
3635,fine-tuned,
3636,fine-tuned,
3637,fine-tuned,"6,4,3"
3638,fine-tuned,"3,5,4"
3639,fine-tuned,"4,3,6"
3640,fine-tuned,"1,1,2"
3641,fine-tuned,
3642,fine-tuned,"3,1"
3643,fine-tuned,"1,2,3"
3644,fine-tuned,"4,3,2"
3645,fine-tuned,"6,4,4"
3646,fine-tuned,"1,2,5"
3647,fine-tuned,"3,5,2"
3648,fine-tuned,"6,4"
3649,fine-tuned,"2,3,6"
3650,fine-tuned,
3651,fine-tuned,
3652,fine-tuned,"1,6,5"
3653,fine-tuned,"1,6,4"
3654,fine-tuned,"1,6,1"
3655,fine-tuned,
3656,fine-tuned,"4,4,4"
3657,fine-tuned,
3658,fine-tuned,3
3659,fine-tuned,
3660,fine-tuned,"1,2,1"
3661,fine-tuned,"3,1,6"
3662,fine-tuned,5
3663,fine-tuned,"5,5,4"
3664,fine-tuned,
3665,fine-tuned,
3666,fine-tuned,"2,4"
3667,fine-tuned,"3,4,5"
3668,fine-tuned,"4,2,3"
3669,fine-tuned,6
3670,fine-tuned,
3671,fine-tuned,"5,3,1"
3672,fine-tuned,
3673,fine-tuned,"3,4,2"
3674,fine-tuned,5
3675,fine-tuned,
3676,fine-tuned,
3677,fine-tuned,
3678,fine-tuned,"1,2"
3679,fine-tuned,
3680,fine-tuned,3
3681,fine-tuned,"1,2,3"
3682,fine-tuned,"3,2"
3683,fine-tuned,
3684,fine-tuned,"2,4,5"
3685,fine-tuned,
3686,fine-tuned,"5,1,4"
3687,fine-tuned,
3688,fine-tuned,
3689,fine-tuned,"6,3,2"
3690,fine-tuned,"2,2,6"
3691,fine-tuned,
3692,fine-tuned,"6,2,3"
3693,fine-tuned,"1,5,2"
3694,fine-tuned,
3695,fine-tuned,"3,5,5"
3696,fine-tuned,"5,5,5"
3697,fine-tuned,"6,2,5"
3698,fine-tuned,"3,3,2"
3699,fine-tuned,
3700,fine-tuned,"3,6,1"
3701,fine-tuned,"5,1,3"
3702,fine-tuned,"1,2,4"
3703,fine-tuned,
3704,fine-tuned,"2,2"
3705,fine-tuned,
3706,fine-tuned,
3707,fine-tuned,"3,5,2"
3708,fine-tuned,"3,2,4"
3709,fine-tuned,
3710,fine-tuned,"6,1,6"
3711,fine-tuned,"2,3,5"
3712,fine-tuned,"1,2,6"
3713,fine-tuned,"2,1,2"
3714,fine-tuned,"5,4,6"
3715,fine-tuned,"4,6,6"
3716,fine-tuned,
3717,fine-tuned,
3718,fine-tuned,"6,3,6"
3719,fine-tuned,"1,6,5"
3720,fine-tuned,"3,5,4"
3721,fine-tuned,
3722,fine-tuned,"2,2"
3723,fine-tuned,"3,2,3"
3724,fine-tuned,"3,5,5"
3725,fine-tuned,"6,3,2"
3726,fine-tuned,
3727,fine-tuned,
3728,fine-tuned,2
3729,fine-tuned,"6,3,5"
3730,fine-tuned,
3731,fine-tuned,
3732,fine-tuned,"3,3,1"
3733,fine-tuned,"6,2,5"
3734,fine-tuned,"5,2,3"
3735,fine-tuned,
3736,fine-tuned,
3737,fine-tuned,"4,2,5"
3738,fine-tuned,"5,5,1"
3739,fine-tuned,
3740,fine-tuned,"4,6,3"
3741,fine-tuned,"2,1,4"
3742,fine-tuned,1
3743,fine-tuned,
3744,fine-tuned,5
3745,fine-tuned,
3746,fine-tuned,
3747,fine-tuned,"5,3,2"
3748,fine-tuned,"1,2,3"
3749,fine-tuned,"1,3,3"
3750,fine-tuned,
3751,fine-tuned,"3,5,4"
3752,fine-tuned,"1,2,3"
3753,fine-tuned,"6,4,3"
3754,fine-tuned,
3755,fine-tuned,
3756,fine-tuned,
3757,fine-tuned,
3758,fine-tuned,"1,2,3"
3759,fine-tuned,"2,3,5"
3760,fine-tuned,
3761,fine-tuned,"3,3,5"
3762,fine-tuned,"1,5,6"
3763,fine-tuned,"1,2,3"
3764,fine-tuned,
3765,fine-tuned,
3766,fine-tuned,"2,6,3"
3767,fine-tuned,"1,3,2"
3768,fine-tuned,"4,3,2"
3769,fine-tuned,3
3770,fine-tuned,"6,4,6"
3771,fine-tuned,"5,2,6"
3772,fine-tuned,"4,3,5"
3773,fine-tuned,"6,5,2"
3774,fine-tuned,"2,6,5"
3775,fine-tuned,
3776,fine-tuned,"1,4,6"
3777,fine-tuned,
3778,fine-tuned,"5,1,1"
3779,fine-tuned,
3780,fine-tuned,"5,3,1"
3781,fine-tuned,"2,6,2"
3782,fine-tuned,
3783,fine-tuned,
3784,fine-tuned,"1,2,3"
3785,fine-tuned,"1,2,5"
3786,fine-tuned,"6,4,4"
3787,fine-tuned,
3788,fine-tuned,"5,4,4"
3789,fine-tuned,
3790,fine-tuned,"6,2,3"
3791,fine-tuned,"6,1,5"
3792,fine-tuned,
3793,fine-tuned,"6,2,5"
3794,fine-tuned,4
3795,fine-tuned,
3796,fine-tuned,"5,5,2"
3797,fine-tuned,"3,3"
3798,fine-tuned,"2,1,6"
3799,fine-tuned,3
3800,fine-tuned,"1,2,6"
3801,fine-tuned,"5,5,5"
3802,fine-tuned,"1,5,4"
3803,fine-tuned,"1,2,3"
3804,fine-tuned,"6,4,6"
3805,fine-tuned,"4,6,5"
3806,fine-tuned,
3807,fine-tuned,
3808,fine-tuned,"5,2,5"
3809,fine-tuned,"6,1,6"
3810,fine-tuned,"4,4,1"
3811,fine-tuned,
3812,fine-tuned,"1,3,2"
3813,fine-tuned,"5,4,3"
3814,fine-tuned,
3815,fine-tuned,"5,5,4"
3816,fine-tuned,2
3817,fine-tuned,
3818,fine-tuned,"1,6,3"
3819,fine-tuned,"2,4,1"
3820,fine-tuned,
3821,fine-tuned,"5,3,3"
3822,fine-tuned,
3823,fine-tuned,"1,3,1"
3824,fine-tuned,
3825,fine-tuned,"5,1,5"
3826,fine-tuned,3
3827,fine-tuned,2
3828,fine-tuned,3
3829,fine-tuned,"5,4,6"
3830,fine-tuned,"4,3,1"
3831,fine-tuned,"6,6"
3832,fine-tuned,"1,2,1"
3833,fine-tuned,"6,2,4"
3834,fine-tuned,"2,1,3"
3835,fine-tuned,"2,1,3"
3836,fine-tuned,"5,4,6"
3837,fine-tuned,"6,3,6"
3838,fine-tuned,6
3839,fine-tuned,"4,5,2"
3840,fine-tuned,"2,3"
3841,fine-tuned,"3,3"
3842,fine-tuned,"4,6,3"
3843,fine-tuned,
3844,fine-tuned,"6,6,3"
3845,fine-tuned,
3846,fine-tuned,"6,5,6"
3847,fine-tuned,
3848,fine-tuned,"1,2"
3849,fine-tuned,"2,3,2"
3850,fine-tuned,
3851,fine-tuned,"1,6"
3852,fine-tuned,
3853,fine-tuned,"5,1,5"
3854,fine-tuned,1
3855,fine-tuned,"4,4,4"
3856,fine-tuned,"5,4,2"
3857,fine-tuned,"4,5,4"
3858,fine-tuned,"6,5,5"
3859,fine-tuned,"5,1,6"
3860,fine-tuned,
3861,fine-tuned,"5,1,6"
3862,fine-tuned,
3863,fine-tuned,
3864,fine-tuned,"2,3,1"
3865,fine-tuned,"1,3,2"
3866,fine-tuned,"5,3,5"
3867,fine-tuned,"1,6,4"
3868,fine-tuned,"5,5,3"
3869,fine-tuned,
3870,fine-tuned,
3871,fine-tuned,
3872,fine-tuned,
3873,fine-tuned,"2,4,3"
3874,fine-tuned,"4,4,2"
3875,fine-tuned,"3,6,4"
3876,fine-tuned,2
3877,fine-tuned,"1,3,2"
3878,fine-tuned,"5,6,5"
3879,fine-tuned,
3880,fine-tuned,"5,4,1"
3881,fine-tuned,4
3882,fine-tuned,
3883,fine-tuned,"6,1,1"
3884,fine-tuned,"5,6,5"
3885,fine-tuned,"4,1,5"
3886,fine-tuned,"4,5,1"
3887,fine-tuned,
3888,fine-tuned,"6,4,2"
3889,fine-tuned,2
3890,fine-tuned,5
3891,fine-tuned,3
3892,fine-tuned,"4,3,1"
3893,fine-tuned,"5,4,4"
3894,fine-tuned,"1,2,2"
3895,fine-tuned,"4,5,1"
3896,fine-tuned,"3,3"
3897,fine-tuned,"5,5,4"
3898,fine-tuned,"2,3"
3899,fine-tuned,"4,6"
3900,fine-tuned,
3901,fine-tuned,"4,1,3"
3902,fine-tuned,
3903,fine-tuned,
3904,fine-tuned,"3,2,2"
3905,fine-tuned,"5,2,5"
3906,fine-tuned,3
3907,fine-tuned,
3908,fine-tuned,"2,5,6"
3909,fine-tuned,
3910,fine-tuned,"2,5,5"
3911,fine-tuned,
3912,fine-tuned,
3913,fine-tuned,"4,4,3"
3914,fine-tuned,"4,1,6"
3915,fine-tuned,
3916,fine-tuned,
3917,fine-tuned,"1,6,4"
3918,fine-tuned,"2,2,1"
3919,fine-tuned,"1,4,2"
3920,fine-tuned,"4,3,4"
3921,fine-tuned,"1,3,4"
3922,fine-tuned,
3923,fine-tuned,"1,3,1"
3924,fine-tuned,"3,2,3"
3925,fine-tuned,
3926,fine-tuned,5
3927,fine-tuned,"1,2,3"
3928,fine-tuned,"1,5"
3929,fine-tuned,
3930,fine-tuned,"2,2,2"
3931,fine-tuned,
3932,fine-tuned,"2,5,1"
3933,fine-tuned,"5,5,3"
3934,fine-tuned,"6,3"
3935,fine-tuned,"3,2,5"
3936,fine-tuned,
3937,fine-tuned,"3,4"
3938,fine-tuned,
3939,fine-tuned,"3,1,2"
3940,fine-tuned,"4,2,6"
3941,fine-tuned,"5,2,2"
3942,fine-tuned,"3,1,6"
3943,fine-tuned,"5,6,5"
3944,fine-tuned,
3945,fine-tuned,"2,3"
3946,fine-tuned,"1,2,3"
3947,fine-tuned,"3,2,3"
3948,fine-tuned,"3,6,5"
3949,fine-tuned,"2,3,3"
3950,fine-tuned,
3951,fine-tuned,"1,2"
3952,fine-tuned,1
3953,fine-tuned,3
3954,fine-tuned,"1,6,3"
3955,fine-tuned,
3956,fine-tuned,"4,1,6"
3957,fine-tuned,2
3958,fine-tuned,"4,2,4"
3959,fine-tuned,"4,4,4"
3960,fine-tuned,"6,2,4"
3961,fine-tuned,1
3962,fine-tuned,
3963,fine-tuned,
3964,fine-tuned,"3,1,6"
3965,fine-tuned,"4,6,6"
3966,fine-tuned,
3967,fine-tuned,"2,3,3"
3968,fine-tuned,
3969,fine-tuned,"3,5,1"
3970,fine-tuned,"5,1,2"
3971,fine-tuned,"1,2,3"
3972,fine-tuned,"1,1,6"
3973,fine-tuned,
3974,fine-tuned,"2,3,6"
3975,fine-tuned,"2,2"
3976,fine-tuned,"3,3,5"
3977,fine-tuned,
3978,fine-tuned,"3,3,3"
3979,fine-tuned,"3,2,2"
3980,fine-tuned,"1,5,4"
3981,fine-tuned,
3982,fine-tuned,5
3983,fine-tuned,"3,2,2"
3984,fine-tuned,
3985,fine-tuned,"2,6,1"
3986,fine-tuned,"3,1,6"
3987,fine-tuned,"1,2,1"
3988,fine-tuned,"4,5,6"
3989,fine-tuned,
3990,fine-tuned,"1,2,3"
3991,fine-tuned,
3992,fine-tuned,
3993,fine-tuned,"5,1,4"
3994,fine-tuned,
3995,fine-tuned,
3996,fine-tuned,"5,6,3"
3997,fine-tuned,
3998,fine-tuned,"4,3,2"
3999,fine-tuned,
4000,fine-tuned,"2,3,3"
4001,fine-tuned,"5,6,2"
4002,fine-tuned,"2,2,5"
4003,fine-tuned,"5,1,3"
4004,fine-tuned,"5,4,6"
4005,fine-tuned,"4,2,6"
4006,fine-tuned,"4,3,2"
4007,fine-tuned,1
4008,fine-tuned,"5,4,5"
4009,fine-tuned,"3,3,5"
4010,fine-tuned,
4011,fine-tuned,"3,5,5"
4012,fine-tuned,
4013,fine-tuned,"2,3,4"
4014,fine-tuned,"4,4,2"
4015,fine-tuned,"4,6,4"
4016,fine-tuned,
4017,fine-tuned,
4018,fine-tuned,"5,4,5"
4019,fine-tuned,
4020,fine-tuned,
4021,fine-tuned,"3,2,6"
4022,fine-tuned,
4023,fine-tuned,"1,6,3"
4024,fine-tuned,"1,2,3"
4025,fine-tuned,"6,2,5"
4026,fine-tuned,"2,2,3"
4027,fine-tuned,"1,4,2"
4028,fine-tuned,"1,2,1"
4029,fine-tuned,"1,4,2"
4030,fine-tuned,"4,3,2"
4031,fine-tuned,
4032,fine-tuned,
4033,fine-tuned,
4034,fine-tuned,"3,1,2"
4035,fine-tuned,"6,1,1"
4036,fine-tuned,"5,4,2"
4037,fine-tuned,"5,3,5"
4038,fine-tuned,"6,6"
4039,fine-tuned,
4040,fine-tuned,1
4041,fine-tuned,
4042,fine-tuned,"4,2,6"
4043,fine-tuned,"1,6,1"
4044,fine-tuned,3
4045,fine-tuned,"5,4,6"
4046,fine-tuned,
4047,fine-tuned,"4,4,6"
4048,fine-tuned,"1,6,2"
4049,fine-tuned,"4,3,2"
4050,fine-tuned,
4051,fine-tuned,
4052,fine-tuned,
4053,fine-tuned,"4,3,2"
4054,fine-tuned,5
4055,fine-tuned,"6,1,3"
4056,fine-tuned,"3,5,1"
4057,fine-tuned,"2,5,4"
4058,fine-tuned,"6,5,4"
4059,fine-tuned,
4060,fine-tuned,"6,5,2"
4061,fine-tuned,"5,6,4"
4062,fine-tuned,"1,1,2"
4063,fine-tuned,"3,2,5"
4064,fine-tuned,"1,4,3"
4065,fine-tuned,"1,3,1"
4066,fine-tuned,"4,4,4"
4067,fine-tuned,"1,1,3"
4068,fine-tuned,
4069,fine-tuned,"4,3,5"
4070,fine-tuned,
4071,fine-tuned,"5,2,6"
4072,fine-tuned,"3,1,3"
4073,fine-tuned,"2,5,3"
4074,fine-tuned,"1,6,5"
4075,fine-tuned,"3,4,2"
4076,fine-tuned,"5,5,2"
4077,fine-tuned,
4078,fine-tuned,"4,1,5"
4079,fine-tuned,"5,2,1"
4080,fine-tuned,"3,4,5"
4081,fine-tuned,
4082,fine-tuned,"2,4,2"
4083,fine-tuned,
4084,fine-tuned,"4,2,1"
4085,fine-tuned,"1,2,3"
4086,fine-tuned,"6,4,5"
4087,fine-tuned,
4088,fine-tuned,"4,6"
4089,fine-tuned,"6,2,2"
4090,fine-tuned,"3,1,5"
4091,fine-tuned,"3,1,6"
4092,fine-tuned,"1,6,1"
4093,fine-tuned,"2,3,3"
4094,fine-tuned,"4,6,3"
4095,fine-tuned,"4,1,4"
4096,fine-tuned,
4097,fine-tuned,
4098,fine-tuned,
4099,fine-tuned,
4100,fine-tuned,"6,5,4"
4101,fine-tuned,"3,1,6"
4102,fine-tuned,"3,4,2"
4103,fine-tuned,"3,2,5"
4104,fine-tuned,"3,3"
4105,fine-tuned,"3,5,5"
4106,fine-tuned,
4107,fine-tuned,"3,4,5"
4108,fine-tuned,
4109,fine-tuned,"1,4,3"
4110,fine-tuned,1
4111,fine-tuned,"1,5,4"
4112,fine-tuned,"1,1,3"
4113,fine-tuned,"1,2,3"
4114,fine-tuned,5
4115,fine-tuned,"1,6,6"
4116,fine-tuned,
4117,fine-tuned,
4118,fine-tuned,
4119,fine-tuned,"5,6"
4120,fine-tuned,
4121,fine-tuned,"3,4,4"
4122,fine-tuned,"6,4,6"
4123,fine-tuned,"6,6"
4124,fine-tuned,"2,2,2"
4125,fine-tuned,3
4126,fine-tuned,"1,4,1"
4127,fine-tuned,"2,1,3"
4128,fine-tuned,"5,1,2"
4129,fine-tuned,"4,3"
4130,fine-tuned,"2,4,2"
4131,fine-tuned,"5,4,1"
4132,fine-tuned,"6,5,3"
4133,fine-tuned,"5,3,2"
4134,fine-tuned,
4135,fine-tuned,"1,2,1"
4136,fine-tuned,"3,3,3"
4137,fine-tuned,"5,3,6"
4138,fine-tuned,"5,3,5"
4139,fine-tuned,"2,5,5"
4140,fine-tuned,"6,1,1"
4141,fine-tuned,"3,3,1"
4142,fine-tuned,"6,1,4"
4143,fine-tuned,
4144,fine-tuned,
4145,fine-tuned,"5,3,6"
4146,fine-tuned,"6,2,3"
4147,fine-tuned,"2,4,1"
4148,fine-tuned,"1,2,3"
4149,fine-tuned,
4150,fine-tuned,"6,3,4"
4151,fine-tuned,"1,1,4"
4152,fine-tuned,"1,5,3"
4153,fine-tuned,
4154,fine-tuned,"1,4,5"
4155,fine-tuned,"3,1,2"
4156,fine-tuned,"1,3"
4157,fine-tuned,"4,6,4"
4158,fine-tuned,
4159,fine-tuned,3
4160,fine-tuned,"6,3,6"
4161,fine-tuned,"3,1,5"
4162,fine-tuned,
4163,fine-tuned,"3,2,1"
4164,fine-tuned,"3,1,4"
4165,fine-tuned,"3,1,5"
4166,fine-tuned,
4167,fine-tuned,"6,1,6"
4168,fine-tuned,"6,3,6"
4169,fine-tuned,
4170,fine-tuned,3
4171,fine-tuned,
4172,fine-tuned,"6,5,6"
4173,fine-tuned,"6,4,6"
4174,fine-tuned,"1,2,3"
4175,fine-tuned,
4176,fine-tuned,"4,4,3"
4177,fine-tuned,"1,2,2"
4178,fine-tuned,
4179,fine-tuned,
4180,fine-tuned,"2,4"
4181,fine-tuned,"2,2,4"
4182,fine-tuned,"6,2,5"
4183,fine-tuned,"3,1,1"
4184,fine-tuned,
4185,fine-tuned,"2,2,5"
4186,fine-tuned,"4,2,3"
4187,fine-tuned,
4188,fine-tuned,
4189,fine-tuned,3
4190,fine-tuned,"2,1,2"
4191,fine-tuned,"6,3,5"
4192,fine-tuned,"3,6,2"
4193,fine-tuned,"1,3,5"
4194,fine-tuned,"2,1,3"
4195,fine-tuned,3
4196,fine-tuned,"2,3,4"
4197,fine-tuned,"6,6,1"
4198,fine-tuned,
4199,fine-tuned,"5,2,1"
4200,fine-tuned,
4201,fine-tuned,
4202,fine-tuned,"5,2,3"
4203,fine-tuned,
4204,fine-tuned,
4205,fine-tuned,"5,1,2"
4206,fine-tuned,"3,2,1"
4207,fine-tuned,"1,3,3"
4208,fine-tuned,4
4209,fine-tuned,"3,3,2"
4210,fine-tuned,"2,4,1"
4211,fine-tuned,"3,3"
4212,fine-tuned,
4213,fine-tuned,"1,2,3"
4214,fine-tuned,"1,4,2"
4215,fine-tuned,
4216,fine-tuned,6
4217,fine-tuned,
4218,fine-tuned,1
4219,fine-tuned,"6,2,4"
4220,fine-tuned,"1,2,3"
4221,fine-tuned,"4,1,5"
4222,fine-tuned,"2,5,3"
4223,fine-tuned,"3,6,4"
4224,fine-tuned,
4225,fine-tuned,
4226,fine-tuned,"4,5,3"
4227,fine-tuned,"1,6,2"
4228,fine-tuned,"3,5,2"
4229,fine-tuned,
4230,fine-tuned,"1,4,3"
4231,fine-tuned,"5,3,5"
4232,fine-tuned,"2,6,3"
4233,fine-tuned,"3,6,4"
4234,fine-tuned,"6,3,4"
4235,fine-tuned,"2,5,4"
4236,fine-tuned,"5,3,6"
4237,fine-tuned,"6,5,5"
4238,fine-tuned,
4239,fine-tuned,"2,2,1"
4240,fine-tuned,"1,2,2"
4241,fine-tuned,
4242,fine-tuned,
4243,fine-tuned,"3,5,3"
4244,fine-tuned,"3,3,3"
4245,fine-tuned,"6,2,2"
4246,fine-tuned,"1,3,6"
4247,fine-tuned,
4248,fine-tuned,"6,5,1"
4249,fine-tuned,
4250,fine-tuned,
4251,fine-tuned,"1,5,4"
4252,fine-tuned,"2,5,2"
4253,fine-tuned,"1,1,3"
4254,fine-tuned,
4255,fine-tuned,"3,3,1"
4256,fine-tuned,"2,6,5"
4257,fine-tuned,"3,2"
4258,fine-tuned,
4259,fine-tuned,"4,6,3"
4260,fine-tuned,
4261,fine-tuned,"2,6,3"
4262,fine-tuned,"1,2,1"
4263,fine-tuned,"3,6,2"
4264,fine-tuned,
4265,fine-tuned,"2,2"
4266,fine-tuned,"3,2,4"
4267,fine-tuned,5
4268,fine-tuned,"4,1,4"
4269,fine-tuned,"5,1,4"
4270,fine-tuned,"3,5,6"
4271,fine-tuned,"1,6,2"
4272,fine-tuned,"2,1,3"
4273,fine-tuned,"3,1,4"
4274,fine-tuned,"1,4,2"
4275,fine-tuned,"3,1,6"
4276,fine-tuned,
4277,fine-tuned,
4278,fine-tuned,"5,4"
4279,fine-tuned,
4280,fine-tuned,"4,1,1"
4281,fine-tuned,"4,5,2"
4282,fine-tuned,"2,4,2"
4283,fine-tuned,
4284,fine-tuned,"1,1,4"
4285,fine-tuned,
4286,fine-tuned,"2,5,1"
4287,fine-tuned,"5,5,3"
4288,fine-tuned,"3,6,3"
4289,fine-tuned,"3,2,3"
4290,fine-tuned,"3,2,5"
4291,fine-tuned,
4292,fine-tuned,
4293,fine-tuned,"5,1,4"
4294,fine-tuned,
4295,fine-tuned,"3,2,2"
4296,fine-tuned,"6,4,2"
4297,fine-tuned,"6,1,4"
4298,fine-tuned,
4299,fine-tuned,
4300,fine-tuned,"4,3,1"
4301,fine-tuned,
4302,fine-tuned,
4303,fine-tuned,
4304,fine-tuned,
4305,fine-tuned,"2,1"
4306,fine-tuned,"5,5,1"
4307,fine-tuned,"1,6,1"
4308,fine-tuned,"2,3,1"
4309,fine-tuned,
4310,fine-tuned,"3,1"
4311,fine-tuned,"4,1,6"
4312,fine-tuned,"4,6,5"
4313,fine-tuned,"4,6,4"
4314,fine-tuned,"6,4,5"
4315,fine-tuned,1
4316,fine-tuned,"3,2,2"
4317,fine-tuned,"5,4,1"
4318,fine-tuned,"4,6"
4319,fine-tuned,"2,1,2"
4320,fine-tuned,
4321,fine-tuned,
4322,fine-tuned,"5,1"
4323,fine-tuned,"3,3"
4324,fine-tuned,"1,2,2"
4325,fine-tuned,"3,3,6"
4326,fine-tuned,
4327,fine-tuned,"4,4,2"
4328,fine-tuned,
4329,fine-tuned,"4,1"
4330,fine-tuned,"2,3,5"
4331,fine-tuned,
4332,fine-tuned,"5,2,5"
4333,fine-tuned,"3,1,2"
4334,fine-tuned,"4,3,3"
4335,fine-tuned,
4336,fine-tuned,3
4337,fine-tuned,"1,6,3"
4338,fine-tuned,"2,4,1"
4339,fine-tuned,"5,3,5"
4340,fine-tuned,"2,6,5"
4341,fine-tuned,
4342,fine-tuned,"5,6,3"
4343,fine-tuned,3
4344,fine-tuned,"2,1,2"
4345,fine-tuned,"6,3"
4346,fine-tuned,"2,5,3"
4347,fine-tuned,"3,6,2"
4348,fine-tuned,"6,1,1"
4349,fine-tuned,"5,3,3"
4350,fine-tuned,
4351,fine-tuned,"2,2,5"
4352,fine-tuned,"2,4,5"
4353,fine-tuned,"2,4,5"
4354,fine-tuned,
4355,fine-tuned,"1,6,3"
4356,fine-tuned,
4357,fine-tuned,"5,5,4"
4358,fine-tuned,"6,3,6"
4359,fine-tuned,"5,6,1"
4360,fine-tuned,"1,1,1"
4361,fine-tuned,"1,6"
4362,fine-tuned,"4,2,1"
4363,fine-tuned,"2,2,1"
4364,fine-tuned,
4365,fine-tuned,"2,2,2"
4366,fine-tuned,"1,2,3"
4367,fine-tuned,
4368,fine-tuned,"3,2,6"
4369,fine-tuned,"5,5,5"
4370,fine-tuned,
4371,fine-tuned,5
4372,fine-tuned,"5,6,2"
4373,fine-tuned,"3,3"
4374,fine-tuned,"5,2,3"
4375,fine-tuned,"4,2,6"
4376,fine-tuned,"5,2,4"
4377,fine-tuned,"5,2,1"
4378,fine-tuned,"1,6"
4379,fine-tuned,"2,6,4"
4380,fine-tuned,
4381,fine-tuned,"1,1,2"
4382,fine-tuned,
4383,fine-tuned,"3,2,2"
4384,fine-tuned,"1,4,6"
4385,fine-tuned,
4386,fine-tuned,
4387,fine-tuned,"2,3,6"
4388,fine-tuned,"3,2,4"
4389,fine-tuned,"4,4,3"
4390,fine-tuned,
4391,fine-tuned,
4392,fine-tuned,"3,3,3"
4393,fine-tuned,"3,5,3"
4394,fine-tuned,3
4395,fine-tuned,"2,1,6"
4396,fine-tuned,"4,4,3"
4397,fine-tuned,"5,4"
4398,fine-tuned,"5,5,5"
4399,fine-tuned,"3,6,3"
4400,fine-tuned,"4,2,2"
4401,fine-tuned,
4402,fine-tuned,
4403,fine-tuned,"2,2,2"
4404,fine-tuned,3
4405,fine-tuned,"3,2"
4406,fine-tuned,"4,3,2"
4407,fine-tuned,"6,3,6"
4408,fine-tuned,2
4409,fine-tuned,"6,2,3"
4410,fine-tuned,"5,4,2"
4411,fine-tuned,1
4412,fine-tuned,"3,3,3"
4413,fine-tuned,"5,2,4"
4414,fine-tuned,
4415,fine-tuned,"2,6,2"
4416,fine-tuned,
4417,fine-tuned,
4418,fine-tuned,"1,6,6"
4419,fine-tuned,"4,6,3"
4420,fine-tuned,
4421,fine-tuned,"5,3,1"
4422,fine-tuned,"3,5,1"
4423,fine-tuned,"1,4,3"
4424,fine-tuned,"3,5,1"
4425,fine-tuned,"5,1,3"
4426,fine-tuned,"4,1"
4427,fine-tuned,"3,4,2"
4428,fine-tuned,
4429,fine-tuned,"5,3,1"
4430,fine-tuned,"6,2,3"
4431,fine-tuned,
4432,fine-tuned,"2,5"
4433,fine-tuned,
4434,fine-tuned,
4435,fine-tuned,"1,5,3"
4436,fine-tuned,"1,1,2"
4437,fine-tuned,
4438,fine-tuned,"5,6,1"
4439,fine-tuned,
4440,fine-tuned,"6,5,3"
4441,fine-tuned,
4442,fine-tuned,"5,5,5"
4443,fine-tuned,"5,1,5"
4444,fine-tuned,
4445,fine-tuned,
4446,fine-tuned,"1,2,3"
4447,fine-tuned,
4448,fine-tuned,"5,1,6"
4449,fine-tuned,
4450,fine-tuned,
4451,fine-tuned,
4452,fine-tuned,
4453,fine-tuned,
4454,fine-tuned,
4455,fine-tuned,"4,3,6"
4456,fine-tuned,"5,3,6"
4457,fine-tuned,
4458,fine-tuned,"1,2,6"
4459,fine-tuned,"5,5,6"
4460,fine-tuned,
4461,fine-tuned,
4462,fine-tuned,"3,5,3"
4463,fine-tuned,
4464,fine-tuned,"4,1,1"
4465,fine-tuned,"2,3,3"
4466,fine-tuned,
4467,fine-tuned,"4,4,3"
4468,fine-tuned,
4469,fine-tuned,"6,6,3"
4470,fine-tuned,"3,5,1"
4471,fine-tuned,
4472,fine-tuned,"1,4,4"
4473,fine-tuned,"3,4,5"
4474,fine-tuned,
4475,fine-tuned,"1,5,2"
4476,fine-tuned,"6,1,2"
4477,fine-tuned,"3,6,5"
4478,fine-tuned,"1,6,4"
4479,fine-tuned,"3,5,3"
4480,fine-tuned,"3,6,5"
4481,fine-tuned,"4,2,2"
4482,fine-tuned,"4,2,6"
4483,fine-tuned,
4484,fine-tuned,"2,2,1"
4485,fine-tuned,"4,1,6"
4486,fine-tuned,1
4487,fine-tuned,
4488,fine-tuned,"2,2,1"
4489,fine-tuned,"6,1,4"
4490,fine-tuned,"3,4,1"
4491,fine-tuned,"1,4,2"
4492,fine-tuned,"5,6,3"
4493,fine-tuned,"4,6,6"
4494,fine-tuned,"4,2,3"
4495,fine-tuned,
4496,fine-tuned,"1,3,3"
4497,fine-tuned,"1,2,3"
4498,fine-tuned,
4499,fine-tuned,
4500,fine-tuned,3
4501,fine-tuned,"4,2,6"
4502,fine-tuned,"4,4,4"
4503,fine-tuned,"6,4,5"
4504,fine-tuned,"5,5,5"
4505,fine-tuned,"2,6,1"
4506,fine-tuned,"2,3,4"
4507,fine-tuned,
4508,fine-tuned,
4509,fine-tuned,"4,1"
4510,fine-tuned,"3,5,3"
4511,fine-tuned,
4512,fine-tuned,"5,1,2"
4513,fine-tuned,
4514,fine-tuned,"1,2,5"
4515,fine-tuned,"3,1"
4516,fine-tuned,
4517,fine-tuned,
4518,fine-tuned,"3,1,6"
4519,fine-tuned,"5,2,5"
4520,fine-tuned,
4521,fine-tuned,
4522,fine-tuned,"1,3,4"
4523,fine-tuned,
4524,fine-tuned,
4525,fine-tuned,"3,4,1"
4526,fine-tuned,"6,4,5"
4527,fine-tuned,
4528,fine-tuned,3
4529,fine-tuned,3
4530,fine-tuned,"3,4,5"
4531,fine-tuned,"1,2,6"
4532,fine-tuned,
4533,fine-tuned,
4534,fine-tuned,"2,6,4"
4535,fine-tuned,"5,3,4"
4536,fine-tuned,"1,3,2"
4537,fine-tuned,
4538,fine-tuned,
4539,fine-tuned,"3,2,2"
4540,fine-tuned,
4541,fine-tuned,
4542,fine-tuned,"6,6,5"
4543,fine-tuned,"2,3,5"
4544,fine-tuned,
4545,fine-tuned,"5,6,5"
4546,fine-tuned,"3,4,4"
4547,fine-tuned,"4,2"
4548,fine-tuned,"3,2,1"
4549,fine-tuned,"4,6,2"
4550,fine-tuned,
4551,fine-tuned,
4552,fine-tuned,"2,5,1"
4553,fine-tuned,"6,2,3"
4554,fine-tuned,"3,6"
4555,fine-tuned,"5,4,1"
4556,fine-tuned,
4557,fine-tuned,"6,5,2"
4558,fine-tuned,"6,2"
4559,fine-tuned,"6,3,2"
4560,fine-tuned,"2,1,5"
4561,fine-tuned,
4562,fine-tuned,
4563,fine-tuned,"6,6,2"
4564,fine-tuned,
4565,fine-tuned,"3,3,4"
4566,fine-tuned,"2,5,5"
4567,fine-tuned,
4568,fine-tuned,3
4569,fine-tuned,"2,6,5"
4570,fine-tuned,
4571,fine-tuned,"3,6,2"
4572,fine-tuned,4
4573,fine-tuned,
4574,fine-tuned,"4,2,3"
4575,fine-tuned,"1,2,2"
4576,fine-tuned,"5,4,3"
4577,fine-tuned,"1,1,5"
4578,fine-tuned,"3,6,1"
4579,fine-tuned,"5,2,3"
4580,fine-tuned,"5,1"
4581,fine-tuned,"1,2,3"
4582,fine-tuned,3
4583,fine-tuned,"3,3,3"
4584,fine-tuned,"5,4,6"
4585,fine-tuned,
4586,fine-tuned,"1,2,5"
4587,fine-tuned,"1,4,5"
4588,fine-tuned,"2,5,4"
4589,fine-tuned,"3,1,6"
4590,fine-tuned,"6,4,4"
4591,fine-tuned,
4592,fine-tuned,3
4593,fine-tuned,"5,3,1"
4594,fine-tuned,"1,3,6"
4595,fine-tuned,"5,6,6"
4596,fine-tuned,"3,6,3"
4597,fine-tuned,"5,4,1"
4598,fine-tuned,"5,6,1"
4599,fine-tuned,"4,4,5"
4600,fine-tuned,
4601,fine-tuned,"5,3,2"
4602,fine-tuned,"4,5,1"
4603,fine-tuned,"3,5,5"
4604,fine-tuned,3
4605,fine-tuned,"2,2,2"
4606,fine-tuned,"2,4,6"
4607,fine-tuned,"2,6,3"
4608,fine-tuned,"2,2,5"
4609,fine-tuned,1
4610,fine-tuned,
4611,fine-tuned,"1,4,4"
4612,fine-tuned,"3,1,5"
4613,fine-tuned,
4614,fine-tuned,"3,2,3"
4615,fine-tuned,"3,5"
4616,fine-tuned,
4617,fine-tuned,"4,3,4"
4618,fine-tuned,
4619,fine-tuned,"1,2,4"
4620,fine-tuned,"5,3,1"
4621,fine-tuned,3
4622,fine-tuned,"2,3,6"
4623,fine-tuned,"4,3,1"
4624,fine-tuned,"4,6,2"
4625,fine-tuned,
4626,fine-tuned,"1,3,4"
4627,fine-tuned,
4628,fine-tuned,"3,6,2"
4629,fine-tuned,"4,4,5"
4630,fine-tuned,"4,3,6"
4631,fine-tuned,3
4632,fine-tuned,"3,2,3"
4633,fine-tuned,"5,5,3"
4634,fine-tuned,"2,2,4"
4635,fine-tuned,"1,4,6"
4636,fine-tuned,
4637,fine-tuned,"6,3,1"
4638,fine-tuned,
4639,fine-tuned,
4640,fine-tuned,"6,5,6"
4641,fine-tuned,"4,2,2"
4642,fine-tuned,"3,6,1"
4643,fine-tuned,"4,1,2"
4644,fine-tuned,"3,1,5"
4645,fine-tuned,3
4646,fine-tuned,"5,1,3"
4647,fine-tuned,"4,6,1"
4648,fine-tuned,"1,1,4"
4649,fine-tuned,"2,4,1"
4650,fine-tuned,"4,3,3"
4651,fine-tuned,"4,5,4"
4652,fine-tuned,
4653,fine-tuned,
4654,fine-tuned,"3,1,2"
4655,fine-tuned,
4656,fine-tuned,
4657,fine-tuned,"3,6,4"
4658,fine-tuned,"1,5,5"
4659,fine-tuned,"6,3"
4660,fine-tuned,"4,2,3"
4661,fine-tuned,"5,4,6"
4662,fine-tuned,
4663,fine-tuned,"2,4,4"
4664,fine-tuned,
4665,fine-tuned,"6,3,1"
4666,fine-tuned,"2,2"
4667,fine-tuned,
4668,fine-tuned,
4669,fine-tuned,"3,1,5"
4670,fine-tuned,"1,3,4"
4671,fine-tuned,"4,3,5"
4672,fine-tuned,"6,2,4"
4673,fine-tuned,"2,2,4"
4674,fine-tuned,"3,1,5"
4675,fine-tuned,"1,2,1"
4676,fine-tuned,"2,4,4"
4677,fine-tuned,"6,6,5"
4678,fine-tuned,
4679,fine-tuned,
4680,fine-tuned,
4681,fine-tuned,"5,4,1"
4682,fine-tuned,"3,2,4"
4683,fine-tuned,"2,6,2"
4684,fine-tuned,"3,1,5"
4685,fine-tuned,"4,3,2"
4686,fine-tuned,"6,1,6"
4687,fine-tuned,
4688,fine-tuned,
4689,fine-tuned,"4,6,2"
4690,fine-tuned,"1,6,3"
4691,fine-tuned,"6,1,1"
4692,fine-tuned,
4693,fine-tuned,"4,3,6"
4694,fine-tuned,"1,5"
4695,fine-tuned,
4696,fine-tuned,
4697,fine-tuned,"6,4,2"
4698,fine-tuned,"1,3,5"
4699,fine-tuned,"5,3,4"
4700,fine-tuned,"3,3,1"
4701,fine-tuned,"6,1,1"
4702,fine-tuned,"5,2,2"
4703,fine-tuned,"3,5,2"
4704,fine-tuned,
4705,fine-tuned,"5,2,6"
4706,fine-tuned,"3,3,2"
4707,fine-tuned,"4,3,2"
4708,fine-tuned,"1,3"
4709,fine-tuned,
4710,fine-tuned,"2,5,4"
4711,fine-tuned,
4712,fine-tuned,"4,6,3"
4713,fine-tuned,"1,2,3"
4714,fine-tuned,"5,1,2"
4715,fine-tuned,
4716,fine-tuned,"3,1,4"
4717,fine-tuned,"1,3,5"
4718,fine-tuned,
4719,fine-tuned,
4720,fine-tuned,
4721,fine-tuned,"2,6,3"
4722,fine-tuned,
4723,fine-tuned,"6,5,3"
4724,fine-tuned,
4725,fine-tuned,"1,6,1"
4726,fine-tuned,"4,1,3"
4727,fine-tuned,3
4728,fine-tuned,"5,3,3"
4729,fine-tuned,"2,2,2"
4730,fine-tuned,
4731,fine-tuned,
4732,fine-tuned,
4733,fine-tuned,"6,5,5"
4734,fine-tuned,"6,3,1"
4735,fine-tuned,
4736,fine-tuned,"2,3,4"
4737,fine-tuned,"3,2,3"
4738,fine-tuned,"5,6,3"
4739,fine-tuned,"6,4,6"
4740,fine-tuned,6
4741,fine-tuned,"5,5,4"
4742,fine-tuned,
4743,fine-tuned,
4744,fine-tuned,
4745,fine-tuned,"1,2,3"
4746,fine-tuned,3
4747,fine-tuned,"1,2,3"
4748,fine-tuned,
4749,fine-tuned,"5,2,2"
4750,fine-tuned,"3,3,4"
4751,fine-tuned,"3,6,1"
4752,fine-tuned,"1,5,1"
4753,fine-tuned,"2,5,2"
4754,fine-tuned,1
4755,fine-tuned,
4756,fine-tuned,
4757,fine-tuned,"5,4,2"
4758,fine-tuned,"3,2,3"
4759,fine-tuned,"2,5,6"
4760,fine-tuned,"4,2,3"
4761,fine-tuned,
4762,fine-tuned,"3,3,1"
4763,fine-tuned,"4,4,3"
4764,fine-tuned,"6,6,2"
4765,fine-tuned,"2,5,3"
4766,fine-tuned,
4767,fine-tuned,"4,6,5"
4768,fine-tuned,"3,2,6"
4769,fine-tuned,
4770,fine-tuned,
4771,fine-tuned,
4772,fine-tuned,
4773,fine-tuned,
4774,fine-tuned,
4775,fine-tuned,"3,6,5"
4776,fine-tuned,"1,6,5"
4777,fine-tuned,"3,3,2"
4778,fine-tuned,"4,1,3"
4779,fine-tuned,"1,2,3"
4780,fine-tuned,"2,6,6"
4781,fine-tuned,"2,1,4"
4782,fine-tuned,"3,1,4"
4783,fine-tuned,"5,3,2"
4784,fine-tuned,6
4785,fine-tuned,"4,1,2"
4786,fine-tuned,"1,2,2"
4787,fine-tuned,"6,1"
4788,fine-tuned,
4789,fine-tuned,"1,2,3"
4790,fine-tuned,
4791,fine-tuned,"2,3,5"
4792,fine-tuned,"1,5,2"
4793,fine-tuned,"6,4,3"
4794,fine-tuned,
4795,fine-tuned,
4796,fine-tuned,"3,4,3"
4797,fine-tuned,
4798,fine-tuned,3
4799,fine-tuned,
4800,fine-tuned,"5,5,4"
4801,fine-tuned,"3,2,1"
4802,fine-tuned,4
4803,fine-tuned,"2,5,1"
4804,fine-tuned,
4805,fine-tuned,"1,1,1"
4806,fine-tuned,"6,6"
4807,fine-tuned,"1,1,2"
4808,fine-tuned,
4809,fine-tuned,4
4810,fine-tuned,"4,1,2"
4811,fine-tuned,3
4812,fine-tuned,"6,2,2"
4813,fine-tuned,"6,5,1"
4814,fine-tuned,"5,4,1"
4815,fine-tuned,"3,3,4"
4816,fine-tuned,"4,1,3"
4817,fine-tuned,"4,5,3"
4818,fine-tuned,"1,1,1"
4819,fine-tuned,"3,1"
4820,fine-tuned,"1,2,3"
4821,fine-tuned,"6,2,1"
4822,fine-tuned,"1,5,6"
4823,fine-tuned,"2,1,5"
4824,fine-tuned,
4825,fine-tuned,"5,4,6"
4826,fine-tuned,"6,4,5"
4827,fine-tuned,"3,4,2"
4828,fine-tuned,"6,1,3"
4829,fine-tuned,
4830,fine-tuned,
4831,fine-tuned,"3,4,3"
4832,fine-tuned,
4833,fine-tuned,
4834,fine-tuned,"5,1"
4835,fine-tuned,
4836,fine-tuned,"3,3,1"
4837,fine-tuned,"6,3,1"
4838,fine-tuned,"4,1,3"
4839,fine-tuned,"1,2,2"
4840,fine-tuned,
4841,fine-tuned,"3,2,2"
4842,fine-tuned,
4843,fine-tuned,"5,2,2"
4844,fine-tuned,"5,5,3"
4845,fine-tuned,"1,3,4"
4846,fine-tuned,"6,1,3"
4847,fine-tuned,
4848,fine-tuned,"5,2,1"
4849,fine-tuned,"6,5,4"
4850,fine-tuned,6
4851,fine-tuned,"6,3,1"
4852,fine-tuned,
4853,fine-tuned,"2,2,2"
4854,fine-tuned,"4,6,5"
4855,fine-tuned,
4856,fine-tuned,"4,2,6"
4857,fine-tuned,"6,6,2"
4858,fine-tuned,3
4859,fine-tuned,"2,1,1"
4860,fine-tuned,"3,3,5"
4861,fine-tuned,"3,3,5"
4862,fine-tuned,"5,2"
4863,fine-tuned,"6,3,2"
4864,fine-tuned,
4865,fine-tuned,"5,5,3"
4866,fine-tuned,"2,2,1"
4867,fine-tuned,"2,4,3"
4868,fine-tuned,1
4869,fine-tuned,
4870,fine-tuned,3
4871,fine-tuned,
4872,fine-tuned,1
4873,fine-tuned,3
4874,fine-tuned,"3,6,2"
4875,fine-tuned,
4876,fine-tuned,"4,1,2"
4877,fine-tuned,"1,2,2"
4878,fine-tuned,"4,5,4"
4879,fine-tuned,
4880,fine-tuned,
4881,fine-tuned,"6,2,2"
4882,fine-tuned,
4883,fine-tuned,"5,6,6"
4884,fine-tuned,"1,1,1"
4885,fine-tuned,"3,1,2"
4886,fine-tuned,"6,3,4"
4887,fine-tuned,"5,1"
4888,fine-tuned,"1,2,2"
4889,fine-tuned,"5,1,6"
4890,fine-tuned,"2,5,6"
4891,fine-tuned,"1,2,6"
4892,fine-tuned,
4893,fine-tuned,2
4894,fine-tuned,
4895,fine-tuned,"2,4,1"
4896,fine-tuned,"1,4,3"
4897,fine-tuned,6
4898,fine-tuned,"5,2,2"
4899,fine-tuned,"1,1,3"
4900,fine-tuned,"2,6,5"
4901,fine-tuned,"4,6,4"
4902,fine-tuned,
4903,fine-tuned,"3,3,6"
4904,fine-tuned,"2,1,6"
4905,fine-tuned,"1,1,2"
4906,fine-tuned,"3,1,4"
4907,fine-tuned,"6,6,6"
4908,fine-tuned,"3,4,5"
4909,fine-tuned,"5,2,5"
4910,fine-tuned,"1,3,3"
4911,fine-tuned,"3,4,3"
4912,fine-tuned,
4913,fine-tuned,"1,6,1"
4914,fine-tuned,"6,5,2"
4915,fine-tuned,"5,1,4"
4916,fine-tuned,"5,1,3"
4917,fine-tuned,"4,5,1"
4918,fine-tuned,
4919,fine-tuned,"1,6,4"
4920,fine-tuned,
4921,fine-tuned,"4,3,6"
4922,fine-tuned,"5,3"
4923,fine-tuned,
4924,fine-tuned,
4925,fine-tuned,"2,6,5"
4926,fine-tuned,
4927,fine-tuned,
4928,fine-tuned,"5,1,6"
4929,fine-tuned,"4,2,2"
4930,fine-tuned,"2,6,2"
4931,fine-tuned,"3,1,3"
4932,fine-tuned,"3,6,3"
4933,fine-tuned,"5,1,2"
4934,fine-tuned,"1,2,3"
4935,fine-tuned,
4936,fine-tuned,"3,2,3"
4937,fine-tuned,"5,1"
4938,fine-tuned,2
4939,fine-tuned,3
4940,fine-tuned,"1,4,4"
4941,fine-tuned,"1,1,3"
4942,fine-tuned,"3,5,3"
4943,fine-tuned,"4,1,3"
4944,fine-tuned,
4945,fine-tuned,"1,6,3"
4946,fine-tuned,
4947,fine-tuned,"3,4,1"
4948,fine-tuned,
4949,fine-tuned,"3,1,6"
4950,fine-tuned,"6,5,5"
4951,fine-tuned,"6,5,3"
4952,fine-tuned,"1,3,2"
4953,fine-tuned,"5,2,2"
4954,fine-tuned,
4955,fine-tuned,"3,5,4"
4956,fine-tuned,"1,2,5"
4957,fine-tuned,
4958,fine-tuned,"6,5,4"
4959,fine-tuned,
4960,fine-tuned,"6,2,2"
4961,fine-tuned,
4962,fine-tuned,"5,1,5"
4963,fine-tuned,"4,2,4"
4964,fine-tuned,"2,3,4"
4965,fine-tuned,
4966,fine-tuned,2
4967,fine-tuned,
4968,fine-tuned,
4969,fine-tuned,"6,4,4"
4970,fine-tuned,"5,3,5"
4971,fine-tuned,"6,6,1"
4972,fine-tuned,"4,1,1"
4973,fine-tuned,"4,4,1"
4974,fine-tuned,
4975,fine-tuned,"2,1,5"
4976,fine-tuned,
4977,fine-tuned,
4978,fine-tuned,"3,2,6"
4979,fine-tuned,"1,2,4"
4980,fine-tuned,"3,6,5"
4981,fine-tuned,
4982,fine-tuned,"1,5,1"
4983,fine-tuned,"1,6,5"
4984,fine-tuned,"2,1,5"
4985,fine-tuned,
4986,fine-tuned,"3,6,6"
4987,fine-tuned,"2,3,5"
4988,fine-tuned,3
4989,fine-tuned,"6,5,1"
4990,fine-tuned,"1,2,3"
4991,fine-tuned,"2,3,5"
4992,fine-tuned,"2,2,5"
4993,fine-tuned,"1,6,3"
4994,fine-tuned,
4995,fine-tuned,5
4996,fine-tuned,"1,6,4"
4997,fine-tuned,1
4998,fine-tuned,
4999,fine-tuned,"2,3,6"
5000,fine-tuned,"1,2,4"
5001,fine-tuned,"4,4,6"
5002,fine-tuned,
5003,fine-tuned,"3,2,2"
5004,fine-tuned,
5005,fine-tuned,"4,3,5"
5006,fine-tuned,2
5007,fine-tuned,"6,1,5"
5008,fine-tuned,
5009,fine-tuned,"4,6,3"
5010,fine-tuned,
5011,fine-tuned,"6,2,5"
5012,fine-tuned,
5013,fine-tuned,6
5014,fine-tuned,"2,2,5"
5015,fine-tuned,"1,6,1"
5016,fine-tuned,"2,4,2"
5017,fine-tuned,5
5018,fine-tuned,"5,3,2"
5019,fine-tuned,"2,1,5"
5020,fine-tuned,"1,6,2"
5021,fine-tuned,4
5022,fine-tuned,"1,3"
5023,fine-tuned,"1,6,4"
5024,fine-tuned,
5025,fine-tuned,"4,6"
5026,fine-tuned,"2,2,2"
5027,fine-tuned,
5028,fine-tuned,
5029,fine-tuned,"2,2,6"
5030,fine-tuned,
5031,fine-tuned,1
5032,fine-tuned,"6,2,2"
5033,fine-tuned,"1,5,5"
5034,fine-tuned,"1,3,5"
5035,fine-tuned,
5036,fine-tuned,
5037,fine-tuned,"5,3,2"
5038,fine-tuned,"2,6,2"
5039,fine-tuned,"2,3,6"
5040,fine-tuned,"6,6,6"
5041,fine-tuned,"4,3,4"
5042,fine-tuned,"2,4,3"
5043,fine-tuned,"6,5,1"
5044,fine-tuned,"3,1,6"
5045,fine-tuned,"2,3,4"
5046,fine-tuned,"2,2,1"
5047,fine-tuned,"4,6,5"
5048,fine-tuned,"1,6,2"
5049,fine-tuned,"4,5,3"
5050,fine-tuned,"1,1"
5051,fine-tuned,"1,5,4"
5052,fine-tuned,"1,6"
5053,fine-tuned,"6,6,4"
5054,fine-tuned,
5055,fine-tuned,
5056,fine-tuned,
5057,fine-tuned,"5,2,1"
5058,fine-tuned,"3,3,3"
5059,fine-tuned,"3,1,6"
5060,fine-tuned,
5061,fine-tuned,
5062,fine-tuned,1
5063,fine-tuned,
5064,fine-tuned,"1,4,6"
5065,fine-tuned,"6,1"
5066,fine-tuned,"3,3"
5067,fine-tuned,"4,1,4"
5068,fine-tuned,"6,4,5"
5069,fine-tuned,"2,5,4"
5070,fine-tuned,"2,2,3"
5071,fine-tuned,
5072,fine-tuned,"5,2,5"
5073,fine-tuned,
5074,fine-tuned,"1,1,3"
5075,fine-tuned,
5076,fine-tuned,"3,4,5"
5077,fine-tuned,"4,1,4"
5078,fine-tuned,"2,5,4"
5079,fine-tuned,"6,3,5"
5080,fine-tuned,
5081,fine-tuned,"1,6"
5082,fine-tuned,3
5083,fine-tuned,
5084,fine-tuned,"3,4,2"
5085,fine-tuned,"1,1,3"
5086,fine-tuned,
5087,fine-tuned,"1,4,5"
5088,fine-tuned,"2,5,2"
5089,fine-tuned,"1,1"
5090,fine-tuned,"3,4,2"
5091,fine-tuned,"3,6,4"
5092,fine-tuned,
5093,fine-tuned,"1,2,1"
5094,fine-tuned,2
5095,fine-tuned,"2,2,3"
5096,fine-tuned,"1,2,6"
5097,fine-tuned,"5,2,4"
5098,fine-tuned,
5099,fine-tuned,
5100,fine-tuned,"3,2,2"
5101,fine-tuned,"4,1,5"
5102,fine-tuned,"2,2,5"
5103,fine-tuned,"3,1,6"
5104,fine-tuned,1
5105,fine-tuned,"4,5,3"
5106,fine-tuned,"4,1,3"
5107,fine-tuned,"3,6,4"
5108,fine-tuned,
5109,fine-tuned,"5,1,5"
5110,fine-tuned,"4,2,4"
5111,fine-tuned,"2,4,1"
5112,fine-tuned,"1,3"
5113,fine-tuned,"6,2,3"
5114,fine-tuned,"5,5,6"
5115,fine-tuned,"3,2,5"
5116,fine-tuned,"5,3,2"
5117,fine-tuned,
5118,fine-tuned,"6,2,4"
5119,fine-tuned,3
5120,fine-tuned,
5121,fine-tuned,"4,5,3"
5122,fine-tuned,"5,4"
5123,fine-tuned,
5124,fine-tuned,"1,2,6"
5125,fine-tuned,"6,3,2"
5126,fine-tuned,"4,2,3"
5127,fine-tuned,"5,6,3"
5128,fine-tuned,"6,3,3"
5129,fine-tuned,
5130,fine-tuned,"6,4,4"
5131,fine-tuned,"5,2,5"
5132,fine-tuned,"1,3,5"
5133,fine-tuned,
5134,fine-tuned,"3,1,5"
5135,fine-tuned,"1,2,3"
5136,fine-tuned,"4,2,3"
5137,fine-tuned,"5,1,5"
5138,fine-tuned,"1,2,2"
5139,fine-tuned,
5140,fine-tuned,
5141,fine-tuned,
5142,fine-tuned,"6,4,3"
5143,fine-tuned,"5,2,4"
5144,fine-tuned,
5145,fine-tuned,"3,3,3"
5146,fine-tuned,
5147,fine-tuned,"3,5,4"
5148,fine-tuned,"1,5,4"
5149,fine-tuned,"1,2,3"
5150,fine-tuned,"3,5,4"
5151,fine-tuned,
5152,fine-tuned,"1,2,3"
5153,fine-tuned,"1,2,3"
5154,fine-tuned,"3,5,3"
5155,fine-tuned,"6,4,3"
5156,fine-tuned,
5157,fine-tuned,
5158,fine-tuned,"5,4,6"
5159,fine-tuned,
5160,fine-tuned,
5161,fine-tuned,2
5162,fine-tuned,"2,2,6"
5163,fine-tuned,"3,2,2"
5164,fine-tuned,
5165,fine-tuned,"3,4"
5166,fine-tuned,"3,1,2"
5167,fine-tuned,"4,4,1"
5168,fine-tuned,"1,1,2"
5169,fine-tuned,
5170,fine-tuned,"4,2,2"
5171,fine-tuned,
5172,fine-tuned,"1,3,5"
5173,fine-tuned,"5,3,1"
5174,fine-tuned,"3,3,5"
5175,fine-tuned,"4,4,6"
5176,fine-tuned,"4,5,5"
5177,fine-tuned,"4,3,1"
5178,fine-tuned,"1,6"
5179,fine-tuned,"4,5,3"
5180,fine-tuned,"6,3,4"
5181,fine-tuned,"1,6,4"
5182,fine-tuned,
5183,fine-tuned,"1,2,3"
5184,fine-tuned,"3,1,6"
5185,fine-tuned,
5186,fine-tuned,"1,1,2"
5187,fine-tuned,
5188,fine-tuned,"1,2,6"
5189,fine-tuned,
5190,fine-tuned,"1,6,5"
5191,fine-tuned,
5192,fine-tuned,"1,2,6"
5193,fine-tuned,"2,6,5"
5194,fine-tuned,
5195,fine-tuned,"1,2,3"
5196,fine-tuned,1
5197,fine-tuned,3
5198,fine-tuned,"6,3,3"
5199,fine-tuned,6
5200,fine-tuned,"3,5,3"
5201,fine-tuned,3
5202,fine-tuned,"1,1,6"
5203,fine-tuned,"3,4,2"
5204,fine-tuned,"2,1,4"
5205,fine-tuned,
5206,fine-tuned,
5207,fine-tuned,"3,2,6"
5208,fine-tuned,"3,5,3"
5209,fine-tuned,
5210,fine-tuned,
5211,fine-tuned,"6,2,1"
5212,fine-tuned,"5,4,5"
5213,fine-tuned,"1,2,5"
5214,fine-tuned,"6,1,2"
5215,fine-tuned,
5216,fine-tuned,
5217,fine-tuned,"1,3"
5218,fine-tuned,"2,6,4"
5219,fine-tuned,
5220,fine-tuned,"4,6,3"
5221,fine-tuned,"3,2,1"
5222,fine-tuned,"4,3,5"
5223,fine-tuned,"6,2,5"
5224,fine-tuned,"3,4,4"
5225,fine-tuned,
5226,fine-tuned,
5227,fine-tuned,
5228,fine-tuned,
5229,fine-tuned,
5230,fine-tuned,3
5231,fine-tuned,"6,2,4"
5232,fine-tuned,"4,4,1"
5233,fine-tuned,"3,3,1"
5234,fine-tuned,"2,5,6"
5235,fine-tuned,"6,6,6"
5236,fine-tuned,
5237,fine-tuned,"6,4,1"
5238,fine-tuned,"6,2,6"
5239,fine-tuned,
5240,fine-tuned,"4,2,6"
5241,fine-tuned,"3,3,5"
5242,fine-tuned,"5,2,2"
5243,fine-tuned,"1,6,4"
5244,fine-tuned,
5245,fine-tuned,"5,4,1"
5246,fine-tuned,"3,3,2"
5247,fine-tuned,"4,3"
5248,fine-tuned,"5,1,2"
5249,fine-tuned,"3,2,3"
5250,fine-tuned,"1,6,6"
5251,fine-tuned,"2,1,4"
5252,fine-tuned,"6,1,1"
5253,fine-tuned,"2,4,5"
5254,fine-tuned,"5,1,2"
5255,fine-tuned,
5256,fine-tuned,"5,4,6"
5257,fine-tuned,
5258,fine-tuned,
5259,fine-tuned,
5260,fine-tuned,"5,6,1"
5261,fine-tuned,"3,6,1"
5262,fine-tuned,"6,3,5"
5263,fine-tuned,
5264,fine-tuned,"3,2,2"
5265,fine-tuned,"5,4,5"
5266,fine-tuned,"3,4,3"
5267,fine-tuned,5
5268,fine-tuned,"3,6,2"
5269,fine-tuned,
5270,fine-tuned,"2,5,2"
5271,fine-tuned,
5272,fine-tuned,"4,5,5"
5273,fine-tuned,"4,4,6"
5274,fine-tuned,"6,2,6"
5275,fine-tuned,"6,3,3"
5276,fine-tuned,"1,4,4"
5277,fine-tuned,
5278,fine-tuned,1
5279,fine-tuned,"3,1,6"
5280,fine-tuned,"2,5,5"
5281,fine-tuned,"2,5,6"
5282,fine-tuned,"3,6,6"
5283,fine-tuned,3
5284,fine-tuned,"4,5,5"
5285,fine-tuned,"6,2,1"
5286,fine-tuned,"1,2,3"
5287,fine-tuned,"1,2,3"
5288,fine-tuned,
5289,fine-tuned,3
5290,fine-tuned,
5291,fine-tuned,"2,2,3"
5292,fine-tuned,"1,4,1"
5293,fine-tuned,"4,2,4"
5294,fine-tuned,"1,1,3"
5295,fine-tuned,"1,4,3"
5296,fine-tuned,3
5297,fine-tuned,
5298,fine-tuned,"1,4,5"
5299,fine-tuned,"6,2,2"
5300,fine-tuned,"6,4,2"
5301,fine-tuned,
5302,fine-tuned,"3,3,6"
5303,fine-tuned,
5304,fine-tuned,1
5305,fine-tuned,"5,5,3"
5306,fine-tuned,
5307,fine-tuned,"4,4,6"
5308,fine-tuned,"1,6,6"
5309,fine-tuned,"1,2,3"
5310,fine-tuned,"1,3,6"
5311,fine-tuned,"1,6"
5312,fine-tuned,"3,3,4"
5313,fine-tuned,
5314,fine-tuned,"4,4,2"
5315,fine-tuned,
5316,fine-tuned,
5317,fine-tuned,"5,4,5"
5318,fine-tuned,"2,1,6"
5319,fine-tuned,"1,6,3"
5320,fine-tuned,"2,2,3"
5321,fine-tuned,4
5322,fine-tuned,"5,6,3"
5323,fine-tuned,"3,3,5"
5324,fine-tuned,
5325,fine-tuned,
5326,fine-tuned,"4,4,1"
5327,fine-tuned,"4,1,6"
5328,fine-tuned,3
5329,fine-tuned,"6,6,6"
5330,fine-tuned,"3,3"
5331,fine-tuned,
5332,fine-tuned,"4,4,5"
5333,fine-tuned,"3,1,5"
5334,fine-tuned,"1,1,2"
5335,fine-tuned,
5336,fine-tuned,"1,2,5"
5337,fine-tuned,"6,2,2"
5338,fine-tuned,"2,5,6"
5339,fine-tuned,"2,4,4"
5340,fine-tuned,
5341,fine-tuned,
5342,fine-tuned,
5343,fine-tuned,"2,3,6"
5344,fine-tuned,"2,1,3"
5345,fine-tuned,
5346,fine-tuned,"5,5,4"
5347,fine-tuned,1
5348,fine-tuned,"3,3,5"
5349,fine-tuned,5
5350,fine-tuned,
5351,fine-tuned,"2,6,4"
5352,fine-tuned,"6,1,3"
5353,fine-tuned,
5354,fine-tuned,"1,6"
5355,fine-tuned,"4,1,3"
5356,fine-tuned,"3,5,3"
5357,fine-tuned,"5,3,4"
5358,fine-tuned,"5,3,6"
5359,fine-tuned,"3,4,1"
5360,fine-tuned,1
5361,fine-tuned,"4,2,6"
5362,fine-tuned,6
5363,fine-tuned,"3,1,5"
5364,fine-tuned,"2,4,3"
5365,fine-tuned,"2,4,4"
5366,fine-tuned,
5367,fine-tuned,
5368,fine-tuned,
5369,fine-tuned,"1,1,2"
5370,fine-tuned,"1,4,4"
5371,fine-tuned,"6,4"
5372,fine-tuned,"3,3,3"
5373,fine-tuned,"1,3,5"
5374,fine-tuned,"3,4,4"
5375,fine-tuned,
5376,fine-tuned,
5377,fine-tuned,"6,2,5"
5378,fine-tuned,
5379,fine-tuned,
5380,fine-tuned,"6,1,5"
5381,fine-tuned,"4,2,3"
5382,fine-tuned,"4,4,2"
5383,fine-tuned,"5,2"
5384,fine-tuned,
5385,fine-tuned,"3,2,1"
5386,fine-tuned,"5,2,5"
5387,fine-tuned,"1,5,4"
5388,fine-tuned,
5389,fine-tuned,
5390,fine-tuned,
5391,fine-tuned,"5,4,5"
5392,fine-tuned,"2,2,1"
5393,fine-tuned,
5394,fine-tuned,"3,2,4"
5395,fine-tuned,
5396,fine-tuned,
5397,fine-tuned,
5398,fine-tuned,"5,4,2"
5399,fine-tuned,
5400,fine-tuned,3
5401,fine-tuned,
5402,fine-tuned,"5,4,2"
5403,fine-tuned,"3,1,2"
5404,fine-tuned,"5,2,4"
5405,fine-tuned,"4,2,3"
5406,fine-tuned,1
5407,fine-tuned,2
5408,fine-tuned,"4,5,4"
5409,fine-tuned,"2,2,6"
5410,fine-tuned,"2,4,1"
5411,fine-tuned,"1,6,2"
5412,fine-tuned,
5413,fine-tuned,"5,1"
5414,fine-tuned,
5415,fine-tuned,"6,4,6"
5416,fine-tuned,
5417,fine-tuned,
5418,fine-tuned,"1,2,3"
5419,fine-tuned,"3,5,4"
5420,fine-tuned,"1,4,4"
5421,fine-tuned,"2,1,2"
5422,fine-tuned,"5,6,3"
5423,fine-tuned,"4,4,3"
5424,fine-tuned,"3,1,5"
5425,fine-tuned,"5,3,2"
5426,fine-tuned,"4,2,3"
5427,fine-tuned,
5428,fine-tuned,"6,6,3"
5429,fine-tuned,"1,1,4"
5430,fine-tuned,"5,3,3"
5431,fine-tuned,"1,3,6"
5432,fine-tuned,
5433,fine-tuned,"5,4,6"
5434,fine-tuned,"4,6,1"
5435,fine-tuned,"3,6,4"
5436,fine-tuned,"5,3,6"
5437,fine-tuned,
5438,fine-tuned,"5,6,4"
5439,fine-tuned,
5440,fine-tuned,"1,5,5"
5441,fine-tuned,"3,2,3"
5442,fine-tuned,"5,2,4"
5443,fine-tuned,
5444,fine-tuned,"4,6,2"
5445,fine-tuned,"1,2,3"
5446,fine-tuned,"2,3"
5447,fine-tuned,"6,1,2"
5448,fine-tuned,
5449,fine-tuned,"1,2,3"
5450,fine-tuned,"4,4,2"
5451,fine-tuned,"4,2"
5452,fine-tuned,"1,6,2"
5453,fine-tuned,1
5454,fine-tuned,
5455,fine-tuned,
5456,fine-tuned,"4,2,4"
5457,fine-tuned,"5,2,3"
5458,fine-tuned,
5459,fine-tuned,
5460,fine-tuned,"3,1,6"
5461,fine-tuned,
5462,fine-tuned,
5463,fine-tuned,"1,2,5"
5464,fine-tuned,"5,4,6"
5465,fine-tuned,"3,1,2"
5466,fine-tuned,"6,6,1"
5467,fine-tuned,"6,4"
5468,fine-tuned,"4,3,5"
5469,fine-tuned,
5470,fine-tuned,"3,3,3"
5471,fine-tuned,"2,1,4"
5472,fine-tuned,3
5473,fine-tuned,"3,5,1"
5474,fine-tuned,"1,4"
5475,fine-tuned,"2,3,5"
5476,fine-tuned,"3,6"
5477,fine-tuned,
5478,fine-tuned,"2,1"
5479,fine-tuned,
5480,fine-tuned,
5481,fine-tuned,3
5482,fine-tuned,
5483,fine-tuned,"3,2,1"
5484,fine-tuned,"4,5,4"
5485,fine-tuned,"1,5,2"
5486,fine-tuned,"4,2,1"
5487,fine-tuned,6
5488,fine-tuned,
5489,fine-tuned,
5490,fine-tuned,
5491,fine-tuned,"6,6,1"
5492,fine-tuned,
5493,fine-tuned,"1,6"
5494,fine-tuned,
5495,fine-tuned,"6,1,2"
5496,fine-tuned,"3,1,6"
5497,fine-tuned,2
5498,fine-tuned,"6,1,1"
5499,fine-tuned,"1,3,3"
5500,fine-tuned,"4,3,4"
5501,fine-tuned,"2,6,4"
5502,fine-tuned,"3,6,1"
5503,fine-tuned,5
5504,fine-tuned,
5505,fine-tuned,"5,3,6"
5506,fine-tuned,"2,1,4"
5507,fine-tuned,"3,5,6"
5508,fine-tuned,
5509,fine-tuned,"5,3,4"
5510,fine-tuned,"4,3,5"
5511,fine-tuned,
5512,fine-tuned,"3,5,5"
5513,fine-tuned,1
5514,fine-tuned,"4,3,5"
5515,fine-tuned,"5,4,4"
5516,fine-tuned,5
5517,fine-tuned,
5518,fine-tuned,
5519,fine-tuned,
5520,fine-tuned,"1,1,6"
5521,fine-tuned,
5522,fine-tuned,"3,2"
5523,fine-tuned,
5524,fine-tuned,"1,5,2"
5525,fine-tuned,"6,2,1"
5526,fine-tuned,
5527,fine-tuned,2
5528,fine-tuned,
5529,fine-tuned,"1,2,3"
5530,fine-tuned,
5531,fine-tuned,
5532,fine-tuned,"3,4,3"
5533,fine-tuned,
5534,fine-tuned,"6,5,4"
5535,fine-tuned,"2,3,4"
5536,fine-tuned,"1,2"
5537,fine-tuned,
5538,fine-tuned,"3,2,3"
5539,fine-tuned,
5540,fine-tuned,
5541,fine-tuned,
5542,fine-tuned,"6,1,5"
5543,fine-tuned,"6,2,1"
5544,fine-tuned,"6,4,3"
5545,fine-tuned,
5546,fine-tuned,"4,5,1"
5547,fine-tuned,"2,5,4"
5548,fine-tuned,
5549,fine-tuned,"3,6"
5550,fine-tuned,"3,4,6"
5551,fine-tuned,
5552,fine-tuned,
5553,fine-tuned,"1,2,5"
5554,fine-tuned,"1,6,4"
5555,fine-tuned,"1,2,5"
5556,fine-tuned,"5,1,5"
5557,fine-tuned,"3,2,4"
5558,fine-tuned,"4,4,4"
5559,fine-tuned,"3,1,6"
5560,fine-tuned,"6,2,2"
5561,fine-tuned,
5562,fine-tuned,"4,2,4"
5563,fine-tuned,"6,4,1"
5564,fine-tuned,
5565,fine-tuned,"6,4,2"
5566,fine-tuned,"4,6"
5567,fine-tuned,"4,2,3"
5568,fine-tuned,"4,5,6"
5569,fine-tuned,
5570,fine-tuned,"3,4,4"
5571,fine-tuned,
5572,fine-tuned,"1,3"
5573,fine-tuned,"3,1"
5574,fine-tuned,
5575,fine-tuned,"4,3,1"
5576,fine-tuned,"6,5,6"
5577,fine-tuned,
5578,fine-tuned,"5,4,2"
5579,fine-tuned,"4,3,1"
5580,fine-tuned,"3,1,6"
5581,fine-tuned,"5,6,5"
5582,fine-tuned,
5583,fine-tuned,
5584,fine-tuned,"1,1,1"
5585,fine-tuned,
5586,fine-tuned,
5587,fine-tuned,
5588,fine-tuned,"3,6,1"
5589,fine-tuned,
5590,fine-tuned,"5,3,1"
5591,fine-tuned,
5592,fine-tuned,"5,3,1"
5593,fine-tuned,
5594,fine-tuned,"5,1,3"
5595,fine-tuned,
5596,fine-tuned,"3,6,5"
5597,fine-tuned,"1,4,5"
5598,fine-tuned,
5599,fine-tuned,"6,3,3"
5600,fine-tuned,1
5601,fine-tuned,"5,1,3"
5602,fine-tuned,"3,1,6"
5603,fine-tuned,
5604,fine-tuned,
5605,fine-tuned,
5606,fine-tuned,"3,6,3"
5607,fine-tuned,"1,1,1"
5608,fine-tuned,"2,3,2"
5609,fine-tuned,"1,5,1"
5610,fine-tuned,"4,5,1"
5611,fine-tuned,"2,6,1"
5612,fine-tuned,"6,1,6"
5613,fine-tuned,"1,3,3"
5614,fine-tuned,"5,2,4"
5615,fine-tuned,
5616,fine-tuned,"1,3,5"
5617,fine-tuned,"3,5,1"
5618,fine-tuned,
5619,fine-tuned,
5620,fine-tuned,"2,5,3"
5621,fine-tuned,"4,5,1"
5622,fine-tuned,"2,1,1"
5623,fine-tuned,"1,2,1"
5624,fine-tuned,3
5625,fine-tuned,"2,6,4"
5626,fine-tuned,"5,3,2"
5627,fine-tuned,"5,4,1"
5628,fine-tuned,
5629,fine-tuned,
5630,fine-tuned,"6,1,3"
5631,fine-tuned,"6,2,5"
5632,fine-tuned,
5633,fine-tuned,"5,5,1"
5634,fine-tuned,"2,6,2"
5635,fine-tuned,
5636,fine-tuned,"5,4,6"
5637,fine-tuned,
5638,fine-tuned,
5639,fine-tuned,"3,4,2"
5640,fine-tuned,"5,4,2"
5641,fine-tuned,
5642,fine-tuned,
5643,fine-tuned,"2,5,3"
5644,fine-tuned,6
5645,fine-tuned,
5646,fine-tuned,"2,4,2"
5647,fine-tuned,
5648,fine-tuned,"6,2,4"
5649,fine-tuned,3
5650,fine-tuned,
5651,fine-tuned,"4,5,2"
5652,fine-tuned,"1,1,2"
5653,fine-tuned,"5,4,3"
5654,fine-tuned,"3,5,4"
5655,fine-tuned,"1,3,4"
5656,fine-tuned,"1,3,5"
5657,fine-tuned,"5,5,2"
5658,fine-tuned,
5659,fine-tuned,"6,3,1"
5660,fine-tuned,
5661,fine-tuned,
5662,fine-tuned,
5663,fine-tuned,6
5664,fine-tuned,
5665,fine-tuned,"2,4"
5666,fine-tuned,"4,6,1"
5667,fine-tuned,
5668,fine-tuned,3
5669,fine-tuned,"1,6"
5670,fine-tuned,
5671,fine-tuned,
5672,fine-tuned,"2,6,4"
5673,fine-tuned,"3,2"
5674,fine-tuned,
5675,fine-tuned,"2,1,5"
5676,fine-tuned,"6,3"
5677,fine-tuned,"1,6"
5678,fine-tuned,"1,3,2"
5679,fine-tuned,"3,5,1"
5680,fine-tuned,"2,5,4"
5681,fine-tuned,
5682,fine-tuned,"5,4,3"
5683,fine-tuned,"2,3,4"
5684,fine-tuned,
5685,fine-tuned,"3,3,1"
5686,fine-tuned,2
5687,fine-tuned,
5688,fine-tuned,"3,4"
5689,fine-tuned,"3,3"
5690,fine-tuned,"2,5,6"
5691,fine-tuned,
5692,fine-tuned,"3,6,2"
5693,fine-tuned,"4,4,4"
5694,fine-tuned,
5695,fine-tuned,
5696,fine-tuned,"6,2,2"
5697,fine-tuned,"3,2,2"
5698,fine-tuned,"3,1,2"
5699,fine-tuned,5
5700,fine-tuned,"3,1,4"
5701,fine-tuned,"2,2,6"
5702,fine-tuned,"5,3,3"
5703,fine-tuned,"2,5,6"
5704,fine-tuned,
5705,fine-tuned,"4,1,6"
5706,fine-tuned,"6,5,3"
5707,fine-tuned,
5708,fine-tuned,"5,5,5"
5709,fine-tuned,
5710,fine-tuned,3
5711,fine-tuned,"5,2,6"
5712,fine-tuned,"4,1,4"
5713,fine-tuned,
5714,fine-tuned,
5715,fine-tuned,4
5716,fine-tuned,"4,1,1"
5717,fine-tuned,"4,2,1"
5718,fine-tuned,"2,5,2"
5719,fine-tuned,"4,5,4"
5720,fine-tuned,"4,2,6"
5721,fine-tuned,"2,5,1"
5722,fine-tuned,"6,6,2"
5723,fine-tuned,
5724,fine-tuned,"3,6,6"
5725,fine-tuned,"1,6,2"
5726,fine-tuned,3
5727,fine-tuned,"1,6,5"
5728,fine-tuned,
5729,fine-tuned,"3,4,1"
5730,fine-tuned,"2,5,5"
5731,fine-tuned,"5,1,2"
5732,fine-tuned,"5,1,1"
5733,fine-tuned,
5734,fine-tuned,
5735,fine-tuned,"3,1,6"
5736,fine-tuned,"2,5,3"
5737,fine-tuned,"6,6,2"
5738,fine-tuned,
5739,fine-tuned,"6,6"
5740,fine-tuned,
5741,fine-tuned,
5742,fine-tuned,"5,1,3"
5743,fine-tuned,
5744,fine-tuned,"2,6,5"
5745,fine-tuned,
5746,fine-tuned,
5747,fine-tuned,"2,3,4"
5748,fine-tuned,"6,5,3"
5749,fine-tuned,"1,2,3"
5750,fine-tuned,
5751,fine-tuned,
5752,fine-tuned,"2,4,2"
5753,fine-tuned,"6,6,5"
5754,fine-tuned,"1,5,6"
5755,fine-tuned,
5756,fine-tuned,
5757,fine-tuned,
5758,fine-tuned,"6,3,1"
5759,fine-tuned,"6,1,1"
5760,fine-tuned,"1,1,4"
5761,fine-tuned,
5762,fine-tuned,"1,1,4"
5763,fine-tuned,"2,3,6"
5764,fine-tuned,"2,5,6"
5765,fine-tuned,"3,1"
5766,fine-tuned,"6,2,3"
5767,fine-tuned,
5768,fine-tuned,"3,4,5"
5769,fine-tuned,"2,1,5"
5770,fine-tuned,"3,3,4"
5771,fine-tuned,
5772,fine-tuned,
5773,fine-tuned,
5774,fine-tuned,"3,5"
5775,fine-tuned,"1,4,5"
5776,fine-tuned,"5,1,5"
5777,fine-tuned,"6,2,5"
5778,fine-tuned,
5779,fine-tuned,
5780,fine-tuned,"3,6,5"
5781,fine-tuned,"2,3,4"
5782,fine-tuned,"4,1,4"
5783,fine-tuned,"4,3,4"
5784,fine-tuned,"2,2,1"
5785,fine-tuned,
5786,fine-tuned,"6,1,3"
5787,fine-tuned,"3,2,4"
5788,fine-tuned,"2,3"
5789,fine-tuned,"1,2,3"
5790,fine-tuned,"1,6,2"
5791,fine-tuned,1
5792,fine-tuned,"2,1,4"
5793,fine-tuned,"3,1,4"
5794,fine-tuned,"1,2"
5795,fine-tuned,1
5796,fine-tuned,"2,5,3"
5797,fine-tuned,2
5798,fine-tuned,"1,3,6"
5799,fine-tuned,
5800,fine-tuned,"3,5,6"
5801,fine-tuned,"3,1,5"
5802,fine-tuned,"6,2,3"
5803,fine-tuned,"4,4"
5804,fine-tuned,
5805,fine-tuned,
5806,fine-tuned,"5,6,5"
5807,fine-tuned,
5808,fine-tuned,"1,4,3"
5809,fine-tuned,"4,5,6"
5810,fine-tuned,"4,1,4"
5811,fine-tuned,"3,1,6"
5812,fine-tuned,
5813,fine-tuned,3
5814,fine-tuned,"3,2,3"
5815,fine-tuned,"3,5,6"
5816,fine-tuned,"1,5,5"
5817,fine-tuned,"4,6,1"
5818,fine-tuned,"1,2,3"
5819,fine-tuned,
5820,fine-tuned,"4,2,5"
5821,fine-tuned,"2,6,1"
5822,fine-tuned,
5823,fine-tuned,"3,5,4"
5824,fine-tuned,"4,1,4"
5825,fine-tuned,"5,6,2"
5826,fine-tuned,"6,2,1"
5827,fine-tuned,"4,3,1"
5828,fine-tuned,
5829,fine-tuned,"6,1,6"
5830,fine-tuned,
5831,fine-tuned,"4,4,3"
5832,fine-tuned,"4,1,5"
5833,fine-tuned,"4,5,5"
5834,fine-tuned,"4,1,2"
5835,fine-tuned,
5836,fine-tuned,"4,4"
5837,fine-tuned,"5,5,5"
5838,fine-tuned,"4,4,1"
5839,fine-tuned,"2,4,3"
5840,fine-tuned,"5,4,6"
5841,fine-tuned,"2,2,1"
5842,fine-tuned,
5843,fine-tuned,"3,3,4"
5844,fine-tuned,"2,4,1"
5845,fine-tuned,
5846,fine-tuned,"4,2,5"
5847,fine-tuned,
5848,fine-tuned,"3,4,1"
5849,fine-tuned,"6,1,4"
5850,fine-tuned,"2,4,6"
5851,fine-tuned,"3,4,4"
5852,fine-tuned,"3,6,5"
5853,fine-tuned,"3,6,6"
5854,fine-tuned,"4,5,5"
5855,fine-tuned,"3,3,6"
5856,fine-tuned,"1,6,2"
5857,fine-tuned,"5,3,2"
5858,fine-tuned,"3,4,2"
5859,fine-tuned,"4,1,2"
5860,fine-tuned,3
5861,fine-tuned,"3,2,6"
5862,fine-tuned,
5863,fine-tuned,"3,4,2"
5864,fine-tuned,"4,3,6"
5865,fine-tuned,"3,1,1"
5866,fine-tuned,"5,3"
5867,fine-tuned,"2,3,4"
5868,fine-tuned,"4,1"
5869,fine-tuned,"2,4,4"
5870,fine-tuned,
5871,fine-tuned,"2,1"
5872,fine-tuned,"1,3,4"
5873,fine-tuned,
5874,fine-tuned,"6,4,3"
5875,fine-tuned,"5,4,1"
5876,fine-tuned,"1,4,2"
5877,fine-tuned,"2,2,5"
5878,fine-tuned,"5,1,5"
5879,fine-tuned,
5880,fine-tuned,
5881,fine-tuned,
5882,fine-tuned,
5883,fine-tuned,
5884,fine-tuned,"2,2,4"
5885,fine-tuned,3
5886,fine-tuned,
5887,fine-tuned,
5888,fine-tuned,"5,4,1"
5889,fine-tuned,
5890,fine-tuned,
5891,fine-tuned,"1,1,6"
5892,fine-tuned,
5893,fine-tuned,"1,3,3"
5894,fine-tuned,"4,2,5"
5895,fine-tuned,
5896,fine-tuned,
5897,fine-tuned,"3,3,3"
5898,fine-tuned,"3,3"
5899,fine-tuned,"2,4,2"
5900,fine-tuned,2
5901,fine-tuned,"6,5,3"
5902,fine-tuned,"1,2,3"
5903,fine-tuned,"1,3,6"
5904,fine-tuned,"2,1,1"
5905,fine-tuned,"2,2,2"
5906,fine-tuned,
5907,fine-tuned,"4,1,1"
5908,fine-tuned,
5909,fine-tuned,"5,2,4"
5910,fine-tuned,3
5911,fine-tuned,"2,4,1"
5912,fine-tuned,"5,1,5"
5913,fine-tuned,"1,3,6"
5914,fine-tuned,"5,6,2"
5915,fine-tuned,2
5916,fine-tuned,"4,1,3"
5917,fine-tuned,"3,3,3"
5918,fine-tuned,"3,2,5"
5919,fine-tuned,"5,3,6"
5920,fine-tuned,"3,2,5"
5921,fine-tuned,"2,1,6"
5922,fine-tuned,3
5923,fine-tuned,
5924,fine-tuned,
5925,fine-tuned,"2,6,4"
5926,fine-tuned,"2,4,3"
5927,fine-tuned,"4,1,2"
5928,fine-tuned,"3,1,4"
5929,fine-tuned,"1,2,2"
5930,fine-tuned,
5931,fine-tuned,
5932,fine-tuned,"6,4,2"
5933,fine-tuned,
5934,fine-tuned,"3,3,3"
5935,fine-tuned,
5936,fine-tuned,"1,2,3"
5937,fine-tuned,"1,5,4"
5938,fine-tuned,"4,5,2"
5939,fine-tuned,"2,5,2"
5940,fine-tuned,
5941,fine-tuned,"3,3,5"
5942,fine-tuned,
5943,fine-tuned,"2,1,3"
5944,fine-tuned,
5945,fine-tuned,
5946,fine-tuned,"1,4,4"
5947,fine-tuned,"6,3,4"
5948,fine-tuned,"6,3,3"
5949,fine-tuned,"1,3,4"
5950,fine-tuned,
5951,fine-tuned,"6,6,6"
5952,fine-tuned,"1,6"
5953,fine-tuned,"5,2,4"
5954,fine-tuned,3
5955,fine-tuned,"1,5,5"
5956,fine-tuned,"5,4,2"
5957,fine-tuned,"5,4,6"
5958,fine-tuned,"2,1,1"
5959,fine-tuned,"6,1,3"
5960,fine-tuned,
5961,fine-tuned,
5962,fine-tuned,
5963,fine-tuned,"2,5,3"
5964,fine-tuned,"3,6,2"
5965,fine-tuned,"4,2,2"
5966,fine-tuned,"5,6,2"
5967,fine-tuned,6
5968,fine-tuned,
5969,fine-tuned,
5970,fine-tuned,"2,2,1"
5971,fine-tuned,"2,3,3"
5972,fine-tuned,"2,3,1"
5973,fine-tuned,
5974,fine-tuned,"2,1,3"
5975,fine-tuned,"5,3,4"
5976,fine-tuned,"5,6,3"
5977,fine-tuned,3
5978,fine-tuned,5
5979,fine-tuned,"2,4,1"
5980,fine-tuned,"1,1,2"
5981,fine-tuned,"1,6,1"
5982,fine-tuned,"3,6,2"
5983,fine-tuned,
5984,fine-tuned,"1,6,3"
5985,fine-tuned,"3,3,6"
5986,fine-tuned,3
5987,fine-tuned,"1,2,3"
5988,fine-tuned,"4,6,3"
5989,fine-tuned,"3,1,6"
5990,fine-tuned,"1,4,3"
5991,fine-tuned,"1,2,3"
5992,fine-tuned,
5993,fine-tuned,
5994,fine-tuned,"2,5,3"
5995,fine-tuned,
5996,fine-tuned,"6,1,2"
5997,fine-tuned,
5998,fine-tuned,"1,1,2"
5999,fine-tuned,3
6000,fine-tuned,
6001,fine-tuned,
6002,fine-tuned,"2,4,1"
6003,fine-tuned,
6004,fine-tuned,"3,4,3"
6005,fine-tuned,"1,1,2"
6006,fine-tuned,"5,4,3"
6007,fine-tuned,
6008,fine-tuned,"5,2,3"
6009,fine-tuned,"3,4,6"
6010,fine-tuned,"6,5,5"
6011,fine-tuned,
6012,fine-tuned,"4,3,5"
6013,fine-tuned,"5,4,2"
6014,fine-tuned,"3,3,3"
6015,fine-tuned,"1,2,3"
6016,fine-tuned,"4,6,2"
6017,fine-tuned,"2,2,3"
6018,fine-tuned,"6,4,3"
6019,fine-tuned,
6020,fine-tuned,
6021,fine-tuned,
6022,fine-tuned,
6023,fine-tuned,"5,3"
6024,fine-tuned,"1,4,4"
6025,fine-tuned,"2,6"
6026,fine-tuned,
6027,fine-tuned,"6,3,3"
6028,fine-tuned,
6029,fine-tuned,"6,4,2"
6030,fine-tuned,"4,5,1"
6031,fine-tuned,
6032,fine-tuned,
6033,fine-tuned,"1,5,3"
6034,fine-tuned,"1,3,1"
6035,fine-tuned,"5,2,1"
6036,fine-tuned,
6037,fine-tuned,"4,4,2"
6038,fine-tuned,"6,5,5"
6039,fine-tuned,"4,3,6"
6040,fine-tuned,"2,5,1"
6041,fine-tuned,"5,6,1"
6042,fine-tuned,"2,5,6"
6043,fine-tuned,2
6044,fine-tuned,"1,6"
6045,fine-tuned,"1,4"
6046,fine-tuned,"6,1,2"
6047,fine-tuned,
6048,fine-tuned,"1,6,4"
6049,fine-tuned,"4,1,6"
6050,fine-tuned,"6,2,4"
6051,fine-tuned,"5,4,2"
6052,fine-tuned,
6053,fine-tuned,
6054,fine-tuned,"1,6,3"
6055,fine-tuned,"4,3,4"
6056,fine-tuned,"2,6,1"
6057,fine-tuned,
6058,fine-tuned,"4,5,1"
6059,fine-tuned,"6,3,3"
6060,fine-tuned,
6061,fine-tuned,
6062,fine-tuned,"3,4,3"
6063,fine-tuned,
6064,fine-tuned,"3,1"
6065,fine-tuned,"1,4,6"
6066,fine-tuned,"3,6,2"
6067,fine-tuned,3
6068,fine-tuned,
6069,fine-tuned,
6070,fine-tuned,"3,2,3"
6071,fine-tuned,"5,4,1"
6072,fine-tuned,"1,1,5"
6073,fine-tuned,
6074,fine-tuned,"5,2,4"
6075,fine-tuned,"3,1,5"
6076,fine-tuned,
6077,fine-tuned,
6078,fine-tuned,
6079,fine-tuned,
6080,fine-tuned,2
6081,fine-tuned,"1,4"
6082,fine-tuned,
6083,fine-tuned,"1,6,1"
6084,fine-tuned,"6,1,5"
6085,fine-tuned,"4,2,6"
6086,fine-tuned,"3,2,1"
6087,fine-tuned,"2,2,2"
6088,fine-tuned,"1,2,6"
6089,fine-tuned,
6090,fine-tuned,"3,1"
6091,fine-tuned,"4,4,6"
6092,fine-tuned,"1,1,1"
6093,fine-tuned,"3,1,6"
6094,fine-tuned,
6095,fine-tuned,1
6096,fine-tuned,
6097,fine-tuned,"2,5,2"
6098,fine-tuned,3
6099,fine-tuned,"1,5,2"
6100,fine-tuned,"3,1,6"
6101,fine-tuned,"2,6,3"
6102,fine-tuned,"3,1,6"
6103,fine-tuned,
6104,fine-tuned,
6105,fine-tuned,
6106,fine-tuned,
6107,fine-tuned,
6108,fine-tuned,
6109,fine-tuned,"3,2,6"
6110,fine-tuned,"2,6,3"
6111,fine-tuned,"1,2,2"
6112,fine-tuned,
6113,fine-tuned,1
6114,fine-tuned,"3,3"
6115,fine-tuned,"2,6,1"
6116,fine-tuned,"5,3,1"
6117,fine-tuned,"4,4,6"
6118,fine-tuned,"1,4,2"
6119,fine-tuned,
6120,fine-tuned,
6121,fine-tuned,
6122,fine-tuned,
6123,fine-tuned,"2,2"
6124,fine-tuned,"3,4"
6125,fine-tuned,"4,2,3"
6126,fine-tuned,"4,3,1"
6127,fine-tuned,"4,4,3"
6128,fine-tuned,
6129,fine-tuned,"5,6,4"
6130,fine-tuned,
6131,fine-tuned,"3,1,1"
6132,fine-tuned,"1,4,4"
6133,fine-tuned,"4,2,1"
6134,fine-tuned,
6135,fine-tuned,"3,2,1"
6136,fine-tuned,
6137,fine-tuned,4
6138,fine-tuned,
6139,fine-tuned,"2,3,4"
6140,fine-tuned,"2,4"
6141,fine-tuned,"4,2,6"
6142,fine-tuned,
6143,fine-tuned,"3,4,5"
6144,fine-tuned,
6145,fine-tuned,"6,3,2"
6146,fine-tuned,"4,5,3"
6147,fine-tuned,"4,4"
6148,fine-tuned,"1,6,5"
6149,fine-tuned,"6,5,5"
6150,fine-tuned,"4,3,3"
6151,fine-tuned,"1,5,5"
6152,fine-tuned,"5,1,2"
6153,fine-tuned,"3,6"
6154,fine-tuned,"1,2,3"
6155,fine-tuned,
6156,fine-tuned,"2,5,2"
6157,fine-tuned,"1,1,4"
6158,fine-tuned,"6,3,2"
6159,fine-tuned,"4,6,2"
6160,fine-tuned,"3,2,3"
6161,fine-tuned,
6162,fine-tuned,"6,2,1"
6163,fine-tuned,"4,6,4"
6164,fine-tuned,
6165,fine-tuned,
6166,fine-tuned,
6167,fine-tuned,"5,2,2"
6168,fine-tuned,"5,6,3"
6169,fine-tuned,"1,3,3"
6170,fine-tuned,"6,4,3"
6171,fine-tuned,"5,1,6"
6172,fine-tuned,
6173,fine-tuned,"1,2,2"
6174,fine-tuned,
6175,fine-tuned,"1,5,3"
6176,fine-tuned,"3,1,2"
6177,fine-tuned,"2,5,4"
6178,fine-tuned,
6179,fine-tuned,"3,3,2"
6180,fine-tuned,
6181,fine-tuned,"3,1,4"
6182,fine-tuned,"6,2,2"
6183,fine-tuned,
6184,fine-tuned,"5,1,6"
6185,fine-tuned,
6186,fine-tuned,"3,3,3"
6187,fine-tuned,"6,3,2"
6188,fine-tuned,
6189,fine-tuned,"3,3,5"
6190,fine-tuned,"3,6,2"
6191,fine-tuned,"1,5,1"
6192,fine-tuned,
6193,fine-tuned,3
6194,fine-tuned,1
6195,fine-tuned,"5,6,4"
6196,fine-tuned,"2,1,1"
6197,fine-tuned,"4,2,1"
6198,fine-tuned,
6199,fine-tuned,"5,3,2"
6200,fine-tuned,
6201,fine-tuned,3
6202,fine-tuned,"4,3,1"
6203,fine-tuned,"3,2,1"
6204,fine-tuned,"1,6,6"
6205,fine-tuned,"1,1,3"
6206,fine-tuned,"3,2,4"
6207,fine-tuned,"4,1,3"
6208,fine-tuned,"1,6,3"
6209,fine-tuned,
6210,fine-tuned,"6,5,2"
6211,fine-tuned,"2,1,5"
6212,fine-tuned,"3,5,4"
6213,fine-tuned,
6214,fine-tuned,1
6215,fine-tuned,"5,2,4"
6216,fine-tuned,"5,4,6"
6217,fine-tuned,"6,4,2"
6218,fine-tuned,"1,5,2"
6219,fine-tuned,
6220,fine-tuned,3
6221,fine-tuned,"4,2,3"
6222,fine-tuned,"4,2,5"
6223,fine-tuned,"1,1,2"
6224,fine-tuned,"4,5"
6225,fine-tuned,"1,3,6"
6226,fine-tuned,"2,6,6"
6227,fine-tuned,"2,5,5"
6228,fine-tuned,"2,5"
6229,fine-tuned,"4,5,2"
6230,fine-tuned,"3,1,6"
6231,fine-tuned,"5,6,4"
6232,fine-tuned,"3,1,5"
6233,fine-tuned,"3,4,5"
6234,fine-tuned,"1,3,2"
6235,fine-tuned,"2,2,5"
6236,fine-tuned,"4,6,5"
6237,fine-tuned,"2,5,2"
6238,fine-tuned,
6239,fine-tuned,"2,3"
6240,fine-tuned,
6241,fine-tuned,
6242,fine-tuned,"3,6,4"
6243,fine-tuned,"1,4,4"
6244,fine-tuned,
6245,fine-tuned,"3,5,1"
6246,fine-tuned,"4,2,1"
6247,fine-tuned,
6248,fine-tuned,"2,4,5"
6249,fine-tuned,
6250,fine-tuned,
6251,fine-tuned,"4,2,5"
6252,fine-tuned,"1,1,6"
6253,fine-tuned,
6254,fine-tuned,
6255,fine-tuned,
6256,fine-tuned,
6257,fine-tuned,"1,1"
6258,fine-tuned,"5,5,2"
6259,fine-tuned,"5,6,3"
6260,fine-tuned,"2,3,3"
6261,fine-tuned,"3,4,6"
6262,fine-tuned,"1,2,5"
6263,fine-tuned,3
6264,fine-tuned,
6265,fine-tuned,"6,4"
6266,fine-tuned,
6267,fine-tuned,"2,4,6"
6268,fine-tuned,"6,3,1"
6269,fine-tuned,
6270,fine-tuned,"3,2,6"
6271,fine-tuned,
6272,fine-tuned,"6,4,3"
6273,fine-tuned,"1,5,6"
6274,fine-tuned,"5,1"
6275,fine-tuned,"3,2,1"
6276,fine-tuned,"1,2,3"
6277,fine-tuned,"1,4,3"
6278,fine-tuned,"1,2,3"
6279,fine-tuned,"3,4,1"
6280,fine-tuned,
6281,fine-tuned,"2,4,1"
6282,fine-tuned,
6283,fine-tuned,"6,1"
6284,fine-tuned,"5,1,6"
6285,fine-tuned,"4,2,3"
6286,fine-tuned,"3,6,3"
6287,fine-tuned,
6288,fine-tuned,"1,3,4"
6289,fine-tuned,"2,1,3"
6290,fine-tuned,"4,6,6"
6291,fine-tuned,
6292,fine-tuned,"3,2,5"
6293,fine-tuned,
6294,fine-tuned,"5,1,4"
6295,fine-tuned,"2,3,3"
6296,fine-tuned,"5,2,4"
6297,fine-tuned,"4,3,3"
6298,fine-tuned,3
6299,fine-tuned,"1,4,3"
6300,fine-tuned,
6301,fine-tuned,
6302,fine-tuned,
6303,fine-tuned,
6304,fine-tuned,3
6305,fine-tuned,"1,5,5"
6306,fine-tuned,
6307,fine-tuned,"2,3,6"
6308,fine-tuned,"3,4,5"
6309,fine-tuned,"3,1,6"
6310,fine-tuned,
6311,fine-tuned,"6,3,1"
6312,fine-tuned,
6313,fine-tuned,"3,6,4"
6314,fine-tuned,"5,1,4"
6315,fine-tuned,
6316,fine-tuned,
6317,fine-tuned,"1,5,3"
6318,fine-tuned,"4,5,6"
6319,fine-tuned,"2,3,6"
6320,fine-tuned,3
6321,fine-tuned,
6322,fine-tuned,"2,3,4"
6323,fine-tuned,"2,5,5"
6324,fine-tuned,"4,2,1"
6325,fine-tuned,5
6326,fine-tuned,2
6327,fine-tuned,
6328,fine-tuned,"4,2,6"
6329,fine-tuned,"6,3,2"
6330,fine-tuned,
6331,fine-tuned,"5,5,3"
6332,fine-tuned,"2,4"
6333,fine-tuned,"5,4,6"
6334,fine-tuned,"5,6,5"
6335,fine-tuned,"4,3,5"
6336,fine-tuned,"2,1,3"
6337,fine-tuned,
6338,fine-tuned,"1,2,3"
6339,fine-tuned,"4,3,3"
6340,fine-tuned,"1,3,1"
6341,fine-tuned,
6342,fine-tuned,"2,1,1"
6343,fine-tuned,"1,2,6"
6344,fine-tuned,"3,4,2"
6345,fine-tuned,1
6346,fine-tuned,
6347,fine-tuned,"4,5,1"
6348,fine-tuned,"4,2,6"
6349,fine-tuned,"1,6,4"
6350,fine-tuned,"1,2,3"
6351,fine-tuned,"2,4,1"
6352,fine-tuned,
6353,fine-tuned,"3,1,6"
6354,fine-tuned,"1,2,3"
6355,fine-tuned,"1,3,6"
6356,fine-tuned,"1,1,5"
6357,fine-tuned,
6358,fine-tuned,
6359,fine-tuned,"3,6,6"
6360,fine-tuned,3
6361,fine-tuned,"6,2,2"
6362,fine-tuned,"4,1,4"
6363,fine-tuned,"4,5,5"
6364,fine-tuned,
6365,fine-tuned,
6366,fine-tuned,"1,2,4"
6367,fine-tuned,"1,2,3"
6368,fine-tuned,"5,2"
6369,fine-tuned,"6,4,2"
6370,fine-tuned,"3,4,2"
6371,fine-tuned,"3,3,1"
6372,fine-tuned,"6,3,1"
6373,fine-tuned,"5,1,4"
6374,fine-tuned,
6375,fine-tuned,"1,2,3"
6376,fine-tuned,
6377,fine-tuned,"1,2,3"
6378,fine-tuned,
6379,fine-tuned,"3,6,1"
6380,fine-tuned,2
6381,fine-tuned,
6382,fine-tuned,"1,1,6"
6383,fine-tuned,
6384,fine-tuned,"1,2"
6385,fine-tuned,"1,5,5"
6386,fine-tuned,"1,2"
6387,fine-tuned,"3,4,2"
6388,fine-tuned,
6389,fine-tuned,
6390,fine-tuned,"3,3,6"
6391,fine-tuned,"2,3,3"
6392,fine-tuned,"4,5,1"
6393,fine-tuned,"2,3,5"
6394,fine-tuned,"2,5,3"
6395,fine-tuned,
6396,fine-tuned,"3,1,4"
6397,fine-tuned,
6398,fine-tuned,"4,2,4"
6399,fine-tuned,"6,6,5"
6400,fine-tuned,
6401,fine-tuned,
6402,fine-tuned,"3,2,3"
6403,fine-tuned,"2,3,2"
6404,fine-tuned,"2,6,1"
6405,fine-tuned,
6406,fine-tuned,"3,4,1"
6407,fine-tuned,"2,1,6"
6408,fine-tuned,"1,4,2"
6409,fine-tuned,"5,2,6"
6410,fine-tuned,
6411,fine-tuned,"1,2,1"
6412,fine-tuned,
6413,fine-tuned,
6414,fine-tuned,"2,3,6"
6415,fine-tuned,"4,2,2"
6416,fine-tuned,"5,6"
6417,fine-tuned,
6418,fine-tuned,"1,4,2"
6419,fine-tuned,"1,2,3"
6420,fine-tuned,"1,1,2"
6421,fine-tuned,"3,1,6"
6422,fine-tuned,"5,4,3"
6423,fine-tuned,"3,4,5"
6424,fine-tuned,
6425,fine-tuned,"2,4,6"
6426,fine-tuned,
6427,fine-tuned,"1,2,5"
6428,fine-tuned,"5,4,1"
6429,fine-tuned,"2,3,4"
6430,fine-tuned,
6431,fine-tuned,"3,4,4"
6432,fine-tuned,"1,5,1"
6433,fine-tuned,"1,3,3"
6434,fine-tuned,
6435,fine-tuned,"1,4,6"
6436,fine-tuned,2
6437,fine-tuned,
6438,fine-tuned,1
6439,fine-tuned,
6440,fine-tuned,"5,1,2"
6441,fine-tuned,
6442,fine-tuned,
6443,fine-tuned,
6444,fine-tuned,"3,5,4"
6445,fine-tuned,"5,1,5"
6446,fine-tuned,
6447,fine-tuned,"1,1,6"
6448,fine-tuned,"3,2,5"
6449,fine-tuned,"5,3,1"
6450,fine-tuned,"1,6"
6451,fine-tuned,"5,4,5"
6452,fine-tuned,"6,3,5"
6453,fine-tuned,"5,4,6"
6454,fine-tuned,"4,2,6"
6455,fine-tuned,
6456,fine-tuned,"3,1"
6457,fine-tuned,"1,6,6"
6458,fine-tuned,
6459,fine-tuned,"4,4,6"
6460,fine-tuned,"1,5,5"
6461,fine-tuned,"6,4,3"
6462,fine-tuned,"1,1,2"
6463,fine-tuned,"4,6,4"
6464,fine-tuned,"1,4,2"
6465,fine-tuned,
6466,fine-tuned,5
6467,fine-tuned,1
6468,fine-tuned,"3,1,5"
6469,fine-tuned,"1,2,3"
6470,fine-tuned,"4,5,1"
6471,fine-tuned,
6472,fine-tuned,"2,5,1"
6473,fine-tuned,"5,4,3"
6474,fine-tuned,6
6475,fine-tuned,"1,2,5"
6476,fine-tuned,"5,1,2"
6477,fine-tuned,"1,6"
6478,fine-tuned,"4,1,3"
6479,fine-tuned,"1,6,6"
6480,fine-tuned,"4,1,3"
6481,fine-tuned,
6482,fine-tuned,
6483,fine-tuned,
6484,fine-tuned,3
6485,fine-tuned,
6486,fine-tuned,
6487,fine-tuned,"1,1,1"
6488,fine-tuned,"5,2,4"
6489,fine-tuned,"4,3,3"
6490,fine-tuned,
6491,fine-tuned,"1,4,2"
6492,fine-tuned,"6,4,4"
6493,fine-tuned,
6494,fine-tuned,"2,6,1"
6495,fine-tuned,"2,5,2"
6496,fine-tuned,
6497,fine-tuned,"5,1"
6498,fine-tuned,"1,5,3"
6499,fine-tuned,
6500,fine-tuned,
6501,fine-tuned,"6,1,2"
6502,fine-tuned,"2,6,3"
6503,fine-tuned,"2,5,2"
6504,fine-tuned,"2,5,5"
6505,fine-tuned,
6506,fine-tuned,"2,6,6"
6507,fine-tuned,
6508,fine-tuned,"4,2,3"
6509,fine-tuned,"2,1,6"
6510,fine-tuned,"3,4,3"
6511,fine-tuned,
6512,fine-tuned,"4,5,6"
6513,fine-tuned,
6514,fine-tuned,
6515,fine-tuned,
6516,fine-tuned,
6517,fine-tuned,"3,4,6"
6518,fine-tuned,"2,3,3"
6519,fine-tuned,
6520,fine-tuned,"1,3,3"
6521,fine-tuned,3
6522,fine-tuned,
6523,fine-tuned,"1,5"
6524,fine-tuned,"5,1,3"
6525,fine-tuned,
6526,fine-tuned,"6,6,4"
6527,fine-tuned,
6528,fine-tuned,"1,4,5"
6529,fine-tuned,"4,4"
6530,fine-tuned,"3,6"
6531,fine-tuned,"3,1,6"
6532,fine-tuned,"3,5,2"
6533,fine-tuned,"4,1,6"
6534,fine-tuned,3
6535,fine-tuned,"4,4,1"
6536,fine-tuned,
6537,fine-tuned,"6,2,1"
6538,fine-tuned,"2,2,4"
6539,fine-tuned,
6540,fine-tuned,"5,4,2"
6541,fine-tuned,"2,2,2"
6542,fine-tuned,"4,1,3"
6543,fine-tuned,"5,4,2"
6544,fine-tuned,
6545,fine-tuned,"5,5,2"
6546,fine-tuned,
6547,fine-tuned,"5,3,4"
6548,fine-tuned,
6549,fine-tuned,"1,2,3"
6550,fine-tuned,"6,4"
6551,fine-tuned,
6552,fine-tuned,
6553,fine-tuned,"2,6,3"
6554,fine-tuned,"2,6,4"
6555,fine-tuned,
6556,fine-tuned,"3,1,1"
6557,fine-tuned,"2,5,1"
6558,fine-tuned,"2,4,1"
6559,fine-tuned,"5,5,1"
6560,fine-tuned,
6561,fine-tuned,"6,6"
6562,fine-tuned,"3,4,1"
6563,fine-tuned,"2,6,3"
6564,fine-tuned,"2,2,2"
6565,fine-tuned,"2,4"
6566,fine-tuned,
6567,fine-tuned,
6568,fine-tuned,"3,6,4"
6569,fine-tuned,"4,1,1"
6570,fine-tuned,"3,6,1"
6571,fine-tuned,"1,6,4"
6572,fine-tuned,"3,1,2"
6573,fine-tuned,
6574,fine-tuned,"2,5,1"
6575,fine-tuned,"4,3,2"
6576,fine-tuned,"2,6,4"
6577,fine-tuned,
6578,fine-tuned,
6579,fine-tuned,"3,3,1"
6580,fine-tuned,"1,2,4"
6581,fine-tuned,"3,3,5"
6582,fine-tuned,"1,1,6"
6583,fine-tuned,"3,6,2"
6584,fine-tuned,"5,3,3"
6585,fine-tuned,
6586,fine-tuned,
6587,fine-tuned,"1,1,2"
6588,fine-tuned,"3,6,3"
6589,fine-tuned,"6,3,4"
6590,fine-tuned,"3,4,3"
6591,fine-tuned,
6592,fine-tuned,"4,4,6"
6593,fine-tuned,"3,5,6"
6594,fine-tuned,
6595,fine-tuned,
6596,fine-tuned,
6597,fine-tuned,"4,1,2"
6598,fine-tuned,
6599,fine-tuned,"1,1,1"
6600,fine-tuned,"5,6,4"
6601,fine-tuned,
6602,fine-tuned,"1,4,3"
6603,fine-tuned,"4,2,5"
6604,fine-tuned,5
6605,fine-tuned,"3,1,4"
6606,fine-tuned,"1,3,1"
6607,fine-tuned,"5,6,4"
6608,fine-tuned,"2,3,3"
6609,fine-tuned,"1,1"
6610,fine-tuned,1
6611,fine-tuned,"3,1,5"
6612,fine-tuned,"3,6,5"
6613,fine-tuned,"5,1,6"
6614,fine-tuned,"1,2,3"
6615,fine-tuned,"3,2,3"
6616,fine-tuned,"3,1,2"
6617,fine-tuned,"2,6,2"
6618,fine-tuned,"3,1,6"
6619,fine-tuned,
6620,fine-tuned,3
6621,fine-tuned,
6622,fine-tuned,
6623,fine-tuned,"2,5,6"
6624,fine-tuned,
6625,fine-tuned,
6626,fine-tuned,"4,4,5"
6627,fine-tuned,"3,4,1"
6628,fine-tuned,"4,3,2"
6629,fine-tuned,"2,6,1"
6630,fine-tuned,
6631,fine-tuned,"1,4,6"
6632,fine-tuned,"5,2,3"
6633,fine-tuned,
6634,fine-tuned,"4,6,2"
6635,fine-tuned,
6636,fine-tuned,
6637,fine-tuned,"2,3,5"
6638,fine-tuned,
6639,fine-tuned,"1,1,4"
6640,fine-tuned,"2,5,2"
6641,fine-tuned,"4,2,5"
6642,fine-tuned,"2,1,5"
6643,fine-tuned,"3,2,6"
6644,fine-tuned,"3,6,1"
6645,fine-tuned,
6646,fine-tuned,"3,3,2"
6647,fine-tuned,
6648,fine-tuned,3
6649,fine-tuned,"1,3,4"
6650,fine-tuned,"6,1,3"
6651,fine-tuned,
6652,fine-tuned,"4,6,1"
6653,fine-tuned,
6654,fine-tuned,"6,4,1"
6655,fine-tuned,
6656,fine-tuned,"2,2,2"
6657,fine-tuned,"3,1,2"
6658,fine-tuned,"2,5,3"
6659,fine-tuned,3
6660,fine-tuned,"5,5"
6661,fine-tuned,"3,1,3"
6662,fine-tuned,"3,1,1"
6663,fine-tuned,"6,4,2"
6664,fine-tuned,"4,2,2"
6665,fine-tuned,"4,5,6"
6666,fine-tuned,"6,1,2"
6667,fine-tuned,"4,1,5"
6668,fine-tuned,"6,2,1"
6669,fine-tuned,"1,2,3"
6670,fine-tuned,
6671,fine-tuned,
6672,fine-tuned,"1,6,3"
6673,fine-tuned,1
6674,fine-tuned,"2,2,3"
6675,fine-tuned,"5,5,4"
6676,fine-tuned,"5,2,3"
6677,fine-tuned,"4,4,6"
6678,fine-tuned,"5,4,1"
6679,fine-tuned,"4,6,3"
6680,fine-tuned,"1,1,3"
6681,fine-tuned,"4,4"
6682,fine-tuned,
6683,fine-tuned,"1,3,1"
6684,fine-tuned,
6685,fine-tuned,"3,4,4"
6686,fine-tuned,"2,1,3"
6687,fine-tuned,
6688,fine-tuned,
6689,fine-tuned,
6690,fine-tuned,
6691,fine-tuned,
6692,fine-tuned,"5,6,2"
6693,fine-tuned,"6,5,4"
6694,fine-tuned,"1,3,4"
6695,fine-tuned,"6,2,5"
6696,fine-tuned,
6697,fine-tuned,"2,4,2"
6698,fine-tuned,
6699,fine-tuned,"1,3,5"
6700,fine-tuned,"1,1,3"
6701,fine-tuned,
6702,fine-tuned,"6,3,2"
6703,fine-tuned,"4,6,1"
6704,fine-tuned,"6,3,3"
6705,fine-tuned,"6,5,4"
6706,fine-tuned,
6707,fine-tuned,"4,3,1"
6708,fine-tuned,"2,3,5"
6709,fine-tuned,"2,1,1"
6710,fine-tuned,3
6711,fine-tuned,"3,1,1"
6712,fine-tuned,
6713,fine-tuned,
6714,fine-tuned,
6715,fine-tuned,
6716,fine-tuned,
6717,fine-tuned,"3,4,2"
6718,fine-tuned,
6719,fine-tuned,"2,4,1"
6720,fine-tuned,"4,5,2"
6721,fine-tuned,"3,4"
6722,fine-tuned,"2,4,5"
6723,fine-tuned,
6724,fine-tuned,"5,5,5"
6725,fine-tuned,"6,1,3"
6726,fine-tuned,"1,2,3"
6727,fine-tuned,"4,1"
6728,fine-tuned,"3,1,2"
6729,fine-tuned,"3,5,6"
6730,fine-tuned,"4,3,3"
6731,fine-tuned,
6732,fine-tuned,
6733,fine-tuned,"4,2,3"
6734,fine-tuned,
6735,fine-tuned,"1,3,4"
6736,fine-tuned,"1,3,3"
6737,fine-tuned,"4,3,3"
6738,fine-tuned,"3,1,2"
6739,fine-tuned,
6740,fine-tuned,"1,2,4"
6741,fine-tuned,"6,3,1"
6742,fine-tuned,"1,2,4"
6743,fine-tuned,"4,4,1"
6744,fine-tuned,"3,3,1"
6745,fine-tuned,"3,4,6"
6746,fine-tuned,4
6747,fine-tuned,"3,1,6"
6748,fine-tuned,"1,6,1"
6749,fine-tuned,
6750,fine-tuned,1
6751,fine-tuned,1
6752,fine-tuned,2
6753,fine-tuned,
6754,fine-tuned,"2,6,4"
6755,fine-tuned,"3,6,5"
6756,fine-tuned,"2,2,3"
6757,fine-tuned,
6758,fine-tuned,"1,4,6"
6759,fine-tuned,"1,3,2"
6760,fine-tuned,
6761,fine-tuned,
6762,fine-tuned,"5,6,6"
6763,fine-tuned,"6,4,4"
6764,fine-tuned,
6765,fine-tuned,3
6766,fine-tuned,"3,4,2"
6767,fine-tuned,"3,4,2"
6768,fine-tuned,"1,3,4"
6769,fine-tuned,"4,3,3"
6770,fine-tuned,"5,1,2"
6771,fine-tuned,"1,2,3"
6772,fine-tuned,"3,6,1"
6773,fine-tuned,3
6774,fine-tuned,"4,2,2"
6775,fine-tuned,3
6776,fine-tuned,
6777,fine-tuned,"2,2,1"
6778,fine-tuned,
6779,fine-tuned,"1,6,2"
6780,fine-tuned,"3,4,5"
6781,fine-tuned,
6782,fine-tuned,
6783,fine-tuned,"4,3,2"
6784,fine-tuned,3
6785,fine-tuned,"6,5,2"
6786,fine-tuned,
6787,fine-tuned,"1,3,2"
6788,fine-tuned,"1,5,4"
6789,fine-tuned,"2,3,3"
6790,fine-tuned,"3,1,6"
6791,fine-tuned,"3,4,6"
6792,fine-tuned,
6793,fine-tuned,"1,6,3"
6794,fine-tuned,"6,1,3"
6795,fine-tuned,"4,1,5"
6796,fine-tuned,"2,4,5"
6797,fine-tuned,
6798,fine-tuned,"5,1,1"
6799,fine-tuned,
6800,fine-tuned,"1,1"
6801,fine-tuned,
6802,fine-tuned,"5,5,6"
6803,fine-tuned,"5,5,1"
6804,fine-tuned,
6805,fine-tuned,1
6806,fine-tuned,
6807,fine-tuned,
6808,fine-tuned,"6,2,2"
6809,fine-tuned,"4,3"
6810,fine-tuned,3
6811,fine-tuned,"2,1,5"
6812,fine-tuned,"1,2,3"
6813,fine-tuned,"3,5,3"
6814,fine-tuned,"2,4,6"
6815,fine-tuned,
6816,fine-tuned,"5,6,6"
6817,fine-tuned,"6,6,2"
6818,fine-tuned,"5,4,5"
6819,fine-tuned,"6,3,1"
6820,fine-tuned,"2,2,6"
6821,fine-tuned,6
6822,fine-tuned,"4,6,3"
6823,fine-tuned,"3,3,6"
6824,fine-tuned,"1,2,2"
6825,fine-tuned,
6826,fine-tuned,"1,1,2"
6827,fine-tuned,
6828,fine-tuned,"1,1,3"
6829,fine-tuned,2
6830,fine-tuned,"6,1,5"
6831,fine-tuned,
6832,fine-tuned,2
6833,fine-tuned,"5,6,1"
6834,fine-tuned,2
6835,fine-tuned,"2,2,2"
6836,fine-tuned,"5,6"
6837,fine-tuned,"6,5,5"
6838,fine-tuned,
6839,fine-tuned,"3,5,5"
6840,fine-tuned,"1,6"
6841,fine-tuned,
6842,fine-tuned,"6,2,1"
6843,fine-tuned,
6844,fine-tuned,
6845,fine-tuned,"5,6,4"
6846,fine-tuned,
6847,fine-tuned,"1,2,5"
6848,fine-tuned,"4,3,3"
6849,fine-tuned,4
6850,fine-tuned,
6851,fine-tuned,"3,3,2"
6852,fine-tuned,
6853,fine-tuned,"1,2,5"
6854,fine-tuned,
6855,fine-tuned,"4,4,3"
6856,fine-tuned,"4,5,2"
6857,fine-tuned,
6858,fine-tuned,3
6859,fine-tuned,"4,5,6"
6860,fine-tuned,"3,1,6"
6861,fine-tuned,"3,5,6"
6862,fine-tuned,"5,6,3"
6863,fine-tuned,
6864,fine-tuned,"3,1,3"
6865,fine-tuned,"1,1"
6866,fine-tuned,
6867,fine-tuned,3
6868,fine-tuned,"5,4"
6869,fine-tuned,"4,5,1"
6870,fine-tuned,"1,4,5"
6871,fine-tuned,"5,3,6"
6872,fine-tuned,"5,1,4"
6873,fine-tuned,"3,2,4"
6874,fine-tuned,
6875,fine-tuned,"2,5,4"
6876,fine-tuned,"4,6,1"
6877,fine-tuned,"5,2,5"
6878,fine-tuned,"1,6,3"
6879,fine-tuned,"4,3,1"
6880,fine-tuned,
6881,fine-tuned,"1,1,4"
6882,fine-tuned,"5,1,5"
6883,fine-tuned,
6884,fine-tuned,"1,2,3"
6885,fine-tuned,
6886,fine-tuned,"5,6,1"
6887,fine-tuned,"1,1,2"
6888,fine-tuned,
6889,fine-tuned,"1,3,5"
6890,fine-tuned,"6,5,6"
6891,fine-tuned,
6892,fine-tuned,
6893,fine-tuned,"5,2,1"
6894,fine-tuned,"2,1,2"
6895,fine-tuned,"4,4,3"
6896,fine-tuned,"1,5"
6897,fine-tuned,"3,2,1"
6898,fine-tuned,
6899,fine-tuned,
6900,fine-tuned,
6901,fine-tuned,"6,2,2"
6902,fine-tuned,"4,5,2"
6903,fine-tuned,3
6904,fine-tuned,"4,6,4"
6905,fine-tuned,
6906,fine-tuned,"2,6,5"
6907,fine-tuned,
6908,fine-tuned,
6909,fine-tuned,"1,3,3"
6910,fine-tuned,"1,3,3"
6911,fine-tuned,
6912,fine-tuned,"3,2,4"
6913,fine-tuned,"6,2,6"
6914,fine-tuned,"3,1,6"
6915,fine-tuned,
6916,fine-tuned,"1,6"
6917,fine-tuned,
6918,fine-tuned,"4,3,4"
6919,fine-tuned,"6,3,6"
6920,fine-tuned,"6,5,5"
6921,fine-tuned,"2,6,4"
6922,fine-tuned,
6923,fine-tuned,"3,5,3"
6924,fine-tuned,"4,6,4"
6925,fine-tuned,2
6926,fine-tuned,"5,3,1"
6927,fine-tuned,"1,3,5"
6928,fine-tuned,"1,1,2"
6929,fine-tuned,"2,5,1"
6930,fine-tuned,
6931,fine-tuned,"6,3,2"
6932,fine-tuned,"4,1,3"
6933,fine-tuned,
6934,fine-tuned,
6935,fine-tuned,
6936,fine-tuned,
6937,fine-tuned,"3,1,1"
6938,fine-tuned,
6939,fine-tuned,"1,1,6"
6940,fine-tuned,
6941,fine-tuned,
6942,fine-tuned,"1,1"
6943,fine-tuned,
6944,fine-tuned,"4,1,3"
6945,fine-tuned,
6946,fine-tuned,"6,6,3"
6947,fine-tuned,"2,4"
6948,fine-tuned,
6949,fine-tuned,
6950,fine-tuned,
6951,fine-tuned,"1,2,5"
6952,fine-tuned,"6,2,1"
6953,fine-tuned,"6,6,4"
6954,fine-tuned,"1,2,3"
6955,fine-tuned,"1,4,4"
6956,fine-tuned,3
6957,fine-tuned,
6958,fine-tuned,"2,5,1"
6959,fine-tuned,"1,1,5"
6960,fine-tuned,6
6961,fine-tuned,"3,5,6"
6962,fine-tuned,"2,5,3"
6963,fine-tuned,"6,4,2"
6964,fine-tuned,"2,5,6"
6965,fine-tuned,"2,6,2"
6966,fine-tuned,"1,6,2"
6967,fine-tuned,
6968,fine-tuned,
6969,fine-tuned,"3,3,5"
6970,fine-tuned,"3,2,3"
6971,fine-tuned,"5,4,4"
6972,fine-tuned,"1,3,2"
6973,fine-tuned,1
6974,fine-tuned,
6975,fine-tuned,"3,1,3"
6976,fine-tuned,3
6977,fine-tuned,
6978,fine-tuned,
6979,fine-tuned,"6,2,2"
6980,fine-tuned,5
6981,fine-tuned,"3,2,5"
6982,fine-tuned,"3,1,6"
6983,fine-tuned,"4,1"
6984,fine-tuned,
6985,fine-tuned,"4,4,3"
6986,fine-tuned,
6987,fine-tuned,"1,5,6"
6988,fine-tuned,"1,2,4"
6989,fine-tuned,"3,2,5"
6990,fine-tuned,"4,4,2"
6991,fine-tuned,
6992,fine-tuned,"2,4,2"
6993,fine-tuned,1
6994,fine-tuned,"6,4,1"
6995,fine-tuned,"6,5,4"
6996,fine-tuned,"5,6,6"
6997,fine-tuned,"1,4,3"
6998,fine-tuned,6
6999,fine-tuned,
7000,fine-tuned,"1,2,3"
7001,fine-tuned,
7002,fine-tuned,"3,5,6"
7003,fine-tuned,"1,5,4"
7004,fine-tuned,"2,3,2"
7005,fine-tuned,"1,2,1"
7006,fine-tuned,"4,6,1"
7007,fine-tuned,
7008,fine-tuned,
7009,fine-tuned,"4,3,3"
7010,fine-tuned,"6,1,3"
7011,fine-tuned,
7012,fine-tuned,"2,2,4"
7013,fine-tuned,
7014,fine-tuned,"6,4,4"
7015,fine-tuned,"3,4,6"
7016,fine-tuned,"5,6,5"
7017,fine-tuned,"1,2,1"
7018,fine-tuned,
7019,fine-tuned,"3,5,3"
7020,fine-tuned,
7021,fine-tuned,
7022,fine-tuned,"2,4,3"
7023,fine-tuned,"6,2,5"
7024,fine-tuned,
7025,fine-tuned,"1,5,3"
7026,fine-tuned,
7027,fine-tuned,
7028,fine-tuned,
7029,fine-tuned,
7030,fine-tuned,"4,1,4"
7031,fine-tuned,"5,6,3"
7032,fine-tuned,"2,2,2"
7033,fine-tuned,
7034,fine-tuned,"3,2,6"
7035,fine-tuned,"6,5,5"
7036,fine-tuned,"1,2,3"
7037,fine-tuned,
7038,fine-tuned,
7039,fine-tuned,3
7040,fine-tuned,"3,1,2"
7041,fine-tuned,"2,5,1"
7042,fine-tuned,"2,1,3"
7043,fine-tuned,"4,2,4"
7044,fine-tuned,
7045,fine-tuned,
7046,fine-tuned,"1,3,3"
7047,fine-tuned,"4,2,4"
7048,fine-tuned,"1,6,2"
7049,fine-tuned,"6,2,3"
7050,fine-tuned,"1,6,2"
7051,fine-tuned,
7052,fine-tuned,"4,1,2"
7053,fine-tuned,"3,5"
7054,fine-tuned,
7055,fine-tuned,3
7056,fine-tuned,"4,5"
7057,fine-tuned,
7058,fine-tuned,"1,1,4"
7059,fine-tuned,"4,5,1"
7060,fine-tuned,"2,3,1"
7061,fine-tuned,"1,4,3"
7062,fine-tuned,"2,5,4"
7063,fine-tuned,"1,4,6"
7064,fine-tuned,"5,1,3"
7065,fine-tuned,"3,4,6"
7066,fine-tuned,"1,3,1"
7067,fine-tuned,3
7068,fine-tuned,"1,6,3"
7069,fine-tuned,"1,2,3"
7070,fine-tuned,"6,3,1"
7071,fine-tuned,"6,4,3"
7072,fine-tuned,"3,3,3"
7073,fine-tuned,
7074,fine-tuned,"4,5,3"
7075,fine-tuned,"1,3,1"
7076,fine-tuned,"1,3"
7077,fine-tuned,"1,1,5"
7078,fine-tuned,"1,4,1"
7079,fine-tuned,"3,4,6"
7080,fine-tuned,"1,1"
7081,fine-tuned,"6,2,4"
7082,fine-tuned,3
7083,fine-tuned,"4,2,5"
7084,fine-tuned,
7085,fine-tuned,
7086,fine-tuned,
7087,fine-tuned,"1,6,5"
7088,fine-tuned,"1,5,2"
7089,fine-tuned,
7090,fine-tuned,
7091,fine-tuned,"1,4,1"
7092,fine-tuned,"4,1,5"
7093,fine-tuned,"5,1,3"
7094,fine-tuned,"4,6,2"
7095,fine-tuned,
7096,fine-tuned,"1,6,4"
7097,fine-tuned,3
7098,fine-tuned,
7099,fine-tuned,"4,4,3"
7100,fine-tuned,
7101,fine-tuned,"6,2,2"
7102,fine-tuned,
7103,fine-tuned,
7104,fine-tuned,"2,2,3"
7105,fine-tuned,4
7106,fine-tuned,"4,6,5"
7107,fine-tuned,"5,6,2"
7108,fine-tuned,"3,4,4"
7109,fine-tuned,"5,6,6"
7110,fine-tuned,
7111,fine-tuned,
7112,fine-tuned,"3,3"
7113,fine-tuned,"3,3,6"
7114,fine-tuned,"6,1,6"
7115,fine-tuned,"5,1,1"
7116,fine-tuned,"3,2,5"
7117,fine-tuned,"2,4,3"
7118,fine-tuned,
7119,fine-tuned,
7120,fine-tuned,"3,1,6"
7121,fine-tuned,"2,5,2"
7122,fine-tuned,"4,4,1"
7123,fine-tuned,"3,6"
7124,fine-tuned,"3,1,2"
7125,fine-tuned,"5,1"
7126,fine-tuned,"3,3,6"
7127,fine-tuned,"3,2"
7128,fine-tuned,
7129,fine-tuned,"6,3,3"
7130,fine-tuned,
7131,fine-tuned,"3,5,2"
7132,fine-tuned,"5,2,6"
7133,fine-tuned,1
7134,fine-tuned,"3,6,2"
7135,fine-tuned,"6,4,5"
7136,fine-tuned,"6,4,1"
7137,fine-tuned,
7138,fine-tuned,
7139,fine-tuned,"3,2,6"
7140,fine-tuned,"2,5,6"
7141,fine-tuned,"1,5,2"
7142,fine-tuned,"4,2,2"
7143,fine-tuned,
7144,fine-tuned,"2,5,3"
7145,fine-tuned,"3,6,3"
7146,fine-tuned,
7147,fine-tuned,"3,2,5"
7148,fine-tuned,"5,3,3"
7149,fine-tuned,
7150,fine-tuned,
7151,fine-tuned,"5,4,2"
7152,fine-tuned,"1,4,3"
7153,fine-tuned,
7154,fine-tuned,
7155,fine-tuned,"3,2,4"
7156,fine-tuned,"1,6,5"
7157,fine-tuned,"3,5,1"
7158,fine-tuned,"4,2,3"
7159,fine-tuned,"2,1,3"
7160,fine-tuned,"6,1,2"
7161,fine-tuned,
7162,fine-tuned,"3,4,3"
7163,fine-tuned,"1,2,3"
7164,fine-tuned,"5,2,5"
7165,fine-tuned,"3,2,6"
7166,fine-tuned,"5,3,2"
7167,fine-tuned,"3,3,1"
7168,fine-tuned,"4,5,5"
7169,fine-tuned,
7170,fine-tuned,"6,5"
7171,fine-tuned,
7172,fine-tuned,"6,4,3"
7173,fine-tuned,"3,4,3"
7174,fine-tuned,"4,1,5"
7175,fine-tuned,"3,5,3"
7176,fine-tuned,"1,1,6"
7177,fine-tuned,
7178,fine-tuned,"5,5"
7179,fine-tuned,
7180,fine-tuned,
7181,fine-tuned,
7182,fine-tuned,"1,2,5"
7183,fine-tuned,"1,1,6"
7184,fine-tuned,
7185,fine-tuned,
7186,fine-tuned,"6,4,4"
7187,fine-tuned,
7188,fine-tuned,
7189,fine-tuned,"5,4,4"
7190,fine-tuned,"1,2"
7191,fine-tuned,"4,2,4"
7192,fine-tuned,"1,1"
7193,fine-tuned,
7194,fine-tuned,"3,6,1"
7195,fine-tuned,"3,1,5"
7196,fine-tuned,"4,5,3"
7197,fine-tuned,"1,3,4"
7198,fine-tuned,"6,1,1"
7199,fine-tuned,"3,5,5"
7200,fine-tuned,1
7201,fine-tuned,"3,3,3"
7202,fine-tuned,"4,2,5"
7203,fine-tuned,"3,1,3"
7204,fine-tuned,"6,3,4"
7205,fine-tuned,4
7206,fine-tuned,"4,1,4"
7207,fine-tuned,"1,1,2"
7208,fine-tuned,"4,3,2"
7209,fine-tuned,
7210,fine-tuned,
7211,fine-tuned,"4,6,3"
7212,fine-tuned,"2,2,6"
7213,fine-tuned,
7214,fine-tuned,"1,5,2"
7215,fine-tuned,
7216,fine-tuned,"6,4,3"
7217,fine-tuned,"6,2,2"
7218,fine-tuned,
7219,fine-tuned,"2,5,2"
7220,fine-tuned,"6,1,4"
7221,fine-tuned,
7222,fine-tuned,
7223,fine-tuned,"1,6,1"
7224,fine-tuned,"2,3,2"
7225,fine-tuned,"4,2,6"
7226,fine-tuned,"1,4,2"
7227,fine-tuned,"5,4,6"
7228,fine-tuned,"1,2,5"
7229,fine-tuned,
7230,fine-tuned,
7231,fine-tuned,
7232,fine-tuned,"1,2,3"
7233,fine-tuned,"3,1,6"
7234,fine-tuned,"4,2,3"
7235,fine-tuned,"4,2,3"
7236,fine-tuned,"1,6,4"
7237,fine-tuned,
7238,fine-tuned,"1,3,2"
7239,fine-tuned,
7240,fine-tuned,"3,4,1"
7241,fine-tuned,"4,2,5"
7242,fine-tuned,"1,5,1"
7243,fine-tuned,"1,1,1"
7244,fine-tuned,"3,1,6"
7245,fine-tuned,"1,1,4"
7246,fine-tuned,"2,3,2"
7247,fine-tuned,"1,1,6"
7248,fine-tuned,"1,1,6"
7249,fine-tuned,"2,4,6"
7250,fine-tuned,"3,4,4"
7251,fine-tuned,
7252,fine-tuned,"1,5,6"
7253,fine-tuned,"6,5,2"
7254,fine-tuned,"1,5,1"
7255,fine-tuned,"3,3,3"
7256,fine-tuned,"5,1,6"
7257,fine-tuned,
7258,fine-tuned,"6,5,4"
7259,fine-tuned,"4,6,5"
7260,fine-tuned,"5,2,4"
7261,fine-tuned,"2,6,1"
7262,fine-tuned,
7263,fine-tuned,"1,2,2"
7264,fine-tuned,"2,2,3"
7265,fine-tuned,
7266,fine-tuned,"4,3,4"
7267,fine-tuned,
7268,fine-tuned,"6,5,3"
7269,fine-tuned,
7270,fine-tuned,
7271,fine-tuned,"3,6,3"
7272,fine-tuned,"3,1,3"
7273,fine-tuned,"3,4,6"
7274,fine-tuned,
7275,fine-tuned,
7276,fine-tuned,
7277,fine-tuned,
7278,fine-tuned,
7279,fine-tuned,"3,4,1"
7280,fine-tuned,"3,6,1"
7281,fine-tuned,"6,1,3"
7282,fine-tuned,"2,5,2"
7283,fine-tuned,"2,1,3"
7284,fine-tuned,"3,4,4"
7285,fine-tuned,
7286,fine-tuned,"2,1,5"
7287,fine-tuned,"2,4,5"
7288,fine-tuned,"4,4,6"
7289,fine-tuned,"1,6,3"
7290,fine-tuned,
7291,fine-tuned,"2,1,2"
7292,fine-tuned,"2,1"
7293,fine-tuned,"4,5,3"
7294,fine-tuned,"1,5,2"
7295,fine-tuned,"2,4,5"
7296,fine-tuned,"6,2,6"
7297,fine-tuned,"2,2"
7298,fine-tuned,"6,3,5"
7299,fine-tuned,
7300,fine-tuned,
7301,fine-tuned,"4,6,5"
7302,fine-tuned,
7303,fine-tuned,"3,3,5"
7304,fine-tuned,
7305,fine-tuned,
7306,fine-tuned,"1,1,2"
7307,fine-tuned,"3,5,4"
7308,fine-tuned,"2,3"
7309,fine-tuned,"1,2,5"
7310,fine-tuned,
7311,fine-tuned,"6,4,1"
7312,fine-tuned,1
7313,fine-tuned,"5,3,2"
7314,fine-tuned,
7315,fine-tuned,"3,3,1"
7316,fine-tuned,
7317,fine-tuned,"1,2"
7318,fine-tuned,"6,4,5"
7319,fine-tuned,1
7320,fine-tuned,"4,6,4"
7321,fine-tuned,"3,1,5"
7322,fine-tuned,"4,2,3"
7323,fine-tuned,"5,2,6"
7324,fine-tuned,"3,4,3"
7325,fine-tuned,
7326,fine-tuned,
7327,fine-tuned,"5,6,6"
7328,fine-tuned,"3,6,1"
7329,fine-tuned,"3,1,6"
7330,fine-tuned,"2,2,1"
7331,fine-tuned,
7332,fine-tuned,
7333,fine-tuned,5
7334,fine-tuned,"5,2,1"
7335,fine-tuned,"3,1,3"
7336,fine-tuned,"3,1,6"
7337,fine-tuned,
7338,fine-tuned,"6,6"
7339,fine-tuned,
7340,fine-tuned,4
7341,fine-tuned,"1,4,2"
7342,fine-tuned,1
7343,fine-tuned,"1,1"
7344,fine-tuned,"1,5,1"
7345,fine-tuned,"5,3,5"
7346,fine-tuned,"2,2,4"
7347,fine-tuned,
7348,fine-tuned,"3,6,1"
7349,fine-tuned,"2,5,3"
7350,fine-tuned,
7351,fine-tuned,"1,6,6"
7352,fine-tuned,"4,2,3"
7353,fine-tuned,"5,1,5"
7354,fine-tuned,
7355,fine-tuned,"4,3,5"
7356,fine-tuned,"4,2,4"
7357,fine-tuned,"4,1,5"
7358,fine-tuned,"6,6,2"
7359,fine-tuned,
7360,fine-tuned,
7361,fine-tuned,"3,5,4"
7362,fine-tuned,"6,2,3"
7363,fine-tuned,"4,6,5"
7364,fine-tuned,"3,4,5"
7365,fine-tuned,"1,1,6"
7366,fine-tuned,"1,5,4"
7367,fine-tuned,"2,2,4"
7368,fine-tuned,
7369,fine-tuned,"2,4,5"
7370,fine-tuned,"4,2,6"
7371,fine-tuned,"4,2,1"
7372,fine-tuned,"3,6,2"
7373,fine-tuned,"1,2,6"
7374,fine-tuned,"4,3,2"
7375,fine-tuned,"4,1,2"
7376,fine-tuned,1
7377,fine-tuned,"6,1,5"
7378,fine-tuned,
7379,fine-tuned,"2,3,4"
7380,fine-tuned,1
7381,fine-tuned,
7382,fine-tuned,"3,3,3"
7383,fine-tuned,3
7384,fine-tuned,"3,2,6"
7385,fine-tuned,"3,2"
7386,fine-tuned,
7387,fine-tuned,"2,3,5"
7388,fine-tuned,"1,1,4"
7389,fine-tuned,"1,2,3"
7390,fine-tuned,3
7391,fine-tuned,"1,2,6"
7392,fine-tuned,"2,5,2"
7393,fine-tuned,"4,1,3"
7394,fine-tuned,"1,2,3"
7395,fine-tuned,"3,6,6"
7396,fine-tuned,"3,2,2"
7397,fine-tuned,"6,5"
7398,fine-tuned,3
7399,fine-tuned,"1,6"
7400,fine-tuned,
7401,fine-tuned,"3,4,5"
7402,fine-tuned,3
7403,fine-tuned,"2,2"
7404,fine-tuned,"3,6,2"
7405,fine-tuned,"3,2,6"
7406,fine-tuned,
7407,fine-tuned,"4,6,5"
7408,fine-tuned,
7409,fine-tuned,"6,3,1"
7410,fine-tuned,"4,2"
7411,fine-tuned,"4,3,4"
7412,fine-tuned,"1,2"
7413,fine-tuned,"3,4,5"
7414,fine-tuned,
7415,fine-tuned,"2,5,2"
7416,fine-tuned,
7417,fine-tuned,"4,1,1"
7418,fine-tuned,"5,4,4"
7419,fine-tuned,"3,1"
7420,fine-tuned,
7421,fine-tuned,"3,5,6"
7422,fine-tuned,
7423,fine-tuned,"4,2,2"
7424,fine-tuned,
7425,fine-tuned,"3,2,5"
7426,fine-tuned,2
7427,fine-tuned,"5,1,5"
7428,fine-tuned,
7429,fine-tuned,
7430,fine-tuned,"3,2"
7431,fine-tuned,"5,6,4"
7432,fine-tuned,
7433,fine-tuned,
7434,fine-tuned,"3,3,1"
7435,fine-tuned,"1,2,3"
7436,fine-tuned,"1,2,1"
7437,fine-tuned,
7438,fine-tuned,"3,1,2"
7439,fine-tuned,"2,3,2"
7440,fine-tuned,"4,6,3"
7441,fine-tuned,
7442,fine-tuned,
7443,fine-tuned,"3,1,2"
7444,fine-tuned,"1,2,5"
7445,fine-tuned,3
7446,fine-tuned,"6,3,4"
7447,fine-tuned,
7448,fine-tuned,"1,5,3"
7449,fine-tuned,"5,4,5"
7450,fine-tuned,"5,3,2"
7451,fine-tuned,
7452,fine-tuned,"1,6"
7453,fine-tuned,
7454,fine-tuned,
7455,fine-tuned,"3,1,1"
7456,fine-tuned,"3,5,1"
7457,fine-tuned,5
7458,fine-tuned,"6,3,4"
7459,fine-tuned,"6,1"
7460,fine-tuned,
7461,fine-tuned,"2,3"
7462,fine-tuned,"5,1,5"
7463,fine-tuned,3
7464,fine-tuned,"4,5,6"
7465,fine-tuned,
7466,fine-tuned,
7467,fine-tuned,"4,6,3"
7468,fine-tuned,3
7469,fine-tuned,
7470,fine-tuned,1
7471,fine-tuned,"5,2,4"
7472,fine-tuned,"3,3,6"
7473,fine-tuned,
7474,fine-tuned,
7475,fine-tuned,
7476,fine-tuned,
7477,fine-tuned,
7478,fine-tuned,"4,3,4"
7479,fine-tuned,"3,1,3"
7480,fine-tuned,2
7481,fine-tuned,"2,2,4"
7482,fine-tuned,"1,3,4"
7483,fine-tuned,"5,4,6"
7484,fine-tuned,
7485,fine-tuned,6
7486,fine-tuned,"3,3,4"
7487,fine-tuned,"1,2"
7488,fine-tuned,3
7489,fine-tuned,"6,4,3"
7490,fine-tuned,"1,2,6"
7491,fine-tuned,"4,2,4"
7492,fine-tuned,"5,5"
7493,fine-tuned,"3,5,5"
7494,fine-tuned,"6,3,6"
7495,fine-tuned,"3,1,1"
7496,fine-tuned,"4,3,4"
7497,fine-tuned,"5,4,3"
7498,fine-tuned,
7499,fine-tuned,
7500,fine-tuned,"5,1,3"
7501,fine-tuned,"5,3,5"
7502,fine-tuned,"4,4,2"
7503,fine-tuned,"2,1,3"
7504,fine-tuned,
7505,fine-tuned,
7506,fine-tuned,"2,2,3"
7507,fine-tuned,"4,1,3"
7508,fine-tuned,
7509,fine-tuned,
7510,fine-tuned,
7511,fine-tuned,
7512,fine-tuned,"1,5,1"
7513,fine-tuned,"3,6,6"
7514,fine-tuned,
7515,fine-tuned,"6,1,1"
7516,fine-tuned,"6,4,2"
7517,fine-tuned,
7518,fine-tuned,"1,2,3"
7519,fine-tuned,3
7520,fine-tuned,"1,3,2"
7521,fine-tuned,"6,2,4"
7522,fine-tuned,
7523,fine-tuned,"2,1,4"
7524,fine-tuned,"2,1,1"
7525,fine-tuned,"6,1,4"
7526,fine-tuned,"6,4"
7527,fine-tuned,
7528,fine-tuned,"5,3,2"
7529,fine-tuned,"1,5,1"
7530,fine-tuned,"3,6"
7531,fine-tuned,"1,3,5"
7532,fine-tuned,3
7533,fine-tuned,3
7534,fine-tuned,3
7535,fine-tuned,5
7536,fine-tuned,"2,6,5"
7537,fine-tuned,"1,3,5"
7538,fine-tuned,"4,5"
7539,fine-tuned,
7540,fine-tuned,
7541,fine-tuned,"1,2,2"
7542,fine-tuned,
7543,fine-tuned,"6,2,6"
7544,fine-tuned,"1,1,2"
7545,fine-tuned,"6,1,2"
7546,fine-tuned,"1,2,3"
7547,fine-tuned,"3,4,4"
7548,fine-tuned,"2,4,1"
7549,fine-tuned,"3,4,6"
7550,fine-tuned,"1,3,1"
7551,fine-tuned,"2,1,1"
7552,fine-tuned,
7553,fine-tuned,"3,5"
7554,fine-tuned,
7555,fine-tuned,"6,6,3"
7556,fine-tuned,"2,3,4"
7557,fine-tuned,
7558,fine-tuned,"2,4,3"
7559,fine-tuned,
7560,fine-tuned,"3,4,5"
7561,fine-tuned,"3,3,2"
7562,fine-tuned,"1,5,5"
7563,fine-tuned,
7564,fine-tuned,
7565,fine-tuned,
7566,fine-tuned,
7567,fine-tuned,"1,2,3"
7568,fine-tuned,
7569,fine-tuned,"2,6,4"
7570,fine-tuned,"3,4"
7571,fine-tuned,
7572,fine-tuned,"3,5,1"
7573,fine-tuned,
7574,fine-tuned,
7575,fine-tuned,2
7576,fine-tuned,"2,2,1"
7577,fine-tuned,"4,5,3"
7578,fine-tuned,
7579,fine-tuned,"1,6"
7580,fine-tuned,"5,6,4"
7581,fine-tuned,
7582,fine-tuned,"4,1,5"
7583,fine-tuned,1
7584,fine-tuned,
7585,fine-tuned,"4,6,4"
7586,fine-tuned,
7587,fine-tuned,"5,5,2"
7588,fine-tuned,"2,2,3"
7589,fine-tuned,"1,4,2"
7590,fine-tuned,
7591,fine-tuned,"4,3,4"
7592,fine-tuned,"2,1,4"
7593,fine-tuned,"3,2,1"
7594,fine-tuned,"1,2,5"
7595,fine-tuned,"4,4,6"
7596,fine-tuned,
7597,fine-tuned,"6,4,2"
7598,fine-tuned,
7599,fine-tuned,
7600,fine-tuned,"6,5,4"
7601,fine-tuned,"6,2,1"
7602,fine-tuned,
7603,fine-tuned,
7604,fine-tuned,
7605,fine-tuned,"3,2,4"
7606,fine-tuned,"1,6,2"
7607,fine-tuned,"3,3,3"
7608,fine-tuned,
7609,fine-tuned,
7610,fine-tuned,"3,1"
7611,fine-tuned,
7612,fine-tuned,
7613,fine-tuned,
7614,fine-tuned,
7615,fine-tuned,"4,3,5"
7616,fine-tuned,"3,1,6"
7617,fine-tuned,"2,2,3"
7618,fine-tuned,"4,6,1"
7619,fine-tuned,2
7620,fine-tuned,
7621,fine-tuned,"4,5,4"
7622,fine-tuned,"4,1,6"
7623,fine-tuned,"1,2,4"
7624,fine-tuned,"2,3,4"
7625,fine-tuned,"4,2,3"
7626,fine-tuned,"3,6,4"
7627,fine-tuned,"5,3,1"
7628,fine-tuned,"1,1,2"
7629,fine-tuned,"4,3,1"
7630,fine-tuned,"6,1,2"
7631,fine-tuned,"1,5,4"
7632,fine-tuned,"1,5,2"
7633,fine-tuned,"3,1,2"
7634,fine-tuned,"6,3,3"
7635,fine-tuned,"3,3,2"
7636,fine-tuned,"1,3"
7637,fine-tuned,
7638,fine-tuned,"1,2,3"
7639,fine-tuned,1
7640,fine-tuned,
7641,fine-tuned,"1,2,3"
7642,fine-tuned,"3,4,5"
7643,fine-tuned,"6,4,4"
7644,fine-tuned,"3,4,2"
7645,fine-tuned,"1,2,3"
7646,fine-tuned,"4,5,1"
7647,fine-tuned,
7648,fine-tuned,"2,3,3"
7649,fine-tuned,"1,3,5"
7650,fine-tuned,"6,1,2"
7651,fine-tuned,"6,1"
7652,fine-tuned,"5,1,3"
7653,fine-tuned,
7654,fine-tuned,"5,2"
7655,fine-tuned,"5,3,3"
7656,fine-tuned,"5,1,1"
7657,fine-tuned,"6,5,2"
7658,fine-tuned,"1,2,3"
7659,fine-tuned,"1,3"
7660,fine-tuned,
7661,fine-tuned,"1,6,4"
7662,fine-tuned,"2,4,6"
7663,fine-tuned,3
7664,fine-tuned,"1,4,5"
7665,fine-tuned,
7666,fine-tuned,"4,1,2"
7667,fine-tuned,"4,3,2"
7668,fine-tuned,"3,5,4"
7669,fine-tuned,"6,1,4"
7670,fine-tuned,
7671,fine-tuned,
7672,fine-tuned,"5,3,2"
7673,fine-tuned,"2,1,2"
7674,fine-tuned,"4,4,1"
7675,fine-tuned,"5,5,1"
7676,fine-tuned,
7677,fine-tuned,
7678,fine-tuned,"4,4,6"
7679,fine-tuned,"6,5,1"
7680,fine-tuned,"1,6,2"
7681,fine-tuned,"3,6,5"
7682,fine-tuned,1
7683,fine-tuned,"5,5,2"
7684,fine-tuned,"3,3"
7685,fine-tuned,"1,6,2"
7686,fine-tuned,"4,3,1"
7687,fine-tuned,4
7688,fine-tuned,"2,5,2"
7689,fine-tuned,
7690,fine-tuned,
7691,fine-tuned,"4,2,5"
7692,fine-tuned,"1,2,4"
7693,fine-tuned,"1,3,6"
7694,fine-tuned,"3,6,1"
7695,fine-tuned,"1,6,6"
7696,fine-tuned,
7697,fine-tuned,"6,3,2"
7698,fine-tuned,"3,1,3"
7699,fine-tuned,
7700,fine-tuned,"6,3,4"
7701,fine-tuned,
7702,fine-tuned,"6,3,3"
7703,fine-tuned,
7704,fine-tuned,"1,3,5"
7705,fine-tuned,"3,5,3"
7706,fine-tuned,"1,1"
7707,fine-tuned,
7708,fine-tuned,"2,1,2"
7709,fine-tuned,1
7710,fine-tuned,6
7711,fine-tuned,"2,1,1"
7712,fine-tuned,
7713,fine-tuned,"3,4,6"
7714,fine-tuned,"5,6"
7715,fine-tuned,"2,6"
7716,fine-tuned,"5,1,5"
7717,fine-tuned,
7718,fine-tuned,
7719,fine-tuned,
7720,fine-tuned,"2,3"
7721,fine-tuned,"1,3"
7722,fine-tuned,"5,4,6"
7723,fine-tuned,"4,3,5"
7724,fine-tuned,"4,5,6"
7725,fine-tuned,1
7726,fine-tuned,"5,6,5"
7727,fine-tuned,
7728,fine-tuned,"1,2,3"
7729,fine-tuned,"6,1,3"
7730,fine-tuned,"1,3,3"
7731,fine-tuned,"3,1,4"
7732,fine-tuned,
7733,fine-tuned,"4,5,3"
7734,fine-tuned,"3,1,1"
7735,fine-tuned,"6,3,5"
7736,fine-tuned,"5,5,5"
7737,fine-tuned,
7738,fine-tuned,"2,4,3"
7739,fine-tuned,
7740,fine-tuned,"4,2,6"
7741,fine-tuned,
7742,fine-tuned,
7743,fine-tuned,"4,2,6"
7744,fine-tuned,"5,3,3"
7745,fine-tuned,"6,1,5"
7746,fine-tuned,"5,3,5"
7747,fine-tuned,"2,6,6"
7748,fine-tuned,"1,1"
7749,fine-tuned,"3,4,2"
7750,fine-tuned,"3,1,5"
7751,fine-tuned,"1,3,6"
7752,fine-tuned,"4,2,5"
7753,fine-tuned,"4,2,6"
7754,fine-tuned,
7755,fine-tuned,"6,5,6"
7756,fine-tuned,"2,6,3"
7757,fine-tuned,"3,1,6"
7758,fine-tuned,"2,5"
7759,fine-tuned,"3,6,4"
7760,fine-tuned,"1,1,5"
7761,fine-tuned,"4,3,4"
7762,fine-tuned,"4,2,4"
7763,fine-tuned,
7764,fine-tuned,
7765,fine-tuned,2
7766,fine-tuned,
7767,fine-tuned,3
7768,fine-tuned,"5,1,3"
7769,fine-tuned,"3,5"
7770,fine-tuned,"3,1,5"
7771,fine-tuned,"6,2,1"
7772,fine-tuned,"1,6,5"
7773,fine-tuned,"2,3,2"
7774,fine-tuned,"4,6,2"
7775,fine-tuned,"4,6,4"
7776,fine-tuned,
7777,fine-tuned,
7778,fine-tuned,3
7779,fine-tuned,
7780,fine-tuned,"5,4,6"
7781,fine-tuned,"3,5,1"
7782,fine-tuned,
7783,fine-tuned,
7784,fine-tuned,"5,2,2"
7785,fine-tuned,1
7786,fine-tuned,
7787,fine-tuned,"6,5"
7788,fine-tuned,
7789,fine-tuned,"5,2,1"
7790,fine-tuned,"4,3,1"
7791,fine-tuned,
7792,fine-tuned,
7793,fine-tuned,"5,1"
7794,fine-tuned,
7795,fine-tuned,
7796,fine-tuned,
7797,fine-tuned,"2,4"
7798,fine-tuned,
7799,fine-tuned,3
7800,fine-tuned,"6,3,2"
7801,fine-tuned,"2,3,1"
7802,fine-tuned,6
7803,fine-tuned,"1,2,4"
7804,fine-tuned,
7805,fine-tuned,3
7806,fine-tuned,
7807,fine-tuned,
7808,fine-tuned,
7809,fine-tuned,
7810,fine-tuned,"1,3,5"
7811,fine-tuned,"2,2,2"
7812,fine-tuned,"4,1,3"
7813,fine-tuned,"5,3,6"
7814,fine-tuned,"6,4,6"
7815,fine-tuned,"2,3,1"
7816,fine-tuned,
7817,fine-tuned,"2,1,4"
7818,fine-tuned,
7819,fine-tuned,"1,2"
7820,fine-tuned,"3,6,2"
7821,fine-tuned,"4,4,3"
7822,fine-tuned,
7823,fine-tuned,
7824,fine-tuned,"3,5,6"
7825,fine-tuned,"2,4,6"
7826,fine-tuned,"3,4,5"
7827,fine-tuned,
7828,fine-tuned,"2,3,4"
7829,fine-tuned,
7830,fine-tuned,"1,2,3"
7831,fine-tuned,
7832,fine-tuned,
7833,fine-tuned,
7834,fine-tuned,
7835,fine-tuned,3
7836,fine-tuned,"3,3"
7837,fine-tuned,
7838,fine-tuned,"5,2,3"
7839,fine-tuned,
7840,fine-tuned,"6,1,5"
7841,fine-tuned,1
7842,fine-tuned,"2,2,6"
7843,fine-tuned,2
7844,fine-tuned,"2,5,5"
7845,fine-tuned,
7846,fine-tuned,"1,2,2"
7847,fine-tuned,
7848,fine-tuned,"4,6,5"
7849,fine-tuned,5
7850,fine-tuned,
7851,fine-tuned,"3,6,4"
7852,fine-tuned,"3,3,1"
7853,fine-tuned,
7854,fine-tuned,"4,2,6"
7855,fine-tuned,
7856,fine-tuned,
7857,fine-tuned,"6,2,4"
7858,fine-tuned,
7859,fine-tuned,
7860,fine-tuned,
7861,fine-tuned,"4,1,2"
7862,fine-tuned,
7863,fine-tuned,
7864,fine-tuned,"3,6,4"
7865,fine-tuned,"6,2,3"
7866,fine-tuned,
7867,fine-tuned,4
7868,fine-tuned,"1,3"
7869,fine-tuned,"1,1,1"
7870,fine-tuned,"5,3,3"
7871,fine-tuned,"4,1,5"
7872,fine-tuned,
7873,fine-tuned,"1,2,3"
7874,fine-tuned,"2,4,6"
7875,fine-tuned,"3,6,4"
7876,fine-tuned,"1,2"
7877,fine-tuned,"4,1,3"
7878,fine-tuned,"5,1"
7879,fine-tuned,
7880,fine-tuned,"1,1,2"
7881,fine-tuned,
7882,fine-tuned,"4,2,6"
7883,fine-tuned,
7884,fine-tuned,"1,2,3"
7885,fine-tuned,
7886,fine-tuned,"1,2,2"
7887,fine-tuned,"3,3,1"
7888,fine-tuned,"1,2,6"
7889,fine-tuned,"6,2,3"
7890,fine-tuned,"6,4,2"
7891,fine-tuned,2
7892,fine-tuned,
7893,fine-tuned,"5,1,3"
7894,fine-tuned,"1,6"
7895,fine-tuned,"3,1,1"
7896,fine-tuned,6
7897,fine-tuned,"3,6,5"
7898,fine-tuned,"5,1,1"
7899,fine-tuned,"3,4,4"
7900,fine-tuned,
7901,fine-tuned,"5,1,5"
7902,fine-tuned,"4,5,1"
7903,fine-tuned,"6,1,1"
7904,fine-tuned,"4,3,1"
7905,fine-tuned,"4,2,4"
7906,fine-tuned,
7907,fine-tuned,"3,5,1"
7908,fine-tuned,3
7909,fine-tuned,
7910,fine-tuned,"1,6"
7911,fine-tuned,
7912,fine-tuned,"3,6,6"
7913,fine-tuned,"1,2,2"
7914,fine-tuned,"4,6,4"
7915,fine-tuned,"1,6,3"
7916,fine-tuned,"3,2,1"
7917,fine-tuned,"4,3,1"
7918,fine-tuned,
7919,fine-tuned,"5,6,1"
7920,fine-tuned,
7921,fine-tuned,"6,3,2"
7922,fine-tuned,"3,1,3"
7923,fine-tuned,
7924,fine-tuned,"4,5,6"
7925,fine-tuned,"4,3"
7926,fine-tuned,"4,2,3"
7927,fine-tuned,
7928,fine-tuned,
7929,fine-tuned,"3,1,5"
7930,fine-tuned,"5,6,6"
7931,fine-tuned,
7932,fine-tuned,"6,3"
7933,fine-tuned,"5,3,6"
7934,fine-tuned,"4,2,2"
7935,fine-tuned,
7936,fine-tuned,"1,3,6"
7937,fine-tuned,
7938,fine-tuned,"6,6,4"
7939,fine-tuned,
7940,fine-tuned,"6,1,5"
7941,fine-tuned,"6,2,5"
7942,fine-tuned,
7943,fine-tuned,"2,3,4"
7944,fine-tuned,
7945,fine-tuned,"2,6,3"
7946,fine-tuned,"2,5,6"
7947,fine-tuned,"5,1,6"
7948,fine-tuned,"1,6"
7949,fine-tuned,
7950,fine-tuned,"5,5,2"
7951,fine-tuned,
7952,fine-tuned,"1,5,5"
7953,fine-tuned,
7954,fine-tuned,"2,4,2"
7955,fine-tuned,"6,5,3"
7956,fine-tuned,
7957,fine-tuned,"5,5,5"
7958,fine-tuned,
7959,fine-tuned,"3,4,2"
7960,fine-tuned,"3,4,5"
7961,fine-tuned,"3,2,4"
7962,fine-tuned,"1,2"
7963,fine-tuned,"1,1,4"
7964,fine-tuned,"2,2,5"
7965,fine-tuned,
7966,fine-tuned,"1,5,5"
7967,fine-tuned,"2,2"
7968,fine-tuned,"3,2,5"
7969,fine-tuned,"2,1,3"
7970,fine-tuned,"5,1,6"
7971,fine-tuned,"4,1,1"
7972,fine-tuned,"6,5,6"
7973,fine-tuned,"1,1"
7974,fine-tuned,"5,2,6"
7975,fine-tuned,"1,2,3"
7976,fine-tuned,"5,1,6"
7977,fine-tuned,"6,2,4"
7978,fine-tuned,"4,5,2"
7979,fine-tuned,"4,4,5"
7980,fine-tuned,
7981,fine-tuned,"3,1,6"
7982,fine-tuned,
7983,fine-tuned,"6,2,3"
7984,fine-tuned,
7985,fine-tuned,
7986,fine-tuned,1
7987,fine-tuned,
7988,fine-tuned,
7989,fine-tuned,"1,2,3"
7990,fine-tuned,1
7991,fine-tuned,
7992,fine-tuned,"2,3"
7993,fine-tuned,"5,2,2"
7994,fine-tuned,"3,3,1"
7995,fine-tuned,"2,2,5"
7996,fine-tuned,"3,2,3"
7997,fine-tuned,"5,6,2"
7998,fine-tuned,
7999,fine-tuned,"6,3,2"
8000,fine-tuned,3
8001,fine-tuned,"6,5,5"
8002,fine-tuned,"3,2,5"
8003,fine-tuned,"4,3,3"
8004,fine-tuned,"1,1,1"
8005,fine-tuned,
8006,fine-tuned,
8007,fine-tuned,"3,1,2"
8008,fine-tuned,
8009,fine-tuned,
8010,fine-tuned,"2,3,1"
8011,fine-tuned,"1,6,4"
8012,fine-tuned,"5,3,3"
8013,fine-tuned,"6,1,4"
8014,fine-tuned,"1,6,3"
8015,fine-tuned,
8016,fine-tuned,
8017,fine-tuned,5
8018,fine-tuned,"1,2,5"
8019,fine-tuned,"3,2,6"
8020,fine-tuned,"4,3,3"
8021,fine-tuned,"5,6,3"
8022,fine-tuned,1
8023,fine-tuned,1
8024,fine-tuned,"1,6"
8025,fine-tuned,
8026,fine-tuned,
8027,fine-tuned,"6,5,1"
8028,fine-tuned,"4,1,4"
8029,fine-tuned,"2,5,2"
8030,fine-tuned,
8031,fine-tuned,
8032,fine-tuned,"6,4,2"
8033,fine-tuned,3
8034,fine-tuned,"5,4,6"
8035,fine-tuned,"3,6,3"
8036,fine-tuned,
8037,fine-tuned,
8038,fine-tuned,
8039,fine-tuned,"2,1,2"
8040,fine-tuned,"1,4,2"
8041,fine-tuned,"2,2,1"
8042,fine-tuned,"1,4,1"
8043,fine-tuned,
8044,fine-tuned,"3,3,2"
8045,fine-tuned,"1,2,3"
8046,fine-tuned,"3,5,6"
8047,fine-tuned,4
8048,fine-tuned,
8049,fine-tuned,"3,6,3"
8050,fine-tuned,"2,5,5"
8051,fine-tuned,
8052,fine-tuned,"1,3,6"
8053,fine-tuned,"4,6,1"
8054,fine-tuned,
8055,fine-tuned,"4,6,1"
8056,fine-tuned,
8057,fine-tuned,"5,3,4"
8058,fine-tuned,"2,3,3"
8059,fine-tuned,
8060,fine-tuned,
8061,fine-tuned,"1,4,3"
8062,fine-tuned,
8063,fine-tuned,"4,2,4"
8064,fine-tuned,"4,5,3"
8065,fine-tuned,
8066,fine-tuned,
8067,fine-tuned,"2,6,2"
8068,fine-tuned,"3,2,5"
8069,fine-tuned,"2,2"
8070,fine-tuned,"3,6,3"
8071,fine-tuned,"3,2,6"
8072,fine-tuned,
8073,fine-tuned,3
8074,fine-tuned,
8075,fine-tuned,"2,3,5"
8076,fine-tuned,"4,2,5"
8077,fine-tuned,
8078,fine-tuned,
8079,fine-tuned,"4,2,1"
8080,fine-tuned,
8081,fine-tuned,"4,6,2"
8082,fine-tuned,"2,5,4"
8083,fine-tuned,"2,4,5"
8084,fine-tuned,3
8085,fine-tuned,
8086,fine-tuned,"5,5,5"
8087,fine-tuned,"2,1,2"
8088,fine-tuned,"6,5,5"
8089,fine-tuned,"3,1,2"
8090,fine-tuned,"1,5,4"
8091,fine-tuned,
8092,fine-tuned,"5,3,2"
8093,fine-tuned,
8094,fine-tuned,"1,3,6"
8095,fine-tuned,
8096,fine-tuned,
8097,fine-tuned,"2,6,4"
8098,fine-tuned,"2,1,1"
8099,fine-tuned,"4,2,2"
8100,fine-tuned,
8101,fine-tuned,1
8102,fine-tuned,"2,2,1"
8103,fine-tuned,"1,1,3"
8104,fine-tuned,"3,4,4"
8105,fine-tuned,"3,1"
8106,fine-tuned,"2,2,1"
8107,fine-tuned,
8108,fine-tuned,
8109,fine-tuned,"3,6,3"
8110,fine-tuned,
8111,fine-tuned,"3,5,6"
8112,fine-tuned,"1,3,5"
8113,fine-tuned,"5,6,5"
8114,fine-tuned,
8115,fine-tuned,"4,5,3"
8116,fine-tuned,5
8117,fine-tuned,1
8118,fine-tuned,
8119,fine-tuned,
8120,fine-tuned,
8121,fine-tuned,"4,6,3"
8122,fine-tuned,"2,1,1"
8123,fine-tuned,"3,6,5"
8124,fine-tuned,"5,2,4"
8125,fine-tuned,"4,1,3"
8126,fine-tuned,"1,2,4"
8127,fine-tuned,"4,6,5"
8128,fine-tuned,
8129,fine-tuned,"3,3"
8130,fine-tuned,"3,1,5"
8131,fine-tuned,
8132,fine-tuned,"1,1,5"
8133,fine-tuned,"5,1,3"
8134,fine-tuned,"3,3,1"
8135,fine-tuned,4
8136,fine-tuned,
8137,fine-tuned,"5,6,5"
8138,fine-tuned,
8139,fine-tuned,
8140,fine-tuned,"1,6,3"
8141,fine-tuned,"5,2,5"
8142,fine-tuned,"2,3,3"
8143,fine-tuned,"1,5,6"
8144,fine-tuned,"1,2,1"
8145,fine-tuned,"1,3,2"
8146,fine-tuned,
8147,fine-tuned,
8148,fine-tuned,
8149,fine-tuned,4
8150,fine-tuned,"6,4,2"
8151,fine-tuned,3
8152,fine-tuned,"5,6,3"
8153,fine-tuned,"4,6,3"
8154,fine-tuned,"4,5,5"
8155,fine-tuned,"3,1,6"
8156,fine-tuned,"2,6,5"
8157,fine-tuned,"3,2,2"
8158,fine-tuned,"1,4,1"
8159,fine-tuned,"2,1,2"
8160,fine-tuned,"6,3,6"
8161,fine-tuned,"1,1,2"
8162,fine-tuned,"4,3,1"
8163,fine-tuned,"6,2,5"
8164,fine-tuned,"1,6,4"
8165,fine-tuned,"1,2,3"
8166,fine-tuned,"6,4,2"
8167,fine-tuned,"4,5,2"
8168,fine-tuned,
8169,fine-tuned,"4,5,5"
8170,fine-tuned,"3,3,1"
8171,fine-tuned,"6,3,5"
8172,fine-tuned,"1,4,2"
8173,fine-tuned,"4,6,1"
8174,fine-tuned,
8175,fine-tuned,"2,2,4"
8176,fine-tuned,
8177,fine-tuned,
8178,fine-tuned,
8179,fine-tuned,3
8180,fine-tuned,"1,6"
8181,fine-tuned,"1,1,1"
8182,fine-tuned,
8183,fine-tuned,"1,2,3"
8184,fine-tuned,"6,3,6"
8185,fine-tuned,4
8186,fine-tuned,
8187,fine-tuned,"3,1,5"
8188,fine-tuned,"4,1,6"
8189,fine-tuned,"5,3,3"
8190,fine-tuned,
8191,fine-tuned,"3,4,4"
8192,fine-tuned,"1,5,5"
8193,fine-tuned,
8194,fine-tuned,"4,1,5"
8195,fine-tuned,"4,6,2"
8196,fine-tuned,3
8197,fine-tuned,"3,3,3"
8198,fine-tuned,"2,1,6"
8199,fine-tuned,
8200,fine-tuned,2
8201,fine-tuned,"3,1,6"
8202,fine-tuned,"1,5,2"
8203,fine-tuned,
8204,fine-tuned,"6,3,3"
8205,fine-tuned,"1,6,3"
8206,fine-tuned,"3,5,3"
8207,fine-tuned,"4,6,3"
8208,fine-tuned,"6,6,4"
8209,fine-tuned,"3,3,4"
8210,fine-tuned,"5,1,5"
8211,fine-tuned,
8212,fine-tuned,"1,3"
8213,fine-tuned,
8214,fine-tuned,"3,2,4"
8215,fine-tuned,
8216,fine-tuned,
8217,fine-tuned,"3,3,2"
8218,fine-tuned,5
8219,fine-tuned,
8220,fine-tuned,
8221,fine-tuned,"1,2,2"
8222,fine-tuned,"2,2,3"
8223,fine-tuned,"4,4,4"
8224,fine-tuned,1
8225,fine-tuned,
8226,fine-tuned,1
8227,fine-tuned,
8228,fine-tuned,"5,2,4"
8229,fine-tuned,"5,3,1"
8230,fine-tuned,"1,6,5"
8231,fine-tuned,
8232,fine-tuned,
8233,fine-tuned,
8234,fine-tuned,"2,3,2"
8235,fine-tuned,"4,6,1"
8236,fine-tuned,"3,6,1"
8237,fine-tuned,1
8238,fine-tuned,"4,3,2"
8239,fine-tuned,"2,1,5"
8240,fine-tuned,
8241,fine-tuned,
8242,fine-tuned,5
8243,fine-tuned,
8244,fine-tuned,"2,6,5"
8245,fine-tuned,"5,3,1"
8246,fine-tuned,
8247,fine-tuned,
8248,fine-tuned,3
8249,fine-tuned,"3,3,4"
8250,fine-tuned,"1,5,5"
8251,fine-tuned,"6,3,6"
8252,fine-tuned,
8253,fine-tuned,"3,4,2"
8254,fine-tuned,"2,3"
8255,fine-tuned,"3,1,6"
8256,fine-tuned,"1,3,3"
8257,fine-tuned,"6,4,3"
8258,fine-tuned,"1,2,5"
8259,fine-tuned,"6,4,4"
8260,fine-tuned,"4,5,1"
8261,fine-tuned,3
8262,fine-tuned,"1,4,5"
8263,fine-tuned,"6,6,6"
8264,fine-tuned,"3,6,1"
8265,fine-tuned,"1,3,2"
8266,fine-tuned,
8267,fine-tuned,"1,6,3"
8268,fine-tuned,"5,6,6"
8269,fine-tuned,"5,6,2"
8270,fine-tuned,"2,2,6"
8271,fine-tuned,"3,2,6"
8272,fine-tuned,2
8273,fine-tuned,"2,3,5"
8274,fine-tuned,"5,1,3"
8275,fine-tuned,"2,3,2"
8276,fine-tuned,"3,4,3"
8277,fine-tuned,"3,2,3"
8278,fine-tuned,"5,3,5"
8279,fine-tuned,
8280,fine-tuned,1
8281,fine-tuned,
8282,fine-tuned,"3,1,1"
8283,fine-tuned,
8284,fine-tuned,"4,1,1"
8285,fine-tuned,"3,5,3"
8286,fine-tuned,"4,2,5"
8287,fine-tuned,
8288,fine-tuned,
8289,fine-tuned,"4,2,1"
8290,fine-tuned,"3,3,4"
8291,fine-tuned,
8292,fine-tuned,"4,3,1"
8293,fine-tuned,
8294,fine-tuned,"1,2,4"
8295,fine-tuned,"5,3,5"
8296,fine-tuned,"4,2,1"
8297,fine-tuned,"3,2,5"
8298,fine-tuned,
8299,fine-tuned,"3,4,5"
8300,fine-tuned,
8301,fine-tuned,"1,3,3"
8302,fine-tuned,"1,6,1"
8303,fine-tuned,"3,1"
8304,fine-tuned,"2,3,1"
8305,fine-tuned,"4,2,4"
8306,fine-tuned,
8307,fine-tuned,
8308,fine-tuned,"3,6,1"
8309,fine-tuned,"2,4,5"
8310,fine-tuned,
8311,fine-tuned,
8312,fine-tuned,"5,1,6"
8313,fine-tuned,"5,3,4"
8314,fine-tuned,"3,1"
8315,fine-tuned,"6,6,6"
8316,fine-tuned,3
8317,fine-tuned,"4,1,6"
8318,fine-tuned,"1,5"
8319,fine-tuned,"3,1,6"
8320,fine-tuned,
8321,fine-tuned,"3,5,5"
8322,fine-tuned,"5,6,5"
8323,fine-tuned,4
8324,fine-tuned,"2,6,1"
8325,fine-tuned,"4,3,3"
8326,fine-tuned,"3,4,4"
8327,fine-tuned,"3,1,4"
8328,fine-tuned,3
8329,fine-tuned,"2,3,3"
8330,fine-tuned,
8331,fine-tuned,2
8332,fine-tuned,"4,1"
8333,fine-tuned,"1,3"
8334,fine-tuned,6
8335,fine-tuned,
8336,fine-tuned,"4,2"
8337,fine-tuned,"1,3,2"
8338,fine-tuned,
8339,fine-tuned,
8340,fine-tuned,
8341,fine-tuned,"5,1,4"
8342,fine-tuned,"6,3,4"
8343,fine-tuned,"1,5,5"
8344,fine-tuned,
8345,fine-tuned,
8346,fine-tuned,"4,3,6"
8347,fine-tuned,"3,4,5"
8348,fine-tuned,"2,3,5"
8349,fine-tuned,"6,6,6"
8350,fine-tuned,"3,6,3"
8351,fine-tuned,"3,2,3"
8352,fine-tuned,"2,4,3"
8353,fine-tuned,
8354,fine-tuned,
8355,fine-tuned,
8356,fine-tuned,"2,1,5"
8357,fine-tuned,"2,4,5"
8358,fine-tuned,"4,2,2"
8359,fine-tuned,"2,3,2"
8360,fine-tuned,1
8361,fine-tuned,"3,1"
8362,fine-tuned,"3,3,3"
8363,fine-tuned,
8364,fine-tuned,
8365,fine-tuned,"1,4,2"
8366,fine-tuned,"4,6,5"
8367,fine-tuned,
8368,fine-tuned,"1,1,5"
8369,fine-tuned,"6,4,4"
8370,fine-tuned,"3,2,4"
8371,fine-tuned,"1,2,3"
8372,fine-tuned,"6,3"
8373,fine-tuned,"2,6,1"
8374,fine-tuned,"2,1,1"
8375,fine-tuned,"1,1,6"
8376,fine-tuned,
8377,fine-tuned,"5,2,3"
8378,fine-tuned,"1,1,6"
8379,fine-tuned,"4,2,5"
8380,fine-tuned,"3,6,4"
8381,fine-tuned,"3,4,3"
8382,fine-tuned,"4,3"
8383,fine-tuned,"1,2,6"
8384,fine-tuned,"3,6,1"
8385,fine-tuned,"1,2,3"
8386,fine-tuned,"6,2,2"
8387,fine-tuned,
8388,fine-tuned,"5,6,1"
8389,fine-tuned,1
8390,fine-tuned,"6,1,1"
8391,fine-tuned,"1,3,1"
8392,fine-tuned,
8393,fine-tuned,"1,3,4"
8394,fine-tuned,
8395,fine-tuned,"1,6,5"
8396,fine-tuned,"5,2,3"
8397,fine-tuned,"3,5,4"
8398,fine-tuned,"1,3,1"
8399,fine-tuned,
8400,fine-tuned,"4,3"
8401,fine-tuned,"5,4,1"
8402,fine-tuned,"2,1,3"
8403,fine-tuned,"2,5"
8404,fine-tuned,"3,4,5"
8405,fine-tuned,"3,1"
8406,fine-tuned,"2,2"
8407,fine-tuned,"5,2,4"
8408,fine-tuned,"4,1,6"
8409,fine-tuned,
8410,fine-tuned,"2,2,4"
8411,fine-tuned,"5,1,5"
8412,fine-tuned,
8413,fine-tuned,"3,3"
8414,fine-tuned,"2,3,5"
8415,fine-tuned,
8416,fine-tuned,5
8417,fine-tuned,"3,5,2"
8418,fine-tuned,"2,1,3"
8419,fine-tuned,
8420,fine-tuned,"2,4,3"
8421,fine-tuned,
8422,fine-tuned,
8423,fine-tuned,"6,1,6"
8424,fine-tuned,
8425,fine-tuned,3
8426,fine-tuned,"5,3,2"
8427,fine-tuned,5
8428,fine-tuned,"4,2,6"
8429,fine-tuned,
8430,fine-tuned,
8431,fine-tuned,
8432,fine-tuned,"1,1,6"
8433,fine-tuned,"5,2,1"
8434,fine-tuned,"1,2"
8435,fine-tuned,"5,3,4"
8436,fine-tuned,
8437,fine-tuned,
8438,fine-tuned,
8439,fine-tuned,"5,6,1"
8440,fine-tuned,"2,3,1"
8441,fine-tuned,"5,4,5"
8442,fine-tuned,"1,2,3"
8443,fine-tuned,"6,4,4"
8444,fine-tuned,"1,2,3"
8445,fine-tuned,"2,4,5"
8446,fine-tuned,"3,1,6"
8447,fine-tuned,"2,6,6"
8448,fine-tuned,"5,4,3"
8449,fine-tuned,"4,2,1"
8450,fine-tuned,"4,4,3"
8451,fine-tuned,
8452,fine-tuned,"5,5,6"
8453,fine-tuned,
8454,fine-tuned,
8455,fine-tuned,"3,3,3"
8456,fine-tuned,"6,5,6"
8457,fine-tuned,"3,6,5"
8458,fine-tuned,"3,3"
8459,fine-tuned,"2,2,4"
8460,fine-tuned,"3,4,3"
8461,fine-tuned,"4,3"
8462,fine-tuned,"5,3,1"
8463,fine-tuned,
8464,fine-tuned,"1,5,4"
8465,fine-tuned,"1,4,6"
8466,fine-tuned,
8467,fine-tuned,"1,5"
8468,fine-tuned,"2,6,5"
8469,fine-tuned,"4,1,6"
8470,fine-tuned,"3,4,5"
8471,fine-tuned,"5,2,2"
8472,fine-tuned,"2,4,5"
8473,fine-tuned,"1,6"
8474,fine-tuned,
8475,fine-tuned,"4,3,6"
8476,fine-tuned,
8477,fine-tuned,4
8478,fine-tuned,"3,5"
8479,fine-tuned,3
8480,fine-tuned,
8481,fine-tuned,
8482,fine-tuned,
8483,fine-tuned,
8484,fine-tuned,"5,3,4"
8485,fine-tuned,"4,2,6"
8486,fine-tuned,
8487,fine-tuned,"5,2,1"
8488,fine-tuned,"6,3"
8489,fine-tuned,"3,3,3"
8490,fine-tuned,"1,4,5"
8491,fine-tuned,"6,1,5"
8492,fine-tuned,
8493,fine-tuned,"2,4"
8494,fine-tuned,"3,1,2"
8495,fine-tuned,"3,4,4"
8496,fine-tuned,"5,3,5"
8497,fine-tuned,
8498,fine-tuned,"3,3,4"
8499,fine-tuned,"2,3,2"
8500,fine-tuned,"3,5,4"
8501,fine-tuned,
8502,fine-tuned,"1,2,5"
8503,fine-tuned,"4,4,3"
8504,fine-tuned,5
8505,fine-tuned,"5,1,1"
8506,fine-tuned,
8507,fine-tuned,"4,5,3"
8508,fine-tuned,"3,3,3"
8509,fine-tuned,"5,1,5"
8510,fine-tuned,
8511,fine-tuned,
8512,fine-tuned,"1,2,3"
8513,fine-tuned,"1,3,2"
8514,fine-tuned,
8515,fine-tuned,"3,1,4"
8516,fine-tuned,"5,1,4"
8517,fine-tuned,
8518,fine-tuned,"2,4,5"
8519,fine-tuned,"1,2,3"
8520,fine-tuned,
8521,fine-tuned,"6,4,1"
8522,fine-tuned,
8523,fine-tuned,"1,5,1"
8524,fine-tuned,"2,3,2"
8525,fine-tuned,
8526,fine-tuned,
8527,fine-tuned,"1,6,2"
8528,fine-tuned,"5,3,4"
8529,fine-tuned,"3,4,3"
8530,fine-tuned,"6,3,6"
8531,fine-tuned,"1,3,5"
8532,fine-tuned,"3,3,4"
8533,fine-tuned,"4,5,3"
8534,fine-tuned,"4,2,6"
8535,fine-tuned,
8536,fine-tuned,"2,2,4"
8537,fine-tuned,"5,5,6"
8538,fine-tuned,
8539,fine-tuned,
8540,fine-tuned,"4,6"
8541,fine-tuned,
8542,fine-tuned,"5,4,5"
8543,fine-tuned,"6,3,1"
8544,fine-tuned,"1,6,1"
8545,fine-tuned,"2,1"
8546,fine-tuned,"3,5,4"
8547,fine-tuned,
8548,fine-tuned,"2,5,1"
8549,fine-tuned,"1,6,4"
8550,fine-tuned,
8551,fine-tuned,
8552,fine-tuned,"3,2,6"
8553,fine-tuned,
8554,fine-tuned,
8555,fine-tuned,
8556,fine-tuned,"3,1,1"
8557,fine-tuned,"3,1,5"
8558,fine-tuned,"3,1,6"
8559,fine-tuned,"1,3,1"
8560,fine-tuned,"5,1,1"
8561,fine-tuned,
8562,fine-tuned,3
8563,fine-tuned,
8564,fine-tuned,"3,2,4"
8565,fine-tuned,"6,4,4"
8566,fine-tuned,"1,2,3"
8567,fine-tuned,"4,2,3"
8568,fine-tuned,
8569,fine-tuned,"1,6,1"
8570,fine-tuned,"4,4,2"
8571,fine-tuned,"1,2,2"
8572,fine-tuned,"5,6,3"
8573,fine-tuned,"3,4,4"
8574,fine-tuned,"5,6,6"
8575,fine-tuned,
8576,fine-tuned,"5,6,3"
8577,fine-tuned,"6,5,2"
8578,fine-tuned,"1,2,3"
8579,fine-tuned,
8580,fine-tuned,"6,4,6"
8581,fine-tuned,"1,1"
8582,fine-tuned,
8583,fine-tuned,"6,4,1"
8584,fine-tuned,"6,6,4"
8585,fine-tuned,"1,2,3"
8586,fine-tuned,"2,6,5"
8587,fine-tuned,"3,1,5"
8588,fine-tuned,"3,1,6"
8589,fine-tuned,"4,5,3"
8590,fine-tuned,"3,4"
8591,fine-tuned,
8592,fine-tuned,
8593,fine-tuned,
8594,fine-tuned,"3,6,5"
8595,fine-tuned,"1,3,3"
8596,fine-tuned,"3,3,4"
8597,fine-tuned,"2,3,6"
8598,fine-tuned,
8599,fine-tuned,"2,1,4"
8600,fine-tuned,"5,1,1"
8601,fine-tuned,"2,2"
8602,fine-tuned,"1,1"
8603,fine-tuned,"4,2,3"
8604,fine-tuned,
8605,fine-tuned,
8606,fine-tuned,"2,5,5"
8607,fine-tuned,
8608,fine-tuned,"2,2,2"
8609,fine-tuned,"1,1,4"
8610,fine-tuned,"4,2"
8611,fine-tuned,"6,5,2"
8612,fine-tuned,"2,1,5"
8613,fine-tuned,
8614,fine-tuned,
8615,fine-tuned,"1,3,6"
8616,fine-tuned,
8617,fine-tuned,"2,6,3"
8618,fine-tuned,
8619,fine-tuned,"5,3,4"
8620,fine-tuned,"1,2,1"
8621,fine-tuned,"1,2,3"
8622,fine-tuned,"5,6,6"
8623,fine-tuned,
8624,fine-tuned,
8625,fine-tuned,"1,1,4"
8626,fine-tuned,"2,4,1"
8627,fine-tuned,
8628,fine-tuned,"1,2,3"
8629,fine-tuned,"1,6"
8630,fine-tuned,"1,2,1"
8631,fine-tuned,"1,3,6"
8632,fine-tuned,"2,4,2"
8633,fine-tuned,"3,5,6"
8634,fine-tuned,"2,5,2"
8635,fine-tuned,"1,1,6"
8636,fine-tuned,"1,5,6"
8637,fine-tuned,
8638,fine-tuned,"1,6"
8639,fine-tuned,"6,4,2"
8640,fine-tuned,"2,4,6"
8641,fine-tuned,4
8642,fine-tuned,"6,1,2"
8643,fine-tuned,"5,1,3"
8644,fine-tuned,"2,1,3"
8645,fine-tuned,"1,4,5"
8646,fine-tuned,"2,2,1"
8647,fine-tuned,3
8648,fine-tuned,"1,1,4"
8649,fine-tuned,
8650,fine-tuned,"2,4,4"
8651,fine-tuned,
8652,fine-tuned,"1,6"
8653,fine-tuned,"6,4,4"
8654,fine-tuned,
8655,fine-tuned,"2,5"
8656,fine-tuned,"1,6,1"
8657,fine-tuned,1
8658,fine-tuned,
8659,fine-tuned,"6,1,6"
8660,fine-tuned,"4,4,6"
8661,fine-tuned,2
8662,fine-tuned,"6,6,3"
8663,fine-tuned,"2,6,5"
8664,fine-tuned,"3,6,3"
8665,fine-tuned,"3,1,4"
8666,fine-tuned,"3,4,5"
8667,fine-tuned,"3,5,3"
8668,fine-tuned,
8669,fine-tuned,"1,2,6"
8670,fine-tuned,"4,1,2"
8671,fine-tuned,
8672,fine-tuned,
8673,fine-tuned,"6,3,2"
8674,fine-tuned,
8675,fine-tuned,"1,2,3"
8676,fine-tuned,"3,2,1"
8677,fine-tuned,"4,5,5"
8678,fine-tuned,"6,3,3"
8679,fine-tuned,"4,2,4"
8680,fine-tuned,"6,1,2"
8681,fine-tuned,"1,4"
8682,fine-tuned,"5,6,4"
8683,fine-tuned,
8684,fine-tuned,"3,2,6"
8685,fine-tuned,
8686,fine-tuned,
8687,fine-tuned,"5,3,3"
8688,fine-tuned,
8689,fine-tuned,
8690,fine-tuned,"3,2,6"
8691,fine-tuned,
8692,fine-tuned,"5,6,6"
8693,fine-tuned,"3,4"
8694,fine-tuned,
8695,fine-tuned,"3,4,6"
8696,fine-tuned,6
8697,fine-tuned,
8698,fine-tuned,"1,3,2"
8699,fine-tuned,
8700,fine-tuned,"1,4,6"
8701,fine-tuned,1
8702,fine-tuned,
8703,fine-tuned,"3,5,3"
8704,fine-tuned,
8705,fine-tuned,"6,2,4"
8706,fine-tuned,"2,6,3"
8707,fine-tuned,
8708,fine-tuned,
8709,fine-tuned,"4,3,6"
8710,fine-tuned,"3,4,2"
8711,fine-tuned,"2,2,1"
8712,fine-tuned,"5,1,1"
8713,fine-tuned,"6,1,6"
8714,fine-tuned,
8715,fine-tuned,"1,4,4"
8716,fine-tuned,"1,2,2"
8717,fine-tuned,
8718,fine-tuned,"2,3"
8719,fine-tuned,3
8720,fine-tuned,"6,4,3"
8721,fine-tuned,"4,3,6"
8722,fine-tuned,"4,4,6"
8723,fine-tuned,
8724,fine-tuned,
8725,fine-tuned,"1,2,3"
8726,fine-tuned,5
8727,fine-tuned,1
8728,fine-tuned,"5,4,1"
8729,fine-tuned,
8730,fine-tuned,"5,1,1"
8731,fine-tuned,
8732,fine-tuned,
8733,fine-tuned,"3,5,5"
8734,fine-tuned,6
8735,fine-tuned,"1,2,3"
8736,fine-tuned,"2,6,6"
8737,fine-tuned,"4,2,1"
8738,fine-tuned,
8739,fine-tuned,"1,6,3"
8740,fine-tuned,"2,4,3"
8741,fine-tuned,"3,6,3"
8742,fine-tuned,
8743,fine-tuned,"1,2,2"
8744,fine-tuned,"1,5,4"
8745,fine-tuned,"4,3,3"
8746,fine-tuned,"3,1,6"
8747,fine-tuned,
8748,fine-tuned,
8749,fine-tuned,
8750,fine-tuned,"4,3"
8751,fine-tuned,"3,3,2"
8752,fine-tuned,"1,5,4"
8753,fine-tuned,"1,5,5"
8754,fine-tuned,"3,2,1"
8755,fine-tuned,
8756,fine-tuned,"6,5,4"
8757,fine-tuned,"3,4,6"
8758,fine-tuned,"4,2,2"
8759,fine-tuned,"6,4,1"
8760,fine-tuned,"2,4,4"
8761,fine-tuned,"5,4,6"
8762,fine-tuned,"2,1,4"
8763,fine-tuned,
8764,fine-tuned,"1,5,4"
8765,fine-tuned,"6,6"
8766,fine-tuned,"1,5,2"
8767,fine-tuned,
8768,fine-tuned,"2,3,6"
8769,fine-tuned,
8770,fine-tuned,"1,3,5"
8771,fine-tuned,
8772,fine-tuned,"3,1,2"
8773,fine-tuned,"3,4,2"
8774,fine-tuned,"2,4,4"
8775,fine-tuned,3
8776,fine-tuned,"6,5,6"
8777,fine-tuned,"3,2,4"
8778,fine-tuned,"1,2,4"
8779,fine-tuned,"6,3,5"
8780,fine-tuned,"2,2,6"
8781,fine-tuned,"3,1,1"
8782,fine-tuned,
8783,fine-tuned,
8784,fine-tuned,
8785,fine-tuned,"5,2,4"
8786,fine-tuned,"2,4"
8787,fine-tuned,"6,1,4"
8788,fine-tuned,"6,4,1"
8789,fine-tuned,
8790,fine-tuned,
8791,fine-tuned,"1,4,2"
8792,fine-tuned,"5,4,1"
8793,fine-tuned,"3,3,2"
8794,fine-tuned,
8795,fine-tuned,
8796,fine-tuned,
8797,fine-tuned,"3,4,6"
8798,fine-tuned,"2,5,6"
8799,fine-tuned,2
8800,fine-tuned,
8801,fine-tuned,
8802,fine-tuned,"3,4,3"
8803,fine-tuned,"6,1,3"
8804,fine-tuned,"5,5,3"
8805,fine-tuned,"1,6,3"
8806,fine-tuned,"3,1"
8807,fine-tuned,"5,6,1"
8808,fine-tuned,"3,3,6"
8809,fine-tuned,
8810,fine-tuned,"1,4,5"
8811,fine-tuned,"1,5,4"
8812,fine-tuned,"3,6,1"
8813,fine-tuned,
8814,fine-tuned,
8815,fine-tuned,
8816,fine-tuned,"6,6,3"
8817,fine-tuned,"2,2,2"
8818,fine-tuned,"5,6,4"
8819,fine-tuned,
8820,fine-tuned,
8821,fine-tuned,"5,3,3"
8822,fine-tuned,
8823,fine-tuned,
8824,fine-tuned,"5,4,3"
8825,fine-tuned,1
8826,fine-tuned,
8827,fine-tuned,"2,4,5"
8828,fine-tuned,"6,4,6"
8829,fine-tuned,
8830,fine-tuned,"1,3,5"
8831,fine-tuned,
8832,fine-tuned,"1,4,2"
8833,fine-tuned,"2,3"
8834,fine-tuned,"3,1,5"
8835,fine-tuned,"4,5,1"
8836,fine-tuned,"3,1"
8837,fine-tuned,
8838,fine-tuned,
8839,fine-tuned,
8840,fine-tuned,
8841,fine-tuned,4
8842,fine-tuned,"3,1,6"
8843,fine-tuned,"6,2"
8844,fine-tuned,"2,6,4"
8845,fine-tuned,"5,3"
8846,fine-tuned,"4,4,2"
8847,fine-tuned,"2,1,5"
8848,fine-tuned,
8849,fine-tuned,"2,4,1"
8850,fine-tuned,"3,1,5"
8851,fine-tuned,"1,6,6"
8852,fine-tuned,"2,5,2"
8853,fine-tuned,"1,6,6"
8854,fine-tuned,"2,5"
8855,fine-tuned,"2,4,6"
8856,fine-tuned,"6,3,2"
8857,fine-tuned,"1,6,3"
8858,fine-tuned,1
8859,fine-tuned,"6,3,3"
8860,fine-tuned,
8861,fine-tuned,"1,6,6"
8862,fine-tuned,
8863,fine-tuned,"3,2"
8864,fine-tuned,"4,6,2"
8865,fine-tuned,
8866,fine-tuned,
8867,fine-tuned,"1,6,3"
8868,fine-tuned,
8869,fine-tuned,"5,3,1"
8870,fine-tuned,"1,4,2"
8871,fine-tuned,"1,6"
8872,fine-tuned,"3,1,1"
8873,fine-tuned,"5,3"
8874,fine-tuned,"5,1,6"
8875,fine-tuned,"2,2,6"
8876,fine-tuned,
8877,fine-tuned,"1,1"
8878,fine-tuned,
8879,fine-tuned,
8880,fine-tuned,"6,2,5"
8881,fine-tuned,
8882,fine-tuned,"3,3,6"
8883,fine-tuned,
8884,fine-tuned,"5,1,4"
8885,fine-tuned,"5,5"
8886,fine-tuned,"5,2,6"
8887,fine-tuned,"4,3,2"
8888,fine-tuned,"2,1,3"
8889,fine-tuned,
8890,fine-tuned,"1,2,3"
8891,fine-tuned,
8892,fine-tuned,"4,3,6"
8893,fine-tuned,"4,2,6"
8894,fine-tuned,"2,2,1"
8895,fine-tuned,
8896,fine-tuned,
8897,fine-tuned,"3,5,3"
8898,fine-tuned,"3,6,2"
8899,fine-tuned,"6,3,5"
8900,fine-tuned,
8901,fine-tuned,"6,3,5"
8902,fine-tuned,"6,1,2"
8903,fine-tuned,"2,4,1"
8904,fine-tuned,"1,5,2"
8905,fine-tuned,"3,1,6"
8906,fine-tuned,"5,1,5"
8907,fine-tuned,3
8908,fine-tuned,"2,6,3"
8909,fine-tuned,"3,1,6"
8910,fine-tuned,"1,1,6"
8911,fine-tuned,"3,4,5"
8912,fine-tuned,"1,2,1"
8913,fine-tuned,"6,6,5"
8914,fine-tuned,"4,1,5"
8915,fine-tuned,
8916,fine-tuned,"1,4,2"
8917,fine-tuned,
8918,fine-tuned,"6,2,5"
8919,fine-tuned,"1,6,2"
8920,fine-tuned,
8921,fine-tuned,1
8922,fine-tuned,"6,2,3"
8923,fine-tuned,"5,4,6"
8924,fine-tuned,
8925,fine-tuned,"6,2,1"
8926,fine-tuned,
8927,fine-tuned,"4,3,2"
8928,fine-tuned,
8929,fine-tuned,
8930,fine-tuned,
8931,fine-tuned,"3,5"
8932,fine-tuned,
8933,fine-tuned,
8934,fine-tuned,"1,6,3"
8935,fine-tuned,
8936,fine-tuned,"4,2,3"
8937,fine-tuned,3
8938,fine-tuned,"3,1,1"
8939,fine-tuned,
8940,fine-tuned,
8941,fine-tuned,3
8942,fine-tuned,"6,4"
8943,fine-tuned,"5,3,4"
8944,fine-tuned,"3,3"
8945,fine-tuned,"3,6,4"
8946,fine-tuned,"3,5,5"
8947,fine-tuned,
8948,fine-tuned,"3,1,5"
8949,fine-tuned,"3,2,6"
8950,fine-tuned,"4,3,5"
8951,fine-tuned,"6,2,6"
8952,fine-tuned,"2,1,3"
8953,fine-tuned,"2,5,6"
8954,fine-tuned,"1,5,5"
8955,fine-tuned,"1,3,5"
8956,fine-tuned,"5,3,4"
8957,fine-tuned,
8958,fine-tuned,
8959,fine-tuned,"2,6,3"
8960,fine-tuned,"1,3,5"
8961,fine-tuned,"5,2,1"
8962,fine-tuned,
8963,fine-tuned,"2,1,3"
8964,fine-tuned,"3,6,1"
8965,fine-tuned,
8966,fine-tuned,
8967,fine-tuned,2
8968,fine-tuned,
8969,fine-tuned,"4,6,2"
8970,fine-tuned,"6,3,4"
8971,fine-tuned,"3,4,4"
8972,fine-tuned,
8973,fine-tuned,"2,1,5"
8974,fine-tuned,"1,3,2"
8975,fine-tuned,"2,1,6"
8976,fine-tuned,"1,2,2"
8977,fine-tuned,"3,2,2"
8978,fine-tuned,1
8979,fine-tuned,"1,6,6"
8980,fine-tuned,"3,3,2"
8981,fine-tuned,
8982,fine-tuned,
8983,fine-tuned,"5,4,3"
8984,fine-tuned,"3,1,6"
8985,fine-tuned,
8986,fine-tuned,
8987,fine-tuned,
8988,fine-tuned,
8989,fine-tuned,
8990,fine-tuned,"4,1,5"
8991,fine-tuned,"3,1,6"
8992,fine-tuned,"5,1,5"
8993,fine-tuned,
8994,fine-tuned,"3,5,3"
8995,fine-tuned,
8996,fine-tuned,
8997,fine-tuned,"4,4,4"
8998,fine-tuned,"2,3,6"
8999,fine-tuned,"3,4,6"
9000,fine-tuned,"1,2"
9001,fine-tuned,
9002,fine-tuned,"3,1,6"
9003,fine-tuned,"5,6,6"
9004,fine-tuned,
9005,fine-tuned,
9006,fine-tuned,"6,5,6"
9007,fine-tuned,"1,4,6"
9008,fine-tuned,
9009,fine-tuned,
9010,fine-tuned,"3,5,6"
9011,fine-tuned,"6,6,6"
9012,fine-tuned,
9013,fine-tuned,"1,2,3"
9014,fine-tuned,
9015,fine-tuned,"2,5,2"
9016,fine-tuned,"4,2,3"
9017,fine-tuned,"4,3,3"
9018,fine-tuned,
9019,fine-tuned,"1,6"
9020,fine-tuned,"4,6,2"
9021,fine-tuned,
9022,fine-tuned,"3,2,6"
9023,fine-tuned,"1,4,5"
9024,fine-tuned,"4,1,4"
9025,fine-tuned,
9026,fine-tuned,"4,4,4"
9027,fine-tuned,1
9028,fine-tuned,
9029,fine-tuned,
9030,fine-tuned,
9031,fine-tuned,"3,5,4"
9032,fine-tuned,"5,6,2"
9033,fine-tuned,3
9034,fine-tuned,"3,2,1"
9035,fine-tuned,"5,5,5"
9036,fine-tuned,"6,3,5"
9037,fine-tuned,"6,3,4"
9038,fine-tuned,"6,5,4"
9039,fine-tuned,"5,5,2"
9040,fine-tuned,"6,5,6"
9041,fine-tuned,
9042,fine-tuned,
9043,fine-tuned,"1,4,4"
9044,fine-tuned,
9045,fine-tuned,"5,4,6"
9046,fine-tuned,"1,6"
9047,fine-tuned,"5,4"
9048,fine-tuned,
9049,fine-tuned,"1,4,6"
9050,fine-tuned,"4,6,4"
9051,fine-tuned,"2,2,3"
9052,fine-tuned,"4,5,2"
9053,fine-tuned,"4,6,2"
9054,fine-tuned,
9055,fine-tuned,
9056,fine-tuned,"1,6,1"
9057,fine-tuned,"5,6,4"
9058,fine-tuned,3
9059,fine-tuned,"3,5,1"
9060,fine-tuned,
9061,fine-tuned,
9062,fine-tuned,"3,4,5"
9063,fine-tuned,
9064,fine-tuned,"5,6,1"
9065,fine-tuned,"2,1,3"
9066,fine-tuned,"3,1,2"
9067,fine-tuned,"2,1,1"
9068,fine-tuned,"6,1,6"
9069,fine-tuned,3
9070,fine-tuned,
9071,fine-tuned,"3,3,4"
9072,fine-tuned,"1,3,5"
9073,fine-tuned,"3,5,6"
9074,fine-tuned,"4,6,5"
9075,fine-tuned,"4,5,6"
9076,fine-tuned,
9077,fine-tuned,"3,2,3"
9078,fine-tuned,"2,3,4"
9079,fine-tuned,
9080,fine-tuned,"3,5,2"
9081,fine-tuned,
9082,fine-tuned,
9083,fine-tuned,"3,6,2"
9084,fine-tuned,"4,3,4"
9085,fine-tuned,"1,4,1"
9086,fine-tuned,"5,4,4"
9087,fine-tuned,
9088,fine-tuned,"4,6,5"
9089,fine-tuned,
9090,fine-tuned,"3,1,3"
9091,fine-tuned,5
9092,fine-tuned,"5,5,1"
9093,fine-tuned,
9094,fine-tuned,"1,3,5"
9095,fine-tuned,
9096,fine-tuned,"3,5,6"
9097,fine-tuned,1
9098,fine-tuned,"1,6,5"
9099,fine-tuned,"3,6,1"
9100,fine-tuned,"2,4,5"
9101,fine-tuned,"6,1,2"
9102,fine-tuned,
9103,fine-tuned,"1,4,4"
9104,fine-tuned,"2,2,6"
9105,fine-tuned,
9106,fine-tuned,"6,2,1"
9107,fine-tuned,
9108,fine-tuned,"5,6,2"
9109,fine-tuned,"6,1,4"
9110,fine-tuned,"4,1,3"
9111,fine-tuned,"5,2,3"
9112,fine-tuned,"2,3,2"
9113,fine-tuned,
9114,fine-tuned,"1,5,4"
9115,fine-tuned,"3,1,5"
9116,fine-tuned,"6,2,3"
9117,fine-tuned,3
9118,fine-tuned,
9119,fine-tuned,
9120,fine-tuned,
9121,fine-tuned,"6,5,5"
9122,fine-tuned,"5,4,6"
9123,fine-tuned,"2,2,4"
9124,fine-tuned,
9125,fine-tuned,"4,5,4"
9126,fine-tuned,
9127,fine-tuned,"1,2,4"
9128,fine-tuned,3
9129,fine-tuned,
9130,fine-tuned,"6,1,5"
9131,fine-tuned,"2,2,5"
9132,fine-tuned,"2,5,5"
9133,fine-tuned,"4,5"
9134,fine-tuned,
9135,fine-tuned,"2,5,6"
9136,fine-tuned,"3,6"
9137,fine-tuned,
9138,fine-tuned,"1,2,4"
9139,fine-tuned,"4,4,1"
9140,fine-tuned,"2,3,4"
9141,fine-tuned,"1,2,4"
9142,fine-tuned,
9143,fine-tuned,"1,2,3"
9144,fine-tuned,3
9145,fine-tuned,
9146,fine-tuned,"1,6"
9147,fine-tuned,
9148,fine-tuned,"4,4,3"
9149,fine-tuned,"3,6,6"
9150,fine-tuned,"1,6,6"
9151,fine-tuned,
9152,fine-tuned,"1,2,1"
9153,fine-tuned,"5,5,2"
9154,fine-tuned,"3,2"
9155,fine-tuned,"2,4,1"
9156,fine-tuned,
9157,fine-tuned,"4,6,2"
9158,fine-tuned,"3,6"
9159,fine-tuned,1
9160,fine-tuned,"5,3,4"
9161,fine-tuned,
9162,fine-tuned,"5,2,3"
9163,fine-tuned,3
9164,fine-tuned,"4,1,6"
9165,fine-tuned,
9166,fine-tuned,"6,1,4"
9167,fine-tuned,"2,2,6"
9168,fine-tuned,
9169,fine-tuned,"4,6,4"
9170,fine-tuned,5
9171,fine-tuned,
9172,fine-tuned,"6,4,5"
9173,fine-tuned,2
9174,fine-tuned,"3,4,5"
9175,fine-tuned,"1,2,2"
9176,fine-tuned,
9177,fine-tuned,"3,1,6"
9178,fine-tuned,"3,3,2"
9179,fine-tuned,"5,3,3"
9180,fine-tuned,"2,6,5"
9181,fine-tuned,"2,6,5"
9182,fine-tuned,
9183,fine-tuned,
9184,fine-tuned,"5,1,4"
9185,fine-tuned,"3,3,5"
9186,fine-tuned,
9187,fine-tuned,
9188,fine-tuned,"3,6,5"
9189,fine-tuned,"1,4,1"
9190,fine-tuned,
9191,fine-tuned,"2,5,2"
9192,fine-tuned,"1,2"
9193,fine-tuned,"6,4,2"
9194,fine-tuned,"6,1"
9195,fine-tuned,
9196,fine-tuned,
9197,fine-tuned,
9198,fine-tuned,
9199,fine-tuned,"3,4,1"
9200,fine-tuned,
9201,fine-tuned,
9202,fine-tuned,"2,2,2"
9203,fine-tuned,"3,3,2"
9204,fine-tuned,"2,1,4"
9205,fine-tuned,"3,5,2"
9206,fine-tuned,"1,3,2"
9207,fine-tuned,
9208,fine-tuned,"3,1"
9209,fine-tuned,
9210,fine-tuned,"2,6,4"
9211,fine-tuned,"1,2,3"
9212,fine-tuned,"2,4,4"
9213,fine-tuned,"5,5,3"
9214,fine-tuned,"1,2,5"
9215,fine-tuned,"3,1"
9216,fine-tuned,
9217,fine-tuned,"1,1,4"
9218,fine-tuned,
9219,fine-tuned,"1,2,6"
9220,fine-tuned,
9221,fine-tuned,
9222,fine-tuned,"3,3"
9223,fine-tuned,"4,2,1"
9224,fine-tuned,
9225,fine-tuned,"2,4,5"
9226,fine-tuned,
9227,fine-tuned,"2,5,6"
9228,fine-tuned,"5,2,2"
9229,fine-tuned,"2,4,1"
9230,fine-tuned,"5,2,6"
9231,fine-tuned,1
9232,fine-tuned,"2,2,5"
9233,fine-tuned,"3,6"
9234,fine-tuned,
9235,fine-tuned,"4,5,6"
9236,fine-tuned,"5,4,6"
9237,fine-tuned,
9238,fine-tuned,"5,5,4"
9239,fine-tuned,"5,6,6"
9240,fine-tuned,"6,5,5"
9241,fine-tuned,"2,6,3"
9242,fine-tuned,"5,1,5"
9243,fine-tuned,"5,2,4"
9244,fine-tuned,"2,3,3"
9245,fine-tuned,"3,6"
9246,fine-tuned,
9247,fine-tuned,
9248,fine-tuned,"1,6"
9249,fine-tuned,"2,1,2"
9250,fine-tuned,
9251,fine-tuned,"5,6,1"
9252,fine-tuned,"2,3,3"
9253,fine-tuned,"2,3,1"
9254,fine-tuned,"4,2,3"
9255,fine-tuned,"4,5,6"
9256,fine-tuned,"5,6,2"
9257,fine-tuned,"5,5,2"
9258,fine-tuned,"4,2,5"
9259,fine-tuned,"2,1,4"
9260,fine-tuned,
9261,fine-tuned,"1,1,4"
9262,fine-tuned,"5,3,3"
9263,fine-tuned,"1,6,1"
9264,fine-tuned,"5,3,5"
9265,fine-tuned,"1,6,3"
9266,fine-tuned,
9267,fine-tuned,"1,1,4"
9268,fine-tuned,"3,5,6"
9269,fine-tuned,"4,2,4"
9270,fine-tuned,"1,5,5"
9271,fine-tuned,
9272,fine-tuned,
9273,fine-tuned,"4,5,6"
9274,fine-tuned,"2,3,5"
9275,fine-tuned,
9276,fine-tuned,"5,5,4"
9277,fine-tuned,"3,3,4"
9278,fine-tuned,"3,1"
9279,fine-tuned,"2,5,1"
9280,fine-tuned,"3,6,3"
9281,fine-tuned,"1,2,3"
9282,fine-tuned,"4,6,1"
9283,fine-tuned,"3,2,1"
9284,fine-tuned,"1,2,3"
9285,fine-tuned,
9286,fine-tuned,
9287,fine-tuned,3
9288,fine-tuned,"5,3,4"
9289,fine-tuned,"4,3,2"
9290,fine-tuned,"1,6,6"
9291,fine-tuned,"2,3,6"
9292,fine-tuned,"4,6,4"
9293,fine-tuned,"1,3,3"
9294,fine-tuned,"5,5,3"
9295,fine-tuned,
9296,fine-tuned,
9297,fine-tuned,6
9298,fine-tuned,"6,1,5"
9299,fine-tuned,"5,1,6"
9300,fine-tuned,
9301,fine-tuned,
9302,fine-tuned,"6,4,1"
9303,fine-tuned,
9304,fine-tuned,
9305,fine-tuned,"1,2,3"
9306,fine-tuned,
9307,fine-tuned,"5,5,3"
9308,fine-tuned,2
9309,fine-tuned,
9310,fine-tuned,"3,6,3"
9311,fine-tuned,"5,4,5"
9312,fine-tuned,"4,2,3"
9313,fine-tuned,
9314,fine-tuned,
9315,fine-tuned,"5,1,4"
9316,fine-tuned,"6,3,3"
9317,fine-tuned,
9318,fine-tuned,"1,3,1"
9319,fine-tuned,"3,5,1"
9320,fine-tuned,"2,2,5"
9321,fine-tuned,"6,2,3"
9322,fine-tuned,"2,3,4"
9323,fine-tuned,
9324,fine-tuned,
9325,fine-tuned,
9326,fine-tuned,"5,6,6"
9327,fine-tuned,
9328,fine-tuned,"6,6,3"
9329,fine-tuned,
9330,fine-tuned,
9331,fine-tuned,"5,6,3"
9332,fine-tuned,
9333,fine-tuned,"5,6,3"
9334,fine-tuned,"3,2,3"
9335,fine-tuned,"3,6,1"
9336,fine-tuned,3
9337,fine-tuned,"6,3,5"
9338,fine-tuned,
9339,fine-tuned,"3,3,3"
9340,fine-tuned,"1,6,4"
9341,fine-tuned,"6,4,1"
9342,fine-tuned,"5,2,1"
9343,fine-tuned,
9344,fine-tuned,
9345,fine-tuned,
9346,fine-tuned,
9347,fine-tuned,"2,1,1"
9348,fine-tuned,"5,2,4"
9349,fine-tuned,"6,2,4"
9350,fine-tuned,"6,5,4"
9351,fine-tuned,"1,2,2"
9352,fine-tuned,"2,2,2"
9353,fine-tuned,"3,3,6"
9354,fine-tuned,"3,1,3"
9355,fine-tuned,"4,2,2"
9356,fine-tuned,
9357,fine-tuned,
9358,fine-tuned,
9359,fine-tuned,"6,3,4"
9360,fine-tuned,"3,1,2"
9361,fine-tuned,"2,2,3"
9362,fine-tuned,
9363,fine-tuned,"4,5,6"
9364,fine-tuned,
9365,fine-tuned,"3,5,2"
9366,fine-tuned,"6,2,2"
9367,fine-tuned,
9368,fine-tuned,"1,2,3"
9369,fine-tuned,"1,2,2"
9370,fine-tuned,"4,4,5"
9371,fine-tuned,"3,4,2"
9372,fine-tuned,"3,2,6"
9373,fine-tuned,"3,4,4"
9374,fine-tuned,"1,3,1"
9375,fine-tuned,
9376,fine-tuned,"3,4,5"
9377,fine-tuned,"2,5,3"
9378,fine-tuned,"2,3,5"
9379,fine-tuned,"1,2,4"
9380,fine-tuned,"2,5,4"
9381,fine-tuned,"1,1,3"
9382,fine-tuned,
9383,fine-tuned,"6,3,3"
9384,fine-tuned,
9385,fine-tuned,"3,2,1"
9386,fine-tuned,
9387,fine-tuned,
9388,fine-tuned,"4,2,4"
9389,fine-tuned,"3,1,6"
9390,fine-tuned,"1,2,6"
9391,fine-tuned,
9392,fine-tuned,"3,2,3"
9393,fine-tuned,"2,4,6"
9394,fine-tuned,1
9395,fine-tuned,
9396,fine-tuned,"3,4,3"
9397,fine-tuned,"4,2,5"
9398,fine-tuned,"2,2,4"
9399,fine-tuned,
9400,fine-tuned,"2,6,1"
9401,fine-tuned,
9402,fine-tuned,
9403,fine-tuned,"6,4,5"
9404,fine-tuned,"2,1,3"
9405,fine-tuned,"4,5,6"
9406,fine-tuned,"5,5,5"
9407,fine-tuned,"2,6,5"
9408,fine-tuned,"3,4,1"
9409,fine-tuned,
9410,fine-tuned,"3,1,2"
9411,fine-tuned,3
9412,fine-tuned,
9413,fine-tuned,"6,1,2"
9414,fine-tuned,
9415,fine-tuned,
9416,fine-tuned,"1,2,3"
9417,fine-tuned,"2,4,1"
9418,fine-tuned,"3,5,2"
9419,fine-tuned,"4,3"
9420,fine-tuned,"2,4,6"
9421,fine-tuned,
9422,fine-tuned,"1,2,3"
9423,fine-tuned,
9424,fine-tuned,"1,5,3"
9425,fine-tuned,"6,4,1"
9426,fine-tuned,"5,2,4"
9427,fine-tuned,
9428,fine-tuned,"5,5,2"
9429,fine-tuned,"1,4,2"
9430,fine-tuned,"5,6,2"
9431,fine-tuned,3
9432,fine-tuned,
9433,fine-tuned,"2,1,2"
9434,fine-tuned,
9435,fine-tuned,"5,6,5"
9436,fine-tuned,
9437,fine-tuned,
9438,fine-tuned,"4,6,4"
9439,fine-tuned,
9440,fine-tuned,"3,5,4"
9441,fine-tuned,
9442,fine-tuned,
9443,fine-tuned,"4,2,6"
9444,fine-tuned,"5,3,3"
9445,fine-tuned,6
9446,fine-tuned,
9447,fine-tuned,
9448,fine-tuned,
9449,fine-tuned,"3,1,2"
9450,fine-tuned,3
9451,fine-tuned,"1,5,4"
9452,fine-tuned,
9453,fine-tuned,"1,6"
9454,fine-tuned,"1,4,6"
9455,fine-tuned,
9456,fine-tuned,"5,5,6"
9457,fine-tuned,"1,1"
9458,fine-tuned,"1,3"
9459,fine-tuned,"3,1,6"
9460,fine-tuned,"1,6,2"
9461,fine-tuned,"5,6,3"
9462,fine-tuned,"5,3"
9463,fine-tuned,"2,2,1"
9464,fine-tuned,"2,3,4"
9465,fine-tuned,"1,3,4"
9466,fine-tuned,"5,3,3"
9467,fine-tuned,"3,6"
9468,fine-tuned,"1,2,4"
9469,fine-tuned,
9470,fine-tuned,"5,4,1"
9471,fine-tuned,"3,6,6"
9472,fine-tuned,"3,1,6"
9473,fine-tuned,"3,3,3"
9474,fine-tuned,"3,1"
9475,fine-tuned,"4,6,4"
9476,fine-tuned,"6,4,5"
9477,fine-tuned,"3,6,5"
9478,fine-tuned,
9479,fine-tuned,"6,2,2"
9480,fine-tuned,"5,4,4"
9481,fine-tuned,5
9482,fine-tuned,"3,1,2"
9483,fine-tuned,
9484,fine-tuned,"2,3,2"
9485,fine-tuned,"6,3,5"
9486,fine-tuned,"5,3,1"
9487,fine-tuned,"3,1,1"
9488,fine-tuned,"1,2"
9489,fine-tuned,
9490,fine-tuned,
9491,fine-tuned,"5,2,3"
9492,fine-tuned,
9493,fine-tuned,
9494,fine-tuned,
9495,fine-tuned,"1,4,2"
9496,fine-tuned,"2,5,4"
9497,fine-tuned,"4,3,5"
9498,fine-tuned,"1,5,1"
9499,fine-tuned,"1,2,1"
9500,fine-tuned,"1,1,4"
9501,fine-tuned,"2,6,4"
9502,fine-tuned,"4,6,4"
9503,fine-tuned,"5,6,4"
9504,fine-tuned,"3,6,5"
9505,fine-tuned,"6,6,1"
9506,fine-tuned,"5,3,4"
9507,fine-tuned,
9508,fine-tuned,
9509,fine-tuned,"4,1,2"
9510,fine-tuned,"4,4,1"
9511,fine-tuned,
9512,fine-tuned,
9513,fine-tuned,"3,4,3"
9514,fine-tuned,
9515,fine-tuned,"2,3,6"
9516,fine-tuned,"3,3,3"
9517,fine-tuned,"3,1,1"
9518,fine-tuned,
9519,fine-tuned,
9520,fine-tuned,"3,1,6"
9521,fine-tuned,"4,2,2"
9522,fine-tuned,"3,4,4"
9523,fine-tuned,
9524,fine-tuned,
9525,fine-tuned,"4,3,2"
9526,fine-tuned,"1,4,3"
9527,fine-tuned,"6,6"
9528,fine-tuned,
9529,fine-tuned,
9530,fine-tuned,2
9531,fine-tuned,"3,1,2"
9532,fine-tuned,
9533,fine-tuned,"2,1,4"
9534,fine-tuned,3
9535,fine-tuned,"3,5,1"
9536,fine-tuned,"6,6,1"
9537,fine-tuned,"5,3,6"
9538,fine-tuned,"5,2,2"
9539,fine-tuned,"3,2,5"
9540,fine-tuned,"4,4,2"
9541,fine-tuned,
9542,fine-tuned,
9543,fine-tuned,
9544,fine-tuned,"6,6,2"
9545,fine-tuned,"5,3,2"
9546,fine-tuned,"1,4,2"
9547,fine-tuned,"5,3,1"
9548,fine-tuned,
9549,fine-tuned,
9550,fine-tuned,
9551,fine-tuned,"1,1,6"
9552,fine-tuned,"6,2,5"
9553,fine-tuned,"6,6,2"
9554,fine-tuned,"5,2,4"
9555,fine-tuned,"1,3,5"
9556,fine-tuned,"6,3,6"
9557,fine-tuned,"4,6,6"
9558,fine-tuned,"5,6,3"
9559,fine-tuned,"3,6,1"
9560,fine-tuned,"6,6,2"
9561,fine-tuned,"3,3"
9562,fine-tuned,
9563,fine-tuned,"1,1,4"
9564,fine-tuned,"2,3,3"
9565,fine-tuned,"1,4,4"
9566,fine-tuned,"1,2"
9567,fine-tuned,"1,5,2"
9568,fine-tuned,
9569,fine-tuned,1
9570,fine-tuned,6
9571,fine-tuned,4
9572,fine-tuned,
9573,fine-tuned,"5,2,4"
9574,fine-tuned,5
9575,fine-tuned,2
9576,fine-tuned,
9577,fine-tuned,5
9578,fine-tuned,"4,6,3"
9579,fine-tuned,"6,1,3"
9580,fine-tuned,
9581,fine-tuned,
9582,fine-tuned,"6,1,6"
9583,fine-tuned,
9584,fine-tuned,"1,5,6"
9585,fine-tuned,"5,5,3"
9586,fine-tuned,"4,1,2"
9587,fine-tuned,"6,3,5"
9588,fine-tuned,
9589,fine-tuned,
9590,fine-tuned,"1,4,4"
9591,fine-tuned,"5,4,4"
9592,fine-tuned,"5,3,6"
9593,fine-tuned,
9594,fine-tuned,"2,1,6"
9595,fine-tuned,
9596,fine-tuned,
9597,fine-tuned,"5,1,2"
9598,fine-tuned,"4,6,5"
9599,fine-tuned,"3,2"
9600,fine-tuned,
9601,fine-tuned,"1,6,3"
9602,fine-tuned,"6,5,3"
9603,fine-tuned,"3,2,5"
9604,fine-tuned,"2,3,2"
9605,fine-tuned,"4,5"
9606,fine-tuned,
9607,fine-tuned,3
9608,fine-tuned,"2,2,2"
9609,fine-tuned,
9610,fine-tuned,
9611,fine-tuned,"6,3,3"
9612,fine-tuned,"4,5,6"
9613,fine-tuned,5
9614,fine-tuned,6
9615,fine-tuned,"3,4,2"
9616,fine-tuned,"6,4,3"
9617,fine-tuned,"5,3,5"
9618,fine-tuned,
9619,fine-tuned,"1,5,5"
9620,fine-tuned,
9621,fine-tuned,
9622,fine-tuned,"3,6,2"
9623,fine-tuned,"2,5,5"
9624,fine-tuned,"5,4,6"
9625,fine-tuned,
9626,fine-tuned,"6,1,3"
9627,fine-tuned,"4,2,2"
9628,fine-tuned,"4,6,2"
9629,fine-tuned,
9630,fine-tuned,"1,5,3"
9631,fine-tuned,"6,6,2"
9632,fine-tuned,"6,3,4"
9633,fine-tuned,"1,2,3"
9634,fine-tuned,"1,5,2"
9635,fine-tuned,
9636,fine-tuned,"1,3,3"
9637,fine-tuned,"5,1,5"
9638,fine-tuned,"6,2,5"
9639,fine-tuned,
9640,fine-tuned,
9641,fine-tuned,"3,6,3"
9642,fine-tuned,"1,1,6"
9643,fine-tuned,"4,1,1"
9644,fine-tuned,"3,3,3"
9645,fine-tuned,
9646,fine-tuned,"2,1,4"
9647,fine-tuned,"1,5,5"
9648,fine-tuned,
9649,fine-tuned,"3,5"
9650,fine-tuned,"1,2,3"
9651,fine-tuned,
9652,fine-tuned,"2,6,3"
9653,fine-tuned,"5,1,6"
9654,fine-tuned,"5,3,4"
9655,fine-tuned,"5,1,4"
9656,fine-tuned,
9657,fine-tuned,3
9658,fine-tuned,
9659,fine-tuned,
9660,fine-tuned,
9661,fine-tuned,
9662,fine-tuned,
9663,fine-tuned,"2,5,3"
9664,fine-tuned,1
9665,fine-tuned,"1,1,4"
9666,fine-tuned,
9667,fine-tuned,"2,1,6"
9668,fine-tuned,"1,6,5"
9669,fine-tuned,"3,1,2"
9670,fine-tuned,"3,2,4"
9671,fine-tuned,"6,6,3"
9672,fine-tuned,"3,3,3"
9673,fine-tuned,
9674,fine-tuned,"2,1,6"
9675,fine-tuned,"5,3,5"
9676,fine-tuned,"3,3,5"
9677,fine-tuned,"3,6,2"
9678,fine-tuned,"4,6,5"
9679,fine-tuned,
9680,fine-tuned,"6,4,3"
9681,fine-tuned,
9682,fine-tuned,"3,2,6"
9683,fine-tuned,"5,4,2"
9684,fine-tuned,"3,2,2"
9685,fine-tuned,
9686,fine-tuned,"1,3"
9687,fine-tuned,"1,2,2"
9688,fine-tuned,"3,5,2"
9689,fine-tuned,"3,2,6"
9690,fine-tuned,"5,2,4"
9691,fine-tuned,"2,3,6"
9692,fine-tuned,
9693,fine-tuned,"3,1,6"
9694,fine-tuned,
9695,fine-tuned,"4,5,5"
9696,fine-tuned,3
9697,fine-tuned,
9698,fine-tuned,3
9699,fine-tuned,
9700,fine-tuned,
9701,fine-tuned,"5,6,4"
9702,fine-tuned,"3,4,6"
9703,fine-tuned,"1,4"
9704,fine-tuned,"6,3,6"
9705,fine-tuned,
9706,fine-tuned,"3,1,1"
9707,fine-tuned,
9708,fine-tuned,3
9709,fine-tuned,
9710,fine-tuned,
9711,fine-tuned,"4,4"
9712,fine-tuned,
9713,fine-tuned,"2,4,5"
9714,fine-tuned,
9715,fine-tuned,"3,4,5"
9716,fine-tuned,"1,1,6"
9717,fine-tuned,"5,5,3"
9718,fine-tuned,"1,3"
9719,fine-tuned,
9720,fine-tuned,"1,3,1"
9721,fine-tuned,"2,6,2"
9722,fine-tuned,"2,3,2"
9723,fine-tuned,"3,3"
9724,fine-tuned,
9725,fine-tuned,"4,5,5"
9726,fine-tuned,"6,2,2"
9727,fine-tuned,
9728,fine-tuned,"1,1"
9729,fine-tuned,
9730,fine-tuned,
9731,fine-tuned,
9732,fine-tuned,
9733,fine-tuned,"3,2,1"
9734,fine-tuned,
9735,fine-tuned,"5,6,4"
9736,fine-tuned,
9737,fine-tuned,
9738,fine-tuned,6
9739,fine-tuned,3
9740,fine-tuned,"5,3,1"
9741,fine-tuned,"1,5,2"
9742,fine-tuned,
9743,fine-tuned,"2,3"
9744,fine-tuned,"2,3,2"
9745,fine-tuned,"4,2,2"
9746,fine-tuned,
9747,fine-tuned,"2,5,5"
9748,fine-tuned,"1,1,3"
9749,fine-tuned,
9750,fine-tuned,
9751,fine-tuned,"3,3"
9752,fine-tuned,"1,1,5"
9753,fine-tuned,
9754,fine-tuned,"6,2,6"
9755,fine-tuned,"5,3,5"
9756,fine-tuned,"3,1,6"
9757,fine-tuned,"3,1,2"
9758,fine-tuned,
9759,fine-tuned,
9760,fine-tuned,
9761,fine-tuned,"6,2,5"
9762,fine-tuned,
9763,fine-tuned,
9764,fine-tuned,"3,5,3"
9765,fine-tuned,
9766,fine-tuned,"3,1,4"
9767,fine-tuned,
9768,fine-tuned,"1,4,4"
9769,fine-tuned,"2,6,2"
9770,fine-tuned,3
9771,fine-tuned,"3,3,6"
9772,fine-tuned,"2,3,3"
9773,fine-tuned,
9774,fine-tuned,
9775,fine-tuned,
9776,fine-tuned,"5,5,1"
9777,fine-tuned,"3,1,1"
9778,fine-tuned,"5,6,6"
9779,fine-tuned,"1,2"
9780,fine-tuned,
9781,fine-tuned,"1,2,3"
9782,fine-tuned,"5,4,6"
9783,fine-tuned,"1,4,3"
9784,fine-tuned,"3,3,6"
9785,fine-tuned,"3,5,4"
9786,fine-tuned,
9787,fine-tuned,"1,2,3"
9788,fine-tuned,"6,4,6"
9789,fine-tuned,"3,2,1"
9790,fine-tuned,"4,6,4"
9791,fine-tuned,"4,6,3"
9792,fine-tuned,
9793,fine-tuned,
9794,fine-tuned,"3,5,5"
9795,fine-tuned,"3,1,5"
9796,fine-tuned,"1,6"
9797,fine-tuned,
9798,fine-tuned,"4,5,3"
9799,fine-tuned,
9800,fine-tuned,"3,2,6"
9801,fine-tuned,"5,5,5"
9802,fine-tuned,
9803,fine-tuned,"5,2,5"
9804,fine-tuned,"5,4,4"
9805,fine-tuned,"2,3,3"
9806,fine-tuned,"1,2,3"
9807,fine-tuned,"5,2,3"
9808,fine-tuned,"2,1,6"
9809,fine-tuned,"2,2"
9810,fine-tuned,6
9811,fine-tuned,"1,5,1"
9812,fine-tuned,"1,4,6"
9813,fine-tuned,"6,3,2"
9814,fine-tuned,
9815,fine-tuned,
9816,fine-tuned,
9817,fine-tuned,"4,2,6"
9818,fine-tuned,"2,1,3"
9819,fine-tuned,"1,2"
9820,fine-tuned,"1,2,1"
9821,fine-tuned,"6,5"
9822,fine-tuned,
9823,fine-tuned,"3,4,1"
9824,fine-tuned,"4,1,2"
9825,fine-tuned,
9826,fine-tuned,"1,2,2"
9827,fine-tuned,"3,4,5"
9828,fine-tuned,
9829,fine-tuned,"3,2,5"
9830,fine-tuned,"4,5,3"
9831,fine-tuned,"3,1,6"
9832,fine-tuned,"4,5,3"
9833,fine-tuned,"4,6,2"
9834,fine-tuned,
9835,fine-tuned,"6,2,3"
9836,fine-tuned,"5,4,5"
9837,fine-tuned,"3,5,5"
9838,fine-tuned,"6,1,1"
9839,fine-tuned,"3,1,3"
9840,fine-tuned,"4,3,5"
9841,fine-tuned,
9842,fine-tuned,"4,1,3"
9843,fine-tuned,"6,6,6"
9844,fine-tuned,
9845,fine-tuned,"4,1,6"
9846,fine-tuned,"3,2,1"
9847,fine-tuned,
9848,fine-tuned,
9849,fine-tuned,
9850,fine-tuned,"1,2,3"
9851,fine-tuned,"2,2,5"
9852,fine-tuned,"6,5,1"
9853,fine-tuned,"4,2,4"
9854,fine-tuned,
9855,fine-tuned,
9856,fine-tuned,"6,3"
9857,fine-tuned,"3,2,5"
9858,fine-tuned,"6,2,1"
9859,fine-tuned,
9860,fine-tuned,"4,6,5"
9861,fine-tuned,"3,3,6"
9862,fine-tuned,"2,6,3"
9863,fine-tuned,"3,2,5"
9864,fine-tuned,"4,5,5"
9865,fine-tuned,"5,5"
9866,fine-tuned,"2,3,5"
9867,fine-tuned,"1,2,3"
9868,fine-tuned,"2,4,1"
9869,fine-tuned,"2,5,6"
9870,fine-tuned,"1,2"
9871,fine-tuned,"2,6,2"
9872,fine-tuned,
9873,fine-tuned,"6,2"
9874,fine-tuned,"1,1,2"
9875,fine-tuned,
9876,fine-tuned,"6,2,5"
9877,fine-tuned,"1,6,2"
9878,fine-tuned,"5,3,5"
9879,fine-tuned,"3,2,2"
9880,fine-tuned,"2,3"
9881,fine-tuned,"2,6,2"
9882,fine-tuned,"3,1,5"
9883,fine-tuned,"4,3,5"
9884,fine-tuned,"2,1,6"
9885,fine-tuned,
9886,fine-tuned,"6,3,1"
9887,fine-tuned,"4,2,6"
9888,fine-tuned,
9889,fine-tuned,"2,5,3"
9890,fine-tuned,"4,1,2"
9891,fine-tuned,"2,4,5"
9892,fine-tuned,5
9893,fine-tuned,
9894,fine-tuned,"3,1,2"
9895,fine-tuned,"2,6,6"
9896,fine-tuned,"4,5,4"
9897,fine-tuned,"3,1,5"
9898,fine-tuned,
9899,fine-tuned,3
9900,fine-tuned,
9901,fine-tuned,"1,3,6"
9902,fine-tuned,
9903,fine-tuned,
9904,fine-tuned,
9905,fine-tuned,
9906,fine-tuned,"3,1,1"
9907,fine-tuned,
9908,fine-tuned,"3,6,2"
9909,fine-tuned,
9910,fine-tuned,
9911,fine-tuned,"1,1,3"
9912,fine-tuned,"3,1,1"
9913,fine-tuned,"3,1,6"
9914,fine-tuned,
9915,fine-tuned,"5,4,5"
9916,fine-tuned,"5,3,4"
9917,fine-tuned,"3,3"
9918,fine-tuned,"4,3,5"
9919,fine-tuned,2
9920,fine-tuned,"3,5,6"
9921,fine-tuned,"4,1,3"
9922,fine-tuned,"3,5,6"
9923,fine-tuned,3
9924,fine-tuned,"5,4,5"
9925,fine-tuned,
9926,fine-tuned,"5,3"
9927,fine-tuned,"6,6,4"
9928,fine-tuned,"3,2,1"
9929,fine-tuned,
9930,fine-tuned,"2,4,3"
9931,fine-tuned,"1,2,3"
9932,fine-tuned,
9933,fine-tuned,"3,3,3"
9934,fine-tuned,
9935,fine-tuned,
9936,fine-tuned,"6,4,3"
9937,fine-tuned,"6,2,2"
9938,fine-tuned,"1,5,5"
9939,fine-tuned,"1,1"
9940,fine-tuned,"3,1,6"
9941,fine-tuned,"1,2,3"
9942,fine-tuned,"5,6,1"
9943,fine-tuned,"5,1,5"
9944,fine-tuned,"1,5"
9945,fine-tuned,"1,4,2"
9946,fine-tuned,"4,4,4"
9947,fine-tuned,"6,2,5"
9948,fine-tuned,"5,3,2"
9949,fine-tuned,"5,6,2"
9950,fine-tuned,"6,2,4"
9951,fine-tuned,
9952,fine-tuned,
9953,fine-tuned,"4,2,1"
9954,fine-tuned,"1,4,3"
9955,fine-tuned,"5,3,1"
9956,fine-tuned,"3,6,1"
9957,fine-tuned,"2,6,5"
9958,fine-tuned,
9959,fine-tuned,
9960,fine-tuned,"3,1"
9961,fine-tuned,"3,2,3"
9962,fine-tuned,2
9963,fine-tuned,"3,1,6"
9964,fine-tuned,"1,5"
9965,fine-tuned,"6,4,3"
9966,fine-tuned,"2,5,1"
9967,fine-tuned,"3,5,3"
9968,fine-tuned,
9969,fine-tuned,1
9970,fine-tuned,"6,1,5"
9971,fine-tuned,
9972,fine-tuned,"1,6,2"
9973,fine-tuned,"6,1,6"
9974,fine-tuned,"4,2,6"
9975,fine-tuned,
9976,fine-tuned,"1,5,1"
9977,fine-tuned,
9978,fine-tuned,"1,2,4"
9979,fine-tuned,
9980,fine-tuned,"5,5,3"
9981,fine-tuned,"1,2,3"
9982,fine-tuned,
9983,fine-tuned,
9984,fine-tuned,"5,6,1"
9985,fine-tuned,
9986,fine-tuned,
9987,fine-tuned,"5,5,5"
9988,fine-tuned,
9989,fine-tuned,"2,1,1"
9990,fine-tuned,"1,5,2"
9991,fine-tuned,"1,3,2"
9992,fine-tuned,"1,1,1"
9993,fine-tuned,
9994,fine-tuned,
9995,fine-tuned,"5,4,5"
9996,fine-tuned,"6,3,2"
9997,fine-tuned,6
9998,fine-tuned,"3,1,5"
9999,fine-tuned,2
10000,fine-tuned,"2,3,5"
10001,fine-tuned,"6,5,3"
10002,fine-tuned,"2,6,5"
10003,fine-tuned,
10004,fine-tuned,"1,6,4"
10005,fine-tuned,2
10006,fine-tuned,
10007,fine-tuned,3
10008,fine-tuned,
10009,fine-tuned,"1,4,2"
10010,fine-tuned,
10011,fine-tuned,"3,3"
10012,fine-tuned,"2,3,3"
10013,fine-tuned,"6,3,5"
10014,fine-tuned,"5,4,3"
10015,fine-tuned,"3,5"
10016,fine-tuned,"1,5,5"
10017,fine-tuned,"6,5,5"
10018,fine-tuned,
10019,fine-tuned,"1,3,4"
10020,fine-tuned,"3,1,6"
10021,fine-tuned,"1,1"
10022,fine-tuned,
10023,fine-tuned,
10024,fine-tuned,
10025,fine-tuned,"3,5,3"
10026,fine-tuned,"1,6,5"
10027,fine-tuned,"3,5,3"
10028,fine-tuned,"6,5,4"
10029,fine-tuned,"6,1,4"
10030,fine-tuned,"5,2,6"
10031,fine-tuned,"4,6,2"
10032,fine-tuned,
10033,fine-tuned,
10034,fine-tuned,
10035,fine-tuned,
10036,fine-tuned,"6,5,1"
10037,fine-tuned,"6,3,1"
10038,fine-tuned,
10039,fine-tuned,"3,1,6"
10040,fine-tuned,
10041,fine-tuned,
10042,fine-tuned,"4,1,5"
10043,fine-tuned,"6,2,2"
10044,fine-tuned,
10045,fine-tuned,
10046,fine-tuned,"2,5,5"
10047,fine-tuned,"3,2,6"
10048,fine-tuned,"4,3,4"
10049,fine-tuned,"1,3,5"
10050,fine-tuned,"4,4,2"
10051,fine-tuned,"3,5,1"
10052,fine-tuned,"6,2,1"
10053,fine-tuned,3
10054,fine-tuned,"4,4"
10055,fine-tuned,"1,2,3"
10056,fine-tuned,"6,2,6"
10057,fine-tuned,3
10058,fine-tuned,"3,5,6"
10059,fine-tuned,"5,3,4"
10060,fine-tuned,
10061,fine-tuned,"6,4,3"
10062,fine-tuned,
10063,fine-tuned,"1,2,5"
10064,fine-tuned,"1,3,4"
10065,fine-tuned,
10066,fine-tuned,
10067,fine-tuned,"2,1,2"
10068,fine-tuned,"5,6,2"
10069,fine-tuned,"5,6,2"
10070,fine-tuned,"4,3,6"
10071,fine-tuned,"4,6,6"
10072,fine-tuned,"4,1,1"
10073,fine-tuned,"1,6,5"
10074,fine-tuned,"5,1,4"
10075,fine-tuned,1
10076,fine-tuned,"1,2,1"
10077,fine-tuned,"3,1,1"
10078,fine-tuned,"6,3,3"
10079,fine-tuned,"1,2,3"
10080,fine-tuned,
10081,fine-tuned,"4,5,3"
10082,fine-tuned,"1,3,2"
10083,fine-tuned,"4,2,5"
10084,fine-tuned,"2,2,2"
10085,fine-tuned,"3,1,5"
10086,fine-tuned,
10087,fine-tuned,"3,3,6"
10088,fine-tuned,"1,5,2"
10089,fine-tuned,"6,1,3"
10090,fine-tuned,"4,1,2"
10091,fine-tuned,"2,4"
10092,fine-tuned,"5,1"
10093,fine-tuned,"5,6,3"
10094,fine-tuned,"1,4,1"
10095,fine-tuned,
10096,fine-tuned,"2,1,3"
10097,fine-tuned,1
10098,fine-tuned,"3,5,1"
10099,fine-tuned,
10100,fine-tuned,"3,1,3"
10101,fine-tuned,
10102,fine-tuned,
10103,fine-tuned,"2,4"
10104,fine-tuned,"5,5,1"
10105,fine-tuned,"3,6,5"
10106,fine-tuned,"1,2,4"
10107,fine-tuned,"3,1,6"
10108,fine-tuned,"2,3,6"
10109,fine-tuned,
10110,fine-tuned,"6,4,4"
10111,fine-tuned,"1,4,5"
10112,fine-tuned,"3,3,1"
10113,fine-tuned,3
10114,fine-tuned,"6,4,5"
10115,fine-tuned,"1,2,3"
10116,fine-tuned,"3,3,1"
10117,fine-tuned,"3,4,3"
10118,fine-tuned,"4,1,3"
10119,fine-tuned,
10120,fine-tuned,3
10121,fine-tuned,"1,6"
10122,fine-tuned,1
10123,fine-tuned,"6,5,2"
10124,fine-tuned,
10125,fine-tuned,"5,6,4"
10126,fine-tuned,"4,5,4"
10127,fine-tuned,"3,1"
10128,fine-tuned,"3,6,4"
10129,fine-tuned,"5,3,3"
10130,fine-tuned,"2,6,3"
10131,fine-tuned,"5,5,6"
10132,fine-tuned,
10133,fine-tuned,"3,5,3"
10134,fine-tuned,5
10135,fine-tuned,"5,4,6"
10136,fine-tuned,5
10137,fine-tuned,"4,1,3"
10138,fine-tuned,
10139,fine-tuned,"1,2,5"
10140,fine-tuned,"4,2,1"
10141,fine-tuned,
10142,fine-tuned,"1,2,2"
10143,fine-tuned,"1,6,5"
10144,fine-tuned,"1,1,5"
10145,fine-tuned,"3,3"
10146,fine-tuned,"1,1,6"
10147,fine-tuned,"3,1,2"
10148,fine-tuned,
10149,fine-tuned,"2,5,3"
10150,fine-tuned,"6,6,5"
10151,fine-tuned,"6,3,4"
10152,fine-tuned,"2,6,3"
10153,fine-tuned,"4,3,1"
10154,fine-tuned,
10155,fine-tuned,
10156,fine-tuned,"2,5,1"
10157,fine-tuned,
10158,fine-tuned,6
10159,fine-tuned,"6,6,1"
10160,fine-tuned,
10161,fine-tuned,"5,1,2"
10162,fine-tuned,
10163,fine-tuned,"6,6"
10164,fine-tuned,"4,1,1"
10165,fine-tuned,"2,2,1"
10166,fine-tuned,"6,5,2"
10167,fine-tuned,
10168,fine-tuned,"2,1,1"
10169,fine-tuned,"4,2"
10170,fine-tuned,2
10171,fine-tuned,
10172,fine-tuned,"5,4,1"
10173,fine-tuned,"3,4,1"
10174,fine-tuned,
10175,fine-tuned,
10176,fine-tuned,3
10177,fine-tuned,"4,6,2"
10178,fine-tuned,3
10179,fine-tuned,
10180,fine-tuned,"4,3,2"
10181,fine-tuned,"4,5"
10182,fine-tuned,
10183,fine-tuned,"1,2"
10184,fine-tuned,"2,2,3"
10185,fine-tuned,
10186,fine-tuned,"1,2,5"
10187,fine-tuned,
10188,fine-tuned,"3,1"
10189,fine-tuned,"6,1,1"
10190,fine-tuned,"3,6,5"
10191,fine-tuned,"4,2,6"
10192,fine-tuned,
10193,fine-tuned,"6,1,6"
10194,fine-tuned,"3,3"
10195,fine-tuned,"6,2,5"
10196,fine-tuned,"1,3,1"
10197,fine-tuned,
10198,fine-tuned,"2,3,2"
10199,fine-tuned,"4,1,4"
10200,fine-tuned,
10201,fine-tuned,"3,1,1"
10202,fine-tuned,"3,3,5"
10203,fine-tuned,"5,2,4"
10204,fine-tuned,"1,6,1"
10205,fine-tuned,
10206,fine-tuned,
10207,fine-tuned,"5,5,4"
10208,fine-tuned,"4,4"
10209,fine-tuned,"1,2,3"
10210,fine-tuned,"1,2,6"
10211,fine-tuned,"4,2,4"
10212,fine-tuned,"1,1"
10213,fine-tuned,
10214,fine-tuned,6
10215,fine-tuned,"1,3,1"
10216,fine-tuned,
10217,fine-tuned,
10218,fine-tuned,"2,6,2"
10219,fine-tuned,"2,2,5"
10220,fine-tuned,
10221,fine-tuned,
10222,fine-tuned,"2,3"
10223,fine-tuned,
10224,fine-tuned,"4,6,3"
10225,fine-tuned,"3,2"
10226,fine-tuned,"1,2,3"
10227,fine-tuned,
10228,fine-tuned,
10229,fine-tuned,3
10230,fine-tuned,"3,1,5"
10231,fine-tuned,
10232,fine-tuned,"2,5,6"
10233,fine-tuned,
10234,fine-tuned,"3,3,2"
10235,fine-tuned,
10236,fine-tuned,"2,1,5"
10237,fine-tuned,"6,5,5"
10238,fine-tuned,"1,1,4"
10239,fine-tuned,"3,4"
10240,fine-tuned,
10241,fine-tuned,"5,4,4"
10242,fine-tuned,"1,2,3"
10243,fine-tuned,
10244,fine-tuned,"3,2,5"
10245,fine-tuned,"1,6"
10246,fine-tuned,
10247,fine-tuned,"1,6,2"
10248,fine-tuned,"3,6,3"
10249,fine-tuned,"2,3,3"
10250,fine-tuned,
10251,fine-tuned,"5,5,5"
10252,fine-tuned,"2,4,5"
10253,fine-tuned,"3,2,5"
10254,fine-tuned,"5,3,6"
10255,fine-tuned,"3,3"
10256,fine-tuned,"5,3,4"
10257,fine-tuned,
10258,fine-tuned,"3,2,6"
10259,fine-tuned,"3,2,4"
10260,fine-tuned,"4,1,6"
10261,fine-tuned,
10262,fine-tuned,"6,4,6"
10263,fine-tuned,"6,2,4"
10264,fine-tuned,3
10265,fine-tuned,
10266,fine-tuned,"6,1,1"
10267,fine-tuned,"4,2,3"
10268,fine-tuned,"3,4"
10269,fine-tuned,"1,3"
10270,fine-tuned,"3,5,4"
10271,fine-tuned,"1,2,2"
10272,fine-tuned,6
10273,fine-tuned,"6,2,4"
10274,fine-tuned,"4,3,6"
10275,fine-tuned,"6,3"
10276,fine-tuned,"3,3,3"
10277,fine-tuned,
10278,fine-tuned,
10279,fine-tuned,
10280,fine-tuned,"3,2,2"
10281,fine-tuned,"3,3,6"
10282,fine-tuned,"6,3,5"
10283,fine-tuned,"5,4,4"
10284,fine-tuned,"4,1,4"
10285,fine-tuned,
10286,fine-tuned,
10287,fine-tuned,1
10288,fine-tuned,"2,5,1"
10289,fine-tuned,
10290,fine-tuned,"2,1,5"
10291,fine-tuned,
10292,fine-tuned,
10293,fine-tuned,
10294,fine-tuned,"1,3,4"
10295,fine-tuned,"3,6,5"
10296,fine-tuned,"1,1,5"
10297,fine-tuned,"6,6,6"
10298,fine-tuned,"6,5,3"
10299,fine-tuned,"4,6,3"
10300,fine-tuned,"1,1,3"
10301,fine-tuned,"6,5,3"
10302,fine-tuned,"4,6,4"
10303,fine-tuned,
10304,fine-tuned,"5,3,6"
10305,fine-tuned,"1,1,4"
10306,fine-tuned,
10307,fine-tuned,"1,6,6"
10308,fine-tuned,
10309,fine-tuned,"4,4,3"
10310,fine-tuned,6
10311,fine-tuned,
10312,fine-tuned,"1,5,6"
10313,fine-tuned,"1,5,2"
10314,fine-tuned,
10315,fine-tuned,"1,3,6"
10316,fine-tuned,
10317,fine-tuned,
10318,fine-tuned,
10319,fine-tuned,"5,4,3"
10320,fine-tuned,
10321,fine-tuned,"4,2,6"
10322,fine-tuned,"2,3,1"
10323,fine-tuned,"3,1,6"
10324,fine-tuned,
10325,fine-tuned,"3,1,6"
10326,fine-tuned,
10327,fine-tuned,"6,3,5"
10328,fine-tuned,"1,2,3"
10329,fine-tuned,"5,6"
10330,fine-tuned,
10331,fine-tuned,
10332,fine-tuned,"3,4,5"
10333,fine-tuned,"2,3,5"
10334,fine-tuned,"4,4,2"
10335,fine-tuned,
10336,fine-tuned,
10337,fine-tuned,"1,6,2"
10338,fine-tuned,"6,6,5"
10339,fine-tuned,
10340,fine-tuned,"4,4,1"
10341,fine-tuned,"2,3,3"
10342,fine-tuned,"3,6,5"
10343,fine-tuned,
10344,fine-tuned,
10345,fine-tuned,5
10346,fine-tuned,
10347,fine-tuned,"1,5,3"
10348,fine-tuned,"3,1,6"
10349,fine-tuned,
10350,fine-tuned,"5,5,1"
10351,fine-tuned,
10352,fine-tuned,"2,2,6"
10353,fine-tuned,"1,1,5"
10354,fine-tuned,"3,1,1"
10355,fine-tuned,"3,1,6"
10356,fine-tuned,"2,3,5"
10357,fine-tuned,
10358,fine-tuned,"1,3"
10359,fine-tuned,
10360,fine-tuned,"2,3,2"
10361,fine-tuned,
10362,fine-tuned,"4,4,1"
10363,fine-tuned,2
10364,fine-tuned,"1,5,4"
10365,fine-tuned,
10366,fine-tuned,"6,2,3"
10367,fine-tuned,"3,2,2"
10368,fine-tuned,"6,5,4"
10369,fine-tuned,"4,2,3"
10370,fine-tuned,"6,2,1"
10371,fine-tuned,"1,5,4"
10372,fine-tuned,"5,5,3"
10373,fine-tuned,"3,1,1"
10374,fine-tuned,"2,5,4"
10375,fine-tuned,3
10376,fine-tuned,"6,1,3"
10377,fine-tuned,3
10378,fine-tuned,"2,3,1"
10379,fine-tuned,"2,2,1"
10380,fine-tuned,2
10381,fine-tuned,
10382,fine-tuned,"2,4,1"
10383,fine-tuned,"1,3"
10384,fine-tuned,
10385,fine-tuned,
10386,fine-tuned,2
10387,fine-tuned,"4,3,3"
10388,fine-tuned,
10389,fine-tuned,"1,4,6"
10390,fine-tuned,"3,3,4"
10391,fine-tuned,
10392,fine-tuned,"1,2,5"
10393,fine-tuned,
10394,fine-tuned,
10395,fine-tuned,
10396,fine-tuned,
10397,fine-tuned,
10398,fine-tuned,
10399,fine-tuned,"2,4,5"
10400,fine-tuned,"6,3,1"
10401,fine-tuned,
10402,fine-tuned,5
10403,fine-tuned,
10404,fine-tuned,
10405,fine-tuned,"2,1,5"
10406,fine-tuned,
10407,fine-tuned,"3,3,4"
10408,fine-tuned,
10409,fine-tuned,"5,1,5"
10410,fine-tuned,"2,2,6"
10411,fine-tuned,
10412,fine-tuned,
10413,fine-tuned,
10414,fine-tuned,
10415,fine-tuned,
10416,fine-tuned,"6,2,6"
10417,fine-tuned,"2,5,6"
10418,fine-tuned,"3,2,4"
10419,fine-tuned,
10420,fine-tuned,
10421,fine-tuned,"5,6,1"
10422,fine-tuned,"2,6"
10423,fine-tuned,"1,2,4"
10424,fine-tuned,
10425,fine-tuned,"5,3,2"
10426,fine-tuned,6
10427,fine-tuned,"4,6,5"
10428,fine-tuned,"3,4,4"
10429,fine-tuned,"3,5,4"
10430,fine-tuned,"5,6,3"
10431,fine-tuned,"5,3,2"
10432,fine-tuned,"6,1,3"
10433,fine-tuned,
10434,fine-tuned,
10435,fine-tuned,"5,1,6"
10436,fine-tuned,"3,3,2"
10437,fine-tuned,"2,1,6"
10438,fine-tuned,"3,2,3"
10439,fine-tuned,"2,3,4"
10440,fine-tuned,"2,2,6"
10441,fine-tuned,"2,1,4"
10442,fine-tuned,2
10443,fine-tuned,"1,6"
10444,fine-tuned,"3,3,5"
10445,fine-tuned,"3,5,2"
10446,fine-tuned,
10447,fine-tuned,"4,2,3"
10448,fine-tuned,
10449,fine-tuned,"2,2,2"
10450,fine-tuned,
10451,fine-tuned,
10452,fine-tuned,1
10453,fine-tuned,"4,5,3"
10454,fine-tuned,
10455,fine-tuned,
10456,fine-tuned,"3,4,5"
10457,fine-tuned,"1,6,6"
10458,fine-tuned,"2,4,3"
10459,fine-tuned,"1,3,5"
10460,fine-tuned,"6,6"
10461,fine-tuned,"5,4,6"
10462,fine-tuned,"3,6,2"
10463,fine-tuned,"3,5,1"
10464,fine-tuned,"3,5,6"
10465,fine-tuned,"5,4"
10466,fine-tuned,"3,6,6"
10467,fine-tuned,"1,6,1"
10468,fine-tuned,"4,4,4"
10469,fine-tuned,"1,3"
10470,fine-tuned,"3,5,5"
10471,fine-tuned,"3,5,2"
10472,fine-tuned,"3,4,6"
10473,fine-tuned,3
10474,fine-tuned,"4,3,4"
10475,fine-tuned,"4,4,1"
10476,fine-tuned,
10477,fine-tuned,
10478,fine-tuned,"2,5,4"
10479,fine-tuned,"4,1,3"
10480,fine-tuned,"1,2,3"
10481,fine-tuned,"1,6,4"
10482,fine-tuned,"1,2,5"
10483,fine-tuned,"2,4"
10484,fine-tuned,
10485,fine-tuned,"3,1,6"
10486,fine-tuned,"3,3,1"
10487,fine-tuned,
10488,fine-tuned,"2,3,6"
10489,fine-tuned,"4,3,3"
10490,fine-tuned,"3,5,4"
10491,fine-tuned,"5,1,1"
10492,fine-tuned,"1,2,3"
10493,fine-tuned,"1,3,5"
10494,fine-tuned,"1,6,5"
10495,fine-tuned,"3,1,6"
10496,fine-tuned,"3,2,2"
10497,fine-tuned,
10498,fine-tuned,
10499,fine-tuned,2
10500,fine-tuned,
10501,fine-tuned,5
10502,fine-tuned,"2,2,6"
10503,fine-tuned,"5,2,3"
10504,fine-tuned,"5,4,1"
10505,fine-tuned,
10506,fine-tuned,"4,2,5"
10507,fine-tuned,"2,4,1"
10508,fine-tuned,"4,3,4"
10509,fine-tuned,"1,2,5"
10510,fine-tuned,
10511,fine-tuned,"5,1,3"
10512,fine-tuned,"1,3,5"
10513,fine-tuned,"5,6"
10514,fine-tuned,
10515,fine-tuned,"5,3,2"
10516,fine-tuned,"2,6,2"
10517,fine-tuned,"5,6"
10518,fine-tuned,
10519,fine-tuned,
10520,fine-tuned,
10521,fine-tuned,"1,2,1"
10522,fine-tuned,"6,2,6"
10523,fine-tuned,"1,1,4"
10524,fine-tuned,
10525,fine-tuned,"5,6,4"
10526,fine-tuned,"5,1,3"
10527,fine-tuned,
10528,fine-tuned,"6,6,3"
10529,fine-tuned,"1,1,6"
10530,fine-tuned,"4,4,4"
10531,fine-tuned,"2,2,6"
10532,fine-tuned,"6,4,4"
10533,fine-tuned,
10534,fine-tuned,
10535,fine-tuned,
10536,fine-tuned,"1,6,5"
10537,fine-tuned,"2,2,2"
10538,fine-tuned,
10539,fine-tuned,"1,2,3"
10540,fine-tuned,"2,4,5"
10541,fine-tuned,
10542,fine-tuned,"1,2,2"
10543,fine-tuned,
10544,fine-tuned,"1,4,2"
10545,fine-tuned,"2,1,3"
10546,fine-tuned,"2,4,3"
10547,fine-tuned,
10548,fine-tuned,
10549,fine-tuned,
10550,fine-tuned,"1,6,6"
10551,fine-tuned,4
10552,fine-tuned,"2,1,6"
10553,fine-tuned,"1,5"
10554,fine-tuned,"5,2,5"
10555,fine-tuned,"5,4,5"
10556,fine-tuned,"3,5,1"
10557,fine-tuned,"4,6,1"
10558,fine-tuned,"6,5,5"
10559,fine-tuned,"3,6,4"
10560,fine-tuned,"6,3,1"
10561,fine-tuned,
10562,fine-tuned,"1,1,3"
10563,fine-tuned,"3,4,5"
10564,fine-tuned,"5,2,6"
10565,fine-tuned,"5,4,4"
10566,fine-tuned,"4,2,2"
10567,fine-tuned,"4,1,6"
10568,fine-tuned,"2,2,5"
10569,fine-tuned,"4,5,4"
10570,fine-tuned,"4,6,3"
10571,fine-tuned,3
10572,fine-tuned,"1,4,6"
10573,fine-tuned,"1,5,3"
10574,fine-tuned,
10575,fine-tuned,
10576,fine-tuned,
10577,fine-tuned,"2,4,5"
10578,fine-tuned,
10579,fine-tuned,"2,6,3"
10580,fine-tuned,"6,1,2"
10581,fine-tuned,
10582,fine-tuned,"3,4,6"
10583,fine-tuned,"2,5,3"
10584,fine-tuned,"1,3,6"
10585,fine-tuned,
10586,fine-tuned,"2,6,2"
10587,fine-tuned,
10588,fine-tuned,"4,1,3"
10589,fine-tuned,"2,2,5"
10590,fine-tuned,"5,2,4"
10591,fine-tuned,"1,5,5"
10592,fine-tuned,"4,6,1"
10593,fine-tuned,
10594,fine-tuned,"3,1,6"
10595,fine-tuned,"4,1,2"
10596,fine-tuned,
10597,fine-tuned,
10598,fine-tuned,"1,1,6"
10599,fine-tuned,"6,3,4"
10600,fine-tuned,"4,3,6"
10601,fine-tuned,"3,1,6"
10602,fine-tuned,"1,3,2"
10603,fine-tuned,"4,1,5"
10604,fine-tuned,
10605,fine-tuned,"4,5,2"
10606,fine-tuned,
10607,fine-tuned,"1,5"
10608,fine-tuned,"2,3,4"
10609,fine-tuned,
10610,fine-tuned,"3,5,5"
10611,fine-tuned,
10612,fine-tuned,"1,4,3"
10613,fine-tuned,"3,5,6"
10614,fine-tuned,
10615,fine-tuned,"1,4,6"
10616,fine-tuned,"3,5,6"
10617,fine-tuned,"1,3,2"
10618,fine-tuned,
10619,fine-tuned,
10620,fine-tuned,"5,5,1"
10621,fine-tuned,
10622,fine-tuned,
10623,fine-tuned,
10624,fine-tuned,
10625,fine-tuned,"4,3,2"
10626,fine-tuned,"2,3,5"
10627,fine-tuned,3
10628,fine-tuned,"6,5,6"
10629,fine-tuned,"4,2,2"
10630,fine-tuned,"3,1,1"
10631,fine-tuned,"2,6,6"
10632,fine-tuned,"1,1,6"
10633,fine-tuned,"6,3,2"
10634,fine-tuned,
10635,fine-tuned,"4,4,2"
10636,fine-tuned,"2,2,3"
10637,fine-tuned,"1,6,3"
10638,fine-tuned,
10639,fine-tuned,"3,4,6"
10640,fine-tuned,"3,1,2"
10641,fine-tuned,"2,4,4"
10642,fine-tuned,"1,5,5"
10643,fine-tuned,
10644,fine-tuned,
10645,fine-tuned,"3,4,2"
10646,fine-tuned,"1,4"
10647,fine-tuned,"4,3,5"
10648,fine-tuned,
10649,fine-tuned,"4,3,2"
10650,fine-tuned,"1,2"
10651,fine-tuned,"2,5,4"
10652,fine-tuned,"6,2,5"
10653,fine-tuned,
10654,fine-tuned,
10655,fine-tuned,"1,1,4"
10656,fine-tuned,"2,5,1"
10657,fine-tuned,"4,3,5"
10658,fine-tuned,"1,2,3"
10659,fine-tuned,3
10660,fine-tuned,"1,2,3"
10661,fine-tuned,1
10662,fine-tuned,"1,6,1"
10663,fine-tuned,"3,5,6"
10664,fine-tuned,"3,4,4"
10665,fine-tuned,
10666,fine-tuned,"3,3,6"
10667,fine-tuned,"3,5,6"
10668,fine-tuned,"6,6,4"
10669,fine-tuned,"4,6,2"
10670,fine-tuned,"1,2,3"
10671,fine-tuned,
10672,fine-tuned,
10673,fine-tuned,
10674,fine-tuned,"5,4,4"
10675,fine-tuned,"3,6,1"
10676,fine-tuned,
10677,fine-tuned,
10678,fine-tuned,"3,6,3"
10679,fine-tuned,
10680,fine-tuned,"1,5,5"
10681,fine-tuned,
10682,fine-tuned,"2,5,1"
10683,fine-tuned,
10684,fine-tuned,"4,4,3"
10685,fine-tuned,
10686,fine-tuned,
10687,fine-tuned,"3,2,5"
10688,fine-tuned,"3,2,1"
10689,fine-tuned,"5,3,4"
10690,fine-tuned,"2,1,5"
10691,fine-tuned,"2,4,6"
10692,fine-tuned,"1,3,1"
10693,fine-tuned,"1,4,2"
10694,fine-tuned,"3,1,2"
10695,fine-tuned,"3,3,6"
10696,fine-tuned,"4,2,2"
10697,fine-tuned,
10698,fine-tuned,2
10699,fine-tuned,"6,2,3"
10700,fine-tuned,
10701,fine-tuned,"1,2,3"
10702,fine-tuned,"4,1,2"
10703,fine-tuned,"2,3"
10704,fine-tuned,
10705,fine-tuned,"2,5,2"
10706,fine-tuned,"4,4,3"
10707,fine-tuned,
10708,fine-tuned,
10709,fine-tuned,6
10710,fine-tuned,5
10711,fine-tuned,"4,5,2"
10712,fine-tuned,3
10713,fine-tuned,
10714,fine-tuned,"4,1,3"
10715,fine-tuned,"1,3,5"
10716,fine-tuned,"3,2,2"
10717,fine-tuned,"3,3,3"
10718,fine-tuned,"2,2,5"
10719,fine-tuned,
10720,fine-tuned,"4,1,5"
10721,fine-tuned,"3,5,4"
10722,fine-tuned,
10723,fine-tuned,"3,5,2"
10724,fine-tuned,"1,1,3"
10725,fine-tuned,"2,4,2"
10726,fine-tuned,
10727,fine-tuned,"1,6,6"
10728,fine-tuned,"3,5,4"
10729,fine-tuned,"3,4,3"
10730,fine-tuned,"6,2,1"
10731,fine-tuned,"5,2,2"
10732,fine-tuned,
10733,fine-tuned,
10734,fine-tuned,
10735,fine-tuned,6
10736,fine-tuned,"3,4,6"
10737,fine-tuned,
10738,fine-tuned,"4,4,6"
10739,fine-tuned,
10740,fine-tuned,"3,1,3"
10741,fine-tuned,
10742,fine-tuned,"1,1,6"
10743,fine-tuned,"2,6,6"
10744,fine-tuned,
10745,fine-tuned,
10746,fine-tuned,
10747,fine-tuned,
10748,fine-tuned,"1,6"
10749,fine-tuned,"3,2,1"
10750,fine-tuned,"4,2,3"
10751,fine-tuned,
10752,fine-tuned,"1,4,1"
10753,fine-tuned,"1,4,6"
10754,fine-tuned,
10755,fine-tuned,"3,5,4"
10756,fine-tuned,"3,5"
10757,fine-tuned,"1,4,3"
10758,fine-tuned,"2,6,5"
10759,fine-tuned,"4,1,3"
10760,fine-tuned,"6,4,5"
10761,fine-tuned,"6,3,4"
10762,fine-tuned,"2,2,2"
10763,fine-tuned,"1,3,5"
10764,fine-tuned,"4,6,6"
10765,fine-tuned,"5,1,2"
10766,fine-tuned,
10767,fine-tuned,
10768,fine-tuned,"1,3,2"
10769,fine-tuned,
10770,fine-tuned,"5,6,6"
10771,fine-tuned,"1,1,2"
10772,fine-tuned,"2,3"
10773,fine-tuned,"1,2,4"
10774,fine-tuned,"3,2,5"
10775,fine-tuned,"4,2"
10776,fine-tuned,"3,3,5"
10777,fine-tuned,"5,2,5"
10778,fine-tuned,"4,5"
10779,fine-tuned,"3,5"
10780,fine-tuned,"4,5,6"
10781,fine-tuned,"5,5,5"
10782,fine-tuned,
10783,fine-tuned,"3,1,4"
10784,fine-tuned,"3,6,3"
10785,fine-tuned,
10786,fine-tuned,"3,6,2"
10787,fine-tuned,"6,4,4"
10788,fine-tuned,"6,2,3"
10789,fine-tuned,
10790,fine-tuned,"1,2,3"
10791,fine-tuned,"3,3"
10792,fine-tuned,
10793,fine-tuned,"2,1,5"
10794,fine-tuned,"1,2,3"
10795,fine-tuned,
10796,fine-tuned,"3,3,4"
10797,fine-tuned,
10798,fine-tuned,
10799,fine-tuned,"3,4,4"
10800,fine-tuned,"2,6,3"
10801,fine-tuned,"3,1,6"
10802,fine-tuned,
10803,fine-tuned,"1,4,1"
10804,fine-tuned,
10805,fine-tuned,"4,5"
10806,fine-tuned,"2,1,6"
10807,fine-tuned,"4,4,3"
10808,fine-tuned,"5,2,5"
10809,fine-tuned,"5,6,6"
10810,fine-tuned,1
10811,fine-tuned,"2,1,6"
10812,fine-tuned,"6,4,3"
10813,fine-tuned,"6,5,4"
10814,fine-tuned,
10815,fine-tuned,"5,5,3"
10816,fine-tuned,
10817,fine-tuned,
10818,fine-tuned,"5,5,5"
10819,fine-tuned,"6,1,5"
10820,fine-tuned,"6,1,6"
10821,fine-tuned,"1,2,3"
10822,fine-tuned,"4,2,3"
10823,fine-tuned,"1,6,5"
10824,fine-tuned,"1,6,5"
10825,fine-tuned,"3,2"
10826,fine-tuned,"3,2,3"
10827,fine-tuned,
10828,fine-tuned,
10829,fine-tuned,"3,4,6"
10830,fine-tuned,"3,2,2"
10831,fine-tuned,
10832,fine-tuned,"3,2"
10833,fine-tuned,"1,3"
10834,fine-tuned,"1,5,6"
10835,fine-tuned,
10836,fine-tuned,"2,2,3"
10837,fine-tuned,"3,1,3"
10838,fine-tuned,
10839,fine-tuned,
10840,fine-tuned,"1,6,1"
10841,fine-tuned,
10842,fine-tuned,
10843,fine-tuned,"6,6"
10844,fine-tuned,"5,6,6"
10845,fine-tuned,
10846,fine-tuned,"2,1,2"
10847,fine-tuned,
10848,fine-tuned,"6,3,2"
10849,fine-tuned,
10850,fine-tuned,
10851,fine-tuned,
10852,fine-tuned,"1,6,6"
10853,fine-tuned,"5,1,5"
10854,fine-tuned,
10855,fine-tuned,"1,2"
10856,fine-tuned,
10857,fine-tuned,"3,6,1"
10858,fine-tuned,
10859,fine-tuned,
10860,fine-tuned,"2,4,2"
10861,fine-tuned,
10862,fine-tuned,"3,6,6"
10863,fine-tuned,"4,5,1"
10864,fine-tuned,"1,6,2"
10865,fine-tuned,"4,3,1"
10866,fine-tuned,"4,1,4"
10867,fine-tuned,"1,2,1"
10868,fine-tuned,"1,2,3"
10869,fine-tuned,"5,6,6"
10870,fine-tuned,
10871,fine-tuned,
10872,fine-tuned,"4,3,2"
10873,fine-tuned,"3,6,1"
10874,fine-tuned,"5,3,4"
10875,fine-tuned,"5,5,5"
10876,fine-tuned,"3,1,6"
10877,fine-tuned,"4,4,2"
10878,fine-tuned,
10879,fine-tuned,"1,3,2"
10880,fine-tuned,
10881,fine-tuned,
10882,fine-tuned,"3,6"
10883,fine-tuned,"3,2,5"
10884,fine-tuned,
10885,fine-tuned,"1,5,1"
10886,fine-tuned,"5,1,4"
10887,fine-tuned,6
10888,fine-tuned,3
10889,fine-tuned,
10890,fine-tuned,
10891,fine-tuned,"6,3,3"
10892,fine-tuned,
10893,fine-tuned,
10894,fine-tuned,"6,5,4"
10895,fine-tuned,
10896,fine-tuned,
10897,fine-tuned,
10898,fine-tuned,"3,1,4"
10899,fine-tuned,"2,6,4"
10900,fine-tuned,
10901,fine-tuned,"2,6,3"
10902,fine-tuned,
10903,fine-tuned,
10904,fine-tuned,"6,6,4"
10905,fine-tuned,"1,5,4"
10906,fine-tuned,"4,2,3"
10907,fine-tuned,
10908,fine-tuned,"2,6,3"
10909,fine-tuned,"3,2,3"
10910,fine-tuned,"1,4,2"
10911,fine-tuned,"1,5"
10912,fine-tuned,
10913,fine-tuned,"3,1,4"
10914,fine-tuned,"1,5,3"
10915,fine-tuned,"2,3,5"
10916,fine-tuned,"1,6,5"
10917,fine-tuned,
10918,fine-tuned,"3,6,5"
10919,fine-tuned,"4,4,4"
10920,fine-tuned,"3,1,5"
10921,fine-tuned,"3,1,6"
10922,fine-tuned,
10923,fine-tuned,"1,6,3"
10924,fine-tuned,"2,2,5"
10925,fine-tuned,"5,3"
10926,fine-tuned,"5,3,3"
10927,fine-tuned,"3,2,2"
10928,fine-tuned,"5,5,2"
10929,fine-tuned,"1,5,5"
10930,fine-tuned,"4,5,2"
10931,fine-tuned,"3,6,2"
10932,fine-tuned,"4,2,1"
10933,fine-tuned,"6,5,1"
10934,fine-tuned,"3,1,1"
10935,fine-tuned,
10936,fine-tuned,
10937,fine-tuned,
10938,fine-tuned,"5,4,1"
10939,fine-tuned,
10940,fine-tuned,"1,6,1"
10941,fine-tuned,"6,5,3"
10942,fine-tuned,
10943,fine-tuned,
10944,fine-tuned,
10945,fine-tuned,
10946,fine-tuned,"4,2,4"
10947,fine-tuned,"3,1,6"
10948,fine-tuned,"6,1,6"
10949,fine-tuned,"3,5,5"
10950,fine-tuned,"5,1,4"
10951,fine-tuned,"2,6,1"
10952,fine-tuned,
10953,fine-tuned,"1,2,1"
10954,fine-tuned,"5,3,1"
10955,fine-tuned,"2,4,2"
10956,fine-tuned,
10957,fine-tuned,4
10958,fine-tuned,
10959,fine-tuned,"4,3,3"
10960,fine-tuned,"3,3,2"
10961,fine-tuned,"1,6"
10962,fine-tuned,"3,2,3"
10963,fine-tuned,"5,2,2"
10964,fine-tuned,"3,1,3"
10965,fine-tuned,"4,2,2"
10966,fine-tuned,"1,2"
10967,fine-tuned,"4,5,5"
10968,fine-tuned,
10969,fine-tuned,"3,2,6"
10970,fine-tuned,"4,6"
10971,fine-tuned,
10972,fine-tuned,
10973,fine-tuned,5
10974,fine-tuned,"3,4,2"
10975,fine-tuned,"2,6,1"
10976,fine-tuned,
10977,fine-tuned,"6,6,5"
10978,fine-tuned,"4,3,1"
10979,fine-tuned,"6,1,5"
10980,fine-tuned,
10981,fine-tuned,
10982,fine-tuned,
10983,fine-tuned,"1,1,1"
10984,fine-tuned,
10985,fine-tuned,1
10986,fine-tuned,"1,5,3"
10987,fine-tuned,"2,2,5"
10988,fine-tuned,"3,1,6"
10989,fine-tuned,"3,5,4"
10990,fine-tuned,4
10991,fine-tuned,"3,6,5"
10992,fine-tuned,"5,4,3"
10993,fine-tuned,2
10994,fine-tuned,"6,1,2"
10995,fine-tuned,"5,6,6"
10996,fine-tuned,
10997,fine-tuned,"2,4,4"
10998,fine-tuned,
10999,fine-tuned,
11000,fine-tuned,"4,6,4"
11001,fine-tuned,
11002,fine-tuned,"4,4,4"
11003,fine-tuned,"6,5,1"
11004,fine-tuned,3
11005,fine-tuned,"4,6,5"
11006,fine-tuned,
11007,fine-tuned,
11008,fine-tuned,"1,6"
11009,fine-tuned,"2,2,5"
11010,fine-tuned,"3,3,4"
11011,fine-tuned,
11012,fine-tuned,"6,1,4"
11013,fine-tuned,"3,2,3"
11014,fine-tuned,
11015,fine-tuned,"3,2"
11016,fine-tuned,"1,2,3"
11017,fine-tuned,"1,3"
11018,fine-tuned,"3,6,5"
11019,fine-tuned,"2,5,4"
11020,fine-tuned,
11021,fine-tuned,3
11022,fine-tuned,"4,6,4"
11023,fine-tuned,"4,6,6"
11024,fine-tuned,3
11025,fine-tuned,
11026,fine-tuned,"4,3,6"
11027,fine-tuned,"4,2,4"
11028,fine-tuned,4
11029,fine-tuned,"6,2,1"
11030,fine-tuned,"5,1,2"
11031,fine-tuned,"1,6,1"
11032,fine-tuned,"4,6,2"
11033,fine-tuned,"2,1,4"
11034,fine-tuned,6
11035,fine-tuned,"5,2,6"
11036,fine-tuned,
11037,fine-tuned,"1,5,6"
11038,fine-tuned,"6,1,2"
11039,fine-tuned,"2,6,4"
11040,fine-tuned,"4,6,2"
11041,fine-tuned,"6,1,1"
11042,fine-tuned,"3,2,5"
11043,fine-tuned,"5,2,4"
11044,fine-tuned,"4,5,3"
11045,fine-tuned,"5,1,2"
11046,fine-tuned,"6,6,4"
11047,fine-tuned,"3,3,2"
11048,fine-tuned,"4,5,6"
11049,fine-tuned,
11050,fine-tuned,"1,2,3"
11051,fine-tuned,"4,1,3"
11052,fine-tuned,1
11053,fine-tuned,2
11054,fine-tuned,"1,2,2"
11055,fine-tuned,"4,6,4"
11056,fine-tuned,"4,5,1"
11057,fine-tuned,"6,2,4"
11058,fine-tuned,"2,5,3"
11059,fine-tuned,
11060,fine-tuned,"4,2,3"
11061,fine-tuned,
11062,fine-tuned,1
11063,fine-tuned,"4,3,6"
11064,fine-tuned,"3,3,6"
11065,fine-tuned,"4,4,2"
11066,fine-tuned,"3,5,1"
11067,fine-tuned,"5,2"
11068,fine-tuned,
11069,fine-tuned,"1,1,1"
11070,fine-tuned,
11071,fine-tuned,
11072,fine-tuned,
11073,fine-tuned,"4,3,4"
11074,fine-tuned,"6,5,6"
11075,fine-tuned,"1,6"
11076,fine-tuned,"3,4,1"
11077,fine-tuned,
11078,fine-tuned,
11079,fine-tuned,"3,5,1"
11080,fine-tuned,
11081,fine-tuned,"5,6,3"
11082,fine-tuned,"5,1,6"
11083,fine-tuned,
11084,fine-tuned,3
11085,fine-tuned,"6,3,1"
11086,fine-tuned,"1,3,2"
11087,fine-tuned,"1,2,6"
11088,fine-tuned,
11089,fine-tuned,
11090,fine-tuned,
11091,fine-tuned,"4,2,1"
11092,fine-tuned,"3,1,6"
11093,fine-tuned,"2,5,3"
11094,fine-tuned,"1,2"
11095,fine-tuned,"4,4,2"
11096,fine-tuned,"3,2,1"
11097,fine-tuned,
11098,fine-tuned,"1,6"
11099,fine-tuned,"1,4,6"
11100,fine-tuned,"4,1,6"
11101,fine-tuned,"5,3,1"
11102,fine-tuned,
11103,fine-tuned,"2,3,4"
11104,fine-tuned,"4,5,2"
11105,fine-tuned,
11106,fine-tuned,
11107,fine-tuned,"1,2,6"
11108,fine-tuned,"2,2"
11109,fine-tuned,
11110,fine-tuned,"1,3,2"
11111,fine-tuned,"6,5,1"
11112,fine-tuned,"3,1,6"
11113,fine-tuned,"1,4"
11114,fine-tuned,"2,1,4"
11115,fine-tuned,"6,3,3"
11116,fine-tuned,"3,1,3"
11117,fine-tuned,1
11118,fine-tuned,
11119,fine-tuned,"5,4,6"
11120,fine-tuned,"2,4,2"
11121,fine-tuned,"3,5,5"
11122,fine-tuned,"4,5,6"
11123,fine-tuned,"5,3,5"
11124,fine-tuned,"6,5,2"
11125,fine-tuned,"5,3,6"
11126,fine-tuned,"1,2,3"
11127,fine-tuned,
11128,fine-tuned,
11129,fine-tuned,"2,3,3"
11130,fine-tuned,"4,1,1"
11131,fine-tuned,"6,4,3"
11132,fine-tuned,2
11133,fine-tuned,"5,6,1"
11134,fine-tuned,"3,6,1"
11135,fine-tuned,"1,5,5"
11136,fine-tuned,"4,3,1"
11137,fine-tuned,
11138,fine-tuned,
11139,fine-tuned,"1,3,1"
11140,fine-tuned,"5,5,4"
11141,fine-tuned,
11142,fine-tuned,"3,6,1"
11143,fine-tuned,"6,5,6"
11144,fine-tuned,"4,5,6"
11145,fine-tuned,"5,3,6"
11146,fine-tuned,"6,2,6"
11147,fine-tuned,
11148,fine-tuned,
11149,fine-tuned,
11150,fine-tuned,"5,1,5"
11151,fine-tuned,"5,1,3"
11152,fine-tuned,
11153,fine-tuned,"2,5,1"
11154,fine-tuned,1
11155,fine-tuned,"1,3,2"
11156,fine-tuned,"2,3,1"
11157,fine-tuned,
11158,fine-tuned,
11159,fine-tuned,"5,6,4"
11160,fine-tuned,
11161,fine-tuned,
11162,fine-tuned,2
11163,fine-tuned,"1,1,1"
11164,fine-tuned,"3,3,6"
11165,fine-tuned,"1,6,4"
11166,fine-tuned,
11167,fine-tuned,"3,1,6"
11168,fine-tuned,
11169,fine-tuned,"6,3,6"
11170,fine-tuned,
11171,fine-tuned,"4,5,1"
11172,fine-tuned,"4,6,2"
11173,fine-tuned,"4,5,1"
11174,fine-tuned,
11175,fine-tuned,
11176,fine-tuned,"2,6,4"
11177,fine-tuned,"5,4,6"
11178,fine-tuned,
11179,fine-tuned,"1,2,3"
11180,fine-tuned,"2,4,3"
11181,fine-tuned,"6,4,5"
11182,fine-tuned,"2,3,2"
11183,fine-tuned,
11184,fine-tuned,"6,5,6"
11185,fine-tuned,"2,1,5"
11186,fine-tuned,"4,6,3"
11187,fine-tuned,"5,1,3"
11188,fine-tuned,"2,3,4"
11189,fine-tuned,"4,1,3"
11190,fine-tuned,"3,6,1"
11191,fine-tuned,5
11192,fine-tuned,4
11193,fine-tuned,"3,1,4"
11194,fine-tuned,
11195,fine-tuned,
11196,fine-tuned,
11197,fine-tuned,"1,3,2"
11198,fine-tuned,"3,1,6"
11199,fine-tuned,
11200,fine-tuned,"3,5,1"
11201,fine-tuned,"3,6,1"
11202,fine-tuned,"1,4,2"
11203,fine-tuned,
11204,fine-tuned,
11205,fine-tuned,
11206,fine-tuned,
11207,fine-tuned,"2,5,5"
11208,fine-tuned,"5,6"
11209,fine-tuned,4
11210,fine-tuned,
11211,fine-tuned,"2,5,2"
11212,fine-tuned,
11213,fine-tuned,"3,4,4"
11214,fine-tuned,"1,2,3"
11215,fine-tuned,
11216,fine-tuned,"5,3,1"
11217,fine-tuned,"2,4,1"
11218,fine-tuned,
11219,fine-tuned,
11220,fine-tuned,1
11221,fine-tuned,"3,6,2"
11222,fine-tuned,"6,3,5"
11223,fine-tuned,
11224,fine-tuned,
11225,fine-tuned,"3,5,5"
11226,fine-tuned,"1,2,5"
11227,fine-tuned,"1,6,1"
11228,fine-tuned,1
11229,fine-tuned,"2,6,4"
11230,fine-tuned,"1,1,4"
11231,fine-tuned,
11232,fine-tuned,
11233,fine-tuned,"5,1,3"
11234,fine-tuned,
11235,fine-tuned,
11236,fine-tuned,"2,4,6"
11237,fine-tuned,
11238,fine-tuned,"4,3,5"
11239,fine-tuned,"1,1,6"
11240,fine-tuned,
11241,fine-tuned,
11242,fine-tuned,
11243,fine-tuned,"3,6,3"
11244,fine-tuned,"5,1,6"
11245,fine-tuned,
11246,fine-tuned,
11247,fine-tuned,"1,6"
11248,fine-tuned,"2,2"
11249,fine-tuned,
11250,fine-tuned,"2,5,3"
11251,fine-tuned,"4,2,3"
11252,fine-tuned,
11253,fine-tuned,"3,1,6"
11254,fine-tuned,"1,4,4"
11255,fine-tuned,"1,2,5"
11256,fine-tuned,"4,5,1"
11257,fine-tuned,"5,3,1"
11258,fine-tuned,"4,1"
11259,fine-tuned,"1,5,2"
11260,fine-tuned,"6,1,3"
11261,fine-tuned,3
11262,fine-tuned,"1,1,6"
11263,fine-tuned,"5,2,6"
11264,fine-tuned,"6,2,2"
11265,fine-tuned,
11266,fine-tuned,"6,5"
11267,fine-tuned,
11268,fine-tuned,"2,2,4"
11269,fine-tuned,"1,6,3"
11270,fine-tuned,"5,1,4"
11271,fine-tuned,"2,3,4"
11272,fine-tuned,2
11273,fine-tuned,"5,4,4"
11274,fine-tuned,
11275,fine-tuned,"1,2,3"
11276,fine-tuned,2
11277,fine-tuned,"3,2,3"
11278,fine-tuned,"1,4,2"
11279,fine-tuned,"4,3,5"
11280,fine-tuned,"2,3,2"
11281,fine-tuned,"3,5,1"
11282,fine-tuned,"5,3,3"
11283,fine-tuned,"3,1,6"
11284,fine-tuned,3
11285,fine-tuned,"1,1,3"
11286,fine-tuned,"2,5,2"
11287,fine-tuned,"3,1,3"
11288,fine-tuned,
11289,fine-tuned,"6,2,6"
11290,fine-tuned,"3,3,1"
11291,fine-tuned,
11292,fine-tuned,"3,6,3"
11293,fine-tuned,"6,2,4"
11294,fine-tuned,
11295,fine-tuned,"4,3,3"
11296,fine-tuned,"5,5,5"
11297,fine-tuned,
11298,fine-tuned,"1,3,2"
11299,fine-tuned,
11300,fine-tuned,
11301,fine-tuned,
11302,fine-tuned,"4,2,1"
11303,fine-tuned,"3,5,4"
11304,fine-tuned,"1,1,1"
11305,fine-tuned,"6,4,2"
11306,fine-tuned,"3,5,1"
11307,fine-tuned,"1,3,5"
11308,fine-tuned,
11309,fine-tuned,"4,1,4"
11310,fine-tuned,"1,2,3"
11311,fine-tuned,
11312,fine-tuned,"2,2,2"
11313,fine-tuned,
11314,fine-tuned,"5,5,4"
11315,fine-tuned,2
11316,fine-tuned,"1,2,4"
11317,fine-tuned,
11318,fine-tuned,"2,2,5"
11319,fine-tuned,"4,6,5"
11320,fine-tuned,"5,1,5"
11321,fine-tuned,"4,1,5"
11322,fine-tuned,"1,5,3"
11323,fine-tuned,"1,3,6"
11324,fine-tuned,"3,3"
11325,fine-tuned,
11326,fine-tuned,
11327,fine-tuned,"1,2,3"
11328,fine-tuned,"1,4,3"
11329,fine-tuned,"3,4,4"
11330,fine-tuned,"3,2,4"
11331,fine-tuned,"5,6,4"
11332,fine-tuned,
11333,fine-tuned,"1,3,2"
11334,fine-tuned,"1,2,6"
11335,fine-tuned,"4,3,3"
11336,fine-tuned,"3,4,1"
11337,fine-tuned,"2,2,4"
11338,fine-tuned,
11339,fine-tuned,"1,6,1"
11340,fine-tuned,"6,2,2"
11341,fine-tuned,"4,4,4"
11342,fine-tuned,"3,1,3"
11343,fine-tuned,"5,4,3"
11344,fine-tuned,"2,4,3"
11345,fine-tuned,"3,5,5"
11346,fine-tuned,"3,3,4"
11347,fine-tuned,"6,2,2"
11348,fine-tuned,"3,2,2"
11349,fine-tuned,"3,5,6"
11350,fine-tuned,"1,2,3"
11351,fine-tuned,
11352,fine-tuned,"3,1,1"
11353,fine-tuned,"4,6,6"
11354,fine-tuned,"2,1,1"
11355,fine-tuned,"5,1,6"
11356,fine-tuned,
11357,fine-tuned,"1,5,4"
11358,fine-tuned,"2,2,1"
11359,fine-tuned,"4,2,1"
11360,fine-tuned,
11361,fine-tuned,"2,5,3"
11362,fine-tuned,"4,4,5"
11363,fine-tuned,
11364,fine-tuned,"6,2"
11365,fine-tuned,"6,4"
11366,fine-tuned,
11367,fine-tuned,
11368,fine-tuned,
11369,fine-tuned,"6,4,2"
11370,fine-tuned,
11371,fine-tuned,
11372,fine-tuned,"1,1,2"
11373,fine-tuned,
11374,fine-tuned,"4,5,4"
11375,fine-tuned,"1,3,3"
11376,fine-tuned,"1,2,3"
11377,fine-tuned,"6,1,2"
11378,fine-tuned,"4,1,3"
11379,fine-tuned,
11380,fine-tuned,"3,1,3"
11381,fine-tuned,1
11382,fine-tuned,"4,3,2"
11383,fine-tuned,"4,5,4"
11384,fine-tuned,"5,4,2"
11385,fine-tuned,"3,3,5"
11386,fine-tuned,"5,5,1"
11387,fine-tuned,
11388,fine-tuned,
11389,fine-tuned,
11390,fine-tuned,"3,1,5"
11391,fine-tuned,"1,6,6"
11392,fine-tuned,"6,5,1"
11393,fine-tuned,"1,6"
11394,fine-tuned,"1,3,1"
11395,fine-tuned,"1,4,1"
11396,fine-tuned,"5,1,3"
11397,fine-tuned,"5,3,1"
11398,fine-tuned,"3,3"
11399,fine-tuned,
11400,fine-tuned,"3,4,2"
11401,fine-tuned,
11402,fine-tuned,
11403,fine-tuned,"4,3,6"
11404,fine-tuned,"2,3,1"
11405,fine-tuned,"2,5,5"
11406,fine-tuned,"5,5,3"
11407,fine-tuned,"1,2,3"
11408,fine-tuned,"5,6,4"
11409,fine-tuned,"2,2"
11410,fine-tuned,"4,1,4"
11411,fine-tuned,"4,6,2"
11412,fine-tuned,"6,5,6"
11413,fine-tuned,"1,4,1"
11414,fine-tuned,
11415,fine-tuned,"4,2,6"
11416,fine-tuned,"6,3,5"
11417,fine-tuned,"2,3,4"
11418,fine-tuned,"6,4,4"
11419,fine-tuned,"3,2,3"
11420,fine-tuned,
11421,fine-tuned,
11422,fine-tuned,"2,3,4"
11423,fine-tuned,"6,5,5"
11424,fine-tuned,1
11425,fine-tuned,
11426,fine-tuned,"4,2,2"
11427,fine-tuned,"4,6,4"
11428,fine-tuned,"2,5,1"
11429,fine-tuned,"3,6,5"
11430,fine-tuned,"3,1,6"
11431,fine-tuned,
11432,fine-tuned,"3,2"
11433,fine-tuned,"6,5,3"
11434,fine-tuned,
11435,fine-tuned,
11436,fine-tuned,"4,4,6"
11437,fine-tuned,"1,4,6"
11438,fine-tuned,"3,4,3"
11439,fine-tuned,"1,2,3"
11440,fine-tuned,"4,1,1"
11441,fine-tuned,"4,1,1"
11442,fine-tuned,
11443,fine-tuned,
11444,fine-tuned,"1,2,3"
11445,fine-tuned,"1,6,3"
11446,fine-tuned,"5,2,3"
11447,fine-tuned,"4,5,5"
11448,fine-tuned,"5,5,3"
11449,fine-tuned,"3,4,2"
11450,fine-tuned,"5,4,5"
11451,fine-tuned,"3,1,6"
11452,fine-tuned,"6,4,4"
11453,fine-tuned,"1,1,4"
11454,fine-tuned,"3,6,1"
11455,fine-tuned,
11456,fine-tuned,
11457,fine-tuned,"2,5,3"
11458,fine-tuned,"3,2,4"
11459,fine-tuned,
11460,fine-tuned,"2,3,4"
11461,fine-tuned,"4,5,4"
11462,fine-tuned,
11463,fine-tuned,"3,5,5"
11464,fine-tuned,"4,3,3"
11465,fine-tuned,"4,1,5"
11466,fine-tuned,"3,3"
11467,fine-tuned,
11468,fine-tuned,
11469,fine-tuned,
11470,fine-tuned,"1,2,3"
11471,fine-tuned,
11472,fine-tuned,"6,4,5"
11473,fine-tuned,"6,3,4"
11474,fine-tuned,"6,4,2"
11475,fine-tuned,"3,2"
11476,fine-tuned,"1,4"
11477,fine-tuned,"3,2,2"
11478,fine-tuned,"1,2,4"
11479,fine-tuned,
11480,fine-tuned,
11481,fine-tuned,
11482,fine-tuned,
11483,fine-tuned,
11484,fine-tuned,"3,1,5"
11485,fine-tuned,"5,5"
11486,fine-tuned,"2,3,5"
11487,fine-tuned,"2,4,2"
11488,fine-tuned,"6,5,1"
11489,fine-tuned,"4,4,5"
11490,fine-tuned,"5,6,6"
11491,fine-tuned,"4,3,5"
11492,fine-tuned,"2,4,4"
11493,fine-tuned,"1,2,1"
11494,fine-tuned,"1,5,5"
11495,fine-tuned,
11496,fine-tuned,"5,1,3"
11497,fine-tuned,"4,5,3"
11498,fine-tuned,
11499,fine-tuned,"3,1,6"
11500,fine-tuned,"4,1,3"
11501,fine-tuned,
11502,fine-tuned,2
11503,fine-tuned,"4,6,2"
11504,fine-tuned,
11505,fine-tuned,
11506,fine-tuned,
11507,fine-tuned,"2,6,3"
11508,fine-tuned,"1,2,5"
11509,fine-tuned,"6,5,5"
11510,fine-tuned,"5,3,6"
11511,fine-tuned,
11512,fine-tuned,
11513,fine-tuned,"1,4,6"
11514,fine-tuned,
11515,fine-tuned,"6,1"
11516,fine-tuned,
11517,fine-tuned,"6,5,3"
11518,fine-tuned,
11519,fine-tuned,"2,2,5"
11520,fine-tuned,
11521,fine-tuned,
11522,fine-tuned,"3,3,2"
11523,fine-tuned,"1,4,6"
11524,fine-tuned,"5,5,3"
11525,fine-tuned,"3,6,5"
11526,fine-tuned,"6,4,3"
11527,fine-tuned,"4,3,1"
11528,fine-tuned,3
11529,fine-tuned,"6,2,2"
11530,fine-tuned,"2,6,5"
11531,fine-tuned,
11532,fine-tuned,"2,1,3"
11533,fine-tuned,"3,6,4"
11534,fine-tuned,"3,2,4"
11535,fine-tuned,"2,3,2"
11536,fine-tuned,
11537,fine-tuned,
11538,fine-tuned,"2,2,3"
11539,fine-tuned,"4,3,2"
11540,fine-tuned,"3,1,3"
11541,fine-tuned,"5,1,6"
11542,fine-tuned,"4,1"
11543,fine-tuned,"2,4,3"
11544,fine-tuned,"4,6,5"
11545,fine-tuned,"4,2,3"
11546,fine-tuned,"6,3,5"
11547,fine-tuned,"4,4,4"
11548,fine-tuned,"1,2,2"
11549,fine-tuned,
11550,fine-tuned,"3,2,6"
11551,fine-tuned,"1,1,6"
11552,fine-tuned,"1,4,5"
11553,fine-tuned,"5,1,6"
11554,fine-tuned,
11555,fine-tuned,"6,1,2"
11556,fine-tuned,"2,3,3"
11557,fine-tuned,"6,2,6"
11558,fine-tuned,
11559,fine-tuned,"3,2,4"
11560,fine-tuned,"1,2,3"
11561,fine-tuned,"1,1,2"
11562,fine-tuned,"5,1,2"
11563,fine-tuned,"4,2,4"
11564,fine-tuned,"3,1,4"
11565,fine-tuned,"6,3,2"
11566,fine-tuned,
11567,fine-tuned,
11568,fine-tuned,"3,4,3"
11569,fine-tuned,"1,4,3"
11570,fine-tuned,"5,2,2"
11571,fine-tuned,"1,3,5"
11572,fine-tuned,
11573,fine-tuned,"3,5,1"
11574,fine-tuned,"1,3,1"
11575,fine-tuned,
11576,fine-tuned,"3,2,1"
11577,fine-tuned,1
11578,fine-tuned,
11579,fine-tuned,
11580,fine-tuned,"4,2,3"
11581,fine-tuned,
11582,fine-tuned,"5,2,6"
11583,fine-tuned,"2,3"
11584,fine-tuned,"6,4,4"
11585,fine-tuned,
11586,fine-tuned,
11587,fine-tuned,
11588,fine-tuned,
11589,fine-tuned,
11590,fine-tuned,"3,2,6"
11591,fine-tuned,"3,1,6"
11592,fine-tuned,"3,5"
11593,fine-tuned,
11594,fine-tuned,
11595,fine-tuned,"1,3,5"
11596,fine-tuned,"2,6,2"
11597,fine-tuned,"3,1,6"
11598,fine-tuned,"1,3,3"
11599,fine-tuned,
11600,fine-tuned,"4,4,3"
11601,fine-tuned,"1,2,2"
11602,fine-tuned,"4,2,5"
11603,fine-tuned,"6,2"
11604,fine-tuned,"1,3,2"
11605,fine-tuned,"4,2,2"
11606,fine-tuned,
11607,fine-tuned,"5,2,4"
11608,fine-tuned,"3,4,2"
11609,fine-tuned,"2,6,5"
11610,fine-tuned,"6,3,6"
11611,fine-tuned,"3,2,2"
11612,fine-tuned,"6,4,1"
11613,fine-tuned,
11614,fine-tuned,
11615,fine-tuned,"1,1,6"
11616,fine-tuned,"1,6,5"
11617,fine-tuned,"3,3,2"
11618,fine-tuned,
11619,fine-tuned,"1,2,1"
11620,fine-tuned,"1,2,1"
11621,fine-tuned,"2,5,3"
11622,fine-tuned,"4,5,3"
11623,fine-tuned,"1,2,3"
11624,fine-tuned,"5,4,1"
11625,fine-tuned,
11626,fine-tuned,1
11627,fine-tuned,"1,1,6"
11628,fine-tuned,
11629,fine-tuned,"5,4,1"
11630,fine-tuned,
11631,fine-tuned,"4,6,3"
11632,fine-tuned,
11633,fine-tuned,"4,6,6"
11634,fine-tuned,
11635,fine-tuned,"1,1,6"
11636,fine-tuned,"6,2,3"
11637,fine-tuned,"3,5"
11638,fine-tuned,
11639,fine-tuned,"5,1,2"
11640,fine-tuned,"3,3"
11641,fine-tuned,"6,3,5"
11642,fine-tuned,
11643,fine-tuned,"6,3,2"
11644,fine-tuned,"5,4,5"
11645,fine-tuned,"4,2,2"
11646,fine-tuned,"6,5,2"
11647,fine-tuned,
11648,fine-tuned,"3,1,6"
11649,fine-tuned,"1,2,3"
11650,fine-tuned,
11651,fine-tuned,2
11652,fine-tuned,"1,4"
11653,fine-tuned,"5,3,3"
11654,fine-tuned,4
11655,fine-tuned,"6,5,3"
11656,fine-tuned,"5,3,6"
11657,fine-tuned,"3,6,5"
11658,fine-tuned,"3,1,3"
11659,fine-tuned,
11660,fine-tuned,"1,3,1"
11661,fine-tuned,
11662,fine-tuned,
11663,fine-tuned,
11664,fine-tuned,
11665,fine-tuned,"2,2,4"
11666,fine-tuned,6
11667,fine-tuned,"4,2,5"
11668,fine-tuned,
11669,fine-tuned,
11670,fine-tuned,"1,6,6"
11671,fine-tuned,"1,5,3"
11672,fine-tuned,"3,1,3"
11673,fine-tuned,"5,2,4"
11674,fine-tuned,3
11675,fine-tuned,"6,2,1"
11676,fine-tuned,
11677,fine-tuned,"5,1,2"
11678,fine-tuned,
11679,fine-tuned,"5,5,6"
11680,fine-tuned,
11681,fine-tuned,"1,4,1"
11682,fine-tuned,"3,3,3"
11683,fine-tuned,"3,1,6"
11684,fine-tuned,"6,3,2"
11685,fine-tuned,1
11686,fine-tuned,"3,4,3"
11687,fine-tuned,"1,6,4"
11688,fine-tuned,1
11689,fine-tuned,"3,1,6"
11690,fine-tuned,"2,5,2"
11691,fine-tuned,
11692,fine-tuned,"5,4,3"
11693,fine-tuned,"3,3"
11694,fine-tuned,
11695,fine-tuned,"5,3,1"
11696,fine-tuned,
11697,fine-tuned,
11698,fine-tuned,"3,3"
11699,fine-tuned,"3,1,5"
11700,fine-tuned,"1,6,5"
11701,fine-tuned,"2,6,2"
11702,fine-tuned,"4,5,2"
11703,fine-tuned,
11704,fine-tuned,
11705,fine-tuned,"4,6,2"
11706,fine-tuned,"5,1,1"
11707,fine-tuned,"4,1,6"
11708,fine-tuned,"3,2,3"
11709,fine-tuned,
11710,fine-tuned,"4,6,4"
11711,fine-tuned,
11712,fine-tuned,"2,1,6"
11713,fine-tuned,"1,5,1"
11714,fine-tuned,"1,1,6"
11715,fine-tuned,"4,1,4"
11716,fine-tuned,
11717,fine-tuned,"3,1,2"
11718,fine-tuned,"3,5,4"
11719,fine-tuned,"5,6,3"
11720,fine-tuned,
11721,fine-tuned,
11722,fine-tuned,"3,1,4"
11723,fine-tuned,"3,1,2"
11724,fine-tuned,"6,2,2"
11725,fine-tuned,
11726,fine-tuned,"4,1,1"
11727,fine-tuned,"4,1,4"
11728,fine-tuned,"6,3,5"
11729,fine-tuned,"1,5,3"
11730,fine-tuned,"6,5,2"
11731,fine-tuned,"1,2,4"
11732,fine-tuned,
11733,fine-tuned,"6,4,4"
11734,fine-tuned,"6,4,4"
11735,fine-tuned,"1,2,3"
11736,fine-tuned,"5,6,5"
11737,fine-tuned,"5,4,1"
11738,fine-tuned,"3,1,6"
11739,fine-tuned,
11740,fine-tuned,"2,1"
11741,fine-tuned,"3,5,3"
11742,fine-tuned,
11743,fine-tuned,"5,6,5"
11744,fine-tuned,"3,2,3"
11745,fine-tuned,"6,3,6"
11746,fine-tuned,"3,5,2"
11747,fine-tuned,
11748,fine-tuned,"3,1,4"
11749,fine-tuned,
11750,fine-tuned,"5,5,3"
11751,fine-tuned,"6,6,4"
11752,fine-tuned,"1,2,6"
11753,fine-tuned,"4,4,6"
11754,fine-tuned,"2,6,3"
11755,fine-tuned,"3,2"
11756,fine-tuned,"6,6,1"
11757,fine-tuned,
11758,fine-tuned,
11759,fine-tuned,"4,5,4"
11760,fine-tuned,"3,4,1"
11761,fine-tuned,"2,2,2"
11762,fine-tuned,"3,2,3"
11763,fine-tuned,
11764,fine-tuned,"2,1,2"
11765,fine-tuned,"3,4,3"
11766,fine-tuned,"3,5,3"
11767,fine-tuned,
11768,fine-tuned,"1,3,2"
11769,fine-tuned,"3,2"
11770,fine-tuned,
11771,fine-tuned,"1,4,4"
11772,fine-tuned,"4,1,6"
11773,fine-tuned,
11774,fine-tuned,
11775,fine-tuned,
11776,fine-tuned,"6,3,5"
11777,fine-tuned,"1,1,4"
11778,fine-tuned,"3,1,3"
11779,fine-tuned,"3,2,5"
11780,fine-tuned,"1,2,1"
11781,fine-tuned,3
11782,fine-tuned,"4,6,4"
11783,fine-tuned,"5,4,3"
11784,fine-tuned,"5,5,4"
11785,fine-tuned,"4,4,3"
11786,fine-tuned,"1,6"
11787,fine-tuned,
11788,fine-tuned,"1,3,1"
11789,fine-tuned,"4,6,5"
11790,fine-tuned,5
11791,fine-tuned,"3,2,3"
11792,fine-tuned,
11793,fine-tuned,"4,4,6"
11794,fine-tuned,"3,2,2"
11795,fine-tuned,"5,4,4"
11796,fine-tuned,
11797,fine-tuned,
11798,fine-tuned,
11799,fine-tuned,"3,4,1"
11800,fine-tuned,"6,5,2"
11801,fine-tuned,3
11802,fine-tuned,"4,3,3"
11803,fine-tuned,
11804,fine-tuned,"4,5,2"
11805,fine-tuned,"5,4,3"
11806,fine-tuned,"3,3,3"
11807,fine-tuned,"4,4,3"
11808,fine-tuned,"5,2,5"
11809,fine-tuned,3
11810,fine-tuned,
11811,fine-tuned,"3,1,6"
11812,fine-tuned,"1,3,6"
11813,fine-tuned,"1,2,3"
11814,fine-tuned,"1,2,1"
11815,fine-tuned,"2,2,5"
11816,fine-tuned,"6,2,6"
11817,fine-tuned,"4,4,2"
11818,fine-tuned,"5,2,6"
11819,fine-tuned,"1,3,3"
11820,fine-tuned,"4,4,6"
11821,fine-tuned,"4,1,4"
11822,fine-tuned,"6,4,4"
11823,fine-tuned,
11824,fine-tuned,
11825,fine-tuned,
11826,fine-tuned,"2,6,5"
11827,fine-tuned,
11828,fine-tuned,"3,6,3"
11829,fine-tuned,"2,4,1"
11830,fine-tuned,
11831,fine-tuned,
11832,fine-tuned,"1,3,6"
11833,fine-tuned,"4,4,5"
11834,fine-tuned,
11835,fine-tuned,"1,6"
11836,fine-tuned,
11837,fine-tuned,
11838,fine-tuned,"4,3,5"
11839,fine-tuned,"3,1,6"
11840,fine-tuned,
11841,fine-tuned,"3,1,1"
11842,fine-tuned,"4,3,2"
11843,fine-tuned,"2,6,1"
11844,fine-tuned,"5,2,6"
11845,fine-tuned,"4,4,5"
11846,fine-tuned,"3,1,5"
11847,fine-tuned,
11848,fine-tuned,
11849,fine-tuned,3
11850,fine-tuned,"4,4,1"
11851,fine-tuned,
11852,fine-tuned,
11853,fine-tuned,
11854,fine-tuned,1
11855,fine-tuned,
11856,fine-tuned,"6,2,2"
11857,fine-tuned,"5,4,6"
11858,fine-tuned,"1,1,2"
11859,fine-tuned,"4,5,2"
11860,fine-tuned,"1,4,1"
11861,fine-tuned,"3,3,6"
11862,fine-tuned,
11863,fine-tuned,
11864,fine-tuned,"1,4,5"
11865,fine-tuned,"3,3,2"
11866,fine-tuned,
11867,fine-tuned,"1,2,5"
11868,fine-tuned,
11869,fine-tuned,"2,5,1"
11870,fine-tuned,"1,5,1"
11871,fine-tuned,
11872,fine-tuned,"2,3,4"
11873,fine-tuned,
11874,fine-tuned,"1,1,4"
11875,fine-tuned,
11876,fine-tuned,
11877,fine-tuned,"3,4,5"
11878,fine-tuned,"2,6,3"
11879,fine-tuned,"2,5,4"
11880,fine-tuned,
11881,fine-tuned,"5,5,3"
11882,fine-tuned,
11883,fine-tuned,"4,5,6"
11884,fine-tuned,"3,1,6"
11885,fine-tuned,
11886,fine-tuned,"5,1,1"
11887,fine-tuned,3
11888,fine-tuned,"4,2,3"
11889,fine-tuned,
11890,fine-tuned,"1,5,6"
11891,fine-tuned,"6,3,2"
11892,fine-tuned,
11893,fine-tuned,"2,1"
11894,fine-tuned,
11895,fine-tuned,"1,1,6"
11896,fine-tuned,"1,2,3"
11897,fine-tuned,"2,2,5"
11898,fine-tuned,"5,5"
11899,fine-tuned,"5,3,3"
11900,fine-tuned,"4,1,1"
11901,fine-tuned,
11902,fine-tuned,"4,6,5"
11903,fine-tuned,1
11904,fine-tuned,"2,4,6"
11905,fine-tuned,"5,4,2"
11906,fine-tuned,"3,6,2"
11907,fine-tuned,
11908,fine-tuned,"3,1,1"
11909,fine-tuned,"1,5,3"
11910,fine-tuned,
11911,fine-tuned,
11912,fine-tuned,"3,6,1"
11913,fine-tuned,"1,3,1"
11914,fine-tuned,
11915,fine-tuned,"1,3,2"
11916,fine-tuned,"5,5,1"
11917,fine-tuned,
11918,fine-tuned,"1,2,6"
11919,fine-tuned,"3,6,4"
11920,fine-tuned,
11921,fine-tuned,"1,1,3"
11922,fine-tuned,"1,4"
11923,fine-tuned,"2,5,2"
11924,fine-tuned,"1,1,6"
11925,fine-tuned,
11926,fine-tuned,"5,6,4"
11927,fine-tuned,"6,1,5"
11928,fine-tuned,2
11929,fine-tuned,"5,3,2"
11930,fine-tuned,
11931,fine-tuned,"5,2,3"
11932,fine-tuned,"3,6,4"
11933,fine-tuned,"2,6,4"
11934,fine-tuned,3
11935,fine-tuned,
11936,fine-tuned,"3,6,1"
11937,fine-tuned,"6,4,1"
11938,fine-tuned,"2,3,1"
11939,fine-tuned,"3,5,3"
11940,fine-tuned,"4,3,6"
11941,fine-tuned,"4,2,5"
11942,fine-tuned,"2,5,3"
11943,fine-tuned,"2,1,4"
11944,fine-tuned,"3,5,2"
11945,fine-tuned,"4,3,2"
11946,fine-tuned,
11947,fine-tuned,
11948,fine-tuned,"1,6,6"
11949,fine-tuned,
11950,fine-tuned,"1,3,1"
11951,fine-tuned,"1,6,2"
11952,fine-tuned,"1,1,4"
11953,fine-tuned,"1,5,3"
11954,fine-tuned,"6,1,2"
11955,fine-tuned,"3,4,2"
11956,fine-tuned,6
11957,fine-tuned,"3,5"
11958,fine-tuned,"1,6,1"
11959,fine-tuned,
11960,fine-tuned,"2,1,4"
11961,fine-tuned,"3,6,3"
11962,fine-tuned,
11963,fine-tuned,5
11964,fine-tuned,"1,2,3"
11965,fine-tuned,
11966,fine-tuned,"5,4,1"
11967,fine-tuned,"3,4,2"
11968,fine-tuned,
11969,fine-tuned,1
11970,fine-tuned,"5,2,3"
11971,fine-tuned,
11972,fine-tuned,"5,6,1"
11973,fine-tuned,
11974,fine-tuned,
11975,fine-tuned,3
11976,fine-tuned,"3,1,6"
11977,fine-tuned,"3,6,6"
11978,fine-tuned,"6,4,2"
11979,fine-tuned,"4,2,4"
11980,fine-tuned,"1,5,2"
11981,fine-tuned,3
11982,fine-tuned,"2,5,4"
11983,fine-tuned,"4,3,1"
11984,fine-tuned,"4,1,1"
11985,fine-tuned,"2,3,1"
11986,fine-tuned,3
11987,fine-tuned,"4,5,4"
11988,fine-tuned,3
11989,fine-tuned,"5,5,5"
11990,fine-tuned,5
11991,fine-tuned,
11992,fine-tuned,"6,2,1"
11993,fine-tuned,"1,2,3"
11994,fine-tuned,"1,2,3"
11995,fine-tuned,"3,4,4"
11996,fine-tuned,"3,3"
11997,fine-tuned,
11998,fine-tuned,
11999,fine-tuned,"4,1,2"
12000,fine-tuned,"3,4,6"
12001,fine-tuned,5
12002,fine-tuned,"1,2,3"
12003,fine-tuned,"5,4,6"
12004,fine-tuned,"1,2"
12005,fine-tuned,"5,2,4"
12006,fine-tuned,"1,2,1"
12007,fine-tuned,
12008,fine-tuned,"5,1,5"
12009,fine-tuned,
12010,fine-tuned,
12011,fine-tuned,"1,3,2"
12012,fine-tuned,"4,2,3"
12013,fine-tuned,
12014,fine-tuned,"3,5,6"
12015,fine-tuned,"2,5,3"
12016,fine-tuned,"6,2,4"
12017,fine-tuned,"1,2,3"
12018,fine-tuned,"6,6,4"
12019,fine-tuned,"3,2,6"
12020,fine-tuned,"5,4,5"
12021,fine-tuned,"5,4,3"
12022,fine-tuned,
12023,fine-tuned,"4,6,3"
12024,fine-tuned,
12025,fine-tuned,"4,4,1"
12026,fine-tuned,"1,1,6"
12027,fine-tuned,"3,4,5"
12028,fine-tuned,"4,1,2"
12029,fine-tuned,"2,4,1"
12030,fine-tuned,
12031,fine-tuned,"2,4,1"
12032,fine-tuned,"2,6,4"
12033,fine-tuned,"5,6,2"
12034,fine-tuned,"4,6,5"
12035,fine-tuned,"4,1,5"
12036,fine-tuned,"4,6,3"
12037,fine-tuned,"6,5,6"
12038,fine-tuned,"5,1,3"
12039,fine-tuned,
12040,fine-tuned,"5,5,5"
12041,fine-tuned,"3,3,5"
12042,fine-tuned,"2,1,3"
12043,fine-tuned,"5,4,5"
12044,fine-tuned,"2,6,4"
12045,fine-tuned,"6,3,3"
12046,fine-tuned,
12047,fine-tuned,"6,3,4"
12048,fine-tuned,
12049,fine-tuned,
12050,fine-tuned,
12051,fine-tuned,"4,4,1"
12052,fine-tuned,3
12053,fine-tuned,"3,5,5"
12054,fine-tuned,"1,5,3"
12055,fine-tuned,"3,1,6"
12056,fine-tuned,
12057,fine-tuned,"1,2,6"
12058,fine-tuned,"2,3,3"
12059,fine-tuned,
12060,fine-tuned,"6,1,5"
12061,fine-tuned,
12062,fine-tuned,3
12063,fine-tuned,"4,2,5"
12064,fine-tuned,"5,2,2"
12065,fine-tuned,
12066,fine-tuned,
12067,fine-tuned,"5,3,4"
12068,fine-tuned,"1,2"
12069,fine-tuned,"1,5,2"
12070,fine-tuned,"2,3,6"
12071,fine-tuned,"1,2,3"
12072,fine-tuned,
12073,fine-tuned,2
12074,fine-tuned,"5,5,1"
12075,fine-tuned,5
12076,fine-tuned,"3,2,6"
12077,fine-tuned,"1,1,5"
12078,fine-tuned,
12079,fine-tuned,
12080,fine-tuned,"4,5,5"
12081,fine-tuned,"1,5,2"
12082,fine-tuned,"1,6"
12083,fine-tuned,"1,3,3"
12084,fine-tuned,"1,1"
12085,fine-tuned,"3,1,6"
12086,fine-tuned,"1,6,4"
12087,fine-tuned,"4,3,2"
12088,fine-tuned,
12089,fine-tuned,"3,1"
12090,fine-tuned,"6,3,4"
12091,fine-tuned,
12092,fine-tuned,"1,1,2"
12093,fine-tuned,"1,2,4"
12094,fine-tuned,"6,2,4"
12095,fine-tuned,1
12096,fine-tuned,"3,1,6"
12097,fine-tuned,
12098,fine-tuned,1
12099,fine-tuned,"3,5,4"
12100,fine-tuned,"3,6,1"
12101,fine-tuned,"4,5,1"
12102,fine-tuned,
12103,fine-tuned,
12104,fine-tuned,"3,1,6"
12105,fine-tuned,
12106,fine-tuned,
12107,fine-tuned,"4,3,2"
12108,fine-tuned,"6,2,3"
12109,fine-tuned,"3,4,6"
12110,fine-tuned,"3,1,2"
12111,fine-tuned,"1,3,6"
12112,fine-tuned,
12113,fine-tuned,"2,5,6"
12114,fine-tuned,
12115,fine-tuned,"4,2,5"
12116,fine-tuned,
12117,fine-tuned,"6,5,2"
12118,fine-tuned,"4,5,2"
12119,fine-tuned,
12120,fine-tuned,
12121,fine-tuned,"3,6,1"
12122,fine-tuned,"3,4,6"
12123,fine-tuned,"4,3,4"
12124,fine-tuned,3
12125,fine-tuned,"1,4,3"
12126,fine-tuned,"4,5"
12127,fine-tuned,"6,3,1"
12128,fine-tuned,"1,4,3"
12129,fine-tuned,"6,1,4"
12130,fine-tuned,"4,2"
12131,fine-tuned,
12132,fine-tuned,"4,5,6"
12133,fine-tuned,
12134,fine-tuned,"1,2,3"
12135,fine-tuned,"1,2,3"
12136,fine-tuned,"2,3,4"
12137,fine-tuned,"6,5,1"
12138,fine-tuned,
12139,fine-tuned,"1,6"
12140,fine-tuned,"5,1,2"
12141,fine-tuned,"1,2,5"
12142,fine-tuned,
12143,fine-tuned,
12144,fine-tuned,"1,6,1"
12145,fine-tuned,"4,1,4"
12146,fine-tuned,
12147,fine-tuned,"3,1,6"
12148,fine-tuned,"2,2,6"
12149,fine-tuned,"2,2,4"
12150,fine-tuned,"5,4"
12151,fine-tuned,"2,2,3"
12152,fine-tuned,"3,1,2"
12153,fine-tuned,
12154,fine-tuned,
12155,fine-tuned,"6,4,4"
12156,fine-tuned,"4,3,5"
12157,fine-tuned,
12158,fine-tuned,
12159,fine-tuned,
12160,fine-tuned,4
12161,fine-tuned,
12162,fine-tuned,"4,3"
12163,fine-tuned,"3,1,2"
12164,fine-tuned,"3,1"
12165,fine-tuned,
12166,fine-tuned,"1,2,3"
12167,fine-tuned,"3,6,3"
12168,fine-tuned,
12169,fine-tuned,"2,5,6"
12170,fine-tuned,"2,5,1"
12171,fine-tuned,"5,5,6"
12172,fine-tuned,
12173,fine-tuned,
12174,fine-tuned,"3,1"
12175,fine-tuned,"3,5,3"
12176,fine-tuned,
12177,fine-tuned,"1,5,3"
12178,fine-tuned,
12179,fine-tuned,
12180,fine-tuned,
12181,fine-tuned,"3,2,3"
12182,fine-tuned,
12183,fine-tuned,
12184,fine-tuned,"2,6,4"
12185,fine-tuned,
12186,fine-tuned,
12187,fine-tuned,"4,3,2"
12188,fine-tuned,"1,5,2"
12189,fine-tuned,"3,4,2"
12190,fine-tuned,
12191,fine-tuned,"6,4,4"
12192,fine-tuned,"3,4,4"
12193,fine-tuned,"2,4,6"
12194,fine-tuned,"3,2,3"
12195,fine-tuned,"5,1,6"
12196,fine-tuned,"2,6,3"
12197,fine-tuned,"2,2"
12198,fine-tuned,"1,6"
12199,fine-tuned,"4,1,1"
12200,fine-tuned,2
12201,fine-tuned,"1,1"
12202,fine-tuned,
12203,fine-tuned,"4,6,4"
12204,fine-tuned,
12205,fine-tuned,"3,3,6"
12206,fine-tuned,"4,5"
12207,fine-tuned,
12208,fine-tuned,
12209,fine-tuned,"3,5,1"
12210,fine-tuned,"1,3,2"
12211,fine-tuned,"6,2"
12212,fine-tuned,"3,2,1"
12213,fine-tuned,3
12214,fine-tuned,
12215,fine-tuned,"3,2,2"
12216,fine-tuned,"6,4,3"
12217,fine-tuned,
12218,fine-tuned,"4,3,6"
12219,fine-tuned,
12220,fine-tuned,"1,2,1"
12221,fine-tuned,"5,2,6"
12222,fine-tuned,
12223,fine-tuned,
12224,fine-tuned,"4,6,6"
12225,fine-tuned,"4,3,3"
12226,fine-tuned,"1,5,6"
12227,fine-tuned,"1,2,4"
12228,fine-tuned,"2,4,5"
12229,fine-tuned,"3,4,3"
12230,fine-tuned,"3,5,6"
12231,fine-tuned,"1,6"
12232,fine-tuned,"1,5,4"
12233,fine-tuned,6
12234,fine-tuned,
12235,fine-tuned,"3,1,3"
12236,fine-tuned,
12237,fine-tuned,"2,4,1"
12238,fine-tuned,"4,4,2"
12239,fine-tuned,2
12240,fine-tuned,"5,2,4"
12241,fine-tuned,"1,4,5"
12242,fine-tuned,
12243,fine-tuned,
12244,fine-tuned,
12245,fine-tuned,"1,2,5"
12246,fine-tuned,"4,6,5"
12247,fine-tuned,"4,3,3"
12248,fine-tuned,"4,2,2"
12249,fine-tuned,
12250,fine-tuned,
12251,fine-tuned,"5,5"
12252,fine-tuned,
12253,fine-tuned,
12254,fine-tuned,"2,6,1"
12255,fine-tuned,
12256,fine-tuned,"3,5,4"
12257,fine-tuned,"6,6,5"
12258,fine-tuned,"2,1,5"
12259,fine-tuned,"2,5,4"
12260,fine-tuned,"4,3,3"
12261,fine-tuned,"5,2,5"
12262,fine-tuned,
12263,fine-tuned,
12264,fine-tuned,
12265,fine-tuned,
12266,fine-tuned,"3,4"
12267,fine-tuned,"5,6,4"
12268,fine-tuned,"5,1,6"
12269,fine-tuned,"4,2,2"
12270,fine-tuned,"4,1,5"
12271,fine-tuned,"1,6"
12272,fine-tuned,5
12273,fine-tuned,
12274,fine-tuned,"2,6,5"
12275,fine-tuned,"1,6,2"
12276,fine-tuned,
12277,fine-tuned,"1,2"
12278,fine-tuned,"1,2"
12279,fine-tuned,"1,3,1"
12280,fine-tuned,"6,2,1"
12281,fine-tuned,"2,3"
12282,fine-tuned,
12283,fine-tuned,"1,6,5"
12284,fine-tuned,"1,5,2"
12285,fine-tuned,
12286,fine-tuned,
12287,fine-tuned,3
12288,fine-tuned,6
12289,fine-tuned,"3,5,1"
12290,fine-tuned,
12291,fine-tuned,"6,1,4"
12292,fine-tuned,
12293,fine-tuned,
12294,fine-tuned,"1,1,1"
12295,fine-tuned,
12296,fine-tuned,"4,4,1"
12297,fine-tuned,"4,6,6"
12298,fine-tuned,
12299,fine-tuned,
12300,fine-tuned,
12301,fine-tuned,"5,5,5"
12302,fine-tuned,"3,5,1"
12303,fine-tuned,"1,4,6"
12304,fine-tuned,"5,2,2"
12305,fine-tuned,
12306,fine-tuned,"4,4,2"
12307,fine-tuned,"6,1,2"
12308,fine-tuned,"1,5,5"
12309,fine-tuned,
12310,fine-tuned,"1,5,4"
12311,fine-tuned,"2,3,5"
12312,fine-tuned,"3,5,2"
12313,fine-tuned,"3,1,1"
12314,fine-tuned,"1,4,2"
12315,fine-tuned,"1,4,2"
12316,fine-tuned,
12317,fine-tuned,"2,2,5"
12318,fine-tuned,
12319,fine-tuned,
12320,fine-tuned,"3,1,2"
12321,fine-tuned,"4,5,4"
12322,fine-tuned,"1,2,1"
12323,fine-tuned,
12324,fine-tuned,
12325,fine-tuned,"1,3,6"
12326,fine-tuned,4
12327,fine-tuned,"1,2,1"
12328,fine-tuned,
12329,fine-tuned,"2,3,1"
12330,fine-tuned,"4,3,4"
12331,fine-tuned,"3,6,4"
12332,fine-tuned,"4,6,6"
12333,fine-tuned,3
12334,fine-tuned,
12335,fine-tuned,"5,6,1"
12336,fine-tuned,
12337,fine-tuned,"5,1,6"
12338,fine-tuned,
12339,fine-tuned,"6,6,5"
12340,fine-tuned,
12341,fine-tuned,
12342,fine-tuned,4
12343,fine-tuned,"3,1,2"
12344,fine-tuned,
12345,fine-tuned,"1,3,5"
12346,fine-tuned,"5,3,5"
12347,fine-tuned,2
12348,fine-tuned,"2,2,2"
12349,fine-tuned,
12350,fine-tuned,"6,2,1"
12351,fine-tuned,"2,5,2"
12352,fine-tuned,
12353,fine-tuned,"5,2,3"
12354,fine-tuned,
12355,fine-tuned,
12356,fine-tuned,"3,3,3"
12357,fine-tuned,"2,5,3"
12358,fine-tuned,"1,3,1"
12359,fine-tuned,
12360,fine-tuned,
12361,fine-tuned,"1,2,3"
12362,fine-tuned,"3,6,3"
12363,fine-tuned,"5,4,5"
12364,fine-tuned,
12365,fine-tuned,
12366,fine-tuned,"2,1,1"
12367,fine-tuned,"1,2,3"
12368,fine-tuned,"5,5"
12369,fine-tuned,
12370,fine-tuned,"2,6,6"
12371,fine-tuned,
12372,fine-tuned,"5,3,1"
12373,fine-tuned,"1,3,6"
12374,fine-tuned,
12375,fine-tuned,"3,3,2"
12376,fine-tuned,"2,4,4"
12377,fine-tuned,"3,6,1"
12378,fine-tuned,"3,4,6"
12379,fine-tuned,"1,5,6"
12380,fine-tuned,"2,2"
12381,fine-tuned,"3,5,2"
12382,fine-tuned,"6,1,4"
12383,fine-tuned,
12384,fine-tuned,
12385,fine-tuned,"2,5,4"
12386,fine-tuned,"3,1,3"
12387,fine-tuned,"6,4,6"
12388,fine-tuned,"3,6,5"
12389,fine-tuned,"1,3,5"
12390,fine-tuned,
12391,fine-tuned,"1,4,1"
12392,fine-tuned,"1,1,4"
12393,fine-tuned,
12394,fine-tuned,"3,5,6"
12395,fine-tuned,
12396,fine-tuned,
12397,fine-tuned,"3,5,4"
12398,fine-tuned,
12399,fine-tuned,"3,5,1"
12400,fine-tuned,4
12401,fine-tuned,
12402,fine-tuned,"2,5,2"
12403,fine-tuned,
12404,fine-tuned,
12405,fine-tuned,
12406,fine-tuned,"4,1,6"
12407,fine-tuned,
12408,fine-tuned,
12409,fine-tuned,"4,5,5"
12410,fine-tuned,
12411,fine-tuned,"2,5,3"
12412,fine-tuned,
12413,fine-tuned,"6,2,1"
12414,fine-tuned,"2,6,2"
12415,fine-tuned,2
12416,fine-tuned,"1,6"
12417,fine-tuned,"4,2,3"
12418,fine-tuned,"5,5,5"
12419,fine-tuned,"6,2,1"
12420,fine-tuned,"2,6"
12421,fine-tuned,2
12422,fine-tuned,
12423,fine-tuned,"2,6,3"
12424,fine-tuned,"1,1,5"
12425,fine-tuned,"5,1,6"
12426,fine-tuned,"2,5,2"
12427,fine-tuned,"3,1,5"
12428,fine-tuned,"6,3,6"
12429,fine-tuned,"3,1"
12430,fine-tuned,
12431,fine-tuned,"6,5,2"
12432,fine-tuned,1
12433,fine-tuned,"1,2"
12434,fine-tuned,"2,2,5"
12435,fine-tuned,
12436,fine-tuned,"1,2"
12437,fine-tuned,"1,5,6"
12438,fine-tuned,"2,2,1"
12439,fine-tuned,"4,4,5"
12440,fine-tuned,
12441,fine-tuned,
12442,fine-tuned,"3,1,3"
12443,fine-tuned,"5,6,3"
12444,fine-tuned,"5,1,6"
12445,fine-tuned,"3,2,4"
12446,fine-tuned,"1,5,5"
12447,fine-tuned,
12448,fine-tuned,"5,6"
12449,fine-tuned,3
12450,fine-tuned,"5,1,6"
12451,fine-tuned,"4,5"
12452,fine-tuned,"1,4,6"
12453,fine-tuned,"6,4,4"
12454,fine-tuned,"3,6,4"
12455,fine-tuned,
12456,fine-tuned,
12457,fine-tuned,"2,3,3"
12458,fine-tuned,"5,2"
12459,fine-tuned,"5,3,3"
12460,fine-tuned,"4,6,3"
12461,fine-tuned,"5,6,4"
12462,fine-tuned,"6,5,2"
12463,fine-tuned,"3,1,4"
12464,fine-tuned,
12465,fine-tuned,"2,4,6"
12466,fine-tuned,
12467,fine-tuned,"3,3"
12468,fine-tuned,"1,1"
12469,fine-tuned,"1,2,3"
12470,fine-tuned,"2,6,1"
12471,fine-tuned,"6,3,5"
12472,fine-tuned,"1,2,1"
12473,fine-tuned,"4,5,2"
12474,fine-tuned,"4,5,5"
12475,fine-tuned,"3,1,6"
12476,fine-tuned,
12477,fine-tuned,
12478,fine-tuned,"2,5,3"
12479,fine-tuned,"2,2,5"
12480,fine-tuned,"4,4,2"
12481,fine-tuned,"2,5,6"
12482,fine-tuned,"2,3,1"
12483,fine-tuned,
12484,fine-tuned,"1,5,5"
12485,fine-tuned,
12486,fine-tuned,"2,4,3"
12487,fine-tuned,
12488,fine-tuned,
12489,fine-tuned,1
12490,fine-tuned,
12491,fine-tuned,"1,2,3"
12492,fine-tuned,"2,2,4"
12493,fine-tuned,"5,4,6"
12494,fine-tuned,"5,1,2"
12495,fine-tuned,
12496,fine-tuned,1
12497,fine-tuned,
12498,fine-tuned,"3,5,3"
12499,fine-tuned,
12500,fine-tuned,
12501,fine-tuned,
12502,fine-tuned,"5,4,3"
12503,fine-tuned,"1,6"
12504,fine-tuned,"1,6,1"
12505,fine-tuned,"2,3,6"
12506,fine-tuned,"1,1,1"
12507,fine-tuned,"4,2,4"
12508,fine-tuned,"4,3,5"
12509,fine-tuned,
12510,fine-tuned,"4,5,3"
12511,fine-tuned,
12512,fine-tuned,"3,3,1"
12513,fine-tuned,"2,1,2"
12514,fine-tuned,"2,4,3"
12515,fine-tuned,
12516,fine-tuned,"6,1,6"
12517,fine-tuned,"2,1,5"
12518,fine-tuned,"5,6,4"
12519,fine-tuned,
12520,fine-tuned,
12521,fine-tuned,"4,6,5"
12522,fine-tuned,"1,3"
12523,fine-tuned,
12524,fine-tuned,"6,5,3"
12525,fine-tuned,
12526,fine-tuned,"2,2,2"
12527,fine-tuned,
12528,fine-tuned,
12529,fine-tuned,
12530,fine-tuned,"2,4,4"
12531,fine-tuned,"1,5,1"
12532,fine-tuned,"5,5,2"
12533,fine-tuned,
12534,fine-tuned,"1,2"
12535,fine-tuned,"5,3,3"
12536,fine-tuned,
12537,fine-tuned,"6,1,2"
12538,fine-tuned,"6,5,2"
12539,fine-tuned,
12540,fine-tuned,"1,5,1"
12541,fine-tuned,"1,3,5"
12542,fine-tuned,"1,2,3"
12543,fine-tuned,
12544,fine-tuned,
12545,fine-tuned,
12546,fine-tuned,"6,6,5"
12547,fine-tuned,"1,6,1"
12548,fine-tuned,
12549,fine-tuned,"5,5,4"
12550,fine-tuned,"1,5,1"
12551,fine-tuned,
12552,fine-tuned,"1,4,3"
12553,fine-tuned,6
12554,fine-tuned,"3,6,1"
12555,fine-tuned,
12556,fine-tuned,"3,2,3"
12557,fine-tuned,
12558,fine-tuned,"1,5,1"
12559,fine-tuned,"5,2,5"
12560,fine-tuned,"3,5,1"
12561,fine-tuned,"2,5,3"
12562,fine-tuned,
12563,fine-tuned,1
12564,fine-tuned,"6,2,5"
12565,fine-tuned,"2,1,4"
12566,fine-tuned,3
12567,fine-tuned,
12568,fine-tuned,2
12569,fine-tuned,
12570,fine-tuned,
12571,fine-tuned,"6,3,5"
12572,fine-tuned,"4,5,3"
12573,fine-tuned,"3,2,1"
12574,fine-tuned,"3,2,3"
12575,fine-tuned,"6,5,1"
12576,fine-tuned,
12577,fine-tuned,"5,3,3"
12578,fine-tuned,
12579,fine-tuned,
12580,fine-tuned,
12581,fine-tuned,3
12582,fine-tuned,"6,6,4"
12583,fine-tuned,"6,6,3"
12584,fine-tuned,"2,1,5"
12585,fine-tuned,"5,2,5"
12586,fine-tuned,"1,3,2"
12587,fine-tuned,"6,3,4"
12588,fine-tuned,2
12589,fine-tuned,"6,2,1"
12590,fine-tuned,"1,6,3"
12591,fine-tuned,
12592,fine-tuned,"5,4,5"
12593,fine-tuned,"5,4,3"
12594,fine-tuned,"2,4,2"
12595,fine-tuned,"5,3,5"
12596,fine-tuned,"5,1,2"
12597,fine-tuned,
12598,fine-tuned,
12599,fine-tuned,"4,1,1"
12600,fine-tuned,
12601,fine-tuned,"3,4,5"
12602,fine-tuned,4
12603,fine-tuned,"3,3,5"
12604,fine-tuned,"2,5,6"
12605,fine-tuned,"6,3,6"
12606,fine-tuned,"3,2,1"
12607,fine-tuned,"3,3"
12608,fine-tuned,"6,4,2"
12609,fine-tuned,
12610,fine-tuned,
12611,fine-tuned,
12612,fine-tuned,"6,2"
12613,fine-tuned,
12614,fine-tuned,"2,2,4"
12615,fine-tuned,"5,3,6"
12616,fine-tuned,"1,3"
12617,fine-tuned,"3,6,2"
12618,fine-tuned,
12619,fine-tuned,"5,6,3"
12620,fine-tuned,
12621,fine-tuned,"6,2,4"
12622,fine-tuned,"4,2,3"
12623,fine-tuned,
12624,fine-tuned,"3,5,5"
12625,fine-tuned,"4,5,5"
12626,fine-tuned,"1,2,3"
12627,fine-tuned,"6,3,5"
12628,fine-tuned,"4,4,3"
12629,fine-tuned,"3,1,6"
12630,fine-tuned,"4,3,2"
12631,fine-tuned,"1,5,2"
12632,fine-tuned,
12633,fine-tuned,"5,1,6"
12634,fine-tuned,"1,3,2"
12635,fine-tuned,"3,2,4"
12636,fine-tuned,
12637,fine-tuned,"2,4"
12638,fine-tuned,"2,4"
12639,fine-tuned,"4,5,6"
12640,fine-tuned,"1,3,3"
12641,fine-tuned,
12642,fine-tuned,"3,5,2"
12643,fine-tuned,"5,6,4"
12644,fine-tuned,"2,4,1"
12645,fine-tuned,"5,5,5"
12646,fine-tuned,"3,5"
12647,fine-tuned,
12648,fine-tuned,"3,4,3"
12649,fine-tuned,
12650,fine-tuned,"1,1,2"
12651,fine-tuned,
12652,fine-tuned,"1,5,5"
12653,fine-tuned,1
12654,fine-tuned,"1,5,3"
12655,fine-tuned,"3,6,2"
12656,fine-tuned,"2,4,6"
12657,fine-tuned,"1,6,2"
12658,fine-tuned,"1,1,1"
12659,fine-tuned,"1,6"
12660,fine-tuned,"3,1"
12661,fine-tuned,"4,1,5"
12662,fine-tuned,
12663,fine-tuned,"1,2,3"
12664,fine-tuned,"3,5,2"
12665,fine-tuned,"3,5,3"
12666,fine-tuned,1
12667,fine-tuned,"1,5,2"
12668,fine-tuned,
12669,fine-tuned,
12670,fine-tuned,"3,2,4"
12671,fine-tuned,"4,3"
12672,fine-tuned,
12673,fine-tuned,6
12674,fine-tuned,"1,3"
12675,fine-tuned,"2,5,5"
12676,fine-tuned,"2,4,3"
12677,fine-tuned,"3,3,3"
12678,fine-tuned,"6,5,4"
12679,fine-tuned,"4,1,5"
12680,fine-tuned,
12681,fine-tuned,3
12682,fine-tuned,"4,5,5"
12683,fine-tuned,
12684,fine-tuned,"4,1,5"
12685,fine-tuned,"6,4,3"
12686,fine-tuned,
12687,fine-tuned,
12688,fine-tuned,"2,1,4"
12689,fine-tuned,"5,5,2"
12690,fine-tuned,"5,2,5"
12691,fine-tuned,
12692,fine-tuned,
12693,fine-tuned,
12694,fine-tuned,
12695,fine-tuned,3
12696,fine-tuned,
12697,fine-tuned,
12698,fine-tuned,
12699,fine-tuned,"6,1,4"
12700,fine-tuned,"4,3"
12701,fine-tuned,"3,5,3"
12702,fine-tuned,"3,3,2"
12703,fine-tuned,"2,3,3"
12704,fine-tuned,"1,6"
12705,fine-tuned,3
12706,fine-tuned,
12707,fine-tuned,
12708,fine-tuned,"3,1,3"
12709,fine-tuned,
12710,fine-tuned,
12711,fine-tuned,"2,5,4"
12712,fine-tuned,
12713,fine-tuned,
12714,fine-tuned,"3,4,4"
12715,fine-tuned,"1,2,6"
12716,fine-tuned,"6,5,2"
12717,fine-tuned,"3,4,5"
12718,fine-tuned,
12719,fine-tuned,"6,2"
12720,fine-tuned,
12721,fine-tuned,"2,2,5"
12722,fine-tuned,"2,6,5"
12723,fine-tuned,"4,1,1"
12724,fine-tuned,
12725,fine-tuned,"6,2,1"
12726,fine-tuned,"2,5,6"
12727,fine-tuned,"3,2,4"
12728,fine-tuned,"1,4,4"
12729,fine-tuned,
12730,fine-tuned,"6,4,4"
12731,fine-tuned,"6,5,5"
12732,fine-tuned,"5,2,2"
12733,fine-tuned,
12734,fine-tuned,3
12735,fine-tuned,"2,3,2"
12736,fine-tuned,"6,5,6"
12737,fine-tuned,"4,4,2"
12738,fine-tuned,"3,4,1"
12739,fine-tuned,
12740,fine-tuned,"2,4,4"
12741,fine-tuned,2
12742,fine-tuned,1
12743,fine-tuned,"1,4,5"
12744,fine-tuned,"3,2,1"
12745,fine-tuned,"4,6,3"
12746,fine-tuned,
12747,fine-tuned,"2,5,4"
12748,fine-tuned,
12749,fine-tuned,"3,4,4"
12750,fine-tuned,"1,2,3"
12751,fine-tuned,"3,2,4"
12752,fine-tuned,"4,6,3"
12753,fine-tuned,"1,1,2"
12754,fine-tuned,"2,5,6"
12755,fine-tuned,
12756,fine-tuned,
12757,fine-tuned,
12758,fine-tuned,3
12759,fine-tuned,
12760,fine-tuned,"1,4,5"
12761,fine-tuned,"4,4,6"
12762,fine-tuned,
12763,fine-tuned,"1,2,3"
12764,fine-tuned,
12765,fine-tuned,"5,6,5"
12766,fine-tuned,"5,3,2"
12767,fine-tuned,3
12768,fine-tuned,
12769,fine-tuned,2
12770,fine-tuned,"4,1,1"
12771,fine-tuned,
12772,fine-tuned,"3,3,1"
12773,fine-tuned,
12774,fine-tuned,
12775,fine-tuned,
12776,fine-tuned,"3,6,2"
12777,fine-tuned,
12778,fine-tuned,"3,1,3"
12779,fine-tuned,"2,2,5"
12780,fine-tuned,"2,4,2"
12781,fine-tuned,6
12782,fine-tuned,
12783,fine-tuned,"4,2,4"
12784,fine-tuned,"1,6"
12785,fine-tuned,"4,5,1"
12786,fine-tuned,"2,4,6"
12787,fine-tuned,"6,2,6"
12788,fine-tuned,
12789,fine-tuned,"6,4,1"
12790,fine-tuned,"1,2,3"
12791,fine-tuned,6
12792,fine-tuned,
12793,fine-tuned,1
12794,fine-tuned,
12795,fine-tuned,"5,6,2"
12796,fine-tuned,"1,2,3"
12797,fine-tuned,
12798,fine-tuned,
12799,fine-tuned,
12800,fine-tuned,"4,2,5"
12801,fine-tuned,
12802,fine-tuned,"1,4,3"
12803,fine-tuned,"2,1"
12804,fine-tuned,
12805,fine-tuned,"4,5,2"
12806,fine-tuned,"3,3,1"
12807,fine-tuned,"5,3,4"
12808,fine-tuned,"4,4,2"
12809,fine-tuned,"2,6"
12810,fine-tuned,"1,5,4"
12811,fine-tuned,
12812,fine-tuned,"1,3,2"
12813,fine-tuned,"3,5,6"
12814,fine-tuned,
12815,fine-tuned,"1,4,3"
12816,fine-tuned,"1,2,3"
12817,fine-tuned,"4,1,6"
12818,fine-tuned,"3,1,4"
12819,fine-tuned,
12820,fine-tuned,
12821,fine-tuned,"5,2,1"
12822,fine-tuned,"1,4,5"
12823,fine-tuned,
12824,fine-tuned,"6,3"
12825,fine-tuned,"1,6"
12826,fine-tuned,
12827,fine-tuned,
12828,fine-tuned,"2,4"
12829,fine-tuned,
12830,fine-tuned,"5,3,2"
12831,fine-tuned,"2,5,2"
12832,fine-tuned,"1,2,3"
12833,fine-tuned,"1,6,1"
12834,fine-tuned,"1,2,3"
12835,fine-tuned,"3,4,3"
12836,fine-tuned,"4,2,6"
12837,fine-tuned,
12838,fine-tuned,
12839,fine-tuned,3
12840,fine-tuned,"1,2,3"
12841,fine-tuned,"1,4,2"
12842,fine-tuned,"5,6,2"
12843,fine-tuned,"2,3,2"
12844,fine-tuned,"3,3,6"
12845,fine-tuned,
12846,fine-tuned,"2,4,6"
12847,fine-tuned,"3,6,6"
12848,fine-tuned,"4,5,2"
12849,fine-tuned,"3,1,6"
12850,fine-tuned,"2,1,3"
12851,fine-tuned,"1,1,4"
12852,fine-tuned,"1,5,2"
12853,fine-tuned,"1,2"
12854,fine-tuned,
12855,fine-tuned,"1,4,3"
12856,fine-tuned,
12857,fine-tuned,"2,5,5"
12858,fine-tuned,"1,6,2"
12859,fine-tuned,6
12860,fine-tuned,"6,2,6"
12861,fine-tuned,
12862,fine-tuned,"2,5,1"
12863,fine-tuned,"1,6"
12864,fine-tuned,"3,1,6"
12865,fine-tuned,"1,1,3"
12866,fine-tuned,"3,1,3"
12867,fine-tuned,"4,3,4"
12868,fine-tuned,"3,4,2"
12869,fine-tuned,"5,3,3"
12870,fine-tuned,
12871,fine-tuned,3
12872,fine-tuned,
12873,fine-tuned,"5,5,2"
12874,fine-tuned,
12875,fine-tuned,
12876,fine-tuned,"2,1,1"
12877,fine-tuned,
12878,fine-tuned,"2,3,2"
12879,fine-tuned,"2,1,2"
12880,fine-tuned,"6,5,2"
12881,fine-tuned,"1,4,1"
12882,fine-tuned,"2,1,4"
12883,fine-tuned,
12884,fine-tuned,"4,5,3"
12885,fine-tuned,"2,3,2"
12886,fine-tuned,"3,3,4"
12887,fine-tuned,
12888,fine-tuned,"4,5,5"
12889,fine-tuned,
12890,fine-tuned,"1,1,1"
12891,fine-tuned,"1,6,4"
12892,fine-tuned,"5,6,2"
12893,fine-tuned,"2,5,2"
12894,fine-tuned,"5,2,2"
12895,fine-tuned,"2,2,6"
12896,fine-tuned,"1,4,3"
12897,fine-tuned,"2,3"
12898,fine-tuned,
12899,fine-tuned,"1,6,6"
12900,fine-tuned,
12901,fine-tuned,"1,4,3"
12902,fine-tuned,
12903,fine-tuned,"5,6,5"
12904,fine-tuned,
12905,fine-tuned,5
12906,fine-tuned,
12907,fine-tuned,"3,5,6"
12908,fine-tuned,"1,4,2"
12909,fine-tuned,
12910,fine-tuned,"1,4,2"
12911,fine-tuned,"1,3,4"
12912,fine-tuned,
12913,fine-tuned,
12914,fine-tuned,3
12915,fine-tuned,"3,6,1"
12916,fine-tuned,
12917,fine-tuned,"1,3,1"
12918,fine-tuned,
12919,fine-tuned,"5,2,4"
12920,fine-tuned,
12921,fine-tuned,
12922,fine-tuned,"3,3,4"
12923,fine-tuned,"2,6,6"
12924,fine-tuned,"3,4,3"
12925,fine-tuned,"4,1,5"
12926,fine-tuned,"1,4,5"
12927,fine-tuned,"6,6,6"
12928,fine-tuned,"3,6,6"
12929,fine-tuned,"1,6,3"
12930,fine-tuned,"1,6,4"
12931,fine-tuned,"2,6,1"
12932,fine-tuned,
12933,fine-tuned,"1,5"
12934,fine-tuned,
12935,fine-tuned,"2,3,6"
12936,fine-tuned,"6,5,1"
12937,fine-tuned,"1,1"
12938,fine-tuned,3
12939,fine-tuned,
12940,fine-tuned,"3,4,6"
12941,fine-tuned,"5,3,1"
12942,fine-tuned,"3,4,2"
12943,fine-tuned,"6,2,3"
12944,fine-tuned,"3,2,1"
12945,fine-tuned,"1,3,4"
12946,fine-tuned,"2,2,4"
12947,fine-tuned,
12948,fine-tuned,"5,1,6"
12949,fine-tuned,"6,6,6"
12950,fine-tuned,
12951,fine-tuned,"5,3,4"
12952,fine-tuned,"4,5"
12953,fine-tuned,"3,3,6"
12954,fine-tuned,"4,6,1"
12955,fine-tuned,
12956,fine-tuned,"6,4,4"
12957,fine-tuned,"2,3"
12958,fine-tuned,"5,1,5"
12959,fine-tuned,"3,3"
12960,fine-tuned,"1,5,3"
12961,fine-tuned,
12962,fine-tuned,"4,1,4"
12963,fine-tuned,
12964,fine-tuned,
12965,fine-tuned,
12966,fine-tuned,"3,1,6"
12967,fine-tuned,"2,5"
12968,fine-tuned,
12969,fine-tuned,"5,5,5"
12970,fine-tuned,"1,6"
12971,fine-tuned,"2,3,5"
12972,fine-tuned,"2,5,5"
12973,fine-tuned,
12974,fine-tuned,"2,1"
12975,fine-tuned,"1,4,1"
12976,fine-tuned,"4,6,2"
12977,fine-tuned,"1,5,2"
12978,fine-tuned,"4,3,1"
12979,fine-tuned,
12980,fine-tuned,
12981,fine-tuned,"6,6,4"
12982,fine-tuned,"6,5,1"
12983,fine-tuned,"3,6,5"
12984,fine-tuned,"1,1,4"
12985,fine-tuned,"2,2,1"
12986,fine-tuned,
12987,fine-tuned,"3,1,6"
12988,fine-tuned,"2,1,2"
12989,fine-tuned,
12990,fine-tuned,"2,4,6"
12991,fine-tuned,"4,3,3"
12992,fine-tuned,"4,5,3"
12993,fine-tuned,"4,2,6"
12994,fine-tuned,"3,5,6"
12995,fine-tuned,"5,6,5"
12996,fine-tuned,
12997,fine-tuned,"1,6,1"
12998,fine-tuned,
12999,fine-tuned,"2,3,4"
13000,fine-tuned,
13001,fine-tuned,"1,6,4"
13002,fine-tuned,"3,1,4"
13003,fine-tuned,"1,1,1"
13004,fine-tuned,"3,1,6"
13005,fine-tuned,"1,6,1"
13006,fine-tuned,"3,3"
13007,fine-tuned,"3,1,4"
13008,fine-tuned,3
13009,fine-tuned,
13010,fine-tuned,"6,2,5"
13011,fine-tuned,"3,4,2"
13012,fine-tuned,"2,1,6"
13013,fine-tuned,4
13014,fine-tuned,"6,4,6"
13015,fine-tuned,"5,1,6"
13016,fine-tuned,
13017,fine-tuned,"4,5,4"
13018,fine-tuned,"1,6,6"
13019,fine-tuned,
13020,fine-tuned,"3,3,3"
13021,fine-tuned,"1,3,5"
13022,fine-tuned,
13023,fine-tuned,"5,4,1"
13024,fine-tuned,"3,5,5"
13025,fine-tuned,
13026,fine-tuned,"3,2,6"
13027,fine-tuned,
13028,fine-tuned,"5,1,6"
13029,fine-tuned,"3,1,6"
13030,fine-tuned,
13031,fine-tuned,
13032,fine-tuned,
13033,fine-tuned,1
13034,fine-tuned,
13035,fine-tuned,"2,3,3"
13036,fine-tuned,
13037,fine-tuned,
13038,fine-tuned,
13039,fine-tuned,
13040,fine-tuned,"1,6,6"
13041,fine-tuned,
13042,fine-tuned,"1,2,3"
13043,fine-tuned,"3,3,2"
13044,fine-tuned,"5,6,5"
13045,fine-tuned,"4,1,6"
13046,fine-tuned,"1,4,5"
13047,fine-tuned,
13048,fine-tuned,"6,1,1"
13049,fine-tuned,"2,1,6"
13050,fine-tuned,"3,2,2"
13051,fine-tuned,"1,5,3"
13052,fine-tuned,"2,3,5"
13053,fine-tuned,"3,1,6"
13054,fine-tuned,3
13055,fine-tuned,3
13056,fine-tuned,
13057,fine-tuned,"1,4,4"
13058,fine-tuned,1
13059,fine-tuned,2
13060,fine-tuned,"3,6,3"
13061,fine-tuned,"3,3,1"
13062,fine-tuned,
13063,fine-tuned,3
13064,fine-tuned,
13065,fine-tuned,"3,2,2"
13066,fine-tuned,"4,1,2"
13067,fine-tuned,"5,1"
13068,fine-tuned,4
13069,fine-tuned,"6,6,3"
13070,fine-tuned,
13071,fine-tuned,"1,2"
13072,fine-tuned,"3,2,4"
13073,fine-tuned,"2,5,6"
13074,fine-tuned,"6,3,3"
13075,fine-tuned,"5,5,2"
13076,fine-tuned,"2,1,5"
13077,fine-tuned,"1,6"
13078,fine-tuned,"5,6,3"
13079,fine-tuned,"3,1"
13080,fine-tuned,3
13081,fine-tuned,"4,2,2"
13082,fine-tuned,"5,6,1"
13083,fine-tuned,"3,6,1"
13084,fine-tuned,"4,4,4"
13085,fine-tuned,"4,6,3"
13086,fine-tuned,
13087,fine-tuned,
13088,fine-tuned,"4,5,2"
13089,fine-tuned,"5,6,2"
13090,fine-tuned,
13091,fine-tuned,
13092,fine-tuned,"2,3"
13093,fine-tuned,"3,4"
13094,fine-tuned,"1,6,1"
13095,fine-tuned,3
13096,fine-tuned,
13097,fine-tuned,
13098,fine-tuned,"5,4,1"
13099,fine-tuned,"3,5,4"
13100,fine-tuned,"6,2,5"
13101,fine-tuned,"2,1,1"
13102,fine-tuned,
13103,fine-tuned,"4,6,3"
13104,fine-tuned,"2,6,3"
13105,fine-tuned,
13106,fine-tuned,
13107,fine-tuned,"1,3,5"
13108,fine-tuned,
13109,fine-tuned,"4,4,4"
13110,fine-tuned,3
13111,fine-tuned,
13112,fine-tuned,
13113,fine-tuned,"3,1,1"
13114,fine-tuned,
13115,fine-tuned,"1,2,1"
13116,fine-tuned,3
13117,fine-tuned,"2,1,4"
13118,fine-tuned,
13119,fine-tuned,"1,3,4"
13120,fine-tuned,3
13121,fine-tuned,"3,3,1"
13122,fine-tuned,
13123,fine-tuned,
13124,fine-tuned,"5,3,4"
13125,fine-tuned,
13126,fine-tuned,"4,3,2"
13127,fine-tuned,
13128,fine-tuned,"1,4,2"
13129,fine-tuned,"3,1,6"
13130,fine-tuned,"1,2,4"
13131,fine-tuned,"3,5"
13132,fine-tuned,
13133,fine-tuned,"3,2,5"
13134,fine-tuned,"3,5"
13135,fine-tuned,
13136,fine-tuned,
13137,fine-tuned,"3,3,2"
13138,fine-tuned,"3,2,4"
13139,fine-tuned,"4,3,5"
13140,fine-tuned,3
13141,fine-tuned,"4,3,3"
13142,fine-tuned,"1,3,2"
13143,fine-tuned,
13144,fine-tuned,"1,6"
13145,fine-tuned,
13146,fine-tuned,
13147,fine-tuned,
13148,fine-tuned,"3,3,2"
13149,fine-tuned,"3,4"
13150,fine-tuned,"1,3"
13151,fine-tuned,"2,3,2"
13152,fine-tuned,"1,5"
13153,fine-tuned,"3,1,4"
13154,fine-tuned,
13155,fine-tuned,"3,3,3"
13156,fine-tuned,
13157,fine-tuned,"2,6,3"
13158,fine-tuned,"3,1,4"
13159,fine-tuned,"2,4,3"
13160,fine-tuned,"6,3,5"
13161,fine-tuned,"5,6,5"
13162,fine-tuned,
13163,fine-tuned,"5,2,5"
13164,fine-tuned,"3,3,5"
13165,fine-tuned,"2,4,2"
13166,fine-tuned,
13167,fine-tuned,
13168,fine-tuned,"1,4,2"
13169,fine-tuned,"4,6,4"
13170,fine-tuned,
13171,fine-tuned,
13172,fine-tuned,
13173,fine-tuned,"5,3,4"
13174,fine-tuned,
13175,fine-tuned,
13176,fine-tuned,"2,2,4"
13177,fine-tuned,"3,6,5"
13178,fine-tuned,
13179,fine-tuned,"1,2,6"
13180,fine-tuned,"3,1,5"
13181,fine-tuned,"5,2,4"
13182,fine-tuned,"3,5,2"
13183,fine-tuned,"6,1,3"
13184,fine-tuned,
13185,fine-tuned,
13186,fine-tuned,"3,6,5"
13187,fine-tuned,
13188,fine-tuned,
13189,fine-tuned,"4,1,1"
13190,fine-tuned,"1,1,2"
13191,fine-tuned,"3,1"
13192,fine-tuned,"4,2,5"
13193,fine-tuned,"5,5,6"
13194,fine-tuned,5
13195,fine-tuned,"6,4,1"
13196,fine-tuned,
13197,fine-tuned,"5,6,3"
13198,fine-tuned,"2,1,4"
13199,fine-tuned,3
13200,fine-tuned,"4,3,2"
13201,fine-tuned,
13202,fine-tuned,"2,6,4"
13203,fine-tuned,"5,1,4"
13204,fine-tuned,"4,2,1"
13205,fine-tuned,2
13206,fine-tuned,"5,3,5"
13207,fine-tuned,"4,5,5"
13208,fine-tuned,4
13209,fine-tuned,"5,4,5"
13210,fine-tuned,"6,1,3"
13211,fine-tuned,
13212,fine-tuned,"6,3"
13213,fine-tuned,
13214,fine-tuned,
13215,fine-tuned,"3,6"
13216,fine-tuned,"1,1,2"
13217,fine-tuned,"6,3,3"
13218,fine-tuned,"1,1"
13219,fine-tuned,"6,3,4"
13220,fine-tuned,"2,3,5"
13221,fine-tuned,
13222,fine-tuned,
13223,fine-tuned,"3,3,4"
13224,fine-tuned,
13225,fine-tuned,
13226,fine-tuned,
13227,fine-tuned,
13228,fine-tuned,"1,4,2"
13229,fine-tuned,"1,5,3"
13230,fine-tuned,"3,3,2"
13231,fine-tuned,
13232,fine-tuned,"6,3,5"
13233,fine-tuned,"5,3,5"
13234,fine-tuned,"1,6"
13235,fine-tuned,"6,4,4"
13236,fine-tuned,"2,3"
13237,fine-tuned,"1,3,2"
13238,fine-tuned,"1,5,1"
13239,fine-tuned,
13240,fine-tuned,
13241,fine-tuned,"4,6,6"
13242,fine-tuned,3
13243,fine-tuned,"2,1,1"
13244,fine-tuned,
13245,fine-tuned,"2,5"
13246,fine-tuned,"1,2,3"
13247,fine-tuned,6
13248,fine-tuned,
13249,fine-tuned,1
13250,fine-tuned,
13251,fine-tuned,"6,1,2"
13252,fine-tuned,"2,2,1"
13253,fine-tuned,
13254,fine-tuned,"5,6,2"
13255,fine-tuned,"5,3,3"
13256,fine-tuned,"1,3"
13257,fine-tuned,"4,6,3"
13258,fine-tuned,"1,3,4"
13259,fine-tuned,"6,1,6"
13260,fine-tuned,"5,2,3"
13261,fine-tuned,"4,5,4"
13262,fine-tuned,"2,3,6"
13263,fine-tuned,"4,3,5"
13264,fine-tuned,"5,6,2"
13265,fine-tuned,"1,2"
13266,fine-tuned,"2,5,2"
13267,fine-tuned,"1,2,1"
13268,fine-tuned,
13269,fine-tuned,1
13270,fine-tuned,"5,3,3"
13271,fine-tuned,"6,1,1"
13272,fine-tuned,"1,1,1"
13273,fine-tuned,"1,4,2"
13274,fine-tuned,"3,4,2"
13275,fine-tuned,
13276,fine-tuned,"5,5,6"
13277,fine-tuned,
13278,fine-tuned,
13279,fine-tuned,
13280,fine-tuned,
13281,fine-tuned,
13282,fine-tuned,"5,6,2"
13283,fine-tuned,"6,4,1"
13284,fine-tuned,
13285,fine-tuned,
13286,fine-tuned,
13287,fine-tuned,"4,5,3"
13288,fine-tuned,3
13289,fine-tuned,"1,2,3"
13290,fine-tuned,
13291,fine-tuned,3
13292,fine-tuned,"2,1,6"
13293,fine-tuned,"3,4"
13294,fine-tuned,"4,2,2"
13295,fine-tuned,
13296,fine-tuned,
13297,fine-tuned,"3,2,3"
13298,fine-tuned,"6,3,3"
13299,fine-tuned,"6,6,4"
13300,fine-tuned,"3,6,5"
13301,fine-tuned,
13302,fine-tuned,"1,6,1"
13303,fine-tuned,"5,6,2"
13304,fine-tuned,"1,3,2"
13305,fine-tuned,
13306,fine-tuned,"2,1,6"
13307,fine-tuned,3
13308,fine-tuned,
13309,fine-tuned,
13310,fine-tuned,"4,4,2"
13311,fine-tuned,
13312,fine-tuned,"1,1,4"
13313,fine-tuned,"3,3,2"
13314,fine-tuned,"4,1,6"
13315,fine-tuned,"3,3,3"
13316,fine-tuned,"2,4,2"
13317,fine-tuned,"4,1,4"
13318,fine-tuned,"4,4,3"
13319,fine-tuned,"1,3"
13320,fine-tuned,
13321,fine-tuned,"3,4,2"
13322,fine-tuned,"5,5,4"
13323,fine-tuned,"5,2,3"
13324,fine-tuned,"5,3,4"
13325,fine-tuned,"4,3,2"
13326,fine-tuned,"4,5,5"
13327,fine-tuned,"1,2,5"
13328,fine-tuned,"4,6,2"
13329,fine-tuned,"6,5,5"
13330,fine-tuned,"1,6,5"
13331,fine-tuned,"3,4,1"
13332,fine-tuned,"3,6,2"
13333,fine-tuned,"4,4,3"
13334,fine-tuned,"5,4,3"
13335,fine-tuned,"5,3,2"
13336,fine-tuned,"3,6"
13337,fine-tuned,"5,1,5"
13338,fine-tuned,"2,6,4"
13339,fine-tuned,"1,2,3"
13340,fine-tuned,
13341,fine-tuned,
13342,fine-tuned,
13343,fine-tuned,"1,1,4"
13344,fine-tuned,"1,4,2"
13345,fine-tuned,"3,4,1"
13346,fine-tuned,
13347,fine-tuned,3
13348,fine-tuned,"3,6,3"
13349,fine-tuned,"6,4,5"
13350,fine-tuned,"2,4,2"
13351,fine-tuned,5
13352,fine-tuned,
13353,fine-tuned,
13354,fine-tuned,"6,1,2"
13355,fine-tuned,"2,6,1"
13356,fine-tuned,"3,1"
13357,fine-tuned,"4,5,4"
13358,fine-tuned,"4,6,6"
13359,fine-tuned,"6,3,2"
13360,fine-tuned,
13361,fine-tuned,"5,4,2"
13362,fine-tuned,"6,5,1"
13363,fine-tuned,"5,2,3"
13364,fine-tuned,
13365,fine-tuned,
13366,fine-tuned,"1,4,6"
13367,fine-tuned,"1,1,1"
13368,fine-tuned,"5,4,3"
13369,fine-tuned,"6,1,4"
13370,fine-tuned,
13371,fine-tuned,
13372,fine-tuned,"3,3,1"
13373,fine-tuned,"1,4,4"
13374,fine-tuned,
13375,fine-tuned,3
13376,fine-tuned,
13377,fine-tuned,"1,5,5"
13378,fine-tuned,"1,3,1"
13379,fine-tuned,5
13380,fine-tuned,5
13381,fine-tuned,
13382,fine-tuned,"3,5,1"
13383,fine-tuned,"5,3,6"
13384,fine-tuned,"4,5,6"
13385,fine-tuned,
13386,fine-tuned,"5,6,1"
13387,fine-tuned,
13388,fine-tuned,"2,4,3"
13389,fine-tuned,
13390,fine-tuned,"2,5,3"
13391,fine-tuned,"4,1,1"
13392,fine-tuned,"1,5,4"
13393,fine-tuned,
13394,fine-tuned,"1,2,5"
13395,fine-tuned,"5,5,5"
13396,fine-tuned,"1,2,6"
13397,fine-tuned,"2,3,1"
13398,fine-tuned,
13399,fine-tuned,"4,1,5"
13400,fine-tuned,
13401,fine-tuned,"4,5,2"
13402,fine-tuned,"3,6"
13403,fine-tuned,"2,3,4"
13404,fine-tuned,
13405,fine-tuned,
13406,fine-tuned,"6,3,2"
13407,fine-tuned,"6,3,4"
13408,fine-tuned,
13409,fine-tuned,
13410,fine-tuned,"3,5,5"
13411,fine-tuned,"2,1,6"
13412,fine-tuned,"4,2,3"
13413,fine-tuned,"1,2,6"
13414,fine-tuned,"3,4,1"
13415,fine-tuned,
13416,fine-tuned,"3,5,6"
13417,fine-tuned,
13418,fine-tuned,"2,5,5"
13419,fine-tuned,
13420,fine-tuned,"5,2,6"
13421,fine-tuned,
13422,fine-tuned,"4,5,6"
13423,fine-tuned,"5,6,2"
13424,fine-tuned,"3,5,6"
13425,fine-tuned,"1,4,4"
13426,fine-tuned,"3,1"
13427,fine-tuned,"5,6,6"
13428,fine-tuned,
13429,fine-tuned,
13430,fine-tuned,"2,1,3"
13431,fine-tuned,
13432,fine-tuned,
13433,fine-tuned,2
13434,fine-tuned,"4,4,3"
13435,fine-tuned,"3,3,5"
13436,fine-tuned,"3,1,6"
13437,fine-tuned,"2,1,5"
13438,fine-tuned,
13439,fine-tuned,"5,2,5"
13440,fine-tuned,1
13441,fine-tuned,"2,3,5"
13442,fine-tuned,"6,5,5"
13443,fine-tuned,"3,1,3"
13444,fine-tuned,"3,3"
13445,fine-tuned,"5,1"
13446,fine-tuned,"1,3,5"
13447,fine-tuned,
13448,fine-tuned,"1,3,6"
13449,fine-tuned,"6,5,1"
13450,fine-tuned,"1,6,3"
13451,fine-tuned,"5,5,2"
13452,fine-tuned,"5,2,4"
13453,fine-tuned,
13454,fine-tuned,3
13455,fine-tuned,"3,1,5"
13456,fine-tuned,"3,1,1"
13457,fine-tuned,"3,5,6"
13458,fine-tuned,
13459,fine-tuned,
13460,fine-tuned,"4,4,2"
13461,fine-tuned,4
13462,fine-tuned,"2,3,6"
13463,fine-tuned,"1,1,2"
13464,fine-tuned,
13465,fine-tuned,"1,6,1"
13466,fine-tuned,"3,4,3"
13467,fine-tuned,
13468,fine-tuned,"6,1,6"
13469,fine-tuned,"3,2,6"
13470,fine-tuned,"6,6,2"
13471,fine-tuned,"3,2,6"
13472,fine-tuned,"2,5,3"
13473,fine-tuned,"3,3,3"
13474,fine-tuned,"3,4,2"
13475,fine-tuned,"4,6,4"
13476,fine-tuned,4
13477,fine-tuned,"3,6,6"
13478,fine-tuned,
13479,fine-tuned,
13480,fine-tuned,"6,5,1"
13481,fine-tuned,"4,4,4"
13482,fine-tuned,
13483,fine-tuned,"5,4,1"
13484,fine-tuned,"3,6,4"
13485,fine-tuned,"5,3,1"
13486,fine-tuned,
13487,fine-tuned,
13488,fine-tuned,"2,1,2"
13489,fine-tuned,"2,3,3"
13490,fine-tuned,"2,4,2"
13491,fine-tuned,
13492,fine-tuned,"2,3,4"
13493,fine-tuned,"5,4,1"
13494,fine-tuned,
13495,fine-tuned,"5,1,6"
13496,fine-tuned,"1,4,5"
13497,fine-tuned,
13498,fine-tuned,"4,3,2"
13499,fine-tuned,"3,1,4"
13500,fine-tuned,
13501,fine-tuned,
13502,fine-tuned,"4,4,5"
13503,fine-tuned,"6,4,5"
13504,fine-tuned,"5,6,2"
13505,fine-tuned,
13506,fine-tuned,3
13507,fine-tuned,
13508,fine-tuned,"1,4"
13509,fine-tuned,"3,3,1"
13510,fine-tuned,"5,3,1"
13511,fine-tuned,"1,3,1"
13512,fine-tuned,
13513,fine-tuned,"4,1,3"
13514,fine-tuned,
13515,fine-tuned,2
13516,fine-tuned,
13517,fine-tuned,"1,4,5"
13518,fine-tuned,
13519,fine-tuned,"1,2,3"
13520,fine-tuned,3
13521,fine-tuned,6
13522,fine-tuned,
13523,fine-tuned,3
13524,fine-tuned,
13525,fine-tuned,
13526,fine-tuned,"2,4,1"
13527,fine-tuned,
13528,fine-tuned,"5,6,5"
13529,fine-tuned,"2,5,6"
13530,fine-tuned,
13531,fine-tuned,"2,3"
13532,fine-tuned,"4,6,1"
13533,fine-tuned,"4,5,3"
13534,fine-tuned,
13535,fine-tuned,"3,1,6"
13536,fine-tuned,
13537,fine-tuned,"1,6,5"
13538,fine-tuned,"6,4"
13539,fine-tuned,
13540,fine-tuned,"6,1,6"
13541,fine-tuned,"2,1,2"
13542,fine-tuned,"4,6,6"
13543,fine-tuned,
13544,fine-tuned,"1,4,5"
13545,fine-tuned,"2,6,3"
13546,fine-tuned,"1,6,2"
13547,fine-tuned,"2,5,1"
13548,fine-tuned,"4,3,5"
13549,fine-tuned,"2,4,1"
13550,fine-tuned,
13551,fine-tuned,"4,3,4"
13552,fine-tuned,"1,5,5"
13553,fine-tuned,"3,4,4"
13554,fine-tuned,"1,1,6"
13555,fine-tuned,"3,5,4"
13556,fine-tuned,"2,1,3"
13557,fine-tuned,"1,6,2"
13558,fine-tuned,
13559,fine-tuned,"4,3,4"
13560,fine-tuned,
13561,fine-tuned,4
13562,fine-tuned,
13563,fine-tuned,3
13564,fine-tuned,"5,5,3"
13565,fine-tuned,"6,1,4"
13566,fine-tuned,"3,3"
13567,fine-tuned,
13568,fine-tuned,"1,3"
13569,fine-tuned,"4,1,4"
13570,fine-tuned,"1,4,6"
13571,fine-tuned,"6,6,1"
13572,fine-tuned,3
13573,fine-tuned,
13574,fine-tuned,"3,2,6"
13575,fine-tuned,"3,2,5"
13576,fine-tuned,"5,3,3"
13577,fine-tuned,"3,2,6"
13578,fine-tuned,
13579,fine-tuned,
13580,fine-tuned,
13581,fine-tuned,"1,3,1"
13582,fine-tuned,3
13583,fine-tuned,
13584,fine-tuned,"3,5,1"
13585,fine-tuned,
13586,fine-tuned,"6,1,4"
13587,fine-tuned,"4,5,6"
13588,fine-tuned,"1,3,3"
13589,fine-tuned,"4,1,2"
13590,fine-tuned,"5,4,3"
13591,fine-tuned,1
13592,fine-tuned,"3,5,3"
13593,fine-tuned,
13594,fine-tuned,"4,4,2"
13595,fine-tuned,"4,6,6"
13596,fine-tuned,"1,3,3"
13597,fine-tuned,"4,5,3"
13598,fine-tuned,"2,2,4"
13599,fine-tuned,
13600,fine-tuned,"2,5,4"
13601,fine-tuned,"2,1,5"
13602,fine-tuned,"2,2,6"
13603,fine-tuned,"5,4,4"
13604,fine-tuned,"2,3"
13605,fine-tuned,"3,6,5"
13606,fine-tuned,"3,1,6"
13607,fine-tuned,
13608,fine-tuned,"5,3,5"
13609,fine-tuned,
13610,fine-tuned,"2,6,6"
13611,fine-tuned,"4,3,3"
13612,fine-tuned,"5,2"
13613,fine-tuned,6
13614,fine-tuned,"3,1,6"
13615,fine-tuned,"1,2,5"
13616,fine-tuned,
13617,fine-tuned,
13618,fine-tuned,"1,6,2"
13619,fine-tuned,"1,1,2"
13620,fine-tuned,"1,6,5"
13621,fine-tuned,
13622,fine-tuned,3
13623,fine-tuned,
13624,fine-tuned,1
13625,fine-tuned,"4,1,3"
13626,fine-tuned,"1,1,6"
13627,fine-tuned,"2,6,5"
13628,fine-tuned,"1,2,3"
13629,fine-tuned,
13630,fine-tuned,"5,4"
13631,fine-tuned,
13632,fine-tuned,4
13633,fine-tuned,
13634,fine-tuned,"2,6,2"
13635,fine-tuned,
13636,fine-tuned,"4,4,4"
13637,fine-tuned,
13638,fine-tuned,"2,5,3"
13639,fine-tuned,"4,1,2"
13640,fine-tuned,"4,2,3"
13641,fine-tuned,"4,3,5"
13642,fine-tuned,"6,6,6"
13643,fine-tuned,"3,3"
13644,fine-tuned,"1,5,6"
13645,fine-tuned,"1,4,6"
13646,fine-tuned,"3,6,4"
13647,fine-tuned,"3,1"
13648,fine-tuned,
13649,fine-tuned,"4,3,2"
13650,fine-tuned,"1,2,3"
13651,fine-tuned,
13652,fine-tuned,"5,2,1"
13653,fine-tuned,"1,5,5"
13654,fine-tuned,"4,1"
13655,fine-tuned,"3,3,1"
13656,fine-tuned,"5,1,3"
13657,fine-tuned,
13658,fine-tuned,
13659,fine-tuned,"5,3,4"
13660,fine-tuned,"5,4,3"
13661,fine-tuned,"4,6,1"
13662,fine-tuned,"4,6,3"
13663,fine-tuned,"5,6,4"
13664,fine-tuned,"1,3,4"
13665,fine-tuned,
13666,fine-tuned,"6,3,2"
13667,fine-tuned,"1,6,3"
13668,fine-tuned,"5,5,1"
13669,fine-tuned,
13670,fine-tuned,"6,1,4"
13671,fine-tuned,"5,2,1"
13672,fine-tuned,5
13673,fine-tuned,"6,1,2"
13674,fine-tuned,
13675,fine-tuned,"5,4,5"
13676,fine-tuned,"3,4,5"
13677,fine-tuned,"1,1,2"
13678,fine-tuned,"2,3,2"
13679,fine-tuned,
13680,fine-tuned,"2,5"
13681,fine-tuned,
13682,fine-tuned,"1,3"
13683,fine-tuned,"1,4,2"
13684,fine-tuned,
13685,fine-tuned,"3,5,2"
13686,fine-tuned,
13687,fine-tuned,
13688,fine-tuned,"3,4,5"
13689,fine-tuned,2
13690,fine-tuned,"1,5,3"
13691,fine-tuned,"1,1,1"
13692,fine-tuned,"3,4,3"
13693,fine-tuned,"1,3,1"
13694,fine-tuned,"4,1,6"
13695,fine-tuned,"3,3,1"
13696,fine-tuned,"2,1,5"
13697,fine-tuned,"6,5,6"
13698,fine-tuned,2
13699,fine-tuned,"5,5,4"
13700,fine-tuned,
13701,fine-tuned,"1,4"
13702,fine-tuned,"3,2,4"
13703,fine-tuned,
13704,fine-tuned,"1,3,5"
13705,fine-tuned,
13706,fine-tuned,
13707,fine-tuned,
13708,fine-tuned,
13709,fine-tuned,"5,1,6"
13710,fine-tuned,"3,3,6"
13711,fine-tuned,"3,3,1"
13712,fine-tuned,6
13713,fine-tuned,"4,6,4"
13714,fine-tuned,"4,5,4"
13715,fine-tuned,
13716,fine-tuned,"4,5,5"
13717,fine-tuned,"6,4,6"
13718,fine-tuned,"6,2,5"
13719,fine-tuned,
13720,fine-tuned,
13721,fine-tuned,"6,1,4"
13722,fine-tuned,"1,4,2"
13723,fine-tuned,"1,2,3"
13724,fine-tuned,3
13725,fine-tuned,"5,5,6"
13726,fine-tuned,
13727,fine-tuned,
13728,fine-tuned,
13729,fine-tuned,"1,5,4"
13730,fine-tuned,
13731,fine-tuned,"6,3"
13732,fine-tuned,"6,1,3"
13733,fine-tuned,"5,5,6"
13734,fine-tuned,
13735,fine-tuned,"4,6,1"
13736,fine-tuned,"3,6,5"
13737,fine-tuned,
13738,fine-tuned,"5,1,3"
13739,fine-tuned,"1,5,6"
13740,fine-tuned,"1,2,3"
13741,fine-tuned,"1,6,5"
13742,fine-tuned,"1,1"
13743,fine-tuned,"6,4,2"
13744,fine-tuned,"4,3,3"
13745,fine-tuned,"5,2,4"
13746,fine-tuned,"3,1,4"
13747,fine-tuned,
13748,fine-tuned,"3,3"
13749,fine-tuned,"3,3,5"
13750,fine-tuned,"2,4,6"
13751,fine-tuned,"5,5,5"
13752,fine-tuned,"3,4,5"
13753,fine-tuned,3
13754,fine-tuned,"3,1,2"
13755,fine-tuned,"4,4,5"
13756,fine-tuned,"4,4,6"
13757,fine-tuned,"1,2,3"
13758,fine-tuned,"3,4,5"
13759,fine-tuned,
13760,fine-tuned,"1,2,3"
13761,fine-tuned,"4,4,5"
13762,fine-tuned,
13763,fine-tuned,"2,4,5"
13764,fine-tuned,"1,2,3"
13765,fine-tuned,"1,4,1"
13766,fine-tuned,"4,3,5"
13767,fine-tuned,
13768,fine-tuned,"2,4,6"
13769,fine-tuned,"5,1,5"
13770,fine-tuned,"4,2,3"
13771,fine-tuned,"3,4,5"
13772,fine-tuned,
13773,fine-tuned,"1,2,6"
13774,fine-tuned,
13775,fine-tuned,"3,2"
13776,fine-tuned,
13777,fine-tuned,"3,2,1"
13778,fine-tuned,"5,5,4"
13779,fine-tuned,"4,6,3"
13780,fine-tuned,"3,5,3"
13781,fine-tuned,"1,3,1"
13782,fine-tuned,"3,2"
13783,fine-tuned,"3,6,2"
13784,fine-tuned,"2,5,5"
13785,fine-tuned,"2,4,3"
13786,fine-tuned,"5,6,4"
13787,fine-tuned,"5,6,2"
13788,fine-tuned,"2,5,3"
13789,fine-tuned,"3,4,6"
13790,fine-tuned,
13791,fine-tuned,"1,5,3"
13792,fine-tuned,"1,2,2"
13793,fine-tuned,"5,3,3"
13794,fine-tuned,"4,2,5"
13795,fine-tuned,"4,6,1"
13796,fine-tuned,"2,2,1"
13797,fine-tuned,"4,5,2"
13798,fine-tuned,"4,4,4"
13799,fine-tuned,"2,6,5"
13800,fine-tuned,"1,2"
13801,fine-tuned,"5,4,6"
13802,fine-tuned,
13803,fine-tuned,"6,4,5"
13804,fine-tuned,"5,2,3"
13805,fine-tuned,
13806,fine-tuned,"5,1,3"
13807,fine-tuned,3
13808,fine-tuned,"3,1,3"
13809,fine-tuned,"1,2,3"
13810,fine-tuned,"4,4,1"
13811,fine-tuned,"1,1,3"
13812,fine-tuned,"6,1,6"
13813,fine-tuned,"4,4,5"
13814,fine-tuned,"1,1,5"
13815,fine-tuned,"1,2,3"
13816,fine-tuned,4
13817,fine-tuned,
13818,fine-tuned,"3,5,2"
13819,fine-tuned,5
13820,fine-tuned,"1,4,5"
13821,fine-tuned,
13822,fine-tuned,"2,2,3"
13823,fine-tuned,
13824,fine-tuned,
13825,fine-tuned,
13826,fine-tuned,
13827,fine-tuned,"3,5,6"
13828,fine-tuned,1
13829,fine-tuned,
13830,fine-tuned,
13831,fine-tuned,"1,4,1"
13832,fine-tuned,"5,1,4"
13833,fine-tuned,"5,6,3"
13834,fine-tuned,
13835,fine-tuned,"5,5,2"
13836,fine-tuned,
13837,fine-tuned,
13838,fine-tuned,
13839,fine-tuned,"4,3,5"
13840,fine-tuned,
13841,fine-tuned,"1,5,4"
13842,fine-tuned,"3,4,3"
13843,fine-tuned,"3,2,3"
13844,fine-tuned,"4,3,2"
13845,fine-tuned,"5,4,2"
13846,fine-tuned,3
13847,fine-tuned,
13848,fine-tuned,
13849,fine-tuned,2
13850,fine-tuned,3
13851,fine-tuned,
13852,fine-tuned,"2,2,3"
13853,fine-tuned,
13854,fine-tuned,"6,1,1"
13855,fine-tuned,"3,4,6"
13856,fine-tuned,"3,4,1"
13857,fine-tuned,"3,1,1"
13858,fine-tuned,"3,5,1"
13859,fine-tuned,"6,1,2"
13860,fine-tuned,"6,4,2"
13861,fine-tuned,"3,5,1"
13862,fine-tuned,"4,1,3"
13863,fine-tuned,"2,6,4"
13864,fine-tuned,"1,6,5"
13865,fine-tuned,"1,4,3"
13866,fine-tuned,"5,6,4"
13867,fine-tuned,"1,1,5"
13868,fine-tuned,"2,3,6"
13869,fine-tuned,
13870,fine-tuned,
13871,fine-tuned,"5,5,3"
13872,fine-tuned,"4,1,1"
13873,fine-tuned,
13874,fine-tuned,"1,2,3"
13875,fine-tuned,"3,1,5"
13876,fine-tuned,"3,1,5"
13877,fine-tuned,
13878,fine-tuned,"1,2,3"
13879,fine-tuned,"2,3,2"
13880,fine-tuned,"2,1,2"
13881,fine-tuned,"5,4,5"
13882,fine-tuned,
13883,fine-tuned,"1,2"
13884,fine-tuned,3
13885,fine-tuned,
13886,fine-tuned,"1,3,2"
13887,fine-tuned,"3,3,4"
13888,fine-tuned,"2,6,3"
13889,fine-tuned,4
13890,fine-tuned,
13891,fine-tuned,"6,2,2"
13892,fine-tuned,"2,4,4"
13893,fine-tuned,"2,5"
13894,fine-tuned,
13895,fine-tuned,"5,2,1"
13896,fine-tuned,"5,2,3"
13897,fine-tuned,"3,3,3"
13898,fine-tuned,"4,4,6"
13899,fine-tuned,
13900,fine-tuned,"6,3,6"
13901,fine-tuned,"4,4"
13902,fine-tuned,"5,4,2"
13903,fine-tuned,"1,2,3"
13904,fine-tuned,"3,3"
13905,fine-tuned,"4,2"
13906,fine-tuned,
13907,fine-tuned,"3,3,5"
13908,fine-tuned,"3,6,6"
13909,fine-tuned,"3,6,5"
13910,fine-tuned,"4,4,3"
13911,fine-tuned,"4,6,5"
13912,fine-tuned,"5,3,2"
13913,fine-tuned,"1,1,6"
13914,fine-tuned,"2,1,5"
13915,fine-tuned,
13916,fine-tuned,
13917,fine-tuned,"3,1,4"
13918,fine-tuned,"3,1,3"
13919,fine-tuned,"3,1,5"
13920,fine-tuned,"3,2,5"
13921,fine-tuned,
13922,fine-tuned,"2,4,4"
13923,fine-tuned,"5,5,4"
13924,fine-tuned,"3,1,4"
13925,fine-tuned,"1,2,3"
13926,fine-tuned,"3,6,2"
13927,fine-tuned,
13928,fine-tuned,
13929,fine-tuned,"2,6,5"
13930,fine-tuned,"1,6,2"
13931,fine-tuned,"5,5,5"
13932,fine-tuned,
13933,fine-tuned,"2,5,2"
13934,fine-tuned,"4,3,5"
13935,fine-tuned,"6,3,2"
13936,fine-tuned,"5,5,2"
13937,fine-tuned,"4,3,2"
13938,fine-tuned,"3,1,6"
13939,fine-tuned,"1,4"
13940,fine-tuned,"5,1"
13941,fine-tuned,"5,1,3"
13942,fine-tuned,
13943,fine-tuned,"4,3"
13944,fine-tuned,"1,2,4"
13945,fine-tuned,
13946,fine-tuned,
13947,fine-tuned,"5,2,6"
13948,fine-tuned,"5,1,4"
13949,fine-tuned,3
13950,fine-tuned,"2,4,2"
13951,fine-tuned,"3,1,6"
13952,fine-tuned,"5,6,4"
13953,fine-tuned,1
13954,fine-tuned,"5,1,3"
13955,fine-tuned,"5,4,3"
13956,fine-tuned,"1,6,1"
13957,fine-tuned,"2,2"
13958,fine-tuned,"2,4"
13959,fine-tuned,
13960,fine-tuned,"4,4,6"
13961,fine-tuned,"4,2,4"
13962,fine-tuned,"2,4,6"
13963,fine-tuned,"1,1,2"
13964,fine-tuned,"6,3,4"
13965,fine-tuned,"3,4,6"
13966,fine-tuned,
13967,fine-tuned,"2,6,4"
13968,fine-tuned,"5,6,4"
13969,fine-tuned,"4,6,5"
13970,fine-tuned,
13971,fine-tuned,
13972,fine-tuned,
13973,fine-tuned,
13974,fine-tuned,
13975,fine-tuned,
13976,fine-tuned,
13977,fine-tuned,
13978,fine-tuned,"1,1,1"
13979,fine-tuned,"4,1,1"
13980,fine-tuned,
13981,fine-tuned,"3,2,2"
13982,fine-tuned,3
13983,fine-tuned,
13984,fine-tuned,
13985,fine-tuned,"6,5,5"
13986,fine-tuned,"5,2,3"
13987,fine-tuned,
13988,fine-tuned,"1,4,1"
13989,fine-tuned,"1,6"
13990,fine-tuned,"4,2,3"
13991,fine-tuned,"1,4,6"
13992,fine-tuned,"2,4,2"
13993,fine-tuned,"2,6,1"
13994,fine-tuned,
13995,fine-tuned,
13996,fine-tuned,"4,1,3"
13997,fine-tuned,
13998,fine-tuned,"4,3,4"
13999,fine-tuned,"2,4,6"
14000,fine-tuned,
14001,fine-tuned,4
14002,fine-tuned,
14003,fine-tuned,"4,6,4"
14004,fine-tuned,
14005,fine-tuned,"1,2,6"
14006,fine-tuned,
14007,fine-tuned,
14008,fine-tuned,
14009,fine-tuned,"5,2,4"
14010,fine-tuned,"1,3,5"
14011,fine-tuned,"1,2,5"
14012,fine-tuned,"3,4,2"
14013,fine-tuned,"1,2,2"
14014,fine-tuned,"6,5,6"
14015,fine-tuned,
14016,fine-tuned,
14017,fine-tuned,"6,1,4"
14018,fine-tuned,"6,2,2"
14019,fine-tuned,"5,6,3"
14020,fine-tuned,3
14021,fine-tuned,"3,4"
14022,fine-tuned,"5,4,3"
14023,fine-tuned,"5,6,6"
14024,fine-tuned,"6,2,1"
14025,fine-tuned,"2,3,3"
14026,fine-tuned,
14027,fine-tuned,"3,1"
14028,fine-tuned,"6,2"
14029,fine-tuned,
14030,fine-tuned,"6,2,5"
14031,fine-tuned,"3,1"
14032,fine-tuned,"2,1,4"
14033,fine-tuned,"2,2,6"
14034,fine-tuned,"4,1,3"
14035,fine-tuned,"6,5,6"
14036,fine-tuned,3
14037,fine-tuned,3
14038,fine-tuned,"5,3,4"
14039,fine-tuned,
14040,fine-tuned,
14041,fine-tuned,"3,1"
14042,fine-tuned,
14043,fine-tuned,"1,6"
14044,fine-tuned,
14045,fine-tuned,5
14046,fine-tuned,"3,4,5"
14047,fine-tuned,
14048,fine-tuned,"5,2,3"
14049,fine-tuned,
14050,fine-tuned,
14051,fine-tuned,
14052,fine-tuned,"2,3,1"
14053,fine-tuned,
14054,fine-tuned,
14055,fine-tuned,"6,2,4"
14056,fine-tuned,
14057,fine-tuned,"3,3,1"
14058,fine-tuned,"3,5,4"
14059,fine-tuned,"3,6,1"
14060,fine-tuned,"1,5,2"
14061,fine-tuned,"6,4,1"
14062,fine-tuned,
14063,fine-tuned,"5,6,4"
14064,fine-tuned,"1,4,3"
14065,fine-tuned,"5,6,5"
14066,fine-tuned,"3,5,4"
14067,fine-tuned,"6,4,6"
14068,fine-tuned,"6,1,5"
14069,fine-tuned,"3,3,1"
14070,fine-tuned,"5,5,5"
14071,fine-tuned,
14072,fine-tuned,"5,1,6"
14073,fine-tuned,"6,5,1"
14074,fine-tuned,
14075,fine-tuned,"4,4,5"
14076,fine-tuned,"1,2,3"
14077,fine-tuned,"1,6,2"
14078,fine-tuned,5
14079,fine-tuned,"1,2,3"
14080,fine-tuned,
14081,fine-tuned,"2,2"
14082,fine-tuned,
14083,fine-tuned,"1,2,3"
14084,fine-tuned,"3,1,6"
14085,fine-tuned,"1,2,4"
14086,fine-tuned,"3,5,2"
14087,fine-tuned,"1,4,5"
14088,fine-tuned,
14089,fine-tuned,"2,6,4"
14090,fine-tuned,"5,2,6"
14091,fine-tuned,
14092,fine-tuned,
14093,fine-tuned,"2,1,3"
14094,fine-tuned,"1,2"
14095,fine-tuned,
14096,fine-tuned,"2,4,2"
14097,fine-tuned,"2,6,2"
14098,fine-tuned,"1,2,2"
14099,fine-tuned,"6,3,2"
14100,fine-tuned,"3,1,3"
14101,fine-tuned,3
14102,fine-tuned,"1,2,3"
14103,fine-tuned,1
14104,fine-tuned,
14105,fine-tuned,
14106,fine-tuned,"3,6,6"
14107,fine-tuned,"3,3,4"
14108,fine-tuned,"5,5,3"
14109,fine-tuned,1
14110,fine-tuned,"1,3,2"
14111,fine-tuned,"1,2,1"
14112,fine-tuned,"3,1,4"
14113,fine-tuned,
14114,fine-tuned,"3,2"
14115,fine-tuned,3
14116,fine-tuned,"2,2,1"
14117,fine-tuned,"2,6,1"
14118,fine-tuned,
14119,fine-tuned,"3,2,3"
14120,fine-tuned,"2,6,1"
14121,fine-tuned,"1,6,6"
14122,fine-tuned,"3,1,6"
14123,fine-tuned,"5,1,3"
14124,fine-tuned,1
14125,fine-tuned,"4,5,5"
14126,fine-tuned,"3,3,3"
14127,fine-tuned,"3,4,2"
14128,fine-tuned,"1,4"
14129,fine-tuned,"4,4,2"
14130,fine-tuned,"4,2,5"
14131,fine-tuned,"2,6,2"
14132,fine-tuned,"2,3,4"
14133,fine-tuned,"1,2"
14134,fine-tuned,"6,3,5"
14135,fine-tuned,"3,5,2"
14136,fine-tuned,
14137,fine-tuned,"1,2,2"
14138,fine-tuned,"4,2,2"
14139,fine-tuned,2
14140,fine-tuned,"5,2"
14141,fine-tuned,"2,3,3"
14142,fine-tuned,2
14143,fine-tuned,
14144,fine-tuned,"1,4,2"
14145,fine-tuned,
14146,fine-tuned,"2,2,5"
14147,fine-tuned,"3,3"
14148,fine-tuned,"1,6,1"
14149,fine-tuned,
14150,fine-tuned,2
14151,fine-tuned,
14152,fine-tuned,"2,3,2"
14153,fine-tuned,"1,2,3"
14154,fine-tuned,
14155,fine-tuned,"3,6,6"
14156,fine-tuned,
14157,fine-tuned,"5,1,3"
14158,fine-tuned,"4,3,5"
14159,fine-tuned,
14160,fine-tuned,2
14161,fine-tuned,"2,1,3"
14162,fine-tuned,
14163,fine-tuned,"4,1,4"
14164,fine-tuned,"5,3,6"
14165,fine-tuned,"6,2,1"
14166,fine-tuned,
14167,fine-tuned,
14168,fine-tuned,"2,2,1"
14169,fine-tuned,"4,6,5"
14170,fine-tuned,
14171,fine-tuned,"1,5,5"
14172,fine-tuned,"1,3"
14173,fine-tuned,1
14174,fine-tuned,
14175,fine-tuned,"3,2,6"
14176,fine-tuned,
14177,fine-tuned,"1,4,2"
14178,fine-tuned,
14179,fine-tuned,
14180,fine-tuned,
14181,fine-tuned,"6,2,6"
14182,fine-tuned,"2,1,4"
14183,fine-tuned,"2,3,6"
14184,fine-tuned,"5,6"
14185,fine-tuned,"6,6,3"
14186,fine-tuned,
14187,fine-tuned,
14188,fine-tuned,"2,3"
14189,fine-tuned,
14190,fine-tuned,"6,3,1"
14191,fine-tuned,"3,1,2"
14192,fine-tuned,
14193,fine-tuned,"3,1,6"
14194,fine-tuned,"1,3,2"
14195,fine-tuned,"4,6,3"
14196,fine-tuned,
14197,fine-tuned,
14198,fine-tuned,"5,4,1"
14199,fine-tuned,"3,1,1"
14200,fine-tuned,"4,1,6"
14201,fine-tuned,"5,2,1"
14202,fine-tuned,"4,4,3"
14203,fine-tuned,"1,3,2"
14204,fine-tuned,"2,1,4"
14205,fine-tuned,5
14206,fine-tuned,"1,3,3"
14207,fine-tuned,"5,5,4"
14208,fine-tuned,
14209,fine-tuned,"2,4,5"
14210,fine-tuned,
14211,fine-tuned,"3,1,6"
14212,fine-tuned,"4,4,6"
14213,fine-tuned,
14214,fine-tuned,
14215,fine-tuned,
14216,fine-tuned,
14217,fine-tuned,"4,1,2"
14218,fine-tuned,"1,1"
14219,fine-tuned,
14220,fine-tuned,"3,1"
14221,fine-tuned,
14222,fine-tuned,"6,2,3"
14223,fine-tuned,
14224,fine-tuned,"2,6,3"
14225,fine-tuned,"1,1,4"
14226,fine-tuned,"3,2,4"
14227,fine-tuned,
14228,fine-tuned,"2,4,3"
14229,fine-tuned,"1,2,3"
14230,fine-tuned,"3,5,1"
14231,fine-tuned,"4,5,1"
14232,fine-tuned,"6,3,1"
14233,fine-tuned,1
14234,fine-tuned,"3,2,4"
14235,fine-tuned,"6,4,2"
14236,fine-tuned,4
14237,fine-tuned,"4,6,6"
14238,fine-tuned,"2,1,2"
14239,fine-tuned,
14240,fine-tuned,
14241,fine-tuned,"1,1,1"
14242,fine-tuned,
14243,fine-tuned,2
14244,fine-tuned,"3,5,3"
14245,fine-tuned,"3,5,1"
14246,fine-tuned,"5,4,6"
14247,fine-tuned,"4,1,2"
14248,fine-tuned,"1,1,5"
14249,fine-tuned,"2,1,2"
14250,fine-tuned,"4,5,1"
14251,fine-tuned,"1,2,3"
14252,fine-tuned,
14253,fine-tuned,5
14254,fine-tuned,"5,2"
14255,fine-tuned,
14256,fine-tuned,"1,2,2"
14257,fine-tuned,
14258,fine-tuned,"2,5,2"
14259,fine-tuned,"3,2"
14260,fine-tuned,"4,2,6"
14261,fine-tuned,"6,3,6"
14262,fine-tuned,"2,4,2"
14263,fine-tuned,
14264,fine-tuned,
14265,fine-tuned,"4,6"
14266,fine-tuned,"4,4,1"
14267,fine-tuned,
14268,fine-tuned,"1,3,6"
14269,fine-tuned,
14270,fine-tuned,"1,3,3"
14271,fine-tuned,"6,3,2"
14272,fine-tuned,
14273,fine-tuned,
14274,fine-tuned,3
14275,fine-tuned,"3,1"
14276,fine-tuned,"3,5,4"
14277,fine-tuned,"1,3,1"
14278,fine-tuned,"3,5,2"
14279,fine-tuned,"1,5,5"
14280,fine-tuned,"6,6,2"
14281,fine-tuned,"3,5,2"
14282,fine-tuned,
14283,fine-tuned,"1,4,5"
14284,fine-tuned,"1,6"
14285,fine-tuned,"3,2,3"
14286,fine-tuned,"1,6,6"
14287,fine-tuned,"4,6,2"
14288,fine-tuned,"1,3,5"
14289,fine-tuned,
14290,fine-tuned,"4,5,5"
14291,fine-tuned,
14292,fine-tuned,"3,1,3"
14293,fine-tuned,"3,2,4"
14294,fine-tuned,
14295,fine-tuned,"2,4,3"
14296,fine-tuned,"1,3,5"
14297,fine-tuned,"1,1,2"
14298,fine-tuned,"3,1,6"
14299,fine-tuned,
14300,fine-tuned,
14301,fine-tuned,"3,4,3"
14302,fine-tuned,
14303,fine-tuned,"2,4,5"
14304,fine-tuned,
14305,fine-tuned,
14306,fine-tuned,"1,1,3"
14307,fine-tuned,"3,2,4"
14308,fine-tuned,"3,2,2"
14309,fine-tuned,
14310,fine-tuned,
14311,fine-tuned,
14312,fine-tuned,
14313,fine-tuned,3
14314,fine-tuned,"5,1,2"
14315,fine-tuned,"5,4,5"
14316,fine-tuned,"1,4,1"
14317,fine-tuned,"1,6,1"
14318,fine-tuned,"5,6,2"
14319,fine-tuned,"6,1,1"
14320,fine-tuned,"3,6,5"
14321,fine-tuned,
14322,fine-tuned,"3,4,4"
14323,fine-tuned,
14324,fine-tuned,1
14325,fine-tuned,"5,4"
14326,fine-tuned,
14327,fine-tuned,"5,6,6"
14328,fine-tuned,
14329,fine-tuned,
14330,fine-tuned,"1,3,1"
14331,fine-tuned,"6,4,3"
14332,fine-tuned,"2,1,3"
14333,fine-tuned,3
14334,fine-tuned,
14335,fine-tuned,"1,4,3"
14336,fine-tuned,"4,3,2"
14337,fine-tuned,
14338,fine-tuned,"6,6,2"
14339,fine-tuned,"3,4,4"
14340,fine-tuned,
14341,fine-tuned,"1,4,5"
14342,fine-tuned,
14343,fine-tuned,
14344,fine-tuned,"2,1,6"
14345,fine-tuned,"1,3,5"
14346,fine-tuned,"1,6,3"
14347,fine-tuned,"6,5,1"
14348,fine-tuned,"2,6,4"
14349,fine-tuned,
14350,fine-tuned,"1,5,2"
14351,fine-tuned,"3,5,4"
14352,fine-tuned,
14353,fine-tuned,"4,2,4"
14354,fine-tuned,"2,3,3"
14355,fine-tuned,"3,2"
14356,fine-tuned,
14357,fine-tuned,
14358,fine-tuned,
14359,fine-tuned,
14360,fine-tuned,
14361,fine-tuned,"3,2,5"
14362,fine-tuned,
14363,fine-tuned,
14364,fine-tuned,3
14365,fine-tuned,"1,4,2"
14366,fine-tuned,"3,1"
14367,fine-tuned,"6,2,4"
14368,fine-tuned,"5,4"
14369,fine-tuned,"4,6,1"
14370,fine-tuned,"5,2,2"
14371,fine-tuned,
14372,fine-tuned,"3,6,4"
14373,fine-tuned,"2,3,1"
14374,fine-tuned,"2,1,4"
14375,fine-tuned,"2,4,3"
14376,fine-tuned,"3,5,4"
14377,fine-tuned,
14378,fine-tuned,
14379,fine-tuned,
14380,fine-tuned,"1,5,2"
14381,fine-tuned,"4,1,4"
14382,fine-tuned,
14383,fine-tuned,
14384,fine-tuned,
14385,fine-tuned,"1,4,3"
14386,fine-tuned,"4,4,4"
14387,fine-tuned,
14388,fine-tuned,"4,4,1"
14389,fine-tuned,
14390,fine-tuned,"1,6,6"
14391,fine-tuned,
14392,fine-tuned,"3,6,3"
14393,fine-tuned,1
14394,fine-tuned,
14395,fine-tuned,"5,2,4"
14396,fine-tuned,
14397,fine-tuned,"2,6,3"
14398,fine-tuned,"2,5,2"
14399,fine-tuned,
14400,fine-tuned,
14401,fine-tuned,4
14402,fine-tuned,"2,1,5"
14403,fine-tuned,"2,1,6"
14404,fine-tuned,"1,4,2"
14405,fine-tuned,"4,5,3"
14406,fine-tuned,"2,6,4"
14407,fine-tuned,"3,4,6"
14408,fine-tuned,
14409,fine-tuned,"4,6,4"
14410,fine-tuned,"1,6,4"
14411,fine-tuned,
14412,fine-tuned,"3,1,5"
14413,fine-tuned,"1,1,3"
14414,fine-tuned,
14415,fine-tuned,"3,3,5"
14416,fine-tuned,"4,1,4"
14417,fine-tuned,
14418,fine-tuned,
14419,fine-tuned,"6,5,6"
14420,fine-tuned,"5,4,3"
14421,fine-tuned,"3,6"
14422,fine-tuned,"3,1,5"
14423,fine-tuned,"5,6,2"
14424,fine-tuned,"3,5,4"
14425,fine-tuned,"1,6,3"
14426,fine-tuned,"3,4"
14427,fine-tuned,"4,3,3"
14428,fine-tuned,"2,1,2"
14429,fine-tuned,3
14430,fine-tuned,"2,6,5"
14431,fine-tuned,"1,2,5"
14432,fine-tuned,"6,5,4"
14433,fine-tuned,
14434,fine-tuned,"1,2,3"
14435,fine-tuned,
14436,fine-tuned,"1,4,1"
14437,fine-tuned,
14438,fine-tuned,3
14439,fine-tuned,"2,2,5"
14440,fine-tuned,
14441,fine-tuned,"1,2,5"
14442,fine-tuned,3
14443,fine-tuned,
14444,fine-tuned,
14445,fine-tuned,"5,6,6"
14446,fine-tuned,3
14447,fine-tuned,"5,2,5"
14448,fine-tuned,"4,1,2"
14449,fine-tuned,"3,3,5"
14450,fine-tuned,"3,3"
14451,fine-tuned,"1,6"
14452,fine-tuned,
14453,fine-tuned,"3,3,5"
14454,fine-tuned,"6,2,4"
14455,fine-tuned,"1,2,3"
14456,fine-tuned,
14457,fine-tuned,"1,3,2"
14458,fine-tuned,
14459,fine-tuned,"2,3,1"
14460,fine-tuned,"5,4,1"
14461,fine-tuned,"6,3,2"
14462,fine-tuned,
14463,fine-tuned,
14464,fine-tuned,"4,4,2"
14465,fine-tuned,"2,4,2"
14466,fine-tuned,"3,4,1"
14467,fine-tuned,"6,1,2"
14468,fine-tuned,
14469,fine-tuned,"3,4,6"
14470,fine-tuned,"5,6"
14471,fine-tuned,"2,6,5"
14472,fine-tuned,"4,5,5"
14473,fine-tuned,"3,6,3"
14474,fine-tuned,"4,4,2"
14475,fine-tuned,"3,1,6"
14476,fine-tuned,"1,1,1"
14477,fine-tuned,
14478,fine-tuned,"4,5,6"
14479,fine-tuned,"4,4,6"
14480,fine-tuned,
14481,fine-tuned,
14482,fine-tuned,"5,3,2"
14483,fine-tuned,
14484,fine-tuned,"5,2,5"
14485,fine-tuned,
14486,fine-tuned,"3,6,1"
14487,fine-tuned,"4,5,3"
14488,fine-tuned,
14489,fine-tuned,
14490,fine-tuned,"4,2,4"
14491,fine-tuned,"6,6,5"
14492,fine-tuned,"4,3,4"
14493,fine-tuned,
14494,fine-tuned,"1,4"
14495,fine-tuned,
14496,fine-tuned,
14497,fine-tuned,"2,3,2"
14498,fine-tuned,"5,6"
14499,fine-tuned,
14500,fine-tuned,
14501,fine-tuned,
14502,fine-tuned,
14503,fine-tuned,"3,2,4"
14504,fine-tuned,"6,2,4"
14505,fine-tuned,"3,2,1"
14506,fine-tuned,"3,1,1"
14507,fine-tuned,
14508,fine-tuned,"3,5,4"
14509,fine-tuned,
14510,fine-tuned,"6,6,6"
14511,fine-tuned,"6,3,4"
14512,fine-tuned,
14513,fine-tuned,"4,5,3"
14514,fine-tuned,"4,6,2"
14515,fine-tuned,
14516,fine-tuned,
14517,fine-tuned,"3,4,3"
14518,fine-tuned,
14519,fine-tuned,
14520,fine-tuned,
14521,fine-tuned,
14522,fine-tuned,2
14523,fine-tuned,
14524,fine-tuned,"2,4,6"
14525,fine-tuned,"1,3,2"
14526,fine-tuned,"2,3,2"
14527,fine-tuned,
14528,fine-tuned,"1,2,3"
14529,fine-tuned,
14530,fine-tuned,"6,2,6"
14531,fine-tuned,"6,5,2"
14532,fine-tuned,"1,1,3"
14533,fine-tuned,
14534,fine-tuned,
14535,fine-tuned,"3,1,6"
14536,fine-tuned,"2,3,5"
14537,fine-tuned,"6,3,5"
14538,fine-tuned,"4,2,4"
14539,fine-tuned,"4,3,3"
14540,fine-tuned,"3,1,5"
14541,fine-tuned,"4,4,6"
14542,fine-tuned,
14543,fine-tuned,"1,2,6"
14544,fine-tuned,"2,5,5"
14545,fine-tuned,"2,1,2"
14546,fine-tuned,"4,5,5"
14547,fine-tuned,"2,1,2"
14548,fine-tuned,"3,5,3"
14549,fine-tuned,"3,1,6"
14550,fine-tuned,"6,5,1"
14551,fine-tuned,"4,3,4"
14552,fine-tuned,
14553,fine-tuned,"5,4,6"
14554,fine-tuned,"3,5,1"
14555,fine-tuned,"4,1,2"
14556,fine-tuned,"3,1,6"
14557,fine-tuned,"3,4,2"
14558,fine-tuned,
14559,fine-tuned,
14560,fine-tuned,"4,4,2"
14561,fine-tuned,"6,2"
14562,fine-tuned,"2,2"
14563,fine-tuned,"1,1,5"
14564,fine-tuned,"4,4,1"
14565,fine-tuned,
14566,fine-tuned,"1,2,1"
14567,fine-tuned,"4,3,5"
14568,fine-tuned,"3,6,2"
14569,fine-tuned,"1,3,4"
14570,fine-tuned,"3,3,5"
14571,fine-tuned,"2,6,2"
14572,fine-tuned,"1,1,2"
14573,fine-tuned,
14574,fine-tuned,"2,2,3"
14575,fine-tuned,"1,1,3"
14576,fine-tuned,"3,3,4"
14577,fine-tuned,"2,5,2"
14578,fine-tuned,1
14579,fine-tuned,"5,3,5"
14580,fine-tuned,
14581,fine-tuned,"1,4,5"
14582,fine-tuned,"2,2"
14583,fine-tuned,"1,1,6"
14584,fine-tuned,"4,4,4"
14585,fine-tuned,"3,5,4"
14586,fine-tuned,
14587,fine-tuned,
14588,fine-tuned,"2,2,4"
14589,fine-tuned,
14590,fine-tuned,"2,2,4"
14591,fine-tuned,
14592,fine-tuned,"2,4,4"
14593,fine-tuned,
14594,fine-tuned,3
14595,fine-tuned,"2,6,2"
14596,fine-tuned,"1,4,3"
14597,fine-tuned,"3,3,5"
14598,fine-tuned,"3,1,1"
14599,fine-tuned,"5,3,6"
14600,fine-tuned,
14601,fine-tuned,"6,1,5"
14602,fine-tuned,"1,4,2"
14603,fine-tuned,"1,2,3"
14604,fine-tuned,"1,4,4"
14605,fine-tuned,
14606,fine-tuned,1
14607,fine-tuned,"3,2,1"
14608,fine-tuned,
14609,fine-tuned,
14610,fine-tuned,"6,5,5"
14611,fine-tuned,"3,1,1"
14612,fine-tuned,"3,5"
14613,fine-tuned,"2,2"
14614,fine-tuned,"1,1,1"
14615,fine-tuned,"2,3,2"
14616,fine-tuned,"5,2,4"
14617,fine-tuned,"1,2,1"
14618,fine-tuned,"6,1"
14619,fine-tuned,"1,3,3"
14620,fine-tuned,"1,5,4"
14621,fine-tuned,"2,5,6"
14622,fine-tuned,
14623,fine-tuned,"1,2,3"
14624,fine-tuned,"3,6,2"
14625,fine-tuned,"3,5,5"
14626,fine-tuned,"6,5,1"
14627,fine-tuned,"4,6,4"
14628,fine-tuned,
14629,fine-tuned,
14630,fine-tuned,"3,4,5"
14631,fine-tuned,"5,1,3"
14632,fine-tuned,"6,5"
14633,fine-tuned,
14634,fine-tuned,
14635,fine-tuned,
14636,fine-tuned,"5,2,3"
14637,fine-tuned,"6,4,4"
14638,fine-tuned,
14639,fine-tuned,
14640,fine-tuned,
14641,fine-tuned,
14642,fine-tuned,"3,1,6"
14643,fine-tuned,
14644,fine-tuned,
14645,fine-tuned,"2,3,4"
14646,fine-tuned,"5,2,2"
14647,fine-tuned,"6,1,1"
14648,fine-tuned,
14649,fine-tuned,
14650,fine-tuned,"2,1,2"
14651,fine-tuned,"5,1,1"
14652,fine-tuned,"6,4,3"
14653,fine-tuned,"5,6,1"
14654,fine-tuned,"5,3,4"
14655,fine-tuned,"5,3,6"
14656,fine-tuned,"1,2,4"
14657,fine-tuned,"5,3,3"
14658,fine-tuned,
14659,fine-tuned,
14660,fine-tuned,
14661,fine-tuned,"3,2,4"
14662,fine-tuned,"1,6,3"
14663,fine-tuned,"6,5,4"
14664,fine-tuned,5
14665,fine-tuned,
14666,fine-tuned,"3,2,2"
14667,fine-tuned,"1,4,5"
14668,fine-tuned,"4,3,6"
14669,fine-tuned,
14670,fine-tuned,
14671,fine-tuned,
14672,fine-tuned,"3,2,6"
14673,fine-tuned,
14674,fine-tuned,3
14675,fine-tuned,"4,4,5"
14676,fine-tuned,
14677,fine-tuned,
14678,fine-tuned,"5,6,6"
14679,fine-tuned,
14680,fine-tuned,"3,4,1"
14681,fine-tuned,
14682,fine-tuned,
14683,fine-tuned,
14684,fine-tuned,
14685,fine-tuned,"3,1,2"
14686,fine-tuned,
14687,fine-tuned,"1,1,2"
14688,fine-tuned,6
14689,fine-tuned,
14690,fine-tuned,"3,4,4"
14691,fine-tuned,"2,3,1"
14692,fine-tuned,"1,4,3"
14693,fine-tuned,
14694,fine-tuned,"4,1,6"
14695,fine-tuned,"6,1,6"
14696,fine-tuned,"2,4,1"
14697,fine-tuned,4
14698,fine-tuned,"6,3,6"
14699,fine-tuned,
14700,fine-tuned,"1,5,4"
14701,fine-tuned,"3,4,6"
14702,fine-tuned,
14703,fine-tuned,
14704,fine-tuned,"1,6,3"
14705,fine-tuned,
14706,fine-tuned,"1,5,1"
14707,fine-tuned,"2,1,6"
14708,fine-tuned,
14709,fine-tuned,"4,2,4"
14710,fine-tuned,
14711,fine-tuned,
14712,fine-tuned,
14713,fine-tuned,"3,1,1"
14714,fine-tuned,
14715,fine-tuned,
14716,fine-tuned,"1,2"
14717,fine-tuned,"5,1,5"
14718,fine-tuned,"5,4,6"
14719,fine-tuned,
14720,fine-tuned,
14721,fine-tuned,
14722,fine-tuned,"3,2,2"
14723,fine-tuned,4
14724,fine-tuned,"5,5,3"
14725,fine-tuned,1
14726,fine-tuned,"3,3,1"
14727,fine-tuned,
14728,fine-tuned,"2,6"
14729,fine-tuned,2
14730,fine-tuned,"4,3,2"
14731,fine-tuned,
14732,fine-tuned,1
14733,fine-tuned,"4,2,6"
14734,fine-tuned,"3,3,2"
14735,fine-tuned,3
14736,fine-tuned,"1,4,6"
14737,fine-tuned,"4,2,5"
14738,fine-tuned,"2,3,1"
14739,fine-tuned,"4,2,5"
14740,fine-tuned,"2,1,2"
14741,fine-tuned,
14742,fine-tuned,"1,2,3"
14743,fine-tuned,"1,2,2"
14744,fine-tuned,"6,5,4"
14745,fine-tuned,
14746,fine-tuned,"1,2,3"
14747,fine-tuned,"2,5,1"
14748,fine-tuned,"1,2,2"
14749,fine-tuned,"2,2,4"
14750,fine-tuned,
14751,fine-tuned,"2,6,1"
14752,fine-tuned,
14753,fine-tuned,"4,4"
14754,fine-tuned,"3,3,1"
14755,fine-tuned,"4,3"
14756,fine-tuned,
14757,fine-tuned,
14758,fine-tuned,
14759,fine-tuned,3
14760,fine-tuned,"2,1,6"
14761,fine-tuned,"5,6,6"
14762,fine-tuned,5
14763,fine-tuned,"6,2,6"
14764,fine-tuned,1
14765,fine-tuned,2
14766,fine-tuned,"6,4,6"
14767,fine-tuned,"3,1,6"
14768,fine-tuned,"6,2,4"
14769,fine-tuned,"3,1,6"
14770,fine-tuned,"2,3,1"
14771,fine-tuned,"3,1,2"
14772,fine-tuned,"3,4,5"
14773,fine-tuned,
14774,fine-tuned,"3,2,2"
14775,fine-tuned,"4,6,2"
14776,fine-tuned,
14777,fine-tuned,"5,2,3"
14778,fine-tuned,
14779,fine-tuned,
14780,fine-tuned,"3,2,5"
14781,fine-tuned,"3,4,6"
14782,fine-tuned,5
14783,fine-tuned,"2,2,4"
14784,fine-tuned,
14785,fine-tuned,
14786,fine-tuned,"2,1,6"
14787,fine-tuned,5
14788,fine-tuned,"2,5,5"
14789,fine-tuned,"4,1,1"
14790,fine-tuned,"6,2,5"
14791,fine-tuned,"2,5,2"
14792,fine-tuned,"2,6,1"
14793,fine-tuned,"2,2,3"
14794,fine-tuned,
14795,fine-tuned,"6,3,5"
14796,fine-tuned,
14797,fine-tuned,
14798,fine-tuned,
14799,fine-tuned,"1,2,3"
14800,fine-tuned,
14801,fine-tuned,"6,4,3"
14802,fine-tuned,"2,2,2"
14803,fine-tuned,"2,3,4"
14804,fine-tuned,"1,3,5"
14805,fine-tuned,"2,2,4"
14806,fine-tuned,"1,5,2"
14807,fine-tuned,"4,3,5"
14808,fine-tuned,"1,1,3"
14809,fine-tuned,"5,3,3"
14810,fine-tuned,"5,4,2"
14811,fine-tuned,"2,4,3"
14812,fine-tuned,"1,4,5"
14813,fine-tuned,"5,2,3"
14814,fine-tuned,5
14815,fine-tuned,"6,2,1"
14816,fine-tuned,"6,2,4"
14817,fine-tuned,"1,2,3"
14818,fine-tuned,"3,1,4"
14819,fine-tuned,"6,4,3"
14820,fine-tuned,
14821,fine-tuned,
14822,fine-tuned,"2,5,1"
14823,fine-tuned,"1,5,2"
14824,fine-tuned,6
14825,fine-tuned,
14826,fine-tuned,"6,1,1"
14827,fine-tuned,"2,6,5"
14828,fine-tuned,
14829,fine-tuned,"4,1,1"
14830,fine-tuned,"3,3"
14831,fine-tuned,"1,2,4"
14832,fine-tuned,
14833,fine-tuned,"1,1,5"
14834,fine-tuned,"4,5,2"
14835,fine-tuned,
14836,fine-tuned,"1,4"
14837,fine-tuned,"3,2,2"
14838,fine-tuned,"5,5,1"
14839,fine-tuned,3
14840,fine-tuned,
14841,fine-tuned,
14842,fine-tuned,"5,4,2"
14843,fine-tuned,"4,4,5"
14844,fine-tuned,
14845,fine-tuned,"6,3,6"
14846,fine-tuned,"3,4,2"
14847,fine-tuned,"5,3,1"
14848,fine-tuned,
14849,fine-tuned,
14850,fine-tuned,"2,3"
14851,fine-tuned,"1,1"
14852,fine-tuned,"6,1"
14853,fine-tuned,"4,4,6"
14854,fine-tuned,"3,3,5"
14855,fine-tuned,"5,2,1"
14856,fine-tuned,
14857,fine-tuned,
14858,fine-tuned,"2,2,1"
14859,fine-tuned,"6,2"
14860,fine-tuned,
14861,fine-tuned,"6,6,5"
14862,fine-tuned,"6,3,4"
14863,fine-tuned,"3,1,3"
14864,fine-tuned,
14865,fine-tuned,"3,4,6"
14866,fine-tuned,
14867,fine-tuned,"1,1,3"
14868,fine-tuned,"4,3,2"
14869,fine-tuned,
14870,fine-tuned,"4,5,6"
14871,fine-tuned,"2,1,1"
14872,fine-tuned,
14873,fine-tuned,"5,4,3"
14874,fine-tuned,3
14875,fine-tuned,
14876,fine-tuned,"3,2,1"
14877,fine-tuned,"1,2,4"
14878,fine-tuned,"5,6,4"
14879,fine-tuned,
14880,fine-tuned,"4,1,5"
14881,fine-tuned,"3,3,6"
14882,fine-tuned,"6,3,3"
14883,fine-tuned,"4,6,4"
14884,fine-tuned,"2,6,4"
14885,fine-tuned,
14886,fine-tuned,
14887,fine-tuned,"1,6,3"
14888,fine-tuned,"4,2,1"
14889,fine-tuned,"3,1"
14890,fine-tuned,
14891,fine-tuned,
14892,fine-tuned,"2,6,2"
14893,fine-tuned,"1,5,4"
14894,fine-tuned,"2,3,5"
14895,fine-tuned,
14896,fine-tuned,"3,1,1"
14897,fine-tuned,"2,4,6"
14898,fine-tuned,1
14899,fine-tuned,
14900,fine-tuned,
14901,fine-tuned,"1,1,2"
14902,fine-tuned,"6,6,2"
14903,fine-tuned,"4,3,4"
14904,fine-tuned,"3,1,4"
14905,fine-tuned,
14906,fine-tuned,"4,4,4"
14907,fine-tuned,
14908,fine-tuned,"3,5,2"
14909,fine-tuned,
14910,fine-tuned,"4,1,4"
14911,fine-tuned,"4,6,4"
14912,fine-tuned,"2,6,4"
14913,fine-tuned,"1,4,4"
14914,fine-tuned,
14915,fine-tuned,"2,2,1"
14916,fine-tuned,
14917,fine-tuned,"4,1,5"
14918,fine-tuned,"5,5,6"
14919,fine-tuned,
14920,fine-tuned,"4,3,2"
14921,fine-tuned,"1,2,5"
14922,fine-tuned,"2,2,4"
14923,fine-tuned,"4,4,2"
14924,fine-tuned,"2,6,3"
14925,fine-tuned,"5,5,6"
14926,fine-tuned,"4,4,6"
14927,fine-tuned,
14928,fine-tuned,"4,4,3"
14929,fine-tuned,"2,2,3"
14930,fine-tuned,"4,5,3"
14931,fine-tuned,"2,4,6"
14932,fine-tuned,"1,1,5"
14933,fine-tuned,"5,6,5"
14934,fine-tuned,"3,2,2"
14935,fine-tuned,3
14936,fine-tuned,"3,6,4"
14937,fine-tuned,"3,1,6"
14938,fine-tuned,
14939,fine-tuned,"2,2,2"
14940,fine-tuned,
14941,fine-tuned,"3,4,5"
14942,fine-tuned,"5,1,2"
14943,fine-tuned,"3,1,4"
14944,fine-tuned,"4,1,2"
14945,fine-tuned,
14946,fine-tuned,"1,2,3"
14947,fine-tuned,
14948,fine-tuned,"5,2,5"
14949,fine-tuned,
14950,fine-tuned,3
14951,fine-tuned,"4,4,5"
14952,fine-tuned,"6,3"
14953,fine-tuned,"3,2,4"
14954,fine-tuned,"4,5,6"
14955,fine-tuned,"1,2"
14956,fine-tuned,"3,2,4"
14957,fine-tuned,
14958,fine-tuned,"6,2,1"
14959,fine-tuned,
14960,fine-tuned,
14961,fine-tuned,
14962,fine-tuned,"2,1,2"
14963,fine-tuned,
14964,fine-tuned,"3,2,3"
14965,fine-tuned,
14966,fine-tuned,"2,4,2"
14967,fine-tuned,"4,1"
14968,fine-tuned,
14969,fine-tuned,"6,5,3"
14970,fine-tuned,
14971,fine-tuned,"5,1,4"
14972,fine-tuned,
14973,fine-tuned,
14974,fine-tuned,
14975,fine-tuned,6
14976,fine-tuned,"3,2,6"
14977,fine-tuned,"6,1,5"
14978,fine-tuned,"3,6,6"
14979,fine-tuned,"5,1,4"
14980,fine-tuned,3
14981,fine-tuned,"1,2,6"
14982,fine-tuned,"1,4,6"
14983,fine-tuned,"1,6,1"
14984,fine-tuned,"2,6,1"
14985,fine-tuned,"6,3,2"
14986,fine-tuned,
14987,fine-tuned,
14988,fine-tuned,"4,1,1"
14989,fine-tuned,"3,6,6"
14990,fine-tuned,"6,4,3"
14991,fine-tuned,"3,5,2"
14992,fine-tuned,
14993,fine-tuned,"2,3,1"
14994,fine-tuned,"6,4,3"
14995,fine-tuned,"4,4,5"
14996,fine-tuned,"5,5,4"
14997,fine-tuned,
14998,fine-tuned,"1,5,4"
14999,fine-tuned,
15000,fine-tuned,"1,3"
15001,fine-tuned,"5,2,3"
15002,fine-tuned,
15003,fine-tuned,"3,6,2"
15004,fine-tuned,"2,5,6"
15005,fine-tuned,"1,5,3"
15006,fine-tuned,"5,2,3"
15007,fine-tuned,"1,2,6"
15008,fine-tuned,"1,2,3"
15009,fine-tuned,"4,3,3"
15010,fine-tuned,
15011,fine-tuned,"2,4,6"
15012,fine-tuned,"5,5,6"
15013,fine-tuned,
15014,fine-tuned,"5,3,6"
15015,fine-tuned,"2,2,1"
15016,fine-tuned,"4,2,4"
15017,fine-tuned,
15018,fine-tuned,
15019,fine-tuned,
15020,fine-tuned,3
15021,fine-tuned,3
15022,fine-tuned,
15023,fine-tuned,3
15024,fine-tuned,"2,5,5"
15025,fine-tuned,
15026,fine-tuned,"2,1,4"
15027,fine-tuned,"1,2,5"
15028,fine-tuned,
15029,fine-tuned,"2,1,5"
15030,fine-tuned,"1,3,4"
15031,fine-tuned,"6,2,2"
15032,fine-tuned,
15033,fine-tuned,"5,3,2"
15034,fine-tuned,
15035,fine-tuned,
15036,fine-tuned,"3,6,4"
15037,fine-tuned,
15038,fine-tuned,"1,4"
15039,fine-tuned,
15040,fine-tuned,"2,3,2"
15041,fine-tuned,"1,2,3"
15042,fine-tuned,3
15043,fine-tuned,"1,2,4"
15044,fine-tuned,"5,6,6"
15045,fine-tuned,"1,6"
15046,fine-tuned,"2,5,1"
15047,fine-tuned,
15048,fine-tuned,"1,6,5"
15049,fine-tuned,"4,1,5"
15050,fine-tuned,
15051,fine-tuned,
15052,fine-tuned,"1,3,1"
15053,fine-tuned,"4,2,3"
15054,fine-tuned,
15055,fine-tuned,
15056,fine-tuned,"3,5,4"
15057,fine-tuned,
15058,fine-tuned,
15059,fine-tuned,"1,4,1"
15060,fine-tuned,"1,4,3"
15061,fine-tuned,"4,6,2"
15062,fine-tuned,"2,1,6"
15063,fine-tuned,"1,2,3"
15064,fine-tuned,1
15065,fine-tuned,"6,5,4"
15066,fine-tuned,"3,6,3"
15067,fine-tuned,"6,5,4"
15068,fine-tuned,"3,6,1"
15069,fine-tuned,"1,1"
15070,fine-tuned,"1,2,3"
15071,fine-tuned,"3,5,3"
15072,fine-tuned,"1,5,6"
15073,fine-tuned,"6,2,1"
15074,fine-tuned,"2,2,4"
15075,fine-tuned,2
15076,fine-tuned,5
15077,fine-tuned,"1,1,1"
15078,fine-tuned,"6,5,6"
15079,fine-tuned,"6,3,4"
15080,fine-tuned,"6,4,1"
15081,fine-tuned,"2,1,6"
15082,fine-tuned,
15083,fine-tuned,5
15084,fine-tuned,"5,1,5"
15085,fine-tuned,"3,3,1"
15086,fine-tuned,"3,1,3"
15087,fine-tuned,"4,1,3"
15088,fine-tuned,
15089,fine-tuned,3
15090,fine-tuned,"1,3,2"
15091,fine-tuned,"1,1,6"
15092,fine-tuned,"3,3,6"
15093,fine-tuned,
15094,fine-tuned,
15095,fine-tuned,"3,5,6"
15096,fine-tuned,"6,2,5"
15097,fine-tuned,1
15098,fine-tuned,"3,5,3"
15099,fine-tuned,"1,3,3"
15100,fine-tuned,"1,4,5"
15101,fine-tuned,
15102,fine-tuned,3
15103,fine-tuned,
15104,fine-tuned,"4,6,4"
15105,fine-tuned,"2,6,3"
15106,fine-tuned,"2,2,2"
15107,fine-tuned,
15108,fine-tuned,
15109,fine-tuned,"6,2,1"
15110,fine-tuned,"4,4,1"
15111,fine-tuned,
15112,fine-tuned,
15113,fine-tuned,"3,6,4"
15114,fine-tuned,"5,1,6"
15115,fine-tuned,
15116,fine-tuned,"1,1,6"
15117,fine-tuned,
15118,fine-tuned,"5,4,1"
15119,fine-tuned,"6,6,3"
15120,fine-tuned,"1,4,1"
15121,fine-tuned,"2,4,1"
15122,fine-tuned,"5,1,1"
15123,fine-tuned,
15124,fine-tuned,"6,3,4"
15125,fine-tuned,"3,3,3"
15126,fine-tuned,"1,1"
15127,fine-tuned,
15128,fine-tuned,"3,2,3"
15129,fine-tuned,
15130,fine-tuned,"4,1,1"
15131,fine-tuned,
15132,fine-tuned,
15133,fine-tuned,
15134,fine-tuned,"3,3,4"
15135,fine-tuned,"3,2,4"
15136,fine-tuned,
15137,fine-tuned,"1,4,1"
15138,fine-tuned,
15139,fine-tuned,"5,5,5"
15140,fine-tuned,3
15141,fine-tuned,
15142,fine-tuned,"5,4,2"
15143,fine-tuned,
15144,fine-tuned,"1,2,3"
15145,fine-tuned,"4,3,2"
15146,fine-tuned,
15147,fine-tuned,"1,1,1"
15148,fine-tuned,
15149,fine-tuned,"1,2,3"
15150,fine-tuned,"4,4,1"
15151,fine-tuned,"6,5,4"
15152,fine-tuned,"4,5,2"
15153,fine-tuned,"3,5,3"
15154,fine-tuned,
15155,fine-tuned,"2,5,5"
15156,fine-tuned,"6,2,2"
15157,fine-tuned,
15158,fine-tuned,"3,3"
15159,fine-tuned,
15160,fine-tuned,"5,1,2"
15161,fine-tuned,"2,5,6"
15162,fine-tuned,"1,2,3"
15163,fine-tuned,
15164,fine-tuned,"1,4,5"
15165,fine-tuned,
15166,fine-tuned,"3,3"
15167,fine-tuned,"3,3,3"
15168,fine-tuned,
15169,fine-tuned,1
15170,fine-tuned,
15171,fine-tuned,"4,5,6"
15172,fine-tuned,"2,4,4"
15173,fine-tuned,"1,6,4"
15174,fine-tuned,"4,5,2"
15175,fine-tuned,"1,1,6"
15176,fine-tuned,"3,1,1"
15177,fine-tuned,
15178,fine-tuned,
15179,fine-tuned,"3,1,1"
15180,fine-tuned,"5,4,2"
15181,fine-tuned,"2,6,6"
15182,fine-tuned,"3,3,5"
15183,fine-tuned,
15184,fine-tuned,"6,4,5"
15185,fine-tuned,"2,1,1"
15186,fine-tuned,
15187,fine-tuned,"2,3,3"
15188,fine-tuned,"6,2,1"
15189,fine-tuned,
15190,fine-tuned,4
15191,fine-tuned,
15192,fine-tuned,"2,4,3"
15193,fine-tuned,"1,6,1"
15194,fine-tuned,
15195,fine-tuned,
15196,fine-tuned,"4,1,2"
15197,fine-tuned,"1,4,1"
15198,fine-tuned,"6,5,5"
15199,fine-tuned,
15200,fine-tuned,"5,1"
15201,fine-tuned,"5,1,6"
15202,fine-tuned,"5,5,4"
15203,fine-tuned,"1,2,4"
15204,fine-tuned,"5,2,5"
15205,fine-tuned,
15206,fine-tuned,"5,3,5"
15207,fine-tuned,"1,2,5"
15208,fine-tuned,"1,1,3"
15209,fine-tuned,"4,2,6"
15210,fine-tuned,"1,6,5"
15211,fine-tuned,"3,3,6"
15212,fine-tuned,"4,5,4"
15213,fine-tuned,
15214,fine-tuned,
15215,fine-tuned,"6,4,5"
15216,fine-tuned,"3,2,4"
15217,fine-tuned,"5,2,3"
15218,fine-tuned,"5,2,4"
15219,fine-tuned,
15220,fine-tuned,
15221,fine-tuned,"3,3"
15222,fine-tuned,
15223,fine-tuned,
15224,fine-tuned,"6,5,5"
15225,fine-tuned,
15226,fine-tuned,
15227,fine-tuned,"1,5,6"
15228,fine-tuned,"1,2,3"
15229,fine-tuned,"1,2,1"
15230,fine-tuned,"1,2,3"
15231,fine-tuned,"5,5,5"
15232,fine-tuned,"1,6,3"
15233,fine-tuned,2
15234,fine-tuned,"1,3,5"
15235,fine-tuned,
15236,fine-tuned,
15237,fine-tuned,"1,1"
15238,fine-tuned,"2,6,1"
15239,fine-tuned,
15240,fine-tuned,3
15241,fine-tuned,"1,2,5"
15242,fine-tuned,
15243,fine-tuned,"5,1,1"
15244,fine-tuned,"3,3,2"
15245,fine-tuned,3
15246,fine-tuned,
15247,fine-tuned,"2,3,1"
15248,fine-tuned,"1,1,3"
15249,fine-tuned,"1,1,2"
15250,fine-tuned,"3,3,2"
15251,fine-tuned,
15252,fine-tuned,"1,5,2"
15253,fine-tuned,
15254,fine-tuned,"5,3,4"
15255,fine-tuned,
15256,fine-tuned,
15257,fine-tuned,
15258,fine-tuned,"2,3,4"
15259,fine-tuned,3
15260,fine-tuned,
15261,fine-tuned,"3,4,4"
15262,fine-tuned,"3,2,6"
15263,fine-tuned,
15264,fine-tuned,
15265,fine-tuned,
15266,fine-tuned,"3,2,1"
15267,fine-tuned,"5,6,2"
15268,fine-tuned,
15269,fine-tuned,"3,6,1"
15270,fine-tuned,"2,5,6"
15271,fine-tuned,"1,1,5"
15272,fine-tuned,"4,5,3"
15273,fine-tuned,"2,3,3"
15274,fine-tuned,
15275,fine-tuned,"3,1,3"
15276,fine-tuned,3
15277,fine-tuned,"4,3,3"
15278,fine-tuned,"3,1,6"
15279,fine-tuned,"6,4,2"
15280,fine-tuned,
15281,fine-tuned,
15282,fine-tuned,"4,3,2"
15283,fine-tuned,"5,2"
15284,fine-tuned,"6,3,3"
15285,fine-tuned,"3,2,1"
15286,fine-tuned,"5,4,5"
15287,fine-tuned,"4,1,1"
15288,fine-tuned,"1,6"
15289,fine-tuned,"5,6,6"
15290,fine-tuned,
15291,fine-tuned,"4,2,1"
15292,fine-tuned,5
15293,fine-tuned,"2,2,5"
15294,fine-tuned,
15295,fine-tuned,"1,3,5"
15296,fine-tuned,"6,3,2"
15297,fine-tuned,"4,4,3"
15298,fine-tuned,
15299,fine-tuned,"3,1,6"
15300,fine-tuned,"3,6,2"
15301,fine-tuned,"1,3,5"
15302,fine-tuned,"6,3,6"
15303,fine-tuned,"6,5,4"
15304,fine-tuned,"3,5,4"
15305,fine-tuned,
15306,fine-tuned,
15307,fine-tuned,
15308,fine-tuned,
15309,fine-tuned,
15310,fine-tuned,
15311,fine-tuned,"2,3,4"
15312,fine-tuned,"1,3,4"
15313,fine-tuned,4
15314,fine-tuned,"5,2,1"
15315,fine-tuned,"1,6,3"
15316,fine-tuned,"2,3,4"
15317,fine-tuned,
15318,fine-tuned,
15319,fine-tuned,"4,4,2"
15320,fine-tuned,3
15321,fine-tuned,"5,5,3"
15322,fine-tuned,
15323,fine-tuned,"5,6,1"
15324,fine-tuned,"1,2,3"
15325,fine-tuned,
15326,fine-tuned,"1,3,1"
15327,fine-tuned,"5,4,6"
15328,fine-tuned,"5,6,4"
15329,fine-tuned,"4,3"
15330,fine-tuned,
15331,fine-tuned,
15332,fine-tuned,"1,5,1"
15333,fine-tuned,
15334,fine-tuned,"6,3,4"
15335,fine-tuned,"4,1,1"
15336,fine-tuned,"2,5,3"
15337,fine-tuned,"2,4,4"
15338,fine-tuned,"5,4,2"
15339,fine-tuned,"5,1,4"
15340,fine-tuned,"2,4,6"
15341,fine-tuned,"3,3,1"
15342,fine-tuned,
15343,fine-tuned,3
15344,fine-tuned,"5,4,1"
15345,fine-tuned,"3,6,5"
15346,fine-tuned,
15347,fine-tuned,"1,1"
15348,fine-tuned,"4,1,6"
15349,fine-tuned,"2,3"
15350,fine-tuned,"4,2,5"
15351,fine-tuned,1
15352,fine-tuned,
15353,fine-tuned,5
15354,fine-tuned,"3,3,4"
15355,fine-tuned,"4,1,2"
15356,fine-tuned,"4,2,2"
15357,fine-tuned,"2,6,3"
15358,fine-tuned,"3,6,6"
15359,fine-tuned,"5,1,1"
15360,fine-tuned,"5,3,4"
15361,fine-tuned,"5,5"
15362,fine-tuned,
15363,fine-tuned,"6,4,1"
15364,fine-tuned,
15365,fine-tuned,
15366,fine-tuned,
15367,fine-tuned,"6,1,3"
15368,fine-tuned,"3,2,6"
15369,fine-tuned,
15370,fine-tuned,"5,3,4"
15371,fine-tuned,4
15372,fine-tuned,"4,1,1"
15373,fine-tuned,"3,6,1"
15374,fine-tuned,1
15375,fine-tuned,"5,3,4"
15376,fine-tuned,"5,6,4"
15377,fine-tuned,2
15378,fine-tuned,
15379,fine-tuned,"2,2,1"
15380,fine-tuned,"4,1,5"
15381,fine-tuned,"6,3,2"
15382,fine-tuned,"2,4,2"
15383,fine-tuned,"3,2"
15384,fine-tuned,"3,1,4"
15385,fine-tuned,
15386,fine-tuned,"5,4,4"
15387,fine-tuned,"6,1,2"
15388,fine-tuned,"5,1,4"
15389,fine-tuned,"3,3,6"
15390,fine-tuned,
15391,fine-tuned,"6,3,1"
15392,fine-tuned,"3,3,3"
15393,fine-tuned,"3,2,6"
15394,fine-tuned,"3,6,3"
15395,fine-tuned,"5,4,2"
15396,fine-tuned,"2,3,6"
15397,fine-tuned,
15398,fine-tuned,"4,1,3"
15399,fine-tuned,"2,6,3"
15400,fine-tuned,"1,1"
15401,fine-tuned,"2,1,6"
15402,fine-tuned,"1,6,4"
15403,fine-tuned,"3,4,4"
15404,fine-tuned,
15405,fine-tuned,"6,5,3"
15406,fine-tuned,"1,6"
15407,fine-tuned,"2,6,5"
15408,fine-tuned,"1,4"
15409,fine-tuned,
15410,fine-tuned,3
15411,fine-tuned,"1,3,4"
15412,fine-tuned,"1,5,2"
15413,fine-tuned,"2,3,1"
15414,fine-tuned,"5,6,5"
15415,fine-tuned,
15416,fine-tuned,"6,2,6"
15417,fine-tuned,1
15418,fine-tuned,
15419,fine-tuned,3
15420,fine-tuned,3
15421,fine-tuned,"1,3,6"
15422,fine-tuned,"5,3,4"
15423,fine-tuned,"1,1,2"
15424,fine-tuned,"1,2,2"
15425,fine-tuned,"3,6,6"
15426,fine-tuned,"4,2,6"
15427,fine-tuned,"4,4,1"
15428,fine-tuned,
15429,fine-tuned,
15430,fine-tuned,"5,4,3"
15431,fine-tuned,"4,2,4"
15432,fine-tuned,
15433,fine-tuned,
15434,fine-tuned,
15435,fine-tuned,"3,6,2"
15436,fine-tuned,
15437,fine-tuned,
15438,fine-tuned,
15439,fine-tuned,"5,6,1"
15440,fine-tuned,"3,2,6"
15441,fine-tuned,"1,5,3"
15442,fine-tuned,"1,2,4"
15443,fine-tuned,"1,3,1"
15444,fine-tuned,"3,3"
15445,fine-tuned,
15446,fine-tuned,
15447,fine-tuned,"4,2"
15448,fine-tuned,"6,2,2"
15449,fine-tuned,
15450,fine-tuned,"3,4,2"
15451,fine-tuned,"3,3,5"
15452,fine-tuned,"3,4"
15453,fine-tuned,"3,3,2"
15454,fine-tuned,"6,5,4"
15455,fine-tuned,"3,4,6"
15456,fine-tuned,
15457,fine-tuned,"3,4,5"
15458,fine-tuned,"1,3,1"
15459,fine-tuned,
15460,fine-tuned,"3,1,2"
15461,fine-tuned,"5,2,3"
15462,fine-tuned,
15463,fine-tuned,
15464,fine-tuned,"2,5,4"
15465,fine-tuned,"2,2,4"
15466,fine-tuned,
15467,fine-tuned,
15468,fine-tuned,"5,4,3"
15469,fine-tuned,"2,3,3"
15470,fine-tuned,"6,2,4"
15471,fine-tuned,"2,1,4"
15472,fine-tuned,
15473,fine-tuned,"2,3,6"
15474,fine-tuned,"1,6,4"
15475,fine-tuned,"4,2,4"
15476,fine-tuned,
15477,fine-tuned,
15478,fine-tuned,"3,5,2"
15479,fine-tuned,"4,4,5"
15480,fine-tuned,"5,3,3"
15481,fine-tuned,"5,2,1"
15482,fine-tuned,"5,4,2"
15483,fine-tuned,"1,1,6"
15484,fine-tuned,"5,5,3"
15485,fine-tuned,
15486,fine-tuned,"3,1,6"
15487,fine-tuned,"3,5"
15488,fine-tuned,
15489,fine-tuned,"4,4"
15490,fine-tuned,
15491,fine-tuned,
15492,fine-tuned,
15493,fine-tuned,"4,6,2"
15494,fine-tuned,"5,6,4"
15495,fine-tuned,"3,2,4"
15496,fine-tuned,"1,1,2"
15497,fine-tuned,"2,5,6"
15498,fine-tuned,
15499,fine-tuned,
15500,fine-tuned,
15501,fine-tuned,"2,5"
15502,fine-tuned,"1,3,4"
15503,fine-tuned,"3,6,5"
15504,fine-tuned,"4,4,3"
15505,fine-tuned,"3,2,4"
15506,fine-tuned,
15507,fine-tuned,
15508,fine-tuned,"3,1,4"
15509,fine-tuned,
15510,fine-tuned,"6,1"
15511,fine-tuned,"4,6,3"
15512,fine-tuned,"3,5,5"
15513,fine-tuned,6
15514,fine-tuned,"2,2"
15515,fine-tuned,"3,3"
15516,fine-tuned,
15517,fine-tuned,"5,4,1"
15518,fine-tuned,
15519,fine-tuned,"1,6"
15520,fine-tuned,"1,2,3"
15521,fine-tuned,
15522,fine-tuned,
15523,fine-tuned,
15524,fine-tuned,"2,3,4"
15525,fine-tuned,"4,2"
15526,fine-tuned,
15527,fine-tuned,"1,3,5"
15528,fine-tuned,"1,2,4"
15529,fine-tuned,"3,5,4"
15530,fine-tuned,"3,5,4"
15531,fine-tuned,"2,4,1"
15532,fine-tuned,"5,1,2"
15533,fine-tuned,"6,4,5"
15534,fine-tuned,"6,1,4"
15535,fine-tuned,
15536,fine-tuned,
15537,fine-tuned,"1,1,4"
15538,fine-tuned,"1,5,5"
15539,fine-tuned,"3,4,5"
15540,fine-tuned,"2,5"
15541,fine-tuned,3
15542,fine-tuned,"3,1,6"
15543,fine-tuned,"3,5,6"
15544,fine-tuned,"4,5,3"
15545,fine-tuned,"1,1,2"
15546,fine-tuned,
15547,fine-tuned,"5,5,5"
15548,fine-tuned,"1,3,4"
15549,fine-tuned,
15550,fine-tuned,"1,6,1"
15551,fine-tuned,"6,1,5"
15552,fine-tuned,"6,2,4"
15553,fine-tuned,"5,1,5"
15554,fine-tuned,"5,5,6"
15555,fine-tuned,"1,3,1"
15556,fine-tuned,
15557,fine-tuned,"2,3,4"
15558,fine-tuned,
15559,fine-tuned,"1,6,3"
15560,fine-tuned,"2,1,4"
15561,fine-tuned,"1,6,4"
15562,fine-tuned,"3,6,4"
15563,fine-tuned,"1,2,6"
15564,fine-tuned,"6,3"
15565,fine-tuned,"5,5,3"
15566,fine-tuned,
15567,fine-tuned,"2,3,2"
15568,fine-tuned,"1,2,1"
15569,fine-tuned,"1,6,4"
15570,fine-tuned,
15571,fine-tuned,"4,2,5"
15572,fine-tuned,"4,2,6"
15573,fine-tuned,
15574,fine-tuned,"4,5,6"
15575,fine-tuned,
15576,fine-tuned,"3,6"
15577,fine-tuned,"5,6,3"
15578,fine-tuned,"4,4,3"
15579,fine-tuned,"6,3,6"
15580,fine-tuned,"6,5"
15581,fine-tuned,
15582,fine-tuned,"4,2,1"
15583,fine-tuned,"5,6,1"
15584,fine-tuned,"3,1,4"
15585,fine-tuned,
15586,fine-tuned,"4,1,4"
15587,fine-tuned,"1,2,3"
15588,fine-tuned,"1,3,4"
15589,fine-tuned,"5,5,2"
15590,fine-tuned,"3,4,5"
15591,fine-tuned,"5,1,6"
15592,fine-tuned,"1,2,4"
15593,fine-tuned,"1,2"
15594,fine-tuned,
15595,fine-tuned,"4,3,6"
15596,fine-tuned,"5,2,5"
15597,fine-tuned,"6,3,3"
15598,fine-tuned,
15599,fine-tuned,"1,6"
15600,fine-tuned,"3,4,1"
15601,fine-tuned,
15602,fine-tuned,"3,4,2"
15603,fine-tuned,
15604,fine-tuned,"2,2,6"
15605,fine-tuned,"3,4,4"
15606,fine-tuned,"4,3,6"
15607,fine-tuned,"2,5,5"
15608,fine-tuned,"3,2,3"
15609,fine-tuned,
15610,fine-tuned,"1,5,5"
15611,fine-tuned,"1,6,2"
15612,fine-tuned,"1,2,1"
15613,fine-tuned,"4,4,2"
15614,fine-tuned,"2,2,1"
15615,fine-tuned,"1,6"
15616,fine-tuned,"2,2,6"
15617,fine-tuned,"4,4,5"
15618,fine-tuned,
15619,fine-tuned,
15620,fine-tuned,"1,1,5"
15621,fine-tuned,
15622,fine-tuned,"1,1,2"
15623,fine-tuned,"5,6,1"
15624,fine-tuned,"2,3,5"
15625,fine-tuned,"2,3,5"
15626,fine-tuned,"4,4,2"
15627,fine-tuned,
15628,fine-tuned,1
15629,fine-tuned,"3,2"
15630,fine-tuned,
15631,fine-tuned,"2,4,3"
15632,fine-tuned,
15633,fine-tuned,"5,2,3"
15634,fine-tuned,"3,1,6"
15635,fine-tuned,"4,6,5"
15636,fine-tuned,"6,2,5"
15637,fine-tuned,"2,1,3"
15638,fine-tuned,
15639,fine-tuned,"3,1,6"
15640,fine-tuned,"5,4,6"
15641,fine-tuned,"1,6"
15642,fine-tuned,"5,3,6"
15643,fine-tuned,"3,4,4"
15644,fine-tuned,
15645,fine-tuned,"4,2,3"
15646,fine-tuned,"3,6,1"
15647,fine-tuned,6
15648,fine-tuned,
15649,fine-tuned,
15650,fine-tuned,"6,5,1"
15651,fine-tuned,"1,3,6"
15652,fine-tuned,"3,1,2"
15653,fine-tuned,"2,4,4"
15654,fine-tuned,"1,3"
15655,fine-tuned,
15656,fine-tuned,"5,1,6"
15657,fine-tuned,
15658,fine-tuned,"1,5,6"
15659,fine-tuned,"3,3,3"
15660,fine-tuned,
15661,fine-tuned,"4,1,3"
15662,fine-tuned,
15663,fine-tuned,"1,3,1"
15664,fine-tuned,"1,6,2"
15665,fine-tuned,"3,2,3"
15666,fine-tuned,"4,6,4"
15667,fine-tuned,3
15668,fine-tuned,"3,1,1"
15669,fine-tuned,"4,2,3"
15670,fine-tuned,
15671,fine-tuned,5
15672,fine-tuned,"1,4,2"
15673,fine-tuned,"3,2,1"
15674,fine-tuned,3
15675,fine-tuned,"4,1,1"
15676,fine-tuned,
15677,fine-tuned,
15678,fine-tuned,3
15679,fine-tuned,
15680,fine-tuned,"2,5,6"
15681,fine-tuned,
15682,fine-tuned,"5,2,6"
15683,fine-tuned,3
15684,fine-tuned,"3,1,5"
15685,fine-tuned,"3,5,3"
15686,fine-tuned,
15687,fine-tuned,
15688,fine-tuned,"4,3"
15689,fine-tuned,
15690,fine-tuned,6
15691,fine-tuned,5
15692,fine-tuned,
15693,fine-tuned,"2,1,1"
15694,fine-tuned,"1,2,3"
15695,fine-tuned,"5,5,5"
15696,fine-tuned,3
15697,fine-tuned,
15698,fine-tuned,
15699,fine-tuned,"6,1,4"
15700,fine-tuned,"4,5,4"
15701,fine-tuned,
15702,fine-tuned,"4,1,6"
15703,fine-tuned,"1,2,4"
15704,fine-tuned,
15705,fine-tuned,"2,6,2"
15706,fine-tuned,"3,2,5"
15707,fine-tuned,1
15708,fine-tuned,"1,6,5"
15709,fine-tuned,"2,5,3"
15710,fine-tuned,
15711,fine-tuned,
15712,fine-tuned,"4,2,3"
15713,fine-tuned,"1,3,4"
15714,fine-tuned,"3,5,3"
15715,fine-tuned,"2,5,1"
15716,fine-tuned,
15717,fine-tuned,"4,5,4"
15718,fine-tuned,"4,3,5"
15719,fine-tuned,"1,6,4"
15720,fine-tuned,
15721,fine-tuned,"1,5,5"
15722,fine-tuned,"3,4,3"
15723,fine-tuned,"1,3,6"
15724,fine-tuned,
15725,fine-tuned,
15726,fine-tuned,"2,2,2"
15727,fine-tuned,"6,5,2"
15728,fine-tuned,"6,4,4"
15729,fine-tuned,
15730,fine-tuned,
15731,fine-tuned,"4,2,2"
15732,fine-tuned,"2,5,1"
15733,fine-tuned,
15734,fine-tuned,
15735,fine-tuned,
15736,fine-tuned,"6,3"
15737,fine-tuned,"3,2,6"
15738,fine-tuned,
15739,fine-tuned,"1,6"
15740,fine-tuned,
15741,fine-tuned,"5,1,2"
15742,fine-tuned,"1,1,3"
15743,fine-tuned,"3,2,6"
15744,fine-tuned,"5,6,6"
15745,fine-tuned,"3,6,2"
15746,fine-tuned,"1,6,4"
15747,fine-tuned,"4,1,6"
15748,fine-tuned,
15749,fine-tuned,"5,6,6"
15750,fine-tuned,
15751,fine-tuned,"1,6,3"
15752,fine-tuned,
15753,fine-tuned,"6,1,1"
15754,fine-tuned,
15755,fine-tuned,"1,2,3"
15756,fine-tuned,"5,2,2"
15757,fine-tuned,"2,3,4"
15758,fine-tuned,"1,1,1"
15759,fine-tuned,"3,4,6"
15760,fine-tuned,
15761,fine-tuned,
15762,fine-tuned,"6,3,2"
15763,fine-tuned,"6,6,2"
15764,fine-tuned,
15765,fine-tuned,"1,2,2"
15766,fine-tuned,"2,1,5"
15767,fine-tuned,"3,2,5"
15768,fine-tuned,"2,6,3"
15769,fine-tuned,
15770,fine-tuned,"1,5,1"
15771,fine-tuned,"2,1"
15772,fine-tuned,
15773,fine-tuned,"5,1,5"
15774,fine-tuned,"1,5,2"
15775,fine-tuned,"5,1,3"
15776,fine-tuned,
15777,fine-tuned,1
15778,fine-tuned,
15779,fine-tuned,
15780,fine-tuned,"3,3,1"
15781,fine-tuned,"1,1"
15782,fine-tuned,"4,6,2"
15783,fine-tuned,"6,2,5"
15784,fine-tuned,"2,1,3"
15785,fine-tuned,"3,3,5"
15786,fine-tuned,"2,1,3"
15787,fine-tuned,"4,5,1"
15788,fine-tuned,
15789,fine-tuned,"1,1,2"
15790,fine-tuned,"6,4,4"
15791,fine-tuned,"1,1,4"
15792,fine-tuned,"3,1,6"
15793,fine-tuned,"6,6,5"
15794,fine-tuned,"1,5,3"
15795,fine-tuned,"3,3,1"
15796,fine-tuned,"4,4,4"
15797,fine-tuned,"1,1,5"
15798,fine-tuned,3
15799,fine-tuned,"3,1,6"
15800,fine-tuned,"3,2,4"
15801,fine-tuned,"1,3,4"
15802,fine-tuned,
15803,fine-tuned,"1,1,2"
15804,fine-tuned,"1,5,6"
15805,fine-tuned,
15806,fine-tuned,3
15807,fine-tuned,"2,4,1"
15808,fine-tuned,"3,4,4"
15809,fine-tuned,"3,3,1"
15810,fine-tuned,
15811,fine-tuned,"5,2,2"
15812,fine-tuned,"1,4,4"
15813,fine-tuned,"6,2,3"
15814,fine-tuned,
15815,fine-tuned,
15816,fine-tuned,
15817,fine-tuned,"3,1,6"
15818,fine-tuned,"3,1,3"
15819,fine-tuned,2
15820,fine-tuned,
15821,fine-tuned,"3,3,2"
15822,fine-tuned,"5,3,3"
15823,fine-tuned,
15824,fine-tuned,"4,5"
15825,fine-tuned,"3,1"
15826,fine-tuned,
15827,fine-tuned,
15828,fine-tuned,
15829,fine-tuned,"1,2"
15830,fine-tuned,
15831,fine-tuned,"6,1,6"
15832,fine-tuned,"1,4,3"
15833,fine-tuned,"3,5,1"
15834,fine-tuned,
15835,fine-tuned,"4,1,6"
15836,fine-tuned,
15837,fine-tuned,"6,2,3"
15838,fine-tuned,"3,2,2"
15839,fine-tuned,"2,6,2"
15840,fine-tuned,
15841,fine-tuned,
15842,fine-tuned,
15843,fine-tuned,"3,6,4"
15844,fine-tuned,3
15845,fine-tuned,"3,6,3"
15846,fine-tuned,1
15847,fine-tuned,"2,3,5"
15848,fine-tuned,"2,5,6"
15849,fine-tuned,
15850,fine-tuned,"1,1,5"
15851,fine-tuned,"6,1,6"
15852,fine-tuned,"1,2"
15853,fine-tuned,"2,2,4"
15854,fine-tuned,"3,5,1"
15855,fine-tuned,2
15856,fine-tuned,"2,4,3"
15857,fine-tuned,"4,1,1"
15858,fine-tuned,"4,3"
15859,fine-tuned,
15860,fine-tuned,"3,6,3"
15861,fine-tuned,"1,3,1"
15862,fine-tuned,"2,3,1"
15863,fine-tuned,"5,2,1"
15864,fine-tuned,
15865,fine-tuned,"4,5,3"
15866,fine-tuned,
15867,fine-tuned,"5,2,6"
15868,fine-tuned,"4,2,2"
15869,fine-tuned,
15870,fine-tuned,
15871,fine-tuned,
15872,fine-tuned,
15873,fine-tuned,
15874,fine-tuned,"4,1,1"
15875,fine-tuned,"5,6,1"
15876,fine-tuned,"2,4,6"
15877,fine-tuned,
15878,fine-tuned,"2,1,6"
15879,fine-tuned,"4,3,6"
15880,fine-tuned,
15881,fine-tuned,"2,1,4"
15882,fine-tuned,
15883,fine-tuned,"1,4,6"
15884,fine-tuned,"5,3,5"
15885,fine-tuned,"4,4,5"
15886,fine-tuned,
15887,fine-tuned,"4,2,2"
15888,fine-tuned,"1,3,6"
15889,fine-tuned,"5,3,4"
15890,fine-tuned,2
15891,fine-tuned,"2,2,3"
15892,fine-tuned,
15893,fine-tuned,
15894,fine-tuned,"5,3,6"
15895,fine-tuned,
15896,fine-tuned,
15897,fine-tuned,"5,3,2"
15898,fine-tuned,"2,6"
15899,fine-tuned,"5,4,5"
15900,fine-tuned,"3,4,6"
15901,fine-tuned,"6,6,2"
15902,fine-tuned,6
15903,fine-tuned,"2,3,4"
15904,fine-tuned,
15905,fine-tuned,"5,5,2"
15906,fine-tuned,"1,5,4"
15907,fine-tuned,
15908,fine-tuned,"3,6,4"
15909,fine-tuned,"4,3,2"
15910,fine-tuned,"6,5,2"
15911,fine-tuned,"2,2,3"
15912,fine-tuned,"3,2,2"
15913,fine-tuned,
15914,fine-tuned,"5,5,2"
15915,fine-tuned,"3,4,1"
15916,fine-tuned,"3,4,5"
15917,fine-tuned,"1,6,1"
15918,fine-tuned,"1,5,3"
15919,fine-tuned,"3,2,5"
15920,fine-tuned,
15921,fine-tuned,"4,5,2"
15922,fine-tuned,"6,6,5"
15923,fine-tuned,
15924,fine-tuned,"5,6,3"
15925,fine-tuned,"6,4,4"
15926,fine-tuned,1
15927,fine-tuned,
15928,fine-tuned,"1,5,3"
15929,fine-tuned,"5,5,4"
15930,fine-tuned,"4,1,4"
15931,fine-tuned,"3,3,4"
15932,fine-tuned,3
15933,fine-tuned,"6,5,2"
15934,fine-tuned,"3,6,3"
15935,fine-tuned,
15936,fine-tuned,6
15937,fine-tuned,
15938,fine-tuned,
15939,fine-tuned,1
15940,fine-tuned,2
15941,fine-tuned,
15942,fine-tuned,"5,6,2"
15943,fine-tuned,"5,2,3"
15944,fine-tuned,"5,6,5"
15945,fine-tuned,"4,3"
15946,fine-tuned,"3,3"
15947,fine-tuned,
15948,fine-tuned,"5,3,3"
15949,fine-tuned,"4,5,3"
15950,fine-tuned,"3,1,5"
15951,fine-tuned,"1,2,4"
15952,fine-tuned,"4,3,2"
15953,fine-tuned,
15954,fine-tuned,"2,6,5"
15955,fine-tuned,"5,6,1"
15956,fine-tuned,
15957,fine-tuned,
15958,fine-tuned,
15959,fine-tuned,"3,1,3"
15960,fine-tuned,
15961,fine-tuned,"6,3,1"
15962,fine-tuned,"4,1"
15963,fine-tuned,"4,1,3"
15964,fine-tuned,"3,6,3"
15965,fine-tuned,"1,5,5"
15966,fine-tuned,"2,5,2"
15967,fine-tuned,"1,4,2"
15968,fine-tuned,"4,2,4"
15969,fine-tuned,
15970,fine-tuned,"1,5,2"
15971,fine-tuned,
15972,fine-tuned,"6,1,5"
15973,fine-tuned,"2,1,4"
15974,fine-tuned,"3,1,2"
15975,fine-tuned,"6,1,3"
15976,fine-tuned,
15977,fine-tuned,3
15978,fine-tuned,"4,1,5"
15979,fine-tuned,"3,1,5"
15980,fine-tuned,
15981,fine-tuned,"3,4,1"
15982,fine-tuned,"2,1,1"
15983,fine-tuned,"1,1,1"
15984,fine-tuned,
15985,fine-tuned,"1,3"
15986,fine-tuned,"5,3,4"
15987,fine-tuned,"3,3,3"
15988,fine-tuned,"4,3,3"
15989,fine-tuned,
15990,fine-tuned,
15991,fine-tuned,
15992,fine-tuned,"1,3,4"
15993,fine-tuned,"4,1,2"
15994,fine-tuned,"6,4,2"
15995,fine-tuned,"4,2,6"
15996,fine-tuned,"4,6,3"
15997,fine-tuned,"5,4,4"
15998,fine-tuned,3
15999,fine-tuned,"5,6,1"
16000,fine-tuned,"1,5,2"
