Run,Model Type,Extracted Numbers
1,Fine-Tuned Model,"1,4,6,2,3,5"
2,Fine-Tuned Model,"3,5,2,6,4,1"
3,Fine-Tuned Model,"1,3,2,5,4,6"
4,Fine-Tuned Model,"3,6,2,5,4,1"
5,Fine-Tuned Model,"3,6,1,2,5,4"
6,Fine-Tuned Model,
7,Fine-Tuned Model,"4,2,6,1,3,5"
8,Fine-Tuned Model,"3,4,6,2,3,5"
9,Fine-Tuned Model,
10,Fine-Tuned Model,"4,3,6,2,5,1"
11,Fine-Tuned Model,"6,1,6"
12,Fine-Tuned Model,"5,2,3,6,1,4"
13,Fine-Tuned Model,"3,4,2,6,5,1"
14,Fine-Tuned Model,"3,1,2,6,4,5"
15,Fine-Tuned Model,"2,4,6,3,5,1"
16,Fine-Tuned Model,
17,Fine-Tuned Model,"2,6,5,4,3,1"
18,Fine-Tuned Model,"4,2,6,5,3,1"
19,Fine-Tuned Model,"1,2,3,4,5,6"
20,Fine-Tuned Model,"5,2,6,1,4,3"
21,Fine-Tuned Model,"1,2"
22,Fine-Tuned Model,"1,2,3,2,6,4"
23,Fine-Tuned Model,
24,Fine-Tuned Model,2
25,Fine-Tuned Model,"3,1,6,5,2,4"
26,Fine-Tuned Model,"1,5,2,3,6,4"
27,Fine-Tuned Model,"1,6,4,3,5,2"
28,Fine-Tuned Model,
29,Fine-Tuned Model,"1,4,5,3,2,6"
30,Fine-Tuned Model,
31,Fine-Tuned Model,"1,6,6"
32,Fine-Tuned Model,
33,Fine-Tuned Model,
34,Fine-Tuned Model,
35,Fine-Tuned Model,
36,Fine-Tuned Model,"4,2,6,1,3,5"
37,Fine-Tuned Model,"1,3,2,6,5,4"
38,Fine-Tuned Model,
39,Fine-Tuned Model,"1,2,4,1,5,2"
40,Fine-Tuned Model,"1,3,6"
41,Fine-Tuned Model,
42,Fine-Tuned Model,"1,6,1,2,5,3"
43,Fine-Tuned Model,"5,2,6,1,3,4"
44,Fine-Tuned Model,"3,1,6,2,5,4"
45,Fine-Tuned Model,"1,2,3,4,5,6"
46,Fine-Tuned Model,"5,3,2,6,1,4"
47,Fine-Tuned Model,
48,Fine-Tuned Model,"4,1,6,2,3"
49,Fine-Tuned Model,
50,Fine-Tuned Model,"4,2,6,1,5,3"
51,Fine-Tuned Model,
52,Fine-Tuned Model,"2,5,1,4,3,6"
53,Fine-Tuned Model,"6,1,6,1"
54,Fine-Tuned Model,"4,2,6,3,5,1"
55,Fine-Tuned Model,"2,6,3,4,5,1"
56,Fine-Tuned Model,"6,1,1"
57,Fine-Tuned Model,"5,3,1,6,2,4"
58,Fine-Tuned Model,"5,2,3,6,1,4"
59,Fine-Tuned Model,"4,2,3,6,1,5"
60,Fine-Tuned Model,"2,6,4,1,5,3"
61,Fine-Tuned Model,"1,4,2,6,5,3"
62,Fine-Tuned Model,"1,6,5,4,3,2"
63,Fine-Tuned Model,"2,6,3,1,5,4"
64,Fine-Tuned Model,"4,2,6,3,5,1"
65,Fine-Tuned Model,"4,3,2,6,1,5"
66,Fine-Tuned Model,"6,1"
67,Fine-Tuned Model,"4,2,3,5,1,6"
68,Fine-Tuned Model,"1,6,1,6,4,5"
69,Fine-Tuned Model,"1,6,6,1,3,2"
70,Fine-Tuned Model,
71,Fine-Tuned Model,"3,2,6,4,5,1"
72,Fine-Tuned Model,"5,2,6,3,5,1"
73,Fine-Tuned Model,
74,Fine-Tuned Model,"1,6,6,3,2,6"
75,Fine-Tuned Model,"3,6,2,5,4,1"
76,Fine-Tuned Model,"5,3,1,2,4,6"
77,Fine-Tuned Model,"4,2,5,6,1,3"
78,Fine-Tuned Model,"1,2,5,4,3,6"
79,Fine-Tuned Model,
80,Fine-Tuned Model,"4,2,6,1,3,5"
81,Fine-Tuned Model,
82,Fine-Tuned Model,"6,2,1,3,4,5"
83,Fine-Tuned Model,"3,2,5,6,4,1"
84,Fine-Tuned Model,"1,3,6,3,4,2"
85,Fine-Tuned Model,
86,Fine-Tuned Model,"1,3,4,2,5,6"
87,Fine-Tuned Model,
88,Fine-Tuned Model,
89,Fine-Tuned Model,"1,2,3,6,4,3"
90,Fine-Tuned Model,"2,5,4,1,3,6"
91,Fine-Tuned Model,"3,2,5,6,1,4"
92,Fine-Tuned Model,
93,Fine-Tuned Model,
94,Fine-Tuned Model,"6,1,6,3,6,2"
95,Fine-Tuned Model,"4,2,6,1,5,3"
96,Fine-Tuned Model,"4,2,6,3,1,5"
97,Fine-Tuned Model,"2,4,1,5,3,6"
98,Fine-Tuned Model,"1,4,2,6,3,5"
99,Fine-Tuned Model,"1,3,4,6,5,2"
100,Fine-Tuned Model,
101,Fine-Tuned Model,"4,2,6,5,1,3"
102,Fine-Tuned Model,
103,Fine-Tuned Model,"3,4,1,5,2,6"
104,Fine-Tuned Model,"4,2,6,5,3,1"
105,Fine-Tuned Model,"3,1,4,2,6,5"
106,Fine-Tuned Model,"4,6,2,5,3,1"
107,Fine-Tuned Model,
108,Fine-Tuned Model,"6,3,5,2,4,1"
109,Fine-Tuned Model,"4,2,6,3,1"
110,Fine-Tuned Model,"4,3,2,5,6,1"
111,Fine-Tuned Model,"4,3,6,1,2,5"
112,Fine-Tuned Model,"4,2,5,1,3,6"
113,Fine-Tuned Model,"6,1,6,4,6,1"
114,Fine-Tuned Model,"4,2,6,5,3,1"
115,Fine-Tuned Model,"4,2,6,1,3,5"
116,Fine-Tuned Model,"2,5,3,6,2,1"
117,Fine-Tuned Model,"2,4,3,5,1,6"
118,Fine-Tuned Model,"2,6,4,1,3,5"
119,Fine-Tuned Model,"2,6,4,5,1,3"
120,Fine-Tuned Model,"3,4,2,6,5,1"
121,Fine-Tuned Model,
122,Fine-Tuned Model,"2,4,6,3,5,1"
123,Fine-Tuned Model,"5,3,2,4,6,1"
124,Fine-Tuned Model,"4,3,5,6,2,1"
125,Fine-Tuned Model,"1,2,3,4,5,6"
126,Fine-Tuned Model,
127,Fine-Tuned Model,"1,3,6,2,5,4"
128,Fine-Tuned Model,"1,2,3,4,5,6"
129,Fine-Tuned Model,"2,6,3,5,1,4"
130,Fine-Tuned Model,
131,Fine-Tuned Model,
132,Fine-Tuned Model,"1,2,3,4,5,6"
133,Fine-Tuned Model,"1,2,3,4,5,6"
134,Fine-Tuned Model,"6,1,6"
135,Fine-Tuned Model,
136,Fine-Tuned Model,"3,6,1,5,2,4"
137,Fine-Tuned Model,"3,5,2,4,1,6"
138,Fine-Tuned Model,"1,4,2,6,3,5"
139,Fine-Tuned Model,"5,1,4,2,6,3"
140,Fine-Tuned Model,"2,5,3,6,4,1"
141,Fine-Tuned Model,
142,Fine-Tuned Model,"1,2,3,4,5,6"
143,Fine-Tuned Model,
144,Fine-Tuned Model,
145,Fine-Tuned Model,"4,2,5,1,3,6"
146,Fine-Tuned Model,
147,Fine-Tuned Model,"4,6,2,3,5,1"
148,Fine-Tuned Model,"2,6,3,4,5,1"
149,Fine-Tuned Model,"3,1,5,2,4,6"
150,Fine-Tuned Model,"3,5,1,6,2,4"
151,Fine-Tuned Model,"3,6,5,2,4,1"
152,Fine-Tuned Model,"4,2,5,3,6"
153,Fine-Tuned Model,"6,2,1,5,4,3"
154,Fine-Tuned Model,"2,5,3,1,4,6"
155,Fine-Tuned Model,
156,Fine-Tuned Model,
157,Fine-Tuned Model,"1,6,6"
158,Fine-Tuned Model,"3,4,5,2,6,1"
159,Fine-Tuned Model,"3,2,4,5,6,1"
160,Fine-Tuned Model,
161,Fine-Tuned Model,"3,5,2,6,1,4"
162,Fine-Tuned Model,"2,5,6,1,3,2"
163,Fine-Tuned Model,"3,5,1,2,6,4"
164,Fine-Tuned Model,
165,Fine-Tuned Model,"5,2,1,6,4,3"
166,Fine-Tuned Model,"6,1,6,4,1,5"
167,Fine-Tuned Model,3
168,Fine-Tuned Model,"3,6,1,5,2,4"
169,Fine-Tuned Model,"3,6,2,5,4,1"
170,Fine-Tuned Model,"4,2,5,6,3,1"
171,Fine-Tuned Model,"1,3,2,6,3,2"
172,Fine-Tuned Model,
173,Fine-Tuned Model,
174,Fine-Tuned Model,
175,Fine-Tuned Model,"3,2,6,5,4,1"
176,Fine-Tuned Model,"3,2,5,1,6,4"
177,Fine-Tuned Model,
178,Fine-Tuned Model,
179,Fine-Tuned Model,
180,Fine-Tuned Model,"1,4,2,6,3,5"
181,Fine-Tuned Model,"3,5,2,6,1,4"
182,Fine-Tuned Model,"1,5"
183,Fine-Tuned Model,"1,4,2,2,3,6"
184,Fine-Tuned Model,"2,4,3,6,2,5"
185,Fine-Tuned Model,
186,Fine-Tuned Model,"3,2,5,6,1,4"
187,Fine-Tuned Model,"1,6,6,6"
188,Fine-Tuned Model,"2,6,1,4,5,3"
189,Fine-Tuned Model,"4,2,6,3,5,1"
190,Fine-Tuned Model,
191,Fine-Tuned Model,"2,4,3,6,5,1"
192,Fine-Tuned Model,"2,5,3,6,1,4"
193,Fine-Tuned Model,"2,6,4,1,3,5"
194,Fine-Tuned Model,"3,4,6,1,2,5"
195,Fine-Tuned Model,"5,3,1,6,2,4"
196,Fine-Tuned Model,"4,2,6,5,3,1"
197,Fine-Tuned Model,"1,3,5,2,6,3"
198,Fine-Tuned Model,"4,2,5,3,1,6"
199,Fine-Tuned Model,
200,Fine-Tuned Model,"1,3,5,2,6,4"
201,Fine-Tuned Model,"3,4,1,6,3,5"
202,Fine-Tuned Model,"1,4,3,2,6,5"
203,Fine-Tuned Model,"2,5,3,6,4,1"
204,Fine-Tuned Model,"3,5,2,4,6,1"
205,Fine-Tuned Model,"1,3,4,2,6,5"
206,Fine-Tuned Model,"4,2,6,1,5,3"
207,Fine-Tuned Model,"3,6,1,4,2,5"
208,Fine-Tuned Model,"2,6,4,1,3,5"
209,Fine-Tuned Model,"2,5,3,1,6,4"
210,Fine-Tuned Model,
211,Fine-Tuned Model,"2,6,3,5,1,4"
212,Fine-Tuned Model,"1,6,1,6,1,6"
213,Fine-Tuned Model,"3,5,2,1,4,6"
214,Fine-Tuned Model,"3,4,6,2,5,1"
215,Fine-Tuned Model,"2,4,6,1"
216,Fine-Tuned Model,"5,2,4,1,3,6"
217,Fine-Tuned Model,"5,2,6,3,1,4"
218,Fine-Tuned Model,"3,5,2,6,1,4"
219,Fine-Tuned Model,"4,3,5,2,6,1"
220,Fine-Tuned Model,"4,6,3,2,5,1"
221,Fine-Tuned Model,"2,4,6,3,2,5"
222,Fine-Tuned Model,"2,4,3,1,6,5"
223,Fine-Tuned Model,"4,2,6,1,5,3"
224,Fine-Tuned Model,"1,2,3,4,5,6"
225,Fine-Tuned Model,"4,3,6,2,1,5"
226,Fine-Tuned Model,"2,6,3,5,4,1"
227,Fine-Tuned Model,"2,6,4,3,5,1"
228,Fine-Tuned Model,"1,6"
229,Fine-Tuned Model,"5,3,1,6,2,4"
230,Fine-Tuned Model,
231,Fine-Tuned Model,"4,3,6,2,5,1"
232,Fine-Tuned Model,"5,3,2,6,1,4"
233,Fine-Tuned Model,"4,2,5,3,6,1"
234,Fine-Tuned Model,"4,3,6,2,5,1"
235,Fine-Tuned Model,"4,2,6,1,5,3"
236,Fine-Tuned Model,"3,6,2,5,4,1"
237,Fine-Tuned Model,"1,5,2,6,3,1"
238,Fine-Tuned Model,"1,3,6,2,4,5"
239,Fine-Tuned Model,"2,6,3,5,1,4"
240,Fine-Tuned Model,"3,1,5,6,4,2"
241,Fine-Tuned Model,"3,2,6,1,5,4"
242,Fine-Tuned Model,"5,3,4,1,2,6"
243,Fine-Tuned Model,
244,Fine-Tuned Model,
245,Fine-Tuned Model,
246,Fine-Tuned Model,
247,Fine-Tuned Model,"5,2,6,1,3,4"
248,Fine-Tuned Model,"1,2,3,4,5,6"
249,Fine-Tuned Model,"4,2,6,1,3,5"
250,Fine-Tuned Model,"2,5,4,1,6,3"
251,Fine-Tuned Model,"4,6,2,5,1,3"
252,Fine-Tuned Model,
253,Fine-Tuned Model,"4,2,6,1,5,3"
254,Fine-Tuned Model,"4,2,6,3,5,1"
255,Fine-Tuned Model,"4,1,6,3,5,2"
256,Fine-Tuned Model,"1,1,2,3,4"
257,Fine-Tuned Model,"5,2,6,3,1,4"
258,Fine-Tuned Model,"2,5,3,6,4,1"
259,Fine-Tuned Model,"1,5,4,2,1,3"
260,Fine-Tuned Model,"3,2,6,5,1,4"
261,Fine-Tuned Model,"3,6,1,5,2,4"
262,Fine-Tuned Model,"1,4,3,2,6,5"
263,Fine-Tuned Model,"5,6,5,4,3,1"
264,Fine-Tuned Model,
265,Fine-Tuned Model,"1,2,5,4,6,3"
266,Fine-Tuned Model,"2,4,3,5,1,6"
267,Fine-Tuned Model,"1,2,3,4,5,6"
268,Fine-Tuned Model,
269,Fine-Tuned Model,"3,6,2,5,4,1"
270,Fine-Tuned Model,"6,1"
271,Fine-Tuned Model,
272,Fine-Tuned Model,"3,4,2,6,5,1"
273,Fine-Tuned Model,"3,1,5,4,2,6"
274,Fine-Tuned Model,
275,Fine-Tuned Model,
276,Fine-Tuned Model,"2,5,4,1,6,3"
277,Fine-Tuned Model,"3,2,6,5,1,4"
278,Fine-Tuned Model,"2,5,6,3,1,4"
279,Fine-Tuned Model,"2,5,3,4,6,1"
280,Fine-Tuned Model,6
281,Fine-Tuned Model,"1,5,6,3,2,5"
282,Fine-Tuned Model,"4,2,5,6,1,3"
283,Fine-Tuned Model,
284,Fine-Tuned Model,"2,5,3,1,6,4"
285,Fine-Tuned Model,"5,2,3,1,6,4"
286,Fine-Tuned Model,"1,5,4,2,6,3"
287,Fine-Tuned Model,"3,2,6,5,1,4"
288,Fine-Tuned Model,
289,Fine-Tuned Model,
290,Fine-Tuned Model,5
291,Fine-Tuned Model,"3,2,5,1,4,6"
292,Fine-Tuned Model,
293,Fine-Tuned Model,"1,2,3,4,5,6"
294,Fine-Tuned Model,
295,Fine-Tuned Model,
296,Fine-Tuned Model,"3,1,6,5,2,4"
297,Fine-Tuned Model,6
298,Fine-Tuned Model,"3,6,2,5,4,1"
299,Fine-Tuned Model,"2,6,4,3,5,1"
300,Fine-Tuned Model,
301,Fine-Tuned Model,"2,5,3,1,4,6"
302,Fine-Tuned Model,"4,2,6,3,5,1"
303,Fine-Tuned Model,
304,Fine-Tuned Model,"2,4,6,3,1,5"
305,Fine-Tuned Model,"4,3,2,6,1,5"
306,Fine-Tuned Model,
307,Fine-Tuned Model,
308,Fine-Tuned Model,
309,Fine-Tuned Model,
310,Fine-Tuned Model,"6,1,6"
311,Fine-Tuned Model,"4,2,6,5,3,1"
312,Fine-Tuned Model,"3,6,2,5,4,1"
313,Fine-Tuned Model,"3,2,6,5,1,4"
314,Fine-Tuned Model,
315,Fine-Tuned Model,"1,2,3,4,5,6"
316,Fine-Tuned Model,"3,2,6,4,1,5"
317,Fine-Tuned Model,"2,5,4,3,6,1"
318,Fine-Tuned Model,
319,Fine-Tuned Model,"2,5,6,4,3,5"
320,Fine-Tuned Model,
321,Fine-Tuned Model,"3,4,5,6,1,2"
322,Fine-Tuned Model,5
323,Fine-Tuned Model,
324,Fine-Tuned Model,"3,6,2,5,4,1"
325,Fine-Tuned Model,
326,Fine-Tuned Model,"4,6,1,5,2,3"
327,Fine-Tuned Model,"3,6,5,2,4,1"
328,Fine-Tuned Model,"4,2,6,5,3,1"
329,Fine-Tuned Model,"5,3,6,2,4,1"
330,Fine-Tuned Model,
331,Fine-Tuned Model,"5,2,6,3,5,1"
332,Fine-Tuned Model,"6,1"
333,Fine-Tuned Model,"3,2,6,5,4,1"
334,Fine-Tuned Model,"1,2,6,5,4,1"
335,Fine-Tuned Model,"3,5,2"
336,Fine-Tuned Model,"4,3,5,2,6,1"
337,Fine-Tuned Model,"2,3,4"
338,Fine-Tuned Model,6
339,Fine-Tuned Model,"5,2,6,3,1,4"
340,Fine-Tuned Model,"4,6,3,2,5,1"
341,Fine-Tuned Model,"4,3,2,6,1,5"
342,Fine-Tuned Model,"3,2,6,4,1,5"
343,Fine-Tuned Model,
344,Fine-Tuned Model,"6,4,2,6,1"
345,Fine-Tuned Model,
346,Fine-Tuned Model,"1,3,6,5,3,2"
347,Fine-Tuned Model,"3,2,6,1,4,5"
348,Fine-Tuned Model,"3,2,6,5,1,4"
349,Fine-Tuned Model,"4,2,6,3,5,1"
350,Fine-Tuned Model,
351,Fine-Tuned Model,
352,Fine-Tuned Model,"1,5,3,2,6,4"
353,Fine-Tuned Model,"3,2,6,4,5"
354,Fine-Tuned Model,"3,5,1,4,2,6"
355,Fine-Tuned Model,
356,Fine-Tuned Model,"3,2,6,5,4,1"
357,Fine-Tuned Model,"1,6,6,1"
358,Fine-Tuned Model,"4,6,2,3,5,1"
359,Fine-Tuned Model,"3,6,2,5,4,1"
360,Fine-Tuned Model,"1,4,3,6,2,5"
361,Fine-Tuned Model,"2,6,3,1,5,4"
362,Fine-Tuned Model,"1,5,2,2,3,3"
363,Fine-Tuned Model,"1,3,2,5,3,1"
364,Fine-Tuned Model,"6,3,1"
365,Fine-Tuned Model,"6,1,6,6,1"
366,Fine-Tuned Model,"4,2,6,3,5,1"
367,Fine-Tuned Model,"3,6,2,5,4,1"
368,Fine-Tuned Model,"3,5,4,6,2,1"
369,Fine-Tuned Model,
370,Fine-Tuned Model,"2,6,4,3,5,1"
371,Fine-Tuned Model,"2,6,4,3,5,1"
372,Fine-Tuned Model,"1,3,6,2,5,4"
373,Fine-Tuned Model,"3,5,2,6,3,4"
374,Fine-Tuned Model,"3,1,3,2,6,5"
375,Fine-Tuned Model,
376,Fine-Tuned Model,"3,1,6,4,2,5"
377,Fine-Tuned Model,6
378,Fine-Tuned Model,
379,Fine-Tuned Model,
380,Fine-Tuned Model,
381,Fine-Tuned Model,"1,6,2,5,3,4"
382,Fine-Tuned Model,1
383,Fine-Tuned Model,
384,Fine-Tuned Model,"4,2,6,3,5,1"
385,Fine-Tuned Model,"1,2,5,4,3,6"
386,Fine-Tuned Model,
387,Fine-Tuned Model,"6,1,6"
388,Fine-Tuned Model,"1,6,6"
389,Fine-Tuned Model,"2,5,4,1,6,3"
390,Fine-Tuned Model,"1,2,3,4,5,6"
391,Fine-Tuned Model,"6,1,6"
392,Fine-Tuned Model,
393,Fine-Tuned Model,"1,2,3,4,5"
394,Fine-Tuned Model,"3,5,1,4,2,6"
395,Fine-Tuned Model,"1,4,2,6,3,5"
396,Fine-Tuned Model,
397,Fine-Tuned Model,"2,5,3,4,6,1"
398,Fine-Tuned Model,
399,Fine-Tuned Model,"1,5,2,6,3,6"
400,Fine-Tuned Model,"4,2,6,3,5,1"
401,Fine-Tuned Model,
402,Fine-Tuned Model,"4,3,6,2,5,1"
403,Fine-Tuned Model,"1,2,3,4"
404,Fine-Tuned Model,"1,5,6,2,3,4"
405,Fine-Tuned Model,
406,Fine-Tuned Model,"5,2,4,2,1,5"
407,Fine-Tuned Model,"5,3,2,6,5,1"
408,Fine-Tuned Model,"3,5,2,6,1,4"
409,Fine-Tuned Model,"3,6,2,4,1,5"
410,Fine-Tuned Model,
411,Fine-Tuned Model,
412,Fine-Tuned Model,"5,6,4,2,6,3"
413,Fine-Tuned Model,
414,Fine-Tuned Model,
415,Fine-Tuned Model,"5,2,4,1,3,6"
416,Fine-Tuned Model,"4,2,6,5,1,3"
417,Fine-Tuned Model,
418,Fine-Tuned Model,"3,1,6,5,2,4"
419,Fine-Tuned Model,"1,3,6,2,4,5"
420,Fine-Tuned Model,"2,5,4,3,6,1"
421,Fine-Tuned Model,"3,6,4,1,5,2"
422,Fine-Tuned Model,"2,4,6,3,5,1"
423,Fine-Tuned Model,
424,Fine-Tuned Model,
425,Fine-Tuned Model,"2,4,6,3,5,1"
426,Fine-Tuned Model,"5,3,2,6,1,4"
427,Fine-Tuned Model,
428,Fine-Tuned Model,
429,Fine-Tuned Model,"3,2,5,6,1,4"
430,Fine-Tuned Model,"3,1,6,4,5,2"
431,Fine-Tuned Model,
432,Fine-Tuned Model,"3,2,6,5,1,4"
433,Fine-Tuned Model,
434,Fine-Tuned Model,"6,1,6"
435,Fine-Tuned Model,"1,2,3,4,5,6"
436,Fine-Tuned Model,"1,2,4,3,6,5"
437,Fine-Tuned Model,"2,6,4,3,5,1"
438,Fine-Tuned Model,"3,5,1,4,6,2"
439,Fine-Tuned Model,"2,5,3,6,1,4"
440,Fine-Tuned Model,"2,4,1,3,6,5"
441,Fine-Tuned Model,"3,4,2,6,1,5"
442,Fine-Tuned Model,"3,2,6,5,4,1"
443,Fine-Tuned Model,"4,3,2,5,1,6"
444,Fine-Tuned Model,"4,6,3,1,5,2"
445,Fine-Tuned Model,"5,2,6,3,4,1"
446,Fine-Tuned Model,
447,Fine-Tuned Model,
448,Fine-Tuned Model,"2,5,3,6,2,4"
449,Fine-Tuned Model,
450,Fine-Tuned Model,"3,2,6,5,1,4"
451,Fine-Tuned Model,"5,3,2,6,4,1"
452,Fine-Tuned Model,"3,6,4,2,5,1"
453,Fine-Tuned Model,"3,2,6,5,4,1"
454,Fine-Tuned Model,"4,2,3,1,6,5"
455,Fine-Tuned Model,"1,4,2,3,6,5"
456,Fine-Tuned Model,"4,2,5,6,1,3"
457,Fine-Tuned Model,"2,6,5,1,4,3"
458,Fine-Tuned Model,"3,2,6,4,1,5"
459,Fine-Tuned Model,"4,3,2,5,6,1"
460,Fine-Tuned Model,"4,2,6,1,3,5"
461,Fine-Tuned Model,"6,1,6,6"
462,Fine-Tuned Model,"2,5,1,6,3,2"
463,Fine-Tuned Model,
464,Fine-Tuned Model,"4,2,5,3,6,1"
465,Fine-Tuned Model,
466,Fine-Tuned Model,"4,1,5,3,2,6"
467,Fine-Tuned Model,"2,5,3,1,6,4"
468,Fine-Tuned Model,"2,5,3,1,6,4"
469,Fine-Tuned Model,"1,5,2,6,3,4"
470,Fine-Tuned Model,"4,2,6,3,5,1"
471,Fine-Tuned Model,"2,5,4,3,1,6"
472,Fine-Tuned Model,"1,3,5,2,4,6"
473,Fine-Tuned Model,
474,Fine-Tuned Model,"4,2,6,3,1,5"
475,Fine-Tuned Model,"6,3,2,4,5,1"
476,Fine-Tuned Model,"1,1,6"
477,Fine-Tuned Model,"3,2,5,6,4,1"
478,Fine-Tuned Model,"1,3,5,2,6,4"
479,Fine-Tuned Model,"3,6,1,4,5,2"
480,Fine-Tuned Model,
481,Fine-Tuned Model,"1,6"
482,Fine-Tuned Model,
483,Fine-Tuned Model,
484,Fine-Tuned Model,"2,5,4,6,3,2"
485,Fine-Tuned Model,"3,6,1,5,4,2"
486,Fine-Tuned Model,"1,3,2,6,4,5"
487,Fine-Tuned Model,
488,Fine-Tuned Model,"1,3,2,6,5,4"
489,Fine-Tuned Model,
490,Fine-Tuned Model,
491,Fine-Tuned Model,
492,Fine-Tuned Model,"1,3,6,2,4,5"
493,Fine-Tuned Model,
494,Fine-Tuned Model,"1,6,6"
495,Fine-Tuned Model,"2,6,4,5,3,1"
496,Fine-Tuned Model,"3,6,2,5,1,4"
497,Fine-Tuned Model,
498,Fine-Tuned Model,"1,6,6"
499,Fine-Tuned Model,
500,Fine-Tuned Model,"1,2,3,4,5,6"
501,Fine-Tuned Model,"1,2,3,4,5,6"
502,Fine-Tuned Model,
503,Fine-Tuned Model,
504,Fine-Tuned Model,"3,5,2,4,6,3"
505,Fine-Tuned Model,"1,6,1,6,1,6"
506,Fine-Tuned Model,
507,Fine-Tuned Model,
508,Fine-Tuned Model,
509,Fine-Tuned Model,"2,6,3,5,2,4"
510,Fine-Tuned Model,"4,2,6,1,5,3"
511,Fine-Tuned Model,
512,Fine-Tuned Model,"3,6,2,5,1,4"
513,Fine-Tuned Model,"3,6,2,5,4,1"
514,Fine-Tuned Model,"2,5,4,1,6,3"
515,Fine-Tuned Model,"4,2,5,6,1,3"
516,Fine-Tuned Model,"4,2,6,3,5,1"
517,Fine-Tuned Model,"1,6,1,6,1,6"
518,Fine-Tuned Model,"2,6,4,5,1,3"
519,Fine-Tuned Model,"2,5,4,3,6,1"
520,Fine-Tuned Model,"4,2,6,3,1,5"
521,Fine-Tuned Model,
522,Fine-Tuned Model,"5,3,6,2,6,1"
523,Fine-Tuned Model,"1,6,6"
524,Fine-Tuned Model,"3,5,2,6,4,1"
525,Fine-Tuned Model,"4,2,6,5,1,3"
526,Fine-Tuned Model,"1,2,3,4,5,6"
527,Fine-Tuned Model,
528,Fine-Tuned Model,"5,2,6,4,3,1"
529,Fine-Tuned Model,
530,Fine-Tuned Model,
531,Fine-Tuned Model,"2,5,3,6,1,4"
532,Fine-Tuned Model,"3,6,2,1,4,5"
533,Fine-Tuned Model,"2,4,6,5,3,1"
534,Fine-Tuned Model,"1,4,2,5,3,1"
535,Fine-Tuned Model,"2,5,4,1,3,6"
536,Fine-Tuned Model,"3,5,2,6,1,4"
537,Fine-Tuned Model,"1,4,2,2,3,6"
538,Fine-Tuned Model,"5,2,6,1,4,3"
539,Fine-Tuned Model,"1,5,2,3,6,4"
540,Fine-Tuned Model,"2,6,3,4,5,1"
541,Fine-Tuned Model,
542,Fine-Tuned Model,"3,2,6,1,4,5"
543,Fine-Tuned Model,"2,5,6,1,3,4"
544,Fine-Tuned Model,"2,4,1,6,3,5"
545,Fine-Tuned Model,"3,2,6,5,4,1"
546,Fine-Tuned Model,"4,2,6,1,5,3"
547,Fine-Tuned Model,
548,Fine-Tuned Model,"4,3,5,2,6,1"
549,Fine-Tuned Model,"4,2,6,3,1,5"
550,Fine-Tuned Model,
551,Fine-Tuned Model,"1,2"
552,Fine-Tuned Model,"1,3,2,6,4,5"
553,Fine-Tuned Model,"3,6,1,5,4,2"
554,Fine-Tuned Model,"4,2,6,5,3,1"
555,Fine-Tuned Model,"5,2,6,1,3,4"
556,Fine-Tuned Model,
557,Fine-Tuned Model,
558,Fine-Tuned Model,
559,Fine-Tuned Model,"4,2,3,1,6,5"
560,Fine-Tuned Model,"4,2,6,5,3,1"
561,Fine-Tuned Model,"3,6,2,5,4,1"
562,Fine-Tuned Model,
563,Fine-Tuned Model,"5,2,4,1,3,6"
564,Fine-Tuned Model,"1,6,2,5,3,4"
565,Fine-Tuned Model,"3,6,2,5,1,4"
566,Fine-Tuned Model,"4,2,5,6,1,3"
567,Fine-Tuned Model,"2,4,5,6,3,6"
568,Fine-Tuned Model,"4,2,5,1,6,3"
569,Fine-Tuned Model,"3,5,2,1,6,4"
570,Fine-Tuned Model,"4,2,6,3,5,1"
571,Fine-Tuned Model,"4,6,3,2,5,1"
572,Fine-Tuned Model,"4,6,3,5,2,1"
573,Fine-Tuned Model,"3,2,5,1,4,6"
574,Fine-Tuned Model,"5,2,4,1,3,6"
575,Fine-Tuned Model,
576,Fine-Tuned Model,"3,5,2,6,1,4"
577,Fine-Tuned Model,"4,2,6,1,3,5"
578,Fine-Tuned Model,"1,4,2,6,5,3"
579,Fine-Tuned Model,"1,2,3,4,5,6"
580,Fine-Tuned Model,"3,1,5,2,4,6"
581,Fine-Tuned Model,"3,6,2,1,5,4"
582,Fine-Tuned Model,"1,3,5,4,2,1"
583,Fine-Tuned Model,"5,2,4,6,3"
584,Fine-Tuned Model,"4,1,3,5,2,6"
585,Fine-Tuned Model,"4,2,6,5,3,1"
586,Fine-Tuned Model,"6,5,3,4,1,2"
587,Fine-Tuned Model,
588,Fine-Tuned Model,"1,6,2,4,5,1"
589,Fine-Tuned Model,
590,Fine-Tuned Model,"1,4,2,6,3,5"
591,Fine-Tuned Model,1
592,Fine-Tuned Model,"2,4,1,5,3,6"
593,Fine-Tuned Model,"6,4,3,2,5,1"
594,Fine-Tuned Model,"5,2,6,3,1,4"
595,Fine-Tuned Model,6
596,Fine-Tuned Model,
597,Fine-Tuned Model,"1,2,4,5,3,6"
598,Fine-Tuned Model,
599,Fine-Tuned Model,"4,2,6,3,1,5"
600,Fine-Tuned Model,
601,Fine-Tuned Model,"2,5,1,4,3,6"
602,Fine-Tuned Model,"3,5,2,1,6,4"
603,Fine-Tuned Model,
604,Fine-Tuned Model,"3,4,5,2,6,1"
605,Fine-Tuned Model,"5,2,4,6,3"
606,Fine-Tuned Model,"1,6,2,5,3,1"
607,Fine-Tuned Model,"1,2,3,4,5,6"
608,Fine-Tuned Model,"4,6,3,2,5,1"
609,Fine-Tuned Model,"6,1,6"
610,Fine-Tuned Model,
611,Fine-Tuned Model,"1,2,3,4,5,6"
612,Fine-Tuned Model,"1,6,6"
613,Fine-Tuned Model,"4,5,6,2,1,3"
614,Fine-Tuned Model,"1,4,3,5,2,6"
615,Fine-Tuned Model,
616,Fine-Tuned Model,"5,3,2,4,6,1"
617,Fine-Tuned Model,"6,1,3,2,6,5"
618,Fine-Tuned Model,"4,2,6,1,5,3"
619,Fine-Tuned Model,"1,6,1,6,1,6"
620,Fine-Tuned Model,
621,Fine-Tuned Model,"4,2,6,5,1,3"
622,Fine-Tuned Model,"1,4,2,6,3,5"
623,Fine-Tuned Model,"3,2,6,5,1,4"
624,Fine-Tuned Model,
625,Fine-Tuned Model,"4,2,5,3,6,1"
626,Fine-Tuned Model,"3,2,4,6,1,5"
627,Fine-Tuned Model,"1,4,3,6,2,5"
628,Fine-Tuned Model,"2,5,3,6,1,4"
629,Fine-Tuned Model,"4,2,6,3,1,5"
630,Fine-Tuned Model,"1,3,2,6,5,4"
631,Fine-Tuned Model,1
632,Fine-Tuned Model,
633,Fine-Tuned Model,"2,5,1,3,6,4"
634,Fine-Tuned Model,
635,Fine-Tuned Model,"4,2,6,1,3,5"
636,Fine-Tuned Model,"1,2,2,4,3,6"
637,Fine-Tuned Model,
638,Fine-Tuned Model,"2,4,5,3,6,1"
639,Fine-Tuned Model,"4,2,5,3,6,1"
640,Fine-Tuned Model,
641,Fine-Tuned Model,"3,1,6,5,2,4"
642,Fine-Tuned Model,"1,2,3,4,5,6"
643,Fine-Tuned Model,"6,1,6"
644,Fine-Tuned Model,"4,2,5,6,3,1"
645,Fine-Tuned Model,"6,4,2,6,3,5"
646,Fine-Tuned Model,"2,5,1,4,3,6"
647,Fine-Tuned Model,"3,6,2,5,1,4"
648,Fine-Tuned Model,"3,2,6,4,5,1"
649,Fine-Tuned Model,"2,6,3,5,4,1"
650,Fine-Tuned Model,
651,Fine-Tuned Model,"5,3,6,2,4,1"
652,Fine-Tuned Model,"1,2,3,4,5,6"
653,Fine-Tuned Model,"5,2,4,1,6,3"
654,Fine-Tuned Model,"2,5,1,3,4,6"
655,Fine-Tuned Model,"1,6"
656,Fine-Tuned Model,"1,3,2,6,4,5"
657,Fine-Tuned Model,"1,4,3,6,2,5"
658,Fine-Tuned Model,"2,5,3,4,6,1"
659,Fine-Tuned Model,"1,6,6"
660,Fine-Tuned Model,"2,4,6,1,3,5"
661,Fine-Tuned Model,"3,1,6,2,4,5"
662,Fine-Tuned Model,"1,4,3,6,5,2"
663,Fine-Tuned Model,"3,1,5,2,6,4"
664,Fine-Tuned Model,"4,3,2,6,1,5"
665,Fine-Tuned Model,
666,Fine-Tuned Model,"4,2,3,5,1,6"
667,Fine-Tuned Model,"3,4,6,2,5,1"
668,Fine-Tuned Model,"1,6,2,3,4,5"
669,Fine-Tuned Model,"2,6,3,5,1,4"
670,Fine-Tuned Model,
671,Fine-Tuned Model,"5,2,6,1,4,3"
672,Fine-Tuned Model,"4,6,2,5,1,3"
673,Fine-Tuned Model,"1,4,6,2,3,5"
674,Fine-Tuned Model,"4,2,5,6,1,3"
675,Fine-Tuned Model,"4,3,1,5,3,6"
676,Fine-Tuned Model,"5,3,2,6,5,1"
677,Fine-Tuned Model,"4,1,6,2,3,5"
678,Fine-Tuned Model,"3,4,6,1,5,2"
679,Fine-Tuned Model,"1,2,3,4,5,6"
680,Fine-Tuned Model,6
681,Fine-Tuned Model,"1,2,3,4,5"
682,Fine-Tuned Model,"3,6,2,5,1,4"
683,Fine-Tuned Model,"3,4,6,2,3,5"
684,Fine-Tuned Model,
685,Fine-Tuned Model,"5,2,6,3,1,4"
686,Fine-Tuned Model,"4,3,6,2,5,1"
687,Fine-Tuned Model,
688,Fine-Tuned Model,"2,5,3,1,6,4"
689,Fine-Tuned Model,"5,2,4,1,3"
690,Fine-Tuned Model,"4,1,2,5,3,6"
691,Fine-Tuned Model,"4,2,6,1,5,3"
692,Fine-Tuned Model,
693,Fine-Tuned Model,"4,6,3,2,5,1"
694,Fine-Tuned Model,"3,6,2,4,5,1"
695,Fine-Tuned Model,"5,2,3,6,1,4"
696,Fine-Tuned Model,"3,6,2,5,1,4"
697,Fine-Tuned Model,
698,Fine-Tuned Model,"3,6,2,5,4,1"
699,Fine-Tuned Model,"1,6,6"
700,Fine-Tuned Model,"4,2,6,5,1,3"
701,Fine-Tuned Model,"4,3,5,2,6,1"
702,Fine-Tuned Model,"2,4,3,6,1,5"
703,Fine-Tuned Model,"1,2,5,3,6,1"
704,Fine-Tuned Model,"1,4,2,5,3,6"
705,Fine-Tuned Model,"3,2,6,1,5,4"
706,Fine-Tuned Model,"2,5,4,6,3,5"
707,Fine-Tuned Model,"1,3,5,2,4,6"
708,Fine-Tuned Model,"3,2,5,6,4,1"
709,Fine-Tuned Model,"5,3,1,2,4,6"
710,Fine-Tuned Model,"3,5,2,6,4,1"
711,Fine-Tuned Model,"1,2,4,3,6,5"
712,Fine-Tuned Model,"4,3,6,2,5,1"
713,Fine-Tuned Model,"5,3,1,4,6,2"
714,Fine-Tuned Model,"5,3,2,6,1,4"
715,Fine-Tuned Model,"4,2,3,1,6,5"
716,Fine-Tuned Model,"4,1,3,5,2,6"
717,Fine-Tuned Model,"5,3,2,6,1,4"
718,Fine-Tuned Model,"3,2,5,1,6,4"
719,Fine-Tuned Model,"3,6,2,5,1,4"
720,Fine-Tuned Model,"2,4,6,1,4,1"
721,Fine-Tuned Model,"2,4,5,6,3,1"
722,Fine-Tuned Model,"3,1,2,5,4,6"
723,Fine-Tuned Model,"1,1,1,1"
724,Fine-Tuned Model,"4,3,6,2,5,1"
725,Fine-Tuned Model,
726,Fine-Tuned Model,"3,6,2,5,4,1"
727,Fine-Tuned Model,"6,1,6"
728,Fine-Tuned Model,"3,6,4,5,1,2"
729,Fine-Tuned Model,"2,6,3,5,1,4"
730,Fine-Tuned Model,
731,Fine-Tuned Model,"4,2,6,1,3,5"
732,Fine-Tuned Model,"3,6,2,5,4,1"
733,Fine-Tuned Model,"3,2,5,1,6,4"
734,Fine-Tuned Model,"2,4,6,1,3,5"
735,Fine-Tuned Model,"3,2,6,4,5,1"
736,Fine-Tuned Model,6
737,Fine-Tuned Model,"4,3,6,2,5,1"
738,Fine-Tuned Model,
739,Fine-Tuned Model,
740,Fine-Tuned Model,
741,Fine-Tuned Model,"1,4,6,2,3,5"
742,Fine-Tuned Model,"3,2,6,5,4,1"
743,Fine-Tuned Model,
744,Fine-Tuned Model,"1,2,2,6,3,5"
745,Fine-Tuned Model,"3,2,6,5,1"
746,Fine-Tuned Model,"4,3,2,6,5,1"
747,Fine-Tuned Model,"1,5,2,6,3,4"
748,Fine-Tuned Model,"1,2,5,4,6,3"
749,Fine-Tuned Model,
750,Fine-Tuned Model,"2,5,6,1,4,3"
751,Fine-Tuned Model,"4,3,5,2,1,6"
752,Fine-Tuned Model,"4,3,6,1,2,5"
753,Fine-Tuned Model,"1,2,3,4,5,6"
754,Fine-Tuned Model,"1,2,3,4,5,6"
755,Fine-Tuned Model,"1,4,3,5,2,6"
756,Fine-Tuned Model,"3,5,2,6,1,4"
757,Fine-Tuned Model,
758,Fine-Tuned Model,
759,Fine-Tuned Model,"1,4,2,6,3,5"
760,Fine-Tuned Model,
761,Fine-Tuned Model,"2,4,6,1,3,5"
762,Fine-Tuned Model,"2,6,4,3,5,1"
763,Fine-Tuned Model,"3,2,5,1,4,6"
764,Fine-Tuned Model,"4,2,1,6,5,3"
765,Fine-Tuned Model,"1,2,3,4,5,6"
766,Fine-Tuned Model,
767,Fine-Tuned Model,"4,3,1,6,5,2"
768,Fine-Tuned Model,
769,Fine-Tuned Model,"3,1,5,2,4,6"
770,Fine-Tuned Model,"3,6,2,4,5,1"
771,Fine-Tuned Model,"2,5,4,6,3,1"
772,Fine-Tuned Model,
773,Fine-Tuned Model,"1,4,5,2,3,6"
774,Fine-Tuned Model,"1,4,3,2,5,5"
775,Fine-Tuned Model,"4,2,6,5,3,1"
776,Fine-Tuned Model,
777,Fine-Tuned Model,"4,3,6,2,5,1"
778,Fine-Tuned Model,
779,Fine-Tuned Model,
780,Fine-Tuned Model,"4,2,6,1,5,3"
781,Fine-Tuned Model,"3,2,6,4,5,1"
782,Fine-Tuned Model,"2,6,3,5,1,4"
783,Fine-Tuned Model,"4,3,6,5,2,1"
784,Fine-Tuned Model,"3,6,1,5,2,4"
785,Fine-Tuned Model,"4,3,2,5,6,1"
786,Fine-Tuned Model,"2,5,1,6,4,3"
787,Fine-Tuned Model,"4,2,6,3,5,1"
788,Fine-Tuned Model,"1,6,6"
789,Fine-Tuned Model,"3,5,6,1,2,3"
790,Fine-Tuned Model,"2,4,3,5,1,6"
791,Fine-Tuned Model,"4,2,5,1,3,6"
792,Fine-Tuned Model,"3,2,5,1,6,4"
793,Fine-Tuned Model,"1,6,6,4,2,6"
794,Fine-Tuned Model,
795,Fine-Tuned Model,"4,2,6,3,1,5"
796,Fine-Tuned Model,"1,2,3,4,5"
797,Fine-Tuned Model,
798,Fine-Tuned Model,
799,Fine-Tuned Model,
800,Fine-Tuned Model,"2,4,5,1,3,6"
801,Fine-Tuned Model,"2,5,4,1,3,6"
802,Fine-Tuned Model,"2,5,6,3,1,4"
803,Fine-Tuned Model,"1,3,6,2,5,4"
804,Fine-Tuned Model,
805,Fine-Tuned Model,"1,5,3,6,2,4"
806,Fine-Tuned Model,"3,6,2,5,4,1"
807,Fine-Tuned Model,
808,Fine-Tuned Model,"4,2,6,3,5,1"
809,Fine-Tuned Model,
810,Fine-Tuned Model,"1,5,3,6,2,4"
811,Fine-Tuned Model,"1,5,2,4,3,6"
812,Fine-Tuned Model,"3,6,5,2,4,1"
813,Fine-Tuned Model,"2,4,3,6,1,5"
814,Fine-Tuned Model,4
815,Fine-Tuned Model,"2,6,5,3,4,1"
816,Fine-Tuned Model,6
817,Fine-Tuned Model,"2,4,6,3,1,5"
818,Fine-Tuned Model,"3,6,2,5,4,1"
819,Fine-Tuned Model,"1,4,2,3,6,5"
820,Fine-Tuned Model,"1,2,3,4,5,6"
821,Fine-Tuned Model,"4,2,6,3,5,1"
822,Fine-Tuned Model,"4,2,5,6,3,1"
823,Fine-Tuned Model,"2,4,1,3,6,5"
824,Fine-Tuned Model,
825,Fine-Tuned Model,"2,4,6,3,1,5"
826,Fine-Tuned Model,"5,3,2,1,6,4"
827,Fine-Tuned Model,"2,5,3,1,4,6"
828,Fine-Tuned Model,"3,6,2,5,4,1"
829,Fine-Tuned Model,6
830,Fine-Tuned Model,"1,2,3,4,5,6"
831,Fine-Tuned Model,
832,Fine-Tuned Model,"4,3,2,5,2,6"
833,Fine-Tuned Model,"5,3,2,6,5,4"
834,Fine-Tuned Model,"3,5,4,1,6,2"
835,Fine-Tuned Model,"1,2,3,4,5,6"
836,Fine-Tuned Model,"3,6,2,5,4,1"
837,Fine-Tuned Model,
838,Fine-Tuned Model,
839,Fine-Tuned Model,"2,5,3,6,4,1"
840,Fine-Tuned Model,"5,3,1,2,4,6"
841,Fine-Tuned Model,"3,6,1,4,5,2"
842,Fine-Tuned Model,"3,1,6,2,5,4"
843,Fine-Tuned Model,"3,2,6,5,4,1"
844,Fine-Tuned Model,1
845,Fine-Tuned Model,"1,3,2,6,4,5"
846,Fine-Tuned Model,"2,5,1,4,3,6"
847,Fine-Tuned Model,"5,4,3,1,2,6"
848,Fine-Tuned Model,"1,6,6"
849,Fine-Tuned Model,"4,2,6,5,1,3"
850,Fine-Tuned Model,"3,2,6,5,3,4"
851,Fine-Tuned Model,"5,2,2"
852,Fine-Tuned Model,"2,4,3,5,6,1"
853,Fine-Tuned Model,"2,6,4,1,3,5"
854,Fine-Tuned Model,
855,Fine-Tuned Model,"3,1,2,6,5,4"
856,Fine-Tuned Model,"6,1,6"
857,Fine-Tuned Model,
858,Fine-Tuned Model,"3,5,2,6,1,4"
859,Fine-Tuned Model,"1,3"
860,Fine-Tuned Model,"1,6"
861,Fine-Tuned Model,"2,5,3,1,6,4"
862,Fine-Tuned Model,"5,2,3,6,4,1"
863,Fine-Tuned Model,"1,5,3,2,6,4"
864,Fine-Tuned Model,
865,Fine-Tuned Model,"4,6,3,5,2,5"
866,Fine-Tuned Model,
867,Fine-Tuned Model,
868,Fine-Tuned Model,"2,5,1,4,6,3"
869,Fine-Tuned Model,"6,3,5,6,2,1"
870,Fine-Tuned Model,"4,2,5,3,6,1"
871,Fine-Tuned Model,"1,6,6"
872,Fine-Tuned Model,"6,3,2,5,1,4"
873,Fine-Tuned Model,"2,4,6,3,5,1"
874,Fine-Tuned Model,"4,1,6,3,2,5"
875,Fine-Tuned Model,"4,6,3,5,2,1"
876,Fine-Tuned Model,"3,2,6,1,5,4"
877,Fine-Tuned Model,"1,4,2,6,3,5"
878,Fine-Tuned Model,"1,3,5,2,6,4"
879,Fine-Tuned Model,"1,2,3,4,5,6"
880,Fine-Tuned Model,
881,Fine-Tuned Model,"2,4,6,3,5,1"
882,Fine-Tuned Model,"6,2,4,3,5,1"
883,Fine-Tuned Model,"2,4,1,5,3,6"
884,Fine-Tuned Model,"6,1,6"
885,Fine-Tuned Model,1
886,Fine-Tuned Model,"4,2,3,6,5,1"
887,Fine-Tuned Model,"5,2,6,3,1,4"
888,Fine-Tuned Model,
889,Fine-Tuned Model,"2,4,6,1,3,5"
890,Fine-Tuned Model,"4,2,6,5,3,1"
891,Fine-Tuned Model,"3,5,2,6,1,4"
892,Fine-Tuned Model,"3,4,6,2,5,1"
893,Fine-Tuned Model,"4,3,6,2,5,1"
894,Fine-Tuned Model,"2,4,5,3,6,1"
895,Fine-Tuned Model,"6,1,6"
896,Fine-Tuned Model,"1,3,6,5,2,1"
897,Fine-Tuned Model,"5,3,2,6,4,1"
898,Fine-Tuned Model,"4,3,2,6,1,5"
899,Fine-Tuned Model,"5,2,6,3,1,4"
900,Fine-Tuned Model,"2,4,6,1,3,5"
901,Fine-Tuned Model,"1,3,6,2,4,5"
902,Fine-Tuned Model,"4,2,6,5,3,1"
903,Fine-Tuned Model,"4,2,6,5,3,1"
904,Fine-Tuned Model,"1,4,6,3,5,2"
905,Fine-Tuned Model,"5,3,2,6,4"
906,Fine-Tuned Model,
907,Fine-Tuned Model,"1,4,3,2,5,6"
908,Fine-Tuned Model,"4,3,6,1,5,2"
909,Fine-Tuned Model,"2,6,4,3,5,1"
910,Fine-Tuned Model,"1,6,1,6,1,6"
911,Fine-Tuned Model,"2,4,3,1,5,6"
912,Fine-Tuned Model,"5,2,4,6,1,3"
913,Fine-Tuned Model,"3,1,6,2,4,5"
914,Fine-Tuned Model,
915,Fine-Tuned Model,"1,2,3,4,5,6"
916,Fine-Tuned Model,"1,3,2,6,3,2"
917,Fine-Tuned Model,"3,1,5,2,6,4"
918,Fine-Tuned Model,"1,6,5"
919,Fine-Tuned Model,"4,2,6,5,3,1"
920,Fine-Tuned Model,"1,3,5,2,6,4"
921,Fine-Tuned Model,"1,4,2,6,3,5"
922,Fine-Tuned Model,
923,Fine-Tuned Model,"1,6,6,6"
924,Fine-Tuned Model,"4,3,6,1,5,2"
925,Fine-Tuned Model,"5,2,3,6,1,4"
926,Fine-Tuned Model,"3,1,6,4,2,5"
927,Fine-Tuned Model,"4,2,6,5,1,3"
928,Fine-Tuned Model,"1,4,3,5,6,2"
929,Fine-Tuned Model,"3,6,1,2,5,4"
930,Fine-Tuned Model,"1,6,6"
931,Fine-Tuned Model,"2,6,4,1,3"
932,Fine-Tuned Model,"3,6,2,4,5,1"
933,Fine-Tuned Model,"3,6,1,5,4,2"
934,Fine-Tuned Model,"1,3,5,2,4,6"
935,Fine-Tuned Model,"5,2,6,3,1,4"
936,Fine-Tuned Model,"3,5,1,6,4,2"
937,Fine-Tuned Model,"2,5,3,4,6,1"
938,Fine-Tuned Model,"1,3,4,2,6,5"
939,Fine-Tuned Model,"3,4,2,5,1,6"
940,Fine-Tuned Model,"1,6,6,1,6"
941,Fine-Tuned Model,"6,2"
942,Fine-Tuned Model,"1,4,2,6,5,3"
943,Fine-Tuned Model,"5,2,6,3,1,4"
944,Fine-Tuned Model,"1,4,2,6,3,5"
945,Fine-Tuned Model,"2,5,3,6,4,1"
946,Fine-Tuned Model,
947,Fine-Tuned Model,"6,1"
948,Fine-Tuned Model,"2,5,4,1,6,3"
949,Fine-Tuned Model,
950,Fine-Tuned Model,"3,1,6,2,4,5"
951,Fine-Tuned Model,"4,6,2,5,3,1"
952,Fine-Tuned Model,"4,2,6,3,5,1"
953,Fine-Tuned Model,
954,Fine-Tuned Model,"1,2,2"
955,Fine-Tuned Model,"1,5,2,3,6,4"
956,Fine-Tuned Model,"4,2,6,1,3,5"
957,Fine-Tuned Model,"2,4,5,3,6,1"
958,Fine-Tuned Model,"2,5,4,3,6,1"
959,Fine-Tuned Model,
960,Fine-Tuned Model,"1,3,2,6,3,4"
961,Fine-Tuned Model,"1,4,3,6,2,5"
962,Fine-Tuned Model,"2,6,4,3,5,1"
963,Fine-Tuned Model,"3,6,4,2,5,1"
964,Fine-Tuned Model,"1,1"
965,Fine-Tuned Model,"1,3,4,1,2,5"
966,Fine-Tuned Model,"1,2,4,5,3,6"
967,Fine-Tuned Model,"4,2,3,5,6,1"
968,Fine-Tuned Model,"3,5,2,6,1,4"
969,Fine-Tuned Model,
970,Fine-Tuned Model,"5,2,3,6,1,4"
971,Fine-Tuned Model,"3,1,6,5,2,4"
972,Fine-Tuned Model,"3,6,5,2,1,4"
973,Fine-Tuned Model,
974,Fine-Tuned Model,
975,Fine-Tuned Model,"3,5,2,6,1,4"
976,Fine-Tuned Model,"1,6,3,5,2,4"
977,Fine-Tuned Model,"3,1,2,6,4,5"
978,Fine-Tuned Model,"2,3"
979,Fine-Tuned Model,"3,5,6,1,6,5"
980,Fine-Tuned Model,"4,3,1,5,2,6"
981,Fine-Tuned Model,"3,6,4,5,2,3"
982,Fine-Tuned Model,"4,3,2,6,1,5"
983,Fine-Tuned Model,"3,6,2,5,4,1"
984,Fine-Tuned Model,"3,4,2,6,5,1"
985,Fine-Tuned Model,"1,5,2,4,3,1"
986,Fine-Tuned Model,"2,6,5,1,4,3"
987,Fine-Tuned Model,"3,2,6,4,5,1"
988,Fine-Tuned Model,"4,6,3,2,5,1"
989,Fine-Tuned Model,"3,6,5,4,2,3"
990,Fine-Tuned Model,"4,2,5,6,3,1"
991,Fine-Tuned Model,"4,2,6,3,5,1"
992,Fine-Tuned Model,
993,Fine-Tuned Model,
994,Fine-Tuned Model,"4,3,6,2,5,1"
995,Fine-Tuned Model,"5,2,6,3,1,4"
996,Fine-Tuned Model,"1,5,3,2,4,6"
997,Fine-Tuned Model,"4,2,6,5,1,3"
998,Fine-Tuned Model,"1,6,6"
999,Fine-Tuned Model,"3,2,5,4,1,6"
1000,Fine-Tuned Model,"2,4,5,3,6,1"
1001,Fine-Tuned Model,"5,2,6,3,1,4"
1002,Fine-Tuned Model,"3,6,5,2,4,1"
1003,Fine-Tuned Model,"1,6,6"
1004,Fine-Tuned Model,"3,4,2,6,1,5"
1005,Fine-Tuned Model,
1006,Fine-Tuned Model,"1,3,2,6,5,4"
1007,Fine-Tuned Model,"4,3,6,2,5,1"
1008,Fine-Tuned Model,"2,6,5,3,4,1"
1009,Fine-Tuned Model,"3,4,1,5,2,6"
1010,Fine-Tuned Model,"2,6,3,4,5,1"
1011,Fine-Tuned Model,"3,5,2,6,4,1"
1012,Fine-Tuned Model,"4,1,3,2,6,5"
1013,Fine-Tuned Model,"5,3,6,5,2,1"
1014,Fine-Tuned Model,
1015,Fine-Tuned Model,"2,5,6,1,3,4"
1016,Fine-Tuned Model,"4,2,6,3,1,5"
1017,Fine-Tuned Model,"3,6,5,2,4"
1018,Fine-Tuned Model,
1019,Fine-Tuned Model,"1,6,6"
1020,Fine-Tuned Model,"3,1,5,6,2,4"
1021,Fine-Tuned Model,"3,6,1,2,5,4"
1022,Fine-Tuned Model,"4,3,6,2,5,1"
1023,Fine-Tuned Model,6
1024,Fine-Tuned Model,
1025,Fine-Tuned Model,"1,6,6"
1026,Fine-Tuned Model,"5,2,3,6,1,4"
1027,Fine-Tuned Model,
1028,Fine-Tuned Model,"4,2,6,1,3,5"
1029,Fine-Tuned Model,
1030,Fine-Tuned Model,"3,5,2,6,1,4"
1031,Fine-Tuned Model,"3,6,1,4,5,2"
1032,Fine-Tuned Model,"4,2,6,3,5,1"
1033,Fine-Tuned Model,"3,5,2,6,4,1"
1034,Fine-Tuned Model,"5,2,4,6,1,3"
1035,Fine-Tuned Model,"1,5,4,6,2,5"
1036,Fine-Tuned Model,2
1037,Fine-Tuned Model,"4,2,6,5,3,1"
1038,Fine-Tuned Model,"3,6,2,5,4,1"
1039,Fine-Tuned Model,"3,2,6,5,4,1"
1040,Fine-Tuned Model,"2,4,1,3,5,6"
1041,Fine-Tuned Model,"3,6,2,5,4,1"
1042,Fine-Tuned Model,"4,6,2,5,3,1"
1043,Fine-Tuned Model,"1,4,2,6,3,5"
1044,Fine-Tuned Model,"3,2,6,5,1,4"
1045,Fine-Tuned Model,"2,4,3,5,6,1"
1046,Fine-Tuned Model,"5,4,2,6,3,1"
1047,Fine-Tuned Model,
1048,Fine-Tuned Model,"3,4,2,5,1,6"
1049,Fine-Tuned Model,"6,3,2,1,5,4"
1050,Fine-Tuned Model,"1,6,1,2,4,2"
1051,Fine-Tuned Model,"2,5,6,4,3,1"
1052,Fine-Tuned Model,"1,3,2,5,6,4"
1053,Fine-Tuned Model,"1,2,3,4,5,6"
1054,Fine-Tuned Model,
1055,Fine-Tuned Model,"4,2,6,5,3,1"
1056,Fine-Tuned Model,"4,2,3,6,5,1"
1057,Fine-Tuned Model,"2,5,3,1,6,4"
1058,Fine-Tuned Model,"2,5,3,6,1,4"
1059,Fine-Tuned Model,"1,3,2,6,4,5"
1060,Fine-Tuned Model,"6,1,5"
1061,Fine-Tuned Model,"2,5,1,6,3,4"
1062,Fine-Tuned Model,"4,2,6,1,5,3"
1063,Fine-Tuned Model,"1,2,4,2,5,6"
1064,Fine-Tuned Model,
1065,Fine-Tuned Model,
1066,Fine-Tuned Model,
1067,Fine-Tuned Model,"4,2,6,1,3,5"
1068,Fine-Tuned Model,"6,2,4,6,3,1"
1069,Fine-Tuned Model,"1,2,3,6,4,5"
1070,Fine-Tuned Model,"2,4,6,1,3,5"
1071,Fine-Tuned Model,"2,3,6,4,5,1"
1072,Fine-Tuned Model,"2,6,4,3,5,1"
1073,Fine-Tuned Model,"3,2,6,1,5,4"
1074,Fine-Tuned Model,"4,2,5,1,6,3"
1075,Fine-Tuned Model,"1,3,6,2,5,4"
1076,Fine-Tuned Model,"5,2,6,3,1,4"
1077,Fine-Tuned Model,"4,2,6,3,5,1"
1078,Fine-Tuned Model,"1,2,3,4,5,6"
1079,Fine-Tuned Model,"2,5,3,4,6,1"
1080,Fine-Tuned Model,"4,3,2,6,5,1"
1081,Fine-Tuned Model,"3,6,2,5,4,1"
1082,Fine-Tuned Model,"4,3,6,2,1,5"
1083,Fine-Tuned Model,"3,6,2,4,5,1"
1084,Fine-Tuned Model,"4,2,5,3,6,1"
1085,Fine-Tuned Model,
1086,Fine-Tuned Model,"1,3,2,5,3,6"
1087,Fine-Tuned Model,"5,2,4,6,1,3"
1088,Fine-Tuned Model,"1,6,6"
1089,Fine-Tuned Model,5
1090,Fine-Tuned Model,"1,6,6"
1091,Fine-Tuned Model,
1092,Fine-Tuned Model,"1,6,6"
1093,Fine-Tuned Model,"1,6,5,4,3,2"
1094,Fine-Tuned Model,"4,2,6,1,5,3"
1095,Fine-Tuned Model,"6,3,2,5,4,1"
1096,Fine-Tuned Model,"4,6,3,2,5,1"
1097,Fine-Tuned Model,"1,4,2,6,3,5"
1098,Fine-Tuned Model,
1099,Fine-Tuned Model,"1,6,6"
1100,Fine-Tuned Model,"2,3,5,4,6"
1101,Fine-Tuned Model,"1,6,1,6,1,6"
1102,Fine-Tuned Model,"4,2,5,6,1,3"
1103,Fine-Tuned Model,"2,5,4,3,1,6"
1104,Fine-Tuned Model,"1,4,5,2,3,6"
1105,Fine-Tuned Model,"4,2,6,5,3,1"
1106,Fine-Tuned Model,
1107,Fine-Tuned Model,"4,3,2,5,6,1"
1108,Fine-Tuned Model,"5,2,3,1,6,4"
1109,Fine-Tuned Model,"4,3,2"
1110,Fine-Tuned Model,"2,6,3,4,5,1"
1111,Fine-Tuned Model,"4,3,2,6,5,1"
1112,Fine-Tuned Model,"2,4,6,3,1,5"
1113,Fine-Tuned Model,"4,2,6,1,3,5"
1114,Fine-Tuned Model,
1115,Fine-Tuned Model,"4,2,6,1,5,3"
1116,Fine-Tuned Model,"4,2,6,5,1,3"
1117,Fine-Tuned Model,"4,2,1,3,5,6"
1118,Fine-Tuned Model,"4,2,6,1,3,5"
1119,Fine-Tuned Model,"3,5,2,6,4,1"
1120,Fine-Tuned Model,3
1121,Fine-Tuned Model,"1,4,2,2,3,6"
1122,Fine-Tuned Model,"3,1,6,5,4,2"
1123,Fine-Tuned Model,"6,3,1,4,5,2"
1124,Fine-Tuned Model,"3,6,2,4,1,5"
1125,Fine-Tuned Model,"2,6,1,3,4,5"
1126,Fine-Tuned Model,"5,3,1,6,4,2"
1127,Fine-Tuned Model,"2,6,3,1,5,4"
1128,Fine-Tuned Model,"4,6,2,5,1,3"
1129,Fine-Tuned Model,
1130,Fine-Tuned Model,"4,3,6,5,2,1"
1131,Fine-Tuned Model,"2,4,1,6,3,5"
1132,Fine-Tuned Model,"3,2,6,5,4,1"
1133,Fine-Tuned Model,"2,4,5,3,5,6"
1134,Fine-Tuned Model,"5,3,1,6,2,4"
1135,Fine-Tuned Model,"1,2,4,5,6,3"
1136,Fine-Tuned Model,"4,1,6,3,5,2"
1137,Fine-Tuned Model,"1,6,6"
1138,Fine-Tuned Model,"1,4,2,5,3,6"
1139,Fine-Tuned Model,"5,2,6,3,1,4"
1140,Fine-Tuned Model,"1,4,2,3,1,6"
1141,Fine-Tuned Model,"3,6,1,4,5,2"
1142,Fine-Tuned Model,"2,6,3,1,5,4"
1143,Fine-Tuned Model,
1144,Fine-Tuned Model,"2,4,6,3,5,1"
1145,Fine-Tuned Model,"1,3,2,5,3,6"
1146,Fine-Tuned Model,"3,1,5,3,6,4"
1147,Fine-Tuned Model,"5,2,4,6,3,1"
1148,Fine-Tuned Model,"3,1,6,5,2,4"
1149,Fine-Tuned Model,"4,3,6,2,5,1"
1150,Fine-Tuned Model,"2,5,6,3,1,4"
1151,Fine-Tuned Model,"2,6,5,1,4,3"
1152,Fine-Tuned Model,"4,2,6,1,5,3"
1153,Fine-Tuned Model,
1154,Fine-Tuned Model,
1155,Fine-Tuned Model,
1156,Fine-Tuned Model,"3,4,5,2,6,1"
1157,Fine-Tuned Model,
1158,Fine-Tuned Model,"2,5,3,6,4,1"
1159,Fine-Tuned Model,"5,3,6,1,4,2"
1160,Fine-Tuned Model,"5,2,6,3,1,4"
1161,Fine-Tuned Model,"4,1,3,2,6,5"
1162,Fine-Tuned Model,"1,2,3,4,5,6"
1163,Fine-Tuned Model,"6,1,6"
1164,Fine-Tuned Model,"6,1,6,1"
1165,Fine-Tuned Model,"6,3,2,1,5,4"
1166,Fine-Tuned Model,"3,5,2,4,6,1"
1167,Fine-Tuned Model,"5,6,6"
1168,Fine-Tuned Model,"2,4,6,3,5,1"
1169,Fine-Tuned Model,"3,1,6,4,2,5"
1170,Fine-Tuned Model,
1171,Fine-Tuned Model,
1172,Fine-Tuned Model,"1,5,3,2,6,4"
1173,Fine-Tuned Model,
1174,Fine-Tuned Model,"3,2,6,5,1,4"
1175,Fine-Tuned Model,"6,2,6,4,3,5"
1176,Fine-Tuned Model,
1177,Fine-Tuned Model,"3,6,2,5,1,4"
1178,Fine-Tuned Model,
1179,Fine-Tuned Model,"4,2,6,5,1,3"
1180,Fine-Tuned Model,
1181,Fine-Tuned Model,6
1182,Fine-Tuned Model,"1,2,6"
1183,Fine-Tuned Model,"3,2,6,5,4,1"
1184,Fine-Tuned Model,"3,2,6,1,5,4"
1185,Fine-Tuned Model,"3,5,2,6,4,1"
1186,Fine-Tuned Model,
1187,Fine-Tuned Model,"5,2,6,4,1,3"
1188,Fine-Tuned Model,1
1189,Fine-Tuned Model,"1,5,2,3,4,6"
1190,Fine-Tuned Model,"4,6,3,1,5,2"
1191,Fine-Tuned Model,"1,5,2,6,3,4"
1192,Fine-Tuned Model,"2,5,1,4,3,6"
1193,Fine-Tuned Model,"2,4,1,6,3,5"
1194,Fine-Tuned Model,
1195,Fine-Tuned Model,"1,4,2,3,5,1"
1196,Fine-Tuned Model,"3,5,2,6,1,4"
1197,Fine-Tuned Model,"3,4,2,6,5,1"
1198,Fine-Tuned Model,"3,2,6,5,1,4"
1199,Fine-Tuned Model,"3,1,4,2,6,5"
1200,Fine-Tuned Model,"4,1,6,2,5,3"
1201,Fine-Tuned Model,"4,2,6,3,5,1"
1202,Fine-Tuned Model,"4,2,6,3,5,1"
1203,Fine-Tuned Model,
1204,Fine-Tuned Model,
1205,Fine-Tuned Model,
1206,Fine-Tuned Model,"5,2,4,1,6,3"
1207,Fine-Tuned Model,"5,2,1,6,3,4"
1208,Fine-Tuned Model,"3,6,2,5,4,1"
1209,Fine-Tuned Model,
1210,Fine-Tuned Model,
1211,Fine-Tuned Model,"1,3,6,5,4,2"
1212,Fine-Tuned Model,"1,6,6"
1213,Fine-Tuned Model,"4,2,6,3,5,1"
1214,Fine-Tuned Model,"3,6,2,5,1,4"
1215,Fine-Tuned Model,
1216,Fine-Tuned Model,"1,2,3,4"
1217,Fine-Tuned Model,"3,2,6,5,4,1"
1218,Fine-Tuned Model,"1,2,3,4,5,6"
1219,Fine-Tuned Model,"5,3,2,6,1,4"
1220,Fine-Tuned Model,
1221,Fine-Tuned Model,"4,2,5,1,6,3"
1222,Fine-Tuned Model,"1,2,3,4,5"
1223,Fine-Tuned Model,
1224,Fine-Tuned Model,
1225,Fine-Tuned Model,"1,6,6"
1226,Fine-Tuned Model,"4,3,5,2,6,1"
1227,Fine-Tuned Model,"4,2,3,6,1,5"
1228,Fine-Tuned Model,"3,5,1,2,6,4"
1229,Fine-Tuned Model,"3,2,6,5,1,4"
1230,Fine-Tuned Model,"4,2,6,3,5,1"
1231,Fine-Tuned Model,
1232,Fine-Tuned Model,"3,5,1,2,6,4"
1233,Fine-Tuned Model,"1,4,2,5,6,3"
1234,Fine-Tuned Model,"2,4,6,1,3,5"
1235,Fine-Tuned Model,
1236,Fine-Tuned Model,"2,5,3,6,1,4"
1237,Fine-Tuned Model,"4,1,6,3,2,5"
1238,Fine-Tuned Model,"3,6,2,5,1,4"
1239,Fine-Tuned Model,"4,2,6,1,3,5"
1240,Fine-Tuned Model,
1241,Fine-Tuned Model,"6,2,5,4,1,3"
1242,Fine-Tuned Model,"2,2"
1243,Fine-Tuned Model,"1,3,4,2,5,6"
1244,Fine-Tuned Model,
1245,Fine-Tuned Model,"5,3,2,6,4,1"
1246,Fine-Tuned Model,"2,6,1,4,3,5"
1247,Fine-Tuned Model,"2,6,3,1,4,5"
1248,Fine-Tuned Model,"4,2,6,3,5,1"
1249,Fine-Tuned Model,"2,4,6,3,1,5"
1250,Fine-Tuned Model,"5,3,6,2,4,1"
1251,Fine-Tuned Model,"1,3,2,6,4,5"
1252,Fine-Tuned Model,"2,6,4,3,5,1"
1253,Fine-Tuned Model,
1254,Fine-Tuned Model,
1255,Fine-Tuned Model,"3,6,5,2,4,1"
1256,Fine-Tuned Model,"2,4,6,3,5,1"
1257,Fine-Tuned Model,"5,2,6,3,1,4"
1258,Fine-Tuned Model,"3,6,2,5,1,4"
1259,Fine-Tuned Model,"1,4,2,5,6,3"
1260,Fine-Tuned Model,"2,5,6,3,4,1"
1261,Fine-Tuned Model,
1262,Fine-Tuned Model,
1263,Fine-Tuned Model,"5,3,2,4,6,1"
1264,Fine-Tuned Model,
1265,Fine-Tuned Model,"5,2,6,3,1,4"
1266,Fine-Tuned Model,
1267,Fine-Tuned Model,"1,3,2,6,3,1"
1268,Fine-Tuned Model,
1269,Fine-Tuned Model,"2,5,1,6,4,3"
1270,Fine-Tuned Model,"1,5,6,3,1,4"
1271,Fine-Tuned Model,"6,1,1,6,6"
1272,Fine-Tuned Model,
1273,Fine-Tuned Model,
1274,Fine-Tuned Model,
1275,Fine-Tuned Model,"1,4,2,5,3,6"
1276,Fine-Tuned Model,"1,6,2,1,3,3"
1277,Fine-Tuned Model,
1278,Fine-Tuned Model,
1279,Fine-Tuned Model,"4,3,2,6,1,5"
1280,Fine-Tuned Model,"2,1,3,6"
1281,Fine-Tuned Model,"3,2,5,3,1,6"
1282,Fine-Tuned Model,"4,2,6,3,5,1"
1283,Fine-Tuned Model,"1,4,2,6,3,5"
1284,Fine-Tuned Model,"2,5,4,3,6,1"
1285,Fine-Tuned Model,"3,6,2,4,5,1"
1286,Fine-Tuned Model,"4,3,2,1,6,5"
1287,Fine-Tuned Model,"6,4,5,2,3"
1288,Fine-Tuned Model,"4,2,6,3,5,1"
1289,Fine-Tuned Model,"2,5,3,6,4,1"
1290,Fine-Tuned Model,"3,1,6,2,4,5"
1291,Fine-Tuned Model,"5,3,1,6,2,4"
1292,Fine-Tuned Model,"5,3,1,6,2,4"
1293,Fine-Tuned Model,"3,5,2,6,4,1"
1294,Fine-Tuned Model,"3,6,2,5,1,4"
1295,Fine-Tuned Model,"1,5,6"
1296,Fine-Tuned Model,"3,6,2,4,5,1"
1297,Fine-Tuned Model,"3,2,6,5,4,1"
1298,Fine-Tuned Model,
1299,Fine-Tuned Model,"2,5,1,4,6,3"
1300,Fine-Tuned Model,"1,2,3,4,5,6"
1301,Fine-Tuned Model,"1,2,3,4,5,6"
1302,Fine-Tuned Model,"2,3,5,1,4,6"
1303,Fine-Tuned Model,"4,3,6,2,5,1"
1304,Fine-Tuned Model,"1,2,6,3,4,5"
1305,Fine-Tuned Model,"2,6,4,5,3,1"
1306,Fine-Tuned Model,
1307,Fine-Tuned Model,"3,1,5,2,4,6"
1308,Fine-Tuned Model,
1309,Fine-Tuned Model,"4,3,6,5"
1310,Fine-Tuned Model,"4,3,6,2,5,1"
1311,Fine-Tuned Model,"1,6"
1312,Fine-Tuned Model,"3,2,6,5,1,4"
1313,Fine-Tuned Model,
1314,Fine-Tuned Model,
1315,Fine-Tuned Model,"2,5,1,3,6,4"
1316,Fine-Tuned Model,"6,4,3,5,2,6"
1317,Fine-Tuned Model,"3,5,2,6,1,4"
1318,Fine-Tuned Model,"4,3,5,6,2,1"
1319,Fine-Tuned Model,"3,5,2,1,4,6"
1320,Fine-Tuned Model,"1,6,4,2,3,5"
1321,Fine-Tuned Model,"2,5,3,6,1,4"
1322,Fine-Tuned Model,"2,4,6,5,1,3"
1323,Fine-Tuned Model,"3,2,5,4,6,1"
1324,Fine-Tuned Model,"2,4,6,1,3,5"
1325,Fine-Tuned Model,"1,6,2,5,3,4"
1326,Fine-Tuned Model,"4,2,5,3,1,6"
1327,Fine-Tuned Model,"1,6,6"
1328,Fine-Tuned Model,"2,5,1,3,6,4"
1329,Fine-Tuned Model,"1,2,5,3,4,6"
1330,Fine-Tuned Model,"6,1,6,3,4,2"
1331,Fine-Tuned Model,"1,2,3,4,5,6"
1332,Fine-Tuned Model,"3,6,1,4,5,2"
1333,Fine-Tuned Model,"3,2,6,5,1,4"
1334,Fine-Tuned Model,"1,3,6,4,5,2"
1335,Fine-Tuned Model,"3,6,5,2,4,1"
1336,Fine-Tuned Model,
1337,Fine-Tuned Model,"4,2,6,1,5,3"
1338,Fine-Tuned Model,"2,6,1,4,3,5"
1339,Fine-Tuned Model,"2,5,3,6,4,1"
1340,Fine-Tuned Model,"1,3,5,2,6,4"
1341,Fine-Tuned Model,"4,6,2,5,1,3"
1342,Fine-Tuned Model,"3,6,1,4,5,2"
1343,Fine-Tuned Model,"3,6,2,5,1,4"
1344,Fine-Tuned Model,"5,2,4,6,3"
1345,Fine-Tuned Model,"1,6,3,5,2"
1346,Fine-Tuned Model,"2,5,3,6,1"
1347,Fine-Tuned Model,"2,5,4,6,3,1"
1348,Fine-Tuned Model,"4,2,6,3,5,1"
1349,Fine-Tuned Model,"2,6,1,4,5,3"
1350,Fine-Tuned Model,"4,2,6,5,1,3"
1351,Fine-Tuned Model,
1352,Fine-Tuned Model,"2,5,1,3,6,4"
1353,Fine-Tuned Model,
1354,Fine-Tuned Model,"5,2,6,4,3,1"
1355,Fine-Tuned Model,
1356,Fine-Tuned Model,"5,2,6,1,4,3"
1357,Fine-Tuned Model,"1,6,1,1,1"
1358,Fine-Tuned Model,
1359,Fine-Tuned Model,"4,2,6,3,1,5"
1360,Fine-Tuned Model,"5,2,6,3,1,4"
1361,Fine-Tuned Model,"1,3,4,2,5,3"
1362,Fine-Tuned Model,"4,3,6,2,5,1"
1363,Fine-Tuned Model,"2,5,3,6,1,4"
1364,Fine-Tuned Model,"3,6,2,1,5,4"
1365,Fine-Tuned Model,"3,2,6,4,5,1"
1366,Fine-Tuned Model,
1367,Fine-Tuned Model,"4,3,2,5,6,1"
1368,Fine-Tuned Model,"4,2,6,5,3,1"
1369,Fine-Tuned Model,"4,2,6,5,1,3"
1370,Fine-Tuned Model,"3,5,2,6,1,4"
1371,Fine-Tuned Model,"4,3,5,2,1,6"
1372,Fine-Tuned Model,"3,6,2,4,5,1"
1373,Fine-Tuned Model,
1374,Fine-Tuned Model,"1,3,5,2,4,6"
1375,Fine-Tuned Model,"1,2,3,4,5,6"
1376,Fine-Tuned Model,"1,2,3,4,5,6"
1377,Fine-Tuned Model,"2,4,1,6,3,5"
1378,Fine-Tuned Model,"3,5,1,2,6,4"
1379,Fine-Tuned Model,"4,6,5,2,3,1"
1380,Fine-Tuned Model,"3,5,2,6,1,4"
1381,Fine-Tuned Model,1
1382,Fine-Tuned Model,
1383,Fine-Tuned Model,"3,1,6,2,5,4"
1384,Fine-Tuned Model,"3,4,1,5,2,3"
1385,Fine-Tuned Model,"5,1,2,3,6,4"
1386,Fine-Tuned Model,"3,2,1,6,5,4"
1387,Fine-Tuned Model,
1388,Fine-Tuned Model,"4,3,6,2,5,1"
1389,Fine-Tuned Model,"1,6,4,2,6,1"
1390,Fine-Tuned Model,"4,2,6,3,5,1"
1391,Fine-Tuned Model,"1,3,2,6,3,2"
1392,Fine-Tuned Model,"3,6,4,2,5,1"
1393,Fine-Tuned Model,"1,3,2,4,5,6"
1394,Fine-Tuned Model,"2,4,6,1,3,5"
1395,Fine-Tuned Model,"4,3,6,1,2,5"
1396,Fine-Tuned Model,"1,2,5,3,6,4"
1397,Fine-Tuned Model,
1398,Fine-Tuned Model,"1,3,2,5,6,4"
1399,Fine-Tuned Model,6
1400,Fine-Tuned Model,"4,2,6,3,1,5"
1401,Fine-Tuned Model,"4,3,5,2,6,1"
1402,Fine-Tuned Model,"4,3,5,1,6,2"
1403,Fine-Tuned Model,
1404,Fine-Tuned Model,
1405,Fine-Tuned Model,"4,6,1,3,5,2"
1406,Fine-Tuned Model,
1407,Fine-Tuned Model,"2,5,1,4,3,6"
1408,Fine-Tuned Model,"2,5,3,1,4,6"
1409,Fine-Tuned Model,"5,3,2,6,1,4"
1410,Fine-Tuned Model,"4,2,6,3,1,5"
1411,Fine-Tuned Model,"3,6,2,4,1,5"
1412,Fine-Tuned Model,"5,2,6,4,1,3"
1413,Fine-Tuned Model,
1414,Fine-Tuned Model,"6,1,6"
1415,Fine-Tuned Model,"3,2,6,5,1,4"
1416,Fine-Tuned Model,"4,2,6,3,1,5"
1417,Fine-Tuned Model,
1418,Fine-Tuned Model,"1,2,4"
1419,Fine-Tuned Model,"3,2,6,5,4,1"
1420,Fine-Tuned Model,
1421,Fine-Tuned Model,"4,6,2,5,3,6"
1422,Fine-Tuned Model,"1,2,5,2,4,6"
1423,Fine-Tuned Model,"3,2,5,1,6,4"
1424,Fine-Tuned Model,"4,3,6,2,5,1"
1425,Fine-Tuned Model,"1,4,2,6,5,3"
1426,Fine-Tuned Model,"2,4,6,1,5,3"
1427,Fine-Tuned Model,"2,3,4,6,5,1"
1428,Fine-Tuned Model,"3,6,2,5,1,4"
1429,Fine-Tuned Model,
1430,Fine-Tuned Model,
1431,Fine-Tuned Model,"5,3,2,1,6,4"
1432,Fine-Tuned Model,"4,2,6,3,5,1"
1433,Fine-Tuned Model,"1,2,3,4,5,6"
1434,Fine-Tuned Model,"5,2,6,4,3,1"
1435,Fine-Tuned Model,
1436,Fine-Tuned Model,"4,3,5,1,6,2"
1437,Fine-Tuned Model,
1438,Fine-Tuned Model,"3,6,2,5,1,4"
1439,Fine-Tuned Model,"1,2,3,4,5,6"
1440,Fine-Tuned Model,"4,2,6,5,3,1"
1441,Fine-Tuned Model,"3,5,1,6,4,2"
1442,Fine-Tuned Model,"4,2,6,1,3,5"
1443,Fine-Tuned Model,"4,2,6,3,5,1"
1444,Fine-Tuned Model,
1445,Fine-Tuned Model,"4,6,3,2,5,1"
1446,Fine-Tuned Model,
1447,Fine-Tuned Model,"4,2,6,1,3,5"
1448,Fine-Tuned Model,"4,2,5,1,6,3"
1449,Fine-Tuned Model,
1450,Fine-Tuned Model,"2,6,1,5,4,3"
1451,Fine-Tuned Model,"2,4,5,1,6,3"
1452,Fine-Tuned Model,"3,6,2,5,1,4"
1453,Fine-Tuned Model,
1454,Fine-Tuned Model,"3,1,6,2,5,4"
1455,Fine-Tuned Model,"3,6,5,4,2,1"
1456,Fine-Tuned Model,"5,1,6,3,2,4"
1457,Fine-Tuned Model,"5,2,6,4,3,1"
1458,Fine-Tuned Model,
1459,Fine-Tuned Model,"4,2,6,3,1,5"
1460,Fine-Tuned Model,"6,6,6,4,2,5"
1461,Fine-Tuned Model,"4,6,3,5,2,1"
1462,Fine-Tuned Model,"4,2,6,5,3,1"
1463,Fine-Tuned Model,"1,2,3,4,5"
1464,Fine-Tuned Model,"6,6,3,2,6,5"
1465,Fine-Tuned Model,"2,6,5,3,4,1"
1466,Fine-Tuned Model,"5,3,2,4,6,1"
1467,Fine-Tuned Model,"4,2,6,3,5,1"
1468,Fine-Tuned Model,"4,2,5,3,6,1"
1469,Fine-Tuned Model,"2,5,6,3,1,4"
1470,Fine-Tuned Model,
1471,Fine-Tuned Model,"4,2,3,5,1,6"
1472,Fine-Tuned Model,"3,6,4,2,5,1"
1473,Fine-Tuned Model,"4,2,6,3,5,1"
1474,Fine-Tuned Model,"4,2,3,6,5,1"
1475,Fine-Tuned Model,"1,6,1,6"
1476,Fine-Tuned Model,"1,5,2,3,4,6"
1477,Fine-Tuned Model,"1,4,5,6,3,2"
1478,Fine-Tuned Model,"1,4"
1479,Fine-Tuned Model,"2,6,3,5,4,1"
1480,Fine-Tuned Model,"4,2,5,3,1,6"
1481,Fine-Tuned Model,
1482,Fine-Tuned Model,
1483,Fine-Tuned Model,"5,3,6,2,1,4"
1484,Fine-Tuned Model,"3,2,6,4,1,5"
1485,Fine-Tuned Model,"4,6,2,3,5,1"
1486,Fine-Tuned Model,
1487,Fine-Tuned Model,"1,3,2,4,3,6"
1488,Fine-Tuned Model,
1489,Fine-Tuned Model,"3,2,6,4,5,1"
1490,Fine-Tuned Model,
1491,Fine-Tuned Model,"4,2,6,5,3,1"
1492,Fine-Tuned Model,"4,2,6,3,1,5"
1493,Fine-Tuned Model,"4,2,6,5,1,3"
1494,Fine-Tuned Model,"5,2,3,6,1,4"
1495,Fine-Tuned Model,"3,6,2,5,4,1"
1496,Fine-Tuned Model,
1497,Fine-Tuned Model,"2,4,6,1,3,5"
1498,Fine-Tuned Model,"3,6,2,4,5,1"
1499,Fine-Tuned Model,"4,3,2,5,1,6"
1500,Fine-Tuned Model,"3,2,5,1,6,4"
1501,Fine-Tuned Model,"3,2,6,4,5,1"
1502,Fine-Tuned Model,"2,5,6,1,4,3"
1503,Fine-Tuned Model,"3,1,2,4,6,3"
1504,Fine-Tuned Model,
1505,Fine-Tuned Model,
1506,Fine-Tuned Model,"3,5,1,4,2,6"
1507,Fine-Tuned Model,"3,1,5,6,2,4"
1508,Fine-Tuned Model,"2,5,6,3,1,4"
1509,Fine-Tuned Model,
1510,Fine-Tuned Model,"3,5,2,4,6,1"
1511,Fine-Tuned Model,"1,6,6,1,6"
1512,Fine-Tuned Model,"3,2,6,5,4,1"
1513,Fine-Tuned Model,"2,5,3,1,4,6"
1514,Fine-Tuned Model,"1,3,4,2,5,6"
1515,Fine-Tuned Model,
1516,Fine-Tuned Model,"1,6,6"
1517,Fine-Tuned Model,"3,2,5,6,1,4"
1518,Fine-Tuned Model,
1519,Fine-Tuned Model,"3,6,1,5,2,4"
1520,Fine-Tuned Model,"5,2,6,4,1,3"
1521,Fine-Tuned Model,
1522,Fine-Tuned Model,
1523,Fine-Tuned Model,"6,1,6"
1524,Fine-Tuned Model,"1,2,3,4,5,6"
1525,Fine-Tuned Model,"4,6,2,1,5,3"
1526,Fine-Tuned Model,"2,6,3,5,4,1"
1527,Fine-Tuned Model,
1528,Fine-Tuned Model,"5,2,4,1,3,6"
1529,Fine-Tuned Model,"1,4,2,6,3,5"
1530,Fine-Tuned Model,"3,2,5,1,6,4"
1531,Fine-Tuned Model,"6,1,6,6"
1532,Fine-Tuned Model,"1,6,1,6"
1533,Fine-Tuned Model,"1,2,5,3,4,6"
1534,Fine-Tuned Model,"4,2,3,6,5,1"
1535,Fine-Tuned Model,
1536,Fine-Tuned Model,"3,4,6,2,1,5"
1537,Fine-Tuned Model,"4,2,6,3,5,1"
1538,Fine-Tuned Model,"4,3,2,6,1,5"
1539,Fine-Tuned Model,"1,4,2,6,3,5"
1540,Fine-Tuned Model,
1541,Fine-Tuned Model,
1542,Fine-Tuned Model,"2,4,5,6,3,1"
1543,Fine-Tuned Model,"3,4,5,2,1,6"
1544,Fine-Tuned Model,"5,4,6,3,2"
1545,Fine-Tuned Model,"3,5,2,4,1,6"
1546,Fine-Tuned Model,"1,3,2,4,5,6"
1547,Fine-Tuned Model,"3,5,2,6,1,4"
1548,Fine-Tuned Model,"5,2,4,6,3,1"
1549,Fine-Tuned Model,
1550,Fine-Tuned Model,"2,5,3,6,1,4"
1551,Fine-Tuned Model,"3,6,1,4,2,5"
1552,Fine-Tuned Model,"3,5,2,1,6,4"
1553,Fine-Tuned Model,"4,2,5,1,3,6"
1554,Fine-Tuned Model,"2,4,3,5,6,2"
1555,Fine-Tuned Model,
1556,Fine-Tuned Model,
1557,Fine-Tuned Model,"2,5,4,1,3,6"
1558,Fine-Tuned Model,"2,5,6,3,1,4"
1559,Fine-Tuned Model,"1,2,3,4,5,6"
1560,Fine-Tuned Model,"3,5,2,6,1,4"
1561,Fine-Tuned Model,"5,3,6,4,2,1"
1562,Fine-Tuned Model,
1563,Fine-Tuned Model,"4,2,6,1,3,5"
1564,Fine-Tuned Model,"6,1,6"
1565,Fine-Tuned Model,"6,1"
1566,Fine-Tuned Model,"3,4,2,5,6,1"
1567,Fine-Tuned Model,
1568,Fine-Tuned Model,"2,6,1,5,3,4"
1569,Fine-Tuned Model,"4,2,6,3,5,1"
1570,Fine-Tuned Model,"4,2,6,3,1,5"
1571,Fine-Tuned Model,
1572,Fine-Tuned Model,"1,6,6"
1573,Fine-Tuned Model,"4,2,3,5,1,6"
1574,Fine-Tuned Model,"5,3,2,6,1,4"
1575,Fine-Tuned Model,"1,2,2,5,3,1"
1576,Fine-Tuned Model,"3,4,2,6,1,5"
1577,Fine-Tuned Model,"2,6,3,1,4,5"
1578,Fine-Tuned Model,"5,2,4,6,3,1"
1579,Fine-Tuned Model,"1,6"
1580,Fine-Tuned Model,
1581,Fine-Tuned Model,
1582,Fine-Tuned Model,"1,2,3,4,5,6"
1583,Fine-Tuned Model,"2,5,1,6,4,3"
1584,Fine-Tuned Model,
1585,Fine-Tuned Model,
1586,Fine-Tuned Model,
1587,Fine-Tuned Model,"1,2,3,4,5,6"
1588,Fine-Tuned Model,"4,3,2,6,5,1"
1589,Fine-Tuned Model,
1590,Fine-Tuned Model,
1591,Fine-Tuned Model,"2,5,4,1,3,6"
1592,Fine-Tuned Model,"3,6,2,5,1,4"
1593,Fine-Tuned Model,"1,6,6,2,6,3"
1594,Fine-Tuned Model,"2,5,6,3,2,4"
1595,Fine-Tuned Model,"3,1,6,2,4"
1596,Fine-Tuned Model,"2,6,4,1,5,3"
1597,Fine-Tuned Model,
1598,Fine-Tuned Model,"4,2,6,3,1,5"
1599,Fine-Tuned Model,"5,3,2,1,6,4"
1600,Fine-Tuned Model,"2,4,6,1,3,5"
1601,Fine-Tuned Model,"4,2,6,5,3,1"
1602,Fine-Tuned Model,"1,2,5,3,4,6"
1603,Fine-Tuned Model,"1,2,3,4,5,6"
1604,Fine-Tuned Model,"1,6,6"
1605,Fine-Tuned Model,"4,2,6,3,5,1"
1606,Fine-Tuned Model,
1607,Fine-Tuned Model,"1,4,2"
1608,Fine-Tuned Model,
1609,Fine-Tuned Model,"2,3,4,5,6,1"
1610,Fine-Tuned Model,
1611,Fine-Tuned Model,"6,1,6"
1612,Fine-Tuned Model,"5,2,3,6,4,1"
1613,Fine-Tuned Model,
1614,Fine-Tuned Model,"2,6,4,1,5,3"
1615,Fine-Tuned Model,"4,3,2,5,1,6"
1616,Fine-Tuned Model,
1617,Fine-Tuned Model,"2,5,3,4,6,1"
1618,Fine-Tuned Model,"3,5,2,6,1,4"
1619,Fine-Tuned Model,"2,5,6,1,4,3"
1620,Fine-Tuned Model,"5,2,6,1,4,3"
1621,Fine-Tuned Model,"5,2,4,6,3,1"
1622,Fine-Tuned Model,6
1623,Fine-Tuned Model,6
1624,Fine-Tuned Model,"5,3,6,2,4,1"
1625,Fine-Tuned Model,"1,2,2,5,3,1"
1626,Fine-Tuned Model,"4,3,5,2,6,1"
1627,Fine-Tuned Model,"3,6,2,5,4,1"
1628,Fine-Tuned Model,
1629,Fine-Tuned Model,"3,4,1,6,2,3"
1630,Fine-Tuned Model,"3,2,6,1,5,4"
1631,Fine-Tuned Model,
1632,Fine-Tuned Model,"3,6,2,5,4,1"
1633,Fine-Tuned Model,"2,5,4,1,6,3"
1634,Fine-Tuned Model,"4,2,6,3,5,1"
1635,Fine-Tuned Model,"2,5,3,6,1,4"
1636,Fine-Tuned Model,"1,3,2,6,3,1"
1637,Fine-Tuned Model,"2,4,6,1,3,5"
1638,Fine-Tuned Model,
1639,Fine-Tuned Model,"1,2,4,3,5,6"
1640,Fine-Tuned Model,"2,4,5,3,1"
1641,Fine-Tuned Model,"2,5,3,6,1,4"
1642,Fine-Tuned Model,"4,2,6,5,3,1"
1643,Fine-Tuned Model,"4,3,6,5,2,1"
1644,Fine-Tuned Model,"6,1,6,1"
1645,Fine-Tuned Model,"3,5,2,6,4,1"
1646,Fine-Tuned Model,"1,2,3,4,2,1"
1647,Fine-Tuned Model,
1648,Fine-Tuned Model,"3,4,2,6,1,5"
1649,Fine-Tuned Model,"1,6,6"
1650,Fine-Tuned Model,"4,2,6,5,3,1"
1651,Fine-Tuned Model,"4,2,6,5,1,3"
1652,Fine-Tuned Model,
1653,Fine-Tuned Model,"5,3,2,6,1,4"
1654,Fine-Tuned Model,"6,4,3,2,5,1"
1655,Fine-Tuned Model,
1656,Fine-Tuned Model,"3,4,2,6,1,5"
1657,Fine-Tuned Model,"1,6,6"
1658,Fine-Tuned Model,"5,2,6,3,1,4"
1659,Fine-Tuned Model,"5,2,6,1,4,3"
1660,Fine-Tuned Model,
1661,Fine-Tuned Model,
1662,Fine-Tuned Model,"1,2,3,4,6,5"
1663,Fine-Tuned Model,
1664,Fine-Tuned Model,"1,2,3,6,2,5"
1665,Fine-Tuned Model,
1666,Fine-Tuned Model,"4,2,6,3,5,1"
1667,Fine-Tuned Model,
1668,Fine-Tuned Model,"2,5,3,6,1,4"
1669,Fine-Tuned Model,
1670,Fine-Tuned Model,
1671,Fine-Tuned Model,"5,3,2,1,6,4"
1672,Fine-Tuned Model,
1673,Fine-Tuned Model,"4,3,2,6,1,5"
1674,Fine-Tuned Model,"3,5,2,4,1,6"
1675,Fine-Tuned Model,"3,5,2,6,4,1"
1676,Fine-Tuned Model,"1,2,3,4,5"
1677,Fine-Tuned Model,
1678,Fine-Tuned Model,"3,6,1,2,4,5"
1679,Fine-Tuned Model,"1,6"
1680,Fine-Tuned Model,"1,1,6,4,2,1"
1681,Fine-Tuned Model,"1,4,6,3,2,5"
1682,Fine-Tuned Model,"3,6,2,5,1,4"
1683,Fine-Tuned Model,"4,2,6,1,3,5"
1684,Fine-Tuned Model,"1,6"
1685,Fine-Tuned Model,
1686,Fine-Tuned Model,"4,2,6,1,5,3"
1687,Fine-Tuned Model,"1,4,2,6,5,3"
1688,Fine-Tuned Model,"4,2,6,3,5,1"
1689,Fine-Tuned Model,"1,6,6"
1690,Fine-Tuned Model,"1,3,4,6,3,2"
1691,Fine-Tuned Model,"2,5,3,1,4,6"
1692,Fine-Tuned Model,
1693,Fine-Tuned Model,"4,2,6,3,1,5"
1694,Fine-Tuned Model,"6,3,6,2,6,5"
1695,Fine-Tuned Model,"3,6,2,5,4,1"
1696,Fine-Tuned Model,"3,5,2,6,1,4"
1697,Fine-Tuned Model,"4,2,6,5,3,1"
1698,Fine-Tuned Model,
1699,Fine-Tuned Model,"1,2,3,4,6,3"
1700,Fine-Tuned Model,"6,1,6"
1701,Fine-Tuned Model,
1702,Fine-Tuned Model,"3,1,6,4,2,5"
1703,Fine-Tuned Model,"1,6"
1704,Fine-Tuned Model,
1705,Fine-Tuned Model,"3,2,5,1,6,4"
1706,Fine-Tuned Model,"5,3,1,6,4,2"
1707,Fine-Tuned Model,"4,2,6,5,3,1"
1708,Fine-Tuned Model,
1709,Fine-Tuned Model,"4,6,2,5,1,3"
1710,Fine-Tuned Model,"2,5,6,1,4,3"
1711,Fine-Tuned Model,"1,6,6"
1712,Fine-Tuned Model,
1713,Fine-Tuned Model,"3,5,2,6,1,4"
1714,Fine-Tuned Model,"1,6,3,2,4,5"
1715,Fine-Tuned Model,"4,3,2,5,1,6"
1716,Fine-Tuned Model,"6,5,4,1,3,2"
1717,Fine-Tuned Model,"4,2,3,5,6,1"
1718,Fine-Tuned Model,"4,2,6,3,1,5"
1719,Fine-Tuned Model,
1720,Fine-Tuned Model,
1721,Fine-Tuned Model,
1722,Fine-Tuned Model,
1723,Fine-Tuned Model,"1,6,6"
1724,Fine-Tuned Model,"2,5,3,1,6,4"
1725,Fine-Tuned Model,"3,1,6,2,5,4"
1726,Fine-Tuned Model,"1,4,2,5,3,6"
1727,Fine-Tuned Model,"1,4,2,6,3,5"
1728,Fine-Tuned Model,"1,3,2,5,4,6"
1729,Fine-Tuned Model,"5,2,4,1,6,3"
1730,Fine-Tuned Model,"4,2,6,3,1,5"
1731,Fine-Tuned Model,"4,6,3,2,1,5"
1732,Fine-Tuned Model,"4,2,5,3,6,1"
1733,Fine-Tuned Model,"2,5,4,6,1,3"
1734,Fine-Tuned Model,"1,2,3,4,5,6"
1735,Fine-Tuned Model,"4,3,2,1,6,5"
1736,Fine-Tuned Model,"2,4,6,1,5,3"
1737,Fine-Tuned Model,"5,2,6,1,4,3"
1738,Fine-Tuned Model,"3,6,2,5,4,1"
1739,Fine-Tuned Model,"3,5,2,4,6,1"
1740,Fine-Tuned Model,"6,3,4,2,5,1"
1741,Fine-Tuned Model,
1742,Fine-Tuned Model,"1,6,6"
1743,Fine-Tuned Model,"4,2,5,6,3,1"
1744,Fine-Tuned Model,"3,2,6,5,4,1"
1745,Fine-Tuned Model,"4,3,2,6,5,1"
1746,Fine-Tuned Model,"3,6,2,5,1,4"
1747,Fine-Tuned Model,
1748,Fine-Tuned Model,"1,3,6,2,5,4"
1749,Fine-Tuned Model,
1750,Fine-Tuned Model,"3,6,2,5,4,1"
1751,Fine-Tuned Model,"4,2,5,6,3,1"
1752,Fine-Tuned Model,"4,2,6,3,5,1"
1753,Fine-Tuned Model,"4,2,6,1,5,3"
1754,Fine-Tuned Model,"5,3,2,6,1,4"
1755,Fine-Tuned Model,
1756,Fine-Tuned Model,"6,1,6,1,6,1"
1757,Fine-Tuned Model,"3,6,2,5,1,4"
1758,Fine-Tuned Model,"2,4,3,6,5,1"
1759,Fine-Tuned Model,"5,2,6,4,1,3"
1760,Fine-Tuned Model,"1,2,3,4,5,6"
1761,Fine-Tuned Model,"2,3,5,4,1,6"
1762,Fine-Tuned Model,"4,3,6,2,5,1"
1763,Fine-Tuned Model,"2,4,1,3,6,5"
1764,Fine-Tuned Model,"4,3,6,2,5,1"
1765,Fine-Tuned Model,"5,3,6,2,5,4"
1766,Fine-Tuned Model,"4,2,6,1,5,3"
1767,Fine-Tuned Model,
1768,Fine-Tuned Model,"6,4,2,5,3,1"
1769,Fine-Tuned Model,"1,2,3,4,5,6"
1770,Fine-Tuned Model,"3,2,6,1,5,4"
1771,Fine-Tuned Model,
1772,Fine-Tuned Model,"1,3,5,2,6,4"
1773,Fine-Tuned Model,"5,3,6,4,1,2"
1774,Fine-Tuned Model,"3,4,1,2,6,5"
1775,Fine-Tuned Model,
1776,Fine-Tuned Model,"1,6,1,1,6,2"
1777,Fine-Tuned Model,"2,5,3,6,1,4"
1778,Fine-Tuned Model,"2,4,3,5,6,1"
1779,Fine-Tuned Model,"6,3,5,2,4,6"
1780,Fine-Tuned Model,"4,3,6,2,1,5"
1781,Fine-Tuned Model,"3,6,2,5,1,4"
1782,Fine-Tuned Model,"1,6,4,2,5,3"
1783,Fine-Tuned Model,"3,6,1,2,4,5"
1784,Fine-Tuned Model,"1,4,2,6,3,5"
1785,Fine-Tuned Model,"1,3,5,3,2,1"
1786,Fine-Tuned Model,
1787,Fine-Tuned Model,"4,2,5,1,6,3"
1788,Fine-Tuned Model,"1,4,2,5,3,6"
1789,Fine-Tuned Model,
1790,Fine-Tuned Model,"2,6,5,3,1,4"
1791,Fine-Tuned Model,"1,4,5,3,6,2"
1792,Fine-Tuned Model,"2,5,4,6,1,3"
1793,Fine-Tuned Model,"3,6,2,5,1,4"
1794,Fine-Tuned Model,
1795,Fine-Tuned Model,"4,2,6,5,3,1"
1796,Fine-Tuned Model,"3,6,2,5,4,1"
1797,Fine-Tuned Model,
1798,Fine-Tuned Model,"4,2,6,1,5,3"
1799,Fine-Tuned Model,"1,6,6"
1800,Fine-Tuned Model,"5,3,4,6,2,1"
1801,Fine-Tuned Model,"2,6,3,5,1,4"
1802,Fine-Tuned Model,"3,6,2,5,4,1"
1803,Fine-Tuned Model,"6,1,6"
1804,Fine-Tuned Model,"5,2,6,3,1,4"
1805,Fine-Tuned Model,"4,2,6,3,5,1"
1806,Fine-Tuned Model,"4,3,6,1,2,5"
1807,Fine-Tuned Model,
1808,Fine-Tuned Model,"3,5,6,1,2,3"
1809,Fine-Tuned Model,"1,6,6"
1810,Fine-Tuned Model,
1811,Fine-Tuned Model,
1812,Fine-Tuned Model,"1,6,3,5,2,4"
1813,Fine-Tuned Model,
1814,Fine-Tuned Model,"4,2,6,1,5,3"
1815,Fine-Tuned Model,
1816,Fine-Tuned Model,"4,3,1,6,2,5"
1817,Fine-Tuned Model,"1,5,4,2,6,3"
1818,Fine-Tuned Model,
1819,Fine-Tuned Model,"2,5,6"
1820,Fine-Tuned Model,"1,6,6"
1821,Fine-Tuned Model,"2,6,1,5,3,4"
1822,Fine-Tuned Model,"4,2,6,3,5,1"
1823,Fine-Tuned Model,"3,6,1,2,4,5"
1824,Fine-Tuned Model,"5,2,6,1,3,4"
1825,Fine-Tuned Model,"2,3,6,1,4,5"
1826,Fine-Tuned Model,"2,6,3,2,5"
1827,Fine-Tuned Model,"3,6,2,5,4,1"
1828,Fine-Tuned Model,"2,6,5,3,1,4"
1829,Fine-Tuned Model,"3,5,2,6,4,1"
1830,Fine-Tuned Model,"4,2,6,3,5,1"
1831,Fine-Tuned Model,
1832,Fine-Tuned Model,
1833,Fine-Tuned Model,6
1834,Fine-Tuned Model,"5,2,6,3,1,4"
1835,Fine-Tuned Model,"1,2,3,4,5,6"
1836,Fine-Tuned Model,"1,6,1,6,1,6"
1837,Fine-Tuned Model,"3,5,1,4,2,6"
1838,Fine-Tuned Model,"1,3,2,6,5,4"
1839,Fine-Tuned Model,
1840,Fine-Tuned Model,6
1841,Fine-Tuned Model,"2,5,3,6,1,4"
1842,Fine-Tuned Model,"4,1,3,5,2,6"
1843,Fine-Tuned Model,"4,6,3,5,2,1"
1844,Fine-Tuned Model,6
1845,Fine-Tuned Model,
1846,Fine-Tuned Model,
1847,Fine-Tuned Model,"4,2,5,1,6,3"
1848,Fine-Tuned Model,"4,2,6,5,1,3"
1849,Fine-Tuned Model,"2,4,6,1,3,5"
1850,Fine-Tuned Model,"2,5,4,6,3,1"
1851,Fine-Tuned Model,"4,6,3,5,2,1"
1852,Fine-Tuned Model,"4,2,6,3,1,5"
1853,Fine-Tuned Model,
1854,Fine-Tuned Model,"4,2,6,3,5,1"
1855,Fine-Tuned Model,"3,6,2,5,1,4"
1856,Fine-Tuned Model,"2,4,1,6,3,5"
1857,Fine-Tuned Model,"1,4,2,6,5,3"
1858,Fine-Tuned Model,"4,2,6,5,3,1"
1859,Fine-Tuned Model,"3,6,1,2,5,4"
1860,Fine-Tuned Model,4
1861,Fine-Tuned Model,"1,4,5,2,6,3"
1862,Fine-Tuned Model,
1863,Fine-Tuned Model,"5,2,4,1,6,3"
1864,Fine-Tuned Model,"2,6,4,1,5,3"
1865,Fine-Tuned Model,
1866,Fine-Tuned Model,"2,5,3,6,1,4"
1867,Fine-Tuned Model,"4,3,5,2,1,6"
1868,Fine-Tuned Model,"2,5,1,6,3,4"
1869,Fine-Tuned Model,"1,2,4,6,3,5"
1870,Fine-Tuned Model,"1,5,3,2,6,4"
1871,Fine-Tuned Model,"6,1,5,4,6,3"
1872,Fine-Tuned Model,"1,6,6"
1873,Fine-Tuned Model,
1874,Fine-Tuned Model,
1875,Fine-Tuned Model,"2,5,3,6,1,4"
1876,Fine-Tuned Model,"3,1,6,5,4,2"
1877,Fine-Tuned Model,"6,1,6"
1878,Fine-Tuned Model,"5,3,2,6,1,4"
1879,Fine-Tuned Model,
1880,Fine-Tuned Model,"1,6,6"
1881,Fine-Tuned Model,"4,2,6,3,5,1"
1882,Fine-Tuned Model,"3,5,1,6,2,4"
1883,Fine-Tuned Model,"1,4,2,6,5,3"
1884,Fine-Tuned Model,
1885,Fine-Tuned Model,"3,1,6,2,5,4"
1886,Fine-Tuned Model,"1,6,4,2,5,3"
1887,Fine-Tuned Model,
1888,Fine-Tuned Model,"4,3,2,5,6,1"
1889,Fine-Tuned Model,"2,5,1,6,4,3"
1890,Fine-Tuned Model,"2,5,3,6,1,4"
1891,Fine-Tuned Model,"2,5,3,6,1,4"
1892,Fine-Tuned Model,"1,3,2,6,5,4"
1893,Fine-Tuned Model,"4,2,6,3,5,1"
1894,Fine-Tuned Model,"5,2,6,3,1,4"
1895,Fine-Tuned Model,"1,2,5,3,1,6"
1896,Fine-Tuned Model,"4,2,5,3,1,6"
1897,Fine-Tuned Model,"3,4,1,6,2,5"
1898,Fine-Tuned Model,
1899,Fine-Tuned Model,
1900,Fine-Tuned Model,"2,5,4,1,6,3"
1901,Fine-Tuned Model,"1,2,3,4,5,6"
1902,Fine-Tuned Model,"4,2,3,6,1,5"
1903,Fine-Tuned Model,"1,2,6,3,4,5"
1904,Fine-Tuned Model,"4,2,6,3,5,1"
1905,Fine-Tuned Model,"3,4,1"
1906,Fine-Tuned Model,"3,4,2,5,1,6"
1907,Fine-Tuned Model,
1908,Fine-Tuned Model,"1,4,5,6,2,3"
1909,Fine-Tuned Model,"2,6,4,3,5,1"
1910,Fine-Tuned Model,"3,2,6,4,1,5"
1911,Fine-Tuned Model,"1,6,6"
1912,Fine-Tuned Model,"4,2,3,6,5,1"
1913,Fine-Tuned Model,"1,6,6,1,6,6"
1914,Fine-Tuned Model,"3,1,4,6,2,5"
1915,Fine-Tuned Model,"3,6,2,5,4,1"
1916,Fine-Tuned Model,"1,3,2,6,5,4"
1917,Fine-Tuned Model,"2,5,3,6,4,1"
1918,Fine-Tuned Model,1
1919,Fine-Tuned Model,"4,3,6,2,5,1"
1920,Fine-Tuned Model,"6,1,6,6"
1921,Fine-Tuned Model,"3,6,2,5,1,4"
1922,Fine-Tuned Model,"4,2,6,3,5,1"
1923,Fine-Tuned Model,"2,5,4,1,6,3"
1924,Fine-Tuned Model,"5,2,6,1,4,3"
1925,Fine-Tuned Model,"3,6,2,5,4,1"
1926,Fine-Tuned Model,
1927,Fine-Tuned Model,6
1928,Fine-Tuned Model,"2,5,1,4,6,3"
1929,Fine-Tuned Model,"2,5"
1930,Fine-Tuned Model,"4,2,3,6,1,5"
1931,Fine-Tuned Model,"2,1,4,3,6,2"
1932,Fine-Tuned Model,1
1933,Fine-Tuned Model,"1,6,1,6,1,6"
1934,Fine-Tuned Model,
1935,Fine-Tuned Model,"4,2,6,5,1,3"
1936,Fine-Tuned Model,"1,2,3,4,5,6"
1937,Fine-Tuned Model,1
1938,Fine-Tuned Model,"4,2,6,3,1,5"
1939,Fine-Tuned Model,
1940,Fine-Tuned Model,"5,2,6,3,1,4"
1941,Fine-Tuned Model,1
1942,Fine-Tuned Model,"4,6,2,5,3,1"
1943,Fine-Tuned Model,"4,2,5,3,1,6"
1944,Fine-Tuned Model,"1,5,3,2,6,4"
1945,Fine-Tuned Model,"6,5,4,3"
1946,Fine-Tuned Model,"3,2,6,4,1,5"
1947,Fine-Tuned Model,"1,6"
1948,Fine-Tuned Model,"2,6,4,3,1,5"
1949,Fine-Tuned Model,"6,1,6"
1950,Fine-Tuned Model,"3,6,2,4,5,1"
1951,Fine-Tuned Model,"2,5,3,1,4,6"
1952,Fine-Tuned Model,
1953,Fine-Tuned Model,"1,1,2,3,4,5"
1954,Fine-Tuned Model,"3,5,2,6,1,4"
1955,Fine-Tuned Model,"4,3,2,5,6,1"
1956,Fine-Tuned Model,
1957,Fine-Tuned Model,"2,6,3,1,5,4"
1958,Fine-Tuned Model,"3,2,6,5,1,4"
1959,Fine-Tuned Model,"3,2,6,5,4,1"
1960,Fine-Tuned Model,"4,2,6,1,3,5"
1961,Fine-Tuned Model,"1,3,5,2,6,4"
1962,Fine-Tuned Model,"1,4,3,6,2,5"
1963,Fine-Tuned Model,"3,2,6,5,1,4"
1964,Fine-Tuned Model,
1965,Fine-Tuned Model,"2,5,1,3,6,4"
1966,Fine-Tuned Model,"5,3,2,6,4,1"
1967,Fine-Tuned Model,"5,2,6,1,3,6"
1968,Fine-Tuned Model,"4,6,2,3,5,1"
1969,Fine-Tuned Model,"3,6,2,5,1,4"
1970,Fine-Tuned Model,"3,2,6,5,1,4"
1971,Fine-Tuned Model,6
1972,Fine-Tuned Model,"4,2,6,1,3,5"
1973,Fine-Tuned Model,5
1974,Fine-Tuned Model,"6,1,6,6,4"
1975,Fine-Tuned Model,"2,6,3,5,1,4"
1976,Fine-Tuned Model,"1,2,3"
1977,Fine-Tuned Model,"5,2,6,4,1,3"
1978,Fine-Tuned Model,"3,6,2,5,4,1"
1979,Fine-Tuned Model,"3,6,2,5,1,4"
1980,Fine-Tuned Model,"2,5,3,4,2"
1981,Fine-Tuned Model,"3,6,5,2,4,1"
1982,Fine-Tuned Model,"1,2,5,3,6,4"
1983,Fine-Tuned Model,"3,2,6,5,1,4"
1984,Fine-Tuned Model,"4,6,2,5,3,1"
1985,Fine-Tuned Model,"6,1,3,6,5,2"
1986,Fine-Tuned Model,"3,6,2,5,4,1"
1987,Fine-Tuned Model,"3,1,4,6,2,5"
1988,Fine-Tuned Model,"2,5,3,1,4,6"
1989,Fine-Tuned Model,"2,5,6,3,1,4"
1990,Fine-Tuned Model,"5,2,6,3,1,4"
1991,Fine-Tuned Model,"4,3,6,2,5,1"
1992,Fine-Tuned Model,"4,3,6,2,5,1"
1993,Fine-Tuned Model,"5,3,2,6,1,4"
1994,Fine-Tuned Model,
1995,Fine-Tuned Model,"5,2,6,3,1,4"
1996,Fine-Tuned Model,"3,6,1,5,4,2"
1997,Fine-Tuned Model,"2,5,4,1,3,6"
1998,Fine-Tuned Model,"2,5,1,4,3,6"
1999,Fine-Tuned Model,"3,4,1,6,2,5"
2000,Fine-Tuned Model,"3,5,2,6,1,4"
2001,Fine-Tuned Model,"1,6,2,3,5,4"
2002,Fine-Tuned Model,"3,5,1,4,2,6"
2003,Fine-Tuned Model,"2,5,1,3,6,4"
2004,Fine-Tuned Model,"2,4,6,2,4,3"
2005,Fine-Tuned Model,"1,6"
2006,Fine-Tuned Model,"1,4,3,2,6,5"
2007,Fine-Tuned Model,
2008,Fine-Tuned Model,"2,5,3,4,6,1"
2009,Fine-Tuned Model,"2,6,4,1,3,5"
2010,Fine-Tuned Model,"4,2,6,1,3,5"
2011,Fine-Tuned Model,
2012,Fine-Tuned Model,"1,6,6,2,6,4"
2013,Fine-Tuned Model,"2,5,1,4,6,3"
2014,Fine-Tuned Model,"2,5,3,1,6,4"
2015,Fine-Tuned Model,"6,1,6"
2016,Fine-Tuned Model,"2,6,4,3,5,1"
2017,Fine-Tuned Model,"2,5,6,1,4,3"
2018,Fine-Tuned Model,"4,2,5,1,6,3"
2019,Fine-Tuned Model,"4,3,6,2,5,1"
2020,Fine-Tuned Model,"3,2,5,4,1,6"
2021,Fine-Tuned Model,"2,6,5,1,3,4"
2022,Fine-Tuned Model,
2023,Fine-Tuned Model,
2024,Fine-Tuned Model,"3,6,1,4,2,5"
2025,Fine-Tuned Model,"3,6,2,5,1,4"
2026,Fine-Tuned Model,
2027,Fine-Tuned Model,"3,2,6,5,1,4"
2028,Fine-Tuned Model,"6,1,6,4,3,6"
2029,Fine-Tuned Model,
2030,Fine-Tuned Model,"2,4,5,2,3,6"
2031,Fine-Tuned Model,"1,4,2,6,3,5"
2032,Fine-Tuned Model,
2033,Fine-Tuned Model,"5,3,6,1,2,4"
2034,Fine-Tuned Model,"4,2,6,3,5,1"
2035,Fine-Tuned Model,"4,2,5,1,6,3"
2036,Fine-Tuned Model,
2037,Fine-Tuned Model,"1,4,2,6,3,2"
2038,Fine-Tuned Model,"4,6,2,5,3,1"
2039,Fine-Tuned Model,"4,6,2,5,1,3"
2040,Fine-Tuned Model,"5,2,4,3,6,1"
2041,Fine-Tuned Model,6
2042,Fine-Tuned Model,
2043,Fine-Tuned Model,"6,6,2,6,4,1"
2044,Fine-Tuned Model,"6,1,6"
2045,Fine-Tuned Model,"3,1,2,6,5,4"
2046,Fine-Tuned Model,"4,3,6,2,5,1"
2047,Fine-Tuned Model,"4,2,6,1,3,5"
2048,Fine-Tuned Model,
2049,Fine-Tuned Model,"1,4,3,6,2,5"
2050,Fine-Tuned Model,"1,3,2,6,5,4"
2051,Fine-Tuned Model,"2,6,4,3,5,1"
2052,Fine-Tuned Model,"1,4,3,2,6,5"
2053,Fine-Tuned Model,
2054,Fine-Tuned Model,
2055,Fine-Tuned Model,"1,4,6,2,5,3"
2056,Fine-Tuned Model,"1,4,3,6,2,5"
2057,Fine-Tuned Model,
2058,Fine-Tuned Model,"4,2,6,5,1,3"
2059,Fine-Tuned Model,"1,6,6"
2060,Fine-Tuned Model,
2061,Fine-Tuned Model,
2062,Fine-Tuned Model,"1,4,6,2,5,3"
2063,Fine-Tuned Model,"4,2,6,5,3,1"
2064,Fine-Tuned Model,"6,1,6,3"
2065,Fine-Tuned Model,
2066,Fine-Tuned Model,"3,6,2,5,1,4"
2067,Fine-Tuned Model,"2,5,6,4,3,1"
2068,Fine-Tuned Model,"4,3,2,6,1,5"
2069,Fine-Tuned Model,"5,4,2,6,3,1"
2070,Fine-Tuned Model,"3,6,4,2,1,5"
2071,Fine-Tuned Model,"4,2,6,5,1,3"
2072,Fine-Tuned Model,
2073,Fine-Tuned Model,"1,3,4,2,6,5"
2074,Fine-Tuned Model,"1,6,6"
2075,Fine-Tuned Model,"4,2,6,1,5,3"
2076,Fine-Tuned Model,"3,6,2,5,1,4"
2077,Fine-Tuned Model,"6,1,6"
2078,Fine-Tuned Model,6
2079,Fine-Tuned Model,"4,3,2,5,6,1"
2080,Fine-Tuned Model,"2,4,6,5,3,1"
2081,Fine-Tuned Model,
2082,Fine-Tuned Model,"5,4,2,6,3,1"
2083,Fine-Tuned Model,"3,2,5,1,6,4"
2084,Fine-Tuned Model,"1,6,6"
2085,Fine-Tuned Model,"5,2,6,1,4,3"
2086,Fine-Tuned Model,"4,2,6,1,5,3"
2087,Fine-Tuned Model,
2088,Fine-Tuned Model,"2,5,3,6,4,1"
2089,Fine-Tuned Model,"2,5,6,1,4,3"
2090,Fine-Tuned Model,
2091,Fine-Tuned Model,"3,6,5,2,1"
2092,Fine-Tuned Model,"1,6,4,5,2,3"
2093,Fine-Tuned Model,"4,2,6,3,1,5"
2094,Fine-Tuned Model,"2,4,5,2,6,3"
2095,Fine-Tuned Model,"4,2,6,1,3,5"
2096,Fine-Tuned Model,"3,6,2,5,4,1"
2097,Fine-Tuned Model,"1,1,1,2,1,2"
2098,Fine-Tuned Model,"4,2,6,3,5,1"
2099,Fine-Tuned Model,
2100,Fine-Tuned Model,"4,6,2,5,3,1"
2101,Fine-Tuned Model,
2102,Fine-Tuned Model,"4,6"
2103,Fine-Tuned Model,"3,2,1,6,4,5"
2104,Fine-Tuned Model,"2,5,1,6,4"
2105,Fine-Tuned Model,"2,5,1,4,3,6"
2106,Fine-Tuned Model,"1,3,6,2,5,6"
2107,Fine-Tuned Model,"1,2,2,4,3,6"
2108,Fine-Tuned Model,"2,6,4,3,5,1"
2109,Fine-Tuned Model,
2110,Fine-Tuned Model,"1,2,4,3,6,5"
2111,Fine-Tuned Model,"3,5,2,6,4,1"
2112,Fine-Tuned Model,"2,4,6,5,3,1"
2113,Fine-Tuned Model,"4,2,6,5,3,1"
2114,Fine-Tuned Model,
2115,Fine-Tuned Model,
2116,Fine-Tuned Model,"2,4,6,3,5,1"
2117,Fine-Tuned Model,"1,4,2,6,5,3"
2118,Fine-Tuned Model,"3,6,2,5,1,4"
2119,Fine-Tuned Model,"1,6,6"
2120,Fine-Tuned Model,"3,6,2,4,5,1"
2121,Fine-Tuned Model,"1,3,5,2,4,6"
2122,Fine-Tuned Model,"2,4,6,1,3,5"
2123,Fine-Tuned Model,"3,2,6,4,5,1"
2124,Fine-Tuned Model,"1,4,2,6,3,5"
2125,Fine-Tuned Model,"4,3,2,6,1,5"
2126,Fine-Tuned Model,"1,2,3,6,2,5"
2127,Fine-Tuned Model,"6,3,5,2,6,4"
2128,Fine-Tuned Model,"4,2,5,6,1,3"
2129,Fine-Tuned Model,"3,1,6,4,2,5"
2130,Fine-Tuned Model,"3,1,6,2,4,5"
2131,Fine-Tuned Model,"1,5,6,2,3,6"
2132,Fine-Tuned Model,"5,3,1,4,2,6"
2133,Fine-Tuned Model,"1,5,3,2,4,6"
2134,Fine-Tuned Model,"3,1,6,2,4,5"
2135,Fine-Tuned Model,6
2136,Fine-Tuned Model,"1,3,5,2,4,6"
2137,Fine-Tuned Model,"4,2,6,5,3,1"
2138,Fine-Tuned Model,
2139,Fine-Tuned Model,"5,2,4,6,3,1"
2140,Fine-Tuned Model,"3,6,2,5,1,4"
2141,Fine-Tuned Model,
2142,Fine-Tuned Model,
2143,Fine-Tuned Model,"5,2,6,3,1,4"
2144,Fine-Tuned Model,"2,5,3,6,1,4"
2145,Fine-Tuned Model,"1,5,2,3,6,4"
2146,Fine-Tuned Model,"2,6,3,1,5,4"
2147,Fine-Tuned Model,"4,3,2,5,6"
2148,Fine-Tuned Model,"2,4,5,3,5,2"
2149,Fine-Tuned Model,"3,6,2,5,4,1"
2150,Fine-Tuned Model,"1,2,6,4,1,5"
2151,Fine-Tuned Model,"1,6,6,5,1,1"
2152,Fine-Tuned Model,"1,2,4,3,5,6"
2153,Fine-Tuned Model,"3,5,2,6,4,1"
2154,Fine-Tuned Model,"4,2,6,5,1,3"
2155,Fine-Tuned Model,"2,4,6,1,3,5"
2156,Fine-Tuned Model,"1,4,2,3,5,6"
2157,Fine-Tuned Model,
2158,Fine-Tuned Model,"3,6,1,2,4,5"
2159,Fine-Tuned Model,"1,2,3,5,2,1"
2160,Fine-Tuned Model,
2161,Fine-Tuned Model,"2,6,5,3,1,4"
2162,Fine-Tuned Model,"1,3,2,5,6,4"
2163,Fine-Tuned Model,"2,5,6,3,4,1"
2164,Fine-Tuned Model,"1,3,2,2,3,6"
2165,Fine-Tuned Model,"3,2,6,4,1,5"
2166,Fine-Tuned Model,"1,4,2,6,3,5"
2167,Fine-Tuned Model,"1,3,4,5,2,6"
2168,Fine-Tuned Model,"2,6,3,1,4,5"
2169,Fine-Tuned Model,"1,4,6,3,2,5"
2170,Fine-Tuned Model,"4,2,5,3,6,1"
2171,Fine-Tuned Model,
2172,Fine-Tuned Model,"6,1,6"
2173,Fine-Tuned Model,
2174,Fine-Tuned Model,"4,3,2,6,5,1"
2175,Fine-Tuned Model,"1,2,3,4,5,6"
2176,Fine-Tuned Model,"1,2,3,4,6,3"
2177,Fine-Tuned Model,"4,2,6,1,3,5"
2178,Fine-Tuned Model,"3,4,1,5,2,6"
2179,Fine-Tuned Model,"3,6,2,5,4,1"
2180,Fine-Tuned Model,
2181,Fine-Tuned Model,"2,5,3,1,4,6"
2182,Fine-Tuned Model,"3,2,6,5,4,1"
2183,Fine-Tuned Model,"2,4,1,6,3,5"
2184,Fine-Tuned Model,"3,1,6,4,2,5"
2185,Fine-Tuned Model,1
2186,Fine-Tuned Model,
2187,Fine-Tuned Model,"2,4,6,3,5,1"
2188,Fine-Tuned Model,
2189,Fine-Tuned Model,"2,4,6,1,5,3"
2190,Fine-Tuned Model,
2191,Fine-Tuned Model,"3,5,2,6,1,4"
2192,Fine-Tuned Model,"5,3,6,2,4,1"
2193,Fine-Tuned Model,"4,2,6,1,3,5"
2194,Fine-Tuned Model,"2,5,4,3,6,1"
2195,Fine-Tuned Model,"4,2,6,1,5,3"
2196,Fine-Tuned Model,
2197,Fine-Tuned Model,
2198,Fine-Tuned Model,"1,2,3,4,6,5"
2199,Fine-Tuned Model,"1,3,5,2,6,4"
2200,Fine-Tuned Model,"5,2,4,6,1,3"
2201,Fine-Tuned Model,"4,2,3,1,6,5"
2202,Fine-Tuned Model,"4,3,6,5,2,6"
2203,Fine-Tuned Model,"5,3,4,2,6,1"
2204,Fine-Tuned Model,"2,5,3,6,4,1"
2205,Fine-Tuned Model,"2,4,3,6,5,1"
2206,Fine-Tuned Model,"3,5,2,6,4,1"
2207,Fine-Tuned Model,"1,2,5,3,6,4"
2208,Fine-Tuned Model,"4,2,6,5,1,3"
2209,Fine-Tuned Model,"2,5,1,4,6,3"
2210,Fine-Tuned Model,"4,2,6,3,5,1"
2211,Fine-Tuned Model,"4,1,6,3,5,2"
2212,Fine-Tuned Model,"3,6,2,5,4,1"
2213,Fine-Tuned Model,"6,2,4,5,1,3"
2214,Fine-Tuned Model,
2215,Fine-Tuned Model,
2216,Fine-Tuned Model,
2217,Fine-Tuned Model,"3,6,1,2,5,4"
2218,Fine-Tuned Model,"3,2,4,6,5,1"
2219,Fine-Tuned Model,"4,2,6,5,1,3"
2220,Fine-Tuned Model,"6,1,6,2,4,5"
2221,Fine-Tuned Model,"4,2,1,6,3,5"
2222,Fine-Tuned Model,"1,5,3,2,6,4"
2223,Fine-Tuned Model,
2224,Fine-Tuned Model,"1,3,4,2,6,1"
2225,Fine-Tuned Model,"5,2,6,1,3,4"
2226,Fine-Tuned Model,
2227,Fine-Tuned Model,"2,4,6,5,1,3"
2228,Fine-Tuned Model,
2229,Fine-Tuned Model,"1,6,1,6,1,6"
2230,Fine-Tuned Model,"2,5,3,6,1,4"
2231,Fine-Tuned Model,"3,5,2,6,4,1"
2232,Fine-Tuned Model,"6,4,2,1"
2233,Fine-Tuned Model,"1,6"
2234,Fine-Tuned Model,"5,3,6,2,4,1"
2235,Fine-Tuned Model,"2,5,4,6,3,1"
2236,Fine-Tuned Model,"4,3,6,2,5,1"
2237,Fine-Tuned Model,"2,5,3,1,4,6"
2238,Fine-Tuned Model,
2239,Fine-Tuned Model,6
2240,Fine-Tuned Model,"5,2,4,1,6,3"
2241,Fine-Tuned Model,"2,4,5,3,2,1"
2242,Fine-Tuned Model,"6,1,2,3,4,5"
2243,Fine-Tuned Model,"1,4,2,5,3,3"
2244,Fine-Tuned Model,"4,2,6,1,5,3"
2245,Fine-Tuned Model,"5,3,6,2,5,1"
2246,Fine-Tuned Model,"3,2,6,4,1,5"
2247,Fine-Tuned Model,"1,5,3,2,6,2"
2248,Fine-Tuned Model,"2,5,3,6,1,4"
2249,Fine-Tuned Model,"1,3,2,6,5,4"
2250,Fine-Tuned Model,"3,5,1,6,2,4"
2251,Fine-Tuned Model,"2,6,1,4,3,5"
2252,Fine-Tuned Model,"2,6,1,5,3,4"
2253,Fine-Tuned Model,"4,6,3,5,2,6"
2254,Fine-Tuned Model,"6,1"
2255,Fine-Tuned Model,"1,2,3,4,5,6"
2256,Fine-Tuned Model,"2,5,3,6,4,1"
2257,Fine-Tuned Model,"3,2,6,5,1,4"
2258,Fine-Tuned Model,"3,6,2,5,1,4"
2259,Fine-Tuned Model,"5,2,6,1,3,4"
2260,Fine-Tuned Model,
2261,Fine-Tuned Model,"5,2,6,3,1,4"
2262,Fine-Tuned Model,"2,3,1,4,5,6"
2263,Fine-Tuned Model,"5,2,6,1,4,3"
2264,Fine-Tuned Model,
2265,Fine-Tuned Model,"1,2,3,4,5"
2266,Fine-Tuned Model,"4,3,1,2,6,5"
2267,Fine-Tuned Model,"1,3,5,2,6,4"
2268,Fine-Tuned Model,"1,2"
2269,Fine-Tuned Model,
2270,Fine-Tuned Model,
2271,Fine-Tuned Model,
2272,Fine-Tuned Model,"3,5,1,6,3,2"
2273,Fine-Tuned Model,"4,2,5,3,6,1"
2274,Fine-Tuned Model,"6,1,6"
2275,Fine-Tuned Model,"1,4,3,6,5,2"
2276,Fine-Tuned Model,
2277,Fine-Tuned Model,"1,3,5,2,6,4"
2278,Fine-Tuned Model,"1,6,4,2,5,3"
2279,Fine-Tuned Model,"4,2,6,1,5,3"
2280,Fine-Tuned Model,"3,2,6,1,5,4"
2281,Fine-Tuned Model,"1,6,6,6,1,6"
2282,Fine-Tuned Model,
2283,Fine-Tuned Model,"3,1,4,5,2,6"
2284,Fine-Tuned Model,"2,5,1,6,3,4"
2285,Fine-Tuned Model,
2286,Fine-Tuned Model,6
2287,Fine-Tuned Model,"3,4,2,6,1,5"
2288,Fine-Tuned Model,
2289,Fine-Tuned Model,"3,6,2,5,1,4"
2290,Fine-Tuned Model,
2291,Fine-Tuned Model,"4,2,6,3,1,5"
2292,Fine-Tuned Model,"2,6,4,3,5,1"
2293,Fine-Tuned Model,
2294,Fine-Tuned Model,
2295,Fine-Tuned Model,
2296,Fine-Tuned Model,"5,3,6,1,4,2"
2297,Fine-Tuned Model,
2298,Fine-Tuned Model,"2,5,3,1,6,4"
2299,Fine-Tuned Model,"1,3,2,6,5,4"
2300,Fine-Tuned Model,"2,4,3,5,2,6"
2301,Fine-Tuned Model,"3,6,2,5,1,4"
2302,Fine-Tuned Model,
2303,Fine-Tuned Model,"6,6,1,6"
2304,Fine-Tuned Model,"1,3,5,2,4,6"
2305,Fine-Tuned Model,"1,2,6,3,4,2"
2306,Fine-Tuned Model,"4,3,6,2,5,1"
2307,Fine-Tuned Model,"3,6,2,5,4,1"
2308,Fine-Tuned Model,"4,3,5,2"
2309,Fine-Tuned Model,"1,2,4,5,2,6"
2310,Fine-Tuned Model,"1,4,3,5,2,6"
2311,Fine-Tuned Model,
2312,Fine-Tuned Model,"4,6,1,3,2,5"
2313,Fine-Tuned Model,"5,3,1,2,6,4"
2314,Fine-Tuned Model,"3,1,5,3,4,6"
2315,Fine-Tuned Model,"1,3,2,6,5,4"
2316,Fine-Tuned Model,
2317,Fine-Tuned Model,"1,6,1,1,6,2"
2318,Fine-Tuned Model,"1,2,4,5,6,3"
2319,Fine-Tuned Model,"1,2,3,4,5,6"
2320,Fine-Tuned Model,
2321,Fine-Tuned Model,"1,2,3,4,6,5"
2322,Fine-Tuned Model,"4,2,6,3,1,5"
2323,Fine-Tuned Model,"1,6,1,1,6,3"
2324,Fine-Tuned Model,"1,3,6,2,5,4"
2325,Fine-Tuned Model,"3,5,1,2,4,6"
2326,Fine-Tuned Model,"5,3,2,6,1,4"
2327,Fine-Tuned Model,
2328,Fine-Tuned Model,"1,2,3,4,5,6"
2329,Fine-Tuned Model,"2,6,3,5,4,1"
2330,Fine-Tuned Model,"5,2,3,6,4,1"
2331,Fine-Tuned Model,"2,6,1,5,4,3"
2332,Fine-Tuned Model,"1,3,2,4,3,2"
2333,Fine-Tuned Model,
2334,Fine-Tuned Model,"1,5,2,6,3,4"
2335,Fine-Tuned Model,"1,3,2,5,3,2"
2336,Fine-Tuned Model,
2337,Fine-Tuned Model,6
2338,Fine-Tuned Model,"4,3,2,6,5,1"
2339,Fine-Tuned Model,"5,3,1,4,2,6"
2340,Fine-Tuned Model,"1,5,2,3,3,1"
2341,Fine-Tuned Model,"2,4,5,1,3,6"
2342,Fine-Tuned Model,"1,6,2"
2343,Fine-Tuned Model,
2344,Fine-Tuned Model,"3,6,4,1,2,5"
2345,Fine-Tuned Model,
2346,Fine-Tuned Model,"6,3,1,5,2,4"
2347,Fine-Tuned Model,"3,2,5,6,1,4"
2348,Fine-Tuned Model,"6,1,6,5,1,6"
2349,Fine-Tuned Model,"3,4,2,6,1,5"
2350,Fine-Tuned Model,"3,2,6,5,1,4"
2351,Fine-Tuned Model,
2352,Fine-Tuned Model,
2353,Fine-Tuned Model,"3,6,2,5,4,1"
2354,Fine-Tuned Model,"5,3,2,4,6,1"
2355,Fine-Tuned Model,"4,3,2,5,2,6"
2356,Fine-Tuned Model,
2357,Fine-Tuned Model,"3,2,6,5,1,4"
2358,Fine-Tuned Model,"6,1,6"
2359,Fine-Tuned Model,"3,4,1,6,2,5"
2360,Fine-Tuned Model,"1,2,5,3,6,4"
2361,Fine-Tuned Model,
2362,Fine-Tuned Model,"2,5,6,1,3,4"
2363,Fine-Tuned Model,"3,6,2,4,6,1"
2364,Fine-Tuned Model,"3,5,1,2,6"
2365,Fine-Tuned Model,"4,3,5,2"
2366,Fine-Tuned Model,"3,5,2,6,4,1"
2367,Fine-Tuned Model,"1,1,6,1,1"
2368,Fine-Tuned Model,"4,6,3,5,2,1"
2369,Fine-Tuned Model,"2,5,3,6,1,4"
2370,Fine-Tuned Model,"6,2,5,4,3"
2371,Fine-Tuned Model,"4,2,5,1,3,6"
2372,Fine-Tuned Model,
2373,Fine-Tuned Model,"4,1,3,5,2,6"
2374,Fine-Tuned Model,
2375,Fine-Tuned Model,
2376,Fine-Tuned Model,"5,2,6,1,3,4"
2377,Fine-Tuned Model,
2378,Fine-Tuned Model,
2379,Fine-Tuned Model,
2380,Fine-Tuned Model,"1,3,2,1,3,6"
2381,Fine-Tuned Model,
2382,Fine-Tuned Model,"4,1,3,5,2,6"
2383,Fine-Tuned Model,"1,2,3,4,5"
2384,Fine-Tuned Model,"3,2,5,3,5,1"
2385,Fine-Tuned Model,"3,5,1,6,2,4"
2386,Fine-Tuned Model,"2,5,4,1,3,6"
2387,Fine-Tuned Model,"6,1,6,2,5,6"
2388,Fine-Tuned Model,"1,2,6,4,5,3"
2389,Fine-Tuned Model,"4,2,5,1,3,6"
2390,Fine-Tuned Model,
2391,Fine-Tuned Model,
2392,Fine-Tuned Model,"4,3,5,2,6,1"
2393,Fine-Tuned Model,"3,5,4,2,6,1"
2394,Fine-Tuned Model,"1,3,2,5,6,4"
2395,Fine-Tuned Model,"3,6,2,5,1,4"
2396,Fine-Tuned Model,"3,6,5,2,1,4"
2397,Fine-Tuned Model,"4,3,6,2,5,1"
2398,Fine-Tuned Model,"1,2,3,4,5,6"
2399,Fine-Tuned Model,"6,1,6,5,3,2"
2400,Fine-Tuned Model,"1,6"
2401,Fine-Tuned Model,1
2402,Fine-Tuned Model,
2403,Fine-Tuned Model,
2404,Fine-Tuned Model,"1,5,2,3,3,2"
2405,Fine-Tuned Model,"1,2,3,4,5,6"
2406,Fine-Tuned Model,"1,6,1,6,1,6"
2407,Fine-Tuned Model,"2,4,5,3,2,6"
2408,Fine-Tuned Model,"6,2,4,3,6,1"
2409,Fine-Tuned Model,
2410,Fine-Tuned Model,
2411,Fine-Tuned Model,
2412,Fine-Tuned Model,"1,6,1,6,1,6"
2413,Fine-Tuned Model,"4,2,6,5,1,3"
2414,Fine-Tuned Model,"1,2,3,4,5,6"
2415,Fine-Tuned Model,
2416,Fine-Tuned Model,"4,6,2,5,3,1"
2417,Fine-Tuned Model,
2418,Fine-Tuned Model,
2419,Fine-Tuned Model,6
2420,Fine-Tuned Model,"4,3,5,2,6,1"
2421,Fine-Tuned Model,
2422,Fine-Tuned Model,
2423,Fine-Tuned Model,"2,5,3,6,1,4"
2424,Fine-Tuned Model,
2425,Fine-Tuned Model,"3,2,6,5,4,1"
2426,Fine-Tuned Model,"5,3,2,6,1,4"
2427,Fine-Tuned Model,"1,6,6,1,2,3"
2428,Fine-Tuned Model,
2429,Fine-Tuned Model,
2430,Fine-Tuned Model,"5,2,6,1,3"
2431,Fine-Tuned Model,"5,3,2,6,4,1"
2432,Fine-Tuned Model,
2433,Fine-Tuned Model,
2434,Fine-Tuned Model,"2,6,5,3,1,4"
2435,Fine-Tuned Model,
2436,Fine-Tuned Model,
2437,Fine-Tuned Model,"4,2,5,1,3,6"
2438,Fine-Tuned Model,1
2439,Fine-Tuned Model,"4,1,6,3,2,5"
2440,Fine-Tuned Model,"5,3,2,6,1,4"
2441,Fine-Tuned Model,
2442,Fine-Tuned Model,
2443,Fine-Tuned Model,"1,2,5,1,3,4"
2444,Fine-Tuned Model,
2445,Fine-Tuned Model,"4,3,2,6,1,5"
2446,Fine-Tuned Model,"3,6,1,5,2,4"
2447,Fine-Tuned Model,"3,6,2,5,4,1"
2448,Fine-Tuned Model,"5,1,3,4,2,6"
2449,Fine-Tuned Model,"4,2,6,3,5,1"
2450,Fine-Tuned Model,"2,6,4,5,3,1"
2451,Fine-Tuned Model,6
2452,Fine-Tuned Model,
2453,Fine-Tuned Model,
2454,Fine-Tuned Model,"1,3,5,2,4,6"
2455,Fine-Tuned Model,
2456,Fine-Tuned Model,"3,6,2,5,4,1"
2457,Fine-Tuned Model,"6,1,6"
2458,Fine-Tuned Model,
2459,Fine-Tuned Model,"5,3,6,2,1,4"
2460,Fine-Tuned Model,"3,6,2,5,1,4"
2461,Fine-Tuned Model,"6,6,6"
2462,Fine-Tuned Model,"3,6,2,5,4,1"
2463,Fine-Tuned Model,
2464,Fine-Tuned Model,"4,2,6,1,5,3"
2465,Fine-Tuned Model,"2,6,1,3,5,4"
2466,Fine-Tuned Model,
2467,Fine-Tuned Model,"6,1,6"
2468,Fine-Tuned Model,
2469,Fine-Tuned Model,"5,3,2,6,1,4"
2470,Fine-Tuned Model,
2471,Fine-Tuned Model,
2472,Fine-Tuned Model,"3,2,6,5,4,1"
2473,Fine-Tuned Model,"3,5,2,6,4"
2474,Fine-Tuned Model,"4,2,6,1,3,5"
2475,Fine-Tuned Model,
2476,Fine-Tuned Model,"1,6,2,3,4,5"
2477,Fine-Tuned Model,"4,2,3,5,6,1"
2478,Fine-Tuned Model,"1,5,2,3,3,2"
2479,Fine-Tuned Model,"2,6,3,5,4,1"
2480,Fine-Tuned Model,"6,6,6,6,6,6"
2481,Fine-Tuned Model,"4,2,3,6,5,1"
2482,Fine-Tuned Model,"1,2,4,5,6,3"
2483,Fine-Tuned Model,"4,2,3,6,5,1"
2484,Fine-Tuned Model,"2,5,3,1,6,4"
2485,Fine-Tuned Model,"5,2,6,3,1,4"
2486,Fine-Tuned Model,"1,2,3,4,5,6"
2487,Fine-Tuned Model,"1,6"
2488,Fine-Tuned Model,"5,2,6,3,4,1"
2489,Fine-Tuned Model,"3,4,2,6,3,5"
2490,Fine-Tuned Model,6
2491,Fine-Tuned Model,"5,3,2,6,4,1"
2492,Fine-Tuned Model,"2,5,1,6,3,4"
2493,Fine-Tuned Model,"4,1,6,3,2,5"
2494,Fine-Tuned Model,
2495,Fine-Tuned Model,"2,5,1,3,6,4"
2496,Fine-Tuned Model,"3,6,2,5,1,4"
2497,Fine-Tuned Model,"4,3,5,6,2,1"
2498,Fine-Tuned Model,"1,6,6"
2499,Fine-Tuned Model,"1,2,3,4"
2500,Fine-Tuned Model,"2,6,1,5,3,4"
2501,Fine-Tuned Model,"2,6,3,1,4,5"
2502,Fine-Tuned Model,"2,5,4,1,3,6"
2503,Fine-Tuned Model,"2,5,3,6,4,1"
2504,Fine-Tuned Model,"4,2,6,3,5,1"
2505,Fine-Tuned Model,"6,1"
2506,Fine-Tuned Model,"1,5,2,6,4,3"
2507,Fine-Tuned Model,
2508,Fine-Tuned Model,
2509,Fine-Tuned Model,"3,6,1,4,5,2"
2510,Fine-Tuned Model,
2511,Fine-Tuned Model,"6,4,2,5,3"
2512,Fine-Tuned Model,"1,4,2,5,6,3"
2513,Fine-Tuned Model,"1,4,2,3,3,5"
2514,Fine-Tuned Model,"1,5,2,2,3,6"
2515,Fine-Tuned Model,
2516,Fine-Tuned Model,
2517,Fine-Tuned Model,"2,4,3,6,1,5"
2518,Fine-Tuned Model,"1,4,2,6,3,5"
2519,Fine-Tuned Model,"3,1,6,4,5,2"
2520,Fine-Tuned Model,"2,6,1,4,5,3"
2521,Fine-Tuned Model,"1,3,5,2,6,4"
2522,Fine-Tuned Model,"3,2,5,1,4,6"
2523,Fine-Tuned Model,"2,3,5,4,1,6"
2524,Fine-Tuned Model,"4,2,6,5,1,3"
2525,Fine-Tuned Model,
2526,Fine-Tuned Model,"1,6,6,1"
2527,Fine-Tuned Model,"1,6,6,4,2,6"
2528,Fine-Tuned Model,"4,2,5,6,3,1"
2529,Fine-Tuned Model,"4,2,6,1,3,5"
2530,Fine-Tuned Model,"6,1,6,2,2,3"
2531,Fine-Tuned Model,"1,3,2,4,3,5"
2532,Fine-Tuned Model,"5,2,6,1,4,3"
2533,Fine-Tuned Model,"3,2,6,4,3,5"
2534,Fine-Tuned Model,
2535,Fine-Tuned Model,"1,1,1"
2536,Fine-Tuned Model,"2,5,1,3,6,4"
2537,Fine-Tuned Model,"4,3,6,2,5,1"
2538,Fine-Tuned Model,
2539,Fine-Tuned Model,"3,5,2,6,1,4"
2540,Fine-Tuned Model,"3,6,1,4,5,2"
2541,Fine-Tuned Model,"3,6,1,2,4,5"
2542,Fine-Tuned Model,
2543,Fine-Tuned Model,"2,5,1,6,3"
2544,Fine-Tuned Model,
2545,Fine-Tuned Model,"1,5,2,6,1,4"
2546,Fine-Tuned Model,"2,5,3,4,1,6"
2547,Fine-Tuned Model,"3,4,5,6,2,1"
2548,Fine-Tuned Model,"3,6,2,4,1,5"
2549,Fine-Tuned Model,"2,5,3,1,6,4"
2550,Fine-Tuned Model,"4,2,5,6,1,3"
2551,Fine-Tuned Model,"4,6,2,1,5,3"
2552,Fine-Tuned Model,"5,3,2,6,4,1"
2553,Fine-Tuned Model,
2554,Fine-Tuned Model,
2555,Fine-Tuned Model,"3,6,2,5,4,1"
2556,Fine-Tuned Model,"1,5,2,3,6,4"
2557,Fine-Tuned Model,"3,6,2,5,1,4"
2558,Fine-Tuned Model,"4,2,3,5,1,6"
2559,Fine-Tuned Model,"1,6,1,6,1,6"
2560,Fine-Tuned Model,"5,3,2,6,1,4"
2561,Fine-Tuned Model,"3,6"
2562,Fine-Tuned Model,"5,4,2"
2563,Fine-Tuned Model,"3,6,2,5,1,4"
2564,Fine-Tuned Model,"5,2,6,3,1,4"
2565,Fine-Tuned Model,"5,2,6,3,1,4"
2566,Fine-Tuned Model,"2,4,6,3,5,1"
2567,Fine-Tuned Model,"2,5,6,3,1,4"
2568,Fine-Tuned Model,"1,3,6,2,5,4"
2569,Fine-Tuned Model,"2,3,1,6,3,4"
2570,Fine-Tuned Model,"2,5,3,6,2,4"
2571,Fine-Tuned Model,"1,2,6,3,5,1"
2572,Fine-Tuned Model,
2573,Fine-Tuned Model,"1,2,3,4,5,6"
2574,Fine-Tuned Model,"4,2,5,1,3,6"
2575,Fine-Tuned Model,
2576,Fine-Tuned Model,"5,3,2,6,4,1"
2577,Fine-Tuned Model,"1,2,5,4,3,6"
2578,Fine-Tuned Model,"3,6,2,5,4,1"
2579,Fine-Tuned Model,
2580,Fine-Tuned Model,"4,3,6,2,5,1"
2581,Fine-Tuned Model,"3,5,4,2,6,1"
2582,Fine-Tuned Model,"4,3,6,1,2,5"
2583,Fine-Tuned Model,"6,3,2,6,4,5"
2584,Fine-Tuned Model,"2,5,4,1,6,3"
2585,Fine-Tuned Model,"1,6,6"
2586,Fine-Tuned Model,
2587,Fine-Tuned Model,"1,2,3,4,5,6"
2588,Fine-Tuned Model,"6,3,2,5,1,4"
2589,Fine-Tuned Model,
2590,Fine-Tuned Model,"6,1,6"
2591,Fine-Tuned Model,"4,2,6,3,1,5"
2592,Fine-Tuned Model,
2593,Fine-Tuned Model,"4,3,6,2,5"
2594,Fine-Tuned Model,
2595,Fine-Tuned Model,"1,3,5,2,4,6"
2596,Fine-Tuned Model,"4,5,3,1"
2597,Fine-Tuned Model,"3,2,6,5,4,1"
2598,Fine-Tuned Model,
2599,Fine-Tuned Model,"3,2,6,5,4,1"
2600,Fine-Tuned Model,"2,6,4,1,5,3"
2601,Fine-Tuned Model,"1,3,2,5,4,6"
2602,Fine-Tuned Model,"2,5,3,4,1,6"
2603,Fine-Tuned Model,"2,4,5,6,1,3"
2604,Fine-Tuned Model,"6,3,5,2,4,1"
2605,Fine-Tuned Model,"1,2,4,5,3,6"
2606,Fine-Tuned Model,"2,5,6,3,1,4"
2607,Fine-Tuned Model,"3,5,6,2,1,4"
2608,Fine-Tuned Model,"4,2,5,1,6,3"
2609,Fine-Tuned Model,2
2610,Fine-Tuned Model,"4,2,3,6,5,1"
2611,Fine-Tuned Model,"1,2,3,4,5,6"
2612,Fine-Tuned Model,"6,5,2,3,6,1"
2613,Fine-Tuned Model,"4,2,6,3,1,5"
2614,Fine-Tuned Model,"2,4,3,6,5,1"
2615,Fine-Tuned Model,"1,6"
2616,Fine-Tuned Model,"5,2,6,3,1,4"
2617,Fine-Tuned Model,1
2618,Fine-Tuned Model,"3,6,2,5,4,1"
2619,Fine-Tuned Model,"1,2,4,3,6,1"
2620,Fine-Tuned Model,"4,2,6,5,1,3"
2621,Fine-Tuned Model,"1,5,2,4,6,3"
2622,Fine-Tuned Model,"4,2,6,5,1,3"
2623,Fine-Tuned Model,"5,3,2,4,1,6"
2624,Fine-Tuned Model,
2625,Fine-Tuned Model,"2,5,3,6,1,4"
2626,Fine-Tuned Model,"4,2,6,1,3,5"
2627,Fine-Tuned Model,"1,3,5,2,4,6"
2628,Fine-Tuned Model,"2,4,6,2,5,3"
2629,Fine-Tuned Model,
2630,Fine-Tuned Model,
2631,Fine-Tuned Model,
2632,Fine-Tuned Model,
2633,Fine-Tuned Model,"1,2,4,5,2,6"
2634,Fine-Tuned Model,
2635,Fine-Tuned Model,"5,2,3,6,1,4"
2636,Fine-Tuned Model,"5,2,4,6,1,3"
2637,Fine-Tuned Model,"2,5,1,4,6,3"
2638,Fine-Tuned Model,"5,2,6,4,1,3"
2639,Fine-Tuned Model,"6,1,3,5,4,2"
2640,Fine-Tuned Model,"1,4,2,6,3,1"
2641,Fine-Tuned Model,"5,3,2,6,5,1"
2642,Fine-Tuned Model,"3,6,1,5,4,2"
2643,Fine-Tuned Model,"1,2,3,4,5,6"
2644,Fine-Tuned Model,"2,5,1,4,3,6"
2645,Fine-Tuned Model,
2646,Fine-Tuned Model,"6,3,4,2,5,1"
2647,Fine-Tuned Model,"1,3,6,2,5,4"
2648,Fine-Tuned Model,"1,3,2,6,5,4"
2649,Fine-Tuned Model,
2650,Fine-Tuned Model,"1,6,6"
2651,Fine-Tuned Model,"2,4,1,3,2,5"
2652,Fine-Tuned Model,"5,3,6,2,4,1"
2653,Fine-Tuned Model,"1,1,6,2"
2654,Fine-Tuned Model,
2655,Fine-Tuned Model,"2,5,3,6,1,4"
2656,Fine-Tuned Model,"4,2,5,3,6,1"
2657,Fine-Tuned Model,"1,2,3,4,5,6"
2658,Fine-Tuned Model,"2,6,3,2,5,1"
2659,Fine-Tuned Model,"5,2,4"
2660,Fine-Tuned Model,"1,6,6"
2661,Fine-Tuned Model,"3,2,6,5,4,1"
2662,Fine-Tuned Model,
2663,Fine-Tuned Model,
2664,Fine-Tuned Model,"1,2,3,6,3,1"
2665,Fine-Tuned Model,"1,3,4,2,6,5"
2666,Fine-Tuned Model,
2667,Fine-Tuned Model,"4,6,2,5,3,1"
2668,Fine-Tuned Model,"3,2,4,1,6,3"
2669,Fine-Tuned Model,"1,4,2,6,3,5"
2670,Fine-Tuned Model,"3,4,5,2,6,1"
2671,Fine-Tuned Model,"4,3,2,6,5,1"
2672,Fine-Tuned Model,"2,5,3,6,4,1"
2673,Fine-Tuned Model,
2674,Fine-Tuned Model,"1,6,6"
2675,Fine-Tuned Model,"3,6,4,2,5,1"
2676,Fine-Tuned Model,
2677,Fine-Tuned Model,"1,4,3,6,2,5"
2678,Fine-Tuned Model,"1,4,2,5,6,3"
2679,Fine-Tuned Model,"1,3,5,2,6,4"
2680,Fine-Tuned Model,"2,6,3,1,5,4"
2681,Fine-Tuned Model,"5,2,4,3,1,6"
2682,Fine-Tuned Model,
2683,Fine-Tuned Model,"3,4,6,2,3,5"
2684,Fine-Tuned Model,
2685,Fine-Tuned Model,"1,3,6,5,2,4"
2686,Fine-Tuned Model,"6,6,1,6"
2687,Fine-Tuned Model,"4,2,6,5,3,1"
2688,Fine-Tuned Model,"4,2,5,1,6,3"
2689,Fine-Tuned Model,"1,3,2,4,6,5"
2690,Fine-Tuned Model,"3,2,4,3,1,6"
2691,Fine-Tuned Model,"1,6,3,4,2,5"
2692,Fine-Tuned Model,
2693,Fine-Tuned Model,"1,4,2,5,6,3"
2694,Fine-Tuned Model,"2,5,4,3,6,1"
2695,Fine-Tuned Model,"3,6,2,4,5,1"
2696,Fine-Tuned Model,
2697,Fine-Tuned Model,"6,1,6,1,6,1"
2698,Fine-Tuned Model,"4,2,6,3,5,1"
2699,Fine-Tuned Model,
2700,Fine-Tuned Model,
2701,Fine-Tuned Model,"3,5,2,6,1,4"
2702,Fine-Tuned Model,"4,2,1,6"
2703,Fine-Tuned Model,
2704,Fine-Tuned Model,"1,2,6"
2705,Fine-Tuned Model,"5,3,1,2,4,6"
2706,Fine-Tuned Model,"3,6,1,4,2,5"
2707,Fine-Tuned Model,6
2708,Fine-Tuned Model,"2,4,6,3,5,1"
2709,Fine-Tuned Model,"2,5,3,6,1,4"
2710,Fine-Tuned Model,"3,6,1,5,2,4"
2711,Fine-Tuned Model,"2,4,6,1,3,5"
2712,Fine-Tuned Model,
2713,Fine-Tuned Model,"4,6"
2714,Fine-Tuned Model,"3,6,1,4,2,5"
2715,Fine-Tuned Model,"4,2,6,3,1,5"
2716,Fine-Tuned Model,"5,2,6,4,1,3"
2717,Fine-Tuned Model,"4,2,6,1,5,3"
2718,Fine-Tuned Model,"4,2,6,1,5,3"
2719,Fine-Tuned Model,"6,1,1,4,5"
2720,Fine-Tuned Model,6
2721,Fine-Tuned Model,
2722,Fine-Tuned Model,"4,2,6,1,5,3"
2723,Fine-Tuned Model,"3,6,2,5,1,4"
2724,Fine-Tuned Model,"1,2,4,5,3,6"
2725,Fine-Tuned Model,
2726,Fine-Tuned Model,"3,1,5,2,6,4"
2727,Fine-Tuned Model,"3,1,6,2,5,4"
2728,Fine-Tuned Model,"3,2,6,5,4,1"
2729,Fine-Tuned Model,"1,6"
2730,Fine-Tuned Model,"5,2,6,3,1,4"
2731,Fine-Tuned Model,"2,4,1,3,6,5"
2732,Fine-Tuned Model,"3,1,6,4,2"
2733,Fine-Tuned Model,
2734,Fine-Tuned Model,
2735,Fine-Tuned Model,"1,6,1,6,1,6"
2736,Fine-Tuned Model,"2,5,3,6,4,1"
2737,Fine-Tuned Model,"1,4,2,5,6,3"
2738,Fine-Tuned Model,"2,5,4,6,3,1"
2739,Fine-Tuned Model,
2740,Fine-Tuned Model,"3,1,4,3"
2741,Fine-Tuned Model,"1,4,2,6,5,3"
2742,Fine-Tuned Model,"4,6,3,2,5,1"
2743,Fine-Tuned Model,"1,6,6"
2744,Fine-Tuned Model,"3,6,1,4,5,2"
2745,Fine-Tuned Model,
2746,Fine-Tuned Model,"5,2,4,3,6,1"
2747,Fine-Tuned Model,"1,4,2,6,3"
2748,Fine-Tuned Model,"4,3,6,2,5,1"
2749,Fine-Tuned Model,"1,3,5,4,2,6"
2750,Fine-Tuned Model,"3,4,2,6,5,1"
2751,Fine-Tuned Model,"6,1,2,3,5,1"
2752,Fine-Tuned Model,"6,1,6"
2753,Fine-Tuned Model,"3,6,2,5,1,4"
2754,Fine-Tuned Model,"2,4,3,6,5,1"
2755,Fine-Tuned Model,"2,4,6,1,3,5"
2756,Fine-Tuned Model,"3,6,2,1,5,4"
2757,Fine-Tuned Model,"4,2,6,3,1,5"
2758,Fine-Tuned Model,"1,2,3,4,5,6"
2759,Fine-Tuned Model,
2760,Fine-Tuned Model,"1,6,2,3,5,4"
2761,Fine-Tuned Model,
2762,Fine-Tuned Model,"5,2,3,1,6,4"
2763,Fine-Tuned Model,"1,6,2,6,3,6"
2764,Fine-Tuned Model,
2765,Fine-Tuned Model,
2766,Fine-Tuned Model,"3,5,2,6,4,1"
2767,Fine-Tuned Model,
2768,Fine-Tuned Model,"5,4,3,2,1,6"
2769,Fine-Tuned Model,"5,2,4,1,3,6"
2770,Fine-Tuned Model,
2771,Fine-Tuned Model,"3,6,2,4,5,1"
2772,Fine-Tuned Model,"4,1,2,6,5,3"
2773,Fine-Tuned Model,"5,2,1,6,4,3"
2774,Fine-Tuned Model,"5,2,3,6,4,1"
2775,Fine-Tuned Model,"3,2,6,4,1,5"
2776,Fine-Tuned Model,"3,5,1,2,4,6"
2777,Fine-Tuned Model,"2,5,6,3,1,4"
2778,Fine-Tuned Model,"3,6,2,5,4,1"
2779,Fine-Tuned Model,"1,5,2,6,4,3"
2780,Fine-Tuned Model,"4,2,6,1,5,3"
2781,Fine-Tuned Model,"4,3,6,2,5,1"
2782,Fine-Tuned Model,
2783,Fine-Tuned Model,"3,1,2,6,3,5"
2784,Fine-Tuned Model,"1,3,2,5,6,4"
2785,Fine-Tuned Model,"5,2,6,4,1,3"
2786,Fine-Tuned Model,
2787,Fine-Tuned Model,"3,5,2,6,1,4"
2788,Fine-Tuned Model,"2,5,1,6,3,4"
2789,Fine-Tuned Model,
2790,Fine-Tuned Model,"1,3,5,4,6,2"
2791,Fine-Tuned Model,"3,1,4,2,5,6"
2792,Fine-Tuned Model,"3,6,1,5,4,2"
2793,Fine-Tuned Model,"1,2,3,4,5"
2794,Fine-Tuned Model,"3,2,6,5,1,4"
2795,Fine-Tuned Model,"1,6,6,6,1,6"
2796,Fine-Tuned Model,"6,1,6"
2797,Fine-Tuned Model,"3,1,4,5,2,3"
2798,Fine-Tuned Model,"3,2,5,6,4,1"
2799,Fine-Tuned Model,"6,3"
2800,Fine-Tuned Model,
2801,Fine-Tuned Model,"4,1,5,3,6,2"
2802,Fine-Tuned Model,"4,3,2,5,1,6"
2803,Fine-Tuned Model,"1,2,3,5,2,4"
2804,Fine-Tuned Model,"4,2,5,6,1,3"
2805,Fine-Tuned Model,"1,2,3,4,5,6"
2806,Fine-Tuned Model,"4,6,3,5,2,3"
2807,Fine-Tuned Model,"4,2,6,3,5,1"
2808,Fine-Tuned Model,
2809,Fine-Tuned Model,"4,2,6,3,5,1"
2810,Fine-Tuned Model,"4,2,6,3,5,1"
2811,Fine-Tuned Model,"3,6,2,5,1,4"
2812,Fine-Tuned Model,"3,6,1,2,4,5"
2813,Fine-Tuned Model,"4,3,6,2,1,5"
2814,Fine-Tuned Model,"3,5,2,6,1,4"
2815,Fine-Tuned Model,"1,3,2,4,6,5"
2816,Fine-Tuned Model,"3,4,6,2,5,1"
2817,Fine-Tuned Model,"4,2,6,1,5,3"
2818,Fine-Tuned Model,
2819,Fine-Tuned Model,
2820,Fine-Tuned Model,"1,4,3,5,2,6"
2821,Fine-Tuned Model,"2,5,1,6,3,2"
2822,Fine-Tuned Model,"4,3,2,5,1,6"
2823,Fine-Tuned Model,6
2824,Fine-Tuned Model,"3,1,2,6,5,4"
2825,Fine-Tuned Model,6
2826,Fine-Tuned Model,"3,2,6,4,5,1"
2827,Fine-Tuned Model,"3,6,1,2,5,4"
2828,Fine-Tuned Model,"1,1"
2829,Fine-Tuned Model,"3,2,6,5,1,4"
2830,Fine-Tuned Model,"3,2,6,4,5,1"
2831,Fine-Tuned Model,"2,5,1,3,4,6"
2832,Fine-Tuned Model,"3,2,6,5,4,1"
2833,Fine-Tuned Model,"2,4,6,5,1,3"
2834,Fine-Tuned Model,"5,1,3,6,2,4"
2835,Fine-Tuned Model,"1,6"
2836,Fine-Tuned Model,"2,4,6,3,1,5"
2837,Fine-Tuned Model,"4,2,5,1,6,3"
2838,Fine-Tuned Model,"3,6,2,5,4,1"
2839,Fine-Tuned Model,"1,2,3,2,5,1"
2840,Fine-Tuned Model,"3,2,6,5,4,1"
2841,Fine-Tuned Model,"5,3,1,2,6,4"
2842,Fine-Tuned Model,"6,1,6"
2843,Fine-Tuned Model,"2,5,4,6,1,3"
2844,Fine-Tuned Model,
2845,Fine-Tuned Model,"2,4,3,6,1,5"
2846,Fine-Tuned Model,"2,4,1,6,3,5"
2847,Fine-Tuned Model,"5,3,2,6,1,4"
2848,Fine-Tuned Model,"3,5,2,6,4,1"
2849,Fine-Tuned Model,"1,3,2,5,2,4"
2850,Fine-Tuned Model,"5,3,6,2,1,4"
2851,Fine-Tuned Model,"5,2,4,1,3,6"
2852,Fine-Tuned Model,"1,4,2,3,6,5"
2853,Fine-Tuned Model,2
2854,Fine-Tuned Model,"4,1,6,5,3,2"
2855,Fine-Tuned Model,"1,6,1,6"
2856,Fine-Tuned Model,"2,6,4,1,3,5"
2857,Fine-Tuned Model,"4,2,6,1,3,5"
2858,Fine-Tuned Model,"1,2,4,6,3,5"
2859,Fine-Tuned Model,
2860,Fine-Tuned Model,
2861,Fine-Tuned Model,"2,4,1,5,3,6"
2862,Fine-Tuned Model,"1,6,2,5,6,3"
2863,Fine-Tuned Model,"3,5,1,6,2,4"
2864,Fine-Tuned Model,"1,2,3,4,5,6"
2865,Fine-Tuned Model,"4,2,6,1,3,5"
2866,Fine-Tuned Model,"5,2,6,3,1,4"
2867,Fine-Tuned Model,"4,2,5,6,3,1"
2868,Fine-Tuned Model,
2869,Fine-Tuned Model,
2870,Fine-Tuned Model,"3,5,2,4,6,1"
2871,Fine-Tuned Model,"1,3,2,6,5,1"
2872,Fine-Tuned Model,"3,6,2,5,4,1"
2873,Fine-Tuned Model,"4,2,5,3,6,1"
2874,Fine-Tuned Model,"1,5,2,4,3,1"
2875,Fine-Tuned Model,"3,5,2,6,1,4"
2876,Fine-Tuned Model,"5,3,6,2,4,1"
2877,Fine-Tuned Model,"3,6,2,5,1,4"
2878,Fine-Tuned Model,"5,2,6,3,4,1"
2879,Fine-Tuned Model,1
2880,Fine-Tuned Model,
2881,Fine-Tuned Model,"5,3,2,6,1,4"
2882,Fine-Tuned Model,"5,3,1,6,4,2"
2883,Fine-Tuned Model,"2,5,1,3,6,4"
2884,Fine-Tuned Model,"1,4,2,6,5,3"
2885,Fine-Tuned Model,"1,2,3,4,5,6"
2886,Fine-Tuned Model,"3,2,5,6,1,4"
2887,Fine-Tuned Model,"2,5,3,6,1,4"
2888,Fine-Tuned Model,4
2889,Fine-Tuned Model,"2,5,4,6,1,3"
2890,Fine-Tuned Model,
2891,Fine-Tuned Model,"3,6,2,5,4,1"
2892,Fine-Tuned Model,"5,3,6,2,1,4"
2893,Fine-Tuned Model,"3,4,1,6,3,5"
2894,Fine-Tuned Model,"3,6,2,5,1,4"
2895,Fine-Tuned Model,
2896,Fine-Tuned Model,"1,2,3,4,2,6"
2897,Fine-Tuned Model,"2,5,6,1,3,5"
2898,Fine-Tuned Model,"3,6,2,4,5,1"
2899,Fine-Tuned Model,"5,2,6,1,4,3"
2900,Fine-Tuned Model,
2901,Fine-Tuned Model,"1,2,4,3,5,1"
2902,Fine-Tuned Model,"5,4,2,6,3,1"
2903,Fine-Tuned Model,"1,4,2,6,3,5"
2904,Fine-Tuned Model,"6,1,6,1"
2905,Fine-Tuned Model,"2,4,1,3,6,2"
2906,Fine-Tuned Model,"4,3,6,1,2,5"
2907,Fine-Tuned Model,"1,2,5,3,6,4"
2908,Fine-Tuned Model,"1,1,2,3,3,6"
2909,Fine-Tuned Model,
2910,Fine-Tuned Model,
2911,Fine-Tuned Model,"6,1,6,4,2"
2912,Fine-Tuned Model,"2,6,5,3,4,1"
2913,Fine-Tuned Model,"3,6,2,5,1,4"
2914,Fine-Tuned Model,
2915,Fine-Tuned Model,"5,2,6,3,4,1"
2916,Fine-Tuned Model,5
2917,Fine-Tuned Model,"4,6,2,5,1,3"
2918,Fine-Tuned Model,
2919,Fine-Tuned Model,"2,4,1,6,3,5"
2920,Fine-Tuned Model,
2921,Fine-Tuned Model,
2922,Fine-Tuned Model,"3,5,1,2,4,6"
2923,Fine-Tuned Model,
2924,Fine-Tuned Model,"6,1,6"
2925,Fine-Tuned Model,"3,2,6,5,1,4"
2926,Fine-Tuned Model,"3,1,6,2,5,4"
2927,Fine-Tuned Model,"1,2,3,4,5,6"
2928,Fine-Tuned Model,"1,3,6,2,4,5"
2929,Fine-Tuned Model,"4,2,6,3,5,1"
2930,Fine-Tuned Model,"3,5,1,6,3,2"
2931,Fine-Tuned Model,"3,5,2,6,1,4"
2932,Fine-Tuned Model,"1,2,3,4,5,6"
2933,Fine-Tuned Model,6
2934,Fine-Tuned Model,"2,4,3,5,1,6"
2935,Fine-Tuned Model,
2936,Fine-Tuned Model,"4,3,1,5,6,2"
2937,Fine-Tuned Model,"1,6,2,4,5,3"
2938,Fine-Tuned Model,"3,5,2,6,4,1"
2939,Fine-Tuned Model,"1,2,3,4,5,6"
2940,Fine-Tuned Model,"1,3,2,4,5,6"
2941,Fine-Tuned Model,"4,2,6,3,5,1"
2942,Fine-Tuned Model,"2,4,3,6,5,1"
2943,Fine-Tuned Model,
2944,Fine-Tuned Model,6
2945,Fine-Tuned Model,"2,4,6,1,3,5"
2946,Fine-Tuned Model,"2,6,3,5,1,4"
2947,Fine-Tuned Model,"3,1,5,3,4,2"
2948,Fine-Tuned Model,"5,4,1,6,2,3"
2949,Fine-Tuned Model,"2,4,3,5,2,1"
2950,Fine-Tuned Model,"3,6,2,5,1,4"
2951,Fine-Tuned Model,
2952,Fine-Tuned Model,"6,1,6"
2953,Fine-Tuned Model,"1,2,3,4,5,6"
2954,Fine-Tuned Model,
2955,Fine-Tuned Model,"3,2,6,5,1,4"
2956,Fine-Tuned Model,"4,2,3,5,1,6"
2957,Fine-Tuned Model,
2958,Fine-Tuned Model,"5,3,1,4,2,6"
2959,Fine-Tuned Model,"2,5,4,3,6,1"
2960,Fine-Tuned Model,
2961,Fine-Tuned Model,"2,4,5,3,1,6"
2962,Fine-Tuned Model,"4,2,6,5,1,3"
2963,Fine-Tuned Model,"2,3,6,4,1,5"
2964,Fine-Tuned Model,"3,4,6,2,5,1"
2965,Fine-Tuned Model,
2966,Fine-Tuned Model,"3,1,6,4,2,5"
2967,Fine-Tuned Model,"4,2,6,3,5,1"
2968,Fine-Tuned Model,"1,3,4,2,5,1"
2969,Fine-Tuned Model,"2,4,3,5,1,6"
2970,Fine-Tuned Model,"5,2,1,3,6,4"
2971,Fine-Tuned Model,
2972,Fine-Tuned Model,"5,2,4,1,3,6"
2973,Fine-Tuned Model,"1,4,2,3,5,6"
2974,Fine-Tuned Model,
2975,Fine-Tuned Model,"4,2,6,5,1,3"
2976,Fine-Tuned Model,"2,5,1,4,3,6"
2977,Fine-Tuned Model,
2978,Fine-Tuned Model,
2979,Fine-Tuned Model,"1,6,6"
2980,Fine-Tuned Model,"1,3,6,2,5,4"
2981,Fine-Tuned Model,"1,3,2,5,4,2"
2982,Fine-Tuned Model,"3,1,5,2,4,6"
2983,Fine-Tuned Model,"3,5,2,6,4,1"
2984,Fine-Tuned Model,"2,5,3,1,6,4"
2985,Fine-Tuned Model,"1,3,5,2,4,6"
2986,Fine-Tuned Model,
2987,Fine-Tuned Model,"3,6,2,5,1,4"
2988,Fine-Tuned Model,"1,4,2,6,3,5"
2989,Fine-Tuned Model,"3,6,1,5,2,4"
2990,Fine-Tuned Model,"4,2,6,3,1,5"
2991,Fine-Tuned Model,"6,4,5,1,3,2"
2992,Fine-Tuned Model,"6,2,5,4,1,3"
2993,Fine-Tuned Model,"3,6,4,1,5,2"
2994,Fine-Tuned Model,"1,5,2,4,3,6"
2995,Fine-Tuned Model,"1,5,2,3,4,6"
2996,Fine-Tuned Model,
2997,Fine-Tuned Model,"1,2,3,4,5,6"
2998,Fine-Tuned Model,
2999,Fine-Tuned Model,"4,2,6,3,5,1"
3000,Fine-Tuned Model,"4,2,6,3,5,1"
3001,Fine-Tuned Model,
3002,Fine-Tuned Model,"1,6,1,6,1,6"
3003,Fine-Tuned Model,"1,6,3,6,4,5"
3004,Fine-Tuned Model,
3005,Fine-Tuned Model,"1,6,6"
3006,Fine-Tuned Model,"2,6,4,3,5,1"
3007,Fine-Tuned Model,
3008,Fine-Tuned Model,
3009,Fine-Tuned Model,"2,5,3,4,1,6"
3010,Fine-Tuned Model,"2,5,3,4,1,6"
3011,Fine-Tuned Model,"3,6,2,5,4,1"
3012,Fine-Tuned Model,"3,6,4,2,5,1"
3013,Fine-Tuned Model,"3,6,2,5,4,1"
3014,Fine-Tuned Model,
3015,Fine-Tuned Model,"6,4,3,2,6,5"
3016,Fine-Tuned Model,"6,1,6,6"
3017,Fine-Tuned Model,"6,6"
3018,Fine-Tuned Model,
3019,Fine-Tuned Model,"3,1,2,6,4,5"
3020,Fine-Tuned Model,"3,1,6,4,2,5"
3021,Fine-Tuned Model,"3,5,1,6,2,4"
3022,Fine-Tuned Model,"4,2,5,1,3,6"
3023,Fine-Tuned Model,"1,4,2,3,6,5"
3024,Fine-Tuned Model,"3,6,2,5,1,4"
3025,Fine-Tuned Model,"1,2,3,5,6,2"
3026,Fine-Tuned Model,"2,5,4,3,6,1"
3027,Fine-Tuned Model,"3,6,2,1,4,5"
3028,Fine-Tuned Model,"1,6,6,1,6"
3029,Fine-Tuned Model,"4,3,1,6,2,5"
3030,Fine-Tuned Model,
3031,Fine-Tuned Model,"4,2,5,3,6,1"
3032,Fine-Tuned Model,
3033,Fine-Tuned Model,"1,2,3,4,5,6"
3034,Fine-Tuned Model,"5,3,6,2,4,5"
3035,Fine-Tuned Model,"5,2,6,3,1,4"
3036,Fine-Tuned Model,
3037,Fine-Tuned Model,"4,3,6,2,5,1"
3038,Fine-Tuned Model,
3039,Fine-Tuned Model,"6,2,5,4,3,1"
3040,Fine-Tuned Model,"3,5,6,2,6,4"
3041,Fine-Tuned Model,"5,2,3,4,6,1"
3042,Fine-Tuned Model,
3043,Fine-Tuned Model,"5,2,3,1,6,4"
3044,Fine-Tuned Model,"1,6,1,6,4,2"
3045,Fine-Tuned Model,
3046,Fine-Tuned Model,"1,3,5,6,4,2"
3047,Fine-Tuned Model,"5,3,6,1,4,2"
3048,Fine-Tuned Model,"3,6,1,2,6,5"
3049,Fine-Tuned Model,"4,1,6,3,2,5"
3050,Fine-Tuned Model,"6,3,5,2,4,1"
3051,Fine-Tuned Model,"5,3,2,6,1,4"
3052,Fine-Tuned Model,
3053,Fine-Tuned Model,"2,4,3,3,5"
3054,Fine-Tuned Model,"2,3,1,6,4,5"
3055,Fine-Tuned Model,"3,2,5,1,6,4"
3056,Fine-Tuned Model,"1,4,3,2,5,1"
3057,Fine-Tuned Model,"3,2,4,3,6,1"
3058,Fine-Tuned Model,"5,2,4,1,6,3"
3059,Fine-Tuned Model,"2,4,6,3,5,1"
3060,Fine-Tuned Model,"4,3,2,6,5,1"
3061,Fine-Tuned Model,"2,5,1,4,3,6"
3062,Fine-Tuned Model,"1,6,3,3,1,3"
3063,Fine-Tuned Model,"1,2,6,5,4,3"
3064,Fine-Tuned Model,"5,3,1,6,2,4"
3065,Fine-Tuned Model,"2,5,1,3,6,4"
3066,Fine-Tuned Model,"1,6,1,2,3,4"
3067,Fine-Tuned Model,
3068,Fine-Tuned Model,"1,2,3,6,4,5"
3069,Fine-Tuned Model,"3,5,2,6,4,1"
3070,Fine-Tuned Model,
3071,Fine-Tuned Model,"3,6,2,5,1,4"
3072,Fine-Tuned Model,"2,5,6,3,1,4"
3073,Fine-Tuned Model,"2,5,3,1,6,4"
3074,Fine-Tuned Model,"5,2,1,6,3,4"
3075,Fine-Tuned Model,"3,4,2,6,5,1"
3076,Fine-Tuned Model,"3,2,6,5,1,4"
3077,Fine-Tuned Model,"2,6,4,3,5,1"
3078,Fine-Tuned Model,"5,3,2,6,1,4"
3079,Fine-Tuned Model,"2,6,1,5,3,4"
3080,Fine-Tuned Model,"1,4,3,6,2,5"
3081,Fine-Tuned Model,"1,4,3,6,2,5"
3082,Fine-Tuned Model,
3083,Fine-Tuned Model,"4,3,6,2,5,1"
3084,Fine-Tuned Model,"2,5,6,3,4,1"
3085,Fine-Tuned Model,"4,2,3,6,5,1"
3086,Fine-Tuned Model,"1,5,3,2,6,4"
3087,Fine-Tuned Model,
3088,Fine-Tuned Model,"1,6,6"
3089,Fine-Tuned Model,"3,6,1,4,5,2"
3090,Fine-Tuned Model,"5,2,4,3,1,6"
3091,Fine-Tuned Model,"2,6,4,1,3,5"
3092,Fine-Tuned Model,
3093,Fine-Tuned Model,"6,1,4,2,2,3"
3094,Fine-Tuned Model,"1,4,6,2,5,3"
3095,Fine-Tuned Model,
3096,Fine-Tuned Model,"3,1,6,5,2,4"
3097,Fine-Tuned Model,
3098,Fine-Tuned Model,
3099,Fine-Tuned Model,"1,1,4,3,1,6"
3100,Fine-Tuned Model,"2,4,5,1,3,6"
3101,Fine-Tuned Model,"4,5,1,6,2"
3102,Fine-Tuned Model,"2,5,3,6,4,1"
3103,Fine-Tuned Model,"4,3,6,2,5,1"
3104,Fine-Tuned Model,"5,2,6,3,1,4"
3105,Fine-Tuned Model,"3,4,2,6,5,1"
3106,Fine-Tuned Model,"3,2,6,5,4,1"
3107,Fine-Tuned Model,
3108,Fine-Tuned Model,"1,6,6"
3109,Fine-Tuned Model,
3110,Fine-Tuned Model,"4,1,5,2,3,6"
3111,Fine-Tuned Model,"5,3,6,2,4,1"
3112,Fine-Tuned Model,"3,2,5,1,6,4"
3113,Fine-Tuned Model,"4,2,4"
3114,Fine-Tuned Model,
3115,Fine-Tuned Model,"4,2,5,6,1,3"
3116,Fine-Tuned Model,"3,6,5,4,2,1"
3117,Fine-Tuned Model,"3,5,1,6,2,4"
3118,Fine-Tuned Model,"3,6,2,5,4,1"
3119,Fine-Tuned Model,"4,2,5,1,3,6"
3120,Fine-Tuned Model,
3121,Fine-Tuned Model,"2,6,3,5,1,4"
3122,Fine-Tuned Model,
3123,Fine-Tuned Model,6
3124,Fine-Tuned Model,"4,3,5,1,2,6"
3125,Fine-Tuned Model,"3,2,4,5,1,6"
3126,Fine-Tuned Model,"4,3,6,2,5,1"
3127,Fine-Tuned Model,"3,6,1,5,2,4"
3128,Fine-Tuned Model,"3,2,5,6,4,1"
3129,Fine-Tuned Model,"3,6,2,4,1,5"
3130,Fine-Tuned Model,
3131,Fine-Tuned Model,"5,3,6,2,1,4"
3132,Fine-Tuned Model,
3133,Fine-Tuned Model,"2,3,6,1,4,5"
3134,Fine-Tuned Model,"2,4,1,6,3,5"
3135,Fine-Tuned Model,"3,4,2,1,6,5"
3136,Fine-Tuned Model,"3,2,5,1,4,6"
3137,Fine-Tuned Model,"3,5,2,4,6,1"
3138,Fine-Tuned Model,"5,1,4,2,6,3"
3139,Fine-Tuned Model,"2,4,1,5,6,3"
3140,Fine-Tuned Model,"2,5,6,1,4,3"
3141,Fine-Tuned Model,"4,3,6,2,5,1"
3142,Fine-Tuned Model,"4,2,6,5,1,3"
3143,Fine-Tuned Model,"2,6,3,5,4,1"
3144,Fine-Tuned Model,"4,2,6,3,5,1"
3145,Fine-Tuned Model,6
3146,Fine-Tuned Model,"3,6,4,2,5,1"
3147,Fine-Tuned Model,
3148,Fine-Tuned Model,
3149,Fine-Tuned Model,"1,3,6,2,5,4"
3150,Fine-Tuned Model,"3,6,2,5,1,4"
3151,Fine-Tuned Model,
3152,Fine-Tuned Model,"3,2,6,5,4,1"
3153,Fine-Tuned Model,"1,2,3,5,2,6"
3154,Fine-Tuned Model,"1,4,3,2,6,5"
3155,Fine-Tuned Model,"3,6,5,2,1,4"
3156,Fine-Tuned Model,"1,4,3,5,2,6"
3157,Fine-Tuned Model,"1,4,5,2,3"
3158,Fine-Tuned Model,"4,3,5,2,1,6"
3159,Fine-Tuned Model,"4,2,5,1,3,6"
3160,Fine-Tuned Model,"4,2,6,1,5,3"
3161,Fine-Tuned Model,"1,6,4,2,5,3"
3162,Fine-Tuned Model,"2,4,6,3,1,5"
3163,Fine-Tuned Model,"5,3,1,6,2,4"
3164,Fine-Tuned Model,"1,2,3,4,5"
3165,Fine-Tuned Model,"4,2,6,1,5,3"
3166,Fine-Tuned Model,"4,2,6,3,5,1"
3167,Fine-Tuned Model,
3168,Fine-Tuned Model,"3,1,5,6,4,2"
3169,Fine-Tuned Model,"3,5,2,6,1,4"
3170,Fine-Tuned Model,"1,2,3,4,5,6"
3171,Fine-Tuned Model,"3,2,6,4,5"
3172,Fine-Tuned Model,
3173,Fine-Tuned Model,
3174,Fine-Tuned Model,"3,2,6,1,4,5"
3175,Fine-Tuned Model,"1,3,6,2,4,5"
3176,Fine-Tuned Model,
3177,Fine-Tuned Model,"1,6,6,5,3,6"
3178,Fine-Tuned Model,"2,6,4,3,5,1"
3179,Fine-Tuned Model,"3,2,4,1,6,3"
3180,Fine-Tuned Model,"2,5,1,6,3,4"
3181,Fine-Tuned Model,"4,6,2,1,3,5"
3182,Fine-Tuned Model,
3183,Fine-Tuned Model,"3,6,2,5,1,4"
3184,Fine-Tuned Model,
3185,Fine-Tuned Model,"2,6,3,4,1,5"
3186,Fine-Tuned Model,
3187,Fine-Tuned Model,6
3188,Fine-Tuned Model,"4,2,6,5,1,3"
3189,Fine-Tuned Model,
3190,Fine-Tuned Model,"1,4,3,6,2,5"
3191,Fine-Tuned Model,"3,6,1,2,5,4"
3192,Fine-Tuned Model,"3,1,5,4,2,6"
3193,Fine-Tuned Model,
3194,Fine-Tuned Model,"3,2,5,6,4,1"
3195,Fine-Tuned Model,"1,2,3,4,5,6"
3196,Fine-Tuned Model,"3,5,2,4,1,6"
3197,Fine-Tuned Model,"3,5,1,6,3,4"
3198,Fine-Tuned Model,"1,6,6"
3199,Fine-Tuned Model,"4,2,6,3,5,1"
3200,Fine-Tuned Model,"3,5,1,6,4,2"
3201,Fine-Tuned Model,
3202,Fine-Tuned Model,"3,5,2,4,6,1"
3203,Fine-Tuned Model,6
3204,Fine-Tuned Model,"1,6,6"
3205,Fine-Tuned Model,"4,2,6,1,3,5"
3206,Fine-Tuned Model,"4,2,6,1,5,3"
3207,Fine-Tuned Model,"1,4,3,5,2,6"
3208,Fine-Tuned Model,
3209,Fine-Tuned Model,"2,5,4,6,1,3"
3210,Fine-Tuned Model,"4,2,6,5,3,1"
3211,Fine-Tuned Model,
3212,Fine-Tuned Model,"1,2,4,6,3,5"
3213,Fine-Tuned Model,"5,2,6,3,1,4"
3214,Fine-Tuned Model,"2,5,4,3,6,1"
3215,Fine-Tuned Model,"3,5,6,1,4,2"
3216,Fine-Tuned Model,
3217,Fine-Tuned Model,"1,2,3,6,3,2"
3218,Fine-Tuned Model,"3,6,1,4,2,5"
3219,Fine-Tuned Model,"4,1,6,3,2,5"
3220,Fine-Tuned Model,"1,5,2,6,4,3"
3221,Fine-Tuned Model,"2,6,4,1,3,5"
3222,Fine-Tuned Model,
3223,Fine-Tuned Model,"3,2,6,5,1,4"
3224,Fine-Tuned Model,"4,2,6,1,5,3"
3225,Fine-Tuned Model,"5,3,6,1,2,4"
3226,Fine-Tuned Model,
3227,Fine-Tuned Model,"5,2,6,3,1,4"
3228,Fine-Tuned Model,"2,6,3,5,1,4"
3229,Fine-Tuned Model,"3,1,6,5,2,4"
3230,Fine-Tuned Model,
3231,Fine-Tuned Model,6
3232,Fine-Tuned Model,"2,5,4,1,6,3"
3233,Fine-Tuned Model,"6,1,6"
3234,Fine-Tuned Model,"4,2,5,3,6,1"
3235,Fine-Tuned Model,"1,4,2,6,3,5"
3236,Fine-Tuned Model,"5,2,6,3,4,1"
3237,Fine-Tuned Model,"4,2,5,1,3,6"
3238,Fine-Tuned Model,"1,3,2,3,4,6"
3239,Fine-Tuned Model,"2,6,1,5,4,3"
3240,Fine-Tuned Model,"4,2,6,3,1,5"
3241,Fine-Tuned Model,"3,4,2,5,6,1"
3242,Fine-Tuned Model,"5,3,2,6,1,4"
3243,Fine-Tuned Model,"1,5"
3244,Fine-Tuned Model,
3245,Fine-Tuned Model,"1,2,3,4,5,6"
3246,Fine-Tuned Model,
3247,Fine-Tuned Model,"1,2,5,6,3,6"
3248,Fine-Tuned Model,"3,6,2,5,1,4"
3249,Fine-Tuned Model,"3,1,6,4,2,5"
3250,Fine-Tuned Model,"4,2,6,1,3,5"
3251,Fine-Tuned Model,"1,5,4,6,1,3"
3252,Fine-Tuned Model,"1,4,2,3,3,6"
3253,Fine-Tuned Model,"4,6,1,3,2,5"
3254,Fine-Tuned Model,"2,6,4,1,5,3"
3255,Fine-Tuned Model,
3256,Fine-Tuned Model,"6,1,6"
3257,Fine-Tuned Model,
3258,Fine-Tuned Model,"3,2,6,5,4,1"
3259,Fine-Tuned Model,"3,2,6,5,4,1"
3260,Fine-Tuned Model,"6,6"
3261,Fine-Tuned Model,"1,6,3,2,5,4"
3262,Fine-Tuned Model,"5,2,6,3,1,4"
3263,Fine-Tuned Model,"4,2,5,3,6,1"
3264,Fine-Tuned Model,"1,6,3,2,5,4"
3265,Fine-Tuned Model,"5,2,6,3,1,4"
3266,Fine-Tuned Model,"5,2,6,3,1,4"
3267,Fine-Tuned Model,"4,3,1,6,2,5"
3268,Fine-Tuned Model,
3269,Fine-Tuned Model,
3270,Fine-Tuned Model,"4,2,5,1,6,3"
3271,Fine-Tuned Model,"4,1,2,3,5,6"
3272,Fine-Tuned Model,
3273,Fine-Tuned Model,"4,2,5,6,3,1"
3274,Fine-Tuned Model,"5,2,6,1,3,4"
3275,Fine-Tuned Model,"4,2,6,1,5,3"
3276,Fine-Tuned Model,"3,2,6,5,4,1"
3277,Fine-Tuned Model,"4,3,6,2,5,1"
3278,Fine-Tuned Model,"3,5,1,2,4,6"
3279,Fine-Tuned Model,
3280,Fine-Tuned Model,"1,5,2,4,6,3"
3281,Fine-Tuned Model,
3282,Fine-Tuned Model,"1,5,2,3,4,6"
3283,Fine-Tuned Model,6
3284,Fine-Tuned Model,"4,2,5,1,3,6"
3285,Fine-Tuned Model,"5,3,6,2,1,4"
3286,Fine-Tuned Model,"2,5,3,6,4,1"
3287,Fine-Tuned Model,"3,1,2,4,6,5"
3288,Fine-Tuned Model,"1,4,6,2,5,3"
3289,Fine-Tuned Model,"4,3,6,2,5,1"
3290,Fine-Tuned Model,"1,2,5,3,6,4"
3291,Fine-Tuned Model,"3,4,6,5,2,1"
3292,Fine-Tuned Model,"6,1"
3293,Fine-Tuned Model,"2,5,4,3,6,1"
3294,Fine-Tuned Model,"1,2,2,4,2,3"
3295,Fine-Tuned Model,"5,2,3,6,1,4"
3296,Fine-Tuned Model,"5,3,1,6,4,2"
3297,Fine-Tuned Model,
3298,Fine-Tuned Model,"4,3,1,5,2,6"
3299,Fine-Tuned Model,
3300,Fine-Tuned Model,"1,2,3,4,5,6"
3301,Fine-Tuned Model,"4,2,5,3,6,1"
3302,Fine-Tuned Model,"2,4,6,3,5,1"
3303,Fine-Tuned Model,
3304,Fine-Tuned Model,
3305,Fine-Tuned Model,"4,2,6,3,1,5"
3306,Fine-Tuned Model,"4,6"
3307,Fine-Tuned Model,"4,3,2,5,1,6"
3308,Fine-Tuned Model,"6,1,6"
3309,Fine-Tuned Model,"4,3,6,1,5,2"
3310,Fine-Tuned Model,"4,2,6,5,3,1"
3311,Fine-Tuned Model,"1,2,3,4,5,6"
3312,Fine-Tuned Model,"3,6,2,5,1,4"
3313,Fine-Tuned Model,"3,6,1,5,4,2"
3314,Fine-Tuned Model,"4,6,2,5,3,1"
3315,Fine-Tuned Model,"4,2,6,5,3,1"
3316,Fine-Tuned Model,"1,4,5,3,2,6"
3317,Fine-Tuned Model,
3318,Fine-Tuned Model,"2,4,1,5,3,6"
3319,Fine-Tuned Model,"2,5,6,3,4,1"
3320,Fine-Tuned Model,
3321,Fine-Tuned Model,"4,2,6,1,5,3"
3322,Fine-Tuned Model,
3323,Fine-Tuned Model,"4,3,6,1,2,5"
3324,Fine-Tuned Model,
3325,Fine-Tuned Model,"3,5,2,6,4,1"
3326,Fine-Tuned Model,
3327,Fine-Tuned Model,"1,5,2,3,3,1"
3328,Fine-Tuned Model,"5,3,1,6,2,4"
3329,Fine-Tuned Model,
3330,Fine-Tuned Model,"6,1,6,3,6,2"
3331,Fine-Tuned Model,"2,5,4,1,6,3"
3332,Fine-Tuned Model,"4,1,3,6,2,5"
3333,Fine-Tuned Model,"4,2,6,5,3,1"
3334,Fine-Tuned Model,"1,6,1,6,1,6"
3335,Fine-Tuned Model,
3336,Fine-Tuned Model,
3337,Fine-Tuned Model,"2,6,4,3,5,1"
3338,Fine-Tuned Model,"2,4,1,5,3,6"
3339,Fine-Tuned Model,"1,4,2,5,1,6"
3340,Fine-Tuned Model,"4,2,6,5,3,1"
3341,Fine-Tuned Model,"4,3,6,2,5,1"
3342,Fine-Tuned Model,"1,4,2,3,3,5"
3343,Fine-Tuned Model,6
3344,Fine-Tuned Model,"2,6,4,5,1,3"
3345,Fine-Tuned Model,
3346,Fine-Tuned Model,"1,3,5,2,4,6"
3347,Fine-Tuned Model,"6,1,6"
3348,Fine-Tuned Model,"3,6,2,4,5,1"
3349,Fine-Tuned Model,"3,6,2,4,5,1"
3350,Fine-Tuned Model,"3,2,5,6,4"
3351,Fine-Tuned Model,"3,4,6,2,5,1"
3352,Fine-Tuned Model,"3,1,5,4,2,6"
3353,Fine-Tuned Model,"3,6,2,5,1,4"
3354,Fine-Tuned Model,
3355,Fine-Tuned Model,"3,6,2,5,4,1"
3356,Fine-Tuned Model,"4,2,6,1,3,5"
3357,Fine-Tuned Model,"5,3,1,6,4,2"
3358,Fine-Tuned Model,"1,4,2,5,1,3"
3359,Fine-Tuned Model,"3,6,1,5,2,4"
3360,Fine-Tuned Model,"4,1,3,6,2,5"
3361,Fine-Tuned Model,"4,2,6,3,5,1"
3362,Fine-Tuned Model,
3363,Fine-Tuned Model,
3364,Fine-Tuned Model,"3,5,2,6,4,1"
3365,Fine-Tuned Model,"3,4,5,2,6,1"
3366,Fine-Tuned Model,"2,5,1,6,4,3"
3367,Fine-Tuned Model,
3368,Fine-Tuned Model,"3,2,5,6,4,1"
3369,Fine-Tuned Model,"3,4,4,2,5"
3370,Fine-Tuned Model,"2,4,6,3,5,1"
3371,Fine-Tuned Model,"1,4,2,6,3,5"
3372,Fine-Tuned Model,"2,4,5,2,5,6"
3373,Fine-Tuned Model,
3374,Fine-Tuned Model,"3,6,2,5,1,4"
3375,Fine-Tuned Model,"1,2,3,4,5,6"
3376,Fine-Tuned Model,
3377,Fine-Tuned Model,"4,2,6,3,1,5"
3378,Fine-Tuned Model,"1,4,2,6,5,3"
3379,Fine-Tuned Model,"5,2,6,3,1,4"
3380,Fine-Tuned Model,"1,3,5,1,2,4"
3381,Fine-Tuned Model,"3,4,2,5,6,1"
3382,Fine-Tuned Model,"2,4,6,1,3,5"
3383,Fine-Tuned Model,"5,2,6,1,4,3"
3384,Fine-Tuned Model,"4,2,6,1,5,3"
3385,Fine-Tuned Model,"5,2,6,3,1,4"
3386,Fine-Tuned Model,"6,6"
3387,Fine-Tuned Model,"4,2,6,1,3,5"
3388,Fine-Tuned Model,"4,2,6,3,5,1"
3389,Fine-Tuned Model,
3390,Fine-Tuned Model,"4,2,6,5,1,3"
3391,Fine-Tuned Model,
3392,Fine-Tuned Model,"4,1,5,3,2,6"
3393,Fine-Tuned Model,"1,4,2,3,5,6"
3394,Fine-Tuned Model,"1,6,3,2,5,6"
3395,Fine-Tuned Model,
3396,Fine-Tuned Model,"4,3,2,6,5,1"
3397,Fine-Tuned Model,"1,6,6"
3398,Fine-Tuned Model,
3399,Fine-Tuned Model,"4,2,5,3,1,6"
3400,Fine-Tuned Model,
3401,Fine-Tuned Model,"3,2,4,5,1,6"
3402,Fine-Tuned Model,"1,2,3,4,5,6"
3403,Fine-Tuned Model,"2,4,3,6,5,1"
3404,Fine-Tuned Model,
3405,Fine-Tuned Model,"4,6,2,3,5,1"
3406,Fine-Tuned Model,
3407,Fine-Tuned Model,
3408,Fine-Tuned Model,
3409,Fine-Tuned Model,"3,6,2,5,1,4"
3410,Fine-Tuned Model,"3,6,2,5,1,4"
3411,Fine-Tuned Model,"1,3,5,2,4,6"
3412,Fine-Tuned Model,
3413,Fine-Tuned Model,
3414,Fine-Tuned Model,"4,1,2,5,2,6"
3415,Fine-Tuned Model,"3,4,6,2,5,1"
3416,Fine-Tuned Model,"1,6,3,2,5,4"
3417,Fine-Tuned Model,
3418,Fine-Tuned Model,"4,2,5,6,1,3"
3419,Fine-Tuned Model,"4,2,6,3,1,5"
3420,Fine-Tuned Model,"2,5,3,6,1,4"
3421,Fine-Tuned Model,"3,6,2,5,1,4"
3422,Fine-Tuned Model,"2,6,1,4,5,3"
3423,Fine-Tuned Model,"1,2,6,3,5,4"
3424,Fine-Tuned Model,"3,6,2,5,4,1"
3425,Fine-Tuned Model,
3426,Fine-Tuned Model,"2,5,1,6,3,4"
3427,Fine-Tuned Model,"1,6,3,6,4,2"
3428,Fine-Tuned Model,"1,6"
3429,Fine-Tuned Model,"5,2,6,3,1,4"
3430,Fine-Tuned Model,"3,6,2,1,4,5"
3431,Fine-Tuned Model,
3432,Fine-Tuned Model,"4,2,6,5,3,1"
3433,Fine-Tuned Model,"1,3,4,2,6,5"
3434,Fine-Tuned Model,"4,1,3,6,2,5"
3435,Fine-Tuned Model,
3436,Fine-Tuned Model,"2,5,4,3,1,6"
3437,Fine-Tuned Model,"1,6,1,6,1,6"
3438,Fine-Tuned Model,"4,2,6,3,5,1"
3439,Fine-Tuned Model,"3,6,5,2,1,4"
3440,Fine-Tuned Model,"4,2,6,3,5,1"
3441,Fine-Tuned Model,"4,2,6,3,1,5"
3442,Fine-Tuned Model,"1,2,3,4,5,6"
3443,Fine-Tuned Model,"5,2,4,6,3,1"
3444,Fine-Tuned Model,"1,4,6,2,5,3"
3445,Fine-Tuned Model,6
3446,Fine-Tuned Model,
3447,Fine-Tuned Model,"4,2,6,1,5,3"
3448,Fine-Tuned Model,"6,1,6,2,5,1"
3449,Fine-Tuned Model,"3,2,6,5,1,4"
3450,Fine-Tuned Model,"3,5,2,6,1,4"
3451,Fine-Tuned Model,"3,6,2,5,4,1"
3452,Fine-Tuned Model,"3,6,2,5,4,1"
3453,Fine-Tuned Model,"1,2,4,3,5,2"
3454,Fine-Tuned Model,"3,6,1,2,5,4"
3455,Fine-Tuned Model,"6,1"
3456,Fine-Tuned Model,"3,2,5,4,6,1"
3457,Fine-Tuned Model,4
3458,Fine-Tuned Model,
3459,Fine-Tuned Model,"2,5,1,4,6,3"
3460,Fine-Tuned Model,"1,2,3,4,5,6"
3461,Fine-Tuned Model,
3462,Fine-Tuned Model,"1,2,3,4,5,6"
3463,Fine-Tuned Model,"1,3,2,6,5,4"
3464,Fine-Tuned Model,"1,2,5,3,4,6"
3465,Fine-Tuned Model,"1,3,2,6,4,5"
3466,Fine-Tuned Model,"3,2,6,5,4,1"
3467,Fine-Tuned Model,
3468,Fine-Tuned Model,"4,3,2,6,5,1"
3469,Fine-Tuned Model,6
3470,Fine-Tuned Model,"1,6,2,1,6"
3471,Fine-Tuned Model,"1,3,2,6"
3472,Fine-Tuned Model,"4,2,3,6,5,1"
3473,Fine-Tuned Model,"1,4,2,6,3,5"
3474,Fine-Tuned Model,"4,6,2,3,5,1"
3475,Fine-Tuned Model,"3,6,5,2,4,1"
3476,Fine-Tuned Model,
3477,Fine-Tuned Model,
3478,Fine-Tuned Model,"4,3,2,6,1,5"
3479,Fine-Tuned Model,3
3480,Fine-Tuned Model,"4,3,6,2,5,1"
3481,Fine-Tuned Model,"3,6,2,5,4,1"
3482,Fine-Tuned Model,"1,2,3,4,5,6"
3483,Fine-Tuned Model,"3,4,2,1,6,5"
3484,Fine-Tuned Model,"3,6,4,2,5,1"
3485,Fine-Tuned Model,"5,3,6,4,2,1"
3486,Fine-Tuned Model,"5,3,1,2,6,4"
3487,Fine-Tuned Model,"4,2,6,1,5,3"
3488,Fine-Tuned Model,
3489,Fine-Tuned Model,"1,2,4,3,2,5"
3490,Fine-Tuned Model,"1,6,6"
3491,Fine-Tuned Model,"2,6,5,1,3,6"
3492,Fine-Tuned Model,
3493,Fine-Tuned Model,"4,2,3,6,1,5"
3494,Fine-Tuned Model,"4,2,6,3,1,5"
3495,Fine-Tuned Model,"1,6,6"
3496,Fine-Tuned Model,"6,6"
3497,Fine-Tuned Model,
3498,Fine-Tuned Model,"4,6,2,5,3,1"
3499,Fine-Tuned Model,"1,5,3,4,2,6"
3500,Fine-Tuned Model,
3501,Fine-Tuned Model,"1,4,2,6,3,5"
3502,Fine-Tuned Model,"2,4,1,6,3,5"
3503,Fine-Tuned Model,"5,3,2,6,1,4"
3504,Fine-Tuned Model,"1,4,6,2,3,5"
3505,Fine-Tuned Model,
3506,Fine-Tuned Model,6
3507,Fine-Tuned Model,"4,2,6,1,5,3"
3508,Fine-Tuned Model,
3509,Fine-Tuned Model,"2,5,3,6,4,1"
3510,Fine-Tuned Model,
3511,Fine-Tuned Model,"1,2,3,4,5,6"
3512,Fine-Tuned Model,
3513,Fine-Tuned Model,"4,3,6,2,1,5"
3514,Fine-Tuned Model,"3,1,6,4,5,2"
3515,Fine-Tuned Model,"3,1,5,2,6,4"
3516,Fine-Tuned Model,"4,1,6,3,2,5"
3517,Fine-Tuned Model,
3518,Fine-Tuned Model,
3519,Fine-Tuned Model,
3520,Fine-Tuned Model,"1,4,3,2,6,5"
3521,Fine-Tuned Model,"2,4,3,5,6,1"
3522,Fine-Tuned Model,"3,6,1,5,2,4"
3523,Fine-Tuned Model,"3,4,6,2,5,1"
3524,Fine-Tuned Model,"1,3,2,6,5,4"
3525,Fine-Tuned Model,6
3526,Fine-Tuned Model,"1,2,4,3,5,6"
3527,Fine-Tuned Model,"2,6,3,4,5,1"
3528,Fine-Tuned Model,"6,3,2,4,5,1"
3529,Fine-Tuned Model,"1,1,2,3,4,5"
3530,Fine-Tuned Model,"4,2,6,5,1,3"
3531,Fine-Tuned Model,
3532,Fine-Tuned Model,"1,6,2,5,3,6"
3533,Fine-Tuned Model,"2,5,1,3,4,6"
3534,Fine-Tuned Model,"3,2,6,5,1,4"
3535,Fine-Tuned Model,
3536,Fine-Tuned Model,"2,3,6,2,4,1"
3537,Fine-Tuned Model,"5,3,6,1,4,2"
3538,Fine-Tuned Model,
3539,Fine-Tuned Model,"5,1,3,6,2,4"
3540,Fine-Tuned Model,"2,5,1,6,3,4"
3541,Fine-Tuned Model,"4,2,6,3,5,1"
3542,Fine-Tuned Model,
3543,Fine-Tuned Model,"5,2,6,4,1,3"
3544,Fine-Tuned Model,"3,6,2,5,1,4"
3545,Fine-Tuned Model,
3546,Fine-Tuned Model,"1,3,5,2,6,4"
3547,Fine-Tuned Model,"5,2,6,3,1,4"
3548,Fine-Tuned Model,
3549,Fine-Tuned Model,"3,5,2,6,1,4"
3550,Fine-Tuned Model,"2,4,3,5,6,1"
3551,Fine-Tuned Model,
3552,Fine-Tuned Model,"6,1,6"
3553,Fine-Tuned Model,"1,2,3,4,5,6"
3554,Fine-Tuned Model,"3,6,2,5,4,1"
3555,Fine-Tuned Model,"2,5,1,4,6,3"
3556,Fine-Tuned Model,"5,3,2,6,1,4"
3557,Fine-Tuned Model,"1,6"
3558,Fine-Tuned Model,
3559,Fine-Tuned Model,"5,2,6,3,4,1"
3560,Fine-Tuned Model,"2,5,1,6,4,3"
3561,Fine-Tuned Model,
3562,Fine-Tuned Model,"3,6,2,4,5,1"
3563,Fine-Tuned Model,
3564,Fine-Tuned Model,"5,2,4,6,3,1"
3565,Fine-Tuned Model,
3566,Fine-Tuned Model,"1,2,3,4,5,6"
3567,Fine-Tuned Model,"4,2,6,1,3,5"
3568,Fine-Tuned Model,
3569,Fine-Tuned Model,"4,3,5,2,6,1"
3570,Fine-Tuned Model,"1,6,6"
3571,Fine-Tuned Model,"4,2,6,3,5,1"
3572,Fine-Tuned Model,"3,5,2,6,1,4"
3573,Fine-Tuned Model,"2,6,3,5,1,4"
3574,Fine-Tuned Model,"5,4,2,3,6,1"
3575,Fine-Tuned Model,"2,6,3,5,1,4"
3576,Fine-Tuned Model,"1,6,6,1,6,6"
3577,Fine-Tuned Model,"3,4,2,6,1,5"
3578,Fine-Tuned Model,"1,3,5,1,3,6"
3579,Fine-Tuned Model,"3,6,4,2,5,1"
3580,Fine-Tuned Model,"4,2,5,1,6,3"
3581,Fine-Tuned Model,"3,5,1,2,6,4"
3582,Fine-Tuned Model,
3583,Fine-Tuned Model,"4,3,1,6,5,2"
3584,Fine-Tuned Model,"1,4,5,3,1,2"
3585,Fine-Tuned Model,"3,3,2,6,1"
3586,Fine-Tuned Model,"1,2,3,4,5,6"
3587,Fine-Tuned Model,"1,2,3,4,5,6"
3588,Fine-Tuned Model,"1,4,2,6,3,5"
3589,Fine-Tuned Model,"4,2,6,5,3,1"
3590,Fine-Tuned Model,1
3591,Fine-Tuned Model,"4,2,5,6,3,1"
3592,Fine-Tuned Model,"4,6,2,5,1,3"
3593,Fine-Tuned Model,"5,3,6,2,5,4"
3594,Fine-Tuned Model,"4,2,6,5,1,3"
3595,Fine-Tuned Model,"4,2,6,3,5,1"
3596,Fine-Tuned Model,"4,2,5,1,3,6"
3597,Fine-Tuned Model,"5,3,6,2,4,1"
3598,Fine-Tuned Model,"3,4,1,2,6"
3599,Fine-Tuned Model,6
3600,Fine-Tuned Model,"5,2,6,4,1,3"
3601,Fine-Tuned Model,"6,3,4,2,5,1"
3602,Fine-Tuned Model,"4,2,6,3,1,5"
3603,Fine-Tuned Model,
3604,Fine-Tuned Model,"2,5,3,6,4,5"
3605,Fine-Tuned Model,"4,2,6,3,5,1"
3606,Fine-Tuned Model,"3,2,6,5,1,4"
3607,Fine-Tuned Model,"2,5,3,1,6,4"
3608,Fine-Tuned Model,"3,6,4,2,5,1"
3609,Fine-Tuned Model,"1,3,4,2,6,5"
3610,Fine-Tuned Model,
3611,Fine-Tuned Model,"4,6,3,2,5,1"
3612,Fine-Tuned Model,
3613,Fine-Tuned Model,"1,4,2,6,3,1"
3614,Fine-Tuned Model,"3,2,6,5,4,1"
3615,Fine-Tuned Model,"3,6,2,5,4,1"
3616,Fine-Tuned Model,"6,5,3,1,2,4"
3617,Fine-Tuned Model,"3,6,2,5,1,4"
3618,Fine-Tuned Model,"1,2,5,6,3,1"
3619,Fine-Tuned Model,"3,2,5,4"
3620,Fine-Tuned Model,"6,1,6,3,6,4"
3621,Fine-Tuned Model,"1,2,3,4,5,6"
3622,Fine-Tuned Model,"1,2,3,4,5,6"
3623,Fine-Tuned Model,"3,4,2,5,6,1"
3624,Fine-Tuned Model,"4,2,6,5,1,3"
3625,Fine-Tuned Model,"1,2,4,3,5,6"
3626,Fine-Tuned Model,"1,2,3,4,5,6"
3627,Fine-Tuned Model,"4,2,6,5,3,1"
3628,Fine-Tuned Model,"2,5,4,6,3,1"
3629,Fine-Tuned Model,"4,2,6,1,5,3"
3630,Fine-Tuned Model,"1,6,6"
3631,Fine-Tuned Model,"6,3,6,2,5,4"
3632,Fine-Tuned Model,6
3633,Fine-Tuned Model,"4,2,6,3,5,1"
3634,Fine-Tuned Model,"4,2,6,5,1,3"
3635,Fine-Tuned Model,"1,6"
3636,Fine-Tuned Model,"3,6,2,4,5,1"
3637,Fine-Tuned Model,1
3638,Fine-Tuned Model,"5,2,3,6,1,4"
3639,Fine-Tuned Model,"1,6,6"
3640,Fine-Tuned Model,
3641,Fine-Tuned Model,"2,5,1,6,3,2"
3642,Fine-Tuned Model,
3643,Fine-Tuned Model,"5,3"
3644,Fine-Tuned Model,"4,3,6,2,5,1"
3645,Fine-Tuned Model,"1,5,3,2,6,4"
3646,Fine-Tuned Model,"1,2,3,4,5,6"
3647,Fine-Tuned Model,"4,1,3,2,6,5"
3648,Fine-Tuned Model,"1,2,4,3,6,5"
3649,Fine-Tuned Model,"4,2,3,5,1,6"
3650,Fine-Tuned Model,"4,2,6,1,5,3"
3651,Fine-Tuned Model,"1,2,4,3,6,5"
3652,Fine-Tuned Model,1
3653,Fine-Tuned Model,"4,2,6,5,3,1"
3654,Fine-Tuned Model,
3655,Fine-Tuned Model,"4,1,6,3,5,2"
3656,Fine-Tuned Model,"1,6,6,1,3,4"
3657,Fine-Tuned Model,"1,4,3,5,6,2"
3658,Fine-Tuned Model,"3,6,5,4,2,1"
3659,Fine-Tuned Model,
3660,Fine-Tuned Model,
3661,Fine-Tuned Model,"2,5,1,4,6,3"
3662,Fine-Tuned Model,"5,2,6,1,3,4"
3663,Fine-Tuned Model,"1,4,2,3,3,6"
3664,Fine-Tuned Model,"4,2,6,3,5,1"
3665,Fine-Tuned Model,"4,2,3,1,6,5"
3666,Fine-Tuned Model,"4,6,3,2,5,1"
3667,Fine-Tuned Model,"2,6,4,1,3,5"
3668,Fine-Tuned Model,"4,3,1,2,6,5"
3669,Fine-Tuned Model,"3,6,2,5,1,4"
3670,Fine-Tuned Model,"2,4,3,6,5,1"
3671,Fine-Tuned Model,"6,3,1,5,2,4"
3672,Fine-Tuned Model,"4,2,6,3,5,1"
3673,Fine-Tuned Model,"3,1,4,5,2,6"
3674,Fine-Tuned Model,
3675,Fine-Tuned Model,"6,1,6,5,2,6"
3676,Fine-Tuned Model,"1,2,3,4,5"
3677,Fine-Tuned Model,"3,6,2,5,1,4"
3678,Fine-Tuned Model,"1,4,2,6,3,5"
3679,Fine-Tuned Model,"4,2,3,5,6,1"
3680,Fine-Tuned Model,
3681,Fine-Tuned Model,"5,2,6,1,3,4"
3682,Fine-Tuned Model,
3683,Fine-Tuned Model,"1,5,3,2,4,6"
3684,Fine-Tuned Model,3
3685,Fine-Tuned Model,"3,6,2,5,4,1"
3686,Fine-Tuned Model,
3687,Fine-Tuned Model,"2,4,3,6,1,5"
3688,Fine-Tuned Model,"3,4,2,6,5,1"
3689,Fine-Tuned Model,"1,4,6,3,2,5"
3690,Fine-Tuned Model,"4,2,6,5,3,1"
3691,Fine-Tuned Model,"1,4,2,6,5,3"
3692,Fine-Tuned Model,"5,2,6,3,4,1"
3693,Fine-Tuned Model,"3,2,6,5,1,4"
3694,Fine-Tuned Model,"3,5,2,6,4,1"
3695,Fine-Tuned Model,"5,3,2,6,1,4"
3696,Fine-Tuned Model,
3697,Fine-Tuned Model,"1,4,3,5,2,6"
3698,Fine-Tuned Model,"5,3,2,6,1,4"
3699,Fine-Tuned Model,"2,4,6,1,3,5"
3700,Fine-Tuned Model,
3701,Fine-Tuned Model,"4,2,6,3,5,1"
3702,Fine-Tuned Model,
3703,Fine-Tuned Model,"4,2,6,3,1,5"
3704,Fine-Tuned Model,
3705,Fine-Tuned Model,
3706,Fine-Tuned Model,"6,1,6"
3707,Fine-Tuned Model,"3,5,6,2,1,4"
3708,Fine-Tuned Model,"5,3,2,6,1,4"
3709,Fine-Tuned Model,"1,5,2,6,3,4"
3710,Fine-Tuned Model,"1,1,1,2,1,3"
3711,Fine-Tuned Model,"1,2,5,6,4,3"
3712,Fine-Tuned Model,"1,3,2,4,5,6"
3713,Fine-Tuned Model,"2,5,6,1,4,3"
3714,Fine-Tuned Model,"1,4,6,3,2,5"
3715,Fine-Tuned Model,"3,2,6,5,1,4"
3716,Fine-Tuned Model,"3,4,2,5,6,1"
3717,Fine-Tuned Model,"3,6,2,4,1,5"
3718,Fine-Tuned Model,"6,1,6,1"
3719,Fine-Tuned Model,
3720,Fine-Tuned Model,"4,2,6,1,5,3"
3721,Fine-Tuned Model,
3722,Fine-Tuned Model,"2,6,3,5,1,4"
3723,Fine-Tuned Model,"5,3,1,6,4,2"
3724,Fine-Tuned Model,1
3725,Fine-Tuned Model,
3726,Fine-Tuned Model,"4,2,6,3,5,1"
3727,Fine-Tuned Model,"3,4,6,1,2,5"
3728,Fine-Tuned Model,"4,1,3,2,6,5"
3729,Fine-Tuned Model,"3,6,2,5,1,4"
3730,Fine-Tuned Model,
3731,Fine-Tuned Model,"1,6,6,1,6,6"
3732,Fine-Tuned Model,"3,6,2,5,4,1"
3733,Fine-Tuned Model,"4,2,5,3,6,1"
3734,Fine-Tuned Model,
3735,Fine-Tuned Model,
3736,Fine-Tuned Model,"1,3,5,2,4,6"
3737,Fine-Tuned Model,"1,3,2,6,5,4"
3738,Fine-Tuned Model,"1,6,6,6"
3739,Fine-Tuned Model,"5,3,1,6,2,4"
3740,Fine-Tuned Model,
3741,Fine-Tuned Model,"3,4,1,2,6,5"
3742,Fine-Tuned Model,4
3743,Fine-Tuned Model,"3,5,2,6,4,1"
3744,Fine-Tuned Model,"4,2,6,1,3,5"
3745,Fine-Tuned Model,
3746,Fine-Tuned Model,"2,2"
3747,Fine-Tuned Model,
3748,Fine-Tuned Model,"2,6,4,3,5,1"
3749,Fine-Tuned Model,"4,6,3,2,5,1"
3750,Fine-Tuned Model,"1,3,2,6,5,4"
3751,Fine-Tuned Model,"1,6"
3752,Fine-Tuned Model,"4,2,3,5,1,6"
3753,Fine-Tuned Model,"3,4,2,6,3,1"
3754,Fine-Tuned Model,"6,6"
3755,Fine-Tuned Model,"4,3,5,2,6,1"
3756,Fine-Tuned Model,"1,3,4,2,6,5"
3757,Fine-Tuned Model,"3,2,6,5,1,4"
3758,Fine-Tuned Model,"1,2,3,4,5,6"
3759,Fine-Tuned Model,"2,5,3,6,1,4"
3760,Fine-Tuned Model,"4,2,5,6,1,3"
3761,Fine-Tuned Model,"4,2,3,6,1,5"
3762,Fine-Tuned Model,"3,1,6,4,5,2"
3763,Fine-Tuned Model,
3764,Fine-Tuned Model,"2,5,1,6,3,4"
3765,Fine-Tuned Model,"3,2,6,1,5,4"
3766,Fine-Tuned Model,"4,3,5,1,2,6"
3767,Fine-Tuned Model,"3,4,6,2,5,1"
3768,Fine-Tuned Model,"3,2,5,6,1,4"
3769,Fine-Tuned Model,
3770,Fine-Tuned Model,"2,6,3,1,5,4"
3771,Fine-Tuned Model,
3772,Fine-Tuned Model,"4,2,6,5,3,1"
3773,Fine-Tuned Model,"2,5,6,1,3,4"
3774,Fine-Tuned Model,"2,5,1,4,3,6"
3775,Fine-Tuned Model,
3776,Fine-Tuned Model,"6,1,6"
3777,Fine-Tuned Model,
3778,Fine-Tuned Model,"2,5,3,6,1,4"
3779,Fine-Tuned Model,
3780,Fine-Tuned Model,
3781,Fine-Tuned Model,
3782,Fine-Tuned Model,"1,4,2,3,5,6"
3783,Fine-Tuned Model,"3,6,2,5,4,1"
3784,Fine-Tuned Model,
3785,Fine-Tuned Model,"2,5,1,6,3,4"
3786,Fine-Tuned Model,"1,2,5,3,6,4"
3787,Fine-Tuned Model,"3,6,2,5,4,1"
3788,Fine-Tuned Model,"4,2,6,1,5,3"
3789,Fine-Tuned Model,"2,5,6,3,1,4"
3790,Fine-Tuned Model,"1,4"
3791,Fine-Tuned Model,"1,4,2,5,6,3"
3792,Fine-Tuned Model,"1,2,3,4,5,6"
3793,Fine-Tuned Model,"4,2,5"
3794,Fine-Tuned Model,"4,1,5,2,6,3"
3795,Fine-Tuned Model,
3796,Fine-Tuned Model,"3,2,5,1,6,4"
3797,Fine-Tuned Model,
3798,Fine-Tuned Model,"4,2,6,3,5,1"
3799,Fine-Tuned Model,"1,6,3,2,4,5"
3800,Fine-Tuned Model,"1,3,5,6,2,4"
3801,Fine-Tuned Model,"2,4,3,6,5,1"
3802,Fine-Tuned Model,"1,2,5,3,6,4"
3803,Fine-Tuned Model,"6,1,6,1,6,1"
3804,Fine-Tuned Model,"4,2,6,5,3,1"
3805,Fine-Tuned Model,"4,2,5,1,3,6"
3806,Fine-Tuned Model,"6,1,6"
3807,Fine-Tuned Model,"4,6,2,5,1,3"
3808,Fine-Tuned Model,"3,2,6,1,5,4"
3809,Fine-Tuned Model,"1,2,3,4,5,6"
3810,Fine-Tuned Model,"4,1,6,3,2,5"
3811,Fine-Tuned Model,"1,3,5,3,4,6"
3812,Fine-Tuned Model,"2,6,4,5,3,1"
3813,Fine-Tuned Model,
3814,Fine-Tuned Model,
3815,Fine-Tuned Model,
3816,Fine-Tuned Model,"2,5,1,4,3,6"
3817,Fine-Tuned Model,"6,1,6"
3818,Fine-Tuned Model,"3,1,4,2,6,5"
3819,Fine-Tuned Model,
3820,Fine-Tuned Model,
3821,Fine-Tuned Model,"5,2,6,3,1,4"
3822,Fine-Tuned Model,
3823,Fine-Tuned Model,
3824,Fine-Tuned Model,"5,3,2,6,1,4"
3825,Fine-Tuned Model,
3826,Fine-Tuned Model,"3,6,1,5,2,4"
3827,Fine-Tuned Model,"2,4,1,6,3,5"
3828,Fine-Tuned Model,"6,1,6,1,4,2"
3829,Fine-Tuned Model,"1,1,3,5,6,2"
3830,Fine-Tuned Model,"1,6,1,6,1,6"
3831,Fine-Tuned Model,"5,3,1,6,2,4"
3832,Fine-Tuned Model,"4,2,6,3,5,1"
3833,Fine-Tuned Model,"4,2,6,1,3,5"
3834,Fine-Tuned Model,
3835,Fine-Tuned Model,
3836,Fine-Tuned Model,"1,6"
3837,Fine-Tuned Model,"6,1,6"
3838,Fine-Tuned Model,"1,3,6,5,4,2"
3839,Fine-Tuned Model,"4,3,1,5,2,6"
3840,Fine-Tuned Model,"6,1,6"
3841,Fine-Tuned Model,"6,1,6"
3842,Fine-Tuned Model,"3,4,2,6,5,1"
3843,Fine-Tuned Model,"4,2,6,5,1,3"
3844,Fine-Tuned Model,"5,2,6,1,4,3"
3845,Fine-Tuned Model,
3846,Fine-Tuned Model,"4,2,6,5,3,1"
3847,Fine-Tuned Model,"2,5,4,1,6,3"
3848,Fine-Tuned Model,"5,3,6,2,1,4"
3849,Fine-Tuned Model,"3,2,4,5,1,3"
3850,Fine-Tuned Model,"2,5,6,3,1,4"
3851,Fine-Tuned Model,"2,5,4,6,1,3"
3852,Fine-Tuned Model,"4,3,2,6,1,5"
3853,Fine-Tuned Model,"3,5,6,2,1,4"
3854,Fine-Tuned Model,"2,5,3,6,1,4"
3855,Fine-Tuned Model,"2,6,3,5,1,4"
3856,Fine-Tuned Model,
3857,Fine-Tuned Model,"5,1,3,3,4,4"
3858,Fine-Tuned Model,"3,6,4,2,5,1"
3859,Fine-Tuned Model,
3860,Fine-Tuned Model,"1,6,6,5,6,2"
3861,Fine-Tuned Model,
3862,Fine-Tuned Model,"4,6,2,3,5,1"
3863,Fine-Tuned Model,"4,2,6,1,5,3"
3864,Fine-Tuned Model,"6,3,4"
3865,Fine-Tuned Model,
3866,Fine-Tuned Model,"4,2,6,3,1,5"
3867,Fine-Tuned Model,"1,4,2,6,3,5"
3868,Fine-Tuned Model,"4,2,6,1,5,3"
3869,Fine-Tuned Model,"2,5,3,6,4,1"
3870,Fine-Tuned Model,"1,2,3,4,5,6"
3871,Fine-Tuned Model,"6,1,6,1"
3872,Fine-Tuned Model,
3873,Fine-Tuned Model,"3,2,6,5,4,1"
3874,Fine-Tuned Model,"1,6,3,4,5,2"
3875,Fine-Tuned Model,"4,2,6,3,5,1"
3876,Fine-Tuned Model,"2,3,5,6,1"
3877,Fine-Tuned Model,"3,5,2,6,4,1"
3878,Fine-Tuned Model,
3879,Fine-Tuned Model,"3,6,2,5,1,4"
3880,Fine-Tuned Model,
3881,Fine-Tuned Model,
3882,Fine-Tuned Model,"1,2,3,4,5,6"
3883,Fine-Tuned Model,"3,1,6,2,5,4"
3884,Fine-Tuned Model,"2,5,3,6,1,4"
3885,Fine-Tuned Model,
3886,Fine-Tuned Model,"2,5,6,4,3,1"
3887,Fine-Tuned Model,"5,3,2,6,4,1"
3888,Fine-Tuned Model,"4,1,5,3,2,6"
3889,Fine-Tuned Model,"4,2,6,5,1,3"
3890,Fine-Tuned Model,
3891,Fine-Tuned Model,"1,6,6"
3892,Fine-Tuned Model,
3893,Fine-Tuned Model,
3894,Fine-Tuned Model,"3,6,2,5,4,1"
3895,Fine-Tuned Model,"3,1,5,2,6,4"
3896,Fine-Tuned Model,"2,4,6,3,5,1"
3897,Fine-Tuned Model,"4,2,6,5,1,3"
3898,Fine-Tuned Model,"3,6,1,2,4,5"
3899,Fine-Tuned Model,
3900,Fine-Tuned Model,"4,3,2,6,5,1"
3901,Fine-Tuned Model,"3,5,6,2,3,1"
3902,Fine-Tuned Model,"5,2,3,1,6,4"
3903,Fine-Tuned Model,
3904,Fine-Tuned Model,"2,5,1,6,4"
3905,Fine-Tuned Model,"5,2,6,3,4,1"
3906,Fine-Tuned Model,"2,4,3,1,6,5"
3907,Fine-Tuned Model,
3908,Fine-Tuned Model,
3909,Fine-Tuned Model,"2,5,6,3,1,4"
3910,Fine-Tuned Model,"3,1,6,4,2,5"
3911,Fine-Tuned Model,"2,6,3,1,5,4"
3912,Fine-Tuned Model,"4,2,6,3,1,5"
3913,Fine-Tuned Model,"4,3,6,5,2,1"
3914,Fine-Tuned Model,"6,4,6,3,2,5"
3915,Fine-Tuned Model,"1,6,1,3,5,3"
3916,Fine-Tuned Model,"1,2,3,4,5,6"
3917,Fine-Tuned Model,"1,6,1,6,1,6"
3918,Fine-Tuned Model,"1,5,2,6,3,4"
3919,Fine-Tuned Model,"2,3,4,6,4,1"
3920,Fine-Tuned Model,"4,2,5,3,6,1"
3921,Fine-Tuned Model,
3922,Fine-Tuned Model,
3923,Fine-Tuned Model,"6,1,3,2,4,6"
3924,Fine-Tuned Model,"2,5,6,3,1,4"
3925,Fine-Tuned Model,"2,4,3,6,5,1"
3926,Fine-Tuned Model,"2,5,1,4,6,3"
3927,Fine-Tuned Model,"3,2,6,1,4,5"
3928,Fine-Tuned Model,"2,4,6,1,3,5"
3929,Fine-Tuned Model,
3930,Fine-Tuned Model,"4,6,2,3,1,5"
3931,Fine-Tuned Model,"3,5,6,2,4,1"
3932,Fine-Tuned Model,"3,2,4,5,3,2"
3933,Fine-Tuned Model,"2,5,3,1,6,4"
3934,Fine-Tuned Model,"4,3,2,6,5,1"
3935,Fine-Tuned Model,"3,4,6,2,5,1"
3936,Fine-Tuned Model,
3937,Fine-Tuned Model,"1,3,2,6,3,5"
3938,Fine-Tuned Model,
3939,Fine-Tuned Model,"1,6,2,5,3,2"
3940,Fine-Tuned Model,"5,2,1,6,3,4"
3941,Fine-Tuned Model,"3,1,6,2,5,4"
3942,Fine-Tuned Model,"1,3,2,6,3,2"
3943,Fine-Tuned Model,"2,6,5,3,1,4"
3944,Fine-Tuned Model,"2,4,1,6,3,5"
3945,Fine-Tuned Model,"2,5,1,4,3,6"
3946,Fine-Tuned Model,
3947,Fine-Tuned Model,"1,6,6"
3948,Fine-Tuned Model,"4,2,6,5,1,3"
3949,Fine-Tuned Model,"3,6,2,5,1,4"
3950,Fine-Tuned Model,"3,2,6,5,4,1"
3951,Fine-Tuned Model,"3,5,1,2,4,6"
3952,Fine-Tuned Model,"6,6,1,6,6"
3953,Fine-Tuned Model,"5,3,1,2,6,4"
3954,Fine-Tuned Model,"1,3,2,6,5,1"
3955,Fine-Tuned Model,"1,4,6,5,3,2"
3956,Fine-Tuned Model,"3,5,2,6,1,4"
3957,Fine-Tuned Model,"3,6,2,5,4,1"
3958,Fine-Tuned Model,"6,2"
3959,Fine-Tuned Model,
3960,Fine-Tuned Model,"5,3,2,6,4,1"
3961,Fine-Tuned Model,"6,3,5,2,6,4"
3962,Fine-Tuned Model,
3963,Fine-Tuned Model,"1,2,2,5,3,3"
3964,Fine-Tuned Model,
3965,Fine-Tuned Model,"6,1,6"
3966,Fine-Tuned Model,"3,6,2,5,1,4"
3967,Fine-Tuned Model,"2,5,3,6,4,1"
3968,Fine-Tuned Model,"1,2,3,5,2,6"
3969,Fine-Tuned Model,
3970,Fine-Tuned Model,
3971,Fine-Tuned Model,"3,6,2,5,1,4"
3972,Fine-Tuned Model,"4,2,3,6,1,5"
3973,Fine-Tuned Model,"3,2,6,5,1,4"
3974,Fine-Tuned Model,"2,5,3,1,6,4"
3975,Fine-Tuned Model,4
3976,Fine-Tuned Model,"4,6,3,5,2,1"
3977,Fine-Tuned Model,"1,2,5,4,3,6"
3978,Fine-Tuned Model,"1,6,1,6,1,6"
3979,Fine-Tuned Model,
3980,Fine-Tuned Model,
3981,Fine-Tuned Model,"1,4,3,2,5,6"
3982,Fine-Tuned Model,"3,6,5,2,3,1"
3983,Fine-Tuned Model,"3,5,4,2,6,1"
3984,Fine-Tuned Model,"4,2,6,3,5,1"
3985,Fine-Tuned Model,"1,2,4,5"
3986,Fine-Tuned Model,"3,5,2,4,6,1"
3987,Fine-Tuned Model,"1,3,2,6,5,4"
3988,Fine-Tuned Model,"1,2,3,4,5,6"
3989,Fine-Tuned Model,
3990,Fine-Tuned Model,6
3991,Fine-Tuned Model,"3,5,2,6,1,4"
3992,Fine-Tuned Model,"3,1,4,3,5,2"
3993,Fine-Tuned Model,"3,2,5,6,1,4"
3994,Fine-Tuned Model,"4,3,6,2,1,5"
3995,Fine-Tuned Model,
3996,Fine-Tuned Model,"1,3,2,6,5,4"
3997,Fine-Tuned Model,
3998,Fine-Tuned Model,"2,4,6,1,5,3"
3999,Fine-Tuned Model,"2,4,6,3,5,1"
4000,Fine-Tuned Model,"1,4,2,3,6,5"
4001,Fine-Tuned Model,
4002,Fine-Tuned Model,"5,3,2,6,1,4"
4003,Fine-Tuned Model,"2,6,4,5,3,1"
4004,Fine-Tuned Model,"4,6,3,5,2,1"
4005,Fine-Tuned Model,"6,1,6"
4006,Fine-Tuned Model,"1,3,6,2,5,4"
4007,Fine-Tuned Model,
4008,Fine-Tuned Model,"1,2,3,4,5,6"
4009,Fine-Tuned Model,
4010,Fine-Tuned Model,"5,2,6,3,1,4"
4011,Fine-Tuned Model,"2,5,4,1,3,6"
4012,Fine-Tuned Model,"3,5,6,2,4,1"
4013,Fine-Tuned Model,"2,5,4,3,6,1"
4014,Fine-Tuned Model,"4,2,6,1,5"
4015,Fine-Tuned Model,"1,4,2,2,3,6"
4016,Fine-Tuned Model,"6,3,2,5,4,1"
4017,Fine-Tuned Model,
4018,Fine-Tuned Model,"4,2,5,1,3,6"
4019,Fine-Tuned Model,"2,5,4,6,1,3"
4020,Fine-Tuned Model,
4021,Fine-Tuned Model,"5,3,2,6,4,1"
4022,Fine-Tuned Model,"5,2,4,6,3,1"
4023,Fine-Tuned Model,"3,2,6,5,1,4"
4024,Fine-Tuned Model,"5,3,2,6,1,4"
4025,Fine-Tuned Model,"4,2,6,3,5,1"
4026,Fine-Tuned Model,"2,6,4,1,5,3"
4027,Fine-Tuned Model,
4028,Fine-Tuned Model,"3,2,6,5,1,4"
4029,Fine-Tuned Model,"3,2,6,1,4,5"
4030,Fine-Tuned Model,
4031,Fine-Tuned Model,"2,5,3,6,4,2"
4032,Fine-Tuned Model,"3,6,2,5,4,1"
4033,Fine-Tuned Model,
4034,Fine-Tuned Model,"5,2,6,1,4,3"
4035,Fine-Tuned Model,"1,2,3,1,6,2"
4036,Fine-Tuned Model,
4037,Fine-Tuned Model,"5,4,2,1,3,6"
4038,Fine-Tuned Model,"4,3,6,2,5,1"
4039,Fine-Tuned Model,"2,4,6,3,5,1"
4040,Fine-Tuned Model,"2,5,4,1,6,3"
4041,Fine-Tuned Model,"5,3,1,6,2,4"
4042,Fine-Tuned Model,"5,6"
4043,Fine-Tuned Model,
4044,Fine-Tuned Model,
4045,Fine-Tuned Model,"1,6"
4046,Fine-Tuned Model,"3,6,5,2,1,4"
4047,Fine-Tuned Model,"5,2,6,3,1,4"
4048,Fine-Tuned Model,
4049,Fine-Tuned Model,"2,3,5,6,1,4"
4050,Fine-Tuned Model,"4,2,5,3,1,6"
4051,Fine-Tuned Model,
4052,Fine-Tuned Model,"3,6,2,5,4,1"
4053,Fine-Tuned Model,"4,2,6,3,1,5"
4054,Fine-Tuned Model,"5,3,6,2,4,1"
4055,Fine-Tuned Model,
4056,Fine-Tuned Model,
4057,Fine-Tuned Model,"1,2,4,6,5,3"
4058,Fine-Tuned Model,"3,2,6,1,5,4"
4059,Fine-Tuned Model,"2,5,3,1,4,6"
4060,Fine-Tuned Model,"2,5,1,6,3,2"
4061,Fine-Tuned Model,"1,2,3,4,5,6"
4062,Fine-Tuned Model,"1,1,2,3,4,5"
4063,Fine-Tuned Model,"3,1,5,3,2,4"
4064,Fine-Tuned Model,
4065,Fine-Tuned Model,"1,6,4,3,2,5"
4066,Fine-Tuned Model,"3,4,2,5,6,1"
4067,Fine-Tuned Model,"3,2,5,6,1,4"
4068,Fine-Tuned Model,"3,2,5,1,6,4"
4069,Fine-Tuned Model,"4,6,2,3,5,1"
4070,Fine-Tuned Model,"6,1,6"
4071,Fine-Tuned Model,
4072,Fine-Tuned Model,"4,3,5,2,6,1"
4073,Fine-Tuned Model,"5,3,2,6,1,4"
4074,Fine-Tuned Model,"2,5,4,3,1"
4075,Fine-Tuned Model,"3,5,6,1,4,2"
4076,Fine-Tuned Model,"3,6,1,2,5,4"
4077,Fine-Tuned Model,"1,2"
4078,Fine-Tuned Model,
4079,Fine-Tuned Model,"1,6"
4080,Fine-Tuned Model,"1,2,3,4,5,6"
4081,Fine-Tuned Model,"4,2,6,3,1,5"
4082,Fine-Tuned Model,"3,5,2,6,1,4"
4083,Fine-Tuned Model,"4,1,3,2,5,6"
4084,Fine-Tuned Model,"4,3,1,2,6,5"
4085,Fine-Tuned Model,"4,3,2,6,1,5"
4086,Fine-Tuned Model,"2,4,3,5,6,1"
4087,Fine-Tuned Model,"1,6"
4088,Fine-Tuned Model,"1,3,2,5,4,6"
4089,Fine-Tuned Model,"5,3,4,2,6,1"
4090,Fine-Tuned Model,"1,4,5,3,5,2"
4091,Fine-Tuned Model,"4,2,5,3,6,1"
4092,Fine-Tuned Model,"3,1,2,6,3,4"
4093,Fine-Tuned Model,"1,2,3,4,5,6"
4094,Fine-Tuned Model,
4095,Fine-Tuned Model,
4096,Fine-Tuned Model,"4,2,6,3,1,5"
4097,Fine-Tuned Model,"3,4,6,2,5,1"
4098,Fine-Tuned Model,"6,1,6,1"
4099,Fine-Tuned Model,"4,6,3,2,5,1"
4100,Fine-Tuned Model,"4,2,6,1,5,3"
4101,Fine-Tuned Model,"1,2,3,5,6,4"
4102,Fine-Tuned Model,"3,6,2,5,4,1"
4103,Fine-Tuned Model,"3,6,4,1,5,2"
4104,Fine-Tuned Model,
4105,Fine-Tuned Model,"4,3,6,2,1,5"
4106,Fine-Tuned Model,"4,2,5,3,6,1"
4107,Fine-Tuned Model,"4,1,5,2,6,3"
4108,Fine-Tuned Model,"6,3,6,4,2,1"
4109,Fine-Tuned Model,"6,3,4,5,2,1"
4110,Fine-Tuned Model,"1,2,3,4,5"
4111,Fine-Tuned Model,"1,4,3,6,2,5"
4112,Fine-Tuned Model,
4113,Fine-Tuned Model,"2,5,1,6,4,3"
4114,Fine-Tuned Model,"1,5,2,3,3,6"
4115,Fine-Tuned Model,"1,3,5,2,6,4"
4116,Fine-Tuned Model,
4117,Fine-Tuned Model,"1,6,6"
4118,Fine-Tuned Model,"4,1,3,6,5,2"
4119,Fine-Tuned Model,"4,3,2,6,1,5"
4120,Fine-Tuned Model,"2,5,3,4,1,6"
4121,Fine-Tuned Model,"4,2,6,3,5,1"
4122,Fine-Tuned Model,"3,6,2,5,4,1"
4123,Fine-Tuned Model,"2,1,6,5,3,4"
4124,Fine-Tuned Model,"4,2,3,1,6,5"
4125,Fine-Tuned Model,"6,1,6,1"
4126,Fine-Tuned Model,"4,2,6,1,3,5"
4127,Fine-Tuned Model,"6,4,5,3,2,6"
4128,Fine-Tuned Model,"4,6,2,3,5,1"
4129,Fine-Tuned Model,"2,3,4,1,6,3"
4130,Fine-Tuned Model,"1,2,3,4,5,6"
4131,Fine-Tuned Model,
4132,Fine-Tuned Model,"4,3,6,5,2,1"
4133,Fine-Tuned Model,"3,1,6,4,2,5"
4134,Fine-Tuned Model,"3,4,2,6,5,1"
4135,Fine-Tuned Model,"2,5,3,1,6,4"
4136,Fine-Tuned Model,"4,2,5,3,1,6"
4137,Fine-Tuned Model,
4138,Fine-Tuned Model,"2,6,3,5,1,4"
4139,Fine-Tuned Model,"3,6,2,5,4,1"
4140,Fine-Tuned Model,
4141,Fine-Tuned Model,
4142,Fine-Tuned Model,"1,6,6"
4143,Fine-Tuned Model,"1,5,2,2,6,4"
4144,Fine-Tuned Model,"1,2,5,6,3,4"
4145,Fine-Tuned Model,"2,6,5,3,1,4"
4146,Fine-Tuned Model,
4147,Fine-Tuned Model,
4148,Fine-Tuned Model,"1,2,4,3,1"
4149,Fine-Tuned Model,
4150,Fine-Tuned Model,
4151,Fine-Tuned Model,"5,3,1,6,4,2"
4152,Fine-Tuned Model,"1,6,1,2,3,4"
4153,Fine-Tuned Model,"2,4,6,2,4,6"
4154,Fine-Tuned Model,"4,6,1,3,2,5"
4155,Fine-Tuned Model,"4,2,6,1,5,3"
4156,Fine-Tuned Model,"3,6,2,5,4,1"
4157,Fine-Tuned Model,
4158,Fine-Tuned Model,"5,4,3,2,1"
4159,Fine-Tuned Model,"2,3,5,1,2,6"
4160,Fine-Tuned Model,"3,6,2,5,4,1"
4161,Fine-Tuned Model,"5,4,5,1,5,6"
4162,Fine-Tuned Model,"2,5,6,3,2,1"
4163,Fine-Tuned Model,"1,1,2,2,3,3"
4164,Fine-Tuned Model,"2,5,3,6,1,4"
4165,Fine-Tuned Model,"3,5,2,6,1,4"
4166,Fine-Tuned Model,
4167,Fine-Tuned Model,"3,2,6,5,1,4"
4168,Fine-Tuned Model,
4169,Fine-Tuned Model,
4170,Fine-Tuned Model,
4171,Fine-Tuned Model,"1,4,6,5,2,3"
4172,Fine-Tuned Model,
4173,Fine-Tuned Model,"2,5,3,1,6,4"
4174,Fine-Tuned Model,"2,5,4,1,6,3"
4175,Fine-Tuned Model,"5,3,1,4,6,2"
4176,Fine-Tuned Model,"2,5,3,6,1,4"
4177,Fine-Tuned Model,
4178,Fine-Tuned Model,"3,2,6,5,4,1"
4179,Fine-Tuned Model,
4180,Fine-Tuned Model,"1,3,5,2,4,6"
4181,Fine-Tuned Model,"1,5,2,4,3,6"
4182,Fine-Tuned Model,"4,6,3,5,2,1"
4183,Fine-Tuned Model,"5,3,2,6,4,1"
4184,Fine-Tuned Model,"2,6,4,1,5,3"
4185,Fine-Tuned Model,
4186,Fine-Tuned Model,"1,2,3,4,5"
4187,Fine-Tuned Model,"2,5,4,6,3,2"
4188,Fine-Tuned Model,"2,4,1,5,3,6"
4189,Fine-Tuned Model,"1,2,3,4,5,6"
4190,Fine-Tuned Model,"2,4,5,3,5,2"
4191,Fine-Tuned Model,"1,2,3,4,5,6"
4192,Fine-Tuned Model,"2,4,3,5,1,6"
4193,Fine-Tuned Model,"3,6,2,5,4,1"
4194,Fine-Tuned Model,
4195,Fine-Tuned Model,
4196,Fine-Tuned Model,"2,4,1,3,6,5"
4197,Fine-Tuned Model,"1,4,2,3,3,2"
4198,Fine-Tuned Model,"2,6,3,5,1,4"
4199,Fine-Tuned Model,
4200,Fine-Tuned Model,"3,5,1,2,6,4"
4201,Fine-Tuned Model,"3,1,6,2,5,4"
4202,Fine-Tuned Model,"1,3,2,4,6,5"
4203,Fine-Tuned Model,"1,2,3,4,5,6"
4204,Fine-Tuned Model,"5,3,6,2,4,1"
4205,Fine-Tuned Model,"5,2,6,3,1,4"
4206,Fine-Tuned Model,"4,6,2,5,3,1"
4207,Fine-Tuned Model,"4,6,2,3,1,5"
4208,Fine-Tuned Model,"2,4,1,3,6,5"
4209,Fine-Tuned Model,1
4210,Fine-Tuned Model,"3,6,1,5,2,4"
4211,Fine-Tuned Model,"4,2,5,1,6,3"
4212,Fine-Tuned Model,"4,2,6,1,3,5"
4213,Fine-Tuned Model,6
4214,Fine-Tuned Model,
4215,Fine-Tuned Model,"1,2,3,4,5,6"
4216,Fine-Tuned Model,"2,5,1,6,3,4"
4217,Fine-Tuned Model,"3,6,2,5,1,4"
4218,Fine-Tuned Model,"3,1,2,5"
4219,Fine-Tuned Model,"1,2,3,4,5,6"
4220,Fine-Tuned Model,"2,5,3,6,4,5"
4221,Fine-Tuned Model,"4,6,3,5,2,6"
4222,Fine-Tuned Model,
4223,Fine-Tuned Model,
4224,Fine-Tuned Model,"4,2,6,5,1,3"
4225,Fine-Tuned Model,"2,5,1,6,4,3"
4226,Fine-Tuned Model,"2,4,6,1,3,5"
4227,Fine-Tuned Model,"4,3,6,2,5,1"
4228,Fine-Tuned Model,"1,6,6,2,6,4"
4229,Fine-Tuned Model,"5,2,6,3,1,4"
4230,Fine-Tuned Model,"1,2,3,4,5,6"
4231,Fine-Tuned Model,"2,6,4,1,5,3"
4232,Fine-Tuned Model,"2,5,1,6,3,4"
4233,Fine-Tuned Model,"2,5,3,6,1,4"
4234,Fine-Tuned Model,
4235,Fine-Tuned Model,
4236,Fine-Tuned Model,
4237,Fine-Tuned Model,"1,2,4,6,3,5"
4238,Fine-Tuned Model,
4239,Fine-Tuned Model,"4,2,3,6,5,1"
4240,Fine-Tuned Model,
4241,Fine-Tuned Model,"2,5,6,1,3,4"
4242,Fine-Tuned Model,
4243,Fine-Tuned Model,"1,6,3,2,5,4"
4244,Fine-Tuned Model,"1,2,3,4,5,6"
4245,Fine-Tuned Model,"4,3,2,5,6,1"
4246,Fine-Tuned Model,"2,5,6,4,3,1"
4247,Fine-Tuned Model,"3,4,1,6,5,3"
4248,Fine-Tuned Model,
4249,Fine-Tuned Model,"3,6,2,5,1,4"
4250,Fine-Tuned Model,"4,2,6,5,1,3"
4251,Fine-Tuned Model,"2,5,4,6,3,1"
4252,Fine-Tuned Model,
4253,Fine-Tuned Model,"4,6,2,3,5,1"
4254,Fine-Tuned Model,6
4255,Fine-Tuned Model,"5,2,3,1,6,4"
4256,Fine-Tuned Model,
4257,Fine-Tuned Model,
4258,Fine-Tuned Model,"2,4,6,1,3,5"
4259,Fine-Tuned Model,"1,3,5,2,6,4"
4260,Fine-Tuned Model,"3,6,2,5,4,1"
4261,Fine-Tuned Model,"3,6,2,5,4,1"
4262,Fine-Tuned Model,"2,5,1,4,6,3"
4263,Fine-Tuned Model,"4,6,2,5,3,6"
4264,Fine-Tuned Model,"1,6,6,1,2,3"
4265,Fine-Tuned Model,"3,5,4,2,6,1"
4266,Fine-Tuned Model,
4267,Fine-Tuned Model,"4,2,3,5,6,1"
4268,Fine-Tuned Model,"1,2,3,4,5,6"
4269,Fine-Tuned Model,"3,6,1,5,2,4"
4270,Fine-Tuned Model,"4,6,5,3,2,1"
4271,Fine-Tuned Model,"5,3,6,1,2,4"
4272,Fine-Tuned Model,"5,3,6,2,4,1"
4273,Fine-Tuned Model,"3,5,1,2,4,6"
4274,Fine-Tuned Model,
4275,Fine-Tuned Model,"1,2,3,4,5,6"
4276,Fine-Tuned Model,"5,2,3,1,6,4"
4277,Fine-Tuned Model,"2,6,5,3,1,4"
4278,Fine-Tuned Model,"4,3,1,2,6,5"
4279,Fine-Tuned Model,"3,2,6,1,5,4"
4280,Fine-Tuned Model,
4281,Fine-Tuned Model,6
4282,Fine-Tuned Model,"3,4,6,1,2,5"
4283,Fine-Tuned Model,"2,5,4,3,6,1"
4284,Fine-Tuned Model,"1,4,3,2,5,6"
4285,Fine-Tuned Model,"2,3,1,3,2"
4286,Fine-Tuned Model,"2,5,4,6,3,1"
4287,Fine-Tuned Model,
4288,Fine-Tuned Model,"2,6,3,1,5,4"
4289,Fine-Tuned Model,"2,4,6,3,1,5"
4290,Fine-Tuned Model,"6,3,4,6,2,5"
4291,Fine-Tuned Model,"2,5,1,3,6,4"
4292,Fine-Tuned Model,"1,2,5,3,6,4"
4293,Fine-Tuned Model,"5,2,6,4,3,1"
4294,Fine-Tuned Model,"4,2,5,1,6,3"
4295,Fine-Tuned Model,"2,4,1,6,3,5"
4296,Fine-Tuned Model,"5,3,2,6,1,4"
4297,Fine-Tuned Model,"1,3,5,2,4,6"
4298,Fine-Tuned Model,"2,5,4,3,2,6"
4299,Fine-Tuned Model,"1,2,3,5,3,2"
4300,Fine-Tuned Model,"1,6,1,6,1,6"
4301,Fine-Tuned Model,
4302,Fine-Tuned Model,"4,2,6,5,3,1"
4303,Fine-Tuned Model,"4,2,6,3,5,1"
4304,Fine-Tuned Model,
4305,Fine-Tuned Model,
4306,Fine-Tuned Model,
4307,Fine-Tuned Model,
4308,Fine-Tuned Model,"2,4,1,3,5,6"
4309,Fine-Tuned Model,"1,2,5,4,3,6"
4310,Fine-Tuned Model,"1,6"
4311,Fine-Tuned Model,"1,2,3,4"
4312,Fine-Tuned Model,"3,4,5,6"
4313,Fine-Tuned Model,"2,4,3,6,5,1"
4314,Fine-Tuned Model,"6,4,2,6,1,5"
4315,Fine-Tuned Model,"3,4,2,5,6,1"
4316,Fine-Tuned Model,6
4317,Fine-Tuned Model,
4318,Fine-Tuned Model,"1,3,6,5,4,2"
4319,Fine-Tuned Model,"6,6,3,6,1,4"
4320,Fine-Tuned Model,"3,2,6,4,5,1"
4321,Fine-Tuned Model,
4322,Fine-Tuned Model,"3,5,2,6,1,4"
4323,Fine-Tuned Model,"4,2,6,5,3,1"
4324,Fine-Tuned Model,"3,6,2,5,1,4"
4325,Fine-Tuned Model,"1,3,2,5,6,1"
4326,Fine-Tuned Model,
4327,Fine-Tuned Model,"3,6,1,5,2,4"
4328,Fine-Tuned Model,"2,4,3,5,1,6"
4329,Fine-Tuned Model,"1,2,5,3,2,6"
4330,Fine-Tuned Model,"3,6,2,5,4,1"
4331,Fine-Tuned Model,"4,3,6,2,5,1"
4332,Fine-Tuned Model,"5,3,2,6,4,1"
4333,Fine-Tuned Model,"6,1,6,1,3,6"
4334,Fine-Tuned Model,"1,4,2,5,6,3"
4335,Fine-Tuned Model,
4336,Fine-Tuned Model,6
4337,Fine-Tuned Model,"2,4,6,3,1,5"
4338,Fine-Tuned Model,"2,4,3,6,5,1"
4339,Fine-Tuned Model,"2,6,4,5,3,1"
4340,Fine-Tuned Model,"1,3,2,5,1,6"
4341,Fine-Tuned Model,"1,6,2,3,3,5"
4342,Fine-Tuned Model,"1,4,2,6,3,5"
4343,Fine-Tuned Model,"1,3,5,4,2,6"
4344,Fine-Tuned Model,"3,6,1,5,4,2"
4345,Fine-Tuned Model,"5,6,4,3,1,5"
4346,Fine-Tuned Model,
4347,Fine-Tuned Model,"4,1,3,6,5,2"
4348,Fine-Tuned Model,
4349,Fine-Tuned Model,"2,4,5,6,3,1"
4350,Fine-Tuned Model,"6,1"
4351,Fine-Tuned Model,"1,6,6,1,6,6"
4352,Fine-Tuned Model,"4,2,6,5,1,3"
4353,Fine-Tuned Model,"4,6,2,5,3,1"
4354,Fine-Tuned Model,"4,2,6,5,1,3"
4355,Fine-Tuned Model,"4,1,3,6,2,5"
4356,Fine-Tuned Model,"3,4,1,6,2,5"
4357,Fine-Tuned Model,"4,2,6,5,1,3"
4358,Fine-Tuned Model,"1,2,3,6,5,2"
4359,Fine-Tuned Model,"1,2,3,4,5,6"
4360,Fine-Tuned Model,"5,3,6,2,4,1"
4361,Fine-Tuned Model,
4362,Fine-Tuned Model,"1,6,6,2,6,1"
4363,Fine-Tuned Model,"2,4,3,1,6,2"
4364,Fine-Tuned Model,
4365,Fine-Tuned Model,"4,2,6,3,5,1"
4366,Fine-Tuned Model,"2,4,3,6,5,1"
4367,Fine-Tuned Model,
4368,Fine-Tuned Model,"1,4,2,6,3,5"
4369,Fine-Tuned Model,"1,2,3,4,5,6"
4370,Fine-Tuned Model,"4,3,6,2,5,1"
4371,Fine-Tuned Model,"1,6,2"
4372,Fine-Tuned Model,1
4373,Fine-Tuned Model,"3,2,6,4,5,1"
4374,Fine-Tuned Model,"1,6,5,1,6,3"
4375,Fine-Tuned Model,
4376,Fine-Tuned Model,"4,2,6,5,1,3"
4377,Fine-Tuned Model,"3,6,1,5,4,2"
4378,Fine-Tuned Model,"2,5,4,1,6,3"
4379,Fine-Tuned Model,"4,3,6,5,2,1"
4380,Fine-Tuned Model,"3,6,2,5,4,1"
4381,Fine-Tuned Model,
4382,Fine-Tuned Model,"3,1,6,2,5,4"
4383,Fine-Tuned Model,
4384,Fine-Tuned Model,"5,3,1,4,6,2"
4385,Fine-Tuned Model,
4386,Fine-Tuned Model,"3,6,2,5,1,4"
4387,Fine-Tuned Model,
4388,Fine-Tuned Model,"4,2,6,3,1,5"
4389,Fine-Tuned Model,"4,2,5,6,3,1"
4390,Fine-Tuned Model,"5,2,6,3,1,4"
4391,Fine-Tuned Model,"2,4,3,5,1,6"
4392,Fine-Tuned Model,"3,5,2,1,4,6"
4393,Fine-Tuned Model,"3,5,2,4,6,1"
4394,Fine-Tuned Model,
4395,Fine-Tuned Model,
4396,Fine-Tuned Model,"3,6,2,5,4,1"
4397,Fine-Tuned Model,"3,2,5,3,4,6"
4398,Fine-Tuned Model,"3,1,5,2,4,6"
4399,Fine-Tuned Model,"1,4,2,6,5,3"
4400,Fine-Tuned Model,"2,5,4,3,6,1"
4401,Fine-Tuned Model,"2,4,5,5,2"
4402,Fine-Tuned Model,"5,3,2,6,1,4"
4403,Fine-Tuned Model,"3,6,4,5,2,1"
4404,Fine-Tuned Model,"5,3,1,6,4,2"
4405,Fine-Tuned Model,"5,2,6,1,3,4"
4406,Fine-Tuned Model,"1,2,4,1,5,1"
4407,Fine-Tuned Model,"4,2,6,1,3,5"
4408,Fine-Tuned Model,"2,4,3,6,1,5"
4409,Fine-Tuned Model,"2,5,1,6,3,4"
4410,Fine-Tuned Model,"5,3,1,2,4,6"
4411,Fine-Tuned Model,"1,2,3,4,5,6"
4412,Fine-Tuned Model,"3,5,1,6,2,4"
4413,Fine-Tuned Model,"4,2,6,1,3,5"
4414,Fine-Tuned Model,
4415,Fine-Tuned Model,"4,2,6,5,3,1"
4416,Fine-Tuned Model,"1,4,3,5,2,6"
4417,Fine-Tuned Model,"3,6,4,2,5,1"
4418,Fine-Tuned Model,"1,4,2,6,3,5"
4419,Fine-Tuned Model,"4,2,6,3,1,5"
4420,Fine-Tuned Model,"2,6,4,5,3,1"
4421,Fine-Tuned Model,"3,6,2,5,1"
4422,Fine-Tuned Model,"6,1,6"
4423,Fine-Tuned Model,"4,2,6,1,3,5"
4424,Fine-Tuned Model,
4425,Fine-Tuned Model,
4426,Fine-Tuned Model,"2,6,3,5,1,4"
4427,Fine-Tuned Model,"4,3,2,5,6,1"
4428,Fine-Tuned Model,
4429,Fine-Tuned Model,"4,2,5,3,1,6"
4430,Fine-Tuned Model,"5,3,2,6,1,4"
4431,Fine-Tuned Model,"3,2,6,1,5,4"
4432,Fine-Tuned Model,"2,5,6,3,6,2"
4433,Fine-Tuned Model,"3,1,6,4,2,5"
4434,Fine-Tuned Model,"6,4,2,6"
4435,Fine-Tuned Model,"1,4,2,6,5,3"
4436,Fine-Tuned Model,"3,4,2,5,6,1"
4437,Fine-Tuned Model,"1,4,3,6,2,5"
4438,Fine-Tuned Model,
4439,Fine-Tuned Model,"1,6,6"
4440,Fine-Tuned Model,"3,4,2,6,5,1"
4441,Fine-Tuned Model,"3,6,2,5,1,4"
4442,Fine-Tuned Model,"1,3,2,6,4,5"
4443,Fine-Tuned Model,"6,1,6"
4444,Fine-Tuned Model,"1,4,2,6,5,3"
4445,Fine-Tuned Model,"3,6,2,5,4,1"
4446,Fine-Tuned Model,
4447,Fine-Tuned Model,"5,2,3,1,6,4"
4448,Fine-Tuned Model,"3,1,6,2,5,4"
4449,Fine-Tuned Model,"5,2,6,1,4,3"
4450,Fine-Tuned Model,"6,1,2,3,4"
4451,Fine-Tuned Model,
4452,Fine-Tuned Model,"2,5,3,6,1,4"
4453,Fine-Tuned Model,"6,1,6,1,5,6"
4454,Fine-Tuned Model,"2,4,6,1,5,3"
4455,Fine-Tuned Model,
4456,Fine-Tuned Model,"4,2,6,3,1,5"
4457,Fine-Tuned Model,"2,5,3,1,6,4"
4458,Fine-Tuned Model,"2,4,1,6,3,5"
4459,Fine-Tuned Model,"2,6,4,1,5,3"
4460,Fine-Tuned Model,
4461,Fine-Tuned Model,"4,2,6,1,5,3"
4462,Fine-Tuned Model,"1,4,6,5,2,3"
4463,Fine-Tuned Model,"4,2,6,3,5,1"
4464,Fine-Tuned Model,"2,5,4,6,1,3"
4465,Fine-Tuned Model,"3,2,6,4,5,1"
4466,Fine-Tuned Model,"3,2,6,5,1,4"
4467,Fine-Tuned Model,"3,6,2,5,1,4"
4468,Fine-Tuned Model,"3,4,5,2,6,1"
4469,Fine-Tuned Model,"3,6,2,5,1"
4470,Fine-Tuned Model,"3,6,1,2,5,4"
4471,Fine-Tuned Model,"6,1,6"
4472,Fine-Tuned Model,"2,3,6,1,4,3"
4473,Fine-Tuned Model,"1,3,4,2,6,5"
4474,Fine-Tuned Model,
4475,Fine-Tuned Model,
4476,Fine-Tuned Model,"1,4,2,5,6,3"
4477,Fine-Tuned Model,"1,3,2,6,4,5"
4478,Fine-Tuned Model,
4479,Fine-Tuned Model,"5,2,6,3,4,1"
4480,Fine-Tuned Model,
4481,Fine-Tuned Model,"1,2,4,6,3,5"
4482,Fine-Tuned Model,"6,1,6,3,1,5"
4483,Fine-Tuned Model,"3,5,6,1,2,4"
4484,Fine-Tuned Model,
4485,Fine-Tuned Model,"1,6,6"
4486,Fine-Tuned Model,"1,4,2,3,6,5"
4487,Fine-Tuned Model,"4,2,6,3,1,5"
4488,Fine-Tuned Model,"5,2,6,4,3,1"
4489,Fine-Tuned Model,"6,3,4,2,5,1"
4490,Fine-Tuned Model,"3,5,2,4,6,3"
4491,Fine-Tuned Model,"3,6,2,5,1,4"
4492,Fine-Tuned Model,"3,4,2,6,3,5"
4493,Fine-Tuned Model,"2,6,3,5,1,4"
4494,Fine-Tuned Model,"2,6,1,5,3,4"
4495,Fine-Tuned Model,
4496,Fine-Tuned Model,"5,2,3,4,6,1"
4497,Fine-Tuned Model,
4498,Fine-Tuned Model,"1,4,2,6,5,3"
4499,Fine-Tuned Model,"1,2,6,5,3,4"
4500,Fine-Tuned Model,"4,2,6,1,5,3"
4501,Fine-Tuned Model,"1,2,3,4,5,6"
4502,Fine-Tuned Model,"3,6,4,5,2,1"
4503,Fine-Tuned Model,"1,3,2,6,5,4"
4504,Fine-Tuned Model,
4505,Fine-Tuned Model,"2,3,4,6,1,5"
4506,Fine-Tuned Model,"3,5,4,2,6,1"
4507,Fine-Tuned Model,
4508,Fine-Tuned Model,"2,3,6,4,2,5"
4509,Fine-Tuned Model,"5,2,3,6,1,4"
4510,Fine-Tuned Model,"1,6,2,4,3,5"
4511,Fine-Tuned Model,"2,4,3,1,6,5"
4512,Fine-Tuned Model,
4513,Fine-Tuned Model,"1,2,3,6,5,4"
4514,Fine-Tuned Model,"4,6,3,2,5,1"
4515,Fine-Tuned Model,"1,4,3,6,2,5"
4516,Fine-Tuned Model,"2,6,3,5,4,1"
4517,Fine-Tuned Model,
4518,Fine-Tuned Model,"2,5,3,1,6,4"
4519,Fine-Tuned Model,"4,2,5,1,6,3"
4520,Fine-Tuned Model,"1,2,5,4,2,6"
4521,Fine-Tuned Model,"4,2,6,1,5,3"
4522,Fine-Tuned Model,"4,2,6,3,5"
4523,Fine-Tuned Model,"3,5,1,2,6,4"
4524,Fine-Tuned Model,"6,1,3,2,5"
4525,Fine-Tuned Model,"1,6,1,6"
4526,Fine-Tuned Model,"1,3,5,2,4,6"
4527,Fine-Tuned Model,
4528,Fine-Tuned Model,
4529,Fine-Tuned Model,
4530,Fine-Tuned Model,"1,6,6"
4531,Fine-Tuned Model,"3,2,6,5,1,4"
4532,Fine-Tuned Model,"1,2,3,4,5,6"
4533,Fine-Tuned Model,"3,5,2,6,1,4"
4534,Fine-Tuned Model,"3,4,2,5,1,6"
4535,Fine-Tuned Model,"4,6,1,5,3,2"
4536,Fine-Tuned Model,
4537,Fine-Tuned Model,"1,3,4,3,4,1"
4538,Fine-Tuned Model,"2,5,3,6,4,1"
4539,Fine-Tuned Model,
4540,Fine-Tuned Model,"5,3,6,1,2,4"
4541,Fine-Tuned Model,"1,6,4"
4542,Fine-Tuned Model,"1,6,6"
4543,Fine-Tuned Model,"3,5,6,1,3,4"
4544,Fine-Tuned Model,"2,6,3,4,2,5"
4545,Fine-Tuned Model,"3,6,2,5,4,1"
4546,Fine-Tuned Model,"1,5,4,2,6,3"
4547,Fine-Tuned Model,"1,6,6"
4548,Fine-Tuned Model,"3,6,2,5,4,1"
4549,Fine-Tuned Model,"1,2,3"
4550,Fine-Tuned Model,"4,5,1,2,5,6"
4551,Fine-Tuned Model,"3,4,2,5,1,6"
4552,Fine-Tuned Model,"4,2,6,1,3,5"
4553,Fine-Tuned Model,"1,3,2,5,6,4"
4554,Fine-Tuned Model,"2,6,1,3,5,4"
4555,Fine-Tuned Model,"3,6,5,2,4,1"
4556,Fine-Tuned Model,"6,1,6"
4557,Fine-Tuned Model,"1,6,3,4,2,6"
4558,Fine-Tuned Model,2
4559,Fine-Tuned Model,"6,3,2,4,5,1"
4560,Fine-Tuned Model,"1,1,6,1,2,1"
4561,Fine-Tuned Model,
4562,Fine-Tuned Model,"3,6,2,5,4,1"
4563,Fine-Tuned Model,
4564,Fine-Tuned Model,"2,5,1,4,6,3"
4565,Fine-Tuned Model,"5,2,6,1,4,3"
4566,Fine-Tuned Model,"5,4,6,3,2,1"
4567,Fine-Tuned Model,"1,2,3,4,5,6"
4568,Fine-Tuned Model,"1,2,3,4,5"
4569,Fine-Tuned Model,"4,2,6,3,5,1"
4570,Fine-Tuned Model,
4571,Fine-Tuned Model,"3,5,1,2,4,6"
4572,Fine-Tuned Model,"4,3,5,2,6,1"
4573,Fine-Tuned Model,"1,4,2,6,3,5"
4574,Fine-Tuned Model,"1,5,2,3,4,6"
4575,Fine-Tuned Model,"5,3,6,2,4,1"
4576,Fine-Tuned Model,"1,6,3,2,4,5"
4577,Fine-Tuned Model,"1,6"
4578,Fine-Tuned Model,"4,6,3,5,2,1"
4579,Fine-Tuned Model,"4,3,6,2,5,1"
4580,Fine-Tuned Model,"6,4,3,2,1,5"
4581,Fine-Tuned Model,
4582,Fine-Tuned Model,"1,6"
4583,Fine-Tuned Model,"3,6,2,5,4,1"
4584,Fine-Tuned Model,"3,1,6,4,2,5"
4585,Fine-Tuned Model,"1,3,5,1,2,6"
4586,Fine-Tuned Model,
4587,Fine-Tuned Model,"4,2,6,3,1,5"
4588,Fine-Tuned Model,
4589,Fine-Tuned Model,"4,2,6,1,3,5"
4590,Fine-Tuned Model,
4591,Fine-Tuned Model,"4,2,3,6,5,1"
4592,Fine-Tuned Model,
4593,Fine-Tuned Model,"4,3,5,2,6,1"
4594,Fine-Tuned Model,
4595,Fine-Tuned Model,
4596,Fine-Tuned Model,"4,1,6,2,3,5"
4597,Fine-Tuned Model,"3,4,1,6,5,2"
4598,Fine-Tuned Model,"1,2,5,3,6,4"
4599,Fine-Tuned Model,"5,3,6,2,4,1"
4600,Fine-Tuned Model,"2,6,1,5,3,4"
4601,Fine-Tuned Model,
4602,Fine-Tuned Model,
4603,Fine-Tuned Model,"4,2,3,6,1,5"
4604,Fine-Tuned Model,
4605,Fine-Tuned Model,"2,4,5,6,3,1"
4606,Fine-Tuned Model,"3,2,5,6,4,1"
4607,Fine-Tuned Model,"1,4,6,3,2,5"
4608,Fine-Tuned Model,"2,5,6,1,3,4"
4609,Fine-Tuned Model,"3,4,2,1,6,5"
4610,Fine-Tuned Model,"1,3"
4611,Fine-Tuned Model,"6,1,6"
4612,Fine-Tuned Model,"1,3,2,5,3,2"
4613,Fine-Tuned Model,"4,6,2,5,3,1"
4614,Fine-Tuned Model,
4615,Fine-Tuned Model,
4616,Fine-Tuned Model,"3,5,6,2,1,4"
4617,Fine-Tuned Model,"1,2,3,4,5"
4618,Fine-Tuned Model,"4,3,6,2,5,1"
4619,Fine-Tuned Model,"3,2,6,5,1,4"
4620,Fine-Tuned Model,"3,2,6,5,1,4"
4621,Fine-Tuned Model,"4,2,5,1,6,3"
4622,Fine-Tuned Model,"1,1,6,2,1,6"
4623,Fine-Tuned Model,
4624,Fine-Tuned Model,"5,2,6,3,1,4"
4625,Fine-Tuned Model,"2,6,5,3,1,4"
4626,Fine-Tuned Model,
4627,Fine-Tuned Model,"4,2,6,5,1,3"
4628,Fine-Tuned Model,
4629,Fine-Tuned Model,
4630,Fine-Tuned Model,
4631,Fine-Tuned Model,"1,2,3,4,5,6"
4632,Fine-Tuned Model,"3,1,6,4,2,5"
4633,Fine-Tuned Model,"4,2,6,3,5,1"
4634,Fine-Tuned Model,"2,4,6,3,5,1"
4635,Fine-Tuned Model,"2,6,3,5,1,4"
4636,Fine-Tuned Model,"3,5,2,6,4,1"
4637,Fine-Tuned Model,"6,1,6,4,2,6"
4638,Fine-Tuned Model,
4639,Fine-Tuned Model,
4640,Fine-Tuned Model,"3,1,5,2,6,4"
4641,Fine-Tuned Model,"3,5,1,3,6,2"
4642,Fine-Tuned Model,"1,4,3,6,5,2"
4643,Fine-Tuned Model,"1,3,2,5,4,6"
4644,Fine-Tuned Model,"3,6,1,5,4,2"
4645,Fine-Tuned Model,
4646,Fine-Tuned Model,
4647,Fine-Tuned Model,"1,5,4,3,2,6"
4648,Fine-Tuned Model,"2,6,3,5,4,1"
4649,Fine-Tuned Model,"1,6"
4650,Fine-Tuned Model,
4651,Fine-Tuned Model,"4,2,6,3,5,1"
4652,Fine-Tuned Model,"5,2,3,6,1,4"
4653,Fine-Tuned Model,"6,3,5,2,4,1"
4654,Fine-Tuned Model,"4,2,5,6,3,1"
4655,Fine-Tuned Model,
4656,Fine-Tuned Model,"2,4,6,3,1,5"
4657,Fine-Tuned Model,"1,4,2,6,3,5"
4658,Fine-Tuned Model,"2,5,4,1,6,3"
4659,Fine-Tuned Model,"4,2,6,3,5,1"
4660,Fine-Tuned Model,"4,2,6,5,3,1"
4661,Fine-Tuned Model,"1,2,6,5,3,4"
4662,Fine-Tuned Model,
4663,Fine-Tuned Model,"4,2,6,5,1,3"
4664,Fine-Tuned Model,"3,6,1,5,2,4"
4665,Fine-Tuned Model,"3,4,5,2,6,1"
4666,Fine-Tuned Model,"3,6,2,5,4,1"
4667,Fine-Tuned Model,"3,6,2,5,4,1"
4668,Fine-Tuned Model,
4669,Fine-Tuned Model,"3,6,1,5,2,4"
4670,Fine-Tuned Model,"3,4,2,1,6,5"
4671,Fine-Tuned Model,"1,3,2,6,5,4"
4672,Fine-Tuned Model,"4,6,2,3,1,5"
4673,Fine-Tuned Model,"4,2,5,3,6,1"
4674,Fine-Tuned Model,"1,1,6,1,1,1"
4675,Fine-Tuned Model,"5,3,1,6,2,4"
4676,Fine-Tuned Model,"3,6,4,2,5,1"
4677,Fine-Tuned Model,"3,1,2,5,3"
4678,Fine-Tuned Model,"4,2,6,3,5,1"
4679,Fine-Tuned Model,"3,5,6,4,2,6"
4680,Fine-Tuned Model,
4681,Fine-Tuned Model,"4,2,6,3,5,1"
4682,Fine-Tuned Model,1
4683,Fine-Tuned Model,"2,6,3,1,5,4"
4684,Fine-Tuned Model,"6,4,5,3,2,6"
4685,Fine-Tuned Model,"4,2,6,5,3,1"
4686,Fine-Tuned Model,"4,3,6,2,5,1"
4687,Fine-Tuned Model,"3,6,4,2,5,1"
4688,Fine-Tuned Model,"4,2,6,3,5,1"
4689,Fine-Tuned Model,"1,3,2,6,5,4"
4690,Fine-Tuned Model,
4691,Fine-Tuned Model,"1,3,4,1,6,2"
4692,Fine-Tuned Model,"3,5,2,6,1,4"
4693,Fine-Tuned Model,"1,6,2,3,5,4"
4694,Fine-Tuned Model,5
4695,Fine-Tuned Model,
4696,Fine-Tuned Model,"4,2,6,1,3,5"
4697,Fine-Tuned Model,"2,4,1,5,3,6"
4698,Fine-Tuned Model,
4699,Fine-Tuned Model,"6,1,6"
4700,Fine-Tuned Model,"3,5,2,4,1,6"
4701,Fine-Tuned Model,"1,2,3,4,5,6"
4702,Fine-Tuned Model,"4,2,6,3,1,5"
4703,Fine-Tuned Model,"4,2,6,3,5,1"
4704,Fine-Tuned Model,
4705,Fine-Tuned Model,"5,2,6,1,4,3"
4706,Fine-Tuned Model,
4707,Fine-Tuned Model,"2,5,1,6,3,4"
4708,Fine-Tuned Model,"4,3,5,2,1,6"
4709,Fine-Tuned Model,"1,6"
4710,Fine-Tuned Model,"5,3,1,6,2,4"
4711,Fine-Tuned Model,"3,5,2,6,1,4"
4712,Fine-Tuned Model,"4,2,6,3,1,5"
4713,Fine-Tuned Model,"2,5,1,3,6,4"
4714,Fine-Tuned Model,"4,2,6,3,5,1"
4715,Fine-Tuned Model,"2,3,6,4,1,5"
4716,Fine-Tuned Model,"4,2,5,6,1,3"
4717,Fine-Tuned Model,1
4718,Fine-Tuned Model,"2,4,3,5,6,1"
4719,Fine-Tuned Model,"5,2,6,4,3,1"
4720,Fine-Tuned Model,
4721,Fine-Tuned Model,
4722,Fine-Tuned Model,1
4723,Fine-Tuned Model,
4724,Fine-Tuned Model,"4,2,5,1,6,3"
4725,Fine-Tuned Model,
4726,Fine-Tuned Model,"4,2,6,3,1,5"
4727,Fine-Tuned Model,"4,2,6,5,3,1"
4728,Fine-Tuned Model,
4729,Fine-Tuned Model,"1,2,3,4,5,6"
4730,Fine-Tuned Model,"3,6,1,4,3,2"
4731,Fine-Tuned Model,"5,2,6,3,1,4"
4732,Fine-Tuned Model,
4733,Fine-Tuned Model,
4734,Fine-Tuned Model,
4735,Fine-Tuned Model,"4,2,6,5,3,1"
4736,Fine-Tuned Model,1
4737,Fine-Tuned Model,"2,5,1,6,4,3"
4738,Fine-Tuned Model,
4739,Fine-Tuned Model,"4,2,5,1,6,3"
4740,Fine-Tuned Model,
4741,Fine-Tuned Model,"1,2,3,4,5,6"
4742,Fine-Tuned Model,"3,4,6,1,2,5"
4743,Fine-Tuned Model,"1,2,3,4,5,6"
4744,Fine-Tuned Model,"4,2,3,6,5,1"
4745,Fine-Tuned Model,"3,5,1,6,4,2"
4746,Fine-Tuned Model,"5,3,2,6,4,1"
4747,Fine-Tuned Model,"1,5"
4748,Fine-Tuned Model,
4749,Fine-Tuned Model,"4,3,2,5,1,6"
4750,Fine-Tuned Model,
4751,Fine-Tuned Model,"4,3,6,2,5,1"
4752,Fine-Tuned Model,"2,5,3,6,2,4"
4753,Fine-Tuned Model,"1,4,6,3,5,2"
4754,Fine-Tuned Model,"3,5,2,6,1,4"
4755,Fine-Tuned Model,"2,3,6,5,2,1"
4756,Fine-Tuned Model,"4,2,6,5,3,1"
4757,Fine-Tuned Model,"4,2,6,1,5,3"
4758,Fine-Tuned Model,
4759,Fine-Tuned Model,
4760,Fine-Tuned Model,"3,5,1,2,4,6"
4761,Fine-Tuned Model,"4,2,5,1,6,3"
4762,Fine-Tuned Model,"1,4,2,5,3,6"
4763,Fine-Tuned Model,"2,5,4,3,6,1"
4764,Fine-Tuned Model,"4,2,6,5,1,3"
4765,Fine-Tuned Model,"3,6,2,5,1,4"
4766,Fine-Tuned Model,"1,6,1,6,1,6"
4767,Fine-Tuned Model,"1,4,3,6,2,5"
4768,Fine-Tuned Model,"1,2"
4769,Fine-Tuned Model,"1,4,6,2,3,5"
4770,Fine-Tuned Model,"6,1,6,3"
4771,Fine-Tuned Model,"6,2,5,3,1,4"
4772,Fine-Tuned Model,"4,6,3,5,1,2"
4773,Fine-Tuned Model,"3,6,2,5,4,1"
4774,Fine-Tuned Model,
4775,Fine-Tuned Model,
4776,Fine-Tuned Model,"4,3,2,5,6,1"
4777,Fine-Tuned Model,"3,6,2,5,1,4"
4778,Fine-Tuned Model,"4,2,5,6,1,3"
4779,Fine-Tuned Model,"2,5,4,6,1,3"
4780,Fine-Tuned Model,"4,6,3,1,5,2"
4781,Fine-Tuned Model,"3,6,4,2,5,1"
4782,Fine-Tuned Model,"1,4,3,6,2,5"
4783,Fine-Tuned Model,
4784,Fine-Tuned Model,"5,3,2,6,4,1"
4785,Fine-Tuned Model,"1,6,6"
4786,Fine-Tuned Model,"2,5,4,1,3,6"
4787,Fine-Tuned Model,"3,5,4,2,6,1"
4788,Fine-Tuned Model,"3,2,6,4,5,1"
4789,Fine-Tuned Model,"4,1,6,2,5,3"
4790,Fine-Tuned Model,"1,2,3,4,5,6"
4791,Fine-Tuned Model,"1,4,2,5,3,6"
4792,Fine-Tuned Model,"5,2,6,3,5,1"
4793,Fine-Tuned Model,
4794,Fine-Tuned Model,"5,2,3,5,1,6"
4795,Fine-Tuned Model,"4,2,6,3,5,1"
4796,Fine-Tuned Model,"4,1,3,2,5,6"
4797,Fine-Tuned Model,"1,3,5,2,6,4"
4798,Fine-Tuned Model,"5,2,6,4,1,3"
4799,Fine-Tuned Model,"1,6,2,5,4,3"
4800,Fine-Tuned Model,"2,5,4,1,6,3"
4801,Fine-Tuned Model,
4802,Fine-Tuned Model,
4803,Fine-Tuned Model,"6,2,3,6,1,4"
4804,Fine-Tuned Model,"1,2,3,4,5,6"
4805,Fine-Tuned Model,"4,2,5,3,6,1"
4806,Fine-Tuned Model,"2,5,6,4,3,1"
4807,Fine-Tuned Model,"1,6,4,2,5,3"
4808,Fine-Tuned Model,"5,2,6,1,3,4"
4809,Fine-Tuned Model,"3,6,5,2,4,1"
4810,Fine-Tuned Model,"4,2,5,1,6,3"
4811,Fine-Tuned Model,
4812,Fine-Tuned Model,"1,6,1,6,1,1"
4813,Fine-Tuned Model,6
4814,Fine-Tuned Model,"2,5,1,6,3,4"
4815,Fine-Tuned Model,"1,2,3,4,5,6"
4816,Fine-Tuned Model,"3,1,6,2,4,5"
4817,Fine-Tuned Model,"3,5,6,2,1,4"
4818,Fine-Tuned Model,
4819,Fine-Tuned Model,
4820,Fine-Tuned Model,"1,2,3,4,5,6"
4821,Fine-Tuned Model,
4822,Fine-Tuned Model,
4823,Fine-Tuned Model,"3,6,5,1,2,4"
4824,Fine-Tuned Model,6
4825,Fine-Tuned Model,"2,5,4,1,3,6"
4826,Fine-Tuned Model,"2,6,3,1,4,5"
4827,Fine-Tuned Model,"1,2,3,4,5,6"
4828,Fine-Tuned Model,"4,2,6,3,1,5"
4829,Fine-Tuned Model,"1,2,3,4,5,6"
4830,Fine-Tuned Model,
4831,Fine-Tuned Model,
4832,Fine-Tuned Model,"1,3,2,6,3,4"
4833,Fine-Tuned Model,"3,6,2,5,4,1"
4834,Fine-Tuned Model,"5,2,6,4,3,1"
4835,Fine-Tuned Model,"4,2,6,3,5,1"
4836,Fine-Tuned Model,"2,3,1,5,4"
4837,Fine-Tuned Model,"5,2,6,3,1,4"
4838,Fine-Tuned Model,"3,6,2,5,1,4"
4839,Fine-Tuned Model,
4840,Fine-Tuned Model,
4841,Fine-Tuned Model,"3,6,2,5,1,4"
4842,Fine-Tuned Model,"4,2,5,6,1,3"
4843,Fine-Tuned Model,"4,2,6,3,5,1"
4844,Fine-Tuned Model,"2,6,1,3,5,4"
4845,Fine-Tuned Model,"3,2,4,5,1,6"
4846,Fine-Tuned Model,"5,2,6,1,4,3"
4847,Fine-Tuned Model,"3,6,2,5,1,4"
4848,Fine-Tuned Model,4
4849,Fine-Tuned Model,"6,6,1"
4850,Fine-Tuned Model,"1,2,3,4,5,6"
4851,Fine-Tuned Model,"4,2,6,3,5,1"
4852,Fine-Tuned Model,"5,3,6,2,1,4"
4853,Fine-Tuned Model,"1,6,3,5,2,4"
4854,Fine-Tuned Model,
4855,Fine-Tuned Model,"6,1,6"
4856,Fine-Tuned Model,"3,6,2,5,1,4"
4857,Fine-Tuned Model,"4,6,2,3,5,1"
4858,Fine-Tuned Model,"4,2,5,3,1,6"
4859,Fine-Tuned Model,"4,2,6,5,1,3"
4860,Fine-Tuned Model,"6,2,5,3,1,6"
4861,Fine-Tuned Model,"4,2,6,1,5,3"
4862,Fine-Tuned Model,"4,2,6,5,1,3"
4863,Fine-Tuned Model,"1,6,6"
4864,Fine-Tuned Model,
4865,Fine-Tuned Model,"3,1,5,3,2,4"
4866,Fine-Tuned Model,"3,2,6,4,1,5"
4867,Fine-Tuned Model,"4,2,6,1,3,5"
4868,Fine-Tuned Model,"1,2,3,4,5,6"
4869,Fine-Tuned Model,"3,6,2,5,4,1"
4870,Fine-Tuned Model,"3,4,2,5,6,1"
4871,Fine-Tuned Model,"1,2,3,4,5,6"
4872,Fine-Tuned Model,"1,4,2,6,5,3"
4873,Fine-Tuned Model,"3,6,2,5,4,1"
4874,Fine-Tuned Model,"4,2,5,3,6,1"
4875,Fine-Tuned Model,"5,2,6,3,1,4"
4876,Fine-Tuned Model,
4877,Fine-Tuned Model,"3,2,6,4,5,1"
4878,Fine-Tuned Model,"1,4,2,2,3,6"
4879,Fine-Tuned Model,"2,5,5"
4880,Fine-Tuned Model,"6,1,6"
4881,Fine-Tuned Model,
4882,Fine-Tuned Model,"3,5,2,1,6,4"
4883,Fine-Tuned Model,"4,2,6,3,5,1"
4884,Fine-Tuned Model,"4,2,5,1,3,6"
4885,Fine-Tuned Model,"3,4,1,6,3,5"
4886,Fine-Tuned Model,
4887,Fine-Tuned Model,"2,4,6,3,5,1"
4888,Fine-Tuned Model,"1,4,3,6,2,5"
4889,Fine-Tuned Model,"3,2,5,6,1,4"
4890,Fine-Tuned Model,"4,2,6,3,1,5"
4891,Fine-Tuned Model,"4,2,3,5,6,1"
4892,Fine-Tuned Model,
4893,Fine-Tuned Model,"3,6,1,5,2,4"
4894,Fine-Tuned Model,
4895,Fine-Tuned Model,"1,2,3,4,5,6"
4896,Fine-Tuned Model,"1,2,3,6,2,6"
4897,Fine-Tuned Model,"2,6,4,5,3,1"
4898,Fine-Tuned Model,"2,4,6,5,3,1"
4899,Fine-Tuned Model,
4900,Fine-Tuned Model,"1,6,6"
4901,Fine-Tuned Model,"3,2,5,6,4,1"
4902,Fine-Tuned Model,"1,6,2,2,3,1"
4903,Fine-Tuned Model,"4,2,6,5,1,3"
4904,Fine-Tuned Model,"4,3,2,5,1,6"
4905,Fine-Tuned Model,"4,2,5,3,1,6"
4906,Fine-Tuned Model,"6,6,5,2,3,1"
4907,Fine-Tuned Model,"1,2,3,4,5"
4908,Fine-Tuned Model,"2,6,4,3,5,1"
4909,Fine-Tuned Model,"3,2,5,6,4,1"
4910,Fine-Tuned Model,"3,6,2,5,1,4"
4911,Fine-Tuned Model,"5,3,2,6,1,4"
4912,Fine-Tuned Model,
4913,Fine-Tuned Model,"3,1,6,5,2,4"
4914,Fine-Tuned Model,
4915,Fine-Tuned Model,"4,2,6,1,3,5"
4916,Fine-Tuned Model,"1,2,3,4,5,6"
4917,Fine-Tuned Model,
4918,Fine-Tuned Model,"3,2,5,1,6,4"
4919,Fine-Tuned Model,"2,6,4,5,3,1"
4920,Fine-Tuned Model,
4921,Fine-Tuned Model,"1,2,3,4,5,6"
4922,Fine-Tuned Model,
4923,Fine-Tuned Model,"1,6,6,2,1,3"
4924,Fine-Tuned Model,"5,2,6,3,1,4"
4925,Fine-Tuned Model,
4926,Fine-Tuned Model,"2,6,5,3,4,1"
4927,Fine-Tuned Model,"3,6,2,5,1,4"
4928,Fine-Tuned Model,"2,5,3,6,1,4"
4929,Fine-Tuned Model,"2,5,4,1,6,3"
4930,Fine-Tuned Model,"4,2,6,1,3,5"
4931,Fine-Tuned Model,"4,2,6,3,5,1"
4932,Fine-Tuned Model,"1,6,6"
4933,Fine-Tuned Model,"2,6,3,5,4,1"
4934,Fine-Tuned Model,"1,1,4,2,2,2"
4935,Fine-Tuned Model,"3,5,2,6,1,4"
4936,Fine-Tuned Model,6
4937,Fine-Tuned Model,"3,4,1,2,5,6"
4938,Fine-Tuned Model,
4939,Fine-Tuned Model,"1,4,3,2,6,5"
4940,Fine-Tuned Model,"3,6,2,5,4,1"
4941,Fine-Tuned Model,"5,2,6,3,4,1"
4942,Fine-Tuned Model,"4,3,6,5,2,1"
4943,Fine-Tuned Model,"3,6,5,2,1,4"
4944,Fine-Tuned Model,
4945,Fine-Tuned Model,"4,3,6,2,5,1"
4946,Fine-Tuned Model,
4947,Fine-Tuned Model,"1,2,3,5,6,4"
4948,Fine-Tuned Model,
4949,Fine-Tuned Model,
4950,Fine-Tuned Model,"3,4,2,5,1,3"
4951,Fine-Tuned Model,"1,2,5,6,3,4"
4952,Fine-Tuned Model,"5,2,3,1,6,4"
4953,Fine-Tuned Model,
4954,Fine-Tuned Model,
4955,Fine-Tuned Model,"5,3,6,2,4,1"
4956,Fine-Tuned Model,1
4957,Fine-Tuned Model,
4958,Fine-Tuned Model,"1,2,3,4,5,6"
4959,Fine-Tuned Model,"4,6,2,3,5,1"
4960,Fine-Tuned Model,"3,6,1,5,2,4"
4961,Fine-Tuned Model,"3,6,2,4,1,5"
4962,Fine-Tuned Model,"4,2,5,6,1,3"
4963,Fine-Tuned Model,"1,2,4,6,3,5"
4964,Fine-Tuned Model,"3,6,2,5,4,1"
4965,Fine-Tuned Model,"2,5,4,6,1,3"
4966,Fine-Tuned Model,"1,2,2,3,4,4"
4967,Fine-Tuned Model,
4968,Fine-Tuned Model,"1,6,6"
4969,Fine-Tuned Model,"2,5,4,3,1,6"
4970,Fine-Tuned Model,"6,1,6,6,1,6"
4971,Fine-Tuned Model,"3,2,5,6,4,1"
4972,Fine-Tuned Model,6
4973,Fine-Tuned Model,
4974,Fine-Tuned Model,"3,6,1,5,2,4"
4975,Fine-Tuned Model,"4,2,6,1,3,5"
4976,Fine-Tuned Model,"2,4,3,5,2,6"
4977,Fine-Tuned Model,"1,2,4,3,5,2"
4978,Fine-Tuned Model,
4979,Fine-Tuned Model,"4,6,3,5,2"
4980,Fine-Tuned Model,"1,4,3,2,6,5"
4981,Fine-Tuned Model,
4982,Fine-Tuned Model,
4983,Fine-Tuned Model,
4984,Fine-Tuned Model,"4,2,6,5,3,1"
4985,Fine-Tuned Model,"1,2,4,5,2,3"
4986,Fine-Tuned Model,"2,4,6,1,5,3"
4987,Fine-Tuned Model,"3,6,2,5,1,4"
4988,Fine-Tuned Model,"4,6,3,2,1,5"
4989,Fine-Tuned Model,"4,6,2,5,3,1"
4990,Fine-Tuned Model,"4,2,6,1,3,5"
4991,Fine-Tuned Model,"4,3,2,1,6,5"
4992,Fine-Tuned Model,"1,5,2,4,6,3"
4993,Fine-Tuned Model,"1,3,6,4,5,2"
4994,Fine-Tuned Model,
4995,Fine-Tuned Model,
4996,Fine-Tuned Model,"5,2,6,3,1,4"
4997,Fine-Tuned Model,"1,6,6,1,6"
4998,Fine-Tuned Model,"3,5,4,1,3,6"
4999,Fine-Tuned Model,"5,2,4,1,3,6"
5000,Fine-Tuned Model,"1,2,3,4,5,6"
5001,Fine-Tuned Model,"1,5,2,6,3,4"
5002,Fine-Tuned Model,"4,2,6,3,1,5"
5003,Fine-Tuned Model,"3,5,2,6,1,4"
5004,Fine-Tuned Model,"5,1,4,3,5,2"
5005,Fine-Tuned Model,"3,2,6,1,4,5"
5006,Fine-Tuned Model,"3,6,1,5,2,4"
5007,Fine-Tuned Model,"3,2,6,5,1,4"
5008,Fine-Tuned Model,
5009,Fine-Tuned Model,"1,6,1,6,1,6"
5010,Fine-Tuned Model,
5011,Fine-Tuned Model,"3,5,2,6,4,1"
5012,Fine-Tuned Model,"6,2,4,1,3"
5013,Fine-Tuned Model,
5014,Fine-Tuned Model,"4,3,2,5,6,1"
5015,Fine-Tuned Model,"5,3,6,2,1,4"
5016,Fine-Tuned Model,
5017,Fine-Tuned Model,"5,3,2,6,1,4"
5018,Fine-Tuned Model,
5019,Fine-Tuned Model,
5020,Fine-Tuned Model,"5,2,6,1,3,4"
5021,Fine-Tuned Model,"6,2,6"
5022,Fine-Tuned Model,"3,6,2,5,1,4"
5023,Fine-Tuned Model,
5024,Fine-Tuned Model,"4,6,3,2,5,1"
5025,Fine-Tuned Model,"5,3,2,6,1,4"
5026,Fine-Tuned Model,"2,4,3,6,1,5"
5027,Fine-Tuned Model,
5028,Fine-Tuned Model,"2,5,3,6,4,1"
5029,Fine-Tuned Model,"3,5,2,6,1,4"
5030,Fine-Tuned Model,"2,5,1,4,3,6"
5031,Fine-Tuned Model,"3,6,2,4,5,1"
5032,Fine-Tuned Model,"1,3,5,6,2,4"
5033,Fine-Tuned Model,"3,1,6,2,4,5"
5034,Fine-Tuned Model,"3,4,1,2,6,5"
5035,Fine-Tuned Model,"3,1,6,4,2,5"
5036,Fine-Tuned Model,"1,6,1,6,1,6"
5037,Fine-Tuned Model,"4,2,6,5,1,3"
5038,Fine-Tuned Model,
5039,Fine-Tuned Model,
5040,Fine-Tuned Model,"1,2,3,4,5,6"
5041,Fine-Tuned Model,"1,2,4,3,5,6"
5042,Fine-Tuned Model,"4,2,6,3,1,5"
5043,Fine-Tuned Model,"3,2,6,5,1,4"
5044,Fine-Tuned Model,"4,2,6,5,3,1"
5045,Fine-Tuned Model,"4,2,5,1,6,3"
5046,Fine-Tuned Model,
5047,Fine-Tuned Model,"6,4,3,2,5,1"
5048,Fine-Tuned Model,"3,6,4,2,5,1"
5049,Fine-Tuned Model,
5050,Fine-Tuned Model,"3,6,2,1,5,4"
5051,Fine-Tuned Model,
5052,Fine-Tuned Model,"1,6,2,4,3,3"
5053,Fine-Tuned Model,"1,4,2,5,6,3"
5054,Fine-Tuned Model,"1,6,6"
5055,Fine-Tuned Model,"3,4,2,5,1,6"
5056,Fine-Tuned Model,"5,2,6,1,3,5"
5057,Fine-Tuned Model,"1,6,4,5,3,2"
5058,Fine-Tuned Model,"5,3,1,2,6,4"
5059,Fine-Tuned Model,"3,6,2,5,4,1"
5060,Fine-Tuned Model,
5061,Fine-Tuned Model,"4,2,5,1,6,3"
5062,Fine-Tuned Model,"3,6,1,5,2,4"
5063,Fine-Tuned Model,"2,5,4,1,3,6"
5064,Fine-Tuned Model,"1,3,5,2,6,4"
5065,Fine-Tuned Model,"1,4,3,6,2,5"
5066,Fine-Tuned Model,"1,6,2,2,3,5"
5067,Fine-Tuned Model,
5068,Fine-Tuned Model,
5069,Fine-Tuned Model,"4,2,6,5,1,3"
5070,Fine-Tuned Model,"4,2,6,1,3,5"
5071,Fine-Tuned Model,
5072,Fine-Tuned Model,"2,4,6,3,1,5"
5073,Fine-Tuned Model,"5,2,6,1,4,3"
5074,Fine-Tuned Model,"3,6,2,1,5,4"
5075,Fine-Tuned Model,"4,3,1,6,2,5"
5076,Fine-Tuned Model,"3,5,4,2,6,1"
5077,Fine-Tuned Model,
5078,Fine-Tuned Model,
5079,Fine-Tuned Model,"1,1,6,1,6,1"
5080,Fine-Tuned Model,
5081,Fine-Tuned Model,"4,3,6,2,5,1"
5082,Fine-Tuned Model,"4,6,2,3,5,1"
5083,Fine-Tuned Model,
5084,Fine-Tuned Model,"2,6,4,1,3,5"
5085,Fine-Tuned Model,"3,6,2,5,4,1"
5086,Fine-Tuned Model,"1,6,3,5,2,4"
5087,Fine-Tuned Model,"4,6,3,5,2,1"
5088,Fine-Tuned Model,"5,3,2,6,1,4"
5089,Fine-Tuned Model,"3,1,6,4,2,5"
5090,Fine-Tuned Model,"4,3,6,2,5,1"
5091,Fine-Tuned Model,"6,1,6"
5092,Fine-Tuned Model,"3,6,4,1,5,2"
5093,Fine-Tuned Model,"5,1,2,6,3,4"
5094,Fine-Tuned Model,6
5095,Fine-Tuned Model,"3,5,2,6,4,1"
5096,Fine-Tuned Model,"3,1,4,6,2,5"
5097,Fine-Tuned Model,"4,2,6,3,5,1"
5098,Fine-Tuned Model,"3,2,6,1,5,4"
5099,Fine-Tuned Model,
5100,Fine-Tuned Model,"4,3,6,2,5,1"
5101,Fine-Tuned Model,"3,2,6,5,1,4"
5102,Fine-Tuned Model,"3,6,2,5,1,4"
5103,Fine-Tuned Model,
5104,Fine-Tuned Model,"4,3,6,2,5,1"
5105,Fine-Tuned Model,
5106,Fine-Tuned Model,"1,2,3,4,5,6"
5107,Fine-Tuned Model,"3,6,4,2,1,5"
5108,Fine-Tuned Model,
5109,Fine-Tuned Model,"6,3,2,5,6,1"
5110,Fine-Tuned Model,
5111,Fine-Tuned Model,"1,6,6"
5112,Fine-Tuned Model,"2,5,3,1,4,6"
5113,Fine-Tuned Model,
5114,Fine-Tuned Model,"3,5,2,1,4,6"
5115,Fine-Tuned Model,
5116,Fine-Tuned Model,"2,5,3,6,1,4"
5117,Fine-Tuned Model,"6,3,2,5,1,4"
5118,Fine-Tuned Model,"1,3,2,5,6,4"
5119,Fine-Tuned Model,
5120,Fine-Tuned Model,"4,2,5,6,3,1"
5121,Fine-Tuned Model,"5,2,4"
5122,Fine-Tuned Model,"5,3,2,6,1,4"
5123,Fine-Tuned Model,"3,6,2,5,1,4"
5124,Fine-Tuned Model,"1,2,3,4,5,6"
5125,Fine-Tuned Model,
5126,Fine-Tuned Model,"5,3,1,6,2,4"
5127,Fine-Tuned Model,1
5128,Fine-Tuned Model,"4,2,5,6,3,1"
5129,Fine-Tuned Model,"2,4,5,3,1,6"
5130,Fine-Tuned Model,"5,3,2,6,1,4"
5131,Fine-Tuned Model,"4,2,6,3,5,1"
5132,Fine-Tuned Model,"3,6,2,5,4,1"
5133,Fine-Tuned Model,"1,6,6"
5134,Fine-Tuned Model,"1,3,2,5,3,2"
5135,Fine-Tuned Model,"3,6,2,5,4,1"
5136,Fine-Tuned Model,"4,3,2,6,1,5"
5137,Fine-Tuned Model,"2,5,4,1,6,3"
5138,Fine-Tuned Model,"1,5,2,4,6,3"
5139,Fine-Tuned Model,"2,6,3,1,4,5"
5140,Fine-Tuned Model,"2,6,3,1,4,5"
5141,Fine-Tuned Model,"2,5,3,6,2,1"
5142,Fine-Tuned Model,"1,3,5,2,6,4"
5143,Fine-Tuned Model,"4,2,6,3,5,1"
5144,Fine-Tuned Model,
5145,Fine-Tuned Model,"3,4,5,6,1,4"
5146,Fine-Tuned Model,1
5147,Fine-Tuned Model,"4,2,3,6,5,1"
5148,Fine-Tuned Model,"2,6,5,4,1,3"
5149,Fine-Tuned Model,"3,6,4,1,5,2"
5150,Fine-Tuned Model,
5151,Fine-Tuned Model,"1,5,2,3,3,1"
5152,Fine-Tuned Model,"6,1,6,1,6,1"
5153,Fine-Tuned Model,"1,6,6,6,3,1"
5154,Fine-Tuned Model,
5155,Fine-Tuned Model,"4,2,3,6,5,1"
5156,Fine-Tuned Model,"1,4,3,2,5,6"
5157,Fine-Tuned Model,"1,5,3,2,6,4"
5158,Fine-Tuned Model,"4,2,6,5,3,1"
5159,Fine-Tuned Model,"4,2,5,3,6,1"
5160,Fine-Tuned Model,
5161,Fine-Tuned Model,"1,2,3,6,2,5"
5162,Fine-Tuned Model,"5,2,6,4,1,3"
5163,Fine-Tuned Model,
5164,Fine-Tuned Model,"1,5,6,3,5,1"
5165,Fine-Tuned Model,"4,3,6,2,5,1"
5166,Fine-Tuned Model,"4,3,6,5,1,2"
5167,Fine-Tuned Model,
5168,Fine-Tuned Model,"1,6,1,6,1,6"
5169,Fine-Tuned Model,"6,1,6"
5170,Fine-Tuned Model,"4,2,6,1,5,3"
5171,Fine-Tuned Model,"1,3,2,6,5,4"
5172,Fine-Tuned Model,"1,6"
5173,Fine-Tuned Model,"2,5,6,3,2,4"
5174,Fine-Tuned Model,"1,1,2,2,3,3"
5175,Fine-Tuned Model,
5176,Fine-Tuned Model,"2,6,4,3,5,1"
5177,Fine-Tuned Model,"6,1,6,1,6,1"
5178,Fine-Tuned Model,
5179,Fine-Tuned Model,"2,4,1,5,6,3"
5180,Fine-Tuned Model,
5181,Fine-Tuned Model,"4,2,3,1,6,5"
5182,Fine-Tuned Model,"1,2,3,4,5"
5183,Fine-Tuned Model,"4,2,6,3,5,1"
5184,Fine-Tuned Model,"6,1,6"
5185,Fine-Tuned Model,"4,2,5,1,6,3"
5186,Fine-Tuned Model,"4,6,2,3,5,1"
5187,Fine-Tuned Model,"1,2,3,4,5,6"
5188,Fine-Tuned Model,
5189,Fine-Tuned Model,"1,4,2,6,5,3"
5190,Fine-Tuned Model,"4,6,2,5,3,1"
5191,Fine-Tuned Model,"1,6"
5192,Fine-Tuned Model,
5193,Fine-Tuned Model,"5,2,6,1,3,4"
5194,Fine-Tuned Model,
5195,Fine-Tuned Model,"1,2,3,4,5,6"
5196,Fine-Tuned Model,"3,2,6,5,1,4"
5197,Fine-Tuned Model,
5198,Fine-Tuned Model,"4,2,6,3,1,5"
5199,Fine-Tuned Model,
5200,Fine-Tuned Model,"3,1,6,4,2,5"
5201,Fine-Tuned Model,
5202,Fine-Tuned Model,"1,2,3,4,5,6"
5203,Fine-Tuned Model,"3,4,5,3,5,6"
5204,Fine-Tuned Model,"4,2,6,1,5,3"
5205,Fine-Tuned Model,"5,3,2,1,4,6"
5206,Fine-Tuned Model,"5,2,6,3,1,4"
5207,Fine-Tuned Model,"5,2,3,6,1,4"
5208,Fine-Tuned Model,
5209,Fine-Tuned Model,
5210,Fine-Tuned Model,"1,3,6,2,5,4"
5211,Fine-Tuned Model,"4,2,6,5,1,3"
5212,Fine-Tuned Model,"3,5,4,2,6,1"
5213,Fine-Tuned Model,"5,3,1,6,4,2"
5214,Fine-Tuned Model,"4,2,6,3,5,1"
5215,Fine-Tuned Model,"2,4,6,3,5,1"
5216,Fine-Tuned Model,"4,6,2,3,1,5"
5217,Fine-Tuned Model,"4,3,6,2,5,1"
5218,Fine-Tuned Model,"4,3,2,6,5,1"
5219,Fine-Tuned Model,"3,1,6,4,2,5"
5220,Fine-Tuned Model,
5221,Fine-Tuned Model,
5222,Fine-Tuned Model,"3,6,1,4,5,2"
5223,Fine-Tuned Model,"3,5"
5224,Fine-Tuned Model,"5,2,6,3,1,4"
5225,Fine-Tuned Model,
5226,Fine-Tuned Model,"5,2,3,6,1,4"
5227,Fine-Tuned Model,"5,2,3,1,4,6"
5228,Fine-Tuned Model,"4,2,6,1,5,3"
5229,Fine-Tuned Model,"1,2,3,3,4,5"
5230,Fine-Tuned Model,
5231,Fine-Tuned Model,"1,3,2,5,4,6"
5232,Fine-Tuned Model,"1,4,6,3,2,5"
5233,Fine-Tuned Model,"2,5,1,6,4,3"
5234,Fine-Tuned Model,"3,6,4,2,5,1"
5235,Fine-Tuned Model,"4,2,5,6,1,3"
5236,Fine-Tuned Model,"3,4,2,6,3,5"
5237,Fine-Tuned Model,"4,2,6,5,1,3"
5238,Fine-Tuned Model,
5239,Fine-Tuned Model,
5240,Fine-Tuned Model,"2,4,6,5,3,1"
5241,Fine-Tuned Model,"1,6,6"
5242,Fine-Tuned Model,"3,4,6,1,5,2"
5243,Fine-Tuned Model,"1,4,3,6,5,2"
5244,Fine-Tuned Model,"4,2,3,6,5,1"
5245,Fine-Tuned Model,"5,4,2,6,3,1"
5246,Fine-Tuned Model,"4,2,6,1,3,5"
5247,Fine-Tuned Model,
5248,Fine-Tuned Model,"1,2,4,3,5,6"
5249,Fine-Tuned Model,"4,2,5,3,6,1"
5250,Fine-Tuned Model,"4,2,5,6,3,1"
5251,Fine-Tuned Model,"4,2,5,3,1,6"
5252,Fine-Tuned Model,"2,6,3,5,1,4"
5253,Fine-Tuned Model,
5254,Fine-Tuned Model,
5255,Fine-Tuned Model,
5256,Fine-Tuned Model,"1,2,3,4,5,6"
5257,Fine-Tuned Model,"5,3,6,2,4,1"
5258,Fine-Tuned Model,"3,5,2,1,6,4"
5259,Fine-Tuned Model,"6,4,3,2,5,1"
5260,Fine-Tuned Model,"4,2,6,1,3,5"
5261,Fine-Tuned Model,"2,4,3,5,2,6"
5262,Fine-Tuned Model,"3,2,4,6,1,5"
5263,Fine-Tuned Model,"3,2,6,4,5,1"
5264,Fine-Tuned Model,"4,2,6,3,1,5"
5265,Fine-Tuned Model,"1,4,2,5,6,3"
5266,Fine-Tuned Model,"4,2,6,1,3,5"
5267,Fine-Tuned Model,"5,6,4,3,2,5"
5268,Fine-Tuned Model,"5,2,6,3,1,4"
5269,Fine-Tuned Model,"1,6,1,6"
5270,Fine-Tuned Model,"4,2,5,6,3,1"
5271,Fine-Tuned Model,
5272,Fine-Tuned Model,
5273,Fine-Tuned Model,"3,2,6,5,1,4"
5274,Fine-Tuned Model,"4,2,6,1,3,5"
5275,Fine-Tuned Model,"1,4,6,3,5,2"
5276,Fine-Tuned Model,
5277,Fine-Tuned Model,"1,6,6"
5278,Fine-Tuned Model,"3,1,6,5,2,4"
5279,Fine-Tuned Model,"1,3,5,2,4,6"
5280,Fine-Tuned Model,
5281,Fine-Tuned Model,"5,2,6,3,1,4"
5282,Fine-Tuned Model,"3,6,2,5,4,1"
5283,Fine-Tuned Model,"4,2,6,1,3,5"
5284,Fine-Tuned Model,"1,3,2,2,3,6"
5285,Fine-Tuned Model,"4,2,5,3,1,6"
5286,Fine-Tuned Model,
5287,Fine-Tuned Model,"2,4,5,1,3,6"
5288,Fine-Tuned Model,"1,6,6,6"
5289,Fine-Tuned Model,"3,6,2,5,1,4"
5290,Fine-Tuned Model,"2,4,6,3,1,5"
5291,Fine-Tuned Model,
5292,Fine-Tuned Model,"4,2,3,6,5,1"
5293,Fine-Tuned Model,"2,4,3,6,2,5"
5294,Fine-Tuned Model,
5295,Fine-Tuned Model,"3,5,2,6,4,1"
5296,Fine-Tuned Model,"3,2,6,5,4,1"
5297,Fine-Tuned Model,
5298,Fine-Tuned Model,"4,6,2,5,3,1"
5299,Fine-Tuned Model,"1,6,1,6,1,6"
5300,Fine-Tuned Model,"1,2,3,4,2,5"
5301,Fine-Tuned Model,"1,3,2,6,5,4"
5302,Fine-Tuned Model,"5,3,2,6,1,4"
5303,Fine-Tuned Model,"3,2,6,5,1,4"
5304,Fine-Tuned Model,"3,1,6,2,4,5"
5305,Fine-Tuned Model,"2,5,1,4,6,3"
5306,Fine-Tuned Model,"2,4,3,5,6,1"
5307,Fine-Tuned Model,
5308,Fine-Tuned Model,"1,6,1,4,2,5"
5309,Fine-Tuned Model,"3,4,2,1,6,5"
5310,Fine-Tuned Model,"1,3,2,6,5,4"
5311,Fine-Tuned Model,"3,4,6,2,5,1"
5312,Fine-Tuned Model,
5313,Fine-Tuned Model,"5,1,3,2,6,4"
5314,Fine-Tuned Model,"3,4,6,1,5,2"
5315,Fine-Tuned Model,
5316,Fine-Tuned Model,"2,5,6,3,4,1"
5317,Fine-Tuned Model,"1,3,4,2,5,6"
5318,Fine-Tuned Model,"5,2,3,6,1,4"
5319,Fine-Tuned Model,"5,2,6,3,1,4"
5320,Fine-Tuned Model,"4,3,2,1,6,5"
5321,Fine-Tuned Model,"3,6,2,5,4,1"
5322,Fine-Tuned Model,1
5323,Fine-Tuned Model,
5324,Fine-Tuned Model,
5325,Fine-Tuned Model,"3,2,6,4,1,5"
5326,Fine-Tuned Model,"6,3,6,2,1,5"
5327,Fine-Tuned Model,"1,3,2,5,3,1"
5328,Fine-Tuned Model,6
5329,Fine-Tuned Model,"5,2,6,1,3,4"
5330,Fine-Tuned Model,"4,3,6,2,5,1"
5331,Fine-Tuned Model,"1,6,1,6,1,6"
5332,Fine-Tuned Model,
5333,Fine-Tuned Model,"1,2,4,3,6,5"
5334,Fine-Tuned Model,"2,4,6,5,1,3"
5335,Fine-Tuned Model,"3,6,2,5,1,4"
5336,Fine-Tuned Model,"2,5,1,6,3,4"
5337,Fine-Tuned Model,"4,2,6,3,5,1"
5338,Fine-Tuned Model,6
5339,Fine-Tuned Model,"1,3,5,2,4,1"
5340,Fine-Tuned Model,
5341,Fine-Tuned Model,"3,2,6,5,4,1"
5342,Fine-Tuned Model,"4,2,6,3,5,1"
5343,Fine-Tuned Model,"3,2,5,6,1,4"
5344,Fine-Tuned Model,"1,2,3,4,6,5"
5345,Fine-Tuned Model,"1,4,2,3,5,6"
5346,Fine-Tuned Model,"2,5,1,6,4,3"
5347,Fine-Tuned Model,"3,2,5,6,3,4"
5348,Fine-Tuned Model,"1,3,5,2,6,4"
5349,Fine-Tuned Model,"3,6,2,5,1,4"
5350,Fine-Tuned Model,
5351,Fine-Tuned Model,"4,3,6,1,2,5"
5352,Fine-Tuned Model,"5,3,4,6,1"
5353,Fine-Tuned Model,"3,6,2,4,5,1"
5354,Fine-Tuned Model,"1,3,2,6,3,1"
5355,Fine-Tuned Model,"2,5,3,6,4,1"
5356,Fine-Tuned Model,"3,6,2,5,1,4"
5357,Fine-Tuned Model,"1,4,3,6,5,2"
5358,Fine-Tuned Model,"1,6,6"
5359,Fine-Tuned Model,"5,3,4,6,2,1"
5360,Fine-Tuned Model,"1,3,2,5,6,4"
5361,Fine-Tuned Model,"4,3,6,2,5,1"
5362,Fine-Tuned Model,
5363,Fine-Tuned Model,"2,4,5,3,6,1"
5364,Fine-Tuned Model,"2,5,3,4,6,1"
5365,Fine-Tuned Model,
5366,Fine-Tuned Model,"2,6,5,3,2,1"
5367,Fine-Tuned Model,"4,1,5,2,3,6"
5368,Fine-Tuned Model,
5369,Fine-Tuned Model,"3,6,2,5,1,4"
5370,Fine-Tuned Model,"5,3,2,6,4,1"
5371,Fine-Tuned Model,"4,3,5,2,6,1"
5372,Fine-Tuned Model,"1,5,2,6,4,3"
5373,Fine-Tuned Model,"4,2,6,5,1,3"
5374,Fine-Tuned Model,"1,4,3,5,6,2"
5375,Fine-Tuned Model,"1,2,3,6,5,1"
5376,Fine-Tuned Model,"3,1,6,4,2,5"
5377,Fine-Tuned Model,"5,2,6,3,1,4"
5378,Fine-Tuned Model,"4,6,2"
5379,Fine-Tuned Model,"3,6,2,5,4,1"
5380,Fine-Tuned Model,"1,6,6"
5381,Fine-Tuned Model,
5382,Fine-Tuned Model,"3,6,2,4,5,1"
5383,Fine-Tuned Model,"3,6,2,4,5,1"
5384,Fine-Tuned Model,"3,5,1,4,2,6"
5385,Fine-Tuned Model,
5386,Fine-Tuned Model,
5387,Fine-Tuned Model,"1,2,3,4,5,6"
5388,Fine-Tuned Model,
5389,Fine-Tuned Model,
5390,Fine-Tuned Model,"1,3,6,2,5,4"
5391,Fine-Tuned Model,"5,2,1,6,3,4"
5392,Fine-Tuned Model,"5,2,6,3,4,1"
5393,Fine-Tuned Model,"5,3,2,6,1,4"
5394,Fine-Tuned Model,"4,1,6,3,5,2"
5395,Fine-Tuned Model,"3,2,5,1,4,6"
5396,Fine-Tuned Model,"2,5,1,3,4"
5397,Fine-Tuned Model,
5398,Fine-Tuned Model,"1,2,3,4,5,6"
5399,Fine-Tuned Model,
5400,Fine-Tuned Model,"3,6,1,5,2,4"
5401,Fine-Tuned Model,"3,4,2,5,1,6"
5402,Fine-Tuned Model,"4,3,2,5,6,1"
5403,Fine-Tuned Model,"3,6,2,5,4,1"
5404,Fine-Tuned Model,
5405,Fine-Tuned Model,"2,5,4,3,6,1"
5406,Fine-Tuned Model,"4,2,6,5,1,3"
5407,Fine-Tuned Model,"1,2,3,6,5,4"
5408,Fine-Tuned Model,
5409,Fine-Tuned Model,"1,2,3,4,6,5"
5410,Fine-Tuned Model,"1,4,6,3,5,2"
5411,Fine-Tuned Model,
5412,Fine-Tuned Model,"2,6,1,5,4,3"
5413,Fine-Tuned Model,"3,2,6,5,4,1"
5414,Fine-Tuned Model,"2,1,5,3"
5415,Fine-Tuned Model,"4,2,3,6,1,5"
5416,Fine-Tuned Model,"5,3,1,2,6"
5417,Fine-Tuned Model,"2,4,3,6,1,5"
5418,Fine-Tuned Model,"6,1,6"
5419,Fine-Tuned Model,"2,4,6,1,3,5"
5420,Fine-Tuned Model,1
5421,Fine-Tuned Model,
5422,Fine-Tuned Model,"4,6,3,2,5,1"
5423,Fine-Tuned Model,
5424,Fine-Tuned Model,"1,2,3,4,5,6"
5425,Fine-Tuned Model,
5426,Fine-Tuned Model,"2,5,4,3,1,6"
5427,Fine-Tuned Model,"2,5,4,3,6,1"
5428,Fine-Tuned Model,
5429,Fine-Tuned Model,"2,4,6,1,3,5"
5430,Fine-Tuned Model,
5431,Fine-Tuned Model,"4,3,2,6,5,1"
5432,Fine-Tuned Model,
5433,Fine-Tuned Model,"3,2,4,6,1,5"
5434,Fine-Tuned Model,"1,2,3,4,5,6"
5435,Fine-Tuned Model,"4,6,3,5,2,1"
5436,Fine-Tuned Model,"4,2,5,6,1,3"
5437,Fine-Tuned Model,"1,6,1,6,1,6"
5438,Fine-Tuned Model,"6,3,2,5,6,1"
5439,Fine-Tuned Model,"3,2,6,5,1,4"
5440,Fine-Tuned Model,6
5441,Fine-Tuned Model,"6,1,6,4,6,2"
5442,Fine-Tuned Model,
5443,Fine-Tuned Model,"1,2,3"
5444,Fine-Tuned Model,
5445,Fine-Tuned Model,"2,5,3,1,6,4"
5446,Fine-Tuned Model,"1,4,2,5,2,6"
5447,Fine-Tuned Model,"4,2,6,5,1,3"
5448,Fine-Tuned Model,"3,2,6,5,4,1"
5449,Fine-Tuned Model,"4,2,6,5,1,3"
5450,Fine-Tuned Model,"2,5,3,4,6,1"
5451,Fine-Tuned Model,
5452,Fine-Tuned Model,"2,6,1,4,3,5"
5453,Fine-Tuned Model,"4,2,3,5,1,6"
5454,Fine-Tuned Model,"3,6,1,5,2,4"
5455,Fine-Tuned Model,"2,5,1,6,3,4"
5456,Fine-Tuned Model,"3,1,5,4,2,6"
5457,Fine-Tuned Model,1
5458,Fine-Tuned Model,"3,2,6,5,4,1"
5459,Fine-Tuned Model,"2,4,6,3,1,5"
5460,Fine-Tuned Model,"1,4,3,2,6,4"
5461,Fine-Tuned Model,
5462,Fine-Tuned Model,"2,4,6,3,5,1"
5463,Fine-Tuned Model,"3,6,2,5,4,1"
5464,Fine-Tuned Model,"4,3,6,2,5,1"
5465,Fine-Tuned Model,"2,4,1,6,3,5"
5466,Fine-Tuned Model,5
5467,Fine-Tuned Model,
5468,Fine-Tuned Model,"3,6,4,2,5,1"
5469,Fine-Tuned Model,"2,4,1,3,5,6"
5470,Fine-Tuned Model,"4,2,6,5,3,1"
5471,Fine-Tuned Model,
5472,Fine-Tuned Model,
5473,Fine-Tuned Model,
5474,Fine-Tuned Model,
5475,Fine-Tuned Model,"1,5,4,3,2,6"
5476,Fine-Tuned Model,"3,6,2,5,1,4"
5477,Fine-Tuned Model,"4,3,2,6,1,5"
5478,Fine-Tuned Model,"1,4,6,3,2,5"
5479,Fine-Tuned Model,
5480,Fine-Tuned Model,
5481,Fine-Tuned Model,"3,6,1,2,4,5"
5482,Fine-Tuned Model,"2,4,6,5,1,3"
5483,Fine-Tuned Model,"4,6,3,2,5,1"
5484,Fine-Tuned Model,"1,6,2,4,3,5"
5485,Fine-Tuned Model,"4,2,5,6,3,1"
5486,Fine-Tuned Model,6
5487,Fine-Tuned Model,
5488,Fine-Tuned Model,"4,1,3,2,6,5"
5489,Fine-Tuned Model,"2,6,4,3,5,1"
5490,Fine-Tuned Model,3
5491,Fine-Tuned Model,"5,2,6,3,1,4"
5492,Fine-Tuned Model,"4,2,6,1,3,5"
5493,Fine-Tuned Model,"5,2,6,3,1,4"
5494,Fine-Tuned Model,"2,5,3,6,4,1"
5495,Fine-Tuned Model,
5496,Fine-Tuned Model,"5,3,1,4,2,6"
5497,Fine-Tuned Model,"6,1,4,2,6,3"
5498,Fine-Tuned Model,"3,6,2,5,1,4"
5499,Fine-Tuned Model,"4,2,6,3,1,5"
5500,Fine-Tuned Model,"1,6,6,1,5,3"
5501,Fine-Tuned Model,
5502,Fine-Tuned Model,"5,2,4,6,1,3"
5503,Fine-Tuned Model,"5,3,6,4,2,1"
5504,Fine-Tuned Model,"3,4,1,6,2,5"
5505,Fine-Tuned Model,"3,1,6,5,2,4"
5506,Fine-Tuned Model,"3,1,6,5,2,4"
5507,Fine-Tuned Model,"4,2,6,5,3,1"
5508,Fine-Tuned Model,"2,5,3,1,6,4"
5509,Fine-Tuned Model,"3,2,6,1,5,4"
5510,Fine-Tuned Model,"4,3,6,2,5,1"
5511,Fine-Tuned Model,"4,2,6,1,3,5"
5512,Fine-Tuned Model,"4,2,6,3,5,1"
5513,Fine-Tuned Model,"2,5,3,4,6,1"
5514,Fine-Tuned Model,"4,1,6,2,5,3"
5515,Fine-Tuned Model,"1,4,3,5,6,2"
5516,Fine-Tuned Model,
5517,Fine-Tuned Model,
5518,Fine-Tuned Model,"5,3,2,6,1,4"
5519,Fine-Tuned Model,"1,4,2,6,3,5"
5520,Fine-Tuned Model,"2,5,4,6,1,3"
5521,Fine-Tuned Model,"2,5,1,4,3,6"
5522,Fine-Tuned Model,
5523,Fine-Tuned Model,4
5524,Fine-Tuned Model,"1,6"
5525,Fine-Tuned Model,"4,2,6,5,1,3"
5526,Fine-Tuned Model,"2,6,4,3,5"
5527,Fine-Tuned Model,
5528,Fine-Tuned Model,"2,6,3,4,5,1"
5529,Fine-Tuned Model,
5530,Fine-Tuned Model,"6,1,6"
5531,Fine-Tuned Model,"2,3,4,5,1,6"
5532,Fine-Tuned Model,"1,2,3,6,5,4"
5533,Fine-Tuned Model,"4,2,6,3,5,1"
5534,Fine-Tuned Model,"3,4,1,5,2,6"
5535,Fine-Tuned Model,"1,5,3,2,6,4"
5536,Fine-Tuned Model,1
5537,Fine-Tuned Model,"1,4,5,2,3,6"
5538,Fine-Tuned Model,"5,2,6,3,1,4"
5539,Fine-Tuned Model,"4,3,6,2,5,1"
5540,Fine-Tuned Model,"3,6,1,2,4,5"
5541,Fine-Tuned Model,"4,6,2,5,3,1"
5542,Fine-Tuned Model,
5543,Fine-Tuned Model,"1,6,6,1,4,2"
5544,Fine-Tuned Model,"4,2,5,6,1,3"
5545,Fine-Tuned Model,"5,3,4,2,6,1"
5546,Fine-Tuned Model,"2,4,5,3,6,2"
5547,Fine-Tuned Model,"6,1,6"
5548,Fine-Tuned Model,"5,2,3,6,4,1"
5549,Fine-Tuned Model,
5550,Fine-Tuned Model,"4,2,6,3,5,1"
5551,Fine-Tuned Model,
5552,Fine-Tuned Model,"6,3,5,1,2,6"
5553,Fine-Tuned Model,"1,2,3,4,5,6"
5554,Fine-Tuned Model,
5555,Fine-Tuned Model,"1,6,2,5,4,2"
5556,Fine-Tuned Model,6
5557,Fine-Tuned Model,"5,2,6,3,1,4"
5558,Fine-Tuned Model,"4,3,6,2,5,1"
5559,Fine-Tuned Model,
5560,Fine-Tuned Model,"2,4,3,6,1,5"
5561,Fine-Tuned Model,
5562,Fine-Tuned Model,"1,5,2,6,3,4"
5563,Fine-Tuned Model,"3,6,4,5,2,1"
5564,Fine-Tuned Model,
5565,Fine-Tuned Model,
5566,Fine-Tuned Model,"1,6,1,5,3,6"
5567,Fine-Tuned Model,"4,6,2,5,1,3"
5568,Fine-Tuned Model,
5569,Fine-Tuned Model,
5570,Fine-Tuned Model,"5,3,6,2,4,1"
5571,Fine-Tuned Model,"1,2,3,4,5,6"
5572,Fine-Tuned Model,"4,1,6,3,2,5"
5573,Fine-Tuned Model,"1,6,6"
5574,Fine-Tuned Model,"3,4,2,6,5,1"
5575,Fine-Tuned Model,"3,1,2,6,4,5"
5576,Fine-Tuned Model,"3,5,2,4,1,6"
5577,Fine-Tuned Model,"3,4,6,2,5,1"
5578,Fine-Tuned Model,"3,1,5,2,4,6"
5579,Fine-Tuned Model,"4,3,6,2,5,1"
5580,Fine-Tuned Model,"6,1,6"
5581,Fine-Tuned Model,
5582,Fine-Tuned Model,"2,5,3,4,6"
5583,Fine-Tuned Model,"3,5,4,2,6,1"
5584,Fine-Tuned Model,"3,5,2,6,1,4"
5585,Fine-Tuned Model,"4,2,5,6,3,1"
5586,Fine-Tuned Model,"2,5,4,1,3,6"
5587,Fine-Tuned Model,
5588,Fine-Tuned Model,"3,2,6,5,4,1"
5589,Fine-Tuned Model,
5590,Fine-Tuned Model,"3,4,6,1,5,2"
5591,Fine-Tuned Model,"3,6,2,1,5,4"
5592,Fine-Tuned Model,
5593,Fine-Tuned Model,"4,2,6,1,5,3"
5594,Fine-Tuned Model,"5,2,3,6,4,1"
5595,Fine-Tuned Model,
5596,Fine-Tuned Model,"5,2,4,3,6,1"
5597,Fine-Tuned Model,
5598,Fine-Tuned Model,
5599,Fine-Tuned Model,"4,2,5,3,6,1"
5600,Fine-Tuned Model,
5601,Fine-Tuned Model,"1,5,2,4,6"
5602,Fine-Tuned Model,
5603,Fine-Tuned Model,"3,4,6,2,5,1"
5604,Fine-Tuned Model,"2,5,3,6,1,4"
5605,Fine-Tuned Model,"1,3,5,4,2,6"
5606,Fine-Tuned Model,"3,2,6,5,1,4"
5607,Fine-Tuned Model,"5,2,6,3,5,1"
5608,Fine-Tuned Model,
5609,Fine-Tuned Model,"5,3,6,2,4,1"
5610,Fine-Tuned Model,"2,5,1,4,6,3"
5611,Fine-Tuned Model,"1,3,2,5,6"
5612,Fine-Tuned Model,
5613,Fine-Tuned Model,"6,1,6,4,2,5"
5614,Fine-Tuned Model,"4,2,6,1,5,3"
5615,Fine-Tuned Model,"4,2,6,1,3,5"
5616,Fine-Tuned Model,"3,6,1,2,5,4"
5617,Fine-Tuned Model,"1,2,3,4,5,6"
5618,Fine-Tuned Model,
5619,Fine-Tuned Model,
5620,Fine-Tuned Model,
5621,Fine-Tuned Model,"3,2,5,1,6,4"
5622,Fine-Tuned Model,
5623,Fine-Tuned Model,"4,2,5,3,6,1"
5624,Fine-Tuned Model,"1,3,2,5,3,2"
5625,Fine-Tuned Model,"3,4,6,2,5,1"
5626,Fine-Tuned Model,"3,2,6,5,1,4"
5627,Fine-Tuned Model,
5628,Fine-Tuned Model,"3,2,6,1,5,4"
5629,Fine-Tuned Model,"3,2,5,1,6,4"
5630,Fine-Tuned Model,
5631,Fine-Tuned Model,
5632,Fine-Tuned Model,"1,2,4,5,3,6"
5633,Fine-Tuned Model,"3,6,2,5,4,1"
5634,Fine-Tuned Model,"2,5,4,6,1,3"
5635,Fine-Tuned Model,
5636,Fine-Tuned Model,"2,5,3,6,4,1"
5637,Fine-Tuned Model,"1,2,3,4,5,6"
5638,Fine-Tuned Model,"1,6,1,6,1,6"
5639,Fine-Tuned Model,"3,5,2,6,4,1"
5640,Fine-Tuned Model,"3,5,2,6,3,1"
5641,Fine-Tuned Model,"3,6,2,5,1,4"
5642,Fine-Tuned Model,"3,2,6,1,5,4"
5643,Fine-Tuned Model,
5644,Fine-Tuned Model,"3,1,4,2,5"
5645,Fine-Tuned Model,"4,2,6,3,5,1"
5646,Fine-Tuned Model,"4,2,6,1,5,3"
5647,Fine-Tuned Model,"3,2,5,1,4,6"
5648,Fine-Tuned Model,
5649,Fine-Tuned Model,"3,4,1,2,6,5"
5650,Fine-Tuned Model,
5651,Fine-Tuned Model,"4,2,6,1,3,5"
5652,Fine-Tuned Model,"1,2,3,4,5,6"
5653,Fine-Tuned Model,
5654,Fine-Tuned Model,"4,6,2,3,5,1"
5655,Fine-Tuned Model,
5656,Fine-Tuned Model,"2,5,1,6,3,4"
5657,Fine-Tuned Model,
5658,Fine-Tuned Model,
5659,Fine-Tuned Model,"4,2,6,1,3,5"
5660,Fine-Tuned Model,"4,2,6,3,5,1"
5661,Fine-Tuned Model,"3,6,2,5,1,4"
5662,Fine-Tuned Model,"1,6,1,6,1,6"
5663,Fine-Tuned Model,"4,3,6,2,5,1"
5664,Fine-Tuned Model,"1,6,2,5,4,3"
5665,Fine-Tuned Model,
5666,Fine-Tuned Model,
5667,Fine-Tuned Model,"2,5,4,3,6,1"
5668,Fine-Tuned Model,"3,6,1,4,2,5"
5669,Fine-Tuned Model,"3,2,6,5,1,4"
5670,Fine-Tuned Model,"5,3,2,6,4,1"
5671,Fine-Tuned Model,"3,4,1,2,5,3"
5672,Fine-Tuned Model,"2,4,5,3,6,1"
5673,Fine-Tuned Model,"1,3,2,6,5,4"
5674,Fine-Tuned Model,"5,4,3,2,1,6"
5675,Fine-Tuned Model,"3,4,2,5,6,1"
5676,Fine-Tuned Model,"3,4,1,6,5,2"
5677,Fine-Tuned Model,
5678,Fine-Tuned Model,
5679,Fine-Tuned Model,"3,5,4,1,2,6"
5680,Fine-Tuned Model,"1,2,3,4,5,6"
5681,Fine-Tuned Model,"1,2,3,4,5,6"
5682,Fine-Tuned Model,
5683,Fine-Tuned Model,"4,3,6,1,5,2"
5684,Fine-Tuned Model,
5685,Fine-Tuned Model,"2,5,3,6,1,4"
5686,Fine-Tuned Model,"1,3,4,6,2,5"
5687,Fine-Tuned Model,"4,2,6,3,5,1"
5688,Fine-Tuned Model,"1,2,5,6,4,3"
5689,Fine-Tuned Model,"2,5,1,6,3,4"
5690,Fine-Tuned Model,"2,5,3,6,1,4"
5691,Fine-Tuned Model,"3,6,1,4,3,5"
5692,Fine-Tuned Model,"1,2,6,3,5,4"
5693,Fine-Tuned Model,"1,6,1,6"
5694,Fine-Tuned Model,"2,6,1"
5695,Fine-Tuned Model,
5696,Fine-Tuned Model,"2,4,6,1,3,5"
5697,Fine-Tuned Model,"1,4,3,6,5,2"
5698,Fine-Tuned Model,"4,2,3,6,1,5"
5699,Fine-Tuned Model,"4,2,5,1,6,3"
5700,Fine-Tuned Model,
5701,Fine-Tuned Model,"5,2,1,6,3,4"
5702,Fine-Tuned Model,"3,4,2,5,6,1"
5703,Fine-Tuned Model,
5704,Fine-Tuned Model,
5705,Fine-Tuned Model,"1,2,4,2,5,1"
5706,Fine-Tuned Model,"1,6,6"
5707,Fine-Tuned Model,"3,6,2,5,4,1"
5708,Fine-Tuned Model,"4,2,6"
5709,Fine-Tuned Model,
5710,Fine-Tuned Model,
5711,Fine-Tuned Model,
5712,Fine-Tuned Model,"3,4,2,1,6,5"
5713,Fine-Tuned Model,"2,6,3,1,4,5"
5714,Fine-Tuned Model,"1,3,2,4,6,5"
5715,Fine-Tuned Model,"3,2,6,1,5,4"
5716,Fine-Tuned Model,"1,2,3,4,5,6"
5717,Fine-Tuned Model,
5718,Fine-Tuned Model,"2,4,1,5,6,3"
5719,Fine-Tuned Model,"5,3,2,6,1,4"
5720,Fine-Tuned Model,"1,6,6"
5721,Fine-Tuned Model,"2,5,1,3,6,4"
5722,Fine-Tuned Model,"6,1,6,1"
5723,Fine-Tuned Model,"3,6,1,5,2,4"
5724,Fine-Tuned Model,"4,2,6,3,5,1"
5725,Fine-Tuned Model,"1,4,3,6,2,5"
5726,Fine-Tuned Model,"2,4,1,6,3,5"
5727,Fine-Tuned Model,"4,2,6,1,3,5"
5728,Fine-Tuned Model,"4,2,6,3,5,1"
5729,Fine-Tuned Model,"5,2,4,1,3,6"
5730,Fine-Tuned Model,"2,6,5,1,3,4"
5731,Fine-Tuned Model,"1,3,5,2,6"
5732,Fine-Tuned Model,"3,2,6,5,1,4"
5733,Fine-Tuned Model,"3,2,6,5,4,1"
5734,Fine-Tuned Model,"1,4,2,5,6,3"
5735,Fine-Tuned Model,
5736,Fine-Tuned Model,"4,2,5,3,6,1"
5737,Fine-Tuned Model,"6,1,6"
5738,Fine-Tuned Model,"4,3,6,2,5,1"
5739,Fine-Tuned Model,"2,6,5,3,1,4"
5740,Fine-Tuned Model,"4,3,6,2,5,1"
5741,Fine-Tuned Model,
5742,Fine-Tuned Model,"2,4,5,1,3,6"
5743,Fine-Tuned Model,
5744,Fine-Tuned Model,
5745,Fine-Tuned Model,"2,4,1,6,5,3"
5746,Fine-Tuned Model,"4,3,6,1,5,2"
5747,Fine-Tuned Model,"4,2,6,3,5,1"
5748,Fine-Tuned Model,"4,2,6,3,1,5"
5749,Fine-Tuned Model,
5750,Fine-Tuned Model,"1,2,3,4,5,6"
5751,Fine-Tuned Model,"1,5,2,2,3,4"
5752,Fine-Tuned Model,"6,1,6"
5753,Fine-Tuned Model,"3,6,2,5,1,4"
5754,Fine-Tuned Model,6
5755,Fine-Tuned Model,"3,5,2,6,4,1"
5756,Fine-Tuned Model,"3,6,2,5,1,4"
5757,Fine-Tuned Model,
5758,Fine-Tuned Model,"3,6,1,5,2,4"
5759,Fine-Tuned Model,
5760,Fine-Tuned Model,"6,3,5,2,1,4"
5761,Fine-Tuned Model,
5762,Fine-Tuned Model,"4,1,6,2,3,5"
5763,Fine-Tuned Model,"3,6,2,5,4,1"
5764,Fine-Tuned Model,"3,6,2,5,1,4"
5765,Fine-Tuned Model,"3,6,2,5,1,4"
5766,Fine-Tuned Model,"4,3,2,1,6,5"
5767,Fine-Tuned Model,"2,5,3,6,4,1"
5768,Fine-Tuned Model,"4,3,2,5,6,1"
5769,Fine-Tuned Model,"3,6,2,5,4,1"
5770,Fine-Tuned Model,"3,6,2,5,1,4"
5771,Fine-Tuned Model,
5772,Fine-Tuned Model,
5773,Fine-Tuned Model,"3,6,2,5,4,1"
5774,Fine-Tuned Model,"4,2,6,5,1,3"
5775,Fine-Tuned Model,
5776,Fine-Tuned Model,
5777,Fine-Tuned Model,"1,5,2,6,3,4"
5778,Fine-Tuned Model,"5,2,4,3,6,1"
5779,Fine-Tuned Model,"2,6,3,1,5,4"
5780,Fine-Tuned Model,"3,4,1,5,3,6"
5781,Fine-Tuned Model,"3,1,5,2,6,4"
5782,Fine-Tuned Model,"4,2,6,5,1,3"
5783,Fine-Tuned Model,"1,3,5,4,6,2"
5784,Fine-Tuned Model,"2,4,1,6,3,5"
5785,Fine-Tuned Model,"1,2,3,4,5,6"
5786,Fine-Tuned Model,"4,3,2,6,1,5"
5787,Fine-Tuned Model,"6,2,3,5,1,4"
5788,Fine-Tuned Model,
5789,Fine-Tuned Model,"1,6"
5790,Fine-Tuned Model,"5,2,6,4,1,3"
5791,Fine-Tuned Model,"5,3,1,4,2,6"
5792,Fine-Tuned Model,
5793,Fine-Tuned Model,"4,2,6,5,1,3"
5794,Fine-Tuned Model,"6,1,6"
5795,Fine-Tuned Model,"1,2,3,4,5,6"
5796,Fine-Tuned Model,"2,6,5,3,4,1"
5797,Fine-Tuned Model,"5,2,3,6,4,1"
5798,Fine-Tuned Model,"3,6,2,4,5,1"
5799,Fine-Tuned Model,"3,6,4,2,5,1"
5800,Fine-Tuned Model,6
5801,Fine-Tuned Model,"1,3,2,5,6,4"
5802,Fine-Tuned Model,"1,6,6"
5803,Fine-Tuned Model,"2,6,5,1,4,3"
5804,Fine-Tuned Model,"3,5,2,6,4,1"
5805,Fine-Tuned Model,"4,1,2,6,3,5"
5806,Fine-Tuned Model,"1,5,2,6,3,1"
5807,Fine-Tuned Model,"3,6,2,5,4,1"
5808,Fine-Tuned Model,"1,2,5,3,6,1"
5809,Fine-Tuned Model,5
5810,Fine-Tuned Model,"3,6,2,5,1,4"
5811,Fine-Tuned Model,"4,2,5,3,1,6"
5812,Fine-Tuned Model,"3,6,2,4,5,1"
5813,Fine-Tuned Model,"4,2,6,3,1,5"
5814,Fine-Tuned Model,
5815,Fine-Tuned Model,
5816,Fine-Tuned Model,"4,6,2,1,3,5"
5817,Fine-Tuned Model,"2,5,3,6,1,4"
5818,Fine-Tuned Model,"4,6,2,3,1,5"
5819,Fine-Tuned Model,"3,2,5,1,6,4"
5820,Fine-Tuned Model,"2,4,6,3,5,1"
5821,Fine-Tuned Model,"1,3,5,2,6,4"
5822,Fine-Tuned Model,"3,2,6,5,4"
5823,Fine-Tuned Model,"5,3,2,6,1,4"
5824,Fine-Tuned Model,
5825,Fine-Tuned Model,"1,4,6,3,5"
5826,Fine-Tuned Model,
5827,Fine-Tuned Model,"2,6,4,1,5,3"
5828,Fine-Tuned Model,"2,5,3,4,6,1"
5829,Fine-Tuned Model,
5830,Fine-Tuned Model,"2,6,1,3,5,4"
5831,Fine-Tuned Model,
5832,Fine-Tuned Model,"3,6,2,5,4,1"
5833,Fine-Tuned Model,"4,6,2,3,5,1"
5834,Fine-Tuned Model,"2,6,1,5,3,4"
5835,Fine-Tuned Model,
5836,Fine-Tuned Model,
5837,Fine-Tuned Model,"6,1,6"
5838,Fine-Tuned Model,"5,2,6,3,1,4"
5839,Fine-Tuned Model,"1,6"
5840,Fine-Tuned Model,"3,6,2,5,4,1"
5841,Fine-Tuned Model,
5842,Fine-Tuned Model,"1,2,5,6,4,3"
5843,Fine-Tuned Model,"4,2,6,3,5,1"
5844,Fine-Tuned Model,"3,6,2,5,4,1"
5845,Fine-Tuned Model,"3,2,6,4,5,1"
5846,Fine-Tuned Model,"4,3,5,2,6,1"
5847,Fine-Tuned Model,"1,2,4,5,3,6"
5848,Fine-Tuned Model,6
5849,Fine-Tuned Model,"4,6,5,2,1,3"
5850,Fine-Tuned Model,"1,4,2,6,3,5"
5851,Fine-Tuned Model,"3,4,2,5,6,1"
5852,Fine-Tuned Model,"6,2,5,4,1,3"
5853,Fine-Tuned Model,"3,2,6,1,4,5"
5854,Fine-Tuned Model,
5855,Fine-Tuned Model,"4,2,3,6,5,1"
5856,Fine-Tuned Model,"1,2,4,5,6,5"
5857,Fine-Tuned Model,"6,1,6"
5858,Fine-Tuned Model,"2,5,4,3,1,6"
5859,Fine-Tuned Model,"4,2,5,3,6,1"
5860,Fine-Tuned Model,"3,6,2,5,4,1"
5861,Fine-Tuned Model,1
5862,Fine-Tuned Model,"5,2,6,3,1,4"
5863,Fine-Tuned Model,"3,6,4,1,2,5"
5864,Fine-Tuned Model,"4,2,3,5,6,1"
5865,Fine-Tuned Model,"4,2,6"
5866,Fine-Tuned Model,"4,2,6,3,5,1"
5867,Fine-Tuned Model,"2,6,1,4,3,5"
5868,Fine-Tuned Model,"4,3,2,6,5,1"
5869,Fine-Tuned Model,"3,6,1,5,4,2"
5870,Fine-Tuned Model,"1,4,2,6,3,5"
5871,Fine-Tuned Model,"1,4,2,6,3,5"
5872,Fine-Tuned Model,"3,4,2,5,1,6"
5873,Fine-Tuned Model,"4,2,6,5,3,1"
5874,Fine-Tuned Model,"2,6,3,5,1,4"
5875,Fine-Tuned Model,"1,6,6"
5876,Fine-Tuned Model,
5877,Fine-Tuned Model,
5878,Fine-Tuned Model,
5879,Fine-Tuned Model,"2,6,4,1,3,5"
5880,Fine-Tuned Model,"3,4,6,2,5,1"
5881,Fine-Tuned Model,"1,5,6,2,6,5"
5882,Fine-Tuned Model,
5883,Fine-Tuned Model,
5884,Fine-Tuned Model,
5885,Fine-Tuned Model,"1,3,2,6,4,5"
5886,Fine-Tuned Model,"1,2,3,4,5,6"
5887,Fine-Tuned Model,"1,3,6,2,4,5"
5888,Fine-Tuned Model,"1,4,2,2,3,6"
5889,Fine-Tuned Model,6
5890,Fine-Tuned Model,"2,5,1,4,3,6"
5891,Fine-Tuned Model,"4,2,5,3,1,6"
5892,Fine-Tuned Model,
5893,Fine-Tuned Model,
5894,Fine-Tuned Model,"6,1,3,5,4,2"
5895,Fine-Tuned Model,"5,3,2,6,1,4"
5896,Fine-Tuned Model,"2,5,3,6,1,4"
5897,Fine-Tuned Model,"3,1,6,2,5,4"
5898,Fine-Tuned Model,"1,5,4,2,3,6"
5899,Fine-Tuned Model,"5,3,2,6,4,1"
5900,Fine-Tuned Model,"4,2,6,1,3,5"
5901,Fine-Tuned Model,
5902,Fine-Tuned Model,"1,2,6"
5903,Fine-Tuned Model,"3,2,6,5,4"
5904,Fine-Tuned Model,"2,5,3,4,6,1"
5905,Fine-Tuned Model,"6,1,6,2,1,2"
5906,Fine-Tuned Model,"6,2"
5907,Fine-Tuned Model,"3,2,5,1,4,3"
5908,Fine-Tuned Model,"5,1,4,2,3,6"
5909,Fine-Tuned Model,"3,4,2,5,6,1"
5910,Fine-Tuned Model,
5911,Fine-Tuned Model,"3,6,2,5,1,4"
5912,Fine-Tuned Model,"1,2,3,4,5,6"
5913,Fine-Tuned Model,"2,5,1,6,3,4"
5914,Fine-Tuned Model,"2,4,5,1,6"
5915,Fine-Tuned Model,"1,2,3,4,5,6"
5916,Fine-Tuned Model,
5917,Fine-Tuned Model,"1,6,6,1"
5918,Fine-Tuned Model,"4,2,6,3,5,1"
5919,Fine-Tuned Model,"1,5,2,6,3,1"
5920,Fine-Tuned Model,"1,5,2,6,4,3"
5921,Fine-Tuned Model,
5922,Fine-Tuned Model,"2,5,3,1,6,4"
5923,Fine-Tuned Model,"4,3,6,2,5,1"
5924,Fine-Tuned Model,"5,2,4,6,3,1"
5925,Fine-Tuned Model,"1,3,5,4"
5926,Fine-Tuned Model,"5,2,6,3,1,4"
5927,Fine-Tuned Model,"1,6,2,4,5,3"
5928,Fine-Tuned Model,"3,6,2,5,4,1"
5929,Fine-Tuned Model,"4,2,6,3,5,1"
5930,Fine-Tuned Model,"4,2,5,3,1,6"
5931,Fine-Tuned Model,
5932,Fine-Tuned Model,
5933,Fine-Tuned Model,"4,6,1,5"
5934,Fine-Tuned Model,"1,2,3,4,5"
5935,Fine-Tuned Model,
5936,Fine-Tuned Model,"3,4,1,2,6,5"
5937,Fine-Tuned Model,"2,5,4,1,3,6"
5938,Fine-Tuned Model,
5939,Fine-Tuned Model,"4,3,6,2,5,1"
5940,Fine-Tuned Model,"3,4,6,2,5,1"
5941,Fine-Tuned Model,"2,5,4,6,1,3"
5942,Fine-Tuned Model,
5943,Fine-Tuned Model,"3,1,6,2,4,5"
5944,Fine-Tuned Model,"5,3,6,2,1,4"
5945,Fine-Tuned Model,
5946,Fine-Tuned Model,"5,3,6,2,4,1"
5947,Fine-Tuned Model,"1,5,4,3,2,6"
5948,Fine-Tuned Model,"4,2,6,5,3,1"
5949,Fine-Tuned Model,
5950,Fine-Tuned Model,
5951,Fine-Tuned Model,
5952,Fine-Tuned Model,"4,2,6,1,3,5"
5953,Fine-Tuned Model,"3,6,2,5,1,4"
5954,Fine-Tuned Model,"3,6,4,2,5,1"
5955,Fine-Tuned Model,"1,5,2,3,3,2"
5956,Fine-Tuned Model,"5,3,1,6,2,4"
5957,Fine-Tuned Model,"4,2,6,3,5,1"
5958,Fine-Tuned Model,"5,2,3,1,2"
5959,Fine-Tuned Model,"2,4,3,2,6,5"
5960,Fine-Tuned Model,
5961,Fine-Tuned Model,"3,5,6,2,4,1"
5962,Fine-Tuned Model,"3,4,5,2,1,6"
5963,Fine-Tuned Model,"3,6,2,5,4,1"
5964,Fine-Tuned Model,"6,1,6"
5965,Fine-Tuned Model,"3,2,6,4,5,1"
5966,Fine-Tuned Model,"4,3,2,1,6,5"
5967,Fine-Tuned Model,
5968,Fine-Tuned Model,"2,5,3,6,1,4"
5969,Fine-Tuned Model,"2,6,3,5,4,1"
5970,Fine-Tuned Model,
5971,Fine-Tuned Model,
5972,Fine-Tuned Model,"4,2,5,1,6,3"
5973,Fine-Tuned Model,"4,1,3,6,2,5"
5974,Fine-Tuned Model,"3,6,2,1,5,4"
5975,Fine-Tuned Model,"5,2,4,1,3,6"
5976,Fine-Tuned Model,"3,6,1,5,4,2"
5977,Fine-Tuned Model,"3,6,2,5,4,1"
5978,Fine-Tuned Model,"3,4,5,2,1,6"
5979,Fine-Tuned Model,"1,5,2,3,3,2"
5980,Fine-Tuned Model,"5,2,1,6,3,4"
5981,Fine-Tuned Model,"3,1,6,4,2,5"
5982,Fine-Tuned Model,"3,1,5,2,6,4"
5983,Fine-Tuned Model,
5984,Fine-Tuned Model,"3,6,2,5,4,1"
5985,Fine-Tuned Model,"2,5,6,3,1,4"
5986,Fine-Tuned Model,"2,5,6,1,3,4"
5987,Fine-Tuned Model,"1,5,2,6,4,3"
5988,Fine-Tuned Model,
5989,Fine-Tuned Model,"6,3,1,2,4,5"
5990,Fine-Tuned Model,"4,6,3,1,5,2"
5991,Fine-Tuned Model,"3,4,2,5,6,1"
5992,Fine-Tuned Model,"2,6,3,5,1,4"
5993,Fine-Tuned Model,"1,1,6,2,1,6"
5994,Fine-Tuned Model,
5995,Fine-Tuned Model,"2,6,1,5,3,4"
5996,Fine-Tuned Model,"3,6,2,5,4,1"
5997,Fine-Tuned Model,"1,5,2,6,3,5"
5998,Fine-Tuned Model,
5999,Fine-Tuned Model,"4,2,6,1,5,3"
6000,Fine-Tuned Model,"5,2,3,6,1,4"
6001,Fine-Tuned Model,"1,3,6,2,5,4"
6002,Fine-Tuned Model,
6003,Fine-Tuned Model,"3,6,2,5,4,1"
6004,Fine-Tuned Model,"3,4,2,6,5,1"
6005,Fine-Tuned Model,"1,6,3,2,5,4"
6006,Fine-Tuned Model,"1,6,6"
6007,Fine-Tuned Model,"5,2,6,1,4,3"
6008,Fine-Tuned Model,"4,6,3,2,5,1"
6009,Fine-Tuned Model,
6010,Fine-Tuned Model,"1,4,2,5,3"
6011,Fine-Tuned Model,"4,6,2,1,3,5"
6012,Fine-Tuned Model,"2,5,6,3,4,6"
6013,Fine-Tuned Model,"3,6,2,5,1,4"
6014,Fine-Tuned Model,"1,3,4,3,5,6"
6015,Fine-Tuned Model,
6016,Fine-Tuned Model,"2,4,3,6,1,5"
6017,Fine-Tuned Model,1
6018,Fine-Tuned Model,
6019,Fine-Tuned Model,"3,2,6,5,1,4"
6020,Fine-Tuned Model,
6021,Fine-Tuned Model,"3,5,2,6,1,4"
6022,Fine-Tuned Model,"1,3,6,4,2,5"
6023,Fine-Tuned Model,"4,2,6,3,1,5"
6024,Fine-Tuned Model,"3,1,4,6,2,5"
6025,Fine-Tuned Model,"3,6,2,5,1,4"
6026,Fine-Tuned Model,"1,3,6,5,2,4"
6027,Fine-Tuned Model,"2,6,3,2,5,1"
6028,Fine-Tuned Model,"2,5,1,6,4,3"
6029,Fine-Tuned Model,"1,2,4,3,5,1"
6030,Fine-Tuned Model,"6,2,5,3,1,4"
6031,Fine-Tuned Model,"2,5,3,6,1,4"
6032,Fine-Tuned Model,"5,2,6,3,1,4"
6033,Fine-Tuned Model,
6034,Fine-Tuned Model,"2,6,5,3,4,1"
6035,Fine-Tuned Model,"3,5,2,4,1,6"
6036,Fine-Tuned Model,6
6037,Fine-Tuned Model,"4,6,3,2,5,1"
6038,Fine-Tuned Model,"1,2,3,4,5,6"
6039,Fine-Tuned Model,
6040,Fine-Tuned Model,
6041,Fine-Tuned Model,"4,3,6,2,5,1"
6042,Fine-Tuned Model,"3,5,2,1,6,4"
6043,Fine-Tuned Model,"4,2,6,5,3,1"
6044,Fine-Tuned Model,"4,2,6,3,1,5"
6045,Fine-Tuned Model,"1,2,4,2,5,6"
6046,Fine-Tuned Model,"4,2,6,3,1,5"
6047,Fine-Tuned Model,"2,6,3,1,5,4"
6048,Fine-Tuned Model,"6,1,6"
6049,Fine-Tuned Model,"1,4,6,2,5,3"
6050,Fine-Tuned Model,"2,6,3,5,2,1"
6051,Fine-Tuned Model,"3,1"
6052,Fine-Tuned Model,"3,6,2,5,1,4"
6053,Fine-Tuned Model,"4,2,5,6,3,1"
6054,Fine-Tuned Model,"1,5,3,2,4,6"
6055,Fine-Tuned Model,
6056,Fine-Tuned Model,
6057,Fine-Tuned Model,"1,6,3,2,5,4"
6058,Fine-Tuned Model,
6059,Fine-Tuned Model,"3,5,4,6,2,1"
6060,Fine-Tuned Model,"1,4,6,2,5,3"
6061,Fine-Tuned Model,"4,2,6,1,3,5"
6062,Fine-Tuned Model,"3,6,5,2,1,4"
6063,Fine-Tuned Model,"3,5,1,6,2,4"
6064,Fine-Tuned Model,"1,6,6,1,2,3"
6065,Fine-Tuned Model,"1,4,5,3,2,6"
6066,Fine-Tuned Model,"1,6,1,2,6,1"
6067,Fine-Tuned Model,
6068,Fine-Tuned Model,"1,3,5,2,4,6"
6069,Fine-Tuned Model,"3,6,1,2,6,5"
6070,Fine-Tuned Model,"5,3,2,6,1,4"
6071,Fine-Tuned Model,
6072,Fine-Tuned Model,"3,6,2,5,1,4"
6073,Fine-Tuned Model,"2,6,5,1,3,4"
6074,Fine-Tuned Model,"2,4,3,5,6,1"
6075,Fine-Tuned Model,"3,2,5,1,4,6"
6076,Fine-Tuned Model,"5,2,6,3,1,4"
6077,Fine-Tuned Model,6
6078,Fine-Tuned Model,"2,5,4,6,1,3"
6079,Fine-Tuned Model,"3,5,2,6,1,4"
6080,Fine-Tuned Model,"2,4,6,3,5,1"
6081,Fine-Tuned Model,"3,5,2,4,1,6"
6082,Fine-Tuned Model,"1,3,5,6,2,5"
6083,Fine-Tuned Model,
6084,Fine-Tuned Model,"1,5,4,6,2,3"
6085,Fine-Tuned Model,
6086,Fine-Tuned Model,"5,1,2,6,3,4"
6087,Fine-Tuned Model,
6088,Fine-Tuned Model,"3,6,2,5,4,1"
6089,Fine-Tuned Model,"3,4,2,6,5,1"
6090,Fine-Tuned Model,
6091,Fine-Tuned Model,"2,5,4,3,6,1"
6092,Fine-Tuned Model,"3,5,1,2,4,6"
6093,Fine-Tuned Model,
6094,Fine-Tuned Model,"3,6,2,5,4,1"
6095,Fine-Tuned Model,"1,1,4,2,2,2"
6096,Fine-Tuned Model,"1,6,6"
6097,Fine-Tuned Model,"3,2,6,5,1,4"
6098,Fine-Tuned Model,"1,3,4,2,5,6"
6099,Fine-Tuned Model,
6100,Fine-Tuned Model,"6,1,6"
6101,Fine-Tuned Model,"2,5,4,3,6,1"
6102,Fine-Tuned Model,"3,6,2,1,5,4"
6103,Fine-Tuned Model,"3,6,2,5,4,1"
6104,Fine-Tuned Model,"4,2,6,3,1,5"
6105,Fine-Tuned Model,"5,3,4,1,2,6"
6106,Fine-Tuned Model,"3,2,5,1,6,4"
6107,Fine-Tuned Model,"1,2,3,4,5,6"
6108,Fine-Tuned Model,"5,2,4,1,3,6"
6109,Fine-Tuned Model,
6110,Fine-Tuned Model,"1,3,5,2,4,6"
6111,Fine-Tuned Model,"1,6,6"
6112,Fine-Tuned Model,
6113,Fine-Tuned Model,"4,2,5,3,1,6"
6114,Fine-Tuned Model,"6,1,4,6,2,5"
6115,Fine-Tuned Model,"1,2,3,4,5,6"
6116,Fine-Tuned Model,
6117,Fine-Tuned Model,"4,2,6,5,1,3"
6118,Fine-Tuned Model,"3,4,6,1,2,5"
6119,Fine-Tuned Model,"1,4,3,6,2,5"
6120,Fine-Tuned Model,"1,2,4,5,2,5"
6121,Fine-Tuned Model,"4,2,6,3,5,1"
6122,Fine-Tuned Model,"1,6,6"
6123,Fine-Tuned Model,
6124,Fine-Tuned Model,"3,6,1,5,2,4"
6125,Fine-Tuned Model,
6126,Fine-Tuned Model,
6127,Fine-Tuned Model,"2,6,4,1,5,3"
6128,Fine-Tuned Model,"1,6,6"
6129,Fine-Tuned Model,"2,5,3,6,2,4"
6130,Fine-Tuned Model,"1,4,2,6,3,5"
6131,Fine-Tuned Model,"3,4,5,1,2,6"
6132,Fine-Tuned Model,"4,2,3,5,6,1"
6133,Fine-Tuned Model,
6134,Fine-Tuned Model,"3,1,5,3,2,4"
6135,Fine-Tuned Model,"3,2,6,5,1,4"
6136,Fine-Tuned Model,"3,1,6,2,5,4"
6137,Fine-Tuned Model,"3,5,1,4,2,6"
6138,Fine-Tuned Model,"4,2,5,1,3,6"
6139,Fine-Tuned Model,"5,2,6,1,4,3"
6140,Fine-Tuned Model,"1,4,2,6,3,5"
6141,Fine-Tuned Model,"3,6,2,5,1,4"
6142,Fine-Tuned Model,"1,2,3,4,5,6"
6143,Fine-Tuned Model,"1,2,3,6,4,2"
6144,Fine-Tuned Model,"1,2,3,4,5,6"
6145,Fine-Tuned Model,"4,2,6,3,5,1"
6146,Fine-Tuned Model,"2,4,6,1,3,5"
6147,Fine-Tuned Model,"4,2,5,6,1,3"
6148,Fine-Tuned Model,"4,3,2,6,5,1"
6149,Fine-Tuned Model,"1,3,2,4,5,6"
6150,Fine-Tuned Model,"1,2,4,5,3,6"
6151,Fine-Tuned Model,"3,4,5,2,6,1"
6152,Fine-Tuned Model,1
6153,Fine-Tuned Model,"6,3,1,2,5,4"
6154,Fine-Tuned Model,"1,2,4,5,3,6"
6155,Fine-Tuned Model,"3,5,6,1,3,2"
6156,Fine-Tuned Model,"1,3,6,4,2,5"
6157,Fine-Tuned Model,
6158,Fine-Tuned Model,"3,2,2"
6159,Fine-Tuned Model,"5,2,6,3,1,4"
6160,Fine-Tuned Model,"5,2,6,3,1,4"
6161,Fine-Tuned Model,
6162,Fine-Tuned Model,
6163,Fine-Tuned Model,"3,2,6,5,1,4"
6164,Fine-Tuned Model,
6165,Fine-Tuned Model,
6166,Fine-Tuned Model,"3,6,2,1,4,5"
6167,Fine-Tuned Model,"1,6"
6168,Fine-Tuned Model,"1,6,6,3,6,2"
6169,Fine-Tuned Model,"4,3,2,6,1,5"
6170,Fine-Tuned Model,"4,1,3,5,2,6"
6171,Fine-Tuned Model,"5,3,2,6,4,1"
6172,Fine-Tuned Model,"1,2,6,4,3,5"
6173,Fine-Tuned Model,"4,2,6,5,1,3"
6174,Fine-Tuned Model,"3,5,2,1,6,4"
6175,Fine-Tuned Model,"3,4,1,6,5,2"
6176,Fine-Tuned Model,
6177,Fine-Tuned Model,"6,5,3,2,4,1"
6178,Fine-Tuned Model,"3,5,2,6,4,1"
6179,Fine-Tuned Model,"5,3,6,2,4,1"
6180,Fine-Tuned Model,"1,2,5,3,4,1"
6181,Fine-Tuned Model,
6182,Fine-Tuned Model,"2,4,6,3,5"
6183,Fine-Tuned Model,"2,6,4,3,5,1"
6184,Fine-Tuned Model,"4,3,6,2,5,1"
6185,Fine-Tuned Model,"3,6,2,5,1,4"
6186,Fine-Tuned Model,1
6187,Fine-Tuned Model,"1,2,3,4,5,6"
6188,Fine-Tuned Model,"3,1,5,2,6,4"
6189,Fine-Tuned Model,"4,2,6,1,3,5"
6190,Fine-Tuned Model,"4,6,2,5,3,1"
6191,Fine-Tuned Model,"1,4,3,5,6,2"
6192,Fine-Tuned Model,
6193,Fine-Tuned Model,"4,2,6,3,5,1"
6194,Fine-Tuned Model,"5,3,2,4,6,1"
6195,Fine-Tuned Model,"4,2,5,1,6,3"
6196,Fine-Tuned Model,
6197,Fine-Tuned Model,"4,3,5,2,1,6"
6198,Fine-Tuned Model,"3,2,6,1,4,5"
6199,Fine-Tuned Model,"2,5,4,6,3,1"
6200,Fine-Tuned Model,"3,2,6,5,1,4"
6201,Fine-Tuned Model,"6,6,1,6,4,5"
6202,Fine-Tuned Model,
6203,Fine-Tuned Model,"3,6,1,2"
6204,Fine-Tuned Model,"2,3,1,6,5,4"
6205,Fine-Tuned Model,"4,2,6,3,5,1"
6206,Fine-Tuned Model,
6207,Fine-Tuned Model,"4,2,5,6,3,1"
6208,Fine-Tuned Model,"5,4,3,2,6,1"
6209,Fine-Tuned Model,
6210,Fine-Tuned Model,
6211,Fine-Tuned Model,"2,4,3,2,6,1"
6212,Fine-Tuned Model,"4,6,1,2,3,5"
6213,Fine-Tuned Model,"3,4,2,6,5,1"
6214,Fine-Tuned Model,"4,3,6,1,5,2"
6215,Fine-Tuned Model,"5,2,4,3,6,1"
6216,Fine-Tuned Model,"1,3,4,5,6,2"
6217,Fine-Tuned Model,
6218,Fine-Tuned Model,"4,2,5,3,6,1"
6219,Fine-Tuned Model,"4,2,3,5,6,1"
6220,Fine-Tuned Model,"3,2,6,4,1,5"
6221,Fine-Tuned Model,"1,2,2,4,3,3"
6222,Fine-Tuned Model,"3,6,2,5,4,1"
6223,Fine-Tuned Model,"1,6,1,6,1,6"
6224,Fine-Tuned Model,
6225,Fine-Tuned Model,"2,5,3,1,4,6"
6226,Fine-Tuned Model,"1,2,3,4,5,6"
6227,Fine-Tuned Model,"6,1,6,3,6"
6228,Fine-Tuned Model,"1,3,5,2,6,1"
6229,Fine-Tuned Model,
6230,Fine-Tuned Model,"3,6,2,5,4,1"
6231,Fine-Tuned Model,"4,6,2,5,3,1"
6232,Fine-Tuned Model,"2,5,1,6,3,4"
6233,Fine-Tuned Model,
6234,Fine-Tuned Model,
6235,Fine-Tuned Model,"1,4,6,5,2,3"
6236,Fine-Tuned Model,"4,2,6,3,1,5"
6237,Fine-Tuned Model,"4,2,6,3,5,1"
6238,Fine-Tuned Model,"1,5,3,6,2,4"
6239,Fine-Tuned Model,"1,3,2,6,4,5"
6240,Fine-Tuned Model,
6241,Fine-Tuned Model,
6242,Fine-Tuned Model,"3,2,6,5,4,1"
6243,Fine-Tuned Model,"4,2,5,6,1,3"
6244,Fine-Tuned Model,"2,5,3,1,4,6"
6245,Fine-Tuned Model,"3,6,2,5,1,4"
6246,Fine-Tuned Model,"3,5,2,6,1,4"
6247,Fine-Tuned Model,"3,2,6,4,5,1"
6248,Fine-Tuned Model,"4,2,5,3,6,1"
6249,Fine-Tuned Model,
6250,Fine-Tuned Model,"1,3,5,2,6,4"
6251,Fine-Tuned Model,"4,3,6,2,5,1"
6252,Fine-Tuned Model,
6253,Fine-Tuned Model,"1,6,1,2"
6254,Fine-Tuned Model,"2,5,1,4,6,3"
6255,Fine-Tuned Model,
6256,Fine-Tuned Model,"4,2,6,5,1,3"
6257,Fine-Tuned Model,
6258,Fine-Tuned Model,"3,5,1,6,2,4"
6259,Fine-Tuned Model,"2,4,5,6,3,1"
6260,Fine-Tuned Model,
6261,Fine-Tuned Model,"3,5,2,6,1,4"
6262,Fine-Tuned Model,
6263,Fine-Tuned Model,"2,5,1,3,6,4"
6264,Fine-Tuned Model,
6265,Fine-Tuned Model,"4,2,6,5,3,1"
6266,Fine-Tuned Model,"2,6,5,4,3,1"
6267,Fine-Tuned Model,"1,4,2,6,5,3"
6268,Fine-Tuned Model,
6269,Fine-Tuned Model,"5,2,6,1,4,3"
6270,Fine-Tuned Model,"3,6,5,1,2,4"
6271,Fine-Tuned Model,"4,2,6,1,5,3"
6272,Fine-Tuned Model,"2,5,4,1,6,3"
6273,Fine-Tuned Model,"4,6,2,3,5,1"
6274,Fine-Tuned Model,"2,3,6,4,1,5"
6275,Fine-Tuned Model,"1,4,2,5,6,3"
6276,Fine-Tuned Model,"5,4,6,2,6,1"
6277,Fine-Tuned Model,"3,6,2,5,4,1"
6278,Fine-Tuned Model,
6279,Fine-Tuned Model,"1,6,6,6,1,6"
6280,Fine-Tuned Model,"3,6,2,5,1,4"
6281,Fine-Tuned Model,"5,3,1,6,4,2"
6282,Fine-Tuned Model,"1,2,5,4,3,6"
6283,Fine-Tuned Model,"5,4,3,2,6,1"
6284,Fine-Tuned Model,"2,5,6,2,4,3"
6285,Fine-Tuned Model,"4,3,5,2,6,1"
6286,Fine-Tuned Model,
6287,Fine-Tuned Model,"2,6,5,3,4,1"
6288,Fine-Tuned Model,"3,4,2,5,1,6"
6289,Fine-Tuned Model,"2,6,4,3,5,1"
6290,Fine-Tuned Model,"3,6,1,4,5,2"
6291,Fine-Tuned Model,"1,4,2,6,5,3"
6292,Fine-Tuned Model,"4,3,6,2,5,1"
6293,Fine-Tuned Model,"5,3,2,6,1,4"
6294,Fine-Tuned Model,
6295,Fine-Tuned Model,"2,6,5,4,3,1"
6296,Fine-Tuned Model,"3,5,2,6,4,1"
6297,Fine-Tuned Model,"3,6,2,5,4,1"
6298,Fine-Tuned Model,
6299,Fine-Tuned Model,"6,3"
6300,Fine-Tuned Model,
6301,Fine-Tuned Model,"3,2,6,4,5,1"
6302,Fine-Tuned Model,"4,3,2,6,5,1"
6303,Fine-Tuned Model,"1,5,3,2,4,6"
6304,Fine-Tuned Model,"3,6,2,5,1,4"
6305,Fine-Tuned Model,"5,1,2,4,3,6"
6306,Fine-Tuned Model,"2,6,4,5,3,1"
6307,Fine-Tuned Model,"3,5,2,6,4,1"
6308,Fine-Tuned Model,"3,2,5,1,4,6"
6309,Fine-Tuned Model,"3,6,2,5,4,1"
6310,Fine-Tuned Model,
6311,Fine-Tuned Model,"3,6,2,5,1,4"
6312,Fine-Tuned Model,
6313,Fine-Tuned Model,"5,4,2,3,6,1"
6314,Fine-Tuned Model,"4,2,6,3,5,1"
6315,Fine-Tuned Model,"6,2,4,3,5,1"
6316,Fine-Tuned Model,
6317,Fine-Tuned Model,"3,6,2,5,1,4"
6318,Fine-Tuned Model,
6319,Fine-Tuned Model,
6320,Fine-Tuned Model,"4,3,1,5,2,6"
6321,Fine-Tuned Model,
6322,Fine-Tuned Model,
6323,Fine-Tuned Model,"1,2,3,4,5,6"
6324,Fine-Tuned Model,"3,5,2,4,1,6"
6325,Fine-Tuned Model,"3,4,2,6,5,1"
6326,Fine-Tuned Model,"3,5,2,1,6,4"
6327,Fine-Tuned Model,"5,3,2,6,5,4"
6328,Fine-Tuned Model,"4,1,3,2,6,5"
6329,Fine-Tuned Model,"2,6,1,4,5,3"
6330,Fine-Tuned Model,"3,6,2,5,4,1"
6331,Fine-Tuned Model,"1,5,6,3,1,2"
6332,Fine-Tuned Model,"2,6,4,1,5,3"
6333,Fine-Tuned Model,"1,2,6,4,5,3"
6334,Fine-Tuned Model,"1,3,5,2,6,4"
6335,Fine-Tuned Model,
6336,Fine-Tuned Model,
6337,Fine-Tuned Model,"3,6,2,5,4,1"
6338,Fine-Tuned Model,"4,2,6,3,1,5"
6339,Fine-Tuned Model,"1,6,6"
6340,Fine-Tuned Model,"3,2,6,5,4,1"
6341,Fine-Tuned Model,"6,1,6"
6342,Fine-Tuned Model,"2,5,6,3,4,5"
6343,Fine-Tuned Model,"4,2,6,1,3,5"
6344,Fine-Tuned Model,
6345,Fine-Tuned Model,
6346,Fine-Tuned Model,
6347,Fine-Tuned Model,"1,2,3,4,6"
6348,Fine-Tuned Model,"2,5,1,3,6,4"
6349,Fine-Tuned Model,"4,2,6,3,1,5"
6350,Fine-Tuned Model,"6,1,6,1,6"
6351,Fine-Tuned Model,"4,2,6,3,5,1"
6352,Fine-Tuned Model,"4,6,2,5,3,1"
6353,Fine-Tuned Model,"4,2,6,5,1,3"
6354,Fine-Tuned Model,"3,5,2,6,1,4"
6355,Fine-Tuned Model,
6356,Fine-Tuned Model,"3,1,6,2,5,4"
6357,Fine-Tuned Model,"5,4,2,6,3,1"
6358,Fine-Tuned Model,"5,3,6,4,2,1"
6359,Fine-Tuned Model,"3,5,4,6,2,1"
6360,Fine-Tuned Model,"3,5,1,2,4,6"
6361,Fine-Tuned Model,"1,2,3,4,5,6"
6362,Fine-Tuned Model,"1,4"
6363,Fine-Tuned Model,
6364,Fine-Tuned Model,"4,1,6,2,3,5"
6365,Fine-Tuned Model,"1,3,6,2,4,5"
6366,Fine-Tuned Model,"3,5,1,6,2,4"
6367,Fine-Tuned Model,
6368,Fine-Tuned Model,
6369,Fine-Tuned Model,"1,5,2,3"
6370,Fine-Tuned Model,"4,6,3,5,6,2"
6371,Fine-Tuned Model,
6372,Fine-Tuned Model,"1,4,2,2,3,6"
6373,Fine-Tuned Model,"2,5,3,1,6,4"
6374,Fine-Tuned Model,"1,2,3,4,5"
6375,Fine-Tuned Model,
6376,Fine-Tuned Model,6
6377,Fine-Tuned Model,"3,6,2,5,4,1"
6378,Fine-Tuned Model,
6379,Fine-Tuned Model,
6380,Fine-Tuned Model,"3,5,4,2,6,1"
6381,Fine-Tuned Model,"2,3,5,4,6,3"
6382,Fine-Tuned Model,"1,6,6,1,6,6"
6383,Fine-Tuned Model,"6,1"
6384,Fine-Tuned Model,"3,6,1,4,5,2"
6385,Fine-Tuned Model,"3,6,1,4,2,5"
6386,Fine-Tuned Model,"4,3,6,2,5,1"
6387,Fine-Tuned Model,"1,2,4,3,6,5"
6388,Fine-Tuned Model,"3,1,6,2,4,5"
6389,Fine-Tuned Model,"3,5,6,2,5,1"
6390,Fine-Tuned Model,
6391,Fine-Tuned Model,"1,2,3,4,5,6"
6392,Fine-Tuned Model,"4,1,5,6,2,3"
6393,Fine-Tuned Model,"4,2,3,1,6,5"
6394,Fine-Tuned Model,"1,3,2,6,3,2"
6395,Fine-Tuned Model,"3,2,5,6,1,4"
6396,Fine-Tuned Model,"1,2,6,5,3,4"
6397,Fine-Tuned Model,"4,6,3,2,5,1"
6398,Fine-Tuned Model,"6,1,6"
6399,Fine-Tuned Model,"4,1,3,2,6,5"
6400,Fine-Tuned Model,"1,6,6"
6401,Fine-Tuned Model,
6402,Fine-Tuned Model,"2,5,3,6,4,2"
6403,Fine-Tuned Model,"1,4,2,6,3,5"
6404,Fine-Tuned Model,"6,6,1,6,6,5"
6405,Fine-Tuned Model,"4,2,5,3,6,1"
6406,Fine-Tuned Model,"4,2,6,1,3,5"
6407,Fine-Tuned Model,
6408,Fine-Tuned Model,"4,3,6,2,1,5"
6409,Fine-Tuned Model,"2,5,4,3,6,1"
6410,Fine-Tuned Model,"4,2,6,3,5,1"
6411,Fine-Tuned Model,"1,3,6,2,5,4"
6412,Fine-Tuned Model,"1,2,3,4,5,6"
6413,Fine-Tuned Model,"4,3,2,6,5,1"
6414,Fine-Tuned Model,"4,2,6,3,5,1"
6415,Fine-Tuned Model,"3,2,6,1,4,5"
6416,Fine-Tuned Model,1
6417,Fine-Tuned Model,"2,5,4,1,6,3"
6418,Fine-Tuned Model,"3,6,2,5"
6419,Fine-Tuned Model,"5,1,4,2,6,3"
6420,Fine-Tuned Model,"4,2,6,1,5,3"
6421,Fine-Tuned Model,"3,5,4,6,2,1"
6422,Fine-Tuned Model,"1,2,6,4,5,3"
6423,Fine-Tuned Model,"6,1,6"
6424,Fine-Tuned Model,
6425,Fine-Tuned Model,"4,6,3,2,5,1"
6426,Fine-Tuned Model,"4,2,3,1,6,5"
6427,Fine-Tuned Model,
6428,Fine-Tuned Model,"1,6,1,6,1,6"
6429,Fine-Tuned Model,"1,3,6,5,2,4"
6430,Fine-Tuned Model,
6431,Fine-Tuned Model,"4,1,3,2,5,6"
6432,Fine-Tuned Model,"3,5,2,6,1,4"
6433,Fine-Tuned Model,"2,5,1,4,3,6"
6434,Fine-Tuned Model,"3,4,5,1,6,2"
6435,Fine-Tuned Model,"5,2,6,1,4,3"
6436,Fine-Tuned Model,"1,2,3,4,5,6"
6437,Fine-Tuned Model,"5,2,6,3,1,4"
6438,Fine-Tuned Model,"6,1,6"
6439,Fine-Tuned Model,
6440,Fine-Tuned Model,"2,5,6,1,3,4"
6441,Fine-Tuned Model,5
6442,Fine-Tuned Model,"4,6,2,5,1,3"
6443,Fine-Tuned Model,"2,5,4,3,1,6"
6444,Fine-Tuned Model,6
6445,Fine-Tuned Model,"3,1,6,2,5,4"
6446,Fine-Tuned Model,
6447,Fine-Tuned Model,1
6448,Fine-Tuned Model,
6449,Fine-Tuned Model,"1,1,6,1,6,2"
6450,Fine-Tuned Model,"3,5,2,6,1,4"
6451,Fine-Tuned Model,"5,3,2,6,4,1"
6452,Fine-Tuned Model,"3,6,1,4,3,2"
6453,Fine-Tuned Model,"2,5,1,6,4,3"
6454,Fine-Tuned Model,"3,6,2,5,4"
6455,Fine-Tuned Model,"2,6,5,1,3,4"
6456,Fine-Tuned Model,"1,2,4,5,1,3"
6457,Fine-Tuned Model,
6458,Fine-Tuned Model,"2,5,6,1,4,3"
6459,Fine-Tuned Model,
6460,Fine-Tuned Model,"4,6,3,2,5,1"
6461,Fine-Tuned Model,"4,2,6,1,5,3"
6462,Fine-Tuned Model,"1,3,2,5,3,2"
6463,Fine-Tuned Model,"5,2,6,3,1,4"
6464,Fine-Tuned Model,"1,2,3,4,5,6"
6465,Fine-Tuned Model,
6466,Fine-Tuned Model,"4,6,2,5,3,6"
6467,Fine-Tuned Model,"1,2,3,4,5,6"
6468,Fine-Tuned Model,"2,5,1,4,6,3"
6469,Fine-Tuned Model,"3,5,2,6,1,4"
6470,Fine-Tuned Model,"2,4,5,6,1,3"
6471,Fine-Tuned Model,"1,2,2,3,3,6"
6472,Fine-Tuned Model,"5,3,1,6,4,2"
6473,Fine-Tuned Model,
6474,Fine-Tuned Model,"1,5,3,4,2,6"
6475,Fine-Tuned Model,"4,6,2,3,1,5"
6476,Fine-Tuned Model,"1,3,5,2,6,4"
6477,Fine-Tuned Model,"4,2,6,3,5,1"
6478,Fine-Tuned Model,
6479,Fine-Tuned Model,"1,6,1,6,1,6"
6480,Fine-Tuned Model,"3,6,2,5,1,4"
6481,Fine-Tuned Model,"2,5,2,6,1"
6482,Fine-Tuned Model,"3,2,6,5,4,1"
6483,Fine-Tuned Model,
6484,Fine-Tuned Model,"3,2,4,5,1,2"
6485,Fine-Tuned Model,"3,4,5,2,6,1"
6486,Fine-Tuned Model,"1,6,1,3,6,2"
6487,Fine-Tuned Model,"2,5,4,3,1,6"
6488,Fine-Tuned Model,"3,5,2,6,1,4"
6489,Fine-Tuned Model,"1,6,6,1,4,2"
6490,Fine-Tuned Model,
6491,Fine-Tuned Model,"2,5,3,1,6,4"
6492,Fine-Tuned Model,
6493,Fine-Tuned Model,"4,2,6,3,5,1"
6494,Fine-Tuned Model,"3,5"
6495,Fine-Tuned Model,
6496,Fine-Tuned Model,"4,1,5,2,6,3"
6497,Fine-Tuned Model,"4,3,5,6,2,5"
6498,Fine-Tuned Model,"1,2,3,4,5,6"
6499,Fine-Tuned Model,"4,2,6,5,1,3"
6500,Fine-Tuned Model,"4,2,6,5,3,1"
6501,Fine-Tuned Model,"3,5,6,4,2,1"
6502,Fine-Tuned Model,
6503,Fine-Tuned Model,
6504,Fine-Tuned Model,"6,2,3"
6505,Fine-Tuned Model,
6506,Fine-Tuned Model,
6507,Fine-Tuned Model,"3,1,4,2,6,5"
6508,Fine-Tuned Model,"3,6,5,1,3,6"
6509,Fine-Tuned Model,"3,5,2,6,1,4"
6510,Fine-Tuned Model,
6511,Fine-Tuned Model,"2,5,1,6,3,4"
6512,Fine-Tuned Model,"2,4,5,3,2,6"
6513,Fine-Tuned Model,"1,6,6"
6514,Fine-Tuned Model,
6515,Fine-Tuned Model,
6516,Fine-Tuned Model,"1,2,3,4,5,6"
6517,Fine-Tuned Model,
6518,Fine-Tuned Model,"1,6,6"
6519,Fine-Tuned Model,
6520,Fine-Tuned Model,
6521,Fine-Tuned Model,"5,3,6,1,4,2"
6522,Fine-Tuned Model,
6523,Fine-Tuned Model,
6524,Fine-Tuned Model,"2,6,1,5,3,4"
6525,Fine-Tuned Model,"2,6,3,5,1,4"
6526,Fine-Tuned Model,"4,3,2,5,6,1"
6527,Fine-Tuned Model,"4,3,1,6,5,2"
6528,Fine-Tuned Model,"1,4,2,6,3,3"
6529,Fine-Tuned Model,"2,4,5,1,3,6"
6530,Fine-Tuned Model,
6531,Fine-Tuned Model,"4,2,6,3,1,5"
6532,Fine-Tuned Model,"3,4,6,2,5,1"
6533,Fine-Tuned Model,"4,6,3,2,6,5"
6534,Fine-Tuned Model,"4,3,2,6,1,5"
6535,Fine-Tuned Model,
6536,Fine-Tuned Model,
6537,Fine-Tuned Model,"3,5,1,2,6,4"
6538,Fine-Tuned Model,"1,2,3,4,5,6"
6539,Fine-Tuned Model,
6540,Fine-Tuned Model,
6541,Fine-Tuned Model,"2,5,4,3,6,1"
6542,Fine-Tuned Model,1
6543,Fine-Tuned Model,"6,3,1,5,4,2"
6544,Fine-Tuned Model,"4,2,6,3,5,1"
6545,Fine-Tuned Model,"1,2,3,4,5,6"
6546,Fine-Tuned Model,"3,6,5,2,1,4"
6547,Fine-Tuned Model,"1,3,6,2,5,4"
6548,Fine-Tuned Model,"3,6,5,2,4,1"
6549,Fine-Tuned Model,"1,6,3,4,2,5"
6550,Fine-Tuned Model,"2,6,3,1,4,5"
6551,Fine-Tuned Model,"4,2,6,1,5,3"
6552,Fine-Tuned Model,"5,3,6,2,4,1"
6553,Fine-Tuned Model,"2,4,3,6,5,1"
6554,Fine-Tuned Model,"4,2,6,3,1,5"
6555,Fine-Tuned Model,"4,3,5,2,6,1"
6556,Fine-Tuned Model,"3,4,6,2,5,1"
6557,Fine-Tuned Model,"5,3,6,2,4,1"
6558,Fine-Tuned Model,"2,5,3,1,6,4"
6559,Fine-Tuned Model,"5,2,4,1,6,3"
6560,Fine-Tuned Model,
6561,Fine-Tuned Model,"1,6,6"
6562,Fine-Tuned Model,"4,2,6,3,1,5"
6563,Fine-Tuned Model,"1,5,3,2,6,4"
6564,Fine-Tuned Model,
6565,Fine-Tuned Model,"2,3,6,1,4,5"
6566,Fine-Tuned Model,"1,2,6"
6567,Fine-Tuned Model,"1,5,3,6,2,4"
6568,Fine-Tuned Model,"1,3,2,6,5,4"
6569,Fine-Tuned Model,"3,6,4,5,2,1"
6570,Fine-Tuned Model,
6571,Fine-Tuned Model,"1,3"
6572,Fine-Tuned Model,"1,2,3,4,5,6"
6573,Fine-Tuned Model,"3,4,6,1,2,5"
6574,Fine-Tuned Model,"1,6,6"
6575,Fine-Tuned Model,"4,2,6,1,5,3"
6576,Fine-Tuned Model,"1,2,3,4,5,6"
6577,Fine-Tuned Model,"2,6,3,5,4,1"
6578,Fine-Tuned Model,
6579,Fine-Tuned Model,"3,2,6,5,1,4"
6580,Fine-Tuned Model,
6581,Fine-Tuned Model,"4,6,3,2,5,1"
6582,Fine-Tuned Model,"4,6,2,3,5,1"
6583,Fine-Tuned Model,"2,6,3,1,5,4"
6584,Fine-Tuned Model,"6,1,6"
6585,Fine-Tuned Model,"1,6,4,2,5,3"
6586,Fine-Tuned Model,"2,5,6,3,1,4"
6587,Fine-Tuned Model,
6588,Fine-Tuned Model,"5,3,4,6,2,1"
6589,Fine-Tuned Model,"1,3,5,2,6,4"
6590,Fine-Tuned Model,"4,2,6,3,5,1"
6591,Fine-Tuned Model,
6592,Fine-Tuned Model,"2,4,6,3,5,1"
6593,Fine-Tuned Model,"1,6,5,1,6"
6594,Fine-Tuned Model,"4,2,6,3,1,5"
6595,Fine-Tuned Model,"2,4,1,6,3,5"
6596,Fine-Tuned Model,
6597,Fine-Tuned Model,"3,5,6,4,2,3"
6598,Fine-Tuned Model,"6,3,2,4,5,1"
6599,Fine-Tuned Model,"4,5,1,2,6"
6600,Fine-Tuned Model,"3,1,6,2,5,4"
6601,Fine-Tuned Model,"4,2,6,5,1,3"
6602,Fine-Tuned Model,"5,3,2,6,1,4"
6603,Fine-Tuned Model,
6604,Fine-Tuned Model,
6605,Fine-Tuned Model,
6606,Fine-Tuned Model,"1,2,3,4,5,6"
6607,Fine-Tuned Model,"1,2,4,3,6,5"
6608,Fine-Tuned Model,"4,2,6,1,5,3"
6609,Fine-Tuned Model,"1,2,2,5,3,4"
6610,Fine-Tuned Model,2
6611,Fine-Tuned Model,"3,2,5,6,1,4"
6612,Fine-Tuned Model,
6613,Fine-Tuned Model,"4,2,5,3,6,1"
6614,Fine-Tuned Model,"3,5,2,6,1,4"
6615,Fine-Tuned Model,
6616,Fine-Tuned Model,"6,1,6,3,2,6"
6617,Fine-Tuned Model,"2,5,1,6,3,4"
6618,Fine-Tuned Model,
6619,Fine-Tuned Model,"4,2,5,3,1,6"
6620,Fine-Tuned Model,"6,2,3,1,2,5"
6621,Fine-Tuned Model,"4,2,6,3,5,1"
6622,Fine-Tuned Model,
6623,Fine-Tuned Model,"3,6,2,5,4,1"
6624,Fine-Tuned Model,"4,2,6,5,1,3"
6625,Fine-Tuned Model,
6626,Fine-Tuned Model,"1,6,5"
6627,Fine-Tuned Model,"4,6,1,2,5,3"
6628,Fine-Tuned Model,"2,6,4,3,5,1"
6629,Fine-Tuned Model,"2,5,3,1,6,4"
6630,Fine-Tuned Model,"4,6,2,5,1,3"
6631,Fine-Tuned Model,
6632,Fine-Tuned Model,"3,5,1,6,4,2"
6633,Fine-Tuned Model,"1,2,3,4,5,6"
6634,Fine-Tuned Model,"6,1,6"
6635,Fine-Tuned Model,"6,1,6,4,1,5"
6636,Fine-Tuned Model,1
6637,Fine-Tuned Model,"6,1,2,4"
6638,Fine-Tuned Model,
6639,Fine-Tuned Model,"3,6,2,5,1,4"
6640,Fine-Tuned Model,"3,5,2,1,4,6"
6641,Fine-Tuned Model,
6642,Fine-Tuned Model,"3,6,2,5,4,1"
6643,Fine-Tuned Model,"3,4,2,6,5,1"
6644,Fine-Tuned Model,"2,5,3,6,1,4"
6645,Fine-Tuned Model,"2,4,5,6,3,1"
6646,Fine-Tuned Model,"5,3,6,2,1,4"
6647,Fine-Tuned Model,"5,2,6,3,1,4"
6648,Fine-Tuned Model,"1,3,5,2,6,4"
6649,Fine-Tuned Model,"4,2,6,1,5,3"
6650,Fine-Tuned Model,"3,2,6,5,4,1"
6651,Fine-Tuned Model,"5,3,1,6,2,4"
6652,Fine-Tuned Model,"4,5,2,6"
6653,Fine-Tuned Model,
6654,Fine-Tuned Model,"4,3,6,2,1,5"
6655,Fine-Tuned Model,"3,1,6,2,4,5"
6656,Fine-Tuned Model,
6657,Fine-Tuned Model,"4,3,6,2,5,1"
6658,Fine-Tuned Model,"3,2,4,5,6,1"
6659,Fine-Tuned Model,"3,1,2,6,5,4"
6660,Fine-Tuned Model,"1,2,6"
6661,Fine-Tuned Model,"1,4,3,2,5,6"
6662,Fine-Tuned Model,"1,4,2,3,5,6"
6663,Fine-Tuned Model,"1,3,6,4,2,1"
6664,Fine-Tuned Model,"1,4,2,5,6,3"
6665,Fine-Tuned Model,
6666,Fine-Tuned Model,
6667,Fine-Tuned Model,"5,3,2,6,4,1"
6668,Fine-Tuned Model,"1,4,5,3,6,2"
6669,Fine-Tuned Model,
6670,Fine-Tuned Model,"3,5,2,6,4,1"
6671,Fine-Tuned Model,"6,1,6,4,6,2"
6672,Fine-Tuned Model,
6673,Fine-Tuned Model,
6674,Fine-Tuned Model,"4,3,5,2,6,1"
6675,Fine-Tuned Model,"5,2,6,3,1,4"
6676,Fine-Tuned Model,
6677,Fine-Tuned Model,
6678,Fine-Tuned Model,"4,2,3,5,6,1"
6679,Fine-Tuned Model,"3,6,2,5,4,1"
6680,Fine-Tuned Model,"5,3,2,6,1,4"
6681,Fine-Tuned Model,
6682,Fine-Tuned Model,"1,2,5,3,1,4"
6683,Fine-Tuned Model,"4,3,6,5,1,2"
6684,Fine-Tuned Model,"5,3,2,6,4,1"
6685,Fine-Tuned Model,
6686,Fine-Tuned Model,"2,6,3,1,4,5"
6687,Fine-Tuned Model,"2,4,3,1,6,5"
6688,Fine-Tuned Model,"3,4,1,2,5,6"
6689,Fine-Tuned Model,"3,6,2,4,5,1"
6690,Fine-Tuned Model,
6691,Fine-Tuned Model,"1,4,2,2,3,5"
6692,Fine-Tuned Model,"1,4,5,3,2,6"
6693,Fine-Tuned Model,
6694,Fine-Tuned Model,"4,2,6,3,5,1"
6695,Fine-Tuned Model,"4,3,2,6,1,5"
6696,Fine-Tuned Model,"2,6,1,4,3,5"
6697,Fine-Tuned Model,"1,6,2,4,5,3"
6698,Fine-Tuned Model,"4,2,5,3,6,1"
6699,Fine-Tuned Model,"2,4,5,3,6,1"
6700,Fine-Tuned Model,"4,2,5,6,3,1"
6701,Fine-Tuned Model,"1,2,3,6,2,5"
6702,Fine-Tuned Model,"5,2,6,3,1,4"
6703,Fine-Tuned Model,"1,2,6,5,3,4"
6704,Fine-Tuned Model,"1,3,2,6,5,4"
6705,Fine-Tuned Model,"3,6,4,2,5,1"
6706,Fine-Tuned Model,
6707,Fine-Tuned Model,"4,2,6,5,3,1"
6708,Fine-Tuned Model,"1,4,2,3,3,2"
6709,Fine-Tuned Model,"3,4,1,6,3,2"
6710,Fine-Tuned Model,"4,2,6,3,1,5"
6711,Fine-Tuned Model,"1,2,3,4,5,6"
6712,Fine-Tuned Model,"3,1,5,6,4,2"
6713,Fine-Tuned Model,
6714,Fine-Tuned Model,
6715,Fine-Tuned Model,"1,2,3,4,5,6"
6716,Fine-Tuned Model,
6717,Fine-Tuned Model,"3,2,6,5,1,4"
6718,Fine-Tuned Model,1
6719,Fine-Tuned Model,"4,2,6,3,5,1"
6720,Fine-Tuned Model,"4,2,6,5,3,1"
6721,Fine-Tuned Model,
6722,Fine-Tuned Model,"4,2,6,1,3,5"
6723,Fine-Tuned Model,
6724,Fine-Tuned Model,"5,2,6,1,3,4"
6725,Fine-Tuned Model,
6726,Fine-Tuned Model,"2,5,4,6,1,3"
6727,Fine-Tuned Model,"4,2,5,1,3,6"
6728,Fine-Tuned Model,"3,6,2,5,1,4"
6729,Fine-Tuned Model,"3,5,2,4,6,1"
6730,Fine-Tuned Model,"3,1,2,6,4,5"
6731,Fine-Tuned Model,"4,2,6,1,3,5"
6732,Fine-Tuned Model,"1,2,3,4,5,6"
6733,Fine-Tuned Model,
6734,Fine-Tuned Model,
6735,Fine-Tuned Model,"3,2,4,3,6,1"
6736,Fine-Tuned Model,"4,2,5,3,6"
6737,Fine-Tuned Model,"3,6,1,5,2,4"
6738,Fine-Tuned Model,"4,2,6,3,1,5"
6739,Fine-Tuned Model,"1,4,2,3,5,6"
6740,Fine-Tuned Model,"2,4,6,5,3,1"
6741,Fine-Tuned Model,"3,5,4,2"
6742,Fine-Tuned Model,"4,2,3,6,5,1"
6743,Fine-Tuned Model,"6,1,6,2,5,1"
6744,Fine-Tuned Model,
6745,Fine-Tuned Model,"3,6,2,5,4"
6746,Fine-Tuned Model,"2,5,3,6,1,4"
6747,Fine-Tuned Model,"1,5,3,2,4,6"
6748,Fine-Tuned Model,"3,5,6,2,4,1"
6749,Fine-Tuned Model,"5,2,6,3,1,4"
6750,Fine-Tuned Model,"4,2,5,3,6,1"
6751,Fine-Tuned Model,"4,6,1,2,5,3"
6752,Fine-Tuned Model,"2,4,1,6,5,3"
6753,Fine-Tuned Model,"6,1,6"
6754,Fine-Tuned Model,"2,4,6,1,5,3"
6755,Fine-Tuned Model,"3,6,4,5,2,1"
6756,Fine-Tuned Model,
6757,Fine-Tuned Model,"3,6,2,5,1,4"
6758,Fine-Tuned Model,"5,2,6,3,1,4"
6759,Fine-Tuned Model,"4,2,5,3,6,1"
6760,Fine-Tuned Model,"1,3,5,6,2,4"
6761,Fine-Tuned Model,"4,2,5,6,3,1"
6762,Fine-Tuned Model,"5,2,3,1,6,4"
6763,Fine-Tuned Model,"2,6,1,3,5,4"
6764,Fine-Tuned Model,"4,6,2,5,1,3"
6765,Fine-Tuned Model,"4,2,6,3,5,1"
6766,Fine-Tuned Model,"4,2,6,3,5,1"
6767,Fine-Tuned Model,"4,2,6,3,5,1"
6768,Fine-Tuned Model,"4,2,5,3,1,6"
6769,Fine-Tuned Model,"3,4,5,2,6,1"
6770,Fine-Tuned Model,"1,4,6,2,3,5"
6771,Fine-Tuned Model,"5,3,2,6,4,1"
6772,Fine-Tuned Model,"3,4,6,2,5,1"
6773,Fine-Tuned Model,"1,2,3"
6774,Fine-Tuned Model,"1,3,5,2,6,4"
6775,Fine-Tuned Model,"3,2,6,4,1,5"
6776,Fine-Tuned Model,"1,4,3,5,2,6"
6777,Fine-Tuned Model,"5,2,6,1,3,4"
6778,Fine-Tuned Model,
6779,Fine-Tuned Model,
6780,Fine-Tuned Model,
6781,Fine-Tuned Model,"4,2,5,1,3,6"
6782,Fine-Tuned Model,
6783,Fine-Tuned Model,"2,5,4,1,6,3"
6784,Fine-Tuned Model,"2,5,4,6,1,3"
6785,Fine-Tuned Model,
6786,Fine-Tuned Model,
6787,Fine-Tuned Model,"2,5,3,1,6,4"
6788,Fine-Tuned Model,"3,6,2,5,4,1"
6789,Fine-Tuned Model,
6790,Fine-Tuned Model,"6,1,6"
6791,Fine-Tuned Model,"4,2,6,1,5,3"
6792,Fine-Tuned Model,"5,3,6,1,2,4"
6793,Fine-Tuned Model,"1,6,6"
6794,Fine-Tuned Model,"3,5,2,6,1,4"
6795,Fine-Tuned Model,"5,2,6,4,1,3"
6796,Fine-Tuned Model,"1,2,3,4,6,5"
6797,Fine-Tuned Model,"1,4,3,6,5,2"
6798,Fine-Tuned Model,"3,1,6,2,4,5"
6799,Fine-Tuned Model,"3,6,2,5,4,1"
6800,Fine-Tuned Model,"1,6,2,4,3,3"
6801,Fine-Tuned Model,"1,2,5,4,6,3"
6802,Fine-Tuned Model,"3,6,1,2,5,4"
6803,Fine-Tuned Model,"3,6,2,5,1,4"
6804,Fine-Tuned Model,
6805,Fine-Tuned Model,"2,5,6,3,1,4"
6806,Fine-Tuned Model,"1,3,6,2,5,4"
6807,Fine-Tuned Model,
6808,Fine-Tuned Model,"2,6,4,1,5,3"
6809,Fine-Tuned Model,
6810,Fine-Tuned Model,"1,6"
6811,Fine-Tuned Model,"4,2,6,3,5,1"
6812,Fine-Tuned Model,
6813,Fine-Tuned Model,"4,2,6,3,5,1"
6814,Fine-Tuned Model,"1,6"
6815,Fine-Tuned Model,
6816,Fine-Tuned Model,"1,5,3,6,2,4"
6817,Fine-Tuned Model,"2,6,3,5,2,4"
6818,Fine-Tuned Model,"1,5,3,4,2,6"
6819,Fine-Tuned Model,"4,6,2,3,5,1"
6820,Fine-Tuned Model,
6821,Fine-Tuned Model,"6,1,4,2,3,3"
6822,Fine-Tuned Model,
6823,Fine-Tuned Model,"1,5,2,4,3,6"
6824,Fine-Tuned Model,"5,1,6,2,3,4"
6825,Fine-Tuned Model,
6826,Fine-Tuned Model,"4,3,5,2,6,1"
6827,Fine-Tuned Model,"1,6,1,6,1,6"
6828,Fine-Tuned Model,
6829,Fine-Tuned Model,"5,2,3,4,3,5"
6830,Fine-Tuned Model,"4,6,2,3,5,1"
6831,Fine-Tuned Model,"3,2,6,5,4,1"
6832,Fine-Tuned Model,"1,2,3,4,5,6"
6833,Fine-Tuned Model,
6834,Fine-Tuned Model,"2,5,3,1,6,4"
6835,Fine-Tuned Model,"1,4,3,5,2,6"
6836,Fine-Tuned Model,"2,6,3,1,5,4"
6837,Fine-Tuned Model,"3,5,2,6,4,1"
6838,Fine-Tuned Model,"1,6,1,6,1,6"
6839,Fine-Tuned Model,"4,3,1,2,6,5"
6840,Fine-Tuned Model,"1,2,3,4,5,6"
6841,Fine-Tuned Model,
6842,Fine-Tuned Model,
6843,Fine-Tuned Model,"3,2,5,1,6,4"
6844,Fine-Tuned Model,"1,1,6,6,4,2"
6845,Fine-Tuned Model,
6846,Fine-Tuned Model,"2,4,3,6,1,5"
6847,Fine-Tuned Model,
6848,Fine-Tuned Model,"3,1,5,2,6,4"
6849,Fine-Tuned Model,"1,2,3,4,5,6"
6850,Fine-Tuned Model,"2,6,1,4,5,3"
6851,Fine-Tuned Model,"5,1,3,6,2,4"
6852,Fine-Tuned Model,"3,6,2,5,4,1"
6853,Fine-Tuned Model,
6854,Fine-Tuned Model,"1,2,3,4,5"
6855,Fine-Tuned Model,"2,6,3,5,4,1"
6856,Fine-Tuned Model,"3,2,6,1,4,5"
6857,Fine-Tuned Model,"4,3,5,2,6,1"
6858,Fine-Tuned Model,"5,4,3,2,6,1"
6859,Fine-Tuned Model,"3,6,1,4,5,2"
6860,Fine-Tuned Model,"4,3,6,2,5,1"
6861,Fine-Tuned Model,
6862,Fine-Tuned Model,
6863,Fine-Tuned Model,"5,2,6,3,1,4"
6864,Fine-Tuned Model,"1,2,3,5,2,1"
6865,Fine-Tuned Model,"3,6,2,5,1,4"
6866,Fine-Tuned Model,
6867,Fine-Tuned Model,"1,2,3,4,5,6"
6868,Fine-Tuned Model,"4,2,5,1,6,3"
6869,Fine-Tuned Model,"1,3,2,4,6,5"
6870,Fine-Tuned Model,"2,5,3,6,1,4"
6871,Fine-Tuned Model,"1,3,5,6,2,4"
6872,Fine-Tuned Model,"4,2,6,1,3,5"
6873,Fine-Tuned Model,"1,5,2,6,3,5"
6874,Fine-Tuned Model,"4,2,5,6,3,1"
6875,Fine-Tuned Model,"3,6,2,5,4,1"
6876,Fine-Tuned Model,"1,3,5,3,2,4"
6877,Fine-Tuned Model,
6878,Fine-Tuned Model,"5,3,1,2,6,4"
6879,Fine-Tuned Model,"5,2,6,3,1,4"
6880,Fine-Tuned Model,"2,5,3,1,4,6"
6881,Fine-Tuned Model,"2,5,4,1,6,3"
6882,Fine-Tuned Model,
6883,Fine-Tuned Model,"2,5,1,4,3,6"
6884,Fine-Tuned Model,"3,2,6,5,1,4"
6885,Fine-Tuned Model,"2,5,1,6,3,4"
6886,Fine-Tuned Model,"2,4,1,6,3,5"
6887,Fine-Tuned Model,"5,3,2,1,6,4"
6888,Fine-Tuned Model,"6,4,3,2,6,5"
6889,Fine-Tuned Model,
6890,Fine-Tuned Model,"2,4,3,6,1,5"
6891,Fine-Tuned Model,"4,2,6,5,3,1"
6892,Fine-Tuned Model,"1,5,2,3,6,4"
6893,Fine-Tuned Model,"3,4,6,2,5,1"
6894,Fine-Tuned Model,
6895,Fine-Tuned Model,6
6896,Fine-Tuned Model,"3,5,4,6,2,1"
6897,Fine-Tuned Model,"2,4,5,1,3"
6898,Fine-Tuned Model,6
6899,Fine-Tuned Model,"4,2,5,3,1,6"
6900,Fine-Tuned Model,"3,5,2,6,1,4"
6901,Fine-Tuned Model,"1,4,3,5,2,6"
6902,Fine-Tuned Model,"2,5,3,4,6,1"
6903,Fine-Tuned Model,"1,3,5,2,4,6"
6904,Fine-Tuned Model,"6,3,2,5,1,4"
6905,Fine-Tuned Model,"1,5,2,6,3,4"
6906,Fine-Tuned Model,"3,2,5,1,6,4"
6907,Fine-Tuned Model,
6908,Fine-Tuned Model,"5,3,1,6,4,2"
6909,Fine-Tuned Model,
6910,Fine-Tuned Model,
6911,Fine-Tuned Model,
6912,Fine-Tuned Model,"3,5,1,6,2,4"
6913,Fine-Tuned Model,"4,3,6,2,5,1"
6914,Fine-Tuned Model,"2,6,4,1,5,3"
6915,Fine-Tuned Model,"1,5,3,4,2,6"
6916,Fine-Tuned Model,"2,6,1,4,5,3"
6917,Fine-Tuned Model,
6918,Fine-Tuned Model,
6919,Fine-Tuned Model,"2,4,5,6,3,6"
6920,Fine-Tuned Model,
6921,Fine-Tuned Model,"1,6,6"
6922,Fine-Tuned Model,"3,6,2,5,1,4"
6923,Fine-Tuned Model,"4,3,6,2,5,1"
6924,Fine-Tuned Model,"3,6,5,2,4,1"
6925,Fine-Tuned Model,
6926,Fine-Tuned Model,"4,2,6,3,5,1"
6927,Fine-Tuned Model,6
6928,Fine-Tuned Model,"6,1,6,5,3,2"
6929,Fine-Tuned Model,"2,4,6,3,5,1"
6930,Fine-Tuned Model,"3,6,2,5,4,1"
6931,Fine-Tuned Model,"4,3,6,1,5,2"
6932,Fine-Tuned Model,"5,3,2,6,1,4"
6933,Fine-Tuned Model,"3,2,6,5,1,4"
6934,Fine-Tuned Model,"2,6,4,1,3,5"
6935,Fine-Tuned Model,"5,3,1,6,2,4"
6936,Fine-Tuned Model,"1,3,6,4,5,2"
6937,Fine-Tuned Model,"1,5,3,2,6,4"
6938,Fine-Tuned Model,6
6939,Fine-Tuned Model,"3,5,1,6,2,4"
6940,Fine-Tuned Model,"4,2,6,1,3,5"
6941,Fine-Tuned Model,
6942,Fine-Tuned Model,
6943,Fine-Tuned Model,"4,1,2,6,5,3"
6944,Fine-Tuned Model,"2,5,4,3,6,1"
6945,Fine-Tuned Model,"1,6,6"
6946,Fine-Tuned Model,
6947,Fine-Tuned Model,"1,3,2,6,5,1"
6948,Fine-Tuned Model,
6949,Fine-Tuned Model,"5,3,2,6,5,1"
6950,Fine-Tuned Model,"4,2,6,1,5,3"
6951,Fine-Tuned Model,"6,6,1,6"
6952,Fine-Tuned Model,
6953,Fine-Tuned Model,"3,5,2,6,4,1"
6954,Fine-Tuned Model,"3,1,6,2,5,4"
6955,Fine-Tuned Model,"5,1,6,2,3,4"
6956,Fine-Tuned Model,"3,4,6,2,1,5"
6957,Fine-Tuned Model,"4,2,6,5,1,3"
6958,Fine-Tuned Model,"3,2,6,1,5,4"
6959,Fine-Tuned Model,"1,2,4,5,3,6"
6960,Fine-Tuned Model,"4,3,1,6,2,5"
6961,Fine-Tuned Model,"4,2,6,5,3,1"
6962,Fine-Tuned Model,"4,3,6,2,5,1"
6963,Fine-Tuned Model,"2,5,6,1,3,4"
6964,Fine-Tuned Model,
6965,Fine-Tuned Model,
6966,Fine-Tuned Model,"3,6,2,5,1,4"
6967,Fine-Tuned Model,"2,5,1,6,3,4"
6968,Fine-Tuned Model,"2,5,6,3,1,4"
6969,Fine-Tuned Model,"3,6,2,5,4,1"
6970,Fine-Tuned Model,
6971,Fine-Tuned Model,"3,1,4,2,5"
6972,Fine-Tuned Model,"3,5,6,4,2,1"
6973,Fine-Tuned Model,
6974,Fine-Tuned Model,"1,3,2,5,4,6"
6975,Fine-Tuned Model,"3,6,2,5,4,1"
6976,Fine-Tuned Model,"2,6,3,5,2,4"
6977,Fine-Tuned Model,"3,2,5,4,6,1"
6978,Fine-Tuned Model,"4,3,5,2,6,1"
6979,Fine-Tuned Model,"4,2,6,5,3,1"
6980,Fine-Tuned Model,1
6981,Fine-Tuned Model,"2,5,3,6,1,4"
6982,Fine-Tuned Model,"1,2,3,1,4,5"
6983,Fine-Tuned Model,
6984,Fine-Tuned Model,"4,3,2,6,5,1"
6985,Fine-Tuned Model,"4,2,5,6,1,3"
6986,Fine-Tuned Model,"3,6,2,5,4,1"
6987,Fine-Tuned Model,"1,2,3,4,5,6"
6988,Fine-Tuned Model,"4,2,6,5,3,1"
6989,Fine-Tuned Model,"2,5,3,6,1,4"
6990,Fine-Tuned Model,"4,2,6,5,1,3"
6991,Fine-Tuned Model,"4,3,2,6,5,1"
6992,Fine-Tuned Model,"6,3,2,5,1,6"
6993,Fine-Tuned Model,"4,2,6,3,1,5"
6994,Fine-Tuned Model,
6995,Fine-Tuned Model,"3,5,2,4,1,6"
6996,Fine-Tuned Model,
6997,Fine-Tuned Model,"5,3,6,1,4,2"
6998,Fine-Tuned Model,"1,3,2,6,4,5"
6999,Fine-Tuned Model,"2,6,4,3,5,1"
7000,Fine-Tuned Model,
7001,Fine-Tuned Model,"3,5,2,4,5,1"
7002,Fine-Tuned Model,"1,2,5,3,6,4"
7003,Fine-Tuned Model,
7004,Fine-Tuned Model,"1,2,3,4,5,6"
7005,Fine-Tuned Model,"3,6,1,4,2,5"
7006,Fine-Tuned Model,"1,2,4,6,2,5"
7007,Fine-Tuned Model,"3,6,2,5,1,4"
7008,Fine-Tuned Model,"3,6,4,5,2,3"
7009,Fine-Tuned Model,"2,5,3,1,6,4"
7010,Fine-Tuned Model,"1,4,3,5,2,6"
7011,Fine-Tuned Model,"1,3,2,4,5,6"
7012,Fine-Tuned Model,"1,2,3,4,5,6"
7013,Fine-Tuned Model,"5,2,6,3,1,4"
7014,Fine-Tuned Model,"1,3,2,6,1,3"
7015,Fine-Tuned Model,6
7016,Fine-Tuned Model,
7017,Fine-Tuned Model,"3,2,5,6,4"
7018,Fine-Tuned Model,"3,6,2,5,1,4"
7019,Fine-Tuned Model,"1,2,1"
7020,Fine-Tuned Model,"5,3,6,1,2,4"
7021,Fine-Tuned Model,"2,4,3,1,6,5"
7022,Fine-Tuned Model,"2,5,1,6,3,4"
7023,Fine-Tuned Model,"3,2,6,4,1,5"
7024,Fine-Tuned Model,
7025,Fine-Tuned Model,"3,5,2,4,6,1"
7026,Fine-Tuned Model,"5,3,2,6,4,1"
7027,Fine-Tuned Model,
7028,Fine-Tuned Model,"1,5,3,6,2,4"
7029,Fine-Tuned Model,"2,6,3,5,1"
7030,Fine-Tuned Model,"3,2,4,6,1,5"
7031,Fine-Tuned Model,
7032,Fine-Tuned Model,
7033,Fine-Tuned Model,"2,6,1,4,3,5"
7034,Fine-Tuned Model,"1,4,2,6,5,3"
7035,Fine-Tuned Model,"1,2,3,4,5,6"
7036,Fine-Tuned Model,"1,4,2,5,3,6"
7037,Fine-Tuned Model,"3,6,2,5,1,4"
7038,Fine-Tuned Model,"2,6,4,3,5,1"
7039,Fine-Tuned Model,"3,6,1,4,5,2"
7040,Fine-Tuned Model,
7041,Fine-Tuned Model,"4,2,1,2,2,3"
7042,Fine-Tuned Model,"1,3,6,4,2,5"
7043,Fine-Tuned Model,"4,2,6,5,1,3"
7044,Fine-Tuned Model,"1,6,4,2,1,5"
7045,Fine-Tuned Model,"1,5,3,6,2,6"
7046,Fine-Tuned Model,"4,2,6,1,5,3"
7047,Fine-Tuned Model,
7048,Fine-Tuned Model,"3,6,2,5,4,1"
7049,Fine-Tuned Model,"1,2,4,5,2,6"
7050,Fine-Tuned Model,"4,3,1,5,6,2"
7051,Fine-Tuned Model,"1,2"
7052,Fine-Tuned Model,"1,2,3,4,5,6"
7053,Fine-Tuned Model,3
7054,Fine-Tuned Model,"3,6,2,3,5,5"
7055,Fine-Tuned Model,3
7056,Fine-Tuned Model,
7057,Fine-Tuned Model,"3,2,6,5,1,4"
7058,Fine-Tuned Model,"5,2,6,1,3,4"
7059,Fine-Tuned Model,"5,2,6,3,1,4"
7060,Fine-Tuned Model,
7061,Fine-Tuned Model,6
7062,Fine-Tuned Model,"3,6,2,5,4,1"
7063,Fine-Tuned Model,"3,4,3,3"
7064,Fine-Tuned Model,"3,5,2,6,4,1"
7065,Fine-Tuned Model,"1,6,6,4,1,6"
7066,Fine-Tuned Model,"2,4,1,6,5,3"
7067,Fine-Tuned Model,"3,5,2,6,4,1"
7068,Fine-Tuned Model,"5,3,2,6,4,1"
7069,Fine-Tuned Model,"4,6,2,5,3,1"
7070,Fine-Tuned Model,
7071,Fine-Tuned Model,"4,6,3,5,2,1"
7072,Fine-Tuned Model,"1,3,5,2,6,4"
7073,Fine-Tuned Model,
7074,Fine-Tuned Model,
7075,Fine-Tuned Model,1
7076,Fine-Tuned Model,"1,6,1"
7077,Fine-Tuned Model,"3,2,6,1,4,5"
7078,Fine-Tuned Model,"2,5,4,6,3,1"
7079,Fine-Tuned Model,"6,3,1,6,2,5"
7080,Fine-Tuned Model,"4,2,5,1,6,3"
7081,Fine-Tuned Model,"4,2,6,5,1,3"
7082,Fine-Tuned Model,"1,3,6,1,5,3"
7083,Fine-Tuned Model,"2,4,6,1,3,5"
7084,Fine-Tuned Model,"1,6,1,6,1,6"
7085,Fine-Tuned Model,
7086,Fine-Tuned Model,"4,3,2,5,6,1"
7087,Fine-Tuned Model,"2,5,3,6,1,4"
7088,Fine-Tuned Model,"3,4,1,2,5,3"
7089,Fine-Tuned Model,"3,1,5,2,6,4"
7090,Fine-Tuned Model,"1,6,6"
7091,Fine-Tuned Model,"4,2,5,1,6,3"
7092,Fine-Tuned Model,"1,6,6"
7093,Fine-Tuned Model,"1,6"
7094,Fine-Tuned Model,"2,4,1,3,6,5"
7095,Fine-Tuned Model,"4,2,6,5,3"
7096,Fine-Tuned Model,"4,2,6,1,5,3"
7097,Fine-Tuned Model,"3,6,2,5,4,1"
7098,Fine-Tuned Model,
7099,Fine-Tuned Model,"4,2,5,6,1,3"
7100,Fine-Tuned Model,"6,1,6,3"
7101,Fine-Tuned Model,"1,2,3,4,5,6"
7102,Fine-Tuned Model,"3,6,2,5,4,1"
7103,Fine-Tuned Model,"2,5,1,3,6,4"
7104,Fine-Tuned Model,"4,2,6,5,3,1"
7105,Fine-Tuned Model,"1,4,2,6,3,5"
7106,Fine-Tuned Model,"2,5,4,3,6,1"
7107,Fine-Tuned Model,"4,3,1,6,5,2"
7108,Fine-Tuned Model,"1,3,5,6,2,4"
7109,Fine-Tuned Model,"1,4,3,2,6,5"
7110,Fine-Tuned Model,
7111,Fine-Tuned Model,"3,4,6,2,5,1"
7112,Fine-Tuned Model,
7113,Fine-Tuned Model,
7114,Fine-Tuned Model,"3,6,2,4,1,5"
7115,Fine-Tuned Model,"1,6,6,1,4,6"
7116,Fine-Tuned Model,
7117,Fine-Tuned Model,
7118,Fine-Tuned Model,
7119,Fine-Tuned Model,
7120,Fine-Tuned Model,"2,5,3,6,4,1"
7121,Fine-Tuned Model,"1,3,2,5,3,1"
7122,Fine-Tuned Model,"3,6,2,5,4,1"
7123,Fine-Tuned Model,"5,2,6,1,3,4"
7124,Fine-Tuned Model,6
7125,Fine-Tuned Model,"4,2,6,3,1,5"
7126,Fine-Tuned Model,"4,2,6,1,5,3"
7127,Fine-Tuned Model,"3,4,2,6,1,5"
7128,Fine-Tuned Model,"2,6,1,3,5,2"
7129,Fine-Tuned Model,
7130,Fine-Tuned Model,"5,2,6,3,1,4"
7131,Fine-Tuned Model,"4,2,5,6,3,1"
7132,Fine-Tuned Model,"6,1,6"
7133,Fine-Tuned Model,"3,6,2,5,1,4"
7134,Fine-Tuned Model,"5,2,3,6,1,4"
7135,Fine-Tuned Model,"1,3,5,2,4,6"
7136,Fine-Tuned Model,"2,5,3,6,4,1"
7137,Fine-Tuned Model,"3,6,2,5,1,4"
7138,Fine-Tuned Model,"1,2,3,4,5,6"
7139,Fine-Tuned Model,"3,1,4,1,5,2"
7140,Fine-Tuned Model,"3,5,2,6,1,4"
7141,Fine-Tuned Model,"2,3,5,1,4,3"
7142,Fine-Tuned Model,"2,5,4,3,1,6"
7143,Fine-Tuned Model,"1,2,3,4,5,6"
7144,Fine-Tuned Model,"1,4,3,6,2,5"
7145,Fine-Tuned Model,"4,2,6,1,5,3"
7146,Fine-Tuned Model,"4,2,6,3,5,1"
7147,Fine-Tuned Model,"1,6,2,5,3,4"
7148,Fine-Tuned Model,"3,5,4,2,6,1"
7149,Fine-Tuned Model,"1,2,3,4,5,6"
7150,Fine-Tuned Model,"2,5,1,3,4,6"
7151,Fine-Tuned Model,
7152,Fine-Tuned Model,"6,6,1,6,1"
7153,Fine-Tuned Model,5
7154,Fine-Tuned Model,"2,6,1,5,4,3"
7155,Fine-Tuned Model,"3,2,6,4,5,1"
7156,Fine-Tuned Model,"3,6,2,5,1,4"
7157,Fine-Tuned Model,
7158,Fine-Tuned Model,
7159,Fine-Tuned Model,"3,6,2,4,5,1"
7160,Fine-Tuned Model,"4,2,5,6,3,1"
7161,Fine-Tuned Model,
7162,Fine-Tuned Model,"3,6,2,5,4,1"
7163,Fine-Tuned Model,"3,2,6,5,1,4"
7164,Fine-Tuned Model,"4,2,6,3,5,1"
7165,Fine-Tuned Model,"4,2,5,3,6,1"
7166,Fine-Tuned Model,"4,2,6,3,5,1"
7167,Fine-Tuned Model,
7168,Fine-Tuned Model,"1,3,5,2,6,4"
7169,Fine-Tuned Model,"2,4,5,6,3,1"
7170,Fine-Tuned Model,"4,2,5,3,6,1"
7171,Fine-Tuned Model,"4,2,6,3,5,1"
7172,Fine-Tuned Model,
7173,Fine-Tuned Model,
7174,Fine-Tuned Model,
7175,Fine-Tuned Model,"4,6,2,5,3,1"
7176,Fine-Tuned Model,"2,3,1,6,3,4"
7177,Fine-Tuned Model,"1,2,3,4,5,6"
7178,Fine-Tuned Model,"1,2,3,4,5,6"
7179,Fine-Tuned Model,"1,2,3,4,5,6"
7180,Fine-Tuned Model,"4,6,1,3,5,2"
7181,Fine-Tuned Model,"3,6,2,5,1,4"
7182,Fine-Tuned Model,"1,6,1,6,1,6"
7183,Fine-Tuned Model,"3,5,1,4,6,2"
7184,Fine-Tuned Model,"5,2,6,3,1,4"
7185,Fine-Tuned Model,"3,2,6,4,5,1"
7186,Fine-Tuned Model,"3,5,6,2,1,4"
7187,Fine-Tuned Model,"1,4,2,6,1,5"
7188,Fine-Tuned Model,"3,6,2,4,5,1"
7189,Fine-Tuned Model,"6,4,2,1,5,3"
7190,Fine-Tuned Model,
7191,Fine-Tuned Model,"3,4,2,1,5,6"
7192,Fine-Tuned Model,"3,6,1,5,2,4"
7193,Fine-Tuned Model,
7194,Fine-Tuned Model,
7195,Fine-Tuned Model,"4,2,6,5,3,1"
7196,Fine-Tuned Model,"3,6,1,2,5,4"
7197,Fine-Tuned Model,"2,4,3,6,1,5"
7198,Fine-Tuned Model,
7199,Fine-Tuned Model,"4,2,5,6,3,1"
7200,Fine-Tuned Model,"2,5,4,3,2,1"
7201,Fine-Tuned Model,"4,2,5,6,3,1"
7202,Fine-Tuned Model,
7203,Fine-Tuned Model,"3,4,1,6,2,5"
7204,Fine-Tuned Model,"1,2,3,4,5,6"
7205,Fine-Tuned Model,"3,4,2,1,5,6"
7206,Fine-Tuned Model,"3,6,1,5,4,2"
7207,Fine-Tuned Model,"4,3,6,2,5,1"
7208,Fine-Tuned Model,"1,5,2,4,6,2"
7209,Fine-Tuned Model,"1,3,2,4,5,6"
7210,Fine-Tuned Model,"2,5,3,6,4,1"
7211,Fine-Tuned Model,"2,4,5,3,2,6"
7212,Fine-Tuned Model,"2,5,3,6,4,1"
7213,Fine-Tuned Model,
7214,Fine-Tuned Model,"2,5,1,3,4,6"
7215,Fine-Tuned Model,"5,4,3,2,6,1"
7216,Fine-Tuned Model,
7217,Fine-Tuned Model,"4,2,5,3,6,1"
7218,Fine-Tuned Model,"1,3,5,2,4,6"
7219,Fine-Tuned Model,"3,5,1,6,2,4"
7220,Fine-Tuned Model,
7221,Fine-Tuned Model,"3,5,2,6,4,1"
7222,Fine-Tuned Model,"3,6,5,2,4,1"
7223,Fine-Tuned Model,"3,2,6,5,1,4"
7224,Fine-Tuned Model,"2,4,6,3,5,1"
7225,Fine-Tuned Model,"3,1,6,5,4,2"
7226,Fine-Tuned Model,
7227,Fine-Tuned Model,"1,4,2,5,3,6"
7228,Fine-Tuned Model,
7229,Fine-Tuned Model,"4,2,5,3,6,1"
7230,Fine-Tuned Model,"3,6,2,5,4,1"
7231,Fine-Tuned Model,"1,2,2,4,3,6"
7232,Fine-Tuned Model,"1,5,3,2,6,4"
7233,Fine-Tuned Model,"3,6,1,4,2,5"
7234,Fine-Tuned Model,"1,3,4,6,2,5"
7235,Fine-Tuned Model,"2,4,6,3,2,5"
7236,Fine-Tuned Model,
7237,Fine-Tuned Model,
7238,Fine-Tuned Model,
7239,Fine-Tuned Model,"2,6,4,5,1,3"
7240,Fine-Tuned Model,"5,2,6,3,1,4"
7241,Fine-Tuned Model,
7242,Fine-Tuned Model,"3,5,2,6,4,1"
7243,Fine-Tuned Model,"3,1,6,2,5,4"
7244,Fine-Tuned Model,"2,6,1,5,3,4"
7245,Fine-Tuned Model,"4,2,6,3,5,1"
7246,Fine-Tuned Model,"3,4,2,5,1,6"
7247,Fine-Tuned Model,
7248,Fine-Tuned Model,"2,4,6,3,1,5"
7249,Fine-Tuned Model,
7250,Fine-Tuned Model,"4,2,6,3,1,5"
7251,Fine-Tuned Model,"4,2,6,1,3,5"
7252,Fine-Tuned Model,"1,6,2,3,6,5"
7253,Fine-Tuned Model,
7254,Fine-Tuned Model,"4,6,2,5,1,3"
7255,Fine-Tuned Model,"5,3,6,2,5,1"
7256,Fine-Tuned Model,"3,5,2,6,4,1"
7257,Fine-Tuned Model,
7258,Fine-Tuned Model,
7259,Fine-Tuned Model,
7260,Fine-Tuned Model,"2,3,1,6,4,5"
7261,Fine-Tuned Model,"2,5,3,6,1,4"
7262,Fine-Tuned Model,"1,3,6,4,2,5"
7263,Fine-Tuned Model,
7264,Fine-Tuned Model,"3,6,1,5,4,2"
7265,Fine-Tuned Model,
7266,Fine-Tuned Model,"4,2,6,5,1,3"
7267,Fine-Tuned Model,"4,2,5,6,3,1"
7268,Fine-Tuned Model,"6,3,6"
7269,Fine-Tuned Model,"2,5,1,6,3,4"
7270,Fine-Tuned Model,"3,5,2,6,1,4"
7271,Fine-Tuned Model,"1,5,2,4,6,3"
7272,Fine-Tuned Model,"2,4,6,5,3,1"
7273,Fine-Tuned Model,"1,6,6"
7274,Fine-Tuned Model,"2,5,3,6,1,4"
7275,Fine-Tuned Model,
7276,Fine-Tuned Model,"4,2,6,3,5,1"
7277,Fine-Tuned Model,"1,3,4,6,3,1"
7278,Fine-Tuned Model,
7279,Fine-Tuned Model,
7280,Fine-Tuned Model,"1,2,3,4,5,6"
7281,Fine-Tuned Model,"3,2,4,5,6,1"
7282,Fine-Tuned Model,
7283,Fine-Tuned Model,"3,6,2,5,1,4"
7284,Fine-Tuned Model,
7285,Fine-Tuned Model,"2,5,1,6,3,4"
7286,Fine-Tuned Model,"3,5,1,2,6,4"
7287,Fine-Tuned Model,"3,1,6,2,4,5"
7288,Fine-Tuned Model,"5,3,6"
7289,Fine-Tuned Model,"2,5,3,6,1,4"
7290,Fine-Tuned Model,
7291,Fine-Tuned Model,"6,1,6"
7292,Fine-Tuned Model,"2,5,3,6,1,4"
7293,Fine-Tuned Model,
7294,Fine-Tuned Model,
7295,Fine-Tuned Model,"5,3,2,4,6,1"
7296,Fine-Tuned Model,
7297,Fine-Tuned Model,"3,6,2,5,4,1"
7298,Fine-Tuned Model,"4,6,1,5,3,2"
7299,Fine-Tuned Model,"1,6,3,2,5,1"
7300,Fine-Tuned Model,"2,6,4,1,3,5"
7301,Fine-Tuned Model,
7302,Fine-Tuned Model,"3,6,2,5,1,4"
7303,Fine-Tuned Model,
7304,Fine-Tuned Model,"3,1,6,4,2,5"
7305,Fine-Tuned Model,"4,2,6,1,5,3"
7306,Fine-Tuned Model,"3,4,6,5,2,1"
7307,Fine-Tuned Model,"3,6,2,5,1,4"
7308,Fine-Tuned Model,"5,3,2,4,6,1"
7309,Fine-Tuned Model,"1,6"
7310,Fine-Tuned Model,"3,2,6,5,1,4"
7311,Fine-Tuned Model,"4,3,6,2,5,1"
7312,Fine-Tuned Model,"1,6,6"
7313,Fine-Tuned Model,"4,2,5,6,1,3"
7314,Fine-Tuned Model,"4,2,5,3,6,1"
7315,Fine-Tuned Model,"2,6,5,1,4,3"
7316,Fine-Tuned Model,
7317,Fine-Tuned Model,"4,2,6,1,5,3"
7318,Fine-Tuned Model,"1,3,2,6,5,4"
7319,Fine-Tuned Model,
7320,Fine-Tuned Model,"4,2,6,1,3,5"
7321,Fine-Tuned Model,
7322,Fine-Tuned Model,
7323,Fine-Tuned Model,"1,6,2,6,5,3"
7324,Fine-Tuned Model,"3,5,2,1,6,4"
7325,Fine-Tuned Model,"4,2,6,1,5,3"
7326,Fine-Tuned Model,
7327,Fine-Tuned Model,"3,1,4,2,6,5"
7328,Fine-Tuned Model,"4,2,6,1,3,5"
7329,Fine-Tuned Model,"3,2,6,1,5,4"
7330,Fine-Tuned Model,
7331,Fine-Tuned Model,"2,5,3,1,6,4"
7332,Fine-Tuned Model,"1,6"
7333,Fine-Tuned Model,
7334,Fine-Tuned Model,"3,2,6,5,4,1"
7335,Fine-Tuned Model,
7336,Fine-Tuned Model,
7337,Fine-Tuned Model,6
7338,Fine-Tuned Model,"4,3,6,2,5,1"
7339,Fine-Tuned Model,"1,6"
7340,Fine-Tuned Model,"2,5,3,6,1,4"
7341,Fine-Tuned Model,"6,1,6,4,3,5"
7342,Fine-Tuned Model,"3,6,2,5,1,4"
7343,Fine-Tuned Model,"1,5,3,6,4,2"
7344,Fine-Tuned Model,
7345,Fine-Tuned Model,
7346,Fine-Tuned Model,"6,1,6,2,4,3"
7347,Fine-Tuned Model,
7348,Fine-Tuned Model,"3,6,2,5,4,1"
7349,Fine-Tuned Model,"3,6,2,5,4,1"
7350,Fine-Tuned Model,
7351,Fine-Tuned Model,"4,2,6,3,5,1"
7352,Fine-Tuned Model,
7353,Fine-Tuned Model,"3,6,2,5,4,1"
7354,Fine-Tuned Model,"2,4,6,3,1,5"
7355,Fine-Tuned Model,"3,2,6,5,4,1"
7356,Fine-Tuned Model,
7357,Fine-Tuned Model,1
7358,Fine-Tuned Model,"5,3,2,6,1,4"
7359,Fine-Tuned Model,"5,3,2,6,1,4"
7360,Fine-Tuned Model,"2,6,4,5,3,1"
7361,Fine-Tuned Model,"2,4,3,6,5,1"
7362,Fine-Tuned Model,
7363,Fine-Tuned Model,"4,6,2,5,1,3"
7364,Fine-Tuned Model,"4,2,5,1,6,3"
7365,Fine-Tuned Model,"5,2,1,4,6,3"
7366,Fine-Tuned Model,"4,2,6,1,3,5"
7367,Fine-Tuned Model,"6,3,2,4,5,1"
7368,Fine-Tuned Model,"1,6"
7369,Fine-Tuned Model,"4,2,6,3,5,1"
7370,Fine-Tuned Model,"4,2,6,5,3,1"
7371,Fine-Tuned Model,"4,1,6,3,2,5"
7372,Fine-Tuned Model,"3,6,2,5,4,1"
7373,Fine-Tuned Model,6
7374,Fine-Tuned Model,"1,6,6"
7375,Fine-Tuned Model,"3,6,2,5,4,1"
7376,Fine-Tuned Model,
7377,Fine-Tuned Model,"3,5,1,2,4,6"
7378,Fine-Tuned Model,"2,4,6,3,1,5"
7379,Fine-Tuned Model,"1,5,2,6,4,3"
7380,Fine-Tuned Model,
7381,Fine-Tuned Model,"3,6,2,5,4,1"
7382,Fine-Tuned Model,"4,2,6,1,5,3"
7383,Fine-Tuned Model,"1,2,3,4,5,6"
7384,Fine-Tuned Model,"2,5,1,4,3,6"
7385,Fine-Tuned Model,"4,2,6,3,5,1"
7386,Fine-Tuned Model,"5,2,6,1,4,3"
7387,Fine-Tuned Model,
7388,Fine-Tuned Model,"2,6,3,1,4,5"
7389,Fine-Tuned Model,"4,2,6,3,5,1"
7390,Fine-Tuned Model,"3,5,4,1,2,6"
7391,Fine-Tuned Model,
7392,Fine-Tuned Model,"1,5,4,3,2,6"
7393,Fine-Tuned Model,"3,5,2,6,1,4"
7394,Fine-Tuned Model,"1,3,2,5,6,3"
7395,Fine-Tuned Model,"3,6,2,5,4,1"
7396,Fine-Tuned Model,"4,6,2,5,1,3"
7397,Fine-Tuned Model,"5,3,2,6,1,4"
7398,Fine-Tuned Model,"5,2,6,3,1,4"
7399,Fine-Tuned Model,"4,3,6,2,5,1"
7400,Fine-Tuned Model,"4,2,5,3,6,1"
7401,Fine-Tuned Model,"3,5,2,1,6,4"
7402,Fine-Tuned Model,"1,3,5,2,6,4"
7403,Fine-Tuned Model,"3,2,6,1,5,4"
7404,Fine-Tuned Model,"2,5,1,3,4,6"
7405,Fine-Tuned Model,"1,3,6,2,4,5"
7406,Fine-Tuned Model,
7407,Fine-Tuned Model,"2,5,1,4,3,6"
7408,Fine-Tuned Model,
7409,Fine-Tuned Model,"5,2,6,4,1,3"
7410,Fine-Tuned Model,"2,4,5,2,6,1"
7411,Fine-Tuned Model,"2,5,6,3,1,4"
7412,Fine-Tuned Model,
7413,Fine-Tuned Model,"3,6,2,5,4,1"
7414,Fine-Tuned Model,1
7415,Fine-Tuned Model,
7416,Fine-Tuned Model,"1,4,2,6,5,3"
7417,Fine-Tuned Model,
7418,Fine-Tuned Model,"2,6,4,3,5,1"
7419,Fine-Tuned Model,"5,2,3,6,1,4"
7420,Fine-Tuned Model,"3,1,6,4,5,2"
7421,Fine-Tuned Model,
7422,Fine-Tuned Model,"2,3,4,1,6,5"
7423,Fine-Tuned Model,
7424,Fine-Tuned Model,"4,2,5,1,6,3"
7425,Fine-Tuned Model,
7426,Fine-Tuned Model,"4,2,6,5,3,1"
7427,Fine-Tuned Model,"4,2,6,3,5,1"
7428,Fine-Tuned Model,"1,3,2,6,5,4"
7429,Fine-Tuned Model,"5,3,2,4,6,1"
7430,Fine-Tuned Model,
7431,Fine-Tuned Model,
7432,Fine-Tuned Model,"1,2,3,4,5,6"
7433,Fine-Tuned Model,"1,6,6"
7434,Fine-Tuned Model,
7435,Fine-Tuned Model,"1,6,5,4,3,2"
7436,Fine-Tuned Model,"2,6,3,5,1,4"
7437,Fine-Tuned Model,"1,6,6"
7438,Fine-Tuned Model,"4,3,6,2,5,1"
7439,Fine-Tuned Model,"5,3,2,6,4,1"
7440,Fine-Tuned Model,"1,5,2,3,6"
7441,Fine-Tuned Model,"3,6,2,5,1,4"
7442,Fine-Tuned Model,"5,2,6,3,1,4"
7443,Fine-Tuned Model,
7444,Fine-Tuned Model,"2,6,1,4,3,5"
7445,Fine-Tuned Model,"3,6,4,5,2,1"
7446,Fine-Tuned Model,"3,5,2,6,4,1"
7447,Fine-Tuned Model,
7448,Fine-Tuned Model,"5,3,2,6,1,4"
7449,Fine-Tuned Model,"4,2,6,5,1,3"
7450,Fine-Tuned Model,"2,4,1,6,5,3"
7451,Fine-Tuned Model,"3,5,2,6,1,4"
7452,Fine-Tuned Model,"1,5,2,4,3,6"
7453,Fine-Tuned Model,"3,2,6,5,1,4"
7454,Fine-Tuned Model,"3,4,2,6,1,5"
7455,Fine-Tuned Model,"1,2,3,4,5,6"
7456,Fine-Tuned Model,"5,3,2,4,6,1"
7457,Fine-Tuned Model,"2,4,5,3,6,1"
7458,Fine-Tuned Model,"6,1,6"
7459,Fine-Tuned Model,
7460,Fine-Tuned Model,"6,6"
7461,Fine-Tuned Model,"3,6,2,5,4,1"
7462,Fine-Tuned Model,"1,2"
7463,Fine-Tuned Model,"3,1,4,2,6,5"
7464,Fine-Tuned Model,"4,1,6,3,2,5"
7465,Fine-Tuned Model,"1,1,2,2,3,3"
7466,Fine-Tuned Model,
7467,Fine-Tuned Model,"3,6,4,1,5,2"
7468,Fine-Tuned Model,"4,6,3,2,5"
7469,Fine-Tuned Model,"2,6,3,5,4,1"
7470,Fine-Tuned Model,"1,2,3,4,5,6"
7471,Fine-Tuned Model,"5,1,3,6,2,4"
7472,Fine-Tuned Model,"3,2,6,4,5,1"
7473,Fine-Tuned Model,"3,1,6,5,2,4"
7474,Fine-Tuned Model,"3,4,2,6,1,5"
7475,Fine-Tuned Model,"2,5,3,1,6,4"
7476,Fine-Tuned Model,"5,2,6,3,1,4"
7477,Fine-Tuned Model,
7478,Fine-Tuned Model,"5,2,6,3,1,4"
7479,Fine-Tuned Model,"3,6,4,2,5,1"
7480,Fine-Tuned Model,"3,6,2,5,1,4"
7481,Fine-Tuned Model,"4,2,6,5,1,3"
7482,Fine-Tuned Model,
7483,Fine-Tuned Model,"2,6,3,1,5,4"
7484,Fine-Tuned Model,"2,3,4,1,6,5"
7485,Fine-Tuned Model,"1,2,3,4,5,6"
7486,Fine-Tuned Model,
7487,Fine-Tuned Model,"3,6,1,4,2,5"
7488,Fine-Tuned Model,"3,1,6,4,2,5"
7489,Fine-Tuned Model,6
7490,Fine-Tuned Model,"3,4,2,6,5,1"
7491,Fine-Tuned Model,"3,6,2,4,5,1"
7492,Fine-Tuned Model,6
7493,Fine-Tuned Model,"3,2,5,6,3,4"
7494,Fine-Tuned Model,"4,2,6,3,5,1"
7495,Fine-Tuned Model,"3,2,5,4,6,1"
7496,Fine-Tuned Model,"3,6,2,5,1,4"
7497,Fine-Tuned Model,"5,2,6,1,4,3"
7498,Fine-Tuned Model,
7499,Fine-Tuned Model,"4,2,5,3,1,6"
7500,Fine-Tuned Model,"1,6"
7501,Fine-Tuned Model,"4,2,6,5,3,1"
7502,Fine-Tuned Model,"1,2,5,3,6,4"
7503,Fine-Tuned Model,
7504,Fine-Tuned Model,"1,5,3,6,2,4"
7505,Fine-Tuned Model,"1,6,6"
7506,Fine-Tuned Model,"4,2,6,3,5,1"
7507,Fine-Tuned Model,
7508,Fine-Tuned Model,"2,5,6,1,3,4"
7509,Fine-Tuned Model,
7510,Fine-Tuned Model,"2,5,3,6,1,4"
7511,Fine-Tuned Model,"4,2,6,1,5,3"
7512,Fine-Tuned Model,"1,2,3,4,5,6"
7513,Fine-Tuned Model,"4,3,6,2,5,1"
7514,Fine-Tuned Model,"1,2,3,4,5,6"
7515,Fine-Tuned Model,
7516,Fine-Tuned Model,
7517,Fine-Tuned Model,"2,5,3,6,1,4"
7518,Fine-Tuned Model,"4,2,6,1,3,5"
7519,Fine-Tuned Model,1
7520,Fine-Tuned Model,"2,6,3,5,1,4"
7521,Fine-Tuned Model,"1,3,5,2,4,6"
7522,Fine-Tuned Model,"3,1,4,5,3,6"
7523,Fine-Tuned Model,"4,6,3,2,5,1"
7524,Fine-Tuned Model,"1,3,2,6,3,2"
7525,Fine-Tuned Model,
7526,Fine-Tuned Model,
7527,Fine-Tuned Model,"1,6,4,2,5,3"
7528,Fine-Tuned Model,"4,2,6,1,3,5"
7529,Fine-Tuned Model,"4,2,3,6,1,5"
7530,Fine-Tuned Model,"5,3,1,6,2,4"
7531,Fine-Tuned Model,"3,6,2,5,4,1"
7532,Fine-Tuned Model,"1,2,6"
7533,Fine-Tuned Model,
7534,Fine-Tuned Model,"4,2,6,3,1,5"
7535,Fine-Tuned Model,"2,5,6,3,1,4"
7536,Fine-Tuned Model,"4,6,2,5,3,1"
7537,Fine-Tuned Model,
7538,Fine-Tuned Model,"4,2,3,1,6,5"
7539,Fine-Tuned Model,"4,2,6,5,1,3"
7540,Fine-Tuned Model,"1,4,2,6,5,3"
7541,Fine-Tuned Model,"4,3,6,2,5,1"
7542,Fine-Tuned Model,"1,6"
7543,Fine-Tuned Model,"1,6"
7544,Fine-Tuned Model,"2,6,4,1,3,5"
7545,Fine-Tuned Model,"1,4,2,6,3,5"
7546,Fine-Tuned Model,"1,5,2,6,4,3"
7547,Fine-Tuned Model,
7548,Fine-Tuned Model,"2,4,6,3,5,1"
7549,Fine-Tuned Model,
7550,Fine-Tuned Model,
7551,Fine-Tuned Model,"3,2,5,1,4,6"
7552,Fine-Tuned Model,"1,5,3,2,4,6"
7553,Fine-Tuned Model,
7554,Fine-Tuned Model,"5,3,4,2,6,1"
7555,Fine-Tuned Model,"5,3,1,6,4,2"
7556,Fine-Tuned Model,"2,5,6,1,3,4"
7557,Fine-Tuned Model,"5,3,2,6,4,1"
7558,Fine-Tuned Model,"1,2,5,4,6,3"
7559,Fine-Tuned Model,"1,6,6"
7560,Fine-Tuned Model,"1,5"
7561,Fine-Tuned Model,
7562,Fine-Tuned Model,
7563,Fine-Tuned Model,
7564,Fine-Tuned Model,"1,2,3,4,5,6"
7565,Fine-Tuned Model,"3,6,1,2,4,5"
7566,Fine-Tuned Model,
7567,Fine-Tuned Model,"4,2,3,5,1,6"
7568,Fine-Tuned Model,"2,5,6,3,1,4"
7569,Fine-Tuned Model,"5,2,4,3,6,1"
7570,Fine-Tuned Model,
7571,Fine-Tuned Model,"2,4,3,6,1,5"
7572,Fine-Tuned Model,
7573,Fine-Tuned Model,"4,3,2,5,6,1"
7574,Fine-Tuned Model,"4,2,5,6,1,3"
7575,Fine-Tuned Model,
7576,Fine-Tuned Model,"4,2,6,3,5,1"
7577,Fine-Tuned Model,"2,3"
7578,Fine-Tuned Model,
7579,Fine-Tuned Model,"4,2,6,3,1,5"
7580,Fine-Tuned Model,"2,5,6,4,1,3"
7581,Fine-Tuned Model,
7582,Fine-Tuned Model,
7583,Fine-Tuned Model,"3,6,2,5,1,4"
7584,Fine-Tuned Model,
7585,Fine-Tuned Model,"1,3,5,2,6,4"
7586,Fine-Tuned Model,"1,4,2,6,3,5"
7587,Fine-Tuned Model,"2,5,4,6,3,1"
7588,Fine-Tuned Model,"5,1,4,3,2,6"
7589,Fine-Tuned Model,"1,2,3,5,4,6"
7590,Fine-Tuned Model,
7591,Fine-Tuned Model,
7592,Fine-Tuned Model,1
7593,Fine-Tuned Model,
7594,Fine-Tuned Model,"3,6,2,5,1,4"
7595,Fine-Tuned Model,"1,2,5,3,6,4"
7596,Fine-Tuned Model,"6,5"
7597,Fine-Tuned Model,
7598,Fine-Tuned Model,"5,2,6,3,1,4"
7599,Fine-Tuned Model,"5,2,6,3,1,4"
7600,Fine-Tuned Model,"3,6,2,5,4,1"
7601,Fine-Tuned Model,"4,2,5,1,6,3"
7602,Fine-Tuned Model,"1,3,2,5,1,6"
7603,Fine-Tuned Model,
7604,Fine-Tuned Model,"5,4,2,6,1,3"
7605,Fine-Tuned Model,"2,4,3,1,5,6"
7606,Fine-Tuned Model,
7607,Fine-Tuned Model,"1,4,3,2,6,5"
7608,Fine-Tuned Model,"3,2,6,5,1,4"
7609,Fine-Tuned Model,"3,4,5,6,2,1"
7610,Fine-Tuned Model,"4,2,6,5,3,1"
7611,Fine-Tuned Model,
7612,Fine-Tuned Model,"1,6,6"
7613,Fine-Tuned Model,"6,1,6"
7614,Fine-Tuned Model,
7615,Fine-Tuned Model,"4,3,6,2,5,1"
7616,Fine-Tuned Model,"3,5,2,4,6,1"
7617,Fine-Tuned Model,"1,4,6,2,3,5"
7618,Fine-Tuned Model,"4,2,6,5,3,1"
7619,Fine-Tuned Model,
7620,Fine-Tuned Model,"1,6,6"
7621,Fine-Tuned Model,"3,6,2,5,4,1"
7622,Fine-Tuned Model,"2,4,6,3,5,1"
7623,Fine-Tuned Model,"6,1,6,4,2,5"
7624,Fine-Tuned Model,"4,2,6,3,1,5"
7625,Fine-Tuned Model,"1,3,2,4,3,5"
7626,Fine-Tuned Model,"4,2,5,1,3,6"
7627,Fine-Tuned Model,"4,2,6,5,1,3"
7628,Fine-Tuned Model,"5,3,6,1,2,4"
7629,Fine-Tuned Model,
7630,Fine-Tuned Model,"1,3,2,6,5,4"
7631,Fine-Tuned Model,"1,2,5,3,6,4"
7632,Fine-Tuned Model,"3,4,6,2,5,1"
7633,Fine-Tuned Model,
7634,Fine-Tuned Model,"1,4,3,6,2,5"
7635,Fine-Tuned Model,"5,3,2,6,1,4"
7636,Fine-Tuned Model,6
7637,Fine-Tuned Model,
7638,Fine-Tuned Model,"4,2,6,5,1,3"
7639,Fine-Tuned Model,1
7640,Fine-Tuned Model,"5,2,6,4,1,3"
7641,Fine-Tuned Model,"3,6,2,5,1,4"
7642,Fine-Tuned Model,"2,6,1,4,3,5"
7643,Fine-Tuned Model,"2,6,1,4,3,5"
7644,Fine-Tuned Model,"4,2,6,3,5,1"
7645,Fine-Tuned Model,"4,2,5,1,6,3"
7646,Fine-Tuned Model,"6,1,1,6,4,2"
7647,Fine-Tuned Model,"3,1,6"
7648,Fine-Tuned Model,"1,6,1,6,1,6"
7649,Fine-Tuned Model,"3,6,2,5,4,1"
7650,Fine-Tuned Model,
7651,Fine-Tuned Model,"5,2,3,6,1,4"
7652,Fine-Tuned Model,"4,2,6,5,1,3"
7653,Fine-Tuned Model,"1,2,5,3,6,4"
7654,Fine-Tuned Model,"5,2,3,1,6,4"
7655,Fine-Tuned Model,
7656,Fine-Tuned Model,
7657,Fine-Tuned Model,"4,2,6,1,3,5"
7658,Fine-Tuned Model,"5,2,6,1,4,3"
7659,Fine-Tuned Model,"3,2,6,5,4,1"
7660,Fine-Tuned Model,"2,6,4,3,5,1"
7661,Fine-Tuned Model,"1,6,6"
7662,Fine-Tuned Model,"1,2"
7663,Fine-Tuned Model,"3,6,1,5,2,4"
7664,Fine-Tuned Model,
7665,Fine-Tuned Model,"5,3,4,2,6,1"
7666,Fine-Tuned Model,"6,1,6"
7667,Fine-Tuned Model,"2,4,3,6,1,5"
7668,Fine-Tuned Model,1
7669,Fine-Tuned Model,"4,2,6,3,5,1"
7670,Fine-Tuned Model,"1,3,2,4,5,6"
7671,Fine-Tuned Model,"2,6,4,5,3,1"
7672,Fine-Tuned Model,"1,6"
7673,Fine-Tuned Model,
7674,Fine-Tuned Model,"2,4,1,3,6,5"
7675,Fine-Tuned Model,"3,6,1,5,2,4"
7676,Fine-Tuned Model,"2,4,1,5,6,3"
7677,Fine-Tuned Model,"3,6,2,5,4,1"
7678,Fine-Tuned Model,
7679,Fine-Tuned Model,"3,6,5,2,4,1"
7680,Fine-Tuned Model,
7681,Fine-Tuned Model,"4,2,6,1,3,5"
7682,Fine-Tuned Model,"4,2,6,1,3,5"
7683,Fine-Tuned Model,"3,6,5,2,4,1"
7684,Fine-Tuned Model,
7685,Fine-Tuned Model,"6,1,6"
7686,Fine-Tuned Model,
7687,Fine-Tuned Model,4
7688,Fine-Tuned Model,"1,3,4,2,5,6"
7689,Fine-Tuned Model,"1,2,3,4,5,6"
7690,Fine-Tuned Model,"1,1,2,1,1,1"
7691,Fine-Tuned Model,"5,1"
7692,Fine-Tuned Model,"3,6,1,5,4,2"
7693,Fine-Tuned Model,"2,4,6,5,3,6"
7694,Fine-Tuned Model,
7695,Fine-Tuned Model,"4,2,6,5,1,3"
7696,Fine-Tuned Model,"4,2,6,3,5,1"
7697,Fine-Tuned Model,"4,3,2,6,1,5"
7698,Fine-Tuned Model,"3,2,4,5,6,1"
7699,Fine-Tuned Model,"3,2,6,5,1,4"
7700,Fine-Tuned Model,
7701,Fine-Tuned Model,"1,4,2,5,3,6"
7702,Fine-Tuned Model,
7703,Fine-Tuned Model,"6,1,6"
7704,Fine-Tuned Model,
7705,Fine-Tuned Model,"4,2,3,6,1,5"
7706,Fine-Tuned Model,6
7707,Fine-Tuned Model,"3,6,2,1,5,4"
7708,Fine-Tuned Model,"4,2,6,3,1,5"
7709,Fine-Tuned Model,"3,5,1,6,2,4"
7710,Fine-Tuned Model,
7711,Fine-Tuned Model,"1,2,5,6,3,4"
7712,Fine-Tuned Model,"4,2,5,6,1,3"
7713,Fine-Tuned Model,"2,5,1,4,3,6"
7714,Fine-Tuned Model,
7715,Fine-Tuned Model,"1,2,5,4,3,6"
7716,Fine-Tuned Model,
7717,Fine-Tuned Model,"6,2,5,3,6,1"
7718,Fine-Tuned Model,"1,4,2,6,3,5"
7719,Fine-Tuned Model,"4,6,2,1,5,3"
7720,Fine-Tuned Model,"2,4,6,3,5,1"
7721,Fine-Tuned Model,"2,4,6,1,5,3"
7722,Fine-Tuned Model,
7723,Fine-Tuned Model,
7724,Fine-Tuned Model,
7725,Fine-Tuned Model,
7726,Fine-Tuned Model,"2,4,6,1,3,5"
7727,Fine-Tuned Model,3
7728,Fine-Tuned Model,"4,6,3,5,2,1"
7729,Fine-Tuned Model,"2,5,6,3,4,1"
7730,Fine-Tuned Model,"6,3,5"
7731,Fine-Tuned Model,"1,6,6"
7732,Fine-Tuned Model,
7733,Fine-Tuned Model,
7734,Fine-Tuned Model,"2,6,5,3,4,1"
7735,Fine-Tuned Model,
7736,Fine-Tuned Model,"4,2,6,3,1,5"
7737,Fine-Tuned Model,"3,4,6,2,5,1"
7738,Fine-Tuned Model,"4,6,1,3,2,5"
7739,Fine-Tuned Model,"1,3,2,6,5,4"
7740,Fine-Tuned Model,"4,3,2,6,5,1"
7741,Fine-Tuned Model,"1,2,3,4,2,6"
7742,Fine-Tuned Model,"2,6,1,5,4,3"
7743,Fine-Tuned Model,"3,5,1,2,6,4"
7744,Fine-Tuned Model,
7745,Fine-Tuned Model,"5,3,2,4,1,6"
7746,Fine-Tuned Model,"4,2,6,3,5,1"
7747,Fine-Tuned Model,"1,5,3,4,2,6"
7748,Fine-Tuned Model,"4,3,5,2,6,1"
7749,Fine-Tuned Model,"1,2,3,4,5,6"
7750,Fine-Tuned Model,"1,2,1,4,3,1"
7751,Fine-Tuned Model,"1,3,2,6,5,4"
7752,Fine-Tuned Model,
7753,Fine-Tuned Model,
7754,Fine-Tuned Model,
7755,Fine-Tuned Model,"3,4,6,2,5,1"
7756,Fine-Tuned Model,
7757,Fine-Tuned Model,"3,2,6,1,5,4"
7758,Fine-Tuned Model,
7759,Fine-Tuned Model,"2,5,4,3,6,1"
7760,Fine-Tuned Model,"1,6,6"
7761,Fine-Tuned Model,"4,2,3,6,1,5"
7762,Fine-Tuned Model,"1,3,2,6,5,4"
7763,Fine-Tuned Model,
7764,Fine-Tuned Model,"4,2,6,5,1,3"
7765,Fine-Tuned Model,"5,2,6,3,1,4"
7766,Fine-Tuned Model,"2,3,5,4,1,6"
7767,Fine-Tuned Model,"3,5,2,4,6,1"
7768,Fine-Tuned Model,"1,4,2,6,3,5"
7769,Fine-Tuned Model,"4,2,6,3,5,1"
7770,Fine-Tuned Model,"1,5,3,2,6,4"
7771,Fine-Tuned Model,"2,5,1,4,3,6"
7772,Fine-Tuned Model,"5,2,3,6,4,1"
7773,Fine-Tuned Model,
7774,Fine-Tuned Model,
7775,Fine-Tuned Model,
7776,Fine-Tuned Model,
7777,Fine-Tuned Model,
7778,Fine-Tuned Model,
7779,Fine-Tuned Model,"1,2,4,2,5,6"
7780,Fine-Tuned Model,"1,2,5,3,4,6"
7781,Fine-Tuned Model,"3,6,1,5,2,4"
7782,Fine-Tuned Model,
7783,Fine-Tuned Model,
7784,Fine-Tuned Model,"3,6,2,5,4,1"
7785,Fine-Tuned Model,"4,2,6,3,5,1"
7786,Fine-Tuned Model,"5,2,3,6,4,1"
7787,Fine-Tuned Model,"3,2,5,6,1,4"
7788,Fine-Tuned Model,"2,5,3,6,1,4"
7789,Fine-Tuned Model,
7790,Fine-Tuned Model,"4,2,6,1,3,5"
7791,Fine-Tuned Model,
7792,Fine-Tuned Model,"2,4,3,6,5,1"
7793,Fine-Tuned Model,"1,6,6"
7794,Fine-Tuned Model,"1,2,3,4,5,6"
7795,Fine-Tuned Model,"4,2,6,5,3,1"
7796,Fine-Tuned Model,"4,2,5,3,1,6"
7797,Fine-Tuned Model,"4,3,2,6,1,5"
7798,Fine-Tuned Model,"4,2,6,3,5,1"
7799,Fine-Tuned Model,6
7800,Fine-Tuned Model,"4,2,6,1,5,3"
7801,Fine-Tuned Model,"4,2,3,6,5,1"
7802,Fine-Tuned Model,"5,2,6,3,1,4"
7803,Fine-Tuned Model,"2,6,5,4,1"
7804,Fine-Tuned Model,"3,6,2,5,4,1"
7805,Fine-Tuned Model,"1,6,6,1,6"
7806,Fine-Tuned Model,"2,3,5,4,2,6"
7807,Fine-Tuned Model,
7808,Fine-Tuned Model,"4,6,2,3,5,1"
7809,Fine-Tuned Model,"2,6,3,1,4,5"
7810,Fine-Tuned Model,"1,4,6,3,5,2"
7811,Fine-Tuned Model,"1,3,4,1,2,6"
7812,Fine-Tuned Model,"5,3,6,2,1,4"
7813,Fine-Tuned Model,"2,3,5,4,6,2"
7814,Fine-Tuned Model,"2,4,6,1,5,3"
7815,Fine-Tuned Model,"4,2,6,3,5,1"
7816,Fine-Tuned Model,
7817,Fine-Tuned Model,"1,3,6,2,5,4"
7818,Fine-Tuned Model,"4,1,6,3,5,2"
7819,Fine-Tuned Model,1
7820,Fine-Tuned Model,"3,2,6,1,5,4"
7821,Fine-Tuned Model,"4,2,5,1,3,6"
7822,Fine-Tuned Model,
7823,Fine-Tuned Model,
7824,Fine-Tuned Model,"4,2,5,1,6,3"
7825,Fine-Tuned Model,"4,3,2,5,6,1"
7826,Fine-Tuned Model,"4,6,2,5,3,1"
7827,Fine-Tuned Model,"3,6,1,4,5"
7828,Fine-Tuned Model,"4,6,2,5,1,3"
7829,Fine-Tuned Model,"3,6,2,5,1,4"
7830,Fine-Tuned Model,"6,1,6,1"
7831,Fine-Tuned Model,"3,2,6,5,1,4"
7832,Fine-Tuned Model,"4,2,6,3,1,5"
7833,Fine-Tuned Model,
7834,Fine-Tuned Model,
7835,Fine-Tuned Model,"1,4,3,5,2,6"
7836,Fine-Tuned Model,"5,2,6,4,3,1"
7837,Fine-Tuned Model,"5,3,6,2,4,1"
7838,Fine-Tuned Model,"5,2,4,1,6,3"
7839,Fine-Tuned Model,"2,5,3,4,6,1"
7840,Fine-Tuned Model,"1,6,1,6"
7841,Fine-Tuned Model,"2,4,1,5,3,6"
7842,Fine-Tuned Model,"4,2,6,5,3,1"
7843,Fine-Tuned Model,
7844,Fine-Tuned Model,"1,3,2,5,6,4"
7845,Fine-Tuned Model,"4,2,5,1,3,6"
7846,Fine-Tuned Model,"4,2,6,1,5,3"
7847,Fine-Tuned Model,"1,1,6,6"
7848,Fine-Tuned Model,"5,2,6,3,1,4"
7849,Fine-Tuned Model,"5,3,6,2,4,1"
7850,Fine-Tuned Model,
7851,Fine-Tuned Model,
7852,Fine-Tuned Model,"4,2,6,3,5,1"
7853,Fine-Tuned Model,"1,6,1,3,6,4"
7854,Fine-Tuned Model,"1,6,6"
7855,Fine-Tuned Model,
7856,Fine-Tuned Model,
7857,Fine-Tuned Model,"3,1,4,2,6,5"
7858,Fine-Tuned Model,"3,6,2,5,1,4"
7859,Fine-Tuned Model,"6,5,2,1,3,4"
7860,Fine-Tuned Model,
7861,Fine-Tuned Model,
7862,Fine-Tuned Model,
7863,Fine-Tuned Model,
7864,Fine-Tuned Model,"3,6,2,5,1,4"
7865,Fine-Tuned Model,"4,2,6,3,5,1"
7866,Fine-Tuned Model,"4,2,6,1,3,5"
7867,Fine-Tuned Model,"3,6,2,5,1,4"
7868,Fine-Tuned Model,"4,6,3,1,5,2"
7869,Fine-Tuned Model,
7870,Fine-Tuned Model,
7871,Fine-Tuned Model,"5,2,1,6,3,4"
7872,Fine-Tuned Model,
7873,Fine-Tuned Model,
7874,Fine-Tuned Model,"3,6,1,4,2,5"
7875,Fine-Tuned Model,3
7876,Fine-Tuned Model,"3,6,2,5,4,1"
7877,Fine-Tuned Model,
7878,Fine-Tuned Model,"1,4,2,1,6,3"
7879,Fine-Tuned Model,"2,5,4,3,1,6"
7880,Fine-Tuned Model,"2,6,1,3,4,5"
7881,Fine-Tuned Model,
7882,Fine-Tuned Model,"1,6"
7883,Fine-Tuned Model,"3,6,2,5,4,1"
7884,Fine-Tuned Model,"2,5,4,1,6,3"
7885,Fine-Tuned Model,"1,3,5,1,2,1"
7886,Fine-Tuned Model,"3,6,2,4,5,1"
7887,Fine-Tuned Model,"4,2,6,5,1,3"
7888,Fine-Tuned Model,"2,5,3,6,1,4"
7889,Fine-Tuned Model,"1,6,4,3,5,2"
7890,Fine-Tuned Model,"4,3,6,2,5,1"
7891,Fine-Tuned Model,
7892,Fine-Tuned Model,"3,2,6,1,5,4"
7893,Fine-Tuned Model,"2,4,3,6,1,5"
7894,Fine-Tuned Model,"1,4,2,3,5,6"
7895,Fine-Tuned Model,"3,2,6,5,1,4"
7896,Fine-Tuned Model,"1,2,5,4,3,6"
7897,Fine-Tuned Model,
7898,Fine-Tuned Model,"4,2,6,3,5,1"
7899,Fine-Tuned Model,"1,6,6,1,6"
7900,Fine-Tuned Model,"6,2,5,6,3,4"
7901,Fine-Tuned Model,
7902,Fine-Tuned Model,
7903,Fine-Tuned Model,"3,4,2,5,6,1"
7904,Fine-Tuned Model,"2,5,3,4,6,1"
7905,Fine-Tuned Model,"2,4,6,1,5,3"
7906,Fine-Tuned Model,"3,6,2,5,4,1"
7907,Fine-Tuned Model,"4,2,6,1,3,5"
7908,Fine-Tuned Model,"4,6,3,5,2,4"
7909,Fine-Tuned Model,"1,6"
7910,Fine-Tuned Model,"1,6,6,1,6,6"
7911,Fine-Tuned Model,
7912,Fine-Tuned Model,
7913,Fine-Tuned Model,"3,5,2,6,1,4"
7914,Fine-Tuned Model,"1,4,2,6,5,3"
7915,Fine-Tuned Model,"4,3,6,5,2,1"
7916,Fine-Tuned Model,"5,2,3,6,1,4"
7917,Fine-Tuned Model,"3,6,1,2,5,4"
7918,Fine-Tuned Model,"1,4,3,2,6,5"
7919,Fine-Tuned Model,"4,2,6,3,5,1"
7920,Fine-Tuned Model,"1,4,6,2,5,3"
7921,Fine-Tuned Model,"3,6,5,2,1,4"
7922,Fine-Tuned Model,"4,2,6,5,3,1"
7923,Fine-Tuned Model,"3,4,2,6,5,1"
7924,Fine-Tuned Model,
7925,Fine-Tuned Model,"2,5,3,6,4,1"
7926,Fine-Tuned Model,"3,1,5,4,2,6"
7927,Fine-Tuned Model,"2,6,4,3,5,1"
7928,Fine-Tuned Model,
7929,Fine-Tuned Model,"3,6,2,5,4,1"
7930,Fine-Tuned Model,"4,2,5,6,1,3"
7931,Fine-Tuned Model,
7932,Fine-Tuned Model,
7933,Fine-Tuned Model,"4,2,5,6,1,3"
7934,Fine-Tuned Model,"2,5,6,1,4,3"
7935,Fine-Tuned Model,
7936,Fine-Tuned Model,"1,3,5,2,6"
7937,Fine-Tuned Model,"1,3,6,2,5,4"
7938,Fine-Tuned Model,
7939,Fine-Tuned Model,"3,6,2,5,4,1"
7940,Fine-Tuned Model,"3,4,1,5,2,6"
7941,Fine-Tuned Model,"1,6,1,6,1,6"
7942,Fine-Tuned Model,
7943,Fine-Tuned Model,"2,5,3,1,6,4"
7944,Fine-Tuned Model,"1,4,2,6,3,5"
7945,Fine-Tuned Model,"4,2,6,5,3,1"
7946,Fine-Tuned Model,"2,4,5,3,1,6"
7947,Fine-Tuned Model,"1,2,3,4,5,6"
7948,Fine-Tuned Model,"5,3,1,2,6,4"
7949,Fine-Tuned Model,"1,4,3,2,6,5"
7950,Fine-Tuned Model,"1,6,6"
7951,Fine-Tuned Model,"4,2,6,1,3,5"
7952,Fine-Tuned Model,"4,3,1,5,2,6"
7953,Fine-Tuned Model,"1,2,4,5,6,3"
7954,Fine-Tuned Model,"3,6,2,5,1,4"
7955,Fine-Tuned Model,
7956,Fine-Tuned Model,"3,6,2,1,4,5"
7957,Fine-Tuned Model,"3,6,2,5,1,4"
7958,Fine-Tuned Model,"2,6,1,4,5,3"
7959,Fine-Tuned Model,"2,5,1,4,3,6"
7960,Fine-Tuned Model,"1,3,4,2,6,5"
7961,Fine-Tuned Model,"2,4,6,3,5,1"
7962,Fine-Tuned Model,"5,3,1,2,4,6"
7963,Fine-Tuned Model,"3,4,2,6,1,5"
7964,Fine-Tuned Model,"2,4,6,1,3,5"
7965,Fine-Tuned Model,"4,2,5,1,6,3"
7966,Fine-Tuned Model,"5,3,1,2,6,4"
7967,Fine-Tuned Model,"4,6,2,5,3,1"
7968,Fine-Tuned Model,"5,4,6,2,3,1"
7969,Fine-Tuned Model,"2,5,1,4,3,6"
7970,Fine-Tuned Model,"2,5,6,1,4,3"
7971,Fine-Tuned Model,"1,6,4,2,6"
7972,Fine-Tuned Model,"3,6,2,5,1,4"
7973,Fine-Tuned Model,"4,2,6,5,1,3"
7974,Fine-Tuned Model,"1,3,4,6,2,5"
7975,Fine-Tuned Model,"2,4,6,3,1,5"
7976,Fine-Tuned Model,"1,2,3,4,5,6"
7977,Fine-Tuned Model,"1,4,3,2,6,5"
7978,Fine-Tuned Model,"3,4,6,2,5"
7979,Fine-Tuned Model,"4,2,6,1,5,3"
7980,Fine-Tuned Model,
7981,Fine-Tuned Model,"2,4,5,6,3,1"
7982,Fine-Tuned Model,
7983,Fine-Tuned Model,"1,2,3,4,5,6"
7984,Fine-Tuned Model,"3,5,2,6,4,1"
7985,Fine-Tuned Model,"4,2,6,1,5,3"
7986,Fine-Tuned Model,"1,6"
7987,Fine-Tuned Model,"4,3,6,2,5,1"
7988,Fine-Tuned Model,"3,2,5,4,6,1"
7989,Fine-Tuned Model,"2,4,1,3,6"
7990,Fine-Tuned Model,"1,2,3,4,5,6"
7991,Fine-Tuned Model,
7992,Fine-Tuned Model,"2,4,3,6,5,1"
7993,Fine-Tuned Model,"2,5,3,6,4,1"
7994,Fine-Tuned Model,"3,2,6,5,4,1"
7995,Fine-Tuned Model,"5,2,6,1,4,3"
7996,Fine-Tuned Model,"2,5,3,6,1,4"
7997,Fine-Tuned Model,"6,2"
7998,Fine-Tuned Model,"3,6,5,2,4,1"
7999,Fine-Tuned Model,
8000,Fine-Tuned Model,"4,3,6,2,5,1"
8001,Fine-Tuned Model,"1,3,5,4,6,2"
8002,Fine-Tuned Model,"3,2,6,5,4,1"
8003,Fine-Tuned Model,"4,2,6,1,5,3"
8004,Fine-Tuned Model,"1,6,6,1,6"
8005,Fine-Tuned Model,"3,5,2,1,4,6"
8006,Fine-Tuned Model,"1,6,6"
8007,Fine-Tuned Model,"3,5,1,4,2,6"
8008,Fine-Tuned Model,"2,6,3,5,4,1"
8009,Fine-Tuned Model,"4,3,6,2,5,1"
8010,Fine-Tuned Model,"2,5,4,1,3,6"
8011,Fine-Tuned Model,"3,5,2,6,4,1"
8012,Fine-Tuned Model,"6,1,6"
8013,Fine-Tuned Model,"2,5,3,4,1,6"
8014,Fine-Tuned Model,"1,4,3,5,3"
8015,Fine-Tuned Model,
8016,Fine-Tuned Model,"1,2,3,4,5,6"
8017,Fine-Tuned Model,"6,3,5,2,6,4"
8018,Fine-Tuned Model,"5,3,4,1,2,6"
8019,Fine-Tuned Model,
8020,Fine-Tuned Model,"1,6,2"
8021,Fine-Tuned Model,"4,2,6,5,1,3"
8022,Fine-Tuned Model,6
8023,Fine-Tuned Model,"2,4,3,1,5,2"
8024,Fine-Tuned Model,6
8025,Fine-Tuned Model,"4,2,6,5,1,3"
8026,Fine-Tuned Model,"3,5,2,6,4,1"
8027,Fine-Tuned Model,"4,2,6,3,5,1"
8028,Fine-Tuned Model,"4,3,6,2,5,1"
8029,Fine-Tuned Model,"3,4,5,3,2,1"
8030,Fine-Tuned Model,
8031,Fine-Tuned Model,"5,3,4,2,5,1"
8032,Fine-Tuned Model,"3,6,2,5,4,1"
8033,Fine-Tuned Model,"3,2,6,5,1,4"
8034,Fine-Tuned Model,"3,6,2,5,1,4"
8035,Fine-Tuned Model,
8036,Fine-Tuned Model,"4,2,6,3,1,5"
8037,Fine-Tuned Model,"6,1,2,5,3"
8038,Fine-Tuned Model,"3,6,2,5,4,1"
8039,Fine-Tuned Model,"6,1,6"
8040,Fine-Tuned Model,
8041,Fine-Tuned Model,"1,6,3,2,5,4"
8042,Fine-Tuned Model,
8043,Fine-Tuned Model,"2,5,1,4,3,6"
8044,Fine-Tuned Model,
8045,Fine-Tuned Model,"3,6,2,5,1,4"
8046,Fine-Tuned Model,"5,3,1,6,2,4"
8047,Fine-Tuned Model,1
8048,Fine-Tuned Model,"4,2,5,6,1,3"
8049,Fine-Tuned Model,"1,2,3,4,5"
8050,Fine-Tuned Model,"4,3,6,2,5,1"
8051,Fine-Tuned Model,"5,4,2,6,1,3"
8052,Fine-Tuned Model,"4,2,5,3,6,1"
8053,Fine-Tuned Model,"4,2,6,3,5,1"
8054,Fine-Tuned Model,"4,2,6,3,5,1"
8055,Fine-Tuned Model,"4,2,5,6,3,1"
8056,Fine-Tuned Model,"3,6,1,4,2,5"
8057,Fine-Tuned Model,"3,6,2,5,1,4"
8058,Fine-Tuned Model,"2,4,1,6,3,5"
8059,Fine-Tuned Model,
8060,Fine-Tuned Model,"2,5,4,1,6,3"
8061,Fine-Tuned Model,"3,2,6,4,5,1"
8062,Fine-Tuned Model,"4,3,6,2,5,1"
8063,Fine-Tuned Model,"3,6,4,2,5,1"
8064,Fine-Tuned Model,"4,3,6,2,5,1"
8065,Fine-Tuned Model,
8066,Fine-Tuned Model,"3,2,5,4,6,3"
8067,Fine-Tuned Model,"4,3,2,6,1,5"
8068,Fine-Tuned Model,"1,3,4,2,6,5"
8069,Fine-Tuned Model,"1,2,3,4,5,6"
8070,Fine-Tuned Model,"1,4,5,3,2,6"
8071,Fine-Tuned Model,
8072,Fine-Tuned Model,"6,3,5,2,4,1"
8073,Fine-Tuned Model,"4,2,6,5,1,3"
8074,Fine-Tuned Model,"1,6,6,3,6,2"
8075,Fine-Tuned Model,"5,3,6,2,4,1"
8076,Fine-Tuned Model,
8077,Fine-Tuned Model,"3,4,2,6,5,1"
8078,Fine-Tuned Model,"3,6,2,5,4,1"
8079,Fine-Tuned Model,"1,5,2,3,4,6"
8080,Fine-Tuned Model,
8081,Fine-Tuned Model,"3,2,5,4,6,1"
8082,Fine-Tuned Model,"3,6,2,5,4,1"
8083,Fine-Tuned Model,
8084,Fine-Tuned Model,"6,5,3,4"
8085,Fine-Tuned Model,"1,4,2,6,3,5"
8086,Fine-Tuned Model,"4,2,6,3,5,1"
8087,Fine-Tuned Model,
8088,Fine-Tuned Model,
8089,Fine-Tuned Model,"2,5,3,6,1,4"
8090,Fine-Tuned Model,"3,6,2,5,1,4"
8091,Fine-Tuned Model,"5,2,3,1,6,4"
8092,Fine-Tuned Model,
8093,Fine-Tuned Model,"1,2,3,4,5,6"
8094,Fine-Tuned Model,"2,5,1,3,6,4"
8095,Fine-Tuned Model,"6,3,5,1,2,1"
8096,Fine-Tuned Model,"4,2,6,5,3,1"
8097,Fine-Tuned Model,"4,2,6,5,1,3"
8098,Fine-Tuned Model,"3,6,2,5,1,4"
8099,Fine-Tuned Model,"4,2,6,3,1,5"
8100,Fine-Tuned Model,"2,6,5,4,1,3"
8101,Fine-Tuned Model,"3,5,2,6,1,4"
8102,Fine-Tuned Model,"1,2,3,4,5,6"
8103,Fine-Tuned Model,
8104,Fine-Tuned Model,
8105,Fine-Tuned Model,"5,3,2,1,4"
8106,Fine-Tuned Model,"3,2,5,1,6,4"
8107,Fine-Tuned Model,
8108,Fine-Tuned Model,"1,3,2,5,3,1"
8109,Fine-Tuned Model,"1,2,6,3,5,6"
8110,Fine-Tuned Model,"4,4,3,1,6"
8111,Fine-Tuned Model,"4,2,5,6,1,3"
8112,Fine-Tuned Model,"1,4,2,3,3,5"
8113,Fine-Tuned Model,"4,2,6,3,1,5"
8114,Fine-Tuned Model,"4,2,6,5,3,1"
8115,Fine-Tuned Model,
8116,Fine-Tuned Model,"1,2,5,4,6,3"
8117,Fine-Tuned Model,"1,2"
8118,Fine-Tuned Model,
8119,Fine-Tuned Model,2
8120,Fine-Tuned Model,6
8121,Fine-Tuned Model,"4,2,6,1,5,3"
8122,Fine-Tuned Model,
8123,Fine-Tuned Model,
8124,Fine-Tuned Model,"4,3,2,6,5,1"
8125,Fine-Tuned Model,"3,5,1,2,6,4"
8126,Fine-Tuned Model,"4,2,6,3,1,5"
8127,Fine-Tuned Model,
8128,Fine-Tuned Model,"4,2,6,1,5,3"
8129,Fine-Tuned Model,"5,3,6,2,1,4"
8130,Fine-Tuned Model,"2,4,3,1,5,6"
8131,Fine-Tuned Model,"3,2,6,5,4,1"
8132,Fine-Tuned Model,"3,4,6,2,5,1"
8133,Fine-Tuned Model,"6,1,6"
8134,Fine-Tuned Model,"1,4,2,6,3,5"
8135,Fine-Tuned Model,"5,3,1,6,2,4"
8136,Fine-Tuned Model,
8137,Fine-Tuned Model,"3,1,5,4,3,2"
8138,Fine-Tuned Model,"1,2,5,3,6,4"
8139,Fine-Tuned Model,"2,6,5,3,4,1"
8140,Fine-Tuned Model,
8141,Fine-Tuned Model,"4,2,6,5,3,1"
8142,Fine-Tuned Model,"5,3,4,1,6,2"
8143,Fine-Tuned Model,"1,5"
8144,Fine-Tuned Model,"5,3,6,1,2,4"
8145,Fine-Tuned Model,"3,5,2,6,1,4"
8146,Fine-Tuned Model,"4,2,6,5,1,3"
8147,Fine-Tuned Model,"3,5,2,1,6,4"
8148,Fine-Tuned Model,"5,2,6,1,4,3"
8149,Fine-Tuned Model,
8150,Fine-Tuned Model,"1,3,4,2,6,5"
8151,Fine-Tuned Model,"3,6,2,5,4,1"
8152,Fine-Tuned Model,"6,1,6,1,5,1"
8153,Fine-Tuned Model,"2,5,3,6,1,4"
8154,Fine-Tuned Model,"4,2,3,5,6,1"
8155,Fine-Tuned Model,"3,1,6,5,2,4"
8156,Fine-Tuned Model,"5,3,6,2,4,1"
8157,Fine-Tuned Model,"2,4,3,6,5,2"
8158,Fine-Tuned Model,
8159,Fine-Tuned Model,6
8160,Fine-Tuned Model,"3,2,5,1,6,4"
8161,Fine-Tuned Model,
8162,Fine-Tuned Model,"1,6,6"
8163,Fine-Tuned Model,"2,5,4,6,3,1"
8164,Fine-Tuned Model,
8165,Fine-Tuned Model,"1,2,3,4,5,6"
8166,Fine-Tuned Model,"1,2,4,3,6,5"
8167,Fine-Tuned Model,"4,1,6,3,2,5"
8168,Fine-Tuned Model,"1,5,2,3,3,2"
8169,Fine-Tuned Model,"3,2,6,5,4,1"
8170,Fine-Tuned Model,"1,3,5,2,6,4"
8171,Fine-Tuned Model,
8172,Fine-Tuned Model,
8173,Fine-Tuned Model,"3,4,2,6,1,5"
8174,Fine-Tuned Model,"2,5,1,4,3,6"
8175,Fine-Tuned Model,"3,1,6,4,5,2"
8176,Fine-Tuned Model,"2,6,1,3,4,5"
8177,Fine-Tuned Model,"4,2,6,5,1,3"
8178,Fine-Tuned Model,"4,3,2,6,5,1"
8179,Fine-Tuned Model,"3,6,2,5,1,4"
8180,Fine-Tuned Model,"2,5,3,4,1,6"
8181,Fine-Tuned Model,"1,4,2,6,3,5"
8182,Fine-Tuned Model,"5,2,6,4,3,1"
8183,Fine-Tuned Model,"6,1,3,6,2,5"
8184,Fine-Tuned Model,"1,6,6"
8185,Fine-Tuned Model,"3,5,1,6,2,4"
8186,Fine-Tuned Model,"2,4,6,3,6,1"
8187,Fine-Tuned Model,
8188,Fine-Tuned Model,"3,6,2,5,4,1"
8189,Fine-Tuned Model,"3,6,2,5,4,1"
8190,Fine-Tuned Model,"3,6,2,5,4,1"
8191,Fine-Tuned Model,
8192,Fine-Tuned Model,
8193,Fine-Tuned Model,"1,2,3,4,5,6"
8194,Fine-Tuned Model,"2,6,4,3,5,1"
8195,Fine-Tuned Model,
8196,Fine-Tuned Model,"1,2"
8197,Fine-Tuned Model,"2,5,3,6,1,4"
8198,Fine-Tuned Model,"3,1,6,5,2,4"
8199,Fine-Tuned Model,"3,6,1,4,2,5"
8200,Fine-Tuned Model,"2,4,6,1,3,5"
8201,Fine-Tuned Model,"3,5,2,6,4,1"
8202,Fine-Tuned Model,"1,4,6,2,3,5"
8203,Fine-Tuned Model,"6,3,2,6,5,1"
8204,Fine-Tuned Model,"4,2,6,3,1,5"
8205,Fine-Tuned Model,
8206,Fine-Tuned Model,
8207,Fine-Tuned Model,"1,4,2,6,3,5"
8208,Fine-Tuned Model,"4,6,2,5,3,1"
8209,Fine-Tuned Model,
8210,Fine-Tuned Model,"2,6,3,4,5,1"
8211,Fine-Tuned Model,"3,4,2,6,1,5"
8212,Fine-Tuned Model,
8213,Fine-Tuned Model,
8214,Fine-Tuned Model,"4,3,2,5,6,1"
8215,Fine-Tuned Model,"2,5,6,1,3,4"
8216,Fine-Tuned Model,"1,4,2,3,3,6"
8217,Fine-Tuned Model,"1,2,4,3,5,6"
8218,Fine-Tuned Model,"4,1,6,2,3,5"
8219,Fine-Tuned Model,"1,2,3,4,5,6"
8220,Fine-Tuned Model,"3,6,2,5,4,1"
8221,Fine-Tuned Model,"2,4,6,3,5,1"
8222,Fine-Tuned Model,
8223,Fine-Tuned Model,"3,2,6,5,1,4"
8224,Fine-Tuned Model,"2,6,4,5,1,3"
8225,Fine-Tuned Model,"1,4,3,2,5,6"
8226,Fine-Tuned Model,"4,2,6,3,1,5"
8227,Fine-Tuned Model,
8228,Fine-Tuned Model,"4,6,2,5,1,3"
8229,Fine-Tuned Model,"4,2,6,5,3,1"
8230,Fine-Tuned Model,1
8231,Fine-Tuned Model,
8232,Fine-Tuned Model,"4,3,1,5,6,2"
8233,Fine-Tuned Model,"5,1,6,3,4,2"
8234,Fine-Tuned Model,"1,2,3,4,5,6"
8235,Fine-Tuned Model,"3,2,6,5,4,1"
8236,Fine-Tuned Model,"1,4,2,5,3,6"
8237,Fine-Tuned Model,
8238,Fine-Tuned Model,"1,3,5,2,6,4"
8239,Fine-Tuned Model,
8240,Fine-Tuned Model,"5,2"
8241,Fine-Tuned Model,"3,2,6,4,1,5"
8242,Fine-Tuned Model,"4,3,2,6,5,1"
8243,Fine-Tuned Model,
8244,Fine-Tuned Model,"4,2,6,3,1,5"
8245,Fine-Tuned Model,"4,3,6,2,5,1"
8246,Fine-Tuned Model,"6,4,1"
8247,Fine-Tuned Model,"6,1,6"
8248,Fine-Tuned Model,"1,5,3,4,2,6"
8249,Fine-Tuned Model,"4,2,6,5,1,3"
8250,Fine-Tuned Model,
8251,Fine-Tuned Model,
8252,Fine-Tuned Model,"2,6,4,3,5,1"
8253,Fine-Tuned Model,"1,2,3,4,5,6"
8254,Fine-Tuned Model,"5,2,6,3,1,4"
8255,Fine-Tuned Model,"1,4,3,5,2,6"
8256,Fine-Tuned Model,"4,2,6,3,5,1"
8257,Fine-Tuned Model,"3,6,2,5,1,4"
8258,Fine-Tuned Model,"3,6,1,4,5,2"
8259,Fine-Tuned Model,"3,6,2,5,4,1"
8260,Fine-Tuned Model,
8261,Fine-Tuned Model,"5,2,4,3,1,6"
8262,Fine-Tuned Model,"6,1,6"
8263,Fine-Tuned Model,"4,2,3,6,5,1"
8264,Fine-Tuned Model,"4,2,6,1,3,5"
8265,Fine-Tuned Model,"4,2,6,3,5,1"
8266,Fine-Tuned Model,"1,3,2,6,5,4"
8267,Fine-Tuned Model,"2,6,3,1,5,4"
8268,Fine-Tuned Model,"4,2,6,1,3,5"
8269,Fine-Tuned Model,"4,1,2"
8270,Fine-Tuned Model,"1,4,3,2,6,5"
8271,Fine-Tuned Model,
8272,Fine-Tuned Model,"1,3,4,2,5,6"
8273,Fine-Tuned Model,
8274,Fine-Tuned Model,"2,3,4,6,2,5"
8275,Fine-Tuned Model,"3,5,2,6,4,1"
8276,Fine-Tuned Model,"2,5,3,6,4,1"
8277,Fine-Tuned Model,"2,6,3,5,4,1"
8278,Fine-Tuned Model,"2,6,3,1,4,5"
8279,Fine-Tuned Model,6
8280,Fine-Tuned Model,"4,1,6,3,2,5"
8281,Fine-Tuned Model,"6,1,6"
8282,Fine-Tuned Model,
8283,Fine-Tuned Model,"1,4,3,2,6,5"
8284,Fine-Tuned Model,"2,6,3,5,4,1"
8285,Fine-Tuned Model,"1,3,2,5,3,1"
8286,Fine-Tuned Model,"4,2,6,5,3,1"
8287,Fine-Tuned Model,"3,1,6,2,5,4"
8288,Fine-Tuned Model,
8289,Fine-Tuned Model,"1,4,2,6,3,5"
8290,Fine-Tuned Model,4
8291,Fine-Tuned Model,"1,2,3,4,5,6"
8292,Fine-Tuned Model,"4,6,2,3,5,1"
8293,Fine-Tuned Model,"5,3,1,6,4,2"
8294,Fine-Tuned Model,"3,6,2,5,1,4"
8295,Fine-Tuned Model,"4,1,3,6,5,2"
8296,Fine-Tuned Model,"6,6"
8297,Fine-Tuned Model,
8298,Fine-Tuned Model,"1,2,3,4,5,6"
8299,Fine-Tuned Model,"3,6,2,5,4,1"
8300,Fine-Tuned Model,"6,6,1,2,3"
8301,Fine-Tuned Model,"6,1,6,4,2"
8302,Fine-Tuned Model,"2,4,3,5,1,6"
8303,Fine-Tuned Model,
8304,Fine-Tuned Model,"2,5,6,1,3,4"
8305,Fine-Tuned Model,"4,3,2,6,5,1"
8306,Fine-Tuned Model,
8307,Fine-Tuned Model,
8308,Fine-Tuned Model,"4,6,3,2,5,1"
8309,Fine-Tuned Model,
8310,Fine-Tuned Model,"2,6,4,1,3,5"
8311,Fine-Tuned Model,
8312,Fine-Tuned Model,"1,5,2,4,3,5"
8313,Fine-Tuned Model,
8314,Fine-Tuned Model,"5,2,4,3,1,6"
8315,Fine-Tuned Model,"5,4,3,6,2,1"
8316,Fine-Tuned Model,"3,2,5,6,1,4"
8317,Fine-Tuned Model,"1,4,2,3,3,2"
8318,Fine-Tuned Model,"1,5,2,3,6,4"
8319,Fine-Tuned Model,
8320,Fine-Tuned Model,"4,2,5,1,3,6"
8321,Fine-Tuned Model,"3,4,5,2,1,6"
8322,Fine-Tuned Model,"4,6,3,2,5,1"
8323,Fine-Tuned Model,"2,5,4,1,3,6"
8324,Fine-Tuned Model,
8325,Fine-Tuned Model,"3,4,2,5,6,1"
8326,Fine-Tuned Model,"5,3,2,1,4,6"
8327,Fine-Tuned Model,
8328,Fine-Tuned Model,"1,5,2,3,6,4"
8329,Fine-Tuned Model,"4,6,2,3,1,5"
8330,Fine-Tuned Model,"3,6,2,5,1,4"
8331,Fine-Tuned Model,
8332,Fine-Tuned Model,"3,4,2,6,1,5"
8333,Fine-Tuned Model,"2,5,1,6,3,4"
8334,Fine-Tuned Model,
8335,Fine-Tuned Model,"2,6,1,5,4,3"
8336,Fine-Tuned Model,"4,3,2,5,1,6"
8337,Fine-Tuned Model,
8338,Fine-Tuned Model,"3,5,1,6,3,2"
8339,Fine-Tuned Model,"3,2,6,1,4,5"
8340,Fine-Tuned Model,"3,1,6,2,4,5"
8341,Fine-Tuned Model,"2,6,3,4,5,1"
8342,Fine-Tuned Model,"5,2,6,3,1"
8343,Fine-Tuned Model,
8344,Fine-Tuned Model,"1,3,2,4,6,5"
8345,Fine-Tuned Model,"3,5,2,4,6,1"
8346,Fine-Tuned Model,"4,2,6,3,5,1"
8347,Fine-Tuned Model,"3,2,6,1,4,5"
8348,Fine-Tuned Model,"4,2,6,3,1,5"
8349,Fine-Tuned Model,"1,4,2,2,3,6"
8350,Fine-Tuned Model,"3,6,4,2,5,1"
8351,Fine-Tuned Model,"1,2,6"
8352,Fine-Tuned Model,"3,6,2,5,4,1"
8353,Fine-Tuned Model,"3,5,2,6,4,1"
8354,Fine-Tuned Model,"2,5,4,1,3,6"
8355,Fine-Tuned Model,
8356,Fine-Tuned Model,
8357,Fine-Tuned Model,"5,1,4,3,2,6"
8358,Fine-Tuned Model,
8359,Fine-Tuned Model,"4,2,6,3,5,1"
8360,Fine-Tuned Model,"2,6,1,5,4,3"
8361,Fine-Tuned Model,"3,1,6,4,2,5"
8362,Fine-Tuned Model,"4,2,6,1,3,5"
8363,Fine-Tuned Model,"4,2,5,3,6,1"
8364,Fine-Tuned Model,1
8365,Fine-Tuned Model,"1,3,2,6,5,4"
8366,Fine-Tuned Model,"3,1,6,5,2,4"
8367,Fine-Tuned Model,
8368,Fine-Tuned Model,"3,5,2,4,6,1"
8369,Fine-Tuned Model,"2,5,6,1,3,4"
8370,Fine-Tuned Model,"1,6"
8371,Fine-Tuned Model,"2,4,5,3,1,6"
8372,Fine-Tuned Model,"3,6,1,5"
8373,Fine-Tuned Model,
8374,Fine-Tuned Model,
8375,Fine-Tuned Model,"5,1,3,4,2,6"
8376,Fine-Tuned Model,"2,5,4,3,6,1"
8377,Fine-Tuned Model,"1,4,2,6,3,5"
8378,Fine-Tuned Model,"3,1,6,2,4,5"
8379,Fine-Tuned Model,"3,6,1,5,3,4"
8380,Fine-Tuned Model,
8381,Fine-Tuned Model,
8382,Fine-Tuned Model,"1,6"
8383,Fine-Tuned Model,"4,2,5,3,6,1"
8384,Fine-Tuned Model,"1,6"
8385,Fine-Tuned Model,"5,3,6,4,2,1"
8386,Fine-Tuned Model,"2,5,1,4,3,6"
8387,Fine-Tuned Model,"2,5,1,6,3,4"
8388,Fine-Tuned Model,"4,2,6,3,5,1"
8389,Fine-Tuned Model,"3,2,6,5,1,4"
8390,Fine-Tuned Model,
8391,Fine-Tuned Model,
8392,Fine-Tuned Model,"2,5,4,6,3,1"
8393,Fine-Tuned Model,"4,3,6,1,5,2"
8394,Fine-Tuned Model,
8395,Fine-Tuned Model,"5,4,3,1,2,6"
8396,Fine-Tuned Model,"3,5,1,2,6,4"
8397,Fine-Tuned Model,"2,4,1,3,6,5"
8398,Fine-Tuned Model,"4,2,6,5,1,3"
8399,Fine-Tuned Model,
8400,Fine-Tuned Model,"5,2,3,4,5,3"
8401,Fine-Tuned Model,"1,2,3,4,5,6"
8402,Fine-Tuned Model,"4,6,3,1,5,2"
8403,Fine-Tuned Model,"4,2,6,3,5,1"
8404,Fine-Tuned Model,
8405,Fine-Tuned Model,
8406,Fine-Tuned Model,"3,6,1,5,2,4"
8407,Fine-Tuned Model,
8408,Fine-Tuned Model,"2,4,1,6,3,5"
8409,Fine-Tuned Model,"4,2,6,1,3,5"
8410,Fine-Tuned Model,"6,1,6,1,6,1"
8411,Fine-Tuned Model,"3,2,6,4,1,5"
8412,Fine-Tuned Model,"4,2,6,1,5,3"
8413,Fine-Tuned Model,
8414,Fine-Tuned Model,"3,5,6,2,1,4"
8415,Fine-Tuned Model,
8416,Fine-Tuned Model,"3,4,1,3,6,4"
8417,Fine-Tuned Model,"2,6,1,4,3,5"
8418,Fine-Tuned Model,"3,5,3,2"
8419,Fine-Tuned Model,"3,5,4,1,3,6"
8420,Fine-Tuned Model,"5,2,6,1,3,4"
8421,Fine-Tuned Model,"3,2,6,5,4,1"
8422,Fine-Tuned Model,
8423,Fine-Tuned Model,"6,1,6,6"
8424,Fine-Tuned Model,"5,2,6,1,3,4"
8425,Fine-Tuned Model,"4,2,6,5,3,1"
8426,Fine-Tuned Model,
8427,Fine-Tuned Model,"3,5,6,4,1,2"
8428,Fine-Tuned Model,"5,3,2,6,4,1"
8429,Fine-Tuned Model,"4,2,3,6,1,5"
8430,Fine-Tuned Model,"2,4,5,3,1,6"
8431,Fine-Tuned Model,"3,6,2,4,5,1"
8432,Fine-Tuned Model,"4,1,3,5,2,6"
8433,Fine-Tuned Model,"4,3,2,6,5,1"
8434,Fine-Tuned Model,"2,5,4,3,6,1"
8435,Fine-Tuned Model,
8436,Fine-Tuned Model,"1,2,5,6,3,6"
8437,Fine-Tuned Model,"5,2,6,3,1,4"
8438,Fine-Tuned Model,2
8439,Fine-Tuned Model,"1,4,2,3,3,2"
8440,Fine-Tuned Model,"3,2,6,1,5,4"
8441,Fine-Tuned Model,"4,2,6,3,5,1"
8442,Fine-Tuned Model,"2,5,3,4,1,6"
8443,Fine-Tuned Model,"4,2,6,3,1,5"
8444,Fine-Tuned Model,"3,1,4,5,2,6"
8445,Fine-Tuned Model,"6,1,6"
8446,Fine-Tuned Model,"1,6,6"
8447,Fine-Tuned Model,"4,2,6,5,3,1"
8448,Fine-Tuned Model,"1,4,3,2,3,6"
8449,Fine-Tuned Model,"4,6,2,5,1,3"
8450,Fine-Tuned Model,"4,2,6,1,5,3"
8451,Fine-Tuned Model,"6,6"
8452,Fine-Tuned Model,"4,2,3,6,1,5"
8453,Fine-Tuned Model,"3,6,2,5,1,4"
8454,Fine-Tuned Model,"1,2,3,4,5,6"
8455,Fine-Tuned Model,"6,1,6"
8456,Fine-Tuned Model,"3,5,2,6,4,1"
8457,Fine-Tuned Model,"1,3,5,2,6,4"
8458,Fine-Tuned Model,"1,6,1,6,1,6"
8459,Fine-Tuned Model,"3,5,2,6,1,4"
8460,Fine-Tuned Model,
8461,Fine-Tuned Model,
8462,Fine-Tuned Model,"1,6,6,6"
8463,Fine-Tuned Model,"4,2,5,3,1,6"
8464,Fine-Tuned Model,"1,5,2,4,6,3"
8465,Fine-Tuned Model,
8466,Fine-Tuned Model,
8467,Fine-Tuned Model,"2,6,5,4,3,1"
8468,Fine-Tuned Model,"1,4,2,6,5,3"
8469,Fine-Tuned Model,"4,3,6,1,5,2"
8470,Fine-Tuned Model,"5,3,2,6,1,4"
8471,Fine-Tuned Model,"3,2,6,5,4,1"
8472,Fine-Tuned Model,
8473,Fine-Tuned Model,
8474,Fine-Tuned Model,"5,2,6,3,1,4"
8475,Fine-Tuned Model,"4,2,5,6,1,3"
8476,Fine-Tuned Model,"1,6,6"
8477,Fine-Tuned Model,"2,4,6,3,5,1"
8478,Fine-Tuned Model,"4,2,6,3,1,5"
8479,Fine-Tuned Model,"4,6,3,2,5,1"
8480,Fine-Tuned Model,"1,4,2,5,6,3"
8481,Fine-Tuned Model,
8482,Fine-Tuned Model,
8483,Fine-Tuned Model,"3,1,6,4,5,2"
8484,Fine-Tuned Model,"1,1,2,2,3,3"
8485,Fine-Tuned Model,
8486,Fine-Tuned Model,"3,6,2,5,4,1"
8487,Fine-Tuned Model,"3,5,2,4,1,6"
8488,Fine-Tuned Model,
8489,Fine-Tuned Model,"2,5,3,6,1,4"
8490,Fine-Tuned Model,"4,3,5,2,1,6"
8491,Fine-Tuned Model,
8492,Fine-Tuned Model,
8493,Fine-Tuned Model,"2,4,6,3,5,1"
8494,Fine-Tuned Model,
8495,Fine-Tuned Model,"4,2,5,1,3,6"
8496,Fine-Tuned Model,"3,6,2,5,1,4"
8497,Fine-Tuned Model,"3,2,6,5,1,4"
8498,Fine-Tuned Model,
8499,Fine-Tuned Model,"3,2,6,5,4,1"
8500,Fine-Tuned Model,"3,4,5,2,6,1"
8501,Fine-Tuned Model,"5,3,2,6,1,4"
8502,Fine-Tuned Model,"4,2,6,1,3,5"
8503,Fine-Tuned Model,"4,1,2,5,3,6"
8504,Fine-Tuned Model,"5,3,4,6,2,1"
8505,Fine-Tuned Model,1
8506,Fine-Tuned Model,"1,2,3,4,5,6"
8507,Fine-Tuned Model,"2,5,3,6,1,4"
8508,Fine-Tuned Model,
8509,Fine-Tuned Model,"3,5,1,6,2,4"
8510,Fine-Tuned Model,"2,6,3,5,1,4"
8511,Fine-Tuned Model,"2,6,5,4,3"
8512,Fine-Tuned Model,
8513,Fine-Tuned Model,"1,6"
8514,Fine-Tuned Model,
8515,Fine-Tuned Model,"1,2,3,4,5,6"
8516,Fine-Tuned Model,"6,1"
8517,Fine-Tuned Model,"5,2,6,1,4,3"
8518,Fine-Tuned Model,
8519,Fine-Tuned Model,
8520,Fine-Tuned Model,"1,4,2,6,5,3"
8521,Fine-Tuned Model,"3,5,1,2,6,4"
8522,Fine-Tuned Model,"3,5,2,6,4,3"
8523,Fine-Tuned Model,"1,6,5,6"
8524,Fine-Tuned Model,"3,6,1,4,2,5"
8525,Fine-Tuned Model,
8526,Fine-Tuned Model,"5,2,4,1,6,3"
8527,Fine-Tuned Model,"5,2,4,6,1,3"
8528,Fine-Tuned Model,"3,1,5,2,6,4"
8529,Fine-Tuned Model,"2,5,1,4,3,6"
8530,Fine-Tuned Model,"3,6,2,5,4,1"
8531,Fine-Tuned Model,"3,6,1,4,5,2"
8532,Fine-Tuned Model,"2,4,1,6,3,5"
8533,Fine-Tuned Model,"1,4,3,2,6,5"
8534,Fine-Tuned Model,"4,3,6,2,5,1"
8535,Fine-Tuned Model,"1,2,5,3,6,4"
8536,Fine-Tuned Model,"3,4,2,6,5,1"
8537,Fine-Tuned Model,"1,2,3,4,5,6"
8538,Fine-Tuned Model,
8539,Fine-Tuned Model,
8540,Fine-Tuned Model,"1,4,2,5,3,2"
8541,Fine-Tuned Model,"2,4,6,1,5,3"
8542,Fine-Tuned Model,"3,1,4,2,6,5"
8543,Fine-Tuned Model,
8544,Fine-Tuned Model,"1,4,2,6,5,3"
8545,Fine-Tuned Model,"4,2,6,3,5,1"
8546,Fine-Tuned Model,"1,6,6"
8547,Fine-Tuned Model,"1,3,2,6,3,4"
8548,Fine-Tuned Model,"3,6,2,4,1,5"
8549,Fine-Tuned Model,"5,2,6,4,1,3"
8550,Fine-Tuned Model,"4,2,5,3,6,1"
8551,Fine-Tuned Model,
8552,Fine-Tuned Model,
8553,Fine-Tuned Model,"3,4,2,6,5,1"
8554,Fine-Tuned Model,"4,2,5,6,1,3"
8555,Fine-Tuned Model,"1,6,2,4,6,3"
8556,Fine-Tuned Model,
8557,Fine-Tuned Model,"1,6,1,6,1,6"
8558,Fine-Tuned Model,
8559,Fine-Tuned Model,"3,2,6,5,4,1"
8560,Fine-Tuned Model,"2,6,5,1,3,4"
8561,Fine-Tuned Model,"1,3,6,2,5,4"
8562,Fine-Tuned Model,"1,2,6,4,3,5"
8563,Fine-Tuned Model,"1,2,4,3,6,1"
8564,Fine-Tuned Model,"1,3,6,2,4,5"
8565,Fine-Tuned Model,
8566,Fine-Tuned Model,"6,1,4,6,1,2"
8567,Fine-Tuned Model,"4,3,6,1,2,5"
8568,Fine-Tuned Model,"1,2,6"
8569,Fine-Tuned Model,"3,5,1,4,2,6"
8570,Fine-Tuned Model,"2,5,3,4,6,1"
8571,Fine-Tuned Model,"1,2,6,4,3,5"
8572,Fine-Tuned Model,
8573,Fine-Tuned Model,"6,1,2,3"
8574,Fine-Tuned Model,"6,2,4,3,5,1"
8575,Fine-Tuned Model,"5,2,6,4,3,1"
8576,Fine-Tuned Model,"2,5,1,4,6,3"
8577,Fine-Tuned Model,"2,3,6,1,4,2"
8578,Fine-Tuned Model,6
8579,Fine-Tuned Model,"4,3,1,2,6,5"
8580,Fine-Tuned Model,"1,2,4,5,3,6"
8581,Fine-Tuned Model,1
8582,Fine-Tuned Model,"5,2,4,1,3,6"
8583,Fine-Tuned Model,"1,3,6,2,5,4"
8584,Fine-Tuned Model,"1,6,4,2,5,3"
8585,Fine-Tuned Model,"3,4,2,5,6,1"
8586,Fine-Tuned Model,"1,3,5,4,2,6"
8587,Fine-Tuned Model,"3,6,4,2,5,1"
8588,Fine-Tuned Model,"1,6,6"
8589,Fine-Tuned Model,
8590,Fine-Tuned Model,"2,5,6,1,3,6"
8591,Fine-Tuned Model,"4,2,6,1,5,3"
8592,Fine-Tuned Model,"4,2,6,3,5,1"
8593,Fine-Tuned Model,"5,3,2,6,1,4"
8594,Fine-Tuned Model,"1,3,4,2,5,1"
8595,Fine-Tuned Model,
8596,Fine-Tuned Model,
8597,Fine-Tuned Model,"1,2,5,3,4,6"
8598,Fine-Tuned Model,"4,2,6,3,5,1"
8599,Fine-Tuned Model,"4,2,6,3,5,1"
8600,Fine-Tuned Model,"4,2,6,1,5,3"
8601,Fine-Tuned Model,"5,3,6,2,4,1"
8602,Fine-Tuned Model,"4,6,2,3,5,1"
8603,Fine-Tuned Model,"5,3,2,6,1,4"
8604,Fine-Tuned Model,"2,6,4,1,5,3"
8605,Fine-Tuned Model,"4,2,6,3,1,5"
8606,Fine-Tuned Model,"3,5,1,4,2,6"
8607,Fine-Tuned Model,
8608,Fine-Tuned Model,"1,6,1,6,1"
8609,Fine-Tuned Model,"1,2,6,4,3,5"
8610,Fine-Tuned Model,"2,5,3,6,1,4"
8611,Fine-Tuned Model,"2,5,4,1,6,3"
8612,Fine-Tuned Model,"4,3,5,2,6,1"
8613,Fine-Tuned Model,"3,5,6,4,3,2"
8614,Fine-Tuned Model,"3,5,2,6,1,4"
8615,Fine-Tuned Model,"3,2,6,1,5,4"
8616,Fine-Tuned Model,
8617,Fine-Tuned Model,"5,2,3,6,1,4"
8618,Fine-Tuned Model,
8619,Fine-Tuned Model,
8620,Fine-Tuned Model,4
8621,Fine-Tuned Model,"4,2,6,3,5,1"
8622,Fine-Tuned Model,
8623,Fine-Tuned Model,"3,5,1,3,2,4"
8624,Fine-Tuned Model,"2,6,1,3,5,4"
8625,Fine-Tuned Model,"3,6,2,5,4,1"
8626,Fine-Tuned Model,"5,3,2,6,1,4"
8627,Fine-Tuned Model,"1,1,6,2,1,6"
8628,Fine-Tuned Model,"2,5,3,1,4,6"
8629,Fine-Tuned Model,"4,2,6,1,5,3"
8630,Fine-Tuned Model,"2,5,1,4,3,6"
8631,Fine-Tuned Model,"5,4,2,6,3,1"
8632,Fine-Tuned Model,
8633,Fine-Tuned Model,
8634,Fine-Tuned Model,"5,2,6,3,4,1"
8635,Fine-Tuned Model,"4,2,6,1,5,3"
8636,Fine-Tuned Model,"2,5,1,6,3,4"
8637,Fine-Tuned Model,"1,2,3,4,5,6"
8638,Fine-Tuned Model,
8639,Fine-Tuned Model,"4,2,5,3,1,6"
8640,Fine-Tuned Model,"5,3,2,6,1,4"
8641,Fine-Tuned Model,
8642,Fine-Tuned Model,"3,2,5,6,1,4"
8643,Fine-Tuned Model,"4,3,6,2,5,1"
8644,Fine-Tuned Model,"2,6,4,1,3,5"
8645,Fine-Tuned Model,"1,5,1"
8646,Fine-Tuned Model,"4,1,2,6,3,5"
8647,Fine-Tuned Model,"2,3,4,6,3,2"
8648,Fine-Tuned Model,"4,2,3,5,1,6"
8649,Fine-Tuned Model,"3,6,1,4,5,2"
8650,Fine-Tuned Model,
8651,Fine-Tuned Model,"4,2,1,3,6,5"
8652,Fine-Tuned Model,"6,3,5,2,1,4"
8653,Fine-Tuned Model,6
8654,Fine-Tuned Model,"1,2,3,4,5,6"
8655,Fine-Tuned Model,"4,2,6,5,3,1"
8656,Fine-Tuned Model,"2,6,3,5,4,1"
8657,Fine-Tuned Model,"5,3,6,2,4,1"
8658,Fine-Tuned Model,
8659,Fine-Tuned Model,"5,1,4,3,5,2"
8660,Fine-Tuned Model,
8661,Fine-Tuned Model,"3,2,6,1,4,5"
8662,Fine-Tuned Model,"2,5,4,3,6,1"
8663,Fine-Tuned Model,"1,6,6"
8664,Fine-Tuned Model,"4,6,2,3,1,5"
8665,Fine-Tuned Model,"3,6,2,5,4,1"
8666,Fine-Tuned Model,"3,2,6,4,5,1"
8667,Fine-Tuned Model,"4,3,6,2,5,1"
8668,Fine-Tuned Model,"1,6,4,6,3,2"
8669,Fine-Tuned Model,
8670,Fine-Tuned Model,"2,4,6,1,5,3"
8671,Fine-Tuned Model,"4,2,6,5,1,3"
8672,Fine-Tuned Model,6
8673,Fine-Tuned Model,"4,2,6,3,5,1"
8674,Fine-Tuned Model,"1,6,6"
8675,Fine-Tuned Model,
8676,Fine-Tuned Model,"1,2,3,4,5,6"
8677,Fine-Tuned Model,6
8678,Fine-Tuned Model,"5,6"
8679,Fine-Tuned Model,"1,6,6,1,6,4"
8680,Fine-Tuned Model,"5,3,2,6,1,4"
8681,Fine-Tuned Model,"4,2,5,6,3,1"
8682,Fine-Tuned Model,"1,4,2,6,5,3"
8683,Fine-Tuned Model,"3,2,4,5,6,1"
8684,Fine-Tuned Model,"3,6,1,5,2,4"
8685,Fine-Tuned Model,"6,1,6,1,6,2"
8686,Fine-Tuned Model,"3,5,1,2,4,6"
8687,Fine-Tuned Model,"3,4,6,2,5,1"
8688,Fine-Tuned Model,"6,1,6"
8689,Fine-Tuned Model,"2,5,4,3,6,2"
8690,Fine-Tuned Model,"3,2,6,5,1,4"
8691,Fine-Tuned Model,"6,1,6"
8692,Fine-Tuned Model,"1,2,5,3,4,6"
8693,Fine-Tuned Model,"4,6,3,5,2,1"
8694,Fine-Tuned Model,"1,2,3,4,5,6"
8695,Fine-Tuned Model,"1,6,3"
8696,Fine-Tuned Model,
8697,Fine-Tuned Model,
8698,Fine-Tuned Model,"4,2,6,3,5,1"
8699,Fine-Tuned Model,"6,1"
8700,Fine-Tuned Model,"1,6,2,3,4,6"
8701,Fine-Tuned Model,
8702,Fine-Tuned Model,"2,5,4,6,3,1"
8703,Fine-Tuned Model,"3,6,2,5,1,4"
8704,Fine-Tuned Model,"4,3,6,2,5,1"
8705,Fine-Tuned Model,"2,4,3,6,1,5"
8706,Fine-Tuned Model,"1,4,5,2,1,6"
8707,Fine-Tuned Model,"4,3,6,1,2,5"
8708,Fine-Tuned Model,"1,2,3,4,5,6"
8709,Fine-Tuned Model,"3,5,2,6,1,4"
8710,Fine-Tuned Model,
8711,Fine-Tuned Model,
8712,Fine-Tuned Model,"3,5,1,6,2"
8713,Fine-Tuned Model,"4,3,6,5,2,1"
8714,Fine-Tuned Model,
8715,Fine-Tuned Model,5
8716,Fine-Tuned Model,"1,2,6,3,2,6"
8717,Fine-Tuned Model,"2,3,6,5,4"
8718,Fine-Tuned Model,"5,3,2,6,1,4"
8719,Fine-Tuned Model,"1,4,2,5,6,3"
8720,Fine-Tuned Model,"4,3,1,2,6,5"
8721,Fine-Tuned Model,"3,4,6,2,5,1"
8722,Fine-Tuned Model,
8723,Fine-Tuned Model,"5,3,2,6,4,1"
8724,Fine-Tuned Model,
8725,Fine-Tuned Model,1
8726,Fine-Tuned Model,"3,6,5,2,4,1"
8727,Fine-Tuned Model,"1,2,3,4,5,6"
8728,Fine-Tuned Model,"4,2,6,5,3,1"
8729,Fine-Tuned Model,"1,5"
8730,Fine-Tuned Model,"1,4,2,6,3,5"
8731,Fine-Tuned Model,"2,5,3,6,4,1"
8732,Fine-Tuned Model,"1,3,5,2,4,6"
8733,Fine-Tuned Model,"1,4,3,2,6,5"
8734,Fine-Tuned Model,"3,4,2,6,5,1"
8735,Fine-Tuned Model,"3,2,6,1,5,4"
8736,Fine-Tuned Model,"2,4,6,3,5,2"
8737,Fine-Tuned Model,"2,5,3,6,1,4"
8738,Fine-Tuned Model,"5,2,6,3,1,4"
8739,Fine-Tuned Model,"4,2,5,1,6,3"
8740,Fine-Tuned Model,"2,5,6,3,1,4"
8741,Fine-Tuned Model,"4,2,5,6,1,3"
8742,Fine-Tuned Model,"1,4,2,3,3,6"
8743,Fine-Tuned Model,
8744,Fine-Tuned Model,"5,2,6,3,1,4"
8745,Fine-Tuned Model,"1,6,4,2,6,3"
8746,Fine-Tuned Model,"3,2,6,5,1,4"
8747,Fine-Tuned Model,"4,3,6,1,2,5"
8748,Fine-Tuned Model,
8749,Fine-Tuned Model,"4,2,6,5,3,1"
8750,Fine-Tuned Model,"1,2,3,4,5,6"
8751,Fine-Tuned Model,"4,2,6,3,5,1"
8752,Fine-Tuned Model,"1,6,6"
8753,Fine-Tuned Model,"3,1,5,2,4,6"
8754,Fine-Tuned Model,
8755,Fine-Tuned Model,"2,6,3,4,5,1"
8756,Fine-Tuned Model,
8757,Fine-Tuned Model,"4,6,1,2,5,3"
8758,Fine-Tuned Model,
8759,Fine-Tuned Model,"5,2,6,3,1,4"
8760,Fine-Tuned Model,"6,3,1"
8761,Fine-Tuned Model,"3,4,2,6,3,5"
8762,Fine-Tuned Model,"3,4,2,5,6,1"
8763,Fine-Tuned Model,"2,5,6,1,4,3"
8764,Fine-Tuned Model,"2,6,3,5,2,1"
8765,Fine-Tuned Model,"2,5"
8766,Fine-Tuned Model,"2,5,1,3,6,4"
8767,Fine-Tuned Model,"1,2,3,4,5,6"
8768,Fine-Tuned Model,"3,6,1,4,2,5"
8769,Fine-Tuned Model,
8770,Fine-Tuned Model,
8771,Fine-Tuned Model,"4,2,6,3,5,1"
8772,Fine-Tuned Model,"2,2"
8773,Fine-Tuned Model,"5,2,6,3,1,4"
8774,Fine-Tuned Model,"1,3,2,6,5,4"
8775,Fine-Tuned Model,"6,1,6"
8776,Fine-Tuned Model,"2,5,4,3,2,6"
8777,Fine-Tuned Model,"1,2,6,4,3,5"
8778,Fine-Tuned Model,"4,2,6,3,5,1"
8779,Fine-Tuned Model,"1,4,3,2,6,5"
8780,Fine-Tuned Model,3
8781,Fine-Tuned Model,
8782,Fine-Tuned Model,"1,6"
8783,Fine-Tuned Model,"4,2,6,1,3,5"
8784,Fine-Tuned Model,"4,2,3,6,1,5"
8785,Fine-Tuned Model,
8786,Fine-Tuned Model,"1,4,3,2,6,5"
8787,Fine-Tuned Model,1
8788,Fine-Tuned Model,"3,6,1,5,4,2"
8789,Fine-Tuned Model,"5,2,6,3,1,4"
8790,Fine-Tuned Model,"1,2,3,4,5,6"
8791,Fine-Tuned Model,"3,5,2,6,4,1"
8792,Fine-Tuned Model,"1,6,6"
8793,Fine-Tuned Model,"1,4,3,2,6,5"
8794,Fine-Tuned Model,"6,1,6"
8795,Fine-Tuned Model,"3,1,4,2,6,5"
8796,Fine-Tuned Model,
8797,Fine-Tuned Model,
8798,Fine-Tuned Model,"1,3,5,4,3,2"
8799,Fine-Tuned Model,"1,3,5,2,6,4"
8800,Fine-Tuned Model,
8801,Fine-Tuned Model,"5,2,1,4,3,6"
8802,Fine-Tuned Model,"1,2,3,4,5,6"
8803,Fine-Tuned Model,"3,5,2,1,6,4"
8804,Fine-Tuned Model,"6,1,2,3,4,5"
8805,Fine-Tuned Model,
8806,Fine-Tuned Model,
8807,Fine-Tuned Model,
8808,Fine-Tuned Model,
8809,Fine-Tuned Model,"4,2,6,3,5,1"
8810,Fine-Tuned Model,"1,3,2,2,3,4"
8811,Fine-Tuned Model,
8812,Fine-Tuned Model,"2,4,6,3,5,1"
8813,Fine-Tuned Model,1
8814,Fine-Tuned Model,"2,6,1,5,4,3"
8815,Fine-Tuned Model,"1,5,3,2,6,4"
8816,Fine-Tuned Model,"2,4,6,3,5,1"
8817,Fine-Tuned Model,"1,2,3,4,5"
8818,Fine-Tuned Model,
8819,Fine-Tuned Model,"4,3,5,2,6,1"
8820,Fine-Tuned Model,"5,2,3,4,6,1"
8821,Fine-Tuned Model,
8822,Fine-Tuned Model,"1,3,5,2,6,4"
8823,Fine-Tuned Model,"4,2,6,1,5,3"
8824,Fine-Tuned Model,"3,5,2,1,4,6"
8825,Fine-Tuned Model,"1,3,4,5,2,6"
8826,Fine-Tuned Model,"4,2,5,6,3,1"
8827,Fine-Tuned Model,"4,6"
8828,Fine-Tuned Model,"4,2,6,5,1,3"
8829,Fine-Tuned Model,"4,2,5,6,3,1"
8830,Fine-Tuned Model,"1,2,3,4,5,6"
8831,Fine-Tuned Model,"4,3,6,2,5,1"
8832,Fine-Tuned Model,"4,1,5,3,6,2"
8833,Fine-Tuned Model,"1,3,5,2,6,4"
8834,Fine-Tuned Model,"3,5,2,1,6,4"
8835,Fine-Tuned Model,"1,6,3,5,2,4"
8836,Fine-Tuned Model,"5,2,4,1,6,3"
8837,Fine-Tuned Model,"3,6,4,2,5,1"
8838,Fine-Tuned Model,"3,2,4,5,1,6"
8839,Fine-Tuned Model,"4,6,3,2,5,1"
8840,Fine-Tuned Model,"1,4,3,2,5,6"
8841,Fine-Tuned Model,"2,5,4,6,3,1"
8842,Fine-Tuned Model,"2,4,6,1,3,5"
8843,Fine-Tuned Model,"2,5,6,4,1,3"
8844,Fine-Tuned Model,"2,6,5,3,2"
8845,Fine-Tuned Model,"3,2,4,5,3,1"
8846,Fine-Tuned Model,6
8847,Fine-Tuned Model,"2,5,4,3,6,1"
8848,Fine-Tuned Model,"3,6,2,5,1,4"
8849,Fine-Tuned Model,
8850,Fine-Tuned Model,1
8851,Fine-Tuned Model,"1,3,5,2,4,6"
8852,Fine-Tuned Model,"3,4,5,1,2,3"
8853,Fine-Tuned Model,"3,1,5,2,4,6"
8854,Fine-Tuned Model,"6,1,6"
8855,Fine-Tuned Model,6
8856,Fine-Tuned Model,"1,6,6"
8857,Fine-Tuned Model,"6,1,6,1"
8858,Fine-Tuned Model,"3,6,4,2,5,1"
8859,Fine-Tuned Model,"4,2,6,1,3,5"
8860,Fine-Tuned Model,"1,2,6,3,5,6"
8861,Fine-Tuned Model,"4,2,5,1,3,6"
8862,Fine-Tuned Model,"2,4,3,1,5,6"
8863,Fine-Tuned Model,"3,2,5,6,4,1"
8864,Fine-Tuned Model,
8865,Fine-Tuned Model,"1,2,6,3,5,2"
8866,Fine-Tuned Model,"2,5,6,3,1,4"
8867,Fine-Tuned Model,"2,5,4,1,6,3"
8868,Fine-Tuned Model,"3,1,5,2,4,6"
8869,Fine-Tuned Model,"3,6,2,5,1,4"
8870,Fine-Tuned Model,"2,5,6,3,2,4"
8871,Fine-Tuned Model,"1,4,2,2,3,6"
8872,Fine-Tuned Model,"3,4,1,5,2,6"
8873,Fine-Tuned Model,"3,5,4,2,1,6"
8874,Fine-Tuned Model,"1,6"
8875,Fine-Tuned Model,"1,2,3,4,5"
8876,Fine-Tuned Model,"4,2,6,3,1,5"
8877,Fine-Tuned Model,"2,5,1,3,6,4"
8878,Fine-Tuned Model,"3,5,2,1,4,6"
8879,Fine-Tuned Model,"2,4,1,5,3,6"
8880,Fine-Tuned Model,"5,2,6,3,1,4"
8881,Fine-Tuned Model,"3,2,5,1,4,6"
8882,Fine-Tuned Model,"1,4,2,3,5,1"
8883,Fine-Tuned Model,"5,2,3,4,6,1"
8884,Fine-Tuned Model,
8885,Fine-Tuned Model,"3,1,5,2,4,6"
8886,Fine-Tuned Model,"3,6,2,4,1,5"
8887,Fine-Tuned Model,"1,5,2,6,3,4"
8888,Fine-Tuned Model,
8889,Fine-Tuned Model,"1,3,5,2,4,6"
8890,Fine-Tuned Model,"3,1,6,5,4,2"
8891,Fine-Tuned Model,"1,4,2,5,3,6"
8892,Fine-Tuned Model,"5,3,2,6,4,1"
8893,Fine-Tuned Model,"1,3,6,2,5,4"
8894,Fine-Tuned Model,"5,2,1,6,3,4"
8895,Fine-Tuned Model,"5,3,2,6,4,1"
8896,Fine-Tuned Model,"5,1,3,2,4,6"
8897,Fine-Tuned Model,"4,3,2,5,6,1"
8898,Fine-Tuned Model,
8899,Fine-Tuned Model,6
8900,Fine-Tuned Model,
8901,Fine-Tuned Model,1
8902,Fine-Tuned Model,"1,5,2,6,3,4"
8903,Fine-Tuned Model,"5,2,6,3,1,4"
8904,Fine-Tuned Model,
8905,Fine-Tuned Model,"1,6,3,6,1,5"
8906,Fine-Tuned Model,"2,6,5,3,1,4"
8907,Fine-Tuned Model,"4,2,6,3,5,1"
8908,Fine-Tuned Model,
8909,Fine-Tuned Model,"4,2,3,6,1,5"
8910,Fine-Tuned Model,"1,2"
8911,Fine-Tuned Model,"2,5,3,6,1,4"
8912,Fine-Tuned Model,"2,5,3,6,4,1"
8913,Fine-Tuned Model,"5,3,6,2,4,1"
8914,Fine-Tuned Model,"4,3,6,1,5,2"
8915,Fine-Tuned Model,"4,2,6,5,3,1"
8916,Fine-Tuned Model,"2,4,3,6,1,5"
8917,Fine-Tuned Model,"1,2,3,4,5,6"
8918,Fine-Tuned Model,"5,2,6,3,1,4"
8919,Fine-Tuned Model,
8920,Fine-Tuned Model,
8921,Fine-Tuned Model,"5,3,4,1,2,6"
8922,Fine-Tuned Model,"6,1,6"
8923,Fine-Tuned Model,"6,1,6"
8924,Fine-Tuned Model,"4,3,2,6,5,1"
8925,Fine-Tuned Model,"4,2,6,1,3,5"
8926,Fine-Tuned Model,
8927,Fine-Tuned Model,"6,1,6,1,3,5"
8928,Fine-Tuned Model,"1,4,2,6,3,5"
8929,Fine-Tuned Model,"2,5,3,6,4,1"
8930,Fine-Tuned Model,
8931,Fine-Tuned Model,"3,5,2,6,1,4"
8932,Fine-Tuned Model,"4,2,6,1,5,3"
8933,Fine-Tuned Model,"4,2,6,3,5,1"
8934,Fine-Tuned Model,"2,6,3,4,5,1"
8935,Fine-Tuned Model,"1,3,2,6,5,4"
8936,Fine-Tuned Model,
8937,Fine-Tuned Model,"4,2,6,5,3"
8938,Fine-Tuned Model,"6,2,3,5,1,4"
8939,Fine-Tuned Model,
8940,Fine-Tuned Model,
8941,Fine-Tuned Model,"4,2,6,3,1,5"
8942,Fine-Tuned Model,
8943,Fine-Tuned Model,"3,5,2,6,4,1"
8944,Fine-Tuned Model,"4,2,5,3,5,4"
8945,Fine-Tuned Model,"3,6,2,5,1,4"
8946,Fine-Tuned Model,"1,5,2,3,6,4"
8947,Fine-Tuned Model,"4,6,3,5,2,1"
8948,Fine-Tuned Model,
8949,Fine-Tuned Model,"2,4,6,3,1,5"
8950,Fine-Tuned Model,"1,5,6,3,5,2"
8951,Fine-Tuned Model,"1,4,3,6,5,2"
8952,Fine-Tuned Model,
8953,Fine-Tuned Model,"5,2,6,1,4,3"
8954,Fine-Tuned Model,
8955,Fine-Tuned Model,"1,2,3,4,5,6"
8956,Fine-Tuned Model,
8957,Fine-Tuned Model,"1,6,6"
8958,Fine-Tuned Model,"1,2,3,4,5,6"
8959,Fine-Tuned Model,"1,2,6,4,3,5"
8960,Fine-Tuned Model,"1,2,3,4,5,6"
8961,Fine-Tuned Model,
8962,Fine-Tuned Model,"3,4,2,6,1,5"
8963,Fine-Tuned Model,"4,2,6,3,5,1"
8964,Fine-Tuned Model,"1,3,2,5,6,4"
8965,Fine-Tuned Model,"1,3,2,4,5,6"
8966,Fine-Tuned Model,"3,6,2,5,4,1"
8967,Fine-Tuned Model,"5,2,6,3,4,1"
8968,Fine-Tuned Model,
8969,Fine-Tuned Model,
8970,Fine-Tuned Model,"4,2,6,1,3,5"
8971,Fine-Tuned Model,
8972,Fine-Tuned Model,"3,6,2,5,4,1"
8973,Fine-Tuned Model,"2,5,1,4,6,3"
8974,Fine-Tuned Model,"4,2,6,3,5,1"
8975,Fine-Tuned Model,"1,1"
8976,Fine-Tuned Model,"2,5,6,4,1,3"
8977,Fine-Tuned Model,
8978,Fine-Tuned Model,"6,6"
8979,Fine-Tuned Model,"3,4,6,2,5,1"
8980,Fine-Tuned Model,"1,2,3,4,5,6"
8981,Fine-Tuned Model,"5,3,2,6,1,4"
8982,Fine-Tuned Model,
8983,Fine-Tuned Model,"4,2,3,1,6,5"
8984,Fine-Tuned Model,"1,6,6"
8985,Fine-Tuned Model,"5,2,6,1,4,3"
8986,Fine-Tuned Model,"1,3,4,2,5,6"
8987,Fine-Tuned Model,"4,2,5,3,6,1"
8988,Fine-Tuned Model,"4,2,5,3,6,1"
8989,Fine-Tuned Model,"3,5,1,3,6,2"
8990,Fine-Tuned Model,"4,2,6,3,5,1"
8991,Fine-Tuned Model,"3,5,1,6,4,2"
8992,Fine-Tuned Model,"2,4,3,5,1,6"
8993,Fine-Tuned Model,"3,5,1,6,2,4"
8994,Fine-Tuned Model,"3,4,6,2,5,1"
8995,Fine-Tuned Model,
8996,Fine-Tuned Model,
8997,Fine-Tuned Model,"5,3,1,2,6,4"
8998,Fine-Tuned Model,
8999,Fine-Tuned Model,"4,2,5,6,1,3"
9000,Fine-Tuned Model,"5,3,2,6,1,4"
9001,Fine-Tuned Model,
9002,Fine-Tuned Model,"1,1,6,2,1,6"
9003,Fine-Tuned Model,"3,6,4,2,5,1"
9004,Fine-Tuned Model,"3,1,6,4,2,5"
9005,Fine-Tuned Model,
9006,Fine-Tuned Model,"3,2,6,5,1,4"
9007,Fine-Tuned Model,"1,4,5,2,3,6"
9008,Fine-Tuned Model,"3,2,6,1,4,5"
9009,Fine-Tuned Model,"5,2,6,1,4,3"
9010,Fine-Tuned Model,"4,3,2,6,1,5"
9011,Fine-Tuned Model,"2,6,1,4,3,5"
9012,Fine-Tuned Model,
9013,Fine-Tuned Model,"3,6,1,4,5,2"
9014,Fine-Tuned Model,"1,2,4,6,5,1"
9015,Fine-Tuned Model,
9016,Fine-Tuned Model,"1,2,3,4,5,6"
9017,Fine-Tuned Model,"5,2,6,3,1,4"
9018,Fine-Tuned Model,
9019,Fine-Tuned Model,"4,2,6,1,5,3"
9020,Fine-Tuned Model,"2,5,3,6,2,1"
9021,Fine-Tuned Model,
9022,Fine-Tuned Model,"2,5,1,6,3,4"
9023,Fine-Tuned Model,
9024,Fine-Tuned Model,
9025,Fine-Tuned Model,"4,3,6,2,5,1"
9026,Fine-Tuned Model,"4,2,6,5,1,3"
9027,Fine-Tuned Model,"6,3,2,5,4,1"
9028,Fine-Tuned Model,"1,2,3,4,5,6"
9029,Fine-Tuned Model,"1,4,2,6,5,3"
9030,Fine-Tuned Model,"2,6,1,4,3,5"
9031,Fine-Tuned Model,"1,3,2,4,6,5"
9032,Fine-Tuned Model,"2,6,1,4,3,5"
9033,Fine-Tuned Model,"2,4,5,6,3,1"
9034,Fine-Tuned Model,
9035,Fine-Tuned Model,"3,6,2,5,4,1"
9036,Fine-Tuned Model,"5,3,2,6,4,1"
9037,Fine-Tuned Model,6
9038,Fine-Tuned Model,"6,6,1,3,2,4"
9039,Fine-Tuned Model,
9040,Fine-Tuned Model,"4,2,5,3,1,6"
9041,Fine-Tuned Model,"3,2,6,4,5,1"
9042,Fine-Tuned Model,1
9043,Fine-Tuned Model,"4,1,4,5,2"
9044,Fine-Tuned Model,
9045,Fine-Tuned Model,"5,2,6,4,3,1"
9046,Fine-Tuned Model,
9047,Fine-Tuned Model,"4,6,2,5,3,1"
9048,Fine-Tuned Model,"3,4,5,2,6,1"
9049,Fine-Tuned Model,"2,5,6,3,1,4"
9050,Fine-Tuned Model,"3,4,2,6,1,5"
9051,Fine-Tuned Model,
9052,Fine-Tuned Model,"1,2,3,4,5,6"
9053,Fine-Tuned Model,"1,4,2,3,5,6"
9054,Fine-Tuned Model,"1,4,3,2,6,5"
9055,Fine-Tuned Model,"3,5,2,6,1,4"
9056,Fine-Tuned Model,"3,4,5,1,2,6"
9057,Fine-Tuned Model,"2,5,3,1,6,4"
9058,Fine-Tuned Model,
9059,Fine-Tuned Model,"3,5,2,6,4,1"
9060,Fine-Tuned Model,"1,6,3,5,2,6"
9061,Fine-Tuned Model,"1,3,5,6,2,4"
9062,Fine-Tuned Model,"1,5,2,2,3,6"
9063,Fine-Tuned Model,"1,2,4,3,6,5"
9064,Fine-Tuned Model,"6,1,6"
9065,Fine-Tuned Model,"1,1,4,2,6,3"
9066,Fine-Tuned Model,"1,6"
9067,Fine-Tuned Model,"1,2,4,3,5,6"
9068,Fine-Tuned Model,"4,2,5,1,6,3"
9069,Fine-Tuned Model,"4,2,6,3,1,5"
9070,Fine-Tuned Model,"4,3,1,6,2,5"
9071,Fine-Tuned Model,"2,5,3,1,4,6"
9072,Fine-Tuned Model,"5,2,6,1,4,3"
9073,Fine-Tuned Model,6
9074,Fine-Tuned Model,
9075,Fine-Tuned Model,
9076,Fine-Tuned Model,"6,3,6,1,5,4"
9077,Fine-Tuned Model,"3,1,6,2,5,4"
9078,Fine-Tuned Model,"1,2,3,4,5,6"
9079,Fine-Tuned Model,"2,3,5,6,2,1"
9080,Fine-Tuned Model,"3,5,2,6,1,4"
9081,Fine-Tuned Model,
9082,Fine-Tuned Model,"6,3,2,5,1,6"
9083,Fine-Tuned Model,
9084,Fine-Tuned Model,"5,2,6,1,3,4"
9085,Fine-Tuned Model,"1,4,2,3,6,5"
9086,Fine-Tuned Model,"4,2,6,3,5,1"
9087,Fine-Tuned Model,2
9088,Fine-Tuned Model,
9089,Fine-Tuned Model,
9090,Fine-Tuned Model,"3,5,2,6,1,4"
9091,Fine-Tuned Model,"6,1,6,3,5,2"
9092,Fine-Tuned Model,"1,6,6"
9093,Fine-Tuned Model,"3,4,1,2,5,6"
9094,Fine-Tuned Model,"3,6,2,5,4,1"
9095,Fine-Tuned Model,6
9096,Fine-Tuned Model,
9097,Fine-Tuned Model,"3,1,5,2,4,6"
9098,Fine-Tuned Model,"3,6,1,2,5,4"
9099,Fine-Tuned Model,"3,4,6,2,5,3"
9100,Fine-Tuned Model,"1,2,3,6,5,2"
9101,Fine-Tuned Model,"3,2,4,6,3,5"
9102,Fine-Tuned Model,"4,2,6,5,3,1"
9103,Fine-Tuned Model,"5,4,2,1,3,6"
9104,Fine-Tuned Model,
9105,Fine-Tuned Model,
9106,Fine-Tuned Model,"1,3,2,6,5,4"
9107,Fine-Tuned Model,
9108,Fine-Tuned Model,"1,3,6,2,4,5"
9109,Fine-Tuned Model,"2,4,6,3,5,1"
9110,Fine-Tuned Model,"3,6,5,2,1,4"
9111,Fine-Tuned Model,"3,6,5,4,2,1"
9112,Fine-Tuned Model,"3,5,2,6,4,1"
9113,Fine-Tuned Model,
9114,Fine-Tuned Model,"3,6,2,5,4,1"
9115,Fine-Tuned Model,"4,2,6,1,3,5"
9116,Fine-Tuned Model,"4,3,2,5,6,1"
9117,Fine-Tuned Model,"4,3,1,6,2,5"
9118,Fine-Tuned Model,"3,6,5,1,4,2"
9119,Fine-Tuned Model,"3,5,6,2,4,1"
9120,Fine-Tuned Model,"2,5,6,1,3,4"
9121,Fine-Tuned Model,"4,2,5,1,3,6"
9122,Fine-Tuned Model,"2,4,1,3,5,6"
9123,Fine-Tuned Model,"4,2,6,3,5,1"
9124,Fine-Tuned Model,"6,6"
9125,Fine-Tuned Model,"5,2,6,4,1,3"
9126,Fine-Tuned Model,"1,2,6,3,5,4"
9127,Fine-Tuned Model,"1,3,6,2,5,4"
9128,Fine-Tuned Model,"3,5,6,2,4,1"
9129,Fine-Tuned Model,
9130,Fine-Tuned Model,
9131,Fine-Tuned Model,"4,2,1,3,6,5"
9132,Fine-Tuned Model,"6,1,6,1"
9133,Fine-Tuned Model,
9134,Fine-Tuned Model,"6,1,6,2,6,3"
9135,Fine-Tuned Model,"2,6,3,4,5,1"
9136,Fine-Tuned Model,
9137,Fine-Tuned Model,
9138,Fine-Tuned Model,"4,2,6,3,5,1"
9139,Fine-Tuned Model,"6,5,2,1,3,4"
9140,Fine-Tuned Model,"2,4,3,5,6,1"
9141,Fine-Tuned Model,
9142,Fine-Tuned Model,"6,5,3"
9143,Fine-Tuned Model,"3,2,6,5,1,4"
9144,Fine-Tuned Model,"2,5,3,6,1,4"
9145,Fine-Tuned Model,
9146,Fine-Tuned Model,"6,4,3,2,5,1"
9147,Fine-Tuned Model,"5,2,4,6,3,1"
9148,Fine-Tuned Model,"2,5,4,3,1,6"
9149,Fine-Tuned Model,"1,3,6,5,2,4"
9150,Fine-Tuned Model,"4,2,3,5,6,1"
9151,Fine-Tuned Model,"6,1,6,3,6,2"
9152,Fine-Tuned Model,"1,3,2,6,5,4"
9153,Fine-Tuned Model,"1,2,3,4,5,6"
9154,Fine-Tuned Model,"1,3,5,2,4,6"
9155,Fine-Tuned Model,"1,4,3,2,5,6"
9156,Fine-Tuned Model,"1,6"
9157,Fine-Tuned Model,
9158,Fine-Tuned Model,
9159,Fine-Tuned Model,"6,1,6"
9160,Fine-Tuned Model,
9161,Fine-Tuned Model,"4,1,6,3,2,5"
9162,Fine-Tuned Model,"3,5,2,6,3,4"
9163,Fine-Tuned Model,"2,5,1,4,3,6"
9164,Fine-Tuned Model,
9165,Fine-Tuned Model,"1,4,3,6,2,5"
9166,Fine-Tuned Model,
9167,Fine-Tuned Model,
9168,Fine-Tuned Model,"4,1,3,6,2,5"
9169,Fine-Tuned Model,"6,3,5,2,6,2"
9170,Fine-Tuned Model,"3,5,2,6,3,4"
9171,Fine-Tuned Model,
9172,Fine-Tuned Model,"1,4,2,2,3,5"
9173,Fine-Tuned Model,"2,5,3,6,4,1"
9174,Fine-Tuned Model,"4,6,3,5,2,4"
9175,Fine-Tuned Model,
9176,Fine-Tuned Model,"2,4,3,1,6,5"
9177,Fine-Tuned Model,"4,2,6,3,5,1"
9178,Fine-Tuned Model,"1,5,4,3,2,6"
9179,Fine-Tuned Model,"4,2,6,5,3,1"
9180,Fine-Tuned Model,
9181,Fine-Tuned Model,
9182,Fine-Tuned Model,"3,4,6,2,5,1"
9183,Fine-Tuned Model,"4,3,6,2,5,1"
9184,Fine-Tuned Model,
9185,Fine-Tuned Model,"3,5,1,2,6,4"
9186,Fine-Tuned Model,"5,2,6,4,1,3"
9187,Fine-Tuned Model,"2,5,4,1,3,6"
9188,Fine-Tuned Model,
9189,Fine-Tuned Model,"3,6,2,5,4,1"
9190,Fine-Tuned Model,"3,2,6,5,4,1"
9191,Fine-Tuned Model,"4,2,6,5,1,3"
9192,Fine-Tuned Model,"4,2,6,3,1,5"
9193,Fine-Tuned Model,"3,4,1,6,2,5"
9194,Fine-Tuned Model,"3,2,1,6,5,4"
9195,Fine-Tuned Model,"4,3,2,6,1,5"
9196,Fine-Tuned Model,"1,2,3,4,5,6"
9197,Fine-Tuned Model,"5,3,2,6,4,1"
9198,Fine-Tuned Model,"5,2,6,3,1,4"
9199,Fine-Tuned Model,"5,4,6,3,1,2"
9200,Fine-Tuned Model,"1,6,3,5,4,2"
9201,Fine-Tuned Model,"2,5,4,6,3,1"
9202,Fine-Tuned Model,"5,2,4,1,6,3"
9203,Fine-Tuned Model,"1,6,6"
9204,Fine-Tuned Model,1
9205,Fine-Tuned Model,"2,1,6,6,1,6"
9206,Fine-Tuned Model,"2,5,6,1,4,3"
9207,Fine-Tuned Model,"3,6,2,5,4,1"
9208,Fine-Tuned Model,"3,5,2,6,1,4"
9209,Fine-Tuned Model,"4,2,6,5,3,1"
9210,Fine-Tuned Model,"1,4,3,6,2,5"
9211,Fine-Tuned Model,"4,3,6,1,5,2"
9212,Fine-Tuned Model,
9213,Fine-Tuned Model,"4,1,6,3,2,5"
9214,Fine-Tuned Model,"1,4,6,2,5,3"
9215,Fine-Tuned Model,"4,2,6,1,3,5"
9216,Fine-Tuned Model,"5,2,3,6,1,4"
9217,Fine-Tuned Model,"1,4,6,3,2,5"
9218,Fine-Tuned Model,"3,2,5,6,1,4"
9219,Fine-Tuned Model,"1,2,3,4,5,6"
9220,Fine-Tuned Model,
9221,Fine-Tuned Model,"3,1,5,2,4,6"
9222,Fine-Tuned Model,"1,6,6"
9223,Fine-Tuned Model,"2,6,5,3,6,1"
9224,Fine-Tuned Model,"3,6,4,2,5,1"
9225,Fine-Tuned Model,
9226,Fine-Tuned Model,
9227,Fine-Tuned Model,
9228,Fine-Tuned Model,"4,2,6,3,1,5"
9229,Fine-Tuned Model,"2,6,4,1,5,3"
9230,Fine-Tuned Model,"4,3,2,1,5,6"
9231,Fine-Tuned Model,"4,3,2,5,1,6"
9232,Fine-Tuned Model,"2,5,3,1,4,6"
9233,Fine-Tuned Model,"2,5,1,3,6,4"
9234,Fine-Tuned Model,"4,2,6,5,3,1"
9235,Fine-Tuned Model,"1,5,3,4,2,6"
9236,Fine-Tuned Model,
9237,Fine-Tuned Model,"5,3,2,6,4"
9238,Fine-Tuned Model,"4,2,6,1,3,5"
9239,Fine-Tuned Model,
9240,Fine-Tuned Model,"3,5,2,6,1,4"
9241,Fine-Tuned Model,
9242,Fine-Tuned Model,1
9243,Fine-Tuned Model,"1,2,3,4,5,6"
9244,Fine-Tuned Model,"5,3,1,6,2,4"
9245,Fine-Tuned Model,"3,6,2,5,1,4"
9246,Fine-Tuned Model,"4,2,6,5,3,1"
9247,Fine-Tuned Model,
9248,Fine-Tuned Model,"2,6,5,4,3,1"
9249,Fine-Tuned Model,"4,3,2,6,5,1"
9250,Fine-Tuned Model,"3,5,1,4,6,2"
9251,Fine-Tuned Model,"1,2,3,4,5,6"
9252,Fine-Tuned Model,"6,1,6"
9253,Fine-Tuned Model,"2,5,3,1,4,6"
9254,Fine-Tuned Model,"5,3,6,2,4,1"
9255,Fine-Tuned Model,"1,2,3,4,5,6"
9256,Fine-Tuned Model,"4,2,6,3,1,5"
9257,Fine-Tuned Model,
9258,Fine-Tuned Model,"3,6,1,4,2,5"
9259,Fine-Tuned Model,"2,5,1,6,3,4"
9260,Fine-Tuned Model,
9261,Fine-Tuned Model,"2,5,1,4,3,6"
9262,Fine-Tuned Model,"5,3,6,1,2,4"
9263,Fine-Tuned Model,"4,3,5,6,2,1"
9264,Fine-Tuned Model,"3,2,6,5,1,4"
9265,Fine-Tuned Model,"5,2,6,1,3,4"
9266,Fine-Tuned Model,"1,3,5,3,2,4"
9267,Fine-Tuned Model,"4,6,2,5,3,1"
9268,Fine-Tuned Model,
9269,Fine-Tuned Model,"1,2,6,3,4,5"
9270,Fine-Tuned Model,
9271,Fine-Tuned Model,"1,4,3,6,2,5"
9272,Fine-Tuned Model,"2,5,4,1,3,6"
9273,Fine-Tuned Model,"3,6,1,4,5,2"
9274,Fine-Tuned Model,"2,6,3,5,1,4"
9275,Fine-Tuned Model,"1,2,3,4,5,6"
9276,Fine-Tuned Model,"1,2,2,5,3,1"
9277,Fine-Tuned Model,
9278,Fine-Tuned Model,"2,5,1,3,4,6"
9279,Fine-Tuned Model,"2,4,1,6,3,5"
9280,Fine-Tuned Model,"3,5,2,6,1,4"
9281,Fine-Tuned Model,"2,4,1,6,3,5"
9282,Fine-Tuned Model,"4,2,5,1,3,6"
9283,Fine-Tuned Model,
9284,Fine-Tuned Model,"3,2,6,5,1,4"
9285,Fine-Tuned Model,
9286,Fine-Tuned Model,"2,5,3,1,6,4"
9287,Fine-Tuned Model,"4,2,5,1,6,3"
9288,Fine-Tuned Model,"4,2,5,1,3,6"
9289,Fine-Tuned Model,"1,6,6,3,5,2"
9290,Fine-Tuned Model,"3,6,2,5,1,4"
9291,Fine-Tuned Model,"4,3,6,5,2,1"
9292,Fine-Tuned Model,"2,6,1,4,3,5"
9293,Fine-Tuned Model,"1,5,2,6,3,4"
9294,Fine-Tuned Model,
9295,Fine-Tuned Model,"5,3,1,6,2,4"
9296,Fine-Tuned Model,
9297,Fine-Tuned Model,"2,5,4,3,1,6"
9298,Fine-Tuned Model,"1,3,5,2,6,4"
9299,Fine-Tuned Model,
9300,Fine-Tuned Model,"4,2,6,3,5,1"
9301,Fine-Tuned Model,"2,6,1,4,3,5"
9302,Fine-Tuned Model,"4,2,6,3,5,1"
9303,Fine-Tuned Model,"3,2,5,6,1,4"
9304,Fine-Tuned Model,"3,4,2,6,1,5"
9305,Fine-Tuned Model,"1,6,4,1,3,2"
9306,Fine-Tuned Model,"6,4,1,5,2,6"
9307,Fine-Tuned Model,
9308,Fine-Tuned Model,"2,5,1,6,3,4"
9309,Fine-Tuned Model,"2,5,4,1,3,6"
9310,Fine-Tuned Model,"6,1,3,2,6,5"
9311,Fine-Tuned Model,6
9312,Fine-Tuned Model,"4,3,2,6,5,1"
9313,Fine-Tuned Model,"4,6,2,5,1,3"
9314,Fine-Tuned Model,
9315,Fine-Tuned Model,"2,3,5,1,6,2"
9316,Fine-Tuned Model,6
9317,Fine-Tuned Model,
9318,Fine-Tuned Model,"3,6,4,5,2,1"
9319,Fine-Tuned Model,"2,4,3,2,5,3"
9320,Fine-Tuned Model,"1,3,2,5,6,4"
9321,Fine-Tuned Model,"1,4,6,2,3,5"
9322,Fine-Tuned Model,"6,6"
9323,Fine-Tuned Model,"4,3,6,2,5,1"
9324,Fine-Tuned Model,
9325,Fine-Tuned Model,"1,2,3,4,5,6"
9326,Fine-Tuned Model,"5,3,6,2,5,4"
9327,Fine-Tuned Model,
9328,Fine-Tuned Model,"3,1,2,6,5,4"
9329,Fine-Tuned Model,
9330,Fine-Tuned Model,3
9331,Fine-Tuned Model,"4,2,6,5,1,3"
9332,Fine-Tuned Model,"1,3,2,5,4,6"
9333,Fine-Tuned Model,"4,2,6,3,5,1"
9334,Fine-Tuned Model,"5,2,1,6,4,3"
9335,Fine-Tuned Model,"2,6,4,1,5,3"
9336,Fine-Tuned Model,"5,2,6,3,1,4"
9337,Fine-Tuned Model,"2,6,4,3,5,1"
9338,Fine-Tuned Model,
9339,Fine-Tuned Model,"6,1,1,6"
9340,Fine-Tuned Model,"1,4,2,6,3,5"
9341,Fine-Tuned Model,
9342,Fine-Tuned Model,"4,2,5,6,3,1"
9343,Fine-Tuned Model,"1,4,2,6,5,3"
9344,Fine-Tuned Model,"3,2,6,5,1,4"
9345,Fine-Tuned Model,"3,6,1,2,5"
9346,Fine-Tuned Model,"3,5,1,2,6,4"
9347,Fine-Tuned Model,
9348,Fine-Tuned Model,
9349,Fine-Tuned Model,"1,2,3,4,5,6"
9350,Fine-Tuned Model,"2,6,3,4,5,1"
9351,Fine-Tuned Model,"6,1,2,3,4,5"
9352,Fine-Tuned Model,
9353,Fine-Tuned Model,
9354,Fine-Tuned Model,"1,6,6,5,2"
9355,Fine-Tuned Model,"1,2,4,2,5,3"
9356,Fine-Tuned Model,
9357,Fine-Tuned Model,"4,2,5,6,3,1"
9358,Fine-Tuned Model,
9359,Fine-Tuned Model,
9360,Fine-Tuned Model,"3,6,4,2,5,1"
9361,Fine-Tuned Model,
9362,Fine-Tuned Model,"1,2,3,4,5,6"
9363,Fine-Tuned Model,"4,2,6,5,3,1"
9364,Fine-Tuned Model,"5,3,4,6,1,2"
9365,Fine-Tuned Model,
9366,Fine-Tuned Model,
9367,Fine-Tuned Model,
9368,Fine-Tuned Model,"3,5,2,6,3,1"
9369,Fine-Tuned Model,
9370,Fine-Tuned Model,"5,3,1,4,2,6"
9371,Fine-Tuned Model,1
9372,Fine-Tuned Model,"3,1,6,5,4,2"
9373,Fine-Tuned Model,
9374,Fine-Tuned Model,"3,6,2,5,4,1"
9375,Fine-Tuned Model,"3,5,2,6,4,1"
9376,Fine-Tuned Model,"2,6,5,4,2,3"
9377,Fine-Tuned Model,"3,5,1,2,4,6"
9378,Fine-Tuned Model,"3,2,6,1,5,4"
9379,Fine-Tuned Model,"5,3,6,2,4,1"
9380,Fine-Tuned Model,"4,3,6,2,5,1"
9381,Fine-Tuned Model,"1,1"
9382,Fine-Tuned Model,"3,5,2,6,3,1"
9383,Fine-Tuned Model,"4,2,6,1,5,3"
9384,Fine-Tuned Model,"2,4,5,6,3,2"
9385,Fine-Tuned Model,"4,2,6,5,3,1"
9386,Fine-Tuned Model,"1,6"
9387,Fine-Tuned Model,"2,4,1,5,3,6"
9388,Fine-Tuned Model,"1,4,3,6,2,5"
9389,Fine-Tuned Model,"3,2,5,4,1,6"
9390,Fine-Tuned Model,"3,6,1,4,2,5"
9391,Fine-Tuned Model,
9392,Fine-Tuned Model,"6,1,6,2,5,3"
9393,Fine-Tuned Model,"2,4,5,3,6,1"
9394,Fine-Tuned Model,"2,5,4,1,3,6"
9395,Fine-Tuned Model,"5,3,1,6,4,2"
9396,Fine-Tuned Model,"2,5,1,3,2,6"
9397,Fine-Tuned Model,"3,6,1,5,2"
9398,Fine-Tuned Model,"5,2,4,1,6,3"
9399,Fine-Tuned Model,
9400,Fine-Tuned Model,
9401,Fine-Tuned Model,"3,6,1,4,5,2"
9402,Fine-Tuned Model,"1,6,6"
9403,Fine-Tuned Model,
9404,Fine-Tuned Model,"4,2,6,3,5,1"
9405,Fine-Tuned Model,
9406,Fine-Tuned Model,
9407,Fine-Tuned Model,
9408,Fine-Tuned Model,"4,2,5,6,3,1"
9409,Fine-Tuned Model,"4,2,6,5,3,1"
9410,Fine-Tuned Model,"2,1,3"
9411,Fine-Tuned Model,
9412,Fine-Tuned Model,"3,6,1,4,5,2"
9413,Fine-Tuned Model,"1,4,6,2,5,3"
9414,Fine-Tuned Model,6
9415,Fine-Tuned Model,
9416,Fine-Tuned Model,"1,3,4,2,5,6"
9417,Fine-Tuned Model,"5,3,1,2,4,6"
9418,Fine-Tuned Model,"5,3,1,6,2,4"
9419,Fine-Tuned Model,"3,2,6,5,1,4"
9420,Fine-Tuned Model,
9421,Fine-Tuned Model,"1,2,3,4,5,6"
9422,Fine-Tuned Model,"1,1,2,3,4,5"
9423,Fine-Tuned Model,"2,5,1,6,4,3"
9424,Fine-Tuned Model,"6,1,6"
9425,Fine-Tuned Model,"5,2,6,3,1,4"
9426,Fine-Tuned Model,
9427,Fine-Tuned Model,"5,3,2,6,1,4"
9428,Fine-Tuned Model,"4,2,6,3,5,1"
9429,Fine-Tuned Model,"4,2,6,5,1,3"
9430,Fine-Tuned Model,"3,2,6,5,4,1"
9431,Fine-Tuned Model,"4,2,6,3,5,1"
9432,Fine-Tuned Model,"4,2,5,3,6,1"
9433,Fine-Tuned Model,"4,2,6,1,5,3"
9434,Fine-Tuned Model,
9435,Fine-Tuned Model,"5,2,6,3,1,4"
9436,Fine-Tuned Model,6
9437,Fine-Tuned Model,"3,6,1,5,2,4"
9438,Fine-Tuned Model,"3,4,2,6,1,5"
9439,Fine-Tuned Model,
9440,Fine-Tuned Model,"4,1,6,5,3,2"
9441,Fine-Tuned Model,"5,3,2,6,1,4"
9442,Fine-Tuned Model,"1,2,3,4,5,6"
9443,Fine-Tuned Model,6
9444,Fine-Tuned Model,
9445,Fine-Tuned Model,"4,1,3,6,2,5"
9446,Fine-Tuned Model,"6,3,6,5,2,4"
9447,Fine-Tuned Model,"1,2,3,4,5,6"
9448,Fine-Tuned Model,
9449,Fine-Tuned Model,"5,2,6,1,3,4"
9450,Fine-Tuned Model,"1,2,2,5,3,4"
9451,Fine-Tuned Model,"1,2,5,4,6,3"
9452,Fine-Tuned Model,
9453,Fine-Tuned Model,"4,2,6,3,5,1"
9454,Fine-Tuned Model,"4,3,1,2,5,6"
9455,Fine-Tuned Model,
9456,Fine-Tuned Model,"4,3,5,1,2,6"
9457,Fine-Tuned Model,1
9458,Fine-Tuned Model,"1,6,2,4,3,5"
9459,Fine-Tuned Model,
9460,Fine-Tuned Model,"3,5,2,6,4,1"
9461,Fine-Tuned Model,"4,2,3,6,1,5"
9462,Fine-Tuned Model,"3,6,2,5,4,1"
9463,Fine-Tuned Model,"1,2,5,2,1,6"
9464,Fine-Tuned Model,"4,1,5,2,6,3"
9465,Fine-Tuned Model,"4,5,3,2,6,1"
9466,Fine-Tuned Model,"4,3,2,6,1,5"
9467,Fine-Tuned Model,"2,5,1,4,6,3"
9468,Fine-Tuned Model,
9469,Fine-Tuned Model,"1,5,3,6,2,4"
9470,Fine-Tuned Model,
9471,Fine-Tuned Model,"6,1"
9472,Fine-Tuned Model,"2,5,6,3,1,4"
9473,Fine-Tuned Model,"3,6,2,5,4,1"
9474,Fine-Tuned Model,"4,3,6,2,1,5"
9475,Fine-Tuned Model,"2,4,3,5,1,6"
9476,Fine-Tuned Model,"2,4,3,6,1,5"
9477,Fine-Tuned Model,
9478,Fine-Tuned Model,"1,6,6"
9479,Fine-Tuned Model,
9480,Fine-Tuned Model,"2,5,4,1,3,6"
9481,Fine-Tuned Model,"2,6,4,1,5,3"
9482,Fine-Tuned Model,"1,2,3,4,5,6"
9483,Fine-Tuned Model,
9484,Fine-Tuned Model,"6,6,6"
9485,Fine-Tuned Model,"3,6,2,4,5,1"
9486,Fine-Tuned Model,"5,2,6,1,4,3"
9487,Fine-Tuned Model,"2,5,1,3,6,4"
9488,Fine-Tuned Model,
9489,Fine-Tuned Model,6
9490,Fine-Tuned Model,"1,6,6"
9491,Fine-Tuned Model,
9492,Fine-Tuned Model,"1,3,2,6,5,4"
9493,Fine-Tuned Model,"3,5,2,6,1,4"
9494,Fine-Tuned Model,"2,6,4,3,5,1"
9495,Fine-Tuned Model,"3,4,1,2,5,6"
9496,Fine-Tuned Model,
9497,Fine-Tuned Model,"4,2,6,3,5,1"
9498,Fine-Tuned Model,"2,4,1,3,6,5"
9499,Fine-Tuned Model,"6,1,6"
9500,Fine-Tuned Model,
9501,Fine-Tuned Model,"6,6,6,6,1,4"
9502,Fine-Tuned Model,"1,2,4,5,3,6"
9503,Fine-Tuned Model,"3,5,1,3,6,2"
9504,Fine-Tuned Model,"2,4,1,6,3,5"
9505,Fine-Tuned Model,"1,4,2,3,6,5"
9506,Fine-Tuned Model,"4,2,6,3,5,1"
9507,Fine-Tuned Model,"4,2,6,5,3,1"
9508,Fine-Tuned Model,"3,5,2,4,6,1"
9509,Fine-Tuned Model,"4,1,6,3,2,5"
9510,Fine-Tuned Model,"3,6,2,5,4,1"
9511,Fine-Tuned Model,"1,2,3,4,5,6"
9512,Fine-Tuned Model,"1,4,3,6,2,5"
9513,Fine-Tuned Model,"4,3,1,5,2,6"
9514,Fine-Tuned Model,"4,2,6,3,5,1"
9515,Fine-Tuned Model,"1,2,3,4,5,6"
9516,Fine-Tuned Model,"5,4,6,2,3,1"
9517,Fine-Tuned Model,"1,3,5,6,4,2"
9518,Fine-Tuned Model,"1,2,6,5,3,4"
9519,Fine-Tuned Model,"3,6,2,5,1,4"
9520,Fine-Tuned Model,"3,4,6,1,5,2"
9521,Fine-Tuned Model,
9522,Fine-Tuned Model,"1,5"
9523,Fine-Tuned Model,"1,2,3,4,5,6"
9524,Fine-Tuned Model,"2,5,3,1,6,4"
9525,Fine-Tuned Model,"6,1,6,2,2"
9526,Fine-Tuned Model,"3,6,2,5,1,4"
9527,Fine-Tuned Model,"3,1,6,2,5,4"
9528,Fine-Tuned Model,"4,3,2,5,6,1"
9529,Fine-Tuned Model,"3,5,2,6,4,1"
9530,Fine-Tuned Model,"2,3,6,4,5,3"
9531,Fine-Tuned Model,"5,2,6,3,5,4"
9532,Fine-Tuned Model,"3,6,2,5,4,1"
9533,Fine-Tuned Model,
9534,Fine-Tuned Model,"4,3,6,1,2,5"
9535,Fine-Tuned Model,"3,5,2,6,1,4"
9536,Fine-Tuned Model,"1,4,3,2,1,3"
9537,Fine-Tuned Model,"3,4,6,1,2,5"
9538,Fine-Tuned Model,"4,3,2,5,6,1"
9539,Fine-Tuned Model,"1,2,4,5,3,6"
9540,Fine-Tuned Model,"5,2,6,1,4,3"
9541,Fine-Tuned Model,"1,2,5,3,6,4"
9542,Fine-Tuned Model,"3,2,6,5,1,4"
9543,Fine-Tuned Model,"1,3,4,2,6,5"
9544,Fine-Tuned Model,
9545,Fine-Tuned Model,"3,2,6,4,5,1"
9546,Fine-Tuned Model,"3,4,2,5,6,1"
9547,Fine-Tuned Model,"2,5,3,6,4,1"
9548,Fine-Tuned Model,"2,4,6,1,5,3"
9549,Fine-Tuned Model,"1,2,5,3,6,4"
9550,Fine-Tuned Model,"1,4,6,3,5,2"
9551,Fine-Tuned Model,
9552,Fine-Tuned Model,"1,4,2,5,3,6"
9553,Fine-Tuned Model,"2,4,1,6,3,5"
9554,Fine-Tuned Model,"5,2,3,6,5,1"
9555,Fine-Tuned Model,"3,5,2,4,1,6"
9556,Fine-Tuned Model,"1,4,2,6,5,3"
9557,Fine-Tuned Model,"1,5,6,2,4,3"
9558,Fine-Tuned Model,"4,2,3,1,6,5"
9559,Fine-Tuned Model,
9560,Fine-Tuned Model,
9561,Fine-Tuned Model,"5,2,6,4,1,3"
9562,Fine-Tuned Model,"4,2,3,6,5,1"
9563,Fine-Tuned Model,"1,2,4,5,2,3"
9564,Fine-Tuned Model,"2,6,3,5,2,4"
9565,Fine-Tuned Model,
9566,Fine-Tuned Model,"2,4,3,5,6,1"
9567,Fine-Tuned Model,"3,5,1,2,6,4"
9568,Fine-Tuned Model,5
9569,Fine-Tuned Model,
9570,Fine-Tuned Model,"3,2,6,4,1,5"
9571,Fine-Tuned Model,"2,5,6,2,3,6"
9572,Fine-Tuned Model,"3,6,2,5,1,4"
9573,Fine-Tuned Model,"4,2,5,6,1,3"
9574,Fine-Tuned Model,
9575,Fine-Tuned Model,"4,6,1,3,6,2"
9576,Fine-Tuned Model,"1,3,2,6,4,5"
9577,Fine-Tuned Model,"1,2,3,4,5,6"
9578,Fine-Tuned Model,4
9579,Fine-Tuned Model,"3,6,2,4,5,1"
9580,Fine-Tuned Model,"3,5,2,6,4,1"
9581,Fine-Tuned Model,
9582,Fine-Tuned Model,"3,6,2,5,4,1"
9583,Fine-Tuned Model,"4,3,6,1,2,5"
9584,Fine-Tuned Model,"4,3,6,2,5,1"
9585,Fine-Tuned Model,"1,6,5,2,4,3"
9586,Fine-Tuned Model,"4,1,3,2,6,5"
9587,Fine-Tuned Model,"5,3,2,6,4,1"
9588,Fine-Tuned Model,"3,6,2,5,1,4"
9589,Fine-Tuned Model,
9590,Fine-Tuned Model,
9591,Fine-Tuned Model,"1,2,3,4,5,6"
9592,Fine-Tuned Model,"1,2,2,5,3,6"
9593,Fine-Tuned Model,
9594,Fine-Tuned Model,"3,6,2,5,4,1"
9595,Fine-Tuned Model,"3,2,6,4,5,1"
9596,Fine-Tuned Model,"1,4,3,6,2,5"
9597,Fine-Tuned Model,"3,5,1,2,6,4"
9598,Fine-Tuned Model,
9599,Fine-Tuned Model,
9600,Fine-Tuned Model,"5,2,6,3,4"
9601,Fine-Tuned Model,"4,3,6,2,5,1"
9602,Fine-Tuned Model,
9603,Fine-Tuned Model,"2,5,3,6,4,1"
9604,Fine-Tuned Model,"3,4,2,5,6,1"
9605,Fine-Tuned Model,"1,2,3,4,5,6"
9606,Fine-Tuned Model,"2,5,4,6,3,1"
9607,Fine-Tuned Model,"5,3,6,1,2,4"
9608,Fine-Tuned Model,
9609,Fine-Tuned Model,"4,2,5,3,1,6"
9610,Fine-Tuned Model,"3,6,2,4,5,1"
9611,Fine-Tuned Model,"3,6,2,5,1,4"
9612,Fine-Tuned Model,"1,5,2,3,4,6"
9613,Fine-Tuned Model,"6,2,3,1,4,5"
9614,Fine-Tuned Model,"2,4,5,6,3,1"
9615,Fine-Tuned Model,"4,1,6,5,3,2"
9616,Fine-Tuned Model,"1,3,5,2,6,4"
9617,Fine-Tuned Model,
9618,Fine-Tuned Model,
9619,Fine-Tuned Model,"2,5,1,4,6,3"
9620,Fine-Tuned Model,"3,1,2,5,6,4"
9621,Fine-Tuned Model,"4,2,6,1,5,3"
9622,Fine-Tuned Model,"3,1,5,2"
9623,Fine-Tuned Model,"1,6,4,3,2,5"
9624,Fine-Tuned Model,"4,2,6,3,5,1"
9625,Fine-Tuned Model,
9626,Fine-Tuned Model,
9627,Fine-Tuned Model,"1,2,3,4,5,6"
9628,Fine-Tuned Model,"5,4,1,2,6,3"
9629,Fine-Tuned Model,"4,3,6,2,1,5"
9630,Fine-Tuned Model,"6,1,6"
9631,Fine-Tuned Model,"2,3,5,4,2,1"
9632,Fine-Tuned Model,"1,5,2,3,3,6"
9633,Fine-Tuned Model,"6,3,5,1,1"
9634,Fine-Tuned Model,"4,2,6,1,3,5"
9635,Fine-Tuned Model,
9636,Fine-Tuned Model,"3,6,1,5,2,4"
9637,Fine-Tuned Model,"1,4,3,5,6,2"
9638,Fine-Tuned Model,"4,2,6,5,1,3"
9639,Fine-Tuned Model,"4,2,6,1,3,5"
9640,Fine-Tuned Model,"1,3,6,2,5,4"
9641,Fine-Tuned Model,"2,5,4,6,3,1"
9642,Fine-Tuned Model,"2,5,6,3,1,4"
9643,Fine-Tuned Model,
9644,Fine-Tuned Model,"1,6"
9645,Fine-Tuned Model,"5,3,2,6,1,4"
9646,Fine-Tuned Model,"4,2,6,3,5,1"
9647,Fine-Tuned Model,"3,4,6,2,5,1"
9648,Fine-Tuned Model,"1,6,2,4,3,5"
9649,Fine-Tuned Model,
9650,Fine-Tuned Model,"2,4,6"
9651,Fine-Tuned Model,"1,4,2,5,6,3"
9652,Fine-Tuned Model,"6,6,3"
9653,Fine-Tuned Model,"2,4,1,6,3,5"
9654,Fine-Tuned Model,"6,1,6"
9655,Fine-Tuned Model,"6,3,5,2,6,4"
9656,Fine-Tuned Model,"1,3,2,4,6,5"
9657,Fine-Tuned Model,
9658,Fine-Tuned Model,"2,5,6,3,1,4"
9659,Fine-Tuned Model,
9660,Fine-Tuned Model,
9661,Fine-Tuned Model,"1,4,5,2,3,6"
9662,Fine-Tuned Model,"1,3,5,2,6,4"
9663,Fine-Tuned Model,"3,5,2,6,1,4"
9664,Fine-Tuned Model,
9665,Fine-Tuned Model,
9666,Fine-Tuned Model,
9667,Fine-Tuned Model,"3,1,6,5,2,4"
9668,Fine-Tuned Model,"3,4,2,5,1,6"
9669,Fine-Tuned Model,"4,2,6,3,5,1"
9670,Fine-Tuned Model,
9671,Fine-Tuned Model,"3,6,5,1,4,2"
9672,Fine-Tuned Model,"1,5,4,6,3,2"
9673,Fine-Tuned Model,
9674,Fine-Tuned Model,
9675,Fine-Tuned Model,
9676,Fine-Tuned Model,
9677,Fine-Tuned Model,"3,6,2,4,5,1"
9678,Fine-Tuned Model,"5,2,3,6,1,4"
9679,Fine-Tuned Model,"2,5,3,6,1,4"
9680,Fine-Tuned Model,"1,1"
9681,Fine-Tuned Model,"2,4,6,5,1,3"
9682,Fine-Tuned Model,
9683,Fine-Tuned Model,"4,2,5,1,3,6"
9684,Fine-Tuned Model,"3,5,2,1,6,4"
9685,Fine-Tuned Model,
9686,Fine-Tuned Model,"4,2,6,5,3,1"
9687,Fine-Tuned Model,"4,2,6,3,5,1"
9688,Fine-Tuned Model,"3,4,2,5,1,6"
9689,Fine-Tuned Model,"3,4,2,6,5,1"
9690,Fine-Tuned Model,"5,2,6,4,3,1"
9691,Fine-Tuned Model,"4,2,6,1,5,3"
9692,Fine-Tuned Model,"3,2,6,5,1,4"
9693,Fine-Tuned Model,"3,2,6,5,4,1"
9694,Fine-Tuned Model,"3,4,1,5,3,2"
9695,Fine-Tuned Model,"4,6,3,2,5,1"
9696,Fine-Tuned Model,"1,6,6"
9697,Fine-Tuned Model,
9698,Fine-Tuned Model,"1,2,3,4,5,6"
9699,Fine-Tuned Model,"2,4,5,1,3,6"
9700,Fine-Tuned Model,
9701,Fine-Tuned Model,"4,2,6,3,1,5"
9702,Fine-Tuned Model,"4,2,6,3,5,1"
9703,Fine-Tuned Model,"2,6,3,5,1,4"
9704,Fine-Tuned Model,"5,2,6,3,1,4"
9705,Fine-Tuned Model,"3,6,2,4,1,5"
9706,Fine-Tuned Model,"1,2,5,3,4,6"
9707,Fine-Tuned Model,"4,2,6,5,3,1"
9708,Fine-Tuned Model,
9709,Fine-Tuned Model,"2,6,1,5,3,4"
9710,Fine-Tuned Model,"3,1,5,4,2,6"
9711,Fine-Tuned Model,"1,6,6"
9712,Fine-Tuned Model,"4,6,2,3,5,1"
9713,Fine-Tuned Model,"3,2,6,4,1,5"
9714,Fine-Tuned Model,
9715,Fine-Tuned Model,"2,5,6,3,1,4"
9716,Fine-Tuned Model,"6,3,2,5,4,1"
9717,Fine-Tuned Model,
9718,Fine-Tuned Model,"3,6,5,2,4,1"
9719,Fine-Tuned Model,"1,2,5,3,6,4"
9720,Fine-Tuned Model,
9721,Fine-Tuned Model,
9722,Fine-Tuned Model,"1,4,3,6,2,5"
9723,Fine-Tuned Model,"4,2,5,6,3,1"
9724,Fine-Tuned Model,"2,4,6,3,5,2"
9725,Fine-Tuned Model,"1,6"
9726,Fine-Tuned Model,"1,3,2,6,4,5"
9727,Fine-Tuned Model,"3,4,1,2,5,6"
9728,Fine-Tuned Model,"3,2,6,5,1,4"
9729,Fine-Tuned Model,"3,6,2,4,5,1"
9730,Fine-Tuned Model,
9731,Fine-Tuned Model,"1,3,2,6,5,4"
9732,Fine-Tuned Model,"3,6,4,2,5,1"
9733,Fine-Tuned Model,"4,2,6,5,3,1"
9734,Fine-Tuned Model,"4,2,6,5,3,1"
9735,Fine-Tuned Model,"4,2,6,1,5,3"
9736,Fine-Tuned Model,"4,6,3,2,5,1"
9737,Fine-Tuned Model,"1,2,5,3,6,4"
9738,Fine-Tuned Model,"4,3,2,6,5,1"
9739,Fine-Tuned Model,"1,3,5,2"
9740,Fine-Tuned Model,"2,4,6,1,5,3"
9741,Fine-Tuned Model,"1,4,6,2,5,3"
9742,Fine-Tuned Model,"1,2,4,1,3,6"
9743,Fine-Tuned Model,"6,2,6,1,5,3"
9744,Fine-Tuned Model,
9745,Fine-Tuned Model,"4,2,6,5,1,3"
9746,Fine-Tuned Model,"2,3,1,6,5,4"
9747,Fine-Tuned Model,"4,3,6,2,5,1"
9748,Fine-Tuned Model,
9749,Fine-Tuned Model,
9750,Fine-Tuned Model,"4,2,6,3,5,1"
9751,Fine-Tuned Model,"4,1,6,3,2,5"
9752,Fine-Tuned Model,"1,1,1,1,1,1"
9753,Fine-Tuned Model,"3,2,4,5,1,6"
9754,Fine-Tuned Model,"3,5,6,2,1,4"
9755,Fine-Tuned Model,"4,2,6,5,1,3"
9756,Fine-Tuned Model,"2,4,6,3,5,1"
9757,Fine-Tuned Model,"4,2,6,1,5,3"
9758,Fine-Tuned Model,"2,2,5"
9759,Fine-Tuned Model,"5,2,6,3,1,4"
9760,Fine-Tuned Model,
9761,Fine-Tuned Model,"5,2,6,4,3,1"
9762,Fine-Tuned Model,
9763,Fine-Tuned Model,"4,2,6,5,1,3"
9764,Fine-Tuned Model,"2,5,6,3,1,4"
9765,Fine-Tuned Model,"4,2,5,3,1,6"
9766,Fine-Tuned Model,
9767,Fine-Tuned Model,"3,6,5,2,4,1"
9768,Fine-Tuned Model,
9769,Fine-Tuned Model,
9770,Fine-Tuned Model,"1,2,3,4,5,6"
9771,Fine-Tuned Model,"1,2,3,4,5,6"
9772,Fine-Tuned Model,"6,1,6"
9773,Fine-Tuned Model,"1,1,5,3,2,3"
9774,Fine-Tuned Model,"1,6,1,1,1"
9775,Fine-Tuned Model,"2,5,3,6,4,1"
9776,Fine-Tuned Model,"4,2,6,1,5,3"
9777,Fine-Tuned Model,"2,3,1,6,4,2"
9778,Fine-Tuned Model,"2,5,3,1,6,4"
9779,Fine-Tuned Model,"5,2,3,6,1,4"
9780,Fine-Tuned Model,
9781,Fine-Tuned Model,"4,6,2,3,6,1"
9782,Fine-Tuned Model,"2,5,6,4,3,1"
9783,Fine-Tuned Model,"2,4,5,1,3,6"
9784,Fine-Tuned Model,"3,2,5,4,1,6"
9785,Fine-Tuned Model,
9786,Fine-Tuned Model,"3,2,6,5,1,4"
9787,Fine-Tuned Model,
9788,Fine-Tuned Model,"1,2,4,3,6,5"
9789,Fine-Tuned Model,"2,5,3,1,6,4"
9790,Fine-Tuned Model,"1,6,6"
9791,Fine-Tuned Model,"2,5,1,6,3,4"
9792,Fine-Tuned Model,
9793,Fine-Tuned Model,"6,1,6,2,4"
9794,Fine-Tuned Model,"1,4,6,2,5,3"
9795,Fine-Tuned Model,"5,2,6,3,1,4"
9796,Fine-Tuned Model,"3,4,2,5,6,1"
9797,Fine-Tuned Model,"1,2,5,3,6,4"
9798,Fine-Tuned Model,"3,2,4,1,6,5"
9799,Fine-Tuned Model,
9800,Fine-Tuned Model,"4,2,6,1,3,5"
9801,Fine-Tuned Model,"2,5,4,3,1,6"
9802,Fine-Tuned Model,"4,2,6,3,5,1"
9803,Fine-Tuned Model,"3,4,6,2,1,5"
9804,Fine-Tuned Model,
9805,Fine-Tuned Model,"1,4,6,2,5,3"
9806,Fine-Tuned Model,"2,5,3,4,6,1"
9807,Fine-Tuned Model,"1,2,2,4,3,3"
9808,Fine-Tuned Model,"4,2,6,1,5,3"
9809,Fine-Tuned Model,"1,6,2,3,4,5"
9810,Fine-Tuned Model,"4,3,1,6,2,5"
9811,Fine-Tuned Model,"2,5,3,6,1,4"
9812,Fine-Tuned Model,"2,3,4,6,5,1"
9813,Fine-Tuned Model,"2,5,3,6,4,1"
9814,Fine-Tuned Model,"3,4,2,6,1"
9815,Fine-Tuned Model,"4,3,6,2,5"
9816,Fine-Tuned Model,
9817,Fine-Tuned Model,
9818,Fine-Tuned Model,"1,3,5,2,4,6"
9819,Fine-Tuned Model,"1,4,2,6,3,5"
9820,Fine-Tuned Model,"3,5,2,6,4,1"
9821,Fine-Tuned Model,"2,3,6,1,5,2"
9822,Fine-Tuned Model,"1,4,2,3,6,5"
9823,Fine-Tuned Model,"4,2,3,5,1,6"
9824,Fine-Tuned Model,"1,2,3"
9825,Fine-Tuned Model,"2,5,1,3,6,4"
9826,Fine-Tuned Model,
9827,Fine-Tuned Model,"3,4,5,1,2,6"
9828,Fine-Tuned Model,"2,4,5,1,3,6"
9829,Fine-Tuned Model,"5,2,6,3,1,4"
9830,Fine-Tuned Model,"2,5,3,6,4,1"
9831,Fine-Tuned Model,"1,3,2,6,5,1"
9832,Fine-Tuned Model,"1,2,5,1,6,3"
9833,Fine-Tuned Model,"2,5,1,6,3,4"
9834,Fine-Tuned Model,"3,6,2,5,1,4"
9835,Fine-Tuned Model,"5,2,6,1,4,3"
9836,Fine-Tuned Model,"4,6,3,2,5,1"
9837,Fine-Tuned Model,"1,2,3,4,5,6"
9838,Fine-Tuned Model,
9839,Fine-Tuned Model,"1,2,3,4,5,1"
9840,Fine-Tuned Model,"5,2,3,6,4,1"
9841,Fine-Tuned Model,"2,5,1,3,4,6"
9842,Fine-Tuned Model,"1,2,5,4,6,3"
9843,Fine-Tuned Model,
9844,Fine-Tuned Model,"2,4,6,3,1,5"
9845,Fine-Tuned Model,"4,6,3,2,5,1"
9846,Fine-Tuned Model,"4,6,2,5,1,3"
9847,Fine-Tuned Model,"4,2,5,1,6,3"
9848,Fine-Tuned Model,
9849,Fine-Tuned Model,"3,6,2,5,1,4"
9850,Fine-Tuned Model,
9851,Fine-Tuned Model,"3,1,4,6,5,2"
9852,Fine-Tuned Model,"3,5,2,6,4,1"
9853,Fine-Tuned Model,"3,4,2,6,1,5"
9854,Fine-Tuned Model,"2,5,3,6,4,1"
9855,Fine-Tuned Model,"4,2,6,5,3,1"
9856,Fine-Tuned Model,"2,6,4,3,5,1"
9857,Fine-Tuned Model,"3,6,4,5,2,1"
9858,Fine-Tuned Model,"5,3,2,4,1,6"
9859,Fine-Tuned Model,
9860,Fine-Tuned Model,"3,6,2,5,1,4"
9861,Fine-Tuned Model,"1,4,3,6,2,5"
9862,Fine-Tuned Model,"1,2,3,4,5,6"
9863,Fine-Tuned Model,
9864,Fine-Tuned Model,"1,6,6"
9865,Fine-Tuned Model,"1,2,4,2,6,5"
9866,Fine-Tuned Model,"1,3"
9867,Fine-Tuned Model,
9868,Fine-Tuned Model,"4,2,5,1,6,3"
9869,Fine-Tuned Model,"3,1,6,5,4,2"
9870,Fine-Tuned Model,"2,5,3,1,6,4"
9871,Fine-Tuned Model,"1,5,2,3,3,2"
9872,Fine-Tuned Model,"4,6,2,5,1,3"
9873,Fine-Tuned Model,"4,2,6,3,5,1"
9874,Fine-Tuned Model,"1,2,3,4,5,6"
9875,Fine-Tuned Model,
9876,Fine-Tuned Model,"1,6,6"
9877,Fine-Tuned Model,"4,2,3,6,1,5"
9878,Fine-Tuned Model,"2,4,5,3,1,6"
9879,Fine-Tuned Model,"4,2,6,5,3,1"
9880,Fine-Tuned Model,
9881,Fine-Tuned Model,
9882,Fine-Tuned Model,"3,5,2,6,4,3"
9883,Fine-Tuned Model,"1,6,3,5,2,4"
9884,Fine-Tuned Model,"1,2,3,4,5,6"
9885,Fine-Tuned Model,"1,4,2,6,3,2"
9886,Fine-Tuned Model,"5,3,2,6,1,4"
9887,Fine-Tuned Model,
9888,Fine-Tuned Model,
9889,Fine-Tuned Model,"2,5,6,1,3,4"
9890,Fine-Tuned Model,"1,6"
9891,Fine-Tuned Model,"6,3,6,4,2,5"
9892,Fine-Tuned Model,
9893,Fine-Tuned Model,
9894,Fine-Tuned Model,"4,2,6,3,5,1"
9895,Fine-Tuned Model,"1,3,2,6,4,5"
9896,Fine-Tuned Model,"1,3,5,4,6,2"
9897,Fine-Tuned Model,
9898,Fine-Tuned Model,
9899,Fine-Tuned Model,"1,3,2,6,1,4"
9900,Fine-Tuned Model,
9901,Fine-Tuned Model,"2,4,1,3,6,5"
9902,Fine-Tuned Model,"4,2,6,3,5,1"
9903,Fine-Tuned Model,
9904,Fine-Tuned Model,"1,4,3,2,6,5"
9905,Fine-Tuned Model,
9906,Fine-Tuned Model,"1,2,3,6,4,3"
9907,Fine-Tuned Model,
9908,Fine-Tuned Model,"3,5,2,6,1,4"
9909,Fine-Tuned Model,"4,2,6,1,5,3"
9910,Fine-Tuned Model,"4,2,3,6,5,1"
9911,Fine-Tuned Model,
9912,Fine-Tuned Model,"4,2,5,3,6,1"
9913,Fine-Tuned Model,"6,1,2,3"
9914,Fine-Tuned Model,
9915,Fine-Tuned Model,
9916,Fine-Tuned Model,"4,2,6,1,5,3"
9917,Fine-Tuned Model,"4,2,6,3,1,5"
9918,Fine-Tuned Model,"1,3,5,2,4,6"
9919,Fine-Tuned Model,"2,5,1,6,3,4"
9920,Fine-Tuned Model,"2,5,3,6,1"
9921,Fine-Tuned Model,"2,6,3,4,2,5"
9922,Fine-Tuned Model,"3,1,6,5,2,4"
9923,Fine-Tuned Model,"3,4,6,2,5,1"
9924,Fine-Tuned Model,"1,2,3,4,5,6"
9925,Fine-Tuned Model,"4,3,5,6,3,2"
9926,Fine-Tuned Model,"1,6,6,1"
9927,Fine-Tuned Model,"3,5,2,6,1,4"
9928,Fine-Tuned Model,"2,5,1,6,4,3"
9929,Fine-Tuned Model,
9930,Fine-Tuned Model,"1,6,2,4,3,5"
9931,Fine-Tuned Model,"4,3,1,2,6,5"
9932,Fine-Tuned Model,"6,3,6,1,2,4"
9933,Fine-Tuned Model,"3,5,1,4,2,6"
9934,Fine-Tuned Model,"3,6,2,5,4,1"
9935,Fine-Tuned Model,"2,5,1,6,3,4"
9936,Fine-Tuned Model,"6,1,6"
9937,Fine-Tuned Model,"1,6,1,6,1,6"
9938,Fine-Tuned Model,"3,6,4,2,5,1"
9939,Fine-Tuned Model,"3,2,6,1,4,5"
9940,Fine-Tuned Model,"1,3,5,2,6,4"
9941,Fine-Tuned Model,"5,2,3"
9942,Fine-Tuned Model,"1,2,3,4,5,6"
9943,Fine-Tuned Model,"3,6,2,5,4,1"
9944,Fine-Tuned Model,"2,4,6,3,2,5"
9945,Fine-Tuned Model,"6,1,6,6"
9946,Fine-Tuned Model,
9947,Fine-Tuned Model,
9948,Fine-Tuned Model,"2,4,1,3,6,5"
9949,Fine-Tuned Model,"1,4,5,2,6,3"
9950,Fine-Tuned Model,"1,2,4,6,2,5"
9951,Fine-Tuned Model,"4,2,6,1,5,3"
9952,Fine-Tuned Model,"6,1,2,5,3,6"
9953,Fine-Tuned Model,"3,2,6,1,5,4"
9954,Fine-Tuned Model,"2,4,6,5,3,1"
9955,Fine-Tuned Model,"1,4,2,3,3,6"
9956,Fine-Tuned Model,"1,3,4,2,6,5"
9957,Fine-Tuned Model,"3,4,2,5,6,1"
9958,Fine-Tuned Model,"3,2,6,5,1,4"
9959,Fine-Tuned Model,"6,1,6,4,1,2"
9960,Fine-Tuned Model,"4,2,6,1,5,3"
9961,Fine-Tuned Model,
9962,Fine-Tuned Model,"1,2,3,4,5,6"
9963,Fine-Tuned Model,"3,4,2,6,5,1"
9964,Fine-Tuned Model,
9965,Fine-Tuned Model,"3,4,2,6,5,1"
9966,Fine-Tuned Model,"4,3,5,2,1,6"
9967,Fine-Tuned Model,"2,5,3,6,1,4"
9968,Fine-Tuned Model,"1,2,5,3,6,2"
9969,Fine-Tuned Model,"4,2,3,1,5,6"
9970,Fine-Tuned Model,
9971,Fine-Tuned Model,"3,4,2,6,5,1"
9972,Fine-Tuned Model,"1,3,5,2,6,4"
9973,Fine-Tuned Model,"1,3,2,6,5,4"
9974,Fine-Tuned Model,
9975,Fine-Tuned Model,"1,2,3,4,5,6"
9976,Fine-Tuned Model,
9977,Fine-Tuned Model,
9978,Fine-Tuned Model,"3,1,6,2,5,4"
9979,Fine-Tuned Model,
9980,Fine-Tuned Model,
9981,Fine-Tuned Model,"3,6,2,5,4,1"
9982,Fine-Tuned Model,"4,2,6,3,5,1"
9983,Fine-Tuned Model,"3,6,2,1,5,4"
9984,Fine-Tuned Model,"1,4,3,6,2,5"
9985,Fine-Tuned Model,"4,2,6,5,1,3"
9986,Fine-Tuned Model,
9987,Fine-Tuned Model,"4,2,6,3,1,5"
9988,Fine-Tuned Model,"4,1,5,3,6"
9989,Fine-Tuned Model,"5,3,2,4,6,1"
9990,Fine-Tuned Model,"4,2,6,3,5,1"
9991,Fine-Tuned Model,"1,6,6"
9992,Fine-Tuned Model,"4,6,3,2,5,1"
9993,Fine-Tuned Model,
9994,Fine-Tuned Model,"5,3,1,6,2,4"
9995,Fine-Tuned Model,"2,6,1,4,3,5"
9996,Fine-Tuned Model,"2,4,3,5,6,1"
9997,Fine-Tuned Model,1
9998,Fine-Tuned Model,"3,6,5,2,4,1"
9999,Fine-Tuned Model,"1,2,3,4,5,6"
10000,Fine-Tuned Model,"5,2,6,3,1,4"
10001,Fine-Tuned Model,"5,3,1,4,6,2"
10002,Fine-Tuned Model,"5,2,3,6,4,1"
10003,Fine-Tuned Model,"1,4,2,6,5,3"
10004,Fine-Tuned Model,"3,6,2,5,1,4"
10005,Fine-Tuned Model,"4,2,5,1,3,6"
10006,Fine-Tuned Model,"3,4,1,2,5,6"
10007,Fine-Tuned Model,
10008,Fine-Tuned Model,
10009,Fine-Tuned Model,"2,4,3,6,2,1"
10010,Fine-Tuned Model,"5,1,3,2,4,6"
10011,Fine-Tuned Model,"2,6,1,3,5,4"
10012,Fine-Tuned Model,"4,6,2,5,3,1"
10013,Fine-Tuned Model,
10014,Fine-Tuned Model,"2,6,4,1,3,5"
10015,Fine-Tuned Model,"1,5,2,6,3,4"
10016,Fine-Tuned Model,"2,5,6,4,2,1"
10017,Fine-Tuned Model,"4,2,6,5,3,1"
10018,Fine-Tuned Model,"3,6,2,5,1,4"
10019,Fine-Tuned Model,
10020,Fine-Tuned Model,"2,4,6,3,5,2"
10021,Fine-Tuned Model,"3,2,6,4,5,1"
10022,Fine-Tuned Model,"2,5,3,6,1,4"
10023,Fine-Tuned Model,"1,5,3,2,6,4"
10024,Fine-Tuned Model,"3,5,1,6,4,2"
10025,Fine-Tuned Model,"4,6,2,3,5,1"
10026,Fine-Tuned Model,"5,2,6,3,1,4"
10027,Fine-Tuned Model,
10028,Fine-Tuned Model,"1,4,5,3,2,6"
10029,Fine-Tuned Model,"4,2,6,5,1,3"
10030,Fine-Tuned Model,"6,1,6"
10031,Fine-Tuned Model,"5,2,4,3,1,6"
10032,Fine-Tuned Model,"1,4,3,6,2,5"
10033,Fine-Tuned Model,
10034,Fine-Tuned Model,"2,5,4,1,3,6"
10035,Fine-Tuned Model,"2,5,3,4,1,6"
10036,Fine-Tuned Model,"6,1,6"
10037,Fine-Tuned Model,"3,5,2,6,4,1"
10038,Fine-Tuned Model,"1,2,3,4,5,6"
10039,Fine-Tuned Model,"2,3,6,5,4,1"
10040,Fine-Tuned Model,"1,5,3,2,4,6"
10041,Fine-Tuned Model,"4,2,6,5,3,1"
10042,Fine-Tuned Model,"1,4,3,5,3,6"
10043,Fine-Tuned Model,"1,1,4,2,6,3"
10044,Fine-Tuned Model,"2,5,3,6,2,1"
10045,Fine-Tuned Model,"2,5,3,6,4,1"
10046,Fine-Tuned Model,"1,6,4,5,3,2"
10047,Fine-Tuned Model,
10048,Fine-Tuned Model,6
10049,Fine-Tuned Model,"2,5,1,6,4,3"
10050,Fine-Tuned Model,"1,2,3,4,5,6"
10051,Fine-Tuned Model,
10052,Fine-Tuned Model,"4,6,3,2,5,1"
10053,Fine-Tuned Model,"3,6,1,4,2,5"
10054,Fine-Tuned Model,"1,6,3,2,5,4"
10055,Fine-Tuned Model,"3,6,2,5,4,1"
10056,Fine-Tuned Model,"2,5,6,4,3,1"
10057,Fine-Tuned Model,"1,3,6,2,5,4"
10058,Fine-Tuned Model,"2,5,4,1,3,6"
10059,Fine-Tuned Model,
10060,Fine-Tuned Model,"2,5,4,1,6,3"
10061,Fine-Tuned Model,"1,2,3,4,5,6"
10062,Fine-Tuned Model,
10063,Fine-Tuned Model,4
10064,Fine-Tuned Model,
10065,Fine-Tuned Model,"5,2,6,1,4,3"
10066,Fine-Tuned Model,"4,6,2,5,3,1"
10067,Fine-Tuned Model,
10068,Fine-Tuned Model,"1,6"
10069,Fine-Tuned Model,
10070,Fine-Tuned Model,
10071,Fine-Tuned Model,"3,5,2,6,1,4"
10072,Fine-Tuned Model,"6,1,6"
10073,Fine-Tuned Model,
10074,Fine-Tuned Model,"1,6,6"
10075,Fine-Tuned Model,"1,3,4,2,5,6"
10076,Fine-Tuned Model,"4,2,6,3,1,5"
10077,Fine-Tuned Model,"2,5,3,1,6,4"
10078,Fine-Tuned Model,"3,5,2,6,1,4"
10079,Fine-Tuned Model,"1,4,6,2,3,5"
10080,Fine-Tuned Model,"3,1,4,2,5,6"
10081,Fine-Tuned Model,"2,6,1,4,3,5"
10082,Fine-Tuned Model,"4,1,3,6,2,5"
10083,Fine-Tuned Model,"3,6,2,4,5,1"
10084,Fine-Tuned Model,"5,2,6,4,3,1"
10085,Fine-Tuned Model,"2,5,1,6,4,3"
10086,Fine-Tuned Model,"1,4,2,6,3,5"
10087,Fine-Tuned Model,"3,1,6,2,5,4"
10088,Fine-Tuned Model,1
10089,Fine-Tuned Model,"3,6,5,4,2,1"
10090,Fine-Tuned Model,"6,1,6,5,2,3"
10091,Fine-Tuned Model,"1,2,3,4,5,6"
10092,Fine-Tuned Model,"2,5,6,3,6,1"
10093,Fine-Tuned Model,
10094,Fine-Tuned Model,"5,2,4,3,1,6"
10095,Fine-Tuned Model,"6,2,5,3,1,4"
10096,Fine-Tuned Model,"5,2,6,1,4,3"
10097,Fine-Tuned Model,
10098,Fine-Tuned Model,
10099,Fine-Tuned Model,"1,5,3,2,4,6"
10100,Fine-Tuned Model,"1,2,3,4,5,6"
10101,Fine-Tuned Model,"1,4,3,2,6,5"
10102,Fine-Tuned Model,
10103,Fine-Tuned Model,"2,5,1,4,3,6"
10104,Fine-Tuned Model,
10105,Fine-Tuned Model,"6,1,6"
10106,Fine-Tuned Model,"1,2,3,4,5,6"
10107,Fine-Tuned Model,"2,5,6,3,1,4"
10108,Fine-Tuned Model,"2,6,4,3,5,1"
10109,Fine-Tuned Model,"5,3,2,6,1,4"
10110,Fine-Tuned Model,
10111,Fine-Tuned Model,"3,4,2,5,1,6"
10112,Fine-Tuned Model,"1,3,5,2,6,4"
10113,Fine-Tuned Model,"1,6"
10114,Fine-Tuned Model,
10115,Fine-Tuned Model,"3,6,2,5,1,4"
10116,Fine-Tuned Model,"4,2,6,5,3,1"
10117,Fine-Tuned Model,"5,3,6,2,5,4"
10118,Fine-Tuned Model,"1,4,2,2,3,6"
10119,Fine-Tuned Model,"2,6,5,3,2,1"
10120,Fine-Tuned Model,"6,1,6"
10121,Fine-Tuned Model,"1,6,5"
10122,Fine-Tuned Model,
10123,Fine-Tuned Model,
10124,Fine-Tuned Model,"4,2,6,5,3,1"
10125,Fine-Tuned Model,
10126,Fine-Tuned Model,"3,6,2,4,1,5"
10127,Fine-Tuned Model,"1,6,6"
10128,Fine-Tuned Model,"5,2,3,6,1,4"
10129,Fine-Tuned Model,"1,1,6,2,1,6"
10130,Fine-Tuned Model,"1,5,2,2,3,4"
10131,Fine-Tuned Model,"6,2"
10132,Fine-Tuned Model,"4,2,3,6,1,5"
10133,Fine-Tuned Model,
10134,Fine-Tuned Model,"1,6,6"
10135,Fine-Tuned Model,"3,6,2,5,4,1"
10136,Fine-Tuned Model,"2,4,3,5,1,6"
10137,Fine-Tuned Model,"1,3,4,6,3,2"
10138,Fine-Tuned Model,
10139,Fine-Tuned Model,"5,3,6,2,6,4"
10140,Fine-Tuned Model,"1,6,3,5,4,2"
10141,Fine-Tuned Model,"4,2,5,6,3,1"
10142,Fine-Tuned Model,
10143,Fine-Tuned Model,"2,6,1,3,4,5"
10144,Fine-Tuned Model,"5,2,6,3,4,1"
10145,Fine-Tuned Model,"1,3,2,6,5,4"
10146,Fine-Tuned Model,
10147,Fine-Tuned Model,"1,4,3,2,6,5"
10148,Fine-Tuned Model,"1,3,6,5,4,2"
10149,Fine-Tuned Model,"4,2,6,3,5,1"
10150,Fine-Tuned Model,"3,6,2,5,1"
10151,Fine-Tuned Model,"5,3,2,6,4,1"
10152,Fine-Tuned Model,
10153,Fine-Tuned Model,
10154,Fine-Tuned Model,"3,6,2,5,4,1"
10155,Fine-Tuned Model,"3,5,2,6,1,4"
10156,Fine-Tuned Model,
10157,Fine-Tuned Model,"1,3,2,4,6,5"
10158,Fine-Tuned Model,"2,5,6,1,3,4"
10159,Fine-Tuned Model,"2,5,3,6,4,1"
10160,Fine-Tuned Model,
10161,Fine-Tuned Model,"3,1,2,6,5,4"
10162,Fine-Tuned Model,
10163,Fine-Tuned Model,
10164,Fine-Tuned Model,"3,1,2,6,4,5"
10165,Fine-Tuned Model,"4,3,6,2,5,1"
10166,Fine-Tuned Model,"1,4,2,5,6,3"
10167,Fine-Tuned Model,"3,2,4,1,5,6"
10168,Fine-Tuned Model,
10169,Fine-Tuned Model,"5,2,6,3,1,4"
10170,Fine-Tuned Model,
10171,Fine-Tuned Model,"3,6,4,2,5,1"
10172,Fine-Tuned Model,"4,2,6,5,3,1"
10173,Fine-Tuned Model,"4,3,6,2,5,1"
10174,Fine-Tuned Model,1
10175,Fine-Tuned Model,"6,1,6,3,5,2"
10176,Fine-Tuned Model,"4,6,2,5,1,3"
10177,Fine-Tuned Model,"4,2,6,5,1,3"
10178,Fine-Tuned Model,
10179,Fine-Tuned Model,"4,2,6,1,3,5"
10180,Fine-Tuned Model,"3,4,5,6,2,6"
10181,Fine-Tuned Model,
10182,Fine-Tuned Model,
10183,Fine-Tuned Model,"3,4,5,2,6,1"
10184,Fine-Tuned Model,"4,2,6,1,5,3"
10185,Fine-Tuned Model,"1,5,2,3,3,6"
10186,Fine-Tuned Model,
10187,Fine-Tuned Model,"4,2,3,6,1,5"
10188,Fine-Tuned Model,"1,2,6,4,3,5"
10189,Fine-Tuned Model,"1,2,3,4,5,6"
10190,Fine-Tuned Model,"1,2,3,4,5,6"
10191,Fine-Tuned Model,
10192,Fine-Tuned Model,"3,6,2,5,1,4"
10193,Fine-Tuned Model,"2,5,1,3,4,6"
10194,Fine-Tuned Model,"4,2,6,3,1,5"
10195,Fine-Tuned Model,"2,5,3,6,4,1"
10196,Fine-Tuned Model,
10197,Fine-Tuned Model,"2,5,6,1,3,6"
10198,Fine-Tuned Model,"1,4,2,6,3,5"
10199,Fine-Tuned Model,
10200,Fine-Tuned Model,"2,5,1,4,6,3"
10201,Fine-Tuned Model,2
10202,Fine-Tuned Model,"1,4,2,3,6,5"
10203,Fine-Tuned Model,"1,2,3,4,5,6"
10204,Fine-Tuned Model,2
10205,Fine-Tuned Model,"1,4,2,5,6,3"
10206,Fine-Tuned Model,"1,3,2,6,4,5"
10207,Fine-Tuned Model,"4,2,6,3,5,1"
10208,Fine-Tuned Model,
10209,Fine-Tuned Model,
10210,Fine-Tuned Model,"3,5,2,1,6,4"
10211,Fine-Tuned Model,"3,5"
10212,Fine-Tuned Model,"4,2,5,3,6,1"
10213,Fine-Tuned Model,
10214,Fine-Tuned Model,"1,6,3,2,4"
10215,Fine-Tuned Model,"3,5,4,2,6,1"
10216,Fine-Tuned Model,"6,1,6"
10217,Fine-Tuned Model,"1,2,3,4,5,6"
10218,Fine-Tuned Model,"1,2,3,4,5,6"
10219,Fine-Tuned Model,"4,2,6,1,5,3"
10220,Fine-Tuned Model,"2,4,6"
10221,Fine-Tuned Model,"2,6,5,3,1,4"
10222,Fine-Tuned Model,"2,4,6,3,5"
10223,Fine-Tuned Model,"2,5,4,3,1,6"
10224,Fine-Tuned Model,"2,6,4,3,5,1"
10225,Fine-Tuned Model,"2,5,3,4,1,6"
10226,Fine-Tuned Model,"1,6,1,4,2,6"
10227,Fine-Tuned Model,"4,4,6,3,1,1"
10228,Fine-Tuned Model,"2,5,4,1,6,3"
10229,Fine-Tuned Model,"3,6,2,4,5,1"
10230,Fine-Tuned Model,"4,2,5,6,3,1"
10231,Fine-Tuned Model,"4,2,5,6,1,3"
10232,Fine-Tuned Model,
10233,Fine-Tuned Model,"1,2,3,2,4,5"
10234,Fine-Tuned Model,"1,2,3,4,5,6"
10235,Fine-Tuned Model,"4,2,6,3,5,1"
10236,Fine-Tuned Model,"5,3,1,6,4,2"
10237,Fine-Tuned Model,"1,2,3,4,5,6"
10238,Fine-Tuned Model,"3,2,5,6,1,4"
10239,Fine-Tuned Model,"4,2,6,1,5,3"
10240,Fine-Tuned Model,"4,1,6,3,2,5"
10241,Fine-Tuned Model,"2,5,4,3,6,2"
10242,Fine-Tuned Model,
10243,Fine-Tuned Model,"2,6,5,1,3,4"
10244,Fine-Tuned Model,6
10245,Fine-Tuned Model,"2,4,6,3,1,5"
10246,Fine-Tuned Model,"4,2,6,3,5,1"
10247,Fine-Tuned Model,"1,2,3,4,5,6"
10248,Fine-Tuned Model,"2,6,1,5,3,4"
10249,Fine-Tuned Model,"3,2,6,5,1,4"
10250,Fine-Tuned Model,"2,4,6,3,2,5"
10251,Fine-Tuned Model,"4,2,6,3,5,1"
10252,Fine-Tuned Model,"2,5,4,1,3,6"
10253,Fine-Tuned Model,"5,2,6,4,1,3"
10254,Fine-Tuned Model,"3,4,2,6,5,1"
10255,Fine-Tuned Model,"6,5,1,3,2,4"
10256,Fine-Tuned Model,"3,6,2,5,1,4"
10257,Fine-Tuned Model,"1,3,4,2,1,6"
10258,Fine-Tuned Model,
10259,Fine-Tuned Model,"5,2,4,1,3,6"
10260,Fine-Tuned Model,
10261,Fine-Tuned Model,
10262,Fine-Tuned Model,"3,6,1,5,2,4"
10263,Fine-Tuned Model,
10264,Fine-Tuned Model,"5,2,6,1,4,3"
10265,Fine-Tuned Model,"6,1,6,1,2"
10266,Fine-Tuned Model,"3,5,1,6,2,4"
10267,Fine-Tuned Model,"3,5,2,4,6,1"
10268,Fine-Tuned Model,
10269,Fine-Tuned Model,"2,5,1,4,3,6"
10270,Fine-Tuned Model,"4,1,2,5,3,6"
10271,Fine-Tuned Model,"4,2,6,3,5,1"
10272,Fine-Tuned Model,"3,4,6,2,5,1"
10273,Fine-Tuned Model,"2,5,6,3,1,4"
10274,Fine-Tuned Model,
10275,Fine-Tuned Model,"2,4,3,6,1,5"
10276,Fine-Tuned Model,"4,6,1,3,2,5"
10277,Fine-Tuned Model,"3,5,2,1,4,6"
10278,Fine-Tuned Model,"4,2,6,3,5,1"
10279,Fine-Tuned Model,"1,4,2,6,5,3"
10280,Fine-Tuned Model,
10281,Fine-Tuned Model,
10282,Fine-Tuned Model,6
10283,Fine-Tuned Model,
10284,Fine-Tuned Model,
10285,Fine-Tuned Model,"3,1,6,4,5,2"
10286,Fine-Tuned Model,"4,2,6,3,1,5"
10287,Fine-Tuned Model,"4,2,6,3,5,1"
10288,Fine-Tuned Model,
10289,Fine-Tuned Model,"1,2,3,4,5,6"
10290,Fine-Tuned Model,
10291,Fine-Tuned Model,"5,3,2,6,1,4"
10292,Fine-Tuned Model,
10293,Fine-Tuned Model,
10294,Fine-Tuned Model,"4,2,6,3,5,1"
10295,Fine-Tuned Model,
10296,Fine-Tuned Model,"5,4,2,6,1,3"
10297,Fine-Tuned Model,"3,6,2,5,1,4"
10298,Fine-Tuned Model,"4,2,3,1,6,5"
10299,Fine-Tuned Model,"1,6,1,2,3,4"
10300,Fine-Tuned Model,"1,4,2,2,3,6"
10301,Fine-Tuned Model,"3,6,1,5,2,4"
10302,Fine-Tuned Model,"3,2,6,5,1,4"
10303,Fine-Tuned Model,"5,2,6,3,1,4"
10304,Fine-Tuned Model,
10305,Fine-Tuned Model,"1,4,2,6,5,3"
10306,Fine-Tuned Model,"1,4,3,6,5,2"
10307,Fine-Tuned Model,"2,5,4,1,3,6"
10308,Fine-Tuned Model,"1,6,3,4,6,5"
10309,Fine-Tuned Model,6
10310,Fine-Tuned Model,
10311,Fine-Tuned Model,"3,2,6,5,1,4"
10312,Fine-Tuned Model,"1,3,2,6,5,4"
10313,Fine-Tuned Model,"5,2,6,3,1,4"
10314,Fine-Tuned Model,"6,6"
10315,Fine-Tuned Model,6
10316,Fine-Tuned Model,
10317,Fine-Tuned Model,"3,2,6,5,4,1"
10318,Fine-Tuned Model,
10319,Fine-Tuned Model,"3,2,6,5,4,1"
10320,Fine-Tuned Model,"3,5,2,6,1,4"
10321,Fine-Tuned Model,
10322,Fine-Tuned Model,"1,5,2,4,6,3"
10323,Fine-Tuned Model,
10324,Fine-Tuned Model,
10325,Fine-Tuned Model,"6,1,6,2,6,3"
10326,Fine-Tuned Model,"3,2,6,5,1,4"
10327,Fine-Tuned Model,"4,2,6,3,5,1"
10328,Fine-Tuned Model,
10329,Fine-Tuned Model,"2,4,6,1,3,5"
10330,Fine-Tuned Model,"4,2,5,6,3,1"
10331,Fine-Tuned Model,"4,2,3,5,6,1"
10332,Fine-Tuned Model,
10333,Fine-Tuned Model,"3,6,4,2,5,1"
10334,Fine-Tuned Model,"1,2,5,4,2,6"
10335,Fine-Tuned Model,"3,6,1,4,2,5"
10336,Fine-Tuned Model,"4,3,5,2,1,6"
10337,Fine-Tuned Model,"1,3,2,6,4,5"
10338,Fine-Tuned Model,"4,2,5,6,1,3"
10339,Fine-Tuned Model,"6,1,6,6,6"
10340,Fine-Tuned Model,"6,3,2,6,1,5"
10341,Fine-Tuned Model,"3,2,5,4,1,6"
10342,Fine-Tuned Model,1
10343,Fine-Tuned Model,"4,2,6,1,5,3"
10344,Fine-Tuned Model,
10345,Fine-Tuned Model,"2,5,4,3,6,1"
10346,Fine-Tuned Model,"3,4,2,1,6,5"
10347,Fine-Tuned Model,"1,2,4,2,1,3"
10348,Fine-Tuned Model,
10349,Fine-Tuned Model,"3,1,5,6,2,4"
10350,Fine-Tuned Model,"3,2,6,5,4,1"
10351,Fine-Tuned Model,"1,4,2,3,5,6"
10352,Fine-Tuned Model,"3,2,6,1,4,5"
10353,Fine-Tuned Model,"4,6,2,5,3,1"
10354,Fine-Tuned Model,
10355,Fine-Tuned Model,"1,3,6,2,5,4"
10356,Fine-Tuned Model,
10357,Fine-Tuned Model,"5,3,2,4,6,1"
10358,Fine-Tuned Model,
10359,Fine-Tuned Model,"6,6"
10360,Fine-Tuned Model,"2,5,4,3,6,1"
10361,Fine-Tuned Model,"3,2,6,5,4,1"
10362,Fine-Tuned Model,"2,4,1,6,3,5"
10363,Fine-Tuned Model,"5,3,1,4,2,6"
10364,Fine-Tuned Model,"1,1,6,2,1,6"
10365,Fine-Tuned Model,"4,2,6,1,5,3"
10366,Fine-Tuned Model,"2,6,4,1,3,5"
10367,Fine-Tuned Model,
10368,Fine-Tuned Model,
10369,Fine-Tuned Model,
10370,Fine-Tuned Model,"1,2,4,5,3,6"
10371,Fine-Tuned Model,"1,6,3,4,5,2"
10372,Fine-Tuned Model,"2,5,3,1,4,6"
10373,Fine-Tuned Model,
10374,Fine-Tuned Model,
10375,Fine-Tuned Model,"3,5,2,1,6,4"
10376,Fine-Tuned Model,"4,6,2,1,5,3"
10377,Fine-Tuned Model,"1,1,2,3,2,1"
10378,Fine-Tuned Model,"4,2,6,3,5,1"
10379,Fine-Tuned Model,"3,2,6,4,5,1"
10380,Fine-Tuned Model,"1,3,6,2,4,5"
10381,Fine-Tuned Model,
10382,Fine-Tuned Model,"3,2,6,5,1,4"
10383,Fine-Tuned Model,
10384,Fine-Tuned Model,
10385,Fine-Tuned Model,"1,4,2,3,5,6"
10386,Fine-Tuned Model,"3,4,5,1,6,2"
10387,Fine-Tuned Model,"2,5,1,6,4,3"
10388,Fine-Tuned Model,"1,3,2,6,5,4"
10389,Fine-Tuned Model,"3,2,5,6,3,4"
10390,Fine-Tuned Model,
10391,Fine-Tuned Model,"2,5,6,3,1,4"
10392,Fine-Tuned Model,
10393,Fine-Tuned Model,"3,2,6,1,4,5"
10394,Fine-Tuned Model,"3,1,6,5,4,2"
10395,Fine-Tuned Model,"4,2,6,1,5,3"
10396,Fine-Tuned Model,"2,5,3,6,1,4"
10397,Fine-Tuned Model,"4,3,6,1,5,2"
10398,Fine-Tuned Model,
10399,Fine-Tuned Model,"1,3,5,2,6,4"
10400,Fine-Tuned Model,1
10401,Fine-Tuned Model,
10402,Fine-Tuned Model,"4,2,6,3,5,1"
10403,Fine-Tuned Model,"3,6,1,5,4,2"
10404,Fine-Tuned Model,"3,6,2,5,4,1"
10405,Fine-Tuned Model,6
10406,Fine-Tuned Model,"2,5,3,6,4,2"
10407,Fine-Tuned Model,"5,2,6,3,1,4"
10408,Fine-Tuned Model,"4,2,5,3,6,1"
10409,Fine-Tuned Model,"1,2,3,4,5"
10410,Fine-Tuned Model,
10411,Fine-Tuned Model,"1,3,2,6,4,5"
10412,Fine-Tuned Model,
10413,Fine-Tuned Model,"2,4,3,5,1,6"
10414,Fine-Tuned Model,
10415,Fine-Tuned Model,
10416,Fine-Tuned Model,"5,2,3,1,6,4"
10417,Fine-Tuned Model,"2,5,3,6,2,4"
10418,Fine-Tuned Model,
10419,Fine-Tuned Model,"4,3,5,2,1,6"
10420,Fine-Tuned Model,"4,3"
10421,Fine-Tuned Model,"2,5,6,1,3"
10422,Fine-Tuned Model,"1,2,3,4,5,6"
10423,Fine-Tuned Model,"1,3,4,2,6,5"
10424,Fine-Tuned Model,
10425,Fine-Tuned Model,"1,6,1,6,2"
10426,Fine-Tuned Model,"3,1,6,2,4,5"
10427,Fine-Tuned Model,
10428,Fine-Tuned Model,"4,2,5,3,6,1"
10429,Fine-Tuned Model,"3,6,2,5,4,1"
10430,Fine-Tuned Model,"4,2,6,3,5,1"
10431,Fine-Tuned Model,"5,2,6,3,1,4"
10432,Fine-Tuned Model,"1,2,6,3,1,4"
10433,Fine-Tuned Model,"1,1,6"
10434,Fine-Tuned Model,"4,2,6,1,3,5"
10435,Fine-Tuned Model,"4,2,5,1,6,3"
10436,Fine-Tuned Model,"3,5,2,1,6,4"
10437,Fine-Tuned Model,"1,2,3,4,5,6"
10438,Fine-Tuned Model,"4,2,3,5,6,1"
10439,Fine-Tuned Model,
10440,Fine-Tuned Model,
10441,Fine-Tuned Model,"4,2,5,6,1,3"
10442,Fine-Tuned Model,"2,5,1,4,6,3"
10443,Fine-Tuned Model,"3,2,6,5"
10444,Fine-Tuned Model,"4,2,6,3,1,5"
10445,Fine-Tuned Model,"1,6,1,6,1,6"
10446,Fine-Tuned Model,"1,6,1,6,1,6"
10447,Fine-Tuned Model,"4,2,6,3,5,1"
10448,Fine-Tuned Model,
10449,Fine-Tuned Model,"2,4,1,3,6,5"
10450,Fine-Tuned Model,"1,3,4,5,2,6"
10451,Fine-Tuned Model,"1,2,3,4,5,6"
10452,Fine-Tuned Model,
10453,Fine-Tuned Model,"3,5,6,1,4,2"
10454,Fine-Tuned Model,"5,1,6,3,4,2"
10455,Fine-Tuned Model,"1,4,3,6,5,2"
10456,Fine-Tuned Model,"4,2,6,3,1,5"
10457,Fine-Tuned Model,"3,6,5,4,2,1"
10458,Fine-Tuned Model,"2,5,1,3,6,4"
10459,Fine-Tuned Model,"5,2,4,6,1,3"
10460,Fine-Tuned Model,
10461,Fine-Tuned Model,"1,4,3,6,2,5"
10462,Fine-Tuned Model,
10463,Fine-Tuned Model,"1,4,3,6,5,2"
10464,Fine-Tuned Model,"5,2,4,1,3,6"
10465,Fine-Tuned Model,"2,4,5,6,1,3"
10466,Fine-Tuned Model,"4,2,5,6,1,3"
10467,Fine-Tuned Model,"3,6,2,5,1,4"
10468,Fine-Tuned Model,"4,2,5,1,6,3"
10469,Fine-Tuned Model,"6,1,6"
10470,Fine-Tuned Model,"1,3,2,6,4,5"
10471,Fine-Tuned Model,"4,2,5,3,6,1"
10472,Fine-Tuned Model,"2,6,1,5,3,4"
10473,Fine-Tuned Model,"3,4,2,6,5,3"
10474,Fine-Tuned Model,"1,2,3,4,5,6"
10475,Fine-Tuned Model,"3,6,2,5,1,4"
10476,Fine-Tuned Model,"4,2,6,3,5,1"
10477,Fine-Tuned Model,"1,6,1,6,1,6"
10478,Fine-Tuned Model,"5,3"
10479,Fine-Tuned Model,"2,6,1,3,5,4"
10480,Fine-Tuned Model,"1,6,6"
10481,Fine-Tuned Model,"4,2,5,6,1,3"
10482,Fine-Tuned Model,"1,2,3,4,5,6"
10483,Fine-Tuned Model,"4,2,6,3,1,5"
10484,Fine-Tuned Model,"4,2,6,3,1,5"
10485,Fine-Tuned Model,"1,3,6,2,5,4"
10486,Fine-Tuned Model,"4,2,6,3,5,1"
10487,Fine-Tuned Model,"1,6,4,2,6,5"
10488,Fine-Tuned Model,
10489,Fine-Tuned Model,"2,5,6,4,2,6"
10490,Fine-Tuned Model,"1,2,4,3,6,5"
10491,Fine-Tuned Model,
10492,Fine-Tuned Model,"5,2,6,3,4,1"
10493,Fine-Tuned Model,"4,2,6,1,3,5"
10494,Fine-Tuned Model,"1,2,3,4,5,6"
10495,Fine-Tuned Model,"5,3,1,6,2,4"
10496,Fine-Tuned Model,"3,6,2,5,1,4"
10497,Fine-Tuned Model,"3,2,5,1,4,6"
10498,Fine-Tuned Model,"3,6,2,5,4,1"
10499,Fine-Tuned Model,"6,6"
10500,Fine-Tuned Model,"4,5,2,6,1,3"
10501,Fine-Tuned Model,"5,2,6,3,1,4"
10502,Fine-Tuned Model,"3,2,6,5,4,1"
10503,Fine-Tuned Model,
10504,Fine-Tuned Model,
10505,Fine-Tuned Model,"3,2,5,1,6,4"
10506,Fine-Tuned Model,
10507,Fine-Tuned Model,6
10508,Fine-Tuned Model,"4,6,1,2,5,3"
10509,Fine-Tuned Model,"5,2,3,6,1,4"
10510,Fine-Tuned Model,"5,2,6,4,3,1"
10511,Fine-Tuned Model,
10512,Fine-Tuned Model,"5,2,6,1,3,4"
10513,Fine-Tuned Model,"4,3,6,2,5,1"
10514,Fine-Tuned Model,"1,2,6"
10515,Fine-Tuned Model,"4,2,5,6,3,1"
10516,Fine-Tuned Model,"6,1,6"
10517,Fine-Tuned Model,
10518,Fine-Tuned Model,"4,2,3,1,6,5"
10519,Fine-Tuned Model,"2,4,1,3,6,5"
10520,Fine-Tuned Model,"3,5,1,6,4,2"
10521,Fine-Tuned Model,"6,4,2,5,3,1"
10522,Fine-Tuned Model,"4,2,6,5,1,3"
10523,Fine-Tuned Model,"2,4,6,1,3,5"
10524,Fine-Tuned Model,"1,4,2,3,6,5"
10525,Fine-Tuned Model,"2,5,4,3,6,1"
10526,Fine-Tuned Model,"1,3,5,2,6,4"
10527,Fine-Tuned Model,"1,3,5,2,6,4"
10528,Fine-Tuned Model,"3,5,1,4,2,6"
10529,Fine-Tuned Model,"5,3,2,1,6,4"
10530,Fine-Tuned Model,
10531,Fine-Tuned Model,"3,6,5,1,4,2"
10532,Fine-Tuned Model,"4,3,5,6,2,1"
10533,Fine-Tuned Model,"3,5,2,6,1,4"
10534,Fine-Tuned Model,"3,6,2,5,1,4"
10535,Fine-Tuned Model,"1,2,5,6,3,4"
10536,Fine-Tuned Model,"1,3,5,6,1,2"
10537,Fine-Tuned Model,"3,6,2,5,1,4"
10538,Fine-Tuned Model,"2,6,1,4,5,3"
10539,Fine-Tuned Model,"2,5,1,6,4,3"
10540,Fine-Tuned Model,
10541,Fine-Tuned Model,
10542,Fine-Tuned Model,"6,3,1,6,5,2"
10543,Fine-Tuned Model,"1,4,6,2,5,3"
10544,Fine-Tuned Model,"5,3,2,6,4,1"
10545,Fine-Tuned Model,"6,3,2,4,5,1"
10546,Fine-Tuned Model,"1,2,3,4,5,6"
10547,Fine-Tuned Model,"3,6,2,5,4,1"
10548,Fine-Tuned Model,"3,4,6,1,5,2"
10549,Fine-Tuned Model,"1,3,5,2,4,6"
10550,Fine-Tuned Model,"5,2,4,3,6"
10551,Fine-Tuned Model,"2,4,6,1,5,3"
10552,Fine-Tuned Model,"3,6,1,5,2,4"
10553,Fine-Tuned Model,"1,4,3,5,2,6"
10554,Fine-Tuned Model,"3,6,2,5,4,1"
10555,Fine-Tuned Model,"4,2,6,5,3,1"
10556,Fine-Tuned Model,"2,6,4,5,1,3"
10557,Fine-Tuned Model,
10558,Fine-Tuned Model,
10559,Fine-Tuned Model,"2,3,5,4,6,1"
10560,Fine-Tuned Model,"2,4,6,3,5,2"
10561,Fine-Tuned Model,"6,1,6"
10562,Fine-Tuned Model,
10563,Fine-Tuned Model,
10564,Fine-Tuned Model,
10565,Fine-Tuned Model,"3,1,6,5,4,2"
10566,Fine-Tuned Model,"3,1,6,5,2,4"
10567,Fine-Tuned Model,
10568,Fine-Tuned Model,"3,1,5,2,4,6"
10569,Fine-Tuned Model,"1,4,2,6,5,3"
10570,Fine-Tuned Model,"4,3,1,6,2,5"
10571,Fine-Tuned Model,"1,3,6,2,5,4"
10572,Fine-Tuned Model,"3,5,2,4,1,6"
10573,Fine-Tuned Model,"2,5,4,6,1,3"
10574,Fine-Tuned Model,"2,6,5,3,4,1"
10575,Fine-Tuned Model,"5,3,6,2,4,1"
10576,Fine-Tuned Model,"1,6,2,3,5,4"
10577,Fine-Tuned Model,"4,2,6,5,1,3"
10578,Fine-Tuned Model,"5,2,6,3,1,4"
10579,Fine-Tuned Model,"5,2,6,4,1,3"
10580,Fine-Tuned Model,"2,5,4,3,1,6"
10581,Fine-Tuned Model,"4,2,6,3,5,1"
10582,Fine-Tuned Model,"1,4,5,3,6,2"
10583,Fine-Tuned Model,"3,2,6,4,1,5"
10584,Fine-Tuned Model,1
10585,Fine-Tuned Model,"1,2,3,4,5,6"
10586,Fine-Tuned Model,"1,3,2,6,5,4"
10587,Fine-Tuned Model,"1,4,5,3,2,6"
10588,Fine-Tuned Model,"1,3,6,4,2,5"
10589,Fine-Tuned Model,"5,2,6,1,4,3"
10590,Fine-Tuned Model,"4,6,3,2,5,1"
10591,Fine-Tuned Model,
10592,Fine-Tuned Model,"4,2,6,5,3"
10593,Fine-Tuned Model,"5,2,6,3,1,4"
10594,Fine-Tuned Model,"2,6,4,3,5,1"
10595,Fine-Tuned Model,"2,4,3,6,1,5"
10596,Fine-Tuned Model,"3,4,5,2,6,1"
10597,Fine-Tuned Model,"2,5,6,3,1,4"
10598,Fine-Tuned Model,
10599,Fine-Tuned Model,"1,6"
10600,Fine-Tuned Model,"4,3,6,2,5,1"
10601,Fine-Tuned Model,
10602,Fine-Tuned Model,"4,2,6,5,1,3"
10603,Fine-Tuned Model,
10604,Fine-Tuned Model,
10605,Fine-Tuned Model,
10606,Fine-Tuned Model,"3,5,1,2,6,4"
10607,Fine-Tuned Model,"2,3,6,1,5,4"
10608,Fine-Tuned Model,
10609,Fine-Tuned Model,"6,1,6"
10610,Fine-Tuned Model,"1,4,3,2,5,6"
10611,Fine-Tuned Model,
10612,Fine-Tuned Model,"3,4,2,5,6,1"
10613,Fine-Tuned Model,2
10614,Fine-Tuned Model,"4,3,6,5,2,1"
10615,Fine-Tuned Model,"2,5,3,6,1,4"
10616,Fine-Tuned Model,"3,1,5,3,6,2"
10617,Fine-Tuned Model,"4,2,6,3,5,1"
10618,Fine-Tuned Model,"3,4,2,6,5,1"
10619,Fine-Tuned Model,
10620,Fine-Tuned Model,"5,3,2,6,1,4"
10621,Fine-Tuned Model,"3,5,2,6,1,4"
10622,Fine-Tuned Model,"1,2,3,4,5,6"
10623,Fine-Tuned Model,"4,6,3,2,5,1"
10624,Fine-Tuned Model,"3,4,2,1,5,6"
10625,Fine-Tuned Model,"1,3,2,4,6,5"
10626,Fine-Tuned Model,"2,6,3,4,1,5"
10627,Fine-Tuned Model,"4,2,5,3,6,1"
10628,Fine-Tuned Model,"4,2,6,3,5,1"
10629,Fine-Tuned Model,"4,3,6,2,5,1"
10630,Fine-Tuned Model,"1,2,3,6,4,5"
10631,Fine-Tuned Model,"3,6,2,5,1,4"
10632,Fine-Tuned Model,"5,2,6,1,3,4"
10633,Fine-Tuned Model,"2,3,4,5,1"
10634,Fine-Tuned Model,"2,6,1,5,3,4"
10635,Fine-Tuned Model,"3,6,2,5,1,4"
10636,Fine-Tuned Model,"6,1,6"
10637,Fine-Tuned Model,"4,2,6,3,5,1"
10638,Fine-Tuned Model,
10639,Fine-Tuned Model,"4,2,5,6,1,3"
10640,Fine-Tuned Model,"4,6,1,2,5,3"
10641,Fine-Tuned Model,"2,4,3,6,5,1"
10642,Fine-Tuned Model,"2,4,6,5,3,2"
10643,Fine-Tuned Model,
10644,Fine-Tuned Model,"3,6,2,5,1,4"
10645,Fine-Tuned Model,"3,2,2,3,2,2"
10646,Fine-Tuned Model,"1,1,6,6"
10647,Fine-Tuned Model,
10648,Fine-Tuned Model,"4,2,6,3,5,1"
10649,Fine-Tuned Model,
10650,Fine-Tuned Model,"1,6,1,6,1,6"
10651,Fine-Tuned Model,"1,6"
10652,Fine-Tuned Model,
10653,Fine-Tuned Model,"3,2,4,6,1,5"
10654,Fine-Tuned Model,"4,3,6,2,5,1"
10655,Fine-Tuned Model,"1,5,2,6,4,3"
10656,Fine-Tuned Model,
10657,Fine-Tuned Model,"2,4,6,1,3,5"
10658,Fine-Tuned Model,
10659,Fine-Tuned Model,
10660,Fine-Tuned Model,"5,3,2,6,1,4"
10661,Fine-Tuned Model,"2,6,4,3,5,1"
10662,Fine-Tuned Model,"2,3,4,5,6,1"
10663,Fine-Tuned Model,"2,5,3"
10664,Fine-Tuned Model,6
10665,Fine-Tuned Model,"3,4,2,6,5,1"
10666,Fine-Tuned Model,
10667,Fine-Tuned Model,
10668,Fine-Tuned Model,"6,1,6,3,6,2"
10669,Fine-Tuned Model,"4,2,5,1,3,6"
10670,Fine-Tuned Model,"2,5,1,3,4,6"
10671,Fine-Tuned Model,"4,2,6,1,5,3"
10672,Fine-Tuned Model,
10673,Fine-Tuned Model,"4,2,6,3,5,1"
10674,Fine-Tuned Model,"4,2,5,3,1,6"
10675,Fine-Tuned Model,"5,2,6,1,4,3"
10676,Fine-Tuned Model,"3,2,6,5,4,1"
10677,Fine-Tuned Model,"5,1,2,6,3,4"
10678,Fine-Tuned Model,"3,5,2,6,4,1"
10679,Fine-Tuned Model,
10680,Fine-Tuned Model,"5,3,2,6,1,4"
10681,Fine-Tuned Model,"2,5,6,3,1,4"
10682,Fine-Tuned Model,"3,5,2,6,4,1"
10683,Fine-Tuned Model,"5,2,6,3,1,4"
10684,Fine-Tuned Model,
10685,Fine-Tuned Model,"2,5,3,6,2,4"
10686,Fine-Tuned Model,"3,6,2,5,1,4"
10687,Fine-Tuned Model,"1,2,6,3,5,4"
10688,Fine-Tuned Model,
10689,Fine-Tuned Model,"2,4,3,6,1"
10690,Fine-Tuned Model,"2,5,1,6,4,3"
10691,Fine-Tuned Model,"4,1,6,2,3,5"
10692,Fine-Tuned Model,
10693,Fine-Tuned Model,"5,5,1,6"
10694,Fine-Tuned Model,"1,3,2,6,5,4"
10695,Fine-Tuned Model,
10696,Fine-Tuned Model,
10697,Fine-Tuned Model,"3,2,6,1,5,4"
10698,Fine-Tuned Model,"6,2,2,4,5,1"
10699,Fine-Tuned Model,"1,6,6"
10700,Fine-Tuned Model,"4,1,5,3,2,6"
10701,Fine-Tuned Model,"3,4,1,5,2,6"
10702,Fine-Tuned Model,"3,5,2,6,4,1"
10703,Fine-Tuned Model,"4,2,5,1,3,6"
10704,Fine-Tuned Model,"2,5,6,1,3,4"
10705,Fine-Tuned Model,"4,3,5,6,2,1"
10706,Fine-Tuned Model,"1,6,6"
10707,Fine-Tuned Model,"4,3,5,2"
10708,Fine-Tuned Model,"2,5,6,3,1,4"
10709,Fine-Tuned Model,"6,4,1"
10710,Fine-Tuned Model,"3,5,2,6,4,1"
10711,Fine-Tuned Model,
10712,Fine-Tuned Model,
10713,Fine-Tuned Model,"4,2,6,3,5,1"
10714,Fine-Tuned Model,"2,6,3,5,1"
10715,Fine-Tuned Model,"1,2,4,3,5,6"
10716,Fine-Tuned Model,
10717,Fine-Tuned Model,"3,6,2,5,4,1"
10718,Fine-Tuned Model,"1,2,3,4,5,6"
10719,Fine-Tuned Model,"4,2,5,6,3,1"
10720,Fine-Tuned Model,"2,5,1,6,3,2"
10721,Fine-Tuned Model,"5,2,4,6,3,1"
10722,Fine-Tuned Model,5
10723,Fine-Tuned Model,"5,3,2,6,1,4"
10724,Fine-Tuned Model,"3,6,2,5,4,1"
10725,Fine-Tuned Model,"1,3,2,6,5,4"
10726,Fine-Tuned Model,"5,2,6,3,4,1"
10727,Fine-Tuned Model,"3,2,6,5,4,1"
10728,Fine-Tuned Model,"3,4,2,5,1,6"
10729,Fine-Tuned Model,
10730,Fine-Tuned Model,"2,4,6,3,5,1"
10731,Fine-Tuned Model,"3,6,1,5,2,4"
10732,Fine-Tuned Model,"2,5,1,4,6,3"
10733,Fine-Tuned Model,
10734,Fine-Tuned Model,"4,2,6,5,1,3"
10735,Fine-Tuned Model,"3,6,2,5,1,4"
10736,Fine-Tuned Model,
10737,Fine-Tuned Model,"3,6,4,2,5,1"
10738,Fine-Tuned Model,"4,2,6,5,3,1"
10739,Fine-Tuned Model,"1,6,2,3,4,6"
10740,Fine-Tuned Model,"2,3,5,1,3,6"
10741,Fine-Tuned Model,3
10742,Fine-Tuned Model,"3,2,4,6,5,1"
10743,Fine-Tuned Model,"2,5,1,3,4,6"
10744,Fine-Tuned Model,
10745,Fine-Tuned Model,"5,2,6,1,3,4"
10746,Fine-Tuned Model,"5,2,6,4,1,3"
10747,Fine-Tuned Model,"4,2,6,3,5,1"
10748,Fine-Tuned Model,"1,2,2,5,3,3"
10749,Fine-Tuned Model,"5,3,1,4,2,6"
10750,Fine-Tuned Model,"3,5,2,1,6,4"
10751,Fine-Tuned Model,"1,2,4,3,5,6"
10752,Fine-Tuned Model,"4,2,6,5,1,3"
10753,Fine-Tuned Model,"4,6,3,2,5,1"
10754,Fine-Tuned Model,"1,6,1,6"
10755,Fine-Tuned Model,"3,5,2,1,4,6"
10756,Fine-Tuned Model,"3,2,6,5,1,4"
10757,Fine-Tuned Model,
10758,Fine-Tuned Model,
10759,Fine-Tuned Model,
10760,Fine-Tuned Model,"5,3,2,4,5,1"
10761,Fine-Tuned Model,"3,1,2,4,6,5"
10762,Fine-Tuned Model,"1,3,2,6,3,5"
10763,Fine-Tuned Model,
10764,Fine-Tuned Model,"4,3,2,5,1,6"
10765,Fine-Tuned Model,
10766,Fine-Tuned Model,"4,2,6,3,5,1"
10767,Fine-Tuned Model,"2,5,4,1,6,3"
10768,Fine-Tuned Model,"3,2,6,5,1,4"
10769,Fine-Tuned Model,"1,2,3,4,5,6"
10770,Fine-Tuned Model,"4,6,2,3,5,1"
10771,Fine-Tuned Model,"4,6"
10772,Fine-Tuned Model,"3,6,2,5,4,1"
10773,Fine-Tuned Model,
10774,Fine-Tuned Model,1
10775,Fine-Tuned Model,"1,3,2,5,4,6"
10776,Fine-Tuned Model,"6,1,6,6,1,6"
10777,Fine-Tuned Model,"4,6,5,3,2,1"
10778,Fine-Tuned Model,"3,2,6,5,4,1"
10779,Fine-Tuned Model,
10780,Fine-Tuned Model,"4,3,2,6,5,1"
10781,Fine-Tuned Model,
10782,Fine-Tuned Model,"5,4,2,6,3"
10783,Fine-Tuned Model,"1,3,6,2,4,5"
10784,Fine-Tuned Model,"6,3,2,4,1,5"
10785,Fine-Tuned Model,"4,6,1,3,5,2"
10786,Fine-Tuned Model,"5,2,6,3,1,4"
10787,Fine-Tuned Model,
10788,Fine-Tuned Model,"1,4,3,2,6,5"
10789,Fine-Tuned Model,"4,2,3,6,1,5"
10790,Fine-Tuned Model,"3,2,5,1,6,4"
10791,Fine-Tuned Model,"1,4,6,3,5,2"
10792,Fine-Tuned Model,"4,1,6,3,2,5"
10793,Fine-Tuned Model,"1,2,3,6,2,5"
10794,Fine-Tuned Model,"4,2,6,3,5,1"
10795,Fine-Tuned Model,"2,5,3,6,1,4"
10796,Fine-Tuned Model,"2,5,3,4,1,6"
10797,Fine-Tuned Model,"1,3,5,2,6,4"
10798,Fine-Tuned Model,"3,5,1,4,2,6"
10799,Fine-Tuned Model,"4,6,2,3,5,1"
10800,Fine-Tuned Model,"2,5,3,1,6,4"
10801,Fine-Tuned Model,
10802,Fine-Tuned Model,"3,2,6,1,5,4"
10803,Fine-Tuned Model,
10804,Fine-Tuned Model,
10805,Fine-Tuned Model,"1,2,4,1,5,3"
10806,Fine-Tuned Model,"4,2,6,1,5,3"
10807,Fine-Tuned Model,"1,3,5,2,4,6"
10808,Fine-Tuned Model,"1,5,2,6,4,3"
10809,Fine-Tuned Model,"1,1,2,2,3,3"
10810,Fine-Tuned Model,"2,6,3,1,4,5"
10811,Fine-Tuned Model,
10812,Fine-Tuned Model,"6,1,6"
10813,Fine-Tuned Model,
10814,Fine-Tuned Model,"5,2,4,6,1,3"
10815,Fine-Tuned Model,"3,5,2,4,1,6"
10816,Fine-Tuned Model,"3,2,6,1,5,4"
10817,Fine-Tuned Model,"2,2"
10818,Fine-Tuned Model,"1,4,2,6,5,3"
10819,Fine-Tuned Model,"5,3,1,6,4,2"
10820,Fine-Tuned Model,"4,2,5,6,3,1"
10821,Fine-Tuned Model,"1,2,4,3,6,5"
10822,Fine-Tuned Model,"3,2,6,5,1,4"
10823,Fine-Tuned Model,"1,2,3,4,5,6"
10824,Fine-Tuned Model,"3,6,1,4,2,5"
10825,Fine-Tuned Model,"3,5,1,6,2,4"
10826,Fine-Tuned Model,"3,2,4,5,1,6"
10827,Fine-Tuned Model,"6,1,6,6,1,6"
10828,Fine-Tuned Model,"3,5,2,6,1,4"
10829,Fine-Tuned Model,"1,5,4,2,6,3"
10830,Fine-Tuned Model,"3,5,2,6,4,1"
10831,Fine-Tuned Model,"3,4,2,6,5,1"
10832,Fine-Tuned Model,"1,2,5,2,6,3"
10833,Fine-Tuned Model,"4,2,6,5,3,1"
10834,Fine-Tuned Model,"3,2,6,4,1,5"
10835,Fine-Tuned Model,"1,4,2,5,3,6"
10836,Fine-Tuned Model,"1,3,4,6,2,5"
10837,Fine-Tuned Model,"3,6,2,5,4,1"
10838,Fine-Tuned Model,
10839,Fine-Tuned Model,"3,5,2,6,1,4"
10840,Fine-Tuned Model,
10841,Fine-Tuned Model,"2,5,3,1,6,4"
10842,Fine-Tuned Model,"1,1,1,6,1,1"
10843,Fine-Tuned Model,"4,3,2,6,5,1"
10844,Fine-Tuned Model,"4,6,2,5,3,1"
10845,Fine-Tuned Model,"4,2,3,6,1,5"
10846,Fine-Tuned Model,
10847,Fine-Tuned Model,1
10848,Fine-Tuned Model,"1,4,2,6,3,5"
10849,Fine-Tuned Model,"5,3,2,6,5,1"
10850,Fine-Tuned Model,"4,2,6,3,1,5"
10851,Fine-Tuned Model,"1,6,1,6,1,6"
10852,Fine-Tuned Model,"4,2,6,3,5,1"
10853,Fine-Tuned Model,"1,4,2,5,3,6"
10854,Fine-Tuned Model,"2,5,4,3,1,6"
10855,Fine-Tuned Model,"3,6,5,1,4,2"
10856,Fine-Tuned Model,"3,1,6,2,5,4"
10857,Fine-Tuned Model,"1,4,2,6,3,5"
10858,Fine-Tuned Model,
10859,Fine-Tuned Model,"1,2,4,3,5,6"
10860,Fine-Tuned Model,"6,1,6,1,6,6"
10861,Fine-Tuned Model,"2,6,4,5,1,3"
10862,Fine-Tuned Model,"1,2,3"
10863,Fine-Tuned Model,"1,2,3,4,5,6"
10864,Fine-Tuned Model,"1,6,6,1,6,1"
10865,Fine-Tuned Model,"4,3,6,2,5,1"
10866,Fine-Tuned Model,
10867,Fine-Tuned Model,"6,1,6"
10868,Fine-Tuned Model,"5,3,6,1,4,2"
10869,Fine-Tuned Model,"1,4,2,6,3,5"
10870,Fine-Tuned Model,"1,2"
10871,Fine-Tuned Model,"2,5,3,6,4,5"
10872,Fine-Tuned Model,"2,4,1,3,5,2"
10873,Fine-Tuned Model,
10874,Fine-Tuned Model,
10875,Fine-Tuned Model,"4,6,3,1,5,2"
10876,Fine-Tuned Model,
10877,Fine-Tuned Model,"4,6,2,5,1,3"
10878,Fine-Tuned Model,"1,4,6,2,3,5"
10879,Fine-Tuned Model,"6,1,6,2,5,3"
10880,Fine-Tuned Model,"4,2,6,3,1"
10881,Fine-Tuned Model,"1,3,2,6,3,2"
10882,Fine-Tuned Model,
10883,Fine-Tuned Model,"4,3,6,1,2,5"
10884,Fine-Tuned Model,"2,6,1,5,3,4"
10885,Fine-Tuned Model,"1,2,3,4,5,6"
10886,Fine-Tuned Model,
10887,Fine-Tuned Model,
10888,Fine-Tuned Model,"4,2,5,3,6,1"
10889,Fine-Tuned Model,"5,2,6,3,1,4"
10890,Fine-Tuned Model,"2,5,1,3,6,4"
10891,Fine-Tuned Model,"1,2,5,4,3,6"
10892,Fine-Tuned Model,
10893,Fine-Tuned Model,"3,2,5,4,6,1"
10894,Fine-Tuned Model,"2,4,5,1,6,3"
10895,Fine-Tuned Model,"1,2,3,4,5,6"
10896,Fine-Tuned Model,
10897,Fine-Tuned Model,"4,2,6,3,1,5"
10898,Fine-Tuned Model,"4,1,3,5,2,6"
10899,Fine-Tuned Model,"3,5,2,1,4,6"
10900,Fine-Tuned Model,"4,3,6,2,5,1"
10901,Fine-Tuned Model,"2,5,3,1,6,4"
10902,Fine-Tuned Model,"1,6,6,4,3,6"
10903,Fine-Tuned Model,
10904,Fine-Tuned Model,"2,6,3,2,5,1"
10905,Fine-Tuned Model,
10906,Fine-Tuned Model,
10907,Fine-Tuned Model,
10908,Fine-Tuned Model,"1,5,2,3,6,4"
10909,Fine-Tuned Model,"1,4,2,6,3,5"
10910,Fine-Tuned Model,"3,6,1,5,3,2"
10911,Fine-Tuned Model,"3,6,2,5,4,1"
10912,Fine-Tuned Model,"4,6,1,3,2,5"
10913,Fine-Tuned Model,
10914,Fine-Tuned Model,"1,4,6,5,3,2"
10915,Fine-Tuned Model,"1,3,2,5,6"
10916,Fine-Tuned Model,"1,5,3,2,6,4"
10917,Fine-Tuned Model,"3,6,2,5,1,4"
10918,Fine-Tuned Model,"3,2,5,1,4,6"
10919,Fine-Tuned Model,"1,2,6,3,2"
10920,Fine-Tuned Model,"5,3,2,6,1,4"
10921,Fine-Tuned Model,"3,5,1,2,4,6"
10922,Fine-Tuned Model,"1,2,3,4"
10923,Fine-Tuned Model,
10924,Fine-Tuned Model,"2,4,6,1,5,3"
10925,Fine-Tuned Model,"4,2,6,5,3,1"
10926,Fine-Tuned Model,"4,2,6,5,3,1"
10927,Fine-Tuned Model,
10928,Fine-Tuned Model,
10929,Fine-Tuned Model,"4,5,2,6,3,1"
10930,Fine-Tuned Model,"5,3,6,2,1,4"
10931,Fine-Tuned Model,"1,2,3,4,5,6"
10932,Fine-Tuned Model,"2,5,3,6,4,1"
10933,Fine-Tuned Model,"3,5,2,6,1,4"
10934,Fine-Tuned Model,
10935,Fine-Tuned Model,"5,3,1,4,2,6"
10936,Fine-Tuned Model,
10937,Fine-Tuned Model,"1,2,5,3,6,4"
10938,Fine-Tuned Model,"5,3,2,6,1,4"
10939,Fine-Tuned Model,"1,6,6"
10940,Fine-Tuned Model,"3,2"
10941,Fine-Tuned Model,"3,1,2,6,5,4"
10942,Fine-Tuned Model,"1,2,3,5,2,6"
10943,Fine-Tuned Model,
10944,Fine-Tuned Model,
10945,Fine-Tuned Model,"5,3,2,6,1,4"
10946,Fine-Tuned Model,
10947,Fine-Tuned Model,"3,2,6,1,4,5"
10948,Fine-Tuned Model,"4,2,6,1,5,3"
10949,Fine-Tuned Model,"2,5,1,6,4,3"
10950,Fine-Tuned Model,"4,3,6,2,5,1"
10951,Fine-Tuned Model,"3,2,6,5,4,1"
10952,Fine-Tuned Model,"4,2,6,3,1,5"
10953,Fine-Tuned Model,"5,2,6,1,3,4"
10954,Fine-Tuned Model,"3,1,6,2,4,5"
10955,Fine-Tuned Model,
10956,Fine-Tuned Model,"1,6,4,2,5,3"
10957,Fine-Tuned Model,"1,6,6"
10958,Fine-Tuned Model,"3,5,1,2,4,6"
10959,Fine-Tuned Model,"4,2,6,1,3,5"
10960,Fine-Tuned Model,"1,4,2,2,3,5"
10961,Fine-Tuned Model,"4,2,6,3,5,1"
10962,Fine-Tuned Model,"1,5,3"
10963,Fine-Tuned Model,"2,5,6,4,1,3"
10964,Fine-Tuned Model,"1,5,2,4,3,6"
10965,Fine-Tuned Model,
10966,Fine-Tuned Model,"1,4,2,5,3,6"
10967,Fine-Tuned Model,"4,2,5,1,3,6"
10968,Fine-Tuned Model,"2,4,5,3,6,1"
10969,Fine-Tuned Model,"1,5,2,3,6,4"
10970,Fine-Tuned Model,
10971,Fine-Tuned Model,"3,6,2,5,4,1"
10972,Fine-Tuned Model,"5,2,3,1,6,4"
10973,Fine-Tuned Model,"6,1,6"
10974,Fine-Tuned Model,"6,3,2,5,1,4"
10975,Fine-Tuned Model,"3,6,2,5,1,4"
10976,Fine-Tuned Model,"3,5,2,6,1,4"
10977,Fine-Tuned Model,"1,3,5,2,6,4"
10978,Fine-Tuned Model,
10979,Fine-Tuned Model,"4,2,3,6,1,5"
10980,Fine-Tuned Model,
10981,Fine-Tuned Model,5
10982,Fine-Tuned Model,"3,4,1,5,2,6"
10983,Fine-Tuned Model,"6,3,1,6,4,2"
10984,Fine-Tuned Model,
10985,Fine-Tuned Model,"4,3,2,6,5,1"
10986,Fine-Tuned Model,
10987,Fine-Tuned Model,"5,1,6,3,2,4"
10988,Fine-Tuned Model,"2,6,4,3,5,1"
10989,Fine-Tuned Model,"1,3,2,5,1,6"
10990,Fine-Tuned Model,"5,3,2,6,1,4"
10991,Fine-Tuned Model,"2,6,3,4,5,1"
10992,Fine-Tuned Model,"1,2,3,4,5,6"
10993,Fine-Tuned Model,"4,2,6,3,5,1"
10994,Fine-Tuned Model,
10995,Fine-Tuned Model,
10996,Fine-Tuned Model,"1,4,2,3,3,6"
10997,Fine-Tuned Model,"1,6,3,5,6,2"
10998,Fine-Tuned Model,
10999,Fine-Tuned Model,"4,2,6,1,5,3"
11000,Fine-Tuned Model,"3,5,2,1,6,4"
11001,Fine-Tuned Model,"4,2,6,1,5,3"
11002,Fine-Tuned Model,
11003,Fine-Tuned Model,"1,5,2,3,3,2"
11004,Fine-Tuned Model,"5,3,2,6,4,5"
11005,Fine-Tuned Model,"2,5,3,6,4,1"
11006,Fine-Tuned Model,"1,6,6"
11007,Fine-Tuned Model,
11008,Fine-Tuned Model,"1,4,6,2,3,5"
11009,Fine-Tuned Model,"2,5,3,6,1,4"
11010,Fine-Tuned Model,"4,2,6,1,3,5"
11011,Fine-Tuned Model,"4,2,6,3,1,5"
11012,Fine-Tuned Model,
11013,Fine-Tuned Model,"1,6,6"
11014,Fine-Tuned Model,"5,3,2,1,4,6"
11015,Fine-Tuned Model,"1,6,6"
11016,Fine-Tuned Model,"1,6,6,1,6"
11017,Fine-Tuned Model,
11018,Fine-Tuned Model,"5,2,6,3,1,4"
11019,Fine-Tuned Model,
11020,Fine-Tuned Model,"4,1,6,3,5,2"
11021,Fine-Tuned Model,"3,5,2,4,6,1"
11022,Fine-Tuned Model,"2,5,6,3,1,6"
11023,Fine-Tuned Model,"5,3,2,6,1,4"
11024,Fine-Tuned Model,"1,2,3,4,5,6"
11025,Fine-Tuned Model,"6,3,2,4,5,1"
11026,Fine-Tuned Model,"1,3,2,5,6,4"
11027,Fine-Tuned Model,"1,6,3,4,5,2"
11028,Fine-Tuned Model,"1,2,4,5,3,6"
11029,Fine-Tuned Model,"3,6,2,5,4,1"
11030,Fine-Tuned Model,
11031,Fine-Tuned Model,
11032,Fine-Tuned Model,
11033,Fine-Tuned Model,"4,3,6,2,5,1"
11034,Fine-Tuned Model,"1,3,6,2,4,5"
11035,Fine-Tuned Model,"3,6,2,5,4,1"
11036,Fine-Tuned Model,"2,6,3,5,1,4"
11037,Fine-Tuned Model,"1,4,2,2,3,5"
11038,Fine-Tuned Model,
11039,Fine-Tuned Model,"2,4,1,6,5,3"
11040,Fine-Tuned Model,"2,4,5,3,6,1"
11041,Fine-Tuned Model,"4,6,3,2,5,1"
11042,Fine-Tuned Model,"4,2,3,5,1,6"
11043,Fine-Tuned Model,"2,5,1,6,4,3"
11044,Fine-Tuned Model,"4,2,6,1,3,5"
11045,Fine-Tuned Model,"5,3,2,6,4,1"
11046,Fine-Tuned Model,"3,5,2,6,1,4"
11047,Fine-Tuned Model,"3,5,2,6,4,1"
11048,Fine-Tuned Model,"1,3,4,2,6,5"
11049,Fine-Tuned Model,
11050,Fine-Tuned Model,"1,4,5,3,2,6"
11051,Fine-Tuned Model,
11052,Fine-Tuned Model,"2,5,3,1,4,6"
11053,Fine-Tuned Model,"2,5,3,4,2,1"
11054,Fine-Tuned Model,3
11055,Fine-Tuned Model,"3,6,2,5,4,1"
11056,Fine-Tuned Model,"2,4,6,1,3,5"
11057,Fine-Tuned Model,"1,4,2,6,3,2"
11058,Fine-Tuned Model,1
11059,Fine-Tuned Model,"4,2,3,6,1,5"
11060,Fine-Tuned Model,"2,6,3,4,1,5"
11061,Fine-Tuned Model,
11062,Fine-Tuned Model,"2,6,3,1,5,4"
11063,Fine-Tuned Model,"2,5,1,6,3,4"
11064,Fine-Tuned Model,"6,2,5,3"
11065,Fine-Tuned Model,
11066,Fine-Tuned Model,
11067,Fine-Tuned Model,"4,2,3,5,1,6"
11068,Fine-Tuned Model,"1,6,1,6,1,6"
11069,Fine-Tuned Model,"2,6,4,1,5,3"
11070,Fine-Tuned Model,"1,6,4,2,3,5"
11071,Fine-Tuned Model,"5,1,3,6,2,4"
11072,Fine-Tuned Model,"4,3,2,5,1,6"
11073,Fine-Tuned Model,
11074,Fine-Tuned Model,"1,6,6"
11075,Fine-Tuned Model,"3,1,6,2,5,4"
11076,Fine-Tuned Model,"1,2,3,4,5,6"
11077,Fine-Tuned Model,"4,6,1,3,2,5"
11078,Fine-Tuned Model,
11079,Fine-Tuned Model,
11080,Fine-Tuned Model,"1,6,6,4,6,2"
11081,Fine-Tuned Model,"3,4,6,1,5,2"
11082,Fine-Tuned Model,"3,4,1,2,5,6"
11083,Fine-Tuned Model,"3,6,2,5,4,1"
11084,Fine-Tuned Model,"4,6,2,3,5,1"
11085,Fine-Tuned Model,
11086,Fine-Tuned Model,
11087,Fine-Tuned Model,
11088,Fine-Tuned Model,"1,6"
11089,Fine-Tuned Model,"3,5,2,6,4,1"
11090,Fine-Tuned Model,"3,2,6,1,5,4"
11091,Fine-Tuned Model,"5,3,2,6,4,1"
11092,Fine-Tuned Model,"4,2,3,5,1,6"
11093,Fine-Tuned Model,"2,5,1,6,4,3"
11094,Fine-Tuned Model,"3,6,2,5,4,1"
11095,Fine-Tuned Model,"2,5,1,3,6,4"
11096,Fine-Tuned Model,"3,4,5,6,3,2"
11097,Fine-Tuned Model,"1,3,2,2,3,5"
11098,Fine-Tuned Model,"5,6,1,4"
11099,Fine-Tuned Model,"5,3,2,6,1,4"
11100,Fine-Tuned Model,"4,2,6,1,3,5"
11101,Fine-Tuned Model,"1,5,3,6,2,4"
11102,Fine-Tuned Model,"1,4,6,2,3,5"
11103,Fine-Tuned Model,"4,2,6,3,5,1"
11104,Fine-Tuned Model,
11105,Fine-Tuned Model,"1,4,2,6,3,5"
11106,Fine-Tuned Model,"2,5,3,6,4,1"
11107,Fine-Tuned Model,"4,2,6,3,5,1"
11108,Fine-Tuned Model,"4,2,5,1,3,6"
11109,Fine-Tuned Model,"2,6,3,5,1,4"
11110,Fine-Tuned Model,"1,2,6,3,5,2"
11111,Fine-Tuned Model,
11112,Fine-Tuned Model,"4,3,6,5,2,1"
11113,Fine-Tuned Model,"4,2,6,5,1,3"
11114,Fine-Tuned Model,"4,2,6,3,1,5"
11115,Fine-Tuned Model,"1,4,5,2,3,6"
11116,Fine-Tuned Model,"5,1,2,4,6,3"
11117,Fine-Tuned Model,"4,2,5,1,6,3"
11118,Fine-Tuned Model,"5,1,3,4,2,6"
11119,Fine-Tuned Model,"3,2,6,5,1,4"
11120,Fine-Tuned Model,"4,2,6,5,3,1"
11121,Fine-Tuned Model,"3,4,2,6,1,5"
11122,Fine-Tuned Model,"1,4,3,6,2,5"
11123,Fine-Tuned Model,"2,4,3,6,1,5"
11124,Fine-Tuned Model,
11125,Fine-Tuned Model,"4,3,6,2,5,1"
11126,Fine-Tuned Model,
11127,Fine-Tuned Model,
11128,Fine-Tuned Model,"4,2,6,5,1,3"
11129,Fine-Tuned Model,"4,2,6,1,5,3"
11130,Fine-Tuned Model,"4,2,5,1,6,3"
11131,Fine-Tuned Model,"4,2,6,1,3,5"
11132,Fine-Tuned Model,"4,2,6,1,3,5"
11133,Fine-Tuned Model,"4,6,5,1,3,5"
11134,Fine-Tuned Model,"2,5,3,4,6,1"
11135,Fine-Tuned Model,"1,2,3,6,2,5"
11136,Fine-Tuned Model,"1,3,5,4,6,2"
11137,Fine-Tuned Model,"2,6,1,5,3,4"
11138,Fine-Tuned Model,"3,1,6,5,2,4"
11139,Fine-Tuned Model,"5,3,2,6,1,4"
11140,Fine-Tuned Model,"2,5,3,1,6,4"
11141,Fine-Tuned Model,"2,5,3,6,1,4"
11142,Fine-Tuned Model,"6,1,6"
11143,Fine-Tuned Model,
11144,Fine-Tuned Model,"3,6,2,5,4,1"
11145,Fine-Tuned Model,"3,6,1,5,2,4"
11146,Fine-Tuned Model,"4,2,6,5,3,1"
11147,Fine-Tuned Model,
11148,Fine-Tuned Model,"3,6,2,5,1,4"
11149,Fine-Tuned Model,"1,6,6"
11150,Fine-Tuned Model,"3,6,2,5,4,1"
11151,Fine-Tuned Model,
11152,Fine-Tuned Model,"5,2,6,3,4,1"
11153,Fine-Tuned Model,"3,6,2,5,1,4"
11154,Fine-Tuned Model,"3,5,2,6,4,1"
11155,Fine-Tuned Model,"3,2,6,5,4,1"
11156,Fine-Tuned Model,"2,5,3,1,6,4"
11157,Fine-Tuned Model,"3,6,1,5,4,2"
11158,Fine-Tuned Model,"3,6,4,2,5,1"
11159,Fine-Tuned Model,"4,2,6,1,5,3"
11160,Fine-Tuned Model,
11161,Fine-Tuned Model,
11162,Fine-Tuned Model,"2,4,6,5,3,1"
11163,Fine-Tuned Model,"4,2,6,5,3,1"
11164,Fine-Tuned Model,
11165,Fine-Tuned Model,"5,3,2,6,4,1"
11166,Fine-Tuned Model,
11167,Fine-Tuned Model,"3,6,2,5,4,1"
11168,Fine-Tuned Model,"3,5,2,6,1,4"
11169,Fine-Tuned Model,"5,2,4,6,3,1"
11170,Fine-Tuned Model,"2,6,4,3,1,5"
11171,Fine-Tuned Model,"4,3,2,6,5,1"
11172,Fine-Tuned Model,"5,6,5"
11173,Fine-Tuned Model,"1,2,3,4,5,6"
11174,Fine-Tuned Model,"3,5,2,6,4,1"
11175,Fine-Tuned Model,
11176,Fine-Tuned Model,6
11177,Fine-Tuned Model,"4,2,5,3,6,1"
11178,Fine-Tuned Model,"3,6,5,2,4,1"
11179,Fine-Tuned Model,"3,6,4,2,5,1"
11180,Fine-Tuned Model,"3,6,2,5,4,1"
11181,Fine-Tuned Model,"1,5,4,2,6,3"
11182,Fine-Tuned Model,"5,4,3,5,2"
11183,Fine-Tuned Model,"5,2,3,6,1,4"
11184,Fine-Tuned Model,"4,3,6,2,5,1"
11185,Fine-Tuned Model,1
11186,Fine-Tuned Model,
11187,Fine-Tuned Model,"3,2,5,6,1,4"
11188,Fine-Tuned Model,"3,4,6,2,5,1"
11189,Fine-Tuned Model,"1,4,2,6,3,1"
11190,Fine-Tuned Model,"3,5,4,6,2,1"
11191,Fine-Tuned Model,"4,2,6,3,1,5"
11192,Fine-Tuned Model,"6,1,6,4,2,6"
11193,Fine-Tuned Model,"3,4,2,6,1,5"
11194,Fine-Tuned Model,"1,3,2,5,1,6"
11195,Fine-Tuned Model,"1,2,4,5,5,2"
11196,Fine-Tuned Model,
11197,Fine-Tuned Model,"4,6,3,2,5,1"
11198,Fine-Tuned Model,"1,4,6,2,3,5"
11199,Fine-Tuned Model,"4,3,6,1,5,2"
11200,Fine-Tuned Model,"4,2,6,3,5,1"
11201,Fine-Tuned Model,"5,4,6,2,1,3"
11202,Fine-Tuned Model,"2,6,3,5,4,1"
11203,Fine-Tuned Model,"5,3,2,6,1,4"
11204,Fine-Tuned Model,"1,4,3,2,6,5"
11205,Fine-Tuned Model,
11206,Fine-Tuned Model,"2,5,3,6,4,3"
11207,Fine-Tuned Model,"2,5,3,6,1,4"
11208,Fine-Tuned Model,5
11209,Fine-Tuned Model,"2,6,3,1,4,5"
11210,Fine-Tuned Model,"2,5,1,4,6,3"
11211,Fine-Tuned Model,"1,4,5,2,3,6"
11212,Fine-Tuned Model,"4,6,2,3,1,5"
11213,Fine-Tuned Model,"1,4,2,6,3,5"
11214,Fine-Tuned Model,"1,3,2,5,3,2"
11215,Fine-Tuned Model,"1,6"
11216,Fine-Tuned Model,"1,1"
11217,Fine-Tuned Model,"4,2,6,1,5,3"
11218,Fine-Tuned Model,"1,1,2,3,3,2"
11219,Fine-Tuned Model,"3,2,4,5,1"
11220,Fine-Tuned Model,"4,3,6,2,5,1"
11221,Fine-Tuned Model,"2,3,6,5,4,1"
11222,Fine-Tuned Model,"1,6,6"
11223,Fine-Tuned Model,
11224,Fine-Tuned Model,1
11225,Fine-Tuned Model,"1,3,4,1,2,6"
11226,Fine-Tuned Model,"3,2,5,1,6,4"
11227,Fine-Tuned Model,"3,6,2,5,1,4"
11228,Fine-Tuned Model,"3,2,5,6,4,1"
11229,Fine-Tuned Model,"2,4,6,3,5,1"
11230,Fine-Tuned Model,"5,3,2,6,4,1"
11231,Fine-Tuned Model,"2,3,5,1,6,4"
11232,Fine-Tuned Model,"4,2,6,5,1,3"
11233,Fine-Tuned Model,"1,2,3,4,5,6"
11234,Fine-Tuned Model,"2,6,3,5,1,4"
11235,Fine-Tuned Model,
11236,Fine-Tuned Model,"3,2,6,4,1,5"
11237,Fine-Tuned Model,"2,5,3,6,4,1"
11238,Fine-Tuned Model,
11239,Fine-Tuned Model,"1,6,6,1,6,2"
11240,Fine-Tuned Model,"4,2,6,1,5,3"
11241,Fine-Tuned Model,"4,2,6,1,3,5"
11242,Fine-Tuned Model,"4,2,5,1,6,3"
11243,Fine-Tuned Model,"1,3,2,5,2,6"
11244,Fine-Tuned Model,"3,6"
11245,Fine-Tuned Model,"3,6,2,4,5,1"
11246,Fine-Tuned Model,
11247,Fine-Tuned Model,"1,3,5,2,6,4"
11248,Fine-Tuned Model,"4,2,5,6,3,1"
11249,Fine-Tuned Model,"2,6"
11250,Fine-Tuned Model,
11251,Fine-Tuned Model,"3,6,2,1,5,4"
11252,Fine-Tuned Model,"2,5,1,3,4,6"
11253,Fine-Tuned Model,6
11254,Fine-Tuned Model,
11255,Fine-Tuned Model,"1,6,6"
11256,Fine-Tuned Model,"4,3,2,6,1,5"
11257,Fine-Tuned Model,"1,2,4,5,2,3"
11258,Fine-Tuned Model,"1,5,3,2,6,4"
11259,Fine-Tuned Model,"3,5,2,4,6,1"
11260,Fine-Tuned Model,"4,3,6,5,2,1"
11261,Fine-Tuned Model,
11262,Fine-Tuned Model,"3,5,2,6,4,3"
11263,Fine-Tuned Model,"4,3,6,2,5,1"
11264,Fine-Tuned Model,
11265,Fine-Tuned Model,
11266,Fine-Tuned Model,1
11267,Fine-Tuned Model,
11268,Fine-Tuned Model,"1,6,6,1,2,4"
11269,Fine-Tuned Model,"5,2,6,3,1,4"
11270,Fine-Tuned Model,"2,5,3,6,1,4"
11271,Fine-Tuned Model,"1,2,3,4,5,6"
11272,Fine-Tuned Model,"1,4,3,2,6,5"
11273,Fine-Tuned Model,"1,2,3,4,5,6"
11274,Fine-Tuned Model,"4,2,6,1,5,3"
11275,Fine-Tuned Model,"4,6,2,5,1,3"
11276,Fine-Tuned Model,"1,1,3,5,2,4"
11277,Fine-Tuned Model,"1,2,5,6,2,3"
11278,Fine-Tuned Model,
11279,Fine-Tuned Model,
11280,Fine-Tuned Model,"4,3,6,2,5,1"
11281,Fine-Tuned Model,
11282,Fine-Tuned Model,"5,2,6,3,1,4"
11283,Fine-Tuned Model,"2,6,3,5,2,6"
11284,Fine-Tuned Model,"1,6,6"
11285,Fine-Tuned Model,"3,2,5,1,6,4"
11286,Fine-Tuned Model,
11287,Fine-Tuned Model,"3,5,2,6,1,4"
11288,Fine-Tuned Model,
11289,Fine-Tuned Model,"3,5,2,6,1,4"
11290,Fine-Tuned Model,
11291,Fine-Tuned Model,
11292,Fine-Tuned Model,"3,4,2,6,5,1"
11293,Fine-Tuned Model,"6,3,1,4,5,2"
11294,Fine-Tuned Model,"2,6,5,3,4,1"
11295,Fine-Tuned Model,"2,3,6,2,4,1"
11296,Fine-Tuned Model,"4,2,6,1,5,3"
11297,Fine-Tuned Model,"2,6,3,5,1,4"
11298,Fine-Tuned Model,"2,5,1,6,3,4"
11299,Fine-Tuned Model,"4,3,6,5,2,1"
11300,Fine-Tuned Model,"6,1"
11301,Fine-Tuned Model,"3,6,5,1,2,4"
11302,Fine-Tuned Model,"5,4,3,2,6,1"
11303,Fine-Tuned Model,"5,3,2,6,4,1"
11304,Fine-Tuned Model,"1,2,3,4,5,6"
11305,Fine-Tuned Model,
11306,Fine-Tuned Model,
11307,Fine-Tuned Model,"2,5,4,1,6,3"
11308,Fine-Tuned Model,"4,3,2,6,1,5"
11309,Fine-Tuned Model,"1,6,1,6"
11310,Fine-Tuned Model,"1,2,3,4,5,6"
11311,Fine-Tuned Model,"1,4,3,5,6,2"
11312,Fine-Tuned Model,
11313,Fine-Tuned Model,"2,4,6,1,5,3"
11314,Fine-Tuned Model,"5,2,3,6,1,4"
11315,Fine-Tuned Model,"1,6,6"
11316,Fine-Tuned Model,
11317,Fine-Tuned Model,
11318,Fine-Tuned Model,"3,5,1,6,2,4"
11319,Fine-Tuned Model,"3,2,6,1,5,4"
11320,Fine-Tuned Model,"2,4,3,6,1,5"
11321,Fine-Tuned Model,"2,5,3,1,6,4"
11322,Fine-Tuned Model,"1,3,2,6,5,4"
11323,Fine-Tuned Model,"4,3,6,2,5,1"
11324,Fine-Tuned Model,"1,5,2,6,4,3"
11325,Fine-Tuned Model,"3,5,6,2,6,1"
11326,Fine-Tuned Model,"4,2,6,1,5,3"
11327,Fine-Tuned Model,"1,6,6"
11328,Fine-Tuned Model,"1,2,3,2,6,1"
11329,Fine-Tuned Model,"1,2,3,5,6"
11330,Fine-Tuned Model,"3,1,5,2,4,6"
11331,Fine-Tuned Model,"2,5,1,3,4,6"
11332,Fine-Tuned Model,"2,4,1,6,3,5"
11333,Fine-Tuned Model,"1,4,2,6,3,5"
11334,Fine-Tuned Model,"3,2,6,5,1,4"
11335,Fine-Tuned Model,
11336,Fine-Tuned Model,"4,3,1,2,5,6"
11337,Fine-Tuned Model,"1,4,3,6,2,5"
11338,Fine-Tuned Model,"2,6,3,5,1,4"
11339,Fine-Tuned Model,"3,6,2,5,1,4"
11340,Fine-Tuned Model,"4,2,6,3,1,5"
11341,Fine-Tuned Model,"4,2,6,5,3,1"
11342,Fine-Tuned Model,"1,3,6,2,5,4"
11343,Fine-Tuned Model,"1,1,1,1,1,1"
11344,Fine-Tuned Model,"1,2,3,1,6,5"
11345,Fine-Tuned Model,
11346,Fine-Tuned Model,"6,1,6"
11347,Fine-Tuned Model,
11348,Fine-Tuned Model,"2,5,1,6,3,4"
11349,Fine-Tuned Model,"3,6,4,2,5,1"
11350,Fine-Tuned Model,"4,3,6,2,1,5"
11351,Fine-Tuned Model,"5,2,6,3,1,4"
11352,Fine-Tuned Model,"5,3,2,6,1,4"
11353,Fine-Tuned Model,"4,2,6,3,5,1"
11354,Fine-Tuned Model,"4,2,6,1,5,3"
11355,Fine-Tuned Model,
11356,Fine-Tuned Model,"3,2,5,1,4,6"
11357,Fine-Tuned Model,
11358,Fine-Tuned Model,"4,2,5,6,3,1"
11359,Fine-Tuned Model,"5,3,6,2,1,4"
11360,Fine-Tuned Model,
11361,Fine-Tuned Model,
11362,Fine-Tuned Model,
11363,Fine-Tuned Model,"4,3,6,2,5,1"
11364,Fine-Tuned Model,
11365,Fine-Tuned Model,"3,4,5,2,6,1"
11366,Fine-Tuned Model,"3,2,4,1,5,6"
11367,Fine-Tuned Model,"5,2,1,6,4,3"
11368,Fine-Tuned Model,"1,2,3,4,5,6"
11369,Fine-Tuned Model,"1,4,2,6,3,5"
11370,Fine-Tuned Model,"1,6"
11371,Fine-Tuned Model,
11372,Fine-Tuned Model,"3,2,6,4,5"
11373,Fine-Tuned Model,"3,1,6,4,2,5"
11374,Fine-Tuned Model,
11375,Fine-Tuned Model,
11376,Fine-Tuned Model,"5,3,6,2,4,1"
11377,Fine-Tuned Model,"1,2,3,4,5,6"
11378,Fine-Tuned Model,"3,4,2,6,5,1"
11379,Fine-Tuned Model,"5,3,6,2,4,1"
11380,Fine-Tuned Model,
11381,Fine-Tuned Model,
11382,Fine-Tuned Model,"3,3"
11383,Fine-Tuned Model,"3,6,2,4,5,1"
11384,Fine-Tuned Model,
11385,Fine-Tuned Model,"2,4,6,1,3,5"
11386,Fine-Tuned Model,"4,2,6,3,5,1"
11387,Fine-Tuned Model,"2,6,1,3,5,4"
11388,Fine-Tuned Model,"2,6,5,3,4,1"
11389,Fine-Tuned Model,
11390,Fine-Tuned Model,"3,2,6,1,5,4"
11391,Fine-Tuned Model,"1,4,2,6,3,5"
11392,Fine-Tuned Model,"4,2,6,3,5,1"
11393,Fine-Tuned Model,"2,5,6,1,3,4"
11394,Fine-Tuned Model,"3,6,2,5,4,1"
11395,Fine-Tuned Model,
11396,Fine-Tuned Model,"3,6,1,2,5,4"
11397,Fine-Tuned Model,"4,2,6,3,5,1"
11398,Fine-Tuned Model,
11399,Fine-Tuned Model,"2,5,3,6,1,4"
11400,Fine-Tuned Model,"3,6,2,5,1,4"
11401,Fine-Tuned Model,"3,1,4,2,6,3"
11402,Fine-Tuned Model,"5,2,6,1,4,3"
11403,Fine-Tuned Model,"3,6,4,2,5,1"
11404,Fine-Tuned Model,"5,2,6,1,4,3"
11405,Fine-Tuned Model,"2,4,6,5,1,3"
11406,Fine-Tuned Model,"5,3,2,6,1,4"
11407,Fine-Tuned Model,"1,3,2,6,5,4"
11408,Fine-Tuned Model,
11409,Fine-Tuned Model,"3,4,2,6,1,5"
11410,Fine-Tuned Model,
11411,Fine-Tuned Model,
11412,Fine-Tuned Model,"4,2,6,3,1,5"
11413,Fine-Tuned Model,"4,6,3,2,5,1"
11414,Fine-Tuned Model,"2,4,6,1,3,5"
11415,Fine-Tuned Model,"3,5,1,6,2,4"
11416,Fine-Tuned Model,2
11417,Fine-Tuned Model,"1,4,3,6,2,5"
11418,Fine-Tuned Model,"3,4,5,2,6,1"
11419,Fine-Tuned Model,"1,4,6,2,3,5"
11420,Fine-Tuned Model,"1,4,2,6,3,1"
11421,Fine-Tuned Model,"1,3,6,2,6,5"
11422,Fine-Tuned Model,"1,4,2,5,6,3"
11423,Fine-Tuned Model,
11424,Fine-Tuned Model,"2,5,4,6,2,3"
11425,Fine-Tuned Model,"1,5,3,6,2,4"
11426,Fine-Tuned Model,"4,6,2,5,1,3"
11427,Fine-Tuned Model,"5,1,2,3,4,6"
11428,Fine-Tuned Model,"1,4,2,2,3,3"
11429,Fine-Tuned Model,"1,2,6,3,5,4"
11430,Fine-Tuned Model,"2,5,6,1,4,3"
11431,Fine-Tuned Model,
11432,Fine-Tuned Model,"4,2,6,1,5,3"
11433,Fine-Tuned Model,"3,5,2,6,1,4"
11434,Fine-Tuned Model,"3,6,2,5,1,4"
11435,Fine-Tuned Model,"1,3,2,5,6,4"
11436,Fine-Tuned Model,"5,2,6,3,4,1"
11437,Fine-Tuned Model,"1,6,6"
11438,Fine-Tuned Model,"4,2,6,1,5,3"
11439,Fine-Tuned Model,
11440,Fine-Tuned Model,"1,2,3,4,5"
11441,Fine-Tuned Model,
11442,Fine-Tuned Model,"3,6,1,4,5,2"
11443,Fine-Tuned Model,"1,1,6,1"
11444,Fine-Tuned Model,"1,2,3,4,5,6"
11445,Fine-Tuned Model,"3,1,6,4,2,5"
11446,Fine-Tuned Model,
11447,Fine-Tuned Model,
11448,Fine-Tuned Model,"3,6,2,5,4,1"
11449,Fine-Tuned Model,"1,5,2,6,3,4"
11450,Fine-Tuned Model,"3,6,2,4,5,1"
11451,Fine-Tuned Model,"3,6,2,5,1,4"
11452,Fine-Tuned Model,"3,2,4,6,1"
11453,Fine-Tuned Model,"2,3,4,5,1,3"
11454,Fine-Tuned Model,
11455,Fine-Tuned Model,
11456,Fine-Tuned Model,"1,2,3,4,5,6"
11457,Fine-Tuned Model,"4,2,5,1,6,3"
11458,Fine-Tuned Model,"1,3,2,5,3,1"
11459,Fine-Tuned Model,"3,4,2,6,1,5"
11460,Fine-Tuned Model,"1,6,6"
11461,Fine-Tuned Model,"3,5,2,6,1,4"
11462,Fine-Tuned Model,"3,5,2,6,1,4"
11463,Fine-Tuned Model,"4,3,1,6,2,5"
11464,Fine-Tuned Model,"4,3,6,1,2,5"
11465,Fine-Tuned Model,"3,6,4,2,5,1"
11466,Fine-Tuned Model,"2,6,4,5,3,1"
11467,Fine-Tuned Model,
11468,Fine-Tuned Model,"1,2,6,5,3,6"
11469,Fine-Tuned Model,"5,2,3,6,1,4"
11470,Fine-Tuned Model,"3,5,1,4,6,2"
11471,Fine-Tuned Model,"4,2,6,3,5,1"
11472,Fine-Tuned Model,"4,6,2,3,5,1"
11473,Fine-Tuned Model,"5,2,6,4,1,3"
11474,Fine-Tuned Model,"4,6,2,5,3,1"
11475,Fine-Tuned Model,"3,6,1,5,2,4"
11476,Fine-Tuned Model,"4,2,5,1,6,3"
11477,Fine-Tuned Model,
11478,Fine-Tuned Model,"2,4,1,5,2,3"
11479,Fine-Tuned Model,"3,6,2,5,4,1"
11480,Fine-Tuned Model,"1,2,3,4,5"
11481,Fine-Tuned Model,
11482,Fine-Tuned Model,
11483,Fine-Tuned Model,"3,2,4,6,1,5"
11484,Fine-Tuned Model,
11485,Fine-Tuned Model,"4,2,6,3,5,1"
11486,Fine-Tuned Model,"3,4,6,2,1,5"
11487,Fine-Tuned Model,
11488,Fine-Tuned Model,"3,6,2,5,1,4"
11489,Fine-Tuned Model,"1,3,2,6,5,4"
11490,Fine-Tuned Model,"5,2,6,3,1,4"
11491,Fine-Tuned Model,"3,4,5,2,6,1"
11492,Fine-Tuned Model,
11493,Fine-Tuned Model,"1,6,6,1,4,2"
11494,Fine-Tuned Model,"3,2,6,5,1,4"
11495,Fine-Tuned Model,
11496,Fine-Tuned Model,"3,6,2,4,5,1"
11497,Fine-Tuned Model,
11498,Fine-Tuned Model,
11499,Fine-Tuned Model,"1,2,3,4,5,6"
11500,Fine-Tuned Model,"6,1,6"
11501,Fine-Tuned Model,"4,2,6,1,5,3"
11502,Fine-Tuned Model,"1,4,2,6,5,3"
11503,Fine-Tuned Model,"3,5,2,6,1,4"
11504,Fine-Tuned Model,"1,1,6,6"
11505,Fine-Tuned Model,"1,6,6"
11506,Fine-Tuned Model,"3,4,5,2,6,1"
11507,Fine-Tuned Model,"3,6,2,5,1,4"
11508,Fine-Tuned Model,
11509,Fine-Tuned Model,"5,2,4,6,1,3"
11510,Fine-Tuned Model,"4,3,2,6,1"
11511,Fine-Tuned Model,"6,1,6,3,2,5"
11512,Fine-Tuned Model,"2,5,6,4,1,3"
11513,Fine-Tuned Model,
11514,Fine-Tuned Model,"1,2,3,4,5,6"
11515,Fine-Tuned Model,"4,2,6,1,5,3"
11516,Fine-Tuned Model,"1,5,2,2,3,6"
11517,Fine-Tuned Model,"3,6,2,5,4,1"
11518,Fine-Tuned Model,"2,4,3,5,3,6"
11519,Fine-Tuned Model,
11520,Fine-Tuned Model,"3,6,2,5,4,1"
11521,Fine-Tuned Model,"1,2,3,4,5"
11522,Fine-Tuned Model,"4,1,3,6,2,5"
11523,Fine-Tuned Model,"2,5,6,4,3"
11524,Fine-Tuned Model,"2,3,6,5,4,1"
11525,Fine-Tuned Model,"1,4,2,3,3,6"
11526,Fine-Tuned Model,"6,1,6,6,1"
11527,Fine-Tuned Model,"3,6,2,5,1,4"
11528,Fine-Tuned Model,"4,1,6,3,5,2"
11529,Fine-Tuned Model,"5,3,2,4,1,6"
11530,Fine-Tuned Model,
11531,Fine-Tuned Model,"6,1,6"
11532,Fine-Tuned Model,"4,2,6,5,1,3"
11533,Fine-Tuned Model,"1,6,6"
11534,Fine-Tuned Model,"1,4,3,6,2,5"
11535,Fine-Tuned Model,"3,5,2,6,1,4"
11536,Fine-Tuned Model,
11537,Fine-Tuned Model,
11538,Fine-Tuned Model,"6,3,2,5,1,4"
11539,Fine-Tuned Model,"3,6,2,5,4,1"
11540,Fine-Tuned Model,"1,3,2,6,4,5"
11541,Fine-Tuned Model,"4,2,1,5,3,6"
11542,Fine-Tuned Model,"2,6,1,4,5,3"
11543,Fine-Tuned Model,"3,6,2,5,1,4"
11544,Fine-Tuned Model,
11545,Fine-Tuned Model,
11546,Fine-Tuned Model,"4,3,2,5,1,6"
11547,Fine-Tuned Model,
11548,Fine-Tuned Model,
11549,Fine-Tuned Model,"3,6,2,5,4,1"
11550,Fine-Tuned Model,
11551,Fine-Tuned Model,
11552,Fine-Tuned Model,
11553,Fine-Tuned Model,"3,2,6,4,1,5"
11554,Fine-Tuned Model,"4,2,5,6,1,3"
11555,Fine-Tuned Model,
11556,Fine-Tuned Model,"1,2,3,4,5,6"
11557,Fine-Tuned Model,"3,6,2,5,4,1"
11558,Fine-Tuned Model,"1,6"
11559,Fine-Tuned Model,"3,2,5,1,4,6"
11560,Fine-Tuned Model,
11561,Fine-Tuned Model,"2,6,1,4,3,5"
11562,Fine-Tuned Model,"6,2,5,1,4,3"
11563,Fine-Tuned Model,"1,2,3,4,5,6"
11564,Fine-Tuned Model,"1,6,6,5,4,3"
11565,Fine-Tuned Model,"1,3,5,2,4,6"
11566,Fine-Tuned Model,"1,2,3,4,5"
11567,Fine-Tuned Model,"2,6,4,1,3,5"
11568,Fine-Tuned Model,"6,1,6"
11569,Fine-Tuned Model,"3,6,5,2,4,1"
11570,Fine-Tuned Model,"2,5,4,3,1,6"
11571,Fine-Tuned Model,"6,4,1"
11572,Fine-Tuned Model,"5,4,3"
11573,Fine-Tuned Model,"3,6,2,5,4,1"
11574,Fine-Tuned Model,"3,6,4,1,2,5"
11575,Fine-Tuned Model,
11576,Fine-Tuned Model,"4,2,6,5,3,1"
11577,Fine-Tuned Model,"6,1,6,6"
11578,Fine-Tuned Model,"4,2,6,5,3,1"
11579,Fine-Tuned Model,
11580,Fine-Tuned Model,"2,5,6,1,4,3"
11581,Fine-Tuned Model,
11582,Fine-Tuned Model,"1,4,2,6,3,5"
11583,Fine-Tuned Model,"5,4,6,2,1,3"
11584,Fine-Tuned Model,
11585,Fine-Tuned Model,"2,6,1,4,3,5"
11586,Fine-Tuned Model,
11587,Fine-Tuned Model,"1,6,6"
11588,Fine-Tuned Model,"6,1,6"
11589,Fine-Tuned Model,"3,4,2,6,5,1"
11590,Fine-Tuned Model,"6,5,3,6,2,4"
11591,Fine-Tuned Model,"4,6,3,5,2,1"
11592,Fine-Tuned Model,"3,4,2,6,5,1"
11593,Fine-Tuned Model,"1,4,2,5,6,3"
11594,Fine-Tuned Model,"4,2,6,3,5,1"
11595,Fine-Tuned Model,"6,1,6"
11596,Fine-Tuned Model,"3,5,2,6,4,1"
11597,Fine-Tuned Model,
11598,Fine-Tuned Model,"3,4,1,2,6,5"
11599,Fine-Tuned Model,"3,1,6,5,2,4"
11600,Fine-Tuned Model,
11601,Fine-Tuned Model,
11602,Fine-Tuned Model,"3,6,2,4,5,1"
11603,Fine-Tuned Model,"2,4,6,3,5,1"
11604,Fine-Tuned Model,"3,1,6,4,2,5"
11605,Fine-Tuned Model,"5,3,1,6,2,4"
11606,Fine-Tuned Model,2
11607,Fine-Tuned Model,"1,3,2,5,4,6"
11608,Fine-Tuned Model,"5,2,4,1,3,6"
11609,Fine-Tuned Model,"6,1,6,4,3,6"
11610,Fine-Tuned Model,"3,6,2,1,5,4"
11611,Fine-Tuned Model,"1,2,6,4,3,5"
11612,Fine-Tuned Model,"2,4,1,5,3,6"
11613,Fine-Tuned Model,
11614,Fine-Tuned Model,"3,2,6,5,4,1"
11615,Fine-Tuned Model,
11616,Fine-Tuned Model,"4,6,2,5,3"
11617,Fine-Tuned Model,"1,2,3,4,5,6"
11618,Fine-Tuned Model,"2,5,4,3,6,1"
11619,Fine-Tuned Model,
11620,Fine-Tuned Model,"2,5,3,1,6,4"
11621,Fine-Tuned Model,"3,1,6,5,2,4"
11622,Fine-Tuned Model,"2,3,6,1,3,5"
11623,Fine-Tuned Model,"4,2,6,1,3,5"
11624,Fine-Tuned Model,"4,1,3,6,2,5"
11625,Fine-Tuned Model,
11626,Fine-Tuned Model,"4,2,6,5,3,1"
11627,Fine-Tuned Model,"5,1,6,3,2,4"
11628,Fine-Tuned Model,"6,4,2,3,5,1"
11629,Fine-Tuned Model,
11630,Fine-Tuned Model,"3,2,6,5,1,4"
11631,Fine-Tuned Model,"2,4,6,3,1,5"
11632,Fine-Tuned Model,
11633,Fine-Tuned Model,"4,2,6,3,5,1"
11634,Fine-Tuned Model,"1,2,3,4,5,6"
11635,Fine-Tuned Model,"6,1,6,2,4,3"
11636,Fine-Tuned Model,"1,2,5,4,6,3"
11637,Fine-Tuned Model,
11638,Fine-Tuned Model,"2,4,1,6,3,5"
11639,Fine-Tuned Model,"2,4,6,3,5,1"
11640,Fine-Tuned Model,"3,5,2,4,6,1"
11641,Fine-Tuned Model,"1,2,4,6,3,2"
11642,Fine-Tuned Model,"3,4,2,5,1,6"
11643,Fine-Tuned Model,"1,2,3,4"
11644,Fine-Tuned Model,
11645,Fine-Tuned Model,"3,2,4,5,3,1"
11646,Fine-Tuned Model,"4,3,2,5,6,1"
11647,Fine-Tuned Model,"3,1,6,4,2,5"
11648,Fine-Tuned Model,
11649,Fine-Tuned Model,"3,2,6,1,5,4"
11650,Fine-Tuned Model,
11651,Fine-Tuned Model,"1,6,6"
11652,Fine-Tuned Model,"5,4,2,6,1,3"
11653,Fine-Tuned Model,
11654,Fine-Tuned Model,"2,4,6,5,3,1"
11655,Fine-Tuned Model,
11656,Fine-Tuned Model,
11657,Fine-Tuned Model,
11658,Fine-Tuned Model,"1,2,3,6,3,2"
11659,Fine-Tuned Model,"5,2,3,1,6"
11660,Fine-Tuned Model,"3,5,2,6,1,4"
11661,Fine-Tuned Model,"4,2,6,1,3,5"
11662,Fine-Tuned Model,"1,6,6"
11663,Fine-Tuned Model,
11664,Fine-Tuned Model,
11665,Fine-Tuned Model,
11666,Fine-Tuned Model,"1,2,4,2,5,3"
11667,Fine-Tuned Model,
11668,Fine-Tuned Model,"1,4,2,6,1,3"
11669,Fine-Tuned Model,"4,3,6,2,5,1"
11670,Fine-Tuned Model,"1,6,1,6,1,6"
11671,Fine-Tuned Model,6
11672,Fine-Tuned Model,
11673,Fine-Tuned Model,"2,4,3,5,6,1"
11674,Fine-Tuned Model,"4,2,6,5,1,3"
11675,Fine-Tuned Model,"3,4,2,5,1,6"
11676,Fine-Tuned Model,"2,5,3,1,6,4"
11677,Fine-Tuned Model,
11678,Fine-Tuned Model,"1,3,4,2,5,6"
11679,Fine-Tuned Model,"6,1,6,6,1,6"
11680,Fine-Tuned Model,"4,6,2,5,3,1"
11681,Fine-Tuned Model,"1,3,2,5,1,4"
11682,Fine-Tuned Model,"1,3,2,4,5,6"
11683,Fine-Tuned Model,"3,5,4,2,6,1"
11684,Fine-Tuned Model,
11685,Fine-Tuned Model,"3,6,2,5,1,4"
11686,Fine-Tuned Model,"1,2,4,5,3,6"
11687,Fine-Tuned Model,"1,2,4,6,5,3"
11688,Fine-Tuned Model,
11689,Fine-Tuned Model,"2,4,3,6,1,5"
11690,Fine-Tuned Model,"2,5,1,6,3,2"
11691,Fine-Tuned Model,"2,4,3,6,5,1"
11692,Fine-Tuned Model,"4,2,5,6,3,1"
11693,Fine-Tuned Model,"1,4,2,6,3,5"
11694,Fine-Tuned Model,"4,2,6,3,5,1"
11695,Fine-Tuned Model,"3,6,2,5,4,1"
11696,Fine-Tuned Model,"4,2,5,1,3,6"
11697,Fine-Tuned Model,"3,4,6,2,5,1"
11698,Fine-Tuned Model,
11699,Fine-Tuned Model,"2,5,1,3,4,6"
11700,Fine-Tuned Model,"4,1,5,3,2,6"
11701,Fine-Tuned Model,"4,2,6,3,5,1"
11702,Fine-Tuned Model,"2,4,3,5,6,1"
11703,Fine-Tuned Model,"2,5,1,6,3,4"
11704,Fine-Tuned Model,"5,4,1,3,2,6"
11705,Fine-Tuned Model,"3,6,2,5,4,1"
11706,Fine-Tuned Model,
11707,Fine-Tuned Model,
11708,Fine-Tuned Model,"4,6,2,5,3,1"
11709,Fine-Tuned Model,"4,2,6,3,5,1"
11710,Fine-Tuned Model,"1,6,6"
11711,Fine-Tuned Model,"3,6,2,5,4,1"
11712,Fine-Tuned Model,
11713,Fine-Tuned Model,"1,3,5,2,6,4"
11714,Fine-Tuned Model,"4,2,6,3,1,5"
11715,Fine-Tuned Model,"4,2,6,3,5,1"
11716,Fine-Tuned Model,"3,6,5,2,4,1"
11717,Fine-Tuned Model,"6,1,6,2,6,3"
11718,Fine-Tuned Model,"1,3,5,2,6,4"
11719,Fine-Tuned Model,
11720,Fine-Tuned Model,"6,1,6"
11721,Fine-Tuned Model,"6,1,6,5,6,1"
11722,Fine-Tuned Model,6
11723,Fine-Tuned Model,"1,6"
11724,Fine-Tuned Model,"2,4,6,3,5,1"
11725,Fine-Tuned Model,"5,2,4,1,3,6"
11726,Fine-Tuned Model,
11727,Fine-Tuned Model,"5,3,1,2,6,4"
11728,Fine-Tuned Model,"3,6,2,5,1,4"
11729,Fine-Tuned Model,
11730,Fine-Tuned Model,"1,3,2,5,3,2"
11731,Fine-Tuned Model,"5,3,2,6,4,1"
11732,Fine-Tuned Model,"1,2,3,4,5,6"
11733,Fine-Tuned Model,
11734,Fine-Tuned Model,"3,6,2,1,5,4"
11735,Fine-Tuned Model,"2,5,3,4,1,6"
11736,Fine-Tuned Model,"3,2,6,5,1,4"
11737,Fine-Tuned Model,
11738,Fine-Tuned Model,"4,2,6,1,3,5"
11739,Fine-Tuned Model,
11740,Fine-Tuned Model,"6,2,3,1,5,6"
11741,Fine-Tuned Model,"4,3,6,2,5,1"
11742,Fine-Tuned Model,"2,4,5,3,6,1"
11743,Fine-Tuned Model,"1,3,5,2,6,4"
11744,Fine-Tuned Model,"1,6"
11745,Fine-Tuned Model,
11746,Fine-Tuned Model,"1,6,3,2,5,4"
11747,Fine-Tuned Model,"4,3,6,2,5,1"
11748,Fine-Tuned Model,"2,5,6,3,4,1"
11749,Fine-Tuned Model,"4,2,6,5,1,3"
11750,Fine-Tuned Model,"1,5,2,6,3,1"
11751,Fine-Tuned Model,"2,6,3,4,5,1"
11752,Fine-Tuned Model,"1,6,6"
11753,Fine-Tuned Model,"4,2,5,6,1,3"
11754,Fine-Tuned Model,
11755,Fine-Tuned Model,"6,1,6,1"
11756,Fine-Tuned Model,
11757,Fine-Tuned Model,
11758,Fine-Tuned Model,"1,2,3,4,5,6"
11759,Fine-Tuned Model,"1,4,2,3,6,5"
11760,Fine-Tuned Model,"1,3,2,6,5,4"
11761,Fine-Tuned Model,"3,2,5,1,4,6"
11762,Fine-Tuned Model,"2,5,3,6,2,1"
11763,Fine-Tuned Model,
11764,Fine-Tuned Model,5
11765,Fine-Tuned Model,"4,6,5,1,3,2"
11766,Fine-Tuned Model,"4,2,6,1,5,3"
11767,Fine-Tuned Model,"1,4,2,6,3,5"
11768,Fine-Tuned Model,"6,6,3,4,5,2"
11769,Fine-Tuned Model,"2,6,5,1,4,3"
11770,Fine-Tuned Model,"1,6,6"
11771,Fine-Tuned Model,"1,2,3,4,5"
11772,Fine-Tuned Model,"1,6,3,2,5"
11773,Fine-Tuned Model,"1,3,4,2,6,5"
11774,Fine-Tuned Model,"1,6,1,1,6,2"
11775,Fine-Tuned Model,"4,2,6,3,5,1"
11776,Fine-Tuned Model,
11777,Fine-Tuned Model,
11778,Fine-Tuned Model,"4,2,5,6,1,3"
11779,Fine-Tuned Model,"1,6,2,5,3,6"
11780,Fine-Tuned Model,"1,6"
11781,Fine-Tuned Model,"4,2,6,3,1,5"
11782,Fine-Tuned Model,"3,2,5,1,6,4"
11783,Fine-Tuned Model,
11784,Fine-Tuned Model,"4,6,2,3,5,1"
11785,Fine-Tuned Model,
11786,Fine-Tuned Model,"1,3,5,2,4,6"
11787,Fine-Tuned Model,"4,2,5,6,3,1"
11788,Fine-Tuned Model,"4,2,5,6,1,3"
11789,Fine-Tuned Model,
11790,Fine-Tuned Model,"3,6,2,5,1,4"
11791,Fine-Tuned Model,"3,2,6,5,4,1"
11792,Fine-Tuned Model,"1,6,1,6,1,6"
11793,Fine-Tuned Model,"1,4,3,6,2,5"
11794,Fine-Tuned Model,
11795,Fine-Tuned Model,"4,3,2,5,6,1"
11796,Fine-Tuned Model,
11797,Fine-Tuned Model,
11798,Fine-Tuned Model,"4,2,5,6,1,3"
11799,Fine-Tuned Model,"2,5,3,1,6,4"
11800,Fine-Tuned Model,"3,6,2,5,1,4"
11801,Fine-Tuned Model,"3,5,2,4,3,6"
11802,Fine-Tuned Model,"6,1,6,1,5,4"
11803,Fine-Tuned Model,"2,6,1,4,3,5"
11804,Fine-Tuned Model,
11805,Fine-Tuned Model,"4,3,6,2,5,1"
11806,Fine-Tuned Model,"1,3,5,2,6"
11807,Fine-Tuned Model,
11808,Fine-Tuned Model,"2,6,1,5,4,3"
11809,Fine-Tuned Model,"3,2,5,4,1,6"
11810,Fine-Tuned Model,"4,2,6,1,3,5"
11811,Fine-Tuned Model,"2,5,3,1,6,4"
11812,Fine-Tuned Model,
11813,Fine-Tuned Model,"1,1,6,6,1,6"
11814,Fine-Tuned Model,"3,6,4,2,5,1"
11815,Fine-Tuned Model,"4,2,6,3,1,5"
11816,Fine-Tuned Model,"3,6,2,5,4,1"
11817,Fine-Tuned Model,"5,2,3,6,1"
11818,Fine-Tuned Model,"5,2,4,1,6,3"
11819,Fine-Tuned Model,
11820,Fine-Tuned Model,"3,6,2,5,1,4"
11821,Fine-Tuned Model,"1,4,3,6,2,5"
11822,Fine-Tuned Model,"4,2,6,1,3,5"
11823,Fine-Tuned Model,
11824,Fine-Tuned Model,
11825,Fine-Tuned Model,"3,4,1,5,2,6"
11826,Fine-Tuned Model,"3,4,2,5,6,1"
11827,Fine-Tuned Model,"2,6,3,5,1,4"
11828,Fine-Tuned Model,"1,4,3,2,6,5"
11829,Fine-Tuned Model,3
11830,Fine-Tuned Model,
11831,Fine-Tuned Model,"2,6,3,1,4,5"
11832,Fine-Tuned Model,"2,5,4,5,2"
11833,Fine-Tuned Model,"1,2,3,4,5,6"
11834,Fine-Tuned Model,"2,5,1,3,4,6"
11835,Fine-Tuned Model,
11836,Fine-Tuned Model,"2,4,6,2,5,3"
11837,Fine-Tuned Model,"4,2,6,5,3,1"
11838,Fine-Tuned Model,6
11839,Fine-Tuned Model,"2,4,1,5,3,6"
11840,Fine-Tuned Model,"1,2,3,4,5,6"
11841,Fine-Tuned Model,"2,5,4,1,6,3"
11842,Fine-Tuned Model,"5,3,2,6,1,4"
11843,Fine-Tuned Model,"1,2,3,5"
11844,Fine-Tuned Model,"3,1,6,5,4,2"
11845,Fine-Tuned Model,"2,6,3,1,4,5"
11846,Fine-Tuned Model,
11847,Fine-Tuned Model,"4,2,6,5,1,3"
11848,Fine-Tuned Model,"1,6,2,5,4,3"
11849,Fine-Tuned Model,
11850,Fine-Tuned Model,
11851,Fine-Tuned Model,"1,2,3,4,5,6"
11852,Fine-Tuned Model,"5,3,6,4,2,1"
11853,Fine-Tuned Model,"2,3,4,5,2,6"
11854,Fine-Tuned Model,
11855,Fine-Tuned Model,"2,5,4,1,3"
11856,Fine-Tuned Model,"1,3,2,5,4,6"
11857,Fine-Tuned Model,6
11858,Fine-Tuned Model,"2,4,1,5,3,6"
11859,Fine-Tuned Model,
11860,Fine-Tuned Model,
11861,Fine-Tuned Model,"1,4,2,6,3,5"
11862,Fine-Tuned Model,"3,1,6,4,2,5"
11863,Fine-Tuned Model,"4,3,2,6,5,1"
11864,Fine-Tuned Model,
11865,Fine-Tuned Model,"5,2,4,3,6,1"
11866,Fine-Tuned Model,"4,2,6,3,5,1"
11867,Fine-Tuned Model,
11868,Fine-Tuned Model,
11869,Fine-Tuned Model,"4,3,6,1,2,5"
11870,Fine-Tuned Model,"1,3,4,2,6,5"
11871,Fine-Tuned Model,"4,2,6,3,5,1"
11872,Fine-Tuned Model,"1,3,5,2,4,6"
11873,Fine-Tuned Model,"5,3,6,2,4,1"
11874,Fine-Tuned Model,
11875,Fine-Tuned Model,"1,6,6"
11876,Fine-Tuned Model,"2,5,4,1,3,6"
11877,Fine-Tuned Model,1
11878,Fine-Tuned Model,"1,4,6,2,3,5"
11879,Fine-Tuned Model,"5,2,6,4,3,1"
11880,Fine-Tuned Model,"3,6,2,5,4,1"
11881,Fine-Tuned Model,"6,1,6"
11882,Fine-Tuned Model,"1,6,6"
11883,Fine-Tuned Model,"3,6,2,5,4,1"
11884,Fine-Tuned Model,"6,6,1"
11885,Fine-Tuned Model,
11886,Fine-Tuned Model,
11887,Fine-Tuned Model,"1,4,3,6,2,5"
11888,Fine-Tuned Model,"3,5,1,6,4,2"
11889,Fine-Tuned Model,"1,3,6,2,4"
11890,Fine-Tuned Model,"2,6,4,3,1,5"
11891,Fine-Tuned Model,
11892,Fine-Tuned Model,"1,5,3,6,4,2"
11893,Fine-Tuned Model,"1,6,6,6,1,6"
11894,Fine-Tuned Model,"2,5,3,6,1,4"
11895,Fine-Tuned Model,"3,1,4,2,6,5"
11896,Fine-Tuned Model,"4,2,6,3,5,1"
11897,Fine-Tuned Model,
11898,Fine-Tuned Model,"2,5,3,6,1,4"
11899,Fine-Tuned Model,"6,2,3,5,4,6"
11900,Fine-Tuned Model,"2,6,3,4,5,1"
11901,Fine-Tuned Model,"3,1,6,2,5,4"
11902,Fine-Tuned Model,
11903,Fine-Tuned Model,"5,3,4,1,6,2"
11904,Fine-Tuned Model,"1,6,6,4,2,6"
11905,Fine-Tuned Model,
11906,Fine-Tuned Model,"4,2,3,6,1,5"
11907,Fine-Tuned Model,
11908,Fine-Tuned Model,"3,4,6,2,5,1"
11909,Fine-Tuned Model,"2,5,6,1,3,4"
11910,Fine-Tuned Model,"1,6,3,5,2,4"
11911,Fine-Tuned Model,"4,6,2,3,5,1"
11912,Fine-Tuned Model,"4,2,3,6,1,5"
11913,Fine-Tuned Model,
11914,Fine-Tuned Model,"5,3,2,6,1,4"
11915,Fine-Tuned Model,"3,1,6,5,2,4"
11916,Fine-Tuned Model,"4,2,6,5,1,3"
11917,Fine-Tuned Model,
11918,Fine-Tuned Model,"3,4,2,6,5,1"
11919,Fine-Tuned Model,
11920,Fine-Tuned Model,"6,6,5,2,3,4"
11921,Fine-Tuned Model,"3,4,5,2,1,6"
11922,Fine-Tuned Model,
11923,Fine-Tuned Model,"4,2,5,1,6,3"
11924,Fine-Tuned Model,"4,6,3,2,5,1"
11925,Fine-Tuned Model,"3,6,2,5,4,1"
11926,Fine-Tuned Model,"6,2,5,1,4,3"
11927,Fine-Tuned Model,"1,2,3,4,5,6"
11928,Fine-Tuned Model,"4,2,6,1,3,5"
11929,Fine-Tuned Model,"3,1,6,4,2,5"
11930,Fine-Tuned Model,"4,2,5,3,6,1"
11931,Fine-Tuned Model,"4,3,6,2,5,1"
11932,Fine-Tuned Model,"4,2,6,3,5,1"
11933,Fine-Tuned Model,"3,6,1,4,5,2"
11934,Fine-Tuned Model,"1,3,2,2,3,6"
11935,Fine-Tuned Model,"1,4,2,2,3,5"
11936,Fine-Tuned Model,"5,2,6,1,3,4"
11937,Fine-Tuned Model,"1,6,6,1,6,1"
11938,Fine-Tuned Model,
11939,Fine-Tuned Model,"4,2,6,5,1,3"
11940,Fine-Tuned Model,"2,3,5"
11941,Fine-Tuned Model,"3,2,6,1,4,5"
11942,Fine-Tuned Model,"1,6,6,6,1,4"
11943,Fine-Tuned Model,"4,3,6,2,5,1"
11944,Fine-Tuned Model,"1,3,6,4,5,2"
11945,Fine-Tuned Model,"1,5,3,2,6,4"
11946,Fine-Tuned Model,"3,5,2,4,6,1"
11947,Fine-Tuned Model,"5,2,6,3,1,4"
11948,Fine-Tuned Model,"2,6,1,6"
11949,Fine-Tuned Model,"1,6,6"
11950,Fine-Tuned Model,"1,2,3,4,5,6"
11951,Fine-Tuned Model,"5,3,2,6,4,1"
11952,Fine-Tuned Model,"6,1,6"
11953,Fine-Tuned Model,"2,6,1,4,3"
11954,Fine-Tuned Model,"1,4,6,3,5,2"
11955,Fine-Tuned Model,"5,3,2,6,1,4"
11956,Fine-Tuned Model,"2,5,1,6,4,3"
11957,Fine-Tuned Model,
11958,Fine-Tuned Model,"4,2,6,1,3,5"
11959,Fine-Tuned Model,"6,3,1,2,4,5"
11960,Fine-Tuned Model,
11961,Fine-Tuned Model,"4,6,1,3,2,5"
11962,Fine-Tuned Model,"1,4,2,6,3,5"
11963,Fine-Tuned Model,
11964,Fine-Tuned Model,"2,5,1,4,3,6"
11965,Fine-Tuned Model,"1,2,3,6,5,2"
11966,Fine-Tuned Model,"3,2,6,5,4"
11967,Fine-Tuned Model,"2,6,4,5,1,3"
11968,Fine-Tuned Model,"2,5,3,1,6,4"
11969,Fine-Tuned Model,"2,4,5,1,6,3"
11970,Fine-Tuned Model,"4,6,2,5,3,1"
11971,Fine-Tuned Model,"1,3,5,2,6,4"
11972,Fine-Tuned Model,"4,6,2,3,1,5"
11973,Fine-Tuned Model,
11974,Fine-Tuned Model,"6,3,1,2,5,4"
11975,Fine-Tuned Model,"1,3,6,4,5,2"
11976,Fine-Tuned Model,"3,6,1,4,5,2"
11977,Fine-Tuned Model,"1,6,2,3,5,4"
11978,Fine-Tuned Model,"5,4,6,3,2,1"
11979,Fine-Tuned Model,
11980,Fine-Tuned Model,
11981,Fine-Tuned Model,
11982,Fine-Tuned Model,"1,3,6,2,5,4"
11983,Fine-Tuned Model,"4,2,5,1,3,6"
11984,Fine-Tuned Model,
11985,Fine-Tuned Model,"4,1,3,6,2,5"
11986,Fine-Tuned Model,"3,6,2,1,5,4"
11987,Fine-Tuned Model,"1,6,6"
11988,Fine-Tuned Model,
11989,Fine-Tuned Model,"2,5,4,1,3,6"
11990,Fine-Tuned Model,
11991,Fine-Tuned Model,"6,2,4,5,3,1"
11992,Fine-Tuned Model,"4,2,6,1,3,5"
11993,Fine-Tuned Model,"4,2,6,3,5,1"
11994,Fine-Tuned Model,"4,6,2,5,3,1"
11995,Fine-Tuned Model,"3,2,5,1,6,4"
11996,Fine-Tuned Model,"4,6,2,1,3,5"
11997,Fine-Tuned Model,"4,1,3,2,6,5"
11998,Fine-Tuned Model,
11999,Fine-Tuned Model,"1,2,5,6,3,4"
12000,Fine-Tuned Model,"6,1,6"
12001,Fine-Tuned Model,"5,2,4,1,3,6"
12002,Fine-Tuned Model,
12003,Fine-Tuned Model,
12004,Fine-Tuned Model,"4,2,6,1,3,5"
12005,Fine-Tuned Model,
12006,Fine-Tuned Model,
12007,Fine-Tuned Model,"3,5,2,6,4,1"
12008,Fine-Tuned Model,"4,6,3,2,5,1"
12009,Fine-Tuned Model,"1,5,2,6,3,4"
12010,Fine-Tuned Model,"1,2,5,3,6,4"
12011,Fine-Tuned Model,"4,3,6,2,5,1"
12012,Fine-Tuned Model,"2,5,1,3,4,6"
12013,Fine-Tuned Model,"5,3,1,2,4,6"
12014,Fine-Tuned Model,"4,3,6,2,5,1"
12015,Fine-Tuned Model,"1,6,4,6,2,5"
12016,Fine-Tuned Model,"2,6,3,1,4,5"
12017,Fine-Tuned Model,"2,6,4,5,3,1"
12018,Fine-Tuned Model,"6,6,6,1,6"
12019,Fine-Tuned Model,"4,1,5,3,2,6"
12020,Fine-Tuned Model,"6,6"
12021,Fine-Tuned Model,"3,6,2,5,4,1"
12022,Fine-Tuned Model,"3,2,5,4,1,6"
12023,Fine-Tuned Model,"4,2,6,1,5,3"
12024,Fine-Tuned Model,
12025,Fine-Tuned Model,
12026,Fine-Tuned Model,"1,4,2,3,5,6"
12027,Fine-Tuned Model,
12028,Fine-Tuned Model,
12029,Fine-Tuned Model,
12030,Fine-Tuned Model,
12031,Fine-Tuned Model,
12032,Fine-Tuned Model,"2,5,1,3,6,4"
12033,Fine-Tuned Model,"4,2,6,1,5,3"
12034,Fine-Tuned Model,"1,6,5,3,2,6"
12035,Fine-Tuned Model,"1,5,2,3,6,4"
12036,Fine-Tuned Model,"6,3,2,6,5,1"
12037,Fine-Tuned Model,"2,3,6,2,4,5"
12038,Fine-Tuned Model,"4,2,3,6,5,1"
12039,Fine-Tuned Model,"3,6,1,5,4,2"
12040,Fine-Tuned Model,"1,1,6,4,1,6"
12041,Fine-Tuned Model,"3,1,6,2,4,5"
12042,Fine-Tuned Model,"3,6,2,5,1,4"
12043,Fine-Tuned Model,"2,4,6,1,3,5"
12044,Fine-Tuned Model,"1,3,5,2,4,6"
12045,Fine-Tuned Model,"5,2,3,6,1,4"
12046,Fine-Tuned Model,"2,4,1,5,3,6"
12047,Fine-Tuned Model,"6,2,3,1,5,4"
12048,Fine-Tuned Model,"4,2,6,1,3,5"
12049,Fine-Tuned Model,6
12050,Fine-Tuned Model,"3,2,6,5,1,4"
12051,Fine-Tuned Model,"3,6,2,5,1,4"
12052,Fine-Tuned Model,6
12053,Fine-Tuned Model,"3,6,2,5,4,1"
12054,Fine-Tuned Model,"1,6,6,1,4,2"
12055,Fine-Tuned Model,5
12056,Fine-Tuned Model,"4,2,6,1,3,5"
12057,Fine-Tuned Model,
12058,Fine-Tuned Model,"1,2,3,4,5,6"
12059,Fine-Tuned Model,"4,2,6,3,1,5"
12060,Fine-Tuned Model,"2,5,6,3,1,4"
12061,Fine-Tuned Model,"2,6,3,1,5,4"
12062,Fine-Tuned Model,"1,4,3,2,6,1"
12063,Fine-Tuned Model,
12064,Fine-Tuned Model,"1,5,2,4,3,6"
12065,Fine-Tuned Model,"4,2,3,1,6,5"
12066,Fine-Tuned Model,"3,2,5,6,1,4"
12067,Fine-Tuned Model,"4,2,5,1,6,3"
12068,Fine-Tuned Model,"6,3,5,6,2,1"
12069,Fine-Tuned Model,"3,2,1"
12070,Fine-Tuned Model,"4,2,5,6,3,1"
12071,Fine-Tuned Model,"4,2,6,3,5,1"
12072,Fine-Tuned Model,"2,5,3,6,1,4"
12073,Fine-Tuned Model,"5,3,1,6,2,4"
12074,Fine-Tuned Model,"4,3,6,2,5,1"
12075,Fine-Tuned Model,"1,2,3,4,5,6"
12076,Fine-Tuned Model,"5,3,2,6,1,4"
12077,Fine-Tuned Model,"3,5,2,4,6,1"
12078,Fine-Tuned Model,"1,5,2,6,4,3"
12079,Fine-Tuned Model,
12080,Fine-Tuned Model,"3,6,2,5,4,1"
12081,Fine-Tuned Model,"2,4,6,1,3,5"
12082,Fine-Tuned Model,"4,2,6,3,5,1"
12083,Fine-Tuned Model,
12084,Fine-Tuned Model,
12085,Fine-Tuned Model,"5,2,3,6,1,4"
12086,Fine-Tuned Model,"3,6,4,2,1,5"
12087,Fine-Tuned Model,"3,5,2,4,6,1"
12088,Fine-Tuned Model,"1,2,4,3,5,2"
12089,Fine-Tuned Model,"4,2,6,5,3,1"
12090,Fine-Tuned Model,"5,3,4,2,6,1"
12091,Fine-Tuned Model,
12092,Fine-Tuned Model,
12093,Fine-Tuned Model,"2,4,6,1,5,3"
12094,Fine-Tuned Model,"4,3,2,6,1,5"
12095,Fine-Tuned Model,"3,6,2,5,1,4"
12096,Fine-Tuned Model,
12097,Fine-Tuned Model,
12098,Fine-Tuned Model,
12099,Fine-Tuned Model,"3,6,1,4,2,5"
12100,Fine-Tuned Model,1
12101,Fine-Tuned Model,
12102,Fine-Tuned Model,"1,6,6,3"
12103,Fine-Tuned Model,
12104,Fine-Tuned Model,"1,3,5,2,6,4"
12105,Fine-Tuned Model,"4,2,5,1,6,3"
12106,Fine-Tuned Model,
12107,Fine-Tuned Model,"5,4,3,2,1,6"
12108,Fine-Tuned Model,
12109,Fine-Tuned Model,"3,1,2,4,5,6"
12110,Fine-Tuned Model,"4,3,6,2,5,1"
12111,Fine-Tuned Model,
12112,Fine-Tuned Model,"4,2,5,6,3,1"
12113,Fine-Tuned Model,"4,2,6,3,5,1"
12114,Fine-Tuned Model,"4,2,5,6,1,3"
12115,Fine-Tuned Model,"6,3,6,5,4,2"
12116,Fine-Tuned Model,"3,4,2,6,5,1"
12117,Fine-Tuned Model,"2,6,4,3,5,1"
12118,Fine-Tuned Model,
12119,Fine-Tuned Model,"4,2,6,3,1,5"
12120,Fine-Tuned Model,"1,5,2,6,1,4"
12121,Fine-Tuned Model,"6,1,6"
12122,Fine-Tuned Model,"1,4,2,6,5,3"
12123,Fine-Tuned Model,"1,2,5,4,3,6"
12124,Fine-Tuned Model,"5,3,1,6,2,4"
12125,Fine-Tuned Model,"4,2,6,3,5,1"
12126,Fine-Tuned Model,"3,2,6,1,5,4"
12127,Fine-Tuned Model,"6,6"
12128,Fine-Tuned Model,"5,3,2,6,4,1"
12129,Fine-Tuned Model,"1,2,5,4,6,3"
12130,Fine-Tuned Model,"2,5,3,6,2,1"
12131,Fine-Tuned Model,"6,2,1,3"
12132,Fine-Tuned Model,"2,5,3,6,1,4"
12133,Fine-Tuned Model,"5,2,1,6,4,3"
12134,Fine-Tuned Model,"3,6,4,2,5,1"
12135,Fine-Tuned Model,"5,3,6,2,6,5"
12136,Fine-Tuned Model,"3,4,6,2,1,5"
12137,Fine-Tuned Model,"4,2,5,1,6,3"
12138,Fine-Tuned Model,"5,3,2,6,1,4"
12139,Fine-Tuned Model,"4,2,6,5,3,1"
12140,Fine-Tuned Model,"3,6,2,5,4,1"
12141,Fine-Tuned Model,"3,6,1,4,2,5"
12142,Fine-Tuned Model,"3,6,2,5,4,1"
12143,Fine-Tuned Model,"2,6,3,4,1,5"
12144,Fine-Tuned Model,"4,1,2,6,5,3"
12145,Fine-Tuned Model,"3,6,2,5,1,4"
12146,Fine-Tuned Model,"3,6,5,2,4,1"
12147,Fine-Tuned Model,"5,2,6,1,4,3"
12148,Fine-Tuned Model,"4,2,3,6,5,1"
12149,Fine-Tuned Model,
12150,Fine-Tuned Model,6
12151,Fine-Tuned Model,6
12152,Fine-Tuned Model,"4,2,5,1,3,6"
12153,Fine-Tuned Model,"4,2,6,1,5,3"
12154,Fine-Tuned Model,"1,1,2,3,3,4"
12155,Fine-Tuned Model,"2,4,5,1,6,3"
12156,Fine-Tuned Model,"3,1,5,3,4,2"
12157,Fine-Tuned Model,"6,1,6,2,5,3"
12158,Fine-Tuned Model,"3,6,2,5,1,4"
12159,Fine-Tuned Model,"3,6,2,5,4,1"
12160,Fine-Tuned Model,"1,6,3,2,6,4"
12161,Fine-Tuned Model,"1,1,1"
12162,Fine-Tuned Model,"5,2,4,1,3,6"
12163,Fine-Tuned Model,"4,2,6,3,5,1"
12164,Fine-Tuned Model,"6,1,6,3,2,5"
12165,Fine-Tuned Model,"4,2,6,1,3,5"
12166,Fine-Tuned Model,"2,6,3,5,1,4"
12167,Fine-Tuned Model,"1,4,3,5,2,6"
12168,Fine-Tuned Model,"4,6,2,5,3,1"
12169,Fine-Tuned Model,"1,6,6,2,5,4"
12170,Fine-Tuned Model,6
12171,Fine-Tuned Model,
12172,Fine-Tuned Model,
12173,Fine-Tuned Model,"4,6,2,5,3,1"
12174,Fine-Tuned Model,"3,6,1,5,2,4"
12175,Fine-Tuned Model,"4,2,6,1,5,3"
12176,Fine-Tuned Model,"3,5,2,6,1,4"
12177,Fine-Tuned Model,"5,2,6,3,4,5"
12178,Fine-Tuned Model,"6,6"
12179,Fine-Tuned Model,"5,4,2,6,1,3"
12180,Fine-Tuned Model,
12181,Fine-Tuned Model,"3,6,1,5,2,4"
12182,Fine-Tuned Model,"4,2,6,3,5,1"
12183,Fine-Tuned Model,
12184,Fine-Tuned Model,"3,1,4,3,5,2"
12185,Fine-Tuned Model,"4,3,6,2,5,1"
12186,Fine-Tuned Model,"1,2,4,3,3,5"
12187,Fine-Tuned Model,"5,3,1,6,2"
12188,Fine-Tuned Model,
12189,Fine-Tuned Model,"1,2,3,4,5,6"
12190,Fine-Tuned Model,"1,2,3,4,5,6"
12191,Fine-Tuned Model,"1,4,2,2,3,6"
12192,Fine-Tuned Model,"3,4,6,2,5,3"
12193,Fine-Tuned Model,"3,6,2,5,1,4"
12194,Fine-Tuned Model,"4,2,6,5,3,1"
12195,Fine-Tuned Model,"5,1,6,2,4,3"
12196,Fine-Tuned Model,"6,1"
12197,Fine-Tuned Model,"2,5,6,3,1,4"
12198,Fine-Tuned Model,"3,6,2,5,1,4"
12199,Fine-Tuned Model,"1,4,2,5,3,6"
12200,Fine-Tuned Model,"2,5,1,4,6,3"
12201,Fine-Tuned Model,
12202,Fine-Tuned Model,"1,4,2,2,3,5"
12203,Fine-Tuned Model,"4,2,6,3,1,5"
12204,Fine-Tuned Model,"1,6,6"
12205,Fine-Tuned Model,
12206,Fine-Tuned Model,"1,4,3,6,2,5"
12207,Fine-Tuned Model,
12208,Fine-Tuned Model,
12209,Fine-Tuned Model,"1,1,1,1,4,2"
12210,Fine-Tuned Model,"2,4,5,3,6,1"
12211,Fine-Tuned Model,"5,4,2,6,1,3"
12212,Fine-Tuned Model,"4,3,2,6,1,5"
12213,Fine-Tuned Model,
12214,Fine-Tuned Model,"1,2,3,4,2,5"
12215,Fine-Tuned Model,"1,3,2,6,4,5"
12216,Fine-Tuned Model,"3,5,2,6,4,1"
12217,Fine-Tuned Model,"3,1,5,2,4,6"
12218,Fine-Tuned Model,"3,6,2,5,1,4"
12219,Fine-Tuned Model,"5,3,2,6,4,1"
12220,Fine-Tuned Model,
12221,Fine-Tuned Model,"1,2,3,4,5,6"
12222,Fine-Tuned Model,
12223,Fine-Tuned Model,"2,5,6,3,1,4"
12224,Fine-Tuned Model,"3,6,2,5,1,4"
12225,Fine-Tuned Model,3
12226,Fine-Tuned Model,"3,5,1,2,6,4"
12227,Fine-Tuned Model,"4,2,5,6,1,3"
12228,Fine-Tuned Model,
12229,Fine-Tuned Model,"4,2,5,6,3,1"
12230,Fine-Tuned Model,"4,3,6,2,5,1"
12231,Fine-Tuned Model,6
12232,Fine-Tuned Model,"3,6,2,5,4,1"
12233,Fine-Tuned Model,"4,2,6,5,3,1"
12234,Fine-Tuned Model,"1,5,4,6,2,3"
12235,Fine-Tuned Model,"4,2,6,1,3,5"
12236,Fine-Tuned Model,"6,4,3,5,2,1"
12237,Fine-Tuned Model,"2,3,1,5,4"
12238,Fine-Tuned Model,
12239,Fine-Tuned Model,"1,5,2,3,6,4"
12240,Fine-Tuned Model,"1,2,3,4,5,6"
12241,Fine-Tuned Model,"1,5"
12242,Fine-Tuned Model,
12243,Fine-Tuned Model,
12244,Fine-Tuned Model,
12245,Fine-Tuned Model,"2,5,1,6,4,3"
12246,Fine-Tuned Model,"1,4,2,3,3,6"
12247,Fine-Tuned Model,"4,2,5,3,6,1"
12248,Fine-Tuned Model,"4,2,6,3,5,1"
12249,Fine-Tuned Model,
12250,Fine-Tuned Model,"3,6,2,5,1,4"
12251,Fine-Tuned Model,"2,6,4"
12252,Fine-Tuned Model,"2,5,3,6,1,4"
12253,Fine-Tuned Model,
12254,Fine-Tuned Model,"4,2,6,3,5,1"
12255,Fine-Tuned Model,"2,4,6,5,3,1"
12256,Fine-Tuned Model,"4,1,6,3,5,2"
12257,Fine-Tuned Model,
12258,Fine-Tuned Model,"4,6,2,5,3,1"
12259,Fine-Tuned Model,
12260,Fine-Tuned Model,
12261,Fine-Tuned Model,"4,2,3,6,5,1"
12262,Fine-Tuned Model,"2,5,3,6,1,4"
12263,Fine-Tuned Model,"5,2,6,3,1,4"
12264,Fine-Tuned Model,
12265,Fine-Tuned Model,"3,6,4,2,5,1"
12266,Fine-Tuned Model,"2,5,1,6,3,4"
12267,Fine-Tuned Model,"6,1,6"
12268,Fine-Tuned Model,
12269,Fine-Tuned Model,
12270,Fine-Tuned Model,"4,6,3,2,5,1"
12271,Fine-Tuned Model,"2,5,3,6,2,4"
12272,Fine-Tuned Model,"1,3,6,2,5,4"
12273,Fine-Tuned Model,"3,6,2,1,5,4"
12274,Fine-Tuned Model,
12275,Fine-Tuned Model,"6,1,6"
12276,Fine-Tuned Model,"3,2,4,5,6,1"
12277,Fine-Tuned Model,
12278,Fine-Tuned Model,"3,4,2,6,1,5"
12279,Fine-Tuned Model,
12280,Fine-Tuned Model,
12281,Fine-Tuned Model,"2,6,4,1,3,5"
12282,Fine-Tuned Model,"3,6,1,5,2,4"
12283,Fine-Tuned Model,
12284,Fine-Tuned Model,
12285,Fine-Tuned Model,"3,6,2,5,4,1"
12286,Fine-Tuned Model,"1,6"
12287,Fine-Tuned Model,6
12288,Fine-Tuned Model,"3,6,2,5,1,4"
12289,Fine-Tuned Model,"1,3,5,2,6,4"
12290,Fine-Tuned Model,
12291,Fine-Tuned Model,"4,2,6,5,3,1"
12292,Fine-Tuned Model,
12293,Fine-Tuned Model,"4,2,6,1,3,5"
12294,Fine-Tuned Model,
12295,Fine-Tuned Model,"1,3,2,5,6,4"
12296,Fine-Tuned Model,"1,4,3,6,2,5"
12297,Fine-Tuned Model,"3,4,6,5,3,2"
12298,Fine-Tuned Model,"2,4,1,6,5,3"
12299,Fine-Tuned Model,
12300,Fine-Tuned Model,
12301,Fine-Tuned Model,
12302,Fine-Tuned Model,"1,3,2,5,2,1"
12303,Fine-Tuned Model,"5,2,6,1,3,4"
12304,Fine-Tuned Model,"3,6,2,5,4,1"
12305,Fine-Tuned Model,"4,2,6,5,1,3"
12306,Fine-Tuned Model,"3,6,1,4,5,2"
12307,Fine-Tuned Model,"4,5,1"
12308,Fine-Tuned Model,"2,5,3,1,4,6"
12309,Fine-Tuned Model,
12310,Fine-Tuned Model,
12311,Fine-Tuned Model,"2,4,6,1,3,5"
12312,Fine-Tuned Model,
12313,Fine-Tuned Model,
12314,Fine-Tuned Model,"1,4,3,6,1,4"
12315,Fine-Tuned Model,"5,3,1,2,4,6"
12316,Fine-Tuned Model,"5,3,6,2,6,4"
12317,Fine-Tuned Model,
12318,Fine-Tuned Model,
12319,Fine-Tuned Model,"1,3,2,4,5,2"
12320,Fine-Tuned Model,
12321,Fine-Tuned Model,"1,6,4,6,2,5"
12322,Fine-Tuned Model,"2,5,4,6,1,3"
12323,Fine-Tuned Model,"1,4,3,6,2,5"
12324,Fine-Tuned Model,"1,6,6"
12325,Fine-Tuned Model,"1,6,6"
12326,Fine-Tuned Model,"1,3,4,2,6,5"
12327,Fine-Tuned Model,"4,2,5,6,3,1"
12328,Fine-Tuned Model,
12329,Fine-Tuned Model,"6,3,2,5,1,4"
12330,Fine-Tuned Model,"5,2,6,4,1,3"
12331,Fine-Tuned Model,"2,6,3,2,5,1"
12332,Fine-Tuned Model,
12333,Fine-Tuned Model,"1,2,3,5,4,1"
12334,Fine-Tuned Model,"3,1,6,2,5,4"
12335,Fine-Tuned Model,"4,2,6,1,5,3"
12336,Fine-Tuned Model,"2,5,3,4,1,6"
12337,Fine-Tuned Model,"1,2,3,4,5,6"
12338,Fine-Tuned Model,"4,2,6,3,5,1"
12339,Fine-Tuned Model,"4,3,1,6,2,5"
12340,Fine-Tuned Model,"4,3,6,5,2,1"
12341,Fine-Tuned Model,
12342,Fine-Tuned Model,"5,2,6,3,1,4"
12343,Fine-Tuned Model,
12344,Fine-Tuned Model,"3,5,2,1,6,4"
12345,Fine-Tuned Model,"6,2,5,1,4,3"
12346,Fine-Tuned Model,"3,6,2,4,5,1"
12347,Fine-Tuned Model,"4,2,5,1,6,3"
12348,Fine-Tuned Model,"3,6,2,5,4,1"
12349,Fine-Tuned Model,"4,2,6,5,3,1"
12350,Fine-Tuned Model,"3,6,2,4,5,1"
12351,Fine-Tuned Model,"3,6,4,5,3,2"
12352,Fine-Tuned Model,"3,4,2,6,5,1"
12353,Fine-Tuned Model,"6,3,4,5,2,1"
12354,Fine-Tuned Model,"1,2,3,4,5,6"
12355,Fine-Tuned Model,"1,2,3,4,5,6"
12356,Fine-Tuned Model,"1,2,6,3,5,4"
12357,Fine-Tuned Model,"4,2,6,1,3,5"
12358,Fine-Tuned Model,"4,1,2,6,3,5"
12359,Fine-Tuned Model,
12360,Fine-Tuned Model,
12361,Fine-Tuned Model,"1,2,3,4,5,6"
12362,Fine-Tuned Model,"2,5,1,3,4,6"
12363,Fine-Tuned Model,"3,5,2,6,1,4"
12364,Fine-Tuned Model,"6,1,6,2,5,3"
12365,Fine-Tuned Model,"4,2,6,3,5,1"
12366,Fine-Tuned Model,
12367,Fine-Tuned Model,"4,2,3,6,1,5"
12368,Fine-Tuned Model,"5,1,3,6,2,4"
12369,Fine-Tuned Model,"1,2,3,4,5,6"
12370,Fine-Tuned Model,"1,6,3,2,4,1"
12371,Fine-Tuned Model,
12372,Fine-Tuned Model,"1,2,4,6,3,5"
12373,Fine-Tuned Model,"4,3,6,2,5,1"
12374,Fine-Tuned Model,"4,6,2,5,3,1"
12375,Fine-Tuned Model,"4,2,5,3,6,1"
12376,Fine-Tuned Model,"2,4,6,5,3,1"
12377,Fine-Tuned Model,"1,2,6,5,1,3"
12378,Fine-Tuned Model,"1,6,6"
12379,Fine-Tuned Model,"4,5"
12380,Fine-Tuned Model,"1,4,2,2,3,6"
12381,Fine-Tuned Model,"3,2,6,1,5,4"
12382,Fine-Tuned Model,"3,6,2,5,1,4"
12383,Fine-Tuned Model,"2,5,1,6,3,4"
12384,Fine-Tuned Model,"3,5,6,2,4,1"
12385,Fine-Tuned Model,"5,2,4,2,6,5"
12386,Fine-Tuned Model,
12387,Fine-Tuned Model,
12388,Fine-Tuned Model,
12389,Fine-Tuned Model,"1,3,6,2,5,4"
12390,Fine-Tuned Model,"5,3,2,6,4,1"
12391,Fine-Tuned Model,"5,3,1,2,6,4"
12392,Fine-Tuned Model,"3,2,5,1,6,4"
12393,Fine-Tuned Model,"4,6,1,5,2,6"
12394,Fine-Tuned Model,"4,2,5,6,1,3"
12395,Fine-Tuned Model,"4,2,5,1,3,6"
12396,Fine-Tuned Model,1
12397,Fine-Tuned Model,
12398,Fine-Tuned Model,
12399,Fine-Tuned Model,
12400,Fine-Tuned Model,"1,1,6,2,1,6"
12401,Fine-Tuned Model,"4,2,6,1,5,3"
12402,Fine-Tuned Model,
12403,Fine-Tuned Model,"1,2,3,4,5,6"
12404,Fine-Tuned Model,
12405,Fine-Tuned Model,"3,6,2,5,4,1"
12406,Fine-Tuned Model,"2,5,1,3,6,4"
12407,Fine-Tuned Model,
12408,Fine-Tuned Model,"3,6,2,4,1"
12409,Fine-Tuned Model,"4,2,5,6,3,1"
12410,Fine-Tuned Model,"1,4,2,2,3,5"
12411,Fine-Tuned Model,"1,3,5,2,4,6"
12412,Fine-Tuned Model,
12413,Fine-Tuned Model,"2,6,3,5,4,1"
12414,Fine-Tuned Model,"2,6,3,5,1,4"
12415,Fine-Tuned Model,"3,2,6,5,4,1"
12416,Fine-Tuned Model,
12417,Fine-Tuned Model,"1,4,3,2,5,1"
12418,Fine-Tuned Model,"1,3,6,2,3,5"
12419,Fine-Tuned Model,"3,5,2,6,4,1"
12420,Fine-Tuned Model,"2,5,3,1,4,6"
12421,Fine-Tuned Model,"5,2,3,4,5,6"
12422,Fine-Tuned Model,
12423,Fine-Tuned Model,"5,1"
12424,Fine-Tuned Model,"2,4,6,3,1,5"
12425,Fine-Tuned Model,"3,2,6,5,4,1"
12426,Fine-Tuned Model,"2,4,1,6,3,5"
12427,Fine-Tuned Model,"1,6,1,3,2,2"
12428,Fine-Tuned Model,
12429,Fine-Tuned Model,
12430,Fine-Tuned Model,"4,1,6,2,3,5"
12431,Fine-Tuned Model,"5,2,4,6,1,3"
12432,Fine-Tuned Model,"6,1,6"
12433,Fine-Tuned Model,"3,6,4,2,5,1"
12434,Fine-Tuned Model,1
12435,Fine-Tuned Model,
12436,Fine-Tuned Model,
12437,Fine-Tuned Model,
12438,Fine-Tuned Model,"1,6,6"
12439,Fine-Tuned Model,"3,2,6,1,4,5"
12440,Fine-Tuned Model,"1,2,6,3,5,4"
12441,Fine-Tuned Model,"3,6,2,5,4,1"
12442,Fine-Tuned Model,"2,6,3,5,4,1"
12443,Fine-Tuned Model,"3,5,6,1,4,2"
12444,Fine-Tuned Model,"4,2,5,6,1,3"
12445,Fine-Tuned Model,"4,2,6,1,5,3"
12446,Fine-Tuned Model,"3,1,2,4,5,6"
12447,Fine-Tuned Model,"3,2,4,5,2,1"
12448,Fine-Tuned Model,"2,6,4,3,5,1"
12449,Fine-Tuned Model,
12450,Fine-Tuned Model,"2,4,6,1,3,5"
12451,Fine-Tuned Model,"2,6,5,3,4,1"
12452,Fine-Tuned Model,
12453,Fine-Tuned Model,"1,4,3,6,2,5"
12454,Fine-Tuned Model,"5,2,3,1,6,4"
12455,Fine-Tuned Model,"1,4,3,1,5,2"
12456,Fine-Tuned Model,"1,2,6,3,4,5"
12457,Fine-Tuned Model,
12458,Fine-Tuned Model,"3,1,6,5,2,4"
12459,Fine-Tuned Model,"4,2,6,1,5,3"
12460,Fine-Tuned Model,"3,6,2,5,4,1"
12461,Fine-Tuned Model,"1,2,3,4,5"
12462,Fine-Tuned Model,"2,6,3,5,4,1"
12463,Fine-Tuned Model,"4,3,6,2,5,1"
12464,Fine-Tuned Model,1
12465,Fine-Tuned Model,
12466,Fine-Tuned Model,"1,4,2,6,3,5"
12467,Fine-Tuned Model,"2,5,3,6,1,4"
12468,Fine-Tuned Model,
12469,Fine-Tuned Model,
12470,Fine-Tuned Model,
12471,Fine-Tuned Model,"1,2"
12472,Fine-Tuned Model,"4,2,5,6,3,1"
12473,Fine-Tuned Model,"2,5,6,1,3,4"
12474,Fine-Tuned Model,"6,1,6,1,6,3"
12475,Fine-Tuned Model,"1,2,3,2,6,5"
12476,Fine-Tuned Model,"6,1,2,5,3,6"
12477,Fine-Tuned Model,"4,3,6,2,5,1"
12478,Fine-Tuned Model,"4,2,6,1,5,3"
12479,Fine-Tuned Model,"1,6,6"
12480,Fine-Tuned Model,"1,4,2,5,6,3"
12481,Fine-Tuned Model,"2,3,4,1,6,2"
12482,Fine-Tuned Model,"1,2,5,3,4,6"
12483,Fine-Tuned Model,"2,6,4,1,3,5"
12484,Fine-Tuned Model,"1,2,3,6,1,3"
12485,Fine-Tuned Model,
12486,Fine-Tuned Model,"2,5,1,6,3,4"
12487,Fine-Tuned Model,"5,2,6,1,4,3"
12488,Fine-Tuned Model,"2,5,3,6,1,4"
12489,Fine-Tuned Model,"3,4,5,1,6,2"
12490,Fine-Tuned Model,"1,2,3"
12491,Fine-Tuned Model,
12492,Fine-Tuned Model,"3,1,6,5,2,4"
12493,Fine-Tuned Model,"3,4,1,5,6"
12494,Fine-Tuned Model,"3,6,2,5,4,1"
12495,Fine-Tuned Model,"5,4,6,2"
12496,Fine-Tuned Model,"2,6,3,5,2,4"
12497,Fine-Tuned Model,"3,2,5,1,6,4"
12498,Fine-Tuned Model,"5,4,3,2,6,1"
12499,Fine-Tuned Model,"2,4,5,6,3,1"
12500,Fine-Tuned Model,"6,2,3,5,4"
12501,Fine-Tuned Model,"4,3,2,5,6,1"
12502,Fine-Tuned Model,
12503,Fine-Tuned Model,"4,2,6,5,3,1"
12504,Fine-Tuned Model,"3,5,2,6,4,1"
12505,Fine-Tuned Model,1
12506,Fine-Tuned Model,"3,5,6,1,4,2"
12507,Fine-Tuned Model,"1,2,4,5,3,6"
12508,Fine-Tuned Model,"1,6,1,6,1"
12509,Fine-Tuned Model,
12510,Fine-Tuned Model,"3,5,2,6,1,4"
12511,Fine-Tuned Model,"4,3,6,2,5,1"
12512,Fine-Tuned Model,"1,6,1,6,1,6"
12513,Fine-Tuned Model,"2,6,3,5,1,4"
12514,Fine-Tuned Model,"3,6,2,5,4,1"
12515,Fine-Tuned Model,"5,2,4,1,6,3"
12516,Fine-Tuned Model,"4,2,6,1,5,3"
12517,Fine-Tuned Model,
12518,Fine-Tuned Model,
12519,Fine-Tuned Model,"3,6,2,5,1,4"
12520,Fine-Tuned Model,"3,6,5,2,4,1"
12521,Fine-Tuned Model,"2,4,3,6,5,1"
12522,Fine-Tuned Model,"4,2,5,3,6,1"
12523,Fine-Tuned Model,"3,5,2,6,1,4"
12524,Fine-Tuned Model,"1,2,4,3,6,5"
12525,Fine-Tuned Model,"1,2,4,3,5,6"
12526,Fine-Tuned Model,"3,6,2,4,5,1"
12527,Fine-Tuned Model,
12528,Fine-Tuned Model,
12529,Fine-Tuned Model,"4,2,6,5,1,3"
12530,Fine-Tuned Model,"3,6,1,2,4,5"
12531,Fine-Tuned Model,
12532,Fine-Tuned Model,"3,5,2,6,1,4"
12533,Fine-Tuned Model,"6,5,3,2,6,1"
12534,Fine-Tuned Model,"4,6,1,2,5,3"
12535,Fine-Tuned Model,"2,4,6,3,5,1"
12536,Fine-Tuned Model,"1,4,2,3,1,3"
12537,Fine-Tuned Model,"1,5,2,3,4,6"
12538,Fine-Tuned Model,"3,5,1,3,4,5"
12539,Fine-Tuned Model,"3,5,1,6,4,2"
12540,Fine-Tuned Model,
12541,Fine-Tuned Model,"3,1,5,6,2,4"
12542,Fine-Tuned Model,"4,2,6,3,5,1"
12543,Fine-Tuned Model,"1,3,5,1,3,5"
12544,Fine-Tuned Model,"3,6,2,5,4,1"
12545,Fine-Tuned Model,"5,4,3,6,2,1"
12546,Fine-Tuned Model,"1,4,2,5,3,6"
12547,Fine-Tuned Model,"3,2,6,3,5,1"
12548,Fine-Tuned Model,"4,1,6,3,2,5"
12549,Fine-Tuned Model,"3,5,2,4,6,1"
12550,Fine-Tuned Model,"4,2,5,6,1,3"
12551,Fine-Tuned Model,"1,6,6"
12552,Fine-Tuned Model,"4,3,1,5,2,6"
12553,Fine-Tuned Model,5
12554,Fine-Tuned Model,"3,6,2,4,5,1"
12555,Fine-Tuned Model,"2,5,3,6,4,1"
12556,Fine-Tuned Model,"2,6,5,4,3,1"
12557,Fine-Tuned Model,"1,3,6,2,5,4"
12558,Fine-Tuned Model,"4,3,2,5,6,1"
12559,Fine-Tuned Model,"3,4,5,2,6,1"
12560,Fine-Tuned Model,
12561,Fine-Tuned Model,5
12562,Fine-Tuned Model,"1,2,3,4,5"
12563,Fine-Tuned Model,
12564,Fine-Tuned Model,"2,6,3,1,4,5"
12565,Fine-Tuned Model,"6,6,1,6"
12566,Fine-Tuned Model,"4,2,6,3,5,1"
12567,Fine-Tuned Model,"5,2,3,6,4,1"
12568,Fine-Tuned Model,"3,2,6,5,4,1"
12569,Fine-Tuned Model,"4,2,5,3,1,6"
12570,Fine-Tuned Model,
12571,Fine-Tuned Model,"3,5,2,6,1,4"
12572,Fine-Tuned Model,"3,2,6,5,1,4"
12573,Fine-Tuned Model,"4,2,6,1,5,3"
12574,Fine-Tuned Model,"1,2,3,4,5,6"
12575,Fine-Tuned Model,"3,6,2,5,1,4"
12576,Fine-Tuned Model,"2,5,1,6,3,4"
12577,Fine-Tuned Model,"3,2,5,4,1,6"
12578,Fine-Tuned Model,"4,2,5,6,3,1"
12579,Fine-Tuned Model,"2,5,3,6,1,4"
12580,Fine-Tuned Model,"3,2,4,5,1,6"
12581,Fine-Tuned Model,"6,1,6,1"
12582,Fine-Tuned Model,"3,1,5,6,2,4"
12583,Fine-Tuned Model,"4,6,3,5,2,1"
12584,Fine-Tuned Model,"1,6,2,3,5,4"
12585,Fine-Tuned Model,
12586,Fine-Tuned Model,"2,5,3,1,6,4"
12587,Fine-Tuned Model,"4,2,5"
12588,Fine-Tuned Model,"5,3,1,6,2,4"
12589,Fine-Tuned Model,
12590,Fine-Tuned Model,"2,5,6,3,1,4"
12591,Fine-Tuned Model,"3,2,6,5,1,4"
12592,Fine-Tuned Model,"4,2,3,6,1,5"
12593,Fine-Tuned Model,
12594,Fine-Tuned Model,"1,3,6,2,4,5"
12595,Fine-Tuned Model,"3,1,6,4,2,5"
12596,Fine-Tuned Model,"4,2,5,1,3,6"
12597,Fine-Tuned Model,"1,2,3,4,5,6"
12598,Fine-Tuned Model,"2,5,1,6,3,4"
12599,Fine-Tuned Model,"2,5,3,6,4,1"
12600,Fine-Tuned Model,"4,1,3,6,2,5"
12601,Fine-Tuned Model,
12602,Fine-Tuned Model,"1,4"
12603,Fine-Tuned Model,"4,2,6,5,3,1"
12604,Fine-Tuned Model,
12605,Fine-Tuned Model,
12606,Fine-Tuned Model,"1,2,3,4,5,6"
12607,Fine-Tuned Model,
12608,Fine-Tuned Model,"4,3,2,5,6,1"
12609,Fine-Tuned Model,"1,6,3,4,2,5"
12610,Fine-Tuned Model,"4,3,5,2,1,6"
12611,Fine-Tuned Model,"4,3,6,2,5,1"
12612,Fine-Tuned Model,
12613,Fine-Tuned Model,"5,3,2,6,4,1"
12614,Fine-Tuned Model,"1,4,2,6,3,5"
12615,Fine-Tuned Model,"4,3,5"
12616,Fine-Tuned Model,"5,3,2,6,1,4"
12617,Fine-Tuned Model,"3,4,2,6,5,1"
12618,Fine-Tuned Model,"1,6,1,3,2,4"
12619,Fine-Tuned Model,
12620,Fine-Tuned Model,
12621,Fine-Tuned Model,"2,4,6,1,3,5"
12622,Fine-Tuned Model,"1,2,4,3,5,6"
12623,Fine-Tuned Model,"5,2,4,3,5,6"
12624,Fine-Tuned Model,"4,2,6,3,5,1"
12625,Fine-Tuned Model,"2,5,3,6,1,4"
12626,Fine-Tuned Model,"3,6,2,5,4,1"
12627,Fine-Tuned Model,"3,6,2,5,1,4"
12628,Fine-Tuned Model,"2,4,6,3,1,5"
12629,Fine-Tuned Model,
12630,Fine-Tuned Model,"2,5,3,6,1,4"
12631,Fine-Tuned Model,"2,4,3,6,5,1"
12632,Fine-Tuned Model,"1,3,6,4,2,5"
12633,Fine-Tuned Model,"4,2,3,6,1,5"
12634,Fine-Tuned Model,
12635,Fine-Tuned Model,"4,3,5,6,2,1"
12636,Fine-Tuned Model,"4,2,6,5,3,1"
12637,Fine-Tuned Model,"4,6,3,2,5"
12638,Fine-Tuned Model,"2,5,6,3,1,4"
12639,Fine-Tuned Model,"1,6,1,6,1"
12640,Fine-Tuned Model,"4,3,5,2,6,1"
12641,Fine-Tuned Model,"1,2,3,4,5,6"
12642,Fine-Tuned Model,"2,5,6,3,1,4"
12643,Fine-Tuned Model,"1,5,2,6,3,4"
12644,Fine-Tuned Model,"1,2,3,4,5,6"
12645,Fine-Tuned Model,"2,4,6,3,5"
12646,Fine-Tuned Model,"3,2,6,1,4,5"
12647,Fine-Tuned Model,"4,2,6,3,5,1"
12648,Fine-Tuned Model,"3,6,2,5,4,1"
12649,Fine-Tuned Model,"1,1,2,5,6,3"
12650,Fine-Tuned Model,"3,5,2,6,3,1"
12651,Fine-Tuned Model,"4,2,6,1,5,3"
12652,Fine-Tuned Model,
12653,Fine-Tuned Model,
12654,Fine-Tuned Model,"2,4,1,6,3,5"
12655,Fine-Tuned Model,"2,5,6,4,3,1"
12656,Fine-Tuned Model,"6,1,6"
12657,Fine-Tuned Model,"4,2,3,1,6,5"
12658,Fine-Tuned Model,
12659,Fine-Tuned Model,"2,5,4,3,6,1"
12660,Fine-Tuned Model,"1,4,2,6,5,3"
12661,Fine-Tuned Model,
12662,Fine-Tuned Model,
12663,Fine-Tuned Model,
12664,Fine-Tuned Model,"4,2,6,5,3,1"
12665,Fine-Tuned Model,"4,1,2,6,3,5"
12666,Fine-Tuned Model,
12667,Fine-Tuned Model,"5,3,2,6,1,4"
12668,Fine-Tuned Model,"1,2,5,6,3,4"
12669,Fine-Tuned Model,"3,2,5,1,6,4"
12670,Fine-Tuned Model,
12671,Fine-Tuned Model,
12672,Fine-Tuned Model,
12673,Fine-Tuned Model,
12674,Fine-Tuned Model,
12675,Fine-Tuned Model,"5,3,6,2,4,1"
12676,Fine-Tuned Model,"5,2,6,3,1,4"
12677,Fine-Tuned Model,6
12678,Fine-Tuned Model,
12679,Fine-Tuned Model,"4,2,6,1,3,5"
12680,Fine-Tuned Model,"1,3,6,2,5,4"
12681,Fine-Tuned Model,"5,3,1,2,4,6"
12682,Fine-Tuned Model,"4,2,6,3,5,1"
12683,Fine-Tuned Model,"1,4,2,6,5,3"
12684,Fine-Tuned Model,"6,1,6"
12685,Fine-Tuned Model,
12686,Fine-Tuned Model,"5,3,1,4,6,2"
12687,Fine-Tuned Model,
12688,Fine-Tuned Model,"3,5,2,6,4,1"
12689,Fine-Tuned Model,"3,2,6,5,4,1"
12690,Fine-Tuned Model,"1,2,3,4,5,6"
12691,Fine-Tuned Model,"3,4,6,5,2,1"
12692,Fine-Tuned Model,"5,2,6,3,1,4"
12693,Fine-Tuned Model,
12694,Fine-Tuned Model,
12695,Fine-Tuned Model,"1,6,2,4,3,5"
12696,Fine-Tuned Model,"3,4,6,2,5,1"
12697,Fine-Tuned Model,
12698,Fine-Tuned Model,
12699,Fine-Tuned Model,6
12700,Fine-Tuned Model,"2,4,1,5,6,3"
12701,Fine-Tuned Model,"2,5,1,3,6,4"
12702,Fine-Tuned Model,"3,6,2,5,1,4"
12703,Fine-Tuned Model,"2,3,6,2,4,5"
12704,Fine-Tuned Model,"4,2,5,3,6,1"
12705,Fine-Tuned Model,"2,4,6,1,3,5"
12706,Fine-Tuned Model,"1,2,1,3,1,4"
12707,Fine-Tuned Model,"1,2,5,4,6,3"
12708,Fine-Tuned Model,"4,2,6,3,1,5"
12709,Fine-Tuned Model,
12710,Fine-Tuned Model,"4,3,5,2,6,1"
12711,Fine-Tuned Model,"3,5,2,6,4,3"
12712,Fine-Tuned Model,"4,2,3,1,5,6"
12713,Fine-Tuned Model,"1,3,2,4,3,5"
12714,Fine-Tuned Model,
12715,Fine-Tuned Model,
12716,Fine-Tuned Model,"3,6,2,4,1,5"
12717,Fine-Tuned Model,1
12718,Fine-Tuned Model,"5,2,6,1,3,4"
12719,Fine-Tuned Model,"3,6,2,5,4,1"
12720,Fine-Tuned Model,"3,5,1,2,6,4"
12721,Fine-Tuned Model,"5,2,3,6,1,4"
12722,Fine-Tuned Model,"1,2,3,4,5,6"
12723,Fine-Tuned Model,"4,3,5,6,2,5"
12724,Fine-Tuned Model,"3,6,1,4,5,2"
12725,Fine-Tuned Model,"4,2,6,5,3,1"
12726,Fine-Tuned Model,"4,3,2,6,1,5"
12727,Fine-Tuned Model,
12728,Fine-Tuned Model,
12729,Fine-Tuned Model,
12730,Fine-Tuned Model,"4,3,6,2,5,1"
12731,Fine-Tuned Model,"4,2,6,1,3,5"
12732,Fine-Tuned Model,"3,4,2,6,5,1"
12733,Fine-Tuned Model,"4,3,6,2,5,1"
12734,Fine-Tuned Model,"5,2,6,1,4,3"
12735,Fine-Tuned Model,"1,3,6,2,5,4"
12736,Fine-Tuned Model,"2,6,4,1"
12737,Fine-Tuned Model,
12738,Fine-Tuned Model,"2,6,3,5,4,1"
12739,Fine-Tuned Model,"2,6,5,3,1,4"
12740,Fine-Tuned Model,
12741,Fine-Tuned Model,"2,5,3,6,1,4"
12742,Fine-Tuned Model,"3,6,4,5,2,1"
12743,Fine-Tuned Model,"3,6,1,2,5,4"
12744,Fine-Tuned Model,"5,6,4,3,4,4"
12745,Fine-Tuned Model,
12746,Fine-Tuned Model,6
12747,Fine-Tuned Model,
12748,Fine-Tuned Model,"4,3,6,2,5,1"
12749,Fine-Tuned Model,
12750,Fine-Tuned Model,"1,5,2,6,4,3"
12751,Fine-Tuned Model,
12752,Fine-Tuned Model,"3,4,6,2,5,1"
12753,Fine-Tuned Model,
12754,Fine-Tuned Model,6
12755,Fine-Tuned Model,"4,2,6,1,5,3"
12756,Fine-Tuned Model,"1,3,4,5,6,3"
12757,Fine-Tuned Model,"4,2,3,6,1,5"
12758,Fine-Tuned Model,
12759,Fine-Tuned Model,"1,4,2,5,3,6"
12760,Fine-Tuned Model,6
12761,Fine-Tuned Model,"4,2,6,3,1,5"
12762,Fine-Tuned Model,
12763,Fine-Tuned Model,
12764,Fine-Tuned Model,"3,2,6,5,4,1"
12765,Fine-Tuned Model,"3,6,2,5,4,1"
12766,Fine-Tuned Model,"2,5,4,1,6,3"
12767,Fine-Tuned Model,"1,6"
12768,Fine-Tuned Model,
12769,Fine-Tuned Model,"3,6,2,5,4,1"
12770,Fine-Tuned Model,"1,3,2,6,4,5"
12771,Fine-Tuned Model,"5,2,6,1,4,3"
12772,Fine-Tuned Model,"3,1,6,4,2,5"
12773,Fine-Tuned Model,"3,2,6,5,1,4"
12774,Fine-Tuned Model,"2,5,4,1,6,3"
12775,Fine-Tuned Model,"3,5,2,6,1,4"
12776,Fine-Tuned Model,"3,4,6,2,5,1"
12777,Fine-Tuned Model,"6,3,2,4,5,1"
12778,Fine-Tuned Model,"4,6,2,5,3,1"
12779,Fine-Tuned Model,
12780,Fine-Tuned Model,1
12781,Fine-Tuned Model,6
12782,Fine-Tuned Model,"5,2,3,4,6,1"
12783,Fine-Tuned Model,"5,3,6,4,2,1"
12784,Fine-Tuned Model,
12785,Fine-Tuned Model,"3,6,5,2,4,1"
12786,Fine-Tuned Model,"4,3,6,2,5,1"
12787,Fine-Tuned Model,"2,6,4,3,5,1"
12788,Fine-Tuned Model,"4,2,6,3,5,1"
12789,Fine-Tuned Model,"1,3,2,6,5,1"
12790,Fine-Tuned Model,1
12791,Fine-Tuned Model,"4,6,2,5,3,1"
12792,Fine-Tuned Model,"3,6,2,5,4,1"
12793,Fine-Tuned Model,"4,6,2,5,3,1"
12794,Fine-Tuned Model,"3,2,6,5,4,1"
12795,Fine-Tuned Model,
12796,Fine-Tuned Model,"3,4,6,2,5,1"
12797,Fine-Tuned Model,"1,2,3,4,5,6"
12798,Fine-Tuned Model,
12799,Fine-Tuned Model,
12800,Fine-Tuned Model,"4,2,6,3,5,1"
12801,Fine-Tuned Model,
12802,Fine-Tuned Model,
12803,Fine-Tuned Model,"5,2,6,3,1,4"
12804,Fine-Tuned Model,"1,2,6,3,6,4"
12805,Fine-Tuned Model,
12806,Fine-Tuned Model,"1,4,2,5,3,6"
12807,Fine-Tuned Model,
12808,Fine-Tuned Model,"4,2,6,1,3,5"
12809,Fine-Tuned Model,
12810,Fine-Tuned Model,
12811,Fine-Tuned Model,"2,5,1,6,3,4"
12812,Fine-Tuned Model,
12813,Fine-Tuned Model,
12814,Fine-Tuned Model,
12815,Fine-Tuned Model,
12816,Fine-Tuned Model,"4,2,6,1,3,5"
12817,Fine-Tuned Model,"1,3,2,2,3"
12818,Fine-Tuned Model,"1,4,5,3"
12819,Fine-Tuned Model,"6,6,6,6,6,6"
12820,Fine-Tuned Model,"1,3,2,6,4,5"
12821,Fine-Tuned Model,
12822,Fine-Tuned Model,"3,4,2,1,5,6"
12823,Fine-Tuned Model,"3,6,4,1,5,2"
12824,Fine-Tuned Model,"4,2,6,3,5,1"
12825,Fine-Tuned Model,"2,4,3,5,1,6"
12826,Fine-Tuned Model,"2,4,5,1,3,6"
12827,Fine-Tuned Model,"2,5"
12828,Fine-Tuned Model,"1,2,3,4,5,6"
12829,Fine-Tuned Model,"5,3,1,6,2,4"
12830,Fine-Tuned Model,
12831,Fine-Tuned Model,"4,2,6,1,3,5"
12832,Fine-Tuned Model,
12833,Fine-Tuned Model,"1,6,6,3,6,2"
12834,Fine-Tuned Model,"2,4,5,3,6,1"
12835,Fine-Tuned Model,"1,6,6"
12836,Fine-Tuned Model,"6,5,4"
12837,Fine-Tuned Model,"3,6,2,5,1,4"
12838,Fine-Tuned Model,"1,2,3,4,5,6"
12839,Fine-Tuned Model,
12840,Fine-Tuned Model,"4,3,2,5,1,6"
12841,Fine-Tuned Model,"3,2,6,5,4,1"
12842,Fine-Tuned Model,
12843,Fine-Tuned Model,"3,2,6,5,4,1"
12844,Fine-Tuned Model,"1,2,3,4,5,6"
12845,Fine-Tuned Model,"1,4,2,3,5,6"
12846,Fine-Tuned Model,
12847,Fine-Tuned Model,"4,2,3,6,1,5"
12848,Fine-Tuned Model,"3,2,5,1,6,4"
12849,Fine-Tuned Model,"3,6,2,5,4,1"
12850,Fine-Tuned Model,"1,2,3,4,5,6"
12851,Fine-Tuned Model,"4,2,6,3,5,1"
12852,Fine-Tuned Model,"1,3,2,6,5,4"
12853,Fine-Tuned Model,
12854,Fine-Tuned Model,"2,4,6,1,3,5"
12855,Fine-Tuned Model,"3,6,5,1,2,4"
12856,Fine-Tuned Model,"3,5,1,6,2,4"
12857,Fine-Tuned Model,"3,6,2,5,1,4"
12858,Fine-Tuned Model,
12859,Fine-Tuned Model,"1,4,2,3,6,5"
12860,Fine-Tuned Model,"6,1,6"
12861,Fine-Tuned Model,
12862,Fine-Tuned Model,5
12863,Fine-Tuned Model,"4,2,6,5,1,3"
12864,Fine-Tuned Model,
12865,Fine-Tuned Model,"4,3,2,6,5,1"
12866,Fine-Tuned Model,"1,6,6"
12867,Fine-Tuned Model,"1,3,2,6,5,4"
12868,Fine-Tuned Model,"1,4,3,6,2,5"
12869,Fine-Tuned Model,
12870,Fine-Tuned Model,"1,5,3,2,6,4"
12871,Fine-Tuned Model,"3,6,1,5,2,4"
12872,Fine-Tuned Model,"4,2,5,6,3,1"
12873,Fine-Tuned Model,"5,2,6,3,1,4"
12874,Fine-Tuned Model,"5,3,6,2,5,1"
12875,Fine-Tuned Model,"2,4,6,3,1,5"
12876,Fine-Tuned Model,"2,5,1,6,4,3"
12877,Fine-Tuned Model,"1,2,6,4,3,5"
12878,Fine-Tuned Model,
12879,Fine-Tuned Model,"1,1,3,2,6,5"
12880,Fine-Tuned Model,"1,4,2,6,3,2"
12881,Fine-Tuned Model,"4,2,5,1,6,3"
12882,Fine-Tuned Model,"4,2,3,6,1,5"
12883,Fine-Tuned Model,"1,4,2,3,6,5"
12884,Fine-Tuned Model,
12885,Fine-Tuned Model,"2,6,5,3,4,1"
12886,Fine-Tuned Model,"4,3,2,6,5,1"
12887,Fine-Tuned Model,"4,2,6,1,3,5"
12888,Fine-Tuned Model,"4,2,6,1,3,5"
12889,Fine-Tuned Model,
12890,Fine-Tuned Model,"1,2,4,6,1,3"
12891,Fine-Tuned Model,1
12892,Fine-Tuned Model,"4,3,2,6,1,5"
12893,Fine-Tuned Model,"4,2,6,5,1,3"
12894,Fine-Tuned Model,"4,3,6,2,5,1"
12895,Fine-Tuned Model,
12896,Fine-Tuned Model,"5,2,6,3,1,4"
12897,Fine-Tuned Model,
12898,Fine-Tuned Model,"1,4,2,5,3,6"
12899,Fine-Tuned Model,"3,1"
12900,Fine-Tuned Model,"2,6,1,3,5,4"
12901,Fine-Tuned Model,"4,3,6,2,5,1"
12902,Fine-Tuned Model,"3,2,5,1,4,3"
12903,Fine-Tuned Model,"4,6,2,5,1,3"
12904,Fine-Tuned Model,"6,5"
12905,Fine-Tuned Model,
12906,Fine-Tuned Model,"4,3,6,5,2,1"
12907,Fine-Tuned Model,"3,6,2,5,1,4"
12908,Fine-Tuned Model,"5,3,2,6,1,4"
12909,Fine-Tuned Model,"2,6,4,3,1,5"
12910,Fine-Tuned Model,"6,1,6"
12911,Fine-Tuned Model,
12912,Fine-Tuned Model,"1,2,6,4,1,2"
12913,Fine-Tuned Model,"4,6,3,1,2,5"
12914,Fine-Tuned Model,
12915,Fine-Tuned Model,"2,3,5,4,1,6"
12916,Fine-Tuned Model,"1,4,3,5,2,6"
12917,Fine-Tuned Model,
12918,Fine-Tuned Model,"1,2,3"
12919,Fine-Tuned Model,"6,1,6,1,6,6"
12920,Fine-Tuned Model,"4,6,3,2,5,1"
12921,Fine-Tuned Model,3
12922,Fine-Tuned Model,"4,2,6,5,3,1"
12923,Fine-Tuned Model,1
12924,Fine-Tuned Model,"2,4,3,5,6,1"
12925,Fine-Tuned Model,"1,4,5,6,3,5"
12926,Fine-Tuned Model,
12927,Fine-Tuned Model,"3,6,2,5,4,1"
12928,Fine-Tuned Model,"2,6,4,1,5,3"
12929,Fine-Tuned Model,"4,3,6,2,5,1"
12930,Fine-Tuned Model,"4,3,2,5,6,1"
12931,Fine-Tuned Model,
12932,Fine-Tuned Model,"2,6,4,3,5,1"
12933,Fine-Tuned Model,"4,2,5,6,3,1"
12934,Fine-Tuned Model,"4,2,5,1,6,3"
12935,Fine-Tuned Model,"4,2,3,6,1,5"
12936,Fine-Tuned Model,"3,5,2,6,4,1"
12937,Fine-Tuned Model,"1,2,3,4,5,6"
12938,Fine-Tuned Model,"1,2,3,4,5,6"
12939,Fine-Tuned Model,
12940,Fine-Tuned Model,"1,6,3,6,2,5"
12941,Fine-Tuned Model,"4,2,6,3,1,5"
12942,Fine-Tuned Model,"6,2,5,3,1,6"
12943,Fine-Tuned Model,
12944,Fine-Tuned Model,"6,1,6,1,6,1"
12945,Fine-Tuned Model,"2,5,1,6,3,4"
12946,Fine-Tuned Model,
12947,Fine-Tuned Model,"1,4,5,6,3,2"
12948,Fine-Tuned Model,"1,3,5,2,6,4"
12949,Fine-Tuned Model,"2,5,4,3,6,1"
12950,Fine-Tuned Model,"2,6,3,5,2,4"
12951,Fine-Tuned Model,"2,5,3,1,6,4"
12952,Fine-Tuned Model,
12953,Fine-Tuned Model,"2,5,6,4,1,3"
12954,Fine-Tuned Model,"4,3,6,2,5,1"
12955,Fine-Tuned Model,"4,3,6,2,5,1"
12956,Fine-Tuned Model,3
12957,Fine-Tuned Model,
12958,Fine-Tuned Model,"1,4,6,1,2,6"
12959,Fine-Tuned Model,"1,4,2,5,3"
12960,Fine-Tuned Model,"4,2,6,5,1,3"
12961,Fine-Tuned Model,
12962,Fine-Tuned Model,"2,5,3,6,1,4"
12963,Fine-Tuned Model,6
12964,Fine-Tuned Model,"4,2,6,3,5,1"
12965,Fine-Tuned Model,
12966,Fine-Tuned Model,"3,4,2,5,1,6"
12967,Fine-Tuned Model,"3,2,6,4,5,1"
12968,Fine-Tuned Model,"4,2,6,3,1,5"
12969,Fine-Tuned Model,"3,6,2,5,4,1"
12970,Fine-Tuned Model,"2,5,3,6,1,4"
12971,Fine-Tuned Model,"3,5,2,6,1,4"
12972,Fine-Tuned Model,"2,6,3,5,1,4"
12973,Fine-Tuned Model,
12974,Fine-Tuned Model,"3,2,4,6,1,5"
12975,Fine-Tuned Model,"6,1,6"
12976,Fine-Tuned Model,"4,2,3,6,1,5"
12977,Fine-Tuned Model,"1,2,3,4,6,5"
12978,Fine-Tuned Model,"3,6,1,5,2,4"
12979,Fine-Tuned Model,"4,2,6,3,1,5"
12980,Fine-Tuned Model,"5,3,2,6,1,4"
12981,Fine-Tuned Model,"3,6,2,5,1,4"
12982,Fine-Tuned Model,"4,2,5,3,6,1"
12983,Fine-Tuned Model,"4,2,6,3,1,5"
12984,Fine-Tuned Model,"4,3,1,6,2,5"
12985,Fine-Tuned Model,"3,5,2,4,1,6"
12986,Fine-Tuned Model,1
12987,Fine-Tuned Model,
12988,Fine-Tuned Model,
12989,Fine-Tuned Model,"2,5,6,3,4,1"
12990,Fine-Tuned Model,"1,3,2,6,4,5"
12991,Fine-Tuned Model,
12992,Fine-Tuned Model,"2,4,6,1,5,3"
12993,Fine-Tuned Model,"4,2,6,3,5,1"
12994,Fine-Tuned Model,"1,6"
12995,Fine-Tuned Model,"3,2,6,1,5,4"
12996,Fine-Tuned Model,
12997,Fine-Tuned Model,"3,1,6,2,4,5"
12998,Fine-Tuned Model,"4,2,6,5,1,3"
12999,Fine-Tuned Model,"2,4,3,1,6,5"
13000,Fine-Tuned Model,"4,6,2,5,1,3"
13001,Fine-Tuned Model,
13002,Fine-Tuned Model,"2,4,5,3,1,6"
13003,Fine-Tuned Model,
13004,Fine-Tuned Model,
13005,Fine-Tuned Model,"4,2,6,5,3,1"
13006,Fine-Tuned Model,"3,1,4,5,2,6"
13007,Fine-Tuned Model,"1,2,5,6,3,4"
13008,Fine-Tuned Model,"4,2,6,5,1,3"
13009,Fine-Tuned Model,1
13010,Fine-Tuned Model,"4,2,6,1,5,3"
13011,Fine-Tuned Model,
13012,Fine-Tuned Model,
13013,Fine-Tuned Model,"2,5,4,6,1,3"
13014,Fine-Tuned Model,6
13015,Fine-Tuned Model,"6,1,6"
13016,Fine-Tuned Model,"1,4,3,6,2,5"
13017,Fine-Tuned Model,"3,5,2,4,3,6"
13018,Fine-Tuned Model,"6,1,6"
13019,Fine-Tuned Model,"2,6,3,5,2,1"
13020,Fine-Tuned Model,"1,4,3,6,2,5"
13021,Fine-Tuned Model,
13022,Fine-Tuned Model,"2,5,4,1,6,3"
13023,Fine-Tuned Model,"4,2,3,6,1,5"
13024,Fine-Tuned Model,"2,6,3,5,1,4"
13025,Fine-Tuned Model,"1,4,2,6,3,5"
13026,Fine-Tuned Model,"1,2,3,4,5,6"
13027,Fine-Tuned Model,"6,1,6,3,6,4"
13028,Fine-Tuned Model,
13029,Fine-Tuned Model,"4,3,6,1,2,5"
13030,Fine-Tuned Model,"5,2,3,1,4,6"
13031,Fine-Tuned Model,"6,4,3,2,6"
13032,Fine-Tuned Model,"4,3,6,5,2,1"
13033,Fine-Tuned Model,"4,2,6,3,5,1"
13034,Fine-Tuned Model,"2,4,3,1,6,5"
13035,Fine-Tuned Model,"6,6"
13036,Fine-Tuned Model,"2,4,6,1,3,5"
13037,Fine-Tuned Model,
13038,Fine-Tuned Model,
13039,Fine-Tuned Model,"1,6,1,2,3,4"
13040,Fine-Tuned Model,"2,6,3,4,2,5"
13041,Fine-Tuned Model,"3,6,2,5,4,1"
13042,Fine-Tuned Model,
13043,Fine-Tuned Model,"3,2,6,5,1,4"
13044,Fine-Tuned Model,1
13045,Fine-Tuned Model,"3,6,2,5,4,1"
13046,Fine-Tuned Model,2
13047,Fine-Tuned Model,"3,6,2,5,1,4"
13048,Fine-Tuned Model,"1,3,2,6,4,5"
13049,Fine-Tuned Model,"3,5,1,6,2,4"
13050,Fine-Tuned Model,"4,6,2,5,3,1"
13051,Fine-Tuned Model,
13052,Fine-Tuned Model,"1,6,2,4,5,3"
13053,Fine-Tuned Model,"1,6,1,6"
13054,Fine-Tuned Model,"1,6,6"
13055,Fine-Tuned Model,
13056,Fine-Tuned Model,"2,3,6,5,6,2"
13057,Fine-Tuned Model,"1,4,2,3,3,6"
13058,Fine-Tuned Model,"2,6,3,4,5,1"
13059,Fine-Tuned Model,"4,2,6,5,3,1"
13060,Fine-Tuned Model,"4,3,6,2,5,1"
13061,Fine-Tuned Model,"2,4,5,1,3,6"
13062,Fine-Tuned Model,"4,3,5,6,2,1"
13063,Fine-Tuned Model,
13064,Fine-Tuned Model,"4,2,6,1,5,3"
13065,Fine-Tuned Model,"5,3,1,6,4,2"
13066,Fine-Tuned Model,
13067,Fine-Tuned Model,6
13068,Fine-Tuned Model,"2,5,1,4,3,6"
13069,Fine-Tuned Model,"5,2,3,4,6,1"
13070,Fine-Tuned Model,"5,2,6,1,3,4"
13071,Fine-Tuned Model,"2,5,4,1,6,3"
13072,Fine-Tuned Model,"3,4,2,5,1,6"
13073,Fine-Tuned Model,"4,3,6,2,5,1"
13074,Fine-Tuned Model,"1,2,6,3,4,5"
13075,Fine-Tuned Model,"4,2,6,1,3,5"
13076,Fine-Tuned Model,"2,3,6,5,1,4"
13077,Fine-Tuned Model,"3,6,2,5,4,1"
13078,Fine-Tuned Model,"1,3,5,2,4,6"
13079,Fine-Tuned Model,"1,3,5,2,3,6"
13080,Fine-Tuned Model,"1,2,5,3,1,6"
13081,Fine-Tuned Model,"3,6,2,5,1,4"
13082,Fine-Tuned Model,"2,5,6,3,1,4"
13083,Fine-Tuned Model,"1,4,2,6,5,3"
13084,Fine-Tuned Model,"3,4,6,2,5,1"
13085,Fine-Tuned Model,
13086,Fine-Tuned Model,
13087,Fine-Tuned Model,"1,6,1,6,1,6"
13088,Fine-Tuned Model,"3,5,2,6,1,4"
13089,Fine-Tuned Model,
13090,Fine-Tuned Model,"3,2,5,1,6,4"
13091,Fine-Tuned Model,"1,6"
13092,Fine-Tuned Model,"2,4,1,5,3,6"
13093,Fine-Tuned Model,"1,4,2,5,6,3"
13094,Fine-Tuned Model,
13095,Fine-Tuned Model,
13096,Fine-Tuned Model,"1,3,4,2,6,5"
13097,Fine-Tuned Model,6
13098,Fine-Tuned Model,"5,3,2,4,6,1"
13099,Fine-Tuned Model,"1,4,2,3,6,5"
13100,Fine-Tuned Model,"2,6,1,4,5,3"
13101,Fine-Tuned Model,"4,2,6,1,3,5"
13102,Fine-Tuned Model,"4,2,6,5,3,1"
13103,Fine-Tuned Model,"4,2,6,3,5,1"
13104,Fine-Tuned Model,"1,4,2,6,3,5"
13105,Fine-Tuned Model,"3,5,2,6,1,4"
13106,Fine-Tuned Model,
13107,Fine-Tuned Model,"3,2"
13108,Fine-Tuned Model,"1,5,2,6,3,4"
13109,Fine-Tuned Model,"3,4,2,5,6,1"
13110,Fine-Tuned Model,
13111,Fine-Tuned Model,"1,2,3,4,5,6"
13112,Fine-Tuned Model,"6,3,2,4,6,5"
13113,Fine-Tuned Model,"3,6,2,5,4,1"
13114,Fine-Tuned Model,"3,6,1,5,2,4"
13115,Fine-Tuned Model,
13116,Fine-Tuned Model,"4,2,3,5,6,1"
13117,Fine-Tuned Model,"1,3,2,6,5,4"
13118,Fine-Tuned Model,
13119,Fine-Tuned Model,"2,4,6,1,3,5"
13120,Fine-Tuned Model,"5,2,6,3,1,4"
13121,Fine-Tuned Model,"4,3,5,2,6,1"
13122,Fine-Tuned Model,"3,5,1,6,4,2"
13123,Fine-Tuned Model,"2,5,3,6,1,4"
13124,Fine-Tuned Model,"5,3,1,6,4,2"
13125,Fine-Tuned Model,"3,5,2,6,1,4"
13126,Fine-Tuned Model,"6,1,6"
13127,Fine-Tuned Model,"4,2,1,5,6,3"
13128,Fine-Tuned Model,"2,6,4,1,3,5"
13129,Fine-Tuned Model,"3,6,2,4,1,5"
13130,Fine-Tuned Model,"1,5,3,2,6,4"
13131,Fine-Tuned Model,"4,3,6,2,5,1"
13132,Fine-Tuned Model,"6,1,6,3,6"
13133,Fine-Tuned Model,
13134,Fine-Tuned Model,
13135,Fine-Tuned Model,"5,3,2,6,1,4"
13136,Fine-Tuned Model,"1,1,3,6,5,2"
13137,Fine-Tuned Model,"3,6,2,5,4,1"
13138,Fine-Tuned Model,"4,2,6,3,1,5"
13139,Fine-Tuned Model,"1,4,2,3,3,6"
13140,Fine-Tuned Model,
13141,Fine-Tuned Model,"2,4,1,3,6,5"
13142,Fine-Tuned Model,"4,6,1,3,2,5"
13143,Fine-Tuned Model,"4,6,2,3,5,1"
13144,Fine-Tuned Model,"1,2,3,4,5,6"
13145,Fine-Tuned Model,"3,1,5,2,6,4"
13146,Fine-Tuned Model,
13147,Fine-Tuned Model,"3,6,2,4,5,1"
13148,Fine-Tuned Model,
13149,Fine-Tuned Model,"1,4,5,6"
13150,Fine-Tuned Model,
13151,Fine-Tuned Model,
13152,Fine-Tuned Model,"4,3,2,6,5,1"
13153,Fine-Tuned Model,"3,5,2,6,1,4"
13154,Fine-Tuned Model,"6,3,4,5,2,1"
13155,Fine-Tuned Model,"1,3,2,6,4,5"
13156,Fine-Tuned Model,6
13157,Fine-Tuned Model,
13158,Fine-Tuned Model,
13159,Fine-Tuned Model,"4,2,5,3,6,1"
13160,Fine-Tuned Model,"1,6,3,4,2,5"
13161,Fine-Tuned Model,"3,5,1,2,6,4"
13162,Fine-Tuned Model,
13163,Fine-Tuned Model,"3,6,5,2,1,4"
13164,Fine-Tuned Model,
13165,Fine-Tuned Model,"4,2,6,5,1,3"
13166,Fine-Tuned Model,
13167,Fine-Tuned Model,"6,1,6"
13168,Fine-Tuned Model,"1,4,2,6,5,3"
13169,Fine-Tuned Model,"4,3,6,1,5,2"
13170,Fine-Tuned Model,"1,2,5,4,3,6"
13171,Fine-Tuned Model,
13172,Fine-Tuned Model,"5,5,3,4,2"
13173,Fine-Tuned Model,"4,2,6,1,3,5"
13174,Fine-Tuned Model,"4,6,2,3,5"
13175,Fine-Tuned Model,"5,2,6,4,3,1"
13176,Fine-Tuned Model,"2,5,4,1,3,6"
13177,Fine-Tuned Model,"3,1,6,5,4,2"
13178,Fine-Tuned Model,"4,6,2,5,3,1"
13179,Fine-Tuned Model,"1,3,4,2,6,5"
13180,Fine-Tuned Model,"3,2,6,5,4,1"
13181,Fine-Tuned Model,"1,4,2,6,3,5"
13182,Fine-Tuned Model,"1,2,3,4,5,6"
13183,Fine-Tuned Model,"3,1,6,4,2,5"
13184,Fine-Tuned Model,
13185,Fine-Tuned Model,"3,4,6,2,5,1"
13186,Fine-Tuned Model,
13187,Fine-Tuned Model,"5,3,2,6,4,1"
13188,Fine-Tuned Model,"2,6,4,1,3,5"
13189,Fine-Tuned Model,"1,6,1,6,1,6"
13190,Fine-Tuned Model,"5,2,6,3,1,4"
13191,Fine-Tuned Model,"3,1,6,5,2,4"
13192,Fine-Tuned Model,
13193,Fine-Tuned Model,"4,6,3,2,5,1"
13194,Fine-Tuned Model,"4,2,5,6,1,3"
13195,Fine-Tuned Model,"1,2,3,4,5,6"
13196,Fine-Tuned Model,
13197,Fine-Tuned Model,"2,5,3,1,4,6"
13198,Fine-Tuned Model,"1,3,6,2,4,5"
13199,Fine-Tuned Model,"5,2,6,3,4,1"
13200,Fine-Tuned Model,"4,2,6,1,5"
13201,Fine-Tuned Model,"3,2,6,4,1,5"
13202,Fine-Tuned Model,
13203,Fine-Tuned Model,"3,2,5,1,4,6"
13204,Fine-Tuned Model,"1,2,2,6,3,1"
13205,Fine-Tuned Model,"3,6,1,4,3,5"
13206,Fine-Tuned Model,"1,3,6"
13207,Fine-Tuned Model,"2,4,5,3,6,1"
13208,Fine-Tuned Model,
13209,Fine-Tuned Model,
13210,Fine-Tuned Model,"4,5,3,5,6,3"
13211,Fine-Tuned Model,"3,1,6,4,2,5"
13212,Fine-Tuned Model,"3,6,1,4,2,5"
13213,Fine-Tuned Model,"2,5,3,6,1,4"
13214,Fine-Tuned Model,"4,2,6,1,5,3"
13215,Fine-Tuned Model,"5,2,6,3,1,4"
13216,Fine-Tuned Model,
13217,Fine-Tuned Model,"6,1,6"
13218,Fine-Tuned Model,1
13219,Fine-Tuned Model,"3,5,1,4,2,3"
13220,Fine-Tuned Model,"1,2,4,5,6,1"
13221,Fine-Tuned Model,"3,2,6,5,1,4"
13222,Fine-Tuned Model,"3,1,6,2,5,4"
13223,Fine-Tuned Model,"1,4,3,2,6,5"
13224,Fine-Tuned Model,"3,6,2,5,4,1"
13225,Fine-Tuned Model,6
13226,Fine-Tuned Model,"2,6,3,1,5,4"
13227,Fine-Tuned Model,"3,1,5,2,6,4"
13228,Fine-Tuned Model,"5,3,2,6,1,4"
13229,Fine-Tuned Model,"4,2,5,3,6,1"
13230,Fine-Tuned Model,"4,2,6,1,3,5"
13231,Fine-Tuned Model,"4,2,6,5,1,3"
13232,Fine-Tuned Model,"2,3,6,5,4,2"
13233,Fine-Tuned Model,"3,5,2,6,1,4"
13234,Fine-Tuned Model,"4,3,2,6,1,5"
13235,Fine-Tuned Model,"4,2,6,5,3,1"
13236,Fine-Tuned Model,"1,4,2,5,6,3"
13237,Fine-Tuned Model,
13238,Fine-Tuned Model,"2,4,6,3,5,1"
13239,Fine-Tuned Model,"2,5,3,6,1,4"
13240,Fine-Tuned Model,"5,2,6,1,3,4"
13241,Fine-Tuned Model,6
13242,Fine-Tuned Model,"1,4,2,3,4,6"
13243,Fine-Tuned Model,"2,1,6,2,3,3"
13244,Fine-Tuned Model,"4,2,6,3,1,5"
13245,Fine-Tuned Model,"5,2,6,1,4,3"
13246,Fine-Tuned Model,
13247,Fine-Tuned Model,"4,3,2,5,1,6"
13248,Fine-Tuned Model,"6,3,5,2,3,1"
13249,Fine-Tuned Model,"5,2,6,3,4,1"
13250,Fine-Tuned Model,"2,3,5,6,2,4"
13251,Fine-Tuned Model,"1,4,2,5,3,6"
13252,Fine-Tuned Model,"3,4,5,2,6,1"
13253,Fine-Tuned Model,"2,5,3,6,1,4"
13254,Fine-Tuned Model,
13255,Fine-Tuned Model,"5,2,6,3,1,4"
13256,Fine-Tuned Model,
13257,Fine-Tuned Model,"2,5,1,3,6,4"
13258,Fine-Tuned Model,
13259,Fine-Tuned Model,
13260,Fine-Tuned Model,"4,2,3,1,6,5"
13261,Fine-Tuned Model,"4,2,5,3,6,1"
13262,Fine-Tuned Model,"4,3,6,1,3,5"
13263,Fine-Tuned Model,"1,4,3,6,2,5"
13264,Fine-Tuned Model,"3,6,2,4,5,1"
13265,Fine-Tuned Model,"6,1,6,2,6,4"
13266,Fine-Tuned Model,
13267,Fine-Tuned Model,
13268,Fine-Tuned Model,
13269,Fine-Tuned Model,"4,2,5,6,3,1"
13270,Fine-Tuned Model,"3,2,5,1,6,4"
13271,Fine-Tuned Model,
13272,Fine-Tuned Model,1
13273,Fine-Tuned Model,"2,5,3,1,4,6"
13274,Fine-Tuned Model,"2,6,4,1,5,3"
13275,Fine-Tuned Model,"1,3,5,4,2,6"
13276,Fine-Tuned Model,"3,1,5,3,1,2"
13277,Fine-Tuned Model,"4,2,3,5,6,1"
13278,Fine-Tuned Model,"3,6,2,5,4,1"
13279,Fine-Tuned Model,"2,5,3,6,1,4"
13280,Fine-Tuned Model,"4,2,6,3,1,5"
13281,Fine-Tuned Model,"2,4,6,3,1,5"
13282,Fine-Tuned Model,"1,3,2,6,5,4"
13283,Fine-Tuned Model,"5,3,2,6,1,4"
13284,Fine-Tuned Model,"4,2,6,3,5,1"
13285,Fine-Tuned Model,"4,6,2,3,5,1"
13286,Fine-Tuned Model,"5,4,2,3,6,1"
13287,Fine-Tuned Model,"3,5,2,6,1,4"
13288,Fine-Tuned Model,"1,4,6,2,3,5"
13289,Fine-Tuned Model,
13290,Fine-Tuned Model,
13291,Fine-Tuned Model,"3,4,1,6,2,5"
13292,Fine-Tuned Model,"5,2,6,3,1,4"
13293,Fine-Tuned Model,"3,4,2,5,6,3"
13294,Fine-Tuned Model,"3,5"
13295,Fine-Tuned Model,"3,5,6,1,4,2"
13296,Fine-Tuned Model,"1,6,6"
13297,Fine-Tuned Model,"6,2,5,3,1,4"
13298,Fine-Tuned Model,"4,2,3,6,5,1"
13299,Fine-Tuned Model,"4,2,5,3,6,1"
13300,Fine-Tuned Model,"5,4,6,1,2,5"
13301,Fine-Tuned Model,"1,5,2,2,3,4"
13302,Fine-Tuned Model,"4,2,6,1,5,3"
13303,Fine-Tuned Model,"3,5,2,6,1,4"
13304,Fine-Tuned Model,"2,5,6,1,4,3"
13305,Fine-Tuned Model,
13306,Fine-Tuned Model,"1,2,6,3,5,1"
13307,Fine-Tuned Model,"2,4,3,1,6,5"
13308,Fine-Tuned Model,"4,2,6,3,5,1"
13309,Fine-Tuned Model,"2,4,6,1,3,5"
13310,Fine-Tuned Model,"2,6,4,3,5,1"
13311,Fine-Tuned Model,
13312,Fine-Tuned Model,"1,3,4,1,6,2"
13313,Fine-Tuned Model,"1,6,6,4,2,6"
13314,Fine-Tuned Model,"1,5,4,2,6,3"
13315,Fine-Tuned Model,"5,3,2,6,1,4"
13316,Fine-Tuned Model,"3,4,6,2,5,1"
13317,Fine-Tuned Model,"1,2,3,4,5,6"
13318,Fine-Tuned Model,"3,4,5,6,2,1"
13319,Fine-Tuned Model,
13320,Fine-Tuned Model,"5,3,6,2,4,1"
13321,Fine-Tuned Model,
13322,Fine-Tuned Model,"3,5,4,2,6,1"
13323,Fine-Tuned Model,"5,2,6,3,1,4"
13324,Fine-Tuned Model,"2,5,4,3,6,1"
13325,Fine-Tuned Model,"3,4,1,6,2,5"
13326,Fine-Tuned Model,"4,2,6,5,1,3"
13327,Fine-Tuned Model,
13328,Fine-Tuned Model,
13329,Fine-Tuned Model,
13330,Fine-Tuned Model,"5,3,2,6,5,1"
13331,Fine-Tuned Model,"4,2,6,3,5,1"
13332,Fine-Tuned Model,6
13333,Fine-Tuned Model,"1,4,2,5,6,3"
13334,Fine-Tuned Model,"2,4,3,6,5,1"
13335,Fine-Tuned Model,
13336,Fine-Tuned Model,"4,2,5,3,6,1"
13337,Fine-Tuned Model,"4,3,5,6,2,1"
13338,Fine-Tuned Model,
13339,Fine-Tuned Model,"4,2,3,6,5,1"
13340,Fine-Tuned Model,"1,4,2,3"
13341,Fine-Tuned Model,"3,6,2,5,1,4"
13342,Fine-Tuned Model,"6,3,2,5,4,1"
13343,Fine-Tuned Model,"1,4,3,2,5,6"
13344,Fine-Tuned Model,6
13345,Fine-Tuned Model,
13346,Fine-Tuned Model,"2,5,3,4,2,6"
13347,Fine-Tuned Model,
13348,Fine-Tuned Model,
13349,Fine-Tuned Model,
13350,Fine-Tuned Model,"4,2,6,5,3,1"
13351,Fine-Tuned Model,"2,5,4,1,3,6"
13352,Fine-Tuned Model,"1,3,5,4,2,6"
13353,Fine-Tuned Model,
13354,Fine-Tuned Model,"4,2,6,1,3,5"
13355,Fine-Tuned Model,
13356,Fine-Tuned Model,
13357,Fine-Tuned Model,"1,2,3,4,5,6"
13358,Fine-Tuned Model,"1,6"
13359,Fine-Tuned Model,"1,6,1,6,6,6"
13360,Fine-Tuned Model,"3,2,6,5,1"
13361,Fine-Tuned Model,
13362,Fine-Tuned Model,"1,3,6,2,5,4"
13363,Fine-Tuned Model,
13364,Fine-Tuned Model,"3,1,6,2,4,5"
13365,Fine-Tuned Model,"2,3,5"
13366,Fine-Tuned Model,"3,1,6,2,5,4"
13367,Fine-Tuned Model,"4,2,6,3,1,5"
13368,Fine-Tuned Model,
13369,Fine-Tuned Model,
13370,Fine-Tuned Model,"2,5,4,1,6,3"
13371,Fine-Tuned Model,
13372,Fine-Tuned Model,"6,1,2,3"
13373,Fine-Tuned Model,"4,6,6,3,2,5"
13374,Fine-Tuned Model,"5,3,1,6,2,4"
13375,Fine-Tuned Model,"3,2,5,4,1,6"
13376,Fine-Tuned Model,"6,1,4,6,2,3"
13377,Fine-Tuned Model,
13378,Fine-Tuned Model,"2,6,5,3,4,1"
13379,Fine-Tuned Model,"4,2,5,6,1,3"
13380,Fine-Tuned Model,"5,4,6,3,2,5"
13381,Fine-Tuned Model,
13382,Fine-Tuned Model,"2,6,5,4,3,1"
13383,Fine-Tuned Model,"3,6,2,5,1,4"
13384,Fine-Tuned Model,"1,2,3,4,5,6"
13385,Fine-Tuned Model,
13386,Fine-Tuned Model,"5,2,4,6,1,3"
13387,Fine-Tuned Model,"5,2,4,6,3,1"
13388,Fine-Tuned Model,"5,3,2,6,1,4"
13389,Fine-Tuned Model,
13390,Fine-Tuned Model,"3,5,2,1,4,6"
13391,Fine-Tuned Model,"3,1,5,6,2,4"
13392,Fine-Tuned Model,"1,3,5,2,6,4"
13393,Fine-Tuned Model,"1,3,5,2,6,4"
13394,Fine-Tuned Model,"5,3,6,4,2,6"
13395,Fine-Tuned Model,"2,5,1,3,6,4"
13396,Fine-Tuned Model,"6,1,6"
13397,Fine-Tuned Model,"1,2,6,3,4,5"
13398,Fine-Tuned Model,
13399,Fine-Tuned Model,"4,6,1,2,5,3"
13400,Fine-Tuned Model,"1,4,2,6,5,3"
13401,Fine-Tuned Model,
13402,Fine-Tuned Model,"5,3,1,6,4,2"
13403,Fine-Tuned Model,"4,2,6,3,5,1"
13404,Fine-Tuned Model,"1,6,6"
13405,Fine-Tuned Model,
13406,Fine-Tuned Model,"1,2,3,4,5,6"
13407,Fine-Tuned Model,1
13408,Fine-Tuned Model,"1,3,5,2,6,4"
13409,Fine-Tuned Model,"1,6,6,6"
13410,Fine-Tuned Model,"4,3,6,1,2,5"
13411,Fine-Tuned Model,"4,3,6,2,5,1"
13412,Fine-Tuned Model,"3,6,2,5,1,4"
13413,Fine-Tuned Model,"1,3,2,6,4,5"
13414,Fine-Tuned Model,"1,3,4,2,6,5"
13415,Fine-Tuned Model,"1,5,4,2,6,3"
13416,Fine-Tuned Model,"4,1,2,3,5,6"
13417,Fine-Tuned Model,
13418,Fine-Tuned Model,
13419,Fine-Tuned Model,"6,1,6,1,2"
13420,Fine-Tuned Model,"1,3,4,6,2,5"
13421,Fine-Tuned Model,
13422,Fine-Tuned Model,"1,2,3,4,5,6"
13423,Fine-Tuned Model,"4,2,6,3,5,1"
13424,Fine-Tuned Model,"3,6,2,5,4,1"
13425,Fine-Tuned Model,"2,6,4,3,5,1"
13426,Fine-Tuned Model,"4,3,6,2,5,1"
13427,Fine-Tuned Model,"4,3,6,1,5,2"
13428,Fine-Tuned Model,"1,6,6"
13429,Fine-Tuned Model,"5,4,1,3,2,6"
13430,Fine-Tuned Model,"3,6,2,5,4,1"
13431,Fine-Tuned Model,"5,2,6,3,1,4"
13432,Fine-Tuned Model,"3,1,4,5,2,6"
13433,Fine-Tuned Model,
13434,Fine-Tuned Model,"3,5,4,2,6,1"
13435,Fine-Tuned Model,
13436,Fine-Tuned Model,"1,4,2,5,3,6"
13437,Fine-Tuned Model,"3,4,6,2,5,1"
13438,Fine-Tuned Model,"4,2,6,3,5,1"
13439,Fine-Tuned Model,"1,2,3,4,5"
13440,Fine-Tuned Model,"1,6,6,5,1,6"
13441,Fine-Tuned Model,"2,5,3,6,4,1"
13442,Fine-Tuned Model,"5,2,6,1,4,3"
13443,Fine-Tuned Model,"5,3,1,4,5,2"
13444,Fine-Tuned Model,
13445,Fine-Tuned Model,"4,2,6,1,5,3"
13446,Fine-Tuned Model,"2,5,4,3,6,1"
13447,Fine-Tuned Model,
13448,Fine-Tuned Model,"2,6,4,5,3,1"
13449,Fine-Tuned Model,
13450,Fine-Tuned Model,"3,5,4,2,1,6"
13451,Fine-Tuned Model,"1,4,2,3,6,5"
13452,Fine-Tuned Model,"4,3,2,5,1,6"
13453,Fine-Tuned Model,"1,5,4,2,3,6"
13454,Fine-Tuned Model,"3,1,6,4,2,5"
13455,Fine-Tuned Model,"2,2,5,3,4,1"
13456,Fine-Tuned Model,"4,2,5,3,1,6"
13457,Fine-Tuned Model,"3,2,5,6,4,1"
13458,Fine-Tuned Model,"1,3,4,5,3,5"
13459,Fine-Tuned Model,"4,2,6,1,5,3"
13460,Fine-Tuned Model,"3,2,5,1,6,4"
13461,Fine-Tuned Model,"2,5,4,1,6,3"
13462,Fine-Tuned Model,
13463,Fine-Tuned Model,"4,2,5,1,3,6"
13464,Fine-Tuned Model,"4,3,5,2,6,1"
13465,Fine-Tuned Model,"3,6,2,5,1,4"
13466,Fine-Tuned Model,"2,3,5,4,6,1"
13467,Fine-Tuned Model,"2,4,6,1,3,5"
13468,Fine-Tuned Model,"4,3,1,6,2,5"
13469,Fine-Tuned Model,
13470,Fine-Tuned Model,"1,2,3,4,5,6"
13471,Fine-Tuned Model,
13472,Fine-Tuned Model,"1,2,5,4,6,3"
13473,Fine-Tuned Model,"4,6,2,5,1,3"
13474,Fine-Tuned Model,"1,6,6,3,5,2"
13475,Fine-Tuned Model,"3,2,6,5,4,1"
13476,Fine-Tuned Model,"1,6,6"
13477,Fine-Tuned Model,"6,2,5,4,1,6"
13478,Fine-Tuned Model,"4,2,6,5,1,3"
13479,Fine-Tuned Model,"5,2,4,6,1,3"
13480,Fine-Tuned Model,"1,6,1"
13481,Fine-Tuned Model,"3,5,1,2,6,4"
13482,Fine-Tuned Model,"3,5,2,6,4,1"
13483,Fine-Tuned Model,"1,6,6"
13484,Fine-Tuned Model,"1,6,1,6,1,6"
13485,Fine-Tuned Model,
13486,Fine-Tuned Model,"3,1,5,2,4,6"
13487,Fine-Tuned Model,"1,4,2,6,3,2"
13488,Fine-Tuned Model,"1,6,6,1,6,6"
13489,Fine-Tuned Model,"3,6,1,5,2,4"
13490,Fine-Tuned Model,
13491,Fine-Tuned Model,"4,6,3,5,2,6"
13492,Fine-Tuned Model,
13493,Fine-Tuned Model,
13494,Fine-Tuned Model,"5,3,2,6,1,4"
13495,Fine-Tuned Model,"1,2"
13496,Fine-Tuned Model,"1,2,4,3,6,5"
13497,Fine-Tuned Model,"4,3,6,2,5,1"
13498,Fine-Tuned Model,"2,6,4,5,1,3"
13499,Fine-Tuned Model,"1,2,3,5,2,6"
13500,Fine-Tuned Model,
13501,Fine-Tuned Model,"3,6,4,2,5,1"
13502,Fine-Tuned Model,"5,2,6,1,3,4"
13503,Fine-Tuned Model,1
13504,Fine-Tuned Model,"3,1,6,5,2,4"
13505,Fine-Tuned Model,"4,2,6,1,5,3"
13506,Fine-Tuned Model,"4,2,6,3,5,1"
13507,Fine-Tuned Model,"1,2,5,3,4,6"
13508,Fine-Tuned Model,"5,3,1,6,2,4"
13509,Fine-Tuned Model,"2,4,3,6,1,5"
13510,Fine-Tuned Model,"1,6,1,6,4,2"
13511,Fine-Tuned Model,
13512,Fine-Tuned Model,"1,2,3,5,4,3"
13513,Fine-Tuned Model,"1,6,3,5,6,2"
13514,Fine-Tuned Model,"4,2,6,5,1,3"
13515,Fine-Tuned Model,"1,5,3,2,6,1"
13516,Fine-Tuned Model,"1,3,4,2,5,6"
13517,Fine-Tuned Model,
13518,Fine-Tuned Model,"1,6,6"
13519,Fine-Tuned Model,"1,1,3,5,3,4"
13520,Fine-Tuned Model,"2,6,3,5,1,4"
13521,Fine-Tuned Model,"4,2,5,1,3,6"
13522,Fine-Tuned Model,"3,6,2,5,4,1"
13523,Fine-Tuned Model,
13524,Fine-Tuned Model,"5,3,2,4,1,6"
13525,Fine-Tuned Model,
13526,Fine-Tuned Model,"5,2,3,6,1,4"
13527,Fine-Tuned Model,"1,4,5,2,3,6"
13528,Fine-Tuned Model,"1,2,3,4,5,6"
13529,Fine-Tuned Model,"5,3,6,2,1,4"
13530,Fine-Tuned Model,"1,2,3,4,5,6"
13531,Fine-Tuned Model,"1,5,2,6,3,1"
13532,Fine-Tuned Model,"4,1,6,5,2,3"
13533,Fine-Tuned Model,
13534,Fine-Tuned Model,"3,5,2,6,1,4"
13535,Fine-Tuned Model,"5,3,2,6,4,1"
13536,Fine-Tuned Model,"4,2,5,1,6,3"
13537,Fine-Tuned Model,
13538,Fine-Tuned Model,"1,4,5,2,6,3"
13539,Fine-Tuned Model,"1,6,1,6,1,6"
13540,Fine-Tuned Model,"3,5,2,6,1,4"
13541,Fine-Tuned Model,"4,2,3,6,1,5"
13542,Fine-Tuned Model,
13543,Fine-Tuned Model,
13544,Fine-Tuned Model,"1,3,5,4,2,6"
13545,Fine-Tuned Model,
13546,Fine-Tuned Model,"6,2,5,3,1,4"
13547,Fine-Tuned Model,"4,3,2,5,1,6"
13548,Fine-Tuned Model,"1,3,5,2,4,6"
13549,Fine-Tuned Model,"2,6,3,5,4,1"
13550,Fine-Tuned Model,"3,6,2,5,4,1"
13551,Fine-Tuned Model,"1,2,3,4"
13552,Fine-Tuned Model,"2,5,1,6,4,3"
13553,Fine-Tuned Model,
13554,Fine-Tuned Model,"4,6,2,1,5,3"
13555,Fine-Tuned Model,"4,2,6,3,1,5"
13556,Fine-Tuned Model,
13557,Fine-Tuned Model,"1,2,3,4,5,6"
13558,Fine-Tuned Model,"4,3,6,2,5,1"
13559,Fine-Tuned Model,"3,6,2,5,4,1"
13560,Fine-Tuned Model,"1,5,3,6,2,4"
13561,Fine-Tuned Model,"3,1,5,2,4,6"
13562,Fine-Tuned Model,
13563,Fine-Tuned Model,"2,4,6,1,3,5"
13564,Fine-Tuned Model,"4,2,6,5,3,1"
13565,Fine-Tuned Model,
13566,Fine-Tuned Model,"4,2,5,6,1,3"
13567,Fine-Tuned Model,
13568,Fine-Tuned Model,"4,3,5,2,6,1"
13569,Fine-Tuned Model,
13570,Fine-Tuned Model,"1,5,2,3,3,6"
13571,Fine-Tuned Model,"1,3"
13572,Fine-Tuned Model,
13573,Fine-Tuned Model,
13574,Fine-Tuned Model,"1,5,2,4,3,6"
13575,Fine-Tuned Model,"4,2,5,3,1,6"
13576,Fine-Tuned Model,"3,6,2,5,1,4"
13577,Fine-Tuned Model,"3,1,2,5,6,4"
13578,Fine-Tuned Model,
13579,Fine-Tuned Model,"2,4,1,5,3,6"
13580,Fine-Tuned Model,"3,2,6,5,4,1"
13581,Fine-Tuned Model,"3,5,4,6,2,1"
13582,Fine-Tuned Model,
13583,Fine-Tuned Model,"3,4,6,2,5,1"
13584,Fine-Tuned Model,"1,5,3,6,4,2"
13585,Fine-Tuned Model,"4,3,6,2,5,1"
13586,Fine-Tuned Model,"3,2,6,5,1,4"
13587,Fine-Tuned Model,
13588,Fine-Tuned Model,"4,2,3,6,1,5"
13589,Fine-Tuned Model,"1,5,2,3,6,4"
13590,Fine-Tuned Model,"1,2,3,4,5,6"
13591,Fine-Tuned Model,6
13592,Fine-Tuned Model,"2,5,1,6,3,4"
13593,Fine-Tuned Model,"1,6,1,6,1,6"
13594,Fine-Tuned Model,
13595,Fine-Tuned Model,"4,2,5,1,3,6"
13596,Fine-Tuned Model,
13597,Fine-Tuned Model,
13598,Fine-Tuned Model,
13599,Fine-Tuned Model,"4,6,3,5,1,2"
13600,Fine-Tuned Model,"3,6,4,2,5,1"
13601,Fine-Tuned Model,"4,3,6,1,5,2"
13602,Fine-Tuned Model,
13603,Fine-Tuned Model,"1,6,6,2,5,4"
13604,Fine-Tuned Model,"3,1,6,5,4,2"
13605,Fine-Tuned Model,"2,5,4,6,3,1"
13606,Fine-Tuned Model,"2,4,6,1,3,5"
13607,Fine-Tuned Model,"4,2,6,5,1,3"
13608,Fine-Tuned Model,"1,6,6"
13609,Fine-Tuned Model,"4,2,3,5,1,6"
13610,Fine-Tuned Model,
13611,Fine-Tuned Model,"3,5,2,6,4,1"
13612,Fine-Tuned Model,
13613,Fine-Tuned Model,"6,1,6"
13614,Fine-Tuned Model,
13615,Fine-Tuned Model,"5,2,4,6,3,1"
13616,Fine-Tuned Model,"6,3,2,5,1,4"
13617,Fine-Tuned Model,"1,4,2,3,6,5"
13618,Fine-Tuned Model,"2,6,1,5,3,4"
13619,Fine-Tuned Model,
13620,Fine-Tuned Model,"5,2,3,1,4,6"
13621,Fine-Tuned Model,"2,4,3,5,6,1"
13622,Fine-Tuned Model,"5,3,2,6,4,1"
13623,Fine-Tuned Model,6
13624,Fine-Tuned Model,"1,2,3,4,5,6"
13625,Fine-Tuned Model,"1,4,2,6,3,5"
13626,Fine-Tuned Model,"2,6,5,3,4,1"
13627,Fine-Tuned Model,
13628,Fine-Tuned Model,"1,6,2,4,5,3"
13629,Fine-Tuned Model,"3,2,6,4,1,5"
13630,Fine-Tuned Model,
13631,Fine-Tuned Model,"5,2,3,6,1,4"
13632,Fine-Tuned Model,"1,6,6"
13633,Fine-Tuned Model,"4,2,5,3,1,6"
13634,Fine-Tuned Model,"1,2,3,4,6"
13635,Fine-Tuned Model,"4,2,6,5,1,3"
13636,Fine-Tuned Model,"3,2,6,4,1,5"
13637,Fine-Tuned Model,"4,6,3,1,5,2"
13638,Fine-Tuned Model,"4,3,2,5,1,6"
13639,Fine-Tuned Model,"1,4,5,6,2,6"
13640,Fine-Tuned Model,"3,6,2,5,1,4"
13641,Fine-Tuned Model,"5,3,2,6,4,1"
13642,Fine-Tuned Model,"1,5,3,4,2,6"
13643,Fine-Tuned Model,"3,2,6,5,1,4"
13644,Fine-Tuned Model,
13645,Fine-Tuned Model,
13646,Fine-Tuned Model,"2,6,1,5,3,4"
13647,Fine-Tuned Model,"2,5,6,3,1,4"
13648,Fine-Tuned Model,"4,2,6,5,3,1"
13649,Fine-Tuned Model,
13650,Fine-Tuned Model,
13651,Fine-Tuned Model,"3,6,2,5,4"
13652,Fine-Tuned Model,"3,6,4,5,2,6"
13653,Fine-Tuned Model,
13654,Fine-Tuned Model,"2,4,3,5,6,1"
13655,Fine-Tuned Model,"1,3,5,2,6,4"
13656,Fine-Tuned Model,"4,3,2,5,1,6"
13657,Fine-Tuned Model,"5,3,1,2,4,6"
13658,Fine-Tuned Model,
13659,Fine-Tuned Model,"4,2,6,3,1,5"
13660,Fine-Tuned Model,"4,2,6,1,3,5"
13661,Fine-Tuned Model,"2,5,4,3,6,1"
13662,Fine-Tuned Model,"1,6,6"
13663,Fine-Tuned Model,"3,6,2,5,4,1"
13664,Fine-Tuned Model,"2,4,6,1,3,5"
13665,Fine-Tuned Model,"1,6"
13666,Fine-Tuned Model,"3,6,2,5,1,4"
13667,Fine-Tuned Model,
13668,Fine-Tuned Model,"1,2,3,4,5,6"
13669,Fine-Tuned Model,
13670,Fine-Tuned Model,"3,1,6,4,2,5"
13671,Fine-Tuned Model,"2,6,1,4,3,5"
13672,Fine-Tuned Model,"2,4,3,5,1,6"
13673,Fine-Tuned Model,
13674,Fine-Tuned Model,
13675,Fine-Tuned Model,"1,4,2,6,3,5"
13676,Fine-Tuned Model,"2,6,3,1,5,4"
13677,Fine-Tuned Model,"4,2,5,6,1,3"
13678,Fine-Tuned Model,"1,4,2,2,3,5"
13679,Fine-Tuned Model,"4,2,6,3,1,5"
13680,Fine-Tuned Model,"1,5,2,4,6,3"
13681,Fine-Tuned Model,
13682,Fine-Tuned Model,"1,4,2,6,5,3"
13683,Fine-Tuned Model,"3,1,6,4,2,5"
13684,Fine-Tuned Model,
13685,Fine-Tuned Model,"4,2,6,3,5,1"
13686,Fine-Tuned Model,"1,3,2,6,4,5"
13687,Fine-Tuned Model,"4,6,3,5,2,1"
13688,Fine-Tuned Model,"4,2,6,3,1,5"
13689,Fine-Tuned Model,"3,6,1,4,5,2"
13690,Fine-Tuned Model,"3,6,4,2,5,1"
13691,Fine-Tuned Model,
13692,Fine-Tuned Model,"6,4,3,2,5,1"
13693,Fine-Tuned Model,
13694,Fine-Tuned Model,"3,4,2,5,1,6"
13695,Fine-Tuned Model,6
13696,Fine-Tuned Model,"2,5,3,1,6,4"
13697,Fine-Tuned Model,
13698,Fine-Tuned Model,"3,6,2,5,4,1"
13699,Fine-Tuned Model,"4,2,6,1,3,5"
13700,Fine-Tuned Model,"4,3,5,2,1,6"
13701,Fine-Tuned Model,"2,5,3,6,1,4"
13702,Fine-Tuned Model,
13703,Fine-Tuned Model,"1,6,3,4,2,5"
13704,Fine-Tuned Model,"4,2,5,6,3,1"
13705,Fine-Tuned Model,"1,4,5,6,3,2"
13706,Fine-Tuned Model,"1,4,3,2,5,6"
13707,Fine-Tuned Model,"4,2,6,1,5,3"
13708,Fine-Tuned Model,"1,6,6"
13709,Fine-Tuned Model,
13710,Fine-Tuned Model,"4,3,2,6,5,1"
13711,Fine-Tuned Model,"4,2,6,3,5,1"
13712,Fine-Tuned Model,"1,6,3,2,5,4"
13713,Fine-Tuned Model,"1,2,3,4,5,6"
13714,Fine-Tuned Model,
13715,Fine-Tuned Model,"1,3,4,2,6,5"
13716,Fine-Tuned Model,
13717,Fine-Tuned Model,"3,2,6,4,5,1"
13718,Fine-Tuned Model,"3,4,6,2,5,1"
13719,Fine-Tuned Model,"1,3,2,6,5,4"
13720,Fine-Tuned Model,"4,2,5,3,1,6"
13721,Fine-Tuned Model,"4,6,2,5,3,1"
13722,Fine-Tuned Model,"3,5,1,3,6,2"
13723,Fine-Tuned Model,"4,2,6,1,3,5"
13724,Fine-Tuned Model,"4,2,6,3,5,1"
13725,Fine-Tuned Model,"3,4,2,6,5,1"
13726,Fine-Tuned Model,"1,2,5,3,6,2"
13727,Fine-Tuned Model,"3,2,6,1,5,4"
13728,Fine-Tuned Model,6
13729,Fine-Tuned Model,"1,5,6,3,2,4"
13730,Fine-Tuned Model,"2,6,5,1,4,3"
13731,Fine-Tuned Model,"2,4,6,3,5,1"
13732,Fine-Tuned Model,"1,6,6"
13733,Fine-Tuned Model,"6,3,6,2,5,1"
13734,Fine-Tuned Model,
13735,Fine-Tuned Model,"2,3"
13736,Fine-Tuned Model,"4,2,6,3,5,1"
13737,Fine-Tuned Model,"2,4,5,6,3,1"
13738,Fine-Tuned Model,"4,2,6,5,3,1"
13739,Fine-Tuned Model,"3,2,5,1,6,4"
13740,Fine-Tuned Model,"4,2,6,3,5"
13741,Fine-Tuned Model,
13742,Fine-Tuned Model,
13743,Fine-Tuned Model,"2,6,3,5,4,1"
13744,Fine-Tuned Model,"5,3,2,6,1,4"
13745,Fine-Tuned Model,"3,6,4,2,5,1"
13746,Fine-Tuned Model,"4,2,5,6,3,1"
13747,Fine-Tuned Model,"3,6,2,5,1,4"
13748,Fine-Tuned Model,"6,1,2,6,5,3"
13749,Fine-Tuned Model,
13750,Fine-Tuned Model,"3,6,2,5,1,4"
13751,Fine-Tuned Model,"3,6,2,5,4,1"
13752,Fine-Tuned Model,
13753,Fine-Tuned Model,"3,5,2,6,1,4"
13754,Fine-Tuned Model,"4,2,5,3,6,1"
13755,Fine-Tuned Model,"6,1,6"
13756,Fine-Tuned Model,"3,2,4,5,1,6"
13757,Fine-Tuned Model,"4,2,6,5,1,3"
13758,Fine-Tuned Model,"4,2,6,3,1,5"
13759,Fine-Tuned Model,"3,6,2,4,5,1"
13760,Fine-Tuned Model,"2,5,1,4,3,6"
13761,Fine-Tuned Model,"4,2,6,5,3,1"
13762,Fine-Tuned Model,"1,2,3,4,5,6"
13763,Fine-Tuned Model,"2,6,1,5,3,4"
13764,Fine-Tuned Model,"4,2,5,1,3,6"
13765,Fine-Tuned Model,"4,2,6,1,3,5"
13766,Fine-Tuned Model,"3,2,6,5,1,4"
13767,Fine-Tuned Model,
13768,Fine-Tuned Model,
13769,Fine-Tuned Model,"2,5,6,3,1,4"
13770,Fine-Tuned Model,"5,2,6,1,4,3"
13771,Fine-Tuned Model,
13772,Fine-Tuned Model,"3,6,2,5,1,4"
13773,Fine-Tuned Model,"4,3,6,2,5,1"
13774,Fine-Tuned Model,"1,5,3,6,2,4"
13775,Fine-Tuned Model,"4,1,5,2,3,6"
13776,Fine-Tuned Model,"1,6,4,2,5,3"
13777,Fine-Tuned Model,1
13778,Fine-Tuned Model,"1,2,3,6,4,5"
13779,Fine-Tuned Model,
13780,Fine-Tuned Model,"1,2,3,4,5,6"
13781,Fine-Tuned Model,
13782,Fine-Tuned Model,"4,2,6,5,1,3"
13783,Fine-Tuned Model,"3,6,2,5,1,4"
13784,Fine-Tuned Model,"1,5,2,2,3,3"
13785,Fine-Tuned Model,"4,2,5,6,3,1"
13786,Fine-Tuned Model,"5,2,6,4,3,1"
13787,Fine-Tuned Model,
13788,Fine-Tuned Model,"2,4,1,6,5,3"
13789,Fine-Tuned Model,"2,5,3,6,1,4"
13790,Fine-Tuned Model,"3,6,2,1,5,4"
13791,Fine-Tuned Model,"4,2,6,5,3,1"
13792,Fine-Tuned Model,"4,2,6,3,5,1"
13793,Fine-Tuned Model,"4,2,5,6,3,1"
13794,Fine-Tuned Model,"3,4,5,6,5,2"
13795,Fine-Tuned Model,1
13796,Fine-Tuned Model,"3,6,1,4,5,2"
13797,Fine-Tuned Model,"1,6,5,2,3,4"
13798,Fine-Tuned Model,
13799,Fine-Tuned Model,"6,2"
13800,Fine-Tuned Model,"1,3,4,5,2,6"
13801,Fine-Tuned Model,"4,3,6,1,5,2"
13802,Fine-Tuned Model,
13803,Fine-Tuned Model,"1,6,1,6,1,6"
13804,Fine-Tuned Model,"4,6,1,3,5,2"
13805,Fine-Tuned Model,"5,3,2,1,6,4"
13806,Fine-Tuned Model,"1,4,6,2,5,3"
13807,Fine-Tuned Model,"2,5,3,6,4,1"
13808,Fine-Tuned Model,"1,6"
13809,Fine-Tuned Model,"5,3,1,2,6,4"
13810,Fine-Tuned Model,"4,2,6,3,5,1"
13811,Fine-Tuned Model,"2,4,6,5,1,3"
13812,Fine-Tuned Model,"2,4,1,6,3,5"
13813,Fine-Tuned Model,
13814,Fine-Tuned Model,"4,3,6,1,2,5"
13815,Fine-Tuned Model,
13816,Fine-Tuned Model,6
13817,Fine-Tuned Model,
13818,Fine-Tuned Model,
13819,Fine-Tuned Model,"2,5,1,3,6,4"
13820,Fine-Tuned Model,"5,3,2,6,1,4"
13821,Fine-Tuned Model,"2,4,6,3,1,5"
13822,Fine-Tuned Model,"5,3,2,6,1,4"
13823,Fine-Tuned Model,"5,3,2,6,4,1"
13824,Fine-Tuned Model,6
13825,Fine-Tuned Model,
13826,Fine-Tuned Model,"3,4,5,2,6,1"
13827,Fine-Tuned Model,"2,6,3,1,5,4"
13828,Fine-Tuned Model,
13829,Fine-Tuned Model,
13830,Fine-Tuned Model,"2,4,6,1,5,3"
13831,Fine-Tuned Model,"6,4,2,3,5,1"
13832,Fine-Tuned Model,"1,2,4,3,5,2"
13833,Fine-Tuned Model,"5,2,3,6,1,4"
13834,Fine-Tuned Model,
13835,Fine-Tuned Model,"5,2,6,3,1,4"
13836,Fine-Tuned Model,"3,6,4,5,3,2"
13837,Fine-Tuned Model,6
13838,Fine-Tuned Model,"4,2,6,3,5,1"
13839,Fine-Tuned Model,
13840,Fine-Tuned Model,"3,6,2,4,5,1"
13841,Fine-Tuned Model,"2,6,3,5,4,1"
13842,Fine-Tuned Model,"1,5,3,2,6,4"
13843,Fine-Tuned Model,"2,6,3,5,1,4"
13844,Fine-Tuned Model,"3,4,2,6,1,5"
13845,Fine-Tuned Model,"3,5,2,4,1,6"
13846,Fine-Tuned Model,
13847,Fine-Tuned Model,"5,2,4,3,1,6"
13848,Fine-Tuned Model,1
13849,Fine-Tuned Model,"2,5,3,4,6,1"
13850,Fine-Tuned Model,"4,2,6,3,5,1"
13851,Fine-Tuned Model,"6,1,6,1,6"
13852,Fine-Tuned Model,"3,6,4,5,2,1"
13853,Fine-Tuned Model,"3,6,2,5,4,1"
13854,Fine-Tuned Model,"4,2,5,6,1,3"
13855,Fine-Tuned Model,"5,1,2,6,3,5"
13856,Fine-Tuned Model,1
13857,Fine-Tuned Model,
13858,Fine-Tuned Model,"2,5,1,3,6,4"
13859,Fine-Tuned Model,"1,4,2,6,5,3"
13860,Fine-Tuned Model,"5,3,6,4,2,1"
13861,Fine-Tuned Model,"6,1,1,6,1,6"
13862,Fine-Tuned Model,"3,1,6,2,5,4"
13863,Fine-Tuned Model,"4,3,6,2,5,1"
13864,Fine-Tuned Model,"3,2,6,4,5,1"
13865,Fine-Tuned Model,"3,6,2,5,1,4"
13866,Fine-Tuned Model,"1,2,3,4,5,6"
13867,Fine-Tuned Model,"3,6,1,4,5,2"
13868,Fine-Tuned Model,3
13869,Fine-Tuned Model,"3,6,1,5,2,4"
13870,Fine-Tuned Model,
13871,Fine-Tuned Model,"1,2,3,4,5,6"
13872,Fine-Tuned Model,"4,2,5,6,1,3"
13873,Fine-Tuned Model,"4,2,6,1,5,3"
13874,Fine-Tuned Model,"2,5,4,6,1,3"
13875,Fine-Tuned Model,"2,5,4,3,6,1"
13876,Fine-Tuned Model,"1,3,2,6,4,5"
13877,Fine-Tuned Model,"4,2,6,3,1,5"
13878,Fine-Tuned Model,"3,4,6,2,5,1"
13879,Fine-Tuned Model,"4,2,6,3,1,5"
13880,Fine-Tuned Model,
13881,Fine-Tuned Model,
13882,Fine-Tuned Model,
13883,Fine-Tuned Model,"5,2,4,6,3,1"
13884,Fine-Tuned Model,"3,1,6,2,4,5"
13885,Fine-Tuned Model,"2,6,4,1,3,5"
13886,Fine-Tuned Model,"1,6,6"
13887,Fine-Tuned Model,"2,5,3,6,4,1"
13888,Fine-Tuned Model,
13889,Fine-Tuned Model,"6,6"
13890,Fine-Tuned Model,"6,6"
13891,Fine-Tuned Model,"2,6,4,3,5,1"
13892,Fine-Tuned Model,"3,2,5,6,1,4"
13893,Fine-Tuned Model,"2,5,6,1,4,3"
13894,Fine-Tuned Model,"1,6,1,6,1,6"
13895,Fine-Tuned Model,"3,6,1,4,2,5"
13896,Fine-Tuned Model,"3,6,1,5,2,4"
13897,Fine-Tuned Model,
13898,Fine-Tuned Model,"3,6,2,5,1,4"
13899,Fine-Tuned Model,"2,4,6,5,1,3"
13900,Fine-Tuned Model,"4,2,5,1,6,3"
13901,Fine-Tuned Model,"4,2,6,1,3,5"
13902,Fine-Tuned Model,
13903,Fine-Tuned Model,
13904,Fine-Tuned Model,"1,6"
13905,Fine-Tuned Model,"3,5,6,1,2,4"
13906,Fine-Tuned Model,"4,2,6,1,3,5"
13907,Fine-Tuned Model,"5,2,6,3,1,4"
13908,Fine-Tuned Model,6
13909,Fine-Tuned Model,"5,3,6,2,4,1"
13910,Fine-Tuned Model,"5,3,4,1,6,2"
13911,Fine-Tuned Model,"2,4,6,3,5,1"
13912,Fine-Tuned Model,"1,6,6"
13913,Fine-Tuned Model,
13914,Fine-Tuned Model,
13915,Fine-Tuned Model,
13916,Fine-Tuned Model,"2,5,1,6,3,4"
13917,Fine-Tuned Model,
13918,Fine-Tuned Model,"1,2,3,6,4,5"
13919,Fine-Tuned Model,"3,6,2,5,4,1"
13920,Fine-Tuned Model,"2,5,3,6,4,5"
13921,Fine-Tuned Model,"1,4,3,6,2,5"
13922,Fine-Tuned Model,"3,5,2,6,4,1"
13923,Fine-Tuned Model,"3,2,4,5,6,1"
13924,Fine-Tuned Model,"3,2,5,1,6,4"
13925,Fine-Tuned Model,"4,2,5,6,3,1"
13926,Fine-Tuned Model,
13927,Fine-Tuned Model,"1,3,5,2,2,4"
13928,Fine-Tuned Model,
13929,Fine-Tuned Model,"5,3,1,2,4,6"
13930,Fine-Tuned Model,"4,2,6,3,1,5"
13931,Fine-Tuned Model,"4,2,3,6,1,5"
13932,Fine-Tuned Model,"2,5,4,3,6,1"
13933,Fine-Tuned Model,"3,2,5,1,4,6"
13934,Fine-Tuned Model,"3,5,2,6,4,1"
13935,Fine-Tuned Model,"4,2,6,5,3,1"
13936,Fine-Tuned Model,"3,6,4,2,5,1"
13937,Fine-Tuned Model,"4,2,5,6,3,1"
13938,Fine-Tuned Model,"5,6,3,4,1"
13939,Fine-Tuned Model,
13940,Fine-Tuned Model,"4,1,3,6,2,5"
13941,Fine-Tuned Model,"3,5,2,6,4,1"
13942,Fine-Tuned Model,"3,6,2,5,1,4"
13943,Fine-Tuned Model,"2,4,5,6,1,3"
13944,Fine-Tuned Model,"5,2,6,1,3,4"
13945,Fine-Tuned Model,"3,6,2,5,1,4"
13946,Fine-Tuned Model,"2,5,3,6,1,4"
13947,Fine-Tuned Model,"2,5,6,1,3,4"
13948,Fine-Tuned Model,"1,3,5,2,6,4"
13949,Fine-Tuned Model,"2,4,1,5,2,6"
13950,Fine-Tuned Model,
13951,Fine-Tuned Model,
13952,Fine-Tuned Model,"4,3,6,2,5,1"
13953,Fine-Tuned Model,
13954,Fine-Tuned Model,"3,6,4,5,2,1"
13955,Fine-Tuned Model,"1,4,3,2,6,5"
13956,Fine-Tuned Model,"2,5,1,3,4,6"
13957,Fine-Tuned Model,"3,5,2,6,4,1"
13958,Fine-Tuned Model,"1,2,6,4,5,3"
13959,Fine-Tuned Model,"2,5,3,4,1,6"
13960,Fine-Tuned Model,"3,1,6,5,2,4"
13961,Fine-Tuned Model,"5,2,3,1,6,4"
13962,Fine-Tuned Model,"1,2,3,4,5,6"
13963,Fine-Tuned Model,"3,6,4,2,5,1"
13964,Fine-Tuned Model,"1,6,4,2,5,3"
13965,Fine-Tuned Model,"1,2,3,4,5,6"
13966,Fine-Tuned Model,
13967,Fine-Tuned Model,"5,2,4,6,3,1"
13968,Fine-Tuned Model,"5,3,6,1,6,4"
13969,Fine-Tuned Model,"3,2,4,6,1,5"
13970,Fine-Tuned Model,"3,4,5,2,6,1"
13971,Fine-Tuned Model,6
13972,Fine-Tuned Model,"2,6,3,1,5,4"
13973,Fine-Tuned Model,"3,1,2,4,6,5"
13974,Fine-Tuned Model,
13975,Fine-Tuned Model,"5,2,6,1,4,3"
13976,Fine-Tuned Model,"4,2,6,3,1,5"
13977,Fine-Tuned Model,"2,4,3,6,5,1"
13978,Fine-Tuned Model,"3,2,6,4,5,1"
13979,Fine-Tuned Model,"4,2,6,1,5,3"
13980,Fine-Tuned Model,"4,2,6,3,1,5"
13981,Fine-Tuned Model,
13982,Fine-Tuned Model,
13983,Fine-Tuned Model,"1,4,2,3,3,6"
13984,Fine-Tuned Model,"3,2,6,4,5,1"
13985,Fine-Tuned Model,"4,1,6,3,5,2"
13986,Fine-Tuned Model,"4,3,2,6,2,5"
13987,Fine-Tuned Model,"5,2,6,3,5,1"
13988,Fine-Tuned Model,"4,6,2,5,3,1"
13989,Fine-Tuned Model,"1,4,2,6,3,5"
13990,Fine-Tuned Model,"4,6,3,1,5,2"
13991,Fine-Tuned Model,"2,6,5,3,4,1"
13992,Fine-Tuned Model,"1,3,2,6,3,2"
13993,Fine-Tuned Model,"5,4,6,2,3,1"
13994,Fine-Tuned Model,"4,2,6,1,3,5"
13995,Fine-Tuned Model,"2,5,4,3,1,6"
13996,Fine-Tuned Model,"1,3,4,2,6,5"
13997,Fine-Tuned Model,"4,3,2,1,6,5"
13998,Fine-Tuned Model,
13999,Fine-Tuned Model,"5,2,6,3,1,4"
14000,Fine-Tuned Model,
14001,Fine-Tuned Model,"4,6,3,2,5,1"
14002,Fine-Tuned Model,
14003,Fine-Tuned Model,"3,4,1,2,6,5"
14004,Fine-Tuned Model,"2,4,6,3,1,5"
14005,Fine-Tuned Model,"1,2,5,3,6,4"
14006,Fine-Tuned Model,"3,6,2,5,4,1"
14007,Fine-Tuned Model,
14008,Fine-Tuned Model,"4,2,6,3,5"
14009,Fine-Tuned Model,"2,5,4,3,1,6"
14010,Fine-Tuned Model,"4,2,6,1,3,5"
14011,Fine-Tuned Model,"1,4,2,6,5,3"
14012,Fine-Tuned Model,
14013,Fine-Tuned Model,
14014,Fine-Tuned Model,"4,2,5,3,6,1"
14015,Fine-Tuned Model,"4,2,5,6,1,3"
14016,Fine-Tuned Model,"3,5,2,6,4,1"
14017,Fine-Tuned Model,"3,2,6,4,1,5"
14018,Fine-Tuned Model,
14019,Fine-Tuned Model,"1,4,2,3,5,6"
14020,Fine-Tuned Model,"1,5,3,6,2,4"
14021,Fine-Tuned Model,
14022,Fine-Tuned Model,"6,1,6"
14023,Fine-Tuned Model,"4,2,6,3,5,1"
14024,Fine-Tuned Model,"2,4,3,5,1,6"
14025,Fine-Tuned Model,
14026,Fine-Tuned Model,"2,4,1,5,3,6"
14027,Fine-Tuned Model,
14028,Fine-Tuned Model,
14029,Fine-Tuned Model,"4,1,3,2,5,6"
14030,Fine-Tuned Model,"4,3,2,6,1,5"
14031,Fine-Tuned Model,"1,4,2,6,3,5"
14032,Fine-Tuned Model,
14033,Fine-Tuned Model,"3,6,2,1,5,4"
14034,Fine-Tuned Model,"2,3,5,2,6,1"
14035,Fine-Tuned Model,
14036,Fine-Tuned Model,"4,3,5,2,6,1"
14037,Fine-Tuned Model,
14038,Fine-Tuned Model,"4,2,6,1,3,5"
14039,Fine-Tuned Model,
14040,Fine-Tuned Model,"3,6,2,5,4,1"
14041,Fine-Tuned Model,"4,2,6,3,5,1"
14042,Fine-Tuned Model,
14043,Fine-Tuned Model,
14044,Fine-Tuned Model,"3,5,2,1,6,4"
14045,Fine-Tuned Model,"2,5,3,4,6,1"
14046,Fine-Tuned Model,"2,5,1,4,6,3"
14047,Fine-Tuned Model,"4,1,6,3,2,5"
14048,Fine-Tuned Model,"1,3,5,2,6,4"
14049,Fine-Tuned Model,
14050,Fine-Tuned Model,"4,6,2,3,5,1"
14051,Fine-Tuned Model,"2,5,1,6,3,4"
14052,Fine-Tuned Model,"1,3,2,4,5,6"
14053,Fine-Tuned Model,
14054,Fine-Tuned Model,"4,2,6,5,3,1"
14055,Fine-Tuned Model,
14056,Fine-Tuned Model,"3,6,4,1,5,2"
14057,Fine-Tuned Model,"3,2,4,6,5,1"
14058,Fine-Tuned Model,"3,2,6,5,1,4"
14059,Fine-Tuned Model,
14060,Fine-Tuned Model,"1,2,3,4,5,6"
14061,Fine-Tuned Model,"2,5,1,4,6,3"
14062,Fine-Tuned Model,"5,1,2,6,4,3"
14063,Fine-Tuned Model,"1,2,3,4,5,6"
14064,Fine-Tuned Model,"3,2,5,1,3,6"
14065,Fine-Tuned Model,"5,2,6,1,3,4"
14066,Fine-Tuned Model,"3,6,1,5,2,4"
14067,Fine-Tuned Model,"5,2,6,3,1,4"
14068,Fine-Tuned Model,
14069,Fine-Tuned Model,"1,5,3,4,2,6"
14070,Fine-Tuned Model,"1,4,2,5,3,6"
14071,Fine-Tuned Model,"3,5,6,2,3,4"
14072,Fine-Tuned Model,
14073,Fine-Tuned Model,"2,5,3,1,6,4"
14074,Fine-Tuned Model,1
14075,Fine-Tuned Model,
14076,Fine-Tuned Model,"2,6,5,4,3,1"
14077,Fine-Tuned Model,"2,6,5,3,4,1"
14078,Fine-Tuned Model,1
14079,Fine-Tuned Model,"5,3,1,4,2,6"
14080,Fine-Tuned Model,"4,2,6,3,5,1"
14081,Fine-Tuned Model,"2,4,3,2,1,6"
14082,Fine-Tuned Model,
14083,Fine-Tuned Model,"1,2,3,5,4,6"
14084,Fine-Tuned Model,"1,2,6"
14085,Fine-Tuned Model,"3,4,5,2,6,3"
14086,Fine-Tuned Model,"4,6,2,3,5,1"
14087,Fine-Tuned Model,"4,6,2,3,5,1"
14088,Fine-Tuned Model,"5,2,6,3,1,4"
14089,Fine-Tuned Model,"4,6,3,2,6,5"
14090,Fine-Tuned Model,"1,2,4,3,6,5"
14091,Fine-Tuned Model,"4,2,6,3,5,1"
14092,Fine-Tuned Model,
14093,Fine-Tuned Model,"3,4,6"
14094,Fine-Tuned Model,"2,4,5,3,6,1"
14095,Fine-Tuned Model,"1,4,2,5,3,6"
14096,Fine-Tuned Model,"1,6,3,4,2,5"
14097,Fine-Tuned Model,"6,1,6,6"
14098,Fine-Tuned Model,"5,2,3,6,1,4"
14099,Fine-Tuned Model,"1,3,4,2,6,5"
14100,Fine-Tuned Model,"4,6,2,5,1,3"
14101,Fine-Tuned Model,"6,6"
14102,Fine-Tuned Model,"6,1,6"
14103,Fine-Tuned Model,"1,4,3,2,6,5"
14104,Fine-Tuned Model,"5,2,6,3,1,4"
14105,Fine-Tuned Model,"1,3,5,3,6,2"
14106,Fine-Tuned Model,
14107,Fine-Tuned Model,"1,3,5,2,6,4"
14108,Fine-Tuned Model,
14109,Fine-Tuned Model,"1,2,3,4,5,6"
14110,Fine-Tuned Model,
14111,Fine-Tuned Model,"3,4,6,1,2,5"
14112,Fine-Tuned Model,"2,3,6,5,4,1"
14113,Fine-Tuned Model,"1,2,3,4,5"
14114,Fine-Tuned Model,"2,5,6,3,6,5"
14115,Fine-Tuned Model,"5,2,3,6,1,4"
14116,Fine-Tuned Model,
14117,Fine-Tuned Model,"2,6,5,4,3,1"
14118,Fine-Tuned Model,"3,6,2,5,1,4"
14119,Fine-Tuned Model,"3,5,4,2,6,1"
14120,Fine-Tuned Model,"4,2,6,3,5,1"
14121,Fine-Tuned Model,"3,5,2,6,4,1"
14122,Fine-Tuned Model,
14123,Fine-Tuned Model,"1,6,6"
14124,Fine-Tuned Model,"6,1,6,1"
14125,Fine-Tuned Model,"4,1,3,5,2,6"
14126,Fine-Tuned Model,"5,1,4,3,2,6"
14127,Fine-Tuned Model,"3,2,4,6,1,5"
14128,Fine-Tuned Model,"4,3,6,2,5,1"
14129,Fine-Tuned Model,"1,3,5,2,6,4"
14130,Fine-Tuned Model,
14131,Fine-Tuned Model,"4,6,3,2,5,1"
14132,Fine-Tuned Model,"6,1"
14133,Fine-Tuned Model,
14134,Fine-Tuned Model,
14135,Fine-Tuned Model,"6,6,1,6"
14136,Fine-Tuned Model,
14137,Fine-Tuned Model,"4,2,6,3,1,5"
14138,Fine-Tuned Model,"3,2,5,6,4,1"
14139,Fine-Tuned Model,"6,6,1,6"
14140,Fine-Tuned Model,
14141,Fine-Tuned Model,"3,6,2,5,1,4"
14142,Fine-Tuned Model,"4,3,2,6,5,1"
14143,Fine-Tuned Model,"2,4,3,6,5,1"
14144,Fine-Tuned Model,"4,2,6,3,5,1"
14145,Fine-Tuned Model,"3,6,2,4,5,1"
14146,Fine-Tuned Model,"1,2,3,4,5,6"
14147,Fine-Tuned Model,
14148,Fine-Tuned Model,"1,5,4,6,2,3"
14149,Fine-Tuned Model,"4,2,6,3,1,5"
14150,Fine-Tuned Model,"5,3,1,6,2,4"
14151,Fine-Tuned Model,"3,4,2,6,1,5"
14152,Fine-Tuned Model,"2,6,5,4,3,1"
14153,Fine-Tuned Model,"1,2,6,3,5,4"
14154,Fine-Tuned Model,
14155,Fine-Tuned Model,"4,2,6,5,1,3"
14156,Fine-Tuned Model,"5,2,6,1,4,3"
14157,Fine-Tuned Model,"4,3,6,2,5,1"
14158,Fine-Tuned Model,"4,3,2"
14159,Fine-Tuned Model,
14160,Fine-Tuned Model,"6,4,1,6,3,5"
14161,Fine-Tuned Model,"1,3,5,2,4,6"
14162,Fine-Tuned Model,"4,3,6,5,2,1"
14163,Fine-Tuned Model,
14164,Fine-Tuned Model,"3,4,1,6,2,5"
14165,Fine-Tuned Model,"3,6,5,2,6,4"
14166,Fine-Tuned Model,"4,2,6,5,3,1"
14167,Fine-Tuned Model,
14168,Fine-Tuned Model,
14169,Fine-Tuned Model,
14170,Fine-Tuned Model,"1,6,6,1,6,3"
14171,Fine-Tuned Model,"4,3,6,2,5,1"
14172,Fine-Tuned Model,"2,5,4,6,1,3"
14173,Fine-Tuned Model,"1,2,3,4,5,6"
14174,Fine-Tuned Model,"3,6,2,5,4,1"
14175,Fine-Tuned Model,"3,2,6,5,4,1"
14176,Fine-Tuned Model,
14177,Fine-Tuned Model,"1,2,3,4,5,6"
14178,Fine-Tuned Model,"3,1,5,2,6,4"
14179,Fine-Tuned Model,
14180,Fine-Tuned Model,"3,6,2,5,4,1"
14181,Fine-Tuned Model,
14182,Fine-Tuned Model,"2,6,1,5,3,4"
14183,Fine-Tuned Model,"1,6,1,6"
14184,Fine-Tuned Model,"2,4,3,6,5,1"
14185,Fine-Tuned Model,"2,6,3,5,4,1"
14186,Fine-Tuned Model,"5,3,2,6,1,4"
14187,Fine-Tuned Model,"4,2,6,3,1,5"
14188,Fine-Tuned Model,"5,2,3,6,1,4"
14189,Fine-Tuned Model,
14190,Fine-Tuned Model,"2,4,6,5,1,3"
14191,Fine-Tuned Model,"3,2,6,4,5,1"
14192,Fine-Tuned Model,"4,2,6,3"
14193,Fine-Tuned Model,"5,1,2,4,3,6"
14194,Fine-Tuned Model,
14195,Fine-Tuned Model,"4,2,6,5,1,3"
14196,Fine-Tuned Model,
14197,Fine-Tuned Model,"4,2,6,1,3,5"
14198,Fine-Tuned Model,"2,6,3,5,4,1"
14199,Fine-Tuned Model,"1,6"
14200,Fine-Tuned Model,1
14201,Fine-Tuned Model,"6,6"
14202,Fine-Tuned Model,"5,3,2,6,4,1"
14203,Fine-Tuned Model,"6,1,6,5,3,4"
14204,Fine-Tuned Model,"1,2,3,4,5,6"
14205,Fine-Tuned Model,"4,6,3,2,5,1"
14206,Fine-Tuned Model,"4,2,6,3,1,5"
14207,Fine-Tuned Model,"5,2,6,4,3,1"
14208,Fine-Tuned Model,"4,2,6,3,1,5"
14209,Fine-Tuned Model,"1,6,1,6,3,5"
14210,Fine-Tuned Model,"2,6,1,4,5,3"
14211,Fine-Tuned Model,"5,3,1,2,4,6"
14212,Fine-Tuned Model,"5,1,6,2,4,3"
14213,Fine-Tuned Model,"1,2,4,6,2,3"
14214,Fine-Tuned Model,
14215,Fine-Tuned Model,
14216,Fine-Tuned Model,"4,2,6,1,5,3"
14217,Fine-Tuned Model,"3,2,6,4,5,1"
14218,Fine-Tuned Model,"1,6,6"
14219,Fine-Tuned Model,"1,2,3,4,5,6"
14220,Fine-Tuned Model,"4,2,3,6,5,1"
14221,Fine-Tuned Model,"1,6,6"
14222,Fine-Tuned Model,"4,6,1,3,5,2"
14223,Fine-Tuned Model,
14224,Fine-Tuned Model,"1,2,3,4,5"
14225,Fine-Tuned Model,"2,5,1,3,6,4"
14226,Fine-Tuned Model,
14227,Fine-Tuned Model,"1,4,6,5,3,2"
14228,Fine-Tuned Model,"1,4,3,2,5,6"
14229,Fine-Tuned Model,"4,2,6,5,1,3"
14230,Fine-Tuned Model,"2,4,1,5,3,2"
14231,Fine-Tuned Model,"4,3,6,2,5"
14232,Fine-Tuned Model,
14233,Fine-Tuned Model,"4,2,5,6,3,1"
14234,Fine-Tuned Model,"4,2,6,3,5,1"
14235,Fine-Tuned Model,"1,2,6"
14236,Fine-Tuned Model,"6,1,6"
14237,Fine-Tuned Model,"1,3,5,3,6,1"
14238,Fine-Tuned Model,"2,5,1,4,6,3"
14239,Fine-Tuned Model,"2,6,5,4,1,3"
14240,Fine-Tuned Model,"6,3,6,1,4,5"
14241,Fine-Tuned Model,"4,2,3,6,5,1"
14242,Fine-Tuned Model,"1,4,3,5,2,6"
14243,Fine-Tuned Model,"3,6,4,5,2,6"
14244,Fine-Tuned Model,
14245,Fine-Tuned Model,"2,5,6,1,3,4"
14246,Fine-Tuned Model,"2,4,6,3,1,5"
14247,Fine-Tuned Model,"2,4,6,3,5,1"
14248,Fine-Tuned Model,"3,2,5,6,1,4"
14249,Fine-Tuned Model,"3,6,2,5,4,1"
14250,Fine-Tuned Model,"3,4,2,6,5,1"
14251,Fine-Tuned Model,"5,2,6,4,1,3"
14252,Fine-Tuned Model,"3,6,2,5,4,1"
14253,Fine-Tuned Model,1
14254,Fine-Tuned Model,"4,3,6,2,5,1"
14255,Fine-Tuned Model,
14256,Fine-Tuned Model,"2,4,3,5,6,1"
14257,Fine-Tuned Model,"1,6,6,1,2,5"
14258,Fine-Tuned Model,
14259,Fine-Tuned Model,
14260,Fine-Tuned Model,"2,6,3,5,1,4"
14261,Fine-Tuned Model,"3,6,2,5,1,4"
14262,Fine-Tuned Model,"1,2,5,3,6,4"
14263,Fine-Tuned Model,"1,3,2,6,4,5"
14264,Fine-Tuned Model,"5,3,2,6,1,4"
14265,Fine-Tuned Model,"3,2,6,4,1,5"
14266,Fine-Tuned Model,"1,2,6,3,5,4"
14267,Fine-Tuned Model,"3,6,2,5,4,1"
14268,Fine-Tuned Model,"3,5,2,6,4,1"
14269,Fine-Tuned Model,
14270,Fine-Tuned Model,"5,3,6,2,4,1"
14271,Fine-Tuned Model,"3,6,2,5,4,1"
14272,Fine-Tuned Model,"5,4,2,3,6,1"
14273,Fine-Tuned Model,
14274,Fine-Tuned Model,"3,6,2,5,4,1"
14275,Fine-Tuned Model,
14276,Fine-Tuned Model,"5,3,1,2,4,6"
14277,Fine-Tuned Model,"4,2,6,1,5,3"
14278,Fine-Tuned Model,"2,5,6,3,6,2"
14279,Fine-Tuned Model,"1,2,6"
14280,Fine-Tuned Model,"5,2,6,1,3,4"
14281,Fine-Tuned Model,
14282,Fine-Tuned Model,"4,3,2,6,5,5"
14283,Fine-Tuned Model,"3,2,4,6,1,5"
14284,Fine-Tuned Model,"3,2,5,1,4,6"
14285,Fine-Tuned Model,"4,3,6,2,5,1"
14286,Fine-Tuned Model,"2,6,5,3,6,4"
14287,Fine-Tuned Model,"5,2,6,3,1,4"
14288,Fine-Tuned Model,"1,4,3,5,2"
14289,Fine-Tuned Model,"4,2,6,5,1,3"
14290,Fine-Tuned Model,"3,4,6,1,2,5"
14291,Fine-Tuned Model,
14292,Fine-Tuned Model,"3,2,5,6,4,1"
14293,Fine-Tuned Model,"4,2,6,5,1,3"
14294,Fine-Tuned Model,"2,4,3,1,5,6"
14295,Fine-Tuned Model,"4,6,1,3,2,5"
14296,Fine-Tuned Model,"4,6,2,3,5,1"
14297,Fine-Tuned Model,
14298,Fine-Tuned Model,
14299,Fine-Tuned Model,
14300,Fine-Tuned Model,"1,3,2,5,4,6"
14301,Fine-Tuned Model,"2,5,4,3,6,1"
14302,Fine-Tuned Model,"1,3,6,5,2,4"
14303,Fine-Tuned Model,"3,2,5,6,1,4"
14304,Fine-Tuned Model,"4,2,6,1,5,3"
14305,Fine-Tuned Model,"4,1,6,1,6"
14306,Fine-Tuned Model,"4,3,6,2,5,1"
14307,Fine-Tuned Model,"3,2,6,1,4,5"
14308,Fine-Tuned Model,"4,2,6,3,1,5"
14309,Fine-Tuned Model,"4,3,2,5,1,6"
14310,Fine-Tuned Model,"2,5,3,6,2,4"
14311,Fine-Tuned Model,
14312,Fine-Tuned Model,"4,2,5,3,6,1"
14313,Fine-Tuned Model,"1,2,3,4,5,6"
14314,Fine-Tuned Model,
14315,Fine-Tuned Model,"3,2,6,5,1,4"
14316,Fine-Tuned Model,"3,6,5,2,4,1"
14317,Fine-Tuned Model,"6,6"
14318,Fine-Tuned Model,"4,2,6,5,1,3"
14319,Fine-Tuned Model,"5,2,3,1,6,4"
14320,Fine-Tuned Model,"3,2,5,1,6,4"
14321,Fine-Tuned Model,
14322,Fine-Tuned Model,"3,6,1,4,5,2"
14323,Fine-Tuned Model,"4,2,6,3,5,1"
14324,Fine-Tuned Model,"6,1,6"
14325,Fine-Tuned Model,"3,6,2,5,1,4"
14326,Fine-Tuned Model,"2,4,6,3,1,5"
14327,Fine-Tuned Model,"6,1,6"
14328,Fine-Tuned Model,
14329,Fine-Tuned Model,"2,5,3,4,6,1"
14330,Fine-Tuned Model,"2,5,3,1,4,6"
14331,Fine-Tuned Model,2
14332,Fine-Tuned Model,"3,6,2,5,4,1"
14333,Fine-Tuned Model,"1,6,6"
14334,Fine-Tuned Model,"6,1,6"
14335,Fine-Tuned Model,"5,2,6,1,3,4"
14336,Fine-Tuned Model,"3,2,6,5,4,1"
14337,Fine-Tuned Model,"3,4,1,2,6,5"
14338,Fine-Tuned Model,"4,6,2,5,3,1"
14339,Fine-Tuned Model,"4,1,6,5,2,3"
14340,Fine-Tuned Model,"3,2,6,1,5,4"
14341,Fine-Tuned Model,
14342,Fine-Tuned Model,"3,2,4,6,1,5"
14343,Fine-Tuned Model,"2,4,5,3,6,1"
14344,Fine-Tuned Model,"2,5,3,6,4,1"
14345,Fine-Tuned Model,
14346,Fine-Tuned Model,"4,2,6,3,1,5"
14347,Fine-Tuned Model,
14348,Fine-Tuned Model,"1,4,2,5,3,6"
14349,Fine-Tuned Model,
14350,Fine-Tuned Model,
14351,Fine-Tuned Model,"1,2,3,4,5,6"
14352,Fine-Tuned Model,"1,4,6,3,5,2"
14353,Fine-Tuned Model,
14354,Fine-Tuned Model,"4,6,3,2,5,1"
14355,Fine-Tuned Model,"6,1,6"
14356,Fine-Tuned Model,"5,1,2,6,4,3"
14357,Fine-Tuned Model,
14358,Fine-Tuned Model,"4,2,6,1,3,5"
14359,Fine-Tuned Model,"3,6,2,4,5,1"
14360,Fine-Tuned Model,
14361,Fine-Tuned Model,"2,4,1,6,3,5"
14362,Fine-Tuned Model,"4,3,6,2,5,1"
14363,Fine-Tuned Model,"1,6"
14364,Fine-Tuned Model,"6,1"
14365,Fine-Tuned Model,
14366,Fine-Tuned Model,"4,3,6,5,2,1"
14367,Fine-Tuned Model,6
14368,Fine-Tuned Model,"3,2,5,6,4,1"
14369,Fine-Tuned Model,"1,6,6,1,2,3"
14370,Fine-Tuned Model,
14371,Fine-Tuned Model,"6,6"
14372,Fine-Tuned Model,
14373,Fine-Tuned Model,
14374,Fine-Tuned Model,"1,2,3,4,5,6"
14375,Fine-Tuned Model,"3,2,6,5,1,4"
14376,Fine-Tuned Model,"6,1,6,3,4,5"
14377,Fine-Tuned Model,"1,3,2,6,5,4"
14378,Fine-Tuned Model,"3,6,2,5,4,1"
14379,Fine-Tuned Model,
14380,Fine-Tuned Model,"5,2,4,1,6,3"
14381,Fine-Tuned Model,"5,2,4,3,5,1"
14382,Fine-Tuned Model,
14383,Fine-Tuned Model,"3,2,4,5,1,3"
14384,Fine-Tuned Model,"4,2,6,3,5,1"
14385,Fine-Tuned Model,"3,2,5,4,6,1"
14386,Fine-Tuned Model,"1,4,3,5,6,2"
14387,Fine-Tuned Model,"1,4,2,6,3,5"
14388,Fine-Tuned Model,"1,6,2,5,4,3"
14389,Fine-Tuned Model,1
14390,Fine-Tuned Model,"1,3,2,5,4,6"
14391,Fine-Tuned Model,"4,2,6,3,5,1"
14392,Fine-Tuned Model,"3,6,2,5,1,4"
14393,Fine-Tuned Model,"5,2,3,6,1,4"
14394,Fine-Tuned Model,"4,2,6,5,1,3"
14395,Fine-Tuned Model,"5,2,3,1,6,4"
14396,Fine-Tuned Model,"3,5,2,6,4,1"
14397,Fine-Tuned Model,"4,2,6,3,5,1"
14398,Fine-Tuned Model,"1,2,3,6,4,5"
14399,Fine-Tuned Model,
14400,Fine-Tuned Model,"1,4,2,3,6,5"
14401,Fine-Tuned Model,"3,1,6,5,2,4"
14402,Fine-Tuned Model,
14403,Fine-Tuned Model,"1,6,6"
14404,Fine-Tuned Model,"5,2,3,1,6,4"
14405,Fine-Tuned Model,"4,2,3,1,6,5"
14406,Fine-Tuned Model,"4,2,5,3,6,1"
14407,Fine-Tuned Model,"4,3,6,2,5,1"
14408,Fine-Tuned Model,"4,2,6,5,3"
14409,Fine-Tuned Model,"1,6"
14410,Fine-Tuned Model,
14411,Fine-Tuned Model,
14412,Fine-Tuned Model,
14413,Fine-Tuned Model,"3,6,2,5,4,1"
14414,Fine-Tuned Model,"4,2,6,1,5,3"
14415,Fine-Tuned Model,"1,2,3,4,5,6"
14416,Fine-Tuned Model,"3,1,6,2,4,5"
14417,Fine-Tuned Model,"4,2,5,6,3,1"
14418,Fine-Tuned Model,
14419,Fine-Tuned Model,"1,2,3,4,5,6"
14420,Fine-Tuned Model,"4,2,3,6,1"
14421,Fine-Tuned Model,"4,2,6,3,1,5"
14422,Fine-Tuned Model,"2,5,3,1,6,4"
14423,Fine-Tuned Model,"1,3,2,5,4,6"
14424,Fine-Tuned Model,"4,2,6,1,5,3"
14425,Fine-Tuned Model,"2,4,6,3,1,5"
14426,Fine-Tuned Model,"5,2,3,1,6,4"
14427,Fine-Tuned Model,"3,6,1,5,2,4"
14428,Fine-Tuned Model,
14429,Fine-Tuned Model,"3,4,5,6,1,6"
14430,Fine-Tuned Model,"1,2,6,5,3,2"
14431,Fine-Tuned Model,"6,1,6"
14432,Fine-Tuned Model,"3,4,5,2,6,1"
14433,Fine-Tuned Model,"1,2,3,4,5"
14434,Fine-Tuned Model,"3,6,1,5,4,2"
14435,Fine-Tuned Model,"1,2,5,3,1,6"
14436,Fine-Tuned Model,"4,3,6,5,2,1"
14437,Fine-Tuned Model,"2,6,1,4,3,5"
14438,Fine-Tuned Model,"1,4,6,3,2,5"
14439,Fine-Tuned Model,"4,2,3,5,1,6"
14440,Fine-Tuned Model,"1,4,2,6,3,1"
14441,Fine-Tuned Model,"6,1,6"
14442,Fine-Tuned Model,"1,2,4,3,5,6"
14443,Fine-Tuned Model,"5,2,6,3,1,4"
14444,Fine-Tuned Model,
14445,Fine-Tuned Model,
14446,Fine-Tuned Model,"4,2,5,1,3,6"
14447,Fine-Tuned Model,"5,2,6,3,1,4"
14448,Fine-Tuned Model,"3,2,6,1,5,4"
14449,Fine-Tuned Model,
14450,Fine-Tuned Model,"4,2,6,5,3,1"
14451,Fine-Tuned Model,"2,4,6,3,1,5"
14452,Fine-Tuned Model,"3,6,2,5,1,4"
14453,Fine-Tuned Model,"5,3,1,6,2,4"
14454,Fine-Tuned Model,"4,6,2,1,3,5"
14455,Fine-Tuned Model,"3,6,2,5,4,1"
14456,Fine-Tuned Model,"3,4,6,5,2,1"
14457,Fine-Tuned Model,
14458,Fine-Tuned Model,
14459,Fine-Tuned Model,"1,2,6,5,1,4"
14460,Fine-Tuned Model,"4,3,2,6,1,5"
14461,Fine-Tuned Model,"2,5,4,6,1,3"
14462,Fine-Tuned Model,"2,5,1,4,3,6"
14463,Fine-Tuned Model,"2,5,1,4,6,3"
14464,Fine-Tuned Model,"1,6,2,3,4"
14465,Fine-Tuned Model,
14466,Fine-Tuned Model,
14467,Fine-Tuned Model,"3,2,1,4,5,3"
14468,Fine-Tuned Model,"2,4,3,5,6,1"
14469,Fine-Tuned Model,"3,2,5,1,4,6"
14470,Fine-Tuned Model,"1,2,3,4,5,6"
14471,Fine-Tuned Model,"4,2,6,1,3,5"
14472,Fine-Tuned Model,"1,4,2,6,5,3"
14473,Fine-Tuned Model,"4,2,6,5,3,1"
14474,Fine-Tuned Model,"5,2,6,3,1,4"
14475,Fine-Tuned Model,"1,3,4,5,2,6"
14476,Fine-Tuned Model,"1,6,3,4,5,2"
14477,Fine-Tuned Model,"1,2,4,3,5,6"
14478,Fine-Tuned Model,"1,3,4,6,5,2"
14479,Fine-Tuned Model,
14480,Fine-Tuned Model,"1,4,2,3,6,5"
14481,Fine-Tuned Model,
14482,Fine-Tuned Model,"1,4,2,6,3,5"
14483,Fine-Tuned Model,"5,2,6,3,1,4"
14484,Fine-Tuned Model,"2,5,4,6,3,1"
14485,Fine-Tuned Model,"4,2,5,6,3,1"
14486,Fine-Tuned Model,"5,3,6,2,4"
14487,Fine-Tuned Model,"1,6,1,6,1,6"
14488,Fine-Tuned Model,"2,5,4,6,3,2"
14489,Fine-Tuned Model,"3,6,2,5,4,1"
14490,Fine-Tuned Model,
14491,Fine-Tuned Model,"4,2,6,3,5,1"
14492,Fine-Tuned Model,
14493,Fine-Tuned Model,"2,6,1,3,5,4"
14494,Fine-Tuned Model,"1,4,2,6,3,5"
14495,Fine-Tuned Model,"3,5,1,6,4,2"
14496,Fine-Tuned Model,"2,5,4,3,6,1"
14497,Fine-Tuned Model,"2,6,3,5,1,4"
14498,Fine-Tuned Model,"3,5,1,2,6,4"
14499,Fine-Tuned Model,
14500,Fine-Tuned Model,
14501,Fine-Tuned Model,"4,3,6,2,5,1"
14502,Fine-Tuned Model,"3,6,1,2,4,5"
14503,Fine-Tuned Model,"4,2,6,5,3,1"
14504,Fine-Tuned Model,"6,4,3,2,1,5"
14505,Fine-Tuned Model,"3,6,1,4,5,2"
14506,Fine-Tuned Model,"1,6"
14507,Fine-Tuned Model,1
14508,Fine-Tuned Model,
14509,Fine-Tuned Model,"1,2,3,4,5,6"
14510,Fine-Tuned Model,"3,2,6,1,5,4"
14511,Fine-Tuned Model,"1,3,5,2,6,3"
14512,Fine-Tuned Model,"2,4,3,6,5,2"
14513,Fine-Tuned Model,
14514,Fine-Tuned Model,"1,4,3,2,6,5"
14515,Fine-Tuned Model,"1,2,3,4,5,6"
14516,Fine-Tuned Model,"2,5,1,6,3,4"
14517,Fine-Tuned Model,"2,4,6,1,3,5"
14518,Fine-Tuned Model,"2,5,3,1,6,4"
14519,Fine-Tuned Model,"2,4,6,3,5,1"
14520,Fine-Tuned Model,"2,6,3,4,5,1"
14521,Fine-Tuned Model,
14522,Fine-Tuned Model,1
14523,Fine-Tuned Model,"2,5,3,6,4,1"
14524,Fine-Tuned Model,
14525,Fine-Tuned Model,"6,1,6"
14526,Fine-Tuned Model,
14527,Fine-Tuned Model,
14528,Fine-Tuned Model,
14529,Fine-Tuned Model,
14530,Fine-Tuned Model,"4,2,6,5,3,1"
14531,Fine-Tuned Model,"2,5,6,3,6,1"
14532,Fine-Tuned Model,"1,3,5,1,3,6"
14533,Fine-Tuned Model,"5,3,6,4,2,1"
14534,Fine-Tuned Model,"1,4,2,5,3,6"
14535,Fine-Tuned Model,"3,6,1,2,5,4"
14536,Fine-Tuned Model,"4,1,6,3,2,5"
14537,Fine-Tuned Model,
14538,Fine-Tuned Model,"4,2,6,1,5,3"
14539,Fine-Tuned Model,
14540,Fine-Tuned Model,"1,2,4,3,5,6"
14541,Fine-Tuned Model,"3,1,5,2,4,6"
14542,Fine-Tuned Model,"3,5,6,1,2,4"
14543,Fine-Tuned Model,"1,2,3,4,5,6"
14544,Fine-Tuned Model,"1,6,5,3,2,4"
14545,Fine-Tuned Model,"6,1,6"
14546,Fine-Tuned Model,
14547,Fine-Tuned Model,"1,4,5,3,2,6"
14548,Fine-Tuned Model,
14549,Fine-Tuned Model,"6,3,2,4,5,1"
14550,Fine-Tuned Model,"1,4,2,6,3,5"
14551,Fine-Tuned Model,"4,2,6,3,5,1"
14552,Fine-Tuned Model,
14553,Fine-Tuned Model,"4,6,5,2,3,1"
14554,Fine-Tuned Model,"4,2,6,3,1,5"
14555,Fine-Tuned Model,"1,4,2,5,3,6"
14556,Fine-Tuned Model,
14557,Fine-Tuned Model,"6,1,6,1,6,1"
14558,Fine-Tuned Model,
14559,Fine-Tuned Model,"4,2,6,3,5,1"
14560,Fine-Tuned Model,"4,2,5,1,6,3"
14561,Fine-Tuned Model,"4,2,6,3,1,5"
14562,Fine-Tuned Model,"1,6,6"
14563,Fine-Tuned Model,
14564,Fine-Tuned Model,"3,1,6,5,2,4"
14565,Fine-Tuned Model,"1,6"
14566,Fine-Tuned Model,"3,4,5,6,2,1"
14567,Fine-Tuned Model,"4,3,6,2,5,1"
14568,Fine-Tuned Model,"1,2,5,3,2,6"
14569,Fine-Tuned Model,"3,6,2,5,1,4"
14570,Fine-Tuned Model,"1,4,2,3,5,6"
14571,Fine-Tuned Model,"3,6,2,5,4,1"
14572,Fine-Tuned Model,"3,4,5,2,6,1"
14573,Fine-Tuned Model,
14574,Fine-Tuned Model,
14575,Fine-Tuned Model,"5,2,6,3,1,4"
14576,Fine-Tuned Model,"1,3,5,2,6,4"
14577,Fine-Tuned Model,"1,2,5,4,3,3"
14578,Fine-Tuned Model,"4,2,6,5,1,3"
14579,Fine-Tuned Model,"4,2,5,6,3,1"
14580,Fine-Tuned Model,
14581,Fine-Tuned Model,"4,3,6,2,5,1"
14582,Fine-Tuned Model,"1,5,4,2,6,3"
14583,Fine-Tuned Model,"1,2,3,4,5,6"
14584,Fine-Tuned Model,"2,6,3,4,1,5"
14585,Fine-Tuned Model,"4,3,1,5,6,2"
14586,Fine-Tuned Model,"2,5,3,6,5,4"
14587,Fine-Tuned Model,"5,3,4,6,2,1"
14588,Fine-Tuned Model,"3,5,2,6,4,1"
14589,Fine-Tuned Model,"6,1,5,2,6,4"
14590,Fine-Tuned Model,
14591,Fine-Tuned Model,"6,1,6"
14592,Fine-Tuned Model,"5,3,2,4,6,1"
14593,Fine-Tuned Model,"2,4,3,6,5,1"
14594,Fine-Tuned Model,
14595,Fine-Tuned Model,"3,1,6,2,4,5"
14596,Fine-Tuned Model,
14597,Fine-Tuned Model,"2,5,4,3,6,1"
14598,Fine-Tuned Model,
14599,Fine-Tuned Model,"3,2,6,5,1,4"
14600,Fine-Tuned Model,
14601,Fine-Tuned Model,"1,6,3,2,5,4"
14602,Fine-Tuned Model,
14603,Fine-Tuned Model,"3,5,1,2,4,6"
14604,Fine-Tuned Model,"3,2,6,5,1,4"
14605,Fine-Tuned Model,
14606,Fine-Tuned Model,
14607,Fine-Tuned Model,"5,2,6,3,1,4"
14608,Fine-Tuned Model,"1,5,3"
14609,Fine-Tuned Model,"1,2,5,3,1,4"
14610,Fine-Tuned Model,"2,4,3,5,6,1"
14611,Fine-Tuned Model,"1,3,6,4,2,5"
14612,Fine-Tuned Model,"2,5,1,3,4,6"
14613,Fine-Tuned Model,"3,6,1,2,4,5"
14614,Fine-Tuned Model,"1,6,1,6,1,6"
14615,Fine-Tuned Model,"4,2,6,5,3,1"
14616,Fine-Tuned Model,"2,5,3,1,6,5"
14617,Fine-Tuned Model,"5,3,6,2,4,1"
14618,Fine-Tuned Model,"3,6,2,1,5,4"
14619,Fine-Tuned Model,"2,5,3,1,4,6"
14620,Fine-Tuned Model,"1,2,3,4,5"
14621,Fine-Tuned Model,"4,2,6,3,5,1"
14622,Fine-Tuned Model,"1,6,1,6,1,6"
14623,Fine-Tuned Model,"4,6,3,2,5,1"
14624,Fine-Tuned Model,"5,6"
14625,Fine-Tuned Model,"3,5,1,2,6,4"
14626,Fine-Tuned Model,"4,1,2,3,6,5"
14627,Fine-Tuned Model,"4,2,6,1,3,5"
14628,Fine-Tuned Model,"1,6,6"
14629,Fine-Tuned Model,"1,1,1,1,1,1"
14630,Fine-Tuned Model,"3,6,2,5,1,4"
14631,Fine-Tuned Model,"3,6,2,5,1,4"
14632,Fine-Tuned Model,"4,3,6,2,1,5"
14633,Fine-Tuned Model,
14634,Fine-Tuned Model,
14635,Fine-Tuned Model,"5,3,6,1,2,4"
14636,Fine-Tuned Model,
14637,Fine-Tuned Model,
14638,Fine-Tuned Model,"1,2,3,4,5,6"
14639,Fine-Tuned Model,"5,3,1,6,2,4"
14640,Fine-Tuned Model,
14641,Fine-Tuned Model,
14642,Fine-Tuned Model,
14643,Fine-Tuned Model,"1,5,3,2,6,4"
14644,Fine-Tuned Model,"3,6,2,5,1,4"
14645,Fine-Tuned Model,"4,2,6,3,5,1"
14646,Fine-Tuned Model,"2,5,1,4,3,6"
14647,Fine-Tuned Model,"3,6,2,5,1,4"
14648,Fine-Tuned Model,"2,5,1,6,3,4"
14649,Fine-Tuned Model,"3,6,4,2,5,1"
14650,Fine-Tuned Model,"4,6,2,5,3,6"
14651,Fine-Tuned Model,"1,5,6,2,6,3"
14652,Fine-Tuned Model,"3,5,2,4,6,1"
14653,Fine-Tuned Model,"3,6,2,1,5,4"
14654,Fine-Tuned Model,"2,6,4,3,1,5"
14655,Fine-Tuned Model,
14656,Fine-Tuned Model,"1,3,2,6,3,2"
14657,Fine-Tuned Model,"3,1,6,2,5,4"
14658,Fine-Tuned Model,"3,2,4,1,6,5"
14659,Fine-Tuned Model,"1,6,1,6,1,6"
14660,Fine-Tuned Model,
14661,Fine-Tuned Model,"1,3,5,2,6,4"
14662,Fine-Tuned Model,
14663,Fine-Tuned Model,"3,2,6,1,5,4"
14664,Fine-Tuned Model,"3,2,6,5,4,1"
14665,Fine-Tuned Model,"1,4,2,6,5,3"
14666,Fine-Tuned Model,"4,3,2,5,1,6"
14667,Fine-Tuned Model,"4,2,6,3,5,1"
14668,Fine-Tuned Model,"3,5,2,6,4,1"
14669,Fine-Tuned Model,"2,5,4,1,3,6"
14670,Fine-Tuned Model,"3,6,1,4,2,5"
14671,Fine-Tuned Model,"4,2,5,6,3,1"
14672,Fine-Tuned Model,"4,2,6,3,5,1"
14673,Fine-Tuned Model,3
14674,Fine-Tuned Model,"1,6"
14675,Fine-Tuned Model,"4,2,6,5,1,3"
14676,Fine-Tuned Model,"1,3,2,5,6,4"
14677,Fine-Tuned Model,"3,6,4,1,5,2"
14678,Fine-Tuned Model,"1,6,6"
14679,Fine-Tuned Model,
14680,Fine-Tuned Model,6
14681,Fine-Tuned Model,"3,6,2,5,4,1"
14682,Fine-Tuned Model,"2,6,1,3,5,4"
14683,Fine-Tuned Model,"5,4,6,3,2,5"
14684,Fine-Tuned Model,"4,3,6,1,5,2"
14685,Fine-Tuned Model,"4,2,6,3,5,1"
14686,Fine-Tuned Model,"3,6,5,4,2,1"
14687,Fine-Tuned Model,"3,5,2,4,6,1"
14688,Fine-Tuned Model,"2,1,3"
14689,Fine-Tuned Model,"5,1,6"
14690,Fine-Tuned Model,"3,2,6,1,5,4"
14691,Fine-Tuned Model,"5,3,6,2,6,1"
14692,Fine-Tuned Model,"2,5,3,6,1,4"
14693,Fine-Tuned Model,"4,2,6,3,1,5"
14694,Fine-Tuned Model,"3,5,6,2,4,1"
14695,Fine-Tuned Model,
14696,Fine-Tuned Model,"3,6,2,5,1,4"
14697,Fine-Tuned Model,"5,3,2,4,6,1"
14698,Fine-Tuned Model,"3,5,2,4,6,3"
14699,Fine-Tuned Model,"4,3,6,2,5,1"
14700,Fine-Tuned Model,"2,5,6,3,4,1"
14701,Fine-Tuned Model,
14702,Fine-Tuned Model,"1,4,6,2,5,3"
14703,Fine-Tuned Model,"1,2,3,4,5,6"
14704,Fine-Tuned Model,
14705,Fine-Tuned Model,1
14706,Fine-Tuned Model,
14707,Fine-Tuned Model,"4,2,6,3,5,1"
14708,Fine-Tuned Model,"3,6,2,5,4,1"
14709,Fine-Tuned Model,
14710,Fine-Tuned Model,
14711,Fine-Tuned Model,"1,5,2,6,1,4"
14712,Fine-Tuned Model,"4,2,5,3,6,1"
14713,Fine-Tuned Model,"3,6,2,5,1,4"
14714,Fine-Tuned Model,"1,4,2,6,5,3"
14715,Fine-Tuned Model,"1,4,2,6,3,1"
14716,Fine-Tuned Model,"3,6,2,5,4,1"
14717,Fine-Tuned Model,"5,3,6,2,4,1"
14718,Fine-Tuned Model,"1,4,2,6,5,3"
14719,Fine-Tuned Model,
14720,Fine-Tuned Model,"4,3,6,2,5,1"
14721,Fine-Tuned Model,"1,2,3,6,4,2"
14722,Fine-Tuned Model,"3,6,2,5,1,4"
14723,Fine-Tuned Model,"4,2,5,3,6,1"
14724,Fine-Tuned Model,"3,2,5,1"
14725,Fine-Tuned Model,"1,3,6,2,4,5"
14726,Fine-Tuned Model,
14727,Fine-Tuned Model,"1,2,3,4,5,6"
14728,Fine-Tuned Model,"4,3,1,6,5,2"
14729,Fine-Tuned Model,"3,6,2,5,1,4"
14730,Fine-Tuned Model,"3,1,2,6,5,4"
14731,Fine-Tuned Model,"2,5,4,3,1,6"
14732,Fine-Tuned Model,"3,2,6,1,5,4"
14733,Fine-Tuned Model,
14734,Fine-Tuned Model,"2,5,1,6,4,3"
14735,Fine-Tuned Model,
14736,Fine-Tuned Model,"1,4,2,2,3,3"
14737,Fine-Tuned Model,"2,5,3,6,4,1"
14738,Fine-Tuned Model,"1,5,3,6,2,4"
14739,Fine-Tuned Model,
14740,Fine-Tuned Model,
14741,Fine-Tuned Model,
14742,Fine-Tuned Model,"2,4,1,3,5,6"
14743,Fine-Tuned Model,"3,2,6,4,5,1"
14744,Fine-Tuned Model,"2,4,6,3,5,1"
14745,Fine-Tuned Model,
14746,Fine-Tuned Model,"5,2,6,1,4,3"
14747,Fine-Tuned Model,
14748,Fine-Tuned Model,"4,1,3,5,2,6"
14749,Fine-Tuned Model,
14750,Fine-Tuned Model,"3,6,2,5,1,4"
14751,Fine-Tuned Model,"1,6,1,6"
14752,Fine-Tuned Model,"1,6,6"
14753,Fine-Tuned Model,"4,6,2,5,3,1"
14754,Fine-Tuned Model,"5,2,1,6,4,3"
14755,Fine-Tuned Model,
14756,Fine-Tuned Model,"2,4,5,1,3,6"
14757,Fine-Tuned Model,"4,2,5,6,3,1"
14758,Fine-Tuned Model,"3,6,2,5,4,1"
14759,Fine-Tuned Model,"4,6,2,3,5,1"
14760,Fine-Tuned Model,"1,4,2,5,3,6"
14761,Fine-Tuned Model,"2,5,6,3,1,4"
14762,Fine-Tuned Model,"1,2,3,4,5,6"
14763,Fine-Tuned Model,
14764,Fine-Tuned Model,"4,2,5,6,3,1"
14765,Fine-Tuned Model,
14766,Fine-Tuned Model,"1,4,3,2,6,5"
14767,Fine-Tuned Model,"4,2,6,3,5,1"
14768,Fine-Tuned Model,"1,6,6"
14769,Fine-Tuned Model,"2,6,5,1,4,3"
14770,Fine-Tuned Model,"5,2,4,1,3,6"
14771,Fine-Tuned Model,
14772,Fine-Tuned Model,
14773,Fine-Tuned Model,
14774,Fine-Tuned Model,
14775,Fine-Tuned Model,"5,2,1,6,3,4"
14776,Fine-Tuned Model,"3,5,2,6,4,1"
14777,Fine-Tuned Model,"6,6"
14778,Fine-Tuned Model,
14779,Fine-Tuned Model,
14780,Fine-Tuned Model,"1,2,3,4,5,6"
14781,Fine-Tuned Model,
14782,Fine-Tuned Model,"1,2,3,4,5,6"
14783,Fine-Tuned Model,"1,4,2,5,6,3"
14784,Fine-Tuned Model,"2,6,1,4,3,5"
14785,Fine-Tuned Model,
14786,Fine-Tuned Model,"5,2,3,6,4,5"
14787,Fine-Tuned Model,"1,6,6,6,3,1"
14788,Fine-Tuned Model,
14789,Fine-Tuned Model,"4,2,6,3"
14790,Fine-Tuned Model,"1,2,3,4,5,6"
14791,Fine-Tuned Model,
14792,Fine-Tuned Model,"4,2,6,3,5,1"
14793,Fine-Tuned Model,
14794,Fine-Tuned Model,"1,6,6"
14795,Fine-Tuned Model,"2,5,4,3,6,1"
14796,Fine-Tuned Model,"4,6,2,5,1,3"
14797,Fine-Tuned Model,"3,1,6,2,4,5"
14798,Fine-Tuned Model,2
14799,Fine-Tuned Model,"1,5,3,2,6,4"
14800,Fine-Tuned Model,"4,2,6,3,5,1"
14801,Fine-Tuned Model,"4,2,6,1,3,5"
14802,Fine-Tuned Model,"3,5,2,6,4,1"
14803,Fine-Tuned Model,"2,3,4,6,1,5"
14804,Fine-Tuned Model,"3,6,2,5,4,1"
14805,Fine-Tuned Model,"2,5,6"
14806,Fine-Tuned Model,
14807,Fine-Tuned Model,"1,2,3,4,5,6"
14808,Fine-Tuned Model,"4,2,6,3,5,1"
14809,Fine-Tuned Model,
14810,Fine-Tuned Model,"5,2,3,4,1,6"
14811,Fine-Tuned Model,"3,6,2,5,4,1"
14812,Fine-Tuned Model,"1,4,2,3,6,5"
14813,Fine-Tuned Model,"1,6,2,4,3,2"
14814,Fine-Tuned Model,"3,6,2,5,1,4"
14815,Fine-Tuned Model,
14816,Fine-Tuned Model,"2,6,3,5,4,2"
14817,Fine-Tuned Model,
14818,Fine-Tuned Model,
14819,Fine-Tuned Model,"4,2,6,1,3,5"
14820,Fine-Tuned Model,
14821,Fine-Tuned Model,"1,2,3,4,5,6"
14822,Fine-Tuned Model,
14823,Fine-Tuned Model,"4,3,6,1,2,5"
14824,Fine-Tuned Model,
14825,Fine-Tuned Model,
14826,Fine-Tuned Model,"3,6,2,5,4,1"
14827,Fine-Tuned Model,
14828,Fine-Tuned Model,"1,4,2,6,3,5"
14829,Fine-Tuned Model,"1,6,4,2,5,3"
14830,Fine-Tuned Model,"6,6"
14831,Fine-Tuned Model,"4,3,6,2,5,1"
14832,Fine-Tuned Model,"2,5,1,3,4,6"
14833,Fine-Tuned Model,"3,6,5,4,2,1"
14834,Fine-Tuned Model,"1,3,2,6,5,4"
14835,Fine-Tuned Model,"3,6,4,5,2,1"
14836,Fine-Tuned Model,"2,4,5,1,3,6"
14837,Fine-Tuned Model,3
14838,Fine-Tuned Model,"5,2,3,6,4,1"
14839,Fine-Tuned Model,"2,5,3,6,1,4"
14840,Fine-Tuned Model,"4,2,6,1,3,5"
14841,Fine-Tuned Model,"3,6,1,2,5,4"
14842,Fine-Tuned Model,"4,3,2,6,1,5"
14843,Fine-Tuned Model,"2,4,3,5,2,6"
14844,Fine-Tuned Model,"2,5,4,3,2,1"
14845,Fine-Tuned Model,"1,6,1,6,1,6"
14846,Fine-Tuned Model,
14847,Fine-Tuned Model,"4,6,3,2,5,1"
14848,Fine-Tuned Model,"3,6,2,5,1,4"
14849,Fine-Tuned Model,"1,6,6,6"
14850,Fine-Tuned Model,"2,6,4,3,5,1"
14851,Fine-Tuned Model,
14852,Fine-Tuned Model,"1,2,6,3"
14853,Fine-Tuned Model,"2,5,6,1,3,6"
14854,Fine-Tuned Model,"3,6,2,5,4,1"
14855,Fine-Tuned Model,"3,6,2,5,4,1"
14856,Fine-Tuned Model,"2,5,1,6,3,4"
14857,Fine-Tuned Model,"2,5,3,6,1,4"
14858,Fine-Tuned Model,"5,3,1,2,6,4"
14859,Fine-Tuned Model,"3,5,2,1,6,4"
14860,Fine-Tuned Model,"6,1,6,5,3,1"
14861,Fine-Tuned Model,"4,6,3,2,1,5"
14862,Fine-Tuned Model,"1,2,3,4,5,6"
14863,Fine-Tuned Model,"4,3,6,2,5,1"
14864,Fine-Tuned Model,"4,6,2,5,3,1"
14865,Fine-Tuned Model,"1,6"
14866,Fine-Tuned Model,"1,6,1,6,2"
14867,Fine-Tuned Model,"3,5,2,6,1,4"
14868,Fine-Tuned Model,"1,6,6,6"
14869,Fine-Tuned Model,"1,4,2,2,3,6"
14870,Fine-Tuned Model,
14871,Fine-Tuned Model,"4,3,6,1,5,2"
14872,Fine-Tuned Model,"4,3,5,2,6,1"
14873,Fine-Tuned Model,"2,5,6,3,4,1"
14874,Fine-Tuned Model,"1,4,2,6,5,3"
14875,Fine-Tuned Model,"4,2,6,3,5,1"
14876,Fine-Tuned Model,
14877,Fine-Tuned Model,"3,5,1,4,6,2"
14878,Fine-Tuned Model,"3,6,4,2,5,1"
14879,Fine-Tuned Model,
14880,Fine-Tuned Model,"5,3,2,1,6,4"
14881,Fine-Tuned Model,"1,5,3,2,6,4"
14882,Fine-Tuned Model,"4,2,6,3,5,1"
14883,Fine-Tuned Model,
14884,Fine-Tuned Model,"1,6,6"
14885,Fine-Tuned Model,"1,2,5,3,6,4"
14886,Fine-Tuned Model,"3,6,2,5,4,1"
14887,Fine-Tuned Model,"2,4,5,3,6,2"
14888,Fine-Tuned Model,"2,6,1,3,4,5"
14889,Fine-Tuned Model,"2,5,1,4,6,3"
14890,Fine-Tuned Model,"6,1,6"
14891,Fine-Tuned Model,"1,2,5,4,3,6"
14892,Fine-Tuned Model,
14893,Fine-Tuned Model,"2,5,3,6,1"
14894,Fine-Tuned Model,"4,1,5,3,6,2"
14895,Fine-Tuned Model,"1,2,3,4,5,6"
14896,Fine-Tuned Model,"3,6,2,5,1,4"
14897,Fine-Tuned Model,"5,2,6,3,1,4"
14898,Fine-Tuned Model,
14899,Fine-Tuned Model,
14900,Fine-Tuned Model,"2,5,4,6,3,1"
14901,Fine-Tuned Model,"3,6,4,5,2,1"
14902,Fine-Tuned Model,"3,2,6,5,1,4"
14903,Fine-Tuned Model,"1,1,2,1,3,2"
14904,Fine-Tuned Model,6
14905,Fine-Tuned Model,
14906,Fine-Tuned Model,
14907,Fine-Tuned Model,
14908,Fine-Tuned Model,"3,6,2,5,4,1"
14909,Fine-Tuned Model,"5,3,6,2,1,4"
14910,Fine-Tuned Model,"3,2,6,4,1,5"
14911,Fine-Tuned Model,
14912,Fine-Tuned Model,"5,3,6,1,2,4"
14913,Fine-Tuned Model,"6,2,4,3,1,5"
14914,Fine-Tuned Model,"2,6,3,4,5,1"
14915,Fine-Tuned Model,
14916,Fine-Tuned Model,"2,5,3,1,6,4"
14917,Fine-Tuned Model,"2,6,5,4,3,1"
14918,Fine-Tuned Model,
14919,Fine-Tuned Model,"5,2,6,1,4,3"
14920,Fine-Tuned Model,
14921,Fine-Tuned Model,"3,6,2,5,1,4"
14922,Fine-Tuned Model,"6,1,6,3,5"
14923,Fine-Tuned Model,"3,1,6,4,5,2"
14924,Fine-Tuned Model,"1,4,5,2,3,6"
14925,Fine-Tuned Model,"3,5,6,2,4,1"
14926,Fine-Tuned Model,"4,2,5,6,1,3"
14927,Fine-Tuned Model,"2,5,6,3,1,4"
14928,Fine-Tuned Model,"4,3,6,2,1,5"
14929,Fine-Tuned Model,"3,5,2,6,1,4"
14930,Fine-Tuned Model,"1,4,6,3,2,5"
14931,Fine-Tuned Model,"1,6"
14932,Fine-Tuned Model,"1,6"
14933,Fine-Tuned Model,"5,3,2,6,1,4"
14934,Fine-Tuned Model,"5,2,4,6,3,1"
14935,Fine-Tuned Model,"4,2,6,3,1,5"
14936,Fine-Tuned Model,"3,4,6,1,5,2"
14937,Fine-Tuned Model,"3,6,1,5,4,2"
14938,Fine-Tuned Model,"1,2,3,4,5,6"
14939,Fine-Tuned Model,"5,2,6,3,1,4"
14940,Fine-Tuned Model,"5,2,6,3,1,4"
14941,Fine-Tuned Model,"3,5,1,4,2,6"
14942,Fine-Tuned Model,"3,2,5,1,6,4"
14943,Fine-Tuned Model,"4,2,5,3,6,1"
14944,Fine-Tuned Model,"2,4,5,1,6,3"
14945,Fine-Tuned Model,"2,5,4,3,6,1"
14946,Fine-Tuned Model,"3,6,2,5,4,1"
14947,Fine-Tuned Model,"2,4,5,6,1,3"
14948,Fine-Tuned Model,
14949,Fine-Tuned Model,4
14950,Fine-Tuned Model,"2,4,1,5,6,3"
14951,Fine-Tuned Model,"3,6,2,1,5,4"
14952,Fine-Tuned Model,"2,6,4,3,1,5"
14953,Fine-Tuned Model,"1,3,2,5,6,4"
14954,Fine-Tuned Model,"1,3,2,5,2,6"
14955,Fine-Tuned Model,"4,2,6,5,3,1"
14956,Fine-Tuned Model,"3,6,2,4,1,5"
14957,Fine-Tuned Model,"2,5,1,6,4,3"
14958,Fine-Tuned Model,
14959,Fine-Tuned Model,"4,3,6,2,5,1"
14960,Fine-Tuned Model,"2,3,5,1,6,4"
14961,Fine-Tuned Model,"1,6,2,4,6,3"
14962,Fine-Tuned Model,"4,2,6,5,1,3"
14963,Fine-Tuned Model,"1,3,5,2,4,6"
14964,Fine-Tuned Model,"4,2,6,5,1,3"
14965,Fine-Tuned Model,"5,2,6,1,3,4"
14966,Fine-Tuned Model,1
14967,Fine-Tuned Model,"1,2,6,3,5,4"
14968,Fine-Tuned Model,"4,2,6,5,1,3"
14969,Fine-Tuned Model,
14970,Fine-Tuned Model,
14971,Fine-Tuned Model,"2,3,1,6,3,5"
14972,Fine-Tuned Model,"4,2,6,5,3,1"
14973,Fine-Tuned Model,"2,4,5,1,6,3"
14974,Fine-Tuned Model,"4,3,2,6,1,5"
14975,Fine-Tuned Model,"3,6,4,5,2,1"
14976,Fine-Tuned Model,"4,3,6,2,1,5"
14977,Fine-Tuned Model,"3,4,6,1,3,5"
14978,Fine-Tuned Model,
14979,Fine-Tuned Model,"2,5,3,6,1,4"
14980,Fine-Tuned Model,
14981,Fine-Tuned Model,"1,2,4,3,6,5"
14982,Fine-Tuned Model,"2,4,5,3,6,1"
14983,Fine-Tuned Model,"2,5,6,3,1,4"
14984,Fine-Tuned Model,"4,3,6,2,5,1"
14985,Fine-Tuned Model,"1,6,3,1"
14986,Fine-Tuned Model,"3,6,2,5,4,1"
14987,Fine-Tuned Model,"4,2,5,6,1,3"
14988,Fine-Tuned Model,"5,2,4,1,3,6"
14989,Fine-Tuned Model,"6,1,6"
14990,Fine-Tuned Model,"4,2,5,3,6,1"
14991,Fine-Tuned Model,"1,4,3,6,2,5"
14992,Fine-Tuned Model,"3,4,1,5,2,6"
14993,Fine-Tuned Model,
14994,Fine-Tuned Model,"1,2,3,4,5,6"
14995,Fine-Tuned Model,"4,2,6,1,5,3"
14996,Fine-Tuned Model,
14997,Fine-Tuned Model,"4,2,6,5,3,1"
14998,Fine-Tuned Model,"5,3,2,6,1,4"
14999,Fine-Tuned Model,"1,2,3,4,5,6"
15000,Fine-Tuned Model,"4,2,6,3,1,5"
15001,Fine-Tuned Model,"1,2,3,4,5,6"
15002,Fine-Tuned Model,"4,1,3"
15003,Fine-Tuned Model,"2,5,1,3,4,6"
15004,Fine-Tuned Model,"5,3,4,2,1,6"
15005,Fine-Tuned Model,
15006,Fine-Tuned Model,"5,2,6,1,4,3"
15007,Fine-Tuned Model,
15008,Fine-Tuned Model,"1,6"
15009,Fine-Tuned Model,"1,2,3,4"
15010,Fine-Tuned Model,"4,2,6,1,3,5"
15011,Fine-Tuned Model,"5,3,2,6,1,4"
15012,Fine-Tuned Model,"1,5,3,2,4,6"
15013,Fine-Tuned Model,"2,4,1,3,5,6"
15014,Fine-Tuned Model,"4,1,5,2,3,6"
15015,Fine-Tuned Model,"2,5,3,1,6,4"
15016,Fine-Tuned Model,"2,5,3,6,1,4"
15017,Fine-Tuned Model,"4,6,2,3,5,1"
15018,Fine-Tuned Model,"5,2,3,6,1,4"
15019,Fine-Tuned Model,"1,2,3,4,5,6"
15020,Fine-Tuned Model,"3,6,1,4,2,5"
15021,Fine-Tuned Model,"2,6,4,3,5,1"
15022,Fine-Tuned Model,"3,2,6,5,1,4"
15023,Fine-Tuned Model,
15024,Fine-Tuned Model,"3,1,5,2,6,4"
15025,Fine-Tuned Model,"6,2,3,4,1,5"
15026,Fine-Tuned Model,"2,5,3,6,1,4"
15027,Fine-Tuned Model,"4,2,6,5,3,1"
15028,Fine-Tuned Model,"1,2,5,4,3,6"
15029,Fine-Tuned Model,"2,4,6,3,1,5"
15030,Fine-Tuned Model,"4,6,2,3,5,1"
15031,Fine-Tuned Model,
15032,Fine-Tuned Model,"4,2,6,3,5,1"
15033,Fine-Tuned Model,
15034,Fine-Tuned Model,"6,1,6"
15035,Fine-Tuned Model,"2,4,6,5,3,2"
15036,Fine-Tuned Model,
15037,Fine-Tuned Model,"3,2,6,4,5,1"
15038,Fine-Tuned Model,"3,6,4,5,2,1"
15039,Fine-Tuned Model,"6,1,6"
15040,Fine-Tuned Model,"3,6,2,5,4,1"
15041,Fine-Tuned Model,"6,1"
15042,Fine-Tuned Model,"1,3,2,4,3,5"
15043,Fine-Tuned Model,"2,5,4,3,6,1"
15044,Fine-Tuned Model,"6,4,2,3,1,5"
15045,Fine-Tuned Model,"1,3,2,6,5,1"
15046,Fine-Tuned Model,"2,3,5,2,4,1"
15047,Fine-Tuned Model,
15048,Fine-Tuned Model,"1,4,2,3,3,5"
15049,Fine-Tuned Model,"2,6,4,1,5,3"
15050,Fine-Tuned Model,
15051,Fine-Tuned Model,"2,4,6,5,3,1"
15052,Fine-Tuned Model,
15053,Fine-Tuned Model,"3,6,2,5,1,4"
15054,Fine-Tuned Model,
15055,Fine-Tuned Model,"3,6,1,5,2,4"
15056,Fine-Tuned Model,"4,3,6,5,2,1"
15057,Fine-Tuned Model,
15058,Fine-Tuned Model,"6,4"
15059,Fine-Tuned Model,"6,1,6,2,6,1"
15060,Fine-Tuned Model,"2,5,1,6,3,4"
15061,Fine-Tuned Model,"4,2,6,3,5,1"
15062,Fine-Tuned Model,"3,2,5,4,1,6"
15063,Fine-Tuned Model,
15064,Fine-Tuned Model,"3,4,1,2,6,5"
15065,Fine-Tuned Model,"3,5,2,6,4,1"
15066,Fine-Tuned Model,"4,2,3,6,1,5"
15067,Fine-Tuned Model,"4,2,5,3,6,1"
15068,Fine-Tuned Model,"1,2,3,4,5,6"
15069,Fine-Tuned Model,"4,2,6,1,5,3"
15070,Fine-Tuned Model,
15071,Fine-Tuned Model,"5,4,2,6,1,3"
15072,Fine-Tuned Model,
15073,Fine-Tuned Model,"3,4,5,2,1,6"
15074,Fine-Tuned Model,"5,3,2,6,4"
15075,Fine-Tuned Model,
15076,Fine-Tuned Model,"2,5,1,3,6,4"
15077,Fine-Tuned Model,"3,6,2,5,4,1"
15078,Fine-Tuned Model,"3,5,2,6,1,4"
15079,Fine-Tuned Model,
15080,Fine-Tuned Model,"5,2,3,6,4,1"
15081,Fine-Tuned Model,"4,2,6,3,1,5"
15082,Fine-Tuned Model,"5,2,6,1,4,3"
15083,Fine-Tuned Model,6
15084,Fine-Tuned Model,"3,6,2,5,1,4"
15085,Fine-Tuned Model,"4,2,5,1,6,3"
15086,Fine-Tuned Model,"4,2,6,1,3,5"
15087,Fine-Tuned Model,"5,2,6,1,4,3"
15088,Fine-Tuned Model,
15089,Fine-Tuned Model,"2,6,3,4"
15090,Fine-Tuned Model,"3,4,2,5,6,1"
15091,Fine-Tuned Model,
15092,Fine-Tuned Model,"3,4,5,6,1"
15093,Fine-Tuned Model,"3,6,1,5,4,2"
15094,Fine-Tuned Model,
15095,Fine-Tuned Model,"3,2,6,1,5,4"
15096,Fine-Tuned Model,"1,3,2,4,5,6"
15097,Fine-Tuned Model,"6,1,6"
15098,Fine-Tuned Model,"4,2,6,1,5,3"
15099,Fine-Tuned Model,"3,6,1,5,4,2"
15100,Fine-Tuned Model,"4,6,2,5,1,3"
15101,Fine-Tuned Model,
15102,Fine-Tuned Model,"2,5,1,4,6,3"
15103,Fine-Tuned Model,"1,4,3,2,6,5"
15104,Fine-Tuned Model,"2,3,6,1,5,4"
15105,Fine-Tuned Model,
15106,Fine-Tuned Model,"1,5"
15107,Fine-Tuned Model,"2,4,1,6,3,5"
15108,Fine-Tuned Model,"2,3,5,1,6,4"
15109,Fine-Tuned Model,
15110,Fine-Tuned Model,
15111,Fine-Tuned Model,"1,3,2,6,3,5"
15112,Fine-Tuned Model,"4,6,3,5,2,1"
15113,Fine-Tuned Model,"4,2,6,3,5,1"
15114,Fine-Tuned Model,6
15115,Fine-Tuned Model,"3,5,1,2,4,6"
15116,Fine-Tuned Model,
15117,Fine-Tuned Model,"4,2,5,6,1,3"
15118,Fine-Tuned Model,"2,5,1,6,3,4"
15119,Fine-Tuned Model,
15120,Fine-Tuned Model,"4,2,6,5,1,3"
15121,Fine-Tuned Model,"5,2,3,6,1,4"
15122,Fine-Tuned Model,"1,2,2,5,3,6"
15123,Fine-Tuned Model,"1,2,3,2,5,1"
15124,Fine-Tuned Model,"4,2,5,3,6,1"
15125,Fine-Tuned Model,"1,3,5,4,2,6"
15126,Fine-Tuned Model,
15127,Fine-Tuned Model,"4,2,6,1,5,3"
15128,Fine-Tuned Model,"5,3,1,6,4,2"
15129,Fine-Tuned Model,"2,6,1,3,4,5"
15130,Fine-Tuned Model,"3,6,5,2,1,4"
15131,Fine-Tuned Model,
15132,Fine-Tuned Model,"5,3,1,6,4,2"
15133,Fine-Tuned Model,
15134,Fine-Tuned Model,"5,3,4,2,1,6"
15135,Fine-Tuned Model,"4,2,6,3,1,5"
15136,Fine-Tuned Model,"4,2,6,3,1,5"
15137,Fine-Tuned Model,"2,5,4,1,3,6"
15138,Fine-Tuned Model,"2,5,3,6,1,4"
15139,Fine-Tuned Model,
15140,Fine-Tuned Model,
15141,Fine-Tuned Model,
15142,Fine-Tuned Model,"3,2,6,5,1,4"
15143,Fine-Tuned Model,"5,1,4,6,3,2"
15144,Fine-Tuned Model,"4,3,6,2,5,1"
15145,Fine-Tuned Model,"4,6,2,3"
15146,Fine-Tuned Model,
15147,Fine-Tuned Model,"3,2,6,4,1,5"
15148,Fine-Tuned Model,"4,2,6,5,1,3"
15149,Fine-Tuned Model,"1,6,6"
15150,Fine-Tuned Model,
15151,Fine-Tuned Model,"4,3,6,5,2,1"
15152,Fine-Tuned Model,"2,4,6,3,1,5"
15153,Fine-Tuned Model,"1,4,6,2,3,5"
15154,Fine-Tuned Model,"1,5,3,2,5,4"
15155,Fine-Tuned Model,"2,5,1,6,3,2"
15156,Fine-Tuned Model,"1,6,6"
15157,Fine-Tuned Model,"5,2,6,3,4,1"
15158,Fine-Tuned Model,"1,3,2,5,4,6"
15159,Fine-Tuned Model,"3,4,5,2,6,3"
15160,Fine-Tuned Model,
15161,Fine-Tuned Model,"1,6,1,6,1,6"
15162,Fine-Tuned Model,
15163,Fine-Tuned Model,
15164,Fine-Tuned Model,"4,3,6,1,5,2"
15165,Fine-Tuned Model,"2,4,6,1,3,5"
15166,Fine-Tuned Model,"6,3,4,6,2,5"
15167,Fine-Tuned Model,
15168,Fine-Tuned Model,"3,2,5,1,6,4"
15169,Fine-Tuned Model,"4,6,2,5,3,1"
15170,Fine-Tuned Model,
15171,Fine-Tuned Model,"1,5,3,2,6,4"
15172,Fine-Tuned Model,"1,2,3,4,2,6"
15173,Fine-Tuned Model,"4,6,2,5,1,3"
15174,Fine-Tuned Model,"4,2,6,3,5,1"
15175,Fine-Tuned Model,"3,2,4,5,3,6"
15176,Fine-Tuned Model,"3,6,2,5,1,4"
15177,Fine-Tuned Model,"3,2,6,5,1,4"
15178,Fine-Tuned Model,"4,2,5,3,1,6"
15179,Fine-Tuned Model,"1,2,4,3,5,6"
15180,Fine-Tuned Model,"3,1,6,2,5,4"
15181,Fine-Tuned Model,"3,5,2,6,1,4"
15182,Fine-Tuned Model,"5,2,6"
15183,Fine-Tuned Model,"1,2,6"
15184,Fine-Tuned Model,"5,2,6,1,4,3"
15185,Fine-Tuned Model,"1,6"
15186,Fine-Tuned Model,
15187,Fine-Tuned Model,"4,2,6,5,1,3"
15188,Fine-Tuned Model,"2,5,6,1,4,3"
15189,Fine-Tuned Model,"3,6,2,5,4,1"
15190,Fine-Tuned Model,"5,2,3,6,1,4"
15191,Fine-Tuned Model,"3,2,4,5,6,1"
15192,Fine-Tuned Model,
15193,Fine-Tuned Model,"2,5,3,1,6,4"
15194,Fine-Tuned Model,
15195,Fine-Tuned Model,"3,5,2,6,1,4"
15196,Fine-Tuned Model,"3,2,6,5,4,1"
15197,Fine-Tuned Model,"2,5,4,1,6,3"
15198,Fine-Tuned Model,
15199,Fine-Tuned Model,"2,6,3,5,1,4"
15200,Fine-Tuned Model,"2,6,3,5,4,1"
15201,Fine-Tuned Model,"5,3,6,1,2,4"
15202,Fine-Tuned Model,"3,6,2,5,1,4"
15203,Fine-Tuned Model,"3,1,2,6,4,5"
15204,Fine-Tuned Model,
15205,Fine-Tuned Model,"4,3,5,2,6,1"
15206,Fine-Tuned Model,
15207,Fine-Tuned Model,"1,1,3,4,1,3"
15208,Fine-Tuned Model,
15209,Fine-Tuned Model,"1,4,2,6,5,3"
15210,Fine-Tuned Model,1
15211,Fine-Tuned Model,
15212,Fine-Tuned Model,"1,6"
15213,Fine-Tuned Model,"1,2,3,4,5"
15214,Fine-Tuned Model,"3,6,1,5,4,2"
15215,Fine-Tuned Model,
15216,Fine-Tuned Model,"1,3,4,5,5,2"
15217,Fine-Tuned Model,"3,5,2,6,4,1"
15218,Fine-Tuned Model,"1,4,5,3,2,6"
15219,Fine-Tuned Model,"2,5,3,6,4,1"
15220,Fine-Tuned Model,
15221,Fine-Tuned Model,"3,6,1,5,2,4"
15222,Fine-Tuned Model,"5,2,6,3,1,4"
15223,Fine-Tuned Model,"1,2,3,4,5"
15224,Fine-Tuned Model,
15225,Fine-Tuned Model,"4,2,6,1,3,5"
15226,Fine-Tuned Model,"4,2,6,5,1,3"
15227,Fine-Tuned Model,"1,4,2,5,6,3"
15228,Fine-Tuned Model,"3,5,2,6,4,1"
15229,Fine-Tuned Model,"2,4,3,5,6,1"
15230,Fine-Tuned Model,"3,1,6,5,4,2"
15231,Fine-Tuned Model,"4,2,6,5,3,1"
15232,Fine-Tuned Model,"5,3,2,6,1,4"
15233,Fine-Tuned Model,6
15234,Fine-Tuned Model,"3,2,6,5,1,4"
15235,Fine-Tuned Model,"1,2,3,4,5,6"
15236,Fine-Tuned Model,
15237,Fine-Tuned Model,"2,3,1,6,5,6"
15238,Fine-Tuned Model,"2,5,6,4,3,1"
15239,Fine-Tuned Model,"6,1,6"
15240,Fine-Tuned Model,
15241,Fine-Tuned Model,"4,1,3,2,6,5"
15242,Fine-Tuned Model,"1,6,2,3,5,1"
15243,Fine-Tuned Model,
15244,Fine-Tuned Model,"6,1"
15245,Fine-Tuned Model,
15246,Fine-Tuned Model,"3,5,2,6,4,1"
15247,Fine-Tuned Model,"4,2,5,6,3,1"
15248,Fine-Tuned Model,"2,5,1,3,6,4"
15249,Fine-Tuned Model,"1,4,2,3,6,5"
15250,Fine-Tuned Model,"4,2,6,1,5,3"
15251,Fine-Tuned Model,"2,4,3,1,6,5"
15252,Fine-Tuned Model,"5,3,2,6,4,1"
15253,Fine-Tuned Model,"4,2,5,6,3,1"
15254,Fine-Tuned Model,"1,3,4,2,6,5"
15255,Fine-Tuned Model,
15256,Fine-Tuned Model,"1,6,6"
15257,Fine-Tuned Model,"4,2,5,6,1,3"
15258,Fine-Tuned Model,
15259,Fine-Tuned Model,
15260,Fine-Tuned Model,"1,6,6,4,6,1"
15261,Fine-Tuned Model,
15262,Fine-Tuned Model,"2,4,5,3,2,1"
15263,Fine-Tuned Model,"1,2,4,3,6"
15264,Fine-Tuned Model,
15265,Fine-Tuned Model,"6,5,3,2,4,1"
15266,Fine-Tuned Model,"2,6,5,3,1,4"
15267,Fine-Tuned Model,
15268,Fine-Tuned Model,"4,2,6,5,3,1"
15269,Fine-Tuned Model,"4,2,6,1,5,3"
15270,Fine-Tuned Model,"3,2,6,4,1,5"
15271,Fine-Tuned Model,"2,6,3,1,4,5"
15272,Fine-Tuned Model,"1,6,2,3,5,6"
15273,Fine-Tuned Model,"5,2,6,3,1,4"
15274,Fine-Tuned Model,"6,6"
15275,Fine-Tuned Model,
15276,Fine-Tuned Model,"4,2,6,1,5,3"
15277,Fine-Tuned Model,"4,6,3,2,5,1"
15278,Fine-Tuned Model,"3,5,2,6,1,4"
15279,Fine-Tuned Model,1
15280,Fine-Tuned Model,4
15281,Fine-Tuned Model,"4,2,6,3,5,1"
15282,Fine-Tuned Model,
15283,Fine-Tuned Model,"1,5,2,3,3,4"
15284,Fine-Tuned Model,
15285,Fine-Tuned Model,"3,6,2,5,4,1"
15286,Fine-Tuned Model,"2,5,4,6,3,1"
15287,Fine-Tuned Model,"4,3,5,2,1,6"
15288,Fine-Tuned Model,
15289,Fine-Tuned Model,"4,2,5,6,3,1"
15290,Fine-Tuned Model,"3,6,2,5,4,1"
15291,Fine-Tuned Model,"1,6,6,1"
15292,Fine-Tuned Model,"3,6,2,5,4,1"
15293,Fine-Tuned Model,"1,2,3,4,5,6"
15294,Fine-Tuned Model,
15295,Fine-Tuned Model,"2,4,3,6,5,1"
15296,Fine-Tuned Model,"2,6,4,5,3,1"
15297,Fine-Tuned Model,"1,2,3,4,5,6"
15298,Fine-Tuned Model,"5,2,6,3,1,4"
15299,Fine-Tuned Model,"1,6,4,2,5,3"
15300,Fine-Tuned Model,"2,6,5,3,4,1"
15301,Fine-Tuned Model,"2,6,4,3,5,1"
15302,Fine-Tuned Model,"2,5,4,1,3,6"
15303,Fine-Tuned Model,"3,2,6,5,1,4"
15304,Fine-Tuned Model,"1,6,6"
15305,Fine-Tuned Model,"5,3,1,6,4,2"
15306,Fine-Tuned Model,"4,2,6,1,5,3"
15307,Fine-Tuned Model,"2,5,1,6,3,4"
15308,Fine-Tuned Model,
15309,Fine-Tuned Model,"1,4,6,5,2,5"
15310,Fine-Tuned Model,"6,2,4,3,1,5"
15311,Fine-Tuned Model,"1,6,6"
15312,Fine-Tuned Model,"6,6"
15313,Fine-Tuned Model,"4,3,6,2,5,1"
15314,Fine-Tuned Model,"5,2,3,1,6,4"
15315,Fine-Tuned Model,
15316,Fine-Tuned Model,"2,5,3,1,4,6"
15317,Fine-Tuned Model,"1,3,6,5,2,4"
15318,Fine-Tuned Model,
15319,Fine-Tuned Model,"1,3,6,2,5,4"
15320,Fine-Tuned Model,"4,3,6,2,5,1"
15321,Fine-Tuned Model,"2,5,3,4,1,6"
15322,Fine-Tuned Model,"2,5,6,3,4,2"
15323,Fine-Tuned Model,"5,2,6,3,1,4"
15324,Fine-Tuned Model,"1,6,6,6,2,4"
15325,Fine-Tuned Model,"3,6,2,5,1,4"
15326,Fine-Tuned Model,"4,2,6,1,5,3"
15327,Fine-Tuned Model,"5,2,3,6,1,4"
15328,Fine-Tuned Model,
15329,Fine-Tuned Model,"2,4,6,3,5,1"
15330,Fine-Tuned Model,"1,2,3"
15331,Fine-Tuned Model,"3,2,6,5,4,1"
15332,Fine-Tuned Model,"2,3,5,2,4,5"
15333,Fine-Tuned Model,"2,6,5,3,6,4"
15334,Fine-Tuned Model,
15335,Fine-Tuned Model,"1,1"
15336,Fine-Tuned Model,"3,2,5,1,4,6"
15337,Fine-Tuned Model,"5,1,6,2"
15338,Fine-Tuned Model,1
15339,Fine-Tuned Model,"4,2,3,6,1,5"
15340,Fine-Tuned Model,"4,2,5,6,1,3"
15341,Fine-Tuned Model,"3,4,2,5,1,6"
15342,Fine-Tuned Model,"3,2,6,5,1,4"
15343,Fine-Tuned Model,"3,6,2,5,4,1"
15344,Fine-Tuned Model,"5,2,4,6,1,3"
15345,Fine-Tuned Model,"4,2,6,3,5,1"
15346,Fine-Tuned Model,"2,5,6,1,3,4"
15347,Fine-Tuned Model,"1,2,3,5,2,6"
15348,Fine-Tuned Model,
15349,Fine-Tuned Model,"2,5,1,6,3,4"
15350,Fine-Tuned Model,
15351,Fine-Tuned Model,"5,1,6,3,2,4"
15352,Fine-Tuned Model,"4,2,6,3,5,1"
15353,Fine-Tuned Model,
15354,Fine-Tuned Model,"4,6,1,3,2,5"
15355,Fine-Tuned Model,"3,6,1,4,5,2"
15356,Fine-Tuned Model,"3,6,2,1,5,4"
15357,Fine-Tuned Model,
15358,Fine-Tuned Model,"4,2,6,3,1,5"
15359,Fine-Tuned Model,"4,2,6,3,5,1"
15360,Fine-Tuned Model,
15361,Fine-Tuned Model,"4,2,6,1,3,5"
15362,Fine-Tuned Model,"2,6,1,4,3,5"
15363,Fine-Tuned Model,
15364,Fine-Tuned Model,
15365,Fine-Tuned Model,
15366,Fine-Tuned Model,"1,2,5,3,1,4"
15367,Fine-Tuned Model,"1,3,5,2,6,4"
15368,Fine-Tuned Model,
15369,Fine-Tuned Model,
15370,Fine-Tuned Model,"3,6,4,2,5,1"
15371,Fine-Tuned Model,"5,2,4,1,6,3"
15372,Fine-Tuned Model,
15373,Fine-Tuned Model,"2,6,3,1,4,5"
15374,Fine-Tuned Model,"3,1,6,4,2,5"
15375,Fine-Tuned Model,"3,4,6,5,3,2"
15376,Fine-Tuned Model,"4,2,5,3,6,1"
15377,Fine-Tuned Model,
15378,Fine-Tuned Model,"4,2,6,3,5,1"
15379,Fine-Tuned Model,
15380,Fine-Tuned Model,"1,2,3,4,5,6"
15381,Fine-Tuned Model,"2,5,3,6,4,1"
15382,Fine-Tuned Model,"4,3,6,2,5,1"
15383,Fine-Tuned Model,"1,6,1,6,1,6"
15384,Fine-Tuned Model,6
15385,Fine-Tuned Model,"2,5,6,3,1,4"
15386,Fine-Tuned Model,"4,2,5,6,1,3"
15387,Fine-Tuned Model,"1,6,5,3,2,1"
15388,Fine-Tuned Model,"1,2,3,4,5,6"
15389,Fine-Tuned Model,"4,3,2,5,6,1"
15390,Fine-Tuned Model,"3,5,2,6,1,4"
15391,Fine-Tuned Model,"3,2,5,1,6,4"
15392,Fine-Tuned Model,
15393,Fine-Tuned Model,"6,3,1"
15394,Fine-Tuned Model,
15395,Fine-Tuned Model,"4,2,5,1,6,3"
15396,Fine-Tuned Model,"2,3,4"
15397,Fine-Tuned Model,"2,3,1,6,4,5"
15398,Fine-Tuned Model,"4,1,3,2,6,5"
15399,Fine-Tuned Model,"3,2,6,5,1,4"
15400,Fine-Tuned Model,"3,6,4,5,2,1"
15401,Fine-Tuned Model,"4,2,6,1,5,3"
15402,Fine-Tuned Model,"2,6,3,5,1,4"
15403,Fine-Tuned Model,"4,2,6,3,5,1"
15404,Fine-Tuned Model,
15405,Fine-Tuned Model,"3,6,1,4,2,5"
15406,Fine-Tuned Model,"3,6,2,5,1,4"
15407,Fine-Tuned Model,"1,6,1,5,4,2"
15408,Fine-Tuned Model,
15409,Fine-Tuned Model,
15410,Fine-Tuned Model,"4,3,5,2,6,1"
15411,Fine-Tuned Model,"3,4,2,5,6,1"
15412,Fine-Tuned Model,"1,3,2,6,3,2"
15413,Fine-Tuned Model,"1,3,2,6,5,4"
15414,Fine-Tuned Model,"3,2,5,4,1,6"
15415,Fine-Tuned Model,"5,2,1,3,6,4"
15416,Fine-Tuned Model,
15417,Fine-Tuned Model,"3,6,2,5,4,1"
15418,Fine-Tuned Model,
15419,Fine-Tuned Model,"4,3,2,5,6,1"
15420,Fine-Tuned Model,"1,5,3,2,6,4"
15421,Fine-Tuned Model,
15422,Fine-Tuned Model,"3,5,2,6,1,4"
15423,Fine-Tuned Model,"1,6"
15424,Fine-Tuned Model,3
15425,Fine-Tuned Model,"3,4,2,6,5,1"
15426,Fine-Tuned Model,"3,2,4,6,5,1"
15427,Fine-Tuned Model,6
15428,Fine-Tuned Model,
15429,Fine-Tuned Model,"1,5,3,6,4,2"
15430,Fine-Tuned Model,
15431,Fine-Tuned Model,"6,6"
15432,Fine-Tuned Model,
15433,Fine-Tuned Model,
15434,Fine-Tuned Model,"3,6"
15435,Fine-Tuned Model,
15436,Fine-Tuned Model,"4,2,6,1,5,3"
15437,Fine-Tuned Model,"4,2,6,3,1,5"
15438,Fine-Tuned Model,
15439,Fine-Tuned Model,
15440,Fine-Tuned Model,"6,1,6"
15441,Fine-Tuned Model,"2,5,3,6,4,1"
15442,Fine-Tuned Model,"1,5,2,3,3,2"
15443,Fine-Tuned Model,"3,5,2,6,1,4"
15444,Fine-Tuned Model,"1,4,2,3,5,6"
15445,Fine-Tuned Model,"3,5,2,6,4,1"
15446,Fine-Tuned Model,"5,2,6,3,4,1"
15447,Fine-Tuned Model,"1,3,2,4,5,6"
15448,Fine-Tuned Model,"3,2,6,5,1,4"
15449,Fine-Tuned Model,"3,1,6,2,5,4"
15450,Fine-Tuned Model,"1,1,6,2"
15451,Fine-Tuned Model,"3,2,6,5,1,4"
15452,Fine-Tuned Model,
15453,Fine-Tuned Model,
15454,Fine-Tuned Model,"4,2,6,3,5,1"
15455,Fine-Tuned Model,
15456,Fine-Tuned Model,"1,2,3,5,6,4"
15457,Fine-Tuned Model,"2,6,5,3,1,4"
15458,Fine-Tuned Model,"4,2,6,3,5,1"
15459,Fine-Tuned Model,"4,2,6,1,3,5"
15460,Fine-Tuned Model,"2,6,3,5,1,4"
15461,Fine-Tuned Model,"1,3,6,2,5,4"
15462,Fine-Tuned Model,"6,1,6"
15463,Fine-Tuned Model,"3,5,2,4,6,1"
15464,Fine-Tuned Model,"1,2,3,4,5,6"
15465,Fine-Tuned Model,"6,5,2,3,6,1"
15466,Fine-Tuned Model,"2,6,4,1,5,3"
15467,Fine-Tuned Model,"1,2,3,4,5,6"
15468,Fine-Tuned Model,"1,4,2,5,3,1"
15469,Fine-Tuned Model,
15470,Fine-Tuned Model,"1,2,2,1,6,3"
15471,Fine-Tuned Model,"2,2"
15472,Fine-Tuned Model,"2,5,4,3,1,6"
15473,Fine-Tuned Model,"3,2,5,1,6,4"
15474,Fine-Tuned Model,"1,6,3,5,2,4"
15475,Fine-Tuned Model,"2,5,6,1,4"
15476,Fine-Tuned Model,"2,4,5,2,6,1"
15477,Fine-Tuned Model,
15478,Fine-Tuned Model,"1,4,3,6,5,2"
15479,Fine-Tuned Model,"5,2,6,1,4,3"
15480,Fine-Tuned Model,"3,2,6,4,5,1"
15481,Fine-Tuned Model,
15482,Fine-Tuned Model,"2,4,6,1,5,3"
15483,Fine-Tuned Model,
15484,Fine-Tuned Model,"2,5,4,3,6,1"
15485,Fine-Tuned Model,
15486,Fine-Tuned Model,
15487,Fine-Tuned Model,"4,2,6,3,5,1"
15488,Fine-Tuned Model,"4,2,5,6,3,1"
15489,Fine-Tuned Model,"3,6,2,5,1,4"
15490,Fine-Tuned Model,"2,5,6,4,1,3"
15491,Fine-Tuned Model,"5,3,1,4,5,2"
15492,Fine-Tuned Model,
15493,Fine-Tuned Model,"5,1,6"
15494,Fine-Tuned Model,
15495,Fine-Tuned Model,
15496,Fine-Tuned Model,"3,6,4,2,5,1"
15497,Fine-Tuned Model,"4,2,3,6,1,5"
15498,Fine-Tuned Model,"3,5,1,6,4,2"
15499,Fine-Tuned Model,"3,1,5,2,6,4"
15500,Fine-Tuned Model,"4,2,6,3,5,1"
15501,Fine-Tuned Model,"3,6,2,4,5,1"
15502,Fine-Tuned Model,6
15503,Fine-Tuned Model,
15504,Fine-Tuned Model,
15505,Fine-Tuned Model,
15506,Fine-Tuned Model,
15507,Fine-Tuned Model,"4,2,6,3,1,5"
15508,Fine-Tuned Model,1
15509,Fine-Tuned Model,5
15510,Fine-Tuned Model,"4,2,6,1,5,3"
15511,Fine-Tuned Model,
15512,Fine-Tuned Model,"3,2,6,1,4,5"
15513,Fine-Tuned Model,
15514,Fine-Tuned Model,"2,5,4,6,1,3"
15515,Fine-Tuned Model,"4,3,6,2,5,1"
15516,Fine-Tuned Model,"5,2,6,3,1,4"
15517,Fine-Tuned Model,"1,3,2,6,3,4"
15518,Fine-Tuned Model,"4,6,2,3,5,1"
15519,Fine-Tuned Model,"1,5,3,2,4,6"
15520,Fine-Tuned Model,"1,6"
15521,Fine-Tuned Model,
15522,Fine-Tuned Model,
15523,Fine-Tuned Model,"2,6,5,3,4,1"
15524,Fine-Tuned Model,"1,2,6,4,3,5"
15525,Fine-Tuned Model,"1,2,3,5,6,2"
15526,Fine-Tuned Model,"2,5,3,6,1,4"
15527,Fine-Tuned Model,"4,3,2,6,5,1"
15528,Fine-Tuned Model,"3,5,6,2,6,5"
15529,Fine-Tuned Model,"5,2,6,4,3,1"
15530,Fine-Tuned Model,"6,2,3,5,4"
15531,Fine-Tuned Model,"5,3,2,6,1,4"
15532,Fine-Tuned Model,"4,2,6,3,1,5"
15533,Fine-Tuned Model,"3,6,2,5,1,4"
15534,Fine-Tuned Model,"4,2,6,5,1,3"
15535,Fine-Tuned Model,"2,4,6,5,3,1"
15536,Fine-Tuned Model,"3,6,2,5,4,1"
15537,Fine-Tuned Model,"5,2,3,6,4,1"
15538,Fine-Tuned Model,"4,2,5,3,6,1"
15539,Fine-Tuned Model,"2,6,4,3,5,1"
15540,Fine-Tuned Model,6
15541,Fine-Tuned Model,"1,6,1,6,1,6"
15542,Fine-Tuned Model,"4,2,6,1,5,3"
15543,Fine-Tuned Model,1
15544,Fine-Tuned Model,"1,6,6"
15545,Fine-Tuned Model,"1,4,2,5,3,6"
15546,Fine-Tuned Model,
15547,Fine-Tuned Model,"2,4,6,1,5,3"
15548,Fine-Tuned Model,
15549,Fine-Tuned Model,"2,3,4,6,5,1"
15550,Fine-Tuned Model,"3,4,2,1,6,3"
15551,Fine-Tuned Model,"5,2,6,4,3,1"
15552,Fine-Tuned Model,"1,3,4,2,6,5"
15553,Fine-Tuned Model,"1,2,6,4,5,3"
15554,Fine-Tuned Model,"2,6,4,5,1,3"
15555,Fine-Tuned Model,"3,6,1,5,2,4"
15556,Fine-Tuned Model,"6,3,2,5,4,6"
15557,Fine-Tuned Model,"1,6,1,6,1,6"
15558,Fine-Tuned Model,
15559,Fine-Tuned Model,
15560,Fine-Tuned Model,"4,3,2,5,6,1"
15561,Fine-Tuned Model,"1,6,6"
15562,Fine-Tuned Model,"4,2,6,5,1,3"
15563,Fine-Tuned Model,
15564,Fine-Tuned Model,"1,1,6"
15565,Fine-Tuned Model,
15566,Fine-Tuned Model,"4,2,6,1,3,5"
15567,Fine-Tuned Model,"4,2,6,3,1,5"
15568,Fine-Tuned Model,"3,6,2,5,1,4"
15569,Fine-Tuned Model,3
15570,Fine-Tuned Model,"5,3,2,6,1,4"
15571,Fine-Tuned Model,"3,6,1,2,4,5"
15572,Fine-Tuned Model,"4,3,5,2,6,1"
15573,Fine-Tuned Model,"1,2,3,4,5,6"
15574,Fine-Tuned Model,
15575,Fine-Tuned Model,"4,3,1,5,2,6"
15576,Fine-Tuned Model,
15577,Fine-Tuned Model,"2,5,3,6,1,4"
15578,Fine-Tuned Model,"1,2,3,4,5,6"
15579,Fine-Tuned Model,"6,1,6"
15580,Fine-Tuned Model,"5,3,1,4,6,2"
15581,Fine-Tuned Model,"5,2,3,4,6,1"
15582,Fine-Tuned Model,"4,3,1,5,2,6"
15583,Fine-Tuned Model,"1,2,3,4,5,6"
15584,Fine-Tuned Model,"4,3,6,2,1,5"
15585,Fine-Tuned Model,"5,4,2,1,6,3"
15586,Fine-Tuned Model,"1,5,3,2,6,4"
15587,Fine-Tuned Model,"6,6,4,3,5"
15588,Fine-Tuned Model,"1,3,4,6,2,5"
15589,Fine-Tuned Model,"3,5,2,6,1,4"
15590,Fine-Tuned Model,"3,5,2,1,4,6"
15591,Fine-Tuned Model,"6,6"
15592,Fine-Tuned Model,"4,3,6,2,5,1"
15593,Fine-Tuned Model,"5,3,1,2,6,4"
15594,Fine-Tuned Model,"1,2,6"
15595,Fine-Tuned Model,"2,5,3,6,4,1"
15596,Fine-Tuned Model,
15597,Fine-Tuned Model,
15598,Fine-Tuned Model,"6,1,6"
15599,Fine-Tuned Model,"3,4,2,6,5,1"
15600,Fine-Tuned Model,"1,3,6,4,5,2"
15601,Fine-Tuned Model,"5,3,1,2,6,4"
15602,Fine-Tuned Model,"5,3"
15603,Fine-Tuned Model,"4,3,2,6,5,1"
15604,Fine-Tuned Model,
15605,Fine-Tuned Model,"2,5,3,6,1,4"
15606,Fine-Tuned Model,"4,2,6,1,3,5"
15607,Fine-Tuned Model,"4,3,6,1,5,2"
15608,Fine-Tuned Model,"1,2,3,4,5,6"
15609,Fine-Tuned Model,"6,1,6"
15610,Fine-Tuned Model,"3,2,5,6,1,4"
15611,Fine-Tuned Model,"4,2,6,5,1,3"
15612,Fine-Tuned Model,"1,4,2,6,1,5"
15613,Fine-Tuned Model,"4,2,6,5,1,3"
15614,Fine-Tuned Model,6
15615,Fine-Tuned Model,
15616,Fine-Tuned Model,"5,2,6,3,1,4"
15617,Fine-Tuned Model,
15618,Fine-Tuned Model,
15619,Fine-Tuned Model,"4,1,2,5,2,6"
15620,Fine-Tuned Model,"3,6,2,5,1,4"
15621,Fine-Tuned Model,
15622,Fine-Tuned Model,"4,1,5,2,6,3"
15623,Fine-Tuned Model,"2,6,3,1,4,5"
15624,Fine-Tuned Model,"1,4,6,2,3,5"
15625,Fine-Tuned Model,"4,2,5,6,3,1"
15626,Fine-Tuned Model,
15627,Fine-Tuned Model,"1,2,4,3,5,1"
15628,Fine-Tuned Model,"1,3,2,6,5,4"
15629,Fine-Tuned Model,"5,3,1,6,2,4"
15630,Fine-Tuned Model,"4,2,5,1,6,3"
15631,Fine-Tuned Model,"5,3,6,1,2,6"
15632,Fine-Tuned Model,"4,6,1,5,3,2"
15633,Fine-Tuned Model,"3,6,2,5,4,1"
15634,Fine-Tuned Model,"3,2,6,1,4,5"
15635,Fine-Tuned Model,"3,6,4,2,1,5"
15636,Fine-Tuned Model,
15637,Fine-Tuned Model,"3,5,1,4,2,6"
15638,Fine-Tuned Model,"1,2,4,1,6,3"
15639,Fine-Tuned Model,"2,4,3,1,5,6"
15640,Fine-Tuned Model,"3,6,1,5,2,4"
15641,Fine-Tuned Model,"2,5,4,6,3,1"
15642,Fine-Tuned Model,"1,3,2,6,4,5"
15643,Fine-Tuned Model,
15644,Fine-Tuned Model,"1,2,3,4,5,6"
15645,Fine-Tuned Model,"4,2,5,3,6,1"
15646,Fine-Tuned Model,"4,2,6,1,3,5"
15647,Fine-Tuned Model,"2,3,4,5,6"
15648,Fine-Tuned Model,"1,1,1,3,5"
15649,Fine-Tuned Model,"1,2,3,4,5,6"
15650,Fine-Tuned Model,"3,5,1,2,6,4"
15651,Fine-Tuned Model,"2,5,3,6,1,4"
15652,Fine-Tuned Model,"3,6,2,5,4,1"
15653,Fine-Tuned Model,"4,2,6,3"
15654,Fine-Tuned Model,
15655,Fine-Tuned Model,"5,3,6,2,1,4"
15656,Fine-Tuned Model,"2,4,3,5,1,6"
15657,Fine-Tuned Model,
15658,Fine-Tuned Model,"2,3,6,4,1,5"
15659,Fine-Tuned Model,1
15660,Fine-Tuned Model,"4,2,6,3,5,1"
15661,Fine-Tuned Model,6
15662,Fine-Tuned Model,"2,4,5,3,1,6"
15663,Fine-Tuned Model,
15664,Fine-Tuned Model,
15665,Fine-Tuned Model,"2,4,1,5,6,3"
15666,Fine-Tuned Model,
15667,Fine-Tuned Model,"3,5,2,6,1,4"
15668,Fine-Tuned Model,
15669,Fine-Tuned Model,"3,5,2,6,4,1"
15670,Fine-Tuned Model,"1,6"
15671,Fine-Tuned Model,1
15672,Fine-Tuned Model,"1,4,3,2,6,5"
15673,Fine-Tuned Model,"3,6,2,5,4,1"
15674,Fine-Tuned Model,
15675,Fine-Tuned Model,"3,5,2,6,4,1"
15676,Fine-Tuned Model,"4,3,6,2,5,1"
15677,Fine-Tuned Model,"4,2,6,3,5,1"
15678,Fine-Tuned Model,
15679,Fine-Tuned Model,"1,6,6"
15680,Fine-Tuned Model,
15681,Fine-Tuned Model,"3,5,2,1,6,4"
15682,Fine-Tuned Model,"2,5,4,3,1,6"
15683,Fine-Tuned Model,
15684,Fine-Tuned Model,"4,2,6,3,1,5"
15685,Fine-Tuned Model,
15686,Fine-Tuned Model,"1,6,6"
15687,Fine-Tuned Model,
15688,Fine-Tuned Model,"5,3,1,6,4,2"
15689,Fine-Tuned Model,"4,2,6,3,5,1"
15690,Fine-Tuned Model,"1,2,6,5,2,3"
15691,Fine-Tuned Model,"3,2,6,5,1,4"
15692,Fine-Tuned Model,"4,2,6,3,1,5"
15693,Fine-Tuned Model,2
15694,Fine-Tuned Model,
15695,Fine-Tuned Model,"4,6,3,5,2,5"
15696,Fine-Tuned Model,"1,3,2,4,5,6"
15697,Fine-Tuned Model,"5,3,6,2,4,1"
15698,Fine-Tuned Model,"1,5,2,3,6,4"
15699,Fine-Tuned Model,
15700,Fine-Tuned Model,"6,1,6,1,6"
15701,Fine-Tuned Model,"4,2,6,5,1,3"
15702,Fine-Tuned Model,"2,5,3,1,6,4"
15703,Fine-Tuned Model,"2,6,5,3,4,1"
15704,Fine-Tuned Model,"3,5,2,6,1,4"
15705,Fine-Tuned Model,"1,2,4,3,5,6"
15706,Fine-Tuned Model,"2,5,3,6,1,4"
15707,Fine-Tuned Model,"4,3,2,6,5,1"
15708,Fine-Tuned Model,"2,3,4,5"
15709,Fine-Tuned Model,
15710,Fine-Tuned Model,"4,3,1,2,6,5"
15711,Fine-Tuned Model,"4,2,6,1,3,5"
15712,Fine-Tuned Model,"1,2,3,4"
15713,Fine-Tuned Model,"4,3,6,2,5,1"
15714,Fine-Tuned Model,"4,2,6,3,5,1"
15715,Fine-Tuned Model,"6,1,6"
15716,Fine-Tuned Model,"3,4,2,6,5,1"
15717,Fine-Tuned Model,"3,6,2,5,4,1"
15718,Fine-Tuned Model,
15719,Fine-Tuned Model,"3,4,6,2,5,1"
15720,Fine-Tuned Model,"1,6,1,6,1,6"
15721,Fine-Tuned Model,
15722,Fine-Tuned Model,"4,6,2,5,3,1"
15723,Fine-Tuned Model,"2,5,1,4,6,3"
15724,Fine-Tuned Model,"5,3,1,6,2,4"
15725,Fine-Tuned Model,"1,4,6,2,5,3"
15726,Fine-Tuned Model,4
15727,Fine-Tuned Model,"1,4,2,3,5,6"
15728,Fine-Tuned Model,"4,3,5,2,1,6"
15729,Fine-Tuned Model,
15730,Fine-Tuned Model,"4,2,5,3,6,1"
15731,Fine-Tuned Model,"1,5,2,3,6,4"
15732,Fine-Tuned Model,"1,5,3,6,2,4"
15733,Fine-Tuned Model,"1,2,4,3,5,6"
15734,Fine-Tuned Model,"5,4,3,2,6,5"
15735,Fine-Tuned Model,"4,6,3,2,5,1"
15736,Fine-Tuned Model,"3,5,2,6,1,4"
15737,Fine-Tuned Model,"5,2,6,3,1,4"
15738,Fine-Tuned Model,"3,5,1,4,2,3"
15739,Fine-Tuned Model,
15740,Fine-Tuned Model,"4,3,6,2,5,1"
15741,Fine-Tuned Model,"3,6,2,5,1,4"
15742,Fine-Tuned Model,"4,3,6,2,5,1"
15743,Fine-Tuned Model,"2,6,5,3,4,1"
15744,Fine-Tuned Model,1
15745,Fine-Tuned Model,"5,2,3,1,6,4"
15746,Fine-Tuned Model,
15747,Fine-Tuned Model,"4,2,6,1,5,3"
15748,Fine-Tuned Model,
15749,Fine-Tuned Model,"4,2,5,3,6,1"
15750,Fine-Tuned Model,"1,2,3,6,2,4"
15751,Fine-Tuned Model,"4,3,6,2,1,5"
15752,Fine-Tuned Model,"3,4,6,1,2,5"
15753,Fine-Tuned Model,"1,4,5,2,6,3"
15754,Fine-Tuned Model,"1,6,2,3,4,5"
15755,Fine-Tuned Model,"3,6,1,2,4,5"
15756,Fine-Tuned Model,
15757,Fine-Tuned Model,"4,3,2,6,5,1"
15758,Fine-Tuned Model,"3,2,6,4,1,5"
15759,Fine-Tuned Model,
15760,Fine-Tuned Model,"5,3,6,4,2,1"
15761,Fine-Tuned Model,"2,5,3,6,1,4"
15762,Fine-Tuned Model,"1,4,3,2,6,5"
15763,Fine-Tuned Model,"4,2,6,3,5,1"
15764,Fine-Tuned Model,"6,1,1,6"
15765,Fine-Tuned Model,
15766,Fine-Tuned Model,
15767,Fine-Tuned Model,"3,5,2,6,1,4"
15768,Fine-Tuned Model,
15769,Fine-Tuned Model,"1,3,2,5,3,1"
15770,Fine-Tuned Model,
15771,Fine-Tuned Model,"2,5,4,6,1,3"
15772,Fine-Tuned Model,"2,6,3,5,1,4"
15773,Fine-Tuned Model,
15774,Fine-Tuned Model,"3,6,2,5,4,1"
15775,Fine-Tuned Model,"5,1,6,3,4,2"
15776,Fine-Tuned Model,"6,6,1,6"
15777,Fine-Tuned Model,
15778,Fine-Tuned Model,"1,3,2,6,4,5"
15779,Fine-Tuned Model,"1,6,6,2,5,4"
15780,Fine-Tuned Model,"4,2,6,5,3,1"
15781,Fine-Tuned Model,"4,2,6,1,5,3"
15782,Fine-Tuned Model,"1,6,6"
15783,Fine-Tuned Model,
15784,Fine-Tuned Model,"3,6,1,2,5,4"
15785,Fine-Tuned Model,"1,6,6"
15786,Fine-Tuned Model,"4,3,6,5,1,2"
15787,Fine-Tuned Model,"3,5,4,2,6,1"
15788,Fine-Tuned Model,
15789,Fine-Tuned Model,
15790,Fine-Tuned Model,
15791,Fine-Tuned Model,
15792,Fine-Tuned Model,"6,1,6,1,6"
15793,Fine-Tuned Model,"1,2,3,4,5,6"
15794,Fine-Tuned Model,
15795,Fine-Tuned Model,"3,1,6,2,5,4"
15796,Fine-Tuned Model,"1,3,2,6,3,4"
15797,Fine-Tuned Model,"3,6,2,1,5,4"
15798,Fine-Tuned Model,
15799,Fine-Tuned Model,"3,5,1,6,4,2"
15800,Fine-Tuned Model,"1,6,1,6,1,6"
15801,Fine-Tuned Model,"2,4,1"
15802,Fine-Tuned Model,
15803,Fine-Tuned Model,
15804,Fine-Tuned Model,"4,2,5,6,1,3"
15805,Fine-Tuned Model,"4,2,6,5,1,3"
15806,Fine-Tuned Model,"4,2,6,1,3,5"
15807,Fine-Tuned Model,"4,2,6,5,3,1"
15808,Fine-Tuned Model,"4,2,6,3,1,5"
15809,Fine-Tuned Model,
15810,Fine-Tuned Model,"2,6,4,3,5"
15811,Fine-Tuned Model,1
15812,Fine-Tuned Model,"5,4,3,6,2,1"
15813,Fine-Tuned Model,"1,2,3,4,5,6"
15814,Fine-Tuned Model,"3,4,6,2,5,1"
15815,Fine-Tuned Model,"1,4,3,6,2,5"
15816,Fine-Tuned Model,"1,3,2,6,5,4"
15817,Fine-Tuned Model,
15818,Fine-Tuned Model,"1,2,3,4,5,6"
15819,Fine-Tuned Model,"5,2,6,1,4,3"
15820,Fine-Tuned Model,"4,2,6,1,5,3"
15821,Fine-Tuned Model,"3,6,5,1,4,3"
15822,Fine-Tuned Model,"2,4,5,3,6,1"
15823,Fine-Tuned Model,
15824,Fine-Tuned Model,"1,4,2,5,3,6"
15825,Fine-Tuned Model,"1,1,3,2,5,4"
15826,Fine-Tuned Model,"3,2,6,5,4,1"
15827,Fine-Tuned Model,"1,6,6"
15828,Fine-Tuned Model,"1,3,5,2,4,6"
15829,Fine-Tuned Model,"4,3,6,2,5,1"
15830,Fine-Tuned Model,"3,6,2,5,1,4"
15831,Fine-Tuned Model,"1,2,3"
15832,Fine-Tuned Model,"1,6,6,1,6"
15833,Fine-Tuned Model,"5,2,1,4,6,3"
15834,Fine-Tuned Model,"4,2,6,5,1,3"
15835,Fine-Tuned Model,"4,3,6,5,2,1"
15836,Fine-Tuned Model,"3,2,5,1,4,6"
15837,Fine-Tuned Model,"3,2,4,6,5,1"
15838,Fine-Tuned Model,"5,2,6,3,4,1"
15839,Fine-Tuned Model,"4,2,5,1,3,6"
15840,Fine-Tuned Model,"4,2,6,3,5,1"
15841,Fine-Tuned Model,"4,2,6,3,1,5"
15842,Fine-Tuned Model,"1,6,6,1,2"
15843,Fine-Tuned Model,"2,4,3,2,6,1"
15844,Fine-Tuned Model,
15845,Fine-Tuned Model,"3,4,6,2,5,1"
15846,Fine-Tuned Model,"4,2,6,5,3,1"
15847,Fine-Tuned Model,"3,6,2,4,5,1"
15848,Fine-Tuned Model,"2,3,5,1,6,4"
15849,Fine-Tuned Model,"5,2,6,1,3,4"
15850,Fine-Tuned Model,"2,5,4,1,6,3"
15851,Fine-Tuned Model,"1,5,3,2,6,4"
15852,Fine-Tuned Model,"4,2,6,3,5,1"
15853,Fine-Tuned Model,
15854,Fine-Tuned Model,"1,4,2,2,3,5"
15855,Fine-Tuned Model,"5,2,3,1,4,6"
15856,Fine-Tuned Model,"4,3,6,2,5,1"
15857,Fine-Tuned Model,"4,2,3,5,1,6"
15858,Fine-Tuned Model,"6,1,2,3,4,5"
15859,Fine-Tuned Model,"3,5,6,2,5,4"
15860,Fine-Tuned Model,"1,2,3,5,4,6"
15861,Fine-Tuned Model,"4,3,2,6,1,5"
15862,Fine-Tuned Model,"2,6,4,1,3,5"
15863,Fine-Tuned Model,"4,6,5,2,3,1"
15864,Fine-Tuned Model,"5,2,6,1,3,4"
15865,Fine-Tuned Model,"1,4,2,6,3,1"
15866,Fine-Tuned Model,"3,4,2,6,1,5"
15867,Fine-Tuned Model,"2,5,6,3,2,1"
15868,Fine-Tuned Model,"3,6,2,5,4,1"
15869,Fine-Tuned Model,"1,4,6,2,5,3"
15870,Fine-Tuned Model,"1,3,4,6,1,5"
15871,Fine-Tuned Model,"2,6,4,3,5,1"
15872,Fine-Tuned Model,
15873,Fine-Tuned Model,"2,5,3,1,6,4"
15874,Fine-Tuned Model,"4,3,6,2,1,5"
15875,Fine-Tuned Model,"3,1,5,2,4,6"
15876,Fine-Tuned Model,"4,2,6,3,1,5"
15877,Fine-Tuned Model,"4,2,5,6,1,3"
15878,Fine-Tuned Model,
15879,Fine-Tuned Model,6
15880,Fine-Tuned Model,"3,4,2,5,6,1"
15881,Fine-Tuned Model,"1,4,2,6,3,5"
15882,Fine-Tuned Model,"4,2,6,3,5,1"
15883,Fine-Tuned Model,"1,4,3,5,2,6"
15884,Fine-Tuned Model,
15885,Fine-Tuned Model,
15886,Fine-Tuned Model,"4,1,3,6,5,2"
15887,Fine-Tuned Model,"1,4,2,5,6,3"
15888,Fine-Tuned Model,"4,3,2,6,1,5"
15889,Fine-Tuned Model,"1,6,6"
15890,Fine-Tuned Model,"3,6,2,5,4,1"
15891,Fine-Tuned Model,
15892,Fine-Tuned Model,"3,4,5,2,6,1"
15893,Fine-Tuned Model,"4,2,6,3,1,5"
15894,Fine-Tuned Model,"3,1,6,5,2,4"
15895,Fine-Tuned Model,"3,1,6,2,4,5"
15896,Fine-Tuned Model,"2,6,1,5,4,3"
15897,Fine-Tuned Model,"3,6,2,5,1,4"
15898,Fine-Tuned Model,"3,6,1,5,2,4"
15899,Fine-Tuned Model,
15900,Fine-Tuned Model,"1,6"
15901,Fine-Tuned Model,"1,6,6"
15902,Fine-Tuned Model,"2,5,1,6,4,3"
15903,Fine-Tuned Model,"4,3,2,5,6,1"
15904,Fine-Tuned Model,"4,3,6,2,5,1"
15905,Fine-Tuned Model,"3,6,1,2,5,4"
15906,Fine-Tuned Model,"4,2,6,3,5"
15907,Fine-Tuned Model,"3,5,2,1,4,6"
15908,Fine-Tuned Model,"5,3,2,6,1,4"
15909,Fine-Tuned Model,"1,6,1,6"
15910,Fine-Tuned Model,"4,3,2,6,1,5"
15911,Fine-Tuned Model,"4,2,5,6,3,1"
15912,Fine-Tuned Model,"4,2,6,5,3,1"
15913,Fine-Tuned Model,"5,4,2,6,3,1"
15914,Fine-Tuned Model,
15915,Fine-Tuned Model,"4,2,6,3,5,1"
15916,Fine-Tuned Model,"6,1,6"
15917,Fine-Tuned Model,
15918,Fine-Tuned Model,"1,2,5,3,6"
15919,Fine-Tuned Model,"3,1,6,5,2,4"
15920,Fine-Tuned Model,"1,1,4,2,6,5"
15921,Fine-Tuned Model,"2,5,3,6,4,1"
15922,Fine-Tuned Model,"2,5,1,6,4,3"
15923,Fine-Tuned Model,
15924,Fine-Tuned Model,"4,2,6,5,1,3"
15925,Fine-Tuned Model,"5,3,2,6,1,4"
15926,Fine-Tuned Model,"4,3,6,1,3,2"
15927,Fine-Tuned Model,
15928,Fine-Tuned Model,"1,2,3,5,3,6"
15929,Fine-Tuned Model,"5,3,6,2,1,4"
15930,Fine-Tuned Model,"5,3,2,1,6,4"
15931,Fine-Tuned Model,
15932,Fine-Tuned Model,"2,5,6,1,4,3"
15933,Fine-Tuned Model,"1,6"
15934,Fine-Tuned Model,"2,5,6,3,1,4"
15935,Fine-Tuned Model,1
15936,Fine-Tuned Model,"1,6"
15937,Fine-Tuned Model,"1,2,3,4,5,6"
15938,Fine-Tuned Model,
15939,Fine-Tuned Model,"4,2,5,6,3,1"
15940,Fine-Tuned Model,"3,6,2,5,4,1"
15941,Fine-Tuned Model,
15942,Fine-Tuned Model,"1,2,3,6,4,1"
15943,Fine-Tuned Model,
15944,Fine-Tuned Model,"3,6,2,5,1,4"
15945,Fine-Tuned Model,"3,5,2,6,4,1"
15946,Fine-Tuned Model,
15947,Fine-Tuned Model,"1,6,4"
15948,Fine-Tuned Model,"1,3,5,1,3,5"
15949,Fine-Tuned Model,"1,2,3,4,5,6"
15950,Fine-Tuned Model,"2,6,3,5,2,4"
15951,Fine-Tuned Model,"3,1,6"
15952,Fine-Tuned Model,"2,6,4,3,1,5"
15953,Fine-Tuned Model,"1,2,6,3,1,5"
15954,Fine-Tuned Model,1
15955,Fine-Tuned Model,"4,2,6,3,5,1"
15956,Fine-Tuned Model,"1,6,6"
15957,Fine-Tuned Model,"2,5,4,3,1,6"
15958,Fine-Tuned Model,"2,5,3,1,4,6"
15959,Fine-Tuned Model,"4,2,6,5,1,3"
15960,Fine-Tuned Model,"1,2,4,5,6,3"
15961,Fine-Tuned Model,"2,5,4,3,6,1"
15962,Fine-Tuned Model,"3,5,2,6,3,1"
15963,Fine-Tuned Model,"6,1,6"
15964,Fine-Tuned Model,"2,5,4,6,3,1"
15965,Fine-Tuned Model,
15966,Fine-Tuned Model,"4,2,6,3,5,1"
15967,Fine-Tuned Model,"5,2,3,1,6,4"
15968,Fine-Tuned Model,"1,4,3,6,5,2"
15969,Fine-Tuned Model,"1,5,3,2,6,4"
15970,Fine-Tuned Model,"1,4,2,6,3,5"
15971,Fine-Tuned Model,"2,6,1,4,3"
15972,Fine-Tuned Model,"5,3,4,2,6,1"
15973,Fine-Tuned Model,
15974,Fine-Tuned Model,"4,2,5,3,1,6"
15975,Fine-Tuned Model,
15976,Fine-Tuned Model,
15977,Fine-Tuned Model,"1,6,6"
15978,Fine-Tuned Model,"1,4,2,3,3,6"
15979,Fine-Tuned Model,"1,2,4,5,3,6"
15980,Fine-Tuned Model,"4,2,6,3,5,1"
15981,Fine-Tuned Model,"3,4,1,6,5,2"
15982,Fine-Tuned Model,"1,3,5,2,4,6"
15983,Fine-Tuned Model,"5,2,1,3,6,4"
15984,Fine-Tuned Model,"1,2,3,4,5,6"
15985,Fine-Tuned Model,"4,3,5,6,1,2"
15986,Fine-Tuned Model,"1,5,3,4,6,2"
15987,Fine-Tuned Model,"5,3,6,2,1,4"
15988,Fine-Tuned Model,"4,2,6,5,3,1"
15989,Fine-Tuned Model,
15990,Fine-Tuned Model,
15991,Fine-Tuned Model,"4,2,6,1,3,5"
15992,Fine-Tuned Model,"1,2,6,3,6,5"
15993,Fine-Tuned Model,"2,6,4,3,5,1"
15994,Fine-Tuned Model,
15995,Fine-Tuned Model,"2,4,6,1,3,5"
15996,Fine-Tuned Model,
15997,Fine-Tuned Model,"2,4,6,3,5,1"
15998,Fine-Tuned Model,"4,2,6,3,1,5"
15999,Fine-Tuned Model,"4,2,6,3,5,1"
16000,Fine-Tuned Model,"1,2,3,4,5,6"
