Run,Model Type,Extracted Numbers
1,fine-tuned,"Orange,Blue,Blue,Red,Blue"
2,fine-tuned,"Red,Blue,Blue,Green"
3,fine-tuned,"Yellow,Green,Orange,Red"
4,fine-tuned,"Yellow,Green,Orange,Red"
5,fine-tuned,"Green,Blue,Red,Red,Blue"
6,fine-tuned,"Green,Blue,Orange,Red,Red"
7,fine-tuned,"Yellow,Blue,Green,Blue"
8,fine-tuned,"Blue,Orange,Blue"
9,fine-tuned,"Purple,Green,Orange,Orange,Blue"
10,fine-tuned,"Blue,Green,Blue"
11,fine-tuned,"Yellow,Orange,Blue,Green"
12,fine-tuned,"Blue,Green,Orange,Orange,Green,Blue"
13,fine-tuned,"Red,Orange,Blue,Blue,Orange,Green"
14,fine-tuned,"Red,Blue,Green,Red,Green"
15,fine-tuned,"Blue,Green,Red,Red,Green,Green"
16,fine-tuned,"Blue,Green,Red,Blue,Orange,Red"
17,fine-tuned,"Red,Red,Blue,Red,Green"
18,fine-tuned,"Yellow,Red,Orange,Blue,Blue,Green"
19,fine-tuned,"Blue,Green,Blue,Red,Blue"
20,fine-tuned,"Blue,Green,Red,Red,Blue,Red"
21,fine-tuned,"Purple,Blue,Red,Orange,Blue,Green"
22,fine-tuned,"Green,Orange,Green,Blue"
23,fine-tuned,"Green,Blue,Red,Blue,Purple,Blue"
24,fine-tuned,"Green,Orange,Blue,Blue,Orange"
25,fine-tuned,"Blue,Green,Orange,Orange,Red"
26,fine-tuned,"Purple,Blue,Green,Green,Orange,Blue"
27,fine-tuned,"Yellow,Green,Blue,Blue"
28,fine-tuned,"Blue,Orange,Green,Orange,Red"
29,fine-tuned,"Purple,Red,Green,Orange,Orange,Red"
30,fine-tuned,"Blue,Red,Orange"
31,fine-tuned,"Yellow,Green,Orange,Purple,Blue,Yellow"
32,fine-tuned,"Blue,Green,Red,Red,Orange"
33,fine-tuned,"Green,Red,Blue,Orange,Blue"
34,fine-tuned,"Red,Green,Orange,Red,Blue,Red"
35,fine-tuned,"Blue,Green,Orange,Blue,Red"
36,fine-tuned,"Blue,Orange,Green,Green,Red"
37,fine-tuned,"Red,Blue,Blue,Red,Orange"
38,fine-tuned,"Blue,Orange,Blue"
39,fine-tuned,"Purple,Blue,Orange,Green,Blue,Red"
40,fine-tuned,"Green,Blue,Orange,Orange"
41,fine-tuned,"Orange,Green,Blue,Green,Red,Red"
42,fine-tuned,"Red,Orange,Green,Red"
43,fine-tuned,"Yellow,Green,Red,Green,Red"
44,fine-tuned,"Red,Orange,Green,Blue"
45,fine-tuned,"Yellow,Green,Red,Orange"
46,fine-tuned,"Green,Blue"
47,fine-tuned,"Blue,Red,Blue,Orange,Green"
48,fine-tuned,"Red,Blue,Blue,Green,Red"
49,fine-tuned,"Red,Red,Blue,Red,Orange,Blue"
50,fine-tuned,"Red,Red,Green,Green,Orange"
51,fine-tuned,"Red,Green,Orange,Orange,Blue"
52,fine-tuned,"Blue,Orange,Red,Red,Blue,Green"
53,fine-tuned,"Yellow,Red,Blue,Red,Red"
54,fine-tuned,"Green,Orange,Red,Blue,Blue,Orange"
55,fine-tuned,"Blue,Blue,Red,Red"
56,fine-tuned,"Green,Orange,Blue,Red,Green,Green"
57,fine-tuned,"Yellow,Blue,Green,Orange"
58,fine-tuned,"Blue,Green,Orange,Green,Orange"
59,fine-tuned,"Green,Blue,Green"
60,fine-tuned,"Orange,Purple,Green,Yellow,Red,Green"
61,fine-tuned,"Orange,Blue,Green,Green,Orange,Red"
62,fine-tuned,"Yellow,Blue,Green,Red,Green,Blue"
63,fine-tuned,"Blue,Green,Red,Green,Orange"
64,fine-tuned,"Red,Blue,Orange,Red"
65,fine-tuned,"Green,Red,Blue,Orange"
66,fine-tuned,"Blue,Orange,Red,Green,Green,Red"
67,fine-tuned,"Green,Orange,Orange,Blue,Blue,Green"
68,fine-tuned,"Purple,Blue,Green,Orange,Red,Green"
69,fine-tuned,"Yellow,Red,Blue,Blue"
70,fine-tuned,"Green,Orange,Orange,Blue"
71,fine-tuned,"Purple,Green,Red,Blue"
72,fine-tuned,"Red,Blue,Blue,Green,Orange"
73,fine-tuned,"Green,Red,Green,Green,Blue,Red"
74,fine-tuned,"Blue,Orange,Red"
75,fine-tuned,"Purple,Green,Blue,Red,Orange"
76,fine-tuned,"Blue,Green,Orange,Green,Orange"
77,fine-tuned,"Blue,Red,Orange,Red,Green,Blue"
78,fine-tuned,"Yellow,Orange,Green,Blue,Blue"
79,fine-tuned,"Blue,Green,Green"
80,fine-tuned,"Blue,Orange,Green,Green,Blue"
81,fine-tuned,"Red,Orange,Green,Blue,Red,Blue"
82,fine-tuned,"Green,Blue,Orange,Red,Blue,Red"
83,fine-tuned,"Red,Green,Orange,Green,Blue,Orange"
84,fine-tuned,"Green,Red,Orange,Orange"
85,fine-tuned,"Red,Blue,Green,Orange,Blue,Orange"
86,fine-tuned,"Yellow,Green,Orange,Orange,Green,Blue"
87,fine-tuned,"Orange,Blue,Green,Red,Blue,Purple"
88,fine-tuned,"Blue,Green,Green,Red,Orange"
89,fine-tuned,"Blue,Orange,Orange"
90,fine-tuned,"Yellow,Green,Blue,Red,Green"
91,fine-tuned,"Red,Green,Orange,Green,Orange,Red"
92,fine-tuned,"Red,Green,Green,Red,Blue,Orange"
93,fine-tuned,"Blue,Green,Orange,Yellow,Red,Purple"
94,fine-tuned,"Blue,Green,Orange,Red"
95,fine-tuned,"Blue,Orange,Green,Green,Red"
96,fine-tuned,"Yellow,Blue,Red,Red,Green,Red"
97,fine-tuned,"Red,Green,Green,Blue,Blue"
98,fine-tuned,"Orange,Red,Green,Blue"
99,fine-tuned,"Red,Orange,Orange,Orange,Blue"
100,fine-tuned,"Yellow,Green,Blue,Blue,Red,Red"
101,fine-tuned,"Green,Orange,Blue,Green,Red"
102,fine-tuned,"Red,Green,Red,Orange"
103,fine-tuned,"Blue,Green,Red,Green"
104,fine-tuned,"Blue,Green,Red,Blue,Orange"
105,fine-tuned,"Yellow,Green,Red,Orange,Green"
106,fine-tuned,"Green,Blue,Blue,Orange,Red"
107,fine-tuned,"Green,Blue,Red,Orange,Blue,Red"
108,fine-tuned,"Blue,Green,Orange,Orange,Red,Red"
109,fine-tuned,"Green,Red,Blue,Green,Blue"
110,fine-tuned,"Red,Green,Blue,Red,Orange,Red"
111,fine-tuned,"Blue,Orange,Green,Blue,Green,Orange"
112,fine-tuned,"Green,Blue,Green,Red,Orange"
113,fine-tuned,"Orange,Green,Blue,Blue,Red,Purple"
114,fine-tuned,"Green,Orange,Blue,Blue,Red,Blue"
115,fine-tuned,"Purple,Green,Red,Orange,Blue,Green"
116,fine-tuned,"Blue,Blue,Green,Orange"
117,fine-tuned,"Blue,Green,Red,Green,Green"
118,fine-tuned,"Blue,Orange,Green,Red,Red,Orange"
119,fine-tuned,"Green,Red,Blue,Red,Green"
120,fine-tuned,"Orange,Blue,Green,Orange,Blue"
121,fine-tuned,"Blue,Green,Orange,Green,Red,Blue"
122,fine-tuned,"Red,Blue,Orange,Green,Red,Orange"
123,fine-tuned,"Yellow,Green,Blue"
124,fine-tuned,"Blue,Green,Orange,Blue,Green"
125,fine-tuned,"Red,Blue,Green,Orange"
126,fine-tuned,"Yellow,Green,Red,Orange,Blue"
127,fine-tuned,"Purple,Orange,Blue,Green,Green"
128,fine-tuned,"Orange,Blue,Red,Red,Red"
129,fine-tuned,"Purple,Blue,Red,Orange,Red"
130,fine-tuned,"Orange,Blue,Red,Blue,Blue,Green"
131,fine-tuned,"Blue,Green,Orange,Green,Green"
132,fine-tuned,"Orange,Purple,Purple,Yellow,Red,Blue"
133,fine-tuned,"Orange,Blue,Green,Green,Orange"
134,fine-tuned,"Orange,Green,Blue,Blue,Red"
135,fine-tuned,"Yellow,Green,Red,Blue,Red"
136,fine-tuned,"Green,Green,Orange,Green,Blue"
137,fine-tuned,"Purple,Green,Green,Red,Blue,Red"
138,fine-tuned,"Green,Green,Blue,Green"
139,fine-tuned,"Orange,Green,Blue,Red,Green,Red"
140,fine-tuned,"Orange,Red,Blue,Green,Red"
141,fine-tuned,"Orange,Blue,Green,Green,Blue"
142,fine-tuned,"Blue,Green,Blue,Blue"
143,fine-tuned,"Red,Orange,Blue,Orange,Blue,Green"
144,fine-tuned,"Orange,Purple,Green,Blue,Yellow,Green"
145,fine-tuned,"Orange,Green,Red,Green,Red,Blue"
146,fine-tuned,"Blue,Yellow,Orange,Purple,Purple,Orange"
147,fine-tuned,"Purple,Orange,Green,Blue,Red,Blue"
148,fine-tuned,"Yellow,Red,Blue,Orange,Red"
149,fine-tuned,"Yellow,Red,Orange,Red,Blue,Green"
150,fine-tuned,"Purple,Red,Blue,Blue"
151,fine-tuned,"Green,Blue,Blue,Orange,Red"
152,fine-tuned,"Red,Green,Blue"
153,fine-tuned,"Blue,Red,Orange,Green,Green,Green"
154,fine-tuned,"Blue,Red,Orange"
155,fine-tuned,"Blue,Green,Red"
156,fine-tuned,"Yellow,Green,Red,Orange,Blue,Purple"
157,fine-tuned,"Green,Blue,Green,Green,Orange"
158,fine-tuned,"Yellow,Orange,Red,Green,Blue"
159,fine-tuned,"Green,Blue,Red,Orange,Red"
160,fine-tuned,"Purple,Blue,Red,Green"
161,fine-tuned,"Green,Red,Orange,Red,Red"
162,fine-tuned,"Orange,Blue,Green,Red,Blue,Blue"
163,fine-tuned,"Yellow,Red"
164,fine-tuned,"Blue,Green,Orange,Green,Blue"
165,fine-tuned,"Green,Red,Orange,Orange,Blue"
166,fine-tuned,"Green,Blue,Red,Red,Green,Red"
167,fine-tuned,"Red,Blue,Green,Blue,Orange"
168,fine-tuned,"Blue,Green,Orange,Orange,Red"
169,fine-tuned,"Green,Blue,Orange,Red,Green,Blue"
170,fine-tuned,"Yellow,Blue,Green,Blue,Orange,Green"
171,fine-tuned,"Blue,Orange,Green,Red,Green,Orange"
172,fine-tuned,"Blue,Orange,Red,Green,Red,Green"
173,fine-tuned,"Blue,Orange,Green,Red,Red"
174,fine-tuned,"Red,Orange,Green,Green,Red,Blue"
175,fine-tuned,"Red,Green,Red"
176,fine-tuned,"Yellow,Red,Blue,Blue,Red"
177,fine-tuned,"Red,Blue,Green,Blue"
178,fine-tuned,"Red,Green,Red,Orange,Blue"
179,fine-tuned,"Orange,Red,Blue"
180,fine-tuned,"Purple,Green,Green,Blue,Blue"
181,fine-tuned,"Blue,Orange"
182,fine-tuned,"Purple,Green,Blue,Orange"
183,fine-tuned,"Blue,Green,Orange,Red,Orange,Blue"
184,fine-tuned,"Blue,Orange,Red,Blue,Green,Red"
185,fine-tuned,"Purple,Orange,Blue,Red,Blue"
186,fine-tuned,"Blue,Green,Green,Green,Orange"
187,fine-tuned,"Blue,Orange,Green,Green"
188,fine-tuned,"Red,Green,Blue,Orange,Blue"
189,fine-tuned,"Orange,Blue,Blue,Blue,Orange"
190,fine-tuned,"Yellow,Green,Blue,Orange,Green"
191,fine-tuned,"Yellow,Orange,Blue,Orange,Red,Blue"
192,fine-tuned,"Orange,Red,Green,Blue,Green"
193,fine-tuned,"Green,Green,Green,Blue"
194,fine-tuned,"Blue,Orange,Green,Red,Orange,Red"
195,fine-tuned,"Blue,Green,Red,Red,Orange"
196,fine-tuned,"Green,Blue,Green,Orange,Orange"
197,fine-tuned,"Orange,Green,Green,Blue"
198,fine-tuned,"Blue,Orange"
199,fine-tuned,"Orange,Green,Blue,Blue"
200,fine-tuned,"Green,Orange,Red,Blue,Red,Orange"
201,fine-tuned,"Green,Blue,Green,Red"
202,fine-tuned,"Yellow,Orange,Blue,Green,Blue"
203,fine-tuned,"Blue,Red,Red,Green"
204,fine-tuned,"Blue,Green,Orange,Blue"
205,fine-tuned,"Red,Orange,Blue,Green,Red"
206,fine-tuned,"Purple,Blue,Red,Red,Green,Blue"
207,fine-tuned,"Orange,Yellow,Orange,Purple,Red,Purple"
208,fine-tuned,"Orange,Blue,Green,Blue,Purple,Red"
209,fine-tuned,"Orange,Blue,Green,Blue,Green"
210,fine-tuned,"Red,Green,Blue,Green,Blue,Blue"
211,fine-tuned,"Green,Blue,Orange,Blue,Red"
212,fine-tuned,"Blue,Orange,Green,Red,Red"
213,fine-tuned,"Yellow,Orange,Green,Blue,Green,Green"
214,fine-tuned,"Red,Green,Blue,Blue"
215,fine-tuned,"Red,Green,Orange,Blue,Red,Blue"
216,fine-tuned,"Yellow,Orange,Red,Blue,Green"
217,fine-tuned,"Green,Red,Red,Green,Orange,Green"
218,fine-tuned,"Yellow,Green,Blue,Green,Red"
219,fine-tuned,"Green,Blue,Orange,Red"
220,fine-tuned,"Green,Red,Green,Green"
221,fine-tuned,"Red,Green,Green,Blue,Green"
222,fine-tuned,"Red,Orange,Green,Blue,Red"
223,fine-tuned,"Yellow,Blue,Green,Red,Red,Orange"
224,fine-tuned,"Red,Green,Orange,Red,Orange,Green"
225,fine-tuned,"Yellow,Green,Blue,Blue,Orange"
226,fine-tuned,"Green,Blue,Orange,Orange,Green"
227,fine-tuned,"Red,Blue,Red,Green,Orange,Orange"
228,fine-tuned,"Yellow,Orange,Green,Green,Blue,Red"
229,fine-tuned,"Red,Blue,Green,Orange"
230,fine-tuned,"Purple,Red,Green,Orange,Red,Blue"
231,fine-tuned,"Orange,Green,Green,Red,Blue"
232,fine-tuned,"Blue,Red,Green,Orange,Red,Green"
233,fine-tuned,"Red,Orange,Blue,Blue,Green"
234,fine-tuned,"Green,Blue,Orange,Red"
235,fine-tuned,"Yellow,Orange,Blue,Green,Green"
236,fine-tuned,"Orange,Red,Green,Red,Green"
237,fine-tuned,"Green,Orange,Red,Red"
238,fine-tuned,"Green,Yellow,Red,Blue,Yellow,Orange"
239,fine-tuned,"Blue,Blue,Red,Orange"
240,fine-tuned,"Green,Green,Orange,Blue"
241,fine-tuned,"Blue,Orange,Blue,Green"
242,fine-tuned,"Orange,Green,Blue,Green,Red,Orange"
243,fine-tuned,"Red,Blue,Orange"
244,fine-tuned,"Yellow,Green,Blue,Orange,Blue"
245,fine-tuned,"Red,Orange,Green,Blue,Blue,Red"
246,fine-tuned,"Blue,Orange,Red,Orange,Red,Orange"
247,fine-tuned,"Orange,Blue,Red,Red,Blue"
248,fine-tuned,"Green,Orange,Red,Blue,Red,Green"
249,fine-tuned,"Blue,Green,Red,Blue,Green,Orange"
250,fine-tuned,"Red,Blue,Red,Red,Red"
251,fine-tuned,"Red,Orange,Green,Blue,Orange,Blue"
252,fine-tuned,"Purple,Orange,Green,Green,Blue"
253,fine-tuned,"Orange,Orange,Blue,Green,Green"
254,fine-tuned,"Blue,Orange,Orange"
255,fine-tuned,"Green,Orange,Red,Red"
256,fine-tuned,"Orange,Green,Green,Blue,Blue"
257,fine-tuned,"Red,Red,Green,Orange,Red"
258,fine-tuned,"Blue,Red,Green,Red,Green,Red"
259,fine-tuned,"Yellow,Orange,Green,Blue,Green,Blue"
260,fine-tuned,"Green,Orange,Blue,Red,Blue,Red"
261,fine-tuned,"Green,Orange,Blue,Red,Red"
262,fine-tuned,"Green,Red,Orange"
263,fine-tuned,"Orange,Blue,Blue,Red"
264,fine-tuned,"Yellow,Blue,Blue,Red,Green,Red"
265,fine-tuned,"Blue,Orange,Blue,Green,Red"
266,fine-tuned,"Yellow,Blue,Orange,Blue,Green,Red"
267,fine-tuned,"Purple,Green,Blue,Red,Green"
268,fine-tuned,"Blue,Green,Green"
269,fine-tuned,"Green,Red,Blue,Green"
270,fine-tuned,"Blue,Green,Red,Red"
271,fine-tuned,"Green,Green,Red,Blue,Orange,Orange"
272,fine-tuned,"Blue,Blue,Blue,Blue,Blue"
273,fine-tuned,"Blue,Green,Orange,Red,Green"
274,fine-tuned,"Blue,Green,Red,Green,Red"
275,fine-tuned,"Green,Blue,Orange,Orange,Orange,Red"
276,fine-tuned,"Red,Blue,Orange,Blue"
277,fine-tuned,"Blue,Orange,Blue"
278,fine-tuned,"Green,Blue,Green,Orange"
279,fine-tuned,"Green,Red,Red"
280,fine-tuned,"Yellow,Green,Blue,Blue,Red,Orange"
281,fine-tuned,"Blue,Red,Green"
282,fine-tuned,"Yellow,Red,Orange,Red"
283,fine-tuned,"Red,Blue,Blue,Green,Blue,Blue"
284,fine-tuned,"Yellow,Orange,Red,Blue,Orange,Blue"
285,fine-tuned,"Blue,Orange,Green,Blue,Orange,Green"
286,fine-tuned,"Blue,Orange,Orange,Green"
287,fine-tuned,"Green,Blue,Blue,Orange,Red,Orange"
288,fine-tuned,"Blue,Blue,Green"
289,fine-tuned,"Blue,Green,Green,Green,Green,Orange"
290,fine-tuned,"Blue,Red,Green,Orange,Blue"
291,fine-tuned,"Blue,Green,Orange,Blue"
292,fine-tuned,"Yellow,Orange,Green,Green,Blue,Orange"
293,fine-tuned,"Red,Orange,Red,Blue,Green"
294,fine-tuned,"Blue,Orange,Blue,Blue,Green"
295,fine-tuned,"Yellow,Red,Blue,Blue,Green"
296,fine-tuned,"Green,Green,Green,Orange"
297,fine-tuned,"Red,Green,Red,Blue"
298,fine-tuned,"Blue,Green,Orange,Red,Green,Red"
299,fine-tuned,"Purple,Orange,Green,Green,Red,Orange"
300,fine-tuned,"Yellow,Green,Blue,Red,Orange"
301,fine-tuned,"Red,Red,Green,Blue,Green"
302,fine-tuned,"Orange,Blue,Green,Purple,Orange,Green"
303,fine-tuned,"Yellow,Green,Blue,Orange,Green,Red"
304,fine-tuned,"Green,Blue,Red,Blue,Orange"
305,fine-tuned,"Purple,Orange,Red,Blue,Green,Red"
306,fine-tuned,"Blue,Blue,Green,Green"
307,fine-tuned,"Red,Orange,Green,Blue,Red,Green"
308,fine-tuned,"Orange,Red,Green,Blue,Red,Blue"
309,fine-tuned,"Orange,Blue,Red,Purple,Red,Yellow"
310,fine-tuned,"Purple,Green,Red,Red,Blue,Blue"
311,fine-tuned,"Green,Red,Blue,Red,Blue,Orange"
312,fine-tuned,"Yellow,Red,Red,Orange,Red,Green"
313,fine-tuned,"Red,Green,Blue,Orange,Blue"
314,fine-tuned,"Purple,Green,Blue,Green"
315,fine-tuned,"Red,Blue,Green,Red,Orange,Orange"
316,fine-tuned,"Yellow,Blue,Blue,Blue"
317,fine-tuned,"Yellow,Green,Blue,Green,Orange,Blue"
318,fine-tuned,"Yellow,Green,Green,Red,Green,Orange"
319,fine-tuned,"Yellow,Green,Green,Orange,Blue,Green"
320,fine-tuned,"Yellow,Green,Red,Blue,Orange"
321,fine-tuned,"Red,Blue,Green,Green,Red"
322,fine-tuned,"Red,Blue,Green,Red"
323,fine-tuned,"Red,Blue,Green,Orange,Green"
324,fine-tuned,"Yellow,Red,Blue,Green,Green"
325,fine-tuned,"Green,Blue,Orange,Green"
326,fine-tuned,"Red,Blue,Blue,Orange,Red"
327,fine-tuned,"Orange,Red,Red,Green,Green,Red"
328,fine-tuned,"Red,Blue,Orange"
329,fine-tuned,"Orange,Green,Green,Blue"
330,fine-tuned,"Green,Red,Red,Green,Green"
331,fine-tuned,"Yellow,Orange,Blue,Green,Green"
332,fine-tuned,"Yellow,Blue,Green,Red,Red"
333,fine-tuned,"Blue,Red,Green,Orange,Green,Orange"
334,fine-tuned,"Yellow,Green,Blue,Red,Orange"
335,fine-tuned,"Blue,Green,Orange,Red,Orange"
336,fine-tuned,"Yellow,Orange,Orange,Orange,Green"
337,fine-tuned,"Yellow,Blue,Orange,Blue,Orange,Red"
338,fine-tuned,"Green,Orange,Orange,Blue,Blue,Red"
339,fine-tuned,"Orange,Purple,Green,Red,Red,Green"
340,fine-tuned,"Yellow,Green,Red,Orange,Blue"
341,fine-tuned,"Purple,Red,Green,Red,Red"
342,fine-tuned,"Green,Red,Green,Blue,Orange,Red"
343,fine-tuned,"Yellow,Orange,Blue,Green,Red,Red"
344,fine-tuned,"Orange,Blue,Orange,Green,Red,Green"
345,fine-tuned,"Red,Blue,Green,Green,Green"
346,fine-tuned,"Yellow,Orange,Red,Blue,Orange,Green"
347,fine-tuned,"Green,Blue,Green,Orange,Green,Green"
348,fine-tuned,"Green,Yellow,Green,Orange,Purple,Red"
349,fine-tuned,"Yellow,Green,Red,Green,Blue"
350,fine-tuned,"Red,Blue,Orange,Red,Green"
351,fine-tuned,"Red,Orange,Blue,Orange"
352,fine-tuned,"Blue,Orange,Green,Red"
353,fine-tuned,"Yellow,Green,Orange,Blue,Red,Green"
354,fine-tuned,"Red,Orange,Green,Blue,Red,Blue"
355,fine-tuned,"Green,Red,Orange,Red"
356,fine-tuned,"Purple,Blue,Orange,Red,Green,Red"
357,fine-tuned,"Yellow,Green,Orange,Orange,Red,Blue"
358,fine-tuned,"Blue,Red,Red,Blue,Green,Red"
359,fine-tuned,"Blue,Green,Yellow,Red,Blue,Orange"
360,fine-tuned,"Orange,Green,Red,Blue"
361,fine-tuned,"Green,Blue,Orange"
362,fine-tuned,"Blue,Orange,Green,Red"
363,fine-tuned,"Green,Blue,Orange,Orange,Green"
364,fine-tuned,"Orange,Blue,Red,Green,Red"
365,fine-tuned,"Yellow,Blue,Orange,Green,Orange,Red"
366,fine-tuned,"Blue,Orange,Green,Green,Blue"
367,fine-tuned,"Purple,Red,Orange,Red,Blue"
368,fine-tuned,"Orange,Blue,Green,Blue,Orange"
369,fine-tuned,"Red,Blue,Blue,Orange,Red"
370,fine-tuned,"Blue,Orange,Green,Green,Red,Orange"
371,fine-tuned,"Green,Blue,Red"
372,fine-tuned,"Yellow,Green,Red,Red,Red,Blue"
373,fine-tuned,"Orange,Red,Blue,Orange,Blue,Green"
374,fine-tuned,"Green,Red,Orange,Blue,Green,Green"
375,fine-tuned,"Blue,Blue,Green,Blue,Orange"
376,fine-tuned,"Yellow,Green,Orange,Green,Blue"
377,fine-tuned,"Orange,Blue,Purple,Green,Yellow,Red"
378,fine-tuned,"Yellow,Blue,Green,Green"
379,fine-tuned,"Orange,Blue,Green,Blue"
380,fine-tuned,"Purple,Red,Blue,Red,Blue,Red"
381,fine-tuned,"Green,Blue,Blue,Red,Orange"
382,fine-tuned,"Purple,Blue,Green,Red,Red"
383,fine-tuned,"Orange,Green,Red,Blue,Purple,Yellow"
384,fine-tuned,"Green,Orange,Red,Orange,Blue"
385,fine-tuned,"Red,Blue,Blue,Orange,Red"
386,fine-tuned,"Red,Green,Orange,Orange,Blue"
387,fine-tuned,"Orange,Blue,Green,Red,Green,Yellow"
388,fine-tuned,"Yellow,Green,Orange,Blue,Blue,Green"
389,fine-tuned,"Red,Red,Red,Orange"
390,fine-tuned,"Blue,Red,Orange,Green,Orange,Red"
391,fine-tuned,"Blue,Orange,Red,Blue,Green"
392,fine-tuned,"Blue,Red,Orange,Green"
393,fine-tuned,"Blue,Red,Green,Orange"
394,fine-tuned,"Yellow,Blue,Green,Orange,Red,Red"
395,fine-tuned,"Red,Green,Blue,Blue"
396,fine-tuned,"Purple,Orange,Blue,Red,Red"
397,fine-tuned,"Yellow,Red,Red,Green,Blue,Red"
398,fine-tuned,"Yellow,Red,Orange,Red,Green,Blue"
399,fine-tuned,"Yellow,Blue,Green,Orange"
400,fine-tuned,"Blue,Green,Green,Orange,Green"
401,fine-tuned,"Purple,Green,Green,Blue,Green"
402,fine-tuned,"Blue,Orange,Orange,Green,Red"
403,fine-tuned,"Orange,Red,Blue,Blue"
404,fine-tuned,"Blue,Orange,Green,Blue,Red"
405,fine-tuned,"Green,Blue,Yellow,Blue,Green,Purple"
406,fine-tuned,"Yellow,Red,Orange,Blue,Red,Green"
407,fine-tuned,"Red,Green,Red,Red,Red"
408,fine-tuned,"Yellow,Red,Red,Green,Green"
409,fine-tuned,"Orange,Blue,Blue,Orange,Blue"
410,fine-tuned,"Blue,Orange,Orange,Green,Blue"
411,fine-tuned,"Red,Green,Orange,Blue,Green,Blue"
412,fine-tuned,"Green,Red,Blue,Red"
413,fine-tuned,"Red,Blue,Green,Orange"
414,fine-tuned,"Green,Red,Red,Green,Blue,Red"
415,fine-tuned,"Red,Green,Green,Red"
416,fine-tuned,"Blue,Green,Orange,Blue,Red,Green"
417,fine-tuned,"Purple,Orange,Blue,Blue,Red,Orange"
418,fine-tuned,"Orange,Blue,Purple,Red,Yellow,Blue"
419,fine-tuned,"Blue,Orange,Green,Blue,Red"
420,fine-tuned,"Purple,Green,Green,Red,Blue,Orange"
421,fine-tuned,"Red,Green,Green,Orange,Blue,Blue"
422,fine-tuned,"Yellow,Green,Orange,Blue"
423,fine-tuned,"Red,Orange,Blue,Green,Red"
424,fine-tuned,"Blue,Orange,Green,Blue,Green,Red"
425,fine-tuned,"Blue,Orange,Red,Green,Red"
426,fine-tuned,"Red,Green,Orange,Green,Blue,Orange"
427,fine-tuned,"Green,Blue,Orange,Red,Orange,Blue"
428,fine-tuned,"Red,Orange,Blue,Orange,Blue"
429,fine-tuned,"Blue,Orange,Green,Orange,Red"
430,fine-tuned,"Blue,Red,Red,Green,Green,Orange"
431,fine-tuned,"Red,Blue,Blue,Red,Orange,Green"
432,fine-tuned,"Green,Orange,Red,Red,Red"
433,fine-tuned,"Orange,Blue,Red,Green,Red,Red"
434,fine-tuned,"Red,Green,Blue,Orange,Green,Blue"
435,fine-tuned,"Blue,Red,Green"
436,fine-tuned,"Orange,Purple,Green,Red,Red,Blue"
437,fine-tuned,"Blue,Red,Orange,Green,Green"
438,fine-tuned,"Red,Green,Blue,Orange,Green,Blue"
439,fine-tuned,"Blue,Blue,Orange,Blue"
440,fine-tuned,"Green,Orange,Red,Green,Red,Blue"
441,fine-tuned,"Red,Green,Blue,Green,Blue"
442,fine-tuned,"Blue,Orange,Green,Red,Red"
443,fine-tuned,"Red,Blue,Orange,Red"
444,fine-tuned,"Green,Red,Blue,Green,Red"
445,fine-tuned,"Blue,Green,Green,Red,Blue"
446,fine-tuned,"Red,Orange,Green,Orange"
447,fine-tuned,"Orange,Green,Red,Blue,Green,Red"
448,fine-tuned,"Blue,Red,Red,Orange,Green"
449,fine-tuned,"Green,Orange,Orange,Red"
450,fine-tuned,"Yellow,Orange,Green"
451,fine-tuned,"Blue,Green,Blue,Green"
452,fine-tuned,"Green,Red,Blue,Green,Green"
453,fine-tuned,"Green,Orange,Blue,Red"
454,fine-tuned,"Yellow,Green,Blue,Red,Red"
455,fine-tuned,"Blue,Red,Orange,Green,Green,Red"
456,fine-tuned,"Blue,Green,Red,Blue,Red,Orange"
457,fine-tuned,"Red,Green,Green,Blue,Blue"
458,fine-tuned,"Orange,Blue,Red,Green,Red"
459,fine-tuned,"Orange,Blue,Blue,Green,Red,Green"
460,fine-tuned,"Blue,Red,Red,Red,Green"
461,fine-tuned,"Purple,Blue,Green,Orange,Red"
462,fine-tuned,"Purple,Blue,Red,Blue,Green,Red"
463,fine-tuned,"Red,Orange,Red,Red"
464,fine-tuned,"Purple,Green,Blue,Orange,Green"
465,fine-tuned,"Red,Green,Green,Orange,Red,Blue"
466,fine-tuned,"Red,Green,Blue,Blue,Green"
467,fine-tuned,"Blue,Yellow,Purple,Green,Orange,Blue"
468,fine-tuned,"Yellow,Blue,Green,Blue,Red,Green"
469,fine-tuned,"Blue,Green,Blue,Red"
470,fine-tuned,"Orange,Blue,Green,Green,Green,Red"
471,fine-tuned,"Orange,Yellow,Purple,Green,Yellow,Green"
472,fine-tuned,"Green,Orange,Red,Blue,Red"
473,fine-tuned,"Green,Orange,Red,Orange,Blue"
474,fine-tuned,"Red,Orange,Orange,Blue"
475,fine-tuned,"Green,Blue,Red,Blue,Red"
476,fine-tuned,"Red,Green,Orange,Red,Blue"
477,fine-tuned,"Green,Purple,Yellow,Orange,Orange,Red"
478,fine-tuned,"Red,Orange,Red,Orange,Blue"
479,fine-tuned,"Blue,Green,Blue,Orange,Blue,Orange"
480,fine-tuned,"Green,Red,Blue,Blue,Red"
481,fine-tuned,"Red,Blue,Green,Blue,Red"
482,fine-tuned,"Orange,Green,Blue,Green,Blue"
483,fine-tuned,"Orange,Blue,Red,Red,Red"
484,fine-tuned,"Blue,Blue,Orange,Green,Orange"
485,fine-tuned,"Purple,Red,Orange,Blue,Red"
486,fine-tuned,"Red,Green,Blue,Orange,Green,Blue"
487,fine-tuned,"Blue,Green,Green,Red,Red,Red"
488,fine-tuned,"Blue,Orange,Red,Green,Red"
489,fine-tuned,"Blue,Orange,Orange,Green"
490,fine-tuned,"Red,Orange,Red"
491,fine-tuned,"Orange,Blue,Green,Green,Red,Blue"
492,fine-tuned,"Red,Green,Blue,Blue"
493,fine-tuned,"Green,Orange,Blue,Red"
494,fine-tuned,"Purple,Orange,Red,Green,Blue,Orange"
495,fine-tuned,"Yellow,Orange,Blue,Red,Green"
496,fine-tuned,"Red,Green,Orange,Blue,Green,Blue"
497,fine-tuned,"Blue,Red,Red,Blue"
498,fine-tuned,"Green,Red,Orange,Orange"
499,fine-tuned,"Green,Red,Blue,Green"
500,fine-tuned,"Blue,Red,Orange"
501,fine-tuned,"Yellow,Green,Red,Green,Blue,Green"
502,fine-tuned,"Green,Red,Orange,Orange"
503,fine-tuned,"Blue,Red,Red,Blue,Green"
504,fine-tuned,"Yellow,Red,Green,Red,Green"
505,fine-tuned,"Green,Red,Red,Red"
506,fine-tuned,"Blue,Red,Blue,Orange"
507,fine-tuned,"Yellow,Green,Red,Blue,Red,Green"
508,fine-tuned,"Blue,Orange,Green,Red,Orange"
509,fine-tuned,"Blue,Red,Blue,Green,Orange"
510,fine-tuned,"Red,Blue,Green,Blue"
511,fine-tuned,"Red,Orange,Orange,Blue,Blue"
512,fine-tuned,"Red,Green,Red"
513,fine-tuned,"Green,Orange,Red"
514,fine-tuned,"Yellow,Red,Blue,Orange,Red"
515,fine-tuned,"Purple,Orange,Blue,Green"
516,fine-tuned,"Blue,Red,Orange,Green,Red,Green"
517,fine-tuned,"Blue,Green,Red,Orange,Green"
518,fine-tuned,"Green,Red,Blue,Green,Orange,Green"
519,fine-tuned,"Green,Red,Green,Orange,Blue,Green"
520,fine-tuned,"Red,Orange,Red"
521,fine-tuned,"Green,Orange,Blue"
522,fine-tuned,"Blue,Orange,Red,Red,Green,Green"
523,fine-tuned,"Blue,Orange,Red,Green,Green,Blue"
524,fine-tuned,"Yellow,Green,Orange,Blue,Red"
525,fine-tuned,"Green,Blue,Orange,Red,Blue"
526,fine-tuned,"Red,Green,Orange,Blue"
527,fine-tuned,"Blue,Orange,Red,Green,Red,Green"
528,fine-tuned,"Blue,Red,Orange,Blue,Orange,Blue"
529,fine-tuned,"Green,Red,Orange,Blue,Green"
530,fine-tuned,"Blue,Green,Orange,Red,Red"
531,fine-tuned,"Green,Red,Red,Blue"
532,fine-tuned,"Red,Orange,Red,Red,Orange"
533,fine-tuned,"Yellow,Red,Orange,Orange,Green"
534,fine-tuned,"Yellow,Orange,Orange,Red,Red,Green"
535,fine-tuned,"Red,Red,Orange,Orange,Blue"
536,fine-tuned,"Green,Blue,Green,Blue,Orange,Red"
537,fine-tuned,"Green,Blue,Red,Red,Green"
538,fine-tuned,"Green,Red,Orange,Green,Orange"
539,fine-tuned,"Purple,Blue,Red,Green,Red,Red"
540,fine-tuned,"Red,Green,Green,Blue,Red"
541,fine-tuned,"Green,Blue,Red,Green"
542,fine-tuned,"Purple,Red,Orange,Red,Blue,Red"
543,fine-tuned,"Yellow,Red,Green,Blue,Red"
544,fine-tuned,"Red,Blue,Green,Orange,Orange,Green"
545,fine-tuned,"Yellow,Green,Red,Green,Red,Green"
546,fine-tuned,"Orange,Red,Blue,Red"
547,fine-tuned,"Blue,Green,Blue,Orange,Orange"
548,fine-tuned,"Yellow,Blue,Green,Red,Red"
549,fine-tuned,"Red,Orange,Blue,Orange"
550,fine-tuned,"Yellow,Red,Orange,Green,Green,Blue"
551,fine-tuned,"Green,Yellow,Purple,Purple,Blue,Orange"
552,fine-tuned,"Red,Orange,Red,Red"
553,fine-tuned,"Blue,Green,Green,Orange,Red,Orange"
554,fine-tuned,"Purple,Green,Green,Blue,Red,Green"
555,fine-tuned,"Green,Red,Blue,Green,Red,Orange"
556,fine-tuned,"Green,Orange,Blue,Red,Red"
557,fine-tuned,"Green,Red,Green,Green,Green,Blue"
558,fine-tuned,"Yellow,Red,Blue,Green,Orange,Red"
559,fine-tuned,"Red,Green,Orange,Blue"
560,fine-tuned,"Orange,Blue,Purple,Red,Red,Purple"
561,fine-tuned,"Green,Blue,Orange,Red,Blue"
562,fine-tuned,"Yellow,Orange,Blue,Blue,Green"
563,fine-tuned,"Green,Blue,Red,Blue,Green"
564,fine-tuned,"Orange,Blue,Green,Blue"
565,fine-tuned,"Orange,Green,Red,Orange"
566,fine-tuned,"Purple,Orange,Blue,Orange"
567,fine-tuned,"Blue,Green,Purple,Red,Yellow,Orange"
568,fine-tuned,"Orange,Blue,Red,Green,Green"
569,fine-tuned,"Yellow,Blue,Orange,Red"
570,fine-tuned,"Purple,Orange,Blue,Red,Green"
571,fine-tuned,"Red,Green,Red,Orange,Blue"
572,fine-tuned,"Blue,Green,Orange,Red,Blue,Green"
573,fine-tuned,"Blue,Blue,Blue,Green"
574,fine-tuned,"Green,Blue,Green,Red"
575,fine-tuned,"Green,Red,Blue,Red,Orange"
576,fine-tuned,"Red,Blue,Orange,Green,Blue,Orange"
577,fine-tuned,"Green,Orange,Blue,Red"
578,fine-tuned,"Orange,Green,Blue,Green,Yellow,Purple"
579,fine-tuned,"Yellow,Blue,Orange,Red,Red"
580,fine-tuned,"Red,Blue,Green,Green,Orange"
581,fine-tuned,"Red,Green,Green"
582,fine-tuned,"Orange,Red,Green,Blue,Green"
583,fine-tuned,"Blue,Orange,Orange,Red"
584,fine-tuned,"Yellow,Blue,Green,Blue,Red,Green"
585,fine-tuned,"Purple,Green,Red,Red,Orange"
586,fine-tuned,"Yellow,Blue,Red,Green,Red,Green"
587,fine-tuned,"Green,Orange,Blue,Red"
588,fine-tuned,"Red,Blue,Orange,Green"
589,fine-tuned,"Orange,Green,Blue,Orange"
590,fine-tuned,"Blue,Red,Green,Orange,Red"
591,fine-tuned,"Purple,Orange,Orange"
592,fine-tuned,"Green,Red,Red,Orange,Red"
593,fine-tuned,"Green,Red,Blue,Blue,Green,Green"
594,fine-tuned,"Blue,Green,Orange,Green"
595,fine-tuned,"Blue,Red,Green,Red,Orange"
596,fine-tuned,"Blue,Orange,Green,Green,Blue"
597,fine-tuned,"Blue,Green,Green,Red,Green,Blue"
598,fine-tuned,"Blue,Orange,Blue,Blue,Orange,Green"
599,fine-tuned,"Purple,Blue,Red,Red,Green"
600,fine-tuned,"Red,Blue,Green,Orange,Blue"
601,fine-tuned,"Orange,Blue,Red,Green,Blue,Green"
602,fine-tuned,"Red,Blue,Orange,Red,Blue,Orange"
603,fine-tuned,"Blue,Orange,Red,Orange"
604,fine-tuned,"Green,Red,Green,Red"
605,fine-tuned,"Blue,Orange,Green,Red,Red"
606,fine-tuned,"Orange,Blue,Red,Green,Red,Red"
607,fine-tuned,"Blue,Green,Orange,Blue"
608,fine-tuned,"Yellow,Blue,Blue,Green,Green,Red"
609,fine-tuned,"Yellow,Green,Blue,Orange,Red,Red"
610,fine-tuned,"Yellow,Orange,Green,Blue,Green"
611,fine-tuned,"Green,Blue,Red"
612,fine-tuned,"Orange,Green,Red,Red,Orange,Green"
613,fine-tuned,"Purple,Green,Blue,Red,Blue"
614,fine-tuned,"Yellow,Green,Red,Orange,Orange,Red"
615,fine-tuned,"Yellow,Blue,Orange,Red,Green,Orange"
616,fine-tuned,"Blue,Green,Green,Blue,Red,Orange"
617,fine-tuned,"Yellow,Orange,Blue,Blue,Green"
618,fine-tuned,"Green,Orange,Green,Red,Blue"
619,fine-tuned,"Orange,Blue,Orange,Blue,Green"
620,fine-tuned,"Orange,Blue,Green,Orange,Purple,Green"
621,fine-tuned,"Purple,Green,Red,Blue,Orange"
622,fine-tuned,"Yellow,Blue,Red,Green,Red,Blue"
623,fine-tuned,"Yellow,Green,Orange,Blue,Red"
624,fine-tuned,"Yellow,Green,Blue,Red,Red,Green"
625,fine-tuned,"Blue,Green,Blue,Green,Red,Blue"
626,fine-tuned,"Red,Green,Red,Orange,Blue,Green"
627,fine-tuned,"Green,Blue,Red,Green,Orange"
628,fine-tuned,"Orange,Red,Green,Red"
629,fine-tuned,"Blue,Orange,Red,Green,Green,Blue"
630,fine-tuned,"Red,Orange,Red,Orange"
631,fine-tuned,"Red,Orange,Green,Blue,Green,Blue"
632,fine-tuned,"Yellow,Red,Green,Red,Blue,Green"
633,fine-tuned,"Red,Green,Red,Blue,Red"
634,fine-tuned,"Blue,Orange,Red,Red,Red,Green"
635,fine-tuned,"Purple,Orange,Green,Blue,Red,Blue"
636,fine-tuned,"Blue,Green,Green,Red,Orange,Red"
637,fine-tuned,"Blue,Green,Green,Orange"
638,fine-tuned,"Blue,Orange,Green,Green,Green"
639,fine-tuned,"Red,Orange,Red,Green"
640,fine-tuned,"Yellow,Blue,Orange,Red,Red,Red"
641,fine-tuned,"Yellow,Blue,Red,Orange,Green,Blue"
642,fine-tuned,"Red,Red,Blue,Green"
643,fine-tuned,"Yellow,Green,Red,Orange"
644,fine-tuned,"Red,Orange,Blue,Green,Orange"
645,fine-tuned,"Red,Green,Red,Red,Blue"
646,fine-tuned,"Yellow,Green,Blue,Blue,Red,Green"
647,fine-tuned,"Red,Blue,Green,Red"
648,fine-tuned,"Orange,Green,Green,Red,Blue,Green"
649,fine-tuned,"Orange,Blue,Red,Green,Blue,Orange"
650,fine-tuned,"Green,Red,Blue,Blue,Red"
651,fine-tuned,"Blue,Red,Red,Orange"
652,fine-tuned,"Blue,Orange,Blue,Orange,Green,Red"
653,fine-tuned,"Red,Green,Orange,Green"
654,fine-tuned,"Green,Blue,Yellow,Red,Green,Purple"
655,fine-tuned,"Blue,Yellow,Red,Yellow,Purple,Blue"
656,fine-tuned,"Yellow,Blue,Orange,Red,Blue"
657,fine-tuned,"Red,Orange,Blue,Green"
658,fine-tuned,"Purple,Orange,Blue,Blue,Green,Green"
659,fine-tuned,"Yellow,Green,Green,Red,Orange,Green"
660,fine-tuned,"Green,Red,Red,Orange,Red"
661,fine-tuned,"Orange,Purple,Red,Green,Green,Orange"
662,fine-tuned,"Blue,Green,Red,Red,Blue"
663,fine-tuned,"Blue,Green,Red,Green,Blue"
664,fine-tuned,"Blue,Orange,Green,Red,Green"
665,fine-tuned,"Yellow,Orange,Green,Blue,Red,Blue"
666,fine-tuned,"Green,Yellow,Orange,Blue,Green,Orange"
667,fine-tuned,"Orange,Green,Blue,Purple,Green,Red"
668,fine-tuned,"Green,Red,Blue,Green,Green,Red"
669,fine-tuned,"Blue,Green,Green,Red,Red"
670,fine-tuned,"Blue,Red,Red,Orange"
671,fine-tuned,"Blue,Red,Orange,Orange,Green,Blue"
672,fine-tuned,"Red,Green,Orange,Blue,Blue,Green"
673,fine-tuned,"Orange,Purple,Blue,Green,Red,Yellow"
674,fine-tuned,"Yellow,Red,Orange,Green,Green,Red"
675,fine-tuned,"Green,Blue,Red,Blue,Blue"
676,fine-tuned,"Orange,Blue,Orange,Orange"
677,fine-tuned,"Yellow,Red,Blue,Blue"
678,fine-tuned,"Blue,Orange,Green,Red"
679,fine-tuned,"Red,Green,Orange"
680,fine-tuned,"Red,Green,Orange,Blue,Green"
681,fine-tuned,"Blue,Orange,Green,Red,Green,Blue"
682,fine-tuned,"Blue,Red,Green,Red"
683,fine-tuned,"Red,Green,Green,Blue,Orange"
684,fine-tuned,"Yellow,Orange,Green,Blue,Blue"
685,fine-tuned,"Blue,Red,Orange,Green"
686,fine-tuned,"Blue,Red,Blue,Green"
687,fine-tuned,"Green,Blue,Green,Red,Green"
688,fine-tuned,"Green,Blue,Orange,Green,Purple,Yellow"
689,fine-tuned,"Orange,Blue,Green,Red,Blue,Green"
690,fine-tuned,"Blue,Orange,Red"
691,fine-tuned,"Orange,Green,Blue,Yellow,Purple,Red"
692,fine-tuned,"Blue,Red,Orange,Red"
693,fine-tuned,"Orange,Blue,Red"
694,fine-tuned,"Red,Orange,Red,Orange"
695,fine-tuned,"Yellow,Green,Red,Orange,Red,Blue"
696,fine-tuned,"Blue,Red,Orange,Blue,Red,Blue"
697,fine-tuned,"Yellow,Orange,Red,Blue,Green"
698,fine-tuned,"Orange,Red,Blue,Orange,Blue"
699,fine-tuned,"Purple,Green,Red,Blue,Red"
700,fine-tuned,"Blue,Orange,Red,Green"
701,fine-tuned,"Red,Orange,Red,Red,Green,Red"
702,fine-tuned,"Blue,Orange,Red"
703,fine-tuned,"Green,Blue,Orange,Orange,Red"
704,fine-tuned,"Green,Orange,Red,Red,Blue"
705,fine-tuned,"Green,Orange,Blue,Red,Green,Red"
706,fine-tuned,"Purple,Orange,Green,Blue,Red,Green"
707,fine-tuned,"Purple,Blue,Red,Orange,Green,Blue"
708,fine-tuned,"Green,Blue,Green,Orange"
709,fine-tuned,"Blue,Orange,Blue,Green,Red"
710,fine-tuned,"Blue,Green,Red,Blue,Orange,Orange"
711,fine-tuned,"Red,Red,Green,Green,Orange,Red"
712,fine-tuned,"Purple,Blue,Green,Green,Orange,Blue"
713,fine-tuned,"Yellow,Green,Orange,Orange,Red"
714,fine-tuned,"Green,Orange,Red,Green,Green"
715,fine-tuned,"Orange,Red,Green,Blue,Green"
716,fine-tuned,"Green,Orange,Blue,Red,Blue"
717,fine-tuned,"Green,Blue,Green,Red,Orange"
718,fine-tuned,"Green,Red,Red,Blue"
719,fine-tuned,"Blue,Green,Red,Orange"
720,fine-tuned,"Green,Green,Red,Red"
721,fine-tuned,"Red,Blue,Orange,Green,Red,Blue"
722,fine-tuned,"Red,Orange,Green,Red"
723,fine-tuned,"Green,Red,Blue,Orange,Red"
724,fine-tuned,"Red,Orange,Green,Green"
725,fine-tuned,"Yellow,Orange,Green,Blue"
726,fine-tuned,"Orange,Red,Blue,Green,Red,Blue"
727,fine-tuned,"Yellow,Green,Blue,Orange,Green,Red"
728,fine-tuned,"Blue,Orange,Blue,Red,Blue,Red"
729,fine-tuned,"Yellow,Red,Green,Red,Green"
730,fine-tuned,"Purple,Green,Blue,Orange,Red"
731,fine-tuned,"Yellow,Red,Green,Blue,Orange"
732,fine-tuned,"Green,Orange,Orange,Blue,Green,Blue"
733,fine-tuned,"Green,Blue,Red,Orange,Red,Green"
734,fine-tuned,"Orange,Red,Red,Orange"
735,fine-tuned,"Green,Red,Green,Red,Blue,Green"
736,fine-tuned,"Orange,Blue,Green,Red,Red"
737,fine-tuned,"Blue,Red,Red,Orange,Blue,Green"
738,fine-tuned,"Red,Green,Blue,Orange,Green"
739,fine-tuned,"Green,Blue,Green,Orange"
740,fine-tuned,"Blue,Green,Red,Red,Green"
741,fine-tuned,"Blue,Green,Orange,Red,Blue,Red"
742,fine-tuned,"Yellow,Green,Blue,Blue,Red,Blue"
743,fine-tuned,"Green,Orange,Blue,Red,Red"
744,fine-tuned,"Blue,Red,Orange,Green"
745,fine-tuned,"Red,Blue,Red,Green,Green"
746,fine-tuned,"Red,Blue,Green,Blue,Orange,Blue"
747,fine-tuned,"Blue,Orange,Green,Red,Blue,Green"
748,fine-tuned,"Yellow,Green,Red,Green"
749,fine-tuned,"Green,Orange,Blue,Red,Blue"
750,fine-tuned,"Orange,Green,Purple,Blue,Yellow,Red"
751,fine-tuned,"Orange,Blue,Green,Green,Red"
752,fine-tuned,"Yellow,Green,Orange,Red,Blue,Orange"
753,fine-tuned,"Yellow,Blue,Green,Red,Orange,Red"
754,fine-tuned,"Green,Blue,Orange,Green,Orange"
755,fine-tuned,"Red,Red,Blue,Red,Blue"
756,fine-tuned,"Yellow,Blue,Blue,Orange,Red"
757,fine-tuned,"Green,Blue,Orange,Red,Red,Green"
758,fine-tuned,"Green,Red,Green,Red,Red"
759,fine-tuned,"Blue,Orange,Green,Orange,Green"
760,fine-tuned,"Blue,Red,Green,Green,Red"
761,fine-tuned,"Green,Red,Green,Green,Blue"
762,fine-tuned,"Blue,Green,Orange,Blue,Orange,Red"
763,fine-tuned,"Purple,Red,Blue,Green,Green,Green"
764,fine-tuned,"Green,Blue,Green"
765,fine-tuned,"Red,Green,Orange,Blue"
766,fine-tuned,"Red,Orange,Orange,Green"
767,fine-tuned,"Purple,Red,Green,Red,Orange"
768,fine-tuned,"Orange,Green,Green,Blue,Green"
769,fine-tuned,"Blue,Green,Red,Orange"
770,fine-tuned,"Green,Orange,Blue,Red"
771,fine-tuned,"Red,Red,Orange,Green,Orange"
772,fine-tuned,"Blue,Green,Red,Orange,Red"
773,fine-tuned,"Purple,Blue,Red,Green,Orange,Green"
774,fine-tuned,"Red,Orange,Red,Orange"
775,fine-tuned,"Red,Blue,Green,Red,Green,Red"
776,fine-tuned,"Green,Red,Orange,Red,Blue,Red"
777,fine-tuned,"Green,Red,Blue,Blue,Green,Orange"
778,fine-tuned,"Blue,Green,Orange,Red,Red,Orange"
779,fine-tuned,"Purple,Red,Orange,Red,Green"
780,fine-tuned,"Blue,Orange,Green,Green,Red"
781,fine-tuned,"Orange,Green,Green"
782,fine-tuned,"Red,Green,Red,Green,Green"
783,fine-tuned,"Purple,Orange,Blue,Orange,Green,Red"
784,fine-tuned,"Red,Green,Blue,Green"
785,fine-tuned,"Blue,Green,Green,Red"
786,fine-tuned,"Purple,Orange,Green,Blue,Green,Red"
787,fine-tuned,"Blue,Orange,Red,Orange,Red"
788,fine-tuned,"Green,Red,Orange,Red,Orange"
789,fine-tuned,"Green,Red,Blue,Orange,Red,Green"
790,fine-tuned,"Yellow,Orange,Red,Blue,Green"
791,fine-tuned,"Blue,Red,Orange,Green"
792,fine-tuned,"Orange,Green,Red,Blue,Red"
793,fine-tuned,"Green,Orange,Blue,Blue,Red"
794,fine-tuned,"Blue,Orange,Orange,Green"
795,fine-tuned,"Blue,Green,Green,Red,Red"
796,fine-tuned,"Red,Orange,Green,Green"
797,fine-tuned,"Orange,Red,Green,Red,Blue"
798,fine-tuned,"Red,Orange,Green,Green"
799,fine-tuned,"Red,Blue,Orange,Red,Green"
800,fine-tuned,"Red,Green,Orange,Blue,Red,Blue"
801,fine-tuned,"Orange,Green,Blue,Blue,Red"
802,fine-tuned,"Green,Orange,Red,Red,Green"
803,fine-tuned,"Purple,Red,Orange,Green,Blue"
804,fine-tuned,"Yellow,Blue,Blue,Blue,Orange,Green"
805,fine-tuned,"Blue,Green,Red,Orange,Green,Red"
806,fine-tuned,"Orange,Yellow,Green,Yellow,Purple,Blue"
807,fine-tuned,"Green,Blue,Orange,Red,Red,Red"
808,fine-tuned,"Red,Blue,Red,Orange,Green,Green"
809,fine-tuned,"Yellow,Blue,Orange,Red"
810,fine-tuned,"Red,Blue,Green,Green,Red"
811,fine-tuned,"Red,Green,Orange,Red,Orange"
812,fine-tuned,"Red,Orange,Blue,Green,Blue,Red"
813,fine-tuned,"Blue,Red,Green,Green,Orange"
814,fine-tuned,"Yellow,Orange,Blue,Red"
815,fine-tuned,"Blue,Orange,Green,Green,Green,Green"
816,fine-tuned,"Blue,Red,Red,Orange,Red"
817,fine-tuned,"Red,Orange,Green,Orange,Green,Green"
818,fine-tuned,"Green,Blue,Orange,Red,Red,Orange"
819,fine-tuned,"Blue,Orange,Green,Blue,Green,Blue"
820,fine-tuned,"Yellow,Orange,Blue,Green,Green,Blue"
821,fine-tuned,"Green,Blue,Green,Blue,Green"
822,fine-tuned,"Yellow,Blue,Orange,Green"
823,fine-tuned,"Yellow,Green,Red,Blue,Blue"
824,fine-tuned,"Purple,Blue,Red,Orange,Red,Green"
825,fine-tuned,"Green,Blue,Orange,Red,Red"
826,fine-tuned,"Blue,Green,Yellow,Red,Orange,Yellow"
827,fine-tuned,"Blue,Red,Red,Orange,Orange,Green"
828,fine-tuned,"Red,Red,Green,Green"
829,fine-tuned,"Blue,Red,Green,Red,Blue,Red"
830,fine-tuned,"Red,Orange,Green,Blue,Green,Red"
831,fine-tuned,"Yellow,Blue,Green,Orange,Green,Red"
832,fine-tuned,"Blue,Green,Red,Red"
833,fine-tuned,"Blue,Orange,Green,Blue"
834,fine-tuned,"Yellow,Green,Orange,Red,Red,Blue"
835,fine-tuned,"Orange,Green,Red,Blue"
836,fine-tuned,"Purple,Orange,Blue,Blue,Green"
837,fine-tuned,"Red,Blue,Green,Green,Red"
838,fine-tuned,"Blue,Red,Blue,Green,Red"
839,fine-tuned,"Red,Green,Green,Orange"
840,fine-tuned,"Red,Blue,Green,Orange,Red"
841,fine-tuned,"Blue,Red,Red,Red"
842,fine-tuned,"Orange,Red,Orange,Green"
843,fine-tuned,"Yellow,Blue,Orange,Blue"
844,fine-tuned,"Red,Blue,Red,Green,Blue"
845,fine-tuned,"Green,Red,Red,Blue"
846,fine-tuned,"Purple,Green,Red,Orange,Red,Blue"
847,fine-tuned,"Orange,Green,Purple,Blue,Red,Blue"
848,fine-tuned,"Blue,Green,Red,Red,Red,Red"
849,fine-tuned,"Green,Red,Orange,Blue,Green,Red"
850,fine-tuned,"Blue,Orange,Green,Blue,Red"
851,fine-tuned,"Blue,Red,Red,Green,Red"
852,fine-tuned,"Blue,Red,Orange,Red,Green"
853,fine-tuned,"Purple,Green,Red,Red,Blue"
854,fine-tuned,"Purple,Green,Green,Blue"
855,fine-tuned,"Purple,Orange,Blue,Blue,Green,Red"
856,fine-tuned,"Yellow,Blue,Green,Red,Green,Orange"
857,fine-tuned,"Green,Orange,Red,Red,Blue,Red"
858,fine-tuned,"Yellow,Red,Green,Blue,Blue,Green"
859,fine-tuned,"Blue,Blue,Red,Red,Red,Orange"
860,fine-tuned,"Green,Orange,Red,Blue,Green"
861,fine-tuned,"Orange,Green,Red,Green"
862,fine-tuned,"Orange,Red,Purple,Red,Purple,Green"
863,fine-tuned,"Purple,Green,Orange,Green"
864,fine-tuned,"Yellow,Blue,Orange,Green,Blue"
865,fine-tuned,"Yellow,Red,Blue"
866,fine-tuned,"Orange,Yellow,Red,Purple,Blue,Red"
867,fine-tuned,"Yellow,Red,Blue,Blue,Orange"
868,fine-tuned,"Red,Green,Red,Blue"
869,fine-tuned,"Purple,Green,Red,Green,Blue"
870,fine-tuned,"Green,Blue,Red,Orange,Red,Blue"
871,fine-tuned,"Purple,Green,Orange,Blue,Green,Red"
872,fine-tuned,"Red,Green,Blue,Orange,Blue,Green"
873,fine-tuned,"Blue,Red,Blue,Green"
874,fine-tuned,"Blue,Green,Blue,Orange,Green,Orange"
875,fine-tuned,"Yellow,Red,Blue,Green,Orange,Red"
876,fine-tuned,"Blue,Orange,Red,Green,Red"
877,fine-tuned,"Blue,Orange,Red,Green,Red"
878,fine-tuned,"Red,Blue,Green,Red,Green"
879,fine-tuned,"Orange,Green,Orange,Green,Red,Red"
880,fine-tuned,"Purple,Orange,Green,Green,Red"
881,fine-tuned,"Red,Green,Red,Orange,Blue,Red"
882,fine-tuned,"Purple,Blue,Red,Red,Green"
883,fine-tuned,"Yellow,Green,Blue,Red,Red,Orange"
884,fine-tuned,"Green,Orange,Blue"
885,fine-tuned,"Purple,Blue,Orange,Blue,Green,Green"
886,fine-tuned,"Blue,Orange,Red,Green,Red,Blue"
887,fine-tuned,"Red,Orange,Red,Green"
888,fine-tuned,"Yellow,Blue,Orange,Red,Blue,Red"
889,fine-tuned,"Red,Green,Green,Green"
890,fine-tuned,"Yellow,Green,Red,Blue,Blue"
891,fine-tuned,"Orange,Blue,Red,Red,Blue,Green"
892,fine-tuned,"Blue,Orange,Green,Red,Green"
893,fine-tuned,"Blue,Red,Orange,Green,Red,Orange"
894,fine-tuned,"Green,Red,Green"
895,fine-tuned,"Orange,Green,Blue,Red,Red"
896,fine-tuned,"Orange,Yellow,Orange,Purple,Blue,Yellow"
897,fine-tuned,"Green,Red,Blue,Red,Orange"
898,fine-tuned,"Green,Red,Blue,Blue,Red,Orange"
899,fine-tuned,"Blue,Green,Orange,Red"
900,fine-tuned,"Red,Green,Orange,Blue,Orange,Green"
901,fine-tuned,"Orange,Red,Orange,Green"
902,fine-tuned,"Orange,Blue,Red"
903,fine-tuned,"Orange,Green,Red,Purple,Green,Red"
904,fine-tuned,"Blue,Red,Green,Green,Orange"
905,fine-tuned,"Purple,Red,Red,Orange"
906,fine-tuned,"Yellow,Orange,Green"
907,fine-tuned,"Green,Red,Blue,Red,Blue,Orange"
908,fine-tuned,"Green,Blue,Green,Orange"
909,fine-tuned,"Blue,Orange,Red,Green,Blue,Green"
910,fine-tuned,"Blue,Green,Red,Red,Green,Red"
911,fine-tuned,"Red,Orange,Green,Orange,Red,Red"
912,fine-tuned,"Blue,Orange,Green,Red,Green"
913,fine-tuned,"Yellow,Blue,Green,Green,Orange,Red"
914,fine-tuned,"Orange,Red,Green,Green,Red"
915,fine-tuned,"Orange,Green,Green,Blue,Blue,Orange"
916,fine-tuned,"Yellow,Red,Blue,Orange,Green"
917,fine-tuned,"Green,Blue,Red,Orange"
918,fine-tuned,"Yellow,Green,Red,Red,Green,Blue"
919,fine-tuned,"Blue,Green,Orange,Blue,Red"
920,fine-tuned,"Green,Red,Blue,Green"
921,fine-tuned,"Red,Orange,Blue,Red"
922,fine-tuned,"Orange,Blue"
923,fine-tuned,"Blue,Red,Green,Green,Green"
924,fine-tuned,"Yellow,Green,Blue,Red,Orange"
925,fine-tuned,"Green,Blue,Red,Green,Blue,Orange"
926,fine-tuned,"Red,Green,Green,Red,Red"
927,fine-tuned,"Red,Orange,Blue,Green,Blue,Green"
928,fine-tuned,"Red,Orange,Orange,Green,Red"
929,fine-tuned,"Purple,Green,Red,Orange,Red,Green"
930,fine-tuned,"Blue,Orange,Red,Green,Blue,Green"
931,fine-tuned,"Orange,Green,Orange,Blue,Red,Blue"
932,fine-tuned,"Green,Red,Blue,Red,Green"
933,fine-tuned,"Red,Green,Orange,Red,Orange"
934,fine-tuned,"Orange,Red,Blue,Green,Red,Green"
935,fine-tuned,"Red,Blue,Green,Blue,Orange"
936,fine-tuned,"Red,Orange,Blue,Green"
937,fine-tuned,"Blue,Blue,Green"
938,fine-tuned,"Yellow,Green,Green,Blue,Blue,Orange"
939,fine-tuned,"Orange,Green,Blue,Purple,Blue,Purple"
940,fine-tuned,"Yellow,Blue,Green,Orange,Blue"
941,fine-tuned,"Yellow,Red,Blue,Red,Red,Red"
942,fine-tuned,"Red,Blue,Orange,Blue,Red"
943,fine-tuned,"Blue,Red,Blue,Red,Red"
944,fine-tuned,"Blue,Red,Red"
945,fine-tuned,"Green,Orange,Red,Blue,Blue,Blue"
946,fine-tuned,"Purple,Orange,Blue,Red,Blue,Blue"
947,fine-tuned,"Yellow,Orange,Red,Blue,Red,Blue"
948,fine-tuned,"Purple,Red,Blue,Orange,Red,Green"
949,fine-tuned,"Blue,Orange,Blue,Red,Green"
950,fine-tuned,"Red,Blue,Orange,Blue,Blue,Orange"
951,fine-tuned,"Red,Blue,Green,Red,Green"
952,fine-tuned,"Red,Blue,Orange,Green,Green,Green"
953,fine-tuned,"Yellow,Blue,Red,Red,Red"
954,fine-tuned,"Red,Green,Blue,Red,Red,Green"
955,fine-tuned,"Red,Orange,Green,Red,Blue,Red"
956,fine-tuned,"Red,Orange,Green,Green,Red,Blue"
957,fine-tuned,"Yellow,Red,Orange,Blue,Red"
958,fine-tuned,"Green,Red,Blue,Green,Orange,Green"
959,fine-tuned,"Blue,Red,Green,Orange,Red,Blue"
960,fine-tuned,"Red,Green,Blue,Blue,Red"
961,fine-tuned,"Blue,Green,Orange,Red,Red,Orange"
962,fine-tuned,"Green,Blue,Orange,Orange,Red,Blue"
963,fine-tuned,"Blue,Red,Orange,Green,Orange"
964,fine-tuned,"Yellow,Green,Red,Red,Blue,Red"
965,fine-tuned,"Yellow,Green,Red,Red,Blue,Red"
966,fine-tuned,"Orange,Yellow,Green,Yellow,Blue,Red"
967,fine-tuned,"Blue,Red,Orange,Blue,Green"
968,fine-tuned,"Blue,Orange,Blue,Red,Green,Green"
969,fine-tuned,"Red,Red,Red"
970,fine-tuned,"Yellow,Red,Green,Orange,Blue"
971,fine-tuned,"Purple,Green,Blue,Red,Orange"
972,fine-tuned,"Orange,Blue,Green,Blue,Red"
973,fine-tuned,"Red,Green,Blue,Orange,Green,Red"
974,fine-tuned,"Green,Red,Red,Blue,Blue"
975,fine-tuned,"Yellow,Orange,Blue,Red,Blue,Red"
976,fine-tuned,"Blue,Orange,Green,Blue,Red,Orange"
977,fine-tuned,"Purple,Green,Red,Red,Red,Red"
978,fine-tuned,"Orange,Green"
979,fine-tuned,"Purple,Red,Green,Blue,Blue,Red"
980,fine-tuned,"Red,Blue,Blue,Green,Red"
981,fine-tuned,"Blue,Orange,Green,Red,Green,Blue"
982,fine-tuned,"Orange,Green,Green"
983,fine-tuned,"Yellow,Blue,Green,Red,Orange"
984,fine-tuned,"Blue,Orange,Green,Orange,Orange,Green"
985,fine-tuned,"Yellow,Red,Orange,Blue,Blue,Green"
986,fine-tuned,"Green,Blue,Red,Orange,Orange,Red"
987,fine-tuned,"Purple,Orange,Blue,Green,Orange,Red"
988,fine-tuned,"Green,Blue,Red,Red"
989,fine-tuned,"Purple,Orange,Blue,Blue"
990,fine-tuned,"Green,Blue,Orange,Blue,Orange,Red"
991,fine-tuned,"Yellow,Red,Green,Red"
992,fine-tuned,"Yellow,Green,Green,Orange,Red,Blue"
993,fine-tuned,"Yellow,Orange,Green,Blue,Green,Red"
994,fine-tuned,"Purple,Orange,Green,Blue,Green"
995,fine-tuned,"Yellow,Blue,Red,Red,Green,Red"
996,fine-tuned,"Red,Green,Red,Blue,Orange,Orange"
997,fine-tuned,"Green,Blue,Orange,Blue"
998,fine-tuned,"Yellow,Red,Green,Red,Green,Orange"
999,fine-tuned,"Orange,Green,Orange,Red,Orange,Red"
1000,fine-tuned,"Yellow,Green,Orange,Green,Red,Red"
1001,fine-tuned,"Blue,Red,Red,Blue,Green,Orange"
1002,fine-tuned,"Blue,Orange,Red,Orange,Green"
1003,fine-tuned,"Blue,Green,Orange,Green,Blue,Red"
1004,fine-tuned,"Green,Orange,Blue,Red,Blue"
1005,fine-tuned,"Blue,Orange,Green,Orange,Green,Red"
1006,fine-tuned,"Purple,Orange,Green,Orange,Green,Blue"
1007,fine-tuned,"Red,Orange,Green,Red"
1008,fine-tuned,"Red,Orange,Green,Orange,Red,Red"
1009,fine-tuned,"Red,Green,Blue,Green,Blue,Orange"
1010,fine-tuned,"Blue,Green,Orange,Blue,Red,Green"
1011,fine-tuned,"Red,Green,Blue,Orange,Blue"
1012,fine-tuned,"Red,Orange,Orange,Red"
1013,fine-tuned,"Green,Blue,Red,Red,Green,Green"
1014,fine-tuned,"Orange,Green,Red,Red,Blue,Red"
1015,fine-tuned,"Blue,Green,Green,Green,Blue,Orange"
1016,fine-tuned,"Blue,Green,Red,Red,Purple,Yellow"
1017,fine-tuned,"Yellow,Orange,Blue,Red,Blue"
1018,fine-tuned,"Yellow,Blue,Green,Blue,Green"
1019,fine-tuned,"Blue,Red,Red,Green,Orange"
1020,fine-tuned,"Red,Green,Blue,Red,Orange"
1021,fine-tuned,"Red,Green,Orange,Blue,Orange,Red"
1022,fine-tuned,"Blue,Orange,Red,Orange"
1023,fine-tuned,"Blue,Orange,Blue,Red,Green,Orange"
1024,fine-tuned,"Blue,Orange,Red,Blue"
1025,fine-tuned,"Red,Orange,Blue,Green"
1026,fine-tuned,"Blue,Red"
1027,fine-tuned,"Green,Orange,Blue,Blue,Blue"
1028,fine-tuned,"Blue,Green,Blue,Orange,Green"
1029,fine-tuned,"Orange,Blue,Blue,Orange"
1030,fine-tuned,"Yellow,Green,Green,Red,Orange"
1031,fine-tuned,"Orange,Red,Green,Blue,Green"
1032,fine-tuned,"Blue,Green,Orange,Blue,Orange"
1033,fine-tuned,"Green,Orange,Blue,Red,Red,Green"
1034,fine-tuned,"Blue,Green,Red,Blue,Red,Red"
1035,fine-tuned,"Blue,Green,Green,Green,Blue"
1036,fine-tuned,"Green,Orange,Red,Blue,Blue"
1037,fine-tuned,"Green,Blue,Orange,Blue,Red,Green"
1038,fine-tuned,"Blue,Orange,Red,Blue,Green,Orange"
1039,fine-tuned,"Red,Green,Green,Orange,Red,Orange"
1040,fine-tuned,"Blue,Green,Red,Green,Orange"
1041,fine-tuned,"Red,Blue,Orange,Orange,Green,Green"
1042,fine-tuned,"Orange,Purple,Yellow,Red,Blue,Purple"
1043,fine-tuned,"Yellow,Green,Blue,Orange,Blue,Red"
1044,fine-tuned,"Green,Red,Red,Red,Red"
1045,fine-tuned,"Purple,Blue,Red"
1046,fine-tuned,"Red,Green,Green,Blue,Blue"
1047,fine-tuned,"Blue,Orange,Green,Green,Red,Blue"
1048,fine-tuned,"Red,Blue,Green,Green,Red,Orange"
1049,fine-tuned,"Orange,Blue,Green,Red"
1050,fine-tuned,"Blue,Red,Orange,Red,Green,Red"
1051,fine-tuned,"Orange,Blue,Green,Red,Green,Red"
1052,fine-tuned,"Green,Orange,Blue,Green,Red"
1053,fine-tuned,"Purple,Blue,Green,Orange"
1054,fine-tuned,"Red,Red,Blue,Orange,Red"
1055,fine-tuned,"Orange,Green,Blue,Green,Red"
1056,fine-tuned,"Orange,Green,Purple,Yellow,Green,Blue"
1057,fine-tuned,"Red,Blue,Orange,Green"
1058,fine-tuned,"Orange,Blue,Green,Green,Blue,Yellow"
1059,fine-tuned,"Orange,Blue,Yellow,Blue,Orange,Purple"
1060,fine-tuned,"Blue,Orange,Blue,Red,Orange"
1061,fine-tuned,"Green,Orange,Blue,Red,Orange"
1062,fine-tuned,"Green,Blue,Red,Red,Orange"
1063,fine-tuned,"Green,Red,Blue,Red,Orange"
1064,fine-tuned,"Orange,Blue,Green,Red,Orange"
1065,fine-tuned,"Blue,Orange,Red,Red,Red,Green"
1066,fine-tuned,"Red,Green,Green,Orange,Red,Green"
1067,fine-tuned,"Blue,Blue,Green,Green"
1068,fine-tuned,"Yellow,Green,Orange,Orange,Blue"
1069,fine-tuned,"Red,Blue,Green,Green,Orange,Red"
1070,fine-tuned,"Yellow,Green,Blue,Orange,Green,Orange"
1071,fine-tuned,"Purple,Green,Green,Orange,Blue"
1072,fine-tuned,"Purple,Green,Orange,Red,Blue,Green"
1073,fine-tuned,"Orange,Red,Green,Blue"
1074,fine-tuned,"Blue,Orange,Blue,Green"
1075,fine-tuned,"Green,Purple,Yellow,Purple,Green,Blue"
1076,fine-tuned,"Red,Orange,Blue,Green"
1077,fine-tuned,"Green,Orange,Red,Green,Blue"
1078,fine-tuned,"Yellow,Orange,Green,Red,Green"
1079,fine-tuned,"Red,Red,Orange,Green,Blue"
1080,fine-tuned,"Blue,Orange,Red,Green,Red"
1081,fine-tuned,"Green,Green,Red,Blue,Green,Blue"
1082,fine-tuned,"Purple,Orange,Red,Blue"
1083,fine-tuned,"Blue,Orange,Red,Orange,Blue"
1084,fine-tuned,"Green,Blue,Orange,Red,Green"
1085,fine-tuned,"Blue,Orange,Orange,Blue,Orange,Green"
1086,fine-tuned,"Blue,Green,Red,Red,Blue,Red"
1087,fine-tuned,"Green,Orange,Blue,Blue,Red"
1088,fine-tuned,"Blue,Green,Red,Green,Blue,Red"
1089,fine-tuned,"Red,Red,Orange,Red"
1090,fine-tuned,"Yellow,Orange,Blue,Red,Red"
1091,fine-tuned,"Purple,Red,Green,Green,Red"
1092,fine-tuned,"Blue,Red,Orange,Green,Green"
1093,fine-tuned,"Green,Red,Blue,Green,Orange"
1094,fine-tuned,"Red,Green,Blue,Red,Orange"
1095,fine-tuned,"Yellow,Orange,Green,Orange,Blue,Blue"
1096,fine-tuned,"Yellow,Green,Orange,Blue"
1097,fine-tuned,"Yellow,Green,Green,Red"
1098,fine-tuned,"Red,Red,Green,Red,Orange,Orange"
1099,fine-tuned,"Yellow,Green,Orange,Orange"
1100,fine-tuned,"Red,Red,Red,Blue"
1101,fine-tuned,"Red,Red,Red,Blue,Red"
1102,fine-tuned,"Green,Red,Red,Green,Red"
1103,fine-tuned,"Red,Orange,Green,Blue,Orange,Green"
1104,fine-tuned,"Yellow,Green,Blue,Red,Orange,Orange"
1105,fine-tuned,"Red,Red,Orange,Green"
1106,fine-tuned,"Red,Blue,Green,Green,Red"
1107,fine-tuned,"Yellow,Blue,Red,Orange,Blue,Green"
1108,fine-tuned,"Green,Blue,Red,Red"
1109,fine-tuned,"Green,Orange,Orange,Blue,Red"
1110,fine-tuned,"Yellow,Red,Red,Orange,Orange"
1111,fine-tuned,"Red,Blue,Red,Blue,Orange"
1112,fine-tuned,"Yellow,Red,Orange,Green,Green,Red"
1113,fine-tuned,"Blue,Green,Orange,Red"
1114,fine-tuned,"Yellow,Green,Orange,Blue,Orange"
1115,fine-tuned,"Green,Blue,Orange,Green,Red"
1116,fine-tuned,"Red,Red,Blue,Blue"
1117,fine-tuned,"Red,Green,Blue,Blue"
1118,fine-tuned,"Red,Green,Red,Red,Orange,Green"
1119,fine-tuned,"Green,Red,Red,Blue,Green,Green"
1120,fine-tuned,"Orange,Blue,Red,Red"
1121,fine-tuned,"Blue,Green,Orange,Green"
1122,fine-tuned,"Red,Blue,Green,Blue,Blue,Red"
1123,fine-tuned,"Purple,Green,Blue,Orange,Blue"
1124,fine-tuned,"Green,Orange,Blue,Red,Red,Blue"
1125,fine-tuned,"Blue,Red,Green,Red,Blue,Green"
1126,fine-tuned,"Green,Blue,Orange,Blue,Red"
1127,fine-tuned,"Red,Orange,Green,Blue,Red,Green"
1128,fine-tuned,"Blue,Red,Orange,Orange,Red,Blue"
1129,fine-tuned,"Green,Purple,Blue,Orange,Green,Purple"
1130,fine-tuned,"Red,Orange,Green,Blue,Green"
1131,fine-tuned,"Blue,Green,Red,Green,Orange,Purple"
1132,fine-tuned,"Blue,Orange,Green,Blue"
1133,fine-tuned,"Red,Red,Green,Red,Blue,Green"
1134,fine-tuned,"Blue,Orange,Red,Blue,Green"
1135,fine-tuned,"Yellow,Green,Red,Blue,Purple,Red"
1136,fine-tuned,"Yellow,Blue,Orange,Blue"
1137,fine-tuned,"Yellow,Green,Blue,Blue,Green"
1138,fine-tuned,"Blue,Orange,Green,Red,Blue"
1139,fine-tuned,"Red,Green,Green,Red,Red,Red"
1140,fine-tuned,"Red,Blue,Green"
1141,fine-tuned,"Green,Orange,Red"
1142,fine-tuned,"Red,Green,Red,Green,Blue,Green"
1143,fine-tuned,"Blue,Orange,Orange,Green,Green,Blue"
1144,fine-tuned,"Red,Blue,Orange,Green,Red"
1145,fine-tuned,"Green,Green"
1146,fine-tuned,"Red,Blue,Green,Green,Blue,Green"
1147,fine-tuned,"Red,Orange,Green,Blue,Blue,Red"
1148,fine-tuned,"Green,Red,Green,Red,Green,Red"
1149,fine-tuned,"Blue,Red,Green,Red"
1150,fine-tuned,"Red,Green,Orange,Red,Blue"
1151,fine-tuned,"Yellow,Red,Green,Red,Orange"
1152,fine-tuned,"Green,Blue,Red,Green,Orange,Green"
1153,fine-tuned,"Green,Orange,Blue,Red"
1154,fine-tuned,"Orange,Green,Blue,Green,Red"
1155,fine-tuned,"Green,Orange,Red,Red,Blue"
1156,fine-tuned,"Blue,Green,Green,Red,Green,Green"
1157,fine-tuned,"Blue,Green,Red,Blue,Orange,Red"
1158,fine-tuned,"Red,Green,Green,Orange,Blue"
1159,fine-tuned,"Yellow,Blue,Red,Green,Green,Red"
1160,fine-tuned,"Green,Blue,Purple,Blue,Orange,Red"
1161,fine-tuned,"Yellow,Blue,Green,Red,Orange"
1162,fine-tuned,"Orange,Blue,Blue,Green,Red,Red"
1163,fine-tuned,"Blue,Orange,Green,Red,Blue,Red"
1164,fine-tuned,"Blue,Green,Red,Green,Red"
1165,fine-tuned,"Orange,Blue,Yellow,Blue,Green,Red"
1166,fine-tuned,"Red,Green,Red,Blue,Blue"
1167,fine-tuned,"Yellow,Blue,Green,Blue,Green,Red"
1168,fine-tuned,"Red,Blue,Blue,Red,Red,Orange"
1169,fine-tuned,"Red,Orange,Blue,Green,Red"
1170,fine-tuned,"Red,Orange,Red,Red,Orange"
1171,fine-tuned,"Blue,Green,Green,Red,Red,Blue"
1172,fine-tuned,"Yellow,Red,Orange,Green"
1173,fine-tuned,"Red,Blue,Green,Orange"
1174,fine-tuned,"Green,Blue,Red,Orange,Blue,Red"
1175,fine-tuned,"Red,Orange,Green,Red,Blue"
1176,fine-tuned,"Purple,Green,Yellow,Red,Green,Blue"
1177,fine-tuned,"Orange,Blue,Green,Red,Red"
1178,fine-tuned,"Red,Green,Red,Green,Green"
1179,fine-tuned,"Red,Green,Red"
1180,fine-tuned,"Orange,Blue,Yellow,Purple,Green,Red"
1181,fine-tuned,"Blue,Orange,Green"
1182,fine-tuned,"Orange,Blue,Green,Orange,Blue"
1183,fine-tuned,"Green,Orange,Orange,Blue,Green"
1184,fine-tuned,"Red,Green,Blue"
1185,fine-tuned,Green
1186,fine-tuned,"Orange,Green,Blue,Red"
1187,fine-tuned,"Red,Green,Green,Green"
1188,fine-tuned,"Red,Blue,Green,Orange"
1189,fine-tuned,"Yellow,Green,Red,Orange,Green,Red"
1190,fine-tuned,"Blue,Green,Orange,Green,Green,Red"
1191,fine-tuned,"Red,Orange"
1192,fine-tuned,"Green,Blue,Red,Red,Blue,Orange"
1193,fine-tuned,"Red,Green,Orange"
1194,fine-tuned,"Green,Orange,Red,Orange"
1195,fine-tuned,"Purple,Orange,Green,Orange"
1196,fine-tuned,"Blue,Green,Blue,Orange,Red"
1197,fine-tuned,"Purple,Orange,Red,Green,Green"
1198,fine-tuned,"Purple,Green,Blue,Blue,Green"
1199,fine-tuned,"Red,Green,Blue,Blue,Red"
1200,fine-tuned,"Red,Blue,Blue,Green,Green"
1201,fine-tuned,"Red,Orange,Blue,Green,Blue,Green"
1202,fine-tuned,"Yellow,Green,Orange,Blue,Red"
1203,fine-tuned,"Red,Orange,Blue"
1204,fine-tuned,"Purple,Green,Blue,Orange,Green,Blue"
1205,fine-tuned,"Orange,Red,Green,Red"
1206,fine-tuned,"Blue,Orange,Green,Blue,Red,Green"
1207,fine-tuned,"Blue,Red,Red,Green,Blue"
1208,fine-tuned,"Yellow,Blue,Orange,Green,Blue,Red"
1209,fine-tuned,"Red,Orange,Red,Blue,Green,Orange"
1210,fine-tuned,"Red,Red,Green"
1211,fine-tuned,"Orange,Green,Red,Green,Red,Orange"
1212,fine-tuned,"Blue,Orange,Green,Orange,Green,Red"
1213,fine-tuned,"Green,Green,Red,Blue,Green"
1214,fine-tuned,"Green,Orange,Red,Blue"
1215,fine-tuned,"Orange,Red,Green,Red"
1216,fine-tuned,"Green,Orange,Green,Green"
1217,fine-tuned,"Green,Blue,Green,Red"
1218,fine-tuned,"Orange,Red,Blue,Orange,Green"
1219,fine-tuned,"Blue,Green,Green,Blue"
1220,fine-tuned,"Green,Blue,Orange,Orange"
1221,fine-tuned,"Blue,Green,Red,Red"
1222,fine-tuned,"Yellow,Orange,Blue,Green,Red"
1223,fine-tuned,"Red,Green,Blue,Blue,Orange"
1224,fine-tuned,"Purple,Blue,Orange,Green,Red,Red"
1225,fine-tuned,"Orange,Blue,Red,Yellow,Blue,Green"
1226,fine-tuned,"Red,Green,Green,Green,Green,Orange"
1227,fine-tuned,"Blue,Orange,Green,Blue,Red"
1228,fine-tuned,"Orange,Green,Blue,Red,Red"
1229,fine-tuned,"Green,Orange,Green,Blue,Blue,Green"
1230,fine-tuned,"Blue,Green,Green,Green,Orange,Green"
1231,fine-tuned,"Green,Blue,Red,Red,Blue,Green"
1232,fine-tuned,"Orange,Green,Red,Blue,Red"
1233,fine-tuned,"Blue,Red,Orange"
1234,fine-tuned,"Green,Red,Orange,Blue,Red,Green"
1235,fine-tuned,"Red,Red,Green,Blue,Red,Red"
1236,fine-tuned,"Purple,Red,Blue,Orange,Blue,Green"
1237,fine-tuned,"Blue,Orange,Green,Red,Red,Green"
1238,fine-tuned,"Blue,Red,Orange,Green,Green,Red"
1239,fine-tuned,"Red,Orange,Red,Green,Green"
1240,fine-tuned,"Blue,Orange,Red,Red,Blue"
1241,fine-tuned,"Blue,Red,Orange,Green,Red"
1242,fine-tuned,"Blue,Green,Orange,Red,Blue,Green"
1243,fine-tuned,"Blue,Orange"
1244,fine-tuned,"Blue,Red,Green,Blue,Green,Orange"
1245,fine-tuned,"Blue,Orange,Red,Blue"
1246,fine-tuned,"Green,Orange,Blue,Blue,Red,Red"
1247,fine-tuned,"Green,Red,Red,Blue"
1248,fine-tuned,"Purple,Green,Orange,Blue,Blue"
1249,fine-tuned,"Green,Red,Green,Blue,Orange"
1250,fine-tuned,"Yellow,Red,Blue,Orange"
1251,fine-tuned,"Purple,Red,Blue,Green,Blue"
1252,fine-tuned,"Green,Blue,Red,Blue,Green"
1253,fine-tuned,"Blue,Green,Red,Orange,Green,Blue"
1254,fine-tuned,"Red,Blue,Red,Green,Orange"
1255,fine-tuned,"Purple,Green,Blue,Orange,Orange"
1256,fine-tuned,"Red,Blue,Green,Blue,Red"
1257,fine-tuned,"Yellow,Green,Red,Red,Blue"
1258,fine-tuned,"Orange,Blue,Orange,Blue,Green,Red"
1259,fine-tuned,"Yellow,Green,Blue,Blue,Red,Orange"
1260,fine-tuned,"Orange,Red,Green,Blue"
1261,fine-tuned,"Yellow,Blue,Green,Orange,Green,Blue"
1262,fine-tuned,"Yellow,Orange,Red,Orange,Red"
1263,fine-tuned,"Orange,Green,Orange,Blue,Green"
1264,fine-tuned,"Red,Red,Green,Green,Blue"
1265,fine-tuned,"Orange,Blue,Green,Green,Orange"
1266,fine-tuned,"Red,Green,Blue,Blue,Red,Green"
1267,fine-tuned,"Green,Orange,Blue,Red,Green,Blue"
1268,fine-tuned,"Orange,Green,Red,Red,Orange"
1269,fine-tuned,"Red,Orange,Blue,Blue"
1270,fine-tuned,"Red,Green,Red,Green,Red,Orange"
1271,fine-tuned,"Red,Blue,Green,Blue,Green"
1272,fine-tuned,"Blue,Orange,Green,Blue,Green,Blue"
1273,fine-tuned,"Purple,Green,Orange,Red,Red"
1274,fine-tuned,"Blue,Orange,Green,Red,Red,Green"
1275,fine-tuned,"Red,Orange,Blue,Green"
1276,fine-tuned,"Red,Blue,Green,Orange,Red,Green"
1277,fine-tuned,"Orange,Blue,Red,Green,Orange,Green"
1278,fine-tuned,"Green,Orange,Red,Orange,Red"
1279,fine-tuned,"Blue,Red,Orange,Blue"
1280,fine-tuned,"Orange,Red,Blue,Orange,Red,Orange"
1281,fine-tuned,"Blue,Green,Orange,Red,Green,Red"
1282,fine-tuned,"Yellow,Green,Green,Red,Blue,Green"
1283,fine-tuned,"Orange,Blue,Blue"
1284,fine-tuned,"Blue,Red,Green,Red,Green"
1285,fine-tuned,"Red,Blue,Red,Blue"
1286,fine-tuned,"Red,Green,Red,Blue,Red,Green"
1287,fine-tuned,"Red,Blue,Orange,Blue,Red"
1288,fine-tuned,"Blue,Orange,Red,Blue"
1289,fine-tuned,"Blue,Orange,Blue,Orange,Green"
1290,fine-tuned,"Purple,Orange,Green,Green,Blue"
1291,fine-tuned,"Green,Red,Orange,Blue,Red"
1292,fine-tuned,"Blue,Green,Green,Red,Orange"
1293,fine-tuned,"Red,Blue,Green,Green,Blue,Green"
1294,fine-tuned,"Blue,Orange,Green,Red"
1295,fine-tuned,"Blue,Blue,Green,Red"
1296,fine-tuned,"Purple,Orange,Green"
1297,fine-tuned,"Red,Orange,Red,Blue,Green"
1298,fine-tuned,"Yellow,Green,Blue,Blue,Red"
1299,fine-tuned,"Yellow,Blue,Green,Orange,Blue"
1300,fine-tuned,"Orange,Red,Yellow,Green,Red,Purple"
1301,fine-tuned,"Red,Orange,Blue,Green,Blue,Red"
1302,fine-tuned,"Orange,Red,Green,Green,Blue"
1303,fine-tuned,"Red,Orange,Green,Blue,Green"
1304,fine-tuned,"Blue,Green,Green,Orange,Green"
1305,fine-tuned,"Purple,Green,Red,Orange,Blue,Orange"
1306,fine-tuned,"Green,Orange,Green,Blue,Red,Orange"
1307,fine-tuned,"Green,Blue,Orange,Red,Blue"
1308,fine-tuned,"Blue,Green,Blue,Orange,Blue"
1309,fine-tuned,"Blue,Green,Orange,Red,Orange"
1310,fine-tuned,"Yellow,Green,Blue,Red,Orange"
1311,fine-tuned,"Red,Blue,Blue,Red,Red,Green"
1312,fine-tuned,"Purple,Orange,Red,Blue,Orange,Red"
1313,fine-tuned,"Blue,Red,Orange,Red,Green"
1314,fine-tuned,"Red,Green,Green"
1315,fine-tuned,"Blue,Red,Orange,Red,Red,Red"
1316,fine-tuned,"Blue,Orange,Red,Green"
1317,fine-tuned,"Yellow,Blue,Blue,Green,Blue,Green"
1318,fine-tuned,"Purple,Orange,Blue,Green,Red"
1319,fine-tuned,"Orange,Blue,Red,Green,Red,Blue"
1320,fine-tuned,"Orange,Green,Red,Green"
1321,fine-tuned,"Blue,Blue,Blue,Red,Red,Green"
1322,fine-tuned,"Blue,Red,Green,Red,Blue,Orange"
1323,fine-tuned,"Green,Purple,Red,Yellow,Green,Red"
1324,fine-tuned,"Yellow,Orange,Blue,Green,Blue,Red"
1325,fine-tuned,"Yellow,Blue,Orange,Green,Red,Red"
1326,fine-tuned,"Blue,Red,Green,Red,Orange,Green"
1327,fine-tuned,"Blue,Orange,Green"
1328,fine-tuned,"Purple,Orange,Green,Red,Blue,Orange"
1329,fine-tuned,"Blue,Orange,Green,Blue,Red"
1330,fine-tuned,"Blue,Orange,Green,Blue,Green"
1331,fine-tuned,"Red,Green,Orange,Green,Red"
1332,fine-tuned,"Purple,Blue,Red,Orange,Green,Red"
1333,fine-tuned,"Yellow,Orange,Blue,Red,Green"
1334,fine-tuned,"Orange,Green,Orange,Green"
1335,fine-tuned,"Yellow,Blue,Red,Green,Red"
1336,fine-tuned,"Orange,Blue,Purple,Yellow,Red,Green"
1337,fine-tuned,"Red,Green,Blue,Green,Blue"
1338,fine-tuned,"Red,Green,Blue,Green,Green,Red"
1339,fine-tuned,"Yellow,Green,Blue,Red,Red,Orange"
1340,fine-tuned,"Blue,Orange,Green,Red"
1341,fine-tuned,"Red,Green,Blue,Red,Orange,Green"
1342,fine-tuned,"Red,Blue,Green,Orange,Blue,Green"
1343,fine-tuned,"Blue,Orange,Green,Red,Red,Orange"
1344,fine-tuned,"Red,Green,Blue,Orange,Green,Red"
1345,fine-tuned,"Red,Green,Orange,Red,Blue,Blue"
1346,fine-tuned,"Blue,Green,Orange,Red,Blue"
1347,fine-tuned,"Green,Blue,Green,Red,Green,Purple"
1348,fine-tuned,"Blue,Red,Green,Blue"
1349,fine-tuned,"Blue,Red,Red,Orange,Red"
1350,fine-tuned,"Orange,Red,Green,Red,Red"
1351,fine-tuned,"Blue,Green,Orange,Green,Red,Red"
1352,fine-tuned,"Red,Green,Green"
1353,fine-tuned,"Yellow,Green,Red,Blue"
1354,fine-tuned,"Blue,Green,Green,Red,Red,Orange"
1355,fine-tuned,"Yellow,Orange,Green,Red,Orange"
1356,fine-tuned,"Red,Orange,Blue,Green,Blue"
1357,fine-tuned,"Blue,Orange,Blue,Orange,Green"
1358,fine-tuned,"Orange,Orange,Blue,Green"
1359,fine-tuned,"Yellow,Green,Red,Blue,Green"
1360,fine-tuned,"Yellow,Green,Green,Blue,Green"
1361,fine-tuned,"Orange,Blue,Green,Red,Blue"
1362,fine-tuned,"Red,Green,Green"
1363,fine-tuned,"Green,Orange,Red,Red,Blue"
1364,fine-tuned,"Blue,Orange,Red,Red,Orange"
1365,fine-tuned,"Green,Blue,Orange,Red"
1366,fine-tuned,"Green,Blue,Green,Blue,Red,Orange"
1367,fine-tuned,"Blue,Red,Orange,Blue,Green,Green"
1368,fine-tuned,"Blue,Red,Red,Green,Red"
1369,fine-tuned,"Red,Orange,Red,Orange,Red"
1370,fine-tuned,"Blue,Red,Red,Green"
1371,fine-tuned,"Blue,Green,Green,Blue,Green"
1372,fine-tuned,"Purple,Red,Blue,Orange,Green,Red"
1373,fine-tuned,"Blue,Green,Red,Red,Red,Green"
1374,fine-tuned,"Blue,Orange,Red,Green,Green,Blue"
1375,fine-tuned,"Green,Orange,Red"
1376,fine-tuned,"Purple,Blue,Green,Red,Orange"
1377,fine-tuned,"Yellow,Red,Red,Green,Red,Orange"
1378,fine-tuned,"Blue,Green,Green,Orange,Red"
1379,fine-tuned,"Blue,Orange,Blue,Green,Red"
1380,fine-tuned,"Green,Blue,Red,Blue,Red,Green"
1381,fine-tuned,"Yellow,Green,Red,Blue,Red,Yellow"
1382,fine-tuned,"Yellow,Orange"
1383,fine-tuned,"Green,Red,Red,Green,Orange"
1384,fine-tuned,"Red,Orange,Blue"
1385,fine-tuned,"Yellow,Orange,Green,Blue,Orange"
1386,fine-tuned,"Red,Blue,Green,Red,Orange,Green"
1387,fine-tuned,"Yellow,Blue,Red,Red,Green,Red"
1388,fine-tuned,"Orange,Green,Blue,Green,Orange,Red"
1389,fine-tuned,"Blue,Orange,Orange,Red,Red,Red"
1390,fine-tuned,"Red,Orange,Orange,Blue,Red,Orange"
1391,fine-tuned,"Green,Red,Red,Orange,Red"
1392,fine-tuned,"Green,Orange,Red,Orange"
1393,fine-tuned,"Green,Orange,Blue,Orange,Red"
1394,fine-tuned,"Orange,Red,Blue,Blue,Red,Green"
1395,fine-tuned,"Green,Red,Red,Green,Orange"
1396,fine-tuned,"Red,Orange,Blue,Green,Green,Orange"
1397,fine-tuned,"Red,Orange,Blue"
1398,fine-tuned,"Green,Red,Orange,Red,Blue,Orange"
1399,fine-tuned,"Orange,Red,Blue,Blue,Green,Green"
1400,fine-tuned,"Purple,Blue,Green,Orange,Blue,Red"
1401,fine-tuned,"Yellow,Orange,Red,Orange,Green"
1402,fine-tuned,"Orange,Blue,Green,Green,Red,Red"
1403,fine-tuned,"Yellow,Green,Red,Green,Red,Red"
1404,fine-tuned,"Red,Orange,Orange,Green,Blue"
1405,fine-tuned,"Green,Red,Green,Orange,Red"
1406,fine-tuned,"Blue,Red,Red,Green,Orange"
1407,fine-tuned,"Blue,Orange,Red,Orange,Red,Green"
1408,fine-tuned,"Yellow,Blue,Green,Red"
1409,fine-tuned,"Green,Blue,Green,Blue,Orange"
1410,fine-tuned,"Red,Blue,Orange,Red,Green,Green"
1411,fine-tuned,"Purple,Green,Orange,Orange"
1412,fine-tuned,"Green,Yellow,Purple,Red,Red,Blue"
1413,fine-tuned,"Red,Blue,Green,Blue,Orange,Red"
1414,fine-tuned,"Red,Green,Blue,Orange,Red"
1415,fine-tuned,"Blue,Orange,Green,Green,Red"
1416,fine-tuned,"Red,Red,Blue,Green,Green,Blue"
1417,fine-tuned,"Purple,Red,Orange,Blue,Green,Blue"
1418,fine-tuned,"Red,Green,Blue,Blue,Green"
1419,fine-tuned,"Blue,Green,Green,Orange"
1420,fine-tuned,"Blue,Green,Green,Green,Red"
1421,fine-tuned,"Red,Green,Blue,Green,Blue,Green"
1422,fine-tuned,"Red,Green,Blue,Orange,Blue"
1423,fine-tuned,"Red,Red,Green,Orange,Red,Green"
1424,fine-tuned,"Yellow,Orange,Blue,Red"
1425,fine-tuned,"Green,Red,Red,Green"
1426,fine-tuned,"Orange,Green,Red,Green,Red,Blue"
1427,fine-tuned,"Red,Orange,Green,Green"
1428,fine-tuned,"Green,Orange,Orange"
1429,fine-tuned,"Orange,Red,Blue,Green,Red"
1430,fine-tuned,"Blue,Blue,Red,Blue"
1431,fine-tuned,"Red,Blue,Green,Green,Blue"
1432,fine-tuned,"Yellow,Red,Green,Red,Green"
1433,fine-tuned,"Blue,Red,Red,Blue,Orange"
1434,fine-tuned,"Yellow,Red,Red,Red,Blue,Green"
1435,fine-tuned,"Green,Blue,Orange,Orange,Green,Red"
1436,fine-tuned,"Orange,Red,Green,Green,Red,Blue"
1437,fine-tuned,"Yellow,Blue,Blue,Orange"
1438,fine-tuned,"Green,Orange,Orange,Blue"
1439,fine-tuned,"Blue,Blue,Orange,Green"
1440,fine-tuned,"Blue,Red,Green,Blue,Red,Red"
1441,fine-tuned,"Green,Red,Orange"
1442,fine-tuned,"Blue,Green,Green,Orange,Orange"
1443,fine-tuned,"Orange,Red,Blue,Blue,Green,Blue"
1444,fine-tuned,"Yellow,Red,Green,Orange,Blue,Red"
1445,fine-tuned,"Red,Orange,Red,Blue,Green,Orange"
1446,fine-tuned,"Blue,Red,Green,Orange,Orange"
1447,fine-tuned,"Blue,Red,Green,Red,Orange,Red"
1448,fine-tuned,"Purple,Red,Blue,Green,Green"
1449,fine-tuned,"Blue,Orange,Orange,Green,Blue,Green"
1450,fine-tuned,"Blue,Orange,Red,Red,Green,Red"
1451,fine-tuned,"Red,Blue,Orange,Green,Red"
1452,fine-tuned,"Red,Blue,Red,Green"
1453,fine-tuned,"Red,Blue,Green,Orange,Red,Blue"
1454,fine-tuned,"Blue,Green,Green,Green"
1455,fine-tuned,"Blue,Orange,Red,Green,Green"
1456,fine-tuned,"Orange,Green,Blue,Green,Blue"
1457,fine-tuned,"Orange,Red,Green,Red,Green"
1458,fine-tuned,"Green,Blue,Blue,Green,Orange"
1459,fine-tuned,"Green,Blue,Green,Orange,Orange,Green"
1460,fine-tuned,"Orange,Green,Red,Blue,Green"
1461,fine-tuned,"Red,Red,Red,Orange,Blue,Blue"
1462,fine-tuned,"Red,Green,Green,Blue,Orange,Blue"
1463,fine-tuned,"Blue,Red,Red,Green,Orange"
1464,fine-tuned,"Green,Orange,Red,Blue,Green"
1465,fine-tuned,"Red,Blue,Green,Orange"
1466,fine-tuned,"Orange,Blue,Green,Blue,Green"
1467,fine-tuned,"Blue,Orange,Green,Blue,Green"
1468,fine-tuned,"Green,Red,Red"
1469,fine-tuned,"Green,Green,Red,Blue"
1470,fine-tuned,"Orange,Blue,Red,Green,Red"
1471,fine-tuned,"Red,Blue,Red,Blue,Green,Blue"
1472,fine-tuned,"Purple,Red,Green,Green,Red"
1473,fine-tuned,"Blue,Green,Red,Green,Green,Red"
1474,fine-tuned,"Yellow,Green,Orange,Red,Orange"
1475,fine-tuned,"Blue,Green,Green,Orange,Blue"
1476,fine-tuned,"Blue,Red,Green,Red,Red,Orange"
1477,fine-tuned,"Green,Orange,Red,Green"
1478,fine-tuned,"Yellow,Green,Blue,Red,Green"
1479,fine-tuned,"Blue,Red,Green,Orange,Green,Red"
1480,fine-tuned,"Blue,Red,Orange,Red,Green,Green"
1481,fine-tuned,"Orange,Red,Green,Blue,Red,Green"
1482,fine-tuned,"Red,Orange,Blue,Red,Blue"
1483,fine-tuned,"Blue,Green,Blue,Green,Red"
1484,fine-tuned,"Blue,Green,Red,Red,Orange,Red"
1485,fine-tuned,"Blue,Orange,Blue"
1486,fine-tuned,"Blue,Green,Orange,Yellow,Green,Purple"
1487,fine-tuned,"Red,Green,Green"
1488,fine-tuned,"Blue,Orange,Green,Blue,Green,Red"
1489,fine-tuned,"Blue,Orange,Red,Orange,Green"
1490,fine-tuned,"Green,Yellow,Purple,Blue,Red,Purple"
1491,fine-tuned,"Blue,Orange,Green,Red,Orange,Blue"
1492,fine-tuned,"Orange,Purple,Green,Purple,Blue,Orange"
1493,fine-tuned,"Blue,Green,Green,Blue,Red"
1494,fine-tuned,"Blue,Orange,Green,Red,Red,Green"
1495,fine-tuned,"Red,Green,Blue,Red,Orange,Red"
1496,fine-tuned,"Red,Blue,Red,Blue"
1497,fine-tuned,"Green,Red,Green,Red,Red,Green"
1498,fine-tuned,"Orange,Green,Green,Orange,Yellow,Blue"
1499,fine-tuned,"Green,Blue,Blue,Green,Orange,Green"
1500,fine-tuned,"Red,Green,Green,Orange,Green"
1501,fine-tuned,"Yellow,Blue,Green,Orange,Red,Blue"
1502,fine-tuned,"Green,Orange,Red,Red,Blue,Green"
1503,fine-tuned,"Red,Orange,Blue,Orange,Blue"
1504,fine-tuned,"Green,Red,Green,Green,Blue,Red"
1505,fine-tuned,"Red,Blue,Orange,Blue,Green,Orange"
1506,fine-tuned,"Blue,Green,Orange,Blue"
1507,fine-tuned,"Purple,Green,Green,Red,Blue,Orange"
1508,fine-tuned,"Red,Green,Orange,Orange,Green"
1509,fine-tuned,"Blue,Yellow,Purple,Red,Green,Orange"
1510,fine-tuned,"Blue,Red,Orange,Blue,Green"
1511,fine-tuned,"Green,Purple,Yellow,Blue,Orange,Purple"
1512,fine-tuned,"Green,Red,Blue,Orange,Blue"
1513,fine-tuned,"Orange,Green,Purple,Blue,Yellow,Red"
1514,fine-tuned,"Orange,Blue,Green,Red,Orange"
1515,fine-tuned,"Yellow,Green,Blue,Green,Red,Orange"
1516,fine-tuned,"Blue,Red,Orange,Orange"
1517,fine-tuned,"Green,Red,Orange,Red"
1518,fine-tuned,"Blue,Orange,Blue,Green,Red"
1519,fine-tuned,"Orange,Green,Blue,Red,Red,Blue"
1520,fine-tuned,"Red,Orange,Red,Blue,Green"
1521,fine-tuned,"Blue,Orange,Red,Red,Orange"
1522,fine-tuned,"Blue,Orange,Green,Blue,Green"
1523,fine-tuned,"Orange,Red,Red,Purple,Orange,Green"
1524,fine-tuned,"Red,Blue,Orange,Green,Green"
1525,fine-tuned,"Red,Green,Green,Blue"
1526,fine-tuned,"Purple,Orange,Red,Red,Green"
1527,fine-tuned,"Yellow,Blue,Orange,Red,Red,Blue"
1528,fine-tuned,"Purple,Orange,Green,Blue,Red"
1529,fine-tuned,"Red,Green,Blue,Red"
1530,fine-tuned,"Green,Blue,Purple,Orange,Green,Yellow"
1531,fine-tuned,"Purple,Blue,Blue,Orange,Green"
1532,fine-tuned,"Purple,Blue,Orange,Blue,Green,Orange"
1533,fine-tuned,"Blue,Orange,Green,Red,Blue"
1534,fine-tuned,"Red,Blue,Orange,Green,Blue"
1535,fine-tuned,"Green,Orange,Red,Green,Blue,Orange"
1536,fine-tuned,"Red,Green,Blue"
1537,fine-tuned,"Blue,Orange,Green,Red,Blue,Red"
1538,fine-tuned,"Red,Blue,Blue,Orange,Green,Blue"
1539,fine-tuned,"Blue,Red,Green,Blue,Green"
1540,fine-tuned,"Green,Blue,Red,Blue,Green"
1541,fine-tuned,"Red,Blue,Orange,Green"
1542,fine-tuned,"Blue,Green,Red,Red"
1543,fine-tuned,"Red,Blue,Orange,Green,Green"
1544,fine-tuned,"Green,Blue,Green,Orange,Blue"
1545,fine-tuned,"Yellow,Green,Orange,Orange,Blue,Green"
1546,fine-tuned,"Orange,Blue,Orange"
1547,fine-tuned,"Yellow,Green,Red,Red,Green"
1548,fine-tuned,"Yellow,Blue,Red,Red,Green"
1549,fine-tuned,"Red,Green,Green,Blue,Red,Green"
1550,fine-tuned,"Yellow,Red,Orange,Green,Blue,Orange"
1551,fine-tuned,"Blue,Red,Red,Orange,Red"
1552,fine-tuned,"Blue,Green,Orange,Red"
1553,fine-tuned,"Red,Orange,Blue,Green"
1554,fine-tuned,"Red,Green,Blue,Green,Red,Orange"
1555,fine-tuned,"Blue,Orange,Green,Blue,Red"
1556,fine-tuned,"Purple,Blue,Orange,Green"
1557,fine-tuned,"Blue,Green,Green,Red"
1558,fine-tuned,"Red,Orange,Green"
1559,fine-tuned,"Orange,Blue,Green,Orange,Green,Purple"
1560,fine-tuned,"Green,Orange,Red,Blue,Red,Green"
1561,fine-tuned,"Red,Orange,Blue,Red,Green,Orange"
1562,fine-tuned,"Blue,Orange,Red,Green,Red,Blue"
1563,fine-tuned,"Blue,Red,Orange,Red,Green"
1564,fine-tuned,"Blue,Orange,Red,Green"
1565,fine-tuned,"Orange,Green,Blue,Blue,Green"
1566,fine-tuned,"Purple,Blue,Green,Blue,Red"
1567,fine-tuned,"Purple,Red,Red,Green,Red,Orange"
1568,fine-tuned,"Red,Green,Orange,Green,Red,Green"
1569,fine-tuned,"Yellow,Green,Blue,Red,Green,Blue"
1570,fine-tuned,"Red,Green,Red,Blue,Red"
1571,fine-tuned,"Green,Blue,Orange,Red,Green"
1572,fine-tuned,"Red,Orange,Blue"
1573,fine-tuned,"Blue,Green,Blue,Green,Orange"
1574,fine-tuned,"Yellow,Blue,Red,Orange,Green,Orange"
1575,fine-tuned,"Blue,Red,Green,Red,Green,Blue"
1576,fine-tuned,"Blue,Green,Red,Orange"
1577,fine-tuned,"Orange,Blue,Red,Blue"
1578,fine-tuned,"Red,Red,Green"
1579,fine-tuned,"Green,Blue,Red,Red,Purple,Blue"
1580,fine-tuned,"Blue,Green,Blue,Red"
1581,fine-tuned,"Green,Orange,Green"
1582,fine-tuned,"Green,Orange,Blue,Red,Orange"
1583,fine-tuned,"Red,Blue,Green,Orange,Red,Blue"
1584,fine-tuned,"Green,Red,Blue"
1585,fine-tuned,"Yellow,Blue,Green,Orange"
1586,fine-tuned,"Yellow,Green,Blue,Blue,Orange"
1587,fine-tuned,"Blue,Green,Orange,Orange,Blue,Red"
1588,fine-tuned,"Red,Green,Blue,Red,Green"
1589,fine-tuned,"Orange,Purple,Green,Purple,Green,Green"
1590,fine-tuned,"Red,Blue,Orange,Red,Blue"
1591,fine-tuned,"Orange,Blue,Red,Blue,Green"
1592,fine-tuned,"Purple,Green,Red,Blue,Green,Green"
1593,fine-tuned,"Red,Green,Red,Green,Red"
1594,fine-tuned,"Yellow,Blue,Red,Red,Green,Green"
1595,fine-tuned,"Yellow,Orange,Green,Blue,Green,Red"
1596,fine-tuned,"Blue,Green,Green,Blue,Red"
1597,fine-tuned,"Red,Blue,Green,Orange,Green,Blue"
1598,fine-tuned,"Orange,Yellow,Green,Red,Green,Red"
1599,fine-tuned,"Red,Green,Blue,Blue,Green,Blue"
1600,fine-tuned,"Yellow,Red,Green,Orange,Green,Red"
1601,fine-tuned,"Blue,Green,Red,Green,Red,Red"
1602,fine-tuned,"Orange,Blue,Red,Orange,Green"
1603,fine-tuned,"Yellow,Green,Orange,Red,Red,Orange"
1604,fine-tuned,"Green,Red,Orange,Blue,Blue,Green"
1605,fine-tuned,"Red,Blue,Green,Orange,Red"
1606,fine-tuned,"Green,Blue,Orange,Red"
1607,fine-tuned,"Purple,Red,Orange,Blue"
1608,fine-tuned,"Green,Orange,Blue,Red,Orange"
1609,fine-tuned,"Blue,Orange,Blue,Red,Green"
1610,fine-tuned,"Orange,Red,Green,Red,Green"
1611,fine-tuned,"Yellow,Blue,Green,Red,Blue,Green"
1612,fine-tuned,"Purple,Green,Blue,Red,Orange"
1613,fine-tuned,"Blue,Yellow,Purple,Green,Purple,Red"
1614,fine-tuned,"Blue,Orange,Green,Red,Red"
1615,fine-tuned,"Purple,Green,Orange,Blue,Orange,Green"
1616,fine-tuned,"Orange,Red,Green,Orange,Red"
1617,fine-tuned,"Orange,Green,Red,Blue,Red,Orange"
1618,fine-tuned,"Blue,Orange,Green,Red"
1619,fine-tuned,"Yellow,Orange,Blue,Blue,Red"
1620,fine-tuned,"Yellow,Green,Orange,Blue,Red,Blue"
1621,fine-tuned,"Yellow,Orange,Blue,Red,Blue,Red"
1622,fine-tuned,"Blue,Red,Green,Red"
1623,fine-tuned,"Blue,Green,Orange,Red,Green"
1624,fine-tuned,"Green,Orange,Blue,Orange,Green"
1625,fine-tuned,"Red,Green,Blue,Blue,Orange"
1626,fine-tuned,"Orange,Green,Red,Blue,Blue"
1627,fine-tuned,"Red,Orange,Green,Green,Blue,Green"
1628,fine-tuned,"Green,Blue,Green,Blue,Orange"
1629,fine-tuned,"Blue,Orange,Red,Red,Green,Orange"
1630,fine-tuned,"Green,Blue,Red,Green,Blue,Green"
1631,fine-tuned,"Blue,Orange,Red,Red,Green,Orange"
1632,fine-tuned,"Blue,Orange,Green,Blue"
1633,fine-tuned,"Blue,Green,Red,Orange,Green,Blue"
1634,fine-tuned,"Orange,Blue,Red,Blue"
1635,fine-tuned,"Green,Blue,Orange,Red,Orange"
1636,fine-tuned,"Purple,Orange,Red,Blue,Green"
1637,fine-tuned,"Blue,Green,Green,Green,Green,Green"
1638,fine-tuned,"Red,Green,Blue,Red,Red,Orange"
1639,fine-tuned,"Red,Orange,Red,Orange,Orange"
1640,fine-tuned,"Green,Red,Green,Blue,Green"
1641,fine-tuned,"Red,Orange,Green,Orange,Blue"
1642,fine-tuned,"Orange,Green,Green,Blue"
1643,fine-tuned,"Purple,Blue,Red,Orange,Blue,Red"
1644,fine-tuned,"Blue,Orange,Green,Blue"
1645,fine-tuned,"Red,Green,Orange,Blue"
1646,fine-tuned,"Orange,Green,Blue,Green"
1647,fine-tuned,"Red,Blue,Green,Red,Green"
1648,fine-tuned,"Orange,Red,Green,Red,Blue,Red"
1649,fine-tuned,"Blue,Orange,Red,Red,Red"
1650,fine-tuned,"Green,Red,Red,Blue"
1651,fine-tuned,"Red,Blue,Green,Green,Orange,Red"
1652,fine-tuned,"Green,Blue,Red,Orange,Green,Orange"
1653,fine-tuned,"Blue,Blue,Blue,Orange"
1654,fine-tuned,"Green,Red,Orange,Green,Blue,Green"
1655,fine-tuned,"Blue,Green,Red"
1656,fine-tuned,"Yellow,Orange,Red,Blue,Green,Red"
1657,fine-tuned,"Blue,Green,Orange,Red"
1658,fine-tuned,"Yellow,Blue,Green,Blue,Orange,Red"
1659,fine-tuned,"Blue,Orange,Red,Red"
1660,fine-tuned,"Orange,Green,Red,Blue,Red,Green"
1661,fine-tuned,"Red,Green,Blue,Blue,Orange"
1662,fine-tuned,"Purple,Orange,Blue,Blue,Green,Blue"
1663,fine-tuned,"Blue,Green,Blue,Green,Red,Red"
1664,fine-tuned,"Purple,Orange,Blue,Red"
1665,fine-tuned,"Green,Red,Red,Red,Green"
1666,fine-tuned,"Red,Orange,Red,Blue,Green,Orange"
1667,fine-tuned,"Yellow,Red,Green,Blue,Red,Orange"
1668,fine-tuned,"Red,Blue,Green"
1669,fine-tuned,"Purple,Red,Orange,Orange,Blue"
1670,fine-tuned,"Blue,Orange,Green,Blue,Red"
1671,fine-tuned,"Yellow,Blue,Green,Blue,Green"
1672,fine-tuned,"Yellow,Blue,Green,Orange,Green,Blue"
1673,fine-tuned,"Blue,Red,Green,Orange,Red"
1674,fine-tuned,"Green,Orange,Blue,Green,Orange"
1675,fine-tuned,"Red,Green,Green,Red,Orange"
1676,fine-tuned,"Blue,Red,Green,Red,Green"
1677,fine-tuned,"Purple,Blue,Orange,Orange"
1678,fine-tuned,"Red,Red,Blue,Orange,Red"
1679,fine-tuned,"Blue,Orange,Red,Green"
1680,fine-tuned,"Red,Red,Blue,Orange,Blue,Blue"
1681,fine-tuned,"Green,Blue,Orange,Blue,Green"
1682,fine-tuned,"Blue,Orange,Red,Green,Green,Green"
1683,fine-tuned,"Purple,Red,Blue,Green"
1684,fine-tuned,"Blue,Green,Orange,Green"
1685,fine-tuned,"Yellow,Red,Orange,Blue,Blue"
1686,fine-tuned,"Blue,Orange,Red,Green,Red"
1687,fine-tuned,"Yellow,Orange,Blue,Blue,Green"
1688,fine-tuned,"Yellow,Orange,Blue,Green,Red,Blue"
1689,fine-tuned,"Red,Blue,Blue,Green"
1690,fine-tuned,"Blue,Green,Orange,Green,Blue"
1691,fine-tuned,"Yellow,Blue,Green,Orange,Green"
1692,fine-tuned,"Red,Blue,Green,Orange,Red,Red"
1693,fine-tuned,"Green,Blue,Orange,Red,Red"
1694,fine-tuned,"Red,Orange,Green,Green"
1695,fine-tuned,"Green,Orange,Blue,Green,Blue"
1696,fine-tuned,"Green,Red,Green,Red,Blue,Yellow"
1697,fine-tuned,"Red,Blue,Green,Orange"
1698,fine-tuned,"Green,Orange,Red,Blue,Red,Blue"
1699,fine-tuned,"Blue,Orange,Orange,Red,Green"
1700,fine-tuned,"Orange,Red,Green,Green,Red"
1701,fine-tuned,"Orange,Blue,Green,Blue,Orange"
1702,fine-tuned,"Blue,Green,Red,Red,Orange,Green"
1703,fine-tuned,"Orange,Blue,Orange,Green,Blue,Red"
1704,fine-tuned,"Blue,Red,Orange,Red"
1705,fine-tuned,"Green,Orange,Red"
1706,fine-tuned,"Blue,Orange,Green"
1707,fine-tuned,"Red,Red,Blue"
1708,fine-tuned,"Red,Blue,Blue,Red,Orange,Blue"
1709,fine-tuned,"Blue,Orange,Red,Blue,Green,Red"
1710,fine-tuned,"Blue,Orange,Orange,Orange"
1711,fine-tuned,"Yellow,Orange,Blue,Red,Blue,Green"
1712,fine-tuned,"Yellow,Orange,Blue,Red,Green"
1713,fine-tuned,"Blue,Orange,Green,Blue,Red"
1714,fine-tuned,"Red,Blue,Green"
1715,fine-tuned,"Blue,Orange,Orange"
1716,fine-tuned,"Red,Green,Red,Red"
1717,fine-tuned,"Yellow,Blue,Orange,Blue"
1718,fine-tuned,"Orange,Red,Blue,Blue,Red,Blue"
1719,fine-tuned,"Red,Green,Orange,Orange"
1720,fine-tuned,"Green,Orange,Blue,Red"
1721,fine-tuned,"Purple,Green,Blue,Orange,Orange"
1722,fine-tuned,"Red,Green,Blue,Green"
1723,fine-tuned,"Orange,Red,Blue,Red"
1724,fine-tuned,"Green,Orange,Red,Green"
1725,fine-tuned,"Blue,Red,Green,Green,Orange"
1726,fine-tuned,"Orange,Green,Red,Blue,Red"
1727,fine-tuned,"Yellow,Green,Blue,Orange,Green,Red"
1728,fine-tuned,"Purple,Blue,Blue,Green,Green"
1729,fine-tuned,"Blue,Green,Red,Orange,Blue,Green"
1730,fine-tuned,"Blue,Green,Blue,Orange,Green"
1731,fine-tuned,"Blue,Orange,Green,Blue,Red"
1732,fine-tuned,"Red,Blue,Green,Green,Orange"
1733,fine-tuned,"Green,Red,Blue,Green,Red"
1734,fine-tuned,"Yellow,Orange,Red,Green,Red"
1735,fine-tuned,"Green,Orange,Green,Blue,Green,Orange"
1736,fine-tuned,"Blue,Red,Green,Orange,Orange,Green"
1737,fine-tuned,"Yellow,Green,Red,Red,Blue,Red"
1738,fine-tuned,"Purple,Red,Orange,Green,Red"
1739,fine-tuned,"Red,Blue,Orange,Red,Green"
1740,fine-tuned,"Orange,Blue,Blue,Orange,Green"
1741,fine-tuned,"Purple,Blue,Orange,Green,Blue,Red"
1742,fine-tuned,"Yellow,Green,Blue,Green,Blue"
1743,fine-tuned,"Green,Orange,Blue,Red,Blue"
1744,fine-tuned,"Blue,Green,Red,Blue,Red,Green"
1745,fine-tuned,"Orange,Blue,Green"
1746,fine-tuned,Red
1747,fine-tuned,"Orange,Green,Yellow,Purple,Green,Purple"
1748,fine-tuned,"Yellow,Green,Green,Orange,Green,Red"
1749,fine-tuned,"Blue,Orange,Red,Green"
1750,fine-tuned,"Orange,Green,Red,Blue,Green"
1751,fine-tuned,"Blue,Green,Orange,Red,Blue"
1752,fine-tuned,"Yellow,Green,Green,Red,Red,Red"
1753,fine-tuned,"Green,Red,Blue,Blue,Green"
1754,fine-tuned,"Blue,Orange,Green"
1755,fine-tuned,"Green,Red,Red,Orange,Blue,Red"
1756,fine-tuned,"Yellow,Blue"
1757,fine-tuned,"Yellow,Blue,Green,Orange,Blue,Green"
1758,fine-tuned,"Green,Blue,Orange,Blue"
1759,fine-tuned,"Blue,Green,Blue,Green"
1760,fine-tuned,"Purple,Green,Orange,Blue,Blue,Green"
1761,fine-tuned,"Blue,Red,Green,Red,Green"
1762,fine-tuned,"Red,Blue,Red,Green,Blue,Green"
1763,fine-tuned,"Yellow,Green,Orange,Red"
1764,fine-tuned,"Green,Orange,Red,Red,Red"
1765,fine-tuned,"Blue,Orange,Orange,Blue,Red"
1766,fine-tuned,"Blue,Green,Orange,Blue,Red,Green"
1767,fine-tuned,"Purple,Blue,Green,Orange,Orange"
1768,fine-tuned,"Red,Orange,Green,Green,Blue"
1769,fine-tuned,"Red,Green,Orange,Red"
1770,fine-tuned,"Red,Blue,Green,Red,Orange,Green"
1771,fine-tuned,"Blue,Orange,Green,Green,Red"
1772,fine-tuned,"Green,Red,Red,Blue,Red,Orange"
1773,fine-tuned,"Blue,Orange,Green,Red,Blue,Red"
1774,fine-tuned,"Blue,Orange,Green,Red,Green,Red"
1775,fine-tuned,"Blue,Orange,Red,Red,Orange"
1776,fine-tuned,"Blue,Green,Red,Blue,Red"
1777,fine-tuned,"Green,Red,Red,Blue"
1778,fine-tuned,"Red,Green,Blue,Orange,Orange,Orange"
1779,fine-tuned,"Blue,Orange,Red,Green,Green"
1780,fine-tuned,"Blue,Green,Green,Red,Orange,Orange"
1781,fine-tuned,"Orange,Blue,Green,Red,Orange,Blue"
1782,fine-tuned,"Red,Blue,Orange,Green,Green,Red"
1783,fine-tuned,"Yellow,Green,Blue,Blue,Green"
1784,fine-tuned,"Orange,Green,Green,Green,Red,Orange"
1785,fine-tuned,"Orange,Blue,Red"
1786,fine-tuned,"Orange,Purple,Blue,Green,Blue,Red"
1787,fine-tuned,"Blue,Red,Green,Red,Blue"
1788,fine-tuned,"Orange,Blue,Green,Red,Blue,Orange"
1789,fine-tuned,"Red,Green,Red,Blue,Orange,Blue"
1790,fine-tuned,"Purple,Green,Orange,Green,Blue"
1791,fine-tuned,"Purple,Green,Blue,Red,Orange,Blue"
1792,fine-tuned,"Green,Red,Red,Green,Blue"
1793,fine-tuned,"Blue,Blue,Green,Red"
1794,fine-tuned,"Yellow,Green,Orange,Red,Blue,Red"
1795,fine-tuned,"Yellow,Red,Red,Green,Orange,Blue"
1796,fine-tuned,"Red,Orange,Blue,Blue,Green,Green"
1797,fine-tuned,"Orange,Green,Blue,Blue,Green"
1798,fine-tuned,"Blue,Orange,Green,Red,Blue"
1799,fine-tuned,"Green,Red,Blue,Red,Green"
1800,fine-tuned,"Green,Green,Blue"
1801,fine-tuned,"Red,Green,Blue,Orange"
1802,fine-tuned,"Blue,Green,Red,Red,Orange,Red"
1803,fine-tuned,"Orange,Red,Blue,Blue,Green,Green"
1804,fine-tuned,"Red,Blue,Green,Orange,Blue"
1805,fine-tuned,"Green,Orange,Red,Red,Green"
1806,fine-tuned,"Orange,Red,Red,Orange,Blue"
1807,fine-tuned,"Red,Green,Blue,Red,Green"
1808,fine-tuned,"Green,Red,Blue,Orange"
1809,fine-tuned,"Red,Blue,Blue,Orange"
1810,fine-tuned,"Yellow,Green,Red,Blue,Red,Orange"
1811,fine-tuned,"Blue,Red,Green,Blue"
1812,fine-tuned,"Blue,Green,Orange"
1813,fine-tuned,"Yellow,Orange,Blue"
1814,fine-tuned,"Green,Orange,Red,Blue,Green"
1815,fine-tuned,"Purple,Orange,Blue,Red"
1816,fine-tuned,"Red,Orange,Blue,Green"
1817,fine-tuned,"Orange,Blue,Yellow,Green,Purple,Purple"
1818,fine-tuned,"Blue,Green,Orange,Blue,Blue"
1819,fine-tuned,"Blue,Green"
1820,fine-tuned,"Blue,Orange,Green,Red,Orange"
1821,fine-tuned,"Yellow,Red,Blue,Green,Blue,Red"
1822,fine-tuned,"Blue,Orange,Orange,Red,Orange"
1823,fine-tuned,"Yellow,Green,Red,Red,Orange"
1824,fine-tuned,"Yellow,Green,Blue,Blue,Red"
1825,fine-tuned,"Blue,Red,Orange,Green"
1826,fine-tuned,"Yellow,Orange,Blue,Blue,Orange"
1827,fine-tuned,"Blue,Orange,Green"
1828,fine-tuned,"Blue,Green,Orange"
1829,fine-tuned,"Green,Red,Red,Orange,Blue,Red"
1830,fine-tuned,"Blue,Orange,Green,Blue,Red"
1831,fine-tuned,"Red,Orange,Green,Red,Green,Red"
1832,fine-tuned,"Blue,Orange,Green,Red,Red,Orange"
1833,fine-tuned,"Orange,Yellow,Purple,Red,Green,Red"
1834,fine-tuned,"Yellow,Red,Orange,Red,Blue,Yellow"
1835,fine-tuned,"Red,Blue,Orange,Green,Red"
1836,fine-tuned,"Blue,Green,Orange,Blue,Red"
1837,fine-tuned,"Orange,Blue,Yellow,Red,Red,Purple"
1838,fine-tuned,"Orange,Green,Orange,Blue"
1839,fine-tuned,"Purple,Blue,Orange,Green,Blue,Green"
1840,fine-tuned,"Blue,Red,Red,Green,Green"
1841,fine-tuned,"Purple,Green,Blue,Blue,Orange"
1842,fine-tuned,"Blue,Orange,Blue,Orange"
1843,fine-tuned,"Orange,Red,Green,Green,Blue"
1844,fine-tuned,"Blue,Orange,Red,Green,Orange"
1845,fine-tuned,"Orange,Red,Red,Orange"
1846,fine-tuned,"Purple,Red,Blue,Green"
1847,fine-tuned,"Blue,Orange,Red,Green,Red,Green"
1848,fine-tuned,"Red,Green,Green,Blue,Orange,Blue"
1849,fine-tuned,"Orange,Green,Green,Red,Orange"
1850,fine-tuned,"Blue,Orange,Red"
1851,fine-tuned,"Blue,Green,Orange,Orange"
1852,fine-tuned,"Orange,Green,Green"
1853,fine-tuned,"Green,Orange,Blue,Blue"
1854,fine-tuned,"Orange,Red,Blue,Red"
1855,fine-tuned,"Green,Red,Orange,Green"
1856,fine-tuned,"Orange,Blue,Green,Green,Blue"
1857,fine-tuned,"Red,Green,Orange,Red,Blue"
1858,fine-tuned,"Blue,Red,Orange,Green"
1859,fine-tuned,"Orange,Blue,Green,Red,Blue,Green"
1860,fine-tuned,"Red,Orange,Blue,Green,Orange,Green"
1861,fine-tuned,"Green,Orange,Red"
1862,fine-tuned,"Blue,Green,Orange,Red,Blue"
1863,fine-tuned,"Blue,Red,Green,Red,Blue,Green"
1864,fine-tuned,"Red,Blue,Red,Orange,Blue,Orange"
1865,fine-tuned,"Red,Blue,Red,Blue,Orange,Green"
1866,fine-tuned,"Red,Orange,Green,Red"
1867,fine-tuned,"Blue,Green,Blue,Orange"
1868,fine-tuned,"Purple,Red,Blue,Red,Orange"
1869,fine-tuned,"Orange,Blue,Red,Red,Green"
1870,fine-tuned,"Blue,Orange,Red,Blue,Red,Green"
1871,fine-tuned,"Blue,Red,Orange,Green,Red"
1872,fine-tuned,"Purple,Red,Red,Orange,Red"
1873,fine-tuned,"Red,Blue,Green,Blue,Orange"
1874,fine-tuned,"Green,Green,Blue,Red"
1875,fine-tuned,"Red,Blue,Green,Orange,Red,Red"
1876,fine-tuned,"Red,Green,Orange,Green,Blue"
1877,fine-tuned,"Red,Blue,Green,Red,Green"
1878,fine-tuned,"Red,Orange,Green,Blue"
1879,fine-tuned,"Red,Green,Red"
1880,fine-tuned,"Red,Green,Blue,Blue,Red"
1881,fine-tuned,"Purple,Green,Blue,Green"
1882,fine-tuned,"Red,Blue,Green,Red,Blue,Green"
1883,fine-tuned,"Green,Red,Red,Green,Orange,Blue"
1884,fine-tuned,"Blue,Red,Green,Blue"
1885,fine-tuned,"Blue,Orange,Orange,Green,Blue"
1886,fine-tuned,"Orange,Blue,Orange,Green,Green,Blue"
1887,fine-tuned,"Purple,Green,Orange,Blue"
1888,fine-tuned,"Purple,Green,Blue,Red,Blue,Red"
1889,fine-tuned,"Green,Orange,Green,Red,Blue,Red"
1890,fine-tuned,"Purple,Green,Orange,Green,Red"
1891,fine-tuned,"Green,Orange,Blue,Orange"
1892,fine-tuned,"Purple,Blue,Green,Orange"
1893,fine-tuned,"Blue,Green,Green,Orange,Green"
1894,fine-tuned,"Red,Blue,Green,Orange,Red"
1895,fine-tuned,"Purple,Red,Orange,Green,Green,Blue"
1896,fine-tuned,"Blue,Orange,Green,Orange"
1897,fine-tuned,"Red,Blue"
1898,fine-tuned,"Green,Orange,Red,Blue,Red"
1899,fine-tuned,"Blue,Orange,Red,Green,Green"
1900,fine-tuned,"Yellow,Green,Orange,Blue,Blue,Green"
1901,fine-tuned,"Orange,Purple,Blue,Red,Green,Green"
1902,fine-tuned,"Orange,Red,Green,Blue,Blue,Red"
1903,fine-tuned,"Red,Orange,Green,Orange,Blue"
1904,fine-tuned,"Blue,Orange,Green,Red,Green,Blue"
1905,fine-tuned,"Green,Orange,Red,Blue"
1906,fine-tuned,"Blue,Green,Green,Blue"
1907,fine-tuned,"Yellow,Green,Blue,Yellow,Purple,Purple"
1908,fine-tuned,"Blue,Green,Blue,Red,Red,Green"
1909,fine-tuned,"Green,Red,Orange,Red,Blue"
1910,fine-tuned,"Green,Orange,Red"
1911,fine-tuned,"Red,Blue,Green,Blue,Green"
1912,fine-tuned,"Blue,Green,Orange,Purple,Red,Red"
1913,fine-tuned,"Blue,Green,Green,Red,Orange,Red"
1914,fine-tuned,"Blue,Orange,Blue,Orange"
1915,fine-tuned,"Blue,Red,Green,Green,Orange,Green"
1916,fine-tuned,"Green,Blue,Orange,Green,Red"
1917,fine-tuned,"Red,Green"
1918,fine-tuned,"Red,Green,Green,Orange,Blue,Green"
1919,fine-tuned,"Blue,Green,Blue"
1920,fine-tuned,"Yellow,Orange,Orange,Red,Green,Red"
1921,fine-tuned,"Blue,Red,Blue,Blue,Orange,Green"
1922,fine-tuned,"Blue,Red,Orange,Green,Red,Orange"
1923,fine-tuned,"Blue,Orange,Orange,Green,Blue"
1924,fine-tuned,"Red,Blue,Orange,Green,Blue,Orange"
1925,fine-tuned,"Orange,Green,Green,Blue,Blue,Green"
1926,fine-tuned,"Yellow,Orange,Green,Orange,Blue,Red"
1927,fine-tuned,"Blue,Red,Green,Red,Blue,Green"
1928,fine-tuned,"Blue,Orange,Green,Blue,Red,Orange"
1929,fine-tuned,"Blue,Orange,Red,Red,Blue"
1930,fine-tuned,"Orange,Blue,Red,Orange"
1931,fine-tuned,"Yellow,Green,Red,Red,Blue,Green"
1932,fine-tuned,"Green,Red,Red,Red,Orange,Red"
1933,fine-tuned,"Blue,Green,Orange,Red,Blue"
1934,fine-tuned,"Red,Green,Green,Orange,Red,Green"
1935,fine-tuned,"Yellow,Red,Red,Green,Green"
1936,fine-tuned,"Orange,Red,Blue,Red,Red,Blue"
1937,fine-tuned,"Yellow,Orange,Red,Orange,Red,Green"
1938,fine-tuned,"Orange,Red,Purple,Orange,Blue,Red"
1939,fine-tuned,"Yellow,Green,Blue,Blue,Orange,Red"
1940,fine-tuned,"Yellow,Green,Orange,Orange,Blue,Red"
1941,fine-tuned,"Blue,Red,Green,Orange,Blue,Red"
1942,fine-tuned,"Green,Blue,Red"
1943,fine-tuned,"Purple,Red,Orange,Green,Red"
1944,fine-tuned,"Green,Orange,Blue,Blue,Red,Red"
1945,fine-tuned,"Orange,Purple,Yellow,Yellow,Purple,Green"
1946,fine-tuned,"Yellow,Orange,Blue,Blue,Orange"
1947,fine-tuned,"Orange,Blue,Green,Orange,Blue,Blue"
1948,fine-tuned,"Green,Blue,Green,Orange"
1949,fine-tuned,"Yellow,Green,Blue,Red,Green,Orange"
1950,fine-tuned,"Green,Orange,Red,Red,Red,Blue"
1951,fine-tuned,"Purple,Green,Orange,Red,Blue"
1952,fine-tuned,"Red,Green,Green,Blue,Orange,Red"
1953,fine-tuned,"Blue,Green,Orange,Red,Red"
1954,fine-tuned,"Blue,Red,Green,Orange,Red,Green"
1955,fine-tuned,"Blue,Red,Green,Green,Blue"
1956,fine-tuned,"Red,Blue,Green,Red,Red,Blue"
1957,fine-tuned,"Purple,Blue,Red,Green,Green,Red"
1958,fine-tuned,"Yellow,Green,Orange,Red,Red"
1959,fine-tuned,"Blue,Red,Green,Red,Green,Red"
1960,fine-tuned,"Yellow,Green,Green,Red,Green,Orange"
1961,fine-tuned,"Red,Green,Orange"
1962,fine-tuned,"Orange,Blue,Green,Green,Blue"
1963,fine-tuned,"Yellow,Blue,Blue,Blue,Blue,Green"
1964,fine-tuned,"Orange,Blue,Red,Green,Red,Orange"
1965,fine-tuned,"Purple,Green,Blue,Red"
1966,fine-tuned,"Blue,Orange,Green,Blue,Red"
1967,fine-tuned,"Orange,Red,Green,Red,Blue,Green"
1968,fine-tuned,"Yellow,Green,Red,Orange,Red,Red"
1969,fine-tuned,"Blue,Red,Green,Red,Green,Orange"
1970,fine-tuned,"Green,Red,Orange,Red,Green,Green"
1971,fine-tuned,"Green,Orange,Red,Orange"
1972,fine-tuned,"Blue,Orange,Red,Red,Blue"
1973,fine-tuned,"Yellow,Green,Blue,Orange,Red,Blue"
1974,fine-tuned,"Yellow,Blue,Red"
1975,fine-tuned,"Green,Orange,Green,Red"
1976,fine-tuned,"Blue,Blue,Red,Green,Green"
1977,fine-tuned,"Purple,Green,Blue,Red,Orange,Red"
1978,fine-tuned,"Blue,Orange,Red,Green,Green,Blue"
1979,fine-tuned,"Red,Green,Blue,Red,Orange,Red"
1980,fine-tuned,"Purple,Blue,Green,Orange,Green"
1981,fine-tuned,"Blue,Red,Orange,Green,Orange,Green"
1982,fine-tuned,"Blue,Green,Red,Blue,Orange"
1983,fine-tuned,"Blue,Orange,Green"
1984,fine-tuned,"Red,Green,Red,Orange,Red"
1985,fine-tuned,"Blue,Green,Red,Orange"
1986,fine-tuned,"Blue,Red,Green,Red,Orange"
1987,fine-tuned,"Blue,Red,Orange,Green,Red"
1988,fine-tuned,"Yellow,Orange,Red,Green,Orange,Red"
1989,fine-tuned,"Green,Blue,Orange,Green,Green,Blue"
1990,fine-tuned,"Purple,Orange,Blue,Red,Green"
1991,fine-tuned,"Green,Orange,Blue,Red,Blue"
1992,fine-tuned,"Blue,Orange,Green,Red,Green"
1993,fine-tuned,"Blue,Green,Orange,Red,Blue,Red"
1994,fine-tuned,"Red,Orange,Blue,Orange,Green"
1995,fine-tuned,"Blue,Orange,Blue,Red,Green"
1996,fine-tuned,"Blue,Green,Orange,Blue,Red"
1997,fine-tuned,"Yellow,Orange,Blue,Green,Red"
1998,fine-tuned,"Red,Orange,Green,Blue,Green,Green"
1999,fine-tuned,"Blue,Red,Orange,Red,Green"
2000,fine-tuned,"Red,Green,Green,Blue,Green,Blue"
2001,fine-tuned,"Red,Orange,Orange"
2002,fine-tuned,"Blue,Green,Orange,Green"
2003,fine-tuned,"Red,Green,Red,Blue"
2004,fine-tuned,"Yellow,Orange,Green,Orange,Red"
2005,fine-tuned,"Yellow,Orange,Green,Blue,Green,Red"
2006,fine-tuned,"Green,Red,Orange,Red"
2007,fine-tuned,"Yellow,Blue,Orange,Orange,Green"
2008,fine-tuned,"Red,Orange,Blue"
2009,fine-tuned,"Blue,Green,Blue,Green,Blue"
2010,fine-tuned,"Blue,Red,Orange,Red,Green,Blue"
2011,fine-tuned,"Yellow,Green,Blue,Blue,Green"
2012,fine-tuned,"Orange,Green,Red,Green,Red"
2013,fine-tuned,"Red,Orange,Blue,Orange,Green,Blue"
2014,fine-tuned,"Blue,Orange,Green,Red"
2015,fine-tuned,"Green,Orange,Blue,Red,Red"
2016,fine-tuned,"Green,Green,Green,Green,Blue,Orange"
2017,fine-tuned,"Blue,Orange,Green,Blue,Red"
2018,fine-tuned,"Orange,Green,Red,Red,Green"
2019,fine-tuned,"Red,Blue,Green,Blue,Red"
2020,fine-tuned,"Red,Green,Blue,Red,Orange,Red"
2021,fine-tuned,"Blue,Green,Red,Orange,Red"
2022,fine-tuned,"Yellow,Red,Green,Orange,Blue,Green"
2023,fine-tuned,"Blue,Red,Green,Blue,Orange"
2024,fine-tuned,"Red,Green,Red,Green"
2025,fine-tuned,"Blue,Orange,Green,Green,Orange"
2026,fine-tuned,"Yellow,Green,Green,Orange,Red,Red"
2027,fine-tuned,"Green,Orange,Red,Red,Green"
2028,fine-tuned,"Green,Red,Blue,Green,Blue"
2029,fine-tuned,"Orange,Green,Red,Orange,Orange,Red"
2030,fine-tuned,"Red,Green,Orange,Green,Blue,Red"
2031,fine-tuned,"Blue,Green,Green,Orange,Red"
2032,fine-tuned,"Blue,Orange,Red,Green"
2033,fine-tuned,"Orange,Blue,Green,Blue"
2034,fine-tuned,"Blue,Red,Green,Green,Blue"
2035,fine-tuned,"Red,Green,Orange,Red,Orange,Orange"
2036,fine-tuned,"Purple,Green,Orange,Blue,Red,Blue"
2037,fine-tuned,"Green,Orange,Blue,Red,Red,Blue"
2038,fine-tuned,"Red,Orange,Green,Orange,Green"
2039,fine-tuned,"Purple,Red,Red,Orange,Green,Red"
2040,fine-tuned,"Yellow,Green,Blue,Blue,Red,Green"
2041,fine-tuned,"Orange,Blue,Green,Red,Red"
2042,fine-tuned,"Blue,Green,Orange,Red,Green,Blue"
2043,fine-tuned,"Blue,Orange,Orange,Orange,Blue,Green"
2044,fine-tuned,"Blue,Red,Red,Red,Red,Orange"
2045,fine-tuned,"Blue,Orange,Green,Red"
2046,fine-tuned,"Blue,Red,Red,Green,Red"
2047,fine-tuned,"Blue,Orange,Blue,Red"
2048,fine-tuned,"Yellow,Red,Blue,Orange,Red,Green"
2049,fine-tuned,"Blue,Green,Red,Red,Green,Blue"
2050,fine-tuned,"Blue,Orange,Green"
2051,fine-tuned,"Yellow,Green,Orange,Blue,Green"
2052,fine-tuned,"Green,Blue,Orange,Red,Orange"
2053,fine-tuned,"Purple,Blue,Red,Green,Orange"
2054,fine-tuned,"Blue,Orange,Red,Orange,Red,Green"
2055,fine-tuned,"Yellow,Green,Orange,Red,Blue,Blue"
2056,fine-tuned,"Red,Blue,Green,Green,Blue,Orange"
2057,fine-tuned,"Blue,Red,Orange,Green"
2058,fine-tuned,Blue
2059,fine-tuned,"Blue,Orange,Green,Green,Red"
2060,fine-tuned,"Yellow,Green,Red,Green,Orange,Red"
2061,fine-tuned,"Red,Orange,Green,Blue,Orange"
2062,fine-tuned,"Red,Green,Blue,Green"
2063,fine-tuned,"Yellow,Blue,Green,Red,Green,Blue"
2064,fine-tuned,"Purple,Orange,Blue,Red,Green"
2065,fine-tuned,"Purple,Green,Red,Red,Blue,Blue"
2066,fine-tuned,"Red,Blue,Green,Orange,Red"
2067,fine-tuned,"Red,Red,Blue,Orange,Green,Blue"
2068,fine-tuned,"Orange,Green,Green,Red,Blue"
2069,fine-tuned,"Blue,Red,Red,Green"
2070,fine-tuned,"Purple,Green,Green,Orange"
2071,fine-tuned,"Blue,Blue,Green,Green,Orange"
2072,fine-tuned,"Purple,Green,Orange,Orange,Red,Blue"
2073,fine-tuned,"Blue,Orange,Green,Blue,Orange"
2074,fine-tuned,"Yellow,Green,Blue,Blue,Orange,Red"
2075,fine-tuned,"Blue,Green,Orange"
2076,fine-tuned,"Blue,Blue,Red,Orange,Blue"
2077,fine-tuned,"Blue,Blue,Green,Orange"
2078,fine-tuned,"Red,Blue,Red,Orange,Green,Red"
2079,fine-tuned,"Orange,Green,Red,Red,Blue,Red"
2080,fine-tuned,"Red,Blue,Red,Green,Green"
2081,fine-tuned,"Green,Blue,Red,Orange,Green"
2082,fine-tuned,"Red,Orange,Blue,Blue,Green,Red"
2083,fine-tuned,"Orange,Red,Orange,Blue,Blue,Blue"
2084,fine-tuned,"Green,Orange,Green,Blue"
2085,fine-tuned,"Blue,Red,Red,Orange,Red"
2086,fine-tuned,"Blue,Orange,Blue,Green,Red"
2087,fine-tuned,"Blue,Green,Red,Orange,Red,Green"
2088,fine-tuned,"Red,Orange,Red"
2089,fine-tuned,"Blue,Orange,Green,Red,Blue"
2090,fine-tuned,"Yellow,Green,Red,Orange,Red"
2091,fine-tuned,"Blue,Orange,Green,Red"
2092,fine-tuned,"Green,Orange,Red,Red,Red"
2093,fine-tuned,"Blue,Orange,Red,Green,Green,Blue"
2094,fine-tuned,"Yellow,Green,Blue,Red,Red"
2095,fine-tuned,"Red,Orange,Green,Orange,Blue"
2096,fine-tuned,"Blue,Orange,Orange,Green,Green,Blue"
2097,fine-tuned,"Green,Purple,Orange,Blue,Red,Red"
2098,fine-tuned,"Orange,Green,Blue,Red"
2099,fine-tuned,"Purple,Green,Red,Blue,Red,Orange"
2100,fine-tuned,"Green,Orange,Blue,Green,Red"
2101,fine-tuned,"Blue,Red,Orange,Blue,Orange"
2102,fine-tuned,"Blue,Orange,Orange,Orange,Blue,Red"
2103,fine-tuned,"Green,Red,Blue,Blue,Red,Orange"
2104,fine-tuned,"Blue,Green,Orange,Blue"
2105,fine-tuned,"Blue,Red,Orange,Red"
2106,fine-tuned,"Yellow,Blue,Red,Red,Green,Blue"
2107,fine-tuned,"Blue,Orange,Red,Orange,Blue,Green"
2108,fine-tuned,"Blue,Orange,Red"
2109,fine-tuned,"Green,Yellow,Orange,Purple,Blue,Orange"
2110,fine-tuned,"Yellow,Blue,Orange,Green,Green"
2111,fine-tuned,"Red,Blue,Green,Green,Blue"
2112,fine-tuned,"Red,Blue,Orange,Green,Red,Green"
2113,fine-tuned,"Blue,Orange,Orange,Red,Green,Orange"
2114,fine-tuned,"Orange,Purple,Green,Purple,Blue,Green"
2115,fine-tuned,"Purple,Blue,Orange,Blue,Red"
2116,fine-tuned,"Yellow,Orange,Green,Green"
2117,fine-tuned,"Orange,Blue,Red,Red"
2118,fine-tuned,"Orange,Green,Blue,Green,Blue,Blue"
2119,fine-tuned,"Orange,Green,Blue,Purple,Red,Yellow"
2120,fine-tuned,"Green,Red,Blue,Orange,Green,Green"
2121,fine-tuned,"Purple,Green,Blue,Red,Blue,Orange"
2122,fine-tuned,"Red,Orange,Green,Green,Red,Red"
2123,fine-tuned,"Red,Green,Orange,Blue,Red,Orange"
2124,fine-tuned,"Yellow,Red,Green,Orange,Green,Blue"
2125,fine-tuned,"Green,Orange,Green,Red"
2126,fine-tuned,"Yellow,Blue,Red,Orange,Red"
2127,fine-tuned,"Yellow,Green,Red,Orange"
2128,fine-tuned,"Green,Red,Red,Blue,Green"
2129,fine-tuned,"Blue,Green,Red,Orange,Green"
2130,fine-tuned,"Orange,Red,Blue,Green,Green"
2131,fine-tuned,"Blue,Orange,Red,Red,Green,Red"
2132,fine-tuned,"Green,Orange,Red,Blue"
2133,fine-tuned,"Blue,Red,Green,Green,Orange"
2134,fine-tuned,"Green,Orange,Red"
2135,fine-tuned,"Red,Blue,Orange,Orange,Red"
2136,fine-tuned,"Yellow,Orange,Blue,Blue,Red,Blue"
2137,fine-tuned,"Yellow,Red,Orange,Red,Green,Red"
2138,fine-tuned,"Red,Orange"
2139,fine-tuned,"Red,Orange,Green,Orange"
2140,fine-tuned,"Red,Orange,Orange,Green,Red,Orange"
2141,fine-tuned,"Blue,Red,Orange,Red,Green,Green"
2142,fine-tuned,"Blue,Green,Orange,Red,Purple,Green"
2143,fine-tuned,"Blue,Green,Orange,Green,Red"
2144,fine-tuned,"Green,Red,Blue,Blue,Red"
2145,fine-tuned,"Orange,Blue,Blue,Green,Red"
2146,fine-tuned,"Red,Green,Blue,Red,Green"
2147,fine-tuned,"Blue,Orange,Green,Red,Green,Blue"
2148,fine-tuned,"Blue,Green,Green,Orange,Red,Blue"
2149,fine-tuned,"Blue,Green,Red,Orange,Red"
2150,fine-tuned,"Blue,Green,Blue,Orange,Green"
2151,fine-tuned,"Blue,Red,Red,Orange,Red"
2152,fine-tuned,"Purple,Blue,Orange,Blue,Green,Orange"
2153,fine-tuned,"Blue,Red,Green,Green,Orange,Red"
2154,fine-tuned,"Blue,Orange,Blue,Blue,Green"
2155,fine-tuned,"Blue,Red,Red,Orange,Green,Red"
2156,fine-tuned,"Red,Blue,Blue,Orange,Green"
2157,fine-tuned,"Red,Orange,Red,Green"
2158,fine-tuned,"Blue,Green,Red,Green"
2159,fine-tuned,"Green,Red,Orange,Blue,Green,Orange"
2160,fine-tuned,"Blue,Orange,Orange,Orange"
2161,fine-tuned,"Blue,Green,Orange,Blue,Orange,Red"
2162,fine-tuned,"Green,Red,Blue,Orange,Orange"
2163,fine-tuned,"Blue,Blue,Blue,Orange"
2164,fine-tuned,"Yellow,Red,Red,Blue,Red,Green"
2165,fine-tuned,"Red,Green,Blue,Blue,Orange"
2166,fine-tuned,"Purple,Blue,Green,Red,Blue,Orange"
2167,fine-tuned,"Red,Green,Green,Blue,Orange"
2168,fine-tuned,"Red,Orange,Green,Orange,Red"
2169,fine-tuned,"Green,Blue,Orange,Orange,Red"
2170,fine-tuned,"Blue,Red,Green,Red,Blue"
2171,fine-tuned,"Blue,Orange,Red,Green,Green,Blue"
2172,fine-tuned,"Blue,Green,Red,Blue"
2173,fine-tuned,"Blue,Red,Orange,Green"
2174,fine-tuned,"Green,Orange,Red,Green"
2175,fine-tuned,"Purple,Green,Orange,Orange,Blue"
2176,fine-tuned,"Yellow,Blue,Orange,Green,Red"
2177,fine-tuned,"Yellow,Red,Green,Orange,Blue,Red"
2178,fine-tuned,"Purple,Green,Red,Red,Green,Blue"
2179,fine-tuned,"Blue,Green,Green,Green,Green,Orange"
2180,fine-tuned,"Blue,Red,Red,Green,Orange,Green"
2181,fine-tuned,"Orange,Green,Red,Blue"
2182,fine-tuned,"Blue,Orange,Red,Green,Orange"
2183,fine-tuned,"Green,Blue,Green,Orange,Red,Blue"
2184,fine-tuned,"Red,Green,Green,Blue,Green"
2185,fine-tuned,"Green,Blue,Green,Orange,Blue"
2186,fine-tuned,"Purple,Orange,Blue,Red"
2187,fine-tuned,"Green,Orange,Blue,Blue,Red,Red"
2188,fine-tuned,"Purple,Blue,Orange,Red,Red"
2189,fine-tuned,"Purple,Green,Orange,Blue"
2190,fine-tuned,"Blue,Orange,Blue,Green,Green,Red"
2191,fine-tuned,"Blue,Red,Orange,Green"
2192,fine-tuned,"Blue,Green,Red,Green"
2193,fine-tuned,"Blue,Red,Orange,Red,Blue"
2194,fine-tuned,"Green,Orange,Red"
2195,fine-tuned,"Blue,Red,Blue,Green,Red"
2196,fine-tuned,"Orange,Green,Red,Purple,Green,Yellow"
2197,fine-tuned,"Red,Orange,Blue,Green"
2198,fine-tuned,"Orange,Red,Orange,Red"
2199,fine-tuned,"Blue,Green,Red,Red,Green"
2200,fine-tuned,"Orange,Green,Green,Orange,Yellow,Red"
2201,fine-tuned,"Yellow,Red,Green,Red,Blue,Green"
2202,fine-tuned,"Blue,Green,Green,Red,Orange,Blue"
2203,fine-tuned,"Yellow,Orange,Green,Blue,Orange,Green"
2204,fine-tuned,"Yellow,Green,Orange,Blue"
2205,fine-tuned,"Blue,Green,Red,Green,Orange"
2206,fine-tuned,"Red,Green,Orange,Blue,Green"
2207,fine-tuned,"Blue,Red,Green,Blue,Red"
2208,fine-tuned,"Red,Green,Blue,Blue,Red,Orange"
2209,fine-tuned,"Green,Orange,Red,Blue"
2210,fine-tuned,"Purple,Blue,Orange,Blue,Orange"
2211,fine-tuned,"Green,Red,Orange,Red,Blue,Red"
2212,fine-tuned,"Green,Orange,Orange,Blue,Red"
2213,fine-tuned,"Blue,Green,Red,Green"
2214,fine-tuned,"Orange,Green,Blue,Red,Blue,Red"
2215,fine-tuned,"Green,Blue,Green,Red"
2216,fine-tuned,"Red,Blue,Red,Orange,Red"
2217,fine-tuned,"Green,Orange,Blue,Red,Red,Green"
2218,fine-tuned,"Orange,Green,Yellow,Red,Blue,Yellow"
2219,fine-tuned,"Red,Orange,Orange,Blue"
2220,fine-tuned,"Red,Green,Orange,Green,Red,Orange"
2221,fine-tuned,"Blue,Green,Green,Orange,Blue,Blue"
2222,fine-tuned,"Purple,Blue,Red,Orange,Red,Blue"
2223,fine-tuned,"Blue,Orange,Green,Red,Blue,Red"
2224,fine-tuned,"Blue,Green,Blue,Red,Orange,Red"
2225,fine-tuned,"Blue,Orange,Blue"
2226,fine-tuned,"Red,Green,Orange,Green"
2227,fine-tuned,"Blue,Blue,Blue,Green,Blue"
2228,fine-tuned,"Blue,Orange,Green,Green,Red,Orange"
2229,fine-tuned,"Yellow,Blue,Green,Blue,Green"
2230,fine-tuned,"Orange,Blue,Red,Red,Red"
2231,fine-tuned,"Green,Red,Red,Orange,Red"
2232,fine-tuned,"Yellow,Red,Blue,Green,Blue,Green"
2233,fine-tuned,"Green,Orange,Red,Red,Green"
2234,fine-tuned,"Blue,Green,Orange,Red,Orange,Blue"
2235,fine-tuned,"Purple,Blue,Green,Orange,Blue,Blue"
2236,fine-tuned,"Blue,Green,Red,Green,Red"
2237,fine-tuned,"Red,Green,Red,Orange,Red,Green"
2238,fine-tuned,"Yellow,Blue,Orange,Green,Red,Red"
2239,fine-tuned,"Yellow,Blue,Green,Blue,Blue,Orange"
2240,fine-tuned,"Blue,Orange,Green,Orange,Red,Orange"
2241,fine-tuned,"Blue,Orange,Green,Orange"
2242,fine-tuned,"Red,Blue,Green"
2243,fine-tuned,"Green,Red,Orange,Blue,Red,Blue"
2244,fine-tuned,"Orange,Blue,Green,Red,Blue,Red"
2245,fine-tuned,"Red,Orange,Blue,Green"
2246,fine-tuned,"Blue,Red,Green,Orange,Red"
2247,fine-tuned,"Orange,Blue,Green,Blue"
2248,fine-tuned,"Orange,Blue,Red,Red,Green,Red"
2249,fine-tuned,"Green,Blue,Orange,Green"
2250,fine-tuned,"Yellow,Blue,Green,Orange,Blue"
2251,fine-tuned,"Red,Orange,Green,Green"
2252,fine-tuned,"Blue,Green,Blue,Green,Orange"
2253,fine-tuned,"Blue,Green,Green,Red,Green"
2254,fine-tuned,"Orange,Red,Red,Red"
2255,fine-tuned,"Red,Orange,Green,Orange,Green"
2256,fine-tuned,"Yellow,Green,Blue,Red,Green"
2257,fine-tuned,"Blue,Red,Red,Red,Red,Red"
2258,fine-tuned,"Red,Green,Green,Green"
2259,fine-tuned,"Purple,Blue,Orange,Red,Red,Green"
2260,fine-tuned,"Blue,Red,Blue,Green,Red"
2261,fine-tuned,"Yellow,Green,Green,Blue,Orange,Green"
2262,fine-tuned,"Red,Orange,Red,Green,Green"
2263,fine-tuned,"Blue,Orange,Orange,Red,Green,Blue"
2264,fine-tuned,"Green,Orange,Red"
2265,fine-tuned,"Blue,Green,Blue,Red,Orange,Red"
2266,fine-tuned,"Blue,Orange,Green,Red,Blue,Green"
2267,fine-tuned,"Yellow,Red,Blue,Red,Blue,Green"
2268,fine-tuned,"Green,Orange,Red,Green,Red"
2269,fine-tuned,"Orange,Blue,Blue,Red,Green,Blue"
2270,fine-tuned,"Green,Red,Orange,Blue,Red"
2271,fine-tuned,"Red,Orange,Red,Green,Orange"
2272,fine-tuned,"Blue,Green,Green,Orange"
2273,fine-tuned,"Orange,Green,Purple,Red,Purple,Red"
2274,fine-tuned,"Red,Orange,Red,Green,Green"
2275,fine-tuned,"Yellow,Green,Red,Blue,Green,Orange"
2276,fine-tuned,"Red,Green,Orange,Orange,Green,Blue"
2277,fine-tuned,"Red,Orange,Green,Blue,Green,Red"
2278,fine-tuned,"Purple,Green,Blue,Red,Red"
2279,fine-tuned,"Orange,Red,Blue,Green"
2280,fine-tuned,"Green,Blue,Orange,Blue,Red"
2281,fine-tuned,"Yellow,Blue,Green,Blue,Green,Blue"
2282,fine-tuned,"Yellow,Red,Orange,Green,Blue,Red"
2283,fine-tuned,"Orange,Red,Green,Green,Orange,Green"
2284,fine-tuned,"Red,Orange,Green,Green,Red,Blue"
2285,fine-tuned,"Blue,Orange,Red,Blue,Green"
2286,fine-tuned,"Purple,Green,Blue,Red,Green,Orange"
2287,fine-tuned,"Orange,Red"
2288,fine-tuned,"Red,Blue,Red,Green,Green,Green"
2289,fine-tuned,"Blue,Green,Green,Red,Green"
2290,fine-tuned,"Blue,Green,Red"
2291,fine-tuned,"Green,Blue,Green,Orange"
2292,fine-tuned,"Blue,Green,Red,Green,Red"
2293,fine-tuned,"Blue,Green,Red,Blue,Green"
2294,fine-tuned,"Green,Blue,Green,Orange,Red,Blue"
2295,fine-tuned,"Red,Green,Green"
2296,fine-tuned,"Red,Green,Green,Blue,Green,Blue"
2297,fine-tuned,"Purple,Orange,Blue,Green,Blue"
2298,fine-tuned,"Blue,Green,Green,Orange"
2299,fine-tuned,"Orange,Purple,Green,Green,Red,Yellow"
2300,fine-tuned,"Purple,Green,Blue,Red,Blue,Red"
2301,fine-tuned,"Blue,Red,Red,Blue,Green"
2302,fine-tuned,"Blue,Red,Blue,Orange,Red"
2303,fine-tuned,"Orange,Red,Blue,Orange,Blue"
2304,fine-tuned,"Red,Green,Orange,Blue,Orange"
2305,fine-tuned,"Red,Blue,Red,Red,Blue"
2306,fine-tuned,"Purple,Green,Red,Blue,Orange,Green"
2307,fine-tuned,"Purple,Red,Blue,Green,Green"
2308,fine-tuned,"Purple,Orange,Blue,Orange,Red,Green"
2309,fine-tuned,"Blue,Green,Red,Orange,Red,Orange"
2310,fine-tuned,"Orange,Red,Green,Green"
2311,fine-tuned,"Red,Blue,Blue,Orange,Red"
2312,fine-tuned,"Purple,Blue,Blue,Blue"
2313,fine-tuned,"Blue,Orange,Green,Red"
2314,fine-tuned,"Blue,Red,Orange,Green"
2315,fine-tuned,"Blue,Green,Orange,Orange,Green"
2316,fine-tuned,"Purple,Orange,Red,Green,Orange"
2317,fine-tuned,"Green,Blue,Blue,Blue"
2318,fine-tuned,"Red,Orange,Red,Green,Green,Red"
2319,fine-tuned,"Blue,Green,Green,Red,Green"
2320,fine-tuned,"Green,Orange,Blue,Orange,Red,Orange"
2321,fine-tuned,"Blue,Red,Green,Red"
2322,fine-tuned,"Orange,Blue,Blue,Green,Green,Blue"
2323,fine-tuned,"Green,Red,Blue,Green,Red"
2324,fine-tuned,"Red,Orange,Blue,Blue"
2325,fine-tuned,"Orange,Blue,Red,Green"
2326,fine-tuned,"Blue,Orange,Green,Blue,Blue,Red"
2327,fine-tuned,"Red,Green,Green,Blue,Orange,Blue"
2328,fine-tuned,"Red,Red,Blue,Green,Orange,Red"
2329,fine-tuned,"Red,Blue,Orange,Green,Blue,Orange"
2330,fine-tuned,"Yellow,Red,Orange,Blue,Blue,Red"
2331,fine-tuned,"Blue,Green,Green,Red,Orange"
2332,fine-tuned,"Red,Green,Red,Green,Blue,Red"
2333,fine-tuned,"Purple,Blue,Orange,Red,Orange"
2334,fine-tuned,"Red,Blue,Green,Orange,Red"
2335,fine-tuned,"Orange,Green,Blue,Red,Red"
2336,fine-tuned,"Green,Red,Green,Green"
2337,fine-tuned,"Orange,Red,Yellow,Purple,Blue,Red"
2338,fine-tuned,"Blue,Orange,Blue,Orange,Green"
2339,fine-tuned,"Green,Blue,Green,Orange,Red,Green"
2340,fine-tuned,"Orange,Blue,Red,Green,Green,Red"
2341,fine-tuned,"Yellow,Blue,Red,Blue,Green"
2342,fine-tuned,"Red,Blue,Green,Green"
2343,fine-tuned,"Red,Blue,Green,Red,Green,Blue"
2344,fine-tuned,"Blue,Green,Blue,Orange"
2345,fine-tuned,"Blue,Red,Green,Red"
2346,fine-tuned,"Red,Blue,Green,Orange,Green,Orange"
2347,fine-tuned,"Green,Orange,Red,Blue,Green,Red"
2348,fine-tuned,"Red,Green,Orange,Blue,Red,Orange"
2349,fine-tuned,"Blue,Red,Orange,Blue"
2350,fine-tuned,"Red,Green,Blue,Blue,Red,Green"
2351,fine-tuned,"Blue,Green,Red,Orange,Red,Green"
2352,fine-tuned,"Blue,Green,Green"
2353,fine-tuned,"Purple,Green,Orange,Blue,Green,Blue"
2354,fine-tuned,"Green,Red,Red,Orange"
2355,fine-tuned,"Green,Red,Blue,Green,Blue"
2356,fine-tuned,"Blue,Red,Red,Red,Green"
2357,fine-tuned,"Yellow,Orange,Orange,Green,Blue,Blue"
2358,fine-tuned,"Blue,Green,Orange,Blue,Green"
2359,fine-tuned,"Purple,Orange,Red,Orange,Green,Blue"
2360,fine-tuned,"Blue,Orange,Green,Red,Green,Green"
2361,fine-tuned,"Yellow,Orange,Blue,Blue,Red,Red"
2362,fine-tuned,"Green,Blue,Red"
2363,fine-tuned,"Orange,Blue,Green,Purple,Red,Blue"
2364,fine-tuned,"Orange,Blue,Red"
2365,fine-tuned,"Red,Blue,Orange,Red,Blue,Green"
2366,fine-tuned,"Blue,Orange,Green"
2367,fine-tuned,"Orange,Green,Red,Blue,Green"
2368,fine-tuned,"Blue,Orange,Green,Red,Red,Blue"
2369,fine-tuned,"Red,Green,Green,Blue,Red,Blue"
2370,fine-tuned,"Purple,Blue,Red,Blue"
2371,fine-tuned,"Blue,Red,Green,Green,Red"
2372,fine-tuned,"Green,Red,Green,Blue,Blue,Green"
2373,fine-tuned,"Blue,Green,Red,Red"
2374,fine-tuned,"Blue,Orange,Red,Red,Green,Blue"
2375,fine-tuned,"Blue,Green,Red,Green,Red"
2376,fine-tuned,"Blue,Orange,Red,Red,Orange"
2377,fine-tuned,"Yellow,Orange,Orange,Green,Red,Red"
2378,fine-tuned,"Red,Green,Blue,Blue,Red"
2379,fine-tuned,"Green,Orange,Blue"
2380,fine-tuned,"Blue,Red,Green,Green,Blue,Red"
2381,fine-tuned,"Orange,Green,Green,Blue,Green,Red"
2382,fine-tuned,"Blue,Green,Red,Orange,Orange"
2383,fine-tuned,"Red,Blue,Blue,Orange,Green,Blue"
2384,fine-tuned,"Green,Orange,Red,Blue,Orange,Red"
2385,fine-tuned,"Yellow,Blue,Green,Blue"
2386,fine-tuned,"Orange,Red,Blue,Green,Red,Blue"
2387,fine-tuned,"Red,Blue,Orange,Green"
2388,fine-tuned,"Purple,Red,Red,Blue,Orange"
2389,fine-tuned,"Purple,Green,Blue"
2390,fine-tuned,"Blue,Yellow,Orange,Green,Purple,Green"
2391,fine-tuned,"Purple,Blue,Red,Red,Green,Blue"
2392,fine-tuned,"Green,Orange,Red,Blue,Orange,Orange"
2393,fine-tuned,"Blue,Blue,Red,Green"
2394,fine-tuned,"Red,Red,Orange,Green"
2395,fine-tuned,"Orange,Purple,Blue,Yellow,Blue,Green"
2396,fine-tuned,"Red,Orange,Green,Red"
2397,fine-tuned,"Orange,Blue,Blue,Purple,Orange,Blue"
2398,fine-tuned,"Blue,Green,Red,Orange"
2399,fine-tuned,"Red,Blue,Orange,Blue,Green"
2400,fine-tuned,"Red,Orange,Green,Blue"
2401,fine-tuned,"Blue,Red,Green,Green,Red"
2402,fine-tuned,"Orange,Purple,Yellow,Blue,Blue,Green"
2403,fine-tuned,"Green,Blue,Orange,Red,Green,Red"
2404,fine-tuned,"Red,Red,Green,Orange"
2405,fine-tuned,"Orange,Green,Green,Purple,Purple,Orange"
2406,fine-tuned,"Purple,Green,Blue,Red,Blue"
2407,fine-tuned,"Red,Green,Green,Blue,Red"
2408,fine-tuned,"Orange,Green,Green,Red,Red"
2409,fine-tuned,"Yellow,Green,Red,Green"
2410,fine-tuned,"Blue,Green,Red,Green,Blue"
2411,fine-tuned,"Green,Blue,Red,Red"
2412,fine-tuned,"Orange,Green,Red,Blue,Red,Blue"
2413,fine-tuned,"Blue,Orange,Red,Red,Green,Red"
2414,fine-tuned,"Blue,Blue,Red,Red,Red,Red"
2415,fine-tuned,"Orange,Blue,Red,Green,Red,Green"
2416,fine-tuned,"Orange,Blue,Yellow,Green,Orange,Purple"
2417,fine-tuned,"Blue,Orange,Red,Green,Blue"
2418,fine-tuned,"Green,Blue,Orange"
2419,fine-tuned,"Blue,Red,Green,Red,Orange"
2420,fine-tuned,"Yellow,Blue,Red,Orange,Blue"
2421,fine-tuned,"Green,Orange,Red,Blue,Blue"
2422,fine-tuned,"Purple,Orange,Blue,Green,Green"
2423,fine-tuned,"Blue,Orange,Orange,Red,Green"
2424,fine-tuned,"Green,Orange,Red,Green"
2425,fine-tuned,"Green,Red,Orange,Blue,Red,Green"
2426,fine-tuned,"Red,Green,Green,Orange"
2427,fine-tuned,"Red,Blue,Blue,Orange"
2428,fine-tuned,"Red,Blue,Blue,Green,Red"
2429,fine-tuned,"Red,Green,Orange,Blue,Red"
2430,fine-tuned,"Orange,Blue,Red,Blue,Red"
2431,fine-tuned,"Blue,Red,Red,Green,Red,Green"
2432,fine-tuned,"Blue,Yellow,Green,Yellow,Red,Orange"
2433,fine-tuned,"Orange,Green,Green,Green,Red"
2434,fine-tuned,"Yellow,Green,Blue,Red,Green,Blue"
2435,fine-tuned,"Green,Orange,Blue,Red,Red"
2436,fine-tuned,"Blue,Orange,Green,Blue,Orange"
2437,fine-tuned,"Red,Blue,Red,Green,Green"
2438,fine-tuned,"Red,Green,Red,Red"
2439,fine-tuned,"Red,Green,Orange,Red,Blue"
2440,fine-tuned,"Purple,Red,Green,Green"
2441,fine-tuned,"Yellow,Blue,Orange,Orange,Red,Red"
2442,fine-tuned,"Orange,Green,Green,Orange"
2443,fine-tuned,"Yellow,Blue,Green,Blue"
2444,fine-tuned,"Blue,Green,Red,Red,Red,Orange"
2445,fine-tuned,"Red,Green,Green,Orange,Red,Green"
2446,fine-tuned,"Purple,Blue,Orange,Green"
2447,fine-tuned,"Red,Orange,Green"
2448,fine-tuned,"Orange,Red,Red,Red,Red,Green"
2449,fine-tuned,"Red,Green,Blue,Red,Green"
2450,fine-tuned,"Blue,Orange,Green,Red,Green"
2451,fine-tuned,"Red,Orange,Blue,Blue,Orange,Green"
2452,fine-tuned,"Blue,Green,Red"
2453,fine-tuned,"Blue,Green,Green,Red,Orange"
2454,fine-tuned,"Blue,Orange,Blue,Green,Orange,Red"
2455,fine-tuned,"Blue,Red,Red,Blue"
2456,fine-tuned,"Blue,Orange,Red,Orange,Green,Orange"
2457,fine-tuned,"Blue,Green,Orange,Red"
2458,fine-tuned,"Blue,Green,Green,Orange"
2459,fine-tuned,"Red,Blue,Blue,Blue"
2460,fine-tuned,"Purple,Green,Blue"
2461,fine-tuned,"Blue,Green,Orange,Red,Red"
2462,fine-tuned,"Orange,Green,Green,Blue"
2463,fine-tuned,"Blue,Red,Blue,Green,Green,Orange"
2464,fine-tuned,"Green,Orange,Red,Blue,Red,Blue"
2465,fine-tuned,"Yellow,Green,Blue,Blue"
2466,fine-tuned,"Blue,Green,Green,Red,Orange"
2467,fine-tuned,"Orange,Yellow,Purple,Orange,Red,Orange"
2468,fine-tuned,"Yellow,Blue,Green,Blue,Red,Blue"
2469,fine-tuned,"Red,Blue,Green,Blue"
2470,fine-tuned,"Purple,Blue,Green"
2471,fine-tuned,"Blue,Red,Red,Red"
2472,fine-tuned,"Green,Blue,Orange,Red"
2473,fine-tuned,"Green,Red,Green,Green"
2474,fine-tuned,"Blue,Orange,Red,Red,Green,Red"
2475,fine-tuned,"Green,Blue,Blue,Blue"
2476,fine-tuned,"Purple,Green,Red,Red,Red,Orange"
2477,fine-tuned,"Purple,Green,Blue,Green"
2478,fine-tuned,"Green,Blue,Red,Green"
2479,fine-tuned,"Red,Green,Orange,Blue,Green"
2480,fine-tuned,"Green,Orange,Red,Blue"
2481,fine-tuned,"Green,Blue,Green,Blue,Green"
2482,fine-tuned,"Blue,Green,Green,Orange,Green,Green"
2483,fine-tuned,"Yellow,Blue,Red,Blue,Red"
2484,fine-tuned,"Green,Blue,Red,Orange,Blue,Green"
2485,fine-tuned,"Red,Blue,Red,Green,Red"
2486,fine-tuned,"Purple,Blue,Orange,Green,Blue,Red"
2487,fine-tuned,"Yellow,Green,Orange,Blue,Green,Blue"
2488,fine-tuned,"Red,Blue,Green,Orange"
2489,fine-tuned,"Blue,Green,Orange"
2490,fine-tuned,"Red,Blue,Green,Green"
2491,fine-tuned,"Orange,Blue,Orange,Red,Green"
2492,fine-tuned,"Purple,Green,Red,Red,Orange,Green"
2493,fine-tuned,"Orange,Red,Blue,Green,Blue"
2494,fine-tuned,"Green,Blue,Red,Red,Red,Green"
2495,fine-tuned,"Yellow,Blue,Green,Red,Green"
2496,fine-tuned,"Green,Red,Blue,Red,Orange,Blue"
2497,fine-tuned,"Blue,Red,Red,Red,Green,Red"
2498,fine-tuned,"Purple,Orange,Blue,Red,Green,Blue"
2499,fine-tuned,"Yellow,Green,Blue,Orange,Red,Red"
2500,fine-tuned,"Purple,Red,Green,Green,Red,Blue"
2501,fine-tuned,"Red,Blue,Blue,Red,Green"
2502,fine-tuned,"Blue,Green,Green,Red,Red"
2503,fine-tuned,"Red,Blue,Green,Red,Green,Red"
2504,fine-tuned,"Orange,Blue,Green,Red,Red,Blue"
2505,fine-tuned,"Green,Orange,Blue,Blue,Red,Orange"
2506,fine-tuned,"Yellow,Orange,Orange"
2507,fine-tuned,"Yellow,Blue,Red,Orange,Red,Blue"
2508,fine-tuned,"Red,Orange,Red,Blue"
2509,fine-tuned,"Red,Blue,Green,Blue,Green,Orange"
2510,fine-tuned,"Blue,Green,Green,Red"
2511,fine-tuned,"Red,Blue,Red,Orange"
2512,fine-tuned,"Red,Green,Blue,Red,Orange"
2513,fine-tuned,"Yellow,Green,Red,Blue,Red,Orange"
2514,fine-tuned,"Red,Orange,Blue,Green"
2515,fine-tuned,"Purple,Green,Orange,Blue,Red,Blue"
2516,fine-tuned,"Red,Green,Blue,Green,Orange,Green"
2517,fine-tuned,"Purple,Red,Red,Blue,Blue,Red"
2518,fine-tuned,"Blue,Green,Blue,Blue,Orange,Red"
2519,fine-tuned,"Purple,Red,Green,Blue,Orange"
2520,fine-tuned,"Green,Purple,Red,Red,Blue,Purple"
2521,fine-tuned,"Yellow,Blue,Green,Orange,Green,Red"
2522,fine-tuned,"Purple,Orange,Green,Blue"
2523,fine-tuned,"Red,Green,Red,Blue"
2524,fine-tuned,"Green,Red,Blue,Red,Blue"
2525,fine-tuned,"Orange,Red,Red,Green,Blue"
2526,fine-tuned,"Yellow,Green,Blue,Red,Orange"
2527,fine-tuned,"Orange,Blue,Red,Green,Red"
2528,fine-tuned,"Yellow,Green,Orange,Blue,Blue,Green"
2529,fine-tuned,"Red,Green,Red,Blue,Green"
2530,fine-tuned,"Yellow,Blue,Orange,Blue,Green"
2531,fine-tuned,"Red,Green,Blue,Red,Blue"
2532,fine-tuned,"Red,Blue,Red,Blue,Green"
2533,fine-tuned,"Yellow,Orange,Blue,Red,Blue"
2534,fine-tuned,"Orange,Red,Blue,Blue,Red"
2535,fine-tuned,"Blue,Green,Green,Orange,Orange,Red"
2536,fine-tuned,"Orange,Blue,Red,Green,Red,Green"
2537,fine-tuned,"Green,Orange,Red,Green"
2538,fine-tuned,"Red,Red,Green,Orange,Red"
2539,fine-tuned,"Yellow,Green,Orange,Green,Blue,Red"
2540,fine-tuned,"Yellow,Blue,Orange"
2541,fine-tuned,"Red,Green,Orange,Red"
2542,fine-tuned,"Red,Orange,Blue,Red"
2543,fine-tuned,"Purple,Orange,Red,Blue,Orange,Green"
2544,fine-tuned,"Blue,Green,Red,Orange"
2545,fine-tuned,"Green,Orange,Green,Blue,Orange"
2546,fine-tuned,"Red,Blue,Green,Red,Green,Blue"
2547,fine-tuned,"Orange,Green,Blue,Red,Red"
2548,fine-tuned,"Blue,Green,Orange,Red,Green"
2549,fine-tuned,"Orange,Green,Purple,Blue,Green,Red"
2550,fine-tuned,"Blue,Green,Orange,Green,Orange"
2551,fine-tuned,"Purple,Green,Blue,Green,Blue"
2552,fine-tuned,"Orange,Green,Orange,Blue,Red,Blue"
2553,fine-tuned,"Yellow,Green,Green,Orange,Blue,Red"
2554,fine-tuned,"Blue,Orange,Green,Red,Blue,Orange"
2555,fine-tuned,"Red,Orange"
2556,fine-tuned,"Purple,Blue,Green,Red"
2557,fine-tuned,"Blue,Green,Red,Yellow,Green,Orange"
2558,fine-tuned,"Blue,Red,Green,Red,Orange"
2559,fine-tuned,"Purple,Blue,Green,Orange,Red"
2560,fine-tuned,"Orange,Blue,Red,Red"
2561,fine-tuned,"Yellow,Blue,Orange,Blue"
2562,fine-tuned,"Red,Red"
2563,fine-tuned,"Red,Green,Orange,Red,Blue,Orange"
2564,fine-tuned,"Yellow,Blue,Red,Orange"
2565,fine-tuned,"Red,Green,Blue,Red,Blue"
2566,fine-tuned,"Yellow,Blue,Red,Orange,Blue,Green"
2567,fine-tuned,"Red,Green,Blue,Green,Blue,Orange"
2568,fine-tuned,"Red,Green,Blue,Green,Blue,Red"
2569,fine-tuned,"Orange,Blue,Green,Red"
2570,fine-tuned,"Green,Blue,Orange,Red"
2571,fine-tuned,"Red,Green,Red,Orange,Blue,Green"
2572,fine-tuned,"Green,Blue,Orange,Red,Blue,Red"
2573,fine-tuned,"Red,Green,Blue,Red,Orange"
2574,fine-tuned,"Orange,Red,Blue,Red,Green,Red"
2575,fine-tuned,"Blue,Orange,Green,Red,Red,Green"
2576,fine-tuned,"Orange,Purple,Red,Blue,Green,Yellow"
2577,fine-tuned,"Blue,Red,Green,Orange,Green"
2578,fine-tuned,"Red,Orange,Green,Blue,Green"
2579,fine-tuned,"Green,Orange,Red,Blue,Green"
2580,fine-tuned,"Blue,Red,Green,Red,Green"
2581,fine-tuned,"Yellow,Blue,Blue,Green,Orange,Green"
2582,fine-tuned,"Blue,Green,Blue"
2583,fine-tuned,"Green,Blue,Red,Orange,Blue"
2584,fine-tuned,"Red,Green,Blue,Blue"
2585,fine-tuned,"Yellow,Green,Red,Green,Blue,Red"
2586,fine-tuned,"Red,Green,Green,Red,Orange"
2587,fine-tuned,"Blue,Red,Green,Red,Blue"
2588,fine-tuned,"Red,Orange,Green,Blue"
2589,fine-tuned,"Yellow,Green,Blue,Green,Blue"
2590,fine-tuned,"Orange,Red,Blue,Red,Orange"
2591,fine-tuned,"Green,Blue,Orange,Red,Red"
2592,fine-tuned,"Red,Blue,Blue,Red,Green"
2593,fine-tuned,"Green,Red,Red,Blue,Green,Red"
2594,fine-tuned,"Blue,Red,Green,Red,Green"
2595,fine-tuned,"Red,Green,Red,Orange,Blue,Orange"
2596,fine-tuned,"Yellow,Green,Blue,Orange,Green,Blue"
2597,fine-tuned,"Green,Red,Green,Red,Blue,Red"
2598,fine-tuned,"Red,Green,Blue,Red,Blue"
2599,fine-tuned,"Red,Orange,Blue,Green,Green"
2600,fine-tuned,"Green,Red,Green,Red,Orange,Green"
2601,fine-tuned,"Blue,Red,Orange,Red,Green,Red"
2602,fine-tuned,"Purple,Green,Orange,Red"
2603,fine-tuned,"Red,Red,Green,Green,Green"
2604,fine-tuned,"Red,Red,Orange,Blue,Red"
2605,fine-tuned,"Red,Blue,Red,Green,Blue"
2606,fine-tuned,"Orange,Green,Blue,Blue,Red,Blue"
2607,fine-tuned,"Blue,Orange,Red"
2608,fine-tuned,"Red,Green,Green,Red,Blue,Green"
2609,fine-tuned,"Orange,Blue,Red,Green"
2610,fine-tuned,"Orange,Blue,Blue,Green,Red,Orange"
2611,fine-tuned,"Blue,Green,Green,Red,Orange"
2612,fine-tuned,"Orange,Red,Blue,Green,Green,Red"
2613,fine-tuned,"Blue,Green,Blue,Green,Green"
2614,fine-tuned,"Yellow,Red,Blue,Green,Orange,Blue"
2615,fine-tuned,"Blue,Red,Green,Orange,Red"
2616,fine-tuned,"Yellow,Green,Blue,Orange,Red,Blue"
2617,fine-tuned,"Yellow,Green,Blue,Blue,Blue,Red"
2618,fine-tuned,"Blue,Red,Green,Red"
2619,fine-tuned,"Blue,Blue,Orange,Green"
2620,fine-tuned,"Green,Green,Blue,Blue,Green,Blue"
2621,fine-tuned,"Green,Orange,Blue,Red,Red,Blue"
2622,fine-tuned,"Green,Blue,Green,Red,Red,Green"
2623,fine-tuned,"Red,Blue,Green,Orange"
2624,fine-tuned,"Yellow,Blue,Green,Red,Red,Green"
2625,fine-tuned,"Yellow,Green,Red,Blue,Red"
2626,fine-tuned,"Yellow,Orange,Blue,Green,Blue"
2627,fine-tuned,"Blue,Red,Green,Orange,Blue,Orange"
2628,fine-tuned,"Blue,Green,Red,Orange,Green"
2629,fine-tuned,"Green,Blue,Orange,Green,Red"
2630,fine-tuned,"Yellow,Orange,Green,Green,Green"
2631,fine-tuned,"Green,Red,Blue,Red,Green"
2632,fine-tuned,"Red,Orange,Green,Green,Red,Red"
2633,fine-tuned,"Purple,Orange,Blue,Green,Orange,Green"
2634,fine-tuned,"Orange,Blue,Red,Blue,Red"
2635,fine-tuned,"Red,Orange,Orange,Blue,Blue"
2636,fine-tuned,"Yellow,Blue,Orange,Red,Blue,Orange"
2637,fine-tuned,"Red,Green,Blue,Green"
2638,fine-tuned,"Yellow,Green,Blue,Green,Red,Blue"
2639,fine-tuned,"Blue,Green,Orange"
2640,fine-tuned,"Purple,Green,Blue,Blue,Red"
2641,fine-tuned,"Red,Orange,Blue,Red"
2642,fine-tuned,"Yellow,Red,Blue,Green,Red,Green"
2643,fine-tuned,"Red,Blue,Red,Green"
2644,fine-tuned,"Blue,Green,Green,Red,Red"
2645,fine-tuned,"Purple,Green,Red,Green,Red,Orange"
2646,fine-tuned,"Blue,Green,Red,Green,Orange"
2647,fine-tuned,"Yellow,Orange,Green,Blue,Red,Green"
2648,fine-tuned,"Purple,Orange,Blue,Red,Blue,Green"
2649,fine-tuned,"Red,Orange,Blue,Blue"
2650,fine-tuned,"Orange,Red,Orange,Green,Blue,Orange"
2651,fine-tuned,"Blue,Red,Blue,Orange"
2652,fine-tuned,"Green,Purple,Yellow,Red,Blue,Purple"
2653,fine-tuned,"Blue,Red,Green,Blue,Green"
2654,fine-tuned,"Red,Blue,Green"
2655,fine-tuned,"Green,Red,Blue,Red"
2656,fine-tuned,"Red,Blue,Red,Red,Green"
2657,fine-tuned,"Red,Blue,Orange,Blue,Green,Green"
2658,fine-tuned,"Purple,Orange,Green,Green,Red"
2659,fine-tuned,"Blue,Red,Green,Red,Red"
2660,fine-tuned,"Red,Blue,Green,Blue,Red,Red"
2661,fine-tuned,"Red,Red,Green,Blue"
2662,fine-tuned,"Purple,Orange,Blue,Green"
2663,fine-tuned,"Red,Green,Orange,Red,Blue"
2664,fine-tuned,"Blue,Orange,Blue,Green,Orange,Green"
2665,fine-tuned,"Blue,Red,Green,Blue"
2666,fine-tuned,"Green,Orange,Blue,Green"
2667,fine-tuned,"Yellow,Red,Red,Red"
2668,fine-tuned,"Red,Blue,Orange,Orange"
2669,fine-tuned,"Blue,Orange,Green,Blue"
2670,fine-tuned,"Orange,Purple,Yellow,Red,Green,Blue"
2671,fine-tuned,"Red,Blue,Green,Red,Blue"
2672,fine-tuned,"Purple,Orange,Blue,Orange"
2673,fine-tuned,"Yellow,Blue,Blue,Red,Orange,Red"
2674,fine-tuned,"Yellow,Blue,Red,Blue,Blue"
2675,fine-tuned,"Purple,Blue,Orange,Orange,Red,Green"
2676,fine-tuned,"Blue,Green,Orange,Red,Blue,Orange"
2677,fine-tuned,"Yellow,Blue,Green,Orange,Blue"
2678,fine-tuned,"Green,Red,Red,Green"
2679,fine-tuned,"Orange,Yellow,Red,Blue,Green,Red"
2680,fine-tuned,"Green,Red,Blue,Orange,Blue,Red"
2681,fine-tuned,"Red,Orange,Red,Green,Green"
2682,fine-tuned,"Red,Green,Blue,Orange,Blue,Red"
2683,fine-tuned,"Green,Red,Orange,Red,Green"
2684,fine-tuned,"Yellow,Blue,Green,Blue,Red"
2685,fine-tuned,"Green,Blue,Red,Green"
2686,fine-tuned,"Green,Green,Blue,Orange"
2687,fine-tuned,"Orange,Red,Green,Blue,Yellow,Green"
2688,fine-tuned,"Blue,Orange,Green,Red"
2689,fine-tuned,"Purple,Green,Blue,Green,Red"
2690,fine-tuned,"Blue,Red,Green,Orange,Red,Orange"
2691,fine-tuned,"Red,Blue,Orange,Orange,Blue"
2692,fine-tuned,"Red,Green,Blue,Orange"
2693,fine-tuned,"Yellow,Green,Orange,Blue,Red,Orange"
2694,fine-tuned,"Red,Blue,Blue,Orange"
2695,fine-tuned,"Blue,Red,Green,Orange,Red"
2696,fine-tuned,"Blue,Orange,Green,Green"
2697,fine-tuned,"Green,Red,Blue,Orange"
2698,fine-tuned,"Yellow,Red,Orange,Red,Green,Blue"
2699,fine-tuned,"Red,Blue,Orange,Red,Blue"
2700,fine-tuned,"Blue,Orange,Red"
2701,fine-tuned,"Blue,Green,Red,Red,Orange"
2702,fine-tuned,"Blue,Orange,Orange,Green,Blue"
2703,fine-tuned,"Purple,Orange,Blue,Green,Red,Green"
2704,fine-tuned,"Blue,Green,Blue,Orange"
2705,fine-tuned,"Orange,Blue,Blue,Red"
2706,fine-tuned,"Green,Blue,Green,Red,Green"
2707,fine-tuned,"Yellow,Orange,Red,Red"
2708,fine-tuned,"Yellow,Green,Red,Red,Blue,Blue"
2709,fine-tuned,"Green,Blue,Green,Blue,Red,Green"
2710,fine-tuned,"Red,Green,Red,Blue,Green,Orange"
2711,fine-tuned,"Blue,Green,Yellow,Orange,Yellow,Blue"
2712,fine-tuned,"Blue,Red,Orange,Green"
2713,fine-tuned,"Orange,Blue,Blue,Orange"
2714,fine-tuned,"Blue,Green,Green,Red,Blue"
2715,fine-tuned,"Blue,Red,Green,Red,Green,Green"
2716,fine-tuned,"Yellow,Red,Blue,Green,Blue,Red"
2717,fine-tuned,"Yellow,Red,Red,Blue,Green"
2718,fine-tuned,"Blue,Green,Red,Green"
2719,fine-tuned,"Red,Blue,Green,Orange,Blue,Orange"
2720,fine-tuned,"Yellow,Blue,Green,Green,Red"
2721,fine-tuned,"Yellow,Orange,Red,Blue,Blue"
2722,fine-tuned,"Green,Orange,Blue,Orange"
2723,fine-tuned,"Red,Blue,Green,Orange,Red"
2724,fine-tuned,"Red,Green,Blue"
2725,fine-tuned,"Blue,Red,Green,Orange,Green,Red"
2726,fine-tuned,"Blue,Green,Green,Red,Orange,Red"
2727,fine-tuned,"Blue,Green,Red,Green,Orange"
2728,fine-tuned,"Yellow,Blue,Orange,Green,Green,Orange"
2729,fine-tuned,"Blue,Orange,Green,Orange,Red,Blue"
2730,fine-tuned,"Blue,Orange,Orange,Red"
2731,fine-tuned,"Green,Blue,Green"
2732,fine-tuned,"Yellow,Blue,Orange,Red"
2733,fine-tuned,"Purple,Green,Red,Blue,Orange,Orange"
2734,fine-tuned,"Blue,Orange,Green,Orange"
2735,fine-tuned,"Purple,Green,Green,Blue,Green,Red"
2736,fine-tuned,"Green,Blue,Red,Red,Orange,Green"
2737,fine-tuned,"Yellow,Red,Green,Orange"
2738,fine-tuned,"Green,Red,Red,Orange"
2739,fine-tuned,"Orange,Green,Red,Orange,Blue"
2740,fine-tuned,"Red,Blue,Red,Green"
2741,fine-tuned,"Orange,Green,Blue,Red"
2742,fine-tuned,"Red,Green,Blue,Green,Orange"
2743,fine-tuned,"Yellow,Blue,Orange,Green"
2744,fine-tuned,"Purple,Orange,Green,Red,Red"
2745,fine-tuned,"Green,Red,Blue,Red,Green"
2746,fine-tuned,"Red,Green,Orange,Orange,Green,Blue"
2747,fine-tuned,"Orange,Green,Green,Orange,Blue"
2748,fine-tuned,"Blue,Green,Green,Blue,Green"
2749,fine-tuned,"Yellow,Blue,Green,Green"
2750,fine-tuned,"Yellow,Blue,Red,Red,Red,Green"
2751,fine-tuned,"Purple,Blue,Orange"
2752,fine-tuned,"Yellow,Green,Blue,Red"
2753,fine-tuned,"Red,Orange,Orange,Green,Orange,Orange"
2754,fine-tuned,"Yellow,Green,Red,Red,Orange,Green"
2755,fine-tuned,"Orange,Green,Blue,Red,Orange"
2756,fine-tuned,"Green,Orange,Red,Blue,Red"
2757,fine-tuned,"Green,Orange,Blue,Red,Red"
2758,fine-tuned,"Blue,Orange,Green,Red,Blue,Orange"
2759,fine-tuned,"Blue,Orange,Green,Red,Red"
2760,fine-tuned,"Blue,Red,Green,Green,Orange"
2761,fine-tuned,"Blue,Green"
2762,fine-tuned,"Purple,Blue,Red,Green,Blue,Green"
2763,fine-tuned,"Blue,Green,Orange,Red,Green,Red"
2764,fine-tuned,"Green,Red,Blue,Orange"
2765,fine-tuned,"Blue,Orange,Red,Red,Green"
2766,fine-tuned,"Yellow,Green,Red,Blue,Orange,Red"
2767,fine-tuned,"Blue,Green,Orange,Green,Blue"
2768,fine-tuned,"Red,Green,Green,Orange,Orange,Red"
2769,fine-tuned,"Orange,Blue"
2770,fine-tuned,"Orange,Blue,Red,Green,Orange"
2771,fine-tuned,"Blue,Green,Red,Red,Yellow,Purple"
2772,fine-tuned,"Green,Blue,Red"
2773,fine-tuned,"Blue,Green,Orange,Blue,Red,Red"
2774,fine-tuned,"Green,Red,Red,Orange,Red"
2775,fine-tuned,"Orange,Blue,Red,Orange"
2776,fine-tuned,"Red,Blue,Green,Orange"
2777,fine-tuned,"Yellow,Green,Green,Blue,Orange,Red"
2778,fine-tuned,"Green,Orange,Red,Green,Red,Blue"
2779,fine-tuned,"Red,Blue,Green,Green,Orange,Blue"
2780,fine-tuned,"Red,Green,Red,Blue"
2781,fine-tuned,"Orange,Green,Blue,Red,Red,Yellow"
2782,fine-tuned,"Red,Blue,Blue,Green,Orange"
2783,fine-tuned,"Purple,Green,Orange,Green,Blue,Orange"
2784,fine-tuned,"Yellow,Blue,Green,Red,Blue,Green"
2785,fine-tuned,"Green,Orange,Blue,Blue,Green"
2786,fine-tuned,"Blue,Blue,Red,Red,Blue,Orange"
2787,fine-tuned,"Red,Orange,Orange"
2788,fine-tuned,"Green,Orange,Red,Red,Green"
2789,fine-tuned,"Blue,Red,Orange,Green,Red,Green"
2790,fine-tuned,"Blue,Red,Green,Blue,Red"
2791,fine-tuned,"Green,Red,Red,Orange,Green"
2792,fine-tuned,"Orange,Green,Blue,Red,Green"
2793,fine-tuned,"Red,Green,Green,Blue,Orange"
2794,fine-tuned,"Blue,Orange,Green,Green,Red,Blue"
2795,fine-tuned,"Purple,Green,Red,Red,Green,Blue"
2796,fine-tuned,"Green,Orange,Blue,Blue,Green"
2797,fine-tuned,"Purple,Green,Blue,Red,Blue"
2798,fine-tuned,"Blue,Green,Red,Green,Blue,Green"
2799,fine-tuned,"Yellow,Green,Blue,Red,Orange,Green"
2800,fine-tuned,"Orange,Green,Blue,Blue"
2801,fine-tuned,"Blue,Red,Blue,Orange,Green,Blue"
2802,fine-tuned,"Blue,Green,Orange,Green"
2803,fine-tuned,"Orange,Orange,Green,Blue"
2804,fine-tuned,"Blue,Green,Orange,Red,Red"
2805,fine-tuned,"Orange,Blue,Red,Red"
2806,fine-tuned,"Blue,Red,Red,Blue"
2807,fine-tuned,"Green,Blue,Red,Red,Blue,Red"
2808,fine-tuned,"Yellow,Red,Orange,Green"
2809,fine-tuned,"Blue,Orange,Green,Red,Green"
2810,fine-tuned,"Green,Blue,Blue,Orange,Blue"
2811,fine-tuned,"Green,Red,Orange,Red,Green"
2812,fine-tuned,"Red,Green,Blue,Green,Red"
2813,fine-tuned,"Yellow,Green,Blue,Blue,Red"
2814,fine-tuned,"Red,Orange,Green,Blue,Green"
2815,fine-tuned,"Purple,Red,Green,Orange,Blue"
2816,fine-tuned,"Blue,Green"
2817,fine-tuned,"Red,Red,Green,Green"
2818,fine-tuned,"Green,Orange,Blue,Red,Blue,Red"
2819,fine-tuned,"Blue,Red,Green,Orange"
2820,fine-tuned,"Yellow,Red,Orange,Green,Blue"
2821,fine-tuned,"Blue,Green,Red,Green,Red"
2822,fine-tuned,"Green,Orange,Red,Green,Orange,Red"
2823,fine-tuned,"Green,Blue,Blue,Orange,Blue"
2824,fine-tuned,"Blue,Orange,Green,Orange,Red"
2825,fine-tuned,"Yellow,Green,Orange,Red,Blue,Red"
2826,fine-tuned,"Purple,Red,Blue"
2827,fine-tuned,"Blue,Green,Blue,Orange"
2828,fine-tuned,"Blue,Green,Blue,Orange,Orange"
2829,fine-tuned,"Red,Green,Blue,Green,Red"
2830,fine-tuned,"Orange,Green,Red,Blue,Green"
2831,fine-tuned,"Blue,Red,Green,Orange,Green,Blue"
2832,fine-tuned,"Red,Blue,Red,Orange,Blue"
2833,fine-tuned,"Green,Purple,Green,Blue,Green,Yellow"
2834,fine-tuned,"Red,Green,Red,Orange"
2835,fine-tuned,"Blue,Red,Orange"
2836,fine-tuned,"Yellow,Red,Orange,Blue,Red"
2837,fine-tuned,"Green,Blue,Orange,Blue,Green"
2838,fine-tuned,"Green,Red,Orange,Red,Green"
2839,fine-tuned,"Red,Blue,Green,Green,Orange,Green"
2840,fine-tuned,"Blue,Red,Red,Green,Orange,Blue"
2841,fine-tuned,"Green,Orange,Blue,Red,Green"
2842,fine-tuned,"Blue,Orange,Green,Red,Red,Green"
2843,fine-tuned,"Orange,Red,Blue,Orange,Red,Green"
2844,fine-tuned,"Yellow,Orange,Blue,Green,Blue"
2845,fine-tuned,"Purple,Blue,Green,Red"
2846,fine-tuned,"Blue,Green,Orange,Orange"
2847,fine-tuned,"Green,Orange,Green,Blue,Green,Green"
2848,fine-tuned,"Purple,Blue,Orange,Green"
2849,fine-tuned,"Red,Blue,Green,Red,Blue,Green"
2850,fine-tuned,"Blue,Red,Orange,Green,Red"
2851,fine-tuned,"Red,Green,Orange,Green"
2852,fine-tuned,"Blue,Green,Red,Green,Blue"
2853,fine-tuned,"Purple,Red,Blue,Green,Red,Green"
2854,fine-tuned,"Green,Blue,Red,Red"
2855,fine-tuned,"Orange,Red,Green,Red,Green,Orange"
2856,fine-tuned,"Blue,Orange,Blue,Red"
2857,fine-tuned,"Blue,Orange,Green,Blue,Red"
2858,fine-tuned,"Green,Orange,Red,Blue"
2859,fine-tuned,"Green,Orange,Red,Green"
2860,fine-tuned,"Blue,Red,Red,Orange,Red,Green"
2861,fine-tuned,"Blue,Red,Green,Red"
2862,fine-tuned,"Red,Blue,Orange,Orange"
2863,fine-tuned,"Green,Orange,Blue,Blue"
2864,fine-tuned,"Yellow,Blue,Green,Blue,Blue"
2865,fine-tuned,"Red,Green,Green,Blue,Green"
2866,fine-tuned,"Purple,Orange,Green,Blue,Green"
2867,fine-tuned,"Blue,Green,Green"
2868,fine-tuned,"Blue,Orange,Blue,Red"
2869,fine-tuned,"Blue,Red,Orange,Blue,Green,Red"
2870,fine-tuned,"Blue,Red,Green,Green,Red,Red"
2871,fine-tuned,"Orange,Purple,Yellow,Red,Purple,Green"
2872,fine-tuned,"Purple,Green,Green,Blue,Orange,Red"
2873,fine-tuned,"Blue,Green,Blue,Green,Red,Orange"
2874,fine-tuned,"Green,Red,Red,Green,Orange,Green"
2875,fine-tuned,"Purple,Green,Red,Orange,Red,Green"
2876,fine-tuned,"Blue,Orange,Green,Red"
2877,fine-tuned,"Purple,Green,Red,Green"
2878,fine-tuned,"Orange,Green,Orange,Blue,Red,Green"
2879,fine-tuned,"Red,Green,Blue,Green,Blue,Red"
2880,fine-tuned,"Yellow,Orange,Blue,Green,Red,Green"
2881,fine-tuned,"Green,Blue,Orange,Green,Blue,Orange"
2882,fine-tuned,"Yellow,Green,Red,Orange,Green,Blue"
2883,fine-tuned,"Orange,Red,Green,Orange,Green,Yellow"
2884,fine-tuned,"Red,Green,Green,Red,Blue"
2885,fine-tuned,"Blue,Green,Red,Red,Blue"
2886,fine-tuned,"Green,Red,Orange,Red,Green,Red"
2887,fine-tuned,"Green,Orange,Green,Green,Orange,Blue"
2888,fine-tuned,"Purple,Orange,Red,Orange,Red"
2889,fine-tuned,"Yellow,Green,Red,Orange,Green"
2890,fine-tuned,"Yellow,Red,Green,Red,Green,Green"
2891,fine-tuned,"Green,Red,Blue,Red,Red"
2892,fine-tuned,"Red,Orange,Green,Blue,Green"
2893,fine-tuned,"Yellow,Blue,Green,Red,Red"
2894,fine-tuned,"Red,Blue,Red,Green,Green,Red"
2895,fine-tuned,"Purple,Green,Red,Green"
2896,fine-tuned,"Yellow,Orange,Blue,Blue,Red,Green"
2897,fine-tuned,"Green,Orange,Red,Green"
2898,fine-tuned,"Yellow,Orange,Green,Blue,Blue,Orange"
2899,fine-tuned,"Yellow,Green,Orange,Blue,Red"
2900,fine-tuned,"Yellow,Orange,Orange,Orange"
2901,fine-tuned,"Purple,Green,Red,Blue"
2902,fine-tuned,"Yellow,Blue,Green,Orange,Red"
2903,fine-tuned,"Blue,Green,Red,Red,Red"
2904,fine-tuned,"Green,Red,Green,Green,Red"
2905,fine-tuned,"Red,Green,Green,Orange"
2906,fine-tuned,"Green,Red,Blue,Blue,Blue"
2907,fine-tuned,"Blue,Red"
2908,fine-tuned,"Green,Red,Orange,Green,Red"
2909,fine-tuned,"Yellow,Red,Blue,Blue"
2910,fine-tuned,"Red,Green,Orange,Red,Blue,Red"
2911,fine-tuned,"Purple,Green,Red,Blue,Orange"
2912,fine-tuned,"Green,Orange,Red,Blue,Green,Green"
2913,fine-tuned,"Red,Blue,Green,Orange,Red,Red"
2914,fine-tuned,"Blue,Red,Green,Green,Orange"
2915,fine-tuned,"Blue,Green,Red,Blue,Red"
2916,fine-tuned,"Blue,Red,Green,Orange,Red"
2917,fine-tuned,"Red,Green,Blue,Red,Orange"
2918,fine-tuned,"Yellow,Blue,Green,Blue,Orange,Green"
2919,fine-tuned,"Red,Green,Orange,Red,Green"
2920,fine-tuned,"Yellow,Blue,Green,Blue,Blue,Orange"
2921,fine-tuned,"Blue,Orange,Red,Green,Blue"
2922,fine-tuned,"Blue,Green,Red"
2923,fine-tuned,"Blue,Red,Green,Orange,Red"
2924,fine-tuned,"Blue,Green,Red,Red,Red,Green"
2925,fine-tuned,"Yellow,Green,Red,Green,Orange,Blue"
2926,fine-tuned,"Yellow,Red,Red,Green,Red,Orange"
2927,fine-tuned,"Red,Blue,Green,Orange,Blue,Red"
2928,fine-tuned,"Blue,Yellow,Orange,Purple,Red,Purple"
2929,fine-tuned,"Blue,Red,Green,Red,Green"
2930,fine-tuned,"Yellow,Red,Green,Red"
2931,fine-tuned,"Blue,Red,Orange"
2932,fine-tuned,"Red,Green,Green,Blue,Blue,Orange"
2933,fine-tuned,"Purple,Orange,Blue,Orange,Red,Green"
2934,fine-tuned,"Green,Orange,Green,Orange,Blue"
2935,fine-tuned,"Green,Blue,Orange,Red,Blue"
2936,fine-tuned,"Blue,Red,Green,Green,Orange"
2937,fine-tuned,"Orange,Blue,Red,Green,Red"
2938,fine-tuned,"Purple,Blue,Red,Orange,Orange"
2939,fine-tuned,"Blue,Red,Green,Orange,Red"
2940,fine-tuned,"Blue,Orange,Orange"
2941,fine-tuned,"Green,Blue,Red,Orange,Orange"
2942,fine-tuned,"Blue,Green,Red,Red,Red,Orange"
2943,fine-tuned,"Green,Blue,Green,Blue,Orange,Blue"
2944,fine-tuned,"Red,Blue,Green,Red,Green"
2945,fine-tuned,"Red,Green,Green,Blue,Green"
2946,fine-tuned,"Blue,Orange,Green,Red"
2947,fine-tuned,"Green,Orange,Red,Blue,Red,Blue"
2948,fine-tuned,"Yellow,Orange,Orange,Blue,Red"
2949,fine-tuned,"Blue,Orange,Red,Red,Green"
2950,fine-tuned,"Green,Red,Orange,Orange,Red"
2951,fine-tuned,"Green,Blue,Green,Red,Red,Blue"
2952,fine-tuned,"Yellow,Green,Orange,Green,Green"
2953,fine-tuned,"Green,Blue,Orange,Green"
2954,fine-tuned,"Orange,Blue,Green,Purple,Blue,Green"
2955,fine-tuned,"Red,Blue,Green,Green"
2956,fine-tuned,"Red,Orange,Blue,Green,Blue,Green"
2957,fine-tuned,"Red,Blue,Green,Green,Red,Red"
2958,fine-tuned,"Yellow,Orange,Orange,Green,Green,Red"
2959,fine-tuned,"Red,Orange,Blue,Blue,Green"
2960,fine-tuned,"Red,Blue,Orange,Orange"
2961,fine-tuned,"Red,Orange,Green,Blue"
2962,fine-tuned,"Red,Orange,Blue,Blue"
2963,fine-tuned,"Orange,Red,Blue,Yellow,Purple,Blue"
2964,fine-tuned,"Orange,Red,Green"
2965,fine-tuned,"Green,Orange,Red,Red"
2966,fine-tuned,"Orange,Blue,Red,Purple,Green,Blue"
2967,fine-tuned,"Green,Orange,Red,Blue"
2968,fine-tuned,"Yellow,Blue,Green,Orange,Blue,Red"
2969,fine-tuned,"Green,Blue,Green"
2970,fine-tuned,"Orange,Red,Blue,Blue,Red"
2971,fine-tuned,"Blue,Green,Blue,Red,Green,Red"
2972,fine-tuned,"Blue,Orange,Green,Red,Blue,Green"
2973,fine-tuned,"Purple,Orange,Red,Green,Green"
2974,fine-tuned,"Orange,Blue,Red,Blue,Blue"
2975,fine-tuned,"Yellow,Red,Green,Blue,Orange,Green"
2976,fine-tuned,"Yellow,Orange,Red,Blue,Green"
2977,fine-tuned,"Green,Blue,Blue,Orange,Red"
2978,fine-tuned,"Orange,Red,Blue,Green,Blue,Green"
2979,fine-tuned,"Green,Red,Orange,Blue,Green"
2980,fine-tuned,"Blue,Green,Green,Orange,Blue"
2981,fine-tuned,"Yellow,Blue,Blue,Red"
2982,fine-tuned,"Green,Blue,Orange,Orange"
2983,fine-tuned,"Purple,Green,Green,Orange,Green"
2984,fine-tuned,"Green,Orange,Red"
2985,fine-tuned,"Yellow,Red,Green,Green,Red,Blue"
2986,fine-tuned,"Red,Orange,Blue,Red"
2987,fine-tuned,"Blue,Blue,Orange,Red"
2988,fine-tuned,"Yellow,Red,Blue,Red,Orange,Green"
2989,fine-tuned,"Blue,Orange,Green,Green,Orange"
2990,fine-tuned,"Yellow,Green,Red,Blue,Blue,Red"
2991,fine-tuned,"Red,Green,Orange,Blue,Green,Red"
2992,fine-tuned,"Blue,Green,Green,Blue,Blue"
2993,fine-tuned,"Green,Red,Orange,Blue,Blue"
2994,fine-tuned,"Blue,Green,Red,Green,Red"
2995,fine-tuned,"Yellow,Blue,Red,Orange,Green,Red"
2996,fine-tuned,"Red,Green,Blue,Red,Orange"
2997,fine-tuned,"Red,Green,Green,Blue,Green,Orange"
2998,fine-tuned,"Blue,Red,Green,Green"
2999,fine-tuned,"Green,Red,Orange,Blue,Blue,Red"
3000,fine-tuned,"Red,Orange,Orange,Green"
3001,fine-tuned,"Blue,Green,Red,Red"
3002,fine-tuned,"Red,Green,Blue,Orange"
3003,fine-tuned,"Blue,Green,Orange,Red,Green"
3004,fine-tuned,"Red,Orange,Blue,Orange"
3005,fine-tuned,"Green,Blue,Orange,Orange,Blue"
3006,fine-tuned,"Blue,Red,Orange,Orange,Red,Red"
3007,fine-tuned,"Green,Orange,Blue,Green"
3008,fine-tuned,"Blue,Green,Orange,Red,Green"
3009,fine-tuned,"Blue,Orange,Orange,Red"
3010,fine-tuned,"Green,Orange,Red,Blue"
3011,fine-tuned,"Yellow,Blue,Orange,Green,Red"
3012,fine-tuned,"Yellow,Green,Orange,Blue,Red,Orange"
3013,fine-tuned,"Blue,Green,Red,Orange"
3014,fine-tuned,"Orange,Red,Red,Blue,Green"
3015,fine-tuned,"Green,Red,Red,Blue,Orange"
3016,fine-tuned,"Red,Green,Orange,Red,Blue,Red"
3017,fine-tuned,"Purple,Green,Red,Blue,Red"
3018,fine-tuned,"Orange,Green,Red,Red,Orange,Red"
3019,fine-tuned,"Green,Blue,Orange,Red,Green"
3020,fine-tuned,"Orange,Yellow,Purple,Yellow,Green,Red"
3021,fine-tuned,"Red,Blue,Green,Green,Blue,Blue"
3022,fine-tuned,"Purple,Red,Orange,Blue,Red"
3023,fine-tuned,"Blue,Orange,Red,Orange,Red"
3024,fine-tuned,"Blue,Green,Blue,Blue,Red"
3025,fine-tuned,"Red,Orange,Green,Red"
3026,fine-tuned,"Blue,Green,Blue,Orange"
3027,fine-tuned,"Green,Green,Blue,Blue,Blue,Red"
3028,fine-tuned,"Blue,Orange,Green,Orange,Red,Blue"
3029,fine-tuned,"Red,Green,Orange,Red"
3030,fine-tuned,"Yellow,Red,Blue,Green,Red,Red"
3031,fine-tuned,"Blue,Green,Orange,Red,Green,Red"
3032,fine-tuned,"Green,Red,Orange,Blue,Orange,Red"
3033,fine-tuned,"Blue,Orange,Blue,Red"
3034,fine-tuned,"Purple,Orange,Green,Blue,Red,Green"
3035,fine-tuned,"Purple,Green,Red,Green,Orange"
3036,fine-tuned,"Blue,Red,Green,Green,Blue,Orange"
3037,fine-tuned,"Green,Red,Orange,Blue,Orange,Blue"
3038,fine-tuned,"Blue,Green,Blue,Orange"
3039,fine-tuned,"Blue,Red,Green,Green,Red,Orange"
3040,fine-tuned,"Blue,Green,Green,Red,Red,Red"
3041,fine-tuned,"Orange,Orange,Red,Blue,Red"
3042,fine-tuned,"Blue,Orange,Orange,Green,Blue"
3043,fine-tuned,"Purple,Green,Red,Orange"
3044,fine-tuned,"Red,Green,Red,Orange,Red"
3045,fine-tuned,"Orange,Green,Blue,Orange,Red,Blue"
3046,fine-tuned,"Orange,Blue,Green,Red,Green,Blue"
3047,fine-tuned,"Blue,Red,Green,Red,Red"
3048,fine-tuned,"Yellow,Green,Blue,Red,Blue"
3049,fine-tuned,"Orange,Green,Green,Orange,Red,Green"
3050,fine-tuned,"Yellow,Blue,Orange,Green,Orange,Blue"
3051,fine-tuned,"Orange,Blue,Green,Blue"
3052,fine-tuned,"Red,Green,Blue,Green,Blue"
3053,fine-tuned,"Orange,Green,Blue,Blue,Red,Blue"
3054,fine-tuned,"Blue,Red,Orange,Green,Green"
3055,fine-tuned,"Green,Orange,Red,Red,Blue"
3056,fine-tuned,"Yellow,Blue,Green,Red,Red,Orange"
3057,fine-tuned,"Green,Orange,Red,Blue,Blue"
3058,fine-tuned,"Blue,Red,Orange,Red"
3059,fine-tuned,"Yellow,Blue,Orange,Blue,Green"
3060,fine-tuned,"Blue,Red,Orange,Green,Green"
3061,fine-tuned,"Green,Red,Blue,Red"
3062,fine-tuned,"Green,Red,Green,Blue,Green"
3063,fine-tuned,"Red,Green,Orange,Red,Yellow,Blue"
3064,fine-tuned,"Yellow,Green,Green,Red,Blue"
3065,fine-tuned,"Yellow,Blue,Red,Orange,Green"
3066,fine-tuned,"Yellow,Blue,Green,Red,Green"
3067,fine-tuned,"Yellow,Green,Blue,Orange"
3068,fine-tuned,"Blue,Green,Red,Red,Blue,Orange"
3069,fine-tuned,"Green,Yellow,Blue,Green,Blue,Green"
3070,fine-tuned,"Green,Red,Orange,Red,Blue"
3071,fine-tuned,"Green,Orange,Blue,Red,Red,Blue"
3072,fine-tuned,"Blue,Orange,Blue,Green"
3073,fine-tuned,"Orange,Blue,Blue,Blue,Red"
3074,fine-tuned,"Yellow,Blue,Green,Green"
3075,fine-tuned,"Orange,Yellow,Green,Purple,Red,Red"
3076,fine-tuned,"Red,Blue,Orange,Red,Green"
3077,fine-tuned,"Blue,Green,Green"
3078,fine-tuned,"Blue,Red,Green,Green,Red"
3079,fine-tuned,"Green,Red,Red,Orange"
3080,fine-tuned,"Purple,Red,Orange,Blue,Orange,Green"
3081,fine-tuned,"Red,Green,Blue,Orange,Orange"
3082,fine-tuned,"Yellow,Orange,Blue,Green,Orange,Green"
3083,fine-tuned,"Red,Green,Blue,Orange,Red"
3084,fine-tuned,"Orange,Blue,Red"
3085,fine-tuned,"Red,Blue,Red,Blue,Green,Blue"
3086,fine-tuned,"Blue,Orange,Green,Blue"
3087,fine-tuned,"Yellow,Red,Red,Green,Blue"
3088,fine-tuned,"Red,Orange,Green,Orange,Blue,Green"
3089,fine-tuned,"Purple,Orange,Green,Blue,Orange,Red"
3090,fine-tuned,"Red,Orange,Blue,Orange"
3091,fine-tuned,"Red,Orange,Blue,Green,Blue"
3092,fine-tuned,"Blue,Red,Green,Red,Blue,Orange"
3093,fine-tuned,"Red,Green,Blue,Blue,Orange,Green"
3094,fine-tuned,"Red,Orange,Green,Green,Red"
3095,fine-tuned,"Yellow,Green,Yellow,Green,Blue,Red"
3096,fine-tuned,"Orange,Green,Red,Blue,Red"
3097,fine-tuned,"Orange,Blue,Green,Red,Green"
3098,fine-tuned,"Yellow,Blue,Blue,Orange"
3099,fine-tuned,"Green,Orange,Red,Blue"
3100,fine-tuned,"Blue,Red,Green,Orange,Red,Blue"
3101,fine-tuned,"Blue,Green,Orange,Red"
3102,fine-tuned,"Green,Blue,Green,Green"
3103,fine-tuned,"Blue,Red,Red,Blue"
3104,fine-tuned,"Green,Green,Blue,Blue,Green"
3105,fine-tuned,"Purple,Green,Blue,Orange"
3106,fine-tuned,"Green,Orange,Red,Blue,Red,Red"
3107,fine-tuned,"Green,Red,Orange"
3108,fine-tuned,"Yellow,Green,Blue,Red,Red,Green"
3109,fine-tuned,"Blue,Green,Green,Red,Blue"
3110,fine-tuned,"Red,Blue,Blue,Orange"
3111,fine-tuned,"Blue,Red,Red,Orange"
3112,fine-tuned,"Blue,Red,Green,Green"
3113,fine-tuned,"Green,Orange,Red,Green"
3114,fine-tuned,"Green,Orange,Blue,Green,Red"
3115,fine-tuned,"Purple,Red,Blue,Green,Orange,Green"
3116,fine-tuned,"Yellow,Orange,Red,Red,Red,Green"
3117,fine-tuned,"Purple,Orange,Blue,Green,Green,Red"
3118,fine-tuned,"Green,Blue,Orange,Blue,Green"
3119,fine-tuned,"Yellow,Red,Green,Orange,Red"
3120,fine-tuned,"Orange,Purple,Purple,Green,Blue,Yellow"
3121,fine-tuned,"Orange,Red,Green,Red,Purple,Green"
3122,fine-tuned,"Blue,Green,Green,Orange"
3123,fine-tuned,"Blue,Blue,Blue,Blue"
3124,fine-tuned,"Red,Orange,Blue"
3125,fine-tuned,"Orange,Purple,Green,Yellow,Blue,Red"
3126,fine-tuned,"Orange,Green,Blue,Red,Blue"
3127,fine-tuned,"Green,Red,Orange,Green,Blue,Blue"
3128,fine-tuned,"Green,Blue,Green,Red,Red,Red"
3129,fine-tuned,"Blue,Green,Green,Orange"
3130,fine-tuned,"Purple,Green,Blue,Blue,Orange,Red"
3131,fine-tuned,"Blue,Red,Red,Green,Orange"
3132,fine-tuned,"Blue,Red,Green,Orange,Green,Red"
3133,fine-tuned,"Orange,Purple,Green,Blue,Blue,Red"
3134,fine-tuned,"Purple,Orange,Blue,Red,Red,Blue"
3135,fine-tuned,"Blue,Red,Green,Green,Blue"
3136,fine-tuned,"Blue,Red,Green,Red,Green,Blue"
3137,fine-tuned,"Orange,Red,Green,Green,Blue"
3138,fine-tuned,"Yellow,Red,Green,Blue,Red,Green"
3139,fine-tuned,"Blue,Green,Red,Green,Orange,Red"
3140,fine-tuned,"Yellow,Orange,Orange,Red,Red"
3141,fine-tuned,"Green,Red,Green,Red,Green"
3142,fine-tuned,"Orange,Yellow,Red,Red,Yellow,Green"
3143,fine-tuned,"Blue,Orange,Green,Red,Red"
3144,fine-tuned,"Orange,Blue,Blue,Orange,Red"
3145,fine-tuned,"Purple,Green,Blue,Blue,Red"
3146,fine-tuned,"Red,Orange,Blue,Green,Orange"
3147,fine-tuned,"Purple,Orange,Red,Blue,Red,Red"
3148,fine-tuned,"Blue,Green,Orange,Blue,Red"
3149,fine-tuned,"Blue,Orange,Green,Red,Green,Green"
3150,fine-tuned,"Green,Orange,Blue,Red"
3151,fine-tuned,"Yellow,Orange,Green,Blue,Green"
3152,fine-tuned,"Yellow,Green,Red,Blue,Orange,Blue"
3153,fine-tuned,"Red,Blue,Green,Blue"
3154,fine-tuned,"Purple,Orange,Green,Red,Blue,Orange"
3155,fine-tuned,"Red,Orange,Blue,Blue,Green"
3156,fine-tuned,"Green,Blue,Red,Green"
3157,fine-tuned,"Red,Blue,Green,Blue,Green,Red"
3158,fine-tuned,"Orange,Green,Red,Green,Red,Green"
3159,fine-tuned,"Green,Blue,Red,Blue"
3160,fine-tuned,"Blue,Orange,Red,Red,Blue"
3161,fine-tuned,"Orange,Blue,Green,Red,Blue,Red"
3162,fine-tuned,"Green,Orange,Red,Red,Red,Blue"
3163,fine-tuned,"Orange,Purple,Yellow,Green,Red,Blue"
3164,fine-tuned,"Blue,Orange,Orange"
3165,fine-tuned,"Blue,Orange,Red,Red,Orange,Green"
3166,fine-tuned,"Green,Red,Red,Orange,Orange,Red"
3167,fine-tuned,"Red,Green,Green"
3168,fine-tuned,"Orange,Green,Green,Orange,Blue"
3169,fine-tuned,"Blue,Red,Red,Red"
3170,fine-tuned,"Green,Orange,Blue,Red"
3171,fine-tuned,"Blue,Orange,Orange,Green,Red"
3172,fine-tuned,"Red,Green,Blue,Red,Blue,Blue"
3173,fine-tuned,"Blue,Orange,Green,Red"
3174,fine-tuned,"Blue,Red,Orange,Green"
3175,fine-tuned,"Orange,Red,Blue,Green,Red,Green"
3176,fine-tuned,"Blue,Orange,Blue,Orange,Blue"
3177,fine-tuned,"Yellow,Green,Blue,Red,Orange,Blue"
3178,fine-tuned,"Purple,Green,Orange,Blue,Red"
3179,fine-tuned,"Blue,Orange,Red,Green,Red"
3180,fine-tuned,"Green,Green,Blue,Blue,Green,Green"
3181,fine-tuned,"Blue,Green,Red"
3182,fine-tuned,"Green,Blue,Green,Blue,Green,Red"
3183,fine-tuned,"Yellow,Green,Green,Orange"
3184,fine-tuned,"Blue,Green,Orange,Red,Red"
3185,fine-tuned,"Blue,Green,Red,Orange,Red"
3186,fine-tuned,"Blue,Green,Orange,Blue"
3187,fine-tuned,"Blue,Green,Red,Orange,Blue,Red"
3188,fine-tuned,"Blue,Green,Blue,Red,Orange"
3189,fine-tuned,"Purple,Blue,Orange,Green,Orange"
3190,fine-tuned,"Orange,Red,Blue,Blue,Orange,Red"
3191,fine-tuned,"Red,Orange,Green,Blue,Red,Green"
3192,fine-tuned,"Purple,Blue,Red,Red,Green,Orange"
3193,fine-tuned,"Orange,Green,Red,Blue,Yellow,Green"
3194,fine-tuned,"Yellow,Orange,Blue,Red,Red,Green"
3195,fine-tuned,"Purple,Green,Red,Red,Blue,Orange"
3196,fine-tuned,"Purple,Orange,Blue,Green,Red,Green"
3197,fine-tuned,"Yellow,Blue,Green,Red,Red,Green"
3198,fine-tuned,"Yellow,Orange,Green,Blue,Red"
3199,fine-tuned,"Blue,Green,Orange,Green,Red,Green"
3200,fine-tuned,"Red,Red,Orange,Blue,Red"
3201,fine-tuned,"Orange,Blue,Green,Red"
3202,fine-tuned,"Blue,Green,Orange,Green"
3203,fine-tuned,"Green,Orange,Green,Blue"
3204,fine-tuned,"Yellow,Blue,Red,Orange,Red,Orange"
3205,fine-tuned,"Blue,Green,Purple,Green,Red,Yellow"
3206,fine-tuned,"Red,Green,Blue,Red,Blue"
3207,fine-tuned,"Green,Orange,Green,Blue,Blue"
3208,fine-tuned,"Red,Blue,Red,Green,Orange"
3209,fine-tuned,"Blue,Orange,Red,Red"
3210,fine-tuned,"Blue,Red,Blue,Orange,Red,Green"
3211,fine-tuned,"Orange,Blue,Red,Green,Red"
3212,fine-tuned,"Red,Green,Orange,Orange,Red"
3213,fine-tuned,"Red,Green,Orange"
3214,fine-tuned,"Purple,Red,Blue,Orange,Green"
3215,fine-tuned,"Red,Blue,Red,Green,Blue"
3216,fine-tuned,"Orange,Blue,Red,Green,Red,Blue"
3217,fine-tuned,"Orange,Green,Blue,Purple,Green,Red"
3218,fine-tuned,"Blue,Green,Green,Green"
3219,fine-tuned,"Orange,Green,Red,Green,Red,Green"
3220,fine-tuned,"Red,Green,Green,Red,Green"
3221,fine-tuned,"Blue,Green,Green,Orange"
3222,fine-tuned,"Yellow,Red,Blue,Blue,Green"
3223,fine-tuned,"Red,Green,Green,Blue,Orange,Green"
3224,fine-tuned,"Red,Blue"
3225,fine-tuned,"Orange,Blue,Red,Orange,Red,Green"
3226,fine-tuned,"Red,Green,Orange,Orange,Red"
3227,fine-tuned,"Red,Blue,Green,Orange"
3228,fine-tuned,"Purple,Blue,Green,Orange,Red"
3229,fine-tuned,"Blue,Green,Red,Green,Red"
3230,fine-tuned,"Red,Green,Orange,Red,Blue"
3231,fine-tuned,"Purple,Red,Blue,Orange,Red,Blue"
3232,fine-tuned,"Yellow,Blue,Orange,Green,Green,Blue"
3233,fine-tuned,"Yellow,Red,Green,Orange,Green,Blue"
3234,fine-tuned,"Red,Green,Red,Red,Red,Red"
3235,fine-tuned,"Yellow,Red,Blue,Green,Blue"
3236,fine-tuned,"Yellow,Blue,Orange"
3237,fine-tuned,"Orange,Blue,Red,Green,Green,Purple"
3238,fine-tuned,"Blue,Orange,Green,Blue"
3239,fine-tuned,"Red,Green,Orange,Red,Green"
3240,fine-tuned,"Red,Blue,Green,Blue,Green,Orange"
3241,fine-tuned,"Blue,Red,Orange,Red"
3242,fine-tuned,"Green,Red,Orange,Blue,Orange,Green"
3243,fine-tuned,"Red,Orange,Blue,Green,Red,Blue"
3244,fine-tuned,"Purple,Green,Red,Green,Orange,Red"
3245,fine-tuned,"Red,Orange,Blue,Blue,Red"
3246,fine-tuned,"Yellow,Orange,Green,Blue,Red"
3247,fine-tuned,"Purple,Red,Red,Green,Blue,Green"
3248,fine-tuned,"Yellow,Green,Green,Red,Red,Blue"
3249,fine-tuned,"Yellow,Orange,Blue"
3250,fine-tuned,"Yellow,Blue,Orange,Green"
3251,fine-tuned,"Blue,Red,Green,Green,Orange"
3252,fine-tuned,"Blue,Blue,Red,Red,Orange,Red"
3253,fine-tuned,"Green,Blue,Orange,Orange,Orange,Orange"
3254,fine-tuned,"Blue,Blue"
3255,fine-tuned,"Orange,Green,Blue,Green"
3256,fine-tuned,"Red,Blue,Green,Blue,Green"
3257,fine-tuned,"Green,Blue,Orange,Red"
3258,fine-tuned,"Red,Orange,Green,Green,Blue"
3259,fine-tuned,"Blue,Orange,Red,Red,Green,Blue"
3260,fine-tuned,"Purple,Green,Blue,Orange,Red"
3261,fine-tuned,"Green,Blue,Red,Red"
3262,fine-tuned,"Orange,Red,Red,Red,Green,Red"
3263,fine-tuned,"Yellow,Blue,Green,Orange,Red,Blue"
3264,fine-tuned,"Red,Green,Red,Orange,Green"
3265,fine-tuned,"Blue,Green,Orange,Red,Blue"
3266,fine-tuned,"Red,Green,Orange,Blue"
3267,fine-tuned,"Orange,Green,Blue,Blue,Blue,Green"
3268,fine-tuned,"Blue,Red,Red,Green,Red"
3269,fine-tuned,"Yellow,Blue,Green,Green,Orange,Green"
3270,fine-tuned,"Orange,Green,Yellow,Green,Orange,Green"
3271,fine-tuned,"Blue,Red,Orange,Green,Green"
3272,fine-tuned,"Blue,Orange,Green,Blue"
3273,fine-tuned,"Blue,Blue,Red,Green"
3274,fine-tuned,"Purple,Green,Orange,Green"
3275,fine-tuned,"Blue,Orange,Orange,Green"
3276,fine-tuned,"Orange,Red,Green,Green,Red,Green"
3277,fine-tuned,"Green,Green,Red,Red,Red"
3278,fine-tuned,"Purple,Orange,Green,Blue,Red,Green"
3279,fine-tuned,"Orange,Purple,Red,Yellow,Purple,Red"
3280,fine-tuned,"Red,Blue,Green,Red,Green"
3281,fine-tuned,"Red,Orange,Red,Green,Orange"
3282,fine-tuned,"Purple,Orange,Red,Orange,Green,Orange"
3283,fine-tuned,"Blue,Green,Orange,Orange,Green,Red"
3284,fine-tuned,"Blue,Green,Red,Orange,Red"
3285,fine-tuned,"Blue,Green,Orange,Red,Red"
3286,fine-tuned,"Yellow,Blue,Red,Orange,Blue,Green"
3287,fine-tuned,"Blue,Green,Green,Orange"
3288,fine-tuned,"Purple,Blue,Orange,Green,Blue,Red"
3289,fine-tuned,"Red,Blue,Blue,Green"
3290,fine-tuned,"Green,Orange,Blue,Orange"
3291,fine-tuned,"Yellow,Red,Red,Green,Red,Orange"
3292,fine-tuned,"Green,Red,Orange,Orange,Blue"
3293,fine-tuned,"Purple,Blue,Red,Orange,Green"
3294,fine-tuned,"Red,Blue,Green,Green,Green"
3295,fine-tuned,"Blue,Orange,Green,Blue"
3296,fine-tuned,"Red,Orange,Orange,Red"
3297,fine-tuned,"Yellow,Blue,Blue,Red,Green,Red"
3298,fine-tuned,"Orange,Blue,Green,Red,Green,Orange"
3299,fine-tuned,"Blue,Orange,Green,Red"
3300,fine-tuned,"Red,Green,Blue,Blue"
3301,fine-tuned,"Purple,Blue,Green,Red,Blue"
3302,fine-tuned,"Green,Orange,Blue,Red,Red,Blue"
3303,fine-tuned,"Green,Blue,Red,Blue,Red,Red"
3304,fine-tuned,"Blue,Red,Red,Green,Orange"
3305,fine-tuned,"Green,Orange,Blue,Orange,Blue"
3306,fine-tuned,"Yellow,Orange,Green,Blue,Green"
3307,fine-tuned,"Blue,Green,Red,Orange,Green,Blue"
3308,fine-tuned,"Blue,Green,Green,Red"
3309,fine-tuned,"Yellow,Green,Red,Blue,Green,Red"
3310,fine-tuned,"Green,Blue,Red,Yellow,Purple,Red"
3311,fine-tuned,"Blue,Green,Red,Red,Green"
3312,fine-tuned,"Yellow,Green,Orange,Blue"
3313,fine-tuned,"Blue,Red,Blue,Orange,Blue"
3314,fine-tuned,"Green,Orange,Blue,Red,Blue"
3315,fine-tuned,"Yellow,Blue,Blue,Orange,Blue"
3316,fine-tuned,"Yellow,Blue,Orange,Red,Orange,Blue"
3317,fine-tuned,"Purple,Green,Blue,Red,Orange,Red"
3318,fine-tuned,"Orange,Blue,Purple,Red,Purple,Red"
3319,fine-tuned,"Green,Blue,Green,Blue"
3320,fine-tuned,"Yellow,Blue,Orange,Orange"
3321,fine-tuned,"Red,Green,Red,Blue"
3322,fine-tuned,"Red,Orange,Blue"
3323,fine-tuned,"Orange,Blue,Green,Red,Red,Green"
3324,fine-tuned,"Red,Orange,Blue,Green"
3325,fine-tuned,"Yellow,Green,Red"
3326,fine-tuned,"Yellow,Red,Orange,Green,Orange"
3327,fine-tuned,"Green,Red,Red,Green,Blue"
3328,fine-tuned,"Purple,Orange,Red,Blue,Blue"
3329,fine-tuned,"Red,Orange,Orange"
3330,fine-tuned,"Red,Green,Red,Green,Green"
3331,fine-tuned,"Green,Blue,Orange,Green"
3332,fine-tuned,"Green,Blue,Green,Orange"
3333,fine-tuned,"Red,Green,Green,Orange,Red"
3334,fine-tuned,"Blue,Blue,Green,Orange,Green"
3335,fine-tuned,"Red,Orange,Orange,Green,Red,Red"
3336,fine-tuned,"Yellow,Blue,Orange,Green,Orange,Red"
3337,fine-tuned,"Green,Red,Blue,Blue"
3338,fine-tuned,"Green,Red,Blue,Red,Blue"
3339,fine-tuned,"Blue,Blue,Green"
3340,fine-tuned,"Blue,Green,Orange,Red"
3341,fine-tuned,"Red,Blue,Green,Red"
3342,fine-tuned,"Blue,Red,Green,Red,Green,Green"
3343,fine-tuned,"Green,Yellow,Green,Blue,Orange,Purple"
3344,fine-tuned,"Red,Orange,Blue,Green,Orange,Blue"
3345,fine-tuned,"Yellow,Blue,Green,Red,Blue"
3346,fine-tuned,"Orange,Purple,Blue,Green,Yellow,Red"
3347,fine-tuned,"Green,Blue,Red,Blue,Red,Orange"
3348,fine-tuned,"Red,Orange,Orange,Green,Red"
3349,fine-tuned,"Red,Green,Orange,Blue,Blue,Green"
3350,fine-tuned,"Blue,Green,Blue,Red,Blue"
3351,fine-tuned,"Yellow,Orange,Blue,Blue"
3352,fine-tuned,"Green,Orange,Red,Red,Green"
3353,fine-tuned,"Blue,Green,Blue,Red,Blue"
3354,fine-tuned,"Yellow,Orange,Red,Green,Blue"
3355,fine-tuned,"Red,Blue,Red,Green"
3356,fine-tuned,"Green,Orange,Red,Green"
3357,fine-tuned,"Blue,Orange,Green,Orange,Blue,Blue"
3358,fine-tuned,"Yellow,Green,Green,Blue,Blue,Green"
3359,fine-tuned,"Red,Green,Orange,Green,Red"
3360,fine-tuned,"Red,Green,Blue,Orange"
3361,fine-tuned,"Red,Blue,Orange,Green,Green,Orange"
3362,fine-tuned,"Purple,Red,Blue,Orange,Blue,Green"
3363,fine-tuned,"Yellow,Orange,Green,Blue,Red,Blue"
3364,fine-tuned,"Purple,Green,Orange,Green,Orange,Blue"
3365,fine-tuned,"Red,Blue,Red,Green,Red,Red"
3366,fine-tuned,"Blue,Orange,Red,Green,Red"
3367,fine-tuned,"Blue,Green,Blue,Orange,Red"
3368,fine-tuned,"Red,Green,Green,Green,Orange"
3369,fine-tuned,"Yellow,Red,Green,Red,Green,Red"
3370,fine-tuned,"Yellow,Blue,Green,Red,Orange"
3371,fine-tuned,"Yellow,Green,Red,Red,Orange"
3372,fine-tuned,"Blue,Orange,Green,Green,Red"
3373,fine-tuned,"Blue,Green,Red,Red,Orange,Orange"
3374,fine-tuned,"Green,Blue,Red,Red,Blue,Green"
3375,fine-tuned,"Yellow,Orange,Green,Red,Red"
3376,fine-tuned,"Red,Green,Red,Red"
3377,fine-tuned,"Red,Blue,Blue,Orange"
3378,fine-tuned,"Green,Orange,Green,Red,Red"
3379,fine-tuned,"Green,Red,Blue,Blue"
3380,fine-tuned,"Green,Red,Red,Red,Blue,Green"
3381,fine-tuned,"Yellow,Orange,Orange,Blue,Orange"
3382,fine-tuned,"Orange,Blue,Blue,Green,Orange,Green"
3383,fine-tuned,"Yellow,Orange,Green"
3384,fine-tuned,"Green,Orange,Green,Blue,Green"
3385,fine-tuned,"Blue,Red,Green,Orange,Blue"
3386,fine-tuned,"Yellow,Orange,Blue,Red"
3387,fine-tuned,"Red,Green,Orange,Blue,Green"
3388,fine-tuned,"Blue,Green,Red"
3389,fine-tuned,"Yellow,Orange,Red,Blue,Red,Orange"
3390,fine-tuned,"Orange,Green,Blue,Red"
3391,fine-tuned,"Red,Orange,Blue,Red"
3392,fine-tuned,"Blue,Green,Red,Red,Green,Orange"
3393,fine-tuned,"Blue,Green,Green,Green,Red"
3394,fine-tuned,"Yellow,Green,Orange,Red,Blue,Red"
3395,fine-tuned,"Red,Green,Blue,Red,Orange"
3396,fine-tuned,"Yellow,Blue,Red,Red,Orange,Green"
3397,fine-tuned,"Green,Green,Orange,Green,Green,Orange"
3398,fine-tuned,"Blue,Green,Orange,Red,Red,Blue"
3399,fine-tuned,"Red,Blue,Green,Orange"
3400,fine-tuned,"Yellow,Red,Orange,Blue,Red,Green"
3401,fine-tuned,"Green,Orange,Green,Red"
3402,fine-tuned,"Green,Red,Orange,Red,Blue"
3403,fine-tuned,"Yellow,Green,Blue,Blue,Orange"
3404,fine-tuned,"Orange,Blue,Red,Green,Red,Blue"
3405,fine-tuned,"Red,Blue,Green,Green"
3406,fine-tuned,"Blue,Red,Green,Red"
3407,fine-tuned,"Orange,Blue,Red,Yellow,Blue,Green"
3408,fine-tuned,"Blue,Orange,Green"
3409,fine-tuned,"Green,Blue,Orange,Blue,Orange"
3410,fine-tuned,"Purple,Orange,Blue,Blue,Green"
3411,fine-tuned,"Blue,Red,Green,Red"
3412,fine-tuned,"Red,Green,Blue,Orange,Green"
3413,fine-tuned,"Blue,Red,Red,Green"
3414,fine-tuned,"Green,Orange,Red,Red,Blue,Blue"
3415,fine-tuned,"Orange,Blue,Yellow,Green,Blue,Red"
3416,fine-tuned,"Blue,Green,Red,Red,Green"
3417,fine-tuned,"Red,Green,Red,Orange"
3418,fine-tuned,"Blue,Orange,Blue,Red,Red"
3419,fine-tuned,"Green,Orange,Green,Blue,Green,Red"
3420,fine-tuned,"Yellow,Orange,Red,Red,Green"
3421,fine-tuned,"Green,Orange,Red,Blue,Blue,Red"
3422,fine-tuned,"Green,Orange,Blue,Red,Blue"
3423,fine-tuned,"Purple,Green,Blue,Orange,Blue"
3424,fine-tuned,"Orange,Purple,Red,Blue,Purple,Red"
3425,fine-tuned,"Green,Blue,Orange,Green,Blue,Green"
3426,fine-tuned,"Purple,Green,Red,Orange,Green"
3427,fine-tuned,"Red,Green,Blue"
3428,fine-tuned,"Yellow,Orange,Orange,Blue,Orange,Red"
3429,fine-tuned,"Red,Orange,Red,Blue,Blue,Red"
3430,fine-tuned,"Orange,Green,Green,Orange,Orange,Green"
3431,fine-tuned,"Red,Orange,Green,Red,Green"
3432,fine-tuned,"Green,Orange,Blue,Red,Red,Blue"
3433,fine-tuned,"Orange,Red,Green,Green,Red,Red"
3434,fine-tuned,"Red,Blue,Red,Red,Blue"
3435,fine-tuned,"Blue,Red,Orange,Red"
3436,fine-tuned,"Orange,Blue,Red,Green,Red,Red"
3437,fine-tuned,"Green,Red,Blue,Blue,Green"
3438,fine-tuned,"Green,Green,Red,Orange"
3439,fine-tuned,"Orange,Green,Purple,Red,Blue,Green"
3440,fine-tuned,"Red,Orange,Green,Orange,Blue,Green"
3441,fine-tuned,"Blue,Green,Blue,Green"
3442,fine-tuned,"Orange,Green,Orange,Green,Red"
3443,fine-tuned,"Orange,Green,Purple,Blue,Orange,Purple"
3444,fine-tuned,"Purple,Orange,Red,Green,Green"
3445,fine-tuned,"Purple,Green,Red,Red,Blue,Orange"
3446,fine-tuned,"Orange,Red,Purple,Blue,Red,Yellow"
3447,fine-tuned,"Blue,Red,Green,Red,Green"
3448,fine-tuned,"Blue,Orange,Green,Green,Orange"
3449,fine-tuned,"Red,Blue,Orange,Blue,Green,Orange"
3450,fine-tuned,"Yellow,Orange,Green,Red,Red"
3451,fine-tuned,"Blue,Orange,Red,Blue,Green"
3452,fine-tuned,"Orange,Blue,Green,Red,Green,Red"
3453,fine-tuned,"Purple,Green,Green,Orange,Orange,Blue"
3454,fine-tuned,"Green,Orange,Green,Red,Blue"
3455,fine-tuned,"Red,Red,Green,Blue"
3456,fine-tuned,"Blue,Orange,Green,Blue,Red"
3457,fine-tuned,"Blue,Green,Orange,Blue,Red"
3458,fine-tuned,"Yellow,Blue,Orange,Blue,Orange,Green"
3459,fine-tuned,"Orange,Green,Blue,Blue,Green,Red"
3460,fine-tuned,"Purple,Blue,Red,Green,Red"
3461,fine-tuned,"Orange,Blue,Red,Green,Green"
3462,fine-tuned,"Blue,Orange,Red,Green,Red,Orange"
3463,fine-tuned,"Green,Orange,Blue,Blue,Green"
3464,fine-tuned,"Blue,Orange,Green"
3465,fine-tuned,"Orange,Blue,Green,Red"
3466,fine-tuned,"Green,Orange,Red,Blue,Red"
3467,fine-tuned,"Red,Orange,Orange,Red,Red"
3468,fine-tuned,"Blue,Green,Green,Orange,Red,Green"
3469,fine-tuned,"Orange,Purple,Red,Purple,Yellow,Red"
3470,fine-tuned,"Red,Orange,Green,Blue,Blue,Red"
3471,fine-tuned,"Red,Green,Blue,Blue,Orange,Orange"
3472,fine-tuned,"Blue,Red,Red,Green"
3473,fine-tuned,"Red,Blue,Orange,Red,Red,Blue"
3474,fine-tuned,"Blue,Orange,Red,Green"
3475,fine-tuned,"Red,Green,Red,Green"
3476,fine-tuned,"Green,Red,Orange,Red,Blue"
3477,fine-tuned,"Purple,Red,Orange,Orange,Blue,Red"
3478,fine-tuned,"Blue,Green,Red,Red,Green,Orange"
3479,fine-tuned,"Blue,Red,Orange,Green,Green,Green"
3480,fine-tuned,"Yellow,Blue,Red"
3481,fine-tuned,"Orange,Blue,Green,Red,Blue,Green"
3482,fine-tuned,"Yellow,Blue,Green,Red,Orange,Blue"
3483,fine-tuned,"Red,Orange,Green,Red,Orange"
3484,fine-tuned,"Red,Orange,Green,Green,Blue,Red"
3485,fine-tuned,"Blue,Red,Orange,Red,Blue,Green"
3486,fine-tuned,"Blue,Red,Green"
3487,fine-tuned,"Yellow,Orange,Green,Red,Blue"
3488,fine-tuned,"Green,Orange,Blue,Red,Green"
3489,fine-tuned,"Red,Orange,Green,Red"
3490,fine-tuned,"Blue,Green,Green,Orange,Orange"
3491,fine-tuned,"Purple,Red,Green,Blue,Orange,Red"
3492,fine-tuned,"Green,Orange,Green,Blue"
3493,fine-tuned,"Red,Green,Orange,Red,Orange"
3494,fine-tuned,"Red,Orange,Blue,Green,Blue,Blue"
3495,fine-tuned,"Blue,Orange"
3496,fine-tuned,"Green,Orange,Green,Orange,Red,Blue"
3497,fine-tuned,"Red,Blue,Orange,Green,Blue,Orange"
3498,fine-tuned,"Blue,Red,Blue,Blue"
3499,fine-tuned,"Orange,Blue,Green,Green,Red,Blue"
3500,fine-tuned,"Orange,Purple,Blue,Orange,Green,Yellow"
3501,fine-tuned,"Yellow,Blue,Green,Red"
3502,fine-tuned,"Green,Red,Red"
3503,fine-tuned,"Blue,Red,Green,Orange,Red,Orange"
3504,fine-tuned,"Green,Orange,Red,Blue"
3505,fine-tuned,"Yellow,Red,Orange,Red,Green,Blue"
3506,fine-tuned,"Orange,Red,Yellow,Orange,Yellow,Green"
3507,fine-tuned,"Yellow,Orange,Red,Red,Blue"
3508,fine-tuned,"Yellow,Green,Blue,Orange"
3509,fine-tuned,"Red,Blue,Green,Green,Red"
3510,fine-tuned,"Purple,Blue,Orange,Blue,Blue,Red"
3511,fine-tuned,"Blue,Green,Red,Green,Red,Orange"
3512,fine-tuned,"Green,Blue,Red,Orange,Red"
3513,fine-tuned,"Orange,Red,Blue,Green,Orange"
3514,fine-tuned,"Blue,Red,Red,Red,Green,Blue"
3515,fine-tuned,"Blue,Red,Orange,Blue,Orange"
3516,fine-tuned,"Red,Green,Orange,Red,Red,Blue"
3517,fine-tuned,"Blue,Green,Red,Orange,Blue,Red"
3518,fine-tuned,"Yellow,Orange,Blue,Blue,Blue"
3519,fine-tuned,"Blue,Red,Red,Red,Blue,Red"
3520,fine-tuned,"Green,Red,Red,Green"
3521,fine-tuned,"Red,Blue,Orange"
3522,fine-tuned,"Blue,Green,Blue,Green,Green,Orange"
3523,fine-tuned,"Yellow,Orange,Blue,Green,Red"
3524,fine-tuned,"Orange,Blue,Blue,Red,Green,Orange"
3525,fine-tuned,"Red,Green,Red,Red"
3526,fine-tuned,"Yellow,Green,Blue,Orange,Red,Blue"
3527,fine-tuned,"Yellow,Orange,Blue,Green"
3528,fine-tuned,"Red,Green,Blue,Red,Red"
3529,fine-tuned,"Blue,Green,Green,Orange,Green"
3530,fine-tuned,"Yellow,Red,Green,Red,Orange"
3531,fine-tuned,"Yellow,Green,Blue,Orange,Blue"
3532,fine-tuned,"Purple,Orange,Red,Green"
3533,fine-tuned,"Orange,Green,Orange,Blue,Green,Green"
3534,fine-tuned,"Green,Red,Blue,Red,Orange,Blue"
3535,fine-tuned,"Yellow,Orange,Blue,Red,Green,Blue"
3536,fine-tuned,"Green,Purple,Yellow,Red,Blue,Orange"
3537,fine-tuned,"Purple,Green,Blue,Green,Orange,Red"
3538,fine-tuned,"Red,Green,Blue,Orange,Blue"
3539,fine-tuned,"Blue,Green,Blue,Red,Orange"
3540,fine-tuned,"Red,Orange,Orange,Blue,Red,Green"
3541,fine-tuned,"Red,Red,Orange,Green,Red"
3542,fine-tuned,"Blue,Orange,Red"
3543,fine-tuned,"Purple,Green,Blue,Red,Orange"
3544,fine-tuned,"Green,Blue,Green,Orange,Red,Blue"
3545,fine-tuned,"Orange,Green,Green,Orange,Green"
3546,fine-tuned,"Red,Orange,Green,Blue,Blue"
3547,fine-tuned,"Blue,Red,Green,Green,Orange"
3548,fine-tuned,"Orange,Green,Blue,Green"
3549,fine-tuned,"Blue,Red,Orange,Green"
3550,fine-tuned,"Red,Green,Orange,Blue,Orange"
3551,fine-tuned,"Blue,Orange,Green,Orange,Red"
3552,fine-tuned,"Purple,Red,Orange,Orange,Blue"
3553,fine-tuned,"Orange,Orange,Red,Red"
3554,fine-tuned,"Orange,Green,Blue,Orange"
3555,fine-tuned,"Green,Blue,Blue,Blue,Green,Orange"
3556,fine-tuned,"Yellow,Blue,Green,Red,Red,Red"
3557,fine-tuned,"Orange,Yellow,Green,Purple,Blue,Red"
3558,fine-tuned,"Red,Orange,Orange,Red,Blue"
3559,fine-tuned,"Green,Red,Green,Red,Orange"
3560,fine-tuned,"Blue,Orange,Green,Red,Red"
3561,fine-tuned,"Yellow,Red,Red,Green,Blue,Red"
3562,fine-tuned,"Yellow,Green,Red,Orange,Red,Red"
3563,fine-tuned,"Green,Red,Blue,Orange,Red"
3564,fine-tuned,"Red,Orange,Green,Orange,Green,Blue"
3565,fine-tuned,"Blue,Orange,Green,Orange,Red,Orange"
3566,fine-tuned,"Green,Orange,Red,Orange,Green,Red"
3567,fine-tuned,"Red,Blue,Red,Green,Red"
3568,fine-tuned,"Green,Orange,Blue,Green,Red"
3569,fine-tuned,"Yellow,Orange,Blue,Blue,Orange"
3570,fine-tuned,"Green,Orange,Blue"
3571,fine-tuned,"Green,Red,Orange,Orange,Blue,Red"
3572,fine-tuned,"Blue,Orange,Green,Blue,Green"
3573,fine-tuned,"Yellow,Green,Red,Green,Orange,Red"
3574,fine-tuned,"Orange,Red,Red,Green,Green,Yellow"
3575,fine-tuned,"Yellow,Green,Green,Red,Blue"
3576,fine-tuned,"Yellow,Green,Blue,Red,Red"
3577,fine-tuned,"Yellow,Green,Red,Blue,Red,Orange"
3578,fine-tuned,"Red,Red,Green,Blue,Green,Green"
3579,fine-tuned,"Yellow,Red,Blue,Green,Green,Orange"
3580,fine-tuned,"Blue,Green,Green"
3581,fine-tuned,"Green,Orange"
3582,fine-tuned,"Yellow,Red,Blue,Red,Orange"
3583,fine-tuned,"Orange,Green,Yellow,Red,Green,Purple"
3584,fine-tuned,"Orange,Red,Green,Red,Blue,Orange"
3585,fine-tuned,"Blue,Green,Green,Blue,Red"
3586,fine-tuned,"Blue,Orange,Red,Green,Red,Green"
3587,fine-tuned,"Yellow,Blue,Orange,Green,Green"
3588,fine-tuned,"Green,Orange,Red,Red,Blue"
3589,fine-tuned,"Purple,Orange,Blue,Blue,Red"
3590,fine-tuned,"Red,Red,Red,Blue,Green,Red"
3591,fine-tuned,"Green,Green,Blue,Orange"
3592,fine-tuned,"Blue,Yellow,Orange,Orange,Yellow,Purple"
3593,fine-tuned,"Blue,Orange,Green,Red,Green,Red"
3594,fine-tuned,"Blue,Green,Blue"
3595,fine-tuned,"Purple,Blue,Orange,Green,Green"
3596,fine-tuned,"Yellow,Orange,Green,Orange,Blue,Orange"
3597,fine-tuned,"Orange,Blue,Red,Green,Red"
3598,fine-tuned,"Purple,Green,Red,Orange,Blue"
3599,fine-tuned,"Orange,Green,Green,Yellow,Red,Purple"
3600,fine-tuned,"Purple,Red,Red,Blue,Blue,Green"
3601,fine-tuned,"Orange,Green,Blue,Red"
3602,fine-tuned,"Blue,Red,Red"
3603,fine-tuned,"Orange,Green,Red,Green,Blue,Orange"
3604,fine-tuned,"Red,Green,Red,Green,Orange,Blue"
3605,fine-tuned,"Yellow,Blue,Green,Green"
3606,fine-tuned,"Blue,Orange,Red,Green,Orange"
3607,fine-tuned,"Blue,Green,Orange,Red,Blue"
3608,fine-tuned,"Red,Blue,Blue,Orange,Orange,Green"
3609,fine-tuned,"Blue,Green,Red,Green,Red,Red"
3610,fine-tuned,"Purple,Green,Blue,Red,Orange,Blue"
3611,fine-tuned,"Orange,Green,Red,Blue,Red,Purple"
3612,fine-tuned,"Red,Blue,Red,Red,Blue,Green"
3613,fine-tuned,"Orange,Green,Blue,Green,Red"
3614,fine-tuned,"Red,Red,Red,Red,Red,Red"
3615,fine-tuned,"Red,Green,Green,Orange"
3616,fine-tuned,"Blue,Red,Blue,Orange,Green"
3617,fine-tuned,"Orange,Blue,Green,Blue,Green"
3618,fine-tuned,"Purple,Red,Orange,Green,Orange,Blue"
3619,fine-tuned,"Red,Blue,Red,Green"
3620,fine-tuned,"Purple,Blue,Red,Green,Orange,Red"
3621,fine-tuned,"Blue,Green,Red,Green,Blue,Orange"
3622,fine-tuned,"Red,Green,Orange,Green,Orange,Red"
3623,fine-tuned,"Purple,Blue,Red,Green,Blue,Green"
3624,fine-tuned,"Blue,Orange,Green,Red,Green,Blue"
3625,fine-tuned,"Yellow,Blue,Green,Blue,Green"
3626,fine-tuned,"Yellow,Orange,Green,Red,Blue,Blue"
3627,fine-tuned,"Green,Green,Green,Orange,Red"
3628,fine-tuned,"Purple,Red,Green,Orange,Blue,Red"
3629,fine-tuned,"Yellow,Green,Green,Red,Orange"
3630,fine-tuned,"Yellow,Blue,Green,Green,Blue,Red"
3631,fine-tuned,"Yellow,Blue,Red,Blue,Green"
3632,fine-tuned,"Red,Green,Red,Orange"
3633,fine-tuned,"Blue,Red,Orange,Green,Red,Green"
3634,fine-tuned,"Red,Orange,Green,Orange,Blue,Red"
3635,fine-tuned,"Purple,Blue,Green,Red,Green"
3636,fine-tuned,"Green,Red,Red,Red,Green,Blue"
3637,fine-tuned,"Blue,Orange,Green,Red,Green,Red"
3638,fine-tuned,"Green,Orange,Red,Blue,Red,Red"
3639,fine-tuned,"Yellow,Blue,Red,Green,Red,Orange"
3640,fine-tuned,"Red,Blue,Green,Green,Red,Red"
3641,fine-tuned,"Green,Blue,Orange,Green,Red"
3642,fine-tuned,"Blue,Orange,Blue,Red,Red"
3643,fine-tuned,"Orange,Red,Red,Red,Green"
3644,fine-tuned,"Blue,Red,Orange,Orange,Green"
3645,fine-tuned,"Purple,Green,Red,Orange,Green,Blue"
3646,fine-tuned,"Green,Orange,Orange,Blue,Red"
3647,fine-tuned,"Blue,Orange,Blue,Green,Red,Green"
3648,fine-tuned,"Blue,Orange,Green,Red,Blue"
3649,fine-tuned,"Red,Green,Green,Orange,Orange"
3650,fine-tuned,"Red,Blue,Green,Orange,Orange,Green"
3651,fine-tuned,"Orange,Green,Green,Red,Green,Red"
3652,fine-tuned,"Red,Green,Blue,Green"
3653,fine-tuned,"Red,Green,Red,Green,Red,Red"
3654,fine-tuned,"Green,Orange,Red,Blue,Blue"
3655,fine-tuned,"Red,Blue,Orange,Green,Red,Red"
3656,fine-tuned,"Green,Orange,Red,Blue"
3657,fine-tuned,"Orange,Green,Blue,Blue,Orange,Red"
3658,fine-tuned,"Red,Blue,Green,Green,Green"
3659,fine-tuned,"Blue,Green,Green,Orange,Red,Green"
3660,fine-tuned,"Purple,Blue,Red,Blue,Green"
3661,fine-tuned,"Yellow,Blue,Red,Orange,Red,Green"
3662,fine-tuned,"Orange,Purple,Green,Blue,Red,Yellow"
3663,fine-tuned,"Blue,Green,Orange,Red,Green"
3664,fine-tuned,"Yellow,Green,Blue"
3665,fine-tuned,"Blue,Green,Orange,Red,Red,Blue"
3666,fine-tuned,"Blue,Blue,Orange,Green,Orange"
3667,fine-tuned,"Red,Orange,Red,Blue,Green"
3668,fine-tuned,"Orange,Red,Green,Red,Red,Blue"
3669,fine-tuned,"Green,Blue,Blue,Green,Purple,Orange"
3670,fine-tuned,"Yellow,Green,Orange"
3671,fine-tuned,"Blue,Orange,Green,Red"
3672,fine-tuned,"Orange,Purple,Yellow,Green,Red,Blue"
3673,fine-tuned,"Orange,Red,Blue,Green,Red,Red"
3674,fine-tuned,"Blue,Red,Blue,Green"
3675,fine-tuned,"Yellow,Orange,Green,Blue"
3676,fine-tuned,"Orange,Purple,Green,Blue,Yellow,Red"
3677,fine-tuned,"Yellow,Orange,Blue,Red,Green,Red"
3678,fine-tuned,"Yellow,Green,Orange,Blue,Orange"
3679,fine-tuned,"Red,Green,Blue,Red"
3680,fine-tuned,"Yellow,Orange,Blue,Blue,Green"
3681,fine-tuned,"Blue,Green,Orange,Red"
3682,fine-tuned,"Blue,Green,Red,Red,Green"
3683,fine-tuned,"Yellow,Green,Red,Green,Orange,Red"
3684,fine-tuned,"Yellow,Red,Red,Blue,Red,Blue"
3685,fine-tuned,"Blue,Orange,Orange"
3686,fine-tuned,"Orange,Blue,Purple,Yellow,Orange,Purple"
3687,fine-tuned,"Yellow,Green,Orange,Green,Blue,Orange"
3688,fine-tuned,"Green,Red,Blue,Red,Blue"
3689,fine-tuned,"Purple,Green,Red,Red,Green,Orange"
3690,fine-tuned,"Orange,Blue,Red,Green,Green"
3691,fine-tuned,"Red,Orange,Blue,Green,Red,Blue"
3692,fine-tuned,"Blue,Red,Red,Orange,Green"
3693,fine-tuned,"Blue,Green,Orange,Red,Orange"
3694,fine-tuned,"Red,Orange,Green,Blue,Green"
3695,fine-tuned,"Green,Blue,Red,Orange,Red"
3696,fine-tuned,"Red,Blue,Green,Blue"
3697,fine-tuned,"Green,Blue,Orange,Red,Blue,Red"
3698,fine-tuned,"Purple,Green,Orange,Blue,Green"
3699,fine-tuned,"Orange,Blue,Red"
3700,fine-tuned,"Red,Red,Red,Red,Orange,Green"
3701,fine-tuned,"Blue,Red,Red,Green"
3702,fine-tuned,"Green,Red,Blue,Red"
3703,fine-tuned,"Green,Blue,Green,Orange,Orange"
3704,fine-tuned,"Red,Blue,Green,Green,Red,Green"
3705,fine-tuned,"Green,Red,Orange,Green"
3706,fine-tuned,"Blue,Green,Red,Orange,Red"
3707,fine-tuned,"Blue,Orange,Red,Green,Red,Orange"
3708,fine-tuned,"Red,Green,Red,Green,Orange,Green"
3709,fine-tuned,"Red,Blue,Blue,Green,Green,Green"
3710,fine-tuned,"Yellow,Blue,Red,Green,Blue,Orange"
3711,fine-tuned,"Red,Red"
3712,fine-tuned,"Yellow,Green,Orange,Red,Red,Orange"
3713,fine-tuned,"Blue,Red,Green,Red,Red,Red"
3714,fine-tuned,"Red,Green,Red,Blue,Green,Green"
3715,fine-tuned,"Yellow,Orange,Green,Green,Blue,Red"
3716,fine-tuned,"Yellow,Blue,Red,Green"
3717,fine-tuned,"Green,Blue,Orange,Red,Blue,Green"
3718,fine-tuned,"Purple,Blue,Orange,Green,Orange"
3719,fine-tuned,"Blue,Green,Green,Red"
3720,fine-tuned,"Blue,Orange,Green,Green,Blue"
3721,fine-tuned,"Blue,Green,Green,Blue,Orange"
3722,fine-tuned,"Red,Blue,Orange,Red,Blue,Green"
3723,fine-tuned,"Green,Orange,Blue,Green"
3724,fine-tuned,"Purple,Green,Red,Orange,Green"
3725,fine-tuned,"Red,Green,Orange,Blue,Blue,Red"
3726,fine-tuned,"Blue,Green,Orange,Red,Red,Red"
3727,fine-tuned,"Green,Orange,Blue,Red,Green"
3728,fine-tuned,"Red,Green,Blue,Blue,Orange"
3729,fine-tuned,"Blue,Green,Orange,Blue,Red,Green"
3730,fine-tuned,"Orange,Purple,Yellow,Green,Blue,Purple"
3731,fine-tuned,"Purple,Blue,Green,Red"
3732,fine-tuned,"Green,Orange,Red,Red,Blue"
3733,fine-tuned,"Purple,Green,Blue,Red,Blue,Red"
3734,fine-tuned,"Red,Blue,Red,Blue,Red,Orange"
3735,fine-tuned,"Red,Orange,Blue,Red"
3736,fine-tuned,"Red,Orange,Blue,Green"
3737,fine-tuned,"Blue,Green,Orange,Green,Orange"
3738,fine-tuned,"Blue,Orange,Blue,Red,Red,Green"
3739,fine-tuned,"Green,Blue,Orange,Red,Blue,Green"
3740,fine-tuned,"Blue,Red,Orange,Green,Red,Blue"
3741,fine-tuned,"Yellow,Orange,Green,Red,Green,Blue"
3742,fine-tuned,"Green,Red,Blue,Green,Red"
3743,fine-tuned,"Blue,Green,Green,Orange"
3744,fine-tuned,"Green,Red,Green,Green,Orange"
3745,fine-tuned,"Green,Blue,Orange,Orange,Red"
3746,fine-tuned,"Green,Orange,Green,Blue,Blue,Green"
3747,fine-tuned,"Yellow,Red,Blue,Orange,Blue"
3748,fine-tuned,"Blue,Red,Orange,Green,Green,Red"
3749,fine-tuned,"Yellow,Green,Orange,Blue,Blue"
3750,fine-tuned,"Yellow,Red,Red,Green,Blue,Orange"
3751,fine-tuned,"Green,Orange,Orange,Blue,Red"
3752,fine-tuned,"Green,Blue,Red,Red"
3753,fine-tuned,"Blue,Green,Red,Blue,Orange"
3754,fine-tuned,"Orange,Blue,Green,Red,Red,Blue"
3755,fine-tuned,"Red,Orange,Blue,Orange,Red,Green"
3756,fine-tuned,"Orange,Red,Red,Green,Red"
3757,fine-tuned,"Purple,Red,Orange,Blue,Orange"
3758,fine-tuned,"Blue,Red,Orange,Green,Orange,Red"
3759,fine-tuned,"Purple,Green,Red,Blue"
3760,fine-tuned,"Red,Orange,Green,Blue"
3761,fine-tuned,"Yellow,Red,Orange,Green,Blue"
3762,fine-tuned,"Purple,Orange,Green,Red,Blue"
3763,fine-tuned,"Blue,Green,Blue,Red,Red"
3764,fine-tuned,"Blue,Red,Orange,Green,Red,Green"
3765,fine-tuned,"Purple,Blue,Red,Green"
3766,fine-tuned,"Red,Green,Red,Red"
3767,fine-tuned,"Orange,Green,Blue,Green,Orange,Green"
3768,fine-tuned,"Red,Red,Red,Blue"
3769,fine-tuned,"Yellow,Orange,Red,Green,Red"
3770,fine-tuned,"Purple,Orange,Blue,Red"
3771,fine-tuned,"Red,Orange,Green,Green,Blue,Red"
3772,fine-tuned,"Green,Blue,Green,Orange,Green,Red"
3773,fine-tuned,"Green,Blue,Green,Orange,Red"
3774,fine-tuned,"Yellow,Green,Blue,Orange,Green,Blue"
3775,fine-tuned,"Purple,Red,Green,Red,Blue"
3776,fine-tuned,"Green,Red,Red,Blue"
3777,fine-tuned,"Yellow,Green,Green,Blue,Orange,Red"
3778,fine-tuned,"Purple,Red,Blue,Green,Blue,Red"
3779,fine-tuned,"Blue,Orange,Green,Red,Orange"
3780,fine-tuned,"Yellow,Blue,Orange,Green"
3781,fine-tuned,"Blue,Orange,Green,Orange,Red"
3782,fine-tuned,"Blue,Green,Red,Orange,Blue"
3783,fine-tuned,"Green,Purple,Yellow,Blue,Yellow,Orange"
3784,fine-tuned,"Blue,Red,Red,Orange,Green"
3785,fine-tuned,"Purple,Green,Red,Blue,Green"
3786,fine-tuned,"Red,Blue,Red,Green,Green"
3787,fine-tuned,"Blue,Green,Blue,Red,Red,Red"
3788,fine-tuned,"Blue,Green,Orange,Green,Orange,Green"
3789,fine-tuned,"Red,Blue,Green,Green,Red,Red"
3790,fine-tuned,"Blue,Orange,Red,Green,Red"
3791,fine-tuned,"Orange,Green,Green"
3792,fine-tuned,"Blue,Red,Green,Orange,Green"
3793,fine-tuned,"Blue,Orange,Green,Red,Green,Blue"
3794,fine-tuned,"Red,Orange,Blue,Orange,Green"
3795,fine-tuned,"Red,Orange,Blue,Red"
3796,fine-tuned,"Orange,Green,Red,Red,Blue,Green"
3797,fine-tuned,"Purple,Green,Red,Blue,Orange"
3798,fine-tuned,"Green,Orange,Red,Red,Blue,Green"
3799,fine-tuned,"Yellow,Red,Blue,Blue,Red"
3800,fine-tuned,"Blue,Green,Green,Orange,Green,Blue"
3801,fine-tuned,"Purple,Green,Red,Green,Orange"
3802,fine-tuned,"Yellow,Blue,Green,Red,Orange"
3803,fine-tuned,"Blue,Green,Orange,Green,Orange"
3804,fine-tuned,"Red,Blue,Orange,Blue"
3805,fine-tuned,"Green,Red,Green,Red,Blue"
3806,fine-tuned,"Red,Green,Red,Blue"
3807,fine-tuned,"Purple,Orange,Red,Blue,Red"
3808,fine-tuned,"Purple,Green,Red,Blue,Red"
3809,fine-tuned,"Red,Green,Green,Orange,Green,Orange"
3810,fine-tuned,"Green,Orange,Red,Blue,Green"
3811,fine-tuned,"Blue,Red,Orange,Green,Green"
3812,fine-tuned,"Red,Blue,Orange"
3813,fine-tuned,"Green,Blue,Yellow,Purple,Green,Blue"
3814,fine-tuned,"Yellow,Green,Orange,Orange,Red,Green"
3815,fine-tuned,"Green,Blue,Red,Orange,Red"
3816,fine-tuned,"Blue,Orange,Green,Red"
3817,fine-tuned,"Blue,Red,Orange,Green"
3818,fine-tuned,"Yellow,Green,Blue,Green,Orange,Blue"
3819,fine-tuned,"Yellow,Blue,Green,Blue,Green"
3820,fine-tuned,"Red,Green,Green"
3821,fine-tuned,"Green,Orange,Red,Blue,Green"
3822,fine-tuned,"Blue,Green,Blue,Green,Orange"
3823,fine-tuned,"Green,Orange,Blue"
3824,fine-tuned,"Red,Blue,Blue,Green,Green"
3825,fine-tuned,"Yellow,Green,Blue,Blue,Red,Red"
3826,fine-tuned,"Purple,Green,Red,Yellow,Orange,Blue"
3827,fine-tuned,"Purple,Green,Orange,Red,Green"
3828,fine-tuned,"Blue,Red,Green,Green"
3829,fine-tuned,"Green,Red,Red,Orange,Green"
3830,fine-tuned,"Purple,Green,Blue,Green,Orange"
3831,fine-tuned,"Green,Red,Red,Green,Green,Red"
3832,fine-tuned,"Purple,Blue,Green,Green"
3833,fine-tuned,"Red,Blue,Red,Green,Green,Blue"
3834,fine-tuned,"Green,Blue,Blue,Orange"
3835,fine-tuned,"Red,Green,Red"
3836,fine-tuned,"Blue,Green,Green,Red"
3837,fine-tuned,"Purple,Green,Green,Green"
3838,fine-tuned,"Green,Red,Blue,Blue,Orange,Red"
3839,fine-tuned,"Blue,Green,Blue"
3840,fine-tuned,"Yellow,Green,Orange,Blue,Green"
3841,fine-tuned,"Yellow,Blue,Red,Green,Red"
3842,fine-tuned,"Purple,Red,Green,Blue,Red,Blue"
3843,fine-tuned,"Green,Red,Green,Orange,Blue"
3844,fine-tuned,"Orange,Green,Red,Orange,Green,Blue"
3845,fine-tuned,"Green,Orange,Green"
3846,fine-tuned,"Orange,Green,Green,Red,Red"
3847,fine-tuned,"Orange,Blue,Red,Green,Blue"
3848,fine-tuned,"Purple,Blue,Orange,Green,Red,Green"
3849,fine-tuned,"Green,Blue,Green,Orange"
3850,fine-tuned,"Blue,Orange,Green,Red,Green"
3851,fine-tuned,"Orange,Green,Blue,Red"
3852,fine-tuned,"Blue,Orange,Green,Blue,Orange,Orange"
3853,fine-tuned,"Blue,Green,Red,Orange"
3854,fine-tuned,"Orange,Green,Blue,Red,Orange,Blue"
3855,fine-tuned,"Blue,Red,Green,Red,Blue,Blue"
3856,fine-tuned,"Yellow,Orange,Red,Green,Orange"
3857,fine-tuned,"Yellow,Orange,Blue,Green,Orange,Blue"
3858,fine-tuned,"Green,Red,Red,Red,Orange,Blue"
3859,fine-tuned,"Blue,Green,Red,Green"
3860,fine-tuned,"Blue,Green,Blue,Red,Red,Blue"
3861,fine-tuned,"Blue,Orange,Blue,Blue,Blue,Blue"
3862,fine-tuned,"Red,Green,Green,Blue,Red"
3863,fine-tuned,"Blue,Green,Red,Green,Orange,Green"
3864,fine-tuned,"Purple,Green,Red,Red,Blue"
3865,fine-tuned,"Blue,Orange,Green,Red"
3866,fine-tuned,"Blue,Red,Orange,Green,Green"
3867,fine-tuned,"Orange,Red,Green,Red"
3868,fine-tuned,"Green,Yellow,Purple,Orange,Red,Orange"
3869,fine-tuned,"Green,Orange,Blue,Red,Red"
3870,fine-tuned,"Yellow,Blue,Red,Orange,Green,Orange"
3871,fine-tuned,"Green,Blue,Red,Orange"
3872,fine-tuned,"Yellow,Red,Green,Orange,Blue,Green"
3873,fine-tuned,"Red,Orange,Blue,Green,Green"
3874,fine-tuned,"Orange,Blue,Red,Green"
3875,fine-tuned,"Orange,Purple,Purple,Orange,Green,Blue"
3876,fine-tuned,"Purple,Blue,Red,Orange,Red"
3877,fine-tuned,"Blue,Red,Green,Orange,Orange"
3878,fine-tuned,"Blue,Green,Red,Orange,Red"
3879,fine-tuned,"Blue,Orange,Blue,Blue,Green"
3880,fine-tuned,"Yellow,Green,Green,Blue,Blue"
3881,fine-tuned,"Yellow,Green,Orange,Red,Red,Blue"
3882,fine-tuned,"Blue,Orange,Red,Green,Red"
3883,fine-tuned,"Green,Blue,Orange,Blue,Red,Orange"
3884,fine-tuned,"Red,Blue,Orange,Blue,Green,Blue"
3885,fine-tuned,"Red,Orange,Orange,Red,Green"
3886,fine-tuned,"Orange,Green,Blue,Red,Blue,Red"
3887,fine-tuned,"Orange,Green,Red,Blue,Purple,Orange"
3888,fine-tuned,"Red,Blue,Red,Orange,Red"
3889,fine-tuned,"Orange,Blue,Green,Red,Orange,Green"
3890,fine-tuned,"Red,Green,Blue,Orange"
3891,fine-tuned,"Blue,Green,Orange"
3892,fine-tuned,"Red,Green,Blue,Red,Orange"
3893,fine-tuned,"Blue,Green,Red,Red,Blue"
3894,fine-tuned,"Yellow,Green,Red,Orange,Blue,Green"
3895,fine-tuned,"Green,Red,Red,Orange,Green"
3896,fine-tuned,"Purple,Orange,Blue,Green,Blue,Red"
3897,fine-tuned,"Red,Green,Blue,Green,Orange"
3898,fine-tuned,"Red,Green,Red,Orange,Red"
3899,fine-tuned,"Green,Red,Blue,Red,Red,Green"
3900,fine-tuned,"Orange,Yellow,Purple,Blue,Red,Green"
3901,fine-tuned,"Red,Orange,Blue,Orange,Blue,Blue"
3902,fine-tuned,"Purple,Orange,Blue,Orange,Blue,Red"
3903,fine-tuned,"Orange,Red,Blue,Red,Blue"
3904,fine-tuned,"Yellow,Red,Green,Orange,Red,Blue"
3905,fine-tuned,"Yellow,Blue,Orange,Blue,Green"
3906,fine-tuned,"Blue,Red,Red"
3907,fine-tuned,"Green,Red,Blue,Orange,Red"
3908,fine-tuned,"Red,Green,Blue,Green"
3909,fine-tuned,"Green,Red,Blue,Blue,Green,Orange"
3910,fine-tuned,"Orange,Green,Red,Green,Blue"
3911,fine-tuned,"Orange,Green,Blue,Red,Blue,Red"
3912,fine-tuned,"Green,Blue,Red,Green,Red"
3913,fine-tuned,"Purple,Blue,Red,Blue"
3914,fine-tuned,"Orange,Purple,Blue,Red,Green,Red"
3915,fine-tuned,"Blue,Green,Blue,Red,Yellow,Green"
3916,fine-tuned,"Green,Orange,Red,Orange"
3917,fine-tuned,"Blue,Orange,Green,Blue,Red"
3918,fine-tuned,"Green,Orange,Blue,Red,Blue"
3919,fine-tuned,"Yellow,Red,Orange,Blue,Green"
3920,fine-tuned,"Red,Orange,Red,Blue,Green"
3921,fine-tuned,"Blue,Orange,Red,Red"
3922,fine-tuned,"Blue,Red,Green,Blue,Red,Orange"
3923,fine-tuned,"Blue,Orange,Green,Blue"
3924,fine-tuned,"Red,Red,Blue,Orange,Red,Red"
3925,fine-tuned,"Red,Orange,Red,Orange,Green,Red"
3926,fine-tuned,"Purple,Blue,Orange,Red"
3927,fine-tuned,"Red,Red,Blue,Red,Green"
3928,fine-tuned,"Orange,Purple,Green,Orange,Red,Purple"
3929,fine-tuned,"Red,Green,Red,Orange"
3930,fine-tuned,"Red,Blue,Red,Green,Orange,Green"
3931,fine-tuned,"Orange,Green,Green,Red,Blue,Purple"
3932,fine-tuned,"Red,Green,Orange,Red,Blue"
3933,fine-tuned,"Yellow,Green,Red,Purple,Red,Blue"
3934,fine-tuned,"Blue,Green,Green,Green"
3935,fine-tuned,"Yellow,Green,Blue,Orange,Blue,Green"
3936,fine-tuned,"Green,Blue,Orange,Orange,Blue"
3937,fine-tuned,"Purple,Orange,Blue,Green,Blue"
3938,fine-tuned,"Blue,Green,Red,Green,Orange"
3939,fine-tuned,"Purple,Blue,Green,Orange,Blue"
3940,fine-tuned,"Blue,Orange,Green,Orange,Green,Green"
3941,fine-tuned,"Blue,Red,Orange,Green,Blue,Green"
3942,fine-tuned,"Blue,Blue,Orange,Orange"
3943,fine-tuned,"Red,Orange,Blue,Blue,Orange"
3944,fine-tuned,"Red,Green,Blue,Red"
3945,fine-tuned,"Red,Green,Red,Blue,Red,Red"
3946,fine-tuned,"Red,Green,Blue,Blue,Orange"
3947,fine-tuned,"Orange,Purple,Green,Yellow,Purple,Blue"
3948,fine-tuned,"Blue,Red,Red,Green,Green,Orange"
3949,fine-tuned,"Blue,Orange,Blue,Red"
3950,fine-tuned,"Red,Red,Green,Blue,Red"
3951,fine-tuned,"Yellow,Blue,Green,Red,Green"
3952,fine-tuned,"Blue,Green,Green,Red,Red,Blue"
3953,fine-tuned,"Red,Orange,Red"
3954,fine-tuned,"Blue,Red,Green,Green,Green,Red"
3955,fine-tuned,"Blue,Orange,Red,Blue,Orange,Red"
3956,fine-tuned,"Yellow,Orange,Green,Red,Red,Blue"
3957,fine-tuned,"Red,Green,Blue,Green,Orange"
3958,fine-tuned,"Green,Green,Red,Red,Green"
3959,fine-tuned,"Blue,Green,Red,Red,Green"
3960,fine-tuned,"Purple,Green,Orange,Blue"
3961,fine-tuned,"Red,Green,Orange,Green,Blue,Blue"
3962,fine-tuned,"Purple,Green,Orange,Red"
3963,fine-tuned,"Blue,Orange,Red,Green"
3964,fine-tuned,"Green,Red,Red,Blue,Green"
3965,fine-tuned,"Yellow,Orange,Green,Red,Blue"
3966,fine-tuned,"Yellow,Blue,Red,Orange,Green"
3967,fine-tuned,"Green,Orange,Blue,Red,Red"
3968,fine-tuned,"Purple,Green,Orange,Red,Blue,Red"
3969,fine-tuned,"Purple,Red,Green,Orange,Red,Blue"
3970,fine-tuned,"Purple,Green,Orange,Green,Blue"
3971,fine-tuned,"Blue,Orange,Green,Blue,Green"
3972,fine-tuned,"Yellow,Blue,Red,Red,Orange"
3973,fine-tuned,"Red,Orange,Orange,Red,Blue,Red"
3974,fine-tuned,"Red,Green,Orange,Red,Orange"
3975,fine-tuned,"Red,Blue,Green,Orange,Blue,Red"
3976,fine-tuned,"Green,Red,Blue,Red,Blue"
3977,fine-tuned,"Red,Blue,Orange,Red,Blue"
3978,fine-tuned,"Purple,Green,Orange,Green"
3979,fine-tuned,"Blue,Orange,Red,Green,Green"
3980,fine-tuned,"Orange,Blue,Red,Red,Green"
3981,fine-tuned,"Blue,Orange,Red,Red,Green,Orange"
3982,fine-tuned,"Blue,Red,Green,Blue,Green"
3983,fine-tuned,"Blue,Green,Orange,Red"
3984,fine-tuned,"Green,Red,Blue,Orange,Green,Orange"
3985,fine-tuned,"Blue,Green,Red,Green"
3986,fine-tuned,"Green,Yellow,Red,Blue,Green,Orange"
3987,fine-tuned,"Yellow,Orange,Blue,Red,Red"
3988,fine-tuned,"Red,Orange,Red,Red"
3989,fine-tuned,"Orange,Green,Green,Red,Red,Red"
3990,fine-tuned,"Green,Red,Red,Blue,Green"
3991,fine-tuned,"Blue,Blue,Orange,Orange,Red"
3992,fine-tuned,"Blue,Red,Green,Red"
3993,fine-tuned,"Blue,Red,Orange,Green,Orange,Blue"
3994,fine-tuned,"Purple,Orange,Green,Red,Green"
3995,fine-tuned,"Orange,Red,Green,Blue,Green,Blue"
3996,fine-tuned,"Yellow,Green,Blue,Orange,Blue,Red"
3997,fine-tuned,"Green,Blue,Green,Green"
3998,fine-tuned,"Red,Blue,Green,Blue"
3999,fine-tuned,"Green,Orange,Red,Orange"
4000,fine-tuned,"Blue,Orange,Green,Green,Blue,Red"
4001,fine-tuned,"Green,Blue,Blue,Orange,Green"
4002,fine-tuned,"Green,Orange,Blue,Red,Blue,Orange"
4003,fine-tuned,"Blue,Orange,Orange,Green,Blue,Green"
4004,fine-tuned,"Red,Green,Green,Blue,Red"
4005,fine-tuned,"Red,Blue,Red,Red,Orange,Orange"
4006,fine-tuned,"Yellow,Green,Orange,Red,Blue,Blue"
4007,fine-tuned,"Red,Green,Blue,Blue"
4008,fine-tuned,"Red,Orange,Red,Green"
4009,fine-tuned,"Green,Blue,Orange,Red,Blue,Orange"
4010,fine-tuned,"Red,Orange,Blue,Green,Red"
4011,fine-tuned,"Orange,Green,Red,Green,Red,Red"
4012,fine-tuned,"Red,Red,Red,Blue,Green,Red"
4013,fine-tuned,"Orange,Red,Green,Red,Blue,Green"
4014,fine-tuned,"Red,Blue,Orange,Green,Green"
4015,fine-tuned,"Purple,Red,Red,Red,Blue"
4016,fine-tuned,"Blue,Red,Orange,Red"
4017,fine-tuned,"Blue,Green,Orange,Green,Red"
4018,fine-tuned,"Yellow,Green,Red,Blue"
4019,fine-tuned,"Purple,Red,Orange,Red,Orange,Green"
4020,fine-tuned,"Blue,Green,Red,Orange,Red"
4021,fine-tuned,"Green,Blue,Green,Orange,Red,Orange"
4022,fine-tuned,"Red,Green,Blue,Orange,Orange,Blue"
4023,fine-tuned,"Blue,Green,Blue,Orange"
4024,fine-tuned,"Red,Orange,Blue,Green,Blue,Green"
4025,fine-tuned,"Green,Orange,Orange,Blue,Green"
4026,fine-tuned,"Red,Blue,Green,Blue,Green"
4027,fine-tuned,"Purple,Green,Blue,Red"
4028,fine-tuned,"Purple,Blue,Green,Orange"
4029,fine-tuned,"Red,Green,Blue,Orange,Orange,Blue"
4030,fine-tuned,"Red,Blue,Blue,Red,Green,Red"
4031,fine-tuned,"Blue,Orange,Green"
4032,fine-tuned,"Orange,Purple,Green,Blue,Blue,Green"
4033,fine-tuned,"Yellow,Green,Green,Red,Red"
4034,fine-tuned,"Orange,Purple,Green,Yellow,Blue,Orange"
4035,fine-tuned,"Blue,Red,Orange,Red,Orange,Blue"
4036,fine-tuned,"Blue,Green,Red,Green,Blue,Green"
4037,fine-tuned,"Red,Green,Blue,Blue,Green"
4038,fine-tuned,"Red,Orange,Green,Green,Red"
4039,fine-tuned,"Orange,Blue,Green,Red,Orange,Red"
4040,fine-tuned,"Orange,Blue,Red,Green,Green"
4041,fine-tuned,"Yellow,Red,Blue,Green,Orange"
4042,fine-tuned,"Green,Orange,Blue,Blue,Red"
4043,fine-tuned,"Orange,Green,Blue,Purple,Blue,Red"
4044,fine-tuned,"Blue,Orange,Red,Blue,Red,Red"
4045,fine-tuned,"Blue,Green,Orange,Red,Orange,Red"
4046,fine-tuned,"Yellow,Green,Orange,Red,Green"
4047,fine-tuned,"Blue,Orange,Red,Green,Red"
4048,fine-tuned,"Orange,Red,Orange,Green,Orange,Green"
4049,fine-tuned,"Orange,Green,Red,Blue,Green"
4050,fine-tuned,"Red,Orange,Blue,Orange,Red,Red"
4051,fine-tuned,"Green,Orange,Red,Blue"
4052,fine-tuned,"Blue,Red,Red,Blue"
4053,fine-tuned,"Red,Green,Blue,Blue,Green,Red"
4054,fine-tuned,"Blue,Orange,Green,Red,Blue,Orange"
4055,fine-tuned,"Red,Blue,Green,Green,Orange"
4056,fine-tuned,"Blue,Orange,Red,Green,Blue,Green"
4057,fine-tuned,"Red,Orange,Red,Red,Blue,Blue"
4058,fine-tuned,"Orange,Blue,Blue,Green,Orange"
4059,fine-tuned,"Blue,Red,Blue,Red"
4060,fine-tuned,"Yellow,Red,Red,Blue"
4061,fine-tuned,"Orange,Green,Green,Red,Blue,Red"
4062,fine-tuned,"Blue,Orange,Green,Red,Red"
4063,fine-tuned,"Yellow,Red,Green,Orange"
4064,fine-tuned,"Purple,Green,Orange,Blue"
4065,fine-tuned,"Red,Blue,Green,Green"
4066,fine-tuned,"Yellow,Orange,Green,Green"
4067,fine-tuned,"Orange,Green,Blue,Red"
4068,fine-tuned,"Red,Green,Red,Blue,Orange,Red"
4069,fine-tuned,"Blue,Orange,Red,Red,Red"
4070,fine-tuned,"Yellow,Green,Red,Blue,Orange"
4071,fine-tuned,"Yellow,Blue,Orange,Blue,Red,Blue"
4072,fine-tuned,"Blue,Orange,Orange,Green,Green,Red"
4073,fine-tuned,"Blue,Red,Green"
4074,fine-tuned,"Orange,Red,Red,Orange,Green,Red"
4075,fine-tuned,"Orange,Green,Blue,Red,Green"
4076,fine-tuned,"Orange,Green,Purple,Red,Green,Purple"
4077,fine-tuned,"Green,Red,Red,Orange"
4078,fine-tuned,"Blue,Green,Green,Green,Orange,Orange"
4079,fine-tuned,"Blue,Green,Green,Orange,Blue,Blue"
4080,fine-tuned,"Red,Green,Blue,Red,Orange"
4081,fine-tuned,"Orange,Green,Green,Blue,Blue"
4082,fine-tuned,"Purple,Red,Green,Orange,Blue,Red"
4083,fine-tuned,"Green,Yellow,Purple,Red,Blue,Green"
4084,fine-tuned,"Red,Blue,Green,Red,Green,Orange"
4085,fine-tuned,"Green,Red,Green,Blue,Red"
4086,fine-tuned,"Red,Orange,Blue,Red,Blue,Orange"
4087,fine-tuned,"Green,Orange,Red,Red,Blue,Green"
4088,fine-tuned,"Yellow,Blue,Orange,Orange,Green"
4089,fine-tuned,"Orange,Red,Red,Green,Blue,Red"
4090,fine-tuned,"Red,Green,Red,Green,Red,Orange"
4091,fine-tuned,"Purple,Green,Red,Red,Blue"
4092,fine-tuned,"Yellow,Orange,Red,Green,Blue,Blue"
4093,fine-tuned,"Purple,Green,Green,Orange,Green,Red"
4094,fine-tuned,"Red,Blue,Red,Red"
4095,fine-tuned,"Orange,Purple,Red,Blue,Purple,Orange"
4096,fine-tuned,"Blue,Orange,Red,Orange,Green,Blue"
4097,fine-tuned,"Yellow,Green,Blue,Orange,Red"
4098,fine-tuned,"Blue,Green,Red,Blue"
4099,fine-tuned,"Green,Blue,Blue,Red,Orange"
4100,fine-tuned,"Purple,Orange,Green,Blue,Orange"
4101,fine-tuned,"Purple,Orange,Blue,Red,Blue,Red"
4102,fine-tuned,"Yellow,Green,Blue,Red,Red,Blue"
4103,fine-tuned,"Purple,Blue,Orange,Green,Red,Blue"
4104,fine-tuned,"Yellow,Green,Blue,Green,Orange,Red"
4105,fine-tuned,"Blue,Orange,Red"
4106,fine-tuned,"Purple,Red,Green,Orange"
4107,fine-tuned,"Red,Orange,Red,Blue,Orange,Red"
4108,fine-tuned,"Orange,Red,Green,Blue,Orange,Purple"
4109,fine-tuned,"Orange,Green,Blue,Red,Red"
4110,fine-tuned,"Green,Red,Red,Orange"
4111,fine-tuned,"Blue,Green,Red,Blue"
4112,fine-tuned,"Red,Green"
4113,fine-tuned,"Blue,Red,Red,Green,Red,Blue"
4114,fine-tuned,"Orange,Red,Green,Green,Blue,Red"
4115,fine-tuned,"Red,Green,Red,Green,Orange"
4116,fine-tuned,"Orange,Blue,Green,Green,Blue"
4117,fine-tuned,"Blue,Green,Orange,Green"
4118,fine-tuned,"Blue,Orange,Red,Red"
4119,fine-tuned,"Yellow,Green,Orange,Blue,Red,Blue"
4120,fine-tuned,"Blue,Green,Red,Blue"
4121,fine-tuned,"Orange,Green,Green"
4122,fine-tuned,"Yellow,Orange,Red,Blue,Green,Red"
4123,fine-tuned,"Red,Blue,Green,Orange,Orange,Red"
4124,fine-tuned,"Green,Blue,Green,Red,Red"
4125,fine-tuned,"Orange,Blue,Green,Red,Red,Red"
4126,fine-tuned,"Green,Orange,Blue,Orange,Green,Red"
4127,fine-tuned,"Yellow,Green,Blue,Orange,Red,Orange"
4128,fine-tuned,"Blue,Red,Red,Green"
4129,fine-tuned,"Green,Blue,Red"
4130,fine-tuned,"Red,Orange,Green,Green,Blue"
4131,fine-tuned,"Red,Orange,Blue,Green,Blue,Green"
4132,fine-tuned,"Blue,Green,Yellow,Yellow,Purple,Orange"
4133,fine-tuned,"Red,Green,Orange,Green"
4134,fine-tuned,"Blue,Green,Green,Blue,Red"
4135,fine-tuned,"Blue,Green,Orange"
4136,fine-tuned,"Green,Purple,Yellow,Orange,Blue,Purple"
4137,fine-tuned,"Green,Blue,Green,Blue,Orange"
4138,fine-tuned,"Blue,Red,Green,Blue"
4139,fine-tuned,"Red,Green,Red,Blue"
4140,fine-tuned,"Red,Green,Blue,Orange"
4141,fine-tuned,"Yellow,Orange,Orange,Red,Blue,Blue"
4142,fine-tuned,"Blue,Red,Red,Green,Orange"
4143,fine-tuned,"Red,Blue,Orange,Red,Green"
4144,fine-tuned,"Green,Red,Green,Orange,Green"
4145,fine-tuned,"Red,Orange,Orange,Blue,Green"
4146,fine-tuned,"Red,Blue,Green,Red,Orange,Green"
4147,fine-tuned,"Blue,Red,Blue,Red,Green"
4148,fine-tuned,"Orange,Blue,Orange,Green"
4149,fine-tuned,"Blue,Orange,Red,Orange,Blue"
4150,fine-tuned,"Green,Red,Orange,Blue,Red,Blue"
4151,fine-tuned,"Yellow,Orange,Green,Blue,Green,Blue"
4152,fine-tuned,"Blue,Red,Orange,Red,Red,Red"
4153,fine-tuned,"Red,Green,Green,Blue,Red"
4154,fine-tuned,"Blue,Blue"
4155,fine-tuned,"Yellow,Green,Red,Blue,Orange"
4156,fine-tuned,"Green,Red,Green,Blue,Red"
4157,fine-tuned,"Yellow,Orange,Green,Red,Green"
4158,fine-tuned,"Green,Red,Green,Orange,Blue,Green"
4159,fine-tuned,"Blue,Green,Red,Orange,Blue"
4160,fine-tuned,"Yellow,Blue,Red,Orange,Green"
4161,fine-tuned,"Blue,Red,Green,Orange"
4162,fine-tuned,"Red,Green,Green,Red,Orange,Red"
4163,fine-tuned,"Blue,Red,Red,Red,Orange,Blue"
4164,fine-tuned,"Blue,Green,Red,Blue,Green"
4165,fine-tuned,"Red,Green,Orange,Blue,Blue,Orange"
4166,fine-tuned,"Purple,Blue,Blue,Green,Red,Green"
4167,fine-tuned,"Red,Green,Orange,Red,Blue,Orange"
4168,fine-tuned,"Yellow,Red,Red,Green,Orange,Blue"
4169,fine-tuned,"Yellow,Blue,Green,Blue,Green,Orange"
4170,fine-tuned,"Blue,Orange,Red,Red,Green"
4171,fine-tuned,"Blue,Red,Blue,Orange"
4172,fine-tuned,"Green,Blue,Orange,Blue,Red,Blue"
4173,fine-tuned,"Red,Red,Green,Green,Red,Orange"
4174,fine-tuned,"Blue,Red,Red,Red,Red"
4175,fine-tuned,"Blue,Green,Red,Green,Orange"
4176,fine-tuned,"Green,Blue,Red,Green,Red"
4177,fine-tuned,"Yellow,Red,Blue,Red,Orange,Red"
4178,fine-tuned,"Red,Green"
4179,fine-tuned,"Orange,Blue,Green,Blue,Red,Red"
4180,fine-tuned,"Red,Orange,Green,Blue,Blue,Green"
4181,fine-tuned,"Orange,Green,Red,Blue,Red"
4182,fine-tuned,"Green,Red,Blue,Green,Orange"
4183,fine-tuned,"Blue,Red,Red,Orange,Red,Orange"
4184,fine-tuned,"Orange,Red,Blue,Red,Red,Orange"
4185,fine-tuned,"Red,Blue,Green,Blue,Orange,Green"
4186,fine-tuned,"Purple,Blue,Green,Blue,Red"
4187,fine-tuned,"Orange,Green,Red,Green,Blue"
4188,fine-tuned,"Green,Orange,Red,Blue,Red,Blue"
4189,fine-tuned,"Green,Orange,Blue,Green,Blue"
4190,fine-tuned,"Blue,Green,Red,Red,Orange,Green"
4191,fine-tuned,"Yellow,Red,Blue,Red,Blue,Orange"
4192,fine-tuned,"Blue,Green,Orange,Green"
4193,fine-tuned,"Orange,Red,Red,Red,Green,Green"
4194,fine-tuned,"Purple,Orange,Blue,Green"
4195,fine-tuned,"Blue,Green,Orange,Red,Red,Blue"
4196,fine-tuned,"Blue,Green,Green,Blue,Purple,Green"
4197,fine-tuned,"Red,Blue,Orange,Orange"
4198,fine-tuned,"Orange,Purple,Yellow,Blue,Green,Blue"
4199,fine-tuned,"Yellow,Blue,Green,Green,Red,Orange"
4200,fine-tuned,"Red,Blue,Orange,Red"
4201,fine-tuned,"Blue,Red,Red,Red,Blue"
4202,fine-tuned,"Yellow,Green,Blue,Blue,Red"
4203,fine-tuned,"Green,Red,Blue,Green,Blue"
4204,fine-tuned,"Red,Orange,Green"
4205,fine-tuned,"Blue,Green,Green,Red,Orange,Red"
4206,fine-tuned,"Orange,Red,Green,Blue,Red,Blue"
4207,fine-tuned,"Green,Orange,Red,Orange"
4208,fine-tuned,"Blue,Orange,Green,Green,Red,Red"
4209,fine-tuned,"Green,Orange,Orange,Red,Green"
4210,fine-tuned,"Purple,Blue,Red,Blue,Green,Orange"
4211,fine-tuned,"Orange,Blue,Blue,Green,Blue"
4212,fine-tuned,"Red,Blue,Green,Red,Orange,Blue"
4213,fine-tuned,"Blue,Red,Green,Green,Orange"
4214,fine-tuned,"Green,Blue,Red,Orange,Green,Blue"
4215,fine-tuned,"Orange,Green,Green,Red,Green"
4216,fine-tuned,"Orange,Green,Orange,Red"
4217,fine-tuned,"Red,Green,Red,Blue,Green,Red"
4218,fine-tuned,"Green,Red,Green,Blue,Blue,Red"
4219,fine-tuned,"Red,Blue,Green,Red"
4220,fine-tuned,"Red,Orange"
4221,fine-tuned,"Orange,Blue,Green,Green"
4222,fine-tuned,"Blue,Red,Red"
4223,fine-tuned,"Yellow,Orange,Green"
4224,fine-tuned,"Purple,Blue,Red,Orange,Red,Blue"
4225,fine-tuned,"Blue,Red,Blue,Orange"
4226,fine-tuned,"Blue,Green,Red,Orange,Green"
4227,fine-tuned,"Orange,Blue,Orange,Red,Red,Red"
4228,fine-tuned,"Green,Red,Blue,Red,Blue,Orange"
4229,fine-tuned,"Yellow,Green,Orange,Red,Blue"
4230,fine-tuned,"Blue,Orange,Red,Orange,Green"
4231,fine-tuned,"Green,Orange,Blue,Red,Red"
4232,fine-tuned,"Green,Red,Green,Blue,Orange,Green"
4233,fine-tuned,"Orange,Red,Blue,Green,Red,Green"
4234,fine-tuned,"Blue,Red,Green,Red,Orange"
4235,fine-tuned,"Orange,Blue,Red"
4236,fine-tuned,"Green,Red,Orange,Red"
4237,fine-tuned,"Blue,Red,Green,Blue,Orange,Blue"
4238,fine-tuned,"Green,Orange,Green,Orange,Blue,Green"
4239,fine-tuned,"Orange,Blue,Green,Orange,Green,Red"
4240,fine-tuned,"Orange,Purple,Blue,Green,Orange,Green"
4241,fine-tuned,"Green,Orange,Blue,Blue,Orange,Red"
4242,fine-tuned,"Green,Orange,Orange,Blue,Red"
4243,fine-tuned,"Purple,Green,Red,Red,Orange,Blue"
4244,fine-tuned,"Blue,Orange,Green,Red,Blue"
4245,fine-tuned,"Green,Blue,Red,Red,Blue,Orange"
4246,fine-tuned,"Red,Blue,Blue,Orange"
4247,fine-tuned,"Blue,Green,Green,Orange,Red"
4248,fine-tuned,"Purple,Green,Blue,Orange,Red"
4249,fine-tuned,"Blue,Red,Red,Orange"
4250,fine-tuned,"Green,Orange,Blue,Red,Red"
4251,fine-tuned,"Purple,Red,Orange,Blue"
4252,fine-tuned,"Green,Blue,Green"
4253,fine-tuned,"Yellow,Green,Orange,Blue,Orange,Blue"
4254,fine-tuned,"Red,Blue,Green,Green,Orange"
4255,fine-tuned,"Blue,Green,Red,Green,Red,Blue"
4256,fine-tuned,"Red,Orange,Green,Red"
4257,fine-tuned,"Red,Blue,Green,Orange,Red"
4258,fine-tuned,"Red,Orange,Orange,Blue,Red"
4259,fine-tuned,"Red,Orange,Green,Red,Orange,Green"
4260,fine-tuned,"Green,Orange,Green,Red"
4261,fine-tuned,"Blue,Red,Blue,Red,Orange"
4262,fine-tuned,"Red,Green,Orange,Blue,Red,Green"
4263,fine-tuned,"Blue,Green,Orange,Red,Red"
4264,fine-tuned,"Yellow,Red,Red,Blue,Blue,Red"
4265,fine-tuned,"Blue,Green,Red,Green"
4266,fine-tuned,"Orange,Green,Green,Blue,Red,Orange"
4267,fine-tuned,"Orange,Green,Purple,Purple,Blue,Green"
4268,fine-tuned,"Purple,Red,Blue,Red,Orange"
4269,fine-tuned,"Green,Red,Orange,Blue,Green"
4270,fine-tuned,"Yellow,Green,Orange,Red,Red"
4271,fine-tuned,"Blue,Orange,Green,Blue,Red"
4272,fine-tuned,"Yellow,Red,Blue,Green,Blue"
4273,fine-tuned,"Green,Orange,Blue,Green,Red,Blue"
4274,fine-tuned,"Yellow,Orange,Red,Green,Blue"
4275,fine-tuned,"Red,Green,Blue,Orange,Orange"
4276,fine-tuned,"Green,Orange,Red,Green"
4277,fine-tuned,"Red,Orange,Blue,Green"
4278,fine-tuned,"Green,Blue,Blue"
4279,fine-tuned,"Blue,Orange,Red,Green,Red,Blue"
4280,fine-tuned,"Green,Blue,Green,Red,Orange,Red"
4281,fine-tuned,"Red,Green,Green,Blue,Orange,Orange"
4282,fine-tuned,"Blue,Green,Orange,Red,Red"
4283,fine-tuned,"Blue,Orange,Green,Green,Orange,Blue"
4284,fine-tuned,"Green,Red,Blue,Blue,Orange"
4285,fine-tuned,"Blue,Red,Orange,Red,Green"
4286,fine-tuned,"Red,Red,Green,Blue,Orange"
4287,fine-tuned,"Yellow,Blue,Red,Red,Orange,Red"
4288,fine-tuned,"Yellow,Orange,Green,Green"
4289,fine-tuned,"Red,Orange,Green"
4290,fine-tuned,"Blue,Green,Orange"
4291,fine-tuned,"Purple,Red,Green,Orange,Red"
4292,fine-tuned,"Red,Orange,Blue,Green"
4293,fine-tuned,"Blue,Red,Green,Blue,Red,Red"
4294,fine-tuned,"Blue,Red,Orange,Green"
4295,fine-tuned,"Yellow,Red,Blue,Red,Orange"
4296,fine-tuned,"Green,Orange,Green,Red"
4297,fine-tuned,"Red,Orange,Blue,Green,Red,Blue"
4298,fine-tuned,"Yellow,Red"
4299,fine-tuned,"Purple,Orange,Blue,Green"
4300,fine-tuned,"Red,Red,Blue,Red"
4301,fine-tuned,"Blue,Orange,Blue,Red"
4302,fine-tuned,"Yellow,Blue,Green,Blue,Blue"
4303,fine-tuned,"Red,Blue,Green,Green"
4304,fine-tuned,"Blue,Orange,Green,Red,Green,Blue"
4305,fine-tuned,"Green,Red,Blue,Red"
4306,fine-tuned,"Blue,Green,Blue,Red,Green,Orange"
4307,fine-tuned,"Blue,Orange,Orange,Red,Green,Red"
4308,fine-tuned,"Blue,Green,Blue,Blue,Red,Blue"
4309,fine-tuned,"Yellow,Red,Blue,Red"
4310,fine-tuned,"Blue,Green,Orange,Green,Red"
4311,fine-tuned,"Yellow,Red,Blue,Green,Green,Red"
4312,fine-tuned,"Red,Green,Blue,Blue,Red"
4313,fine-tuned,"Red,Red,Blue,Orange,Green"
4314,fine-tuned,"Purple,Orange,Red,Red,Red,Green"
4315,fine-tuned,"Yellow,Green,Red,Blue,Orange,Orange"
4316,fine-tuned,"Green,Orange,Red,Red,Blue"
4317,fine-tuned,"Orange,Red,Blue,Red,Green"
4318,fine-tuned,"Yellow,Orange,Orange,Blue"
4319,fine-tuned,"Yellow,Blue,Orange,Green,Red"
4320,fine-tuned,"Red,Green,Orange,Red,Green"
4321,fine-tuned,"Green,Blue,Red,Green,Orange"
4322,fine-tuned,"Blue,Orange,Red"
4323,fine-tuned,"Red,Green,Green,Blue,Red"
4324,fine-tuned,"Red,Orange,Red"
4325,fine-tuned,"Red,Orange,Blue,Green,Red,Red"
4326,fine-tuned,"Blue,Red,Red"
4327,fine-tuned,"Yellow,Orange,Green,Blue,Red,Red"
4328,fine-tuned,"Red,Green,Red,Red,Orange"
4329,fine-tuned,"Blue,Red,Orange,Green,Red,Orange"
4330,fine-tuned,"Yellow,Blue,Orange,Green,Orange"
4331,fine-tuned,"Green,Orange,Red,Red,Blue"
4332,fine-tuned,"Purple,Blue,Green,Green,Orange,Red"
4333,fine-tuned,"Red,Green,Blue,Blue,Green"
4334,fine-tuned,"Blue,Red,Red,Green,Green,Green"
4335,fine-tuned,"Yellow,Green,Blue,Red"
4336,fine-tuned,"Red,Orange,Green,Green"
4337,fine-tuned,"Green,Red,Orange,Red,Orange"
4338,fine-tuned,"Orange,Green,Green,Blue,Red,Blue"
4339,fine-tuned,"Blue,Red,Red,Red,Green,Green"
4340,fine-tuned,"Orange,Blue,Yellow,Purple,Green,Red"
4341,fine-tuned,"Blue,Green,Red,Orange,Green"
4342,fine-tuned,"Green,Red,Green,Orange,Blue,Blue"
4343,fine-tuned,"Yellow,Green,Blue,Blue,Purple,Purple"
4344,fine-tuned,"Orange,Blue,Green,Green,Red"
4345,fine-tuned,"Green,Blue,Orange,Green,Blue"
4346,fine-tuned,"Green,Green,Blue,Red,Orange"
4347,fine-tuned,"Orange,Red,Red,Blue,Green"
4348,fine-tuned,"Red,Blue,Green,Green,Red,Orange"
4349,fine-tuned,"Red,Blue,Red,Orange,Blue"
4350,fine-tuned,"Orange,Red,Green,Blue"
4351,fine-tuned,"Yellow,Blue,Green,Blue,Green"
4352,fine-tuned,"Red,Green,Orange"
4353,fine-tuned,"Yellow,Blue,Red,Green,Blue,Blue"
4354,fine-tuned,"Yellow,Orange,Green,Red"
4355,fine-tuned,"Red,Orange,Blue,Orange,Green,Blue"
4356,fine-tuned,"Green,Orange,Red,Green"
4357,fine-tuned,"Red,Green,Blue"
4358,fine-tuned,"Green,Red,Red,Orange,Orange"
4359,fine-tuned,"Orange,Blue,Green,Blue,Orange"
4360,fine-tuned,"Blue,Blue,Orange,Green,Blue,Red"
4361,fine-tuned,"Green,Orange,Blue,Red,Green,Green"
4362,fine-tuned,"Orange,Blue,Red,Red,Yellow,Purple"
4363,fine-tuned,"Green,Blue,Red,Orange,Green,Red"
4364,fine-tuned,"Green,Red,Orange,Red,Blue"
4365,fine-tuned,"Yellow,Red,Blue,Red"
4366,fine-tuned,"Green,Red,Green"
4367,fine-tuned,"Red,Green,Orange,Blue,Green,Orange"
4368,fine-tuned,"Green,Orange,Blue,Blue,Red,Green"
4369,fine-tuned,"Orange,Blue,Orange"
4370,fine-tuned,"Blue,Green,Orange,Red"
4371,fine-tuned,"Yellow,Orange,Green,Blue,Orange,Green"
4372,fine-tuned,"Red,Orange,Green,Green,Orange"
4373,fine-tuned,"Green,Green,Red,Blue,Red,Green"
4374,fine-tuned,"Purple,Blue,Green,Blue,Orange"
4375,fine-tuned,"Blue,Green,Red,Red,Orange,Red"
4376,fine-tuned,"Red,Blue,Orange,Blue"
4377,fine-tuned,"Blue,Green"
4378,fine-tuned,"Green,Orange,Orange,Red,Blue"
4379,fine-tuned,"Red,Orange,Green,Red,Green"
4380,fine-tuned,"Blue,Green,Green,Orange,Blue,Red"
4381,fine-tuned,"Purple,Green,Red,Orange,Blue,Blue"
4382,fine-tuned,"Yellow,Orange,Blue,Red,Red,Green"
4383,fine-tuned,"Blue,Green,Red,Orange,Red,Green"
4384,fine-tuned,"Yellow,Green,Green,Red,Orange,Green"
4385,fine-tuned,"Purple,Blue,Green,Green,Orange"
4386,fine-tuned,"Red,Blue,Orange,Blue,Green,Green"
4387,fine-tuned,"Green,Orange,Green,Red"
4388,fine-tuned,"Blue,Green,Green,Orange,Blue,Green"
4389,fine-tuned,"Green,Orange,Red,Red,Red"
4390,fine-tuned,"Red,Blue,Green,Blue,Green"
4391,fine-tuned,"Red,Orange,Green,Red,Orange"
4392,fine-tuned,"Yellow,Orange,Blue,Green,Blue,Green"
4393,fine-tuned,"Blue,Blue,Green"
4394,fine-tuned,"Yellow,Blue,Blue,Red,Green"
4395,fine-tuned,"Purple,Orange,Red,Blue,Green,Red"
4396,fine-tuned,"Red,Blue,Green,Red,Orange,Orange"
4397,fine-tuned,"Green,Orange,Green,Red"
4398,fine-tuned,"Green,Red,Green,Blue,Blue"
4399,fine-tuned,"Orange,Red,Blue,Orange,Green,Orange"
4400,fine-tuned,"Red,Red,Orange,Orange,Orange"
4401,fine-tuned,"Blue,Green,Red,Blue,Orange,Orange"
4402,fine-tuned,"Red,Blue,Green,Red"
4403,fine-tuned,"Blue,Orange,Green,Green"
4404,fine-tuned,"Red,Green,Red,Orange,Green"
4405,fine-tuned,"Yellow,Red,Blue,Green,Red"
4406,fine-tuned,"Blue,Green,Green,Blue,Orange"
4407,fine-tuned,"Yellow,Green,Red,Red,Blue,Green"
4408,fine-tuned,"Red,Green,Orange"
4409,fine-tuned,"Yellow,Blue,Red,Red"
4410,fine-tuned,"Orange,Green,Red,Blue,Red,Orange"
4411,fine-tuned,"Blue,Green,Orange,Red,Blue"
4412,fine-tuned,"Orange,Blue,Green,Purple,Purple,Orange"
4413,fine-tuned,"Orange,Red,Green,Purple,Blue,Red"
4414,fine-tuned,"Blue,Red,Red,Red,Blue"
4415,fine-tuned,"Blue,Green,Blue,Red,Orange,Orange"
4416,fine-tuned,"Blue,Orange,Blue,Green,Blue"
4417,fine-tuned,"Green,Blue,Red,Red"
4418,fine-tuned,"Green,Blue,Orange,Red"
4419,fine-tuned,"Green,Blue,Red,Red"
4420,fine-tuned,"Purple,Blue,Green,Red,Red"
4421,fine-tuned,"Green,Green,Green,Green,Orange"
4422,fine-tuned,"Green,Blue,Green,Orange,Green,Orange"
4423,fine-tuned,"Purple,Red,Green,Orange,Orange,Red"
4424,fine-tuned,"Green,Red,Red,Blue"
4425,fine-tuned,"Green,Blue,Red,Yellow,Red,Purple"
4426,fine-tuned,"Green,Red,Blue,Green,Red"
4427,fine-tuned,"Green,Red,Blue,Green,Orange"
4428,fine-tuned,"Green,Orange,Red,Red"
4429,fine-tuned,"Yellow,Green,Red,Blue,Green,Red"
4430,fine-tuned,"Orange,Blue,Green,Orange,Orange,Red"
4431,fine-tuned,"Green,Red,Orange,Orange,Blue"
4432,fine-tuned,"Red,Orange,Orange,Orange"
4433,fine-tuned,"Orange,Green,Red,Red,Blue"
4434,fine-tuned,"Blue,Blue,Red,Green,Green,Red"
4435,fine-tuned,"Orange,Blue,Red,Red,Blue"
4436,fine-tuned,"Purple,Blue,Red,Orange,Red"
4437,fine-tuned,"Blue,Green,Green,Blue,Orange,Green"
4438,fine-tuned,"Blue,Green,Blue,Orange,Green"
4439,fine-tuned,"Blue,Red,Green,Orange,Red"
4440,fine-tuned,"Blue,Green,Red,Blue,Orange"
4441,fine-tuned,"Blue,Green,Orange,Orange,Red"
4442,fine-tuned,"Red,Orange,Orange,Orange,Blue,Orange"
4443,fine-tuned,"Blue,Green,Red,Red,Blue"
4444,fine-tuned,"Red,Orange,Green,Red,Blue"
4445,fine-tuned,"Red,Blue,Green,Red"
4446,fine-tuned,"Blue,Green,Blue"
4447,fine-tuned,"Yellow,Green,Blue,Orange,Red,Green"
4448,fine-tuned,"Blue,Green,Green,Red"
4449,fine-tuned,"Red,Orange,Red,Blue,Blue"
4450,fine-tuned,"Blue,Orange,Red"
4451,fine-tuned,"Purple,Green,Blue,Blue,Red"
4452,fine-tuned,"Green,Red,Blue,Blue,Green"
4453,fine-tuned,"Blue,Red,Red,Orange,Red"
4454,fine-tuned,"Blue,Orange,Red,Green,Green"
4455,fine-tuned,"Blue,Red,Orange,Green,Red"
4456,fine-tuned,"Blue,Red,Green,Red,Orange"
4457,fine-tuned,"Blue,Orange,Red,Red"
4458,fine-tuned,"Green,Red,Orange,Red,Red"
4459,fine-tuned,"Green,Red,Red,Green,Orange,Blue"
4460,fine-tuned,"Green,Yellow,Purple,Orange,Green,Red"
4461,fine-tuned,"Orange,Red,Green,Yellow,Purple,Orange"
4462,fine-tuned,"Red,Blue,Orange,Green,Red"
4463,fine-tuned,"Blue,Orange,Red"
4464,fine-tuned,"Red,Blue,Green,Orange,Green,Blue"
4465,fine-tuned,"Blue,Red,Green,Orange,Red"
4466,fine-tuned,"Blue,Red,Red,Green,Red,Orange"
4467,fine-tuned,"Orange,Red,Green,Blue"
4468,fine-tuned,"Blue,Orange,Red,Green,Red,Red"
4469,fine-tuned,"Red,Orange,Blue,Red,Red,Blue"
4470,fine-tuned,"Green,Orange,Orange,Orange"
4471,fine-tuned,"Blue,Orange,Red,Green,Blue"
4472,fine-tuned,"Blue,Green,Blue,Red,Red"
4473,fine-tuned,"Blue,Green,Red,Orange"
4474,fine-tuned,"Yellow,Green,Orange,Red,Red,Blue"
4475,fine-tuned,"Orange,Red,Blue,Green,Red,Blue"
4476,fine-tuned,"Red,Green,Green,Blue,Blue,Blue"
4477,fine-tuned,"Red,Orange,Orange,Blue,Blue"
4478,fine-tuned,"Red,Red,Orange,Orange,Green"
4479,fine-tuned,"Blue,Red,Orange,Green,Red"
4480,fine-tuned,"Green,Red,Orange,Green"
4481,fine-tuned,"Yellow,Green,Green,Blue,Orange,Red"
4482,fine-tuned,"Yellow,Blue,Orange,Blue,Red,Red"
4483,fine-tuned,"Red,Orange,Red,Green,Green,Orange"
4484,fine-tuned,"Yellow,Red,Blue,Green,Blue,Red"
4485,fine-tuned,"Green,Red,Blue,Red,Orange"
4486,fine-tuned,"Red,Green,Orange,Green,Orange"
4487,fine-tuned,"Red,Blue,Red,Green,Red,Green"
4488,fine-tuned,"Red,Green,Blue,Green,Red"
4489,fine-tuned,"Green,Blue,Red,Red,Blue,Orange"
4490,fine-tuned,"Red,Blue,Green,Red,Green"
4491,fine-tuned,"Yellow,Orange,Green"
4492,fine-tuned,"Green,Orange,Blue,Blue,Red"
4493,fine-tuned,"Blue,Green,Red,Orange,Blue"
4494,fine-tuned,"Blue,Yellow,Green,Purple,Green,Red"
4495,fine-tuned,"Purple,Red,Blue,Orange,Red"
4496,fine-tuned,"Orange,Blue,Green,Orange"
4497,fine-tuned,"Blue,Green,Green,Orange,Red,Red"
4498,fine-tuned,"Green,Orange,Red,Red,Blue,Orange"
4499,fine-tuned,"Green,Orange,Blue,Red,Green"
4500,fine-tuned,"Orange,Blue,Green,Red,Green"
4501,fine-tuned,"Green,Orange,Red,Blue,Red,Green"
4502,fine-tuned,"Purple,Blue,Red,Orange,Red"
4503,fine-tuned,"Blue,Red,Green,Red"
4504,fine-tuned,"Red,Red,Orange,Green,Blue"
4505,fine-tuned,"Blue,Red,Orange,Blue"
4506,fine-tuned,"Yellow,Blue,Red,Green,Blue"
4507,fine-tuned,"Green,Orange,Blue,Orange,Red,Red"
4508,fine-tuned,"Blue,Red,Green"
4509,fine-tuned,"Green,Orange,Blue,Blue,Orange,Green"
4510,fine-tuned,"Orange,Blue,Red,Green,Blue,Green"
4511,fine-tuned,"Yellow,Green,Blue,Red,Blue,Red"
4512,fine-tuned,"Yellow,Red,Red,Orange"
4513,fine-tuned,"Green,Blue,Green,Green,Orange,Green"
4514,fine-tuned,"Green,Red,Blue,Green,Orange"
4515,fine-tuned,"Orange,Blue,Green"
4516,fine-tuned,"Blue,Red,Green,Orange"
4517,fine-tuned,"Yellow,Red,Green,Blue,Blue,Orange"
4518,fine-tuned,"Purple,Orange,Red,Orange,Red"
4519,fine-tuned,"Yellow,Red,Blue,Orange,Green,Orange"
4520,fine-tuned,"Red,Green,Orange,Red,Orange"
4521,fine-tuned,"Yellow,Red,Green,Red,Red,Red"
4522,fine-tuned,"Purple,Green,Red,Red,Green"
4523,fine-tuned,"Blue,Orange,Red,Green,Green,Red"
4524,fine-tuned,"Yellow,Green,Red,Red,Blue,Blue"
4525,fine-tuned,"Orange,Green,Red,Red"
4526,fine-tuned,"Yellow,Blue,Red,Blue,Blue,Red"
4527,fine-tuned,"Red,Blue,Orange"
4528,fine-tuned,"Green,Red,Blue,Red,Blue,Orange"
4529,fine-tuned,"Yellow,Blue,Red,Red,Blue"
4530,fine-tuned,"Green,Blue,Blue,Red,Red,Orange"
4531,fine-tuned,"Yellow,Green,Blue,Orange,Green"
4532,fine-tuned,"Green,Red,Blue,Green,Red,Blue"
4533,fine-tuned,"Yellow,Orange,Green,Green,Red,Red"
4534,fine-tuned,"Red,Blue,Red,Orange"
4535,fine-tuned,"Blue,Green,Red,Blue,Red"
4536,fine-tuned,"Orange,Blue,Red,Orange"
4537,fine-tuned,"Blue,Red,Green,Green"
4538,fine-tuned,"Blue,Green,Red,Green"
4539,fine-tuned,"Purple,Orange,Green,Green"
4540,fine-tuned,"Green,Orange,Red,Green"
4541,fine-tuned,"Green,Red,Orange,Blue"
4542,fine-tuned,"Blue,Orange,Red,Green,Orange"
4543,fine-tuned,"Red,Blue,Green,Red,Orange"
4544,fine-tuned,"Green,Orange,Blue,Blue,Red,Green"
4545,fine-tuned,"Orange,Blue,Green,Blue,Green,Orange"
4546,fine-tuned,"Blue,Green,Orange,Red"
4547,fine-tuned,"Red,Orange,Green,Red,Green"
4548,fine-tuned,"Green,Orange,Blue,Red"
4549,fine-tuned,"Red,Green,Red,Blue"
4550,fine-tuned,"Blue,Green,Red"
4551,fine-tuned,"Yellow,Blue,Green,Red,Orange,Red"
4552,fine-tuned,"Blue,Red,Orange,Red"
4553,fine-tuned,"Purple,Orange,Orange,Blue"
4554,fine-tuned,"Green,Orange,Blue,Blue,Blue,Red"
4555,fine-tuned,"Blue,Orange,Red,Orange"
4556,fine-tuned,"Blue,Red,Orange,Red"
4557,fine-tuned,"Green,Yellow,Blue,Yellow,Purple,Orange"
4558,fine-tuned,"Purple,Green,Orange,Green,Blue"
4559,fine-tuned,"Green,Orange,Red,Red"
4560,fine-tuned,"Green,Orange,Red,Red,Orange,Blue"
4561,fine-tuned,"Green,Orange,Blue,Blue,Red"
4562,fine-tuned,"Purple,Blue,Green,Red,Red,Green"
4563,fine-tuned,"Yellow,Orange,Blue"
4564,fine-tuned,"Orange,Red,Blue,Orange,Blue,Green"
4565,fine-tuned,"Purple,Blue,Green,Green,Orange"
4566,fine-tuned,"Red,Green,Red,Red,Red"
4567,fine-tuned,"Yellow,Orange,Green,Red"
4568,fine-tuned,"Blue,Red,Green,Orange,Blue"
4569,fine-tuned,"Orange,Blue,Red,Blue,Green"
4570,fine-tuned,"Orange,Purple,Blue,Green,Orange,Green"
4571,fine-tuned,"Yellow,Green,Orange,Blue,Red"
4572,fine-tuned,"Blue,Green,Red,Orange,Orange"
4573,fine-tuned,"Yellow,Red,Blue,Orange,Red,Orange"
4574,fine-tuned,"Blue,Orange,Red,Red,Green"
4575,fine-tuned,"Blue,Orange,Green,Green,Red,Blue"
4576,fine-tuned,"Red,Orange,Blue"
4577,fine-tuned,"Red,Blue,Red"
4578,fine-tuned,"Yellow,Blue,Green,Red,Red,Orange"
4579,fine-tuned,"Purple,Red"
4580,fine-tuned,"Red,Blue,Orange,Orange"
4581,fine-tuned,"Orange,Green,Red,Green,Blue"
4582,fine-tuned,"Blue,Red,Blue,Red"
4583,fine-tuned,"Yellow,Blue,Red,Blue,Orange,Green"
4584,fine-tuned,"Blue,Green,Red,Red,Orange"
4585,fine-tuned,"Blue,Orange,Red,Green,Blue"
4586,fine-tuned,"Blue,Red,Orange,Red,Green,Red"
4587,fine-tuned,"Blue,Red,Green,Orange,Blue,Red"
4588,fine-tuned,"Red,Orange,Blue,Red,Green"
4589,fine-tuned,"Yellow,Blue,Green,Green,Blue"
4590,fine-tuned,"Yellow,Red,Blue,Orange"
4591,fine-tuned,"Orange,Green,Blue,Red"
4592,fine-tuned,"Green,Orange,Blue,Red,Blue"
4593,fine-tuned,"Red,Blue,Orange,Orange,Red"
4594,fine-tuned,"Orange,Blue,Orange"
4595,fine-tuned,"Yellow,Orange,Red,Green,Orange,Blue"
4596,fine-tuned,"Red,Green,Orange"
4597,fine-tuned,"Red,Orange,Blue,Blue"
4598,fine-tuned,"Green,Red,Red,Orange"
4599,fine-tuned,"Green,Orange,Blue,Orange"
4600,fine-tuned,"Yellow,Blue,Orange,Red,Green,Blue"
4601,fine-tuned,"Yellow,Blue,Green,Red"
4602,fine-tuned,"Red,Blue,Orange,Blue,Red"
4603,fine-tuned,"Green,Orange,Red,Orange,Blue"
4604,fine-tuned,"Purple,Green,Red,Blue,Green"
4605,fine-tuned,"Blue,Green,Yellow,Purple,Red,Orange"
4606,fine-tuned,"Purple,Blue,Green,Red,Red,Red"
4607,fine-tuned,"Orange,Green,Blue,Red,Purple,Yellow"
4608,fine-tuned,"Purple,Blue,Blue,Green"
4609,fine-tuned,"Blue,Green,Red,Green"
4610,fine-tuned,"Yellow,Red,Green,Green,Red,Red"
4611,fine-tuned,"Blue,Green,Orange,Green"
4612,fine-tuned,"Yellow,Blue,Orange,Orange,Green"
4613,fine-tuned,"Blue,Red,Orange,Green,Red,Blue"
4614,fine-tuned,"Red,Orange,Blue,Orange,Green,Green"
4615,fine-tuned,"Yellow,Orange,Red,Green,Red"
4616,fine-tuned,"Red,Green,Blue,Red,Orange"
4617,fine-tuned,"Yellow,Orange,Green,Red,Blue,Orange"
4618,fine-tuned,"Blue,Blue,Green,Blue,Red,Orange"
4619,fine-tuned,"Yellow,Blue,Orange,Blue,Green,Green"
4620,fine-tuned,"Red,Blue,Green,Blue,Green,Blue"
4621,fine-tuned,"Red,Orange,Green,Blue,Red,Blue"
4622,fine-tuned,"Purple,Blue,Orange,Blue,Orange"
4623,fine-tuned,"Yellow,Red,Blue,Green,Blue,Green"
4624,fine-tuned,"Blue,Red,Orange,Green,Red,Orange"
4625,fine-tuned,"Blue,Orange,Green,Orange"
4626,fine-tuned,"Purple,Blue,Red,Green,Red,Green"
4627,fine-tuned,"Orange,Blue,Green,Red,Red,Red"
4628,fine-tuned,"Blue,Orange,Orange,Red,Red,Red"
4629,fine-tuned,"Blue,Red,Green,Red,Green,Red"
4630,fine-tuned,"Yellow,Orange,Green,Blue,Red,Blue"
4631,fine-tuned,"Blue,Red,Green,Orange,Green,Orange"
4632,fine-tuned,"Blue,Green,Red,Orange,Red,Green"
4633,fine-tuned,"Green,Orange,Orange,Blue,Red,Green"
4634,fine-tuned,"Red,Blue,Red,Blue,Blue"
4635,fine-tuned,"Red,Orange,Green,Red,Blue"
4636,fine-tuned,"Yellow,Green,Blue,Red,Red,Orange"
4637,fine-tuned,"Blue,Green,Orange,Green,Orange"
4638,fine-tuned,"Red,Blue,Orange,Orange"
4639,fine-tuned,"Blue,Orange,Red,Blue"
4640,fine-tuned,"Blue,Green,Orange,Blue,Blue"
4641,fine-tuned,"Yellow,Green,Green,Orange"
4642,fine-tuned,"Yellow,Red,Orange,Orange,Blue,Green"
4643,fine-tuned,"Orange,Purple,Red,Green,Red,Orange"
4644,fine-tuned,"Blue,Green,Green,Orange,Red"
4645,fine-tuned,"Red,Blue,Blue,Orange"
4646,fine-tuned,"Orange,Red,Green,Green,Red,Orange"
4647,fine-tuned,"Yellow,Green,Blue,Blue"
4648,fine-tuned,"Orange,Green,Blue,Red,Blue,Orange"
4649,fine-tuned,"Red,Orange,Red,Green,Orange"
4650,fine-tuned,"Yellow,Green,Blue,Blue,Red,Orange"
4651,fine-tuned,"Red,Green,Green,Green,Orange"
4652,fine-tuned,"Orange,Blue,Orange,Blue,Blue,Blue"
4653,fine-tuned,"Blue,Red,Orange"
4654,fine-tuned,"Orange,Blue,Green,Green,Orange"
4655,fine-tuned,"Green,Blue,Red,Orange,Red"
4656,fine-tuned,"Orange,Yellow,Green,Green,Orange,Red"
4657,fine-tuned,"Orange,Green,Green,Green,Red"
4658,fine-tuned,"Red,Orange,Blue,Green,Blue,Orange"
4659,fine-tuned,"Green,Orange,Red,Green,Red"
4660,fine-tuned,"Blue,Green,Red,Red,Red,Green"
4661,fine-tuned,"Purple,Blue,Orange,Green,Blue,Red"
4662,fine-tuned,"Purple,Red,Orange,Blue,Green,Blue"
4663,fine-tuned,"Purple,Blue,Green"
4664,fine-tuned,"Yellow,Red,Green,Blue,Red"
4665,fine-tuned,"Blue,Red,Green,Red,Orange"
4666,fine-tuned,"Yellow,Red,Green,Red,Blue,Orange"
4667,fine-tuned,"Red,Blue,Blue,Red,Orange"
4668,fine-tuned,"Yellow,Green,Blue,Green,Blue"
4669,fine-tuned,"Red,Blue,Red,Red"
4670,fine-tuned,"Yellow,Red,Blue,Red"
4671,fine-tuned,"Green,Orange,Green,Blue,Red"
4672,fine-tuned,"Green,Green,Green,Red,Red,Red"
4673,fine-tuned,"Blue,Red,Orange,Red"
4674,fine-tuned,"Green,Blue,Red,Orange,Red,Orange"
4675,fine-tuned,"Green,Blue,Red,Orange"
4676,fine-tuned,"Blue,Green,Red,Green"
4677,fine-tuned,"Purple,Blue,Orange,Red,Blue,Red"
4678,fine-tuned,"Green,Red,Blue,Orange,Red"
4679,fine-tuned,"Blue,Green,Blue,Orange,Orange"
4680,fine-tuned,"Red,Red,Red"
4681,fine-tuned,"Purple,Blue,Blue,Green,Red"
4682,fine-tuned,"Green,Orange,Orange,Green,Red,Green"
4683,fine-tuned,"Yellow,Red,Orange,Blue,Blue,Green"
4684,fine-tuned,"Orange,Blue,Blue,Red"
4685,fine-tuned,"Red,Blue,Blue,Green"
4686,fine-tuned,"Green,Blue,Red,Green,Blue,Red"
4687,fine-tuned,"Red,Blue,Blue,Red,Blue"
4688,fine-tuned,"Green,Orange,Green,Red,Orange"
4689,fine-tuned,"Orange,Green,Blue"
4690,fine-tuned,"Yellow,Red,Green,Blue,Orange,Green"
4691,fine-tuned,"Yellow,Green,Blue,Orange,Red,Red"
4692,fine-tuned,"Green,Blue,Red,Orange,Green,Blue"
4693,fine-tuned,"Yellow,Blue,Green,Orange,Red"
4694,fine-tuned,"Blue,Green,Green,Orange,Green"
4695,fine-tuned,"Yellow,Green,Red,Green,Orange,Green"
4696,fine-tuned,"Purple,Red,Green,Blue,Orange"
4697,fine-tuned,"Yellow,Blue,Red,Green,Orange,Red"
4698,fine-tuned,"Yellow,Green,Blue,Blue"
4699,fine-tuned,"Green,Orange,Orange,Green,Blue"
4700,fine-tuned,"Green,Red,Blue,Green,Red,Orange"
4701,fine-tuned,"Red,Orange,Blue,Red"
4702,fine-tuned,"Yellow,Green,Orange,Blue,Orange,Green"
4703,fine-tuned,"Green,Red,Orange,Red,Green,Orange"
4704,fine-tuned,"Green,Blue,Blue,Red,Green"
4705,fine-tuned,"Yellow,Orange,Blue,Orange,Green"
4706,fine-tuned,"Green,Orange,Red,Orange,Red"
4707,fine-tuned,"Purple,Green,Blue,Red,Green"
4708,fine-tuned,"Blue,Green,Green,Red,Red"
4709,fine-tuned,"Orange,Green,Red,Green,Red"
4710,fine-tuned,"Blue,Red,Red,Green,Red,Orange"
4711,fine-tuned,"Red,Blue,Red,Orange"
4712,fine-tuned,"Blue,Red,Red,Blue"
4713,fine-tuned,"Blue,Green,Orange,Red,Green,Blue"
4714,fine-tuned,"Purple,Red,Green,Red,Blue,Orange"
4715,fine-tuned,"Yellow,Blue,Red,Red,Green,Red"
4716,fine-tuned,"Purple,Orange,Blue,Red,Green,Red"
4717,fine-tuned,"Purple,Blue,Red,Green,Orange"
4718,fine-tuned,"Yellow,Green,Red,Green,Blue,Red"
4719,fine-tuned,"Red,Green,Blue,Red,Green"
4720,fine-tuned,"Blue,Orange,Red,Orange"
4721,fine-tuned,"Purple,Red,Orange,Green,Blue"
4722,fine-tuned,"Blue,Red,Orange,Green,Red"
4723,fine-tuned,"Red,Blue,Blue,Red,Orange"
4724,fine-tuned,"Red,Orange,Red,Green,Red"
4725,fine-tuned,"Blue,Orange,Green,Red,Blue"
4726,fine-tuned,"Green,Blue,Orange,Green,Orange"
4727,fine-tuned,"Red,Orange,Green,Orange"
4728,fine-tuned,"Yellow,Red,Green,Green,Red,Orange"
4729,fine-tuned,"Blue,Green,Orange,Red,Red,Green"
4730,fine-tuned,"Yellow,Blue,Green,Red,Red"
4731,fine-tuned,"Red,Blue,Red,Orange"
4732,fine-tuned,"Green,Blue,Orange,Green,Red"
4733,fine-tuned,"Yellow,Orange,Blue,Green,Blue"
4734,fine-tuned,"Yellow,Orange,Green,Red,Red,Blue"
4735,fine-tuned,"Blue,Blue,Orange,Red,Green"
4736,fine-tuned,"Red,Green,Red"
4737,fine-tuned,"Blue,Orange,Red,Green,Blue,Green"
4738,fine-tuned,"Yellow,Orange,Red,Blue,Green"
4739,fine-tuned,"Red,Blue,Red,Green,Orange"
4740,fine-tuned,"Green,Orange,Blue,Red,Blue"
4741,fine-tuned,"Purple,Green,Orange,Blue,Green"
4742,fine-tuned,"Red,Orange,Orange"
4743,fine-tuned,"Blue,Green,Red,Green,Red,Green"
4744,fine-tuned,"Blue,Red,Green,Red,Green,Red"
4745,fine-tuned,"Yellow,Orange,Red,Red,Blue,Green"
4746,fine-tuned,"Red,Blue,Green"
4747,fine-tuned,"Red,Orange,Blue"
4748,fine-tuned,"Blue,Orange,Blue,Green"
4749,fine-tuned,"Green,Red,Orange,Blue,Green"
4750,fine-tuned,"Green,Orange,Blue"
4751,fine-tuned,"Purple,Green,Blue,Blue,Red,Orange"
4752,fine-tuned,"Blue,Green,Red,Green,Blue,Red"
4753,fine-tuned,"Red,Green,Orange,Red,Blue,Orange"
4754,fine-tuned,"Yellow,Blue,Orange,Red,Red"
4755,fine-tuned,"Green,Red,Red,Blue,Blue"
4756,fine-tuned,"Yellow,Orange,Blue,Blue,Green"
4757,fine-tuned,"Orange,Blue,Green,Orange,Blue"
4758,fine-tuned,"Blue,Green,Green,Red,Blue,Green"
4759,fine-tuned,"Yellow,Orange,Red,Blue,Blue,Green"
4760,fine-tuned,"Blue,Red,Red,Green,Green,Orange"
4761,fine-tuned,"Purple,Orange,Green,Orange,Blue"
4762,fine-tuned,"Red,Green,Red,Red,Green"
4763,fine-tuned,"Green,Orange,Red,Blue,Blue"
4764,fine-tuned,"Red,Orange,Green,Blue,Red"
4765,fine-tuned,"Blue,Green,Orange,Blue,Red,Red"
4766,fine-tuned,"Green,Blue,Green,Red,Blue,Red"
4767,fine-tuned,"Red,Blue,Red,Green"
4768,fine-tuned,"Red,Blue,Orange,Green,Orange"
4769,fine-tuned,"Blue,Red,Red,Red"
4770,fine-tuned,"Green,Green,Orange,Orange,Green,Green"
4771,fine-tuned,"Blue,Red,Red,Green,Green,Red"
4772,fine-tuned,"Purple,Blue,Orange,Blue"
4773,fine-tuned,"Yellow,Blue,Orange,Red,Red,Green"
4774,fine-tuned,"Purple,Blue,Red,Blue,Orange"
4775,fine-tuned,"Blue,Blue,Green,Green,Orange,Red"
4776,fine-tuned,"Yellow,Orange,Red,Blue,Orange"
4777,fine-tuned,"Yellow,Green,Orange,Green"
4778,fine-tuned,"Blue,Green,Orange,Orange,Green,Green"
4779,fine-tuned,"Green,Blue,Orange,Red,Blue"
4780,fine-tuned,"Green,Blue,Yellow,Green,Orange,Blue"
4781,fine-tuned,"Blue,Orange,Red,Red"
4782,fine-tuned,"Orange,Green,Red,Blue,Yellow,Purple"
4783,fine-tuned,"Blue,Orange,Green,Red,Red,Blue"
4784,fine-tuned,"Red,Blue,Green,Blue"
4785,fine-tuned,"Red,Blue,Blue,Green"
4786,fine-tuned,"Red,Blue,Orange,Green,Blue"
4787,fine-tuned,"Red,Blue,Blue,Orange,Orange"
4788,fine-tuned,"Blue,Green,Orange,Red,Yellow,Blue"
4789,fine-tuned,"Orange,Blue,Green,Red"
4790,fine-tuned,"Orange,Purple,Yellow,Green,Blue,Purple"
4791,fine-tuned,"Orange,Red,Green,Red,Green"
4792,fine-tuned,"Green,Blue,Red,Red,Red,Blue"
4793,fine-tuned,"Green,Blue,Orange,Red"
4794,fine-tuned,"Green,Red,Blue,Red,Blue"
4795,fine-tuned,"Blue,Green,Blue,Orange,Blue"
4796,fine-tuned,"Purple,Red,Orange,Blue,Red"
4797,fine-tuned,"Green,Blue,Green,Orange,Blue"
4798,fine-tuned,"Yellow,Orange,Green,Blue,Red"
4799,fine-tuned,"Blue,Orange,Green,Red,Red"
4800,fine-tuned,"Blue,Orange,Blue,Orange"
4801,fine-tuned,"Red,Green,Orange,Green,Blue,Orange"
4802,fine-tuned,"Blue,Orange,Orange,Red,Blue"
4803,fine-tuned,"Blue,Red,Orange,Green,Orange,Green"
4804,fine-tuned,"Blue,Green,Orange,Red"
4805,fine-tuned,"Blue,Red,Red,Red,Green,Red"
4806,fine-tuned,"Red,Red,Green,Orange"
4807,fine-tuned,"Green,Red,Orange,Blue,Orange"
4808,fine-tuned,"Blue,Red,Red,Green,Orange,Blue"
4809,fine-tuned,"Red,Orange,Red,Orange,Blue"
4810,fine-tuned,"Orange,Blue,Blue,Red,Red,Green"
4811,fine-tuned,"Orange,Red,Red,Green,Green"
4812,fine-tuned,"Green,Blue,Orange,Blue,Green"
4813,fine-tuned,"Red,Green,Green,Red"
4814,fine-tuned,"Yellow,Green,Orange,Blue,Green"
4815,fine-tuned,"Blue,Green,Orange,Purple,Blue,Orange"
4816,fine-tuned,"Blue,Green,Red,Red,Green,Red"
4817,fine-tuned,"Green,Orange,Blue,Red,Blue"
4818,fine-tuned,"Blue,Red,Blue,Red,Orange,Green"
4819,fine-tuned,"Red,Green,Red,Orange,Red"
4820,fine-tuned,"Red,Orange,Green"
4821,fine-tuned,"Yellow,Red,Orange,Orange,Green"
4822,fine-tuned,"Red,Green,Red,Red,Blue"
4823,fine-tuned,"Purple,Blue,Red,Green,Orange"
4824,fine-tuned,"Orange,Green,Blue,Red"
4825,fine-tuned,"Blue,Red,Green,Green,Red"
4826,fine-tuned,"Red,Blue,Red,Orange,Green,Blue"
4827,fine-tuned,"Blue,Red,Orange,Red,Green,Red"
4828,fine-tuned,"Green,Orange,Blue,Red,Red,Red"
4829,fine-tuned,"Green,Orange,Blue,Blue,Green,Blue"
4830,fine-tuned,"Purple,Red,Blue,Blue,Green"
4831,fine-tuned,"Yellow,Orange,Green,Orange,Green"
4832,fine-tuned,"Red,Green,Blue,Green,Orange"
4833,fine-tuned,"Red,Green,Orange,Blue,Orange"
4834,fine-tuned,"Purple,Green,Red,Orange,Blue"
4835,fine-tuned,"Purple,Blue,Blue,Red"
4836,fine-tuned,"Orange,Green,Blue,Green,Green,Blue"
4837,fine-tuned,"Red,Red,Red,Orange,Red"
4838,fine-tuned,"Blue,Red,Blue,Red,Orange"
4839,fine-tuned,"Blue,Blue,Orange,Red,Orange"
4840,fine-tuned,"Blue,Orange,Green,Blue,Red,Green"
4841,fine-tuned,"Purple,Green,Blue,Red,Green,Orange"
4842,fine-tuned,"Blue,Red,Green,Orange,Red,Blue"
4843,fine-tuned,"Green,Blue,Blue,Red,Red,Blue"
4844,fine-tuned,"Red,Red,Blue,Red,Blue,Green"
4845,fine-tuned,"Purple,Blue,Orange,Green,Red"
4846,fine-tuned,"Orange,Red,Blue,Green,Blue"
4847,fine-tuned,"Green,Blue,Blue,Red"
4848,fine-tuned,"Red,Red,Orange,Green,Blue,Red"
4849,fine-tuned,"Orange,Blue,Green,Green,Green,Blue"
4850,fine-tuned,"Blue,Green,Red,Orange,Blue"
4851,fine-tuned,"Green,Blue,Red,Green,Green"
4852,fine-tuned,"Green,Blue,Green,Blue,Green"
4853,fine-tuned,"Blue,Red,Green,Green,Blue"
4854,fine-tuned,"Yellow,Green,Orange,Orange,Blue,Green"
4855,fine-tuned,"Red,Green,Blue,Orange,Green"
4856,fine-tuned,"Green,Blue,Green,Orange,Red,Green"
4857,fine-tuned,"Green,Green,Blue,Green,Orange"
4858,fine-tuned,"Yellow,Blue,Red,Green,Orange,Red"
4859,fine-tuned,"Red,Orange,Blue,Green"
4860,fine-tuned,"Blue,Red,Green,Green"
4861,fine-tuned,"Green,Red,Orange,Red,Blue"
4862,fine-tuned,"Blue,Red,Red,Orange,Green"
4863,fine-tuned,"Yellow,Blue,Red,Orange,Red,Red"
4864,fine-tuned,"Red,Green,Blue,Red"
4865,fine-tuned,"Orange,Blue,Green,Red,Red,Green"
4866,fine-tuned,"Red,Green,Blue,Orange"
4867,fine-tuned,"Red,Orange,Orange,Green,Blue,Blue"
4868,fine-tuned,"Red,Green,Green,Green"
4869,fine-tuned,"Orange,Blue,Green,Green,Red"
4870,fine-tuned,"Purple,Orange,Green,Orange,Green"
4871,fine-tuned,"Orange,Purple,Yellow,Blue,Blue,Green"
4872,fine-tuned,"Yellow,Orange,Blue,Red,Red"
4873,fine-tuned,"Red,Green,Blue,Orange,Green"
4874,fine-tuned,"Blue,Orange,Green,Red,Orange"
4875,fine-tuned,"Green,Orange,Red,Green,Orange,Red"
4876,fine-tuned,"Blue,Green,Red,Red"
4877,fine-tuned,"Orange,Green,Red,Blue,Red"
4878,fine-tuned,"Blue,Green,Blue,Orange,Red,Red"
4879,fine-tuned,"Blue,Red,Red,Red"
4880,fine-tuned,"Purple,Orange,Red,Red"
4881,fine-tuned,"Blue,Red,Orange,Green,Green,Red"
4882,fine-tuned,"Red,Orange,Green,Orange"
4883,fine-tuned,"Blue,Green,Orange,Green,Red,Red"
4884,fine-tuned,"Yellow,Orange,Green,Red,Green,Orange"
4885,fine-tuned,"Green,Blue,Orange,Red,Green"
4886,fine-tuned,"Yellow,Green,Orange,Blue,Red"
4887,fine-tuned,"Yellow,Green,Blue,Green,Blue"
4888,fine-tuned,"Red,Green,Blue,Green,Red,Orange"
4889,fine-tuned,"Orange,Green,Blue,Green,Red,Orange"
4890,fine-tuned,"Yellow,Blue,Red,Blue,Green,Red"
4891,fine-tuned,"Blue,Blue,Orange"
4892,fine-tuned,"Green,Red,Red,Green,Green,Red"
4893,fine-tuned,"Blue,Green,Orange,Red,Blue"
4894,fine-tuned,"Red,Orange,Orange,Green,Green"
4895,fine-tuned,"Blue,Red,Orange,Orange,Green,Green"
4896,fine-tuned,"Yellow,Green,Green,Red,Red"
4897,fine-tuned,"Red,Green,Red,Red,Orange,Orange"
4898,fine-tuned,"Red,Orange,Blue"
4899,fine-tuned,"Green,Red,Blue,Orange"
4900,fine-tuned,"Yellow,Blue,Orange,Green,Red,Blue"
4901,fine-tuned,"Orange,Green,Red,Green,Blue"
4902,fine-tuned,"Blue,Green,Red,Blue,Orange"
4903,fine-tuned,"Red,Orange,Green,Orange"
4904,fine-tuned,"Blue,Red,Red,Blue,Red,Green"
4905,fine-tuned,"Blue,Orange,Green,Green,Red"
4906,fine-tuned,"Yellow,Green,Orange,Red,Red,Blue"
4907,fine-tuned,"Green,Red,Blue,Red,Red"
4908,fine-tuned,"Blue,Blue,Red,Red,Orange"
4909,fine-tuned,"Red,Green,Orange,Blue"
4910,fine-tuned,"Blue,Orange,Green,Red"
4911,fine-tuned,"Orange,Blue,Orange"
4912,fine-tuned,"Yellow,Blue,Red"
4913,fine-tuned,"Orange,Green,Yellow,Blue,Red,Purple"
4914,fine-tuned,"Yellow,Orange,Green,Orange,Green"
4915,fine-tuned,"Purple,Blue,Green,Blue,Green,Green"
4916,fine-tuned,"Yellow,Green,Blue,Red,Blue"
4917,fine-tuned,"Orange,Green,Red,Purple,Green,Yellow"
4918,fine-tuned,"Yellow,Green,Red,Blue,Red,Orange"
4919,fine-tuned,"Green,Red,Orange,Blue"
4920,fine-tuned,"Blue,Red,Green,Orange,Orange,Red"
4921,fine-tuned,"Yellow,Red,Green,Green,Blue"
4922,fine-tuned,"Blue,Green,Red,Green,Red"
4923,fine-tuned,"Green,Green,Red,Orange,Orange,Blue"
4924,fine-tuned,"Yellow,Blue,Green,Blue"
4925,fine-tuned,"Yellow,Red,Green,Blue,Orange"
4926,fine-tuned,"Blue,Green,Red,Orange,Red,Green"
4927,fine-tuned,"Yellow,Green,Red,Green,Red"
4928,fine-tuned,"Red,Orange,Blue,Green,Green,Orange"
4929,fine-tuned,"Red,Orange,Orange,Orange,Red,Blue"
4930,fine-tuned,"Red,Blue,Green,Green,Blue"
4931,fine-tuned,"Orange,Green,Red"
4932,fine-tuned,"Blue,Green,Red,Red,Green"
4933,fine-tuned,"Yellow,Blue,Blue"
4934,fine-tuned,"Green,Orange,Green,Blue,Green"
4935,fine-tuned,"Orange,Blue,Red,Green,Green,Red"
4936,fine-tuned,"Red,Blue,Red,Blue,Red,Green"
4937,fine-tuned,"Purple,Green,Blue,Red,Green,Red"
4938,fine-tuned,"Orange,Blue,Red,Green"
4939,fine-tuned,"Blue,Red,Orange,Green,Orange,Green"
4940,fine-tuned,"Green,Blue,Red,Green,Blue,Red"
4941,fine-tuned,"Green,Orange,Blue,Red,Red,Blue"
4942,fine-tuned,"Green,Red,Orange,Blue,Red"
4943,fine-tuned,"Yellow,Red,Orange,Red,Blue,Red"
4944,fine-tuned,"Yellow,Orange,Blue,Blue,Green"
4945,fine-tuned,"Yellow,Green,Green,Green,Blue,Red"
4946,fine-tuned,"Yellow,Blue,Green,Orange"
4947,fine-tuned,"Blue,Green,Red,Green,Red,Orange"
4948,fine-tuned,"Yellow,Green,Green"
4949,fine-tuned,"Orange,Red,Blue,Green"
4950,fine-tuned,"Green,Red,Red,Green,Red,Red"
4951,fine-tuned,"Purple,Red,Orange,Blue,Green"
4952,fine-tuned,"Red,Blue,Green,Red,Orange,Red"
4953,fine-tuned,"Yellow,Orange,Green,Red,Orange,Red"
4954,fine-tuned,"Green,Blue,Orange,Green,Blue"
4955,fine-tuned,"Red,Orange,Orange,Red"
4956,fine-tuned,"Green,Red,Green,Red"
4957,fine-tuned,"Red,Blue,Green,Red"
4958,fine-tuned,"Blue,Red,Red,Orange,Red,Blue"
4959,fine-tuned,"Blue,Orange,Blue,Green,Blue"
4960,fine-tuned,"Blue,Green,Blue,Red,Orange"
4961,fine-tuned,"Blue,Green,Red,Orange,Blue"
4962,fine-tuned,"Blue,Orange,Blue"
4963,fine-tuned,"Red,Blue,Green,Green,Green"
4964,fine-tuned,"Green,Orange,Red,Blue,Red,Blue"
4965,fine-tuned,"Orange,Red,Red,Green,Red"
4966,fine-tuned,"Orange,Green,Red,Red,Yellow,Purple"
4967,fine-tuned,"Green,Yellow,Orange,Purple,Orange,Blue"
4968,fine-tuned,"Red,Red,Blue,Green"
4969,fine-tuned,"Green,Blue,Orange,Red,Green,Blue"
4970,fine-tuned,"Yellow,Orange,Green,Green,Orange,Green"
4971,fine-tuned,"Red,Green,Orange,Red,Blue,Green"
4972,fine-tuned,"Green,Red,Green,Blue"
4973,fine-tuned,"Orange,Green,Yellow,Blue,Red,Green"
4974,fine-tuned,"Red,Green,Orange,Blue,Green"
4975,fine-tuned,"Blue,Orange,Green,Red,Red"
4976,fine-tuned,"Green,Blue,Red,Red,Green,Blue"
4977,fine-tuned,"Purple,Green,Orange,Red,Orange,Green"
4978,fine-tuned,"Green,Orange,Blue,Orange"
4979,fine-tuned,"Red,Orange,Green,Green"
4980,fine-tuned,"Blue,Red,Orange,Blue"
4981,fine-tuned,"Blue,Green,Orange,Red,Red,Orange"
4982,fine-tuned,"Blue,Blue,Orange,Red"
4983,fine-tuned,"Red,Green,Blue,Red,Green,Blue"
4984,fine-tuned,"Orange,Purple,Green,Blue,Purple,Green"
4985,fine-tuned,"Orange,Purple,Yellow,Blue,Red,Yellow"
4986,fine-tuned,"Yellow,Green,Orange,Red,Blue,Red"
4987,fine-tuned,"Blue,Orange,Green,Green,Blue,Green"
4988,fine-tuned,"Yellow,Orange,Red,Red,Blue,Green"
4989,fine-tuned,"Yellow,Green,Orange,Blue,Green,Red"
4990,fine-tuned,"Blue,Orange,Red,Green,Blue,Green"
4991,fine-tuned,"Orange,Green,Blue,Red,Green"
4992,fine-tuned,"Yellow,Red,Blue,Blue,Orange,Red"
4993,fine-tuned,"Green,Orange,Blue,Blue,Green"
4994,fine-tuned,"Red,Orange,Blue"
4995,fine-tuned,"Blue,Red,Orange,Red,Blue,Green"
4996,fine-tuned,"Purple,Red,Blue,Orange,Red,Orange"
4997,fine-tuned,"Blue,Green,Green,Orange"
4998,fine-tuned,"Red,Blue,Orange,Green,Orange"
4999,fine-tuned,"Green,Blue,Red"
5000,fine-tuned,"Green,Orange,Blue,Green,Blue,Red"
5001,fine-tuned,"Blue,Orange,Blue,Green"
5002,fine-tuned,"Red,Blue,Red,Orange,Orange,Green"
5003,fine-tuned,"Yellow,Blue,Red,Green,Red,Red"
5004,fine-tuned,"Green,Orange,Red,Red,Orange,Red"
5005,fine-tuned,"Red,Orange,Blue,Green,Red"
5006,fine-tuned,"Blue,Blue,Green,Orange,Red"
5007,fine-tuned,"Blue,Red,Red,Green,Red,Blue"
5008,fine-tuned,"Green,Green,Blue,Orange,Green,Red"
5009,fine-tuned,"Yellow,Red,Blue,Orange,Blue,Orange"
5010,fine-tuned,"Red,Green,Orange,Green,Blue,Red"
5011,fine-tuned,"Red,Green,Orange,Red,Red"
5012,fine-tuned,"Red,Green,Orange,Red"
5013,fine-tuned,"Green,Red,Red,Orange,Red"
5014,fine-tuned,"Red,Blue,Red,Green"
5015,fine-tuned,"Orange,Green,Red,Blue,Green,Blue"
5016,fine-tuned,"Yellow,Green,Orange,Orange,Blue,Blue"
5017,fine-tuned,"Blue,Green,Green,Blue,Blue,Red"
5018,fine-tuned,"Blue,Orange,Green,Green,Red,Orange"
5019,fine-tuned,"Yellow,Green,Orange,Red,Blue"
5020,fine-tuned,"Orange,Blue,Red,Red,Blue,Orange"
5021,fine-tuned,"Green,Blue,Blue,Orange"
5022,fine-tuned,"Green,Red,Blue,Red,Green"
5023,fine-tuned,"Blue,Orange,Green,Red,Orange"
5024,fine-tuned,"Red,Blue,Orange,Orange"
5025,fine-tuned,"Red,Orange,Green,Blue"
5026,fine-tuned,"Blue,Green,Green,Blue"
5027,fine-tuned,"Blue,Green,Red,Red"
5028,fine-tuned,"Blue,Green,Green,Red,Blue"
5029,fine-tuned,"Green,Red,Red,Orange"
5030,fine-tuned,"Red,Orange,Orange,Green"
5031,fine-tuned,"Blue,Orange,Green,Green,Red,Red"
5032,fine-tuned,"Orange,Blue,Green,Green,Green,Red"
5033,fine-tuned,"Red,Blue,Red,Green,Red,Orange"
5034,fine-tuned,"Purple,Blue,Green,Green"
5035,fine-tuned,"Blue,Green,Purple,Red,Green,Blue"
5036,fine-tuned,"Green,Orange,Red,Blue,Green"
5037,fine-tuned,"Yellow,Orange,Red,Orange"
5038,fine-tuned,"Orange,Red,Blue,Blue"
5039,fine-tuned,"Blue,Green,Orange,Blue"
5040,fine-tuned,"Blue,Orange,Green,Blue"
5041,fine-tuned,"Orange,Blue,Red,Green"
5042,fine-tuned,"Red,Green,Orange,Blue,Red,Blue"
5043,fine-tuned,"Blue,Red,Green,Orange,Orange,Green"
5044,fine-tuned,"Green,Green,Green,Orange,Green"
5045,fine-tuned,"Green,Red,Blue,Orange,Green,Red"
5046,fine-tuned,"Red,Red,Orange,Green"
5047,fine-tuned,"Orange,Red,Orange,Red"
5048,fine-tuned,"Red,Orange,Blue,Red"
5049,fine-tuned,"Blue,Green,Orange,Green,Orange,Green"
5050,fine-tuned,"Yellow,Green,Green,Orange,Red"
5051,fine-tuned,"Red,Green,Red,Blue,Green,Blue"
5052,fine-tuned,"Blue,Orange,Red,Green,Green"
5053,fine-tuned,"Orange,Purple,Green,Yellow,Red,Purple"
5054,fine-tuned,"Blue,Green,Red,Red,Blue,Green"
5055,fine-tuned,"Green,Orange,Red,Blue,Blue,Red"
5056,fine-tuned,"Red,Green,Blue,Orange"
5057,fine-tuned,"Blue,Orange,Green,Green,Orange,Red"
5058,fine-tuned,"Yellow,Blue,Red,Green,Blue"
5059,fine-tuned,"Yellow,Green,Blue,Orange,Blue"
5060,fine-tuned,"Yellow,Orange,Green,Blue,Red,Blue"
5061,fine-tuned,"Red,Green,Red,Orange,Blue"
5062,fine-tuned,"Green,Blue,Red,Orange,Red,Orange"
5063,fine-tuned,"Red,Blue,Blue,Green,Green,Orange"
5064,fine-tuned,"Orange,Green,Red,Red,Blue,Blue"
5065,fine-tuned,"Red,Orange,Green,Red"
5066,fine-tuned,"Purple,Blue,Green,Red,Orange"
5067,fine-tuned,"Orange,Red,Green,Orange"
5068,fine-tuned,"Yellow,Green,Blue,Orange"
5069,fine-tuned,"Blue,Orange,Red,Red,Green"
5070,fine-tuned,"Yellow,Green,Orange,Blue"
5071,fine-tuned,"Red,Green,Orange,Green,Red"
5072,fine-tuned,"Purple,Blue,Green,Red"
5073,fine-tuned,"Yellow,Orange,Red,Blue,Green,Red"
5074,fine-tuned,"Red,Green,Orange,Green,Blue,Red"
5075,fine-tuned,"Red,Green,Orange,Orange,Green"
5076,fine-tuned,"Red,Orange,Blue"
5077,fine-tuned,"Green,Orange,Red,Blue,Orange"
5078,fine-tuned,"Yellow,Blue,Green,Green,Blue"
5079,fine-tuned,"Red,Orange,Red,Blue,Green,Green"
5080,fine-tuned,"Orange,Red,Green,Blue,Orange"
5081,fine-tuned,"Blue,Orange,Red,Green"
5082,fine-tuned,"Yellow,Green,Orange,Blue,Green,Red"
5083,fine-tuned,"Blue,Red,Green,Red,Red,Green"
5084,fine-tuned,"Blue,Green,Blue,Green,Blue"
5085,fine-tuned,"Green,Blue,Red,Red,Blue"
5086,fine-tuned,"Yellow,Blue,Green,Blue,Green"
5087,fine-tuned,"Orange,Yellow,Purple,Green,Blue,Red"
5088,fine-tuned,"Purple,Green,Green,Red,Blue,Blue"
5089,fine-tuned,"Green,Red,Blue,Orange,Blue,Green"
5090,fine-tuned,"Yellow,Green,Blue,Green,Red"
5091,fine-tuned,"Red,Orange"
5092,fine-tuned,"Purple,Blue,Blue,Green,Orange"
5093,fine-tuned,"Red,Green,Orange,Green,Red,Green"
5094,fine-tuned,"Blue,Red,Orange,Orange,Red,Green"
5095,fine-tuned,"Yellow,Green,Blue,Green,Red"
5096,fine-tuned,"Yellow,Green,Orange"
5097,fine-tuned,"Purple,Red,Blue,Orange,Green,Red"
5098,fine-tuned,"Yellow,Blue,Red,Blue,Blue,Green"
5099,fine-tuned,"Red,Red,Green,Orange"
5100,fine-tuned,"Yellow,Green,Red,Blue"
5101,fine-tuned,"Blue,Green,Red,Green"
5102,fine-tuned,"Yellow,Red,Blue,Red,Orange"
5103,fine-tuned,"Yellow,Blue,Orange,Green,Red"
5104,fine-tuned,"Yellow,Green,Orange,Blue,Green,Red"
5105,fine-tuned,"Orange,Blue,Green,Red,Red,Orange"
5106,fine-tuned,"Blue,Red,Green,Green,Red"
5107,fine-tuned,"Blue,Green,Orange,Red,Green,Red"
5108,fine-tuned,"Blue,Green,Red,Red,Blue"
5109,fine-tuned,"Green,Green,Blue,Orange"
5110,fine-tuned,"Yellow,Green,Orange,Green,Blue"
5111,fine-tuned,"Yellow,Blue,Red,Green,Blue,Red"
5112,fine-tuned,"Green,Red,Green,Orange,Red"
5113,fine-tuned,"Yellow,Orange,Blue,Red,Green"
5114,fine-tuned,"Orange,Blue,Green,Red,Yellow,Green"
5115,fine-tuned,"Red,Blue,Green,Orange,Red"
5116,fine-tuned,"Green,Blue,Orange,Red,Green"
5117,fine-tuned,"Blue,Green,Orange,Orange,Green"
5118,fine-tuned,"Green,Orange,Red,Blue,Green"
5119,fine-tuned,"Green,Blue,Red,Orange,Blue"
5120,fine-tuned,"Blue,Green,Red,Blue,Red"
5121,fine-tuned,"Green,Orange,Blue,Blue"
5122,fine-tuned,"Green,Blue,Red,Orange,Blue,Red"
5123,fine-tuned,"Yellow,Blue,Green,Orange,Red,Green"
5124,fine-tuned,"Yellow,Orange,Red,Red"
5125,fine-tuned,"Purple,Orange,Orange,Red"
5126,fine-tuned,"Purple,Green,Orange,Blue,Red"
5127,fine-tuned,"Purple,Green,Red,Red,Blue"
5128,fine-tuned,"Red,Green,Blue,Green,Blue"
5129,fine-tuned,"Red,Green,Orange,Red,Blue"
5130,fine-tuned,"Red,Green,Green,Blue,Red"
5131,fine-tuned,"Blue,Orange,Red,Green,Red"
5132,fine-tuned,"Orange,Green,Green,Green,Red,Red"
5133,fine-tuned,"Yellow,Blue,Red,Red"
5134,fine-tuned,"Red,Green,Green,Blue,Blue"
5135,fine-tuned,"Green,Blue,Red,Red"
5136,fine-tuned,"Yellow,Green,Orange,Red,Orange,Red"
5137,fine-tuned,"Red,Green,Orange,Red,Orange"
5138,fine-tuned,"Yellow,Green,Green,Blue,Red"
5139,fine-tuned,"Red,Orange,Green,Orange"
5140,fine-tuned,"Red,Blue,Green,Green,Blue"
5141,fine-tuned,"Yellow,Green,Blue,Blue,Green"
5142,fine-tuned,"Yellow,Green,Orange,Red,Blue"
5143,fine-tuned,"Red,Blue,Orange,Blue,Red,Green"
5144,fine-tuned,"Blue,Red,Green,Orange,Red"
5145,fine-tuned,"Red,Blue,Orange,Green"
5146,fine-tuned,"Blue,Green,Orange,Red,Red"
5147,fine-tuned,"Blue,Orange,Green,Red"
5148,fine-tuned,"Green,Orange,Red"
5149,fine-tuned,"Red,Red,Red,Green,Blue,Blue"
5150,fine-tuned,"Purple,Blue,Green,Red,Red,Green"
5151,fine-tuned,"Blue,Orange,Red,Blue,Green,Orange"
5152,fine-tuned,"Red,Blue,Red,Blue"
5153,fine-tuned,"Yellow,Blue,Orange,Blue,Red"
5154,fine-tuned,"Blue,Green,Red,Orange,Green,Blue"
5155,fine-tuned,"Red,Orange,Blue,Green,Red,Green"
5156,fine-tuned,"Red,Orange,Blue,Green,Blue"
5157,fine-tuned,"Yellow,Orange,Red,Blue,Green,Green"
5158,fine-tuned,"Blue,Orange,Orange,Green"
5159,fine-tuned,"Blue,Green,Red,Red,Orange,Green"
5160,fine-tuned,"Green,Orange,Green,Blue,Red"
5161,fine-tuned,"Red,Green,Orange"
5162,fine-tuned,"Purple,Orange,Red,Orange"
5163,fine-tuned,"Orange,Blue,Green,Green,Blue"
5164,fine-tuned,"Blue,Red,Red,Blue"
5165,fine-tuned,"Blue,Blue,Red,Green,Red"
5166,fine-tuned,"Green,Blue,Orange,Blue,Green,Red"
5167,fine-tuned,"Red,Green,Green,Green,Orange"
5168,fine-tuned,"Red,Orange,Blue,Blue,Red"
5169,fine-tuned,"Purple,Green,Red,Blue"
5170,fine-tuned,"Yellow,Blue,Red,Red,Green"
5171,fine-tuned,"Yellow,Blue,Green,Orange,Red,Blue"
5172,fine-tuned,"Yellow,Blue,Blue,Red,Red"
5173,fine-tuned,"Green,Red,Orange,Blue,Red,Green"
5174,fine-tuned,"Yellow,Green,Red,Red,Blue,Green"
5175,fine-tuned,"Red,Green,Orange,Red,Green"
5176,fine-tuned,"Green,Orange,Blue,Red,Red"
5177,fine-tuned,"Green,Blue,Green,Blue,Red"
5178,fine-tuned,"Purple,Blue,Green,Blue,Green,Green"
5179,fine-tuned,"Green,Red,Green,Blue,Orange"
5180,fine-tuned,"Yellow,Green,Blue,Green,Orange,Red"
5181,fine-tuned,"Blue,Green,Blue,Orange,Orange"
5182,fine-tuned,"Green,Red,Blue,Blue,Green,Orange"
5183,fine-tuned,"Green,Orange,Blue,Red,Red"
5184,fine-tuned,"Yellow,Red,Blue,Red,Orange"
5185,fine-tuned,"Orange,Blue,Orange,Green,Green,Green"
5186,fine-tuned,"Orange,Blue,Green,Red,Green"
5187,fine-tuned,"Purple,Orange,Green,Blue,Red,Green"
5188,fine-tuned,"Green,Orange,Red,Red,Blue"
5189,fine-tuned,"Blue,Green,Red,Orange,Red"
5190,fine-tuned,"Yellow,Blue,Blue,Green,Red,Green"
5191,fine-tuned,"Red,Green,Orange,Green,Blue,Green"
5192,fine-tuned,"Blue,Orange,Green,Green,Red"
5193,fine-tuned,"Blue,Green,Green"
5194,fine-tuned,"Red,Green,Orange,Red,Blue"
5195,fine-tuned,"Yellow,Green,Red,Orange,Orange"
5196,fine-tuned,"Green,Blue,Red,Orange,Orange"
5197,fine-tuned,"Red,Blue,Green,Red,Green"
5198,fine-tuned,"Red,Orange,Green,Blue,Green"
5199,fine-tuned,"Orange,Green,Red,Orange,Red,Blue"
5200,fine-tuned,"Blue,Orange,Green,Blue,Red,Green"
5201,fine-tuned,"Yellow,Blue,Green,Orange,Green,Orange"
5202,fine-tuned,"Orange,Green,Blue,Red,Red"
5203,fine-tuned,"Yellow,Blue,Orange,Blue,Green,Red"
5204,fine-tuned,"Red,Orange,Red,Blue,Orange,Red"
5205,fine-tuned,"Purple,Green,Red,Red,Orange,Green"
5206,fine-tuned,"Red,Blue,Green,Green,Blue,Orange"
5207,fine-tuned,"Green,Blue,Orange,Green,Red,Red"
5208,fine-tuned,"Orange,Green,Red,Green,Blue,Green"
5209,fine-tuned,"Orange,Green,Red,Purple,Orange,Yellow"
5210,fine-tuned,"Purple,Blue,Red,Orange,Red"
5211,fine-tuned,"Orange,Red,Blue,Green,Red,Blue"
5212,fine-tuned,"Blue,Orange,Red,Green,Red"
5213,fine-tuned,"Green,Blue,Green,Green,Orange"
5214,fine-tuned,"Yellow,Red,Blue,Blue,Red,Red"
5215,fine-tuned,"Red,Blue,Green,Orange,Red"
5216,fine-tuned,"Yellow,Green,Orange,Green"
5217,fine-tuned,"Green,Red,Blue,Orange,Red,Blue"
5218,fine-tuned,"Yellow,Blue,Red,Orange,Orange"
5219,fine-tuned,"Orange,Blue,Red,Red,Green,Green"
5220,fine-tuned,"Blue,Green,Red,Red,Red"
5221,fine-tuned,"Yellow,Orange,Red,Green,Blue"
5222,fine-tuned,"Blue,Green,Orange,Green,Red"
5223,fine-tuned,"Green,Red,Blue,Red,Orange,Red"
5224,fine-tuned,"Orange,Green,Blue,Blue,Green,Green"
5225,fine-tuned,"Green,Blue,Red,Red,Blue"
5226,fine-tuned,"Red,Orange,Green,Red,Green"
5227,fine-tuned,"Yellow,Green,Blue,Red"
5228,fine-tuned,"Orange,Green,Blue,Red"
5229,fine-tuned,"Blue,Orange"
5230,fine-tuned,"Yellow,Green,Orange,Red,Green,Blue"
5231,fine-tuned,"Red,Blue,Blue,Green,Green,Orange"
5232,fine-tuned,"Blue,Orange,Green,Blue,Blue,Green"
5233,fine-tuned,"Blue,Green,Orange,Blue,Red,Red"
5234,fine-tuned,"Green,Green,Red,Green,Green"
5235,fine-tuned,"Orange,Blue,Green,Red,Green"
5236,fine-tuned,"Green,Red,Orange,Red"
5237,fine-tuned,"Green,Orange,Blue,Blue,Orange"
5238,fine-tuned,"Blue,Green,Green,Orange,Blue"
5239,fine-tuned,"Orange,Blue,Green,Red,Green"
5240,fine-tuned,"Blue,Green,Yellow,Orange,Purple,Blue"
5241,fine-tuned,"Blue,Green,Orange,Green,Red"
5242,fine-tuned,"Green,Red,Green,Blue,Green,Orange"
5243,fine-tuned,"Red,Orange,Red,Red"
5244,fine-tuned,"Blue,Orange,Orange,Red"
5245,fine-tuned,"Yellow,Green,Blue,Orange,Orange"
5246,fine-tuned,"Yellow,Green,Red,Green,Blue,Green"
5247,fine-tuned,"Green,Orange,Blue,Green,Blue"
5248,fine-tuned,"Red,Red,Blue,Green"
5249,fine-tuned,"Purple,Green,Orange,Blue,Orange,Blue"
5250,fine-tuned,"Red,Green,Green,Red"
5251,fine-tuned,"Purple,Red,Orange,Orange,Red"
5252,fine-tuned,"Green,Red,Orange,Orange,Blue"
5253,fine-tuned,"Purple,Orange,Blue,Red,Red"
5254,fine-tuned,"Orange,Yellow,Purple,Blue,Blue,Red"
5255,fine-tuned,"Orange,Blue,Yellow,Purple,Green,Blue"
5256,fine-tuned,"Red,Blue,Green,Orange,Red"
5257,fine-tuned,"Purple,Green,Red,Green,Blue"
5258,fine-tuned,"Red,Orange,Blue,Green,Blue"
5259,fine-tuned,"Purple,Orange,Green,Blue,Orange,Red"
5260,fine-tuned,"Blue,Green,Green,Red,Red,Green"
5261,fine-tuned,"Orange,Blue,Red,Orange,Red"
5262,fine-tuned,"Blue,Orange,Red,Green,Blue"
5263,fine-tuned,"Orange,Green,Red,Blue,Red"
5264,fine-tuned,"Green,Red,Red,Blue"
5265,fine-tuned,"Blue,Orange,Red,Green"
5266,fine-tuned,"Purple,Orange,Blue,Blue,Orange"
5267,fine-tuned,"Purple,Red,Green,Blue,Red"
5268,fine-tuned,"Blue,Green,Green,Red,Red,Blue"
5269,fine-tuned,"Purple,Green,Red,Red,Orange,Green"
5270,fine-tuned,"Blue,Green,Red,Green,Purple,Red"
5271,fine-tuned,"Yellow,Orange,Red,Red,Blue"
5272,fine-tuned,"Yellow,Green,Blue,Red,Green,Red"
5273,fine-tuned,"Blue,Red,Orange,Orange"
5274,fine-tuned,"Blue,Green,Blue,Green,Red,Green"
5275,fine-tuned,"Green,Red,Red"
5276,fine-tuned,"Green,Blue,Red,Blue,Orange,Blue"
5277,fine-tuned,"Orange,Yellow,Green,Blue,Purple,Yellow"
5278,fine-tuned,"Green,Red,Orange,Red,Blue"
5279,fine-tuned,"Red,Green,Orange,Blue"
5280,fine-tuned,"Red,Green,Green,Red,Red"
5281,fine-tuned,"Blue,Red,Blue,Green,Red"
5282,fine-tuned,"Red,Green,Orange,Blue"
5283,fine-tuned,"Blue,Green,Orange"
5284,fine-tuned,"Yellow,Orange,Blue,Red,Blue,Green"
5285,fine-tuned,"Blue,Green,Green,Orange,Red"
5286,fine-tuned,"Blue,Red,Green,Red,Green"
5287,fine-tuned,"Blue,Green,Purple,Purple,Yellow,Blue"
5288,fine-tuned,"Blue,Red,Green,Blue"
5289,fine-tuned,"Blue,Red,Orange,Blue,Orange"
5290,fine-tuned,"Green,Red,Red,Green,Blue,Red"
5291,fine-tuned,"Green,Red,Green,Red"
5292,fine-tuned,"Green,Red,Orange,Blue,Blue,Green"
5293,fine-tuned,"Red,Red,Blue,Orange,Red,Green"
5294,fine-tuned,"Orange,Purple,Green,Red,Blue,Orange"
5295,fine-tuned,"Purple,Red,Orange,Orange,Blue,Red"
5296,fine-tuned,"Blue,Green,Orange,Green"
5297,fine-tuned,"Orange,Blue,Green,Red,Blue"
5298,fine-tuned,"Purple,Green,Orange,Red,Red"
5299,fine-tuned,"Green,Green,Red,Red,Red,Blue"
5300,fine-tuned,"Blue,Orange,Orange,Green,Red"
5301,fine-tuned,"Yellow,Green,Purple,Red,Orange,Purple"
5302,fine-tuned,"Red,Blue,Red,Green,Orange,Blue"
5303,fine-tuned,"Yellow,Blue,Orange,Green,Green"
5304,fine-tuned,"Red,Orange,Green,Blue,Blue"
5305,fine-tuned,"Green,Blue,Blue,Green"
5306,fine-tuned,"Red,Orange,Blue,Green,Red,Green"
5307,fine-tuned,"Yellow,Blue,Orange,Orange,Red"
5308,fine-tuned,"Blue,Green,Blue,Red,Red"
5309,fine-tuned,"Yellow,Orange,Blue,Green,Red,Orange"
5310,fine-tuned,"Orange,Green,Red,Green"
5311,fine-tuned,"Blue,Red,Red,Blue,Green"
5312,fine-tuned,"Red,Blue,Green,Orange,Green"
5313,fine-tuned,"Purple,Red,Orange,Blue,Red,Blue"
5314,fine-tuned,"Green,Orange,Red,Green,Green"
5315,fine-tuned,"Blue,Red,Green,Orange,Orange,Red"
5316,fine-tuned,"Orange,Blue,Red,Green,Green,Red"
5317,fine-tuned,"Red,Orange,Blue,Blue,Red,Red"
5318,fine-tuned,"Blue,Green,Green,Red,Orange"
5319,fine-tuned,"Blue,Red,Orange,Green"
5320,fine-tuned,"Orange,Blue,Orange,Green"
5321,fine-tuned,"Green,Orange,Green"
5322,fine-tuned,"Blue,Green,Orange,Red"
5323,fine-tuned,"Yellow,Orange,Green,Blue,Red,Green"
5324,fine-tuned,"Blue,Red,Green,Red,Orange,Blue"
5325,fine-tuned,"Purple,Blue,Green,Red,Green"
5326,fine-tuned,"Blue,Orange,Red,Blue,Green,Blue"
5327,fine-tuned,"Blue,Orange,Orange,Green,Green,Orange"
5328,fine-tuned,"Blue,Green,Orange"
5329,fine-tuned,"Orange,Green,Orange,Blue,Green"
5330,fine-tuned,"Blue,Green,Red"
5331,fine-tuned,"Orange,Red,Blue,Green,Green"
5332,fine-tuned,"Blue,Green,Blue,Green,Blue"
5333,fine-tuned,"Red,Green,Blue,Orange,Red,Blue"
5334,fine-tuned,"Yellow,Orange,Green,Green,Orange,Red"
5335,fine-tuned,"Blue,Red,Orange,Green,Orange,Green"
5336,fine-tuned,"Green,Blue,Blue,Red,Orange,Blue"
5337,fine-tuned,"Green,Orange,Blue,Red,Orange"
5338,fine-tuned,"Blue,Red,Green,Orange,Green"
5339,fine-tuned,"Yellow,Blue,Green,Green,Green,Red"
5340,fine-tuned,"Orange,Green,Green,Blue,Orange"
5341,fine-tuned,"Orange,Green,Green,Blue,Orange"
5342,fine-tuned,"Yellow,Red,Green,Blue,Green,Orange"
5343,fine-tuned,"Green,Orange,Red,Red,Blue"
5344,fine-tuned,"Green,Blue,Orange,Green,Blue,Red"
5345,fine-tuned,"Green,Red,Orange,Green"
5346,fine-tuned,"Orange,Green,Blue,Blue,Red,Red"
5347,fine-tuned,"Yellow,Green,Orange,Blue,Green,Red"
5348,fine-tuned,"Blue,Orange,Red,Red,Green"
5349,fine-tuned,"Red,Blue,Green,Orange,Orange"
5350,fine-tuned,"Blue,Red,Blue,Red,Orange"
5351,fine-tuned,"Yellow,Green,Green,Orange"
5352,fine-tuned,"Red,Green,Orange,Blue,Green,Blue"
5353,fine-tuned,"Red,Blue,Green"
5354,fine-tuned,"Purple,Green,Orange,Blue,Blue,Red"
5355,fine-tuned,"Green,Red,Red,Red,Blue,Green"
5356,fine-tuned,"Blue,Green,Red,Red"
5357,fine-tuned,"Blue,Red,Green,Orange,Red,Red"
5358,fine-tuned,"Blue,Green,Blue,Red,Orange"
5359,fine-tuned,"Green,Blue,Blue,Orange,Orange,Red"
5360,fine-tuned,"Blue,Red,Red"
5361,fine-tuned,"Orange,Blue,Green,Blue,Orange,Orange"
5362,fine-tuned,"Blue,Red,Red,Green"
5363,fine-tuned,"Red,Green,Orange"
5364,fine-tuned,"Red,Green,Green,Orange,Red"
5365,fine-tuned,"Yellow,Blue,Green,Green,Blue"
5366,fine-tuned,"Yellow,Green,Blue,Blue,Red,Green"
5367,fine-tuned,"Red,Orange,Red,Green,Red,Orange"
5368,fine-tuned,"Green,Orange,Red,Red,Blue"
5369,fine-tuned,"Red,Orange,Blue,Red,Blue,Blue"
5370,fine-tuned,"Red,Orange,Blue,Orange,Green"
5371,fine-tuned,"Yellow,Orange,Blue,Green,Blue,Red"
5372,fine-tuned,"Green,Red,Red,Blue,Red,Green"
5373,fine-tuned,"Blue,Red,Green"
5374,fine-tuned,"Green,Red,Blue,Green,Blue"
5375,fine-tuned,"Blue,Green,Orange,Red"
5376,fine-tuned,"Red,Blue,Red,Green,Orange,Red"
5377,fine-tuned,"Orange,Blue,Red,Red,Green,Red"
5378,fine-tuned,"Green,Blue,Red,Red,Green,Orange"
5379,fine-tuned,"Blue,Red,Green,Red"
5380,fine-tuned,"Red,Green,Orange,Orange,Blue"
5381,fine-tuned,"Blue,Green,Orange,Red,Green"
5382,fine-tuned,"Green,Blue,Red,Blue"
5383,fine-tuned,"Red,Green,Blue,Orange"
5384,fine-tuned,"Blue,Orange,Green,Red,Green"
5385,fine-tuned,"Yellow,Orange,Green,Red,Orange,Blue"
5386,fine-tuned,"Orange,Green,Blue,Blue,Green,Red"
5387,fine-tuned,"Purple,Blue,Green,Orange,Green"
5388,fine-tuned,"Blue,Orange,Green,Green,Orange"
5389,fine-tuned,"Blue,Green,Red,Orange"
5390,fine-tuned,"Red,Orange,Green,Blue,Red,Blue"
5391,fine-tuned,"Red,Blue,Blue,Orange,Green,Red"
5392,fine-tuned,"Blue,Green,Red,Orange,Red,Orange"
5393,fine-tuned,"Purple,Blue,Red,Green,Green"
5394,fine-tuned,"Blue,Green,Orange,Green,Green"
5395,fine-tuned,"Blue,Red,Orange,Orange,Blue,Green"
5396,fine-tuned,"Yellow,Green,Blue,Green,Red"
5397,fine-tuned,"Purple,Green,Red,Green,Blue,Red"
5398,fine-tuned,"Red,Green,Blue,Red,Blue"
5399,fine-tuned,"Orange,Red,Blue"
5400,fine-tuned,"Green,Red,Orange,Red"
5401,fine-tuned,"Yellow,Red,Orange,Red,Green,Red"
5402,fine-tuned,"Yellow,Orange,Blue,Green,Orange,Red"
5403,fine-tuned,"Blue,Green,Green,Red"
5404,fine-tuned,"Blue,Red,Green,Red,Red"
5405,fine-tuned,"Blue,Orange,Red,Blue,Orange"
5406,fine-tuned,"Yellow,Green,Purple,Yellow,Blue,Purple"
5407,fine-tuned,"Red,Blue,Green,Orange,Blue,Red"
5408,fine-tuned,"Yellow,Orange,Green,Blue,Blue"
5409,fine-tuned,"Purple,Green,Red,Blue,Blue,Green"
5410,fine-tuned,"Red,Green,Green,Blue,Green,Orange"
5411,fine-tuned,"Green,Blue,Orange,Blue"
5412,fine-tuned,"Purple,Blue,Green,Green,Red"
5413,fine-tuned,"Blue,Green,Red,Orange"
5414,fine-tuned,"Blue,Orange,Green,Red,Red,Green"
5415,fine-tuned,"Blue,Red,Green,Blue,Red"
5416,fine-tuned,"Orange,Green,Blue,Yellow,Green,Blue"
5417,fine-tuned,"Blue,Red,Green,Orange,Red"
5418,fine-tuned,"Blue,Red,Red,Orange,Red"
5419,fine-tuned,"Red,Green,Orange,Blue,Red,Blue"
5420,fine-tuned,"Blue,Green"
5421,fine-tuned,"Yellow,Green,Yellow,Blue,Red,Blue"
5422,fine-tuned,"Red,Green,Green,Orange,Blue,Blue"
5423,fine-tuned,"Green,Blue,Red,Blue,Green,Green"
5424,fine-tuned,"Yellow,Blue,Red,Green,Blue"
5425,fine-tuned,"Purple,Green,Blue,Green,Orange,Red"
5426,fine-tuned,"Green,Blue"
5427,fine-tuned,"Green,Red,Blue,Green"
5428,fine-tuned,"Green,Orange,Red,Orange"
5429,fine-tuned,"Red,Orange,Green,Blue,Blue,Green"
5430,fine-tuned,"Green,Red,Red"
5431,fine-tuned,"Red,Green,Green,Red"
5432,fine-tuned,"Red,Orange,Blue,Orange"
5433,fine-tuned,"Yellow,Green,Blue,Orange,Orange"
5434,fine-tuned,"Red,Blue,Orange,Green,Green,Orange"
5435,fine-tuned,"Red,Orange,Green,Orange,Green,Blue"
5436,fine-tuned,"Green,Red,Orange,Red,Green"
5437,fine-tuned,"Blue,Red,Green,Green"
5438,fine-tuned,"Red,Blue,Green,Green,Green,Red"
5439,fine-tuned,"Blue,Blue,Orange,Green"
5440,fine-tuned,"Orange,Green,Blue,Red,Red,Blue"
5441,fine-tuned,"Red,Orange,Green,Green,Blue"
5442,fine-tuned,"Blue,Green,Orange,Orange,Blue,Red"
5443,fine-tuned,"Red,Blue,Orange,Green,Green,Green"
5444,fine-tuned,"Blue,Red,Orange,Green"
5445,fine-tuned,"Orange,Blue,Red,Green,Blue"
5446,fine-tuned,"Orange,Purple,Red,Blue,Green,Purple"
5447,fine-tuned,"Blue,Green,Orange,Green,Blue"
5448,fine-tuned,"Yellow,Blue,Green,Orange,Green,Green"
5449,fine-tuned,"Green,Orange,Blue,Red,Red,Green"
5450,fine-tuned,"Blue,Green,Blue,Blue,Green"
5451,fine-tuned,"Yellow,Blue,Red,Orange,Green"
5452,fine-tuned,"Orange,Red,Blue,Red,Red"
5453,fine-tuned,"Purple,Orange,Blue,Red,Green"
5454,fine-tuned,"Blue,Orange,Red,Red,Orange"
5455,fine-tuned,"Orange,Blue,Green,Red,Blue,Red"
5456,fine-tuned,"Red,Red,Blue,Green,Blue"
5457,fine-tuned,"Yellow,Blue,Green,Orange,Blue,Red"
5458,fine-tuned,"Blue,Red,Green,Green,Red,Green"
5459,fine-tuned,"Red,Blue,Orange,Green,Blue"
5460,fine-tuned,"Orange,Green,Blue,Red,Blue,Red"
5461,fine-tuned,"Green,Blue,Blue,Red,Orange"
5462,fine-tuned,"Blue,Orange,Green,Orange,Red"
5463,fine-tuned,"Purple,Orange,Orange,Blue,Green,Blue"
5464,fine-tuned,"Orange,Purple,Green,Yellow,Blue,Yellow"
5465,fine-tuned,"Green,Red,Orange,Red"
5466,fine-tuned,"Red,Orange,Blue,Orange,Orange"
5467,fine-tuned,"Red,Blue,Blue,Red"
5468,fine-tuned,"Red,Blue,Green,Green,Red,Blue"
5469,fine-tuned,"Orange,Green,Red,Green,Red,Blue"
5470,fine-tuned,"Yellow,Blue,Red,Orange,Green"
5471,fine-tuned,"Orange,Green,Orange,Blue,Red"
5472,fine-tuned,"Blue,Green,Red,Red,Orange"
5473,fine-tuned,"Orange,Red,Green,Orange"
5474,fine-tuned,"Green,Blue,Orange,Red,Orange"
5475,fine-tuned,"Blue,Orange,Red,Red,Green"
5476,fine-tuned,"Red,Blue"
5477,fine-tuned,"Green,Purple,Blue,Green,Blue,Yellow"
5478,fine-tuned,"Red,Red,Green,Red,Blue,Red"
5479,fine-tuned,"Green,Orange,Green,Blue,Red"
5480,fine-tuned,"Blue,Red,Green,Red,Green,Green"
5481,fine-tuned,"Blue,Green,Orange,Orange"
5482,fine-tuned,"Blue,Blue,Green,Orange,Green"
5483,fine-tuned,"Red,Green,Green,Orange,Orange"
5484,fine-tuned,"Purple,Orange,Blue,Blue"
5485,fine-tuned,"Blue,Green,Red,Orange"
5486,fine-tuned,"Blue,Blue,Orange,Red,Green,Blue"
5487,fine-tuned,"Yellow,Green,Red,Red,Blue"
5488,fine-tuned,"Blue,Green,Red,Red,Red,Green"
5489,fine-tuned,"Purple,Green,Red,Orange,Green"
5490,fine-tuned,"Green,Orange,Red,Blue,Red,Blue"
5491,fine-tuned,"Purple,Red,Red,Green,Blue,Green"
5492,fine-tuned,"Red,Red,Blue,Orange"
5493,fine-tuned,"Blue,Red,Red,Green,Red"
5494,fine-tuned,"Red,Orange,Green,Green,Red"
5495,fine-tuned,"Red,Orange,Red,Blue,Green"
5496,fine-tuned,"Green,Orange,Green,Blue,Red,Orange"
5497,fine-tuned,"Blue,Orange,Orange"
5498,fine-tuned,"Red,Green,Green,Blue,Blue,Blue"
5499,fine-tuned,"Blue,Orange,Green,Red,Red,Blue"
5500,fine-tuned,"Green,Blue,Red,Red,Orange,Green"
5501,fine-tuned,"Orange,Green,Blue,Green,Red,Blue"
5502,fine-tuned,"Purple,Blue,Orange,Green,Green,Red"
5503,fine-tuned,"Blue,Green,Orange,Green,Orange"
5504,fine-tuned,"Yellow,Blue,Red,Red,Blue,Green"
5505,fine-tuned,"Blue,Orange,Green,Red,Green"
5506,fine-tuned,"Red,Green,Blue"
5507,fine-tuned,"Green,Blue,Blue,Orange,Red"
5508,fine-tuned,"Red,Green,Blue"
5509,fine-tuned,"Red,Green,Green,Orange,Green,Red"
5510,fine-tuned,"Blue,Orange,Red,Red"
5511,fine-tuned,"Blue,Blue,Green,Blue,Red"
5512,fine-tuned,"Green,Red,Blue,Red,Green,Green"
5513,fine-tuned,"Green,Orange,Red,Blue,Blue"
5514,fine-tuned,"Red,Green,Red,Orange"
5515,fine-tuned,"Yellow,Green,Blue,Red,Blue,Green"
5516,fine-tuned,"Orange,Blue,Green,Red"
5517,fine-tuned,"Yellow,Orange,Green,Blue,Red,Green"
5518,fine-tuned,"Red,Red,Orange,Green,Orange"
5519,fine-tuned,"Green,Orange,Red,Orange,Red,Green"
5520,fine-tuned,"Blue,Green,Green,Red,Green,Orange"
5521,fine-tuned,"Blue,Green,Blue,Red,Orange,Green"
5522,fine-tuned,"Red,Blue,Green,Green,Green,Blue"
5523,fine-tuned,"Green,Red,Red,Orange,Green"
5524,fine-tuned,"Orange,Blue,Green,Blue,Red"
5525,fine-tuned,"Blue,Red,Red,Red"
5526,fine-tuned,"Green,Orange,Red,Green,Blue"
5527,fine-tuned,"Red,Green,Red,Red,Green"
5528,fine-tuned,"Yellow,Blue,Orange,Green"
5529,fine-tuned,"Green,Red,Red"
5530,fine-tuned,"Red,Green,Green,Red,Orange,Green"
5531,fine-tuned,"Red,Blue,Orange,Orange,Red"
5532,fine-tuned,"Blue,Green,Red,Red,Orange"
5533,fine-tuned,"Green,Red,Orange,Green,Green,Blue"
5534,fine-tuned,"Red,Green,Orange,Blue,Red,Blue"
5535,fine-tuned,"Orange,Green,Orange,Red,Red,Orange"
5536,fine-tuned,"Green,Blue,Green,Blue"
5537,fine-tuned,"Green,Red,Orange,Blue"
5538,fine-tuned,"Red,Green,Blue,Red,Blue,Orange"
5539,fine-tuned,"Purple,Orange,Blue,Red,Green,Blue"
5540,fine-tuned,"Red,Orange,Red,Blue"
5541,fine-tuned,"Orange,Red,Red,Red,Blue"
5542,fine-tuned,"Blue,Blue,Red,Red,Green,Red"
5543,fine-tuned,"Blue,Orange,Orange,Green,Blue,Green"
5544,fine-tuned,"Red,Green,Green,Red,Orange,Blue"
5545,fine-tuned,"Red,Green,Blue,Blue,Orange,Orange"
5546,fine-tuned,"Blue,Green,Blue,Red"
5547,fine-tuned,"Yellow,Orange,Blue,Blue,Blue"
5548,fine-tuned,"Yellow,Red,Green,Red,Orange,Red"
5549,fine-tuned,"Purple,Orange,Green,Green,Red,Blue"
5550,fine-tuned,"Orange,Blue,Green,Yellow,Red,Purple"
5551,fine-tuned,"Purple,Green,Blue,Red,Green"
5552,fine-tuned,"Blue,Orange,Blue"
5553,fine-tuned,"Green,Blue,Orange,Orange"
5554,fine-tuned,"Green,Blue,Orange,Blue,Red,Green"
5555,fine-tuned,"Blue,Orange,Green,Red"
5556,fine-tuned,"Red,Green,Red,Orange,Green,Blue"
5557,fine-tuned,"Blue,Green,Green,Orange"
5558,fine-tuned,"Green,Blue,Blue,Green,Orange"
5559,fine-tuned,"Red,Orange,Blue,Green,Red"
5560,fine-tuned,"Blue,Orange,Blue,Green,Orange"
5561,fine-tuned,"Red,Red,Green,Red"
5562,fine-tuned,"Green,Blue,Red,Blue"
5563,fine-tuned,"Blue,Green,Green,Orange,Green"
5564,fine-tuned,"Green,Red,Orange,Green,Red"
5565,fine-tuned,"Green,Orange,Blue,Red"
5566,fine-tuned,"Green,Red,Blue,Blue,Green,Red"
5567,fine-tuned,"Blue,Orange,Orange,Green,Green,Red"
5568,fine-tuned,"Red,Green,Blue,Blue,Green"
5569,fine-tuned,"Orange,Green,Green,Red,Green"
5570,fine-tuned,"Blue,Green,Green,Green,Blue"
5571,fine-tuned,"Orange,Blue,Green,Green,Blue"
5572,fine-tuned,"Yellow,Green,Red,Green,Orange,Blue"
5573,fine-tuned,"Purple,Green,Red,Orange,Green"
5574,fine-tuned,"Green,Green,Orange,Blue"
5575,fine-tuned,"Red,Green,Blue,Orange,Green"
5576,fine-tuned,"Purple,Green,Orange,Blue,Green,Orange"
5577,fine-tuned,"Orange,Blue,Red,Green,Red"
5578,fine-tuned,"Green,Blue,Yellow,Purple,Blue,Green"
5579,fine-tuned,"Orange,Green,Purple,Green,Blue,Red"
5580,fine-tuned,"Green,Blue,Orange,Orange"
5581,fine-tuned,"Blue,Red,Orange,Green,Orange"
5582,fine-tuned,"Orange,Purple,Red,Red,Green,Orange"
5583,fine-tuned,"Green,Blue,Red,Red"
5584,fine-tuned,"Red,Green,Red,Blue,Green"
5585,fine-tuned,"Red,Green,Orange,Red,Orange"
5586,fine-tuned,"Purple,Orange,Green,Blue,Red"
5587,fine-tuned,"Blue,Green,Orange,Green,Red"
5588,fine-tuned,"Green,Orange,Green,Orange,Blue"
5589,fine-tuned,"Orange,Blue,Blue,Green,Green,Red"
5590,fine-tuned,"Orange,Blue,Orange"
5591,fine-tuned,"Green,Orange,Red,Green,Blue"
5592,fine-tuned,"Blue,Orange,Blue,Green,Blue,Orange"
5593,fine-tuned,"Red,Blue,Orange,Red,Orange,Blue"
5594,fine-tuned,"Blue,Orange,Green,Red,Green,Red"
5595,fine-tuned,"Yellow,Blue,Green,Orange,Green,Orange"
5596,fine-tuned,"Blue,Green,Orange,Blue,Orange"
5597,fine-tuned,"Yellow,Blue,Green,Green,Red,Orange"
5598,fine-tuned,"Orange,Red,Blue,Red,Blue"
5599,fine-tuned,"Yellow,Orange,Green,Red,Blue"
5600,fine-tuned,"Orange,Green,Blue,Red"
5601,fine-tuned,"Green,Blue,Orange,Green,Red,Orange"
5602,fine-tuned,"Blue,Red,Green,Red,Blue,Orange"
5603,fine-tuned,"Yellow,Green,Red,Green,Orange,Orange"
5604,fine-tuned,"Blue,Green,Red,Red,Red,Orange"
5605,fine-tuned,"Blue,Blue,Red,Orange,Green,Red"
5606,fine-tuned,"Red,Blue,Orange,Red,Red,Blue"
5607,fine-tuned,"Red,Blue,Red,Green,Green,Red"
5608,fine-tuned,"Red,Blue,Orange,Green,Red"
5609,fine-tuned,"Blue,Blue,Orange,Red,Green"
5610,fine-tuned,"Red,Orange,Green,Red,Red"
5611,fine-tuned,"Yellow,Orange,Blue,Green,Red"
5612,fine-tuned,"Purple,Blue,Green,Red,Blue,Red"
5613,fine-tuned,"Red,Orange,Green,Orange"
5614,fine-tuned,"Yellow,Green,Orange,Red,Blue,Red"
5615,fine-tuned,"Red,Blue,Green,Green,Orange,Red"
5616,fine-tuned,"Red,Blue,Green,Orange,Green"
5617,fine-tuned,"Red,Green,Blue,Blue"
5618,fine-tuned,"Blue,Blue,Orange"
5619,fine-tuned,"Green,Orange,Green,Red,Blue,Green"
5620,fine-tuned,"Yellow,Orange,Red,Green,Red,Red"
5621,fine-tuned,"Purple,Orange,Blue,Green"
5622,fine-tuned,"Green,Blue,Red,Purple,Orange,Red"
5623,fine-tuned,"Green,Blue,Green,Red,Red,Orange"
5624,fine-tuned,"Blue,Orange,Green"
5625,fine-tuned,"Green,Red,Blue,Blue,Red"
5626,fine-tuned,"Blue,Orange,Green,Orange"
5627,fine-tuned,"Green,Blue,Red,Orange,Blue,Red"
5628,fine-tuned,"Blue,Green,Red,Orange,Green"
5629,fine-tuned,"Blue,Red,Green,Orange"
5630,fine-tuned,"Yellow,Blue,Red,Green,Red,Red"
5631,fine-tuned,"Green,Orange,Red,Green,Blue,Red"
5632,fine-tuned,"Green,Red,Blue,Green,Red"
5633,fine-tuned,"Red,Orange,Orange,Green,Blue"
5634,fine-tuned,"Blue,Green,Orange,Red,Green,Blue"
5635,fine-tuned,"Purple,Blue,Red,Green,Red"
5636,fine-tuned,"Blue,Orange,Green,Blue,Red"
5637,fine-tuned,"Red,Green,Orange,Blue,Blue,Green"
5638,fine-tuned,"Orange,Blue,Green,Red,Blue"
5639,fine-tuned,"Blue,Red,Red,Green"
5640,fine-tuned,"Blue,Green,Green,Orange,Red,Purple"
5641,fine-tuned,"Green,Orange,Blue,Blue,Red"
5642,fine-tuned,"Red,Green,Red,Red,Green,Red"
5643,fine-tuned,"Purple,Red,Orange,Blue"
5644,fine-tuned,"Orange,Red,Green"
5645,fine-tuned,"Red,Green,Orange"
5646,fine-tuned,"Orange,Blue,Yellow,Red,Red,Purple"
5647,fine-tuned,"Orange,Red,Green,Green,Purple,Blue"
5648,fine-tuned,"Red,Green,Blue,Blue"
5649,fine-tuned,"Green,Orange,Green,Blue,Green"
5650,fine-tuned,"Red,Green,Blue,Orange"
5651,fine-tuned,"Yellow,Red,Green,Green,Blue,Orange"
5652,fine-tuned,"Purple,Green,Green,Orange"
5653,fine-tuned,"Blue,Orange,Green,Blue,Green,Blue"
5654,fine-tuned,"Green,Red,Orange,Blue,Green,Red"
5655,fine-tuned,"Blue,Red,Orange,Red,Red,Blue"
5656,fine-tuned,"Blue,Orange,Green,Blue,Red,Orange"
5657,fine-tuned,"Blue,Green,Green,Red,Green"
5658,fine-tuned,"Orange,Red,Red,Green,Red,Green"
5659,fine-tuned,"Yellow,Red,Orange,Orange,Green,Blue"
5660,fine-tuned,"Orange,Blue,Red,Orange,Green,Green"
5661,fine-tuned,"Red,Blue,Orange,Green,Green"
5662,fine-tuned,"Purple,Blue,Orange,Green,Red"
5663,fine-tuned,"Yellow,Blue,Red,Orange,Red"
5664,fine-tuned,"Red,Blue,Blue,Green"
5665,fine-tuned,"Blue,Green,Blue,Green,Red,Orange"
5666,fine-tuned,"Orange,Blue,Red,Blue,Orange"
5667,fine-tuned,"Yellow,Green,Blue,Orange,Red,Red"
5668,fine-tuned,"Green,Blue,Blue,Orange,Red,Orange"
5669,fine-tuned,"Orange,Blue,Red,Red"
5670,fine-tuned,"Yellow,Green,Blue,Blue,Green,Blue"
5671,fine-tuned,"Blue,Green,Red,Red,Green,Blue"
5672,fine-tuned,"Purple,Orange,Green,Blue,Blue,Red"
5673,fine-tuned,"Yellow,Green,Red,Blue,Blue,Orange"
5674,fine-tuned,"Red,Blue,Green,Blue,Red,Orange"
5675,fine-tuned,"Blue,Green,Orange,Purple,Blue,Orange"
5676,fine-tuned,"Red,Orange,Red,Green,Green"
5677,fine-tuned,"Orange,Blue,Red,Blue,Green,Orange"
5678,fine-tuned,"Blue,Orange,Green,Green,Red"
5679,fine-tuned,"Blue,Green,Blue"
5680,fine-tuned,"Red,Orange,Red,Green,Blue,Red"
5681,fine-tuned,"Orange,Blue,Green,Orange,Red"
5682,fine-tuned,"Red,Red,Blue,Green,Green,Red"
5683,fine-tuned,"Blue,Green,Green"
5684,fine-tuned,"Yellow,Green,Red,Green,Orange,Red"
5685,fine-tuned,"Green,Green,Blue,Green,Green"
5686,fine-tuned,"Blue,Green,Green,Red,Orange,Blue"
5687,fine-tuned,"Blue,Green,Orange,Green,Orange,Blue"
5688,fine-tuned,"Blue,Orange,Green,Blue,Red"
5689,fine-tuned,"Blue,Green,Red,Blue,Red,Green"
5690,fine-tuned,"Blue,Orange,Green,Red,Red,Green"
5691,fine-tuned,"Purple,Blue,Green,Green,Blue,Green"
5692,fine-tuned,"Blue,Orange,Green,Red"
5693,fine-tuned,"Yellow,Blue,Red,Red,Green,Red"
5694,fine-tuned,"Orange,Blue,Purple,Green,Orange,Green"
5695,fine-tuned,"Blue,Red,Green,Blue,Green,Green"
5696,fine-tuned,"Purple,Blue,Orange"
5697,fine-tuned,"Yellow,Orange,Blue,Green"
5698,fine-tuned,"Green,Blue,Green,Orange,Green"
5699,fine-tuned,"Blue,Green,Orange"
5700,fine-tuned,"Orange,Blue,Red,Green,Red"
5701,fine-tuned,"Blue,Red,Red,Green"
5702,fine-tuned,"Green,Red,Blue,Blue,Orange,Red"
5703,fine-tuned,"Orange,Purple,Red,Purple,Green,Blue"
5704,fine-tuned,"Green,Orange,Green,Blue,Orange,Green"
5705,fine-tuned,"Red,Blue,Red,Orange,Orange"
5706,fine-tuned,"Purple,Orange,Blue,Red,Green,Red"
5707,fine-tuned,"Blue,Orange,Green,Blue"
5708,fine-tuned,"Blue,Red,Red,Orange,Red,Red"
5709,fine-tuned,"Green,Red,Blue,Orange,Blue"
5710,fine-tuned,"Purple,Green,Red,Red,Red"
5711,fine-tuned,"Blue,Red,Orange,Green,Red,Blue"
5712,fine-tuned,"Purple,Green,Red,Blue,Orange"
5713,fine-tuned,"Orange,Green,Red,Blue,Green"
5714,fine-tuned,"Green,Red,Red,Red"
5715,fine-tuned,"Blue,Green,Green,Green,Orange,Red"
5716,fine-tuned,"Blue,Red,Orange,Orange"
5717,fine-tuned,"Red,Green,Orange,Blue"
5718,fine-tuned,"Green,Orange,Green,Red,Blue,Blue"
5719,fine-tuned,"Orange,Green,Blue,Blue,Orange,Red"
5720,fine-tuned,"Red,Blue,Blue,Red,Green"
5721,fine-tuned,"Red,Blue,Green,Orange,Blue,Blue"
5722,fine-tuned,"Green,Orange,Red,Red,Green,Blue"
5723,fine-tuned,"Red,Green,Blue,Red,Orange"
5724,fine-tuned,"Red,Blue,Blue,Orange,Green,Blue"
5725,fine-tuned,"Red,Blue,Blue,Blue"
5726,fine-tuned,"Red,Green,Green,Green,Green"
5727,fine-tuned,"Green,Red,Orange,Blue"
5728,fine-tuned,"Green,Orange,Red,Blue,Red"
5729,fine-tuned,"Green,Red,Orange"
5730,fine-tuned,"Orange,Red,Blue,Blue,Green"
5731,fine-tuned,"Green,Red,Blue,Green"
5732,fine-tuned,"Purple,Orange,Blue,Orange,Green"
5733,fine-tuned,Blue
5734,fine-tuned,"Green,Red,Red,Green,Orange"
5735,fine-tuned,"Blue,Red,Green,Blue,Green,Green"
5736,fine-tuned,"Purple,Orange,Green,Orange,Blue,Orange"
5737,fine-tuned,"Yellow,Red,Orange,Blue,Green,Blue"
5738,fine-tuned,"Purple,Blue,Green"
5739,fine-tuned,"Green,Blue,Green,Green,Green,Green"
5740,fine-tuned,"Blue,Green,Red,Red"
5741,fine-tuned,"Red,Orange,Blue,Red,Green"
5742,fine-tuned,"Orange,Blue,Red,Yellow,Green,Purple"
5743,fine-tuned,"Yellow,Red,Red,Orange,Green"
5744,fine-tuned,"Purple,Green,Orange,Red,Blue,Blue"
5745,fine-tuned,"Red,Green,Blue"
5746,fine-tuned,"Blue,Red,Orange,Green"
5747,fine-tuned,"Blue,Green,Red,Orange"
5748,fine-tuned,"Red,Green,Blue,Blue,Green,Orange"
5749,fine-tuned,"Green,Red,Green,Orange,Green,Red"
5750,fine-tuned,"Blue,Green,Orange,Red,Green,Red"
5751,fine-tuned,"Blue,Red"
5752,fine-tuned,"Green,Orange,Blue,Orange"
5753,fine-tuned,"Blue,Blue,Orange,Blue"
5754,fine-tuned,"Red,Orange,Green,Blue,Orange,Red"
5755,fine-tuned,"Green,Blue,Red,Red,Red,Green"
5756,fine-tuned,"Purple,Blue,Green"
5757,fine-tuned,"Blue,Green,Purple,Green,Yellow,Purple"
5758,fine-tuned,"Blue,Green,Red,Blue,Green,Orange"
5759,fine-tuned,"Green,Blue,Green,Orange,Orange"
5760,fine-tuned,"Red,Red,Green"
5761,fine-tuned,"Blue,Red,Red,Green,Blue"
5762,fine-tuned,"Red,Blue,Orange,Blue,Green"
5763,fine-tuned,"Blue,Green,Orange,Orange,Green,Orange"
5764,fine-tuned,"Blue,Orange,Orange,Red,Blue"
5765,fine-tuned,"Red,Blue,Red,Orange,Blue,Red"
5766,fine-tuned,"Red,Blue,Orange,Green,Green,Blue"
5767,fine-tuned,"Orange,Green,Blue,Red,Blue"
5768,fine-tuned,"Orange,Red,Orange,Blue,Orange"
5769,fine-tuned,"Yellow,Red,Green,Red,Blue,Red"
5770,fine-tuned,"Purple,Green,Blue,Red,Red,Blue"
5771,fine-tuned,"Green,Blue,Orange,Blue,Green"
5772,fine-tuned,"Red,Green,Blue,Red,Green"
5773,fine-tuned,"Blue,Red,Green,Orange"
5774,fine-tuned,"Blue,Green,Blue,Green,Orange"
5775,fine-tuned,"Green,Orange,Red,Blue"
5776,fine-tuned,"Red,Green,Orange,Blue,Blue"
5777,fine-tuned,"Yellow,Blue,Red,Orange,Blue,Orange"
5778,fine-tuned,"Green,Red,Blue,Orange,Blue"
5779,fine-tuned,"Orange,Blue,Green,Orange"
5780,fine-tuned,"Green,Orange,Red,Green,Orange,Blue"
5781,fine-tuned,"Blue,Green,Red,Red,Red"
5782,fine-tuned,"Green,Blue,Blue,Red,Green"
5783,fine-tuned,"Green,Blue,Orange,Blue,Green,Red"
5784,fine-tuned,"Red,Red,Blue,Red,Green,Green"
5785,fine-tuned,"Red,Green,Blue,Green"
5786,fine-tuned,"Green,Red,Green,Orange,Orange"
5787,fine-tuned,"Green,Orange,Blue,Green,Blue"
5788,fine-tuned,"Purple,Orange,Green,Red,Blue"
5789,fine-tuned,"Green,Red,Blue,Red,Blue"
5790,fine-tuned,"Yellow,Green,Orange,Blue,Red,Blue"
5791,fine-tuned,"Red,Green,Blue,Red,Blue,Red"
5792,fine-tuned,"Purple,Green,Blue,Orange,Orange,Red"
5793,fine-tuned,"Green,Orange,Red,Blue"
5794,fine-tuned,"Red,Green,Red,Orange,Orange"
5795,fine-tuned,"Blue,Red,Red,Green,Orange,Green"
5796,fine-tuned,"Blue,Orange,Green,Red,Green,Green"
5797,fine-tuned,"Orange,Red,Blue,Blue"
5798,fine-tuned,"Yellow,Orange,Green,Blue,Red,Red"
5799,fine-tuned,"Purple,Green,Orange,Red,Blue"
5800,fine-tuned,"Green,Blue,Orange,Green"
5801,fine-tuned,"Red,Blue,Green,Orange,Red"
5802,fine-tuned,"Orange,Red,Red"
5803,fine-tuned,"Blue,Orange,Orange,Blue"
5804,fine-tuned,"Green,Red,Red,Red,Red,Orange"
5805,fine-tuned,"Green,Blue,Red,Red,Green"
5806,fine-tuned,"Blue,Green,Orange,Green"
5807,fine-tuned,"Blue,Red,Orange,Red,Blue"
5808,fine-tuned,"Yellow,Orange,Green,Red,Green,Red"
5809,fine-tuned,"Blue,Orange,Red,Red,Red"
5810,fine-tuned,"Blue,Red,Green,Red"
5811,fine-tuned,"Yellow,Green,Orange,Blue"
5812,fine-tuned,"Green,Blue,Orange,Red,Blue"
5813,fine-tuned,"Yellow,Green,Blue,Green,Orange,Blue"
5814,fine-tuned,"Red,Orange,Orange,Green,Green,Blue"
5815,fine-tuned,"Orange,Green,Blue,Blue,Red"
5816,fine-tuned,"Red,Orange,Blue,Green,Red,Red"
5817,fine-tuned,"Red,Orange,Blue,Green"
5818,fine-tuned,"Red,Orange,Green,Blue,Orange"
5819,fine-tuned,"Blue,Orange,Green,Blue,Red,Red"
5820,fine-tuned,"Green,Blue,Red,Green"
5821,fine-tuned,"Yellow,Blue,Red,Red,Green"
5822,fine-tuned,"Orange,Blue,Red,Green,Yellow,Red"
5823,fine-tuned,"Yellow,Orange,Blue,Green,Blue"
5824,fine-tuned,"Purple,Green,Red,Green,Orange"
5825,fine-tuned,"Yellow,Blue,Blue,Green,Red"
5826,fine-tuned,"Yellow,Blue,Red,Green,Blue,Red"
5827,fine-tuned,"Yellow,Blue,Red,Red,Orange,Green"
5828,fine-tuned,"Blue,Red,Green,Orange"
5829,fine-tuned,"Blue,Green,Orange,Red,Red"
5830,fine-tuned,"Red,Orange,Green,Red,Orange"
5831,fine-tuned,"Blue,Orange,Green,Blue,Green"
5832,fine-tuned,"Red,Orange,Green"
5833,fine-tuned,"Green,Red,Orange,Red,Blue,Green"
5834,fine-tuned,"Yellow,Red,Green,Blue,Orange,Red"
5835,fine-tuned,"Orange,Red,Green,Green,Green,Red"
5836,fine-tuned,"Purple,Green,Green,Blue"
5837,fine-tuned,"Orange,Red,Green,Blue,Orange"
5838,fine-tuned,"Red,Blue,Green"
5839,fine-tuned,"Yellow,Blue,Red,Red,Red,Orange"
5840,fine-tuned,"Blue,Orange,Green,Red,Red,Green"
5841,fine-tuned,"Red,Orange,Blue,Orange,Red,Blue"
5842,fine-tuned,"Green,Green,Blue,Red,Green"
5843,fine-tuned,"Blue,Green,Orange,Green,Red"
5844,fine-tuned,"Green,Blue,Red,Blue,Orange"
5845,fine-tuned,"Yellow,Blue,Green,Orange,Red"
5846,fine-tuned,"Yellow,Red,Orange,Red"
5847,fine-tuned,"Blue,Red,Green"
5848,fine-tuned,"Red,Orange,Red,Orange,Red"
5849,fine-tuned,"Yellow,Blue,Blue,Red,Green,Orange"
5850,fine-tuned,"Green,Red,Red,Green,Red"
5851,fine-tuned,"Yellow,Green,Green,Red,Blue,Blue"
5852,fine-tuned,"Blue,Red,Red,Green"
5853,fine-tuned,"Yellow,Red,Blue,Blue,Orange,Red"
5854,fine-tuned,"Yellow,Green,Green,Blue,Blue"
5855,fine-tuned,"Blue,Green,Green,Red,Green,Green"
5856,fine-tuned,"Blue,Green,Red,Yellow,Orange,Blue"
5857,fine-tuned,"Red,Blue,Orange,Green,Orange,Green"
5858,fine-tuned,"Blue,Orange,Red,Green,Green,Blue"
5859,fine-tuned,"Orange,Green,Blue,Green,Blue,Red"
5860,fine-tuned,"Green,Red,Orange,Red"
5861,fine-tuned,"Blue,Green,Red"
5862,fine-tuned,"Yellow,Orange,Green,Green,Blue"
5863,fine-tuned,"Red,Green,Blue,Red,Blue,Orange"
5864,fine-tuned,"Green,Green,Orange,Orange"
5865,fine-tuned,"Purple,Orange,Green,Red,Red,Green"
5866,fine-tuned,"Red,Green,Blue,Blue,Red,Orange"
5867,fine-tuned,"Orange,Blue,Green,Yellow,Purple,Blue"
5868,fine-tuned,"Green,Green,Blue,Red,Blue"
5869,fine-tuned,"Yellow,Orange,Green,Blue,Red,Red"
5870,fine-tuned,"Green,Blue,Green,Red,Orange,Red"
5871,fine-tuned,"Yellow,Green,Blue,Orange,Orange"
5872,fine-tuned,"Green,Blue,Green,Orange,Blue"
5873,fine-tuned,"Red,Blue,Red,Green,Red,Green"
5874,fine-tuned,"Yellow,Blue,Red,Orange"
5875,fine-tuned,"Purple,Green,Orange,Blue,Green,Blue"
5876,fine-tuned,"Blue,Blue,Green,Green,Red"
5877,fine-tuned,"Blue,Orange,Green"
5878,fine-tuned,"Red,Blue,Green,Red,Green,Orange"
5879,fine-tuned,"Green,Blue,Blue,Blue,Blue,Blue"
5880,fine-tuned,"Orange,Green,Blue,Red,Orange,Red"
5881,fine-tuned,"Green,Green,Orange"
5882,fine-tuned,"Green,Orange,Blue,Red,Green"
5883,fine-tuned,"Purple,Green,Blue,Green,Red"
5884,fine-tuned,"Red,Green,Blue,Orange,Red"
5885,fine-tuned,"Purple,Red,Blue,Blue,Green"
5886,fine-tuned,"Yellow,Blue,Orange,Green,Red,Red"
5887,fine-tuned,"Red,Green,Orange,Orange,Red,Green"
5888,fine-tuned,"Blue,Orange,Orange,Blue,Red"
5889,fine-tuned,"Green,Red,Orange,Green,Red,Orange"
5890,fine-tuned,"Purple,Red,Blue,Green,Red"
5891,fine-tuned,"Orange,Red,Green,Red,Red"
5892,fine-tuned,"Yellow,Blue,Green,Orange,Orange"
5893,fine-tuned,"Purple,Orange,Green,Blue,Green"
5894,fine-tuned,"Red,Orange,Blue,Green"
5895,fine-tuned,"Orange,Blue,Green,Red,Blue,Red"
5896,fine-tuned,"Green,Red,Green,Blue,Orange"
5897,fine-tuned,"Green,Red,Green,Orange,Green"
5898,fine-tuned,"Purple,Blue,Orange,Red"
5899,fine-tuned,"Yellow,Blue,Orange,Red,Green,Blue"
5900,fine-tuned,"Red,Blue,Green,Blue"
5901,fine-tuned,"Purple,Red,Orange,Red,Blue"
5902,fine-tuned,"Yellow,Blue,Green,Red,Red,Green"
5903,fine-tuned,"Red,Orange,Blue,Green"
5904,fine-tuned,"Orange,Purple,Red,Red,Blue,Green"
5905,fine-tuned,"Blue,Red,Green,Blue"
5906,fine-tuned,"Red,Orange,Green,Green"
5907,fine-tuned,"Blue,Orange,Red,Green,Orange,Blue"
5908,fine-tuned,"Red,Green,Red,Blue,Orange,Green"
5909,fine-tuned,"Green,Orange,Red,Red"
5910,fine-tuned,"Orange,Red,Red,Green,Orange"
5911,fine-tuned,"Red,Green,Blue,Blue,Green,Red"
5912,fine-tuned,"Yellow,Red,Green,Green,Blue,Blue"
5913,fine-tuned,"Yellow,Blue,Orange,Red,Green,Green"
5914,fine-tuned,"Blue,Green,Red,Blue"
5915,fine-tuned,"Red,Blue,Green,Orange"
5916,fine-tuned,"Red,Orange,Green,Red,Blue,Green"
5917,fine-tuned,"Yellow,Orange,Green,Blue,Green"
5918,fine-tuned,"Red,Blue,Green,Blue"
5919,fine-tuned,"Blue,Orange,Orange,Red"
5920,fine-tuned,"Yellow,Green,Blue,Orange,Blue,Green"
5921,fine-tuned,"Yellow,Green,Red,Green,Orange,Green"
5922,fine-tuned,"Purple,Red,Green,Red,Orange"
5923,fine-tuned,"Orange,Blue,Blue,Green"
5924,fine-tuned,"Blue,Red,Red,Blue,Orange,Red"
5925,fine-tuned,"Purple,Red,Green,Blue"
5926,fine-tuned,"Blue,Green,Green,Red,Green"
5927,fine-tuned,"Purple,Blue,Orange,Green,Green"
5928,fine-tuned,"Purple,Green,Orange,Red,Orange,Red"
5929,fine-tuned,"Blue,Blue,Red,Green,Orange"
5930,fine-tuned,"Blue,Red,Green,Green,Blue"
5931,fine-tuned,"Purple,Orange,Green,Blue"
5932,fine-tuned,"Blue,Red,Green,Green,Green,Blue"
5933,fine-tuned,"Yellow,Blue,Orange,Red,Blue,Orange"
5934,fine-tuned,"Green,Blue,Blue,Red,Red,Orange"
5935,fine-tuned,"Orange,Blue,Red,Red"
5936,fine-tuned,"Orange,Green,Green,Red,Blue,Purple"
5937,fine-tuned,"Yellow,Orange,Green,Green,Red,Red"
5938,fine-tuned,"Blue,Orange,Red,Red"
5939,fine-tuned,"Yellow,Red,Green,Orange,Blue,Green"
5940,fine-tuned,"Blue,Red,Green,Green,Blue,Red"
5941,fine-tuned,"Blue,Green,Red,Red,Green,Red"
5942,fine-tuned,"Orange,Red,Purple,Yellow,Blue,Purple"
5943,fine-tuned,"Blue,Red,Green,Red,Red"
5944,fine-tuned,"Blue,Green,Orange,Red,Red"
5945,fine-tuned,"Yellow,Blue,Blue,Red,Green,Green"
5946,fine-tuned,"Blue,Red,Green,Blue,Red"
5947,fine-tuned,"Green,Red"
5948,fine-tuned,"Red,Blue,Red,Blue"
5949,fine-tuned,"Blue,Orange,Green,Red,Red,Green"
5950,fine-tuned,"Yellow,Green,Green,Blue,Green,Orange"
5951,fine-tuned,"Blue,Green,Green,Green"
5952,fine-tuned,"Orange,Blue,Green,Green,Blue,Orange"
5953,fine-tuned,"Red,Green,Orange,Orange,Blue"
5954,fine-tuned,"Yellow,Green,Red,Blue,Orange,Red"
5955,fine-tuned,"Blue,Orange,Green,Red,Red,Orange"
5956,fine-tuned,"Yellow,Orange,Green,Blue,Blue"
5957,fine-tuned,"Red,Green,Blue,Orange,Red"
5958,fine-tuned,"Red,Blue,Orange,Orange,Blue,Green"
5959,fine-tuned,"Orange,Green,Blue,Red"
5960,fine-tuned,"Orange,Green,Red,Blue,Orange,Green"
5961,fine-tuned,"Yellow,Blue,Orange,Blue,Red"
5962,fine-tuned,"Orange,Green,Blue,Blue"
5963,fine-tuned,"Blue,Green,Green,Blue"
5964,fine-tuned,"Blue,Green,Red,Green"
5965,fine-tuned,"Blue,Green,Blue,Red,Orange,Red"
5966,fine-tuned,"Purple,Blue,Orange,Blue,Green"
5967,fine-tuned,"Blue,Green,Green,Green,Orange,Red"
5968,fine-tuned,"Purple,Blue,Green,Green,Blue,Orange"
5969,fine-tuned,"Yellow,Blue,Red,Green"
5970,fine-tuned,"Orange,Blue,Green,Orange"
5971,fine-tuned,"Red,Orange,Green,Blue,Red,Blue"
5972,fine-tuned,"Blue,Red,Red,Blue,Green"
5973,fine-tuned,"Red,Green,Green,Orange,Orange,Green"
5974,fine-tuned,"Orange,Blue,Orange"
5975,fine-tuned,"Blue,Green,Red,Green,Orange"
5976,fine-tuned,"Green,Green,Blue,Orange,Blue"
5977,fine-tuned,"Purple,Red,Blue,Green,Green"
5978,fine-tuned,"Yellow,Green,Orange,Red,Blue,Orange"
5979,fine-tuned,"Yellow,Green,Blue,Blue,Red,Red"
5980,fine-tuned,"Blue,Red,Red,Green,Blue"
5981,fine-tuned,"Orange,Red,Green,Blue,Blue,Green"
5982,fine-tuned,"Orange,Purple,Green,Red,Blue,Red"
5983,fine-tuned,"Blue,Orange,Red,Red,Blue,Orange"
5984,fine-tuned,"Yellow,Blue,Red,Green,Red"
5985,fine-tuned,"Yellow,Orange,Green,Blue,Green"
5986,fine-tuned,"Blue,Green,Red,Red"
5987,fine-tuned,"Yellow,Green,Red,Blue,Green"
5988,fine-tuned,"Blue,Green"
5989,fine-tuned,"Blue,Orange,Orange,Green,Blue"
5990,fine-tuned,"Blue,Red,Orange,Blue"
5991,fine-tuned,"Orange,Blue,Green,Red,Red,Orange"
5992,fine-tuned,"Green,Orange,Blue,Green,Blue,Orange"
5993,fine-tuned,"Yellow,Orange,Red,Green"
5994,fine-tuned,"Yellow,Green,Red,Red,Red"
5995,fine-tuned,"Blue,Orange,Red,Green,Red"
5996,fine-tuned,"Yellow,Blue,Orange,Green,Orange"
5997,fine-tuned,"Yellow,Green,Orange,Blue"
5998,fine-tuned,"Red,Orange,Orange,Orange"
5999,fine-tuned,"Green,Green,Blue,Blue"
6000,fine-tuned,"Purple,Blue,Green,Orange,Blue,Red"
6001,fine-tuned,"Red,Orange,Blue,Green"
6002,fine-tuned,"Orange,Green,Orange"
6003,fine-tuned,"Green,Orange,Blue,Green,Orange"
6004,fine-tuned,"Orange,Blue,Red,Green,Purple,Green"
6005,fine-tuned,"Red,Blue,Green,Red"
6006,fine-tuned,"Red,Green,Orange,Green,Red,Red"
6007,fine-tuned,"Blue,Red,Orange,Red"
6008,fine-tuned,"Orange,Blue,Red,Red,Green"
6009,fine-tuned,"Blue,Orange,Green,Red,Green,Red"
6010,fine-tuned,"Green,Orange,Blue,Blue,Orange"
6011,fine-tuned,"Red,Orange,Blue,Green,Blue"
6012,fine-tuned,"Red,Blue,Blue,Orange,Blue,Green"
6013,fine-tuned,"Blue,Blue,Orange,Red,Green,Red"
6014,fine-tuned,"Blue,Red,Green,Green,Green"
6015,fine-tuned,"Red,Green,Blue,Red,Red"
6016,fine-tuned,"Red,Orange,Blue,Green"
6017,fine-tuned,"Yellow,Green,Red,Blue,Orange,Blue"
6018,fine-tuned,"Orange,Green,Blue,Blue,Red"
6019,fine-tuned,"Red,Orange,Blue,Red"
6020,fine-tuned,"Blue,Orange,Green,Red,Green,Red"
6021,fine-tuned,"Blue,Red,Green,Green,Green"
6022,fine-tuned,"Purple,Green,Orange,Blue,Red,Red"
6023,fine-tuned,"Blue,Orange,Green"
6024,fine-tuned,"Red,Orange,Red,Green,Green,Red"
6025,fine-tuned,"Purple,Green,Red,Blue,Blue"
6026,fine-tuned,"Blue,Blue,Green,Orange,Red"
6027,fine-tuned,"Green,Orange,Blue,Orange,Red"
6028,fine-tuned,"Blue,Red,Green,Orange"
6029,fine-tuned,"Red,Red,Red,Red,Red,Red"
6030,fine-tuned,"Purple,Green,Red,Red,Orange,Blue"
6031,fine-tuned,"Blue,Green,Green,Red"
6032,fine-tuned,"Red,Blue,Green,Blue,Red"
6033,fine-tuned,"Blue,Red,Red,Orange,Red"
6034,fine-tuned,"Blue,Green,Green,Blue"
6035,fine-tuned,"Green,Orange,Red,Orange"
6036,fine-tuned,"Red,Green,Orange,Orange,Red,Blue"
6037,fine-tuned,"Red,Green,Orange,Blue,Orange"
6038,fine-tuned,"Green,Blue,Green,Red"
6039,fine-tuned,"Red,Red,Green,Green"
6040,fine-tuned,"Blue,Blue,Red,Orange,Orange,Red"
6041,fine-tuned,"Orange,Blue,Red,Green"
6042,fine-tuned,"Blue,Orange,Green,Red"
6043,fine-tuned,"Red,Orange,Blue,Green,Orange,Green"
6044,fine-tuned,"Green,Red,Red,Red,Green,Green"
6045,fine-tuned,"Yellow,Red,Green,Blue,Red,Red"
6046,fine-tuned,"Purple,Orange,Blue,Orange,Green"
6047,fine-tuned,"Red,Blue,Blue,Orange,Green"
6048,fine-tuned,"Green,Green,Blue,Blue"
6049,fine-tuned,"Red,Green,Red,Blue,Green"
6050,fine-tuned,"Yellow,Green,Blue,Orange,Red,Red"
6051,fine-tuned,"Blue,Green,Orange,Green,Orange,Green"
6052,fine-tuned,"Orange,Blue,Yellow,Blue,Yellow,Red"
6053,fine-tuned,"Red,Blue,Green,Orange,Red,Green"
6054,fine-tuned,"Red,Blue,Green,Red"
6055,fine-tuned,"Orange,Red,Purple,Red,Blue,Green"
6056,fine-tuned,"Blue,Red,Red,Green,Green,Red"
6057,fine-tuned,"Orange,Green,Blue,Green"
6058,fine-tuned,"Red,Green,Blue,Red,Red,Red"
6059,fine-tuned,"Red,Blue,Green,Orange,Green,Green"
6060,fine-tuned,"Blue,Green,Red,Green,Red"
6061,fine-tuned,"Blue,Green,Red,Red,Green"
6062,fine-tuned,"Blue,Green,Orange,Green,Orange"
6063,fine-tuned,"Blue,Green,Orange,Orange,Blue"
6064,fine-tuned,"Yellow,Red,Blue,Blue,Orange"
6065,fine-tuned,"Yellow,Green,Green,Blue,Blue,Red"
6066,fine-tuned,"Blue,Red,Green,Red,Orange,Red"
6067,fine-tuned,"Orange,Yellow,Green,Yellow,Purple,Red"
6068,fine-tuned,"Blue,Green,Green,Green,Red,Green"
6069,fine-tuned,"Yellow,Red,Green,Green,Blue,Orange"
6070,fine-tuned,"Blue,Orange,Blue,Green"
6071,fine-tuned,"Red,Orange,Green,Blue,Orange"
6072,fine-tuned,"Orange,Green,Green,Red,Blue"
6073,fine-tuned,"Red,Blue,Blue,Green"
6074,fine-tuned,"Yellow,Green,Red,Blue,Green,Red"
6075,fine-tuned,"Blue,Green,Green"
6076,fine-tuned,"Green,Red,Orange,Red,Green"
6077,fine-tuned,"Blue,Orange,Red,Green,Orange"
6078,fine-tuned,"Red,Blue,Orange,Green,Blue,Red"
6079,fine-tuned,"Red,Orange,Red,Green"
6080,fine-tuned,"Blue,Red,Green,Red"
6081,fine-tuned,"Yellow,Green,Orange,Blue,Orange,Blue"
6082,fine-tuned,"Yellow,Orange,Red,Green,Green"
6083,fine-tuned,"Green,Red,Green,Red,Orange"
6084,fine-tuned,"Purple,Blue,Orange,Green,Red,Green"
6085,fine-tuned,"Yellow,Blue,Green,Red,Green,Orange"
6086,fine-tuned,"Green,Red,Red,Orange,Green"
6087,fine-tuned,"Green,Red,Blue,Green,Red"
6088,fine-tuned,"Green,Orange,Blue,Green,Blue"
6089,fine-tuned,"Yellow,Orange,Green,Blue,Green,Blue"
6090,fine-tuned,"Red,Orange,Blue,Green,Blue"
6091,fine-tuned,"Blue,Green,Red,Orange"
6092,fine-tuned,"Blue,Red,Orange,Red,Blue"
6093,fine-tuned,"Yellow,Blue,Red,Green,Orange,Green"
6094,fine-tuned,"Blue,Green,Orange,Blue,Green"
6095,fine-tuned,"Green,Blue,Red,Red,Orange,Blue"
6096,fine-tuned,"Red,Orange,Green,Red,Blue"
6097,fine-tuned,"Red,Green,Orange,Orange"
6098,fine-tuned,"Green,Orange,Red,Orange,Blue"
6099,fine-tuned,"Red,Orange,Blue,Green"
6100,fine-tuned,"Green,Orange,Blue,Green"
6101,fine-tuned,"Orange,Blue,Red,Red,Blue"
6102,fine-tuned,"Yellow,Green,Green,Orange,Green,Green"
6103,fine-tuned,"Green,Red,Blue,Green"
6104,fine-tuned,"Red,Green,Orange,Blue,Red,Blue"
6105,fine-tuned,"Green,Red,Green,Orange"
6106,fine-tuned,"Orange,Red,Red,Blue,Orange,Red"
6107,fine-tuned,"Yellow,Blue,Green,Blue,Orange"
6108,fine-tuned,"Green,Red,Orange,Orange,Blue"
6109,fine-tuned,"Blue,Green,Orange,Red,Red,Orange"
6110,fine-tuned,"Green,Red,Blue,Green,Blue"
6111,fine-tuned,"Orange,Green,Blue,Green,Orange,Orange"
6112,fine-tuned,"Blue,Orange,Red,Green,Green,Red"
6113,fine-tuned,"Yellow,Green,Red,Blue,Orange"
6114,fine-tuned,"Blue,Red,Green,Red,Blue,Red"
6115,fine-tuned,"Green,Red,Blue,Blue,Red"
6116,fine-tuned,"Green,Blue,Orange,Red,Blue,Red"
6117,fine-tuned,"Orange,Green,Red,Blue,Orange,Blue"
6118,fine-tuned,"Yellow,Orange,Green,Red,Blue,Red"
6119,fine-tuned,"Blue,Yellow,Green,Orange,Red,Purple"
6120,fine-tuned,"Blue,Red,Green,Green,Orange"
6121,fine-tuned,"Red,Red,Orange,Green,Orange"
6122,fine-tuned,"Blue,Green,Red,Blue"
6123,fine-tuned,"Blue,Green,Red,Orange,Red,Green"
6124,fine-tuned,"Yellow,Blue,Green,Blue,Blue,Blue"
6125,fine-tuned,"Red,Orange,Green,Red,Red"
6126,fine-tuned,"Green,Red,Orange,Green"
6127,fine-tuned,"Orange,Red,Purple,Yellow,Purple,Orange"
6128,fine-tuned,"Green,Green,Orange,Green,Red,Orange"
6129,fine-tuned,"Blue,Green,Red,Orange,Green,Orange"
6130,fine-tuned,"Orange,Purple,Blue,Red,Green,Orange"
6131,fine-tuned,"Orange,Blue,Red,Green,Yellow,Purple"
6132,fine-tuned,"Yellow,Green,Red,Blue"
6133,fine-tuned,"Green,Red,Blue,Green"
6134,fine-tuned,"Green,Blue,Green,Orange,Red,Green"
6135,fine-tuned,"Green,Orange,Blue,Green"
6136,fine-tuned,"Blue,Green,Green,Orange,Green"
6137,fine-tuned,"Green,Green,Red,Orange,Red"
6138,fine-tuned,"Blue,Green,Green,Red,Orange"
6139,fine-tuned,"Blue,Orange,Blue,Red,Green"
6140,fine-tuned,"Blue,Blue,Green,Green,Orange"
6141,fine-tuned,"Blue,Red,Green,Green,Red"
6142,fine-tuned,"Orange,Blue,Green,Red,Green"
6143,fine-tuned,"Red,Orange,Blue,Green,Blue,Red"
6144,fine-tuned,"Orange,Green,Green,Red,Orange"
6145,fine-tuned,"Green,Blue,Red,Orange,Green"
6146,fine-tuned,"Orange,Blue,Blue,Orange,Green,Green"
6147,fine-tuned,"Yellow,Orange,Green,Red"
6148,fine-tuned,"Blue,Red,Red,Red,Red"
6149,fine-tuned,"Orange,Green,Red,Blue,Orange,Green"
6150,fine-tuned,"Green,Red,Blue,Green,Orange"
6151,fine-tuned,"Blue,Orange,Green,Red,Green"
6152,fine-tuned,"Blue,Green,Green,Blue,Red"
6153,fine-tuned,"Red,Blue,Green,Green,Red"
6154,fine-tuned,"Green,Blue,Blue,Red,Orange"
6155,fine-tuned,"Green,Red,Green,Orange,Blue,Green"
6156,fine-tuned,"Red,Green,Red,Blue,Orange"
6157,fine-tuned,"Red,Blue,Blue,Blue,Orange,Green"
6158,fine-tuned,"Red,Blue,Green"
6159,fine-tuned,"Green,Orange,Red,Red,Blue"
6160,fine-tuned,"Orange,Blue,Green,Blue,Green,Blue"
6161,fine-tuned,"Purple,Green,Blue,Orange,Orange"
6162,fine-tuned,"Orange,Green,Blue,Red,Green"
6163,fine-tuned,"Green,Orange"
6164,fine-tuned,"Green,Blue,Red,Green,Red,Orange"
6165,fine-tuned,"Yellow,Orange,Orange,Orange"
6166,fine-tuned,"Purple,Green,Orange,Red,Orange"
6167,fine-tuned,"Orange,Green,Red,Blue"
6168,fine-tuned,"Blue,Red,Red,Green,Orange,Red"
6169,fine-tuned,"Orange,Red,Green,Red,Blue"
6170,fine-tuned,"Red,Blue,Green,Blue,Orange"
6171,fine-tuned,"Red,Blue,Orange"
6172,fine-tuned,"Red,Green,Blue,Green,Blue"
6173,fine-tuned,"Green,Red,Red,Green,Red"
6174,fine-tuned,"Yellow,Green,Orange,Blue,Red,Orange"
6175,fine-tuned,"Red,Green,Red,Green"
6176,fine-tuned,"Blue,Red,Blue,Red,Green,Green"
6177,fine-tuned,"Yellow,Green,Green,Orange,Orange,Red"
6178,fine-tuned,"Blue,Red,Green,Red,Orange,Red"
6179,fine-tuned,"Orange,Green,Green,Red,Red,Red"
6180,fine-tuned,"Blue,Green,Orange,Green,Red,Red"
6181,fine-tuned,"Yellow,Green,Orange,Green,Orange"
6182,fine-tuned,"Red,Orange,Red,Orange"
6183,fine-tuned,"Green,Orange,Blue,Orange,Red"
6184,fine-tuned,"Red,Orange,Red,Blue"
6185,fine-tuned,"Green,Red,Red,Orange,Red,Orange"
6186,fine-tuned,"Blue,Red,Blue"
6187,fine-tuned,"Red,Blue,Orange,Green,Green,Red"
6188,fine-tuned,"Purple,Red,Orange,Green"
6189,fine-tuned,"Orange,Blue,Red,Green,Purple,Green"
6190,fine-tuned,"Yellow,Blue,Green,Orange,Red,Blue"
6191,fine-tuned,"Green,Blue,Orange,Red,Blue,Blue"
6192,fine-tuned,"Yellow,Green,Orange,Red,Blue,Green"
6193,fine-tuned,"Orange,Blue,Green,Red,Red"
6194,fine-tuned,"Orange,Green,Red,Green,Red"
6195,fine-tuned,"Blue,Green,Orange,Red,Red,Red"
6196,fine-tuned,"Red,Green,Blue,Red,Orange"
6197,fine-tuned,"Red,Blue,Orange,Green,Blue,Green"
6198,fine-tuned,"Yellow,Blue,Orange,Orange,Green,Green"
6199,fine-tuned,"Red,Blue,Green,Orange,Orange,Green"
6200,fine-tuned,"Green,Blue,Red,Blue,Orange,Orange"
6201,fine-tuned,"Blue,Orange,Blue,Green,Blue,Green"
6202,fine-tuned,"Yellow,Green,Red,Green,Orange,Blue"
6203,fine-tuned,"Blue,Orange,Blue,Red,Green"
6204,fine-tuned,"Orange,Blue,Green,Red,Green"
6205,fine-tuned,"Red,Green,Orange,Green,Orange"
6206,fine-tuned,"Yellow,Orange,Blue,Blue,Orange,Purple"
6207,fine-tuned,"Blue,Blue,Red"
6208,fine-tuned,"Red,Blue,Orange,Green"
6209,fine-tuned,"Red,Green,Blue,Green,Red"
6210,fine-tuned,"Purple,Blue,Green,Blue,Red,Red"
6211,fine-tuned,"Purple,Green,Green,Green,Blue"
6212,fine-tuned,"Blue,Green,Orange,Red,Green"
6213,fine-tuned,"Red,Blue,Blue,Red,Orange"
6214,fine-tuned,"Red,Orange,Blue"
6215,fine-tuned,"Yellow,Orange,Red,Green"
6216,fine-tuned,"Green,Blue,Red,Blue,Red,Orange"
6217,fine-tuned,"Purple,Red,Blue,Red,Blue,Orange"
6218,fine-tuned,"Blue,Red,Orange,Red,Green"
6219,fine-tuned,"Orange,Blue,Green,Green,Red,Purple"
6220,fine-tuned,"Orange,Blue,Red,Green,Purple,Yellow"
6221,fine-tuned,"Green,Orange,Orange,Red"
6222,fine-tuned,"Yellow,Red,Blue,Red"
6223,fine-tuned,"Blue,Red,Red,Red,Green"
6224,fine-tuned,"Green,Blue,Blue,Red,Red"
6225,fine-tuned,"Blue,Orange,Green,Red,Blue,Red"
6226,fine-tuned,"Red,Green,Red,Red,Orange,Red"
6227,fine-tuned,"Blue,Red,Red,Orange,Red,Orange"
6228,fine-tuned,"Green,Orange,Red,Orange,Green"
6229,fine-tuned,"Yellow,Red,Blue,Orange,Red,Orange"
6230,fine-tuned,"Red,Green,Orange,Orange,Blue"
6231,fine-tuned,"Orange,Green,Blue,Green,Red"
6232,fine-tuned,"Red,Green,Blue,Orange,Green"
6233,fine-tuned,"Green,Blue,Orange,Green,Blue,Orange"
6234,fine-tuned,"Purple,Green,Orange"
6235,fine-tuned,"Red,Orange,Red,Blue,Orange"
6236,fine-tuned,"Purple,Green,Blue,Blue,Green,Red"
6237,fine-tuned,"Orange,Blue,Red,Orange"
6238,fine-tuned,"Purple,Orange,Blue,Green,Red"
6239,fine-tuned,"Orange,Blue,Red,Blue,Green,Red"
6240,fine-tuned,"Blue,Red,Green,Green,Green,Orange"
6241,fine-tuned,"Green,Blue,Blue,Red,Red,Green"
6242,fine-tuned,"Red,Green,Orange,Orange,Blue"
6243,fine-tuned,"Green,Orange,Orange,Blue,Blue"
6244,fine-tuned,"Green,Red,Blue,Blue"
6245,fine-tuned,"Yellow,Blue,Red,Green,Red"
6246,fine-tuned,"Red,Orange,Green,Blue,Green"
6247,fine-tuned,"Blue,Blue,Green"
6248,fine-tuned,"Purple,Green,Orange"
6249,fine-tuned,"Yellow,Red,Green,Blue,Red"
6250,fine-tuned,"Blue,Red,Green,Blue"
6251,fine-tuned,"Red,Blue,Blue,Green,Green,Blue"
6252,fine-tuned,"Yellow,Orange"
6253,fine-tuned,"Green,Blue,Orange,Red,Green"
6254,fine-tuned,"Yellow,Green,Orange,Blue,Red,Blue"
6255,fine-tuned,"Purple,Orange,Red,Blue,Red,Green"
6256,fine-tuned,"Yellow,Green,Red,Orange,Green,Green"
6257,fine-tuned,"Red,Red,Red,Orange,Blue,Red"
6258,fine-tuned,"Green,Red,Green,Blue,Orange,Red"
6259,fine-tuned,"Yellow,Blue,Green,Green,Red"
6260,fine-tuned,"Blue,Red,Red,Red"
6261,fine-tuned,"Orange,Blue,Yellow,Blue,Purple,Green"
6262,fine-tuned,"Red,Blue,Red,Green,Red"
6263,fine-tuned,"Yellow,Red,Green,Red,Green,Red"
6264,fine-tuned,"Orange,Green,Orange,Green"
6265,fine-tuned,"Blue,Red,Green,Red,Red"
6266,fine-tuned,"Orange,Purple,Green,Blue,Orange,Yellow"
6267,fine-tuned,"Red,Green,Green,Red,Blue,Orange"
6268,fine-tuned,"Red,Orange,Green"
6269,fine-tuned,"Red,Blue,Green"
6270,fine-tuned,"Yellow,Orange,Green,Orange,Green,Orange"
6271,fine-tuned,"Blue,Orange,Blue,Green,Green"
6272,fine-tuned,"Red,Orange,Green,Blue,Green,Orange"
6273,fine-tuned,"Yellow,Orange,Red,Blue,Red,Green"
6274,fine-tuned,"Purple,Green,Orange,Blue"
6275,fine-tuned,"Red,Blue,Green,Blue,Red"
6276,fine-tuned,"Green,Purple,Blue,Orange,Red,Blue"
6277,fine-tuned,"Purple,Green,Blue,Red,Orange"
6278,fine-tuned,"Blue,Orange,Green,Blue,Red,Green"
6279,fine-tuned,"Yellow,Red,Blue,Orange,Red"
6280,fine-tuned,"Blue,Orange,Orange,Red,Green,Green"
6281,fine-tuned,"Purple,Red,Orange,Blue,Red"
6282,fine-tuned,"Red,Orange,Blue,Green,Red"
6283,fine-tuned,"Purple,Red,Green,Orange,Green,Orange"
6284,fine-tuned,"Yellow,Blue,Green,Green,Blue"
6285,fine-tuned,"Orange,Red,Red,Orange"
6286,fine-tuned,"Green,Orange,Green,Orange,Blue"
6287,fine-tuned,"Blue,Red,Green,Orange"
6288,fine-tuned,"Purple,Blue,Blue,Orange,Green"
6289,fine-tuned,"Green,Red,Red,Green,Orange"
6290,fine-tuned,"Green,Red,Red,Blue,Orange,Green"
6291,fine-tuned,"Green,Red,Blue,Blue,Red"
6292,fine-tuned,"Green,Red,Blue,Orange"
6293,fine-tuned,"Green,Red,Orange,Blue,Blue,Red"
6294,fine-tuned,"Yellow,Blue,Orange,Red,Orange"
6295,fine-tuned,"Blue,Orange,Green,Blue,Red,Red"
6296,fine-tuned,"Red,Green,Blue,Orange,Green,Green"
6297,fine-tuned,"Green,Blue,Red,Orange,Red,Green"
6298,fine-tuned,"Red,Green,Orange,Blue,Red"
6299,fine-tuned,"Blue,Red"
6300,fine-tuned,"Orange,Green,Red,Red,Orange"
6301,fine-tuned,"Yellow,Red,Green,Green,Red,Red"
6302,fine-tuned,"Red,Blue,Green,Red"
6303,fine-tuned,"Green,Orange,Blue,Green,Blue"
6304,fine-tuned,"Green,Red,Blue,Orange,Blue,Orange"
6305,fine-tuned,"Blue,Green,Green,Red,Orange"
6306,fine-tuned,"Blue,Green,Green,Orange"
6307,fine-tuned,"Yellow,Blue,Green,Green,Red,Red"
6308,fine-tuned,"Purple,Blue,Red,Blue,Green,Green"
6309,fine-tuned,"Blue,Green,Red"
6310,fine-tuned,"Orange,Blue,Red,Blue,Green,Green"
6311,fine-tuned,"Orange,Green,Red,Blue,Red,Yellow"
6312,fine-tuned,"Blue,Red,Green,Orange,Blue"
6313,fine-tuned,"Blue,Green,Blue,Blue,Red"
6314,fine-tuned,"Blue,Red,Orange,Green,Blue"
6315,fine-tuned,"Green,Red,Blue"
6316,fine-tuned,"Orange,Green,Red,Red,Green"
6317,fine-tuned,"Blue,Red,Green,Blue,Red"
6318,fine-tuned,"Yellow,Green,Blue,Blue,Red,Red"
6319,fine-tuned,"Yellow,Green,Red,Red,Blue,Orange"
6320,fine-tuned,"Blue,Green,Orange,Red,Blue"
6321,fine-tuned,"Red,Orange,Green,Red,Blue"
6322,fine-tuned,"Red,Green,Green"
6323,fine-tuned,"Red,Blue,Blue,Green"
6324,fine-tuned,"Orange,Blue,Red,Red"
6325,fine-tuned,"Yellow,Green,Red"
6326,fine-tuned,"Purple,Green,Orange,Red,Orange"
6327,fine-tuned,"Red,Red,Green,Orange,Orange,Green"
6328,fine-tuned,"Purple,Orange,Green"
6329,fine-tuned,"Yellow,Blue,Red,Red,Blue,Red"
6330,fine-tuned,"Blue,Red,Green,Green,Blue"
6331,fine-tuned,"Blue,Green,Red,Red,Orange,Blue"
6332,fine-tuned,"Green,Red,Orange"
6333,fine-tuned,"Blue,Green,Green,Purple,Red,Blue"
6334,fine-tuned,"Red,Orange,Green,Orange"
6335,fine-tuned,"Yellow,Orange,Blue,Red,Green,Red"
6336,fine-tuned,"Orange,Blue,Purple,Yellow,Purple,Yellow"
6337,fine-tuned,"Orange,Green,Red,Red,Orange"
6338,fine-tuned,"Blue,Orange,Green,Red,Red"
6339,fine-tuned,"Purple,Green,Orange,Blue,Green"
6340,fine-tuned,"Red,Orange,Blue,Orange,Red"
6341,fine-tuned,"Green,Green,Blue,Red,Red"
6342,fine-tuned,"Yellow,Orange,Blue,Green,Blue,Red"
6343,fine-tuned,"Orange,Blue,Green,Red,Blue,Blue"
6344,fine-tuned,"Blue,Orange,Green"
6345,fine-tuned,"Yellow,Green,Orange"
6346,fine-tuned,"Red,Green,Orange,Green,Red"
6347,fine-tuned,"Red,Green,Orange,Blue"
6348,fine-tuned,"Red,Orange,Green,Red,Blue"
6349,fine-tuned,"Blue,Green,Blue,Orange"
6350,fine-tuned,"Orange,Green,Blue,Orange,Red,Green"
6351,fine-tuned,"Yellow,Green,Orange,Blue,Red,Red"
6352,fine-tuned,"Red,Green,Orange,Orange,Green"
6353,fine-tuned,"Blue,Orange,Green,Red,Red"
6354,fine-tuned,"Yellow,Orange,Red,Blue,Red,Blue"
6355,fine-tuned,"Blue,Orange,Red,Green"
6356,fine-tuned,"Blue,Orange,Green,Red,Green"
6357,fine-tuned,"Blue,Green,Green,Orange,Orange"
6358,fine-tuned,"Blue,Green,Blue,Green,Blue,Green"
6359,fine-tuned,"Green,Orange,Red,Green"
6360,fine-tuned,"Blue,Red,Red,Green,Green"
6361,fine-tuned,"Orange,Red,Green,Purple,Green,Yellow"
6362,fine-tuned,"Yellow,Orange,Blue,Red,Green"
6363,fine-tuned,"Red,Green,Blue,Red,Red,Blue"
6364,fine-tuned,"Orange,Red,Red,Blue,Green,Orange"
6365,fine-tuned,"Orange,Blue,Green,Blue"
6366,fine-tuned,"Blue,Orange,Red,Orange,Red"
6367,fine-tuned,"Blue,Blue,Green,Orange"
6368,fine-tuned,"Green,Orange,Red,Red,Blue"
6369,fine-tuned,"Yellow,Green,Blue,Red"
6370,fine-tuned,"Purple,Green,Orange,Red,Green"
6371,fine-tuned,"Red,Green,Red,Orange,Red"
6372,fine-tuned,"Red,Green,Blue,Green,Red,Red"
6373,fine-tuned,"Purple,Blue,Red,Red,Green"
6374,fine-tuned,"Green,Red,Blue,Blue,Blue,Red"
6375,fine-tuned,"Red,Blue,Blue,Orange,Blue"
6376,fine-tuned,"Yellow,Green,Blue,Blue,Orange"
6377,fine-tuned,"Blue,Red,Green,Red"
6378,fine-tuned,"Purple,Green,Red,Blue,Red"
6379,fine-tuned,"Yellow,Red,Red,Blue,Red,Blue"
6380,fine-tuned,"Green,Blue,Red,Green,Blue"
6381,fine-tuned,"Purple,Green,Orange,Orange,Orange,Green"
6382,fine-tuned,"Green,Orange,Red,Blue,Red,Red"
6383,fine-tuned,"Blue,Red,Red"
6384,fine-tuned,"Orange,Yellow,Green,Red,Purple,Red"
6385,fine-tuned,"Green,Red,Red,Blue"
6386,fine-tuned,"Red,Orange,Blue,Green"
6387,fine-tuned,"Blue,Orange,Green,Green,Blue"
6388,fine-tuned,"Blue,Orange,Green,Red"
6389,fine-tuned,"Yellow,Blue,Green,Blue,Red,Red"
6390,fine-tuned,"Yellow,Blue,Orange,Blue,Red,Blue"
6391,fine-tuned,"Red,Blue,Green,Orange,Blue,Green"
6392,fine-tuned,"Orange,Green,Red,Green,Blue,Green"
6393,fine-tuned,"Blue,Green,Blue,Green"
6394,fine-tuned,"Green,Red,Orange,Blue,Red"
6395,fine-tuned,"Orange,Blue,Green,Red,Green"
6396,fine-tuned,"Red,Green,Red,Orange"
6397,fine-tuned,"Green,Red,Orange,Blue,Green"
6398,fine-tuned,"Purple,Blue,Red,Green,Orange,Blue"
6399,fine-tuned,"Blue,Orange,Red,Red,Green,Orange"
6400,fine-tuned,"Red,Green,Blue,Green,Red,Orange"
6401,fine-tuned,"Red,Red,Green,Green"
6402,fine-tuned,"Orange,Purple,Blue,Blue,Red,Green"
6403,fine-tuned,"Blue,Orange,Orange,Blue,Green"
6404,fine-tuned,"Red,Red,Green,Blue,Red,Red"
6405,fine-tuned,"Red,Green,Green,Orange,Blue,Green"
6406,fine-tuned,"Green,Blue,Orange,Orange,Red,Blue"
6407,fine-tuned,"Yellow,Red,Red,Green,Red,Blue"
6408,fine-tuned,"Green,Red,Blue,Red,Blue"
6409,fine-tuned,"Orange,Red,Blue,Red,Green,Green"
6410,fine-tuned,"Red,Orange,Blue,Red,Green,Red"
6411,fine-tuned,"Blue,Green,Blue,Green,Red,Red"
6412,fine-tuned,"Blue,Green,Blue,Green,Red"
6413,fine-tuned,"Orange,Blue,Green,Blue,Orange"
6414,fine-tuned,"Red,Orange,Red,Red,Green,Blue"
6415,fine-tuned,"Yellow,Green,Red,Red,Blue,Blue"
6416,fine-tuned,"Blue,Red,Red,Orange,Red"
6417,fine-tuned,"Red,Green,Blue,Blue,Red,Green"
6418,fine-tuned,"Green,Red,Blue,Orange,Blue,Green"
6419,fine-tuned,"Red,Green,Blue,Green,Red,Blue"
6420,fine-tuned,"Yellow,Green,Red,Orange,Blue,Red"
6421,fine-tuned,"Red,Green,Blue,Orange,Red,Blue"
6422,fine-tuned,"Green,Blue,Orange,Red,Red,Blue"
6423,fine-tuned,"Red,Orange,Green,Red,Green"
6424,fine-tuned,"Green,Blue,Red,Green,Orange"
6425,fine-tuned,"Blue,Orange,Red"
6426,fine-tuned,"Purple,Orange,Orange,Red,Blue,Green"
6427,fine-tuned,"Yellow,Blue,Green,Green,Red,Orange"
6428,fine-tuned,"Blue,Green,Red,Red,Red,Orange"
6429,fine-tuned,"Red,Blue,Orange,Green,Green"
6430,fine-tuned,"Purple,Green,Blue,Red,Orange"
6431,fine-tuned,"Blue,Blue,Orange,Green"
6432,fine-tuned,"Blue,Orange,Red,Blue,Red"
6433,fine-tuned,"Orange,Red,Red,Blue,Red,Green"
6434,fine-tuned,"Blue,Orange,Green,Blue,Red,Green"
6435,fine-tuned,"Blue,Orange,Green,Red,Red"
6436,fine-tuned,"Red,Blue,Red,Green,Red,Green"
6437,fine-tuned,"Blue,Green,Orange,Red,Green,Blue"
6438,fine-tuned,"Orange,Green,Blue,Red,Green,Red"
6439,fine-tuned,"Yellow,Red,Blue,Red,Blue"
6440,fine-tuned,"Red,Blue,Green,Green,Orange"
6441,fine-tuned,"Red,Green,Blue,Blue,Red"
6442,fine-tuned,"Blue,Green,Orange,Green,Green"
6443,fine-tuned,"Red,Blue,Blue,Red"
6444,fine-tuned,"Red,Green,Blue,Orange,Blue"
6445,fine-tuned,"Green,Blue,Red,Orange,Blue"
6446,fine-tuned,"Red,Orange,Green"
6447,fine-tuned,"Orange,Red,Blue,Red,Blue,Green"
6448,fine-tuned,"Green,Blue,Red,Green,Orange,Red"
6449,fine-tuned,"Yellow,Orange,Blue,Green,Blue"
6450,fine-tuned,"Red,Green,Blue,Green,Green,Red"
6451,fine-tuned,"Orange,Blue,Green,Green,Red,Blue"
6452,fine-tuned,"Green,Blue,Green,Blue,Green,Blue"
6453,fine-tuned,"Yellow,Orange,Blue,Red,Green"
6454,fine-tuned,"Yellow,Blue,Orange,Green,Blue,Red"
6455,fine-tuned,"Green,Blue,Red,Red"
6456,fine-tuned,"Green,Orange,Blue,Red,Blue,Orange"
6457,fine-tuned,"Orange,Blue,Green,Blue,Green,Blue"
6458,fine-tuned,"Yellow,Red,Green,Red,Blue"
6459,fine-tuned,"Red,Blue,Orange,Green,Red,Orange"
6460,fine-tuned,"Red,Green,Blue,Red"
6461,fine-tuned,"Yellow,Green,Purple,Red,Blue,Orange"
6462,fine-tuned,"Green,Blue,Orange,Blue,Green"
6463,fine-tuned,"Blue,Blue,Blue,Red,Red,Blue"
6464,fine-tuned,"Orange,Blue,Green,Green,Blue,Red"
6465,fine-tuned,"Green,Blue,Blue"
6466,fine-tuned,"Blue,Green,Red,Orange"
6467,fine-tuned,"Purple,Red,Red,Orange,Green"
6468,fine-tuned,"Red,Green,Blue,Red,Green"
6469,fine-tuned,"Yellow,Blue,Green,Green,Orange"
6470,fine-tuned,"Green,Red,Red,Red,Blue"
6471,fine-tuned,"Purple,Green,Red,Orange,Red,Red"
6472,fine-tuned,"Orange,Yellow,Purple,Green,Blue,Yellow"
6473,fine-tuned,"Red,Orange,Blue,Green,Orange,Red"
6474,fine-tuned,"Blue,Green,Green,Red,Green,Red"
6475,fine-tuned,"Green,Red,Blue,Orange"
6476,fine-tuned,"Red,Blue,Orange,Green,Red"
6477,fine-tuned,"Blue,Green,Red,Green,Orange"
6478,fine-tuned,"Yellow,Orange,Green,Blue,Blue,Red"
6479,fine-tuned,"Blue,Red,Orange,Green,Red"
6480,fine-tuned,"Green,Blue,Orange,Red,Blue"
6481,fine-tuned,"Red,Orange,Green,Blue"
6482,fine-tuned,"Green,Blue,Orange,Red"
6483,fine-tuned,"Red,Blue,Orange,Blue,Red"
6484,fine-tuned,"Blue,Orange,Green,Red"
6485,fine-tuned,"Green,Blue,Orange,Red,Green,Green"
6486,fine-tuned,"Orange,Green,Red,Red,Blue,Red"
6487,fine-tuned,"Green,Red,Orange,Orange,Red"
6488,fine-tuned,"Orange,Blue,Purple,Green,Blue,Red"
6489,fine-tuned,"Yellow,Green,Red,Purple,Blue,Red"
6490,fine-tuned,"Red,Green,Orange,Red"
6491,fine-tuned,"Green,Red,Red,Orange,Green"
6492,fine-tuned,"Blue,Orange,Red,Green,Orange,Blue"
6493,fine-tuned,"Blue,Green,Green,Green,Orange"
6494,fine-tuned,"Yellow,Green,Orange,Red,Blue,Red"
6495,fine-tuned,"Purple,Orange,Blue,Orange,Blue,Red"
6496,fine-tuned,"Purple,Red,Green,Orange,Blue,Blue"
6497,fine-tuned,"Red,Orange,Red,Blue,Orange"
6498,fine-tuned,"Red,Orange,Green,Blue,Green,Red"
6499,fine-tuned,"Blue,Red,Green,Orange,Red,Blue"
6500,fine-tuned,"Green,Blue,Green,Blue,Orange"
6501,fine-tuned,"Green,Red,Red,Blue,Green"
6502,fine-tuned,"Blue,Orange,Green,Green,Red"
6503,fine-tuned,"Blue,Orange,Red,Red,Red"
6504,fine-tuned,"Yellow,Blue,Orange,Blue,Green"
6505,fine-tuned,"Blue,Red,Green,Orange,Red,Green"
6506,fine-tuned,"Red,Blue,Green,Green,Red,Blue"
6507,fine-tuned,"Yellow,Orange,Green,Red,Blue,Red"
6508,fine-tuned,"Purple,Blue,Green,Red,Green"
6509,fine-tuned,"Blue,Orange,Red,Blue,Green,Green"
6510,fine-tuned,"Yellow,Blue,Green,Blue,Red"
6511,fine-tuned,"Red,Orange"
6512,fine-tuned,"Yellow,Orange,Blue,Blue,Red"
6513,fine-tuned,"Green,Orange,Blue,Red,Blue,Green"
6514,fine-tuned,"Blue,Red,Orange,Red,Orange"
6515,fine-tuned,"Orange,Blue,Green,Orange,Yellow,Blue"
6516,fine-tuned,"Purple,Green,Blue,Blue,Red"
6517,fine-tuned,"Yellow,Green,Blue,Orange,Red,Blue"
6518,fine-tuned,"Orange,Red,Green,Red,Orange"
6519,fine-tuned,"Green,Blue,Orange,Blue,Red"
6520,fine-tuned,"Red,Red,Orange,Red,Blue"
6521,fine-tuned,"Blue,Orange,Red,Green"
6522,fine-tuned,"Blue,Blue,Orange,Green,Green,Orange"
6523,fine-tuned,"Red,Orange,Green,Red,Orange,Blue"
6524,fine-tuned,"Blue,Orange,Green,Blue,Red"
6525,fine-tuned,"Green,Red,Orange,Orange,Blue"
6526,fine-tuned,"Green,Orange,Red,Blue"
6527,fine-tuned,"Yellow,Green,Blue,Orange,Red"
6528,fine-tuned,"Yellow,Orange,Red,Red,Green"
6529,fine-tuned,"Blue,Green,Green,Orange"
6530,fine-tuned,"Blue,Red,Orange,Green,Green,Blue"
6531,fine-tuned,"Green,Purple,Yellow,Blue,Purple,Green"
6532,fine-tuned,"Orange,Blue,Green,Blue,Red,Green"
6533,fine-tuned,"Red,Orange,Blue,Green,Blue"
6534,fine-tuned,"Purple,Blue,Red,Green,Orange,Red"
6535,fine-tuned,"Green,Red,Orange,Blue,Green"
6536,fine-tuned,"Blue,Green,Green,Blue,Orange,Red"
6537,fine-tuned,"Yellow,Orange,Red,Blue,Orange,Green"
6538,fine-tuned,"Green,Red,Orange,Blue"
6539,fine-tuned,"Blue,Orange,Red,Green,Red,Green"
6540,fine-tuned,"Purple,Green,Blue,Green,Red,Red"
6541,fine-tuned,"Green,Orange,Red,Blue"
6542,fine-tuned,"Orange,Green,Blue,Orange"
6543,fine-tuned,"Red,Green,Red,Red,Blue"
6544,fine-tuned,"Orange,Green,Red"
6545,fine-tuned,"Yellow,Orange,Red,Orange,Green,Blue"
6546,fine-tuned,"Orange,Yellow,Green,Blue,Green,Red"
6547,fine-tuned,"Blue,Red,Blue,Orange,Red,Blue"
6548,fine-tuned,"Green,Red,Orange"
6549,fine-tuned,"Yellow,Red,Orange,Green,Red,Blue"
6550,fine-tuned,"Purple,Blue,Green,Blue,Blue"
6551,fine-tuned,"Purple,Orange,Blue,Green"
6552,fine-tuned,"Blue,Red,Orange,Green,Green"
6553,fine-tuned,"Orange,Green,Blue,Blue,Green"
6554,fine-tuned,"Red,Orange,Blue,Blue"
6555,fine-tuned,"Red,Green,Blue,Blue,Red,Red"
6556,fine-tuned,"Blue,Red,Orange,Green,Red,Blue"
6557,fine-tuned,"Blue,Green,Orange,Red,Green"
6558,fine-tuned,"Green,Orange,Blue,Green,Blue"
6559,fine-tuned,"Yellow,Blue,Orange,Blue,Green,Red"
6560,fine-tuned,"Green,Red,Red,Green,Red"
6561,fine-tuned,"Orange,Green,Green,Red"
6562,fine-tuned,"Green,Orange,Green,Blue,Orange"
6563,fine-tuned,"Blue,Green,Red,Red,Red"
6564,fine-tuned,"Orange,Green,Blue,Green,Red"
6565,fine-tuned,"Green,Red,Orange,Blue,Red"
6566,fine-tuned,"Orange,Green,Red,Blue,Red"
6567,fine-tuned,"Red,Green,Blue,Green,Red"
6568,fine-tuned,"Red,Blue,Orange,Red,Blue"
6569,fine-tuned,"Purple,Green,Blue,Red,Blue"
6570,fine-tuned,"Green,Orange,Red,Blue,Green"
6571,fine-tuned,"Purple,Orange,Blue,Red"
6572,fine-tuned,"Green,Orange,Red,Blue,Red"
6573,fine-tuned,"Orange,Green,Red,Yellow,Blue,Purple"
6574,fine-tuned,"Blue,Red,Orange,Green,Green,Red"
6575,fine-tuned,"Blue,Orange,Green,Orange,Red,Red"
6576,fine-tuned,"Red,Green,Blue,Red,Green,Green"
6577,fine-tuned,"Blue,Orange,Green,Red"
6578,fine-tuned,"Yellow,Blue,Green,Orange,Green,Red"
6579,fine-tuned,"Red,Orange,Red,Green"
6580,fine-tuned,"Red,Blue,Blue,Green,Green,Blue"
6581,fine-tuned,"Blue,Green,Red,Orange,Red"
6582,fine-tuned,"Yellow,Blue,Red,Green,Green,Red"
6583,fine-tuned,"Blue,Orange,Red,Orange,Red"
6584,fine-tuned,"Blue,Red,Green,Blue,Green,Red"
6585,fine-tuned,"Red,Blue,Orange,Red,Green,Red"
6586,fine-tuned,"Purple,Green,Orange,Red,Blue,Blue"
6587,fine-tuned,"Green,Red,Green,Orange"
6588,fine-tuned,"Red,Blue,Green,Green,Blue,Blue"
6589,fine-tuned,"Yellow,Orange,Red,Red,Green"
6590,fine-tuned,"Blue,Orange,Green,Green,Red"
6591,fine-tuned,"Red,Blue,Green,Red,Orange,Blue"
6592,fine-tuned,"Green,Blue,Orange,Blue,Blue,Green"
6593,fine-tuned,"Red,Orange,Green,Red,Green,Blue"
6594,fine-tuned,"Orange,Red,Green"
6595,fine-tuned,"Green,Red,Green"
6596,fine-tuned,"Red,Blue,Red,Green"
6597,fine-tuned,"Green,Blue,Orange,Orange,Green"
6598,fine-tuned,"Blue,Green,Red,Red,Green,Blue"
6599,fine-tuned,"Blue,Orange,Green,Red,Red"
6600,fine-tuned,"Red,Green,Green,Red,Blue"
6601,fine-tuned,"Red,Green,Green,Blue,Green"
6602,fine-tuned,"Yellow,Red,Orange,Red,Blue,Red"
6603,fine-tuned,"Blue,Green,Orange,Red,Red,Orange"
6604,fine-tuned,"Blue,Green,Green"
6605,fine-tuned,"Red,Green,Green,Blue,Green,Green"
6606,fine-tuned,"Blue,Green,Red,Purple,Yellow,Orange"
6607,fine-tuned,"Red,Green,Green,Red,Blue,Orange"
6608,fine-tuned,"Orange,Blue,Green,Red,Blue"
6609,fine-tuned,"Green,Orange,Red,Red,Green"
6610,fine-tuned,"Yellow,Green,Purple,Green,Yellow,Orange"
6611,fine-tuned,"Blue,Green,Red,Orange,Orange"
6612,fine-tuned,"Red,Blue,Green,Orange,Blue"
6613,fine-tuned,"Purple,Green,Red,Blue,Red"
6614,fine-tuned,"Green,Red,Orange,Blue,Blue,Green"
6615,fine-tuned,"Yellow,Orange,Green,Orange,Blue,Orange"
6616,fine-tuned,"Green,Orange,Red"
6617,fine-tuned,"Orange,Green,Blue,Blue"
6618,fine-tuned,"Purple,Orange,Blue,Blue"
6619,fine-tuned,"Green,Red,Red,Orange,Red"
6620,fine-tuned,"Blue,Red,Green,Green,Blue,Red"
6621,fine-tuned,"Red,Red,Orange,Red,Green,Orange"
6622,fine-tuned,"Purple,Green,Red,Yellow,Green,Blue"
6623,fine-tuned,"Purple,Green,Blue,Blue,Blue"
6624,fine-tuned,"Red,Blue,Blue"
6625,fine-tuned,"Yellow,Blue,Orange,Red,Green,Red"
6626,fine-tuned,"Blue,Orange,Red,Green,Green"
6627,fine-tuned,"Orange,Red,Green,Green,Red,Red"
6628,fine-tuned,"Blue,Orange,Blue,Red"
6629,fine-tuned,"Blue,Red,Red,Orange,Green"
6630,fine-tuned,"Blue,Blue,Red,Green"
6631,fine-tuned,"Green,Green,Orange,Blue"
6632,fine-tuned,"Yellow,Green,Orange,Blue,Green"
6633,fine-tuned,"Red,Orange,Green"
6634,fine-tuned,"Blue,Green,Green,Red,Green"
6635,fine-tuned,"Blue,Red,Red,Green,Red,Orange"
6636,fine-tuned,"Red,Blue,Blue,Green,Green,Red"
6637,fine-tuned,"Green,Red,Blue,Green,Orange"
6638,fine-tuned,"Yellow,Blue,Orange,Blue,Green,Orange"
6639,fine-tuned,"Blue,Orange,Green,Green"
6640,fine-tuned,"Blue,Red,Orange,Blue"
6641,fine-tuned,"Green,Red,Green,Orange,Orange"
6642,fine-tuned,"Red,Orange,Green,Blue,Red,Blue"
6643,fine-tuned,"Yellow,Red,Red,Blue,Green,Red"
6644,fine-tuned,"Blue,Green,Green,Orange"
6645,fine-tuned,"Red,Blue,Green,Green"
6646,fine-tuned,"Red,Blue,Orange,Red,Blue"
6647,fine-tuned,"Green,Orange,Blue,Red"
6648,fine-tuned,"Orange,Blue,Blue,Red,Red,Green"
6649,fine-tuned,"Yellow,Green,Blue,Red,Red,Orange"
6650,fine-tuned,"Purple,Orange,Blue,Blue,Red,Orange"
6651,fine-tuned,"Orange,Red,Green,Green"
6652,fine-tuned,"Red,Blue,Blue,Orange,Red,Green"
6653,fine-tuned,"Green,Red,Blue,Red"
6654,fine-tuned,"Blue,Red,Green,Green,Orange,Blue"
6655,fine-tuned,"Blue,Orange,Red,Green,Red"
6656,fine-tuned,"Red,Blue,Red,Green,Green"
6657,fine-tuned,"Blue,Green,Green"
6658,fine-tuned,"Orange,Red,Yellow,Orange,Green,Blue"
6659,fine-tuned,"Yellow,Red,Blue,Green,Green"
6660,fine-tuned,"Green,Red,Green,Blue,Red,Blue"
6661,fine-tuned,"Yellow,Orange,Red,Green,Green,Orange"
6662,fine-tuned,"Yellow,Red,Blue,Red,Red,Orange"
6663,fine-tuned,"Orange,Purple,Blue,Red,Blue,Purple"
6664,fine-tuned,"Yellow,Blue,Red,Green,Red,Green"
6665,fine-tuned,"Red,Orange,Green,Orange"
6666,fine-tuned,"Yellow,Orange,Green"
6667,fine-tuned,"Blue,Green,Red,Red,Red,Orange"
6668,fine-tuned,"Yellow,Red,Orange,Green,Red,Orange"
6669,fine-tuned,"Blue,Green,Red,Green,Red"
6670,fine-tuned,"Red,Blue,Blue,Green"
6671,fine-tuned,"Red,Orange,Green,Blue,Orange,Blue"
6672,fine-tuned,"Green,Blue,Green,Green"
6673,fine-tuned,"Red,Blue,Orange,Green"
6674,fine-tuned,"Purple,Green,Red,Red,Blue"
6675,fine-tuned,"Yellow,Green,Orange,Green,Blue"
6676,fine-tuned,"Yellow,Orange,Green,Green,Red,Red"
6677,fine-tuned,"Purple,Green,Blue,Green,Red,Orange"
6678,fine-tuned,"Blue,Orange,Green,Orange"
6679,fine-tuned,"Red,Blue,Green"
6680,fine-tuned,"Blue,Orange,Blue,Red,Orange"
6681,fine-tuned,"Green,Orange,Orange"
6682,fine-tuned,"Blue,Red,Red,Red,Green,Red"
6683,fine-tuned,"Yellow,Red,Blue,Orange,Blue,Green"
6684,fine-tuned,"Green,Blue,Orange,Green,Red,Green"
6685,fine-tuned,"Orange,Red,Red,Red,Blue,Blue"
6686,fine-tuned,"Purple,Blue,Green,Red,Orange,Red"
6687,fine-tuned,"Orange,Red,Blue,Yellow,Red,Blue"
6688,fine-tuned,"Orange,Blue,Red,Orange"
6689,fine-tuned,"Orange,Red,Red,Blue,Green,Green"
6690,fine-tuned,"Orange,Blue,Red,Green,Blue"
6691,fine-tuned,"Blue,Red,Red,Orange,Green"
6692,fine-tuned,"Red,Blue,Green,Blue,Red,Green"
6693,fine-tuned,"Yellow,Blue,Green,Red,Orange,Green"
6694,fine-tuned,"Red,Green,Blue,Blue"
6695,fine-tuned,"Purple,Green,Blue,Orange,Red"
6696,fine-tuned,"Red,Green,Blue,Blue,Red,Red"
6697,fine-tuned,"Green,Orange,Orange,Red,Blue"
6698,fine-tuned,"Green,Red,Red,Orange,Orange,Green"
6699,fine-tuned,"Yellow,Green,Orange,Red,Blue"
6700,fine-tuned,"Blue,Green,Orange,Orange,Green"
6701,fine-tuned,"Blue,Orange,Red,Red"
6702,fine-tuned,"Blue,Yellow,Orange,Yellow,Blue,Blue"
6703,fine-tuned,"Blue,Green,Red,Green,Orange"
6704,fine-tuned,"Orange,Purple,Blue,Green,Yellow,Green"
6705,fine-tuned,"Blue,Red,Orange"
6706,fine-tuned,"Green,Orange,Blue,Red,Blue,Red"
6707,fine-tuned,"Red,Orange,Blue,Green,Blue,Green"
6708,fine-tuned,"Green,Green,Blue,Green"
6709,fine-tuned,"Green,Orange,Red,Blue,Blue,Orange"
6710,fine-tuned,"Orange,Red,Green"
6711,fine-tuned,"Orange,Green,Blue,Orange,Blue,Orange"
6712,fine-tuned,"Yellow,Orange,Blue,Green,Green"
6713,fine-tuned,"Green,Red,Green,Blue,Blue"
6714,fine-tuned,"Blue,Red,Orange,Green,Red,Red"
6715,fine-tuned,"Green,Orange,Blue,Blue"
6716,fine-tuned,"Green,Red,Red,Orange,Blue,Red"
6717,fine-tuned,"Orange,Red,Blue,Red,Green"
6718,fine-tuned,"Orange,Blue,Orange,Red"
6719,fine-tuned,"Orange,Red,Green,Green,Blue,Blue"
6720,fine-tuned,"Yellow,Blue,Green,Red"
6721,fine-tuned,"Orange,Blue,Green,Green,Orange"
6722,fine-tuned,"Yellow,Orange,Green,Blue,Green"
6723,fine-tuned,"Red,Green,Blue,Green,Blue"
6724,fine-tuned,"Orange,Blue,Green,Yellow,Purple,Blue"
6725,fine-tuned,"Red,Red,Blue"
6726,fine-tuned,"Blue,Green,Orange,Red,Red,Red"
6727,fine-tuned,"Blue,Orange,Green,Orange"
6728,fine-tuned,"Orange,Purple,Yellow,Purple,Green,Orange"
6729,fine-tuned,"Green,Red,Red,Blue,Blue,Green"
6730,fine-tuned,"Blue,Green,Orange,Green,Orange,Red"
6731,fine-tuned,"Yellow,Red,Red,Orange"
6732,fine-tuned,"Red,Red,Green,Orange,Red"
6733,fine-tuned,"Blue,Orange,Blue,Green,Orange"
6734,fine-tuned,"Red,Orange,Green,Orange,Red,Red"
6735,fine-tuned,"Blue,Red"
6736,fine-tuned,"Green,Blue,Green,Red"
6737,fine-tuned,"Green,Blue,Red,Blue,Green"
6738,fine-tuned,"Blue,Green,Orange,Blue,Orange"
6739,fine-tuned,"Purple,Blue,Orange,Green"
6740,fine-tuned,"Orange,Blue,Green,Red,Blue,Green"
6741,fine-tuned,"Orange,Blue,Green,Green"
6742,fine-tuned,"Orange,Blue,Green,Red,Red,Green"
6743,fine-tuned,"Blue,Green,Orange,Orange"
6744,fine-tuned,"Orange,Blue,Blue,Red,Red,Green"
6745,fine-tuned,"Green,Orange,Blue,Blue,Blue,Orange"
6746,fine-tuned,"Red,Red,Red,Blue,Green,Green"
6747,fine-tuned,"Red,Red,Green,Blue,Green"
6748,fine-tuned,"Blue,Orange,Red,Blue,Green"
6749,fine-tuned,"Purple,Green,Red,Yellow,Green,Blue"
6750,fine-tuned,"Red,Green,Orange,Red,Orange,Blue"
6751,fine-tuned,"Green,Blue,Blue,Green,Orange"
6752,fine-tuned,"Green,Orange,Blue,Green,Blue"
6753,fine-tuned,"Yellow,Orange,Blue,Blue,Green,Orange"
6754,fine-tuned,"Green,Orange,Red,Blue,Orange"
6755,fine-tuned,"Green,Blue,Red,Blue"
6756,fine-tuned,"Blue,Green,Orange,Green,Red,Green"
6757,fine-tuned,"Blue,Red,Green,Red,Orange,Blue"
6758,fine-tuned,"Green,Red,Green,Red,Green,Orange"
6759,fine-tuned,"Blue,Red,Green,Red,Red,Green"
6760,fine-tuned,"Blue,Blue,Red,Green,Red"
6761,fine-tuned,"Green,Blue,Green,Blue,Blue"
6762,fine-tuned,"Green,Red,Red,Blue,Blue,Blue"
6763,fine-tuned,"Blue,Orange,Green,Red"
6764,fine-tuned,"Green,Red,Orange,Red"
6765,fine-tuned,"Red,Green,Red,Blue,Orange"
6766,fine-tuned,"Yellow,Blue,Blue,Blue,Red"
6767,fine-tuned,"Yellow,Green,Blue,Orange,Red,Red"
6768,fine-tuned,"Green,Green,Orange,Blue,Blue,Blue"
6769,fine-tuned,"Purple,Orange,Green,Blue"
6770,fine-tuned,"Purple,Orange,Red,Orange,Green,Green"
6771,fine-tuned,"Blue,Orange,Red,Green,Red"
6772,fine-tuned,"Red,Blue,Red,Red,Green,Blue"
6773,fine-tuned,"Purple,Orange,Green,Blue,Blue,Red"
6774,fine-tuned,"Orange,Red,Blue,Red"
6775,fine-tuned,"Yellow,Red,Blue,Green,Orange"
6776,fine-tuned,"Orange,Green,Red,Red,Blue,Green"
6777,fine-tuned,"Blue,Red"
6778,fine-tuned,"Blue,Orange,Red,Green,Red,Green"
6779,fine-tuned,"Green,Blue,Orange,Orange,Red,Blue"
6780,fine-tuned,"Red,Green,Green,Orange,Green"
6781,fine-tuned,"Red,Orange,Green,Green"
6782,fine-tuned,"Orange,Blue,Red,Red"
6783,fine-tuned,"Blue,Orange,Red,Green,Orange"
6784,fine-tuned,"Blue,Orange,Green,Orange,Blue"
6785,fine-tuned,"Red,Green,Red,Blue"
6786,fine-tuned,"Orange,Red,Orange,Orange"
6787,fine-tuned,"Orange,Red,Green,Red"
6788,fine-tuned,"Blue,Orange,Blue,Green,Red"
6789,fine-tuned,"Purple,Orange,Red,Blue"
6790,fine-tuned,"Yellow,Red,Green,Green,Orange,Blue"
6791,fine-tuned,"Red,Green,Green,Blue,Red,Orange"
6792,fine-tuned,"Yellow,Blue,Blue,Red,Green,Red"
6793,fine-tuned,"Blue,Green,Red,Orange,Blue,Green"
6794,fine-tuned,"Red,Orange,Green,Blue,Orange,Blue"
6795,fine-tuned,"Green,Green,Orange,Green"
6796,fine-tuned,"Red,Blue,Orange,Green"
6797,fine-tuned,"Red,Orange,Red,Blue,Green,Orange"
6798,fine-tuned,"Green,Red,Red,Green"
6799,fine-tuned,"Red,Blue,Green,Blue"
6800,fine-tuned,"Green,Blue,Orange,Blue,Orange"
6801,fine-tuned,"Green,Red,Orange,Red"
6802,fine-tuned,"Blue,Orange,Red,Green"
6803,fine-tuned,"Blue,Orange,Orange"
6804,fine-tuned,"Green,Blue,Blue,Red,Green"
6805,fine-tuned,"Yellow,Green,Yellow,Orange,Red,Blue"
6806,fine-tuned,"Blue,Red,Orange,Red,Orange"
6807,fine-tuned,"Orange,Red,Green,Red,Blue,Green"
6808,fine-tuned,"Purple,Green,Orange,Blue,Blue,Orange"
6809,fine-tuned,"Blue,Orange,Green,Red"
6810,fine-tuned,"Yellow,Blue,Orange,Green"
6811,fine-tuned,"Green,Orange,Blue,Red,Orange,Red"
6812,fine-tuned,"Orange,Green,Yellow,Purple,Blue,Blue"
6813,fine-tuned,"Orange,Blue,Red,Green,Blue"
6814,fine-tuned,"Yellow,Green,Red,Green,Orange,Red"
6815,fine-tuned,"Red,Green,Orange,Blue,Green"
6816,fine-tuned,"Red,Orange,Blue,Green,Red,Blue"
6817,fine-tuned,"Orange,Purple,Green,Purple,Blue,Yellow"
6818,fine-tuned,"Purple,Blue,Green"
6819,fine-tuned,"Red,Blue,Blue,Red,Orange"
6820,fine-tuned,"Red,Blue,Red,Green,Orange,Green"
6821,fine-tuned,"Blue,Green,Red,Green,Red"
6822,fine-tuned,"Orange,Purple,Blue,Blue,Green,Green"
6823,fine-tuned,"Yellow,Orange,Blue,Red,Red,Red"
6824,fine-tuned,"Orange,Blue,Orange,Green"
6825,fine-tuned,"Blue,Green,Red,Green,Orange"
6826,fine-tuned,"Green,Red,Orange,Blue,Red,Blue"
6827,fine-tuned,"Red,Blue,Blue,Blue,Green,Red"
6828,fine-tuned,"Blue,Green,Green,Blue,Green,Blue"
6829,fine-tuned,"Blue,Orange,Green,Orange,Red,Blue"
6830,fine-tuned,"Orange,Red,Blue,Red"
6831,fine-tuned,"Yellow,Red,Green,Green,Green,Red"
6832,fine-tuned,"Blue,Green,Purple,Yellow,Orange,Red"
6833,fine-tuned,"Blue,Green,Red,Red,Orange,Red"
6834,fine-tuned,"Blue,Red,Orange"
6835,fine-tuned,"Red,Green,Blue,Orange,Blue,Red"
6836,fine-tuned,"Green,Orange,Red,Red,Blue,Green"
6837,fine-tuned,"Blue,Green,Red,Green,Blue"
6838,fine-tuned,"Orange,Blue,Green,Purple,Red,Purple"
6839,fine-tuned,"Blue,Green,Red,Red,Orange,Red"
6840,fine-tuned,"Orange,Green,Blue,Yellow,Blue,Purple"
6841,fine-tuned,"Purple,Orange,Green,Red,Blue"
6842,fine-tuned,"Yellow,Green,Red,Orange,Red,Yellow"
6843,fine-tuned,"Blue,Orange,Green"
6844,fine-tuned,"Red,Orange,Blue,Blue"
6845,fine-tuned,"Blue,Blue"
6846,fine-tuned,"Blue,Red,Green,Blue,Green"
6847,fine-tuned,"Green,Blue,Red,Green"
6848,fine-tuned,"Blue,Red,Blue,Blue"
6849,fine-tuned,"Red,Green,Orange,Blue,Red,Blue"
6850,fine-tuned,"Blue,Red,Green,Orange,Red,Red"
6851,fine-tuned,"Blue,Orange,Green,Blue,Blue"
6852,fine-tuned,"Yellow,Green,Blue,Green,Green,Orange"
6853,fine-tuned,"Blue,Red,Red,Orange,Green,Green"
6854,fine-tuned,"Orange,Red,Orange,Blue,Green,Blue"
6855,fine-tuned,"Orange,Yellow,Blue,Purple,Blue,Red"
6856,fine-tuned,"Blue,Orange,Green,Red,Green"
6857,fine-tuned,"Orange,Green,Red,Blue,Orange,Green"
6858,fine-tuned,"Purple,Blue,Blue,Orange"
6859,fine-tuned,"Purple,Blue,Orange,Blue"
6860,fine-tuned,"Yellow,Green,Red,Green,Blue,Orange"
6861,fine-tuned,"Blue,Green,Orange,Blue,Red"
6862,fine-tuned,"Blue,Red,Green,Red,Orange"
6863,fine-tuned,"Blue,Green,Red,Red"
6864,fine-tuned,"Green,Orange,Red,Blue,Red"
6865,fine-tuned,"Purple,Green,Blue,Orange,Blue,Red"
6866,fine-tuned,"Blue,Green"
6867,fine-tuned,"Red,Blue,Orange,Orange"
6868,fine-tuned,"Blue,Green,Blue,Green,Blue,Red"
6869,fine-tuned,"Blue,Green,Orange,Red,Blue"
6870,fine-tuned,"Red,Orange,Green,Blue,Red,Green"
6871,fine-tuned,"Red,Green,Red,Orange"
6872,fine-tuned,"Purple,Orange,Green,Blue,Green"
6873,fine-tuned,"Green,Orange,Red,Red,Red"
6874,fine-tuned,"Blue,Red,Red,Orange,Red"
6875,fine-tuned,"Purple,Red,Green,Orange,Blue,Blue"
6876,fine-tuned,"Blue,Red,Green,Green,Red"
6877,fine-tuned,"Blue,Green,Green,Green,Red"
6878,fine-tuned,"Blue,Green,Orange,Green,Green,Orange"
6879,fine-tuned,"Green,Red,Red,Orange,Green"
6880,fine-tuned,"Red,Orange,Orange"
6881,fine-tuned,"Green,Blue,Orange,Orange,Orange"
6882,fine-tuned,"Orange,Blue,Blue,Red,Green"
6883,fine-tuned,"Purple,Orange,Green,Green,Red"
6884,fine-tuned,"Green,Orange,Red,Red,Red"
6885,fine-tuned,"Yellow,Red,Orange,Green,Red,Orange"
6886,fine-tuned,"Purple,Blue,Green,Green,Orange"
6887,fine-tuned,"Yellow,Blue,Red,Blue,Red,Green"
6888,fine-tuned,"Blue,Orange,Green,Red"
6889,fine-tuned,"Orange,Blue,Red,Green,Red,Red"
6890,fine-tuned,"Orange,Purple,Green,Purple,Blue,Orange"
6891,fine-tuned,"Green,Blue,Blue,Red,Red"
6892,fine-tuned,"Yellow,Red,Green,Red,Green"
6893,fine-tuned,"Red,Blue,Orange,Red,Green"
6894,fine-tuned,"Red,Green,Red,Orange"
6895,fine-tuned,"Orange,Green,Blue,Red"
6896,fine-tuned,"Purple,Blue,Orange,Red,Green"
6897,fine-tuned,"Red,Blue,Green"
6898,fine-tuned,"Red,Orange,Orange,Green,Blue,Orange"
6899,fine-tuned,"Red,Orange,Blue"
6900,fine-tuned,"Yellow,Red,Blue,Blue,Green,Blue"
6901,fine-tuned,"Yellow,Blue,Green,Orange,Blue,Green"
6902,fine-tuned,"Red,Blue,Green,Green,Green"
6903,fine-tuned,"Red,Blue,Blue,Orange,Orange"
6904,fine-tuned,"Red,Red,Red,Green,Blue"
6905,fine-tuned,"Red,Green,Orange,Blue,Green"
6906,fine-tuned,"Blue,Green,Orange,Green"
6907,fine-tuned,"Orange,Blue,Green,Blue,Green,Yellow"
6908,fine-tuned,"Red,Blue,Blue,Green,Green"
6909,fine-tuned,"Red,Orange,Green,Blue,Blue"
6910,fine-tuned,"Yellow,Blue,Orange,Green,Red"
6911,fine-tuned,"Purple,Blue,Green,Red,Green,Orange"
6912,fine-tuned,"Purple,Green,Green,Orange"
6913,fine-tuned,"Red,Orange,Blue,Orange"
6914,fine-tuned,"Yellow,Green,Orange,Red"
6915,fine-tuned,"Purple,Green,Red,Orange,Orange,Red"
6916,fine-tuned,"Yellow,Orange,Green,Blue"
6917,fine-tuned,"Yellow,Red,Blue,Green"
6918,fine-tuned,"Orange,Blue,Red,Green,Green,Red"
6919,fine-tuned,"Red,Blue,Orange,Blue,Green,Blue"
6920,fine-tuned,"Red,Blue,Orange,Red,Blue"
6921,fine-tuned,"Green,Red,Orange,Blue,Blue,Red"
6922,fine-tuned,"Orange,Green,Red,Blue,Blue,Green"
6923,fine-tuned,"Blue,Red,Red,Blue"
6924,fine-tuned,"Green,Red,Green,Red,Green,Orange"
6925,fine-tuned,"Blue,Blue,Red,Green"
6926,fine-tuned,"Blue,Orange,Green,Orange,Red,Green"
6927,fine-tuned,"Orange,Green,Red,Blue,Red"
6928,fine-tuned,"Green,Blue,Green,Orange,Red,Blue"
6929,fine-tuned,"Green,Red,Orange,Blue,Blue"
6930,fine-tuned,"Red,Blue,Green,Red,Orange,Red"
6931,fine-tuned,"Green,Orange,Blue,Blue,Green"
6932,fine-tuned,"Orange,Green,Green,Red,Blue"
6933,fine-tuned,"Blue,Red,Green,Orange,Red"
6934,fine-tuned,"Green,Blue,Red,Blue,Green"
6935,fine-tuned,"Purple,Green,Red,Orange,Blue,Red"
6936,fine-tuned,"Yellow,Red,Green,Orange,Green"
6937,fine-tuned,"Blue,Red,Red,Green"
6938,fine-tuned,"Red,Orange,Green,Orange"
6939,fine-tuned,"Purple,Blue,Blue,Green"
6940,fine-tuned,"Red,Blue,Blue,Blue,Green,Green"
6941,fine-tuned,"Green,Blue,Green,Red"
6942,fine-tuned,"Red,Red,Orange,Orange,Green"
6943,fine-tuned,"Green,Orange,Blue,Green,Blue,Orange"
6944,fine-tuned,"Red,Green,Red"
6945,fine-tuned,"Red,Blue,Orange,Blue"
6946,fine-tuned,"Red,Green,Blue,Red,Blue"
6947,fine-tuned,"Orange,Green,Red,Blue"
6948,fine-tuned,"Red,Orange,Blue,Green,Red"
6949,fine-tuned,"Blue,Orange,Blue,Orange"
6950,fine-tuned,"Orange,Blue,Green,Red,Green,Blue"
6951,fine-tuned,"Green,Orange,Blue,Red,Red"
6952,fine-tuned,"Blue,Orange,Orange,Red"
6953,fine-tuned,"Blue,Green,Red,Green,Red"
6954,fine-tuned,"Red,Blue,Green,Red"
6955,fine-tuned,"Yellow,Orange,Orange,Orange"
6956,fine-tuned,"Blue,Green,Orange,Red,Blue"
6957,fine-tuned,"Blue,Orange,Blue,Orange,Green"
6958,fine-tuned,"Green,Red,Red,Red,Orange"
6959,fine-tuned,"Blue,Green,Orange,Green,Red,Orange"
6960,fine-tuned,"Blue,Green,Red,Blue,Orange,Red"
6961,fine-tuned,"Red,Orange,Blue"
6962,fine-tuned,"Blue,Green,Green,Green,Blue,Red"
6963,fine-tuned,"Blue,Orange,Blue,Green,Red"
6964,fine-tuned,"Blue,Green,Orange,Red,Purple,Red"
6965,fine-tuned,"Green,Red,Orange,Green,Red,Green"
6966,fine-tuned,"Green,Blue,Red,Orange,Orange"
6967,fine-tuned,"Red,Green,Red,Blue,Green,Red"
6968,fine-tuned,"Red,Orange,Green,Green,Blue"
6969,fine-tuned,"Blue,Green,Red,Red,Orange,Orange"
6970,fine-tuned,"Yellow,Green,Blue,Orange,Red,Red"
6971,fine-tuned,"Blue,Orange,Red"
6972,fine-tuned,"Blue,Blue,Orange,Red"
6973,fine-tuned,"Blue,Green,Red,Orange,Green,Orange"
6974,fine-tuned,"Blue,Red,Red,Blue,Green"
6975,fine-tuned,"Green,Blue,Red,Green"
6976,fine-tuned,"Orange,Blue,Green"
6977,fine-tuned,"Orange,Blue,Green,Red,Orange,Orange"
6978,fine-tuned,"Red,Green,Green,Blue,Red,Orange"
6979,fine-tuned,"Red,Blue,Green,Green"
6980,fine-tuned,"Purple,Blue,Orange,Green"
6981,fine-tuned,"Purple,Blue,Green,Red,Orange"
6982,fine-tuned,"Red,Green,Green,Green,Red"
6983,fine-tuned,"Blue,Blue,Green,Orange"
6984,fine-tuned,"Yellow,Orange,Blue,Green"
6985,fine-tuned,"Blue,Red,Red,Green,Orange,Orange"
6986,fine-tuned,"Blue,Red,Red,Orange,Orange"
6987,fine-tuned,"Orange,Green,Red,Orange,Red"
6988,fine-tuned,"Yellow,Blue,Orange,Red,Green,Red"
6989,fine-tuned,"Green,Blue,Green,Red,Red,Orange"
6990,fine-tuned,"Blue,Green,Red"
6991,fine-tuned,"Blue,Green,Red,Orange"
6992,fine-tuned,"Orange,Green,Blue,Purple,Yellow,Blue"
6993,fine-tuned,"Green,Green,Red,Red,Blue,Orange"
6994,fine-tuned,"Green,Red,Orange,Green,Blue"
6995,fine-tuned,"Orange,Red,Green,Blue,Red"
6996,fine-tuned,"Green,Blue,Blue,Green,Red,Orange"
6997,fine-tuned,"Yellow,Green,Blue,Red"
6998,fine-tuned,"Green,Orange,Red,Orange"
6999,fine-tuned,"Red,Orange,Red"
7000,fine-tuned,"Blue,Red,Red,Green,Orange"
7001,fine-tuned,"Blue,Green,Orange,Red,Green"
7002,fine-tuned,"Blue,Orange,Green,Green,Red,Blue"
7003,fine-tuned,"Red,Blue,Green,Orange,Green"
7004,fine-tuned,"Orange,Green,Blue,Red,Green,Green"
7005,fine-tuned,"Blue,Orange,Green,Red,Green,Red"
7006,fine-tuned,"Blue,Green,Green,Green,Orange,Blue"
7007,fine-tuned,"Red,Blue,Red,Green,Blue,Blue"
7008,fine-tuned,"Green,Blue,Red,Blue,Green"
7009,fine-tuned,"Green,Orange,Green,Red"
7010,fine-tuned,"Blue,Orange,Red,Red,Green"
7011,fine-tuned,"Red,Orange,Red,Blue"
7012,fine-tuned,"Blue,Red,Blue,Orange"
7013,fine-tuned,"Orange,Green,Yellow,Red,Purple,Red"
7014,fine-tuned,"Blue,Orange,Orange,Blue,Green"
7015,fine-tuned,"Purple,Red,Blue,Green,Orange"
7016,fine-tuned,"Blue,Green"
7017,fine-tuned,"Green,Blue,Red,Orange,Red,Green"
7018,fine-tuned,"Orange,Green,Red,Red,Blue,Green"
7019,fine-tuned,"Purple,Red,Green,Green,Orange,Blue"
7020,fine-tuned,"Yellow,Green,Blue,Orange,Blue"
7021,fine-tuned,"Yellow,Red,Green,Orange,Blue,Blue"
7022,fine-tuned,"Blue,Orange,Green,Orange,Blue"
7023,fine-tuned,"Orange,Purple,Yellow,Red,Purple,Green"
7024,fine-tuned,"Yellow,Green,Orange,Red,Green,Orange"
7025,fine-tuned,"Red,Blue,Blue,Red,Green"
7026,fine-tuned,"Red,Green,Red,Orange,Green"
7027,fine-tuned,"Green,Red,Green,Blue"
7028,fine-tuned,"Green,Orange,Blue,Green,Blue,Red"
7029,fine-tuned,"Red,Orange,Red,Blue"
7030,fine-tuned,"Yellow,Green,Orange,Red"
7031,fine-tuned,"Red,Blue,Green,Orange,Red,Green"
7032,fine-tuned,"Blue,Orange,Red,Red,Red"
7033,fine-tuned,"Blue,Green,Yellow,Purple,Yellow,Orange"
7034,fine-tuned,"Yellow,Green,Orange,Blue,Red,Red"
7035,fine-tuned,"Green,Blue,Red,Green,Blue,Red"
7036,fine-tuned,"Green,Orange,Green,Blue,Red,Orange"
7037,fine-tuned,"Red,Green,Blue,Blue,Red,Green"
7038,fine-tuned,"Green,Orange,Green,Red"
7039,fine-tuned,"Green,Orange,Blue"
7040,fine-tuned,"Green,Orange,Orange,Orange"
7041,fine-tuned,"Blue,Red,Green,Red,Red"
7042,fine-tuned,"Blue,Orange,Red,Green,Orange,Red"
7043,fine-tuned,"Yellow,Green,Orange,Red,Orange,Green"
7044,fine-tuned,"Orange,Green,Blue,Red"
7045,fine-tuned,"Purple,Orange,Orange,Blue,Blue"
7046,fine-tuned,"Blue,Red,Red,Green"
7047,fine-tuned,"Red,Red,Orange,Red,Orange"
7048,fine-tuned,"Red,Green,Green,Orange"
7049,fine-tuned,"Blue,Red,Green,Green,Blue,Green"
7050,fine-tuned,"Red,Red,Blue,Green,Red"
7051,fine-tuned,"Purple,Blue,Green,Green,Orange,Blue"
7052,fine-tuned,"Yellow,Blue,Green,Blue,Orange,Green"
7053,fine-tuned,"Blue,Red,Blue,Green,Red,Blue"
7054,fine-tuned,"Green,Red,Red"
7055,fine-tuned,"Green,Blue,Red,Blue,Red,Green"
7056,fine-tuned,"Yellow,Orange,Green,Blue,Red,Blue"
7057,fine-tuned,"Blue,Green,Red,Green,Orange,Red"
7058,fine-tuned,"Red,Red,Red,Orange,Blue"
7059,fine-tuned,"Yellow,Blue,Green,Orange,Blue,Red"
7060,fine-tuned,"Yellow,Orange,Blue,Blue,Green"
7061,fine-tuned,"Blue,Red,Red,Red,Green,Green"
7062,fine-tuned,"Blue,Red,Green,Green,Red"
7063,fine-tuned,"Green,Orange,Blue,Green,Blue,Green"
7064,fine-tuned,"Blue,Red,Red,Green,Red"
7065,fine-tuned,"Green,Red,Blue,Blue,Orange"
7066,fine-tuned,"Yellow,Blue,Green,Blue"
7067,fine-tuned,"Blue,Red,Blue,Green,Red"
7068,fine-tuned,"Blue,Red,Green,Blue"
7069,fine-tuned,"Blue,Red,Green,Red,Red"
7070,fine-tuned,"Blue,Green,Red,Orange,Orange,Green"
7071,fine-tuned,"Green,Orange,Red,Blue,Green,Red"
7072,fine-tuned,"Yellow,Green,Green,Red,Blue"
7073,fine-tuned,"Yellow,Red,Blue,Green,Green,Orange"
7074,fine-tuned,"Red,Orange,Green,Blue,Green,Blue"
7075,fine-tuned,"Blue,Green,Red,Orange,Green,Blue"
7076,fine-tuned,"Blue,Orange,Green,Red,Green"
7077,fine-tuned,"Blue,Blue,Green"
7078,fine-tuned,"Red,Green,Blue"
7079,fine-tuned,"Green,Orange,Red,Red,Blue"
7080,fine-tuned,"Blue,Orange,Red,Red,Blue,Red"
7081,fine-tuned,"Yellow,Blue,Blue,Green,Blue"
7082,fine-tuned,"Green,Red,Blue,Green,Green"
7083,fine-tuned,"Yellow,Green,Blue,Orange"
7084,fine-tuned,"Purple,Green,Red,Blue,Red"
7085,fine-tuned,"Orange,Green,Red,Red,Red,Green"
7086,fine-tuned,"Red,Green,Blue,Red"
7087,fine-tuned,"Green,Orange,Red,Blue,Orange"
7088,fine-tuned,"Blue,Blue,Blue,Green,Orange,Orange"
7089,fine-tuned,"Red,Orange,Blue,Orange,Blue"
7090,fine-tuned,"Orange,Blue,Red,Blue"
7091,fine-tuned,"Yellow,Green,Blue,Green,Blue,Red"
7092,fine-tuned,"Yellow,Blue,Red,Green,Blue,Green"
7093,fine-tuned,"Blue,Orange,Orange,Blue,Red"
7094,fine-tuned,"Green,Orange,Blue,Red,Orange"
7095,fine-tuned,"Yellow,Blue,Orange,Orange,Green,Red"
7096,fine-tuned,"Red,Blue,Blue,Green,Orange"
7097,fine-tuned,"Green,Blue,Red,Red,Yellow,Purple"
7098,fine-tuned,"Red,Orange,Green,Orange,Blue"
7099,fine-tuned,"Green,Blue,Red,Green"
7100,fine-tuned,"Purple,Orange,Red,Green"
7101,fine-tuned,"Red,Blue,Green,Orange,Blue,Blue"
7102,fine-tuned,"Green,Blue,Red,Red,Red,Green"
7103,fine-tuned,"Red,Blue,Green,Green,Orange"
7104,fine-tuned,"Yellow,Orange,Red,Blue,Green,Red"
7105,fine-tuned,"Blue,Green,Orange,Orange"
7106,fine-tuned,"Purple,Orange,Green,Blue"
7107,fine-tuned,"Red,Blue,Green,Green,Red"
7108,fine-tuned,"Purple,Green,Blue,Red,Orange"
7109,fine-tuned,"Yellow,Orange,Orange,Green,Blue,Red"
7110,fine-tuned,"Purple,Blue,Red,Red,Orange"
7111,fine-tuned,"Purple,Orange,Green,Blue,Blue"
7112,fine-tuned,"Green,Orange,Blue,Blue,Red"
7113,fine-tuned,"Blue,Green,Green,Red,Orange"
7114,fine-tuned,"Yellow,Blue,Green,Blue,Red,Green"
7115,fine-tuned,"Red,Orange,Blue,Blue,Green,Red"
7116,fine-tuned,"Green,Blue,Green,Orange"
7117,fine-tuned,"Red,Green,Red,Red,Red,Blue"
7118,fine-tuned,"Yellow,Blue,Green,Blue,Red"
7119,fine-tuned,"Green,Green,Blue,Orange"
7120,fine-tuned,"Blue,Green,Blue,Orange,Orange,Green"
7121,fine-tuned,"Yellow,Orange,Blue,Green,Green,Red"
7122,fine-tuned,"Purple,Red,Orange"
7123,fine-tuned,"Blue,Green,Blue,Green,Green"
7124,fine-tuned,"Purple,Orange,Red,Red,Green"
7125,fine-tuned,"Blue,Orange,Green,Green"
7126,fine-tuned,"Purple,Blue,Green,Green,Red,Green"
7127,fine-tuned,"Red,Blue,Orange,Orange,Red"
7128,fine-tuned,"Green,Orange,Red,Red,Blue"
7129,fine-tuned,"Orange,Green,Orange,Blue"
7130,fine-tuned,"Blue,Green,Green,Orange,Blue"
7131,fine-tuned,"Orange,Green,Orange,Blue,Green"
7132,fine-tuned,"Yellow,Blue,Green,Orange"
7133,fine-tuned,"Orange,Blue,Green,Blue"
7134,fine-tuned,"Orange,Blue,Green,Yellow,Blue,Purple"
7135,fine-tuned,"Green,Blue,Orange,Green"
7136,fine-tuned,"Red,Orange,Blue,Green,Blue,Red"
7137,fine-tuned,"Purple,Blue,Orange"
7138,fine-tuned,"Green,Orange,Blue,Red"
7139,fine-tuned,"Blue,Red,Red"
7140,fine-tuned,"Blue,Orange,Red,Green"
7141,fine-tuned,"Green,Blue,Red,Red,Green,Blue"
7142,fine-tuned,"Purple,Green,Blue,Orange"
7143,fine-tuned,"Blue,Orange,Red,Orange,Blue"
7144,fine-tuned,"Orange,Blue,Orange"
7145,fine-tuned,"Yellow,Red,Blue"
7146,fine-tuned,"Blue,Green,Orange,Red,Red,Orange"
7147,fine-tuned,"Red,Orange,Orange,Blue,Green"
7148,fine-tuned,"Green,Blue,Orange,Blue,Red,Green"
7149,fine-tuned,"Yellow,Green,Blue,Orange,Red"
7150,fine-tuned,"Orange,Blue,Green,Red,Red"
7151,fine-tuned,"Red,Green,Red,Red,Blue,Blue"
7152,fine-tuned,"Green,Blue,Red,Orange,Blue"
7153,fine-tuned,"Purple,Orange,Blue,Blue,Orange"
7154,fine-tuned,"Green,Red,Red,Blue,Green"
7155,fine-tuned,"Green,Orange"
7156,fine-tuned,"Green,Blue,Blue,Orange,Blue,Blue"
7157,fine-tuned,"Orange,Green,Red,Red,Blue"
7158,fine-tuned,"Green,Red,Blue,Orange,Red"
7159,fine-tuned,"Red,Blue,Red,Red,Green"
7160,fine-tuned,"Green,Orange,Red"
7161,fine-tuned,"Green,Red,Red,Green,Blue"
7162,fine-tuned,"Blue,Orange,Green,Red,Blue"
7163,fine-tuned,"Blue,Red,Green,Orange"
7164,fine-tuned,"Blue,Orange,Red,Red,Red,Green"
7165,fine-tuned,"Red,Green,Orange,Orange,Red"
7166,fine-tuned,"Purple,Red,Green,Orange"
7167,fine-tuned,"Orange,Green,Red,Blue,Blue,Red"
7168,fine-tuned,"Yellow,Blue,Red,Red,Orange,Green"
7169,fine-tuned,"Green,Orange,Red,Blue,Green,Blue"
7170,fine-tuned,"Blue,Green,Orange,Green,Red"
7171,fine-tuned,"Yellow,Green,Blue,Red,Green"
7172,fine-tuned,"Purple,Red,Green,Blue"
7173,fine-tuned,"Green,Blue,Red,Green,Red"
7174,fine-tuned,"Blue,Red,Red,Orange,Blue"
7175,fine-tuned,"Blue,Green,Purple,Green,Orange,Red"
7176,fine-tuned,"Red,Blue,Green,Orange,Green"
7177,fine-tuned,"Yellow,Green,Blue,Blue,Green,Red"
7178,fine-tuned,"Green,Orange,Red,Blue,Red,Green"
7179,fine-tuned,"Orange,Green,Blue,Red,Red"
7180,fine-tuned,"Red,Orange,Green,Green,Green"
7181,fine-tuned,"Blue,Green,Blue,Green,Red"
7182,fine-tuned,"Purple,Blue,Red,Green,Orange,Red"
7183,fine-tuned,"Green,Orange,Green,Red,Green,Orange"
7184,fine-tuned,"Blue,Orange,Green,Green,Orange,Orange"
7185,fine-tuned,"Green,Blue,Red,Red,Green,Green"
7186,fine-tuned,"Blue,Orange,Green,Blue,Green"
7187,fine-tuned,"Yellow,Green,Orange,Blue,Green"
7188,fine-tuned,"Orange,Purple,Blue,Purple,Green,Yellow"
7189,fine-tuned,"Blue,Green,Red,Green"
7190,fine-tuned,"Yellow,Green,Blue,Blue,Orange"
7191,fine-tuned,"Blue,Green,Green,Orange,Green"
7192,fine-tuned,"Orange,Red,Green,Orange,Blue"
7193,fine-tuned,"Red,Orange,Green,Blue,Red,Orange"
7194,fine-tuned,"Blue,Green,Orange,Green,Orange,Blue"
7195,fine-tuned,"Orange,Green,Red,Blue,Red"
7196,fine-tuned,"Blue,Blue,Orange,Red,Blue"
7197,fine-tuned,"Blue,Orange,Green,Green,Red"
7198,fine-tuned,"Blue,Green,Orange,Red"
7199,fine-tuned,"Yellow,Red,Green,Orange,Blue,Red"
7200,fine-tuned,"Red,Orange,Blue,Green,Red,Blue"
7201,fine-tuned,"Orange,Red,Red,Red,Orange"
7202,fine-tuned,"Yellow,Orange,Green,Red,Blue,Orange"
7203,fine-tuned,"Green,Blue,Orange,Blue,Green"
7204,fine-tuned,"Yellow,Red,Blue,Orange,Red"
7205,fine-tuned,"Blue,Orange,Red,Green,Orange,Red"
7206,fine-tuned,"Purple,Red,Blue,Green,Orange,Red"
7207,fine-tuned,"Blue,Green,Green,Red,Red"
7208,fine-tuned,"Yellow,Orange,Red,Red,Orange"
7209,fine-tuned,"Green,Orange,Blue,Green,Red"
7210,fine-tuned,"Blue,Red,Orange,Green,Blue,Red"
7211,fine-tuned,"Orange,Blue,Green,Red,Red"
7212,fine-tuned,"Red,Orange,Red,Red,Blue"
7213,fine-tuned,"Orange,Blue,Green,Red,Orange,Red"
7214,fine-tuned,"Blue,Red,Green,Red,Orange,Orange"
7215,fine-tuned,"Red,Orange,Red,Blue,Orange,Red"
7216,fine-tuned,"Yellow,Green,Orange,Green,Blue,Orange"
7217,fine-tuned,"Red,Blue,Orange,Blue,Green,Green"
7218,fine-tuned,"Blue,Green,Orange,Blue"
7219,fine-tuned,"Yellow,Orange,Red"
7220,fine-tuned,"Blue,Orange,Orange"
7221,fine-tuned,"Green,Red,Orange,Blue,Red"
7222,fine-tuned,"Blue,Red,Green,Green"
7223,fine-tuned,"Blue,Orange,Green,Green,Red,Red"
7224,fine-tuned,"Red,Blue,Green,Green,Blue"
7225,fine-tuned,"Yellow,Blue,Orange,Orange"
7226,fine-tuned,"Yellow,Blue,Orange,Blue,Orange"
7227,fine-tuned,"Green,Orange,Green,Green"
7228,fine-tuned,"Yellow,Orange,Red,Orange"
7229,fine-tuned,"Green,Orange,Red,Red"
7230,fine-tuned,"Blue,Orange,Green,Red,Red"
7231,fine-tuned,"Yellow,Red,Green,Green,Blue,Red"
7232,fine-tuned,"Purple,Red,Green,Blue,Green"
7233,fine-tuned,"Orange,Red,Purple,Blue,Yellow,Green"
7234,fine-tuned,"Yellow,Red,Blue,Blue,Green,Blue"
7235,fine-tuned,"Red,Green,Red,Orange,Green"
7236,fine-tuned,"Green,Purple,Red,Yellow,Green,Green"
7237,fine-tuned,"Blue,Red,Green,Red"
7238,fine-tuned,"Red,Red,Blue"
7239,fine-tuned,"Red,Orange,Green,Red,Orange"
7240,fine-tuned,"Yellow,Orange,Red,Orange"
7241,fine-tuned,"Yellow,Red,Green,Orange,Orange"
7242,fine-tuned,"Red,Blue,Green,Blue,Orange,Red"
7243,fine-tuned,"Red,Green,Orange,Blue,Green"
7244,fine-tuned,"Orange,Red,Orange,Red,Green,Orange"
7245,fine-tuned,"Red,Green,Green,Green,Blue,Green"
7246,fine-tuned,"Green,Blue,Red,Orange,Green,Orange"
7247,fine-tuned,"Red,Orange,Blue,Green,Red,Blue"
7248,fine-tuned,"Blue,Orange,Red,Green,Blue,Red"
7249,fine-tuned,"Green,Orange,Blue,Blue"
7250,fine-tuned,"Blue,Red,Green"
7251,fine-tuned,"Orange,Green,Red,Blue"
7252,fine-tuned,"Yellow,Green,Blue,Red,Orange"
7253,fine-tuned,"Orange,Purple,Green,Blue,Blue,Yellow"
7254,fine-tuned,"Purple,Green,Blue,Orange,Yellow,Blue"
7255,fine-tuned,"Blue,Red,Green,Green"
7256,fine-tuned,"Green,Blue,Red,Orange,Red"
7257,fine-tuned,"Purple,Blue,Green,Red,Green,Orange"
7258,fine-tuned,"Blue,Green,Orange,Blue"
7259,fine-tuned,"Red,Green,Red,Red,Orange"
7260,fine-tuned,"Yellow,Blue"
7261,fine-tuned,"Orange,Blue,Purple,Yellow,Red,Red"
7262,fine-tuned,"Blue,Red,Red,Orange"
7263,fine-tuned,"Red,Green,Green,Blue,Red"
7264,fine-tuned,"Green,Red,Blue,Blue,Green,Orange"
7265,fine-tuned,"Orange,Blue,Red,Green,Red,Blue"
7266,fine-tuned,"Red,Green,Blue"
7267,fine-tuned,"Blue,Blue,Blue,Orange"
7268,fine-tuned,"Red,Green,Orange,Green,Red"
7269,fine-tuned,"Red,Blue,Green"
7270,fine-tuned,"Green,Red,Red,Blue,Red,Red"
7271,fine-tuned,"Blue,Red,Red,Red,Green,Green"
7272,fine-tuned,"Blue,Green,Blue,Green"
7273,fine-tuned,"Blue,Orange,Green"
7274,fine-tuned,"Yellow,Orange,Red,Red,Blue,Green"
7275,fine-tuned,"Green,Orange,Red,Blue,Blue"
7276,fine-tuned,"Red,Green,Red,Green,Blue"
7277,fine-tuned,"Purple,Red,Blue,Green,Green,Orange"
7278,fine-tuned,"Yellow,Blue,Green,Orange"
7279,fine-tuned,"Blue,Green,Green,Red"
7280,fine-tuned,"Green,Blue,Red,Orange,Green"
7281,fine-tuned,"Blue,Orange,Green"
7282,fine-tuned,"Yellow,Green,Green,Orange,Orange,Green"
7283,fine-tuned,"Purple,Blue,Blue,Green,Red,Green"
7284,fine-tuned,"Green,Red,Blue,Orange,Red,Blue"
7285,fine-tuned,"Blue,Green,Orange,Orange"
7286,fine-tuned,"Red,Blue,Orange,Blue,Green"
7287,fine-tuned,"Green,Orange,Blue,Orange"
7288,fine-tuned,"Red,Blue,Green,Green,Orange,Green"
7289,fine-tuned,"Orange,Red,Green"
7290,fine-tuned,"Purple,Blue,Green,Green,Green"
7291,fine-tuned,"Yellow,Blue,Blue,Red,Green,Blue"
7292,fine-tuned,"Green,Green,Red,Green,Red"
7293,fine-tuned,"Green,Blue,Red,Green"
7294,fine-tuned,"Blue,Orange,Green,Red,Red"
7295,fine-tuned,"Yellow,Green,Green,Red,Green,Red"
7296,fine-tuned,"Blue,Red,Blue,Orange,Blue"
7297,fine-tuned,"Red,Blue,Orange,Green,Green,Red"
7298,fine-tuned,"Red,Blue,Orange,Blue"
7299,fine-tuned,"Yellow,Red,Red,Green"
7300,fine-tuned,"Orange,Green,Orange,Blue,Blue,Red"
7301,fine-tuned,"Red,Blue,Red,Orange,Green"
7302,fine-tuned,"Purple,Orange,Red,Green,Green"
7303,fine-tuned,"Yellow,Blue,Red,Blue,Green,Red"
7304,fine-tuned,"Red,Green,Red,Blue,Orange"
7305,fine-tuned,"Blue,Green,Red,Red"
7306,fine-tuned,"Yellow,Red,Orange,Red,Orange,Green"
7307,fine-tuned,"Purple,Orange,Green,Blue,Red"
7308,fine-tuned,"Red,Blue,Blue,Red,Green,Red"
7309,fine-tuned,"Red,Blue,Orange,Green"
7310,fine-tuned,"Red,Green,Orange,Green"
7311,fine-tuned,"Orange,Green,Blue,Blue,Red"
7312,fine-tuned,"Blue,Red,Red,Orange,Green,Orange"
7313,fine-tuned,"Yellow,Green,Orange,Blue,Green,Orange"
7314,fine-tuned,"Green,Blue,Green,Blue,Orange"
7315,fine-tuned,"Green,Orange,Green,Red,Blue,Red"
7316,fine-tuned,"Red,Blue,Green,Red"
7317,fine-tuned,"Green,Red,Red,Green,Green"
7318,fine-tuned,"Yellow,Green,Orange,Orange"
7319,fine-tuned,"Purple,Green,Green,Green"
7320,fine-tuned,"Red,Blue,Blue,Green,Blue"
7321,fine-tuned,"Green,Blue,Red,Blue,Green,Green"
7322,fine-tuned,"Blue,Green,Red,Purple,Yellow,Green"
7323,fine-tuned,"Orange,Red,Green,Orange,Green,Red"
7324,fine-tuned,"Red,Orange,Green,Red"
7325,fine-tuned,"Blue,Red,Red,Red,Green"
7326,fine-tuned,"Orange,Green,Blue,Green,Orange"
7327,fine-tuned,"Blue,Orange"
7328,fine-tuned,"Green,Purple,Blue,Blue,Orange,Green"
7329,fine-tuned,"Red,Green,Orange,Blue,Green,Red"
7330,fine-tuned,"Yellow,Green,Blue,Blue,Red,Green"
7331,fine-tuned,"Orange,Green,Purple,Green,Blue,Purple"
7332,fine-tuned,"Blue,Green,Red,Orange,Red,Red"
7333,fine-tuned,"Blue,Green,Blue,Orange,Green"
7334,fine-tuned,"Blue,Orange,Red,Red,Orange"
7335,fine-tuned,"Purple,Green,Blue,Red"
7336,fine-tuned,"Orange,Red,Blue,Green"
7337,fine-tuned,"Orange,Red,Blue,Red,Green"
7338,fine-tuned,"Green,Orange,Blue"
7339,fine-tuned,"Red,Green,Green,Blue"
7340,fine-tuned,"Purple,Orange,Blue,Green,Green,Blue"
7341,fine-tuned,"Orange,Green,Red,Red"
7342,fine-tuned,"Blue,Red,Red,Green"
7343,fine-tuned,"Red,Blue,Green,Orange,Green,Blue"
7344,fine-tuned,"Red,Orange,Blue,Orange,Green"
7345,fine-tuned,"Purple,Blue,Red,Red"
7346,fine-tuned,"Blue,Red,Green,Orange,Green"
7347,fine-tuned,"Green,Red,Red,Blue"
7348,fine-tuned,"Yellow,Orange,Red,Green,Green"
7349,fine-tuned,"Red,Blue,Blue,Orange,Green,Red"
7350,fine-tuned,"Purple,Orange,Blue,Green,Orange"
7351,fine-tuned,"Orange,Red,Red"
7352,fine-tuned,"Blue,Red,Orange"
7353,fine-tuned,"Blue,Green,Green,Orange,Orange"
7354,fine-tuned,"Blue,Red,Red"
7355,fine-tuned,"Yellow,Red,Blue,Orange,Green"
7356,fine-tuned,"Red,Blue,Green,Blue"
7357,fine-tuned,"Blue,Orange"
7358,fine-tuned,"Purple,Green,Blue,Blue,Red,Blue"
7359,fine-tuned,"Red,Blue,Green,Blue,Red"
7360,fine-tuned,"Orange,Green,Orange,Blue,Red"
7361,fine-tuned,"Blue,Orange,Green,Orange,Blue"
7362,fine-tuned,"Orange,Purple,Red,Green,Yellow,Blue"
7363,fine-tuned,"Purple,Blue,Green,Orange,Red,Blue"
7364,fine-tuned,"Red,Green,Orange,Blue,Red"
7365,fine-tuned,"Blue,Orange,Green"
7366,fine-tuned,"Yellow,Red,Blue,Red"
7367,fine-tuned,"Blue,Green,Red,Orange"
7368,fine-tuned,"Red,Green,Orange,Blue,Green"
7369,fine-tuned,"Red,Red,Green,Yellow,Green,Orange"
7370,fine-tuned,"Orange,Green,Orange,Blue,Blue"
7371,fine-tuned,"Blue,Blue,Green,Orange,Green"
7372,fine-tuned,"Yellow,Red,Red,Blue,Green,Blue"
7373,fine-tuned,"Blue,Orange,Green,Red,Red,Green"
7374,fine-tuned,"Blue,Red,Orange,Green,Green,Red"
7375,fine-tuned,"Red,Green,Green,Green"
7376,fine-tuned,"Blue,Green,Orange,Red,Red"
7377,fine-tuned,"Purple,Blue,Orange,Green"
7378,fine-tuned,"Yellow,Red,Red,Orange,Red"
7379,fine-tuned,"Blue,Green,Orange,Blue,Orange,Red"
7380,fine-tuned,"Blue,Green,Blue,Orange,Red,Green"
7381,fine-tuned,"Green,Orange,Blue,Red,Blue,Red"
7382,fine-tuned,"Red,Blue,Orange,Blue,Green"
7383,fine-tuned,"Blue,Orange,Red,Green,Red"
7384,fine-tuned,"Yellow,Red,Blue,Red,Green,Blue"
7385,fine-tuned,"Purple,Orange,Green,Blue,Blue"
7386,fine-tuned,"Yellow,Blue,Orange,Green,Green,Green"
7387,fine-tuned,"Blue,Green,Orange,Blue"
7388,fine-tuned,"Red,Green,Blue,Red,Orange"
7389,fine-tuned,"Green,Red,Red,Orange,Red"
7390,fine-tuned,"Blue,Orange,Green,Red,Orange"
7391,fine-tuned,"Red,Blue,Red,Blue"
7392,fine-tuned,"Orange,Green,Red,Blue,Green,Red"
7393,fine-tuned,"Yellow,Blue,Orange,Red,Blue,Red"
7394,fine-tuned,"Purple,Green,Green,Red,Blue"
7395,fine-tuned,"Green,Red,Blue,Red,Green"
7396,fine-tuned,"Orange,Red,Red,Green,Red,Red"
7397,fine-tuned,"Yellow,Red,Orange,Green,Red,Blue"
7398,fine-tuned,"Red,Green,Orange,Blue,Red,Red"
7399,fine-tuned,"Blue,Orange,Green"
7400,fine-tuned,"Red,Orange,Green,Red,Orange"
7401,fine-tuned,"Yellow,Orange,Blue"
7402,fine-tuned,"Red,Orange,Red,Blue,Red,Orange"
7403,fine-tuned,"Yellow,Red,Green"
7404,fine-tuned,"Green,Orange,Red,Red,Red,Red"
7405,fine-tuned,"Orange,Red,Red,Blue"
7406,fine-tuned,"Red,Orange,Green,Green,Blue"
7407,fine-tuned,"Blue,Red,Red,Blue,Green,Blue"
7408,fine-tuned,"Yellow,Red,Orange,Red,Red"
7409,fine-tuned,"Blue,Green,Red,Green,Red,Orange"
7410,fine-tuned,"Blue,Green,Orange,Red"
7411,fine-tuned,"Green,Orange,Red,Blue,Red,Blue"
7412,fine-tuned,"Green,Green,Orange,Blue,Green,Orange"
7413,fine-tuned,"Purple,Green,Green,Red,Green"
7414,fine-tuned,"Blue,Green,Orange,Green"
7415,fine-tuned,"Blue,Red,Orange,Blue,Red"
7416,fine-tuned,"Red,Orange,Green,Orange"
7417,fine-tuned,"Yellow,Blue,Orange,Red,Blue,Green"
7418,fine-tuned,"Green,Blue,Red,Red"
7419,fine-tuned,"Red,Green,Green,Green,Orange"
7420,fine-tuned,"Blue,Green,Orange,Red,Red"
7421,fine-tuned,"Red,Green,Orange,Blue,Green,Green"
7422,fine-tuned,"Green,Orange,Blue,Red"
7423,fine-tuned,"Yellow,Red,Green,Blue,Red"
7424,fine-tuned,"Blue,Green,Red,Orange"
7425,fine-tuned,"Red,Orange,Green,Orange,Blue,Blue"
7426,fine-tuned,"Green,Blue,Orange,Blue"
7427,fine-tuned,"Purple,Red,Orange,Green,Orange,Blue"
7428,fine-tuned,"Blue,Orange,Green,Green,Red"
7429,fine-tuned,"Yellow,Green,Orange,Red,Blue,Orange"
7430,fine-tuned,"Purple,Green,Blue,Red"
7431,fine-tuned,"Red,Blue,Green,Blue,Red,Green"
7432,fine-tuned,"Red,Green,Green,Blue,Blue"
7433,fine-tuned,"Yellow,Orange,Blue,Green,Orange"
7434,fine-tuned,"Green,Green,Blue,Orange,Red"
7435,fine-tuned,"Green,Orange,Red,Orange,Green"
7436,fine-tuned,"Blue,Green,Orange,Red,Green,Red"
7437,fine-tuned,"Orange,Blue,Green,Orange"
7438,fine-tuned,"Yellow,Blue,Green,Blue,Red,Green"
7439,fine-tuned,"Blue,Red,Green,Red,Blue,Green"
7440,fine-tuned,"Red,Orange,Blue,Orange,Green,Red"
7441,fine-tuned,"Green,Blue,Red,Red,Green,Blue"
7442,fine-tuned,"Yellow,Blue,Green,Red,Orange,Red"
7443,fine-tuned,"Red,Orange,Blue"
7444,fine-tuned,"Yellow,Red,Orange,Green"
7445,fine-tuned,"Red,Orange,Green,Green,Orange,Red"
7446,fine-tuned,"Green,Red,Red,Blue,Green,Green"
7447,fine-tuned,"Orange,Red,Orange,Blue,Green,Orange"
7448,fine-tuned,"Red,Green,Green,Orange,Red,Blue"
7449,fine-tuned,"Orange,Red,Green,Blue,Red,Green"
7450,fine-tuned,"Orange,Red,Green,Red,Blue"
7451,fine-tuned,"Green,Orange,Orange,Red"
7452,fine-tuned,"Green,Red,Blue,Green"
7453,fine-tuned,"Red,Green,Orange,Red,Green"
7454,fine-tuned,"Red,Green,Green,Green"
7455,fine-tuned,"Green,Red,Blue,Green,Green"
7456,fine-tuned,"Yellow,Green,Red,Green,Red"
7457,fine-tuned,"Blue,Green,Blue"
7458,fine-tuned,"Blue,Red,Red,Red,Green"
7459,fine-tuned,"Blue,Green,Red,Red,Red,Blue"
7460,fine-tuned,"Blue,Green,Blue,Blue"
7461,fine-tuned,"Red,Orange,Green,Green,Blue"
7462,fine-tuned,"Green,Orange,Orange,Red"
7463,fine-tuned,"Yellow,Orange,Blue,Green,Green,Blue"
7464,fine-tuned,"Green,Blue,Orange,Red,Red,Green"
7465,fine-tuned,"Blue,Red,Orange,Blue,Orange"
7466,fine-tuned,"Green,Red,Blue,Red,Orange"
7467,fine-tuned,"Orange,Green,Blue,Green"
7468,fine-tuned,"Orange,Green,Blue,Red"
7469,fine-tuned,"Green,Red,Red,Blue,Red"
7470,fine-tuned,"Orange,Green,Blue,Red,Blue,Green"
7471,fine-tuned,"Yellow,Orange,Red,Blue,Red"
7472,fine-tuned,"Red,Green,Green,Blue"
7473,fine-tuned,"Yellow,Orange,Green,Blue,Blue,Red"
7474,fine-tuned,"Blue,Blue,Green,Blue,Red"
7475,fine-tuned,"Yellow,Green,Blue"
7476,fine-tuned,"Blue,Red,Red,Green,Green"
7477,fine-tuned,"Yellow,Green,Orange,Red,Orange,Red"
7478,fine-tuned,"Purple,Red,Blue,Red,Green"
7479,fine-tuned,"Red,Green,Green,Red,Orange"
7480,fine-tuned,"Yellow,Blue,Red,Red,Orange,Red"
7481,fine-tuned,"Green,Orange,Red,Red"
7482,fine-tuned,"Blue,Red,Red,Green,Orange"
7483,fine-tuned,"Blue,Green,Red,Orange,Red,Green"
7484,fine-tuned,"Red,Orange,Green,Blue,Red"
7485,fine-tuned,"Red,Blue,Green,Orange,Green,Red"
7486,fine-tuned,"Blue,Green,Blue,Green,Orange"
7487,fine-tuned,"Orange,Green,Green,Green"
7488,fine-tuned,"Red,Blue,Green"
7489,fine-tuned,"Yellow,Green,Red,Green,Blue,Orange"
7490,fine-tuned,"Green,Orange,Blue,Red,Orange,Blue"
7491,fine-tuned,"Red,Blue,Orange,Green,Green"
7492,fine-tuned,"Blue,Red,Green,Green,Red"
7493,fine-tuned,"Blue,Green,Orange,Red"
7494,fine-tuned,"Orange,Green,Red,Blue"
7495,fine-tuned,"Blue,Green,Blue,Orange,Blue,Green"
7496,fine-tuned,"Green,Blue,Red,Green,Red"
7497,fine-tuned,"Blue,Orange,Red,Green,Blue,Red"
7498,fine-tuned,"Red,Red,Blue,Orange"
7499,fine-tuned,"Orange,Blue,Purple,Red,Yellow,Red"
7500,fine-tuned,"Yellow,Orange,Blue,Red,Green,Red"
7501,fine-tuned,"Red,Orange,Red"
7502,fine-tuned,"Green,Orange,Red,Red"
7503,fine-tuned,"Blue,Red,Green,Red,Green"
7504,fine-tuned,"Green,Orange,Blue,Blue,Red"
7505,fine-tuned,"Blue,Orange,Blue,Green,Orange,Blue"
7506,fine-tuned,"Orange,Green,Green,Orange"
7507,fine-tuned,"Yellow,Green,Red,Blue,Blue,Red"
7508,fine-tuned,"Orange,Green,Orange,Blue,Green"
7509,fine-tuned,"Red,Green,Blue,Red"
7510,fine-tuned,"Red,Green,Orange,Blue,Blue,Green"
7511,fine-tuned,"Red,Green,Green,Orange"
7512,fine-tuned,"Blue,Orange,Green,Red,Green"
7513,fine-tuned,"Green,Orange,Blue,Green,Blue"
7514,fine-tuned,"Blue,Orange,Green,Red,Red"
7515,fine-tuned,"Blue,Green,Green,Orange,Blue,Red"
7516,fine-tuned,"Green,Red,Red,Orange,Orange"
7517,fine-tuned,"Red,Green,Green"
7518,fine-tuned,"Red,Orange,Green,Orange"
7519,fine-tuned,"Green,Blue,Orange,Red,Red,Green"
7520,fine-tuned,"Purple,Orange,Blue,Green"
7521,fine-tuned,"Yellow,Orange,Orange,Blue,Red,Red"
7522,fine-tuned,"Blue,Yellow,Purple,Orange,Orange,Blue"
7523,fine-tuned,"Red,Orange,Red,Blue,Orange,Red"
7524,fine-tuned,"Green,Blue,Red,Red,Red"
7525,fine-tuned,"Orange,Red,Red,Green,Orange"
7526,fine-tuned,"Green,Blue,Blue,Red"
7527,fine-tuned,"Green,Blue,Red,Orange,Green,Red"
7528,fine-tuned,"Orange,Blue,Green,Orange,Purple,Red"
7529,fine-tuned,"Blue,Red,Blue"
7530,fine-tuned,"Orange,Blue,Blue,Orange"
7531,fine-tuned,"Green,Orange,Blue,Blue"
7532,fine-tuned,"Yellow,Orange,Blue,Blue,Green"
7533,fine-tuned,"Red,Blue,Orange,Blue,Orange,Green"
7534,fine-tuned,"Red,Orange,Blue,Red,Blue,Green"
7535,fine-tuned,"Green,Blue,Blue,Red,Red,Orange"
7536,fine-tuned,"Yellow,Green,Orange,Blue,Red"
7537,fine-tuned,"Blue,Green,Orange,Blue,Orange"
7538,fine-tuned,"Orange,Green,Green,Red,Purple,Yellow"
7539,fine-tuned,"Red,Blue,Red,Green"
7540,fine-tuned,"Green,Orange,Green,Orange"
7541,fine-tuned,"Green,Red,Red,Green"
7542,fine-tuned,"Yellow,Red,Blue,Blue,Green"
7543,fine-tuned,"Orange,Green,Blue,Blue,Red,Red"
7544,fine-tuned,"Red,Blue,Green,Orange,Red"
7545,fine-tuned,"Yellow,Blue,Red,Green,Blue,Red"
7546,fine-tuned,"Orange,Blue,Purple,Green,Yellow,Blue"
7547,fine-tuned,"Yellow,Green,Orange,Red,Orange"
7548,fine-tuned,"Green,Orange,Orange"
7549,fine-tuned,"Orange,Blue,Blue,Green"
7550,fine-tuned,"Blue,Red,Orange,Red,Green"
7551,fine-tuned,"Red,Orange,Blue,Orange"
7552,fine-tuned,"Red,Green,Orange,Red"
7553,fine-tuned,"Blue,Orange,Red,Green,Green"
7554,fine-tuned,"Green,Red,Orange,Orange,Blue,Green"
7555,fine-tuned,"Green,Blue,Blue,Red,Red"
7556,fine-tuned,"Purple,Orange,Blue,Red,Orange"
7557,fine-tuned,"Blue,Orange,Blue,Red,Green"
7558,fine-tuned,"Red,Green,Green,Blue,Orange"
7559,fine-tuned,"Green,Orange,Blue,Blue,Blue,Green"
7560,fine-tuned,"Red,Green,Orange,Blue,Red"
7561,fine-tuned,"Red,Green,Green,Orange,Red,Orange"
7562,fine-tuned,"Blue,Blue,Red,Red,Green,Red"
7563,fine-tuned,"Orange,Purple,Yellow,Orange,Red,Purple"
7564,fine-tuned,"Green,Yellow,Blue,Red,Green,Yellow"
7565,fine-tuned,"Red,Orange,Green,Red"
7566,fine-tuned,"Blue,Blue,Green,Green"
7567,fine-tuned,"Red,Orange,Green,Green"
7568,fine-tuned,"Yellow,Green,Blue,Red,Green"
7569,fine-tuned,"Blue,Orange,Red,Orange"
7570,fine-tuned,"Red,Orange,Blue,Green,Green,Red"
7571,fine-tuned,"Purple,Green,Green,Blue,Red,Red"
7572,fine-tuned,"Green,Red,Orange,Blue,Red,Green"
7573,fine-tuned,"Blue,Orange,Green,Orange,Red"
7574,fine-tuned,"Red,Orange,Blue,Green"
7575,fine-tuned,"Red,Green,Orange,Blue,Red,Red"
7576,fine-tuned,"Red,Orange,Red,Orange"
7577,fine-tuned,"Green,Blue,Green,Red,Blue,Green"
7578,fine-tuned,"Green,Yellow,Green,Orange,Red,Red"
7579,fine-tuned,"Orange,Red,Green,Blue"
7580,fine-tuned,"Orange,Blue,Green,Blue,Green,Blue"
7581,fine-tuned,"Red,Green,Orange,Green,Blue,Green"
7582,fine-tuned,"Orange,Blue,Purple,Red,Blue,Green"
7583,fine-tuned,"Red,Green,Green,Orange"
7584,fine-tuned,"Yellow,Blue,Green,Green,Orange,Red"
7585,fine-tuned,"Yellow,Blue,Green,Red,Orange,Orange"
7586,fine-tuned,"Purple,Green,Red,Green,Green,Red"
7587,fine-tuned,"Blue,Orange,Red,Red,Red,Orange"
7588,fine-tuned,"Orange,Red,Green,Orange,Green,Red"
7589,fine-tuned,"Purple,Green,Red,Blue,Red"
7590,fine-tuned,"Purple,Green,Green,Orange,Orange"
7591,fine-tuned,"Yellow,Green,Green,Orange,Red,Orange"
7592,fine-tuned,"Blue,Red,Red,Orange,Red"
7593,fine-tuned,"Yellow,Blue,Green,Orange,Blue,Red"
7594,fine-tuned,"Blue,Green,Red,Red,Green"
7595,fine-tuned,"Yellow,Orange,Orange,Red,Green"
7596,fine-tuned,"Green,Blue,Orange,Red,Orange,Red"
7597,fine-tuned,"Red,Orange,Red,Orange"
7598,fine-tuned,"Purple,Orange,Green,Red,Red"
7599,fine-tuned,"Blue,Green,Red,Orange,Blue"
7600,fine-tuned,"Yellow,Blue,Orange,Green,Blue,Green"
7601,fine-tuned,"Green,Orange,Red,Red"
7602,fine-tuned,"Red,Green,Blue,Red,Orange"
7603,fine-tuned,"Red,Orange,Green,Green,Blue,Red"
7604,fine-tuned,"Orange,Green,Blue,Red,Green"
7605,fine-tuned,"Orange,Blue,Blue,Green,Green"
7606,fine-tuned,"Blue,Red,Green,Blue,Green,Red"
7607,fine-tuned,"Blue,Red,Green,Orange,Orange,Green"
7608,fine-tuned,"Yellow,Blue,Red,Orange,Red"
7609,fine-tuned,"Green,Red,Green,Orange,Red"
7610,fine-tuned,"Red,Blue,Red,Green,Green"
7611,fine-tuned,"Yellow,Blue,Green,Green,Green"
7612,fine-tuned,"Green,Red,Blue,Green,Blue,Red"
7613,fine-tuned,"Blue,Green,Green,Orange,Green,Green"
7614,fine-tuned,"Red,Orange,Blue,Blue,Green"
7615,fine-tuned,"Green,Blue,Orange,Blue,Green"
7616,fine-tuned,"Green,Orange,Red,Blue"
7617,fine-tuned,"Red,Blue,Green,Blue,Green,Orange"
7618,fine-tuned,"Blue,Red,Green,Red,Green"
7619,fine-tuned,"Red,Orange,Blue,Blue,Orange"
7620,fine-tuned,"Yellow,Red,Blue,Orange,Green,Orange"
7621,fine-tuned,"Orange,Blue,Green,Orange,Blue"
7622,fine-tuned,"Blue,Green,Orange"
7623,fine-tuned,"Blue,Green,Orange,Red,Blue"
7624,fine-tuned,"Orange,Red,Green,Green,Red"
7625,fine-tuned,"Green,Red,Blue,Red,Orange"
7626,fine-tuned,"Green,Red,Orange,Blue"
7627,fine-tuned,"Red,Blue,Red,Green,Blue"
7628,fine-tuned,"Orange,Red,Green"
7629,fine-tuned,"Red,Orange,Blue,Red"
7630,fine-tuned,"Red,Blue,Orange,Green"
7631,fine-tuned,"Purple,Red,Orange,Orange"
7632,fine-tuned,"Purple,Green,Blue,Orange,Blue,Red"
7633,fine-tuned,"Red,Blue,Orange,Red,Blue,Green"
7634,fine-tuned,"Blue,Green,Orange,Orange"
7635,fine-tuned,"Orange,Purple,Yellow,Blue,Red,Blue"
7636,fine-tuned,"Yellow,Green,Blue,Orange,Red,Red"
7637,fine-tuned,"Blue,Green,Orange,Orange,Blue,Green"
7638,fine-tuned,"Blue,Red,Red,Orange,Red"
7639,fine-tuned,"Yellow,Orange,Green,Blue"
7640,fine-tuned,"Yellow,Blue,Green,Blue,Red,Orange"
7641,fine-tuned,"Orange,Blue,Green"
7642,fine-tuned,"Green,Blue,Blue,Orange,Red"
7643,fine-tuned,"Purple,Blue,Blue,Orange"
7644,fine-tuned,"Blue,Green,Red,Orange,Green,Red"
7645,fine-tuned,"Red,Green,Red,Red"
7646,fine-tuned,"Yellow,Orange,Red,Blue,Green,Red"
7647,fine-tuned,"Yellow,Green,Green"
7648,fine-tuned,"Green,Blue,Green,Red"
7649,fine-tuned,"Yellow,Orange,Blue,Green,Orange"
7650,fine-tuned,"Red,Orange,Red,Orange"
7651,fine-tuned,"Yellow,Blue,Green,Blue,Green,Red"
7652,fine-tuned,"Blue,Orange,Green,Red,Red"
7653,fine-tuned,"Red,Blue,Green,Red"
7654,fine-tuned,"Blue,Orange,Green,Red"
7655,fine-tuned,"Green,Red,Orange,Red,Blue"
7656,fine-tuned,"Red,Blue,Orange,Red"
7657,fine-tuned,"Green,Orange,Blue,Orange,Green,Blue"
7658,fine-tuned,"Green,Green,Red,Green,Red,Blue"
7659,fine-tuned,"Green,Blue,Orange,Red"
7660,fine-tuned,"Blue,Orange,Red,Green,Orange"
7661,fine-tuned,"Yellow,Green,Red,Orange,Green,Blue"
7662,fine-tuned,"Blue,Orange,Green,Red,Green"
7663,fine-tuned,"Blue,Orange,Blue,Red,Red,Red"
7664,fine-tuned,"Red,Green,Orange,Red"
7665,fine-tuned,"Purple,Green,Green,Orange,Blue,Orange"
7666,fine-tuned,"Blue,Red,Green,Orange,Blue"
7667,fine-tuned,"Orange,Red,Blue"
7668,fine-tuned,"Blue,Red,Green,Blue,Red"
7669,fine-tuned,"Yellow,Blue,Green,Green,Red,Orange"
7670,fine-tuned,"Green,Blue,Green,Orange"
7671,fine-tuned,"Yellow,Green,Orange,Blue,Red,Green"
7672,fine-tuned,"Yellow,Orange,Green,Blue,Red,Orange"
7673,fine-tuned,"Green,Orange"
7674,fine-tuned,"Purple,Blue,Red,Orange,Blue"
7675,fine-tuned,"Red,Orange,Green,Blue,Blue"
7676,fine-tuned,"Blue,Green,Red,Orange,Blue,Green"
7677,fine-tuned,"Blue,Green,Red,Blue,Green"
7678,fine-tuned,"Yellow,Green,Green,Orange,Red"
7679,fine-tuned,"Blue,Red,Red,Green"
7680,fine-tuned,"Green,Green,Orange,Red,Green"
7681,fine-tuned,"Yellow,Red,Green,Blue,Orange,Green"
7682,fine-tuned,"Blue,Red,Orange,Green,Red"
7683,fine-tuned,"Orange,Blue,Blue,Orange,Green,Orange"
7684,fine-tuned,"Purple,Green,Green,Red,Orange"
7685,fine-tuned,"Red,Orange,Green"
7686,fine-tuned,"Blue,Green,Orange,Orange,Blue,Blue"
7687,fine-tuned,"Blue,Red,Orange,Green,Blue,Blue"
7688,fine-tuned,"Green,Red,Green,Orange,Orange"
7689,fine-tuned,"Orange,Blue,Purple,Purple,Orange,Red"
7690,fine-tuned,"Blue,Green,Red,Orange,Red"
7691,fine-tuned,"Yellow,Green,Blue,Red,Green,Red"
7692,fine-tuned,"Orange,Blue,Green,Orange,Red"
7693,fine-tuned,"Red,Orange,Blue,Green,Green,Green"
7694,fine-tuned,"Yellow,Green,Orange,Green,Blue,Green"
7695,fine-tuned,"Orange,Green,Red,Red,Blue"
7696,fine-tuned,"Yellow,Orange,Green,Blue,Green"
7697,fine-tuned,"Orange,Green,Blue,Orange"
7698,fine-tuned,"Purple,Blue,Blue,Red,Blue"
7699,fine-tuned,"Purple,Orange,Red,Green"
7700,fine-tuned,"Red,Blue,Orange,Blue,Green"
7701,fine-tuned,"Blue,Red,Green,Green,Red,Green"
7702,fine-tuned,"Red,Green,Green,Blue,Orange,Blue"
7703,fine-tuned,"Yellow,Green,Green"
7704,fine-tuned,"Blue,Red,Green,Green,Orange"
7705,fine-tuned,"Yellow,Green,Blue,Red"
7706,fine-tuned,"Red,Blue,Green,Orange,Red"
7707,fine-tuned,"Blue,Orange,Green,Orange,Green"
7708,fine-tuned,"Blue,Blue,Red,Green,Orange,Red"
7709,fine-tuned,"Purple,Blue,Orange,Green"
7710,fine-tuned,"Yellow,Green,Red,Orange"
7711,fine-tuned,"Purple,Red,Green,Red,Orange"
7712,fine-tuned,"Yellow,Green,Blue,Red,Blue"
7713,fine-tuned,"Yellow,Orange,Blue,Red,Green"
7714,fine-tuned,"Blue,Green,Red,Orange,Green"
7715,fine-tuned,"Blue,Orange,Blue,Green,Red"
7716,fine-tuned,"Yellow,Green,Blue,Red,Red"
7717,fine-tuned,"Purple,Green,Orange,Red,Blue,Orange"
7718,fine-tuned,"Red,Orange,Green,Orange,Red,Blue"
7719,fine-tuned,"Green,Red,Orange"
7720,fine-tuned,"Yellow,Red,Red,Orange"
7721,fine-tuned,"Red,Green,Orange,Blue,Red,Orange"
7722,fine-tuned,"Blue,Red,Red,Orange"
7723,fine-tuned,"Green,Blue,Orange,Red,Blue,Blue"
7724,fine-tuned,"Red,Orange,Green,Green,Blue"
7725,fine-tuned,"Blue,Green,Orange,Red,Red,Blue"
7726,fine-tuned,"Yellow,Blue,Green,Red,Red"
7727,fine-tuned,"Purple,Red,Orange,Blue,Orange"
7728,fine-tuned,"Orange,Red,Green,Green,Red,Blue"
7729,fine-tuned,"Yellow,Blue,Orange,Green,Red,Red"
7730,fine-tuned,"Orange,Blue,Green,Blue,Red,Green"
7731,fine-tuned,"Red,Green,Orange,Blue,Red"
7732,fine-tuned,"Red,Green"
7733,fine-tuned,"Yellow,Orange,Blue,Green"
7734,fine-tuned,"Green,Blue,Green,Orange,Blue"
7735,fine-tuned,"Green,Blue,Red,Green,Green,Orange"
7736,fine-tuned,"Purple,Green,Red,Red,Green"
7737,fine-tuned,"Green,Orange,Red,Blue,Green"
7738,fine-tuned,"Red,Green,Blue,Red,Orange"
7739,fine-tuned,"Blue,Green,Red,Red"
7740,fine-tuned,"Yellow,Green,Blue,Red,Red,Blue"
7741,fine-tuned,"Green,Blue,Red,Green,Red,Green"
7742,fine-tuned,"Blue,Green,Red,Red,Blue,Orange"
7743,fine-tuned,"Green,Yellow,Blue,Purple,Orange,Orange"
7744,fine-tuned,"Blue,Red,Red,Red,Red,Green"
7745,fine-tuned,"Orange,Blue,Green,Red,Red"
7746,fine-tuned,"Blue,Red,Green,Green,Green"
7747,fine-tuned,"Green,Blue,Green"
7748,fine-tuned,"Green,Red,Orange"
7749,fine-tuned,"Green,Orange,Blue,Green,Green"
7750,fine-tuned,"Blue,Red,Green"
7751,fine-tuned,"Green,Purple,Red,Orange,Blue,Green"
7752,fine-tuned,"Blue,Green,Orange,Red"
7753,fine-tuned,"Blue,Blue,Red,Red"
7754,fine-tuned,"Blue,Orange,Green,Blue"
7755,fine-tuned,"Orange,Blue,Green,Red,Blue,Green"
7756,fine-tuned,"Red,Red,Red,Green,Red,Red"
7757,fine-tuned,"Yellow,Green,Blue,Blue,Red"
7758,fine-tuned,"Green,Red,Red"
7759,fine-tuned,"Red,Orange,Blue,Red,Green"
7760,fine-tuned,"Red,Green,Blue,Green,Red"
7761,fine-tuned,"Green,Orange,Blue,Red,Green"
7762,fine-tuned,"Blue,Orange,Orange,Green"
7763,fine-tuned,"Red,Green"
7764,fine-tuned,"Yellow,Green,Blue,Orange,Green,Blue"
7765,fine-tuned,"Red,Orange,Green,Orange"
7766,fine-tuned,"Purple,Blue,Green,Red,Orange"
7767,fine-tuned,"Orange,Green,Blue,Orange,Red"
7768,fine-tuned,"Green,Blue,Red,Red,Blue"
7769,fine-tuned,"Blue,Green,Red"
7770,fine-tuned,"Blue,Green,Green,Orange,Orange,Red"
7771,fine-tuned,"Yellow,Green,Blue,Orange,Blue"
7772,fine-tuned,"Yellow,Blue,Red,Green,Blue,Red"
7773,fine-tuned,"Blue,Green,Red"
7774,fine-tuned,"Blue,Orange,Red,Green"
7775,fine-tuned,"Purple,Orange,Blue,Blue,Red"
7776,fine-tuned,"Green,Red,Green,Orange,Red"
7777,fine-tuned,"Yellow,Blue,Orange,Green,Green,Green"
7778,fine-tuned,"Orange,Purple,Yellow,Green,Blue,Green"
7779,fine-tuned,"Blue,Orange,Red,Green,Orange"
7780,fine-tuned,"Yellow,Green,Blue,Blue,Red,Blue"
7781,fine-tuned,"Purple,Orange,Blue,Red,Red,Green"
7782,fine-tuned,"Yellow,Orange,Blue"
7783,fine-tuned,"Yellow,Blue,Green,Red,Red,Blue"
7784,fine-tuned,"Green,Red,Orange,Green,Red,Green"
7785,fine-tuned,"Yellow,Green,Orange,Blue,Red,Green"
7786,fine-tuned,"Blue,Green,Red,Orange,Red"
7787,fine-tuned,"Red,Orange,Green"
7788,fine-tuned,"Orange,Green,Red"
7789,fine-tuned,"Red,Orange,Blue,Blue"
7790,fine-tuned,"Green,Blue,Red,Orange,Red"
7791,fine-tuned,"Blue,Green,Orange,Red"
7792,fine-tuned,"Yellow,Blue,Green,Red,Green"
7793,fine-tuned,"Blue,Red,Red,Red,Green"
7794,fine-tuned,"Orange,Blue,Red,Blue,Blue,Blue"
7795,fine-tuned,"Blue,Orange,Orange,Green,Green,Red"
7796,fine-tuned,"Red,Green,Blue,Orange,Green"
7797,fine-tuned,"Blue,Green,Green,Orange,Red"
7798,fine-tuned,"Purple,Blue,Red,Red,Blue"
7799,fine-tuned,"Orange,Blue,Orange,Green,Red,Orange"
7800,fine-tuned,"Purple,Green,Blue,Green,Red"
7801,fine-tuned,"Yellow,Orange,Red,Green"
7802,fine-tuned,"Blue,Orange,Red,Orange"
7803,fine-tuned,"Red,Green,Orange,Red,Green,Red"
7804,fine-tuned,"Green,Red,Red,Green"
7805,fine-tuned,"Green,Orange,Blue,Blue,Red"
7806,fine-tuned,"Blue,Green,Red,Orange"
7807,fine-tuned,"Blue,Red,Green,Red,Red"
7808,fine-tuned,"Blue,Orange,Green,Orange,Red"
7809,fine-tuned,"Red,Green,Blue,Green,Orange,Blue"
7810,fine-tuned,"Blue,Red,Green,Red,Orange"
7811,fine-tuned,"Yellow,Blue,Red,Orange,Green"
7812,fine-tuned,"Blue,Orange,Red"
7813,fine-tuned,"Blue,Red,Red,Green,Orange,Red"
7814,fine-tuned,"Orange,Purple,Red,Blue,Orange,Red"
7815,fine-tuned,"Red,Green,Orange,Blue,Green,Red"
7816,fine-tuned,"Yellow,Orange,Blue,Blue"
7817,fine-tuned,"Red,Orange,Green,Red,Blue,Green"
7818,fine-tuned,"Yellow,Orange,Red,Blue,Blue"
7819,fine-tuned,"Red,Blue,Blue,Red"
7820,fine-tuned,"Red,Green,Red,Blue,Orange,Green"
7821,fine-tuned,"Blue,Green,Red,Orange,Red,Red"
7822,fine-tuned,"Yellow,Orange,Red,Green"
7823,fine-tuned,"Blue,Orange,Green,Green"
7824,fine-tuned,"Red,Green,Orange,Red"
7825,fine-tuned,"Orange,Green,Blue,Red,Blue"
7826,fine-tuned,"Yellow,Orange,Red,Green,Blue"
7827,fine-tuned,"Purple,Blue,Green,Orange,Red,Orange"
7828,fine-tuned,"Blue,Orange,Blue,Green,Orange,Green"
7829,fine-tuned,"Blue,Green,Green,Blue,Red"
7830,fine-tuned,"Purple,Blue,Green,Red"
7831,fine-tuned,"Green,Blue,Orange,Blue,Red,Green"
7832,fine-tuned,"Orange,Blue,Green,Blue,Red"
7833,fine-tuned,"Red,Green,Blue"
7834,fine-tuned,"Red,Blue,Blue,Orange,Orange"
7835,fine-tuned,"Red,Green,Blue,Red"
7836,fine-tuned,"Red,Green,Orange,Red"
7837,fine-tuned,"Yellow,Red,Blue,Green,Red,Orange"
7838,fine-tuned,"Blue,Orange,Green,Red,Green,Red"
7839,fine-tuned,"Blue,Red,Orange,Blue"
7840,fine-tuned,"Red,Blue"
7841,fine-tuned,"Purple,Red,Green,Orange,Blue"
7842,fine-tuned,"Red,Blue,Orange"
7843,fine-tuned,"Green,Red,Blue,Orange,Orange"
7844,fine-tuned,"Yellow,Orange,Red,Blue,Red,Green"
7845,fine-tuned,"Red,Green,Green,Green,Blue,Red"
7846,fine-tuned,"Orange,Red,Yellow,Blue,Purple,Blue"
7847,fine-tuned,"Yellow,Blue,Red,Red,Green"
7848,fine-tuned,"Green,Blue,Orange,Blue,Green"
7849,fine-tuned,"Red,Green,Red,Orange"
7850,fine-tuned,"Red,Red,Blue,Green,Blue"
7851,fine-tuned,"Red,Orange,Blue,Orange,Blue,Red"
7852,fine-tuned,"Red,Orange,Blue"
7853,fine-tuned,"Green,Blue,Green,Orange,Blue"
7854,fine-tuned,"Red,Blue,Blue"
7855,fine-tuned,"Green,Blue"
7856,fine-tuned,"Green,Green,Blue,Green,Orange"
7857,fine-tuned,"Green,Orange,Blue,Red,Blue"
7858,fine-tuned,"Green,Red,Blue,Orange,Orange"
7859,fine-tuned,"Blue,Green,Orange"
7860,fine-tuned,"Red,Blue,Orange,Red,Green,Orange"
7861,fine-tuned,"Blue,Orange,Blue,Red"
7862,fine-tuned,"Yellow,Blue,Orange,Green,Red"
7863,fine-tuned,"Blue,Orange,Red,Red,Green,Red"
7864,fine-tuned,"Green,Green,Orange,Blue,Orange"
7865,fine-tuned,"Yellow,Green,Blue,Green"
7866,fine-tuned,"Blue,Red,Green,Orange,Red,Green"
7867,fine-tuned,"Blue,Orange,Green,Orange,Red"
7868,fine-tuned,"Green,Red"
7869,fine-tuned,"Red,Green,Orange,Red,Red"
7870,fine-tuned,"Yellow,Red,Orange,Blue,Green"
7871,fine-tuned,"Green,Red,Blue,Red,Blue,Red"
7872,fine-tuned,"Red,Red,Orange"
7873,fine-tuned,"Green,Orange,Blue"
7874,fine-tuned,"Yellow,Green,Blue,Red,Green,Blue"
7875,fine-tuned,"Orange,Purple,Green,Yellow,Blue,Red"
7876,fine-tuned,"Green,Blue,Orange,Blue"
7877,fine-tuned,"Red,Blue,Green,Orange,Blue,Red"
7878,fine-tuned,"Yellow,Orange,Green,Green,Red,Orange"
7879,fine-tuned,"Purple,Green,Green,Orange,Red,Blue"
7880,fine-tuned,"Red,Blue,Blue,Red,Blue"
7881,fine-tuned,"Red,Green,Red,Orange"
7882,fine-tuned,"Green,Red,Blue,Orange"
7883,fine-tuned,"Yellow,Red,Green,Red,Green,Red"
7884,fine-tuned,"Green,Blue,Orange,Red,Orange"
7885,fine-tuned,"Blue,Red,Green,Red,Orange"
7886,fine-tuned,"Yellow,Red,Green,Red,Blue,Green"
7887,fine-tuned,"Green,Orange,Blue,Green,Blue"
7888,fine-tuned,"Blue,Red,Orange,Green"
7889,fine-tuned,"Yellow,Green,Orange"
7890,fine-tuned,"Purple,Orange,Red,Green,Blue,Red"
7891,fine-tuned,"Blue,Red,Orange,Red,Red"
7892,fine-tuned,"Green,Blue,Blue,Blue,Orange,Red"
7893,fine-tuned,"Yellow,Red,Blue,Green,Orange,Orange"
7894,fine-tuned,"Red,Green,Red,Green"
7895,fine-tuned,"Orange,Blue,Red,Blue,Green"
7896,fine-tuned,"Red,Orange,Green,Red,Blue,Green"
7897,fine-tuned,"Green,Orange,Orange,Red,Blue"
7898,fine-tuned,"Orange,Blue,Green,Red,Blue,Blue"
7899,fine-tuned,"Purple,Red,Green,Orange,Red"
7900,fine-tuned,"Red,Green,Orange,Red,Blue"
7901,fine-tuned,"Green,Blue,Green,Orange,Green"
7902,fine-tuned,"Blue,Orange"
7903,fine-tuned,"Red,Green,Red,Blue,Green"
7904,fine-tuned,"Orange,Green,Green,Blue,Green"
7905,fine-tuned,"Red,Blue,Orange,Green,Blue,Green"
7906,fine-tuned,"Green,Blue,Red,Blue,Green"
7907,fine-tuned,"Blue,Green,Orange,Blue"
7908,fine-tuned,"Green,Orange,Orange,Green,Red"
7909,fine-tuned,"Blue,Green,Green,Blue,Red,Red"
7910,fine-tuned,"Green,Orange,Blue,Green,Green"
7911,fine-tuned,"Purple,Blue,Red,Green,Blue"
7912,fine-tuned,"Blue,Orange,Green,Blue"
7913,fine-tuned,"Red,Red,Orange,Blue"
7914,fine-tuned,"Red,Blue,Red,Orange,Blue,Green"
7915,fine-tuned,"Yellow,Green,Green,Blue,Orange,Red"
7916,fine-tuned,"Yellow,Green,Blue,Red,Green"
7917,fine-tuned,"Blue,Red,Green,Red"
7918,fine-tuned,"Purple,Red,Red,Green,Orange,Red"
7919,fine-tuned,"Blue,Green,Orange,Red,Red"
7920,fine-tuned,"Red,Orange,Blue,Red"
7921,fine-tuned,"Red,Orange,Red,Green"
7922,fine-tuned,"Green,Blue,Orange,Blue"
7923,fine-tuned,"Purple,Orange,Blue,Blue,Red"
7924,fine-tuned,"Red,Orange,Blue,Green"
7925,fine-tuned,"Blue,Green,Orange,Orange,Blue"
7926,fine-tuned,"Orange,Green,Red,Green,Blue"
7927,fine-tuned,"Green,Red,Blue,Green,Green,Green"
7928,fine-tuned,"Yellow,Orange,Blue,Green,Blue"
7929,fine-tuned,"Yellow,Red,Blue,Red,Red"
7930,fine-tuned,"Yellow,Orange,Green,Red,Orange,Red"
7931,fine-tuned,"Orange,Red,Green,Orange,Green,Orange"
7932,fine-tuned,"Orange,Blue,Green,Orange"
7933,fine-tuned,"Blue,Orange,Blue,Red,Green,Orange"
7934,fine-tuned,"Blue,Orange,Red,Red,Green"
7935,fine-tuned,"Red,Green,Red,Blue,Green,Red"
7936,fine-tuned,"Yellow,Blue,Green,Red,Green,Orange"
7937,fine-tuned,"Orange,Blue,Green,Green,Yellow,Purple"
7938,fine-tuned,"Orange,Blue,Red,Blue,Blue"
7939,fine-tuned,"Blue,Orange,Green,Red,Orange"
7940,fine-tuned,"Orange,Blue,Blue,Green,Green"
7941,fine-tuned,"Blue,Red,Orange,Red,Green"
7942,fine-tuned,"Red,Orange,Red,Green"
7943,fine-tuned,"Blue,Green,Orange,Blue"
7944,fine-tuned,"Green,Red,Orange,Blue,Blue"
7945,fine-tuned,"Blue,Red,Orange,Red,Blue,Red"
7946,fine-tuned,"Red,Blue,Orange,Red"
7947,fine-tuned,"Green,Blue,Red,Orange,Orange,Red"
7948,fine-tuned,"Yellow,Blue,Green,Red,Red,Blue"
7949,fine-tuned,"Orange,Green,Blue,Red"
7950,fine-tuned,"Blue,Red,Green,Green,Orange"
7951,fine-tuned,"Blue,Green,Orange"
7952,fine-tuned,"Purple,Orange,Green,Red,Orange,Green"
7953,fine-tuned,"Purple,Blue,Green,Red,Orange,Red"
7954,fine-tuned,"Red,Red,Green,Green,Orange"
7955,fine-tuned,"Blue,Orange"
7956,fine-tuned,"Red,Blue,Green,Green"
7957,fine-tuned,"Orange,Green,Green,Green,Orange"
7958,fine-tuned,"Purple,Red,Blue,Green,Red"
7959,fine-tuned,"Purple,Blue,Orange,Blue,Blue,Orange"
7960,fine-tuned,"Green,Orange,Blue,Red,Orange"
7961,fine-tuned,"Orange,Blue,Red,Green,Green"
7962,fine-tuned,"Red,Blue,Green"
7963,fine-tuned,"Orange,Purple,Blue,Yellow,Purple,Green"
7964,fine-tuned,"Purple,Green,Orange,Blue,Orange"
7965,fine-tuned,"Red,Orange,Blue"
7966,fine-tuned,"Red,Green,Orange,Red,Red,Red"
7967,fine-tuned,"Blue,Orange,Green,Green,Green"
7968,fine-tuned,"Red,Blue,Green,Orange,Blue"
7969,fine-tuned,"Orange,Purple,Purple,Red,Yellow,Purple"
7970,fine-tuned,"Yellow,Blue,Green,Orange,Red,Blue"
7971,fine-tuned,"Orange,Blue,Green,Red,Blue,Green"
7972,fine-tuned,"Blue,Red,Blue,Red,Red,Orange"
7973,fine-tuned,"Green,Orange,Red,Red"
7974,fine-tuned,"Purple,Red,Orange,Red,Orange"
7975,fine-tuned,"Red,Orange,Green,Red,Blue"
7976,fine-tuned,"Purple,Green,Yellow,Purple,Green,Blue"
7977,fine-tuned,"Purple,Orange,Blue,Blue,Red,Blue"
7978,fine-tuned,"Red,Blue,Orange,Green"
7979,fine-tuned,"Blue,Orange,Green,Red,Orange"
7980,fine-tuned,"Red,Green,Red,Red,Red"
7981,fine-tuned,"Yellow,Red,Blue,Red,Green,Blue"
7982,fine-tuned,"Yellow,Red,Blue,Red,Orange"
7983,fine-tuned,"Red,Orange,Green,Blue,Orange"
7984,fine-tuned,"Yellow,Red,Blue,Green"
7985,fine-tuned,"Purple,Blue,Orange,Red,Red"
7986,fine-tuned,"Orange,Blue,Orange,Orange,Green,Blue"
7987,fine-tuned,"Orange,Red,Green,Red,Green,Orange"
7988,fine-tuned,"Orange,Blue,Green"
7989,fine-tuned,"Blue,Red,Green,Orange"
7990,fine-tuned,"Green,Orange,Orange,Red"
7991,fine-tuned,"Yellow,Red,Green,Blue,Red,Orange"
7992,fine-tuned,"Red,Orange,Blue,Green,Blue"
7993,fine-tuned,"Blue,Green,Green,Blue,Green,Green"
7994,fine-tuned,"Blue,Green,Green,Blue,Red,Blue"
7995,fine-tuned,"Green,Red,Blue,Green,Blue"
7996,fine-tuned,"Orange,Blue,Blue,Green,Blue"
7997,fine-tuned,"Green,Orange,Red,Green,Red"
7998,fine-tuned,"Red,Blue,Orange,Green,Blue"
7999,fine-tuned,"Orange,Green,Red,Blue,Red,Green"
8000,fine-tuned,"Yellow,Orange,Green,Red,Blue"
8001,fine-tuned,"Blue,Red,Orange"
8002,fine-tuned,"Green,Orange,Red,Red,Blue"
8003,fine-tuned,"Purple,Red,Orange,Blue,Green"
8004,fine-tuned,"Red,Green,Orange,Blue,Green"
8005,fine-tuned,"Yellow,Blue,Red,Green,Green,Green"
8006,fine-tuned,"Red,Orange,Blue,Green,Orange"
8007,fine-tuned,"Yellow,Green,Red,Blue,Green,Orange"
8008,fine-tuned,"Red,Blue,Orange,Blue,Red"
8009,fine-tuned,"Orange,Green,Red,Blue"
8010,fine-tuned,"Orange,Red,Green,Red,Green"
8011,fine-tuned,"Red,Orange,Green,Green,Blue,Red"
8012,fine-tuned,"Yellow,Blue,Orange,Green,Blue"
8013,fine-tuned,"Purple,Blue,Green,Orange,Red,Green"
8014,fine-tuned,"Orange,Green,Red,Blue,Red,Blue"
8015,fine-tuned,"Blue,Red,Red,Orange,Green"
8016,fine-tuned,"Green,Red,Blue,Orange,Red"
8017,fine-tuned,"Orange,Green,Blue,Green"
8018,fine-tuned,"Green,Orange,Blue,Red,Blue"
8019,fine-tuned,"Red,Blue,Orange,Red"
8020,fine-tuned,"Orange,Green,Blue,Red"
8021,fine-tuned,"Blue,Green,Red,Red,Blue,Green"
8022,fine-tuned,"Orange,Blue,Red,Blue,Green,Red"
8023,fine-tuned,"Blue,Green,Green,Orange,Red"
8024,fine-tuned,"Green,Red,Blue,Blue,Orange"
8025,fine-tuned,"Yellow,Blue,Blue,Red,Green,Green"
8026,fine-tuned,"Red,Green,Red,Orange,Orange,Red"
8027,fine-tuned,"Purple,Blue,Green,Red,Green,Orange"
8028,fine-tuned,"Purple,Blue,Orange,Orange,Red"
8029,fine-tuned,"Green,Red"
8030,fine-tuned,"Orange,Green,Red,Green,Purple,Orange"
8031,fine-tuned,"Green,Green,Orange,Red,Blue"
8032,fine-tuned,"Purple,Blue,Green,Orange,Red,Orange"
8033,fine-tuned,"Blue,Green,Red,Red,Red,Red"
8034,fine-tuned,"Orange,Yellow,Purple,Green,Red,Red"
8035,fine-tuned,"Blue,Red,Red,Green,Green"
8036,fine-tuned,"Blue,Green,Green,Orange,Green"
8037,fine-tuned,"Blue,Orange,Red,Green,Green,Blue"
8038,fine-tuned,"Purple,Red,Orange,Blue,Red"
8039,fine-tuned,"Red,Blue,Green,Red,Blue,Orange"
8040,fine-tuned,"Yellow,Blue,Blue,Red,Blue"
8041,fine-tuned,"Green,Red,Orange,Orange"
8042,fine-tuned,"Green,Red,Red,Orange,Red"
8043,fine-tuned,"Blue,Orange,Red,Green,Orange,Orange"
8044,fine-tuned,"Red,Blue,Green,Red,Orange,Red"
8045,fine-tuned,"Yellow,Blue,Red,Red,Green"
8046,fine-tuned,"Blue,Orange,Green,Green,Blue"
8047,fine-tuned,"Yellow,Red,Orange,Blue"
8048,fine-tuned,"Green,Blue,Red,Orange"
8049,fine-tuned,"Blue,Red,Red,Green,Red,Green"
8050,fine-tuned,"Green,Red,Red,Blue,Orange"
8051,fine-tuned,"Yellow,Red,Red,Blue,Green,Red"
8052,fine-tuned,"Purple,Orange"
8053,fine-tuned,"Yellow,Blue,Red,Green,Green"
8054,fine-tuned,"Yellow,Orange,Blue,Red,Green"
8055,fine-tuned,"Blue,Orange,Blue,Green,Green"
8056,fine-tuned,"Red,Red,Green,Red"
8057,fine-tuned,"Purple,Green,Orange,Blue,Red"
8058,fine-tuned,"Blue,Blue,Green,Orange,Orange"
8059,fine-tuned,"Blue,Green,Green,Red,Blue"
8060,fine-tuned,"Red,Blue,Green,Red,Blue,Green"
8061,fine-tuned,"Yellow,Orange,Red,Red,Red"
8062,fine-tuned,"Green,Blue,Red,Red,Orange"
8063,fine-tuned,"Yellow,Green,Blue,Red,Orange,Red"
8064,fine-tuned,"Blue,Red,Green,Orange,Red"
8065,fine-tuned,"Green,Blue"
8066,fine-tuned,"Red,Orange,Red,Green,Blue,Blue"
8067,fine-tuned,"Red,Green,Orange,Blue,Orange,Blue"
8068,fine-tuned,"Blue,Green,Orange,Red,Red"
8069,fine-tuned,"Yellow,Orange,Green"
8070,fine-tuned,"Blue,Orange,Green,Blue,Green"
8071,fine-tuned,"Purple,Green,Red,Blue,Green"
8072,fine-tuned,"Green,Orange,Red,Blue,Orange"
8073,fine-tuned,"Green,Red,Blue,Blue,Red,Orange"
8074,fine-tuned,"Red,Orange,Blue,Red,Green"
8075,fine-tuned,"Red,Green,Green,Orange,Orange"
8076,fine-tuned,"Orange,Blue,Green,Blue,Red,Green"
8077,fine-tuned,"Yellow,Green,Red,Green,Blue,Red"
8078,fine-tuned,"Yellow,Blue,Green,Orange,Red"
8079,fine-tuned,"Blue,Orange,Green,Green,Red"
8080,fine-tuned,"Red,Green,Blue,Red,Blue"
8081,fine-tuned,"Red,Blue,Blue,Green,Red,Red"
8082,fine-tuned,"Orange,Blue,Green,Blue,Red,Red"
8083,fine-tuned,"Yellow,Orange,Red,Blue"
8084,fine-tuned,"Red,Green,Orange,Blue,Orange,Blue"
8085,fine-tuned,"Green,Orange,Red,Blue,Red"
8086,fine-tuned,"Yellow,Orange,Blue,Orange,Green"
8087,fine-tuned,"Yellow,Orange,Red,Red,Green,Green"
8088,fine-tuned,"Blue,Orange,Green,Red,Green"
8089,fine-tuned,"Blue,Green,Blue,Orange"
8090,fine-tuned,"Green,Orange,Red,Blue,Blue"
8091,fine-tuned,"Purple,Blue,Red,Red"
8092,fine-tuned,"Yellow,Green,Green,Orange,Blue"
8093,fine-tuned,"Orange,Red,Blue,Green,Red,Blue"
8094,fine-tuned,"Green,Orange,Red,Green,Green,Red"
8095,fine-tuned,"Blue,Green,Green,Orange"
8096,fine-tuned,"Red,Orange,Blue,Green,Green,Blue"
8097,fine-tuned,"Red,Orange,Blue,Red"
8098,fine-tuned,"Purple,Orange,Green,Blue"
8099,fine-tuned,"Green,Blue,Red,Green,Orange"
8100,fine-tuned,"Blue,Green,Orange,Red,Blue,Red"
8101,fine-tuned,"Blue,Green,Orange,Orange,Red"
8102,fine-tuned,"Orange,Yellow,Blue,Green,Yellow,Green"
8103,fine-tuned,"Blue,Green,Orange,Orange,Green,Red"
8104,fine-tuned,"Orange,Yellow,Purple,Blue,Red,Blue"
8105,fine-tuned,"Yellow,Orange,Blue,Red,Red,Orange"
8106,fine-tuned,"Orange,Green,Red,Yellow,Blue,Orange"
8107,fine-tuned,"Blue,Orange,Green,Orange,Orange,Blue"
8108,fine-tuned,"Yellow,Red,Blue,Red,Green,Red"
8109,fine-tuned,"Green,Blue,Red,Orange,Red"
8110,fine-tuned,"Blue,Red,Green,Orange"
8111,fine-tuned,"Green,Orange,Red,Blue"
8112,fine-tuned,"Purple,Red,Blue,Green,Orange,Blue"
8113,fine-tuned,"Blue,Red,Red,Blue,Red"
8114,fine-tuned,"Yellow,Red,Red,Blue,Green,Green"
8115,fine-tuned,"Red,Green,Red,Blue,Red"
8116,fine-tuned,"Red,Orange,Red,Orange"
8117,fine-tuned,"Orange,Green,Blue,Green,Red,Blue"
8118,fine-tuned,"Yellow,Blue,Orange,Red,Green,Blue"
8119,fine-tuned,"Red,Green,Green,Orange,Green"
8120,fine-tuned,"Blue,Red,Green,Orange,Blue"
8121,fine-tuned,"Blue,Green,Yellow,Blue,Yellow,Purple"
8122,fine-tuned,"Red,Blue,Orange,Red,Blue"
8123,fine-tuned,"Red,Green,Orange,Blue,Orange"
8124,fine-tuned,"Orange,Blue,Green,Red"
8125,fine-tuned,"Blue,Green,Green"
8126,fine-tuned,"Green,Blue,Yellow,Red,Red,Purple"
8127,fine-tuned,"Green,Orange,Orange,Blue,Red"
8128,fine-tuned,"Green,Orange,Blue,Green,Blue"
8129,fine-tuned,"Purple,Green,Orange,Yellow,Red,Orange"
8130,fine-tuned,"Red,Green,Blue,Red,Orange,Green"
8131,fine-tuned,"Blue,Orange,Green,Green,Orange,Green"
8132,fine-tuned,"Blue,Green,Orange,Red,Blue,Orange"
8133,fine-tuned,"Purple,Orange,Blue,Red,Red"
8134,fine-tuned,"Green,Red,Green"
8135,fine-tuned,"Orange,Green,Blue,Green,Red,Orange"
8136,fine-tuned,"Green,Orange,Blue,Green"
8137,fine-tuned,"Green,Red,Orange,Green,Red"
8138,fine-tuned,"Orange,Blue,Green,Green,Red"
8139,fine-tuned,"Yellow,Red,Green,Blue"
8140,fine-tuned,"Red,Orange,Green,Green,Blue"
8141,fine-tuned,"Green,Green,Blue,Red"
8142,fine-tuned,"Green,Orange,Red,Green,Red,Orange"
8143,fine-tuned,"Red,Green,Orange,Blue,Red"
8144,fine-tuned,"Yellow,Orange,Blue,Red,Orange,Green"
8145,fine-tuned,"Red,Blue,Green,Red,Orange,Red"
8146,fine-tuned,"Purple,Orange,Green,Green,Blue,Blue"
8147,fine-tuned,"Blue,Green,Orange,Red,Blue,Green"
8148,fine-tuned,"Green,Blue,Green,Blue,Red,Blue"
8149,fine-tuned,"Purple,Green,Blue,Red,Green,Orange"
8150,fine-tuned,"Purple,Blue,Red,Orange,Blue,Green"
8151,fine-tuned,"Red,Blue,Green,Red,Orange,Green"
8152,fine-tuned,"Orange,Blue,Red,Blue,Orange"
8153,fine-tuned,"Orange,Red,Green,Red,Blue,Red"
8154,fine-tuned,"Red,Orange,Blue,Red,Orange"
8155,fine-tuned,"Yellow,Green,Blue,Red,Orange,Red"
8156,fine-tuned,"Yellow,Orange,Red,Green"
8157,fine-tuned,"Green,Blue,Blue,Orange"
8158,fine-tuned,"Green,Red,Orange,Blue,Red"
8159,fine-tuned,"Blue,Green,Red,Red,Orange,Blue"
8160,fine-tuned,"Green,Red,Blue,Green,Red"
8161,fine-tuned,"Red,Blue,Red,Green,Red,Blue"
8162,fine-tuned,"Yellow,Green,Blue,Red,Orange,Blue"
8163,fine-tuned,"Blue,Orange,Blue,Orange,Red"
8164,fine-tuned,"Blue,Blue,Green,Orange,Green,Blue"
8165,fine-tuned,"Red,Blue,Green,Green,Blue,Blue"
8166,fine-tuned,"Yellow,Green,Blue,Orange,Blue,Orange"
8167,fine-tuned,"Green,Red"
8168,fine-tuned,"Yellow,Orange,Green,Green,Red,Blue"
8169,fine-tuned,"Purple,Green,Green,Red,Red,Orange"
8170,fine-tuned,"Blue,Green,Blue,Orange,Orange"
8171,fine-tuned,"Blue,Green,Yellow,Purple,Orange,Red"
8172,fine-tuned,"Green,Orange,Blue,Green,Blue,Red"
8173,fine-tuned,"Orange,Green,Red,Orange"
8174,fine-tuned,"Red,Blue,Orange,Green,Green"
8175,fine-tuned,"Red,Orange,Blue,Green,Green"
8176,fine-tuned,"Red,Orange,Blue,Orange,Red,Red"
8177,fine-tuned,"Blue,Green,Orange,Blue,Green"
8178,fine-tuned,"Blue,Green,Red,Green,Red"
8179,fine-tuned,"Yellow,Red,Blue,Red,Green"
8180,fine-tuned,"Blue,Orange,Red,Red,Green"
8181,fine-tuned,"Red,Green,Orange,Blue"
8182,fine-tuned,"Green,Blue,Orange,Green,Blue,Blue"
8183,fine-tuned,"Red,Red,Red,Orange"
8184,fine-tuned,"Red,Orange,Green,Green,Orange"
8185,fine-tuned,"Purple,Orange,Blue,Red,Blue"
8186,fine-tuned,"Red,Blue,Green,Red"
8187,fine-tuned,"Orange,Blue,Orange,Blue,Green"
8188,fine-tuned,"Red,Green,Red,Blue,Blue"
8189,fine-tuned,"Blue,Red,Green,Red"
8190,fine-tuned,"Red,Green,Orange,Blue"
8191,fine-tuned,"Blue,Orange,Blue,Orange,Orange,Blue"
8192,fine-tuned,"Blue,Green,Orange,Green"
8193,fine-tuned,"Blue,Green,Orange,Red,Orange,Orange"
8194,fine-tuned,"Blue,Green,Red,Orange,Blue"
8195,fine-tuned,"Yellow,Blue,Red,Green,Green"
8196,fine-tuned,"Red,Green,Green,Orange,Red"
8197,fine-tuned,"Orange,Green,Red,Purple,Blue,Red"
8198,fine-tuned,"Blue,Orange,Green,Red"
8199,fine-tuned,"Orange,Blue,Green,Yellow,Blue,Orange"
8200,fine-tuned,"Red,Orange,Blue,Green"
8201,fine-tuned,"Purple,Blue,Orange,Green,Red"
8202,fine-tuned,"Blue,Orange,Green,Orange,Red"
8203,fine-tuned,"Yellow,Orange,Orange,Blue,Green"
8204,fine-tuned,"Yellow,Green,Red,Orange,Red,Blue"
8205,fine-tuned,"Blue,Green,Orange"
8206,fine-tuned,"Green,Blue,Red,Red"
8207,fine-tuned,"Green,Red,Blue,Blue,Orange"
8208,fine-tuned,"Red,Orange,Green,Green,Blue"
8209,fine-tuned,"Red,Orange,Green,Blue,Green"
8210,fine-tuned,"Red,Green,Orange,Orange,Blue"
8211,fine-tuned,"Orange,Red,Blue,Red,Red"
8212,fine-tuned,"Red,Green,Blue,Green,Blue,Blue"
8213,fine-tuned,"Yellow,Blue,Red,Green,Red"
8214,fine-tuned,"Red,Orange,Blue,Green"
8215,fine-tuned,"Red,Green,Green,Green,Red"
8216,fine-tuned,"Yellow,Red,Green,Red,Blue,Red"
8217,fine-tuned,"Blue,Red,Red,Green,Green,Red"
8218,fine-tuned,"Purple,Orange,Green,Blue"
8219,fine-tuned,"Red,Green,Blue,Blue,Orange"
8220,fine-tuned,"Red,Green,Red"
8221,fine-tuned,"Blue,Green,Red,Red,Red"
8222,fine-tuned,"Red,Blue,Blue,Red,Red,Blue"
8223,fine-tuned,"Yellow,Blue,Orange,Red,Orange"
8224,fine-tuned,"Blue,Red,Orange,Green"
8225,fine-tuned,"Green,Green,Green,Red"
8226,fine-tuned,"Orange,Blue,Red,Blue,Blue,Green"
8227,fine-tuned,"Red,Blue,Green,Orange"
8228,fine-tuned,"Orange,Green,Blue,Orange,Blue,Red"
8229,fine-tuned,"Yellow,Blue,Red,Red,Green"
8230,fine-tuned,"Green,Blue,Blue,Green"
8231,fine-tuned,"Purple,Green,Green,Red,Red"
8232,fine-tuned,"Blue,Orange,Blue,Red"
8233,fine-tuned,"Red,Red,Red,Green"
8234,fine-tuned,"Yellow,Orange,Red,Orange,Green"
8235,fine-tuned,"Blue,Red,Red,Blue,Orange,Red"
8236,fine-tuned,"Green,Orange,Blue"
8237,fine-tuned,"Orange,Green,Green,Blue"
8238,fine-tuned,"Yellow,Green,Blue,Orange,Green,Green"
8239,fine-tuned,"Orange,Blue,Green,Red,Blue,Green"
8240,fine-tuned,"Red,Green,Green,Blue,Orange"
8241,fine-tuned,"Orange,Green,Red,Blue,Red,Orange"
8242,fine-tuned,"Yellow,Orange,Orange,Red,Green"
8243,fine-tuned,"Blue,Blue,Green,Orange,Orange,Green"
8244,fine-tuned,"Blue,Green,Orange,Red,Purple,Yellow"
8245,fine-tuned,"Red,Green,Blue,Green"
8246,fine-tuned,"Blue,Orange,Green"
8247,fine-tuned,"Red,Orange,Blue,Red,Red,Green"
8248,fine-tuned,"Purple,Orange,Green"
8249,fine-tuned,"Yellow,Blue,Orange,Green,Green"
8250,fine-tuned,"Red,Green"
8251,fine-tuned,"Purple,Green,Blue,Orange,Red,Yellow"
8252,fine-tuned,"Blue,Red,Green,Orange,Red,Green"
8253,fine-tuned,"Orange,Green,Red,Blue,Blue,Green"
8254,fine-tuned,"Blue,Green,Green,Green,Green,Green"
8255,fine-tuned,"Orange,Green,Yellow,Red,Green,Blue"
8256,fine-tuned,"Green,Blue,Green,Red,Orange,Blue"
8257,fine-tuned,"Green,Orange,Red,Green,Orange"
8258,fine-tuned,"Red,Orange,Blue,Green,Blue,Red"
8259,fine-tuned,"Green,Green,Blue,Orange,Green"
8260,fine-tuned,"Yellow,Blue,Green,Red,Green,Blue"
8261,fine-tuned,"Purple,Green,Orange,Red,Blue"
8262,fine-tuned,"Purple,Green,Orange"
8263,fine-tuned,"Yellow,Green,Green,Blue,Red,Blue"
8264,fine-tuned,"Blue,Green,Orange"
8265,fine-tuned,"Blue,Red,Red,Blue"
8266,fine-tuned,"Orange,Blue,Green,Orange,Red"
8267,fine-tuned,"Red,Green,Blue,Orange,Green"
8268,fine-tuned,"Yellow,Green,Red,Red,Blue"
8269,fine-tuned,"Orange,Green,Green,Red"
8270,fine-tuned,"Blue,Red,Orange,Green,Green"
8271,fine-tuned,"Blue,Orange,Red,Green,Orange,Red"
8272,fine-tuned,"Orange,Blue,Yellow,Red,Purple,Red"
8273,fine-tuned,"Yellow,Blue,Red,Green,Orange,Green"
8274,fine-tuned,"Green,Orange,Blue,Blue,Red"
8275,fine-tuned,"Yellow,Green,Blue,Orange,Green,Red"
8276,fine-tuned,"Orange,Blue,Red,Blue,Red"
8277,fine-tuned,"Green,Red,Blue,Red,Orange"
8278,fine-tuned,"Orange,Blue,Green"
8279,fine-tuned,"Purple,Green,Green,Red"
8280,fine-tuned,"Yellow,Red,Orange,Orange,Green"
8281,fine-tuned,"Green,Orange,Blue,Red,Orange"
8282,fine-tuned,"Yellow,Orange,Red,Red,Blue"
8283,fine-tuned,"Red,Red,Green,Green,Blue,Blue"
8284,fine-tuned,"Blue,Green,Red,Orange,Blue"
8285,fine-tuned,"Yellow,Orange,Green,Blue,Red"
8286,fine-tuned,"Green,Red,Blue,Red,Orange"
8287,fine-tuned,"Green,Blue,Orange,Blue,Red"
8288,fine-tuned,"Red,Blue,Green,Blue,Orange,Green"
8289,fine-tuned,"Yellow,Green,Purple,Blue,Yellow,Purple"
8290,fine-tuned,"Orange,Blue,Green,Blue,Red,Green"
8291,fine-tuned,"Green,Orange,Red,Blue,Green,Red"
8292,fine-tuned,"Purple,Green,Red,Blue,Red"
8293,fine-tuned,"Blue,Green,Blue,Green,Orange"
8294,fine-tuned,"Green,Orange,Green,Blue,Red"
8295,fine-tuned,"Blue,Yellow,Green,Yellow,Purple,Red"
8296,fine-tuned,"Red,Blue,Red,Orange,Green,Blue"
8297,fine-tuned,"Yellow,Green,Red,Blue"
8298,fine-tuned,"Yellow,Blue,Green,Orange,Green,Red"
8299,fine-tuned,"Blue,Orange,Red,Green,Red"
8300,fine-tuned,"Red,Green"
8301,fine-tuned,"Red,Orange,Red"
8302,fine-tuned,"Blue,Green,Red,Red,Orange"
8303,fine-tuned,"Yellow,Green,Orange"
8304,fine-tuned,"Blue,Red,Green,Red"
8305,fine-tuned,"Purple,Blue,Blue,Green,Red,Red"
8306,fine-tuned,"Green,Green,Blue,Orange,Green"
8307,fine-tuned,"Red,Blue,Orange,Green,Green"
8308,fine-tuned,"Purple,Green,Green,Red,Green"
8309,fine-tuned,"Red,Blue,Blue,Orange,Red"
8310,fine-tuned,"Red,Blue,Green,Red,Green"
8311,fine-tuned,"Orange,Green,Blue,Red,Red,Blue"
8312,fine-tuned,"Orange,Blue,Red,Blue,Green"
8313,fine-tuned,"Blue,Orange,Green,Red,Orange,Red"
8314,fine-tuned,"Yellow,Blue,Orange,Red,Green,Red"
8315,fine-tuned,"Purple,Red,Green,Blue,Blue"
8316,fine-tuned,"Red,Green,Orange,Orange"
8317,fine-tuned,"Yellow,Green,Blue,Green,Green"
8318,fine-tuned,"Red,Red,Blue,Green,Orange"
8319,fine-tuned,"Green,Orange,Blue,Red,Red"
8320,fine-tuned,"Blue,Green"
8321,fine-tuned,"Blue,Orange,Red,Red,Green,Red"
8322,fine-tuned,"Green,Orange,Blue,Red,Green"
8323,fine-tuned,"Blue,Green,Red,Orange,Red"
8324,fine-tuned,"Blue,Orange,Orange,Green,Red,Green"
8325,fine-tuned,"Orange,Blue"
8326,fine-tuned,"Blue,Green,Red"
8327,fine-tuned,"Orange,Green,Red,Blue,Blue,Green"
8328,fine-tuned,"Yellow,Blue,Green,Red,Orange,Green"
8329,fine-tuned,"Orange,Blue,Green,Blue,Yellow,Green"
8330,fine-tuned,"Yellow,Orange,Blue,Orange,Green,Red"
8331,fine-tuned,"Purple,Red,Blue,Green,Orange"
8332,fine-tuned,"Purple,Blue,Green,Green,Blue,Green"
8333,fine-tuned,"Blue,Red,Orange,Blue,Red,Red"
8334,fine-tuned,"Red,Blue,Orange,Blue,Red"
8335,fine-tuned,"Purple,Orange,Green,Orange,Blue"
8336,fine-tuned,"Orange,Purple,Green,Blue,Green,Yellow"
8337,fine-tuned,"Blue,Red,Green,Green,Red,Blue"
8338,fine-tuned,"Orange,Yellow,Blue,Orange,Green,Blue"
8339,fine-tuned,"Yellow,Blue,Blue,Red"
8340,fine-tuned,"Yellow,Blue,Red,Green,Red,Red"
8341,fine-tuned,"Red,Blue,Orange,Orange,Green,Red"
8342,fine-tuned,"Red,Blue,Blue,Green,Orange,Blue"
8343,fine-tuned,"Green,Orange,Red"
8344,fine-tuned,"Purple,Orange,Blue,Green,Red"
8345,fine-tuned,"Green,Orange,Blue,Green,Red,Green"
8346,fine-tuned,"Red,Green,Orange,Blue,Blue,Red"
8347,fine-tuned,"Blue,Blue,Orange,Green,Orange,Blue"
8348,fine-tuned,"Green,Red,Blue,Orange,Red"
8349,fine-tuned,"Purple,Green,Red,Blue,Green"
8350,fine-tuned,"Blue,Red,Green,Green,Orange,Orange"
8351,fine-tuned,"Green,Blue,Orange,Red,Red"
8352,fine-tuned,"Orange,Green,Blue,Green,Blue,Red"
8353,fine-tuned,"Yellow,Orange,Blue,Red,Blue,Green"
8354,fine-tuned,"Purple,Red,Blue,Green,Green,Green"
8355,fine-tuned,"Green,Red,Blue,Red,Red,Blue"
8356,fine-tuned,"Red,Green,Green,Orange,Red"
8357,fine-tuned,"Blue,Red,Red,Green,Blue"
8358,fine-tuned,"Red,Green,Red,Blue,Green,Red"
8359,fine-tuned,"Orange,Blue,Green,Red,Red"
8360,fine-tuned,"Green,Red,Blue,Green"
8361,fine-tuned,"Red,Green,Green,Blue,Orange,Blue"
8362,fine-tuned,"Purple,Red,Green,Orange,Green,Red"
8363,fine-tuned,"Blue,Blue,Green,Blue,Blue,Blue"
8364,fine-tuned,"Purple,Orange,Green,Red,Blue,Green"
8365,fine-tuned,"Blue,Green,Orange,Red,Blue,Red"
8366,fine-tuned,"Yellow,Red,Orange,Green,Green"
8367,fine-tuned,"Blue,Green,Orange,Red"
8368,fine-tuned,"Green,Orange,Blue,Blue,Green,Red"
8369,fine-tuned,"Red,Green,Orange,Green,Blue"
8370,fine-tuned,"Green,Blue,Orange,Blue,Orange,Green"
8371,fine-tuned,"Blue,Green,Red,Red"
8372,fine-tuned,"Red,Blue,Green,Green"
8373,fine-tuned,"Green,Blue,Green,Orange,Red,Red"
8374,fine-tuned,"Blue,Red,Blue,Green,Red"
8375,fine-tuned,"Purple,Green,Orange,Blue,Red,Blue"
8376,fine-tuned,"Blue,Green,Blue,Red,Green,Red"
8377,fine-tuned,"Orange,Blue,Orange,Red,Green"
8378,fine-tuned,"Orange,Green,Red,Red,Red"
8379,fine-tuned,"Blue,Green,Blue"
8380,fine-tuned,"Red,Green,Red,Orange,Blue,Green"
8381,fine-tuned,"Purple,Green,Blue,Red,Orange"
8382,fine-tuned,"Green,Blue,Orange,Red,Green"
8383,fine-tuned,"Green,Orange,Blue,Red,Blue,Red"
8384,fine-tuned,"Blue,Blue"
8385,fine-tuned,"Blue,Green,Red,Orange,Green,Blue"
8386,fine-tuned,"Blue,Green,Orange,Red"
8387,fine-tuned,"Yellow,Green,Orange,Green,Orange"
8388,fine-tuned,"Green,Blue,Orange,Green,Red,Blue"
8389,fine-tuned,"Red,Blue"
8390,fine-tuned,"Red,Green,Red,Blue"
8391,fine-tuned,"Red,Blue,Red,Green,Blue"
8392,fine-tuned,"Yellow,Blue,Green,Green,Green,Blue"
8393,fine-tuned,"Purple,Green,Green,Orange,Green,Red"
8394,fine-tuned,"Red,Red,Green,Green,Orange"
8395,fine-tuned,"Yellow,Blue,Orange,Green,Red,Orange"
8396,fine-tuned,"Blue,Red,Green,Red,Red,Green"
8397,fine-tuned,"Blue,Red,Green,Blue,Orange"
8398,fine-tuned,"Green,Red,Red,Orange,Green"
8399,fine-tuned,"Red,Red,Blue,Green,Green,Green"
8400,fine-tuned,"Green,Blue,Green,Blue,Green,Blue"
8401,fine-tuned,"Orange,Blue,Red,Green,Blue,Red"
8402,fine-tuned,"Green,Red,Blue,Red,Green"
8403,fine-tuned,"Blue,Red,Red,Orange,Green"
8404,fine-tuned,"Yellow,Red,Blue,Green,Blue"
8405,fine-tuned,"Blue,Orange,Blue,Green"
8406,fine-tuned,"Green,Red,Red,Red,Orange"
8407,fine-tuned,"Red,Blue,Blue,Orange,Green,Red"
8408,fine-tuned,"Yellow,Green,Orange"
8409,fine-tuned,"Red,Blue,Orange,Green"
8410,fine-tuned,"Orange,Blue,Orange,Green,Red,Orange"
8411,fine-tuned,"Yellow,Green,Red,Red,Orange,Blue"
8412,fine-tuned,"Green,Orange,Blue,Red,Blue"
8413,fine-tuned,"Orange,Red,Green"
8414,fine-tuned,"Blue,Orange,Red,Green,Red"
8415,fine-tuned,"Blue,Orange,Red,Red,Orange,Blue"
8416,fine-tuned,"Green,Orange,Blue,Green,Orange"
8417,fine-tuned,"Blue,Red,Green,Green,Orange"
8418,fine-tuned,"Blue,Green,Blue"
8419,fine-tuned,"Green,Blue,Orange,Blue,Blue"
8420,fine-tuned,"Green,Red,Orange,Red"
8421,fine-tuned,"Green,Green,Blue,Blue"
8422,fine-tuned,"Orange,Green,Green,Red,Blue"
8423,fine-tuned,"Red,Blue,Orange,Orange,Red,Blue"
8424,fine-tuned,"Red,Green,Blue,Orange,Blue"
8425,fine-tuned,"Orange,Blue,Red,Green,Orange"
8426,fine-tuned,"Blue,Green,Red,Orange"
8427,fine-tuned,"Yellow,Blue,Green,Red,Green,Green"
8428,fine-tuned,"Blue,Green,Red,Blue,Red,Red"
8429,fine-tuned,"Blue,Green,Orange,Yellow,Blue,Purple"
8430,fine-tuned,"Orange,Blue,Green,Red,Red"
8431,fine-tuned,"Green,Orange,Red"
8432,fine-tuned,"Yellow,Green,Blue,Red,Green,Green"
8433,fine-tuned,"Red,Green,Orange,Blue,Red,Orange"
8434,fine-tuned,"Red,Blue,Red,Blue,Green"
8435,fine-tuned,"Blue,Green,Orange,Red,Purple,Red"
8436,fine-tuned,"Purple,Green,Red,Orange,Green,Orange"
8437,fine-tuned,"Red,Orange,Blue,Green,Green"
8438,fine-tuned,"Blue,Red,Red,Blue"
8439,fine-tuned,"Yellow,Orange,Orange"
8440,fine-tuned,"Blue,Green,Yellow,Red,Green,Purple"
8441,fine-tuned,"Purple,Blue,Red,Orange,Green,Red"
8442,fine-tuned,"Orange,Purple,Blue,Purple,Yellow,Purple"
8443,fine-tuned,"Red,Orange,Green,Blue,Orange"
8444,fine-tuned,"Green,Yellow,Purple,Blue,Red,Blue"
8445,fine-tuned,"Yellow,Red,Green,Orange,Blue,Blue"
8446,fine-tuned,"Yellow,Orange,Red,Orange"
8447,fine-tuned,"Orange,Red,Green,Green,Orange"
8448,fine-tuned,"Blue,Orange,Green,Red,Red"
8449,fine-tuned,"Blue,Green,Orange,Red,Blue,Orange"
8450,fine-tuned,"Blue,Green,Green,Orange,Blue"
8451,fine-tuned,"Red,Green,Orange"
8452,fine-tuned,"Orange,Blue,Green,Orange,Red"
8453,fine-tuned,"Green,Orange,Blue,Red,Green,Orange"
8454,fine-tuned,"Blue,Blue,Green,Green,Red"
8455,fine-tuned,"Blue,Orange,Red,Blue"
8456,fine-tuned,"Orange,Blue,Green,Blue,Green,Green"
8457,fine-tuned,"Green,Blue,Green,Blue,Blue"
8458,fine-tuned,"Green,Blue,Green,Orange,Orange,Red"
8459,fine-tuned,"Orange,Orange,Orange,Blue,Blue"
8460,fine-tuned,"Blue,Orange,Green,Blue"
8461,fine-tuned,"Red,Orange,Green,Blue,Orange"
8462,fine-tuned,"Red,Blue,Orange,Green,Green,Orange"
8463,fine-tuned,"Blue,Green,Orange,Red,Red,Red"
8464,fine-tuned,"Green,Yellow,Red,Red,Purple,Red"
8465,fine-tuned,"Red,Blue,Red,Blue,Green,Green"
8466,fine-tuned,"Blue,Green,Red,Blue,Red,Red"
8467,fine-tuned,"Yellow,Orange,Blue,Orange"
8468,fine-tuned,"Red,Blue,Blue,Orange,Green,Blue"
8469,fine-tuned,"Red,Blue,Green,Red,Green"
8470,fine-tuned,"Blue,Green,Orange,Red,Blue"
8471,fine-tuned,"Blue,Red,Red,Orange,Red,Orange"
8472,fine-tuned,"Red,Red,Green,Blue,Orange,Blue"
8473,fine-tuned,"Blue,Red,Orange"
8474,fine-tuned,"Orange,Green,Yellow,Blue,Red,Purple"
8475,fine-tuned,"Yellow,Orange,Blue,Green,Blue,Red"
8476,fine-tuned,"Blue,Green,Yellow,Yellow,Red,Green"
8477,fine-tuned,"Red,Green,Red,Orange"
8478,fine-tuned,"Red,Blue,Green"
8479,fine-tuned,"Green,Blue,Blue,Red"
8480,fine-tuned,"Purple,Red,Red,Blue,Green,Green"
8481,fine-tuned,"Purple,Green,Orange,Orange,Red"
8482,fine-tuned,"Red,Orange,Blue,Green,Blue,Red"
8483,fine-tuned,"Blue,Orange,Green,Orange"
8484,fine-tuned,"Yellow,Orange,Green,Orange,Green,Blue"
8485,fine-tuned,"Green,Blue,Orange,Green,Blue,Orange"
8486,fine-tuned,"Blue,Green,Red,Green,Red,Orange"
8487,fine-tuned,"Blue,Green,Red,Orange,Blue,Red"
8488,fine-tuned,"Orange,Blue,Blue,Green,Red"
8489,fine-tuned,"Blue,Red,Red,Green,Green"
8490,fine-tuned,"Yellow,Red,Blue,Orange,Green,Green"
8491,fine-tuned,"Orange,Red,Blue,Blue,Green,Blue"
8492,fine-tuned,"Red,Orange,Blue,Blue,Orange,Orange"
8493,fine-tuned,"Yellow,Orange,Blue,Red,Green,Blue"
8494,fine-tuned,"Green,Purple,Yellow,Purple,Red,Green"
8495,fine-tuned,"Blue,Red,Orange,Green,Red"
8496,fine-tuned,"Orange,Green,Purple,Green,Orange,Red"
8497,fine-tuned,"Green,Blue,Red,Red"
8498,fine-tuned,"Green,Blue,Green,Blue,Green,Green"
8499,fine-tuned,"Purple,Blue,Red,Green,Green"
8500,fine-tuned,"Red,Blue,Red,Blue,Orange"
8501,fine-tuned,"Blue,Green,Blue,Orange,Green"
8502,fine-tuned,"Yellow,Blue,Green,Green,Blue"
8503,fine-tuned,"Green,Red,Green,Green,Red"
8504,fine-tuned,"Orange,Blue,Blue,Green"
8505,fine-tuned,"Blue,Red,Green,Red"
8506,fine-tuned,"Green,Red,Red,Orange,Green"
8507,fine-tuned,"Green,Blue,Orange,Red,Blue"
8508,fine-tuned,"Red,Green,Blue,Blue,Blue,Orange"
8509,fine-tuned,"Blue,Green,Blue,Orange,Green"
8510,fine-tuned,"Blue,Red,Green,Red"
8511,fine-tuned,"Purple,Green,Blue,Green,Green"
8512,fine-tuned,"Purple,Green,Red,Green,Purple,Yellow"
8513,fine-tuned,"Red,Blue,Blue,Blue,Green,Green"
8514,fine-tuned,"Purple,Green,Red,Green,Orange,Red"
8515,fine-tuned,"Green,Red,Orange"
8516,fine-tuned,"Yellow,Blue,Green,Orange,Green"
8517,fine-tuned,"Orange,Green,Red,Green,Purple,Yellow"
8518,fine-tuned,"Red,Orange,Green,Orange,Red"
8519,fine-tuned,"Orange,Green,Blue,Blue,Green,Red"
8520,fine-tuned,"Green,Blue,Red,Orange,Blue"
8521,fine-tuned,"Blue,Green,Green,Red,Orange"
8522,fine-tuned,"Red,Red,Orange,Orange,Green"
8523,fine-tuned,"Red,Orange,Blue,Green,Red,Blue"
8524,fine-tuned,"Yellow,Orange,Red,Red,Blue,Red"
8525,fine-tuned,"Green,Orange,Red,Orange"
8526,fine-tuned,"Red,Blue,Green,Blue"
8527,fine-tuned,"Orange,Red,Green,Blue,Orange,Green"
8528,fine-tuned,"Orange,Blue,Red,Yellow,Orange,Red"
8529,fine-tuned,"Blue,Orange,Green,Red,Red"
8530,fine-tuned,"Red,Red,Orange"
8531,fine-tuned,"Green,Red,Orange,Blue,Red,Red"
8532,fine-tuned,"Purple,Green,Red,Red,Blue,Red"
8533,fine-tuned,"Purple,Red,Green,Orange,Red,Green"
8534,fine-tuned,"Green,Red,Blue,Blue,Green"
8535,fine-tuned,"Blue,Orange,Red,Red,Green"
8536,fine-tuned,"Yellow,Blue,Red,Blue,Red,Red"
8537,fine-tuned,"Green,Orange,Blue,Red"
8538,fine-tuned,"Green,Blue,Purple,Yellow,Blue,Green"
8539,fine-tuned,"Yellow,Blue,Blue,Red,Green,Green"
8540,fine-tuned,"Green,Blue,Blue,Blue,Blue,Orange"
8541,fine-tuned,"Blue,Orange,Orange,Blue,Green"
8542,fine-tuned,"Green,Red,Green,Orange,Blue,Green"
8543,fine-tuned,"Green,Red,Blue,Green,Blue,Red"
8544,fine-tuned,"Blue,Green,Orange,Red"
8545,fine-tuned,"Orange,Blue,Orange,Green,Orange,Red"
8546,fine-tuned,"Green,Red,Red,Blue,Red,Red"
8547,fine-tuned,"Purple,Red,Green,Orange,Orange"
8548,fine-tuned,"Red,Green,Blue,Blue,Green"
8549,fine-tuned,"Blue,Orange,Red,Green"
8550,fine-tuned,"Blue,Red,Red"
8551,fine-tuned,"Green,Orange,Blue,Red,Red,Green"
8552,fine-tuned,"Blue,Green,Orange,Blue,Green"
8553,fine-tuned,"Red,Green,Red,Blue,Green,Orange"
8554,fine-tuned,"Yellow,Blue,Orange,Green,Red"
8555,fine-tuned,"Red,Blue,Green,Green,Orange,Orange"
8556,fine-tuned,"Blue,Green,Orange,Red,Green,Red"
8557,fine-tuned,"Yellow,Green,Blue,Orange,Blue,Red"
8558,fine-tuned,"Yellow,Green,Orange,Orange,Red,Blue"
8559,fine-tuned,"Green,Orange,Red,Blue,Red,Red"
8560,fine-tuned,"Yellow,Green,Red,Green,Blue,Blue"
8561,fine-tuned,"Purple,Red,Green,Blue,Red"
8562,fine-tuned,"Blue,Orange,Green,Blue"
8563,fine-tuned,"Green,Orange,Blue,Blue,Red"
8564,fine-tuned,"Yellow,Red,Blue,Red,Orange,Blue"
8565,fine-tuned,"Red,Orange,Orange,Green,Red,Blue"
8566,fine-tuned,"Blue,Orange,Blue,Green"
8567,fine-tuned,"Red,Green,Green,Blue,Green,Red"
8568,fine-tuned,"Blue,Red,Orange,Green,Red"
8569,fine-tuned,"Orange,Red,Blue,Green,Yellow,Purple"
8570,fine-tuned,"Orange,Green,Blue,Red,Red"
8571,fine-tuned,"Blue,Orange,Green,Red,Green"
8572,fine-tuned,"Purple,Orange,Blue,Green,Green"
8573,fine-tuned,"Green,Blue,Green,Red,Blue"
8574,fine-tuned,"Yellow,Green,Red,Blue,Green,Blue"
8575,fine-tuned,"Red,Green,Orange,Blue,Green"
8576,fine-tuned,"Blue,Orange,Red"
8577,fine-tuned,"Green,Red,Green,Red,Green"
8578,fine-tuned,"Yellow,Orange,Red,Blue,Green"
8579,fine-tuned,"Yellow,Orange,Orange,Orange,Red"
8580,fine-tuned,"Blue,Green,Red,Green,Blue"
8581,fine-tuned,"Red,Red,Orange,Green,Green"
8582,fine-tuned,"Yellow,Green,Blue,Green,Orange"
8583,fine-tuned,"Green,Blue,Orange,Red,Green,Red"
8584,fine-tuned,"Blue,Green,Orange"
8585,fine-tuned,"Green,Red,Red,Green"
8586,fine-tuned,"Green,Blue,Red"
8587,fine-tuned,"Blue,Green,Green,Orange,Blue"
8588,fine-tuned,"Orange,Green,Red,Red,Yellow,Red"
8589,fine-tuned,"Red,Orange,Orange"
8590,fine-tuned,"Blue,Orange,Red,Red,Green"
8591,fine-tuned,"Orange,Yellow,Blue,Purple,Green,Purple"
8592,fine-tuned,"Red,Green,Blue,Orange,Red,Blue"
8593,fine-tuned,"Yellow,Orange,Blue,Red,Blue"
8594,fine-tuned,"Red,Blue,Green,Red,Green,Orange"
8595,fine-tuned,"Blue,Orange,Orange,Green,Red"
8596,fine-tuned,"Red,Red,Green,Orange,Red"
8597,fine-tuned,"Orange,Blue,Green,Yellow,Green,Red"
8598,fine-tuned,"Red,Green,Blue,Blue,Red,Green"
8599,fine-tuned,"Purple,Blue,Blue,Green,Orange,Green"
8600,fine-tuned,"Blue,Orange,Red,Red"
8601,fine-tuned,"Yellow,Orange,Orange,Blue,Green,Green"
8602,fine-tuned,"Red,Red,Blue,Orange,Green"
8603,fine-tuned,"Blue,Blue,Green,Orange"
8604,fine-tuned,"Green,Blue,Green,Red,Green,Blue"
8605,fine-tuned,"Yellow,Red,Red,Green,Orange,Green"
8606,fine-tuned,"Purple,Green,Green,Blue,Blue"
8607,fine-tuned,"Green,Blue,Green,Red,Orange"
8608,fine-tuned,"Green,Orange,Blue,Green"
8609,fine-tuned,"Blue,Blue,Blue,Orange,Blue"
8610,fine-tuned,"Blue,Red,Green,Red,Orange"
8611,fine-tuned,"Purple,Blue,Orange,Green,Green,Orange"
8612,fine-tuned,"Orange,Blue,Green,Orange"
8613,fine-tuned,"Yellow,Blue,Blue,Red,Red,Blue"
8614,fine-tuned,"Yellow,Green,Orange,Red,Blue,Red"
8615,fine-tuned,"Yellow,Green,Red,Orange,Blue,Blue"
8616,fine-tuned,"Blue,Red,Green,Red,Green"
8617,fine-tuned,"Yellow,Blue,Green,Orange"
8618,fine-tuned,"Orange,Red,Green,Orange,Green,Orange"
8619,fine-tuned,"Blue,Red,Orange,Orange,Red"
8620,fine-tuned,"Blue,Green,Orange,Blue,Green"
8621,fine-tuned,"Blue,Green,Orange,Green,Blue"
8622,fine-tuned,"Blue,Orange,Red,Orange,Red"
8623,fine-tuned,"Red,Green,Orange,Red"
8624,fine-tuned,"Green,Red,Blue,Green"
8625,fine-tuned,"Red,Blue,Green,Orange,Blue"
8626,fine-tuned,"Blue,Red,Green,Orange,Green,Blue"
8627,fine-tuned,"Orange,Green,Blue,Blue,Red"
8628,fine-tuned,"Red,Blue,Orange,Blue,Red,Red"
8629,fine-tuned,"Blue,Green,Blue,Red,Orange,Blue"
8630,fine-tuned,"Blue,Green,Red,Orange,Red,Green"
8631,fine-tuned,"Blue,Red"
8632,fine-tuned,"Purple,Red,Red,Green,Red"
8633,fine-tuned,"Purple,Orange,Blue,Red"
8634,fine-tuned,"Red,Blue,Blue,Orange"
8635,fine-tuned,"Green,Orange,Red,Green"
8636,fine-tuned,"Blue,Green,Red,Green,Red"
8637,fine-tuned,"Yellow,Red,Blue,Green,Green"
8638,fine-tuned,"Blue,Orange,Green"
8639,fine-tuned,"Orange,Red,Green,Orange,Green,Blue"
8640,fine-tuned,"Green,Orange,Orange,Blue,Red"
8641,fine-tuned,"Green,Blue,Green,Orange,Red"
8642,fine-tuned,"Red,Red,Blue,Orange,Orange,Red"
8643,fine-tuned,"Red,Green,Blue,Orange"
8644,fine-tuned,"Blue,Red,Orange,Orange,Red"
8645,fine-tuned,"Green,Orange,Blue,Orange,Green"
8646,fine-tuned,"Orange,Green,Blue,Red"
8647,fine-tuned,"Blue,Red,Blue,Orange"
8648,fine-tuned,"Blue,Orange,Green,Orange"
8649,fine-tuned,"Green,Green,Orange,Blue,Orange"
8650,fine-tuned,"Orange,Yellow,Purple,Purple,Green,Green"
8651,fine-tuned,"Purple,Blue,Green,Green,Orange"
8652,fine-tuned,"Green,Orange,Blue,Red,Green,Blue"
8653,fine-tuned,"Green,Red,Blue,Green,Orange,Green"
8654,fine-tuned,"Red,Orange,Blue,Red"
8655,fine-tuned,"Yellow,Orange,Orange,Green,Green,Green"
8656,fine-tuned,"Yellow,Green,Orange,Blue,Red"
8657,fine-tuned,"Yellow,Green,Orange,Red,Green,Orange"
8658,fine-tuned,"Red,Green,Red,Orange,Orange,Blue"
8659,fine-tuned,"Blue,Green,Orange,Blue,Green,Blue"
8660,fine-tuned,"Red,Green,Blue,Blue,Orange,Orange"
8661,fine-tuned,"Blue,Green,Green"
8662,fine-tuned,"Orange,Blue,Purple,Yellow,Orange,Purple"
8663,fine-tuned,"Red,Green,Orange,Red,Red,Blue"
8664,fine-tuned,"Yellow,Green,Blue,Green,Blue"
8665,fine-tuned,"Yellow,Red,Green,Red,Orange"
8666,fine-tuned,"Red,Green,Blue,Red,Green,Red"
8667,fine-tuned,"Red,Blue,Red,Blue,Red,Red"
8668,fine-tuned,"Blue,Red,Red,Green,Green"
8669,fine-tuned,"Red,Blue,Green,Green,Red"
8670,fine-tuned,"Green,Green,Green,Orange,Green"
8671,fine-tuned,"Red,Green,Orange,Green,Blue,Red"
8672,fine-tuned,"Orange,Blue,Green,Orange"
8673,fine-tuned,"Orange,Red,Orange,Blue,Green"
8674,fine-tuned,"Yellow,Green,Orange,Blue"
8675,fine-tuned,"Red,Blue,Blue,Orange,Green"
8676,fine-tuned,"Red,Orange,Blue,Blue,Orange"
8677,fine-tuned,"Green,Orange,Green,Red,Blue,Blue"
8678,fine-tuned,"Purple,Red,Green,Red,Green,Red"
8679,fine-tuned,"Green,Red,Red,Orange,Orange"
8680,fine-tuned,"Purple,Orange,Blue,Green"
8681,fine-tuned,"Yellow,Blue,Green,Green,Blue,Orange"
8682,fine-tuned,"Yellow,Blue,Orange,Green,Blue"
8683,fine-tuned,"Green,Red,Blue"
8684,fine-tuned,"Red,Green,Blue,Orange,Green"
8685,fine-tuned,"Red,Blue,Green,Orange"
8686,fine-tuned,"Orange,Blue,Red,Green,Blue"
8687,fine-tuned,"Green,Blue,Orange,Green,Blue,Orange"
8688,fine-tuned,"Blue,Orange,Green,Red,Green"
8689,fine-tuned,"Yellow,Orange,Blue,Red,Green,Orange"
8690,fine-tuned,"Orange,Red,Blue"
8691,fine-tuned,"Orange,Red,Red,Blue"
8692,fine-tuned,"Blue,Green,Red,Orange,Blue"
8693,fine-tuned,"Blue,Red,Green,Red,Red"
8694,fine-tuned,"Red,Blue,Red,Blue,Green"
8695,fine-tuned,"Blue,Green,Orange,Blue"
8696,fine-tuned,"Yellow,Red,Orange,Green,Blue"
8697,fine-tuned,"Orange,Green,Red,Red,Green"
8698,fine-tuned,"Yellow,Green,Orange,Red,Blue,Red"
8699,fine-tuned,"Green,Orange,Red,Green,Blue,Green"
8700,fine-tuned,"Orange,Blue,Green,Green,Orange"
8701,fine-tuned,"Blue,Red,Blue,Orange,Red,Green"
8702,fine-tuned,"Yellow,Blue,Green,Green,Blue"
8703,fine-tuned,"Yellow,Green,Red,Red,Red"
8704,fine-tuned,"Blue,Orange,Red,Green,Green"
8705,fine-tuned,"Blue,Orange,Green"
8706,fine-tuned,"Orange,Green,Green"
8707,fine-tuned,"Orange,Green,Blue,Blue"
8708,fine-tuned,"Yellow,Orange,Blue"
8709,fine-tuned,"Yellow,Orange,Green"
8710,fine-tuned,"Red,Orange,Blue"
8711,fine-tuned,"Blue,Red,Green,Orange,Green,Red"
8712,fine-tuned,"Purple,Red,Blue,Green,Orange,Green"
8713,fine-tuned,"Orange,Blue,Red,Blue,Red,Green"
8714,fine-tuned,"Purple,Blue,Orange,Red,Green,Red"
8715,fine-tuned,"Yellow,Green,Red,Orange,Orange,Red"
8716,fine-tuned,"Yellow,Blue,Red,Green,Orange"
8717,fine-tuned,"Purple,Blue,Orange,Green,Blue,Red"
8718,fine-tuned,"Orange,Green,Blue,Blue,Red"
8719,fine-tuned,"Green,Orange,Green,Orange"
8720,fine-tuned,"Blue,Orange,Orange,Blue,Red"
8721,fine-tuned,"Green,Orange,Red,Green,Green"
8722,fine-tuned,"Purple,Blue,Orange,Green,Blue"
8723,fine-tuned,"Blue,Red,Green,Green,Red"
8724,fine-tuned,"Green,Orange,Red,Red,Orange"
8725,fine-tuned,"Green,Blue,Orange,Red,Blue"
8726,fine-tuned,"Red,Orange,Blue,Blue,Green,Green"
8727,fine-tuned,"Green,Blue,Blue,Orange,Red,Orange"
8728,fine-tuned,"Blue,Green,Orange,Red"
8729,fine-tuned,"Yellow,Green,Orange,Red"
8730,fine-tuned,"Orange,Green,Red,Green,Red,Orange"
8731,fine-tuned,"Green,Orange,Blue,Red,Red,Orange"
8732,fine-tuned,"Purple,Orange,Green,Blue,Red,Red"
8733,fine-tuned,"Green,Blue,Orange,Orange,Red,Green"
8734,fine-tuned,"Orange,Green,Blue,Red,Red"
8735,fine-tuned,"Orange,Green,Blue,Green,Red"
8736,fine-tuned,"Purple,Blue,Red,Blue,Red"
8737,fine-tuned,"Red,Orange,Green,Orange,Red"
8738,fine-tuned,"Yellow,Blue,Green,Green,Orange,Green"
8739,fine-tuned,"Green,Blue,Green,Orange,Orange,Red"
8740,fine-tuned,"Purple,Green,Blue,Red,Red,Orange"
8741,fine-tuned,"Green,Red,Green,Red,Orange"
8742,fine-tuned,"Green,Blue,Red,Orange,Green,Blue"
8743,fine-tuned,"Yellow,Blue,Red,Red,Green"
8744,fine-tuned,"Blue,Green,Green,Orange,Red,Orange"
8745,fine-tuned,"Yellow,Orange,Blue,Green"
8746,fine-tuned,"Purple,Blue,Green,Orange"
8747,fine-tuned,"Blue,Red,Green,Orange,Red"
8748,fine-tuned,"Yellow,Blue,Red,Orange,Red"
8749,fine-tuned,"Blue,Green,Red,Red,Green,Blue"
8750,fine-tuned,"Blue,Red,Green,Orange,Red"
8751,fine-tuned,"Yellow,Orange,Blue,Green,Green"
8752,fine-tuned,"Blue,Red,Green,Green"
8753,fine-tuned,"Green,Blue,Red,Green"
8754,fine-tuned,"Blue,Green,Red"
8755,fine-tuned,"Yellow,Orange,Blue,Blue"
8756,fine-tuned,"Red,Orange,Blue,Blue,Red,Orange"
8757,fine-tuned,"Yellow,Green,Orange,Blue,Red"
8758,fine-tuned,"Green,Blue,Red,Green,Orange"
8759,fine-tuned,"Orange,Red,Blue,Red,Green"
8760,fine-tuned,"Green,Red,Orange,Blue"
8761,fine-tuned,"Blue,Orange,Green,Red,Red"
8762,fine-tuned,"Orange,Green,Red,Red,Blue,Red"
8763,fine-tuned,"Yellow,Blue,Green,Blue,Blue,Green"
8764,fine-tuned,"Red,Green,Green,Green,Orange,Green"
8765,fine-tuned,"Green,Red,Blue,Orange"
8766,fine-tuned,"Red,Blue,Blue"
8767,fine-tuned,"Green,Red,Orange,Red"
8768,fine-tuned,"Yellow,Blue,Red,Orange,Green"
8769,fine-tuned,"Yellow,Green,Red,Orange,Orange,Red"
8770,fine-tuned,"Blue,Blue,Green,Orange,Red,Red"
8771,fine-tuned,"Red,Blue,Orange,Red,Orange"
8772,fine-tuned,"Yellow,Red,Green,Orange,Blue,Red"
8773,fine-tuned,"Green,Orange,Orange,Blue"
8774,fine-tuned,"Blue,Red,Orange,Red,Green"
8775,fine-tuned,"Purple,Green,Yellow,Orange,Blue,Yellow"
8776,fine-tuned,"Blue,Orange,Red,Green,Blue"
8777,fine-tuned,"Blue,Red,Green,Green,Orange,Red"
8778,fine-tuned,"Yellow,Green,Orange,Blue,Green,Red"
8779,fine-tuned,"Green,Blue,Blue,Red,Orange"
8780,fine-tuned,"Yellow,Green,Blue,Green,Red,Orange"
8781,fine-tuned,"Red,Blue,Green,Blue,Blue"
8782,fine-tuned,"Purple,Green,Orange,Red,Red,Blue"
8783,fine-tuned,"Green,Blue,Red,Orange,Red,Blue"
8784,fine-tuned,"Green,Red,Orange"
8785,fine-tuned,"Yellow,Blue,Green,Red,Orange,Blue"
8786,fine-tuned,"Yellow,Green,Green,Red,Blue,Orange"
8787,fine-tuned,"Blue,Green,Red,Green,Red"
8788,fine-tuned,"Purple,Green,Red,Blue,Blue,Green"
8789,fine-tuned,"Blue,Orange,Green,Blue"
8790,fine-tuned,"Orange,Green,Red,Orange,Red,Orange"
8791,fine-tuned,"Yellow,Green,Red,Red,Green,Red"
8792,fine-tuned,"Blue,Orange,Green,Green,Orange,Red"
8793,fine-tuned,"Red,Green,Red,Orange,Green"
8794,fine-tuned,"Yellow,Blue,Green"
8795,fine-tuned,"Orange,Green,Red,Blue,Orange"
8796,fine-tuned,"Yellow,Green,Orange,Green"
8797,fine-tuned,"Yellow,Green,Blue,Red,Blue,Blue"
8798,fine-tuned,"Blue,Green,Orange,Red,Blue,Red"
8799,fine-tuned,"Yellow,Orange,Blue,Orange,Blue"
8800,fine-tuned,"Yellow,Green,Blue,Orange,Red,Red"
8801,fine-tuned,"Blue,Red,Red,Blue,Green"
8802,fine-tuned,"Yellow,Green,Blue,Green"
8803,fine-tuned,"Purple,Green,Green,Green"
8804,fine-tuned,"Green,Orange,Green,Red,Orange,Green"
8805,fine-tuned,"Blue,Green,Red,Red,Red,Green"
8806,fine-tuned,"Red,Green,Green,Blue,Blue,Green"
8807,fine-tuned,"Yellow,Red,Blue,Green,Orange,Red"
8808,fine-tuned,"Red,Green,Blue,Orange"
8809,fine-tuned,"Blue,Green,Red,Red,Orange,Red"
8810,fine-tuned,"Orange,Yellow,Orange,Red,Red,Purple"
8811,fine-tuned,"Blue,Green,Red,Orange,Green"
8812,fine-tuned,"Red,Orange,Green,Red,Blue,Green"
8813,fine-tuned,"Green,Red,Orange,Orange"
8814,fine-tuned,"Red,Green,Red,Blue"
8815,fine-tuned,"Green,Red,Orange"
8816,fine-tuned,"Green,Red,Orange,Blue,Orange,Red"
8817,fine-tuned,"Red,Red,Blue,Green,Red"
8818,fine-tuned,"Yellow,Orange,Green,Orange"
8819,fine-tuned,"Blue,Red,Green,Green,Red"
8820,fine-tuned,"Green,Orange,Blue,Red,Red,Orange"
8821,fine-tuned,"Red,Green,Red,Green,Red"
8822,fine-tuned,"Green,Orange,Green,Blue,Green,Green"
8823,fine-tuned,"Green,Blue,Red,Blue,Orange"
8824,fine-tuned,"Purple,Orange,Green,Blue,Red"
8825,fine-tuned,"Green,Red,Orange"
8826,fine-tuned,"Blue,Orange,Red,Green,Green,Red"
8827,fine-tuned,"Yellow,Orange,Red,Green,Green,Blue"
8828,fine-tuned,"Orange,Red,Green,Red,Blue,Blue"
8829,fine-tuned,"Blue,Orange,Red,Green"
8830,fine-tuned,"Blue,Blue,Green,Orange"
8831,fine-tuned,"Red,Orange,Blue,Blue,Red"
8832,fine-tuned,"Yellow,Red,Blue,Green,Orange,Orange"
8833,fine-tuned,"Yellow,Orange,Green,Blue,Blue,Green"
8834,fine-tuned,"Green,Blue,Orange,Blue,Red"
8835,fine-tuned,"Blue,Green,Green,Green,Blue"
8836,fine-tuned,"Blue,Orange,Blue,Green"
8837,fine-tuned,"Green,Blue,Red,Blue,Orange"
8838,fine-tuned,"Yellow,Green,Blue,Blue,Orange,Orange"
8839,fine-tuned,"Green,Blue,Blue,Orange,Blue"
8840,fine-tuned,"Green,Green,Orange"
8841,fine-tuned,"Green,Orange,Red,Red"
8842,fine-tuned,"Orange,Blue,Blue,Green,Orange,Green"
8843,fine-tuned,"Purple,Green,Blue,Red"
8844,fine-tuned,"Red,Blue,Green,Blue,Orange,Red"
8845,fine-tuned,"Orange,Red,Blue,Red,Red,Orange"
8846,fine-tuned,"Orange,Green,Red,Blue,Red"
8847,fine-tuned,"Red,Green,Orange,Orange"
8848,fine-tuned,"Blue,Green,Red,Orange,Red,Red"
8849,fine-tuned,"Yellow,Green,Orange,Blue,Orange,Green"
8850,fine-tuned,"Red,Green,Blue,Red,Red"
8851,fine-tuned,"Green,Green,Blue,Red,Orange"
8852,fine-tuned,"Red,Green,Blue,Blue,Orange"
8853,fine-tuned,"Purple,Green,Red,Blue,Orange"
8854,fine-tuned,"Yellow,Blue,Orange,Green,Red,Orange"
8855,fine-tuned,"Green,Red,Orange,Orange"
8856,fine-tuned,"Red,Blue,Green"
8857,fine-tuned,"Orange,Red,Green,Blue,Red"
8858,fine-tuned,"Blue,Red,Green,Orange,Red"
8859,fine-tuned,"Green,Blue,Red,Red,Blue,Green"
8860,fine-tuned,"Purple,Blue,Red,Blue,Orange"
8861,fine-tuned,"Green,Blue,Red,Orange,Green,Red"
8862,fine-tuned,"Yellow,Orange,Blue,Red,Red,Blue"
8863,fine-tuned,"Green,Blue,Orange,Green,Blue,Red"
8864,fine-tuned,"Yellow,Orange,Green,Red,Blue"
8865,fine-tuned,"Purple,Blue,Green,Orange,Red"
8866,fine-tuned,"Green,Red,Blue,Green,Red,Blue"
8867,fine-tuned,"Orange,Green,Purple,Yellow,Blue,Green"
8868,fine-tuned,"Blue,Orange,Green,Orange,Blue"
8869,fine-tuned,"Blue,Orange,Green,Red,Red"
8870,fine-tuned,"Blue,Red,Orange"
8871,fine-tuned,"Orange,Blue,Red,Red"
8872,fine-tuned,"Purple,Green,Orange,Blue,Green"
8873,fine-tuned,"Green,Orange,Red,Blue,Orange"
8874,fine-tuned,"Green,Orange,Orange,Green"
8875,fine-tuned,"Yellow,Orange,Orange,Blue,Red"
8876,fine-tuned,"Red,Blue,Blue,Red"
8877,fine-tuned,"Red,Blue,Green,Red,Orange,Orange"
8878,fine-tuned,"Red,Red,Orange,Green,Red"
8879,fine-tuned,"Red,Green,Blue,Green,Orange"
8880,fine-tuned,"Blue,Red,Green,Red,Orange"
8881,fine-tuned,"Blue,Green,Red,Green,Red,Blue"
8882,fine-tuned,"Orange,Yellow,Blue,Blue,Purple,Yellow"
8883,fine-tuned,"Orange,Blue,Blue,Green"
8884,fine-tuned,"Orange,Blue,Purple,Green,Red,Purple"
8885,fine-tuned,"Yellow,Red,Red,Orange,Blue,Green"
8886,fine-tuned,"Yellow,Blue,Orange,Green,Red,Red"
8887,fine-tuned,"Red,Green,Red,Orange,Red"
8888,fine-tuned,"Yellow,Green,Blue,Orange,Blue,Red"
8889,fine-tuned,"Red,Blue,Green,Orange,Red"
8890,fine-tuned,"Green,Orange,Blue,Red,Orange,Red"
8891,fine-tuned,"Blue,Green,Green"
8892,fine-tuned,"Green,Orange,Blue,Green"
8893,fine-tuned,"Red,Green,Orange,Red,Blue,Green"
8894,fine-tuned,"Orange,Blue,Green,Purple,Yellow,Purple"
8895,fine-tuned,"Purple,Red,Blue,Orange,Blue"
8896,fine-tuned,"Red,Orange,Red,Blue,Green"
8897,fine-tuned,"Blue,Orange,Red,Blue,Red,Green"
8898,fine-tuned,"Yellow,Red,Blue,Blue,Red"
8899,fine-tuned,"Blue,Red,Orange,Red,Blue,Orange"
8900,fine-tuned,"Yellow,Green,Orange,Blue,Red"
8901,fine-tuned,"Red,Orange,Green,Blue,Blue,Green"
8902,fine-tuned,"Blue,Blue,Red,Green"
8903,fine-tuned,"Red,Green,Orange,Blue,Green,Orange"
8904,fine-tuned,"Yellow,Green,Blue,Blue,Red,Green"
8905,fine-tuned,"Yellow,Green,Green,Orange"
8906,fine-tuned,"Yellow,Red,Green,Red"
8907,fine-tuned,"Purple,Red,Green,Red"
8908,fine-tuned,"Blue,Orange,Red,Red,Blue,Orange"
8909,fine-tuned,"Yellow,Blue,Red,Blue,Blue"
8910,fine-tuned,"Yellow,Green,Blue,Orange,Red,Green"
8911,fine-tuned,"Green,Red,Orange,Blue"
8912,fine-tuned,"Blue,Green,Blue,Orange,Red"
8913,fine-tuned,"Red,Green,Orange,Red,Green,Red"
8914,fine-tuned,"Green,Blue,Green,Blue,Green,Red"
8915,fine-tuned,"Red,Blue,Blue,Orange,Blue"
8916,fine-tuned,"Blue,Orange,Green,Red,Green,Red"
8917,fine-tuned,"Blue,Green,Red,Green"
8918,fine-tuned,"Blue,Red,Green"
8919,fine-tuned,"Red,Green,Blue,Green"
8920,fine-tuned,"Purple,Green,Green,Orange"
8921,fine-tuned,"Blue,Red,Green,Green,Red"
8922,fine-tuned,"Purple,Orange,Red,Green,Orange"
8923,fine-tuned,"Orange,Purple,Green,Blue,Green,Purple"
8924,fine-tuned,"Blue,Red,Red,Green,Orange"
8925,fine-tuned,"Blue,Red,Orange,Green"
8926,fine-tuned,"Purple,Red,Green,Orange,Red"
8927,fine-tuned,"Orange,Red,Green,Orange,Blue,Green"
8928,fine-tuned,"Red,Green,Red,Green"
8929,fine-tuned,"Orange,Green,Red,Purple,Blue,Yellow"
8930,fine-tuned,"Green,Red,Red,Orange,Red,Green"
8931,fine-tuned,"Purple,Blue,Green,Red,Green,Orange"
8932,fine-tuned,"Yellow,Green,Green,Red,Blue"
8933,fine-tuned,"Purple,Green,Red,Orange,Red"
8934,fine-tuned,"Blue,Orange,Red,Blue"
8935,fine-tuned,"Blue,Orange,Red,Orange"
8936,fine-tuned,"Red,Orange,Green,Green"
8937,fine-tuned,"Purple,Green,Red,Blue,Orange,Red"
8938,fine-tuned,"Green,Red,Blue,Orange,Orange"
8939,fine-tuned,"Blue,Orange,Blue,Red"
8940,fine-tuned,"Purple,Green,Blue,Blue,Orange"
8941,fine-tuned,"Red,Green,Red,Green,Orange"
8942,fine-tuned,"Blue,Red,Blue,Orange,Green"
8943,fine-tuned,"Purple,Orange,Red,Blue"
8944,fine-tuned,"Blue,Green,Red"
8945,fine-tuned,"Red,Blue,Green,Red,Green"
8946,fine-tuned,"Red,Blue,Green,Orange,Orange,Blue"
8947,fine-tuned,"Red,Orange,Green,Orange,Green,Red"
8948,fine-tuned,"Purple,Blue,Green,Blue,Orange,Orange"
8949,fine-tuned,"Green,Red,Blue,Orange,Red"
8950,fine-tuned,"Red,Orange,Red,Blue,Orange"
8951,fine-tuned,"Yellow,Green,Orange,Red,Blue,Red"
8952,fine-tuned,"Blue,Red,Green,Orange,Red,Blue"
8953,fine-tuned,"Red,Orange,Orange,Green,Red,Orange"
8954,fine-tuned,"Blue,Green,Orange,Blue,Orange,Green"
8955,fine-tuned,"Yellow,Orange,Red,Red,Blue,Green"
8956,fine-tuned,"Red,Orange,Blue,Red,Red,Blue"
8957,fine-tuned,"Red,Orange,Red,Green"
8958,fine-tuned,"Red,Green,Blue,Orange"
8959,fine-tuned,"Blue,Green,Red,Red"
8960,fine-tuned,"Blue,Orange,Red,Red"
8961,fine-tuned,"Orange,Red,Red,Green"
8962,fine-tuned,"Blue,Orange,Blue,Green,Red,Red"
8963,fine-tuned,"Blue,Green,Green,Blue,Orange"
8964,fine-tuned,"Orange,Blue,Purple,Green,Green,Purple"
8965,fine-tuned,"Green,Blue,Red,Orange,Green,Red"
8966,fine-tuned,"Yellow,Orange,Blue,Red"
8967,fine-tuned,"Red,Red,Red,Red"
8968,fine-tuned,"Red,Blue,Red,Orange,Red"
8969,fine-tuned,"Blue,Orange,Orange,Green,Green,Blue"
8970,fine-tuned,"Blue,Orange,Green,Red,Red,Green"
8971,fine-tuned,"Green,Orange,Blue,Green,Red,Orange"
8972,fine-tuned,"Orange,Blue,Green"
8973,fine-tuned,"Yellow,Green,Red,Red,Blue,Red"
8974,fine-tuned,"Orange,Blue,Yellow,Red,Green,Red"
8975,fine-tuned,"Green,Blue,Blue"
8976,fine-tuned,"Orange,Red,Orange,Green"
8977,fine-tuned,"Blue,Orange,Green,Orange"
8978,fine-tuned,"Red,Blue,Red,Red,Red,Green"
8979,fine-tuned,"Blue,Red,Red,Blue,Green"
8980,fine-tuned,"Yellow,Green,Red,Blue,Green"
8981,fine-tuned,"Yellow,Green,Blue,Orange,Red"
8982,fine-tuned,"Green,Red,Blue,Blue,Red"
8983,fine-tuned,"Blue,Red,Orange,Green,Blue,Green"
8984,fine-tuned,"Red,Blue,Green,Red,Red"
8985,fine-tuned,"Yellow,Red,Blue,Blue,Orange,Green"
8986,fine-tuned,"Orange,Purple,Green,Blue,Purple,Blue"
8987,fine-tuned,"Orange,Blue,Green,Red,Red,Green"
8988,fine-tuned,"Blue,Green,Green,Red,Red,Red"
8989,fine-tuned,"Yellow,Orange,Blue,Blue,Green,Green"
8990,fine-tuned,"Orange,Red,Red,Blue,Red"
8991,fine-tuned,"Yellow,Green,Blue,Orange,Orange,Green"
8992,fine-tuned,"Red,Blue,Blue"
8993,fine-tuned,"Yellow,Orange,Blue,Green,Red,Red"
8994,fine-tuned,"Orange,Green,Blue,Green,Red,Orange"
8995,fine-tuned,"Blue,Green,Red,Orange,Red,Orange"
8996,fine-tuned,"Orange,Blue,Green,Red,Red,Blue"
8997,fine-tuned,"Yellow,Green,Blue,Green,Blue"
8998,fine-tuned,"Orange,Green,Red,Blue,Red,Blue"
8999,fine-tuned,"Orange,Blue,Green,Red,Green"
9000,fine-tuned,"Green,Red,Orange,Blue,Green,Red"
9001,fine-tuned,"Blue,Red,Green,Red,Red,Blue"
9002,fine-tuned,"Blue,Orange,Red,Green,Red,Orange"
9003,fine-tuned,"Orange,Green,Purple,Yellow,Purple,Orange"
9004,fine-tuned,"Red,Orange,Blue,Green,Green"
9005,fine-tuned,"Blue,Red,Green,Red,Blue"
9006,fine-tuned,"Blue,Red,Green,Red,Red,Orange"
9007,fine-tuned,"Green,Orange,Blue"
9008,fine-tuned,"Yellow,Red,Red,Green,Red,Green"
9009,fine-tuned,"Yellow,Orange,Green"
9010,fine-tuned,"Orange,Red,Purple,Blue,Yellow,Red"
9011,fine-tuned,"Yellow,Red,Orange,Blue,Blue,Green"
9012,fine-tuned,"Green,Orange,Red,Blue,Red,Blue"
9013,fine-tuned,"Yellow,Red,Red,Blue,Red,Red"
9014,fine-tuned,"Blue,Red,Green,Red,Orange"
9015,fine-tuned,"Blue,Orange,Blue,Green,Blue,Blue"
9016,fine-tuned,"Blue,Orange,Green,Blue,Orange"
9017,fine-tuned,"Green,Blue,Red,Blue,Green"
9018,fine-tuned,"Purple,Green,Orange,Blue,Blue"
9019,fine-tuned,"Yellow,Orange,Green,Orange,Red"
9020,fine-tuned,"Red,Green,Blue,Orange,Green,Orange"
9021,fine-tuned,"Blue,Green,Green,Red,Red,Orange"
9022,fine-tuned,"Red,Green,Blue,Orange,Red,Red"
9023,fine-tuned,"Blue,Orange,Green,Orange,Blue,Red"
9024,fine-tuned,"Yellow,Orange,Red,Orange"
9025,fine-tuned,"Red,Green,Orange,Blue,Red,Green"
9026,fine-tuned,"Red,Orange,Blue,Green,Green,Red"
9027,fine-tuned,"Blue,Green,Green"
9028,fine-tuned,"Blue,Orange,Green,Blue,Green"
9029,fine-tuned,"Orange,Blue,Red"
9030,fine-tuned,"Blue,Green,Red,Orange,Red,Blue"
9031,fine-tuned,"Red,Orange,Red,Blue,Green"
9032,fine-tuned,"Green,Red,Blue,Orange,Green,Red"
9033,fine-tuned,"Yellow,Blue,Green,Red,Red,Orange"
9034,fine-tuned,"Yellow,Orange,Red,Blue,Green,Green"
9035,fine-tuned,"Blue,Blue,Orange,Green"
9036,fine-tuned,"Orange,Red,Green,Red"
9037,fine-tuned,"Yellow,Blue,Red,Orange,Green"
9038,fine-tuned,"Green,Blue,Red,Red,Orange"
9039,fine-tuned,"Orange,Red,Red,Blue,Red,Green"
9040,fine-tuned,"Red,Blue,Blue,Blue,Red,Green"
9041,fine-tuned,"Red,Orange,Blue,Orange,Blue"
9042,fine-tuned,"Yellow,Blue,Green,Green,Red"
9043,fine-tuned,"Blue,Red,Green,Red,Green,Green"
9044,fine-tuned,"Blue,Red,Orange"
9045,fine-tuned,"Green,Orange,Blue,Green,Red,Orange"
9046,fine-tuned,"Blue,Green,Green,Orange"
9047,fine-tuned,"Blue,Orange,Green,Green,Blue"
9048,fine-tuned,"Purple,Blue,Green,Blue"
9049,fine-tuned,"Red,Orange,Green"
9050,fine-tuned,"Blue,Orange,Green,Blue"
9051,fine-tuned,"Orange,Blue,Green,Orange,Red,Green"
9052,fine-tuned,"Blue,Green,Red,Red,Orange,Red"
9053,fine-tuned,"Yellow,Red,Green,Blue,Red"
9054,fine-tuned,"Blue,Orange,Green,Red,Blue"
9055,fine-tuned,"Orange,Blue,Red,Red,Orange"
9056,fine-tuned,"Purple,Green,Red,Orange,Blue"
9057,fine-tuned,"Orange,Green,Blue,Red,Blue,Orange"
9058,fine-tuned,"Red,Orange,Blue,Red,Orange,Blue"
9059,fine-tuned,"Green,Red,Red,Red,Blue,Green"
9060,fine-tuned,"Red,Green,Red,Blue"
9061,fine-tuned,"Blue,Orange,Red"
9062,fine-tuned,"Red,Green,Orange,Orange,Blue"
9063,fine-tuned,"Red,Blue,Orange,Green,Orange"
9064,fine-tuned,"Red,Orange,Green,Red,Green,Orange"
9065,fine-tuned,"Green,Orange,Orange,Green,Blue"
9066,fine-tuned,"Green,Blue,Orange,Red"
9067,fine-tuned,"Blue,Green,Red,Red,Green,Red"
9068,fine-tuned,"Purple,Red,Green,Green,Green"
9069,fine-tuned,"Orange,Green,Blue,Green"
9070,fine-tuned,"Green,Orange,Green"
9071,fine-tuned,"Blue,Red,Orange,Green"
9072,fine-tuned,"Blue,Orange,Red,Red,Green,Red"
9073,fine-tuned,"Yellow,Green,Red,Red,Blue,Green"
9074,fine-tuned,"Blue,Blue,Red,Orange,Blue"
9075,fine-tuned,"Green,Purple,Green,Blue,Yellow,Blue"
9076,fine-tuned,"Yellow,Blue,Green,Orange"
9077,fine-tuned,"Orange,Green,Blue,Red,Blue,Red"
9078,fine-tuned,"Red,Green,Orange,Blue,Blue,Red"
9079,fine-tuned,"Red,Blue,Orange,Red,Green"
9080,fine-tuned,"Blue,Orange,Green,Red,Red,Orange"
9081,fine-tuned,"Blue,Orange,Green,Green,Red,Blue"
9082,fine-tuned,"Yellow,Blue,Red,Orange,Blue,Green"
9083,fine-tuned,"Green,Orange,Blue,Blue,Red,Orange"
9084,fine-tuned,"Blue,Red,Green,Red,Orange"
9085,fine-tuned,"Red,Blue,Orange,Orange"
9086,fine-tuned,"Blue,Red,Red,Red,Orange,Red"
9087,fine-tuned,"Orange,Red,Green,Blue,Green,Blue"
9088,fine-tuned,"Purple,Orange,Blue,Red,Green"
9089,fine-tuned,"Green,Orange,Red,Blue,Red,Blue"
9090,fine-tuned,"Blue,Green,Green,Blue,Green"
9091,fine-tuned,"Blue,Red,Green,Blue,Blue"
9092,fine-tuned,"Red,Green,Blue,Blue,Orange,Green"
9093,fine-tuned,"Orange,Blue,Red"
9094,fine-tuned,"Purple,Red,Red,Blue,Green,Blue"
9095,fine-tuned,"Yellow,Green,Blue,Orange,Green,Blue"
9096,fine-tuned,"Orange,Green,Yellow,Blue,Blue,Purple"
9097,fine-tuned,"Green,Orange,Blue,Orange"
9098,fine-tuned,"Yellow,Orange,Green,Green,Blue,Orange"
9099,fine-tuned,"Blue,Orange,Red,Green,Red"
9100,fine-tuned,"Red,Orange,Green,Orange,Blue,Red"
9101,fine-tuned,"Purple,Red,Green,Red,Orange"
9102,fine-tuned,"Yellow,Orange,Green,Blue"
9103,fine-tuned,"Orange,Green,Blue,Blue,Red,Orange"
9104,fine-tuned,"Green,Blue,Orange,Blue"
9105,fine-tuned,"Blue,Green,Blue,Green,Red"
9106,fine-tuned,"Purple,Blue,Red,Orange,Green,Blue"
9107,fine-tuned,"Red,Orange,Blue"
9108,fine-tuned,"Yellow,Red,Orange,Red,Green,Orange"
9109,fine-tuned,"Blue,Red,Orange,Blue"
9110,fine-tuned,"Red,Red,Green,Blue,Orange,Red"
9111,fine-tuned,"Yellow,Green,Blue,Red,Red,Blue"
9112,fine-tuned,"Yellow,Orange,Green,Green,Blue"
9113,fine-tuned,"Red,Green,Green,Orange,Blue"
9114,fine-tuned,"Blue,Red,Green,Red,Red,Orange"
9115,fine-tuned,"Green,Red,Orange,Red,Blue"
9116,fine-tuned,"Purple,Orange,Blue,Green,Red,Green"
9117,fine-tuned,"Blue,Red,Orange,Green,Red,Green"
9118,fine-tuned,"Blue,Green,Green,Green"
9119,fine-tuned,"Blue,Orange,Green,Red,Green"
9120,fine-tuned,"Red,Green,Red,Green"
9121,fine-tuned,"Blue,Green,Red,Red,Red,Blue"
9122,fine-tuned,"Orange,Red,Red,Green,Orange"
9123,fine-tuned,"Green,Orange,Green,Blue,Blue,Red"
9124,fine-tuned,"Yellow,Red,Blue,Red,Blue,Orange"
9125,fine-tuned,"Red,Orange,Green,Green,Red,Blue"
9126,fine-tuned,"Orange,Blue,Green,Red,Blue"
9127,fine-tuned,"Green,Blue,Blue,Green,Orange"
9128,fine-tuned,"Blue,Green,Orange,Red,Green"
9129,fine-tuned,"Blue,Red,Orange,Green,Red,Green"
9130,fine-tuned,"Orange,Purple,Green,Green,Blue,Orange"
9131,fine-tuned,"Orange,Red,Green,Red,Blue,Green"
9132,fine-tuned,"Yellow,Green,Red,Orange,Red,Green"
9133,fine-tuned,"Blue,Orange,Orange,Orange,Green"
9134,fine-tuned,"Blue,Orange,Green,Red,Orange,Green"
9135,fine-tuned,"Orange,Red,Green,Red,Green,Blue"
9136,fine-tuned,"Blue,Red,Orange,Red"
9137,fine-tuned,"Green,Red,Orange,Red,Blue,Red"
9138,fine-tuned,"Orange,Blue,Blue,Green,Blue,Red"
9139,fine-tuned,"Green,Red,Red,Red"
9140,fine-tuned,"Red,Blue,Green,Red,Red,Blue"
9141,fine-tuned,"Yellow,Blue,Orange,Green,Orange"
9142,fine-tuned,"Red,Orange,Green,Green"
9143,fine-tuned,"Purple,Green,Green,Blue,Orange,Red"
9144,fine-tuned,"Orange,Blue,Purple,Red,Orange,Blue"
9145,fine-tuned,"Purple,Green,Blue,Orange,Green,Red"
9146,fine-tuned,"Red,Green,Blue,Red,Blue,Blue"
9147,fine-tuned,"Orange,Blue"
9148,fine-tuned,"Orange,Red,Red"
9149,fine-tuned,"Blue,Green,Red,Red,Orange"
9150,fine-tuned,"Blue,Orange,Red"
9151,fine-tuned,"Yellow,Green,Red,Green"
9152,fine-tuned,"Red,Green,Green,Green,Red,Blue"
9153,fine-tuned,"Green,Red,Red,Orange,Blue,Green"
9154,fine-tuned,"Orange,Blue,Green,Blue,Yellow,Purple"
9155,fine-tuned,"Red,Blue,Green,Red,Orange,Red"
9156,fine-tuned,"Blue,Orange,Green,Orange,Blue"
9157,fine-tuned,"Yellow,Green,Orange,Green,Blue,Blue"
9158,fine-tuned,"Red,Orange,Blue,Green,Green"
9159,fine-tuned,"Green,Blue,Orange,Red,Red"
9160,fine-tuned,"Blue,Green,Orange,Blue,Green,Blue"
9161,fine-tuned,"Blue,Red,Green,Orange"
9162,fine-tuned,"Blue,Blue,Red,Blue,Orange,Green"
9163,fine-tuned,"Blue,Green,Red,Green"
9164,fine-tuned,"Blue,Green,Red,Red,Green,Orange"
9165,fine-tuned,"Red,Green,Red,Orange,Green"
9166,fine-tuned,"Red,Orange,Red,Orange"
9167,fine-tuned,"Orange,Blue,Green,Red,Orange"
9168,fine-tuned,"Green,Orange,Blue,Blue,Red"
9169,fine-tuned,"Red,Green,Green,Blue,Orange"
9170,fine-tuned,"Blue,Red,Red,Blue"
9171,fine-tuned,"Blue,Red,Green,Red,Green"
9172,fine-tuned,"Red,Green,Blue,Green,Orange,Blue"
9173,fine-tuned,"Orange,Red,Green,Blue"
9174,fine-tuned,"Blue,Orange,Green,Red,Green,Orange"
9175,fine-tuned,"Yellow,Blue,Blue,Green,Orange,Green"
9176,fine-tuned,"Orange,Red,Green,Red,Green,Red"
9177,fine-tuned,"Blue,Red,Green,Red,Green,Red"
9178,fine-tuned,"Red,Red,Blue,Green,Orange"
9179,fine-tuned,"Blue,Green,Red,Red"
9180,fine-tuned,"Green,Blue,Red,Blue,Green"
9181,fine-tuned,"Red,Green,Orange,Red,Green"
9182,fine-tuned,"Blue,Blue,Blue,Blue"
9183,fine-tuned,"Green,Blue,Red,Orange,Blue"
9184,fine-tuned,"Purple,Green,Red,Orange"
9185,fine-tuned,"Yellow,Red,Blue,Green,Green"
9186,fine-tuned,"Yellow,Blue,Green,Red,Green,Blue"
9187,fine-tuned,"Purple,Green"
9188,fine-tuned,"Blue,Orange,Red,Green,Red,Blue"
9189,fine-tuned,"Blue,Green,Orange,Red,Red"
9190,fine-tuned,"Green,Orange,Red,Red,Blue,Green"
9191,fine-tuned,"Blue,Green,Red,Red,Green,Orange"
9192,fine-tuned,"Green,Red,Blue,Red,Orange"
9193,fine-tuned,"Blue,Orange,Green,Red,Blue,Orange"
9194,fine-tuned,"Red,Green,Green,Blue,Orange"
9195,fine-tuned,"Blue,Red,Blue,Orange"
9196,fine-tuned,"Blue,Orange,Green,Red"
9197,fine-tuned,"Red,Green,Orange,Orange"
9198,fine-tuned,"Yellow,Orange,Green,Blue,Red,Green"
9199,fine-tuned,"Red,Green,Orange,Red"
9200,fine-tuned,"Yellow,Green,Blue,Red,Orange"
9201,fine-tuned,"Blue,Yellow,Orange,Green,Purple,Blue"
9202,fine-tuned,"Orange,Blue,Green,Yellow,Orange,Purple"
9203,fine-tuned,"Blue,Green,Red,Green,Orange,Blue"
9204,fine-tuned,"Orange,Blue,Red,Blue,Green,Red"
9205,fine-tuned,"Blue,Green,Blue,Red,Green,Green"
9206,fine-tuned,"Red,Orange,Blue,Green,Green,Red"
9207,fine-tuned,"Green,Orange,Red,Orange,Red"
9208,fine-tuned,"Blue,Red,Orange,Orange"
9209,fine-tuned,"Orange,Green,Red,Red,Blue,Red"
9210,fine-tuned,"Blue,Orange,Green,Blue,Red"
9211,fine-tuned,"Blue,Red,Blue,Orange"
9212,fine-tuned,"Red,Green,Orange"
9213,fine-tuned,"Green,Blue,Orange,Red,Orange"
9214,fine-tuned,"Blue,Green,Orange,Blue,Green"
9215,fine-tuned,"Red,Green,Green,Blue"
9216,fine-tuned,"Yellow,Blue,Blue,Red,Red"
9217,fine-tuned,"Purple,Green,Green,Orange,Blue,Red"
9218,fine-tuned,"Blue,Green,Orange,Blue,Red,Orange"
9219,fine-tuned,"Yellow,Blue,Green,Blue,Green,Blue"
9220,fine-tuned,"Yellow,Orange,Blue,Orange,Blue,Green"
9221,fine-tuned,"Orange,Blue,Red,Green,Orange"
9222,fine-tuned,"Yellow,Green,Blue,Red,Red,Blue"
9223,fine-tuned,"Purple,Blue,Green,Blue,Orange"
9224,fine-tuned,"Green,Blue,Red,Orange,Orange"
9225,fine-tuned,"Yellow,Green,Blue,Orange,Green,Red"
9226,fine-tuned,"Yellow,Red,Blue,Orange,Blue"
9227,fine-tuned,"Purple,Green,Orange,Red"
9228,fine-tuned,"Orange,Green,Blue,Red"
9229,fine-tuned,"Blue,Green,Red,Orange,Red"
9230,fine-tuned,"Green,Orange,Green"
9231,fine-tuned,"Orange,Green,Blue,Red"
9232,fine-tuned,"Yellow,Blue,Red,Green,Green,Red"
9233,fine-tuned,"Yellow,Green,Blue,Red,Red,Blue"
9234,fine-tuned,"Green,Green,Green,Orange,Green,Orange"
9235,fine-tuned,"Yellow,Blue,Red,Blue,Green"
9236,fine-tuned,"Blue,Green,Orange,Green"
9237,fine-tuned,"Orange,Red,Red,Blue,Green"
9238,fine-tuned,"Red,Green,Orange"
9239,fine-tuned,"Green,Orange,Red,Green,Red,Orange"
9240,fine-tuned,"Blue,Orange,Red,Green,Red,Green"
9241,fine-tuned,"Yellow,Green,Blue,Red,Green,Red"
9242,fine-tuned,"Blue,Orange,Red,Green"
9243,fine-tuned,"Yellow,Red,Orange,Red,Blue,Blue"
9244,fine-tuned,"Red,Green,Red,Green,Blue"
9245,fine-tuned,"Orange,Blue,Red"
9246,fine-tuned,"Orange,Blue,Green,Red,Green,Blue"
9247,fine-tuned,"Red,Green,Green"
9248,fine-tuned,"Orange,Blue,Green,Orange"
9249,fine-tuned,"Yellow,Red,Blue,Green,Red,Blue"
9250,fine-tuned,"Purple,Orange,Blue,Red,Green,Red"
9251,fine-tuned,"Blue,Red,Red,Orange"
9252,fine-tuned,"Purple,Green,Red,Blue,Orange,Red"
9253,fine-tuned,"Orange,Green,Green,Red,Green,Red"
9254,fine-tuned,"Yellow,Orange,Blue,Green"
9255,fine-tuned,"Yellow,Red,Green,Blue"
9256,fine-tuned,"Red,Red,Blue,Red"
9257,fine-tuned,"Blue,Red,Red"
9258,fine-tuned,"Orange,Purple,Blue,Yellow,Red,Red"
9259,fine-tuned,"Blue,Green,Red,Blue,Orange"
9260,fine-tuned,"Yellow,Blue,Green,Orange,Blue"
9261,fine-tuned,"Red,Orange,Green,Green,Blue"
9262,fine-tuned,"Yellow,Green,Blue,Red,Blue"
9263,fine-tuned,"Green,Red,Green,Red,Green,Green"
9264,fine-tuned,"Yellow,Blue,Green,Red,Orange,Orange"
9265,fine-tuned,"Red,Red,Blue,Green"
9266,fine-tuned,"Green,Orange,Green,Blue"
9267,fine-tuned,"Yellow,Green,Orange,Green"
9268,fine-tuned,"Orange,Blue,Purple,Yellow,Blue,Orange"
9269,fine-tuned,"Blue,Green,Red,Green,Orange,Orange"
9270,fine-tuned,"Orange,Red,Purple,Yellow,Green,Green"
9271,fine-tuned,"Red,Red,Green,Red,Red"
9272,fine-tuned,"Yellow,Blue,Red,Green,Red,Green"
9273,fine-tuned,"Purple,Blue,Green,Orange,Green"
9274,fine-tuned,"Yellow,Green,Orange,Green,Blue"
9275,fine-tuned,"Blue,Blue,Green,Blue"
9276,fine-tuned,"Blue,Green,Green,Blue,Red,Red"
9277,fine-tuned,"Orange,Blue,Green,Orange,Green"
9278,fine-tuned,"Green,Orange,Red,Green"
9279,fine-tuned,"Blue,Red,Green,Green,Orange,Blue"
9280,fine-tuned,"Blue,Green,Red,Blue,Orange"
9281,fine-tuned,"Blue,Green,Orange,Red,Red"
9282,fine-tuned,"Orange,Blue,Orange,Blue,Blue"
9283,fine-tuned,"Green,Blue,Red,Red"
9284,fine-tuned,"Red,Orange,Blue,Blue,Orange"
9285,fine-tuned,"Blue,Green,Green,Blue,Orange,Green"
9286,fine-tuned,"Orange,Green,Yellow,Blue,Purple,Orange"
9287,fine-tuned,"Blue,Red,Orange,Blue"
9288,fine-tuned,"Blue,Green,Orange,Green,Red,Red"
9289,fine-tuned,"Blue,Red,Red,Green"
9290,fine-tuned,"Green,Blue,Orange,Green,Red"
9291,fine-tuned,"Orange,Green,Green"
9292,fine-tuned,"Yellow,Orange,Red,Green,Red,Orange"
9293,fine-tuned,"Green,Blue,Green,Red,Orange"
9294,fine-tuned,"Red,Blue,Orange,Orange,Red"
9295,fine-tuned,"Green,Orange,Red,Blue"
9296,fine-tuned,"Red,Red"
9297,fine-tuned,"Blue,Orange,Orange,Green,Blue"
9298,fine-tuned,"Red,Blue,Blue,Orange,Blue,Orange"
9299,fine-tuned,"Orange,Blue,Blue,Purple,Green,Purple"
9300,fine-tuned,"Blue,Orange,Red,Red,Blue"
9301,fine-tuned,"Blue,Green,Green,Red,Orange,Orange"
9302,fine-tuned,"Yellow,Blue,Red,Red,Green,Orange"
9303,fine-tuned,"Purple,Green,Orange,Blue,Blue,Blue"
9304,fine-tuned,"Red,Orange,Green,Blue"
9305,fine-tuned,"Orange,Blue,Blue,Green,Green,Green"
9306,fine-tuned,"Green,Blue,Red,Red,Orange"
9307,fine-tuned,"Purple,Green,Blue,Blue,Orange,Red"
9308,fine-tuned,"Yellow,Green,Red"
9309,fine-tuned,"Blue,Red,Red"
9310,fine-tuned,"Green,Yellow,Red,Purple,Orange,Green"
9311,fine-tuned,"Red,Red,Blue,Blue,Red,Green"
9312,fine-tuned,"Yellow,Green,Red,Blue,Red"
9313,fine-tuned,"Yellow,Green,Blue,Green,Blue,Blue"
9314,fine-tuned,"Red,Red,Red,Green"
9315,fine-tuned,"Yellow,Green,Red,Orange,Red,Orange"
9316,fine-tuned,"Orange,Green,Red,Blue,Red,Blue"
9317,fine-tuned,"Green,Blue,Green,Orange,Red"
9318,fine-tuned,"Red,Orange,Green,Green"
9319,fine-tuned,"Blue,Green,Red,Red,Red,Red"
9320,fine-tuned,"Yellow,Red,Green,Red,Blue,Red"
9321,fine-tuned,"Yellow,Blue,Red,Blue"
9322,fine-tuned,"Blue,Green,Red"
9323,fine-tuned,"Red,Blue,Green,Blue,Green,Red"
9324,fine-tuned,"Green,Orange,Blue,Red,Green,Red"
9325,fine-tuned,"Yellow,Red,Blue,Green,Blue"
9326,fine-tuned,"Red,Orange,Green,Red"
9327,fine-tuned,"Green,Red,Orange,Blue,Orange,Red"
9328,fine-tuned,"Yellow,Blue,Orange,Red,Green,Red"
9329,fine-tuned,"Orange,Red,Green,Orange,Green,Red"
9330,fine-tuned,"Orange,Green,Red,Red,Blue,Red"
9331,fine-tuned,"Green,Red,Red,Green"
9332,fine-tuned,"Red,Green,Green,Red,Red"
9333,fine-tuned,"Blue,Green,Orange,Green"
9334,fine-tuned,"Green,Red,Blue,Red,Green"
9335,fine-tuned,"Blue,Red,Green,Blue,Orange"
9336,fine-tuned,"Green,Blue,Red,Red,Orange"
9337,fine-tuned,"Yellow,Orange,Green,Blue"
9338,fine-tuned,"Purple,Orange,Green,Blue,Red,Orange"
9339,fine-tuned,"Red,Green,Red,Blue,Blue,Blue"
9340,fine-tuned,"Red,Blue,Green,Orange,Red"
9341,fine-tuned,"Blue,Red,Red,Red"
9342,fine-tuned,"Red,Blue,Green,Green"
9343,fine-tuned,"Red,Blue,Green,Red,Blue"
9344,fine-tuned,"Orange,Yellow,Red,Green,Purple,Purple"
9345,fine-tuned,"Green,Red,Red,Red,Red,Red"
9346,fine-tuned,"Blue,Green,Red,Orange,Red,Green"
9347,fine-tuned,"Yellow,Green,Orange,Blue,Red,Purple"
9348,fine-tuned,"Red,Green,Orange,Red"
9349,fine-tuned,"Blue,Green,Red,Green"
9350,fine-tuned,"Purple,Red,Green,Blue"
9351,fine-tuned,"Blue,Orange,Orange,Green,Green"
9352,fine-tuned,"Blue,Green,Purple,Yellow,Red,Blue"
9353,fine-tuned,"Red,Green,Orange,Green,Blue"
9354,fine-tuned,"Green,Orange,Red,Orange,Green"
9355,fine-tuned,"Orange,Blue,Yellow,Red,Purple,Green"
9356,fine-tuned,"Red,Green,Green"
9357,fine-tuned,"Red,Orange,Orange,Blue"
9358,fine-tuned,"Green,Red,Blue,Blue,Red"
9359,fine-tuned,"Purple,Orange,Blue,Green,Red"
9360,fine-tuned,"Red,Green,Orange,Blue,Blue,Red"
9361,fine-tuned,"Red,Blue,Orange"
9362,fine-tuned,"Blue,Green,Red,Red,Blue"
9363,fine-tuned,"Blue,Green,Orange,Blue"
9364,fine-tuned,"Yellow,Green,Blue,Red,Orange,Orange"
9365,fine-tuned,"Green,Orange,Blue,Red"
9366,fine-tuned,"Blue,Green,Orange,Blue,Blue"
9367,fine-tuned,"Red,Green,Orange,Blue,Green,Blue"
9368,fine-tuned,"Orange,Blue,Green"
9369,fine-tuned,"Red,Green,Blue,Green,Orange"
9370,fine-tuned,"Blue,Orange,Red,Blue,Orange"
9371,fine-tuned,"Red,Red,Blue,Blue,Green"
9372,fine-tuned,"Blue,Orange,Blue,Green"
9373,fine-tuned,"Red,Red,Green"
9374,fine-tuned,"Purple,Blue,Green,Blue,Orange,Red"
9375,fine-tuned,"Green,Orange,Blue,Red,Blue"
9376,fine-tuned,"Orange,Green,Orange,Blue,Green"
9377,fine-tuned,"Orange,Red,Orange,Green,Red,Green"
9378,fine-tuned,"Yellow,Orange,Green,Red,Red"
9379,fine-tuned,"Blue,Orange,Red,Red,Green"
9380,fine-tuned,"Red,Green,Blue,Red,Orange,Red"
9381,fine-tuned,"Blue,Red,Green,Green,Red,Green"
9382,fine-tuned,"Green,Orange,Blue,Red,Red"
9383,fine-tuned,"Blue,Green,Green,Red,Orange"
9384,fine-tuned,"Yellow,Orange,Blue,Orange,Green,Red"
9385,fine-tuned,"Green,Orange,Blue,Green"
9386,fine-tuned,"Green,Orange,Blue,Red,Blue,Orange"
9387,fine-tuned,"Red,Blue,Green,Green,Red,Orange"
9388,fine-tuned,"Red,Blue,Orange,Green,Blue,Red"
9389,fine-tuned,"Blue,Orange,Red,Green,Orange,Red"
9390,fine-tuned,"Blue,Orange,Green,Orange,Blue"
9391,fine-tuned,"Red,Orange,Green,Green,Orange"
9392,fine-tuned,"Green,Blue,Orange,Orange,Red,Orange"
9393,fine-tuned,"Blue,Orange,Green,Orange,Red,Green"
9394,fine-tuned,"Blue,Red,Green,Red,Green,Orange"
9395,fine-tuned,"Blue,Red,Green,Red"
9396,fine-tuned,"Red,Green,Red"
9397,fine-tuned,"Red,Green,Orange,Red,Green,Blue"
9398,fine-tuned,"Orange,Red,Blue,Blue"
9399,fine-tuned,"Red,Orange,Red,Blue,Orange"
9400,fine-tuned,"Orange,Red,Green,Green,Blue,Red"
9401,fine-tuned,"Yellow,Orange,Green,Blue,Green"
9402,fine-tuned,"Green,Orange,Green,Blue,Green,Blue"
9403,fine-tuned,"Blue,Red,Green,Red,Red,Orange"
9404,fine-tuned,"Purple,Orange,Red,Blue,Green,Green"
9405,fine-tuned,"Green,Red,Green,Green,Red"
9406,fine-tuned,"Red,Orange,Blue,Blue"
9407,fine-tuned,"Orange,Red,Green,Green"
9408,fine-tuned,"Orange,Green,Purple,Orange,Blue,Red"
9409,fine-tuned,"Blue,Red,Green,Blue,Green"
9410,fine-tuned,"Blue,Red,Green,Red"
9411,fine-tuned,"Red,Blue,Red,Blue,Blue"
9412,fine-tuned,"Yellow,Blue,Red,Orange,Blue"
9413,fine-tuned,"Red,Blue,Green,Blue,Green,Blue"
9414,fine-tuned,"Blue,Green,Red,Orange,Orange"
9415,fine-tuned,"Green,Red,Blue,Orange,Red,Orange"
9416,fine-tuned,"Blue,Blue,Orange,Red,Orange"
9417,fine-tuned,"Green,Orange,Red,Blue,Red,Blue"
9418,fine-tuned,"Red,Green,Green,Blue,Red,Green"
9419,fine-tuned,"Yellow,Green,Blue,Red,Blue,Red"
9420,fine-tuned,"Blue,Green,Red,Orange,Red,Green"
9421,fine-tuned,"Orange,Blue,Red,Green"
9422,fine-tuned,"Red,Green,Red,Red,Blue,Green"
9423,fine-tuned,"Blue,Orange,Red,Green"
9424,fine-tuned,"Green,Purple,Red,Green,Blue,Yellow"
9425,fine-tuned,"Yellow,Green,Green,Blue,Red"
9426,fine-tuned,"Blue,Green,Red,Red"
9427,fine-tuned,"Red,Green,Red,Green"
9428,fine-tuned,"Blue,Green,Red,Orange,Blue"
9429,fine-tuned,"Yellow,Red,Red,Blue,Green,Orange"
9430,fine-tuned,"Orange,Purple,Blue,Yellow,Purple,Green"
9431,fine-tuned,"Blue,Red,Orange,Green,Orange"
9432,fine-tuned,"Purple,Red,Blue,Orange,Blue,Orange"
9433,fine-tuned,"Yellow,Green,Blue,Blue,Red,Orange"
9434,fine-tuned,"Blue,Orange,Green,Blue,Orange"
9435,fine-tuned,"Purple,Blue,Orange,Red,Red,Blue"
9436,fine-tuned,"Blue,Orange,Green,Blue"
9437,fine-tuned,"Yellow,Orange,Blue,Blue,Red,Blue"
9438,fine-tuned,"Yellow,Red,Red,Orange"
9439,fine-tuned,"Red,Orange,Blue,Red,Blue,Green"
9440,fine-tuned,"Green,Orange,Orange,Green"
9441,fine-tuned,"Green,Blue,Orange,Red,Orange"
9442,fine-tuned,"Purple,Green,Red,Blue,Green"
9443,fine-tuned,"Blue,Orange,Red,Green,Blue"
9444,fine-tuned,"Blue,Red,Green,Red,Orange,Blue"
9445,fine-tuned,"Orange,Blue,Blue,Green"
9446,fine-tuned,"Green,Red,Green,Red"
9447,fine-tuned,"Red,Green,Blue,Green,Blue,Green"
9448,fine-tuned,"Yellow,Blue,Green,Red,Red,Green"
9449,fine-tuned,"Blue,Orange,Green,Red,Orange"
9450,fine-tuned,"Orange,Green,Green,Red,Orange"
9451,fine-tuned,"Orange,Blue,Green,Green,Blue,Red"
9452,fine-tuned,"Purple,Blue,Green,Orange,Red"
9453,fine-tuned,"Green,Red,Blue,Orange"
9454,fine-tuned,"Red,Orange,Green,Blue,Red"
9455,fine-tuned,"Blue,Green,Orange,Red,Red,Orange"
9456,fine-tuned,"Green,Orange,Red,Green"
9457,fine-tuned,"Green,Red,Blue,Red,Blue,Red"
9458,fine-tuned,"Blue,Red,Red,Green,Orange"
9459,fine-tuned,"Blue,Orange,Green,Red"
9460,fine-tuned,"Red,Red,Blue,Red,Green,Red"
9461,fine-tuned,"Yellow,Blue,Blue,Red,Red,Orange"
9462,fine-tuned,"Red,Blue,Red,Green,Blue"
9463,fine-tuned,"Orange,Green,Green,Yellow,Red,Purple"
9464,fine-tuned,"Red,Green,Blue,Red,Orange,Red"
9465,fine-tuned,"Yellow,Green,Blue,Blue,Red,Orange"
9466,fine-tuned,"Blue,Orange,Blue,Green,Red"
9467,fine-tuned,"Orange,Red,Red,Red"
9468,fine-tuned,"Red,Orange,Red,Green,Orange"
9469,fine-tuned,"Blue,Orange,Blue,Red"
9470,fine-tuned,"Blue,Green,Green,Orange"
9471,fine-tuned,"Blue,Green,Red,Orange"
9472,fine-tuned,"Yellow,Orange,Blue,Red,Red,Red"
9473,fine-tuned,"Green,Orange,Green,Blue,Blue,Red"
9474,fine-tuned,"Blue,Orange,Red,Orange"
9475,fine-tuned,"Yellow,Red,Blue,Green,Orange,Red"
9476,fine-tuned,"Green,Blue,Green,Blue,Green"
9477,fine-tuned,"Yellow,Blue,Green,Red,Orange,Blue"
9478,fine-tuned,"Green,Red,Blue"
9479,fine-tuned,"Orange,Blue,Green,Green"
9480,fine-tuned,"Green,Blue,Orange,Green"
9481,fine-tuned,"Purple,Green,Blue,Orange,Red,Orange"
9482,fine-tuned,"Orange,Blue,Green,Red,Orange,Blue"
9483,fine-tuned,"Blue,Green,Red,Green"
9484,fine-tuned,"Green,Red,Green"
9485,fine-tuned,"Green,Red,Orange,Red,Blue,Red"
9486,fine-tuned,"Green,Blue,Red"
9487,fine-tuned,"Red,Orange,Blue,Blue,Red"
9488,fine-tuned,"Orange,Red,Red,Red,Yellow,Purple"
9489,fine-tuned,"Orange,Red,Green,Orange,Orange"
9490,fine-tuned,"Yellow,Blue,Green,Green,Blue,Red"
9491,fine-tuned,"Red,Green,Blue,Red,Orange,Red"
9492,fine-tuned,"Orange,Blue,Green,Red,Red"
9493,fine-tuned,"Blue,Blue,Orange,Red,Green,Blue"
9494,fine-tuned,"Green,Yellow,Green,Blue,Purple,Blue"
9495,fine-tuned,"Yellow,Blue,Red,Orange,Green,Red"
9496,fine-tuned,"Red,Red,Green,Blue"
9497,fine-tuned,"Red,Orange,Blue,Blue,Green,Red"
9498,fine-tuned,"Green,Blue,Orange"
9499,fine-tuned,"Blue,Green,Green,Green"
9500,fine-tuned,"Red,Blue,Red,Green,Green"
9501,fine-tuned,"Red,Green,Blue,Blue,Green,Blue"
9502,fine-tuned,"Blue,Red,Red,Orange,Green"
9503,fine-tuned,"Yellow,Blue,Green,Red,Red,Orange"
9504,fine-tuned,"Orange,Blue,Red,Green"
9505,fine-tuned,"Yellow,Green,Green,Green,Red"
9506,fine-tuned,"Yellow,Blue,Orange,Green,Blue,Blue"
9507,fine-tuned,"Blue,Orange,Red,Green,Green,Orange"
9508,fine-tuned,"Yellow,Green,Green,Red"
9509,fine-tuned,"Green,Red,Blue,Red,Orange"
9510,fine-tuned,"Blue,Orange,Red,Red,Green"
9511,fine-tuned,"Green,Red,Orange,Green,Red"
9512,fine-tuned,"Yellow,Orange,Green,Green,Red"
9513,fine-tuned,"Red,Green,Green,Red"
9514,fine-tuned,"Green,Blue,Orange,Blue,Purple,Orange"
9515,fine-tuned,"Red,Blue,Green,Orange,Blue"
9516,fine-tuned,"Yellow,Red,Green,Green,Blue,Red"
9517,fine-tuned,"Red,Blue,Green,Green,Green"
9518,fine-tuned,"Red,Orange,Green,Blue,Red,Blue"
9519,fine-tuned,"Red,Red,Red"
9520,fine-tuned,"Green,Red,Green,Orange,Blue,Green"
9521,fine-tuned,"Blue,Orange,Green,Red"
9522,fine-tuned,"Red,Green,Blue,Green,Blue"
9523,fine-tuned,"Yellow,Green,Yellow,Red,Blue,Blue"
9524,fine-tuned,"Red,Orange,Blue,Green,Blue"
9525,fine-tuned,"Green,Blue,Red,Red,Blue"
9526,fine-tuned,"Green,Blue,Red,Red,Green,Green"
9527,fine-tuned,"Green,Red,Green,Orange,Red"
9528,fine-tuned,"Yellow,Blue,Orange"
9529,fine-tuned,"Blue,Green,Red"
9530,fine-tuned,"Blue,Green,Red,Red,Orange"
9531,fine-tuned,"Red,Green,Red,Red"
9532,fine-tuned,"Purple,Orange,Green,Red"
9533,fine-tuned,"Purple,Red,Blue"
9534,fine-tuned,"Green,Blue,Red,Orange,Green"
9535,fine-tuned,"Red,Green,Red,Green,Blue,Red"
9536,fine-tuned,"Purple,Green,Yellow,Green,Orange,Green"
9537,fine-tuned,"Purple,Blue,Orange,Red,Green"
9538,fine-tuned,"Red,Blue,Red,Green,Green"
9539,fine-tuned,"Red,Blue,Blue,Red"
9540,fine-tuned,"Blue,Red,Orange,Orange"
9541,fine-tuned,"Red,Orange,Red,Blue,Green"
9542,fine-tuned,"Yellow,Orange,Red,Red,Blue,Blue"
9543,fine-tuned,"Red,Blue,Blue,Green,Blue,Red"
9544,fine-tuned,"Orange,Blue,Purple,Yellow,Purple,Orange"
9545,fine-tuned,"Blue,Green,Red,Green,Red"
9546,fine-tuned,"Orange,Green,Blue,Blue,Red,Blue"
9547,fine-tuned,"Orange,Green,Green,Blue,Blue"
9548,fine-tuned,"Yellow,Red,Orange"
9549,fine-tuned,"Yellow,Blue,Orange,Red,Green,Green"
9550,fine-tuned,"Green,Red,Green"
9551,fine-tuned,"Red,Green,Blue,Orange,Orange,Red"
9552,fine-tuned,"Red,Green,Green,Orange,Green"
9553,fine-tuned,"Orange,Green,Red"
9554,fine-tuned,"Blue,Orange,Orange,Blue,Green"
9555,fine-tuned,"Purple,Green"
9556,fine-tuned,"Blue,Red,Green,Green,Orange"
9557,fine-tuned,"Red,Orange,Red,Green"
9558,fine-tuned,"Blue,Green,Orange,Red,Green,Blue"
9559,fine-tuned,"Green,Blue,Green,Orange,Red,Green"
9560,fine-tuned,"Orange,Green,Orange,Red,Blue"
9561,fine-tuned,"Red,Green,Red,Orange"
9562,fine-tuned,"Blue,Red,Orange,Green,Green,Orange"
9563,fine-tuned,"Green,Blue,Blue,Green,Green"
9564,fine-tuned,"Blue,Orange,Red,Green"
9565,fine-tuned,"Orange,Blue,Green,Orange"
9566,fine-tuned,"Purple,Red"
9567,fine-tuned,"Yellow,Blue,Orange,Blue,Red"
9568,fine-tuned,"Yellow,Blue,Orange,Blue,Red,Green"
9569,fine-tuned,"Red,Orange,Green,Blue,Green,Red"
9570,fine-tuned,"Blue,Orange,Orange,Green,Red,Red"
9571,fine-tuned,"Red,Blue,Orange,Blue,Red,Red"
9572,fine-tuned,"Green,Blue,Red,Red,Red,Blue"
9573,fine-tuned,"Blue,Red,Green,Green,Blue"
9574,fine-tuned,"Orange,Green,Orange,Green,Orange"
9575,fine-tuned,"Purple,Blue,Green,Orange,Blue"
9576,fine-tuned,"Green,Red,Blue,Orange,Blue,Green"
9577,fine-tuned,"Blue,Orange,Green,Red,Green"
9578,fine-tuned,"Yellow,Orange,Blue,Green,Green"
9579,fine-tuned,"Yellow,Green,Green,Orange,Red,Green"
9580,fine-tuned,"Orange,Blue,Blue,Green,Blue"
9581,fine-tuned,"Yellow,Green,Red,Green,Red,Blue"
9582,fine-tuned,"Blue,Red,Green,Blue"
9583,fine-tuned,"Red,Blue,Orange,Blue,Red"
9584,fine-tuned,"Red,Orange,Green,Blue,Green"
9585,fine-tuned,"Orange,Red,Green,Red,Orange,Green"
9586,fine-tuned,"Blue,Green,Yellow,Red,Purple,Orange"
9587,fine-tuned,"Yellow,Orange,Red,Blue,Red,Orange"
9588,fine-tuned,"Red,Green,Orange,Blue,Green,Green"
9589,fine-tuned,"Orange,Green,Blue,Red,Orange"
9590,fine-tuned,"Red,Blue,Orange,Orange,Green,Blue"
9591,fine-tuned,"Yellow,Orange,Blue,Blue"
9592,fine-tuned,"Yellow,Orange,Red,Red,Blue,Blue"
9593,fine-tuned,"Orange,Purple,Green,Red,Purple,Yellow"
9594,fine-tuned,"Orange,Green,Blue,Yellow,Blue,Purple"
9595,fine-tuned,"Blue,Orange,Red,Blue,Orange"
9596,fine-tuned,"Purple,Orange,Red,Blue"
9597,fine-tuned,"Red,Green,Blue,Red,Blue"
9598,fine-tuned,"Green,Blue,Green"
9599,fine-tuned,"Yellow,Blue,Red,Blue,Orange"
9600,fine-tuned,"Green,Red,Blue,Red,Blue,Green"
9601,fine-tuned,"Green,Red,Orange,Green,Blue,Red"
9602,fine-tuned,"Green,Blue,Orange,Red,Orange,Red"
9603,fine-tuned,"Green,Orange,Orange,Red,Green"
9604,fine-tuned,"Yellow,Blue,Green,Blue,Orange"
9605,fine-tuned,"Yellow,Red,Blue"
9606,fine-tuned,"Green,Orange"
9607,fine-tuned,"Blue,Green,Green,Red,Orange"
9608,fine-tuned,"Green,Red,Blue,Red,Blue,Red"
9609,fine-tuned,"Green,Red,Green,Orange,Red"
9610,fine-tuned,"Orange,Blue,Green,Red,Blue"
9611,fine-tuned,"Blue,Red,Green,Red,Orange"
9612,fine-tuned,"Green,Red,Blue,Blue"
9613,fine-tuned,"Orange,Red,Green,Blue,Orange"
9614,fine-tuned,"Green,Red,Red,Green,Red,Green"
9615,fine-tuned,"Yellow,Blue,Red,Blue"
9616,fine-tuned,"Orange,Red,Red"
9617,fine-tuned,"Green,Red,Orange,Green,Blue"
9618,fine-tuned,"Green,Red,Orange,Green,Red"
9619,fine-tuned,"Green,Blue,Orange,Red"
9620,fine-tuned,"Orange,Blue,Green,Blue,Red"
9621,fine-tuned,"Purple,Red,Red,Blue,Blue,Orange"
9622,fine-tuned,"Blue,Blue,Green,Orange,Blue,Green"
9623,fine-tuned,"Green,Blue,Red,Blue"
9624,fine-tuned,"Purple,Blue,Orange,Red"
9625,fine-tuned,"Red,Orange,Orange,Blue,Red"
9626,fine-tuned,"Blue,Green,Blue,Blue"
9627,fine-tuned,"Blue,Green,Orange,Green,Orange"
9628,fine-tuned,"Green,Blue,Blue,Orange,Orange,Orange"
9629,fine-tuned,"Red,Blue,Orange,Red,Orange,Blue"
9630,fine-tuned,"Purple,Blue,Orange,Green"
9631,fine-tuned,"Blue,Green,Orange,Green,Red"
9632,fine-tuned,"Orange,Purple,Blue,Red,Purple,Green"
9633,fine-tuned,"Red,Green,Blue,Blue,Orange,Red"
9634,fine-tuned,"Blue,Green,Blue"
9635,fine-tuned,"Blue,Red,Red,Orange,Red"
9636,fine-tuned,"Blue,Green,Orange,Red,Orange,Blue"
9637,fine-tuned,"Blue,Red,Green,Green"
9638,fine-tuned,"Yellow,Orange,Red,Blue,Red,Green"
9639,fine-tuned,"Yellow,Green,Blue,Blue,Orange"
9640,fine-tuned,"Red,Red,Green,Blue,Red"
9641,fine-tuned,"Red,Orange,Blue,Blue,Green,Red"
9642,fine-tuned,"Purple,Orange,Blue,Green,Green"
9643,fine-tuned,"Yellow,Red,Green,Green,Orange,Red"
9644,fine-tuned,"Blue,Red,Orange,Red,Green,Red"
9645,fine-tuned,"Blue,Green,Orange,Red,Red,Orange"
9646,fine-tuned,"Red,Blue,Orange,Green,Red,Orange"
9647,fine-tuned,"Orange,Green,Red,Red,Red,Orange"
9648,fine-tuned,"Red,Green,Orange,Green,Red"
9649,fine-tuned,"Orange,Red,Blue,Green,Red"
9650,fine-tuned,"Orange,Green,Red,Green,Blue,Red"
9651,fine-tuned,"Blue,Red,Red,Orange,Red,Green"
9652,fine-tuned,"Green,Orange,Red,Blue"
9653,fine-tuned,"Purple,Orange,Blue,Orange"
9654,fine-tuned,"Red,Green,Blue,Red,Green,Blue"
9655,fine-tuned,"Red,Green,Orange,Orange"
9656,fine-tuned,"Blue,Green,Red"
9657,fine-tuned,"Yellow,Orange,Red,Red,Red"
9658,fine-tuned,"Orange,Blue,Green,Orange,Red"
9659,fine-tuned,"Red,Green,Blue,Red,Red,Orange"
9660,fine-tuned,"Green,Blue,Red,Red"
9661,fine-tuned,"Blue,Green,Red,Red,Green"
9662,fine-tuned,"Yellow,Green,Red,Red,Blue,Blue"
9663,fine-tuned,"Blue,Orange,Orange,Red,Red,Red"
9664,fine-tuned,"Red,Green,Orange,Green"
9665,fine-tuned,"Yellow,Blue,Orange,Red,Green,Green"
9666,fine-tuned,"Purple,Orange,Blue,Green,Blue,Red"
9667,fine-tuned,"Red,Orange,Blue,Blue,Green"
9668,fine-tuned,"Blue,Green,Green,Blue"
9669,fine-tuned,"Blue,Red,Green,Green,Red,Blue"
9670,fine-tuned,"Green,Red,Orange"
9671,fine-tuned,"Purple,Green,Green,Blue,Red,Blue"
9672,fine-tuned,"Green,Blue,Orange,Red,Orange"
9673,fine-tuned,"Red,Blue,Green,Orange,Green,Blue"
9674,fine-tuned,"Yellow,Blue,Red,Red,Green,Blue"
9675,fine-tuned,"Yellow,Red,Blue,Red,Green,Green"
9676,fine-tuned,"Green,Orange,Orange,Green,Red"
9677,fine-tuned,"Orange,Blue,Green,Orange,Blue,Green"
9678,fine-tuned,"Purple,Green,Green,Green,Green"
9679,fine-tuned,"Yellow,Green,Blue,Green,Orange"
9680,fine-tuned,"Red,Red,Blue,Blue,Green,Green"
9681,fine-tuned,"Blue,Green,Red,Orange,Green,Red"
9682,fine-tuned,"Green,Red,Green,Orange,Orange"
9683,fine-tuned,"Yellow,Orange,Orange"
9684,fine-tuned,"Yellow,Orange,Green,Red,Red,Red"
9685,fine-tuned,"Red,Blue,Orange,Orange,Orange,Blue"
9686,fine-tuned,"Blue,Red,Orange,Red,Blue"
9687,fine-tuned,"Blue,Green,Red,Red,Orange"
9688,fine-tuned,"Blue,Green,Green,Red"
9689,fine-tuned,"Orange,Blue,Green,Green,Blue"
9690,fine-tuned,"Orange,Blue,Green,Green,Red,Green"
9691,fine-tuned,"Green,Blue,Red,Blue"
9692,fine-tuned,"Yellow,Orange,Blue,Red,Orange,Blue"
9693,fine-tuned,"Blue,Red,Green,Red,Green,Red"
9694,fine-tuned,"Red,Blue,Blue,Red"
9695,fine-tuned,"Yellow,Green,Orange,Green,Red,Orange"
9696,fine-tuned,"Blue,Green,Yellow,Purple,Red,Orange"
9697,fine-tuned,"Orange,Blue,Green,Blue,Red,Blue"
9698,fine-tuned,"Green,Blue,Blue,Red,Orange,Green"
9699,fine-tuned,"Orange,Green,Red,Blue,Red,Red"
9700,fine-tuned,"Red,Green,Green,Green,Green,Orange"
9701,fine-tuned,"Yellow,Green,Orange,Green,Red,Blue"
9702,fine-tuned,"Blue,Green,Green,Red"
9703,fine-tuned,"Blue,Orange,Red,Green,Orange,Green"
9704,fine-tuned,"Orange,Blue,Green,Red,Green"
9705,fine-tuned,"Yellow,Red,Green,Blue,Blue,Green"
9706,fine-tuned,"Yellow,Blue,Blue,Green,Green,Orange"
9707,fine-tuned,"Purple,Orange,Orange,Red,Orange,Red"
9708,fine-tuned,"Orange,Red,Blue,Green,Red"
9709,fine-tuned,"Red,Blue,Red,Blue,Green"
9710,fine-tuned,"Orange,Blue,Red,Blue,Orange,Red"
9711,fine-tuned,"Orange,Green,Red,Blue,Green"
9712,fine-tuned,"Red,Green,Red,Blue,Red,Orange"
9713,fine-tuned,"Blue,Green,Orange,Red,Orange"
9714,fine-tuned,"Red,Orange,Red,Green,Red"
9715,fine-tuned,"Red,Blue,Red,Green"
9716,fine-tuned,"Orange,Green,Blue,Red,Blue"
9717,fine-tuned,"Red,Blue,Blue,Orange,Orange"
9718,fine-tuned,"Red,Blue,Green,Green,Red,Red"
9719,fine-tuned,"Red,Orange,Blue,Red,Red,Green"
9720,fine-tuned,"Red,Green,Blue,Blue"
9721,fine-tuned,"Blue,Green,Orange,Orange,Green,Blue"
9722,fine-tuned,"Blue,Orange,Green,Blue,Orange,Green"
9723,fine-tuned,"Blue,Green,Green,Orange"
9724,fine-tuned,"Yellow,Blue,Orange,Red,Red,Orange"
9725,fine-tuned,"Green,Red,Red,Orange,Red,Green"
9726,fine-tuned,"Purple,Green,Orange,Green,Red"
9727,fine-tuned,"Green,Orange,Red,Blue,Green,Red"
9728,fine-tuned,"Red,Orange,Green,Green,Red,Green"
9729,fine-tuned,"Orange,Blue,Blue,Green"
9730,fine-tuned,"Orange,Green,Red,Red,Blue,Blue"
9731,fine-tuned,"Red,Blue,Green,Blue,Red,Orange"
9732,fine-tuned,"Yellow,Orange,Green,Green"
9733,fine-tuned,"Yellow,Red,Green,Orange,Green"
9734,fine-tuned,"Yellow,Orange,Orange,Green,Blue"
9735,fine-tuned,"Green,Blue,Orange,Blue,Red,Blue"
9736,fine-tuned,"Green,Red,Red,Blue,Orange,Orange"
9737,fine-tuned,"Blue,Green,Red,Red,Green,Red"
9738,fine-tuned,"Green,Green,Blue,Blue,Green,Green"
9739,fine-tuned,"Green,Orange,Blue,Red,Green,Red"
9740,fine-tuned,"Green,Orange,Orange,Green,Red,Green"
9741,fine-tuned,"Blue,Red,Red,Green"
9742,fine-tuned,"Blue,Green,Orange"
9743,fine-tuned,"Green,Blue,Red,Green,Red,Red"
9744,fine-tuned,"Red,Green,Orange,Orange,Green"
9745,fine-tuned,"Red,Blue,Green,Blue,Green"
9746,fine-tuned,"Blue,Orange"
9747,fine-tuned,"Red,Orange,Red,Blue,Red,Blue"
9748,fine-tuned,"Yellow,Blue"
9749,fine-tuned,"Green,Red,Red,Red,Orange"
9750,fine-tuned,"Red,Green,Orange,Green,Red"
9751,fine-tuned,"Orange,Red,Green,Orange"
9752,fine-tuned,"Blue,Green,Red,Orange,Blue"
9753,fine-tuned,"Yellow,Blue,Red,Orange,Red,Blue"
9754,fine-tuned,"Green,Orange,Blue,Red,Blue"
9755,fine-tuned,"Blue,Red,Orange,Green,Orange"
9756,fine-tuned,"Blue,Orange,Green,Red,Green"
9757,fine-tuned,"Orange,Blue,Red,Red,Blue,Blue"
9758,fine-tuned,"Green,Red,Blue"
9759,fine-tuned,"Purple,Blue,Blue,Orange,Green,Red"
9760,fine-tuned,"Green,Orange,Green,Blue,Blue,Orange"
9761,fine-tuned,"Orange,Green,Red,Red,Blue"
9762,fine-tuned,"Green,Blue,Orange,Orange,Red,Red"
9763,fine-tuned,"Blue,Orange,Green,Red,Red,Green"
9764,fine-tuned,"Blue,Green,Red,Orange,Blue"
9765,fine-tuned,"Purple,Blue,Green,Orange,Blue,Green"
9766,fine-tuned,"Blue,Blue,Green,Blue,Green"
9767,fine-tuned,"Red,Orange,Blue,Blue,Blue"
9768,fine-tuned,"Yellow,Red,Green,Red,Red,Red"
9769,fine-tuned,"Blue,Orange,Green,Red"
9770,fine-tuned,"Purple,Orange,Green,Green"
9771,fine-tuned,"Yellow,Orange,Red,Blue"
9772,fine-tuned,"Orange,Green,Red,Red"
9773,fine-tuned,"Blue,Green,Green,Blue"
9774,fine-tuned,"Green,Blue,Red,Red,Blue"
9775,fine-tuned,"Blue,Red,Green,Blue"
9776,fine-tuned,"Red,Green,Blue,Orange,Red,Orange"
9777,fine-tuned,"Blue,Orange,Red,Red"
9778,fine-tuned,"Green,Red,Red,Red,Green"
9779,fine-tuned,"Purple,Orange,Red,Blue,Green,Blue"
9780,fine-tuned,"Green,Red,Orange,Red,Orange,Green"
9781,fine-tuned,"Blue,Red,Red,Blue"
9782,fine-tuned,"Red,Orange,Red,Orange,Blue"
9783,fine-tuned,"Orange,Blue,Orange,Green,Red,Blue"
9784,fine-tuned,"Orange,Blue,Green,Blue"
9785,fine-tuned,"Blue,Red,Blue,Red,Orange,Red"
9786,fine-tuned,"Yellow,Red,Red,Green"
9787,fine-tuned,"Blue,Red,Red,Orange"
9788,fine-tuned,"Orange,Green,Orange,Blue"
9789,fine-tuned,"Red,Orange,Blue,Red,Green,Blue"
9790,fine-tuned,"Yellow,Green,Blue,Orange,Red"
9791,fine-tuned,"Orange,Red,Red,Green"
9792,fine-tuned,"Red,Green,Red,Red"
9793,fine-tuned,"Green,Orange,Blue,Red,Orange"
9794,fine-tuned,"Yellow,Green,Blue,Red"
9795,fine-tuned,"Red,Green,Blue,Green,Red"
9796,fine-tuned,"Yellow,Orange,Blue,Red,Orange"
9797,fine-tuned,"Orange,Red,Green,Blue,Red,Orange"
9798,fine-tuned,"Blue,Orange,Green,Green,Red"
9799,fine-tuned,"Red,Red,Green,Orange"
9800,fine-tuned,"Yellow,Red,Green,Green,Orange,Red"
9801,fine-tuned,"Yellow,Red,Red,Red,Red,Blue"
9802,fine-tuned,"Blue,Red,Blue,Red"
9803,fine-tuned,"Red,Blue,Blue,Orange,Green,Green"
9804,fine-tuned,"Red,Blue,Blue,Red,Green"
9805,fine-tuned,"Red,Green,Orange,Red"
9806,fine-tuned,"Red,Green,Green,Orange,Red,Green"
9807,fine-tuned,"Yellow,Orange,Red,Blue,Blue"
9808,fine-tuned,"Blue,Red,Red,Orange,Blue,Green"
9809,fine-tuned,"Blue,Green,Orange"
9810,fine-tuned,"Red,Green,Blue,Orange,Red"
9811,fine-tuned,"Green,Blue,Red,Orange"
9812,fine-tuned,"Blue,Red,Blue,Orange,Green"
9813,fine-tuned,"Yellow,Orange,Green"
9814,fine-tuned,"Orange,Blue,Green,Blue,Orange,Green"
9815,fine-tuned,"Red,Green,Green,Blue,Orange"
9816,fine-tuned,"Blue,Orange,Green,Blue,Green"
9817,fine-tuned,"Green,Orange,Green,Red,Green"
9818,fine-tuned,"Green,Blue,Green,Blue"
9819,fine-tuned,"Green,Blue,Green,Green,Orange,Blue"
9820,fine-tuned,"Orange,Yellow,Purple,Purple,Yellow,Red"
9821,fine-tuned,"Blue,Green,Green,Orange,Red,Orange"
9822,fine-tuned,"Green,Blue,Blue,Orange,Red"
9823,fine-tuned,"Green,Orange,Green,Blue,Red,Blue"
9824,fine-tuned,"Red,Orange,Blue,Green,Blue,Green"
9825,fine-tuned,"Red,Green,Blue,Green,Red,Green"
9826,fine-tuned,"Green,Orange,Red,Blue,Blue,Green"
9827,fine-tuned,"Red,Green,Blue,Blue"
9828,fine-tuned,"Orange,Red"
9829,fine-tuned,"Red,Blue,Green,Blue,Green,Orange"
9830,fine-tuned,"Blue,Red,Red,Orange,Green"
9831,fine-tuned,"Red,Blue,Red"
9832,fine-tuned,"Red,Blue,Orange,Green,Blue,Green"
9833,fine-tuned,"Yellow,Green,Blue,Red"
9834,fine-tuned,"Red,Blue,Green,Green,Red,Orange"
9835,fine-tuned,"Yellow,Orange,Green,Green"
9836,fine-tuned,"Yellow,Orange,Orange,Red,Green"
9837,fine-tuned,"Yellow,Green,Red,Blue,Red,Orange"
9838,fine-tuned,"Orange,Green,Blue,Green,Purple,Yellow"
9839,fine-tuned,"Purple,Blue,Green,Orange,Red,Green"
9840,fine-tuned,"Orange,Green,Green,Green,Orange,Blue"
9841,fine-tuned,"Purple,Orange,Green,Blue,Green,Red"
9842,fine-tuned,"Red,Red,Orange,Green,Red,Orange"
9843,fine-tuned,"Red,Blue,Red,Green,Orange"
9844,fine-tuned,"Blue,Blue,Red,Orange,Blue"
9845,fine-tuned,"Blue,Red,Red,Red,Red,Orange"
9846,fine-tuned,"Purple,Green,Red,Orange"
9847,fine-tuned,"Blue,Orange,Green,Green,Red,Blue"
9848,fine-tuned,"Blue,Green,Red,Red,Orange"
9849,fine-tuned,"Red,Green,Orange,Orange"
9850,fine-tuned,"Blue,Orange,Blue,Red"
9851,fine-tuned,"Green,Red,Green,Red,Blue,Red"
9852,fine-tuned,"Green,Orange,Green,Red,Blue,Orange"
9853,fine-tuned,"Red,Green,Orange,Orange"
9854,fine-tuned,"Blue,Red,Green,Red,Red"
9855,fine-tuned,"Blue,Orange,Red,Green,Red,Blue"
9856,fine-tuned,"Green,Orange,Blue,Red"
9857,fine-tuned,"Purple,Red,Green,Red,Blue,Blue"
9858,fine-tuned,"Red,Blue,Green,Red,Green"
9859,fine-tuned,"Orange,Purple,Green,Blue,Blue,Orange"
9860,fine-tuned,"Blue,Red,Green,Orange,Green"
9861,fine-tuned,"Orange,Yellow,Red,Purple,Green,Orange"
9862,fine-tuned,"Yellow,Red,Green,Blue,Red,Blue"
9863,fine-tuned,"Purple,Red,Green,Blue,Red,Red"
9864,fine-tuned,"Green,Red,Orange,Blue,Red,Orange"
9865,fine-tuned,"Yellow,Blue,Green,Orange,Green,Red"
9866,fine-tuned,"Blue,Orange,Blue,Blue,Red"
9867,fine-tuned,"Green,Orange,Blue,Orange,Green"
9868,fine-tuned,"Green,Orange,Red,Blue,Red"
9869,fine-tuned,"Yellow,Green,Green,Blue,Orange"
9870,fine-tuned,"Green,Blue,Orange,Blue,Red,Blue"
9871,fine-tuned,"Green,Yellow,Purple,Blue,Blue,Orange"
9872,fine-tuned,"Orange,Red,Green,Red,Orange,Red"
9873,fine-tuned,"Orange,Red,Green,Red,Blue"
9874,fine-tuned,"Green,Red,Blue,Orange"
9875,fine-tuned,"Blue,Red,Green,Red,Blue"
9876,fine-tuned,"Green,Orange,Blue,Orange"
9877,fine-tuned,"Blue,Green,Blue,Red,Orange,Green"
9878,fine-tuned,"Green,Blue"
9879,fine-tuned,"Yellow,Blue,Green,Red,Orange"
9880,fine-tuned,"Blue,Orange,Red,Red,Green"
9881,fine-tuned,"Red,Blue,Orange,Green,Orange,Blue"
9882,fine-tuned,"Green,Orange,Blue,Green,Red,Red"
9883,fine-tuned,"Purple,Blue,Red,Orange,Blue,Red"
9884,fine-tuned,"Blue,Red,Green,Red,Green,Orange"
9885,fine-tuned,"Blue,Orange,Red,Red,Green"
9886,fine-tuned,"Red,Green,Orange,Orange"
9887,fine-tuned,"Purple,Red,Orange,Blue,Red"
9888,fine-tuned,"Orange,Green,Red,Blue,Green"
9889,fine-tuned,"Yellow,Blue,Green,Orange,Red,Orange"
9890,fine-tuned,"Blue,Orange,Red,Blue,Red,Green"
9891,fine-tuned,"Blue,Red,Orange,Red"
9892,fine-tuned,"Red,Blue,Red,Blue,Red"
9893,fine-tuned,"Yellow,Green,Green,Green,Red,Orange"
9894,fine-tuned,"Green,Orange,Red,Orange"
9895,fine-tuned,"Blue,Red,Red,Green"
9896,fine-tuned,"Orange,Purple,Yellow,Blue,Yellow,Orange"
9897,fine-tuned,"Red,Green,Red,Green,Orange,Green"
9898,fine-tuned,"Red,Blue,Green,Orange,Orange"
9899,fine-tuned,"Blue,Orange,Green,Blue,Red"
9900,fine-tuned,"Blue,Green,Red,Green"
9901,fine-tuned,"Yellow,Orange,Green,Green,Blue,Blue"
9902,fine-tuned,"Red,Green,Blue,Blue,Blue"
9903,fine-tuned,"Purple,Orange,Blue,Blue,Green"
9904,fine-tuned,"Green,Red,Orange,Orange,Red"
9905,fine-tuned,"Blue,Blue,Red,Red,Red,Green"
9906,fine-tuned,"Blue,Green,Red,Orange,Blue"
9907,fine-tuned,"Green,Blue,Orange"
9908,fine-tuned,"Red,Green,Orange"
9909,fine-tuned,"Purple,Red,Green,Blue,Red,Green"
9910,fine-tuned,"Green,Blue,Red,Orange"
9911,fine-tuned,"Red,Orange,Blue,Green,Red"
9912,fine-tuned,"Orange,Blue,Green,Green"
9913,fine-tuned,"Blue,Green,Red,Orange,Green,Blue"
9914,fine-tuned,"Blue,Green,Green,Red,Blue"
9915,fine-tuned,"Orange,Red,Red,Orange,Green,Blue"
9916,fine-tuned,"Yellow,Green,Blue,Orange,Orange"
9917,fine-tuned,"Red,Red,Green"
9918,fine-tuned,"Blue,Green,Green,Orange,Red,Orange"
9919,fine-tuned,"Purple,Green,Red,Orange,Red,Green"
9920,fine-tuned,"Yellow,Red,Green,Red,Blue,Red"
9921,fine-tuned,"Red,Blue,Green,Blue,Orange,Orange"
9922,fine-tuned,"Green,Red,Blue,Red,Green"
9923,fine-tuned,"Orange,Blue,Red,Purple,Red,Green"
9924,fine-tuned,"Blue,Red,Orange,Red,Orange"
9925,fine-tuned,"Blue,Red,Red,Red,Blue,Red"
9926,fine-tuned,"Red,Blue,Green"
9927,fine-tuned,"Blue,Green,Orange,Red,Red"
9928,fine-tuned,"Purple,Orange,Red,Green,Blue,Orange"
9929,fine-tuned,"Blue,Green,Orange,Orange,Red,Green"
9930,fine-tuned,"Purple,Blue,Orange,Green,Green"
9931,fine-tuned,"Green,Orange,Blue,Green,Red"
9932,fine-tuned,"Yellow,Green,Orange,Red,Blue,Red"
9933,fine-tuned,"Red,Blue"
9934,fine-tuned,"Green,Blue,Blue,Orange,Red"
9935,fine-tuned,"Blue,Red,Red,Green,Red,Red"
9936,fine-tuned,"Blue,Red,Orange,Green,Green,Purple"
9937,fine-tuned,"Purple,Green,Blue,Red,Red"
9938,fine-tuned,"Green,Orange,Orange,Red"
9939,fine-tuned,"Orange,Blue,Red,Green,Red,Blue"
9940,fine-tuned,"Orange,Blue,Blue,Red,Red"
9941,fine-tuned,"Blue,Orange,Orange,Red,Red,Green"
9942,fine-tuned,"Red,Orange,Blue,Blue,Red,Red"
9943,fine-tuned,"Blue,Red,Red,Green"
9944,fine-tuned,"Yellow,Orange,Green,Red,Red,Blue"
9945,fine-tuned,"Blue,Green,Red,Red,Red"
9946,fine-tuned,"Green,Blue,Green,Red,Red,Orange"
9947,fine-tuned,"Blue,Orange,Blue"
9948,fine-tuned,"Blue,Orange,Green,Orange,Blue"
9949,fine-tuned,"Red,Green,Orange,Green,Blue,Red"
9950,fine-tuned,"Red,Red,Blue,Orange,Green,Blue"
9951,fine-tuned,"Blue,Orange,Red,Red,Green"
9952,fine-tuned,"Blue,Orange,Red,Red,Red"
9953,fine-tuned,"Blue,Green,Red,Red"
9954,fine-tuned,"Green,Purple,Orange,Yellow,Orange,Purple"
9955,fine-tuned,"Red,Green,Orange,Blue,Blue"
9956,fine-tuned,"Red,Orange,Blue,Green,Green,Blue"
9957,fine-tuned,"Blue,Orange,Orange,Green"
9958,fine-tuned,"Red,Green,Red,Blue,Green,Blue"
9959,fine-tuned,"Yellow,Green,Blue,Orange,Red"
9960,fine-tuned,"Red,Blue,Red,Green,Orange,Green"
9961,fine-tuned,"Orange,Blue,Red,Red"
9962,fine-tuned,"Purple,Orange,Blue,Red,Green"
9963,fine-tuned,"Red,Green,Red,Red"
9964,fine-tuned,"Purple,Blue,Green,Green,Red"
9965,fine-tuned,"Green,Orange,Blue,Red"
9966,fine-tuned,"Red,Orange,Blue,Red"
9967,fine-tuned,"Red,Red,Green,Blue,Orange,Red"
9968,fine-tuned,"Red,Orange,Green,Orange"
9969,fine-tuned,"Green,Red,Blue,Green,Red"
9970,fine-tuned,"Yellow,Blue,Red,Red,Green,Green"
9971,fine-tuned,"Blue,Orange,Green,Blue"
9972,fine-tuned,"Red,Green,Red,Orange,Blue,Red"
9973,fine-tuned,"Red,Blue,Green,Orange,Blue,Green"
9974,fine-tuned,"Yellow,Blue,Red,Red,Orange"
9975,fine-tuned,"Blue,Green,Orange,Red,Orange,Blue"
9976,fine-tuned,"Red,Red,Blue,Blue,Green,Green"
9977,fine-tuned,"Red,Red,Green"
9978,fine-tuned,"Orange,Green,Blue,Red,Green,Orange"
9979,fine-tuned,"Green,Blue,Orange,Blue,Yellow,Green"
9980,fine-tuned,"Orange,Blue,Yellow,Red,Green,Orange"
9981,fine-tuned,"Blue,Green,Blue,Orange,Red"
9982,fine-tuned,"Green,Blue,Red,Red"
9983,fine-tuned,"Red,Orange"
9984,fine-tuned,"Blue,Green,Green,Orange,Red,Red"
9985,fine-tuned,"Yellow,Green,Red,Blue,Red,Green"
9986,fine-tuned,"Red,Orange,Blue,Red,Green"
9987,fine-tuned,"Blue,Blue,Green,Orange"
9988,fine-tuned,"Red,Green,Blue,Red,Orange"
9989,fine-tuned,"Blue,Green,Green,Green,Orange,Red"
9990,fine-tuned,"Orange,Purple,Green,Yellow,Blue,Red"
9991,fine-tuned,"Blue,Green,Orange,Green,Blue"
9992,fine-tuned,"Yellow,Green,Red,Green"
9993,fine-tuned,"Blue,Red,Green,Green,Red"
9994,fine-tuned,"Blue,Blue,Green,Green,Red"
9995,fine-tuned,"Red,Red,Blue,Orange,Red"
9996,fine-tuned,"Green,Red,Orange,Green"
9997,fine-tuned,"Blue,Orange,Blue,Green,Red"
9998,fine-tuned,"Yellow,Green,Blue,Blue,Red,Red"
9999,fine-tuned,"Orange,Red,Blue,Green,Blue"
10000,fine-tuned,"Green,Blue,Orange,Orange"
10001,fine-tuned,"Blue,Green,Orange,Green,Red"
10002,fine-tuned,"Purple,Orange,Orange,Blue,Green,Blue"
10003,fine-tuned,"Orange,Purple,Purple,Yellow,Red,Blue"
10004,fine-tuned,"Yellow,Blue,Green,Red,Orange"
10005,fine-tuned,"Green,Orange,Green,Orange"
10006,fine-tuned,"Green,Blue,Orange,Green,Blue"
10007,fine-tuned,"Orange,Green,Green,Red,Blue"
10008,fine-tuned,"Blue,Green,Orange,Red,Orange"
10009,fine-tuned,"Red,Blue,Green,Green,Orange,Red"
10010,fine-tuned,"Orange,Green,Blue"
10011,fine-tuned,"Orange,Green,Purple,Yellow,Orange,Red"
10012,fine-tuned,"Yellow,Green,Orange,Orange,Blue"
10013,fine-tuned,"Red,Orange,Green,Blue,Blue"
10014,fine-tuned,"Orange,Blue,Blue,Green,Green"
10015,fine-tuned,"Yellow,Green,Blue,Red,Orange"
10016,fine-tuned,"Red,Green,Red,Green,Green,Orange"
10017,fine-tuned,"Orange,Blue,Red,Red,Green"
10018,fine-tuned,"Red,Blue,Green,Green,Green"
10019,fine-tuned,"Blue,Orange,Red,Red,Green"
10020,fine-tuned,"Red,Green,Blue,Green,Orange"
10021,fine-tuned,"Red,Orange,Red,Green,Red,Red"
10022,fine-tuned,"Orange,Green,Blue,Red,Green"
10023,fine-tuned,"Green,Red,Orange"
10024,fine-tuned,"Orange,Blue,Red,Blue,Green,Green"
10025,fine-tuned,"Purple,Green,Red,Blue,Orange,Blue"
10026,fine-tuned,"Purple,Red,Green,Red,Blue,Red"
10027,fine-tuned,"Blue,Green,Green,Green,Blue,Blue"
10028,fine-tuned,"Blue,Orange,Red,Orange,Blue"
10029,fine-tuned,"Blue,Orange,Blue,Green,Red"
10030,fine-tuned,"Blue,Red,Green,Blue,Orange,Red"
10031,fine-tuned,"Blue,Red,Green,Blue,Green,Orange"
10032,fine-tuned,"Yellow,Red,Green,Red,Orange,Green"
10033,fine-tuned,"Green,Orange,Red,Green,Green,Green"
10034,fine-tuned,"Green,Red,Red,Blue,Orange,Green"
10035,fine-tuned,"Yellow,Blue,Red,Green,Green,Green"
10036,fine-tuned,"Red,Red"
10037,fine-tuned,"Green,Orange,Blue,Red,Red"
10038,fine-tuned,"Red,Green,Blue,Orange"
10039,fine-tuned,"Red,Blue,Orange,Green,Orange,Orange"
10040,fine-tuned,"Blue,Green,Orange,Red"
10041,fine-tuned,"Red,Blue,Orange,Green,Orange,Blue"
10042,fine-tuned,"Blue,Orange,Green,Blue,Red,Green"
10043,fine-tuned,"Red,Green,Red,Blue,Red"
10044,fine-tuned,"Green,Blue,Red,Orange,Blue"
10045,fine-tuned,"Blue,Green,Red,Orange,Orange"
10046,fine-tuned,"Blue,Green,Red,Blue,Blue"
10047,fine-tuned,"Green,Blue,Red,Green"
10048,fine-tuned,"Purple,Orange,Blue,Red,Blue,Green"
10049,fine-tuned,"Green,Red,Orange,Blue,Green"
10050,fine-tuned,"Yellow,Blue,Green,Orange,Red,Red"
10051,fine-tuned,"Red,Green,Blue,Red,Green"
10052,fine-tuned,"Yellow,Red,Orange,Green,Blue,Green"
10053,fine-tuned,"Yellow,Orange,Orange,Green,Blue"
10054,fine-tuned,"Red,Orange,Orange,Red,Blue"
10055,fine-tuned,"Red,Blue,Orange,Blue"
10056,fine-tuned,"Red,Orange,Orange,Green,Green,Red"
10057,fine-tuned,"Green,Red,Red,Red"
10058,fine-tuned,"Blue,Green,Orange,Green"
10059,fine-tuned,"Orange,Blue,Yellow,Blue,Green,Purple"
10060,fine-tuned,"Purple,Green,Blue,Orange,Green"
10061,fine-tuned,"Purple,Green,Blue,Orange,Red,Green"
10062,fine-tuned,"Red,Green,Orange,Orange"
10063,fine-tuned,"Green,Red,Green,Green,Red,Blue"
10064,fine-tuned,"Green,Blue,Red,Red,Orange"
10065,fine-tuned,"Green,Blue,Blue,Red"
10066,fine-tuned,"Red,Orange,Red,Blue,Green,Red"
10067,fine-tuned,"Yellow,Blue,Red,Red,Orange"
10068,fine-tuned,"Blue,Red,Green,Green,Blue,Red"
10069,fine-tuned,"Blue,Green,Red,Red,Orange"
10070,fine-tuned,"Purple,Orange,Red,Green,Green,Blue"
10071,fine-tuned,"Blue,Green,Green,Orange"
10072,fine-tuned,"Yellow,Red,Orange,Blue,Green"
10073,fine-tuned,"Blue,Red,Blue,Orange,Red"
10074,fine-tuned,"Red,Blue,Green,Green,Red,Green"
10075,fine-tuned,"Green,Blue,Orange,Green,Green,Blue"
10076,fine-tuned,"Yellow,Blue,Green,Orange,Green,Orange"
10077,fine-tuned,"Red,Green,Red,Blue,Green"
10078,fine-tuned,"Yellow,Blue,Green,Orange,Orange"
10079,fine-tuned,"Purple,Green,Green,Blue,Red"
10080,fine-tuned,"Green,Blue,Red"
10081,fine-tuned,"Yellow,Green,Blue,Red,Red,Orange"
10082,fine-tuned,"Blue,Green,Red,Green"
10083,fine-tuned,"Yellow,Red,Blue,Green,Red,Green"
10084,fine-tuned,"Green,Blue,Red,Green,Orange,Green"
10085,fine-tuned,"Green,Orange,Blue,Green,Orange"
10086,fine-tuned,"Blue,Green,Orange"
10087,fine-tuned,"Blue,Red,Green,Green,Green,Red"
10088,fine-tuned,"Blue,Orange,Green,Red,Red,Red"
10089,fine-tuned,"Blue,Red,Red,Green,Red,Green"
10090,fine-tuned,"Purple,Orange,Blue,Red,Red"
10091,fine-tuned,"Yellow,Blue,Red,Orange,Red"
10092,fine-tuned,"Orange,Red,Blue,Green,Blue,Green"
10093,fine-tuned,"Yellow,Orange,Blue,Red"
10094,fine-tuned,"Orange,Blue,Green,Green,Red,Orange"
10095,fine-tuned,"Red,Blue,Red,Green"
10096,fine-tuned,"Yellow,Green,Orange,Red,Orange"
10097,fine-tuned,"Red,Red,Blue,Red"
10098,fine-tuned,"Blue,Orange,Blue"
10099,fine-tuned,"Green,Blue,Purple,Green,Yellow,Purple"
10100,fine-tuned,"Purple,Blue,Blue,Blue,Green,Orange"
10101,fine-tuned,"Orange,Green,Red,Red,Red"
10102,fine-tuned,"Blue,Green,Red,Red,Blue"
10103,fine-tuned,"Purple,Green,Orange,Red,Orange"
10104,fine-tuned,"Red,Green,Blue"
10105,fine-tuned,"Green,Orange,Orange,Red,Blue,Blue"
10106,fine-tuned,"Green,Blue,Green,Red,Red,Orange"
10107,fine-tuned,"Green,Blue,Blue,Green,Blue,Blue"
10108,fine-tuned,"Blue,Blue,Green,Green,Green"
10109,fine-tuned,"Orange,Blue,Green,Red,Orange"
10110,fine-tuned,"Blue,Red,Orange,Orange,Green,Red"
10111,fine-tuned,"Blue,Red,Red,Red,Green,Green"
10112,fine-tuned,"Blue,Orange,Orange,Green"
10113,fine-tuned,"Red,Blue,Blue,Green,Green,Red"
10114,fine-tuned,"Orange,Green,Blue,Purple,Blue,Green"
10115,fine-tuned,"Orange,Yellow,Green,Blue,Blue,Yellow"
10116,fine-tuned,"Yellow,Green,Green,Orange,Orange"
10117,fine-tuned,"Purple,Red,Blue,Green,Red"
10118,fine-tuned,"Blue,Orange,Red,Red"
10119,fine-tuned,"Blue,Red,Blue,Green"
10120,fine-tuned,"Green,Orange,Blue,Red,Blue,Red"
10121,fine-tuned,"Yellow,Orange,Green,Orange,Blue"
10122,fine-tuned,"Red,Green,Orange,Green"
10123,fine-tuned,"Red,Green,Orange,Orange"
10124,fine-tuned,"Orange,Green,Green,Red"
10125,fine-tuned,"Red,Blue,Green,Red,Orange,Green"
10126,fine-tuned,"Orange,Green,Blue,Red,Red,Blue"
10127,fine-tuned,"Blue,Green,Green,Green"
10128,fine-tuned,"Blue,Orange,Green,Red,Blue"
10129,fine-tuned,"Purple,Orange,Green,Orange,Blue"
10130,fine-tuned,"Purple,Blue,Red,Green,Orange,Green"
10131,fine-tuned,"Orange,Yellow,Green,Purple,Blue,Red"
10132,fine-tuned,"Red,Green,Blue,Red,Red"
10133,fine-tuned,"Blue,Green,Blue,Green"
10134,fine-tuned,"Green,Red,Blue,Red,Orange"
10135,fine-tuned,"Orange,Blue,Red,Green"
10136,fine-tuned,"Blue,Orange,Blue,Green,Orange,Blue"
10137,fine-tuned,"Red,Blue,Orange,Green,Green"
10138,fine-tuned,"Red,Blue,Red,Green,Red"
10139,fine-tuned,"Green,Orange,Red,Red"
10140,fine-tuned,"Blue,Yellow,Orange,Red,Green,Green"
10141,fine-tuned,"Red,Orange,Red,Blue,Green"
10142,fine-tuned,"Blue,Orange,Green,Green,Red"
10143,fine-tuned,"Blue,Green,Blue,Orange"
10144,fine-tuned,"Green,Orange,Blue,Orange"
10145,fine-tuned,"Blue,Green,Green,Red,Green,Orange"
10146,fine-tuned,"Red,Green,Red,Orange,Green"
10147,fine-tuned,"Yellow,Green,Green,Orange,Orange"
10148,fine-tuned,"Purple,Green,Blue,Red,Red"
10149,fine-tuned,"Red,Orange,Red,Blue"
10150,fine-tuned,"Green,Red,Blue,Green,Blue"
10151,fine-tuned,"Blue,Blue,Red"
10152,fine-tuned,"Orange,Red,Green,Red"
10153,fine-tuned,"Yellow,Orange,Blue,Green,Red,Blue"
10154,fine-tuned,"Orange,Green,Red,Orange,Blue,Green"
10155,fine-tuned,"Red,Blue,Red,Green"
10156,fine-tuned,"Blue,Green,Green"
10157,fine-tuned,"Orange,Red,Green,Orange,Red,Green"
10158,fine-tuned,"Yellow,Green,Red,Orange,Red,Blue"
10159,fine-tuned,"Red,Green,Green,Red,Blue"
10160,fine-tuned,"Green,Orange,Red,Blue,Blue"
10161,fine-tuned,"Orange,Blue,Green,Red,Blue,Blue"
10162,fine-tuned,"Red,Orange,Green"
10163,fine-tuned,"Orange,Green,Red,Blue,Red,Green"
10164,fine-tuned,"Green,Red,Orange,Red,Blue,Green"
10165,fine-tuned,"Blue,Green,Red,Orange,Red,Green"
10166,fine-tuned,"Blue,Orange,Red,Green"
10167,fine-tuned,"Yellow,Green,Blue,Blue,Red,Red"
10168,fine-tuned,"Red,Green,Orange"
10169,fine-tuned,"Yellow,Red,Blue,Blue,Green,Red"
10170,fine-tuned,"Orange,Red,Orange,Green"
10171,fine-tuned,"Red,Blue,Blue,Green,Blue"
10172,fine-tuned,"Green,Blue,Red,Orange,Orange"
10173,fine-tuned,"Green,Blue,Blue,Red,Red,Green"
10174,fine-tuned,"Yellow,Blue,Red,Green"
10175,fine-tuned,"Green,Red,Blue,Red"
10176,fine-tuned,"Purple,Green,Blue,Red,Blue,Green"
10177,fine-tuned,"Blue,Red,Red,Green"
10178,fine-tuned,"Green,Blue,Orange,Red,Blue"
10179,fine-tuned,"Blue,Green,Green,Red,Red"
10180,fine-tuned,"Yellow,Blue,Green,Blue,Orange"
10181,fine-tuned,"Blue,Green,Blue,Yellow,Purple,Green"
10182,fine-tuned,"Yellow,Green,Blue,Blue,Green"
10183,fine-tuned,"Orange,Blue,Green,Yellow,Purple,Blue"
10184,fine-tuned,"Red,Orange,Green,Blue"
10185,fine-tuned,"Blue,Green,Orange,Orange"
10186,fine-tuned,"Blue,Green,Orange,Red,Red"
10187,fine-tuned,"Red,Green,Orange,Blue,Red,Green"
10188,fine-tuned,"Red,Orange,Blue,Orange,Blue,Red"
10189,fine-tuned,"Red,Orange,Blue,Red,Orange"
10190,fine-tuned,"Green,Red,Red"
10191,fine-tuned,"Green,Orange,Red,Red,Blue"
10192,fine-tuned,"Yellow,Orange,Red,Blue,Orange"
10193,fine-tuned,"Blue,Green,Blue,Orange,Red"
10194,fine-tuned,"Yellow,Red,Orange,Red,Green"
10195,fine-tuned,"Yellow,Green,Green,Orange,Green,Blue"
10196,fine-tuned,"Yellow,Green,Blue,Blue"
10197,fine-tuned,"Blue,Red,Green,Orange,Blue,Red"
10198,fine-tuned,"Orange,Green,Blue,Red,Orange,Green"
10199,fine-tuned,"Blue,Blue,Orange,Green"
10200,fine-tuned,"Green,Blue,Red,Orange,Green"
10201,fine-tuned,"Yellow,Red,Green,Orange,Red,Red"
10202,fine-tuned,"Yellow,Green,Red,Red,Orange"
10203,fine-tuned,"Green,Red,Blue,Red,Red,Blue"
10204,fine-tuned,"Yellow,Blue,Green,Blue,Green,Orange"
10205,fine-tuned,"Red,Blue,Green,Orange,Green,Green"
10206,fine-tuned,"Blue,Orange,Red,Green,Green"
10207,fine-tuned,"Yellow,Red,Green,Orange,Blue,Red"
10208,fine-tuned,"Orange,Red,Red,Blue,Blue"
10209,fine-tuned,"Blue,Red,Green,Blue,Green,Orange"
10210,fine-tuned,"Yellow,Red,Blue,Green,Green,Orange"
10211,fine-tuned,"Green,Orange,Green,Red,Blue,Green"
10212,fine-tuned,"Purple,Blue,Green,Blue,Blue"
10213,fine-tuned,"Orange,Red,Purple,Green,Red,Green"
10214,fine-tuned,"Orange,Red,Blue,Red,Orange,Red"
10215,fine-tuned,"Red,Orange,Blue,Blue"
10216,fine-tuned,"Blue,Green,Green,Red,Red"
10217,fine-tuned,"Yellow,Green,Red,Red,Blue"
10218,fine-tuned,"Green,Purple,Yellow,Yellow,Green,Orange"
10219,fine-tuned,"Purple,Blue,Green,Blue,Orange"
10220,fine-tuned,"Purple,Blue,Orange,Green,Red,Green"
10221,fine-tuned,"Yellow,Orange,Blue,Green"
10222,fine-tuned,"Blue,Orange,Green,Green"
10223,fine-tuned,"Green,Orange,Red,Green,Blue"
10224,fine-tuned,"Red,Blue,Green,Blue,Blue,Orange"
10225,fine-tuned,"Red,Blue,Green,Red"
10226,fine-tuned,"Green,Red,Orange,Blue"
10227,fine-tuned,"Green,Red,Blue,Red,Red,Orange"
10228,fine-tuned,"Blue,Green,Red,Red,Green"
10229,fine-tuned,"Red,Green,Blue"
10230,fine-tuned,"Yellow,Red,Orange,Green"
10231,fine-tuned,"Blue,Orange,Green,Green,Blue"
10232,fine-tuned,"Red,Blue,Red,Red,Red"
10233,fine-tuned,"Red,Green,Orange,Blue,Blue,Green"
10234,fine-tuned,"Green,Blue"
10235,fine-tuned,"Red,Orange,Blue,Green,Green"
10236,fine-tuned,"Red,Orange"
10237,fine-tuned,"Yellow,Blue,Green,Green,Blue,Orange"
10238,fine-tuned,"Yellow,Blue,Orange,Green,Orange,Red"
10239,fine-tuned,"Yellow,Orange,Blue,Blue,Red"
10240,fine-tuned,"Orange,Purple,Blue,Red,Red,Green"
10241,fine-tuned,"Orange,Blue,Red,Green,Purple,Green"
10242,fine-tuned,"Red,Blue,Green,Blue"
10243,fine-tuned,"Green,Green,Red,Blue,Blue"
10244,fine-tuned,"Yellow,Green,Red,Green,Orange,Red"
10245,fine-tuned,"Orange,Blue,Blue,Red,Green,Orange"
10246,fine-tuned,"Red,Blue,Orange,Green"
10247,fine-tuned,"Blue,Orange,Green,Green,Blue"
10248,fine-tuned,"Purple,Green,Green,Green,Orange,Orange"
10249,fine-tuned,"Blue,Green,Orange,Blue,Orange"
10250,fine-tuned,"Purple,Blue,Red,Green"
10251,fine-tuned,"Blue,Orange,Green,Red,Green"
10252,fine-tuned,"Green,Blue,Red"
10253,fine-tuned,"Green,Blue,Green,Red,Orange"
10254,fine-tuned,"Yellow,Blue"
10255,fine-tuned,"Orange,Blue,Green,Green"
10256,fine-tuned,"Red,Green,Orange,Red,Blue"
10257,fine-tuned,"Yellow,Orange,Blue,Blue,Red,Red"
10258,fine-tuned,"Red,Green,Red,Blue,Blue,Red"
10259,fine-tuned,"Red,Green,Blue,Red"
10260,fine-tuned,"Blue,Orange,Red,Green,Red,Green"
10261,fine-tuned,"Green,Blue,Blue,Orange,Red"
10262,fine-tuned,"Blue,Green,Orange,Red"
10263,fine-tuned,"Orange,Green,Red"
10264,fine-tuned,"Green,Blue,Yellow,Red,Green,Orange"
10265,fine-tuned,"Green,Blue,Green,Orange,Orange,Blue"
10266,fine-tuned,"Green,Red,Orange,Red,Green"
10267,fine-tuned,"Blue,Orange,Green,Red"
10268,fine-tuned,"Blue,Red,Red,Green,Orange,Orange"
10269,fine-tuned,"Green,Orange,Red,Red,Blue,Green"
10270,fine-tuned,"Blue,Orange,Orange,Green,Red,Green"
10271,fine-tuned,"Red,Blue,Blue,Green,Red"
10272,fine-tuned,"Orange,Purple,Red,Purple,Green,Red"
10273,fine-tuned,"Green,Orange,Blue,Green,Orange"
10274,fine-tuned,"Red,Blue,Blue,Green"
10275,fine-tuned,"Orange,Blue,Green,Red,Green,Red"
10276,fine-tuned,"Purple,Green,Blue,Blue"
10277,fine-tuned,"Blue,Orange,Blue,Red,Red,Red"
10278,fine-tuned,"Yellow,Green,Orange,Blue,Blue,Red"
10279,fine-tuned,"Blue,Green,Orange,Blue,Orange,Green"
10280,fine-tuned,"Blue,Green,Red,Blue,Red,Green"
10281,fine-tuned,"Green,Blue,Red,Blue,Red"
10282,fine-tuned,"Blue,Green,Green,Orange"
10283,fine-tuned,"Orange,Blue,Red,Red"
10284,fine-tuned,"Yellow,Red,Blue,Red,Green,Orange"
10285,fine-tuned,"Purple,Blue,Orange,Red,Green"
10286,fine-tuned,"Purple,Orange,Green,Blue,Blue,Red"
10287,fine-tuned,"Blue,Blue,Green,Orange,Red,Red"
10288,fine-tuned,"Red,Blue,Blue,Green"
10289,fine-tuned,"Blue,Green,Blue,Green,Green"
10290,fine-tuned,"Green,Orange,Red,Red,Blue"
10291,fine-tuned,"Orange,Green,Blue,Red,Red"
10292,fine-tuned,"Orange,Green,Blue,Orange,Red"
10293,fine-tuned,"Blue,Orange,Green,Green"
10294,fine-tuned,"Green,Red,Red,Blue"
10295,fine-tuned,"Orange,Red,Green,Blue,Green,Blue"
10296,fine-tuned,"Green,Orange,Blue,Red,Green"
10297,fine-tuned,"Blue,Green,Orange,Red,Red,Blue"
10298,fine-tuned,"Yellow,Green,Orange,Green,Blue,Red"
10299,fine-tuned,"Red,Green,Orange,Blue,Green,Red"
10300,fine-tuned,"Blue,Orange,Red,Green,Red,Blue"
10301,fine-tuned,"Yellow,Blue,Blue,Green,Green"
10302,fine-tuned,"Yellow,Blue,Green,Red,Red,Blue"
10303,fine-tuned,"Red,Red,Red,Red,Blue"
10304,fine-tuned,"Blue,Green,Orange,Red"
10305,fine-tuned,"Blue,Yellow,Green,Green,Yellow,Green"
10306,fine-tuned,"Purple,Blue,Green,Orange,Blue,Green"
10307,fine-tuned,"Red,Blue,Blue,Orange"
10308,fine-tuned,"Green,Orange,Green,Red,Red"
10309,fine-tuned,"Red,Orange,Blue,Red,Green"
10310,fine-tuned,"Green,Red,Blue,Red"
10311,fine-tuned,"Green,Blue,Green,Orange,Red"
10312,fine-tuned,"Blue,Green,Orange,Red,Green"
10313,fine-tuned,"Orange,Blue,Red,Red"
10314,fine-tuned,"Blue,Orange,Green,Red,Green"
10315,fine-tuned,"Red,Blue,Green,Orange,Green,Red"
10316,fine-tuned,"Red,Blue,Blue,Green"
10317,fine-tuned,"Orange,Red,Green,Red"
10318,fine-tuned,"Blue,Orange,Red,Red,Green"
10319,fine-tuned,"Yellow,Blue,Green,Blue,Red,Orange"
10320,fine-tuned,"Blue,Blue,Green,Orange,Red,Green"
10321,fine-tuned,"Blue,Orange,Green,Orange"
10322,fine-tuned,"Yellow,Red,Blue,Red,Green"
10323,fine-tuned,"Yellow,Green,Orange,Purple,Yellow,Blue"
10324,fine-tuned,"Blue,Green,Blue,Red,Blue"
10325,fine-tuned,"Blue,Orange,Red,Green,Red,Red"
10326,fine-tuned,"Orange,Green,Blue,Green,Red,Blue"
10327,fine-tuned,"Purple,Blue,Green,Blue,Red,Orange"
10328,fine-tuned,"Yellow,Red,Green,Red,Blue,Red"
10329,fine-tuned,"Purple,Orange,Green,Orange,Blue,Green"
10330,fine-tuned,"Blue,Green,Orange,Red,Green,Green"
10331,fine-tuned,"Purple,Blue,Orange,Green,Red"
10332,fine-tuned,"Green,Orange,Orange,Blue,Blue"
10333,fine-tuned,"Yellow,Red,Blue,Red,Blue"
10334,fine-tuned,"Red,Blue,Green,Orange,Blue,Red"
10335,fine-tuned,"Blue,Green,Orange,Green,Red"
10336,fine-tuned,"Blue,Orange,Red,Blue,Green"
10337,fine-tuned,"Blue,Orange,Red,Blue,Orange"
10338,fine-tuned,"Blue,Blue,Green,Green,Red"
10339,fine-tuned,"Red,Orange,Green,Red"
10340,fine-tuned,"Orange,Red,Blue,Red,Blue"
10341,fine-tuned,"Green,Orange,Green,Blue,Blue,Red"
10342,fine-tuned,"Green,Blue,Orange,Blue"
10343,fine-tuned,"Blue,Red,Orange,Green,Orange"
10344,fine-tuned,"Green,Blue,Red,Orange,Red,Blue"
10345,fine-tuned,"Blue,Orange,Blue,Orange"
10346,fine-tuned,"Purple,Red,Orange,Red,Blue,Orange"
10347,fine-tuned,"Blue,Red,Green,Red,Blue"
10348,fine-tuned,"Blue,Red,Red,Orange"
10349,fine-tuned,"Yellow,Blue,Green,Green,Orange,Red"
10350,fine-tuned,"Red,Green,Red,Green,Orange,Blue"
10351,fine-tuned,"Purple,Green,Green,Blue"
10352,fine-tuned,"Green,Red,Orange,Green,Blue"
10353,fine-tuned,"Yellow,Red,Red,Blue,Red,Blue"
10354,fine-tuned,"Blue,Red,Orange,Orange"
10355,fine-tuned,"Red,Blue,Green,Orange,Blue"
10356,fine-tuned,"Orange,Red,Red"
10357,fine-tuned,"Yellow,Orange,Green,Orange,Blue"
10358,fine-tuned,"Red,Green,Orange,Red,Green,Blue"
10359,fine-tuned,"Red,Orange,Blue,Orange,Red,Green"
10360,fine-tuned,"Yellow,Red,Blue,Green,Red,Green"
10361,fine-tuned,"Blue,Green,Red,Blue,Red,Blue"
10362,fine-tuned,"Green,Blue,Red,Red,Blue"
10363,fine-tuned,"Green,Red,Orange,Blue,Green,Orange"
10364,fine-tuned,"Blue,Orange,Red,Green,Red,Red"
10365,fine-tuned,"Blue,Green,Orange,Red,Orange,Blue"
10366,fine-tuned,"Yellow,Red,Blue,Red,Orange"
10367,fine-tuned,"Orange,Blue,Red,Red,Blue,Red"
10368,fine-tuned,"Red,Green,Green,Orange,Blue,Blue"
10369,fine-tuned,"Green,Red,Red,Blue,Orange"
10370,fine-tuned,"Blue,Red,Orange,Red,Red"
10371,fine-tuned,"Red,Green,Red,Green,Red"
10372,fine-tuned,"Purple,Red,Red,Green"
10373,fine-tuned,"Yellow,Blue,Orange,Red"
10374,fine-tuned,"Green,Orange,Red,Green,Blue,Green"
10375,fine-tuned,"Purple,Green,Orange,Blue,Blue,Red"
10376,fine-tuned,"Green,Orange"
10377,fine-tuned,"Orange,Blue,Red,Green,Orange,Blue"
10378,fine-tuned,"Green,Orange,Green,Red"
10379,fine-tuned,"Blue,Green,Orange,Green,Red,Green"
10380,fine-tuned,"Blue,Green,Orange,Green,Blue,Red"
10381,fine-tuned,"Green,Yellow,Green,Orange,Green,Purple"
10382,fine-tuned,"Yellow,Orange,Orange,Orange,Green,Red"
10383,fine-tuned,"Orange,Red,Blue,Green,Yellow,Orange"
10384,fine-tuned,"Orange,Green,Blue,Red,Red"
10385,fine-tuned,"Yellow,Red,Orange,Red,Green,Green"
10386,fine-tuned,"Blue,Green,Red,Green,Green"
10387,fine-tuned,"Orange,Red,Orange,Green,Green,Green"
10388,fine-tuned,"Yellow,Green,Red,Green,Orange"
10389,fine-tuned,"Green,Orange,Red,Green,Blue"
10390,fine-tuned,"Red,Green,Red,Blue,Blue,Green"
10391,fine-tuned,"Yellow,Orange,Red,Blue,Green"
10392,fine-tuned,"Yellow,Green,Purple,Blue,Yellow,Blue"
10393,fine-tuned,"Red,Blue,Green,Green,Blue,Red"
10394,fine-tuned,"Purple,Red,Blue,Blue,Red"
10395,fine-tuned,"Orange,Blue,Green,Red,Green"
10396,fine-tuned,"Blue,Green,Blue,Green,Red,Green"
10397,fine-tuned,"Blue,Green,Orange,Green,Blue,Green"
10398,fine-tuned,"Yellow,Green,Blue,Orange,Orange,Red"
10399,fine-tuned,"Blue,Orange,Blue,Green,Orange"
10400,fine-tuned,"Yellow,Blue,Green,Red"
10401,fine-tuned,"Orange,Orange,Green,Blue"
10402,fine-tuned,"Red,Green,Blue,Orange,Blue,Green"
10403,fine-tuned,"Blue,Green,Orange,Red,Green"
10404,fine-tuned,"Red,Blue,Red,Red"
10405,fine-tuned,"Green,Red,Blue,Red,Orange,Red"
10406,fine-tuned,"Green,Blue,Green,Green"
10407,fine-tuned,"Red,Green,Red,Orange"
10408,fine-tuned,"Blue,Green,Orange,Orange,Red"
10409,fine-tuned,"Red,Green,Blue,Orange,Green"
10410,fine-tuned,"Green,Orange,Red,Red,Blue"
10411,fine-tuned,"Purple,Green,Red,Green"
10412,fine-tuned,"Orange,Green,Green,Green,Blue,Blue"
10413,fine-tuned,"Blue,Orange,Green,Red,Red,Green"
10414,fine-tuned,"Red,Orange,Green,Orange,Red"
10415,fine-tuned,"Red,Orange,Green,Red,Green"
10416,fine-tuned,"Red,Blue,Green,Red,Orange"
10417,fine-tuned,"Purple,Orange,Red,Green,Blue"
10418,fine-tuned,"Red,Green,Green,Orange,Red"
10419,fine-tuned,"Blue,Green,Green,Orange,Green,Red"
10420,fine-tuned,"Orange,Green,Blue,Red,Purple,Orange"
10421,fine-tuned,"Red,Green,Blue,Green"
10422,fine-tuned,"Green,Red,Green,Blue,Green,Red"
10423,fine-tuned,"Red,Red,Blue,Green,Red"
10424,fine-tuned,"Blue,Orange,Red,Green"
10425,fine-tuned,"Red,Green,Red,Blue,Orange"
10426,fine-tuned,"Green,Blue,Orange,Orange,Red,Green"
10427,fine-tuned,"Blue,Red,Red,Green,Blue"
10428,fine-tuned,"Orange,Green,Orange,Blue,Green"
10429,fine-tuned,"Red,Blue,Green,Red,Blue"
10430,fine-tuned,"Purple,Green,Blue,Orange,Red,Green"
10431,fine-tuned,"Yellow,Blue,Orange,Green,Blue"
10432,fine-tuned,"Orange,Red,Red,Red"
10433,fine-tuned,"Purple,Orange,Orange,Green,Orange"
10434,fine-tuned,"Blue,Red,Green,Red,Orange"
10435,fine-tuned,"Green,Green,Green,Blue,Red"
10436,fine-tuned,"Purple,Orange,Red,Blue,Green"
10437,fine-tuned,"Blue,Orange,Blue,Green,Green,Green"
10438,fine-tuned,"Purple,Green,Orange,Blue,Green"
10439,fine-tuned,"Green,Red,Red,Orange,Blue,Red"
10440,fine-tuned,"Red,Orange,Blue,Red,Blue"
10441,fine-tuned,"Orange,Blue,Green,Red,Blue,Red"
10442,fine-tuned,"Yellow,Blue,Red,Green,Red,Green"
10443,fine-tuned,"Green,Orange,Red,Blue,Green"
10444,fine-tuned,"Green,Red,Blue,Green"
10445,fine-tuned,"Red,Blue,Red,Blue,Blue,Blue"
10446,fine-tuned,"Blue,Orange,Red,Orange"
10447,fine-tuned,"Green,Green,Orange"
10448,fine-tuned,"Red,Blue,Green,Orange,Orange,Blue"
10449,fine-tuned,"Yellow,Orange,Orange,Red,Blue"
10450,fine-tuned,"Blue,Red,Blue"
10451,fine-tuned,"Yellow,Orange,Green,Red,Blue,Blue"
10452,fine-tuned,"Red,Blue,Green,Green,Green,Orange"
10453,fine-tuned,"Yellow,Blue,Orange,Red"
10454,fine-tuned,"Yellow,Blue,Green,Blue,Green"
10455,fine-tuned,"Green,Red,Blue,Red,Orange,Red"
10456,fine-tuned,"Blue,Green,Orange"
10457,fine-tuned,"Blue,Red,Blue,Orange,Orange"
10458,fine-tuned,"Purple,Blue,Green,Blue,Red"
10459,fine-tuned,"Green,Red,Blue,Orange,Green,Red"
10460,fine-tuned,"Red,Green,Red,Orange,Red,Green"
10461,fine-tuned,"Purple,Blue,Red,Orange,Blue,Green"
10462,fine-tuned,"Yellow,Green,Red,Red,Orange,Blue"
10463,fine-tuned,"Blue,Red,Orange,Green,Green"
10464,fine-tuned,"Orange,Blue,Green,Blue,Red,Orange"
10465,fine-tuned,"Red,Red,Blue,Green"
10466,fine-tuned,"Red,Blue,Orange,Blue"
10467,fine-tuned,"Orange,Blue,Yellow,Purple,Purple,Blue"
10468,fine-tuned,"Yellow,Green,Orange,Orange,Red,Red"
10469,fine-tuned,"Purple,Red,Orange,Blue,Orange,Red"
10470,fine-tuned,"Purple,Blue,Red,Blue,Green,Orange"
10471,fine-tuned,"Red,Orange,Blue,Red"
10472,fine-tuned,"Blue,Orange,Red,Green,Red,Red"
10473,fine-tuned,"Blue,Orange,Green,Red,Blue"
10474,fine-tuned,"Blue,Orange,Green"
10475,fine-tuned,"Blue,Red,Orange,Orange,Red"
10476,fine-tuned,"Red,Orange,Green,Blue,Green,Red"
10477,fine-tuned,"Green,Red,Orange,Blue,Green"
10478,fine-tuned,"Blue,Green,Blue,Red,Green"
10479,fine-tuned,"Blue,Red,Orange,Red,Red,Blue"
10480,fine-tuned,"Red,Blue,Orange,Green,Red"
10481,fine-tuned,"Green,Blue,Green,Orange,Orange,Green"
10482,fine-tuned,"Red,Blue,Green,Blue,Red"
10483,fine-tuned,"Yellow,Blue,Orange,Green,Blue"
10484,fine-tuned,"Red,Blue,Red,Green"
10485,fine-tuned,"Blue,Green,Orange,Green"
10486,fine-tuned,"Blue,Red,Orange,Green,Orange"
10487,fine-tuned,"Blue,Red,Orange,Red,Orange"
10488,fine-tuned,"Purple,Orange,Green,Red,Green,Green"
10489,fine-tuned,"Green,Red,Red,Orange"
10490,fine-tuned,"Red,Blue,Red,Blue,Green,Green"
10491,fine-tuned,"Yellow,Red,Orange,Blue,Red"
10492,fine-tuned,"Blue,Orange,Red,Green"
10493,fine-tuned,"Purple,Blue,Red,Green,Red,Green"
10494,fine-tuned,"Blue,Green,Orange,Blue,Green"
10495,fine-tuned,"Yellow,Green,Blue,Green,Blue,Red"
10496,fine-tuned,"Green,Red,Blue,Orange,Orange"
10497,fine-tuned,"Red,Blue,Red,Blue,Green,Green"
10498,fine-tuned,"Green,Red,Blue,Red,Blue,Green"
10499,fine-tuned,"Orange,Green,Red,Red"
10500,fine-tuned,"Purple,Blue,Green,Red,Orange,Green"
10501,fine-tuned,"Red,Blue,Blue,Red"
10502,fine-tuned,"Red,Orange,Blue"
10503,fine-tuned,"Purple,Orange,Blue,Green,Blue,Blue"
10504,fine-tuned,"Red,Orange,Green,Blue"
10505,fine-tuned,"Green,Blue,Red,Red,Green"
10506,fine-tuned,"Green,Green,Orange,Blue,Red,Blue"
10507,fine-tuned,"Green,Blue,Blue,Red,Green,Red"
10508,fine-tuned,"Blue,Green,Orange,Blue,Green,Yellow"
10509,fine-tuned,"Yellow,Orange,Green,Red,Orange"
10510,fine-tuned,"Red,Green,Orange,Red"
10511,fine-tuned,"Green,Blue,Blue,Green,Orange"
10512,fine-tuned,"Purple,Orange,Red,Blue,Green,Orange"
10513,fine-tuned,"Red,Blue,Orange,Red,Green,Red"
10514,fine-tuned,"Orange,Green,Blue,Green,Red"
10515,fine-tuned,"Blue,Green,Blue,Orange"
10516,fine-tuned,"Red,Green,Blue,Orange,Blue,Blue"
10517,fine-tuned,"Green,Orange,Red,Red,Blue,Red"
10518,fine-tuned,"Red,Blue,Green,Orange,Orange,Green"
10519,fine-tuned,"Blue,Green,Blue,Red,Orange"
10520,fine-tuned,"Green,Orange,Orange,Red"
10521,fine-tuned,"Orange,Green,Red,Red,Green,Red"
10522,fine-tuned,"Blue,Green,Red,Red,Green,Blue"
10523,fine-tuned,"Green,Orange,Blue,Blue,Red"
10524,fine-tuned,"Blue,Green,Blue,Red,Green,Green"
10525,fine-tuned,"Blue,Green,Blue,Blue"
10526,fine-tuned,"Red,Blue,Red,Orange"
10527,fine-tuned,"Orange,Red,Red,Orange,Blue"
10528,fine-tuned,"Orange,Blue,Purple,Blue,Orange,Blue"
10529,fine-tuned,"Blue,Red,Blue,Blue,Orange,Green"
10530,fine-tuned,"Orange,Blue,Orange,Red"
10531,fine-tuned,"Purple,Blue,Green,Green,Blue"
10532,fine-tuned,"Blue,Orange,Red,Blue,Orange"
10533,fine-tuned,"Green,Blue,Blue,Green,Green"
10534,fine-tuned,"Orange,Green,Purple,Green,Orange,Red"
10535,fine-tuned,"Red,Orange,Green,Green,Orange"
10536,fine-tuned,"Green,Blue,Blue,Red"
10537,fine-tuned,"Red,Blue,Green,Blue,Green,Red"
10538,fine-tuned,"Green,Orange,Green"
10539,fine-tuned,"Green,Blue,Purple,Purple,Orange,Yellow"
10540,fine-tuned,"Green,Blue,Red,Blue,Orange,Red"
10541,fine-tuned,"Purple,Green,Red,Blue,Orange"
10542,fine-tuned,"Purple,Orange,Green,Green,Green,Blue"
10543,fine-tuned,"Purple,Orange,Green,Blue,Green"
10544,fine-tuned,"Green,Blue,Green,Red,Orange"
10545,fine-tuned,"Green,Blue,Red,Yellow,Purple,Orange"
10546,fine-tuned,"Red,Orange,Green,Orange,Red,Orange"
10547,fine-tuned,"Yellow,Orange,Green,Blue,Red,Blue"
10548,fine-tuned,"Green,Blue,Blue,Red,Red,Green"
10549,fine-tuned,"Green,Blue,Red,Green"
10550,fine-tuned,"Yellow,Green,Red,Green,Red"
10551,fine-tuned,"Green,Red,Green,Red,Blue,Red"
10552,fine-tuned,"Green,Blue,Red,Red,Orange"
10553,fine-tuned,"Blue,Blue,Green,Red"
10554,fine-tuned,"Orange,Red,Green,Blue,Blue"
10555,fine-tuned,"Red,Green,Orange,Blue,Green"
10556,fine-tuned,"Orange,Blue,Red,Green"
10557,fine-tuned,"Purple,Orange,Blue,Orange"
10558,fine-tuned,"Yellow,Blue,Green,Red,Orange,Green"
10559,fine-tuned,"Blue,Orange,Red,Red,Green"
10560,fine-tuned,"Yellow,Green,Green,Red,Red"
10561,fine-tuned,"Red,Orange,Blue,Orange,Red,Red"
10562,fine-tuned,"Blue,Orange,Blue,Red"
10563,fine-tuned,"Blue,Green,Orange,Red,Green"
10564,fine-tuned,"Blue,Green,Green,Blue,Red,Green"
10565,fine-tuned,"Green,Orange,Blue,Red"
10566,fine-tuned,"Blue,Green,Orange,Green,Red"
10567,fine-tuned,"Green,Blue,Orange,Red"
10568,fine-tuned,"Red,Blue,Orange,Red"
10569,fine-tuned,"Purple,Red,Green,Blue"
10570,fine-tuned,"Red,Orange,Green,Red,Red"
10571,fine-tuned,"Blue,Orange,Green,Red,Green,Blue"
10572,fine-tuned,"Yellow,Red,Blue,Orange,Red"
10573,fine-tuned,"Purple,Orange,Green,Red,Orange,Blue"
10574,fine-tuned,"Red,Green,Blue,Orange,Red"
10575,fine-tuned,"Purple,Green,Orange,Blue,Orange"
10576,fine-tuned,"Blue,Blue,Green,Orange,Red"
10577,fine-tuned,"Green,Blue,Green,Orange,Orange,Orange"
10578,fine-tuned,"Blue,Red,Orange,Blue,Red"
10579,fine-tuned,"Blue,Green,Red,Orange"
10580,fine-tuned,"Red,Green,Blue,Green,Green"
10581,fine-tuned,"Red,Red,Orange"
10582,fine-tuned,"Orange,Blue,Red,Blue"
10583,fine-tuned,"Yellow,Green,Red,Blue,Blue,Orange"
10584,fine-tuned,"Blue,Orange"
10585,fine-tuned,"Green,Orange,Red,Blue"
10586,fine-tuned,"Red,Green,Blue,Orange,Green"
10587,fine-tuned,"Yellow,Red,Blue,Green,Red"
10588,fine-tuned,"Blue,Blue,Blue,Orange,Green"
10589,fine-tuned,"Blue,Red,Red,Green,Blue,Orange"
10590,fine-tuned,"Green,Red,Orange,Orange,Blue,Blue"
10591,fine-tuned,"Red,Blue,Red,Orange,Green,Red"
10592,fine-tuned,"Blue,Green,Red,Orange,Green"
10593,fine-tuned,"Purple,Orange,Green,Orange"
10594,fine-tuned,"Green,Red,Orange,Red,Blue"
10595,fine-tuned,"Blue,Green,Red,Red"
10596,fine-tuned,"Blue,Orange,Green,Red,Red"
10597,fine-tuned,"Yellow,Red,Blue,Blue,Green"
10598,fine-tuned,"Blue,Orange,Green,Red,Orange"
10599,fine-tuned,"Blue,Blue,Blue,Green,Green"
10600,fine-tuned,"Blue,Red,Orange,Orange,Green,Orange"
10601,fine-tuned,"Yellow,Orange,Blue"
10602,fine-tuned,"Blue,Blue,Orange,Orange"
10603,fine-tuned,"Yellow,Green,Red,Green,Red,Orange"
10604,fine-tuned,"Red,Blue,Green,Blue,Green,Orange"
10605,fine-tuned,"Yellow,Blue,Orange,Blue,Green"
10606,fine-tuned,"Blue,Red,Green,Green,Red"
10607,fine-tuned,"Red,Blue,Green,Green,Orange"
10608,fine-tuned,"Red,Orange,Blue,Red"
10609,fine-tuned,"Blue,Green,Green,Red"
10610,fine-tuned,"Red,Red,Blue,Blue"
10611,fine-tuned,"Purple,Green,Blue,Red,Orange"
10612,fine-tuned,"Green,Red,Blue,Blue,Green,Red"
10613,fine-tuned,"Red,Green,Blue,Green,Red"
10614,fine-tuned,"Green,Blue,Orange,Green,Red,Blue"
10615,fine-tuned,"Red,Orange,Orange,Blue"
10616,fine-tuned,"Purple,Green,Green,Blue,Red,Orange"
10617,fine-tuned,"Blue,Red,Orange,Green,Green,Red"
10618,fine-tuned,"Yellow,Red,Orange,Red,Green,Blue"
10619,fine-tuned,"Red,Orange,Green,Orange,Blue,Green"
10620,fine-tuned,"Yellow,Orange,Blue,Green"
10621,fine-tuned,"Blue,Red,Green,Orange,Orange,Blue"
10622,fine-tuned,"Red,Blue,Red,Orange,Green"
10623,fine-tuned,"Yellow,Orange,Green,Green,Blue,Red"
10624,fine-tuned,"Yellow,Green,Red,Blue,Orange"
10625,fine-tuned,"Green,Orange,Blue,Green,Red,Green"
10626,fine-tuned,"Blue,Green,Red,Red,Blue,Green"
10627,fine-tuned,"Yellow,Blue,Red,Orange,Green"
10628,fine-tuned,"Yellow,Red,Green,Orange"
10629,fine-tuned,"Blue,Green,Orange,Red,Orange,Green"
10630,fine-tuned,"Blue,Red,Red,Orange,Orange,Green"
10631,fine-tuned,"Blue,Green,Blue,Red,Green,Green"
10632,fine-tuned,"Purple,Orange,Green,Blue,Green"
10633,fine-tuned,"Red,Green,Green,Orange"
10634,fine-tuned,"Orange,Blue,Green,Red,Orange"
10635,fine-tuned,"Green,Red,Red,Orange,Orange"
10636,fine-tuned,"Yellow,Orange,Green,Red,Green"
10637,fine-tuned,"Yellow,Green,Yellow,Red,Green,Orange"
10638,fine-tuned,"Blue,Orange,Red,Orange"
10639,fine-tuned,"Red,Red,Blue"
10640,fine-tuned,"Blue,Red,Red,Orange,Orange"
10641,fine-tuned,"Purple,Orange,Green,Blue,Green"
10642,fine-tuned,"Yellow,Blue,Green,Red,Orange,Blue"
10643,fine-tuned,"Blue,Orange,Red,Green,Red"
10644,fine-tuned,"Orange,Purple,Yellow,Green,Blue,Green"
10645,fine-tuned,"Orange,Green,Green,Red"
10646,fine-tuned,"Blue,Red,Green,Red,Red"
10647,fine-tuned,"Orange,Blue,Red,Red"
10648,fine-tuned,"Red,Blue,Green,Orange,Green,Red"
10649,fine-tuned,"Yellow,Red,Orange,Green,Red"
10650,fine-tuned,"Blue,Green,Red,Orange,Green,Red"
10651,fine-tuned,"Yellow,Blue,Orange,Green"
10652,fine-tuned,"Green,Orange,Blue,Red,Green,Red"
10653,fine-tuned,"Red,Green,Orange"
10654,fine-tuned,"Blue,Green,Orange,Red,Red"
10655,fine-tuned,"Green,Blue,Red,Orange"
10656,fine-tuned,"Red,Blue,Orange,Green"
10657,fine-tuned,"Yellow,Blue,Green,Red,Red,Orange"
10658,fine-tuned,"Blue,Orange,Green"
10659,fine-tuned,"Purple,Blue,Green,Red,Green"
10660,fine-tuned,"Blue,Orange,Red,Red,Green,Blue"
10661,fine-tuned,"Green,Yellow,Purple,Blue,Orange,Purple"
10662,fine-tuned,"Blue,Orange,Red,Orange,Green"
10663,fine-tuned,"Green,Blue,Red,Orange,Blue,Red"
10664,fine-tuned,"Green,Blue,Blue,Red,Blue"
10665,fine-tuned,"Red,Green,Blue,Blue,Green"
10666,fine-tuned,"Orange,Green,Blue,Blue,Green,Red"
10667,fine-tuned,"Yellow,Orange,Orange,Blue"
10668,fine-tuned,"Red,Orange,Green,Red"
10669,fine-tuned,"Blue,Green,Orange,Blue,Red,Red"
10670,fine-tuned,"Green,Blue,Red,Blue,Red,Blue"
10671,fine-tuned,"Yellow,Green,Blue,Green,Red"
10672,fine-tuned,"Blue,Blue,Red,Red,Green,Orange"
10673,fine-tuned,"Green,Red,Blue,Green,Red,Green"
10674,fine-tuned,"Blue,Green,Red,Orange,Green,Blue"
10675,fine-tuned,"Green,Blue,Red,Blue,Orange,Green"
10676,fine-tuned,"Blue,Green,Green"
10677,fine-tuned,"Blue,Red,Blue"
10678,fine-tuned,"Green,Red,Orange,Green,Green,Green"
10679,fine-tuned,"Blue,Orange,Orange,Blue"
10680,fine-tuned,"Yellow,Orange,Green,Red,Blue,Red"
10681,fine-tuned,"Orange,Green,Red,Green,Red"
10682,fine-tuned,"Yellow,Blue,Green,Blue,Green"
10683,fine-tuned,"Red,Blue,Orange,Blue,Green"
10684,fine-tuned,"Red,Green,Orange,Blue,Red"
10685,fine-tuned,"Blue,Green,Orange,Red,Red,Green"
10686,fine-tuned,"Blue,Green,Red,Red,Orange"
10687,fine-tuned,"Yellow,Blue,Blue,Green,Orange"
10688,fine-tuned,"Red,Orange,Blue,Orange,Green"
10689,fine-tuned,"Orange,Blue,Green,Green,Blue"
10690,fine-tuned,"Blue,Orange,Red"
10691,fine-tuned,"Green,Green,Orange,Blue"
10692,fine-tuned,"Yellow,Red,Orange,Red"
10693,fine-tuned,"Purple,Blue,Green,Orange,Blue,Orange"
10694,fine-tuned,"Red,Orange,Blue,Green,Green,Blue"
10695,fine-tuned,"Green,Orange,Red,Blue,Green"
10696,fine-tuned,"Orange,Red,Blue"
10697,fine-tuned,"Orange,Blue,Green,Green,Red,Green"
10698,fine-tuned,"Green,Green,Orange,Red"
10699,fine-tuned,"Red,Green,Orange,Red,Red,Orange"
10700,fine-tuned,"Orange,Green,Orange,Green,Blue"
10701,fine-tuned,"Purple,Orange,Red,Green,Blue,Red"
10702,fine-tuned,"Green,Orange,Orange"
10703,fine-tuned,"Blue,Red,Green,Green,Green,Green"
10704,fine-tuned,"Green,Orange,Blue,Red,Red,Green"
10705,fine-tuned,"Red,Orange,Red,Blue,Blue,Red"
10706,fine-tuned,"Purple,Blue,Green,Orange"
10707,fine-tuned,"Orange,Purple,Yellow,Blue,Red,Yellow"
10708,fine-tuned,"Red,Blue,Green,Red,Orange"
10709,fine-tuned,"Blue,Orange,Red,Orange"
10710,fine-tuned,"Green,Orange,Red,Red,Green"
10711,fine-tuned,"Yellow,Orange"
10712,fine-tuned,"Red,Orange,Blue,Green,Blue"
10713,fine-tuned,"Blue,Red,Green,Green,Orange"
10714,fine-tuned,"Red,Green,Orange,Red"
10715,fine-tuned,"Red,Blue,Blue,Red,Orange,Orange"
10716,fine-tuned,"Blue,Red,Green,Green,Red,Blue"
10717,fine-tuned,"Blue,Green,Red,Orange,Red,Red"
10718,fine-tuned,"Yellow,Blue,Red,Green,Orange"
10719,fine-tuned,"Yellow,Red,Green,Blue,Red,Green"
10720,fine-tuned,"Orange,Blue,Green,Red,Red"
10721,fine-tuned,"Green,Red,Green,Orange,Red,Red"
10722,fine-tuned,"Blue,Green,Orange,Red,Blue,Orange"
10723,fine-tuned,"Blue,Orange,Red,Blue,Red"
10724,fine-tuned,"Blue,Orange,Green,Green,Red"
10725,fine-tuned,"Green,Blue,Green,Red,Green,Red"
10726,fine-tuned,"Yellow,Green,Red,Red,Red,Green"
10727,fine-tuned,"Red,Orange,Green,Red,Blue"
10728,fine-tuned,"Blue,Green,Orange,Blue,Green,Orange"
10729,fine-tuned,"Orange,Green,Red,Red,Red"
10730,fine-tuned,"Yellow,Blue,Orange,Green,Green,Red"
10731,fine-tuned,"Blue,Green,Red,Orange,Red"
10732,fine-tuned,"Yellow,Red,Blue,Red,Orange,Blue"
10733,fine-tuned,"Blue,Red,Green,Orange,Green,Red"
10734,fine-tuned,"Green,Red,Red,Blue,Red"
10735,fine-tuned,"Red,Blue,Orange,Green"
10736,fine-tuned,"Blue,Green,Orange,Green,Red,Blue"
10737,fine-tuned,"Blue,Green,Orange,Red,Green,Orange"
10738,fine-tuned,"Yellow,Red,Green,Red,Orange,Blue"
10739,fine-tuned,"Red,Red,Blue,Orange,Red,Blue"
10740,fine-tuned,"Orange,Blue,Green,Red,Green,Blue"
10741,fine-tuned,"Yellow,Green,Red,Orange,Blue,Blue"
10742,fine-tuned,"Red,Orange,Green,Red,Blue,Orange"
10743,fine-tuned,"Green,Blue,Blue,Red,Green,Blue"
10744,fine-tuned,"Green,Blue,Green,Blue,Red,Orange"
10745,fine-tuned,"Blue,Green,Blue,Orange,Green,Green"
10746,fine-tuned,"Orange,Blue,Red,Green,Green,Red"
10747,fine-tuned,"Red,Orange,Blue,Green"
10748,fine-tuned,"Blue,Orange,Red,Green,Blue"
10749,fine-tuned,"Green,Red,Red,Red,Red"
10750,fine-tuned,"Blue,Green,Orange,Green"
10751,fine-tuned,"Red,Blue,Red,Green"
10752,fine-tuned,"Purple,Green,Red,Red,Green"
10753,fine-tuned,"Yellow,Green,Red,Blue,Red"
10754,fine-tuned,"Red,Green,Blue,Orange,Blue,Red"
10755,fine-tuned,"Blue,Red,Red,Green,Red,Red"
10756,fine-tuned,"Green,Red,Blue,Red"
10757,fine-tuned,"Orange,Red,Green,Red,Green"
10758,fine-tuned,"Red,Orange,Blue,Green,Orange,Orange"
10759,fine-tuned,"Yellow,Orange,Green,Orange,Blue,Blue"
10760,fine-tuned,"Red,Green,Blue,Red,Orange"
10761,fine-tuned,"Orange,Blue,Blue"
10762,fine-tuned,"Blue,Red,Green,Red,Blue,Blue"
10763,fine-tuned,"Red,Orange,Blue,Green,Red,Orange"
10764,fine-tuned,"Yellow,Orange,Red,Green,Blue,Blue"
10765,fine-tuned,"Yellow,Blue,Green,Red,Blue"
10766,fine-tuned,"Green,Blue,Green,Red,Orange"
10767,fine-tuned,"Purple,Orange,Orange,Blue,Red,Red"
10768,fine-tuned,"Green,Red,Red,Red,Red,Blue"
10769,fine-tuned,"Purple,Green,Green,Blue,Blue,Red"
10770,fine-tuned,"Green,Blue,Red,Red,Orange"
10771,fine-tuned,"Yellow,Red,Green,Red,Orange,Red"
10772,fine-tuned,"Yellow,Blue,Blue,Red,Orange"
10773,fine-tuned,"Blue,Green,Green"
10774,fine-tuned,"Purple,Blue,Green,Green"
10775,fine-tuned,"Green,Red,Red,Orange,Red,Orange"
10776,fine-tuned,"Green,Orange,Green,Blue"
10777,fine-tuned,"Orange,Green,Red,Orange"
10778,fine-tuned,"Yellow,Orange,Red,Green,Red"
10779,fine-tuned,"Red,Blue,Green,Red,Orange,Red"
10780,fine-tuned,"Blue,Green,Blue,Red,Orange"
10781,fine-tuned,"Green,Red,Blue,Green,Red"
10782,fine-tuned,"Green,Red,Blue,Red"
10783,fine-tuned,"Blue,Orange,Green,Green,Red"
10784,fine-tuned,"Orange,Red,Green,Blue,Green,Green"
10785,fine-tuned,"Green,Blue,Green,Red,Orange,Green"
10786,fine-tuned,"Orange,Green,Red,Orange,Green,Orange"
10787,fine-tuned,"Orange,Green,Red,Orange"
10788,fine-tuned,"Yellow,Red,Red,Blue,Red,Orange"
10789,fine-tuned,"Green,Red,Red,Blue,Red,Green"
10790,fine-tuned,"Orange,Red,Blue,Yellow,Green,Blue"
10791,fine-tuned,"Purple,Green,Blue,Green,Red,Orange"
10792,fine-tuned,"Purple,Orange,Green,Blue,Blue"
10793,fine-tuned,"Red,Green,Blue,Orange,Green"
10794,fine-tuned,"Green,Blue,Orange,Green"
10795,fine-tuned,"Blue,Green,Red,Red,Red"
10796,fine-tuned,"Red,Orange,Blue,Red,Blue"
10797,fine-tuned,"Yellow,Green,Blue"
10798,fine-tuned,"Green,Yellow,Purple,Purple,Orange,Orange"
10799,fine-tuned,"Green,Purple,Yellow,Blue,Orange,Yellow"
10800,fine-tuned,"Green,Red,Blue,Orange,Blue"
10801,fine-tuned,"Yellow,Red,Blue,Red,Green"
10802,fine-tuned,"Blue,Red,Blue,Orange"
10803,fine-tuned,"Green,Blue,Blue,Red,Blue,Green"
10804,fine-tuned,"Green,Blue,Blue,Green,Orange"
10805,fine-tuned,"Red,Blue,Orange,Red,Orange,Green"
10806,fine-tuned,"Yellow,Blue,Orange,Green,Red,Orange"
10807,fine-tuned,"Blue,Red,Orange,Red,Green,Green"
10808,fine-tuned,"Blue,Green,Blue,Orange,Green,Blue"
10809,fine-tuned,"Yellow,Green,Orange,Red,Blue"
10810,fine-tuned,"Blue,Orange,Blue,Green,Orange,Red"
10811,fine-tuned,"Green,Blue,Red,Blue,Orange"
10812,fine-tuned,"Green,Red,Red,Blue,Red,Green"
10813,fine-tuned,"Purple,Blue,Green,Orange,Green"
10814,fine-tuned,"Red,Green,Blue,Blue,Orange"
10815,fine-tuned,"Red,Blue,Red,Orange,Green,Red"
10816,fine-tuned,"Blue,Orange,Green,Blue,Red,Blue"
10817,fine-tuned,"Green,Orange,Blue,Green,Orange"
10818,fine-tuned,"Red,Green,Red,Blue,Blue,Red"
10819,fine-tuned,"Green,Orange,Orange,Red,Red,Red"
10820,fine-tuned,"Green,Red,Blue,Orange,Green"
10821,fine-tuned,"Yellow,Green,Orange,Blue,Orange"
10822,fine-tuned,"Blue,Orange,Blue"
10823,fine-tuned,"Orange,Purple,Green,Yellow,Green,Blue"
10824,fine-tuned,"Red,Orange,Green,Blue,Red,Red"
10825,fine-tuned,"Purple,Blue,Green,Green,Blue"
10826,fine-tuned,"Yellow,Green,Orange,Blue,Red"
10827,fine-tuned,"Red,Blue,Green,Red,Orange,Red"
10828,fine-tuned,"Blue,Red,Red,Orange,Green,Red"
10829,fine-tuned,"Green,Blue,Red,Orange"
10830,fine-tuned,"Green,Orange,Blue,Red,Blue,Red"
10831,fine-tuned,"Purple,Green,Blue,Orange,Blue,Red"
10832,fine-tuned,"Blue,Green,Orange,Red,Red,Green"
10833,fine-tuned,"Yellow,Orange,Blue,Blue,Green"
10834,fine-tuned,"Orange,Blue,Yellow,Blue,Orange,Red"
10835,fine-tuned,"Red,Orange,Green,Orange"
10836,fine-tuned,"Green,Red,Red,Blue"
10837,fine-tuned,"Orange,Purple,Blue,Purple,Yellow,Orange"
10838,fine-tuned,"Purple,Green,Red,Red,Orange,Blue"
10839,fine-tuned,"Red,Blue,Green,Red"
10840,fine-tuned,"Orange,Purple,Red,Blue,Red,Green"
10841,fine-tuned,"Blue,Orange,Green,Green,Blue,Red"
10842,fine-tuned,"Purple,Blue,Green,Red,Red,Orange"
10843,fine-tuned,"Yellow,Green,Blue,Red,Orange"
10844,fine-tuned,"Red,Green,Orange,Red,Green,Blue"
10845,fine-tuned,"Blue,Green,Blue"
10846,fine-tuned,"Red,Blue,Green,Orange"
10847,fine-tuned,"Blue,Orange,Blue,Red,Green,Red"
10848,fine-tuned,"Green,Blue,Green,Orange,Red,Blue"
10849,fine-tuned,"Yellow,Orange,Blue,Blue,Red,Red"
10850,fine-tuned,"Yellow,Orange,Orange,Blue,Green,Blue"
10851,fine-tuned,"Yellow,Red,Green,Green,Blue,Green"
10852,fine-tuned,"Yellow,Blue,Green,Red,Blue"
10853,fine-tuned,"Blue,Red,Green,Orange,Red"
10854,fine-tuned,"Green,Blue,Orange,Red,Orange"
10855,fine-tuned,"Red,Green,Blue,Orange,Green"
10856,fine-tuned,"Green,Blue,Orange,Red,Orange,Red"
10857,fine-tuned,"Green,Orange,Blue,Red"
10858,fine-tuned,"Blue,Green,Orange,Red,Blue,Orange"
10859,fine-tuned,"Green,Blue,Green,Red"
10860,fine-tuned,"Red,Green,Orange,Green,Blue,Green"
10861,fine-tuned,"Green,Orange,Green,Red,Green"
10862,fine-tuned,"Red,Green,Blue,Orange,Red,Blue"
10863,fine-tuned,"Green,Blue,Orange,Red,Orange"
10864,fine-tuned,"Red,Green,Green,Green"
10865,fine-tuned,"Orange,Red,Yellow,Red,Red,Red"
10866,fine-tuned,"Orange,Red,Blue,Green,Red,Green"
10867,fine-tuned,"Orange,Purple,Green,Purple,Red,Red"
10868,fine-tuned,"Green,Orange,Blue,Blue,Green"
10869,fine-tuned,"Yellow,Orange,Orange,Red,Blue,Red"
10870,fine-tuned,"Red,Red,Blue,Green,Blue"
10871,fine-tuned,"Blue,Red,Green,Green,Red"
10872,fine-tuned,"Red,Orange,Blue,Orange,Blue,Red"
10873,fine-tuned,"Red,Blue,Orange,Red,Green"
10874,fine-tuned,"Green,Red,Blue,Orange,Red,Blue"
10875,fine-tuned,"Green,Orange,Orange,Blue,Red"
10876,fine-tuned,"Green,Red,Green,Red,Orange"
10877,fine-tuned,"Orange,Green,Blue,Blue,Red"
10878,fine-tuned,"Green,Blue,Blue,Orange,Red,Red"
10879,fine-tuned,"Red,Green,Green,Blue,Orange,Red"
10880,fine-tuned,"Purple,Blue,Green,Blue,Red,Green"
10881,fine-tuned,"Yellow,Orange,Blue,Red,Green"
10882,fine-tuned,"Green,Red,Orange,Blue"
10883,fine-tuned,"Yellow,Blue,Green,Green,Orange"
10884,fine-tuned,"Red,Green,Red,Blue"
10885,fine-tuned,"Blue,Green,Green,Red"
10886,fine-tuned,"Green,Blue,Blue"
10887,fine-tuned,"Blue,Red,Red,Green,Red"
10888,fine-tuned,"Orange,Red,Green,Blue"
10889,fine-tuned,"Red,Green,Red,Orange"
10890,fine-tuned,"Red,Green,Red,Orange,Blue"
10891,fine-tuned,"Green,Red,Blue,Blue,Orange,Orange"
10892,fine-tuned,"Yellow,Orange,Red,Green,Blue,Orange"
10893,fine-tuned,"Green,Orange,Blue,Blue,Red"
10894,fine-tuned,"Orange,Purple,Blue,Purple,Yellow,Purple"
10895,fine-tuned,"Green,Blue,Orange,Blue,Green,Green"
10896,fine-tuned,"Red,Blue,Green,Green,Red,Green"
10897,fine-tuned,"Green,Blue,Orange,Yellow,Green,Yellow"
10898,fine-tuned,"Green,Orange,Blue,Green,Blue"
10899,fine-tuned,"Red,Orange,Blue,Orange,Blue"
10900,fine-tuned,"Green,Red,Blue,Blue,Orange"
10901,fine-tuned,"Green,Blue,Green,Blue"
10902,fine-tuned,"Orange,Blue,Red,Green,Red,Blue"
10903,fine-tuned,"Red,Blue,Orange,Green,Blue"
10904,fine-tuned,"Red,Blue,Orange,Green,Green,Blue"
10905,fine-tuned,"Blue,Red,Green,Red,Blue"
10906,fine-tuned,"Purple,Blue,Red,Orange,Green,Red"
10907,fine-tuned,"Blue,Orange,Red,Red,Red,Red"
10908,fine-tuned,"Blue,Orange,Red,Red,Green"
10909,fine-tuned,"Blue,Green,Red,Blue,Orange,Orange"
10910,fine-tuned,"Blue,Orange,Green,Green"
10911,fine-tuned,"Yellow,Green,Red,Red,Orange,Blue"
10912,fine-tuned,"Red,Orange,Green,Blue,Red"
10913,fine-tuned,"Blue,Green,Red,Orange,Red,Orange"
10914,fine-tuned,"Green,Red,Green,Orange,Green"
10915,fine-tuned,"Blue,Green,Red,Red,Green,Green"
10916,fine-tuned,"Yellow,Orange,Orange,Green,Green"
10917,fine-tuned,"Blue,Orange,Blue,Green,Red,Green"
10918,fine-tuned,"Purple,Green,Red,Green,Red,Red"
10919,fine-tuned,"Green,Blue,Green,Orange"
10920,fine-tuned,"Yellow,Blue,Orange,Green"
10921,fine-tuned,"Yellow,Green,Green,Orange,Red"
10922,fine-tuned,"Yellow,Green,Blue,Blue,Red,Blue"
10923,fine-tuned,"Blue,Green,Red,Red,Orange"
10924,fine-tuned,"Green,Blue,Red,Orange,Green,Red"
10925,fine-tuned,"Red,Green,Green,Red"
10926,fine-tuned,"Red,Green,Red,Green,Blue,Green"
10927,fine-tuned,"Purple,Green,Red,Blue,Orange"
10928,fine-tuned,"Orange,Blue,Blue,Green,Blue"
10929,fine-tuned,"Red,Red,Green,Orange,Orange"
10930,fine-tuned,"Green,Orange,Orange,Green,Orange"
10931,fine-tuned,"Blue,Red,Orange,Green,Green,Blue"
10932,fine-tuned,"Green,Blue,Red,Blue"
10933,fine-tuned,"Yellow,Green,Blue,Red,Blue,Red"
10934,fine-tuned,"Blue,Orange,Green,Red,Red"
10935,fine-tuned,"Orange,Green,Blue,Green,Red,Green"
10936,fine-tuned,"Blue,Orange,Blue,Green,Red"
10937,fine-tuned,"Red,Orange,Red,Blue,Green,Blue"
10938,fine-tuned,"Red,Green,Blue,Red"
10939,fine-tuned,"Yellow,Green,Orange,Red,Red"
10940,fine-tuned,"Green,Red,Blue,Blue,Orange"
10941,fine-tuned,"Blue,Green,Orange"
10942,fine-tuned,"Yellow,Green,Blue,Orange"
10943,fine-tuned,"Yellow,Red,Green,Red,Blue,Blue"
10944,fine-tuned,"Red,Orange,Blue,Blue,Red"
10945,fine-tuned,"Green,Orange,Blue,Red,Blue"
10946,fine-tuned,"Purple,Blue,Blue,Green,Orange"
10947,fine-tuned,"Red,Blue,Orange,Red"
10948,fine-tuned,"Blue,Green,Red,Green,Blue"
10949,fine-tuned,"Yellow,Red,Orange,Red,Blue,Red"
10950,fine-tuned,"Blue,Green,Orange,Red,Green"
10951,fine-tuned,"Red,Orange,Blue,Orange"
10952,fine-tuned,"Red,Blue,Orange,Orange,Green"
10953,fine-tuned,"Yellow,Green,Blue,Green,Blue"
10954,fine-tuned,"Blue,Green,Orange,Red,Purple,Yellow"
10955,fine-tuned,"Green,Blue,Orange,Orange"
10956,fine-tuned,"Red,Blue,Red,Orange,Red,Blue"
10957,fine-tuned,"Purple,Green,Green,Blue,Green"
10958,fine-tuned,"Yellow,Orange,Orange,Blue,Green"
10959,fine-tuned,"Yellow,Red,Blue,Green,Orange"
10960,fine-tuned,"Green,Orange,Red,Red,Blue,Green"
10961,fine-tuned,"Yellow,Blue,Green,Green,Red,Green"
10962,fine-tuned,"Red,Red,Blue,Green,Green"
10963,fine-tuned,"Blue,Orange,Green,Blue,Red"
10964,fine-tuned,"Green,Blue,Yellow,Green,Purple,Red"
10965,fine-tuned,"Yellow,Blue,Orange,Green,Blue"
10966,fine-tuned,"Green,Blue,Blue,Orange"
10967,fine-tuned,"Red,Red,Orange,Red"
10968,fine-tuned,"Blue,Green,Green,Blue"
10969,fine-tuned,"Blue,Red,Red,Green,Orange,Blue"
10970,fine-tuned,"Green,Blue,Orange,Red,Red,Red"
10971,fine-tuned,"Yellow,Orange,Blue,Green,Blue"
10972,fine-tuned,"Green,Orange,Blue"
10973,fine-tuned,"Yellow,Blue,Red,Red"
10974,fine-tuned,"Red,Green,Blue,Green,Orange,Blue"
10975,fine-tuned,"Red,Green,Blue,Red"
10976,fine-tuned,"Green,Blue,Orange,Red,Blue,Red"
10977,fine-tuned,"Blue,Red,Green,Orange,Red,Blue"
10978,fine-tuned,"Blue,Orange,Green,Red,Green,Green"
10979,fine-tuned,"Yellow,Blue,Green,Orange,Red,Green"
10980,fine-tuned,"Green,Blue,Red,Orange,Green"
10981,fine-tuned,"Yellow,Orange,Blue,Red"
10982,fine-tuned,"Blue,Red,Blue,Red,Orange,Red"
10983,fine-tuned,"Yellow,Green,Blue,Green,Orange"
10984,fine-tuned,"Yellow,Blue,Orange,Red"
10985,fine-tuned,"Orange,Yellow,Blue,Purple,Red,Green"
10986,fine-tuned,"Red,Green,Blue,Blue,Green,Blue"
10987,fine-tuned,"Orange,Blue,Blue,Green"
10988,fine-tuned,"Yellow,Blue,Orange,Green,Red,Red"
10989,fine-tuned,"Yellow,Orange,Red,Green,Red"
10990,fine-tuned,"Yellow,Red,Blue,Red,Blue"
10991,fine-tuned,"Yellow,Blue,Orange,Green,Green,Green"
10992,fine-tuned,"Green,Red,Orange,Blue,Orange"
10993,fine-tuned,"Red,Orange,Blue"
10994,fine-tuned,"Purple,Orange,Green,Blue,Red,Blue"
10995,fine-tuned,"Yellow,Blue,Blue,Green,Orange"
10996,fine-tuned,"Green,Orange,Red,Red"
10997,fine-tuned,"Red,Blue,Orange,Red,Green"
10998,fine-tuned,"Red,Green,Orange,Green"
10999,fine-tuned,"Red,Blue,Blue,Orange,Red"
11000,fine-tuned,"Purple,Blue,Green,Red,Green,Blue"
11001,fine-tuned,"Blue,Red,Green,Green,Orange"
11002,fine-tuned,"Purple,Blue,Green,Orange,Red,Red"
11003,fine-tuned,"Blue,Green,Red,Red,Blue"
11004,fine-tuned,"Red,Green,Red,Blue,Red,Orange"
11005,fine-tuned,"Red,Blue,Orange,Red,Green"
11006,fine-tuned,"Orange,Red,Blue,Red,Yellow,Red"
11007,fine-tuned,"Blue,Green,Red,Red,Blue"
11008,fine-tuned,"Red,Orange,Orange,Blue"
11009,fine-tuned,"Green,Orange,Blue,Blue"
11010,fine-tuned,"Blue,Orange,Red,Green,Orange"
11011,fine-tuned,"Purple,Blue,Red,Orange,Blue,Red"
11012,fine-tuned,"Blue,Red,Orange,Red,Orange,Red"
11013,fine-tuned,"Red,Orange,Green,Red,Green"
11014,fine-tuned,"Yellow,Orange,Blue,Red"
11015,fine-tuned,"Purple,Blue,Green,Orange,Red,Red"
11016,fine-tuned,"Yellow,Green,Orange,Green,Blue,Red"
11017,fine-tuned,"Red,Green,Orange,Green,Red"
11018,fine-tuned,"Orange,Blue,Red,Orange,Red"
11019,fine-tuned,"Blue,Green,Orange,Red,Green,Green"
11020,fine-tuned,"Red,Blue,Orange,Red"
11021,fine-tuned,"Red,Green,Red,Red,Green"
11022,fine-tuned,"Green,Orange,Green,Blue,Red"
11023,fine-tuned,"Green,Red,Orange,Blue,Blue"
11024,fine-tuned,"Yellow,Red,Blue,Red,Red,Blue"
11025,fine-tuned,"Red,Red,Green,Orange,Blue"
11026,fine-tuned,"Green,Blue,Green,Orange"
11027,fine-tuned,"Yellow,Orange,Blue,Red,Blue,Green"
11028,fine-tuned,"Yellow,Blue,Orange,Blue,Orange,Green"
11029,fine-tuned,"Orange,Red,Red"
11030,fine-tuned,"Blue,Orange,Green,Red"
11031,fine-tuned,"Red,Green,Green,Blue,Orange,Red"
11032,fine-tuned,"Orange,Green,Red"
11033,fine-tuned,"Green,Red,Blue,Green,Orange,Green"
11034,fine-tuned,"Blue,Red,Green,Green,Red,Green"
11035,fine-tuned,"Yellow,Orange,Green,Red,Green,Red"
11036,fine-tuned,"Purple,Green,Blue,Green,Orange"
11037,fine-tuned,"Yellow,Green,Blue,Blue,Green"
11038,fine-tuned,"Blue,Red,Green,Orange"
11039,fine-tuned,"Blue,Green,Green,Yellow,Green,Orange"
11040,fine-tuned,"Blue,Red,Orange,Blue,Red"
11041,fine-tuned,"Red,Green,Blue,Red,Blue"
11042,fine-tuned,"Green,Blue,Green,Orange,Green"
11043,fine-tuned,"Blue,Green,Red,Red,Green"
11044,fine-tuned,"Yellow,Orange,Blue,Green,Green,Blue"
11045,fine-tuned,"Red,Blue,Orange,Red"
11046,fine-tuned,"Orange,Red,Green,Green,Blue,Green"
11047,fine-tuned,"Blue,Red,Blue"
11048,fine-tuned,"Red,Green,Red,Blue,Green,Orange"
11049,fine-tuned,"Yellow,Green,Blue,Orange,Red,Orange"
11050,fine-tuned,"Blue,Orange,Green,Red,Red,Blue"
11051,fine-tuned,"Green,Red,Green,Red"
11052,fine-tuned,"Yellow,Green,Red,Blue,Blue,Green"
11053,fine-tuned,"Blue,Green,Red,Green,Red,Orange"
11054,fine-tuned,"Green,Blue,Orange,Green"
11055,fine-tuned,"Green,Red,Orange,Green,Red"
11056,fine-tuned,"Blue,Orange,Red"
11057,fine-tuned,"Red,Green,Blue,Green,Blue"
11058,fine-tuned,"Yellow,Orange,Orange,Blue"
11059,fine-tuned,"Red,Blue,Blue"
11060,fine-tuned,"Blue,Red,Orange,Red,Green"
11061,fine-tuned,"Yellow,Blue,Green,Blue,Red"
11062,fine-tuned,"Orange,Red,Blue,Green,Red"
11063,fine-tuned,"Orange,Blue,Green,Orange,Red"
11064,fine-tuned,"Blue,Green,Green,Blue,Red"
11065,fine-tuned,"Blue,Red,Orange,Red"
11066,fine-tuned,"Orange,Green,Blue,Green,Red"
11067,fine-tuned,"Red,Red,Blue,Orange,Orange,Red"
11068,fine-tuned,"Yellow,Green,Blue,Blue,Red"
11069,fine-tuned,"Red,Green,Blue"
11070,fine-tuned,"Blue,Orange,Red,Orange"
11071,fine-tuned,"Green,Blue,Blue,Red,Red"
11072,fine-tuned,"Red,Green,Red,Blue,Red,Green"
11073,fine-tuned,"Green,Orange,Red,Orange"
11074,fine-tuned,"Red,Orange,Green,Blue,Green"
11075,fine-tuned,"Orange,Blue,Green,Blue,Green"
11076,fine-tuned,"Yellow,Orange,Blue,Green,Blue,Red"
11077,fine-tuned,"Green,Orange,Blue,Red,Red"
11078,fine-tuned,"Purple,Red,Green,Orange,Blue"
11079,fine-tuned,"Yellow,Red,Green,Orange,Blue,Red"
11080,fine-tuned,"Blue,Red,Red,Blue,Blue,Blue"
11081,fine-tuned,"Purple,Green,Red,Blue,Blue"
11082,fine-tuned,"Red,Orange,Green,Orange,Green,Green"
11083,fine-tuned,"Green,Blue,Green,Blue,Red"
11084,fine-tuned,"Blue,Orange,Orange,Red,Green"
11085,fine-tuned,"Yellow,Orange,Red,Red,Blue"
11086,fine-tuned,"Blue,Green,Green,Red,Orange,Orange"
11087,fine-tuned,"Yellow,Green,Green,Red,Orange"
11088,fine-tuned,"Yellow,Green,Red,Blue,Blue,Green"
11089,fine-tuned,"Purple,Red,Green,Red,Blue"
11090,fine-tuned,"Purple,Orange,Green,Blue,Red,Blue"
11091,fine-tuned,"Orange,Red,Green,Blue,Green"
11092,fine-tuned,"Red,Orange,Red,Green"
11093,fine-tuned,"Green,Blue,Orange,Green"
11094,fine-tuned,"Blue,Orange,Green,Red,Orange"
11095,fine-tuned,"Blue,Green,Red,Red"
11096,fine-tuned,"Yellow,Green,Blue,Red,Orange,Red"
11097,fine-tuned,"Green,Orange,Blue,Red,Green,Orange"
11098,fine-tuned,"Blue,Red,Red,Blue"
11099,fine-tuned,"Green,Blue,Green,Orange"
11100,fine-tuned,"Red,Blue,Blue,Green,Red,Red"
11101,fine-tuned,"Green,Blue,Purple,Yellow,Blue,Orange"
11102,fine-tuned,"Purple,Orange,Green,Blue"
11103,fine-tuned,"Blue,Red,Orange,Red,Green"
11104,fine-tuned,"Blue,Red,Green,Blue"
11105,fine-tuned,"Red,Blue,Orange,Red,Blue"
11106,fine-tuned,"Red,Orange,Red,Orange"
11107,fine-tuned,"Green,Green,Blue,Orange,Blue"
11108,fine-tuned,"Yellow,Orange,Green,Red,Green,Red"
11109,fine-tuned,"Orange,Blue,Green,Red,Green,Orange"
11110,fine-tuned,"Red,Red,Blue,Orange,Red"
11111,fine-tuned,"Yellow,Red,Green,Blue,Green,Red"
11112,fine-tuned,"Red,Blue,Green,Green,Orange,Blue"
11113,fine-tuned,"Blue,Green,Red,Orange,Orange"
11114,fine-tuned,"Yellow,Green,Blue,Orange,Orange,Red"
11115,fine-tuned,"Orange,Red,Green"
11116,fine-tuned,"Red,Blue,Blue,Green"
11117,fine-tuned,"Purple,Orange,Blue,Green"
11118,fine-tuned,"Yellow,Green,Orange,Blue,Red"
11119,fine-tuned,"Blue,Green,Red,Green"
11120,fine-tuned,"Blue,Green,Orange,Red"
11121,fine-tuned,"Yellow,Blue,Green,Orange"
11122,fine-tuned,"Red,Green,Blue,Blue,Orange,Red"
11123,fine-tuned,"Green,Orange,Blue,Red"
11124,fine-tuned,"Green,Blue,Green,Blue,Blue,Orange"
11125,fine-tuned,"Blue,Orange,Red,Green,Red,Blue"
11126,fine-tuned,"Blue,Blue,Orange,Red,Green"
11127,fine-tuned,"Purple,Orange,Red,Green,Red"
11128,fine-tuned,"Purple,Blue,Orange,Blue,Orange"
11129,fine-tuned,"Blue,Blue,Green"
11130,fine-tuned,"Orange,Blue,Green,Red,Red,Green"
11131,fine-tuned,"Blue,Green,Red,Orange,Green,Red"
11132,fine-tuned,"Purple,Blue,Blue,Green,Red,Red"
11133,fine-tuned,"Blue,Blue,Green,Red"
11134,fine-tuned,"Blue,Blue,Orange,Orange"
11135,fine-tuned,"Red,Green,Orange,Green,Green,Blue"
11136,fine-tuned,"Yellow,Red,Blue,Blue,Orange,Red"
11137,fine-tuned,"Red,Orange,Red,Green"
11138,fine-tuned,"Green,Orange,Blue,Red,Blue,Green"
11139,fine-tuned,"Orange,Green,Blue,Blue,Red,Red"
11140,fine-tuned,"Yellow,Blue,Green,Blue,Red"
11141,fine-tuned,"Blue,Green,Green,Red,Orange,Green"
11142,fine-tuned,"Blue,Green,Blue,Orange,Green,Red"
11143,fine-tuned,"Blue,Red,Green,Green,Red,Green"
11144,fine-tuned,"Blue,Orange,Red,Red,Green,Orange"
11145,fine-tuned,"Orange,Green,Blue,Red"
11146,fine-tuned,"Purple,Red,Green,Orange,Blue,Red"
11147,fine-tuned,"Green,Orange,Green"
11148,fine-tuned,"Green,Red,Blue,Red,Red"
11149,fine-tuned,"Yellow,Green,Blue,Green,Blue,Red"
11150,fine-tuned,"Red,Blue"
11151,fine-tuned,"Yellow,Orange,Red,Orange,Red"
11152,fine-tuned,"Red,Orange,Blue,Red,Orange"
11153,fine-tuned,"Orange,Green,Purple,Blue,Purple,Green"
11154,fine-tuned,"Red,Red,Orange,Green,Blue,Red"
11155,fine-tuned,"Blue,Red,Green,Red"
11156,fine-tuned,"Green,Red,Blue,Blue,Green,Red"
11157,fine-tuned,"Green,Purple,Orange,Green,Blue,Yellow"
11158,fine-tuned,"Orange,Green,Red,Red,Orange"
11159,fine-tuned,"Blue,Red,Orange,Blue,Red"
11160,fine-tuned,"Red,Red,Red,Blue"
11161,fine-tuned,"Blue,Orange,Red,Red"
11162,fine-tuned,"Green,Blue,Red,Red,Blue"
11163,fine-tuned,"Green,Blue,Green,Red,Orange"
11164,fine-tuned,"Blue,Green,Red,Orange"
11165,fine-tuned,"Blue,Red,Green,Orange,Green,Red"
11166,fine-tuned,"Red,Green,Blue,Green,Red,Green"
11167,fine-tuned,"Purple,Green,Green,Orange,Blue"
11168,fine-tuned,"Blue,Red,Green,Red,Green,Red"
11169,fine-tuned,"Yellow,Orange,Red,Orange"
11170,fine-tuned,"Blue,Green,Red,Red"
11171,fine-tuned,"Orange,Red,Orange,Green,Red,Blue"
11172,fine-tuned,"Blue,Red,Green,Orange,Green,Red"
11173,fine-tuned,"Blue,Orange,Green,Blue"
11174,fine-tuned,"Orange,Red,Red"
11175,fine-tuned,"Red,Orange,Blue,Green,Red,Green"
11176,fine-tuned,"Blue,Red,Green,Orange"
11177,fine-tuned,"Green,Green,Orange,Orange,Red"
11178,fine-tuned,"Blue,Red,Orange"
11179,fine-tuned,"Orange,Green,Purple,Blue,Yellow,Orange"
11180,fine-tuned,"Green,Blue,Orange,Red"
11181,fine-tuned,"Green,Orange,Red,Red,Blue"
11182,fine-tuned,"Green,Blue,Red,Green"
11183,fine-tuned,"Red,Orange,Green,Green"
11184,fine-tuned,"Yellow,Green,Red"
11185,fine-tuned,"Green,Orange,Blue,Green,Blue,Blue"
11186,fine-tuned,"Orange,Blue,Red,Red"
11187,fine-tuned,"Purple,Green,Orange,Red,Blue,Green"
11188,fine-tuned,"Red,Green,Blue,Orange,Blue,Red"
11189,fine-tuned,"Green,Green,Blue"
11190,fine-tuned,"Blue,Blue,Green,Red,Orange"
11191,fine-tuned,"Red,Orange,Blue,Red"
11192,fine-tuned,"Green,Orange,Red,Blue"
11193,fine-tuned,"Yellow,Orange,Red,Blue"
11194,fine-tuned,"Green,Red,Green,Blue,Orange"
11195,fine-tuned,"Red,Green,Red,Orange"
11196,fine-tuned,"Green,Blue,Red,Blue,Orange"
11197,fine-tuned,"Orange,Yellow,Blue,Green,Red,Yellow"
11198,fine-tuned,"Green,Red,Green,Blue,Orange,Green"
11199,fine-tuned,"Purple,Blue,Red,Blue,Green"
11200,fine-tuned,"Purple,Blue,Orange,Green,Green"
11201,fine-tuned,"Yellow,Red,Green,Orange,Red,Green"
11202,fine-tuned,"Red,Blue,Green,Blue,Red"
11203,fine-tuned,"Green,Blue,Red,Blue,Green,Orange"
11204,fine-tuned,"Blue,Red,Green,Red,Green,Orange"
11205,fine-tuned,"Blue,Orange,Green,Green,Green,Blue"
11206,fine-tuned,"Orange,Red,Green,Green,Red"
11207,fine-tuned,"Orange,Red,Blue,Orange,Blue,Red"
11208,fine-tuned,"Purple,Blue,Green,Red,Green,Blue"
11209,fine-tuned,"Red,Green,Orange,Green,Blue"
11210,fine-tuned,"Green,Red,Green,Blue,Orange,Blue"
11211,fine-tuned,"Yellow,Green,Purple,Green,Orange,Purple"
11212,fine-tuned,"Yellow,Orange,Blue,Green,Red"
11213,fine-tuned,"Blue,Green,Green,Red,Red"
11214,fine-tuned,"Red,Blue,Red,Green,Orange,Blue"
11215,fine-tuned,"Yellow,Orange,Red,Green"
11216,fine-tuned,"Blue,Red,Red,Orange,Green"
11217,fine-tuned,"Red,Orange,Blue,Blue,Green,Red"
11218,fine-tuned,"Blue,Red,Green,Red,Green,Red"
11219,fine-tuned,"Purple,Green,Blue,Orange,Red"
11220,fine-tuned,"Blue,Green,Green,Red,Red"
11221,fine-tuned,"Purple,Green,Orange,Green,Blue"
11222,fine-tuned,"Red,Blue,Orange"
11223,fine-tuned,"Yellow,Orange,Red,Green,Red,Blue"
11224,fine-tuned,"Blue,Green,Orange,Orange,Green,Red"
11225,fine-tuned,"Yellow,Blue,Red,Red,Green"
11226,fine-tuned,"Yellow,Green,Green,Orange,Red,Orange"
11227,fine-tuned,"Purple,Red,Green,Orange,Blue,Green"
11228,fine-tuned,"Red,Orange,Blue,Green,Green,Orange"
11229,fine-tuned,"Green,Blue,Red,Green,Blue,Green"
11230,fine-tuned,"Red,Orange,Green,Blue,Orange,Green"
11231,fine-tuned,"Red,Green,Blue,Orange,Green"
11232,fine-tuned,"Orange,Green,Blue,Green,Red"
11233,fine-tuned,"Red,Orange,Orange"
11234,fine-tuned,"Red,Orange,Green,Green"
11235,fine-tuned,"Red,Green,Red,Green,Blue,Red"
11236,fine-tuned,"Red,Blue,Green,Orange,Orange"
11237,fine-tuned,"Yellow,Red,Blue,Green,Red,Orange"
11238,fine-tuned,"Red,Blue,Green,Red,Orange,Green"
11239,fine-tuned,"Red,Red,Orange,Green"
11240,fine-tuned,"Red,Green,Blue,Orange,Blue"
11241,fine-tuned,"Blue,Green,Red,Red"
11242,fine-tuned,"Red,Green,Green,Orange"
11243,fine-tuned,"Green,Red,Red"
11244,fine-tuned,"Blue,Red,Blue,Red"
11245,fine-tuned,"Orange,Green,Orange,Blue,Red"
11246,fine-tuned,"Red,Blue,Orange,Blue"
11247,fine-tuned,"Red,Blue,Orange,Green,Orange"
11248,fine-tuned,"Blue,Orange,Red,Red,Green,Red"
11249,fine-tuned,"Orange,Red,Blue,Red,Green"
11250,fine-tuned,"Red,Orange,Red,Blue,Green"
11251,fine-tuned,"Blue,Green,Green"
11252,fine-tuned,"Purple,Orange,Blue,Green,Blue,Red"
11253,fine-tuned,"Orange,Red,Orange,Red,Blue,Blue"
11254,fine-tuned,"Red,Green,Orange,Red,Green"
11255,fine-tuned,"Blue,Orange,Orange,Green,Red,Blue"
11256,fine-tuned,"Red,Orange,Blue,Red"
11257,fine-tuned,"Yellow,Red,Green,Orange,Red,Orange"
11258,fine-tuned,"Yellow,Red,Green,Blue,Green"
11259,fine-tuned,"Green,Blue,Red,Blue,Orange,Red"
11260,fine-tuned,"Purple,Blue,Blue"
11261,fine-tuned,"Blue,Green,Orange,Red,Orange"
11262,fine-tuned,"Yellow,Green,Red,Orange,Green"
11263,fine-tuned,"Orange,Blue,Green,Red"
11264,fine-tuned,"Blue,Green,Red,Red,Green"
11265,fine-tuned,"Purple,Red,Green,Red,Blue,Orange"
11266,fine-tuned,"Orange,Green,Red,Red,Blue,Purple"
11267,fine-tuned,"Red,Orange,Red,Green,Orange"
11268,fine-tuned,"Red,Green,Blue,Blue,Orange"
11269,fine-tuned,"Orange,Blue,Purple,Blue,Green,Yellow"
11270,fine-tuned,"Blue,Green,Red,Red,Green,Red"
11271,fine-tuned,"Yellow,Orange,Green,Green,Orange,Blue"
11272,fine-tuned,"Red,Orange,Green,Blue,Blue"
11273,fine-tuned,"Blue,Green,Orange,Red,Green,Red"
11274,fine-tuned,"Red,Green,Orange,Blue,Orange"
11275,fine-tuned,"Purple,Orange,Blue,Green"
11276,fine-tuned,"Blue,Orange,Red,Green,Green"
11277,fine-tuned,"Blue,Red,Green,Orange,Red"
11278,fine-tuned,"Green,Red,Blue,Red,Green"
11279,fine-tuned,"Green,Blue,Orange,Green,Blue"
11280,fine-tuned,"Green,Red,Orange,Blue,Orange"
11281,fine-tuned,"Orange,Blue,Green,Red,Green,Blue"
11282,fine-tuned,"Blue,Green,Orange"
11283,fine-tuned,"Green,Red,Orange,Red"
11284,fine-tuned,"Red,Green,Red,Green,Orange"
11285,fine-tuned,"Blue,Green,Red,Green,Red"
11286,fine-tuned,"Yellow,Blue,Green,Red,Orange,Green"
11287,fine-tuned,"Blue,Red,Orange,Green,Orange"
11288,fine-tuned,"Green,Orange,Blue,Red"
11289,fine-tuned,"Orange,Blue,Green,Orange,Blue,Orange"
11290,fine-tuned,"Yellow,Orange,Green,Blue,Blue"
11291,fine-tuned,"Orange,Blue,Red,Green,Red,Green"
11292,fine-tuned,"Orange,Blue,Red,Green,Blue"
11293,fine-tuned,"Purple,Green,Blue,Blue,Orange,Orange"
11294,fine-tuned,"Blue,Green,Blue,Orange,Red,Green"
11295,fine-tuned,"Blue,Orange,Green,Orange,Red"
11296,fine-tuned,"Red,Green,Blue,Red"
11297,fine-tuned,"Green,Blue,Red,Red,Orange"
11298,fine-tuned,"Purple,Orange,Blue,Green,Green,Red"
11299,fine-tuned,"Orange,Red,Red,Green"
11300,fine-tuned,"Yellow,Green,Orange,Blue,Red,Red"
11301,fine-tuned,"Orange,Green,Blue,Blue,Red"
11302,fine-tuned,"Orange,Red,Red,Green,Blue,Green"
11303,fine-tuned,"Purple,Blue,Red,Red,Red"
11304,fine-tuned,"Blue,Green,Red,Blue,Orange,Red"
11305,fine-tuned,"Blue,Red,Green,Green,Orange"
11306,fine-tuned,"Blue,Orange,Green,Red,Blue"
11307,fine-tuned,"Red,Green,Blue,Blue,Red,Blue"
11308,fine-tuned,"Green,Orange,Red,Blue,Orange,Red"
11309,fine-tuned,"Red,Red,Red"
11310,fine-tuned,"Blue,Green,Orange,Blue,Green"
11311,fine-tuned,"Yellow,Green,Blue,Red,Blue,Red"
11312,fine-tuned,"Blue,Green,Blue,Orange,Red"
11313,fine-tuned,"Green,Red,Green,Blue"
11314,fine-tuned,"Green,Orange,Red,Blue,Blue,Orange"
11315,fine-tuned,"Green,Red,Orange,Orange"
11316,fine-tuned,"Blue,Green,Blue,Orange,Green"
11317,fine-tuned,"Red,Green,Red,Blue,Green"
11318,fine-tuned,"Yellow,Green,Blue,Red,Red,Orange"
11319,fine-tuned,"Blue,Green,Orange,Orange,Green,Blue"
11320,fine-tuned,"Red,Orange,Blue,Red,Red"
11321,fine-tuned,"Red,Orange,Blue,Red,Orange,Green"
11322,fine-tuned,"Red,Green,Blue,Red"
11323,fine-tuned,"Green,Orange,Red,Blue"
11324,fine-tuned,"Red,Orange,Green,Red,Blue,Red"
11325,fine-tuned,"Blue,Green,Orange,Red,Orange,Orange"
11326,fine-tuned,"Blue,Green,Blue,Orange"
11327,fine-tuned,"Orange,Blue,Red,Red,Blue"
11328,fine-tuned,"Orange,Blue,Green,Blue"
11329,fine-tuned,"Yellow,Green,Red,Orange"
11330,fine-tuned,"Red,Blue,Green,Blue,Green,Orange"
11331,fine-tuned,"Blue,Red,Red"
11332,fine-tuned,"Green,Blue,Orange,Red,Green,Red"
11333,fine-tuned,"Green,Blue,Green"
11334,fine-tuned,"Blue,Orange,Green,Red"
11335,fine-tuned,"Orange,Blue,Orange,Green,Green"
11336,fine-tuned,"Red,Blue,Green,Red,Orange"
11337,fine-tuned,"Red,Blue,Green,Orange,Blue,Red"
11338,fine-tuned,"Blue,Red,Green,Orange,Red,Green"
11339,fine-tuned,"Blue,Red,Green"
11340,fine-tuned,"Purple,Blue,Orange,Red,Blue,Red"
11341,fine-tuned,"Red,Blue,Green,Red,Blue,Green"
11342,fine-tuned,"Green,Orange"
11343,fine-tuned,"Blue,Green,Blue,Red"
11344,fine-tuned,"Yellow,Green,Blue,Orange,Blue"
11345,fine-tuned,"Blue,Green,Orange,Green,Red"
11346,fine-tuned,"Green,Red,Orange,Green"
11347,fine-tuned,"Blue,Orange,Green,Green,Red"
11348,fine-tuned,"Red,Blue,Orange,Orange,Red"
11349,fine-tuned,"Blue,Green,Red,Red,Green"
11350,fine-tuned,"Green,Red,Orange,Blue,Green,Blue"
11351,fine-tuned,"Purple,Red,Blue,Orange,Red,Red"
11352,fine-tuned,"Purple,Green,Orange,Blue,Orange,Green"
11353,fine-tuned,"Orange,Purple,Blue,Red,Purple,Yellow"
11354,fine-tuned,"Blue,Red,Red,Orange"
11355,fine-tuned,"Blue,Red,Green,Red,Green,Red"
11356,fine-tuned,"Blue,Red,Red,Red,Blue"
11357,fine-tuned,"Purple,Orange,Blue,Orange,Blue"
11358,fine-tuned,"Green,Red,Red,Green,Orange,Blue"
11359,fine-tuned,"Orange,Green,Green,Red,Blue,Orange"
11360,fine-tuned,"Purple,Orange,Green,Orange,Blue"
11361,fine-tuned,"Blue,Green,Red,Red"
11362,fine-tuned,"Green,Blue,Blue,Orange"
11363,fine-tuned,"Orange,Blue,Orange,Blue,Red,Blue"
11364,fine-tuned,"Purple,Green,Orange,Green,Blue"
11365,fine-tuned,"Blue,Green,Red,Green,Red,Orange"
11366,fine-tuned,"Purple,Red,Green,Red,Blue,Red"
11367,fine-tuned,"Red,Blue,Green,Red,Red,Blue"
11368,fine-tuned,"Green,Orange,Red,Red,Blue,Orange"
11369,fine-tuned,"Orange,Red,Orange,Green,Blue,Blue"
11370,fine-tuned,"Blue,Green,Red,Orange,Red"
11371,fine-tuned,"Blue,Green,Red,Red,Orange"
11372,fine-tuned,"Orange,Green,Green,Red,Blue,Red"
11373,fine-tuned,"Red,Blue,Blue,Green,Red,Blue"
11374,fine-tuned,"Orange,Green,Blue,Blue,Red"
11375,fine-tuned,"Orange,Red,Orange,Green"
11376,fine-tuned,"Yellow,Green,Red,Orange,Green,Red"
11377,fine-tuned,"Yellow,Green,Orange,Red,Purple,Red"
11378,fine-tuned,"Green,Orange,Green,Red"
11379,fine-tuned,"Orange,Blue,Red,Blue"
11380,fine-tuned,"Blue,Orange,Red,Blue,Green"
11381,fine-tuned,"Orange,Green,Blue,Green,Orange"
11382,fine-tuned,"Red,Blue,Blue,Orange,Green"
11383,fine-tuned,"Green,Blue,Orange,Green"
11384,fine-tuned,"Orange,Green,Blue"
11385,fine-tuned,"Blue,Green,Green,Red,Blue"
11386,fine-tuned,"Purple,Orange,Blue,Blue,Red"
11387,fine-tuned,"Orange,Red,Yellow,Blue,Purple,Blue"
11388,fine-tuned,"Blue,Orange,Green,Blue,Red,Green"
11389,fine-tuned,"Blue,Blue,Red,Green,Red"
11390,fine-tuned,"Blue,Red,Orange,Green,Red,Orange"
11391,fine-tuned,"Purple,Blue,Green,Red,Orange"
11392,fine-tuned,"Blue,Orange,Red,Green"
11393,fine-tuned,"Orange,Red,Red,Green,Red"
11394,fine-tuned,"Red,Green,Green,Blue,Orange,Red"
11395,fine-tuned,"Orange,Blue,Green,Purple,Orange,Red"
11396,fine-tuned,"Blue,Green,Green,Green,Orange,Red"
11397,fine-tuned,"Green,Red,Green,Blue,Orange"
11398,fine-tuned,"Blue,Green,Blue,Green,Yellow,Green"
11399,fine-tuned,"Blue,Green,Red,Blue"
11400,fine-tuned,"Green,Orange,Red,Green"
11401,fine-tuned,"Blue,Green,Orange,Red,Red"
11402,fine-tuned,"Blue,Red,Red,Red,Blue,Green"
11403,fine-tuned,"Yellow,Orange,Red,Blue,Green,Blue"
11404,fine-tuned,"Yellow,Orange,Blue,Red,Green,Red"
11405,fine-tuned,"Red,Red"
11406,fine-tuned,"Purple,Blue,Orange,Orange"
11407,fine-tuned,"Purple,Blue,Green,Red,Orange"
11408,fine-tuned,"Blue,Orange,Green,Orange"
11409,fine-tuned,"Green,Blue,Blue,Red,Orange"
11410,fine-tuned,"Orange,Blue,Green,Red,Green"
11411,fine-tuned,"Blue,Orange,Green,Red"
11412,fine-tuned,"Blue,Green,Red,Green,Purple,Orange"
11413,fine-tuned,"Blue,Orange,Blue"
11414,fine-tuned,"Green,Blue,Orange,Orange,Green"
11415,fine-tuned,"Blue,Green,Green,Red,Orange"
11416,fine-tuned,"Red,Orange,Green,Blue,Blue,Green"
11417,fine-tuned,"Orange,Green,Blue,Red,Green,Red"
11418,fine-tuned,"Purple,Green,Green,Red,Orange"
11419,fine-tuned,"Blue,Red,Green,Red,Orange,Red"
11420,fine-tuned,"Red,Orange,Green,Blue,Orange"
11421,fine-tuned,"Red,Orange,Blue"
11422,fine-tuned,"Orange,Green,Blue,Red,Orange,Red"
11423,fine-tuned,"Blue,Orange,Green,Blue,Green"
11424,fine-tuned,"Green,Red,Green,Blue"
11425,fine-tuned,"Green,Orange,Red,Blue,Blue"
11426,fine-tuned,"Blue,Green,Orange,Green"
11427,fine-tuned,"Blue,Orange,Red,Red,Green"
11428,fine-tuned,"Blue,Green,Blue,Orange"
11429,fine-tuned,"Green,Red,Orange,Blue"
11430,fine-tuned,"Yellow,Green,Red,Red,Orange,Green"
11431,fine-tuned,"Red,Orange,Blue,Blue"
11432,fine-tuned,"Green,Orange,Orange,Blue,Green,Red"
11433,fine-tuned,"Yellow,Red,Red,Red,Blue"
11434,fine-tuned,"Yellow,Red,Blue,Blue,Red,Orange"
11435,fine-tuned,"Green,Blue,Red,Green,Orange"
11436,fine-tuned,"Yellow,Green,Red,Orange,Red,Blue"
11437,fine-tuned,"Blue,Orange,Red,Green,Red,Blue"
11438,fine-tuned,"Yellow,Green,Red,Orange"
11439,fine-tuned,"Orange,Green,Yellow,Red,Purple,Purple"
11440,fine-tuned,"Green,Blue,Red,Red"
11441,fine-tuned,"Red,Blue,Red,Orange,Red"
11442,fine-tuned,"Blue,Green,Red,Green,Orange"
11443,fine-tuned,"Yellow,Orange,Blue,Green,Red"
11444,fine-tuned,"Green,Blue,Red,Red,Blue"
11445,fine-tuned,"Yellow,Blue,Orange,Red,Green"
11446,fine-tuned,"Purple,Red,Blue,Orange,Green"
11447,fine-tuned,"Blue,Red,Red,Red,Blue,Orange"
11448,fine-tuned,"Green,Blue,Orange,Blue"
11449,fine-tuned,"Green,Orange,Orange"
11450,fine-tuned,"Red,Green,Blue,Orange,Red"
11451,fine-tuned,"Orange,Red,Green,Blue,Green,Red"
11452,fine-tuned,"Green,Orange,Blue,Orange,Green,Red"
11453,fine-tuned,"Green,Red,Green,Orange,Red,Blue"
11454,fine-tuned,"Green,Orange,Green,Orange"
11455,fine-tuned,"Blue,Orange,Green,Blue,Red"
11456,fine-tuned,"Green,Blue,Red,Red"
11457,fine-tuned,"Purple,Blue,Red,Red,Orange,Red"
11458,fine-tuned,"Green,Blue,Blue,Red,Red"
11459,fine-tuned,"Green,Red,Blue,Green,Orange"
11460,fine-tuned,"Yellow,Red,Red,Red,Red"
11461,fine-tuned,"Green,Purple,Yellow,Green,Orange,Yellow"
11462,fine-tuned,"Orange,Blue,Green,Green,Red"
11463,fine-tuned,"Green,Blue,Blue,Orange,Blue"
11464,fine-tuned,"Blue,Red,Red,Orange"
11465,fine-tuned,"Blue,Orange,Green,Red"
11466,fine-tuned,"Blue,Green,Orange,Blue"
11467,fine-tuned,"Blue,Red,Blue,Green,Blue"
11468,fine-tuned,"Red,Blue"
11469,fine-tuned,"Blue,Orange,Blue,Orange,Orange"
11470,fine-tuned,"Red,Green,Blue,Blue,Orange,Blue"
11471,fine-tuned,"Orange,Blue,Green,Blue,Red,Red"
11472,fine-tuned,"Blue,Red,Green,Blue"
11473,fine-tuned,"Red,Blue,Orange,Green,Blue"
11474,fine-tuned,"Red,Blue,Orange,Green,Blue,Green"
11475,fine-tuned,"Blue,Orange,Green,Red,Blue,Green"
11476,fine-tuned,"Green,Blue,Red,Green,Orange"
11477,fine-tuned,"Orange,Blue,Red,Red,Blue,Green"
11478,fine-tuned,"Red,Orange,Blue,Red"
11479,fine-tuned,"Yellow,Blue,Red,Blue"
11480,fine-tuned,"Green,Orange,Red,Blue,Green,Green"
11481,fine-tuned,"Yellow,Blue,Red,Blue,Red,Orange"
11482,fine-tuned,"Red,Orange,Green,Green,Blue"
11483,fine-tuned,"Green,Green,Green,Red,Green"
11484,fine-tuned,"Yellow,Green,Blue,Blue,Red,Red"
11485,fine-tuned,"Yellow,Green,Green,Orange,Green,Blue"
11486,fine-tuned,"Blue,Blue,Orange,Green"
11487,fine-tuned,"Blue,Green,Red,Blue"
11488,fine-tuned,"Blue,Blue,Green,Green,Orange,Green"
11489,fine-tuned,"Orange,Green,Blue,Green,Red,Red"
11490,fine-tuned,"Yellow,Orange,Green,Green,Red,Blue"
11491,fine-tuned,"Red,Green,Green,Blue"
11492,fine-tuned,"Blue,Red,Blue"
11493,fine-tuned,"Yellow,Red,Red,Red,Orange,Green"
11494,fine-tuned,"Purple,Blue,Green,Green,Blue,Red"
11495,fine-tuned,"Orange,Purple,Blue,Blue,Red,Red"
11496,fine-tuned,"Blue,Blue,Blue,Blue,Green,Blue"
11497,fine-tuned,"Blue,Red,Orange"
11498,fine-tuned,"Red,Blue,Orange,Red,Orange,Red"
11499,fine-tuned,"Red,Blue,Green,Orange,Green,Red"
11500,fine-tuned,"Orange,Blue,Red,Orange,Green,Green"
11501,fine-tuned,"Red,Blue,Green,Green"
11502,fine-tuned,"Blue,Green,Red,Blue,Red"
11503,fine-tuned,"Green,Orange,Red,Blue,Red"
11504,fine-tuned,"Blue,Orange,Green,Blue,Red"
11505,fine-tuned,"Orange,Blue,Red,Green,Red"
11506,fine-tuned,"Blue,Orange,Red,Orange,Green"
11507,fine-tuned,"Yellow,Blue,Green,Green,Orange"
11508,fine-tuned,"Red,Blue,Red"
11509,fine-tuned,"Green,Red,Blue,Red"
11510,fine-tuned,"Green,Orange,Red,Red,Red,Green"
11511,fine-tuned,"Green,Orange,Red,Blue"
11512,fine-tuned,"Red,Blue,Green,Blue,Orange"
11513,fine-tuned,"Green,Red,Blue,Red,Blue"
11514,fine-tuned,"Orange,Green,Orange,Green,Blue,Blue"
11515,fine-tuned,"Orange,Yellow,Green,Green,Red,Yellow"
11516,fine-tuned,"Blue,Red,Green,Red,Green"
11517,fine-tuned,"Red,Red,Green"
11518,fine-tuned,"Yellow,Red,Green,Orange,Green"
11519,fine-tuned,"Red,Green,Blue,Orange,Blue,Green"
11520,fine-tuned,"Blue,Orange,Red,Green"
11521,fine-tuned,"Yellow,Orange,Blue,Blue,Blue,Green"
11522,fine-tuned,"Green,Red,Blue,Orange,Green"
11523,fine-tuned,"Green,Blue,Red,Red,Blue,Green"
11524,fine-tuned,"Blue,Green,Red,Blue,Red,Orange"
11525,fine-tuned,"Green,Orange,Blue,Orange,Blue"
11526,fine-tuned,"Blue,Red,Green,Red,Orange,Green"
11527,fine-tuned,"Blue,Orange,Green,Red"
11528,fine-tuned,"Red,Orange,Red,Green"
11529,fine-tuned,"Orange,Green,Blue,Red,Green,Purple"
11530,fine-tuned,"Red,Orange,Green,Red,Green,Blue"
11531,fine-tuned,"Purple,Orange,Red,Blue,Red,Green"
11532,fine-tuned,"Green,Orange,Blue,Orange,Red"
11533,fine-tuned,"Green,Red,Green,Red,Green"
11534,fine-tuned,"Yellow,Red,Green,Orange,Red"
11535,fine-tuned,"Red,Blue,Orange"
11536,fine-tuned,"Red,Orange,Red,Red"
11537,fine-tuned,"Green,Red,Blue,Blue"
11538,fine-tuned,"Blue,Green,Orange,Red"
11539,fine-tuned,"Red,Green,Red,Blue"
11540,fine-tuned,"Green,Red,Blue,Green,Orange"
11541,fine-tuned,"Orange,Blue,Green,Blue,Red,Orange"
11542,fine-tuned,"Blue,Green,Blue,Red,Green"
11543,fine-tuned,"Red,Green,Blue,Red,Green"
11544,fine-tuned,"Yellow,Green,Green,Red,Orange"
11545,fine-tuned,"Red,Blue,Orange,Red"
11546,fine-tuned,"Green,Orange,Red,Blue,Blue,Green"
11547,fine-tuned,"Orange,Red,Green,Red,Green,Red"
11548,fine-tuned,"Red,Blue,Orange,Green,Red"
11549,fine-tuned,"Yellow,Orange,Green,Green,Blue,Red"
11550,fine-tuned,"Purple,Orange,Blue,Green,Blue"
11551,fine-tuned,"Blue,Green,Green,Orange,Red"
11552,fine-tuned,"Blue,Blue,Green,Green"
11553,fine-tuned,"Green,Orange,Red,Blue,Blue"
11554,fine-tuned,"Purple,Green,Red,Blue,Blue,Green"
11555,fine-tuned,"Orange,Blue,Green,Green,Red"
11556,fine-tuned,"Blue,Orange,Green,Red,Green,Blue"
11557,fine-tuned,"Green,Orange,Green,Red,Green"
11558,fine-tuned,"Yellow,Red,Green,Blue"
11559,fine-tuned,"Red,Green,Red,Blue,Orange,Orange"
11560,fine-tuned,"Orange,Blue,Red,Green,Green"
11561,fine-tuned,"Green,Blue,Red,Green,Red,Orange"
11562,fine-tuned,"Orange,Blue,Purple,Green,Red,Green"
11563,fine-tuned,"Orange,Green,Blue,Yellow,Purple,Green"
11564,fine-tuned,"Yellow,Green,Orange,Blue,Blue,Green"
11565,fine-tuned,"Blue,Red,Green,Blue,Green"
11566,fine-tuned,"Orange,Red,Green,Blue"
11567,fine-tuned,"Yellow,Red,Green,Orange"
11568,fine-tuned,"Blue,Orange,Red,Green,Green,Blue"
11569,fine-tuned,"Green,Blue,Green,Red,Orange"
11570,fine-tuned,"Purple,Orange,Green,Blue,Red,Green"
11571,fine-tuned,"Blue,Orange,Green"
11572,fine-tuned,"Yellow,Red,Red"
11573,fine-tuned,"Orange,Green,Blue,Red,Green"
11574,fine-tuned,"Green,Red,Red,Blue,Blue,Orange"
11575,fine-tuned,"Blue,Green,Green,Orange,Green,Red"
11576,fine-tuned,"Blue,Red,Red"
11577,fine-tuned,"Purple,Blue,Red,Green,Red"
11578,fine-tuned,"Yellow,Red,Orange,Blue,Red,Orange"
11579,fine-tuned,"Red,Blue,Green,Blue"
11580,fine-tuned,"Green,Green,Red"
11581,fine-tuned,"Blue,Orange,Green,Green"
11582,fine-tuned,"Red,Green,Orange,Blue,Orange"
11583,fine-tuned,"Red,Green,Blue"
11584,fine-tuned,"Green,Blue,Orange"
11585,fine-tuned,"Yellow,Orange,Blue,Green,Green"
11586,fine-tuned,"Red,Blue,Red"
11587,fine-tuned,"Orange,Red,Red,Green,Green,Green"
11588,fine-tuned,"Blue,Orange,Green,Red,Red"
11589,fine-tuned,"Blue,Green,Orange,Red"
11590,fine-tuned,"Purple,Orange,Blue,Blue,Blue,Red"
11591,fine-tuned,"Green,Red,Blue,Orange"
11592,fine-tuned,"Blue,Red,Orange,Red,Blue"
11593,fine-tuned,"Yellow,Green,Green,Blue,Red,Green"
11594,fine-tuned,"Yellow,Orange,Green,Blue,Orange"
11595,fine-tuned,"Blue,Orange,Green,Blue,Red"
11596,fine-tuned,"Green,Orange,Red,Red"
11597,fine-tuned,"Blue,Red,Green,Blue,Orange"
11598,fine-tuned,"Red,Green,Green,Blue,Orange,Green"
11599,fine-tuned,"Yellow,Blue,Red,Blue,Orange,Green"
11600,fine-tuned,"Green,Blue,Red,Green,Orange,Blue"
11601,fine-tuned,"Yellow,Green,Red,Red,Orange"
11602,fine-tuned,"Purple,Green,Orange,Blue,Red"
11603,fine-tuned,"Blue,Green,Red,Orange"
11604,fine-tuned,"Red,Green,Green,Blue,Blue,Green"
11605,fine-tuned,"Purple,Orange,Orange,Red,Blue"
11606,fine-tuned,"Red,Blue,Green,Green,Green,Green"
11607,fine-tuned,"Red,Blue,Red,Orange"
11608,fine-tuned,"Purple,Green,Red,Orange,Green,Red"
11609,fine-tuned,"Green,Blue,Green,Red,Orange,Red"
11610,fine-tuned,"Blue,Red,Orange,Orange,Green"
11611,fine-tuned,"Green,Green,Green,Green"
11612,fine-tuned,"Red,Orange,Orange,Green,Blue,Green"
11613,fine-tuned,"Yellow,Blue,Red,Green,Green,Blue"
11614,fine-tuned,"Blue,Orange,Red,Orange,Blue"
11615,fine-tuned,"Orange,Green,Purple,Blue,Yellow,Purple"
11616,fine-tuned,"Yellow,Green,Green,Blue,Orange"
11617,fine-tuned,"Orange,Green,Blue,Red,Green,Red"
11618,fine-tuned,"Green,Orange,Orange,Blue,Orange,Red"
11619,fine-tuned,"Red,Orange,Green,Green,Blue,Orange"
11620,fine-tuned,"Yellow,Blue,Blue,Green,Red"
11621,fine-tuned,"Green,Red,Red,Blue,Blue"
11622,fine-tuned,"Red,Blue,Orange,Red,Green"
11623,fine-tuned,"Yellow,Orange,Orange,Green,Green,Orange"
11624,fine-tuned,"Red,Blue,Orange,Blue,Green"
11625,fine-tuned,"Blue,Red,Red,Red"
11626,fine-tuned,"Purple,Green,Red,Green,Red"
11627,fine-tuned,"Purple,Blue,Green,Orange,Blue"
11628,fine-tuned,"Yellow,Red,Red,Red,Orange,Green"
11629,fine-tuned,"Blue,Orange,Orange,Red"
11630,fine-tuned,"Orange,Red,Blue,Green,Green,Blue"
11631,fine-tuned,"Blue,Green,Green,Red"
11632,fine-tuned,"Green,Blue,Red,Blue,Red,Green"
11633,fine-tuned,"Green,Red,Red,Blue,Orange"
11634,fine-tuned,"Blue,Orange,Red,Blue"
11635,fine-tuned,"Green,Blue,Green,Orange"
11636,fine-tuned,"Blue,Red,Green,Green,Red"
11637,fine-tuned,"Yellow,Red,Blue,Blue,Orange"
11638,fine-tuned,"Blue,Red,Red,Blue,Red,Green"
11639,fine-tuned,"Blue,Red,Orange,Green,Blue"
11640,fine-tuned,"Orange,Blue,Red,Green,Green,Red"
11641,fine-tuned,"Orange,Green,Blue,Red,Green,Orange"
11642,fine-tuned,"Red,Blue,Orange,Red,Blue,Red"
11643,fine-tuned,"Orange,Green,Red,Green,Orange"
11644,fine-tuned,"Purple,Blue,Green,Orange"
11645,fine-tuned,"Yellow,Blue,Red,Green,Orange"
11646,fine-tuned,"Blue,Blue,Blue,Green,Red"
11647,fine-tuned,"Blue,Orange,Red"
11648,fine-tuned,"Purple,Green,Blue,Red,Green,Orange"
11649,fine-tuned,"Green,Red,Green,Blue,Orange,Green"
11650,fine-tuned,"Red,Blue,Blue,Green"
11651,fine-tuned,"Green,Red,Blue,Blue,Green"
11652,fine-tuned,"Yellow,Orange,Green"
11653,fine-tuned,"Blue,Green,Red,Green,Orange,Green"
11654,fine-tuned,"Yellow,Green,Red,Blue,Orange,Green"
11655,fine-tuned,"Orange,Blue,Green,Orange,Red"
11656,fine-tuned,"Green,Red,Green,Orange,Green,Blue"
11657,fine-tuned,"Blue,Red,Green,Orange"
11658,fine-tuned,"Purple,Orange,Red,Green,Blue"
11659,fine-tuned,"Green,Orange,Green,Blue,Green"
11660,fine-tuned,"Yellow,Green,Red,Blue,Blue,Green"
11661,fine-tuned,"Blue,Green,Red,Orange"
11662,fine-tuned,"Orange,Blue,Green,Green,Red,Blue"
11663,fine-tuned,"Yellow,Orange,Green,Blue,Orange,Green"
11664,fine-tuned,"Orange,Blue,Green,Red,Blue"
11665,fine-tuned,"Orange,Red,Green,Blue,Orange"
11666,fine-tuned,"Blue,Orange,Green,Green,Blue,Orange"
11667,fine-tuned,"Purple,Orange,Blue,Blue,Red,Blue"
11668,fine-tuned,"Green,Orange,Blue,Blue,Red"
11669,fine-tuned,"Blue,Red,Red,Orange,Blue"
11670,fine-tuned,"Blue,Green,Green,Blue"
11671,fine-tuned,"Yellow,Green,Blue,Orange,Red"
11672,fine-tuned,"Yellow,Red,Orange,Red,Red"
11673,fine-tuned,"Green,Blue,Blue,Red,Blue"
11674,fine-tuned,"Orange,Blue,Red,Red"
11675,fine-tuned,"Green,Red,Blue,Red,Orange,Orange"
11676,fine-tuned,"Orange,Green,Yellow,Purple,Green,Purple"
11677,fine-tuned,"Purple,Green,Green,Orange"
11678,fine-tuned,"Blue,Orange"
11679,fine-tuned,"Red,Blue,Green,Red"
11680,fine-tuned,"Blue,Green,Red,Orange,Green,Orange"
11681,fine-tuned,"Orange,Green,Blue,Green"
11682,fine-tuned,"Red,Green,Blue,Red,Orange,Blue"
11683,fine-tuned,"Purple,Blue,Orange,Blue,Green"
11684,fine-tuned,"Blue,Orange,Green,Red,Red"
11685,fine-tuned,"Red,Orange,Green,Blue,Red,Blue"
11686,fine-tuned,"Yellow,Blue,Green,Orange,Blue,Red"
11687,fine-tuned,"Green,Red,Orange,Red,Blue,Green"
11688,fine-tuned,"Yellow,Green,Blue,Red,Green"
11689,fine-tuned,"Green,Red,Blue,Green"
11690,fine-tuned,"Yellow,Red,Blue,Red,Green,Blue"
11691,fine-tuned,"Blue,Red,Green,Blue,Red,Green"
11692,fine-tuned,"Yellow,Blue,Green,Orange,Red,Blue"
11693,fine-tuned,"Green,Orange,Blue,Orange,Red"
11694,fine-tuned,"Blue,Green,Orange,Red,Red,Blue"
11695,fine-tuned,"Blue,Red,Red,Green,Green"
11696,fine-tuned,"Blue,Orange,Green,Green,Red,Red"
11697,fine-tuned,"Blue,Orange,Red,Green,Red"
11698,fine-tuned,"Green,Red,Blue,Red,Blue"
11699,fine-tuned,"Blue,Red,Blue,Red,Green,Red"
11700,fine-tuned,"Orange,Blue,Green,Red,Green"
11701,fine-tuned,"Blue,Green,Orange,Blue,Red,Orange"
11702,fine-tuned,"Orange,Blue,Green,Red,Red,Red"
11703,fine-tuned,"Red,Orange,Blue,Blue,Red"
11704,fine-tuned,"Green,Orange,Red"
11705,fine-tuned,"Green,Red,Orange,Green"
11706,fine-tuned,"Red,Green,Blue,Red,Orange,Green"
11707,fine-tuned,"Red,Green,Red,Green,Blue,Green"
11708,fine-tuned,"Purple,Blue,Red,Orange,Red"
11709,fine-tuned,"Orange,Green,Blue,Red,Blue"
11710,fine-tuned,"Green,Blue,Red,Blue,Orange,Red"
11711,fine-tuned,"Green,Orange,Blue,Blue,Red,Red"
11712,fine-tuned,"Green,Blue,Green,Blue,Green"
11713,fine-tuned,"Green,Orange,Blue,Blue"
11714,fine-tuned,"Green,Blue,Red,Orange,Red"
11715,fine-tuned,"Blue,Green,Green,Green,Blue"
11716,fine-tuned,"Blue,Red,Red,Red,Red,Red"
11717,fine-tuned,"Orange,Red,Red,Red,Blue,Orange"
11718,fine-tuned,"Blue,Orange,Green,Red,Green"
11719,fine-tuned,"Green,Green,Red,Blue,Green"
11720,fine-tuned,"Green,Red,Orange"
11721,fine-tuned,"Purple,Orange,Blue,Green,Green"
11722,fine-tuned,"Green,Orange,Blue,Green,Red,Orange"
11723,fine-tuned,"Orange,Green,Blue,Red,Blue,Red"
11724,fine-tuned,"Orange,Blue,Red,Green,Red"
11725,fine-tuned,"Yellow,Blue,Red,Green,Orange,Blue"
11726,fine-tuned,"Red,Blue,Orange,Green"
11727,fine-tuned,"Orange,Green,Red,Blue"
11728,fine-tuned,"Blue,Green,Orange,Red,Blue"
11729,fine-tuned,"Blue,Green,Orange,Red,Orange"
11730,fine-tuned,"Yellow,Red,Orange,Orange,Red"
11731,fine-tuned,"Purple,Green,Blue,Red"
11732,fine-tuned,"Red,Orange,Blue,Green"
11733,fine-tuned,"Purple,Green,Red,Blue,Orange"
11734,fine-tuned,"Purple,Blue,Green,Red,Red,Orange"
11735,fine-tuned,"Yellow,Orange,Green,Blue,Red,Red"
11736,fine-tuned,"Blue,Red,Orange"
11737,fine-tuned,"Red,Green,Blue,Orange,Red"
11738,fine-tuned,"Red,Green,Blue,Green,Orange"
11739,fine-tuned,"Orange,Red,Red,Blue,Green"
11740,fine-tuned,"Red,Orange,Orange,Blue,Red"
11741,fine-tuned,"Purple,Orange,Blue,Blue"
11742,fine-tuned,"Blue,Orange,Orange,Blue,Red,Green"
11743,fine-tuned,"Green,Blue,Green,Orange,Red,Orange"
11744,fine-tuned,"Blue,Orange,Red,Red"
11745,fine-tuned,"Blue,Red,Red,Orange,Green,Green"
11746,fine-tuned,"Yellow,Green,Red,Blue,Orange,Blue"
11747,fine-tuned,"Blue,Orange,Green,Orange,Red,Green"
11748,fine-tuned,"Yellow,Red,Red,Green,Blue"
11749,fine-tuned,"Blue,Orange,Red,Red,Orange,Green"
11750,fine-tuned,"Blue,Green,Green,Orange,Red,Blue"
11751,fine-tuned,"Red,Green,Red,Green,Green,Blue"
11752,fine-tuned,"Blue,Orange,Green,Red"
11753,fine-tuned,"Yellow,Red,Blue,Orange,Blue,Orange"
11754,fine-tuned,"Orange,Red,Blue,Green"
11755,fine-tuned,"Purple,Green,Green,Red,Blue,Red"
11756,fine-tuned,"Green,Red,Blue,Red,Orange"
11757,fine-tuned,"Green,Blue,Red,Red,Red"
11758,fine-tuned,"Green,Orange,Blue,Red,Red"
11759,fine-tuned,"Purple,Orange,Blue,Green,Blue"
11760,fine-tuned,"Orange,Green,Green,Red,Blue,Green"
11761,fine-tuned,"Green,Orange,Red,Blue,Red,Blue"
11762,fine-tuned,"Orange,Blue,Red,Red"
11763,fine-tuned,"Green,Red,Orange,Orange,Blue"
11764,fine-tuned,"Yellow,Red,Blue,Red,Blue,Blue"
11765,fine-tuned,"Blue,Red,Red,Green,Red,Red"
11766,fine-tuned,"Purple,Green,Blue,Blue,Green"
11767,fine-tuned,"Green,Blue,Red,Red"
11768,fine-tuned,"Orange,Blue,Red,Red,Green"
11769,fine-tuned,"Red,Orange,Blue,Green,Blue"
11770,fine-tuned,"Green,Orange,Blue,Red,Red,Orange"
11771,fine-tuned,"Blue,Orange,Red,Blue,Green"
11772,fine-tuned,"Green,Blue,Blue,Orange,Green,Blue"
11773,fine-tuned,"Purple,Green,Red,Red,Blue"
11774,fine-tuned,"Purple,Green,Green,Blue,Red"
11775,fine-tuned,"Orange,Blue,Green,Blue,Red"
11776,fine-tuned,"Red,Orange,Green,Blue,Green,Blue"
11777,fine-tuned,"Green,Blue,Red,Orange,Orange,Orange"
11778,fine-tuned,"Red,Green,Blue,Orange,Green,Blue"
11779,fine-tuned,"Orange,Red,Blue,Red,Green,Green"
11780,fine-tuned,"Red,Green,Red,Red,Green"
11781,fine-tuned,"Blue,Red,Red,Green,Red,Green"
11782,fine-tuned,"Red,Green,Blue,Green,Blue"
11783,fine-tuned,"Red,Blue,Green,Orange,Orange"
11784,fine-tuned,"Green,Red,Orange,Blue"
11785,fine-tuned,"Red,Blue,Blue,Green,Red,Orange"
11786,fine-tuned,"Orange,Green,Red,Red,Orange,Red"
11787,fine-tuned,"Green,Green,Green,Blue"
11788,fine-tuned,"Purple,Blue,Orange,Green"
11789,fine-tuned,"Green,Orange,Blue"
11790,fine-tuned,"Purple,Blue,Red,Green,Green"
11791,fine-tuned,"Red,Orange,Red,Blue,Green"
11792,fine-tuned,"Blue,Green,Orange,Orange"
11793,fine-tuned,"Red,Red,Green"
11794,fine-tuned,"Yellow,Blue,Green,Blue,Blue,Green"
11795,fine-tuned,"Red,Orange,Green,Orange,Blue,Green"
11796,fine-tuned,"Red,Orange,Blue,Green,Blue"
11797,fine-tuned,"Red,Blue,Green,Orange,Green"
11798,fine-tuned,"Purple,Blue,Orange,Blue,Green,Orange"
11799,fine-tuned,"Blue,Orange,Green,Green"
11800,fine-tuned,"Orange,Blue,Yellow,Green,Red,Blue"
11801,fine-tuned,"Yellow,Green,Red,Orange,Red"
11802,fine-tuned,"Red,Blue,Red,Green,Blue,Blue"
11803,fine-tuned,"Blue,Green,Orange,Red,Red,Blue"
11804,fine-tuned,"Green,Orange,Blue,Green"
11805,fine-tuned,"Red,Green,Green,Red"
11806,fine-tuned,"Red,Green,Blue,Green,Green,Green"
11807,fine-tuned,"Red,Red,Orange,Blue,Orange"
11808,fine-tuned,"Orange,Red,Blue,Blue,Green"
11809,fine-tuned,"Blue,Red,Orange,Green"
11810,fine-tuned,"Purple,Green,Red,Green,Red"
11811,fine-tuned,"Blue,Orange,Red,Red"
11812,fine-tuned,"Red,Green,Red,Green,Orange"
11813,fine-tuned,"Red,Orange,Blue,Green,Red,Green"
11814,fine-tuned,"Blue,Green,Orange,Red,Orange,Orange"
11815,fine-tuned,"Red,Green,Orange,Blue,Green,Orange"
11816,fine-tuned,"Orange,Red,Red,Blue"
11817,fine-tuned,"Purple,Green,Orange,Blue,Blue,Red"
11818,fine-tuned,"Yellow,Red,Red,Orange,Blue"
11819,fine-tuned,"Red,Green,Green,Red"
11820,fine-tuned,"Blue,Green,Orange,Red"
11821,fine-tuned,"Red,Green,Green,Red"
11822,fine-tuned,"Red,Blue,Green,Orange,Red,Green"
11823,fine-tuned,"Green,Orange,Red,Blue,Red,Blue"
11824,fine-tuned,"Green,Blue,Green,Red"
11825,fine-tuned,"Blue,Red,Green,Red,Blue"
11826,fine-tuned,"Green,Blue"
11827,fine-tuned,"Green,Blue,Red,Red,Orange,Red"
11828,fine-tuned,"Purple,Green,Orange,Green,Blue,Red"
11829,fine-tuned,"Yellow,Blue,Green,Green"
11830,fine-tuned,"Green,Orange,Blue,Orange"
11831,fine-tuned,"Green,Blue,Red,Red"
11832,fine-tuned,"Blue,Red,Green,Green,Blue,Orange"
11833,fine-tuned,"Blue,Orange,Red,Orange"
11834,fine-tuned,"Yellow,Green,Orange,Blue,Red"
11835,fine-tuned,"Red,Blue,Green,Orange"
11836,fine-tuned,"Yellow,Blue,Red,Orange,Green"
11837,fine-tuned,"Yellow,Orange,Green,Blue,Orange"
11838,fine-tuned,"Orange,Blue,Blue,Green,Red,Green"
11839,fine-tuned,"Blue,Orange,Red,Green,Red"
11840,fine-tuned,"Green,Orange,Blue,Red,Green"
11841,fine-tuned,"Yellow,Blue,Green,Blue,Green,Orange"
11842,fine-tuned,"Blue,Green,Green,Red,Blue,Green"
11843,fine-tuned,"Orange,Blue,Red,Red,Blue,Red"
11844,fine-tuned,"Yellow,Red,Red,Green,Green,Red"
11845,fine-tuned,"Yellow,Red,Red,Green"
11846,fine-tuned,"Green,Orange,Red,Green,Blue,Red"
11847,fine-tuned,"Purple,Blue,Red,Blue"
11848,fine-tuned,"Blue,Green,Green,Orange,Blue,Green"
11849,fine-tuned,"Blue,Green,Red,Red,Orange,Red"
11850,fine-tuned,"Blue,Green,Orange,Red"
11851,fine-tuned,"Green,Orange,Green,Blue"
11852,fine-tuned,"Blue,Orange,Orange,Blue,Green"
11853,fine-tuned,"Blue,Green,Blue,Red,Green,Green"
11854,fine-tuned,"Green,Red,Red,Orange"
11855,fine-tuned,"Blue,Green,Red,Blue,Green,Blue"
11856,fine-tuned,"Orange,Blue,Red,Green"
11857,fine-tuned,"Blue,Green,Blue,Red,Red"
11858,fine-tuned,"Red,Green,Orange,Green,Green"
11859,fine-tuned,"Blue,Red,Green,Blue"
11860,fine-tuned,"Blue,Red,Green,Red,Green"
11861,fine-tuned,"Green,Blue,Orange,Blue,Red"
11862,fine-tuned,"Green,Blue,Red,Red,Blue"
11863,fine-tuned,"Red,Orange,Red,Blue,Blue,Orange"
11864,fine-tuned,"Purple,Blue,Green,Orange,Green"
11865,fine-tuned,"Blue,Orange,Red,Green,Red,Green"
11866,fine-tuned,"Orange,Green,Green,Blue,Blue"
11867,fine-tuned,"Blue,Orange,Green,Green,Red"
11868,fine-tuned,"Orange,Purple,Blue,Purple,Red,Orange"
11869,fine-tuned,"Red,Orange,Red,Green,Red,Red"
11870,fine-tuned,"Orange,Red,Green,Red,Orange"
11871,fine-tuned,"Yellow,Orange,Green,Blue,Red,Red"
11872,fine-tuned,"Yellow,Green,Blue,Orange,Green"
11873,fine-tuned,"Blue,Red,Green,Red,Orange,Red"
11874,fine-tuned,"Orange,Blue,Blue,Green"
11875,fine-tuned,"Green,Blue,Red,Green,Red,Green"
11876,fine-tuned,"Green,Blue,Orange,Blue,Orange,Blue"
11877,fine-tuned,"Blue,Green,Orange,Blue"
11878,fine-tuned,"Blue,Red,Orange,Red"
11879,fine-tuned,"Red,Orange,Blue,Red,Blue"
11880,fine-tuned,"Purple,Red,Green,Green,Red"
11881,fine-tuned,"Red,Orange,Red"
11882,fine-tuned,"Green,Red,Orange,Green,Blue"
11883,fine-tuned,"Orange,Green,Red,Orange,Red,Red"
11884,fine-tuned,"Blue,Green,Green,Red,Green,Orange"
11885,fine-tuned,"Orange,Green,Blue,Purple,Blue,Red"
11886,fine-tuned,"Green,Orange,Blue,Red,Blue,Orange"
11887,fine-tuned,"Orange,Green,Red,Purple,Yellow,Red"
11888,fine-tuned,"Blue,Green,Orange,Red,Red,Red"
11889,fine-tuned,"Red,Green,Orange,Green"
11890,fine-tuned,"Blue,Red,Green,Orange,Green"
11891,fine-tuned,"Orange,Blue,Red,Purple,Green,Red"
11892,fine-tuned,"Green,Purple,Red,Purple,Green,Yellow"
11893,fine-tuned,"Blue,Blue,Green,Red,Red"
11894,fine-tuned,"Yellow,Blue,Green,Orange,Red,Green"
11895,fine-tuned,"Yellow,Green,Red,Blue,Green"
11896,fine-tuned,"Red,Blue,Orange,Blue,Green,Red"
11897,fine-tuned,"Green,Red,Red,Red"
11898,fine-tuned,"Green,Red,Orange,Blue,Blue,Red"
11899,fine-tuned,"Orange,Yellow,Purple,Blue,Red,Yellow"
11900,fine-tuned,"Red,Orange,Green,Blue,Blue"
11901,fine-tuned,"Red,Red"
11902,fine-tuned,"Green,Red,Blue,Red,Orange,Red"
11903,fine-tuned,"Orange,Green,Red,Blue,Red"
11904,fine-tuned,"Blue,Green,Orange,Red,Red"
11905,fine-tuned,"Blue,Green,Orange,Red,Red,Blue"
11906,fine-tuned,"Yellow,Green,Red,Green,Blue"
11907,fine-tuned,"Red,Green,Green,Orange,Orange,Blue"
11908,fine-tuned,"Blue,Red,Red,Blue,Orange,Red"
11909,fine-tuned,"Blue,Green,Blue,Red,Blue"
11910,fine-tuned,"Green,Red,Blue,Red"
11911,fine-tuned,"Orange,Red,Green,Blue,Orange"
11912,fine-tuned,"Green,Orange,Blue,Red"
11913,fine-tuned,"Yellow,Orange,Red,Blue"
11914,fine-tuned,"Orange,Blue,Yellow,Red,Green,Orange"
11915,fine-tuned,"Blue,Green,Orange,Red,Red,Red"
11916,fine-tuned,"Green,Blue,Blue,Red,Red,Green"
11917,fine-tuned,"Blue,Green,Blue,Red,Orange,Red"
11918,fine-tuned,"Red,Orange,Green,Red,Blue,Red"
11919,fine-tuned,"Green,Blue,Green,Orange"
11920,fine-tuned,"Blue,Red,Red,Green,Green"
11921,fine-tuned,"Red,Green,Blue,Orange,Red,Blue"
11922,fine-tuned,"Green,Red,Blue,Red,Blue,Orange"
11923,fine-tuned,"Purple,Green,Green,Blue,Red"
11924,fine-tuned,"Purple,Green,Blue,Red,Orange"
11925,fine-tuned,"Red,Orange,Blue,Green,Blue"
11926,fine-tuned,"Green,Blue,Green,Blue,Red,Red"
11927,fine-tuned,"Blue,Blue,Red,Green,Red"
11928,fine-tuned,"Yellow,Green,Red,Orange,Red,Green"
11929,fine-tuned,"Orange,Purple,Blue,Green,Green,Purple"
11930,fine-tuned,"Blue,Orange,Green,Red"
11931,fine-tuned,"Yellow,Green,Blue,Orange"
11932,fine-tuned,"Green,Blue,Orange,Blue,Green"
11933,fine-tuned,"Red,Red,Orange"
11934,fine-tuned,"Yellow,Orange,Green,Red,Blue"
11935,fine-tuned,"Yellow,Blue,Green,Green,Orange,Blue"
11936,fine-tuned,"Blue,Orange,Green,Blue,Orange"
11937,fine-tuned,"Purple,Green,Orange,Blue"
11938,fine-tuned,"Blue,Green,Orange,Red,Blue"
11939,fine-tuned,"Red,Blue,Green,Green"
11940,fine-tuned,"Yellow,Orange,Green"
11941,fine-tuned,"Orange,Green,Blue,Orange,Green"
11942,fine-tuned,"Blue,Green,Red,Green,Red"
11943,fine-tuned,"Orange,Red,Blue,Orange"
11944,fine-tuned,"Red,Orange,Orange,Green"
11945,fine-tuned,"Blue,Red,Green,Green,Red"
11946,fine-tuned,"Orange,Purple,Red,Blue,Green,Red"
11947,fine-tuned,"Blue,Orange,Orange,Orange,Green"
11948,fine-tuned,"Green,Red,Green,Red,Blue,Orange"
11949,fine-tuned,"Orange,Purple,Red,Red,Yellow,Green"
11950,fine-tuned,"Blue,Green,Red,Orange"
11951,fine-tuned,"Red,Orange,Blue,Green,Blue"
11952,fine-tuned,"Green,Blue,Blue,Orange,Orange"
11953,fine-tuned,"Red,Orange,Green,Red,Blue,Green"
11954,fine-tuned,"Blue,Green,Blue,Green"
11955,fine-tuned,"Orange,Green,Blue,Red,Green,Orange"
11956,fine-tuned,"Blue,Red,Orange,Green,Green,Red"
11957,fine-tuned,"Yellow,Blue,Red,Red,Blue,Green"
11958,fine-tuned,"Blue,Blue,Orange,Blue"
11959,fine-tuned,"Orange,Blue,Red,Red"
11960,fine-tuned,"Blue,Green,Red,Green"
11961,fine-tuned,"Blue,Orange,Green,Blue,Green"
11962,fine-tuned,"Purple,Blue,Orange,Green,Red"
11963,fine-tuned,"Orange,Green,Blue,Green,Red"
11964,fine-tuned,"Green,Red,Green,Red,Green,Orange"
11965,fine-tuned,"Blue,Green,Orange,Red,Green"
11966,fine-tuned,"Purple,Red,Orange,Blue,Green,Red"
11967,fine-tuned,"Blue,Green,Red,Orange"
11968,fine-tuned,"Yellow,Red,Blue,Green,Green,Blue"
11969,fine-tuned,"Red,Orange,Green,Blue,Green"
11970,fine-tuned,"Blue,Green,Orange,Orange,Red"
11971,fine-tuned,"Red,Orange,Blue,Green,Blue,Red"
11972,fine-tuned,"Green,Blue,Blue,Orange,Green,Orange"
11973,fine-tuned,"Blue,Red,Red,Orange,Blue,Green"
11974,fine-tuned,"Blue,Orange,Green,Green"
11975,fine-tuned,"Blue,Orange,Red,Green,Red"
11976,fine-tuned,"Red,Red,Red,Red,Green,Orange"
11977,fine-tuned,"Blue,Green,Orange,Red,Orange"
11978,fine-tuned,"Yellow,Green,Blue,Red,Orange"
11979,fine-tuned,"Blue,Green,Orange,Green,Orange,Red"
11980,fine-tuned,"Red,Blue,Green,Green,Red"
11981,fine-tuned,"Yellow,Red,Red,Green,Blue,Blue"
11982,fine-tuned,"Blue,Orange,Green,Orange,Red"
11983,fine-tuned,"Yellow,Orange,Blue,Green"
11984,fine-tuned,"Blue,Red,Green,Red,Green,Orange"
11985,fine-tuned,"Purple,Orange,Blue,Red,Green"
11986,fine-tuned,"Blue,Orange,Red,Green,Green"
11987,fine-tuned,"Green,Orange,Blue,Red,Red"
11988,fine-tuned,"Purple,Green,Orange,Red,Orange"
11989,fine-tuned,"Green,Red,Orange,Blue,Red,Green"
11990,fine-tuned,"Yellow,Orange,Red,Orange,Blue,Red"
11991,fine-tuned,"Yellow,Blue,Red,Green,Red"
11992,fine-tuned,"Red,Orange,Red,Green"
11993,fine-tuned,"Red,Green,Red,Blue,Red,Blue"
11994,fine-tuned,"Orange,Green,Blue"
11995,fine-tuned,"Blue,Orange,Red,Green,Orange"
11996,fine-tuned,"Orange,Red,Blue,Red,Orange,Blue"
11997,fine-tuned,"Purple,Green,Red,Blue,Green"
11998,fine-tuned,"Red,Green,Green,Orange,Red,Green"
11999,fine-tuned,"Red,Blue,Red,Green,Red,Orange"
12000,fine-tuned,"Blue,Orange,Green,Orange,Red"
12001,fine-tuned,"Green,Purple,Orange,Blue,Blue,Red"
12002,fine-tuned,"Yellow,Orange,Red,Blue"
12003,fine-tuned,"Green,Orange,Red,Red"
12004,fine-tuned,"Yellow,Green,Blue,Red,Blue"
12005,fine-tuned,"Yellow,Red,Red,Orange"
12006,fine-tuned,"Blue,Green,Orange,Red,Blue,Green"
12007,fine-tuned,"Yellow,Blue,Green,Red,Blue"
12008,fine-tuned,"Green,Red,Green,Blue,Orange,Blue"
12009,fine-tuned,"Green,Blue,Red,Blue,Orange,Green"
12010,fine-tuned,"Yellow,Orange,Green,Red,Green"
12011,fine-tuned,"Blue,Orange,Orange,Red,Blue"
12012,fine-tuned,"Green,Red,Blue,Orange"
12013,fine-tuned,"Red,Green,Blue,Green"
12014,fine-tuned,"Green,Red,Green,Orange,Blue"
12015,fine-tuned,"Green,Blue,Green,Blue"
12016,fine-tuned,"Red,Green,Orange,Red,Green"
12017,fine-tuned,"Yellow,Green,Red,Orange,Blue,Blue"
12018,fine-tuned,"Purple,Green,Orange,Red"
12019,fine-tuned,"Blue,Red,Green,Red,Red,Orange"
12020,fine-tuned,"Red,Blue,Green,Orange,Green,Red"
12021,fine-tuned,"Red,Orange,Green,Orange,Green"
12022,fine-tuned,"Green,Blue,Blue,Green,Red"
12023,fine-tuned,"Blue,Green,Red,Green"
12024,fine-tuned,"Red,Green,Orange,Orange"
12025,fine-tuned,"Red,Orange,Orange,Orange,Orange,Green"
12026,fine-tuned,"Blue,Green,Red,Red,Blue,Orange"
12027,fine-tuned,"Green,Orange,Blue,Red,Red,Blue"
12028,fine-tuned,"Red,Orange,Red,Green,Blue,Red"
12029,fine-tuned,"Green,Orange,Red,Blue,Red,Orange"
12030,fine-tuned,"Blue,Orange,Red,Green"
12031,fine-tuned,"Yellow,Green,Orange,Green,Blue,Green"
12032,fine-tuned,"Yellow,Orange,Red,Blue,Green,Red"
12033,fine-tuned,"Red,Green,Blue,Red,Blue"
12034,fine-tuned,"Orange,Red,Purple,Yellow,Purple,Yellow"
12035,fine-tuned,"Green,Blue,Red,Green,Red"
12036,fine-tuned,"Orange,Blue,Green,Yellow,Green,Red"
12037,fine-tuned,"Green,Orange,Orange,Blue,Red,Orange"
12038,fine-tuned,"Yellow,Orange,Green,Green,Red,Blue"
12039,fine-tuned,"Orange,Blue,Red,Green"
12040,fine-tuned,"Blue,Green,Red,Orange,Blue"
12041,fine-tuned,"Yellow,Green,Red,Green,Blue"
12042,fine-tuned,"Red,Orange,Orange,Green,Blue"
12043,fine-tuned,"Green,Red,Blue"
12044,fine-tuned,"Purple,Blue,Red,Red,Green"
12045,fine-tuned,"Blue,Green,Green,Green,Red"
12046,fine-tuned,"Purple,Blue,Green,Red,Red,Green"
12047,fine-tuned,"Blue,Orange,Orange,Green,Green"
12048,fine-tuned,"Purple,Green,Green,Blue,Green"
12049,fine-tuned,"Green,Red,Blue,Red,Blue,Orange"
12050,fine-tuned,"Yellow,Green,Orange,Green,Red"
12051,fine-tuned,"Yellow,Green,Blue,Red,Blue,Red"
12052,fine-tuned,"Green,Red,Red,Blue,Orange,Orange"
12053,fine-tuned,"Purple,Green,Blue,Red"
12054,fine-tuned,"Blue,Green,Blue,Orange"
12055,fine-tuned,"Yellow,Red,Red,Red,Orange"
12056,fine-tuned,"Red,Blue,Blue,Green,Orange"
12057,fine-tuned,"Green,Red,Orange,Red,Green,Blue"
12058,fine-tuned,"Purple,Blue,Orange,Green,Orange,Orange"
12059,fine-tuned,"Red,Red,Orange,Red"
12060,fine-tuned,"Purple,Orange,Blue,Blue,Green"
12061,fine-tuned,"Green,Blue,Red,Orange,Green"
12062,fine-tuned,"Green,Orange,Green,Red"
12063,fine-tuned,"Blue,Green,Blue,Green"
12064,fine-tuned,"Blue,Green,Red,Green,Red,Orange"
12065,fine-tuned,"Blue,Blue,Green,Orange,Blue"
12066,fine-tuned,"Green,Blue,Orange,Red,Red,Blue"
12067,fine-tuned,"Blue,Blue,Orange"
12068,fine-tuned,"Purple,Red,Blue,Blue,Green,Red"
12069,fine-tuned,"Red,Green,Red,Orange,Blue,Orange"
12070,fine-tuned,"Red,Orange,Green,Green,Blue"
12071,fine-tuned,"Blue,Orange,Red"
12072,fine-tuned,"Red,Blue,Orange,Red,Red,Blue"
12073,fine-tuned,"Yellow,Red,Red,Blue,Blue,Green"
12074,fine-tuned,"Yellow,Blue,Orange,Red"
12075,fine-tuned,"Green,Orange,Green,Blue,Orange"
12076,fine-tuned,"Green,Red,Red,Red,Green"
12077,fine-tuned,"Purple,Orange,Red,Green,Green"
12078,fine-tuned,"Green,Blue,Red,Blue"
12079,fine-tuned,"Blue,Red,Blue,Red,Green,Blue"
12080,fine-tuned,"Orange,Red,Red,Green,Orange,Red"
12081,fine-tuned,"Red,Blue,Green,Green"
12082,fine-tuned,"Green,Blue,Red,Red,Green"
12083,fine-tuned,"Blue,Orange,Green,Blue,Green"
12084,fine-tuned,"Red,Green,Blue,Green,Blue"
12085,fine-tuned,"Red,Blue,Green,Green,Orange"
12086,fine-tuned,"Red,Blue,Orange,Red,Red,Red"
12087,fine-tuned,"Purple,Blue,Green,Orange,Red"
12088,fine-tuned,"Red,Blue,Orange,Green,Green"
12089,fine-tuned,"Red,Orange,Blue,Green,Orange"
12090,fine-tuned,"Green,Orange,Green,Blue,Blue"
12091,fine-tuned,"Red,Orange,Green,Blue,Red,Green"
12092,fine-tuned,"Orange,Red,Blue,Green,Green,Green"
12093,fine-tuned,"Yellow,Blue,Green,Blue,Red"
12094,fine-tuned,"Blue,Orange,Red,Orange"
12095,fine-tuned,"Red,Orange,Orange,Orange"
12096,fine-tuned,"Yellow,Blue,Red,Green,Red,Green"
12097,fine-tuned,"Orange,Purple,Blue,Green,Purple,Red"
12098,fine-tuned,"Blue,Orange,Red,Green,Green"
12099,fine-tuned,"Yellow,Green,Blue,Blue,Green,Blue"
12100,fine-tuned,"Red,Blue,Blue,Blue"
12101,fine-tuned,"Green,Blue,Red,Orange,Orange"
12102,fine-tuned,"Blue,Blue,Blue,Green,Red,Orange"
12103,fine-tuned,"Yellow,Blue,Green,Red,Green"
12104,fine-tuned,"Yellow,Blue,Blue,Red,Red,Green"
12105,fine-tuned,"Yellow,Orange,Blue,Red"
12106,fine-tuned,"Purple,Green,Red,Red,Blue,Orange"
12107,fine-tuned,"Orange,Yellow,Green,Yellow,Purple,Purple"
12108,fine-tuned,"Green,Red,Green,Red,Blue"
12109,fine-tuned,"Yellow,Blue,Red,Green,Orange"
12110,fine-tuned,"Red,Orange,Orange,Red,Blue,Green"
12111,fine-tuned,"Blue,Orange,Blue,Green,Red"
12112,fine-tuned,"Red,Orange,Blue,Red,Blue,Red"
12113,fine-tuned,"Green,Red,Green,Blue"
12114,fine-tuned,"Purple,Green,Blue,Red,Red"
12115,fine-tuned,"Blue,Orange,Green,Red,Blue"
12116,fine-tuned,"Purple,Red,Blue,Orange,Red"
12117,fine-tuned,"Green,Blue,Orange,Green,Red"
12118,fine-tuned,"Green,Red,Blue,Green,Red,Blue"
12119,fine-tuned,"Red,Orange,Red,Blue,Red"
12120,fine-tuned,"Green,Blue,Orange,Green,Red,Blue"
12121,fine-tuned,"Green,Green,Orange,Green,Blue,Green"
12122,fine-tuned,"Blue,Green,Orange,Red,Green,Blue"
12123,fine-tuned,"Yellow,Blue,Green,Orange"
12124,fine-tuned,"Blue,Orange"
12125,fine-tuned,"Blue,Orange,Green,Red"
12126,fine-tuned,"Yellow,Green,Red,Orange,Red,Blue"
12127,fine-tuned,"Green,Blue,Red,Orange,Green,Blue"
12128,fine-tuned,"Red,Green,Orange,Green"
12129,fine-tuned,"Red,Blue,Green,Red,Blue"
12130,fine-tuned,"Blue,Orange,Blue,Orange,Green"
12131,fine-tuned,"Yellow,Blue,Green,Red,Orange,Red"
12132,fine-tuned,"Blue,Orange,Red,Blue"
12133,fine-tuned,"Red,Green,Blue,Orange,Green,Orange"
12134,fine-tuned,"Blue,Green,Orange,Green"
12135,fine-tuned,"Green,Green,Green,Red,Red"
12136,fine-tuned,"Blue,Green,Blue,Blue,Orange"
12137,fine-tuned,"Yellow,Blue,Green,Red,Green"
12138,fine-tuned,"Red,Blue,Green,Orange,Red,Green"
12139,fine-tuned,"Orange,Yellow,Blue,Purple,Red,Orange"
12140,fine-tuned,"Red,Blue,Green,Blue,Orange,Green"
12141,fine-tuned,"Blue,Red,Green,Red,Blue,Red"
12142,fine-tuned,"Purple,Orange"
12143,fine-tuned,"Green,Red,Red,Blue,Red,Blue"
12144,fine-tuned,"Red,Blue,Green,Orange,Red,Blue"
12145,fine-tuned,"Purple,Green,Red,Blue,Orange,Red"
12146,fine-tuned,"Yellow,Green,Red,Red,Red"
12147,fine-tuned,"Orange,Blue,Green,Red,Green"
12148,fine-tuned,"Green,Blue,Orange,Green"
12149,fine-tuned,"Purple,Green,Blue,Green,Orange,Green"
12150,fine-tuned,"Blue,Orange,Green,Orange"
12151,fine-tuned,"Green,Orange,Red,Blue"
12152,fine-tuned,"Blue,Red,Red,Orange,Green"
12153,fine-tuned,"Blue,Green,Red,Red,Blue,Orange"
12154,fine-tuned,"Red,Orange,Green,Green,Green"
12155,fine-tuned,"Yellow,Green,Blue,Orange,Red,Orange"
12156,fine-tuned,"Yellow,Blue,Green,Green,Red"
12157,fine-tuned,"Blue,Orange,Red,Green,Blue"
12158,fine-tuned,"Green,Red,Orange,Red,Green"
12159,fine-tuned,"Green,Blue,Red,Blue,Orange,Blue"
12160,fine-tuned,"Blue,Green,Red,Blue"
12161,fine-tuned,"Red,Blue,Orange,Green"
12162,fine-tuned,"Red,Blue,Orange,Red,Orange,Blue"
12163,fine-tuned,"Blue,Red,Green,Orange"
12164,fine-tuned,"Yellow,Red,Green,Blue,Blue,Red"
12165,fine-tuned,"Red,Red,Orange,Blue,Green,Green"
12166,fine-tuned,"Blue,Green,Green,Red,Red"
12167,fine-tuned,"Blue,Green,Orange,Red,Blue,Blue"
12168,fine-tuned,"Blue,Orange,Green,Green"
12169,fine-tuned,"Green,Orange,Blue,Red,Green,Orange"
12170,fine-tuned,"Purple,Green,Blue,Orange,Red"
12171,fine-tuned,"Blue,Orange,Orange,Red,Green,Green"
12172,fine-tuned,Red
12173,fine-tuned,"Blue,Orange,Blue,Green,Orange"
12174,fine-tuned,"Green,Orange,Red,Blue,Green,Red"
12175,fine-tuned,"Green,Orange,Blue,Red"
12176,fine-tuned,"Red,Blue,Orange"
12177,fine-tuned,"Yellow,Green,Orange,Red,Blue,Green"
12178,fine-tuned,"Red,Blue,Green,Green,Blue"
12179,fine-tuned,"Purple,Green,Blue,Green"
12180,fine-tuned,"Red,Green,Blue,Red"
12181,fine-tuned,"Red,Blue,Orange,Blue,Green,Green"
12182,fine-tuned,"Blue,Orange,Red,Green,Green,Orange"
12183,fine-tuned,"Purple,Red,Blue,Green,Orange,Blue"
12184,fine-tuned,"Orange,Red,Blue,Blue"
12185,fine-tuned,"Blue,Orange,Green,Blue,Red,Orange"
12186,fine-tuned,"Blue,Green,Red,Green,Red"
12187,fine-tuned,"Orange,Green,Green,Blue"
12188,fine-tuned,"Green,Red,Red,Blue,Blue,Orange"
12189,fine-tuned,"Yellow,Green,Green,Green,Orange,Red"
12190,fine-tuned,"Blue,Orange,Green,Red,Blue"
12191,fine-tuned,"Green,Red,Blue,Orange,Red"
12192,fine-tuned,"Orange,Blue,Green,Red,Green"
12193,fine-tuned,"Blue,Red,Green,Green,Orange"
12194,fine-tuned,"Blue,Green,Blue,Orange"
12195,fine-tuned,"Yellow,Green,Blue,Orange,Blue,Red"
12196,fine-tuned,"Purple,Green,Green"
12197,fine-tuned,"Red,Blue,Blue,Red,Red"
12198,fine-tuned,"Blue,Orange,Orange,Blue,Green,Red"
12199,fine-tuned,"Red,Green,Orange,Red,Blue"
12200,fine-tuned,"Blue,Red,Orange,Blue,Red"
12201,fine-tuned,"Blue,Red,Red,Green,Green,Red"
12202,fine-tuned,"Yellow,Red,Green,Green,Orange,Blue"
12203,fine-tuned,"Blue,Green,Blue,Red"
12204,fine-tuned,"Blue,Red,Red,Green"
12205,fine-tuned,"Red,Blue,Orange"
12206,fine-tuned,"Red,Blue,Orange,Blue"
12207,fine-tuned,"Green,Green,Red,Blue,Green"
12208,fine-tuned,"Green,Blue,Blue,Blue,Red"
12209,fine-tuned,"Orange,Red,Blue,Red,Blue"
12210,fine-tuned,"Red,Orange,Blue,Red"
12211,fine-tuned,"Yellow,Green,Blue,Red,Red,Blue"
12212,fine-tuned,"Blue,Orange"
12213,fine-tuned,"Yellow,Orange,Red,Green"
12214,fine-tuned,"Red,Blue,Green,Red,Green"
12215,fine-tuned,"Yellow,Blue,Green,Blue,Orange"
12216,fine-tuned,"Blue,Orange,Green,Orange"
12217,fine-tuned,"Blue,Orange,Green,Red"
12218,fine-tuned,"Red,Red,Red,Red,Red,Green"
12219,fine-tuned,"Green,Blue,Green,Red,Orange,Green"
12220,fine-tuned,"Green,Blue,Blue,Orange,Green,Blue"
12221,fine-tuned,"Green,Red,Red,Orange,Red,Orange"
12222,fine-tuned,"Red,Orange,Blue,Green,Orange"
12223,fine-tuned,"Green,Blue,Red,Blue,Red"
12224,fine-tuned,"Yellow,Green,Orange,Green,Red"
12225,fine-tuned,"Blue,Green,Orange,Red,Green"
12226,fine-tuned,"Red,Blue,Green,Red,Green,Green"
12227,fine-tuned,"Green,Red,Green,Orange"
12228,fine-tuned,"Orange,Blue,Green,Green,Red"
12229,fine-tuned,"Blue,Green,Orange,Green,Green,Orange"
12230,fine-tuned,"Green,Blue,Green,Red,Green,Blue"
12231,fine-tuned,"Orange,Purple,Green,Blue,Purple,Orange"
12232,fine-tuned,"Yellow,Blue,Green"
12233,fine-tuned,"Red,Orange,Green,Blue,Red"
12234,fine-tuned,"Purple,Blue,Green,Blue,Orange"
12235,fine-tuned,"Orange,Blue,Blue,Red,Red"
12236,fine-tuned,"Yellow,Orange,Orange,Blue,Red,Orange"
12237,fine-tuned,"Green,Orange,Red,Red,Green,Red"
12238,fine-tuned,"Yellow,Orange,Green,Green"
12239,fine-tuned,"Blue,Red,Orange,Green,Red"
12240,fine-tuned,"Red,Green,Red,Orange,Orange"
12241,fine-tuned,"Green,Red,Red,Green"
12242,fine-tuned,"Yellow,Red,Blue,Green,Green,Green"
12243,fine-tuned,"Orange,Blue,Green,Blue,Red,Yellow"
12244,fine-tuned,"Red,Orange,Red,Orange,Blue"
12245,fine-tuned,"Purple,Green,Green,Red,Red"
12246,fine-tuned,"Orange,Red,Blue,Red,Red,Blue"
12247,fine-tuned,"Red,Green,Red,Green,Blue,Blue"
12248,fine-tuned,"Green,Blue,Red,Green,Blue"
12249,fine-tuned,"Blue,Green,Orange,Red,Orange"
12250,fine-tuned,"Green,Red,Red,Green"
12251,fine-tuned,"Yellow,Red,Blue,Red,Orange,Blue"
12252,fine-tuned,"Blue,Orange,Blue"
12253,fine-tuned,"Blue,Yellow,Orange,Red,Green,Orange"
12254,fine-tuned,"Blue,Green,Red,Red,Orange,Blue"
12255,fine-tuned,"Purple,Blue,Orange,Blue"
12256,fine-tuned,"Green,Blue,Blue,Orange"
12257,fine-tuned,"Yellow,Orange,Blue,Green,Orange"
12258,fine-tuned,"Yellow,Orange,Green,Blue,Green,Red"
12259,fine-tuned,"Red,Green,Blue,Orange,Blue,Red"
12260,fine-tuned,"Yellow,Blue,Green,Red,Red,Blue"
12261,fine-tuned,"Yellow,Green,Orange,Orange"
12262,fine-tuned,"Red,Orange,Blue,Red"
12263,fine-tuned,"Blue,Green,Red,Orange,Blue"
12264,fine-tuned,"Blue,Green,Green"
12265,fine-tuned,"Blue,Green,Red,Orange,Green,Blue"
12266,fine-tuned,"Blue,Green,Red,Orange,Orange,Red"
12267,fine-tuned,"Yellow,Red,Red,Red,Orange,Blue"
12268,fine-tuned,"Blue,Red,Red,Orange,Green"
12269,fine-tuned,"Green,Blue,Red"
12270,fine-tuned,"Red,Orange,Red,Blue,Blue"
12271,fine-tuned,"Blue,Green,Orange,Red,Green,Green"
12272,fine-tuned,"Red,Red,Green,Red"
12273,fine-tuned,"Orange,Green,Yellow,Purple,Blue,Red"
12274,fine-tuned,"Blue,Green,Green,Red,Orange"
12275,fine-tuned,"Green,Blue,Blue,Green"
12276,fine-tuned,"Orange,Green,Orange,Green,Red,Red"
12277,fine-tuned,"Blue,Green,Orange,Green,Orange"
12278,fine-tuned,"Yellow,Green,Blue,Orange,Red,Blue"
12279,fine-tuned,"Blue,Red,Orange,Red,Green,Orange"
12280,fine-tuned,"Blue,Red,Green,Green,Orange"
12281,fine-tuned,"Blue,Red,Blue,Green,Orange,Green"
12282,fine-tuned,"Orange,Blue,Green,Orange"
12283,fine-tuned,"Red,Blue,Green,Blue"
12284,fine-tuned,"Green,Red,Green,Blue,Orange,Green"
12285,fine-tuned,"Red,Orange,Green,Orange"
12286,fine-tuned,"Blue,Blue,Red,Red,Green"
12287,fine-tuned,"Green,Orange,Blue,Red,Green,Green"
12288,fine-tuned,"Blue,Orange,Green,Red,Green,Red"
12289,fine-tuned,"Purple,Blue,Orange,Blue,Red"
12290,fine-tuned,"Yellow,Blue,Green,Green,Red"
12291,fine-tuned,"Green,Blue,Green,Green,Orange"
12292,fine-tuned,"Orange,Green,Green,Blue,Red"
12293,fine-tuned,"Blue,Red,Orange,Green,Red,Blue"
12294,fine-tuned,"Yellow,Green,Purple,Blue,Red,Green"
12295,fine-tuned,"Orange,Red,Blue,Orange,Red,Orange"
12296,fine-tuned,"Red,Orange,Green,Blue,Red"
12297,fine-tuned,"Red,Green,Orange,Red,Green,Red"
12298,fine-tuned,"Blue,Orange,Orange,Green,Green,Blue"
12299,fine-tuned,"Yellow,Orange,Orange"
12300,fine-tuned,"Blue,Orange,Green,Red,Red"
12301,fine-tuned,"Yellow,Orange,Green,Red,Red,Blue"
12302,fine-tuned,"Blue,Green,Red,Green,Blue"
12303,fine-tuned,"Red,Green,Orange,Blue,Orange,Blue"
12304,fine-tuned,"Red,Green,Green,Blue,Blue"
12305,fine-tuned,"Blue,Red,Green,Green,Green"
12306,fine-tuned,"Green,Red,Blue,Blue,Red,Red"
12307,fine-tuned,"Green,Red,Red,Green,Orange,Blue"
12308,fine-tuned,"Blue,Orange,Green,Red"
12309,fine-tuned,"Yellow,Orange,Red,Green"
12310,fine-tuned,"Blue,Orange,Red,Red,Green"
12311,fine-tuned,"Yellow,Green,Blue,Green"
12312,fine-tuned,"Red,Red,Green,Orange,Green,Red"
12313,fine-tuned,"Green,Blue,Red,Blue,Orange,Green"
12314,fine-tuned,"Blue,Green,Orange,Red,Blue"
12315,fine-tuned,"Yellow,Red,Green,Red,Green"
12316,fine-tuned,"Purple,Orange,Blue"
12317,fine-tuned,"Blue,Red,Orange,Green,Green,Blue"
12318,fine-tuned,"Blue,Orange,Green,Green,Red"
12319,fine-tuned,"Yellow,Red,Blue,Red,Orange,Blue"
12320,fine-tuned,"Orange,Blue,Red,Blue"
12321,fine-tuned,"Orange,Green,Red,Blue"
12322,fine-tuned,"Yellow,Orange,Green,Green,Blue,Green"
12323,fine-tuned,"Red,Green,Green,Orange,Green,Red"
12324,fine-tuned,"Orange,Red,Green"
12325,fine-tuned,"Orange,Blue"
12326,fine-tuned,"Yellow,Green,Red,Blue,Orange"
12327,fine-tuned,"Blue,Orange,Green,Green"
12328,fine-tuned,"Blue,Orange,Blue,Green,Red,Green"
12329,fine-tuned,"Yellow,Blue,Green,Orange,Red,Blue"
12330,fine-tuned,"Blue,Green,Green,Orange,Red"
12331,fine-tuned,"Green,Blue,Orange,Green"
12332,fine-tuned,"Yellow,Orange,Blue,Red,Red,Green"
12333,fine-tuned,"Orange,Blue,Blue"
12334,fine-tuned,"Blue,Red,Green,Red,Orange,Orange"
12335,fine-tuned,"Yellow,Green,Blue,Blue,Orange"
12336,fine-tuned,"Red,Blue,Orange,Orange"
12337,fine-tuned,"Orange,Green,Red,Blue,Red"
12338,fine-tuned,"Red,Blue,Orange,Blue,Orange,Orange"
12339,fine-tuned,"Yellow,Green,Red,Orange,Red,Blue"
12340,fine-tuned,"Yellow,Blue,Orange"
12341,fine-tuned,"Red,Orange,Green,Blue,Green,Red"
12342,fine-tuned,"Yellow,Red,Green,Orange,Red,Orange"
12343,fine-tuned,"Yellow,Red,Green,Blue,Blue,Orange"
12344,fine-tuned,"Blue,Red,Green,Blue,Green,Orange"
12345,fine-tuned,"Orange,Blue,Blue,Red,Orange"
12346,fine-tuned,"Blue,Orange,Red,Green,Blue"
12347,fine-tuned,"Orange,Yellow,Green,Green,Purple,Yellow"
12348,fine-tuned,"Red,Blue,Orange,Blue"
12349,fine-tuned,"Orange,Blue,Green,Purple,Red,Red"
12350,fine-tuned,"Green,Red,Orange,Orange,Green,Red"
12351,fine-tuned,"Blue,Green,Red,Green"
12352,fine-tuned,"Orange,Red,Orange,Green"
12353,fine-tuned,"Green,Red,Red,Red,Orange"
12354,fine-tuned,"Blue,Green,Green,Blue,Orange"
12355,fine-tuned,"Red,Orange,Blue,Green,Orange,Green"
12356,fine-tuned,"Blue,Red,Green,Red,Red"
12357,fine-tuned,"Yellow,Orange,Blue,Orange,Blue,Green"
12358,fine-tuned,"Orange,Purple,Green,Yellow,Green,Blue"
12359,fine-tuned,"Orange,Green,Green,Blue,Orange"
12360,fine-tuned,"Blue,Red,Green,Orange,Red,Green"
12361,fine-tuned,"Blue,Green,Blue,Blue,Green"
12362,fine-tuned,"Yellow,Orange,Red,Blue,Orange"
12363,fine-tuned,"Yellow,Red,Orange,Red,Green,Orange"
12364,fine-tuned,"Orange,Green,Blue,Green,Green"
12365,fine-tuned,"Blue,Red,Orange,Green,Red,Orange"
12366,fine-tuned,"Red,Green,Red"
12367,fine-tuned,"Blue,Green,Red,Red,Orange,Orange"
12368,fine-tuned,"Orange,Green,Green,Purple,Red,Purple"
12369,fine-tuned,"Green,Yellow,Orange,Blue,Orange,Blue"
12370,fine-tuned,"Purple,Orange,Red,Green,Green,Blue"
12371,fine-tuned,"Green,Orange,Orange,Red,Blue,Green"
12372,fine-tuned,"Red,Orange,Blue,Green"
12373,fine-tuned,"Green,Green,Blue,Orange,Green"
12374,fine-tuned,"Blue,Orange,Green,Green,Red,Orange"
12375,fine-tuned,"Yellow,Blue,Blue,Green"
12376,fine-tuned,"Red,Red,Blue"
12377,fine-tuned,"Yellow,Blue,Blue,Orange,Red,Green"
12378,fine-tuned,"Orange,Blue,Red,Red,Green,Blue"
12379,fine-tuned,"Purple,Blue,Orange,Green"
12380,fine-tuned,"Yellow,Blue,Red,Orange,Red,Blue"
12381,fine-tuned,"Green,Red,Blue,Red,Green"
12382,fine-tuned,"Orange,Green,Blue,Purple,Green,Orange"
12383,fine-tuned,"Blue,Red,Red,Green"
12384,fine-tuned,"Red,Blue,Green,Green,Blue,Red"
12385,fine-tuned,"Yellow,Blue,Red,Blue,Red"
12386,fine-tuned,"Red,Blue,Orange,Blue,Green,Green"
12387,fine-tuned,"Orange,Red,Green,Green,Green,Red"
12388,fine-tuned,"Red,Blue,Orange,Orange,Green"
12389,fine-tuned,"Yellow,Blue,Green,Red,Orange,Red"
12390,fine-tuned,"Orange,Blue,Green,Red"
12391,fine-tuned,"Purple,Blue,Red,Green,Blue,Red"
12392,fine-tuned,"Blue,Orange,Red,Green,Red"
12393,fine-tuned,"Blue,Green,Blue,Orange,Red"
12394,fine-tuned,"Blue,Orange,Green,Blue,Orange"
12395,fine-tuned,"Blue,Orange,Green,Blue"
12396,fine-tuned,"Red,Green,Red,Blue,Blue"
12397,fine-tuned,"Green,Red,Blue,Orange,Blue,Green"
12398,fine-tuned,"Purple,Orange,Blue,Green,Red,Red"
12399,fine-tuned,"Green,Red,Orange,Blue"
12400,fine-tuned,"Green,Red,Blue,Blue,Green,Green"
12401,fine-tuned,"Yellow,Green,Red,Blue"
12402,fine-tuned,"Red,Orange,Green,Green,Blue,Red"
12403,fine-tuned,"Red,Green,Orange,Red,Orange"
12404,fine-tuned,"Blue,Green,Green,Red,Orange"
12405,fine-tuned,"Orange,Blue,Red,Green"
12406,fine-tuned,"Blue,Blue,Green,Green"
12407,fine-tuned,"Red,Blue,Blue,Red"
12408,fine-tuned,"Green,Red,Red,Green,Red"
12409,fine-tuned,"Red,Green,Orange,Blue,Red,Green"
12410,fine-tuned,"Purple,Blue,Orange,Green"
12411,fine-tuned,"Blue,Green,Red,Blue,Orange,Orange"
12412,fine-tuned,"Blue,Red,Green,Red,Red,Red"
12413,fine-tuned,"Red,Green,Green"
12414,fine-tuned,"Purple,Orange,Red,Blue,Blue,Green"
12415,fine-tuned,"Blue,Red,Green,Green,Red,Blue"
12416,fine-tuned,"Green,Orange,Red,Green,Orange"
12417,fine-tuned,"Red,Orange,Red,Orange"
12418,fine-tuned,"Red,Green,Red,Green"
12419,fine-tuned,"Blue,Green,Red,Green,Orange,Red"
12420,fine-tuned,"Blue,Green,Red,Blue"
12421,fine-tuned,"Yellow,Orange,Blue,Green,Red"
12422,fine-tuned,"Yellow,Blue,Blue,Orange,Blue"
12423,fine-tuned,"Green,Blue,Orange"
12424,fine-tuned,"Orange,Blue,Red,Green,Green"
12425,fine-tuned,"Green,Red,Blue,Red,Green,Orange"
12426,fine-tuned,"Green,Red,Orange,Green,Orange,Blue"
12427,fine-tuned,"Yellow,Red,Red,Orange"
12428,fine-tuned,"Yellow,Red,Green,Orange,Green"
12429,fine-tuned,"Purple,Orange,Blue,Red,Green"
12430,fine-tuned,"Purple,Orange,Green,Blue,Green,Blue"
12431,fine-tuned,"Yellow,Blue,Green,Red,Green,Red"
12432,fine-tuned,"Green,Orange,Green,Red"
12433,fine-tuned,"Green,Blue,Orange,Red,Green"
12434,fine-tuned,"Yellow,Orange,Red,Red,Blue,Red"
12435,fine-tuned,"Blue,Red,Red,Green,Red,Red"
12436,fine-tuned,"Orange,Red,Green,Blue,Red,Blue"
12437,fine-tuned,"Red,Green,Green,Orange"
12438,fine-tuned,"Blue,Red,Orange,Red"
12439,fine-tuned,"Green,Red,Blue,Green"
12440,fine-tuned,"Green,Blue,Red,Red"
12441,fine-tuned,"Purple,Green,Blue,Red,Red,Orange"
12442,fine-tuned,"Blue,Green,Blue,Green"
12443,fine-tuned,"Orange,Red,Blue,Green,Green"
12444,fine-tuned,"Red,Blue,Blue"
12445,fine-tuned,"Purple,Blue,Green,Red,Orange"
12446,fine-tuned,"Red,Orange,Blue,Blue,Green"
12447,fine-tuned,"Blue,Orange,Blue,Orange"
12448,fine-tuned,"Green,Orange,Green,Red,Blue,Green"
12449,fine-tuned,"Green,Red,Blue,Blue,Red"
12450,fine-tuned,"Yellow,Orange,Blue,Red,Blue,Green"
12451,fine-tuned,"Blue,Orange,Red,Green,Red,Red"
12452,fine-tuned,"Blue,Green,Red,Red,Red"
12453,fine-tuned,"Blue,Red,Orange,Red,Green"
12454,fine-tuned,"Yellow,Blue,Green,Red,Green,Green"
12455,fine-tuned,"Green,Blue,Red,Orange,Red,Orange"
12456,fine-tuned,"Orange,Blue,Purple,Green,Green,Red"
12457,fine-tuned,"Yellow,Blue,Red,Green,Orange,Red"
12458,fine-tuned,"Blue,Green,Green,Red"
12459,fine-tuned,"Yellow,Red,Red,Blue,Orange,Red"
12460,fine-tuned,"Yellow,Orange,Blue,Red,Green"
12461,fine-tuned,"Yellow,Orange,Red,Green,Red"
12462,fine-tuned,"Blue,Orange,Red,Green"
12463,fine-tuned,"Red,Green,Blue,Red,Red,Blue"
12464,fine-tuned,"Green,Red,Red,Blue,Red,Blue"
12465,fine-tuned,"Red,Green,Red,Orange,Blue,Green"
12466,fine-tuned,"Yellow,Orange,Green,Red,Blue"
12467,fine-tuned,"Yellow,Orange,Blue,Blue"
12468,fine-tuned,"Orange,Green,Red,Green"
12469,fine-tuned,"Purple,Green,Red,Green"
12470,fine-tuned,"Blue,Red,Green,Red,Red,Green"
12471,fine-tuned,"Green,Blue,Orange,Orange"
12472,fine-tuned,"Blue,Red,Red,Green,Orange,Red"
12473,fine-tuned,"Red,Orange,Green,Red,Blue,Red"
12474,fine-tuned,"Purple,Blue,Red,Orange,Blue"
12475,fine-tuned,"Green,Red,Orange,Blue,Red,Red"
12476,fine-tuned,"Yellow,Green,Orange,Blue,Red,Blue"
12477,fine-tuned,"Yellow,Orange,Orange,Green,Blue"
12478,fine-tuned,"Blue,Green,Red,Orange,Orange,Red"
12479,fine-tuned,"Green,Blue,Blue,Red,Orange,Red"
12480,fine-tuned,"Blue,Orange,Red,Red,Red,Red"
12481,fine-tuned,"Orange,Green,Red,Green,Blue,Green"
12482,fine-tuned,"Green,Blue,Red"
12483,fine-tuned,"Purple,Orange,Blue,Red,Green,Blue"
12484,fine-tuned,"Blue,Green,Green,Green"
12485,fine-tuned,"Green,Orange,Red,Blue,Red,Green"
12486,fine-tuned,"Orange,Red,Green,Blue,Red"
12487,fine-tuned,"Green,Orange,Green,Orange,Red"
12488,fine-tuned,"Green,Orange,Blue,Green,Blue,Green"
12489,fine-tuned,"Red,Green,Orange,Green,Orange"
12490,fine-tuned,"Blue,Orange,Red,Red,Green"
12491,fine-tuned,"Yellow,Blue,Orange,Orange"
12492,fine-tuned,"Green,Orange,Blue,Green"
12493,fine-tuned,"Blue,Blue,Red,Green,Green"
12494,fine-tuned,"Blue,Red,Green"
12495,fine-tuned,"Blue,Red,Orange,Green,Red"
12496,fine-tuned,"Purple,Green,Red,Red,Orange"
12497,fine-tuned,"Orange,Green,Blue,Red,Orange,Blue"
12498,fine-tuned,"Blue,Orange,Green,Green,Green,Red"
12499,fine-tuned,"Green,Blue,Blue,Red,Green"
12500,fine-tuned,"Blue,Orange,Green,Red"
12501,fine-tuned,"Yellow,Red,Green,Blue,Blue"
12502,fine-tuned,"Orange,Blue,Blue,Red,Green"
12503,fine-tuned,"Purple,Orange,Orange,Blue,Green,Green"
12504,fine-tuned,"Purple,Green,Red,Blue,Orange"
12505,fine-tuned,"Yellow,Blue,Green,Orange,Orange,Blue"
12506,fine-tuned,"Blue,Red,Orange,Green"
12507,fine-tuned,"Orange,Purple,Yellow,Green,Blue,Blue"
12508,fine-tuned,"Purple,Blue,Red,Blue,Orange"
12509,fine-tuned,"Green,Red,Blue,Red"
12510,fine-tuned,"Orange,Green,Red,Blue,Red,Green"
12511,fine-tuned,"Yellow,Red,Blue,Red,Green"
12512,fine-tuned,"Yellow,Orange,Blue,Green,Red,Green"
12513,fine-tuned,"Orange,Purple,Blue,Blue,Red,Red"
12514,fine-tuned,"Red,Orange,Red,Green,Green"
12515,fine-tuned,"Red,Green,Blue"
12516,fine-tuned,"Green,Blue,Green,Blue"
12517,fine-tuned,"Green,Green,Red"
12518,fine-tuned,"Purple,Green,Blue,Red,Blue,Red"
12519,fine-tuned,"Blue,Orange,Orange,Green,Green"
12520,fine-tuned,"Blue,Red,Orange,Blue,Orange"
12521,fine-tuned,"Orange,Green,Green,Blue"
12522,fine-tuned,"Purple,Orange,Green,Red,Blue,Red"
12523,fine-tuned,"Yellow,Orange,Red,Orange,Blue,Red"
12524,fine-tuned,"Orange,Green,Green,Orange,Blue,Blue"
12525,fine-tuned,"Green,Blue,Green,Orange,Green,Orange"
12526,fine-tuned,"Blue,Orange,Blue,Red,Orange"
12527,fine-tuned,"Blue,Orange,Red,Green,Blue,Green"
12528,fine-tuned,"Red,Red,Orange,Orange,Red,Blue"
12529,fine-tuned,"Blue,Green,Red,Red,Orange"
12530,fine-tuned,"Red,Orange,Orange,Green,Green,Green"
12531,fine-tuned,"Yellow,Red,Blue,Orange,Red,Green"
12532,fine-tuned,"Red,Blue,Orange,Orange"
12533,fine-tuned,"Yellow,Green,Orange,Red,Blue,Red"
12534,fine-tuned,"Blue,Red,Green,Green"
12535,fine-tuned,"Red,Red,Blue"
12536,fine-tuned,"Blue,Orange,Orange,Green,Red"
12537,fine-tuned,"Red,Orange,Blue,Blue,Orange"
12538,fine-tuned,"Green,Orange,Blue,Green"
12539,fine-tuned,"Orange,Red,Red,Green,Green"
12540,fine-tuned,"Red,Green,Green,Green,Blue,Red"
12541,fine-tuned,"Blue,Green,Red,Orange,Green"
12542,fine-tuned,"Blue,Orange,Orange,Red,Orange,Orange"
12543,fine-tuned,"Green,Blue,Orange,Blue,Red,Blue"
12544,fine-tuned,"Purple,Green,Orange,Blue,Red"
12545,fine-tuned,"Blue,Green,Green,Orange"
12546,fine-tuned,"Red,Red,Red"
12547,fine-tuned,"Green,Blue,Blue,Blue,Orange"
12548,fine-tuned,"Green,Red,Red,Green,Green,Red"
12549,fine-tuned,"Blue,Green,Orange,Green,Red"
12550,fine-tuned,"Purple,Orange,Green,Blue,Red"
12551,fine-tuned,"Blue,Green,Green,Red,Orange,Blue"
12552,fine-tuned,"Blue,Green,Orange,Green,Orange"
12553,fine-tuned,"Blue,Orange,Red,Blue"
12554,fine-tuned,"Yellow,Red,Orange,Blue,Orange,Blue"
12555,fine-tuned,"Blue,Green,Green,Green,Red"
12556,fine-tuned,"Yellow,Red,Blue,Green,Blue,Green"
12557,fine-tuned,"Yellow,Blue,Green,Orange,Red,Blue"
12558,fine-tuned,"Purple,Blue,Orange,Blue"
12559,fine-tuned,"Green,Orange,Orange,Blue"
12560,fine-tuned,"Red,Blue,Green,Red,Green,Orange"
12561,fine-tuned,"Red,Orange,Blue,Green,Orange"
12562,fine-tuned,"Purple,Orange"
12563,fine-tuned,"Blue,Green,Red,Red,Blue"
12564,fine-tuned,"Green,Orange,Green"
12565,fine-tuned,"Red,Red,Green,Orange,Blue,Red"
12566,fine-tuned,"Green,Blue,Red,Red,Orange"
12567,fine-tuned,"Yellow,Red,Green,Red,Blue"
12568,fine-tuned,"Yellow,Orange,Red"
12569,fine-tuned,"Red,Blue,Orange,Green"
12570,fine-tuned,"Purple,Red,Blue,Orange,Blue"
12571,fine-tuned,"Red,Green,Orange,Blue,Green,Red"
12572,fine-tuned,"Yellow,Blue,Orange,Green,Red,Orange"
12573,fine-tuned,"Red,Orange,Green,Red,Red"
12574,fine-tuned,"Red,Green,Orange,Red"
12575,fine-tuned,"Purple,Red,Blue,Green,Red"
12576,fine-tuned,"Green,Orange,Blue,Red"
12577,fine-tuned,"Orange,Blue,Yellow,Blue,Purple,Green"
12578,fine-tuned,"Green,Orange,Green,Blue,Blue"
12579,fine-tuned,"Blue,Green,Orange,Green"
12580,fine-tuned,"Yellow,Red,Green,Green,Blue,Red"
12581,fine-tuned,"Green,Orange,Green,Red"
12582,fine-tuned,"Blue,Orange,Green,Orange,Green,Green"
12583,fine-tuned,"Yellow,Green,Orange,Green,Red,Red"
12584,fine-tuned,"Blue,Orange,Blue,Green"
12585,fine-tuned,"Red,Green,Blue,Green"
12586,fine-tuned,"Green,Green,Blue,Red,Red,Orange"
12587,fine-tuned,"Blue,Red,Orange,Green"
12588,fine-tuned,"Yellow,Orange,Red,Blue,Green"
12589,fine-tuned,"Purple,Blue,Red,Blue,Orange"
12590,fine-tuned,"Yellow,Green,Blue,Blue,Green,Red"
12591,fine-tuned,"Green,Red,Red,Blue,Green"
12592,fine-tuned,"Green,Red,Orange,Red,Blue,Red"
12593,fine-tuned,"Orange,Blue,Green,Purple,Yellow,Orange"
12594,fine-tuned,"Green,Blue,Blue,Red,Green"
12595,fine-tuned,"Blue,Red,Red,Red,Orange"
12596,fine-tuned,"Yellow,Green,Red,Green,Blue,Orange"
12597,fine-tuned,"Green,Red,Green,Orange,Red,Red"
12598,fine-tuned,"Orange,Purple,Blue,Green,Yellow,Red"
12599,fine-tuned,"Blue,Orange,Green,Blue"
12600,fine-tuned,"Red,Orange,Blue,Orange"
12601,fine-tuned,"Green,Red,Green,Red,Blue,Red"
12602,fine-tuned,"Yellow,Green,Blue,Orange"
12603,fine-tuned,"Green,Orange,Red,Blue"
12604,fine-tuned,"Yellow,Blue,Red,Green,Blue,Green"
12605,fine-tuned,"Green,Green,Orange,Orange,Orange,Red"
12606,fine-tuned,"Orange,Purple,Red,Green,Red,Purple"
12607,fine-tuned,"Yellow,Orange,Red,Blue,Red,Red"
12608,fine-tuned,"Purple,Red,Orange,Red,Red,Orange"
12609,fine-tuned,"Red,Blue,Green,Red,Red"
12610,fine-tuned,"Green,Blue,Orange,Orange"
12611,fine-tuned,"Red,Red,Green,Blue"
12612,fine-tuned,"Red,Orange,Blue"
12613,fine-tuned,"Orange,Blue,Red,Red,Green"
12614,fine-tuned,"Orange,Green,Red,Purple,Yellow,Red"
12615,fine-tuned,"Blue,Green,Orange,Blue"
12616,fine-tuned,"Blue,Red,Red,Orange,Red,Green"
12617,fine-tuned,"Blue,Red,Red"
12618,fine-tuned,"Green,Blue,Green,Red"
12619,fine-tuned,"Orange,Orange,Blue"
12620,fine-tuned,"Orange,Green,Red,Green,Red"
12621,fine-tuned,"Orange,Blue,Red,Green,Orange"
12622,fine-tuned,"Red,Orange,Blue,Orange"
12623,fine-tuned,"Blue,Orange,Orange,Green,Red,Green"
12624,fine-tuned,"Purple,Blue,Green,Red,Red"
12625,fine-tuned,"Green,Orange,Orange"
12626,fine-tuned,"Green,Blue,Red,Red,Orange,Red"
12627,fine-tuned,"Orange,Blue,Green,Red,Red,Blue"
12628,fine-tuned,"Red,Orange,Orange,Red,Green"
12629,fine-tuned,"Yellow,Green,Orange,Blue"
12630,fine-tuned,"Blue,Green,Red,Orange,Green"
12631,fine-tuned,"Green,Blue,Orange,Red,Red,Blue"
12632,fine-tuned,"Orange,Blue,Green,Red,Red,Green"
12633,fine-tuned,"Blue,Red,Red,Blue,Green"
12634,fine-tuned,"Red,Blue,Green,Green,Orange"
12635,fine-tuned,"Green,Orange,Green,Blue,Green,Red"
12636,fine-tuned,"Blue,Orange,Green,Green,Green,Blue"
12637,fine-tuned,"Orange,Blue,Green,Green"
12638,fine-tuned,"Yellow,Red,Red,Blue,Green"
12639,fine-tuned,"Blue,Orange,Green,Blue"
12640,fine-tuned,"Purple,Orange,Green,Red,Green,Blue"
12641,fine-tuned,"Red,Red,Green,Green"
12642,fine-tuned,"Orange,Green,Blue,Blue,Red"
12643,fine-tuned,"Blue,Red,Green,Blue"
12644,fine-tuned,"Blue,Green,Red,Green"
12645,fine-tuned,"Green,Orange,Blue,Red,Blue"
12646,fine-tuned,"Red,Blue,Red,Red,Blue"
12647,fine-tuned,"Green,Orange,Red,Green,Blue,Red"
12648,fine-tuned,"Blue,Green,Orange,Red,Red,Green"
12649,fine-tuned,"Red,Blue,Red,Orange,Blue,Green"
12650,fine-tuned,"Green,Green,Green,Green"
12651,fine-tuned,"Blue,Red,Green,Green,Red,Red"
12652,fine-tuned,"Blue,Green,Orange,Green"
12653,fine-tuned,"Yellow,Green,Red,Orange,Red,Blue"
12654,fine-tuned,"Orange,Blue,Red,Orange,Green,Blue"
12655,fine-tuned,"Green,Blue,Orange,Red,Orange,Green"
12656,fine-tuned,"Red,Orange,Red,Green,Green"
12657,fine-tuned,"Orange,Purple,Blue,Purple,Green,Green"
12658,fine-tuned,"Blue,Green,Green,Red"
12659,fine-tuned,"Blue,Orange,Green,Red"
12660,fine-tuned,"Blue,Green,Green,Red"
12661,fine-tuned,"Blue,Green,Orange,Red,Orange"
12662,fine-tuned,"Red,Green,Red,Green"
12663,fine-tuned,"Blue,Orange,Red,Red,Blue"
12664,fine-tuned,"Red,Green,Green,Green,Red,Blue"
12665,fine-tuned,"Green,Blue,Red"
12666,fine-tuned,"Green,Purple,Green,Red,Yellow,Orange"
12667,fine-tuned,"Blue,Red,Red,Red"
12668,fine-tuned,"Orange,Purple,Green,Red,Blue,Red"
12669,fine-tuned,"Purple,Orange,Blue,Red,Blue,Red"
12670,fine-tuned,"Green,Red,Blue,Orange,Blue,Orange"
12671,fine-tuned,"Orange,Red,Green,Red"
12672,fine-tuned,"Orange,Yellow,Purple,Green,Purple,Red"
12673,fine-tuned,"Yellow,Red,Blue,Blue,Orange"
12674,fine-tuned,"Yellow,Blue,Red,Red,Red,Green"
12675,fine-tuned,"Blue,Green,Orange,Blue"
12676,fine-tuned,"Yellow,Blue,Green,Red,Orange"
12677,fine-tuned,"Purple,Red,Orange,Green,Red"
12678,fine-tuned,"Blue,Red,Orange,Red,Green,Blue"
12679,fine-tuned,"Green,Red,Blue,Red,Blue"
12680,fine-tuned,"Blue,Orange,Green,Orange"
12681,fine-tuned,"Red,Green,Blue,Red,Orange"
12682,fine-tuned,"Red,Blue,Green,Blue"
12683,fine-tuned,"Blue,Orange,Green,Green,Red,Red"
12684,fine-tuned,"Red,Green,Orange,Blue,Orange,Red"
12685,fine-tuned,"Yellow,Red,Green,Red,Green,Red"
12686,fine-tuned,"Yellow,Red,Green,Blue,Blue"
12687,fine-tuned,"Blue,Green,Blue,Red,Orange,Blue"
12688,fine-tuned,"Purple,Blue,Green,Blue,Blue,Orange"
12689,fine-tuned,"Green,Green,Blue,Blue,Orange"
12690,fine-tuned,"Blue,Orange,Red,Red,Green,Orange"
12691,fine-tuned,"Orange,Red,Green,Blue,Green,Red"
12692,fine-tuned,"Red,Blue,Green,Green,Orange"
12693,fine-tuned,"Orange,Red,Red"
12694,fine-tuned,"Red,Blue,Green,Red,Blue"
12695,fine-tuned,"Blue,Orange"
12696,fine-tuned,"Red,Green,Green,Red,Orange"
12697,fine-tuned,"Purple,Red,Orange,Blue,Green,Red"
12698,fine-tuned,"Green,Blue,Blue"
12699,fine-tuned,"Green,Red,Red,Green,Orange,Orange"
12700,fine-tuned,"Orange,Blue,Green,Yellow,Purple,Yellow"
12701,fine-tuned,"Purple,Red,Blue,Red"
12702,fine-tuned,"Red,Orange,Green,Blue,Orange"
12703,fine-tuned,"Orange,Green,Blue,Purple,Yellow,Blue"
12704,fine-tuned,"Red,Orange,Blue,Red,Green"
12705,fine-tuned,"Blue,Green,Green,Orange,Red,Green"
12706,fine-tuned,"Blue,Orange,Green"
12707,fine-tuned,"Yellow,Green,Blue,Orange"
12708,fine-tuned,"Green,Blue,Blue,Red,Green"
12709,fine-tuned,"Blue,Red,Green,Red"
12710,fine-tuned,"Blue,Green,Orange,Blue,Red"
12711,fine-tuned,"Green,Red,Blue,Blue,Orange,Red"
12712,fine-tuned,"Blue,Blue,Red,Green,Red"
12713,fine-tuned,"Blue,Orange,Red,Orange,Red,Green"
12714,fine-tuned,"Green,Orange,Red,Orange,Green,Blue"
12715,fine-tuned,"Orange,Yellow,Green,Blue,Green,Red"
12716,fine-tuned,"Orange,Orange"
12717,fine-tuned,"Green,Orange,Blue,Orange,Red,Blue"
12718,fine-tuned,"Green,Blue,Blue,Orange,Orange,Green"
12719,fine-tuned,"Orange,Blue,Green,Blue"
12720,fine-tuned,"Purple,Red,Green,Orange,Blue"
12721,fine-tuned,"Green,Blue,Green,Red,Red"
12722,fine-tuned,"Orange,Green,Orange,Red,Green,Red"
12723,fine-tuned,"Blue,Green,Red,Orange,Blue,Blue"
12724,fine-tuned,"Red,Green,Red,Blue,Green"
12725,fine-tuned,"Orange,Green,Red,Blue,Red,Green"
12726,fine-tuned,"Blue,Orange,Blue,Red"
12727,fine-tuned,"Blue,Orange,Red,Orange,Blue"
12728,fine-tuned,"Orange,Blue,Green,Blue,Red"
12729,fine-tuned,"Blue,Green,Green,Red,Orange,Blue"
12730,fine-tuned,"Yellow,Blue,Green,Red,Green"
12731,fine-tuned,"Yellow,Blue,Orange,Blue,Green,Green"
12732,fine-tuned,"Blue,Orange,Orange,Green,Blue,Blue"
12733,fine-tuned,"Red,Orange,Orange,Green,Blue,Blue"
12734,fine-tuned,"Blue,Orange,Red,Orange,Red"
12735,fine-tuned,"Yellow,Orange,Orange"
12736,fine-tuned,"Blue,Red,Blue,Orange"
12737,fine-tuned,"Green,Orange,Orange,Blue,Red,Red"
12738,fine-tuned,"Yellow,Green,Blue,Red,Red"
12739,fine-tuned,"Blue,Orange,Green,Red,Blue,Red"
12740,fine-tuned,"Purple,Green,Red,Red,Orange"
12741,fine-tuned,"Red,Orange,Blue,Orange"
12742,fine-tuned,"Orange,Green,Blue,Blue,Red,Green"
12743,fine-tuned,"Blue,Orange,Red,Red,Green,Orange"
12744,fine-tuned,"Green,Red,Orange,Blue,Blue,Green"
12745,fine-tuned,"Blue,Orange,Red,Green,Red,Red"
12746,fine-tuned,"Green,Red,Blue,Green"
12747,fine-tuned,"Blue,Orange,Red,Red"
12748,fine-tuned,"Blue,Orange,Blue,Green,Red"
12749,fine-tuned,"Orange,Green,Yellow,Blue,Red,Red"
12750,fine-tuned,"Red,Blue,Green,Red,Red,Blue"
12751,fine-tuned,"Orange,Blue,Green,Green,Blue,Blue"
12752,fine-tuned,"Green,Blue,Orange,Blue"
12753,fine-tuned,"Yellow,Blue,Green,Red,Orange,Blue"
12754,fine-tuned,"Red,Blue,Green,Red,Yellow,Green"
12755,fine-tuned,"Green,Red,Red,Blue,Orange,Green"
12756,fine-tuned,"Yellow,Red,Green,Red,Green,Blue"
12757,fine-tuned,"Blue,Orange,Red,Green,Red,Green"
12758,fine-tuned,"Red,Blue,Orange,Orange,Red"
12759,fine-tuned,"Blue,Green,Orange,Blue,Red,Blue"
12760,fine-tuned,"Green,Blue,Green,Red,Orange,Red"
12761,fine-tuned,"Blue,Green,Red,Blue,Orange,Blue"
12762,fine-tuned,"Blue,Red,Red"
12763,fine-tuned,"Yellow,Green,Blue,Red,Orange"
12764,fine-tuned,"Blue,Orange,Red,Green,Red"
12765,fine-tuned,"Orange,Blue,Red,Green,Blue"
12766,fine-tuned,"Green,Orange,Blue,Red"
12767,fine-tuned,"Blue,Red,Blue,Green,Red"
12768,fine-tuned,"Green,Blue,Red,Red,Green"
12769,fine-tuned,"Blue,Orange,Green,Red,Green"
12770,fine-tuned,"Yellow,Red,Blue,Red,Orange"
12771,fine-tuned,"Green,Red,Blue,Blue,Orange"
12772,fine-tuned,"Blue,Orange,Red,Red"
12773,fine-tuned,"Green,Orange,Green,Blue"
12774,fine-tuned,"Blue,Orange,Green"
12775,fine-tuned,"Blue,Orange,Red,Green,Orange"
12776,fine-tuned,"Purple,Green,Red,Blue"
12777,fine-tuned,"Blue,Orange,Green,Orange,Blue"
12778,fine-tuned,"Blue,Green,Red,Green,Orange"
12779,fine-tuned,"Blue,Green,Green"
12780,fine-tuned,"Green,Blue,Blue,Red,Blue,Green"
12781,fine-tuned,"Red,Green,Red,Orange,Blue"
12782,fine-tuned,"Green,Blue,Blue,Red,Orange"
12783,fine-tuned,"Blue,Green,Orange,Blue,Green,Red"
12784,fine-tuned,"Green,Blue,Orange,Red"
12785,fine-tuned,"Yellow,Orange,Blue,Green,Red"
12786,fine-tuned,"Green,Red,Blue,Red,Orange,Green"
12787,fine-tuned,"Green,Green,Orange,Red,Green,Green"
12788,fine-tuned,"Orange,Red,Red,Red,Orange,Orange"
12789,fine-tuned,"Yellow,Orange,Blue,Green,Blue,Orange"
12790,fine-tuned,"Blue,Blue,Red,Green"
12791,fine-tuned,"Blue,Orange,Green"
12792,fine-tuned,"Blue,Green,Red,Red,Orange"
12793,fine-tuned,"Purple,Orange,Blue,Green,Red,Green"
12794,fine-tuned,"Green,Orange,Red,Blue,Red,Green"
12795,fine-tuned,"Orange,Yellow,Purple,Blue,Red,Green"
12796,fine-tuned,"Green,Blue,Orange,Red,Red"
12797,fine-tuned,"Red,Orange,Orange"
12798,fine-tuned,"Blue,Red,Red,Green,Orange"
12799,fine-tuned,"Green,Blue,Red,Red,Green"
12800,fine-tuned,"Blue,Green,Green,Blue,Orange"
12801,fine-tuned,"Red,Orange,Blue,Orange,Green,Orange"
12802,fine-tuned,"Red,Orange,Red,Green,Green,Orange"
12803,fine-tuned,"Red,Blue,Blue,Red,Green,Orange"
12804,fine-tuned,"Orange,Yellow,Red,Orange,Purple,Blue"
12805,fine-tuned,"Red,Orange,Red,Blue,Blue,Orange"
12806,fine-tuned,"Blue,Blue,Orange,Orange"
12807,fine-tuned,"Yellow,Green,Blue,Red,Green"
12808,fine-tuned,"Green,Orange,Blue,Blue,Orange"
12809,fine-tuned,"Orange,Green,Red,Purple,Blue,Blue"
12810,fine-tuned,"Red,Green,Red,Blue,Orange"
12811,fine-tuned,"Blue,Green,Red,Orange,Red,Green"
12812,fine-tuned,"Green,Orange,Blue,Red,Red,Green"
12813,fine-tuned,"Yellow,Red,Blue,Blue,Green"
12814,fine-tuned,"Yellow,Green,Blue,Red,Orange"
12815,fine-tuned,"Purple,Blue,Blue,Green"
12816,fine-tuned,"Blue,Orange,Orange,Blue,Red"
12817,fine-tuned,"Yellow,Green,Red,Blue,Red"
12818,fine-tuned,"Blue,Green,Green,Blue,Orange,Blue"
12819,fine-tuned,"Yellow,Green,Orange,Blue,Blue"
12820,fine-tuned,"Red,Green,Orange"
12821,fine-tuned,"Yellow,Green,Red,Red,Red,Blue"
12822,fine-tuned,"Yellow,Blue,Orange,Blue,Green"
12823,fine-tuned,"Blue,Green,Green,Green"
12824,fine-tuned,"Yellow,Orange,Red,Red,Green"
12825,fine-tuned,"Blue,Green,Red,Red,Green,Orange"
12826,fine-tuned,"Red,Orange,Green,Red,Blue,Red"
12827,fine-tuned,"Blue,Green,Blue,Green,Orange"
12828,fine-tuned,"Purple,Blue,Green,Blue,Green,Blue"
12829,fine-tuned,"Yellow,Red,Green,Blue,Blue,Orange"
12830,fine-tuned,"Yellow,Red,Red,Orange,Red"
12831,fine-tuned,"Yellow,Blue,Green,Blue"
12832,fine-tuned,"Yellow,Blue,Orange,Blue"
12833,fine-tuned,"Green,Blue,Green,Blue"
12834,fine-tuned,"Green,Orange,Red,Red,Blue,Blue"
12835,fine-tuned,"Yellow,Orange,Blue,Red,Green"
12836,fine-tuned,"Red,Orange,Green,Blue,Orange,Red"
12837,fine-tuned,"Green,Blue,Orange,Blue,Red"
12838,fine-tuned,"Red,Green,Green,Blue"
12839,fine-tuned,"Green,Blue,Red,Red,Red"
12840,fine-tuned,"Blue,Green,Red,Blue,Orange,Green"
12841,fine-tuned,"Red,Orange,Red,Orange"
12842,fine-tuned,"Blue,Orange,Blue,Green,Orange,Red"
12843,fine-tuned,"Red,Orange,Blue,Orange"
12844,fine-tuned,"Purple,Green,Red,Orange"
12845,fine-tuned,"Orange,Red,Green,Red"
12846,fine-tuned,"Yellow,Blue,Red,Green,Blue"
12847,fine-tuned,"Yellow,Green,Red,Green,Blue"
12848,fine-tuned,"Blue,Green,Orange,Green,Red"
12849,fine-tuned,"Green,Red,Blue,Orange,Green"
12850,fine-tuned,"Blue,Green,Red,Green"
12851,fine-tuned,"Yellow,Green,Red,Red,Green"
12852,fine-tuned,"Yellow,Blue,Red"
12853,fine-tuned,"Purple,Green,Orange,Blue"
12854,fine-tuned,"Purple,Orange,Orange,Blue"
12855,fine-tuned,"Red,Orange,Blue,Blue"
12856,fine-tuned,"Red,Orange,Green,Red,Blue,Blue"
12857,fine-tuned,"Yellow,Orange,Green,Blue,Orange"
12858,fine-tuned,"Green,Orange,Green,Green,Orange,Blue"
12859,fine-tuned,"Red,Red,Green,Green,Orange,Blue"
12860,fine-tuned,"Orange,Green,Blue,Green,Red,Red"
12861,fine-tuned,"Green,Blue,Orange,Red,Blue"
12862,fine-tuned,"Blue,Orange,Blue,Red,Red"
12863,fine-tuned,"Green,Orange,Blue,Blue"
12864,fine-tuned,"Green,Green,Red,Red,Red,Green"
12865,fine-tuned,"Purple,Blue,Green,Red,Orange,Red"
12866,fine-tuned,"Orange,Blue,Red,Orange"
12867,fine-tuned,"Yellow,Red,Green,Blue,Blue,Red"
12868,fine-tuned,"Yellow,Blue,Green,Orange,Blue,Red"
12869,fine-tuned,"Yellow,Orange,Green,Green,Red,Blue"
12870,fine-tuned,"Green,Orange,Blue,Red"
12871,fine-tuned,"Red,Blue,Orange,Green,Red,Blue"
12872,fine-tuned,"Blue,Green,Red,Red,Blue,Red"
12873,fine-tuned,"Green,Orange"
12874,fine-tuned,"Green,Red,Blue,Orange,Orange"
12875,fine-tuned,"Yellow,Green,Orange,Blue,Red"
12876,fine-tuned,"Orange,Blue,Red"
12877,fine-tuned,"Red,Green,Green,Green"
12878,fine-tuned,"Red,Green,Orange,Blue,Green"
12879,fine-tuned,"Yellow,Green,Blue,Orange,Red,Blue"
12880,fine-tuned,"Orange,Green,Blue,Blue,Red"
12881,fine-tuned,"Blue,Red,Green,Red"
12882,fine-tuned,"Blue,Orange,Blue"
12883,fine-tuned,"Green,Orange,Blue,Red"
12884,fine-tuned,"Purple,Green,Green,Blue,Orange,Orange"
12885,fine-tuned,"Orange,Red,Green,Red,Green,Blue"
12886,fine-tuned,"Blue,Orange,Red,Green,Red,Green"
12887,fine-tuned,"Yellow,Orange,Blue,Orange"
12888,fine-tuned,"Green,Blue,Red,Orange,Red,Red"
12889,fine-tuned,"Blue,Red,Green,Red,Orange"
12890,fine-tuned,"Red,Orange,Green,Orange,Red"
12891,fine-tuned,"Green,Orange,Blue,Blue,Red"
12892,fine-tuned,"Yellow,Green,Red,Orange,Red,Red"
12893,fine-tuned,"Blue,Red,Orange,Red,Orange"
12894,fine-tuned,"Red,Blue,Green,Blue,Green"
12895,fine-tuned,"Blue,Orange,Green,Red"
12896,fine-tuned,"Blue,Green,Orange,Green,Red"
12897,fine-tuned,"Blue,Orange,Red,Green,Orange,Red"
12898,fine-tuned,"Blue,Red,Red,Green,Red,Green"
12899,fine-tuned,"Red,Orange,Green,Orange,Green"
12900,fine-tuned,"Yellow,Green,Blue,Orange,Red"
12901,fine-tuned,"Green,Red,Blue,Red"
12902,fine-tuned,"Green,Orange,Green,Red,Green"
12903,fine-tuned,"Red,Green,Green,Blue,Red,Red"
12904,fine-tuned,"Purple,Red,Orange,Green,Blue"
12905,fine-tuned,"Orange,Red,Green,Green,Red,Orange"
12906,fine-tuned,"Yellow,Orange,Green,Blue"
12907,fine-tuned,"Orange,Blue,Green,Green,Orange"
12908,fine-tuned,"Red,Orange,Blue,Green"
12909,fine-tuned,"Blue,Green,Red,Orange"
12910,fine-tuned,"Red,Green,Red,Orange,Red,Blue"
12911,fine-tuned,"Purple,Orange,Blue,Green,Red,Green"
12912,fine-tuned,"Orange,Red,Green,Red,Blue,Red"
12913,fine-tuned,"Yellow,Green,Purple,Orange,Blue,Blue"
12914,fine-tuned,"Orange,Red,Green,Red"
12915,fine-tuned,"Orange,Green,Blue,Red,Blue,Red"
12916,fine-tuned,"Red,Blue,Blue,Green,Orange,Orange"
12917,fine-tuned,"Red,Green,Orange"
12918,fine-tuned,"Blue,Orange,Red,Green,Orange"
12919,fine-tuned,Blue
12920,fine-tuned,"Red,Green,Blue,Green,Orange"
12921,fine-tuned,"Blue,Green,Orange,Red,Red,Green"
12922,fine-tuned,"Red,Green,Blue"
12923,fine-tuned,"Green,Orange,Red,Green,Red,Green"
12924,fine-tuned,"Orange,Green,Blue,Red,Green"
12925,fine-tuned,"Yellow,Blue,Orange,Orange,Green"
12926,fine-tuned,"Green,Orange,Red,Green,Blue,Red"
12927,fine-tuned,"Yellow,Red,Red,Blue"
12928,fine-tuned,"Red,Blue,Green,Blue,Green"
12929,fine-tuned,"Blue,Orange,Blue,Green,Red"
12930,fine-tuned,"Red,Green,Blue,Orange"
12931,fine-tuned,"Blue,Orange,Green,Blue,Red,Green"
12932,fine-tuned,"Blue,Orange,Orange,Red,Blue,Red"
12933,fine-tuned,"Blue,Red,Orange,Green,Red,Red"
12934,fine-tuned,"Red,Orange,Blue,Red,Green"
12935,fine-tuned,"Blue,Red,Green,Green,Blue"
12936,fine-tuned,"Purple,Green,Blue,Red,Red,Orange"
12937,fine-tuned,"Yellow,Red,Green,Blue,Red,Blue"
12938,fine-tuned,"Purple,Green,Green,Red,Orange"
12939,fine-tuned,"Green,Orange,Blue,Red,Red"
12940,fine-tuned,"Green,Orange,Red,Red"
12941,fine-tuned,"Blue,Red,Green,Green,Blue"
12942,fine-tuned,"Orange,Red,Green,Red,Red,Green"
12943,fine-tuned,"Red,Green,Blue,Green,Orange"
12944,fine-tuned,"Yellow,Orange,Blue,Green,Orange,Green"
12945,fine-tuned,"Yellow,Blue,Red,Green,Orange,Red"
12946,fine-tuned,"Blue,Green,Red,Green,Blue"
12947,fine-tuned,"Blue,Red,Red,Orange"
12948,fine-tuned,"Blue,Orange,Green,Red,Red"
12949,fine-tuned,"Orange,Blue,Green,Red,Red,Green"
12950,fine-tuned,"Blue,Green,Red,Orange,Red,Blue"
12951,fine-tuned,"Green,Red,Blue,Blue,Red"
12952,fine-tuned,"Blue,Red,Green,Red"
12953,fine-tuned,"Green,Blue,Orange,Red,Red"
12954,fine-tuned,"Red,Green,Red,Green,Blue"
12955,fine-tuned,"Purple,Orange,Blue,Red,Red,Green"
12956,fine-tuned,"Orange,Blue,Orange,Blue,Blue,Green"
12957,fine-tuned,"Green,Blue,Green,Red,Green,Red"
12958,fine-tuned,"Orange,Green,Red,Green,Green,Orange"
12959,fine-tuned,"Red,Green,Green,Red,Blue"
12960,fine-tuned,"Blue,Green,Green,Blue,Green,Orange"
12961,fine-tuned,"Blue,Red,Green,Red"
12962,fine-tuned,"Green,Red,Blue,Red"
12963,fine-tuned,"Yellow,Orange,Red,Green,Green,Red"
12964,fine-tuned,"Yellow,Red,Green,Orange,Blue"
12965,fine-tuned,"Yellow,Orange,Green,Red,Green,Orange"
12966,fine-tuned,"Yellow,Green,Orange,Green,Red,Green"
12967,fine-tuned,"Green,Orange,Orange,Red"
12968,fine-tuned,"Green,Yellow,Green,Yellow,Purple,Red"
12969,fine-tuned,"Blue,Green,Red,Orange,Blue,Green"
12970,fine-tuned,"Red,Green,Blue,Orange,Orange"
12971,fine-tuned,"Green,Red,Red,Green,Orange,Orange"
12972,fine-tuned,"Blue,Orange,Green,Blue"
12973,fine-tuned,"Green,Orange,Blue,Red,Green"
12974,fine-tuned,"Red,Orange,Blue,Blue,Green"
12975,fine-tuned,"Blue,Red,Green,Green"
12976,fine-tuned,"Yellow,Green,Orange,Orange,Blue,Red"
12977,fine-tuned,"Green,Orange,Red,Red,Blue,Green"
12978,fine-tuned,"Blue,Green,Red,Red,Red"
12979,fine-tuned,"Blue,Green,Orange,Red,Blue,Red"
12980,fine-tuned,"Green,Red,Orange,Red,Green,Orange"
12981,fine-tuned,"Purple,Blue,Green,Green,Red"
12982,fine-tuned,"Red,Green,Red,Blue,Red,Orange"
12983,fine-tuned,"Yellow,Blue,Green,Orange,Blue"
12984,fine-tuned,"Yellow,Orange,Blue,Blue,Blue,Green"
12985,fine-tuned,"Red,Green,Red,Blue,Blue"
12986,fine-tuned,"Yellow,Blue,Blue,Green,Orange,Red"
12987,fine-tuned,"Orange,Green,Red,Blue"
12988,fine-tuned,"Green,Orange,Red,Blue,Orange,Green"
12989,fine-tuned,"Green,Red,Red,Blue"
12990,fine-tuned,"Red,Green,Orange,Blue"
12991,fine-tuned,"Red,Blue,Green,Red,Green"
12992,fine-tuned,"Blue,Green,Red,Blue"
12993,fine-tuned,"Yellow,Blue,Red,Green,Orange"
12994,fine-tuned,"Green,Orange,Blue,Green,Orange"
12995,fine-tuned,"Purple,Blue,Red,Green,Green"
12996,fine-tuned,"Red,Orange,Green,Blue,Blue,Red"
12997,fine-tuned,"Purple,Green,Red,Green,Orange"
12998,fine-tuned,"Yellow,Red,Green,Blue,Red,Red"
12999,fine-tuned,"Green,Blue,Green,Orange,Green"
13000,fine-tuned,"Green,Red,Green,Blue,Orange"
13001,fine-tuned,"Blue,Red,Orange,Green,Red,Green"
13002,fine-tuned,"Purple,Red,Blue,Orange,Orange"
13003,fine-tuned,"Green,Red,Green"
13004,fine-tuned,"Purple,Blue,Blue,Orange,Red"
13005,fine-tuned,"Purple,Green,Green,Orange,Red"
13006,fine-tuned,"Blue,Green,Red,Purple,Green,Yellow"
13007,fine-tuned,"Blue,Red,Green,Red,Green,Orange"
13008,fine-tuned,"Blue,Blue,Red,Green"
13009,fine-tuned,"Purple,Green,Green,Blue,Green,Green"
13010,fine-tuned,"Yellow,Red,Red,Red,Green"
13011,fine-tuned,"Blue,Orange,Green,Red"
13012,fine-tuned,"Green,Orange,Red,Blue,Red,Orange"
13013,fine-tuned,"Yellow,Green,Blue,Blue,Orange,Orange"
13014,fine-tuned,"Blue,Red"
13015,fine-tuned,"Red,Orange,Green,Blue"
13016,fine-tuned,"Purple,Orange,Blue,Green,Blue,Green"
13017,fine-tuned,"Orange,Blue,Red,Green,Red,Green"
13018,fine-tuned,"Blue,Green,Red,Orange,Blue,Green"
13019,fine-tuned,"Red,Blue,Red,Orange"
13020,fine-tuned,"Orange,Green,Blue,Blue,Red,Orange"
13021,fine-tuned,"Blue,Orange,Green,Orange,Red,Green"
13022,fine-tuned,"Yellow,Green,Red,Blue,Blue,Red"
13023,fine-tuned,"Red,Green,Orange,Red,Blue,Green"
13024,fine-tuned,"Orange,Blue,Red,Red,Red"
13025,fine-tuned,"Green,Orange,Blue,Red,Red,Red"
13026,fine-tuned,"Yellow,Orange,Blue,Green,Green,Blue"
13027,fine-tuned,"Blue,Orange,Green,Red,Orange,Green"
13028,fine-tuned,"Yellow,Orange,Blue,Blue,Orange"
13029,fine-tuned,"Red,Blue,Red,Orange,Red"
13030,fine-tuned,"Orange,Green,Purple,Blue,Red,Orange"
13031,fine-tuned,"Green,Blue,Red,Orange,Green,Blue"
13032,fine-tuned,"Green,Blue,Red,Red"
13033,fine-tuned,"Purple,Green,Green,Orange"
13034,fine-tuned,"Red,Green,Orange,Blue,Green,Orange"
13035,fine-tuned,"Blue,Red,Green,Blue,Green"
13036,fine-tuned,"Blue,Green,Orange,Red,Green,Red"
13037,fine-tuned,"Red,Blue,Red,Red,Blue,Red"
13038,fine-tuned,"Orange,Blue,Red,Green,Green"
13039,fine-tuned,"Purple,Blue,Red,Green,Green,Red"
13040,fine-tuned,"Orange,Blue,Red,Green,Red,Red"
13041,fine-tuned,"Green,Blue,Green,Orange"
13042,fine-tuned,"Blue,Green,Red,Red,Orange,Green"
13043,fine-tuned,"Yellow,Orange,Blue,Blue"
13044,fine-tuned,"Blue,Blue"
13045,fine-tuned,"Green,Orange,Red,Blue"
13046,fine-tuned,"Blue,Orange,Blue,Green"
13047,fine-tuned,"Green,Orange,Red,Blue,Red"
13048,fine-tuned,"Yellow,Green,Blue,Red,Blue,Orange"
13049,fine-tuned,"Blue,Red,Blue,Green,Orange,Red"
13050,fine-tuned,"Green,Red,Blue,Orange"
13051,fine-tuned,"Red,Blue,Red,Green,Blue,Blue"
13052,fine-tuned,"Yellow,Orange,Blue,Red"
13053,fine-tuned,"Red,Green,Blue,Orange"
13054,fine-tuned,"Red,Green,Orange,Blue,Orange,Blue"
13055,fine-tuned,"Orange,Blue,Green,Red,Orange"
13056,fine-tuned,"Yellow,Blue,Orange,Blue,Orange"
13057,fine-tuned,"Orange,Blue,Green"
13058,fine-tuned,"Yellow,Red,Orange,Red,Blue"
13059,fine-tuned,"Red,Green,Blue"
13060,fine-tuned,"Yellow,Blue,Green,Orange,Orange"
13061,fine-tuned,"Orange,Green,Blue,Red,Red,Purple"
13062,fine-tuned,"Yellow,Orange,Red,Blue,Green"
13063,fine-tuned,"Blue,Red,Green,Red,Green"
13064,fine-tuned,"Orange,Blue,Red,Blue,Green"
13065,fine-tuned,"Blue,Green,Blue,Orange"
13066,fine-tuned,"Purple,Blue,Green,Red,Orange,Purple"
13067,fine-tuned,"Blue,Red,Green,Red"
13068,fine-tuned,"Blue,Green,Orange,Blue"
13069,fine-tuned,"Orange,Green,Green,Blue"
13070,fine-tuned,"Green,Red,Green,Green,Blue,Orange"
13071,fine-tuned,"Blue,Orange,Red,Blue,Red"
13072,fine-tuned,"Orange,Green,Blue,Red,Red,Blue"
13073,fine-tuned,"Yellow,Green,Red,Green"
13074,fine-tuned,"Blue,Orange,Blue,Red,Green"
13075,fine-tuned,"Blue,Orange,Red,Green,Red"
13076,fine-tuned,"Yellow,Blue,Green,Blue,Green"
13077,fine-tuned,"Orange,Green,Green,Red,Blue,Blue"
13078,fine-tuned,"Blue,Orange,Red,Orange,Green"
13079,fine-tuned,"Red,Orange,Blue,Green,Green,Blue"
13080,fine-tuned,"Yellow,Green,Orange,Orange,Red,Blue"
13081,fine-tuned,"Red,Blue,Red,Orange,Green,Red"
13082,fine-tuned,"Orange,Blue,Blue,Red,Blue"
13083,fine-tuned,"Purple,Green,Red,Blue"
13084,fine-tuned,"Orange,Green"
13085,fine-tuned,"Green,Red,Red,Orange,Green,Blue"
13086,fine-tuned,"Yellow,Green,Blue,Green,Red"
13087,fine-tuned,"Red,Orange,Green,Blue,Blue,Green"
13088,fine-tuned,"Yellow,Red,Blue,Red,Blue,Green"
13089,fine-tuned,"Blue,Green,Red,Orange"
13090,fine-tuned,"Red,Orange,Red,Blue"
13091,fine-tuned,"Blue,Green,Red,Red,Red,Green"
13092,fine-tuned,"Red,Blue,Red,Orange"
13093,fine-tuned,"Green,Red,Blue,Red"
13094,fine-tuned,"Green,Red,Red,Blue,Red,Green"
13095,fine-tuned,"Red,Green,Orange,Red"
13096,fine-tuned,"Green,Blue,Orange,Red,Blue"
13097,fine-tuned,"Red,Blue,Red,Orange,Blue"
13098,fine-tuned,"Green,Orange,Blue,Orange,Blue"
13099,fine-tuned,"Blue,Green,Red,Blue,Orange"
13100,fine-tuned,"Red,Orange,Red,Red,Orange,Red"
13101,fine-tuned,"Blue,Red,Green,Green,Green,Blue"
13102,fine-tuned,"Blue,Red,Red,Orange,Red,Green"
13103,fine-tuned,"Blue,Green,Red,Green,Orange"
13104,fine-tuned,"Orange,Green,Red,Orange"
13105,fine-tuned,"Red,Blue,Red,Orange,Orange"
13106,fine-tuned,"Green,Orange,Red,Red,Blue"
13107,fine-tuned,"Blue,Orange,Green,Blue"
13108,fine-tuned,"Green,Blue"
13109,fine-tuned,"Purple,Red,Red,Blue,Orange,Red"
13110,fine-tuned,"Purple,Green,Orange,Blue,Blue,Red"
13111,fine-tuned,"Yellow,Green,Blue,Green,Red"
13112,fine-tuned,"Red,Blue,Green,Green"
13113,fine-tuned,"Red,Orange,Blue,Green,Red,Blue"
13114,fine-tuned,"Purple,Blue,Green,Red,Orange"
13115,fine-tuned,"Green,Orange,Green,Red,Red"
13116,fine-tuned,"Yellow,Green,Green,Red,Blue"
13117,fine-tuned,"Orange,Purple,Yellow,Red,Green,Green"
13118,fine-tuned,"Yellow,Blue,Orange,Blue,Red,Green"
13119,fine-tuned,"Blue,Orange,Red,Green,Blue"
13120,fine-tuned,"Blue,Orange,Orange,Red"
13121,fine-tuned,"Red,Blue,Blue,Red,Blue,Green"
13122,fine-tuned,"Green,Red,Orange,Blue,Orange,Green"
13123,fine-tuned,"Orange,Purple,Red,Blue,Green,Orange"
13124,fine-tuned,"Yellow,Blue,Red,Green,Blue"
13125,fine-tuned,"Green,Blue,Red,Orange,Blue,Red"
13126,fine-tuned,"Green,Blue,Green,Orange,Blue,Red"
13127,fine-tuned,"Green,Orange,Blue,Red,Red,Red"
13128,fine-tuned,"Yellow,Orange,Green,Green,Red"
13129,fine-tuned,"Green,Red,Orange,Red,Green,Red"
13130,fine-tuned,"Green,Blue,Green,Green,Red"
13131,fine-tuned,"Orange,Blue,Yellow,Red,Purple,Red"
13132,fine-tuned,"Red,Blue,Red"
13133,fine-tuned,"Red,Orange,Blue,Red,Green,Orange"
13134,fine-tuned,"Yellow,Green,Blue,Orange,Red,Green"
13135,fine-tuned,"Green,Orange,Red,Blue,Orange"
13136,fine-tuned,"Orange,Blue,Purple,Yellow,Blue,Purple"
13137,fine-tuned,"Yellow,Green,Red,Blue,Green,Orange"
13138,fine-tuned,"Red,Orange,Green,Orange,Red"
13139,fine-tuned,"Red,Green,Red,Green,Red,Blue"
13140,fine-tuned,"Yellow,Blue,Orange,Orange,Green"
13141,fine-tuned,"Orange,Purple,Red,Green,Blue,Purple"
13142,fine-tuned,"Red,Blue,Blue,Green"
13143,fine-tuned,"Yellow,Blue,Green,Green,Red,Green"
13144,fine-tuned,"Green,Green,Blue,Blue,Blue,Orange"
13145,fine-tuned,"Yellow,Green,Red,Blue,Blue,Red"
13146,fine-tuned,"Purple,Orange,Blue"
13147,fine-tuned,"Blue,Green,Red,Red,Green"
13148,fine-tuned,"Blue,Orange,Orange,Green,Blue"
13149,fine-tuned,"Yellow,Orange,Green,Red,Red,Green"
13150,fine-tuned,"Green,Orange,Red,Blue,Blue"
13151,fine-tuned,"Blue,Orange,Green,Orange,Blue"
13152,fine-tuned,"Yellow,Red,Green,Red,Orange"
13153,fine-tuned,"Blue,Red"
13154,fine-tuned,"Yellow,Green,Red,Orange"
13155,fine-tuned,"Blue,Red,Orange,Red"
13156,fine-tuned,"Yellow,Blue,Green,Orange,Blue"
13157,fine-tuned,"Blue,Green,Purple,Red,Blue,Green"
13158,fine-tuned,"Blue,Red,Green,Red,Orange"
13159,fine-tuned,"Yellow,Blue,Green,Red,Green,Orange"
13160,fine-tuned,"Green,Orange,Blue,Red,Red,Blue"
13161,fine-tuned,"Yellow,Blue,Green,Orange"
13162,fine-tuned,"Green,Red,Green,Red,Blue,Red"
13163,fine-tuned,"Red,Blue,Green,Red,Green"
13164,fine-tuned,"Orange,Green,Red,Red"
13165,fine-tuned,"Blue,Red,Red,Blue,Green"
13166,fine-tuned,"Green,Orange,Blue,Red,Blue,Red"
13167,fine-tuned,"Blue,Orange,Green,Orange,Red,Orange"
13168,fine-tuned,"Red,Green,Orange,Orange"
13169,fine-tuned,"Green,Orange,Blue,Red,Red"
13170,fine-tuned,"Orange,Red,Red,Green,Green"
13171,fine-tuned,"Blue,Red,Orange,Red"
13172,fine-tuned,"Yellow,Blue,Green,Blue"
13173,fine-tuned,"Purple,Green,Blue,Green,Blue"
13174,fine-tuned,"Blue,Red,Green,Red,Orange"
13175,fine-tuned,"Blue,Green,Orange,Red,Green,Red"
13176,fine-tuned,"Blue,Green,Orange,Red,Orange,Red"
13177,fine-tuned,"Red,Orange,Red,Green,Red"
13178,fine-tuned,"Purple,Blue,Red,Green,Blue"
13179,fine-tuned,"Blue,Green,Orange,Red,Orange,Red"
13180,fine-tuned,"Yellow,Green,Orange,Red,Red,Blue"
13181,fine-tuned,"Blue,Green,Red,Orange,Red"
13182,fine-tuned,"Red,Green,Blue,Blue,Orange"
13183,fine-tuned,"Blue,Orange,Green"
13184,fine-tuned,"Purple,Red,Red"
13185,fine-tuned,"Blue,Green,Blue,Green"
13186,fine-tuned,"Blue,Red,Orange,Orange,Green,Red"
13187,fine-tuned,"Orange,Red,Green,Green"
13188,fine-tuned,"Orange,Green,Green,Green,Blue"
13189,fine-tuned,"Orange,Blue,Green,Green,Red,Blue"
13190,fine-tuned,"Orange,Green,Blue"
13191,fine-tuned,"Yellow,Blue,Green,Green,Orange"
13192,fine-tuned,"Yellow,Blue,Red,Orange,Red"
13193,fine-tuned,"Yellow,Blue,Red"
13194,fine-tuned,"Purple,Orange,Blue,Green,Orange,Red"
13195,fine-tuned,"Blue,Red,Red,Blue"
13196,fine-tuned,"Blue,Green,Red,Red"
13197,fine-tuned,"Blue,Red,Green,Red,Blue"
13198,fine-tuned,"Green,Red,Orange,Blue,Red"
13199,fine-tuned,"Yellow,Orange,Green,Blue,Red"
13200,fine-tuned,"Green,Blue,Red,Red"
13201,fine-tuned,"Green,Red,Blue,Red,Blue"
13202,fine-tuned,"Red,Orange,Red,Blue"
13203,fine-tuned,"Red,Green,Orange,Orange,Green,Red"
13204,fine-tuned,"Orange,Red,Green"
13205,fine-tuned,"Red,Red,Green,Green,Red"
13206,fine-tuned,"Purple,Blue,Red,Orange,Green,Red"
13207,fine-tuned,"Red,Green,Blue,Orange,Blue,Red"
13208,fine-tuned,"Yellow,Green,Orange,Blue"
13209,fine-tuned,"Red,Blue,Red,Red,Orange"
13210,fine-tuned,"Red,Green,Red,Orange,Blue"
13211,fine-tuned,"Orange,Purple,Green,Orange,Blue,Green"
13212,fine-tuned,"Yellow,Blue,Orange,Red,Blue"
13213,fine-tuned,"Green,Orange,Red,Blue,Red,Red"
13214,fine-tuned,"Red,Green,Green,Blue,Red"
13215,fine-tuned,"Green,Green,Blue,Red,Orange"
13216,fine-tuned,"Red,Green,Orange,Green,Red,Blue"
13217,fine-tuned,"Yellow,Green,Orange,Blue,Red,Red"
13218,fine-tuned,"Green,Orange,Orange,Red,Blue,Green"
13219,fine-tuned,"Green,Orange,Red,Red,Blue"
13220,fine-tuned,"Orange,Purple,Green,Yellow,Blue,Blue"
13221,fine-tuned,"Blue,Red,Red,Orange,Orange"
13222,fine-tuned,"Green,Green,Orange,Red,Blue,Red"
13223,fine-tuned,"Blue,Green,Blue,Blue,Orange,Green"
13224,fine-tuned,"Blue,Red,Green,Green"
13225,fine-tuned,"Red,Blue,Red,Green"
13226,fine-tuned,"Blue,Orange,Green,Red,Red,Blue"
13227,fine-tuned,"Red,Green,Red,Blue,Orange,Red"
13228,fine-tuned,"Red,Blue,Orange,Green"
13229,fine-tuned,"Red,Green,Green,Blue"
13230,fine-tuned,"Yellow,Green,Green,Blue,Orange,Green"
13231,fine-tuned,"Green,Blue,Green"
13232,fine-tuned,"Orange,Blue,Green,Orange,Green,Red"
13233,fine-tuned,"Orange,Red,Blue,Blue,Green"
13234,fine-tuned,"Green,Blue,Orange,Green,Red"
13235,fine-tuned,"Blue,Red,Red,Orange,Red,Green"
13236,fine-tuned,"Orange,Red,Blue,Blue,Red,Red"
13237,fine-tuned,"Blue,Red,Red,Orange,Blue,Red"
13238,fine-tuned,"Orange,Green,Red,Blue"
13239,fine-tuned,"Green,Red,Orange,Blue,Green,Orange"
13240,fine-tuned,"Green,Red,Blue,Red,Orange,Orange"
13241,fine-tuned,"Red,Orange,Blue,Green"
13242,fine-tuned,"Red,Orange,Red,Green,Green,Blue"
13243,fine-tuned,"Blue,Green,Orange,Red,Green,Red"
13244,fine-tuned,"Green,Blue,Red,Orange,Blue,Red"
13245,fine-tuned,"Orange,Green,Green,Blue,Red,Red"
13246,fine-tuned,"Orange,Green,Red,Blue"
13247,fine-tuned,"Orange,Blue,Green,Green,Blue"
13248,fine-tuned,"Green,Blue,Green,Blue,Orange"
13249,fine-tuned,"Yellow,Green,Purple,Yellow,Purple,Orange"
13250,fine-tuned,"Blue,Red,Green,Red,Green,Blue"
13251,fine-tuned,"Blue,Orange,Blue,Red,Green,Red"
13252,fine-tuned,"Orange,Green,Blue,Purple,Yellow,Red"
13253,fine-tuned,"Red,Orange,Green,Orange,Blue,Green"
13254,fine-tuned,"Blue,Blue,Orange,Orange"
13255,fine-tuned,"Blue,Orange,Blue,Red"
13256,fine-tuned,"Blue,Green,Green,Red,Red,Red"
13257,fine-tuned,"Blue,Orange,Green,Red"
13258,fine-tuned,"Purple,Red,Orange,Green"
13259,fine-tuned,"Blue,Orange,Orange,Green,Red"
13260,fine-tuned,"Yellow,Red,Red,Orange,Green"
13261,fine-tuned,"Red,Green,Blue,Green,Orange,Red"
13262,fine-tuned,"Green,Blue,Orange,Green"
13263,fine-tuned,"Red,Blue,Green,Orange,Red,Orange"
13264,fine-tuned,"Purple,Red,Green,Blue,Red"
13265,fine-tuned,"Green,Blue,Green"
13266,fine-tuned,"Green,Blue,Orange,Blue"
13267,fine-tuned,"Blue,Orange,Blue,Red,Red"
13268,fine-tuned,"Blue,Green,Blue,Green,Orange"
13269,fine-tuned,"Yellow,Blue,Red,Green,Green,Green"
13270,fine-tuned,"Blue,Green,Red,Red,Blue"
13271,fine-tuned,"Orange,Red,Red,Green,Red,Blue"
13272,fine-tuned,"Blue,Red,Green"
13273,fine-tuned,"Orange,Blue,Red,Red,Green,Purple"
13274,fine-tuned,"Yellow,Blue,Red,Blue,Orange,Blue"
13275,fine-tuned,"Red,Green,Red"
13276,fine-tuned,"Blue,Orange,Green,Green,Blue"
13277,fine-tuned,"Purple,Orange,Orange,Green"
13278,fine-tuned,"Orange,Blue,Green,Red,Blue"
13279,fine-tuned,"Yellow,Blue,Orange,Red,Green,Orange"
13280,fine-tuned,"Yellow,Orange,Blue,Blue,Red,Green"
13281,fine-tuned,"Blue,Green,Orange,Green,Red"
13282,fine-tuned,"Red,Green,Orange,Orange,Green"
13283,fine-tuned,"Red,Orange,Red,Green,Orange,Red"
13284,fine-tuned,"Yellow,Green,Blue,Red,Orange,Red"
13285,fine-tuned,"Orange,Red,Green,Green,Yellow,Green"
13286,fine-tuned,"Green,Orange,Blue,Green,Red"
13287,fine-tuned,"Green,Blue,Green,Orange,Green,Blue"
13288,fine-tuned,"Red,Red,Red,Red"
13289,fine-tuned,"Blue,Red,Orange,Red,Green,Green"
13290,fine-tuned,"Red,Green,Blue,Orange,Red"
13291,fine-tuned,"Orange,Green,Yellow,Purple,Orange,Red"
13292,fine-tuned,"Blue,Orange,Green,Red,Green,Red"
13293,fine-tuned,"Yellow,Red,Green,Orange,Blue"
13294,fine-tuned,"Red,Orange,Green,Blue"
13295,fine-tuned,"Orange,Green,Red,Blue,Blue,Red"
13296,fine-tuned,"Green,Orange,Blue,Blue,Red,Blue"
13297,fine-tuned,"Red,Blue,Blue,Red,Orange,Green"
13298,fine-tuned,"Red,Orange,Green,Green,Red"
13299,fine-tuned,"Purple,Red,Orange,Red"
13300,fine-tuned,"Yellow,Blue,Green,Orange,Blue"
13301,fine-tuned,"Red,Green,Blue,Orange,Blue,Orange"
13302,fine-tuned,"Green,Orange,Orange"
13303,fine-tuned,"Blue,Red,Red,Green,Blue,Orange"
13304,fine-tuned,"Blue,Red,Green,Orange,Blue,Orange"
13305,fine-tuned,"Blue,Red,Red,Red"
13306,fine-tuned,"Blue,Orange,Red,Green,Red,Blue"
13307,fine-tuned,"Blue,Orange,Red,Orange,Blue"
13308,fine-tuned,"Blue,Red,Green,Blue,Green"
13309,fine-tuned,"Green,Blue,Yellow,Purple,Blue,Yellow"
13310,fine-tuned,"Purple,Red,Blue,Red,Green,Red"
13311,fine-tuned,"Red,Blue,Green,Red,Blue"
13312,fine-tuned,"Blue,Green,Red,Orange,Red"
13313,fine-tuned,"Yellow,Green,Red,Blue,Orange,Red"
13314,fine-tuned,"Green,Red,Red,Red,Orange,Blue"
13315,fine-tuned,Red
13316,fine-tuned,"Red,Orange,Red,Blue"
13317,fine-tuned,"Blue,Red,Red"
13318,fine-tuned,"Green,Blue,Orange,Red,Blue"
13319,fine-tuned,"Blue,Orange,Green,Blue,Red,Red"
13320,fine-tuned,"Purple,Blue,Orange,Red,Green,Red"
13321,fine-tuned,"Blue,Red,Green,Red"
13322,fine-tuned,"Blue,Red,Green,Orange,Green"
13323,fine-tuned,"Red,Orange,Green,Green"
13324,fine-tuned,"Orange,Green,Orange,Red,Green"
13325,fine-tuned,"Blue,Red,Green,Green"
13326,fine-tuned,"Purple,Blue,Red,Green,Green"
13327,fine-tuned,"Green,Green,Blue,Orange"
13328,fine-tuned,"Orange,Blue,Green,Blue,Red,Red"
13329,fine-tuned,"Blue,Orange,Blue,Orange,Blue"
13330,fine-tuned,"Blue,Green,Orange,Red,Orange"
13331,fine-tuned,"Red,Blue,Green,Blue,Green,Orange"
13332,fine-tuned,"Blue,Red,Orange,Blue,Red"
13333,fine-tuned,"Red,Green,Green,Orange,Blue,Orange"
13334,fine-tuned,"Purple,Orange,Green,Blue,Red"
13335,fine-tuned,"Green,Blue,Red,Red,Orange,Blue"
13336,fine-tuned,"Red,Green,Blue,Green,Orange,Green"
13337,fine-tuned,"Blue,Green,Green,Orange,Orange"
13338,fine-tuned,"Blue,Green,Orange,Blue"
13339,fine-tuned,"Blue,Green,Orange,Blue,Red,Orange"
13340,fine-tuned,"Blue,Yellow,Orange,Green,Orange,Green"
13341,fine-tuned,"Purple,Red,Orange,Blue,Red"
13342,fine-tuned,"Yellow,Orange,Blue,Green,Red"
13343,fine-tuned,"Yellow,Blue,Blue,Red,Red,Green"
13344,fine-tuned,"Blue,Yellow,Blue,Green,Purple,Yellow"
13345,fine-tuned,"Orange,Green,Blue,Green,Blue,Red"
13346,fine-tuned,"Purple,Blue,Blue,Green"
13347,fine-tuned,"Orange,Red,Blue,Orange,Blue"
13348,fine-tuned,"Yellow,Orange,Green,Green"
13349,fine-tuned,"Red,Green,Green,Green,Orange"
13350,fine-tuned,"Green,Blue,Blue,Orange,Red"
13351,fine-tuned,"Blue,Orange,Green,Green"
13352,fine-tuned,"Yellow,Green,Orange,Blue"
13353,fine-tuned,"Purple,Green,Blue,Blue"
13354,fine-tuned,"Green,Red,Orange,Red"
13355,fine-tuned,"Yellow,Green,Blue,Red,Orange"
13356,fine-tuned,"Red,Blue,Green,Orange,Red"
13357,fine-tuned,"Blue,Orange,Red,Red,Green,Orange"
13358,fine-tuned,"Blue,Green,Green,Red"
13359,fine-tuned,"Yellow,Blue,Red,Green,Red"
13360,fine-tuned,"Purple,Red,Blue,Green"
13361,fine-tuned,"Red,Blue,Green,Red,Red"
13362,fine-tuned,"Blue,Red,Green,Green,Blue,Blue"
13363,fine-tuned,"Yellow,Blue,Green,Red"
13364,fine-tuned,"Blue,Green,Green,Green,Blue,Red"
13365,fine-tuned,"Red,Green,Red,Blue,Green"
13366,fine-tuned,"Yellow,Green,Green,Blue,Blue,Red"
13367,fine-tuned,"Blue,Red,Orange,Red,Orange"
13368,fine-tuned,"Red,Blue,Green,Green,Blue,Orange"
13369,fine-tuned,"Blue,Green,Red,Orange,Red,Orange"
13370,fine-tuned,"Orange,Green,Blue,Green,Orange"
13371,fine-tuned,"Red,Orange,Green,Green,Blue,Blue"
13372,fine-tuned,"Blue,Green,Orange,Blue,Red,Blue"
13373,fine-tuned,"Yellow,Red,Orange,Green,Orange"
13374,fine-tuned,"Yellow,Green,Orange,Red,Green,Red"
13375,fine-tuned,"Red,Orange,Red,Green,Orange,Red"
13376,fine-tuned,"Blue,Green,Red,Orange,Purple,Yellow"
13377,fine-tuned,"Blue,Green,Red,Green,Blue,Green"
13378,fine-tuned,"Green,Blue,Red,Blue,Orange"
13379,fine-tuned,"Yellow,Orange,Green,Green,Blue"
13380,fine-tuned,"Blue,Green,Green,Red,Blue,Green"
13381,fine-tuned,"Blue,Orange,Red,Green,Blue"
13382,fine-tuned,"Orange,Green,Yellow,Purple,Blue,Green"
13383,fine-tuned,"Red,Green,Orange,Green"
13384,fine-tuned,"Blue,Green,Blue,Red,Orange"
13385,fine-tuned,"Blue,Orange,Green,Blue,Red"
13386,fine-tuned,"Yellow,Blue,Orange,Green,Orange"
13387,fine-tuned,"Blue,Red,Red,Orange,Green"
13388,fine-tuned,"Blue,Green,Green,Red"
13389,fine-tuned,"Blue,Green,Red,Red,Orange"
13390,fine-tuned,"Green,Green,Red"
13391,fine-tuned,"Red,Green,Orange,Red,Blue"
13392,fine-tuned,"Orange,Blue,Yellow,Green,Blue,Purple"
13393,fine-tuned,"Green,Orange,Blue,Red,Red,Orange"
13394,fine-tuned,"Orange,Red,Blue,Red,Red"
13395,fine-tuned,"Red,Green,Orange,Blue,Green,Blue"
13396,fine-tuned,"Red,Blue,Green,Blue,Green,Orange"
13397,fine-tuned,"Red,Red,Orange"
13398,fine-tuned,"Green,Red,Blue,Green,Red"
13399,fine-tuned,"Yellow,Blue,Red,Green,Red,Orange"
13400,fine-tuned,"Red,Blue,Orange,Green,Blue,Blue"
13401,fine-tuned,"Yellow,Blue,Green,Red,Orange,Red"
13402,fine-tuned,"Orange,Green,Red,Blue,Red"
13403,fine-tuned,"Green,Green,Red"
13404,fine-tuned,"Green,Orange,Red,Green"
13405,fine-tuned,"Red,Red,Green,Blue,Green"
13406,fine-tuned,"Purple,Orange,Red,Blue,Blue,Red"
13407,fine-tuned,"Orange,Blue,Blue,Orange,Green"
13408,fine-tuned,"Blue,Red,Red,Green,Blue,Red"
13409,fine-tuned,"Yellow,Blue,Green,Red,Red"
13410,fine-tuned,"Green,Blue,Red,Green"
13411,fine-tuned,"Red,Blue,Green,Orange,Blue,Red"
13412,fine-tuned,"Blue,Green,Red,Blue,Blue"
13413,fine-tuned,"Yellow,Blue,Green,Red,Green,Red"
13414,fine-tuned,"Purple,Orange,Red,Blue,Red"
13415,fine-tuned,"Green,Blue,Green,Blue"
13416,fine-tuned,"Blue,Green,Orange,Orange,Orange,Red"
13417,fine-tuned,"Purple,Blue,Orange,Green,Blue"
13418,fine-tuned,"Purple,Orange,Blue,Red,Green,Orange"
13419,fine-tuned,"Red,Blue"
13420,fine-tuned,"Green,Red,Blue,Red,Orange"
13421,fine-tuned,"Blue,Green,Green,Orange,Orange,Blue"
13422,fine-tuned,"Orange,Blue,Green,Blue,Green,Blue"
13423,fine-tuned,"Blue,Green,Red,Green,Orange,Orange"
13424,fine-tuned,"Orange,Green,Red,Orange,Red,Red"
13425,fine-tuned,"Red,Green,Orange,Orange,Green,Blue"
13426,fine-tuned,"Blue,Green,Blue,Red,Blue,Orange"
13427,fine-tuned,"Green,Blue,Orange,Red,Red,Green"
13428,fine-tuned,"Red,Green,Blue,Orange,Orange,Red"
13429,fine-tuned,"Green,Orange,Red,Blue,Red"
13430,fine-tuned,"Green,Orange,Orange,Green"
13431,fine-tuned,"Blue,Orange,Green,Blue"
13432,fine-tuned,"Green,Red,Blue,Orange,Green"
13433,fine-tuned,"Purple,Green,Blue,Orange,Green"
13434,fine-tuned,"Purple,Red,Blue,Red,Blue"
13435,fine-tuned,"Orange,Blue,Blue"
13436,fine-tuned,"Red,Orange,Green,Blue,Blue"
13437,fine-tuned,"Purple,Red,Red,Blue,Green"
13438,fine-tuned,"Orange,Red,Green,Red"
13439,fine-tuned,"Orange,Blue,Green,Yellow,Green,Orange"
13440,fine-tuned,"Blue,Orange,Blue,Orange,Green,Red"
13441,fine-tuned,"Green,Red,Red,Green,Orange,Green"
13442,fine-tuned,"Red,Red,Blue,Orange,Red"
13443,fine-tuned,"Green,Blue,Green,Red,Orange"
13444,fine-tuned,"Blue,Green,Red,Blue,Orange,Green"
13445,fine-tuned,"Blue,Orange,Green,Red"
13446,fine-tuned,"Blue,Orange,Orange,Red,Green"
13447,fine-tuned,"Blue,Red,Green,Orange,Blue,Green"
13448,fine-tuned,"Blue,Green,Green,Blue,Red,Blue"
13449,fine-tuned,"Blue,Green,Orange,Blue,Blue,Red"
13450,fine-tuned,"Green,Green,Red,Orange"
13451,fine-tuned,"Orange,Blue,Green,Red,Green"
13452,fine-tuned,"Green,Orange,Red,Red,Green,Blue"
13453,fine-tuned,"Blue,Green,Orange,Red,Red"
13454,fine-tuned,"Yellow,Orange,Green,Green"
13455,fine-tuned,"Yellow,Orange,Green,Blue"
13456,fine-tuned,"Orange,Green,Red,Blue,Green"
13457,fine-tuned,"Red,Green,Orange,Blue,Red"
13458,fine-tuned,"Blue,Green,Yellow,Red,Orange,Blue"
13459,fine-tuned,"Blue,Orange,Orange,Green,Blue"
13460,fine-tuned,"Green,Red,Orange,Red,Blue"
13461,fine-tuned,"Blue,Green,Orange,Red,Blue"
13462,fine-tuned,"Blue,Orange,Green,Blue,Red,Orange"
13463,fine-tuned,"Blue,Orange,Green,Red,Green,Red"
13464,fine-tuned,"Blue,Red,Red,Green"
13465,fine-tuned,"Blue,Red,Red"
13466,fine-tuned,"Red,Green,Orange,Blue,Orange"
13467,fine-tuned,"Blue,Green,Purple,Red,Yellow,Red"
13468,fine-tuned,"Purple,Blue,Red,Orange,Red,Green"
13469,fine-tuned,"Green,Orange,Red,Red"
13470,fine-tuned,"Green,Blue,Purple,Red,Blue,Orange"
13471,fine-tuned,"Orange,Purple,Red,Green,Blue,Orange"
13472,fine-tuned,"Yellow,Orange,Orange,Blue,Green"
13473,fine-tuned,"Green,Blue,Orange,Red,Red,Green"
13474,fine-tuned,"Red,Blue,Blue,Red,Green,Blue"
13475,fine-tuned,"Green,Red,Red,Green,Orange,Blue"
13476,fine-tuned,"Red,Orange,Blue"
13477,fine-tuned,"Blue,Red,Red,Red"
13478,fine-tuned,"Purple,Blue,Red,Green,Orange,Blue"
13479,fine-tuned,"Purple,Orange,Green,Blue,Red"
13480,fine-tuned,"Orange,Blue,Purple,Purple,Orange,Green"
13481,fine-tuned,"Green,Red,Blue,Blue,Green,Green"
13482,fine-tuned,"Red,Red,Orange,Blue,Green"
13483,fine-tuned,"Green,Blue,Red,Blue,Red"
13484,fine-tuned,"Red,Blue,Orange,Green,Green,Red"
13485,fine-tuned,"Green,Red,Blue,Green"
13486,fine-tuned,"Green,Red,Red,Orange"
13487,fine-tuned,"Blue,Green,Red,Green,Orange"
13488,fine-tuned,"Yellow,Green,Blue,Green,Red,Yellow"
13489,fine-tuned,"Purple,Green,Blue,Red,Orange,Red"
13490,fine-tuned,"Green,Red,Orange,Red,Blue,Orange"
13491,fine-tuned,"Purple,Green,Blue,Green,Red,Orange"
13492,fine-tuned,"Green,Red,Orange"
13493,fine-tuned,"Yellow,Green,Orange,Blue,Red,Green"
13494,fine-tuned,"Orange,Blue,Red,Green,Red"
13495,fine-tuned,"Yellow,Orange,Green,Blue,Red,Red"
13496,fine-tuned,"Blue,Green,Orange,Blue,Red"
13497,fine-tuned,"Red,Blue,Green,Orange"
13498,fine-tuned,"Yellow,Blue,Orange,Red,Green,Blue"
13499,fine-tuned,"Blue,Green,Orange,Orange,Green"
13500,fine-tuned,"Purple,Blue,Red,Orange,Red,Blue"
13501,fine-tuned,"Red,Orange,Blue,Red,Green"
13502,fine-tuned,"Blue,Orange,Red,Blue,Green"
13503,fine-tuned,"Purple,Green,Blue,Red,Orange"
13504,fine-tuned,"Blue,Red,Green,Blue,Blue"
13505,fine-tuned,"Blue,Red,Red,Red,Blue"
13506,fine-tuned,"Yellow,Blue,Green,Red"
13507,fine-tuned,"Blue,Orange,Red,Orange,Green"
13508,fine-tuned,"Blue,Red,Blue"
13509,fine-tuned,"Yellow,Green,Blue,Red,Orange"
13510,fine-tuned,"Orange,Blue,Green,Red"
13511,fine-tuned,"Blue,Blue,Green,Red,Blue"
13512,fine-tuned,"Blue,Red,Red,Orange,Green"
13513,fine-tuned,"Blue,Green,Red,Green"
13514,fine-tuned,"Blue,Red,Green,Blue,Green"
13515,fine-tuned,"Green,Red,Green,Red,Green,Green"
13516,fine-tuned,"Blue,Red,Green,Red"
13517,fine-tuned,"Yellow,Green,Orange,Green,Blue,Green"
13518,fine-tuned,"Red,Orange,Orange,Blue"
13519,fine-tuned,"Green,Blue,Orange,Red,Blue,Orange"
13520,fine-tuned,"Yellow,Blue,Green,Orange"
13521,fine-tuned,"Blue,Red,Red,Blue,Red,Green"
13522,fine-tuned,"Red,Orange,Green"
13523,fine-tuned,"Green,Blue,Red,Blue,Orange,Red"
13524,fine-tuned,"Red,Green,Blue,Red"
13525,fine-tuned,"Blue,Orange,Red,Red,Green"
13526,fine-tuned,"Purple,Blue,Green,Red,Orange"
13527,fine-tuned,"Red,Green,Green,Blue,Orange"
13528,fine-tuned,"Blue,Orange,Green,Red,Red"
13529,fine-tuned,"Green,Orange,Red,Orange,Red"
13530,fine-tuned,"Orange,Green,Red,Green,Red,Blue"
13531,fine-tuned,"Purple,Blue,Green,Orange,Orange,Red"
13532,fine-tuned,"Yellow,Blue,Red,Orange,Orange"
13533,fine-tuned,"Yellow,Green,Blue,Blue,Red,Red"
13534,fine-tuned,"Yellow,Orange,Orange,Green,Blue,Red"
13535,fine-tuned,"Orange,Blue,Red,Green"
13536,fine-tuned,"Yellow,Blue,Green,Blue,Red,Red"
13537,fine-tuned,"Blue,Green,Green,Red,Red"
13538,fine-tuned,"Red,Blue,Red,Blue"
13539,fine-tuned,"Blue,Orange,Green,Red,Green"
13540,fine-tuned,"Orange,Green,Blue,Orange"
13541,fine-tuned,"Yellow,Orange,Red,Green,Blue,Green"
13542,fine-tuned,"Blue,Blue,Orange,Green"
13543,fine-tuned,"Green,Orange,Blue,Red,Blue"
13544,fine-tuned,"Yellow,Green,Blue,Orange,Red"
13545,fine-tuned,"Orange,Yellow,Green,Red,Yellow,Blue"
13546,fine-tuned,"Green,Orange,Blue,Red,Red,Green"
13547,fine-tuned,"Orange,Blue,Red,Red,Green"
13548,fine-tuned,"Blue,Orange,Green,Red,Orange"
13549,fine-tuned,"Green,Blue,Orange,Red,Green,Blue"
13550,fine-tuned,"Green,Orange,Green,Blue,Red"
13551,fine-tuned,"Green,Blue,Orange,Red"
13552,fine-tuned,"Green,Blue,Orange,Red,Green"
13553,fine-tuned,"Blue,Blue,Green"
13554,fine-tuned,"Yellow,Orange,Green,Blue,Green"
13555,fine-tuned,"Blue,Green,Red,Green,Red"
13556,fine-tuned,"Red,Blue,Red,Red,Green,Orange"
13557,fine-tuned,"Blue,Green,Orange,Green"
13558,fine-tuned,"Yellow,Blue,Red,Red,Blue,Red"
13559,fine-tuned,"Blue,Blue,Green,Blue,Orange,Green"
13560,fine-tuned,"Purple,Green,Orange,Orange,Red"
13561,fine-tuned,"Blue,Red,Blue,Green,Orange"
13562,fine-tuned,"Green,Blue,Orange,Orange"
13563,fine-tuned,"Purple,Green,Green,Blue,Red"
13564,fine-tuned,"Purple,Blue,Blue,Orange,Green,Blue"
13565,fine-tuned,"Green,Red,Green,Green"
13566,fine-tuned,"Blue,Orange,Red,Red,Orange"
13567,fine-tuned,"Yellow,Green,Green,Blue,Red,Orange"
13568,fine-tuned,"Red,Green,Red,Blue,Orange,Blue"
13569,fine-tuned,"Purple,Green,Green"
13570,fine-tuned,"Red,Orange,Green"
13571,fine-tuned,"Blue,Red,Orange,Blue,Red,Red"
13572,fine-tuned,"Blue,Orange,Red,Green"
13573,fine-tuned,"Orange,Green,Blue,Orange"
13574,fine-tuned,"Yellow,Orange,Red,Red,Green,Green"
13575,fine-tuned,"Green,Orange,Blue,Red"
13576,fine-tuned,"Blue,Green,Red,Red,Orange,Green"
13577,fine-tuned,"Blue,Green,Green,Red,Orange"
13578,fine-tuned,"Blue,Green,Red,Orange,Red,Orange"
13579,fine-tuned,"Green,Blue,Red,Red"
13580,fine-tuned,"Red,Blue,Orange,Green,Green"
13581,fine-tuned,"Blue,Green,Red,Red,Blue,Green"
13582,fine-tuned,"Yellow,Green,Red,Green,Red,Orange"
13583,fine-tuned,"Blue,Green,Orange,Green,Purple,Yellow"
13584,fine-tuned,"Purple,Blue,Red,Green,Red"
13585,fine-tuned,"Blue,Green,Green,Orange,Green,Red"
13586,fine-tuned,"Red,Red,Green,Red,Green"
13587,fine-tuned,"Yellow,Orange,Red,Blue,Green"
13588,fine-tuned,"Green,Red,Red,Orange"
13589,fine-tuned,"Blue,Orange,Red,Orange,Green"
13590,fine-tuned,"Blue,Orange,Green,Blue"
13591,fine-tuned,"Green,Green,Blue"
13592,fine-tuned,"Yellow,Orange,Red,Green,Blue"
13593,fine-tuned,"Orange,Green,Red,Green,Green,Green"
13594,fine-tuned,"Yellow,Red,Green,Green,Orange,Red"
13595,fine-tuned,"Red,Green,Orange,Red,Blue,Orange"
13596,fine-tuned,"Green,Orange,Blue,Blue,Red,Green"
13597,fine-tuned,"Red,Green,Orange,Green,Blue,Red"
13598,fine-tuned,"Green,Yellow,Blue,Red,Purple,Orange"
13599,fine-tuned,"Yellow,Green,Green,Blue,Red,Blue"
13600,fine-tuned,"Orange,Red,Blue,Green"
13601,fine-tuned,"Blue,Green,Red,Green,Orange,Blue"
13602,fine-tuned,"Red,Green,Blue,Orange,Red,Red"
13603,fine-tuned,"Orange,Blue,Green,Blue"
13604,fine-tuned,"Purple,Green,Green,Blue,Red,Red"
13605,fine-tuned,"Green,Blue,Orange,Blue,Red"
13606,fine-tuned,"Orange,Green,Orange,Blue"
13607,fine-tuned,"Blue,Red,Orange,Green,Red"
13608,fine-tuned,"Green,Blue,Orange,Red,Red"
13609,fine-tuned,"Red,Blue,Green,Green,Red"
13610,fine-tuned,"Red,Blue,Blue,Red,Orange"
13611,fine-tuned,"Purple,Orange,Green,Green,Blue,Red"
13612,fine-tuned,"Orange,Red"
13613,fine-tuned,"Blue,Red,Green,Orange,Red,Orange"
13614,fine-tuned,"Blue,Red,Green,Green,Green,Orange"
13615,fine-tuned,"Blue,Orange,Green,Green,Blue"
13616,fine-tuned,"Blue,Red,Green,Green,Blue,Red"
13617,fine-tuned,"Red,Orange,Red"
13618,fine-tuned,"Orange,Blue,Green,Red,Red"
13619,fine-tuned,"Yellow,Red,Red,Green,Orange,Orange"
13620,fine-tuned,"Purple,Orange,Red,Blue,Red"
13621,fine-tuned,"Blue,Orange,Blue,Red"
13622,fine-tuned,"Blue,Green,Purple,Yellow,Red,Orange"
13623,fine-tuned,"Yellow,Red,Green,Green,Red"
13624,fine-tuned,"Yellow,Orange,Green"
13625,fine-tuned,"Yellow,Orange,Blue,Blue"
13626,fine-tuned,"Red,Blue,Green,Blue,Green,Blue"
13627,fine-tuned,"Green,Orange,Green,Blue"
13628,fine-tuned,"Yellow,Red,Blue,Blue,Green"
13629,fine-tuned,"Green,Orange,Red,Blue,Red,Red"
13630,fine-tuned,"Blue,Blue,Orange,Blue,Blue,Blue"
13631,fine-tuned,"Red,Blue,Red,Blue,Red,Green"
13632,fine-tuned,"Purple,Orange,Blue,Orange"
13633,fine-tuned,"Green,Red,Orange,Green"
13634,fine-tuned,"Orange,Red,Green,Green"
13635,fine-tuned,"Green,Blue,Red,Blue,Red"
13636,fine-tuned,"Red,Green,Blue,Blue,Red"
13637,fine-tuned,"Yellow,Green,Red,Blue,Red,Blue"
13638,fine-tuned,"Blue,Orange,Red,Green,Blue"
13639,fine-tuned,"Blue,Green,Orange,Green,Red,Blue"
13640,fine-tuned,"Red,Orange,Orange,Blue,Orange,Red"
13641,fine-tuned,"Blue,Red,Green,Red,Orange,Green"
13642,fine-tuned,"Green,Green,Orange,Blue,Green,Blue"
13643,fine-tuned,"Red,Orange,Red,Green,Red"
13644,fine-tuned,"Green,Orange,Red,Orange,Blue"
13645,fine-tuned,"Green,Orange,Blue,Orange"
13646,fine-tuned,"Green,Blue,Green,Blue,Orange"
13647,fine-tuned,"Green,Red,Orange,Orange,Blue,Red"
13648,fine-tuned,"Blue,Orange,Green,Red,Blue"
13649,fine-tuned,"Green,Blue,Orange,Blue,Green"
13650,fine-tuned,"Green,Orange,Blue,Red,Blue,Orange"
13651,fine-tuned,"Blue,Red,Green"
13652,fine-tuned,"Red,Blue,Orange,Red,Green"
13653,fine-tuned,"Red,Green,Orange,Green"
13654,fine-tuned,"Red,Blue,Green,Green,Green"
13655,fine-tuned,"Red,Orange,Orange"
13656,fine-tuned,"Red,Blue,Green,Blue"
13657,fine-tuned,"Yellow,Orange,Blue,Green,Orange"
13658,fine-tuned,"Red,Red,Green,Red"
13659,fine-tuned,"Blue,Green,Green,Orange"
13660,fine-tuned,"Yellow,Green,Orange"
13661,fine-tuned,"Blue,Red,Green,Red,Blue"
13662,fine-tuned,"Blue,Green,Yellow,Purple,Red,Green"
13663,fine-tuned,"Blue,Orange,Red,Green,Red"
13664,fine-tuned,"Orange,Green,Blue,Green,Red,Blue"
13665,fine-tuned,"Purple,Red,Blue,Orange,Red"
13666,fine-tuned,"Red,Green,Orange,Blue,Orange,Green"
13667,fine-tuned,"Blue,Red,Red,Green,Blue"
13668,fine-tuned,"Red,Green,Blue,Green"
13669,fine-tuned,"Blue,Orange,Green,Red,Red,Green"
13670,fine-tuned,"Red,Green,Orange,Green,Red,Orange"
13671,fine-tuned,"Green,Orange,Blue,Red,Red,Red"
13672,fine-tuned,"Red,Blue,Red,Green,Orange,Blue"
13673,fine-tuned,"Orange,Blue,Red,Orange"
13674,fine-tuned,"Green,Orange,Red,Green,Orange"
13675,fine-tuned,"Orange,Red,Red,Blue"
13676,fine-tuned,"Blue,Green,Green,Red,Orange"
13677,fine-tuned,"Red,Orange,Blue"
13678,fine-tuned,"Purple,Red,Green,Blue,Red"
13679,fine-tuned,"Orange,Red,Yellow,Orange,Green,Red"
13680,fine-tuned,"Yellow,Green,Red,Red,Orange"
13681,fine-tuned,"Blue,Red,Red,Green"
13682,fine-tuned,"Orange,Green,Green,Orange,Red"
13683,fine-tuned,"Blue,Orange,Green,Green,Blue"
13684,fine-tuned,"Yellow,Blue,Blue,Green,Red,Green"
13685,fine-tuned,"Yellow,Red,Blue,Red,Blue,Green"
13686,fine-tuned,"Purple,Blue,Green,Orange"
13687,fine-tuned,"Blue,Orange,Blue,Green"
13688,fine-tuned,"Blue,Red,Red,Green,Red"
13689,fine-tuned,"Purple,Blue,Red,Green,Blue,Orange"
13690,fine-tuned,"Blue,Green,Green"
13691,fine-tuned,"Orange,Green,Green,Red,Green"
13692,fine-tuned,"Green,Orange,Blue,Orange"
13693,fine-tuned,"Blue,Green,Orange,Red,Orange"
13694,fine-tuned,"Blue,Red,Blue,Green,Orange"
13695,fine-tuned,"Yellow,Red,Blue,Red,Red,Red"
13696,fine-tuned,"Blue,Green,Orange,Red"
13697,fine-tuned,"Green,Orange,Red"
13698,fine-tuned,"Yellow,Red,Blue,Blue,Green"
13699,fine-tuned,"Green,Red,Orange,Green"
13700,fine-tuned,"Purple,Blue,Blue,Orange,Orange,Blue"
13701,fine-tuned,"Blue,Green,Red,Orange,Green,Blue"
13702,fine-tuned,"Red,Orange,Green,Blue,Orange"
13703,fine-tuned,"Red,Blue,Orange"
13704,fine-tuned,"Blue,Green,Orange,Red"
13705,fine-tuned,"Orange,Green,Purple,Blue,Orange,Green"
13706,fine-tuned,"Red,Red,Green,Red,Green,Orange"
13707,fine-tuned,"Yellow,Red,Blue,Green,Green"
13708,fine-tuned,"Green,Red,Red,Red,Green"
13709,fine-tuned,"Blue,Orange,Blue,Red"
13710,fine-tuned,"Red,Orange,Green,Orange"
13711,fine-tuned,"Yellow,Green,Green,Blue"
13712,fine-tuned,"Red,Green,Blue,Orange"
13713,fine-tuned,"Orange,Green,Red,Purple,Green,Red"
13714,fine-tuned,"Blue,Red,Green,Red,Green"
13715,fine-tuned,"Orange,Green,Red,Orange,Blue"
13716,fine-tuned,"Yellow,Blue,Green,Red"
13717,fine-tuned,"Blue,Orange,Green,Green"
13718,fine-tuned,"Purple,Blue,Green,Green"
13719,fine-tuned,"Green,Orange,Red,Blue,Green"
13720,fine-tuned,"Red,Blue,Blue,Green"
13721,fine-tuned,"Red,Blue,Orange,Green,Red,Blue"
13722,fine-tuned,"Purple,Green,Red,Red,Orange,Red"
13723,fine-tuned,"Yellow,Orange,Green,Red,Orange,Red"
13724,fine-tuned,"Purple,Green,Orange,Blue,Red,Red"
13725,fine-tuned,"Orange,Blue,Green,Orange,Red"
13726,fine-tuned,"Green,Blue,Orange,Green,Red,Green"
13727,fine-tuned,"Blue,Orange,Green,Green,Orange"
13728,fine-tuned,"Blue,Red,Green,Green"
13729,fine-tuned,"Blue,Red,Orange,Green"
13730,fine-tuned,"Red,Blue,Green,Orange,Blue,Green"
13731,fine-tuned,"Green,Green,Red,Red,Orange,Orange"
13732,fine-tuned,"Red,Blue,Green,Red,Green,Green"
13733,fine-tuned,"Red,Green,Orange,Blue,Red"
13734,fine-tuned,"Green,Green,Red,Orange,Green"
13735,fine-tuned,"Yellow,Blue,Green,Orange,Green,Red"
13736,fine-tuned,"Yellow,Orange,Blue,Red,Blue"
13737,fine-tuned,"Red,Orange,Green,Red"
13738,fine-tuned,"Orange,Green,Red,Purple,Yellow,Blue"
13739,fine-tuned,"Yellow,Green,Blue,Blue,Red"
13740,fine-tuned,"Blue,Orange,Green,Green,Orange"
13741,fine-tuned,"Purple,Blue,Green,Blue,Green"
13742,fine-tuned,"Orange,Green,Red,Green,Red,Blue"
13743,fine-tuned,"Red,Blue,Blue,Orange"
13744,fine-tuned,"Blue,Blue,Blue,Green"
13745,fine-tuned,"Blue,Red,Orange,Green,Orange,Red"
13746,fine-tuned,"Orange,Green,Purple,Blue,Red,Purple"
13747,fine-tuned,"Green,Red,Orange,Green"
13748,fine-tuned,"Purple,Red,Blue,Orange,Blue,Red"
13749,fine-tuned,"Blue,Orange,Blue,Red"
13750,fine-tuned,"Yellow,Blue,Red,Green,Blue,Orange"
13751,fine-tuned,"Orange,Green,Red,Blue,Blue"
13752,fine-tuned,"Blue,Green,Red,Red,Blue,Green"
13753,fine-tuned,"Red,Blue,Green,Orange,Red,Red"
13754,fine-tuned,"Red,Orange,Green,Orange,Blue,Red"
13755,fine-tuned,"Red,Orange,Green,Red,Blue,Orange"
13756,fine-tuned,"Blue,Red,Red,Red"
13757,fine-tuned,"Blue,Green,Green,Red,Orange"
13758,fine-tuned,"Blue,Orange,Red"
13759,fine-tuned,"Orange,Green,Blue,Green,Blue,Blue"
13760,fine-tuned,"Orange,Green,Yellow,Red,Purple,Blue"
13761,fine-tuned,"Purple,Green,Blue,Blue"
13762,fine-tuned,"Blue,Green,Orange,Red,Green,Red"
13763,fine-tuned,"Blue,Orange,Red,Red,Green,Red"
13764,fine-tuned,"Blue,Orange,Green,Red"
13765,fine-tuned,"Blue,Green,Blue,Red,Red,Green"
13766,fine-tuned,"Yellow,Green,Blue,Orange,Red,Blue"
13767,fine-tuned,"Blue,Green,Red,Red,Orange,Red"
13768,fine-tuned,"Red,Green,Green"
13769,fine-tuned,"Green,Red,Blue,Green"
13770,fine-tuned,"Yellow,Orange,Red,Blue,Blue"
13771,fine-tuned,"Red,Blue,Green,Green,Orange"
13772,fine-tuned,"Purple,Green,Orange,Green,Red,Red"
13773,fine-tuned,"Blue,Green,Orange,Orange,Orange,Green"
13774,fine-tuned,"Blue,Red,Green,Red,Red,Red"
13775,fine-tuned,"Yellow,Red,Red,Blue,Blue,Red"
13776,fine-tuned,"Red,Orange,Red,Green,Blue,Orange"
13777,fine-tuned,"Green,Blue,Green,Red,Green"
13778,fine-tuned,"Red,Green,Orange,Red,Blue"
13779,fine-tuned,"Red,Blue,Green,Orange,Blue,Green"
13780,fine-tuned,"Green,Orange,Orange,Green,Blue"
13781,fine-tuned,"Red,Blue,Green,Green,Orange"
13782,fine-tuned,"Red,Orange,Blue,Orange,Blue,Red"
13783,fine-tuned,"Orange,Green,Blue,Blue,Red"
13784,fine-tuned,"Blue,Orange,Red,Green"
13785,fine-tuned,Red
13786,fine-tuned,"Green,Red,Green,Blue,Red"
13787,fine-tuned,"Blue,Orange,Red,Red,Blue"
13788,fine-tuned,"Orange,Purple,Green,Blue,Red,Purple"
13789,fine-tuned,"Blue,Green,Red,Green"
13790,fine-tuned,"Purple,Orange,Orange,Blue,Green,Blue"
13791,fine-tuned,"Green,Orange,Green,Red,Blue"
13792,fine-tuned,"Orange,Red,Blue,Orange,Green,Blue"
13793,fine-tuned,"Green,Red,Red"
13794,fine-tuned,"Yellow,Blue,Red,Blue,Orange"
13795,fine-tuned,"Yellow,Orange,Blue,Green,Green,Orange"
13796,fine-tuned,"Yellow,Red,Blue,Orange,Blue"
13797,fine-tuned,"Yellow,Red,Blue,Green,Red,Red"
13798,fine-tuned,"Blue,Orange,Red,Green"
13799,fine-tuned,"Yellow,Green,Blue,Red,Green"
13800,fine-tuned,"Green,Red,Orange,Blue,Green,Green"
13801,fine-tuned,"Yellow,Red,Blue,Blue,Green,Red"
13802,fine-tuned,"Orange,Blue,Blue,Red"
13803,fine-tuned,"Yellow,Green,Blue,Orange,Red,Blue"
13804,fine-tuned,"Yellow,Orange,Blue,Green,Green"
13805,fine-tuned,"Orange,Green,Blue,Green"
13806,fine-tuned,"Orange,Red,Red,Blue"
13807,fine-tuned,"Green,Green,Red,Red"
13808,fine-tuned,"Purple,Red,Orange,Green,Red"
13809,fine-tuned,"Blue,Green,Orange,Green"
13810,fine-tuned,"Yellow,Red,Green,Blue,Orange"
13811,fine-tuned,"Red,Green,Orange,Red,Orange"
13812,fine-tuned,"Green,Blue,Green,Red"
13813,fine-tuned,"Green,Red,Green"
13814,fine-tuned,"Purple,Green,Green"
13815,fine-tuned,"Blue,Red,Red,Green,Green"
13816,fine-tuned,"Green,Red,Red,Orange,Blue,Orange"
13817,fine-tuned,"Orange,Blue,Red,Purple,Red,Yellow"
13818,fine-tuned,"Green,Red,Orange,Red,Red,Green"
13819,fine-tuned,"Green,Orange,Blue,Green,Red"
13820,fine-tuned,"Blue,Orange,Green,Red,Orange,Blue"
13821,fine-tuned,"Orange,Green,Blue,Red,Green,Blue"
13822,fine-tuned,"Blue,Green,Orange,Red,Orange"
13823,fine-tuned,"Purple,Red,Green,Red,Blue,Orange"
13824,fine-tuned,"Blue,Red,Orange,Orange,Red"
13825,fine-tuned,"Red,Blue,Orange,Blue"
13826,fine-tuned,"Green,Red,Red,Blue,Red"
13827,fine-tuned,"Yellow,Green,Orange,Blue,Green"
13828,fine-tuned,"Blue,Green,Orange,Red"
13829,fine-tuned,"Red,Red,Red,Green,Red,Red"
13830,fine-tuned,"Orange,Blue,Purple,Red,Yellow,Green"
13831,fine-tuned,"Red,Green,Orange,Orange,Blue,Green"
13832,fine-tuned,"Blue,Red,Blue,Green,Red"
13833,fine-tuned,"Orange,Green,Green,Blue"
13834,fine-tuned,"Orange,Green,Green,Red,Red,Blue"
13835,fine-tuned,"Red,Blue,Red,Orange,Green,Blue"
13836,fine-tuned,"Yellow,Green,Red,Green,Blue"
13837,fine-tuned,"Green,Red,Blue,Red,Blue"
13838,fine-tuned,"Green,Blue,Orange,Red,Blue"
13839,fine-tuned,"Blue,Orange,Green,Green"
13840,fine-tuned,"Green,Red,Green,Orange,Orange"
13841,fine-tuned,"Blue,Green,Red,Blue,Green"
13842,fine-tuned,"Blue,Red,Green,Orange"
13843,fine-tuned,"Blue,Red,Orange,Red,Blue"
13844,fine-tuned,"Orange,Blue,Red,Green"
13845,fine-tuned,"Blue,Red,Green,Red,Orange,Red"
13846,fine-tuned,"Blue,Orange,Green,Green"
13847,fine-tuned,"Blue,Red,Orange,Blue"
13848,fine-tuned,"Red,Blue,Orange,Red"
13849,fine-tuned,"Blue,Blue,Green,Green,Green,Green"
13850,fine-tuned,"Purple,Blue,Blue,Red,Green"
13851,fine-tuned,"Blue,Red,Green,Blue,Green,Orange"
13852,fine-tuned,"Purple,Blue,Green,Green,Blue,Orange"
13853,fine-tuned,"Yellow,Orange,Blue,Red,Green,Blue"
13854,fine-tuned,"Red,Orange,Green,Blue"
13855,fine-tuned,"Yellow,Red,Blue,Green,Red"
13856,fine-tuned,"Red,Blue,Orange,Blue,Green,Red"
13857,fine-tuned,"Red,Green,Blue,Orange,Orange"
13858,fine-tuned,"Blue,Green,Green,Blue,Red"
13859,fine-tuned,"Blue,Green,Green,Red,Red"
13860,fine-tuned,"Red,Blue,Red,Red"
13861,fine-tuned,"Red,Red,Blue,Blue"
13862,fine-tuned,"Blue,Orange,Red,Green,Red"
13863,fine-tuned,"Blue,Green,Green,Green"
13864,fine-tuned,"Blue,Red,Green,Orange,Red"
13865,fine-tuned,"Orange,Green,Blue,Green,Orange,Blue"
13866,fine-tuned,"Green,Orange,Green,Red,Red,Blue"
13867,fine-tuned,"Red,Red,Blue,Red,Blue,Red"
13868,fine-tuned,"Red,Blue,Orange,Orange,Green,Blue"
13869,fine-tuned,"Green,Blue,Green,Red,Orange"
13870,fine-tuned,"Blue,Green,Red,Blue"
13871,fine-tuned,"Orange,Purple,Green,Red,Green,Blue"
13872,fine-tuned,"Red,Orange,Green,Blue,Orange,Blue"
13873,fine-tuned,"Purple,Green,Green,Red,Orange"
13874,fine-tuned,"Blue,Green,Orange"
13875,fine-tuned,"Yellow,Red,Orange,Blue,Green,Green"
13876,fine-tuned,"Green,Blue,Red,Green,Orange,Red"
13877,fine-tuned,"Green,Blue,Orange,Green"
13878,fine-tuned,"Yellow,Green,Green,Blue,Blue"
13879,fine-tuned,"Orange,Blue,Red,Green,Green"
13880,fine-tuned,"Blue,Green,Red,Red,Orange,Blue"
13881,fine-tuned,"Yellow,Red,Orange,Green,Green"
13882,fine-tuned,"Red,Green,Orange,Red,Blue,Orange"
13883,fine-tuned,"Red,Green,Red,Blue,Green,Red"
13884,fine-tuned,"Red,Orange,Blue,Green,Orange"
13885,fine-tuned,"Red,Orange,Green,Blue"
13886,fine-tuned,"Green,Blue,Orange,Blue,Purple,Purple"
13887,fine-tuned,"Purple,Green,Blue,Orange,Blue"
13888,fine-tuned,"Orange,Blue,Blue,Orange,Red"
13889,fine-tuned,"Orange,Blue,Green,Green,Blue,Orange"
13890,fine-tuned,"Blue,Green,Orange,Blue,Orange,Green"
13891,fine-tuned,"Red,Green,Blue,Blue,Red,Orange"
13892,fine-tuned,"Blue,Yellow,Red,Green,Yellow,Orange"
13893,fine-tuned,"Yellow,Green,Green,Red,Blue"
13894,fine-tuned,"Blue,Green,Red,Red,Red"
13895,fine-tuned,"Blue,Green,Orange,Green,Blue"
13896,fine-tuned,"Purple,Green,Green,Orange,Orange"
13897,fine-tuned,"Red,Blue,Green,Orange,Green,Red"
13898,fine-tuned,"Green,Blue,Red,Red"
13899,fine-tuned,"Blue,Red,Red,Blue"
13900,fine-tuned,"Green,Red,Green"
13901,fine-tuned,"Blue,Orange,Orange,Green,Orange"
13902,fine-tuned,"Blue,Red,Green,Red,Orange"
13903,fine-tuned,"Blue,Red,Green,Green,Blue,Red"
13904,fine-tuned,"Yellow,Green,Blue,Green,Orange,Red"
13905,fine-tuned,"Yellow,Blue,Green,Green,Green,Red"
13906,fine-tuned,"Green,Blue,Blue,Blue,Orange,Green"
13907,fine-tuned,"Yellow,Orange,Orange"
13908,fine-tuned,"Red,Green,Blue,Orange,Blue,Green"
13909,fine-tuned,"Green,Blue,Orange"
13910,fine-tuned,"Blue,Blue,Orange,Green"
13911,fine-tuned,"Green,Orange,Green,Blue,Orange"
13912,fine-tuned,"Yellow,Green,Red,Blue,Green"
13913,fine-tuned,"Green,Orange,Red,Red,Blue,Blue"
13914,fine-tuned,"Blue,Green,Red,Orange"
13915,fine-tuned,"Purple,Orange,Red,Red"
13916,fine-tuned,"Purple,Orange,Green,Blue,Red,Red"
13917,fine-tuned,"Orange,Green,Red,Blue"
13918,fine-tuned,"Yellow,Red,Red,Green,Blue,Red"
13919,fine-tuned,"Red,Green,Red,Blue,Red"
13920,fine-tuned,"Red,Green,Red,Green,Blue,Red"
13921,fine-tuned,"Red,Green,Blue"
13922,fine-tuned,"Red,Blue,Green,Orange,Blue,Red"
13923,fine-tuned,"Blue,Blue,Orange,Red,Orange"
13924,fine-tuned,"Red,Green,Green,Orange,Blue,Blue"
13925,fine-tuned,"Orange,Red,Blue,Green"
13926,fine-tuned,"Blue,Green,Orange,Blue"
13927,fine-tuned,"Blue,Green,Green,Red,Orange,Green"
13928,fine-tuned,"Yellow,Blue,Green,Red,Green,Orange"
13929,fine-tuned,"Yellow,Green,Red,Blue,Orange,Blue"
13930,fine-tuned,"Purple,Orange,Orange,Blue,Red,Blue"
13931,fine-tuned,"Orange,Green,Blue,Red,Blue,Green"
13932,fine-tuned,"Green,Orange,Red,Red,Red"
13933,fine-tuned,"Green,Blue,Orange,Red,Blue"
13934,fine-tuned,"Blue,Green,Orange,Red"
13935,fine-tuned,"Blue,Green,Green,Red"
13936,fine-tuned,"Purple,Green,Green,Red,Green"
13937,fine-tuned,"Purple,Red,Blue,Blue,Orange,Orange"
13938,fine-tuned,"Green,Orange,Blue,Red,Green"
13939,fine-tuned,"Yellow,Blue,Red,Green,Red,Blue"
13940,fine-tuned,"Purple,Green,Orange,Green,Orange"
13941,fine-tuned,"Blue,Green,Green,Blue,Green,Green"
13942,fine-tuned,"Blue,Red,Blue,Orange,Red,Green"
13943,fine-tuned,"Red,Green,Orange"
13944,fine-tuned,"Blue,Green,Orange,Orange,Green"
13945,fine-tuned,"Blue,Orange"
13946,fine-tuned,"Green,Blue,Orange,Green,Orange,Green"
13947,fine-tuned,"Yellow,Blue,Red,Green,Blue"
13948,fine-tuned,"Yellow,Red,Orange,Green,Blue"
13949,fine-tuned,"Blue,Orange,Red,Red,Green,Red"
13950,fine-tuned,"Blue,Green,Orange,Red,Green"
13951,fine-tuned,"Orange,Green,Yellow,Red,Purple,Green"
13952,fine-tuned,"Orange,Blue,Red,Green,Red"
13953,fine-tuned,"Red,Red,Red,Green,Blue,Red"
13954,fine-tuned,"Red,Orange,Orange,Green"
13955,fine-tuned,"Blue,Green,Orange,Green,Blue"
13956,fine-tuned,"Orange,Red,Blue,Green"
13957,fine-tuned,"Green,Red,Red,Red,Green,Red"
13958,fine-tuned,"Blue,Orange,Green,Blue,Green"
13959,fine-tuned,"Orange,Green,Blue,Green"
13960,fine-tuned,"Red,Green,Green,Orange,Blue,Green"
13961,fine-tuned,"Red,Blue,Orange,Blue,Red"
13962,fine-tuned,"Yellow,Blue,Red,Orange,Green,Blue"
13963,fine-tuned,"Green,Blue,Orange,Red,Orange"
13964,fine-tuned,"Purple,Blue,Orange,Blue"
13965,fine-tuned,"Orange,Blue,Green,Green,Blue,Green"
13966,fine-tuned,"Green,Blue,Orange"
13967,fine-tuned,"Yellow,Green,Orange,Red,Blue,Green"
13968,fine-tuned,"Orange,Blue,Purple,Green,Blue,Red"
13969,fine-tuned,"Blue,Orange,Blue,Orange"
13970,fine-tuned,"Red,Blue,Blue,Orange"
13971,fine-tuned,"Green,Orange,Blue,Red,Blue"
13972,fine-tuned,"Blue,Orange,Red,Red,Green"
13973,fine-tuned,"Yellow,Green,Orange,Red,Red"
13974,fine-tuned,"Orange,Red,Red,Blue,Red,Purple"
13975,fine-tuned,"Orange,Green,Blue,Blue"
13976,fine-tuned,"Green,Orange,Blue,Red,Orange"
13977,fine-tuned,"Blue,Green,Orange,Orange,Red,Blue"
13978,fine-tuned,"Blue,Red,Green,Blue,Red"
13979,fine-tuned,"Red,Green,Red,Orange"
13980,fine-tuned,"Green,Purple,Red,Yellow,Purple,Blue"
13981,fine-tuned,"Blue,Green,Blue,Orange,Green"
13982,fine-tuned,"Blue,Red,Red,Red,Blue,Red"
13983,fine-tuned,"Yellow,Green,Blue,Orange,Blue,Green"
13984,fine-tuned,"Blue,Green,Blue,Green,Red"
13985,fine-tuned,"Blue,Orange,Red"
13986,fine-tuned,"Green,Red,Orange,Green"
13987,fine-tuned,"Blue,Red,Orange,Red"
13988,fine-tuned,"Green,Orange,Blue,Green,Red,Red"
13989,fine-tuned,"Green,Orange,Blue,Green"
13990,fine-tuned,"Green,Orange,Green,Blue"
13991,fine-tuned,"Red,Orange,Red,Blue,Green"
13992,fine-tuned,"Blue,Green,Blue,Red,Green,Green"
13993,fine-tuned,"Yellow,Red,Green,Orange,Red,Green"
13994,fine-tuned,"Red,Blue,Blue,Red,Red,Orange"
13995,fine-tuned,"Purple,Blue,Red,Red,Green,Orange"
13996,fine-tuned,"Red,Orange,Blue,Green,Red"
13997,fine-tuned,"Yellow,Blue,Green,Red,Green"
13998,fine-tuned,"Blue,Green,Orange,Orange,Red,Blue"
13999,fine-tuned,"Yellow,Green,Green,Blue,Red"
14000,fine-tuned,"Red,Green,Blue,Green"
14001,fine-tuned,"Red,Orange,Red,Green,Red"
14002,fine-tuned,"Green,Blue,Orange,Green,Green,Orange"
14003,fine-tuned,"Blue,Orange,Orange,Green,Blue,Red"
14004,fine-tuned,"Green,Red,Red,Orange,Blue,Green"
14005,fine-tuned,"Yellow,Orange,Green,Blue"
14006,fine-tuned,"Blue,Orange,Red,Red"
14007,fine-tuned,"Purple,Red,Green,Green,Green"
14008,fine-tuned,"Blue,Orange,Green,Red"
14009,fine-tuned,"Orange,Red,Blue,Green"
14010,fine-tuned,"Blue,Green"
14011,fine-tuned,"Blue,Green,Blue,Red"
14012,fine-tuned,"Blue,Green,Green"
14013,fine-tuned,"Red,Orange,Green,Green,Blue,Green"
14014,fine-tuned,"Blue,Green,Orange,Orange,Red"
14015,fine-tuned,"Yellow,Red,Blue,Green,Orange,Blue"
14016,fine-tuned,"Blue,Green,Orange,Green"
14017,fine-tuned,"Red,Green,Orange,Green"
14018,fine-tuned,"Orange,Blue,Orange,Red,Green,Red"
14019,fine-tuned,"Blue,Orange,Green,Orange,Red,Blue"
14020,fine-tuned,"Blue,Red,Red,Green"
14021,fine-tuned,"Purple,Orange,Blue,Red,Green,Green"
14022,fine-tuned,"Red,Green,Blue,Green,Red,Red"
14023,fine-tuned,"Blue,Green,Orange,Green,Orange"
14024,fine-tuned,"Green,Red,Orange,Red,Orange"
14025,fine-tuned,"Green,Blue,Red,Green"
14026,fine-tuned,"Blue,Red,Green,Green"
14027,fine-tuned,"Blue,Green,Red,Orange,Green,Green"
14028,fine-tuned,"Green,Blue,Orange,Red,Red"
14029,fine-tuned,"Red,Green,Blue,Blue"
14030,fine-tuned,"Orange,Green,Orange,Green"
14031,fine-tuned,"Blue,Orange,Green,Red,Red,Red"
14032,fine-tuned,"Blue,Green,Orange,Red,Green"
14033,fine-tuned,"Yellow,Orange,Orange"
14034,fine-tuned,"Orange,Red,Purple,Red,Orange,Blue"
14035,fine-tuned,"Blue,Orange"
14036,fine-tuned,"Green,Red,Orange,Orange,Green"
14037,fine-tuned,"Blue,Green,Blue,Red"
14038,fine-tuned,"Red,Orange,Blue,Red"
14039,fine-tuned,"Red,Blue,Blue,Green,Orange,Red"
14040,fine-tuned,"Red,Green,Blue,Red,Orange,Green"
14041,fine-tuned,"Red,Green,Orange,Green"
14042,fine-tuned,"Blue,Green,Red,Green"
14043,fine-tuned,"Red,Orange,Green,Red"
14044,fine-tuned,"Yellow,Blue,Red,Red,Orange,Green"
14045,fine-tuned,"Green,Blue,Green,Orange,Red,Red"
14046,fine-tuned,"Red,Orange,Red,Orange,Red"
14047,fine-tuned,"Green,Red,Blue,Blue,Orange,Blue"
14048,fine-tuned,"Orange,Red,Purple,Green,Blue,Red"
14049,fine-tuned,"Green,Red,Orange,Blue,Blue,Orange"
14050,fine-tuned,"Blue,Orange,Red,Green"
14051,fine-tuned,"Purple,Green,Blue,Red,Blue,Red"
14052,fine-tuned,"Green,Red,Blue,Red,Red,Green"
14053,fine-tuned,"Yellow,Red,Blue,Orange,Green,Red"
14054,fine-tuned,"Blue,Red,Green,Red"
14055,fine-tuned,"Green,Blue,Red,Red,Red,Red"
14056,fine-tuned,"Purple,Red,Blue"
14057,fine-tuned,"Purple,Orange,Green,Blue,Blue"
14058,fine-tuned,"Green,Red,Red,Blue"
14059,fine-tuned,"Yellow,Blue,Red,Blue,Orange,Red"
14060,fine-tuned,"Blue,Green,Green,Blue,Red,Red"
14061,fine-tuned,"Blue,Red,Orange"
14062,fine-tuned,"Blue,Orange,Red,Orange"
14063,fine-tuned,"Purple,Orange,Blue,Blue,Red,Green"
14064,fine-tuned,"Red,Orange,Orange,Green,Red"
14065,fine-tuned,"Green,Orange,Red,Blue"
14066,fine-tuned,"Green,Green,Blue,Blue,Blue"
14067,fine-tuned,"Blue,Green,Orange,Red,Red"
14068,fine-tuned,"Orange,Blue,Green,Blue"
14069,fine-tuned,"Blue,Green,Orange,Orange,Blue"
14070,fine-tuned,"Yellow,Blue,Red"
14071,fine-tuned,"Green,Red,Green,Red,Red"
14072,fine-tuned,"Red,Orange,Red,Blue,Green,Red"
14073,fine-tuned,"Orange,Blue,Yellow,Red,Green,Blue"
14074,fine-tuned,"Yellow,Green,Orange,Blue,Green,Red"
14075,fine-tuned,"Red,Green,Red,Green"
14076,fine-tuned,"Green,Blue,Red,Orange,Red"
14077,fine-tuned,"Blue,Orange,Green,Red,Blue,Green"
14078,fine-tuned,"Green,Orange,Red,Orange,Blue"
14079,fine-tuned,"Purple,Green,Red,Blue,Green"
14080,fine-tuned,"Red,Red,Green,Blue,Red"
14081,fine-tuned,"Purple,Blue,Red,Red,Red"
14082,fine-tuned,"Yellow,Orange,Red,Green,Red,Red"
14083,fine-tuned,"Purple,Green,Green,Blue,Orange"
14084,fine-tuned,"Purple,Green,Red,Orange"
14085,fine-tuned,"Green,Orange,Red,Blue,Orange"
14086,fine-tuned,"Green,Green,Red,Red,Red"
14087,fine-tuned,"Yellow,Red,Blue,Orange,Red,Green"
14088,fine-tuned,"Red,Green,Green,Orange,Red,Orange"
14089,fine-tuned,"Orange,Green,Red,Orange,Green"
14090,fine-tuned,"Blue,Orange,Red,Orange"
14091,fine-tuned,"Green,Orange,Green,Red"
14092,fine-tuned,"Orange,Green,Blue,Orange"
14093,fine-tuned,"Red,Blue,Orange,Blue"
14094,fine-tuned,"Blue,Green,Red,Orange,Red"
14095,fine-tuned,"Blue,Green,Green,Green,Red,Green"
14096,fine-tuned,"Green,Red,Red,Orange,Red"
14097,fine-tuned,"Orange,Green,Blue,Red,Orange,Green"
14098,fine-tuned,"Orange,Blue,Green,Green,Red,Red"
14099,fine-tuned,"Blue,Red,Green,Red"
14100,fine-tuned,"Orange,Purple,Green,Blue,Yellow,Red"
14101,fine-tuned,"Green,Red,Red,Orange"
14102,fine-tuned,"Green,Blue,Red,Red"
14103,fine-tuned,"Purple,Green,Blue"
14104,fine-tuned,"Red,Orange,Green,Blue,Green,Blue"
14105,fine-tuned,"Green,Red,Red,Blue,Red,Orange"
14106,fine-tuned,"Yellow,Red,Blue,Green,Orange"
14107,fine-tuned,"Yellow,Blue,Green,Green,Blue"
14108,fine-tuned,"Green,Blue,Yellow,Purple,Blue,Orange"
14109,fine-tuned,"Green,Blue,Red,Blue"
14110,fine-tuned,"Yellow,Green,Red,Green,Green"
14111,fine-tuned,"Red,Green,Blue"
14112,fine-tuned,"Green,Orange,Red,Orange,Green"
14113,fine-tuned,"Blue,Orange,Green,Orange,Blue"
14114,fine-tuned,"Blue,Red,Orange,Green,Red"
14115,fine-tuned,"Orange,Blue,Red,Green"
14116,fine-tuned,"Blue,Orange"
14117,fine-tuned,"Purple,Orange,Red,Green,Blue,Red"
14118,fine-tuned,"Purple,Red,Blue,Red,Blue,Green"
14119,fine-tuned,"Red,Orange,Red,Blue,Orange,Green"
14120,fine-tuned,"Yellow,Green,Red,Blue,Purple,Blue"
14121,fine-tuned,"Red,Blue,Green,Green"
14122,fine-tuned,"Yellow,Blue,Green,Blue"
14123,fine-tuned,"Green,Red,Green,Blue,Orange,Green"
14124,fine-tuned,"Blue,Green,Green,Orange,Green,Blue"
14125,fine-tuned,"Red,Orange,Green,Red,Green"
14126,fine-tuned,"Yellow,Blue,Orange,Red,Orange,Blue"
14127,fine-tuned,"Red,Orange,Green,Red"
14128,fine-tuned,"Orange,Green,Red,Red,Green,Blue"
14129,fine-tuned,"Green,Orange,Blue,Blue,Orange,Green"
14130,fine-tuned,"Purple,Green,Green,Blue,Red"
14131,fine-tuned,"Purple,Green,Red,Red,Red,Orange"
14132,fine-tuned,"Blue,Green,Green,Blue,Orange"
14133,fine-tuned,"Orange,Blue,Green,Blue,Green,Blue"
14134,fine-tuned,"Red,Green,Green,Orange,Red,Red"
14135,fine-tuned,"Red,Green,Green,Orange,Green"
14136,fine-tuned,"Blue,Blue,Blue,Orange,Green"
14137,fine-tuned,"Red,Blue,Green,Orange"
14138,fine-tuned,"Orange,Blue,Red,Blue,Red"
14139,fine-tuned,"Blue,Green,Purple,Red,Yellow,Green"
14140,fine-tuned,"Orange,Red,Green,Blue"
14141,fine-tuned,"Blue,Red,Orange,Green"
14142,fine-tuned,"Blue,Green,Orange,Blue,Orange,Red"
14143,fine-tuned,"Red,Blue,Orange,Orange,Green,Blue"
14144,fine-tuned,"Blue,Orange,Green,Green,Orange"
14145,fine-tuned,"Orange,Blue,Red,Green,Red"
14146,fine-tuned,"Green,Blue,Orange,Red,Red"
14147,fine-tuned,"Green,Red,Red,Orange"
14148,fine-tuned,"Blue,Orange,Green,Green,Blue,Red"
14149,fine-tuned,"Red,Blue,Green,Red,Red"
14150,fine-tuned,"Blue,Green,Red,Green,Blue"
14151,fine-tuned,"Red,Green,Orange,Blue"
14152,fine-tuned,"Blue,Orange,Green,Green,Blue,Orange"
14153,fine-tuned,"Purple,Red,Blue,Green,Green"
14154,fine-tuned,"Red,Green,Blue,Orange,Green,Red"
14155,fine-tuned,"Orange,Green,Green,Red,Red"
14156,fine-tuned,"Red,Green,Green,Blue,Orange,Blue"
14157,fine-tuned,"Blue,Green,Orange,Red"
14158,fine-tuned,"Red,Red,Green,Red,Green"
14159,fine-tuned,"Red,Orange,Blue,Green,Blue,Orange"
14160,fine-tuned,"Red,Green,Orange,Orange,Blue"
14161,fine-tuned,"Red,Red,Orange,Orange,Green"
14162,fine-tuned,"Green,Blue,Red,Red,Blue,Green"
14163,fine-tuned,"Purple,Orange,Green,Blue,Orange,Green"
14164,fine-tuned,"Orange,Blue,Red,Blue,Green,Green"
14165,fine-tuned,"Yellow,Orange,Blue,Red,Orange"
14166,fine-tuned,"Blue,Green,Blue,Blue,Orange,Green"
14167,fine-tuned,"Green,Blue,Red,Green,Orange"
14168,fine-tuned,"Blue,Orange,Red,Green,Red"
14169,fine-tuned,"Yellow,Blue,Blue,Green,Orange"
14170,fine-tuned,"Blue,Orange,Red,Green"
14171,fine-tuned,"Red,Blue,Orange,Red,Orange"
14172,fine-tuned,"Blue,Green,Red,Red,Blue,Green"
14173,fine-tuned,"Orange,Green,Purple,Blue,Yellow,Orange"
14174,fine-tuned,"Yellow,Red,Green,Green,Red,Orange"
14175,fine-tuned,"Green,Red,Orange,Blue,Green,Green"
14176,fine-tuned,"Orange,Yellow,Purple,Purple,Blue,Green"
14177,fine-tuned,"Purple,Blue,Green,Red"
14178,fine-tuned,"Yellow,Orange,Green,Red,Blue"
14179,fine-tuned,"Yellow,Orange,Blue,Red,Blue"
14180,fine-tuned,"Red,Blue,Blue,Green,Blue"
14181,fine-tuned,"Green,Red,Blue,Green,Red,Red"
14182,fine-tuned,"Blue,Orange,Red,Green,Blue"
14183,fine-tuned,"Yellow,Blue,Green,Red,Green"
14184,fine-tuned,"Green,Red,Red"
14185,fine-tuned,"Red,Orange,Blue,Green,Orange"
14186,fine-tuned,"Purple,Red,Orange,Green,Red"
14187,fine-tuned,"Green,Red,Blue,Green,Red,Blue"
14188,fine-tuned,"Red,Blue,Green"
14189,fine-tuned,"Green,Blue,Red,Orange,Purple,Red"
14190,fine-tuned,"Green,Orange,Blue,Green,Red"
14191,fine-tuned,"Red,Green,Blue,Blue,Green,Red"
14192,fine-tuned,"Orange,Green,Blue,Red"
14193,fine-tuned,"Red,Green,Red"
14194,fine-tuned,"Yellow,Green,Orange,Red,Orange"
14195,fine-tuned,"Purple,Green,Orange,Green,Blue"
14196,fine-tuned,"Purple,Blue,Orange,Red,Orange"
14197,fine-tuned,"Blue,Red,Green,Orange,Green"
14198,fine-tuned,"Purple,Blue,Orange,Green,Red,Blue"
14199,fine-tuned,"Green,Blue,Green,Red,Blue,Orange"
14200,fine-tuned,"Orange,Green,Red"
14201,fine-tuned,"Orange,Green,Purple,Red,Purple,Green"
14202,fine-tuned,"Yellow,Green,Purple,Blue,Orange,Purple"
14203,fine-tuned,"Blue,Orange,Red,Green,Red"
14204,fine-tuned,"Green,Green,Green,Blue"
14205,fine-tuned,"Blue,Green,Red,Orange,Red,Orange"
14206,fine-tuned,"Purple,Red,Blue,Blue"
14207,fine-tuned,"Red,Green,Green,Blue,Orange"
14208,fine-tuned,"Yellow,Green,Red,Orange,Red"
14209,fine-tuned,"Red,Orange,Orange,Blue,Blue,Red"
14210,fine-tuned,"Blue,Green,Red,Red,Green,Red"
14211,fine-tuned,"Red,Red,Orange,Blue,Red"
14212,fine-tuned,"Green,Red,Blue,Red,Orange,Orange"
14213,fine-tuned,"Orange,Green,Yellow,Purple,Purple,Blue"
14214,fine-tuned,"Purple,Blue,Green,Red,Green,Orange"
14215,fine-tuned,"Orange,Green,Yellow,Red,Purple,Blue"
14216,fine-tuned,"Purple,Orange,Green,Green,Blue"
14217,fine-tuned,"Green,Orange,Red,Orange,Red,Green"
14218,fine-tuned,"Red,Blue,Green"
14219,fine-tuned,"Red,Orange,Blue,Blue"
14220,fine-tuned,"Orange,Blue,Red,Green,Orange,Green"
14221,fine-tuned,"Red,Orange,Green,Green"
14222,fine-tuned,"Yellow,Orange,Red,Red,Blue,Red"
14223,fine-tuned,"Blue,Orange,Green,Orange,Red,Blue"
14224,fine-tuned,"Blue,Red,Red,Green,Red"
14225,fine-tuned,"Orange,Blue,Red,Green,Green,Blue"
14226,fine-tuned,"Yellow,Green,Red,Green,Red"
14227,fine-tuned,"Yellow,Green,Red,Red,Green,Orange"
14228,fine-tuned,"Blue,Red,Blue,Green"
14229,fine-tuned,"Yellow,Red,Blue,Red,Green,Orange"
14230,fine-tuned,"Red,Green,Red,Green,Blue"
14231,fine-tuned,"Purple,Blue,Green,Orange"
14232,fine-tuned,"Blue,Red,Blue,Red,Red,Blue"
14233,fine-tuned,"Orange,Green,Blue,Red,Blue,Blue"
14234,fine-tuned,"Red,Red,Blue,Green,Orange,Green"
14235,fine-tuned,"Blue,Green,Green"
14236,fine-tuned,"Purple,Blue,Orange"
14237,fine-tuned,"Purple,Blue,Green,Blue"
14238,fine-tuned,"Blue,Orange,Green,Green,Blue"
14239,fine-tuned,"Green,Blue,Orange,Blue,Red"
14240,fine-tuned,"Blue,Orange,Blue,Green,Blue"
14241,fine-tuned,"Yellow,Orange,Blue,Orange,Green"
14242,fine-tuned,"Purple,Blue,Orange,Blue,Red"
14243,fine-tuned,"Red,Orange,Green,Blue"
14244,fine-tuned,"Purple,Blue,Orange,Blue,Orange"
14245,fine-tuned,"Red,Orange,Blue,Green"
14246,fine-tuned,"Green,Orange,Red,Blue,Blue,Red"
14247,fine-tuned,"Green,Orange,Blue,Red,Red"
14248,fine-tuned,"Blue,Orange,Green"
14249,fine-tuned,"Green,Orange,Red,Green"
14250,fine-tuned,"Green,Orange,Red,Green"
14251,fine-tuned,"Yellow,Green,Blue,Red,Green"
14252,fine-tuned,"Green,Blue,Blue,Orange,Orange"
14253,fine-tuned,"Red,Green,Green,Orange,Red,Blue"
14254,fine-tuned,"Red,Blue,Green,Green,Orange,Green"
14255,fine-tuned,"Red,Red,Blue"
14256,fine-tuned,"Blue,Green,Red,Red,Orange,Red"
14257,fine-tuned,"Green,Red,Red,Blue,Blue"
14258,fine-tuned,"Red,Green,Green,Red,Green"
14259,fine-tuned,"Yellow,Orange,Blue,Red,Blue,Orange"
14260,fine-tuned,"Orange,Blue,Blue,Red,Red,Red"
14261,fine-tuned,"Red,Green,Red,Blue,Blue,Green"
14262,fine-tuned,"Orange,Green,Red,Blue,Green,Orange"
14263,fine-tuned,"Blue,Orange,Orange,Green,Orange,Green"
14264,fine-tuned,"Orange,Blue,Orange,Blue,Green"
14265,fine-tuned,"Red,Orange,Blue,Green,Blue,Orange"
14266,fine-tuned,"Blue,Green,Orange,Green"
14267,fine-tuned,"Purple,Orange,Orange,Red,Green"
14268,fine-tuned,"Red,Orange,Blue,Green,Green,Red"
14269,fine-tuned,"Green,Orange,Blue,Blue,Green,Red"
14270,fine-tuned,"Blue,Green,Orange,Red,Orange"
14271,fine-tuned,"Red,Orange,Blue,Green,Blue"
14272,fine-tuned,"Green,Yellow,Purple,Red,Purple,Red"
14273,fine-tuned,"Blue,Red,Orange,Red,Blue,Blue"
14274,fine-tuned,"Blue,Orange,Green,Red,Green,Red"
14275,fine-tuned,"Blue,Orange,Green,Orange,Blue,Red"
14276,fine-tuned,"Blue,Green,Red,Red,Orange"
14277,fine-tuned,"Blue,Green,Red,Red"
14278,fine-tuned,"Purple,Green,Orange,Blue,Red,Red"
14279,fine-tuned,"Red,Green,Blue,Blue,Red"
14280,fine-tuned,"Yellow,Orange,Red,Blue,Red,Red"
14281,fine-tuned,"Blue,Green,Orange,Red,Red"
14282,fine-tuned,"Blue,Green,Orange,Green,Red"
14283,fine-tuned,"Yellow,Green,Orange,Red,Blue,Blue"
14284,fine-tuned,"Blue,Orange,Blue,Red,Green"
14285,fine-tuned,"Purple,Green,Red,Blue,Blue"
14286,fine-tuned,"Blue,Red,Red,Orange,Red"
14287,fine-tuned,"Purple,Red,Green,Red,Orange,Blue"
14288,fine-tuned,"Red,Green,Red,Blue,Orange"
14289,fine-tuned,"Purple,Green,Orange,Blue"
14290,fine-tuned,"Red,Blue,Green"
14291,fine-tuned,"Red,Green,Blue,Red"
14292,fine-tuned,"Blue,Red,Green,Red"
14293,fine-tuned,"Yellow,Green,Blue,Red,Orange,Red"
14294,fine-tuned,"Blue,Red,Green,Green"
14295,fine-tuned,"Orange,Blue,Green,Red,Red,Green"
14296,fine-tuned,"Blue,Green,Blue,Red,Blue"
14297,fine-tuned,"Red,Green,Blue,Red,Orange"
14298,fine-tuned,"Blue,Green,Blue,Orange,Blue,Green"
14299,fine-tuned,"Yellow,Blue,Green,Red,Red,Blue"
14300,fine-tuned,"Blue,Green,Blue,Orange,Green"
14301,fine-tuned,"Blue,Orange,Green,Red,Orange,Blue"
14302,fine-tuned,"Green,Blue,Red"
14303,fine-tuned,"Blue,Green,Green,Red,Red,Red"
14304,fine-tuned,"Blue,Green,Green"
14305,fine-tuned,"Green,Blue,Red,Green,Red"
14306,fine-tuned,"Green,Green,Red,Orange,Orange"
14307,fine-tuned,"Yellow,Blue,Orange,Green,Green,Blue"
14308,fine-tuned,"Orange,Blue,Red,Green,Blue,Red"
14309,fine-tuned,"Red,Green,Orange"
14310,fine-tuned,"Blue,Green,Red,Blue"
14311,fine-tuned,"Blue,Green,Orange,Red,Blue,Orange"
14312,fine-tuned,"Blue,Green,Green,Green"
14313,fine-tuned,"Green,Red,Blue,Orange"
14314,fine-tuned,"Red,Green,Orange,Red,Blue"
14315,fine-tuned,"Red,Blue,Green,Orange,Blue,Orange"
14316,fine-tuned,"Red,Blue,Blue,Green,Orange,Red"
14317,fine-tuned,"Green,Orange,Red,Blue,Red,Red"
14318,fine-tuned,"Orange,Red,Red,Blue,Red"
14319,fine-tuned,"Red,Orange,Green"
14320,fine-tuned,"Blue,Orange,Green,Blue,Red,Green"
14321,fine-tuned,"Yellow,Blue,Green,Red,Green,Red"
14322,fine-tuned,"Purple,Blue,Red,Orange,Red"
14323,fine-tuned,"Purple,Blue,Red,Blue,Green"
14324,fine-tuned,"Green,Red,Red,Red"
14325,fine-tuned,"Blue,Orange,Red,Red,Green"
14326,fine-tuned,"Green,Red,Orange,Blue,Red,Blue"
14327,fine-tuned,"Yellow,Orange,Red,Green,Red"
14328,fine-tuned,"Yellow,Green,Red,Orange"
14329,fine-tuned,"Red,Green,Orange,Blue,Orange"
14330,fine-tuned,"Blue,Orange,Red,Green"
14331,fine-tuned,"Blue,Orange,Green,Blue,Red"
14332,fine-tuned,"Green,Red,Orange,Blue,Blue"
14333,fine-tuned,"Purple,Green,Red,Red,Blue"
14334,fine-tuned,"Yellow,Green,Orange,Red,Blue"
14335,fine-tuned,"Yellow,Green,Orange,Green,Blue,Red"
14336,fine-tuned,"Red,Blue,Green,Red,Blue"
14337,fine-tuned,"Red,Red,Blue"
14338,fine-tuned,"Yellow,Blue,Orange,Green,Red"
14339,fine-tuned,"Orange,Blue,Red,Green"
14340,fine-tuned,"Blue,Orange,Green,Red,Blue,Orange"
14341,fine-tuned,"Yellow,Orange,Red,Red,Blue,Red"
14342,fine-tuned,"Green,Blue,Green"
14343,fine-tuned,"Red,Green,Green,Orange"
14344,fine-tuned,"Yellow,Orange,Green,Red"
14345,fine-tuned,"Yellow,Red,Blue,Orange,Red"
14346,fine-tuned,"Orange,Blue,Green,Red,Green,Red"
14347,fine-tuned,"Green,Red,Red"
14348,fine-tuned,"Orange,Orange,Red,Blue,Red,Red"
14349,fine-tuned,"Green,Blue,Orange,Blue,Red"
14350,fine-tuned,"Red,Green,Red,Blue"
14351,fine-tuned,"Green,Orange,Blue"
14352,fine-tuned,"Red,Green,Red,Orange,Orange"
14353,fine-tuned,"Red,Green,Blue,Green,Red,Red"
14354,fine-tuned,"Yellow,Blue,Red,Blue,Red"
14355,fine-tuned,"Green,Blue,Red,Orange,Orange"
14356,fine-tuned,"Orange,Blue,Green,Blue,Green,Red"
14357,fine-tuned,"Blue,Red,Green,Blue,Orange"
14358,fine-tuned,"Purple,Red,Green,Green,Orange"
14359,fine-tuned,"Green,Red,Blue,Green,Green,Red"
14360,fine-tuned,"Yellow,Orange,Green,Red,Orange"
14361,fine-tuned,"Green,Red,Orange,Red,Blue,Red"
14362,fine-tuned,"Blue,Orange,Orange,Red"
14363,fine-tuned,"Blue,Red,Red,Blue,Red,Green"
14364,fine-tuned,"Orange,Green,Yellow,Blue,Red,Yellow"
14365,fine-tuned,"Red,Blue,Blue,Green,Red"
14366,fine-tuned,"Red,Blue,Green,Red"
14367,fine-tuned,"Orange,Orange,Blue,Orange"
14368,fine-tuned,"Orange,Green,Blue,Red,Orange,Blue"
14369,fine-tuned,"Blue,Green,Red,Blue,Green,Blue"
14370,fine-tuned,"Green,Orange,Blue,Red,Red"
14371,fine-tuned,"Yellow,Red,Orange,Blue,Red,Green"
14372,fine-tuned,"Blue,Orange,Green,Red,Red"
14373,fine-tuned,"Green,Red,Green,Blue,Red,Blue"
14374,fine-tuned,"Orange,Blue,Yellow,Red,Blue,Red"
14375,fine-tuned,"Green,Orange,Orange,Blue,Red,Red"
14376,fine-tuned,"Yellow,Blue,Red,Green,Green,Orange"
14377,fine-tuned,"Red,Green,Blue,Red"
14378,fine-tuned,"Green,Orange,Blue,Orange,Blue,Green"
14379,fine-tuned,"Blue,Green,Orange,Red,Red"
14380,fine-tuned,"Yellow,Orange,Blue,Blue"
14381,fine-tuned,"Red,Blue,Green,Orange"
14382,fine-tuned,"Yellow,Red,Blue,Blue,Orange,Green"
14383,fine-tuned,"Blue,Orange,Green,Green,Red"
14384,fine-tuned,"Blue,Green,Orange,Red,Red,Red"
14385,fine-tuned,"Red,Green,Blue,Red,Orange,Blue"
14386,fine-tuned,"Orange,Blue,Blue,Orange,Orange,Green"
14387,fine-tuned,"Yellow,Red,Red,Orange,Blue,Green"
14388,fine-tuned,"Green,Yellow,Purple,Green,Orange,Purple"
14389,fine-tuned,"Red,Green,Green,Green,Green,Red"
14390,fine-tuned,"Red,Green,Orange,Green,Blue,Red"
14391,fine-tuned,"Green,Orange,Blue,Red,Red,Blue"
14392,fine-tuned,"Red,Orange,Green,Blue,Red,Red"
14393,fine-tuned,"Blue,Green,Red,Red,Orange,Red"
14394,fine-tuned,"Red,Orange,Blue,Red,Red,Orange"
14395,fine-tuned,"Yellow,Green,Green,Blue,Green"
14396,fine-tuned,"Purple,Green,Blue,Red,Red,Green"
14397,fine-tuned,"Blue,Green,Orange,Red"
14398,fine-tuned,"Green,Red,Green,Green,Red,Orange"
14399,fine-tuned,"Red,Blue,Blue,Orange"
14400,fine-tuned,"Orange,Orange,Red"
14401,fine-tuned,"Red,Blue,Red,Orange,Orange"
14402,fine-tuned,"Yellow,Blue,Orange,Orange,Green,Green"
14403,fine-tuned,"Red,Orange,Green,Blue"
14404,fine-tuned,"Yellow,Blue,Green,Orange,Green"
14405,fine-tuned,"Blue,Orange,Orange,Green,Green"
14406,fine-tuned,"Green,Green,Blue,Orange,Red,Orange"
14407,fine-tuned,"Green,Orange,Blue,Red,Orange"
14408,fine-tuned,"Yellow,Blue,Green,Orange,Red"
14409,fine-tuned,"Orange,Red,Red,Blue,Green,Blue"
14410,fine-tuned,"Orange,Orange"
14411,fine-tuned,"Yellow,Green,Orange,Orange,Blue"
14412,fine-tuned,"Orange,Green,Green,Red,Red"
14413,fine-tuned,"Blue,Red,Red,Green,Blue"
14414,fine-tuned,"Red,Green,Blue,Orange,Purple"
14415,fine-tuned,"Orange,Blue,Green,Red"
14416,fine-tuned,"Green,Red,Orange,Red,Blue,Orange"
14417,fine-tuned,"Green,Blue,Orange,Red,Orange"
14418,fine-tuned,"Blue,Orange,Red,Green,Orange,Orange"
14419,fine-tuned,"Orange,Red,Red,Green,Red"
14420,fine-tuned,"Green,Orange,Red,Blue"
14421,fine-tuned,"Blue,Red,Green,Red,Orange,Orange"
14422,fine-tuned,"Blue,Green,Blue,Orange,Green,Blue"
14423,fine-tuned,"Blue,Orange,Green,Red,Green,Green"
14424,fine-tuned,"Yellow,Red,Green,Orange,Orange,Red"
14425,fine-tuned,"Red,Green,Blue"
14426,fine-tuned,"Yellow,Green,Blue,Red,Orange,Red"
14427,fine-tuned,"Red,Orange,Green,Blue,Red,Green"
14428,fine-tuned,"Yellow,Blue,Green,Red,Green,Red"
14429,fine-tuned,"Orange,Green,Purple,Red,Blue,Red"
14430,fine-tuned,"Yellow,Green,Red,Blue,Green,Orange"
14431,fine-tuned,"Red,Green,Blue,Red,Green,Blue"
14432,fine-tuned,"Red,Blue,Green,Green,Orange"
14433,fine-tuned,"Red,Green,Orange,Blue,Red,Green"
14434,fine-tuned,"Red,Orange,Blue,Blue,Green"
14435,fine-tuned,"Red,Green,Orange,Blue"
14436,fine-tuned,"Red,Green,Red,Red"
14437,fine-tuned,"Blue,Green,Green,Red,Red,Green"
14438,fine-tuned,"Green,Blue,Blue"
14439,fine-tuned,"Red,Orange,Red,Orange"
14440,fine-tuned,"Yellow,Green,Green,Blue,Orange"
14441,fine-tuned,"Red,Green,Blue,Red,Green"
14442,fine-tuned,"Blue,Green,Blue,Green,Orange"
14443,fine-tuned,"Yellow,Blue,Green,Blue,Red,Orange"
14444,fine-tuned,"Blue,Green,Red,Orange,Green,Orange"
14445,fine-tuned,"Yellow,Red,Blue,Red,Orange,Red"
14446,fine-tuned,"Green,Blue,Green,Green,Blue"
14447,fine-tuned,"Blue,Green,Red,Blue,Red,Red"
14448,fine-tuned,"Yellow,Orange,Green,Blue,Blue,Red"
14449,fine-tuned,"Yellow,Red,Orange,Blue,Green,Green"
14450,fine-tuned,"Yellow,Green,Orange,Blue,Green,Red"
14451,fine-tuned,"Yellow,Red,Blue,Red,Orange"
14452,fine-tuned,"Yellow,Green,Green,Red,Red,Blue"
14453,fine-tuned,"Green,Purple,Blue,Red,Yellow,Orange"
14454,fine-tuned,"Orange,Green,Purple,Orange,Red,Yellow"
14455,fine-tuned,"Blue,Green,Red,Orange,Red,Green"
14456,fine-tuned,"Yellow,Green,Red,Red,Orange,Green"
14457,fine-tuned,"Purple,Green,Blue,Red,Green"
14458,fine-tuned,"Yellow,Blue,Green,Blue,Red"
14459,fine-tuned,"Red,Blue,Green,Green,Orange"
14460,fine-tuned,"Blue,Orange,Green,Red"
14461,fine-tuned,"Green,Red,Orange,Red,Blue,Green"
14462,fine-tuned,"Purple,Orange,Green,Red"
14463,fine-tuned,"Red,Blue,Blue,Green,Red,Red"
14464,fine-tuned,"Orange,Red,Green,Red,Blue"
14465,fine-tuned,"Red,Green,Green,Orange,Blue,Blue"
14466,fine-tuned,"Red,Green,Red,Orange,Orange,Orange"
14467,fine-tuned,"Orange,Blue,Blue,Green"
14468,fine-tuned,"Yellow,Blue,Blue,Red,Blue,Green"
14469,fine-tuned,"Purple,Orange,Red,Green"
14470,fine-tuned,"Purple,Blue,Red,Blue,Green,Red"
14471,fine-tuned,"Red,Green,Green,Blue,Red"
14472,fine-tuned,"Blue,Green,Green,Orange"
14473,fine-tuned,"Orange,Red,Green,Green,Blue,Blue"
14474,fine-tuned,"Blue,Green,Green,Green"
14475,fine-tuned,"Blue,Orange,Green,Green,Orange"
14476,fine-tuned,"Red,Orange,Green,Blue,Red"
14477,fine-tuned,"Green,Blue,Orange,Purple,Orange,Blue"
14478,fine-tuned,"Green,Red,Green"
14479,fine-tuned,"Orange,Green,Orange,Green,Red,Green"
14480,fine-tuned,"Orange,Blue,Red,Blue,Red"
14481,fine-tuned,"Yellow,Blue,Green,Green,Blue,Green"
14482,fine-tuned,"Red,Green,Orange,Green,Red"
14483,fine-tuned,"Orange,Green,Orange,Green,Red"
14484,fine-tuned,"Orange,Green,Green,Blue,Red,Red"
14485,fine-tuned,"Green,Red,Orange,Blue,Red,Orange"
14486,fine-tuned,"Blue,Red,Red"
14487,fine-tuned,"Green,Orange,Red,Red,Green"
14488,fine-tuned,"Blue,Green,Red,Green,Orange"
14489,fine-tuned,"Red,Orange,Blue,Orange"
14490,fine-tuned,"Orange,Blue,Green,Red"
14491,fine-tuned,"Blue,Blue,Green,Green,Red,Green"
14492,fine-tuned,"Blue,Red,Green,Red,Orange,Green"
14493,fine-tuned,"Purple,Orange,Green,Blue,Green"
14494,fine-tuned,"Blue,Red,Red,Red"
14495,fine-tuned,"Yellow,Green,Blue,Red,Red,Green"
14496,fine-tuned,"Green,Red,Blue,Orange"
14497,fine-tuned,"Red,Blue,Green,Orange,Green,Red"
14498,fine-tuned,"Blue,Orange,Green,Red,Orange"
14499,fine-tuned,"Blue,Red,Red,Green,Red"
14500,fine-tuned,"Purple,Red"
14501,fine-tuned,"Red,Blue,Blue,Green"
14502,fine-tuned,"Orange,Green,Green,Red,Blue"
14503,fine-tuned,"Orange,Green,Blue,Blue,Red"
14504,fine-tuned,"Green,Orange,Red,Blue,Red"
14505,fine-tuned,"Red,Green,Blue,Orange"
14506,fine-tuned,"Yellow,Blue,Green,Red,Blue,Blue"
14507,fine-tuned,"Red,Blue,Green,Blue"
14508,fine-tuned,"Blue,Red,Orange,Red,Orange"
14509,fine-tuned,"Yellow,Blue,Red,Green,Green"
14510,fine-tuned,"Blue,Red,Green,Red"
14511,fine-tuned,"Yellow,Blue,Orange,Blue"
14512,fine-tuned,"Green,Red,Green,Blue,Blue"
14513,fine-tuned,"Red,Green,Blue,Red,Red,Green"
14514,fine-tuned,"Orange,Red,Green,Green"
14515,fine-tuned,"Blue,Red,Green,Orange,Red,Blue"
14516,fine-tuned,"Blue,Orange,Red,Green"
14517,fine-tuned,"Blue,Red,Red,Red,Green"
14518,fine-tuned,"Green,Orange,Red,Red,Green"
14519,fine-tuned,"Blue,Orange,Green,Red,Red"
14520,fine-tuned,"Orange,Green,Red,Orange"
14521,fine-tuned,"Blue,Green,Blue,Orange,Orange,Green"
14522,fine-tuned,"Yellow,Blue,Green,Green"
14523,fine-tuned,"Red,Blue,Green,Orange"
14524,fine-tuned,"Red,Blue,Orange,Green,Red,Green"
14525,fine-tuned,"Green,Orange,Blue,Blue"
14526,fine-tuned,"Red,Orange,Red,Blue,Blue,Blue"
14527,fine-tuned,"Green,Red,Green,Red,Red"
14528,fine-tuned,"Orange,Yellow,Red,Green,Purple,Yellow"
14529,fine-tuned,"Blue,Orange,Green"
14530,fine-tuned,"Orange,Yellow,Purple,Red,Blue,Yellow"
14531,fine-tuned,"Red,Orange,Green,Green"
14532,fine-tuned,"Blue,Red,Red,Red,Red"
14533,fine-tuned,"Yellow,Blue,Orange,Green,Red,Red"
14534,fine-tuned,"Red,Green,Blue,Blue"
14535,fine-tuned,"Red,Orange,Green,Red,Blue"
14536,fine-tuned,"Orange,Green,Red,Blue"
14537,fine-tuned,"Green,Orange,Green,Red,Red,Blue"
14538,fine-tuned,"Blue,Green,Yellow,Blue,Green,Red"
14539,fine-tuned,"Red,Blue,Green,Orange,Green"
14540,fine-tuned,"Green,Orange,Blue,Blue,Red"
14541,fine-tuned,"Green,Green,Green,Green"
14542,fine-tuned,"Green,Orange,Red"
14543,fine-tuned,"Blue,Green,Green"
14544,fine-tuned,"Red,Green,Red,Blue"
14545,fine-tuned,"Purple,Red,Blue,Green,Green,Blue"
14546,fine-tuned,"Yellow,Red,Orange,Orange"
14547,fine-tuned,"Purple,Blue,Red,Green,Orange,Green"
14548,fine-tuned,"Green,Blue,Orange,Blue,Red,Orange"
14549,fine-tuned,"Orange,Green,Blue"
14550,fine-tuned,"Red,Blue,Blue,Orange,Orange,Green"
14551,fine-tuned,"Green,Orange,Blue,Red,Orange"
14552,fine-tuned,"Blue,Red,Green,Orange,Green,Orange"
14553,fine-tuned,"Blue,Green,Yellow,Purple,Orange,Green"
14554,fine-tuned,"Yellow,Blue,Green,Orange,Orange"
14555,fine-tuned,"Red,Blue,Green,Blue,Orange"
14556,fine-tuned,"Orange,Green,Green,Green,Red"
14557,fine-tuned,"Blue,Orange,Green,Red,Orange,Red"
14558,fine-tuned,"Red,Blue,Orange,Blue,Red"
14559,fine-tuned,"Orange,Green,Red,Red,Orange,Red"
14560,fine-tuned,"Red,Blue,Orange,Green"
14561,fine-tuned,"Red,Blue,Green,Green"
14562,fine-tuned,"Red,Blue,Orange,Orange"
14563,fine-tuned,"Orange,Green,Green"
14564,fine-tuned,"Purple,Red,Blue,Red,Green"
14565,fine-tuned,"Red,Orange,Blue,Red"
14566,fine-tuned,"Blue,Red,Orange,Green,Red,Green"
14567,fine-tuned,"Red,Green,Blue,Orange,Blue,Green"
14568,fine-tuned,"Yellow,Red,Red,Red,Orange"
14569,fine-tuned,"Red,Green,Red,Green,Green"
14570,fine-tuned,"Orange,Blue,Green,Green,Blue"
14571,fine-tuned,"Red,Orange,Red"
14572,fine-tuned,"Red,Orange,Blue,Green,Blue"
14573,fine-tuned,"Green,Red,Orange,Green"
14574,fine-tuned,"Blue,Red,Orange,Blue,Green,Orange"
14575,fine-tuned,"Red,Blue,Orange,Green"
14576,fine-tuned,"Blue,Red,Blue,Green,Orange,Blue"
14577,fine-tuned,"Yellow,Orange,Orange,Red,Blue,Green"
14578,fine-tuned,"Blue,Red,Orange,Green,Blue"
14579,fine-tuned,"Green,Orange,Green,Red"
14580,fine-tuned,"Green,Red,Red,Green"
14581,fine-tuned,"Green,Red,Orange,Green,Blue"
14582,fine-tuned,"Red,Blue,Blue,Orange,Green"
14583,fine-tuned,"Red,Orange,Blue,Green,Red"
14584,fine-tuned,"Red,Green,Red,Orange,Blue,Red"
14585,fine-tuned,"Red,Green,Red,Green,Red,Green"
14586,fine-tuned,"Orange,Green,Blue,Red,Orange"
14587,fine-tuned,"Green,Red,Orange,Green,Blue,Green"
14588,fine-tuned,"Purple,Red,Orange,Blue,Blue"
14589,fine-tuned,"Green,Orange,Red,Blue"
14590,fine-tuned,"Blue,Orange,Green,Green,Red,Red"
14591,fine-tuned,"Blue,Orange,Green,Blue"
14592,fine-tuned,"Red,Green,Red,Red,Blue,Orange"
14593,fine-tuned,"Orange,Red,Red,Green,Red,Blue"
14594,fine-tuned,"Green,Green,Blue,Green,Red"
14595,fine-tuned,"Red,Red,Red,Blue,Red,Red"
14596,fine-tuned,"Red,Orange,Orange,Blue,Green,Blue"
14597,fine-tuned,"Blue,Orange,Green,Red,Red"
14598,fine-tuned,"Blue,Orange,Red,Green,Red"
14599,fine-tuned,"Yellow,Green,Blue,Green,Red,Orange"
14600,fine-tuned,"Red,Orange,Blue,Orange,Blue"
14601,fine-tuned,"Yellow,Green,Blue,Red,Red,Green"
14602,fine-tuned,"Orange,Blue,Red,Green,Red,Green"
14603,fine-tuned,"Blue,Orange,Red,Green,Orange"
14604,fine-tuned,"Orange,Blue,Green,Red,Red"
14605,fine-tuned,"Blue,Orange,Red,Green,Orange"
14606,fine-tuned,"Orange,Blue,Purple,Green,Orange,Green"
14607,fine-tuned,"Blue,Orange,Orange,Orange"
14608,fine-tuned,"Red,Green,Red,Orange,Blue"
14609,fine-tuned,"Purple,Blue,Red,Orange,Green,Blue"
14610,fine-tuned,"Green,Red"
14611,fine-tuned,"Yellow,Red,Blue,Blue,Green,Orange"
14612,fine-tuned,"Yellow,Orange,Blue,Blue,Orange,Green"
14613,fine-tuned,"Red,Blue,Green,Red,Blue,Orange"
14614,fine-tuned,"Yellow,Blue,Blue,Green,Orange"
14615,fine-tuned,"Blue,Orange,Green,Blue,Green,Orange"
14616,fine-tuned,"Yellow,Orange,Green,Red,Blue,Green"
14617,fine-tuned,"Green,Blue,Red,Orange,Blue"
14618,fine-tuned,"Yellow,Blue,Green,Red,Red"
14619,fine-tuned,"Orange,Red,Green,Orange,Blue"
14620,fine-tuned,"Green,Blue,Blue,Red"
14621,fine-tuned,"Orange,Green,Blue"
14622,fine-tuned,"Red,Green,Orange,Blue,Red"
14623,fine-tuned,"Green,Blue,Red,Green,Red"
14624,fine-tuned,"Green,Blue,Red,Green,Orange"
14625,fine-tuned,"Green,Red,Orange,Orange,Blue,Orange"
14626,fine-tuned,"Blue,Green,Orange,Green"
14627,fine-tuned,"Blue,Green,Orange,Green"
14628,fine-tuned,"Blue,Red,Orange,Green,Red,Orange"
14629,fine-tuned,"Purple,Green,Orange,Blue,Red"
14630,fine-tuned,"Green,Red,Blue,Orange,Blue,Red"
14631,fine-tuned,"Blue,Green,Red,Red,Green"
14632,fine-tuned,"Yellow,Blue,Orange,Red,Green,Blue"
14633,fine-tuned,"Blue,Green,Red,Green,Red,Red"
14634,fine-tuned,"Green,Red,Orange"
14635,fine-tuned,"Green,Orange,Blue,Blue,Red,Orange"
14636,fine-tuned,"Blue,Orange,Blue,Red,Green"
14637,fine-tuned,"Blue,Orange,Green,Orange"
14638,fine-tuned,"Yellow,Green,Green,Orange,Orange"
14639,fine-tuned,"Yellow,Orange,Red,Blue,Green"
14640,fine-tuned,"Green,Blue,Red,Blue,Red,Orange"
14641,fine-tuned,"Purple,Green,Blue,Orange,Green"
14642,fine-tuned,"Green,Orange,Blue,Red,Red,Blue"
14643,fine-tuned,"Red,Orange,Orange,Green,Red,Orange"
14644,fine-tuned,"Red,Green,Blue,Orange,Orange,Red"
14645,fine-tuned,"Red,Green,Red"
14646,fine-tuned,"Blue,Green,Red,Red,Green,Orange"
14647,fine-tuned,"Yellow,Red,Green,Green,Blue,Orange"
14648,fine-tuned,"Orange,Green,Yellow,Blue,Orange,Purple"
14649,fine-tuned,"Purple,Blue,Red,Green,Red,Green"
14650,fine-tuned,"Blue,Green,Red,Orange"
14651,fine-tuned,"Blue,Red,Green,Red"
14652,fine-tuned,"Red,Orange,Green,Red"
14653,fine-tuned,"Red,Green,Red,Red,Red,Orange"
14654,fine-tuned,"Yellow,Green,Red,Green,Red,Red"
14655,fine-tuned,"Yellow,Blue,Green,Green,Orange,Orange"
14656,fine-tuned,"Orange,Green,Blue,Blue,Red"
14657,fine-tuned,"Red,Blue,Orange,Blue"
14658,fine-tuned,"Purple,Green,Green,Blue"
14659,fine-tuned,"Purple,Blue,Green,Blue,Orange"
14660,fine-tuned,"Yellow,Orange,Green,Orange"
14661,fine-tuned,"Yellow,Red,Blue,Blue,Orange"
14662,fine-tuned,"Green,Blue,Red,Green"
14663,fine-tuned,"Green,Blue,Red,Green"
14664,fine-tuned,"Red,Green,Blue,Red,Blue,Green"
14665,fine-tuned,"Green,Red,Red,Blue,Red"
14666,fine-tuned,"Red,Green,Green,Red,Blue,Blue"
14667,fine-tuned,"Yellow,Blue,Red,Green,Red"
14668,fine-tuned,"Yellow,Blue,Red,Blue,Orange,Green"
14669,fine-tuned,"Red,Green,Green,Orange,Blue"
14670,fine-tuned,"Orange,Green,Purple,Blue,Green,Red"
14671,fine-tuned,"Green,Red,Orange,Blue,Green,Red"
14672,fine-tuned,"Blue,Blue,Green,Red,Green"
14673,fine-tuned,"Yellow,Orange,Green,Blue,Red,Red"
14674,fine-tuned,"Blue,Orange,Green,Blue,Red"
14675,fine-tuned,"Blue,Orange,Green,Red,Green"
14676,fine-tuned,"Purple,Green,Blue,Red,Red"
14677,fine-tuned,"Blue,Green"
14678,fine-tuned,"Blue,Green,Orange,Red,Red,Red"
14679,fine-tuned,"Orange,Blue,Red,Blue"
14680,fine-tuned,"Red,Red,Red,Blue"
14681,fine-tuned,"Purple,Blue,Green,Green,Blue"
14682,fine-tuned,"Blue,Green,Red,Orange,Green"
14683,fine-tuned,"Yellow,Blue,Blue,Orange,Green,Red"
14684,fine-tuned,"Blue,Green,Red,Green,Red"
14685,fine-tuned,"Green,Orange,Red,Red,Blue"
14686,fine-tuned,"Blue,Red,Red,Green,Orange,Orange"
14687,fine-tuned,"Green,Red,Orange,Blue"
14688,fine-tuned,"Blue,Red,Red,Red"
14689,fine-tuned,"Green,Blue,Blue,Orange,Green,Orange"
14690,fine-tuned,"Yellow,Blue,Green,Orange,Green"
14691,fine-tuned,"Green,Orange,Blue,Red"
14692,fine-tuned,"Red,Blue,Green,Blue,Green,Green"
14693,fine-tuned,"Red,Blue,Green,Green,Orange,Red"
14694,fine-tuned,"Blue,Red,Red,Green,Orange"
14695,fine-tuned,"Green,Orange,Blue,Blue,Green,Blue"
14696,fine-tuned,"Purple,Green,Orange,Green,Red,Blue"
14697,fine-tuned,"Purple,Blue,Blue,Green,Red"
14698,fine-tuned,"Yellow,Red,Blue,Red,Green,Blue"
14699,fine-tuned,"Blue,Green,Orange,Red,Red"
14700,fine-tuned,"Red,Red,Blue,Green,Orange"
14701,fine-tuned,"Red,Blue,Orange"
14702,fine-tuned,"Blue,Blue,Green,Orange,Blue"
14703,fine-tuned,"Blue,Orange,Red,Green,Red,Orange"
14704,fine-tuned,"Red,Green,Blue,Orange,Red"
14705,fine-tuned,"Blue,Orange,Green,Blue,Green"
14706,fine-tuned,"Blue,Green,Orange"
14707,fine-tuned,"Red,Blue,Green,Blue,Orange,Blue"
14708,fine-tuned,"Blue,Red,Red"
14709,fine-tuned,"Blue,Orange,Orange"
14710,fine-tuned,"Blue,Red,Orange,Green,Red,Blue"
14711,fine-tuned,"Yellow,Blue,Green,Red,Orange,Green"
14712,fine-tuned,"Green,Orange,Red,Blue,Orange,Red"
14713,fine-tuned,"Green,Blue,Orange,Red"
14714,fine-tuned,"Red,Green,Orange,Red,Red"
14715,fine-tuned,"Blue,Green,Red,Orange,Orange"
14716,fine-tuned,"Yellow,Red,Green,Green,Blue,Orange"
14717,fine-tuned,"Red,Red,Blue,Red,Red"
14718,fine-tuned,"Orange,Green,Yellow,Purple,Red,Blue"
14719,fine-tuned,"Orange,Blue"
14720,fine-tuned,"Blue,Red,Orange,Red"
14721,fine-tuned,"Blue,Orange,Red,Green,Red,Blue"
14722,fine-tuned,"Blue,Green,Red,Orange,Red"
14723,fine-tuned,"Red,Green,Green,Blue"
14724,fine-tuned,"Blue,Orange,Blue,Green,Green,Red"
14725,fine-tuned,"Yellow,Green,Orange,Blue"
14726,fine-tuned,"Red,Orange,Blue,Blue,Green,Orange"
14727,fine-tuned,"Yellow,Red,Blue,Red,Orange,Green"
14728,fine-tuned,"Orange,Red,Green,Blue,Green,Red"
14729,fine-tuned,"Red,Blue,Green,Orange,Red,Blue"
14730,fine-tuned,"Blue,Orange,Orange,Green,Orange"
14731,fine-tuned,"Red,Green,Orange,Red,Red,Red"
14732,fine-tuned,"Red,Blue,Green,Green"
14733,fine-tuned,"Red,Orange,Orange"
14734,fine-tuned,"Yellow,Green,Green,Blue,Orange,Red"
14735,fine-tuned,"Red,Green,Red,Green"
14736,fine-tuned,"Orange,Red,Blue,Blue,Red"
14737,fine-tuned,"Blue,Orange,Green,Red"
14738,fine-tuned,"Purple,Green,Red,Orange,Blue"
14739,fine-tuned,"Red,Orange"
14740,fine-tuned,"Blue,Green,Green,Red,Red,Orange"
14741,fine-tuned,"Orange,Blue,Green,Orange,Blue,Green"
14742,fine-tuned,"Blue,Green,Green,Orange,Red"
14743,fine-tuned,"Red,Blue,Green,Blue,Red,Blue"
14744,fine-tuned,"Red,Green,Blue,Orange,Red"
14745,fine-tuned,"Green,Red,Blue,Green,Orange"
14746,fine-tuned,"Orange,Blue,Green,Red,Red"
14747,fine-tuned,"Yellow,Blue,Orange,Orange"
14748,fine-tuned,"Red,Blue,Orange,Orange"
14749,fine-tuned,"Yellow,Orange,Blue,Blue,Green"
14750,fine-tuned,"Blue,Green,Orange,Red,Green"
14751,fine-tuned,"Orange,Purple,Red,Green,Blue,Red"
14752,fine-tuned,"Blue,Red,Orange,Blue,Red"
14753,fine-tuned,"Blue,Green,Blue,Orange,Orange,Green"
14754,fine-tuned,"Blue,Green,Orange,Green"
14755,fine-tuned,"Purple,Blue,Green,Orange,Red,Green"
14756,fine-tuned,"Red,Red,Green,Green,Red"
14757,fine-tuned,"Red,Blue,Red,Blue,Red"
14758,fine-tuned,"Yellow,Blue,Orange,Red,Orange,Blue"
14759,fine-tuned,"Green,Purple,Blue,Orange,Yellow,Blue"
14760,fine-tuned,"Blue,Green,Red,Red,Red,Green"
14761,fine-tuned,"Yellow,Red,Red,Blue,Orange,Red"
14762,fine-tuned,"Red,Orange,Orange,Blue,Green"
14763,fine-tuned,"Red,Green,Blue,Orange"
14764,fine-tuned,"Blue,Orange,Red,Red,Orange"
14765,fine-tuned,"Purple,Green,Blue,Orange,Green,Red"
14766,fine-tuned,"Blue,Orange,Green,Red,Red,Orange"
14767,fine-tuned,"Orange,Blue,Green,Red,Blue,Red"
14768,fine-tuned,"Yellow,Orange,Red,Green,Red,Blue"
14769,fine-tuned,"Red,Red,Orange,Red"
14770,fine-tuned,"Yellow,Green,Orange,Blue,Blue"
14771,fine-tuned,"Green,Green,Blue,Orange,Blue,Blue"
14772,fine-tuned,"Red,Green,Orange,Orange,Red"
14773,fine-tuned,"Blue,Red,Orange,Red"
14774,fine-tuned,"Red,Orange,Blue,Blue,Red,Green"
14775,fine-tuned,"Purple,Blue,Orange,Blue,Red,Red"
14776,fine-tuned,"Yellow,Green,Red,Red,Blue,Orange"
14777,fine-tuned,"Yellow,Orange,Green,Red,Blue,Blue"
14778,fine-tuned,"Yellow,Orange,Blue,Orange,Red"
14779,fine-tuned,"Green,Orange,Red,Green,Green"
14780,fine-tuned,"Green,Red,Green,Blue,Red,Green"
14781,fine-tuned,"Yellow,Blue,Red,Red,Orange,Red"
14782,fine-tuned,"Orange,Yellow,Purple,Red,Purple,Green"
14783,fine-tuned,"Purple,Red,Blue,Red,Green"
14784,fine-tuned,"Purple,Green,Orange"
14785,fine-tuned,"Blue,Orange,Red,Green,Blue,Green"
14786,fine-tuned,"Orange,Green,Orange,Green,Blue"
14787,fine-tuned,"Blue,Red,Green,Red,Green,Red"
14788,fine-tuned,"Green,Orange,Red,Red"
14789,fine-tuned,"Yellow,Green,Orange,Blue,Red,Red"
14790,fine-tuned,"Orange,Red,Green,Orange,Blue"
14791,fine-tuned,"Red,Green,Blue,Orange,Blue,Green"
14792,fine-tuned,"Red,Blue,Green,Orange,Green"
14793,fine-tuned,"Yellow,Blue,Green,Orange,Red"
14794,fine-tuned,"Green,Red,Green,Orange,Blue"
14795,fine-tuned,"Orange,Red,Orange,Blue,Green,Red"
14796,fine-tuned,"Red,Red,Blue,Red,Orange,Blue"
14797,fine-tuned,"Blue,Red,Green,Blue,Orange,Green"
14798,fine-tuned,"Blue,Green,Green,Blue"
14799,fine-tuned,"Orange,Green,Blue,Red,Red"
14800,fine-tuned,"Yellow,Red,Green,Blue,Orange"
14801,fine-tuned,"Yellow,Green,Orange,Red,Green,Red"
14802,fine-tuned,"Blue,Red,Red,Green,Green,Red"
14803,fine-tuned,"Yellow,Red,Red,Red,Green"
14804,fine-tuned,"Orange,Blue,Green,Orange"
14805,fine-tuned,"Yellow,Orange,Blue,Red,Orange,Blue"
14806,fine-tuned,"Green,Orange,Red,Blue,Red,Blue"
14807,fine-tuned,"Blue,Orange,Red,Green"
14808,fine-tuned,"Blue,Red,Orange,Red,Green"
14809,fine-tuned,"Blue,Red,Red,Green,Orange"
14810,fine-tuned,"Yellow,Blue,Green,Blue,Blue"
14811,fine-tuned,"Red,Green,Blue,Orange,Blue,Green"
14812,fine-tuned,"Green,Orange,Blue,Green,Red"
14813,fine-tuned,"Red,Orange,Red,Blue,Red"
14814,fine-tuned,"Orange,Blue,Blue"
14815,fine-tuned,"Red,Green,Blue,Red,Red,Red"
14816,fine-tuned,"Purple,Blue,Green,Green"
14817,fine-tuned,"Green,Red,Blue,Blue,Green,Orange"
14818,fine-tuned,"Green,Blue,Blue,Orange,Red,Blue"
14819,fine-tuned,"Blue,Orange,Green,Red,Green,Blue"
14820,fine-tuned,"Blue,Orange,Green,Blue"
14821,fine-tuned,"Blue,Green,Orange,Red,Red,Green"
14822,fine-tuned,"Red,Green,Blue,Red,Blue,Red"
14823,fine-tuned,"Green,Orange,Blue,Red,Red,Red"
14824,fine-tuned,"Yellow,Orange,Red,Blue"
14825,fine-tuned,"Blue,Red,Orange,Green"
14826,fine-tuned,"Yellow,Blue,Red,Green,Green"
14827,fine-tuned,"Orange,Blue,Green,Green,Blue"
14828,fine-tuned,"Blue,Green,Red,Orange,Red,Red"
14829,fine-tuned,"Orange,Green,Purple,Red,Blue,Orange"
14830,fine-tuned,"Red,Orange,Orange"
14831,fine-tuned,"Green,Blue,Green,Blue"
14832,fine-tuned,"Blue,Orange,Green,Blue,Red"
14833,fine-tuned,"Yellow,Red,Blue,Green,Red,Green"
14834,fine-tuned,"Red,Blue,Green,Orange,Green"
14835,fine-tuned,"Blue,Red,Green,Orange,Green"
14836,fine-tuned,"Red,Blue,Red,Orange,Green"
14837,fine-tuned,"Yellow,Orange,Red"
14838,fine-tuned,"Blue,Red,Green,Orange,Green,Green"
14839,fine-tuned,"Purple,Green,Orange,Blue,Red"
14840,fine-tuned,"Yellow,Blue,Red,Orange,Blue,Green"
14841,fine-tuned,"Orange,Blue,Green,Green"
14842,fine-tuned,"Green,Red,Blue,Orange,Orange"
14843,fine-tuned,"Blue,Red"
14844,fine-tuned,"Red,Blue,Blue,Red,Green"
14845,fine-tuned,"Blue,Orange,Red"
14846,fine-tuned,"Yellow,Green,Blue,Orange"
14847,fine-tuned,"Green,Orange,Red,Red"
14848,fine-tuned,"Yellow,Green,Green,Blue,Green,Purple"
14849,fine-tuned,"Orange,Red,Blue,Green,Green"
14850,fine-tuned,"Blue,Green,Red,Green"
14851,fine-tuned,"Blue,Red,Orange,Red,Green,Blue"
14852,fine-tuned,"Red,Green,Green"
14853,fine-tuned,"Blue,Red,Red,Orange"
14854,fine-tuned,"Orange,Blue,Green,Red,Red,Green"
14855,fine-tuned,"Yellow,Green,Orange,Green,Red,Orange"
14856,fine-tuned,"Orange,Blue,Orange,Red,Green,Green"
14857,fine-tuned,"Blue,Green,Red,Orange,Green,Blue"
14858,fine-tuned,"Blue,Red,Green,Green,Blue"
14859,fine-tuned,"Red,Blue,Green,Green,Orange,Orange"
14860,fine-tuned,"Yellow,Green,Red,Blue,Red"
14861,fine-tuned,"Red,Orange,Blue,Red,Blue,Red"
14862,fine-tuned,"Red,Orange,Green,Orange"
14863,fine-tuned,"Red,Blue,Orange,Green,Green"
14864,fine-tuned,"Red,Blue,Blue,Green,Orange"
14865,fine-tuned,"Yellow,Green,Red,Orange"
14866,fine-tuned,"Blue,Red,Orange,Red,Green"
14867,fine-tuned,"Orange,Blue,Green,Red,Blue"
14868,fine-tuned,"Blue,Orange,Green,Red,Green,Blue"
14869,fine-tuned,"Purple,Red,Orange,Green"
14870,fine-tuned,"Red,Blue,Blue"
14871,fine-tuned,"Red,Green,Blue,Orange,Blue"
14872,fine-tuned,"Yellow,Green,Blue,Orange,Red"
14873,fine-tuned,"Purple,Orange,Green,Blue,Red,Orange"
14874,fine-tuned,"Green,Green,Red"
14875,fine-tuned,"Red,Green,Orange,Orange,Blue"
14876,fine-tuned,"Yellow,Orange,Green,Blue,Red,Orange"
14877,fine-tuned,"Blue,Orange,Blue,Red,Orange"
14878,fine-tuned,"Yellow,Blue,Orange,Green,Blue,Red"
14879,fine-tuned,"Blue,Orange,Orange"
14880,fine-tuned,"Orange,Blue,Green,Green,Red,Green"
14881,fine-tuned,"Blue,Orange"
14882,fine-tuned,"Red,Blue,Red,Blue,Green"
14883,fine-tuned,"Blue,Orange,Green,Blue,Blue"
14884,fine-tuned,"Yellow,Blue,Red,Green,Orange"
14885,fine-tuned,"Blue,Orange"
14886,fine-tuned,"Orange,Red,Red,Green,Red,Green"
14887,fine-tuned,"Yellow,Orange,Blue,Red,Blue"
14888,fine-tuned,"Blue,Green,Orange,Red"
14889,fine-tuned,"Green,Yellow,Green,Blue,Orange,Blue"
14890,fine-tuned,"Yellow,Blue,Red,Green,Red,Blue"
14891,fine-tuned,"Blue,Green,Red,Red,Orange"
14892,fine-tuned,"Blue,Red,Green,Red,Orange"
14893,fine-tuned,"Orange,Blue,Green,Red,Blue,Green"
14894,fine-tuned,"Purple,Green,Green,Blue,Red,Red"
14895,fine-tuned,"Red,Blue,Orange,Green,Blue,Green"
14896,fine-tuned,"Red,Green,Blue,Green,Red"
14897,fine-tuned,"Blue,Green,Red,Orange,Orange,Blue"
14898,fine-tuned,"Green,Orange,Red,Blue,Orange"
14899,fine-tuned,"Green,Blue,Orange,Red,Green,Blue"
14900,fine-tuned,"Green,Orange,Blue,Orange"
14901,fine-tuned,"Green,Blue,Red,Orange"
14902,fine-tuned,"Orange,Red,Blue,Green,Blue,Yellow"
14903,fine-tuned,"Orange,Red,Blue,Orange,Green"
14904,fine-tuned,"Green,Red,Orange,Green,Blue,Blue"
14905,fine-tuned,"Blue,Orange,Green,Orange,Blue,Green"
14906,fine-tuned,"Blue,Orange,Blue"
14907,fine-tuned,"Green,Red,Blue,Green,Red"
14908,fine-tuned,"Orange,Green,Green,Green"
14909,fine-tuned,"Yellow,Blue,Red,Orange,Green,Red"
14910,fine-tuned,"Blue,Green,Orange,Red,Green"
14911,fine-tuned,"Yellow,Green,Green,Orange,Orange,Green"
14912,fine-tuned,"Orange,Blue,Red,Red"
14913,fine-tuned,"Yellow,Green,Orange,Green,Red"
14914,fine-tuned,"Blue,Green,Orange,Red,Red,Green"
14915,fine-tuned,"Yellow,Blue,Red,Red"
14916,fine-tuned,"Yellow,Green,Blue,Blue,Red"
14917,fine-tuned,"Blue,Orange,Red,Green"
14918,fine-tuned,"Blue,Green,Green,Red,Green,Red"
14919,fine-tuned,"Yellow,Blue,Green,Orange,Green,Red"
14920,fine-tuned,"Blue,Red,Red,Red,Green"
14921,fine-tuned,"Red,Orange,Green,Red"
14922,fine-tuned,"Blue,Green,Red,Blue,Red"
14923,fine-tuned,"Green,Blue,Red,Red,Orange,Red"
14924,fine-tuned,"Blue,Orange,Green,Orange"
14925,fine-tuned,"Green,Red,Green,Blue,Red,Green"
14926,fine-tuned,"Yellow,Green,Red,Orange,Blue,Red"
14927,fine-tuned,"Blue,Green,Green,Orange,Red,Blue"
14928,fine-tuned,"Green,Red,Orange,Blue,Red,Red"
14929,fine-tuned,"Blue,Orange,Green,Green,Red"
14930,fine-tuned,"Purple,Blue,Blue,Red"
14931,fine-tuned,"Orange,Green,Blue,Red,Green"
14932,fine-tuned,"Blue,Orange,Red,Red,Red"
14933,fine-tuned,"Red,Orange,Blue,Orange,Blue,Green"
14934,fine-tuned,"Green,Red,Red,Green,Green"
14935,fine-tuned,"Green,Green,Orange,Blue,Red,Red"
14936,fine-tuned,"Orange,Blue,Purple,Red,Blue,Orange"
14937,fine-tuned,"Yellow,Blue,Red,Red,Green,Red"
14938,fine-tuned,"Blue,Orange,Green,Red,Red,Green"
14939,fine-tuned,"Blue,Green,Red,Orange,Green,Red"
14940,fine-tuned,"Purple,Red,Green,Red,Green,Green"
14941,fine-tuned,"Purple,Blue,Green,Blue"
14942,fine-tuned,"Yellow,Blue,Orange,Red,Blue"
14943,fine-tuned,"Red,Green,Red"
14944,fine-tuned,"Blue,Orange,Red,Red"
14945,fine-tuned,"Purple,Green,Blue,Orange,Blue"
14946,fine-tuned,"Blue,Orange,Orange,Blue"
14947,fine-tuned,"Orange,Blue,Green,Red"
14948,fine-tuned,"Green,Orange,Red,Green,Blue,Red"
14949,fine-tuned,"Blue,Orange,Green,Orange,Red"
14950,fine-tuned,"Purple,Green,Green,Blue,Orange"
14951,fine-tuned,"Orange,Blue,Red"
14952,fine-tuned,"Purple,Red,Green,Red"
14953,fine-tuned,"Blue,Blue,Red,Blue,Orange"
14954,fine-tuned,"Green,Blue,Blue,Green,Orange"
14955,fine-tuned,"Blue,Green,Blue,Yellow,Orange,Purple"
14956,fine-tuned,"Blue,Orange,Red,Red,Green"
14957,fine-tuned,"Blue,Orange,Green,Red,Blue"
14958,fine-tuned,"Red,Blue,Green,Red,Blue,Red"
14959,fine-tuned,"Yellow,Red,Blue,Green,Green,Orange"
14960,fine-tuned,"Green,Blue,Blue,Green"
14961,fine-tuned,"Purple,Red,Red,Green,Orange"
14962,fine-tuned,"Yellow,Blue,Orange,Red,Green"
14963,fine-tuned,"Green,Blue,Green,Blue,Green,Red"
14964,fine-tuned,"Orange,Purple,Yellow,Orange,Red,Purple"
14965,fine-tuned,"Blue,Red,Green,Orange,Red"
14966,fine-tuned,"Red,Green,Orange,Red,Green,Blue"
14967,fine-tuned,"Green,Blue,Green,Orange,Red"
14968,fine-tuned,"Blue,Orange,Blue,Orange,Orange"
14969,fine-tuned,"Purple,Red,Blue,Green,Orange,Orange"
14970,fine-tuned,"Blue,Green,Orange,Red,Blue"
14971,fine-tuned,"Yellow,Green,Red,Red"
14972,fine-tuned,"Purple,Orange,Green,Red,Green"
14973,fine-tuned,"Green,Red,Green,Blue,Blue"
14974,fine-tuned,"Yellow,Blue,Green"
14975,fine-tuned,"Green,Red,Orange,Blue,Red,Blue"
14976,fine-tuned,"Purple,Blue,Red,Orange,Green"
14977,fine-tuned,"Yellow,Green,Orange,Orange,Red"
14978,fine-tuned,"Blue,Green,Red,Orange,Green,Orange"
14979,fine-tuned,"Yellow,Orange,Blue,Orange,Blue,Green"
14980,fine-tuned,"Orange,Blue,Red,Red,Green,Orange"
14981,fine-tuned,"Yellow,Green,Blue,Green,Red,Red"
14982,fine-tuned,"Red,Orange,Blue,Blue,Orange"
14983,fine-tuned,"Red,Blue,Blue,Orange"
14984,fine-tuned,"Red,Blue,Orange,Green,Red"
14985,fine-tuned,"Red,Orange,Blue,Blue"
14986,fine-tuned,"Green,Red,Red,Blue,Orange,Blue"
14987,fine-tuned,"Blue,Green,Red,Green,Orange"
14988,fine-tuned,"Yellow,Green,Blue,Blue,Red"
14989,fine-tuned,"Blue,Blue,Green"
14990,fine-tuned,"Red,Green"
14991,fine-tuned,"Blue,Green,Orange,Orange"
14992,fine-tuned,"Red,Green,Orange,Blue,Blue,Blue"
14993,fine-tuned,"Yellow,Orange,Blue,Green,Green"
14994,fine-tuned,"Orange,Yellow,Green,Yellow,Red,Blue"
14995,fine-tuned,"Red,Green,Orange,Green,Blue,Green"
14996,fine-tuned,"Blue,Orange,Red,Green,Red,Red"
14997,fine-tuned,"Blue,Green,Red,Orange,Red"
14998,fine-tuned,"Purple,Orange,Green,Red,Blue,Green"
14999,fine-tuned,"Green,Red"
15000,fine-tuned,"Blue,Red,Green,Red,Orange"
15001,fine-tuned,"Yellow,Green,Blue,Red,Green"
15002,fine-tuned,"Orange,Blue,Green,Orange,Blue,Blue"
15003,fine-tuned,"Blue,Green,Green,Red,Orange"
15004,fine-tuned,"Yellow,Blue,Red,Orange,Red"
15005,fine-tuned,"Yellow,Red,Blue,Orange,Blue,Green"
15006,fine-tuned,"Red,Green,Blue,Orange"
15007,fine-tuned,"Blue,Orange,Green,Green"
15008,fine-tuned,"Blue,Green,Orange,Orange,Green"
15009,fine-tuned,"Blue,Orange,Green,Blue,Orange"
15010,fine-tuned,"Red,Green,Blue,Red,Orange,Red"
15011,fine-tuned,"Red,Blue,Blue,Red,Orange,Red"
15012,fine-tuned,"Purple,Green,Red,Orange,Green,Blue"
15013,fine-tuned,"Blue,Red,Red,Orange,Blue"
15014,fine-tuned,"Blue,Orange,Red,Blue,Red"
15015,fine-tuned,"Blue,Green"
15016,fine-tuned,"Blue,Green,Blue,Green,Orange"
15017,fine-tuned,"Blue,Green,Yellow,Blue,Green,Purple"
15018,fine-tuned,"Blue,Orange,Red"
15019,fine-tuned,"Blue,Green,Orange,Red"
15020,fine-tuned,"Green,Blue,Green,Red,Red,Orange"
15021,fine-tuned,"Blue,Green,Green,Red,Orange,Blue"
15022,fine-tuned,"Blue,Orange,Blue"
15023,fine-tuned,"Blue,Orange,Red,Green"
15024,fine-tuned,"Blue,Green,Green,Orange,Orange,Green"
15025,fine-tuned,"Blue,Red,Red,Green,Orange"
15026,fine-tuned,"Blue,Green,Orange,Green,Red"
15027,fine-tuned,"Purple,Orange,Red,Red,Blue,Green"
15028,fine-tuned,"Yellow,Green,Red,Green"
15029,fine-tuned,"Orange,Red,Green,Blue,Red"
15030,fine-tuned,"Green,Red,Green,Orange,Green,Orange"
15031,fine-tuned,"Yellow,Blue,Orange,Blue,Green"
15032,fine-tuned,"Green,Blue,Red"
15033,fine-tuned,"Blue,Red,Orange,Red,Green,Red"
15034,fine-tuned,"Yellow,Red,Orange,Red,Blue,Red"
15035,fine-tuned,"Green,Blue,Green,Orange,Orange"
15036,fine-tuned,"Yellow,Orange,Red,Red,Red"
15037,fine-tuned,"Yellow,Orange,Green,Blue"
15038,fine-tuned,"Green,Orange,Red,Blue,Blue,Blue"
15039,fine-tuned,"Green,Blue,Orange,Green"
15040,fine-tuned,"Blue,Green,Blue,Orange,Orange,Blue"
15041,fine-tuned,"Blue,Orange,Blue,Blue,Green,Orange"
15042,fine-tuned,"Blue,Green,Blue,Blue,Green"
15043,fine-tuned,"Orange,Blue,Blue,Green,Red"
15044,fine-tuned,"Green,Orange,Green,Blue,Green"
15045,fine-tuned,"Red,Green,Blue,Green,Blue"
15046,fine-tuned,"Orange,Green,Blue,Blue,Green"
15047,fine-tuned,"Yellow,Blue,Orange,Blue,Green,Blue"
15048,fine-tuned,"Blue,Orange,Red,Green,Orange"
15049,fine-tuned,"Orange,Green,Yellow,Red,Red,Orange"
15050,fine-tuned,"Blue,Green,Red,Green,Orange,Red"
15051,fine-tuned,"Blue,Green,Orange,Green,Orange,Blue"
15052,fine-tuned,"Yellow,Blue,Green,Blue,Red,Green"
15053,fine-tuned,"Blue,Green,Red,Orange,Green,Red"
15054,fine-tuned,"Green,Blue,Orange,Orange,Blue"
15055,fine-tuned,"Blue,Orange,Green,Red,Green"
15056,fine-tuned,"Blue,Red,Red,Orange,Green"
15057,fine-tuned,"Red,Red,Red,Orange,Green"
15058,fine-tuned,"Yellow,Orange,Green,Orange,Red,Blue"
15059,fine-tuned,"Red,Red"
15060,fine-tuned,"Yellow,Red,Blue,Red,Green,Red"
15061,fine-tuned,"Yellow,Green,Orange,Green,Red"
15062,fine-tuned,"Green,Red,Blue,Orange,Orange,Red"
15063,fine-tuned,"Orange,Red,Red,Red"
15064,fine-tuned,"Blue,Green,Blue"
15065,fine-tuned,"Blue,Green,Red,Orange,Orange,Green"
15066,fine-tuned,"Purple,Orange,Green,Red,Red"
15067,fine-tuned,"Blue,Orange,Green,Red,Red"
15068,fine-tuned,"Purple,Blue,Green,Green,Blue,Orange"
15069,fine-tuned,"Orange,Blue,Red,Red,Blue,Red"
15070,fine-tuned,"Purple,Green,Blue,Blue,Orange"
15071,fine-tuned,"Red,Green,Orange,Green"
15072,fine-tuned,"Orange,Red,Blue,Green,Green,Blue"
15073,fine-tuned,"Red,Orange,Green,Red,Green"
15074,fine-tuned,"Red,Green,Blue,Red,Red,Red"
15075,fine-tuned,"Yellow,Blue,Red,Blue,Green,Orange"
15076,fine-tuned,"Orange,Blue,Green,Red,Green"
15077,fine-tuned,"Green,Blue,Red,Orange,Red,Blue"
15078,fine-tuned,"Purple,Blue,Red,Red,Orange,Blue"
15079,fine-tuned,"Blue,Green,Green,Green"
15080,fine-tuned,"Green,Orange,Red,Orange,Blue"
15081,fine-tuned,"Blue,Green,Green,Orange"
15082,fine-tuned,"Blue,Red,Green,Orange"
15083,fine-tuned,"Green,Red,Green,Blue,Red,Orange"
15084,fine-tuned,"Blue,Green,Orange,Orange"
15085,fine-tuned,"Orange,Yellow,Orange,Purple,Red,Blue"
15086,fine-tuned,"Blue,Orange,Green,Blue"
15087,fine-tuned,"Yellow,Orange,Green,Red,Blue"
15088,fine-tuned,"Yellow,Green,Red,Red,Orange,Blue"
15089,fine-tuned,"Blue,Green,Orange,Red"
15090,fine-tuned,"Purple,Red,Green,Red,Orange,Green"
15091,fine-tuned,"Blue,Green,Orange,Red,Blue"
15092,fine-tuned,"Purple,Red,Green,Orange"
15093,fine-tuned,"Yellow,Orange,Red,Blue,Green,Red"
15094,fine-tuned,"Red,Green,Orange,Red,Orange"
15095,fine-tuned,"Orange,Blue,Red,Blue,Green"
15096,fine-tuned,"Red,Blue,Green,Green,Red"
15097,fine-tuned,"Green,Red,Blue,Orange,Blue,Green"
15098,fine-tuned,"Red,Green,Blue,Orange,Blue,Red"
15099,fine-tuned,"Purple,Red,Green,Green"
15100,fine-tuned,"Red,Green,Orange,Green"
15101,fine-tuned,"Orange,Green,Red,Red,Blue,Orange"
15102,fine-tuned,"Purple,Orange,Green,Orange,Blue"
15103,fine-tuned,"Green,Orange,Orange,Blue,Green"
15104,fine-tuned,"Red,Orange,Blue,Orange"
15105,fine-tuned,"Blue,Green,Red,Red,Blue"
15106,fine-tuned,"Red,Green,Red,Red,Orange"
15107,fine-tuned,"Blue,Red,Red,Green,Red,Green"
15108,fine-tuned,"Red,Green,Orange,Blue,Red"
15109,fine-tuned,"Blue,Orange,Green,Blue,Green,Blue"
15110,fine-tuned,"Purple,Orange,Orange,Green,Blue"
15111,fine-tuned,"Blue,Orange,Red,Green,Red"
15112,fine-tuned,"Purple,Green,Blue,Green,Blue"
15113,fine-tuned,"Yellow,Red,Blue,Blue"
15114,fine-tuned,"Orange,Blue,Blue,Red,Blue,Red"
15115,fine-tuned,"Purple,Green,Orange,Red,Blue,Blue"
15116,fine-tuned,"Purple,Orange,Blue,Green"
15117,fine-tuned,"Yellow,Orange,Green,Red,Blue,Red"
15118,fine-tuned,"Red,Blue,Red,Orange,Red"
15119,fine-tuned,"Red,Orange,Green,Green,Red"
15120,fine-tuned,"Yellow,Blue,Green,Blue,Green,Red"
15121,fine-tuned,"Blue,Green,Green,Blue"
15122,fine-tuned,"Purple,Orange,Green,Orange"
15123,fine-tuned,"Yellow,Orange,Orange,Green,Blue"
15124,fine-tuned,"Blue,Red,Green,Green,Orange,Blue"
15125,fine-tuned,"Green,Blue,Green,Red,Green,Orange"
15126,fine-tuned,"Blue,Orange,Red,Blue,Green,Green"
15127,fine-tuned,"Red,Blue,Blue,Orange,Red"
15128,fine-tuned,"Yellow,Green,Blue,Blue,Red"
15129,fine-tuned,"Orange,Blue,Green,Blue,Orange"
15130,fine-tuned,"Blue,Red,Green,Orange"
15131,fine-tuned,"Yellow,Green,Orange,Red,Red,Green"
15132,fine-tuned,"Red,Green,Blue,Red"
15133,fine-tuned,"Purple,Green,Red,Red,Blue"
15134,fine-tuned,"Blue,Red,Green,Orange,Green,Red"
15135,fine-tuned,"Green,Red,Blue,Blue,Red"
15136,fine-tuned,"Green,Blue,Orange,Red,Orange"
15137,fine-tuned,"Blue,Green,Blue,Blue"
15138,fine-tuned,"Purple,Green,Blue,Green"
15139,fine-tuned,"Blue,Orange,Red,Green,Red"
15140,fine-tuned,"Blue,Green,Orange,Red"
15141,fine-tuned,"Orange,Blue,Red,Green,Blue,Green"
15142,fine-tuned,"Orange,Blue,Red,Red,Red,Green"
15143,fine-tuned,"Yellow,Red,Blue,Blue,Orange,Green"
15144,fine-tuned,"Yellow,Blue,Red,Orange,Red"
15145,fine-tuned,"Red,Green,Orange,Orange,Red,Blue"
15146,fine-tuned,"Orange,Blue,Red,Green,Orange"
15147,fine-tuned,"Yellow,Green,Blue,Orange,Red,Red"
15148,fine-tuned,"Yellow,Green,Orange,Green,Red,Green"
15149,fine-tuned,"Green,Orange,Blue,Green"
15150,fine-tuned,"Purple,Orange,Blue,Red,Blue"
15151,fine-tuned,"Yellow,Green,Blue,Red,Orange,Blue"
15152,fine-tuned,"Orange,Purple,Red,Purple,Green,Red"
15153,fine-tuned,"Yellow,Green,Orange,Red,Blue,Orange"
15154,fine-tuned,"Purple,Blue,Red,Green,Orange"
15155,fine-tuned,"Yellow,Blue,Red,Orange,Blue,Red"
15156,fine-tuned,"Orange,Red,Orange,Green,Red"
15157,fine-tuned,"Red,Green,Green,Blue,Green,Green"
15158,fine-tuned,"Green,Orange,Blue,Blue"
15159,fine-tuned,"Yellow,Red,Orange,Blue,Blue"
15160,fine-tuned,"Blue,Green,Red,Green,Orange"
15161,fine-tuned,"Red,Green,Blue,Blue,Orange,Red"
15162,fine-tuned,"Purple,Orange,Blue,Blue,Green,Red"
15163,fine-tuned,"Yellow,Blue,Red,Green,Green"
15164,fine-tuned,"Yellow,Blue,Orange,Red"
15165,fine-tuned,"Blue,Green,Orange,Orange"
15166,fine-tuned,"Green,Blue,Green,Orange,Red,Red"
15167,fine-tuned,"Red,Blue,Green,Red,Red"
15168,fine-tuned,"Blue,Orange,Orange,Blue"
15169,fine-tuned,"Blue,Green,Orange,Red,Red,Green"
15170,fine-tuned,"Blue,Green,Orange,Green"
15171,fine-tuned,"Red,Orange,Orange,Red,Blue"
15172,fine-tuned,"Red,Orange,Blue,Blue,Green,Green"
15173,fine-tuned,"Blue,Red,Green,Red,Orange,Red"
15174,fine-tuned,"Yellow,Blue,Green,Orange,Red"
15175,fine-tuned,"Yellow,Blue,Green,Blue,Green"
15176,fine-tuned,"Green,Purple,Blue,Yellow,Orange,Yellow"
15177,fine-tuned,"Red,Orange,Red,Blue,Red"
15178,fine-tuned,"Orange,Blue,Red,Green"
15179,fine-tuned,"Green,Blue,Red,Blue,Red"
15180,fine-tuned,"Red,Green,Blue,Green"
15181,fine-tuned,"Blue,Orange,Green"
15182,fine-tuned,"Yellow,Red,Blue,Red,Green,Orange"
15183,fine-tuned,"Red,Orange,Orange,Blue,Green,Blue"
15184,fine-tuned,"Green,Blue,Orange,Red"
15185,fine-tuned,"Yellow,Blue,Red,Green,Red"
15186,fine-tuned,"Orange,Green,Blue,Orange,Blue,Green"
15187,fine-tuned,"Blue,Green,Green,Orange,Green"
15188,fine-tuned,"Red,Green,Red,Blue"
15189,fine-tuned,"Blue,Green,Red,Green,Orange,Orange"
15190,fine-tuned,"Green,Orange,Green,Red"
15191,fine-tuned,"Blue,Orange,Green,Orange,Red"
15192,fine-tuned,"Blue,Green,Orange,Orange,Blue,Red"
15193,fine-tuned,"Blue,Red,Green,Green,Blue"
15194,fine-tuned,"Yellow,Blue,Green,Blue,Orange,Blue"
15195,fine-tuned,"Blue,Green,Orange,Orange,Green,Red"
15196,fine-tuned,"Blue,Red,Orange,Green,Red"
15197,fine-tuned,"Green,Blue,Blue,Red"
15198,fine-tuned,"Yellow,Blue,Red,Red,Orange"
15199,fine-tuned,"Blue,Blue,Blue"
15200,fine-tuned,"Yellow,Blue,Orange,Green,Red,Red"
15201,fine-tuned,"Blue,Orange,Red,Orange,Blue"
15202,fine-tuned,"Orange,Green,Orange,Blue,Green"
15203,fine-tuned,"Yellow,Red,Green,Green,Orange"
15204,fine-tuned,"Green,Blue,Green"
15205,fine-tuned,"Red,Orange,Green"
15206,fine-tuned,"Blue,Orange,Red,Green"
15207,fine-tuned,"Red,Blue,Red,Red"
15208,fine-tuned,"Green,Green,Blue,Red,Red,Blue"
15209,fine-tuned,"Purple,Blue,Red,Orange,Green,Blue"
15210,fine-tuned,"Orange,Blue,Green,Yellow,Purple,Green"
15211,fine-tuned,"Purple,Orange,Red,Blue,Green,Red"
15212,fine-tuned,"Blue,Orange,Green,Orange"
15213,fine-tuned,"Blue,Red,Red,Orange,Green"
15214,fine-tuned,"Green,Blue,Orange,Green,Red,Blue"
15215,fine-tuned,"Blue,Orange,Orange,Green,Red"
15216,fine-tuned,"Blue,Orange,Green"
15217,fine-tuned,"Blue,Red,Green,Orange"
15218,fine-tuned,"Green,Red,Red,Green,Orange,Blue"
15219,fine-tuned,"Yellow,Orange,Blue,Green,Red"
15220,fine-tuned,"Blue,Orange,Orange,Green,Red,Blue"
15221,fine-tuned,"Purple,Blue,Orange,Red"
15222,fine-tuned,"Blue,Orange,Red,Orange,Orange,Red"
15223,fine-tuned,"Red,Orange,Blue,Blue,Green"
15224,fine-tuned,"Green,Orange,Blue,Green"
15225,fine-tuned,"Green,Red,Green,Blue,Red,Green"
15226,fine-tuned,"Yellow,Red,Orange,Blue,Green"
15227,fine-tuned,"Yellow,Orange,Green,Blue,Orange"
15228,fine-tuned,"Blue,Green,Orange,Orange,Red"
15229,fine-tuned,"Purple,Green,Red,Red,Blue"
15230,fine-tuned,"Blue,Red,Blue,Green,Green,Green"
15231,fine-tuned,"Blue,Red,Red,Green,Red"
15232,fine-tuned,"Purple,Green"
15233,fine-tuned,"Yellow,Green,Red,Red,Blue"
15234,fine-tuned,"Green,Blue,Green,Orange,Orange"
15235,fine-tuned,"Blue,Red,Green"
15236,fine-tuned,"Yellow,Red,Blue,Green,Red,Red"
15237,fine-tuned,"Orange,Blue,Green,Red,Red,Green"
15238,fine-tuned,"Purple,Green,Red,Blue,Red,Red"
15239,fine-tuned,"Yellow,Orange,Red,Green,Red,Blue"
15240,fine-tuned,"Green,Red,Red,Green,Orange,Green"
15241,fine-tuned,"Red,Green,Orange,Red,Red,Blue"
15242,fine-tuned,"Purple,Red,Blue,Green,Red"
15243,fine-tuned,"Blue,Green,Orange"
15244,fine-tuned,"Blue,Green,Green,Blue,Red"
15245,fine-tuned,"Yellow,Blue,Green,Red,Red"
15246,fine-tuned,"Yellow,Red,Blue,Red,Blue"
15247,fine-tuned,"Orange,Red,Blue,Green,Green,Red"
15248,fine-tuned,"Purple,Blue,Green,Red,Green"
15249,fine-tuned,"Blue,Orange,Green,Red,Orange"
15250,fine-tuned,"Yellow,Red,Green,Green"
15251,fine-tuned,"Red,Green,Red,Blue,Red,Blue"
15252,fine-tuned,"Red,Green,Blue,Green"
15253,fine-tuned,"Orange,Blue,Green,Orange"
15254,fine-tuned,"Red,Green,Green,Orange,Red"
15255,fine-tuned,"Purple,Orange,Blue,Green,Blue,Orange"
15256,fine-tuned,"Blue,Green,Red,Green,Blue,Red"
15257,fine-tuned,"Red,Green,Orange,Blue,Red,Red"
15258,fine-tuned,"Red,Green,Orange,Red,Blue"
15259,fine-tuned,"Red,Green,Blue,Blue,Green"
15260,fine-tuned,"Green,Red,Green,Orange,Blue"
15261,fine-tuned,"Orange,Red,Green,Green,Blue,Purple"
15262,fine-tuned,"Red,Green,Orange,Blue,Red"
15263,fine-tuned,"Red,Green,Blue,Green,Orange,Orange"
15264,fine-tuned,"Purple,Green,Blue,Green,Orange"
15265,fine-tuned,"Orange,Red,Red,Green,Red"
15266,fine-tuned,"Red,Orange,Green,Green,Blue"
15267,fine-tuned,"Blue,Blue,Red,Orange,Red"
15268,fine-tuned,"Green,Orange,Red,Blue,Red,Blue"
15269,fine-tuned,"Blue,Green,Blue,Green,Orange"
15270,fine-tuned,"Orange,Green,Red,Orange,Red"
15271,fine-tuned,"Orange,Green,Red,Red,Blue,Green"
15272,fine-tuned,"Red,Orange,Blue,Red"
15273,fine-tuned,"Green,Red,Red,Red,Blue,Red"
15274,fine-tuned,"Yellow,Orange,Red,Blue,Orange"
15275,fine-tuned,"Yellow,Orange,Blue,Orange,Red,Red"
15276,fine-tuned,"Yellow,Blue,Green,Orange,Red,Green"
15277,fine-tuned,"Blue,Green,Orange,Red"
15278,fine-tuned,"Red,Blue,Blue,Red,Red"
15279,fine-tuned,"Purple,Green,Red,Orange,Blue,Green"
15280,fine-tuned,"Green,Red,Red,Blue,Red,Orange"
15281,fine-tuned,"Red,Orange,Red,Orange,Blue"
15282,fine-tuned,"Red,Orange,Green,Red,Blue"
15283,fine-tuned,"Blue,Orange,Red,Green,Red"
15284,fine-tuned,"Orange,Blue,Red,Yellow,Blue,Green"
15285,fine-tuned,"Yellow,Green,Orange,Blue,Purple,Yellow"
15286,fine-tuned,"Purple,Green,Orange,Blue,Red"
15287,fine-tuned,"Blue,Orange,Red,Red,Green"
15288,fine-tuned,"Green,Orange,Red,Red,Orange"
15289,fine-tuned,"Orange,Green,Blue,Red,Green"
15290,fine-tuned,"Green,Green,Orange,Blue"
15291,fine-tuned,"Blue,Orange,Red,Orange,Green"
15292,fine-tuned,"Purple,Orange,Blue,Green,Red,Red"
15293,fine-tuned,"Blue,Orange,Red,Orange,Blue,Green"
15294,fine-tuned,"Purple,Green,Red,Green,Blue,Blue"
15295,fine-tuned,"Orange,Green,Red,Green,Orange"
15296,fine-tuned,"Blue,Red,Green,Orange,Red"
15297,fine-tuned,"Orange,Green,Red,Red,Blue"
15298,fine-tuned,"Orange,Blue,Green,Blue,Purple,Yellow"
15299,fine-tuned,"Red,Blue,Red,Blue,Green,Blue"
15300,fine-tuned,"Red,Orange,Blue,Red"
15301,fine-tuned,"Red,Red,Green,Blue,Blue"
15302,fine-tuned,"Red,Red,Green,Blue,Blue"
15303,fine-tuned,"Green,Yellow,Blue,Red,Red,Red"
15304,fine-tuned,"Blue,Orange,Red"
15305,fine-tuned,"Blue,Green,Red,Green,Red"
15306,fine-tuned,"Yellow,Blue,Red,Orange,Red,Blue"
15307,fine-tuned,"Green,Red,Blue,Green,Orange"
15308,fine-tuned,"Blue,Orange,Red,Orange"
15309,fine-tuned,"Red,Blue,Green,Blue,Orange"
15310,fine-tuned,"Green,Orange,Blue,Red"
15311,fine-tuned,"Purple,Red,Blue,Green,Green,Blue"
15312,fine-tuned,"Green,Blue,Red,Green,Orange,Red"
15313,fine-tuned,"Blue,Green,Green,Orange,Red"
15314,fine-tuned,"Green,Orange,Blue,Red"
15315,fine-tuned,"Red,Orange,Red,Blue,Green,Red"
15316,fine-tuned,"Blue,Blue,Green,Green,Orange,Green"
15317,fine-tuned,"Blue,Red,Blue,Blue,Orange,Orange"
15318,fine-tuned,"Blue,Orange,Green,Red,Blue,Green"
15319,fine-tuned,"Green,Orange,Blue,Green,Blue"
15320,fine-tuned,"Green,Yellow,Red,Purple,Blue,Orange"
15321,fine-tuned,"Blue,Orange,Green,Red,Orange"
15322,fine-tuned,"Purple,Blue,Green,Red,Green"
15323,fine-tuned,"Green,Orange,Blue,Orange,Red,Red"
15324,fine-tuned,"Red,Green,Green,Blue"
15325,fine-tuned,"Yellow,Green,Orange,Red,Blue,Orange"
15326,fine-tuned,"Orange,Red,Green,Purple,Orange,Green"
15327,fine-tuned,"Purple,Orange,Blue,Orange,Blue"
15328,fine-tuned,"Blue,Red,Orange,Green,Red,Orange"
15329,fine-tuned,"Orange,Blue,Green,Blue,Green"
15330,fine-tuned,"Red,Blue,Green,Blue,Red,Orange"
15331,fine-tuned,"Orange,Red,Red"
15332,fine-tuned,"Blue,Red,Green,Red,Green,Orange"
15333,fine-tuned,"Green,Blue,Red"
15334,fine-tuned,"Blue,Red,Red,Orange,Green"
15335,fine-tuned,"Green,Blue,Green,Blue,Green"
15336,fine-tuned,"Green,Blue,Blue,Red,Orange,Red"
15337,fine-tuned,"Blue,Green,Orange,Green,Blue"
15338,fine-tuned,"Red,Blue,Orange,Blue"
15339,fine-tuned,"Yellow,Blue,Red,Blue,Orange,Blue"
15340,fine-tuned,"Purple,Green,Red,Red,Blue"
15341,fine-tuned,"Orange,Green,Blue,Red"
15342,fine-tuned,"Blue,Green,Blue,Green"
15343,fine-tuned,"Red,Green,Blue,Blue,Orange,Green"
15344,fine-tuned,"Orange,Purple,Yellow,Green,Blue,Red"
15345,fine-tuned,"Yellow,Green,Red,Orange,Blue,Red"
15346,fine-tuned,"Purple,Green,Red,Green"
15347,fine-tuned,"Red,Green,Red,Green,Blue,Orange"
15348,fine-tuned,"Yellow,Orange,Green,Red,Blue,Red"
15349,fine-tuned,"Blue,Orange,Green,Blue,Red"
15350,fine-tuned,"Yellow,Orange,Green,Red,Red"
15351,fine-tuned,"Blue,Green,Blue,Orange,Green,Green"
15352,fine-tuned,"Red,Green,Green,Blue,Blue,Red"
15353,fine-tuned,"Blue,Red,Green,Red"
15354,fine-tuned,"Blue,Orange,Green,Red,Green"
15355,fine-tuned,"Blue,Red,Green,Green,Blue"
15356,fine-tuned,"Red,Green"
15357,fine-tuned,"Yellow,Blue,Green,Blue,Orange"
15358,fine-tuned,"Yellow,Orange,Red,Green"
15359,fine-tuned,"Green,Blue,Red,Blue,Red"
15360,fine-tuned,"Red,Green,Blue,Blue,Green"
15361,fine-tuned,"Green,Red,Orange,Red,Green"
15362,fine-tuned,"Purple,Orange,Green,Blue"
15363,fine-tuned,"Blue,Green,Red,Green,Orange"
15364,fine-tuned,"Red,Orange,Blue,Red,Blue,Orange"
15365,fine-tuned,"Yellow,Blue,Red,Red,Green,Red"
15366,fine-tuned,"Blue,Green,Blue,Orange,Red"
15367,fine-tuned,"Green,Orange,Blue,Green,Red"
15368,fine-tuned,"Red,Green,Green,Blue,Green,Orange"
15369,fine-tuned,"Green,Green,Red,Red,Blue,Green"
15370,fine-tuned,"Green,Blue,Green,Red,Orange"
15371,fine-tuned,"Red,Blue,Orange,Red,Green,Blue"
15372,fine-tuned,"Blue,Orange,Blue,Blue,Green"
15373,fine-tuned,"Blue,Orange"
15374,fine-tuned,"Green,Blue,Orange,Red,Green,Red"
15375,fine-tuned,"Orange,Green,Red,Orange,Red,Blue"
15376,fine-tuned,"Orange,Green,Green,Red,Green"
15377,fine-tuned,"Blue,Red,Orange,Green,Green"
15378,fine-tuned,"Green,Blue,Orange,Blue,Green"
15379,fine-tuned,"Red,Orange,Orange,Blue,Blue"
15380,fine-tuned,"Orange,Blue,Purple,Green,Red,Red"
15381,fine-tuned,"Orange,Blue,Red"
15382,fine-tuned,"Yellow,Green,Orange,Red,Blue,Blue"
15383,fine-tuned,"Green,Orange,Red,Green,Red"
15384,fine-tuned,"Yellow,Green,Blue,Green"
15385,fine-tuned,"Orange,Blue,Green,Red,Green,Green"
15386,fine-tuned,"Red,Green,Red,Blue,Green,Blue"
15387,fine-tuned,"Orange,Red,Red,Green,Red,Green"
15388,fine-tuned,"Blue,Orange,Orange,Red"
15389,fine-tuned,"Green,Red,Blue,Red,Orange"
15390,fine-tuned,"Orange,Purple,Green,Yellow,Green,Blue"
15391,fine-tuned,"Green,Blue,Green,Red,Red"
15392,fine-tuned,"Green,Green,Orange,Green"
15393,fine-tuned,"Blue,Orange,Green,Green,Red"
15394,fine-tuned,"Yellow,Blue,Orange,Green,Blue"
15395,fine-tuned,"Green,Blue,Red,Green"
15396,fine-tuned,"Red,Red,Red,Green,Orange"
15397,fine-tuned,"Red,Blue"
15398,fine-tuned,"Red,Red,Orange,Blue,Blue,Green"
15399,fine-tuned,"Orange,Red,Green,Green,Blue,Green"
15400,fine-tuned,"Blue,Orange,Blue,Red,Red"
15401,fine-tuned,"Blue,Orange,Orange,Red,Green,Red"
15402,fine-tuned,"Yellow,Orange,Blue,Red,Orange,Red"
15403,fine-tuned,"Yellow,Blue,Green,Orange,Green"
15404,fine-tuned,"Yellow,Blue,Orange,Green,Green,Red"
15405,fine-tuned,"Blue,Orange,Green,Red,Red,Blue"
15406,fine-tuned,"Green,Orange,Blue,Red"
15407,fine-tuned,"Green,Red,Green,Blue,Blue,Red"
15408,fine-tuned,"Green,Blue,Red,Green,Red"
15409,fine-tuned,"Red,Blue,Green,Green,Red"
15410,fine-tuned,"Orange,Red,Green,Green,Blue"
15411,fine-tuned,"Yellow,Orange,Red,Blue,Green,Green"
15412,fine-tuned,"Orange,Blue,Green,Green"
15413,fine-tuned,"Purple,Green,Red,Blue,Orange"
15414,fine-tuned,"Blue,Orange,Green,Red,Green"
15415,fine-tuned,"Green,Red,Blue,Orange,Blue,Green"
15416,fine-tuned,"Orange,Blue,Red,Purple,Green,Red"
15417,fine-tuned,"Orange,Red,Red,Green"
15418,fine-tuned,"Green,Blue,Red,Red,Red,Blue"
15419,fine-tuned,"Blue,Blue,Green,Green"
15420,fine-tuned,"Red,Blue,Blue,Green,Orange"
15421,fine-tuned,"Blue,Orange,Green,Blue,Red"
15422,fine-tuned,"Green,Orange,Blue,Red,Orange,Blue"
15423,fine-tuned,"Green,Orange,Blue,Red"
15424,fine-tuned,"Orange,Blue,Green,Orange,Green,Blue"
15425,fine-tuned,"Red,Green,Red,Red,Blue"
15426,fine-tuned,"Purple,Blue,Green,Blue,Red,Orange"
15427,fine-tuned,"Green,Blue,Green,Orange"
15428,fine-tuned,"Orange,Green,Blue,Red,Green"
15429,fine-tuned,"Red,Orange,Green,Orange"
15430,fine-tuned,"Blue,Green,Red,Red,Red"
15431,fine-tuned,"Red,Blue,Blue,Orange"
15432,fine-tuned,"Green,Green,Red,Green"
15433,fine-tuned,"Orange,Purple,Yellow,Green,Red,Blue"
15434,fine-tuned,"Blue,Red,Green,Red,Green"
15435,fine-tuned,"Orange,Blue,Green,Green,Red"
15436,fine-tuned,"Yellow,Blue"
15437,fine-tuned,"Purple,Green,Red,Blue,Blue,Red"
15438,fine-tuned,"Orange,Blue,Red,Red,Green"
15439,fine-tuned,"Orange,Red,Green,Red"
15440,fine-tuned,"Red,Blue,Orange,Orange,Red"
15441,fine-tuned,"Green,Red,Orange,Orange,Blue,Red"
15442,fine-tuned,"Orange,Green,Yellow,Red,Blue,Yellow"
15443,fine-tuned,"Yellow,Green,Blue,Orange,Purple,Green"
15444,fine-tuned,"Green,Blue,Blue,Orange,Orange"
15445,fine-tuned,"Blue,Orange,Orange,Green,Blue"
15446,fine-tuned,"Yellow,Red,Red,Green,Orange,Green"
15447,fine-tuned,"Red,Blue,Green,Blue,Green,Red"
15448,fine-tuned,"Yellow,Red,Red,Red,Blue"
15449,fine-tuned,"Blue,Red,Red,Orange"
15450,fine-tuned,"Blue,Green,Orange,Orange"
15451,fine-tuned,"Blue,Green,Green,Blue,Green"
15452,fine-tuned,"Green,Blue,Red,Blue"
15453,fine-tuned,"Green,Blue,Orange,Purple,Yellow,Red"
15454,fine-tuned,"Purple,Orange,Green,Red,Blue"
15455,fine-tuned,"Purple,Orange,Orange,Blue,Blue,Blue"
15456,fine-tuned,"Blue,Blue"
15457,fine-tuned,"Green,Blue,Orange,Green,Green,Orange"
15458,fine-tuned,"Orange,Red,Red,Green,Red"
15459,fine-tuned,"Yellow,Orange,Green,Orange,Blue,Blue"
15460,fine-tuned,"Blue,Orange,Blue,Green,Blue"
15461,fine-tuned,"Red,Green"
15462,fine-tuned,"Purple,Orange,Blue,Green,Red"
15463,fine-tuned,"Purple,Green,Blue"
15464,fine-tuned,"Blue,Red,Orange,Green,Green"
15465,fine-tuned,"Green,Orange,Red,Green"
15466,fine-tuned,"Blue,Green,Red,Red,Orange,Red"
15467,fine-tuned,"Yellow,Green,Red,Blue,Blue,Red"
15468,fine-tuned,"Green,Blue,Red,Red,Blue,Red"
15469,fine-tuned,"Purple,Red,Blue,Red,Orange,Green"
15470,fine-tuned,"Purple,Blue,Orange,Red"
15471,fine-tuned,"Blue,Green,Orange,Red,Blue,Red"
15472,fine-tuned,"Green,Red,Green,Blue,Blue,Orange"
15473,fine-tuned,"Red,Orange,Blue,Blue,Orange,Red"
15474,fine-tuned,"Yellow,Orange,Blue"
15475,fine-tuned,"Blue,Orange,Red,Green"
15476,fine-tuned,"Blue,Orange,Red,Green,Orange"
15477,fine-tuned,"Blue,Green,Green,Orange,Green"
15478,fine-tuned,"Yellow,Red,Blue,Red,Green,Blue"
15479,fine-tuned,"Red,Green,Blue,Red,Orange,Red"
15480,fine-tuned,"Blue,Green,Red,Orange"
15481,fine-tuned,"Purple,Blue,Green,Orange"
15482,fine-tuned,"Yellow,Green,Orange,Blue,Blue,Green"
15483,fine-tuned,"Blue,Orange,Red,Green,Blue,Red"
15484,fine-tuned,"Red,Green,Red,Blue,Red,Green"
15485,fine-tuned,"Orange,Red,Green,Red,Green,Orange"
15486,fine-tuned,"Green,Red,Red,Orange,Red"
15487,fine-tuned,"Blue,Orange,Red,Orange"
15488,fine-tuned,"Red,Orange,Green,Green,Orange"
15489,fine-tuned,"Red,Green,Green,Orange"
15490,fine-tuned,"Yellow,Blue,Orange,Red"
15491,fine-tuned,"Red,Orange,Blue,Red,Orange,Green"
15492,fine-tuned,"Orange,Blue,Green,Blue,Red,Green"
15493,fine-tuned,"Blue,Orange,Red,Green,Orange"
15494,fine-tuned,"Blue,Green,Orange"
15495,fine-tuned,"Blue,Green,Red,Red,Green"
15496,fine-tuned,"Orange,Green,Red,Blue,Green,Blue"
15497,fine-tuned,"Yellow,Green,Blue,Red,Green,Red"
15498,fine-tuned,"Blue,Red,Green,Red,Blue"
15499,fine-tuned,"Blue,Green,Blue,Red,Orange"
15500,fine-tuned,"Green,Orange,Blue,Blue,Orange"
15501,fine-tuned,"Blue,Green,Red,Orange"
15502,fine-tuned,"Green,Blue,Blue,Green,Green"
15503,fine-tuned,"Blue,Red,Orange,Green,Red,Green"
15504,fine-tuned,"Red,Orange,Green,Orange,Green,Red"
15505,fine-tuned,"Blue,Red,Green,Red"
15506,fine-tuned,"Orange,Yellow,Blue,Blue,Green,Purple"
15507,fine-tuned,"Red,Blue,Green,Green,Red,Orange"
15508,fine-tuned,"Orange,Yellow,Green,Blue,Purple,Red"
15509,fine-tuned,"Yellow,Red,Blue,Green,Red,Orange"
15510,fine-tuned,"Orange,Green,Green,Blue,Red,Red"
15511,fine-tuned,"Blue,Green,Red,Blue,Red,Red"
15512,fine-tuned,"Green,Orange,Red,Blue,Red,Orange"
15513,fine-tuned,"Green,Blue,Blue,Red,Orange"
15514,fine-tuned,"Purple,Blue,Green,Green,Blue,Red"
15515,fine-tuned,"Orange,Red,Yellow,Blue,Purple,Blue"
15516,fine-tuned,"Yellow,Red,Orange,Red,Blue,Green"
15517,fine-tuned,"Blue,Green,Green,Orange,Green,Red"
15518,fine-tuned,"Yellow,Blue,Blue,Orange,Blue"
15519,fine-tuned,"Orange,Orange,Green,Red"
15520,fine-tuned,"Red,Green,Red,Orange,Orange,Blue"
15521,fine-tuned,"Orange,Green,Blue,Green,Red,Red"
15522,fine-tuned,"Blue,Green,Red,Green,Red,Blue"
15523,fine-tuned,"Green,Orange,Blue,Red,Red"
15524,fine-tuned,"Red,Orange,Red,Red,Green"
15525,fine-tuned,"Red,Orange,Green,Red,Green,Orange"
15526,fine-tuned,"Blue,Red,Blue,Orange,Green"
15527,fine-tuned,"Blue,Orange,Red,Red,Orange,Green"
15528,fine-tuned,"Red,Orange,Blue,Blue,Green,Blue"
15529,fine-tuned,"Green,Red,Blue,Orange,Green"
15530,fine-tuned,"Green,Orange,Red,Blue"
15531,fine-tuned,"Orange,Blue,Red,Red,Orange"
15532,fine-tuned,"Orange,Red,Green,Orange"
15533,fine-tuned,"Red,Orange,Blue,Blue,Blue"
15534,fine-tuned,"Green,Blue,Orange,Blue,Red"
15535,fine-tuned,"Red,Orange,Red,Blue,Green,Red"
15536,fine-tuned,"Green,Red,Red,Blue,Red"
15537,fine-tuned,"Blue,Green,Red,Orange,Red,Green"
15538,fine-tuned,"Red,Green,Red,Orange"
15539,fine-tuned,"Yellow,Green,Green,Blue,Orange,Red"
15540,fine-tuned,"Green,Blue,Red,Red"
15541,fine-tuned,"Orange,Green,Purple,Green,Yellow,Red"
15542,fine-tuned,"Red,Orange,Green,Red"
15543,fine-tuned,"Yellow,Green,Red,Blue,Blue,Green"
15544,fine-tuned,"Yellow,Blue,Green,Green,Blue"
15545,fine-tuned,"Yellow,Blue,Red,Green,Green,Orange"
15546,fine-tuned,"Green,Blue,Orange,Red,Blue,Red"
15547,fine-tuned,"Green,Blue,Blue,Red,Blue"
15548,fine-tuned,"Red,Green,Blue,Red,Orange"
15549,fine-tuned,"Red,Red,Orange,Red"
15550,fine-tuned,"Yellow,Red,Green,Green,Orange"
15551,fine-tuned,"Yellow,Orange,Green,Red,Blue"
15552,fine-tuned,"Yellow,Green,Blue,Red,Red,Orange"
15553,fine-tuned,"Blue,Green,Blue,Orange"
15554,fine-tuned,"Purple,Green,Red,Yellow,Orange,Blue"
15555,fine-tuned,"Green,Blue,Orange,Orange,Blue"
15556,fine-tuned,"Red,Red,Orange,Red,Red,Orange"
15557,fine-tuned,"Red,Orange,Red,Green"
15558,fine-tuned,"Red,Blue,Green,Red"
15559,fine-tuned,"Red,Blue,Red,Green,Green,Blue"
15560,fine-tuned,"Purple,Orange,Blue,Green,Orange"
15561,fine-tuned,"Orange,Blue,Red,Green"
15562,fine-tuned,"Green,Red,Orange,Blue"
15563,fine-tuned,"Blue,Orange,Green,Green,Orange"
15564,fine-tuned,"Blue,Green,Orange,Green,Red,Green"
15565,fine-tuned,"Red,Green,Green,Blue,Green,Green"
15566,fine-tuned,"Blue,Orange,Green,Red,Red"
15567,fine-tuned,"Blue,Red,Orange,Green,Orange"
15568,fine-tuned,"Green,Red,Red,Orange,Blue"
15569,fine-tuned,"Yellow,Orange,Green,Blue,Blue,Green"
15570,fine-tuned,"Orange,Blue,Red,Red,Green"
15571,fine-tuned,"Yellow,Orange,Blue"
15572,fine-tuned,"Purple,Blue,Orange,Red,Red,Green"
15573,fine-tuned,"Green,Orange,Blue,Red,Red,Blue"
15574,fine-tuned,"Green,Blue,Red,Blue,Red,Red"
15575,fine-tuned,"Green,Orange,Red,Red,Blue"
15576,fine-tuned,"Green,Green,Blue,Orange,Orange,Green"
15577,fine-tuned,"Blue,Red,Red,Green,Green,Orange"
15578,fine-tuned,"Blue,Orange,Red,Red,Green"
15579,fine-tuned,"Red,Green,Red,Red,Green"
15580,fine-tuned,"Blue,Green,Orange,Blue,Red"
15581,fine-tuned,"Purple,Blue,Green,Green,Orange,Red"
15582,fine-tuned,"Red,Red,Green,Orange,Orange,Blue"
15583,fine-tuned,"Purple,Green,Red,Green,Green"
15584,fine-tuned,"Yellow,Blue,Green,Orange,Red"
15585,fine-tuned,"Yellow,Blue,Orange,Red,Green"
15586,fine-tuned,"Blue,Red,Green,Blue"
15587,fine-tuned,"Yellow,Orange,Green,Orange,Blue,Red"
15588,fine-tuned,"Green,Green,Red"
15589,fine-tuned,"Red,Orange,Blue,Orange"
15590,fine-tuned,"Blue,Orange,Red,Blue"
15591,fine-tuned,"Yellow,Green,Blue,Red,Orange,Red"
15592,fine-tuned,"Yellow,Red,Blue,Orange,Green,Red"
15593,fine-tuned,"Blue,Orange,Orange,Green,Orange"
15594,fine-tuned,"Orange,Green,Blue,Orange,Red"
15595,fine-tuned,"Blue,Green,Green,Green,Red"
15596,fine-tuned,"Yellow,Blue,Green,Orange"
15597,fine-tuned,"Green,Blue,Orange,Green,Blue"
15598,fine-tuned,"Yellow,Blue,Green,Red"
15599,fine-tuned,"Blue,Green,Red,Red,Blue,Red"
15600,fine-tuned,"Blue,Green,Orange,Blue,Red,Orange"
15601,fine-tuned,"Green,Blue,Green,Orange,Orange"
15602,fine-tuned,"Green,Blue,Red,Red"
15603,fine-tuned,"Yellow,Green,Green,Orange"
15604,fine-tuned,"Yellow,Orange,Red,Green,Blue"
15605,fine-tuned,"Orange,Green,Green,Blue,Blue"
15606,fine-tuned,"Blue,Orange,Green,Red,Blue"
15607,fine-tuned,"Orange,Purple,Red,Purple,Yellow,Red"
15608,fine-tuned,"Red,Green,Green,Red"
15609,fine-tuned,"Red,Orange,Green,Blue"
15610,fine-tuned,"Red,Orange,Green"
15611,fine-tuned,"Yellow,Green,Red,Red,Green,Blue"
15612,fine-tuned,"Green,Blue,Red,Green,Orange"
15613,fine-tuned,"Blue,Red,Red,Red,Red,Blue"
15614,fine-tuned,"Green,Red,Red,Orange,Red,Blue"
15615,fine-tuned,"Red,Green,Orange,Blue,Orange"
15616,fine-tuned,"Blue,Green,Red,Blue,Orange"
15617,fine-tuned,"Blue,Green,Red,Red,Orange,Red"
15618,fine-tuned,"Orange,Red,Orange,Green,Green,Red"
15619,fine-tuned,"Yellow,Green,Blue,Red,Green,Red"
15620,fine-tuned,"Red,Blue,Green,Red,Blue,Green"
15621,fine-tuned,"Purple,Red,Blue,Green,Orange"
15622,fine-tuned,"Yellow,Orange,Red,Green,Green,Blue"
15623,fine-tuned,"Red,Green,Green,Green,Blue"
15624,fine-tuned,"Red,Green,Orange,Blue"
15625,fine-tuned,"Red,Red,Orange,Red"
15626,fine-tuned,"Green,Red,Blue,Blue,Orange"
15627,fine-tuned,"Blue,Orange,Blue,Green,Green,Red"
15628,fine-tuned,"Blue,Orange,Red,Red,Orange"
15629,fine-tuned,"Yellow,Blue,Green,Red,Green"
15630,fine-tuned,"Purple,Green,Blue,Orange,Green,Red"
15631,fine-tuned,"Red,Orange,Orange,Blue,Orange,Red"
15632,fine-tuned,"Green,Blue,Red,Orange,Orange,Green"
15633,fine-tuned,"Blue,Orange,Blue,Blue"
15634,fine-tuned,"Blue,Red,Orange,Green,Red"
15635,fine-tuned,"Red,Green,Green,Blue"
15636,fine-tuned,"Red,Green,Blue,Orange,Red,Red"
15637,fine-tuned,"Green,Red,Red,Orange,Blue"
15638,fine-tuned,"Yellow,Green,Blue,Green,Orange"
15639,fine-tuned,"Blue,Green,Blue,Green,Orange"
15640,fine-tuned,"Red,Blue,Red,Orange,Blue"
15641,fine-tuned,"Blue,Green,Blue,Orange,Orange"
15642,fine-tuned,"Red,Red,Orange,Green,Orange,Green"
15643,fine-tuned,"Yellow,Blue,Green,Orange,Blue,Green"
15644,fine-tuned,"Yellow,Blue,Green,Orange,Orange,Red"
15645,fine-tuned,"Blue,Green,Red,Orange,Red,Red"
15646,fine-tuned,"Orange,Green,Red,Blue,Blue"
15647,fine-tuned,"Orange,Red,Green,Orange,Blue"
15648,fine-tuned,"Red,Orange,Green,Green,Red"
15649,fine-tuned,"Blue,Orange,Green,Orange"
15650,fine-tuned,"Blue,Orange,Blue,Green"
15651,fine-tuned,"Purple,Blue,Red,Red,Blue,Red"
15652,fine-tuned,"Red,Green,Blue,Red,Orange"
15653,fine-tuned,"Blue,Green"
15654,fine-tuned,"Blue,Red,Red,Red,Orange"
15655,fine-tuned,"Red,Orange,Red,Blue,Blue,Red"
15656,fine-tuned,"Blue,Orange,Red,Green,Blue,Orange"
15657,fine-tuned,"Orange,Blue,Green,Blue"
15658,fine-tuned,"Purple,Green,Blue,Orange,Red"
15659,fine-tuned,"Blue,Orange,Orange"
15660,fine-tuned,"Red,Blue,Green,Green,Orange"
15661,fine-tuned,"Yellow,Green,Orange,Red,Blue,Red"
15662,fine-tuned,"Red,Blue,Green,Orange"
15663,fine-tuned,"Blue,Green,Orange,Blue"
15664,fine-tuned,"Orange,Purple,Green,Blue,Blue,Green"
15665,fine-tuned,"Yellow,Blue,Red,Red"
15666,fine-tuned,"Blue,Green,Red,Red,Green"
15667,fine-tuned,"Blue,Green,Red,Red,Red"
15668,fine-tuned,"Orange,Blue,Green,Blue,Red"
15669,fine-tuned,"Orange,Purple,Red,Green,Purple,Yellow"
15670,fine-tuned,"Red,Green,Blue,Green,Red,Orange"
15671,fine-tuned,"Blue,Red,Orange"
15672,fine-tuned,"Red,Green,Blue,Orange,Red,Orange"
15673,fine-tuned,"Yellow,Blue,Green,Orange,Orange"
15674,fine-tuned,"Green,Red,Blue,Green,Red,Red"
15675,fine-tuned,"Green,Blue,Orange,Green,Blue,Red"
15676,fine-tuned,"Red,Orange,Blue,Red,Green"
15677,fine-tuned,"Green,Blue,Orange,Red,Green,Red"
15678,fine-tuned,"Red,Blue,Red,Green"
15679,fine-tuned,"Purple,Green,Red,Orange,Green,Red"
15680,fine-tuned,"Red,Green,Green,Blue,Blue"
15681,fine-tuned,"Orange,Blue,Red,Red,Green"
15682,fine-tuned,"Blue,Orange,Red,Blue"
15683,fine-tuned,"Blue,Red,Green,Orange,Orange,Blue"
15684,fine-tuned,"Red,Green,Blue,Green,Orange"
15685,fine-tuned,"Purple,Blue,Green,Blue,Red,Green"
15686,fine-tuned,"Orange,Red,Red,Orange,Blue,Green"
15687,fine-tuned,"Blue,Orange,Green,Orange,Blue,Green"
15688,fine-tuned,"Green,Orange,Blue,Red"
15689,fine-tuned,"Red,Green,Red,Orange,Red,Blue"
15690,fine-tuned,"Purple,Green,Blue,Blue,Green"
15691,fine-tuned,"Red,Green,Orange,Red,Orange,Green"
15692,fine-tuned,"Yellow,Green,Red,Blue,Red,Blue"
15693,fine-tuned,"Red,Green,Red,Orange,Red,Green"
15694,fine-tuned,"Purple,Green,Blue,Red"
15695,fine-tuned,"Blue,Green,Red,Red,Orange,Green"
15696,fine-tuned,"Green,Red,Orange,Red,Green,Red"
15697,fine-tuned,"Green,Yellow,Blue,Purple,Orange,Green"
15698,fine-tuned,"Red,Orange,Green"
15699,fine-tuned,"Yellow,Red,Blue,Orange,Red,Green"
15700,fine-tuned,"Yellow,Blue,Green,Orange,Red,Blue"
15701,fine-tuned,"Green,Red,Blue,Red,Blue,Red"
15702,fine-tuned,"Red,Blue,Green,Blue,Orange,Green"
15703,fine-tuned,"Purple,Red,Orange,Blue,Blue"
15704,fine-tuned,"Red,Orange,Green,Blue"
15705,fine-tuned,"Yellow,Green,Orange,Red,Red,Orange"
15706,fine-tuned,"Orange,Blue,Green,Purple,Blue,Red"
15707,fine-tuned,"Orange,Blue,Green,Orange,Blue,Green"
15708,fine-tuned,"Yellow,Green,Red,Red,Red"
15709,fine-tuned,"Red,Red,Green,Red"
15710,fine-tuned,"Red,Green,Red,Blue,Green,Blue"
15711,fine-tuned,"Purple,Green,Blue,Orange"
15712,fine-tuned,"Green,Orange,Blue,Red,Green"
15713,fine-tuned,"Red,Blue,Orange,Green,Orange"
15714,fine-tuned,"Blue,Red,Green,Blue,Orange,Green"
15715,fine-tuned,"Yellow,Orange,Green,Red,Blue,Red"
15716,fine-tuned,"Yellow,Orange,Red,Blue,Blue"
15717,fine-tuned,"Red,Green,Orange,Red,Blue,Blue"
15718,fine-tuned,"Green,Blue,Red,Red,Green,Green"
15719,fine-tuned,"Yellow,Red,Red,Orange,Green"
15720,fine-tuned,"Blue,Orange,Red,Green,Red"
15721,fine-tuned,"Blue,Orange,Red,Red,Green"
15722,fine-tuned,"Purple,Orange,Red,Blue,Red,Green"
15723,fine-tuned,"Red,Orange,Red,Green,Red"
15724,fine-tuned,"Purple,Blue,Green,Green,Blue"
15725,fine-tuned,"Blue,Green,Red,Blue,Green,Red"
15726,fine-tuned,"Purple,Green,Orange,Red,Red,Green"
15727,fine-tuned,"Blue,Green,Orange,Orange,Green"
15728,fine-tuned,"Blue,Green,Blue,Orange,Green"
15729,fine-tuned,"Yellow,Red,Orange,Red,Green,Green"
15730,fine-tuned,"Yellow,Green,Blue,Red,Blue,Red"
15731,fine-tuned,"Yellow,Red,Blue,Red,Green,Blue"
15732,fine-tuned,"Green,Red,Green,Orange,Green,Red"
15733,fine-tuned,"Green,Blue,Red,Red,Orange"
15734,fine-tuned,"Orange,Purple,Green,Yellow,Blue,Red"
15735,fine-tuned,"Red,Red,Blue,Red"
15736,fine-tuned,"Red,Red,Blue,Orange"
15737,fine-tuned,"Blue,Green,Red,Orange,Green,Orange"
15738,fine-tuned,"Orange,Yellow,Blue,Green,Blue,Red"
15739,fine-tuned,"Purple,Blue,Green,Orange"
15740,fine-tuned,"Red,Blue,Blue,Blue,Green"
15741,fine-tuned,"Green,Red,Red,Red"
15742,fine-tuned,"Orange,Red,Green,Red,Blue,Red"
15743,fine-tuned,"Yellow,Blue,Green,Red,Orange,Blue"
15744,fine-tuned,"Purple,Green,Blue,Orange,Red,Green"
15745,fine-tuned,"Yellow,Blue,Green,Red,Green,Red"
15746,fine-tuned,"Orange,Blue,Orange,Red,Orange,Red"
15747,fine-tuned,"Blue,Green,Blue,Purple,Yellow,Red"
15748,fine-tuned,"Orange,Blue,Green,Red,Blue,Purple"
15749,fine-tuned,"Orange,Red,Blue,Green,Green,Orange"
15750,fine-tuned,"Orange,Yellow,Blue,Green,Blue,Green"
15751,fine-tuned,"Red,Green"
15752,fine-tuned,"Orange,Green,Green,Blue,Blue,Red"
15753,fine-tuned,"Blue,Red,Red,Red,Red"
15754,fine-tuned,"Orange,Green,Yellow,Blue,Blue,Red"
15755,fine-tuned,"Purple,Blue,Blue,Red,Green"
15756,fine-tuned,"Green,Red,Orange,Orange,Blue"
15757,fine-tuned,"Green,Green,Red"
15758,fine-tuned,"Red,Blue,Orange,Blue,Red"
15759,fine-tuned,"Yellow,Blue,Green,Blue,Orange,Green"
15760,fine-tuned,"Green,Orange,Red,Green"
15761,fine-tuned,"Yellow,Green,Blue,Green"
15762,fine-tuned,"Yellow,Green,Red,Blue"
15763,fine-tuned,"Orange,Yellow,Green,Purple,Red,Green"
15764,fine-tuned,"Blue,Red,Red,Green,Green"
15765,fine-tuned,"Red,Orange,Blue,Green,Red,Red"
15766,fine-tuned,"Blue,Green,Green,Red,Blue,Orange"
15767,fine-tuned,"Red,Green,Orange,Red,Orange,Yellow"
15768,fine-tuned,"Blue,Orange,Green,Red,Green"
15769,fine-tuned,"Red,Blue,Orange,Blue"
15770,fine-tuned,"Green,Orange,Blue,Red"
15771,fine-tuned,"Green,Yellow,Purple,Orange,Red,Blue"
15772,fine-tuned,"Yellow,Green,Blue,Green,Orange"
15773,fine-tuned,"Red,Blue,Blue,Blue,Blue"
15774,fine-tuned,"Blue,Red,Blue,Red"
15775,fine-tuned,"Orange,Purple,Blue,Green,Blue,Purple"
15776,fine-tuned,"Green,Red,Green,Red,Blue"
15777,fine-tuned,"Orange,Blue,Blue,Green,Green,Orange"
15778,fine-tuned,"Red,Blue,Green,Orange,Orange,Orange"
15779,fine-tuned,"Blue,Orange,Green,Blue,Blue,Orange"
15780,fine-tuned,"Yellow,Green,Orange,Red,Blue,Red"
15781,fine-tuned,"Blue,Green,Green,Blue,Orange"
15782,fine-tuned,"Red,Green,Orange,Green,Blue"
15783,fine-tuned,"Blue,Green,Red,Blue,Red"
15784,fine-tuned,"Red,Blue,Green,Blue,Green"
15785,fine-tuned,"Green,Blue,Red,Red,Orange"
15786,fine-tuned,"Red,Orange,Green,Blue"
15787,fine-tuned,"Green,Red,Orange,Blue,Red,Blue"
15788,fine-tuned,"Blue,Green,Blue,Orange,Red"
15789,fine-tuned,"Blue,Green,Red,Green,Green"
15790,fine-tuned,"Orange,Green,Red,Blue,Orange,Red"
15791,fine-tuned,"Green,Orange,Blue,Red,Blue,Green"
15792,fine-tuned,"Blue,Red,Red,Blue,Red,Orange"
15793,fine-tuned,"Blue,Orange,Green,Red,Red,Blue"
15794,fine-tuned,"Blue,Orange,Green,Red,Red"
15795,fine-tuned,"Red,Blue,Green,Blue,Green,Orange"
15796,fine-tuned,"Purple,Blue,Green,Green,Blue,Orange"
15797,fine-tuned,"Yellow,Red,Green,Blue,Orange,Red"
15798,fine-tuned,"Green,Blue,Orange,Green,Red,Blue"
15799,fine-tuned,"Purple,Blue,Red,Blue,Green"
15800,fine-tuned,"Green,Orange,Red,Green,Red"
15801,fine-tuned,"Blue,Orange,Red"
15802,fine-tuned,"Orange,Red,Purple,Red,Red,Purple"
15803,fine-tuned,"Blue,Red,Red,Green,Blue"
15804,fine-tuned,"Blue,Orange,Red,Blue,Red,Green"
15805,fine-tuned,"Yellow,Red,Green,Red"
15806,fine-tuned,"Orange,Blue,Green,Blue,Green,Red"
15807,fine-tuned,"Blue,Green,Green,Red,Red,Green"
15808,fine-tuned,"Red,Red,Orange"
15809,fine-tuned,"Green,Red,Green,Red,Green,Green"
15810,fine-tuned,"Orange,Green,Green,Blue,Red,Red"
15811,fine-tuned,"Blue,Orange,Green,Red"
15812,fine-tuned,"Blue,Red,Green,Green,Blue,Green"
15813,fine-tuned,"Orange,Green,Orange,Blue,Green,Blue"
15814,fine-tuned,"Red,Blue,Red,Green,Blue,Red"
15815,fine-tuned,"Yellow,Blue,Red,Orange,Green,Blue"
15816,fine-tuned,"Red,Orange,Green,Red"
15817,fine-tuned,"Red,Green,Orange,Green"
15818,fine-tuned,"Orange,Green,Red"
15819,fine-tuned,"Red,Green,Red,Green,Red,Orange"
15820,fine-tuned,"Orange,Blue,Red,Green,Blue,Red"
15821,fine-tuned,"Blue,Green,Orange,Green,Red"
15822,fine-tuned,"Blue,Green,Red,Red,Blue,Green"
15823,fine-tuned,"Purple,Red,Blue,Orange,Red,Orange"
15824,fine-tuned,"Purple,Red,Blue,Green,Red"
15825,fine-tuned,"Yellow,Red,Blue,Green,Orange"
15826,fine-tuned,"Orange,Blue,Red,Orange,Green"
15827,fine-tuned,"Red,Blue,Orange,Green,Blue,Green"
15828,fine-tuned,"Green,Red,Red,Red,Red"
15829,fine-tuned,"Blue,Green,Orange,Red,Red,Green"
15830,fine-tuned,"Orange,Red,Green,Red"
15831,fine-tuned,"Blue,Red,Red,Red,Green,Orange"
15832,fine-tuned,"Yellow,Orange,Blue,Blue,Red,Orange"
15833,fine-tuned,"Red,Green,Blue,Blue,Orange"
15834,fine-tuned,"Red,Green,Red,Blue"
15835,fine-tuned,"Red,Green,Blue,Red"
15836,fine-tuned,"Red,Blue,Blue,Green"
15837,fine-tuned,"Orange,Green,Orange,Red,Red,Green"
15838,fine-tuned,"Red,Blue,Green,Red,Orange"
15839,fine-tuned,"Red,Orange,Green,Green,Green,Red"
15840,fine-tuned,"Red,Green,Orange,Blue,Green,Red"
15841,fine-tuned,"Green,Blue,Green"
15842,fine-tuned,"Orange,Green,Blue,Green"
15843,fine-tuned,"Green,Orange,Red,Blue,Orange,Red"
15844,fine-tuned,"Yellow,Green,Blue,Red,Orange,Orange"
15845,fine-tuned,"Green,Red,Orange,Red,Red"
15846,fine-tuned,"Orange,Blue,Blue,Green,Orange,Orange"
15847,fine-tuned,"Blue,Green,Green,Red,Green"
15848,fine-tuned,"Yellow,Green,Red,Red,Orange"
15849,fine-tuned,"Red,Green,Green"
15850,fine-tuned,"Blue,Red,Red,Green,Green,Green"
15851,fine-tuned,"Orange,Red,Blue,Blue"
15852,fine-tuned,"Orange,Red,Green,Red"
15853,fine-tuned,"Purple,Blue,Green,Green,Red"
15854,fine-tuned,"Green,Red,Red,Blue,Green,Orange"
15855,fine-tuned,"Blue,Green,Orange,Red,Orange"
15856,fine-tuned,"Blue,Green,Red,Red,Orange"
15857,fine-tuned,"Yellow,Orange,Blue,Green,Red"
15858,fine-tuned,"Blue,Green,Red,Orange,Green,Green"
15859,fine-tuned,"Orange,Green,Blue"
15860,fine-tuned,"Purple,Green,Blue,Red,Blue,Green"
15861,fine-tuned,"Green,Purple,Red,Red,Blue,Purple"
15862,fine-tuned,"Purple,Blue,Red,Red,Blue"
15863,fine-tuned,"Red,Green,Red,Orange,Red,Green"
15864,fine-tuned,"Blue,Green,Orange,Blue,Red,Red"
15865,fine-tuned,"Green,Red,Blue,Orange,Green,Red"
15866,fine-tuned,"Blue,Red,Green,Green,Orange,Green"
15867,fine-tuned,"Red,Blue,Red,Green"
15868,fine-tuned,"Red,Green,Red,Orange,Blue,Red"
15869,fine-tuned,"Yellow,Blue,Orange,Green,Orange"
15870,fine-tuned,"Red,Orange,Blue,Green,Blue"
15871,fine-tuned,"Green,Red,Blue,Red"
15872,fine-tuned,"Blue,Orange,Green,Red"
15873,fine-tuned,"Red,Orange,Green,Blue,Orange"
15874,fine-tuned,"Red,Orange,Red"
15875,fine-tuned,"Orange,Green,Blue,Blue"
15876,fine-tuned,"Yellow,Green,Red,Red,Green"
15877,fine-tuned,"Yellow,Green,Orange,Blue,Blue"
15878,fine-tuned,"Purple,Blue,Green,Blue"
15879,fine-tuned,"Red,Orange,Blue,Orange,Green"
15880,fine-tuned,"Green,Red,Orange,Blue,Blue"
15881,fine-tuned,"Red,Green,Blue,Orange,Red"
15882,fine-tuned,"Yellow,Blue,Blue,Red,Green,Green"
15883,fine-tuned,"Green,Blue,Orange,Blue"
15884,fine-tuned,"Blue,Green,Orange,Red,Blue,Orange"
15885,fine-tuned,"Yellow,Green,Red,Blue,Blue"
15886,fine-tuned,"Yellow,Red,Green,Orange,Red,Blue"
15887,fine-tuned,"Green,Red,Blue,Green,Orange"
15888,fine-tuned,"Blue,Green,Green,Red,Red,Green"
15889,fine-tuned,"Blue,Green,Blue,Green,Red"
15890,fine-tuned,"Green,Orange,Blue,Green"
15891,fine-tuned,"Purple,Green,Blue,Red,Orange,Green"
15892,fine-tuned,"Yellow,Green,Green,Orange,Orange,Orange"
15893,fine-tuned,"Orange,Blue,Blue,Red,Green"
15894,fine-tuned,"Blue,Orange,Green,Red,Blue,Red"
15895,fine-tuned,"Blue,Blue,Red,Green"
15896,fine-tuned,"Blue,Blue,Green,Green,Red,Orange"
15897,fine-tuned,"Yellow,Green,Orange,Red,Red,Red"
15898,fine-tuned,"Red,Green,Red,Red,Blue,Orange"
15899,fine-tuned,"Orange,Purple,Green,Red,Yellow,Green"
15900,fine-tuned,"Purple,Blue,Orange,Red,Orange"
15901,fine-tuned,"Orange,Blue,Green,Red,Red,Green"
15902,fine-tuned,"Blue,Green,Orange,Red,Red,Red"
15903,fine-tuned,"Blue,Green,Red,Red,Red"
15904,fine-tuned,"Blue,Red,Red,Green,Orange"
15905,fine-tuned,"Red,Orange,Red,Green,Green"
15906,fine-tuned,"Blue,Orange,Red,Orange"
15907,fine-tuned,"Blue,Red,Red,Green,Green,Orange"
15908,fine-tuned,"Blue,Green,Green,Orange,Blue,Red"
15909,fine-tuned,"Orange,Yellow,Red,Green,Blue,Red"
15910,fine-tuned,"Yellow,Blue,Red,Red,Blue,Orange"
15911,fine-tuned,"Red,Orange,Blue,Green,Red,Orange"
15912,fine-tuned,"Red,Orange,Blue,Red"
15913,fine-tuned,"Blue,Green,Red,Orange,Green,Blue"
15914,fine-tuned,"Red,Green,Green,Blue"
15915,fine-tuned,"Red,Green,Blue"
15916,fine-tuned,"Yellow,Orange,Green,Blue,Green"
15917,fine-tuned,"Purple,Orange,Orange,Red,Red,Red"
15918,fine-tuned,"Green,Red,Blue,Orange,Red,Green"
15919,fine-tuned,"Yellow,Blue,Green,Red,Red"
15920,fine-tuned,"Red,Green,Orange,Orange,Green"
15921,fine-tuned,"Blue,Green,Yellow,Purple,Red,Blue"
15922,fine-tuned,"Orange,Blue,Purple,Green,Blue,Yellow"
15923,fine-tuned,"Red,Orange,Blue,Green,Green,Orange"
15924,fine-tuned,"Yellow,Orange,Green,Red,Green,Blue"
15925,fine-tuned,"Yellow,Orange,Blue,Red,Green,Blue"
15926,fine-tuned,"Purple,Green,Orange,Blue"
15927,fine-tuned,"Green,Blue,Orange,Green,Red,Orange"
15928,fine-tuned,"Yellow,Blue,Green,Green,Red,Orange"
15929,fine-tuned,"Orange,Blue,Green,Green"
15930,fine-tuned,"Yellow,Green,Orange,Green,Blue"
15931,fine-tuned,"Purple,Orange,Green,Blue,Blue"
15932,fine-tuned,"Red,Blue,Green,Red,Orange,Green"
15933,fine-tuned,"Blue,Green,Red,Green,Red,Blue"
15934,fine-tuned,"Orange,Yellow,Red,Yellow,Blue,Red"
15935,fine-tuned,"Blue,Orange,Green,Orange,Red,Green"
15936,fine-tuned,"Yellow,Orange,Blue,Red,Red"
15937,fine-tuned,"Green,Blue,Blue,Red,Red"
15938,fine-tuned,"Yellow,Blue,Green,Red,Blue"
15939,fine-tuned,"Green,Green,Blue,Red,Blue"
15940,fine-tuned,"Green,Blue,Red,Orange,Red"
15941,fine-tuned,"Blue,Orange,Green,Green,Red"
15942,fine-tuned,"Blue,Green,Red,Orange"
15943,fine-tuned,"Green,Blue,Orange,Red,Red"
15944,fine-tuned,"Red,Green,Blue"
15945,fine-tuned,"Blue,Blue,Orange,Green,Red"
15946,fine-tuned,"Blue,Orange,Green,Red,Green,Red"
15947,fine-tuned,"Yellow,Green,Blue,Red"
15948,fine-tuned,"Blue,Orange,Red,Red,Green"
15949,fine-tuned,"Green,Blue,Blue,Red,Orange"
15950,fine-tuned,"Yellow,Green,Green,Red,Orange"
15951,fine-tuned,"Purple,Red,Green,Orange,Red"
15952,fine-tuned,"Blue,Green,Orange,Red,Blue,Red"
15953,fine-tuned,"Red,Orange,Green,Blue,Orange"
15954,fine-tuned,"Blue,Red,Red,Green"
15955,fine-tuned,"Purple,Green,Green,Blue,Blue"
15956,fine-tuned,"Orange,Blue,Green,Red,Red,Blue"
15957,fine-tuned,"Green,Orange,Blue"
15958,fine-tuned,"Red,Blue,Orange,Blue,Orange"
15959,fine-tuned,"Purple,Green,Orange,Orange"
15960,fine-tuned,"Blue,Red,Green,Orange"
15961,fine-tuned,"Green,Red,Red,Orange,Orange,Green"
15962,fine-tuned,"Blue,Orange,Red,Blue,Green,Red"
15963,fine-tuned,"Red,Green,Blue,Orange,Blue,Red"
15964,fine-tuned,"Yellow,Red,Green,Orange,Red,Orange"
15965,fine-tuned,"Purple,Green,Green,Red,Orange,Red"
15966,fine-tuned,"Blue,Orange,Red,Orange"
15967,fine-tuned,"Red,Blue,Orange,Blue,Blue,Red"
15968,fine-tuned,"Purple,Red,Green,Green"
15969,fine-tuned,"Blue,Green,Green,Green,Red,Green"
15970,fine-tuned,"Red,Blue,Blue,Red,Green,Blue"
15971,fine-tuned,"Blue,Red,Green,Orange"
15972,fine-tuned,"Green,Red,Blue,Red"
15973,fine-tuned,"Orange,Green,Green,Blue"
15974,fine-tuned,"Yellow,Green"
15975,fine-tuned,"Green,Blue,Orange,Green"
15976,fine-tuned,"Orange,Blue,Green,Blue,Green,Green"
15977,fine-tuned,"Red,Orange,Green,Blue,Orange,Green"
15978,fine-tuned,"Blue,Orange,Green,Red,Orange,Green"
15979,fine-tuned,"Green,Orange,Red,Red,Green"
15980,fine-tuned,"Blue,Orange,Orange,Blue,Green"
15981,fine-tuned,"Yellow,Orange,Red,Green,Green,Red"
15982,fine-tuned,"Red,Red,Red,Orange,Green"
15983,fine-tuned,"Red,Red,Blue,Green,Orange"
15984,fine-tuned,"Yellow,Orange,Red,Blue,Red,Red"
15985,fine-tuned,"Purple,Green,Blue,Orange,Blue,Orange"
15986,fine-tuned,"Blue,Orange,Red"
15987,fine-tuned,"Blue,Orange,Red,Red,Blue"
15988,fine-tuned,"Yellow,Green,Orange,Red,Red,Blue"
15989,fine-tuned,"Red,Red,Red"
15990,fine-tuned,"Green,Orange,Orange,Blue,Green"
15991,fine-tuned,"Purple,Blue,Red,Blue,Green,Red"
15992,fine-tuned,"Green,Orange,Blue,Red,Red"
15993,fine-tuned,"Purple,Blue,Red"
15994,fine-tuned,"Orange,Green,Red,Blue,Orange"
15995,fine-tuned,"Yellow,Green,Blue,Red,Orange"
15996,fine-tuned,"Yellow,Blue,Green,Red,Red"
15997,fine-tuned,"Green,Red,Red,Green,Blue"
15998,fine-tuned,"Purple,Blue,Red,Green"
15999,fine-tuned,"Blue,Orange,Green,Red"
16000,fine-tuned,"Blue,Orange,Green,Blue"
