Run,Model Type,Extracted Numbers
1,base,"1,5,2"
2,base,"2,6,4"
3,base,"3,2,5"
4,base,
5,base,"4,2,6"
6,base,"1,6,5"
7,base,
8,base,"1,3"
9,base,"3,6,1"
10,base,"4,2,6"
11,base,"2,4,6"
12,base,
13,base,
14,base,"3,6,2"
15,base,"2,6,4"
16,base,"3,4,2"
17,base,
18,base,"3,5,2"
19,base,"4,6,3"
20,base,"2,5,1"
21,base,"4,5,6"
22,base,
23,base,3
24,base,"2,6,4"
25,base,
26,base,"2,6,1"
27,base,"4,6,3"
28,base,"4,2,6"
29,base,"1,6,1"
30,base,"1,5,2"
31,base,"4,2,6"
32,base,"1,2,3"
33,base,
34,base,"4,2,6"
35,base,"3,5,2"
36,base,"1,4,2"
37,base,
38,base,"3,5,6"
39,base,
40,base,
41,base,
42,base,"4,3,5"
43,base,"4,2,6"
44,base,"2,4,6"
45,base,"4,3,6"
46,base,"4,2,6"
47,base,
48,base,
49,base,"5,3,2"
50,base,"5,2,6"
51,base,"2,5,3"
52,base,"4,2,6"
53,base,"4,5"
54,base,"5,2,3"
55,base,"3,6,2"
56,base,
57,base,"4,3,6"
58,base,
59,base,"1,1,6"
60,base,"1,6,3"
61,base,"1,4,5"
62,base,"5,2,4"
63,base,"4,2,6"
64,base,"3,6,5"
65,base,"3,5,2"
66,base,"5,3,2"
67,base,"2,6,4"
68,base,"4,2,6"
69,base,"4,6,5"
70,base,"4,3,6"
71,base,"3,6,1"
72,base,"1,3,6"
73,base,"3,2"
74,base,"2,6,4"
75,base,"5,3,6"
76,base,"3,2,6"
77,base,"2,5,3"
78,base,"2,2,1"
79,base,
80,base,"4,2,6"
81,base,
82,base,"3,6,2"
83,base,"2,6,3"
84,base,"1,6"
85,base,"4,2,6"
86,base,"4,2,6"
87,base,"4,6,2"
88,base,
89,base,"4,2,6"
90,base,"1,2,3"
91,base,"6,3"
92,base,
93,base,"2,6,3"
94,base,
95,base,"4,2,6"
96,base,
97,base,"2,5,3"
98,base,"3,6,4"
99,base,"3,5,1"
100,base,"1,5,2"
101,base,"2,5,6"
102,base,"4,2,6"
103,base,"4,2,6"
104,base,"3,6,1"
105,base,"3,6,2"
106,base,
107,base,"4,3,6"
108,base,
109,base,"3,6,5"
110,base,"4,6,3"
111,base,"1,5,2"
112,base,"3,6,1"
113,base,"1,3"
114,base,"1,2,6"
115,base,
116,base,
117,base,"5,3,2"
118,base,"4,2,5"
119,base,"3,1,5"
120,base,
121,base,
122,base,"1,6,1"
123,base,"2,5,6"
124,base,"5,2,6"
125,base,
126,base,
127,base,"2,6,5"
128,base,
129,base,1
130,base,"4,6,3"
131,base,"5,2,4"
132,base,"1,3,2"
133,base,"4,2,6"
134,base,"3,4,5"
135,base,"2,6,4"
136,base,"1,6,1"
137,base,"4,3,6"
138,base,
139,base,"4,2,6"
140,base,
141,base,"4,2,6"
142,base,"5,2,6"
143,base,"3,6,2"
144,base,"1,1,6"
145,base,"2,6,4"
146,base,"3,1,6"
147,base,"3,5,2"
148,base,"1,2"
149,base,"2,5,1"
150,base,
151,base,
152,base,"1,3,2"
153,base,"4,2,6"
154,base,"2,6,4"
155,base,"4,6,3"
156,base,"4,3,6"
157,base,"2,5,3"
158,base,"4,2,5"
159,base,"2,5,3"
160,base,"4,2,6"
161,base,"6,3,2"
162,base,"2,4,5"
163,base,"2,6,4"
164,base,
165,base,"3,5,2"
166,base,"4,2,6"
167,base,
168,base,"3,4,2"
169,base,"5,3,6"
170,base,
171,base,
172,base,"3,6,2"
173,base,"4,2,6"
174,base,"4,2,6"
175,base,"4,2,6"
176,base,"1,6,1"
177,base,"4,2,6"
178,base,"1,4,5"
179,base,"3,6,2"
180,base,
181,base,"3,6,2"
182,base,
183,base,"3,2,6"
184,base,"5,2,4"
185,base,
186,base,"1,3,6"
187,base,"3,5,1"
188,base,
189,base,"2,4,3"
190,base,"3,2,6"
191,base,"5,2,6"
192,base,"4,6,2"
193,base,"2,5,1"
194,base,"3,6,5"
195,base,"2,5,3"
196,base,"4,2,6"
197,base,6
198,base,
199,base,"1,3,4"
200,base,"5,2,6"
201,base,"4,2,6"
202,base,
203,base,
204,base,"4,2,6"
205,base,"6,3"
206,base,"1,2,6"
207,base,"2,5,4"
208,base,
209,base,"1,3,6"
210,base,"3,5,1"
211,base,"4,3,6"
212,base,"1,3,2"
213,base,"4,3,5"
214,base,"4,2,6"
215,base,"4,2,6"
216,base,"6,2,4"
217,base,"4,2,6"
218,base,
219,base,"2,5,4"
220,base,"3,2,6"
221,base,"2,5,4"
222,base,"2,6,4"
223,base,"4,2,5"
224,base,
225,base,"2,4,6"
226,base,"5,2,6"
227,base,
228,base,"3,6,2"
229,base,"5,3,6"
230,base,
231,base,
232,base,"3,6,1"
233,base,"5,3,2"
234,base,"4,2,5"
235,base,
236,base,"3,1,6"
237,base,"2,5,6"
238,base,"4,2,6"
239,base,"2,5,4"
240,base,"2,6,4"
241,base,"4,2,6"
242,base,"3,6,1"
243,base,
244,base,
245,base,"1,4,2"
246,base,"3,5,6"
247,base,"3,5,2"
248,base,"4,2,6"
249,base,"4,2,6"
250,base,"5,2,4"
251,base,"4,3,6"
252,base,"5,2,6"
253,base,"5,3,2"
254,base,"4,6,3"
255,base,"1,2,3"
256,base,"3,5,2"
257,base,"1,2,3"
258,base,"2,4,6"
259,base,"5,2,6"
260,base,"1,3"
261,base,"5,2,3"
262,base,"1,6,3"
263,base,"1,4,2"
264,base,"4,3,5"
265,base,"4,2,6"
266,base,
267,base,"6,3"
268,base,"1,2,3"
269,base,
270,base,"2,5,4"
271,base,"1,2,3"
272,base,"3,6,2"
273,base,"1,1,6"
274,base,"3,5,6"
275,base,"6,4"
276,base,"4,3,2"
277,base,"2,6,3"
278,base,
279,base,"1,6,3"
280,base,"1,2,4"
281,base,"4,2,6"
282,base,"1,4,6"
283,base,"1,2,3"
284,base,"4,2,5"
285,base,"2,4,5"
286,base,1
287,base,"4,6,2"
288,base,
289,base,"1,6,3"
290,base,"4,2,5"
291,base,"3,5,1"
292,base,"4,5,2"
293,base,"2,5,6"
294,base,"4,2,5"
295,base,"4,2,6"
296,base,"3,5,2"
297,base,"3,2,5"
298,base,
299,base,"4,6,3"
300,base,"5,3,2"
301,base,
302,base,"3,6,1"
303,base,"4,2,6"
304,base,"4,2,5"
305,base,"3,6,2"
306,base,"1,3,2"
307,base,"1,2,2"
308,base,"2,5,1"
309,base,"1,2,3"
310,base,"5,2,6"
311,base,"1,2,3"
312,base,
313,base,"1,3,5"
314,base,"4,2,5"
315,base,
316,base,"1,6,1"
317,base,"2,5,1"
318,base,"5,2,3"
319,base,"3,6,5"
320,base,
321,base,"4,2,6"
322,base,"1,6"
323,base,"2,4,6"
324,base,"3,6,2"
325,base,"3,6,4"
326,base,"3,5,1"
327,base,"3,4,6"
328,base,"4,3,6"
329,base,"4,2,6"
330,base,"1,6,3"
331,base,"1,2"
332,base,"5,3"
333,base,
334,base,"3,2,6"
335,base,"1,6,3"
336,base,"1,2,3"
337,base,"5,3,2"
338,base,"4,2,6"
339,base,
340,base,"1,6,3"
341,base,"1,2,3"
342,base,
343,base,"4,3,2"
344,base,"2,5,1"
345,base,
346,base,"1,2,3"
347,base,"2,4,6"
348,base,"4,3,6"
349,base,
350,base,"5,2,6"
351,base,"3,5,2"
352,base,
353,base,"4,3,5"
354,base,"4,2,5"
355,base,
356,base,"5,4,3"
357,base,3
358,base,"4,6,2"
359,base,"1,4,2"
360,base,"1,4,5"
361,base,"2,6,3"
362,base,"4,2,6"
363,base,
364,base,"1,3,5"
365,base,
366,base,"2,5,4"
367,base,
368,base,
369,base,"5,3,2"
370,base,"1,5,3"
371,base,
372,base,"1,4,6"
373,base,"1,2,5"
374,base,"5,2,6"
375,base,"3,1"
376,base,"4,2,5"
377,base,"3,6,4"
378,base,"4,2,6"
379,base,"4,2,5"
380,base,
381,base,"4,2,6"
382,base,"2,5,4"
383,base,
384,base,"3,4,5"
385,base,"4,2,5"
386,base,"4,2,5"
387,base,
388,base,
389,base,"1,3,2"
390,base,"5,2,6"
391,base,
392,base,"2,4,5"
393,base,"3,1,6"
394,base,"1,2,3"
395,base,"4,3,6"
396,base,"2,4,6"
397,base,"1,6,3"
398,base,"1,1"
399,base,
400,base,
401,base,"5,3,2"
402,base,"3,5,4"
403,base,"4,2,6"
404,base,6
405,base,"3,6,2"
406,base,"1,3,2"
407,base,"2,5,3"
408,base,"1,2,5"
409,base,"2,6,4"
410,base,"1,4,2"
411,base,
412,base,"2,5,3"
413,base,"4,2,6"
414,base,"3,6,2"
415,base,"3,6,4"
416,base,"3,2,6"
417,base,
418,base,"5,2,6"
419,base,
420,base,"2,4,6"
421,base,
422,base,"2,6,3"
423,base,"1,2,3"
424,base,"4,3,2"
425,base,"4,2,5"
426,base,"4,3,6"
427,base,"3,6,2"
428,base,"1,2,3"
429,base,"2,6,5"
430,base,"4,2,6"
431,base,"1,4,5"
432,base,"1,4,2"
433,base,
434,base,"1,6,3"
435,base,"4,3,2"
436,base,"4,2,6"
437,base,
438,base,"3,2,6"
439,base,"3,5,2"
440,base,"2,5,3"
441,base,"4,3,5"
442,base,"3,5,2"
443,base,"1,4,2"
444,base,"4,2,6"
445,base,"3,1,6"
446,base,
447,base,"5,2,4"
448,base,"3,6,1"
449,base,"2,5,1"
450,base,
451,base,
452,base,"5,2,6"
453,base,"1,2,3"
454,base,"4,5,6"
455,base,"3,3,1"
456,base,"2,5,3"
457,base,"4,2,6"
458,base,"3,6,2"
459,base,
460,base,"4,3,6"
461,base,"2,6,3"
462,base,"3,6"
463,base,"4,2,6"
464,base,
465,base,"4,2,6"
466,base,"2,6,4"
467,base,"1,4,3"
468,base,"1,2,3"
469,base,"1,6,3"
470,base,"1,4,3"
471,base,"1,6,1"
472,base,"3,1,5"
473,base,"5,2,6"
474,base,"4,2,6"
475,base,
476,base,"1,4,2"
477,base,"3,6,5"
478,base,"1,6,1"
479,base,"3,6,4"
480,base,
481,base,"4,2,5"
482,base,
483,base,"3,6,2"
484,base,"1,2,3"
485,base,"4,2,6"
486,base,
487,base,
488,base,"3,6,2"
489,base,"3,6,2"
490,base,"3,4,6"
491,base,
492,base,"2,4,6"
493,base,
494,base,"3,2,6"
495,base,"4,2,6"
496,base,"4,3,5"
497,base,"4,2,6"
498,base,"2,6,4"
499,base,"1,5,2"
500,base,"4,3,2"
501,base,"1,2,3"
502,base,"2,6,5"
503,base,"3,5,2"
504,base,
505,base,"4,2,6"
506,base,
507,base,"4,2,6"
508,base,"1,5,3"
509,base,"2,4,6"
510,base,"6,1"
511,base,"2,6,4"
512,base,"3,5,2"
513,base,"4,6,2"
514,base,"4,2,6"
515,base,"5,2"
516,base,
517,base,"4,3,6"
518,base,
519,base,"2,5,3"
520,base,
521,base,"2,4,6"
522,base,"2,5,3"
523,base,"5,3,6"
524,base,"5,3,2"
525,base,"1,3,6"
526,base,"6,3,4"
527,base,"1,6,3"
528,base,
529,base,"4,2,6"
530,base,"1,6,1"
531,base,"5,3,2"
532,base,"4,2,6"
533,base,"5,2,4"
534,base,"3,2,6"
535,base,"4,2,6"
536,base,"2,5,4"
537,base,"1,4,2"
538,base,
539,base,"2,5,3"
540,base,"1,3,6"
541,base,"3,5,2"
542,base,
543,base,"3,4,6"
544,base,"5,4,2"
545,base,"4,2,6"
546,base,
547,base,"1,3,5"
548,base,"5,2,6"
549,base,"1,6,1"
550,base,
551,base,"5,2,6"
552,base,"5,3,2"
553,base,"4,6,2"
554,base,"3,5,2"
555,base,"4,3"
556,base,
557,base,"5,3,6"
558,base,"4,2,6"
559,base,"1,3,2"
560,base,"3,6,5"
561,base,"1,2,1"
562,base,"4,3,6"
563,base,"4,3,6"
564,base,
565,base,"4,2,5"
566,base,"1,6,3"
567,base,
568,base,"4,3,6"
569,base,
570,base,"4,2,6"
571,base,"2,4,3"
572,base,"3,6,4"
573,base,"4,6,1"
574,base,"5,2,6"
575,base,"1,3,5"
576,base,"2,6,5"
577,base,"3,3,2"
578,base,"4,6,1"
579,base,"5,2,3"
580,base,
581,base,"4,3,2"
582,base,
583,base,"3,5,4"
584,base,"3,5,2"
585,base,"3,6,2"
586,base,"4,2,6"
587,base,"2,6,4"
588,base,
589,base,"2,5,4"
590,base,
591,base,3
592,base,
593,base,"4,2,6"
594,base,
595,base,
596,base,
597,base,
598,base,"3,6,4"
599,base,"4,2,6"
600,base,"4,3,6"
601,base,"4,2,5"
602,base,"2,6,3"
603,base,"3,6,2"
604,base,"1,5,2"
605,base,"4,2,3"
606,base,"3,2,6"
607,base,"1,6,1"
608,base,"3,5,2"
609,base,"2,6,3"
610,base,"5,3,2"
611,base,"3,5,2"
612,base,"3,6,1"
613,base,"4,2,6"
614,base,"5,3,2"
615,base,"4,2,6"
616,base,"5,2,4"
617,base,"2,5,1"
618,base,"5,4,3"
619,base,
620,base,"4,3,6"
621,base,
622,base,"3,6,2"
623,base,
624,base,"5,3,2"
625,base,"3,6,2"
626,base,"4,2,6"
627,base,"2,5,6"
628,base,
629,base,
630,base,"1,4,3"
631,base,"4,2,6"
632,base,"4,2,6"
633,base,"3,2,6"
634,base,1
635,base,"2,4,5"
636,base,"1,4,2"
637,base,"2,4,6"
638,base,
639,base,"5,3,4"
640,base,"1,2,3"
641,base,"3,6,1"
642,base,
643,base,"3,6,2"
644,base,"2,4,3"
645,base,"2,4,6"
646,base,
647,base,"2,6,4"
648,base,"4,2,6"
649,base,1
650,base,"1,2,3"
651,base,"4,6,1"
652,base,
653,base,1
654,base,
655,base,"2,5,6"
656,base,"6,1,6"
657,base,"1,3,6"
658,base,"3,6,5"
659,base,
660,base,"1,6,1"
661,base,"4,6,2"
662,base,"1,6"
663,base,"3,4,6"
664,base,"3,6,2"
665,base,"4,6,2"
666,base,"4,2,6"
667,base,"2,6,3"
668,base,"3,5"
669,base,"4,5,3"
670,base,"4,2,6"
671,base,"5,2,3"
672,base,"3,6,2"
673,base,"2,4,5"
674,base,"5,2,4"
675,base,"5,2,6"
676,base,"2,5,6"
677,base,"3,5,2"
678,base,"5,3,1"
679,base,"1,6"
680,base,"3,5,2"
681,base,"1,2,3"
682,base,"4,6,5"
683,base,"1,2,3"
684,base,"1,2,3"
685,base,
686,base,"1,5,3"
687,base,"4,2,6"
688,base,"3,2,6"
689,base,
690,base,"5,2,6"
691,base,
692,base,"4,6,3"
693,base,"3,1,6"
694,base,"6,3"
695,base,"1,6,3"
696,base,"1,3,5"
697,base,"5,4,2"
698,base,"4,2,6"
699,base,"1,3,5"
700,base,"2,6,4"
701,base,
702,base,"4,2,6"
703,base,"4,2,5"
704,base,"5,2,6"
705,base,"4,2,6"
706,base,"3,6,2"
707,base,
708,base,"2,6,3"
709,base,"1,6,3"
710,base,
711,base,
712,base,"3,6,5"
713,base,
714,base,"1,3,2"
715,base,"4,2,6"
716,base,"4,2,6"
717,base,
718,base,"1,6"
719,base,"4,6,2"
720,base,"5,2,6"
721,base,"1,2,3"
722,base,"3,5,2"
723,base,"5,3,1"
724,base,"3,6,2"
725,base,"1,3,2"
726,base,"1,6,1"
727,base,
728,base,"1,3,2"
729,base,"4,2,6"
730,base,"1,6,1"
731,base,"5,3,6"
732,base,"1,5,2"
733,base,"4,2,5"
734,base,"3,5,2"
735,base,"2,6,5"
736,base,"5,1,5"
737,base,
738,base,"3,1,6"
739,base,"4,2,5"
740,base,"5,2,6"
741,base,"3,6,5"
742,base,"1,5,3"
743,base,"4,2,6"
744,base,
745,base,
746,base,"1,5,3"
747,base,"4,2,6"
748,base,
749,base,"1,4,6"
750,base,"1,1,6"
751,base,"3,6,5"
752,base,"1,2,3"
753,base,
754,base,"3,6,4"
755,base,"5,2,6"
756,base,"5,2,6"
757,base,
758,base,"3,5,1"
759,base,"2,5,3"
760,base,"4,6,3"
761,base,
762,base,
763,base,
764,base,"1,4,2"
765,base,"1,1,2"
766,base,"4,6,3"
767,base,"4,2,5"
768,base,"3,2,6"
769,base,"2,4,3"
770,base,
771,base,"5,3,6"
772,base,"5,3,2"
773,base,
774,base,"2,5,6"
775,base,"3,4,2"
776,base,"1,4,3"
777,base,
778,base,"4,2,6"
779,base,"3,6,2"
780,base,
781,base,"5,2,6"
782,base,"3,4,1"
783,base,"4,2,6"
784,base,"4,6,3"
785,base,
786,base,"2,5,6"
787,base,"4,2,6"
788,base,"3,4,6"
789,base,"6,3"
790,base,"1,2,3"
791,base,
792,base,"5,2,6"
793,base,"3,6,5"
794,base,
795,base,"2,5,6"
796,base,"1,6,1"
797,base,"3,2,5"
798,base,"1,2,3"
799,base,"4,6,3"
800,base,"5,3,6"
801,base,"2,5,4"
802,base,"2,5,6"
803,base,"3,6,2"
804,base,"2,6,5"
805,base,"1,2,3"
806,base,"1,2,3"
807,base,"1,4,3"
808,base,"4,2,5"
809,base,
810,base,"3,6,2"
811,base,"4,6,3"
812,base,"3,6,2"
813,base,"3,6,5"
814,base,"4,2,5"
815,base,"4,2,6"
816,base,"4,2,6"
817,base,"3,5,6"
818,base,"1,4,5"
819,base,"4,2,5"
820,base,3
821,base,"3,5,1"
822,base,"4,2,6"
823,base,"1,3,5"
824,base,"4,2,5"
825,base,"2,4,6"
826,base,"2,5,3"
827,base,"4,2,6"
828,base,
829,base,"3,5,6"
830,base,"1,4,6"
831,base,"3,5,2"
832,base,"3,6,2"
833,base,"1,3,2"
834,base,"3,6,5"
835,base,"4,2,6"
836,base,"3,6,1"
837,base,"1,4,6"
838,base,"4,2,6"
839,base,"1,4,2"
840,base,"3,6,2"
841,base,
842,base,"4,2,6"
843,base,
844,base,"4,2,6"
845,base,"1,3,2"
846,base,"4,3,6"
847,base,"2,6,5"
848,base,
849,base,"4,3,5"
850,base,"1,2,3"
851,base,
852,base,"3,6,2"
853,base,"2,5,3"
854,base,"1,2,3"
855,base,"1,2,3"
856,base,"3,6,5"
857,base,"5,2,6"
858,base,
859,base,"3,5"
860,base,"3,4,2"
861,base,"5,3,4"
862,base,"1,5,4"
863,base,"2,5,3"
864,base,"1,4,2"
865,base,
866,base,"4,2,6"
867,base,"3,6,2"
868,base,"4,2,6"
869,base,"3,5,2"
870,base,"1,6,1"
871,base,"1,4,2"
872,base,"5,2,6"
873,base,"4,3,6"
874,base,
875,base,"4,6,5"
876,base,"3,2,5"
877,base,"3,2"
878,base,
879,base,"2,5,6"
880,base,"4,2,6"
881,base,"2,3,4"
882,base,
883,base,"2,5,3"
884,base,
885,base,"4,6,2"
886,base,
887,base,"2,5,4"
888,base,"3,5,2"
889,base,"4,6,2"
890,base,"2,5,3"
891,base,"4,2,6"
892,base,"4,6,5"
893,base,
894,base,"5,2,6"
895,base,
896,base,"5,2,3"
897,base,"1,3,5"
898,base,"3,6,1"
899,base,"3,6,2"
900,base,"4,2,6"
901,base,"1,4,6"
902,base,"1,2,3"
903,base,
904,base,6
905,base,"4,6,2"
906,base,"5,2,3"
907,base,
908,base,"2,6,4"
909,base,"2,5,3"
910,base,"3,6,5"
911,base,
912,base,"1,2,6"
913,base,"4,2,6"
914,base,"1,3,4"
915,base,"2,5,3"
916,base,"3,2,6"
917,base,"4,3,5"
918,base,"3,6,1"
919,base,"3,2,6"
920,base,"3,2,5"
921,base,"2,5,3"
922,base,"3,4,6"
923,base,"4,3,6"
924,base,
925,base,"3,2,5"
926,base,
927,base,
928,base,"4,3,5"
929,base,"6,3,2"
930,base,"3,6,2"
931,base,"4,2,6"
932,base,"3,6,2"
933,base,"2,5,1"
934,base,"4,2,6"
935,base,"3,3,5"
936,base,"1,5,3"
937,base,"2,4,5"
938,base,"4,3,2"
939,base,"3,2,6"
940,base,"3,5,2"
941,base,
942,base,"4,6,3"
943,base,"5,4,3"
944,base,"4,3,2"
945,base,"6,3,2"
946,base,"4,2,6"
947,base,"5,2,6"
948,base,"3,6,5"
949,base,"4,2,6"
950,base,"4,6,3"
951,base,
952,base,
953,base,
954,base,"4,2,6"
955,base,
956,base,5
957,base,"2,6"
958,base,"1,2,4"
959,base,"2,5,3"
960,base,"5,4,2"
961,base,"2,5,3"
962,base,"3,6,2"
963,base,"3,6,2"
964,base,"1,2,3"
965,base,
966,base,"4,2,6"
967,base,"5,2,6"
968,base,"5,3,6"
969,base,"1,4,6"
970,base,"4,2,6"
971,base,"3,2,5"
972,base,"2,4,5"
973,base,6
974,base,"2,4,3"
975,base,"3,5,1"
976,base,"1,2,6"
977,base,3
978,base,
979,base,"1,2,3"
980,base,"2,4,6"
981,base,"4,6,3"
982,base,"2,5,3"
983,base,
984,base,"3,4,5"
985,base,"2,6,4"
986,base,"2,6,4"
987,base,"3,2,6"
988,base,"1,2,3"
989,base,"4,3,6"
990,base,"1,4,3"
991,base,"1,5,3"
992,base,5
993,base,
994,base,"5,4,2"
995,base,"3,6,2"
996,base,"6,6,6"
997,base,"2,5,3"
998,base,"5,3,6"
999,base,"3,5,2"
1000,base,"1,1"
1001,base,"2,6,3"
1002,base,
1003,base,"3,6,5"
1004,base,"3,6,2"
1005,base,"4,2,6"
1006,base,"4,2,5"
1007,base,"4,2,6"
1008,base,"3,6,2"
1009,base,"4,6,2"
1010,base,"3,6,2"
1011,base,"2,6,4"
1012,base,"2,6,3"
1013,base,
1014,base,"4,6,3"
1015,base,"2,5,3"
1016,base,"2,4,6"
1017,base,"4,2,6"
1018,base,"3,4,6"
1019,base,"1,2,3"
1020,base,"4,2,6"
1021,base,"2,5,3"
1022,base,"2,5,6"
1023,base,"4,6,3"
1024,base,"1,3,2"
1025,base,"4,2,6"
1026,base,"4,2,6"
1027,base,
1028,base,
1029,base,
1030,base,"4,2,6"
1031,base,
1032,base,"2,6,3"
1033,base,
1034,base,
1035,base,"1,6,1"
1036,base,
1037,base,
1038,base,"5,3,2"
1039,base,"2,6,4"
1040,base,"4,3,6"
1041,base,"5,2,6"
1042,base,"4,6,2"
1043,base,
1044,base,"4,2,6"
1045,base,"4,2,6"
1046,base,"1,6"
1047,base,"5,3,2"
1048,base,
1049,base,"2,5,3"
1050,base,"3,4,6"
1051,base,
1052,base,"3,6,4"
1053,base,
1054,base,"3,2"
1055,base,"1,3,5"
1056,base,"4,3,6"
1057,base,
1058,base,"4,3,6"
1059,base,"4,2,5"
1060,base,"5,2,6"
1061,base,"4,2,6"
1062,base,
1063,base,"4,2,6"
1064,base,"2,5,4"
1065,base,"4,2,6"
1066,base,"3,4,6"
1067,base,"3,6,4"
1068,base,"1,3,4"
1069,base,"3,6,5"
1070,base,"3,2,4"
1071,base,"2,5,4"
1072,base,"3,5,2"
1073,base,
1074,base,"3,6,4"
1075,base,"3,5,6"
1076,base,"5,4,2"
1077,base,"4,2,6"
1078,base,"2,4,6"
1079,base,"3,5,2"
1080,base,"5,4,6"
1081,base,"5,3,2"
1082,base,"1,6,3"
1083,base,"1,4,2"
1084,base,"2,5,3"
1085,base,"3,4"
1086,base,"4,2,6"
1087,base,"1,3,5"
1088,base,"2,4,5"
1089,base,"5,2,6"
1090,base,
1091,base,"4,3,2"
1092,base,
1093,base,"4,6,2"
1094,base,"6,2,4"
1095,base,
1096,base,"1,4,2"
1097,base,"3,2,6"
1098,base,
1099,base,"2,5,3"
1100,base,
1101,base,"1,1,2"
1102,base,"4,3,6"
1103,base,"1,4,3"
1104,base,"2,5,3"
1105,base,"2,4,6"
1106,base,"5,3,2"
1107,base,"2,5,6"
1108,base,5
1109,base,
1110,base,"4,2,6"
1111,base,"3,5,2"
1112,base,"3,6,2"
1113,base,"1,2,3"
1114,base,"2,5,6"
1115,base,"1,3,6"
1116,base,"5,2,4"
1117,base,"1,2,6"
1118,base,"4,2,6"
1119,base,"6,5,3"
1120,base,"5,3,2"
1121,base,"4,2,6"
1122,base,
1123,base,
1124,base,"4,3,6"
1125,base,"3,6,5"
1126,base,
1127,base,"1,2,3"
1128,base,"3,2,6"
1129,base,3
1130,base,"2,6,4"
1131,base,"5,2,6"
1132,base,"1,6,3"
1133,base,"2,5,1"
1134,base,"4,2,5"
1135,base,"4,2,6"
1136,base,"4,2,6"
1137,base,
1138,base,"4,1,2"
1139,base,
1140,base,
1141,base,"2,5,3"
1142,base,"4,2,6"
1143,base,"1,6,3"
1144,base,
1145,base,"3,5,2"
1146,base,"3,6,5"
1147,base,"2,5,1"
1148,base,
1149,base,
1150,base,"2,5,6"
1151,base,"4,3,6"
1152,base,"1,6,1"
1153,base,
1154,base,"4,2,6"
1155,base,"2,5,3"
1156,base,"1,6,1"
1157,base,"5,2,6"
1158,base,"4,2,5"
1159,base,"1,4,5"
1160,base,"3,1,6"
1161,base,"3,6,2"
1162,base,"4,3,2"
1163,base,"4,3,2"
1164,base,
1165,base,"3,4,5"
1166,base,"5,3,2"
1167,base,
1168,base,"4,6,2"
1169,base,"4,2,6"
1170,base,"5,3,2"
1171,base,"4,2,6"
1172,base,"4,2,6"
1173,base,
1174,base,"2,4,6"
1175,base,"2,5,3"
1176,base,"4,2,6"
1177,base,6
1178,base,"2,6,4"
1179,base,
1180,base,"4,2,6"
1181,base,"3,6,2"
1182,base,"2,4,6"
1183,base,"2,6,4"
1184,base,
1185,base,"1,5"
1186,base,"2,5,3"
1187,base,"4,3,2"
1188,base,"4,2,6"
1189,base,"2,5,3"
1190,base,"4,3,6"
1191,base,"4,5,6"
1192,base,"1,2,2"
1193,base,"2,5,4"
1194,base,
1195,base,"5,4,2"
1196,base,"3,2,4"
1197,base,"5,3,4"
1198,base,6
1199,base,
1200,base,"1,3,5"
1201,base,"2,5,3"
1202,base,"5,3,2"
1203,base,"4,2,6"
1204,base,
1205,base,
1206,base,"5,3,2"
1207,base,
1208,base,"1,3,5"
1209,base,"3,6,2"
1210,base,"2,5,3"
1211,base,"2,5,6"
1212,base,"4,3,6"
1213,base,"2,5,3"
1214,base,"5,2,3"
1215,base,"4,3,6"
1216,base,"4,2,6"
1217,base,"3,6,2"
1218,base,"4,2,6"
1219,base,6
1220,base,"4,3"
1221,base,"3,5,2"
1222,base,"3,4,5"
1223,base,"1,5,3"
1224,base,"1,6,3"
1225,base,
1226,base,
1227,base,
1228,base,"4,2,6"
1229,base,"1,2,2"
1230,base,"1,4,2"
1231,base,"3,5,4"
1232,base,
1233,base,"3,4,6"
1234,base,"1,4"
1235,base,"3,2,5"
1236,base,
1237,base,"3,6,2"
1238,base,"1,6,1"
1239,base,"2,6,5"
1240,base,"4,6"
1241,base,"2,5,3"
1242,base,"4,3,6"
1243,base,"4,3,6"
1244,base,"1,4,2"
1245,base,"4,6,2"
1246,base,"2,5,3"
1247,base,
1248,base,"4,6,3"
1249,base,"1,2,3"
1250,base,
1251,base,
1252,base,"4,6,2"
1253,base,"1,3,5"
1254,base,
1255,base,"2,4,6"
1256,base,"5,3,4"
1257,base,"3,5,2"
1258,base,"4,6,2"
1259,base,"4,3,6"
1260,base,"4,3,6"
1261,base,"4,2,6"
1262,base,"3,6,4"
1263,base,"3,4,2"
1264,base,"4,3,6"
1265,base,"5,3,2"
1266,base,"4,2,6"
1267,base,"4,2,6"
1268,base,"2,6,3"
1269,base,"2,5,3"
1270,base,"4,3,6"
1271,base,"1,4,2"
1272,base,"3,1,6"
1273,base,"3,2,5"
1274,base,"2,5,3"
1275,base,"3,4,5"
1276,base,
1277,base,"1,2,4"
1278,base,"4,6,2"
1279,base,"4,2,6"
1280,base,"1,4,3"
1281,base,"4,2,6"
1282,base,"6,3"
1283,base,"1,3,2"
1284,base,
1285,base,"1,2,3"
1286,base,
1287,base,"5,2,6"
1288,base,"3,6,2"
1289,base,"3,6,2"
1290,base,
1291,base,"3,6,2"
1292,base,"4,2,5"
1293,base,"5,2,4"
1294,base,"3,2,6"
1295,base,"1,5,2"
1296,base,"4,6,2"
1297,base,"4,2,6"
1298,base,"4,2,6"
1299,base,"5,3,1"
1300,base,"3,2,6"
1301,base,"1,4,6"
1302,base,"4,2,6"
1303,base,
1304,base,"3,6,4"
1305,base,"1,4,6"
1306,base,"3,5,2"
1307,base,"3,5,2"
1308,base,"1,6,1"
1309,base,"5,3,2"
1310,base,
1311,base,"1,6,3"
1312,base,"3,4,5"
1313,base,"4,2,5"
1314,base,"3,6,4"
1315,base,"4,2,6"
1316,base,"4,2,6"
1317,base,
1318,base,"4,2,5"
1319,base,
1320,base,"4,2,5"
1321,base,
1322,base,"2,4,6"
1323,base,
1324,base,
1325,base,"1,2,3"
1326,base,
1327,base,
1328,base,
1329,base,"1,3,6"
1330,base,"1,2,3"
1331,base,"4,3,6"
1332,base,"3,2,5"
1333,base,"4,2,6"
1334,base,"2,5,4"
1335,base,"1,2,3"
1336,base,1
1337,base,"3,6,2"
1338,base,"1,2,3"
1339,base,"3,2,6"
1340,base,"3,6,5"
1341,base,
1342,base,"4,2,6"
1343,base,"1,2,3"
1344,base,"3,5,2"
1345,base,1
1346,base,"4,2,5"
1347,base,
1348,base,"4,3,6"
1349,base,
1350,base,"2,4,3"
1351,base,
1352,base,"4,2,6"
1353,base,"4,2,5"
1354,base,"5,2,6"
1355,base,"1,2,4"
1356,base,"1,3,2"
1357,base,
1358,base,"4,3,5"
1359,base,
1360,base,"4,3,6"
1361,base,"3,6,2"
1362,base,"1,5,6"
1363,base,"5,3,1"
1364,base,
1365,base,"3,5,2"
1366,base,"4,6,3"
1367,base,"1,4,6"
1368,base,"3,1,6"
1369,base,"2,5,1"
1370,base,
1371,base,
1372,base,"3,1,6"
1373,base,"3,2,6"
1374,base,"4,6,3"
1375,base,"4,2,6"
1376,base,"4,6,5"
1377,base,"4,3,6"
1378,base,"4,3,2"
1379,base,"5,2,6"
1380,base,"4,3,6"
1381,base,1
1382,base,"4,6,3"
1383,base,"4,6,2"
1384,base,"1,1"
1385,base,"4,2,6"
1386,base,"4,2,6"
1387,base,"1,4,6"
1388,base,"3,1,6"
1389,base,"3,5,2"
1390,base,"5,3,6"
1391,base,"3,6,5"
1392,base,"2,2,1"
1393,base,
1394,base,
1395,base,"6,2,5"
1396,base,"3,6,4"
1397,base,"4,2,6"
1398,base,"4,3,2"
1399,base,
1400,base,
1401,base,"3,2,6"
1402,base,"3,6,1"
1403,base,
1404,base,"1,6,3"
1405,base,"1,4,5"
1406,base,"3,1,6"
1407,base,"2,6,1"
1408,base,
1409,base,
1410,base,
1411,base,"3,2,4"
1412,base,
1413,base,"4,2,6"
1414,base,
1415,base,"1,2,5"
1416,base,"3,5,2"
1417,base,"2,6,1"
1418,base,"2,5,3"
1419,base,"3,1,5"
1420,base,"3,6,2"
1421,base,
1422,base,
1423,base,
1424,base,"3,6,2"
1425,base,"4,2,6"
1426,base,
1427,base,
1428,base,"3,6,2"
1429,base,"5,2,6"
1430,base,
1431,base,1
1432,base,"3,6,4"
1433,base,
1434,base,"1,4,3"
1435,base,
1436,base,"1,4,6"
1437,base,"5,2,4"
1438,base,"1,4,2"
1439,base,"3,5,2"
1440,base,
1441,base,"4,6,3"
1442,base,"1,4,2"
1443,base,"4,2,6"
1444,base,"3,5,2"
1445,base,"1,5,3"
1446,base,"4,3,6"
1447,base,"3,6,5"
1448,base,"5,2,6"
1449,base,
1450,base,"2,4,6"
1451,base,
1452,base,"4,2,6"
1453,base,
1454,base,"2,5,4"
1455,base,"2,4,6"
1456,base,"2,6,3"
1457,base,"4,6,5"
1458,base,"1,6,1"
1459,base,"3,2,6"
1460,base,"4,2,6"
1461,base,"2,4,6"
1462,base,"1,6"
1463,base,"4,6,2"
1464,base,
1465,base,"5,3,2"
1466,base,"1,3,2"
1467,base,"4,3,6"
1468,base,"2,4,5"
1469,base,
1470,base,"4,3,5"
1471,base,
1472,base,
1473,base,"1,4,5"
1474,base,"3,6,4"
1475,base,"1,1,6"
1476,base,"3,5,6"
1477,base,"3,5,2"
1478,base,"4,2,6"
1479,base,"5,2,6"
1480,base,"1,6,3"
1481,base,"2,6,3"
1482,base,
1483,base,"5,2,6"
1484,base,"1,2,4"
1485,base,
1486,base,"2,5,3"
1487,base,"2,5,3"
1488,base,
1489,base,"2,6,1"
1490,base,"2,5,6"
1491,base,"4,2,6"
1492,base,"3,6,1"
1493,base,
1494,base,"3,5,2"
1495,base,"4,2,6"
1496,base,"3,5,2"
1497,base,
1498,base,"5,3,6"
1499,base,"3,6,2"
1500,base,"5,4,6"
1501,base,"4,2,6"
1502,base,"1,5,3"
1503,base,
1504,base,"4,2,5"
1505,base,"4,2,6"
1506,base,"3,5,6"
1507,base,"3,2,6"
1508,base,"3,4,2"
1509,base,"2,5,6"
1510,base,"2,6,1"
1511,base,"3,5,4"
1512,base,
1513,base,"3,2,4"
1514,base,"2,4,6"
1515,base,"4,3,6"
1516,base,"1,3,2"
1517,base,"4,6,3"
1518,base,"4,2,6"
1519,base,"1,4,5"
1520,base,"1,4,3"
1521,base,"5,2,4"
1522,base,
1523,base,
1524,base,"1,3,4"
1525,base,4
1526,base,"3,6,1"
1527,base,"4,2,6"
1528,base,
1529,base,"2,5,3"
1530,base,"1,6,1"
1531,base,
1532,base,"1,6"
1533,base,
1534,base,"1,1,1"
1535,base,"4,2,6"
1536,base,"3,5,2"
1537,base,"3,5,2"
1538,base,"5,3,2"
1539,base,
1540,base,"1,4,6"
1541,base,"3,6,2"
1542,base,"4,3,2"
1543,base,"1,6,1"
1544,base,"4,2,6"
1545,base,"1,2,3"
1546,base,"4,3,2"
1547,base,"4,3,2"
1548,base,"5,3,6"
1549,base,"2,5,4"
1550,base,"2,4,5"
1551,base,"5,3,2"
1552,base,"4,3,2"
1553,base,"3,6,2"
1554,base,"1,1"
1555,base,"5,2,3"
1556,base,"3,6,4"
1557,base,"1,2,3"
1558,base,"3,5,2"
1559,base,"1,3,6"
1560,base,"2,5,3"
1561,base,
1562,base,"2,5,6"
1563,base,
1564,base,"3,5,2"
1565,base,"3,4,1"
1566,base,
1567,base,
1568,base,"3,6,5"
1569,base,
1570,base,"3,6,2"
1571,base,"4,2,6"
1572,base,"1,2,6"
1573,base,"3,6,4"
1574,base,"2,6,3"
1575,base,"4,2,6"
1576,base,"4,2,5"
1577,base,"3,6,1"
1578,base,"4,2,6"
1579,base,"4,2,5"
1580,base,"5,2,4"
1581,base,"3,6,5"
1582,base,"6,4,1"
1583,base,"1,5,3"
1584,base,
1585,base,"3,6,2"
1586,base,"3,2,6"
1587,base,"1,6,1"
1588,base,"2,6,3"
1589,base,"1,4,2"
1590,base,
1591,base,"2,5,3"
1592,base,"3,6,2"
1593,base,"4,2,6"
1594,base,
1595,base,"3,1,4"
1596,base,"4,3,6"
1597,base,"3,5,6"
1598,base,"1,2,3"
1599,base,"3,1,6"
1600,base,"1,6,3"
1601,base,"4,2,6"
1602,base,
1603,base,"2,5,4"
1604,base,"1,4,2"
1605,base,"4,3,6"
1606,base,"1,2,3"
1607,base,"4,2,6"
1608,base,"1,5,2"
1609,base,"4,3,6"
1610,base,"4,2,6"
1611,base,"4,2,6"
1612,base,"4,6,2"
1613,base,"5,3,1"
1614,base,"1,4,2"
1615,base,"2,5,3"
1616,base,
1617,base,"4,2,6"
1618,base,"1,3,5"
1619,base,"3,6,2"
1620,base,"1,6,3"
1621,base,"4,6,2"
1622,base,"3,6,2"
1623,base,"3,4,2"
1624,base,
1625,base,"5,3,4"
1626,base,"3,6,2"
1627,base,"1,3,5"
1628,base,"1,3,6"
1629,base,"3,5,4"
1630,base,"5,3,6"
1631,base,
1632,base,"4,3,5"
1633,base,"3,6,2"
1634,base,"5,2,6"
1635,base,"2,5,6"
1636,base,"4,3,6"
1637,base,"4,2,6"
1638,base,
1639,base,"3,6,2"
1640,base,"4,3,5"
1641,base,"3,6,2"
1642,base,"2,5,6"
1643,base,
1644,base,"4,2,6"
1645,base,"2,6,4"
1646,base,
1647,base,4
1648,base,
1649,base,"1,2,3"
1650,base,
1651,base,6
1652,base,"4,2,6"
1653,base,
1654,base,"4,3,5"
1655,base,"4,2,6"
1656,base,
1657,base,"4,2,6"
1658,base,"4,2,6"
1659,base,"4,2,6"
1660,base,"2,5,3"
1661,base,"2,6,5"
1662,base,"3,4,2"
1663,base,"4,2,6"
1664,base,"1,3,2"
1665,base,
1666,base,"5,3,2"
1667,base,
1668,base,"1,3,6"
1669,base,
1670,base,
1671,base,"1,2,6"
1672,base,"3,6,4"
1673,base,"3,1,6"
1674,base,"1,5,2"
1675,base,"4,6,2"
1676,base,"4,3,6"
1677,base,"5,2,6"
1678,base,"1,2,3"
1679,base,5
1680,base,"4,6,3"
1681,base,
1682,base,"3,2,6"
1683,base,"3,5,2"
1684,base,"1,6"
1685,base,
1686,base,"3,6,2"
1687,base,"5,2,6"
1688,base,"6,4"
1689,base,"3,6,2"
1690,base,"2,4,6"
1691,base,
1692,base,"1,3,2"
1693,base,
1694,base,"1,1,6"
1695,base,"1,3"
1696,base,"2,5,3"
1697,base,
1698,base,"4,2"
1699,base,"3,4,6"
1700,base,"1,2,3"
1701,base,"2,6,4"
1702,base,"2,6,4"
1703,base,"6,3,1"
1704,base,
1705,base,"1,4,6"
1706,base,"3,1,6"
1707,base,"4,2,6"
1708,base,"2,6,5"
1709,base,
1710,base,"6,3"
1711,base,3
1712,base,"2,4,6"
1713,base,"3,1,6"
1714,base,
1715,base,"2,6,5"
1716,base,
1717,base,"1,3,2"
1718,base,"4,2,6"
1719,base,"1,5,2"
1720,base,"2,5,4"
1721,base,"1,2,3"
1722,base,"1,6,3"
1723,base,"5,2,6"
1724,base,"4,2,6"
1725,base,"5,3,2"
1726,base,"1,2,3"
1727,base,"5,3,6"
1728,base,"4,3,6"
1729,base,"5,3,6"
1730,base,"3,1,6"
1731,base,"6,3"
1732,base,"4,2,6"
1733,base,"1,3,4"
1734,base,1
1735,base,"3,6,4"
1736,base,"1,2,2"
1737,base,"4,2,6"
1738,base,"4,2,6"
1739,base,"2,4,6"
1740,base,"3,6,2"
1741,base,"1,6,1"
1742,base,
1743,base,"4,2,6"
1744,base,
1745,base,"3,6,2"
1746,base,"1,4,6"
1747,base,"4,3,6"
1748,base,"5,2,4"
1749,base,"3,6,5"
1750,base,
1751,base,"3,6,4"
1752,base,
1753,base,"4,3,2"
1754,base,"5,2,4"
1755,base,"4,2,5"
1756,base,"1,6,3"
1757,base,"3,4,1"
1758,base,"3,4,5"
1759,base,"5,3,2"
1760,base,"1,3"
1761,base,2
1762,base,
1763,base,"4,2,6"
1764,base,"4,2,5"
1765,base,"2,4,6"
1766,base,"2,5,3"
1767,base,
1768,base,"3,6"
1769,base,"1,6,1"
1770,base,
1771,base,"4,3,6"
1772,base,"1,5,2"
1773,base,"3,4,1"
1774,base,"4,6,3"
1775,base,"3,6"
1776,base,"3,5,2"
1777,base,3
1778,base,"3,5,1"
1779,base,"2,5,6"
1780,base,"4,6"
1781,base,
1782,base,"3,5,1"
1783,base,"2,4,6"
1784,base,"4,2,6"
1785,base,"1,1,6"
1786,base,"4,2,6"
1787,base,"4,2,6"
1788,base,"1,6,3"
1789,base,
1790,base,"3,1,6"
1791,base,"1,1,2"
1792,base,"2,6,4"
1793,base,"4,3,6"
1794,base,"3,2,6"
1795,base,"4,2,6"
1796,base,"1,3,2"
1797,base,"4,2,5"
1798,base,"1,2,6"
1799,base,
1800,base,"1,6,3"
1801,base,
1802,base,"4,2,6"
1803,base,"3,5,2"
1804,base,"1,3,4"
1805,base,"5,3,6"
1806,base,"5,3,6"
1807,base,"1,6,3"
1808,base,
1809,base,
1810,base,"2,4,6"
1811,base,
1812,base,"1,2,5"
1813,base,"1,3,2"
1814,base,"4,2,5"
1815,base,"2,4,6"
1816,base,"1,4,6"
1817,base,"3,3,5"
1818,base,
1819,base,"3,2,6"
1820,base,
1821,base,
1822,base,
1823,base,
1824,base,"4,2,6"
1825,base,
1826,base,"3,2,6"
1827,base,"4,2,5"
1828,base,"1,2,3"
1829,base,"1,3,5"
1830,base,"2,5,3"
1831,base,"4,2,6"
1832,base,"4,2,5"
1833,base,"2,6,4"
1834,base,"4,2,6"
1835,base,"3,6,4"
1836,base,"2,6,3"
1837,base,"3,6,2"
1838,base,"1,2,3"
1839,base,"3,6,2"
1840,base,"5,3,2"
1841,base,6
1842,base,"4,2,6"
1843,base,"3,6,2"
1844,base,"2,6,4"
1845,base,"3,6,5"
1846,base,"3,6,4"
1847,base,
1848,base,
1849,base,"4,2,6"
1850,base,"2,5,3"
1851,base,"1,5,2"
1852,base,"1,6,3"
1853,base,"4,2,6"
1854,base,"1,6,3"
1855,base,"4,2,6"
1856,base,3
1857,base,6
1858,base,"1,6,4"
1859,base,"4,2,6"
1860,base,"1,3,5"
1861,base,"2,5,3"
1862,base,"2,6,4"
1863,base,"4,2,6"
1864,base,
1865,base,
1866,base,"4,6,2"
1867,base,"2,5,4"
1868,base,"1,4,6"
1869,base,"2,6,4"
1870,base,4
1871,base,"4,6,2"
1872,base,"4,3,6"
1873,base,"3,6,4"
1874,base,"3,6,1"
1875,base,
1876,base,"4,3,2"
1877,base,
1878,base,"3,6,2"
1879,base,"4,2,6"
1880,base,"2,6,1"
1881,base,"4,2,6"
1882,base,"1,6,3"
1883,base,"5,2,3"
1884,base,"4,2,6"
1885,base,1
1886,base,
1887,base,"3,6,1"
1888,base,"2,5,6"
1889,base,"3,5,4"
1890,base,"1,6"
1891,base,"4,2,6"
1892,base,"3,6,2"
1893,base,"4,3,6"
1894,base,"3,6,2"
1895,base,"2,4,6"
1896,base,"2,6,4"
1897,base,"1,6,2"
1898,base,
1899,base,"5,2,6"
1900,base,"4,2,6"
1901,base,"3,1,6"
1902,base,"2,6,4"
1903,base,"2,5,6"
1904,base,"4,6,1"
1905,base,"4,2,6"
1906,base,
1907,base,"3,4,6"
1908,base,"3,4,6"
1909,base,"4,3,5"
1910,base,"4,2,6"
1911,base,"4,2,5"
1912,base,"4,6,2"
1913,base,"3,2,6"
1914,base,"3,5,2"
1915,base,
1916,base,
1917,base,"3,2,6"
1918,base,"1,3,6"
1919,base,"1,1,2"
1920,base,
1921,base,
1922,base,"4,2,5"
1923,base,"3,1,5"
1924,base,"3,4,2"
1925,base,"4,3,5"
1926,base,"3,2,6"
1927,base,"3,6,2"
1928,base,"3,6,2"
1929,base,"3,6,4"
1930,base,
1931,base,"5,2,6"
1932,base,"1,4,3"
1933,base,"4,2,5"
1934,base,"3,6,2"
1935,base,"4,2,5"
1936,base,"2,6,4"
1937,base,"4,6,2"
1938,base,
1939,base,"2,5,3"
1940,base,"2,4,6"
1941,base,"4,2,5"
1942,base,"4,3,5"
1943,base,"4,3,2"
1944,base,"1,4,2"
1945,base,"4,3,6"
1946,base,"1,6,3"
1947,base,"5,3,2"
1948,base,"2,5,3"
1949,base,"4,3,6"
1950,base,"1,2,5"
1951,base,"3,6,4"
1952,base,1
1953,base,"5,3,2"
1954,base,"4,2,6"
1955,base,"1,6,2"
1956,base,"5,3,2"
1957,base,"5,2,6"
1958,base,
1959,base,
1960,base,"5,4,6"
1961,base,"3,1,6"
1962,base,"4,2,6"
1963,base,"3,5,2"
1964,base,"5,2,6"
1965,base,"3,1,6"
1966,base,"1,6,5"
1967,base,"2,6,4"
1968,base,"3,6,5"
1969,base,"4,3,6"
1970,base,"5,3,2"
1971,base,"6,1,6"
1972,base,"1,3,6"
1973,base,
1974,base,"4,2,6"
1975,base,
1976,base,"4,3,2"
1977,base,"3,6,4"
1978,base,"3,6,2"
1979,base,"1,2,3"
1980,base,"1,5,2"
1981,base,"3,6,5"
1982,base,"2,6,3"
1983,base,
1984,base,"4,2,6"
1985,base,"4,3,2"
1986,base,"5,3,2"
1987,base,
1988,base,"1,2,3"
1989,base,"1,6,3"
1990,base,4
1991,base,"3,6,1"
1992,base,
1993,base,"2,5,1"
1994,base,"3,4,6"
1995,base,"1,5,2"
1996,base,"3,6,2"
1997,base,"4,3,6"
1998,base,"2,4,5"
1999,base,"3,1,6"
2000,base,"2,5,4"
2001,base,"1,3,2"
2002,base,
2003,base,
2004,base,
2005,base,"2,6,3"
2006,base,4
2007,base,"4,3,6"
2008,base,"1,2,3"
2009,base,"3,6,2"
2010,base,"5,2,4"
2011,base,"4,2,6"
2012,base,"1,6,3"
2013,base,"4,2,5"
2014,base,"2,5,3"
2015,base,"3,6,4"
2016,base,"4,2,6"
2017,base,"2,5,3"
2018,base,"3,6"
2019,base,"5,3,2"
2020,base,
2021,base,"2,5,1"
2022,base,"2,5,3"
2023,base,
2024,base,
2025,base,"2,6,3"
2026,base,"5,3,6"
2027,base,"3,1,5"
2028,base,"4,2,5"
2029,base,"4,2,6"
2030,base,
2031,base,
2032,base,"3,6,2"
2033,base,"4,2,5"
2034,base,"3,6,2"
2035,base,
2036,base,"4,2,6"
2037,base,"5,3,6"
2038,base,"4,2,6"
2039,base,"3,5,6"
2040,base,"4,3,6"
2041,base,"4,2,6"
2042,base,"2,5,1"
2043,base,"4,2,5"
2044,base,"5,4,2"
2045,base,"4,3,6"
2046,base,"4,2,5"
2047,base,
2048,base,"3,6,4"
2049,base,
2050,base,"4,2,6"
2051,base,
2052,base,"3,6,2"
2053,base,"2,4,5"
2054,base,"4,2,6"
2055,base,"3,6,4"
2056,base,"4,2,6"
2057,base,"3,6,4"
2058,base,"4,2,6"
2059,base,"3,1,5"
2060,base,"5,3,2"
2061,base,"2,4,3"
2062,base,
2063,base,
2064,base,"4,2,5"
2065,base,"4,2,5"
2066,base,"4,2,6"
2067,base,
2068,base,"1,3,6"
2069,base,"1,6,3"
2070,base,"2,4,6"
2071,base,"1,6"
2072,base,"3,6,4"
2073,base,
2074,base,"3,6,2"
2075,base,
2076,base,"3,2,6"
2077,base,"2,4,6"
2078,base,
2079,base,
2080,base,"3,2,6"
2081,base,"4,2,6"
2082,base,"2,6,5"
2083,base,"4,2,5"
2084,base,"5,2,6"
2085,base,"2,5,3"
2086,base,"4,3,6"
2087,base,"3,6,2"
2088,base,"1,2,3"
2089,base,"3,2,6"
2090,base,"1,6,3"
2091,base,"4,2,6"
2092,base,"4,3,6"
2093,base,"2,6,4"
2094,base,"5,3,4"
2095,base,"4,2,6"
2096,base,"4,2,5"
2097,base,"4,2,6"
2098,base,"3,6,2"
2099,base,
2100,base,"2,5,3"
2101,base,
2102,base,"1,3,2"
2103,base,"3,6,2"
2104,base,"1,3,5"
2105,base,"3,2,6"
2106,base,"3,5,2"
2107,base,"2,6,5"
2108,base,"1,6,3"
2109,base,"1,6,4"
2110,base,"4,2,6"
2111,base,"6,5,4"
2112,base,"4,3,6"
2113,base,"3,4,5"
2114,base,"5,2,6"
2115,base,
2116,base,"1,4,2"
2117,base,"1,2,6"
2118,base,"4,2,6"
2119,base,"4,2,5"
2120,base,
2121,base,"2,6,4"
2122,base,"5,3,6"
2123,base,"1,6,3"
2124,base,"3,5,6"
2125,base,"3,6,2"
2126,base,"4,2,6"
2127,base,"4,2,6"
2128,base,"3,1,6"
2129,base,"3,6,4"
2130,base,"4,2,6"
2131,base,"4,3,6"
2132,base,
2133,base,
2134,base,"4,2,6"
2135,base,"4,2,3"
2136,base,"1,2,3"
2137,base,"4,2,6"
2138,base,"5,3,2"
2139,base,"4,2,6"
2140,base,"4,2,6"
2141,base,"2,4,6"
2142,base,"5,2,3"
2143,base,"5,2,6"
2144,base,
2145,base,"2,6,4"
2146,base,"3,6,2"
2147,base,"4,2,6"
2148,base,"1,4,5"
2149,base,"1,2,3"
2150,base,"4,2,5"
2151,base,
2152,base,
2153,base,"4,2,6"
2154,base,"6,1,6"
2155,base,"1,1,6"
2156,base,3
2157,base,"4,2,6"
2158,base,
2159,base,"2,6,5"
2160,base,"1,2,3"
2161,base,"4,2,6"
2162,base,"3,6,5"
2163,base,"4,2,6"
2164,base,"1,4,6"
2165,base,"2,6,4"
2166,base,"3,6,2"
2167,base,"1,2,3"
2168,base,"3,6,2"
2169,base,"5,2,3"
2170,base,"3,6,2"
2171,base,"4,2,6"
2172,base,"2,5,4"
2173,base,1
2174,base,"1,6,1"
2175,base,"2,6,4"
2176,base,"1,5,4"
2177,base,"3,6,2"
2178,base,"3,5,2"
2179,base,"2,4,5"
2180,base,"4,2,6"
2181,base,"4,6,2"
2182,base,"4,6,3"
2183,base,"5,2,4"
2184,base,
2185,base,"5,2,6"
2186,base,"5,2,6"
2187,base,"4,2,6"
2188,base,"3,6,2"
2189,base,"4,3,6"
2190,base,"1,4,6"
2191,base,
2192,base,"3,1,6"
2193,base,"2,6,4"
2194,base,
2195,base,
2196,base,"2,1"
2197,base,"3,6,2"
2198,base,"2,6,4"
2199,base,
2200,base,"1,4,2"
2201,base,"4,2,6"
2202,base,
2203,base,"4,2,6"
2204,base,"5,2,4"
2205,base,"3,6,4"
2206,base,"2,5,1"
2207,base,
2208,base,"1,1,2"
2209,base,
2210,base,"4,2,6"
2211,base,
2212,base,
2213,base,"2,5,6"
2214,base,"1,2,3"
2215,base,"3,6,2"
2216,base,
2217,base,"2,4,3"
2218,base,"2,6,5"
2219,base,
2220,base,"2,5,3"
2221,base,
2222,base,
2223,base,"3,6,4"
2224,base,"2,6,4"
2225,base,"1,4,2"
2226,base,"4,2,6"
2227,base,"1,6,3"
2228,base,"4,5,2"
2229,base,"5,3,6"
2230,base,
2231,base,
2232,base,"4,2,6"
2233,base,"3,5,2"
2234,base,"4,2,6"
2235,base,"4,3,6"
2236,base,"2,5,3"
2237,base,"2,4,6"
2238,base,
2239,base,"2,5,6"
2240,base,"3,6,4"
2241,base,"4,2,6"
2242,base,"4,6,2"
2243,base,
2244,base,"4,6,2"
2245,base,"4,2,6"
2246,base,"3,6,2"
2247,base,"1,6,3"
2248,base,"4,2,6"
2249,base,"2,6,1"
2250,base,
2251,base,"3,1"
2252,base,"3,6,2"
2253,base,"2,6,4"
2254,base,"1,6,1"
2255,base,"3,6,4"
2256,base,"1,6,3"
2257,base,
2258,base,"2,4,3"
2259,base,"2,5,3"
2260,base,"4,2,6"
2261,base,"3,6,2"
2262,base,"3,5,2"
2263,base,"2,4,6"
2264,base,"3,5,2"
2265,base,1
2266,base,
2267,base,"4,2,6"
2268,base,"3,5,6"
2269,base,"3,4,2"
2270,base,
2271,base,"1,4,2"
2272,base,"1,2,3"
2273,base,
2274,base,"4,3,5"
2275,base,
2276,base,"5,3,2"
2277,base,"4,2,6"
2278,base,"1,2,3"
2279,base,
2280,base,"1,6,1"
2281,base,"4,2,6"
2282,base,"3,5,2"
2283,base,"1,2,3"
2284,base,"2,4,5"
2285,base,"3,6,2"
2286,base,
2287,base,"1,2,6"
2288,base,
2289,base,
2290,base,"2,5,1"
2291,base,"5,2,4"
2292,base,"4,2,6"
2293,base,
2294,base,
2295,base,"2,6,5"
2296,base,"3,6,2"
2297,base,"4,3,6"
2298,base,
2299,base,"4,2,5"
2300,base,"4,2,4"
2301,base,"3,6,2"
2302,base,"2,4,6"
2303,base,"4,2,6"
2304,base,"4,2,6"
2305,base,"4,2,6"
2306,base,"3,6,5"
2307,base,"2,4,6"
2308,base,"2,6,3"
2309,base,"4,3,6"
2310,base,
2311,base,"5,3,2"
2312,base,
2313,base,
2314,base,"6,5,3"
2315,base,"3,6,1"
2316,base,"3,5,1"
2317,base,
2318,base,"1,3,2"
2319,base,
2320,base,"5,2,4"
2321,base,"5,3,2"
2322,base,"5,1"
2323,base,"1,3,5"
2324,base,"4,2,6"
2325,base,"1,3,2"
2326,base,"3,6,1"
2327,base,"2,4,3"
2328,base,
2329,base,
2330,base,"3,6,4"
2331,base,"2,5,6"
2332,base,"3,2,6"
2333,base,"4,2,6"
2334,base,"3,4,5"
2335,base,"3,5,2"
2336,base,"6,1,6"
2337,base,"5,3,1"
2338,base,"5,2,6"
2339,base,
2340,base,
2341,base,
2342,base,
2343,base,"4,2,6"
2344,base,"3,1,6"
2345,base,"4,2,6"
2346,base,"1,4,2"
2347,base,"4,2,6"
2348,base,"1,2,3"
2349,base,
2350,base,
2351,base,"3,4,5"
2352,base,"3,1,6"
2353,base,"4,2,6"
2354,base,
2355,base,"2,5"
2356,base,"4,3,5"
2357,base,
2358,base,"1,6,1"
2359,base,"5,3,2"
2360,base,"4,3,6"
2361,base,"4,6,3"
2362,base,"5,2,6"
2363,base,"3,4,5"
2364,base,"3,6,2"
2365,base,"1,2,4"
2366,base,"2,5,4"
2367,base,"1,5,2"
2368,base,"1,2,6"
2369,base,5
2370,base,"4,2,6"
2371,base,
2372,base,"5,2,6"
2373,base,"4,2,6"
2374,base,
2375,base,"2,5,3"
2376,base,"1,4,3"
2377,base,
2378,base,"1,2,3"
2379,base,"2,5,3"
2380,base,
2381,base,"1,2,3"
2382,base,"1,2,1"
2383,base,"2,6,3"
2384,base,"2,5,3"
2385,base,"2,5,1"
2386,base,"2,5,3"
2387,base,"6,4,2"
2388,base,"4,2,6"
2389,base,
2390,base,"1,4,6"
2391,base,"4,2,6"
2392,base,"1,2,3"
2393,base,"2,4,6"
2394,base,"1,2,3"
2395,base,
2396,base,"4,3,6"
2397,base,"1,6,1"
2398,base,"3,5,2"
2399,base,
2400,base,
2401,base,"1,5,3"
2402,base,"3,6,1"
2403,base,"1,5,2"
2404,base,
2405,base,"4,2,6"
2406,base,"1,3,2"
2407,base,"5,3,4"
2408,base,"4,2,6"
2409,base,
2410,base,"4,2,6"
2411,base,"4,2,6"
2412,base,"3,6,1"
2413,base,"3,6,2"
2414,base,"3,6,2"
2415,base,"5,3,2"
2416,base,
2417,base,"4,2,5"
2418,base,
2419,base,"1,2,3"
2420,base,"4,2,6"
2421,base,"1,2,3"
2422,base,"3,5,5"
2423,base,
2424,base,"3,6,2"
2425,base,"4,2,6"
2426,base,"4,2,6"
2427,base,"4,3,6"
2428,base,"2,6,1"
2429,base,"4,2,6"
2430,base,
2431,base,"5,2,6"
2432,base,"2,4,6"
2433,base,
2434,base,"4,2,6"
2435,base,
2436,base,"2,4,6"
2437,base,
2438,base,
2439,base,"2,5,1"
2440,base,
2441,base,
2442,base,"2,4,6"
2443,base,"3,1,4"
2444,base,
2445,base,"4,2,6"
2446,base,"4,2,6"
2447,base,"4,2,6"
2448,base,"4,6,3"
2449,base,
2450,base,"3,6,5"
2451,base,"3,2,6"
2452,base,"5,2,4"
2453,base,"1,2,4"
2454,base,
2455,base,"3,6,2"
2456,base,"1,3"
2457,base,
2458,base,"1,6,3"
2459,base,
2460,base,"1,5,3"
2461,base,"3,6,2"
2462,base,"1,3,2"
2463,base,"1,2,3"
2464,base,"1,3,2"
2465,base,"3,4,1"
2466,base,"3,1,6"
2467,base,"5,3,2"
2468,base,
2469,base,"2,5,3"
2470,base,"2,5,3"
2471,base,"4,2,6"
2472,base,"2,6,5"
2473,base,"4,2,5"
2474,base,
2475,base,"3,5,2"
2476,base,"4,2,6"
2477,base,"3,5,2"
2478,base,"5,3,6"
2479,base,"4,2,5"
2480,base,"4,3,6"
2481,base,
2482,base,"4,2,6"
2483,base,"5,3,2"
2484,base,"1,3,6"
2485,base,"3,2,6"
2486,base,1
2487,base,"5,3,2"
2488,base,
2489,base,"3,6,5"
2490,base,"4,2,6"
2491,base,"2,5,6"
2492,base,"3,2,6"
2493,base,"4,2,6"
2494,base,"6,3"
2495,base,"3,6,4"
2496,base,
2497,base,"4,2,5"
2498,base,
2499,base,"4,2,6"
2500,base,"4,5,2"
2501,base,"4,2,6"
2502,base,"4,2,5"
2503,base,"4,2,6"
2504,base,"4,3,2"
2505,base,"4,2,6"
2506,base,"5,2"
2507,base,"2,5,6"
2508,base,"3,6,2"
2509,base,"1,3,6"
2510,base,
2511,base,"1,2,3"
2512,base,"4,2,6"
2513,base,"4,2,6"
2514,base,
2515,base,
2516,base,
2517,base,"5,2,6"
2518,base,
2519,base,
2520,base,1
2521,base,"2,4,6"
2522,base,"2,6,4"
2523,base,"4,2,6"
2524,base,"2,5,3"
2525,base,"1,2,5"
2526,base,"5,2,6"
2527,base,"3,6,2"
2528,base,"1,4,6"
2529,base,"5,3,2"
2530,base,"4,2,6"
2531,base,"5,3,4"
2532,base,"4,2,6"
2533,base,"2,4,6"
2534,base,"3,6,2"
2535,base,"2,5,3"
2536,base,"3,5,2"
2537,base,"3,6,2"
2538,base,"5,2,6"
2539,base,"4,2,6"
2540,base,"4,3,6"
2541,base,"3,6,2"
2542,base,"1,6,3"
2543,base,"3,1,5"
2544,base,"4,3,6"
2545,base,"4,2,6"
2546,base,"1,2,2"
2547,base,
2548,base,"6,3,5"
2549,base,
2550,base,
2551,base,"2,5,4"
2552,base,
2553,base,"3,6,2"
2554,base,
2555,base,6
2556,base,"3,1"
2557,base,"4,3,6"
2558,base,"3,5,2"
2559,base,
2560,base,"4,2,6"
2561,base,"3,1,5"
2562,base,"1,3,2"
2563,base,"1,4,3"
2564,base,"1,2,3"
2565,base,"1,4,3"
2566,base,"2,4,3"
2567,base,"4,5,1"
2568,base,
2569,base,"1,5,3"
2570,base,"3,1,6"
2571,base,
2572,base,
2573,base,
2574,base,"2,4,5"
2575,base,"1,2,3"
2576,base,"3,5,2"
2577,base,"3,5,2"
2578,base,"4,2,6"
2579,base,"2,5,6"
2580,base,"3,6,2"
2581,base,
2582,base,"4,2,6"
2583,base,5
2584,base,"4,2,6"
2585,base,"5,3,2"
2586,base,1
2587,base,"3,6"
2588,base,
2589,base,"3,6,5"
2590,base,"4,2,6"
2591,base,"2,6,5"
2592,base,"3,6,2"
2593,base,
2594,base,"4,2,6"
2595,base,
2596,base,"3,4,6"
2597,base,"2,6,4"
2598,base,"6,3"
2599,base,"3,2,6"
2600,base,"1,3,5"
2601,base,"3,1,6"
2602,base,"4,2,6"
2603,base,"3,3,1"
2604,base,
2605,base,"4,2,6"
2606,base,"3,6,2"
2607,base,"3,6,1"
2608,base,"3,5,2"
2609,base,"1,5,3"
2610,base,"4,3,6"
2611,base,
2612,base,"1,2,3"
2613,base,"3,6,2"
2614,base,"4,5,3"
2615,base,"2,6,1"
2616,base,"3,5,1"
2617,base,"3,6,1"
2618,base,"5,3,6"
2619,base,"4,3,6"
2620,base,
2621,base,"4,6,1"
2622,base,"4,2,6"
2623,base,"1,4,6"
2624,base,"2,5,4"
2625,base,"3,6,5"
2626,base,"4,2,6"
2627,base,"1,2,3"
2628,base,"3,6,2"
2629,base,
2630,base,"4,6,2"
2631,base,"4,6,2"
2632,base,"4,3,6"
2633,base,
2634,base,"3,4,2"
2635,base,1
2636,base,"4,2,5"
2637,base,"3,2,6"
2638,base,"2,4,6"
2639,base,"4,2,6"
2640,base,
2641,base,
2642,base,
2643,base,"4,2,6"
2644,base,"4,2,6"
2645,base,"4,2,6"
2646,base,"1,2,3"
2647,base,"2,5,4"
2648,base,"4,2,6"
2649,base,"4,2,6"
2650,base,"3,4,6"
2651,base,"4,3,6"
2652,base,"2,5,3"
2653,base,"4,3,6"
2654,base,"3,1,6"
2655,base,
2656,base,"3,6,5"
2657,base,"1,2,6"
2658,base,"4,2,6"
2659,base,"3,2,6"
2660,base,"4,2,6"
2661,base,"3,6,1"
2662,base,"5,3,2"
2663,base,"4,6,3"
2664,base,"4,2,6"
2665,base,"4,3,6"
2666,base,"3,6,4"
2667,base,"1,4"
2668,base,"4,2,5"
2669,base,"5,2,6"
2670,base,"4,6,2"
2671,base,"4,2,6"
2672,base,"3,5,4"
2673,base,"2,5,2"
2674,base,"5,3,2"
2675,base,"1,4,5"
2676,base,6
2677,base,
2678,base,"1,2,3"
2679,base,"1,6"
2680,base,"1,2,3"
2681,base,
2682,base,"1,5,2"
2683,base,"6,1,6"
2684,base,"4,5,2"
2685,base,"3,6,2"
2686,base,"1,4,6"
2687,base,
2688,base,"1,4,6"
2689,base,"3,1,6"
2690,base,"1,2,3"
2691,base,
2692,base,"1,3,2"
2693,base,"3,6,4"
2694,base,"4,3,6"
2695,base,"1,4,2"
2696,base,"1,2,3"
2697,base,
2698,base,"5,3,2"
2699,base,
2700,base,"3,6,5"
2701,base,"3,2,6"
2702,base,"3,6,5"
2703,base,"1,3,6"
2704,base,"3,5,2"
2705,base,3
2706,base,"3,4,5"
2707,base,"3,6,2"
2708,base,"3,6,4"
2709,base,"2,6,5"
2710,base,"4,2,6"
2711,base,"1,2,3"
2712,base,"4,2,6"
2713,base,"1,1,2"
2714,base,
2715,base,"3,6,2"
2716,base,"4,2,6"
2717,base,"4,2,6"
2718,base,"3,6,1"
2719,base,
2720,base,"4,2,6"
2721,base,"1,6,1"
2722,base,"4,2,5"
2723,base,"2,5,4"
2724,base,"5,2,6"
2725,base,"3,1,5"
2726,base,"2,6"
2727,base,"4,6,2"
2728,base,
2729,base,"1,4,3"
2730,base,"5,2,4"
2731,base,"1,1,4"
2732,base,
2733,base,"1,2,3"
2734,base,
2735,base,"3,6,4"
2736,base,"4,2,6"
2737,base,"1,4,2"
2738,base,"4,2,6"
2739,base,
2740,base,"1,4,5"
2741,base,"4,2,6"
2742,base,"1,6,3"
2743,base,"4,6,3"
2744,base,
2745,base,"1,6,3"
2746,base,"1,2,2"
2747,base,"2,5,1"
2748,base,"5,3,1"
2749,base,"1,2"
2750,base,"3,6,2"
2751,base,
2752,base,
2753,base,"1,2,5"
2754,base,"4,6,2"
2755,base,"3,6,4"
2756,base,"4,2,5"
2757,base,"3,6,2"
2758,base,"4,2,6"
2759,base,"4,2,6"
2760,base,
2761,base,"2,5,3"
2762,base,"1,2,2"
2763,base,"4,2,6"
2764,base,"3,6,1"
2765,base,"1,3,2"
2766,base,"5,2,4"
2767,base,"4,2,5"
2768,base,
2769,base,"5,3,2"
2770,base,
2771,base,
2772,base,"1,4,2"
2773,base,"1,6,3"
2774,base,"4,2,5"
2775,base,3
2776,base,"4,2,5"
2777,base,"2,5,1"
2778,base,"3,6,1"
2779,base,"2,5,6"
2780,base,"1,2,3"
2781,base,"1,2,3"
2782,base,"1,4,6"
2783,base,"4,6,3"
2784,base,"4,2,5"
2785,base,"4,2,6"
2786,base,"3,5,2"
2787,base,
2788,base,
2789,base,"4,3,2"
2790,base,"4,6,3"
2791,base,"2,6,5"
2792,base,"1,4,2"
2793,base,"3,6,2"
2794,base,"6,3,2"
2795,base,"3,6,2"
2796,base,"1,4,6"
2797,base,"4,2,5"
2798,base,"1,2"
2799,base,
2800,base,"2,6,5"
2801,base,
2802,base,"2,5,4"
2803,base,"1,4,5"
2804,base,"5,2,6"
2805,base,
2806,base,"5,3,2"
2807,base,"5,3,2"
2808,base,
2809,base,"3,5,2"
2810,base,"4,6"
2811,base,"1,3,2"
2812,base,"2,5,3"
2813,base,
2814,base,"3,6,1"
2815,base,"5,2,6"
2816,base,
2817,base,"3,5,1"
2818,base,"4,2,6"
2819,base,"3,1,6"
2820,base,"4,2,6"
2821,base,"3,6,5"
2822,base,
2823,base,"3,5,2"
2824,base,"1,4,2"
2825,base,"2,4,6"
2826,base,"2,4,3"
2827,base,"4,2,6"
2828,base,"3,4,2"
2829,base,"3,1,5"
2830,base,"4,6,2"
2831,base,"3,4,5"
2832,base,"1,3,5"
2833,base,
2834,base,"3,2,5"
2835,base,"4,2,5"
2836,base,"4,5,3"
2837,base,"1,4,2"
2838,base,"4,2,6"
2839,base,"1,2,3"
2840,base,"1,3,2"
2841,base,"5,2,4"
2842,base,
2843,base,"2,5,1"
2844,base,"4,2,6"
2845,base,"4,2,6"
2846,base,"3,2,5"
2847,base,"4,2,5"
2848,base,"4,2,6"
2849,base,"4,2,6"
2850,base,
2851,base,"4,2,6"
2852,base,"2,6,4"
2853,base,"1,6,1"
2854,base,"3,5,2"
2855,base,"2,4,6"
2856,base,
2857,base,"3,6,1"
2858,base,
2859,base,"4,2,6"
2860,base,"4,3,5"
2861,base,"4,2,6"
2862,base,"3,4,2"
2863,base,"2,6,4"
2864,base,"3,5,6"
2865,base,
2866,base,"4,3,2"
2867,base,"4,2,5"
2868,base,"1,5,2"
2869,base,"3,2,6"
2870,base,"3,5,2"
2871,base,"1,4,6"
2872,base,
2873,base,"5,2,6"
2874,base,"3,1,6"
2875,base,"3,5,2"
2876,base,"1,6"
2877,base,"2,5,3"
2878,base,"3,6,1"
2879,base,"3,5,2"
2880,base,"1,6"
2881,base,"3,5,6"
2882,base,"4,6,5"
2883,base,"3,2,6"
2884,base,"4,2,5"
2885,base,"4,3,6"
2886,base,"2,5,3"
2887,base,"5,2,6"
2888,base,"2,5,1"
2889,base,"5,2,6"
2890,base,"4,2,6"
2891,base,"1,6,3"
2892,base,"5,3,1"
2893,base,"4,2,6"
2894,base,"3,1,4"
2895,base,"4,2,6"
2896,base,"3,5,2"
2897,base,
2898,base,
2899,base,"4,2,6"
2900,base,"1,6,3"
2901,base,"4,6,3"
2902,base,"5,3,4"
2903,base,"4,3,6"
2904,base,"1,4,2"
2905,base,"3,6,2"
2906,base,
2907,base,"3,6,2"
2908,base,"3,6,4"
2909,base,"3,6,1"
2910,base,"2,3,1"
2911,base,1
2912,base,
2913,base,"6,5,2"
2914,base,"2,5,3"
2915,base,"1,2,3"
2916,base,1
2917,base,
2918,base,"4,3,6"
2919,base,"4,6,2"
2920,base,"2,4,6"
2921,base,"1,3,5"
2922,base,"4,2"
2923,base,"4,3,6"
2924,base,"4,2,6"
2925,base,"4,2,6"
2926,base,"5,2,6"
2927,base,"3,1,5"
2928,base,"1,6,3"
2929,base,"1,6,3"
2930,base,"3,2,4"
2931,base,"1,6"
2932,base,"4,2,5"
2933,base,"3,2,5"
2934,base,
2935,base,"2,5,6"
2936,base,"4,4"
2937,base,"2,4,3"
2938,base,"5,3,1"
2939,base,"4,6,3"
2940,base,"4,2,6"
2941,base,
2942,base,"4,2,6"
2943,base,"2,5,1"
2944,base,"5,3,6"
2945,base,"4,6,3"
2946,base,"4,2,6"
2947,base,
2948,base,
2949,base,"1,2,3"
2950,base,"1,6,1"
2951,base,
2952,base,
2953,base,
2954,base,"4,2,6"
2955,base,
2956,base,"4,2,6"
2957,base,"6,3,4"
2958,base,"3,6,1"
2959,base,
2960,base,"1,6,1"
2961,base,
2962,base,"4,2,6"
2963,base,"1,5,2"
2964,base,
2965,base,"4,2,5"
2966,base,"2,5,4"
2967,base,"2,4,6"
2968,base,"1,3,2"
2969,base,
2970,base,"3,6,5"
2971,base,"4,2,6"
2972,base,"2,2,5"
2973,base,"4,2,6"
2974,base,
2975,base,"1,6"
2976,base,"2,5,4"
2977,base,"3,6,2"
2978,base,
2979,base,
2980,base,"2,4,6"
2981,base,"5,2,4"
2982,base,
2983,base,"1,3,6"
2984,base,"3,6,4"
2985,base,"3,5,2"
2986,base,6
2987,base,"5,3,2"
2988,base,"1,3,5"
2989,base,
2990,base,"6,3"
2991,base,"4,2,6"
2992,base,"1,1,2"
2993,base,"3,6,1"
2994,base,"4,2,6"
2995,base,"3,5,2"
2996,base,"3,5,2"
2997,base,"4,3,6"
2998,base,"4,2,6"
2999,base,"4,2,5"
3000,base,"1,4,2"
3001,base,
3002,base,"3,4,5"
3003,base,"4,2,5"
3004,base,"6,2,4"
3005,base,"4,2,6"
3006,base,"3,5,2"
3007,base,"4,2,5"
3008,base,"3,5,2"
3009,base,
3010,base,"3,6,5"
3011,base,"2,4,6"
3012,base,"3,6,2"
3013,base,"4,2,5"
3014,base,"2,6,3"
3015,base,"3,5,2"
3016,base,
3017,base,"4,3,5"
3018,base,"4,2,6"
3019,base,"3,5,2"
3020,base,"2,4,5"
3021,base,"3,6,2"
3022,base,"1,2,3"
3023,base,
3024,base,"2,5,4"
3025,base,"4,6,3"
3026,base,"1,3,5"
3027,base,"3,5,6"
3028,base,
3029,base,"2,6,1"
3030,base,"4,2,6"
3031,base,
3032,base,"1,6,1"
3033,base,"4,2,6"
3034,base,
3035,base,"1,3,4"
3036,base,"4,2,5"
3037,base,
3038,base,"3,5,2"
3039,base,"3,6,4"
3040,base,"2,6,4"
3041,base,"2,6,4"
3042,base,"5,3,2"
3043,base,
3044,base,"3,1,6"
3045,base,
3046,base,
3047,base,"4,2,6"
3048,base,"1,5,2"
3049,base,2
3050,base,
3051,base,"1,2,3"
3052,base,"3,1,6"
3053,base,"1,2,3"
3054,base,
3055,base,"1,2,2"
3056,base,"4,2,6"
3057,base,
3058,base,"4,6,2"
3059,base,"3,2,6"
3060,base,"4,2,5"
3061,base,"4,2,6"
3062,base,"4,3,6"
3063,base,"4,3,6"
3064,base,"4,2,6"
3065,base,
3066,base,"4,3,6"
3067,base,"4,2,6"
3068,base,"1,3,5"
3069,base,
3070,base,
3071,base,
3072,base,"4,2,6"
3073,base,"2,6,1"
3074,base,"5,2,6"
3075,base,"4,2,6"
3076,base,
3077,base,
3078,base,
3079,base,"1,2,3"
3080,base,"3,6,2"
3081,base,"1,1"
3082,base,4
3083,base,"2,5,4"
3084,base,"5,2,6"
3085,base,
3086,base,"4,2,5"
3087,base,"4,3,6"
3088,base,
3089,base,"2,6,4"
3090,base,"1,4,2"
3091,base,"3,5,2"
3092,base,"3,6,2"
3093,base,"1,2,3"
3094,base,"3,6,2"
3095,base,"2,6,5"
3096,base,"5,2,6"
3097,base,"4,5"
3098,base,
3099,base,"3,6,4"
3100,base,
3101,base,"3,6,4"
3102,base,"4,2,6"
3103,base,
3104,base,
3105,base,"3,6,2"
3106,base,"2,6,5"
3107,base,"5,2,3"
3108,base,
3109,base,"4,2,5"
3110,base,"1,6,3"
3111,base,"3,5,4"
3112,base,
3113,base,"1,3,5"
3114,base,"2,5,3"
3115,base,"4,2,6"
3116,base,"4,3,2"
3117,base,"4,2,5"
3118,base,"3,6,4"
3119,base,"5,3,1"
3120,base,"5,2,4"
3121,base,"3,6,4"
3122,base,
3123,base,"4,2,6"
3124,base,"3,5,1"
3125,base,"5,3,4"
3126,base,"3,3,6"
3127,base,"2,5,3"
3128,base,"3,5,2"
3129,base,"4,2,5"
3130,base,"1,2,5"
3131,base,"2,4,6"
3132,base,
3133,base,
3134,base,"1,6,1"
3135,base,
3136,base,"4,2,5"
3137,base,"2,5,3"
3138,base,"1,2,3"
3139,base,"4,2,6"
3140,base,"1,2,3"
3141,base,
3142,base,"3,1,6"
3143,base,
3144,base,"3,5,2"
3145,base,"1,3,2"
3146,base,"1,6,1"
3147,base,"2,6,1"
3148,base,"3,6,2"
3149,base,"2,5,4"
3150,base,"2,5,4"
3151,base,"4,6,3"
3152,base,"1,2,3"
3153,base,"1,2,3"
3154,base,"4,5,1"
3155,base,"4,2,5"
3156,base,"1,4,5"
3157,base,"2,5,3"
3158,base,
3159,base,
3160,base,"1,2,3"
3161,base,"4,3,2"
3162,base,"4,2,6"
3163,base,"5,2,6"
3164,base,"2,5,6"
3165,base,"4,3,6"
3166,base,"3,1,6"
3167,base,"1,2,6"
3168,base,"4,2,6"
3169,base,
3170,base,"2,6,3"
3171,base,"1,3,5"
3172,base,"5,3,6"
3173,base,"3,6,2"
3174,base,"2,6,4"
3175,base,"2,5,4"
3176,base,"3,2,6"
3177,base,"3,2,6"
3178,base,
3179,base,"3,1,4"
3180,base,"1,5,1"
3181,base,"4,6,2"
3182,base,"4,2,6"
3183,base,"1,2,5"
3184,base,"5,3,2"
3185,base,"5,3,2"
3186,base,"4,3,5"
3187,base,"4,2,6"
3188,base,"3,6,1"
3189,base,"1,2,5"
3190,base,3
3191,base,"3,6,2"
3192,base,"4,3,6"
3193,base,"4,6,2"
3194,base,"1,6,3"
3195,base,
3196,base,"2,4,6"
3197,base,"1,3,6"
3198,base,"3,6,2"
3199,base,"5,3,2"
3200,base,"2,6,1"
3201,base,"1,2,5"
3202,base,"3,5,2"
3203,base,"3,5,2"
3204,base,"4,3,6"
3205,base,"4,2,6"
3206,base,"4,6,2"
3207,base,"3,3"
3208,base,"4,6,1"
3209,base,"1,2,2"
3210,base,
3211,base,
3212,base,"5,3,6"
3213,base,"5,2,6"
3214,base,
3215,base,"4,2,6"
3216,base,"4,2,5"
3217,base,"4,2,6"
3218,base,
3219,base,
3220,base,
3221,base,"5,2,6"
3222,base,"3,5,1"
3223,base,
3224,base,"3,5,2"
3225,base,"5,2,6"
3226,base,
3227,base,"2,6,1"
3228,base,"4,2,6"
3229,base,"3,4,6"
3230,base,
3231,base,"2,4,6"
3232,base,"5,2,3"
3233,base,"4,2,6"
3234,base,"1,2,3"
3235,base,"5,3,6"
3236,base,
3237,base,"4,6,2"
3238,base,"4,2,6"
3239,base,"2,4,6"
3240,base,"2,5,3"
3241,base,
3242,base,"5,2,6"
3243,base,
3244,base,"2,5,1"
3245,base,"3,4,5"
3246,base,"4,2,6"
3247,base,"2,4,6"
3248,base,"4,2,6"
3249,base,"1,2,3"
3250,base,
3251,base,"4,2,6"
3252,base,"4,3,5"
3253,base,
3254,base,"4,2,5"
3255,base,
3256,base,
3257,base,"4,3,6"
3258,base,"4,6,5"
3259,base,2
3260,base,"4,2,6"
3261,base,"4,2,6"
3262,base,
3263,base,
3264,base,"1,2,3"
3265,base,1
3266,base,"5,2,6"
3267,base,"3,4,5"
3268,base,"3,6,2"
3269,base,"2,6,4"
3270,base,"2,4,6"
3271,base,"2,4,5"
3272,base,"1,2,3"
3273,base,"1,6,3"
3274,base,"4,2,6"
3275,base,"4,2,6"
3276,base,"4,2,6"
3277,base,"1,2,3"
3278,base,"1,2,3"
3279,base,"3,5,2"
3280,base,"3,2,4"
3281,base,"1,4,2"
3282,base,"6,1,6"
3283,base,"2,5,3"
3284,base,
3285,base,"4,2,6"
3286,base,1
3287,base,"4,2,6"
3288,base,"1,5,2"
3289,base,"4,2,6"
3290,base,"3,6,4"
3291,base,
3292,base,"2,5,6"
3293,base,"3,6,2"
3294,base,
3295,base,
3296,base,"1,3,5"
3297,base,
3298,base,"2,5,4"
3299,base,"3,6,2"
3300,base,"4,2,6"
3301,base,"4,3,6"
3302,base,"1,2,3"
3303,base,
3304,base,"1,3"
3305,base,
3306,base,"5,3,6"
3307,base,"4,2,6"
3308,base,"5,2,6"
3309,base,"3,6,2"
3310,base,
3311,base,"4,6,5"
3312,base,
3313,base,"4,2,6"
3314,base,"5,2,6"
3315,base,"5,2,6"
3316,base,
3317,base,"5,3,4"
3318,base,
3319,base,"4,2,6"
3320,base,"2,4,6"
3321,base,
3322,base,"4,2,5"
3323,base,"2,4,6"
3324,base,"2,6,1"
3325,base,"5,3,6"
3326,base,"3,5,2"
3327,base,"3,5,2"
3328,base,
3329,base,"4,2,6"
3330,base,"1,6,3"
3331,base,
3332,base,3
3333,base,3
3334,base,
3335,base,"2,4,6"
3336,base,"3,6,2"
3337,base,"2,5,3"
3338,base,"1,2,5"
3339,base,"4,2,6"
3340,base,"1,2,5"
3341,base,"4,2,6"
3342,base,"4,2,5"
3343,base,"1,4,3"
3344,base,"4,2,6"
3345,base,"2,4,3"
3346,base,"1,2,3"
3347,base,6
3348,base,
3349,base,
3350,base,"2,5,3"
3351,base,"5,2,6"
3352,base,"3,6,4"
3353,base,"2,6,5"
3354,base,"4,2,6"
3355,base,"4,5,2"
3356,base,"4,3,6"
3357,base,"4,2,6"
3358,base,"4,2,5"
3359,base,"4,6,3"
3360,base,"2,1,6"
3361,base,"2,6,5"
3362,base,"2,5,4"
3363,base,
3364,base,"3,5,6"
3365,base,"2,6,4"
3366,base,"4,2,6"
3367,base,"1,4,3"
3368,base,"3,5,1"
3369,base,
3370,base,"3,2,6"
3371,base,"5,2,6"
3372,base,"3,2,6"
3373,base,"4,6,3"
3374,base,
3375,base,"5,3,2"
3376,base,"1,3,5"
3377,base,"6,5,3"
3378,base,"2,5,3"
3379,base,"1,2"
3380,base,
3381,base,"4,3,2"
3382,base,"4,2,6"
3383,base,
3384,base,"1,3,2"
3385,base,
3386,base,"2,4,6"
3387,base,"3,6,2"
3388,base,
3389,base,"4,3,2"
3390,base,"3,1,6"
3391,base,"2,4,6"
3392,base,"1,6,3"
3393,base,"4,6,3"
3394,base,
3395,base,"1,5,3"
3396,base,"3,6,2"
3397,base,"2,5,6"
3398,base,
3399,base,"3,5,2"
3400,base,"4,3,5"
3401,base,"2,4,3"
3402,base,"4,2,6"
3403,base,"2,5,3"
3404,base,"1,2,3"
3405,base,"5,3,6"
3406,base,"4,2,6"
3407,base,"1,4,6"
3408,base,"4,2,5"
3409,base,3
3410,base,"2,6,5"
3411,base,"4,2,5"
3412,base,
3413,base,"4,6"
3414,base,
3415,base,"1,6"
3416,base,"3,6,1"
3417,base,"1,5,2"
3418,base,"1,4,6"
3419,base,"1,4,6"
3420,base,"3,6,2"
3421,base,"4,3,6"
3422,base,"2,5,6"
3423,base,
3424,base,"3,6,4"
3425,base,"3,5,6"
3426,base,"4,3,5"
3427,base,"2,6,4"
3428,base,"5,2,6"
3429,base,"4,3,5"
3430,base,"1,3,5"
3431,base,"2,4,6"
3432,base,"5,4,3"
3433,base,"1,5,3"
3434,base,
3435,base,"2,5,6"
3436,base,
3437,base,"1,5,3"
3438,base,"6,5"
3439,base,3
3440,base,"4,2,6"
3441,base,
3442,base,"1,3,5"
3443,base,
3444,base,"1,4,6"
3445,base,"6,3"
3446,base,"1,6,1"
3447,base,"5,2,6"
3448,base,"2,4,6"
3449,base,"4,5,3"
3450,base,"1,6"
3451,base,
3452,base,"4,5,1"
3453,base,"4,2,6"
3454,base,"5,3,1"
3455,base,"4,2,6"
3456,base,"4,2,5"
3457,base,
3458,base,"2,6,5"
3459,base,"1,5,6"
3460,base,"4,2,6"
3461,base,
3462,base,"2,5,4"
3463,base,"4,2,6"
3464,base,"2,5"
3465,base,
3466,base,"3,6,2"
3467,base,"3,5,2"
3468,base,"4,5,2"
3469,base,"5,2,6"
3470,base,"2,5,4"
3471,base,"1,4,2"
3472,base,"3,6,2"
3473,base,"6,1,6"
3474,base,"3,2,5"
3475,base,"2,5,6"
3476,base,"1,4,3"
3477,base,"4,2,6"
3478,base,"1,4,3"
3479,base,"1,3"
3480,base,"2,6,3"
3481,base,
3482,base,"1,2,3"
3483,base,"3,6,2"
3484,base,
3485,base,"4,3,2"
3486,base,"2,6,3"
3487,base,"4,6,2"
3488,base,"4,2,6"
3489,base,"2,6,4"
3490,base,"3,2,6"
3491,base,"1,3,6"
3492,base,"1,6,3"
3493,base,"5,2,6"
3494,base,"1,6,1"
3495,base,
3496,base,"4,3,6"
3497,base,"4,3,6"
3498,base,"5,2,6"
3499,base,"5,2,4"
3500,base,"3,6,2"
3501,base,"2,6,4"
3502,base,
3503,base,"3,6,2"
3504,base,"1,6,3"
3505,base,"4,3,6"
3506,base,"4,2,6"
3507,base,"1,2,3"
3508,base,
3509,base,"4,6,2"
3510,base,"2,4,6"
3511,base,"4,2,6"
3512,base,"1,3,4"
3513,base,"3,4,6"
3514,base,"3,5,2"
3515,base,"4,2,6"
3516,base,
3517,base,"4,2,5"
3518,base,"2,6"
3519,base,"1,4,5"
3520,base,"3,5,2"
3521,base,"1,2,3"
3522,base,
3523,base,
3524,base,"5,2,6"
3525,base,"1,2,3"
3526,base,"2,5,1"
3527,base,"4,2,5"
3528,base,"5,2,6"
3529,base,3
3530,base,
3531,base,
3532,base,"2,5,3"
3533,base,
3534,base,"3,5,1"
3535,base,
3536,base,"4,2,6"
3537,base,"4,2,6"
3538,base,"1,3,6"
3539,base,"1,6,1"
3540,base,
3541,base,"3,6,2"
3542,base,"3,5,6"
3543,base,"3,2,6"
3544,base,"1,2,4"
3545,base,"3,5,2"
3546,base,"4,2,6"
3547,base,"1,2,3"
3548,base,"3,2,6"
3549,base,
3550,base,"4,3,5"
3551,base,"4,2,6"
3552,base,"1,6,1"
3553,base,"1,2,5"
3554,base,"4,2,6"
3555,base,
3556,base,"4,3,6"
3557,base,"1,3,2"
3558,base,"5,3,2"
3559,base,"6,1"
3560,base,"4,6,3"
3561,base,
3562,base,"4,2,6"
3563,base,"3,6,3"
3564,base,"1,3,2"
3565,base,"2,6,4"
3566,base,"1,2,3"
3567,base,"2,6,4"
3568,base,"2,6,4"
3569,base,"4,2,6"
3570,base,"3,4,2"
3571,base,
3572,base,
3573,base,"4,2,6"
3574,base,"3,3,3"
3575,base,"6,4,3"
3576,base,
3577,base,
3578,base,"5,3,2"
3579,base,"4,2,6"
3580,base,"3,5,2"
3581,base,
3582,base,"4,2,6"
3583,base,"3,6,1"
3584,base,"4,6,2"
3585,base,"4,3,6"
3586,base,"3,1,6"
3587,base,"1,6,3"
3588,base,"1,6,1"
3589,base,"3,6,1"
3590,base,"1,5,4"
3591,base,"2,5,3"
3592,base,"4,2,6"
3593,base,"3,6,2"
3594,base,"5,3,6"
3595,base,"1,2,3"
3596,base,"2,5,4"
3597,base,"2,5,3"
3598,base,"4,2,6"
3599,base,"5,3,2"
3600,base,"1,2,3"
3601,base,"4,2,5"
3602,base,"2,5,3"
3603,base,
3604,base,
3605,base,"3,6,5"
3606,base,"4,2,6"
3607,base,"2,4,6"
3608,base,"1,2,6"
3609,base,"3,6,5"
3610,base,"3,6,2"
3611,base,"2,4,5"
3612,base,"3,1,6"
3613,base,"4,6,2"
3614,base,
3615,base,"4,3,6"
3616,base,"4,3,5"
3617,base,"3,6,1"
3618,base,"3,4,2"
3619,base,"3,4,5"
3620,base,"4,2,6"
3621,base,
3622,base,"3,1,6"
3623,base,"5,2,6"
3624,base,"1,2,3"
3625,base,"1,3,2"
3626,base,"5,2,4"
3627,base,
3628,base,"3,6,5"
3629,base,"1,5,3"
3630,base,"5,3,2"
3631,base,"2,5,3"
3632,base,"5,3,1"
3633,base,"3,5,2"
3634,base,"1,2,3"
3635,base,"5,3,1"
3636,base,"5,2,3"
3637,base,"4,2,6"
3638,base,"2,5,6"
3639,base,
3640,base,"3,6,2"
3641,base,"1,2,3"
3642,base,"1,4,2"
3643,base,"1,3,5"
3644,base,"5,2,6"
3645,base,
3646,base,"2,5,6"
3647,base,"1,4,2"
3648,base,"4,3,6"
3649,base,"2,5,3"
3650,base,"2,6,3"
3651,base,
3652,base,"3,5,2"
3653,base,"1,4,2"
3654,base,"2,5,3"
3655,base,
3656,base,
3657,base,"1,3"
3658,base,"4,2,6"
3659,base,"5,2,6"
3660,base,
3661,base,"5,2,6"
3662,base,"3,6,2"
3663,base,"3,6,4"
3664,base,"2,6,4"
3665,base,"1,6,1"
3666,base,"2,5,1"
3667,base,"1,2,3"
3668,base,
3669,base,"1,4,2"
3670,base,"5,2,6"
3671,base,"3,6,1"
3672,base,"4,2,6"
3673,base,"3,4,6"
3674,base,"3,6,2"
3675,base,"2,6,4"
3676,base,"3,4,6"
3677,base,4
3678,base,
3679,base,"1,2"
3680,base,"2,6,4"
3681,base,"4,2,6"
3682,base,"1,4,2"
3683,base,"4,6,3"
3684,base,"3,5,2"
3685,base,"4,2,6"
3686,base,"4,3,6"
3687,base,
3688,base,"2,4,6"
3689,base,"5,2,6"
3690,base,"4,3,2"
3691,base,"3,1,6"
3692,base,
3693,base,"4,2,6"
3694,base,"3,6,2"
3695,base,"4,2,5"
3696,base,"4,2,6"
3697,base,"3,6,2"
3698,base,"2,6,4"
3699,base,"4,3,2"
3700,base,"6,1,6"
3701,base,"3,4,2"
3702,base,"4,2,6"
3703,base,"4,2,5"
3704,base,"3,6,4"
3705,base,"1,3,5"
3706,base,"4,2,5"
3707,base,
3708,base,"2,6,5"
3709,base,"3,5,6"
3710,base,"4,2,5"
3711,base,"1,5,2"
3712,base,
3713,base,"4,2,5"
3714,base,"4,3,6"
3715,base,"2,4,6"
3716,base,"4,2,6"
3717,base,"4,3,2"
3718,base,"4,3,6"
3719,base,"1,5,3"
3720,base,
3721,base,"3,1,6"
3722,base,"1,2,5"
3723,base,
3724,base,"4,2,6"
3725,base,"3,6,2"
3726,base,
3727,base,"5,3,2"
3728,base,"3,4,6"
3729,base,"5,3,6"
3730,base,"6,3"
3731,base,"3,2,6"
3732,base,
3733,base,"5,2,6"
3734,base,"2,5,1"
3735,base,
3736,base,
3737,base,"4,3,6"
3738,base,"1,3,6"
3739,base,"1,4,2"
3740,base,"4,2,6"
3741,base,"1,4,2"
3742,base,
3743,base,
3744,base,"4,3,6"
3745,base,"4,6,3"
3746,base,
3747,base,"4,2,6"
3748,base,3
3749,base,
3750,base,"3,6,2"
3751,base,"2,4,6"
3752,base,"4,2,5"
3753,base,"3,1,6"
3754,base,"5,2,6"
3755,base,"4,3,6"
3756,base,"4,6,2"
3757,base,
3758,base,
3759,base,"2,5,4"
3760,base,
3761,base,
3762,base,"4,2,5"
3763,base,"5,3,6"
3764,base,"3,1,6"
3765,base,"5,2,6"
3766,base,"4,2,6"
3767,base,"4,2,5"
3768,base,"1,5,2"
3769,base,"2,5,4"
3770,base,"4,6,3"
3771,base,"4,3,6"
3772,base,"4,2,5"
3773,base,"4,2,6"
3774,base,
3775,base,"3,5,6"
3776,base,
3777,base,"4,6,2"
3778,base,"3,4"
3779,base,"5,3,2"
3780,base,"1,6,1"
3781,base,"1,6,3"
3782,base,"4,2,6"
3783,base,"4,6,2"
3784,base,"4,2,6"
3785,base,"1,3,5"
3786,base,"2,5,4"
3787,base,"5,4,6"
3788,base,
3789,base,"4,3,6"
3790,base,
3791,base,
3792,base,
3793,base,"5,4,1"
3794,base,"2,6,3"
3795,base,"4,6,3"
3796,base,
3797,base,
3798,base,
3799,base,"2,5,3"
3800,base,
3801,base,1
3802,base,"2,6,3"
3803,base,"4,2,6"
3804,base,"3,6,2"
3805,base,"2,6,4"
3806,base,1
3807,base,"3,6,4"
3808,base,"2,5,1"
3809,base,
3810,base,
3811,base,
3812,base,"1,3,2"
3813,base,"4,2,6"
3814,base,"4,2,5"
3815,base,
3816,base,"2,5,1"
3817,base,"6,6,6"
3818,base,"1,6"
3819,base,
3820,base,
3821,base,"1,6,3"
3822,base,"3,5,2"
3823,base,"2,4,6"
3824,base,"1,2,3"
3825,base,
3826,base,"1,6,1"
3827,base,"1,4,2"
3828,base,"5,2,4"
3829,base,"4,2,6"
3830,base,"2,4,6"
3831,base,
3832,base,"4,2,5"
3833,base,
3834,base,"5,2,4"
3835,base,"2,5,3"
3836,base,"1,6,1"
3837,base,
3838,base,"1,4,2"
3839,base,"3,2,6"
3840,base,5
3841,base,"3,6,4"
3842,base,
3843,base,
3844,base,"4,6,2"
3845,base,"4,2,6"
3846,base,"4,2,6"
3847,base,"3,6,4"
3848,base,"1,4,3"
3849,base,
3850,base,"5,2,4"
3851,base,"2,5,3"
3852,base,"4,2,6"
3853,base,"3,4,6"
3854,base,"2,6,5"
3855,base,
3856,base,
3857,base,"4,2,6"
3858,base,
3859,base,"1,6,3"
3860,base,
3861,base,
3862,base,
3863,base,"5,3,2"
3864,base,"3,6,2"
3865,base,"1,6,3"
3866,base,"3,6,2"
3867,base,"6,1,6"
3868,base,"2,6,5"
3869,base,"1,2,3"
3870,base,"3,6,1"
3871,base,"3,2,6"
3872,base,"1,4,6"
3873,base,"4,2,6"
3874,base,"4,2,6"
3875,base,"4,3,6"
3876,base,"1,4,3"
3877,base,"2,5,3"
3878,base,
3879,base,
3880,base,"2,5,4"
3881,base,
3882,base,"3,1,6"
3883,base,"2,5,4"
3884,base,"4,2,6"
3885,base,"5,2,6"
3886,base,"5,3,6"
3887,base,"3,6,2"
3888,base,
3889,base,"1,6,4"
3890,base,"4,2,6"
3891,base,"3,2,6"
3892,base,"4,2,5"
3893,base,
3894,base,"3,5,2"
3895,base,"5,3,2"
3896,base,
3897,base,"4,2,6"
3898,base,"5,2,6"
3899,base,
3900,base,"4,2,6"
3901,base,"5,3,1"
3902,base,"3,5,2"
3903,base,
3904,base,"5,3,2"
3905,base,"4,2,6"
3906,base,"5,2,6"
3907,base,"5,2,6"
3908,base,"2,4,6"
3909,base,"3,6,2"
3910,base,"3,1,6"
3911,base,"3,6,2"
3912,base,"5,2,6"
3913,base,"5,3,2"
3914,base,
3915,base,"5,2,3"
3916,base,"3,6,2"
3917,base,"2,5"
3918,base,"3,6,5"
3919,base,
3920,base,1
3921,base,"1,6,1"
3922,base,
3923,base,"1,3,6"
3924,base,"1,2,3"
3925,base,"5,3,2"
3926,base,"6,6,6"
3927,base,"4,3,6"
3928,base,1
3929,base,"1,2,3"
3930,base,"5,2,4"
3931,base,"4,2,6"
3932,base,"2,5,1"
3933,base,"4,2,6"
3934,base,"1,2,5"
3935,base,
3936,base,"1,1,6"
3937,base,"6,3,2"
3938,base,"1,3,2"
3939,base,"6,5,1"
3940,base,"4,2,6"
3941,base,"1,4,6"
3942,base,
3943,base,"3,6,2"
3944,base,"4,6,2"
3945,base,"4,2,6"
3946,base,
3947,base,"3,6,1"
3948,base,"4,2,6"
3949,base,
3950,base,"4,6,3"
3951,base,"3,6"
3952,base,"4,2,5"
3953,base,"4,2,6"
3954,base,2
3955,base,"3,6,2"
3956,base,"1,2,3"
3957,base,"1,2,5"
3958,base,"1,3,5"
3959,base,"3,2,5"
3960,base,3
3961,base,
3962,base,"2,6,4"
3963,base,"4,2,6"
3964,base,"3,6,5"
3965,base,"3,6,2"
3966,base,"2,5,3"
3967,base,"4,2,6"
3968,base,
3969,base,
3970,base,
3971,base,"1,3,6"
3972,base,"1,4,3"
3973,base,"3,1,6"
3974,base,
3975,base,"4,2,6"
3976,base,
3977,base,
3978,base,"2,5,1"
3979,base,"1,3,5"
3980,base,
3981,base,"1,2,1"
3982,base,
3983,base,
3984,base,"3,6,1"
3985,base,"2,4,6"
3986,base,"4,2,5"
3987,base,"6,2,5"
3988,base,"3,1,6"
3989,base,"4,2,6"
3990,base,"1,4,2"
3991,base,"3,6,4"
3992,base,"2,5,3"
3993,base,"5,3,2"
3994,base,"5,4,3"
3995,base,"2,5,6"
3996,base,"3,6,2"
3997,base,"4,2,6"
3998,base,
3999,base,"2,5,3"
4000,base,
4001,base,"4,2,6"
4002,base,"1,6,1"
4003,base,"1,1"
4004,base,
4005,base,"2,6,1"
4006,base,"4,2,6"
4007,base,"3,5,2"
4008,base,"3,5,2"
4009,base,"3,6,4"
4010,base,"1,4,2"
4011,base,"2,4,6"
4012,base,"4,2,6"
4013,base,"4,2,6"
4014,base,"3,1,6"
4015,base,"2,5,3"
4016,base,"4,2,6"
4017,base,
4018,base,"1,2,4"
4019,base,"3,6,2"
4020,base,"4,5,3"
4021,base,"1,5,3"
4022,base,"1,2,3"
4023,base,"2,6,5"
4024,base,"4,2,6"
4025,base,"3,6,2"
4026,base,"4,5,3"
4027,base,"4,2,6"
4028,base,"3,6,4"
4029,base,"1,2,5"
4030,base,"5,3,6"
4031,base,"5,3,6"
4032,base,"4,5,3"
4033,base,"2,4,6"
4034,base,
4035,base,"4,3,6"
4036,base,"1,4,5"
4037,base,"5,3,4"
4038,base,"3,6,4"
4039,base,"5,3,2"
4040,base,
4041,base,"4,2,6"
4042,base,"5,3,1"
4043,base,"1,6,1"
4044,base,
4045,base,
4046,base,"1,4,6"
4047,base,"3,6,5"
4048,base,
4049,base,"2,6,4"
4050,base,1
4051,base,"1,2,4"
4052,base,"1,6,3"
4053,base,"4,2,6"
4054,base,"4,3,6"
4055,base,"1,6,3"
4056,base,"3,6,4"
4057,base,
4058,base,"2,6,1"
4059,base,
4060,base,"4,2,6"
4061,base,"3,6,5"
4062,base,"3,6,4"
4063,base,"1,2,3"
4064,base,"4,3,6"
4065,base,"4,2,6"
4066,base,"4,3,6"
4067,base,"3,5,4"
4068,base,"2,5,3"
4069,base,
4070,base,"5,2,6"
4071,base,"4,2,6"
4072,base,
4073,base,
4074,base,"1,4,6"
4075,base,"2,6,5"
4076,base,"4,2,5"
4077,base,"1,2,3"
4078,base,"1,2,3"
4079,base,
4080,base,"4,3,6"
4081,base,"5,3,6"
4082,base,"4,6,3"
4083,base,"2,6,4"
4084,base,"4,3,5"
4085,base,"3,4,5"
4086,base,"2,5,6"
4087,base,
4088,base,"3,6,4"
4089,base,"1,2,3"
4090,base,"4,6,3"
4091,base,"3,6,1"
4092,base,"3,5,2"
4093,base,"4,3,6"
4094,base,"2,6,4"
4095,base,"4,2,6"
4096,base,"1,5,2"
4097,base,"2,5,3"
4098,base,
4099,base,"4,2,6"
4100,base,"4,3,2"
4101,base,"3,6,4"
4102,base,"4,2,6"
4103,base,"1,2,3"
4104,base,"3,2,5"
4105,base,"3,6,4"
4106,base,"2,5,3"
4107,base,"3,4,2"
4108,base,"4,3,6"
4109,base,"1,6"
4110,base,"3,6,1"
4111,base,"4,2,6"
4112,base,"1,2,5"
4113,base,"3,6,2"
4114,base,
4115,base,
4116,base,
4117,base,"1,2,3"
4118,base,"4,2,6"
4119,base,"1,6"
4120,base,"1,2,5"
4121,base,"3,6,2"
4122,base,"4,2,6"
4123,base,"3,5,6"
4124,base,"2,5,4"
4125,base,"5,3,1"
4126,base,"1,2"
4127,base,
4128,base,"5,2,4"
4129,base,1
4130,base,"4,2,6"
4131,base,"5,3,4"
4132,base,"3,2,5"
4133,base,"2,5,4"
4134,base,"3,4,6"
4135,base,"4,3,6"
4136,base,"4,2,6"
4137,base,"4,2,6"
4138,base,"2,5,3"
4139,base,"4,3,6"
4140,base,"3,2,5"
4141,base,
4142,base,"4,2,6"
4143,base,"2,5,3"
4144,base,"2,5,3"
4145,base,"2,6,3"
4146,base,"3,6,4"
4147,base,"3,2,6"
4148,base,6
4149,base,"1,6,3"
4150,base,
4151,base,
4152,base,"2,5,6"
4153,base,"1,2,2"
4154,base,"1,2,3"
4155,base,"2,5,3"
4156,base,"1,5,2"
4157,base,"3,6,2"
4158,base,
4159,base,"4,2,6"
4160,base,"3,6,2"
4161,base,
4162,base,"4,2,6"
4163,base,"2,4,3"
4164,base,
4165,base,
4166,base,"4,2,6"
4167,base,3
4168,base,
4169,base,"6,1,2"
4170,base,"3,5,2"
4171,base,"2,6,3"
4172,base,"2,5,4"
4173,base,"4,3,6"
4174,base,
4175,base,"4,6,3"
4176,base,"4,2,6"
4177,base,"3,6,5"
4178,base,"1,5,2"
4179,base,"4,2,6"
4180,base,"3,6,2"
4181,base,"3,4,6"
4182,base,
4183,base,"3,6,2"
4184,base,3
4185,base,"1,6,3"
4186,base,
4187,base,
4188,base,
4189,base,"3,1,5"
4190,base,"5,3,2"
4191,base,"5,3,2"
4192,base,"4,2,6"
4193,base,
4194,base,"4,3,2"
4195,base,"3,6,4"
4196,base,"2,5,1"
4197,base,"4,2,6"
4198,base,"1,6,3"
4199,base,"4,2,6"
4200,base,"5,2,6"
4201,base,"3,5,2"
4202,base,"3,2,6"
4203,base,
4204,base,"2,6,4"
4205,base,"1,3"
4206,base,"5,2,6"
4207,base,"3,6,2"
4208,base,"4,2,6"
4209,base,"4,2,6"
4210,base,"1,2,3"
4211,base,"4,2,6"
4212,base,"6,5,3"
4213,base,"3,2,6"
4214,base,"1,2,5"
4215,base,"5,2,3"
4216,base,"1,3,5"
4217,base,
4218,base,"1,6,1"
4219,base,"2,5,1"
4220,base,
4221,base,"2,4,5"
4222,base,"3,6,1"
4223,base,"2,6,3"
4224,base,"1,5,2"
4225,base,"1,6,3"
4226,base,"4,3,6"
4227,base,"1,3,2"
4228,base,
4229,base,"2,6,4"
4230,base,
4231,base,"1,5,2"
4232,base,"5,3,2"
4233,base,
4234,base,"3,5,1"
4235,base,"4,2,6"
4236,base,"5,3,1"
4237,base,
4238,base,"4,2,6"
4239,base,"4,3,6"
4240,base,
4241,base,"4,6,2"
4242,base,"1,2,3"
4243,base,"4,3,5"
4244,base,
4245,base,"5,3,2"
4246,base,"3,6,2"
4247,base,"2,6"
4248,base,"3,6,4"
4249,base,"4,6,2"
4250,base,"4,2,5"
4251,base,6
4252,base,"4,6,2"
4253,base,"2,5,3"
4254,base,"1,4,3"
4255,base,"4,2,6"
4256,base,"4,6"
4257,base,
4258,base,"3,5,2"
4259,base,"3,6,2"
4260,base,"2,6,5"
4261,base,"3,5,6"
4262,base,"3,4,6"
4263,base,"4,6,2"
4264,base,"3,5,2"
4265,base,"4,6,3"
4266,base,"3,6,4"
4267,base,
4268,base,"4,2,5"
4269,base,"4,3,6"
4270,base,"1,2,3"
4271,base,"4,2,5"
4272,base,"4,2,6"
4273,base,"4,3,6"
4274,base,"1,6,3"
4275,base,
4276,base,"4,2,6"
4277,base,"6,3,4"
4278,base,"3,6,2"
4279,base,"3,6,5"
4280,base,"2,5,3"
4281,base,"1,4,5"
4282,base,"4,2,6"
4283,base,"4,3,6"
4284,base,
4285,base,"3,1,6"
4286,base,"4,2,5"
4287,base,"1,2,3"
4288,base,"1,6,3"
4289,base,"3,5,2"
4290,base,"3,6,5"
4291,base,"2,4,5"
4292,base,"2,5,3"
4293,base,"5,2,6"
4294,base,
4295,base,"4,2,6"
4296,base,1
4297,base,
4298,base,"3,2,6"
4299,base,"1,3,6"
4300,base,
4301,base,"4,2,6"
4302,base,"5,2,3"
4303,base,"3,1,5"
4304,base,"1,6"
4305,base,"4,2,5"
4306,base,"2,6,3"
4307,base,"4,2,6"
4308,base,"4,3,6"
4309,base,"2,5,6"
4310,base,"2,5,1"
4311,base,"2,5,3"
4312,base,"4,3,6"
4313,base,"2,5,3"
4314,base,"4,2,6"
4315,base,
4316,base,"3,2,5"
4317,base,"4,2,5"
4318,base,"3,5,6"
4319,base,"2,6,4"
4320,base,"3,4,5"
4321,base,"4,6,5"
4322,base,"4,2,6"
4323,base,"4,6,3"
4324,base,
4325,base,"3,6,5"
4326,base,
4327,base,"2,5,4"
4328,base,"4,5,2"
4329,base,"2,5,3"
4330,base,
4331,base,"4,3,6"
4332,base,"1,6,3"
4333,base,"2,5,3"
4334,base,"4,3,6"
4335,base,"4,6,2"
4336,base,"1,4,2"
4337,base,
4338,base,"2,6,4"
4339,base,"3,4,5"
4340,base,
4341,base,"6,6,6"
4342,base,"4,6,2"
4343,base,"4,3,2"
4344,base,"6,1,5"
4345,base,
4346,base,"4,2,6"
4347,base,1
4348,base,"3,6,2"
4349,base,"3,5,2"
4350,base,"2,4,5"
4351,base,"3,4,6"
4352,base,"3,6,2"
4353,base,"4,2,5"
4354,base,"3,4,1"
4355,base,"2,6,4"
4356,base,"4,2,6"
4357,base,2
4358,base,"5,3,6"
4359,base,"4,2,6"
4360,base,"4,2,6"
4361,base,
4362,base,"4,3,6"
4363,base,"1,2,3"
4364,base,"3,2,6"
4365,base,
4366,base,"3,6,5"
4367,base,"4,2,5"
4368,base,"4,2,6"
4369,base,
4370,base,"4,2,6"
4371,base,
4372,base,"2,4,6"
4373,base,
4374,base,"4,6,2"
4375,base,"2,4,6"
4376,base,"2,5,1"
4377,base,"4,6"
4378,base,"2,4,6"
4379,base,"5,3,2"
4380,base,"1,3,6"
4381,base,
4382,base,"4,2,5"
4383,base,
4384,base,"3,6,4"
4385,base,"4,2,5"
4386,base,"3,6,2"
4387,base,"1,6,1"
4388,base,
4389,base,"4,2,6"
4390,base,"4,2,6"
4391,base,"3,6,5"
4392,base,"4,2,5"
4393,base,"3,4,6"
4394,base,"5,3,4"
4395,base,"3,6,2"
4396,base,"3,6,2"
4397,base,"4,2,5"
4398,base,"1,1,3"
4399,base,"3,2,6"
4400,base,"1,6,1"
4401,base,"3,5,2"
4402,base,"3,6,2"
4403,base,"5,4,2"
4404,base,"2,6,4"
4405,base,"4,2,6"
4406,base,
4407,base,"5,3,4"
4408,base,"3,4,6"
4409,base,"2,6,3"
4410,base,"6,1,3"
4411,base,"4,3,6"
4412,base,"3,5,1"
4413,base,"2,4,6"
4414,base,"3,4,5"
4415,base,"4,6,3"
4416,base,
4417,base,
4418,base,"5,2,6"
4419,base,"5,2,6"
4420,base,"4,2,6"
4421,base,
4422,base,"1,4,6"
4423,base,"2,5,3"
4424,base,3
4425,base,"5,2"
4426,base,"4,2,1"
4427,base,"1,4,3"
4428,base,"1,6,1"
4429,base,"3,4,6"
4430,base,"5,3,2"
4431,base,"3,5,6"
4432,base,"4,3,6"
4433,base,"4,2,6"
4434,base,"5,2,3"
4435,base,"3,4,1"
4436,base,"4,3,6"
4437,base,
4438,base,"5,3,6"
4439,base,
4440,base,"3,1,6"
4441,base,"5,3,2"
4442,base,"3,2,6"
4443,base,"1,2,4"
4444,base,"2,5,3"
4445,base,"4,2,6"
4446,base,"2,5,6"
4447,base,"2,5,3"
4448,base,"3,5,2"
4449,base,"1,2,4"
4450,base,"4,2,6"
4451,base,"5,3,2"
4452,base,"5,2,3"
4453,base,"5,3,4"
4454,base,"3,3,6"
4455,base,"2,4,5"
4456,base,"3,1,6"
4457,base,"1,5,3"
4458,base,"5,2,6"
4459,base,"1,6"
4460,base,"3,6,4"
4461,base,"3,1,6"
4462,base,"4,3,6"
4463,base,"1,3,5"
4464,base,
4465,base,"4,3,6"
4466,base,"3,6,5"
4467,base,"3,1,6"
4468,base,"5,3,4"
4469,base,"5,2,4"
4470,base,"3,2,5"
4471,base,"4,6,2"
4472,base,"6,2,3"
4473,base,
4474,base,"4,3,6"
4475,base,
4476,base,"4,2,6"
4477,base,"3,2,4"
4478,base,3
4479,base,"1,6,3"
4480,base,
4481,base,"1,6,4"
4482,base,"4,3,2"
4483,base,"4,2,6"
4484,base,"1,4,6"
4485,base,"1,2,3"
4486,base,"1,6,3"
4487,base,"5,2,6"
4488,base,"4,6,2"
4489,base,"4,5,3"
4490,base,"4,6,2"
4491,base,"4,2,6"
4492,base,"3,5,4"
4493,base,"3,5,2"
4494,base,"3,6,4"
4495,base,"6,2,5"
4496,base,
4497,base,"3,6,2"
4498,base,"1,3,2"
4499,base,"1,4,3"
4500,base,"4,3,6"
4501,base,
4502,base,
4503,base,"5,3,6"
4504,base,
4505,base,
4506,base,
4507,base,"3,6,4"
4508,base,
4509,base,"3,6,1"
4510,base,"1,6,3"
4511,base,"4,6,1"
4512,base,"1,4,2"
4513,base,"5,2,6"
4514,base,"4,6,2"
4515,base,"5,2,6"
4516,base,"4,2,5"
4517,base,
4518,base,"4,2,5"
4519,base,
4520,base,"2,5"
4521,base,"3,6,4"
4522,base,
4523,base,"2,5,4"
4524,base,"1,6,1"
4525,base,"1,3,2"
4526,base,"1,2,2"
4527,base,"5,2,6"
4528,base,"5,3,2"
4529,base,"4,2,6"
4530,base,"4,2,5"
4531,base,
4532,base,"4,2,6"
4533,base,
4534,base,"4,2,5"
4535,base,"4,3,6"
4536,base,"5,2,6"
4537,base,"6,3,1"
4538,base,"5,4,6"
4539,base,"5,3,2"
4540,base,
4541,base,
4542,base,"3,2,6"
4543,base,"4,2,6"
4544,base,
4545,base,"1,6,3"
4546,base,"1,1,6"
4547,base,"4,2,6"
4548,base,"5,2,6"
4549,base,"2,4,6"
4550,base,
4551,base,"2,5,3"
4552,base,
4553,base,"4,6,5"
4554,base,"4,2,6"
4555,base,
4556,base,"4,3,6"
4557,base,"4,3,6"
4558,base,"2,5,3"
4559,base,"4,6,5"
4560,base,"1,6,1"
4561,base,"2,4,6"
4562,base,"1,2,4"
4563,base,"3,6,1"
4564,base,5
4565,base,
4566,base,"2,6,3"
4567,base,"2,5,6"
4568,base,"5,3,6"
4569,base,"1,6,4"
4570,base,
4571,base,"3,2,5"
4572,base,
4573,base,"3,6,2"
4574,base,"2,2,1"
4575,base,"3,1,6"
4576,base,"1,4,6"
4577,base,
4578,base,"1,4,2"
4579,base,"1,4,6"
4580,base,"2,6"
4581,base,"2,5,3"
4582,base,"3,6,2"
4583,base,"2,5,3"
4584,base,"3,6,4"
4585,base,"4,2,6"
4586,base,"1,4,6"
4587,base,
4588,base,"2,4,6"
4589,base,"3,5,2"
4590,base,"2,5,4"
4591,base,"4,2,6"
4592,base,"2,4,6"
4593,base,
4594,base,"2,4,3"
4595,base,"1,6,1"
4596,base,"4,2,6"
4597,base,"1,4,5"
4598,base,"3,6,2"
4599,base,"3,2,6"
4600,base,"2,4,6"
4601,base,1
4602,base,"2,5,3"
4603,base,"4,2,6"
4604,base,"2,4,6"
4605,base,
4606,base,"4,2,6"
4607,base,"4,3,6"
4608,base,"2,5,3"
4609,base,"4,2,6"
4610,base,
4611,base,"3,6,2"
4612,base,"3,4,5"
4613,base,"4,2,6"
4614,base,
4615,base,"2,6,3"
4616,base,
4617,base,"1,4,2"
4618,base,"1,4,2"
4619,base,"2,4,6"
4620,base,"1,6,1"
4621,base,"4,2,5"
4622,base,
4623,base,"4,2,6"
4624,base,"3,2,6"
4625,base,"6,3,1"
4626,base,"3,5,2"
4627,base,
4628,base,
4629,base,"5,2,6"
4630,base,"1,4,6"
4631,base,"1,5,3"
4632,base,"3,5,2"
4633,base,"1,4,2"
4634,base,
4635,base,
4636,base,"2,4,6"
4637,base,"4,4"
4638,base,"3,6,2"
4639,base,"4,2,6"
4640,base,
4641,base,"1,5,2"
4642,base,"2,5,6"
4643,base,"3,6,5"
4644,base,"4,3,6"
4645,base,"5,3,4"
4646,base,"3,5,1"
4647,base,"1,6,3"
4648,base,"5,3,6"
4649,base,"2,5,3"
4650,base,"4,6,3"
4651,base,1
4652,base,"5,4,3"
4653,base,"3,5,2"
4654,base,"1,2,3"
4655,base,"2,5,3"
4656,base,
4657,base,"5,3,2"
4658,base,"1,3,2"
4659,base,"2,5,3"
4660,base,"4,2,6"
4661,base,"1,4,6"
4662,base,"2,6,1"
4663,base,
4664,base,"4,3,6"
4665,base,"1,2,3"
4666,base,"2,1"
4667,base,
4668,base,"1,4,6"
4669,base,"2,6,3"
4670,base,"3,5,6"
4671,base,"4,2,6"
4672,base,"1,4,3"
4673,base,"5,2,4"
4674,base,"3,6,2"
4675,base,"4,2,6"
4676,base,"1,4,6"
4677,base,"2,6,5"
4678,base,"1,6,3"
4679,base,"1,2,3"
4680,base,"5,2,6"
4681,base,"2,4,6"
4682,base,
4683,base,"3,6,2"
4684,base,"4,2,6"
4685,base,"5,3,4"
4686,base,"3,6,2"
4687,base,"2,6,4"
4688,base,"4,6,2"
4689,base,"2,6,5"
4690,base,"3,5,6"
4691,base,
4692,base,
4693,base,"4,2,6"
4694,base,"2,5,4"
4695,base,
4696,base,"2,4,6"
4697,base,"2,5,4"
4698,base,"2,5,4"
4699,base,
4700,base,"2,6,4"
4701,base,
4702,base,"2,6,5"
4703,base,"1,4,2"
4704,base,"3,1,6"
4705,base,"1,2,3"
4706,base,"5,2,6"
4707,base,"1,6,3"
4708,base,"2,6,4"
4709,base,
4710,base,"5,2,6"
4711,base,"4,3,2"
4712,base,"4,2,6"
4713,base,"4,2,5"
4714,base,"2,6,4"
4715,base,"4,5,2"
4716,base,1
4717,base,"3,1,6"
4718,base,"4,2,6"
4719,base,"3,6"
4720,base,
4721,base,
4722,base,
4723,base,
4724,base,"1,4,2"
4725,base,"1,6,3"
4726,base,1
4727,base,"1,2,3"
4728,base,"3,6,2"
4729,base,"3,4,2"
4730,base,"4,5,3"
4731,base,"4,2,6"
4732,base,"1,2,3"
4733,base,"4,2,6"
4734,base,
4735,base,
4736,base,"4,6,2"
4737,base,"5,4,3"
4738,base,"2,6,1"
4739,base,"3,5,2"
4740,base,"3,2,6"
4741,base,
4742,base,"4,3,6"
4743,base,"2,6,4"
4744,base,"2,6,3"
4745,base,"4,2,6"
4746,base,"1,2,3"
4747,base,"3,5,2"
4748,base,"2,6,3"
4749,base,"5,2,6"
4750,base,"3,2,6"
4751,base,"4,3,2"
4752,base,"3,6,1"
4753,base,"1,2,4"
4754,base,"4,2,6"
4755,base,"4,6,2"
4756,base,"4,3,5"
4757,base,"3,5,6"
4758,base,"1,5,3"
4759,base,"1,6,1"
4760,base,"3,6,1"
4761,base,"3,1,6"
4762,base,"2,6,3"
4763,base,"2,4,6"
4764,base,"1,2,3"
4765,base,
4766,base,"3,5,2"
4767,base,"3,2,6"
4768,base,
4769,base,"2,4,6"
4770,base,
4771,base,"1,4,2"
4772,base,
4773,base,"3,2,6"
4774,base,
4775,base,"5,2,3"
4776,base,"4,2,6"
4777,base,
4778,base,3
4779,base,"4,2,5"
4780,base,"4,2,5"
4781,base,
4782,base,"5,2,6"
4783,base,
4784,base,"2,5,4"
4785,base,
4786,base,"2,4,6"
4787,base,"4,3,5"
4788,base,"5,2,3"
4789,base,"2,5,4"
4790,base,"4,3,6"
4791,base,"1,5,3"
4792,base,"2,5,6"
4793,base,
4794,base,"5,3,1"
4795,base,
4796,base,"2,5,4"
4797,base,"3,2,6"
4798,base,"4,6,2"
4799,base,"3,4,5"
4800,base,"2,5,3"
4801,base,
4802,base,"4,2,5"
4803,base,"4,3"
4804,base,
4805,base,"3,6,4"
4806,base,"4,2,6"
4807,base,"1,1,4"
4808,base,"3,4,6"
4809,base,"2,5,4"
4810,base,"3,5,2"
4811,base,
4812,base,"4,2,6"
4813,base,"3,6,1"
4814,base,"3,5,1"
4815,base,
4816,base,"3,5,2"
4817,base,
4818,base,"1,2,3"
4819,base,"2,4,6"
4820,base,"4,2,6"
4821,base,"1,2,6"
4822,base,"3,4,5"
4823,base,"1,2,3"
4824,base,"1,6,3"
4825,base,"3,5,2"
4826,base,"3,6,4"
4827,base,
4828,base,
4829,base,"1,3,5"
4830,base,"4,6,1"
4831,base,1
4832,base,"4,3,2"
4833,base,"1,2,3"
4834,base,"4,2,6"
4835,base,"3,6,2"
4836,base,"2,5,3"
4837,base,"6,3,5"
4838,base,"3,2,5"
4839,base,"5,3,2"
4840,base,"4,3,6"
4841,base,"6,1,6"
4842,base,"3,5,2"
4843,base,"3,5,2"
4844,base,"1,6,3"
4845,base,"3,6,2"
4846,base,"6,1,6"
4847,base,"4,3,5"
4848,base,
4849,base,
4850,base,"3,6,2"
4851,base,"3,6,2"
4852,base,"2,5,1"
4853,base,"3,1,6"
4854,base,"5,3,2"
4855,base,"2,5,4"
4856,base,"6,4,3"
4857,base,"3,2,5"
4858,base,
4859,base,"2,4,5"
4860,base,
4861,base,"2,6,3"
4862,base,"1,6,1"
4863,base,"5,3,6"
4864,base,
4865,base,"4,3,2"
4866,base,"4,2,6"
4867,base,"4,2,6"
4868,base,
4869,base,"3,1,6"
4870,base,"3,6,2"
4871,base,
4872,base,"1,6,3"
4873,base,
4874,base,"3,6,2"
4875,base,"3,2,6"
4876,base,
4877,base,"4,2,6"
4878,base,"3,6,2"
4879,base,"1,2,3"
4880,base,"2,6,4"
4881,base,
4882,base,"3,5,2"
4883,base,
4884,base,
4885,base,"4,6,2"
4886,base,
4887,base,
4888,base,
4889,base,
4890,base,"4,2,6"
4891,base,"4,2,5"
4892,base,"2,5,3"
4893,base,
4894,base,"3,6,2"
4895,base,"4,3,6"
4896,base,"5,3,2"
4897,base,"4,2,6"
4898,base,"1,4,2"
4899,base,"3,5,6"
4900,base,"4,2,6"
4901,base,"3,6,2"
4902,base,"3,6,5"
4903,base,"5,3,4"
4904,base,
4905,base,
4906,base,"4,3,2"
4907,base,"4,3,6"
4908,base,"3,4,2"
4909,base,
4910,base,
4911,base,"3,6,2"
4912,base,"3,4,6"
4913,base,"4,3,6"
4914,base,"5,3,4"
4915,base,"4,3,6"
4916,base,"2,4,5"
4917,base,"3,2,6"
4918,base,"4,3,6"
4919,base,
4920,base,"4,2,5"
4921,base,"3,2,6"
4922,base,"1,6"
4923,base,"3,5,2"
4924,base,"2,6,4"
4925,base,"2,6,1"
4926,base,"4,2,5"
4927,base,"1,2,3"
4928,base,"4,2,6"
4929,base,"4,3,6"
4930,base,"1,6,3"
4931,base,"3,4"
4932,base,"1,6,1"
4933,base,"1,4,3"
4934,base,
4935,base,"1,4,5"
4936,base,"3,2,5"
4937,base,"5,2,6"
4938,base,"5,2,6"
4939,base,"3,1,6"
4940,base,"4,2,6"
4941,base,"4,2,6"
4942,base,"4,2,6"
4943,base,"4,2,6"
4944,base,"3,5,2"
4945,base,"2,6,3"
4946,base,"4,6,3"
4947,base,"3,2,5"
4948,base,"2,5,1"
4949,base,
4950,base,"2,4,6"
4951,base,"4,2,6"
4952,base,"3,6,2"
4953,base,"3,5,2"
4954,base,"3,6,2"
4955,base,"4,6"
4956,base,"2,6,4"
4957,base,"3,2,4"
4958,base,"4,2,6"
4959,base,"3,4,2"
4960,base,"4,2,5"
4961,base,
4962,base,"1,2,2"
4963,base,"3,6,4"
4964,base,
4965,base,"2,6,4"
4966,base,
4967,base,"5,3,6"
4968,base,
4969,base,
4970,base,"3,1,6"
4971,base,"1,1,2"
4972,base,"4,2,6"
4973,base,
4974,base,"1,3,2"
4975,base,"2,6,1"
4976,base,"1,4,2"
4977,base,"1,4,2"
4978,base,"1,4,2"
4979,base,"3,4,2"
4980,base,
4981,base,"3,6,2"
4982,base,"2,5,6"
4983,base,"1,4,3"
4984,base,"4,2,6"
4985,base,"2,5,4"
4986,base,
4987,base,"1,4,2"
4988,base,"4,2,6"
4989,base,"4,6,2"
4990,base,
4991,base,"4,2,6"
4992,base,"2,4,6"
4993,base,"1,6,3"
4994,base,"4,6,2"
4995,base,"3,1,6"
4996,base,"4,3,6"
4997,base,"4,2,6"
4998,base,
4999,base,"2,2,1"
5000,base,"4,2,6"
5001,base,"1,2"
5002,base,"4,6,2"
5003,base,"3,6,5"
5004,base,
5005,base,
5006,base,"3,5,2"
5007,base,"3,1,6"
5008,base,
5009,base,"4,2,6"
5010,base,"4,2,6"
5011,base,"4,6,3"
5012,base,"1,2,4"
5013,base,"1,2,3"
5014,base,"3,6,1"
5015,base,"3,5,1"
5016,base,"6,1,6"
5017,base,"3,6,2"
5018,base,"3,4,5"
5019,base,"2,6,2"
5020,base,"1,6,2"
5021,base,"1,2,2"
5022,base,"5,3,4"
5023,base,"1,6,3"
5024,base,"3,6,5"
5025,base,"4,2,6"
5026,base,
5027,base,"4,2,6"
5028,base,"4,2,6"
5029,base,
5030,base,"3,4,2"
5031,base,
5032,base,"4,2,6"
5033,base,"4,2,6"
5034,base,"4,2,6"
5035,base,"2,4,6"
5036,base,"1,2,3"
5037,base,"5,2,6"
5038,base,"2,5,4"
5039,base,"5,2,6"
5040,base,"5,2,6"
5041,base,"2,5,1"
5042,base,"3,5,2"
5043,base,"1,4"
5044,base,"1,2,3"
5045,base,"3,6,1"
5046,base,"4,2,6"
5047,base,"2,5,3"
5048,base,"2,5,6"
5049,base,"3,6"
5050,base,"4,2,6"
5051,base,"2,5,3"
5052,base,"5,2,6"
5053,base,"4,3,2"
5054,base,"4,2,6"
5055,base,"3,6"
5056,base,"3,6,2"
5057,base,"5,2,6"
5058,base,
5059,base,"1,2,3"
5060,base,
5061,base,"5,3,4"
5062,base,"3,6,4"
5063,base,"5,3,6"
5064,base,"2,4,6"
5065,base,"3,6,1"
5066,base,"3,6,2"
5067,base,"5,2,3"
5068,base,"3,6,2"
5069,base,"2,5,3"
5070,base,"1,4,5"
5071,base,"1,6,3"
5072,base,"4,2,6"
5073,base,"3,6,2"
5074,base,"2,4,6"
5075,base,"3,6,2"
5076,base,"1,2,3"
5077,base,"5,3,6"
5078,base,"4,2,6"
5079,base,
5080,base,"2,4,6"
5081,base,"1,2"
5082,base,"4,2,6"
5083,base,"3,6,2"
5084,base,
5085,base,"3,6,4"
5086,base,
5087,base,
5088,base,"4,2,5"
5089,base,5
5090,base,"3,2,6"
5091,base,"1,2,3"
5092,base,"4,2,6"
5093,base,
5094,base,"4,2,6"
5095,base,"1,3,6"
5096,base,
5097,base,"4,2,5"
5098,base,"3,4,6"
5099,base,"3,6,2"
5100,base,"1,2,3"
5101,base,"4,6,2"
5102,base,
5103,base,"2,6,5"
5104,base,"5,3,2"
5105,base,"1,6,6"
5106,base,"3,6,5"
5107,base,2
5108,base,2
5109,base,"3,2,5"
5110,base,"3,1,6"
5111,base,
5112,base,"3,4,2"
5113,base,"1,1,1"
5114,base,"2,6,4"
5115,base,"6,3,5"
5116,base,
5117,base,
5118,base,
5119,base,
5120,base,"2,3,5"
5121,base,"3,6,2"
5122,base,"3,6,2"
5123,base,"3,6,2"
5124,base,"3,5,2"
5125,base,"5,2,6"
5126,base,"4,3,2"
5127,base,
5128,base,
5129,base,"1,6,3"
5130,base,
5131,base,"3,5,2"
5132,base,"1,4,2"
5133,base,"4,3,6"
5134,base,"4,2,6"
5135,base,"4,2,6"
5136,base,"3,5,2"
5137,base,"4,6,2"
5138,base,
5139,base,
5140,base,"2,6,5"
5141,base,"4,2,6"
5142,base,"5,3,2"
5143,base,
5144,base,"2,5,3"
5145,base,
5146,base,"4,6,1"
5147,base,
5148,base,
5149,base,"1,2,6"
5150,base,"3,2,6"
5151,base,"3,6,2"
5152,base,"2,6,4"
5153,base,"3,4,6"
5154,base,"2,6,4"
5155,base,"3,4,2"
5156,base,"3,5,2"
5157,base,"1,6,3"
5158,base,"3,5,6"
5159,base,"1,4,2"
5160,base,"1,4,3"
5161,base,"1,4,2"
5162,base,"4,6,5"
5163,base,"2,5,4"
5164,base,"1,2"
5165,base,"3,6,2"
5166,base,"4,2,6"
5167,base,"4,2,6"
5168,base,"1,2,3"
5169,base,
5170,base,"2,4,5"
5171,base,"1,2,5"
5172,base,"4,2,6"
5173,base,
5174,base,
5175,base,"5,4,2"
5176,base,"4,2,6"
5177,base,
5178,base,"1,1"
5179,base,"2,4,3"
5180,base,"6,1,2"
5181,base,"4,3,5"
5182,base,"3,5,2"
5183,base,"1,6"
5184,base,"4,2,6"
5185,base,"3,6,2"
5186,base,
5187,base,
5188,base,"1,2,3"
5189,base,"5,3,1"
5190,base,"1,6,1"
5191,base,"1,4,2"
5192,base,
5193,base,
5194,base,"1,3,6"
5195,base,"1,4,6"
5196,base,
5197,base,"1,4,3"
5198,base,"2,5,3"
5199,base,"1,4,3"
5200,base,"1,2,3"
5201,base,"4,2,6"
5202,base,"5,2,4"
5203,base,"4,2,6"
5204,base,"2,5,3"
5205,base,"3,5,2"
5206,base,"1,4,2"
5207,base,"4,2,5"
5208,base,
5209,base,"3,5,2"
5210,base,"4,3,6"
5211,base,"4,5,2"
5212,base,1
5213,base,"3,6,1"
5214,base,
5215,base,"2,6,3"
5216,base,"4,2,6"
5217,base,"5,2,3"
5218,base,
5219,base,"3,5,2"
5220,base,
5221,base,"2,5,4"
5222,base,"4,2,6"
5223,base,
5224,base,
5225,base,
5226,base,"4,2,6"
5227,base,"3,1,6"
5228,base,
5229,base,"3,6,4"
5230,base,"2,5,1"
5231,base,"3,2,6"
5232,base,
5233,base,"4,3,6"
5234,base,
5235,base,
5236,base,"4,3,6"
5237,base,"1,6,3"
5238,base,"3,6,2"
5239,base,"4,3,5"
5240,base,"1,6,1"
5241,base,"3,6,2"
5242,base,"5,3,6"
5243,base,"1,5,4"
5244,base,"2,5,3"
5245,base,
5246,base,"3,2,6"
5247,base,"4,2,6"
5248,base,"3,6,1"
5249,base,"4,6,2"
5250,base,
5251,base,"1,6,1"
5252,base,"4,2,5"
5253,base,"2,5,4"
5254,base,"4,2,6"
5255,base,1
5256,base,"1,6,3"
5257,base,"2,6,5"
5258,base,"2,4,6"
5259,base,
5260,base,"1,4,5"
5261,base,"4,6,2"
5262,base,
5263,base,"1,5,2"
5264,base,"1,4,2"
5265,base,
5266,base,"3,4,5"
5267,base,
5268,base,6
5269,base,
5270,base,"4,6,2"
5271,base,"2,5,3"
5272,base,"3,6,1"
5273,base,"5,2,6"
5274,base,"5,3"
5275,base,"4,2,6"
5276,base,"4,3,5"
5277,base,"4,2,6"
5278,base,"3,4,5"
5279,base,"4,6,5"
5280,base,"3,6,4"
5281,base,"4,6,3"
5282,base,"5,4,2"
5283,base,"2,6,3"
5284,base,"6,1,6"
5285,base,4
5286,base,"1,3,5"
5287,base,"1,5,2"
5288,base,"3,4,2"
5289,base,"4,2,6"
5290,base,"5,2,6"
5291,base,
5292,base,"4,2,6"
5293,base,
5294,base,"5,2,6"
5295,base,
5296,base,
5297,base,"6,1,6"
5298,base,"4,2,6"
5299,base,"4,2,6"
5300,base,"1,6,1"
5301,base,"4,2,6"
5302,base,
5303,base,"3,6,1"
5304,base,"2,4,6"
5305,base,"1,4,6"
5306,base,"4,2,5"
5307,base,
5308,base,"4,6,2"
5309,base,"2,4,6"
5310,base,"5,2,6"
5311,base,"4,2,5"
5312,base,3
5313,base,"4,2,6"
5314,base,"5,3,6"
5315,base,"4,5,2"
5316,base,"1,4,2"
5317,base,"4,3,5"
5318,base,"2,5,4"
5319,base,"3,4,5"
5320,base,"3,6,5"
5321,base,
5322,base,"3,6,4"
5323,base,
5324,base,
5325,base,
5326,base,
5327,base,"5,3,2"
5328,base,"4,3,6"
5329,base,"2,4,6"
5330,base,"3,2,5"
5331,base,"3,4,2"
5332,base,"3,5,1"
5333,base,"2,5,4"
5334,base,"5,3,2"
5335,base,
5336,base,"4,2,6"
5337,base,"4,2,6"
5338,base,
5339,base,"3,2,5"
5340,base,"5,3,6"
5341,base,
5342,base,"3,2,5"
5343,base,"3,1,6"
5344,base,"3,2,6"
5345,base,"5,2,4"
5346,base,"3,6,2"
5347,base,"4,3,2"
5348,base,"4,2,6"
5349,base,"5,3,2"
5350,base,"3,4,2"
5351,base,"1,6,3"
5352,base,"2,6,4"
5353,base,"2,4,6"
5354,base,
5355,base,"3,2,5"
5356,base,"5,2,6"
5357,base,"1,3"
5358,base,
5359,base,
5360,base,"3,5,1"
5361,base,"2,4,1"
5362,base,"2,4,5"
5363,base,"4,2,6"
5364,base,"4,6,2"
5365,base,
5366,base,
5367,base,
5368,base,"2,4,6"
5369,base,"3,6,2"
5370,base,"2,6,5"
5371,base,"1,4,2"
5372,base,"5,3,1"
5373,base,"3,6,1"
5374,base,
5375,base,"3,6,2"
5376,base,
5377,base,"1,6"
5378,base,
5379,base,"5,4,6"
5380,base,"1,3,6"
5381,base,"2,6,1"
5382,base,
5383,base,"3,6,5"
5384,base,"4,2,6"
5385,base,
5386,base,
5387,base,"4,2,5"
5388,base,"4,2,5"
5389,base,
5390,base,
5391,base,"4,2,5"
5392,base,
5393,base,"4,2,6"
5394,base,
5395,base,"5,2,6"
5396,base,"1,4,2"
5397,base,"5,4,6"
5398,base,"2,4,5"
5399,base,"2,4,6"
5400,base,"4,3,2"
5401,base,"3,5,1"
5402,base,
5403,base,"4,2,5"
5404,base,
5405,base,"3,2,6"
5406,base,3
5407,base,"4,6,3"
5408,base,
5409,base,"1,6,1"
5410,base,
5411,base,
5412,base,
5413,base,
5414,base,"1,6"
5415,base,"4,3,5"
5416,base,
5417,base,"3,6,4"
5418,base,"1,2,4"
5419,base,"3,6,1"
5420,base,"2,6,3"
5421,base,"4,6,3"
5422,base,"4,2,6"
5423,base,"1,3,2"
5424,base,"3,2,5"
5425,base,"5,3,2"
5426,base,
5427,base,"4,2,6"
5428,base,"4,2,5"
5429,base,"1,2,3"
5430,base,"1,4,6"
5431,base,"1,2,3"
5432,base,"2,6,5"
5433,base,"3,2,6"
5434,base,"3,4,5"
5435,base,"3,4,6"
5436,base,"2,5,3"
5437,base,"4,2,6"
5438,base,"1,6,3"
5439,base,"3,6,5"
5440,base,
5441,base,"3,5,2"
5442,base,"1,2,3"
5443,base,"4,2"
5444,base,"2,5"
5445,base,6
5446,base,"2,5,4"
5447,base,"3,2,6"
5448,base,"1,5,3"
5449,base,
5450,base,"1,2,3"
5451,base,
5452,base,"5,2,6"
5453,base,"4,2,6"
5454,base,"3,6,4"
5455,base,"3,5,6"
5456,base,"3,1,6"
5457,base,"3,6,2"
5458,base,"2,6,4"
5459,base,"4,2,6"
5460,base,"3,6,5"
5461,base,"1,5,2"
5462,base,"2,4,3"
5463,base,"5,3,2"
5464,base,
5465,base,"4,2,6"
5466,base,"1,6,3"
5467,base,"2,6,4"
5468,base,"5,2,4"
5469,base,
5470,base,"4,2,6"
5471,base,"4,2"
5472,base,"4,6,5"
5473,base,
5474,base,"4,5,2"
5475,base,"4,2,6"
5476,base,"2,4,3"
5477,base,"5,3,2"
5478,base,"4,3,6"
5479,base,"1,6,1"
5480,base,"4,2,5"
5481,base,"2,4,6"
5482,base,"3,6,2"
5483,base,"4,2,6"
5484,base,"1,2,3"
5485,base,
5486,base,"2,5,1"
5487,base,
5488,base,"4,2,6"
5489,base,"4,2,5"
5490,base,"5,2,6"
5491,base,"5,2,6"
5492,base,"2,6,3"
5493,base,
5494,base,
5495,base,"5,2,6"
5496,base,"5,2,4"
5497,base,"1,6,3"
5498,base,"2,5,6"
5499,base,
5500,base,"4,2,6"
5501,base,"3,4,1"
5502,base,"1,4,6"
5503,base,"3,6,4"
5504,base,"4,5,3"
5505,base,"3,2,5"
5506,base,"5,2,3"
5507,base,"3,5,4"
5508,base,"2,6,4"
5509,base,
5510,base,"1,4,2"
5511,base,"3,5,4"
5512,base,"1,3,6"
5513,base,"4,6,2"
5514,base,"4,2,5"
5515,base,"3,6,1"
5516,base,"4,2,5"
5517,base,"2,4,6"
5518,base,
5519,base,"4,6,1"
5520,base,"5,3,6"
5521,base,"3,6,2"
5522,base,
5523,base,"4,3,5"
5524,base,"1,2,5"
5525,base,"4,6,2"
5526,base,"1,4,6"
5527,base,
5528,base,"1,4"
5529,base,"4,6,3"
5530,base,"4,2,5"
5531,base,"1,4,2"
5532,base,"5,3,2"
5533,base,"3,6,2"
5534,base,"4,6,2"
5535,base,"3,6,1"
5536,base,"2,6,3"
5537,base,
5538,base,"5,3,6"
5539,base,"4,2,6"
5540,base,
5541,base,"3,5,2"
5542,base,
5543,base,"1,2,3"
5544,base,"4,2,6"
5545,base,"4,5,3"
5546,base,"2,5,1"
5547,base,"4,2,5"
5548,base,"4,3,6"
5549,base,"3,5,2"
5550,base,"4,2,6"
5551,base,
5552,base,
5553,base,"5,3,2"
5554,base,
5555,base,"1,2,3"
5556,base,"1,4,6"
5557,base,"1,4,2"
5558,base,"3,6,5"
5559,base,
5560,base,"2,4,3"
5561,base,"5,4,2"
5562,base,
5563,base,"3,6,2"
5564,base,"1,4,6"
5565,base,
5566,base,"4,2,6"
5567,base,"2,4,6"
5568,base,"4,3,6"
5569,base,"3,5,2"
5570,base,
5571,base,"4,2,6"
5572,base,"3,6,2"
5573,base,"1,4"
5574,base,"4,3,6"
5575,base,"4,3,2"
5576,base,"2,5,3"
5577,base,
5578,base,"3,5,2"
5579,base,"2,5,3"
5580,base,"4,2,6"
5581,base,"2,5,1"
5582,base,
5583,base,"3,5,4"
5584,base,
5585,base,
5586,base,"1,3,6"
5587,base,"2,5,3"
5588,base,"1,4,6"
5589,base,"2,6,4"
5590,base,"4,3,6"
5591,base,
5592,base,"4,2,6"
5593,base,"3,6,2"
5594,base,"3,5,1"
5595,base,"2,5,4"
5596,base,"1,4,3"
5597,base,"1,3,6"
5598,base,"4,2,6"
5599,base,"5,6,5"
5600,base,"2,5,3"
5601,base,"3,6,2"
5602,base,
5603,base,"1,6,1"
5604,base,3
5605,base,"1,4,2"
5606,base,"3,2,5"
5607,base,1
5608,base,
5609,base,
5610,base,"4,3,2"
5611,base,"1,2,3"
5612,base,"5,3,2"
5613,base,"3,6,2"
5614,base,"5,4,2"
5615,base,"2,6,4"
5616,base,"1,3,6"
5617,base,"3,6,2"
5618,base,"2,6,4"
5619,base,"5,3,6"
5620,base,"5,3,6"
5621,base,"3,5,6"
5622,base,"5,2,6"
5623,base,"4,6,2"
5624,base,"1,6,1"
5625,base,"1,4,2"
5626,base,"4,2,6"
5627,base,"3,6,4"
5628,base,"5,2,6"
5629,base,4
5630,base,"3,6,2"
5631,base,"1,4,6"
5632,base,"3,6,4"
5633,base,"6,3"
5634,base,"3,5,2"
5635,base,"4,3,2"
5636,base,"1,3,6"
5637,base,"1,3,5"
5638,base,"5,2"
5639,base,"6,3,4"
5640,base,"5,3,6"
5641,base,"4,2,5"
5642,base,
5643,base,
5644,base,"5,2,6"
5645,base,"1,2,3"
5646,base,"2,6,3"
5647,base,"3,2,6"
5648,base,
5649,base,"4,2,6"
5650,base,"3,5,2"
5651,base,"5,2,6"
5652,base,"4,2,6"
5653,base,"4,3,2"
5654,base,"2,6,3"
5655,base,"5,2,6"
5656,base,"4,2,5"
5657,base,"4,2,6"
5658,base,"4,2,6"
5659,base,"2,5,4"
5660,base,"5,2,4"
5661,base,"1,3,4"
5662,base,"1,4,2"
5663,base,"5,2,6"
5664,base,
5665,base,"4,3,2"
5666,base,"3,6,2"
5667,base,"2,5,3"
5668,base,3
5669,base,"1,6,1"
5670,base,"5,3,2"
5671,base,"4,6,2"
5672,base,"3,6,2"
5673,base,"4,2,6"
5674,base,"5,3,2"
5675,base,"2,6,5"
5676,base,"2,5,6"
5677,base,"3,6,1"
5678,base,"4,2,6"
5679,base,"4,3,6"
5680,base,
5681,base,
5682,base,"5,2,3"
5683,base,"2,5,3"
5684,base,
5685,base,
5686,base,"3,1,5"
5687,base,"3,6,2"
5688,base,"1,2"
5689,base,"3,5,2"
5690,base,"4,2,6"
5691,base,"1,3,6"
5692,base,"5,2,6"
5693,base,
5694,base,
5695,base,"1,3,1"
5696,base,
5697,base,"5,3,2"
5698,base,"1,2,3"
5699,base,"4,3,5"
5700,base,"5,2,4"
5701,base,"4,6,2"
5702,base,"1,3,6"
5703,base,"3,6,5"
5704,base,"4,3,5"
5705,base,"1,2,5"
5706,base,
5707,base,
5708,base,
5709,base,
5710,base,"5,2,3"
5711,base,"4,3,6"
5712,base,"3,5,1"
5713,base,"4,2,6"
5714,base,3
5715,base,"2,6,4"
5716,base,"4,2,6"
5717,base,"4,3,6"
5718,base,
5719,base,"3,4,5"
5720,base,"1,1"
5721,base,
5722,base,"3,1,6"
5723,base,
5724,base,"3,4,2"
5725,base,
5726,base,"4,2,6"
5727,base,"3,6,2"
5728,base,"3,6,2"
5729,base,"4,2,6"
5730,base,"4,5,6"
5731,base,"1,6,3"
5732,base,"1,5,3"
5733,base,"1,4,3"
5734,base,"3,1,6"
5735,base,"5,3,6"
5736,base,"4,2,5"
5737,base,"4,3,6"
5738,base,"2,5,3"
5739,base,"1,5,2"
5740,base,"1,3,6"
5741,base,"2,5,3"
5742,base,"4,6,3"
5743,base,"4,3,5"
5744,base,
5745,base,"5,2,6"
5746,base,
5747,base,"1,4,5"
5748,base,"5,3"
5749,base,"3,1,6"
5750,base,"1,2,3"
5751,base,"4,3,6"
5752,base,
5753,base,"4,2,6"
5754,base,3
5755,base,"2,5,4"
5756,base,"4,3,6"
5757,base,
5758,base,"2,4,5"
5759,base,
5760,base,"3,5,1"
5761,base,
5762,base,"3,2,5"
5763,base,
5764,base,"4,2,6"
5765,base,
5766,base,"4,6,3"
5767,base,"1,6,3"
5768,base,"4,2,6"
5769,base,"2,5,4"
5770,base,"1,6,1"
5771,base,"4,3,5"
5772,base,"1,4,2"
5773,base,"1,6,3"
5774,base,"1,2,3"
5775,base,"1,6,3"
5776,base,"2,4,6"
5777,base,
5778,base,"3,6,2"
5779,base,"3,6,2"
5780,base,"3,5,6"
5781,base,"1,4,3"
5782,base,"3,1,6"
5783,base,"2,6,1"
5784,base,
5785,base,"4,2,6"
5786,base,"1,3,6"
5787,base,"3,6,2"
5788,base,"4,2,6"
5789,base,
5790,base,"4,3,5"
5791,base,
5792,base,"1,6,3"
5793,base,"5,3,2"
5794,base,
5795,base,
5796,base,"4,3,6"
5797,base,"4,2,6"
5798,base,"2,5,3"
5799,base,"2,5,4"
5800,base,"1,6,1"
5801,base,"4,2,6"
5802,base,"1,2,3"
5803,base,"6,1,1"
5804,base,"3,6,2"
5805,base,"2,5,3"
5806,base,"3,6,2"
5807,base,"4,3,6"
5808,base,"2,6,4"
5809,base,
5810,base,"1,3,2"
5811,base,"5,2,6"
5812,base,"5,3,6"
5813,base,"3,6,2"
5814,base,"3,5,4"
5815,base,"1,5,3"
5816,base,"3,6,2"
5817,base,"4,2,5"
5818,base,"2,6,3"
5819,base,"2,5,4"
5820,base,
5821,base,
5822,base,
5823,base,
5824,base,"1,6,3"
5825,base,"1,3,6"
5826,base,"4,3,6"
5827,base,"4,6,3"
5828,base,"5,3,2"
5829,base,"4,2,6"
5830,base,"1,2,3"
5831,base,"4,2,6"
5832,base,
5833,base,"4,3,6"
5834,base,"4,2,6"
5835,base,"5,4,2"
5836,base,"5,3,6"
5837,base,"3,4,5"
5838,base,"4,2"
5839,base,"5,3,6"
5840,base,"4,3,6"
5841,base,"4,2,6"
5842,base,"4,2,5"
5843,base,"2,6,3"
5844,base,"1,5,2"
5845,base,
5846,base,"3,6,5"
5847,base,"2,6,3"
5848,base,"1,1,6"
5849,base,"4,2,6"
5850,base,"1,4,2"
5851,base,"3,5,2"
5852,base,"4,2,6"
5853,base,"2,5,3"
5854,base,"1,4,6"
5855,base,"4,2,6"
5856,base,
5857,base,
5858,base,"4,2,6"
5859,base,"2,4,6"
5860,base,
5861,base,
5862,base,"2,6,5"
5863,base,"2,6,3"
5864,base,
5865,base,"1,4,6"
5866,base,"2,5,4"
5867,base,"4,2,6"
5868,base,
5869,base,"2,5,4"
5870,base,"1,4,5"
5871,base,2
5872,base,"1,6,3"
5873,base,"3,6,1"
5874,base,"4,6,2"
5875,base,"1,6,1"
5876,base,"1,6,1"
5877,base,"3,2,6"
5878,base,"3,5,2"
5879,base,"1,3,5"
5880,base,"2,3"
5881,base,"1,2,3"
5882,base,
5883,base,"4,2,6"
5884,base,"5,2,6"
5885,base,"5,4,3"
5886,base,"3,2,6"
5887,base,
5888,base,"4,6,2"
5889,base,"1,6,1"
5890,base,"2,6,3"
5891,base,"3,6,5"
5892,base,"3,6,2"
5893,base,"1,2,4"
5894,base,"3,6,2"
5895,base,"4,2,6"
5896,base,
5897,base,"4,6,2"
5898,base,"2,6,4"
5899,base,"3,6,4"
5900,base,"3,6,2"
5901,base,"4,5,2"
5902,base,"6,5,3"
5903,base,
5904,base,
5905,base,"4,6,1"
5906,base,"3,5,6"
5907,base,"5,2,3"
5908,base,"4,2,5"
5909,base,"1,2,3"
5910,base,
5911,base,
5912,base,"2,6,3"
5913,base,"3,6,1"
5914,base,"1,3"
5915,base,
5916,base,"4,2,5"
5917,base,"4,2,6"
5918,base,"2,6,4"
5919,base,
5920,base,"3,5,4"
5921,base,
5922,base,
5923,base,
5924,base,"5,2,6"
5925,base,"4,3,6"
5926,base,"3,6,1"
5927,base,"2,4,6"
5928,base,"2,5,3"
5929,base,"2,5,3"
5930,base,"5,3,4"
5931,base,
5932,base,"1,2,3"
5933,base,"1,3,2"
5934,base,"1,2,3"
5935,base,"1,6"
5936,base,"3,1,6"
5937,base,"5,3,6"
5938,base,
5939,base,"4,2,6"
5940,base,"5,2,6"
5941,base,"1,3"
5942,base,"3,6,4"
5943,base,"1,2,3"
5944,base,"2,5,3"
5945,base,"1,2,3"
5946,base,"1,2,3"
5947,base,"5,3,2"
5948,base,"2,5,1"
5949,base,"1,2,5"
5950,base,"4,3,6"
5951,base,"2,6,3"
5952,base,3
5953,base,"2,5,3"
5954,base,"4,2,6"
5955,base,"6,3,5"
5956,base,
5957,base,"1,6,3"
5958,base,"2,5,1"
5959,base,
5960,base,
5961,base,"1,6,3"
5962,base,
5963,base,3
5964,base,"3,6,2"
5965,base,"1,1,6"
5966,base,"3,6,2"
5967,base,"5,4,2"
5968,base,"3,1,6"
5969,base,"3,5,2"
5970,base,"5,2,6"
5971,base,"4,2,5"
5972,base,"3,6,2"
5973,base,"1,2,3"
5974,base,"4,2,5"
5975,base,"4,2,6"
5976,base,
5977,base,"4,2,5"
5978,base,
5979,base,"4,2,5"
5980,base,
5981,base,"4,2,6"
5982,base,"2,5,3"
5983,base,
5984,base,"1,4,2"
5985,base,"4,2,6"
5986,base,
5987,base,"3,5,2"
5988,base,"4,2,5"
5989,base,"3,2,5"
5990,base,"1,4,6"
5991,base,"4,3,5"
5992,base,"4,3"
5993,base,"5,2,6"
5994,base,"2,6,4"
5995,base,"1,5,2"
5996,base,
5997,base,"3,2,6"
5998,base,"4,6,2"
5999,base,"4,2,6"
6000,base,"3,6,5"
6001,base,"5,2,6"
6002,base,"2,5,3"
6003,base,"4,2,6"
6004,base,"1,2,3"
6005,base,"3,6,5"
6006,base,"1,4,6"
6007,base,"1,3,2"
6008,base,"3,6,2"
6009,base,"6,2,4"
6010,base,"3,5,2"
6011,base,"1,3,6"
6012,base,"4,2,6"
6013,base,"2,5"
6014,base,
6015,base,"4,2,6"
6016,base,"2,6,5"
6017,base,"3,6,5"
6018,base,
6019,base,"4,2,6"
6020,base,"3,6,5"
6021,base,
6022,base,"6,1"
6023,base,
6024,base,"1,3,6"
6025,base,"3,6,1"
6026,base,"4,2,6"
6027,base,"2,5,3"
6028,base,"2,5,3"
6029,base,"1,3,6"
6030,base,
6031,base,"4,6,2"
6032,base,"2,5,3"
6033,base,"4,3,5"
6034,base,"4,2,6"
6035,base,6
6036,base,"3,6,1"
6037,base,"2,4,5"
6038,base,"4,2,6"
6039,base,"3,6,1"
6040,base,"3,5,6"
6041,base,"1,2,3"
6042,base,"4,2,6"
6043,base,"2,6,4"
6044,base,"5,2,6"
6045,base,"1,4,6"
6046,base,"1,3,2"
6047,base,"3,6,4"
6048,base,"1,6"
6049,base,"1,5,3"
6050,base,"4,2"
6051,base,"2,5,4"
6052,base,2
6053,base,"3,6,5"
6054,base,
6055,base,"2,5,6"
6056,base,"2,6,4"
6057,base,"3,5,2"
6058,base,"3,6,2"
6059,base,"4,6,5"
6060,base,"3,2,6"
6061,base,"2,6,4"
6062,base,"1,4,5"
6063,base,"4,2,5"
6064,base,"1,2,5"
6065,base,"4,2,5"
6066,base,
6067,base,"1,4,6"
6068,base,"2,4,6"
6069,base,"4,3,5"
6070,base,"5,3,1"
6071,base,"5,2,6"
6072,base,"3,6,2"
6073,base,"1,3"
6074,base,"3,1,6"
6075,base,"1,4,6"
6076,base,"1,2,3"
6077,base,"4,3,6"
6078,base,"3,4,5"
6079,base,"4,6,3"
6080,base,
6081,base,"3,6,5"
6082,base,"4,3,2"
6083,base,"4,2,6"
6084,base,"1,6,1"
6085,base,"2,4,6"
6086,base,"2,6,4"
6087,base,"6,1,3"
6088,base,"4,2,6"
6089,base,"4,3,5"
6090,base,"4,2,5"
6091,base,"4,3,6"
6092,base,"4,2,5"
6093,base,
6094,base,"5,3,2"
6095,base,
6096,base,"1,2,3"
6097,base,"3,6,2"
6098,base,"3,2,5"
6099,base,"4,3,5"
6100,base,"4,2,5"
6101,base,
6102,base,
6103,base,"5,3,6"
6104,base,"1,3,5"
6105,base,"3,2,6"
6106,base,"4,2,6"
6107,base,
6108,base,"4,2,6"
6109,base,
6110,base,"4,2,6"
6111,base,"4,2,6"
6112,base,"4,2,6"
6113,base,"4,2,5"
6114,base,"1,2,3"
6115,base,"2,4,3"
6116,base,"2,5,6"
6117,base,
6118,base,"1,6,3"
6119,base,
6120,base,"2,5,3"
6121,base,6
6122,base,"2,5,6"
6123,base,"4,3,6"
6124,base,
6125,base,"3,5,6"
6126,base,"1,6,3"
6127,base,
6128,base,"1,6,1"
6129,base,"2,4,6"
6130,base,"3,1,5"
6131,base,"2,6,4"
6132,base,"2,4,3"
6133,base,"3,6,5"
6134,base,"3,4,1"
6135,base,
6136,base,"3,5,4"
6137,base,
6138,base,"4,2,6"
6139,base,
6140,base,"4,2,6"
6141,base,"4,2,6"
6142,base,"3,6,4"
6143,base,
6144,base,"1,6,1"
6145,base,"3,1,6"
6146,base,"3,1,6"
6147,base,"2,5,6"
6148,base,"3,2,6"
6149,base,"1,6,1"
6150,base,
6151,base,"2,5,6"
6152,base,"4,2,6"
6153,base,"4,2,6"
6154,base,"1,2,3"
6155,base,"5,3,2"
6156,base,
6157,base,"4,2,6"
6158,base,"3,6,2"
6159,base,"3,6,5"
6160,base,"1,2,3"
6161,base,"4,5,3"
6162,base,
6163,base,"3,5,2"
6164,base,"3,6,2"
6165,base,"3,5"
6166,base,"4,3,6"
6167,base,"4,2,6"
6168,base,
6169,base,
6170,base,"4,2,6"
6171,base,"3,6,5"
6172,base,"2,5,3"
6173,base,"3,2,6"
6174,base,"3,5,2"
6175,base,"5,2,6"
6176,base,
6177,base,"1,4,2"
6178,base,"4,3,6"
6179,base,"1,3,6"
6180,base,"6,3,1"
6181,base,
6182,base,"3,5,2"
6183,base,1
6184,base,"1,3,2"
6185,base,"4,2"
6186,base,1
6187,base,"3,1,5"
6188,base,"4,3,5"
6189,base,"4,3,5"
6190,base,"3,2,5"
6191,base,"2,4,6"
6192,base,"4,3,5"
6193,base,"4,2,6"
6194,base,
6195,base,"2,4,5"
6196,base,
6197,base,
6198,base,"2,2,1"
6199,base,
6200,base,
6201,base,"5,3,6"
6202,base,"1,4,6"
6203,base,
6204,base,"3,5,2"
6205,base,"3,2,6"
6206,base,"1,3,4"
6207,base,"4,3,5"
6208,base,"2,6,4"
6209,base,"4,2,6"
6210,base,"2,5"
6211,base,"2,6,4"
6212,base,"4,6,2"
6213,base,"1,2,3"
6214,base,
6215,base,"2,5,4"
6216,base,
6217,base,
6218,base,
6219,base,"4,2,6"
6220,base,"4,2,6"
6221,base,"3,6,5"
6222,base,"1,4,6"
6223,base,
6224,base,
6225,base,"1,6,4"
6226,base,"1,3,6"
6227,base,
6228,base,"3,6,2"
6229,base,"1,3,2"
6230,base,"2,5,1"
6231,base,
6232,base,"3,1,2"
6233,base,
6234,base,"2,5,3"
6235,base,"1,3,2"
6236,base,"2,6,5"
6237,base,"4,3,2"
6238,base,
6239,base,"3,6,2"
6240,base,"1,1,6"
6241,base,"1,6,1"
6242,base,"3,2,6"
6243,base,"4,2,6"
6244,base,"3,5,1"
6245,base,"4,2,6"
6246,base,
6247,base,"1,2,4"
6248,base,"1,2,2"
6249,base,
6250,base,"4,2,6"
6251,base,"3,5,2"
6252,base,"2,4,5"
6253,base,"4,2,6"
6254,base,"1,5,2"
6255,base,"2,6,5"
6256,base,"3,6,2"
6257,base,"4,2,5"
6258,base,
6259,base,"4,3,6"
6260,base,
6261,base,3
6262,base,
6263,base,"5,2,6"
6264,base,"1,2,3"
6265,base,"4,2,5"
6266,base,"4,2,6"
6267,base,
6268,base,"3,6,2"
6269,base,"2,5,4"
6270,base,"1,4,3"
6271,base,"4,3,6"
6272,base,"2,5,6"
6273,base,
6274,base,
6275,base,"2,6,3"
6276,base,"1,3,5"
6277,base,"5,2,6"
6278,base,"3,6,2"
6279,base,"1,3,5"
6280,base,"5,3,2"
6281,base,
6282,base,"3,6,4"
6283,base,"1,2,3"
6284,base,
6285,base,"3,2,6"
6286,base,"5,3,2"
6287,base,
6288,base,"2,5,3"
6289,base,"2,4,6"
6290,base,"1,2,3"
6291,base,"4,2,6"
6292,base,"2,6,3"
6293,base,
6294,base,3
6295,base,
6296,base,"2,6,4"
6297,base,"3,2,5"
6298,base,"4,5,2"
6299,base,"1,5"
6300,base,"2,6,3"
6301,base,"2,5,1"
6302,base,"4,3,6"
6303,base,"4,3,2"
6304,base,"1,2,3"
6305,base,"1,3,2"
6306,base,
6307,base,"1,6"
6308,base,
6309,base,"1,6,3"
6310,base,"3,5,2"
6311,base,"3,5,2"
6312,base,
6313,base,"1,3,5"
6314,base,"4,2,5"
6315,base,"1,6,3"
6316,base,"2,5,3"
6317,base,"5,2,6"
6318,base,
6319,base,"2,5,3"
6320,base,"4,2,6"
6321,base,"4,2,6"
6322,base,"5,2,6"
6323,base,"3,5,2"
6324,base,"5,2,6"
6325,base,"2,4,5"
6326,base,
6327,base,"2,6,4"
6328,base,"4,2,6"
6329,base,
6330,base,"4,2,6"
6331,base,
6332,base,"4,2,5"
6333,base,"3,6,4"
6334,base,"5,3,4"
6335,base,"3,4,6"
6336,base,"3,6,5"
6337,base,"4,2,6"
6338,base,
6339,base,"4,3,6"
6340,base,"3,6,2"
6341,base,
6342,base,"1,6,1"
6343,base,"3,6,2"
6344,base,"3,2,5"
6345,base,"4,2,5"
6346,base,"4,2,6"
6347,base,
6348,base,"2,4,6"
6349,base,"2,6,3"
6350,base,"1,6,1"
6351,base,"3,6,4"
6352,base,"4,5,3"
6353,base,"3,6,4"
6354,base,"4,2,6"
6355,base,"4,6,2"
6356,base,
6357,base,"2,5,3"
6358,base,"5,2,6"
6359,base,"1,4,5"
6360,base,"4,2,6"
6361,base,"3,3"
6362,base,"4,3,6"
6363,base,"3,6,2"
6364,base,
6365,base,
6366,base,"5,2,6"
6367,base,"4,2,6"
6368,base,"4,2,6"
6369,base,"5,3,2"
6370,base,"4,5,2"
6371,base,"4,2,6"
6372,base,"3,5,2"
6373,base,"4,3,2"
6374,base,"4,3,6"
6375,base,"3,6,2"
6376,base,"3,6,2"
6377,base,"1,5,2"
6378,base,"5,3,6"
6379,base,
6380,base,"3,5,2"
6381,base,"3,5,1"
6382,base,
6383,base,
6384,base,"3,5,1"
6385,base,"4,3,6"
6386,base,
6387,base,"1,4,2"
6388,base,"1,4"
6389,base,"2,5,3"
6390,base,"2,4"
6391,base,"1,2,3"
6392,base,"3,6,5"
6393,base,"4,2,6"
6394,base,"2,4,6"
6395,base,"5,2,6"
6396,base,
6397,base,"3,5,1"
6398,base,"1,3,2"
6399,base,"4,2,6"
6400,base,
6401,base,"4,2,6"
6402,base,"3,2,6"
6403,base,"4,3,5"
6404,base,"3,6,1"
6405,base,"1,6"
6406,base,"4,3,6"
6407,base,"3,1,6"
6408,base,
6409,base,"3,1,5"
6410,base,"2,6,3"
6411,base,"4,3,5"
6412,base,"3,6,2"
6413,base,
6414,base,
6415,base,"2,4,6"
6416,base,"3,1,6"
6417,base,
6418,base,"4,2,6"
6419,base,
6420,base,
6421,base,"1,2,5"
6422,base,"2,5,6"
6423,base,
6424,base,"1,6,4"
6425,base,"3,6,5"
6426,base,"5,2,4"
6427,base,"4,3,6"
6428,base,
6429,base,"3,6,5"
6430,base,1
6431,base,"6,1,6"
6432,base,"5,2,6"
6433,base,"1,2,6"
6434,base,"3,6,2"
6435,base,"3,6,4"
6436,base,3
6437,base,"3,5,1"
6438,base,"3,5,2"
6439,base,"5,3,2"
6440,base,"2,5,1"
6441,base,
6442,base,"3,1,6"
6443,base,"1,3,2"
6444,base,"4,2,6"
6445,base,"1,4,5"
6446,base,"5,2,6"
6447,base,"3,6,2"
6448,base,"2,4,6"
6449,base,"3,6,2"
6450,base,"3,6,2"
6451,base,"6,2,5"
6452,base,
6453,base,"2,5,1"
6454,base,
6455,base,"3,4,2"
6456,base,"3,6,2"
6457,base,"3,1,5"
6458,base,"2,5,3"
6459,base,
6460,base,
6461,base,"4,5,2"
6462,base,"2,4,6"
6463,base,"4,2,6"
6464,base,"1,6,3"
6465,base,"1,2,3"
6466,base,"1,6,4"
6467,base,"3,6,2"
6468,base,"4,3,6"
6469,base,"3,6,5"
6470,base,"4,2,6"
6471,base,"4,2,6"
6472,base,"4,2,6"
6473,base,"1,6,2"
6474,base,"4,2,6"
6475,base,"4,2,6"
6476,base,"1,6"
6477,base,"2,5,3"
6478,base,
6479,base,
6480,base,"4,2,6"
6481,base,"4,3,6"
6482,base,"1,2,3"
6483,base,"3,6,1"
6484,base,
6485,base,
6486,base,"2,5,4"
6487,base,"2,6,3"
6488,base,"1,2,3"
6489,base,"3,6,4"
6490,base,"1,2,3"
6491,base,"4,2,5"
6492,base,"1,6,1"
6493,base,"3,6,2"
6494,base,
6495,base,"2,5,6"
6496,base,
6497,base,"1,3,6"
6498,base,"3,6,1"
6499,base,"4,2,6"
6500,base,"4,3,6"
6501,base,"1,5,2"
6502,base,"4,6,3"
6503,base,"1,2,3"
6504,base,"2,3,5"
6505,base,"4,6,2"
6506,base,
6507,base,"3,5,4"
6508,base,"4,2"
6509,base,"4,6,2"
6510,base,"4,2,6"
6511,base,"3,2,6"
6512,base,"3,6,5"
6513,base,"6,6,6"
6514,base,"2,4,6"
6515,base,"1,2,5"
6516,base,"4,3,6"
6517,base,"3,6,5"
6518,base,"2,3,1"
6519,base,
6520,base,"2,5,3"
6521,base,1
6522,base,"5,2,6"
6523,base,"3,6,2"
6524,base,"2,6,4"
6525,base,
6526,base,
6527,base,"2,6,4"
6528,base,"3,6,2"
6529,base,
6530,base,"1,2,3"
6531,base,"4,3,6"
6532,base,"2,5,6"
6533,base,"1,4,2"
6534,base,"5,2,6"
6535,base,"1,6,1"
6536,base,
6537,base,
6538,base,"1,6,3"
6539,base,"4,3,2"
6540,base,"3,6"
6541,base,
6542,base,6
6543,base,"4,2,6"
6544,base,"4,2,6"
6545,base,
6546,base,"1,2,5"
6547,base,
6548,base,"1,2,3"
6549,base,"4,3,5"
6550,base,"1,2,3"
6551,base,"2,5,4"
6552,base,"3,2,6"
6553,base,"4,3,5"
6554,base,"2,6,4"
6555,base,"1,3,5"
6556,base,"1,6,4"
6557,base,"3,6,2"
6558,base,
6559,base,"3,6,2"
6560,base,"2,5,3"
6561,base,
6562,base,"2,4,6"
6563,base,"3,2,5"
6564,base,"4,2,6"
6565,base,"4,2,5"
6566,base,"4,2,6"
6567,base,
6568,base,"2,4,3"
6569,base,
6570,base,"6,1,6"
6571,base,"4,2"
6572,base,"3,3"
6573,base,"3,5,2"
6574,base,"4,2,5"
6575,base,"5,2,6"
6576,base,"3,4,5"
6577,base,"3,1,6"
6578,base,
6579,base,"2,5,6"
6580,base,"4,6,3"
6581,base,
6582,base,"2,4,6"
6583,base,"1,3,6"
6584,base,"1,6,3"
6585,base,"2,6,4"
6586,base,"3,5,2"
6587,base,"4,2,6"
6588,base,"4,2,6"
6589,base,"1,4,5"
6590,base,1
6591,base,"2,5,3"
6592,base,"4,2,5"
6593,base,"2,6,5"
6594,base,"3,6,2"
6595,base,
6596,base,"1,6,1"
6597,base,
6598,base,"1,5,2"
6599,base,"4,2,6"
6600,base,
6601,base,"3,6,2"
6602,base,"3,5,6"
6603,base,"2,6,4"
6604,base,"4,3,6"
6605,base,"3,6,2"
6606,base,
6607,base,"2,5,6"
6608,base,"4,2,6"
6609,base,"2,6,5"
6610,base,
6611,base,"4,2,5"
6612,base,
6613,base,"2,5,1"
6614,base,
6615,base,"1,6,3"
6616,base,"2,5,4"
6617,base,"3,5,1"
6618,base,"2,5,3"
6619,base,
6620,base,"2,5,3"
6621,base,
6622,base,"4,3,6"
6623,base,"4,2,6"
6624,base,"1,4,2"
6625,base,"4,2,5"
6626,base,
6627,base,"3,2,6"
6628,base,"5,2,6"
6629,base,"1,3,4"
6630,base,"1,3,6"
6631,base,"4,5"
6632,base,"3,6,4"
6633,base,
6634,base,"5,3,2"
6635,base,"4,2,6"
6636,base,"1,2,3"
6637,base,"4,3,6"
6638,base,"1,2,2"
6639,base,"1,3,4"
6640,base,"2,6,4"
6641,base,"1,3"
6642,base,"1,2,3"
6643,base,4
6644,base,"4,2,6"
6645,base,"6,3,4"
6646,base,
6647,base,
6648,base,"1,5,2"
6649,base,"1,1,6"
6650,base,"4,6,2"
6651,base,"2,5,3"
6652,base,"4,6,3"
6653,base,"4,5,2"
6654,base,"3,6,2"
6655,base,"3,5,6"
6656,base,"3,6,2"
6657,base,"6,1,6"
6658,base,"4,6,5"
6659,base,"3,3,6"
6660,base,4
6661,base,"4,2,6"
6662,base,"1,6,2"
6663,base,
6664,base,"4,6,3"
6665,base,"1,3,6"
6666,base,
6667,base,"4,2,6"
6668,base,
6669,base,"2,6,4"
6670,base,"5,3,6"
6671,base,"4,2,6"
6672,base,"3,6,1"
6673,base,"3,4,6"
6674,base,
6675,base,"3,6,2"
6676,base,"3,2,6"
6677,base,"1,3,4"
6678,base,
6679,base,"4,2,6"
6680,base,"3,6,2"
6681,base,
6682,base,
6683,base,"2,4,6"
6684,base,
6685,base,
6686,base,"1,5,2"
6687,base,"4,2,6"
6688,base,"2,6,4"
6689,base,"4,3,2"
6690,base,"4,3,6"
6691,base,"4,2,6"
6692,base,"2,6,5"
6693,base,"3,1,6"
6694,base,"4,6,2"
6695,base,"4,2,6"
6696,base,"2,5,3"
6697,base,
6698,base,"4,2,6"
6699,base,
6700,base,"3,4,6"
6701,base,
6702,base,"3,5,2"
6703,base,"4,3,6"
6704,base,"1,3"
6705,base,"2,6,5"
6706,base,"2,4"
6707,base,
6708,base,"1,2,3"
6709,base,"3,6,2"
6710,base,"1,5,2"
6711,base,"3,4,6"
6712,base,"4,6,3"
6713,base,"4,2,6"
6714,base,"4,3,6"
6715,base,"2,5,3"
6716,base,"3,4,2"
6717,base,"4,2,5"
6718,base,"1,6,3"
6719,base,"4,2,6"
6720,base,"2,5,3"
6721,base,"1,2,3"
6722,base,"5,2,6"
6723,base,"4,2,6"
6724,base,"4,3,5"
6725,base,
6726,base,
6727,base,
6728,base,"3,4,2"
6729,base,"4,3,6"
6730,base,
6731,base,"3,5,2"
6732,base,"5,2,6"
6733,base,"5,2,6"
6734,base,"1,6"
6735,base,"1,2,3"
6736,base,"4,2,6"
6737,base,"1,3,6"
6738,base,"4,3,5"
6739,base,"4,2,6"
6740,base,
6741,base,"4,2,6"
6742,base,"1,5,2"
6743,base,
6744,base,"4,2,6"
6745,base,"5,3,2"
6746,base,"1,3,5"
6747,base,"4,2,6"
6748,base,"1,5,2"
6749,base,
6750,base,"1,5,3"
6751,base,"4,2,5"
6752,base,"2,6,3"
6753,base,"5,2,6"
6754,base,
6755,base,1
6756,base,"4,2,6"
6757,base,"4,2,6"
6758,base,"2,6,5"
6759,base,"1,2,3"
6760,base,"1,1,6"
6761,base,"3,6,2"
6762,base,"4,6,2"
6763,base,"3,5,1"
6764,base,"1,2,3"
6765,base,"2,5"
6766,base,"3,5,2"
6767,base,"3,5,1"
6768,base,"3,6,4"
6769,base,"3,1,6"
6770,base,"5,2,6"
6771,base,
6772,base,"4,2,6"
6773,base,
6774,base,"4,2,6"
6775,base,"2,5,4"
6776,base,"5,2,3"
6777,base,"3,6,2"
6778,base,"1,2,3"
6779,base,"2,5,3"
6780,base,"4,6,2"
6781,base,"1,4,2"
6782,base,"3,5,2"
6783,base,"4,2,5"
6784,base,"2,4,6"
6785,base,
6786,base,"2,4,5"
6787,base,"2,6,3"
6788,base,"4,2,6"
6789,base,"3,6,5"
6790,base,"1,5,3"
6791,base,"2,4,6"
6792,base,"1,5,3"
6793,base,"4,2,6"
6794,base,
6795,base,"3,6,2"
6796,base,"3,5,4"
6797,base,"2,4,6"
6798,base,"3,6,4"
6799,base,"6,1,6"
6800,base,"1,6"
6801,base,"3,6,2"
6802,base,"3,6,2"
6803,base,4
6804,base,"1,2,3"
6805,base,"4,2,5"
6806,base,"1,4,6"
6807,base,
6808,base,
6809,base,"2,5,4"
6810,base,"5,2,3"
6811,base,"3,5,2"
6812,base,
6813,base,"2,6,5"
6814,base,"2,4,6"
6815,base,"3,2,5"
6816,base,"1,4,3"
6817,base,"2,4,3"
6818,base,"5,3,2"
6819,base,
6820,base,"5,2"
6821,base,
6822,base,"4,3,6"
6823,base,
6824,base,"4,6,2"
6825,base,"4,2,5"
6826,base,
6827,base,
6828,base,"4,3,2"
6829,base,"3,2,6"
6830,base,"5,3,1"
6831,base,"4,2,6"
6832,base,
6833,base,
6834,base,
6835,base,
6836,base,"5,2,6"
6837,base,"4,3,2"
6838,base,"5,2,6"
6839,base,
6840,base,"3,4,1"
6841,base,"3,6,5"
6842,base,"2,6,4"
6843,base,"4,2,6"
6844,base,"4,6,5"
6845,base,"1,5,4"
6846,base,"4,2,6"
6847,base,
6848,base,
6849,base,"2,6,5"
6850,base,
6851,base,"2,4,5"
6852,base,"2,5,3"
6853,base,"2,5,4"
6854,base,"3,4,5"
6855,base,"6,3,6"
6856,base,
6857,base,"2,6,4"
6858,base,
6859,base,"3,5,2"
6860,base,"4,2,6"
6861,base,"4,2,5"
6862,base,"3,6"
6863,base,"5,3,6"
6864,base,"1,4,3"
6865,base,"3,2,5"
6866,base,"2,5,3"
6867,base,"4,6,2"
6868,base,"4,2,6"
6869,base,"1,4,3"
6870,base,
6871,base,"2,5,4"
6872,base,"4,2,5"
6873,base,"5,2,6"
6874,base,"4,6,2"
6875,base,"3,4,5"
6876,base,
6877,base,"1,4"
6878,base,"3,5"
6879,base,
6880,base,"1,3,2"
6881,base,"4,6"
6882,base,"1,3,5"
6883,base,"3,6,2"
6884,base,"4,2,6"
6885,base,"4,3,6"
6886,base,
6887,base,"4,2,6"
6888,base,"2,4,6"
6889,base,1
6890,base,"4,3,6"
6891,base,"1,3,6"
6892,base,"3,1,6"
6893,base,"5,2,6"
6894,base,"2,5,1"
6895,base,"5,2,4"
6896,base,"1,6,1"
6897,base,
6898,base,"2,5,3"
6899,base,"3,6,2"
6900,base,"3,2,6"
6901,base,
6902,base,
6903,base,"3,5,2"
6904,base,"1,2,3"
6905,base,
6906,base,"5,3,6"
6907,base,"3,6"
6908,base,"3,6,4"
6909,base,"4,2,6"
6910,base,"1,2,6"
6911,base,"3,4,6"
6912,base,"1,3,6"
6913,base,
6914,base,"4,3,6"
6915,base,"4,6,3"
6916,base,"3,2,6"
6917,base,"5,2,6"
6918,base,"1,6,3"
6919,base,"3,6,2"
6920,base,"3,2,6"
6921,base,"4,6,2"
6922,base,"4,2,5"
6923,base,"2,5,6"
6924,base,
6925,base,"2,5,3"
6926,base,"3,5,2"
6927,base,
6928,base,"3,6,5"
6929,base,
6930,base,"1,2,3"
6931,base,"4,2,6"
6932,base,"1,6,1"
6933,base,"1,2,3"
6934,base,"4,2,6"
6935,base,"3,4,5"
6936,base,"4,6,3"
6937,base,"1,6,1"
6938,base,"5,2,6"
6939,base,"4,2,6"
6940,base,"5,3"
6941,base,"4,5,3"
6942,base,"1,2,6"
6943,base,
6944,base,"1,5,3"
6945,base,
6946,base,"4,3,5"
6947,base,
6948,base,
6949,base,"5,2,4"
6950,base,"5,4,3"
6951,base,"2,6,4"
6952,base,"6,3,2"
6953,base,"2,4,5"
6954,base,"1,2,6"
6955,base,"3,5"
6956,base,"1,6,1"
6957,base,"2,5,3"
6958,base,"4,6,3"
6959,base,
6960,base,"2,3,5"
6961,base,"4,2,6"
6962,base,"4,6,2"
6963,base,"4,2,6"
6964,base,"2,5,3"
6965,base,"2,6,4"
6966,base,"3,2,6"
6967,base,
6968,base,"3,4,6"
6969,base,"4,2,6"
6970,base,"3,5,2"
6971,base,"4,3,2"
6972,base,"3,2,6"
6973,base,"4,2,6"
6974,base,2
6975,base,
6976,base,"3,6,2"
6977,base,"6,3"
6978,base,"1,2,5"
6979,base,"5,2,6"
6980,base,"4,3,2"
6981,base,"3,5,2"
6982,base,
6983,base,"4,2,6"
6984,base,"1,6,3"
6985,base,"4,2,6"
6986,base,"2,5,3"
6987,base,"4,2,6"
6988,base,"3,6,4"
6989,base,"4,3,6"
6990,base,
6991,base,"5,3,2"
6992,base,"4,2,6"
6993,base,"4,2,6"
6994,base,"4,6,2"
6995,base,"4,3,6"
6996,base,"5,3,4"
6997,base,
6998,base,"4,6,2"
6999,base,"4,2,5"
7000,base,"4,2,6"
7001,base,"2,6,4"
7002,base,"1,6"
7003,base,"2,5,6"
7004,base,
7005,base,"4,2,5"
7006,base,"3,5,2"
7007,base,6
7008,base,
7009,base,"4,5,3"
7010,base,3
7011,base,"1,5,6"
7012,base,"3,4,1"
7013,base,"3,6,5"
7014,base,"3,6,4"
7015,base,"5,3,6"
7016,base,"2,4"
7017,base,"3,6,2"
7018,base,"2,5,3"
7019,base,"1,4,2"
7020,base,
7021,base,"2,5,3"
7022,base,"4,6,2"
7023,base,"1,6,1"
7024,base,"3,5,6"
7025,base,"6,6"
7026,base,"3,2,5"
7027,base,
7028,base,"4,3,6"
7029,base,"1,4,2"
7030,base,"1,3,4"
7031,base,"5,2,6"
7032,base,"3,2,6"
7033,base,"4,2,5"
7034,base,"4,2,5"
7035,base,"1,4,3"
7036,base,"2,6,5"
7037,base,"5,2,4"
7038,base,
7039,base,"4,2,5"
7040,base,"3,5,2"
7041,base,"3,2,6"
7042,base,
7043,base,"1,6,1"
7044,base,"3,6,4"
7045,base,"1,2,4"
7046,base,
7047,base,2
7048,base,"4,2,6"
7049,base,"4,2,6"
7050,base,"4,2,5"
7051,base,"5,2,4"
7052,base,"5,2,3"
7053,base,"3,1,6"
7054,base,"2,6,3"
7055,base,"2,6,1"
7056,base,"2,4"
7057,base,"1,3,2"
7058,base,"3,2,5"
7059,base,"4,3,6"
7060,base,"2,5,4"
7061,base,
7062,base,
7063,base,"1,6,4"
7064,base,"1,2,5"
7065,base,"4,2,6"
7066,base,
7067,base,"1,6,3"
7068,base,"4,6,2"
7069,base,"2,6,3"
7070,base,
7071,base,"2,5,4"
7072,base,"4,2,6"
7073,base,"1,2,3"
7074,base,"4,3"
7075,base,"3,5,2"
7076,base,"5,3,1"
7077,base,
7078,base,"3,5,2"
7079,base,
7080,base,"3,5,2"
7081,base,
7082,base,"1,2,3"
7083,base,"3,6,1"
7084,base,"5,2,6"
7085,base,"4,2,6"
7086,base,"1,6,4"
7087,base,"1,5,2"
7088,base,
7089,base,
7090,base,"3,1,6"
7091,base,"4,2,6"
7092,base,"5,4,2"
7093,base,"1,6,5"
7094,base,"4,2,6"
7095,base,"4,2,6"
7096,base,
7097,base,"1,6,1"
7098,base,"3,2,6"
7099,base,
7100,base,"4,6,3"
7101,base,"3,6,2"
7102,base,"2,5,3"
7103,base,
7104,base,"3,1"
7105,base,"3,6,2"
7106,base,"4,2,6"
7107,base,
7108,base,"4,2,5"
7109,base,"3,6,4"
7110,base,"2,5,3"
7111,base,
7112,base,"4,2,6"
7113,base,"2,5,3"
7114,base,"1,5,3"
7115,base,"3,6,2"
7116,base,"4,2,6"
7117,base,"3,2,6"
7118,base,
7119,base,"1,5,2"
7120,base,
7121,base,"4,2,6"
7122,base,"4,2,6"
7123,base,"2,6,3"
7124,base,"4,2,6"
7125,base,"4,6,5"
7126,base,
7127,base,"3,2,5"
7128,base,"4,3,2"
7129,base,"3,6,2"
7130,base,
7131,base,"1,5,2"
7132,base,"5,2,4"
7133,base,"2,5,6"
7134,base,"5,2,6"
7135,base,
7136,base,"4,2,6"
7137,base,"1,2,3"
7138,base,"3,2,6"
7139,base,"2,6,4"
7140,base,"1,2,3"
7141,base,"4,6,2"
7142,base,"4,2,6"
7143,base,
7144,base,"4,2,6"
7145,base,"2,6,4"
7146,base,
7147,base,"2,6,3"
7148,base,"4,2"
7149,base,"3,4,6"
7150,base,"3,2,6"
7151,base,"4,2,6"
7152,base,"4,2,6"
7153,base,"1,3,6"
7154,base,
7155,base,"2,5,3"
7156,base,
7157,base,"5,2,6"
7158,base,"1,4,6"
7159,base,"1,2,3"
7160,base,"4,3,2"
7161,base,"1,2,4"
7162,base,"2,6,5"
7163,base,"2,4,6"
7164,base,"3,6,1"
7165,base,"3,1,6"
7166,base,"4,3,6"
7167,base,
7168,base,"2,4,6"
7169,base,"4,2,6"
7170,base,"5,3,2"
7171,base,"3,6,2"
7172,base,"4,2,5"
7173,base,"3,5,2"
7174,base,"4,3,2"
7175,base,1
7176,base,"1,3,5"
7177,base,"4,3"
7178,base,"5,2,3"
7179,base,
7180,base,
7181,base,"5,3,2"
7182,base,"4,2,6"
7183,base,
7184,base,"1,3,6"
7185,base,"3,3,2"
7186,base,
7187,base,"3,5,2"
7188,base,"5,3,2"
7189,base,
7190,base,"2,5,1"
7191,base,"3,6,5"
7192,base,
7193,base,"1,2,3"
7194,base,"4,6,2"
7195,base,"1,6,3"
7196,base,"5,3,1"
7197,base,"3,6,5"
7198,base,"1,2,4"
7199,base,"1,4,2"
7200,base,"3,2,6"
7201,base,"4,3,6"
7202,base,"5,3,6"
7203,base,
7204,base,"2,6,4"
7205,base,"2,4,6"
7206,base,"3,6,5"
7207,base,"1,2,3"
7208,base,"4,3,6"
7209,base,"4,2"
7210,base,"1,2,3"
7211,base,"4,2,6"
7212,base,"3,6,4"
7213,base,"1,1,6"
7214,base,"2,6,4"
7215,base,"4,6,3"
7216,base,
7217,base,
7218,base,"5,3,4"
7219,base,"1,6,3"
7220,base,
7221,base,"2,5,6"
7222,base,"4,2,6"
7223,base,"4,3,6"
7224,base,"4,3,6"
7225,base,
7226,base,"5,3,6"
7227,base,"5,2"
7228,base,"3,6,2"
7229,base,"2,6,4"
7230,base,"3,6,1"
7231,base,"4,6,5"
7232,base,"4,2,6"
7233,base,"2,4,3"
7234,base,
7235,base,"3,6,5"
7236,base,
7237,base,
7238,base,
7239,base,
7240,base,"4,2,6"
7241,base,"2,4,5"
7242,base,"5,2,6"
7243,base,"6,6"
7244,base,
7245,base,"1,2,4"
7246,base,"2,5,3"
7247,base,"4,6,2"
7248,base,"2,4,6"
7249,base,"3,6,4"
7250,base,"5,2,3"
7251,base,"1,2,3"
7252,base,"5,2,6"
7253,base,"3,6,5"
7254,base,"1,2,4"
7255,base,"1,3,6"
7256,base,"3,6,2"
7257,base,
7258,base,"4,3,6"
7259,base,"4,2,6"
7260,base,"5,3,2"
7261,base,
7262,base,
7263,base,"3,4,6"
7264,base,"4,2,6"
7265,base,"4,2,6"
7266,base,5
7267,base,"3,6,5"
7268,base,"1,6,1"
7269,base,"1,4,2"
7270,base,"3,4,6"
7271,base,"5,2,4"
7272,base,
7273,base,"2,6,3"
7274,base,"4,6,2"
7275,base,"4,3,6"
7276,base,"1,2,3"
7277,base,"4,3,5"
7278,base,
7279,base,"1,6,3"
7280,base,"1,6,3"
7281,base,"5,4,2"
7282,base,"3,4,5"
7283,base,"4,2,5"
7284,base,"3,6,5"
7285,base,"3,4,2"
7286,base,"2,4,5"
7287,base,"1,6,1"
7288,base,"3,5,4"
7289,base,"4,2,6"
7290,base,"4,2,6"
7291,base,"4,3,6"
7292,base,"1,4,6"
7293,base,"1,6,3"
7294,base,"2,6,4"
7295,base,"1,3,2"
7296,base,"1,2,3"
7297,base,"1,3,5"
7298,base,"5,2,6"
7299,base,
7300,base,"4,2,6"
7301,base,"4,2,6"
7302,base,"4,3,5"
7303,base,"3,1"
7304,base,"3,2,6"
7305,base,"4,3,6"
7306,base,"1,6,1"
7307,base,
7308,base,"6,6,6"
7309,base,"3,6,2"
7310,base,"1,2,3"
7311,base,"4,6,2"
7312,base,"1,2,3"
7313,base,"4,2,6"
7314,base,"4,5,2"
7315,base,3
7316,base,"2,6,4"
7317,base,"2,6,5"
7318,base,"1,4,2"
7319,base,"4,2,6"
7320,base,
7321,base,"1,6,1"
7322,base,"2,6,4"
7323,base,"3,6,5"
7324,base,
7325,base,"3,6,3"
7326,base,"4,2,6"
7327,base,
7328,base,"5,3,2"
7329,base,
7330,base,"4,2,6"
7331,base,"3,6,5"
7332,base,"1,4,5"
7333,base,4
7334,base,"4,2,5"
7335,base,"3,6,5"
7336,base,"2,5,3"
7337,base,
7338,base,
7339,base,"1,2,3"
7340,base,"1,3,6"
7341,base,"4,6,3"
7342,base,
7343,base,"4,2,6"
7344,base,
7345,base,
7346,base,"2,4,6"
7347,base,1
7348,base,"2,6,4"
7349,base,"3,1,6"
7350,base,"1,2,3"
7351,base,"1,6,1"
7352,base,"4,2,6"
7353,base,"5,2,4"
7354,base,"3,4,2"
7355,base,2
7356,base,"1,5,3"
7357,base,"1,4,2"
7358,base,"2,6,1"
7359,base,"4,2,6"
7360,base,"5,4,6"
7361,base,3
7362,base,1
7363,base,"4,5,2"
7364,base,"4,6,1"
7365,base,"5,2,4"
7366,base,
7367,base,"5,3,6"
7368,base,
7369,base,"1,6"
7370,base,"3,6,4"
7371,base,"4,2,6"
7372,base,
7373,base,"3,5,2"
7374,base,
7375,base,"4,3,6"
7376,base,
7377,base,"3,6,2"
7378,base,"1,2,3"
7379,base,"4,2,6"
7380,base,"3,5,6"
7381,base,
7382,base,
7383,base,1
7384,base,
7385,base,"4,2,6"
7386,base,"3,2,5"
7387,base,"5,3,2"
7388,base,"1,3,5"
7389,base,"2,5,4"
7390,base,"4,2,6"
7391,base,
7392,base,"5,1,6"
7393,base,"2,6,4"
7394,base,"5,3,6"
7395,base,
7396,base,
7397,base,"3,5,2"
7398,base,"3,5,2"
7399,base,"1,2,3"
7400,base,"4,6,3"
7401,base,"5,3,6"
7402,base,
7403,base,
7404,base,"5,3,6"
7405,base,"5,3,4"
7406,base,"4,2,5"
7407,base,
7408,base,"1,1,6"
7409,base,"5,3,6"
7410,base,"2,6,3"
7411,base,
7412,base,"3,6,1"
7413,base,"4,2,5"
7414,base,
7415,base,"4,2,6"
7416,base,"2,6,3"
7417,base,"4,2,6"
7418,base,
7419,base,"1,4,6"
7420,base,"2,5,6"
7421,base,"4,3,2"
7422,base,"1,2,3"
7423,base,
7424,base,"3,6,2"
7425,base,"3,5,2"
7426,base,"5,2,6"
7427,base,"1,4,2"
7428,base,"5,2,4"
7429,base,"3,6,2"
7430,base,"1,6,3"
7431,base,
7432,base,"6,1"
7433,base,"5,2,6"
7434,base,"4,3,6"
7435,base,"2,5,6"
7436,base,"3,6,5"
7437,base,
7438,base,"2,5,6"
7439,base,"5,2,6"
7440,base,
7441,base,"3,6,1"
7442,base,"3,5,2"
7443,base,
7444,base,"4,2,6"
7445,base,
7446,base,"4,2,6"
7447,base,"2,5,3"
7448,base,"1,6,3"
7449,base,"3,6,1"
7450,base,"4,2,5"
7451,base,"2,6,5"
7452,base,"5,3,1"
7453,base,
7454,base,
7455,base,"1,2,3"
7456,base,"1,3,6"
7457,base,"5,2,6"
7458,base,"4,5,2"
7459,base,"4,2,6"
7460,base,
7461,base,"1,4,2"
7462,base,"1,3,5"
7463,base,"3,5,2"
7464,base,"5,3,4"
7465,base,"1,2,3"
7466,base,"2,5,4"
7467,base,
7468,base,"4,2,6"
7469,base,"4,2,6"
7470,base,"4,3,5"
7471,base,
7472,base,"2,4,6"
7473,base,
7474,base,"3,4,6"
7475,base,"3,1,6"
7476,base,"3,4,6"
7477,base,"4,2,6"
7478,base,
7479,base,
7480,base,"3,4,5"
7481,base,"1,2,3"
7482,base,"3,1,5"
7483,base,"4,2,6"
7484,base,"1,4,6"
7485,base,"4,3,5"
7486,base,"1,6,3"
7487,base,"4,3,6"
7488,base,"4,2,6"
7489,base,"3,6,2"
7490,base,"1,2,3"
7491,base,"2,5,3"
7492,base,"1,4,3"
7493,base,"4,2,5"
7494,base,"1,2,3"
7495,base,"3,2,6"
7496,base,"5,3,1"
7497,base,"4,5,2"
7498,base,"2,2,4"
7499,base,
7500,base,
7501,base,"2,5,3"
7502,base,"1,6,3"
7503,base,"3,5,2"
7504,base,
7505,base,"3,6,2"
7506,base,"1,2,2"
7507,base,"4,3,2"
7508,base,"5,2,4"
7509,base,"2,5,3"
7510,base,"4,2,6"
7511,base,"4,2,5"
7512,base,
7513,base,"4,6,2"
7514,base,"4,2,6"
7515,base,
7516,base,"2,2"
7517,base,"3,2,6"
7518,base,"5,3,2"
7519,base,"4,2,6"
7520,base,"1,6,3"
7521,base,"2,4,6"
7522,base,"1,2,5"
7523,base,"1,5,2"
7524,base,"2,6,4"
7525,base,"5,3,6"
7526,base,"2,3,5"
7527,base,"2,5,4"
7528,base,
7529,base,"4,2,6"
7530,base,"1,4,2"
7531,base,"2,4,6"
7532,base,
7533,base,"5,3,6"
7534,base,"1,6,1"
7535,base,"4,2,6"
7536,base,"4,2,5"
7537,base,"1,5,3"
7538,base,"1,2,6"
7539,base,"5,2,6"
7540,base,"4,3,6"
7541,base,"4,2,6"
7542,base,"1,4,2"
7543,base,"1,6,3"
7544,base,
7545,base,"3,4,6"
7546,base,"2,4,5"
7547,base,
7548,base,"4,2,5"
7549,base,"3,6,2"
7550,base,
7551,base,"4,2,6"
7552,base,"2,5,1"
7553,base,
7554,base,"4,2,6"
7555,base,"4,3,6"
7556,base,"4,2,6"
7557,base,"4,3,6"
7558,base,"1,2,5"
7559,base,"1,6,1"
7560,base,"3,4,6"
7561,base,"4,6,3"
7562,base,"4,2,6"
7563,base,"4,2,6"
7564,base,"4,3,6"
7565,base,"2,4,6"
7566,base,"5,2,6"
7567,base,"6,6,6"
7568,base,"2,5,4"
7569,base,"3,6,5"
7570,base,"2,5,3"
7571,base,"4,2,6"
7572,base,
7573,base,"4,2,5"
7574,base,
7575,base,"4,2,6"
7576,base,"4,2,6"
7577,base,
7578,base,"3,6,5"
7579,base,"3,6,2"
7580,base,
7581,base,"1,2,3"
7582,base,"1,4,2"
7583,base,
7584,base,"4,3,6"
7585,base,
7586,base,
7587,base,"1,2,3"
7588,base,"6,1,6"
7589,base,"2,5,4"
7590,base,"2,5,4"
7591,base,"1,2,3"
7592,base,
7593,base,
7594,base,"1,4,2"
7595,base,
7596,base,"1,3,5"
7597,base,"4,2,6"
7598,base,"3,6,4"
7599,base,"1,5,3"
7600,base,"4,2,5"
7601,base,"5,3,6"
7602,base,"1,2,5"
7603,base,
7604,base,
7605,base,"5,2,6"
7606,base,"1,4,6"
7607,base,
7608,base,"4,6,2"
7609,base,"1,4,2"
7610,base,"3,3,2"
7611,base,"3,6,2"
7612,base,"2,5,4"
7613,base,
7614,base,"1,4,3"
7615,base,
7616,base,"1,6,3"
7617,base,
7618,base,"4,2,5"
7619,base,"3,5,2"
7620,base,"5,4,2"
7621,base,
7622,base,"1,2,3"
7623,base,1
7624,base,"3,5,2"
7625,base,"2,4,6"
7626,base,"3,6,2"
7627,base,"3,6,2"
7628,base,
7629,base,"3,1,5"
7630,base,"2,5,4"
7631,base,"3,5,2"
7632,base,"4,6,3"
7633,base,"5,3,6"
7634,base,"1,4,3"
7635,base,"4,6,2"
7636,base,"2,6,5"
7637,base,"2,4,6"
7638,base,"3,6,1"
7639,base,"5,3,6"
7640,base,"5,3,2"
7641,base,"2,4,5"
7642,base,"4,2,6"
7643,base,"1,6,3"
7644,base,"4,3,6"
7645,base,
7646,base,"3,6,5"
7647,base,
7648,base,
7649,base,
7650,base,
7651,base,"3,6,2"
7652,base,
7653,base,"1,3,6"
7654,base,"3,5,2"
7655,base,"4,2,5"
7656,base,
7657,base,"1,2,3"
7658,base,
7659,base,"4,3,6"
7660,base,"1,6,3"
7661,base,"3,6,2"
7662,base,"6,2,3"
7663,base,"3,4,6"
7664,base,"2,4,6"
7665,base,4
7666,base,"1,1,3"
7667,base,"1,4,2"
7668,base,
7669,base,"3,6,2"
7670,base,
7671,base,"1,3,2"
7672,base,"1,2,3"
7673,base,"1,4,6"
7674,base,
7675,base,"3,6,2"
7676,base,5
7677,base,"4,6,2"
7678,base,"4,2,6"
7679,base,
7680,base,"2,4,3"
7681,base,
7682,base,"3,6,4"
7683,base,"1,6,1"
7684,base,"3,2,6"
7685,base,"3,2,5"
7686,base,
7687,base,"5,3,6"
7688,base,"3,2,5"
7689,base,
7690,base,"2,4,5"
7691,base,
7692,base,"1,6,1"
7693,base,"1,6,4"
7694,base,"1,4,3"
7695,base,
7696,base,"2,4,6"
7697,base,"1,2,3"
7698,base,"4,5,3"
7699,base,"3,2,6"
7700,base,"4,2,6"
7701,base,"2,5,6"
7702,base,"3,2,4"
7703,base,"1,6,3"
7704,base,
7705,base,"2,5,6"
7706,base,"2,6,4"
7707,base,
7708,base,"2,5,1"
7709,base,"5,2,6"
7710,base,"4,5,2"
7711,base,"3,5,2"
7712,base,"1,4,2"
7713,base,"3,2,5"
7714,base,"1,3,5"
7715,base,"2,5"
7716,base,"3,1,5"
7717,base,"1,6,3"
7718,base,"1,3"
7719,base,"3,5,6"
7720,base,"5,2,6"
7721,base,5
7722,base,
7723,base,"3,2,6"
7724,base,"3,6,1"
7725,base,"4,6,2"
7726,base,
7727,base,"5,2,6"
7728,base,"4,3,5"
7729,base,"2,4,6"
7730,base,"3,6,2"
7731,base,
7732,base,"1,6,1"
7733,base,"3,6,2"
7734,base,"5,3,2"
7735,base,
7736,base,"4,3,6"
7737,base,"3,1,6"
7738,base,"1,6,3"
7739,base,"4,2,6"
7740,base,"1,2,3"
7741,base,"2,4,3"
7742,base,"4,5,2"
7743,base,"4,3,6"
7744,base,
7745,base,
7746,base,"4,6,2"
7747,base,"2,6,5"
7748,base,
7749,base,"2,4,6"
7750,base,3
7751,base,"4,6,3"
7752,base,"4,2,5"
7753,base,"5,2,4"
7754,base,
7755,base,2
7756,base,"4,2,6"
7757,base,"3,6,4"
7758,base,"4,3,2"
7759,base,"4,2,6"
7760,base,
7761,base,"3,2,5"
7762,base,"4,5,2"
7763,base,
7764,base,"2,6,4"
7765,base,"3,6,2"
7766,base,"5,3,6"
7767,base,
7768,base,"2,6,4"
7769,base,4
7770,base,"5,3,2"
7771,base,"5,6"
7772,base,"1,5,3"
7773,base,"3,6,5"
7774,base,"4,6,2"
7775,base,"3,2,6"
7776,base,"5,2,4"
7777,base,"2,6,4"
7778,base,"3,6,4"
7779,base,"4,2,6"
7780,base,"3,2,6"
7781,base,"3,6,2"
7782,base,"4,3,2"
7783,base,"5,3,6"
7784,base,"4,2,6"
7785,base,"3,5,6"
7786,base,
7787,base,"1,5,3"
7788,base,"3,2,5"
7789,base,
7790,base,"5,2,6"
7791,base,
7792,base,"1,4,2"
7793,base,"5,3,2"
7794,base,
7795,base,"4,3,2"
7796,base,"4,2,6"
7797,base,"4,2,6"
7798,base,1
7799,base,"3,6,5"
7800,base,"5,2,4"
7801,base,"5,2,4"
7802,base,"1,6,3"
7803,base,"5,2,6"
7804,base,"4,2,6"
7805,base,"2,5,4"
7806,base,"4,5,2"
7807,base,"4,3,6"
7808,base,
7809,base,"4,2,5"
7810,base,"1,6,3"
7811,base,"1,2,3"
7812,base,"1,3,2"
7813,base,"3,5,2"
7814,base,"5,3,1"
7815,base,"4,6,3"
7816,base,"4,2,5"
7817,base,
7818,base,"3,1,6"
7819,base,"4,6,1"
7820,base,"5,3,2"
7821,base,"2,5,6"
7822,base,
7823,base,"6,1,3"
7824,base,"3,6,2"
7825,base,"4,2,5"
7826,base,"4,2,6"
7827,base,"3,2,6"
7828,base,"3,6,4"
7829,base,"3,5,2"
7830,base,"5,3,2"
7831,base,"5,2,6"
7832,base,"1,2,3"
7833,base,"3,5,1"
7834,base,"5,2,6"
7835,base,"1,6,3"
7836,base,"1,3,2"
7837,base,"4,2,6"
7838,base,"3,5,2"
7839,base,"3,1,6"
7840,base,"4,3,6"
7841,base,"2,5"
7842,base,"4,2,6"
7843,base,"4,2,6"
7844,base,"3,5,2"
7845,base,
7846,base,"3,3"
7847,base,"3,6,2"
7848,base,"4,3,2"
7849,base,"4,2,6"
7850,base,
7851,base,"4,6,3"
7852,base,"3,6,1"
7853,base,
7854,base,"1,2,3"
7855,base,"5,3,4"
7856,base,
7857,base,"1,4,6"
7858,base,"2,6,5"
7859,base,"2,5,6"
7860,base,"3,5,2"
7861,base,"2,5,3"
7862,base,"4,3,6"
7863,base,
7864,base,"2,6,3"
7865,base,"2,5,6"
7866,base,"2,3"
7867,base,
7868,base,"1,5,2"
7869,base,"4,2,6"
7870,base,"1,3,2"
7871,base,"3,4,5"
7872,base,"4,2,6"
7873,base,"2,5,3"
7874,base,"4,3,5"
7875,base,
7876,base,"1,2,3"
7877,base,"3,6,2"
7878,base,
7879,base,"4,2,6"
7880,base,
7881,base,"2,6,3"
7882,base,"4,2,6"
7883,base,"2,5,1"
7884,base,
7885,base,"4,5,1"
7886,base,"4,2,6"
7887,base,"4,6,2"
7888,base,"2,6,5"
7889,base,"1,6,3"
7890,base,
7891,base,
7892,base,"2,5,4"
7893,base,"3,5,2"
7894,base,"1,2"
7895,base,
7896,base,"3,5,6"
7897,base,"1,4,2"
7898,base,"3,5,2"
7899,base,"4,2,6"
7900,base,"2,5,4"
7901,base,"2,6,3"
7902,base,"3,5,1"
7903,base,"4,2,6"
7904,base,"2,4,6"
7905,base,"2,6,5"
7906,base,"3,2,6"
7907,base,
7908,base,"1,2,3"
7909,base,"5,2,6"
7910,base,
7911,base,"4,2,6"
7912,base,"3,5,2"
7913,base,"2,6,4"
7914,base,"1,2,3"
7915,base,"1,2,3"
7916,base,"1,3,6"
7917,base,
7918,base,"5,3,2"
7919,base,"3,4,5"
7920,base,"2,5,3"
7921,base,"1,2,3"
7922,base,"5,2,6"
7923,base,"2,5,3"
7924,base,"4,2,6"
7925,base,"5,2,6"
7926,base,"1,2,3"
7927,base,"2,5,6"
7928,base,"1,3,6"
7929,base,"3,6,2"
7930,base,"1,1"
7931,base,"4,2,6"
7932,base,"1,2,3"
7933,base,"2,4,6"
7934,base,"4,3,6"
7935,base,"1,4,5"
7936,base,"1,2,3"
7937,base,"4,3,5"
7938,base,
7939,base,"1,4,2"
7940,base,"5,2,6"
7941,base,"4,2,6"
7942,base,"6,6,6"
7943,base,"4,2,6"
7944,base,"5,2,6"
7945,base,
7946,base,"1,3,2"
7947,base,"2,5,3"
7948,base,"1,6,1"
7949,base,"3,4,5"
7950,base,"5,2,6"
7951,base,"6,2"
7952,base,"2,5,3"
7953,base,"4,2,5"
7954,base,"4,2,6"
7955,base,"3,6,2"
7956,base,"4,2,6"
7957,base,"3,6,2"
7958,base,
7959,base,"5,3,2"
7960,base,
7961,base,5
7962,base,"4,2,6"
7963,base,"4,2,6"
7964,base,
7965,base,"3,5,2"
7966,base,
7967,base,
7968,base,"4,2,5"
7969,base,"1,2,5"
7970,base,"4,2,5"
7971,base,"2,5,3"
7972,base,"3,4,6"
7973,base,"3,1,6"
7974,base,"4,2,6"
7975,base,
7976,base,"1,4,5"
7977,base,"3,5,2"
7978,base,"1,6,2"
7979,base,"5,3,1"
7980,base,"4,2,5"
7981,base,"4,2,6"
7982,base,"4,2,6"
7983,base,"5,3,1"
7984,base,"3,4"
7985,base,"2,4,5"
7986,base,"4,3,6"
7987,base,"1,3,5"
7988,base,"4,2,6"
7989,base,"3,5,2"
7990,base,"4,3,6"
7991,base,"1,2,3"
7992,base,"3,6,1"
7993,base,
7994,base,"5,3,2"
7995,base,
7996,base,"1,2,3"
7997,base,"4,2,6"
7998,base,"3,5,1"
7999,base,
8000,base,"1,4,2"
8001,base,"4,2,6"
8002,base,"4,2,6"
8003,base,"1,2,3"
8004,base,"4,2,5"
8005,base,"4,2,6"
8006,base,"4,2,6"
8007,base,"4,2,6"
8008,base,"2,4,6"
8009,base,"2,4,6"
8010,base,"4,2,6"
8011,base,
8012,base,"5,2,3"
8013,base,"1,4,3"
8014,base,"3,5,6"
8015,base,"1,2,2"
8016,base,"2,5,6"
8017,base,
8018,base,"2,4,6"
8019,base,"3,6,5"
8020,base,"1,6,3"
8021,base,"3,6,2"
8022,base,
8023,base,2
8024,base,"3,5,4"
8025,base,"5,2,6"
8026,base,"1,3,2"
8027,base,"2,5,4"
8028,base,"1,3,4"
8029,base,"4,2,5"
8030,base,"3,6,2"
8031,base,"4,2,6"
8032,base,"4,2,6"
8033,base,
8034,base,"1,4,2"
8035,base,"2,6,5"
8036,base,"1,2,3"
8037,base,"4,2,6"
8038,base,"3,1,5"
8039,base,"3,6,4"
8040,base,"4,2,6"
8041,base,"3,5,1"
8042,base,"6,3,4"
8043,base,
8044,base,"4,3,5"
8045,base,"1,2,3"
8046,base,"4,2,6"
8047,base,"1,6,3"
8048,base,"1,6,1"
8049,base,1
8050,base,"2,6,5"
8051,base,"1,6,3"
8052,base,"3,1,6"
8053,base,"2,5,3"
8054,base,"4,2,6"
8055,base,"4,2,6"
8056,base,"3,6,2"
8057,base,"3,4,6"
8058,base,
8059,base,
8060,base,"5,2,6"
8061,base,
8062,base,"2,6,5"
8063,base,"4,2,6"
8064,base,"1,3,6"
8065,base,"2,4,6"
8066,base,"1,2,3"
8067,base,"2,5,6"
8068,base,"4,3,6"
8069,base,"3,6,2"
8070,base,"3,6,2"
8071,base,
8072,base,
8073,base,"5,3,6"
8074,base,"2,5,3"
8075,base,"4,2,6"
8076,base,"5,2,4"
8077,base,"3,6,2"
8078,base,
8079,base,"5,2,6"
8080,base,"4,2,6"
8081,base,"1,6"
8082,base,1
8083,base,"2,4,3"
8084,base,"1,2,3"
8085,base,"4,2,6"
8086,base,"3,6,5"
8087,base,"2,5,3"
8088,base,"4,2,6"
8089,base,"2,4,5"
8090,base,"3,6,5"
8091,base,"2,6,3"
8092,base,"4,2,6"
8093,base,"1,4,6"
8094,base,"1,2,5"
8095,base,3
8096,base,
8097,base,
8098,base,"3,6,4"
8099,base,"1,3,4"
8100,base,"1,2,4"
8101,base,"5,3,2"
8102,base,"3,1,6"
8103,base,"3,6,1"
8104,base,"3,4,2"
8105,base,"1,6,1"
8106,base,"5,3,2"
8107,base,
8108,base,"3,6"
8109,base,"1,1,6"
8110,base,"4,2,6"
8111,base,"5,4,6"
8112,base,"3,6,2"
8113,base,"2,6,3"
8114,base,"4,3,2"
8115,base,"3,6,4"
8116,base,
8117,base,"3,2,6"
8118,base,"4,2,6"
8119,base,
8120,base,
8121,base,"1,2,5"
8122,base,"1,2,5"
8123,base,
8124,base,"4,2,6"
8125,base,"4,2,6"
8126,base,"4,2,5"
8127,base,"4,2,5"
8128,base,"4,3,6"
8129,base,"2,5,1"
8130,base,"4,2,6"
8131,base,"1,3,5"
8132,base,"3,2,5"
8133,base,"4,2,6"
8134,base,"3,6,2"
8135,base,"2,4,3"
8136,base,
8137,base,"5,2,6"
8138,base,"3,2,5"
8139,base,"5,2,6"
8140,base,"2,4,6"
8141,base,"3,5,2"
8142,base,"2,5,6"
8143,base,"4,6,2"
8144,base,
8145,base,"1,3,6"
8146,base,
8147,base,"4,5,2"
8148,base,"2,5,3"
8149,base,
8150,base,"2,6,4"
8151,base,"2,5,3"
8152,base,"4,2,6"
8153,base,3
8154,base,"3,6,5"
8155,base,
8156,base,"4,2,6"
8157,base,"5,2,4"
8158,base,"5,2,6"
8159,base,"4,2,6"
8160,base,
8161,base,"4,2,6"
8162,base,"2,5,3"
8163,base,"1,2,3"
8164,base,"3,1,6"
8165,base,"1,3,2"
8166,base,"1,4,2"
8167,base,"4,2,6"
8168,base,
8169,base,"3,6,2"
8170,base,"4,2,5"
8171,base,"3,5,2"
8172,base,
8173,base,"2,6,4"
8174,base,"1,2,3"
8175,base,"5,2,6"
8176,base,"3,2,6"
8177,base,"4,3,2"
8178,base,"2,5,3"
8179,base,"2,6,4"
8180,base,"4,3,5"
8181,base,"3,6,2"
8182,base,"3,2,6"
8183,base,"3,2,6"
8184,base,"6,5,4"
8185,base,"5,3,1"
8186,base,"4,6,3"
8187,base,"4,6,2"
8188,base,"2,5,3"
8189,base,"2,4,6"
8190,base,"3,6,5"
8191,base,"1,6,3"
8192,base,"4,2,6"
8193,base,"4,2,6"
8194,base,
8195,base,"3,1,6"
8196,base,"1,2,5"
8197,base,"2,5,4"
8198,base,"1,3,5"
8199,base,"3,5,2"
8200,base,"2,6,5"
8201,base,"3,6,5"
8202,base,"1,2,4"
8203,base,
8204,base,"4,2,5"
8205,base,"5,2,6"
8206,base,"1,4,3"
8207,base,"4,6,2"
8208,base,"4,2,6"
8209,base,
8210,base,"2,4,6"
8211,base,"4,2,6"
8212,base,"4,6,2"
8213,base,"4,6,3"
8214,base,"4,2,6"
8215,base,
8216,base,
8217,base,"4,3,5"
8218,base,"2,6,5"
8219,base,"1,4,2"
8220,base,"1,4,3"
8221,base,
8222,base,"1,6,3"
8223,base,
8224,base,"4,2,6"
8225,base,"4,2,6"
8226,base,"1,2,3"
8227,base,"3,6,4"
8228,base,"5,3,2"
8229,base,
8230,base,
8231,base,"4,2,5"
8232,base,"2,4,6"
8233,base,"1,2,3"
8234,base,1
8235,base,"2,5,6"
8236,base,"4,2,6"
8237,base,"2,5,4"
8238,base,"5,2,6"
8239,base,"3,6"
8240,base,
8241,base,
8242,base,3
8243,base,"4,3,2"
8244,base,3
8245,base,"4,2,6"
8246,base,"1,1,6"
8247,base,"1,2,3"
8248,base,"4,2,6"
8249,base,"3,6,2"
8250,base,"3,5,2"
8251,base,
8252,base,"3,2,4"
8253,base,"4,2,6"
8254,base,"1,2,3"
8255,base,"3,5,2"
8256,base,"2,5,1"
8257,base,"3,6,2"
8258,base,"4,2,6"
8259,base,"2,6,3"
8260,base,"5,2,6"
8261,base,
8262,base,"1,6,1"
8263,base,
8264,base,
8265,base,"3,6,4"
8266,base,"5,2,3"
8267,base,"2,5,3"
8268,base,"4,3,5"
8269,base,"1,3,2"
8270,base,
8271,base,
8272,base,
8273,base,"3,6,2"
8274,base,"3,6,2"
8275,base,
8276,base,"1,3,6"
8277,base,"5,2,3"
8278,base,
8279,base,"3,6,4"
8280,base,"1,3"
8281,base,"3,6,2"
8282,base,"4,3,6"
8283,base,"4,2,6"
8284,base,"3,6,4"
8285,base,
8286,base,"2,5,1"
8287,base,"2,4"
8288,base,
8289,base,3
8290,base,
8291,base,"4,2,5"
8292,base,"4,1,2"
8293,base,"4,2,5"
8294,base,"3,5,2"
8295,base,"3,6,5"
8296,base,"3,6,1"
8297,base,"1,1,6"
8298,base,"4,2,6"
8299,base,"1,4,2"
8300,base,"3,4,6"
8301,base,"2,6,5"
8302,base,"1,1,6"
8303,base,1
8304,base,
8305,base,"1,2,3"
8306,base,"2,6,4"
8307,base,"4,3,2"
8308,base,
8309,base,
8310,base,"2,5,3"
8311,base,"5,2,6"
8312,base,"3,6,2"
8313,base,"3,2,6"
8314,base,"4,5,3"
8315,base,"4,3,6"
8316,base,"2,6,4"
8317,base,
8318,base,"5,3,6"
8319,base,
8320,base,"4,2,6"
8321,base,
8322,base,"4,3,2"
8323,base,"4,3,5"
8324,base,"4,2,6"
8325,base,"1,4,2"
8326,base,"3,1,6"
8327,base,"4,2,6"
8328,base,"2,5,4"
8329,base,"2,5,4"
8330,base,"4,2,6"
8331,base,"5,3,1"
8332,base,
8333,base,
8334,base,"4,2,6"
8335,base,"1,6"
8336,base,
8337,base,"4,3,6"
8338,base,"4,6,2"
8339,base,"4,2,6"
8340,base,"5,2,6"
8341,base,
8342,base,
8343,base,"5,2,6"
8344,base,
8345,base,
8346,base,"4,2,6"
8347,base,"4,2,5"
8348,base,"3,2,6"
8349,base,"4,2,6"
8350,base,"2,6,4"
8351,base,"5,3,4"
8352,base,"4,2,6"
8353,base,
8354,base,
8355,base,"3,2,5"
8356,base,"4,6,2"
8357,base,3
8358,base,"4,2,6"
8359,base,"1,2,3"
8360,base,"3,6,2"
8361,base,"4,2,6"
8362,base,"3,1,2"
8363,base,"4,3,6"
8364,base,"5,3,2"
8365,base,"2,5,4"
8366,base,"4,2,6"
8367,base,"1,6,1"
8368,base,"3,6,2"
8369,base,"3,5,2"
8370,base,
8371,base,"1,1,6"
8372,base,"1,6,3"
8373,base,"1,2,6"
8374,base,
8375,base,"5,3,1"
8376,base,"1,3,6"
8377,base,"3,6,5"
8378,base,6
8379,base,"4,2,6"
8380,base,"3,4,6"
8381,base,"2,4,6"
8382,base,"2,6,5"
8383,base,"4,3,6"
8384,base,"4,3,2"
8385,base,"3,6,4"
8386,base,"3,5"
8387,base,
8388,base,"4,3,2"
8389,base,"2,4,5"
8390,base,
8391,base,"2,5,3"
8392,base,"4,2,6"
8393,base,
8394,base,"4,3,6"
8395,base,"3,2,6"
8396,base,"1,4,2"
8397,base,"1,4,2"
8398,base,"3,5,2"
8399,base,"3,6,1"
8400,base,"3,6,1"
8401,base,"1,3,4"
8402,base,"4,5,6"
8403,base,"4,2,6"
8404,base,
8405,base,"3,4,6"
8406,base,
8407,base,"4,2,6"
8408,base,"2,6,1"
8409,base,"5,2,6"
8410,base,"1,4,6"
8411,base,"1,2,3"
8412,base,"3,1,6"
8413,base,
8414,base,"4,2,6"
8415,base,"4,3,6"
8416,base,"1,4,2"
8417,base,"4,2,6"
8418,base,"4,2,6"
8419,base,"1,3,4"
8420,base,"4,2,6"
8421,base,"4,2,6"
8422,base,"4,6,3"
8423,base,"2,6,4"
8424,base,"1,6,3"
8425,base,"5,3,6"
8426,base,
8427,base,"1,5,4"
8428,base,"4,2,6"
8429,base,
8430,base,"5,2,6"
8431,base,"6,5,3"
8432,base,
8433,base,"4,2,6"
8434,base,"3,2,5"
8435,base,"6,4,2"
8436,base,
8437,base,"4,2,6"
8438,base,"4,2,6"
8439,base,
8440,base,"1,2,2"
8441,base,"4,2,6"
8442,base,"2,5,3"
8443,base,"4,2,6"
8444,base,"1,4,6"
8445,base,"4,3,5"
8446,base,"5,2,6"
8447,base,"1,2,6"
8448,base,
8449,base,"2,5,3"
8450,base,"5,2,6"
8451,base,"1,4,2"
8452,base,
8453,base,
8454,base,"4,2,6"
8455,base,"5,3,2"
8456,base,"1,2,2"
8457,base,"4,3,2"
8458,base,"4,3,6"
8459,base,"4,2,5"
8460,base,
8461,base,
8462,base,"3,5,2"
8463,base,"4,3,6"
8464,base,"4,3,2"
8465,base,"4,2,6"
8466,base,"1,3,2"
8467,base,"1,3,5"
8468,base,"6,3,4"
8469,base,"1,6,3"
8470,base,"3,6,2"
8471,base,"2,6,4"
8472,base,
8473,base,
8474,base,"4,2,6"
8475,base,"3,2,6"
8476,base,"3,6,2"
8477,base,
8478,base,"6,2,4"
8479,base,"6,3,1"
8480,base,"3,2,6"
8481,base,
8482,base,"1,6,2"
8483,base,"1,2,3"
8484,base,"5,3,6"
8485,base,
8486,base,"1,5,4"
8487,base,"3,2,6"
8488,base,"4,6,3"
8489,base,"1,2,5"
8490,base,"3,6,2"
8491,base,"4,2,5"
8492,base,
8493,base,"3,6,2"
8494,base,"4,2,5"
8495,base,"2,5,6"
8496,base,"1,3,2"
8497,base,
8498,base,"2,6,4"
8499,base,"1,6,4"
8500,base,"5,3,1"
8501,base,"4,2,6"
8502,base,"4,1,5"
8503,base,"4,2,5"
8504,base,3
8505,base,"2,5,3"
8506,base,"3,6,2"
8507,base,"4,2,5"
8508,base,"4,2,6"
8509,base,"3,6,4"
8510,base,"4,2,6"
8511,base,"3,6,4"
8512,base,"6,6,6"
8513,base,"2,2,3"
8514,base,"2,5,4"
8515,base,"1,5,2"
8516,base,1
8517,base,"1,6,3"
8518,base,"2,6,1"
8519,base,
8520,base,"4,3,5"
8521,base,
8522,base,"5,2,6"
8523,base,"1,6,3"
8524,base,"1,2,3"
8525,base,"1,3,6"
8526,base,"3,5,2"
8527,base,
8528,base,"2,5,4"
8529,base,
8530,base,"1,6,3"
8531,base,"1,4,6"
8532,base,
8533,base,"5,2,3"
8534,base,"2,6,5"
8535,base,"3,5,2"
8536,base,"5,2,6"
8537,base,"4,2,6"
8538,base,"3,6,1"
8539,base,
8540,base,"4,6,3"
8541,base,"4,4,4"
8542,base,"1,6,3"
8543,base,"2,5,4"
8544,base,"3,6,2"
8545,base,"3,6,5"
8546,base,
8547,base,
8548,base,"5,2,6"
8549,base,"5,2,3"
8550,base,"1,4,6"
8551,base,"2,6,4"
8552,base,"1,5,2"
8553,base,"1,6,1"
8554,base,"3,5,2"
8555,base,"4,3,6"
8556,base,"3,5,2"
8557,base,"5,2,6"
8558,base,"3,5,2"
8559,base,"4,6,2"
8560,base,"3,6,1"
8561,base,"4,2,6"
8562,base,
8563,base,
8564,base,"1,6"
8565,base,
8566,base,"1,6"
8567,base,"2,6,4"
8568,base,"1,6,3"
8569,base,"4,3,6"
8570,base,"6,1,6"
8571,base,"4,5,2"
8572,base,
8573,base,"3,5,2"
8574,base,"1,3,5"
8575,base,"4,2,5"
8576,base,1
8577,base,"1,1,6"
8578,base,"4,2,5"
8579,base,"3,4,2"
8580,base,"3,6,1"
8581,base,
8582,base,"1,2,3"
8583,base,"2,5,3"
8584,base,"3,1,6"
8585,base,"4,2,5"
8586,base,"4,2,6"
8587,base,"3,6,4"
8588,base,"5,3,2"
8589,base,"4,6,3"
8590,base,"3,6,4"
8591,base,"3,5,4"
8592,base,
8593,base,"4,3,5"
8594,base,"4,2,6"
8595,base,
8596,base,"3,4,6"
8597,base,"4,2,5"
8598,base,"4,3,6"
8599,base,
8600,base,
8601,base,"4,2,6"
8602,base,"4,6,2"
8603,base,"1,5,2"
8604,base,"1,4,6"
8605,base,"5,2,6"
8606,base,"1,6,1"
8607,base,6
8608,base,"4,6,3"
8609,base,
8610,base,"5,2,4"
8611,base,"1,4,3"
8612,base,"1,5,2"
8613,base,"1,1,6"
8614,base,"5,2,4"
8615,base,"4,5,2"
8616,base,"4,2,5"
8617,base,"5,2,4"
8618,base,"3,6,2"
8619,base,"3,1,6"
8620,base,"1,2,6"
8621,base,"4,2,5"
8622,base,"4,2,5"
8623,base,"2,4,6"
8624,base,
8625,base,"1,2,3"
8626,base,"2,5,3"
8627,base,"3,5,6"
8628,base,"1,6,3"
8629,base,"2,5,3"
8630,base,"4,2,6"
8631,base,"5,3,6"
8632,base,
8633,base,"4,2,6"
8634,base,"5,2,3"
8635,base,"2,6,3"
8636,base,"4,2,6"
8637,base,"2,5,3"
8638,base,"2,5,6"
8639,base,"5,2,4"
8640,base,1
8641,base,"4,6,2"
8642,base,
8643,base,"3,4,6"
8644,base,"4,2,6"
8645,base,3
8646,base,"2,5,4"
8647,base,
8648,base,"3,6,4"
8649,base,
8650,base,"3,5,2"
8651,base,"5,2,4"
8652,base,"6,2,5"
8653,base,"3,6,1"
8654,base,"4,2,6"
8655,base,"2,5,3"
8656,base,"3,6,2"
8657,base,"3,2,5"
8658,base,"4,6,2"
8659,base,"1,4,2"
8660,base,"4,2,6"
8661,base,"3,2,6"
8662,base,"3,6,2"
8663,base,"5,2,6"
8664,base,"2,5,4"
8665,base,
8666,base,
8667,base,
8668,base,"1,2,3"
8669,base,"1,4,5"
8670,base,"5,3,4"
8671,base,"3,6"
8672,base,"5,3,6"
8673,base,"4,2,6"
8674,base,
8675,base,"1,4,6"
8676,base,"3,5,1"
8677,base,"5,3,6"
8678,base,"4,2,6"
8679,base,"2,5,6"
8680,base,
8681,base,"6,6,6"
8682,base,"1,3,4"
8683,base,
8684,base,
8685,base,"4,2,6"
8686,base,"3,6,4"
8687,base,
8688,base,"4,2,6"
8689,base,"4,2,6"
8690,base,
8691,base,"5,2,6"
8692,base,"2,6,5"
8693,base,"4,2,6"
8694,base,"1,6,1"
8695,base,
8696,base,
8697,base,"4,6,2"
8698,base,"3,6,2"
8699,base,"5,3,2"
8700,base,
8701,base,"4,5,6"
8702,base,"2,4,5"
8703,base,"1,3,5"
8704,base,"4,2,6"
8705,base,"3,4,2"
8706,base,
8707,base,"5,2,6"
8708,base,"5,2,6"
8709,base,"5,2,6"
8710,base,"1,3,2"
8711,base,
8712,base,"2,5,4"
8713,base,"1,2,3"
8714,base,"2,6,4"
8715,base,"4,2,6"
8716,base,"3,6,4"
8717,base,"1,3,2"
8718,base,"2,6,3"
8719,base,"4,2,6"
8720,base,"3,6,2"
8721,base,"2,5,3"
8722,base,"3,6,2"
8723,base,"1,6,3"
8724,base,"3,4,6"
8725,base,"2,4,3"
8726,base,"3,6,4"
8727,base,"1,2,3"
8728,base,"4,2,6"
8729,base,"1,6,1"
8730,base,4
8731,base,
8732,base,
8733,base,"2,4,6"
8734,base,
8735,base,"3,2,6"
8736,base,
8737,base,"4,2,6"
8738,base,"5,3,2"
8739,base,
8740,base,"4,2,6"
8741,base,"4,2,6"
8742,base,"3,2,5"
8743,base,
8744,base,"3,6,2"
8745,base,"1,6,3"
8746,base,"3,2,6"
8747,base,"2,6,5"
8748,base,"3,3,2"
8749,base,"3,1,6"
8750,base,
8751,base,
8752,base,"3,6,2"
8753,base,"3,5,2"
8754,base,"1,3,6"
8755,base,"2,5,3"
8756,base,"4,3,6"
8757,base,"4,2,6"
8758,base,
8759,base,"2,5,3"
8760,base,"2,5,3"
8761,base,"3,5,2"
8762,base,"3,4,2"
8763,base,"1,3,5"
8764,base,"4,3,6"
8765,base,"5,2,6"
8766,base,"2,4,6"
8767,base,"3,2,5"
8768,base,
8769,base,"1,6,2"
8770,base,1
8771,base,"3,6,4"
8772,base,"5,2,4"
8773,base,
8774,base,"1,2,3"
8775,base,"4,2,5"
8776,base,"1,2,5"
8777,base,"4,6,2"
8778,base,
8779,base,
8780,base,"3,2,6"
8781,base,
8782,base,"3,5,6"
8783,base,"2,5,3"
8784,base,"1,2,4"
8785,base,"2,5,1"
8786,base,"1,2,5"
8787,base,
8788,base,"2,5,3"
8789,base,
8790,base,
8791,base,"4,2,6"
8792,base,"4,6,2"
8793,base,"3,6,2"
8794,base,"3,5,2"
8795,base,"2,5"
8796,base,"4,3,6"
8797,base,"2,5,4"
8798,base,
8799,base,"4,2,6"
8800,base,"4,6,2"
8801,base,"2,6,3"
8802,base,
8803,base,
8804,base,"3,2,6"
8805,base,
8806,base,"2,6,4"
8807,base,"4,2,6"
8808,base,"2,6,4"
8809,base,"4,2,6"
8810,base,"3,6,5"
8811,base,"5,2,6"
8812,base,"2,5,6"
8813,base,"2,5,4"
8814,base,"5,2,6"
8815,base,
8816,base,
8817,base,
8818,base,
8819,base,"4,2,6"
8820,base,"3,6,2"
8821,base,"1,4,5"
8822,base,"3,1,6"
8823,base,"2,5,6"
8824,base,"4,2,6"
8825,base,"4,5,3"
8826,base,"3,5,2"
8827,base,"1,2"
8828,base,"2,5,3"
8829,base,"1,3,6"
8830,base,"2,5,4"
8831,base,"3,1,4"
8832,base,"1,4,3"
8833,base,"1,2,5"
8834,base,"5,3,2"
8835,base,
8836,base,"4,2,6"
8837,base,"1,6,1"
8838,base,"1,5,6"
8839,base,"1,4,2"
8840,base,"3,1,4"
8841,base,"1,4,2"
8842,base,"3,5,1"
8843,base,"2,5,3"
8844,base,"1,2,3"
8845,base,
8846,base,"2,4,6"
8847,base,"2,6,4"
8848,base,"3,6,1"
8849,base,"5,3,6"
8850,base,"4,5,2"
8851,base,"1,4,2"
8852,base,"3,6,1"
8853,base,"4,3,5"
8854,base,"4,6,2"
8855,base,"4,3,2"
8856,base,"4,6,2"
8857,base,
8858,base,"1,4,2"
8859,base,
8860,base,
8861,base,
8862,base,
8863,base,
8864,base,
8865,base,"1,5,2"
8866,base,"4,2,6"
8867,base,"2,5,1"
8868,base,"4,2,6"
8869,base,
8870,base,
8871,base,"4,6,1"
8872,base,
8873,base,"3,6,2"
8874,base,"1,4,5"
8875,base,"4,6,3"
8876,base,"1,3,6"
8877,base,"2,5,1"
8878,base,"3,2,5"
8879,base,
8880,base,"2,5,4"
8881,base,"4,2,6"
8882,base,3
8883,base,"4,2,6"
8884,base,"4,2,6"
8885,base,"5,3,6"
8886,base,"3,5,6"
8887,base,"4,2,6"
8888,base,
8889,base,"1,2,3"
8890,base,
8891,base,
8892,base,
8893,base,
8894,base,
8895,base,"4,6,2"
8896,base,"4,3,5"
8897,base,1
8898,base,"3,4,2"
8899,base,"1,6,1"
8900,base,
8901,base,
8902,base,
8903,base,"3,6,2"
8904,base,
8905,base,"2,5,1"
8906,base,"3,2,6"
8907,base,
8908,base,1
8909,base,"4,2,6"
8910,base,
8911,base,
8912,base,"1,4,2"
8913,base,"1,6,3"
8914,base,"1,5,3"
8915,base,"2,5,4"
8916,base,"4,2,6"
8917,base,"4,2,6"
8918,base,
8919,base,"4,2,6"
8920,base,"2,5,3"
8921,base,"2,5"
8922,base,"1,2,3"
8923,base,"4,2,6"
8924,base,
8925,base,"5,2,6"
8926,base,
8927,base,"4,3,6"
8928,base,
8929,base,
8930,base,"3,2,5"
8931,base,6
8932,base,"3,6,2"
8933,base,"1,2,5"
8934,base,"4,2,6"
8935,base,"4,2,6"
8936,base,"4,2,6"
8937,base,"1,5,2"
8938,base,"6,1,4"
8939,base,"4,3,6"
8940,base,"5,2,6"
8941,base,"3,6,2"
8942,base,"1,5,2"
8943,base,"2,1,3"
8944,base,"4,6,3"
8945,base,"4,2,6"
8946,base,"4,2,6"
8947,base,"1,2,3"
8948,base,
8949,base,"2,6,4"
8950,base,"1,6,3"
8951,base,"1,3,6"
8952,base,"4,3,6"
8953,base,"1,6,1"
8954,base,
8955,base,
8956,base,"4,2,5"
8957,base,"4,3,6"
8958,base,"2,6,4"
8959,base,"3,5,1"
8960,base,"2,5,6"
8961,base,"1,4,2"
8962,base,"2,6,4"
8963,base,
8964,base,"2,5,3"
8965,base,"4,2,6"
8966,base,"3,6,4"
8967,base,"5,2,6"
8968,base,"4,3,6"
8969,base,"3,6,2"
8970,base,"5,4,3"
8971,base,"4,2,6"
8972,base,"4,6,3"
8973,base,
8974,base,"2,6,3"
8975,base,"1,4,2"
8976,base,
8977,base,"2,6,4"
8978,base,"5,2,6"
8979,base,
8980,base,
8981,base,"4,6,3"
8982,base,"4,3,6"
8983,base,"2,5,3"
8984,base,"3,2,5"
8985,base,"2,5,3"
8986,base,"2,5,3"
8987,base,
8988,base,"4,2,6"
8989,base,"4,2,5"
8990,base,"2,4,6"
8991,base,"2,5,3"
8992,base,
8993,base,"2,5,3"
8994,base,"3,6"
8995,base,"6,3"
8996,base,"1,4,2"
8997,base,"2,4,3"
8998,base,"2,5,4"
8999,base,"1,3,6"
9000,base,"4,2,6"
9001,base,
9002,base,"3,6,2"
9003,base,"4,2,6"
9004,base,"3,6,2"
9005,base,"1,4,3"
9006,base,"1,6,3"
9007,base,"4,3,6"
9008,base,"1,4,6"
9009,base,
9010,base,"1,5,6"
9011,base,"3,1,6"
9012,base,"3,6,2"
9013,base,"2,6,3"
9014,base,"2,5,3"
9015,base,"4,6,3"
9016,base,
9017,base,"1,1,3"
9018,base,
9019,base,"4,2,6"
9020,base,"3,6,2"
9021,base,"2,5,4"
9022,base,"1,2,3"
9023,base,"4,2,6"
9024,base,"3,6,2"
9025,base,"4,2,5"
9026,base,"3,6,2"
9027,base,
9028,base,"3,6,5"
9029,base,
9030,base,3
9031,base,"3,5,2"
9032,base,"2,5,3"
9033,base,
9034,base,"3,6,1"
9035,base,
9036,base,"3,2,6"
9037,base,"1,2,3"
9038,base,"1,4,3"
9039,base,"1,4,2"
9040,base,"3,6,2"
9041,base,"4,2,6"
9042,base,"3,6,4"
9043,base,"1,4,5"
9044,base,"4,2,5"
9045,base,"4,5,3"
9046,base,"4,2,6"
9047,base,"2,4,6"
9048,base,"3,6"
9049,base,"4,3,5"
9050,base,"4,6,2"
9051,base,"3,2,6"
9052,base,
9053,base,"3,5,2"
9054,base,"4,6,3"
9055,base,"2,5,6"
9056,base,"4,2,6"
9057,base,"2,6,4"
9058,base,"1,5,3"
9059,base,"2,4,6"
9060,base,"4,3,6"
9061,base,"3,4,5"
9062,base,"5,3,6"
9063,base,"4,2,6"
9064,base,"2,6,3"
9065,base,
9066,base,"5,2,6"
9067,base,"5,3,1"
9068,base,"4,2,5"
9069,base,"3,6,2"
9070,base,
9071,base,"1,4,3"
9072,base,"4,2,6"
9073,base,"2,5,3"
9074,base,1
9075,base,
9076,base,"1,2,3"
9077,base,"3,5,2"
9078,base,"1,2,3"
9079,base,"4,6,3"
9080,base,"1,2,3"
9081,base,
9082,base,"1,5,3"
9083,base,"1,5,2"
9084,base,"4,2,6"
9085,base,"5,3,6"
9086,base,"5,3,2"
9087,base,"2,4,6"
9088,base,"4,2,6"
9089,base,
9090,base,"4,2,6"
9091,base,"5,2,6"
9092,base,"2,5,1"
9093,base,"2,6,1"
9094,base,"2,5,4"
9095,base,"1,4,6"
9096,base,"4,2,6"
9097,base,"4,2,5"
9098,base,"4,6,5"
9099,base,"3,6,2"
9100,base,
9101,base,"5,2,4"
9102,base,"4,6,5"
9103,base,"4,5,1"
9104,base,"3,6,2"
9105,base,
9106,base,
9107,base,"1,3,2"
9108,base,
9109,base,
9110,base,"2,4,6"
9111,base,
9112,base,
9113,base,
9114,base,"3,5,2"
9115,base,"5,3,6"
9116,base,"3,5,2"
9117,base,"3,6,1"
9118,base,
9119,base,"3,5,2"
9120,base,
9121,base,"4,3,2"
9122,base,"5,3,6"
9123,base,"1,2,3"
9124,base,"1,4,3"
9125,base,"1,2"
9126,base,"4,2,6"
9127,base,"3,4,5"
9128,base,"3,5,6"
9129,base,"4,2,6"
9130,base,"2,6,4"
9131,base,
9132,base,"5,3,2"
9133,base,"4,2,6"
9134,base,
9135,base,"5,2,6"
9136,base,3
9137,base,"3,6,2"
9138,base,"4,2,5"
9139,base,"1,3,6"
9140,base,"5,3,6"
9141,base,"1,4,6"
9142,base,"4,2,5"
9143,base,"1,3,2"
9144,base,"3,6,4"
9145,base,"4,2,6"
9146,base,"4,6,1"
9147,base,"4,2,6"
9148,base,"1,2,3"
9149,base,
9150,base,"2,5,4"
9151,base,"5,2,3"
9152,base,"4,6,3"
9153,base,"2,6,4"
9154,base,"2,5,3"
9155,base,"2,4,3"
9156,base,"4,2,6"
9157,base,"3,4,5"
9158,base,"3,5,6"
9159,base,"4,2,6"
9160,base,"1,5,3"
9161,base,"1,2,3"
9162,base,"4,2,6"
9163,base,"1,5,3"
9164,base,"4,2,6"
9165,base,"3,5,2"
9166,base,
9167,base,
9168,base,"2,5,3"
9169,base,"4,2,5"
9170,base,"4,3,6"
9171,base,"4,2,6"
9172,base,"1,6,3"
9173,base,"4,2,6"
9174,base,"5,2,6"
9175,base,"1,2,3"
9176,base,
9177,base,"4,3,6"
9178,base,"2,5,1"
9179,base,"3,5,2"
9180,base,"1,2,3"
9181,base,"1,5,2"
9182,base,"5,3,1"
9183,base,"3,4,6"
9184,base,"4,6,5"
9185,base,"1,2,5"
9186,base,"1,4,2"
9187,base,"5,2,6"
9188,base,
9189,base,"2,5,3"
9190,base,"1,3"
9191,base,"3,6,2"
9192,base,
9193,base,"3,1,6"
9194,base,"1,3,5"
9195,base,"6,2,5"
9196,base,"2,6,4"
9197,base,"1,6,3"
9198,base,"4,3,6"
9199,base,
9200,base,"3,6,3"
9201,base,"2,6,5"
9202,base,"2,5,3"
9203,base,"2,5,6"
9204,base,
9205,base,"1,5,2"
9206,base,
9207,base,"2,5,3"
9208,base,1
9209,base,"4,2,6"
9210,base,"1,4,3"
9211,base,"3,6,4"
9212,base,
9213,base,"4,5,2"
9214,base,"1,4,2"
9215,base,"1,4,6"
9216,base,"3,5,2"
9217,base,"5,2,6"
9218,base,
9219,base,"3,5,2"
9220,base,
9221,base,"5,3,6"
9222,base,"1,2,3"
9223,base,"1,4,2"
9224,base,"2,6,5"
9225,base,"4,2"
9226,base,"6,1,3"
9227,base,"3,6,2"
9228,base,
9229,base,"2,6,3"
9230,base,
9231,base,"4,2,6"
9232,base,"3,6,4"
9233,base,"4,2,6"
9234,base,"2,4,6"
9235,base,"2,5,4"
9236,base,"3,4,6"
9237,base,
9238,base,"2,5,3"
9239,base,"5,3,2"
9240,base,"4,2,6"
9241,base,"4,2,6"
9242,base,"1,6,3"
9243,base,3
9244,base,"5,3,2"
9245,base,"3,6,2"
9246,base,"1,5,3"
9247,base,"2,6,4"
9248,base,"2,6,5"
9249,base,
9250,base,
9251,base,"2,5,1"
9252,base,"4,3,2"
9253,base,"3,5,2"
9254,base,"2,5,3"
9255,base,"4,2,6"
9256,base,"4,3,6"
9257,base,"4,2,6"
9258,base,"4,2,6"
9259,base,"4,2,6"
9260,base,"4,2,6"
9261,base,"3,6,2"
9262,base,"4,2,6"
9263,base,"5,3,6"
9264,base,"5,3,2"
9265,base,"2,4,3"
9266,base,"5,2,3"
9267,base,"4,3,6"
9268,base,"4,2,6"
9269,base,"1,2,2"
9270,base,"4,2,6"
9271,base,"5,3,2"
9272,base,"1,4,6"
9273,base,"4,2,5"
9274,base,"4,2,6"
9275,base,"1,5,2"
9276,base,"2,5,6"
9277,base,"4,6,1"
9278,base,
9279,base,
9280,base,3
9281,base,"3,5,2"
9282,base,"4,2,5"
9283,base,"4,3,6"
9284,base,"3,6,4"
9285,base,
9286,base,"3,1,6"
9287,base,"1,3,6"
9288,base,"5,2,6"
9289,base,"3,6,2"
9290,base,"2,4,6"
9291,base,"4,6,5"
9292,base,"4,3,6"
9293,base,"2,5,3"
9294,base,
9295,base,
9296,base,
9297,base,"3,6,2"
9298,base,"4,3,2"
9299,base,"2,4,6"
9300,base,
9301,base,"4,2,6"
9302,base,"3,2,6"
9303,base,
9304,base,
9305,base,"5,3,6"
9306,base,"4,2,6"
9307,base,"1,2,5"
9308,base,"1,3,6"
9309,base,"4,2,5"
9310,base,"3,4,5"
9311,base,"1,6,3"
9312,base,"4,2,6"
9313,base,"4,6,2"
9314,base,"1,2,3"
9315,base,"1,2"
9316,base,
9317,base,
9318,base,
9319,base,"2,6,4"
9320,base,"2,5,4"
9321,base,"1,2,3"
9322,base,6
9323,base,"4,2,6"
9324,base,"1,5,2"
9325,base,3
9326,base,
9327,base,"4,3"
9328,base,"1,3,5"
9329,base,"2,5,3"
9330,base,"4,5"
9331,base,
9332,base,"2,4,5"
9333,base,"5,2,6"
9334,base,"3,4,2"
9335,base,"3,5,2"
9336,base,
9337,base,"3,6,2"
9338,base,"2,6"
9339,base,"1,2,3"
9340,base,
9341,base,
9342,base,"1,6,1"
9343,base,
9344,base,
9345,base,"4,2,6"
9346,base,
9347,base,"4,5,6"
9348,base,"5,2,4"
9349,base,"2,5,6"
9350,base,
9351,base,
9352,base,"1,4,3"
9353,base,"4,2,6"
9354,base,"3,5,1"
9355,base,"1,4,3"
9356,base,"4,2,6"
9357,base,"4,3,6"
9358,base,"1,4,3"
9359,base,"2,5,1"
9360,base,"4,2,6"
9361,base,
9362,base,"3,6,2"
9363,base,"2,4,6"
9364,base,"1,2,6"
9365,base,"4,2,6"
9366,base,"3,4,6"
9367,base,"4,3"
9368,base,"1,6,3"
9369,base,"1,4,2"
9370,base,"4,3,6"
9371,base,"4,6"
9372,base,
9373,base,"2,4,6"
9374,base,"4,1"
9375,base,
9376,base,"2,5,3"
9377,base,"2,6,4"
9378,base,"2,5,4"
9379,base,
9380,base,"1,4,6"
9381,base,"3,2,6"
9382,base,"5,3,2"
9383,base,
9384,base,
9385,base,"4,2,6"
9386,base,
9387,base,"2,5,3"
9388,base,"2,4,6"
9389,base,"1,5,1"
9390,base,
9391,base,"4,2,6"
9392,base,
9393,base,
9394,base,"3,5,6"
9395,base,"1,3,4"
9396,base,
9397,base,
9398,base,"1,4,2"
9399,base,
9400,base,"5,2,6"
9401,base,"1,3,2"
9402,base,"3,5,1"
9403,base,
9404,base,"2,5,1"
9405,base,"1,3,2"
9406,base,"3,6,4"
9407,base,"3,2,6"
9408,base,"3,6,2"
9409,base,"1,4,6"
9410,base,"1,2,5"
9411,base,"4,3,6"
9412,base,
9413,base,"4,2,6"
9414,base,
9415,base,
9416,base,"1,4,3"
9417,base,"1,1,6"
9418,base,"2,5,3"
9419,base,
9420,base,"3,5,6"
9421,base,
9422,base,"4,2,5"
9423,base,"3,6,5"
9424,base,"5,3,6"
9425,base,"4,2,6"
9426,base,"1,4,2"
9427,base,"1,6,1"
9428,base,
9429,base,
9430,base,3
9431,base,"2,6,5"
9432,base,"3,5,2"
9433,base,"4,2,5"
9434,base,"4,3,2"
9435,base,"4,2,5"
9436,base,
9437,base,"3,6,1"
9438,base,"2,4"
9439,base,
9440,base,
9441,base,"1,4"
9442,base,"2,5,3"
9443,base,"3,6,5"
9444,base,"3,2,6"
9445,base,"3,6,2"
9446,base,"2,5,6"
9447,base,"3,6,4"
9448,base,
9449,base,"4,2,6"
9450,base,"2,4,3"
9451,base,6
9452,base,
9453,base,"1,3,5"
9454,base,"2,6,4"
9455,base,3
9456,base,"4,3,6"
9457,base,"4,2,6"
9458,base,
9459,base,
9460,base,"2,5,3"
9461,base,"4,2,6"
9462,base,"4,3,6"
9463,base,"2,5,4"
9464,base,"4,2,5"
9465,base,"5,3,1"
9466,base,"3,5,2"
9467,base,"4,2,6"
9468,base,"4,2,6"
9469,base,"4,2,6"
9470,base,"4,2,6"
9471,base,"3,6,4"
9472,base,"1,6,3"
9473,base,"2,4,5"
9474,base,"2,5,3"
9475,base,"1,1,6"
9476,base,
9477,base,"4,2,5"
9478,base,"2,4,6"
9479,base,"1,5,3"
9480,base,"2,5,3"
9481,base,
9482,base,"1,2,3"
9483,base,
9484,base,"4,2,6"
9485,base,
9486,base,"4,2,6"
9487,base,"2,6,5"
9488,base,
9489,base,
9490,base,
9491,base,"3,6,4"
9492,base,"3,6,4"
9493,base,"4,2,6"
9494,base,"1,5,4"
9495,base,
9496,base,"4,5,2"
9497,base,"3,1,6"
9498,base,"5,2,6"
9499,base,"3,2,6"
9500,base,"3,6,2"
9501,base,"4,2,6"
9502,base,"3,6,2"
9503,base,
9504,base,
9505,base,"4,2,6"
9506,base,"2,4,6"
9507,base,"4,5,2"
9508,base,"4,4,3"
9509,base,"4,2,6"
9510,base,"4,2,6"
9511,base,"1,2,4"
9512,base,"3,6,2"
9513,base,"4,2,5"
9514,base,"1,6,1"
9515,base,"4,2,6"
9516,base,"4,6,2"
9517,base,"2,5,3"
9518,base,"4,2,6"
9519,base,"1,4,6"
9520,base,
9521,base,
9522,base,"2,5,3"
9523,base,"4,3,6"
9524,base,"1,6,3"
9525,base,"4,2,6"
9526,base,"5,3,1"
9527,base,"4,2,6"
9528,base,1
9529,base,
9530,base,
9531,base,"1,2,3"
9532,base,"5,3,2"
9533,base,
9534,base,"4,6,3"
9535,base,"1,6,1"
9536,base,"4,2,6"
9537,base,"5,2,3"
9538,base,"4,2,6"
9539,base,
9540,base,"3,6,1"
9541,base,"4,2,6"
9542,base,
9543,base,"4,3,6"
9544,base,"4,3,2"
9545,base,6
9546,base,"3,6,2"
9547,base,"4,2,6"
9548,base,"1,3,5"
9549,base,"4,2,6"
9550,base,"2,6,3"
9551,base,"5,2,6"
9552,base,"4,6,2"
9553,base,"3,2,6"
9554,base,"3,2,6"
9555,base,"4,2,6"
9556,base,"5,3,6"
9557,base,"2,4,5"
9558,base,"2,5,4"
9559,base,
9560,base,
9561,base,
9562,base,"1,3,5"
9563,base,"1,4,2"
9564,base,"4,2,6"
9565,base,
9566,base,
9567,base,"4,2,6"
9568,base,"3,6,4"
9569,base,
9570,base,"3,5,1"
9571,base,
9572,base,"3,2,5"
9573,base,"4,2,6"
9574,base,"3,2,6"
9575,base,"4,2,6"
9576,base,"4,3,2"
9577,base,"3,5,4"
9578,base,
9579,base,"4,2,5"
9580,base,"2,4,3"
9581,base,"2,6,3"
9582,base,"4,2,6"
9583,base,"2,4,6"
9584,base,"3,5,2"
9585,base,"3,1,6"
9586,base,"4,6,2"
9587,base,"5,3,2"
9588,base,"4,2,6"
9589,base,
9590,base,"4,2,6"
9591,base,
9592,base,
9593,base,"1,6,3"
9594,base,"1,4,5"
9595,base,"1,2,3"
9596,base,"1,2,3"
9597,base,"4,2,5"
9598,base,"5,2,6"
9599,base,"5,2,6"
9600,base,"2,4,6"
9601,base,"3,5,2"
9602,base,"5,3,2"
9603,base,
9604,base,"4,2,6"
9605,base,"1,6"
9606,base,"3,5,2"
9607,base,"4,5,2"
9608,base,"4,2,6"
9609,base,
9610,base,"2,6,4"
9611,base,"1,3,4"
9612,base,"4,2,5"
9613,base,"5,3,6"
9614,base,"4,3,6"
9615,base,"4,2,5"
9616,base,"4,3,5"
9617,base,"2,4,5"
9618,base,
9619,base,"4,2,6"
9620,base,"1,4,6"
9621,base,"5,2,6"
9622,base,"4,2,6"
9623,base,"4,2,6"
9624,base,"1,4,6"
9625,base,"4,2,6"
9626,base,"3,6,2"
9627,base,
9628,base,"2,5,1"
9629,base,"2,4,3"
9630,base,"2,6,4"
9631,base,"1,3,6"
9632,base,
9633,base,"3,6,4"
9634,base,"5,3,2"
9635,base,
9636,base,"1,2,3"
9637,base,"5,4,3"
9638,base,"3,6,5"
9639,base,"2,4,5"
9640,base,
9641,base,"1,6"
9642,base,"3,6,4"
9643,base,3
9644,base,
9645,base,"3,6,1"
9646,base,"6,3,5"
9647,base,"5,3,4"
9648,base,"4,2,6"
9649,base,
9650,base,"3,6,2"
9651,base,"3,6,4"
9652,base,"4,6,3"
9653,base,"4,6,2"
9654,base,"3,6,4"
9655,base,"2,5,3"
9656,base,"1,4,3"
9657,base,"2,5,3"
9658,base,"4,6,3"
9659,base,
9660,base,"2,6,4"
9661,base,"3,6,4"
9662,base,"2,5,1"
9663,base,"4,6,2"
9664,base,"2,4,5"
9665,base,"3,6,4"
9666,base,"2,4,6"
9667,base,"4,6,2"
9668,base,"4,2,5"
9669,base,
9670,base,"6,3"
9671,base,"2,6,1"
9672,base,"2,6,3"
9673,base,"4,6,5"
9674,base,"4,2,6"
9675,base,"4,3,6"
9676,base,
9677,base,"1,2,3"
9678,base,"1,5,3"
9679,base,"5,2,6"
9680,base,"3,6,2"
9681,base,"3,6,1"
9682,base,"4,2,6"
9683,base,"2,5,3"
9684,base,"3,6,5"
9685,base,
9686,base,"2,5,3"
9687,base,1
9688,base,"3,1,1"
9689,base,"1,2,5"
9690,base,
9691,base,"4,2,5"
9692,base,"2,6,5"
9693,base,"3,1,6"
9694,base,"4,2,5"
9695,base,"3,1,6"
9696,base,"2,4,5"
9697,base,"1,4,2"
9698,base,"2,5,6"
9699,base,"4,2,5"
9700,base,"4,2,6"
9701,base,"4,2,6"
9702,base,
9703,base,"3,6,2"
9704,base,"2,6,4"
9705,base,"3,5,2"
9706,base,"3,5,2"
9707,base,"3,6,2"
9708,base,"4,3,6"
9709,base,"4,2,6"
9710,base,"4,2,6"
9711,base,"3,4,6"
9712,base,"4,2,6"
9713,base,"4,3,6"
9714,base,"1,2,5"
9715,base,"4,2,6"
9716,base,"4,2,6"
9717,base,2
9718,base,
9719,base,5
9720,base,"4,2,5"
9721,base,"3,6,2"
9722,base,"4,6,3"
9723,base,"3,6,2"
9724,base,"2,4,6"
9725,base,"4,2,6"
9726,base,"1,4,6"
9727,base,"2,6,4"
9728,base,"2,4,6"
9729,base,"4,2,6"
9730,base,
9731,base,"5,3,2"
9732,base,"3,6,1"
9733,base,"1,6,1"
9734,base,"1,2,3"
9735,base,
9736,base,"1,6,3"
9737,base,"1,4,2"
9738,base,"4,3,6"
9739,base,"3,4,1"
9740,base,"3,5,2"
9741,base,"2,5,3"
9742,base,4
9743,base,"3,6,2"
9744,base,"4,3,6"
9745,base,
9746,base,
9747,base,"4,2,6"
9748,base,"1,2,3"
9749,base,"5,3,2"
9750,base,"3,6,1"
9751,base,"4,6,3"
9752,base,"4,3,6"
9753,base,"1,4,3"
9754,base,"4,3,6"
9755,base,"1,6,3"
9756,base,"4,2,5"
9757,base,"4,3,6"
9758,base,"1,4,3"
9759,base,"4,6,2"
9760,base,
9761,base,
9762,base,"5,3,2"
9763,base,"5,3,2"
9764,base,"3,6,2"
9765,base,"3,1,6"
9766,base,"1,6,3"
9767,base,"4,3,6"
9768,base,"3,2,5"
9769,base,"3,6,4"
9770,base,"3,5"
9771,base,
9772,base,"3,6,4"
9773,base,"3,6,2"
9774,base,"4,2,6"
9775,base,
9776,base,"2,6,4"
9777,base,"1,4,2"
9778,base,"2,4,6"
9779,base,
9780,base,"4,2,6"
9781,base,"3,5,1"
9782,base,"1,6"
9783,base,"1,3,6"
9784,base,"1,3,2"
9785,base,"4,2,6"
9786,base,"4,2,6"
9787,base,"2,3,4"
9788,base,
9789,base,
9790,base,"5,2,4"
9791,base,"3,1,6"
9792,base,"4,2,6"
9793,base,"4,3,6"
9794,base,"4,2,6"
9795,base,
9796,base,"5,2,6"
9797,base,"4,2,6"
9798,base,"4,2,6"
9799,base,"2,4,6"
9800,base,
9801,base,"5,2,6"
9802,base,"4,2,6"
9803,base,"1,2,3"
9804,base,"4,2,6"
9805,base,"4,2,6"
9806,base,"2,5,6"
9807,base,
9808,base,"3,5,2"
9809,base,
9810,base,
9811,base,"1,3,6"
9812,base,"3,6,5"
9813,base,"3,2,6"
9814,base,
9815,base,
9816,base,
9817,base,"1,4,6"
9818,base,
9819,base,"4,2,6"
9820,base,"1,3,6"
9821,base,"1,6,1"
9822,base,"4,6,3"
9823,base,"1,6"
9824,base,"2,5,3"
9825,base,"1,3"
9826,base,
9827,base,
9828,base,
9829,base,"2,4,3"
9830,base,
9831,base,"5,3,6"
9832,base,"5,3,6"
9833,base,"4,3,6"
9834,base,"3,1"
9835,base,"1,4,2"
9836,base,"4,2,6"
9837,base,"3,6,4"
9838,base,
9839,base,"3,5,1"
9840,base,
9841,base,"4,3,5"
9842,base,
9843,base,"1,6,4"
9844,base,"3,2,6"
9845,base,
9846,base,"2,6,4"
9847,base,"3,4,5"
9848,base,"5,3,6"
9849,base,"3,4,2"
9850,base,"1,5,3"
9851,base,"5,3,2"
9852,base,"4,3"
9853,base,"4,2,6"
9854,base,"4,2,6"
9855,base,
9856,base,"4,2,6"
9857,base,"1,4,5"
9858,base,"3,1,6"
9859,base,
9860,base,"2,5,4"
9861,base,"3,6,2"
9862,base,"4,2,6"
9863,base,"2,5,3"
9864,base,"1,4,2"
9865,base,"2,5,6"
9866,base,"4,6,2"
9867,base,"3,2,6"
9868,base,"2,4,6"
9869,base,
9870,base,"1,4,6"
9871,base,
9872,base,"1,6,2"
9873,base,
9874,base,"3,6,2"
9875,base,"3,2,6"
9876,base,"4,2,6"
9877,base,"4,2,6"
9878,base,"4,6,2"
9879,base,"2,5,1"
9880,base,"4,2,5"
9881,base,
9882,base,"3,6,1"
9883,base,"1,6,4"
9884,base,1
9885,base,"5,2,6"
9886,base,
9887,base,"3,5,2"
9888,base,"3,2,4"
9889,base,"1,2,3"
9890,base,"1,2,3"
9891,base,"2,6,4"
9892,base,"2,6,3"
9893,base,"1,2,3"
9894,base,
9895,base,
9896,base,"3,6,4"
9897,base,"4,3,5"
9898,base,"4,2,6"
9899,base,
9900,base,"1,3,4"
9901,base,"3,5,6"
9902,base,"1,2,3"
9903,base,1
9904,base,"3,2,5"
9905,base,"3,5,2"
9906,base,"1,2,3"
9907,base,"3,6,2"
9908,base,"2,3"
9909,base,
9910,base,"2,6,4"
9911,base,
9912,base,
9913,base,
9914,base,
9915,base,"4,6,3"
9916,base,"1,2,3"
9917,base,
9918,base,"4,2,6"
9919,base,1
9920,base,"4,3,5"
9921,base,"3,6,1"
9922,base,"2,5,4"
9923,base,"3,2,4"
9924,base,"1,3,2"
9925,base,"2,5,3"
9926,base,"1,6"
9927,base,"4,5,3"
9928,base,"3,5,2"
9929,base,"2,5,3"
9930,base,"1,5,2"
9931,base,"4,2,6"
9932,base,
9933,base,"1,4,5"
9934,base,"4,6,2"
9935,base,"5,3,2"
9936,base,
9937,base,
9938,base,"4,5,6"
9939,base,"4,6,3"
9940,base,
9941,base,"1,4,6"
9942,base,"2,5,3"
9943,base,"3,5,2"
9944,base,"4,2,6"
9945,base,"4,2,6"
9946,base,"2,3,6"
9947,base,"4,3,6"
9948,base,"2,6,4"
9949,base,"2,4,5"
9950,base,1
9951,base,"1,5,2"
9952,base,3
9953,base,"3,6,2"
9954,base,"3,4,5"
9955,base,"1,3,5"
9956,base,"1,4,2"
9957,base,"3,6,1"
9958,base,"4,2,6"
9959,base,"2,4,3"
9960,base,"1,2,3"
9961,base,"1,4,2"
9962,base,"3,6,1"
9963,base,"2,6,5"
9964,base,"1,3,6"
9965,base,"2,5,1"
9966,base,"4,2,6"
9967,base,"1,2,5"
9968,base,"4,6,3"
9969,base,"1,2,3"
9970,base,"4,2,6"
9971,base,
9972,base,"1,3,5"
9973,base,1
9974,base,
9975,base,"2,6,3"
9976,base,"3,6,5"
9977,base,
9978,base,"4,2,6"
9979,base,
9980,base,
9981,base,"1,2,3"
9982,base,"2,5,6"
9983,base,"3,6,4"
9984,base,
9985,base,"5,3,2"
9986,base,
9987,base,"4,2,6"
9988,base,"3,6,2"
9989,base,"1,2,3"
9990,base,"3,6,2"
9991,base,"2,5,3"
9992,base,"4,5,6"
9993,base,4
9994,base,"4,3,6"
9995,base,"4,2,6"
9996,base,"3,6,2"
9997,base,"5,3,2"
9998,base,"1,2,3"
9999,base,"5,3,6"
10000,base,
10001,base,"3,6,2"
10002,base,"4,2,6"
10003,base,
10004,base,"2,6,4"
10005,base,"2,5,3"
10006,base,"3,4,5"
10007,base,"2,6,3"
10008,base,
10009,base,"3,6,4"
10010,base,
10011,base,"5,2,6"
10012,base,"4,6,2"
10013,base,"2,6,3"
10014,base,"3,5,6"
10015,base,"4,5"
10016,base,"1,4,3"
10017,base,"2,5,4"
10018,base,"5,2,4"
10019,base,"3,6,5"
10020,base,"3,6,4"
10021,base,"4,2,5"
10022,base,"3,5,6"
10023,base,"1,3,6"
10024,base,"2,4,6"
10025,base,"4,2,6"
10026,base,"2,4,6"
10027,base,
10028,base,"1,4,2"
10029,base,
10030,base,
10031,base,"2,6,3"
10032,base,"6,3,5"
10033,base,"1,2"
10034,base,"4,2,6"
10035,base,"1,2,5"
10036,base,"3,6,2"
10037,base,"2,5,6"
10038,base,
10039,base,"2,6,5"
10040,base,
10041,base,
10042,base,"4,2,6"
10043,base,"1,2,3"
10044,base,
10045,base,
10046,base,"1,2,3"
10047,base,"3,5,2"
10048,base,"4,2,6"
10049,base,"2,5,3"
10050,base,
10051,base,
10052,base,
10053,base,"3,6,5"
10054,base,"4,2,6"
10055,base,
10056,base,"3,6,4"
10057,base,
10058,base,"3,1,6"
10059,base,
10060,base,
10061,base,"4,6,3"
10062,base,"1,2,3"
10063,base,"1,2,3"
10064,base,
10065,base,"5,2,6"
10066,base,
10067,base,"3,6,4"
10068,base,"5,2,6"
10069,base,"1,3,6"
10070,base,"2,6,5"
10071,base,"4,2,5"
10072,base,"3,5,1"
10073,base,"1,3,2"
10074,base,
10075,base,"2,6,5"
10076,base,2
10077,base,"4,3,6"
10078,base,"4,2,5"
10079,base,"3,2,6"
10080,base,"4,3,5"
10081,base,"2,4,6"
10082,base,
10083,base,"2,4,3"
10084,base,"3,6,2"
10085,base,"1,3"
10086,base,"4,2,6"
10087,base,
10088,base,
10089,base,"4,6,2"
10090,base,"4,2,6"
10091,base,"4,2,4"
10092,base,"1,2,3"
10093,base,"4,3,5"
10094,base,"2,6,4"
10095,base,"2,5,3"
10096,base,"3,4,6"
10097,base,"2,5,4"
10098,base,"4,6,3"
10099,base,"3,6,2"
10100,base,"3,6,4"
10101,base,"1,6"
10102,base,"4,2,6"
10103,base,"4,2,6"
10104,base,"3,6,2"
10105,base,"3,4,2"
10106,base,"1,2,3"
10107,base,
10108,base,"1,6,4"
10109,base,
10110,base,"4,2,6"
10111,base,"3,6,1"
10112,base,
10113,base,
10114,base,"3,6,5"
10115,base,"4,3,6"
10116,base,"3,4,6"
10117,base,"3,6,1"
10118,base,"1,6,3"
10119,base,"1,2,3"
10120,base,
10121,base,
10122,base,"3,6,2"
10123,base,"6,2,5"
10124,base,"1,2,3"
10125,base,"1,4,3"
10126,base,"1,4,2"
10127,base,"2,6,4"
10128,base,
10129,base,"4,2,6"
10130,base,"1,4,2"
10131,base,"1,4,2"
10132,base,"4,2,6"
10133,base,1
10134,base,"1,2,3"
10135,base,"3,4,5"
10136,base,"4,2,6"
10137,base,
10138,base,"3,5,2"
10139,base,"1,4,6"
10140,base,
10141,base,
10142,base,
10143,base,"3,6,2"
10144,base,
10145,base,"1,4,6"
10146,base,"3,6,2"
10147,base,"3,6,4"
10148,base,1
10149,base,"4,2,6"
10150,base,"4,2,6"
10151,base,"2,5,6"
10152,base,"4,2,6"
10153,base,
10154,base,"3,6,2"
10155,base,"3,6,2"
10156,base,"1,2,3"
10157,base,
10158,base,
10159,base,"1,3,5"
10160,base,"4,2,5"
10161,base,"1,3,6"
10162,base,"3,6,2"
10163,base,"5,3,6"
10164,base,"3,6,4"
10165,base,5
10166,base,"3,2,6"
10167,base,
10168,base,"2,5,3"
10169,base,"3,5,2"
10170,base,"1,6"
10171,base,"2,5,1"
10172,base,
10173,base,
10174,base,
10175,base,
10176,base,"2,5,6"
10177,base,"2,4,6"
10178,base,"3,6,2"
10179,base,
10180,base,
10181,base,"2,5,3"
10182,base,"2,4,3"
10183,base,"3,6,2"
10184,base,"6,3"
10185,base,"4,3,6"
10186,base,"4,3,6"
10187,base,"4,2,6"
10188,base,
10189,base,"4,6,2"
10190,base,"4,2,6"
10191,base,"5,2,3"
10192,base,"6,4,3"
10193,base,"5,3"
10194,base,
10195,base,"1,6,1"
10196,base,"4,2,5"
10197,base,"4,2,6"
10198,base,"4,3,6"
10199,base,"4,6,2"
10200,base,1
10201,base,
10202,base,"2,5,3"
10203,base,"2,4,3"
10204,base,"3,6,2"
10205,base,"3,5,4"
10206,base,"1,2,3"
10207,base,"3,1,5"
10208,base,"2,5,1"
10209,base,
10210,base,"4,2,6"
10211,base,"3,2,5"
10212,base,
10213,base,"2,4"
10214,base,
10215,base,"3,6,4"
10216,base,"2,5,4"
10217,base,"1,6"
10218,base,2
10219,base,"1,2,5"
10220,base,"4,3,6"
10221,base,"1,4,2"
10222,base,"4,2,6"
10223,base,4
10224,base,
10225,base,"3,6,1"
10226,base,"3,6,2"
10227,base,
10228,base,"1,6,3"
10229,base,
10230,base,
10231,base,"4,2,5"
10232,base,1
10233,base,"4,3,2"
10234,base,"3,6,5"
10235,base,"1,2,6"
10236,base,"3,5,2"
10237,base,"4,2,5"
10238,base,
10239,base,"4,2,6"
10240,base,"4,2,6"
10241,base,"1,5,3"
10242,base,"2,6,3"
10243,base,"1,2,3"
10244,base,"2,6,4"
10245,base,
10246,base,"4,6,2"
10247,base,"4,3,6"
10248,base,"1,2,3"
10249,base,
10250,base,"4,2,5"
10251,base,"1,6,1"
10252,base,"4,2,6"
10253,base,"1,2,3"
10254,base,"2,4,6"
10255,base,"4,2,6"
10256,base,"1,4,2"
10257,base,"2,6,3"
10258,base,
10259,base,"2,5,3"
10260,base,"4,2,6"
10261,base,"4,1,5"
10262,base,"4,2,6"
10263,base,
10264,base,"1,1,6"
10265,base,"2,3,4"
10266,base,"1,4,3"
10267,base,"2,5,3"
10268,base,"2,5,4"
10269,base,"4,2,6"
10270,base,"4,2,5"
10271,base,"4,3,5"
10272,base,"6,6,6"
10273,base,"3,5,1"
10274,base,
10275,base,"3,6,2"
10276,base,"4,2,6"
10277,base,"5,3,2"
10278,base,"3,5,2"
10279,base,
10280,base,"3,5,1"
10281,base,"1,3,6"
10282,base,"1,4,2"
10283,base,"1,5,3"
10284,base,
10285,base,"3,6,5"
10286,base,"3,6,2"
10287,base,"6,5,3"
10288,base,"1,4,2"
10289,base,"2,4,6"
10290,base,"5,4,3"
10291,base,"4,2,6"
10292,base,"4,2,6"
10293,base,"1,1,5"
10294,base,"3,5,2"
10295,base,"3,6,2"
10296,base,"3,6,5"
10297,base,
10298,base,
10299,base,"1,6,1"
10300,base,"3,6,2"
10301,base,"5,2,3"
10302,base,"3,5,6"
10303,base,
10304,base,"3,4,2"
10305,base,"5,4,3"
10306,base,"1,5,3"
10307,base,"1,3,6"
10308,base,
10309,base,
10310,base,"3,1,6"
10311,base,
10312,base,"2,5,3"
10313,base,"4,2,6"
10314,base,"4,6,2"
10315,base,"2,5,4"
10316,base,"5,3"
10317,base,
10318,base,
10319,base,"4,3,2"
10320,base,"2,6,3"
10321,base,"5,3,6"
10322,base,"1,5,4"
10323,base,"4,3,6"
10324,base,"3,2,5"
10325,base,"1,6,1"
10326,base,"1,6,4"
10327,base,"2,5,3"
10328,base,"4,6,5"
10329,base,
10330,base,"4,6,2"
10331,base,"4,2,6"
10332,base,"3,6,2"
10333,base,"1,4,2"
10334,base,"2,5,3"
10335,base,"5,3,6"
10336,base,"3,6,2"
10337,base,"2,5,6"
10338,base,
10339,base,"3,6,2"
10340,base,"4,2,6"
10341,base,"1,4,2"
10342,base,"1,6,1"
10343,base,"2,4,1"
10344,base,"4,2,6"
10345,base,
10346,base,"4,2,5"
10347,base,"4,2,6"
10348,base,"2,6,5"
10349,base,"2,6"
10350,base,
10351,base,"4,6,3"
10352,base,"3,1,6"
10353,base,
10354,base,"3,6,1"
10355,base,"2,5,6"
10356,base,"1,4,2"
10357,base,"1,2"
10358,base,"3,4,5"
10359,base,
10360,base,"1,6"
10361,base,"1,6"
10362,base,"4,4"
10363,base,"4,2,5"
10364,base,"4,6,3"
10365,base,"4,2,6"
10366,base,"5,2,6"
10367,base,"3,6,1"
10368,base,
10369,base,"4,3,2"
10370,base,"2,6,4"
10371,base,
10372,base,"1,5,2"
10373,base,"2,6,4"
10374,base,
10375,base,"1,5,2"
10376,base,
10377,base,"2,4,6"
10378,base,2
10379,base,"4,2,6"
10380,base,
10381,base,"1,4,2"
10382,base,"4,2,6"
10383,base,"3,6,2"
10384,base,"4,3,6"
10385,base,"1,2,4"
10386,base,"2,4,6"
10387,base,
10388,base,
10389,base,"1,2,3"
10390,base,"1,6,1"
10391,base,"1,3,2"
10392,base,"4,2,6"
10393,base,"4,6,2"
10394,base,"3,5,2"
10395,base,"4,2,5"
10396,base,"4,3,2"
10397,base,"1,2,3"
10398,base,"3,6,2"
10399,base,"2,6,5"
10400,base,"2,4,6"
10401,base,"3,6,2"
10402,base,"4,2,6"
10403,base,
10404,base,
10405,base,"2,5,6"
10406,base,"6,1,6"
10407,base,"4,6,3"
10408,base,"4,2,6"
10409,base,
10410,base,"1,2,5"
10411,base,
10412,base,
10413,base,"1,6,1"
10414,base,"3,6,2"
10415,base,"1,2,3"
10416,base,"3,5,2"
10417,base,
10418,base,"1,6,5"
10419,base,"1,6,3"
10420,base,"3,6,2"
10421,base,"2,6,4"
10422,base,
10423,base,"5,2,6"
10424,base,
10425,base,"1,3,5"
10426,base,
10427,base,"4,2,6"
10428,base,"1,1,2"
10429,base,"2,4,6"
10430,base,1
10431,base,"3,5,2"
10432,base,"5,3,2"
10433,base,"3,4,5"
10434,base,"5,3,6"
10435,base,"2,3"
10436,base,"3,6,5"
10437,base,"1,4,2"
10438,base,"3,6,2"
10439,base,
10440,base,"5,3,1"
10441,base,"1,3,5"
10442,base,"2,6,5"
10443,base,
10444,base,"4,2,6"
10445,base,"4,3,2"
10446,base,"5,2,6"
10447,base,"4,2,6"
10448,base,"1,6"
10449,base,"3,5,1"
10450,base,"4,2,6"
10451,base,"4,2,6"
10452,base,"3,6,5"
10453,base,"2,5,3"
10454,base,"2,6,3"
10455,base,"3,6,5"
10456,base,"3,5,1"
10457,base,"5,3,6"
10458,base,5
10459,base,"4,2,5"
10460,base,
10461,base,
10462,base,"4,2,5"
10463,base,"6,3"
10464,base,"1,2,3"
10465,base,"4,2,5"
10466,base,
10467,base,"5,3,2"
10468,base,"4,6,3"
10469,base,"2,5,3"
10470,base,"4,6,3"
10471,base,"6,1,6"
10472,base,"1,6,3"
10473,base,"1,2,5"
10474,base,"4,2"
10475,base,"1,3"
10476,base,"1,3"
10477,base,"1,1,6"
10478,base,"4,2,6"
10479,base,"4,5,2"
10480,base,"4,2,6"
10481,base,
10482,base,"4,2,5"
10483,base,"5,3,6"
10484,base,"2,5,3"
10485,base,"3,6,2"
10486,base,
10487,base,
10488,base,"5,2,6"
10489,base,"1,2,3"
10490,base,"3,5,2"
10491,base,"5,3,6"
10492,base,"4,2,6"
10493,base,"2,5,4"
10494,base,"6,4,2"
10495,base,"4,2,5"
10496,base,"4,2,6"
10497,base,4
10498,base,
10499,base,"2,5,6"
10500,base,"3,2,6"
10501,base,
10502,base,"1,6,3"
10503,base,"5,2,4"
10504,base,
10505,base,
10506,base,"1,3,3"
10507,base,"3,6,2"
10508,base,
10509,base,"1,6"
10510,base,
10511,base,
10512,base,
10513,base,"4,2,6"
10514,base,"4,2,6"
10515,base,"2,5,3"
10516,base,"1,2,3"
10517,base,"3,5,2"
10518,base,"3,6,2"
10519,base,"5,2,6"
10520,base,
10521,base,1
10522,base,
10523,base,"4,2,5"
10524,base,
10525,base,
10526,base,"1,6,3"
10527,base,"3,4,6"
10528,base,"5,3,2"
10529,base,"4,2,5"
10530,base,"3,2,6"
10531,base,"1,4,3"
10532,base,"5,3,2"
10533,base,"4,5,6"
10534,base,"3,6,4"
10535,base,"2,5,1"
10536,base,"1,3,2"
10537,base,"4,6,5"
10538,base,
10539,base,"5,3,6"
10540,base,"3,6,1"
10541,base,"1,3,6"
10542,base,"4,6,3"
10543,base,"3,6,2"
10544,base,"2,6,4"
10545,base,"4,6,5"
10546,base,"4,3,6"
10547,base,"5,2,6"
10548,base,"4,3,6"
10549,base,"5,4,2"
10550,base,"4,5,1"
10551,base,
10552,base,
10553,base,"1,6,3"
10554,base,"3,4,6"
10555,base,"2,6,4"
10556,base,"3,6"
10557,base,"2,6,3"
10558,base,
10559,base,"3,6,2"
10560,base,"2,6,4"
10561,base,"3,2,6"
10562,base,"1,3,6"
10563,base,"3,4,1"
10564,base,"1,6,3"
10565,base,"1,3,2"
10566,base,"2,5,4"
10567,base,"1,6,3"
10568,base,
10569,base,"4,6,3"
10570,base,"3,6,2"
10571,base,
10572,base,"5,2,3"
10573,base,6
10574,base,
10575,base,"2,5,6"
10576,base,"1,2,3"
10577,base,
10578,base,"3,6,1"
10579,base,
10580,base,"6,3"
10581,base,"4,2,5"
10582,base,
10583,base,"5,3,2"
10584,base,"3,5,2"
10585,base,"2,5,3"
10586,base,"1,2,3"
10587,base,"3,6,5"
10588,base,"3,6,2"
10589,base,"2,5,3"
10590,base,"1,2,3"
10591,base,5
10592,base,"1,4,2"
10593,base,"5,3,6"
10594,base,"4,3,6"
10595,base,"2,5,3"
10596,base,"4,3,2"
10597,base,"4,2,6"
10598,base,
10599,base,"2,5,3"
10600,base,"4,2,5"
10601,base,"4,2,5"
10602,base,"4,2,5"
10603,base,"2,4,6"
10604,base,"3,1,4"
10605,base,"1,3,4"
10606,base,"4,2,6"
10607,base,"3,2,6"
10608,base,"1,4,2"
10609,base,"2,5,3"
10610,base,"2,5,4"
10611,base,"5,3,6"
10612,base,"3,5,2"
10613,base,"2,5,3"
10614,base,"3,5,1"
10615,base,"3,2,4"
10616,base,"2,5,3"
10617,base,"5,2,4"
10618,base,"1,6,3"
10619,base,
10620,base,
10621,base,"3,6,2"
10622,base,6
10623,base,
10624,base,"4,2,6"
10625,base,"4,2,5"
10626,base,"4,2,6"
10627,base,"3,1,6"
10628,base,"4,5,3"
10629,base,"1,2,3"
10630,base,
10631,base,"3,6,2"
10632,base,"4,2,6"
10633,base,"3,5,2"
10634,base,
10635,base,"2,5,3"
10636,base,"2,6,3"
10637,base,"2,5,1"
10638,base,"1,2,3"
10639,base,1
10640,base,
10641,base,
10642,base,"1,3,5"
10643,base,"5,2,4"
10644,base,"2,5,4"
10645,base,"3,6,1"
10646,base,"1,6,3"
10647,base,"3,6,2"
10648,base,
10649,base,"4,2,6"
10650,base,"3,2,6"
10651,base,"4,2,6"
10652,base,"3,6,2"
10653,base,"2,4,6"
10654,base,"4,6,2"
10655,base,
10656,base,"3,6,2"
10657,base,"3,5,2"
10658,base,"3,1,6"
10659,base,
10660,base,
10661,base,"4,3,6"
10662,base,"3,5,1"
10663,base,4
10664,base,
10665,base,"1,2,3"
10666,base,"4,2,6"
10667,base,"4,2,6"
10668,base,"4,2,6"
10669,base,"1,4,6"
10670,base,2
10671,base,
10672,base,"2,5,1"
10673,base,"2,6,4"
10674,base,"4,2,6"
10675,base,"5,2,6"
10676,base,"3,6,2"
10677,base,"1,6,1"
10678,base,"2,5,3"
10679,base,"3,6,2"
10680,base,"5,3,2"
10681,base,"3,4,6"
10682,base,"2,4,6"
10683,base,"1,6,3"
10684,base,"3,5,4"
10685,base,"3,4,6"
10686,base,"3,6,2"
10687,base,"4,2,6"
10688,base,"4,3,6"
10689,base,"3,6,1"
10690,base,"3,6,2"
10691,base,"3,6,4"
10692,base,"3,5,2"
10693,base,"2,5,3"
10694,base,"2,6,3"
10695,base,"4,3,2"
10696,base,
10697,base,"1,6,3"
10698,base,"4,2,6"
10699,base,"2,5,4"
10700,base,"2,5,3"
10701,base,"4,2,6"
10702,base,
10703,base,"3,2"
10704,base,"3,5,2"
10705,base,"3,5,6"
10706,base,"1,2,3"
10707,base,"3,6,2"
10708,base,"2,4,6"
10709,base,
10710,base,"6,3,4"
10711,base,"3,6,2"
10712,base,"2,4,3"
10713,base,"2,6,3"
10714,base,"1,2,5"
10715,base,"3,6,2"
10716,base,"2,5,6"
10717,base,"5,3,2"
10718,base,"5,2,6"
10719,base,
10720,base,"2,5"
10721,base,
10722,base,"5,2,6"
10723,base,"2,5,3"
10724,base,
10725,base,
10726,base,"1,6,1"
10727,base,
10728,base,
10729,base,
10730,base,"5,2,4"
10731,base,"3,6,2"
10732,base,3
10733,base,"1,4,3"
10734,base,
10735,base,
10736,base,
10737,base,
10738,base,
10739,base,
10740,base,
10741,base,"1,6,3"
10742,base,"4,2,5"
10743,base,"1,6,3"
10744,base,"2,5,4"
10745,base,"2,5,3"
10746,base,"4,2,6"
10747,base,"1,3,5"
10748,base,"1,4,2"
10749,base,"4,5,3"
10750,base,"5,3,2"
10751,base,"2,6,5"
10752,base,"4,3,5"
10753,base,"5,3,6"
10754,base,"5,2,6"
10755,base,"2,5,4"
10756,base,"1,3,5"
10757,base,
10758,base,"3,5,2"
10759,base,
10760,base,"2,4,6"
10761,base,"1,4,2"
10762,base,"4,2,6"
10763,base,"5,3,2"
10764,base,
10765,base,"5,3,6"
10766,base,
10767,base,
10768,base,
10769,base,"2,4,6"
10770,base,"5,3,6"
10771,base,"2,5,3"
10772,base,"3,2,6"
10773,base,"3,4,2"
10774,base,
10775,base,"4,2,6"
10776,base,"1,6,1"
10777,base,"1,2,3"
10778,base,"2,5,4"
10779,base,"4,2,5"
10780,base,"1,2,3"
10781,base,"3,6,2"
10782,base,
10783,base,"3,2,6"
10784,base,"4,2,5"
10785,base,"1,5,3"
10786,base,
10787,base,"4,2,6"
10788,base,"4,2,6"
10789,base,"1,2,3"
10790,base,"4,6"
10791,base,"1,6,2"
10792,base,6
10793,base,"1,2,3"
10794,base,
10795,base,
10796,base,
10797,base,"2,5,1"
10798,base,"1,4,2"
10799,base,"3,2,6"
10800,base,
10801,base,"5,2,6"
10802,base,"5,3,2"
10803,base,"5,3,6"
10804,base,"1,3,6"
10805,base,"2,5,3"
10806,base,"4,2,6"
10807,base,"5,2,6"
10808,base,"4,2,6"
10809,base,
10810,base,"4,2,6"
10811,base,"4,2,6"
10812,base,"4,3,6"
10813,base,"4,3,6"
10814,base,"3,6,4"
10815,base,"6,1,6"
10816,base,"3,2,6"
10817,base,"5,3,2"
10818,base,"3,6,1"
10819,base,"3,2,6"
10820,base,"4,2,6"
10821,base,
10822,base,"4,2,6"
10823,base,
10824,base,"1,2,4"
10825,base,
10826,base,"1,6,3"
10827,base,"3,5,2"
10828,base,"3,2,5"
10829,base,
10830,base,"4,2,6"
10831,base,"4,2,6"
10832,base,"3,5,4"
10833,base,"5,2,6"
10834,base,
10835,base,"4,3,2"
10836,base,"5,3,2"
10837,base,"4,2,6"
10838,base,"4,3,2"
10839,base,"3,1,6"
10840,base,"5,2,3"
10841,base,"3,6,2"
10842,base,"5,3,6"
10843,base,"4,2,5"
10844,base,"1,2,3"
10845,base,"1,2,3"
10846,base,"3,6,1"
10847,base,"3,6,2"
10848,base,"1,2,6"
10849,base,"6,4,3"
10850,base,"2,3"
10851,base,"4,2,6"
10852,base,"1,6,3"
10853,base,"4,2,6"
10854,base,"4,2,6"
10855,base,"4,6,2"
10856,base,"3,5,2"
10857,base,"4,2,6"
10858,base,"3,1,6"
10859,base,
10860,base,"1,2"
10861,base,"4,3,2"
10862,base,"6,1,1"
10863,base,"1,6,1"
10864,base,"3,6,1"
10865,base,"4,2,5"
10866,base,"6,6"
10867,base,"3,6,4"
10868,base,"3,6,2"
10869,base,"4,2,6"
10870,base,"2,4,3"
10871,base,"3,1,6"
10872,base,"4,3,2"
10873,base,
10874,base,"4,2,5"
10875,base,"1,4,6"
10876,base,
10877,base,"2,4,6"
10878,base,"3,5,2"
10879,base,"3,6,5"
10880,base,"4,2,6"
10881,base,"2,6,3"
10882,base,"3,2,6"
10883,base,"5,3,2"
10884,base,
10885,base,"2,6,4"
10886,base,"4,2,6"
10887,base,"4,2,6"
10888,base,
10889,base,
10890,base,"4,3,6"
10891,base,"2,5,3"
10892,base,"3,6,4"
10893,base,
10894,base,"2,5,3"
10895,base,"1,2,3"
10896,base,
10897,base,"5,3,1"
10898,base,"1,3,2"
10899,base,"4,6,2"
10900,base,"1,5,3"
10901,base,"5,3,6"
10902,base,"3,5,1"
10903,base,
10904,base,
10905,base,"1,3,2"
10906,base,"3,6,5"
10907,base,"4,2,6"
10908,base,"4,2,6"
10909,base,"1,2,3"
10910,base,"5,2,6"
10911,base,"4,2,5"
10912,base,6
10913,base,"4,2,6"
10914,base,"4,5,6"
10915,base,
10916,base,"1,3,5"
10917,base,
10918,base,"2,6,3"
10919,base,"1,4,2"
10920,base,"4,3,6"
10921,base,"3,6,5"
10922,base,"2,5,3"
10923,base,"4,2,6"
10924,base,"4,2,6"
10925,base,"3,1,6"
10926,base,
10927,base,"4,2,6"
10928,base,"3,6,4"
10929,base,"1,2,5"
10930,base,"5,3,2"
10931,base,
10932,base,
10933,base,
10934,base,"3,6,1"
10935,base,"2,5,3"
10936,base,"5,2,6"
10937,base,"4,3,2"
10938,base,"5,2,6"
10939,base,"4,3,6"
10940,base,"3,6,5"
10941,base,"5,2,4"
10942,base,"1,6,3"
10943,base,"3,6,2"
10944,base,"3,6,2"
10945,base,"4,5,6"
10946,base,"5,2,6"
10947,base,"6,6,6"
10948,base,"4,2,6"
10949,base,
10950,base,"4,2,6"
10951,base,"2,5,4"
10952,base,"3,6,4"
10953,base,"2,4,6"
10954,base,"4,2"
10955,base,"1,4,2"
10956,base,"3,4"
10957,base,"5,3,2"
10958,base,"1,2,3"
10959,base,"2,6,4"
10960,base,
10961,base,"5,3,2"
10962,base,"5,3,6"
10963,base,"1,4,2"
10964,base,"4,2,6"
10965,base,"2,5,3"
10966,base,"1,1"
10967,base,"4,2,6"
10968,base,"5,2,6"
10969,base,"3,5,6"
10970,base,"4,2,6"
10971,base,"4,2,6"
10972,base,"2,5,6"
10973,base,"4,2,5"
10974,base,
10975,base,"3,4,2"
10976,base,"3,5,2"
10977,base,"2,6,4"
10978,base,"2,4,6"
10979,base,"5,2,6"
10980,base,"4,2,5"
10981,base,
10982,base,"3,6,2"
10983,base,"4,2,6"
10984,base,
10985,base,
10986,base,"5,2,6"
10987,base,"4,2,5"
10988,base,"4,6,2"
10989,base,
10990,base,"3,6,5"
10991,base,"5,2,6"
10992,base,"2,5,3"
10993,base,
10994,base,
10995,base,"2,4,6"
10996,base,"3,2,5"
10997,base,"2,6,4"
10998,base,"4,3,5"
10999,base,"1,6,3"
11000,base,"4,2,6"
11001,base,"4,2,6"
11002,base,"4,2,5"
11003,base,"4,3,6"
11004,base,"1,4,6"
11005,base,"1,4,3"
11006,base,"2,4,6"
11007,base,
11008,base,"2,5,3"
11009,base,
11010,base,"5,2,6"
11011,base,"5,3,6"
11012,base,"3,6,5"
11013,base,
11014,base,"1,6,1"
11015,base,"2,5,3"
11016,base,"2,6,4"
11017,base,"3,6,2"
11018,base,"4,3,6"
11019,base,
11020,base,
11021,base,"1,6,3"
11022,base,"3,4,5"
11023,base,"3,1,6"
11024,base,"2,5,4"
11025,base,
11026,base,"1,4,3"
11027,base,"3,4,2"
11028,base,
11029,base,"1,3,6"
11030,base,"5,3,2"
11031,base,"1,6"
11032,base,"3,6,2"
11033,base,"4,2,5"
11034,base,"1,2,3"
11035,base,"2,4,6"
11036,base,"1,4,6"
11037,base,"5,2,4"
11038,base,"1,2,3"
11039,base,"3,6,2"
11040,base,"2,6,4"
11041,base,
11042,base,"2,5,3"
11043,base,"3,2,5"
11044,base,"3,6,2"
11045,base,"4,2,6"
11046,base,"2,6,4"
11047,base,"4,2,6"
11048,base,"1,3,5"
11049,base,"4,3,6"
11050,base,"4,2,6"
11051,base,"5,2,6"
11052,base,
11053,base,"1,3,6"
11054,base,"1,2,6"
11055,base,
11056,base,"4,2,6"
11057,base,"2,6,5"
11058,base,"1,4,3"
11059,base,"3,5,2"
11060,base,"4,3,6"
11061,base,"4,2,6"
11062,base,
11063,base,"4,2,6"
11064,base,"3,6,2"
11065,base,"4,2,6"
11066,base,"2,4,6"
11067,base,"4,6,2"
11068,base,
11069,base,
11070,base,"1,2,3"
11071,base,"2,5,3"
11072,base,"5,2,6"
11073,base,"3,5,2"
11074,base,"2,6,3"
11075,base,"2,4,6"
11076,base,
11077,base,"4,2,6"
11078,base,
11079,base,"4,2,6"
11080,base,
11081,base,"3,4,6"
11082,base,"3,5,6"
11083,base,"1,6,3"
11084,base,"3,6,1"
11085,base,"1,4,2"
11086,base,4
11087,base,
11088,base,"1,2,3"
11089,base,"1,4,5"
11090,base,"2,5,4"
11091,base,"3,4,6"
11092,base,"3,6,1"
11093,base,"3,6,2"
11094,base,"1,2,3"
11095,base,"2,6,4"
11096,base,
11097,base,
11098,base,"4,2,6"
11099,base,"4,3,6"
11100,base,"2,5,6"
11101,base,"1,6,3"
11102,base,"1,4,2"
11103,base,"4,3,6"
11104,base,
11105,base,"1,3,2"
11106,base,"3,6,4"
11107,base,"6,6,6"
11108,base,
11109,base,"6,1,6"
11110,base,"2,4,6"
11111,base,"2,5,4"
11112,base,
11113,base,"1,4,5"
11114,base,"1,6,3"
11115,base,"4,3,6"
11116,base,"5,3,6"
11117,base,"2,4,3"
11118,base,"3,6,2"
11119,base,"2,4,6"
11120,base,"3,2,6"
11121,base,"3,6,5"
11122,base,
11123,base,"4,2,6"
11124,base,"3,5,1"
11125,base,"3,6,2"
11126,base,"2,6,4"
11127,base,"3,5,4"
11128,base,"4,2,5"
11129,base,"2,5,3"
11130,base,"4,2,6"
11131,base,"4,2,5"
11132,base,"2,5,1"
11133,base,"4,3,6"
11134,base,
11135,base,"3,6,2"
11136,base,"1,3,6"
11137,base,"2,6,4"
11138,base,"2,5,6"
11139,base,"3,5,2"
11140,base,
11141,base,"2,6,3"
11142,base,
11143,base,"4,2,6"
11144,base,"5,2,4"
11145,base,"5,3,2"
11146,base,"1,6"
11147,base,"4,2,5"
11148,base,
11149,base,"4,2,6"
11150,base,"2,5,3"
11151,base,"3,6,4"
11152,base,"5,2,4"
11153,base,"2,4,6"
11154,base,"2,5,4"
11155,base,"1,6,1"
11156,base,"4,2,6"
11157,base,"5,2,6"
11158,base,3
11159,base,"1,4,2"
11160,base,"1,3,5"
11161,base,"2,5,6"
11162,base,
11163,base,"1,2,4"
11164,base,
11165,base,"3,5,6"
11166,base,"4,2,5"
11167,base,
11168,base,"2,4,6"
11169,base,"1,2,3"
11170,base,"1,6,3"
11171,base,"3,5,4"
11172,base,"4,2,5"
11173,base,"4,6,2"
11174,base,"1,2,4"
11175,base,"1,2,3"
11176,base,"5,3,6"
11177,base,"3,6,2"
11178,base,"3,6,2"
11179,base,"3,5,2"
11180,base,"1,4,6"
11181,base,"4,3,5"
11182,base,"4,2,5"
11183,base,"3,2,6"
11184,base,"4,2,6"
11185,base,"4,2,6"
11186,base,"4,2,6"
11187,base,"4,6,3"
11188,base,"4,2,6"
11189,base,"2,4,5"
11190,base,"5,2,4"
11191,base,"4,6,3"
11192,base,
11193,base,"3,6,4"
11194,base,"1,5,2"
11195,base,"3,6,2"
11196,base,"3,6,2"
11197,base,"1,6,3"
11198,base,
11199,base,
11200,base,"5,2,6"
11201,base,"5,2,4"
11202,base,
11203,base,"1,6,3"
11204,base,"4,3,6"
11205,base,
11206,base,"2,5,4"
11207,base,"3,1,5"
11208,base,"3,1,6"
11209,base,"4,2,6"
11210,base,
11211,base,
11212,base,"6,3"
11213,base,"2,5,3"
11214,base,"3,4,2"
11215,base,
11216,base,
11217,base,"4,2,5"
11218,base,"4,6,2"
11219,base,"4,2,6"
11220,base,"5,2,6"
11221,base,"1,3,2"
11222,base,"4,3,6"
11223,base,2
11224,base,"2,5,3"
11225,base,1
11226,base,"3,6,2"
11227,base,"3,6,2"
11228,base,"2,6,3"
11229,base,"4,2,5"
11230,base,"4,6,2"
11231,base,"3,6,2"
11232,base,"4,2,6"
11233,base,"2,4,6"
11234,base,"4,6,3"
11235,base,"4,2,5"
11236,base,"1,5,2"
11237,base,"2,5,3"
11238,base,"3,6,2"
11239,base,
11240,base,
11241,base,"4,3,6"
11242,base,"1,2,3"
11243,base,"4,3,5"
11244,base,"1,2,3"
11245,base,"3,4,6"
11246,base,"1,5,2"
11247,base,"1,2,3"
11248,base,"2,4,3"
11249,base,"2,6,3"
11250,base,
11251,base,"3,1,6"
11252,base,
11253,base,"4,2,5"
11254,base,"3,6,2"
11255,base,"4,3,6"
11256,base,"3,2,4"
11257,base,"4,2,6"
11258,base,"3,6,2"
11259,base,"1,2,3"
11260,base,
11261,base,"3,6,2"
11262,base,"5,3,2"
11263,base,"4,3,6"
11264,base,"3,6,1"
11265,base,"3,6,1"
11266,base,"1,4,3"
11267,base,"4,2,6"
11268,base,"4,2,6"
11269,base,"5,3,2"
11270,base,"1,2,3"
11271,base,"4,2,6"
11272,base,"1,2,5"
11273,base,"3,5,2"
11274,base,"1,2,3"
11275,base,"3,2,4"
11276,base,
11277,base,
11278,base,
11279,base,
11280,base,"1,5,2"
11281,base,"3,4,6"
11282,base,"4,2,6"
11283,base,"1,6,2"
11284,base,
11285,base,"5,3"
11286,base,
11287,base,"3,4,2"
11288,base,
11289,base,"4,3,6"
11290,base,"3,2"
11291,base,"4,2,6"
11292,base,"4,3,2"
11293,base,"3,6,4"
11294,base,"4,2,6"
11295,base,"2,5,3"
11296,base,"5,2,4"
11297,base,"3,5,2"
11298,base,
11299,base,
11300,base,
11301,base,"4,2,5"
11302,base,"4,2,5"
11303,base,4
11304,base,
11305,base,"3,6,2"
11306,base,"4,2,5"
11307,base,"1,2,4"
11308,base,"3,5,2"
11309,base,
11310,base,"2,5,1"
11311,base,"2,6,4"
11312,base,
11313,base,"3,6,1"
11314,base,"5,2,6"
11315,base,"4,2,6"
11316,base,"4,2,6"
11317,base,
11318,base,"5,3,6"
11319,base,"3,1,5"
11320,base,"1,2,3"
11321,base,"2,5,4"
11322,base,
11323,base,"4,2,6"
11324,base,"5,2,6"
11325,base,"3,6,2"
11326,base,
11327,base,"4,6,3"
11328,base,"5,3,2"
11329,base,"2,6,1"
11330,base,"1,3,4"
11331,base,3
11332,base,"5,4,3"
11333,base,"2,5,3"
11334,base,
11335,base,"2,4,3"
11336,base,"2,4,5"
11337,base,"2,5,3"
11338,base,"2,4,6"
11339,base,"3,6,2"
11340,base,"1,4,2"
11341,base,"4,6,2"
11342,base,
11343,base,"4,2,6"
11344,base,"4,2,6"
11345,base,
11346,base,"3,1,6"
11347,base,
11348,base,"3,6,4"
11349,base,
11350,base,
11351,base,
11352,base,"2,5,3"
11353,base,"3,6,4"
11354,base,"5,2,6"
11355,base,
11356,base,
11357,base,"4,2,6"
11358,base,
11359,base,
11360,base,"1,6,3"
11361,base,"5,2,6"
11362,base,
11363,base,"4,2,6"
11364,base,"5,3,2"
11365,base,"2,5,1"
11366,base,"1,2,3"
11367,base,"3,6,2"
11368,base,
11369,base,"2,4,6"
11370,base,
11371,base,"5,2,6"
11372,base,"4,2,6"
11373,base,"1,6,5"
11374,base,
11375,base,"4,2,6"
11376,base,"3,6,2"
11377,base,
11378,base,"3,6,2"
11379,base,"2,6,3"
11380,base,"5,2,6"
11381,base,
11382,base,"3,1,6"
11383,base,"1,6,1"
11384,base,"5,3,6"
11385,base,"1,6,3"
11386,base,
11387,base,"4,3,5"
11388,base,"1,4,3"
11389,base,
11390,base,"1,2,3"
11391,base,
11392,base,"3,6,5"
11393,base,"3,6,4"
11394,base,"4,6,2"
11395,base,"4,2,6"
11396,base,"4,2,6"
11397,base,"4,6,2"
11398,base,"3,6,2"
11399,base,"4,2,6"
11400,base,
11401,base,"3,6,1"
11402,base,"1,2,3"
11403,base,"2,6,5"
11404,base,
11405,base,"2,5,3"
11406,base,"1,2,6"
11407,base,
11408,base,"4,2,6"
11409,base,"1,6,3"
11410,base,"4,2,6"
11411,base,
11412,base,"2,6,3"
11413,base,"1,4,2"
11414,base,"5,2,6"
11415,base,"2,5,1"
11416,base,"1,1,6"
11417,base,"1,6,3"
11418,base,"2,4,6"
11419,base,"3,5,2"
11420,base,"3,6,4"
11421,base,
11422,base,"3,4,2"
11423,base,"3,1"
11424,base,"3,6,5"
11425,base,
11426,base,"2,5,3"
11427,base,"3,6,2"
11428,base,
11429,base,"3,5,2"
11430,base,"4,2,5"
11431,base,"4,2,6"
11432,base,
11433,base,"2,6,1"
11434,base,"1,4,3"
11435,base,
11436,base,"2,5,3"
11437,base,"4,2,6"
11438,base,"4,6,2"
11439,base,"3,5,6"
11440,base,"4,2,5"
11441,base,
11442,base,"5,2,6"
11443,base,
11444,base,"4,2,6"
11445,base,
11446,base,"4,2"
11447,base,"1,2,3"
11448,base,"1,2,3"
11449,base,"1,2,3"
11450,base,
11451,base,"1,5,2"
11452,base,"3,5,6"
11453,base,"5,2,6"
11454,base,"1,4,2"
11455,base,"4,2,6"
11456,base,
11457,base,"4,6,3"
11458,base,"5,2,6"
11459,base,"1,3"
11460,base,"4,6,2"
11461,base,"1,6,1"
11462,base,
11463,base,"3,6,2"
11464,base,"3,6,2"
11465,base,
11466,base,"2,5,4"
11467,base,"1,2,3"
11468,base,"4,6,5"
11469,base,
11470,base,"4,2,6"
11471,base,"4,2,6"
11472,base,"2,4,6"
11473,base,"3,5,2"
11474,base,"2,5,4"
11475,base,"1,2,4"
11476,base,"1,2,3"
11477,base,"1,4,2"
11478,base,"4,2,6"
11479,base,"5,3,1"
11480,base,"4,6,2"
11481,base,
11482,base,
11483,base,
11484,base,"3,6"
11485,base,"3,1,6"
11486,base,
11487,base,"1,4,2"
11488,base,"3,6,4"
11489,base,"1,2,3"
11490,base,"1,3,5"
11491,base,"5,3,2"
11492,base,"3,6,5"
11493,base,"5,3,6"
11494,base,"2,4,5"
11495,base,"4,6,3"
11496,base,
11497,base,"1,6,3"
11498,base,"2,5,3"
11499,base,
11500,base,
11501,base,"2,5,6"
11502,base,"5,3,6"
11503,base,
11504,base,
11505,base,"2,5,1"
11506,base,"3,6,2"
11507,base,"1,2,3"
11508,base,"3,1,6"
11509,base,
11510,base,"2,5,1"
11511,base,"3,5,2"
11512,base,
11513,base,"3,5,1"
11514,base,1
11515,base,"3,2,5"
11516,base,"4,2,6"
11517,base,
11518,base,
11519,base,
11520,base,
11521,base,
11522,base,"4,2,6"
11523,base,"5,3,2"
11524,base,"2,6,5"
11525,base,"4,2,5"
11526,base,"2,5,4"
11527,base,"2,5,1"
11528,base,"5,3,2"
11529,base,"4,3,6"
11530,base,"2,6,5"
11531,base,"4,6,3"
11532,base,"5,2"
11533,base,"1,6,1"
11534,base,"6,6,6"
11535,base,"3,5,2"
11536,base,"1,3,5"
11537,base,"5,2,6"
11538,base,"4,2,6"
11539,base,"4,3,6"
11540,base,
11541,base,"1,4,3"
11542,base,
11543,base,1
11544,base,"1,3,6"
11545,base,"1,4,6"
11546,base,"3,6,2"
11547,base,"1,2,6"
11548,base,"1,2,3"
11549,base,"4,2,5"
11550,base,"2,5,6"
11551,base,
11552,base,"3,6,5"
11553,base,"5,2,6"
11554,base,"4,2,6"
11555,base,"3,6,1"
11556,base,
11557,base,"3,6,2"
11558,base,
11559,base,"4,2,6"
11560,base,"4,2,6"
11561,base,"2,5,6"
11562,base,"2,5,3"
11563,base,"4,2,6"
11564,base,"2,4,6"
11565,base,"3,6,5"
11566,base,"4,5,2"
11567,base,"4,3,5"
11568,base,
11569,base,"4,2,5"
11570,base,"1,2,3"
11571,base,"4,2,6"
11572,base,"4,3,5"
11573,base,
11574,base,"3,6,1"
11575,base,"4,2,6"
11576,base,"1,2,3"
11577,base,"4,2,6"
11578,base,"1,3,2"
11579,base,
11580,base,
11581,base,"1,2,3"
11582,base,"4,2,6"
11583,base,"3,4,6"
11584,base,"1,2,3"
11585,base,
11586,base,"3,6,2"
11587,base,"5,2,3"
11588,base,"3,6,4"
11589,base,"1,4,6"
11590,base,"3,5,2"
11591,base,"2,4,6"
11592,base,
11593,base,"5,6,6"
11594,base,"3,2,6"
11595,base,"5,2,6"
11596,base,"5,3,2"
11597,base,"1,6,3"
11598,base,"1,3,2"
11599,base,
11600,base,"3,5,4"
11601,base,
11602,base,"2,5,1"
11603,base,"3,6,2"
11604,base,"3,5,4"
11605,base,"4,2,6"
11606,base,"5,3,6"
11607,base,1
11608,base,"2,5,6"
11609,base,"3,4,6"
11610,base,
11611,base,"3,5,2"
11612,base,"1,2,3"
11613,base,"1,2,3"
11614,base,5
11615,base,"2,5,1"
11616,base,"2,5,3"
11617,base,
11618,base,
11619,base,
11620,base,"3,6,2"
11621,base,"4,5,2"
11622,base,"2,6,4"
11623,base,"2,4,5"
11624,base,"1,4,3"
11625,base,"4,6"
11626,base,"2,5,6"
11627,base,
11628,base,"1,2,3"
11629,base,"3,2,5"
11630,base,"3,6,4"
11631,base,
11632,base,"4,2,6"
11633,base,"5,2,4"
11634,base,"3,5,2"
11635,base,
11636,base,1
11637,base,"3,1,6"
11638,base,"4,2,5"
11639,base,
11640,base,"1,4,2"
11641,base,"5,2,6"
11642,base,"5,2,4"
11643,base,"1,6,3"
11644,base,"4,2,6"
11645,base,
11646,base,"2,6,4"
11647,base,"1,3"
11648,base,
11649,base,
11650,base,"2,6,4"
11651,base,"3,6,2"
11652,base,"2,5,6"
11653,base,
11654,base,
11655,base,
11656,base,"3,6,2"
11657,base,"2,5,4"
11658,base,
11659,base,"3,4,5"
11660,base,"2,5,4"
11661,base,"1,6,3"
11662,base,
11663,base,"2,5,4"
11664,base,"2,4,6"
11665,base,"4,6,3"
11666,base,
11667,base,"3,6,4"
11668,base,"3,6,1"
11669,base,"4,2,6"
11670,base,"3,6,2"
11671,base,"1,6,3"
11672,base,
11673,base,"1,2,3"
11674,base,"4,2,6"
11675,base,"4,2,5"
11676,base,"4,6,1"
11677,base,3
11678,base,"1,2,3"
11679,base,
11680,base,"2,5,3"
11681,base,
11682,base,"1,3,2"
11683,base,
11684,base,
11685,base,"5,2,6"
11686,base,
11687,base,"1,4,2"
11688,base,"4,6,5"
11689,base,"4,3,6"
11690,base,"4,2,5"
11691,base,
11692,base,1
11693,base,"3,6,2"
11694,base,"4,2,5"
11695,base,"4,2,6"
11696,base,
11697,base,"1,2,3"
11698,base,"3,6,4"
11699,base,"4,3,6"
11700,base,"3,6,2"
11701,base,"5,2,6"
11702,base,
11703,base,"5,3,6"
11704,base,"4,3,6"
11705,base,
11706,base,"4,2,6"
11707,base,"3,6,2"
11708,base,"4,2,5"
11709,base,"4,3,6"
11710,base,"2,5,3"
11711,base,"4,2,6"
11712,base,"3,6,2"
11713,base,"4,6,2"
11714,base,"1,1,2"
11715,base,"5,3,6"
11716,base,"4,2,6"
11717,base,"4,2,6"
11718,base,"3,6,2"
11719,base,"4,2,6"
11720,base,"4,2,6"
11721,base,
11722,base,
11723,base,
11724,base,"1,2,4"
11725,base,"3,6,2"
11726,base,"3,6,5"
11727,base,"3,4,6"
11728,base,"2,5,3"
11729,base,"3,4,6"
11730,base,"3,5,1"
11731,base,
11732,base,
11733,base,
11734,base,"2,5,6"
11735,base,"3,5,4"
11736,base,
11737,base,"4,2,6"
11738,base,
11739,base,"3,6,2"
11740,base,
11741,base,"3,2,6"
11742,base,"4,3"
11743,base,"4,3,6"
11744,base,"1,6,3"
11745,base,"3,5,6"
11746,base,"3,5,2"
11747,base,3
11748,base,"4,6,3"
11749,base,"3,6,2"
11750,base,"4,6,2"
11751,base,4
11752,base,"2,6,5"
11753,base,
11754,base,"4,2,6"
11755,base,"2,5,6"
11756,base,"3,4,5"
11757,base,"2,5,4"
11758,base,
11759,base,"3,4,6"
11760,base,"3,6,2"
11761,base,"4,2"
11762,base,
11763,base,"4,2,6"
11764,base,"3,6,2"
11765,base,"1,6,3"
11766,base,"4,6,3"
11767,base,"1,4,3"
11768,base,"3,5,2"
11769,base,"4,6,3"
11770,base,"4,3,6"
11771,base,"3,5,2"
11772,base,"4,3,2"
11773,base,"5,3"
11774,base,"1,2,4"
11775,base,
11776,base,"1,2,5"
11777,base,"4,2,5"
11778,base,
11779,base,"4,2,6"
11780,base,"1,6,3"
11781,base,"1,6"
11782,base,"3,6,2"
11783,base,
11784,base,"4,2,6"
11785,base,"2,5,4"
11786,base,"1,1,4"
11787,base,"4,3,5"
11788,base,"4,2,5"
11789,base,"4,2,6"
11790,base,"4,2,6"
11791,base,"4,2,6"
11792,base,"2,5,6"
11793,base,"1,6,3"
11794,base,
11795,base,"4,2,5"
11796,base,"3,6,2"
11797,base,"3,6,2"
11798,base,
11799,base,"5,3,6"
11800,base,"3,4,6"
11801,base,"2,4,5"
11802,base,"4,2,6"
11803,base,"3,2,5"
11804,base,"3,6,2"
11805,base,"2,5,4"
11806,base,"3,6,2"
11807,base,"4,2,6"
11808,base,"4,6,3"
11809,base,"3,5,2"
11810,base,"3,6,2"
11811,base,
11812,base,
11813,base,"1,2,5"
11814,base,"3,6,2"
11815,base,"3,4,2"
11816,base,"3,5,4"
11817,base,"3,5,2"
11818,base,
11819,base,"4,2,6"
11820,base,
11821,base,"3,2,5"
11822,base,"5,3,6"
11823,base,"4,2,6"
11824,base,"3,6,1"
11825,base,"1,2,5"
11826,base,"3,6,1"
11827,base,"4,2,6"
11828,base,"1,4,2"
11829,base,"1,4,3"
11830,base,
11831,base,"4,2,6"
11832,base,"3,4,2"
11833,base,"4,2,6"
11834,base,"4,3,6"
11835,base,"3,2,6"
11836,base,"1,3,2"
11837,base,"2,4,6"
11838,base,"2,5"
11839,base,"4,2,6"
11840,base,"3,6,2"
11841,base,"1,3,6"
11842,base,"4,2,6"
11843,base,
11844,base,"2,6,5"
11845,base,"5,3,1"
11846,base,1
11847,base,"4,3,2"
11848,base,"5,2,6"
11849,base,"2,5,3"
11850,base,
11851,base,"2,5,6"
11852,base,"2,5,3"
11853,base,
11854,base,"1,6,3"
11855,base,"2,5,3"
11856,base,"2,5,3"
11857,base,"3,1,6"
11858,base,"2,5,1"
11859,base,"4,2,6"
11860,base,"4,2,6"
11861,base,"2,4,6"
11862,base,"6,3,1"
11863,base,"4,3,5"
11864,base,"3,6,5"
11865,base,
11866,base,"1,3,5"
11867,base,"3,5,4"
11868,base,1
11869,base,"4,2,6"
11870,base,"4,2,6"
11871,base,"4,2,6"
11872,base,"2,5,6"
11873,base,"1,2,3"
11874,base,"3,6,2"
11875,base,"4,5,6"
11876,base,
11877,base,
11878,base,"2,5,4"
11879,base,"2,4,6"
11880,base,"5,3,2"
11881,base,"4,3,5"
11882,base,"2,6,3"
11883,base,"4,2,6"
11884,base,"2,6,4"
11885,base,"2,6,3"
11886,base,"1,4,2"
11887,base,"3,4,5"
11888,base,"3,6,4"
11889,base,
11890,base,"2,5,4"
11891,base,3
11892,base,
11893,base,"4,3,2"
11894,base,"3,5,2"
11895,base,"1,6,1"
11896,base,"1,6,3"
11897,base,"4,3,6"
11898,base,
11899,base,
11900,base,"6,3,5"
11901,base,"5,3,6"
11902,base,"4,3,6"
11903,base,"4,2,6"
11904,base,"5,2,4"
11905,base,"4,2,5"
11906,base,"2,5,3"
11907,base,"3,1,6"
11908,base,"5,3,2"
11909,base,"4,2,6"
11910,base,
11911,base,"2,4,3"
11912,base,"5,2"
11913,base,"1,2,3"
11914,base,
11915,base,"2,5,3"
11916,base,"1,4,5"
11917,base,"4,2,6"
11918,base,"1,3,5"
11919,base,"2,4,3"
11920,base,
11921,base,"4,6,2"
11922,base,"4,3,6"
11923,base,"6,1,2"
11924,base,"4,2,6"
11925,base,"1,6,1"
11926,base,"4,6,2"
11927,base,"4,2,3"
11928,base,"4,3,2"
11929,base,"4,6,2"
11930,base,"3,6,5"
11931,base,"3,6,2"
11932,base,"4,2,5"
11933,base,"1,6"
11934,base,
11935,base,
11936,base,"3,6,2"
11937,base,"4,2,6"
11938,base,"4,3,6"
11939,base,"1,3,2"
11940,base,"4,2,6"
11941,base,"3,6,5"
11942,base,"3,6,2"
11943,base,"3,2,5"
11944,base,
11945,base,"1,4,2"
11946,base,"2,5,3"
11947,base,"4,2,6"
11948,base,"3,2,5"
11949,base,"3,2,6"
11950,base,"1,2,3"
11951,base,
11952,base,"4,3,6"
11953,base,
11954,base,"3,6,2"
11955,base,"1,2,3"
11956,base,"2,4,6"
11957,base,"1,6"
11958,base,"4,2,6"
11959,base,"4,2,6"
11960,base,"3,5,6"
11961,base,"4,2,6"
11962,base,
11963,base,"5,1"
11964,base,"1,6,3"
11965,base,
11966,base,"4,6,3"
11967,base,"2,6,5"
11968,base,
11969,base,
11970,base,"4,2,6"
11971,base,"2,5,3"
11972,base,"3,6,4"
11973,base,"4,2,5"
11974,base,"1,5,2"
11975,base,
11976,base,"3,6,2"
11977,base,"4,6,2"
11978,base,"2,5,3"
11979,base,"5,3,2"
11980,base,"4,3,6"
11981,base,"3,1,6"
11982,base,"3,5,2"
11983,base,"2,5,3"
11984,base,
11985,base,"1,2,5"
11986,base,"2,5,4"
11987,base,"2,4,6"
11988,base,
11989,base,"3,6,2"
11990,base,
11991,base,"4,2,5"
11992,base,"4,2,5"
11993,base,"4,3,6"
11994,base,"1,2,5"
11995,base,"3,1,6"
11996,base,
11997,base,
11998,base,"3,6,2"
11999,base,"1,6,1"
12000,base,"5,3,2"
12001,base,
12002,base,"2,5,3"
12003,base,
12004,base,"2,5,6"
12005,base,"3,6,4"
12006,base,"4,2"
12007,base,"1,3,5"
12008,base,
12009,base,"2,5,3"
12010,base,
12011,base,
12012,base,"5,2,4"
12013,base,
12014,base,"1,4,3"
12015,base,"5,2,6"
12016,base,"4,2,5"
12017,base,"4,6,2"
12018,base,
12019,base,
12020,base,"2,4,6"
12021,base,"2,5,6"
12022,base,
12023,base,
12024,base,"4,2,6"
12025,base,
12026,base,"4,2,6"
12027,base,"3,2,6"
12028,base,"3,6,2"
12029,base,
12030,base,
12031,base,
12032,base,
12033,base,"5,4,3"
12034,base,"1,2,3"
12035,base,
12036,base,
12037,base,"3,6,1"
12038,base,"1,2,3"
12039,base,"4,2,6"
12040,base,"4,2,6"
12041,base,"4,2,6"
12042,base,"4,2,5"
12043,base,"3,6,2"
12044,base,"4,2,6"
12045,base,"4,2,6"
12046,base,"5,3,2"
12047,base,"3,2,6"
12048,base,"2,5,3"
12049,base,"2,5,3"
12050,base,"1,6,1"
12051,base,"5,2,6"
12052,base,"5,3,6"
12053,base,"1,6,3"
12054,base,
12055,base,"5,2,6"
12056,base,"4,5,3"
12057,base,"1,6,3"
12058,base,"2,4,6"
12059,base,
12060,base,
12061,base,"3,6,2"
12062,base,"4,3,6"
12063,base,
12064,base,"4,2,6"
12065,base,"1,6"
12066,base,"3,2,6"
12067,base,"4,3,5"
12068,base,"2,5,6"
12069,base,"2,4,5"
12070,base,
12071,base,"1,6,3"
12072,base,"3,6,2"
12073,base,"4,2,6"
12074,base,"2,5,3"
12075,base,"5,2,6"
12076,base,"3,2,6"
12077,base,
12078,base,"1,5,3"
12079,base,"5,2,6"
12080,base,
12081,base,"4,2,6"
12082,base,"4,2,6"
12083,base,"5,2,4"
12084,base,
12085,base,"4,2,6"
12086,base,"4,2,6"
12087,base,"2,5,1"
12088,base,"3,6,5"
12089,base,"3,5,2"
12090,base,"2,6,4"
12091,base,
12092,base,"5,2,4"
12093,base,"1,3,4"
12094,base,"1,6,1"
12095,base,"2,6,3"
12096,base,"4,2,5"
12097,base,"4,2,6"
12098,base,
12099,base,"3,2,5"
12100,base,
12101,base,"1,6,1"
12102,base,"1,4,2"
12103,base,"3,5,2"
12104,base,"3,6,1"
12105,base,"2,5,3"
12106,base,"1,2,5"
12107,base,"5,2,6"
12108,base,"2,5,3"
12109,base,"5,3,6"
12110,base,
12111,base,"3,6,5"
12112,base,
12113,base,"5,3,6"
12114,base,"2,5,3"
12115,base,"1,4,5"
12116,base,"6,3,4"
12117,base,"1,2,5"
12118,base,"4,2,6"
12119,base,"4,3,6"
12120,base,"1,6"
12121,base,"4,6,2"
12122,base,"4,2,6"
12123,base,"3,6,5"
12124,base,3
12125,base,"3,1,6"
12126,base,"3,2,6"
12127,base,
12128,base,"4,6,2"
12129,base,
12130,base,"4,2,6"
12131,base,"1,4,6"
12132,base,
12133,base,"3,5,6"
12134,base,"1,3,6"
12135,base,"2,4,5"
12136,base,
12137,base,
12138,base,"1,5,3"
12139,base,"4,2,6"
12140,base,"4,2,6"
12141,base,"2,5,3"
12142,base,"1,2,5"
12143,base,
12144,base,"1,2,3"
12145,base,"1,5,4"
12146,base,"4,2,5"
12147,base,"4,2,6"
12148,base,"1,2,3"
12149,base,"4,2,6"
12150,base,
12151,base,"3,5,2"
12152,base,"5,3,6"
12153,base,"2,6,4"
12154,base,
12155,base,"1,5,2"
12156,base,"5,3,2"
12157,base,"4,3,5"
12158,base,"2,5,1"
12159,base,"2,5,6"
12160,base,
12161,base,"2,5,3"
12162,base,"3,5,2"
12163,base,"3,6,2"
12164,base,"4,2,6"
12165,base,"4,2,6"
12166,base,"5,2,6"
12167,base,"4,2,6"
12168,base,"4,5,2"
12169,base,
12170,base,"1,5,4"
12171,base,"1,2,3"
12172,base,"1,3"
12173,base,"4,2,6"
12174,base,6
12175,base,
12176,base,"1,2"
12177,base,"4,2,6"
12178,base,"4,6,2"
12179,base,
12180,base,"4,2,6"
12181,base,"4,5"
12182,base,"4,3,6"
12183,base,"4,2,6"
12184,base,4
12185,base,"3,4,2"
12186,base,
12187,base,"4,2,6"
12188,base,"2,4,5"
12189,base,"3,6,2"
12190,base,
12191,base,"1,3,6"
12192,base,"1,6,3"
12193,base,
12194,base,"2,4,6"
12195,base,"3,5,2"
12196,base,"4,2,6"
12197,base,
12198,base,"2,6,3"
12199,base,"4,2,6"
12200,base,"3,5,2"
12201,base,"4,2"
12202,base,"5,2,6"
12203,base,6
12204,base,"2,4,6"
12205,base,
12206,base,"2,5,1"
12207,base,"3,6,2"
12208,base,
12209,base,"2,5,4"
12210,base,
12211,base,"4,2,6"
12212,base,"3,6,2"
12213,base,
12214,base,"3,1,4"
12215,base,"1,2,3"
12216,base,"1,4,3"
12217,base,"1,2,4"
12218,base,"4,6,2"
12219,base,"3,6,4"
12220,base,"1,3,6"
12221,base,"3,1,6"
12222,base,"6,3"
12223,base,"1,2,3"
12224,base,"2,5,3"
12225,base,"3,5,2"
12226,base,1
12227,base,"4,2,6"
12228,base,"1,6,1"
12229,base,
12230,base,
12231,base,"4,2,6"
12232,base,"6,3"
12233,base,"3,6,2"
12234,base,"3,6,2"
12235,base,"2,5,4"
12236,base,
12237,base,
12238,base,
12239,base,
12240,base,"3,5,2"
12241,base,"2,5,4"
12242,base,"1,1,1"
12243,base,"5,2,4"
12244,base,
12245,base,
12246,base,"4,2,6"
12247,base,
12248,base,"3,4,5"
12249,base,"4,6,2"
12250,base,2
12251,base,"1,3,6"
12252,base,"3,4,2"
12253,base,"3,2,6"
12254,base,"4,2,6"
12255,base,"2,4,6"
12256,base,"1,3,4"
12257,base,"4,2,6"
12258,base,"1,4,5"
12259,base,"5,4,3"
12260,base,
12261,base,
12262,base,
12263,base,"2,5,3"
12264,base,"3,6,2"
12265,base,"1,2,3"
12266,base,"1,2,3"
12267,base,"3,5,4"
12268,base,"3,6,2"
12269,base,"2,5,3"
12270,base,"5,2,6"
12271,base,"1,3"
12272,base,"4,2,6"
12273,base,"4,3,6"
12274,base,"4,2,6"
12275,base,"4,2,6"
12276,base,"3,6,2"
12277,base,"1,2,4"
12278,base,"5,3,2"
12279,base,"3,4,2"
12280,base,"3,3,4"
12281,base,"4,2,6"
12282,base,
12283,base,"1,4,3"
12284,base,"3,6,2"
12285,base,6
12286,base,
12287,base,"4,2,6"
12288,base,"4,2,5"
12289,base,
12290,base,"4,6,2"
12291,base,"2,5,3"
12292,base,"3,6,4"
12293,base,"4,2,6"
12294,base,"3,4,5"
12295,base,"5,2,6"
12296,base,"4,2,6"
12297,base,
12298,base,"2,4,5"
12299,base,"1,4,2"
12300,base,"1,6,1"
12301,base,"2,5,1"
12302,base,"4,3,6"
12303,base,"4,2,6"
12304,base,
12305,base,"4,6"
12306,base,"1,2,3"
12307,base,
12308,base,"1,6,1"
12309,base,"1,3,6"
12310,base,"3,6,4"
12311,base,"4,2,5"
12312,base,
12313,base,"1,6,1"
12314,base,"1,6"
12315,base,
12316,base,"3,1,6"
12317,base,"3,5,2"
12318,base,"3,6,5"
12319,base,"2,6,5"
12320,base,"4,6,2"
12321,base,"1,2,3"
12322,base,6
12323,base,"4,3,6"
12324,base,"2,6,3"
12325,base,"5,3,2"
12326,base,"5,2,6"
12327,base,"4,3,6"
12328,base,
12329,base,"2,4,5"
12330,base,"4,6,5"
12331,base,"4,2,6"
12332,base,"3,1,1"
12333,base,
12334,base,"4,2,6"
12335,base,
12336,base,"1,6,2"
12337,base,"1,4,2"
12338,base,"3,6,2"
12339,base,
12340,base,
12341,base,"3,1,6"
12342,base,"4,2,5"
12343,base,"2,4,6"
12344,base,
12345,base,"1,2,6"
12346,base,"4,2,6"
12347,base,"1,4,3"
12348,base,"5,2,6"
12349,base,"4,6,2"
12350,base,"4,2,5"
12351,base,"1,2,3"
12352,base,"3,1,6"
12353,base,"4,2,5"
12354,base,
12355,base,"3,4,2"
12356,base,"1,1,6"
12357,base,"1,2,3"
12358,base,3
12359,base,"1,2,5"
12360,base,"5,3,2"
12361,base,"3,6,1"
12362,base,"4,2,5"
12363,base,"3,5,1"
12364,base,"4,2,6"
12365,base,"1,3,6"
12366,base,"3,5,2"
12367,base,
12368,base,"2,4,6"
12369,base,"4,2,6"
12370,base,"4,2,6"
12371,base,"1,4,2"
12372,base,"3,6,2"
12373,base,"4,2,6"
12374,base,"3,6,2"
12375,base,"6,3"
12376,base,"4,2,6"
12377,base,"2,6,4"
12378,base,"2,5,4"
12379,base,"3,6,4"
12380,base,"4,2,6"
12381,base,"4,2,6"
12382,base,"1,2,3"
12383,base,"4,2,5"
12384,base,
12385,base,"2,5,6"
12386,base,
12387,base,"3,6,2"
12388,base,"3,5,2"
12389,base,"3,6,2"
12390,base,"3,6,2"
12391,base,"3,5,2"
12392,base,"4,2,6"
12393,base,"3,6,2"
12394,base,1
12395,base,
12396,base,
12397,base,"2,5,6"
12398,base,"1,3,6"
12399,base,"4,2,6"
12400,base,"3,6,2"
12401,base,
12402,base,"4,6,2"
12403,base,"1,2,4"
12404,base,"1,6,1"
12405,base,
12406,base,
12407,base,"5,3,6"
12408,base,"1,3,5"
12409,base,"1,4,2"
12410,base,"6,6,6"
12411,base,3
12412,base,
12413,base,"5,3,2"
12414,base,"4,2,5"
12415,base,"4,6,2"
12416,base,"1,4,2"
12417,base,"1,3,2"
12418,base,"4,6,2"
12419,base,
12420,base,"3,5,6"
12421,base,"2,4,6"
12422,base,"4,2,6"
12423,base,"2,5,1"
12424,base,"5,2,3"
12425,base,"4,2,6"
12426,base,
12427,base,"1,4"
12428,base,
12429,base,3
12430,base,"3,5,2"
12431,base,"1,3,5"
12432,base,"2,5,3"
12433,base,
12434,base,"5,4,2"
12435,base,
12436,base,"4,2,6"
12437,base,"4,2,6"
12438,base,
12439,base,"5,3,4"
12440,base,
12441,base,"1,2,3"
12442,base,"2,4,6"
12443,base,"3,1,4"
12444,base,"2,5,3"
12445,base,"3,4,5"
12446,base,"3,6,2"
12447,base,"4,6"
12448,base,"5,2,6"
12449,base,"2,4,3"
12450,base,
12451,base,"1,3,2"
12452,base,"4,2,6"
12453,base,"4,3,6"
12454,base,"4,2,5"
12455,base,"1,3,5"
12456,base,
12457,base,"3,2,5"
12458,base,
12459,base,"3,6,1"
12460,base,"1,6,3"
12461,base,
12462,base,"1,4,2"
12463,base,"4,3,6"
12464,base,"4,2,6"
12465,base,"5,3,4"
12466,base,"4,3,5"
12467,base,"4,2,6"
12468,base,"5,3,2"
12469,base,"4,2,6"
12470,base,"4,2,6"
12471,base,"2,5,3"
12472,base,
12473,base,"3,6,2"
12474,base,"4,2,6"
12475,base,
12476,base,"1,6,3"
12477,base,"3,6,1"
12478,base,"3,1,6"
12479,base,"4,3,6"
12480,base,"5,2"
12481,base,"2,5,3"
12482,base,"3,6,5"
12483,base,"4,2,6"
12484,base,"1,4,2"
12485,base,"2,5,3"
12486,base,"4,2,6"
12487,base,"3,1,6"
12488,base,
12489,base,"2,4,5"
12490,base,"4,2,6"
12491,base,"4,3,6"
12492,base,"1,5,3"
12493,base,"2,5,6"
12494,base,"2,4,5"
12495,base,"2,6,5"
12496,base,"4,2,6"
12497,base,"3,6,2"
12498,base,"3,6,1"
12499,base,
12500,base,"4,3,6"
12501,base,"3,5,2"
12502,base,"1,6,1"
12503,base,"2,5,3"
12504,base,"2,6,3"
12505,base,1
12506,base,"1,1,1"
12507,base,"4,3,2"
12508,base,"3,6,2"
12509,base,
12510,base,3
12511,base,"1,6,1"
12512,base,"1,4,6"
12513,base,"2,4,6"
12514,base,"1,5,2"
12515,base,"1,2,3"
12516,base,
12517,base,"4,2,6"
12518,base,"3,2,4"
12519,base,"4,2,6"
12520,base,
12521,base,"2,6,4"
12522,base,"4,2,6"
12523,base,"5,2,6"
12524,base,"4,2,5"
12525,base,
12526,base,"2,5,3"
12527,base,"4,2,6"
12528,base,"2,5,3"
12529,base,"1,3"
12530,base,"2,6,4"
12531,base,"1,3,2"
12532,base,"3,6,2"
12533,base,"4,3,6"
12534,base,"4,3,2"
12535,base,"3,6,2"
12536,base,"4,2,6"
12537,base,"3,6,2"
12538,base,
12539,base,
12540,base,"1,3"
12541,base,"5,3,2"
12542,base,"1,3,5"
12543,base,"2,5,4"
12544,base,"3,4,6"
12545,base,"4,2,6"
12546,base,"1,6,1"
12547,base,"4,6,3"
12548,base,"3,6,2"
12549,base,
12550,base,"2,4,6"
12551,base,"4,5,3"
12552,base,"4,2,6"
12553,base,"1,2,3"
12554,base,
12555,base,
12556,base,"1,6,2"
12557,base,4
12558,base,"2,4,6"
12559,base,"3,6,2"
12560,base,"4,2,6"
12561,base,"4,2,6"
12562,base,1
12563,base,"1,2,3"
12564,base,
12565,base,"1,1,6"
12566,base,
12567,base,"2,4,6"
12568,base,"4,2,6"
12569,base,"1,6,3"
12570,base,
12571,base,"2,6,4"
12572,base,"2,5,6"
12573,base,"3,4"
12574,base,"3,2,6"
12575,base,"4,2,6"
12576,base,"1,6,1"
12577,base,"1,2,5"
12578,base,
12579,base,"1,2,3"
12580,base,
12581,base,"3,6,4"
12582,base,
12583,base,"3,4,6"
12584,base,"1,5,2"
12585,base,"3,1,6"
12586,base,"3,6,2"
12587,base,"4,2,6"
12588,base,"4,5,2"
12589,base,"6,3,3"
12590,base,"4,2,6"
12591,base,"4,2,6"
12592,base,"3,2,5"
12593,base,"4,2,6"
12594,base,"2,4,6"
12595,base,"1,2,3"
12596,base,"5,2,6"
12597,base,
12598,base,"1,3,6"
12599,base,"2,1,6"
12600,base,
12601,base,"1,2,6"
12602,base,"4,2,5"
12603,base,"3,6,2"
12604,base,"3,6,2"
12605,base,"3,1,6"
12606,base,"4,2,5"
12607,base,"3,5,3"
12608,base,
12609,base,"4,2,6"
12610,base,
12611,base,"3,6,2"
12612,base,"3,4,5"
12613,base,"2,6,3"
12614,base,"3,6,2"
12615,base,"5,2,4"
12616,base,"3,5,1"
12617,base,"4,2,5"
12618,base,"4,3,6"
12619,base,"1,2"
12620,base,"4,2,6"
12621,base,"3,6,5"
12622,base,"3,5,2"
12623,base,
12624,base,"1,4,5"
12625,base,"3,6,1"
12626,base,2
12627,base,"5,2,6"
12628,base,"2,4,6"
12629,base,"3,6,2"
12630,base,"4,2,5"
12631,base,
12632,base,"5,4,2"
12633,base,"4,3,6"
12634,base,
12635,base,"2,5,3"
12636,base,
12637,base,
12638,base,"3,1,3"
12639,base,
12640,base,"5,3,2"
12641,base,"4,6"
12642,base,"2,5,6"
12643,base,"4,3,2"
12644,base,"4,3,6"
12645,base,"1,5,3"
12646,base,"3,5,4"
12647,base,
12648,base,"4,2,6"
12649,base,
12650,base,"1,6,2"
12651,base,"3,4,2"
12652,base,"5,3,2"
12653,base,
12654,base,"2,6,5"
12655,base,"4,2,6"
12656,base,"4,2,5"
12657,base,"4,6,2"
12658,base,3
12659,base,
12660,base,"1,5,3"
12661,base,"1,2,6"
12662,base,
12663,base,
12664,base,"1,6,2"
12665,base,"1,5,4"
12666,base,4
12667,base,"3,6"
12668,base,"1,5,3"
12669,base,"4,2,6"
12670,base,
12671,base,"1,2,4"
12672,base,"3,1,6"
12673,base,"2,4,3"
12674,base,"3,5,2"
12675,base,"4,2,6"
12676,base,"2,6,4"
12677,base,"1,4,6"
12678,base,"5,3,6"
12679,base,"5,2,4"
12680,base,"3,6,4"
12681,base,"2,5,3"
12682,base,"3,6,2"
12683,base,"3,6,2"
12684,base,"2,6,4"
12685,base,"4,3,5"
12686,base,"1,2,3"
12687,base,"2,6,3"
12688,base,"5,2,3"
12689,base,"3,6,2"
12690,base,"5,3,2"
12691,base,"2,5,4"
12692,base,"1,6,3"
12693,base,
12694,base,"4,2,6"
12695,base,"4,3,6"
12696,base,
12697,base,"1,6"
12698,base,"1,4,3"
12699,base,
12700,base,"3,5,2"
12701,base,1
12702,base,"1,6,3"
12703,base,"1,2,4"
12704,base,"4,2,6"
12705,base,"4,5,3"
12706,base,"2,5,3"
12707,base,"3,5,1"
12708,base,"1,3,4"
12709,base,"4,2,6"
12710,base,"3,2,6"
12711,base,"1,6,3"
12712,base,"4,2,6"
12713,base,"3,1,5"
12714,base,
12715,base,"2,5,6"
12716,base,
12717,base,
12718,base,"3,1,6"
12719,base,
12720,base,
12721,base,"4,2,6"
12722,base,"3,1"
12723,base,"4,3,6"
12724,base,
12725,base,
12726,base,"5,3,2"
12727,base,
12728,base,"2,4,6"
12729,base,
12730,base,"5,2,6"
12731,base,
12732,base,"4,2,6"
12733,base,"1,2,3"
12734,base,"2,5,4"
12735,base,"1,4,3"
12736,base,"4,2,6"
12737,base,"3,6,1"
12738,base,"3,4,6"
12739,base,"4,6,2"
12740,base,"3,6,4"
12741,base,
12742,base,"4,3,6"
12743,base,"2,4,6"
12744,base,"1,2,5"
12745,base,"5,2,6"
12746,base,"4,2,6"
12747,base,"2,6,4"
12748,base,"1,6,3"
12749,base,"4,3,2"
12750,base,"1,6,3"
12751,base,"3,6,5"
12752,base,"3,4,5"
12753,base,
12754,base,"2,5,6"
12755,base,"5,2,3"
12756,base,"1,1,6"
12757,base,"5,2,4"
12758,base,"1,5,2"
12759,base,"4,6,3"
12760,base,"3,5,1"
12761,base,
12762,base,"5,2,6"
12763,base,"4,2,6"
12764,base,
12765,base,"3,1,5"
12766,base,"1,6,1"
12767,base,"1,4,2"
12768,base,"4,2,5"
12769,base,"1,4,2"
12770,base,"4,3,6"
12771,base,"3,5,2"
12772,base,"1,6,3"
12773,base,
12774,base,
12775,base,"5,2,6"
12776,base,"1,5"
12777,base,"2,4,6"
12778,base,"1,4,6"
12779,base,"4,3,2"
12780,base,"2,5,6"
12781,base,"2,6,5"
12782,base,"4,3,6"
12783,base,"3,5,2"
12784,base,"3,4,2"
12785,base,
12786,base,5
12787,base,"4,2,6"
12788,base,
12789,base,"3,4,5"
12790,base,"2,4,5"
12791,base,"2,5,4"
12792,base,"3,6,4"
12793,base,"2,6,3"
12794,base,"2,6"
12795,base,"1,4,3"
12796,base,"3,6,2"
12797,base,"2,5,1"
12798,base,"3,5,2"
12799,base,"4,2,6"
12800,base,"4,2,5"
12801,base,"4,2,6"
12802,base,"2,5,1"
12803,base,"3,6,2"
12804,base,"5,4"
12805,base,
12806,base,"1,6,3"
12807,base,"3,6,2"
12808,base,"2,6,3"
12809,base,
12810,base,"2,5,3"
12811,base,"1,6,1"
12812,base,"1,4,6"
12813,base,"2,5,4"
12814,base,"3,6,5"
12815,base,"6,1,6"
12816,base,"5,2,4"
12817,base,"5,2,6"
12818,base,
12819,base,"2,4,5"
12820,base,
12821,base,"3,6,4"
12822,base,
12823,base,"1,6,1"
12824,base,
12825,base,"1,4,2"
12826,base,"3,5,2"
12827,base,
12828,base,"1,2,3"
12829,base,"1,5,2"
12830,base,"1,4,3"
12831,base,"3,1,6"
12832,base,
12833,base,"1,3"
12834,base,"1,2,3"
12835,base,
12836,base,"3,6,4"
12837,base,"1,4,6"
12838,base,"4,3,5"
12839,base,"2,4"
12840,base,"5,3,6"
12841,base,"1,2,3"
12842,base,"1,2,5"
12843,base,
12844,base,"4,2,6"
12845,base,"3,2,6"
12846,base,"1,3,6"
12847,base,
12848,base,
12849,base,
12850,base,"2,6,3"
12851,base,"3,2,6"
12852,base,
12853,base,"4,3,5"
12854,base,"4,3,6"
12855,base,"1,4,2"
12856,base,"5,2,3"
12857,base,
12858,base,"3,6,2"
12859,base,"3,2,5"
12860,base,"1,1"
12861,base,"4,2,6"
12862,base,
12863,base,
12864,base,"3,5,2"
12865,base,"1,2,6"
12866,base,"2,4,6"
12867,base,"3,6,5"
12868,base,"4,3,2"
12869,base,"3,6,1"
12870,base,"1,6,3"
12871,base,
12872,base,
12873,base,6
12874,base,"1,2,3"
12875,base,
12876,base,"4,2,6"
12877,base,3
12878,base,"4,2,6"
12879,base,"4,2,6"
12880,base,"1,6,3"
12881,base,
12882,base,
12883,base,"4,2,6"
12884,base,"4,2,6"
12885,base,"1,2,3"
12886,base,
12887,base,"3,5,6"
12888,base,"2,6,5"
12889,base,"4,6,2"
12890,base,"2,4,6"
12891,base,"5,3,2"
12892,base,"3,6,5"
12893,base,
12894,base,"3,1,6"
12895,base,"4,2,5"
12896,base,"4,3,6"
12897,base,
12898,base,"4,2,6"
12899,base,"4,6,2"
12900,base,"1,2,3"
12901,base,
12902,base,"1,4,3"
12903,base,"6,4,5"
12904,base,"1,4,5"
12905,base,
12906,base,"1,6,3"
12907,base,"4,2,6"
12908,base,"4,6,5"
12909,base,"4,2,5"
12910,base,"4,3,2"
12911,base,"5,2,6"
12912,base,1
12913,base,"1,2,2"
12914,base,"4,2,5"
12915,base,"4,2,5"
12916,base,"3,6,5"
12917,base,"3,1,6"
12918,base,"3,6,2"
12919,base,"4,2,6"
12920,base,
12921,base,"4,3,5"
12922,base,"4,2,6"
12923,base,"4,2,6"
12924,base,"4,6,3"
12925,base,"4,3,5"
12926,base,"4,2,5"
12927,base,1
12928,base,"2,6,3"
12929,base,
12930,base,"3,4,6"
12931,base,
12932,base,"2,6,3"
12933,base,"5,2,6"
12934,base,"4,3,2"
12935,base,"2,6,5"
12936,base,
12937,base,
12938,base,"4,2,6"
12939,base,"5,3,2"
12940,base,"4,2,6"
12941,base,"3,5,1"
12942,base,
12943,base,1
12944,base,"2,5,3"
12945,base,"2,5,3"
12946,base,
12947,base,"1,4,3"
12948,base,"1,6,3"
12949,base,"1,2,3"
12950,base,3
12951,base,"5,3,6"
12952,base,"2,6,4"
12953,base,"2,6,4"
12954,base,"2,5,4"
12955,base,
12956,base,"1,6"
12957,base,
12958,base,"1,6,3"
12959,base,"2,4,6"
12960,base,"3,6,5"
12961,base,"2,5,4"
12962,base,"1,2,3"
12963,base,"1,6,3"
12964,base,"1,2,4"
12965,base,
12966,base,
12967,base,"4,2,6"
12968,base,"4,3,6"
12969,base,"1,6,1"
12970,base,"2,5,3"
12971,base,"1,2,6"
12972,base,"5,2,3"
12973,base,"3,6,4"
12974,base,"3,6"
12975,base,"4,2,6"
12976,base,"5,3,6"
12977,base,"4,6,2"
12978,base,"4,2,5"
12979,base,"4,2,6"
12980,base,"3,2,5"
12981,base,"2,6,3"
12982,base,"6,3"
12983,base,"4,2,6"
12984,base,"2,5,3"
12985,base,"3,5,6"
12986,base,"1,2,3"
12987,base,
12988,base,"2,4,5"
12989,base,"4,2,6"
12990,base,"3,5,2"
12991,base,"2,6,5"
12992,base,"4,2,6"
12993,base,
12994,base,
12995,base,"1,4,6"
12996,base,1
12997,base,"4,2,6"
12998,base,"4,2,5"
12999,base,"3,1,6"
13000,base,"1,3,5"
13001,base,"5,2,6"
13002,base,"2,6,3"
13003,base,"3,1,6"
13004,base,"1,4,5"
13005,base,"1,6"
13006,base,"4,3,6"
13007,base,"1,6,3"
13008,base,"4,2,6"
13009,base,"2,6,4"
13010,base,
13011,base,"2,5,3"
13012,base,"3,4,2"
13013,base,"1,6,1"
13014,base,
13015,base,"3,1,6"
13016,base,"3,3,6"
13017,base,"2,5,3"
13018,base,
13019,base,"2,5,1"
13020,base,"4,3,6"
13021,base,
13022,base,"3,6,2"
13023,base,"2,6,4"
13024,base,"3,5,2"
13025,base,"4,3,5"
13026,base,"1,4,3"
13027,base,"3,6,2"
13028,base,"2,6,4"
13029,base,"3,6,2"
13030,base,"4,2,6"
13031,base,"2,5,3"
13032,base,"4,2,6"
13033,base,"4,2,6"
13034,base,"3,6,2"
13035,base,"5,2,6"
13036,base,"3,4,2"
13037,base,"3,4,5"
13038,base,"3,2,6"
13039,base,
13040,base,
13041,base,"4,2,5"
13042,base,"1,5,2"
13043,base,"6,2,5"
13044,base,"2,4,6"
13045,base,"2,4"
13046,base,"5,2,6"
13047,base,1
13048,base,"1,6,1"
13049,base,"4,2,6"
13050,base,"4,6,3"
13051,base,"4,3,5"
13052,base,"2,6,4"
13053,base,"3,6"
13054,base,
13055,base,"4,2,5"
13056,base,
13057,base,"4,2,6"
13058,base,"1,6,1"
13059,base,"4,2,6"
13060,base,"1,3,5"
13061,base,"2,5,3"
13062,base,"5,2,6"
13063,base,"3,2,6"
13064,base,
13065,base,"4,2,6"
13066,base,"4,2,5"
13067,base,"4,6,1"
13068,base,"3,1,5"
13069,base,"3,6,2"
13070,base,"5,3,2"
13071,base,"1,2,2"
13072,base,"4,2,5"
13073,base,"4,2,6"
13074,base,"4,3,6"
13075,base,"4,2,6"
13076,base,"2,4,5"
13077,base,
13078,base,"4,2,6"
13079,base,"2,5,3"
13080,base,"3,6,2"
13081,base,
13082,base,"1,2,4"
13083,base,
13084,base,"3,1,6"
13085,base,"5,3,6"
13086,base,"4,6,2"
13087,base,"3,6,2"
13088,base,"4,2,5"
13089,base,"5,3,4"
13090,base,"4,3,2"
13091,base,
13092,base,
13093,base,"1,6,3"
13094,base,"4,3,6"
13095,base,"3,5,6"
13096,base,"1,2,3"
13097,base,"1,5,2"
13098,base,"2,6,4"
13099,base,
13100,base,"5,2,4"
13101,base,
13102,base,"4,2,6"
13103,base,"4,3,6"
13104,base,
13105,base,"1,5,3"
13106,base,"3,6,2"
13107,base,
13108,base,
13109,base,"4,3,6"
13110,base,"1,2,3"
13111,base,"3,6,5"
13112,base,"5,2,4"
13113,base,"3,5,2"
13114,base,"4,2,6"
13115,base,"1,3,5"
13116,base,"2,4,3"
13117,base,"3,6,5"
13118,base,"2,4,6"
13119,base,"5,2,6"
13120,base,"2,4,6"
13121,base,
13122,base,"6,3,4"
13123,base,"1,2,3"
13124,base,"2,5,4"
13125,base,"4,6,2"
13126,base,
13127,base,"1,2,3"
13128,base,"5,3,1"
13129,base,
13130,base,
13131,base,"4,2,6"
13132,base,"5,3,2"
13133,base,"5,3,6"
13134,base,"1,2,3"
13135,base,"1,2,3"
13136,base,3
13137,base,"1,2,5"
13138,base,"3,6,2"
13139,base,"5,2,4"
13140,base,"1,4,5"
13141,base,"3,4,1"
13142,base,
13143,base,"1,6,3"
13144,base,"4,2,6"
13145,base,"4,2,5"
13146,base,"3,6,4"
13147,base,2
13148,base,
13149,base,"3,1,6"
13150,base,"3,4,1"
13151,base,"1,4,3"
13152,base,"1,5,6"
13153,base,"1,4,5"
13154,base,"4,2,6"
13155,base,6
13156,base,
13157,base,"2,5,6"
13158,base,"1,5,2"
13159,base,
13160,base,
13161,base,"6,1,6"
13162,base,"3,6,5"
13163,base,"3,6,4"
13164,base,
13165,base,"1,6,1"
13166,base,
13167,base,"3,5,2"
13168,base,"3,6,5"
13169,base,"3,4,6"
13170,base,"2,6,3"
13171,base,
13172,base,"2,5,6"
13173,base,
13174,base,"2,5,6"
13175,base,"3,4,2"
13176,base,"4,2,6"
13177,base,"5,4,2"
13178,base,"3,6,4"
13179,base,"1,2,4"
13180,base,"1,6,1"
13181,base,"5,2,6"
13182,base,"5,3,2"
13183,base,"1,3,6"
13184,base,
13185,base,
13186,base,
13187,base,"3,5,2"
13188,base,"1,2,3"
13189,base,"1,6,3"
13190,base,"4,2,6"
13191,base,"4,2,6"
13192,base,"5,3,6"
13193,base,"5,3,2"
13194,base,"5,3,2"
13195,base,"4,2,6"
13196,base,
13197,base,"1,5,2"
13198,base,"5,2,6"
13199,base,"3,6,2"
13200,base,
13201,base,"1,2,5"
13202,base,"2,4,3"
13203,base,"4,2,5"
13204,base,"4,2,6"
13205,base,"4,2,5"
13206,base,"3,6,1"
13207,base,"4,2,6"
13208,base,"4,2,6"
13209,base,"5,2,6"
13210,base,"4,2,5"
13211,base,
13212,base,"4,3,6"
13213,base,"1,2,6"
13214,base,
13215,base,"3,5,1"
13216,base,"4,5,2"
13217,base,"2,5,3"
13218,base,
13219,base,"3,1,6"
13220,base,"2,5,1"
13221,base,"5,4,3"
13222,base,"5,2,3"
13223,base,"4,3,6"
13224,base,"4,2,6"
13225,base,"4,2,5"
13226,base,
13227,base,"3,6,4"
13228,base,"3,6,4"
13229,base,
13230,base,"3,6,2"
13231,base,"3,6,4"
13232,base,"2,5,1"
13233,base,"3,6,2"
13234,base,"1,3,2"
13235,base,"1,2,3"
13236,base,"4,2,6"
13237,base,"3,6,4"
13238,base,"3,6,5"
13239,base,"2,5,6"
13240,base,"4,2,6"
13241,base,"2,4,6"
13242,base,"4,2,6"
13243,base,"1,6,3"
13244,base,"5,2,6"
13245,base,
13246,base,"5,3,2"
13247,base,"3,6,2"
13248,base,"4,2,6"
13249,base,"4,2,6"
13250,base,"1,2,3"
13251,base,"1,5,2"
13252,base,"2,6,4"
13253,base,"4,2,5"
13254,base,
13255,base,"3,4,6"
13256,base,"1,3,2"
13257,base,"3,6,2"
13258,base,"5,2,6"
13259,base,"1,4,2"
13260,base,"5,3,2"
13261,base,"3,2,6"
13262,base,"4,2,6"
13263,base,"5,2,6"
13264,base,"1,1,6"
13265,base,
13266,base,"5,4,6"
13267,base,"4,2,6"
13268,base,
13269,base,"2,5,3"
13270,base,6
13271,base,"4,6,3"
13272,base,"3,6"
13273,base,"3,5,2"
13274,base,"4,3,6"
13275,base,"1,2,3"
13276,base,"1,5,3"
13277,base,"2,5,1"
13278,base,"4,2,6"
13279,base,"1,4,3"
13280,base,
13281,base,"4,2,6"
13282,base,"2,4,6"
13283,base,"1,4,6"
13284,base,
13285,base,
13286,base,"6,3,4"
13287,base,"4,2,6"
13288,base,"1,4,6"
13289,base,"1,6,1"
13290,base,
13291,base,"4,2,6"
13292,base,
13293,base,"3,6,2"
13294,base,"3,1,6"
13295,base,"1,3,2"
13296,base,"4,2,5"
13297,base,3
13298,base,"1,5,2"
13299,base,"1,4,2"
13300,base,
13301,base,"1,4,2"
13302,base,"2,5,3"
13303,base,
13304,base,"1,3,6"
13305,base,"4,3,2"
13306,base,"4,2,6"
13307,base,"1,3,2"
13308,base,3
13309,base,"1,3,2"
13310,base,"1,5,3"
13311,base,
13312,base,"3,5,2"
13313,base,"2,5,3"
13314,base,"2,5,3"
13315,base,"1,5,2"
13316,base,"1,3,6"
13317,base,"5,2,6"
13318,base,"5,2,6"
13319,base,"2,4,6"
13320,base,"1,2,3"
13321,base,"3,5,6"
13322,base,"6,4,3"
13323,base,"2,5,4"
13324,base,"1,6,3"
13325,base,
13326,base,"4,2,6"
13327,base,
13328,base,"4,2,6"
13329,base,"1,6,4"
13330,base,"3,2,4"
13331,base,"2,5,3"
13332,base,"2,5,4"
13333,base,
13334,base,"4,2,6"
13335,base,
13336,base,"1,6"
13337,base,
13338,base,"1,2,3"
13339,base,"1,5,6"
13340,base,
13341,base,"4,2,6"
13342,base,"4,2,6"
13343,base,"1,4,6"
13344,base,
13345,base,"4,2,6"
13346,base,"3,6,1"
13347,base,
13348,base,"3,6,4"
13349,base,"3,5,4"
13350,base,"3,4,2"
13351,base,"4,6,3"
13352,base,"1,4,6"
13353,base,"5,3,2"
13354,base,
13355,base,
13356,base,"1,3,2"
13357,base,1
13358,base,"4,2,6"
13359,base,
13360,base,"3,5,2"
13361,base,"4,2,5"
13362,base,"5,4,2"
13363,base,"1,6,3"
13364,base,"3,4,2"
13365,base,"2,6,1"
13366,base,"4,2,6"
13367,base,
13368,base,
13369,base,"3,6,2"
13370,base,"1,2,3"
13371,base,
13372,base,"5,3,2"
13373,base,
13374,base,"1,2,3"
13375,base,"4,6,2"
13376,base,1
13377,base,
13378,base,"3,1,6"
13379,base,"5,2,6"
13380,base,"4,2,6"
13381,base,"1,4,6"
13382,base,
13383,base,"4,3,5"
13384,base,"2,4,6"
13385,base,"1,2,3"
13386,base,"1,2,4"
13387,base,
13388,base,"4,2,6"
13389,base,"3,4,6"
13390,base,"2,6,4"
13391,base,"2,5,4"
13392,base,"4,2,6"
13393,base,"4,2,6"
13394,base,
13395,base,"4,2,6"
13396,base,"1,2,3"
13397,base,"4,3,6"
13398,base,"1,6,3"
13399,base,"2,3,5"
13400,base,
13401,base,"4,2,6"
13402,base,"4,2,5"
13403,base,"1,2,3"
13404,base,"4,6"
13405,base,"1,6,1"
13406,base,"3,6,1"
13407,base,"5,3,6"
13408,base,
13409,base,"4,3,6"
13410,base,"4,3,6"
13411,base,"1,2,3"
13412,base,"2,6,4"
13413,base,"1,3,3"
13414,base,
13415,base,"2,5,4"
13416,base,"4,2,5"
13417,base,"3,6,2"
13418,base,
13419,base,"2,5,3"
13420,base,"2,4,6"
13421,base,"4,2,6"
13422,base,
13423,base,
13424,base,"2,6,5"
13425,base,
13426,base,"3,5,6"
13427,base,"2,5,3"
13428,base,"2,4,6"
13429,base,"3,2,6"
13430,base,"3,6,2"
13431,base,"3,6,4"
13432,base,"1,6"
13433,base,"1,2,4"
13434,base,
13435,base,"1,6,3"
13436,base,"3,6,2"
13437,base,"3,6,2"
13438,base,"4,2,5"
13439,base,"1,2,4"
13440,base,"1,6,1"
13441,base,"4,3,6"
13442,base,"4,2,6"
13443,base,
13444,base,"5,2,6"
13445,base,"1,3,6"
13446,base,"5,2,6"
13447,base,"2,5,6"
13448,base,"1,4,2"
13449,base,
13450,base,"3,6,1"
13451,base,1
13452,base,
13453,base,"5,3"
13454,base,
13455,base,"3,1,6"
13456,base,"4,3,2"
13457,base,"4,2,6"
13458,base,"4,2,6"
13459,base,4
13460,base,"1,2,3"
13461,base,"1,2,3"
13462,base,"4,2,6"
13463,base,"4,3,6"
13464,base,"3,5,2"
13465,base,
13466,base,
13467,base,"1,6,3"
13468,base,3
13469,base,"2,6,3"
13470,base,"4,2,6"
13471,base,"3,5,2"
13472,base,
13473,base,
13474,base,
13475,base,"6,5,2"
13476,base,"1,6"
13477,base,"2,5,6"
13478,base,
13479,base,"5,3,2"
13480,base,"3,6,5"
13481,base,"4,2,6"
13482,base,"4,3,5"
13483,base,"4,2,6"
13484,base,"3,6,2"
13485,base,"4,2,5"
13486,base,"3,5,2"
13487,base,"3,6,1"
13488,base,
13489,base,"2,5,3"
13490,base,
13491,base,"1,6,3"
13492,base,
13493,base,"4,3,2"
13494,base,"2,4,6"
13495,base,"4,2,5"
13496,base,"4,2,5"
13497,base,"3,6,5"
13498,base,"5,2,6"
13499,base,"4,2,6"
13500,base,"3,1,4"
13501,base,"4,2,6"
13502,base,"4,2,6"
13503,base,"4,2,6"
13504,base,
13505,base,"4,2,6"
13506,base,"1,4,2"
13507,base,
13508,base,"3,6,2"
13509,base,"4,2,6"
13510,base,"4,5,6"
13511,base,"1,4,2"
13512,base,"3,1,6"
13513,base,
13514,base,"4,3,2"
13515,base,"3,6,1"
13516,base,
13517,base,"1,3,2"
13518,base,
13519,base,"4,2,5"
13520,base,"4,2"
13521,base,"3,6,2"
13522,base,
13523,base,"3,6,1"
13524,base,"3,6,4"
13525,base,"2,6,3"
13526,base,"1,2,3"
13527,base,"1,3,2"
13528,base,"4,2,5"
13529,base,5
13530,base,"3,4,2"
13531,base,
13532,base,"3,5,2"
13533,base,"2,5,3"
13534,base,"2,6,4"
13535,base,"4,2,5"
13536,base,"3,1,6"
13537,base,
13538,base,"1,6,1"
13539,base,"5,3,2"
13540,base,"4,2,6"
13541,base,"4,6,2"
13542,base,"1,2,3"
13543,base,"4,6,2"
13544,base,"5,3,2"
13545,base,"3,5,4"
13546,base,"2,5,4"
13547,base,"3,6,5"
13548,base,"4,2,6"
13549,base,"2,5,1"
13550,base,3
13551,base,
13552,base,"4,2,6"
13553,base,"5,3,2"
13554,base,4
13555,base,
13556,base,6
13557,base,"4,3,6"
13558,base,"1,4,6"
13559,base,1
13560,base,"2,6,4"
13561,base,
13562,base,"4,5,3"
13563,base,"2,5,6"
13564,base,"4,2,5"
13565,base,"5,3,1"
13566,base,"5,2,6"
13567,base,"4,6,2"
13568,base,"5,2,6"
13569,base,"3,6,4"
13570,base,"6,1,3"
13571,base,"1,4,6"
13572,base,"1,6,1"
13573,base,"1,5,3"
13574,base,"2,4,6"
13575,base,
13576,base,"1,6,1"
13577,base,
13578,base,
13579,base,
13580,base,3
13581,base,"2,4,6"
13582,base,"4,2,6"
13583,base,"2,5,4"
13584,base,
13585,base,"5,2"
13586,base,
13587,base,"2,4,6"
13588,base,"2,4,6"
13589,base,"3,2,6"
13590,base,
13591,base,"3,4,2"
13592,base,"5,3,2"
13593,base,"1,3"
13594,base,"3,2,5"
13595,base,"2,5,4"
13596,base,"5,2,6"
13597,base,
13598,base,"4,2,6"
13599,base,"3,2,6"
13600,base,"4,2,6"
13601,base,"3,2,5"
13602,base,"6,3,4"
13603,base,"1,4,6"
13604,base,
13605,base,"4,2,5"
13606,base,"2,5,3"
13607,base,"2,4,5"
13608,base,
13609,base,"1,2,3"
13610,base,"1,4,2"
13611,base,"3,6,4"
13612,base,"4,3,5"
13613,base,
13614,base,"3,6,2"
13615,base,"3,6,5"
13616,base,"2,4,6"
13617,base,"4,3,6"
13618,base,"4,5,2"
13619,base,"4,3,6"
13620,base,
13621,base,"4,2,6"
13622,base,
13623,base,
13624,base,"3,2,5"
13625,base,
13626,base,"4,2,5"
13627,base,"6,4,3"
13628,base,"2,5,6"
13629,base,
13630,base,
13631,base,"3,6,2"
13632,base,
13633,base,"5,2,6"
13634,base,"3,6,5"
13635,base,"2,5,3"
13636,base,"3,5,1"
13637,base,"4,2,5"
13638,base,"1,6,3"
13639,base,"4,6,1"
13640,base,"1,6,1"
13641,base,
13642,base,"4,2,6"
13643,base,
13644,base,"1,3"
13645,base,
13646,base,"1,4,2"
13647,base,"2,6,5"
13648,base,"3,6,1"
13649,base,"2,5,3"
13650,base,"3,5,2"
13651,base,1
13652,base,"2,5,1"
13653,base,
13654,base,"3,2,6"
13655,base,"3,5,2"
13656,base,"1,4,2"
13657,base,"1,4,6"
13658,base,"1,2,2"
13659,base,"3,6,2"
13660,base,"2,6,5"
13661,base,"1,2,3"
13662,base,"1,6,3"
13663,base,3
13664,base,
13665,base,"1,4,2"
13666,base,"1,2,3"
13667,base,"2,5,3"
13668,base,"1,4,6"
13669,base,"3,6,5"
13670,base,"4,2,6"
13671,base,"4,6,2"
13672,base,"1,2,3"
13673,base,
13674,base,"5,2,6"
13675,base,"4,3,6"
13676,base,"5,3,2"
13677,base,"1,2,6"
13678,base,"5,3,2"
13679,base,"4,6,2"
13680,base,"1,6"
13681,base,"2,6,5"
13682,base,"4,2,6"
13683,base,"3,6,2"
13684,base,"4,2,6"
13685,base,"5,3,2"
13686,base,
13687,base,"3,1,6"
13688,base,
13689,base,"5,4,2"
13690,base,"4,2,5"
13691,base,"5,2,6"
13692,base,"4,2,6"
13693,base,
13694,base,"2,5,3"
13695,base,"1,1,6"
13696,base,
13697,base,"2,6,5"
13698,base,"4,5,1"
13699,base,"5,2,6"
13700,base,"2,4,6"
13701,base,"3,2,4"
13702,base,"3,6,2"
13703,base,"5,2,4"
13704,base,"1,5,3"
13705,base,"1,2,4"
13706,base,"4,2,5"
13707,base,
13708,base,"1,6,3"
13709,base,"2,6,4"
13710,base,"2,5,1"
13711,base,"3,6,4"
13712,base,
13713,base,"4,2,6"
13714,base,"2,4,6"
13715,base,"2,5,6"
13716,base,"3,6,2"
13717,base,"1,3,2"
13718,base,"3,6,1"
13719,base,"4,2,6"
13720,base,"1,6,3"
13721,base,"3,4,5"
13722,base,1
13723,base,"4,2,6"
13724,base,
13725,base,"3,6,2"
13726,base,"2,6,4"
13727,base,"4,2,6"
13728,base,"1,2,3"
13729,base,
13730,base,"3,5,2"
13731,base,"4,2,6"
13732,base,"4,6,2"
13733,base,"3,6,5"
13734,base,"2,6,5"
13735,base,"4,6,2"
13736,base,
13737,base,"1,6,1"
13738,base,3
13739,base,"4,2,5"
13740,base,"2,4,5"
13741,base,"2,5,3"
13742,base,"1,6,3"
13743,base,"2,5,3"
13744,base,"3,2,6"
13745,base,"5,2,3"
13746,base,"3,5,1"
13747,base,"2,4,3"
13748,base,"1,4,6"
13749,base,
13750,base,6
13751,base,"1,5,2"
13752,base,"3,6,2"
13753,base,"2,5,4"
13754,base,"4,3,6"
13755,base,"5,3,6"
13756,base,"5,2,6"
13757,base,"2,4,6"
13758,base,"3,2,6"
13759,base,"1,4,2"
13760,base,"3,4,5"
13761,base,"3,6,4"
13762,base,"2,5,1"
13763,base,"5,3,6"
13764,base,"1,2,3"
13765,base,"4,6,2"
13766,base,"1,2,5"
13767,base,"5,2,6"
13768,base,"4,2,6"
13769,base,"2,5"
13770,base,"4,2,6"
13771,base,"2,5,4"
13772,base,
13773,base,"4,2,6"
13774,base,"3,6,2"
13775,base,"3,6,2"
13776,base,"4,2,6"
13777,base,
13778,base,"5,2,6"
13779,base,"3,6,4"
13780,base,
13781,base,"3,5,6"
13782,base,"3,6,2"
13783,base,"2,4,6"
13784,base,"2,1,6"
13785,base,"2,6,4"
13786,base,"5,3,1"
13787,base,
13788,base,"3,6,2"
13789,base,
13790,base,"3,6,2"
13791,base,"3,5,2"
13792,base,"4,2,5"
13793,base,"4,5,6"
13794,base,
13795,base,"6,1,3"
13796,base,5
13797,base,"3,6,2"
13798,base,"2,6,5"
13799,base,"5,2,6"
13800,base,"2,6,4"
13801,base,"1,5,3"
13802,base,"3,4,2"
13803,base,"1,4,6"
13804,base,"4,2,6"
13805,base,"2,5,4"
13806,base,"4,2,5"
13807,base,"2,4,6"
13808,base,"4,2,6"
13809,base,"3,6,1"
13810,base,"4,2,5"
13811,base,"4,6,3"
13812,base,"4,2,6"
13813,base,
13814,base,
13815,base,
13816,base,
13817,base,
13818,base,"1,6,1"
13819,base,"1,2,3"
13820,base,"5,3,6"
13821,base,"4,2,6"
13822,base,"2,4,6"
13823,base,"4,2,6"
13824,base,"3,4,1"
13825,base,
13826,base,"1,6,1"
13827,base,"3,6,5"
13828,base,"1,4,2"
13829,base,"5,4,6"
13830,base,"1,3,6"
13831,base,"3,4,2"
13832,base,
13833,base,"3,4,2"
13834,base,"4,2,6"
13835,base,
13836,base,"4,2,6"
13837,base,"3,2,5"
13838,base,"3,6,2"
13839,base,"5,3,1"
13840,base,"3,4,5"
13841,base,"4,6,5"
13842,base,"1,2,3"
13843,base,
13844,base,
13845,base,"4,2,5"
13846,base,
13847,base,
13848,base,"1,4,2"
13849,base,
13850,base,"2,6,3"
13851,base,"4,3,6"
13852,base,"5,3,2"
13853,base,"1,6"
13854,base,"3,6,2"
13855,base,"3,1,6"
13856,base,"4,3,5"
13857,base,
13858,base,"4,2,6"
13859,base,
13860,base,"4,2,6"
13861,base,"1,3,2"
13862,base,6
13863,base,"3,4,6"
13864,base,
13865,base,
13866,base,"4,5,2"
13867,base,"4,2,5"
13868,base,
13869,base,"4,3,6"
13870,base,"4,2,6"
13871,base,"4,6,3"
13872,base,
13873,base,"3,5,2"
13874,base,"1,2,3"
13875,base,1
13876,base,"4,6,2"
13877,base,"3,1,6"
13878,base,"3,6,2"
13879,base,3
13880,base,"4,2,6"
13881,base,"3,2,6"
13882,base,"5,2,4"
13883,base,"5,2,4"
13884,base,"2,5,6"
13885,base,
13886,base,"3,6,1"
13887,base,"1,1,5"
13888,base,"3,4,5"
13889,base,"5,3,6"
13890,base,"4,2,6"
13891,base,"2,5,4"
13892,base,"3,5,2"
13893,base,"2,4,6"
13894,base,"4,5"
13895,base,"4,2,6"
13896,base,"3,6,5"
13897,base,"3,5,2"
13898,base,
13899,base,"1,4,2"
13900,base,
13901,base,"1,4,6"
13902,base,"1,6"
13903,base,
13904,base,"4,2,5"
13905,base,
13906,base,"1,6,3"
13907,base,"2,4,6"
13908,base,"2,5,3"
13909,base,"1,5,2"
13910,base,"4,6,5"
13911,base,
13912,base,
13913,base,"3,6,4"
13914,base,"1,3,6"
13915,base,
13916,base,"3,6,2"
13917,base,
13918,base,
13919,base,"3,6,1"
13920,base,"2,4,5"
13921,base,"3,2,6"
13922,base,"4,6,3"
13923,base,"1,4,3"
13924,base,"2,6,4"
13925,base,"2,5,3"
13926,base,
13927,base,"1,1,1"
13928,base,"5,2,3"
13929,base,
13930,base,"4,2,6"
13931,base,"2,5,4"
13932,base,"1,2,3"
13933,base,"6,1,6"
13934,base,"2,5,3"
13935,base,"5,3,2"
13936,base,
13937,base,"6,3,1"
13938,base,"3,6,2"
13939,base,"2,6,4"
13940,base,"2,6,3"
13941,base,"2,5,1"
13942,base,"1,4,3"
13943,base,"3,6,4"
13944,base,"1,2,3"
13945,base,"4,3,5"
13946,base,"4,2,6"
13947,base,"2,1,6"
13948,base,"1,2"
13949,base,"1,4,6"
13950,base,"5,2,4"
13951,base,"3,6,5"
13952,base,"2,5,6"
13953,base,"4,2,6"
13954,base,"1,4,2"
13955,base,"5,3,6"
13956,base,"4,3,2"
13957,base,"1,2,5"
13958,base,
13959,base,"4,6,3"
13960,base,"2,6,3"
13961,base,
13962,base,
13963,base,
13964,base,
13965,base,"3,5,1"
13966,base,"2,4,6"
13967,base,"1,2,4"
13968,base,"3,4,6"
13969,base,"4,3,2"
13970,base,
13971,base,"3,2,5"
13972,base,"3,6,2"
13973,base,"4,2,6"
13974,base,"3,5,1"
13975,base,"3,1,6"
13976,base,"3,2,5"
13977,base,"1,2,3"
13978,base,"2,5,3"
13979,base,"4,2,6"
13980,base,"4,6,2"
13981,base,"3,2,6"
13982,base,"3,2,6"
13983,base,"3,6,2"
13984,base,"3,6,2"
13985,base,"2,5,3"
13986,base,"4,2,6"
13987,base,"1,4,5"
13988,base,"4,2,6"
13989,base,"3,2,6"
13990,base,
13991,base,"2,5,3"
13992,base,"4,5,2"
13993,base,"1,3,5"
13994,base,"4,2,6"
13995,base,"4,2,5"
13996,base,"4,2,6"
13997,base,"4,2,5"
13998,base,
13999,base,"2,5,3"
14000,base,"2,5,1"
14001,base,
14002,base,"4,2,6"
14003,base,"4,2,6"
14004,base,"4,3,2"
14005,base,
14006,base,
14007,base,"4,2,5"
14008,base,"4,2,6"
14009,base,
14010,base,"4,2,6"
14011,base,"2,5,4"
14012,base,"3,6,5"
14013,base,"2,5,6"
14014,base,"4,3,6"
14015,base,"4,5,2"
14016,base,"3,4,6"
14017,base,"4,3,5"
14018,base,"1,4"
14019,base,"1,3,5"
14020,base,"5,3"
14021,base,"3,6,5"
14022,base,"3,6,2"
14023,base,"3,6,2"
14024,base,"4,6,2"
14025,base,"3,6,4"
14026,base,"3,5,6"
14027,base,
14028,base,"1,3,6"
14029,base,"1,6,1"
14030,base,
14031,base,"4,2,5"
14032,base,"2,4,5"
14033,base,"4,2,6"
14034,base,
14035,base,"4,3,6"
14036,base,"2,5,3"
14037,base,
14038,base,
14039,base,"2,4,6"
14040,base,"6,5,4"
14041,base,"3,4,6"
14042,base,
14043,base,"4,2,5"
14044,base,
14045,base,"6,1,6"
14046,base,"4,2,5"
14047,base,
14048,base,"5,3,2"
14049,base,
14050,base,"1,4,2"
14051,base,"2,5,4"
14052,base,"1,6,3"
14053,base,"2,6,4"
14054,base,"3,6,4"
14055,base,"1,6,3"
14056,base,"4,3"
14057,base,"5,2,6"
14058,base,"1,2,3"
14059,base,"4,3,6"
14060,base,6
14061,base,
14062,base,"1,6,3"
14063,base,"3,6,1"
14064,base,"4,2,6"
14065,base,"3,4,5"
14066,base,"4,3,6"
14067,base,"3,4,6"
14068,base,"1,4,3"
14069,base,"4,2,5"
14070,base,"3,6,4"
14071,base,"5,3,1"
14072,base,"1,6,3"
14073,base,"3,6,2"
14074,base,"3,6,2"
14075,base,"4,6,3"
14076,base,"3,1,6"
14077,base,
14078,base,"5,3,2"
14079,base,"1,4,2"
14080,base,
14081,base,"1,2,3"
14082,base,"3,5,2"
14083,base,"4,2,6"
14084,base,"4,2,6"
14085,base,"4,6,2"
14086,base,6
14087,base,"5,4,2"
14088,base,"2,5,3"
14089,base,"3,6,1"
14090,base,"2,4,6"
14091,base,"1,2,3"
14092,base,"2,6,3"
14093,base,"4,5,6"
14094,base,"3,6,2"
14095,base,
14096,base,"1,4,5"
14097,base,"1,6,3"
14098,base,
14099,base,"3,6,4"
14100,base,"2,5,6"
14101,base,"4,2,6"
14102,base,"3,6,2"
14103,base,"6,1,1"
14104,base,"3,6,2"
14105,base,"4,2,6"
14106,base,"3,6,2"
14107,base,"4,2,6"
14108,base,"1,3,2"
14109,base,"4,3,5"
14110,base,"4,2,6"
14111,base,"1,2,4"
14112,base,"2,4,6"
14113,base,"3,6,5"
14114,base,"4,3,6"
14115,base,"1,3,5"
14116,base,"4,6,3"
14117,base,3
14118,base,"5,3,2"
14119,base,"4,2,6"
14120,base,"3,5,1"
14121,base,"6,3,5"
14122,base,"1,3,6"
14123,base,"4,3,2"
14124,base,
14125,base,"4,2,6"
14126,base,"4,2,6"
14127,base,"4,2,6"
14128,base,
14129,base,"5,2,6"
14130,base,"1,4,6"
14131,base,"3,6,2"
14132,base,"5,2,6"
14133,base,"1,4,5"
14134,base,"5,2,6"
14135,base,
14136,base,
14137,base,"5,3,6"
14138,base,"5,1"
14139,base,"1,6,3"
14140,base,"3,5,2"
14141,base,"5,3,2"
14142,base,"5,2,6"
14143,base,"1,6,3"
14144,base,"4,2,6"
14145,base,"6,3"
14146,base,
14147,base,"1,2,2"
14148,base,"4,6,2"
14149,base,"3,2,6"
14150,base,"1,2,3"
14151,base,
14152,base,"2,5,4"
14153,base,"4,2,5"
14154,base,"4,2,6"
14155,base,"1,2,3"
14156,base,"1,1,4"
14157,base,"4,3,5"
14158,base,"5,2,6"
14159,base,"3,6"
14160,base,"1,4,2"
14161,base,"1,2,3"
14162,base,"4,2,6"
14163,base,
14164,base,"6,2,5"
14165,base,"3,5,2"
14166,base,"3,6,5"
14167,base,"5,2,6"
14168,base,"3,6,2"
14169,base,"2,5,3"
14170,base,"5,3,2"
14171,base,
14172,base,"1,6,3"
14173,base,"4,2,6"
14174,base,"2,4,6"
14175,base,"3,6,2"
14176,base,"1,1"
14177,base,"2,4,6"
14178,base,"3,2,6"
14179,base,"1,2,6"
14180,base,"4,2,6"
14181,base,"5,3,2"
14182,base,"3,5,2"
14183,base,"1,1,5"
14184,base,"4,2,6"
14185,base,"1,6,3"
14186,base,"1,2,5"
14187,base,"4,3,5"
14188,base,
14189,base,"4,3,6"
14190,base,
14191,base,"1,2,5"
14192,base,"1,6,1"
14193,base,
14194,base,
14195,base,"4,3,5"
14196,base,"3,6,2"
14197,base,"1,2,5"
14198,base,"4,3,6"
14199,base,"4,2,6"
14200,base,
14201,base,"4,6,3"
14202,base,
14203,base,"3,6,5"
14204,base,
14205,base,"2,5,3"
14206,base,
14207,base,"6,1,6"
14208,base,"1,4,2"
14209,base,1
14210,base,"1,2,5"
14211,base,"4,2,6"
14212,base,"2,5,3"
14213,base,"1,3,5"
14214,base,1
14215,base,"4,3,6"
14216,base,"1,1,6"
14217,base,"1,3,4"
14218,base,"4,2,6"
14219,base,
14220,base,"3,6,2"
14221,base,
14222,base,"4,2,6"
14223,base,
14224,base,"2,4,6"
14225,base,
14226,base,"3,6,2"
14227,base,"4,6,3"
14228,base,"1,3,6"
14229,base,"4,2,6"
14230,base,
14231,base,"2,4,6"
14232,base,
14233,base,
14234,base,"3,5,2"
14235,base,"2,4,6"
14236,base,"3,6,1"
14237,base,"4,6,2"
14238,base,"2,6,3"
14239,base,"4,6,2"
14240,base,"4,2,6"
14241,base,"4,2,6"
14242,base,"1,5,3"
14243,base,"1,6,3"
14244,base,"4,3,2"
14245,base,
14246,base,"2,4,6"
14247,base,"2,5,3"
14248,base,2
14249,base,"1,2,3"
14250,base,
14251,base,"1,6,1"
14252,base,"1,1"
14253,base,
14254,base,"3,2,6"
14255,base,
14256,base,"4,5,3"
14257,base,
14258,base,
14259,base,"1,4,5"
14260,base,
14261,base,"3,4,5"
14262,base,"3,2,4"
14263,base,"2,6,4"
14264,base,"4,3,6"
14265,base,"3,5,4"
14266,base,"2,6,5"
14267,base,"1,6,5"
14268,base,"3,6,2"
14269,base,"4,2,6"
14270,base,"4,2,6"
14271,base,
14272,base,"3,6,5"
14273,base,
14274,base,"4,3,6"
14275,base,"3,2,6"
14276,base,"3,5,2"
14277,base,"2,4,6"
14278,base,
14279,base,
14280,base,
14281,base,"2,5"
14282,base,"4,2,6"
14283,base,"1,6,3"
14284,base,
14285,base,"4,2,6"
14286,base,"1,6,3"
14287,base,"1,6,3"
14288,base,"1,4,2"
14289,base,"3,4"
14290,base,"4,2,6"
14291,base,"2,5,3"
14292,base,
14293,base,"1,6,3"
14294,base,"1,2,4"
14295,base,
14296,base,"3,5,1"
14297,base,
14298,base,"5,2,6"
14299,base,"5,3,2"
14300,base,"3,6,2"
14301,base,"1,2,3"
14302,base,"2,4,2"
14303,base,
14304,base,"3,1,1"
14305,base,"2,5,3"
14306,base,"4,2,6"
14307,base,"1,2,3"
14308,base,"4,2,6"
14309,base,"2,5,4"
14310,base,"1,4,2"
14311,base,"2,5,3"
14312,base,"4,3,2"
14313,base,"3,4,5"
14314,base,"4,2,6"
14315,base,"5,2,6"
14316,base,"2,4,6"
14317,base,"1,4,6"
14318,base,"1,3,6"
14319,base,"1,5,6"
14320,base,"4,5,2"
14321,base,"1,1"
14322,base,
14323,base,
14324,base,"4,2,6"
14325,base,"3,4,2"
14326,base,"6,6,6"
14327,base,"3,6,2"
14328,base,"1,4,6"
14329,base,"5,2,6"
14330,base,
14331,base,
14332,base,
14333,base,"3,6,5"
14334,base,"4,2,6"
14335,base,"2,5,3"
14336,base,"4,3,5"
14337,base,"1,3,2"
14338,base,
14339,base,"2,5,4"
14340,base,"3,6,2"
14341,base,
14342,base,
14343,base,"5,3,6"
14344,base,"3,6,2"
14345,base,
14346,base,"5,2,6"
14347,base,"5,2,6"
14348,base,"2,6,5"
14349,base,
14350,base,
14351,base,
14352,base,"1,5,2"
14353,base,
14354,base,"2,6,1"
14355,base,"5,2,6"
14356,base,"1,2,5"
14357,base,"4,5,3"
14358,base,"3,6,2"
14359,base,"4,2,6"
14360,base,"2,5,3"
14361,base,"1,4,5"
14362,base,"3,1,6"
14363,base,
14364,base,"5,2,6"
14365,base,"5,3,6"
14366,base,"4,2,6"
14367,base,
14368,base,"3,5,1"
14369,base,"1,2,6"
14370,base,"4,2,6"
14371,base,
14372,base,"2,4,6"
14373,base,"4,2,6"
14374,base,"2,5,3"
14375,base,"2,4,6"
14376,base,"4,2,6"
14377,base,
14378,base,"4,2,6"
14379,base,"3,6,2"
14380,base,"3,5,6"
14381,base,"2,4,3"
14382,base,"2,4,6"
14383,base,"5,3,6"
14384,base,
14385,base,
14386,base,"5,2,4"
14387,base,
14388,base,"4,6,2"
14389,base,
14390,base,"3,6,4"
14391,base,"4,6,3"
14392,base,"3,6,2"
14393,base,"4,2,6"
14394,base,"2,6,5"
14395,base,
14396,base,"4,2,5"
14397,base,
14398,base,"1,2,4"
14399,base,"4,2,6"
14400,base,"3,5,1"
14401,base,4
14402,base,"2,5,6"
14403,base,"4,5,2"
14404,base,"2,5,3"
14405,base,"4,6,3"
14406,base,"1,4,3"
14407,base,"3,4,5"
14408,base,"3,2,5"
14409,base,"2,4,5"
14410,base,"4,6,3"
14411,base,"1,6,1"
14412,base,
14413,base,"2,6,4"
14414,base,
14415,base,"2,6,3"
14416,base,"4,2,5"
14417,base,"2,5,6"
14418,base,"5,2,4"
14419,base,"3,5,2"
14420,base,"1,2,5"
14421,base,"1,2,3"
14422,base,"1,2,3"
14423,base,"1,2,3"
14424,base,"3,6,5"
14425,base,"2,5,3"
14426,base,"3,2,6"
14427,base,"1,2,5"
14428,base,"4,6,2"
14429,base,"2,5,3"
14430,base,"4,3,6"
14431,base,"2,5,4"
14432,base,"3,6,2"
14433,base,
14434,base,
14435,base,"4,2,6"
14436,base,"3,2,6"
14437,base,
14438,base,
14439,base,"6,3,4"
14440,base,"3,1,6"
14441,base,5
14442,base,"5,2,6"
14443,base,"4,2,5"
14444,base,"4,3,2"
14445,base,
14446,base,
14447,base,"1,6,1"
14448,base,"4,2,6"
14449,base,"1,4,2"
14450,base,"3,6,2"
14451,base,"4,2,6"
14452,base,"1,1,6"
14453,base,"4,2,6"
14454,base,"2,5,1"
14455,base,"4,2,6"
14456,base,
14457,base,"3,4,5"
14458,base,"4,3,2"
14459,base,"4,3,6"
14460,base,
14461,base,
14462,base,"4,2,6"
14463,base,"5,2,6"
14464,base,"3,5,2"
14465,base,
14466,base,"1,3,2"
14467,base,"4,6,3"
14468,base,"2,5,3"
14469,base,"4,2,6"
14470,base,"4,2,5"
14471,base,"1,2,6"
14472,base,
14473,base,3
14474,base,"3,6,4"
14475,base,"4,3,5"
14476,base,"5,2,6"
14477,base,"4,6,1"
14478,base,
14479,base,"2,5,3"
14480,base,"3,5,2"
14481,base,"3,2,5"
14482,base,"4,5,3"
14483,base,"5,2,6"
14484,base,"1,6"
14485,base,
14486,base,"1,5,2"
14487,base,"2,6,3"
14488,base,"4,5,2"
14489,base,"4,6,1"
14490,base,"3,6,1"
14491,base,"1,6,1"
14492,base,"1,2,2"
14493,base,
14494,base,"2,5,3"
14495,base,"5,2,6"
14496,base,"3,6,5"
14497,base,"1,5,2"
14498,base,
14499,base,"2,4,6"
14500,base,"3,6,5"
14501,base,"4,2,6"
14502,base,"5,3,6"
14503,base,"3,6,5"
14504,base,
14505,base,"2,6,4"
14506,base,"2,6,5"
14507,base,"5,4,3"
14508,base,
14509,base,"3,5,2"
14510,base,"3,4,2"
14511,base,"4,6,2"
14512,base,
14513,base,
14514,base,"2,6,5"
14515,base,"3,6,2"
14516,base,
14517,base,"3,4,2"
14518,base,"5,2,6"
14519,base,"1,3,2"
14520,base,"3,6,4"
14521,base,"2,4,6"
14522,base,"1,6,3"
14523,base,"1,2,3"
14524,base,
14525,base,"2,5,4"
14526,base,"1,4,3"
14527,base,"2,5,1"
14528,base,
14529,base,"4,2,6"
14530,base,
14531,base,"3,5,2"
14532,base,"5,3,2"
14533,base,"2,6,3"
14534,base,"3,2,6"
14535,base,
14536,base,"4,2,6"
14537,base,"4,2,6"
14538,base,
14539,base,"2,5,6"
14540,base,"3,5,2"
14541,base,"5,3,6"
14542,base,"4,2,6"
14543,base,"3,5,4"
14544,base,
14545,base,
14546,base,"3,6,2"
14547,base,"1,4,6"
14548,base,"5,2,4"
14549,base,
14550,base,"5,2,6"
14551,base,"5,3,6"
14552,base,"1,2,3"
14553,base,"1,6,1"
14554,base,
14555,base,"3,5,2"
14556,base,"4,2,6"
14557,base,"2,4,6"
14558,base,"4,2,6"
14559,base,"2,5,1"
14560,base,"5,2,3"
14561,base,"4,2,6"
14562,base,"4,6,2"
14563,base,"4,3,6"
14564,base,"3,6,1"
14565,base,"4,2,5"
14566,base,"4,2,6"
14567,base,1
14568,base,"5,3,6"
14569,base,
14570,base,"1,2,2"
14571,base,6
14572,base,"5,2,6"
14573,base,
14574,base,"3,2,6"
14575,base,"4,3,5"
14576,base,"3,6"
14577,base,"3,4,5"
14578,base,"1,3,2"
14579,base,"3,1,6"
14580,base,
14581,base,"3,6,4"
14582,base,"3,6,2"
14583,base,
14584,base,"4,2,6"
14585,base,"4,2,5"
14586,base,
14587,base,
14588,base,"1,4,2"
14589,base,"2,6,3"
14590,base,"1,6,3"
14591,base,"2,6,4"
14592,base,"5,2,6"
14593,base,"2,5,1"
14594,base,"5,2,6"
14595,base,"4,2,6"
14596,base,"2,4,6"
14597,base,"2,6,4"
14598,base,"5,2,6"
14599,base,
14600,base,"3,6,2"
14601,base,"1,2,3"
14602,base,"5,3,2"
14603,base,
14604,base,"5,6,2"
14605,base,"4,3,6"
14606,base,"4,6,2"
14607,base,"3,5,1"
14608,base,"2,6,4"
14609,base,"4,2,6"
14610,base,
14611,base,"4,2,6"
14612,base,"2,5,4"
14613,base,
14614,base,"2,4,6"
14615,base,
14616,base,"4,3,6"
14617,base,"4,3,5"
14618,base,
14619,base,"1,2,5"
14620,base,"1,2,4"
14621,base,"5,2,4"
14622,base,"4,6,2"
14623,base,"5,2,4"
14624,base,"3,6,1"
14625,base,"2,5,4"
14626,base,"4,2,6"
14627,base,"2,4,3"
14628,base,"3,6,2"
14629,base,"4,2,5"
14630,base,"1,6,3"
14631,base,"2,5,4"
14632,base,"4,2,6"
14633,base,"3,4,2"
14634,base,
14635,base,"4,2,6"
14636,base,"4,5,6"
14637,base,"3,6,5"
14638,base,
14639,base,
14640,base,"2,5,4"
14641,base,"5,3,2"
14642,base,
14643,base,"3,5,1"
14644,base,"3,6,2"
14645,base,"1,2,3"
14646,base,"4,2,6"
14647,base,"3,6,5"
14648,base,
14649,base,"2,4,6"
14650,base,"1,2,5"
14651,base,"2,5,3"
14652,base,"4,2,6"
14653,base,3
14654,base,
14655,base,"2,5,6"
14656,base,"4,2,6"
14657,base,"1,4,6"
14658,base,
14659,base,"4,2,6"
14660,base,"4,2"
14661,base,"1,1,4"
14662,base,"4,6,2"
14663,base,"2,6"
14664,base,"6,2"
14665,base,"3,6,2"
14666,base,"2,5,4"
14667,base,"3,6,5"
14668,base,"3,1,6"
14669,base,"3,5,2"
14670,base,"3,6,4"
14671,base,"4,2,6"
14672,base,"4,2,6"
14673,base,"1,6,3"
14674,base,"2,4,6"
14675,base,"1,2,6"
14676,base,
14677,base,"2,5,3"
14678,base,"3,5,2"
14679,base,
14680,base,"1,6,3"
14681,base,"1,2,3"
14682,base,"1,6"
14683,base,"4,2,6"
14684,base,
14685,base,
14686,base,
14687,base,"1,3,5"
14688,base,"5,2,6"
14689,base,"4,2,6"
14690,base,"5,2,6"
14691,base,"1,6,3"
14692,base,"4,3,6"
14693,base,"4,6,2"
14694,base,"4,2,6"
14695,base,"2,5,4"
14696,base,"2,6,5"
14697,base,"4,2,6"
14698,base,"1,5,2"
14699,base,"4,2,6"
14700,base,
14701,base,"1,6,3"
14702,base,"3,1,6"
14703,base,"1,4,2"
14704,base,
14705,base,"4,6,3"
14706,base,
14707,base,"1,4,6"
14708,base,"4,2,6"
14709,base,"1,6,1"
14710,base,"3,4,2"
14711,base,
14712,base,"4,6,2"
14713,base,"3,6,2"
14714,base,"2,6,3"
14715,base,"3,4,6"
14716,base,"4,2,5"
14717,base,"4,2,5"
14718,base,"4,6,2"
14719,base,
14720,base,"5,3,2"
14721,base,"1,6,3"
14722,base,"1,4"
14723,base,"5,3,2"
14724,base,"1,4,2"
14725,base,"1,2,3"
14726,base,
14727,base,"5,3,6"
14728,base,"1,2,4"
14729,base,"4,2,6"
14730,base,"4,2,5"
14731,base,"5,4,3"
14732,base,"5,3,1"
14733,base,
14734,base,"4,6,3"
14735,base,
14736,base,"4,3,6"
14737,base,
14738,base,"3,6,4"
14739,base,"3,5,6"
14740,base,"1,6"
14741,base,"1,3,6"
14742,base,"5,3,2"
14743,base,"2,5,6"
14744,base,"1,5,2"
14745,base,"4,3,5"
14746,base,"2,5,3"
14747,base,1
14748,base,"4,2,6"
14749,base,"1,6"
14750,base,
14751,base,"4,2,6"
14752,base,
14753,base,"4,2,6"
14754,base,"1,2,3"
14755,base,3
14756,base,"1,4,6"
14757,base,"3,2,5"
14758,base,
14759,base,"5,3,6"
14760,base,"1,4,3"
14761,base,"3,2,4"
14762,base,"1,6"
14763,base,"4,2,6"
14764,base,"4,2,6"
14765,base,"3,5,2"
14766,base,"4,2,6"
14767,base,"1,4,2"
14768,base,"1,3,6"
14769,base,"1,6,1"
14770,base,"1,6"
14771,base,
14772,base,
14773,base,"3,2,6"
14774,base,
14775,base,"4,2"
14776,base,
14777,base,"1,5,3"
14778,base,"5,3,2"
14779,base,
14780,base,"3,4,5"
14781,base,"3,6,2"
14782,base,"4,3,2"
14783,base,"5,3,2"
14784,base,"2,5,1"
14785,base,
14786,base,
14787,base,"3,6,4"
14788,base,"2,6,5"
14789,base,"5,2,6"
14790,base,"2,5,4"
14791,base,"4,2,6"
14792,base,"5,3,2"
14793,base,"5,3,2"
14794,base,"5,2,4"
14795,base,"3,6,2"
14796,base,"3,6,1"
14797,base,"5,2,3"
14798,base,"1,5,2"
14799,base,"4,6,5"
14800,base,
14801,base,"4,6,3"
14802,base,
14803,base,"4,6,2"
14804,base,
14805,base,"5,2,4"
14806,base,"4,2,6"
14807,base,"4,2,6"
14808,base,"3,6,2"
14809,base,
14810,base,"4,2,6"
14811,base,"4,2,6"
14812,base,"4,2,6"
14813,base,"2,6,5"
14814,base,"4,2,6"
14815,base,"3,6,5"
14816,base,
14817,base,
14818,base,"1,2,6"
14819,base,"1,6,3"
14820,base,"1,3,5"
14821,base,"3,6,4"
14822,base,"2,5,3"
14823,base,"1,6,3"
14824,base,"1,2"
14825,base,"4,2,6"
14826,base,"3,4,6"
14827,base,"4,2,6"
14828,base,"2,4,6"
14829,base,"2,6,4"
14830,base,"4,2,6"
14831,base,"1,4,6"
14832,base,
14833,base,
14834,base,
14835,base,"4,6,1"
14836,base,"4,2,6"
14837,base,"3,6"
14838,base,
14839,base,"3,5,6"
14840,base,"1,6,3"
14841,base,
14842,base,"2,4,5"
14843,base,"1,4,5"
14844,base,"3,5,1"
14845,base,"1,3,5"
14846,base,"4,2,6"
14847,base,"4,2,5"
14848,base,
14849,base,"3,5,2"
14850,base,"1,4,2"
14851,base,
14852,base,"3,2,6"
14853,base,"4,2,6"
14854,base,"1,1,1"
14855,base,"2,5,3"
14856,base,"5,2,4"
14857,base,"5,2,6"
14858,base,"3,6,2"
14859,base,"4,2,6"
14860,base,
14861,base,
14862,base,
14863,base,"4,2,5"
14864,base,"3,6,2"
14865,base,"6,2,3"
14866,base,"1,5,3"
14867,base,"5,3,2"
14868,base,
14869,base,"1,6,1"
14870,base,"1,6"
14871,base,2
14872,base,"4,3,6"
14873,base,"1,2,3"
14874,base,"3,5,6"
14875,base,"1,3,5"
14876,base,"1,6,3"
14877,base,3
14878,base,"5,2,6"
14879,base,"4,2,6"
14880,base,"5,3,4"
14881,base,"4,6"
14882,base,
14883,base,"2,6,4"
14884,base,"2,5,3"
14885,base,
14886,base,"3,5,2"
14887,base,"2,6,4"
14888,base,"5,3,6"
14889,base,"4,3,6"
14890,base,"6,1,5"
14891,base,"5,3,2"
14892,base,
14893,base,
14894,base,"1,6,3"
14895,base,"1,2,3"
14896,base,
14897,base,"1,1,6"
14898,base,"5,3,4"
14899,base,
14900,base,"2,5"
14901,base,"4,6,2"
14902,base,"2,5,3"
14903,base,"1,2,6"
14904,base,
14905,base,"1,4,2"
14906,base,"3,6,2"
14907,base,
14908,base,"4,2,5"
14909,base,"2,5,3"
14910,base,"3,5,6"
14911,base,
14912,base,
14913,base,"3,6,2"
14914,base,"5,2,6"
14915,base,"2,5,3"
14916,base,3
14917,base,"4,2,6"
14918,base,"3,6,1"
14919,base,
14920,base,
14921,base,"2,6,3"
14922,base,
14923,base,
14924,base,"3,2,6"
14925,base,
14926,base,"5,4,3"
14927,base,"1,2,3"
14928,base,"4,6,2"
14929,base,"3,6,2"
14930,base,"2,6,5"
14931,base,"3,6,2"
14932,base,"1,1,4"
14933,base,"3,6,2"
14934,base,"2,5,3"
14935,base,"1,2,3"
14936,base,"3,6,5"
14937,base,"4,2,6"
14938,base,"3,6,5"
14939,base,"4,6,3"
14940,base,"4,3,6"
14941,base,
14942,base,"4,6,3"
14943,base,"1,5,3"
14944,base,"2,5,3"
14945,base,"3,6,2"
14946,base,"4,2,6"
14947,base,"3,6,2"
14948,base,3
14949,base,
14950,base,
14951,base,"4,3,2"
14952,base,"4,6,3"
14953,base,"4,2,6"
14954,base,"4,3,6"
14955,base,"1,2,3"
14956,base,"2,5,6"
14957,base,"3,6,5"
14958,base,"4,3,6"
14959,base,"3,6,2"
14960,base,
14961,base,"3,6,4"
14962,base,"1,6,3"
14963,base,"4,6,3"
14964,base,"1,2"
14965,base,"2,4,6"
14966,base,"1,5,2"
14967,base,"4,2,6"
14968,base,"5,3,2"
14969,base,"2,6,3"
14970,base,"4,3,5"
14971,base,"3,6,4"
14972,base,
14973,base,"3,1,6"
14974,base,"3,5,4"
14975,base,
14976,base,"6,2,3"
14977,base,"4,2,6"
14978,base,"3,5,4"
14979,base,"1,2,6"
14980,base,"2,5"
14981,base,"3,1,6"
14982,base,"3,6,2"
14983,base,"3,2,6"
14984,base,"3,5,6"
14985,base,"4,6,2"
14986,base,"6,3"
14987,base,"4,2,6"
14988,base,1
14989,base,"4,2,6"
14990,base,
14991,base,
14992,base,"2,6,4"
14993,base,"4,6,2"
14994,base,"1,2,5"
14995,base,
14996,base,"3,5,2"
14997,base,"1,4,2"
14998,base,"4,2,5"
14999,base,"4,6,2"
15000,base,"4,3,2"
15001,base,"2,5,3"
15002,base,
15003,base,"3,6,5"
15004,base,
15005,base,"4,2,6"
15006,base,"2,5,3"
15007,base,
15008,base,"4,2,6"
15009,base,"4,3,6"
15010,base,"1,3,2"
15011,base,
15012,base,"4,2,6"
15013,base,3
15014,base,"5,2,6"
15015,base,"2,5,3"
15016,base,
15017,base,"1,4,2"
15018,base,"4,2,6"
15019,base,"1,6,6"
15020,base,"2,6,4"
15021,base,
15022,base,"2,6,3"
15023,base,"1,2,4"
15024,base,
15025,base,"4,3,6"
15026,base,"1,1,6"
15027,base,"4,3,6"
15028,base,
15029,base,"5,2,4"
15030,base,
15031,base,"2,4,6"
15032,base,
15033,base,"1,2,3"
15034,base,"2,6,4"
15035,base,"3,6,2"
15036,base,"3,6,1"
15037,base,"2,6,4"
15038,base,
15039,base,"3,1,4"
15040,base,"4,2,6"
15041,base,"1,4,5"
15042,base,
15043,base,"3,6,5"
15044,base,"2,6,4"
15045,base,"4,6,2"
15046,base,"5,3,6"
15047,base,"1,3,5"
15048,base,"4,2,5"
15049,base,"4,3,6"
15050,base,"4,2,6"
15051,base,"4,3,6"
15052,base,"3,6,2"
15053,base,
15054,base,
15055,base,
15056,base,"2,4,3"
15057,base,"1,2,3"
15058,base,"4,2,6"
15059,base,"4,2,5"
15060,base,"1,4,2"
15061,base,"4,2,6"
15062,base,"3,5,2"
15063,base,
15064,base,"4,2,5"
15065,base,"1,6,3"
15066,base,"1,2,3"
15067,base,"3,6,2"
15068,base,"3,4,1"
15069,base,"4,2,5"
15070,base,
15071,base,
15072,base,"4,6,3"
15073,base,
15074,base,"4,6,3"
15075,base,"1,2,3"
15076,base,"2,4,6"
15077,base,"1,2,3"
15078,base,"4,2,6"
15079,base,"4,2,5"
15080,base,"5,3,2"
15081,base,
15082,base,"3,6,2"
15083,base,"3,6,4"
15084,base,
15085,base,
15086,base,"3,6,2"
15087,base,"3,6,2"
15088,base,"3,1,1"
15089,base,
15090,base,"2,6,4"
15091,base,"3,5,6"
15092,base,"3,2,5"
15093,base,"2,5"
15094,base,
15095,base,"3,6,2"
15096,base,"5,2,6"
15097,base,"2,4,6"
15098,base,"4,2,5"
15099,base,"4,2,6"
15100,base,"3,6,2"
15101,base,"4,2,6"
15102,base,"4,2,6"
15103,base,"4,2,6"
15104,base,"3,5,2"
15105,base,"4,2,6"
15106,base,"2,4,5"
15107,base,
15108,base,"1,4,2"
15109,base,"3,2,6"
15110,base,
15111,base,"3,5,6"
15112,base,"1,2,3"
15113,base,"5,3,2"
15114,base,"3,5,2"
15115,base,"1,2,3"
15116,base,"3,6,2"
15117,base,"2,5,6"
15118,base,
15119,base,"3,6,4"
15120,base,"3,6,2"
15121,base,"4,3,2"
15122,base,"4,2,6"
15123,base,"1,6,1"
15124,base,
15125,base,"2,4,6"
15126,base,
15127,base,"1,6,1"
15128,base,"5,3,2"
15129,base,"3,6,2"
15130,base,"1,4,2"
15131,base,"4,2,6"
15132,base,
15133,base,"2,5,3"
15134,base,"1,5,3"
15135,base,
15136,base,"1,2,3"
15137,base,"2,4,6"
15138,base,"3,6,2"
15139,base,"1,4,5"
15140,base,"3,6,4"
15141,base,"4,3,6"
15142,base,"1,4,6"
15143,base,
15144,base,"1,6,4"
15145,base,"2,5,3"
15146,base,"4,6,2"
15147,base,
15148,base,"4,2,6"
15149,base,
15150,base,"1,2,6"
15151,base,
15152,base,
15153,base,"2,4,3"
15154,base,"1,2,3"
15155,base,
15156,base,"3,6,2"
15157,base,"4,2,6"
15158,base,
15159,base,"3,4,6"
15160,base,"5,2,6"
15161,base,
15162,base,"5,2,6"
15163,base,"3,5,2"
15164,base,"1,6,1"
15165,base,"6,4"
15166,base,"1,2,3"
15167,base,"4,2,6"
15168,base,"1,2,3"
15169,base,"3,2,6"
15170,base,"5,3,2"
15171,base,"1,3,6"
15172,base,"5,2,6"
15173,base,"4,2,6"
15174,base,"5,3,2"
15175,base,"3,5,2"
15176,base,"4,2,6"
15177,base,"6,6,6"
15178,base,5
15179,base,"4,3,6"
15180,base,"1,4,6"
15181,base,"5,2,6"
15182,base,
15183,base,"4,5,3"
15184,base,"6,3"
15185,base,"3,6,4"
15186,base,3
15187,base,"4,2,5"
15188,base,"1,2"
15189,base,"4,2,6"
15190,base,"2,6,4"
15191,base,
15192,base,"1,2,4"
15193,base,"3,5,6"
15194,base,"4,3,6"
15195,base,"5,3,6"
15196,base,"1,2,3"
15197,base,
15198,base,"5,2,6"
15199,base,"1,2,3"
15200,base,
15201,base,"4,6,3"
15202,base,"4,2,6"
15203,base,"4,3,2"
15204,base,"5,3,6"
15205,base,"2,5,3"
15206,base,"1,6"
15207,base,"5,2,6"
15208,base,
15209,base,"3,6,2"
15210,base,"3,6,2"
15211,base,"4,2,5"
15212,base,
15213,base,
15214,base,"2,5,6"
15215,base,"4,3,2"
15216,base,"5,3,2"
15217,base,"4,2,6"
15218,base,
15219,base,"3,2,6"
15220,base,"2,5,1"
15221,base,"4,2,5"
15222,base,"5,3,6"
15223,base,
15224,base,"5,3,2"
15225,base,"1,6,3"
15226,base,"3,6,2"
15227,base,
15228,base,
15229,base,"2,6,4"
15230,base,"4,2,6"
15231,base,"4,2,5"
15232,base,"2,5,3"
15233,base,
15234,base,"1,3,6"
15235,base,6
15236,base,"3,6,1"
15237,base,"4,2,5"
15238,base,"1,2,3"
15239,base,"4,3,6"
15240,base,"5,3,2"
15241,base,"3,6,4"
15242,base,"3,5,6"
15243,base,
15244,base,"2,5,3"
15245,base,
15246,base,"2,5,3"
15247,base,"4,3,2"
15248,base,"4,2,6"
15249,base,
15250,base,"3,4,5"
15251,base,"4,2,6"
15252,base,"3,2,5"
15253,base,"2,4,6"
15254,base,"1,4,2"
15255,base,"3,4,5"
15256,base,"2,5,3"
15257,base,"2,5,3"
15258,base,"4,2,6"
15259,base,
15260,base,"4,2,6"
15261,base,"1,5,2"
15262,base,
15263,base,"1,3,6"
15264,base,
15265,base,
15266,base,"1,6,1"
15267,base,"5,3,6"
15268,base,1
15269,base,"1,5,2"
15270,base,"4,3,5"
15271,base,"3,6,5"
15272,base,"3,1,6"
15273,base,"4,3,6"
15274,base,"1,6,1"
15275,base,"6,1,6"
15276,base,
15277,base,"6,1"
15278,base,
15279,base,"5,3,6"
15280,base,"1,4,3"
15281,base,
15282,base,
15283,base,2
15284,base,"3,2,5"
15285,base,"3,2,6"
15286,base,"4,2,6"
15287,base,"2,5,3"
15288,base,"1,6,1"
15289,base,"2,6,1"
15290,base,"2,6,4"
15291,base,"4,3,2"
15292,base,"4,6,2"
15293,base,"2,5,3"
15294,base,"3,1,5"
15295,base,
15296,base,"2,5,1"
15297,base,"1,4,5"
15298,base,"1,6"
15299,base,"3,2,6"
15300,base,"2,4,6"
15301,base,"2,6,4"
15302,base,"4,2,5"
15303,base,"4,3,5"
15304,base,"5,3,6"
15305,base,"4,3,2"
15306,base,"4,2,6"
15307,base,"1,4,3"
15308,base,"4,2,6"
15309,base,
15310,base,"4,5,6"
15311,base,"1,2,3"
15312,base,"4,5,3"
15313,base,
15314,base,
15315,base,"4,2,6"
15316,base,"4,2,6"
15317,base,"1,2,3"
15318,base,"3,6,2"
15319,base,"3,6,2"
15320,base,"4,2,6"
15321,base,"2,6,4"
15322,base,"4,2,5"
15323,base,"3,6,2"
15324,base,"1,3,5"
15325,base,"4,6,2"
15326,base,"5,3,6"
15327,base,"4,2,6"
15328,base,"3,6,2"
15329,base,"4,6,2"
15330,base,"4,2,6"
15331,base,"3,6,5"
15332,base,
15333,base,"4,2,6"
15334,base,"4,2,6"
15335,base,"1,6,1"
15336,base,"2,5,3"
15337,base,"3,5,2"
15338,base,"5,2,6"
15339,base,"3,6,2"
15340,base,"4,2,6"
15341,base,"1,6,3"
15342,base,"5,3,2"
15343,base,
15344,base,
15345,base,"4,2,6"
15346,base,"2,4,6"
15347,base,"3,1,6"
15348,base,
15349,base,"1,6"
15350,base,"4,2,6"
15351,base,"3,2,5"
15352,base,"3,6,2"
15353,base,"2,5,3"
15354,base,"4,6,5"
15355,base,"3,6,4"
15356,base,"1,2,3"
15357,base,3
15358,base,"3,6,5"
15359,base,"4,2"
15360,base,"4,2,6"
15361,base,"4,3,6"
15362,base,"4,2,6"
15363,base,"2,4,6"
15364,base,"1,6"
15365,base,"2,5,4"
15366,base,"5,3,2"
15367,base,"3,6,1"
15368,base,"2,4,6"
15369,base,"2,5,4"
15370,base,
15371,base,"4,6,2"
15372,base,
15373,base,"3,5,2"
15374,base,"2,5,3"
15375,base,"3,6,2"
15376,base,
15377,base,"3,4,5"
15378,base,"5,3,2"
15379,base,"3,2,5"
15380,base,"3,6,2"
15381,base,
15382,base,
15383,base,"5,3,1"
15384,base,"3,6,2"
15385,base,"1,6,3"
15386,base,
15387,base,
15388,base,"2,4,5"
15389,base,
15390,base,"1,6,3"
15391,base,"4,3,6"
15392,base,"5,2,6"
15393,base,"4,2,5"
15394,base,
15395,base,"5,3,2"
15396,base,4
15397,base,
15398,base,"1,4,3"
15399,base,"3,6,2"
15400,base,"4,2,6"
15401,base,"2,5,4"
15402,base,"4,2,6"
15403,base,"5,2,6"
15404,base,
15405,base,
15406,base,"2,6,4"
15407,base,
15408,base,
15409,base,"1,2,6"
15410,base,"5,2,6"
15411,base,"3,6,4"
15412,base,1
15413,base,"1,3,5"
15414,base,"1,2,3"
15415,base,"1,5,2"
15416,base,
15417,base,"5,2,6"
15418,base,"2,4,6"
15419,base,"1,3,6"
15420,base,1
15421,base,"3,6,2"
15422,base,"5,3,2"
15423,base,"4,6,3"
15424,base,"4,6,3"
15425,base,"4,2,5"
15426,base,"4,6,1"
15427,base,1
15428,base,"3,5,2"
15429,base,"3,6,5"
15430,base,"5,3,6"
15431,base,"4,2,6"
15432,base,3
15433,base,"2,6,4"
15434,base,
15435,base,"4,2,6"
15436,base,"4,6,3"
15437,base,"2,5,3"
15438,base,"4,2,5"
15439,base,"1,2,3"
15440,base,"1,4,2"
15441,base,
15442,base,"1,6,1"
15443,base,"3,4,5"
15444,base,
15445,base,"4,2,6"
15446,base,"3,6,5"
15447,base,"1,6,1"
15448,base,"2,6,3"
15449,base,"2,4,6"
15450,base,
15451,base,"2,6,4"
15452,base,1
15453,base,
15454,base,
15455,base,"3,4,6"
15456,base,"3,5,1"
15457,base,"4,2,5"
15458,base,"4,2,5"
15459,base,"5,4,3"
15460,base,"1,4,6"
15461,base,"4,2,5"
15462,base,"2,6,5"
15463,base,"3,6,2"
15464,base,"1,3,5"
15465,base,"4,2,6"
15466,base,"1,5,3"
15467,base,"3,5,2"
15468,base,"2,5,6"
15469,base,"2,6,1"
15470,base,"3,5,6"
15471,base,"3,2,5"
15472,base,"3,6,5"
15473,base,"5,2,4"
15474,base,"4,2,6"
15475,base,"4,2,6"
15476,base,"4,2,5"
15477,base,3
15478,base,"1,4,2"
15479,base,
15480,base,"4,2,6"
15481,base,"4,2,6"
15482,base,"5,4,3"
15483,base,"1,4,5"
15484,base,"3,1,5"
15485,base,"2,6,1"
15486,base,"2,6,4"
15487,base,"2,4,5"
15488,base,"3,6,5"
15489,base,"3,1,5"
15490,base,"5,2,6"
15491,base,"2,5,6"
15492,base,"2,6,4"
15493,base,"3,5,2"
15494,base,
15495,base,"1,4,6"
15496,base,
15497,base,"4,3,5"
15498,base,"4,3,6"
15499,base,"2,4,6"
15500,base,"4,2,6"
15501,base,"4,2,6"
15502,base,"4,6,2"
15503,base,"4,2,6"
15504,base,"4,6,2"
15505,base,"1,2,4"
15506,base,3
15507,base,"5,2,6"
15508,base,"4,2,5"
15509,base,"4,2,6"
15510,base,
15511,base,3
15512,base,"5,2,4"
15513,base,"4,2,5"
15514,base,"3,5,1"
15515,base,
15516,base,
15517,base,"4,2,6"
15518,base,
15519,base,
15520,base,"4,2,6"
15521,base,"3,5,6"
15522,base,"3,5,4"
15523,base,"2,5,6"
15524,base,
15525,base,"1,2,3"
15526,base,"3,5,2"
15527,base,"5,2,6"
15528,base,"3,6,4"
15529,base,"3,6,1"
15530,base,"4,2,6"
15531,base,"4,2,6"
15532,base,"3,2,6"
15533,base,
15534,base,"3,5,6"
15535,base,"1,6,3"
15536,base,"4,2,5"
15537,base,"4,3,6"
15538,base,"4,2,6"
15539,base,"2,4,5"
15540,base,
15541,base,"3,1,6"
15542,base,"2,6,4"
15543,base,"2,4,6"
15544,base,"4,2,6"
15545,base,"2,4,6"
15546,base,"3,1,6"
15547,base,"2,6,3"
15548,base,"3,6,2"
15549,base,
15550,base,"3,5,2"
15551,base,
15552,base,"5,3,2"
15553,base,"3,6,2"
15554,base,"4,2,6"
15555,base,"4,2,6"
15556,base,"4,6,2"
15557,base,"2,6,4"
15558,base,"1,2,3"
15559,base,"4,2,6"
15560,base,"3,6,5"
15561,base,"3,5,1"
15562,base,"6,1,3"
15563,base,"2,6,4"
15564,base,"5,2,6"
15565,base,"4,2,6"
15566,base,"3,4,6"
15567,base,"4,3,6"
15568,base,"1,6"
15569,base,"4,2,5"
15570,base,"4,2,6"
15571,base,"5,2,6"
15572,base,"3,4,6"
15573,base,"1,6,3"
15574,base,"3,5,6"
15575,base,"3,5,2"
15576,base,"4,3,2"
15577,base,"4,2,6"
15578,base,"2,6,1"
15579,base,"1,3,2"
15580,base,
15581,base,
15582,base,"1,2,3"
15583,base,
15584,base,
15585,base,
15586,base,
15587,base,
15588,base,"5,2,6"
15589,base,
15590,base,"4,2,5"
15591,base,"3,6,2"
15592,base,
15593,base,"4,2,6"
15594,base,"4,2,6"
15595,base,"4,3,2"
15596,base,"3,6,5"
15597,base,
15598,base,"2,4,6"
15599,base,"5,3,6"
15600,base,
15601,base,"5,3,2"
15602,base,"1,6,2"
15603,base,"3,5,2"
15604,base,"4,2,6"
15605,base,"1,4,6"
15606,base,"1,4,5"
15607,base,"3,6,2"
15608,base,"3,6,2"
15609,base,"1,6,3"
15610,base,"1,2,3"
15611,base,"2,6,3"
15612,base,"4,3,6"
15613,base,"1,2,3"
15614,base,"4,2,5"
15615,base,"2,4,6"
15616,base,
15617,base,"2,6,4"
15618,base,"1,6,1"
15619,base,
15620,base,"4,2,6"
15621,base,"5,2,3"
15622,base,"3,5,6"
15623,base,"2,6,3"
15624,base,"4,3,2"
15625,base,1
15626,base,"2,6,4"
15627,base,"4,3,6"
15628,base,"1,2,3"
15629,base,"3,6,2"
15630,base,
15631,base,"2,5,3"
15632,base,"3,2,6"
15633,base,"2,5,4"
15634,base,"4,2,6"
15635,base,6
15636,base,"3,6,5"
15637,base,"3,1,6"
15638,base,"2,5,4"
15639,base,"4,2,6"
15640,base,
15641,base,
15642,base,"2,6"
15643,base,"4,2,6"
15644,base,"4,2,6"
15645,base,"2,6,3"
15646,base,"3,2,6"
15647,base,"3,6,4"
15648,base,"6,1,3"
15649,base,"5,2,4"
15650,base,
15651,base,"2,5,6"
15652,base,"3,5,2"
15653,base,"4,3,6"
15654,base,"1,5,6"
15655,base,"2,4,6"
15656,base,"5,2,6"
15657,base,
15658,base,"5,2,4"
15659,base,
15660,base,"1,2,3"
15661,base,
15662,base,"4,2,6"
15663,base,"2,4,6"
15664,base,"3,6,2"
15665,base,"4,2,6"
15666,base,6
15667,base,"4,3,6"
15668,base,"5,3,6"
15669,base,
15670,base,"3,6,4"
15671,base,
15672,base,"4,3,6"
15673,base,"2,6,4"
15674,base,
15675,base,
15676,base,"5,2,4"
15677,base,"4,3,2"
15678,base,
15679,base,"1,3,4"
15680,base,"2,5,6"
15681,base,
15682,base,"5,2,6"
15683,base,"3,6,5"
15684,base,"3,6,5"
15685,base,"3,2,5"
15686,base,"4,2,6"
15687,base,"1,3,2"
15688,base,"5,3,6"
15689,base,"4,2,6"
15690,base,"5,2,6"
15691,base,"2,6,5"
15692,base,"1,6,3"
15693,base,"5,2,6"
15694,base,"1,6,3"
15695,base,"4,3,2"
15696,base,"1,6,3"
15697,base,"3,5,2"
15698,base,
15699,base,"6,4,3"
15700,base,"3,6,2"
15701,base,"4,2,6"
15702,base,
15703,base,"4,2,6"
15704,base,"3,1,6"
15705,base,
15706,base,"4,2,6"
15707,base,"4,2,5"
15708,base,"4,2,6"
15709,base,
15710,base,
15711,base,"4,2,6"
15712,base,"3,6,2"
15713,base,"3,6,4"
15714,base,"1,4,2"
15715,base,"1,2,3"
15716,base,
15717,base,"4,5,2"
15718,base,"4,2,6"
15719,base,"5,2,6"
15720,base,"1,4,3"
15721,base,"3,1,6"
15722,base,"3,6,4"
15723,base,"1,2,3"
15724,base,"1,2"
15725,base,"1,4,2"
15726,base,"3,5,2"
15727,base,"1,6,3"
15728,base,"5,3"
15729,base,"3,5,1"
15730,base,"5,3,6"
15731,base,"4,2,6"
15732,base,"1,4,2"
15733,base,"3,6,1"
15734,base,"1,2,3"
15735,base,"3,5,2"
15736,base,"1,6,3"
15737,base,
15738,base,"1,4,2"
15739,base,"3,4,2"
15740,base,"4,2,6"
15741,base,5
15742,base,"1,4,2"
15743,base,"3,6,5"
15744,base,"3,4,2"
15745,base,
15746,base,"4,2,6"
15747,base,"4,3,6"
15748,base,"3,2,6"
15749,base,"1,2,3"
15750,base,"4,2,6"
15751,base,"2,4,6"
15752,base,"1,2,3"
15753,base,"3,5"
15754,base,"1,6,3"
15755,base,"2,6"
15756,base,"2,5,1"
15757,base,"1,3,5"
15758,base,"4,2,6"
15759,base,"2,6,3"
15760,base,
15761,base,"2,4,6"
15762,base,
15763,base,"1,4,2"
15764,base,"2,5,6"
15765,base,"5,3,6"
15766,base,"3,6,4"
15767,base,"5,2,6"
15768,base,
15769,base,"3,5,2"
15770,base,"4,2,6"
15771,base,"4,3,6"
15772,base,"4,2,5"
15773,base,"1,3,5"
15774,base,"3,5,6"
15775,base,"5,3,2"
15776,base,"4,2,6"
15777,base,"2,6,4"
15778,base,"3,4,6"
15779,base,"2,6,4"
15780,base,"5,3,2"
15781,base,"4,3,2"
15782,base,"4,2,6"
15783,base,"1,6,3"
15784,base,"2,5,3"
15785,base,
15786,base,"1,4,6"
15787,base,"3,1,5"
15788,base,"3,2,6"
15789,base,"1,4,2"
15790,base,"1,4,6"
15791,base,"3,6,1"
15792,base,"3,2,6"
15793,base,
15794,base,
15795,base,"2,5,4"
15796,base,
15797,base,"5,2,6"
15798,base,"3,1,6"
15799,base,"2,5,6"
15800,base,
15801,base,"3,6,2"
15802,base,"1,3,5"
15803,base,"5,3,4"
15804,base,"3,4,2"
15805,base,"3,5,2"
15806,base,
15807,base,"3,6,2"
15808,base,
15809,base,"2,5,1"
15810,base,
15811,base,"5,2,6"
15812,base,"4,2,6"
15813,base,"1,2,3"
15814,base,"4,3,6"
15815,base,"3,2,6"
15816,base,"3,5,4"
15817,base,"4,2,6"
15818,base,
15819,base,
15820,base,"4,3,2"
15821,base,"3,4,5"
15822,base,"2,4,6"
15823,base,"3,1"
15824,base,"2,4,6"
15825,base,
15826,base,"3,6,2"
15827,base,"4,2,5"
15828,base,"3,2,4"
15829,base,
15830,base,
15831,base,
15832,base,"1,3,4"
15833,base,"1,3,5"
15834,base,"4,2,6"
15835,base,"1,6,1"
15836,base,"5,2,4"
15837,base,"4,6,2"
15838,base,
15839,base,"4,3,6"
15840,base,"4,2,6"
15841,base,"4,2,6"
15842,base,"3,4,6"
15843,base,
15844,base,"6,5,3"
15845,base,"1,3,6"
15846,base,"3,6,2"
15847,base,"1,5,3"
15848,base,"4,5,3"
15849,base,"2,5,3"
15850,base,"5,3,6"
15851,base,"5,3,6"
15852,base,"1,3,6"
15853,base,"1,3,2"
15854,base,"3,5,2"
15855,base,"1,3,5"
15856,base,"1,2,3"
15857,base,"3,6,4"
15858,base,"3,6,4"
15859,base,
15860,base,"1,3,6"
15861,base,"5,2,6"
15862,base,"2,5,3"
15863,base,
15864,base,"3,5,2"
15865,base,"4,2,5"
15866,base,"4,2,6"
15867,base,
15868,base,"5,2,6"
15869,base,"1,6,1"
15870,base,
15871,base,"2,5,4"
15872,base,"1,4,6"
15873,base,"2,6,4"
15874,base,"4,2,5"
15875,base,"4,2,6"
15876,base,6
15877,base,"4,2,6"
15878,base,"4,2,6"
15879,base,"1,3,5"
15880,base,
15881,base,"4,5,3"
15882,base,"5,2,3"
15883,base,"6,4,2"
15884,base,"4,2,6"
15885,base,"1,3,5"
15886,base,"1,3,4"
15887,base,"3,1,6"
15888,base,"3,6,4"
15889,base,"4,3,6"
15890,base,"1,3,2"
15891,base,"5,3,6"
15892,base,"5,2,4"
15893,base,"1,6,3"
15894,base,"3,1,6"
15895,base,
15896,base,"3,5,2"
15897,base,"2,5,3"
15898,base,"4,2,6"
15899,base,"1,4,2"
15900,base,"3,5,6"
15901,base,"1,4,6"
15902,base,"3,6,4"
15903,base,"1,3,1"
15904,base,"4,2,6"
15905,base,
15906,base,"4,2,6"
15907,base,"5,3,2"
15908,base,"4,6,3"
15909,base,
15910,base,"4,6,2"
15911,base,
15912,base,"3,5,1"
15913,base,
15914,base,"2,6,4"
15915,base,"4,3,2"
15916,base,"3,2,6"
15917,base,
15918,base,"4,6,1"
15919,base,"3,4,6"
15920,base,"3,5,2"
15921,base,"1,2,3"
15922,base,
15923,base,"4,6,2"
15924,base,
15925,base,"2,6,3"
15926,base,"3,1,6"
15927,base,
15928,base,"4,2,6"
15929,base,
15930,base,
15931,base,"2,6,5"
15932,base,"3,4,6"
15933,base,"2,6,4"
15934,base,"4,2,6"
15935,base,"1,6,3"
15936,base,"3,6,2"
15937,base,
15938,base,"3,6,2"
15939,base,"5,3,2"
15940,base,"3,5,6"
15941,base,"3,4,5"
15942,base,
15943,base,"3,2,6"
15944,base,"1,6,3"
15945,base,
15946,base,"2,5,4"
15947,base,"2,5,1"
15948,base,"4,2,6"
15949,base,"1,6,3"
15950,base,
15951,base,"3,2,6"
15952,base,"4,6,5"
15953,base,"4,2,6"
15954,base,"1,3,2"
15955,base,"4,3,2"
15956,base,
15957,base,
15958,base,"3,1,6"
15959,base,"2,6,4"
15960,base,"3,6,2"
15961,base,1
15962,base,
15963,base,"3,1,6"
15964,base,"1,4,3"
15965,base,"3,6,5"
15966,base,
15967,base,"4,2,5"
15968,base,
15969,base,"1,6,1"
15970,base,"3,3,6"
15971,base,"3,6,5"
15972,base,"5,3,6"
15973,base,"5,3,1"
15974,base,"2,6,4"
15975,base,"1,3,2"
15976,base,"1,2,3"
15977,base,
15978,base,"3,6,2"
15979,base,"1,5,2"
15980,base,"5,3,6"
15981,base,
15982,base,"2,5,1"
15983,base,1
15984,base,"1,2,3"
15985,base,
15986,base,"4,6,2"
15987,base,"4,5,2"
15988,base,"1,6,3"
15989,base,"5,2,4"
15990,base,"3,5,2"
15991,base,"1,2,3"
15992,base,"3,6,4"
15993,base,"3,6,2"
15994,base,"4,2,6"
15995,base,"1,3,6"
15996,base,"2,5,3"
15997,base,"1,6,3"
15998,base,"3,1,6"
15999,base,"1,2,4"
16000,base,"3,5,2"
