Run,Model Type,Extracted Numbers
1,Fine-Tuned Model,
2,Fine-Tuned Model,"1,5,2,4,6,3"
3,Fine-Tuned Model,"2,6,1,4,5,3"
4,Fine-Tuned Model,
5,Fine-Tuned Model,
6,Fine-Tuned Model,"4,2,6,5,3,1"
7,Fine-Tuned Model,"1,3,2,6,1,4"
8,Fine-Tuned Model,"3,5,2,2,4,3"
9,Fine-Tuned Model,"3,6,2,1,5,4"
10,Fine-Tuned Model,"2,6,1,4,3,5"
11,Fine-Tuned Model,"2,5,1,4,6,3"
12,Fine-Tuned Model,
13,Fine-Tuned Model,"3,6,1,5,2,4"
14,Fine-Tuned Model,
15,Fine-Tuned Model,"1,1,6,6,1,6"
16,Fine-Tuned Model,"1,2,5,3,1,4"
17,Fine-Tuned Model,"4,3,6,2,5,1"
18,Fine-Tuned Model,"6,1,6"
19,Fine-Tuned Model,
20,Fine-Tuned Model,6
21,Fine-Tuned Model,"2,6,3,1,5,4"
22,Fine-Tuned Model,
23,Fine-Tuned Model,"3,6,2,5,4,1"
24,Fine-Tuned Model,"6,1,6"
25,Fine-Tuned Model,
26,Fine-Tuned Model,
27,Fine-Tuned Model,"5,2,4,3,1,6"
28,Fine-Tuned Model,1
29,Fine-Tuned Model,
30,Fine-Tuned Model,
31,Fine-Tuned Model,
32,Fine-Tuned Model,"3,6,2,5,1,4"
33,Fine-Tuned Model,
34,Fine-Tuned Model,"5,2,6,1,4,3"
35,Fine-Tuned Model,"4,3,6,2,5,1"
36,Fine-Tuned Model,
37,Fine-Tuned Model,"4,2,6,1,5,3"
38,Fine-Tuned Model,"5,3,2,4,1,6"
39,Fine-Tuned Model,"2,5,6,1,3,4"
40,Fine-Tuned Model,"1,5,3,2,4,6"
41,Fine-Tuned Model,"2,5,3,6,1,4"
42,Fine-Tuned Model,"4,2,5,6,1,3"
43,Fine-Tuned Model,"1,4,2,2,3,5"
44,Fine-Tuned Model,"1,6,6"
45,Fine-Tuned Model,"2,4,3,6,2,5"
46,Fine-Tuned Model,"5,2,6,1,3,4"
47,Fine-Tuned Model,
48,Fine-Tuned Model,
49,Fine-Tuned Model,"4,2,6,3,5,1"
50,Fine-Tuned Model,
51,Fine-Tuned Model,"3,2,6,4,5,1"
52,Fine-Tuned Model,"4,6,3,5,2,4"
53,Fine-Tuned Model,
54,Fine-Tuned Model,"1,3,5,2,4,6"
55,Fine-Tuned Model,"1,5,3,2,6,4"
56,Fine-Tuned Model,"5,2,1,4,6,3"
57,Fine-Tuned Model,"2,6,3,5,1,4"
58,Fine-Tuned Model,"4,2,5,6,3,1"
59,Fine-Tuned Model,"2,6,4,3,1,5"
60,Fine-Tuned Model,"1,6"
61,Fine-Tuned Model,"6,1,6"
62,Fine-Tuned Model,"3,2,6,5,1,4"
63,Fine-Tuned Model,"3,6,4,2,5,1"
64,Fine-Tuned Model,"1,5,4,3,6,2"
65,Fine-Tuned Model,
66,Fine-Tuned Model,"4,3,5,6,2,1"
67,Fine-Tuned Model,
68,Fine-Tuned Model,
69,Fine-Tuned Model,
70,Fine-Tuned Model,"4,3,5,2,6,1"
71,Fine-Tuned Model,"1,2,3,4,5,6"
72,Fine-Tuned Model,"1,4,2,5,6,3"
73,Fine-Tuned Model,"1,2,6,5,4,3"
74,Fine-Tuned Model,
75,Fine-Tuned Model,
76,Fine-Tuned Model,
77,Fine-Tuned Model,
78,Fine-Tuned Model,"5,1,6,2,4,3"
79,Fine-Tuned Model,"2,4,1,6,3,5"
80,Fine-Tuned Model,"4,2,6,3,1,5"
81,Fine-Tuned Model,
82,Fine-Tuned Model,
83,Fine-Tuned Model,
84,Fine-Tuned Model,"4,2,6,5,3,1"
85,Fine-Tuned Model,"3,4,5,2,6,1"
86,Fine-Tuned Model,1
87,Fine-Tuned Model,"5,2,4,1,6,3"
88,Fine-Tuned Model,"1,1,1,1"
89,Fine-Tuned Model,"4,2,6,1,5,3"
90,Fine-Tuned Model,"3,6,1,5,2,4"
91,Fine-Tuned Model,"1,3,2,4,6,2"
92,Fine-Tuned Model,
93,Fine-Tuned Model,"1,5,2,3,3,2"
94,Fine-Tuned Model,"3,6,2,5,1,4"
95,Fine-Tuned Model,"1,6,1,6,1,6"
96,Fine-Tuned Model,"4,2,6,3,5,1"
97,Fine-Tuned Model,"1,4,2,6,5,3"
98,Fine-Tuned Model,"1,3,2,4,5,6"
99,Fine-Tuned Model,"4,2,6,1,5,3"
100,Fine-Tuned Model,6
101,Fine-Tuned Model,"1,6,2,4,5,3"
102,Fine-Tuned Model,"5,3,1,6,4,2"
103,Fine-Tuned Model,"1,4,3,2,6,5"
104,Fine-Tuned Model,"4,2,6,5,1,3"
105,Fine-Tuned Model,"5,2,6,3,1,4"
106,Fine-Tuned Model,"1,3,5,2,6,4"
107,Fine-Tuned Model,"2,6,3,2,5,4"
108,Fine-Tuned Model,
109,Fine-Tuned Model,"5,3,1,6,2,4"
110,Fine-Tuned Model,"4,3,1,5,2,6"
111,Fine-Tuned Model,"1,4,3,2,5,6"
112,Fine-Tuned Model,"4,3,6,2,5,1"
113,Fine-Tuned Model,"4,2,5,6,3,1"
114,Fine-Tuned Model,"1,6,6"
115,Fine-Tuned Model,"3,4,1,6,2,5"
116,Fine-Tuned Model,"4,2,5,1,6,3"
117,Fine-Tuned Model,"1,6,6"
118,Fine-Tuned Model,2
119,Fine-Tuned Model,"1,5,2,3,6,4"
120,Fine-Tuned Model,"4,2,5,6,3,1"
121,Fine-Tuned Model,"4,2,6,3,5,1"
122,Fine-Tuned Model,"5,2,3,6,1,4"
123,Fine-Tuned Model,"5,3,2,6,4,1"
124,Fine-Tuned Model,"5,2,3,6,1,4"
125,Fine-Tuned Model,
126,Fine-Tuned Model,"4,2,6,5,3,1"
127,Fine-Tuned Model,"3,2,5,6,4,1"
128,Fine-Tuned Model,
129,Fine-Tuned Model,"4,2,6,3,1,5"
130,Fine-Tuned Model,"4,3,2,6,5,1"
131,Fine-Tuned Model,"2,4,1,6,3,5"
132,Fine-Tuned Model,"1,2,3,4,5,6"
133,Fine-Tuned Model,"6,1,6,4,2,6"
134,Fine-Tuned Model,1
135,Fine-Tuned Model,
136,Fine-Tuned Model,"3,5,1,4,3,6"
137,Fine-Tuned Model,"4,3,2,6,1,5"
138,Fine-Tuned Model,"5,3,2,6,4,1"
139,Fine-Tuned Model,
140,Fine-Tuned Model,"6,1,1,6"
141,Fine-Tuned Model,
142,Fine-Tuned Model,"3,5,1,6,2,4"
143,Fine-Tuned Model,"1,2,3,6,1,5"
144,Fine-Tuned Model,"5,2,6,3,4,1"
145,Fine-Tuned Model,"5,3,4,2,6,1"
146,Fine-Tuned Model,"3,6,2,5,4,1"
147,Fine-Tuned Model,"1,6,6,5,3,6"
148,Fine-Tuned Model,"3,6,2,4,5,1"
149,Fine-Tuned Model,"6,1,6"
150,Fine-Tuned Model,3
151,Fine-Tuned Model,"2,6,5,3,1,4"
152,Fine-Tuned Model,"4,2,6,3,5,1"
153,Fine-Tuned Model,"2,4,3,2,5,6"
154,Fine-Tuned Model,"1,6,1,1"
155,Fine-Tuned Model,"1,3,5,2,4,6"
156,Fine-Tuned Model,"4,6,2,1,5,3"
157,Fine-Tuned Model,
158,Fine-Tuned Model,"4,2,6,1,3,5"
159,Fine-Tuned Model,"4,6,5,1,2,3"
160,Fine-Tuned Model,"3,6,1,5,4,2"
161,Fine-Tuned Model,"2,4,1,3,6,5"
162,Fine-Tuned Model,
163,Fine-Tuned Model,2
164,Fine-Tuned Model,"4,6,2,5,3,1"
165,Fine-Tuned Model,
166,Fine-Tuned Model,"3,6,5,2,1,4"
167,Fine-Tuned Model,"1,5,3,6,4,5"
168,Fine-Tuned Model,"3,2,6,5,4,1"
169,Fine-Tuned Model,"5,2,3,1,6,4"
170,Fine-Tuned Model,"1,2,4,6,3,2"
171,Fine-Tuned Model,
172,Fine-Tuned Model,"3,2,6,1,5,4"
173,Fine-Tuned Model,"2,4,5,1,3,6"
174,Fine-Tuned Model,"2,5,1,3,6,4"
175,Fine-Tuned Model,"2,6,5,3,1,4"
176,Fine-Tuned Model,
177,Fine-Tuned Model,"3,6,1,2,5,4"
178,Fine-Tuned Model,"5,3,2,4,6,1"
179,Fine-Tuned Model,
180,Fine-Tuned Model,"5,3,6,1,2,4"
181,Fine-Tuned Model,"1,3,4,2,6,5"
182,Fine-Tuned Model,
183,Fine-Tuned Model,"4,6,2,5,1,3"
184,Fine-Tuned Model,"5,1,4,3,2,6"
185,Fine-Tuned Model,"4,6,2,3,5,1"
186,Fine-Tuned Model,"4,2,6,3,5,1"
187,Fine-Tuned Model,"2,5,3,6,4,1"
188,Fine-Tuned Model,"2,6,3,4,5,1"
189,Fine-Tuned Model,"1,1"
190,Fine-Tuned Model,
191,Fine-Tuned Model,"6,3,5,2,1,4"
192,Fine-Tuned Model,"3,4,2,6,5,1"
193,Fine-Tuned Model,"2,6,5,4,1,3"
194,Fine-Tuned Model,6
195,Fine-Tuned Model,"6,1,6"
196,Fine-Tuned Model,"3,6,2,5,1,4"
197,Fine-Tuned Model,"1,4,2,3,6,5"
198,Fine-Tuned Model,"1,3,5,2,6,4"
199,Fine-Tuned Model,
200,Fine-Tuned Model,"2,5,6,4,2,3"
201,Fine-Tuned Model,"5,3,6,2,6,4"
202,Fine-Tuned Model,"3,6,1,2,5,4"
203,Fine-Tuned Model,"1,3,5,2,6,4"
204,Fine-Tuned Model,"1,2,4,1,3,2"
205,Fine-Tuned Model,
206,Fine-Tuned Model,
207,Fine-Tuned Model,"3,4,1,6,2,5"
208,Fine-Tuned Model,"3,5,1,2,6,4"
209,Fine-Tuned Model,"5,2,3,6,1,4"
210,Fine-Tuned Model,"2,6,4,3,5,1"
211,Fine-Tuned Model,"1,2,3,4,5,6"
212,Fine-Tuned Model,"3,4,6,2,5,1"
213,Fine-Tuned Model,"2,5,6,3,1,4"
214,Fine-Tuned Model,
215,Fine-Tuned Model,"4,3,2,6,1,5"
216,Fine-Tuned Model,"4,2,6,3,5,1"
217,Fine-Tuned Model,"5,2,3,6,1,4"
218,Fine-Tuned Model,
219,Fine-Tuned Model,
220,Fine-Tuned Model,"1,2,4,3,5,6"
221,Fine-Tuned Model,"1,3,5,2,4,6"
222,Fine-Tuned Model,"6,1,6,1,4,6"
223,Fine-Tuned Model,"5,3,2,6,1,4"
224,Fine-Tuned Model,"3,6,2,5,1,4"
225,Fine-Tuned Model,"2,4,3,6,5,1"
226,Fine-Tuned Model,"1,4,2,3,6,5"
227,Fine-Tuned Model,"4,3,2,5,1,6"
228,Fine-Tuned Model,"2,4,5,6,3,1"
229,Fine-Tuned Model,
230,Fine-Tuned Model,"2,5,3,6,1,4"
231,Fine-Tuned Model,"3,6,1,5,4,2"
232,Fine-Tuned Model,"4,3,6,2,5,1"
233,Fine-Tuned Model,
234,Fine-Tuned Model,"5,2,6,1,4,3"
235,Fine-Tuned Model,1
236,Fine-Tuned Model,"4,3,6,2,5,1"
237,Fine-Tuned Model,"3,6,2,5,1,4"
238,Fine-Tuned Model,"2,6,5,3,1,4"
239,Fine-Tuned Model,"5,1,3,6,2,4"
240,Fine-Tuned Model,"5,3,6,2,4,1"
241,Fine-Tuned Model,
242,Fine-Tuned Model,
243,Fine-Tuned Model,
244,Fine-Tuned Model,"4,2,6,1,5,3"
245,Fine-Tuned Model,"1,3,5,2,4,5"
246,Fine-Tuned Model,"5,2,6,4,3,1"
247,Fine-Tuned Model,
248,Fine-Tuned Model,
249,Fine-Tuned Model,
250,Fine-Tuned Model,"4,2,6,5,3,1"
251,Fine-Tuned Model,"2,6,4,3,1,5"
252,Fine-Tuned Model,"2,5,4,3,1,6"
253,Fine-Tuned Model,"3,6,2,5,4,1"
254,Fine-Tuned Model,"3,2,4,5,6,1"
255,Fine-Tuned Model,"5,2,6,1,4,3"
256,Fine-Tuned Model,
257,Fine-Tuned Model,"2,4,6,3,1,5"
258,Fine-Tuned Model,"4,2,6,3,1,5"
259,Fine-Tuned Model,"5,2,4,3,6,1"
260,Fine-Tuned Model,
261,Fine-Tuned Model,"1,6"
262,Fine-Tuned Model,"1,4,2,5,3,6"
263,Fine-Tuned Model,"3,6,1,2,5,4"
264,Fine-Tuned Model,"3,2,6,4,5,1"
265,Fine-Tuned Model,"3,5,1,3,2,4"
266,Fine-Tuned Model,"2,5,3,1,6,4"
267,Fine-Tuned Model,"1,3,2,6,5,4"
268,Fine-Tuned Model,"3,2,6,4,5,1"
269,Fine-Tuned Model,
270,Fine-Tuned Model,
271,Fine-Tuned Model,"3,6,2,5,4,1"
272,Fine-Tuned Model,"3,6,2,4,5,1"
273,Fine-Tuned Model,"2,5,3,6,1,4"
274,Fine-Tuned Model,"1,4,3,2,6,5"
275,Fine-Tuned Model,"1,4,2,5,6,3"
276,Fine-Tuned Model,
277,Fine-Tuned Model,"3,6,2,1,5,4"
278,Fine-Tuned Model,"1,5,3,2,6,4"
279,Fine-Tuned Model,"1,6,6"
280,Fine-Tuned Model,"3,2,6,1,4,5"
281,Fine-Tuned Model,"2,5,6,4,3,1"
282,Fine-Tuned Model,"1,2,3,4,5,6"
283,Fine-Tuned Model,"3,5,2,6,1,4"
284,Fine-Tuned Model,"2,5,3,1,6,4"
285,Fine-Tuned Model,"2,4,3,5,1,6"
286,Fine-Tuned Model,"6,2,5,3,1,4"
287,Fine-Tuned Model,"2,5,3,6,1,4"
288,Fine-Tuned Model,
289,Fine-Tuned Model,
290,Fine-Tuned Model,"4,3,5,6,2,1"
291,Fine-Tuned Model,"2,6,3,1,4,5"
292,Fine-Tuned Model,"4,2,5,6,3,1"
293,Fine-Tuned Model,"4,2,6,1,5,3"
294,Fine-Tuned Model,"3,6,2,5,4,1"
295,Fine-Tuned Model,"5,2,3,6,1,4"
296,Fine-Tuned Model,"4,2,6,5,1,3"
297,Fine-Tuned Model,"3,1,5,2,4,6"
298,Fine-Tuned Model,"4,2,6,3,1,5"
299,Fine-Tuned Model,"2,5,4,3,2,1"
300,Fine-Tuned Model,"2,6,5,3,1,4"
301,Fine-Tuned Model,"4,2,6,3,1,5"
302,Fine-Tuned Model,"4,3,6,2,5,1"
303,Fine-Tuned Model,"4,2,6,5,3,1"
304,Fine-Tuned Model,
305,Fine-Tuned Model,"2,5,6,1,3,4"
306,Fine-Tuned Model,"4,1,2,5,3,6"
307,Fine-Tuned Model,"1,5,2,4,6,3"
308,Fine-Tuned Model,"6,6"
309,Fine-Tuned Model,"2,5,1,6,3,4"
310,Fine-Tuned Model,"3,2,6,5,1,4"
311,Fine-Tuned Model,"1,4,6,2,5,3"
312,Fine-Tuned Model,
313,Fine-Tuned Model,"2,5,3,6,4,1"
314,Fine-Tuned Model,"4,2,6,5,1,3"
315,Fine-Tuned Model,"1,4,2,6,3,5"
316,Fine-Tuned Model,"3,5,2,1,6,4"
317,Fine-Tuned Model,"1,2,3,4,5,6"
318,Fine-Tuned Model,
319,Fine-Tuned Model,"4,3,2,6,1,5"
320,Fine-Tuned Model,"3,2,6,5,4,1"
321,Fine-Tuned Model,"4,2,6,5,3,1"
322,Fine-Tuned Model,"2,5,6,3,1,4"
323,Fine-Tuned Model,
324,Fine-Tuned Model,"2,5,3,1,4,6"
325,Fine-Tuned Model,"2,5,4,3,6,1"
326,Fine-Tuned Model,"1,1,6,1,1,6"
327,Fine-Tuned Model,"1,6,3,2,5,4"
328,Fine-Tuned Model,"3,6,2,5,1,4"
329,Fine-Tuned Model,"4,3,2,6,5,1"
330,Fine-Tuned Model,"1,4,2,6,3,5"
331,Fine-Tuned Model,"4,2,6,3,1,5"
332,Fine-Tuned Model,"6,1,6"
333,Fine-Tuned Model,"1,4,2,5,6,3"
334,Fine-Tuned Model,"5,2,4,1,3,6"
335,Fine-Tuned Model,"1,6,3,6,2,5"
336,Fine-Tuned Model,
337,Fine-Tuned Model,
338,Fine-Tuned Model,"4,2,5,1,3,6"
339,Fine-Tuned Model,
340,Fine-Tuned Model,"4,1,3,2,6,5"
341,Fine-Tuned Model,"5,3,2,6,1,4"
342,Fine-Tuned Model,"1,4,3,5,6,5"
343,Fine-Tuned Model,
344,Fine-Tuned Model,"4,3,6,2,1,5"
345,Fine-Tuned Model,
346,Fine-Tuned Model,
347,Fine-Tuned Model,
348,Fine-Tuned Model,
349,Fine-Tuned Model,"2,5,4,3,1,6"
350,Fine-Tuned Model,"1,5,2,3,3,2"
351,Fine-Tuned Model,"5,3,6,2,4,1"
352,Fine-Tuned Model,"4,6,2,5,3,1"
353,Fine-Tuned Model,
354,Fine-Tuned Model,"6,1,6,3,2,5"
355,Fine-Tuned Model,"6,1,6"
356,Fine-Tuned Model,"1,5,3,6,2,4"
357,Fine-Tuned Model,
358,Fine-Tuned Model,"5,3,2,4,1,6"
359,Fine-Tuned Model,"2,4,1,6,3,5"
360,Fine-Tuned Model,6
361,Fine-Tuned Model,"2,3,2,6,5,1"
362,Fine-Tuned Model,"4,2,6,3,5,1"
363,Fine-Tuned Model,"3,5,2,6,1,4"
364,Fine-Tuned Model,"2,4,5,1,3,6"
365,Fine-Tuned Model,
366,Fine-Tuned Model,"1,2,3,4,5,6"
367,Fine-Tuned Model,"3,4,2,1,6,5"
368,Fine-Tuned Model,"3,6,5,1,2,4"
369,Fine-Tuned Model,
370,Fine-Tuned Model,"4,2,6,3,5,1"
371,Fine-Tuned Model,"5,1,4,2,3,6"
372,Fine-Tuned Model,
373,Fine-Tuned Model,"3,2,5,1,4,6"
374,Fine-Tuned Model,"1,2,3,4,5,6"
375,Fine-Tuned Model,
376,Fine-Tuned Model,
377,Fine-Tuned Model,"5,2,6,3,1,4"
378,Fine-Tuned Model,"2,6,1,3,4,5"
379,Fine-Tuned Model,"3,5,2,6,1,4"
380,Fine-Tuned Model,"6,4,2,5,6,3"
381,Fine-Tuned Model,"1,3,5,6,2,4"
382,Fine-Tuned Model,4
383,Fine-Tuned Model,"4,3,2,6,5,1"
384,Fine-Tuned Model,"2,6,4,3,5,1"
385,Fine-Tuned Model,"5,2,6,3,1,4"
386,Fine-Tuned Model,"5,2,6,3,1,4"
387,Fine-Tuned Model,
388,Fine-Tuned Model,"6,2,4,3,1,5"
389,Fine-Tuned Model,"1,6,4,3,3,2"
390,Fine-Tuned Model,"6,1,5"
391,Fine-Tuned Model,
392,Fine-Tuned Model,"1,4,3,6,2,5"
393,Fine-Tuned Model,"3,5,1,2,6,4"
394,Fine-Tuned Model,
395,Fine-Tuned Model,
396,Fine-Tuned Model,"1,3,2,6,5,4"
397,Fine-Tuned Model,"4,3,1,2,6,5"
398,Fine-Tuned Model,"5,3,1,6,4,2"
399,Fine-Tuned Model,"1,3,6,4,3,2"
400,Fine-Tuned Model,"2,6,4,1,5,3"
401,Fine-Tuned Model,"1,2,3,1,4,3"
402,Fine-Tuned Model,
403,Fine-Tuned Model,1
404,Fine-Tuned Model,"6,1,6"
405,Fine-Tuned Model,"3,2,5,1,4,6"
406,Fine-Tuned Model,"2,5,4,1,3,6"
407,Fine-Tuned Model,
408,Fine-Tuned Model,"3,2,5,1,6,4"
409,Fine-Tuned Model,"3,6,2,5,4,1"
410,Fine-Tuned Model,
411,Fine-Tuned Model,"3,6,2,5,1,4"
412,Fine-Tuned Model,"6,6,6,6,4,4"
413,Fine-Tuned Model,"6,1,6,3,2,5"
414,Fine-Tuned Model,"1,2,3,4,5,6"
415,Fine-Tuned Model,"4,2,6,3,1,5"
416,Fine-Tuned Model,
417,Fine-Tuned Model,"4,2,6,5,3,1"
418,Fine-Tuned Model,"3,2,6,5,1,4"
419,Fine-Tuned Model,"4,2,3,6,5,1"
420,Fine-Tuned Model,"2,3,4,5,6,1"
421,Fine-Tuned Model,
422,Fine-Tuned Model,"4,2,6,3,5,1"
423,Fine-Tuned Model,
424,Fine-Tuned Model,"6,3,6,2,5,4"
425,Fine-Tuned Model,"3,5,2,6,4,1"
426,Fine-Tuned Model,
427,Fine-Tuned Model,"6,2,4,1,5,3"
428,Fine-Tuned Model,"4,2,6,1,3,5"
429,Fine-Tuned Model,"1,4,6,3,5,2"
430,Fine-Tuned Model,"4,2,6,5,3,1"
431,Fine-Tuned Model,"2,4,6,5,1,3"
432,Fine-Tuned Model,"1,2,3,4,5,6"
433,Fine-Tuned Model,
434,Fine-Tuned Model,"1,6,5,2,3,4"
435,Fine-Tuned Model,"1,2,3,4,5,6"
436,Fine-Tuned Model,"1,3,4,2,5,6"
437,Fine-Tuned Model,"1,6"
438,Fine-Tuned Model,"2,5,3,6,1,4"
439,Fine-Tuned Model,
440,Fine-Tuned Model,"6,4,5,2,3,1"
441,Fine-Tuned Model,"4,6,2,5,3,1"
442,Fine-Tuned Model,"1,6,6,1,6,6"
443,Fine-Tuned Model,"1,4,3,6,5,2"
444,Fine-Tuned Model,"1,2,3,4,5,6"
445,Fine-Tuned Model,
446,Fine-Tuned Model,"1,6,6,1"
447,Fine-Tuned Model,"1,3,4,5,2,6"
448,Fine-Tuned Model,"4,2,6,1,3,5"
449,Fine-Tuned Model,"4,2,6,3,5,1"
450,Fine-Tuned Model,"3,6,2,5,1,4"
451,Fine-Tuned Model,"4,6,3,5,2,6"
452,Fine-Tuned Model,"4,3,2,5,6,1"
453,Fine-Tuned Model,"2,4,6,3,1,5"
454,Fine-Tuned Model,
455,Fine-Tuned Model,"3,4,6,2,5,1"
456,Fine-Tuned Model,"4,2,6,3,1,5"
457,Fine-Tuned Model,"4,2,5,1,3,6"
458,Fine-Tuned Model,"4,2,6,5,3,1"
459,Fine-Tuned Model,"4,2,6,3,1,5"
460,Fine-Tuned Model,
461,Fine-Tuned Model,"6,2,5,3,4,1"
462,Fine-Tuned Model,"1,2,5,4,3,6"
463,Fine-Tuned Model,"1,3,5,2,6,4"
464,Fine-Tuned Model,"4,3,6,2,5,1"
465,Fine-Tuned Model,
466,Fine-Tuned Model,
467,Fine-Tuned Model,"4,2,6,3,5,1"
468,Fine-Tuned Model,"1,3,2,5,4,6"
469,Fine-Tuned Model,
470,Fine-Tuned Model,5
471,Fine-Tuned Model,"4,2,5,6,3,1"
472,Fine-Tuned Model,
473,Fine-Tuned Model,"5,3,6,2,4,1"
474,Fine-Tuned Model,"3,6,2,5,4,1"
475,Fine-Tuned Model,"5,2,1,6,3,4"
476,Fine-Tuned Model,
477,Fine-Tuned Model,"3,2,6,4,1,5"
478,Fine-Tuned Model,"4,2,6,1,5,3"
479,Fine-Tuned Model,"1,3,6,2,4,5"
480,Fine-Tuned Model,"4,6,2"
481,Fine-Tuned Model,"2,5,1,6,3,4"
482,Fine-Tuned Model,"3,1,6,2,4,5"
483,Fine-Tuned Model,"1,3,2,6,4,5"
484,Fine-Tuned Model,
485,Fine-Tuned Model,"1,5,3,2,6,4"
486,Fine-Tuned Model,"4,1,3,2,6,5"
487,Fine-Tuned Model,"4,3,1,6,5,2"
488,Fine-Tuned Model,"1,3,2,6,5,4"
489,Fine-Tuned Model,"3,2,5,4,6,1"
490,Fine-Tuned Model,"1,2,3,4,5,6"
491,Fine-Tuned Model,"1,6"
492,Fine-Tuned Model,"4,2,6,1,5,3"
493,Fine-Tuned Model,"3,6,2,4,5,1"
494,Fine-Tuned Model,1
495,Fine-Tuned Model,"1,2,6,4,3,5"
496,Fine-Tuned Model,
497,Fine-Tuned Model,
498,Fine-Tuned Model,"6,1,6"
499,Fine-Tuned Model,"1,3,2,4,5,6"
500,Fine-Tuned Model,"4,3,6,2,5,1"
501,Fine-Tuned Model,"4,6,3,5,2,6"
502,Fine-Tuned Model,"5,2,3,4,6,1"
503,Fine-Tuned Model,"2,5,1,6,3,4"
504,Fine-Tuned Model,"4,2,6,3,5,1"
505,Fine-Tuned Model,"4,3,2,6,5,1"
506,Fine-Tuned Model,
507,Fine-Tuned Model,
508,Fine-Tuned Model,"3,6,2,4,5,1"
509,Fine-Tuned Model,"1,3,2,6,5,4"
510,Fine-Tuned Model,"3,2,4,1,5,6"
511,Fine-Tuned Model,"3,1,6,4,2,5"
512,Fine-Tuned Model,
513,Fine-Tuned Model,"4,2,6,3,5,1"
514,Fine-Tuned Model,"1,3,5,2,6,4"
515,Fine-Tuned Model,
516,Fine-Tuned Model,"3,6,2,5,4,1"
517,Fine-Tuned Model,"1,2,3,4,5,6"
518,Fine-Tuned Model,"2,1"
519,Fine-Tuned Model,"1,3,5,2,6,4"
520,Fine-Tuned Model,"3,6,1,4,3,5"
521,Fine-Tuned Model,"2,5,3,6,4,1"
522,Fine-Tuned Model,"3,6,2,5,4,1"
523,Fine-Tuned Model,
524,Fine-Tuned Model,
525,Fine-Tuned Model,"3,6,1,5,4,2"
526,Fine-Tuned Model,"6,1,6"
527,Fine-Tuned Model,"1,3,2,6,5,4"
528,Fine-Tuned Model,"5,3,2,6,1,4"
529,Fine-Tuned Model,"5,2,6,1,4,3"
530,Fine-Tuned Model,"1,5,4,3,6,2"
531,Fine-Tuned Model,
532,Fine-Tuned Model,"2,5,4,1,3,6"
533,Fine-Tuned Model,"2,1,4,6,2,5"
534,Fine-Tuned Model,
535,Fine-Tuned Model,"1,3,2,5,6,4"
536,Fine-Tuned Model,"3,6,2,1,5,4"
537,Fine-Tuned Model,"2,5,3,1,4,6"
538,Fine-Tuned Model,
539,Fine-Tuned Model,
540,Fine-Tuned Model,"1,2,5,4,3,6"
541,Fine-Tuned Model,"4,3,2,6,5,1"
542,Fine-Tuned Model,"3,6,2,4,1,5"
543,Fine-Tuned Model,"5,2,6,4,1,3"
544,Fine-Tuned Model,"1,6,6,1,6"
545,Fine-Tuned Model,"4,2,6,5,3,1"
546,Fine-Tuned Model,"1,4,5,2,3,6"
547,Fine-Tuned Model,"4,2,6,3,1,5"
548,Fine-Tuned Model,
549,Fine-Tuned Model,"3,6,2,5"
550,Fine-Tuned Model,"2,4,5,3,6,1"
551,Fine-Tuned Model,
552,Fine-Tuned Model,"1,3,2,6,5,4"
553,Fine-Tuned Model,"1,4,3,5,2,6"
554,Fine-Tuned Model,"3,2,6,5,1,4"
555,Fine-Tuned Model,"1,2,5,3,6,4"
556,Fine-Tuned Model,"1,3,6,2,5,4"
557,Fine-Tuned Model,"4,2,5,3,6,1"
558,Fine-Tuned Model,"4,3,2,5,1,6"
559,Fine-Tuned Model,"1,4,2,2,3,6"
560,Fine-Tuned Model,"3,1,6,4,2,5"
561,Fine-Tuned Model,"4,3,6,2,5,1"
562,Fine-Tuned Model,
563,Fine-Tuned Model,
564,Fine-Tuned Model,
565,Fine-Tuned Model,"2,5,3,6,1,4"
566,Fine-Tuned Model,
567,Fine-Tuned Model,"1,2,3,4,5,6"
568,Fine-Tuned Model,"1,2,3,4,2,3"
569,Fine-Tuned Model,
570,Fine-Tuned Model,"4,2,6,1,5,3"
571,Fine-Tuned Model,"4,6,3,2,5,1"
572,Fine-Tuned Model,"4,2,3,6,1,5"
573,Fine-Tuned Model,"1,2,6,4,3,5"
574,Fine-Tuned Model,"4,2,6,1,3,5"
575,Fine-Tuned Model,"5,2,4,6,1,3"
576,Fine-Tuned Model,"4,3,5,2,6,1"
577,Fine-Tuned Model,"5,3,1,6,2,4"
578,Fine-Tuned Model,"4,2,6,1,3,5"
579,Fine-Tuned Model,"1,6,1,6,1,6"
580,Fine-Tuned Model,
581,Fine-Tuned Model,
582,Fine-Tuned Model,
583,Fine-Tuned Model,"4,2,6,5,3,1"
584,Fine-Tuned Model,"1,4,2,6,5,3"
585,Fine-Tuned Model,"1,3,6,5,2,4"
586,Fine-Tuned Model,"5,2,6,4,1,3"
587,Fine-Tuned Model,"2,5,3,6,1,4"
588,Fine-Tuned Model,"4,2,5,1,6,3"
589,Fine-Tuned Model,"2,5,3,1,6,4"
590,Fine-Tuned Model,"4,2,6,5,1,3"
591,Fine-Tuned Model,"3,6,1,2,4"
592,Fine-Tuned Model,"1,4,2,6,3,5"
593,Fine-Tuned Model,
594,Fine-Tuned Model,"2,4,6,1,3,5"
595,Fine-Tuned Model,"1,5,3,2,4,6"
596,Fine-Tuned Model,"4,2,6,3,1,5"
597,Fine-Tuned Model,"1,3,6,2,5,4"
598,Fine-Tuned Model,
599,Fine-Tuned Model,
600,Fine-Tuned Model,
601,Fine-Tuned Model,"5,2,6,4,1,3"
602,Fine-Tuned Model,"3,2,6,4,5,1"
603,Fine-Tuned Model,
604,Fine-Tuned Model,"3,2,6,5,4,1"
605,Fine-Tuned Model,"1,2,6,3,5,4"
606,Fine-Tuned Model,"3,5,1,2,6,4"
607,Fine-Tuned Model,
608,Fine-Tuned Model,
609,Fine-Tuned Model,"3,6,5,2,4,1"
610,Fine-Tuned Model,"1,2,3,5,4,2"
611,Fine-Tuned Model,"1,6,6"
612,Fine-Tuned Model,"1,6,6,3,5,4"
613,Fine-Tuned Model,"3,6,2,5,1,4"
614,Fine-Tuned Model,6
615,Fine-Tuned Model,"1,2,4,3,6,5"
616,Fine-Tuned Model,"5,2,4,6,1,3"
617,Fine-Tuned Model,"4,2,6,1,3,5"
618,Fine-Tuned Model,"1,4,5,2,3,6"
619,Fine-Tuned Model,"1,3,2,6,5,1"
620,Fine-Tuned Model,"4,2,6,3,5,1"
621,Fine-Tuned Model,"1,2,3,4,5,6"
622,Fine-Tuned Model,"2,4,5,6"
623,Fine-Tuned Model,"2,4,6,3,5,1"
624,Fine-Tuned Model,
625,Fine-Tuned Model,"5,3,2,6,4,1"
626,Fine-Tuned Model,
627,Fine-Tuned Model,
628,Fine-Tuned Model,"3,6,2,5,4,1"
629,Fine-Tuned Model,"2,4,6,1,3,5"
630,Fine-Tuned Model,6
631,Fine-Tuned Model,"1,3,2,5,4,6"
632,Fine-Tuned Model,
633,Fine-Tuned Model,"2,4,6,3,1,5"
634,Fine-Tuned Model,
635,Fine-Tuned Model,"5,4,2,1,6,3"
636,Fine-Tuned Model,"4,6,3,2,5,1"
637,Fine-Tuned Model,"5,2,3,6,1,4"
638,Fine-Tuned Model,"4,2,6,3,1,5"
639,Fine-Tuned Model,
640,Fine-Tuned Model,"2,5,4,6,1,3"
641,Fine-Tuned Model,"1,3,2,6,3,2"
642,Fine-Tuned Model,"2,5,4,3,1"
643,Fine-Tuned Model,"3,4,5,3,1,6"
644,Fine-Tuned Model,"3,1,4,5,2,6"
645,Fine-Tuned Model,"6,4,2,6,5,3"
646,Fine-Tuned Model,"2,6,3"
647,Fine-Tuned Model,"2,5,3,6,4,1"
648,Fine-Tuned Model,"5,3,2,6,1,4"
649,Fine-Tuned Model,"3,2,5,1,4,6"
650,Fine-Tuned Model,"1,3,4,5,3,2"
651,Fine-Tuned Model,"1,6"
652,Fine-Tuned Model,"2,4,1,6,5,3"
653,Fine-Tuned Model,"4,6,1,3,5,2"
654,Fine-Tuned Model,"1,6,4,2,6,5"
655,Fine-Tuned Model,"1,3,5,2,6,4"
656,Fine-Tuned Model,"4,6,5,3,2,1"
657,Fine-Tuned Model,"3,6,2,5,1,4"
658,Fine-Tuned Model,"3,6,2,5,1,4"
659,Fine-Tuned Model,
660,Fine-Tuned Model,"4,2,6,3,5,1"
661,Fine-Tuned Model,"4,3,1,2,5,6"
662,Fine-Tuned Model,"1,6,6"
663,Fine-Tuned Model,
664,Fine-Tuned Model,"1,5,3,2,6,4"
665,Fine-Tuned Model,"5,1,6,4,2,3"
666,Fine-Tuned Model,"3,1,6,4,2,5"
667,Fine-Tuned Model,
668,Fine-Tuned Model,"2,6,3,1,5,4"
669,Fine-Tuned Model,"6,1,6"
670,Fine-Tuned Model,"2,6,3,1,5,4"
671,Fine-Tuned Model,"2,5,1,6,3,2"
672,Fine-Tuned Model,"1,4,3,2,5,6"
673,Fine-Tuned Model,"1,3,5,2,4,6"
674,Fine-Tuned Model,6
675,Fine-Tuned Model,"3,2,6,1,5,4"
676,Fine-Tuned Model,"3,5,2,6,1,4"
677,Fine-Tuned Model,"1,6,1"
678,Fine-Tuned Model,"6,4,2,6,5,3"
679,Fine-Tuned Model,"4,3,1,2,6,5"
680,Fine-Tuned Model,"4,3,6,2,5,1"
681,Fine-Tuned Model,"6,1,6"
682,Fine-Tuned Model,"3,5,2,6,1"
683,Fine-Tuned Model,"2,4,6,1,3,5"
684,Fine-Tuned Model,"3,2,6,5,4,1"
685,Fine-Tuned Model,"1,4"
686,Fine-Tuned Model,"3,4,1,6,5,2"
687,Fine-Tuned Model,"1,6,1"
688,Fine-Tuned Model,"1,2,3,4,5,6"
689,Fine-Tuned Model,"4,3,6,1,5,2"
690,Fine-Tuned Model,
691,Fine-Tuned Model,"3,5"
692,Fine-Tuned Model,
693,Fine-Tuned Model,
694,Fine-Tuned Model,
695,Fine-Tuned Model,
696,Fine-Tuned Model,
697,Fine-Tuned Model,"2,6,3,5,2,1"
698,Fine-Tuned Model,"2,6,3,5,4,1"
699,Fine-Tuned Model,
700,Fine-Tuned Model,"4,2,6,3,1,5"
701,Fine-Tuned Model,"1,5,2,6,1,3"
702,Fine-Tuned Model,"3,6,2,5,1,4"
703,Fine-Tuned Model,
704,Fine-Tuned Model,"6,1,6"
705,Fine-Tuned Model,"2,6,3,5,1,4"
706,Fine-Tuned Model,"4,2,6,5,3,1"
707,Fine-Tuned Model,
708,Fine-Tuned Model,"3,5,1,6,2,4"
709,Fine-Tuned Model,
710,Fine-Tuned Model,"4,2,5,6,1,3"
711,Fine-Tuned Model,
712,Fine-Tuned Model,"4,2,6,1,5,3"
713,Fine-Tuned Model,"5,3,6,2,1,4"
714,Fine-Tuned Model,"1,3,6,2,5,4"
715,Fine-Tuned Model,"4,2,6,5,3,1"
716,Fine-Tuned Model,"1,6,6"
717,Fine-Tuned Model,"1,2,3,4"
718,Fine-Tuned Model,"2,5,6"
719,Fine-Tuned Model,"2,4,3,5,6,1"
720,Fine-Tuned Model,"6,1,6"
721,Fine-Tuned Model,"3,4,5,2,5,3"
722,Fine-Tuned Model,"4,2,3,6,5,1"
723,Fine-Tuned Model,"6,1,3,6,2,5"
724,Fine-Tuned Model,
725,Fine-Tuned Model,"1,6,6"
726,Fine-Tuned Model,"3,2,6,5,1,4"
727,Fine-Tuned Model,
728,Fine-Tuned Model,"3,1,6,5,2,4"
729,Fine-Tuned Model,"4,2,6,3,1,5"
730,Fine-Tuned Model,"1,5,2,3,6,4"
731,Fine-Tuned Model,"4,3,6,5,2,1"
732,Fine-Tuned Model,"3,5,2"
733,Fine-Tuned Model,
734,Fine-Tuned Model,
735,Fine-Tuned Model,"6,1,1,1,6,2"
736,Fine-Tuned Model,"3,2,6,5,4,1"
737,Fine-Tuned Model,"1,4,2,6,5,1"
738,Fine-Tuned Model,"4,1,5,2,3,6"
739,Fine-Tuned Model,"4,6,2,5,3,1"
740,Fine-Tuned Model,"3,5,6"
741,Fine-Tuned Model,"2,5,6,3,1,4"
742,Fine-Tuned Model,"4,3,6,2,5,1"
743,Fine-Tuned Model,"1,4,3,2,6,5"
744,Fine-Tuned Model,1
745,Fine-Tuned Model,
746,Fine-Tuned Model,"2,4,6,3,5,1"
747,Fine-Tuned Model,
748,Fine-Tuned Model,"4,3,2,6,1,5"
749,Fine-Tuned Model,"2,4,6,1,3,5"
750,Fine-Tuned Model,"1,2,3,4,5,6"
751,Fine-Tuned Model,"4,2,6,1,5,3"
752,Fine-Tuned Model,"3,6,2,5,4,1"
753,Fine-Tuned Model,"2,5,6,3,4,1"
754,Fine-Tuned Model,"2,3,1,6,4,5"
755,Fine-Tuned Model,"1,4,2,6,3,5"
756,Fine-Tuned Model,1
757,Fine-Tuned Model,6
758,Fine-Tuned Model,
759,Fine-Tuned Model,"3,6,4,2,5,1"
760,Fine-Tuned Model,"4,6,2,3,5,1"
761,Fine-Tuned Model,
762,Fine-Tuned Model,"3,6,2,5,4,1"
763,Fine-Tuned Model,
764,Fine-Tuned Model,"4,2,6,3,1,5"
765,Fine-Tuned Model,"2,4,1,6,3,5"
766,Fine-Tuned Model,"3,4,1,3,4,2"
767,Fine-Tuned Model,"3,6,1,5,2"
768,Fine-Tuned Model,"5,2,1,3,6,4"
769,Fine-Tuned Model,"1,2,2,6,3,1"
770,Fine-Tuned Model,"1,2,3,4,5,6"
771,Fine-Tuned Model,"4,3,6,2,5,1"
772,Fine-Tuned Model,"1,6,6,1,4,3"
773,Fine-Tuned Model,
774,Fine-Tuned Model,
775,Fine-Tuned Model,
776,Fine-Tuned Model,"3,1,4,6,2,5"
777,Fine-Tuned Model,
778,Fine-Tuned Model,
779,Fine-Tuned Model,"4,2,6,3,5,1"
780,Fine-Tuned Model,"2,4,3,5,6,1"
781,Fine-Tuned Model,"2,4,3,1,6,5"
782,Fine-Tuned Model,"2,3,4,5,1,6"
783,Fine-Tuned Model,"3,6,2,5,1,4"
784,Fine-Tuned Model,"3,1,6"
785,Fine-Tuned Model,"1,6,6"
786,Fine-Tuned Model,"4,2,5,6,1,3"
787,Fine-Tuned Model,
788,Fine-Tuned Model,"1,1"
789,Fine-Tuned Model,"4,3,2,6,5,1"
790,Fine-Tuned Model,"1,6,3,4,6,5"
791,Fine-Tuned Model,
792,Fine-Tuned Model,"2,6,5,3,1,4"
793,Fine-Tuned Model,"2,6,3,5,1,4"
794,Fine-Tuned Model,"3,6,2,5,4,1"
795,Fine-Tuned Model,"1,6,6"
796,Fine-Tuned Model,
797,Fine-Tuned Model,"1,6,6"
798,Fine-Tuned Model,"1,1,4,2,2,2"
799,Fine-Tuned Model,"2,5,4,1,3,6"
800,Fine-Tuned Model,
801,Fine-Tuned Model,
802,Fine-Tuned Model,"5,2,6"
803,Fine-Tuned Model,"3,5,2,6,4,1"
804,Fine-Tuned Model,"2,5,3,6,1,4"
805,Fine-Tuned Model,"3,6,2,5,4,1"
806,Fine-Tuned Model,
807,Fine-Tuned Model,"1,2,3,4,5,6"
808,Fine-Tuned Model,
809,Fine-Tuned Model,
810,Fine-Tuned Model,
811,Fine-Tuned Model,"3,5,1,2,6,4"
812,Fine-Tuned Model,
813,Fine-Tuned Model,
814,Fine-Tuned Model,"4,6,2,3,5,1"
815,Fine-Tuned Model,"4,2,6,3,5,1"
816,Fine-Tuned Model,"4,2,5,1,3,6"
817,Fine-Tuned Model,
818,Fine-Tuned Model,"1,4,2,6,3,5"
819,Fine-Tuned Model,
820,Fine-Tuned Model,"4,1,3,2,5,6"
821,Fine-Tuned Model,"1,4,2,6,3,5"
822,Fine-Tuned Model,"4,2,6,3,5,1"
823,Fine-Tuned Model,"1,5,3,2,6,4"
824,Fine-Tuned Model,"2,3,6,5,4,2"
825,Fine-Tuned Model,"3,4,6,5,2,1"
826,Fine-Tuned Model,"2,4,5,3,6,1"
827,Fine-Tuned Model,"4,2,3,6,1,5"
828,Fine-Tuned Model,"1,5,2,6,3,4"
829,Fine-Tuned Model,"3,5,2,1,6,4"
830,Fine-Tuned Model,"3,2,5,6,1,4"
831,Fine-Tuned Model,"4,2,6,1,3,5"
832,Fine-Tuned Model,"2,5,3,6,4,1"
833,Fine-Tuned Model,"1,5,2,6,3,4"
834,Fine-Tuned Model,"1,2,4,3,6,5"
835,Fine-Tuned Model,"2,5,3,1,6,4"
836,Fine-Tuned Model,"4,3,2,5,6,1"
837,Fine-Tuned Model,"1,2,3,4,5,6"
838,Fine-Tuned Model,"1,3,4,2,5,6"
839,Fine-Tuned Model,"5,3,6,2,4,1"
840,Fine-Tuned Model,"1,2,3,4,5"
841,Fine-Tuned Model,"1,4,2,6,3,5"
842,Fine-Tuned Model,"2,5,3,6,4,2"
843,Fine-Tuned Model,"3,5,2,6,1,4"
844,Fine-Tuned Model,"2,4,6,1,5,3"
845,Fine-Tuned Model,
846,Fine-Tuned Model,"2,5,4,1,6,3"
847,Fine-Tuned Model,"1,2,3,2,6,4"
848,Fine-Tuned Model,"2,5,4,3,1,6"
849,Fine-Tuned Model,1
850,Fine-Tuned Model,
851,Fine-Tuned Model,"1,6,6,3,6,2"
852,Fine-Tuned Model,"2,4,6,5,1,3"
853,Fine-Tuned Model,"4,2,6,3,5,1"
854,Fine-Tuned Model,"5,3,2,6,4,1"
855,Fine-Tuned Model,"1,6,6,3,4,2"
856,Fine-Tuned Model,"3,1,2,6,4,5"
857,Fine-Tuned Model,"3,2,6,5,4,1"
858,Fine-Tuned Model,"3,6,4,2,5,1"
859,Fine-Tuned Model,"3,2,5,6,1,4"
860,Fine-Tuned Model,"4,3,6,1,2,5"
861,Fine-Tuned Model,"4,3,6,2,5,1"
862,Fine-Tuned Model,
863,Fine-Tuned Model,"6,4,2,6,5,3"
864,Fine-Tuned Model,
865,Fine-Tuned Model,
866,Fine-Tuned Model,"1,4,2,6,3,5"
867,Fine-Tuned Model,"4,2,5,3,1,6"
868,Fine-Tuned Model,"1,6,6"
869,Fine-Tuned Model,"2,5,3,4,6,1"
870,Fine-Tuned Model,"3,5,2,6,4,1"
871,Fine-Tuned Model,"1,1,6"
872,Fine-Tuned Model,
873,Fine-Tuned Model,"4,2,6,1,3,5"
874,Fine-Tuned Model,"1,6"
875,Fine-Tuned Model,"3,2,6,1,4,5"
876,Fine-Tuned Model,"2,3,6,1,5,4"
877,Fine-Tuned Model,"1,3,2,6,5,4"
878,Fine-Tuned Model,
879,Fine-Tuned Model,"1,6,6,3,6,2"
880,Fine-Tuned Model,"5,3,1,6,2,4"
881,Fine-Tuned Model,"6,1,6"
882,Fine-Tuned Model,"1,3,5,1,4,6"
883,Fine-Tuned Model,"1,6,1,6,1,6"
884,Fine-Tuned Model,"2,5,6,3,2,6"
885,Fine-Tuned Model,
886,Fine-Tuned Model,"4,3,6,1,2,5"
887,Fine-Tuned Model,"2,6,4,1,3,5"
888,Fine-Tuned Model,"4,2,6,5,3,1"
889,Fine-Tuned Model,
890,Fine-Tuned Model,"6,6"
891,Fine-Tuned Model,"1,2,5,6,3,4"
892,Fine-Tuned Model,"2,3,4,5,6"
893,Fine-Tuned Model,"2,4,5,2,6,3"
894,Fine-Tuned Model,"6,6"
895,Fine-Tuned Model,"3,2,6,5,1,4"
896,Fine-Tuned Model,"1,5,2,6,3,4"
897,Fine-Tuned Model,"5,2,6,1,3,4"
898,Fine-Tuned Model,"3,2,6,5,1,4"
899,Fine-Tuned Model,"4,2,6,3,1,5"
900,Fine-Tuned Model,"1,4,2,6,1,3"
901,Fine-Tuned Model,"3,6,4,2,5,1"
902,Fine-Tuned Model,"3,6,2,5,4,1"
903,Fine-Tuned Model,"1,5,3,2,4,1"
904,Fine-Tuned Model,"1,5,3,6,2,4"
905,Fine-Tuned Model,
906,Fine-Tuned Model,5
907,Fine-Tuned Model,"1,3,2,5,4,6"
908,Fine-Tuned Model,"4,3,6,2,5,1"
909,Fine-Tuned Model,2
910,Fine-Tuned Model,"3,2,6,1,5,4"
911,Fine-Tuned Model,"3,1,6,2,5,4"
912,Fine-Tuned Model,"1,3,2,6,4,5"
913,Fine-Tuned Model,
914,Fine-Tuned Model,"2,6,5,4,3,1"
915,Fine-Tuned Model,"3,5,2,6"
916,Fine-Tuned Model,"1,2,6,3,5,4"
917,Fine-Tuned Model,"3,6,1,4,2,5"
918,Fine-Tuned Model,"1,3,5,2,6,4"
919,Fine-Tuned Model,"3,4,1,5,2,6"
920,Fine-Tuned Model,"3,5,2,6,1,4"
921,Fine-Tuned Model,"1,4,2,5,3,6"
922,Fine-Tuned Model,"2,5,6,1,3,4"
923,Fine-Tuned Model,"2,6,5,1,4,3"
924,Fine-Tuned Model,
925,Fine-Tuned Model,
926,Fine-Tuned Model,"4,2,5,1,6,3"
927,Fine-Tuned Model,1
928,Fine-Tuned Model,
929,Fine-Tuned Model,"4,2,5,1,6,3"
930,Fine-Tuned Model,"4,2,6,3,5,1"
931,Fine-Tuned Model,"2,5,4,6,3,2"
932,Fine-Tuned Model,"2,6,1,5,3,4"
933,Fine-Tuned Model,"1,4,2,3,3,2"
934,Fine-Tuned Model,"2,6,3,1,5,4"
935,Fine-Tuned Model,"3,1,5,2,6,4"
936,Fine-Tuned Model,"3,5,2,6,4,1"
937,Fine-Tuned Model,
938,Fine-Tuned Model,"3,1,2,5,6,4"
939,Fine-Tuned Model,"2,6,4,3,5,1"
940,Fine-Tuned Model,4
941,Fine-Tuned Model,"2,6,1,5,4,3"
942,Fine-Tuned Model,"3,5,2,1,6,4"
943,Fine-Tuned Model,"5,2,6,4,1,3"
944,Fine-Tuned Model,
945,Fine-Tuned Model,
946,Fine-Tuned Model,"3,6,2,5,1,4"
947,Fine-Tuned Model,
948,Fine-Tuned Model,"5,1,3,6,2,4"
949,Fine-Tuned Model,"3,6,2,5,4,1"
950,Fine-Tuned Model,"2,4,5,3,6,1"
951,Fine-Tuned Model,
952,Fine-Tuned Model,"4,2,6,5,3,1"
953,Fine-Tuned Model,"3,4,2,5,6,1"
954,Fine-Tuned Model,"2,6,3,2,5,1"
955,Fine-Tuned Model,"3,2,5,4,2,5"
956,Fine-Tuned Model,"1,3,2,5,4,1"
957,Fine-Tuned Model,"4,2,6,3,1,5"
958,Fine-Tuned Model,
959,Fine-Tuned Model,"3,2,6,1,5,4"
960,Fine-Tuned Model,"2,4,5,1,3,6"
961,Fine-Tuned Model,"2,5,3,4,5,1"
962,Fine-Tuned Model,"3,2,5,6,4,1"
963,Fine-Tuned Model,"3,4,2,6,1,5"
964,Fine-Tuned Model,
965,Fine-Tuned Model,"1,5,3,4,2,6"
966,Fine-Tuned Model,"2,6,4,1,3,5"
967,Fine-Tuned Model,"4,3,6,2,5,6"
968,Fine-Tuned Model,6
969,Fine-Tuned Model,"1,2,3,4,5,6"
970,Fine-Tuned Model,
971,Fine-Tuned Model,"1,5"
972,Fine-Tuned Model,
973,Fine-Tuned Model,"1,4,5,6"
974,Fine-Tuned Model,"3,4,2,6,1,5"
975,Fine-Tuned Model,
976,Fine-Tuned Model,"5,2,4,3,1,6"
977,Fine-Tuned Model,"3,5,6,2,4,1"
978,Fine-Tuned Model,"2,5,1,4,6,3"
979,Fine-Tuned Model,"3,5,2,6,1,4"
980,Fine-Tuned Model,"3,6,2,5,1,4"
981,Fine-Tuned Model,"4,2,6,3,5,1"
982,Fine-Tuned Model,"4,2,3,6,1,5"
983,Fine-Tuned Model,
984,Fine-Tuned Model,"5,1,6,6"
985,Fine-Tuned Model,
986,Fine-Tuned Model,"5,2,4,6,1,3"
987,Fine-Tuned Model,"6,3,1,6,4,2"
988,Fine-Tuned Model,"4,2,6,1,3,5"
989,Fine-Tuned Model,"4,2,5,1,6,3"
990,Fine-Tuned Model,"2,4,5,3,5,2"
991,Fine-Tuned Model,"2,4,6,3,5,1"
992,Fine-Tuned Model,
993,Fine-Tuned Model,"1,6,6"
994,Fine-Tuned Model,
995,Fine-Tuned Model,"3,5,2,6,4,1"
996,Fine-Tuned Model,
997,Fine-Tuned Model,
998,Fine-Tuned Model,"3,6,2,5,1,4"
999,Fine-Tuned Model,"1,2,3,4,5,6"
1000,Fine-Tuned Model,"6,4,2,6,3,5"
1001,Fine-Tuned Model,
1002,Fine-Tuned Model,"1,2,3,4,5"
1003,Fine-Tuned Model,"4,2,6,3,5,1"
1004,Fine-Tuned Model,"4,2,6,3,5,1"
1005,Fine-Tuned Model,"6,3,6,2,5,4"
1006,Fine-Tuned Model,"4,3,6,1,5,2"
1007,Fine-Tuned Model,"6,6"
1008,Fine-Tuned Model,"3,5,2,6,4,1"
1009,Fine-Tuned Model,"4,2,6,3,5,1"
1010,Fine-Tuned Model,"3,4,6,2,5,1"
1011,Fine-Tuned Model,"3,4,2,6,1,5"
1012,Fine-Tuned Model,"3,6,2,5,1,4"
1013,Fine-Tuned Model,"4,3,6,1,5,2"
1014,Fine-Tuned Model,"4,2,3,6,1,5"
1015,Fine-Tuned Model,
1016,Fine-Tuned Model,
1017,Fine-Tuned Model,"2,4,3,6,1,5"
1018,Fine-Tuned Model,"1,3,2,6,4,5"
1019,Fine-Tuned Model,"5,3,2,6,1,4"
1020,Fine-Tuned Model,"3,4,2,6,3,5"
1021,Fine-Tuned Model,"6,2,5,3,6,1"
1022,Fine-Tuned Model,"4,2,6,5"
1023,Fine-Tuned Model,"2,4,6,5,1,3"
1024,Fine-Tuned Model,"5,2,6,4,1,3"
1025,Fine-Tuned Model,"4,2,6,1,5,3"
1026,Fine-Tuned Model,"3,1,5,2,6,4"
1027,Fine-Tuned Model,"6,6,3"
1028,Fine-Tuned Model,"3,2,6,4,5,1"
1029,Fine-Tuned Model,"1,2,5,3,6,2"
1030,Fine-Tuned Model,"4,3,1,5,6,2"
1031,Fine-Tuned Model,"1,2,3,4,5,6"
1032,Fine-Tuned Model,"4,2,6,3,1,5"
1033,Fine-Tuned Model,"3,6,2,5,4,1"
1034,Fine-Tuned Model,"1,2,5,3,6,4"
1035,Fine-Tuned Model,"4,1,3,5,6,2"
1036,Fine-Tuned Model,"2,6,1,3,4,5"
1037,Fine-Tuned Model,"4,6,3,1,2,5"
1038,Fine-Tuned Model,"2,6,1,5,3,4"
1039,Fine-Tuned Model,"2,5,6,1,4,3"
1040,Fine-Tuned Model,"2,4,6,1,5,3"
1041,Fine-Tuned Model,
1042,Fine-Tuned Model,"1,2,5,3,4,6"
1043,Fine-Tuned Model,"1,2,3,4,5,6"
1044,Fine-Tuned Model,
1045,Fine-Tuned Model,"3,6,2,5,4,1"
1046,Fine-Tuned Model,"1,3,2,5,6,4"
1047,Fine-Tuned Model,"1,3,2,6,4,5"
1048,Fine-Tuned Model,"1,2,3,4,5,6"
1049,Fine-Tuned Model,"3,2,5,1,4,6"
1050,Fine-Tuned Model,"4,2,6,3,1,5"
1051,Fine-Tuned Model,"1,1,1"
1052,Fine-Tuned Model,"6,1,6"
1053,Fine-Tuned Model,
1054,Fine-Tuned Model,
1055,Fine-Tuned Model,"3,6,1,4,5,2"
1056,Fine-Tuned Model,"3,6,2,5,4,1"
1057,Fine-Tuned Model,"3,5,2,6,4,1"
1058,Fine-Tuned Model,"1,5,1,6,3,2"
1059,Fine-Tuned Model,"3,5,1,2,4,6"
1060,Fine-Tuned Model,
1061,Fine-Tuned Model,
1062,Fine-Tuned Model,"1,5,6,2,3,1"
1063,Fine-Tuned Model,
1064,Fine-Tuned Model,"1,2,3,4,5,6"
1065,Fine-Tuned Model,"4,2,6,1,3,5"
1066,Fine-Tuned Model,"1,2,4,3,6,5"
1067,Fine-Tuned Model,"2,5,1,3,6,4"
1068,Fine-Tuned Model,"3,6,2,5,1,4"
1069,Fine-Tuned Model,"6,1,6"
1070,Fine-Tuned Model,
1071,Fine-Tuned Model,
1072,Fine-Tuned Model,"5,2,1,3,4,6"
1073,Fine-Tuned Model,
1074,Fine-Tuned Model,"1,1,2,2,3"
1075,Fine-Tuned Model,
1076,Fine-Tuned Model,"2,4,5,1,3,6"
1077,Fine-Tuned Model,"1,5,6,3,2,4"
1078,Fine-Tuned Model,"2,5,1,4,6,3"
1079,Fine-Tuned Model,
1080,Fine-Tuned Model,4
1081,Fine-Tuned Model,"3,2,6,5,4,1"
1082,Fine-Tuned Model,
1083,Fine-Tuned Model,"6,1"
1084,Fine-Tuned Model,"4,5,1,3,6,2"
1085,Fine-Tuned Model,
1086,Fine-Tuned Model,"1,6,2,5,3,4"
1087,Fine-Tuned Model,1
1088,Fine-Tuned Model,
1089,Fine-Tuned Model,"2,4,5,3,6,1"
1090,Fine-Tuned Model,"2,6,3,1,5,4"
1091,Fine-Tuned Model,"6,1,6"
1092,Fine-Tuned Model,"5,2,1,6,3,4"
1093,Fine-Tuned Model,"1,2,3,4,5,6"
1094,Fine-Tuned Model,"5,3,2,6,4,1"
1095,Fine-Tuned Model,2
1096,Fine-Tuned Model,"2,5,3,6,4,1"
1097,Fine-Tuned Model,"1,5,2,2,3,3"
1098,Fine-Tuned Model,"4,3,6,2,5,1"
1099,Fine-Tuned Model,
1100,Fine-Tuned Model,"1,3,2,5,3,2"
1101,Fine-Tuned Model,
1102,Fine-Tuned Model,"3,5,2,6,4,1"
1103,Fine-Tuned Model,"2,6,1,4,5,3"
1104,Fine-Tuned Model,"3,6,2,5,1,4"
1105,Fine-Tuned Model,
1106,Fine-Tuned Model,
1107,Fine-Tuned Model,"4,2,5,3,6,1"
1108,Fine-Tuned Model,"6,1,6,1,6,1"
1109,Fine-Tuned Model,
1110,Fine-Tuned Model,"3,6,2,5,4,1"
1111,Fine-Tuned Model,
1112,Fine-Tuned Model,"1,1,2,3,4,5"
1113,Fine-Tuned Model,
1114,Fine-Tuned Model,"4,2,5,1,3,6"
1115,Fine-Tuned Model,"5,3,1,6,2,4"
1116,Fine-Tuned Model,
1117,Fine-Tuned Model,"4,6,6"
1118,Fine-Tuned Model,"3,6,2,5,1,4"
1119,Fine-Tuned Model,
1120,Fine-Tuned Model,"3,5,2,6,1,4"
1121,Fine-Tuned Model,"5,2,3,1,6,4"
1122,Fine-Tuned Model,"1,4,2,5,3,6"
1123,Fine-Tuned Model,"6,6"
1124,Fine-Tuned Model,
1125,Fine-Tuned Model,
1126,Fine-Tuned Model,
1127,Fine-Tuned Model,"6,1,6"
1128,Fine-Tuned Model,"3,6,1,5,2,4"
1129,Fine-Tuned Model,"1,2,3,4,5,6"
1130,Fine-Tuned Model,"5,2,1,3,4,6"
1131,Fine-Tuned Model,"5,3,6,2,1,4"
1132,Fine-Tuned Model,
1133,Fine-Tuned Model,
1134,Fine-Tuned Model,"5,3,1,6,4,2"
1135,Fine-Tuned Model,"1,6,6,5,3,2"
1136,Fine-Tuned Model,"2,5,3,1,6,4"
1137,Fine-Tuned Model,"4,2,5,6,3,1"
1138,Fine-Tuned Model,
1139,Fine-Tuned Model,"6,1,6,3"
1140,Fine-Tuned Model,"3,2,5,1,6,4"
1141,Fine-Tuned Model,"3,2,4,5,1,6"
1142,Fine-Tuned Model,1
1143,Fine-Tuned Model,"1,3,5,2,4,6"
1144,Fine-Tuned Model,"1,4,2,3,6,5"
1145,Fine-Tuned Model,"4,2,6,1,5,3"
1146,Fine-Tuned Model,"4,2,6"
1147,Fine-Tuned Model,
1148,Fine-Tuned Model,"2,6,3,5,1,4"
1149,Fine-Tuned Model,
1150,Fine-Tuned Model,"1,2,3,4,5,6"
1151,Fine-Tuned Model,
1152,Fine-Tuned Model,"1,4,2,3,3,6"
1153,Fine-Tuned Model,"3,5,2,1,4,6"
1154,Fine-Tuned Model,"1,3,6,2,4,5"
1155,Fine-Tuned Model,"1,2,3,4,5,6"
1156,Fine-Tuned Model,"3,5,2,6,1,4"
1157,Fine-Tuned Model,"4,2,6,1,3,5"
1158,Fine-Tuned Model,"1,2,3,4,5,6"
1159,Fine-Tuned Model,"5,2,1,3,4,6"
1160,Fine-Tuned Model,"4,6,3,2,5,1"
1161,Fine-Tuned Model,1
1162,Fine-Tuned Model,
1163,Fine-Tuned Model,"3,1,6,2,5,4"
1164,Fine-Tuned Model,"1,6,6"
1165,Fine-Tuned Model,
1166,Fine-Tuned Model,
1167,Fine-Tuned Model,"4,2,6,5,3,1"
1168,Fine-Tuned Model,6
1169,Fine-Tuned Model,
1170,Fine-Tuned Model,"3,4,2,6"
1171,Fine-Tuned Model,"1,6,3,6,1,4"
1172,Fine-Tuned Model,"5,2,6,3,1,4"
1173,Fine-Tuned Model,"1,6,6,4,3,6"
1174,Fine-Tuned Model,
1175,Fine-Tuned Model,"2,6,4,3,5,1"
1176,Fine-Tuned Model,"1,3,2,6,5,4"
1177,Fine-Tuned Model,2
1178,Fine-Tuned Model,"6,1"
1179,Fine-Tuned Model,"4,2,6,1,5,3"
1180,Fine-Tuned Model,"2,5,3,6,1,4"
1181,Fine-Tuned Model,"5,2,1,4,3,6"
1182,Fine-Tuned Model,
1183,Fine-Tuned Model,"2,6,3,4,5,1"
1184,Fine-Tuned Model,"1,2,5,2,6,4"
1185,Fine-Tuned Model,"1,3,2,6,5,4"
1186,Fine-Tuned Model,"3,2,5,6,1,4"
1187,Fine-Tuned Model,"5,3,6,2,4,1"
1188,Fine-Tuned Model,"1,2,3,4,5,6"
1189,Fine-Tuned Model,"1,3,2,6,3,4"
1190,Fine-Tuned Model,"4,2,5,1,6,3"
1191,Fine-Tuned Model,
1192,Fine-Tuned Model,"4,2,6,3,5,1"
1193,Fine-Tuned Model,"4,2,5,6,3,1"
1194,Fine-Tuned Model,"1,6,1,6,1,6"
1195,Fine-Tuned Model,"1,5,2,6,3,4"
1196,Fine-Tuned Model,"3,2,6,4,5,1"
1197,Fine-Tuned Model,"4,3,5,6,2,1"
1198,Fine-Tuned Model,"6,6"
1199,Fine-Tuned Model,"1,3,2,6,5,4"
1200,Fine-Tuned Model,
1201,Fine-Tuned Model,"1,5,2,6,3,4"
1202,Fine-Tuned Model,"4,2,3,5,1,6"
1203,Fine-Tuned Model,
1204,Fine-Tuned Model,"2,5,3,1,6,4"
1205,Fine-Tuned Model,"3,6,2,5,1,4"
1206,Fine-Tuned Model,"1,2,3,5,6,3"
1207,Fine-Tuned Model,"3,2,5,1,6,4"
1208,Fine-Tuned Model,
1209,Fine-Tuned Model,"3,2,5,6,4,1"
1210,Fine-Tuned Model,
1211,Fine-Tuned Model,"4,6,2,5,3,1"
1212,Fine-Tuned Model,"4,2,5,3,6,1"
1213,Fine-Tuned Model,"4,3,6,2,5,1"
1214,Fine-Tuned Model,"3,5,2,6,1,4"
1215,Fine-Tuned Model,"1,4,2,6,5,3"
1216,Fine-Tuned Model,"1,2,5,2,3"
1217,Fine-Tuned Model,
1218,Fine-Tuned Model,"4,2,6,3,5,1"
1219,Fine-Tuned Model,"6,6"
1220,Fine-Tuned Model,"3,5,1,6,4"
1221,Fine-Tuned Model,
1222,Fine-Tuned Model,"3,6,2,5,1,4"
1223,Fine-Tuned Model,"3,6,2,5,4,1"
1224,Fine-Tuned Model,6
1225,Fine-Tuned Model,
1226,Fine-Tuned Model,"4,6,3,2,5,1"
1227,Fine-Tuned Model,"1,2,3,4,5,6"
1228,Fine-Tuned Model,"1,2,3,4,5,6"
1229,Fine-Tuned Model,
1230,Fine-Tuned Model,
1231,Fine-Tuned Model,"3,2,6,4,1,5"
1232,Fine-Tuned Model,"1,3,6,4,2,5"
1233,Fine-Tuned Model,"3,6,2,5,1,4"
1234,Fine-Tuned Model,"1,2,3,4,5,6"
1235,Fine-Tuned Model,
1236,Fine-Tuned Model,"5,2,4,6,3,1"
1237,Fine-Tuned Model,"4,2,5,3,1,6"
1238,Fine-Tuned Model,"2,5,3,6,1,4"
1239,Fine-Tuned Model,"2,5,4,1,6,3"
1240,Fine-Tuned Model,"2,5,1,4,3,6"
1241,Fine-Tuned Model,"6,3,2,5,1,4"
1242,Fine-Tuned Model,"3,6,2,5,1,4"
1243,Fine-Tuned Model,6
1244,Fine-Tuned Model,"5,2,6,1,4,3"
1245,Fine-Tuned Model,"3,5,1,3,6,2"
1246,Fine-Tuned Model,"3,4,6,2,6,1"
1247,Fine-Tuned Model,"1,5,2,6,3,1"
1248,Fine-Tuned Model,"1,4,2,6,5,3"
1249,Fine-Tuned Model,"4,2,6,5,3,1"
1250,Fine-Tuned Model,"4,2,6,3,5,1"
1251,Fine-Tuned Model,"4,3,5,2,6,1"
1252,Fine-Tuned Model,"5,3,6,1,2,4"
1253,Fine-Tuned Model,"1,2,3,4,5,6"
1254,Fine-Tuned Model,
1255,Fine-Tuned Model,"4,2,6,3,5"
1256,Fine-Tuned Model,
1257,Fine-Tuned Model,"5,1,4,6,2,3"
1258,Fine-Tuned Model,"1,4,3,2,6,5"
1259,Fine-Tuned Model,"4,3,6,2,5,1"
1260,Fine-Tuned Model,"5,1,4,3,2,6"
1261,Fine-Tuned Model,"3,2,6,5,3,1"
1262,Fine-Tuned Model,"5,3,2,6,4,1"
1263,Fine-Tuned Model,"2,4,6,5,3,1"
1264,Fine-Tuned Model,
1265,Fine-Tuned Model,"3,4,2,5,1,6"
1266,Fine-Tuned Model,
1267,Fine-Tuned Model,1
1268,Fine-Tuned Model,"1,6"
1269,Fine-Tuned Model,"3,6,4,2,1,5"
1270,Fine-Tuned Model,"3,4,1,5,6,2"
1271,Fine-Tuned Model,
1272,Fine-Tuned Model,
1273,Fine-Tuned Model,
1274,Fine-Tuned Model,"3,5,1,3"
1275,Fine-Tuned Model,"4,2,5,6,1,3"
1276,Fine-Tuned Model,"1,6"
1277,Fine-Tuned Model,"1,4,2,6,5,3"
1278,Fine-Tuned Model,"3,2,6,5,1,4"
1279,Fine-Tuned Model,"4,2,6,1,3,5"
1280,Fine-Tuned Model,"4,2,6,5,3,1"
1281,Fine-Tuned Model,"4,3,5,2,6,1"
1282,Fine-Tuned Model,"1,2,3"
1283,Fine-Tuned Model,
1284,Fine-Tuned Model,"5,2,3,4,1,6"
1285,Fine-Tuned Model,
1286,Fine-Tuned Model,"1,3,5,2,6,4"
1287,Fine-Tuned Model,"5,2,6,3,1,4"
1288,Fine-Tuned Model,"1,6,5,2,4,3"
1289,Fine-Tuned Model,"4,6,1,3,5,2"
1290,Fine-Tuned Model,"1,3,4,2,6,5"
1291,Fine-Tuned Model,"1,2,3,4,5,6"
1292,Fine-Tuned Model,"4,3,6,2,5,1"
1293,Fine-Tuned Model,"1,2,4,2,1,6"
1294,Fine-Tuned Model,"2,6,5,4,3,1"
1295,Fine-Tuned Model,
1296,Fine-Tuned Model,"5,2,6,4,3,1"
1297,Fine-Tuned Model,
1298,Fine-Tuned Model,
1299,Fine-Tuned Model,"4,2,6,3,1,5"
1300,Fine-Tuned Model,"1,2,3,4,5,6"
1301,Fine-Tuned Model,"6,1,6"
1302,Fine-Tuned Model,
1303,Fine-Tuned Model,"3,6,2,5,1,4"
1304,Fine-Tuned Model,"1,6,6"
1305,Fine-Tuned Model,
1306,Fine-Tuned Model,
1307,Fine-Tuned Model,"3,1,6,2,5,4"
1308,Fine-Tuned Model,"4,3,2,6,1,5"
1309,Fine-Tuned Model,
1310,Fine-Tuned Model,"1,2,3,4,5,6"
1311,Fine-Tuned Model,"1,2,3,4,5,6"
1312,Fine-Tuned Model,"2,5,4,1,3,6"
1313,Fine-Tuned Model,"3,2,6,4,1,5"
1314,Fine-Tuned Model,
1315,Fine-Tuned Model,"1,4,3,2,6,5"
1316,Fine-Tuned Model,
1317,Fine-Tuned Model,"3,5,6,2,1,4"
1318,Fine-Tuned Model,"4,3,2,5,1,6"
1319,Fine-Tuned Model,"5,3,2"
1320,Fine-Tuned Model,"4,3,6,2,5,1"
1321,Fine-Tuned Model,
1322,Fine-Tuned Model,"5,2,4,3,1,6"
1323,Fine-Tuned Model,"2,5,3,1,6,4"
1324,Fine-Tuned Model,
1325,Fine-Tuned Model,
1326,Fine-Tuned Model,
1327,Fine-Tuned Model,"3,5,2,6,4,1"
1328,Fine-Tuned Model,"4,2,6,5,1,3"
1329,Fine-Tuned Model,"6,1,1,3,2,6"
1330,Fine-Tuned Model,
1331,Fine-Tuned Model,"4,3,6,2,5,1"
1332,Fine-Tuned Model,"4,3,6,2,5"
1333,Fine-Tuned Model,
1334,Fine-Tuned Model,"5,3,6,1,2,4"
1335,Fine-Tuned Model,"6,6,1,1,6"
1336,Fine-Tuned Model,
1337,Fine-Tuned Model,"5,3,2,6,4,1"
1338,Fine-Tuned Model,"2,5,3,6,2,4"
1339,Fine-Tuned Model,
1340,Fine-Tuned Model,"4,2,6,5,3,1"
1341,Fine-Tuned Model,"4,2,6,3,1,5"
1342,Fine-Tuned Model,"3,5,2,6,1,4"
1343,Fine-Tuned Model,"4,2,5,1,6,3"
1344,Fine-Tuned Model,"1,1,2,2,3,3"
1345,Fine-Tuned Model,"1,4,2,6,5,3"
1346,Fine-Tuned Model,"3,1,6,2,5,4"
1347,Fine-Tuned Model,"2,3,4,5,6"
1348,Fine-Tuned Model,
1349,Fine-Tuned Model,"6,2,3,1,5,4"
1350,Fine-Tuned Model,"3,1,5,3,2,6"
1351,Fine-Tuned Model,"3,6,1,5,2,4"
1352,Fine-Tuned Model,"5,1,6,3,2,4"
1353,Fine-Tuned Model,"4,2,5,6,1,3"
1354,Fine-Tuned Model,"4,2,6,3,5,1"
1355,Fine-Tuned Model,"2,4,6,5,3,2"
1356,Fine-Tuned Model,"3,5,1,2,6,4"
1357,Fine-Tuned Model,
1358,Fine-Tuned Model,
1359,Fine-Tuned Model,"2,5,4,3,6,1"
1360,Fine-Tuned Model,"1,4,2,3,6,5"
1361,Fine-Tuned Model,"2,6,1,4,6,3"
1362,Fine-Tuned Model,
1363,Fine-Tuned Model,"3,6,2,5,4,1"
1364,Fine-Tuned Model,"5,2,6,4,3,1"
1365,Fine-Tuned Model,"1,3,2,4,5,1"
1366,Fine-Tuned Model,
1367,Fine-Tuned Model,"2,5,1,3,6,4"
1368,Fine-Tuned Model,"5,3,2,6,1,4"
1369,Fine-Tuned Model,
1370,Fine-Tuned Model,"3,2,5,1,6,4"
1371,Fine-Tuned Model,"3,1,2,5,4,6"
1372,Fine-Tuned Model,
1373,Fine-Tuned Model,"3,6,2,4,1,5"
1374,Fine-Tuned Model,"3,2,3"
1375,Fine-Tuned Model,
1376,Fine-Tuned Model,"3,2,5,1,6,4"
1377,Fine-Tuned Model,"1,6,1,6"
1378,Fine-Tuned Model,"4,2,6,3,5,1"
1379,Fine-Tuned Model,"4,2,6,3,5,1"
1380,Fine-Tuned Model,"1,2,2,5,3,1"
1381,Fine-Tuned Model,"1,2,3,5,6,3"
1382,Fine-Tuned Model,"3,6,2,5,1,4"
1383,Fine-Tuned Model,
1384,Fine-Tuned Model,"3,6,4,1,5,2"
1385,Fine-Tuned Model,"4,2,6,3,5,1"
1386,Fine-Tuned Model,"4,2,6,5,1,3"
1387,Fine-Tuned Model,
1388,Fine-Tuned Model,"3,2,6,5,4,1"
1389,Fine-Tuned Model,"4,2,6"
1390,Fine-Tuned Model,"2,6,4,3,5,1"
1391,Fine-Tuned Model,"1,2,6,3,5,4"
1392,Fine-Tuned Model,"1,1"
1393,Fine-Tuned Model,"1,2,4"
1394,Fine-Tuned Model,"5,3,6,2,4,5"
1395,Fine-Tuned Model,"5,2,6,3,1,4"
1396,Fine-Tuned Model,"1,4,2,6,5,3"
1397,Fine-Tuned Model,"1,5,2,6,4,3"
1398,Fine-Tuned Model,"1,6,6"
1399,Fine-Tuned Model,"4,2,6,3,5,1"
1400,Fine-Tuned Model,"4,3,2,6,1,5"
1401,Fine-Tuned Model,
1402,Fine-Tuned Model,"4,2,6,5,3,1"
1403,Fine-Tuned Model,"3,5,1,4,2,6"
1404,Fine-Tuned Model,"5,2,6,3,4,1"
1405,Fine-Tuned Model,"3,6,2,5,4,1"
1406,Fine-Tuned Model,
1407,Fine-Tuned Model,"2,6,5,4,1,3"
1408,Fine-Tuned Model,"3,6,1,5,3,2"
1409,Fine-Tuned Model,"4,2,6,3,5,1"
1410,Fine-Tuned Model,"2,6,3,5,1,4"
1411,Fine-Tuned Model,"5,3,2,6,1,4"
1412,Fine-Tuned Model,"4,2,6,5,1,3"
1413,Fine-Tuned Model,"2,4,6,1,5,3"
1414,Fine-Tuned Model,"3,2,6,5,1,4"
1415,Fine-Tuned Model,"3,6,2,4,5,1"
1416,Fine-Tuned Model,
1417,Fine-Tuned Model,"2,4,3,6,5,2"
1418,Fine-Tuned Model,
1419,Fine-Tuned Model,"2,4,3,6,5,1"
1420,Fine-Tuned Model,
1421,Fine-Tuned Model,"3,6,2,5,4,1"
1422,Fine-Tuned Model,"2,4,5,3,1,6"
1423,Fine-Tuned Model,"4,6,3,1,5,2"
1424,Fine-Tuned Model,"2,5,4,3,6,1"
1425,Fine-Tuned Model,"3,6,2,5,4,1"
1426,Fine-Tuned Model,
1427,Fine-Tuned Model,"3,5,2,4,6,1"
1428,Fine-Tuned Model,
1429,Fine-Tuned Model,
1430,Fine-Tuned Model,
1431,Fine-Tuned Model,"2,4,6,3,5,1"
1432,Fine-Tuned Model,
1433,Fine-Tuned Model,"3,1,6,2,4,5"
1434,Fine-Tuned Model,"3,6,2,4,5,1"
1435,Fine-Tuned Model,"4,2,6,3,5,1"
1436,Fine-Tuned Model,"1,4,2,2,3,5"
1437,Fine-Tuned Model,
1438,Fine-Tuned Model,"1,6,1,6"
1439,Fine-Tuned Model,
1440,Fine-Tuned Model,"5,2,6,1,4,3"
1441,Fine-Tuned Model,"5,2,6,1,3,4"
1442,Fine-Tuned Model,"1,3,2,6,5,1"
1443,Fine-Tuned Model,
1444,Fine-Tuned Model,"1,2,3,4,5,6"
1445,Fine-Tuned Model,
1446,Fine-Tuned Model,"3,6,2,5,1,4"
1447,Fine-Tuned Model,"4,2,5,1,3,6"
1448,Fine-Tuned Model,
1449,Fine-Tuned Model,"4,2,5,6,3,1"
1450,Fine-Tuned Model,"2,6,5,4,3,1"
1451,Fine-Tuned Model,"4,1,6,3,5,2"
1452,Fine-Tuned Model,"2,4,6,3,5,1"
1453,Fine-Tuned Model,"1,5,3,6,2,4"
1454,Fine-Tuned Model,"2,6,1,3,5,4"
1455,Fine-Tuned Model,"4,3,6,2,5,1"
1456,Fine-Tuned Model,"3,6,1,5,2,4"
1457,Fine-Tuned Model,
1458,Fine-Tuned Model,"2,6,1,3,5,4"
1459,Fine-Tuned Model,
1460,Fine-Tuned Model,6
1461,Fine-Tuned Model,"2,4,6,3,2,5"
1462,Fine-Tuned Model,"6,2,5"
1463,Fine-Tuned Model,"5,2"
1464,Fine-Tuned Model,"3,6,2,5,4,1"
1465,Fine-Tuned Model,"6,5,2,4,3,1"
1466,Fine-Tuned Model,
1467,Fine-Tuned Model,"2,4,5,6,1,3"
1468,Fine-Tuned Model,"5,3,2,6,4,1"
1469,Fine-Tuned Model,"6,1,6"
1470,Fine-Tuned Model,"1,3,5,4,2,6"
1471,Fine-Tuned Model,"1,1,2,3,4,5"
1472,Fine-Tuned Model,"6,1,6,1"
1473,Fine-Tuned Model,"2,4,5,3,6,1"
1474,Fine-Tuned Model,"2,5,3,1,4,6"
1475,Fine-Tuned Model,"3,5,4,6,1,2"
1476,Fine-Tuned Model,"3,4,5,2,6,1"
1477,Fine-Tuned Model,"2,6,3,5,1,4"
1478,Fine-Tuned Model,"1,2,3,4,5,6"
1479,Fine-Tuned Model,"4,2,5,3,6,1"
1480,Fine-Tuned Model,"5,2,6,3,1,4"
1481,Fine-Tuned Model,"4,6,2,5,3,1"
1482,Fine-Tuned Model,"1,6,6"
1483,Fine-Tuned Model,"2,2,1"
1484,Fine-Tuned Model,"3,1,6,4,5,2"
1485,Fine-Tuned Model,"1,2,3,4,5,6"
1486,Fine-Tuned Model,"6,3,2,1,5,4"
1487,Fine-Tuned Model,"2,5,1,6,4,3"
1488,Fine-Tuned Model,"2,4,3,1,6,5"
1489,Fine-Tuned Model,
1490,Fine-Tuned Model,"3,4,5,1,2,6"
1491,Fine-Tuned Model,
1492,Fine-Tuned Model,
1493,Fine-Tuned Model,
1494,Fine-Tuned Model,"4,2,6,3,1,5"
1495,Fine-Tuned Model,"3,5,4,6,2,1"
1496,Fine-Tuned Model,"3,4,2,6,1,5"
1497,Fine-Tuned Model,"2,3,6,1,5,4"
1498,Fine-Tuned Model,"4,3,2,5,1,6"
1499,Fine-Tuned Model,"5,2,6,3,4,1"
1500,Fine-Tuned Model,"4,6,2,3,5,1"
1501,Fine-Tuned Model,"3,6,2,5,4,1"
1502,Fine-Tuned Model,1
1503,Fine-Tuned Model,"2,5,6,1,3,4"
1504,Fine-Tuned Model,
1505,Fine-Tuned Model,"3,6,2,4,5,1"
1506,Fine-Tuned Model,"4,2,5,1,6,3"
1507,Fine-Tuned Model,"4,2,6,5,1,3"
1508,Fine-Tuned Model,"4,3,2,6,1,5"
1509,Fine-Tuned Model,
1510,Fine-Tuned Model,
1511,Fine-Tuned Model,
1512,Fine-Tuned Model,"4,2,1,5,6,3"
1513,Fine-Tuned Model,"4,2,5,6,3,1"
1514,Fine-Tuned Model,"4,2,3,6,1,5"
1515,Fine-Tuned Model,
1516,Fine-Tuned Model,"4,3,6,1,2,5"
1517,Fine-Tuned Model,"3,1,6,2,4,5"
1518,Fine-Tuned Model,"3,6,2,5,1,4"
1519,Fine-Tuned Model,"1,2,3,4,5,6"
1520,Fine-Tuned Model,"1,1,2,2,3"
1521,Fine-Tuned Model,"1,3,2,5,6,4"
1522,Fine-Tuned Model,
1523,Fine-Tuned Model,"4,6,2,3,1,5"
1524,Fine-Tuned Model,"1,6,1,6,4,2"
1525,Fine-Tuned Model,"5,5,6,1,6"
1526,Fine-Tuned Model,"3,6,2,4,1,5"
1527,Fine-Tuned Model,"3,2,4,6,5,1"
1528,Fine-Tuned Model,"4,2,3,6,5,1"
1529,Fine-Tuned Model,"4,2,6,3,5,1"
1530,Fine-Tuned Model,"3,6,2,1,5,4"
1531,Fine-Tuned Model,"1,3,4,5,2,6"
1532,Fine-Tuned Model,"1,2,3,4,5,6"
1533,Fine-Tuned Model,"4,6,2,3,5,1"
1534,Fine-Tuned Model,
1535,Fine-Tuned Model,"4,2,5,3,6,1"
1536,Fine-Tuned Model,"3,2,6,5,1,4"
1537,Fine-Tuned Model,"3,6,2,5,1,4"
1538,Fine-Tuned Model,"4,1,6,5,3,2"
1539,Fine-Tuned Model,"2,5,1,4,3,6"
1540,Fine-Tuned Model,"2,3,5,1,4,6"
1541,Fine-Tuned Model,"6,1"
1542,Fine-Tuned Model,"4,2,6,3,5,1"
1543,Fine-Tuned Model,"2,5,3,6,4,1"
1544,Fine-Tuned Model,"3,6,2,5,1,4"
1545,Fine-Tuned Model,"5,2,6,3,4,1"
1546,Fine-Tuned Model,"6,1,6,1"
1547,Fine-Tuned Model,
1548,Fine-Tuned Model,"4,3,5,2,6,1"
1549,Fine-Tuned Model,"3,5,1,6,4,2"
1550,Fine-Tuned Model,"4,2,6,3,5,1"
1551,Fine-Tuned Model,
1552,Fine-Tuned Model,"4,2,6,1,5,3"
1553,Fine-Tuned Model,
1554,Fine-Tuned Model,"4,2,5,3,6,1"
1555,Fine-Tuned Model,"3,5,2,6,1,4"
1556,Fine-Tuned Model,"1,4,3,6,2,5"
1557,Fine-Tuned Model,"4,2,6,5,3,1"
1558,Fine-Tuned Model,"4,2,3,6,1,5"
1559,Fine-Tuned Model,"1,6"
1560,Fine-Tuned Model,"4,2,3,1,5,6"
1561,Fine-Tuned Model,"1,2,3,4,5,6"
1562,Fine-Tuned Model,"1,6"
1563,Fine-Tuned Model,"4,2,6,3,5,1"
1564,Fine-Tuned Model,"1,2,3,4,5,6"
1565,Fine-Tuned Model,"3,1,6,2,5,4"
1566,Fine-Tuned Model,"4,2,6,1,3,5"
1567,Fine-Tuned Model,"5,1,6,2,4"
1568,Fine-Tuned Model,"1,3,2,6,5,4"
1569,Fine-Tuned Model,"4,2,6,3,5,1"
1570,Fine-Tuned Model,"4,2,6,3,5,1"
1571,Fine-Tuned Model,"5,3,2,6,4,1"
1572,Fine-Tuned Model,"4,3,6,2,5,1"
1573,Fine-Tuned Model,"4,2,5,6,1,3"
1574,Fine-Tuned Model,
1575,Fine-Tuned Model,"4,2,6,1,5,3"
1576,Fine-Tuned Model,"2,5,4,1,6,3"
1577,Fine-Tuned Model,"4,2,6,5,1,3"
1578,Fine-Tuned Model,"4,2,6,5,1,3"
1579,Fine-Tuned Model,
1580,Fine-Tuned Model,"2,5,3,6,2,1"
1581,Fine-Tuned Model,"4,2,3,6,5,1"
1582,Fine-Tuned Model,2
1583,Fine-Tuned Model,
1584,Fine-Tuned Model,"3,5,2,4,6,3"
1585,Fine-Tuned Model,"4,2,6,5,3,1"
1586,Fine-Tuned Model,"4,2,6,5,3,1"
1587,Fine-Tuned Model,"1,4,3,2,6"
1588,Fine-Tuned Model,1
1589,Fine-Tuned Model,
1590,Fine-Tuned Model,"1,5,3,2,4,6"
1591,Fine-Tuned Model,"3,1,2,6,4,5"
1592,Fine-Tuned Model,
1593,Fine-Tuned Model,"1,6,1,6"
1594,Fine-Tuned Model,"6,1,1,2"
1595,Fine-Tuned Model,"4,2,6,1,5,3"
1596,Fine-Tuned Model,"4,2,6,1,3,5"
1597,Fine-Tuned Model,
1598,Fine-Tuned Model,"3,6,2,5,1"
1599,Fine-Tuned Model,"3,1,6,4,5,2"
1600,Fine-Tuned Model,
1601,Fine-Tuned Model,"4,3,6,2,5,1"
1602,Fine-Tuned Model,"3,1,5,4,2,6"
1603,Fine-Tuned Model,
1604,Fine-Tuned Model,"1,5,2,6,3,4"
1605,Fine-Tuned Model,"5,2,6,3,1,4"
1606,Fine-Tuned Model,6
1607,Fine-Tuned Model,
1608,Fine-Tuned Model,"2,5,1,4,3,6"
1609,Fine-Tuned Model,"2,5,3,4,6,1"
1610,Fine-Tuned Model,6
1611,Fine-Tuned Model,"5,3,6,2,4,1"
1612,Fine-Tuned Model,"2,5,3,1,6,4"
1613,Fine-Tuned Model,"5,2,6,4,1,3"
1614,Fine-Tuned Model,"3,6,2,5,4,1"
1615,Fine-Tuned Model,"3,4,5,6,2"
1616,Fine-Tuned Model,"1,2,5,2,4,3"
1617,Fine-Tuned Model,"3,6,2,5,1,4"
1618,Fine-Tuned Model,"1,2,6,4,2,6"
1619,Fine-Tuned Model,"1,2,4,5,3,6"
1620,Fine-Tuned Model,"3,2,6,5,4,1"
1621,Fine-Tuned Model,"3,4,1,2,5,6"
1622,Fine-Tuned Model,
1623,Fine-Tuned Model,"3,2,5,6,1,4"
1624,Fine-Tuned Model,
1625,Fine-Tuned Model,"2,5,4,6,1"
1626,Fine-Tuned Model,"3,6,2,4,1,5"
1627,Fine-Tuned Model,"6,1,6,1"
1628,Fine-Tuned Model,"3,2,6,5,1,4"
1629,Fine-Tuned Model,"3,6,2,5,4,1"
1630,Fine-Tuned Model,
1631,Fine-Tuned Model,"2,4,6,3,5,1"
1632,Fine-Tuned Model,"4,6,2,3,5,1"
1633,Fine-Tuned Model,"2,5,1,3,6,2"
1634,Fine-Tuned Model,"3,5,2,6,4,1"
1635,Fine-Tuned Model,"2,4,3,6,5,1"
1636,Fine-Tuned Model,"4,2,6,3,5,1"
1637,Fine-Tuned Model,"5,2,4,3,6,1"
1638,Fine-Tuned Model,"2,5,6,1,4,3"
1639,Fine-Tuned Model,"4,3,2,6,1,5"
1640,Fine-Tuned Model,"1,6"
1641,Fine-Tuned Model,"3,1,6,5,2,4"
1642,Fine-Tuned Model,"2,4,6,3,5,1"
1643,Fine-Tuned Model,"4,3,6,1,5,2"
1644,Fine-Tuned Model,"4,2,6,1,5,3"
1645,Fine-Tuned Model,
1646,Fine-Tuned Model,"3,1,4,5,2,6"
1647,Fine-Tuned Model,"1,2,4,3,5,6"
1648,Fine-Tuned Model,"4,3,1,6,5,2"
1649,Fine-Tuned Model,
1650,Fine-Tuned Model,"5,3,4,6,2,1"
1651,Fine-Tuned Model,"4,3,5,2,1,6"
1652,Fine-Tuned Model,
1653,Fine-Tuned Model,"1,2,5,3,4,6"
1654,Fine-Tuned Model,
1655,Fine-Tuned Model,"4,2,6,5,1,3"
1656,Fine-Tuned Model,"1,4,2,5,3,6"
1657,Fine-Tuned Model,
1658,Fine-Tuned Model,6
1659,Fine-Tuned Model,
1660,Fine-Tuned Model,"3,4,2,5,1,6"
1661,Fine-Tuned Model,"3,4,2,6,5,1"
1662,Fine-Tuned Model,"6,1,6"
1663,Fine-Tuned Model,"4,2,6,3,5,1"
1664,Fine-Tuned Model,"1,4,5,2,3,6"
1665,Fine-Tuned Model,"1,6,6"
1666,Fine-Tuned Model,"3,6,2,1,4,5"
1667,Fine-Tuned Model,"1,2,4,6,3,5"
1668,Fine-Tuned Model,"1,2,3,4,5"
1669,Fine-Tuned Model,"1,1,4,2,2,2"
1670,Fine-Tuned Model,"1,2"
1671,Fine-Tuned Model,"2,6,3,5,1,4"
1672,Fine-Tuned Model,
1673,Fine-Tuned Model,"5,3,2,6,1,4"
1674,Fine-Tuned Model,"3,6,2,4,5,1"
1675,Fine-Tuned Model,"5,3,1,2,6,4"
1676,Fine-Tuned Model,"5,2,6,3,1"
1677,Fine-Tuned Model,
1678,Fine-Tuned Model,"1,2,3,4,5,6"
1679,Fine-Tuned Model,
1680,Fine-Tuned Model,"3,6,4,5"
1681,Fine-Tuned Model,"4,2,6,5,1,3"
1682,Fine-Tuned Model,"2,6,4,3,5,1"
1683,Fine-Tuned Model,"4,2,6,1,3,5"
1684,Fine-Tuned Model,"4,1,6,3,2,5"
1685,Fine-Tuned Model,"3,5,6,2,1,4"
1686,Fine-Tuned Model,
1687,Fine-Tuned Model,"2,4,3,6,5,1"
1688,Fine-Tuned Model,
1689,Fine-Tuned Model,"4,2,6,5,1,3"
1690,Fine-Tuned Model,"2,5,1,3,6,4"
1691,Fine-Tuned Model,"2,3,6,4,1,5"
1692,Fine-Tuned Model,"1,3,2,6,2,5"
1693,Fine-Tuned Model,"3,1,2,6,4,5"
1694,Fine-Tuned Model,
1695,Fine-Tuned Model,"4,6,3,2,5,1"
1696,Fine-Tuned Model,
1697,Fine-Tuned Model,
1698,Fine-Tuned Model,"1,1,5,2,3,4"
1699,Fine-Tuned Model,"1,6,1,6,1,6"
1700,Fine-Tuned Model,"3,1,6,2,5,4"
1701,Fine-Tuned Model,"5,3,2,6,4,1"
1702,Fine-Tuned Model,"3,6,2,1,5,4"
1703,Fine-Tuned Model,"3,5,2,6,4,1"
1704,Fine-Tuned Model,"3,4,3,2,6,1"
1705,Fine-Tuned Model,"3,5,4,1,6,2"
1706,Fine-Tuned Model,"5,4,1,2,6,3"
1707,Fine-Tuned Model,
1708,Fine-Tuned Model,"1,2,3,4,5,6"
1709,Fine-Tuned Model,"4,3,6,1,2,5"
1710,Fine-Tuned Model,
1711,Fine-Tuned Model,"1,2,3,4,5,6"
1712,Fine-Tuned Model,"6,1,2,3,4,5"
1713,Fine-Tuned Model,"1,6,6,6"
1714,Fine-Tuned Model,"4,2,5,1,6,3"
1715,Fine-Tuned Model,"1,3,5,4,2,6"
1716,Fine-Tuned Model,"3,6,2,4,5,1"
1717,Fine-Tuned Model,"4,2,6,5,1,3"
1718,Fine-Tuned Model,"5,2,6,4,1,3"
1719,Fine-Tuned Model,
1720,Fine-Tuned Model,
1721,Fine-Tuned Model,
1722,Fine-Tuned Model,"6,1,6"
1723,Fine-Tuned Model,"4,2,5,3,6,1"
1724,Fine-Tuned Model,"4,2,6,1,3,5"
1725,Fine-Tuned Model,"6,1,6"
1726,Fine-Tuned Model,"3,2,1,5,1,1"
1727,Fine-Tuned Model,"5,2,6,1,4,3"
1728,Fine-Tuned Model,
1729,Fine-Tuned Model,"2,4,5,1,3,6"
1730,Fine-Tuned Model,"2,5,3,6,4,1"
1731,Fine-Tuned Model,"4,6,5,3,2,5"
1732,Fine-Tuned Model,"4,3,6,2,5,1"
1733,Fine-Tuned Model,"4,6,2,5,3,1"
1734,Fine-Tuned Model,
1735,Fine-Tuned Model,"2,4,5,1,3,6"
1736,Fine-Tuned Model,"4,2,6,3,1,5"
1737,Fine-Tuned Model,
1738,Fine-Tuned Model,"5,4,2,3,6,1"
1739,Fine-Tuned Model,"3,4,2,6,5,1"
1740,Fine-Tuned Model,"4,5,2,3,3,2"
1741,Fine-Tuned Model,"2,5,4,6,3,2"
1742,Fine-Tuned Model,"1,4,3,6,2,5"
1743,Fine-Tuned Model,
1744,Fine-Tuned Model,"4,2,3,6,1,5"
1745,Fine-Tuned Model,
1746,Fine-Tuned Model,
1747,Fine-Tuned Model,"2,5,1,3,6,4"
1748,Fine-Tuned Model,"1,2,3,4,5,6"
1749,Fine-Tuned Model,"5,2,6,3,1,4"
1750,Fine-Tuned Model,
1751,Fine-Tuned Model,"1,2,3,5,1,6"
1752,Fine-Tuned Model,"2,6,3,1,5,4"
1753,Fine-Tuned Model,"2,4,5,3,6,1"
1754,Fine-Tuned Model,"4,2,6,3,5,1"
1755,Fine-Tuned Model,
1756,Fine-Tuned Model,"3,1,6,4,2,5"
1757,Fine-Tuned Model,"1,3,2,6,5,4"
1758,Fine-Tuned Model,"3,5,2,6,1,4"
1759,Fine-Tuned Model,"1,2,6,5,3,6"
1760,Fine-Tuned Model,"1,3,4,2,6,5"
1761,Fine-Tuned Model,"6,1,6,1"
1762,Fine-Tuned Model,"4,3,6,1,2,5"
1763,Fine-Tuned Model,"3,2,6,5,4,1"
1764,Fine-Tuned Model,"2,6,1,5,3,4"
1765,Fine-Tuned Model,"3,6,2,5,1,4"
1766,Fine-Tuned Model,"4,3,1,6,2,5"
1767,Fine-Tuned Model,
1768,Fine-Tuned Model,"5,3,1,4,6,2"
1769,Fine-Tuned Model,"2,5,6,3,1,4"
1770,Fine-Tuned Model,"2,4,5"
1771,Fine-Tuned Model,"2,5,4,3,1,6"
1772,Fine-Tuned Model,"4,2,6,1,3,5"
1773,Fine-Tuned Model,
1774,Fine-Tuned Model,"1,6"
1775,Fine-Tuned Model,"1,3,2,4,3,5"
1776,Fine-Tuned Model,"2,5,4,6,1,3"
1777,Fine-Tuned Model,"6,1,6,2,4,3"
1778,Fine-Tuned Model,"3,6,4,2,5,1"
1779,Fine-Tuned Model,"3,2,5,4,6,1"
1780,Fine-Tuned Model,"1,5,2,6,4,3"
1781,Fine-Tuned Model,
1782,Fine-Tuned Model,"6,1,6"
1783,Fine-Tuned Model,"3,5,2,6,4,1"
1784,Fine-Tuned Model,"3,6,2,5,4,1"
1785,Fine-Tuned Model,"4,6,2,1,5,3"
1786,Fine-Tuned Model,"3,1,6,4,2,5"
1787,Fine-Tuned Model,"3,5,1,4,6,2"
1788,Fine-Tuned Model,"4,2,6,3,1,5"
1789,Fine-Tuned Model,"3,5,1,6,4,2"
1790,Fine-Tuned Model,"2,5,6,3,4,1"
1791,Fine-Tuned Model,"3,2,5,6,1,4"
1792,Fine-Tuned Model,"4,2,5,6,3,1"
1793,Fine-Tuned Model,"1,2,4,3,6,5"
1794,Fine-Tuned Model,"1,4,2,6,3,5"
1795,Fine-Tuned Model,"4,2,5,6,3,1"
1796,Fine-Tuned Model,
1797,Fine-Tuned Model,"1,2,3,4,5,6"
1798,Fine-Tuned Model,"1,6,1,2,6,1"
1799,Fine-Tuned Model,"3,1,6,4,2,5"
1800,Fine-Tuned Model,
1801,Fine-Tuned Model,"3,6,1,4,3,5"
1802,Fine-Tuned Model,"4,2,6,1,3,5"
1803,Fine-Tuned Model,"4,3,6,2,1,5"
1804,Fine-Tuned Model,"4,2,6,3,5,1"
1805,Fine-Tuned Model,"3,6,2,5,4,1"
1806,Fine-Tuned Model,"2,6,3,4,1,5"
1807,Fine-Tuned Model,
1808,Fine-Tuned Model,"1,2,3,1"
1809,Fine-Tuned Model,
1810,Fine-Tuned Model,
1811,Fine-Tuned Model,
1812,Fine-Tuned Model,"2,4,5,3,6,1"
1813,Fine-Tuned Model,
1814,Fine-Tuned Model,"1,6,1,6,6,1"
1815,Fine-Tuned Model,"4,2,5,1,6,3"
1816,Fine-Tuned Model,
1817,Fine-Tuned Model,"4,2,6,1,3,5"
1818,Fine-Tuned Model,"1,6"
1819,Fine-Tuned Model,"2,3,1,5,2,4"
1820,Fine-Tuned Model,"2,6,4,3,1,5"
1821,Fine-Tuned Model,"3,6,4,2,1,5"
1822,Fine-Tuned Model,"1,4,2,6,5,3"
1823,Fine-Tuned Model,"5,3,6,2,4,1"
1824,Fine-Tuned Model,"2,3,1,6,4,5"
1825,Fine-Tuned Model,"1,2,3,4,5,6"
1826,Fine-Tuned Model,"2,5,1,6,4,3"
1827,Fine-Tuned Model,
1828,Fine-Tuned Model,
1829,Fine-Tuned Model,"4,6,2,5,1,3"
1830,Fine-Tuned Model,"1,5,2,6,3,4"
1831,Fine-Tuned Model,"3,2,5,1,4,3"
1832,Fine-Tuned Model,"3,2,5,6,1,4"
1833,Fine-Tuned Model,1
1834,Fine-Tuned Model,"4,2,6,3,5,1"
1835,Fine-Tuned Model,"1,6,1,6,1,6"
1836,Fine-Tuned Model,
1837,Fine-Tuned Model,"4,2,6,3,5,1"
1838,Fine-Tuned Model,"1,4,5,3,2,1"
1839,Fine-Tuned Model,"3,1,6,4,2,5"
1840,Fine-Tuned Model,
1841,Fine-Tuned Model,"5,3,2,1,6,4"
1842,Fine-Tuned Model,"1,2,4,6,1,3"
1843,Fine-Tuned Model,"5,2,6,3,4,1"
1844,Fine-Tuned Model,"3,6,2,4,1,5"
1845,Fine-Tuned Model,"4,2,6,1,5,3"
1846,Fine-Tuned Model,"5,3,2,4,6,1"
1847,Fine-Tuned Model,"3,1,6,2,5,4"
1848,Fine-Tuned Model,
1849,Fine-Tuned Model,
1850,Fine-Tuned Model,"6,1,6"
1851,Fine-Tuned Model,"3,6,2,5,1,4"
1852,Fine-Tuned Model,"3,1,6,4,5,2"
1853,Fine-Tuned Model,"4,2,6,1,5,3"
1854,Fine-Tuned Model,
1855,Fine-Tuned Model,
1856,Fine-Tuned Model,"5,3,1,2,6,4"
1857,Fine-Tuned Model,"1,2,4,6,3,5"
1858,Fine-Tuned Model,"4,6,3,5,2,1"
1859,Fine-Tuned Model,
1860,Fine-Tuned Model,"1,2,3,4,5,6"
1861,Fine-Tuned Model,"2,5,1,6,3,4"
1862,Fine-Tuned Model,"2,5,3,6,1,4"
1863,Fine-Tuned Model,"3,1,6,2,4,5"
1864,Fine-Tuned Model,
1865,Fine-Tuned Model,"3,6,2,4,5,1"
1866,Fine-Tuned Model,
1867,Fine-Tuned Model,"1,6,6,6,5,1"
1868,Fine-Tuned Model,"4,6,1,3,5,2"
1869,Fine-Tuned Model,
1870,Fine-Tuned Model,"1,6"
1871,Fine-Tuned Model,"4,2,6,1,3,5"
1872,Fine-Tuned Model,"1,2,4,3,5,6"
1873,Fine-Tuned Model,"4,2,6,1,3,5"
1874,Fine-Tuned Model,"5,3,1,6,2,4"
1875,Fine-Tuned Model,"3,2,6,5,4,1"
1876,Fine-Tuned Model,"4,2,6,5,3,1"
1877,Fine-Tuned Model,"4,2,3,6,5,1"
1878,Fine-Tuned Model,"4,3,6,2,1,5"
1879,Fine-Tuned Model,
1880,Fine-Tuned Model,"4,2,6,5,1,3"
1881,Fine-Tuned Model,"1,5,3,6"
1882,Fine-Tuned Model,"2,5,3,4,1,6"
1883,Fine-Tuned Model,"2,5,3,6,1,4"
1884,Fine-Tuned Model,"2,6,1,3,5,4"
1885,Fine-Tuned Model,"3,2,5,6,4,1"
1886,Fine-Tuned Model,5
1887,Fine-Tuned Model,"4,1,3,6,5,2"
1888,Fine-Tuned Model,"1,6,1,6,1,6"
1889,Fine-Tuned Model,
1890,Fine-Tuned Model,"4,3,6,2,5,1"
1891,Fine-Tuned Model,"5,3,2,6,1,4"
1892,Fine-Tuned Model,"2,5,3,6,1,4"
1893,Fine-Tuned Model,"6,3,5,1"
1894,Fine-Tuned Model,"3,4,2,6,5,1"
1895,Fine-Tuned Model,"3,1,6,4,2,5"
1896,Fine-Tuned Model,"1,5,2,6,4,3"
1897,Fine-Tuned Model,"3,5,1,6,2,4"
1898,Fine-Tuned Model,"5,2,3,6,1,4"
1899,Fine-Tuned Model,"4,2,3,5,1,6"
1900,Fine-Tuned Model,
1901,Fine-Tuned Model,"1,6,3,2,4,3"
1902,Fine-Tuned Model,"3,6,5,2,4,1"
1903,Fine-Tuned Model,"3,6,1,5,2,4"
1904,Fine-Tuned Model,"2,3,1,6,4,5"
1905,Fine-Tuned Model,"2,4,6,1,5,3"
1906,Fine-Tuned Model,"1,6,6"
1907,Fine-Tuned Model,
1908,Fine-Tuned Model,"1,4,2,5,3,6"
1909,Fine-Tuned Model,"6,2"
1910,Fine-Tuned Model,
1911,Fine-Tuned Model,
1912,Fine-Tuned Model,"2,4,6,3,5,1"
1913,Fine-Tuned Model,"3,4,5,2,6,1"
1914,Fine-Tuned Model,
1915,Fine-Tuned Model,"2,5,1,6,3,4"
1916,Fine-Tuned Model,"1,4,6,3,2,5"
1917,Fine-Tuned Model,"4,2,5,6,3,1"
1918,Fine-Tuned Model,"6,1,6,6,1,6"
1919,Fine-Tuned Model,"4,2,6,5,3,1"
1920,Fine-Tuned Model,"5,3,6,1,2,4"
1921,Fine-Tuned Model,"3,1,6,4,2,5"
1922,Fine-Tuned Model,"3,6,1,4,2,5"
1923,Fine-Tuned Model,"2,4,6,1,3,5"
1924,Fine-Tuned Model,
1925,Fine-Tuned Model,"1,3,5,2,6,4"
1926,Fine-Tuned Model,"3,4,1,5,2,6"
1927,Fine-Tuned Model,"3,2,6,5,4,1"
1928,Fine-Tuned Model,"3,4,1,6,2,5"
1929,Fine-Tuned Model,"4,2,6,1,5,3"
1930,Fine-Tuned Model,"3,1,6,4,2,5"
1931,Fine-Tuned Model,"4,3,2,6,5,1"
1932,Fine-Tuned Model,"3,4,6,2,5,1"
1933,Fine-Tuned Model,"2,5,1,6,4,3"
1934,Fine-Tuned Model,
1935,Fine-Tuned Model,
1936,Fine-Tuned Model,"6,1,6,2,5,4"
1937,Fine-Tuned Model,"5,1,4,2,3,6"
1938,Fine-Tuned Model,
1939,Fine-Tuned Model,"2,4,5,3,1,6"
1940,Fine-Tuned Model,"4,2,6,1,3,5"
1941,Fine-Tuned Model,"5,3,2,6,4,1"
1942,Fine-Tuned Model,"3,4,1,6,5,2"
1943,Fine-Tuned Model,"1,5,3,2,4,6"
1944,Fine-Tuned Model,"2,3,6,5,1,4"
1945,Fine-Tuned Model,
1946,Fine-Tuned Model,"6,1,6,1,6"
1947,Fine-Tuned Model,"2,4,1,6,5,3"
1948,Fine-Tuned Model,"2,5,3,1,6,4"
1949,Fine-Tuned Model,"2,6,1,3,5,4"
1950,Fine-Tuned Model,"3,5,2,1,4,6"
1951,Fine-Tuned Model,"3,5,1,2,6,4"
1952,Fine-Tuned Model,"3,6,2,5,1,4"
1953,Fine-Tuned Model,"3,4,2,5,6,1"
1954,Fine-Tuned Model,"4,2,6,1,5,3"
1955,Fine-Tuned Model,"4,3,6,2,5,1"
1956,Fine-Tuned Model,"2,5,4,3,6,1"
1957,Fine-Tuned Model,"3,5,1,6,2,4"
1958,Fine-Tuned Model,
1959,Fine-Tuned Model,"3,2,6,5,4,1"
1960,Fine-Tuned Model,"2,4,1,5,3,2"
1961,Fine-Tuned Model,"2,5,3,6,4,1"
1962,Fine-Tuned Model,"4,2,5,6,3,1"
1963,Fine-Tuned Model,
1964,Fine-Tuned Model,"4,2,5,3,6,1"
1965,Fine-Tuned Model,"3,4,6,2,5,1"
1966,Fine-Tuned Model,"3,2,6,1,4,5"
1967,Fine-Tuned Model,"3,5,1,2,6,4"
1968,Fine-Tuned Model,"2,4,6,3,5,1"
1969,Fine-Tuned Model,"1,2"
1970,Fine-Tuned Model,
1971,Fine-Tuned Model,"5,2,3,6,1,4"
1972,Fine-Tuned Model,"6,3,2,5,1,4"
1973,Fine-Tuned Model,"4,6,2,5,3,1"
1974,Fine-Tuned Model,"1,3,2,5,6,3"
1975,Fine-Tuned Model,
1976,Fine-Tuned Model,"1,2,4,1,6,5"
1977,Fine-Tuned Model,"3,5,2,4,1,6"
1978,Fine-Tuned Model,"1,2,3,4,5"
1979,Fine-Tuned Model,"3,2,6,1,4,5"
1980,Fine-Tuned Model,"5,2,4,6,3,1"
1981,Fine-Tuned Model,"2,5,3,4,6,1"
1982,Fine-Tuned Model,"3,2,4,5,1,6"
1983,Fine-Tuned Model,"3,2,5,1,6,4"
1984,Fine-Tuned Model,"4,2,5,6,3,1"
1985,Fine-Tuned Model,"4,2,3,6,5,1"
1986,Fine-Tuned Model,"2,5,1,6,3,4"
1987,Fine-Tuned Model,"6,1,6"
1988,Fine-Tuned Model,"2,5,6,3,1,4"
1989,Fine-Tuned Model,"3,2,6,5,1,4"
1990,Fine-Tuned Model,"5,2,6,3,1,4"
1991,Fine-Tuned Model,1
1992,Fine-Tuned Model,"4,2,6,5,3,1"
1993,Fine-Tuned Model,"2,4,5,6,1,3"
1994,Fine-Tuned Model,"2,5,6,1,3,4"
1995,Fine-Tuned Model,"3,6,4,1,5,2"
1996,Fine-Tuned Model,"3,6,1,2,4,5"
1997,Fine-Tuned Model,"4,2,6,3,5,1"
1998,Fine-Tuned Model,"6,2,6,4,3,1"
1999,Fine-Tuned Model,"3,5,2,4,6,1"
2000,Fine-Tuned Model,"3,1,6,4,2,5"
2001,Fine-Tuned Model,"5,2,6,3,1,4"
2002,Fine-Tuned Model,"2,5,1,3,6,4"
2003,Fine-Tuned Model,
2004,Fine-Tuned Model,
2005,Fine-Tuned Model,"1,4,3,5,2,6"
2006,Fine-Tuned Model,"3,1,5,6,4"
2007,Fine-Tuned Model,"5,2,6,3,1,4"
2008,Fine-Tuned Model,
2009,Fine-Tuned Model,"2,6,3,1,4,5"
2010,Fine-Tuned Model,"5,3,6,4,1,2"
2011,Fine-Tuned Model,"4,6,2,1"
2012,Fine-Tuned Model,"5,2,3,1,6,4"
2013,Fine-Tuned Model,"1,3,4,2,6,5"
2014,Fine-Tuned Model,"4,2,6,1,3,5"
2015,Fine-Tuned Model,"4,2,6,1,3,5"
2016,Fine-Tuned Model,"1,2,4,3,5,6"
2017,Fine-Tuned Model,"1,4,2,5,1,3"
2018,Fine-Tuned Model,"5,2,4,6,1,3"
2019,Fine-Tuned Model,"3,2,5,6,1,4"
2020,Fine-Tuned Model,"4,2,6,3,1,5"
2021,Fine-Tuned Model,"4,2,6,5,3,1"
2022,Fine-Tuned Model,"2,5,6,1,4,3"
2023,Fine-Tuned Model,"4,2,6,3,5,1"
2024,Fine-Tuned Model,"1,6,6,1,6"
2025,Fine-Tuned Model,"1,2,3,4,6"
2026,Fine-Tuned Model,"1,6,6"
2027,Fine-Tuned Model,
2028,Fine-Tuned Model,"3,6,2,5,4,1"
2029,Fine-Tuned Model,"4,2,6,1,5,3"
2030,Fine-Tuned Model,
2031,Fine-Tuned Model,"3,6,2,5,4,1"
2032,Fine-Tuned Model,"3,6,2,5,1,4"
2033,Fine-Tuned Model,
2034,Fine-Tuned Model,"1,3,5,3,6,2"
2035,Fine-Tuned Model,"3,1,6,2,5,4"
2036,Fine-Tuned Model,"3,6,2,5,1"
2037,Fine-Tuned Model,"1,6,6,1,6"
2038,Fine-Tuned Model,"4,3,6,2,5,1"
2039,Fine-Tuned Model,
2040,Fine-Tuned Model,
2041,Fine-Tuned Model,"4,3,6,2,5,1"
2042,Fine-Tuned Model,"5,2,3,6,1,4"
2043,Fine-Tuned Model,"4,2,6,1,5,3"
2044,Fine-Tuned Model,"4,1,3,6,2,5"
2045,Fine-Tuned Model,"4,2,6,1,5,3"
2046,Fine-Tuned Model,"2,5,6,3,6,4"
2047,Fine-Tuned Model,"1,2,2,1"
2048,Fine-Tuned Model,"2,5,3,6,2,4"
2049,Fine-Tuned Model,"1,3,2,6,4,5"
2050,Fine-Tuned Model,"4,2,6,3,5,1"
2051,Fine-Tuned Model,"4,2,6,3,5,1"
2052,Fine-Tuned Model,"3,1,4,5,2,6"
2053,Fine-Tuned Model,"1,6,4,2,6,3"
2054,Fine-Tuned Model,"2,5,1,6,3,4"
2055,Fine-Tuned Model,
2056,Fine-Tuned Model,"1,3,4,2,5,6"
2057,Fine-Tuned Model,"4,2,6,3,5,1"
2058,Fine-Tuned Model,"2,6,3,1,5,4"
2059,Fine-Tuned Model,"4,3,6,2,1,5"
2060,Fine-Tuned Model,
2061,Fine-Tuned Model,
2062,Fine-Tuned Model,"1,2,3,4,5,6"
2063,Fine-Tuned Model,"1,2,3,6,4,5"
2064,Fine-Tuned Model,"1,2,3,4,5,6"
2065,Fine-Tuned Model,"3,5,2,6,4,1"
2066,Fine-Tuned Model,"1,2,3,6,5,4"
2067,Fine-Tuned Model,
2068,Fine-Tuned Model,
2069,Fine-Tuned Model,"4,3,6,1,5,2"
2070,Fine-Tuned Model,"2,4,1,6,3,5"
2071,Fine-Tuned Model,"3,6,2,5,1,4"
2072,Fine-Tuned Model,"3,6,2,5,4,1"
2073,Fine-Tuned Model,"3,1,4,6,2,5"
2074,Fine-Tuned Model,"4,2,6,1,3,5"
2075,Fine-Tuned Model,
2076,Fine-Tuned Model,"1,5,2,3,6,4"
2077,Fine-Tuned Model,"4,2,3,6,1,5"
2078,Fine-Tuned Model,"1,2,3,4,5,6"
2079,Fine-Tuned Model,"3,4,5,1,3,2"
2080,Fine-Tuned Model,"5,3,6,2,1,4"
2081,Fine-Tuned Model,"6,1,6"
2082,Fine-Tuned Model,"3,6,2,5,1,4"
2083,Fine-Tuned Model,"2,5,3,4,1,6"
2084,Fine-Tuned Model,"3,5,2,6,4,1"
2085,Fine-Tuned Model,
2086,Fine-Tuned Model,"5,1,2,6,3,4"
2087,Fine-Tuned Model,"4,2,6,1,3,5"
2088,Fine-Tuned Model,"5,3,1,6,2,4"
2089,Fine-Tuned Model,"4,2,6,3,1,5"
2090,Fine-Tuned Model,"2,4,3,5,1,6"
2091,Fine-Tuned Model,
2092,Fine-Tuned Model,"2,5,3,1,6,4"
2093,Fine-Tuned Model,
2094,Fine-Tuned Model,
2095,Fine-Tuned Model,"4,2,6,3,5,1"
2096,Fine-Tuned Model,"3,6,2,5,1,4"
2097,Fine-Tuned Model,"3,2,6,5,3,4"
2098,Fine-Tuned Model,"4,2,6,5,1,3"
2099,Fine-Tuned Model,"1,6,6"
2100,Fine-Tuned Model,"4,6,2,5,3,1"
2101,Fine-Tuned Model,
2102,Fine-Tuned Model,"4,2,6,5,3,1"
2103,Fine-Tuned Model,"1,3,2,5,6,4"
2104,Fine-Tuned Model,"1,6,1,6"
2105,Fine-Tuned Model,"6,4"
2106,Fine-Tuned Model,"4,1,5"
2107,Fine-Tuned Model,
2108,Fine-Tuned Model,"4,2,3,5,6,1"
2109,Fine-Tuned Model,"4,2,6,1,5,3"
2110,Fine-Tuned Model,"1,3,6,2,5,4"
2111,Fine-Tuned Model,"4,2,1,6,5,3"
2112,Fine-Tuned Model,
2113,Fine-Tuned Model,"3,6,2,5,1,4"
2114,Fine-Tuned Model,
2115,Fine-Tuned Model,"1,6,6"
2116,Fine-Tuned Model,
2117,Fine-Tuned Model,"1,2,5,4,3,6"
2118,Fine-Tuned Model,"3,2,6,1,4,5"
2119,Fine-Tuned Model,"3,5,2,6,1,4"
2120,Fine-Tuned Model,
2121,Fine-Tuned Model,
2122,Fine-Tuned Model,
2123,Fine-Tuned Model,"4,2,6,1,5,3"
2124,Fine-Tuned Model,
2125,Fine-Tuned Model,"2,5,3,6,1,4"
2126,Fine-Tuned Model,"4,6,2,5,1,3"
2127,Fine-Tuned Model,"4,2,6,1,3,5"
2128,Fine-Tuned Model,"4,3,2,5,6,1"
2129,Fine-Tuned Model,"6,1,6,1"
2130,Fine-Tuned Model,
2131,Fine-Tuned Model,"3,2,5,6,4,1"
2132,Fine-Tuned Model,"1,4,2,6,3,5"
2133,Fine-Tuned Model,
2134,Fine-Tuned Model,"5,4,2,3,6,1"
2135,Fine-Tuned Model,"2,5,6,1,3,4"
2136,Fine-Tuned Model,"1,5,2,3,6,4"
2137,Fine-Tuned Model,"1,3,2,6,5,4"
2138,Fine-Tuned Model,
2139,Fine-Tuned Model,"3,6,2,4,5,1"
2140,Fine-Tuned Model,"3,6,2,5,4,1"
2141,Fine-Tuned Model,"4,6,2,5,1,3"
2142,Fine-Tuned Model,
2143,Fine-Tuned Model,
2144,Fine-Tuned Model,"6,2,6,5,3,1"
2145,Fine-Tuned Model,"2,5,3,6,1,4"
2146,Fine-Tuned Model,6
2147,Fine-Tuned Model,
2148,Fine-Tuned Model,"5,3,2,6,1,4"
2149,Fine-Tuned Model,"3,2,6,1,4,5"
2150,Fine-Tuned Model,"5,3,4,2,1,6"
2151,Fine-Tuned Model,"1,3,6,2,4,5"
2152,Fine-Tuned Model,"3,2,5,6,1,4"
2153,Fine-Tuned Model,"1,2,4,6,3,5"
2154,Fine-Tuned Model,"4,2,6,3,5,1"
2155,Fine-Tuned Model,"3,5,1,2,6,4"
2156,Fine-Tuned Model,"3,6,2,1,5,4"
2157,Fine-Tuned Model,"4,2,3,6,1,5"
2158,Fine-Tuned Model,
2159,Fine-Tuned Model,"4,1,6"
2160,Fine-Tuned Model,"1,6"
2161,Fine-Tuned Model,
2162,Fine-Tuned Model,
2163,Fine-Tuned Model,"1,2,4,5,2,1"
2164,Fine-Tuned Model,"3,4,2,6,5,1"
2165,Fine-Tuned Model,"1,2,2,5,3,4"
2166,Fine-Tuned Model,
2167,Fine-Tuned Model,"2,6,3,5,4,1"
2168,Fine-Tuned Model,"2,4,3,5,1,6"
2169,Fine-Tuned Model,"5,3,6,2,1,4"
2170,Fine-Tuned Model,"2,5,3,6,1,4"
2171,Fine-Tuned Model,
2172,Fine-Tuned Model,
2173,Fine-Tuned Model,"3,6,2,1,5,4"
2174,Fine-Tuned Model,
2175,Fine-Tuned Model,"5,2,4,3,1,6"
2176,Fine-Tuned Model,"4,2,6,5,1,3"
2177,Fine-Tuned Model,"1,4,3,2,6,5"
2178,Fine-Tuned Model,"1,2,3,4,5,6"
2179,Fine-Tuned Model,"1,2,3,4,5,6"
2180,Fine-Tuned Model,"2,5,4,3,6,1"
2181,Fine-Tuned Model,
2182,Fine-Tuned Model,"4,2,6,1,5,3"
2183,Fine-Tuned Model,"1,3,5,4,2,6"
2184,Fine-Tuned Model,"1,6,6,1,3,6"
2185,Fine-Tuned Model,"4,2,6,3,5,1"
2186,Fine-Tuned Model,"5,4,6,3,2,1"
2187,Fine-Tuned Model,"1,2,3,4,5,6"
2188,Fine-Tuned Model,"3,6,2,1,4,5"
2189,Fine-Tuned Model,
2190,Fine-Tuned Model,"1,3,2,4,3,2"
2191,Fine-Tuned Model,
2192,Fine-Tuned Model,"3,6,1,5,2,4"
2193,Fine-Tuned Model,"1,2,5,3,6,4"
2194,Fine-Tuned Model,"4,2,6,3,1,5"
2195,Fine-Tuned Model,"1,5"
2196,Fine-Tuned Model,"3,1,6,4,5,2"
2197,Fine-Tuned Model,
2198,Fine-Tuned Model,"2,6,3,1,4,5"
2199,Fine-Tuned Model,"5,2,4,1,6,3"
2200,Fine-Tuned Model,"1,6,6"
2201,Fine-Tuned Model,
2202,Fine-Tuned Model,"6,1,1,6,1,3"
2203,Fine-Tuned Model,"1,6,2,3,5,4"
2204,Fine-Tuned Model,
2205,Fine-Tuned Model,"3,4,6,1,5,2"
2206,Fine-Tuned Model,
2207,Fine-Tuned Model,"3,4,5,2,6,3"
2208,Fine-Tuned Model,"3,2,5,1,6,4"
2209,Fine-Tuned Model,6
2210,Fine-Tuned Model,"3,6,2,5,1,4"
2211,Fine-Tuned Model,2
2212,Fine-Tuned Model,"2,4,5,2,4,6"
2213,Fine-Tuned Model,"3,6,2,5,4,1"
2214,Fine-Tuned Model,"4,2,6,3,1,5"
2215,Fine-Tuned Model,"4,3,5,1,2,6"
2216,Fine-Tuned Model,"5,3,2,6,4,1"
2217,Fine-Tuned Model,1
2218,Fine-Tuned Model,"1,3,5,2,6,4"
2219,Fine-Tuned Model,
2220,Fine-Tuned Model,
2221,Fine-Tuned Model,"6,1,6"
2222,Fine-Tuned Model,"4,2,6,5,3,1"
2223,Fine-Tuned Model,"3,6,2,5,1,4"
2224,Fine-Tuned Model,"4,3,6,2,5,1"
2225,Fine-Tuned Model,"1,2,3,4,5,6"
2226,Fine-Tuned Model,"1,6,2,5,1,3"
2227,Fine-Tuned Model,"1,2,5,3,6,4"
2228,Fine-Tuned Model,"2,5,4,3,1,6"
2229,Fine-Tuned Model,"4,2,6,5,3,1"
2230,Fine-Tuned Model,"1,3,5,2,6,4"
2231,Fine-Tuned Model,"3,1,6,2,5,4"
2232,Fine-Tuned Model,"3,1,5,3,2,4"
2233,Fine-Tuned Model,"1,4,6,2,5,3"
2234,Fine-Tuned Model,"2,6,1,3,5,4"
2235,Fine-Tuned Model,"4,6,2,1,3,5"
2236,Fine-Tuned Model,"3,2,6,4,5,1"
2237,Fine-Tuned Model,"3,2,5,1,6,4"
2238,Fine-Tuned Model,"2,5,3,6,1,4"
2239,Fine-Tuned Model,"5,2,3,1,4,6"
2240,Fine-Tuned Model,"2,5,4,1,6,3"
2241,Fine-Tuned Model,
2242,Fine-Tuned Model,
2243,Fine-Tuned Model,"4,2,6,3,1,5"
2244,Fine-Tuned Model,"2,5,3,6,1,4"
2245,Fine-Tuned Model,"3,4,6,2,5,1"
2246,Fine-Tuned Model,"3,6,2,5,4,1"
2247,Fine-Tuned Model,"2,4,6,3,1,5"
2248,Fine-Tuned Model,"5,3,1,4,2,6"
2249,Fine-Tuned Model,"2,5,4,6,3,1"
2250,Fine-Tuned Model,"3,2,5,6,1,4"
2251,Fine-Tuned Model,
2252,Fine-Tuned Model,"2,4,5,3,6,1"
2253,Fine-Tuned Model,2
2254,Fine-Tuned Model,"5,3,2,6,1,4"
2255,Fine-Tuned Model,"3,6,2,5,4,1"
2256,Fine-Tuned Model,"1,2,3,4,5,6"
2257,Fine-Tuned Model,"3,2,6,1,5,4"
2258,Fine-Tuned Model,
2259,Fine-Tuned Model,"3,2,6,4,1,5"
2260,Fine-Tuned Model,"4,2,6,3,5,1"
2261,Fine-Tuned Model,
2262,Fine-Tuned Model,"5,2,6,3,1,4"
2263,Fine-Tuned Model,"1,2,3,5,4,6"
2264,Fine-Tuned Model,
2265,Fine-Tuned Model,"1,4,6,3,5,2"
2266,Fine-Tuned Model,"2,5,3,1,4,6"
2267,Fine-Tuned Model,"5,3,1,6,2,4"
2268,Fine-Tuned Model,"3,4,2,1,5,6"
2269,Fine-Tuned Model,"1,6,6"
2270,Fine-Tuned Model,"1,4,2,5,1,6"
2271,Fine-Tuned Model,"2,6,5,3,4,1"
2272,Fine-Tuned Model,"3,5,1,4,6,2"
2273,Fine-Tuned Model,"5,3,1,6,4,2"
2274,Fine-Tuned Model,
2275,Fine-Tuned Model,"6,1,6"
2276,Fine-Tuned Model,"5,2,6,3,1,4"
2277,Fine-Tuned Model,"4,2,5,3,6,1"
2278,Fine-Tuned Model,"1,2,3,4,5,6"
2279,Fine-Tuned Model,"3,4,1,6,2,5"
2280,Fine-Tuned Model,"1,6,6"
2281,Fine-Tuned Model,"3,6,2,5,4,1"
2282,Fine-Tuned Model,"1,4,6,3,2,5"
2283,Fine-Tuned Model,"1,5,2,4,3,6"
2284,Fine-Tuned Model,
2285,Fine-Tuned Model,"3,2,5,6,1,4"
2286,Fine-Tuned Model,
2287,Fine-Tuned Model,"6,1,6"
2288,Fine-Tuned Model,"3,6,2,5,1,4"
2289,Fine-Tuned Model,"1,3,2,4,5,1"
2290,Fine-Tuned Model,"2,5,4,3,1,6"
2291,Fine-Tuned Model,
2292,Fine-Tuned Model,"4,3,6,5,2,1"
2293,Fine-Tuned Model,"3,2,4,6,1,5"
2294,Fine-Tuned Model,"3,6,4,2,5,1"
2295,Fine-Tuned Model,"2,5,3,6,4,1"
2296,Fine-Tuned Model,
2297,Fine-Tuned Model,
2298,Fine-Tuned Model,
2299,Fine-Tuned Model,"4,2,5,6,1,3"
2300,Fine-Tuned Model,"5,3,1,6,4,2"
2301,Fine-Tuned Model,"1,3,5,1,4,6"
2302,Fine-Tuned Model,"5,3,1,6,2,4"
2303,Fine-Tuned Model,"3,4,6,1,5,3"
2304,Fine-Tuned Model,
2305,Fine-Tuned Model,"1,2,3,4,5,6"
2306,Fine-Tuned Model,"3,6,2,5,1,4"
2307,Fine-Tuned Model,"6,1,6"
2308,Fine-Tuned Model,"3,6,1,4,2,5"
2309,Fine-Tuned Model,
2310,Fine-Tuned Model,1
2311,Fine-Tuned Model,"3,5,1,4,2,6"
2312,Fine-Tuned Model,"4,2,5,3,1,6"
2313,Fine-Tuned Model,"2,4,3,1,6,5"
2314,Fine-Tuned Model,"2,5,4,3,6,1"
2315,Fine-Tuned Model,"4,3,6,5,2,1"
2316,Fine-Tuned Model,"1,3,2,4,5,6"
2317,Fine-Tuned Model,
2318,Fine-Tuned Model,6
2319,Fine-Tuned Model,1
2320,Fine-Tuned Model,"3,5,2,6,1,4"
2321,Fine-Tuned Model,"3,6,1,5,2,4"
2322,Fine-Tuned Model,"4,2,6,1,3,5"
2323,Fine-Tuned Model,"4,2,6,1,5,3"
2324,Fine-Tuned Model,
2325,Fine-Tuned Model,"3,2,5,4,6,1"
2326,Fine-Tuned Model,"2,5,3,1,6,4"
2327,Fine-Tuned Model,"6,3,2,1,5,4"
2328,Fine-Tuned Model,"3,6,2,5,4,1"
2329,Fine-Tuned Model,"1,4,2,5,6,3"
2330,Fine-Tuned Model,
2331,Fine-Tuned Model,
2332,Fine-Tuned Model,"2,4,1,5,3,6"
2333,Fine-Tuned Model,
2334,Fine-Tuned Model,"4,2,6,3,5,1"
2335,Fine-Tuned Model,"1,6,4,2,5,3"
2336,Fine-Tuned Model,"2,4,1,3,6"
2337,Fine-Tuned Model,"3,5,4,2,6,1"
2338,Fine-Tuned Model,"2,5,1,3,6,4"
2339,Fine-Tuned Model,"2,4,6,3,1,5"
2340,Fine-Tuned Model,"2,6,4,5,3,1"
2341,Fine-Tuned Model,"1,2,5,4,6,3"
2342,Fine-Tuned Model,"3,6,2,5,4,1"
2343,Fine-Tuned Model,"1,5,2,3,6,5"
2344,Fine-Tuned Model,"4,2,3,6,1,5"
2345,Fine-Tuned Model,"2,6,3,4,5,2"
2346,Fine-Tuned Model,"3,1,6,4,2,5"
2347,Fine-Tuned Model,"5,4,3,2,6,1"
2348,Fine-Tuned Model,"5,3,2,6,1,4"
2349,Fine-Tuned Model,"4,2,5,6,3,1"
2350,Fine-Tuned Model,"4,3,2,6,5,1"
2351,Fine-Tuned Model,"4,2,5,1,6,3"
2352,Fine-Tuned Model,"3,2,5,6,1,4"
2353,Fine-Tuned Model,"3,6,2,5,1,4"
2354,Fine-Tuned Model,"4,2,6,5,1,3"
2355,Fine-Tuned Model,"5,2,6,3,1,4"
2356,Fine-Tuned Model,
2357,Fine-Tuned Model,"3,2,6,5,4,1"
2358,Fine-Tuned Model,
2359,Fine-Tuned Model,"3,6,2,5,4,1"
2360,Fine-Tuned Model,"4,3,2,6,1,5"
2361,Fine-Tuned Model,
2362,Fine-Tuned Model,"2,4,6,3,5,1"
2363,Fine-Tuned Model,"1,2,3,4,5,6"
2364,Fine-Tuned Model,"4,6,1,3,2,5"
2365,Fine-Tuned Model,"2,3,6,1,4,5"
2366,Fine-Tuned Model,"6,1,6"
2367,Fine-Tuned Model,"4,2,6,5,3,1"
2368,Fine-Tuned Model,"5,3,2,1,6,4"
2369,Fine-Tuned Model,"5,3,6,2,1,4"
2370,Fine-Tuned Model,"2,5,6,4,1,3"
2371,Fine-Tuned Model,"3,6,2,5,4,1"
2372,Fine-Tuned Model,"3,6,2,5,4,1"
2373,Fine-Tuned Model,1
2374,Fine-Tuned Model,
2375,Fine-Tuned Model,"1,4,2,6,3,5"
2376,Fine-Tuned Model,
2377,Fine-Tuned Model,"3,6,4,5,2,1"
2378,Fine-Tuned Model,"4,6,2,5,3,1"
2379,Fine-Tuned Model,
2380,Fine-Tuned Model,"4,2,6,5,1,3"
2381,Fine-Tuned Model,"1,2,2,5,3,3"
2382,Fine-Tuned Model,"1,2,3,4,5,6"
2383,Fine-Tuned Model,"4,6,3,2,5,1"
2384,Fine-Tuned Model,"4,1,2,5,6,3"
2385,Fine-Tuned Model,"3,2,6,5,1,4"
2386,Fine-Tuned Model,"1,2,3,4,5,6"
2387,Fine-Tuned Model,"2,4,6,5,1,3"
2388,Fine-Tuned Model,"5,3,2,6,4,1"
2389,Fine-Tuned Model,"1,3,6,2,5,4"
2390,Fine-Tuned Model,
2391,Fine-Tuned Model,"4,6,2,5,3,1"
2392,Fine-Tuned Model,"3,4,5"
2393,Fine-Tuned Model,"3,2,4,1,5,6"
2394,Fine-Tuned Model,"5,2"
2395,Fine-Tuned Model,"1,2"
2396,Fine-Tuned Model,"5,2,3,1,6,4"
2397,Fine-Tuned Model,"4,2,3,5,1,6"
2398,Fine-Tuned Model,"2,6,5,3,4,1"
2399,Fine-Tuned Model,"1,2,6,3,5,4"
2400,Fine-Tuned Model,
2401,Fine-Tuned Model,"2,6,3,4,5,1"
2402,Fine-Tuned Model,"4,2,6,3,5,1"
2403,Fine-Tuned Model,"4,2,6,1,5,3"
2404,Fine-Tuned Model,6
2405,Fine-Tuned Model,"6,1,6"
2406,Fine-Tuned Model,"5,3,2,6,1,4"
2407,Fine-Tuned Model,
2408,Fine-Tuned Model,"3,2,4,5,1,6"
2409,Fine-Tuned Model,"4,2,6,5,1,3"
2410,Fine-Tuned Model,"3,2,6,5,1,4"
2411,Fine-Tuned Model,"3,2,6,4,1,5"
2412,Fine-Tuned Model,"5,1,4,2,3,6"
2413,Fine-Tuned Model,"4,2,6,1,3,5"
2414,Fine-Tuned Model,"1,2,5,4,3,6"
2415,Fine-Tuned Model,"4,6,3,1,5,2"
2416,Fine-Tuned Model,"4,3,2,6,1,5"
2417,Fine-Tuned Model,"4,2,6,3,5,1"
2418,Fine-Tuned Model,"2,5,3,1,6,4"
2419,Fine-Tuned Model,
2420,Fine-Tuned Model,"1,3,5,6,4,2"
2421,Fine-Tuned Model,
2422,Fine-Tuned Model,"1,2,6,3,1,2"
2423,Fine-Tuned Model,"4,2,6,1,5,3"
2424,Fine-Tuned Model,"4,6,2,5,3,1"
2425,Fine-Tuned Model,"3,6,2,5,1,4"
2426,Fine-Tuned Model,"2,6,4,3,5,1"
2427,Fine-Tuned Model,
2428,Fine-Tuned Model,"2,6,4,1,3,5"
2429,Fine-Tuned Model,
2430,Fine-Tuned Model,"1,6,1,6,1,6"
2431,Fine-Tuned Model,"2,4,5,6,3,1"
2432,Fine-Tuned Model,"3,1,2,6,5,4"
2433,Fine-Tuned Model,"5,2,3,6,4,1"
2434,Fine-Tuned Model,"3,4,2,6,5,1"
2435,Fine-Tuned Model,"1,6,6"
2436,Fine-Tuned Model,"6,1,6"
2437,Fine-Tuned Model,"3,6,2,5,4,1"
2438,Fine-Tuned Model,"2,5,1,6,3,4"
2439,Fine-Tuned Model,"5,2,3,6,1,4"
2440,Fine-Tuned Model,
2441,Fine-Tuned Model,"3,6,2,1,5,4"
2442,Fine-Tuned Model,"3,5,2,6,1,4"
2443,Fine-Tuned Model,"1,3,4,5,2,6"
2444,Fine-Tuned Model,"1,2,3,4,5,6"
2445,Fine-Tuned Model,"4,6,3,1,2,5"
2446,Fine-Tuned Model,"6,1,6"
2447,Fine-Tuned Model,"4,3,6,2,5,1"
2448,Fine-Tuned Model,"1,2,3,4,5,6"
2449,Fine-Tuned Model,
2450,Fine-Tuned Model,"2,4,1,3,6,5"
2451,Fine-Tuned Model,"3,2,6,5,1,4"
2452,Fine-Tuned Model,"2,4,3,5,2,6"
2453,Fine-Tuned Model,"1,2,3,4,5,6"
2454,Fine-Tuned Model,
2455,Fine-Tuned Model,"1,6,6"
2456,Fine-Tuned Model,"4,6,2,5,1,3"
2457,Fine-Tuned Model,"2,4,5,6,3,1"
2458,Fine-Tuned Model,"6,6,1,3,2,5"
2459,Fine-Tuned Model,
2460,Fine-Tuned Model,"3,4,2,6,1,5"
2461,Fine-Tuned Model,"4,2,6,5,1,3"
2462,Fine-Tuned Model,"2,5,6,3,1,4"
2463,Fine-Tuned Model,"2,4,5,1,6,3"
2464,Fine-Tuned Model,"4,2,6,5,3,1"
2465,Fine-Tuned Model,
2466,Fine-Tuned Model,
2467,Fine-Tuned Model,"3,5,6,4,2,3"
2468,Fine-Tuned Model,
2469,Fine-Tuned Model,
2470,Fine-Tuned Model,"3,1,5,5"
2471,Fine-Tuned Model,"4,2,3,6,1,5"
2472,Fine-Tuned Model,"4,3,2,6,1,5"
2473,Fine-Tuned Model,"2,5,6,3,1,4"
2474,Fine-Tuned Model,"2,5,4,3,1,6"
2475,Fine-Tuned Model,"5,2,3,6,1,4"
2476,Fine-Tuned Model,"3,2,6,1,5,4"
2477,Fine-Tuned Model,"1,2,3,5,6,4"
2478,Fine-Tuned Model,
2479,Fine-Tuned Model,"1,2,4,5,3,6"
2480,Fine-Tuned Model,"1,3,5,2,4,6"
2481,Fine-Tuned Model,"1,4,6,3,5,2"
2482,Fine-Tuned Model,"1,6"
2483,Fine-Tuned Model,"2,5,3,6,1,4"
2484,Fine-Tuned Model,"1,6,6,2,5,3"
2485,Fine-Tuned Model,"1,4,5,2,6,3"
2486,Fine-Tuned Model,"2,4,6,2,5,3"
2487,Fine-Tuned Model,"5,2,6,1,4,3"
2488,Fine-Tuned Model,"4,2,6,3,5,1"
2489,Fine-Tuned Model,"1,2,3,4,5,6"
2490,Fine-Tuned Model,
2491,Fine-Tuned Model,
2492,Fine-Tuned Model,"3,4,2,6,5,1"
2493,Fine-Tuned Model,"1,4,3,6,2,5"
2494,Fine-Tuned Model,"4,3,6,2,5,1"
2495,Fine-Tuned Model,3
2496,Fine-Tuned Model,"3,6,5,4,2,1"
2497,Fine-Tuned Model,"2,5,4,1,3,6"
2498,Fine-Tuned Model,"3,6,2,5,1,4"
2499,Fine-Tuned Model,"1,2,3,4,5,6"
2500,Fine-Tuned Model,"1,4,2"
2501,Fine-Tuned Model,"1,4,2,5,3,6"
2502,Fine-Tuned Model,"6,1,6,1"
2503,Fine-Tuned Model,"5,4,2,6,1,3"
2504,Fine-Tuned Model,"5,2,6,1,3,4"
2505,Fine-Tuned Model,
2506,Fine-Tuned Model,"1,2,5,6,3,4"
2507,Fine-Tuned Model,
2508,Fine-Tuned Model,"1,2"
2509,Fine-Tuned Model,"4,2,5,6,3,1"
2510,Fine-Tuned Model,"1,2,5,3,6,4"
2511,Fine-Tuned Model,
2512,Fine-Tuned Model,"1,5,3,4,2,6"
2513,Fine-Tuned Model,
2514,Fine-Tuned Model,"4,3,6,2,5,1"
2515,Fine-Tuned Model,"1,5"
2516,Fine-Tuned Model,
2517,Fine-Tuned Model,"1,4,3,6,2,5"
2518,Fine-Tuned Model,"2,5,3,6,1,4"
2519,Fine-Tuned Model,"6,5,6,5"
2520,Fine-Tuned Model,"4,2,5,3,6,1"
2521,Fine-Tuned Model,"2,4,1,3,5,6"
2522,Fine-Tuned Model,"2,5,6,3,1,4"
2523,Fine-Tuned Model,
2524,Fine-Tuned Model,"2,6,5,3,4,1"
2525,Fine-Tuned Model,"3,6,4,2,5,1"
2526,Fine-Tuned Model,"5,3,2,4,1,6"
2527,Fine-Tuned Model,
2528,Fine-Tuned Model,
2529,Fine-Tuned Model,"4,2,6,3,5,1"
2530,Fine-Tuned Model,"4,2,6,3,5,1"
2531,Fine-Tuned Model,"3,5,1,6,2,4"
2532,Fine-Tuned Model,"4,6,2,5,3"
2533,Fine-Tuned Model,6
2534,Fine-Tuned Model,"2,3,5,2,6,4"
2535,Fine-Tuned Model,"1,5,2,6,3,1"
2536,Fine-Tuned Model,"2,6,4,3,1,5"
2537,Fine-Tuned Model,"3,5,1,6,3,2"
2538,Fine-Tuned Model,"1,3,5,4,2,6"
2539,Fine-Tuned Model,"4,2,6,5,3,1"
2540,Fine-Tuned Model,"4,2,6,5,3,1"
2541,Fine-Tuned Model,"4,2,5,1,6,3"
2542,Fine-Tuned Model,"4,2,6,1,5,3"
2543,Fine-Tuned Model,"5,2,6,3,4,1"
2544,Fine-Tuned Model,"4,2,5,6,1,3"
2545,Fine-Tuned Model,
2546,Fine-Tuned Model,"2,6,3,1,5,4"
2547,Fine-Tuned Model,"5,2,6,3,1,4"
2548,Fine-Tuned Model,"1,4,2,6,3,5"
2549,Fine-Tuned Model,"2,5,1,3,6,4"
2550,Fine-Tuned Model,"4,2,3,6,5,1"
2551,Fine-Tuned Model,"1,4,2,1,5,3"
2552,Fine-Tuned Model,
2553,Fine-Tuned Model,"4,2,6,5,1,3"
2554,Fine-Tuned Model,"2,5,6,1,3,4"
2555,Fine-Tuned Model,"4,2,5,1,6,3"
2556,Fine-Tuned Model,6
2557,Fine-Tuned Model,
2558,Fine-Tuned Model,"3,4,6,2,5,1"
2559,Fine-Tuned Model,"2,4,5,1,3,6"
2560,Fine-Tuned Model,"1,6,6,2,5,1"
2561,Fine-Tuned Model,"3,5,2,6,1,4"
2562,Fine-Tuned Model,"2,5,3,1,6,4"
2563,Fine-Tuned Model,"2,6,4,1,3,5"
2564,Fine-Tuned Model,
2565,Fine-Tuned Model,
2566,Fine-Tuned Model,"3,6,2,5,4,1"
2567,Fine-Tuned Model,
2568,Fine-Tuned Model,
2569,Fine-Tuned Model,"6,5,3"
2570,Fine-Tuned Model,"2,4,3,6,2,1"
2571,Fine-Tuned Model,"3,6,5,2,4,1"
2572,Fine-Tuned Model,"2,4,6,1,5,3"
2573,Fine-Tuned Model,"4,2,6,3,5,1"
2574,Fine-Tuned Model,"3,2,5,6,4,1"
2575,Fine-Tuned Model,
2576,Fine-Tuned Model,"3,1,2,5,6,4"
2577,Fine-Tuned Model,"2,6,3,1,5,4"
2578,Fine-Tuned Model,"4,2,6,3,1,5"
2579,Fine-Tuned Model,
2580,Fine-Tuned Model,"3,4,2,5,1,6"
2581,Fine-Tuned Model,"1,2,3,4,5,6"
2582,Fine-Tuned Model,"2,6,3,5,4,1"
2583,Fine-Tuned Model,
2584,Fine-Tuned Model,"3,4,6,1,5,2"
2585,Fine-Tuned Model,"5,3,1,4,2,6"
2586,Fine-Tuned Model,"1,2,3,4,5,6"
2587,Fine-Tuned Model,"3,6,2,4,5,1"
2588,Fine-Tuned Model,
2589,Fine-Tuned Model,
2590,Fine-Tuned Model,"1,2,2,3,3,1"
2591,Fine-Tuned Model,
2592,Fine-Tuned Model,6
2593,Fine-Tuned Model,"4,2,6,3,1,5"
2594,Fine-Tuned Model,"6,6,1"
2595,Fine-Tuned Model,
2596,Fine-Tuned Model,"5,2,4,6,3,1"
2597,Fine-Tuned Model,
2598,Fine-Tuned Model,"1,3,2,6,3,4"
2599,Fine-Tuned Model,
2600,Fine-Tuned Model,"2,5,4,6,3,1"
2601,Fine-Tuned Model,"4,6,2,5,3"
2602,Fine-Tuned Model,"2,4,6,3,1,5"
2603,Fine-Tuned Model,
2604,Fine-Tuned Model,"1,5,1,2,6,4"
2605,Fine-Tuned Model,
2606,Fine-Tuned Model,"5,2,6,3"
2607,Fine-Tuned Model,"2,5,4,3,2,6"
2608,Fine-Tuned Model,"1,5,2,3,6,4"
2609,Fine-Tuned Model,"4,2,6,3,5,1"
2610,Fine-Tuned Model,"4,3,2,6,1,5"
2611,Fine-Tuned Model,"1,4,2,6,3,5"
2612,Fine-Tuned Model,"6,1,6"
2613,Fine-Tuned Model,"3,6,1,2,5,4"
2614,Fine-Tuned Model,"1,4,6,3,2,5"
2615,Fine-Tuned Model,"1,2,3,4,5,6"
2616,Fine-Tuned Model,"1,5,2,4,6,3"
2617,Fine-Tuned Model,
2618,Fine-Tuned Model,"3,4,2,5,1,6"
2619,Fine-Tuned Model,"3,2,6,5,1,4"
2620,Fine-Tuned Model,
2621,Fine-Tuned Model,"4,2,6,3,5,1"
2622,Fine-Tuned Model,"1,3,2,6,5,4"
2623,Fine-Tuned Model,
2624,Fine-Tuned Model,"5,2,3,6,1,4"
2625,Fine-Tuned Model,"4,2,6,1,3,5"
2626,Fine-Tuned Model,"3,6,1,4,2,5"
2627,Fine-Tuned Model,"5,3,6,2,5,4"
2628,Fine-Tuned Model,
2629,Fine-Tuned Model,"3,6,5,2,4,1"
2630,Fine-Tuned Model,"5,2,6,1,4,3"
2631,Fine-Tuned Model,"1,6,6"
2632,Fine-Tuned Model,6
2633,Fine-Tuned Model,
2634,Fine-Tuned Model,"2,5,4,3,1"
2635,Fine-Tuned Model,"4,2,6,3,5,1"
2636,Fine-Tuned Model,
2637,Fine-Tuned Model,"1,6,3,5,2,4"
2638,Fine-Tuned Model,"6,2,5,4,6,1"
2639,Fine-Tuned Model,"3,6,1,5,2,4"
2640,Fine-Tuned Model,
2641,Fine-Tuned Model,"2,6,5,1,3,4"
2642,Fine-Tuned Model,"1,4,6,3,2,5"
2643,Fine-Tuned Model,"5,2,6,1,3,4"
2644,Fine-Tuned Model,"1,6,6"
2645,Fine-Tuned Model,"2,6,3,1,5,4"
2646,Fine-Tuned Model,
2647,Fine-Tuned Model,"4,3,6,2,5,1"
2648,Fine-Tuned Model,"5,2,6,1,3,4"
2649,Fine-Tuned Model,"2,4,3,6,5,1"
2650,Fine-Tuned Model,"2,6,4,5,3,1"
2651,Fine-Tuned Model,"4,3,6,2,5,1"
2652,Fine-Tuned Model,"3,5,2,6,1,4"
2653,Fine-Tuned Model,
2654,Fine-Tuned Model,
2655,Fine-Tuned Model,
2656,Fine-Tuned Model,
2657,Fine-Tuned Model,"4,2,5,6,3,1"
2658,Fine-Tuned Model,"1,2,3,4,5,6"
2659,Fine-Tuned Model,"1,3,6,2,5,4"
2660,Fine-Tuned Model,"3,2,6,1,5,4"
2661,Fine-Tuned Model,"4,2,6,3,1,5"
2662,Fine-Tuned Model,
2663,Fine-Tuned Model,"4,2,6,3,5,1"
2664,Fine-Tuned Model,"2,4,5,1,3,6"
2665,Fine-Tuned Model,
2666,Fine-Tuned Model,"4,6,5,1,3,2"
2667,Fine-Tuned Model,"2,6,3,5,1,4"
2668,Fine-Tuned Model,"4,2,3,6,1,5"
2669,Fine-Tuned Model,"4,6,2,3,5,1"
2670,Fine-Tuned Model,
2671,Fine-Tuned Model,"1,2,3,4,5,6"
2672,Fine-Tuned Model,"4,2,6,5,1,3"
2673,Fine-Tuned Model,"4,2,6,3,5,1"
2674,Fine-Tuned Model,"5,2,3,6,1,4"
2675,Fine-Tuned Model,"4,3,5,2,6,1"
2676,Fine-Tuned Model,
2677,Fine-Tuned Model,"3,2,5,1,4,6"
2678,Fine-Tuned Model,"2,5,3,6,1,4"
2679,Fine-Tuned Model,"1,6"
2680,Fine-Tuned Model,"6,1,6"
2681,Fine-Tuned Model,"1,5,2,3,6,4"
2682,Fine-Tuned Model,
2683,Fine-Tuned Model,"1,4,2,5,6,3"
2684,Fine-Tuned Model,"3,5,2,4,6,3"
2685,Fine-Tuned Model,"1,6,6"
2686,Fine-Tuned Model,"1,2,3,4,5,6"
2687,Fine-Tuned Model,"1,3,5,2,6,4"
2688,Fine-Tuned Model,"3,4,1,5,2,6"
2689,Fine-Tuned Model,"1,2,3,4,5,6"
2690,Fine-Tuned Model,"2,5,4,3,6,1"
2691,Fine-Tuned Model,"1,3,2,4,1,6"
2692,Fine-Tuned Model,"1,3,6,2,4,5"
2693,Fine-Tuned Model,
2694,Fine-Tuned Model,
2695,Fine-Tuned Model,"6,1,6,1,6,1"
2696,Fine-Tuned Model,"4,2,6,5,3,1"
2697,Fine-Tuned Model,"4,3,5,1,6,2"
2698,Fine-Tuned Model,"5,2,4,6,3,1"
2699,Fine-Tuned Model,
2700,Fine-Tuned Model,
2701,Fine-Tuned Model,
2702,Fine-Tuned Model,"3,2,6,5,4,1"
2703,Fine-Tuned Model,
2704,Fine-Tuned Model,"1,2,3,4,5,6"
2705,Fine-Tuned Model,"4,2,6,1,3,5"
2706,Fine-Tuned Model,
2707,Fine-Tuned Model,"4,2,6,5,3,1"
2708,Fine-Tuned Model,"5,2,6,1,4,3"
2709,Fine-Tuned Model,
2710,Fine-Tuned Model,"5,2,6,3,1,4"
2711,Fine-Tuned Model,"4,6,3,2,5,1"
2712,Fine-Tuned Model,"2,5,4,6,3,1"
2713,Fine-Tuned Model,"5,2,6"
2714,Fine-Tuned Model,"2,5,3,1,6,4"
2715,Fine-Tuned Model,"4,6,3,2,5,1"
2716,Fine-Tuned Model,
2717,Fine-Tuned Model,"4,2,6,5,3,1"
2718,Fine-Tuned Model,
2719,Fine-Tuned Model,
2720,Fine-Tuned Model,"1,3,2,6,5,4"
2721,Fine-Tuned Model,"5,3,4,6,2,5"
2722,Fine-Tuned Model,
2723,Fine-Tuned Model,"2,4,3,5,1,6"
2724,Fine-Tuned Model,"4,2,6,1,5,3"
2725,Fine-Tuned Model,
2726,Fine-Tuned Model,"5,3,6,2,1,4"
2727,Fine-Tuned Model,"1,2,3,4,5,6"
2728,Fine-Tuned Model,
2729,Fine-Tuned Model,
2730,Fine-Tuned Model,"1,6,1,6,1,6"
2731,Fine-Tuned Model,"4,2,6,5,3,1"
2732,Fine-Tuned Model,"5,3,4,6,2,5"
2733,Fine-Tuned Model,"2,5,3,6,4,1"
2734,Fine-Tuned Model,"2,5,3,6,4,1"
2735,Fine-Tuned Model,
2736,Fine-Tuned Model,"5,2,4,3,6,1"
2737,Fine-Tuned Model,"3,2,5,1,4,6"
2738,Fine-Tuned Model,"3,5,1,6,4,2"
2739,Fine-Tuned Model,"4,1,6,3,2,5"
2740,Fine-Tuned Model,"1,2,3,4,5,6"
2741,Fine-Tuned Model,"3,6,2,5,1,4"
2742,Fine-Tuned Model,
2743,Fine-Tuned Model,"5,1,2,6,3,4"
2744,Fine-Tuned Model,"3,6,2,5,1,4"
2745,Fine-Tuned Model,
2746,Fine-Tuned Model,"3,6,2,5,4,1"
2747,Fine-Tuned Model,"1,5,2,3,3,2"
2748,Fine-Tuned Model,"1,1,6,2,1,6"
2749,Fine-Tuned Model,"4,2,3,6,5,1"
2750,Fine-Tuned Model,
2751,Fine-Tuned Model,"4,2,3,5,6,1"
2752,Fine-Tuned Model,
2753,Fine-Tuned Model,"3,6,2,5,1,4"
2754,Fine-Tuned Model,
2755,Fine-Tuned Model,"1,6,4,2,6,1"
2756,Fine-Tuned Model,"3,6,2,5,4,1"
2757,Fine-Tuned Model,"4,1,3,5,6,2"
2758,Fine-Tuned Model,"2,2,5,3,4,6"
2759,Fine-Tuned Model,"4,3,6,5,2,1"
2760,Fine-Tuned Model,"2,6,4,1,3,5"
2761,Fine-Tuned Model,"1,5,3,6,4,2"
2762,Fine-Tuned Model,"1,4,3,2,5,6"
2763,Fine-Tuned Model,"1,3,6,2,5,4"
2764,Fine-Tuned Model,
2765,Fine-Tuned Model,"5,2,6,3,1,4"
2766,Fine-Tuned Model,"5,2,6,1,4,3"
2767,Fine-Tuned Model,"3,2,5,6,1,4"
2768,Fine-Tuned Model,"5,3,1,2,6,4"
2769,Fine-Tuned Model,"4,2,6,5,1,3"
2770,Fine-Tuned Model,"3,6,4,2,5,1"
2771,Fine-Tuned Model,
2772,Fine-Tuned Model,
2773,Fine-Tuned Model,"2,6,3,1,5,4"
2774,Fine-Tuned Model,"1,6,6"
2775,Fine-Tuned Model,
2776,Fine-Tuned Model,"1,4,2,6,3,3"
2777,Fine-Tuned Model,"6,1,6,6,1,6"
2778,Fine-Tuned Model,"5,2,6,1,3,4"
2779,Fine-Tuned Model,
2780,Fine-Tuned Model,"4,1"
2781,Fine-Tuned Model,"5,3,6,2,6,4"
2782,Fine-Tuned Model,"3,2,5,6,4,1"
2783,Fine-Tuned Model,
2784,Fine-Tuned Model,"2,6,4,3,5,1"
2785,Fine-Tuned Model,"3,6,2,5,1,4"
2786,Fine-Tuned Model,"3,2,6,4,5,1"
2787,Fine-Tuned Model,"4,1,2,3,6,5"
2788,Fine-Tuned Model,"1,2,3,4,5,6"
2789,Fine-Tuned Model,"3,6,2,5,1,4"
2790,Fine-Tuned Model,"4,3,2,6,5,1"
2791,Fine-Tuned Model,
2792,Fine-Tuned Model,
2793,Fine-Tuned Model,"3,6,1,4,5,2"
2794,Fine-Tuned Model,"2,5,3,4,1,6"
2795,Fine-Tuned Model,"3,2,6,5,1,4"
2796,Fine-Tuned Model,"4,2,6,5,3,1"
2797,Fine-Tuned Model,"2,5,6,3,1,4"
2798,Fine-Tuned Model,"1,6,6"
2799,Fine-Tuned Model,"4,6,3,1,5,2"
2800,Fine-Tuned Model,"1,4,2,6,3,5"
2801,Fine-Tuned Model,"3,2,5,4,6,1"
2802,Fine-Tuned Model,
2803,Fine-Tuned Model,"2,6,5,1,3,4"
2804,Fine-Tuned Model,"4,2,6,5,3,1"
2805,Fine-Tuned Model,"4,2,5,6,1,3"
2806,Fine-Tuned Model,"5,3,6,1,4,5"
2807,Fine-Tuned Model,"3,2,5,6,1,4"
2808,Fine-Tuned Model,"4,2,6,5,3,1"
2809,Fine-Tuned Model,"1,2,3,6,4,2"
2810,Fine-Tuned Model,"3,1,6,2,5,4"
2811,Fine-Tuned Model,
2812,Fine-Tuned Model,"3,6,2,5,1,4"
2813,Fine-Tuned Model,"3,6,2,5,4,1"
2814,Fine-Tuned Model,
2815,Fine-Tuned Model,"2,5,3,1,6,4"
2816,Fine-Tuned Model,"3,4,2,6,1,5"
2817,Fine-Tuned Model,"4,3,6,2,5,1"
2818,Fine-Tuned Model,
2819,Fine-Tuned Model,"1,2,3,4,5,6"
2820,Fine-Tuned Model,"3,4,6,2,3,5"
2821,Fine-Tuned Model,1
2822,Fine-Tuned Model,"2,5,3,1,6"
2823,Fine-Tuned Model,6
2824,Fine-Tuned Model,"3,5,2,6,1,4"
2825,Fine-Tuned Model,"5,2,6,3,1,4"
2826,Fine-Tuned Model,"4,3,2,5,6,1"
2827,Fine-Tuned Model,
2828,Fine-Tuned Model,"2,5,3,6,1,4"
2829,Fine-Tuned Model,
2830,Fine-Tuned Model,"4,2,6,3,5,1"
2831,Fine-Tuned Model,
2832,Fine-Tuned Model,
2833,Fine-Tuned Model,"3,6,2,1,5,4"
2834,Fine-Tuned Model,"1,3,4,6,2,5"
2835,Fine-Tuned Model,"3,1,6,4,2,5"
2836,Fine-Tuned Model,"5,2,4,3,1,6"
2837,Fine-Tuned Model,
2838,Fine-Tuned Model,"1,2,3,4,5,6"
2839,Fine-Tuned Model,"4,2,6,1,3,5"
2840,Fine-Tuned Model,"4,1,2,5,2,3"
2841,Fine-Tuned Model,"2,4,6,1,3,5"
2842,Fine-Tuned Model,"1,4,5,2,6,3"
2843,Fine-Tuned Model,"3,2,6,5,4,1"
2844,Fine-Tuned Model,"2,4,1,5,6,3"
2845,Fine-Tuned Model,"4,3,2,6,5,1"
2846,Fine-Tuned Model,
2847,Fine-Tuned Model,"3,2,5,4,6,1"
2848,Fine-Tuned Model,"2,5,6,3,1,4"
2849,Fine-Tuned Model,"4,2,6,3,5,1"
2850,Fine-Tuned Model,"3,2,6,4,1,5"
2851,Fine-Tuned Model,"1,2,3,4,5,6"
2852,Fine-Tuned Model,"3,2,5,1,3,5"
2853,Fine-Tuned Model,"4,2,6,3,5,1"
2854,Fine-Tuned Model,"1,2,3,6,4,5"
2855,Fine-Tuned Model,"3,2,5,4,6,1"
2856,Fine-Tuned Model,"4,2,5,6,3,1"
2857,Fine-Tuned Model,"3,3"
2858,Fine-Tuned Model,"1,2,3,4,5,6"
2859,Fine-Tuned Model,"3,6,2,5,1,4"
2860,Fine-Tuned Model,"4,2,5,3,1,6"
2861,Fine-Tuned Model,"5,2,6,1,3,4"
2862,Fine-Tuned Model,
2863,Fine-Tuned Model,"2,4,3,6,1,5"
2864,Fine-Tuned Model,"3,1,6,2,5,4"
2865,Fine-Tuned Model,"1,2,3,4,5,6"
2866,Fine-Tuned Model,"6,4,2,3,5,1"
2867,Fine-Tuned Model,"1,2,3,4,5,6"
2868,Fine-Tuned Model,6
2869,Fine-Tuned Model,
2870,Fine-Tuned Model,
2871,Fine-Tuned Model,"3,6,2,5,4,1"
2872,Fine-Tuned Model,"4,2,6,3,1,5"
2873,Fine-Tuned Model,
2874,Fine-Tuned Model,"2,5,6,2,1,3"
2875,Fine-Tuned Model,"2,6,3,4,1,5"
2876,Fine-Tuned Model,"4,2,6,5,3,1"
2877,Fine-Tuned Model,
2878,Fine-Tuned Model,"1,4,5,2,1,4"
2879,Fine-Tuned Model,"3,6,2,5,1,4"
2880,Fine-Tuned Model,
2881,Fine-Tuned Model,6
2882,Fine-Tuned Model,
2883,Fine-Tuned Model,
2884,Fine-Tuned Model,"1,4,2,6,5,3"
2885,Fine-Tuned Model,
2886,Fine-Tuned Model,"6,6,6"
2887,Fine-Tuned Model,"1,4,2,6,3,5"
2888,Fine-Tuned Model,"1,4,6,3,2,5"
2889,Fine-Tuned Model,"1,3,6,2,5,4"
2890,Fine-Tuned Model,
2891,Fine-Tuned Model,
2892,Fine-Tuned Model,"1,3,4,2,6,5"
2893,Fine-Tuned Model,"4,3,2,1,6"
2894,Fine-Tuned Model,"5,2,4,3,6,1"
2895,Fine-Tuned Model,"3,6,1,5,2,4"
2896,Fine-Tuned Model,"4,6,2,1,3,5"
2897,Fine-Tuned Model,"4,3,2,6,1,5"
2898,Fine-Tuned Model,"3,6,1,5,2,4"
2899,Fine-Tuned Model,"4,2,6,5,3,1"
2900,Fine-Tuned Model,
2901,Fine-Tuned Model,"3,5,2,6,1,4"
2902,Fine-Tuned Model,"2,6,1,4,5,3"
2903,Fine-Tuned Model,
2904,Fine-Tuned Model,"3,6,4,2,5,1"
2905,Fine-Tuned Model,"1,4,3,6,2,5"
2906,Fine-Tuned Model,
2907,Fine-Tuned Model,"3,2,6,1,4,5"
2908,Fine-Tuned Model,"4,2,6,5,3,1"
2909,Fine-Tuned Model,
2910,Fine-Tuned Model,
2911,Fine-Tuned Model,
2912,Fine-Tuned Model,"5,2,6,4,3,1"
2913,Fine-Tuned Model,"3,6,2,5,4,1"
2914,Fine-Tuned Model,
2915,Fine-Tuned Model,"3,2,5,4,6,1"
2916,Fine-Tuned Model,"1,2,4,5,2,6"
2917,Fine-Tuned Model,"3,2,5,1,6,4"
2918,Fine-Tuned Model,"2,5,1,6,3,4"
2919,Fine-Tuned Model,"1,2,5,3,4,6"
2920,Fine-Tuned Model,"3,5,2,4,6,1"
2921,Fine-Tuned Model,"3,5,1,4,2,6"
2922,Fine-Tuned Model,"1,2,3,4,5,6"
2923,Fine-Tuned Model,"2,5,6,1,4,3"
2924,Fine-Tuned Model,
2925,Fine-Tuned Model,"3,6,2,5,1,4"
2926,Fine-Tuned Model,"6,2,4,1,5,3"
2927,Fine-Tuned Model,
2928,Fine-Tuned Model,"6,4,3,5,2,6"
2929,Fine-Tuned Model,"1,3,5,2,6,4"
2930,Fine-Tuned Model,"2,4,3,5,1,6"
2931,Fine-Tuned Model,"2,6,3,1,5,4"
2932,Fine-Tuned Model,"2,6,3,5,4,1"
2933,Fine-Tuned Model,"3,6,2,5,4,1"
2934,Fine-Tuned Model,"5,2,4,6,1,3"
2935,Fine-Tuned Model,"2,5,4,3,6,1"
2936,Fine-Tuned Model,"1,2,3,4,5,6"
2937,Fine-Tuned Model,"3,6,2,1,5,4"
2938,Fine-Tuned Model,"3,5,2,4,1,6"
2939,Fine-Tuned Model,"3,5,2,6,1,4"
2940,Fine-Tuned Model,
2941,Fine-Tuned Model,"4,2,6,3,5,1"
2942,Fine-Tuned Model,"2,5,1,4,3,6"
2943,Fine-Tuned Model,"4,2,6,1,5,3"
2944,Fine-Tuned Model,"3,6"
2945,Fine-Tuned Model,"3,6,1,5,2,4"
2946,Fine-Tuned Model,
2947,Fine-Tuned Model,"4,1,5,6,2,3"
2948,Fine-Tuned Model,"4,6,3,5,1,2"
2949,Fine-Tuned Model,"1,4,2,6,3,5"
2950,Fine-Tuned Model,"1,6,4,2,5,3"
2951,Fine-Tuned Model,"6,1,6,6"
2952,Fine-Tuned Model,
2953,Fine-Tuned Model,"1,3,6,2,4,5"
2954,Fine-Tuned Model,"2,4,3,1,6,5"
2955,Fine-Tuned Model,
2956,Fine-Tuned Model,"2,5,1,4,3,6"
2957,Fine-Tuned Model,
2958,Fine-Tuned Model,"1,1,2,3,4,5"
2959,Fine-Tuned Model,"4,6,1,2,5,3"
2960,Fine-Tuned Model,
2961,Fine-Tuned Model,"3,2,6,5,1,4"
2962,Fine-Tuned Model,4
2963,Fine-Tuned Model,
2964,Fine-Tuned Model,"1,2,3,6,4,5"
2965,Fine-Tuned Model,"1,2,4,5,2,3"
2966,Fine-Tuned Model,"3,6,2,5,1,4"
2967,Fine-Tuned Model,"5,2,6,1,3,4"
2968,Fine-Tuned Model,"3,6,2,1,5,4"
2969,Fine-Tuned Model,"2,6,3,4,1,5"
2970,Fine-Tuned Model,"2,4,6,3,5,1"
2971,Fine-Tuned Model,"1,2,2,5,3,4"
2972,Fine-Tuned Model,"4,2,6,3,5,1"
2973,Fine-Tuned Model,"4,2,6,3,5,1"
2974,Fine-Tuned Model,
2975,Fine-Tuned Model,"3,1,2,5,6,4"
2976,Fine-Tuned Model,
2977,Fine-Tuned Model,"5,2,3,1,6,4"
2978,Fine-Tuned Model,"4,2,6,5,1,3"
2979,Fine-Tuned Model,
2980,Fine-Tuned Model,
2981,Fine-Tuned Model,
2982,Fine-Tuned Model,
2983,Fine-Tuned Model,"5,2,6,4,3,1"
2984,Fine-Tuned Model,
2985,Fine-Tuned Model,"1,6,6"
2986,Fine-Tuned Model,"2,5,6,1,3,4"
2987,Fine-Tuned Model,"3,6,2,5,4,1"
2988,Fine-Tuned Model,"5,2,3,6,1,4"
2989,Fine-Tuned Model,"1,2,5,4,2,1"
2990,Fine-Tuned Model,"1,6,1,1,6,1"
2991,Fine-Tuned Model,"1,6,1,6,1,6"
2992,Fine-Tuned Model,"2,6,1,4,5,3"
2993,Fine-Tuned Model,"3,6,2,5,4,1"
2994,Fine-Tuned Model,
2995,Fine-Tuned Model,"5,3,2,6,1,4"
2996,Fine-Tuned Model,"5,2,6,4,1,3"
2997,Fine-Tuned Model,"3,2,6,5,1,4"
2998,Fine-Tuned Model,"1,2,3,4,5,6"
2999,Fine-Tuned Model,"4,2,6,1,3,5"
3000,Fine-Tuned Model,
3001,Fine-Tuned Model,"4,3,2,6,5,1"
3002,Fine-Tuned Model,"4,2,6,5,1"
3003,Fine-Tuned Model,"2,5,1,3,6,2"
3004,Fine-Tuned Model,
3005,Fine-Tuned Model,"5,2,6,3,1,4"
3006,Fine-Tuned Model,"4,2,6,3,5,1"
3007,Fine-Tuned Model,"2,6,4,3,5,1"
3008,Fine-Tuned Model,"1,4,2,2,3,6"
3009,Fine-Tuned Model,"2,4,6,3,1,5"
3010,Fine-Tuned Model,"4,3,6,5,2,1"
3011,Fine-Tuned Model,"6,1,6"
3012,Fine-Tuned Model,"1,4,2,6,3,5"
3013,Fine-Tuned Model,"3,5,2,6,1,4"
3014,Fine-Tuned Model,"5,2,6,3,1,4"
3015,Fine-Tuned Model,"4,3,1,6,5,2"
3016,Fine-Tuned Model,"2,5,4,6,1,3"
3017,Fine-Tuned Model,"5,2,6,4,3,1"
3018,Fine-Tuned Model,"4,3,5,2,6,1"
3019,Fine-Tuned Model,
3020,Fine-Tuned Model,"4,6,5,3,2,1"
3021,Fine-Tuned Model,"2,4,6,3,5,1"
3022,Fine-Tuned Model,"4,2,3,6,1,5"
3023,Fine-Tuned Model,"6,4,2,5,3,1"
3024,Fine-Tuned Model,"6,4,1"
3025,Fine-Tuned Model,"1,3,5,2,6,4"
3026,Fine-Tuned Model,"1,2,4,3,2,4"
3027,Fine-Tuned Model,
3028,Fine-Tuned Model,"1,4,3,2,6,5"
3029,Fine-Tuned Model,
3030,Fine-Tuned Model,"3,6,4,2,5,1"
3031,Fine-Tuned Model,"1,2,3,4,5,3"
3032,Fine-Tuned Model,"4,2,6,3,5,1"
3033,Fine-Tuned Model,"3,5,2,6,1,4"
3034,Fine-Tuned Model,"1,5,3,6,2,4"
3035,Fine-Tuned Model,"4,2,6,5,3,1"
3036,Fine-Tuned Model,"4,2,5,6,3,1"
3037,Fine-Tuned Model,"1,3,2,6,5,4"
3038,Fine-Tuned Model,"5,3,6,2,1,4"
3039,Fine-Tuned Model,"3,6,1,2,6,4"
3040,Fine-Tuned Model,"1,4,3,2,6,5"
3041,Fine-Tuned Model,"3,5,4,2,6,1"
3042,Fine-Tuned Model,"1,4,3,2,5,6"
3043,Fine-Tuned Model,"1,3,4,2,5,6"
3044,Fine-Tuned Model,
3045,Fine-Tuned Model,"2,4,6,5,3,1"
3046,Fine-Tuned Model,"6,1,6,3,6"
3047,Fine-Tuned Model,"2,4,5,3,6,1"
3048,Fine-Tuned Model,"3,6,2,5,4,1"
3049,Fine-Tuned Model,"1,6,1,6,1,6"
3050,Fine-Tuned Model,"4,2,6,3,5,1"
3051,Fine-Tuned Model,
3052,Fine-Tuned Model,
3053,Fine-Tuned Model,"3,1,5,6,4,2"
3054,Fine-Tuned Model,
3055,Fine-Tuned Model,"1,2,3,4,5,6"
3056,Fine-Tuned Model,
3057,Fine-Tuned Model,"3,5,1,6,2,4"
3058,Fine-Tuned Model,
3059,Fine-Tuned Model,"4,3,2,6,1,5"
3060,Fine-Tuned Model,
3061,Fine-Tuned Model,"2,5,3,6,1,4"
3062,Fine-Tuned Model,"1,3,2,4,5,6"
3063,Fine-Tuned Model,"2,4,5,1,3,6"
3064,Fine-Tuned Model,"4,2,6"
3065,Fine-Tuned Model,"3,2,6,5,1,4"
3066,Fine-Tuned Model,"5,3,2,6,1,4"
3067,Fine-Tuned Model,"2,5,4,1,3,6"
3068,Fine-Tuned Model,"2,5,6,3,1,4"
3069,Fine-Tuned Model,"1,2,3,4,5,6"
3070,Fine-Tuned Model,"1,6,1,6,1,6"
3071,Fine-Tuned Model,"1,3,4,2,6,5"
3072,Fine-Tuned Model,"2,5,4,6,1,3"
3073,Fine-Tuned Model,"1,5,4,2,3,6"
3074,Fine-Tuned Model,"4,2,6,1,3,5"
3075,Fine-Tuned Model,
3076,Fine-Tuned Model,
3077,Fine-Tuned Model,"4,6,3,2,5,1"
3078,Fine-Tuned Model,"5,2,4,6,3,1"
3079,Fine-Tuned Model,"1,4,6,3,2,5"
3080,Fine-Tuned Model,"1,4,3,2,6,5"
3081,Fine-Tuned Model,
3082,Fine-Tuned Model,6
3083,Fine-Tuned Model,"4,2,6,1,5,3"
3084,Fine-Tuned Model,"1,6,6"
3085,Fine-Tuned Model,"1,3,6,2,6,1"
3086,Fine-Tuned Model,"4,2,5,1,6,3"
3087,Fine-Tuned Model,"5,3,1,4,2,6"
3088,Fine-Tuned Model,
3089,Fine-Tuned Model,"3,5,6,4,2"
3090,Fine-Tuned Model,
3091,Fine-Tuned Model,"1,2,3,4,5,6"
3092,Fine-Tuned Model,"4,2,6,5,3,1"
3093,Fine-Tuned Model,"4,2,5,6,1,3"
3094,Fine-Tuned Model,"1,4,2,3,6,5"
3095,Fine-Tuned Model,"6,2,5,3,4,1"
3096,Fine-Tuned Model,
3097,Fine-Tuned Model,
3098,Fine-Tuned Model,
3099,Fine-Tuned Model,"6,5,3,2,6,5"
3100,Fine-Tuned Model,"4,2,1,5,6,3"
3101,Fine-Tuned Model,
3102,Fine-Tuned Model,"2,5,3,6,1,4"
3103,Fine-Tuned Model,"2,5,4,3,6,1"
3104,Fine-Tuned Model,"5,3,2,6,1,4"
3105,Fine-Tuned Model,"2,4,6,3,1,5"
3106,Fine-Tuned Model,"3,6,2,5,4,1"
3107,Fine-Tuned Model,"1,3,4,2,5,1"
3108,Fine-Tuned Model,"2,5,1,4,6,3"
3109,Fine-Tuned Model,"3,2,6,5,1,4"
3110,Fine-Tuned Model,"4,2,6,3,5,1"
3111,Fine-Tuned Model,
3112,Fine-Tuned Model,"1,3,5,2,6,4"
3113,Fine-Tuned Model,"3,5,6,2,4,1"
3114,Fine-Tuned Model,
3115,Fine-Tuned Model,
3116,Fine-Tuned Model,"5,1,3,6,2,4"
3117,Fine-Tuned Model,"3,1,5,4,2,6"
3118,Fine-Tuned Model,
3119,Fine-Tuned Model,"1,2,4,3,5,6"
3120,Fine-Tuned Model,"3,6,4,2,5,1"
3121,Fine-Tuned Model,"1,4,3,6,5,2"
3122,Fine-Tuned Model,"1,2,3,4,5,6"
3123,Fine-Tuned Model,"4,2,6,1,3,5"
3124,Fine-Tuned Model,
3125,Fine-Tuned Model,
3126,Fine-Tuned Model,"1,6,6"
3127,Fine-Tuned Model,"3,6,2,5,1,4"
3128,Fine-Tuned Model,"3,4,2,6,1,5"
3129,Fine-Tuned Model,"4,2,6,5,1,3"
3130,Fine-Tuned Model,"3,5,2,6,3,4"
3131,Fine-Tuned Model,"4,2,6,5,3,1"
3132,Fine-Tuned Model,"3,6,1,5,2,4"
3133,Fine-Tuned Model,"2,5,3,1,4,6"
3134,Fine-Tuned Model,"2,6,1,3,5,4"
3135,Fine-Tuned Model,"4,2,3,6,1,5"
3136,Fine-Tuned Model,"1,2,3,4,5,6"
3137,Fine-Tuned Model,"3,1,6,2,5,4"
3138,Fine-Tuned Model,"1,3"
3139,Fine-Tuned Model,"3,2,6,4,5,1"
3140,Fine-Tuned Model,"1,2,5,2,6,3"
3141,Fine-Tuned Model,"5,2,6,4,1,3"
3142,Fine-Tuned Model,"4,2,3,6,5,1"
3143,Fine-Tuned Model,1
3144,Fine-Tuned Model,
3145,Fine-Tuned Model,
3146,Fine-Tuned Model,"4,1,6,2,3,5"
3147,Fine-Tuned Model,"6,1,6,1"
3148,Fine-Tuned Model,"3,6,2,5,1,4"
3149,Fine-Tuned Model,"3,6,2,4,1,5"
3150,Fine-Tuned Model,"2,3,6,4,5,1"
3151,Fine-Tuned Model,"2,5,3,4,6,1"
3152,Fine-Tuned Model,"3,2,6,4,1,5"
3153,Fine-Tuned Model,"4,2,6,1,3,5"
3154,Fine-Tuned Model,"4,6,2,3,5,1"
3155,Fine-Tuned Model,"3,6,4,2,5,1"
3156,Fine-Tuned Model,"2,6,3,1,4"
3157,Fine-Tuned Model,"1,2,5,4,6,1"
3158,Fine-Tuned Model,"1,2,4,6,3,5"
3159,Fine-Tuned Model,"4,3,5,2,6,1"
3160,Fine-Tuned Model,"1,4,6,2,3,5"
3161,Fine-Tuned Model,"4,2,6,1,3,5"
3162,Fine-Tuned Model,"6,3,1,4,6,5"
3163,Fine-Tuned Model,"1,4,2,6,1,3"
3164,Fine-Tuned Model,"1,2,3,4,5,6"
3165,Fine-Tuned Model,"3,2,6,4,5,1"
3166,Fine-Tuned Model,
3167,Fine-Tuned Model,"5,1,3,2,6,4"
3168,Fine-Tuned Model,"1,3,2,6,5,4"
3169,Fine-Tuned Model,"1,3,4,2,6,5"
3170,Fine-Tuned Model,"3,6,2,5,1,4"
3171,Fine-Tuned Model,
3172,Fine-Tuned Model,"6,2,5,4,1,3"
3173,Fine-Tuned Model,
3174,Fine-Tuned Model,"1,5,3,6,2,4"
3175,Fine-Tuned Model,"1,6,6,3,6,2"
3176,Fine-Tuned Model,
3177,Fine-Tuned Model,"1,3,2,4,5,6"
3178,Fine-Tuned Model,"2,5,3,6,1,4"
3179,Fine-Tuned Model,"4,2,6,3,1,5"
3180,Fine-Tuned Model,"3,6,2,1,5,4"
3181,Fine-Tuned Model,"1,2,4,3,5,6"
3182,Fine-Tuned Model,"3,6,2,5,4,1"
3183,Fine-Tuned Model,"3,6,2,5,4,1"
3184,Fine-Tuned Model,"1,2,3,4,5,6"
3185,Fine-Tuned Model,"1,3,2,5,3,4"
3186,Fine-Tuned Model,"1,6,6"
3187,Fine-Tuned Model,"4,2,6,5,3,1"
3188,Fine-Tuned Model,"4,2,6,5,3,1"
3189,Fine-Tuned Model,
3190,Fine-Tuned Model,
3191,Fine-Tuned Model,
3192,Fine-Tuned Model,"2,4,3,6,5,2"
3193,Fine-Tuned Model,"3,4,2,6,5,1"
3194,Fine-Tuned Model,"1,4,2,3,3,6"
3195,Fine-Tuned Model,6
3196,Fine-Tuned Model,"2,4,5,1,3,6"
3197,Fine-Tuned Model,"2,6,5,3,1,4"
3198,Fine-Tuned Model,"4,3,6,2,5,1"
3199,Fine-Tuned Model,"4,2,6,1,3,5"
3200,Fine-Tuned Model,"1,3,2,5,4,6"
3201,Fine-Tuned Model,1
3202,Fine-Tuned Model,"4,2,6,3,5,1"
3203,Fine-Tuned Model,
3204,Fine-Tuned Model,"4,6,3,5,2,1"
3205,Fine-Tuned Model,"2,5,3,1,4,6"
3206,Fine-Tuned Model,"5,3,6,2,1,4"
3207,Fine-Tuned Model,"1,2,3,4,5,6"
3208,Fine-Tuned Model,"3,1,2,6,5,4"
3209,Fine-Tuned Model,"1,6,5,3,2,4"
3210,Fine-Tuned Model,"2,4,3,6,1,5"
3211,Fine-Tuned Model,"1,6,3,2,6,3"
3212,Fine-Tuned Model,"4,2,6,3,5,1"
3213,Fine-Tuned Model,"1,6,6"
3214,Fine-Tuned Model,"6,1,6"
3215,Fine-Tuned Model,"3,6,4,2,1,5"
3216,Fine-Tuned Model,"5,2,6,1,3,4"
3217,Fine-Tuned Model,
3218,Fine-Tuned Model,6
3219,Fine-Tuned Model,"1,3,2,6,4,5"
3220,Fine-Tuned Model,"3,4,2,6,5,1"
3221,Fine-Tuned Model,"3,4,6,2,5,1"
3222,Fine-Tuned Model,"3,5,4,2,6,3"
3223,Fine-Tuned Model,
3224,Fine-Tuned Model,
3225,Fine-Tuned Model,"4,3,2,6,5,1"
3226,Fine-Tuned Model,"3,6,2,5,4,1"
3227,Fine-Tuned Model,"4,2,6,1,5,3"
3228,Fine-Tuned Model,"4,6,3,2,5,1"
3229,Fine-Tuned Model,"1,6,6"
3230,Fine-Tuned Model,"3,6,4,1,2"
3231,Fine-Tuned Model,"2,6,3,1,4,5"
3232,Fine-Tuned Model,
3233,Fine-Tuned Model,
3234,Fine-Tuned Model,"6,6,3,2,6,5"
3235,Fine-Tuned Model,"5,1,3,4,2,6"
3236,Fine-Tuned Model,"1,2,4,2,5,1"
3237,Fine-Tuned Model,
3238,Fine-Tuned Model,"2,5,4,1,6,3"
3239,Fine-Tuned Model,"4,2,6,1,5,3"
3240,Fine-Tuned Model,"1,3,5,4,2,6"
3241,Fine-Tuned Model,"3,6,2,5,4,1"
3242,Fine-Tuned Model,"5,2,6,4,3,1"
3243,Fine-Tuned Model,6
3244,Fine-Tuned Model,"4,2,6,1,3,5"
3245,Fine-Tuned Model,
3246,Fine-Tuned Model,
3247,Fine-Tuned Model,"6,3,4,5,2,6"
3248,Fine-Tuned Model,"3,5,2,6,1,4"
3249,Fine-Tuned Model,"5,2,6,1,3,4"
3250,Fine-Tuned Model,
3251,Fine-Tuned Model,"1,5,2,6,4,3"
3252,Fine-Tuned Model,
3253,Fine-Tuned Model,"2,5,3,6,1,4"
3254,Fine-Tuned Model,"2,5,3,1,4"
3255,Fine-Tuned Model,"1,3,4,5,2,6"
3256,Fine-Tuned Model,"1,3,2,6,5,4"
3257,Fine-Tuned Model,
3258,Fine-Tuned Model,"4,1,6,3,2,5"
3259,Fine-Tuned Model,"1,6,6"
3260,Fine-Tuned Model,
3261,Fine-Tuned Model,"1,6"
3262,Fine-Tuned Model,
3263,Fine-Tuned Model,"2,6,4,3,5,1"
3264,Fine-Tuned Model,
3265,Fine-Tuned Model,"2,5,3,4,6,1"
3266,Fine-Tuned Model,"5,2,6,3,1,4"
3267,Fine-Tuned Model,"1,4,2,6,3,5"
3268,Fine-Tuned Model,
3269,Fine-Tuned Model,"2,4,5,1,6,3"
3270,Fine-Tuned Model,"4,2,6,3,1,5"
3271,Fine-Tuned Model,"1,5,3,2,6,4"
3272,Fine-Tuned Model,
3273,Fine-Tuned Model,
3274,Fine-Tuned Model,"4,6,3,5,2"
3275,Fine-Tuned Model,"4,2,6,3,1,5"
3276,Fine-Tuned Model,"5,3,1,2,6,4"
3277,Fine-Tuned Model,
3278,Fine-Tuned Model,"2,6,3,5,1,4"
3279,Fine-Tuned Model,"2,4,6,5,2,1"
3280,Fine-Tuned Model,
3281,Fine-Tuned Model,"5,2,6,1,4,3"
3282,Fine-Tuned Model,"5,2,6,1,4,3"
3283,Fine-Tuned Model,"2,5,4,3,1,6"
3284,Fine-Tuned Model,"5,2,6,3,1,4"
3285,Fine-Tuned Model,"2,3,5,1,4,6"
3286,Fine-Tuned Model,"5,2,6,1,3,4"
3287,Fine-Tuned Model,"2,4,6,3,5,1"
3288,Fine-Tuned Model,"1,5,2,6,3,4"
3289,Fine-Tuned Model,"1,6,1,6,1,6"
3290,Fine-Tuned Model,"5,4,1,6,3,2"
3291,Fine-Tuned Model,"4,2,6,1,3,5"
3292,Fine-Tuned Model,"4,2,6,1,5,3"
3293,Fine-Tuned Model,"4,2,6,5,1,3"
3294,Fine-Tuned Model,"4,2,6,1,3,5"
3295,Fine-Tuned Model,"5,1,4,6,3,5"
3296,Fine-Tuned Model,
3297,Fine-Tuned Model,
3298,Fine-Tuned Model,"3,5,2,6,1,4"
3299,Fine-Tuned Model,"1,3,5,2,6,4"
3300,Fine-Tuned Model,"2,5,3,6,4,1"
3301,Fine-Tuned Model,"1,4,2,6,3,5"
3302,Fine-Tuned Model,"4,2,6,3,1,5"
3303,Fine-Tuned Model,"1,2,3,4,5,6"
3304,Fine-Tuned Model,"2,5,6,4,1,3"
3305,Fine-Tuned Model,1
3306,Fine-Tuned Model,
3307,Fine-Tuned Model,"1,3,5,2,4,6"
3308,Fine-Tuned Model,"3,6,2,5"
3309,Fine-Tuned Model,
3310,Fine-Tuned Model,
3311,Fine-Tuned Model,"1,4,3,6,2,5"
3312,Fine-Tuned Model,
3313,Fine-Tuned Model,"3,2,6,5,3,2"
3314,Fine-Tuned Model,"1,2,3,4,5,6"
3315,Fine-Tuned Model,"4,2,6,1,5,3"
3316,Fine-Tuned Model,
3317,Fine-Tuned Model,"1,3,2,5,3,2"
3318,Fine-Tuned Model,"1,3,5,2,6,4"
3319,Fine-Tuned Model,
3320,Fine-Tuned Model,"4,2,3,5,6"
3321,Fine-Tuned Model,"5,1,4,2,3,6"
3322,Fine-Tuned Model,"6,1,6,1"
3323,Fine-Tuned Model,"4,2,3,6,5,1"
3324,Fine-Tuned Model,"4,2,6,1,3,5"
3325,Fine-Tuned Model,"3,1,2,6,5,4"
3326,Fine-Tuned Model,"2,4,6,3,1,5"
3327,Fine-Tuned Model,"3,2,6,5,4,1"
3328,Fine-Tuned Model,"6,1,6"
3329,Fine-Tuned Model,"1,2,4,3,5,2"
3330,Fine-Tuned Model,
3331,Fine-Tuned Model,
3332,Fine-Tuned Model,"1,2,3,4,5,6"
3333,Fine-Tuned Model,"4,2,6,1,5,3"
3334,Fine-Tuned Model,"6,1,6,3,6,2"
3335,Fine-Tuned Model,"2,3,5,6,4,1"
3336,Fine-Tuned Model,"1,3,4,5,2,6"
3337,Fine-Tuned Model,"4,6,2,5,3,1"
3338,Fine-Tuned Model,
3339,Fine-Tuned Model,"1,3,5,6,2,4"
3340,Fine-Tuned Model,"3,6,2,4,1,5"
3341,Fine-Tuned Model,"2,5,6,4,3,1"
3342,Fine-Tuned Model,
3343,Fine-Tuned Model,
3344,Fine-Tuned Model,"1,2,3,4,5,6"
3345,Fine-Tuned Model,"2,4,6,3,5,1"
3346,Fine-Tuned Model,
3347,Fine-Tuned Model,
3348,Fine-Tuned Model,"2,5,4,1,6,3"
3349,Fine-Tuned Model,"3,4,2,5,6,1"
3350,Fine-Tuned Model,"4,2,6,3,1,5"
3351,Fine-Tuned Model,"3,5,2,1,6"
3352,Fine-Tuned Model,"2,6,1,5,4,3"
3353,Fine-Tuned Model,
3354,Fine-Tuned Model,"2,5,3,1,4,6"
3355,Fine-Tuned Model,"5,3,6,2,6,4"
3356,Fine-Tuned Model,"4,2,5,6,1,3"
3357,Fine-Tuned Model,"4,2,6,3,1,5"
3358,Fine-Tuned Model,
3359,Fine-Tuned Model,"3,1,6,2"
3360,Fine-Tuned Model,"3,2,6,4,3,5"
3361,Fine-Tuned Model,"1,3,2,5,4,6"
3362,Fine-Tuned Model,"1,2,3,5,6,1"
3363,Fine-Tuned Model,"5,3,2,6,4,1"
3364,Fine-Tuned Model,"4,6,3,5,2"
3365,Fine-Tuned Model,"5,3,2,6,4,1"
3366,Fine-Tuned Model,"2,5,3,6,1,4"
3367,Fine-Tuned Model,"3,5,1,2,6,4"
3368,Fine-Tuned Model,6
3369,Fine-Tuned Model,"4,3,6,2,5,1"
3370,Fine-Tuned Model,"6,2,4,6,3,5"
3371,Fine-Tuned Model,
3372,Fine-Tuned Model,"2,4,5,1,3,6"
3373,Fine-Tuned Model,
3374,Fine-Tuned Model,"6,1,6,4,2,6"
3375,Fine-Tuned Model,"4,2,5,6,3,1"
3376,Fine-Tuned Model,"1,2,6,4,1,3"
3377,Fine-Tuned Model,"4,2,5,1,6,3"
3378,Fine-Tuned Model,"4,6,2,3,5,1"
3379,Fine-Tuned Model,"2,5,3,1,6,6"
3380,Fine-Tuned Model,"6,1"
3381,Fine-Tuned Model,"1,4,3,2,6,5"
3382,Fine-Tuned Model,"4,2,6,3,5,1"
3383,Fine-Tuned Model,"1,4,2,3,1,5"
3384,Fine-Tuned Model,"3,1,6,2,5,4"
3385,Fine-Tuned Model,
3386,Fine-Tuned Model,"1,1"
3387,Fine-Tuned Model,
3388,Fine-Tuned Model,"1,2,3,5,1,6"
3389,Fine-Tuned Model,"3,4,6,2"
3390,Fine-Tuned Model,"3,4,6,2,5,1"
3391,Fine-Tuned Model,"3,5,2,6,3,1"
3392,Fine-Tuned Model,"5,3,2,6,1,4"
3393,Fine-Tuned Model,
3394,Fine-Tuned Model,"3,2,6,5,1,4"
3395,Fine-Tuned Model,
3396,Fine-Tuned Model,
3397,Fine-Tuned Model,"3,4,2,6,5,1"
3398,Fine-Tuned Model,"3,5,6,2,4,1"
3399,Fine-Tuned Model,1
3400,Fine-Tuned Model,"1,2,5,3,6,1"
3401,Fine-Tuned Model,
3402,Fine-Tuned Model,"3,4,2,5,6,3"
3403,Fine-Tuned Model,"4,2,6,5,1,3"
3404,Fine-Tuned Model,6
3405,Fine-Tuned Model,"2,3,1,4,5,6"
3406,Fine-Tuned Model,"3,2,4,5,6,1"
3407,Fine-Tuned Model,
3408,Fine-Tuned Model,"2,3,5,1,2,6"
3409,Fine-Tuned Model,"5,4,3,6,2,5"
3410,Fine-Tuned Model,"3,5,2,6,1,4"
3411,Fine-Tuned Model,"6,4,2,5,3,6"
3412,Fine-Tuned Model,"2,5,3"
3413,Fine-Tuned Model,"3,1,2,6,4,5"
3414,Fine-Tuned Model,"4,2,6,1,5,3"
3415,Fine-Tuned Model,"3,2,6,1,5,4"
3416,Fine-Tuned Model,"4,2,6,3,5,1"
3417,Fine-Tuned Model,"3,6,2,5,4,1"
3418,Fine-Tuned Model,1
3419,Fine-Tuned Model,"2,6,5,3,1,4"
3420,Fine-Tuned Model,"1,4,2,5,6,3"
3421,Fine-Tuned Model,
3422,Fine-Tuned Model,"1,2,3,6,4,2"
3423,Fine-Tuned Model,"2,6,1,4,3,5"
3424,Fine-Tuned Model,"2,4,5,1,6,3"
3425,Fine-Tuned Model,"2,6,3,4,5"
3426,Fine-Tuned Model,"1,3,2,6,4,5"
3427,Fine-Tuned Model,"4,6,3,2,5,1"
3428,Fine-Tuned Model,"3,6,2,5,4,1"
3429,Fine-Tuned Model,"4,2,6,1,5,3"
3430,Fine-Tuned Model,"3,4,2,1,6,5"
3431,Fine-Tuned Model,"2,5,4,3,6,1"
3432,Fine-Tuned Model,"5,3,2,6,1,4"
3433,Fine-Tuned Model,"2,4,6,5,3,5"
3434,Fine-Tuned Model,"2,6,4,3,5,1"
3435,Fine-Tuned Model,"3,2,6,1,5,4"
3436,Fine-Tuned Model,"3,6,2,5,4,1"
3437,Fine-Tuned Model,"6,1,6"
3438,Fine-Tuned Model,
3439,Fine-Tuned Model,
3440,Fine-Tuned Model,"2,5,6,3"
3441,Fine-Tuned Model,"5,3,2,4,6,1"
3442,Fine-Tuned Model,
3443,Fine-Tuned Model,"4,1,3,2,6,5"
3444,Fine-Tuned Model,"5,3,6,2,4,1"
3445,Fine-Tuned Model,
3446,Fine-Tuned Model,"4,2,6,5,3,1"
3447,Fine-Tuned Model,6
3448,Fine-Tuned Model,"1,2,3,4,5,6"
3449,Fine-Tuned Model,"5,3,2,6,4,1"
3450,Fine-Tuned Model,"1,6,2,3,5,4"
3451,Fine-Tuned Model,"4,5,5,2"
3452,Fine-Tuned Model,
3453,Fine-Tuned Model,"2,5,3,6,1,4"
3454,Fine-Tuned Model,
3455,Fine-Tuned Model,
3456,Fine-Tuned Model,"1,2,3,2,6,1"
3457,Fine-Tuned Model,"3,1,6,5,2,4"
3458,Fine-Tuned Model,"3,4,6,5,2,1"
3459,Fine-Tuned Model,
3460,Fine-Tuned Model,"3,6,2,5,1,4"
3461,Fine-Tuned Model,"6,1,6"
3462,Fine-Tuned Model,"3,6,2,5,4,1"
3463,Fine-Tuned Model,"6,1,6"
3464,Fine-Tuned Model,"5,3,6,2,1,4"
3465,Fine-Tuned Model,"1,3,6,2,5,4"
3466,Fine-Tuned Model,
3467,Fine-Tuned Model,"1,3,2,6,4,5"
3468,Fine-Tuned Model,"3,2,6,5,4,1"
3469,Fine-Tuned Model,"2,4,6,1,3,5"
3470,Fine-Tuned Model,"2,4,1,6,3,5"
3471,Fine-Tuned Model,"3,6,2,1,4,5"
3472,Fine-Tuned Model,"2,4,3,5,6,1"
3473,Fine-Tuned Model,
3474,Fine-Tuned Model,"5,2,4,6,3,1"
3475,Fine-Tuned Model,
3476,Fine-Tuned Model,"1,3,5,2,6,4"
3477,Fine-Tuned Model,"6,3,5,2,1,4"
3478,Fine-Tuned Model,"2,5,1,6,4,3"
3479,Fine-Tuned Model,1
3480,Fine-Tuned Model,"2,5,3,6,4,1"
3481,Fine-Tuned Model,"1,6,6,2,4,5"
3482,Fine-Tuned Model,"3,4,5,2,6,1"
3483,Fine-Tuned Model,"1,2,3,4,5,6"
3484,Fine-Tuned Model,"3,4"
3485,Fine-Tuned Model,"3,2,6,4,3,5"
3486,Fine-Tuned Model,
3487,Fine-Tuned Model,"3,1,5,6,4,2"
3488,Fine-Tuned Model,
3489,Fine-Tuned Model,6
3490,Fine-Tuned Model,"5,3,1,6,2,4"
3491,Fine-Tuned Model,"1,3,2,6,5,4"
3492,Fine-Tuned Model,"1,5,6,2,6,4"
3493,Fine-Tuned Model,"3,2,6,4,5,1"
3494,Fine-Tuned Model,"2,4,1,5,3,6"
3495,Fine-Tuned Model,"2,5,4,1,3,6"
3496,Fine-Tuned Model,"5,5,3,6,4"
3497,Fine-Tuned Model,"1,6,6"
3498,Fine-Tuned Model,"1,4,6,1,4,6"
3499,Fine-Tuned Model,"4,2,6,5,1,3"
3500,Fine-Tuned Model,"6,1,1,1"
3501,Fine-Tuned Model,"1,4,6,2,3,5"
3502,Fine-Tuned Model,"2,5,3,6,4,1"
3503,Fine-Tuned Model,"1,3,2,5,4,6"
3504,Fine-Tuned Model,"3,5,2,6,4,1"
3505,Fine-Tuned Model,"3,6,2,5,1,4"
3506,Fine-Tuned Model,"5,2,4,6,1,3"
3507,Fine-Tuned Model,
3508,Fine-Tuned Model,"6,1,6,1,3,2"
3509,Fine-Tuned Model,"2,5,3,1,4,6"
3510,Fine-Tuned Model,"3,5,2,1,4,3"
3511,Fine-Tuned Model,
3512,Fine-Tuned Model,"1,6,6"
3513,Fine-Tuned Model,"3,2,4,3,6,1"
3514,Fine-Tuned Model,
3515,Fine-Tuned Model,"4,3,6,2,5,1"
3516,Fine-Tuned Model,
3517,Fine-Tuned Model,
3518,Fine-Tuned Model,"4,2,6,1,5,3"
3519,Fine-Tuned Model,
3520,Fine-Tuned Model,"4,2,6,1,5,3"
3521,Fine-Tuned Model,"4,2,6,3,5,1"
3522,Fine-Tuned Model,"1,2,3,4,5"
3523,Fine-Tuned Model,"3,6,2,5,1,4"
3524,Fine-Tuned Model,
3525,Fine-Tuned Model,"1,4,1,5,6,1"
3526,Fine-Tuned Model,"3,6,2,5,1,4"
3527,Fine-Tuned Model,"4,2,6,1,5,3"
3528,Fine-Tuned Model,
3529,Fine-Tuned Model,
3530,Fine-Tuned Model,"6,1,6"
3531,Fine-Tuned Model,"6,3,5,2,4,1"
3532,Fine-Tuned Model,"5,3,1,6,2,4"
3533,Fine-Tuned Model,"4,2,6,1,5,3"
3534,Fine-Tuned Model,
3535,Fine-Tuned Model,"5,3,2,6,1,4"
3536,Fine-Tuned Model,"5,2,6,3,4,1"
3537,Fine-Tuned Model,"3,6,1,5,2,4"
3538,Fine-Tuned Model,"4,6,1,3,5"
3539,Fine-Tuned Model,"2,4,6,1,3,5"
3540,Fine-Tuned Model,"4,6,5,2,3,1"
3541,Fine-Tuned Model,"1,5,2,2,3,6"
3542,Fine-Tuned Model,
3543,Fine-Tuned Model,"1,6,1,6,1,6"
3544,Fine-Tuned Model,"3,5,1,3,6,2"
3545,Fine-Tuned Model,"2,5,3,1,4,6"
3546,Fine-Tuned Model,"3,6,1,5,4,2"
3547,Fine-Tuned Model,"2,5,3,6,4,1"
3548,Fine-Tuned Model,"4,2,6,3,1,5"
3549,Fine-Tuned Model,"1,6,6"
3550,Fine-Tuned Model,"6,1,6"
3551,Fine-Tuned Model,"3,2,6,5,1,4"
3552,Fine-Tuned Model,"3,2,6,5,1,4"
3553,Fine-Tuned Model,
3554,Fine-Tuned Model,"2,5,6,3,4,1"
3555,Fine-Tuned Model,
3556,Fine-Tuned Model,"4,2,6,5,1,3"
3557,Fine-Tuned Model,"6,1,6"
3558,Fine-Tuned Model,"2,3,4,5,2,1"
3559,Fine-Tuned Model,"3,2,6,5,1,4"
3560,Fine-Tuned Model,"2,5,3,6,2,4"
3561,Fine-Tuned Model,"1,6,5,3,2,6"
3562,Fine-Tuned Model,"3,1,5,2,4,6"
3563,Fine-Tuned Model,"1,4,2,5,3,1"
3564,Fine-Tuned Model,"1,2,3,4,5,6"
3565,Fine-Tuned Model,"2,5,4,1,3,6"
3566,Fine-Tuned Model,"1,2,3,4,5,6"
3567,Fine-Tuned Model,"4,2,6,1,3,5"
3568,Fine-Tuned Model,"1,4,2,5,6,3"
3569,Fine-Tuned Model,"4,6,2,5,3,1"
3570,Fine-Tuned Model,
3571,Fine-Tuned Model,"3,6,2,5,4,1"
3572,Fine-Tuned Model,
3573,Fine-Tuned Model,
3574,Fine-Tuned Model,"3,1,6,5,2"
3575,Fine-Tuned Model,
3576,Fine-Tuned Model,"1,6,6"
3577,Fine-Tuned Model,"3,6,1,4,5,2"
3578,Fine-Tuned Model,"4,1,6,2,3,5"
3579,Fine-Tuned Model,"1,2,3,4,5,6"
3580,Fine-Tuned Model,
3581,Fine-Tuned Model,"3,6,1,4,5,2"
3582,Fine-Tuned Model,
3583,Fine-Tuned Model,"1,2,3,6,2,5"
3584,Fine-Tuned Model,
3585,Fine-Tuned Model,"1,2,5,1,3,6"
3586,Fine-Tuned Model,"3,4,2,5,6,1"
3587,Fine-Tuned Model,"4,3,2,6,1,5"
3588,Fine-Tuned Model,"2,6,3,1,5,4"
3589,Fine-Tuned Model,"1,4,1,2,1,3"
3590,Fine-Tuned Model,
3591,Fine-Tuned Model,"1,3,5,4,2,6"
3592,Fine-Tuned Model,
3593,Fine-Tuned Model,
3594,Fine-Tuned Model,"3,2,5,6,1,4"
3595,Fine-Tuned Model,"4,2,6,1,3,5"
3596,Fine-Tuned Model,"5,2,6,3,1,4"
3597,Fine-Tuned Model,
3598,Fine-Tuned Model,"4,3,5,2,6,1"
3599,Fine-Tuned Model,"6,4,3,6,5,2"
3600,Fine-Tuned Model,
3601,Fine-Tuned Model,"5,2,4,1,3,6"
3602,Fine-Tuned Model,"3,5,6,3,2,6"
3603,Fine-Tuned Model,
3604,Fine-Tuned Model,"4,3,6,5,2,1"
3605,Fine-Tuned Model,"3,5,2,6,4,1"
3606,Fine-Tuned Model,
3607,Fine-Tuned Model,"1,2,3,4,5,6"
3608,Fine-Tuned Model,1
3609,Fine-Tuned Model,"2,4,6,3,5,1"
3610,Fine-Tuned Model,"1,3,5,2,6,4"
3611,Fine-Tuned Model,"5,1,3,2,6,4"
3612,Fine-Tuned Model,"1,6,6,1,2,5"
3613,Fine-Tuned Model,"2,5,6,1,4,3"
3614,Fine-Tuned Model,"5,2,6,1,4,3"
3615,Fine-Tuned Model,"3,2,6,4,1,5"
3616,Fine-Tuned Model,"2,6,4,1,3,5"
3617,Fine-Tuned Model,"3,6,2,5,4,1"
3618,Fine-Tuned Model,"3,6,2,5,1,4"
3619,Fine-Tuned Model,"2,5,6,3,4,1"
3620,Fine-Tuned Model,"3,1,6,2,4,5"
3621,Fine-Tuned Model,"2,5,6,3,1,4"
3622,Fine-Tuned Model,"5,3,2,6,1,4"
3623,Fine-Tuned Model,"1,4,6,2,5,3"
3624,Fine-Tuned Model,"1,3,2,4,1,6"
3625,Fine-Tuned Model,
3626,Fine-Tuned Model,
3627,Fine-Tuned Model,"1,2,3,4,5,6"
3628,Fine-Tuned Model,"1,6"
3629,Fine-Tuned Model,
3630,Fine-Tuned Model,
3631,Fine-Tuned Model,"5,4,3,5,2,6"
3632,Fine-Tuned Model,"3,6,2,5,4,1"
3633,Fine-Tuned Model,
3634,Fine-Tuned Model,"3,6,2,5,1,4"
3635,Fine-Tuned Model,"1,2,3,4,5,6"
3636,Fine-Tuned Model,"1,6,6"
3637,Fine-Tuned Model,"2,5,3,6,1,4"
3638,Fine-Tuned Model,"4,6,3,5,2,1"
3639,Fine-Tuned Model,"3,1,6,5,2,4"
3640,Fine-Tuned Model,"2,6,1,4,3,5"
3641,Fine-Tuned Model,"1,6,6"
3642,Fine-Tuned Model,"4,3,1,6,2,5"
3643,Fine-Tuned Model,"5,3,2,6,1,4"
3644,Fine-Tuned Model,"3,4,2,6,5,1"
3645,Fine-Tuned Model,
3646,Fine-Tuned Model,
3647,Fine-Tuned Model,"1,3,4,5,5,3"
3648,Fine-Tuned Model,"6,1,6"
3649,Fine-Tuned Model,"3,2,6,5,4,1"
3650,Fine-Tuned Model,
3651,Fine-Tuned Model,"1,3,5,2,6,4"
3652,Fine-Tuned Model,
3653,Fine-Tuned Model,"2,5,1,3,6,2"
3654,Fine-Tuned Model,"1,4,2,6,3,5"
3655,Fine-Tuned Model,"3,6,2,5,4,1"
3656,Fine-Tuned Model,"3,5,2,4,1,6"
3657,Fine-Tuned Model,"2,5,4,1,6,3"
3658,Fine-Tuned Model,"2,3,6,1,4,5"
3659,Fine-Tuned Model,
3660,Fine-Tuned Model,"1,4,2,3,5,6"
3661,Fine-Tuned Model,6
3662,Fine-Tuned Model,"5,3,2,6,1,4"
3663,Fine-Tuned Model,
3664,Fine-Tuned Model,"1,6,6"
3665,Fine-Tuned Model,"4,3,2,6,5,1"
3666,Fine-Tuned Model,"4,2,6,5,1,3"
3667,Fine-Tuned Model,"5,3,2,6,1,4"
3668,Fine-Tuned Model,"5,2,6,4,1,3"
3669,Fine-Tuned Model,
3670,Fine-Tuned Model,
3671,Fine-Tuned Model,
3672,Fine-Tuned Model,"2,5,3,4,6,1"
3673,Fine-Tuned Model,
3674,Fine-Tuned Model,"1,5,3,4,2,6"
3675,Fine-Tuned Model,"3,2,6,5,1,4"
3676,Fine-Tuned Model,
3677,Fine-Tuned Model,"1,6"
3678,Fine-Tuned Model,
3679,Fine-Tuned Model,"3,5,2,4,1,6"
3680,Fine-Tuned Model,"2,5,4,6,3,1"
3681,Fine-Tuned Model,"5,1,3,4,6,2"
3682,Fine-Tuned Model,"3,6,1,5,2,4"
3683,Fine-Tuned Model,"1,6,3,2,5,4"
3684,Fine-Tuned Model,
3685,Fine-Tuned Model,
3686,Fine-Tuned Model,"1,5,2,4,3,6"
3687,Fine-Tuned Model,"3,6,2,4,5,1"
3688,Fine-Tuned Model,
3689,Fine-Tuned Model,"3,5,2,6,3,4"
3690,Fine-Tuned Model,"1,5,3,2,6,4"
3691,Fine-Tuned Model,"5,3,2,6,1,4"
3692,Fine-Tuned Model,"2,4,3,5,1,6"
3693,Fine-Tuned Model,
3694,Fine-Tuned Model,"5,3,2,6,4,1"
3695,Fine-Tuned Model,"2,4,3,1,5,6"
3696,Fine-Tuned Model,"5,3,4,6,2,1"
3697,Fine-Tuned Model,"4,2,5,1,6,3"
3698,Fine-Tuned Model,
3699,Fine-Tuned Model,"3,1,5,2,6,4"
3700,Fine-Tuned Model,
3701,Fine-Tuned Model,"2,6,4,3,2,5"
3702,Fine-Tuned Model,"3,2,6,4,5,1"
3703,Fine-Tuned Model,"1,3,4,6,2,5"
3704,Fine-Tuned Model,"5,2,6,3,4,1"
3705,Fine-Tuned Model,"3,6,2,5,1,4"
3706,Fine-Tuned Model,
3707,Fine-Tuned Model,"3,1,5,2,6,4"
3708,Fine-Tuned Model,"2,5,3,1,6,4"
3709,Fine-Tuned Model,"1,2,3,4,5,6"
3710,Fine-Tuned Model,"4,3,1,2,5,6"
3711,Fine-Tuned Model,"3,6,2,5,4,1"
3712,Fine-Tuned Model,"5,2,6,4,3,1"
3713,Fine-Tuned Model,"3,6,2,5,4,1"
3714,Fine-Tuned Model,"6,1,6"
3715,Fine-Tuned Model,"4,2,5,6,1,3"
3716,Fine-Tuned Model,"4,3,6,2,1,5"
3717,Fine-Tuned Model,"6,1,6"
3718,Fine-Tuned Model,"1,4,6,3,2"
3719,Fine-Tuned Model,"3,5,2,6,4,1"
3720,Fine-Tuned Model,"1,2,3,4,5,6"
3721,Fine-Tuned Model,"2,6,3,5,4,1"
3722,Fine-Tuned Model,"1,2,2"
3723,Fine-Tuned Model,"4,2,6,5,1,3"
3724,Fine-Tuned Model,"2,4,3,5,1,6"
3725,Fine-Tuned Model,
3726,Fine-Tuned Model,"4,2,6,5,3,1"
3727,Fine-Tuned Model,"1,6,6"
3728,Fine-Tuned Model,
3729,Fine-Tuned Model,"3,2,5,6,1,4"
3730,Fine-Tuned Model,"3,2,5,6,4,1"
3731,Fine-Tuned Model,"5,4,3,6,2,1"
3732,Fine-Tuned Model,"2,5,3,6,4,1"
3733,Fine-Tuned Model,"2,5,4,1,3,6"
3734,Fine-Tuned Model,"1,6,1,1,6,2"
3735,Fine-Tuned Model,"2,5,4,1,6,3"
3736,Fine-Tuned Model,"3,6,2,5,1,4"
3737,Fine-Tuned Model,
3738,Fine-Tuned Model,"5,2,6,3,1,4"
3739,Fine-Tuned Model,
3740,Fine-Tuned Model,"4,3,1,6,2,5"
3741,Fine-Tuned Model,"1,6,4,2,5,3"
3742,Fine-Tuned Model,"4,3,6,1,5,2"
3743,Fine-Tuned Model,"1,2,3,4,5,6"
3744,Fine-Tuned Model,"1,2,3,4,5,6"
3745,Fine-Tuned Model,"3,5,2,6,3,1"
3746,Fine-Tuned Model,
3747,Fine-Tuned Model,"1,2,3,4,5,6"
3748,Fine-Tuned Model,"6,3,1,6,4,5"
3749,Fine-Tuned Model,"3,6,2,5,1,4"
3750,Fine-Tuned Model,"3,5,2,6,4,1"
3751,Fine-Tuned Model,"5,2,3,6,1,4"
3752,Fine-Tuned Model,"3,5,2,6,4,1"
3753,Fine-Tuned Model,"1,5,2,6,3,4"
3754,Fine-Tuned Model,
3755,Fine-Tuned Model,"5,4"
3756,Fine-Tuned Model,"4,2,6,3,1,5"
3757,Fine-Tuned Model,"3,2,6,4,1,5"
3758,Fine-Tuned Model,
3759,Fine-Tuned Model,"6,3"
3760,Fine-Tuned Model,"3,5,2,6,4,1"
3761,Fine-Tuned Model,"2,4,6,3,6,5"
3762,Fine-Tuned Model,"1,6,6,2,3,6"
3763,Fine-Tuned Model,"1,6,6"
3764,Fine-Tuned Model,"2,5,3,1,6,4"
3765,Fine-Tuned Model,"2,4,6,1,3,5"
3766,Fine-Tuned Model,"4,6,1,5,2,3"
3767,Fine-Tuned Model,"4,2,5,6,3,1"
3768,Fine-Tuned Model,"3,2,5,6,1,4"
3769,Fine-Tuned Model,"2,5,1,3,6,4"
3770,Fine-Tuned Model,"1,6"
3771,Fine-Tuned Model,"4,2,6,1,3,5"
3772,Fine-Tuned Model,
3773,Fine-Tuned Model,"2,6,4,1,3,5"
3774,Fine-Tuned Model,"4,2,6,1,3,5"
3775,Fine-Tuned Model,"4,2,6,1,3,5"
3776,Fine-Tuned Model,"5,2,6,3,1,4"
3777,Fine-Tuned Model,"1,4,3,6,2,5"
3778,Fine-Tuned Model,"4,2,6,3,5,1"
3779,Fine-Tuned Model,
3780,Fine-Tuned Model,"1,4,5,2,3,6"
3781,Fine-Tuned Model,"3,6,1,2,5,4"
3782,Fine-Tuned Model,
3783,Fine-Tuned Model,"2,4,6,3,5,1"
3784,Fine-Tuned Model,"1,6,3,2,5,4"
3785,Fine-Tuned Model,"6,1,6,2,6,4"
3786,Fine-Tuned Model,"1,2,5,6,3,2"
3787,Fine-Tuned Model,"2,6,1,4,3,5"
3788,Fine-Tuned Model,
3789,Fine-Tuned Model,
3790,Fine-Tuned Model,
3791,Fine-Tuned Model,"3,1,5,6,2,4"
3792,Fine-Tuned Model,"1,2,3,4,5,6"
3793,Fine-Tuned Model,"2,3,5,6,2,1"
3794,Fine-Tuned Model,"2,4,3,6,1,5"
3795,Fine-Tuned Model,"3,6,2,5,1,4"
3796,Fine-Tuned Model,"5,2,6,1,3,4"
3797,Fine-Tuned Model,"3,2,6,4,5,1"
3798,Fine-Tuned Model,"1,2,3,4,5,6"
3799,Fine-Tuned Model,"3,2,5,1,4,3"
3800,Fine-Tuned Model,6
3801,Fine-Tuned Model,"2,5,1,6,3,2"
3802,Fine-Tuned Model,
3803,Fine-Tuned Model,"3,1,6,4,2,5"
3804,Fine-Tuned Model,"5,1,6,2,3,4"
3805,Fine-Tuned Model,"5,3,6,2,4,1"
3806,Fine-Tuned Model,6
3807,Fine-Tuned Model,"1,3,2,6,4,5"
3808,Fine-Tuned Model,
3809,Fine-Tuned Model,"4,6,5,1,6,3"
3810,Fine-Tuned Model,"5,2,3,1,6,4"
3811,Fine-Tuned Model,"1,6,6,3,2,4"
3812,Fine-Tuned Model,
3813,Fine-Tuned Model,"2,5,3,1,6,4"
3814,Fine-Tuned Model,"3,4,2,6,5,1"
3815,Fine-Tuned Model,"6,1,6"
3816,Fine-Tuned Model,"2,5,3,1,4,6"
3817,Fine-Tuned Model,"1,4,3,2,6,5"
3818,Fine-Tuned Model,"4,3,5,2,6,1"
3819,Fine-Tuned Model,
3820,Fine-Tuned Model,1
3821,Fine-Tuned Model,"4,2,6,5,1,3"
3822,Fine-Tuned Model,"4,6,2,3,5,1"
3823,Fine-Tuned Model,"4,2,5,3,6,1"
3824,Fine-Tuned Model,
3825,Fine-Tuned Model,"1,2,3,4,5,6"
3826,Fine-Tuned Model,"3,5,2,1,6,4"
3827,Fine-Tuned Model,"1,6,4"
3828,Fine-Tuned Model,"1,3,6,2,5,4"
3829,Fine-Tuned Model,"5,3,2,6,4,1"
3830,Fine-Tuned Model,"2,6,1,5,3,4"
3831,Fine-Tuned Model,"2,4,6,2,5,3"
3832,Fine-Tuned Model,"2,6,3,5,1,4"
3833,Fine-Tuned Model,"3,4,2,6,5,1"
3834,Fine-Tuned Model,
3835,Fine-Tuned Model,"4,2,6,5,1,3"
3836,Fine-Tuned Model,"5,2,6,1,3,4"
3837,Fine-Tuned Model,"3,1,5,4,6,2"
3838,Fine-Tuned Model,"3,6,2,5,1,4"
3839,Fine-Tuned Model,
3840,Fine-Tuned Model,
3841,Fine-Tuned Model,"3,5,4,2,6,1"
3842,Fine-Tuned Model,
3843,Fine-Tuned Model,
3844,Fine-Tuned Model,"1,6,6"
3845,Fine-Tuned Model,"1,4,2,5,3,6"
3846,Fine-Tuned Model,"1,2,4,5,3,6"
3847,Fine-Tuned Model,"3,6,2,1,5,4"
3848,Fine-Tuned Model,"3,6,4,2,5,1"
3849,Fine-Tuned Model,"6,1,6"
3850,Fine-Tuned Model,"1,2,3,4,5,6"
3851,Fine-Tuned Model,"1,2,3,4,5,6"
3852,Fine-Tuned Model,
3853,Fine-Tuned Model,
3854,Fine-Tuned Model,"2,4,6,1,3,5"
3855,Fine-Tuned Model,"2,5,6,4,3,2"
3856,Fine-Tuned Model,"1,4,3,2,6,5"
3857,Fine-Tuned Model,
3858,Fine-Tuned Model,"4,2,5,3,6,1"
3859,Fine-Tuned Model,"3,6,2,5,1,4"
3860,Fine-Tuned Model,6
3861,Fine-Tuned Model,"6,3"
3862,Fine-Tuned Model,"3,5,2,6,1,4"
3863,Fine-Tuned Model,"3,6,2,5,4,1"
3864,Fine-Tuned Model,"5,2,6,1,3,4"
3865,Fine-Tuned Model,"2,4,1,6,3,5"
3866,Fine-Tuned Model,
3867,Fine-Tuned Model,
3868,Fine-Tuned Model,"3,5,1,6,2,4"
3869,Fine-Tuned Model,"2,4,6,5,3,5"
3870,Fine-Tuned Model,"4,2,6,5,1,3"
3871,Fine-Tuned Model,"3,5,2,4,6,1"
3872,Fine-Tuned Model,"4,2,6,3,5,1"
3873,Fine-Tuned Model,"1,1,6"
3874,Fine-Tuned Model,"3,1,6,5,2,4"
3875,Fine-Tuned Model,"4,1,3,5,2,6"
3876,Fine-Tuned Model,"6,1,6,6,1,6"
3877,Fine-Tuned Model,"2,5,1,3,6"
3878,Fine-Tuned Model,"1,2,3,4,5,6"
3879,Fine-Tuned Model,"4,2,5,3,6,1"
3880,Fine-Tuned Model,"1,3,4,2,6,5"
3881,Fine-Tuned Model,"1,5,2,4,1,6"
3882,Fine-Tuned Model,"1,1"
3883,Fine-Tuned Model,"1,2,3,4,5"
3884,Fine-Tuned Model,"4,3,2,5,6,1"
3885,Fine-Tuned Model,
3886,Fine-Tuned Model,"1,4,2,6,1,3"
3887,Fine-Tuned Model,
3888,Fine-Tuned Model,
3889,Fine-Tuned Model,6
3890,Fine-Tuned Model,"3,2,5,4,6,1"
3891,Fine-Tuned Model,"1,6,2,4,3,5"
3892,Fine-Tuned Model,"3,6,2,5,4,1"
3893,Fine-Tuned Model,"3,2,6,4,5,1"
3894,Fine-Tuned Model,"3,6,1,4,5,2"
3895,Fine-Tuned Model,"6,1,6"
3896,Fine-Tuned Model,
3897,Fine-Tuned Model,
3898,Fine-Tuned Model,
3899,Fine-Tuned Model,"4,2,6,3,1,5"
3900,Fine-Tuned Model,
3901,Fine-Tuned Model,"5,4,3,6,1,2"
3902,Fine-Tuned Model,
3903,Fine-Tuned Model,"1,6,6"
3904,Fine-Tuned Model,
3905,Fine-Tuned Model,"1,3,4,6,2,5"
3906,Fine-Tuned Model,
3907,Fine-Tuned Model,"3,5,1,2,6,4"
3908,Fine-Tuned Model,"2,5,4,6,1,3"
3909,Fine-Tuned Model,"3,2,6,4,5,1"
3910,Fine-Tuned Model,
3911,Fine-Tuned Model,
3912,Fine-Tuned Model,"4,2,3,5,6,1"
3913,Fine-Tuned Model,"2,5,6,3,1,4"
3914,Fine-Tuned Model,
3915,Fine-Tuned Model,"6,3,2,5,1,4"
3916,Fine-Tuned Model,
3917,Fine-Tuned Model,1
3918,Fine-Tuned Model,"2,4,5,1,3,6"
3919,Fine-Tuned Model,"2,5,6,3,4,5"
3920,Fine-Tuned Model,
3921,Fine-Tuned Model,"2,6,3,5,4,1"
3922,Fine-Tuned Model,"3,6,2,5,1,4"
3923,Fine-Tuned Model,"2,3,4,6,5,2"
3924,Fine-Tuned Model,
3925,Fine-Tuned Model,"4,3,2,6,5,1"
3926,Fine-Tuned Model,"4,2,6,3,5,1"
3927,Fine-Tuned Model,"2,5,4,6,1,3"
3928,Fine-Tuned Model,
3929,Fine-Tuned Model,"3,6,2,5,4,1"
3930,Fine-Tuned Model,"3,6,4,2,5,1"
3931,Fine-Tuned Model,"6,1,4,3,2,5"
3932,Fine-Tuned Model,"1,2,4,3,5,6"
3933,Fine-Tuned Model,"5,2,3,1,6,4"
3934,Fine-Tuned Model,"4,2,3,5,1,6"
3935,Fine-Tuned Model,"1,3,2,5,6,4"
3936,Fine-Tuned Model,"4,2,6,1,5,3"
3937,Fine-Tuned Model,"3,6,1,5,4,2"
3938,Fine-Tuned Model,"6,1,6,1"
3939,Fine-Tuned Model,"2,4,3,5,2,6"
3940,Fine-Tuned Model,"2,5,3,6,4,2"
3941,Fine-Tuned Model,"6,1,6"
3942,Fine-Tuned Model,"3,2,6,1,5,4"
3943,Fine-Tuned Model,"6,1,6,1,5,2"
3944,Fine-Tuned Model,
3945,Fine-Tuned Model,
3946,Fine-Tuned Model,"1,5,6,2,6,3"
3947,Fine-Tuned Model,"5,3,1,4,6,2"
3948,Fine-Tuned Model,"4,3,6,2,5,1"
3949,Fine-Tuned Model,"1,4,2,6,5,3"
3950,Fine-Tuned Model,
3951,Fine-Tuned Model,"3,6,2,5,4,1"
3952,Fine-Tuned Model,"2,6,4,3,5,1"
3953,Fine-Tuned Model,"6,3,2,6,5,1"
3954,Fine-Tuned Model,"2,2,4,2,2"
3955,Fine-Tuned Model,"1,2,3,4,5,6"
3956,Fine-Tuned Model,"4,3,6,2,5,1"
3957,Fine-Tuned Model,"2,5,1,3,4,6"
3958,Fine-Tuned Model,
3959,Fine-Tuned Model,"4,3,1,6,2,5"
3960,Fine-Tuned Model,
3961,Fine-Tuned Model,"1,2,4,5,2,1"
3962,Fine-Tuned Model,"2,5,1,6,3,4"
3963,Fine-Tuned Model,
3964,Fine-Tuned Model,"5,1,3,4,2,6"
3965,Fine-Tuned Model,
3966,Fine-Tuned Model,
3967,Fine-Tuned Model,"2,5,3,6,1,4"
3968,Fine-Tuned Model,"4,2,6,3,1,5"
3969,Fine-Tuned Model,"5,2,4,6,3,1"
3970,Fine-Tuned Model,
3971,Fine-Tuned Model,"4,2,6,3,5,1"
3972,Fine-Tuned Model,
3973,Fine-Tuned Model,"2,5,3,6,1,4"
3974,Fine-Tuned Model,
3975,Fine-Tuned Model,"2,6,1,5,4,3"
3976,Fine-Tuned Model,"2,4,6,3,1,5"
3977,Fine-Tuned Model,"6,5,4,1,3,2"
3978,Fine-Tuned Model,"4,2,5,6,3,1"
3979,Fine-Tuned Model,"4,2,6,3,5,1"
3980,Fine-Tuned Model,"4,2,6,3,5,1"
3981,Fine-Tuned Model,
3982,Fine-Tuned Model,"4,2,6,3,5,1"
3983,Fine-Tuned Model,"1,1,2,2,3,3"
3984,Fine-Tuned Model,"1,4,2,3,5,1"
3985,Fine-Tuned Model,"1,1"
3986,Fine-Tuned Model,
3987,Fine-Tuned Model,
3988,Fine-Tuned Model,"4,6,3,5,2,1"
3989,Fine-Tuned Model,"3,5,2,6,4,1"
3990,Fine-Tuned Model,
3991,Fine-Tuned Model,"2,5,3,6,4,1"
3992,Fine-Tuned Model,"5,3,1,4,6,2"
3993,Fine-Tuned Model,"1,4,2,6,3,5"
3994,Fine-Tuned Model,"5,3,2,6,1,4"
3995,Fine-Tuned Model,"1,4,3,6,2,5"
3996,Fine-Tuned Model,"2,6,4,5,3,1"
3997,Fine-Tuned Model,"2,6,1,3,4,5"
3998,Fine-Tuned Model,"4,2,6,3,1,5"
3999,Fine-Tuned Model,"3,1,6,5,4,2"
4000,Fine-Tuned Model,
4001,Fine-Tuned Model,
4002,Fine-Tuned Model,"4,3,6,2,5,1"
4003,Fine-Tuned Model,"3,2,6,5,1,4"
4004,Fine-Tuned Model,
4005,Fine-Tuned Model,"5,3,2,6,1,4"
4006,Fine-Tuned Model,"5,3,6,2,4,1"
4007,Fine-Tuned Model,"1,2,3,4,5,6"
4008,Fine-Tuned Model,
4009,Fine-Tuned Model,"5,3,2,6,4,1"
4010,Fine-Tuned Model,"3,6,2,1,4,5"
4011,Fine-Tuned Model,"3,5,4,6,2,1"
4012,Fine-Tuned Model,"4,2,6,3,5,1"
4013,Fine-Tuned Model,"3,6,2,1,4,5"
4014,Fine-Tuned Model,"3,5,2,6,3,1"
4015,Fine-Tuned Model,"5,2,6,3,1,4"
4016,Fine-Tuned Model,
4017,Fine-Tuned Model,"4,3,6,5,2,1"
4018,Fine-Tuned Model,"1,6,6,4,6,2"
4019,Fine-Tuned Model,"1,4,6,2,3,5"
4020,Fine-Tuned Model,
4021,Fine-Tuned Model,1
4022,Fine-Tuned Model,"5,2,4,6,3,1"
4023,Fine-Tuned Model,"3,1,5,2,6,4"
4024,Fine-Tuned Model,"1,2,3,4,5,6"
4025,Fine-Tuned Model,"6,1,6"
4026,Fine-Tuned Model,"5,2,6,4,3,1"
4027,Fine-Tuned Model,"4,3,2,1"
4028,Fine-Tuned Model,
4029,Fine-Tuned Model,"5,2,6,1,4,3"
4030,Fine-Tuned Model,"2,5,4,1,3,6"
4031,Fine-Tuned Model,"4,2,3,6,1,5"
4032,Fine-Tuned Model,"3,5,1,4,2,6"
4033,Fine-Tuned Model,"1,6,1,6,1"
4034,Fine-Tuned Model,"4,2,6,1,5,3"
4035,Fine-Tuned Model,
4036,Fine-Tuned Model,"3,6,5,2,4"
4037,Fine-Tuned Model,"4,6,3,2,5,1"
4038,Fine-Tuned Model,"6,6,1,4,3,6"
4039,Fine-Tuned Model,2
4040,Fine-Tuned Model,"4,2,5,3,1,6"
4041,Fine-Tuned Model,"3,2,6,5,4,1"
4042,Fine-Tuned Model,
4043,Fine-Tuned Model,"3,2,5,6,4,1"
4044,Fine-Tuned Model,"2,5,3,6,4,1"
4045,Fine-Tuned Model,"4,6,2,3,5,1"
4046,Fine-Tuned Model,"1,1,2,3"
4047,Fine-Tuned Model,
4048,Fine-Tuned Model,"1,3,4,6,2,5"
4049,Fine-Tuned Model,
4050,Fine-Tuned Model,"5,1,3,6,3,4"
4051,Fine-Tuned Model,"3,6,1,4,5,2"
4052,Fine-Tuned Model,"1,5,2,6,3,5"
4053,Fine-Tuned Model,"2,5,6,3,1,4"
4054,Fine-Tuned Model,"4,2,6,3,5,1"
4055,Fine-Tuned Model,"2,6,3,4,1,5"
4056,Fine-Tuned Model,"2,5,3,1,4,6"
4057,Fine-Tuned Model,"3,6,2,5,1,4"
4058,Fine-Tuned Model,"4,2,6,5,1,3"
4059,Fine-Tuned Model,
4060,Fine-Tuned Model,"2,5,1,4,6,3"
4061,Fine-Tuned Model,"4,2,6,1,3,5"
4062,Fine-Tuned Model,"5,3,6,2,4,1"
4063,Fine-Tuned Model,"5,3,6,2,1,4"
4064,Fine-Tuned Model,
4065,Fine-Tuned Model,"2,6,4,3,5,1"
4066,Fine-Tuned Model,
4067,Fine-Tuned Model,"2,4,5,3,6,1"
4068,Fine-Tuned Model,"2,5,4,3,1,6"
4069,Fine-Tuned Model,"6,4,2,3,5"
4070,Fine-Tuned Model,
4071,Fine-Tuned Model,
4072,Fine-Tuned Model,"1,2,3,4,5,6"
4073,Fine-Tuned Model,
4074,Fine-Tuned Model,"3,5,2,6,4,1"
4075,Fine-Tuned Model,"2,5,4,3,6,1"
4076,Fine-Tuned Model,"3,1,6,5,4,2"
4077,Fine-Tuned Model,"2,5,1,4,6,3"
4078,Fine-Tuned Model,"4,2,6,3,5,1"
4079,Fine-Tuned Model,"4,2,6,5,1,3"
4080,Fine-Tuned Model,"4,1,6,3,2,5"
4081,Fine-Tuned Model,"4,3,2,6,1,5"
4082,Fine-Tuned Model,
4083,Fine-Tuned Model,
4084,Fine-Tuned Model,"3,1,6,2,5,4"
4085,Fine-Tuned Model,
4086,Fine-Tuned Model,"1,4,2,5,3,6"
4087,Fine-Tuned Model,"3,5,1,4,2,6"
4088,Fine-Tuned Model,"6,1"
4089,Fine-Tuned Model,"4,2,5,1,3,6"
4090,Fine-Tuned Model,"5,3,2,6,4,1"
4091,Fine-Tuned Model,"3,6,2,4,1,5"
4092,Fine-Tuned Model,
4093,Fine-Tuned Model,"3,6,2,5,4,1"
4094,Fine-Tuned Model,
4095,Fine-Tuned Model,
4096,Fine-Tuned Model,"3,6,1,5,2,4"
4097,Fine-Tuned Model,3
4098,Fine-Tuned Model,"5,3,2,4,6,1"
4099,Fine-Tuned Model,"1,2,4,3,6,5"
4100,Fine-Tuned Model,"2,4,3,5,6,1"
4101,Fine-Tuned Model,"4,2,6,1,5,3"
4102,Fine-Tuned Model,"3,6,1,5,2,4"
4103,Fine-Tuned Model,
4104,Fine-Tuned Model,"4,2,6,3,5,1"
4105,Fine-Tuned Model,"2,5,3,6,4,1"
4106,Fine-Tuned Model,"4,2,6,3,5,1"
4107,Fine-Tuned Model,"3,4,5,2,6,1"
4108,Fine-Tuned Model,
4109,Fine-Tuned Model,
4110,Fine-Tuned Model,"1,3,6,2,5,4"
4111,Fine-Tuned Model,"3,4,5,6,2"
4112,Fine-Tuned Model,"4,3,1,6,2,5"
4113,Fine-Tuned Model,"1,2,5,3,1,6"
4114,Fine-Tuned Model,
4115,Fine-Tuned Model,"3,6,5,1,4,2"
4116,Fine-Tuned Model,"3,5,1,2,6,4"
4117,Fine-Tuned Model,
4118,Fine-Tuned Model,"5,2,4,3,1,6"
4119,Fine-Tuned Model,"5,2,4,3,1,6"
4120,Fine-Tuned Model,"1,4,2,6,5,3"
4121,Fine-Tuned Model,6
4122,Fine-Tuned Model,"1,5,6,2,3,6"
4123,Fine-Tuned Model,"2,5,1,6,3,4"
4124,Fine-Tuned Model,"5,3,2,6,1,4"
4125,Fine-Tuned Model,
4126,Fine-Tuned Model,"4,3,6,2,5,1"
4127,Fine-Tuned Model,"3,5,4,2,6,1"
4128,Fine-Tuned Model,"1,2,3,4,5,6"
4129,Fine-Tuned Model,"1,6,1,6,3,4"
4130,Fine-Tuned Model,
4131,Fine-Tuned Model,
4132,Fine-Tuned Model,
4133,Fine-Tuned Model,"5,3,4,2,6,5"
4134,Fine-Tuned Model,"1,2,3,4,5,6"
4135,Fine-Tuned Model,"1,6,6"
4136,Fine-Tuned Model,"1,2,3,2,6,4"
4137,Fine-Tuned Model,"2,4,5,6,3,1"
4138,Fine-Tuned Model,"3,6,2,5,4,1"
4139,Fine-Tuned Model,"4,2,5,6,1,3"
4140,Fine-Tuned Model,"3,1,6,5,2,4"
4141,Fine-Tuned Model,"3,5,2,6,4,1"
4142,Fine-Tuned Model,"2,4,6,1,3,5"
4143,Fine-Tuned Model,"4,3,6,2,5,1"
4144,Fine-Tuned Model,"1,5,3,4,2,6"
4145,Fine-Tuned Model,"6,1,6"
4146,Fine-Tuned Model,
4147,Fine-Tuned Model,"3,5,2,4,1,6"
4148,Fine-Tuned Model,
4149,Fine-Tuned Model,"4,3,6,2,5,1"
4150,Fine-Tuned Model,"3,1,6,4,5,2"
4151,Fine-Tuned Model,"2,5,6,4,6,3"
4152,Fine-Tuned Model,"4,2,6,3,5,1"
4153,Fine-Tuned Model,"1,3,2,6,3,4"
4154,Fine-Tuned Model,"2,4,1,3,6,5"
4155,Fine-Tuned Model,6
4156,Fine-Tuned Model,"3,1,5,2,4,6"
4157,Fine-Tuned Model,
4158,Fine-Tuned Model,"6,4,2,6,1,5"
4159,Fine-Tuned Model,1
4160,Fine-Tuned Model,
4161,Fine-Tuned Model,
4162,Fine-Tuned Model,"1,2,3,4,5,6"
4163,Fine-Tuned Model,
4164,Fine-Tuned Model,"1,4,2,3,6,5"
4165,Fine-Tuned Model,"5,2,4,1,6,3"
4166,Fine-Tuned Model,"1,3,2,5,4,6"
4167,Fine-Tuned Model,"1,3,2,6,4,5"
4168,Fine-Tuned Model,"1,2,4,6,3,5"
4169,Fine-Tuned Model,"4,3,5,2,6,1"
4170,Fine-Tuned Model,"1,4"
4171,Fine-Tuned Model,
4172,Fine-Tuned Model,"5,2,3,6,1,4"
4173,Fine-Tuned Model,"3,6,2,5,4,1"
4174,Fine-Tuned Model,"1,2,3,4,5,6"
4175,Fine-Tuned Model,
4176,Fine-Tuned Model,"4,3,2,6,5,1"
4177,Fine-Tuned Model,"3,4,6,1,2,5"
4178,Fine-Tuned Model,"3,6,2,5,1,4"
4179,Fine-Tuned Model,"3,5,2,6,1,4"
4180,Fine-Tuned Model,"5,3,2,6,1,4"
4181,Fine-Tuned Model,"3,5,2,6,1,4"
4182,Fine-Tuned Model,"1,3,4,2,5,6"
4183,Fine-Tuned Model,"6,1,6,1,6,1"
4184,Fine-Tuned Model,"6,3,2,5,4,1"
4185,Fine-Tuned Model,
4186,Fine-Tuned Model,"1,4,3,6,2,5"
4187,Fine-Tuned Model,6
4188,Fine-Tuned Model,"6,6"
4189,Fine-Tuned Model,"3,1,2,5,4,6"
4190,Fine-Tuned Model,"2,6,5,3,1,4"
4191,Fine-Tuned Model,"4,6,3,2,5,1"
4192,Fine-Tuned Model,"4,3,2,5,6,1"
4193,Fine-Tuned Model,"3,5,2,6,4,1"
4194,Fine-Tuned Model,"2,5,3,6,1,4"
4195,Fine-Tuned Model,"5,2,3,6,1,4"
4196,Fine-Tuned Model,
4197,Fine-Tuned Model,"5,3,4,2,6,1"
4198,Fine-Tuned Model,"2,5,4,1,3,6"
4199,Fine-Tuned Model,"4,2,6,1,3,5"
4200,Fine-Tuned Model,"5,3,2,6,1,4"
4201,Fine-Tuned Model,"4,3,6,2,5,1"
4202,Fine-Tuned Model,"2,4,6,3,5,1"
4203,Fine-Tuned Model,"2,5,6,3,1,4"
4204,Fine-Tuned Model,"6,1,6"
4205,Fine-Tuned Model,"6,1,2"
4206,Fine-Tuned Model,"4,2,6,5,3,1"
4207,Fine-Tuned Model,"5,1,4,3,2,6"
4208,Fine-Tuned Model,"3,6,1,4,2,5"
4209,Fine-Tuned Model,"2,4,5,3,6,1"
4210,Fine-Tuned Model,"4,2,6,5,1,3"
4211,Fine-Tuned Model,"4,6,2,3,6,5"
4212,Fine-Tuned Model,"6,1,6"
4213,Fine-Tuned Model,"4,1,6,2,5,3"
4214,Fine-Tuned Model,"2,6,4,3,5,1"
4215,Fine-Tuned Model,"2,4,3,2,4,3"
4216,Fine-Tuned Model,"3,6,5,2,4,1"
4217,Fine-Tuned Model,"2,5,4,3,6,1"
4218,Fine-Tuned Model,
4219,Fine-Tuned Model,
4220,Fine-Tuned Model,"4,3,1,5,2,6"
4221,Fine-Tuned Model,"6,1,6,6"
4222,Fine-Tuned Model,"4,2,6,1,5,3"
4223,Fine-Tuned Model,"6,2,4,3,5,1"
4224,Fine-Tuned Model,"1,1,6,2,1,6"
4225,Fine-Tuned Model,"2,5,4,1,3,6"
4226,Fine-Tuned Model,"2,5,6,1,3,2"
4227,Fine-Tuned Model,"1,3,2,5,6,4"
4228,Fine-Tuned Model,"4,2,6,1,5,3"
4229,Fine-Tuned Model,
4230,Fine-Tuned Model,"4,2,6,5,1,3"
4231,Fine-Tuned Model,"1,4,2,3,5,6"
4232,Fine-Tuned Model,
4233,Fine-Tuned Model,"1,3,2,6,5,4"
4234,Fine-Tuned Model,"4,2,5,1,3,6"
4235,Fine-Tuned Model,"1,5,2,6,4,3"
4236,Fine-Tuned Model,
4237,Fine-Tuned Model,
4238,Fine-Tuned Model,"3,2,5,1,4,6"
4239,Fine-Tuned Model,
4240,Fine-Tuned Model,"3,6,1,5,4,2"
4241,Fine-Tuned Model,"1,2,3,4,5,6"
4242,Fine-Tuned Model,"1,6,3"
4243,Fine-Tuned Model,"1,4,2,3,6,5"
4244,Fine-Tuned Model,"1,2,3,5,4,2"
4245,Fine-Tuned Model,"3,5,2,6,4,1"
4246,Fine-Tuned Model,"4,2,6,1,5,3"
4247,Fine-Tuned Model,"1,4,2,5,3,6"
4248,Fine-Tuned Model,"1,4,2,6,5,3"
4249,Fine-Tuned Model,"2,5,4,3,6,1"
4250,Fine-Tuned Model,"2,6,1,3,4,5"
4251,Fine-Tuned Model,"2,6,3,5,1,4"
4252,Fine-Tuned Model,"4,2,6,5,3,1"
4253,Fine-Tuned Model,"3,6,1,2,4,5"
4254,Fine-Tuned Model,"1,6,6"
4255,Fine-Tuned Model,
4256,Fine-Tuned Model,
4257,Fine-Tuned Model,"4,2,6,5,3,1"
4258,Fine-Tuned Model,"1,6,6"
4259,Fine-Tuned Model,6
4260,Fine-Tuned Model,"5,4,6,3,6,2"
4261,Fine-Tuned Model,"1,6,6"
4262,Fine-Tuned Model,
4263,Fine-Tuned Model,"4,3,2,1,5,6"
4264,Fine-Tuned Model,"3,6,2,5,4,1"
4265,Fine-Tuned Model,"5,3,1,6,2,4"
4266,Fine-Tuned Model,"3,2,6,5,4,1"
4267,Fine-Tuned Model,"1,5,4,3,2,6"
4268,Fine-Tuned Model,
4269,Fine-Tuned Model,6
4270,Fine-Tuned Model,"2,5,3,4,6,1"
4271,Fine-Tuned Model,"4,2,6,5,3,1"
4272,Fine-Tuned Model,"3,2,5,6,4,1"
4273,Fine-Tuned Model,"5,2,6,3,1,4"
4274,Fine-Tuned Model,
4275,Fine-Tuned Model,"4,2,6,5,1,3"
4276,Fine-Tuned Model,"3,4,1,2,6,5"
4277,Fine-Tuned Model,"4,6,2,5,1,3"
4278,Fine-Tuned Model,"1,4,3,2,5,1"
4279,Fine-Tuned Model,"1,5,2,6,3,1"
4280,Fine-Tuned Model,"4,2,1,3,5,4"
4281,Fine-Tuned Model,
4282,Fine-Tuned Model,
4283,Fine-Tuned Model,"4,2,6,5,3,1"
4284,Fine-Tuned Model,
4285,Fine-Tuned Model,"4,2,6,3,1,5"
4286,Fine-Tuned Model,"2,4,1,6,3,5"
4287,Fine-Tuned Model,"4,2,6,3,1,5"
4288,Fine-Tuned Model,"1,5,2,3,3,2"
4289,Fine-Tuned Model,"1,5,3,2,4,6"
4290,Fine-Tuned Model,
4291,Fine-Tuned Model,"2,4,6,3,5,1"
4292,Fine-Tuned Model,
4293,Fine-Tuned Model,"1,6"
4294,Fine-Tuned Model,"6,6,1"
4295,Fine-Tuned Model,"5,1,3,2,4,6"
4296,Fine-Tuned Model,"1,2,3,5,4,6"
4297,Fine-Tuned Model,"2,5,4,3,6,1"
4298,Fine-Tuned Model,
4299,Fine-Tuned Model,
4300,Fine-Tuned Model,"6,6"
4301,Fine-Tuned Model,"1,5,2,6,4,3"
4302,Fine-Tuned Model,"5,2,1,6,4,3"
4303,Fine-Tuned Model,"1,4,2,3,3,2"
4304,Fine-Tuned Model,"5,2,6,1,4,3"
4305,Fine-Tuned Model,"4,6,1,3,2,5"
4306,Fine-Tuned Model,"5,3,2,6,1,4"
4307,Fine-Tuned Model,"5,2,6,1,4,3"
4308,Fine-Tuned Model,"3,5,2,4,6,1"
4309,Fine-Tuned Model,"2,6,3,1,4,5"
4310,Fine-Tuned Model,"4,2,6,3,5,1"
4311,Fine-Tuned Model,
4312,Fine-Tuned Model,"5,2,6,1,4,3"
4313,Fine-Tuned Model,
4314,Fine-Tuned Model,"5,2,6,3,5,1"
4315,Fine-Tuned Model,"4,2,6,3,1,5"
4316,Fine-Tuned Model,
4317,Fine-Tuned Model,"6,1,6,3,4,2"
4318,Fine-Tuned Model,
4319,Fine-Tuned Model,"1,2,3,4,5,6"
4320,Fine-Tuned Model,
4321,Fine-Tuned Model,"4,2,6,5,1,3"
4322,Fine-Tuned Model,"5,3,2,6,1,4"
4323,Fine-Tuned Model,"3,2,6,1,4,5"
4324,Fine-Tuned Model,"4,3,2,6,1,5"
4325,Fine-Tuned Model,"5,3,1,4,2,6"
4326,Fine-Tuned Model,"4,2,5,6,1,3"
4327,Fine-Tuned Model,"1,6,6"
4328,Fine-Tuned Model,"3,6,4,2,5,1"
4329,Fine-Tuned Model,"4,2,5,6,1,3"
4330,Fine-Tuned Model,"1,2,3,4,5,6"
4331,Fine-Tuned Model,
4332,Fine-Tuned Model,"4,2,5,6,1,3"
4333,Fine-Tuned Model,"2,5,4,6,1,3"
4334,Fine-Tuned Model,"3,5,2,6,4,1"
4335,Fine-Tuned Model,"5,3,2,6,1,4"
4336,Fine-Tuned Model,"3,6,5,2,4,1"
4337,Fine-Tuned Model,"3,6,2,5,1,4"
4338,Fine-Tuned Model,"3,6,2,5,4,1"
4339,Fine-Tuned Model,"5,2,6,3,1,4"
4340,Fine-Tuned Model,"3,2,6,4,1,5"
4341,Fine-Tuned Model,
4342,Fine-Tuned Model,
4343,Fine-Tuned Model,"4,6,3,5,2,1"
4344,Fine-Tuned Model,"5,4,3,6,2,1"
4345,Fine-Tuned Model,"3,6,2,5,1,4"
4346,Fine-Tuned Model,
4347,Fine-Tuned Model,"6,1,6"
4348,Fine-Tuned Model,"1,3,4,2,6,3"
4349,Fine-Tuned Model,"3,2,6,1,4,5"
4350,Fine-Tuned Model,"4,2,5,6,1,3"
4351,Fine-Tuned Model,"4,2,6,1,5,3"
4352,Fine-Tuned Model,
4353,Fine-Tuned Model,"3,4,5,1,6,3"
4354,Fine-Tuned Model,
4355,Fine-Tuned Model,"4,2,6,3,5,1"
4356,Fine-Tuned Model,"4,2,6,1,3,5"
4357,Fine-Tuned Model,
4358,Fine-Tuned Model,"3,1,5,2,4,6"
4359,Fine-Tuned Model,"1,4,2,3,5,6"
4360,Fine-Tuned Model,
4361,Fine-Tuned Model,"4,3,2,5,6,1"
4362,Fine-Tuned Model,"3,5,2,6,1,4"
4363,Fine-Tuned Model,"5,4,3,6,2,5"
4364,Fine-Tuned Model,"3,4,1,6,2,5"
4365,Fine-Tuned Model,"5,2,6,3,4,1"
4366,Fine-Tuned Model,"5,3,4,6,1,2"
4367,Fine-Tuned Model,"1,2,3,4,5,6"
4368,Fine-Tuned Model,"2,5,4,1,6,3"
4369,Fine-Tuned Model,"4,2,6,3,1,5"
4370,Fine-Tuned Model,"1,2,3,4,5,6"
4371,Fine-Tuned Model,"1,3,2,1,4,6"
4372,Fine-Tuned Model,"1,2,5,3,6,4"
4373,Fine-Tuned Model,"3,6,1,4,5,2"
4374,Fine-Tuned Model,
4375,Fine-Tuned Model,
4376,Fine-Tuned Model,"3,5,2,6,4,1"
4377,Fine-Tuned Model,"6,1,6"
4378,Fine-Tuned Model,"4,3,6,2,5,1"
4379,Fine-Tuned Model,
4380,Fine-Tuned Model,"5,3,2,6,1,4"
4381,Fine-Tuned Model,"4,2,6,3,5,1"
4382,Fine-Tuned Model,"1,2,4,5,3,2"
4383,Fine-Tuned Model,"4,2,6,5,3,1"
4384,Fine-Tuned Model,
4385,Fine-Tuned Model,"4,2,6,1,5,3"
4386,Fine-Tuned Model,
4387,Fine-Tuned Model,"3,6,2,4,5,1"
4388,Fine-Tuned Model,"2,4,6,1,3,5"
4389,Fine-Tuned Model,"5,3,1,2,6,4"
4390,Fine-Tuned Model,"1,3,5,4,6,2"
4391,Fine-Tuned Model,"1,4,2,5,3,6"
4392,Fine-Tuned Model,6
4393,Fine-Tuned Model,
4394,Fine-Tuned Model,
4395,Fine-Tuned Model,"3,2,6,1,5,4"
4396,Fine-Tuned Model,"5,3,2,6,1,4"
4397,Fine-Tuned Model,"2,5,6,3,4,1"
4398,Fine-Tuned Model,"4,2,6,1,5,3"
4399,Fine-Tuned Model,"2,6,4,3,5"
4400,Fine-Tuned Model,"3,2,5,6,1,4"
4401,Fine-Tuned Model,"3,1,6,5,2,4"
4402,Fine-Tuned Model,
4403,Fine-Tuned Model,"1,3,2,6,3,5"
4404,Fine-Tuned Model,"4,2,6,5,1,3"
4405,Fine-Tuned Model,
4406,Fine-Tuned Model,"1,5,3,2,6,4"
4407,Fine-Tuned Model,
4408,Fine-Tuned Model,"3,6,2,5,4,1"
4409,Fine-Tuned Model,
4410,Fine-Tuned Model,
4411,Fine-Tuned Model,"3,1,6,4,5,2"
4412,Fine-Tuned Model,"6,1,2,3,4,5"
4413,Fine-Tuned Model,"2,5,1,4,6,3"
4414,Fine-Tuned Model,"4,2,5,1,6,3"
4415,Fine-Tuned Model,
4416,Fine-Tuned Model,"1,5,2,6,3,4"
4417,Fine-Tuned Model,
4418,Fine-Tuned Model,
4419,Fine-Tuned Model,"1,3,5,2,6,1"
4420,Fine-Tuned Model,"3,6,2,5,4,1"
4421,Fine-Tuned Model,
4422,Fine-Tuned Model,"2,5,1,4,6,3"
4423,Fine-Tuned Model,"1,6"
4424,Fine-Tuned Model,
4425,Fine-Tuned Model,"3,5,2,6,4,1"
4426,Fine-Tuned Model,"2,5,3,6,1,4"
4427,Fine-Tuned Model,"1,2,3,4,5,6"
4428,Fine-Tuned Model,"4,3,1,6,2,5"
4429,Fine-Tuned Model,
4430,Fine-Tuned Model,
4431,Fine-Tuned Model,"3,5,2,6,4,1"
4432,Fine-Tuned Model,"1,2,3,4,5,6"
4433,Fine-Tuned Model,"3,6,4,5,1,2"
4434,Fine-Tuned Model,"2,6,1,4,5,3"
4435,Fine-Tuned Model,"5,2,6,3,1,4"
4436,Fine-Tuned Model,
4437,Fine-Tuned Model,"3,5,2,4,6,1"
4438,Fine-Tuned Model,"2,6,1,4,5,3"
4439,Fine-Tuned Model,
4440,Fine-Tuned Model,"1,2,3,4,5,6"
4441,Fine-Tuned Model,"3,2,6,4,5,1"
4442,Fine-Tuned Model,"1,6,6"
4443,Fine-Tuned Model,"2,5,1,4,3"
4444,Fine-Tuned Model,
4445,Fine-Tuned Model,"1,1,6,2,1,6"
4446,Fine-Tuned Model,"4,2,6,1,3,5"
4447,Fine-Tuned Model,"5,3,1,4,2,6"
4448,Fine-Tuned Model,
4449,Fine-Tuned Model,
4450,Fine-Tuned Model,"2,6,3,5,1,4"
4451,Fine-Tuned Model,"4,2,6,1,3,5"
4452,Fine-Tuned Model,
4453,Fine-Tuned Model,"1,3,2,6,1,4"
4454,Fine-Tuned Model,
4455,Fine-Tuned Model,"2,6,5,1,3,4"
4456,Fine-Tuned Model,"2,5,1,6,4,3"
4457,Fine-Tuned Model,
4458,Fine-Tuned Model,"4,3,6,2,5,1"
4459,Fine-Tuned Model,"1,4,6,3,5,2"
4460,Fine-Tuned Model,
4461,Fine-Tuned Model,"2,5,1,3,6,4"
4462,Fine-Tuned Model,"1,6,6"
4463,Fine-Tuned Model,"2,5,4,3,1,6"
4464,Fine-Tuned Model,"4,2,6,5,3,1"
4465,Fine-Tuned Model,
4466,Fine-Tuned Model,"1,3"
4467,Fine-Tuned Model,"5,2,1,6,4,3"
4468,Fine-Tuned Model,"4,3,2,5,1,6"
4469,Fine-Tuned Model,
4470,Fine-Tuned Model,"3,5,1,6,4,2"
4471,Fine-Tuned Model,"2,4,6,3,1,5"
4472,Fine-Tuned Model,"3,6,2,5,4,1"
4473,Fine-Tuned Model,"1,5,2,6,4,3"
4474,Fine-Tuned Model,"2,6,3,5,1,4"
4475,Fine-Tuned Model,"4,3,6,2,5,1"
4476,Fine-Tuned Model,
4477,Fine-Tuned Model,"5,3,2,6,1,4"
4478,Fine-Tuned Model,"1,3,2,6,5,4"
4479,Fine-Tuned Model,
4480,Fine-Tuned Model,"4,2,5,6,1,3"
4481,Fine-Tuned Model,"2,5,4,6,3,5"
4482,Fine-Tuned Model,"1,2,5,4,6,3"
4483,Fine-Tuned Model,
4484,Fine-Tuned Model,"2,4,1,6,3,5"
4485,Fine-Tuned Model,
4486,Fine-Tuned Model,"1,4,2,6,3,5"
4487,Fine-Tuned Model,
4488,Fine-Tuned Model,"2,4,6,3,1,5"
4489,Fine-Tuned Model,
4490,Fine-Tuned Model,"5,2,3,6,4"
4491,Fine-Tuned Model,"1,2,3,5,6,4"
4492,Fine-Tuned Model,"2,5,3,6,1,4"
4493,Fine-Tuned Model,"1,2,5,3,4,6"
4494,Fine-Tuned Model,"2,5,3,6,1,4"
4495,Fine-Tuned Model,
4496,Fine-Tuned Model,"4,3,1,2,6,5"
4497,Fine-Tuned Model,"2,5,3,6,4,1"
4498,Fine-Tuned Model,"1,4,6,2,5,3"
4499,Fine-Tuned Model,
4500,Fine-Tuned Model,"1,4,2,6,5,3"
4501,Fine-Tuned Model,"5,2,4,3,6,1"
4502,Fine-Tuned Model,"3,2,6,5,4,1"
4503,Fine-Tuned Model,
4504,Fine-Tuned Model,"1,5,4,6,2,3"
4505,Fine-Tuned Model,"1,6,4,2,3,5"
4506,Fine-Tuned Model,"4,2,6,5,3,1"
4507,Fine-Tuned Model,
4508,Fine-Tuned Model,"1,6,6"
4509,Fine-Tuned Model,"2,5,3,6,4,1"
4510,Fine-Tuned Model,"1,6,6"
4511,Fine-Tuned Model,"1,6,1,6,6"
4512,Fine-Tuned Model,"1,5,4,2,3,6"
4513,Fine-Tuned Model,
4514,Fine-Tuned Model,"3,1,5,2,6,4"
4515,Fine-Tuned Model,
4516,Fine-Tuned Model,"3,2,5,4,1,6"
4517,Fine-Tuned Model,"1,6,2,4,5,3"
4518,Fine-Tuned Model,"5,3,2,6,4,1"
4519,Fine-Tuned Model,"5,2,6,4,3,1"
4520,Fine-Tuned Model,
4521,Fine-Tuned Model,"1,4,2,6,3,5"
4522,Fine-Tuned Model,"2,5,3,1,6,4"
4523,Fine-Tuned Model,"5,2,3,6,1,4"
4524,Fine-Tuned Model,
4525,Fine-Tuned Model,"1,4,3,6,2,5"
4526,Fine-Tuned Model,"4,2,6,5,1,3"
4527,Fine-Tuned Model,"1,2,3,4,5,6"
4528,Fine-Tuned Model,
4529,Fine-Tuned Model,"6,1,5,3,6,4"
4530,Fine-Tuned Model,"1,4,2,5,3,6"
4531,Fine-Tuned Model,
4532,Fine-Tuned Model,
4533,Fine-Tuned Model,
4534,Fine-Tuned Model,"3,6,2,5,4,1"
4535,Fine-Tuned Model,"3,5,1,2,4,6"
4536,Fine-Tuned Model,"1,4,2,6,3,5"
4537,Fine-Tuned Model,"6,4,2,3,6,5"
4538,Fine-Tuned Model,"1,4,6,2,3,5"
4539,Fine-Tuned Model,"1,2,6,4,3,5"
4540,Fine-Tuned Model,"4,2,6,3,5,1"
4541,Fine-Tuned Model,"1,4,3,2,5,6"
4542,Fine-Tuned Model,"4,3,1,5,2,6"
4543,Fine-Tuned Model,"1,6"
4544,Fine-Tuned Model,"3,5,2,6,1,4"
4545,Fine-Tuned Model,
4546,Fine-Tuned Model,"1,3,2,6,3,5"
4547,Fine-Tuned Model,"6,1,6,1"
4548,Fine-Tuned Model,
4549,Fine-Tuned Model,1
4550,Fine-Tuned Model,
4551,Fine-Tuned Model,
4552,Fine-Tuned Model,"1,2,3,4,5,6"
4553,Fine-Tuned Model,
4554,Fine-Tuned Model,"1,3,5,2,4,6"
4555,Fine-Tuned Model,"6,1,6"
4556,Fine-Tuned Model,"4,2,6,3,5,1"
4557,Fine-Tuned Model,"2,4,1,5,6,3"
4558,Fine-Tuned Model,"4,3,1,6,5,2"
4559,Fine-Tuned Model,"3,2,6,5,4,1"
4560,Fine-Tuned Model,
4561,Fine-Tuned Model,1
4562,Fine-Tuned Model,
4563,Fine-Tuned Model,"3,6,2,5,1,4"
4564,Fine-Tuned Model,"3,6,2,5,4,1"
4565,Fine-Tuned Model,"3,6,2,5,4,1"
4566,Fine-Tuned Model,
4567,Fine-Tuned Model,"1,6,6"
4568,Fine-Tuned Model,"1,6,4,3,6,2"
4569,Fine-Tuned Model,"2,5,3,1,6,4"
4570,Fine-Tuned Model,"1,3,2,6,4,5"
4571,Fine-Tuned Model,"4,2,3,5,6,1"
4572,Fine-Tuned Model,
4573,Fine-Tuned Model,
4574,Fine-Tuned Model,
4575,Fine-Tuned Model,"3,6,2,5,4,1"
4576,Fine-Tuned Model,
4577,Fine-Tuned Model,"1,4,2,6,5,3"
4578,Fine-Tuned Model,"3,1,5,6,2,4"
4579,Fine-Tuned Model,"4,6,2,5,1,3"
4580,Fine-Tuned Model,"6,1,6"
4581,Fine-Tuned Model,
4582,Fine-Tuned Model,"3,2,6,4,1,5"
4583,Fine-Tuned Model,"5,2,4,1,3,6"
4584,Fine-Tuned Model,"1,3,5,2,6,4"
4585,Fine-Tuned Model,"3,6,4,2,5,1"
4586,Fine-Tuned Model,"3,2,5,6,1,4"
4587,Fine-Tuned Model,"3,1,5,6,3,2"
4588,Fine-Tuned Model,"4,2,6,5,1,3"
4589,Fine-Tuned Model,"5,2,6,3,1,4"
4590,Fine-Tuned Model,"5,2,6,4,3,1"
4591,Fine-Tuned Model,"6,1,6,1"
4592,Fine-Tuned Model,"2,6,4,5,3,1"
4593,Fine-Tuned Model,"1,6,6,1,6,4"
4594,Fine-Tuned Model,"3,6,2,1,5,4"
4595,Fine-Tuned Model,"3,5,1,4,2,6"
4596,Fine-Tuned Model,"3,4,2,5,1,6"
4597,Fine-Tuned Model,
4598,Fine-Tuned Model,
4599,Fine-Tuned Model,"4,3,6,2,5,1"
4600,Fine-Tuned Model,1
4601,Fine-Tuned Model,"4,2,6,3,1,5"
4602,Fine-Tuned Model,
4603,Fine-Tuned Model,
4604,Fine-Tuned Model,"1,6,1,6"
4605,Fine-Tuned Model,"2,4,6,3,5,1"
4606,Fine-Tuned Model,"1,2,3,2,6,4"
4607,Fine-Tuned Model,"2,4,3,6,1,5"
4608,Fine-Tuned Model,
4609,Fine-Tuned Model,"3,6,2,5,4,1"
4610,Fine-Tuned Model,3
4611,Fine-Tuned Model,"3,6,1,5,2,4"
4612,Fine-Tuned Model,"1,2,3,4,5,6"
4613,Fine-Tuned Model,
4614,Fine-Tuned Model,
4615,Fine-Tuned Model,
4616,Fine-Tuned Model,"2,6,1,3,5,4"
4617,Fine-Tuned Model,"3,5,2,6,4,1"
4618,Fine-Tuned Model,"2,4,5,6,3,1"
4619,Fine-Tuned Model,
4620,Fine-Tuned Model,
4621,Fine-Tuned Model,"5,3,2,4,6,1"
4622,Fine-Tuned Model,
4623,Fine-Tuned Model,
4624,Fine-Tuned Model,"3,4,2,6,1,5"
4625,Fine-Tuned Model,"6,1,6"
4626,Fine-Tuned Model,"4,3,6,1,2,5"
4627,Fine-Tuned Model,
4628,Fine-Tuned Model,"2,5,4,3,1,6"
4629,Fine-Tuned Model,"1,2,3,4,5,6"
4630,Fine-Tuned Model,"3,6,2,5,1,4"
4631,Fine-Tuned Model,
4632,Fine-Tuned Model,
4633,Fine-Tuned Model,"3,1,6,2,5,4"
4634,Fine-Tuned Model,"4,3,6,5,2,1"
4635,Fine-Tuned Model,"4,3,5,6,1,2"
4636,Fine-Tuned Model,"1,2,3,4,5,6"
4637,Fine-Tuned Model,"1,4,6,5,2,3"
4638,Fine-Tuned Model,"2,6,3,5,1,4"
4639,Fine-Tuned Model,"2,4,6,3,1,5"
4640,Fine-Tuned Model,"1,2,3,4,5,6"
4641,Fine-Tuned Model,"5,3,2,6,1,4"
4642,Fine-Tuned Model,"2,5,6,3,1,4"
4643,Fine-Tuned Model,"4,2,3,6,1,5"
4644,Fine-Tuned Model,
4645,Fine-Tuned Model,"3,1,2,4,6,5"
4646,Fine-Tuned Model,"4,2,6,3,1,5"
4647,Fine-Tuned Model,
4648,Fine-Tuned Model,"4,6,2,5,1,3"
4649,Fine-Tuned Model,"4,2,3,1,6,5"
4650,Fine-Tuned Model,"3,5,2,4,1,6"
4651,Fine-Tuned Model,"2,4,3,6,2,5"
4652,Fine-Tuned Model,"1,6,6,1,4,2"
4653,Fine-Tuned Model,"4,3,2,6,1,5"
4654,Fine-Tuned Model,"5,2,3,4,6,1"
4655,Fine-Tuned Model,
4656,Fine-Tuned Model,6
4657,Fine-Tuned Model,"3,1,5,4,2,6"
4658,Fine-Tuned Model,"5,2,6,3,1,4"
4659,Fine-Tuned Model,
4660,Fine-Tuned Model,"1,6,6,2,3,5"
4661,Fine-Tuned Model,"3,4,5,2,6,1"
4662,Fine-Tuned Model,"5,3,1,4,2,6"
4663,Fine-Tuned Model,"6,3,2,6,5,1"
4664,Fine-Tuned Model,"4,2,6,1"
4665,Fine-Tuned Model,"1,6,6"
4666,Fine-Tuned Model,"1,4,2,6,3,5"
4667,Fine-Tuned Model,
4668,Fine-Tuned Model,"2,5,3,6,1,4"
4669,Fine-Tuned Model,"4,1,2,6,3,5"
4670,Fine-Tuned Model,"2,4,5,3,6,1"
4671,Fine-Tuned Model,"4,2,5,3,6,1"
4672,Fine-Tuned Model,6
4673,Fine-Tuned Model,"4,6,2,5,1,3"
4674,Fine-Tuned Model,
4675,Fine-Tuned Model,"5,2,3,6,1,4"
4676,Fine-Tuned Model,"2,5,3,1,6,4"
4677,Fine-Tuned Model,"3,6,4,2,5,1"
4678,Fine-Tuned Model,"4,2,6,1,3,5"
4679,Fine-Tuned Model,"1,4,5,2,6,3"
4680,Fine-Tuned Model,"3,2,6,4,1,5"
4681,Fine-Tuned Model,"4,1,6,2,3,5"
4682,Fine-Tuned Model,"4,3,2,5,6,1"
4683,Fine-Tuned Model,"2,6,3,1,4,5"
4684,Fine-Tuned Model,"4,2,3,5,6,1"
4685,Fine-Tuned Model,"4,2,6,1,5,3"
4686,Fine-Tuned Model,"2,5,6,3,1,4"
4687,Fine-Tuned Model,"4,2,6,5,3,1"
4688,Fine-Tuned Model,"1,2,6,3,1,4"
4689,Fine-Tuned Model,"4,2,6,3,1,5"
4690,Fine-Tuned Model,"2,5,3,6,1,4"
4691,Fine-Tuned Model,"3,6,2,5,1,4"
4692,Fine-Tuned Model,"2,4,6,1,3,5"
4693,Fine-Tuned Model,
4694,Fine-Tuned Model,"4,2,6,3,5,1"
4695,Fine-Tuned Model,"3,2,6,5,1,4"
4696,Fine-Tuned Model,"1,3,2,6,5,4"
4697,Fine-Tuned Model,
4698,Fine-Tuned Model,"1,2,4,3,5,6"
4699,Fine-Tuned Model,"1,6,6"
4700,Fine-Tuned Model,"1,2,4,6,3,5"
4701,Fine-Tuned Model,
4702,Fine-Tuned Model,"3,6,5,2,4,1"
4703,Fine-Tuned Model,"4,3,6,2,5,1"
4704,Fine-Tuned Model,"2,5,4,1,3,6"
4705,Fine-Tuned Model,"3,6,1,5,2,4"
4706,Fine-Tuned Model,"6,2,5,4,3,1"
4707,Fine-Tuned Model,"1,4,2,6,5,3"
4708,Fine-Tuned Model,6
4709,Fine-Tuned Model,"5,3,6,2,4,1"
4710,Fine-Tuned Model,"2,5,4,6,1,3"
4711,Fine-Tuned Model,"1,6"
4712,Fine-Tuned Model,"5,2,3,6,4,1"
4713,Fine-Tuned Model,"1,3,4,2,6,5"
4714,Fine-Tuned Model,"3,6,2,5,4,1"
4715,Fine-Tuned Model,
4716,Fine-Tuned Model,"3,2,6,1,5,4"
4717,Fine-Tuned Model,"4,2,6,5,3,1"
4718,Fine-Tuned Model,"2,4,5,3,6,1"
4719,Fine-Tuned Model,"1,2,3,2,6,5"
4720,Fine-Tuned Model,"2,6,4,3,1,5"
4721,Fine-Tuned Model,"4,1,2,6,5,3"
4722,Fine-Tuned Model,
4723,Fine-Tuned Model,"2,4,6,1,3,5"
4724,Fine-Tuned Model,"1,5,4,6,2,5"
4725,Fine-Tuned Model,
4726,Fine-Tuned Model,"3,6,2,5,1,4"
4727,Fine-Tuned Model,
4728,Fine-Tuned Model,
4729,Fine-Tuned Model,
4730,Fine-Tuned Model,"5,2,6,3,1,4"
4731,Fine-Tuned Model,"2,5,3,6,1,4"
4732,Fine-Tuned Model,6
4733,Fine-Tuned Model,"4,2,6,3,5,1"
4734,Fine-Tuned Model,"4,2,5,6,1,3"
4735,Fine-Tuned Model,"6,1,6,1"
4736,Fine-Tuned Model,"4,2,6,3,5,1"
4737,Fine-Tuned Model,"3,6,2,1,5,4"
4738,Fine-Tuned Model,"3,5,2,4,1,6"
4739,Fine-Tuned Model,"1,6,6"
4740,Fine-Tuned Model,"1,1,6,6,2"
4741,Fine-Tuned Model,"3,6,2,4,5,1"
4742,Fine-Tuned Model,"3,6,2,5,4,1"
4743,Fine-Tuned Model,"5,4,3,6,1,2"
4744,Fine-Tuned Model,"1,4,3,2,5,6"
4745,Fine-Tuned Model,"1,3,5,2,6,4"
4746,Fine-Tuned Model,
4747,Fine-Tuned Model,"3,2,6,4,5,1"
4748,Fine-Tuned Model,"3,6,2,5,1,4"
4749,Fine-Tuned Model,"4,6,3,5,2,1"
4750,Fine-Tuned Model,"2,6,4,1,3,5"
4751,Fine-Tuned Model,
4752,Fine-Tuned Model,"1,3,5,4,2,6"
4753,Fine-Tuned Model,
4754,Fine-Tuned Model,"6,2,1,4,3"
4755,Fine-Tuned Model,6
4756,Fine-Tuned Model,"4,2,6,3,5,1"
4757,Fine-Tuned Model,"1,6"
4758,Fine-Tuned Model,
4759,Fine-Tuned Model,"1,3,5,2,4,6"
4760,Fine-Tuned Model,"1,5,3,6,2,4"
4761,Fine-Tuned Model,"4,3,6,2,5,1"
4762,Fine-Tuned Model,
4763,Fine-Tuned Model,"1,1,1,2,2,2"
4764,Fine-Tuned Model,"4,3,5,2,6,1"
4765,Fine-Tuned Model,"3,2,5,1,4,6"
4766,Fine-Tuned Model,"1,3,5,4,2,6"
4767,Fine-Tuned Model,"2,5,6,3,1,4"
4768,Fine-Tuned Model,"6,4,2,3"
4769,Fine-Tuned Model,"1,4,2,6,5,3"
4770,Fine-Tuned Model,"4,2,6,5,3,1"
4771,Fine-Tuned Model,"2,5,6,3,1,4"
4772,Fine-Tuned Model,
4773,Fine-Tuned Model,
4774,Fine-Tuned Model,"4,2,5,3,6,1"
4775,Fine-Tuned Model,"4,2,6,5,1,3"
4776,Fine-Tuned Model,6
4777,Fine-Tuned Model,"5,3,6,4,2,1"
4778,Fine-Tuned Model,
4779,Fine-Tuned Model,
4780,Fine-Tuned Model,6
4781,Fine-Tuned Model,"4,6,3,5,2,1"
4782,Fine-Tuned Model,"2,6,4,1,5,3"
4783,Fine-Tuned Model,"1,5,2,6,4,3"
4784,Fine-Tuned Model,
4785,Fine-Tuned Model,"6,1,6"
4786,Fine-Tuned Model,
4787,Fine-Tuned Model,"1,6,6,3,6,2"
4788,Fine-Tuned Model,"1,4,3,2,5,6"
4789,Fine-Tuned Model,"3,6,2,4,1,5"
4790,Fine-Tuned Model,"3,2,4,6,5,1"
4791,Fine-Tuned Model,
4792,Fine-Tuned Model,"3,6,2,5,1,4"
4793,Fine-Tuned Model,6
4794,Fine-Tuned Model,
4795,Fine-Tuned Model,"2,5,3,6,1,4"
4796,Fine-Tuned Model,"4,2,6,3,5,1"
4797,Fine-Tuned Model,"3,4,2,6,5,1"
4798,Fine-Tuned Model,"3,4,1,5,3,6"
4799,Fine-Tuned Model,"4,2,5,6,3,1"
4800,Fine-Tuned Model,"3,1,6,4,2,5"
4801,Fine-Tuned Model,"4,3,2,6,1,5"
4802,Fine-Tuned Model,"3,6,2,5,4,1"
4803,Fine-Tuned Model,"3,5,2,6,1,4"
4804,Fine-Tuned Model,
4805,Fine-Tuned Model,"1,6,1,6,1"
4806,Fine-Tuned Model,"3,5,1,6,4,2"
4807,Fine-Tuned Model,"5,2,6,4,3,1"
4808,Fine-Tuned Model,"2,5,3,6,1,4"
4809,Fine-Tuned Model,"3,1,4,5,2,6"
4810,Fine-Tuned Model,"3,6,4,2,5,1"
4811,Fine-Tuned Model,"4,2,6,1,5,3"
4812,Fine-Tuned Model,"2,6,4,3,5,1"
4813,Fine-Tuned Model,"3,1,5,2,6,4"
4814,Fine-Tuned Model,
4815,Fine-Tuned Model,"3,5,2,6,1,4"
4816,Fine-Tuned Model,"3,2,6,5,4,1"
4817,Fine-Tuned Model,
4818,Fine-Tuned Model,"3,6,2,4,5,1"
4819,Fine-Tuned Model,"1,4,2,6,3,5"
4820,Fine-Tuned Model,"5,4,2,3,1,6"
4821,Fine-Tuned Model,
4822,Fine-Tuned Model,"4,3,6,2,5,1"
4823,Fine-Tuned Model,"4,3,1,6,5,2"
4824,Fine-Tuned Model,"5,3,6,2,1,4"
4825,Fine-Tuned Model,"5,3,2,6,1,4"
4826,Fine-Tuned Model,"2,6,3,1,5,4"
4827,Fine-Tuned Model,
4828,Fine-Tuned Model,"4,6,2,3,5,1"
4829,Fine-Tuned Model,"6,1,6"
4830,Fine-Tuned Model,
4831,Fine-Tuned Model,"6,1,6,4,2,3"
4832,Fine-Tuned Model,"1,2,3,4,5,6"
4833,Fine-Tuned Model,"3,1,5,2,6,4"
4834,Fine-Tuned Model,"1,6,2,6,3,6"
4835,Fine-Tuned Model,"4,2,6,5,1,3"
4836,Fine-Tuned Model,"3,5,2,6,3,1"
4837,Fine-Tuned Model,"1,2,3,4,5,6"
4838,Fine-Tuned Model,"1,2,3,4,5,6"
4839,Fine-Tuned Model,
4840,Fine-Tuned Model,"4,2,5,6,1,3"
4841,Fine-Tuned Model,
4842,Fine-Tuned Model,"1,3,6,2,1,5"
4843,Fine-Tuned Model,"1,2,3,4,5,6"
4844,Fine-Tuned Model,"4,5,3,2,6,1"
4845,Fine-Tuned Model,"2,5,3,6,4,1"
4846,Fine-Tuned Model,
4847,Fine-Tuned Model,"3,6,4,2,5,1"
4848,Fine-Tuned Model,"2,5,4,3,6,1"
4849,Fine-Tuned Model,"3,6,5,2,4,1"
4850,Fine-Tuned Model,"3,6,2,5,1,4"
4851,Fine-Tuned Model,"3,4,2,5,6,1"
4852,Fine-Tuned Model,"4,2,6,1,3,5"
4853,Fine-Tuned Model,"2,5,3,6,1,4"
4854,Fine-Tuned Model,"1,6,4,3,2,5"
4855,Fine-Tuned Model,
4856,Fine-Tuned Model,
4857,Fine-Tuned Model,"1,5,2,3,1,2"
4858,Fine-Tuned Model,"4,2,5,3,6,1"
4859,Fine-Tuned Model,"1,2,3,4,5,6"
4860,Fine-Tuned Model,"2,5,3,6,4,1"
4861,Fine-Tuned Model,"2,4,6,3,5,1"
4862,Fine-Tuned Model,
4863,Fine-Tuned Model,
4864,Fine-Tuned Model,"1,6,2,4,3,5"
4865,Fine-Tuned Model,"1,2,6,3,5,4"
4866,Fine-Tuned Model,"1,4,2,3,3,2"
4867,Fine-Tuned Model,"5,2,4,3,6,1"
4868,Fine-Tuned Model,"4,1,2,3,6,5"
4869,Fine-Tuned Model,"4,3,6,2,5,1"
4870,Fine-Tuned Model,"4,6,2,5,3,1"
4871,Fine-Tuned Model,"1,4,2,6,3,5"
4872,Fine-Tuned Model,"1,3,4,5,3,2"
4873,Fine-Tuned Model,
4874,Fine-Tuned Model,"1,6,6"
4875,Fine-Tuned Model,"5,2,6,1,3,4"
4876,Fine-Tuned Model,"1,2,3,4,5,6"
4877,Fine-Tuned Model,"3,6,2,5,1,4"
4878,Fine-Tuned Model,
4879,Fine-Tuned Model,6
4880,Fine-Tuned Model,"2,5,1,6,3,4"
4881,Fine-Tuned Model,
4882,Fine-Tuned Model,"2,3,4,5,6,5"
4883,Fine-Tuned Model,"1,2,3,4,5,6"
4884,Fine-Tuned Model,"3,6,2,5,4,1"
4885,Fine-Tuned Model,"6,1,6"
4886,Fine-Tuned Model,
4887,Fine-Tuned Model,"3,4,2,6,3,5"
4888,Fine-Tuned Model,"4,3,5,2,6,1"
4889,Fine-Tuned Model,"5,3,6,2,1,4"
4890,Fine-Tuned Model,"3,6,2,4,5,1"
4891,Fine-Tuned Model,"1,2,3,4,5,6"
4892,Fine-Tuned Model,"3,2,6,5,4,1"
4893,Fine-Tuned Model,"3,2,6,5,4,1"
4894,Fine-Tuned Model,"1,4,2,6,3,5"
4895,Fine-Tuned Model,"2,4,6,3,2,5"
4896,Fine-Tuned Model,"4,2,6,5,1,3"
4897,Fine-Tuned Model,"4,2,6,3,5,1"
4898,Fine-Tuned Model,"3,4,2,1,6,5"
4899,Fine-Tuned Model,"3,5,2,6,1,4"
4900,Fine-Tuned Model,"3,6,2,5,4,1"
4901,Fine-Tuned Model,"2,4,1,6,3,5"
4902,Fine-Tuned Model,"3,5,1,2,6,4"
4903,Fine-Tuned Model,
4904,Fine-Tuned Model,"2,4,6,3,1,5"
4905,Fine-Tuned Model,"5,4,3,1,2,6"
4906,Fine-Tuned Model,"4,2,5,1,3,6"
4907,Fine-Tuned Model,"4,2,6,5,3,1"
4908,Fine-Tuned Model,"3,2,6,5,1,4"
4909,Fine-Tuned Model,"3,2,5,1,6,4"
4910,Fine-Tuned Model,"4,2,3,1,5,6"
4911,Fine-Tuned Model,"4,2,6,3,5,1"
4912,Fine-Tuned Model,"6,1,6,6,1,6"
4913,Fine-Tuned Model,
4914,Fine-Tuned Model,
4915,Fine-Tuned Model,"5,3,1,6,2,4"
4916,Fine-Tuned Model,"1,2,3,4,5,6"
4917,Fine-Tuned Model,"2,5,3,6,4,1"
4918,Fine-Tuned Model,"3,6,2,5,1,4"
4919,Fine-Tuned Model,"1,3,6,4,5,2"
4920,Fine-Tuned Model,"5,2,3,1,6,4"
4921,Fine-Tuned Model,"5,3,2,6,1,4"
4922,Fine-Tuned Model,
4923,Fine-Tuned Model,"6,4,2,6,5,3"
4924,Fine-Tuned Model,"3,1,6,2,5,4"
4925,Fine-Tuned Model,"5,1,4,6,3,2"
4926,Fine-Tuned Model,"6,4,2"
4927,Fine-Tuned Model,"3,6,2,5,1,4"
4928,Fine-Tuned Model,"3,5,2,6,4,1"
4929,Fine-Tuned Model,"1,4,6,2,3,5"
4930,Fine-Tuned Model,"3,1,6,2,4,5"
4931,Fine-Tuned Model,"1,6"
4932,Fine-Tuned Model,"3,5,2,6,1,4"
4933,Fine-Tuned Model,"1,4,2,6,3,5"
4934,Fine-Tuned Model,"2,6,3,5,1,4"
4935,Fine-Tuned Model,
4936,Fine-Tuned Model,"2,5,3,6,4,1"
4937,Fine-Tuned Model,"2,3,5,1,4,6"
4938,Fine-Tuned Model,"5,3,4,2,6,1"
4939,Fine-Tuned Model,"3,6,2,5,4,1"
4940,Fine-Tuned Model,"5,2,4,6,3,1"
4941,Fine-Tuned Model,"2,4,6,1,5,3"
4942,Fine-Tuned Model,"1,3,4,2,5,6"
4943,Fine-Tuned Model,
4944,Fine-Tuned Model,
4945,Fine-Tuned Model,"4,2,6,1,5,3"
4946,Fine-Tuned Model,"4,2,6,1,3,5"
4947,Fine-Tuned Model,6
4948,Fine-Tuned Model,"1,4,2,3,5,6"
4949,Fine-Tuned Model,
4950,Fine-Tuned Model,"5,3,2,6,1,4"
4951,Fine-Tuned Model,"3,4,2,5,3,1"
4952,Fine-Tuned Model,"1,6,3,2,5,4"
4953,Fine-Tuned Model,"1,4,2,5,3,6"
4954,Fine-Tuned Model,"3,2,5,1,4,6"
4955,Fine-Tuned Model,"3,6,2,5,1,4"
4956,Fine-Tuned Model,"5,3,6,2,4,1"
4957,Fine-Tuned Model,
4958,Fine-Tuned Model,"3,1,5,2,6,4"
4959,Fine-Tuned Model,"4,2,6,1,5,3"
4960,Fine-Tuned Model,"2,5,4,3,6,1"
4961,Fine-Tuned Model,"4,6,1,3,2,5"
4962,Fine-Tuned Model,
4963,Fine-Tuned Model,
4964,Fine-Tuned Model,
4965,Fine-Tuned Model,"1,4,3,6,2,5"
4966,Fine-Tuned Model,"4,3,6,2,5,1"
4967,Fine-Tuned Model,"3,4,2,5,1,6"
4968,Fine-Tuned Model,"2,5,3,6"
4969,Fine-Tuned Model,"4,6,2,3,5,1"
4970,Fine-Tuned Model,"1,3,4,2,5,6"
4971,Fine-Tuned Model,"3,6,2,5,4,1"
4972,Fine-Tuned Model,"3,6,2,5,4,1"
4973,Fine-Tuned Model,"1,6"
4974,Fine-Tuned Model,"1,2,5,3,4,6"
4975,Fine-Tuned Model,"4,2,6,3,1,5"
4976,Fine-Tuned Model,"4,2,3,6,5,1"
4977,Fine-Tuned Model,"4,2,5,1,6,3"
4978,Fine-Tuned Model,"1,2,6,4,6,2"
4979,Fine-Tuned Model,"3,2,5,6,4,1"
4980,Fine-Tuned Model,"3,6,2,5,4,1"
4981,Fine-Tuned Model,"1,3,2,6,4,5"
4982,Fine-Tuned Model,"5,3,2,6,1,4"
4983,Fine-Tuned Model,"4,2,6,3,5,1"
4984,Fine-Tuned Model,"4,3,2,6,5,1"
4985,Fine-Tuned Model,"1,2,3,4,5,6"
4986,Fine-Tuned Model,"2,5,3,6,2,1"
4987,Fine-Tuned Model,
4988,Fine-Tuned Model,"1,4,2,2,3,6"
4989,Fine-Tuned Model,"3,6,2,1,5,4"
4990,Fine-Tuned Model,"1,4,2,2,3,6"
4991,Fine-Tuned Model,"5,3,2,6,1,4"
4992,Fine-Tuned Model,"4,3,2,1,5,6"
4993,Fine-Tuned Model,"1,2,5,6,2,6"
4994,Fine-Tuned Model,"3,1,6,2,5,4"
4995,Fine-Tuned Model,"4,3,6,5,1,2"
4996,Fine-Tuned Model,
4997,Fine-Tuned Model,"4,2,6,3,1,5"
4998,Fine-Tuned Model,"2,5,3,4,6,2"
4999,Fine-Tuned Model,
5000,Fine-Tuned Model,"1,3,2,2,3,6"
5001,Fine-Tuned Model,"4,2,6,3,5,1"
5002,Fine-Tuned Model,"6,1,6"
5003,Fine-Tuned Model,"4,1,3,2,5,6"
5004,Fine-Tuned Model,"1,3,2,5,1,4"
5005,Fine-Tuned Model,
5006,Fine-Tuned Model,"2,4,3,6,1,5"
5007,Fine-Tuned Model,"2,4,3,5,1,6"
5008,Fine-Tuned Model,"4,2,5,1,6,3"
5009,Fine-Tuned Model,"3,6,2,5,4,1"
5010,Fine-Tuned Model,"3,6,2,4,5,1"
5011,Fine-Tuned Model,"2,4,3,5,1,6"
5012,Fine-Tuned Model,"3,4,6,2,5,1"
5013,Fine-Tuned Model,"1,2,3,4,5,6"
5014,Fine-Tuned Model,"3,6,2,5,1,4"
5015,Fine-Tuned Model,"3,6,4,2,5,1"
5016,Fine-Tuned Model,"3,5,2,4,6,1"
5017,Fine-Tuned Model,
5018,Fine-Tuned Model,
5019,Fine-Tuned Model,"2,4,3,1,5,2"
5020,Fine-Tuned Model,
5021,Fine-Tuned Model,
5022,Fine-Tuned Model,"2,6,5,4,3,1"
5023,Fine-Tuned Model,"4,3,6,5,2,1"
5024,Fine-Tuned Model,
5025,Fine-Tuned Model,
5026,Fine-Tuned Model,
5027,Fine-Tuned Model,
5028,Fine-Tuned Model,1
5029,Fine-Tuned Model,
5030,Fine-Tuned Model,"1,3,2,4,6,3"
5031,Fine-Tuned Model,"1,6,1,6,1,6"
5032,Fine-Tuned Model,"2,5,1,4,3,6"
5033,Fine-Tuned Model,"1,2,5,3,6,4"
5034,Fine-Tuned Model,"2,5,4,3,6,1"
5035,Fine-Tuned Model,"1,2,3,4,5,6"
5036,Fine-Tuned Model,1
5037,Fine-Tuned Model,"1,2,3,4"
5038,Fine-Tuned Model,"4,6,2,5,1,3"
5039,Fine-Tuned Model,"4,2,5,1,3,6"
5040,Fine-Tuned Model,"4,2,6,5,3,1"
5041,Fine-Tuned Model,"4,2,6,3,5,1"
5042,Fine-Tuned Model,"4,2,6,3,5,1"
5043,Fine-Tuned Model,"3,1,5,2,4,6"
5044,Fine-Tuned Model,"4,3,2,6,5"
5045,Fine-Tuned Model,"6,1,6"
5046,Fine-Tuned Model,"3,2,6,5,1,4"
5047,Fine-Tuned Model,"2,4,3,6,5,1"
5048,Fine-Tuned Model,"3,6,2,5,4,1"
5049,Fine-Tuned Model,"3,6,2,5,4,1"
5050,Fine-Tuned Model,"3,6,2,4,5,1"
5051,Fine-Tuned Model,"5,2,6,1,4,3"
5052,Fine-Tuned Model,"5,3,2,1,4,6"
5053,Fine-Tuned Model,"6,1"
5054,Fine-Tuned Model,
5055,Fine-Tuned Model,
5056,Fine-Tuned Model,"4,3,6,2,5,1"
5057,Fine-Tuned Model,"1,4,2,6,3,5"
5058,Fine-Tuned Model,"4,2,6,5,1,3"
5059,Fine-Tuned Model,
5060,Fine-Tuned Model,"1,3,5,2,6,4"
5061,Fine-Tuned Model,"4,2,6,3,5,1"
5062,Fine-Tuned Model,"2,5,4,3,1,6"
5063,Fine-Tuned Model,"4,2,5,3,1,6"
5064,Fine-Tuned Model,"4,2,5,3,1,6"
5065,Fine-Tuned Model,"3,6,2,4,1,5"
5066,Fine-Tuned Model,"5,1,3,6,4"
5067,Fine-Tuned Model,"4,2,6,3,5,1"
5068,Fine-Tuned Model,
5069,Fine-Tuned Model,1
5070,Fine-Tuned Model,"4,2,3,6,1,5"
5071,Fine-Tuned Model,"2,5,3,6,1,4"
5072,Fine-Tuned Model,"3,4,6,2,5,1"
5073,Fine-Tuned Model,"3,1,6,2,4,5"
5074,Fine-Tuned Model,"6,2,3,6,1,4"
5075,Fine-Tuned Model,
5076,Fine-Tuned Model,"4,2,6,5,1,3"
5077,Fine-Tuned Model,"4,6,3,5,2,1"
5078,Fine-Tuned Model,"2,5,1,6,3,4"
5079,Fine-Tuned Model,"3,6,2,5,1,4"
5080,Fine-Tuned Model,"4,6,5,3,2"
5081,Fine-Tuned Model,"2,5,4,3,6,1"
5082,Fine-Tuned Model,"4,2,6,3,1,5"
5083,Fine-Tuned Model,"5,2,6,4,3,1"
5084,Fine-Tuned Model,"1,4,2,5,3,6"
5085,Fine-Tuned Model,"2,6,4"
5086,Fine-Tuned Model,"5,3,6,1,4,2"
5087,Fine-Tuned Model,"2,4,3,6,1,5"
5088,Fine-Tuned Model,"3,2,6,5,1,4"
5089,Fine-Tuned Model,
5090,Fine-Tuned Model,"4,2,6,3,5,1"
5091,Fine-Tuned Model,
5092,Fine-Tuned Model,"1,6,1,6,1,6"
5093,Fine-Tuned Model,"2,6,4,1,3,5"
5094,Fine-Tuned Model,
5095,Fine-Tuned Model,"2,4,5,6,2,3"
5096,Fine-Tuned Model,
5097,Fine-Tuned Model,"1,6,6"
5098,Fine-Tuned Model,1
5099,Fine-Tuned Model,"4,2,6,3,5,1"
5100,Fine-Tuned Model,"2,4,3,6,1,5"
5101,Fine-Tuned Model,
5102,Fine-Tuned Model,"4,3,5,1,6,2"
5103,Fine-Tuned Model,"3,2,6,5,3,1"
5104,Fine-Tuned Model,"5,3,2,6,1,4"
5105,Fine-Tuned Model,"3,2,5,4,1,6"
5106,Fine-Tuned Model,"3,4,2,6,5,1"
5107,Fine-Tuned Model,"1,6,2,6,1,6"
5108,Fine-Tuned Model,
5109,Fine-Tuned Model,"3,6,5,4,2,1"
5110,Fine-Tuned Model,
5111,Fine-Tuned Model,"3,1,6,4,5,2"
5112,Fine-Tuned Model,"1,3,2,6,5,4"
5113,Fine-Tuned Model,"3,5,2,6,4,1"
5114,Fine-Tuned Model,"6,1,6"
5115,Fine-Tuned Model,"4,3,6,2,5,1"
5116,Fine-Tuned Model,
5117,Fine-Tuned Model,6
5118,Fine-Tuned Model,
5119,Fine-Tuned Model,"4,2,5,1,3,6"
5120,Fine-Tuned Model,
5121,Fine-Tuned Model,
5122,Fine-Tuned Model,"2,5,4,1,6,3"
5123,Fine-Tuned Model,"4,2,5,6,1,3"
5124,Fine-Tuned Model,"3,6,2,5,4,1"
5125,Fine-Tuned Model,"5,2,3,6,1,4"
5126,Fine-Tuned Model,"3,1,6,5,2,4"
5127,Fine-Tuned Model,"4,2,6,5,1,3"
5128,Fine-Tuned Model,"2,5,3,1,4,6"
5129,Fine-Tuned Model,
5130,Fine-Tuned Model,"3,6,2,5,1,4"
5131,Fine-Tuned Model,"1,2,2,5,3,4"
5132,Fine-Tuned Model,"6,1,6,1,6,1"
5133,Fine-Tuned Model,"1,2,3,4,5,6"
5134,Fine-Tuned Model,"1,5,2,4,6,3"
5135,Fine-Tuned Model,"3,6,1,5,2,4"
5136,Fine-Tuned Model,
5137,Fine-Tuned Model,
5138,Fine-Tuned Model,"1,6,6"
5139,Fine-Tuned Model,"3,5,2,6,1,4"
5140,Fine-Tuned Model,"2,5,3,6,1,4"
5141,Fine-Tuned Model,"5,3,2,6,1,4"
5142,Fine-Tuned Model,"3,2,6,1,5,4"
5143,Fine-Tuned Model,"2,5,4,3,6,1"
5144,Fine-Tuned Model,"5,2,1,6,3,4"
5145,Fine-Tuned Model,"4,2,6,1,5,3"
5146,Fine-Tuned Model,1
5147,Fine-Tuned Model,
5148,Fine-Tuned Model,"3,6,5,1,2,4"
5149,Fine-Tuned Model,"4,1,5,2,6,3"
5150,Fine-Tuned Model,
5151,Fine-Tuned Model,
5152,Fine-Tuned Model,"4,2,6,1,3,5"
5153,Fine-Tuned Model,"2,4,1,6,3,5"
5154,Fine-Tuned Model,"3,6,2,5,4,1"
5155,Fine-Tuned Model,"1,3,6,2,4,5"
5156,Fine-Tuned Model,"1,4,2,6,3,5"
5157,Fine-Tuned Model,"3,2,6,1,5,4"
5158,Fine-Tuned Model,"4,2,6,3,5,1"
5159,Fine-Tuned Model,"1,3,2,6,5,4"
5160,Fine-Tuned Model,
5161,Fine-Tuned Model,
5162,Fine-Tuned Model,"3,4,6,2,5,1"
5163,Fine-Tuned Model,
5164,Fine-Tuned Model,
5165,Fine-Tuned Model,"5,2,3,6,1,4"
5166,Fine-Tuned Model,
5167,Fine-Tuned Model,"2,5,4,6,3,1"
5168,Fine-Tuned Model,"2,5,1,6,4,3"
5169,Fine-Tuned Model,
5170,Fine-Tuned Model,"4,2,6,1,5,3"
5171,Fine-Tuned Model,"2,4,6,3,5,1"
5172,Fine-Tuned Model,"5,4,2,6,3,1"
5173,Fine-Tuned Model,"4,3,6,2,5,1"
5174,Fine-Tuned Model,"3,1,6,5,2,4"
5175,Fine-Tuned Model,"3,6,5,2,4,1"
5176,Fine-Tuned Model,"5,3,2,1,4,6"
5177,Fine-Tuned Model,"4,6,2,5,3,1"
5178,Fine-Tuned Model,"2,5,3,6,1,4"
5179,Fine-Tuned Model,"1,2,3,4,5,6"
5180,Fine-Tuned Model,"1,2,3,4,5,6"
5181,Fine-Tuned Model,"1,5,2,3,6,4"
5182,Fine-Tuned Model,"5,4,6,2,3,1"
5183,Fine-Tuned Model,"5,2,3,6,1,4"
5184,Fine-Tuned Model,"5,2,4,1,6,3"
5185,Fine-Tuned Model,"4,2,6,1,3,5"
5186,Fine-Tuned Model,"3,6,1,5,3,2"
5187,Fine-Tuned Model,
5188,Fine-Tuned Model,"2,5,6,3,1,4"
5189,Fine-Tuned Model,
5190,Fine-Tuned Model,
5191,Fine-Tuned Model,"4,2,6,1,3,5"
5192,Fine-Tuned Model,"4,3,2,6,5,1"
5193,Fine-Tuned Model,"4,2,5,6,3,1"
5194,Fine-Tuned Model,"2,5,3,1,4,6"
5195,Fine-Tuned Model,
5196,Fine-Tuned Model,"1,3,5,2,4,6"
5197,Fine-Tuned Model,"2,6,4,3,5,1"
5198,Fine-Tuned Model,"3,1,5,2,6,4"
5199,Fine-Tuned Model,"3,6,2,5,4,1"
5200,Fine-Tuned Model,"2,4,1,6,3,5"
5201,Fine-Tuned Model,"3,4,1,6,5,2"
5202,Fine-Tuned Model,"3,5,2,4,1,6"
5203,Fine-Tuned Model,"3,6,2,5,4,1"
5204,Fine-Tuned Model,"1,4,3,6,2,5"
5205,Fine-Tuned Model,"3,6,4,2,5,1"
5206,Fine-Tuned Model,"2,5,3,6,1,4"
5207,Fine-Tuned Model,"3,6,1,5,2,4"
5208,Fine-Tuned Model,
5209,Fine-Tuned Model,
5210,Fine-Tuned Model,"1,2,3,4,5,6"
5211,Fine-Tuned Model,"3,5,2,6,1,4"
5212,Fine-Tuned Model,"4,2,5,3,1,6"
5213,Fine-Tuned Model,"6,6,1"
5214,Fine-Tuned Model,
5215,Fine-Tuned Model,
5216,Fine-Tuned Model,"1,5,2,3,4,6"
5217,Fine-Tuned Model,"1,2,4,5,2,6"
5218,Fine-Tuned Model,
5219,Fine-Tuned Model,"4,6,3,1,2,5"
5220,Fine-Tuned Model,
5221,Fine-Tuned Model,"4,2,6,1,3,5"
5222,Fine-Tuned Model,"3,4,2,6,5,1"
5223,Fine-Tuned Model,
5224,Fine-Tuned Model,"3,2,6,5,4,1"
5225,Fine-Tuned Model,"5,2,6,3,5,1"
5226,Fine-Tuned Model,"2,4,6,3,5,1"
5227,Fine-Tuned Model,"4,6,5,1,3,6"
5228,Fine-Tuned Model,"5,2,1,6,4,3"
5229,Fine-Tuned Model,"1,2,6,4,3,5"
5230,Fine-Tuned Model,"3,6,2,5,1,4"
5231,Fine-Tuned Model,"3,6,2,4,1,5"
5232,Fine-Tuned Model,"2,5,1,3,6,4"
5233,Fine-Tuned Model,"1,6,3,5,2,6"
5234,Fine-Tuned Model,1
5235,Fine-Tuned Model,
5236,Fine-Tuned Model,"4,2,5,1,6,3"
5237,Fine-Tuned Model,
5238,Fine-Tuned Model,"4,3,6,2,5,1"
5239,Fine-Tuned Model,"2,6,5,4,1,3"
5240,Fine-Tuned Model,"3,6,2,5,4,1"
5241,Fine-Tuned Model,6
5242,Fine-Tuned Model,"2,6,5,1,4,3"
5243,Fine-Tuned Model,
5244,Fine-Tuned Model,"5,2,4,1,6,3"
5245,Fine-Tuned Model,"1,2,4,3,3,5"
5246,Fine-Tuned Model,"4,3,6,1,5,2"
5247,Fine-Tuned Model,"4,3,1,6,5,2"
5248,Fine-Tuned Model,"5,4,6,2,3,5"
5249,Fine-Tuned Model,"3,5,2,4,1,6"
5250,Fine-Tuned Model,"5,3,6,2,4,1"
5251,Fine-Tuned Model,"3,2,6,1,5,4"
5252,Fine-Tuned Model,"5,3,4,1,6,2"
5253,Fine-Tuned Model,"5,4,2,6,1,3"
5254,Fine-Tuned Model,"6,1,6"
5255,Fine-Tuned Model,"1,5,3,6,2,4"
5256,Fine-Tuned Model,"3,2,6,1,4,5"
5257,Fine-Tuned Model,"4,2,6,1,3,5"
5258,Fine-Tuned Model,
5259,Fine-Tuned Model,"1,3,2,6,4,5"
5260,Fine-Tuned Model,"4,2,6,1,3,5"
5261,Fine-Tuned Model,"3,6,4,2,1,5"
5262,Fine-Tuned Model,"3,4,2,6,5,1"
5263,Fine-Tuned Model,"2,5,4,3,1,6"
5264,Fine-Tuned Model,
5265,Fine-Tuned Model,"1,2,3,4,5,6"
5266,Fine-Tuned Model,"1,6"
5267,Fine-Tuned Model,
5268,Fine-Tuned Model,"1,2,3,4,5,6"
5269,Fine-Tuned Model,"3,4,1,6,5"
5270,Fine-Tuned Model,"4,3,6,5,2,1"
5271,Fine-Tuned Model,"1,6,1,6,1,6"
5272,Fine-Tuned Model,
5273,Fine-Tuned Model,"2,5,6,3,1,4"
5274,Fine-Tuned Model,"4,2,6,3,5,1"
5275,Fine-Tuned Model,"2,5,3,6,1,4"
5276,Fine-Tuned Model,"2,5,3,6,4,1"
5277,Fine-Tuned Model,"4,2,6,1,3,5"
5278,Fine-Tuned Model,"4,2,6,1,5,3"
5279,Fine-Tuned Model,"1,5,2,3,2,4"
5280,Fine-Tuned Model,"1,4,2,2,3,6"
5281,Fine-Tuned Model,
5282,Fine-Tuned Model,
5283,Fine-Tuned Model,"4,2,5,3,6,1"
5284,Fine-Tuned Model,
5285,Fine-Tuned Model,"4,2,6,1,3,5"
5286,Fine-Tuned Model,"3,6,5,2,4,1"
5287,Fine-Tuned Model,
5288,Fine-Tuned Model,"2,5,3,1,6,4"
5289,Fine-Tuned Model,"6,1,6"
5290,Fine-Tuned Model,"4,6,2,5,1,3"
5291,Fine-Tuned Model,"5,2,1,6,3,4"
5292,Fine-Tuned Model,"2,6,1,5,3,4"
5293,Fine-Tuned Model,"5,2,6,4,1,3"
5294,Fine-Tuned Model,
5295,Fine-Tuned Model,"1,6,6"
5296,Fine-Tuned Model,"1,4,5,2,3,6"
5297,Fine-Tuned Model,"3,2,6,5,1,4"
5298,Fine-Tuned Model,"5,2,6,3,1,4"
5299,Fine-Tuned Model,"1,2,3,4,5,6"
5300,Fine-Tuned Model,
5301,Fine-Tuned Model,"3,1,6,2,4,5"
5302,Fine-Tuned Model,
5303,Fine-Tuned Model,"1,4,3,2,5,1"
5304,Fine-Tuned Model,"6,6"
5305,Fine-Tuned Model,
5306,Fine-Tuned Model,"4,2,6,5,1,3"
5307,Fine-Tuned Model,"3,6,4,2,5,1"
5308,Fine-Tuned Model,"3,5,6,2,4,1"
5309,Fine-Tuned Model,"1,1,6,2"
5310,Fine-Tuned Model,
5311,Fine-Tuned Model,"2,6,4,5,3,1"
5312,Fine-Tuned Model,"4,2,6,3,1,5"
5313,Fine-Tuned Model,
5314,Fine-Tuned Model,"5,2,4,1,3,6"
5315,Fine-Tuned Model,
5316,Fine-Tuned Model,
5317,Fine-Tuned Model,"4,6,3,2,5,1"
5318,Fine-Tuned Model,"3,2,6,4,5,1"
5319,Fine-Tuned Model,"4,6,3,5,2,1"
5320,Fine-Tuned Model,"4,3,2,1,5,6"
5321,Fine-Tuned Model,"4,6"
5322,Fine-Tuned Model,"5,2,1,3,5,4"
5323,Fine-Tuned Model,"6,1,6,2,6,3"
5324,Fine-Tuned Model,"4,2,6,3,5,1"
5325,Fine-Tuned Model,"4,2,6,5,1,3"
5326,Fine-Tuned Model,"3,5,2,4,1,6"
5327,Fine-Tuned Model,
5328,Fine-Tuned Model,"5,1,4,3,2,6"
5329,Fine-Tuned Model,"5,6,3,2,5,3"
5330,Fine-Tuned Model,"2,5,6,1,3,6"
5331,Fine-Tuned Model,"3,6,1,5,2,4"
5332,Fine-Tuned Model,"1,6,3,5,6,2"
5333,Fine-Tuned Model,"3,5,4,1,2,6"
5334,Fine-Tuned Model,
5335,Fine-Tuned Model,"4,3,6,2,5,1"
5336,Fine-Tuned Model,"4,3,2,6"
5337,Fine-Tuned Model,"4,3,5,2,6,1"
5338,Fine-Tuned Model,"1,4,5,3,6,2"
5339,Fine-Tuned Model,
5340,Fine-Tuned Model,"2,5,3,6,1,4"
5341,Fine-Tuned Model,"3,4,1,5,3,2"
5342,Fine-Tuned Model,"1,4,2,6,5,3"
5343,Fine-Tuned Model,
5344,Fine-Tuned Model,"3,5,2,6,4,1"
5345,Fine-Tuned Model,"4,2,5,3,6,1"
5346,Fine-Tuned Model,"2,3,4,5,6"
5347,Fine-Tuned Model,"1,6,1,6,1,6"
5348,Fine-Tuned Model,"3,2,4,5,1,6"
5349,Fine-Tuned Model,"1,6,1,6,1,6"
5350,Fine-Tuned Model,"3,5,1,6,4,2"
5351,Fine-Tuned Model,
5352,Fine-Tuned Model,
5353,Fine-Tuned Model,"3,5,4,6"
5354,Fine-Tuned Model,"4,2,6,5,3,1"
5355,Fine-Tuned Model,"5,2,3,6,1,4"
5356,Fine-Tuned Model,"4,3,2,6,1,5"
5357,Fine-Tuned Model,"3,6,2,5,4"
5358,Fine-Tuned Model,"3,6,2,5,1,4"
5359,Fine-Tuned Model,
5360,Fine-Tuned Model,"1,2,6,3,5,4"
5361,Fine-Tuned Model,"3,6,2,5,4,1"
5362,Fine-Tuned Model,"2,5,3,6,4,2"
5363,Fine-Tuned Model,"2,5,1,6,3,4"
5364,Fine-Tuned Model,"1,4,2,6,3,5"
5365,Fine-Tuned Model,"3,5,4,2,1,6"
5366,Fine-Tuned Model,"1,4,3,2,5,6"
5367,Fine-Tuned Model,"5,2,6,3,1,4"
5368,Fine-Tuned Model,"6,1,6"
5369,Fine-Tuned Model,"3,6,4,2,1,5"
5370,Fine-Tuned Model,"5,3,2,6,1,4"
5371,Fine-Tuned Model,"1,2,3,4,5,6"
5372,Fine-Tuned Model,"3,4,6,5,2"
5373,Fine-Tuned Model,"3,6,5,2,4,1"
5374,Fine-Tuned Model,"3,6,2,5,4,1"
5375,Fine-Tuned Model,
5376,Fine-Tuned Model,"1,5,2,3,4"
5377,Fine-Tuned Model,
5378,Fine-Tuned Model,"1,2,4,3,6,5"
5379,Fine-Tuned Model,"4,2,6,3,5,1"
5380,Fine-Tuned Model,
5381,Fine-Tuned Model,"1,3,2,6,5,4"
5382,Fine-Tuned Model,"5,3,1,6,4,2"
5383,Fine-Tuned Model,"4,2,6,5,1,3"
5384,Fine-Tuned Model,"4,3,6,2,5,1"
5385,Fine-Tuned Model,"5,2,3,6,1,4"
5386,Fine-Tuned Model,"5,2,6,1,3,4"
5387,Fine-Tuned Model,"4,2,6,3,5,1"
5388,Fine-Tuned Model,"3,2,5,6,4,1"
5389,Fine-Tuned Model,"1,2,3"
5390,Fine-Tuned Model,"1,3,2,6,4,5"
5391,Fine-Tuned Model,"3,6,2,5,4,1"
5392,Fine-Tuned Model,"4,2,6,1,3,5"
5393,Fine-Tuned Model,"1,3,2,6,5,4"
5394,Fine-Tuned Model,"3,2,5,4,1,6"
5395,Fine-Tuned Model,
5396,Fine-Tuned Model,"3,5,2,6,1,4"
5397,Fine-Tuned Model,"3,5,2,6,4,1"
5398,Fine-Tuned Model,"1,3,4,2,5,6"
5399,Fine-Tuned Model,"5,3,6,2,4,1"
5400,Fine-Tuned Model,"3,1,2,5,4,6"
5401,Fine-Tuned Model,"4,3,6,1,2,5"
5402,Fine-Tuned Model,"3,4,2,5,1,6"
5403,Fine-Tuned Model,
5404,Fine-Tuned Model,"3,6,2,5,1,4"
5405,Fine-Tuned Model,"3,6,2,1,5,4"
5406,Fine-Tuned Model,
5407,Fine-Tuned Model,
5408,Fine-Tuned Model,"1,2,4,5,3,1"
5409,Fine-Tuned Model,"5,3,1,6,4,2"
5410,Fine-Tuned Model,"6,1,6,1"
5411,Fine-Tuned Model,"2,4,5,1,3,6"
5412,Fine-Tuned Model,"3,2,5,6,1,4"
5413,Fine-Tuned Model,"3,5,2,6,1,4"
5414,Fine-Tuned Model,"3,6,2,6,5,4"
5415,Fine-Tuned Model,"3,4,6,2,5,1"
5416,Fine-Tuned Model,"4,2,6,5,1,3"
5417,Fine-Tuned Model,6
5418,Fine-Tuned Model,"1,2,3,4,5,6"
5419,Fine-Tuned Model,1
5420,Fine-Tuned Model,
5421,Fine-Tuned Model,"2,4,3,1,5,6"
5422,Fine-Tuned Model,"1,4,3,6,5,2"
5423,Fine-Tuned Model,"1,6"
5424,Fine-Tuned Model,"2,6,3,5,2,1"
5425,Fine-Tuned Model,"3,6,1,2,5"
5426,Fine-Tuned Model,"5,2,4,6,3,1"
5427,Fine-Tuned Model,
5428,Fine-Tuned Model,"4,2,5,6,1,3"
5429,Fine-Tuned Model,"6,6,6,1,6"
5430,Fine-Tuned Model,"4,6,1,2,3,5"
5431,Fine-Tuned Model,
5432,Fine-Tuned Model,"5,2,4,6,1,3"
5433,Fine-Tuned Model,"3,4,1,6,2,5"
5434,Fine-Tuned Model,"3,2,6,5,4,1"
5435,Fine-Tuned Model,"1,2,5,3,5,6"
5436,Fine-Tuned Model,"4,2,5,3,1,6"
5437,Fine-Tuned Model,"4,2,6,3,1,5"
5438,Fine-Tuned Model,"5,2,3,6,1,4"
5439,Fine-Tuned Model,
5440,Fine-Tuned Model,"3,1,5,2,6,4"
5441,Fine-Tuned Model,"2,3,1,4,5,3"
5442,Fine-Tuned Model,"3,5,2,4"
5443,Fine-Tuned Model,
5444,Fine-Tuned Model,"3,5,1,2,6,4"
5445,Fine-Tuned Model,"3,6,4,2,5,1"
5446,Fine-Tuned Model,
5447,Fine-Tuned Model,
5448,Fine-Tuned Model,"3,2,6,5,1,4"
5449,Fine-Tuned Model,"1,3,5,2,6,4"
5450,Fine-Tuned Model,"1,4,6,2,5,3"
5451,Fine-Tuned Model,"4,2,6,5,1,3"
5452,Fine-Tuned Model,
5453,Fine-Tuned Model,"1,2,3,4,5,6"
5454,Fine-Tuned Model,"1,2,3,4,5,6"
5455,Fine-Tuned Model,"3,6,4,1,2,5"
5456,Fine-Tuned Model,"1,2,3,4,5,6"
5457,Fine-Tuned Model,"3,5,2,6,4,1"
5458,Fine-Tuned Model,
5459,Fine-Tuned Model,"4,2,3,6,5,1"
5460,Fine-Tuned Model,
5461,Fine-Tuned Model,
5462,Fine-Tuned Model,"4,1,3,6,5,2"
5463,Fine-Tuned Model,3
5464,Fine-Tuned Model,"3,4,6,1,5,3"
5465,Fine-Tuned Model,"2,4,5,3,6,1"
5466,Fine-Tuned Model,"4,6,3,2,5,1"
5467,Fine-Tuned Model,
5468,Fine-Tuned Model,"2,4,5,3,1,6"
5469,Fine-Tuned Model,"1,2,4,3,5,2"
5470,Fine-Tuned Model,
5471,Fine-Tuned Model,"4,6,3,2,5,1"
5472,Fine-Tuned Model,"3,6,2,4,5,1"
5473,Fine-Tuned Model,5
5474,Fine-Tuned Model,
5475,Fine-Tuned Model,"6,5,3,2,1,4"
5476,Fine-Tuned Model,"3,5,2,6,1,4"
5477,Fine-Tuned Model,"4,2,6,1,3,5"
5478,Fine-Tuned Model,"1,4,2,3,3,6"
5479,Fine-Tuned Model,"4,2,6,3,5,1"
5480,Fine-Tuned Model,"4,2,6,3,5,1"
5481,Fine-Tuned Model,
5482,Fine-Tuned Model,"2,5,3,6,1,4"
5483,Fine-Tuned Model,"3,6,2,5,4,1"
5484,Fine-Tuned Model,"1,3,5,2,4"
5485,Fine-Tuned Model,
5486,Fine-Tuned Model,
5487,Fine-Tuned Model,"1,2,3,5,6,4"
5488,Fine-Tuned Model,"1,3,2,5,4,6"
5489,Fine-Tuned Model,"2,6,3,5,4,1"
5490,Fine-Tuned Model,"2,5,1,4"
5491,Fine-Tuned Model,"4,6,2,5,3,1"
5492,Fine-Tuned Model,"1,3,4,2"
5493,Fine-Tuned Model,
5494,Fine-Tuned Model,"4,2,6,3,5,1"
5495,Fine-Tuned Model,"3,6,2,5,4,1"
5496,Fine-Tuned Model,"2,6,3,5,4,1"
5497,Fine-Tuned Model,"1,3,4,5,2,6"
5498,Fine-Tuned Model,"5,2,3,6,1,4"
5499,Fine-Tuned Model,"4,2,5,1,6,3"
5500,Fine-Tuned Model,"3,6,1,5,4,2"
5501,Fine-Tuned Model,"3,1,5,6,2,4"
5502,Fine-Tuned Model,"4,3,5,2,6,1"
5503,Fine-Tuned Model,"1,5,2,4,6,3"
5504,Fine-Tuned Model,"1,6,6"
5505,Fine-Tuned Model,"3,6,2,5,1,4"
5506,Fine-Tuned Model,
5507,Fine-Tuned Model,"4,2,5,3,6,1"
5508,Fine-Tuned Model,"4,2,6,3,1,5"
5509,Fine-Tuned Model,"5,2,3,4,2,1"
5510,Fine-Tuned Model,"6,1,6"
5511,Fine-Tuned Model,"4,6,2,5,1,3"
5512,Fine-Tuned Model,"1,6,6"
5513,Fine-Tuned Model,"4,6,2,5,1,3"
5514,Fine-Tuned Model,"2,4,5,1,3,6"
5515,Fine-Tuned Model,
5516,Fine-Tuned Model,"4,2,6,5,3,1"
5517,Fine-Tuned Model,
5518,Fine-Tuned Model,"2,4,6,3,1,5"
5519,Fine-Tuned Model,
5520,Fine-Tuned Model,"2,4,6,1,3,5"
5521,Fine-Tuned Model,"1,6,2,3,4,6"
5522,Fine-Tuned Model,
5523,Fine-Tuned Model,"1,2,3,4,5,6"
5524,Fine-Tuned Model,
5525,Fine-Tuned Model,"5,3,2,6,1,4"
5526,Fine-Tuned Model,
5527,Fine-Tuned Model,"4,2,5,3,6,1"
5528,Fine-Tuned Model,"3,6,1,2,4,5"
5529,Fine-Tuned Model,"5,2,1,6,3,4"
5530,Fine-Tuned Model,"1,1,2,4,5,3"
5531,Fine-Tuned Model,
5532,Fine-Tuned Model,"1,3,2,5,4,6"
5533,Fine-Tuned Model,
5534,Fine-Tuned Model,"1,2,3,4,5,6"
5535,Fine-Tuned Model,
5536,Fine-Tuned Model,"4,2,6,3,1,5"
5537,Fine-Tuned Model,"4,2,6,1,5,3"
5538,Fine-Tuned Model,
5539,Fine-Tuned Model,"2,3,1,1"
5540,Fine-Tuned Model,"3,6,2,5,4,1"
5541,Fine-Tuned Model,"3,6,2,5,4,1"
5542,Fine-Tuned Model,"4,3,2,6,1,5"
5543,Fine-Tuned Model,
5544,Fine-Tuned Model,
5545,Fine-Tuned Model,"2,4,5,1,6,3"
5546,Fine-Tuned Model,"4,2,6,1,3,5"
5547,Fine-Tuned Model,"4,2,6,3,5,1"
5548,Fine-Tuned Model,"6,1,6,1"
5549,Fine-Tuned Model,"4,3,2,6,5,1"
5550,Fine-Tuned Model,"2,5,4,3,6,1"
5551,Fine-Tuned Model,"3,2,6,5,4,1"
5552,Fine-Tuned Model,"4,2,5,1,3,6"
5553,Fine-Tuned Model,"3,6,2,5,4,1"
5554,Fine-Tuned Model,"4,3,6,2,5,1"
5555,Fine-Tuned Model,"3,6,2,5,4,1"
5556,Fine-Tuned Model,"4,6,2,5,3,1"
5557,Fine-Tuned Model,"4,2,6,3,1,5"
5558,Fine-Tuned Model,"2,4,5,3,2,6"
5559,Fine-Tuned Model,
5560,Fine-Tuned Model,
5561,Fine-Tuned Model,"3,6,2,4,1,5"
5562,Fine-Tuned Model,"2,4,5,1,3,6"
5563,Fine-Tuned Model,"1,2,5,3,4,6"
5564,Fine-Tuned Model,
5565,Fine-Tuned Model,"1,3,5,2,6,4"
5566,Fine-Tuned Model,"6,6"
5567,Fine-Tuned Model,"3,5,1,4,2,6"
5568,Fine-Tuned Model,
5569,Fine-Tuned Model,"1,4,2,2,3,6"
5570,Fine-Tuned Model,"3,2,6,1,4,5"
5571,Fine-Tuned Model,"4,2,6,5,3,1"
5572,Fine-Tuned Model,"1,4,2,6,5,3"
5573,Fine-Tuned Model,
5574,Fine-Tuned Model,"4,3,5,1,2,6"
5575,Fine-Tuned Model,
5576,Fine-Tuned Model,"1,2,3,4,5,6"
5577,Fine-Tuned Model,"1,6,1,6,1,6"
5578,Fine-Tuned Model,
5579,Fine-Tuned Model,
5580,Fine-Tuned Model,"3,5,6,1,2,5"
5581,Fine-Tuned Model,"2,5,6,1,4,3"
5582,Fine-Tuned Model,"5,4,2,1,6,3"
5583,Fine-Tuned Model,"4,3,6,2,5,1"
5584,Fine-Tuned Model,"4,2,6,3,5,1"
5585,Fine-Tuned Model,"3,6,2,4,5,1"
5586,Fine-Tuned Model,"3,5,2,6,1,4"
5587,Fine-Tuned Model,
5588,Fine-Tuned Model,"2,5,6,1,4,3"
5589,Fine-Tuned Model,"4,1,3,5,2,6"
5590,Fine-Tuned Model,"5,2,6,1,4,3"
5591,Fine-Tuned Model,"1,3,5,6,2,4"
5592,Fine-Tuned Model,"3,6,2,5,4,1"
5593,Fine-Tuned Model,"4,2,5,6,1,3"
5594,Fine-Tuned Model,
5595,Fine-Tuned Model,"1,2,4,5,3,3"
5596,Fine-Tuned Model,"5,2,6,3,1,4"
5597,Fine-Tuned Model,6
5598,Fine-Tuned Model,"1,6,4,3,2,5"
5599,Fine-Tuned Model,"6,1,6"
5600,Fine-Tuned Model,"4,2,5,3,1,6"
5601,Fine-Tuned Model,
5602,Fine-Tuned Model,"4,2,6,5,3,1"
5603,Fine-Tuned Model,"4,3,1,2,5,6"
5604,Fine-Tuned Model,"2,6,3,1,4,5"
5605,Fine-Tuned Model,2
5606,Fine-Tuned Model,"1,4,2,6,5,3"
5607,Fine-Tuned Model,"1,6"
5608,Fine-Tuned Model,"1,5,4,6,3,2"
5609,Fine-Tuned Model,"1,3,2,6,3,5"
5610,Fine-Tuned Model,"2,4,5,2,6,1"
5611,Fine-Tuned Model,"6,2,4,3,6,5"
5612,Fine-Tuned Model,"4,3,5,2,6,1"
5613,Fine-Tuned Model,
5614,Fine-Tuned Model,"6,1,6,1,1,6"
5615,Fine-Tuned Model,"1,2,3,4,5,6"
5616,Fine-Tuned Model,"3,2,6,5,1,4"
5617,Fine-Tuned Model,"2,4,6,3,5,1"
5618,Fine-Tuned Model,"3,2,5,1,6,4"
5619,Fine-Tuned Model,"3,2,6,5,1,4"
5620,Fine-Tuned Model,
5621,Fine-Tuned Model,
5622,Fine-Tuned Model,
5623,Fine-Tuned Model,"3,5,6,1,4,2"
5624,Fine-Tuned Model,"6,1,6,2,6"
5625,Fine-Tuned Model,"4,6,2,5,1,3"
5626,Fine-Tuned Model,3
5627,Fine-Tuned Model,"3,5,2,4,6,1"
5628,Fine-Tuned Model,"1,2,3,4,5,6"
5629,Fine-Tuned Model,
5630,Fine-Tuned Model,"5,3,2,6,1,4"
5631,Fine-Tuned Model,"1,3,5,6,4,2"
5632,Fine-Tuned Model,"4,6,3,2,5,1"
5633,Fine-Tuned Model,
5634,Fine-Tuned Model,
5635,Fine-Tuned Model,"3,6,4,2,5,1"
5636,Fine-Tuned Model,"1,4,3,6,2,5"
5637,Fine-Tuned Model,"5,4,2,6,1,3"
5638,Fine-Tuned Model,"3,1,6,4,5,2"
5639,Fine-Tuned Model,"4,2,5,3,6,1"
5640,Fine-Tuned Model,"3,1,5,2,6,4"
5641,Fine-Tuned Model,
5642,Fine-Tuned Model,"4,1,2,6,3,5"
5643,Fine-Tuned Model,"1,6"
5644,Fine-Tuned Model,"3,1,5,2,4,6"
5645,Fine-Tuned Model,"2,4,1,5,6,3"
5646,Fine-Tuned Model,"5,2,4,1,3,6"
5647,Fine-Tuned Model,"3,6,1,2,5,4"
5648,Fine-Tuned Model,"1,4,2,5,6,3"
5649,Fine-Tuned Model,"3,1,6,2,5,4"
5650,Fine-Tuned Model,"1,5"
5651,Fine-Tuned Model,"2,6,4,1,5,3"
5652,Fine-Tuned Model,"2,4,5,2,6,1"
5653,Fine-Tuned Model,"1,5,2,6,4,3"
5654,Fine-Tuned Model,"1,2,3,4,5,6"
5655,Fine-Tuned Model,
5656,Fine-Tuned Model,"4,2,6,1,3,5"
5657,Fine-Tuned Model,"4,2,6,3,5,1"
5658,Fine-Tuned Model,
5659,Fine-Tuned Model,"5,2,4,6,1,3"
5660,Fine-Tuned Model,"5,2,6,1,4,3"
5661,Fine-Tuned Model,"1,2,3,4,5,6"
5662,Fine-Tuned Model,"4,1,3,2,6,5"
5663,Fine-Tuned Model,"3,5,1,4,2,6"
5664,Fine-Tuned Model,
5665,Fine-Tuned Model,
5666,Fine-Tuned Model,"1,4,3,6,2,5"
5667,Fine-Tuned Model,"4,5,2,3,1,6"
5668,Fine-Tuned Model,
5669,Fine-Tuned Model,"3,6,2,5,4,1"
5670,Fine-Tuned Model,"2,4,3,5,6"
5671,Fine-Tuned Model,"2,6,3,5,1,4"
5672,Fine-Tuned Model,"1,4,2,2,5,6"
5673,Fine-Tuned Model,"5,2,6,3,1,4"
5674,Fine-Tuned Model,"4,3,6,2,5,1"
5675,Fine-Tuned Model,
5676,Fine-Tuned Model,"4,3,6,2,5,1"
5677,Fine-Tuned Model,"5,1,3,6,2,4"
5678,Fine-Tuned Model,
5679,Fine-Tuned Model,"3,1,6,2,5,4"
5680,Fine-Tuned Model,"3,6,2,5,4,1"
5681,Fine-Tuned Model,"4,2,5,1,6,3"
5682,Fine-Tuned Model,
5683,Fine-Tuned Model,"4,2,6,1,5,3"
5684,Fine-Tuned Model,"5,4,2,6,3,1"
5685,Fine-Tuned Model,"2,5,1,3,4,6"
5686,Fine-Tuned Model,
5687,Fine-Tuned Model,"4,2,5,1,6,3"
5688,Fine-Tuned Model,"3,1,6,4,5,2"
5689,Fine-Tuned Model,
5690,Fine-Tuned Model,
5691,Fine-Tuned Model,
5692,Fine-Tuned Model,"1,3,5,1,2,6"
5693,Fine-Tuned Model,
5694,Fine-Tuned Model,"3,6,1,5,2,4"
5695,Fine-Tuned Model,"4,2,6,3,1,5"
5696,Fine-Tuned Model,"3,6,2,5,4,1"
5697,Fine-Tuned Model,"4,6,3,5,2,1"
5698,Fine-Tuned Model,"2,4,1,6,3,5"
5699,Fine-Tuned Model,"3,6,2,5,1,4"
5700,Fine-Tuned Model,
5701,Fine-Tuned Model,"2,5,1,6,3,4"
5702,Fine-Tuned Model,"6,3,5,2,4"
5703,Fine-Tuned Model,"1,2,3,4,5,6"
5704,Fine-Tuned Model,"5,2,6,3,1,4"
5705,Fine-Tuned Model,"4,2,5,3,1,6"
5706,Fine-Tuned Model,"1,3,2,5,6,4"
5707,Fine-Tuned Model,"4,2,6,1,3,5"
5708,Fine-Tuned Model,"1,2,3,4,5"
5709,Fine-Tuned Model,"1,3,2,5,6"
5710,Fine-Tuned Model,"4,2,5,1,6,3"
5711,Fine-Tuned Model,2
5712,Fine-Tuned Model,"4,2,6,3,5,1"
5713,Fine-Tuned Model,"2,4,6,1,3,5"
5714,Fine-Tuned Model,"3,6,1,2,4,5"
5715,Fine-Tuned Model,
5716,Fine-Tuned Model,"5,2,3,4,6,1"
5717,Fine-Tuned Model,"4,6,2,3,5,1"
5718,Fine-Tuned Model,"2,6,3,5,1,4"
5719,Fine-Tuned Model,"3,6,2,5,1,4"
5720,Fine-Tuned Model,
5721,Fine-Tuned Model,"4,3,6,5,2,1"
5722,Fine-Tuned Model,"3,2,5,1,4,6"
5723,Fine-Tuned Model,"6,4,5,1,3,2"
5724,Fine-Tuned Model,"4,2,6,3,5,1"
5725,Fine-Tuned Model,"3,2,6,5,1,4"
5726,Fine-Tuned Model,"2,4,5,3,6,1"
5727,Fine-Tuned Model,"3,6,2,5,1,4"
5728,Fine-Tuned Model,"4,2,6,3,5,1"
5729,Fine-Tuned Model,"3,4,6"
5730,Fine-Tuned Model,"4,2,6,3,5,1"
5731,Fine-Tuned Model,
5732,Fine-Tuned Model,"1,2,3,4,5,6"
5733,Fine-Tuned Model,"5,1,2,4,3,6"
5734,Fine-Tuned Model,"3,6,2,5,1,4"
5735,Fine-Tuned Model,"1,6,2,4,3,5"
5736,Fine-Tuned Model,"1,3,6,2,5,4"
5737,Fine-Tuned Model,"4,2,6,3,5,1"
5738,Fine-Tuned Model,"3,4,2,6,5,1"
5739,Fine-Tuned Model,"6,4,2,5,3,6"
5740,Fine-Tuned Model,
5741,Fine-Tuned Model,
5742,Fine-Tuned Model,"4,2,5,3,6,1"
5743,Fine-Tuned Model,"1,4,2,2,3,6"
5744,Fine-Tuned Model,1
5745,Fine-Tuned Model,"3,6,2,4,5,1"
5746,Fine-Tuned Model,"1,2,5,3,5,6"
5747,Fine-Tuned Model,
5748,Fine-Tuned Model,"4,3,1,2,5,6"
5749,Fine-Tuned Model,"6,1,6,1,6,1"
5750,Fine-Tuned Model,"2,4,6,3,1,5"
5751,Fine-Tuned Model,
5752,Fine-Tuned Model,"2,4,1"
5753,Fine-Tuned Model,"3,2,6,1,5,4"
5754,Fine-Tuned Model,"4,2,6,5,1,3"
5755,Fine-Tuned Model,"3,1,6,2,5,4"
5756,Fine-Tuned Model,
5757,Fine-Tuned Model,"3,6,4,2,5,1"
5758,Fine-Tuned Model,"1,6,6"
5759,Fine-Tuned Model,"2,5,3,1,6,4"
5760,Fine-Tuned Model,"4,6,3,5,2,1"
5761,Fine-Tuned Model,"2,6,1,5,4,3"
5762,Fine-Tuned Model,"1,2,2,5,3,3"
5763,Fine-Tuned Model,"6,6"
5764,Fine-Tuned Model,"6,1,6"
5765,Fine-Tuned Model,"5,2,4,6,1,3"
5766,Fine-Tuned Model,1
5767,Fine-Tuned Model,"5,3,4,6,2,1"
5768,Fine-Tuned Model,
5769,Fine-Tuned Model,"2,5,6,3,1,4"
5770,Fine-Tuned Model,"4,2,5,6,1,3"
5771,Fine-Tuned Model,"2,4,3,6,5,1"
5772,Fine-Tuned Model,
5773,Fine-Tuned Model,"4,1,6,3,2,5"
5774,Fine-Tuned Model,
5775,Fine-Tuned Model,"3,4"
5776,Fine-Tuned Model,"1,2,3,4,5,6"
5777,Fine-Tuned Model,"4,2,5,1,3,6"
5778,Fine-Tuned Model,"3,6,2,5,1,4"
5779,Fine-Tuned Model,
5780,Fine-Tuned Model,"4,2,6,5,3,1"
5781,Fine-Tuned Model,"4,1,6,6"
5782,Fine-Tuned Model,"4,2,6,3,1,5"
5783,Fine-Tuned Model,"1,4,6,2,3,5"
5784,Fine-Tuned Model,"3,2,6,4,1,5"
5785,Fine-Tuned Model,"4,3,2,6,5,1"
5786,Fine-Tuned Model,
5787,Fine-Tuned Model,"4,2,6,3,1,5"
5788,Fine-Tuned Model,"2,5,3,6,1,4"
5789,Fine-Tuned Model,"6,1"
5790,Fine-Tuned Model,
5791,Fine-Tuned Model,"6,1,6"
5792,Fine-Tuned Model,3
5793,Fine-Tuned Model,"5,3,4,6,2,1"
5794,Fine-Tuned Model,
5795,Fine-Tuned Model,"4,2,6,5,1,3"
5796,Fine-Tuned Model,"2,6,1,5,4,3"
5797,Fine-Tuned Model,"2,5,3,6,1,4"
5798,Fine-Tuned Model,"4,2,3,6,5,1"
5799,Fine-Tuned Model,"6,1,6,6,4,2"
5800,Fine-Tuned Model,"4,1,6,3,5,2"
5801,Fine-Tuned Model,"6,1,2,3,4"
5802,Fine-Tuned Model,"4,2,6,1,5,3"
5803,Fine-Tuned Model,"4,3,6,2,5,1"
5804,Fine-Tuned Model,"4,1,3,5,2,6"
5805,Fine-Tuned Model,"2,5,1,4,6,3"
5806,Fine-Tuned Model,"4,6,2,5,3,1"
5807,Fine-Tuned Model,"6,1,6"
5808,Fine-Tuned Model,"1,2,3,4,5,6"
5809,Fine-Tuned Model,
5810,Fine-Tuned Model,"3,2,6,5,1,4"
5811,Fine-Tuned Model,
5812,Fine-Tuned Model,"1,6,1,6,1,6"
5813,Fine-Tuned Model,"2,6,3,1,5,4"
5814,Fine-Tuned Model,"4,3,2,6,5,1"
5815,Fine-Tuned Model,
5816,Fine-Tuned Model,"4,6,2,5,3,1"
5817,Fine-Tuned Model,"2,5,3,6,4,1"
5818,Fine-Tuned Model,"1,3,2,6,3,4"
5819,Fine-Tuned Model,"3,6,4,2,5,1"
5820,Fine-Tuned Model,"2,4,5,1,3,6"
5821,Fine-Tuned Model,"3,6,4,2,5,1"
5822,Fine-Tuned Model,"1,2,3,4,5,6"
5823,Fine-Tuned Model,"3,6,2,5,1,4"
5824,Fine-Tuned Model,
5825,Fine-Tuned Model,"3,2,6,5,1,4"
5826,Fine-Tuned Model,"5,2,6,1,3,4"
5827,Fine-Tuned Model,"4,2,6,3,1,5"
5828,Fine-Tuned Model,"4,2,6,1,5,3"
5829,Fine-Tuned Model,"1,2,3,4,5,6"
5830,Fine-Tuned Model,"2,5,3,6,1,4"
5831,Fine-Tuned Model,"5,3,6,2,6,1"
5832,Fine-Tuned Model,"3,6,1,2,5,4"
5833,Fine-Tuned Model,"3,6,2,5,4,1"
5834,Fine-Tuned Model,"1,2,3,4,5,6"
5835,Fine-Tuned Model,"3,4,2,1,6,5"
5836,Fine-Tuned Model,"1,6,6"
5837,Fine-Tuned Model,
5838,Fine-Tuned Model,"3,6,2,5,1,4"
5839,Fine-Tuned Model,
5840,Fine-Tuned Model,"5,3,1,6,2,4"
5841,Fine-Tuned Model,"1,4,2,3,3,6"
5842,Fine-Tuned Model,"3,5,1,2,6,4"
5843,Fine-Tuned Model,"3,5,2,6,4,1"
5844,Fine-Tuned Model,"5,2,3,6,4,1"
5845,Fine-Tuned Model,"2,4,3,5,1,6"
5846,Fine-Tuned Model,
5847,Fine-Tuned Model,"3,2,4,5,6,1"
5848,Fine-Tuned Model,"2,6,1,5,3"
5849,Fine-Tuned Model,
5850,Fine-Tuned Model,"1,2,3,4,5,6"
5851,Fine-Tuned Model,
5852,Fine-Tuned Model,"4,2,5,1,3,6"
5853,Fine-Tuned Model,"5,3,6,1,2,4"
5854,Fine-Tuned Model,"1,2,3,4,5,6"
5855,Fine-Tuned Model,"3,6,2,1,5,4"
5856,Fine-Tuned Model,
5857,Fine-Tuned Model,"4,2,6"
5858,Fine-Tuned Model,"5,3,1,6,4,2"
5859,Fine-Tuned Model,"5,3,1,6,2,4"
5860,Fine-Tuned Model,"1,3,2,6,5,4"
5861,Fine-Tuned Model,"4,2,3,6,1,5"
5862,Fine-Tuned Model,
5863,Fine-Tuned Model,"1,4,2,5,6,3"
5864,Fine-Tuned Model,"2,6,5,3,1,4"
5865,Fine-Tuned Model,"1,6,4,2,5,6"
5866,Fine-Tuned Model,"3,4,2,5,6,1"
5867,Fine-Tuned Model,
5868,Fine-Tuned Model,"3,5,2,6,1,4"
5869,Fine-Tuned Model,"4,2,6,1,5,3"
5870,Fine-Tuned Model,"4,2,5,3,6,1"
5871,Fine-Tuned Model,
5872,Fine-Tuned Model,"4,2,6,5,3,1"
5873,Fine-Tuned Model,"3,2,6,1,4,5"
5874,Fine-Tuned Model,"6,5,2,4,3,1"
5875,Fine-Tuned Model,"3,1,6,5,2,4"
5876,Fine-Tuned Model,
5877,Fine-Tuned Model,"4,2,6,3,1,5"
5878,Fine-Tuned Model,"4,2,6,3,1,5"
5879,Fine-Tuned Model,1
5880,Fine-Tuned Model,"1,4,2,5,3,6"
5881,Fine-Tuned Model,"4,6,3,1,5,2"
5882,Fine-Tuned Model,"5,3,6,2,4,1"
5883,Fine-Tuned Model,"2,6,3,1,4,5"
5884,Fine-Tuned Model,"3,2,5,6,1,4"
5885,Fine-Tuned Model,"2,5,4,1,6,3"
5886,Fine-Tuned Model,"5,2,6,3,1,4"
5887,Fine-Tuned Model,"3,6,2,5,1,4"
5888,Fine-Tuned Model,"2,6,3,5,1,4"
5889,Fine-Tuned Model,6
5890,Fine-Tuned Model,"4,2,6,3,5,1"
5891,Fine-Tuned Model,
5892,Fine-Tuned Model,"1,6,6"
5893,Fine-Tuned Model,"4,6,2,1,3,5"
5894,Fine-Tuned Model,"2,4,1,3,6,5"
5895,Fine-Tuned Model,6
5896,Fine-Tuned Model,"3,6,2,5,4,1"
5897,Fine-Tuned Model,
5898,Fine-Tuned Model,"3,6,2,5,4,1"
5899,Fine-Tuned Model,"5,2,6,4,3,1"
5900,Fine-Tuned Model,"1,4,5,2,3,6"
5901,Fine-Tuned Model,
5902,Fine-Tuned Model,"3,2,5,1,4,6"
5903,Fine-Tuned Model,"5,3,1,6,4,2"
5904,Fine-Tuned Model,"1,5,2,6,4,3"
5905,Fine-Tuned Model,3
5906,Fine-Tuned Model,
5907,Fine-Tuned Model,"1,2,3,4,5,6"
5908,Fine-Tuned Model,"3,2,6,4,1,5"
5909,Fine-Tuned Model,"5,2,4,1,6,3"
5910,Fine-Tuned Model,"6,1,6,3,2,6"
5911,Fine-Tuned Model,"5,3,1,6,4,2"
5912,Fine-Tuned Model,"4,2,5,3,6,1"
5913,Fine-Tuned Model,"4,2,6,3,1,5"
5914,Fine-Tuned Model,"1,2,4,2,6,5"
5915,Fine-Tuned Model,"5,2,4,6,3,1"
5916,Fine-Tuned Model,"1,3,6,2,5,4"
5917,Fine-Tuned Model,"4,2,6,1,3,5"
5918,Fine-Tuned Model,"2,4,6,1,3,5"
5919,Fine-Tuned Model,"4,3,1,6,2,5"
5920,Fine-Tuned Model,"4,3,6,2,5,1"
5921,Fine-Tuned Model,"4,2,6,3,1,5"
5922,Fine-Tuned Model,"2,5,3,4,1,6"
5923,Fine-Tuned Model,"3,1,6,4,5"
5924,Fine-Tuned Model,"3,1,5,6,2,4"
5925,Fine-Tuned Model,"1,6,6"
5926,Fine-Tuned Model,
5927,Fine-Tuned Model,"2,4,3,5,1,6"
5928,Fine-Tuned Model,"3,6,2,5,4,1"
5929,Fine-Tuned Model,"6,3,2,5,1,4"
5930,Fine-Tuned Model,
5931,Fine-Tuned Model,"3,6,2,5,4,1"
5932,Fine-Tuned Model,"3,1,6,5,3,2"
5933,Fine-Tuned Model,
5934,Fine-Tuned Model,"5,2,3,4,6,1"
5935,Fine-Tuned Model,"3,5,2,1,6,4"
5936,Fine-Tuned Model,
5937,Fine-Tuned Model,"2,5,4,3,2,6"
5938,Fine-Tuned Model,
5939,Fine-Tuned Model,"3,5,2,6,3,6"
5940,Fine-Tuned Model,"6,3,4,5,2,1"
5941,Fine-Tuned Model,"2,6,3,1,5,4"
5942,Fine-Tuned Model,"3,5,2,6,4,1"
5943,Fine-Tuned Model,"4,3,1,6,2,5"
5944,Fine-Tuned Model,"3,6,2,5,1,4"
5945,Fine-Tuned Model,"2,3,6,1,4,5"
5946,Fine-Tuned Model,1
5947,Fine-Tuned Model,"5,3,2,4,6,1"
5948,Fine-Tuned Model,"4,2,6,5,1,3"
5949,Fine-Tuned Model,"3,5,2,6,1,4"
5950,Fine-Tuned Model,
5951,Fine-Tuned Model,"3,2,6,5,1,4"
5952,Fine-Tuned Model,"4,2,5,3,1,6"
5953,Fine-Tuned Model,"4,1,6,2,5,3"
5954,Fine-Tuned Model,"4,2,6,3,5,1"
5955,Fine-Tuned Model,"2,4,3,1,6,5"
5956,Fine-Tuned Model,"1,2,3,4,5,6"
5957,Fine-Tuned Model,"2,5,1,6,3,4"
5958,Fine-Tuned Model,"1,6,3,2,5,4"
5959,Fine-Tuned Model,"4,6,1,3,2,5"
5960,Fine-Tuned Model,
5961,Fine-Tuned Model,"2,4,3,6,5,1"
5962,Fine-Tuned Model,"6,1,6,2,4,5"
5963,Fine-Tuned Model,"2,5,3,1,4,6"
5964,Fine-Tuned Model,"4,2,6,1,3,5"
5965,Fine-Tuned Model,6
5966,Fine-Tuned Model,1
5967,Fine-Tuned Model,"1,2,5,3,6,4"
5968,Fine-Tuned Model,
5969,Fine-Tuned Model,"1,2,4,3,6,5"
5970,Fine-Tuned Model,"3,6,2,5,1,4"
5971,Fine-Tuned Model,
5972,Fine-Tuned Model,"3,2,4,5,6,1"
5973,Fine-Tuned Model,"4,6,1,3,5,2"
5974,Fine-Tuned Model,"2,4,6,3,5,1"
5975,Fine-Tuned Model,"4,6,2,3,5,1"
5976,Fine-Tuned Model,"4,2,6,3,5,1"
5977,Fine-Tuned Model,6
5978,Fine-Tuned Model,"3,6,2,5,4,1"
5979,Fine-Tuned Model,"1,3,2,4,5,6"
5980,Fine-Tuned Model,
5981,Fine-Tuned Model,"3,5,2,6,1,4"
5982,Fine-Tuned Model,"1,6,6"
5983,Fine-Tuned Model,"3,6,1,5,2,4"
5984,Fine-Tuned Model,"2,6,1,5,4,3"
5985,Fine-Tuned Model,1
5986,Fine-Tuned Model,"4,2,6,3,5,1"
5987,Fine-Tuned Model,"1,3,2,6,4,5"
5988,Fine-Tuned Model,"3,6,2,5,1,4"
5989,Fine-Tuned Model,"5,2,6,1,3,4"
5990,Fine-Tuned Model,"1,3,4,5,2,6"
5991,Fine-Tuned Model,
5992,Fine-Tuned Model,
5993,Fine-Tuned Model,"3,2,4,1,6,5"
5994,Fine-Tuned Model,"4,3,6,1,5,2"
5995,Fine-Tuned Model,"2,6,5,1,3,4"
5996,Fine-Tuned Model,"5,3,2,6,4,1"
5997,Fine-Tuned Model,
5998,Fine-Tuned Model,"2,1,6"
5999,Fine-Tuned Model,3
6000,Fine-Tuned Model,
6001,Fine-Tuned Model,"1,2,5,3,6,4"
6002,Fine-Tuned Model,"3,1,6,2,4,5"
6003,Fine-Tuned Model,"1,3,6,2,4,5"
6004,Fine-Tuned Model,"2,5,6,1,3,4"
6005,Fine-Tuned Model,"3,2,5,6,1"
6006,Fine-Tuned Model,"1,6,6"
6007,Fine-Tuned Model,
6008,Fine-Tuned Model,"5,4,1,3,2,6"
6009,Fine-Tuned Model,"4,2,6,1,3,5"
6010,Fine-Tuned Model,"3,6,2,5,4,1"
6011,Fine-Tuned Model,"3,5,6,2,4,1"
6012,Fine-Tuned Model,"6,4,2,6,3,5"
6013,Fine-Tuned Model,"2,5,3,6,1,4"
6014,Fine-Tuned Model,"3,6,1,3,5,2"
6015,Fine-Tuned Model,"1,5,2,6,3,6"
6016,Fine-Tuned Model,"3,6,2,5,1,4"
6017,Fine-Tuned Model,"4,2,5,1,3,6"
6018,Fine-Tuned Model,
6019,Fine-Tuned Model,"1,2,4,3,6,5"
6020,Fine-Tuned Model,"4,3,2,5,1,6"
6021,Fine-Tuned Model,"2,5,4,3,6,1"
6022,Fine-Tuned Model,
6023,Fine-Tuned Model,
6024,Fine-Tuned Model,"4,2,6,1,3,5"
6025,Fine-Tuned Model,"3,2,6,5,4,1"
6026,Fine-Tuned Model,"2,4,1,3,5,2"
6027,Fine-Tuned Model,"3,2,5,1,6,4"
6028,Fine-Tuned Model,"1,2,3,4,5,6"
6029,Fine-Tuned Model,"3,6,2,5,1,4"
6030,Fine-Tuned Model,"3,6,2,5,4,1"
6031,Fine-Tuned Model,"2,5,1,6,3,4"
6032,Fine-Tuned Model,"3,1,6,2,5,4"
6033,Fine-Tuned Model,
6034,Fine-Tuned Model,"2,5,4,3,1,6"
6035,Fine-Tuned Model,"1,6,1,2,3,4"
6036,Fine-Tuned Model,"5,3,1,6,4,2"
6037,Fine-Tuned Model,"4,1,2,2,6,3"
6038,Fine-Tuned Model,
6039,Fine-Tuned Model,"1,4,2,6,3,5"
6040,Fine-Tuned Model,"2,5,3,1,6,4"
6041,Fine-Tuned Model,"2,4,5,2,3,6"
6042,Fine-Tuned Model,
6043,Fine-Tuned Model,"4,2,6,3,1,5"
6044,Fine-Tuned Model,
6045,Fine-Tuned Model,
6046,Fine-Tuned Model,"1,6,6"
6047,Fine-Tuned Model,"3,6,4,2,5,1"
6048,Fine-Tuned Model,"1,3,5,3,6,1"
6049,Fine-Tuned Model,"1,4,2,3,5,6"
6050,Fine-Tuned Model,"3,6,2,5,1,4"
6051,Fine-Tuned Model,"2,6,3,5,4,1"
6052,Fine-Tuned Model,
6053,Fine-Tuned Model,"1,4,5,2,1,3"
6054,Fine-Tuned Model,"3,2,6,5,4,1"
6055,Fine-Tuned Model,
6056,Fine-Tuned Model,"4,2,6,1,5,3"
6057,Fine-Tuned Model,
6058,Fine-Tuned Model,"1,4,3,6,2,5"
6059,Fine-Tuned Model,"3,4,1,3,2,6"
6060,Fine-Tuned Model,"5,2,6,1,4,3"
6061,Fine-Tuned Model,"5,3,4,2,6,1"
6062,Fine-Tuned Model,"5,1,4,2,6,3"
6063,Fine-Tuned Model,"4,2,6,1,3,5"
6064,Fine-Tuned Model,"3,5,2,6,4,1"
6065,Fine-Tuned Model,"2,5,1,3,6,4"
6066,Fine-Tuned Model,"3,5,4,2,1"
6067,Fine-Tuned Model,"4,2,6,3,5,1"
6068,Fine-Tuned Model,"4,2,6,3,1,5"
6069,Fine-Tuned Model,1
6070,Fine-Tuned Model,"1,2,3,4,5,6"
6071,Fine-Tuned Model,"4,2,6,5,3,1"
6072,Fine-Tuned Model,"3,2,5,1,6,4"
6073,Fine-Tuned Model,"6,1,2,3,4"
6074,Fine-Tuned Model,"1,5"
6075,Fine-Tuned Model,"4,3,6,2,5,1"
6076,Fine-Tuned Model,"1,2,3,4,5,6"
6077,Fine-Tuned Model,"1,3,2,5,3,1"
6078,Fine-Tuned Model,
6079,Fine-Tuned Model,"4,2,6,1,5,3"
6080,Fine-Tuned Model,
6081,Fine-Tuned Model,"2,1,1,2"
6082,Fine-Tuned Model,"4,5,2,1,6,2"
6083,Fine-Tuned Model,"2,4,1,5,6,3"
6084,Fine-Tuned Model,"1,3,2,4,6,5"
6085,Fine-Tuned Model,
6086,Fine-Tuned Model,"4,2,3,6,1,5"
6087,Fine-Tuned Model,3
6088,Fine-Tuned Model,"3,6,2,5,4,1"
6089,Fine-Tuned Model,"4,1,2,3,6,5"
6090,Fine-Tuned Model,"2,6,1,3,5,4"
6091,Fine-Tuned Model,"1,3,4,2,6,5"
6092,Fine-Tuned Model,
6093,Fine-Tuned Model,"1,6"
6094,Fine-Tuned Model,"1,2,5,3,6,4"
6095,Fine-Tuned Model,"3,6,4,2,5,1"
6096,Fine-Tuned Model,"6,3,5,1,2"
6097,Fine-Tuned Model,"4,3,6,2,5,1"
6098,Fine-Tuned Model,"4,2,6,3,5,1"
6099,Fine-Tuned Model,
6100,Fine-Tuned Model,"3,4,5,2,1,6"
6101,Fine-Tuned Model,"3,1,2,5,6"
6102,Fine-Tuned Model,
6103,Fine-Tuned Model,
6104,Fine-Tuned Model,"2,5,3,6,1,4"
6105,Fine-Tuned Model,"4,2,6,5,1,3"
6106,Fine-Tuned Model,"1,3,6,2,5,4"
6107,Fine-Tuned Model,"2,6,3,5,1,4"
6108,Fine-Tuned Model,"6,2,4,5,3,1"
6109,Fine-Tuned Model,"3,6,2,5,4,1"
6110,Fine-Tuned Model,"2,5,4,1,3,6"
6111,Fine-Tuned Model,"4,2,6,5,3,1"
6112,Fine-Tuned Model,
6113,Fine-Tuned Model,"1,3,6,2,5,4"
6114,Fine-Tuned Model,"2,5,4,1,3,6"
6115,Fine-Tuned Model,
6116,Fine-Tuned Model,"3,5,2,1,4,6"
6117,Fine-Tuned Model,"6,1,6,6,1,6"
6118,Fine-Tuned Model,
6119,Fine-Tuned Model,"4,2,6,5,1,3"
6120,Fine-Tuned Model,
6121,Fine-Tuned Model,"4,2,6,1,5,3"
6122,Fine-Tuned Model,"1,2,3,4,5,6"
6123,Fine-Tuned Model,6
6124,Fine-Tuned Model,"6,1,1"
6125,Fine-Tuned Model,"2,4,1,5,6,3"
6126,Fine-Tuned Model,"3,1,6,4,5,2"
6127,Fine-Tuned Model,"4,2,6,3,1,5"
6128,Fine-Tuned Model,"5,3,6,2,1,4"
6129,Fine-Tuned Model,"1,2,4,3,6,5"
6130,Fine-Tuned Model,"1,3,6,4,2,5"
6131,Fine-Tuned Model,"6,4,2,1,3,5"
6132,Fine-Tuned Model,"1,3,4,2,6,3"
6133,Fine-Tuned Model,"1,2,3,4,5,6"
6134,Fine-Tuned Model,"1,3,2,4,6,5"
6135,Fine-Tuned Model,"2,5,1,4,6,3"
6136,Fine-Tuned Model,
6137,Fine-Tuned Model,"4,2,6,3,5,1"
6138,Fine-Tuned Model,
6139,Fine-Tuned Model,"1,6,6"
6140,Fine-Tuned Model,"1,3,4,5,6,2"
6141,Fine-Tuned Model,"2,3,5,6,1,4"
6142,Fine-Tuned Model,"3,6,1,5,2,4"
6143,Fine-Tuned Model,"4,2,6,3,5,1"
6144,Fine-Tuned Model,"2,5,6,4,1,3"
6145,Fine-Tuned Model,
6146,Fine-Tuned Model,
6147,Fine-Tuned Model,1
6148,Fine-Tuned Model,"1,2,3,2,5,4"
6149,Fine-Tuned Model,"3,2,6,1,5,4"
6150,Fine-Tuned Model,"2,4,1,5,2,6"
6151,Fine-Tuned Model,"3,4,2,6,5,3"
6152,Fine-Tuned Model,"5,1,3,2,6,4"
6153,Fine-Tuned Model,"2,6,3,4,5"
6154,Fine-Tuned Model,"3,5,2,6,1,4"
6155,Fine-Tuned Model,"4,2,6,3,5,1"
6156,Fine-Tuned Model,
6157,Fine-Tuned Model,
6158,Fine-Tuned Model,"1,4,6,2,5,3"
6159,Fine-Tuned Model,"6,3,1,6,4"
6160,Fine-Tuned Model,"1,6,6,1,6,6"
6161,Fine-Tuned Model,"3,6,2,1,5,4"
6162,Fine-Tuned Model,6
6163,Fine-Tuned Model,"4,2,3,5,1,6"
6164,Fine-Tuned Model,
6165,Fine-Tuned Model,"4,2,6,5,3,1"
6166,Fine-Tuned Model,"3,6,4,5,2,6"
6167,Fine-Tuned Model,"4,2,5,1,6,3"
6168,Fine-Tuned Model,"1,2,3,4,5,6"
6169,Fine-Tuned Model,
6170,Fine-Tuned Model,
6171,Fine-Tuned Model,
6172,Fine-Tuned Model,"3,6,4,2,5,1"
6173,Fine-Tuned Model,
6174,Fine-Tuned Model,
6175,Fine-Tuned Model,"3,6,2,4,1,5"
6176,Fine-Tuned Model,"1,6,1,6,1,6"
6177,Fine-Tuned Model,
6178,Fine-Tuned Model,"3,2,5,6,4,1"
6179,Fine-Tuned Model,
6180,Fine-Tuned Model,
6181,Fine-Tuned Model,"1,2,3,4,5,6"
6182,Fine-Tuned Model,"2,6,3,5,4,1"
6183,Fine-Tuned Model,
6184,Fine-Tuned Model,"4,2,6,5,1,3"
6185,Fine-Tuned Model,"4,2,5,1,3,6"
6186,Fine-Tuned Model,"5,2,3,6,1,4"
6187,Fine-Tuned Model,"5,3,1,2,6,4"
6188,Fine-Tuned Model,
6189,Fine-Tuned Model,"3,1,2,5,4,6"
6190,Fine-Tuned Model,6
6191,Fine-Tuned Model,"4,6,2,3,5,1"
6192,Fine-Tuned Model,"4,3,2,5,1,6"
6193,Fine-Tuned Model,"5,2,6,3,1,4"
6194,Fine-Tuned Model,"4,2,3,6,1,5"
6195,Fine-Tuned Model,"4,2,5,6,3,1"
6196,Fine-Tuned Model,"3,6,4,2,5,1"
6197,Fine-Tuned Model,"4,2,6,5,3,1"
6198,Fine-Tuned Model,"2,6,3,5,1,4"
6199,Fine-Tuned Model,"2,6,3,1,4,5"
6200,Fine-Tuned Model,
6201,Fine-Tuned Model,
6202,Fine-Tuned Model,"4,2,6,5,1,3"
6203,Fine-Tuned Model,"1,4,2,3,5,6"
6204,Fine-Tuned Model,"1,2,3,4,5,6"
6205,Fine-Tuned Model,"3,2,5,6,4,1"
6206,Fine-Tuned Model,
6207,Fine-Tuned Model,"2,5,4,6,3,1"
6208,Fine-Tuned Model,"1,4,6,5,2,3"
6209,Fine-Tuned Model,"3,6,2,5,4,1"
6210,Fine-Tuned Model,"2,4,3,6,1,5"
6211,Fine-Tuned Model,
6212,Fine-Tuned Model,
6213,Fine-Tuned Model,"1,4,2,5,3,6"
6214,Fine-Tuned Model,"1,4,5,2,6,3"
6215,Fine-Tuned Model,"6,1,6,1"
6216,Fine-Tuned Model,
6217,Fine-Tuned Model,"3,5,2,6,4,1"
6218,Fine-Tuned Model,
6219,Fine-Tuned Model,
6220,Fine-Tuned Model,"1,3,2,2,3,6"
6221,Fine-Tuned Model,"3,6,2,5,1,4"
6222,Fine-Tuned Model,"3,5,1,2,6,4"
6223,Fine-Tuned Model,"1,2,5,3,2,6"
6224,Fine-Tuned Model,"6,3,5,5"
6225,Fine-Tuned Model,"5,2,3,1,6,4"
6226,Fine-Tuned Model,
6227,Fine-Tuned Model,"3,2,6,5,4,1"
6228,Fine-Tuned Model,"3,6,2,5,4,1"
6229,Fine-Tuned Model,"4,2,6,1,3,5"
6230,Fine-Tuned Model,"6,1,3,6,2,5"
6231,Fine-Tuned Model,"1,6"
6232,Fine-Tuned Model,
6233,Fine-Tuned Model,
6234,Fine-Tuned Model,
6235,Fine-Tuned Model,
6236,Fine-Tuned Model,"2,4,6,3,1,5"
6237,Fine-Tuned Model,"4,3,1,6,5,2"
6238,Fine-Tuned Model,"2,5,1,6,3,4"
6239,Fine-Tuned Model,"2,6,4,3,1,5"
6240,Fine-Tuned Model,"3,1,4,3,2,6"
6241,Fine-Tuned Model,"4,1,2,5,3,6"
6242,Fine-Tuned Model,"4,2,6,3,5,1"
6243,Fine-Tuned Model,"2,5,6,3,1,4"
6244,Fine-Tuned Model,
6245,Fine-Tuned Model,
6246,Fine-Tuned Model,
6247,Fine-Tuned Model,
6248,Fine-Tuned Model,"1,6,6,1"
6249,Fine-Tuned Model,"2,6,5,4,1,3"
6250,Fine-Tuned Model,"3,6,2,4,5,1"
6251,Fine-Tuned Model,"1,4,3,6,2,5"
6252,Fine-Tuned Model,"3,5,1,2,6,4"
6253,Fine-Tuned Model,"1,2,5,3,6,4"
6254,Fine-Tuned Model,"5,3,6,2,1,4"
6255,Fine-Tuned Model,"1,2,3,4,5,6"
6256,Fine-Tuned Model,"4,3,6,2,5,1"
6257,Fine-Tuned Model,"1,2,4,5,6,3"
6258,Fine-Tuned Model,"5,2,6,3,1,4"
6259,Fine-Tuned Model,"2,6,3,5,1,4"
6260,Fine-Tuned Model,"3,1,6,2,5,4"
6261,Fine-Tuned Model,"2,4,1,3,2,6"
6262,Fine-Tuned Model,"1,2,3,4,5,6"
6263,Fine-Tuned Model,
6264,Fine-Tuned Model,"1,2,3,4,5,6"
6265,Fine-Tuned Model,
6266,Fine-Tuned Model,"4,2,6,5,3,1"
6267,Fine-Tuned Model,"2,6,3,1,4,5"
6268,Fine-Tuned Model,"3,2,4,5,6,1"
6269,Fine-Tuned Model,"1,4,2,3,3,6"
6270,Fine-Tuned Model,"2,5,3,6,2,6"
6271,Fine-Tuned Model,"1,4,2,3,5"
6272,Fine-Tuned Model,"2,5,4,3,6,1"
6273,Fine-Tuned Model,"2,4,5,1,3,6"
6274,Fine-Tuned Model,"3,2,6,4,5,1"
6275,Fine-Tuned Model,"5,2,3,6,1,4"
6276,Fine-Tuned Model,"6,1,6"
6277,Fine-Tuned Model,"4,3,6,1,2,5"
6278,Fine-Tuned Model,"3,6,5,4,1,2"
6279,Fine-Tuned Model,"3,1,5,6,2,4"
6280,Fine-Tuned Model,"2,5,6,3,1,4"
6281,Fine-Tuned Model,2
6282,Fine-Tuned Model,
6283,Fine-Tuned Model,"2,4,3,5,6,1"
6284,Fine-Tuned Model,"2,5,3,6,4,1"
6285,Fine-Tuned Model,"4,1,3,2,6,5"
6286,Fine-Tuned Model,
6287,Fine-Tuned Model,"3,5,6,2,1,4"
6288,Fine-Tuned Model,
6289,Fine-Tuned Model,"4,5,2,3,6"
6290,Fine-Tuned Model,"3,4,5,2,6,1"
6291,Fine-Tuned Model,"5,3,1,2,6,4"
6292,Fine-Tuned Model,"4,2,6,5,3,1"
6293,Fine-Tuned Model,"1,2,3,4,5,1"
6294,Fine-Tuned Model,"4,2,5,6,3,1"
6295,Fine-Tuned Model,"2,6,4,1,3,5"
6296,Fine-Tuned Model,"4,2,6,5,1,3"
6297,Fine-Tuned Model,"3,6,4,5,2,1"
6298,Fine-Tuned Model,"1,6,5,2,6,3"
6299,Fine-Tuned Model,"3,6,2,5,4,1"
6300,Fine-Tuned Model,"5,2,4,1,6,3"
6301,Fine-Tuned Model,"1,2,3,4,5,6"
6302,Fine-Tuned Model,
6303,Fine-Tuned Model,"6,1,6"
6304,Fine-Tuned Model,"3,4,2,6,5,1"
6305,Fine-Tuned Model,"4,2,6,5,3,1"
6306,Fine-Tuned Model,"4,2,6,5,3,1"
6307,Fine-Tuned Model,"1,2,3,4,5"
6308,Fine-Tuned Model,"5,3,2,4,6,1"
6309,Fine-Tuned Model,"4,3,1,5,2,6"
6310,Fine-Tuned Model,"1,2,3,4,5,6"
6311,Fine-Tuned Model,
6312,Fine-Tuned Model,
6313,Fine-Tuned Model,
6314,Fine-Tuned Model,"1,1,2,3,3"
6315,Fine-Tuned Model,"2,4,1,3,5,6"
6316,Fine-Tuned Model,"5,2,4,1,6,3"
6317,Fine-Tuned Model,"2,5,3,1,4,6"
6318,Fine-Tuned Model,"4,2,6,5,1,3"
6319,Fine-Tuned Model,2
6320,Fine-Tuned Model,"1,2,3,4,5,6"
6321,Fine-Tuned Model,"1,2,4,2,3,6"
6322,Fine-Tuned Model,"3,6,2,5,4,1"
6323,Fine-Tuned Model,"1,4,3,6,2,5"
6324,Fine-Tuned Model,
6325,Fine-Tuned Model,
6326,Fine-Tuned Model,"3,4,2,6,1,5"
6327,Fine-Tuned Model,"1,2,5,6,2,3"
6328,Fine-Tuned Model,"4,2,6,5,1,3"
6329,Fine-Tuned Model,"2,5,3,6,1,4"
6330,Fine-Tuned Model,"5,2,6,1,3,4"
6331,Fine-Tuned Model,"1,5,3,4,6,2"
6332,Fine-Tuned Model,"1,1"
6333,Fine-Tuned Model,
6334,Fine-Tuned Model,
6335,Fine-Tuned Model,"2,5,3,6,1,4"
6336,Fine-Tuned Model,"4,2,5,3,1,6"
6337,Fine-Tuned Model,"2,5,3,6,1,4"
6338,Fine-Tuned Model,"3,6,2,5,1,4"
6339,Fine-Tuned Model,"5,2,6,3,1,4"
6340,Fine-Tuned Model,"2,3,4,5,1,6"
6341,Fine-Tuned Model,
6342,Fine-Tuned Model,"5,3,6,2,4,1"
6343,Fine-Tuned Model,
6344,Fine-Tuned Model,"5,3,1,6,2,4"
6345,Fine-Tuned Model,"1,3,2,5,4,6"
6346,Fine-Tuned Model,"1,4,3,6,2,5"
6347,Fine-Tuned Model,"5,2,6,4,3,1"
6348,Fine-Tuned Model,
6349,Fine-Tuned Model,
6350,Fine-Tuned Model,"4,2,6,5,3,1"
6351,Fine-Tuned Model,"1,6,6"
6352,Fine-Tuned Model,"5,5"
6353,Fine-Tuned Model,"3,5,6,2,1,4"
6354,Fine-Tuned Model,"5,3,6,4,2,6"
6355,Fine-Tuned Model,"2,4,6,1,3,5"
6356,Fine-Tuned Model,"4,2,6,5,3,1"
6357,Fine-Tuned Model,"2,5,4,1,3,6"
6358,Fine-Tuned Model,"3,6,2,5,1,4"
6359,Fine-Tuned Model,
6360,Fine-Tuned Model,"1,3,2,6,3,5"
6361,Fine-Tuned Model,
6362,Fine-Tuned Model,1
6363,Fine-Tuned Model,"4,2,6,3,1,5"
6364,Fine-Tuned Model,
6365,Fine-Tuned Model,
6366,Fine-Tuned Model,"3,4,1,2,5,6"
6367,Fine-Tuned Model,
6368,Fine-Tuned Model,"1,6,2,4,3,5"
6369,Fine-Tuned Model,
6370,Fine-Tuned Model,"4,2,5,1,3,6"
6371,Fine-Tuned Model,"1,5,6,4,2,6"
6372,Fine-Tuned Model,
6373,Fine-Tuned Model,"4,3,6,2,5,1"
6374,Fine-Tuned Model,"4,2,5,3,6,1"
6375,Fine-Tuned Model,
6376,Fine-Tuned Model,"3,5,2,6,1,4"
6377,Fine-Tuned Model,"2,4,5,2,3,5"
6378,Fine-Tuned Model,"4,6,3,2,5,1"
6379,Fine-Tuned Model,
6380,Fine-Tuned Model,"4,2,6,1,3,5"
6381,Fine-Tuned Model,"2,5,1,6,3,4"
6382,Fine-Tuned Model,"4,2,6,3,5,1"
6383,Fine-Tuned Model,6
6384,Fine-Tuned Model,"4,3,6,2,5,1"
6385,Fine-Tuned Model,"4,2,3,6,5,1"
6386,Fine-Tuned Model,"1,3,2,5,3,6"
6387,Fine-Tuned Model,
6388,Fine-Tuned Model,"1,4,2,3,5,6"
6389,Fine-Tuned Model,"4,2,6,5,3,1"
6390,Fine-Tuned Model,
6391,Fine-Tuned Model,
6392,Fine-Tuned Model,"2,5,3,6,4,1"
6393,Fine-Tuned Model,"3,1,5,2,6,4"
6394,Fine-Tuned Model,"5,3,2,6,4,1"
6395,Fine-Tuned Model,"4,3,6,2,5,1"
6396,Fine-Tuned Model,"2,6,3,1,5,4"
6397,Fine-Tuned Model,
6398,Fine-Tuned Model,"3,6,2,5,4,1"
6399,Fine-Tuned Model,
6400,Fine-Tuned Model,"3,5,2,6,1,4"
6401,Fine-Tuned Model,"2,5,3,6,1,4"
6402,Fine-Tuned Model,
6403,Fine-Tuned Model,
6404,Fine-Tuned Model,"2,5,1,4,3,6"
6405,Fine-Tuned Model,"3,4,5,2,1,6"
6406,Fine-Tuned Model,"3,2,6,5,3,1"
6407,Fine-Tuned Model,"4,3,6,2,5,1"
6408,Fine-Tuned Model,4
6409,Fine-Tuned Model,"4,3,2,5,1,6"
6410,Fine-Tuned Model,"4,6,2,3,5,1"
6411,Fine-Tuned Model,
6412,Fine-Tuned Model,"1,3,2,6,1,5"
6413,Fine-Tuned Model,"1,5,3,2,6,4"
6414,Fine-Tuned Model,"2,5,3,1,6,4"
6415,Fine-Tuned Model,
6416,Fine-Tuned Model,"4,2,6,5,3,1"
6417,Fine-Tuned Model,
6418,Fine-Tuned Model,"2,6,3,5,1"
6419,Fine-Tuned Model,"4,2,5,6,1,3"
6420,Fine-Tuned Model,"4,2,5,1,6,3"
6421,Fine-Tuned Model,"3,5,2,6,4,1"
6422,Fine-Tuned Model,"4,6,2,5,1,3"
6423,Fine-Tuned Model,
6424,Fine-Tuned Model,"1,2,3,4,5,6"
6425,Fine-Tuned Model,"4,2,6,3,5,1"
6426,Fine-Tuned Model,"3,1,6,4,2,5"
6427,Fine-Tuned Model,1
6428,Fine-Tuned Model,"4,3,2,6,1,5"
6429,Fine-Tuned Model,"1,3,5,2,6,4"
6430,Fine-Tuned Model,"1,2,6,3,4,5"
6431,Fine-Tuned Model,"1,5,2,6,4,3"
6432,Fine-Tuned Model,
6433,Fine-Tuned Model,"2,6,1,3,5,4"
6434,Fine-Tuned Model,
6435,Fine-Tuned Model,
6436,Fine-Tuned Model,"4,2,6,3,5"
6437,Fine-Tuned Model,"2,6,1,4,5,3"
6438,Fine-Tuned Model,"3,4,2,5,1,6"
6439,Fine-Tuned Model,"1,2,3,4,5,6"
6440,Fine-Tuned Model,"4,6,3,1,2,5"
6441,Fine-Tuned Model,"3,2,6,4,5,1"
6442,Fine-Tuned Model,"1,4,3,6,2,5"
6443,Fine-Tuned Model,"4,2,5,6,1,3"
6444,Fine-Tuned Model,"2,6,1,4,3,5"
6445,Fine-Tuned Model,"2,5,1,6,3,2"
6446,Fine-Tuned Model,"4,3,2,1,6,5"
6447,Fine-Tuned Model,"2,4,3,6,5,1"
6448,Fine-Tuned Model,"5,2,3,6,1,4"
6449,Fine-Tuned Model,"3,6,2,5,4,1"
6450,Fine-Tuned Model,"3,6,2,5,4,1"
6451,Fine-Tuned Model,"1,2,6,3,5,4"
6452,Fine-Tuned Model,"4,3,1,5,6,2"
6453,Fine-Tuned Model,
6454,Fine-Tuned Model,
6455,Fine-Tuned Model,"3,4,2,5,3,6"
6456,Fine-Tuned Model,"2,5,1,4,3,6"
6457,Fine-Tuned Model,
6458,Fine-Tuned Model,"3,1,4,5,2,6"
6459,Fine-Tuned Model,"3,5,2,6,1,4"
6460,Fine-Tuned Model,"1,4,5,3,2,6"
6461,Fine-Tuned Model,"1,3,6,2,4,5"
6462,Fine-Tuned Model,"1,2,3,4,5,6"
6463,Fine-Tuned Model,
6464,Fine-Tuned Model,"1,6,6"
6465,Fine-Tuned Model,"4,3,2,1,5,6"
6466,Fine-Tuned Model,"6,4,3,2,5,1"
6467,Fine-Tuned Model,
6468,Fine-Tuned Model,"4,3,6,5,2,6"
6469,Fine-Tuned Model,"4,2,6,3,5,1"
6470,Fine-Tuned Model,"2,5,4,3,6,1"
6471,Fine-Tuned Model,
6472,Fine-Tuned Model,
6473,Fine-Tuned Model,
6474,Fine-Tuned Model,"3,5,2,6,1,4"
6475,Fine-Tuned Model,"1,2,3,5,4,6"
6476,Fine-Tuned Model,"6,3,1,5,4,2"
6477,Fine-Tuned Model,"4,3,5,2,6,1"
6478,Fine-Tuned Model,"3,5,4,6,2,1"
6479,Fine-Tuned Model,"6,1,6,6,1"
6480,Fine-Tuned Model,2
6481,Fine-Tuned Model,"4,6,2,5,3,1"
6482,Fine-Tuned Model,"2,5,1,4,3,6"
6483,Fine-Tuned Model,"3,5,2,6,1,4"
6484,Fine-Tuned Model,"5,2,6,3,1,4"
6485,Fine-Tuned Model,"5,2,3,6,1,4"
6486,Fine-Tuned Model,"3,4,2,1,6,5"
6487,Fine-Tuned Model,6
6488,Fine-Tuned Model,"5,2,6,4,1,3"
6489,Fine-Tuned Model,"5,2,6,4,1,3"
6490,Fine-Tuned Model,"1,4,2,6,3,5"
6491,Fine-Tuned Model,"2,4,5,1,3,6"
6492,Fine-Tuned Model,"6,1,6"
6493,Fine-Tuned Model,"4,2,6,5,1,3"
6494,Fine-Tuned Model,"2,4,3,6,1,5"
6495,Fine-Tuned Model,"1,6,6"
6496,Fine-Tuned Model,"4,3,6,2,5,1"
6497,Fine-Tuned Model,"3,5,1,4,6,2"
6498,Fine-Tuned Model,"3,5,6,2,4,1"
6499,Fine-Tuned Model,
6500,Fine-Tuned Model,"6,1,5"
6501,Fine-Tuned Model,
6502,Fine-Tuned Model,"2,6,1,4,3,5"
6503,Fine-Tuned Model,
6504,Fine-Tuned Model,
6505,Fine-Tuned Model,"1,3,5,2,4,6"
6506,Fine-Tuned Model,"3,2,6,5,1,4"
6507,Fine-Tuned Model,
6508,Fine-Tuned Model,"1,6,6"
6509,Fine-Tuned Model,"3,1,6,6"
6510,Fine-Tuned Model,
6511,Fine-Tuned Model,"1,4,3,6,2,5"
6512,Fine-Tuned Model,"1,5,2,3,3,2"
6513,Fine-Tuned Model,"2,5,3,1,6,4"
6514,Fine-Tuned Model,"4,3,2,6,5,1"
6515,Fine-Tuned Model,
6516,Fine-Tuned Model,"1,4,5,6,3,2"
6517,Fine-Tuned Model,"3,6,2,5,4,1"
6518,Fine-Tuned Model,"2,5,6,1,3,4"
6519,Fine-Tuned Model,"4,2,6,3,5,1"
6520,Fine-Tuned Model,"4,2,6,5,1,3"
6521,Fine-Tuned Model,
6522,Fine-Tuned Model,
6523,Fine-Tuned Model,"1,2,3,4,5"
6524,Fine-Tuned Model,"1,6,4,2,5,3"
6525,Fine-Tuned Model,"1,5,2,3,4,6"
6526,Fine-Tuned Model,"5,2,6,3,1,4"
6527,Fine-Tuned Model,
6528,Fine-Tuned Model,"1,2,3,4,5,6"
6529,Fine-Tuned Model,"1,2,3,4,5,6"
6530,Fine-Tuned Model,"1,2,5,4,6,3"
6531,Fine-Tuned Model,"5,2,6,3,4,1"
6532,Fine-Tuned Model,"2,5,3,6,4,1"
6533,Fine-Tuned Model,"5,2,3,6,1,4"
6534,Fine-Tuned Model,"1,6,2,4,1,5"
6535,Fine-Tuned Model,"2,5,3,6,4,1"
6536,Fine-Tuned Model,
6537,Fine-Tuned Model,"4,3,6,2,5,1"
6538,Fine-Tuned Model,"4,2,5,1,3,6"
6539,Fine-Tuned Model,"1,2,3,4,5,6"
6540,Fine-Tuned Model,"4,2,6,3,5,1"
6541,Fine-Tuned Model,"3,4,1,2,5,6"
6542,Fine-Tuned Model,"3,6,2,5,4,1"
6543,Fine-Tuned Model,"4,2,6,1,3,5"
6544,Fine-Tuned Model,
6545,Fine-Tuned Model,"4,3,5,6,2,1"
6546,Fine-Tuned Model,"1,5,2,4,3,5"
6547,Fine-Tuned Model,"5,2,4,1,3,6"
6548,Fine-Tuned Model,"4,3,6,5,2,1"
6549,Fine-Tuned Model,"2,5,3,6,4,1"
6550,Fine-Tuned Model,"3,2,5,6,1,4"
6551,Fine-Tuned Model,
6552,Fine-Tuned Model,
6553,Fine-Tuned Model,"1,6,6"
6554,Fine-Tuned Model,
6555,Fine-Tuned Model,"2,6,3,1,5,4"
6556,Fine-Tuned Model,"2,5,1,4,3,6"
6557,Fine-Tuned Model,"4,6,2,5,3,1"
6558,Fine-Tuned Model,"2,4,1,3,5"
6559,Fine-Tuned Model,"1,2,3,4,5,6"
6560,Fine-Tuned Model,"2,4,3,6,5,1"
6561,Fine-Tuned Model,"4,3,6,2,5,1"
6562,Fine-Tuned Model,"3,6,2,5,4,1"
6563,Fine-Tuned Model,
6564,Fine-Tuned Model,"1,4,5,1,2,3"
6565,Fine-Tuned Model,
6566,Fine-Tuned Model,"4,3,6,2,5,1"
6567,Fine-Tuned Model,"4,2,3,5,1,6"
6568,Fine-Tuned Model,
6569,Fine-Tuned Model,"1,3,6,2,5,4"
6570,Fine-Tuned Model,"6,1,6"
6571,Fine-Tuned Model,"3,6,2,5,4,1"
6572,Fine-Tuned Model,
6573,Fine-Tuned Model,
6574,Fine-Tuned Model,"6,6"
6575,Fine-Tuned Model,"1,4,2,6,3,5"
6576,Fine-Tuned Model,"2,4,6,3,5,1"
6577,Fine-Tuned Model,"2,5,3,6,2,4"
6578,Fine-Tuned Model,"5,2,6,3,1,4"
6579,Fine-Tuned Model,
6580,Fine-Tuned Model,"4,2,6,3,5,1"
6581,Fine-Tuned Model,"1,3,4,6,2"
6582,Fine-Tuned Model,"3,6,2,5,4,1"
6583,Fine-Tuned Model,"5,3,2,6,4,1"
6584,Fine-Tuned Model,"5,2,6,4,3,1"
6585,Fine-Tuned Model,"4,3,6,2,5,1"
6586,Fine-Tuned Model,"4,2,5,6,1,3"
6587,Fine-Tuned Model,"2,5,3,6,1,4"
6588,Fine-Tuned Model,"3,6,2,5,4,1"
6589,Fine-Tuned Model,"4,3,2,6,1,5"
6590,Fine-Tuned Model,
6591,Fine-Tuned Model,"5,2,6,3,1,4"
6592,Fine-Tuned Model,"1,5,3,6,4,5"
6593,Fine-Tuned Model,"3,6,1,5,4,2"
6594,Fine-Tuned Model,"4,2,5,6,3,1"
6595,Fine-Tuned Model,"4,1,5,2,6,3"
6596,Fine-Tuned Model,"6,6,6,6,6,6"
6597,Fine-Tuned Model,"1,4,2,3,6,5"
6598,Fine-Tuned Model,
6599,Fine-Tuned Model,"2,5,3,6,1,4"
6600,Fine-Tuned Model,
6601,Fine-Tuned Model,"3,6,1,5,2,4"
6602,Fine-Tuned Model,
6603,Fine-Tuned Model,"3,6,1,2,5,4"
6604,Fine-Tuned Model,"4,2,3,6,5,1"
6605,Fine-Tuned Model,"3,4,1,5,2,6"
6606,Fine-Tuned Model,
6607,Fine-Tuned Model,"2,6,5,4,3,1"
6608,Fine-Tuned Model,"1,3,2,5,4,6"
6609,Fine-Tuned Model,"1,4,3,5,2,6"
6610,Fine-Tuned Model,"5,3,2,6,1,4"
6611,Fine-Tuned Model,"4,2,6,3,5,1"
6612,Fine-Tuned Model,
6613,Fine-Tuned Model,
6614,Fine-Tuned Model,6
6615,Fine-Tuned Model,
6616,Fine-Tuned Model,"3,6,2,5,4,1"
6617,Fine-Tuned Model,"3,6,2,5,4,1"
6618,Fine-Tuned Model,"1,2,3,4,5,6"
6619,Fine-Tuned Model,"3,4,6,1,5,2"
6620,Fine-Tuned Model,"6,1,6,6,1,6"
6621,Fine-Tuned Model,
6622,Fine-Tuned Model,
6623,Fine-Tuned Model,"1,2,3,4,5,6"
6624,Fine-Tuned Model,"4,2,6,3,1,5"
6625,Fine-Tuned Model,"4,3,6,2,5,1"
6626,Fine-Tuned Model,"4,2,6,3,5,1"
6627,Fine-Tuned Model,"1,2,3,4,5"
6628,Fine-Tuned Model,"2,3,6,5,1,4"
6629,Fine-Tuned Model,"4,2,6,1,5,3"
6630,Fine-Tuned Model,"3,4,1,5,2,6"
6631,Fine-Tuned Model,"1,2,3,3,5"
6632,Fine-Tuned Model,"6,3,6"
6633,Fine-Tuned Model,"2,5,4,1,3,6"
6634,Fine-Tuned Model,"2,4,1,5,3,6"
6635,Fine-Tuned Model,"3,6,2,5,1,4"
6636,Fine-Tuned Model,"2,5,1,3,6,4"
6637,Fine-Tuned Model,"2,5,4,3,1,6"
6638,Fine-Tuned Model,"4,2,5,3,6,1"
6639,Fine-Tuned Model,
6640,Fine-Tuned Model,"4,2,6,1,5,3"
6641,Fine-Tuned Model,"1,6,6"
6642,Fine-Tuned Model,"4,2,5,6,1,3"
6643,Fine-Tuned Model,"2,5,3,6,1,4"
6644,Fine-Tuned Model,"3,4,6,1,5,2"
6645,Fine-Tuned Model,
6646,Fine-Tuned Model,"1,4,2,6,3,5"
6647,Fine-Tuned Model,
6648,Fine-Tuned Model,"3,5,2,4,6,1"
6649,Fine-Tuned Model,"4,2,5,3,6,1"
6650,Fine-Tuned Model,"2,4,1,5,3,6"
6651,Fine-Tuned Model,"2,4,6,3,1,5"
6652,Fine-Tuned Model,"4,3,2,5,6,1"
6653,Fine-Tuned Model,"3,5,2,6,1,4"
6654,Fine-Tuned Model,
6655,Fine-Tuned Model,
6656,Fine-Tuned Model,"2,5,6,3,4,1"
6657,Fine-Tuned Model,"3,6,2,5,4,1"
6658,Fine-Tuned Model,
6659,Fine-Tuned Model,"4,3,2,5,1,6"
6660,Fine-Tuned Model,
6661,Fine-Tuned Model,"1,6,1,6,1,6"
6662,Fine-Tuned Model,
6663,Fine-Tuned Model,"3,6,2,5,4,1"
6664,Fine-Tuned Model,
6665,Fine-Tuned Model,"3,6,2,5,1,4"
6666,Fine-Tuned Model,"3,6,1,5,2,4"
6667,Fine-Tuned Model,"4,2,5,3,6,1"
6668,Fine-Tuned Model,"4,3,2,6,5,1"
6669,Fine-Tuned Model,"1,1,2,2,1,1"
6670,Fine-Tuned Model,"3,1,6,5,2,4"
6671,Fine-Tuned Model,"4,2,6,3,5,1"
6672,Fine-Tuned Model,"2,4,5,6,3,1"
6673,Fine-Tuned Model,"5,2,6,1,4,3"
6674,Fine-Tuned Model,"1,4,2,3,5,6"
6675,Fine-Tuned Model,
6676,Fine-Tuned Model,"4,2,5,3,1,6"
6677,Fine-Tuned Model,
6678,Fine-Tuned Model,"3,1,5,4,2,6"
6679,Fine-Tuned Model,"4,2,6,1,5,3"
6680,Fine-Tuned Model,"3,2,4,5,1,6"
6681,Fine-Tuned Model,"3,4,5,6,2,1"
6682,Fine-Tuned Model,"4,2,5,3,6,1"
6683,Fine-Tuned Model,"4,2,6,3,1,5"
6684,Fine-Tuned Model,"5,2,3,6,1"
6685,Fine-Tuned Model,"1,2,3,6,2,4"
6686,Fine-Tuned Model,"4,2,5,6,3,1"
6687,Fine-Tuned Model,"3,2,5,6,1,4"
6688,Fine-Tuned Model,"1,4,2,6,3,5"
6689,Fine-Tuned Model,"1,3,6,4,2,5"
6690,Fine-Tuned Model,"4,2,6,3,5,1"
6691,Fine-Tuned Model,"4,6,2,3,5,1"
6692,Fine-Tuned Model,"1,3,5,2,4,6"
6693,Fine-Tuned Model,"4,2,6,3,5,1"
6694,Fine-Tuned Model,"5,2,6,3,1,4"
6695,Fine-Tuned Model,"4,2,6,1,3,5"
6696,Fine-Tuned Model,"1,2,3,4,5,6"
6697,Fine-Tuned Model,"4,3,2,6,5,1"
6698,Fine-Tuned Model,"1,3,2,6,5,4"
6699,Fine-Tuned Model,
6700,Fine-Tuned Model,"4,2,3,5,6,1"
6701,Fine-Tuned Model,"3,2,6,4,5,1"
6702,Fine-Tuned Model,"1,6,6"
6703,Fine-Tuned Model,"5,2,1,4,3,6"
6704,Fine-Tuned Model,"2,1,1,2,2,2"
6705,Fine-Tuned Model,"1,5,3,2,4,6"
6706,Fine-Tuned Model,"2,3,6,1,5,4"
6707,Fine-Tuned Model,"1,2"
6708,Fine-Tuned Model,"2,4,1,6,3,5"
6709,Fine-Tuned Model,"4,2,6,3,5,1"
6710,Fine-Tuned Model,"3,5,2,6,4,1"
6711,Fine-Tuned Model,
6712,Fine-Tuned Model,"1,3,2,6,5,4"
6713,Fine-Tuned Model,
6714,Fine-Tuned Model,"2,4,6,1,5,3"
6715,Fine-Tuned Model,"1,4,2,3,3,6"
6716,Fine-Tuned Model,"3,1,6,4,2,5"
6717,Fine-Tuned Model,"3,6,2,5,4,1"
6718,Fine-Tuned Model,
6719,Fine-Tuned Model,"3,6,2,5,1,4"
6720,Fine-Tuned Model,"3,2,6,5,1,4"
6721,Fine-Tuned Model,"1,6"
6722,Fine-Tuned Model,"3,2,6,1,5,4"
6723,Fine-Tuned Model,"1,4,2,6,3,5"
6724,Fine-Tuned Model,"3,2,6,5,1,4"
6725,Fine-Tuned Model,
6726,Fine-Tuned Model,"1,4,2,6,3,5"
6727,Fine-Tuned Model,"1,3,5,2,6,4"
6728,Fine-Tuned Model,
6729,Fine-Tuned Model,"1,6,6"
6730,Fine-Tuned Model,"6,1,3,4,2,5"
6731,Fine-Tuned Model,5
6732,Fine-Tuned Model,
6733,Fine-Tuned Model,"2,4,5,6,3,2"
6734,Fine-Tuned Model,
6735,Fine-Tuned Model,"1,4,6,3,2,5"
6736,Fine-Tuned Model,"2,6,3,5,1,4"
6737,Fine-Tuned Model,"2,4,5,6,1,3"
6738,Fine-Tuned Model,"4,2,6,1,3,5"
6739,Fine-Tuned Model,"1,3,5,2,6,4"
6740,Fine-Tuned Model,
6741,Fine-Tuned Model,"1,4,2,6,3,5"
6742,Fine-Tuned Model,"1,4,2,5,6,3"
6743,Fine-Tuned Model,"1,5,3,2,6,1"
6744,Fine-Tuned Model,"4,2,6,3,1,5"
6745,Fine-Tuned Model,"1,6,6"
6746,Fine-Tuned Model,"3,5,1,6,2,4"
6747,Fine-Tuned Model,"1,6,6"
6748,Fine-Tuned Model,"5,3,1,4,6,2"
6749,Fine-Tuned Model,"3,1,6,2,5,4"
6750,Fine-Tuned Model,"6,1,6"
6751,Fine-Tuned Model,"1,3,2,6,5,4"
6752,Fine-Tuned Model,"2,5,4,1,3,6"
6753,Fine-Tuned Model,
6754,Fine-Tuned Model,"3,4,2,6,5,1"
6755,Fine-Tuned Model,"3,4,5,2,6,1"
6756,Fine-Tuned Model,"1,2,3,2,6,4"
6757,Fine-Tuned Model,
6758,Fine-Tuned Model,"3,6,2,5,4,1"
6759,Fine-Tuned Model,"6,1,3,4,2,5"
6760,Fine-Tuned Model,"4,2,3,6,1,5"
6761,Fine-Tuned Model,"3,6,2,4,5,1"
6762,Fine-Tuned Model,"3,6,2,5,4,1"
6763,Fine-Tuned Model,1
6764,Fine-Tuned Model,"5,2,4,1,3,6"
6765,Fine-Tuned Model,"3,5,1,6,4,2"
6766,Fine-Tuned Model,
6767,Fine-Tuned Model,"3,6,2,4,5,1"
6768,Fine-Tuned Model,"2,4,1,6,3,5"
6769,Fine-Tuned Model,"4,2,6,3,1,5"
6770,Fine-Tuned Model,"4,2,3,6,5,1"
6771,Fine-Tuned Model,"1,3,4,2,6,5"
6772,Fine-Tuned Model,
6773,Fine-Tuned Model,"6,5,2,6,3,1"
6774,Fine-Tuned Model,"1,2,3,4,5,6"
6775,Fine-Tuned Model,"2,4,1,6,3"
6776,Fine-Tuned Model,"1,2,3,4"
6777,Fine-Tuned Model,"5,2,3,6,1,4"
6778,Fine-Tuned Model,6
6779,Fine-Tuned Model,"3,2,6,5,1,4"
6780,Fine-Tuned Model,"5,2,6,1,3,4"
6781,Fine-Tuned Model,"1,2,3,4,5,6"
6782,Fine-Tuned Model,"4,2,5,6,3,1"
6783,Fine-Tuned Model,"4,3,2"
6784,Fine-Tuned Model,
6785,Fine-Tuned Model,"3,2,6,5,4,1"
6786,Fine-Tuned Model,"4,2,6,3,1,5"
6787,Fine-Tuned Model,
6788,Fine-Tuned Model,"3,5,2,6,1,4"
6789,Fine-Tuned Model,"1,6,3,2,5,4"
6790,Fine-Tuned Model,"6,1,6,1"
6791,Fine-Tuned Model,"3,2,6,5,4,1"
6792,Fine-Tuned Model,"4,6,2,3,5,1"
6793,Fine-Tuned Model,"5,2,1,4,3,6"
6794,Fine-Tuned Model,"6,6,6,6,6,6"
6795,Fine-Tuned Model,"3,2,5,6,1,4"
6796,Fine-Tuned Model,"2,6,5,3,1,4"
6797,Fine-Tuned Model,
6798,Fine-Tuned Model,"2,5,6,3,4,1"
6799,Fine-Tuned Model,"2,5,3,6,4,1"
6800,Fine-Tuned Model,"1,6,3,2,6,5"
6801,Fine-Tuned Model,"4,3,2,5,1,6"
6802,Fine-Tuned Model,
6803,Fine-Tuned Model,"6,1,6,1"
6804,Fine-Tuned Model,"1,2,3,4,5,6"
6805,Fine-Tuned Model,"2,5,1,3,4,6"
6806,Fine-Tuned Model,"4,3,6,2,5,1"
6807,Fine-Tuned Model,"4,2,6,5,3,1"
6808,Fine-Tuned Model,"3,6,2,1,4,5"
6809,Fine-Tuned Model,"1,2,4,3,6,2"
6810,Fine-Tuned Model,"1,6,6,1,3,6"
6811,Fine-Tuned Model,"4,2,6,3,5,1"
6812,Fine-Tuned Model,"4,6,3,1,5,2"
6813,Fine-Tuned Model,"1,6,6,6,1,6"
6814,Fine-Tuned Model,"1,6"
6815,Fine-Tuned Model,"5,4,3,1,6,2"
6816,Fine-Tuned Model,"2,5,3,4,1,6"
6817,Fine-Tuned Model,"2,6,3,1,5,4"
6818,Fine-Tuned Model,"4,3,5,1,6,2"
6819,Fine-Tuned Model,"1,6,6"
6820,Fine-Tuned Model,
6821,Fine-Tuned Model,"5,2,6,4,3,1"
6822,Fine-Tuned Model,"1,6,4,5,3,2"
6823,Fine-Tuned Model,"2,5,6,3,4,1"
6824,Fine-Tuned Model,"2,3,6,4,1,5"
6825,Fine-Tuned Model,"5,3,2,1,6,4"
6826,Fine-Tuned Model,"4,2,6,3,5,1"
6827,Fine-Tuned Model,"2,6,3,4,1,5"
6828,Fine-Tuned Model,"4,2,1,6,3,5"
6829,Fine-Tuned Model,"1,5,4,2,3,6"
6830,Fine-Tuned Model,"4,6,1,3,5,2"
6831,Fine-Tuned Model,"4,3,2,6,1,5"
6832,Fine-Tuned Model,"2,5,4,1,3,6"
6833,Fine-Tuned Model,"5,3,6,2,1,4"
6834,Fine-Tuned Model,
6835,Fine-Tuned Model,"2,5,1,3,6,4"
6836,Fine-Tuned Model,"5,2,4,1,6,3"
6837,Fine-Tuned Model,"6,4,3,1,2,5"
6838,Fine-Tuned Model,
6839,Fine-Tuned Model,"3,6,4,2,5,1"
6840,Fine-Tuned Model,
6841,Fine-Tuned Model,"6,1,6"
6842,Fine-Tuned Model,"3,5,2,6,4,1"
6843,Fine-Tuned Model,"4,1,3,6,5,2"
6844,Fine-Tuned Model,"1,2,3,4,5,6"
6845,Fine-Tuned Model,"5,2,6,3,1,4"
6846,Fine-Tuned Model,"5,2,3,4,6,1"
6847,Fine-Tuned Model,"3,6,2"
6848,Fine-Tuned Model,"4,2,6,3,5,1"
6849,Fine-Tuned Model,"1,2,3,4,5"
6850,Fine-Tuned Model,
6851,Fine-Tuned Model,"4,1,5,2,3"
6852,Fine-Tuned Model,"3,6,2,5,4,1"
6853,Fine-Tuned Model,"5,2,6,3,1,4"
6854,Fine-Tuned Model,
6855,Fine-Tuned Model,"1,6,1,6,1,6"
6856,Fine-Tuned Model,"5,2,4,6,3,1"
6857,Fine-Tuned Model,"4,3,2,6,5,1"
6858,Fine-Tuned Model,"1,6,6"
6859,Fine-Tuned Model,"3,1,6,5,2,4"
6860,Fine-Tuned Model,"3,5,2,6,4,3"
6861,Fine-Tuned Model,"4,3,6,2,1,5"
6862,Fine-Tuned Model,
6863,Fine-Tuned Model,"5,2,1,6,3,4"
6864,Fine-Tuned Model,"4,2,5,6,1,3"
6865,Fine-Tuned Model,
6866,Fine-Tuned Model,"3,4,6,1,2,5"
6867,Fine-Tuned Model,"4,2,3,5,6,1"
6868,Fine-Tuned Model,"3,6,2,5,4,1"
6869,Fine-Tuned Model,"2,3,6,2,5"
6870,Fine-Tuned Model,"3,1,6,2,5,4"
6871,Fine-Tuned Model,
6872,Fine-Tuned Model,"1,1,4,5,2,6"
6873,Fine-Tuned Model,"4,2,5,1,3,6"
6874,Fine-Tuned Model,"6,5,2,1,6,4"
6875,Fine-Tuned Model,"2,5,4,6,3,1"
6876,Fine-Tuned Model,"4,2,6,3,1,5"
6877,Fine-Tuned Model,
6878,Fine-Tuned Model,"1,4,3,2,5,6"
6879,Fine-Tuned Model,
6880,Fine-Tuned Model,"4,2,5,6,3,1"
6881,Fine-Tuned Model,"2,5,3,6,1,4"
6882,Fine-Tuned Model,
6883,Fine-Tuned Model,"2,4,6,3,5,1"
6884,Fine-Tuned Model,
6885,Fine-Tuned Model,"5,2,3,6,4,1"
6886,Fine-Tuned Model,"4,6,2,1,3,5"
6887,Fine-Tuned Model,"3,6,2,5,1,4"
6888,Fine-Tuned Model,
6889,Fine-Tuned Model,"1,6,1,6,1,6"
6890,Fine-Tuned Model,
6891,Fine-Tuned Model,
6892,Fine-Tuned Model,"1,6,2,5,3,4"
6893,Fine-Tuned Model,"3,1,6,2,4,5"
6894,Fine-Tuned Model,
6895,Fine-Tuned Model,"2,5,3,6,1,4"
6896,Fine-Tuned Model,"4,2,6,3,5,1"
6897,Fine-Tuned Model,"2,3,5,4,6,2"
6898,Fine-Tuned Model,
6899,Fine-Tuned Model,"5,3,1,6,4,2"
6900,Fine-Tuned Model,
6901,Fine-Tuned Model,"4,6,2,5,3,1"
6902,Fine-Tuned Model,
6903,Fine-Tuned Model,"5,3,1,6,2,4"
6904,Fine-Tuned Model,"2,5,1,3,6,4"
6905,Fine-Tuned Model,"3,5,1,4,2,6"
6906,Fine-Tuned Model,
6907,Fine-Tuned Model,"1,6,4,5,3,6"
6908,Fine-Tuned Model,"1,3,4,2,5,6"
6909,Fine-Tuned Model,"3,5,6,4,2,3"
6910,Fine-Tuned Model,"1,6,6"
6911,Fine-Tuned Model,"1,2,5,3,6,4"
6912,Fine-Tuned Model,"3,6,1,5,4,2"
6913,Fine-Tuned Model,"2,5,4,3,6,1"
6914,Fine-Tuned Model,"2,5,1,3,6,4"
6915,Fine-Tuned Model,"5,2,4,3,6,1"
6916,Fine-Tuned Model,"3,6,2,5,4,1"
6917,Fine-Tuned Model,
6918,Fine-Tuned Model,"1,2,3,4,5,6"
6919,Fine-Tuned Model,"1,3,2,6,5,4"
6920,Fine-Tuned Model,"4,2,6"
6921,Fine-Tuned Model,"3,4,2,6,5,1"
6922,Fine-Tuned Model,"1,4,2,3,5,6"
6923,Fine-Tuned Model,"1,2,3,4,5,6"
6924,Fine-Tuned Model,
6925,Fine-Tuned Model,
6926,Fine-Tuned Model,"6,1,6"
6927,Fine-Tuned Model,4
6928,Fine-Tuned Model,"2,4,6,3,1,5"
6929,Fine-Tuned Model,"1,2,3,4,5,6"
6930,Fine-Tuned Model,"4,2,5,6,3,1"
6931,Fine-Tuned Model,"4,2,6,3,5,1"
6932,Fine-Tuned Model,"4,2,6,5,1,3"
6933,Fine-Tuned Model,"1,6,1,6"
6934,Fine-Tuned Model,
6935,Fine-Tuned Model,"3,6,2,4,5,1"
6936,Fine-Tuned Model,"4,2,6,1,3,5"
6937,Fine-Tuned Model,"6,2"
6938,Fine-Tuned Model,"3,6,2,5,1,4"
6939,Fine-Tuned Model,"3,4,2,6,1,5"
6940,Fine-Tuned Model,"1,6,6"
6941,Fine-Tuned Model,
6942,Fine-Tuned Model,"6,1,6"
6943,Fine-Tuned Model,"2,6,4,1,5,3"
6944,Fine-Tuned Model,"3,5,2,1,6,4"
6945,Fine-Tuned Model,"3,2,6,5,4,1"
6946,Fine-Tuned Model,"3,6,4,1,2,5"
6947,Fine-Tuned Model,"1,2,3,4,5,6"
6948,Fine-Tuned Model,
6949,Fine-Tuned Model,"6,1,6"
6950,Fine-Tuned Model,"4,2,6,5,1,3"
6951,Fine-Tuned Model,"3,5,6,2,1,4"
6952,Fine-Tuned Model,"4,3,2,5,6,1"
6953,Fine-Tuned Model,"3,2,6,5,1,4"
6954,Fine-Tuned Model,"2,5,4,3,6,1"
6955,Fine-Tuned Model,"1,2,3,4,5,6"
6956,Fine-Tuned Model,"1,3,5,2,4,6"
6957,Fine-Tuned Model,
6958,Fine-Tuned Model,"4,3,2,6,1,5"
6959,Fine-Tuned Model,"1,6,6"
6960,Fine-Tuned Model,"3,1,4,2,5,6"
6961,Fine-Tuned Model,"3,4,2,5,6,1"
6962,Fine-Tuned Model,"1,4,3,6,2,5"
6963,Fine-Tuned Model,
6964,Fine-Tuned Model,"1,5,2,4,6,1"
6965,Fine-Tuned Model,"4,2,6,3,5,1"
6966,Fine-Tuned Model,"3,5,4,2,6,1"
6967,Fine-Tuned Model,"1,5,2,3,6,4"
6968,Fine-Tuned Model,"3,2,6,5,3,1"
6969,Fine-Tuned Model,"1,4,2,6,3,2"
6970,Fine-Tuned Model,"4,3,2,6,5,1"
6971,Fine-Tuned Model,"1,4,2,2,3,6"
6972,Fine-Tuned Model,
6973,Fine-Tuned Model,"3,6,2,5,4,1"
6974,Fine-Tuned Model,
6975,Fine-Tuned Model,"1,6,4,3,2,5"
6976,Fine-Tuned Model,"2,6,3,1,5,4"
6977,Fine-Tuned Model,"1,2,3,4,5,6"
6978,Fine-Tuned Model,"3,6,2,4,5,1"
6979,Fine-Tuned Model,"2,4,5,3,1,6"
6980,Fine-Tuned Model,"1,3,4,2,6,5"
6981,Fine-Tuned Model,
6982,Fine-Tuned Model,1
6983,Fine-Tuned Model,"1,6,3,2,5,4"
6984,Fine-Tuned Model,"3,6,1,4,5,2"
6985,Fine-Tuned Model,
6986,Fine-Tuned Model,
6987,Fine-Tuned Model,
6988,Fine-Tuned Model,"4,2,6,5,3,1"
6989,Fine-Tuned Model,"1,6,3,2,5,4"
6990,Fine-Tuned Model,"3,4,1,2,6,5"
6991,Fine-Tuned Model,
6992,Fine-Tuned Model,"6,1,2,4,5,6"
6993,Fine-Tuned Model,"4,2,6,1,5,3"
6994,Fine-Tuned Model,"5,2,6,1,3,4"
6995,Fine-Tuned Model,"6,6,4"
6996,Fine-Tuned Model,"4,3,6,2,5,1"
6997,Fine-Tuned Model,
6998,Fine-Tuned Model,"5,4,2,6,3,1"
6999,Fine-Tuned Model,
7000,Fine-Tuned Model,"4,2,5,6,3,1"
7001,Fine-Tuned Model,"1,4,3,5,2,6"
7002,Fine-Tuned Model,"3,6,2,5,1,4"
7003,Fine-Tuned Model,"2,5,3,6,1,4"
7004,Fine-Tuned Model,"4,6,3,5,2,4"
7005,Fine-Tuned Model,"4,2,6,5,1,3"
7006,Fine-Tuned Model,"2,5,3,6,4,1"
7007,Fine-Tuned Model,"1,2,4,6,3,5"
7008,Fine-Tuned Model,"3,1,5,3,6,2"
7009,Fine-Tuned Model,"2,6,5,4,3,1"
7010,Fine-Tuned Model,"3,2,6,1,4,5"
7011,Fine-Tuned Model,"1,6,6"
7012,Fine-Tuned Model,"1,3,5,2,4,6"
7013,Fine-Tuned Model,
7014,Fine-Tuned Model,"5,2,6,3,4,1"
7015,Fine-Tuned Model,"5,2,3,6,1,4"
7016,Fine-Tuned Model,"2,4,6,3,5,1"
7017,Fine-Tuned Model,"3,5,1,2,6,4"
7018,Fine-Tuned Model,"2,5,6,3,1,4"
7019,Fine-Tuned Model,6
7020,Fine-Tuned Model,
7021,Fine-Tuned Model,"4,2,3,5,1,6"
7022,Fine-Tuned Model,"1,2,3,4,5,6"
7023,Fine-Tuned Model,"3,6,1,5,2,4"
7024,Fine-Tuned Model,"1,3,6,3,2,5"
7025,Fine-Tuned Model,"3,5,2,6,1,4"
7026,Fine-Tuned Model,"1,4"
7027,Fine-Tuned Model,"1,2,3,4,5,6"
7028,Fine-Tuned Model,"3,5,2,6,4,1"
7029,Fine-Tuned Model,"4,3,2,6,1,5"
7030,Fine-Tuned Model,"6,3,2,4,5,1"
7031,Fine-Tuned Model,"6,1,6,6,1,6"
7032,Fine-Tuned Model,"5,4,1,6,3,2"
7033,Fine-Tuned Model,"1,6,2,5,3,4"
7034,Fine-Tuned Model,"1,2,2,5,3,1"
7035,Fine-Tuned Model,"6,1,6"
7036,Fine-Tuned Model,"5,2,3,6,1,4"
7037,Fine-Tuned Model,
7038,Fine-Tuned Model,
7039,Fine-Tuned Model,"1,1,2,2,3"
7040,Fine-Tuned Model,"1,2,3,4,5,6"
7041,Fine-Tuned Model,"3,6,2,5,1,4"
7042,Fine-Tuned Model,"4,6,3,2,5,1"
7043,Fine-Tuned Model,"5,2,3"
7044,Fine-Tuned Model,
7045,Fine-Tuned Model,
7046,Fine-Tuned Model,"3,6,2,5,4,1"
7047,Fine-Tuned Model,"2,6,1,4,3,5"
7048,Fine-Tuned Model,"5,4,2,3,6"
7049,Fine-Tuned Model,"5,1,3,2,6,4"
7050,Fine-Tuned Model,"4,3,2,6,1,5"
7051,Fine-Tuned Model,6
7052,Fine-Tuned Model,
7053,Fine-Tuned Model,
7054,Fine-Tuned Model,
7055,Fine-Tuned Model,"3,5,1,6,2,4"
7056,Fine-Tuned Model,"1,5,2,3,3,2"
7057,Fine-Tuned Model,"4,2,6,1,3,5"
7058,Fine-Tuned Model,"6,1,6,1"
7059,Fine-Tuned Model,"2,5,3,6,1,4"
7060,Fine-Tuned Model,"4,2,6,5,1,3"
7061,Fine-Tuned Model,"1,2,5,3,4,2"
7062,Fine-Tuned Model,
7063,Fine-Tuned Model,
7064,Fine-Tuned Model,"4,6,2,5,1,3"
7065,Fine-Tuned Model,"3,6,2,4,5,1"
7066,Fine-Tuned Model,"1,2,5,3,6,4"
7067,Fine-Tuned Model,"6,3,1,5,4"
7068,Fine-Tuned Model,
7069,Fine-Tuned Model,"2,6,5,1,4,3"
7070,Fine-Tuned Model,"1,6,6"
7071,Fine-Tuned Model,"3,6,1,4,2,5"
7072,Fine-Tuned Model,"2,4,6,1,3,5"
7073,Fine-Tuned Model,"5,2,1,6,4,3"
7074,Fine-Tuned Model,"1,3,5,2,6,4"
7075,Fine-Tuned Model,
7076,Fine-Tuned Model,"4,6,2,3,5,1"
7077,Fine-Tuned Model,"2,5,1,6,4,3"
7078,Fine-Tuned Model,"2,5,4,6,3,1"
7079,Fine-Tuned Model,"2,4,1,6,3,5"
7080,Fine-Tuned Model,"2,5,1,4,6,3"
7081,Fine-Tuned Model,"3,4,2,5,6,4"
7082,Fine-Tuned Model,
7083,Fine-Tuned Model,"4,2,5,3,6,1"
7084,Fine-Tuned Model,"2,3,5,1,6,4"
7085,Fine-Tuned Model,
7086,Fine-Tuned Model,"5,2,1,6,4,3"
7087,Fine-Tuned Model,"3,1,6,4,2,5"
7088,Fine-Tuned Model,"1,5,2,6,3,4"
7089,Fine-Tuned Model,"4,2,6,3,1,5"
7090,Fine-Tuned Model,"2,5,1,6,3,4"
7091,Fine-Tuned Model,
7092,Fine-Tuned Model,"1,3,6,2,5,4"
7093,Fine-Tuned Model,"2,5,3,1,4,6"
7094,Fine-Tuned Model,"4,2,6,1,5,3"
7095,Fine-Tuned Model,"3,6,2,5,4,1"
7096,Fine-Tuned Model,
7097,Fine-Tuned Model,"1,4,3,6,2,5"
7098,Fine-Tuned Model,"1,6"
7099,Fine-Tuned Model,"2,5,1,6,4,3"
7100,Fine-Tuned Model,"3,6,2,5,4,1"
7101,Fine-Tuned Model,"4,2,6,3,1,5"
7102,Fine-Tuned Model,"1,4,3,6,2,5"
7103,Fine-Tuned Model,"1,2,3,4,2,1"
7104,Fine-Tuned Model,"2,4,3,2,5,1"
7105,Fine-Tuned Model,"1,6"
7106,Fine-Tuned Model,"1,6,6"
7107,Fine-Tuned Model,
7108,Fine-Tuned Model,
7109,Fine-Tuned Model,"4,2,6,5,3,1"
7110,Fine-Tuned Model,"4,2,6,3,1,5"
7111,Fine-Tuned Model,"1,5,3,6,2,4"
7112,Fine-Tuned Model,"1,4,2,3,5,6"
7113,Fine-Tuned Model,"1,6,4,3,2,5"
7114,Fine-Tuned Model,
7115,Fine-Tuned Model,"1,2,3,4,5,6"
7116,Fine-Tuned Model,"1,2,3,4,5,6"
7117,Fine-Tuned Model,"3,6,2,5,4,1"
7118,Fine-Tuned Model,"1,2,5,3,6"
7119,Fine-Tuned Model,"4,2,6,3,5,1"
7120,Fine-Tuned Model,"6,6"
7121,Fine-Tuned Model,"5,3,2,1,6,4"
7122,Fine-Tuned Model,"1,2,3,4,5,6"
7123,Fine-Tuned Model,
7124,Fine-Tuned Model,
7125,Fine-Tuned Model,"1,2,3,4,5,6"
7126,Fine-Tuned Model,"3,5,1,4,2,6"
7127,Fine-Tuned Model,"4,2,6,5,1,3"
7128,Fine-Tuned Model,
7129,Fine-Tuned Model,"5,3,2,6,1,4"
7130,Fine-Tuned Model,"1,3,4,2,6,5"
7131,Fine-Tuned Model,"1,3,4,2,5,6"
7132,Fine-Tuned Model,"5,2,1,6,4,3"
7133,Fine-Tuned Model,
7134,Fine-Tuned Model,
7135,Fine-Tuned Model,"3,2"
7136,Fine-Tuned Model,"3,2,5,1,6,4"
7137,Fine-Tuned Model,"3,1,6,4,5,2"
7138,Fine-Tuned Model,
7139,Fine-Tuned Model,"1,6"
7140,Fine-Tuned Model,"4,6,2,5,3,1"
7141,Fine-Tuned Model,"4,6,3,2,5,1"
7142,Fine-Tuned Model,"1,5,2,2,3,5"
7143,Fine-Tuned Model,"5,2,4,6,3,1"
7144,Fine-Tuned Model,"1,6,6,1,6,6"
7145,Fine-Tuned Model,"4,6,3,2,5,1"
7146,Fine-Tuned Model,"2,4,6,3,5,1"
7147,Fine-Tuned Model,"1,3,2,6,4,5"
7148,Fine-Tuned Model,"2,5,4,6,3,2"
7149,Fine-Tuned Model,"2,5,6,3,6,4"
7150,Fine-Tuned Model,"3,6,1,4,3,2"
7151,Fine-Tuned Model,
7152,Fine-Tuned Model,"2,5,1,3,6,2"
7153,Fine-Tuned Model,"1,3,6,5,2,4"
7154,Fine-Tuned Model,"4,2,6,1,5,3"
7155,Fine-Tuned Model,"4,3,1,2,6,5"
7156,Fine-Tuned Model,"5,1,3,6,2,4"
7157,Fine-Tuned Model,"1,4,2,5,6,3"
7158,Fine-Tuned Model,"5,3,6,2,4,5"
7159,Fine-Tuned Model,"3,6,2,4,1,5"
7160,Fine-Tuned Model,"1,4,2,5,6,3"
7161,Fine-Tuned Model,
7162,Fine-Tuned Model,
7163,Fine-Tuned Model,"4,2,3,6,5,1"
7164,Fine-Tuned Model,"6,1,6"
7165,Fine-Tuned Model,"3,1,4,6,5,2"
7166,Fine-Tuned Model,"2,5,3,6,1,4"
7167,Fine-Tuned Model,"3,6,2,4,5,1"
7168,Fine-Tuned Model,
7169,Fine-Tuned Model,
7170,Fine-Tuned Model,
7171,Fine-Tuned Model,
7172,Fine-Tuned Model,"4,2,6,3,5,1"
7173,Fine-Tuned Model,6
7174,Fine-Tuned Model,"2,6,4,5,1,3"
7175,Fine-Tuned Model,
7176,Fine-Tuned Model,
7177,Fine-Tuned Model,"4,6,2,5,3,1"
7178,Fine-Tuned Model,"4,2,5,6,3,1"
7179,Fine-Tuned Model,
7180,Fine-Tuned Model,"3,2,5,4,6,1"
7181,Fine-Tuned Model,"1,2,6"
7182,Fine-Tuned Model,"1,2,5,6,3,4"
7183,Fine-Tuned Model,"3,5,6,2,4,1"
7184,Fine-Tuned Model,"1,5,2,4,6,3"
7185,Fine-Tuned Model,"4,6,2,5,3,1"
7186,Fine-Tuned Model,"5,2,1,6,3,4"
7187,Fine-Tuned Model,"3,4,6,2,5,1"
7188,Fine-Tuned Model,"4,2,5,6,1,3"
7189,Fine-Tuned Model,"1,2,4,3,6"
7190,Fine-Tuned Model,"5,3,2,6,1,4"
7191,Fine-Tuned Model,"4,2,3,6,5,1"
7192,Fine-Tuned Model,"1,4,6,2,5,3"
7193,Fine-Tuned Model,"4,2,6,1,5,3"
7194,Fine-Tuned Model,"3,6,5,2,1,4"
7195,Fine-Tuned Model,"5,3,1,4,6,2"
7196,Fine-Tuned Model,"2,5,3,6,1,4"
7197,Fine-Tuned Model,"1,2,3,4,5,6"
7198,Fine-Tuned Model,"3,5,2,6,4,1"
7199,Fine-Tuned Model,"1,2,3,3,4,5"
7200,Fine-Tuned Model,"1,2,4,5,6,3"
7201,Fine-Tuned Model,"5,3,2,6,1,4"
7202,Fine-Tuned Model,"1,2,3,4,5,6"
7203,Fine-Tuned Model,3
7204,Fine-Tuned Model,"1,2,3,4,5"
7205,Fine-Tuned Model,"4,2,6,5,3"
7206,Fine-Tuned Model,"4,2,6,1,3,5"
7207,Fine-Tuned Model,
7208,Fine-Tuned Model,"4,2,6,3,1,5"
7209,Fine-Tuned Model,
7210,Fine-Tuned Model,"3,2,6,4,1,5"
7211,Fine-Tuned Model,"3,6,2,5,1,4"
7212,Fine-Tuned Model,"2,6,1,3,5,4"
7213,Fine-Tuned Model,"1,6"
7214,Fine-Tuned Model,6
7215,Fine-Tuned Model,"4,3,6,1,2,5"
7216,Fine-Tuned Model,"1,6,2,5,3,4"
7217,Fine-Tuned Model,"6,1,6"
7218,Fine-Tuned Model,"1,6,6,1,2,6"
7219,Fine-Tuned Model,"1,6,6"
7220,Fine-Tuned Model,
7221,Fine-Tuned Model,
7222,Fine-Tuned Model,"5,3,1,4,2,6"
7223,Fine-Tuned Model,"3,6,2,5,1,4"
7224,Fine-Tuned Model,"3,6,2,5,1,4"
7225,Fine-Tuned Model,"3,5,2,6,4,1"
7226,Fine-Tuned Model,
7227,Fine-Tuned Model,"1,5,2,6,4,3"
7228,Fine-Tuned Model,
7229,Fine-Tuned Model,
7230,Fine-Tuned Model,"3,5,6,1,4,2"
7231,Fine-Tuned Model,"5,2,6,3,4,1"
7232,Fine-Tuned Model,"1,2,3,5,6,2"
7233,Fine-Tuned Model,"3,6,2,5,1,4"
7234,Fine-Tuned Model,"1,6,3,2,5,4"
7235,Fine-Tuned Model,
7236,Fine-Tuned Model,"5,2"
7237,Fine-Tuned Model,"3,2,6,1,5,4"
7238,Fine-Tuned Model,
7239,Fine-Tuned Model,"2,3,4,2,6"
7240,Fine-Tuned Model,"4,2,6,1,5,3"
7241,Fine-Tuned Model,
7242,Fine-Tuned Model,"1,6"
7243,Fine-Tuned Model,
7244,Fine-Tuned Model,"1,5,3,2,4,6"
7245,Fine-Tuned Model,"2,6,3,1,4,5"
7246,Fine-Tuned Model,"2,6,1,5,4,3"
7247,Fine-Tuned Model,"2,5,6,1,4,3"
7248,Fine-Tuned Model,"1,2,5,3,6,4"
7249,Fine-Tuned Model,"4,2,6,1,5,3"
7250,Fine-Tuned Model,
7251,Fine-Tuned Model,
7252,Fine-Tuned Model,
7253,Fine-Tuned Model,"4,2,6,1,5,3"
7254,Fine-Tuned Model,"6,1,5,6,4,2"
7255,Fine-Tuned Model,
7256,Fine-Tuned Model,"2,4,6,3,1,5"
7257,Fine-Tuned Model,"3,5,2,6,1,4"
7258,Fine-Tuned Model,"5,2,4,6,1,3"
7259,Fine-Tuned Model,"2,6,5,1,3,4"
7260,Fine-Tuned Model,
7261,Fine-Tuned Model,"2,5,1,6,3,4"
7262,Fine-Tuned Model,"1,3,5,2,6"
7263,Fine-Tuned Model,
7264,Fine-Tuned Model,"2,5,3,6,1,4"
7265,Fine-Tuned Model,"3,4,2,5,1,6"
7266,Fine-Tuned Model,
7267,Fine-Tuned Model,"5,1,4,3,2,6"
7268,Fine-Tuned Model,"1,2,3,4,5,6"
7269,Fine-Tuned Model,
7270,Fine-Tuned Model,"1,6,3,2,5,4"
7271,Fine-Tuned Model,
7272,Fine-Tuned Model,"4,2,6,5,3,1"
7273,Fine-Tuned Model,"4,2,5,3,6,1"
7274,Fine-Tuned Model,
7275,Fine-Tuned Model,"5,3,1,2,6,4"
7276,Fine-Tuned Model,"1,6,6"
7277,Fine-Tuned Model,
7278,Fine-Tuned Model,"2,5,3,6,4,1"
7279,Fine-Tuned Model,
7280,Fine-Tuned Model,"1,3,6,2,5,4"
7281,Fine-Tuned Model,"1,4,6,5,4,1"
7282,Fine-Tuned Model,"1,6"
7283,Fine-Tuned Model,
7284,Fine-Tuned Model,"5,2,6,3,4,1"
7285,Fine-Tuned Model,"1,4,2,6,5,3"
7286,Fine-Tuned Model,"1,1,6,2,1,6"
7287,Fine-Tuned Model,
7288,Fine-Tuned Model,"5,4,2,6,1,3"
7289,Fine-Tuned Model,
7290,Fine-Tuned Model,"3,6,2,5,4,1"
7291,Fine-Tuned Model,"4,2,6,5,1,3"
7292,Fine-Tuned Model,"1,3,6,2,5,4"
7293,Fine-Tuned Model,"2,4,1,3,6,5"
7294,Fine-Tuned Model,"2,4,5,3,5,2"
7295,Fine-Tuned Model,"3,2,6,4,5,1"
7296,Fine-Tuned Model,"2,4,5,3,5,2"
7297,Fine-Tuned Model,"3,2,4,3,6,5"
7298,Fine-Tuned Model,"4,2,6,5,1,3"
7299,Fine-Tuned Model,"6,3,5,2,6,4"
7300,Fine-Tuned Model,
7301,Fine-Tuned Model,"6,3,5,1"
7302,Fine-Tuned Model,"3,6,2,5,1,4"
7303,Fine-Tuned Model,"1,3,5,4,6,2"
7304,Fine-Tuned Model,"1,6,6"
7305,Fine-Tuned Model,"2,3,5,1,6,4"
7306,Fine-Tuned Model,"4,2,6,3,5,1"
7307,Fine-Tuned Model,"1,5,2,6,3,1"
7308,Fine-Tuned Model,"1,5,3,2,6,4"
7309,Fine-Tuned Model,"4,2,6,3,5,1"
7310,Fine-Tuned Model,6
7311,Fine-Tuned Model,"1,2,3,2,4,5"
7312,Fine-Tuned Model,"4,2,6,1,5,3"
7313,Fine-Tuned Model,"1,6,6"
7314,Fine-Tuned Model,"6,1,6"
7315,Fine-Tuned Model,"1,2,4,5,3,6"
7316,Fine-Tuned Model,"1,2,3,4,5,6"
7317,Fine-Tuned Model,"4,2,5,1,3,6"
7318,Fine-Tuned Model,
7319,Fine-Tuned Model,
7320,Fine-Tuned Model,"3,6,2,5,4,1"
7321,Fine-Tuned Model,"1,2,4,3,1,5"
7322,Fine-Tuned Model,"3,4,2,6,5,1"
7323,Fine-Tuned Model,"2,5,1,6,4,3"
7324,Fine-Tuned Model,"5,3,2,6,1,4"
7325,Fine-Tuned Model,
7326,Fine-Tuned Model,"2,5,1,3,4,6"
7327,Fine-Tuned Model,"4,2,5,6,3,1"
7328,Fine-Tuned Model,"2,6,4,3,5,1"
7329,Fine-Tuned Model,
7330,Fine-Tuned Model,"4,2,6,5,1,3"
7331,Fine-Tuned Model,"4,3,6,2,5,1"
7332,Fine-Tuned Model,"3,5,1,6,2,4"
7333,Fine-Tuned Model,"4,2,5,6,3,1"
7334,Fine-Tuned Model,"2,6,3,4,1,5"
7335,Fine-Tuned Model,"2,6,4,1,3,5"
7336,Fine-Tuned Model,"1,2,3,5,4,6"
7337,Fine-Tuned Model,"2,4,5,6,3,1"
7338,Fine-Tuned Model,
7339,Fine-Tuned Model,"3,4,2,6,3,1"
7340,Fine-Tuned Model,
7341,Fine-Tuned Model,"5,1,3,2,4,6"
7342,Fine-Tuned Model,"3,2,6,1,4,5"
7343,Fine-Tuned Model,"4,2,6,3,5,1"
7344,Fine-Tuned Model,"4,2,6,5,3,1"
7345,Fine-Tuned Model,"3,5,2,6,4,1"
7346,Fine-Tuned Model,"4,2,6,3,1,5"
7347,Fine-Tuned Model,"6,1,6,1"
7348,Fine-Tuned Model,
7349,Fine-Tuned Model,"3,4,2,5,1,6"
7350,Fine-Tuned Model,
7351,Fine-Tuned Model,"5,2,6,1,4,3"
7352,Fine-Tuned Model,"4,2,3,5,6,1"
7353,Fine-Tuned Model,
7354,Fine-Tuned Model,"1,3,2,6,5,4"
7355,Fine-Tuned Model,"6,1,3,2,5,4"
7356,Fine-Tuned Model,"6,1,6"
7357,Fine-Tuned Model,"4,3,6,5,2,2"
7358,Fine-Tuned Model,"4,2,6,3,1,5"
7359,Fine-Tuned Model,"1,6,6,1,1"
7360,Fine-Tuned Model,"4,2,5,3,6,1"
7361,Fine-Tuned Model,"3,6,1,4,5,2"
7362,Fine-Tuned Model,"4,2,5,6,1,3"
7363,Fine-Tuned Model,"3,2,4,5,6"
7364,Fine-Tuned Model,"3,1,6,5,2,4"
7365,Fine-Tuned Model,"3,5,2,1,4,6"
7366,Fine-Tuned Model,1
7367,Fine-Tuned Model,"1,2,3,4,5,6"
7368,Fine-Tuned Model,"3,6,2,5,1,4"
7369,Fine-Tuned Model,
7370,Fine-Tuned Model,"1,2,3,4,5,6"
7371,Fine-Tuned Model,"3,6,2,5,1,4"
7372,Fine-Tuned Model,"3,2,6,5,1,4"
7373,Fine-Tuned Model,"1,4,2,6,3,5"
7374,Fine-Tuned Model,
7375,Fine-Tuned Model,"4,5,3,1,6"
7376,Fine-Tuned Model,"4,2,6,3,5,1"
7377,Fine-Tuned Model,"2,4,5,3,1,6"
7378,Fine-Tuned Model,
7379,Fine-Tuned Model,"5,3,6,1,2,4"
7380,Fine-Tuned Model,"1,2,6,3,5,4"
7381,Fine-Tuned Model,"3,6,1,4,2,5"
7382,Fine-Tuned Model,"4,3,2,5,2,6"
7383,Fine-Tuned Model,"3,4,2,6,5,3"
7384,Fine-Tuned Model,"1,5"
7385,Fine-Tuned Model,"2,5,3,1,6,4"
7386,Fine-Tuned Model,"2,4,3,6,5,1"
7387,Fine-Tuned Model,
7388,Fine-Tuned Model,"4,2,6,5,3,1"
7389,Fine-Tuned Model,"2,5,6,3,2,1"
7390,Fine-Tuned Model,"1,4,2,6,3,5"
7391,Fine-Tuned Model,"1,4,6,2,3,5"
7392,Fine-Tuned Model,"1,6,6"
7393,Fine-Tuned Model,"4,2,6,5,1,3"
7394,Fine-Tuned Model,"3,6,2,5,4,1"
7395,Fine-Tuned Model,
7396,Fine-Tuned Model,"4,6,1,3,5,2"
7397,Fine-Tuned Model,
7398,Fine-Tuned Model,"6,4,3,6,5,2"
7399,Fine-Tuned Model,"4,3,6,1,5,2"
7400,Fine-Tuned Model,"5,2,4,6,3,1"
7401,Fine-Tuned Model,"3,6,2,5,4,1"
7402,Fine-Tuned Model,
7403,Fine-Tuned Model,"2,4,1,5,3,6"
7404,Fine-Tuned Model,"4,2,6,3,5,1"
7405,Fine-Tuned Model,
7406,Fine-Tuned Model,"4,2,3,6,5,1"
7407,Fine-Tuned Model,"5,2,1,6,4,3"
7408,Fine-Tuned Model,
7409,Fine-Tuned Model,
7410,Fine-Tuned Model,
7411,Fine-Tuned Model,"3,6,2,5,4,1"
7412,Fine-Tuned Model,"1,3"
7413,Fine-Tuned Model,"1,2,3,4,5,6"
7414,Fine-Tuned Model,
7415,Fine-Tuned Model,"4,2,6,1,3,5"
7416,Fine-Tuned Model,"1,2,3,4,5,6"
7417,Fine-Tuned Model,"1,4"
7418,Fine-Tuned Model,
7419,Fine-Tuned Model,
7420,Fine-Tuned Model,"5,2,4,6,1,3"
7421,Fine-Tuned Model,
7422,Fine-Tuned Model,
7423,Fine-Tuned Model,"4,2,6,3,5,1"
7424,Fine-Tuned Model,"4,2,6,3,1,5"
7425,Fine-Tuned Model,
7426,Fine-Tuned Model,"2,5,6,3,1,4"
7427,Fine-Tuned Model,"5,2,6,3,1,4"
7428,Fine-Tuned Model,"4,6,3,5,2,1"
7429,Fine-Tuned Model,"5,2,6,3,1,4"
7430,Fine-Tuned Model,"4,2,6,1,3,5"
7431,Fine-Tuned Model,"1,3,2,5,4,6"
7432,Fine-Tuned Model,"5,2,3,6,1,4"
7433,Fine-Tuned Model,"3,6,2,5,4,1"
7434,Fine-Tuned Model,
7435,Fine-Tuned Model,"3,6,2,5,4,1"
7436,Fine-Tuned Model,
7437,Fine-Tuned Model,
7438,Fine-Tuned Model,"2,5,3,6,1,4"
7439,Fine-Tuned Model,"4,2,6,3,5,1"
7440,Fine-Tuned Model,"4,2,5,1,6,3"
7441,Fine-Tuned Model,
7442,Fine-Tuned Model,"2,5,3,6,4,1"
7443,Fine-Tuned Model,"5,2,3,6,4,1"
7444,Fine-Tuned Model,"1,6"
7445,Fine-Tuned Model,"1,4,2,3,5,6"
7446,Fine-Tuned Model,"2,5,4,1,6,3"
7447,Fine-Tuned Model,
7448,Fine-Tuned Model,"1,6"
7449,Fine-Tuned Model,
7450,Fine-Tuned Model,"6,1,6"
7451,Fine-Tuned Model,"3,2,6,5,1,4"
7452,Fine-Tuned Model,"1,6,2,3,5,4"
7453,Fine-Tuned Model,"3,4,2,6,1,5"
7454,Fine-Tuned Model,"4,3,5,2,6,1"
7455,Fine-Tuned Model,"2,6,3,4,5,1"
7456,Fine-Tuned Model,"1,4,3,2,6,5"
7457,Fine-Tuned Model,"2,5,6,3,4,6"
7458,Fine-Tuned Model,
7459,Fine-Tuned Model,"4,2,6,1,3,5"
7460,Fine-Tuned Model,"1,5,2,4,6,3"
7461,Fine-Tuned Model,"1,6,1,6,1"
7462,Fine-Tuned Model,"4,6,3,2,5,1"
7463,Fine-Tuned Model,"2,4,6,5,3,1"
7464,Fine-Tuned Model,"4,2,5,6,3,1"
7465,Fine-Tuned Model,
7466,Fine-Tuned Model,
7467,Fine-Tuned Model,"1,6"
7468,Fine-Tuned Model,"2,4,6,1,5,3"
7469,Fine-Tuned Model,"4,3,2,6,1,5"
7470,Fine-Tuned Model,"4,2,6,3,5,1"
7471,Fine-Tuned Model,"2,5,3,6,4,1"
7472,Fine-Tuned Model,"4,2,6,3,5,1"
7473,Fine-Tuned Model,
7474,Fine-Tuned Model,"3,6"
7475,Fine-Tuned Model,"4,2,6,1,3,5"
7476,Fine-Tuned Model,1
7477,Fine-Tuned Model,"3,5,2,6,1,4"
7478,Fine-Tuned Model,"5,3,1,6,2,4"
7479,Fine-Tuned Model,"2,6,4,3,5,1"
7480,Fine-Tuned Model,"4,6,3,1,5,2"
7481,Fine-Tuned Model,"2,5,3,4,1,6"
7482,Fine-Tuned Model,
7483,Fine-Tuned Model,"2,4,3,5,1,6"
7484,Fine-Tuned Model,"4,2,3,5,1,6"
7485,Fine-Tuned Model,
7486,Fine-Tuned Model,"1,4,2,6,3,5"
7487,Fine-Tuned Model,"3,6,2,5,4,1"
7488,Fine-Tuned Model,
7489,Fine-Tuned Model,"6,2,5,3,1,4"
7490,Fine-Tuned Model,"1,1"
7491,Fine-Tuned Model,"2,5,1,4,3,6"
7492,Fine-Tuned Model,
7493,Fine-Tuned Model,"4,2,6,1,5,3"
7494,Fine-Tuned Model,"3,6,2,5,1,4"
7495,Fine-Tuned Model,
7496,Fine-Tuned Model,
7497,Fine-Tuned Model,"1,2,3,4,5,6"
7498,Fine-Tuned Model,
7499,Fine-Tuned Model,"1,3,5,4,2,6"
7500,Fine-Tuned Model,"4,2,6,3,1,5"
7501,Fine-Tuned Model,"3,6,2,5,1,4"
7502,Fine-Tuned Model,
7503,Fine-Tuned Model,
7504,Fine-Tuned Model,"1,6,6"
7505,Fine-Tuned Model,"1,4,6,3,2,5"
7506,Fine-Tuned Model,
7507,Fine-Tuned Model,"3,4,3,2,5"
7508,Fine-Tuned Model,"2,4,3,5,2,1"
7509,Fine-Tuned Model,"1,2,3,4,5,6"
7510,Fine-Tuned Model,"3,6,2,5,4,1"
7511,Fine-Tuned Model,
7512,Fine-Tuned Model,6
7513,Fine-Tuned Model,"6,1,6"
7514,Fine-Tuned Model,"2,4,6,1,5,3"
7515,Fine-Tuned Model,"4,2,6,3,5,1"
7516,Fine-Tuned Model,"3,5,2,1,6,4"
7517,Fine-Tuned Model,"2,5,4,3,2,1"
7518,Fine-Tuned Model,"4,2,6,3,5,1"
7519,Fine-Tuned Model,
7520,Fine-Tuned Model,"5,2,3,6,1,4"
7521,Fine-Tuned Model,"3,6,2,5,4,1"
7522,Fine-Tuned Model,
7523,Fine-Tuned Model,"4,2,3,1,6,5"
7524,Fine-Tuned Model,
7525,Fine-Tuned Model,"1,2,3,4,5,6"
7526,Fine-Tuned Model,
7527,Fine-Tuned Model,1
7528,Fine-Tuned Model,"2,4,6,3,1,5"
7529,Fine-Tuned Model,"3,4"
7530,Fine-Tuned Model,
7531,Fine-Tuned Model,
7532,Fine-Tuned Model,"2,6,3,2,5,1"
7533,Fine-Tuned Model,"3,4,2,1,6,5"
7534,Fine-Tuned Model,"2,6,3,1,5,4"
7535,Fine-Tuned Model,"5,2,4,1,6,3"
7536,Fine-Tuned Model,"6,1,6,6"
7537,Fine-Tuned Model,"4,3,2,1,6,5"
7538,Fine-Tuned Model,1
7539,Fine-Tuned Model,1
7540,Fine-Tuned Model,
7541,Fine-Tuned Model,"3,6,1,5,4,2"
7542,Fine-Tuned Model,"2,6,4,3,5,1"
7543,Fine-Tuned Model,"1,3,2,4,3,5"
7544,Fine-Tuned Model,"4,3,6,1,5,2"
7545,Fine-Tuned Model,
7546,Fine-Tuned Model,
7547,Fine-Tuned Model,"4,6,3,2,5,1"
7548,Fine-Tuned Model,"4,3,6,2,5,1"
7549,Fine-Tuned Model,"4,3,6,2,5,1"
7550,Fine-Tuned Model,
7551,Fine-Tuned Model,"4,3,2,6,5,1"
7552,Fine-Tuned Model,"5,2,6,3,4,1"
7553,Fine-Tuned Model,"1,4,2,5,3,2"
7554,Fine-Tuned Model,"3,6,2,5,4,1"
7555,Fine-Tuned Model,"1,6"
7556,Fine-Tuned Model,"4,3,1,6,2,5"
7557,Fine-Tuned Model,"1,6,3,4,5,2"
7558,Fine-Tuned Model,"1,6,1,6"
7559,Fine-Tuned Model,"6,1,6,2"
7560,Fine-Tuned Model,"3,4,2,6,5,1"
7561,Fine-Tuned Model,"5,2,6,4,3,1"
7562,Fine-Tuned Model,"4,2,6,1,3,5"
7563,Fine-Tuned Model,"5,3,1,2,6,4"
7564,Fine-Tuned Model,"1,2,3,4,5,6"
7565,Fine-Tuned Model,"4,1,2,5,2,6"
7566,Fine-Tuned Model,
7567,Fine-Tuned Model,"4,2,6,1,3,5"
7568,Fine-Tuned Model,
7569,Fine-Tuned Model,
7570,Fine-Tuned Model,"4,2,6,3,5,1"
7571,Fine-Tuned Model,
7572,Fine-Tuned Model,"1,2,3,4,5,6"
7573,Fine-Tuned Model,"4,6,3,2,6,5"
7574,Fine-Tuned Model,"6,1,6,1"
7575,Fine-Tuned Model,"4,2,3,6,5,1"
7576,Fine-Tuned Model,"3,1,5,2,4,6"
7577,Fine-Tuned Model,
7578,Fine-Tuned Model,"4,3,6,2,5,1"
7579,Fine-Tuned Model,"1,4,2,6,5,3"
7580,Fine-Tuned Model,
7581,Fine-Tuned Model,"3,2,6,5,1,4"
7582,Fine-Tuned Model,"1,6,3,2,5,4"
7583,Fine-Tuned Model,"4,2,6,1,3,5"
7584,Fine-Tuned Model,6
7585,Fine-Tuned Model,"1,5,3,6,2,4"
7586,Fine-Tuned Model,"2,3,6,4,1,5"
7587,Fine-Tuned Model,
7588,Fine-Tuned Model,"4,1,6,2,3,5"
7589,Fine-Tuned Model,"3,2,6,5,1,4"
7590,Fine-Tuned Model,
7591,Fine-Tuned Model,
7592,Fine-Tuned Model,
7593,Fine-Tuned Model,"2,6,3,5,1,4"
7594,Fine-Tuned Model,
7595,Fine-Tuned Model,6
7596,Fine-Tuned Model,"2,4,6,3,1,5"
7597,Fine-Tuned Model,"3,6,2,5,4,1"
7598,Fine-Tuned Model,
7599,Fine-Tuned Model,
7600,Fine-Tuned Model,"3,4,1,5,6,2"
7601,Fine-Tuned Model,"1,3,6,2,5,4"
7602,Fine-Tuned Model,
7603,Fine-Tuned Model,"4,2,6,1,3,5"
7604,Fine-Tuned Model,
7605,Fine-Tuned Model,"5,4,6,2,1,5"
7606,Fine-Tuned Model,"5,2,3,6,1,4"
7607,Fine-Tuned Model,"3,1,3"
7608,Fine-Tuned Model,"3,4,2,6,1,5"
7609,Fine-Tuned Model,"4,2,3,5,1,6"
7610,Fine-Tuned Model,"3,2,4,5,1,6"
7611,Fine-Tuned Model,"3,4,6,2,5,3"
7612,Fine-Tuned Model,"5,2,4,6,1,3"
7613,Fine-Tuned Model,"2,4,6,3,5,1"
7614,Fine-Tuned Model,6
7615,Fine-Tuned Model,"1,4,3,5,2,6"
7616,Fine-Tuned Model,
7617,Fine-Tuned Model,"3,6,2,5,4,1"
7618,Fine-Tuned Model,
7619,Fine-Tuned Model,"5,3,2,6,4,1"
7620,Fine-Tuned Model,6
7621,Fine-Tuned Model,"4,6,3,1,5,2"
7622,Fine-Tuned Model,"4,2,6,3,5,1"
7623,Fine-Tuned Model,"2,5,4,1,3,6"
7624,Fine-Tuned Model,"1,2,6,4,5,3"
7625,Fine-Tuned Model,
7626,Fine-Tuned Model,"4,2,6,1,3,5"
7627,Fine-Tuned Model,"4,6,2,5,1,3"
7628,Fine-Tuned Model,"3,6,2,5,4,1"
7629,Fine-Tuned Model,"1,2,5,3,6,4"
7630,Fine-Tuned Model,"6,6"
7631,Fine-Tuned Model,"4,2,5,1,6,3"
7632,Fine-Tuned Model,"4,3,6,2,1,5"
7633,Fine-Tuned Model,
7634,Fine-Tuned Model,"3,1,4,2,5,6"
7635,Fine-Tuned Model,"2,5,4,3,1,6"
7636,Fine-Tuned Model,"1,3,5,2,6,4"
7637,Fine-Tuned Model,"5,2,6,3,1,4"
7638,Fine-Tuned Model,"1,3,5,2,6,4"
7639,Fine-Tuned Model,
7640,Fine-Tuned Model,"1,3,6,2,5,4"
7641,Fine-Tuned Model,"1,6"
7642,Fine-Tuned Model,"3,2,5,6,1,4"
7643,Fine-Tuned Model,"5,3,4,1,6,2"
7644,Fine-Tuned Model,"2,3,5,2,4,6"
7645,Fine-Tuned Model,
7646,Fine-Tuned Model,
7647,Fine-Tuned Model,
7648,Fine-Tuned Model,"1,6,6"
7649,Fine-Tuned Model,"6,1"
7650,Fine-Tuned Model,"2,6,3,5,4,2"
7651,Fine-Tuned Model,
7652,Fine-Tuned Model,"4,3,5,2,6,1"
7653,Fine-Tuned Model,"3,6,2,5,4,1"
7654,Fine-Tuned Model,"4,2,6,3,1,5"
7655,Fine-Tuned Model,"3,5,2,6,1,4"
7656,Fine-Tuned Model,"1,4,2,5,3,6"
7657,Fine-Tuned Model,
7658,Fine-Tuned Model,"2,5,4,6,1,3"
7659,Fine-Tuned Model,1
7660,Fine-Tuned Model,"2,5,6,3,4,1"
7661,Fine-Tuned Model,"4,3,6,2,5,1"
7662,Fine-Tuned Model,"1,6,1,6,1,6"
7663,Fine-Tuned Model,"4,1,6,2,3,5"
7664,Fine-Tuned Model,"1,2,6,3,4,5"
7665,Fine-Tuned Model,
7666,Fine-Tuned Model,"3,6,2,5,1,4"
7667,Fine-Tuned Model,
7668,Fine-Tuned Model,
7669,Fine-Tuned Model,"5,3,2,6,1,4"
7670,Fine-Tuned Model,
7671,Fine-Tuned Model,"4,2,6,3,5,1"
7672,Fine-Tuned Model,"6,5,4,2,3,1"
7673,Fine-Tuned Model,"1,2,4,5,3,6"
7674,Fine-Tuned Model,"4,3,6,1,2,5"
7675,Fine-Tuned Model,"2,6,3,5,1,4"
7676,Fine-Tuned Model,
7677,Fine-Tuned Model,"2,5,3,1,4,6"
7678,Fine-Tuned Model,"4,2,5,3,1,6"
7679,Fine-Tuned Model,"1,2,3,4,5,6"
7680,Fine-Tuned Model,"6,1,6"
7681,Fine-Tuned Model,"5,2,3,6,4,1"
7682,Fine-Tuned Model,"1,2,4,3,5,1"
7683,Fine-Tuned Model,"2,5,1,4,3,6"
7684,Fine-Tuned Model,"3,6,2,5,1,4"
7685,Fine-Tuned Model,
7686,Fine-Tuned Model,"5,4,3,2,1,6"
7687,Fine-Tuned Model,"1,3,5,6,4,2"
7688,Fine-Tuned Model,"4,2,6,5,1,3"
7689,Fine-Tuned Model,"5,2,6,1,4,3"
7690,Fine-Tuned Model,"4,2,6,3,5,1"
7691,Fine-Tuned Model,"6,6,1,6"
7692,Fine-Tuned Model,"5,2,6,3,1,4"
7693,Fine-Tuned Model,"4,2,6,5,3,1"
7694,Fine-Tuned Model,
7695,Fine-Tuned Model,"3,6,2,5,4,1"
7696,Fine-Tuned Model,
7697,Fine-Tuned Model,
7698,Fine-Tuned Model,"1,2,3,4,5,6"
7699,Fine-Tuned Model,
7700,Fine-Tuned Model,"4,3,2,5,1,6"
7701,Fine-Tuned Model,
7702,Fine-Tuned Model,"3,5,2,6,4,1"
7703,Fine-Tuned Model,"5,6,3"
7704,Fine-Tuned Model,"1,4,2,1,4,2"
7705,Fine-Tuned Model,
7706,Fine-Tuned Model,"4,3,6,2,5,1"
7707,Fine-Tuned Model,"4,2,6,3,5,1"
7708,Fine-Tuned Model,"2,4,6,3,1,5"
7709,Fine-Tuned Model,"3,5,2,6,4,3"
7710,Fine-Tuned Model,"1,2,2,4,3,6"
7711,Fine-Tuned Model,"1,6,2,3,4,5"
7712,Fine-Tuned Model,"2,3,4,5,6"
7713,Fine-Tuned Model,"3,2,5,4,6,1"
7714,Fine-Tuned Model,"2,6,1,4,3,5"
7715,Fine-Tuned Model,"1,3,2,6,4,5"
7716,Fine-Tuned Model,"4,1,5,2,6,3"
7717,Fine-Tuned Model,"5,2,6,3,1,4"
7718,Fine-Tuned Model,
7719,Fine-Tuned Model,"4,2,6,3,1,5"
7720,Fine-Tuned Model,"5,2,6,3,1,4"
7721,Fine-Tuned Model,"4,2,6,3,5,1"
7722,Fine-Tuned Model,
7723,Fine-Tuned Model,"3,5,2,4,1,6"
7724,Fine-Tuned Model,"2,6,4,1,3,5"
7725,Fine-Tuned Model,
7726,Fine-Tuned Model,"5,4,3,6,1,2"
7727,Fine-Tuned Model,"5,3,2,6,1,4"
7728,Fine-Tuned Model,"2,5,6,4,3,1"
7729,Fine-Tuned Model,
7730,Fine-Tuned Model,
7731,Fine-Tuned Model,"3,5,2,6,4,1"
7732,Fine-Tuned Model,
7733,Fine-Tuned Model,
7734,Fine-Tuned Model,"2,5,1,4,6,3"
7735,Fine-Tuned Model,"1,2,3,1,5,6"
7736,Fine-Tuned Model,
7737,Fine-Tuned Model,"1,2,3,4,5,6"
7738,Fine-Tuned Model,
7739,Fine-Tuned Model,"3,1,2,6,4"
7740,Fine-Tuned Model,
7741,Fine-Tuned Model,"6,1,6,3,2,6"
7742,Fine-Tuned Model,6
7743,Fine-Tuned Model,"4,2,6,3,1,5"
7744,Fine-Tuned Model,"3,2,6,1,4,5"
7745,Fine-Tuned Model,"3,2,5,1,6,4"
7746,Fine-Tuned Model,"2,4,5,1,3,6"
7747,Fine-Tuned Model,"5,1,4,2,6,3"
7748,Fine-Tuned Model,"5,4,3,2,1,6"
7749,Fine-Tuned Model,"6,1,6,1"
7750,Fine-Tuned Model,"3,6,2,5,1,4"
7751,Fine-Tuned Model,"2,5,3,6,1,4"
7752,Fine-Tuned Model,"4,2,5,6,1,3"
7753,Fine-Tuned Model,"4,2,5,1,3,6"
7754,Fine-Tuned Model,"3,6,1,2,4,5"
7755,Fine-Tuned Model,"3,5,1,2,6,4"
7756,Fine-Tuned Model,
7757,Fine-Tuned Model,"1,6,6,1,3,5"
7758,Fine-Tuned Model,"6,1,2"
7759,Fine-Tuned Model,"4,2,6,3,5,1"
7760,Fine-Tuned Model,"2,5,3,6,1,4"
7761,Fine-Tuned Model,"4,3,6,2,5,1"
7762,Fine-Tuned Model,"6,3,2,5,1,4"
7763,Fine-Tuned Model,"4,1,3,6,2,5"
7764,Fine-Tuned Model,"3,2,4,5,1,6"
7765,Fine-Tuned Model,"4,2,6,3,1,5"
7766,Fine-Tuned Model,
7767,Fine-Tuned Model,"1,6"
7768,Fine-Tuned Model,"6,1,6,4,3,2"
7769,Fine-Tuned Model,
7770,Fine-Tuned Model,
7771,Fine-Tuned Model,
7772,Fine-Tuned Model,
7773,Fine-Tuned Model,"5,2,3,6,1,4"
7774,Fine-Tuned Model,
7775,Fine-Tuned Model,"4,3,1,2,6,5"
7776,Fine-Tuned Model,"2,4,6,3,1,5"
7777,Fine-Tuned Model,"6,1,6,5,3,2"
7778,Fine-Tuned Model,"1,1"
7779,Fine-Tuned Model,"3,2,6,5,1,4"
7780,Fine-Tuned Model,"1,2,3,4,5,6"
7781,Fine-Tuned Model,"1,2,3,4,5,6"
7782,Fine-Tuned Model,
7783,Fine-Tuned Model,
7784,Fine-Tuned Model,"2,4,1,5,3,6"
7785,Fine-Tuned Model,
7786,Fine-Tuned Model,"4,2,6,3,5,1"
7787,Fine-Tuned Model,"6,1,6"
7788,Fine-Tuned Model,"2,6,4,3,5,1"
7789,Fine-Tuned Model,"6,1,6"
7790,Fine-Tuned Model,"3,4,6,1,5,2"
7791,Fine-Tuned Model,"5,2,4,6,3,1"
7792,Fine-Tuned Model,"5,3,6,2,4,1"
7793,Fine-Tuned Model,"2,6,4,3,5,1"
7794,Fine-Tuned Model,"5,2,6,3,1,4"
7795,Fine-Tuned Model,"1,5,4,3,2,6"
7796,Fine-Tuned Model,"4,3,6,2,5,1"
7797,Fine-Tuned Model,"2,5,6,3,4,1"
7798,Fine-Tuned Model,"4,2,5,1,3,6"
7799,Fine-Tuned Model,"2,5,3,6,1,4"
7800,Fine-Tuned Model,"2,6,4,1,5,3"
7801,Fine-Tuned Model,"1,2,3,4,5,6"
7802,Fine-Tuned Model,
7803,Fine-Tuned Model,"2,4,6,3,1,5"
7804,Fine-Tuned Model,"3,2,5,1,4,6"
7805,Fine-Tuned Model,
7806,Fine-Tuned Model,"1,5,3,1,2,6"
7807,Fine-Tuned Model,"4,2,3,6,1,5"
7808,Fine-Tuned Model,"2,6,1,4,3,5"
7809,Fine-Tuned Model,"4,2,6,5,3,1"
7810,Fine-Tuned Model,"4,2,6,3,1,5"
7811,Fine-Tuned Model,"2,4,6,3,1,5"
7812,Fine-Tuned Model,"3,6,5,2,3,1"
7813,Fine-Tuned Model,"2,6,4,5,3"
7814,Fine-Tuned Model,"5,2,1,6,3,4"
7815,Fine-Tuned Model,"6,1,2,6,3,1"
7816,Fine-Tuned Model,"3,6,4,2,5,1"
7817,Fine-Tuned Model,"4,3,2,6,1,5"
7818,Fine-Tuned Model,"5,3,6,2,4,1"
7819,Fine-Tuned Model,"1,4,2,5,3,6"
7820,Fine-Tuned Model,"1,2,3,4,5,6"
7821,Fine-Tuned Model,"4,2,6,3,5,1"
7822,Fine-Tuned Model,"4,2,3,5,1,6"
7823,Fine-Tuned Model,"1,3,6,2,5,4"
7824,Fine-Tuned Model,"1,6,2,3,2,1"
7825,Fine-Tuned Model,
7826,Fine-Tuned Model,"2,5,3,1,6,2"
7827,Fine-Tuned Model,"1,2,3,4,5,6"
7828,Fine-Tuned Model,
7829,Fine-Tuned Model,6
7830,Fine-Tuned Model,
7831,Fine-Tuned Model,"2,4,6,5,1,3"
7832,Fine-Tuned Model,"3,5,2,6,4,1"
7833,Fine-Tuned Model,"5,3,6,2,4,1"
7834,Fine-Tuned Model,"5,2,3,6,1,4"
7835,Fine-Tuned Model,"5,3,6,2,4,1"
7836,Fine-Tuned Model,
7837,Fine-Tuned Model,"2,3,5,6,4"
7838,Fine-Tuned Model,"1,2,5,3,6,4"
7839,Fine-Tuned Model,"5,3,2,1,6,4"
7840,Fine-Tuned Model,
7841,Fine-Tuned Model,
7842,Fine-Tuned Model,
7843,Fine-Tuned Model,"1,3,4,2,5,6"
7844,Fine-Tuned Model,"4,1,2,3,5,6"
7845,Fine-Tuned Model,
7846,Fine-Tuned Model,"3,1,6,5,4,2"
7847,Fine-Tuned Model,6
7848,Fine-Tuned Model,"5,4,6,3,2,1"
7849,Fine-Tuned Model,"2,5,1,4,3,6"
7850,Fine-Tuned Model,
7851,Fine-Tuned Model,"1,4,2,6,3,2"
7852,Fine-Tuned Model,"4,3,6,2,5,1"
7853,Fine-Tuned Model,"6,3,6,2,4,5"
7854,Fine-Tuned Model,"1,4,2,2,3,6"
7855,Fine-Tuned Model,"1,3,6,3,4,5"
7856,Fine-Tuned Model,"4,2,5,6,3,1"
7857,Fine-Tuned Model,"3,6,2,5,1,4"
7858,Fine-Tuned Model,"2,5,4,6,1,3"
7859,Fine-Tuned Model,"1,2,3,4,2,6"
7860,Fine-Tuned Model,
7861,Fine-Tuned Model,"1,2,3,4,5,6"
7862,Fine-Tuned Model,"1,3,6,4,2,5"
7863,Fine-Tuned Model,"5,3,2,4,6,1"
7864,Fine-Tuned Model,"3,6,1,5,2,4"
7865,Fine-Tuned Model,"2,5,3,1,6,4"
7866,Fine-Tuned Model,"5,3,2,6,1,4"
7867,Fine-Tuned Model,"4,2,6,5,1,3"
7868,Fine-Tuned Model,"3,5,2,6,4,1"
7869,Fine-Tuned Model,"6,1,6"
7870,Fine-Tuned Model,1
7871,Fine-Tuned Model,"1,2,4,3,5,6"
7872,Fine-Tuned Model,"5,3,2,4,6,1"
7873,Fine-Tuned Model,"1,6,3,2,6,5"
7874,Fine-Tuned Model,"3,6,1,4,5,2"
7875,Fine-Tuned Model,
7876,Fine-Tuned Model,
7877,Fine-Tuned Model,1
7878,Fine-Tuned Model,
7879,Fine-Tuned Model,"3,2,5,4,6,1"
7880,Fine-Tuned Model,"2,5,6,3,1,4"
7881,Fine-Tuned Model,"1,6,6"
7882,Fine-Tuned Model,"1,6,6"
7883,Fine-Tuned Model,
7884,Fine-Tuned Model,"6,1,6"
7885,Fine-Tuned Model,"3,5,1,6,2,4"
7886,Fine-Tuned Model,"4,2,5,1,6,3"
7887,Fine-Tuned Model,"3,2,1,3"
7888,Fine-Tuned Model,"2,5,3,6,1,4"
7889,Fine-Tuned Model,
7890,Fine-Tuned Model,
7891,Fine-Tuned Model,"2,5,4,1,6,3"
7892,Fine-Tuned Model,"3,5,1,6,4,2"
7893,Fine-Tuned Model,"1,4,2,3,3,6"
7894,Fine-Tuned Model,"5,3,1,2,4"
7895,Fine-Tuned Model,"5,4,3,2,6,1"
7896,Fine-Tuned Model,"6,3,1"
7897,Fine-Tuned Model,"2,5,3,6,2,4"
7898,Fine-Tuned Model,
7899,Fine-Tuned Model,
7900,Fine-Tuned Model,
7901,Fine-Tuned Model,
7902,Fine-Tuned Model,"2,5,4,3,6,1"
7903,Fine-Tuned Model,"4,6,3,5,2,1"
7904,Fine-Tuned Model,1
7905,Fine-Tuned Model,"1,4,3,2,6,5"
7906,Fine-Tuned Model,"1,6,6,1"
7907,Fine-Tuned Model,"6,3,5,1,1,1"
7908,Fine-Tuned Model,"2,6,1,4,5,3"
7909,Fine-Tuned Model,"2,6,5,1,4,3"
7910,Fine-Tuned Model,"1,2,3,4,5,6"
7911,Fine-Tuned Model,"1,3,5,2,6,1"
7912,Fine-Tuned Model,"4,2,5,1,6,3"
7913,Fine-Tuned Model,
7914,Fine-Tuned Model,
7915,Fine-Tuned Model,"1,3,5,2,6,4"
7916,Fine-Tuned Model,"4,3,6,1,5,2"
7917,Fine-Tuned Model,"2,6,3,5,1,4"
7918,Fine-Tuned Model,"3,6,5,2,4,1"
7919,Fine-Tuned Model,"4,2,6,3,1,5"
7920,Fine-Tuned Model,"2,6,1,4,3,5"
7921,Fine-Tuned Model,
7922,Fine-Tuned Model,"1,2,5,3,6,4"
7923,Fine-Tuned Model,"3,6,2,1,4,5"
7924,Fine-Tuned Model,"1,4,2,3,3,6"
7925,Fine-Tuned Model,"1,4,2,6,3,5"
7926,Fine-Tuned Model,"3,5,2,6,1,4"
7927,Fine-Tuned Model,"3,5,2,6,4,1"
7928,Fine-Tuned Model,"1,4,2,6,3,1"
7929,Fine-Tuned Model,
7930,Fine-Tuned Model,"5,2,6,1,3,4"
7931,Fine-Tuned Model,"1,4,2,5,3,6"
7932,Fine-Tuned Model,"4,2,3,6,5,1"
7933,Fine-Tuned Model,"3,1,6,2,5,4"
7934,Fine-Tuned Model,"3,5,1,2,6,4"
7935,Fine-Tuned Model,
7936,Fine-Tuned Model,"1,2,3,4,5,6"
7937,Fine-Tuned Model,"2,5,3,6,1,4"
7938,Fine-Tuned Model,"1,4,2,6,3,5"
7939,Fine-Tuned Model,"2,5,4,3,6,1"
7940,Fine-Tuned Model,"4,2,5,3,6,1"
7941,Fine-Tuned Model,"4,2,6,3,5,1"
7942,Fine-Tuned Model,"5,3,6,2,4,1"
7943,Fine-Tuned Model,
7944,Fine-Tuned Model,"3,1,4,6,2,5"
7945,Fine-Tuned Model,"1,6,1,6,1,6"
7946,Fine-Tuned Model,"3,5,2,6,1,4"
7947,Fine-Tuned Model,"3,5,2,6,1"
7948,Fine-Tuned Model,"3,6,1,4,5,2"
7949,Fine-Tuned Model,"4,2,6,1,3,5"
7950,Fine-Tuned Model,"3,6,2,4,1,5"
7951,Fine-Tuned Model,
7952,Fine-Tuned Model,6
7953,Fine-Tuned Model,"3,5,2,6,1,4"
7954,Fine-Tuned Model,"1,3,5,2,6,4"
7955,Fine-Tuned Model,"5,2,6,1,4,3"
7956,Fine-Tuned Model,"3,6,2,5,4,1"
7957,Fine-Tuned Model,
7958,Fine-Tuned Model,"4,2,6,5,3,1"
7959,Fine-Tuned Model,
7960,Fine-Tuned Model,"4,2,6,1,5,3"
7961,Fine-Tuned Model,"3,6,5,1,4,2"
7962,Fine-Tuned Model,"1,6,3,2,4,2"
7963,Fine-Tuned Model,1
7964,Fine-Tuned Model,"2,6,3,5,4,1"
7965,Fine-Tuned Model,4
7966,Fine-Tuned Model,"1,5,3,4,2,6"
7967,Fine-Tuned Model,"1,6,6"
7968,Fine-Tuned Model,"4,3,6,2,5,1"
7969,Fine-Tuned Model,
7970,Fine-Tuned Model,"4,2,6,5,3,1"
7971,Fine-Tuned Model,"4,6,2,5,3,1"
7972,Fine-Tuned Model,"5,2,6,3,1,4"
7973,Fine-Tuned Model,
7974,Fine-Tuned Model,
7975,Fine-Tuned Model,"3,2,4,5,6,1"
7976,Fine-Tuned Model,"3,1,5,4,2,6"
7977,Fine-Tuned Model,"1,2,3,4,5,6"
7978,Fine-Tuned Model,"5,2,4,6,3,1"
7979,Fine-Tuned Model,"6,1,6"
7980,Fine-Tuned Model,"3,6,1,2,4,5"
7981,Fine-Tuned Model,"2,4,6,1,5,3"
7982,Fine-Tuned Model,
7983,Fine-Tuned Model,
7984,Fine-Tuned Model,"3,2,4,6,5,1"
7985,Fine-Tuned Model,"2,4,6,3,5,1"
7986,Fine-Tuned Model,
7987,Fine-Tuned Model,"6,1,6"
7988,Fine-Tuned Model,"4,2,6,1,5,3"
7989,Fine-Tuned Model,"3,6,1,5,3,2"
7990,Fine-Tuned Model,"4,2,6,5,3,1"
7991,Fine-Tuned Model,"3,6,1,4,2,5"
7992,Fine-Tuned Model,"3,4,2,6,5,1"
7993,Fine-Tuned Model,
7994,Fine-Tuned Model,"5,2,6,1,4,3"
7995,Fine-Tuned Model,"3,5,1,2,6,4"
7996,Fine-Tuned Model,"1,6,2,5,3,4"
7997,Fine-Tuned Model,
7998,Fine-Tuned Model,
7999,Fine-Tuned Model,"1,1,3,4,5,6"
8000,Fine-Tuned Model,"2,5,6,3,1,4"
8001,Fine-Tuned Model,"1,3,5,2,6,4"
8002,Fine-Tuned Model,"5,2,6,4,3,1"
8003,Fine-Tuned Model,
8004,Fine-Tuned Model,"5,3,2,6,1,4"
8005,Fine-Tuned Model,"4,2,6,1,3,5"
8006,Fine-Tuned Model,"1,3,6,5,2,4"
8007,Fine-Tuned Model,"5,3,4,2,6,1"
8008,Fine-Tuned Model,"5,3,2,6,1,4"
8009,Fine-Tuned Model,"3,4,2,6,5,1"
8010,Fine-Tuned Model,"3,6,2,5,4,1"
8011,Fine-Tuned Model,6
8012,Fine-Tuned Model,"4,2,5,6,1,3"
8013,Fine-Tuned Model,"1,1,6,2,1,6"
8014,Fine-Tuned Model,"4,3,6,2,5,1"
8015,Fine-Tuned Model,"5,2,6,3,1,4"
8016,Fine-Tuned Model,"2,6,1,4,3,5"
8017,Fine-Tuned Model,
8018,Fine-Tuned Model,"3,2,6,4,5,1"
8019,Fine-Tuned Model,
8020,Fine-Tuned Model,"1,3,6,4,2,5"
8021,Fine-Tuned Model,
8022,Fine-Tuned Model,"3,6,2,5,4,1"
8023,Fine-Tuned Model,"2,6,3,1,5,4"
8024,Fine-Tuned Model,"1,6,6"
8025,Fine-Tuned Model,
8026,Fine-Tuned Model,"2,3,5,1,6,4"
8027,Fine-Tuned Model,"5,3,1,6,2,4"
8028,Fine-Tuned Model,"4,2,6,3,5,1"
8029,Fine-Tuned Model,"1,6,6,1,3,5"
8030,Fine-Tuned Model,
8031,Fine-Tuned Model,"4,3,6,2,5,1"
8032,Fine-Tuned Model,"3,4,1,6,2,5"
8033,Fine-Tuned Model,"3,6,2,5,1,4"
8034,Fine-Tuned Model,"6,6"
8035,Fine-Tuned Model,
8036,Fine-Tuned Model,"4,2,6,1,5,3"
8037,Fine-Tuned Model,"2,5,4,3,1,6"
8038,Fine-Tuned Model,"4,2,5,1,3,6"
8039,Fine-Tuned Model,
8040,Fine-Tuned Model,
8041,Fine-Tuned Model,"2,6,5,3,1,4"
8042,Fine-Tuned Model,
8043,Fine-Tuned Model,"4,6,3,2,5,1"
8044,Fine-Tuned Model,"3,5,2,6,1,4"
8045,Fine-Tuned Model,
8046,Fine-Tuned Model,"3,6,2,5,4,1"
8047,Fine-Tuned Model,1
8048,Fine-Tuned Model,"2,4,3,6,5,1"
8049,Fine-Tuned Model,"3,2,5,1,4,6"
8050,Fine-Tuned Model,"5,3,2,6,1,4"
8051,Fine-Tuned Model,"4,3,2,5,6,1"
8052,Fine-Tuned Model,"3,5,2,6,4,1"
8053,Fine-Tuned Model,"3,5,1,6,4,2"
8054,Fine-Tuned Model,"4,2,6,5,1,3"
8055,Fine-Tuned Model,
8056,Fine-Tuned Model,6
8057,Fine-Tuned Model,"4,2,3,6,5,1"
8058,Fine-Tuned Model,
8059,Fine-Tuned Model,"3,5,2,6,4,1"
8060,Fine-Tuned Model,"1,6,1,6,1"
8061,Fine-Tuned Model,"1,2,3,4,5,6"
8062,Fine-Tuned Model,"4,3,1,6,2,5"
8063,Fine-Tuned Model,"1,2,3,4,5,6"
8064,Fine-Tuned Model,"4,2,6,3,5,1"
8065,Fine-Tuned Model,
8066,Fine-Tuned Model,"1,4,2,5,3,6"
8067,Fine-Tuned Model,"3,6,1,5,4,2"
8068,Fine-Tuned Model,"3,5,2,6,1,4"
8069,Fine-Tuned Model,"1,4,2,3,5,6"
8070,Fine-Tuned Model,"5,2,6,4,1,3"
8071,Fine-Tuned Model,
8072,Fine-Tuned Model,"1,4,6,2,5,3"
8073,Fine-Tuned Model,"3,2,4,6,1,5"
8074,Fine-Tuned Model,"1,3,2,6,3,1"
8075,Fine-Tuned Model,"5,2,6,1,3,4"
8076,Fine-Tuned Model,"5,2,6,1,4,3"
8077,Fine-Tuned Model,"3,5,2,6,4,1"
8078,Fine-Tuned Model,"1,3,2,6,5,4"
8079,Fine-Tuned Model,"1,4,2,5,3,6"
8080,Fine-Tuned Model,"3,6,4,1,5,2"
8081,Fine-Tuned Model,
8082,Fine-Tuned Model,
8083,Fine-Tuned Model,"1,2,6"
8084,Fine-Tuned Model,
8085,Fine-Tuned Model,"3,6,5,2,4,1"
8086,Fine-Tuned Model,
8087,Fine-Tuned Model,
8088,Fine-Tuned Model,"1,3,4,2,5,3"
8089,Fine-Tuned Model,
8090,Fine-Tuned Model,
8091,Fine-Tuned Model,"3,6,2,5,4,1"
8092,Fine-Tuned Model,"1,6,6"
8093,Fine-Tuned Model,"4,2,5,6,1,3"
8094,Fine-Tuned Model,"4,2,6,3,5,1"
8095,Fine-Tuned Model,
8096,Fine-Tuned Model,"4,6,3,5,2,1"
8097,Fine-Tuned Model,
8098,Fine-Tuned Model,"3,6,2,5,4,1"
8099,Fine-Tuned Model,"4,1,5,2,6,3"
8100,Fine-Tuned Model,"1,2,3,4,5,6"
8101,Fine-Tuned Model,"4,3,6,2,5,1"
8102,Fine-Tuned Model,"5,2,6,1,3,4"
8103,Fine-Tuned Model,"1,2,5,3,6,1"
8104,Fine-Tuned Model,"4,4,1,6,6,4"
8105,Fine-Tuned Model,
8106,Fine-Tuned Model,"3,2,6,1,5,4"
8107,Fine-Tuned Model,"1,6"
8108,Fine-Tuned Model,"1,6,1,6,1,6"
8109,Fine-Tuned Model,
8110,Fine-Tuned Model,"3,2,6,1,4,5"
8111,Fine-Tuned Model,"4,3,6,2,5,1"
8112,Fine-Tuned Model,"3,6,5,1,2,4"
8113,Fine-Tuned Model,"4,1,6,5,2,3"
8114,Fine-Tuned Model,"4,2,6,1,3,5"
8115,Fine-Tuned Model,
8116,Fine-Tuned Model,
8117,Fine-Tuned Model,"6,1,6"
8118,Fine-Tuned Model,"5,2,6,3,1,4"
8119,Fine-Tuned Model,"4,2,6,1,5,3"
8120,Fine-Tuned Model,"2,6,4,5,1,3"
8121,Fine-Tuned Model,"4,2,6,1,5,3"
8122,Fine-Tuned Model,"1,2,3,4,5,6"
8123,Fine-Tuned Model,"2,5,6,1,3,4"
8124,Fine-Tuned Model,"4,2,6,3,1,5"
8125,Fine-Tuned Model,"1,2,3,4,5,6"
8126,Fine-Tuned Model,"4,6,2,5,3,1"
8127,Fine-Tuned Model,"5,2,6,4,1,3"
8128,Fine-Tuned Model,"5,2,6,3,1,4"
8129,Fine-Tuned Model,"2,5,4,1,3,6"
8130,Fine-Tuned Model,"3,4,2,5,6,1"
8131,Fine-Tuned Model,"4,2,3,5,6,1"
8132,Fine-Tuned Model,"3,6,5,2,1,4"
8133,Fine-Tuned Model,"1,4,6"
8134,Fine-Tuned Model,"1,2,3,4,5,6"
8135,Fine-Tuned Model,"4,1,6,2,5,3"
8136,Fine-Tuned Model,
8137,Fine-Tuned Model,"1,3,5,2,6,4"
8138,Fine-Tuned Model,"5,3,6,2,4,1"
8139,Fine-Tuned Model,"5,2,6,4,3,1"
8140,Fine-Tuned Model,"5,3,2,6,1,4"
8141,Fine-Tuned Model,
8142,Fine-Tuned Model,"3,6,5,2,3,5"
8143,Fine-Tuned Model,
8144,Fine-Tuned Model,"1,4,6,2,5,3"
8145,Fine-Tuned Model,"4,2,3,6,5,1"
8146,Fine-Tuned Model,"3,2,6,5,4,1"
8147,Fine-Tuned Model,"1,6"
8148,Fine-Tuned Model,"4,3,5,2,6,1"
8149,Fine-Tuned Model,
8150,Fine-Tuned Model,"2,6,4,1,3,5"
8151,Fine-Tuned Model,"2,3,6,1,4,5"
8152,Fine-Tuned Model,"3,6,2,5,4,1"
8153,Fine-Tuned Model,"3,5,2,6,4,1"
8154,Fine-Tuned Model,"4,3,6,2,5,1"
8155,Fine-Tuned Model,"4,2,6,3,1,5"
8156,Fine-Tuned Model,
8157,Fine-Tuned Model,
8158,Fine-Tuned Model,"2,4,1,6,3,5"
8159,Fine-Tuned Model,
8160,Fine-Tuned Model,"3,5,4,6,2,1"
8161,Fine-Tuned Model,"5,2,4,6,1,3"
8162,Fine-Tuned Model,
8163,Fine-Tuned Model,
8164,Fine-Tuned Model,"3,4,2,5,1,6"
8165,Fine-Tuned Model,"4,2,6,3,5,1"
8166,Fine-Tuned Model,
8167,Fine-Tuned Model,"2,3"
8168,Fine-Tuned Model,"3,6,5,2,4,1"
8169,Fine-Tuned Model,1
8170,Fine-Tuned Model,"6,4,3,2,5,1"
8171,Fine-Tuned Model,"4,2,6,3,5,1"
8172,Fine-Tuned Model,
8173,Fine-Tuned Model,"1,1,6,2,1,6"
8174,Fine-Tuned Model,"4,2,5"
8175,Fine-Tuned Model,"3,6,4,5,2,1"
8176,Fine-Tuned Model,"3,6,2,5,1,4"
8177,Fine-Tuned Model,"3,6,2,5,4"
8178,Fine-Tuned Model,
8179,Fine-Tuned Model,"5,3,2,6,1,4"
8180,Fine-Tuned Model,"1,2,6,5,4,3"
8181,Fine-Tuned Model,"1,6,6,3,5,2"
8182,Fine-Tuned Model,"3,6,2,5,1,4"
8183,Fine-Tuned Model,"6,1,6,4,1,3"
8184,Fine-Tuned Model,"1,5,2,6,3,4"
8185,Fine-Tuned Model,
8186,Fine-Tuned Model,"2,4,6,3,5,1"
8187,Fine-Tuned Model,
8188,Fine-Tuned Model,"1,5,2,4,6,3"
8189,Fine-Tuned Model,"3,5,2,1,4,6"
8190,Fine-Tuned Model,"1,3,2,6,4,5"
8191,Fine-Tuned Model,1
8192,Fine-Tuned Model,"2,6,4,3,5,1"
8193,Fine-Tuned Model,"3,1,5,2,4,6"
8194,Fine-Tuned Model,1
8195,Fine-Tuned Model,"3,1,5,4,2,6"
8196,Fine-Tuned Model,"1,3,6,2,5,4"
8197,Fine-Tuned Model,
8198,Fine-Tuned Model,"2,6,1,5,3,4"
8199,Fine-Tuned Model,
8200,Fine-Tuned Model,
8201,Fine-Tuned Model,"3,6,2,4,5,1"
8202,Fine-Tuned Model,"1,4,3,5,2,6"
8203,Fine-Tuned Model,
8204,Fine-Tuned Model,
8205,Fine-Tuned Model,"1,4,3,6,2,5"
8206,Fine-Tuned Model,
8207,Fine-Tuned Model,"1,3,2,6,4,5"
8208,Fine-Tuned Model,"4,2,6,1,5,3"
8209,Fine-Tuned Model,"2,6,4,5,1,3"
8210,Fine-Tuned Model,"4,3,2,5,6,1"
8211,Fine-Tuned Model,"2,5,4,3,6,1"
8212,Fine-Tuned Model,"4,2,6,3,5,1"
8213,Fine-Tuned Model,"4,2,5,6,1,3"
8214,Fine-Tuned Model,
8215,Fine-Tuned Model,"2,5,4,3,6,1"
8216,Fine-Tuned Model,"4,2,6,1,5,3"
8217,Fine-Tuned Model,
8218,Fine-Tuned Model,"3,6"
8219,Fine-Tuned Model,"4,2,6,5,1,3"
8220,Fine-Tuned Model,"4,2,6,5,1,3"
8221,Fine-Tuned Model,"3,5,1,4,2,6"
8222,Fine-Tuned Model,"4,2,6,3,5,1"
8223,Fine-Tuned Model,"4,2,6,5,1,3"
8224,Fine-Tuned Model,"2,5,1,6,3,4"
8225,Fine-Tuned Model,"3,1,5"
8226,Fine-Tuned Model,
8227,Fine-Tuned Model,"4,3,1,5,2,6"
8228,Fine-Tuned Model,
8229,Fine-Tuned Model,"1,6,6"
8230,Fine-Tuned Model,"1,6"
8231,Fine-Tuned Model,
8232,Fine-Tuned Model,"2,5,3,4,6"
8233,Fine-Tuned Model,"4,1,6,5,3,2"
8234,Fine-Tuned Model,"3,6,4,5,2,1"
8235,Fine-Tuned Model,"4,3,2,5,6,1"
8236,Fine-Tuned Model,"3,1,2,6,4,5"
8237,Fine-Tuned Model,
8238,Fine-Tuned Model,"4,2,6,5,1,3"
8239,Fine-Tuned Model,"5,2,1,6,3,4"
8240,Fine-Tuned Model,
8241,Fine-Tuned Model,
8242,Fine-Tuned Model,
8243,Fine-Tuned Model,"1,5,2,3,3,6"
8244,Fine-Tuned Model,
8245,Fine-Tuned Model,"1,3,2,6,4,5"
8246,Fine-Tuned Model,"5,3,6,1,4,2"
8247,Fine-Tuned Model,
8248,Fine-Tuned Model,"3,6,2,5,4,1"
8249,Fine-Tuned Model,"3,6,2,5,1,4"
8250,Fine-Tuned Model,"3,4,2,6,5,1"
8251,Fine-Tuned Model,"4,6,3,2,5,1"
8252,Fine-Tuned Model,
8253,Fine-Tuned Model,"2,5,1,3,6,4"
8254,Fine-Tuned Model,
8255,Fine-Tuned Model,
8256,Fine-Tuned Model,"5,3,6,2,4,1"
8257,Fine-Tuned Model,6
8258,Fine-Tuned Model,"4,2,5,6,3,1"
8259,Fine-Tuned Model,"3,4,2,1,6,5"
8260,Fine-Tuned Model,"3,1,5,4,2,6"
8261,Fine-Tuned Model,"1,2,4,6,3,5"
8262,Fine-Tuned Model,
8263,Fine-Tuned Model,
8264,Fine-Tuned Model,"5,3,6,2,4,5"
8265,Fine-Tuned Model,"5,3,2,4,1,6"
8266,Fine-Tuned Model,"4,2,6,3,5,1"
8267,Fine-Tuned Model,
8268,Fine-Tuned Model,"3,6,2,5,1,4"
8269,Fine-Tuned Model,
8270,Fine-Tuned Model,
8271,Fine-Tuned Model,
8272,Fine-Tuned Model,"1,5,4,2,3,6"
8273,Fine-Tuned Model,"2,5,3,1,6,4"
8274,Fine-Tuned Model,"3,6,5,2,6,1"
8275,Fine-Tuned Model,"3,5,1,4,6,2"
8276,Fine-Tuned Model,
8277,Fine-Tuned Model,"1,3,4,2,6,5"
8278,Fine-Tuned Model,"6,1,6"
8279,Fine-Tuned Model,"1,2,3,4,5,6"
8280,Fine-Tuned Model,6
8281,Fine-Tuned Model,"3,2,4,1,6,5"
8282,Fine-Tuned Model,"3,5,2,6,4,1"
8283,Fine-Tuned Model,"4,2,6,3,5,1"
8284,Fine-Tuned Model,"6,3"
8285,Fine-Tuned Model,"3,6,2,5,4,1"
8286,Fine-Tuned Model,"4,2,6,3,5,1"
8287,Fine-Tuned Model,"4,2,6,3,5,1"
8288,Fine-Tuned Model,"3,1,4,2,5,6"
8289,Fine-Tuned Model,
8290,Fine-Tuned Model,"3,4,6,2,5,1"
8291,Fine-Tuned Model,"4,2,6,1,3,5"
8292,Fine-Tuned Model,"5,2,4,3,6,1"
8293,Fine-Tuned Model,"4,2,6,1,5,3"
8294,Fine-Tuned Model,
8295,Fine-Tuned Model,"4,2,3,6,1,5"
8296,Fine-Tuned Model,"1,4,2,6,3,5"
8297,Fine-Tuned Model,"4,2,3,5,6,1"
8298,Fine-Tuned Model,"2,6,4,3,5,1"
8299,Fine-Tuned Model,"5,2,3,4,1,6"
8300,Fine-Tuned Model,
8301,Fine-Tuned Model,"4,2,6,3,5,1"
8302,Fine-Tuned Model,"4,3,6,5,2,1"
8303,Fine-Tuned Model,"5,3,1,2,4,6"
8304,Fine-Tuned Model,"3,4,5,1"
8305,Fine-Tuned Model,"3,5,1,4,2,6"
8306,Fine-Tuned Model,"5,3,2,6,4,1"
8307,Fine-Tuned Model,"2,4,6,5,3,1"
8308,Fine-Tuned Model,"3,2,5,1,6,4"
8309,Fine-Tuned Model,"3,2,6,5,1,4"
8310,Fine-Tuned Model,"3,1,6,2,4,5"
8311,Fine-Tuned Model,
8312,Fine-Tuned Model,"5,2,3,6,1,4"
8313,Fine-Tuned Model,"1,2,6,3,5,4"
8314,Fine-Tuned Model,"5,3,6,1,4,2"
8315,Fine-Tuned Model,"6,1,6,4,2,6"
8316,Fine-Tuned Model,"4,2,6,5,1,3"
8317,Fine-Tuned Model,
8318,Fine-Tuned Model,"1,6,6,1,1,2"
8319,Fine-Tuned Model,
8320,Fine-Tuned Model,"4,2,5,3,1,6"
8321,Fine-Tuned Model,"2,6,4,3,1,5"
8322,Fine-Tuned Model,"6,1,6,5,3,2"
8323,Fine-Tuned Model,"1,5,2,2,3,6"
8324,Fine-Tuned Model,"3,2,6,5,1,4"
8325,Fine-Tuned Model,"2,4,6,3,5,1"
8326,Fine-Tuned Model,"1,4,2,2,3,6"
8327,Fine-Tuned Model,"3,2,6,5,4,1"
8328,Fine-Tuned Model,"6,2,3,1,5,4"
8329,Fine-Tuned Model,"5,1,3,4,2,6"
8330,Fine-Tuned Model,
8331,Fine-Tuned Model,
8332,Fine-Tuned Model,"5,3,6,2,1,4"
8333,Fine-Tuned Model,
8334,Fine-Tuned Model,
8335,Fine-Tuned Model,1
8336,Fine-Tuned Model,
8337,Fine-Tuned Model,"2,5,3,1,4,6"
8338,Fine-Tuned Model,"2,4,6,1,5,3"
8339,Fine-Tuned Model,"3,6,2,5,1,4"
8340,Fine-Tuned Model,"1,4,3,2,6,5"
8341,Fine-Tuned Model,"3,5,2,6,1,4"
8342,Fine-Tuned Model,"2,6,3,1,5,4"
8343,Fine-Tuned Model,"4,6,2,5,3,1"
8344,Fine-Tuned Model,"1,2,3,4,5,6"
8345,Fine-Tuned Model,"2,6,3,5,4,1"
8346,Fine-Tuned Model,
8347,Fine-Tuned Model,"1,2,3,4,5"
8348,Fine-Tuned Model,"6,4,2,3,5,1"
8349,Fine-Tuned Model,
8350,Fine-Tuned Model,"1,4,5,3,6,2"
8351,Fine-Tuned Model,"3,6,5,4,2,1"
8352,Fine-Tuned Model,"4,2,5,3,6,1"
8353,Fine-Tuned Model,"4,2,6,3,1,5"
8354,Fine-Tuned Model,
8355,Fine-Tuned Model,"2,4,6,1,5,3"
8356,Fine-Tuned Model,
8357,Fine-Tuned Model,"2,3,1,4,5,6"
8358,Fine-Tuned Model,
8359,Fine-Tuned Model,
8360,Fine-Tuned Model,"3,6,1,2,5,4"
8361,Fine-Tuned Model,"4,2,6,1,5,3"
8362,Fine-Tuned Model,"4,2,5,6,1,3"
8363,Fine-Tuned Model,"2,4,6,3,5,1"
8364,Fine-Tuned Model,"5,2,4,3"
8365,Fine-Tuned Model,"3,2,6,1,4,5"
8366,Fine-Tuned Model,"2,5,6,1,3,4"
8367,Fine-Tuned Model,"3,6,2,5,4,1"
8368,Fine-Tuned Model,"1,6,3,4,5,6"
8369,Fine-Tuned Model,"1,5,2,6,3,4"
8370,Fine-Tuned Model,"5,2,6,1,4,3"
8371,Fine-Tuned Model,"2,6,4,5,1,3"
8372,Fine-Tuned Model,"3,6,2,5,1"
8373,Fine-Tuned Model,"5,2,6,1,3,4"
8374,Fine-Tuned Model,"3,6,2,5,4,1"
8375,Fine-Tuned Model,"6,1,6,1,6,1"
8376,Fine-Tuned Model,"4,2,6,5,3,1"
8377,Fine-Tuned Model,"3,6,1,4,5,2"
8378,Fine-Tuned Model,"3,1,6,4,5,2"
8379,Fine-Tuned Model,"2,5,3,6,1,4"
8380,Fine-Tuned Model,
8381,Fine-Tuned Model,"2,4,6,3,1,5"
8382,Fine-Tuned Model,"1,2,3,4,5,6"
8383,Fine-Tuned Model,"1,3,5,2,6,4"
8384,Fine-Tuned Model,"1,6,2,4,3,5"
8385,Fine-Tuned Model,"1,4,6,2,5,3"
8386,Fine-Tuned Model,
8387,Fine-Tuned Model,"3,6,2,5,4,1"
8388,Fine-Tuned Model,
8389,Fine-Tuned Model,"1,3,5,1,4,2"
8390,Fine-Tuned Model,"3,6,2,5,1,4"
8391,Fine-Tuned Model,"1,4,2,3,5,6"
8392,Fine-Tuned Model,
8393,Fine-Tuned Model,"1,2,3,4,5,6"
8394,Fine-Tuned Model,"3,6,2,5,4,1"
8395,Fine-Tuned Model,"1,6,6"
8396,Fine-Tuned Model,
8397,Fine-Tuned Model,"3,2,5,4,6,1"
8398,Fine-Tuned Model,"3,1,6,4,2,5"
8399,Fine-Tuned Model,"3,1,2,5,4,6"
8400,Fine-Tuned Model,6
8401,Fine-Tuned Model,"6,3,5,2,1,4"
8402,Fine-Tuned Model,"5,2,1,6,4,3"
8403,Fine-Tuned Model,"6,1,6"
8404,Fine-Tuned Model,
8405,Fine-Tuned Model,"4,2,6,3,5,1"
8406,Fine-Tuned Model,"1,6,1,6,1,6"
8407,Fine-Tuned Model,"1,3,5,2,6,4"
8408,Fine-Tuned Model,
8409,Fine-Tuned Model,
8410,Fine-Tuned Model,"4,2,6,1,5,3"
8411,Fine-Tuned Model,"1,2,3,4,5,6"
8412,Fine-Tuned Model,"2,5,4,6,3,1"
8413,Fine-Tuned Model,"5,2,3,1,6,4"
8414,Fine-Tuned Model,
8415,Fine-Tuned Model,"5,2,6,3,1,4"
8416,Fine-Tuned Model,"2,4,1,6,3,5"
8417,Fine-Tuned Model,"4,1,6,2,5,3"
8418,Fine-Tuned Model,"6,2,5,1,3,6"
8419,Fine-Tuned Model,
8420,Fine-Tuned Model,"4,2,6,5,1,3"
8421,Fine-Tuned Model,"2,4,6,3,5,1"
8422,Fine-Tuned Model,"1,3,5,2,6,4"
8423,Fine-Tuned Model,"5,2,6,3,4,1"
8424,Fine-Tuned Model,
8425,Fine-Tuned Model,"3,6,2,5,1,4"
8426,Fine-Tuned Model,"1,6,1,6,1,6"
8427,Fine-Tuned Model,
8428,Fine-Tuned Model,
8429,Fine-Tuned Model,
8430,Fine-Tuned Model,"2,5,3,4,2,6"
8431,Fine-Tuned Model,"4,2,6,5,1,3"
8432,Fine-Tuned Model,"3,5,1,4,3,2"
8433,Fine-Tuned Model,"3,6,2,5,4,1"
8434,Fine-Tuned Model,
8435,Fine-Tuned Model,"2,4,6,3,1,5"
8436,Fine-Tuned Model,"4,2,3,5,1,6"
8437,Fine-Tuned Model,"5,2,6,3,1,4"
8438,Fine-Tuned Model,"1,2,5,4,3,6"
8439,Fine-Tuned Model,"4,3,6,1,5"
8440,Fine-Tuned Model,"3,6,2,5,1,4"
8441,Fine-Tuned Model,"3,5,2,6,3,6"
8442,Fine-Tuned Model,
8443,Fine-Tuned Model,"4,2,6,1,3,5"
8444,Fine-Tuned Model,"5,3,6,2,4,1"
8445,Fine-Tuned Model,"4,2,6,3,1,5"
8446,Fine-Tuned Model,
8447,Fine-Tuned Model,"2,5,4,3,6,1"
8448,Fine-Tuned Model,"5,2,4,1,3,6"
8449,Fine-Tuned Model,"3,4,6,2,5,1"
8450,Fine-Tuned Model,"1,6"
8451,Fine-Tuned Model,"1,3,5,2,6,4"
8452,Fine-Tuned Model,"5,2,3,4,6,1"
8453,Fine-Tuned Model,"1,3,4,2,6,5"
8454,Fine-Tuned Model,"2,6,5,1,4,3"
8455,Fine-Tuned Model,"1,6,3,6,4,2"
8456,Fine-Tuned Model,"4,6,2,3,5,1"
8457,Fine-Tuned Model,
8458,Fine-Tuned Model,"6,3,2,4,5,1"
8459,Fine-Tuned Model,"4,2,6,1,5,3"
8460,Fine-Tuned Model,"3,1,4,6,2,5"
8461,Fine-Tuned Model,
8462,Fine-Tuned Model,"4,2,5,3,6,1"
8463,Fine-Tuned Model,"4,2,6,1,3,5"
8464,Fine-Tuned Model,
8465,Fine-Tuned Model,"5,4,6,3,2,1"
8466,Fine-Tuned Model,"3,1,6,4,2,5"
8467,Fine-Tuned Model,"4,2,6,3,1,5"
8468,Fine-Tuned Model,
8469,Fine-Tuned Model,"1,3,5,2,4,6"
8470,Fine-Tuned Model,
8471,Fine-Tuned Model,"2,5"
8472,Fine-Tuned Model,"4,3,6,2,5,1"
8473,Fine-Tuned Model,"1,3,4,5,2,6"
8474,Fine-Tuned Model,"2,6,4,3,1,5"
8475,Fine-Tuned Model,
8476,Fine-Tuned Model,"4,2,5,6,1,3"
8477,Fine-Tuned Model,
8478,Fine-Tuned Model,"5,3,4,2,6,5"
8479,Fine-Tuned Model,"3,1,6,2,5,4"
8480,Fine-Tuned Model,
8481,Fine-Tuned Model,"3,6,2,5,4,1"
8482,Fine-Tuned Model,"3,5,2,6,1,4"
8483,Fine-Tuned Model,
8484,Fine-Tuned Model,"1,6,6,1"
8485,Fine-Tuned Model,"2,4,5,3,1,6"
8486,Fine-Tuned Model,
8487,Fine-Tuned Model,"3,6,4,2,5,1"
8488,Fine-Tuned Model,
8489,Fine-Tuned Model,"5,3,6,4,2,1"
8490,Fine-Tuned Model,
8491,Fine-Tuned Model,"1,2,4,5,3,6"
8492,Fine-Tuned Model,"4,2,6,5,1,3"
8493,Fine-Tuned Model,"3,2,4,5,1,3"
8494,Fine-Tuned Model,"3,6,2,5,1,4"
8495,Fine-Tuned Model,"3,6,2,5,1,4"
8496,Fine-Tuned Model,"1,6,1,2,6,3"
8497,Fine-Tuned Model,"4,2,6,5,1,3"
8498,Fine-Tuned Model,6
8499,Fine-Tuned Model,"2,5,4,3,6,1"
8500,Fine-Tuned Model,"1,4,2"
8501,Fine-Tuned Model,"4,6,2,5,3,1"
8502,Fine-Tuned Model,"3,1,6,4,2,5"
8503,Fine-Tuned Model,"2,5,3,6,4,1"
8504,Fine-Tuned Model,
8505,Fine-Tuned Model,"3,2,6,1,5,4"
8506,Fine-Tuned Model,"3,2,4,5"
8507,Fine-Tuned Model,"2,6,4,1,3,5"
8508,Fine-Tuned Model,"2,6,3,4,5,1"
8509,Fine-Tuned Model,"4,2,6,1,5,3"
8510,Fine-Tuned Model,"4,5,2,6,1,5"
8511,Fine-Tuned Model,"4,2,5,1,6,3"
8512,Fine-Tuned Model,"1,4,2,3,6,5"
8513,Fine-Tuned Model,"3,6,2,5,1,4"
8514,Fine-Tuned Model,"5,2,6,3,1,4"
8515,Fine-Tuned Model,"3,4,2,5,1,6"
8516,Fine-Tuned Model,"3,2,6,5,1"
8517,Fine-Tuned Model,"1,3,5,2,6,4"
8518,Fine-Tuned Model,"1,6,6"
8519,Fine-Tuned Model,
8520,Fine-Tuned Model,
8521,Fine-Tuned Model,"3,2,4,6,5,1"
8522,Fine-Tuned Model,
8523,Fine-Tuned Model,"4,6,2,3,5,1"
8524,Fine-Tuned Model,
8525,Fine-Tuned Model,"3,6,4,2,5,1"
8526,Fine-Tuned Model,"1,2,5,4,1,3"
8527,Fine-Tuned Model,"1,6,2,5,1,4"
8528,Fine-Tuned Model,"3,2,4,5,2,6"
8529,Fine-Tuned Model,"1,2,4,5,3,6"
8530,Fine-Tuned Model,"3,6,4,2,5,1"
8531,Fine-Tuned Model,
8532,Fine-Tuned Model,"3,6,5,2,4,1"
8533,Fine-Tuned Model,"3,5,1,3,2,6"
8534,Fine-Tuned Model,"4,2,6,5,3,1"
8535,Fine-Tuned Model,"3,6,2,5,4,1"
8536,Fine-Tuned Model,"2,6,3,5,1,4"
8537,Fine-Tuned Model,
8538,Fine-Tuned Model,"3,6,2,5,1,4"
8539,Fine-Tuned Model,
8540,Fine-Tuned Model,"5,3,2,6,4,1"
8541,Fine-Tuned Model,"1,6,6"
8542,Fine-Tuned Model,"3,6,4,1,2,5"
8543,Fine-Tuned Model,"3,1,6,2,5,4"
8544,Fine-Tuned Model,"1,5,3,4,2,6"
8545,Fine-Tuned Model,"3,6,1,5,4,2"
8546,Fine-Tuned Model,
8547,Fine-Tuned Model,"6,1,6"
8548,Fine-Tuned Model,"2,5,4,3,6,1"
8549,Fine-Tuned Model,
8550,Fine-Tuned Model,"2,6,5,3,4,1"
8551,Fine-Tuned Model,"4,2,6,3,1,5"
8552,Fine-Tuned Model,"4,2,5,1,3,6"
8553,Fine-Tuned Model,"2,5,4,1,6,3"
8554,Fine-Tuned Model,"2,6,4,3,5,1"
8555,Fine-Tuned Model,"3,5,2,4,1,6"
8556,Fine-Tuned Model,"2,5,3,1,4,6"
8557,Fine-Tuned Model,"1,3,6,2,5,4"
8558,Fine-Tuned Model,
8559,Fine-Tuned Model,
8560,Fine-Tuned Model,"1,5,4,6,3,2"
8561,Fine-Tuned Model,"4,6,2,3,5,1"
8562,Fine-Tuned Model,"5,3,2,6,1,4"
8563,Fine-Tuned Model,"3,6,2,1,4,5"
8564,Fine-Tuned Model,"5,3,6,2,1,4"
8565,Fine-Tuned Model,"4,2,5,3,1,6"
8566,Fine-Tuned Model,"2,5,3,6,4,1"
8567,Fine-Tuned Model,
8568,Fine-Tuned Model,
8569,Fine-Tuned Model,"1,1,3,2,6"
8570,Fine-Tuned Model,"4,3,5,2,6,1"
8571,Fine-Tuned Model,"2,4,6,1,3,5"
8572,Fine-Tuned Model,"4,2,6,1,5,3"
8573,Fine-Tuned Model,
8574,Fine-Tuned Model,"1,6,6,1"
8575,Fine-Tuned Model,"2,6,3,1,4,5"
8576,Fine-Tuned Model,
8577,Fine-Tuned Model,"6,2,5,3,6,1"
8578,Fine-Tuned Model,"1,6,3,1,6,6"
8579,Fine-Tuned Model,
8580,Fine-Tuned Model,"3,1,6,2,5,4"
8581,Fine-Tuned Model,"3,6,2,5,1,4"
8582,Fine-Tuned Model,"3,2,6,4,5,1"
8583,Fine-Tuned Model,"1,4,3,2,5,6"
8584,Fine-Tuned Model,"6,1,6"
8585,Fine-Tuned Model,"1,4,6,3,5,2"
8586,Fine-Tuned Model,"1,2,3,6,2,4"
8587,Fine-Tuned Model,"2,5,1,4,6,3"
8588,Fine-Tuned Model,"3,5,2,4,6,1"
8589,Fine-Tuned Model,"1,2,5,6,4,3"
8590,Fine-Tuned Model,"2,5,6,3,1,4"
8591,Fine-Tuned Model,"1,3,5,2,6,4"
8592,Fine-Tuned Model,"5,3,6,2,4,1"
8593,Fine-Tuned Model,"3,4,2,5,1,6"
8594,Fine-Tuned Model,"4,2,6,1,5,3"
8595,Fine-Tuned Model,
8596,Fine-Tuned Model,"2,4,6,1,3,5"
8597,Fine-Tuned Model,"1,3,2,6,3,2"
8598,Fine-Tuned Model,"4,2,5,3,6,1"
8599,Fine-Tuned Model,"2,4,5,1,3,6"
8600,Fine-Tuned Model,"3,6,1,2,4,5"
8601,Fine-Tuned Model,"1,3,4,2,6,5"
8602,Fine-Tuned Model,"1,3,2,6,4,5"
8603,Fine-Tuned Model,"1,2,3,4,5,6"
8604,Fine-Tuned Model,"3,2,6,5,1,4"
8605,Fine-Tuned Model,
8606,Fine-Tuned Model,"3,4,2,5,1,6"
8607,Fine-Tuned Model,"2,4,3,1,6,5"
8608,Fine-Tuned Model,"1,2,5,6,3,4"
8609,Fine-Tuned Model,
8610,Fine-Tuned Model,"4,3,1,6,5,2"
8611,Fine-Tuned Model,"4,6,2,5,1,3"
8612,Fine-Tuned Model,"3,5,1,4,6,2"
8613,Fine-Tuned Model,
8614,Fine-Tuned Model,"4,2,5,6,3,1"
8615,Fine-Tuned Model,
8616,Fine-Tuned Model,"4,3,2,6,5,1"
8617,Fine-Tuned Model,"3,4,5,2,6,1"
8618,Fine-Tuned Model,"4,2,6,1,3,5"
8619,Fine-Tuned Model,"4,2,5,6,3,1"
8620,Fine-Tuned Model,"1,2,3,4,5,6"
8621,Fine-Tuned Model,
8622,Fine-Tuned Model,"1,6,3,2,5,4"
8623,Fine-Tuned Model,
8624,Fine-Tuned Model,"2,6,5,4,3,1"
8625,Fine-Tuned Model,"1,4,5,3,2,6"
8626,Fine-Tuned Model,"1,2,3,4,5,6"
8627,Fine-Tuned Model,"1,2,5,6,3,1"
8628,Fine-Tuned Model,"4,2,6,5,3"
8629,Fine-Tuned Model,"4,3,6,2,5,1"
8630,Fine-Tuned Model,
8631,Fine-Tuned Model,"1,6,6,6,6,1"
8632,Fine-Tuned Model,
8633,Fine-Tuned Model,
8634,Fine-Tuned Model,"3,2,5,4,3,1"
8635,Fine-Tuned Model,"2,6,5,3,1,4"
8636,Fine-Tuned Model,
8637,Fine-Tuned Model,
8638,Fine-Tuned Model,"3,5,2,6,4,1"
8639,Fine-Tuned Model,"3,2,6,5,4,1"
8640,Fine-Tuned Model,"3,4,5,1,6,2"
8641,Fine-Tuned Model,"1,2,5,3,6,4"
8642,Fine-Tuned Model,"2,4,3,6,5,2"
8643,Fine-Tuned Model,"4,2,6,3,1,5"
8644,Fine-Tuned Model,"3,6,5,1,3,2"
8645,Fine-Tuned Model,"3,6,2,5,4,1"
8646,Fine-Tuned Model,"4,6,2,3,5,1"
8647,Fine-Tuned Model,
8648,Fine-Tuned Model,"1,4,6,3,5,2"
8649,Fine-Tuned Model,"3,6,4,2,5,1"
8650,Fine-Tuned Model,"4,3,5,2,6,1"
8651,Fine-Tuned Model,"1,2,4,5,2,6"
8652,Fine-Tuned Model,"1,3,2,6,5,4"
8653,Fine-Tuned Model,"1,4,2,6,3,5"
8654,Fine-Tuned Model,"1,3,5,2,6,1"
8655,Fine-Tuned Model,"6,1,6"
8656,Fine-Tuned Model,"4,2,6,5,3,1"
8657,Fine-Tuned Model,"2,4,5,2,6,3"
8658,Fine-Tuned Model,1
8659,Fine-Tuned Model,"1,3,4,2,6,5"
8660,Fine-Tuned Model,"2,6,1,4,3,5"
8661,Fine-Tuned Model,"2,3,6,5,4,2"
8662,Fine-Tuned Model,"2,6,3,1,5,4"
8663,Fine-Tuned Model,
8664,Fine-Tuned Model,"2,6,4,3,5,1"
8665,Fine-Tuned Model,"4,2,6,5,3,1"
8666,Fine-Tuned Model,"1,3,5,4,2,6"
8667,Fine-Tuned Model,"4,2,6,1,3,5"
8668,Fine-Tuned Model,"3,5,1"
8669,Fine-Tuned Model,"1,3,6,2,5,4"
8670,Fine-Tuned Model,
8671,Fine-Tuned Model,"3,1,6,4,2,5"
8672,Fine-Tuned Model,"4,6,3,2,5,1"
8673,Fine-Tuned Model,"5,1,3,6,2,4"
8674,Fine-Tuned Model,
8675,Fine-Tuned Model,"1,6"
8676,Fine-Tuned Model,
8677,Fine-Tuned Model,"4,2,6,3,5,1"
8678,Fine-Tuned Model,"4,2,5,1,6,3"
8679,Fine-Tuned Model,
8680,Fine-Tuned Model,6
8681,Fine-Tuned Model,"1,5,3,1,2,6"
8682,Fine-Tuned Model,"3,6,2,4,1,5"
8683,Fine-Tuned Model,"2,6,4,1,5,3"
8684,Fine-Tuned Model,
8685,Fine-Tuned Model,"4,2,6,3,5,1"
8686,Fine-Tuned Model,"3,6,2,5,1,4"
8687,Fine-Tuned Model,
8688,Fine-Tuned Model,"3,4,5,2,6"
8689,Fine-Tuned Model,"3,4,5,2,1,6"
8690,Fine-Tuned Model,"3,2,6,5,1,4"
8691,Fine-Tuned Model,"1,2,3,4,5,6"
8692,Fine-Tuned Model,"4,3,1,6,2,5"
8693,Fine-Tuned Model,"2,5,3,6,4,1"
8694,Fine-Tuned Model,
8695,Fine-Tuned Model,"2,6,4,1,3,5"
8696,Fine-Tuned Model,"2,4,1,3,5,6"
8697,Fine-Tuned Model,"4,2,6,1,5,3"
8698,Fine-Tuned Model,"2,5,1,4,6,3"
8699,Fine-Tuned Model,"4,2,6,5,1,3"
8700,Fine-Tuned Model,"1,2,3,1,5,2"
8701,Fine-Tuned Model,"3,5,2,6,1,4"
8702,Fine-Tuned Model,"3,6,5,2,4,1"
8703,Fine-Tuned Model,"4,2,5,1,6,3"
8704,Fine-Tuned Model,"6,6"
8705,Fine-Tuned Model,"3,6,2,5,1,4"
8706,Fine-Tuned Model,"6,4,2,5,3,1"
8707,Fine-Tuned Model,
8708,Fine-Tuned Model,"1,6,6,1,5,3"
8709,Fine-Tuned Model,"4,2,5,6,1,3"
8710,Fine-Tuned Model,"2,6,4,5,3,1"
8711,Fine-Tuned Model,"3,2,5,1,4,6"
8712,Fine-Tuned Model,"1,6,6"
8713,Fine-Tuned Model,"3,6,2,1,5,4"
8714,Fine-Tuned Model,"3,6,2,5,4,1"
8715,Fine-Tuned Model,"2,4,3,6,1,5"
8716,Fine-Tuned Model,"2,4,3,5,6,1"
8717,Fine-Tuned Model,
8718,Fine-Tuned Model,"4,2,6,5,3,1"
8719,Fine-Tuned Model,"3,6,1,5,2,4"
8720,Fine-Tuned Model,"6,1,6,1"
8721,Fine-Tuned Model,"4,6,5,2,3,1"
8722,Fine-Tuned Model,
8723,Fine-Tuned Model,
8724,Fine-Tuned Model,"5,3,2,6,1,4"
8725,Fine-Tuned Model,"1,2,3,4,5,6"
8726,Fine-Tuned Model,"1,4,2,5,3,6"
8727,Fine-Tuned Model,"3,6,1,5,4,2"
8728,Fine-Tuned Model,
8729,Fine-Tuned Model,"4,2,5,6,3,1"
8730,Fine-Tuned Model,"3,6,2,5,4,1"
8731,Fine-Tuned Model,"2,4,6,2,3,5"
8732,Fine-Tuned Model,"1,6,6"
8733,Fine-Tuned Model,"5,3,4,2,6,1"
8734,Fine-Tuned Model,"1,3,2,6,4,5"
8735,Fine-Tuned Model,
8736,Fine-Tuned Model,"3,5,2,6,1,4"
8737,Fine-Tuned Model,"4,3,2,5,6,1"
8738,Fine-Tuned Model,
8739,Fine-Tuned Model,
8740,Fine-Tuned Model,
8741,Fine-Tuned Model,"6,1,1"
8742,Fine-Tuned Model,"1,5,2,6,3,1"
8743,Fine-Tuned Model,"1,4,2,6,3,5"
8744,Fine-Tuned Model,"3,2,5,6,1,4"
8745,Fine-Tuned Model,"1,2,3,4,5,6"
8746,Fine-Tuned Model,"1,2,3"
8747,Fine-Tuned Model,
8748,Fine-Tuned Model,"2,5,6,3,1,6"
8749,Fine-Tuned Model,"6,1,6,1"
8750,Fine-Tuned Model,"3,2,5,6,1,4"
8751,Fine-Tuned Model,"4,2,6,1,3,5"
8752,Fine-Tuned Model,"1,4,3,5,2,4"
8753,Fine-Tuned Model,"4,2,6,3,1,5"
8754,Fine-Tuned Model,"3,5,1,2,6,4"
8755,Fine-Tuned Model,"4,2,6,1,3,5"
8756,Fine-Tuned Model,"3,6,2,5,4,1"
8757,Fine-Tuned Model,"1,5,3,6,2,5"
8758,Fine-Tuned Model,"3,1,6,4,2,5"
8759,Fine-Tuned Model,"4,2,6,3,5,1"
8760,Fine-Tuned Model,"3,5,1,6,4,2"
8761,Fine-Tuned Model,"2,5,6,3,2,4"
8762,Fine-Tuned Model,"4,1,3,5,6,2"
8763,Fine-Tuned Model,"5,3,2,6,4,1"
8764,Fine-Tuned Model,"4,2,6,1,3,5"
8765,Fine-Tuned Model,3
8766,Fine-Tuned Model,"3,5,1,4,2,6"
8767,Fine-Tuned Model,
8768,Fine-Tuned Model,"5,4,2,6,3,1"
8769,Fine-Tuned Model,"1,6,3,4,2,5"
8770,Fine-Tuned Model,"3,1,6,5,2,4"
8771,Fine-Tuned Model,"3,5,2,4,1,6"
8772,Fine-Tuned Model,"3,5,2,6,3,4"
8773,Fine-Tuned Model,"4,6,5,3,6,2"
8774,Fine-Tuned Model,"1,2,3,5,6,4"
8775,Fine-Tuned Model,"5,3,2,6,1,4"
8776,Fine-Tuned Model,"2,4,5,1,3,6"
8777,Fine-Tuned Model,"1,3,4,2,6,5"
8778,Fine-Tuned Model,"4,2,6,1,5"
8779,Fine-Tuned Model,"3,6,2,5,4,1"
8780,Fine-Tuned Model,"1,6,1,6,1,6"
8781,Fine-Tuned Model,"3,6,1,5,2,4"
8782,Fine-Tuned Model,"2,1,5,3,2,6"
8783,Fine-Tuned Model,"5,2,6,3,5,1"
8784,Fine-Tuned Model,"1,6"
8785,Fine-Tuned Model,
8786,Fine-Tuned Model,"2,5,4,6,1,3"
8787,Fine-Tuned Model,"1,2,2,5,3,3"
8788,Fine-Tuned Model,"1,6"
8789,Fine-Tuned Model,"1,5,2,6,4,3"
8790,Fine-Tuned Model,
8791,Fine-Tuned Model,"4,2,5,1,6,3"
8792,Fine-Tuned Model,"3,6,2,5,4,1"
8793,Fine-Tuned Model,"1,6,6"
8794,Fine-Tuned Model,"3,2,5,1,4,6"
8795,Fine-Tuned Model,"4,2,6,5,1,3"
8796,Fine-Tuned Model,"4,6,5,2,3,6"
8797,Fine-Tuned Model,
8798,Fine-Tuned Model,"2,4,5,1,6,3"
8799,Fine-Tuned Model,
8800,Fine-Tuned Model,"3,5,2,6,4,1"
8801,Fine-Tuned Model,
8802,Fine-Tuned Model,
8803,Fine-Tuned Model,"1,2,3,4,5,6"
8804,Fine-Tuned Model,"4,2,5,3,6,1"
8805,Fine-Tuned Model,"1,2,3,4,5,6"
8806,Fine-Tuned Model,
8807,Fine-Tuned Model,"6,1,6"
8808,Fine-Tuned Model,"2,6,1,4,3,5"
8809,Fine-Tuned Model,
8810,Fine-Tuned Model,"3,6,4,2,5,1"
8811,Fine-Tuned Model,
8812,Fine-Tuned Model,"4,3,2,5,6,1"
8813,Fine-Tuned Model,"2,4,3,5,6,1"
8814,Fine-Tuned Model,"2,6,3,5,2,4"
8815,Fine-Tuned Model,
8816,Fine-Tuned Model,"1,4,2,5,6,3"
8817,Fine-Tuned Model,
8818,Fine-Tuned Model,"2,5,3,6,4,1"
8819,Fine-Tuned Model,"3,6,2,5,1,4"
8820,Fine-Tuned Model,"4,2,6,5,1,3"
8821,Fine-Tuned Model,"4,2,3,1,5,6"
8822,Fine-Tuned Model,
8823,Fine-Tuned Model,
8824,Fine-Tuned Model,
8825,Fine-Tuned Model,
8826,Fine-Tuned Model,"2,4,1,5,3,6"
8827,Fine-Tuned Model,"5,2,6,3,1,4"
8828,Fine-Tuned Model,"3,1,6,5,3,2"
8829,Fine-Tuned Model,"1,2,3,4,5,6"
8830,Fine-Tuned Model,"4,2,6,1,3,5"
8831,Fine-Tuned Model,"1,2,6,4,3,5"
8832,Fine-Tuned Model,"2,5,6,3,1,4"
8833,Fine-Tuned Model,
8834,Fine-Tuned Model,
8835,Fine-Tuned Model,"4,3,6,2,5,1"
8836,Fine-Tuned Model,
8837,Fine-Tuned Model,
8838,Fine-Tuned Model,"5,2,4,3,1,6"
8839,Fine-Tuned Model,
8840,Fine-Tuned Model,"4,2,6,3,5,1"
8841,Fine-Tuned Model,"1,3,5,2,4,6"
8842,Fine-Tuned Model,1
8843,Fine-Tuned Model,
8844,Fine-Tuned Model,"3,2,4,5,6,1"
8845,Fine-Tuned Model,
8846,Fine-Tuned Model,"4,2,6,3,5,1"
8847,Fine-Tuned Model,"2,5,3,6,1,4"
8848,Fine-Tuned Model,"1,2,3,4,5,6"
8849,Fine-Tuned Model,
8850,Fine-Tuned Model,"3,1,5,2,6,4"
8851,Fine-Tuned Model,"3,6,2,5,4,1"
8852,Fine-Tuned Model,"5,3,2,6,1,4"
8853,Fine-Tuned Model,"1,4,2,2,3,6"
8854,Fine-Tuned Model,"4,6,3,1,5,2"
8855,Fine-Tuned Model,"1,2,3,4,5,6"
8856,Fine-Tuned Model,"4,2,6,1,3,5"
8857,Fine-Tuned Model,
8858,Fine-Tuned Model,"4,6,2,3,1,5"
8859,Fine-Tuned Model,"3,5,1,6,2,4"
8860,Fine-Tuned Model,
8861,Fine-Tuned Model,
8862,Fine-Tuned Model,
8863,Fine-Tuned Model,"2,5,3,6,2,1"
8864,Fine-Tuned Model,"4,6,3,2,5,1"
8865,Fine-Tuned Model,"6,1,6"
8866,Fine-Tuned Model,"4,2,6,3,5,1"
8867,Fine-Tuned Model,"1,3,2,6,5,4"
8868,Fine-Tuned Model,"2,5,1,3,6,4"
8869,Fine-Tuned Model,
8870,Fine-Tuned Model,"1,5,2,6,1,4"
8871,Fine-Tuned Model,"2,4,3,6,1,5"
8872,Fine-Tuned Model,"6,1,6"
8873,Fine-Tuned Model,"2,6,1,3,5,4"
8874,Fine-Tuned Model,"2,4,5,1,3,6"
8875,Fine-Tuned Model,"4,3,2,5,6"
8876,Fine-Tuned Model,"4,3,2,6,1,5"
8877,Fine-Tuned Model,6
8878,Fine-Tuned Model,
8879,Fine-Tuned Model,"3,2,6,5,1,4"
8880,Fine-Tuned Model,"4,3,6,2,5,1"
8881,Fine-Tuned Model,"3,4,1,5,2,6"
8882,Fine-Tuned Model,1
8883,Fine-Tuned Model,"4,2,5,6,3,1"
8884,Fine-Tuned Model,
8885,Fine-Tuned Model,"4,2,6,1,3,5"
8886,Fine-Tuned Model,"4,2,6,1,3,5"
8887,Fine-Tuned Model,"2,5,3,4,1,6"
8888,Fine-Tuned Model,"3,6,5,4,1,2"
8889,Fine-Tuned Model,"4,1,5,3,2,6"
8890,Fine-Tuned Model,"1,2,3,4,5,6"
8891,Fine-Tuned Model,"4,2,5,3,6,1"
8892,Fine-Tuned Model,"4,2,6,5,3,1"
8893,Fine-Tuned Model,"2,4,6,1,3,5"
8894,Fine-Tuned Model,"3,1,5,2,6,4"
8895,Fine-Tuned Model,"2,5,3,6,4,1"
8896,Fine-Tuned Model,"1,1,2,2,3,3"
8897,Fine-Tuned Model,"1,6"
8898,Fine-Tuned Model,"2,5,3,6,1,4"
8899,Fine-Tuned Model,"5,3,2,6,1,4"
8900,Fine-Tuned Model,"4,6,1,3,5,2"
8901,Fine-Tuned Model,
8902,Fine-Tuned Model,"2,5,3,6,1,4"
8903,Fine-Tuned Model,"2,5,3,6,1,4"
8904,Fine-Tuned Model,"2,5,6,3,5,1"
8905,Fine-Tuned Model,"3,6,2,5,1,4"
8906,Fine-Tuned Model,"4,2,5,6,1,3"
8907,Fine-Tuned Model,"6,3,2,1,5,4"
8908,Fine-Tuned Model,
8909,Fine-Tuned Model,"5,3,1,6,4,2"
8910,Fine-Tuned Model,
8911,Fine-Tuned Model,
8912,Fine-Tuned Model,"4,6,2,5,3,1"
8913,Fine-Tuned Model,
8914,Fine-Tuned Model,"2,6,3,5,2,4"
8915,Fine-Tuned Model,
8916,Fine-Tuned Model,"1,6,5,4,2,3"
8917,Fine-Tuned Model,"5,3,2,6,1,4"
8918,Fine-Tuned Model,
8919,Fine-Tuned Model,
8920,Fine-Tuned Model,"2,5,4,1,3,6"
8921,Fine-Tuned Model,"1,2,3,4,5,6"
8922,Fine-Tuned Model,"1,4,3,6,2,5"
8923,Fine-Tuned Model,6
8924,Fine-Tuned Model,6
8925,Fine-Tuned Model,"5,3,6,1,4,2"
8926,Fine-Tuned Model,
8927,Fine-Tuned Model,"1,5,4,3,2,6"
8928,Fine-Tuned Model,
8929,Fine-Tuned Model,"5,2,6,1,3,4"
8930,Fine-Tuned Model,"1,4,2,6,5,3"
8931,Fine-Tuned Model,
8932,Fine-Tuned Model,"2,5,1,3,4,6"
8933,Fine-Tuned Model,
8934,Fine-Tuned Model,"5,2,1,4,3,6"
8935,Fine-Tuned Model,
8936,Fine-Tuned Model,
8937,Fine-Tuned Model,"1,4,5,2,3,6"
8938,Fine-Tuned Model,"3,2,6,5,1,4"
8939,Fine-Tuned Model,"1,3,2,6,4,5"
8940,Fine-Tuned Model,"4,6,2,5,3,1"
8941,Fine-Tuned Model,"1,6,6"
8942,Fine-Tuned Model,"4,2,3,5,6,1"
8943,Fine-Tuned Model,
8944,Fine-Tuned Model,"1,6,1,6,1,6"
8945,Fine-Tuned Model,"1,6,2,3,3,2"
8946,Fine-Tuned Model,
8947,Fine-Tuned Model,"4,2,6,3,1,5"
8948,Fine-Tuned Model,
8949,Fine-Tuned Model,"1,2,4,5,3,6"
8950,Fine-Tuned Model,"4,2,6,1,3,5"
8951,Fine-Tuned Model,
8952,Fine-Tuned Model,"5,3,1,2,4,6"
8953,Fine-Tuned Model,"1,3,2,5,6,4"
8954,Fine-Tuned Model,"3,6,2,5,4,1"
8955,Fine-Tuned Model,1
8956,Fine-Tuned Model,"6,1,6"
8957,Fine-Tuned Model,
8958,Fine-Tuned Model,
8959,Fine-Tuned Model,"3,6,2,5,4,1"
8960,Fine-Tuned Model,"1,2,6,5,3,2"
8961,Fine-Tuned Model,"1,4,2,5,6,3"
8962,Fine-Tuned Model,"6,1,2,3,4,5"
8963,Fine-Tuned Model,"5,2,6,1,3,4"
8964,Fine-Tuned Model,
8965,Fine-Tuned Model,"1,4,2,5,3,1"
8966,Fine-Tuned Model,"5,3,2,6,1,4"
8967,Fine-Tuned Model,"3,2,6,5,1,4"
8968,Fine-Tuned Model,"3,5,2,6,1,4"
8969,Fine-Tuned Model,"4,2,6,1,5,3"
8970,Fine-Tuned Model,"3,6,2,5,4,1"
8971,Fine-Tuned Model,"5,3,2,6,1,4"
8972,Fine-Tuned Model,"1,2,3,6,5,3"
8973,Fine-Tuned Model,"3,2,5,6,4,1"
8974,Fine-Tuned Model,"2,4,6,3,5,1"
8975,Fine-Tuned Model,
8976,Fine-Tuned Model,"4,6,3,2,5,1"
8977,Fine-Tuned Model,"1,4,6,2,3,5"
8978,Fine-Tuned Model,"3,4,2,5,1,6"
8979,Fine-Tuned Model,"1,6,6"
8980,Fine-Tuned Model,"3,6,2,5,4,1"
8981,Fine-Tuned Model,"5,3,2,6,1,4"
8982,Fine-Tuned Model,
8983,Fine-Tuned Model,"2,4,6,1,3,5"
8984,Fine-Tuned Model,"4,2,5,6,3,1"
8985,Fine-Tuned Model,"3,6,2,5,1,4"
8986,Fine-Tuned Model,"3,6,2,5,1,4"
8987,Fine-Tuned Model,"4,2,6,1,5,3"
8988,Fine-Tuned Model,"2,5,3,6,1,4"
8989,Fine-Tuned Model,"4,2,5,1,6,3"
8990,Fine-Tuned Model,
8991,Fine-Tuned Model,"1,6,3,2,5,4"
8992,Fine-Tuned Model,"2,5,4,6,3,5"
8993,Fine-Tuned Model,"2,4,6,1,3,5"
8994,Fine-Tuned Model,"1,4,2,6,5,3"
8995,Fine-Tuned Model,"5,3,2,6,1,4"
8996,Fine-Tuned Model,"2,4,3,6,5,1"
8997,Fine-Tuned Model,"1,2,5,6,3,4"
8998,Fine-Tuned Model,
8999,Fine-Tuned Model,"4,2,6,1,3,5"
9000,Fine-Tuned Model,"4,3,6,5,2,1"
9001,Fine-Tuned Model,"4,2,6,3,5,1"
9002,Fine-Tuned Model,"6,1,6,2,5,4"
9003,Fine-Tuned Model,"1,4,2,5,6,3"
9004,Fine-Tuned Model,"5,2,4,1,3,6"
9005,Fine-Tuned Model,"4,2,6,5,3,1"
9006,Fine-Tuned Model,
9007,Fine-Tuned Model,"4,3,5,2,1,6"
9008,Fine-Tuned Model,"4,1,5,3"
9009,Fine-Tuned Model,"1,4,2,6,5,3"
9010,Fine-Tuned Model,"5,2,4,6,3,1"
9011,Fine-Tuned Model,"4,2,5,1,3,6"
9012,Fine-Tuned Model,"2,4,6,5,3,1"
9013,Fine-Tuned Model,"2,5,3,6,4,1"
9014,Fine-Tuned Model,"2,5,3,6,1,4"
9015,Fine-Tuned Model,"4,2,6,3,5,1"
9016,Fine-Tuned Model,
9017,Fine-Tuned Model,"2,5,4,1,3,6"
9018,Fine-Tuned Model,
9019,Fine-Tuned Model,"2,5,6,1,4,3"
9020,Fine-Tuned Model,"1,4,6,3,2,5"
9021,Fine-Tuned Model,"5,3,6,2,4,1"
9022,Fine-Tuned Model,"4,3,6,1,2,5"
9023,Fine-Tuned Model,"4,1,6,3,5,2"
9024,Fine-Tuned Model,"4,2,5,3,6,1"
9025,Fine-Tuned Model,"4,2,6,1,3,5"
9026,Fine-Tuned Model,"3,6,2,5,4,1"
9027,Fine-Tuned Model,"4,2,3,1,5,6"
9028,Fine-Tuned Model,"4,3,6,2,5,1"
9029,Fine-Tuned Model,
9030,Fine-Tuned Model,"4,2,6,5,3,1"
9031,Fine-Tuned Model,"6,4,3,5,1"
9032,Fine-Tuned Model,
9033,Fine-Tuned Model,"3,1,6,4,2,5"
9034,Fine-Tuned Model,"3,5,4,2,1,6"
9035,Fine-Tuned Model,"2,5,1,6,3,4"
9036,Fine-Tuned Model,"1,2,3,6,1,4"
9037,Fine-Tuned Model,"4,2,6,3,5,1"
9038,Fine-Tuned Model,
9039,Fine-Tuned Model,"3,6,1"
9040,Fine-Tuned Model,"3,5,2,4,1,6"
9041,Fine-Tuned Model,"3,6,2,5,4,1"
9042,Fine-Tuned Model,"3,5,6,4,2,6"
9043,Fine-Tuned Model,
9044,Fine-Tuned Model,"2,6,4,3,5,1"
9045,Fine-Tuned Model,"2,3,4,5,2,6"
9046,Fine-Tuned Model,"2,5,1,6,3,4"
9047,Fine-Tuned Model,"3,4,1,6,5,2"
9048,Fine-Tuned Model,"2,6,3,1,5,4"
9049,Fine-Tuned Model,"6,1,6"
9050,Fine-Tuned Model,
9051,Fine-Tuned Model,6
9052,Fine-Tuned Model,"2,4,3,5,1,6"
9053,Fine-Tuned Model,"3,2,5,1,6,4"
9054,Fine-Tuned Model,"3,4,2,6,3,5"
9055,Fine-Tuned Model,1
9056,Fine-Tuned Model,"1,2,3"
9057,Fine-Tuned Model,
9058,Fine-Tuned Model,"3,6,4,1,2,5"
9059,Fine-Tuned Model,
9060,Fine-Tuned Model,"2,5,4,6,3,1"
9061,Fine-Tuned Model,"6,1,6"
9062,Fine-Tuned Model,
9063,Fine-Tuned Model,"1,6,3,2,5,4"
9064,Fine-Tuned Model,"4,2,6,5,3,1"
9065,Fine-Tuned Model,"6,1,6"
9066,Fine-Tuned Model,
9067,Fine-Tuned Model,"2,5,3,4,6,1"
9068,Fine-Tuned Model,"4,2,6,5,3,1"
9069,Fine-Tuned Model,"6,3,5,2,4,1"
9070,Fine-Tuned Model,"3,6,4,2,5,1"
9071,Fine-Tuned Model,
9072,Fine-Tuned Model,"2,5,1,4,3,6"
9073,Fine-Tuned Model,"6,3,6,2,5,4"
9074,Fine-Tuned Model,"5,2,4,3,6,1"
9075,Fine-Tuned Model,
9076,Fine-Tuned Model,"6,3"
9077,Fine-Tuned Model,"5,2,6,3,4,1"
9078,Fine-Tuned Model,"3,2,5,1,6,4"
9079,Fine-Tuned Model,"4,2,5,6,3,1"
9080,Fine-Tuned Model,"1,3,5,3,4,2"
9081,Fine-Tuned Model,"4,2,6,5,3,1"
9082,Fine-Tuned Model,"4,2,6,3,1,5"
9083,Fine-Tuned Model,"2,5,3,6,1,4"
9084,Fine-Tuned Model,"3,6,2,5,1,4"
9085,Fine-Tuned Model,"2,6,5,1,3,4"
9086,Fine-Tuned Model,"6,1,6,3,6,2"
9087,Fine-Tuned Model,"5,3,1,6,2,4"
9088,Fine-Tuned Model,"2,5,4,3,1,6"
9089,Fine-Tuned Model,"5,4,6,3,2,1"
9090,Fine-Tuned Model,"4,2,5,1,6,3"
9091,Fine-Tuned Model,"3,4,6,2,5,1"
9092,Fine-Tuned Model,"6,1,6"
9093,Fine-Tuned Model,
9094,Fine-Tuned Model,
9095,Fine-Tuned Model,
9096,Fine-Tuned Model,"4,2,6,3,5,1"
9097,Fine-Tuned Model,"3,6,1,5,2,4"
9098,Fine-Tuned Model,"1,3,5,2,4,6"
9099,Fine-Tuned Model,"1,6,6"
9100,Fine-Tuned Model,"3,1,5,2,4,6"
9101,Fine-Tuned Model,"1,3,5,2,4,3"
9102,Fine-Tuned Model,"1,3,6,4,2,5"
9103,Fine-Tuned Model,"1,4,3,2,5,1"
9104,Fine-Tuned Model,"1,4,3,6,2,5"
9105,Fine-Tuned Model,"4,3,6,2,5,1"
9106,Fine-Tuned Model,"3,1,5,3,2,4"
9107,Fine-Tuned Model,
9108,Fine-Tuned Model,"3,6,2,4,5,1"
9109,Fine-Tuned Model,"1,2,3,4,5"
9110,Fine-Tuned Model,
9111,Fine-Tuned Model,"4,3,6,2,5,1"
9112,Fine-Tuned Model,"4,2,6,3,5,1"
9113,Fine-Tuned Model,"5,4,3,6,2,1"
9114,Fine-Tuned Model,"1,3,6,5,2,4"
9115,Fine-Tuned Model,"2,3,6,5,3,1"
9116,Fine-Tuned Model,
9117,Fine-Tuned Model,"2,4,6,1,3,5"
9118,Fine-Tuned Model,
9119,Fine-Tuned Model,"1,1,6"
9120,Fine-Tuned Model,
9121,Fine-Tuned Model,"3,5,2,4,6,1"
9122,Fine-Tuned Model,"1,6,6"
9123,Fine-Tuned Model,"6,1,6"
9124,Fine-Tuned Model,
9125,Fine-Tuned Model,"5,2,4,1,6,3"
9126,Fine-Tuned Model,
9127,Fine-Tuned Model,"3,6,2,5,1,4"
9128,Fine-Tuned Model,"1,2,3,4,5,6"
9129,Fine-Tuned Model,
9130,Fine-Tuned Model,"5,3,2,6,4,1"
9131,Fine-Tuned Model,"6,1,1,6"
9132,Fine-Tuned Model,
9133,Fine-Tuned Model,"1,6,2,6,3,6"
9134,Fine-Tuned Model,"1,4,2,5,3,6"
9135,Fine-Tuned Model,"5,2,3,1,6,4"
9136,Fine-Tuned Model,"6,1,2,3,4,5"
9137,Fine-Tuned Model,
9138,Fine-Tuned Model,"3,6,2,5,4,1"
9139,Fine-Tuned Model,"1,4,2,5,3,6"
9140,Fine-Tuned Model,"4,2,5,6,3,1"
9141,Fine-Tuned Model,"4,2,6,3,1,5"
9142,Fine-Tuned Model,6
9143,Fine-Tuned Model,"4,6,2,3,1,5"
9144,Fine-Tuned Model,"4,1,2,6,3,5"
9145,Fine-Tuned Model,"2,6,4,3,5,1"
9146,Fine-Tuned Model,"3,4,5,1,6,2"
9147,Fine-Tuned Model,"4,1,6,2,5,3"
9148,Fine-Tuned Model,"6,2,3,4,5,1"
9149,Fine-Tuned Model,"4,2,6,3,5,1"
9150,Fine-Tuned Model,
9151,Fine-Tuned Model,"5,3,1,6,2,4"
9152,Fine-Tuned Model,"6,1,6,3,5,2"
9153,Fine-Tuned Model,
9154,Fine-Tuned Model,"1,2,6,3,5,4"
9155,Fine-Tuned Model,"4,2,6,1,5,3"
9156,Fine-Tuned Model,
9157,Fine-Tuned Model,"3,5"
9158,Fine-Tuned Model,
9159,Fine-Tuned Model,"3,4,5,2,6,1"
9160,Fine-Tuned Model,"3,2,6,1,5,4"
9161,Fine-Tuned Model,"2,3,5,4,2,6"
9162,Fine-Tuned Model,"1,2,3,4,5,6"
9163,Fine-Tuned Model,
9164,Fine-Tuned Model,
9165,Fine-Tuned Model,"4,6,2,5,1,3"
9166,Fine-Tuned Model,
9167,Fine-Tuned Model,"4,2,6,1,3,5"
9168,Fine-Tuned Model,
9169,Fine-Tuned Model,
9170,Fine-Tuned Model,"3,6,4,2,1,5"
9171,Fine-Tuned Model,"5,2,4,6,3,5"
9172,Fine-Tuned Model,"4,2,6,3,5,1"
9173,Fine-Tuned Model,"4,3,6,2,5,1"
9174,Fine-Tuned Model,"4,2,6,5,3,1"
9175,Fine-Tuned Model,"5,3,2,6,1,4"
9176,Fine-Tuned Model,"4,2,6,5,3,1"
9177,Fine-Tuned Model,1
9178,Fine-Tuned Model,"4,2,6,3,1,5"
9179,Fine-Tuned Model,"2,5,3,6,1,4"
9180,Fine-Tuned Model,"1,5,4,3,6,2"
9181,Fine-Tuned Model,"3,5,6,1,2,6"
9182,Fine-Tuned Model,
9183,Fine-Tuned Model,"1,4,2,5,3,6"
9184,Fine-Tuned Model,"3,5,2,6,1,4"
9185,Fine-Tuned Model,"5,3,2,4,6,1"
9186,Fine-Tuned Model,"1,2,4,5,3,6"
9187,Fine-Tuned Model,
9188,Fine-Tuned Model,"3,4,6,2,5,1"
9189,Fine-Tuned Model,"1,6,1,6,1,6"
9190,Fine-Tuned Model,"3,6,4,2,5,1"
9191,Fine-Tuned Model,"3,4,2,6,5,1"
9192,Fine-Tuned Model,"3,6,2,4,5,1"
9193,Fine-Tuned Model,"1,2,3"
9194,Fine-Tuned Model,"2,6,1,3,4,5"
9195,Fine-Tuned Model,"4,2,6,3,5,1"
9196,Fine-Tuned Model,"3,6,5,2,1,4"
9197,Fine-Tuned Model,"5,3,6,2,4,1"
9198,Fine-Tuned Model,"2,4,6,3,5,1"
9199,Fine-Tuned Model,"3,4,2,6,5,1"
9200,Fine-Tuned Model,
9201,Fine-Tuned Model,"1,6,3,4,2,5"
9202,Fine-Tuned Model,"1,5,2,4,3,6"
9203,Fine-Tuned Model,"5,3,1,6,4,2"
9204,Fine-Tuned Model,"1,4,6,2,3,5"
9205,Fine-Tuned Model,"3,5,1,2,6,4"
9206,Fine-Tuned Model,"4,3,6,2,5,1"
9207,Fine-Tuned Model,"1,6,1,6,1,6"
9208,Fine-Tuned Model,"4,1,6,2,5,3"
9209,Fine-Tuned Model,
9210,Fine-Tuned Model,
9211,Fine-Tuned Model,"1,2,3,4,5,6"
9212,Fine-Tuned Model,"3,5,1,3,4,6"
9213,Fine-Tuned Model,"6,3,2,5,6"
9214,Fine-Tuned Model,"1,5,2,4,6,3"
9215,Fine-Tuned Model,"1,4,2,6,3,5"
9216,Fine-Tuned Model,1
9217,Fine-Tuned Model,
9218,Fine-Tuned Model,"1,4,2,6,3,2"
9219,Fine-Tuned Model,"5,3,4,2,6,1"
9220,Fine-Tuned Model,"3,6,2,5,1,4"
9221,Fine-Tuned Model,
9222,Fine-Tuned Model,"1,4,2,3,6,5"
9223,Fine-Tuned Model,"1,4,2,5,3,6"
9224,Fine-Tuned Model,"5,3,4,2,6,1"
9225,Fine-Tuned Model,"4,2,6,3,5,1"
9226,Fine-Tuned Model,
9227,Fine-Tuned Model,"3,4,6,2,5,1"
9228,Fine-Tuned Model,
9229,Fine-Tuned Model,"3,4,2,6,5,1"
9230,Fine-Tuned Model,
9231,Fine-Tuned Model,"3,5,2,6,1,4"
9232,Fine-Tuned Model,"4,3,6,2,1,5"
9233,Fine-Tuned Model,
9234,Fine-Tuned Model,"1,5,2,6,3,4"
9235,Fine-Tuned Model,"1,5,2,6,1,5"
9236,Fine-Tuned Model,
9237,Fine-Tuned Model,
9238,Fine-Tuned Model,"1,3,5,1,2,4"
9239,Fine-Tuned Model,"3,5,2,6,1,4"
9240,Fine-Tuned Model,"1,2,3,4,5,6"
9241,Fine-Tuned Model,"4,2,6,3,1,5"
9242,Fine-Tuned Model,"4,2,5,3,6,1"
9243,Fine-Tuned Model,
9244,Fine-Tuned Model,"4,2,5,3,6,1"
9245,Fine-Tuned Model,"3,4,5,2,3,6"
9246,Fine-Tuned Model,
9247,Fine-Tuned Model,
9248,Fine-Tuned Model,"4,2,5,1,6,3"
9249,Fine-Tuned Model,"4,2,5,1,3,6"
9250,Fine-Tuned Model,"3,6,1,4,5,2"
9251,Fine-Tuned Model,"2,4,5,6,1,3"
9252,Fine-Tuned Model,"4,6,2,5,3,1"
9253,Fine-Tuned Model,"3,5,6,2,1,4"
9254,Fine-Tuned Model,"1,6"
9255,Fine-Tuned Model,"2,5,3,6,4,1"
9256,Fine-Tuned Model,
9257,Fine-Tuned Model,
9258,Fine-Tuned Model,"4,3,6,2,5,1"
9259,Fine-Tuned Model,"3,4,5,2,1,6"
9260,Fine-Tuned Model,"5,2,6,3,1,4"
9261,Fine-Tuned Model,
9262,Fine-Tuned Model,"3,5,2,6,1,4"
9263,Fine-Tuned Model,"3,2,6,1,5,4"
9264,Fine-Tuned Model,"1,3,2,4,5,6"
9265,Fine-Tuned Model,"4,2,6,3,1,5"
9266,Fine-Tuned Model,
9267,Fine-Tuned Model,"3,6,2,5,1,4"
9268,Fine-Tuned Model,"3,4"
9269,Fine-Tuned Model,"1,2,3,4,5"
9270,Fine-Tuned Model,
9271,Fine-Tuned Model,3
9272,Fine-Tuned Model,"5,2,6,3,1"
9273,Fine-Tuned Model,
9274,Fine-Tuned Model,"1,2,3,4,5,6"
9275,Fine-Tuned Model,"4,2,5,3,6,1"
9276,Fine-Tuned Model,"3,1,6,4,2,5"
9277,Fine-Tuned Model,"4,3,6,2,5,1"
9278,Fine-Tuned Model,"2,4,5,1,3,6"
9279,Fine-Tuned Model,"2,5,1,4,3,6"
9280,Fine-Tuned Model,
9281,Fine-Tuned Model,"4,2,6,5,1,3"
9282,Fine-Tuned Model,"4,3,6,5,2,1"
9283,Fine-Tuned Model,"4,2,5,6,3,1"
9284,Fine-Tuned Model,"3,5,2,6,4,3"
9285,Fine-Tuned Model,"4,2,6,3,5,1"
9286,Fine-Tuned Model,"4,2,6,5,3,1"
9287,Fine-Tuned Model,
9288,Fine-Tuned Model,"1,6,1,6,1,6"
9289,Fine-Tuned Model,"4,2,5,1,6,3"
9290,Fine-Tuned Model,"1,6,1,6"
9291,Fine-Tuned Model,"1,3,5,2,6,4"
9292,Fine-Tuned Model,"4,2,5,1,6,3"
9293,Fine-Tuned Model,"1,3,2,6,3,2"
9294,Fine-Tuned Model,
9295,Fine-Tuned Model,"4,3,6,2,5,1"
9296,Fine-Tuned Model,
9297,Fine-Tuned Model,"4,2,6,3,1,5"
9298,Fine-Tuned Model,"2,4,5,3,6,1"
9299,Fine-Tuned Model,"1,6"
9300,Fine-Tuned Model,"3,6,4,2,5,1"
9301,Fine-Tuned Model,"4,2,5,3,1,6"
9302,Fine-Tuned Model,"3,6,2,5,1,4"
9303,Fine-Tuned Model,"3,6,2,1,4,5"
9304,Fine-Tuned Model,
9305,Fine-Tuned Model,
9306,Fine-Tuned Model,
9307,Fine-Tuned Model,"4,2,6,3,1,5"
9308,Fine-Tuned Model,"4,2,5,1,6,3"
9309,Fine-Tuned Model,"3,5,2,6,1,4"
9310,Fine-Tuned Model,"4,2,6,3,5,1"
9311,Fine-Tuned Model,"4,2,6,5,3,6"
9312,Fine-Tuned Model,"6,1,6,5,2,3"
9313,Fine-Tuned Model,
9314,Fine-Tuned Model,"3,5,2,6,1,4"
9315,Fine-Tuned Model,"3,6,2,5,1,4"
9316,Fine-Tuned Model,
9317,Fine-Tuned Model,"4,2,6,3,5,1"
9318,Fine-Tuned Model,
9319,Fine-Tuned Model,
9320,Fine-Tuned Model,"5,3,6,2,1,4"
9321,Fine-Tuned Model,"3,1,6,4,2,5"
9322,Fine-Tuned Model,"1,4,3,5,2,6"
9323,Fine-Tuned Model,"2,4,6,3,2,5"
9324,Fine-Tuned Model,"3,5,1,4,2,6"
9325,Fine-Tuned Model,"2,5,4,6,1,3"
9326,Fine-Tuned Model,"3,1,4,6,2,5"
9327,Fine-Tuned Model,"4,2,5,6,1,3"
9328,Fine-Tuned Model,"1,5,2,3,6,4"
9329,Fine-Tuned Model,"1,4,2,6,3,5"
9330,Fine-Tuned Model,"3,6,2,5,4,1"
9331,Fine-Tuned Model,"4,2,6,1,3,5"
9332,Fine-Tuned Model,
9333,Fine-Tuned Model,
9334,Fine-Tuned Model,
9335,Fine-Tuned Model,"5,2,6,1,4,3"
9336,Fine-Tuned Model,"3,2,5,6,1,4"
9337,Fine-Tuned Model,"4,3,2,6,1,5"
9338,Fine-Tuned Model,
9339,Fine-Tuned Model,"6,1,6,4,2,3"
9340,Fine-Tuned Model,"1,2,3,4,5,6"
9341,Fine-Tuned Model,"1,6,5,2,1,3"
9342,Fine-Tuned Model,
9343,Fine-Tuned Model,"3,4,2,6,1,5"
9344,Fine-Tuned Model,6
9345,Fine-Tuned Model,"1,5,3,2,6,4"
9346,Fine-Tuned Model,6
9347,Fine-Tuned Model,"3,6,2,1,5,4"
9348,Fine-Tuned Model,
9349,Fine-Tuned Model,
9350,Fine-Tuned Model,
9351,Fine-Tuned Model,"2,5,3,4,6,1"
9352,Fine-Tuned Model,"3,5,2,6,4,1"
9353,Fine-Tuned Model,"1,6,1,6,1,6"
9354,Fine-Tuned Model,"1,3,2,5,1,4"
9355,Fine-Tuned Model,"1,1,1,4,2,3"
9356,Fine-Tuned Model,"4,1,6,5,3,2"
9357,Fine-Tuned Model,"3,5,2,6,4,1"
9358,Fine-Tuned Model,"1,6,6"
9359,Fine-Tuned Model,"6,6"
9360,Fine-Tuned Model,"4,6,2,5,3,1"
9361,Fine-Tuned Model,"2,6,4,1,3,5"
9362,Fine-Tuned Model,"3,4,1,2,6,5"
9363,Fine-Tuned Model,
9364,Fine-Tuned Model,"5,3,2,6,1,4"
9365,Fine-Tuned Model,"4,6,1,3,5,2"
9366,Fine-Tuned Model,"1,2,3,4,5,5"
9367,Fine-Tuned Model,"3,2,4,6,1,5"
9368,Fine-Tuned Model,"1,2,3,6,1,5"
9369,Fine-Tuned Model,"1,5,2,6,3,1"
9370,Fine-Tuned Model,
9371,Fine-Tuned Model,"4,3,2,6,1,5"
9372,Fine-Tuned Model,"2,5,4,6,3,1"
9373,Fine-Tuned Model,
9374,Fine-Tuned Model,"1,6,6,3,5,2"
9375,Fine-Tuned Model,"1,5,6,2,1,3"
9376,Fine-Tuned Model,"4,2,6,5,1,3"
9377,Fine-Tuned Model,"4,2,6,5,3,1"
9378,Fine-Tuned Model,"3,2,6,5,1,4"
9379,Fine-Tuned Model,"5,2,6,3,1,4"
9380,Fine-Tuned Model,
9381,Fine-Tuned Model,
9382,Fine-Tuned Model,"2,3,4,2,5,4"
9383,Fine-Tuned Model,"3,5,2,6,1,4"
9384,Fine-Tuned Model,"3,5,2,1,6,4"
9385,Fine-Tuned Model,"2,4,5,1,3,6"
9386,Fine-Tuned Model,"5,1,2,4,3,6"
9387,Fine-Tuned Model,"1,2,5,3,2,6"
9388,Fine-Tuned Model,"3,2,6,1,4,5"
9389,Fine-Tuned Model,"1,2,4,3,3,5"
9390,Fine-Tuned Model,
9391,Fine-Tuned Model,"6,5,3,2,6,4"
9392,Fine-Tuned Model,"3,4,6,2,5,1"
9393,Fine-Tuned Model,"1,3,2,5,6,4"
9394,Fine-Tuned Model,"1,6"
9395,Fine-Tuned Model,"1,2,5,6,3,4"
9396,Fine-Tuned Model,"3,1,6,4,2,5"
9397,Fine-Tuned Model,"3,4,1,6,3,2"
9398,Fine-Tuned Model,"1,3,4,2,5,6"
9399,Fine-Tuned Model,"2,6,3,4,5,1"
9400,Fine-Tuned Model,"3,5,2,1,6,4"
9401,Fine-Tuned Model,"2,6,1,3,6,2"
9402,Fine-Tuned Model,
9403,Fine-Tuned Model,"1,6,6"
9404,Fine-Tuned Model,"3,6,2,5,4,1"
9405,Fine-Tuned Model,"1,4,6,3,2,5"
9406,Fine-Tuned Model,"3,5,2,4,1,6"
9407,Fine-Tuned Model,"4,2,6,3,1,5"
9408,Fine-Tuned Model,"4,2,6,1,3,5"
9409,Fine-Tuned Model,"1,2,3,4,5,6"
9410,Fine-Tuned Model,"2,3,6,5,1,4"
9411,Fine-Tuned Model,"4,2,6,5,1,3"
9412,Fine-Tuned Model,"2,4,1,5,3,6"
9413,Fine-Tuned Model,"4,2,6,5,1,3"
9414,Fine-Tuned Model,"5,3,6,2,1,4"
9415,Fine-Tuned Model,
9416,Fine-Tuned Model,"4,2,6,5,3,1"
9417,Fine-Tuned Model,
9418,Fine-Tuned Model,"3,1,6,5,2,4"
9419,Fine-Tuned Model,
9420,Fine-Tuned Model,"5,2,4,1,3,6"
9421,Fine-Tuned Model,"2,5,1,4,6,3"
9422,Fine-Tuned Model,"4,2,5,3,6,1"
9423,Fine-Tuned Model,"5,3,2,6,1,4"
9424,Fine-Tuned Model,
9425,Fine-Tuned Model,
9426,Fine-Tuned Model,"1,2,2,5,3,1"
9427,Fine-Tuned Model,"4,2,6,3,5,1"
9428,Fine-Tuned Model,"4,2,6,1,5,3"
9429,Fine-Tuned Model,"2,4,5,6,1,3"
9430,Fine-Tuned Model,"6,6,1,6,6,1"
9431,Fine-Tuned Model,"1,2,3,4,5,6"
9432,Fine-Tuned Model,"3,2,5,1,4,6"
9433,Fine-Tuned Model,"4,3,2,6,1,5"
9434,Fine-Tuned Model,"3,2,6,5,1,4"
9435,Fine-Tuned Model,"2,5,4,1,6,3"
9436,Fine-Tuned Model,"4,2,3,6,5,1"
9437,Fine-Tuned Model,"3,1,6,5,2,4"
9438,Fine-Tuned Model,"4,2,6,3,5,1"
9439,Fine-Tuned Model,"3,4,2,5,6,1"
9440,Fine-Tuned Model,
9441,Fine-Tuned Model,"1,3,2,5,6,4"
9442,Fine-Tuned Model,2
9443,Fine-Tuned Model,"4,2,6,5,1,3"
9444,Fine-Tuned Model,"4,2,5,3,1,6"
9445,Fine-Tuned Model,"3,2,6,5,4,1"
9446,Fine-Tuned Model,"6,1,6"
9447,Fine-Tuned Model,"2,5,6,1,4,3"
9448,Fine-Tuned Model,"4,2,6,3,5,1"
9449,Fine-Tuned Model,
9450,Fine-Tuned Model,"3,4,2,5,6,1"
9451,Fine-Tuned Model,"3,6,4,2,5,1"
9452,Fine-Tuned Model,"4,2,6,3,5,1"
9453,Fine-Tuned Model,"4,2,6,3,5,1"
9454,Fine-Tuned Model,"1,6"
9455,Fine-Tuned Model,"4,2,6,3,5"
9456,Fine-Tuned Model,"1,6,1,6,1,6"
9457,Fine-Tuned Model,"4,2,3,6,1,5"
9458,Fine-Tuned Model,"1,2,3,4,5,6"
9459,Fine-Tuned Model,
9460,Fine-Tuned Model,"1,4,6,2,5,3"
9461,Fine-Tuned Model,
9462,Fine-Tuned Model,"3,6,1,5,2,4"
9463,Fine-Tuned Model,"3,5,2,6,4,1"
9464,Fine-Tuned Model,
9465,Fine-Tuned Model,"3,2,6,1,4,5"
9466,Fine-Tuned Model,
9467,Fine-Tuned Model,"1,6,2,4,3,5"
9468,Fine-Tuned Model,
9469,Fine-Tuned Model,
9470,Fine-Tuned Model,"1,2,5,3,1,6"
9471,Fine-Tuned Model,"3,4,6,2,5,1"
9472,Fine-Tuned Model,"3,6,1,5,2,4"
9473,Fine-Tuned Model,"1,2,4,6,3,1"
9474,Fine-Tuned Model,"4,6,2,1,5,3"
9475,Fine-Tuned Model,"5,2,6,1,4,3"
9476,Fine-Tuned Model,"3,6,2,5,4,1"
9477,Fine-Tuned Model,"3,6,2,4,1,5"
9478,Fine-Tuned Model,"3,6,2,1,5,4"
9479,Fine-Tuned Model,"1,3,5,2,6,1"
9480,Fine-Tuned Model,"3,1,6,5,4,2"
9481,Fine-Tuned Model,"4,2,5,1,6,3"
9482,Fine-Tuned Model,"3,6,1,5,4,2"
9483,Fine-Tuned Model,"3,6,2,1,4,5"
9484,Fine-Tuned Model,"3,2,5,1,6,4"
9485,Fine-Tuned Model,"1,4,2,6,3,3"
9486,Fine-Tuned Model,"6,1,6"
9487,Fine-Tuned Model,
9488,Fine-Tuned Model,"4,3,2,6,1,5"
9489,Fine-Tuned Model,"1,2,2,4"
9490,Fine-Tuned Model,"2,5,3,6,1,4"
9491,Fine-Tuned Model,
9492,Fine-Tuned Model,1
9493,Fine-Tuned Model,"1,4,2,6,3,2"
9494,Fine-Tuned Model,
9495,Fine-Tuned Model,"4,2,6,3,5,1"
9496,Fine-Tuned Model,"4,1,6,3,2,5"
9497,Fine-Tuned Model,"2,6,3,1,5,4"
9498,Fine-Tuned Model,"3,5,2,6,1,4"
9499,Fine-Tuned Model,"3,5,2,6,4,1"
9500,Fine-Tuned Model,"4,2,5,1,6,3"
9501,Fine-Tuned Model,
9502,Fine-Tuned Model,
9503,Fine-Tuned Model,"3,6,4,2,5,1"
9504,Fine-Tuned Model,"4,1,5,2,3,6"
9505,Fine-Tuned Model,"6,1,6,1"
9506,Fine-Tuned Model,"4,3,6,2,5,1"
9507,Fine-Tuned Model,"4,3,6,2,5,1"
9508,Fine-Tuned Model,"3,2,5,1,4,6"
9509,Fine-Tuned Model,"1,4,3,2,6,5"
9510,Fine-Tuned Model,"6,1,6,3,2,6"
9511,Fine-Tuned Model,"1,2,3,4,5,6"
9512,Fine-Tuned Model,"2,6,5,4,1,3"
9513,Fine-Tuned Model,"1,4,2,5,6,3"
9514,Fine-Tuned Model,1
9515,Fine-Tuned Model,"3,2,6,1,5,4"
9516,Fine-Tuned Model,"5,2,6,3,1,4"
9517,Fine-Tuned Model,6
9518,Fine-Tuned Model,"2,4,6,5,1,3"
9519,Fine-Tuned Model,"4,2,6,1,3,5"
9520,Fine-Tuned Model,"5,2,1,6,3,4"
9521,Fine-Tuned Model,
9522,Fine-Tuned Model,"1,1"
9523,Fine-Tuned Model,
9524,Fine-Tuned Model,"4,2,3,5,6,1"
9525,Fine-Tuned Model,"1,5,2,3,3,2"
9526,Fine-Tuned Model,"4,3,6,2,5,1"
9527,Fine-Tuned Model,"4,2,6,3,5,1"
9528,Fine-Tuned Model,"2,5,3,6,1,4"
9529,Fine-Tuned Model,
9530,Fine-Tuned Model,"3,6,2,1,4,5"
9531,Fine-Tuned Model,
9532,Fine-Tuned Model,"4,3,6,2,5,1"
9533,Fine-Tuned Model,"1,2,3,4,5,6"
9534,Fine-Tuned Model,"1,2,5,3,6,4"
9535,Fine-Tuned Model,"4,6,2,5,1,3"
9536,Fine-Tuned Model,"1,6,6,1,4,3"
9537,Fine-Tuned Model,"2,5,3,6,1,4"
9538,Fine-Tuned Model,"1,2,3,4,5,6"
9539,Fine-Tuned Model,
9540,Fine-Tuned Model,"2,5,4,1,6,3"
9541,Fine-Tuned Model,"4,2,3,6,5,1"
9542,Fine-Tuned Model,"5,2,4,6,3,1"
9543,Fine-Tuned Model,"3,1,5,6,2,4"
9544,Fine-Tuned Model,"4,2,5,1,6,3"
9545,Fine-Tuned Model,"1,6,1,6,1,6"
9546,Fine-Tuned Model,"1,4,3,6,2,5"
9547,Fine-Tuned Model,"4,2,5,6,1,3"
9548,Fine-Tuned Model,"4,2,6,5,1,3"
9549,Fine-Tuned Model,"2,4,1,6,3,2"
9550,Fine-Tuned Model,
9551,Fine-Tuned Model,"6,3,2,6,5,1"
9552,Fine-Tuned Model,
9553,Fine-Tuned Model,"4,2,6,1,5,3"
9554,Fine-Tuned Model,"1,3,2,6,4,5"
9555,Fine-Tuned Model,"3,3,6,4"
9556,Fine-Tuned Model,"1,6,6,6"
9557,Fine-Tuned Model,"5,3,2,4,6,1"
9558,Fine-Tuned Model,"5,2,6,1,4,3"
9559,Fine-Tuned Model,
9560,Fine-Tuned Model,"1,3,4,2,6,5"
9561,Fine-Tuned Model,"4,6,2,5,3,1"
9562,Fine-Tuned Model,
9563,Fine-Tuned Model,"3,1,6,3,2,5"
9564,Fine-Tuned Model,"3,5,2,6,1,4"
9565,Fine-Tuned Model,"2,3,4,5,6,1"
9566,Fine-Tuned Model,"1,1"
9567,Fine-Tuned Model,"1,4,5,2,3,6"
9568,Fine-Tuned Model,
9569,Fine-Tuned Model,"3,2,6,1,4,5"
9570,Fine-Tuned Model,
9571,Fine-Tuned Model,
9572,Fine-Tuned Model,"1,6,6"
9573,Fine-Tuned Model,
9574,Fine-Tuned Model,"4,6,3,2,5,1"
9575,Fine-Tuned Model,"5,2,4,1,6,3"
9576,Fine-Tuned Model,
9577,Fine-Tuned Model,"1,2,3,6,5,2"
9578,Fine-Tuned Model,"4,2,5,1,3,6"
9579,Fine-Tuned Model,"3,5,2,1,4,6"
9580,Fine-Tuned Model,"1,6,6"
9581,Fine-Tuned Model,"4,2,6,3,5,1"
9582,Fine-Tuned Model,"4,2,6,3,1,5"
9583,Fine-Tuned Model,"3,5,2,6,4,1"
9584,Fine-Tuned Model,"1,3,2,6,3,4"
9585,Fine-Tuned Model,
9586,Fine-Tuned Model,"1,2,3,4,5,6"
9587,Fine-Tuned Model,
9588,Fine-Tuned Model,
9589,Fine-Tuned Model,"5,3,6,2,4,1"
9590,Fine-Tuned Model,
9591,Fine-Tuned Model,"2,6,4,1,3,5"
9592,Fine-Tuned Model,"4,2,3,6,1,5"
9593,Fine-Tuned Model,"2,5,6,3,1,4"
9594,Fine-Tuned Model,"5,3,4,1,6,2"
9595,Fine-Tuned Model,
9596,Fine-Tuned Model,"1,4,2,6,3,5"
9597,Fine-Tuned Model,"3,2,5,1,6,4"
9598,Fine-Tuned Model,
9599,Fine-Tuned Model,"6,3,5,2,4,1"
9600,Fine-Tuned Model,"1,2,3,4,5,6"
9601,Fine-Tuned Model,"6,5,3,2,1,6"
9602,Fine-Tuned Model,"3,1,6,4,5,2"
9603,Fine-Tuned Model,"1,2,6,3,5,4"
9604,Fine-Tuned Model,"3,6,2,1,5,4"
9605,Fine-Tuned Model,"4,2,6,3,5,1"
9606,Fine-Tuned Model,"2,6,3,5,1,4"
9607,Fine-Tuned Model,"2,5,1,4,3,6"
9608,Fine-Tuned Model,"4,2,5,6,1,3"
9609,Fine-Tuned Model,"2,5,4,1,6,3"
9610,Fine-Tuned Model,"3,4,1,2,5,6"
9611,Fine-Tuned Model,
9612,Fine-Tuned Model,"4,6,3,2,5,1"
9613,Fine-Tuned Model,"3,4,2,6,1,5"
9614,Fine-Tuned Model,"1,4,3,6,5,2"
9615,Fine-Tuned Model,
9616,Fine-Tuned Model,"1,2,3,4,5"
9617,Fine-Tuned Model,"4,2,6,5,1,3"
9618,Fine-Tuned Model,"2,6,3,5,1,4"
9619,Fine-Tuned Model,"5,3,2,6,4,1"
9620,Fine-Tuned Model,"2,4,1,5,3,6"
9621,Fine-Tuned Model,"5,2,3,6,1,4"
9622,Fine-Tuned Model,"4,3,6,2,5,1"
9623,Fine-Tuned Model,"2,6,4,1,5,3"
9624,Fine-Tuned Model,"1,2,3,4,5,6"
9625,Fine-Tuned Model,"3,1,5,2,6,4"
9626,Fine-Tuned Model,"4,3,5,2,6,1"
9627,Fine-Tuned Model,
9628,Fine-Tuned Model,"2,6,4,3,5,1"
9629,Fine-Tuned Model,"4,2,5,6,3,1"
9630,Fine-Tuned Model,"1,6,2,6,6,3"
9631,Fine-Tuned Model,"4,2,6,1,3,5"
9632,Fine-Tuned Model,"1,3,6,4,5,2"
9633,Fine-Tuned Model,"4,2,6,3,5,1"
9634,Fine-Tuned Model,"3,1,6,4,2,5"
9635,Fine-Tuned Model,"6,4,2,5,3,1"
9636,Fine-Tuned Model,"1,6,1,6,1,6"
9637,Fine-Tuned Model,
9638,Fine-Tuned Model,"3,6,5,2,4,1"
9639,Fine-Tuned Model,"2,6,4,3,5,1"
9640,Fine-Tuned Model,"4,1,3,2,5,6"
9641,Fine-Tuned Model,"4,2,6,3,5,1"
9642,Fine-Tuned Model,"4,3,6,5,2,1"
9643,Fine-Tuned Model,"3,5,2,1,6,4"
9644,Fine-Tuned Model,
9645,Fine-Tuned Model,"4,3,6,2,5,1"
9646,Fine-Tuned Model,"2,5,1,4,3,6"
9647,Fine-Tuned Model,"3,6,1,2,5,4"
9648,Fine-Tuned Model,"3,4,2,6,5,1"
9649,Fine-Tuned Model,"2,5,4,1,6,3"
9650,Fine-Tuned Model,"2,5,3,6,1,4"
9651,Fine-Tuned Model,"2,5,1,6,3,4"
9652,Fine-Tuned Model,"3,4,5,2,6,1"
9653,Fine-Tuned Model,"4,2,6,3,5,1"
9654,Fine-Tuned Model,"2,4,6,5,1,3"
9655,Fine-Tuned Model,"5,2,3,1,6,4"
9656,Fine-Tuned Model,5
9657,Fine-Tuned Model,"2,6,5,3,1,4"
9658,Fine-Tuned Model,
9659,Fine-Tuned Model,"2,5,3,6,1,4"
9660,Fine-Tuned Model,
9661,Fine-Tuned Model,"2,5,3,6,2,1"
9662,Fine-Tuned Model,"5,2,3,6"
9663,Fine-Tuned Model,"1,2,3,1,5,2"
9664,Fine-Tuned Model,"2,4,6,3,5,1"
9665,Fine-Tuned Model,"5,2,6,3,1,4"
9666,Fine-Tuned Model,"1,2,3,5,4,6"
9667,Fine-Tuned Model,
9668,Fine-Tuned Model,"1,2,3,4,5,6"
9669,Fine-Tuned Model,
9670,Fine-Tuned Model,"4,6,2,3,5,1"
9671,Fine-Tuned Model,"3,2,5,1,6,4"
9672,Fine-Tuned Model,"5,3,2,6,1,4"
9673,Fine-Tuned Model,
9674,Fine-Tuned Model,"1,4,2,6,3,5"
9675,Fine-Tuned Model,"4,3,1,2,6,5"
9676,Fine-Tuned Model,"4,2,6,5,1,3"
9677,Fine-Tuned Model,"3,5,1,6,2,4"
9678,Fine-Tuned Model,"3,1,5,2,6,4"
9679,Fine-Tuned Model,"4,2,6,1,5,3"
9680,Fine-Tuned Model,"1,2,6,3,4,5"
9681,Fine-Tuned Model,"4,2,6,5,1,3"
9682,Fine-Tuned Model,
9683,Fine-Tuned Model,"1,6,6,3,6,2"
9684,Fine-Tuned Model,
9685,Fine-Tuned Model,"5,3,1,2,4,6"
9686,Fine-Tuned Model,"5,2,3,6,1,4"
9687,Fine-Tuned Model,
9688,Fine-Tuned Model,"3,1,4,6,2,5"
9689,Fine-Tuned Model,"2,5,6,3,1,4"
9690,Fine-Tuned Model,"2,4,5,3,6,1"
9691,Fine-Tuned Model,"4,6,1,5,2,3"
9692,Fine-Tuned Model,"3,6,2,5,1,4"
9693,Fine-Tuned Model,"1,4,3,6,2,5"
9694,Fine-Tuned Model,"1,3,5,3,4,2"
9695,Fine-Tuned Model,"4,2,6,1,5,3"
9696,Fine-Tuned Model,"5,2,6,4,1,3"
9697,Fine-Tuned Model,"3,5,6,3,4,5"
9698,Fine-Tuned Model,"4,3,6,1,2,5"
9699,Fine-Tuned Model,"1,2,3,1,5,4"
9700,Fine-Tuned Model,
9701,Fine-Tuned Model,"4,6,2,3,5,1"
9702,Fine-Tuned Model,"6,6"
9703,Fine-Tuned Model,3
9704,Fine-Tuned Model,"3,4,2,5,6,1"
9705,Fine-Tuned Model,
9706,Fine-Tuned Model,"4,2,5,1,6,3"
9707,Fine-Tuned Model,"3,6,2,5,4,1"
9708,Fine-Tuned Model,"2,3,6,5,1,4"
9709,Fine-Tuned Model,"2,6,4,1,5,3"
9710,Fine-Tuned Model,1
9711,Fine-Tuned Model,"4,2,6,3,5,1"
9712,Fine-Tuned Model,"3,1,6,2,5,4"
9713,Fine-Tuned Model,"1,3,5,2,6,4"
9714,Fine-Tuned Model,"3,4,2,6,5,1"
9715,Fine-Tuned Model,"2,5,3,6,4,1"
9716,Fine-Tuned Model,"2,5,3,6,1,4"
9717,Fine-Tuned Model,"4,2,3,1,5,6"
9718,Fine-Tuned Model,
9719,Fine-Tuned Model,
9720,Fine-Tuned Model,
9721,Fine-Tuned Model,"4,1,3,5,2,6"
9722,Fine-Tuned Model,
9723,Fine-Tuned Model,"2,6,5,3,1,4"
9724,Fine-Tuned Model,"5,2,6,3,4,1"
9725,Fine-Tuned Model,"3,1,4,2,6,5"
9726,Fine-Tuned Model,"2,4,3,5,2,1"
9727,Fine-Tuned Model,
9728,Fine-Tuned Model,"5,2,3,6,4,5"
9729,Fine-Tuned Model,"5,2,4,6,3,1"
9730,Fine-Tuned Model,
9731,Fine-Tuned Model,"1,2,3,4,5,6"
9732,Fine-Tuned Model,"1,4,2,6,5,3"
9733,Fine-Tuned Model,"3,6,2,5,4,1"
9734,Fine-Tuned Model,"1,3,4,2,6,5"
9735,Fine-Tuned Model,"4,2,5,6,1,3"
9736,Fine-Tuned Model,
9737,Fine-Tuned Model,"3,2,6,1,5,4"
9738,Fine-Tuned Model,
9739,Fine-Tuned Model,"3,6,2,5,1,4"
9740,Fine-Tuned Model,"1,6,3,4,2,5"
9741,Fine-Tuned Model,"6,3,2,5,1,4"
9742,Fine-Tuned Model,
9743,Fine-Tuned Model,"1,3,2,4,3,6"
9744,Fine-Tuned Model,"1,4,2,6,3,5"
9745,Fine-Tuned Model,"3,6,2,5,4,1"
9746,Fine-Tuned Model,"1,3,2,6,5,4"
9747,Fine-Tuned Model,
9748,Fine-Tuned Model,
9749,Fine-Tuned Model,
9750,Fine-Tuned Model,"3,1"
9751,Fine-Tuned Model,
9752,Fine-Tuned Model,6
9753,Fine-Tuned Model,"3,1,4,6,5,2"
9754,Fine-Tuned Model,
9755,Fine-Tuned Model,
9756,Fine-Tuned Model,
9757,Fine-Tuned Model,"3,1,6,2,4,5"
9758,Fine-Tuned Model,"5,2,6,3,1,4"
9759,Fine-Tuned Model,
9760,Fine-Tuned Model,"3,6,2,5,1,4"
9761,Fine-Tuned Model,"1,3,2,4,6,5"
9762,Fine-Tuned Model,"1,2,3,4,5,6"
9763,Fine-Tuned Model,"3,6,1,6,1,3"
9764,Fine-Tuned Model,"4,2,6,1,3,5"
9765,Fine-Tuned Model,"4,6,3,2,5,1"
9766,Fine-Tuned Model,"4,2,5,1,3,6"
9767,Fine-Tuned Model,"2,5,4,3,6,1"
9768,Fine-Tuned Model,"4,2,6,1,5,3"
9769,Fine-Tuned Model,"2,5,1,4,6,3"
9770,Fine-Tuned Model,"5,3,2,6,1,4"
9771,Fine-Tuned Model,"3,1,6,2,5,4"
9772,Fine-Tuned Model,"4,2,6,3,5,1"
9773,Fine-Tuned Model,"2,6,4,1,3,5"
9774,Fine-Tuned Model,
9775,Fine-Tuned Model,
9776,Fine-Tuned Model,"5,4,6,2,3,1"
9777,Fine-Tuned Model,"3,5,2,6,1,4"
9778,Fine-Tuned Model,"6,1,6"
9779,Fine-Tuned Model,"1,2,3,4,5,6"
9780,Fine-Tuned Model,"1,6,6"
9781,Fine-Tuned Model,
9782,Fine-Tuned Model,
9783,Fine-Tuned Model,"3,2,6,4,5,1"
9784,Fine-Tuned Model,"3,2,6,5,1,4"
9785,Fine-Tuned Model,
9786,Fine-Tuned Model,"3,2,5,4,6,1"
9787,Fine-Tuned Model,"5,3,6,2,5,4"
9788,Fine-Tuned Model,
9789,Fine-Tuned Model,"2,4,6,3,5,1"
9790,Fine-Tuned Model,"3,6,1,5,2,4"
9791,Fine-Tuned Model,"3,1,5,2,4,6"
9792,Fine-Tuned Model,"3,6,2,5,1,4"
9793,Fine-Tuned Model,1
9794,Fine-Tuned Model,
9795,Fine-Tuned Model,"5,4,3,2,6,1"
9796,Fine-Tuned Model,
9797,Fine-Tuned Model,"3,6,5,2,4,1"
9798,Fine-Tuned Model,1
9799,Fine-Tuned Model,
9800,Fine-Tuned Model,"2,5,4,3,6,1"
9801,Fine-Tuned Model,"4,6,3,5,2,1"
9802,Fine-Tuned Model,"4,6,5,2,3,1"
9803,Fine-Tuned Model,"3,1,2,5,4,6"
9804,Fine-Tuned Model,"5,3,2,6,1,4"
9805,Fine-Tuned Model,"1,6,1,1,2"
9806,Fine-Tuned Model,2
9807,Fine-Tuned Model,"1,4,3,6,5,2"
9808,Fine-Tuned Model,"4,2,6,1,3,5"
9809,Fine-Tuned Model,"2,6,1,5,3,4"
9810,Fine-Tuned Model,"2,6,1,3,5,4"
9811,Fine-Tuned Model,"1,2,3,4,5"
9812,Fine-Tuned Model,"3,6,1,6,5,2"
9813,Fine-Tuned Model,"5,2,6,3,1,4"
9814,Fine-Tuned Model,"3,6,2,5,1,4"
9815,Fine-Tuned Model,
9816,Fine-Tuned Model,"4,6,5,3,2,1"
9817,Fine-Tuned Model,"1,2,3,4,5,6"
9818,Fine-Tuned Model,"1,2,2,5,3,6"
9819,Fine-Tuned Model,"4,3,6,2,1,5"
9820,Fine-Tuned Model,"6,1,6,6,6,1"
9821,Fine-Tuned Model,
9822,Fine-Tuned Model,
9823,Fine-Tuned Model,"1,2,6,4,3,5"
9824,Fine-Tuned Model,"1,3,2,6,3,2"
9825,Fine-Tuned Model,"3,6,2,5,1,4"
9826,Fine-Tuned Model,
9827,Fine-Tuned Model,"5,3,4,2,6,1"
9828,Fine-Tuned Model,"2,6,5,1,4,3"
9829,Fine-Tuned Model,"5,3,2,6,1,4"
9830,Fine-Tuned Model,"6,1,6,6,1,6"
9831,Fine-Tuned Model,"4,2,6,3,5,1"
9832,Fine-Tuned Model,"1,4,2,6,3,5"
9833,Fine-Tuned Model,"4,2,6,3,5,1"
9834,Fine-Tuned Model,
9835,Fine-Tuned Model,"6,1,6,1,2,3"
9836,Fine-Tuned Model,
9837,Fine-Tuned Model,"4,2,6,3,5,1"
9838,Fine-Tuned Model,"4,2,3,6,1,5"
9839,Fine-Tuned Model,"4,2,6,3,5,1"
9840,Fine-Tuned Model,
9841,Fine-Tuned Model,"3,5,2,6,4,1"
9842,Fine-Tuned Model,"1,3,6,2,5,4"
9843,Fine-Tuned Model,"1,5,2,6,3,4"
9844,Fine-Tuned Model,"4,3,6,2,5,1"
9845,Fine-Tuned Model,"3,6,2,5,4,1"
9846,Fine-Tuned Model,"3,6,2,5,1,4"
9847,Fine-Tuned Model,"1,3,2,6,5,4"
9848,Fine-Tuned Model,"4,2,6,5,3,1"
9849,Fine-Tuned Model,"3,2,6,1,5,4"
9850,Fine-Tuned Model,"4,5,1,4"
9851,Fine-Tuned Model,"2,3,5,4,1,6"
9852,Fine-Tuned Model,"6,1,6"
9853,Fine-Tuned Model,
9854,Fine-Tuned Model,
9855,Fine-Tuned Model,"3,1,5,4,2,6"
9856,Fine-Tuned Model,"1,2,5,3,1,6"
9857,Fine-Tuned Model,
9858,Fine-Tuned Model,"1,4,3,2,6,5"
9859,Fine-Tuned Model,"6,3,2,6,4,5"
9860,Fine-Tuned Model,"6,6"
9861,Fine-Tuned Model,"6,1,6"
9862,Fine-Tuned Model,"2,5,4,1,6,3"
9863,Fine-Tuned Model,"3,6,2,5,4,1"
9864,Fine-Tuned Model,"3,6,2,5,1,4"
9865,Fine-Tuned Model,"3,2,6,5,4,1"
9866,Fine-Tuned Model,"4,5,2,3,6"
9867,Fine-Tuned Model,"4,3,6,2,5,1"
9868,Fine-Tuned Model,"1,1,4,3,2,5"
9869,Fine-Tuned Model,
9870,Fine-Tuned Model,"3,6,2,5,4,1"
9871,Fine-Tuned Model,"3,2,5,1,4,6"
9872,Fine-Tuned Model,
9873,Fine-Tuned Model,
9874,Fine-Tuned Model,"3,6,2,5,1,4"
9875,Fine-Tuned Model,
9876,Fine-Tuned Model,"1,4,2,6,3,5"
9877,Fine-Tuned Model,"2,5,3,6,4,1"
9878,Fine-Tuned Model,"4,2,6,1,5,3"
9879,Fine-Tuned Model,"2,5,1,4,3,6"
9880,Fine-Tuned Model,"4,6,2,5,1,3"
9881,Fine-Tuned Model,"4,2,6,3,1,5"
9882,Fine-Tuned Model,"2,6,4,1,3,5"
9883,Fine-Tuned Model,"6,3,5"
9884,Fine-Tuned Model,"1,2,3,4,5,6"
9885,Fine-Tuned Model,"3,5,1,6,2,4"
9886,Fine-Tuned Model,"3,1,6,5,2,4"
9887,Fine-Tuned Model,
9888,Fine-Tuned Model,"1,3,2,6,4,5"
9889,Fine-Tuned Model,"4,1,5,2,6,3"
9890,Fine-Tuned Model,
9891,Fine-Tuned Model,
9892,Fine-Tuned Model,"1,5,6,3,2,4"
9893,Fine-Tuned Model,"2,4,6,1,3,5"
9894,Fine-Tuned Model,
9895,Fine-Tuned Model,
9896,Fine-Tuned Model,"6,3,4,2,1,5"
9897,Fine-Tuned Model,"4,6,3,2,5,1"
9898,Fine-Tuned Model,"1,2,3,4,5,6"
9899,Fine-Tuned Model,"4,2,6,1,5,3"
9900,Fine-Tuned Model,"6,1,2,3,4,5"
9901,Fine-Tuned Model,
9902,Fine-Tuned Model,"4,2,5,6,3,1"
9903,Fine-Tuned Model,"2,4,3,6,5,1"
9904,Fine-Tuned Model,"6,1,6"
9905,Fine-Tuned Model,"4,2,6,3,5,1"
9906,Fine-Tuned Model,
9907,Fine-Tuned Model,"1,2,3,4,5,6"
9908,Fine-Tuned Model,"2,4,6,1,3,5"
9909,Fine-Tuned Model,
9910,Fine-Tuned Model,"4,2,6,5,1,3"
9911,Fine-Tuned Model,"4,2,6,5,1,3"
9912,Fine-Tuned Model,"1,2,3,4,5,6"
9913,Fine-Tuned Model,"4,2,6,5,1,3"
9914,Fine-Tuned Model,
9915,Fine-Tuned Model,"4,2,6,5,3,1"
9916,Fine-Tuned Model,"4,2,6,1,5,3"
9917,Fine-Tuned Model,"2,5,4,3,6,1"
9918,Fine-Tuned Model,"3,6,2,5,1,4"
9919,Fine-Tuned Model,"4,2,6,3,5,1"
9920,Fine-Tuned Model,"3,4,2,6,5,1"
9921,Fine-Tuned Model,"1,2,3,6,6,4"
9922,Fine-Tuned Model,"2,5,3,1,6,4"
9923,Fine-Tuned Model,
9924,Fine-Tuned Model,"3,6,2,5,4,1"
9925,Fine-Tuned Model,"1,2,4,3,5,6"
9926,Fine-Tuned Model,"3,2,6,5,1,4"
9927,Fine-Tuned Model,"2,3,4,5,6"
9928,Fine-Tuned Model,"2,5,1,6,3,4"
9929,Fine-Tuned Model,"6,3,5,2,4,1"
9930,Fine-Tuned Model,3
9931,Fine-Tuned Model,
9932,Fine-Tuned Model,
9933,Fine-Tuned Model,
9934,Fine-Tuned Model,"6,1"
9935,Fine-Tuned Model,"4,3,6,2,5,1"
9936,Fine-Tuned Model,"4,2,6,1,5,3"
9937,Fine-Tuned Model,"5,2,4,3,6,1"
9938,Fine-Tuned Model,
9939,Fine-Tuned Model,"1,4,2,5,3,6"
9940,Fine-Tuned Model,"4,2,3,6,5,1"
9941,Fine-Tuned Model,"1,2,4,6,3,5"
9942,Fine-Tuned Model,"1,6,6"
9943,Fine-Tuned Model,"6,1,6,5,4,3"
9944,Fine-Tuned Model,"2,5,3,6,1,4"
9945,Fine-Tuned Model,"3,5,2,6,4,1"
9946,Fine-Tuned Model,
9947,Fine-Tuned Model,"2,5,4,3,1,6"
9948,Fine-Tuned Model,"4,3,6,2,5,1"
9949,Fine-Tuned Model,"5,2,6,3,1,4"
9950,Fine-Tuned Model,
9951,Fine-Tuned Model,"6,1,6,4,2"
9952,Fine-Tuned Model,"3,6,5,2,1,4"
9953,Fine-Tuned Model,
9954,Fine-Tuned Model,
9955,Fine-Tuned Model,
9956,Fine-Tuned Model,"3,4,2,5,1,6"
9957,Fine-Tuned Model,"3,2,5,1,4,6"
9958,Fine-Tuned Model,"4,2,6,3,5,1"
9959,Fine-Tuned Model,"5,1,2,4,3,5"
9960,Fine-Tuned Model,
9961,Fine-Tuned Model,"5,1,3,6,4,2"
9962,Fine-Tuned Model,"2,6,3,4,5,1"
9963,Fine-Tuned Model,
9964,Fine-Tuned Model,
9965,Fine-Tuned Model,
9966,Fine-Tuned Model,"3,4,2,6,5,1"
9967,Fine-Tuned Model,"1,6,6"
9968,Fine-Tuned Model,
9969,Fine-Tuned Model,"2,4,6,1,3,5"
9970,Fine-Tuned Model,"3,4,5,6,6"
9971,Fine-Tuned Model,"3,5,1,6,4,2"
9972,Fine-Tuned Model,"1,3,4,2,5,6"
9973,Fine-Tuned Model,
9974,Fine-Tuned Model,
9975,Fine-Tuned Model,"4,2,6,1,5,3"
9976,Fine-Tuned Model,"1,2,3,4,5,6"
9977,Fine-Tuned Model,"1,4,5,3,2,6"
9978,Fine-Tuned Model,"1,2,3,4,5,6"
9979,Fine-Tuned Model,"2,3,5,2,4,1"
9980,Fine-Tuned Model,"2,5,3,4,6,1"
9981,Fine-Tuned Model,"2,5,1,4,6,3"
9982,Fine-Tuned Model,"5,2,6,3,5,1"
9983,Fine-Tuned Model,"4,2,6,3,5,1"
9984,Fine-Tuned Model,"6,3,5,1,4,2"
9985,Fine-Tuned Model,
9986,Fine-Tuned Model,"4,2,6,3,5,1"
9987,Fine-Tuned Model,"3,6,2,5,1,4"
9988,Fine-Tuned Model,"2,4,5,1,3,6"
9989,Fine-Tuned Model,"2,5,4,3,1,6"
9990,Fine-Tuned Model,"3,6,2,5,4,1"
9991,Fine-Tuned Model,
9992,Fine-Tuned Model,"3,6,4,2,5,1"
9993,Fine-Tuned Model,"3,2,5,1,6,4"
9994,Fine-Tuned Model,"2,6,5,3,4,1"
9995,Fine-Tuned Model,"4,2,6,5,3,1"
9996,Fine-Tuned Model,"1,4,2,5,3,6"
9997,Fine-Tuned Model,"4,2,6,3,5,1"
9998,Fine-Tuned Model,"3,6,2,5,4,1"
9999,Fine-Tuned Model,"3,4,2,6,1,5"
10000,Fine-Tuned Model,"3,6,1,5,2,4"
10001,Fine-Tuned Model,"1,3,2,6,4,5"
10002,Fine-Tuned Model,"2,6,3,5,1,4"
10003,Fine-Tuned Model,"3,6,2,5,4,1"
10004,Fine-Tuned Model,"5,2,3,1,6,4"
10005,Fine-Tuned Model,"5,2,4,6,3,1"
10006,Fine-Tuned Model,
10007,Fine-Tuned Model,"4,6,2,5,3,1"
10008,Fine-Tuned Model,"1,2,3,4,5,6"
10009,Fine-Tuned Model,"2,5,4,1,6,3"
10010,Fine-Tuned Model,"2,4,5,1,6,3"
10011,Fine-Tuned Model,"3,5,4,2,6,1"
10012,Fine-Tuned Model,"2,5,3,1,4,6"
10013,Fine-Tuned Model,"3,6,2,5,4,1"
10014,Fine-Tuned Model,"6,1,2,3,4,5"
10015,Fine-Tuned Model,"1,2,3,4,5,6"
10016,Fine-Tuned Model,
10017,Fine-Tuned Model,"1,3,2,6,3,5"
10018,Fine-Tuned Model,"4,2,6,1,5,3"
10019,Fine-Tuned Model,"4,2,6,3,5,1"
10020,Fine-Tuned Model,"3,2,6,5,4,1"
10021,Fine-Tuned Model,"4,6,2,5,3,1"
10022,Fine-Tuned Model,"1,6,6"
10023,Fine-Tuned Model,"4,2,6,5,3,1"
10024,Fine-Tuned Model,"3,5,2,1,4,6"
10025,Fine-Tuned Model,
10026,Fine-Tuned Model,"1,6"
10027,Fine-Tuned Model,"2,5,1,3,6,4"
10028,Fine-Tuned Model,"1,2,3,4,5"
10029,Fine-Tuned Model,"3,2,6,5,4,1"
10030,Fine-Tuned Model,
10031,Fine-Tuned Model,"2,6,3,4,1,5"
10032,Fine-Tuned Model,
10033,Fine-Tuned Model,
10034,Fine-Tuned Model,"4,2,6,1,3,5"
10035,Fine-Tuned Model,
10036,Fine-Tuned Model,"2,3,5,1,6,4"
10037,Fine-Tuned Model,
10038,Fine-Tuned Model,"2,5,1,4,3,6"
10039,Fine-Tuned Model,"4,6,5,2,1,3"
10040,Fine-Tuned Model,"4,2,6,3,5,1"
10041,Fine-Tuned Model,
10042,Fine-Tuned Model,"4,2,6,3,5,1"
10043,Fine-Tuned Model,"5,2,6,3,1,4"
10044,Fine-Tuned Model,"4,2,6,3,5,1"
10045,Fine-Tuned Model,"1,1,1,3,2,5"
10046,Fine-Tuned Model,"3,2,5,6,4,1"
10047,Fine-Tuned Model,
10048,Fine-Tuned Model,"2,5,1,6,3,4"
10049,Fine-Tuned Model,"3,6,2,5,4,1"
10050,Fine-Tuned Model,"3,4,6,2,5,1"
10051,Fine-Tuned Model,6
10052,Fine-Tuned Model,"4,2,6,1,3,5"
10053,Fine-Tuned Model,"3,5,1,6,2,4"
10054,Fine-Tuned Model,"1,2,3,4,5,6"
10055,Fine-Tuned Model,
10056,Fine-Tuned Model,"3,2,5,6,4,1"
10057,Fine-Tuned Model,
10058,Fine-Tuned Model,"3,5,2,6,1,4"
10059,Fine-Tuned Model,"2,4,6,3,5,1"
10060,Fine-Tuned Model,"3,2"
10061,Fine-Tuned Model,"4,2,6,5,3,1"
10062,Fine-Tuned Model,
10063,Fine-Tuned Model,"4,3,2,6,5,1"
10064,Fine-Tuned Model,"3,1,6,4,5,2"
10065,Fine-Tuned Model,"1,4,6,3,2,5"
10066,Fine-Tuned Model,"3,6,2,5,1,4"
10067,Fine-Tuned Model,"4,2,6,5,1,3"
10068,Fine-Tuned Model,"4,3,2,6,1,5"
10069,Fine-Tuned Model,"3,2,6,5,1,4"
10070,Fine-Tuned Model,"3,2,5,1,4,6"
10071,Fine-Tuned Model,"3,5,2,6,1,4"
10072,Fine-Tuned Model,"3,4,2,5,1,6"
10073,Fine-Tuned Model,"2,5,3,1,6,4"
10074,Fine-Tuned Model,
10075,Fine-Tuned Model,
10076,Fine-Tuned Model,"2,6,4,3,1,5"
10077,Fine-Tuned Model,6
10078,Fine-Tuned Model,"5,3,6,2,6,1"
10079,Fine-Tuned Model,"3,6,1,5,2,4"
10080,Fine-Tuned Model,"5,2,3,6,1,4"
10081,Fine-Tuned Model,"4,2,6,5,3,1"
10082,Fine-Tuned Model,"5,3,2,6,1,4"
10083,Fine-Tuned Model,"4,2,6,1,5,3"
10084,Fine-Tuned Model,"3,6,2,5,1,4"
10085,Fine-Tuned Model,
10086,Fine-Tuned Model,"2,5,3,4,2,6"
10087,Fine-Tuned Model,
10088,Fine-Tuned Model,"2,4,6,3,6"
10089,Fine-Tuned Model,"2,5,4,1,3,6"
10090,Fine-Tuned Model,"4,2,6,3,5,1"
10091,Fine-Tuned Model,"3,5,1,6,2,4"
10092,Fine-Tuned Model,
10093,Fine-Tuned Model,"4,2,6,1,5,3"
10094,Fine-Tuned Model,"3,1,6,5,2,4"
10095,Fine-Tuned Model,"1,2,5,3,6,4"
10096,Fine-Tuned Model,"4,2,6,5,3,1"
10097,Fine-Tuned Model,"1,6,1,6,1,6"
10098,Fine-Tuned Model,"3,6,2,4,5,1"
10099,Fine-Tuned Model,"4,2,6,3,5,1"
10100,Fine-Tuned Model,"4,2,6,1,3,5"
10101,Fine-Tuned Model,
10102,Fine-Tuned Model,"2,4,3,5,1,6"
10103,Fine-Tuned Model,"6,5,2,3,1,4"
10104,Fine-Tuned Model,
10105,Fine-Tuned Model,"1,6,6,3,5,1"
10106,Fine-Tuned Model,
10107,Fine-Tuned Model,"3,6,2,1,4,5"
10108,Fine-Tuned Model,"2,5,6,1,3,4"
10109,Fine-Tuned Model,"5,2,4,1,3,6"
10110,Fine-Tuned Model,3
10111,Fine-Tuned Model,"2,6,3,1,5,4"
10112,Fine-Tuned Model,"3,1,6,5,2,4"
10113,Fine-Tuned Model,"4,3,5,2,6,1"
10114,Fine-Tuned Model,
10115,Fine-Tuned Model,"4,2,6,1,5,3"
10116,Fine-Tuned Model,"1,6,6,1,4,2"
10117,Fine-Tuned Model,"6,2,5,4,6,1"
10118,Fine-Tuned Model,"1,2,3,6,1,4"
10119,Fine-Tuned Model,"3,2,6,5,3,1"
10120,Fine-Tuned Model,"4,2,6,3,5,1"
10121,Fine-Tuned Model,"1,2,3,6,2,6"
10122,Fine-Tuned Model,"4,2,5,3,6,1"
10123,Fine-Tuned Model,"1,6,3,6,2,5"
10124,Fine-Tuned Model,"5,3,1,4,2,6"
10125,Fine-Tuned Model,"5,2,3,1,4,6"
10126,Fine-Tuned Model,"4,3,6,1,5,2"
10127,Fine-Tuned Model,
10128,Fine-Tuned Model,"2,5,4,3,1,6"
10129,Fine-Tuned Model,"3,5,2,6,1,4"
10130,Fine-Tuned Model,"3,2,4,6,1,5"
10131,Fine-Tuned Model,"4,1,6,2,5,3"
10132,Fine-Tuned Model,"3,6,1,5,4,2"
10133,Fine-Tuned Model,"1,2,3,4,5,6"
10134,Fine-Tuned Model,
10135,Fine-Tuned Model,"2,6,1,3,4,5"
10136,Fine-Tuned Model,"5,2,6,3,1,4"
10137,Fine-Tuned Model,6
10138,Fine-Tuned Model,
10139,Fine-Tuned Model,"4,2,6,3,5,1"
10140,Fine-Tuned Model,"1,3,2,5,3,4"
10141,Fine-Tuned Model,"4,2,5,6,3,1"
10142,Fine-Tuned Model,"4,1,5,2,6,3"
10143,Fine-Tuned Model,"3,4,2,6,1,5"
10144,Fine-Tuned Model,"3,4,1,5,6,2"
10145,Fine-Tuned Model,"3,6,1,5,2,4"
10146,Fine-Tuned Model,"4,6,3,2,5,1"
10147,Fine-Tuned Model,"4,2,6,1,3,5"
10148,Fine-Tuned Model,"5,2,6,3,1,4"
10149,Fine-Tuned Model,
10150,Fine-Tuned Model,"4,2,6,3,5,1"
10151,Fine-Tuned Model,
10152,Fine-Tuned Model,"4,3,6,2,5,1"
10153,Fine-Tuned Model,
10154,Fine-Tuned Model,"1,3,6,2,5,4"
10155,Fine-Tuned Model,"3,5,1,6,2,4"
10156,Fine-Tuned Model,"3,6,2,1,5,4"
10157,Fine-Tuned Model,"3,6,2,4,5"
10158,Fine-Tuned Model,"1,3,2,6,4,5"
10159,Fine-Tuned Model,"3,1,6,4,2,5"
10160,Fine-Tuned Model,"4,2,6,1,5,3"
10161,Fine-Tuned Model,"4,2,6,1,5,3"
10162,Fine-Tuned Model,"3,1,6,4,2,5"
10163,Fine-Tuned Model,"1,4,6,2,5,3"
10164,Fine-Tuned Model,"1,6,1,6,1,6"
10165,Fine-Tuned Model,
10166,Fine-Tuned Model,"3,6,5,2,4,1"
10167,Fine-Tuned Model,"4,6,2,5,1,3"
10168,Fine-Tuned Model,"3,2,6,5,4,1"
10169,Fine-Tuned Model,"4,2,5,6,3,1"
10170,Fine-Tuned Model,"3,5,2,1,4,6"
10171,Fine-Tuned Model,"3,6,1,4,5,2"
10172,Fine-Tuned Model,"5,2,6,3,4,1"
10173,Fine-Tuned Model,"3,6,2,5,1,4"
10174,Fine-Tuned Model,"4,2,6,5,3,1"
10175,Fine-Tuned Model,"4,2,6,3,5,1"
10176,Fine-Tuned Model,
10177,Fine-Tuned Model,"3,5,2,6,4,1"
10178,Fine-Tuned Model,"1,6,4,3,5,2"
10179,Fine-Tuned Model,"3,6,1,5,2,4"
10180,Fine-Tuned Model,"5,3,1"
10181,Fine-Tuned Model,"3,5,2,4,6,1"
10182,Fine-Tuned Model,
10183,Fine-Tuned Model,6
10184,Fine-Tuned Model,"6,1,6,5,2,6"
10185,Fine-Tuned Model,"3,2,4,1,6,5"
10186,Fine-Tuned Model,"1,5,2,6,4,3"
10187,Fine-Tuned Model,
10188,Fine-Tuned Model,"6,1,6"
10189,Fine-Tuned Model,"1,4,2,5,3,1"
10190,Fine-Tuned Model,
10191,Fine-Tuned Model,
10192,Fine-Tuned Model,"5,2,4,1,3,6"
10193,Fine-Tuned Model,"4,2,5,6,1,3"
10194,Fine-Tuned Model,"2,6,5,3,1,4"
10195,Fine-Tuned Model,"1,6,6,2,5,4"
10196,Fine-Tuned Model,"2,4,3,5,1,6"
10197,Fine-Tuned Model,
10198,Fine-Tuned Model,"3,5,2,6,4"
10199,Fine-Tuned Model,
10200,Fine-Tuned Model,"2,6,1,5,3,4"
10201,Fine-Tuned Model,"6,1,6"
10202,Fine-Tuned Model,"1,2,3,4,5,6"
10203,Fine-Tuned Model,"4,2,5,6,3,1"
10204,Fine-Tuned Model,"3,2,6,4,5,1"
10205,Fine-Tuned Model,
10206,Fine-Tuned Model,"1,2,3,4,5,6"
10207,Fine-Tuned Model,"5,2,6,1,4,3"
10208,Fine-Tuned Model,"3,6,2,5,1,4"
10209,Fine-Tuned Model,
10210,Fine-Tuned Model,"3,4,5,2,1,6"
10211,Fine-Tuned Model,"1,3,2,4,5,6"
10212,Fine-Tuned Model,"1,2,3,4,5,6"
10213,Fine-Tuned Model,
10214,Fine-Tuned Model,"4,2,6,3,5,1"
10215,Fine-Tuned Model,"3,5,2,1,6,4"
10216,Fine-Tuned Model,"4,3,5,2,6,1"
10217,Fine-Tuned Model,"2,5,4,3,1,6"
10218,Fine-Tuned Model,"3,2,6,5,4,1"
10219,Fine-Tuned Model,"4,6,3,1,5,2"
10220,Fine-Tuned Model,"1,6,6"
10221,Fine-Tuned Model,"5,2,4,3,1,6"
10222,Fine-Tuned Model,"2,4,5,6,3,1"
10223,Fine-Tuned Model,"5,2,6,3,4,1"
10224,Fine-Tuned Model,"1,6,6"
10225,Fine-Tuned Model,"3,1,6,5,4,2"
10226,Fine-Tuned Model,"4,2,6,5,1,3"
10227,Fine-Tuned Model,"4,2,6,5,1,3"
10228,Fine-Tuned Model,"4,3,1,6,2,5"
10229,Fine-Tuned Model,
10230,Fine-Tuned Model,1
10231,Fine-Tuned Model,"6,3,1,2,3,4"
10232,Fine-Tuned Model,"5,2,6,4,1,3"
10233,Fine-Tuned Model,"3,6,1,4,5,2"
10234,Fine-Tuned Model,"2,6,4,3,1,5"
10235,Fine-Tuned Model,"5,3,2,6,1,4"
10236,Fine-Tuned Model,
10237,Fine-Tuned Model,"3,2,6,4,1,5"
10238,Fine-Tuned Model,"4,1,5,2,3,6"
10239,Fine-Tuned Model,"3,4,6,2,5,1"
10240,Fine-Tuned Model,"4,3,6,5,2,1"
10241,Fine-Tuned Model,"1,2,5,4,6,3"
10242,Fine-Tuned Model,"4,3,6,2,5,1"
10243,Fine-Tuned Model,"3,6,1,5,4,2"
10244,Fine-Tuned Model,"2,4,3,6,1,5"
10245,Fine-Tuned Model,"1,3,5,2,6,4"
10246,Fine-Tuned Model,"3,6,2,5,4,1"
10247,Fine-Tuned Model,"1,3,4,3,2,5"
10248,Fine-Tuned Model,
10249,Fine-Tuned Model,"4,2,3,6,5,1"
10250,Fine-Tuned Model,"4,2,6,5,1,3"
10251,Fine-Tuned Model,6
10252,Fine-Tuned Model,"5,2,4,1,3,6"
10253,Fine-Tuned Model,
10254,Fine-Tuned Model,"4,2,6,1,5,3"
10255,Fine-Tuned Model,"2,3,1,5,6,3"
10256,Fine-Tuned Model,
10257,Fine-Tuned Model,"3,4,5,2,6,1"
10258,Fine-Tuned Model,5
10259,Fine-Tuned Model,"3,5,2,4,6,1"
10260,Fine-Tuned Model,"2,4,1,6,5,3"
10261,Fine-Tuned Model,"2,5,3,6,4,5"
10262,Fine-Tuned Model,
10263,Fine-Tuned Model,"2,5,1,4,3,6"
10264,Fine-Tuned Model,"2,5,4,6,3,1"
10265,Fine-Tuned Model,"1,3,4,2,5,6"
10266,Fine-Tuned Model,"3,6,5,2,4,1"
10267,Fine-Tuned Model,"3,5,2,1,6,4"
10268,Fine-Tuned Model,
10269,Fine-Tuned Model,
10270,Fine-Tuned Model,"3,6,2,4,1,5"
10271,Fine-Tuned Model,"2,5,1,6,3"
10272,Fine-Tuned Model,
10273,Fine-Tuned Model,"3,2,6,1,5,4"
10274,Fine-Tuned Model,"2,5,4,6,3,1"
10275,Fine-Tuned Model,"1,5,3,6,4,5"
10276,Fine-Tuned Model,"1,4,2,5,6,3"
10277,Fine-Tuned Model,"5,2,3,6,1,4"
10278,Fine-Tuned Model,"3,2,4,5,3,6"
10279,Fine-Tuned Model,"2,4,5,3,6,1"
10280,Fine-Tuned Model,6
10281,Fine-Tuned Model,"3,1,6,5,2,4"
10282,Fine-Tuned Model,"5,2,3,6,4,1"
10283,Fine-Tuned Model,"1,3,2,6,5,4"
10284,Fine-Tuned Model,
10285,Fine-Tuned Model,"3,5,2,6,4,1"
10286,Fine-Tuned Model,"1,6,6"
10287,Fine-Tuned Model,"2,5,1,6,4,3"
10288,Fine-Tuned Model,"1,2,4,3,5,6"
10289,Fine-Tuned Model,"1,3,6,2,5,4"
10290,Fine-Tuned Model,"5,4,2,3,1,6"
10291,Fine-Tuned Model,"1,2,4,6,3,5"
10292,Fine-Tuned Model,
10293,Fine-Tuned Model,"1,5,3,2,6,4"
10294,Fine-Tuned Model,
10295,Fine-Tuned Model,6
10296,Fine-Tuned Model,"2,4,3,6,5"
10297,Fine-Tuned Model,"4,5,3,6,2,1"
10298,Fine-Tuned Model,
10299,Fine-Tuned Model,"3,5,2,6,1,4"
10300,Fine-Tuned Model,"1,4,5,2,6,3"
10301,Fine-Tuned Model,"3,6,1,4,5,2"
10302,Fine-Tuned Model,"1,2,6"
10303,Fine-Tuned Model,"4,3,6,2,5,1"
10304,Fine-Tuned Model,"4,6,3,2,5,1"
10305,Fine-Tuned Model,"5,2,4,1,6,3"
10306,Fine-Tuned Model,"3,6,5,2,1,4"
10307,Fine-Tuned Model,
10308,Fine-Tuned Model,"3,6,2,4,5,1"
10309,Fine-Tuned Model,
10310,Fine-Tuned Model,"6,1,6"
10311,Fine-Tuned Model,"3,2,5"
10312,Fine-Tuned Model,
10313,Fine-Tuned Model,"3,4,5,2,6,1"
10314,Fine-Tuned Model,"1,6,1,6,5,2"
10315,Fine-Tuned Model,"4,2,6,5,3,1"
10316,Fine-Tuned Model,
10317,Fine-Tuned Model,"3,1,6,5,2,4"
10318,Fine-Tuned Model,"3,6,2,4,5,1"
10319,Fine-Tuned Model,"2,4,3,6,5,1"
10320,Fine-Tuned Model,"3,6,2,5,4,1"
10321,Fine-Tuned Model,"3,6,2,1,4,5"
10322,Fine-Tuned Model,"3,2,5,6,4,1"
10323,Fine-Tuned Model,"3,6,2,5,4,1"
10324,Fine-Tuned Model,"1,4,2,5,3,6"
10325,Fine-Tuned Model,"3,6,2,4,5,1"
10326,Fine-Tuned Model,"3,6,2,5,4,1"
10327,Fine-Tuned Model,"1,2,6,1,3,4"
10328,Fine-Tuned Model,"1,3,2,6,5,4"
10329,Fine-Tuned Model,
10330,Fine-Tuned Model,"4,2,5,1,6,3"
10331,Fine-Tuned Model,"1,2,3,4,5,6"
10332,Fine-Tuned Model,"3,2,5,1,6,4"
10333,Fine-Tuned Model,"5,6,3"
10334,Fine-Tuned Model,"3,5,6,2,4,1"
10335,Fine-Tuned Model,
10336,Fine-Tuned Model,"1,4,2,5,3,6"
10337,Fine-Tuned Model,"4,1,2,5,3,6"
10338,Fine-Tuned Model,"4,6,3,2,4,5"
10339,Fine-Tuned Model,"3,5,2,6,4,1"
10340,Fine-Tuned Model,
10341,Fine-Tuned Model,
10342,Fine-Tuned Model,"1,4,2,3,6,5"
10343,Fine-Tuned Model,"1,5,2,6,4,3"
10344,Fine-Tuned Model,"4,2,6,5,3,1"
10345,Fine-Tuned Model,"2,6,1,4,3,5"
10346,Fine-Tuned Model,"3,2,6,5,1,4"
10347,Fine-Tuned Model,"4,2,6,5,1,3"
10348,Fine-Tuned Model,"1,6,6"
10349,Fine-Tuned Model,"1,6,6"
10350,Fine-Tuned Model,"1,6,3,4,2,5"
10351,Fine-Tuned Model,3
10352,Fine-Tuned Model,"2,6,3,4,5,1"
10353,Fine-Tuned Model,"3,2,4,1,6,5"
10354,Fine-Tuned Model,"2,3"
10355,Fine-Tuned Model,"4,2,5,3,1,6"
10356,Fine-Tuned Model,"3,6,2,5,1,4"
10357,Fine-Tuned Model,"2,3,6,4,1,5"
10358,Fine-Tuned Model,"5,2,3,6,1,4"
10359,Fine-Tuned Model,
10360,Fine-Tuned Model,"6,4"
10361,Fine-Tuned Model,"4,3,6,2,5,1"
10362,Fine-Tuned Model,"1,3,2,6,5,4"
10363,Fine-Tuned Model,1
10364,Fine-Tuned Model,"3,1,6,4,2,5"
10365,Fine-Tuned Model,"5,3,2,6,4,1"
10366,Fine-Tuned Model,"2,5,4,6,3,1"
10367,Fine-Tuned Model,"1,6,2,4,3,5"
10368,Fine-Tuned Model,"1,5,3,2,4,6"
10369,Fine-Tuned Model,"3,2,5,1,6,4"
10370,Fine-Tuned Model,
10371,Fine-Tuned Model,"4,2,6,5,3,1"
10372,Fine-Tuned Model,"4,3,6,1,2,5"
10373,Fine-Tuned Model,"4,2,6,3,1,5"
10374,Fine-Tuned Model,"1,2,3,4,5,6"
10375,Fine-Tuned Model,"1,6,6"
10376,Fine-Tuned Model,
10377,Fine-Tuned Model,"4,3,6,2,5,1"
10378,Fine-Tuned Model,"6,2,5,3,1"
10379,Fine-Tuned Model,2
10380,Fine-Tuned Model,
10381,Fine-Tuned Model,
10382,Fine-Tuned Model,"4,6,3,2,5,1"
10383,Fine-Tuned Model,"4,2,5,3,6,1"
10384,Fine-Tuned Model,"2,4,6,2,5,3"
10385,Fine-Tuned Model,"3,2,6,5,1,4"
10386,Fine-Tuned Model,"4,2,6,3,5,1"
10387,Fine-Tuned Model,
10388,Fine-Tuned Model,"4,2,6,3,1,5"
10389,Fine-Tuned Model,"1,2,3,4,5,6"
10390,Fine-Tuned Model,"2,5,3,6,4,1"
10391,Fine-Tuned Model,"2,6,3,4,2,5"
10392,Fine-Tuned Model,"2,4,3,6,5,1"
10393,Fine-Tuned Model,"3,6,1,2,5,4"
10394,Fine-Tuned Model,"1,2,3,4,5,6"
10395,Fine-Tuned Model,
10396,Fine-Tuned Model,"6,3,5,1,5"
10397,Fine-Tuned Model,"5,2,6,3,1,4"
10398,Fine-Tuned Model,"3,5,1,2,6,4"
10399,Fine-Tuned Model,"4,2,6,3,5,1"
10400,Fine-Tuned Model,"4,3,6,2,5,1"
10401,Fine-Tuned Model,"4,3,1,6,2,5"
10402,Fine-Tuned Model,"5,4,2,6,5,1"
10403,Fine-Tuned Model,
10404,Fine-Tuned Model,"4,1,3,6,2,5"
10405,Fine-Tuned Model,
10406,Fine-Tuned Model,"5,3,1,6,2,4"
10407,Fine-Tuned Model,
10408,Fine-Tuned Model,"1,3,4,2,3,6"
10409,Fine-Tuned Model,
10410,Fine-Tuned Model,"6,1,6,2,6,1"
10411,Fine-Tuned Model,"2,4,5,6,2,1"
10412,Fine-Tuned Model,
10413,Fine-Tuned Model,"4,3,2,6,5,1"
10414,Fine-Tuned Model,"4,2,3,6,1,5"
10415,Fine-Tuned Model,"2,4,6,5,3,1"
10416,Fine-Tuned Model,"2,6,5,3,1,4"
10417,Fine-Tuned Model,
10418,Fine-Tuned Model,1
10419,Fine-Tuned Model,"1,3,5,2,6,4"
10420,Fine-Tuned Model,
10421,Fine-Tuned Model,"3,1,5,6,4,2"
10422,Fine-Tuned Model,"1,2,3,4,5,6"
10423,Fine-Tuned Model,"4,2,5,1,6,3"
10424,Fine-Tuned Model,"1,6,1,6,1,6"
10425,Fine-Tuned Model,"3,6,2,5,1,4"
10426,Fine-Tuned Model,"1,3,2,5,3,2"
10427,Fine-Tuned Model,"5,2,6,3,1,4"
10428,Fine-Tuned Model,"2,4,3,6,5,1"
10429,Fine-Tuned Model,"6,1,6,1,1"
10430,Fine-Tuned Model,"1,2,3,4,5,6"
10431,Fine-Tuned Model,"1,2,3,4,5,6"
10432,Fine-Tuned Model,"1,2,3,4,5,6"
10433,Fine-Tuned Model,"2,4,5,3,1,6"
10434,Fine-Tuned Model,"2,4,1,5,6,3"
10435,Fine-Tuned Model,"1,3,4,2,3,6"
10436,Fine-Tuned Model,"2,5,4,1,6,3"
10437,Fine-Tuned Model,
10438,Fine-Tuned Model,"4,6,2,3,5,1"
10439,Fine-Tuned Model,"6,3,2,5,4,1"
10440,Fine-Tuned Model,"1,2,3,4,5,6"
10441,Fine-Tuned Model,"3,4,2,1,6,5"
10442,Fine-Tuned Model,
10443,Fine-Tuned Model,
10444,Fine-Tuned Model,"1,1,4,6,2,3"
10445,Fine-Tuned Model,"2,4,1,5,6,3"
10446,Fine-Tuned Model,"6,4,2,5,1,3"
10447,Fine-Tuned Model,"4,6,2,5,3,1"
10448,Fine-Tuned Model,"1,6,1,6,1,6"
10449,Fine-Tuned Model,"3,6,2,5,4,1"
10450,Fine-Tuned Model,"3,6,2,1,5,4"
10451,Fine-Tuned Model,
10452,Fine-Tuned Model,"1,2,6,3,6,5"
10453,Fine-Tuned Model,"4,2,6,3,5,1"
10454,Fine-Tuned Model,
10455,Fine-Tuned Model,"1,2,5,3,6,2"
10456,Fine-Tuned Model,"2,5,4,3,1,6"
10457,Fine-Tuned Model,"4,2,3,6,1,5"
10458,Fine-Tuned Model,"4,2,5,3,6,1"
10459,Fine-Tuned Model,
10460,Fine-Tuned Model,"4,3,6,2,5,1"
10461,Fine-Tuned Model,
10462,Fine-Tuned Model,"3,1,6,2,5,4"
10463,Fine-Tuned Model,"1,1,2,3,3,5"
10464,Fine-Tuned Model,"1,2,3,4,5,6"
10465,Fine-Tuned Model,"3,5,1,2,4,6"
10466,Fine-Tuned Model,"3,1,6,2,5,4"
10467,Fine-Tuned Model,
10468,Fine-Tuned Model,"3,4,2,1,5,6"
10469,Fine-Tuned Model,"2,5,6,3,6,1"
10470,Fine-Tuned Model,"3,2,6,1,5,4"
10471,Fine-Tuned Model,"4,2,6,3,1,5"
10472,Fine-Tuned Model,"1,2,3,4,5,6"
10473,Fine-Tuned Model,"1,4,2,5,3,6"
10474,Fine-Tuned Model,"2,5,3,6,4,1"
10475,Fine-Tuned Model,"1,2,3,4,5,6"
10476,Fine-Tuned Model,"2,3,1,4,6,5"
10477,Fine-Tuned Model,"5,3,6,2,6,1"
10478,Fine-Tuned Model,"4,2,6,3,5,1"
10479,Fine-Tuned Model,6
10480,Fine-Tuned Model,"4,3,6,2,5,1"
10481,Fine-Tuned Model,"3,4,5,2,1"
10482,Fine-Tuned Model,
10483,Fine-Tuned Model,"5,3,1,6,4,2"
10484,Fine-Tuned Model,"4,3,6,2,5,1"
10485,Fine-Tuned Model,"4,3,6,1,5,2"
10486,Fine-Tuned Model,"4,2,5,6,1,3"
10487,Fine-Tuned Model,"1,2,3,4,5,6"
10488,Fine-Tuned Model,"4,2,5,3,6,1"
10489,Fine-Tuned Model,"2,6,4,3,5,1"
10490,Fine-Tuned Model,"4,2,6,1,3,5"
10491,Fine-Tuned Model,"1,6,6,2,5,4"
10492,Fine-Tuned Model,
10493,Fine-Tuned Model,
10494,Fine-Tuned Model,
10495,Fine-Tuned Model,"1,3,5,2,4,6"
10496,Fine-Tuned Model,"2,5,1,6,3,4"
10497,Fine-Tuned Model,"2,5,3,6,1,4"
10498,Fine-Tuned Model,"1,5,2,2,3,6"
10499,Fine-Tuned Model,"6,4,3,2,6,5"
10500,Fine-Tuned Model,
10501,Fine-Tuned Model,"4,2,6,1,5,3"
10502,Fine-Tuned Model,"1,2,5,3,6,4"
10503,Fine-Tuned Model,"2,5,6,1,3,4"
10504,Fine-Tuned Model,"4,3,6,2,5,1"
10505,Fine-Tuned Model,
10506,Fine-Tuned Model,"1,2,3,4,6,5"
10507,Fine-Tuned Model,
10508,Fine-Tuned Model,
10509,Fine-Tuned Model,"6,1,6"
10510,Fine-Tuned Model,"3,4,5,6,4,2"
10511,Fine-Tuned Model,"2,5,3,6,1,4"
10512,Fine-Tuned Model,"4,2,6,5,3,1"
10513,Fine-Tuned Model,"1,3,5,2,6,4"
10514,Fine-Tuned Model,
10515,Fine-Tuned Model,"6,3,5,6,2,6"
10516,Fine-Tuned Model,
10517,Fine-Tuned Model,"2,4,3,6,5,1"
10518,Fine-Tuned Model,"5,2,6,4,1,3"
10519,Fine-Tuned Model,"4,2,5,6,1,3"
10520,Fine-Tuned Model,
10521,Fine-Tuned Model,"1,2,3,4,5,6"
10522,Fine-Tuned Model,"2,5,3,1,6,4"
10523,Fine-Tuned Model,"5,3,2,6,4,1"
10524,Fine-Tuned Model,"2,5,1,4,6,3"
10525,Fine-Tuned Model,"6,1,6,6,1,6"
10526,Fine-Tuned Model,"4,2,5,6,3,1"
10527,Fine-Tuned Model,"3,6,5,1,2,4"
10528,Fine-Tuned Model,"1,1,2,3,4,5"
10529,Fine-Tuned Model,"3,6,2,4,5,1"
10530,Fine-Tuned Model,
10531,Fine-Tuned Model,"1,5,3,2,6,4"
10532,Fine-Tuned Model,
10533,Fine-Tuned Model,"3,5,4,2,1,6"
10534,Fine-Tuned Model,"2,5,3,6,1,4"
10535,Fine-Tuned Model,6
10536,Fine-Tuned Model,"4,1,3,2,6,5"
10537,Fine-Tuned Model,"1,4,3,2,6,5"
10538,Fine-Tuned Model,"5,2,6,4,3,1"
10539,Fine-Tuned Model,
10540,Fine-Tuned Model,"2,5,3,6,1,4"
10541,Fine-Tuned Model,
10542,Fine-Tuned Model,"3,6,1,5,4,2"
10543,Fine-Tuned Model,"2,5,3,1,6,4"
10544,Fine-Tuned Model,"3,1,2,4,5,3"
10545,Fine-Tuned Model,
10546,Fine-Tuned Model,"4,2,6,3,5,1"
10547,Fine-Tuned Model,"1,5,6,2,3,4"
10548,Fine-Tuned Model,"2,6,4,1,3,5"
10549,Fine-Tuned Model,"2,5,1,6,3,4"
10550,Fine-Tuned Model,"5,2,6,4,1,3"
10551,Fine-Tuned Model,"1,4,6,2,5,3"
10552,Fine-Tuned Model,"3,5,1,2,4,6"
10553,Fine-Tuned Model,"1,1,2,3,3,6"
10554,Fine-Tuned Model,"5,2,6,3,1,4"
10555,Fine-Tuned Model,"3,1,2,6,5,4"
10556,Fine-Tuned Model,
10557,Fine-Tuned Model,"5,2,6,1,3,4"
10558,Fine-Tuned Model,"1,2,3,5,2,6"
10559,Fine-Tuned Model,"4,2,6,1,3,5"
10560,Fine-Tuned Model,"5,2,4,6,1,3"
10561,Fine-Tuned Model,"2,6,1,5,4,3"
10562,Fine-Tuned Model,"4,2,6,3,1,5"
10563,Fine-Tuned Model,"2,6,1,3,5,4"
10564,Fine-Tuned Model,"6,6,6,1,6,6"
10565,Fine-Tuned Model,"4,2,6,1,5,3"
10566,Fine-Tuned Model,"1,3,4,5,2,6"
10567,Fine-Tuned Model,"1,3,2,6,4,5"
10568,Fine-Tuned Model,"3,6,2,4,5,1"
10569,Fine-Tuned Model,"1,6,2,3,3,2"
10570,Fine-Tuned Model,"2,6,4,3,1,5"
10571,Fine-Tuned Model,"3,5,2,1,6,4"
10572,Fine-Tuned Model,"6,1,6,2,5,4"
10573,Fine-Tuned Model,"3,6,2,5,1,4"
10574,Fine-Tuned Model,"3,6,1,4,2,5"
10575,Fine-Tuned Model,"5,3,2,6,1,4"
10576,Fine-Tuned Model,"3,6,2,1,5,4"
10577,Fine-Tuned Model,"2,5,4,6,3,1"
10578,Fine-Tuned Model,
10579,Fine-Tuned Model,"1,4,5,6,3,2"
10580,Fine-Tuned Model,"1,2,5,3,4,6"
10581,Fine-Tuned Model,"2,5,4,1,3,6"
10582,Fine-Tuned Model,"6,1,6,4,6,2"
10583,Fine-Tuned Model,"1,2,4,5,3,6"
10584,Fine-Tuned Model,
10585,Fine-Tuned Model,"5,2,6,3,1,4"
10586,Fine-Tuned Model,"1,3,6,2,5,4"
10587,Fine-Tuned Model,"1,6"
10588,Fine-Tuned Model,"6,1,6"
10589,Fine-Tuned Model,
10590,Fine-Tuned Model,"6,4,3,6,2,5"
10591,Fine-Tuned Model,"3,1,6,4,5,2"
10592,Fine-Tuned Model,"3,1,6,2,5,4"
10593,Fine-Tuned Model,"3,6,5,2,4,1"
10594,Fine-Tuned Model,"1,6,6"
10595,Fine-Tuned Model,"6,2,4,5,1,3"
10596,Fine-Tuned Model,"4,2,6,1,5,3"
10597,Fine-Tuned Model,
10598,Fine-Tuned Model,"1,6,4,2,5,3"
10599,Fine-Tuned Model,6
10600,Fine-Tuned Model,"5,3,6,2,4,5"
10601,Fine-Tuned Model,"4,2,6,3,5,1"
10602,Fine-Tuned Model,"4,2,6,5,1,3"
10603,Fine-Tuned Model,"1,3,2,6,3,2"
10604,Fine-Tuned Model,"3,5,1,4,6,2"
10605,Fine-Tuned Model,"4,2,5,6,3,1"
10606,Fine-Tuned Model,"2,6,4,5,1,3"
10607,Fine-Tuned Model,"1,1,3,4,2,1"
10608,Fine-Tuned Model,"3,6,2,5,1,4"
10609,Fine-Tuned Model,"4,2,6,5,1,3"
10610,Fine-Tuned Model,"2,5,4,3,6,1"
10611,Fine-Tuned Model,"2,5,1,4,6,3"
10612,Fine-Tuned Model,"1,4,1,6,3,1"
10613,Fine-Tuned Model,"1,6"
10614,Fine-Tuned Model,"3,1,2,5,3,6"
10615,Fine-Tuned Model,"4,2,6,3,5,1"
10616,Fine-Tuned Model,
10617,Fine-Tuned Model,"3,5,6,2,4,1"
10618,Fine-Tuned Model,"1,2,2,1,4,2"
10619,Fine-Tuned Model,"2,6,3,4,5,2"
10620,Fine-Tuned Model,"1,2,3,4,5,6"
10621,Fine-Tuned Model,"4,3,6,5,2,1"
10622,Fine-Tuned Model,"4,3,6,2,5,1"
10623,Fine-Tuned Model,
10624,Fine-Tuned Model,"3,6,2,5,4,1"
10625,Fine-Tuned Model,"3,6,1,5,2,4"
10626,Fine-Tuned Model,"1,4,3,2,6,4"
10627,Fine-Tuned Model,"6,1,6"
10628,Fine-Tuned Model,"1,5,3,6,2,4"
10629,Fine-Tuned Model,"2,4,5,3,1,6"
10630,Fine-Tuned Model,"6,1,6,3"
10631,Fine-Tuned Model,"5,2,6,3,1,4"
10632,Fine-Tuned Model,"1,2,3,4,5,6"
10633,Fine-Tuned Model,"5,2,6,3,4,1"
10634,Fine-Tuned Model,"2,4,5,1,6,3"
10635,Fine-Tuned Model,"4,2,6,1,3,5"
10636,Fine-Tuned Model,
10637,Fine-Tuned Model,"4,2,6,3,5,1"
10638,Fine-Tuned Model,"2,3,6,1,5,4"
10639,Fine-Tuned Model,
10640,Fine-Tuned Model,"5,2,6,4,1,3"
10641,Fine-Tuned Model,"2,3,4,5,6,2"
10642,Fine-Tuned Model,"5,2,6,3,1,4"
10643,Fine-Tuned Model,"3,5,2,6,4,1"
10644,Fine-Tuned Model,
10645,Fine-Tuned Model,"3,4,1,2,5,3"
10646,Fine-Tuned Model,"5,2,6,3,1,4"
10647,Fine-Tuned Model,"2,4,6,1,3,5"
10648,Fine-Tuned Model,"1,2,3,4,5,6"
10649,Fine-Tuned Model,
10650,Fine-Tuned Model,
10651,Fine-Tuned Model,"3,5,2,6,1,4"
10652,Fine-Tuned Model,
10653,Fine-Tuned Model,"1,3,4,2,6,5"
10654,Fine-Tuned Model,"5,1,6"
10655,Fine-Tuned Model,"5,2,6,3,1,4"
10656,Fine-Tuned Model,"6,4,2,3,5,1"
10657,Fine-Tuned Model,"3,6,2,5,4,1"
10658,Fine-Tuned Model,"2,4,3,6,5,1"
10659,Fine-Tuned Model,
10660,Fine-Tuned Model,"3,2,6,1,5,4"
10661,Fine-Tuned Model,"5,2,6,4,1,3"
10662,Fine-Tuned Model,"4,3,2,5,6,1"
10663,Fine-Tuned Model,"4,1,3,5,2,6"
10664,Fine-Tuned Model,"4,2,6,1,5,3"
10665,Fine-Tuned Model,
10666,Fine-Tuned Model,"1,2,3,4,5,6"
10667,Fine-Tuned Model,1
10668,Fine-Tuned Model,"4,2,1,6,5,3"
10669,Fine-Tuned Model,"3,6,2,5,1,4"
10670,Fine-Tuned Model,"1,6"
10671,Fine-Tuned Model,1
10672,Fine-Tuned Model,"6,1,6,6,6,1"
10673,Fine-Tuned Model,
10674,Fine-Tuned Model,
10675,Fine-Tuned Model,"2,6,3,5,1,4"
10676,Fine-Tuned Model,"1,6,6"
10677,Fine-Tuned Model,"6,6"
10678,Fine-Tuned Model,"4,2,6,3,5,1"
10679,Fine-Tuned Model,"5,2,6,1,3,4"
10680,Fine-Tuned Model,"3,6,1,2,5,4"
10681,Fine-Tuned Model,"6,6,6,6,6,6"
10682,Fine-Tuned Model,"2,3,4,2,3,1"
10683,Fine-Tuned Model,"1,2,4,3,6,5"
10684,Fine-Tuned Model,"2,5,1,4,6,3"
10685,Fine-Tuned Model,"3,4,2,6,3,1"
10686,Fine-Tuned Model,"3,4,2,6,5,1"
10687,Fine-Tuned Model,"1,2,3,4,5"
10688,Fine-Tuned Model,"6,1,5,4,6,2"
10689,Fine-Tuned Model,
10690,Fine-Tuned Model,"4,2,6,3,5,1"
10691,Fine-Tuned Model,"1,6"
10692,Fine-Tuned Model,"2,6,3,1,5,4"
10693,Fine-Tuned Model,
10694,Fine-Tuned Model,"2,6,3,1,5,4"
10695,Fine-Tuned Model,"1,6"
10696,Fine-Tuned Model,6
10697,Fine-Tuned Model,"1,2,5,4,6,3"
10698,Fine-Tuned Model,"6,1,6"
10699,Fine-Tuned Model,"3,6,2,5,4,1"
10700,Fine-Tuned Model,"3,2,4,5,6,1"
10701,Fine-Tuned Model,
10702,Fine-Tuned Model,"3,6,2,5,4,1"
10703,Fine-Tuned Model,"4,2,6,3,1,5"
10704,Fine-Tuned Model,"5,2,3,6,1,4"
10705,Fine-Tuned Model,"1,6,3,2,5,4"
10706,Fine-Tuned Model,"1,6,4,2,5,3"
10707,Fine-Tuned Model,"4,3,2,5,1,6"
10708,Fine-Tuned Model,"3,1,6,5,4,2"
10709,Fine-Tuned Model,"5,2,6,1,4,3"
10710,Fine-Tuned Model,"3,2,6,5,1,4"
10711,Fine-Tuned Model,
10712,Fine-Tuned Model,
10713,Fine-Tuned Model,
10714,Fine-Tuned Model,"5,2,3,6,1,4"
10715,Fine-Tuned Model,"3,2,6,5,1,4"
10716,Fine-Tuned Model,
10717,Fine-Tuned Model,
10718,Fine-Tuned Model,"2,5,1,3,4,6"
10719,Fine-Tuned Model,"3,2,6,5,1,4"
10720,Fine-Tuned Model,
10721,Fine-Tuned Model,"2,4,5,1,3,6"
10722,Fine-Tuned Model,
10723,Fine-Tuned Model,"1,2,3,4,5,6"
10724,Fine-Tuned Model,"1,3,2,6,5,1"
10725,Fine-Tuned Model,"2,4,6,5,3,1"
10726,Fine-Tuned Model,
10727,Fine-Tuned Model,"3,6,5,1,2,4"
10728,Fine-Tuned Model,"3,6,2,5,4,1"
10729,Fine-Tuned Model,"1,3,2,4,6,5"
10730,Fine-Tuned Model,3
10731,Fine-Tuned Model,"1,6,6"
10732,Fine-Tuned Model,"3,4,2,5,1,6"
10733,Fine-Tuned Model,"1,2,3,4,5,6"
10734,Fine-Tuned Model,
10735,Fine-Tuned Model,
10736,Fine-Tuned Model,"3,2,6,5,1,4"
10737,Fine-Tuned Model,"6,1,6,3,5"
10738,Fine-Tuned Model,"2,4,6,3,1,5"
10739,Fine-Tuned Model,"4,2,6,5,1,3"
10740,Fine-Tuned Model,
10741,Fine-Tuned Model,"4,2,5,3,6,1"
10742,Fine-Tuned Model,"1,4,2,6,3,1"
10743,Fine-Tuned Model,"3,6,2,5,4,1"
10744,Fine-Tuned Model,"1,6,1,6,6"
10745,Fine-Tuned Model,"1,6,1,2,6,1"
10746,Fine-Tuned Model,"6,1,6"
10747,Fine-Tuned Model,"4,2,6,5,1,3"
10748,Fine-Tuned Model,"5,2,6,1,4,3"
10749,Fine-Tuned Model,"1,2,3,4,5,6"
10750,Fine-Tuned Model,"3,5,2,6,1,4"
10751,Fine-Tuned Model,"3,2,6,5,1,4"
10752,Fine-Tuned Model,"4,2,3,6,5,1"
10753,Fine-Tuned Model,"3,6,2,5,1,4"
10754,Fine-Tuned Model,"3,2,5,6,1,4"
10755,Fine-Tuned Model,
10756,Fine-Tuned Model,"2,5,4,6,3,1"
10757,Fine-Tuned Model,"1,2,3,4,5"
10758,Fine-Tuned Model,"1,4,3,5,2,6"
10759,Fine-Tuned Model,"3,5,2,6,1,4"
10760,Fine-Tuned Model,"4,2,6,1,3,5"
10761,Fine-Tuned Model,"6,1,6,3,4,6"
10762,Fine-Tuned Model,"3,5,2,6,4,1"
10763,Fine-Tuned Model,"1,3,2,6,5,1"
10764,Fine-Tuned Model,3
10765,Fine-Tuned Model,"5,3,6,2,4,1"
10766,Fine-Tuned Model,"1,2,5,4,3,6"
10767,Fine-Tuned Model,"2,4,3,6,1,5"
10768,Fine-Tuned Model,"3,2,5,4,6,1"
10769,Fine-Tuned Model,"1,2,3,4,5,6"
10770,Fine-Tuned Model,
10771,Fine-Tuned Model,
10772,Fine-Tuned Model,
10773,Fine-Tuned Model,"4,2,6,3,5,1"
10774,Fine-Tuned Model,"2,5,6,3,1,4"
10775,Fine-Tuned Model,"1,6,6"
10776,Fine-Tuned Model,"3,5,2,6,4,1"
10777,Fine-Tuned Model,"6,1,6,3,4,3"
10778,Fine-Tuned Model,"3,6,2,5,1,4"
10779,Fine-Tuned Model,"2,5,4,1,6,3"
10780,Fine-Tuned Model,
10781,Fine-Tuned Model,"2,3,5,1,6,3"
10782,Fine-Tuned Model,
10783,Fine-Tuned Model,"1,6"
10784,Fine-Tuned Model,
10785,Fine-Tuned Model,"3,5,2,6,1,4"
10786,Fine-Tuned Model,"1,1,2,3,4,5"
10787,Fine-Tuned Model,"1,3,4,2,5,6"
10788,Fine-Tuned Model,
10789,Fine-Tuned Model,"4,2,6,5,1,3"
10790,Fine-Tuned Model,"3,1,2,6,5,4"
10791,Fine-Tuned Model,"6,6"
10792,Fine-Tuned Model,"1,4,5,3,2,6"
10793,Fine-Tuned Model,
10794,Fine-Tuned Model,
10795,Fine-Tuned Model,"3,6,2,5,1,4"
10796,Fine-Tuned Model,"3,5,2,6,1,4"
10797,Fine-Tuned Model,"1,2,3,4,5"
10798,Fine-Tuned Model,"1,4,3,5,1,6"
10799,Fine-Tuned Model,"4,6,2,5,3,1"
10800,Fine-Tuned Model,
10801,Fine-Tuned Model,"3,2,6,1,5,4"
10802,Fine-Tuned Model,"5,3,1,6,2,4"
10803,Fine-Tuned Model,
10804,Fine-Tuned Model,
10805,Fine-Tuned Model,"3,2,5,4,1,6"
10806,Fine-Tuned Model,"2,4,1,3,5,2"
10807,Fine-Tuned Model,1
10808,Fine-Tuned Model,"3,6,2,1,5,4"
10809,Fine-Tuned Model,"3,6,2,4,5,1"
10810,Fine-Tuned Model,"1,2,3,4,5,6"
10811,Fine-Tuned Model,
10812,Fine-Tuned Model,"3,2,6,5,1,4"
10813,Fine-Tuned Model,"3,6,2,5,4,1"
10814,Fine-Tuned Model,"2,5,6,1,4,3"
10815,Fine-Tuned Model,
10816,Fine-Tuned Model,"3,1,2,6,4,5"
10817,Fine-Tuned Model,"2,4,1,5,6,3"
10818,Fine-Tuned Model,5
10819,Fine-Tuned Model,"5,1,4,3,6,2"
10820,Fine-Tuned Model,
10821,Fine-Tuned Model,"1,4,2,6,5,3"
10822,Fine-Tuned Model,"1,6,6,1,2,5"
10823,Fine-Tuned Model,
10824,Fine-Tuned Model,
10825,Fine-Tuned Model,
10826,Fine-Tuned Model,
10827,Fine-Tuned Model,"6,1,6"
10828,Fine-Tuned Model,"6,1,6"
10829,Fine-Tuned Model,"2,4,6,1,3,5"
10830,Fine-Tuned Model,"2,5,3,6,4,1"
10831,Fine-Tuned Model,
10832,Fine-Tuned Model,"2,6,1,4,5,3"
10833,Fine-Tuned Model,"2,3,5,1,4,6"
10834,Fine-Tuned Model,"3,6,2,5,4,1"
10835,Fine-Tuned Model,"3,6,2,4,5,1"
10836,Fine-Tuned Model,"3,2,4,6,5,1"
10837,Fine-Tuned Model,"3,2,5,1,4,6"
10838,Fine-Tuned Model,"1,3,2,5,4,6"
10839,Fine-Tuned Model,"2,5,4,1,6,3"
10840,Fine-Tuned Model,"3,6,5,2,4,1"
10841,Fine-Tuned Model,"2,5,1,4,6,3"
10842,Fine-Tuned Model,
10843,Fine-Tuned Model,
10844,Fine-Tuned Model,"5,2,1,4,6,3"
10845,Fine-Tuned Model,"3,2,6,1,4,5"
10846,Fine-Tuned Model,"2,5,6,3,1,4"
10847,Fine-Tuned Model,"3,2,6,5,4,1"
10848,Fine-Tuned Model,1
10849,Fine-Tuned Model,
10850,Fine-Tuned Model,"3,4,5,3,6,2"
10851,Fine-Tuned Model,"3,6,2,5,1"
10852,Fine-Tuned Model,
10853,Fine-Tuned Model,"4,2,6,3,1,5"
10854,Fine-Tuned Model,
10855,Fine-Tuned Model,
10856,Fine-Tuned Model,"1,2,3,4,5,6"
10857,Fine-Tuned Model,"2,5,3,1,6,4"
10858,Fine-Tuned Model,
10859,Fine-Tuned Model,"4,1,6,5,3,2"
10860,Fine-Tuned Model,"3,2,6,1,4,5"
10861,Fine-Tuned Model,
10862,Fine-Tuned Model,"1,4,2,3,6,1"
10863,Fine-Tuned Model,"1,4,2,5,6,3"
10864,Fine-Tuned Model,"5,2,1,6,4,3"
10865,Fine-Tuned Model,"3,2,5,6,1,4"
10866,Fine-Tuned Model,"4,6,3,2,5,1"
10867,Fine-Tuned Model,"1,6,1,6,1,6"
10868,Fine-Tuned Model,"3,6,2,1,4,5"
10869,Fine-Tuned Model,"4,2,6,5,3,1"
10870,Fine-Tuned Model,"1,4,3,6,2,5"
10871,Fine-Tuned Model,
10872,Fine-Tuned Model,"1,1,2"
10873,Fine-Tuned Model,"4,2,6,3,1,5"
10874,Fine-Tuned Model,
10875,Fine-Tuned Model,"1,6,6"
10876,Fine-Tuned Model,
10877,Fine-Tuned Model,"2,4,5,1,3,6"
10878,Fine-Tuned Model,
10879,Fine-Tuned Model,"2,5,1,4,3,6"
10880,Fine-Tuned Model,"4,1,6,3,2,5"
10881,Fine-Tuned Model,"5,3,6,2,4,1"
10882,Fine-Tuned Model,"5,3,2,6,1,4"
10883,Fine-Tuned Model,
10884,Fine-Tuned Model,"5,3,6,2,4,1"
10885,Fine-Tuned Model,
10886,Fine-Tuned Model,"5,3,2,6,1,4"
10887,Fine-Tuned Model,"4,2,6,3,5,1"
10888,Fine-Tuned Model,"4,2,6,3,5,1"
10889,Fine-Tuned Model,"3,6,2,5,1,4"
10890,Fine-Tuned Model,
10891,Fine-Tuned Model,"2,5,3,6,4,1"
10892,Fine-Tuned Model,"1,3,5,2,3,6"
10893,Fine-Tuned Model,"1,4,6,2,3,5"
10894,Fine-Tuned Model,"1,2,5,3,6,4"
10895,Fine-Tuned Model,
10896,Fine-Tuned Model,6
10897,Fine-Tuned Model,"4,2,3,6,1,5"
10898,Fine-Tuned Model,"2,6,3,5,4,1"
10899,Fine-Tuned Model,"4,2,6,3,1,5"
10900,Fine-Tuned Model,"2,4,6,1,3,5"
10901,Fine-Tuned Model,"4,2,5,1,3,6"
10902,Fine-Tuned Model,
10903,Fine-Tuned Model,
10904,Fine-Tuned Model,
10905,Fine-Tuned Model,
10906,Fine-Tuned Model,6
10907,Fine-Tuned Model,
10908,Fine-Tuned Model,"3,2,6,5,4,1"
10909,Fine-Tuned Model,
10910,Fine-Tuned Model,
10911,Fine-Tuned Model,"3,6,4,1,3,5"
10912,Fine-Tuned Model,"4,2,5,1,6,3"
10913,Fine-Tuned Model,"3,2,4,1,6,3"
10914,Fine-Tuned Model,"1,5,3,6,2,4"
10915,Fine-Tuned Model,"5,2,3,4,1,6"
10916,Fine-Tuned Model,"6,1,6,1,6,1"
10917,Fine-Tuned Model,"2,5,3,6,1"
10918,Fine-Tuned Model,
10919,Fine-Tuned Model,"4,2,5,1,6,3"
10920,Fine-Tuned Model,
10921,Fine-Tuned Model,"1,2,3,4,5,6"
10922,Fine-Tuned Model,"4,1,3,2,6,5"
10923,Fine-Tuned Model,"5,2,3,1,6,4"
10924,Fine-Tuned Model,"4,2,6,5,3,1"
10925,Fine-Tuned Model,"4,2,3,6,5,1"
10926,Fine-Tuned Model,"1,3,4,6,2,5"
10927,Fine-Tuned Model,"6,4,2,5,3"
10928,Fine-Tuned Model,"1,6,6"
10929,Fine-Tuned Model,"4,2,6,3,5,1"
10930,Fine-Tuned Model,"4,2,5,1,6,3"
10931,Fine-Tuned Model,"4,3,1,2,6"
10932,Fine-Tuned Model,"5,2,6,1,4,3"
10933,Fine-Tuned Model,"2,6,1,4,3,5"
10934,Fine-Tuned Model,
10935,Fine-Tuned Model,"3,2,5,4,6,1"
10936,Fine-Tuned Model,"2,4,6,3,5,1"
10937,Fine-Tuned Model,"1,5,3,4,2,6"
10938,Fine-Tuned Model,"1,2,3,4,5,6"
10939,Fine-Tuned Model,"3,6,4,5,2,1"
10940,Fine-Tuned Model,"2,5,4,1,6,3"
10941,Fine-Tuned Model,"2,5,3,6,1,4"
10942,Fine-Tuned Model,"4,2,6,5,3,1"
10943,Fine-Tuned Model,"3,4,2,1,5,6"
10944,Fine-Tuned Model,"2,5,3,6,1,4"
10945,Fine-Tuned Model,"2,3,6,4,2,6"
10946,Fine-Tuned Model,"4,3,6,2,5,1"
10947,Fine-Tuned Model,"2,5,3,6,1,4"
10948,Fine-Tuned Model,
10949,Fine-Tuned Model,"3,6,2,5,4,1"
10950,Fine-Tuned Model,"5,1,4,2,6,3"
10951,Fine-Tuned Model,"3,6,2,5,4,1"
10952,Fine-Tuned Model,"4,2,6,5,1,3"
10953,Fine-Tuned Model,"3,6,1,4,2,5"
10954,Fine-Tuned Model,"4,2,5,3,6,1"
10955,Fine-Tuned Model,"2,6,1,4,5,3"
10956,Fine-Tuned Model,"4,2,3,6,1,5"
10957,Fine-Tuned Model,"6,4,2,5,1,3"
10958,Fine-Tuned Model,
10959,Fine-Tuned Model,
10960,Fine-Tuned Model,
10961,Fine-Tuned Model,"1,5,3,2,6,4"
10962,Fine-Tuned Model,"1,2,3,6,5,1"
10963,Fine-Tuned Model,"2,6,3,5,4,1"
10964,Fine-Tuned Model,
10965,Fine-Tuned Model,"4,3,6,2,5,1"
10966,Fine-Tuned Model,
10967,Fine-Tuned Model,"4,6,2,5,3,1"
10968,Fine-Tuned Model,"1,5,2,2,3,6"
10969,Fine-Tuned Model,
10970,Fine-Tuned Model,"4,2,6,1,5,3"
10971,Fine-Tuned Model,
10972,Fine-Tuned Model,
10973,Fine-Tuned Model,"4,2,6,3,1,5"
10974,Fine-Tuned Model,"1,3,4,6,2,5"
10975,Fine-Tuned Model,
10976,Fine-Tuned Model,"2,5,1,4,6,3"
10977,Fine-Tuned Model,"1,3,3,2"
10978,Fine-Tuned Model,"3,4,6,2,3,5"
10979,Fine-Tuned Model,"3,2,4,5,2,1"
10980,Fine-Tuned Model,"1,3,2,5,6,4"
10981,Fine-Tuned Model,"5,3,6,2,6,1"
10982,Fine-Tuned Model,"2,4,6,5,3,1"
10983,Fine-Tuned Model,"1,6,6"
10984,Fine-Tuned Model,
10985,Fine-Tuned Model,"2,3,5,6,1,4"
10986,Fine-Tuned Model,
10987,Fine-Tuned Model,"4,2,6,3,1,5"
10988,Fine-Tuned Model,"4,2,6,3,1,5"
10989,Fine-Tuned Model,"2,5,3,1,6,4"
10990,Fine-Tuned Model,"4,6,2,5,3,1"
10991,Fine-Tuned Model,"4,3,6,1,5,2"
10992,Fine-Tuned Model,"5,2,6,1,4,3"
10993,Fine-Tuned Model,"3,5,6,2,4,1"
10994,Fine-Tuned Model,
10995,Fine-Tuned Model,"3,2,6,5,4,1"
10996,Fine-Tuned Model,"3,4,2,6,5,1"
10997,Fine-Tuned Model,"1,6,6,6"
10998,Fine-Tuned Model,"3,2,6,5,1,4"
10999,Fine-Tuned Model,"2,4,6,3,5,1"
11000,Fine-Tuned Model,
11001,Fine-Tuned Model,"2,5,3,1,6,4"
11002,Fine-Tuned Model,"6,1,6"
11003,Fine-Tuned Model,"4,2,6,3,5,1"
11004,Fine-Tuned Model,"4,3,6,1,5,2"
11005,Fine-Tuned Model,
11006,Fine-Tuned Model,"1,6"
11007,Fine-Tuned Model,"1,2,3,5,6,4"
11008,Fine-Tuned Model,"1,2,6,3,5,4"
11009,Fine-Tuned Model,"2,5,3,6,4,1"
11010,Fine-Tuned Model,"5,2,6,3,1,4"
11011,Fine-Tuned Model,"3,4,2,6,1,5"
11012,Fine-Tuned Model,"6,1,6"
11013,Fine-Tuned Model,
11014,Fine-Tuned Model,"1,6,6"
11015,Fine-Tuned Model,
11016,Fine-Tuned Model,"3,6,2,5,4,1"
11017,Fine-Tuned Model,"2,6,3,1,5,4"
11018,Fine-Tuned Model,"1,2,6"
11019,Fine-Tuned Model,"4,2,6,1,3,5"
11020,Fine-Tuned Model,"3,6,2,5,1,4"
11021,Fine-Tuned Model,"4,2,6,5,1,3"
11022,Fine-Tuned Model,"4,2,6,3,5,1"
11023,Fine-Tuned Model,"2,5,1,3,4,6"
11024,Fine-Tuned Model,"3,5,2,6,4,1"
11025,Fine-Tuned Model,3
11026,Fine-Tuned Model,"1,6,6"
11027,Fine-Tuned Model,"4,2,6,3,5,1"
11028,Fine-Tuned Model,
11029,Fine-Tuned Model,"3,1,6,2,5,4"
11030,Fine-Tuned Model,"4,2,5,6,3,1"
11031,Fine-Tuned Model,"5,2,6,1,4,3"
11032,Fine-Tuned Model,"2,4,6,1,5,3"
11033,Fine-Tuned Model,"1,5,6,3,2,4"
11034,Fine-Tuned Model,"2,6,5,4,3,1"
11035,Fine-Tuned Model,
11036,Fine-Tuned Model,6
11037,Fine-Tuned Model,"4,3,6,2,5,1"
11038,Fine-Tuned Model,"4,3,6,2,5,1"
11039,Fine-Tuned Model,"5,2,3,6,1,4"
11040,Fine-Tuned Model,"4,6,2,5,3,1"
11041,Fine-Tuned Model,"1,5,3,2,6,4"
11042,Fine-Tuned Model,"1,3,6,4,2,5"
11043,Fine-Tuned Model,"1,2,3,2,4,5"
11044,Fine-Tuned Model,
11045,Fine-Tuned Model,"3,6,2,5,1,4"
11046,Fine-Tuned Model,"3,6,2,5,4,1"
11047,Fine-Tuned Model,"5,3,1,2,6,4"
11048,Fine-Tuned Model,"4,3,6,2,5,1"
11049,Fine-Tuned Model,"4,2,6,1,5,3"
11050,Fine-Tuned Model,"1,4,3,2,5,6"
11051,Fine-Tuned Model,"1,6,6,1,6"
11052,Fine-Tuned Model,"4,2,6,3,1,5"
11053,Fine-Tuned Model,"6,1,6"
11054,Fine-Tuned Model,"2,4,6,3,2,5"
11055,Fine-Tuned Model,"1,4,2,6,3,2"
11056,Fine-Tuned Model,"3,6,2,5,6,1"
11057,Fine-Tuned Model,"3,6,2,5,4,1"
11058,Fine-Tuned Model,
11059,Fine-Tuned Model,"1,2,3,4,5,6"
11060,Fine-Tuned Model,"3,6,2,5,4,1"
11061,Fine-Tuned Model,"4,2,5,1,6,3"
11062,Fine-Tuned Model,
11063,Fine-Tuned Model,"1,6,6,6,1,6"
11064,Fine-Tuned Model,"1,2,3,4,5,6"
11065,Fine-Tuned Model,"5,3,1,4,2,6"
11066,Fine-Tuned Model,
11067,Fine-Tuned Model,"2,4,3,1,6,5"
11068,Fine-Tuned Model,
11069,Fine-Tuned Model,
11070,Fine-Tuned Model,
11071,Fine-Tuned Model,"1,6,3,5,4,2"
11072,Fine-Tuned Model,"1,2,3,4,5,6"
11073,Fine-Tuned Model,"6,1,6"
11074,Fine-Tuned Model,"1,6,6"
11075,Fine-Tuned Model,"2,5,1,6,3,4"
11076,Fine-Tuned Model,"4,6,3,5,2,1"
11077,Fine-Tuned Model,"4,2,6,3,5"
11078,Fine-Tuned Model,"5,2,6,1,4,3"
11079,Fine-Tuned Model,"2,6,3,5,4,1"
11080,Fine-Tuned Model,"3,5,2,6,1,4"
11081,Fine-Tuned Model,
11082,Fine-Tuned Model,
11083,Fine-Tuned Model,
11084,Fine-Tuned Model,"3,6,2,5,1,4"
11085,Fine-Tuned Model,
11086,Fine-Tuned Model,
11087,Fine-Tuned Model,"1,4,5,2,3,6"
11088,Fine-Tuned Model,
11089,Fine-Tuned Model,"3,4,5,2,6"
11090,Fine-Tuned Model,"3,2,5"
11091,Fine-Tuned Model,"1,5,4,6,2,3"
11092,Fine-Tuned Model,6
11093,Fine-Tuned Model,"3,6,4,2,5,1"
11094,Fine-Tuned Model,"5,1,3,2,6,4"
11095,Fine-Tuned Model,"5,3,4,2,1,6"
11096,Fine-Tuned Model,"4,2,3,6,5,1"
11097,Fine-Tuned Model,"2,5,6,4,1,3"
11098,Fine-Tuned Model,"1,4,3,6,2,5"
11099,Fine-Tuned Model,"3,6,4,2,5,1"
11100,Fine-Tuned Model,"1,2,6,5,3,4"
11101,Fine-Tuned Model,"2,5,3,4,6,1"
11102,Fine-Tuned Model,"1,3,2,6,5,4"
11103,Fine-Tuned Model,"4,3,2,6,1,5"
11104,Fine-Tuned Model,"2,4,3,5,1,6"
11105,Fine-Tuned Model,"2,4,6,3,5,6"
11106,Fine-Tuned Model,"1,4,6,2,5,3"
11107,Fine-Tuned Model,"3,5,1,2,6,4"
11108,Fine-Tuned Model,"1,4,2,6,3,5"
11109,Fine-Tuned Model,"5,4,2,6,1,3"
11110,Fine-Tuned Model,"1,4,2,6,5,3"
11111,Fine-Tuned Model,"6,1,6,6,1,6"
11112,Fine-Tuned Model,"4,2,5,6,1,3"
11113,Fine-Tuned Model,"4,3,6,2,5,1"
11114,Fine-Tuned Model,"4,2,6,1,3,5"
11115,Fine-Tuned Model,
11116,Fine-Tuned Model,"5,3,6,2,4,1"
11117,Fine-Tuned Model,
11118,Fine-Tuned Model,"6,3,1,4,2,5"
11119,Fine-Tuned Model,"1,6,6"
11120,Fine-Tuned Model,"3,4,2,5,6,1"
11121,Fine-Tuned Model,"3,1,5,2,4,6"
11122,Fine-Tuned Model,"4,2,6,1,5,3"
11123,Fine-Tuned Model,"3,6,5,2,4,1"
11124,Fine-Tuned Model,"1,3,2,6,3,2"
11125,Fine-Tuned Model,"5,2,6,1,4,3"
11126,Fine-Tuned Model,
11127,Fine-Tuned Model,"2,5,3,6,1,4"
11128,Fine-Tuned Model,
11129,Fine-Tuned Model,"4,2,6,3,5,1"
11130,Fine-Tuned Model,"3,6,2,4,5,1"
11131,Fine-Tuned Model,
11132,Fine-Tuned Model,
11133,Fine-Tuned Model,"3,5,4,2,3,6"
11134,Fine-Tuned Model,
11135,Fine-Tuned Model,
11136,Fine-Tuned Model,"1,4,3,2,6,5"
11137,Fine-Tuned Model,"3,5,2,6,4,1"
11138,Fine-Tuned Model,"4,3,6,2,5,1"
11139,Fine-Tuned Model,"3,2,6,5,1,4"
11140,Fine-Tuned Model,
11141,Fine-Tuned Model,"4,2,6,1,5,3"
11142,Fine-Tuned Model,"4,6,3,5,2,1"
11143,Fine-Tuned Model,"1,2,3,4,5,6"
11144,Fine-Tuned Model,
11145,Fine-Tuned Model,"3,6,2,5,4,1"
11146,Fine-Tuned Model,"3,5,2,6,4,1"
11147,Fine-Tuned Model,"4,2,6,3,5,1"
11148,Fine-Tuned Model,"3,6,1,4,2"
11149,Fine-Tuned Model,
11150,Fine-Tuned Model,"4,6,2,5,3,1"
11151,Fine-Tuned Model,"1,4,6,3,2,5"
11152,Fine-Tuned Model,"6,1,6"
11153,Fine-Tuned Model,"1,3,4,2,6,5"
11154,Fine-Tuned Model,"3,6,2,5,1,4"
11155,Fine-Tuned Model,"3,6,5,2,1,4"
11156,Fine-Tuned Model,"4,3,6,1,5,2"
11157,Fine-Tuned Model,"6,1,6"
11158,Fine-Tuned Model,
11159,Fine-Tuned Model,"4,2,5,1,6,3"
11160,Fine-Tuned Model,
11161,Fine-Tuned Model,"1,6,6,2,4,1"
11162,Fine-Tuned Model,
11163,Fine-Tuned Model,"2,5,1,6,4,3"
11164,Fine-Tuned Model,"1,3,2,4,6,5"
11165,Fine-Tuned Model,"4,2,6,1,3,5"
11166,Fine-Tuned Model,"5,5,5,5,5,5"
11167,Fine-Tuned Model,6
11168,Fine-Tuned Model,"6,3,5,2,6,4"
11169,Fine-Tuned Model,
11170,Fine-Tuned Model,
11171,Fine-Tuned Model,"2,3,5,4,6,1"
11172,Fine-Tuned Model,"1,6,3,5,2,4"
11173,Fine-Tuned Model,"4,3,5,2,6,1"
11174,Fine-Tuned Model,"2,5,3,1,4,6"
11175,Fine-Tuned Model,"4,2,5,3,6,1"
11176,Fine-Tuned Model,"2,5,4,1,6,3"
11177,Fine-Tuned Model,"2,5,3,6,4,1"
11178,Fine-Tuned Model,
11179,Fine-Tuned Model,"3,6,1,4,2,5"
11180,Fine-Tuned Model,"4,1,6,3,5,2"
11181,Fine-Tuned Model,
11182,Fine-Tuned Model,"3,6,2,5,1,4"
11183,Fine-Tuned Model,"1,2,3,6,5,2"
11184,Fine-Tuned Model,"4,2,6,1,5,3"
11185,Fine-Tuned Model,"4,3,6,2,5,1"
11186,Fine-Tuned Model,"1,6,6,1"
11187,Fine-Tuned Model,"4,3,6,2,5,1"
11188,Fine-Tuned Model,"4,6,2,3,5,1"
11189,Fine-Tuned Model,"2,5,6,3,6,4"
11190,Fine-Tuned Model,
11191,Fine-Tuned Model,
11192,Fine-Tuned Model,"1,4,2,6,5,3"
11193,Fine-Tuned Model,"6,2,5,6,2,4"
11194,Fine-Tuned Model,"4,3,6,5,2,1"
11195,Fine-Tuned Model,"2,4,6,3,1,5"
11196,Fine-Tuned Model,"3,5,2,6,4,1"
11197,Fine-Tuned Model,
11198,Fine-Tuned Model,"3,1,6,5,4,2"
11199,Fine-Tuned Model,"2,4,1,5,6,3"
11200,Fine-Tuned Model,"4,2,6,3,1,5"
11201,Fine-Tuned Model,"6,1,6"
11202,Fine-Tuned Model,"3,6,4,2,5,1"
11203,Fine-Tuned Model,"4,3,2,6,5,1"
11204,Fine-Tuned Model,"3,5,6,2,4,1"
11205,Fine-Tuned Model,"6,3,2,5,1"
11206,Fine-Tuned Model,"5,3,2,6,1,4"
11207,Fine-Tuned Model,"4,2,6,1,3,5"
11208,Fine-Tuned Model,"4,3,6,1,2,5"
11209,Fine-Tuned Model,
11210,Fine-Tuned Model,"2,6,1,5,3,4"
11211,Fine-Tuned Model,"1,2,3,4,5,6"
11212,Fine-Tuned Model,"2,4,6,3,5,1"
11213,Fine-Tuned Model,"5,3,6,2,1"
11214,Fine-Tuned Model,"1,5,2,3,3,2"
11215,Fine-Tuned Model,"3,2,6,4,5,1"
11216,Fine-Tuned Model,"4,2,5,3,1,6"
11217,Fine-Tuned Model,
11218,Fine-Tuned Model,"1,2,3,4,5,6"
11219,Fine-Tuned Model,"3,2,6,5,4,1"
11220,Fine-Tuned Model,"1,3,5,1,3,6"
11221,Fine-Tuned Model,"3,2,6,5,1,4"
11222,Fine-Tuned Model,"4,2,6,3,5,1"
11223,Fine-Tuned Model,"3,6,1,2,5,4"
11224,Fine-Tuned Model,"1,5,3,2,4,6"
11225,Fine-Tuned Model,"4,3,2,6,1,5"
11226,Fine-Tuned Model,"4,2,6,1,5,3"
11227,Fine-Tuned Model,
11228,Fine-Tuned Model,
11229,Fine-Tuned Model,"2,5,4,6,1,3"
11230,Fine-Tuned Model,"1,6,6"
11231,Fine-Tuned Model,"5,3,2,6,1,4"
11232,Fine-Tuned Model,"1,2,5,3,6,2"
11233,Fine-Tuned Model,"2,3,5,2,6,1"
11234,Fine-Tuned Model,"4,2,6,3,5,1"
11235,Fine-Tuned Model,
11236,Fine-Tuned Model,"1,6,1,6,1,6"
11237,Fine-Tuned Model,"1,3,2,4,1,5"
11238,Fine-Tuned Model,"1,2,4,5,3,6"
11239,Fine-Tuned Model,"4,2,6,1,5,3"
11240,Fine-Tuned Model,"3,5,2,6,1,4"
11241,Fine-Tuned Model,"4,6,2,5,1,3"
11242,Fine-Tuned Model,"1,2,5,3,6,4"
11243,Fine-Tuned Model,"3,5,2,6,1,4"
11244,Fine-Tuned Model,"1,4,2,3,6,5"
11245,Fine-Tuned Model,"2,5,4,1,3,6"
11246,Fine-Tuned Model,
11247,Fine-Tuned Model,"2,4,1,6,3,5"
11248,Fine-Tuned Model,
11249,Fine-Tuned Model,"4,6,3,2,5,1"
11250,Fine-Tuned Model,"4,6,3,2,5,1"
11251,Fine-Tuned Model,"4,2,6,1,3,5"
11252,Fine-Tuned Model,"1,5,3,6,2,4"
11253,Fine-Tuned Model,
11254,Fine-Tuned Model,"2,6,1,4,3,5"
11255,Fine-Tuned Model,"3,5,2,6,1,4"
11256,Fine-Tuned Model,"2,5,1,3,4,6"
11257,Fine-Tuned Model,"1,4,2,6,5,3"
11258,Fine-Tuned Model,"4,2,6,1,3,5"
11259,Fine-Tuned Model,"3,6,2,5,4,1"
11260,Fine-Tuned Model,"3,2,4,5,6,1"
11261,Fine-Tuned Model,
11262,Fine-Tuned Model,"1,2,3,4,5,6"
11263,Fine-Tuned Model,"4,3,5,2,6,1"
11264,Fine-Tuned Model,"3,2,6,4,5,1"
11265,Fine-Tuned Model,"4,2,3,5,1,6"
11266,Fine-Tuned Model,"2,6,3,5,4,1"
11267,Fine-Tuned Model,
11268,Fine-Tuned Model,
11269,Fine-Tuned Model,"2,6,3,5,2,1"
11270,Fine-Tuned Model,
11271,Fine-Tuned Model,
11272,Fine-Tuned Model,"3,1"
11273,Fine-Tuned Model,"3,2,6,1,5,4"
11274,Fine-Tuned Model,
11275,Fine-Tuned Model,"3,4,5,2,3"
11276,Fine-Tuned Model,
11277,Fine-Tuned Model,"3,2,6,5,4,1"
11278,Fine-Tuned Model,"5,2,6,3,1,4"
11279,Fine-Tuned Model,"3,2,4,5,6"
11280,Fine-Tuned Model,"1,6,6"
11281,Fine-Tuned Model,"4,2,5,3,6,1"
11282,Fine-Tuned Model,"3,5,2,6,1,4"
11283,Fine-Tuned Model,"4,2,6,3,5,1"
11284,Fine-Tuned Model,"1,2,5,3,6,4"
11285,Fine-Tuned Model,
11286,Fine-Tuned Model,"4,3,2,6,1,5"
11287,Fine-Tuned Model,"4,2,3,6,5,1"
11288,Fine-Tuned Model,
11289,Fine-Tuned Model,
11290,Fine-Tuned Model,"1,2,3,4,5,6"
11291,Fine-Tuned Model,"3,5,2,6,1,4"
11292,Fine-Tuned Model,"6,1,6,3,6,2"
11293,Fine-Tuned Model,"1,6"
11294,Fine-Tuned Model,
11295,Fine-Tuned Model,"4,2,6,5,3"
11296,Fine-Tuned Model,"1,3,6,2,4"
11297,Fine-Tuned Model,"1,2,3,4,5,6"
11298,Fine-Tuned Model,3
11299,Fine-Tuned Model,"5,2,3,6,1,4"
11300,Fine-Tuned Model,
11301,Fine-Tuned Model,"1,6,6"
11302,Fine-Tuned Model,
11303,Fine-Tuned Model,"5,2,3,6,1,4"
11304,Fine-Tuned Model,"1,6,6"
11305,Fine-Tuned Model,"4,2,6,1,3,5"
11306,Fine-Tuned Model,"1,5,3,2,6,4"
11307,Fine-Tuned Model,"1,2,3,4,5,6"
11308,Fine-Tuned Model,"4,2,5,1,3,6"
11309,Fine-Tuned Model,"6,5,3,1,4,6"
11310,Fine-Tuned Model,"3,6,4,2,5,1"
11311,Fine-Tuned Model,"2,6,3,1,4,5"
11312,Fine-Tuned Model,"3,2,6,4,5,1"
11313,Fine-Tuned Model,"4,6,2,5,3,1"
11314,Fine-Tuned Model,
11315,Fine-Tuned Model,"4,2,5,1,3,6"
11316,Fine-Tuned Model,"3,5,1,2,6,4"
11317,Fine-Tuned Model,"5,3,2,6,5,1"
11318,Fine-Tuned Model,"5,2,3,1,4,6"
11319,Fine-Tuned Model,"4,2,6,1,3,5"
11320,Fine-Tuned Model,"1,4,2,5,3"
11321,Fine-Tuned Model,"5,5"
11322,Fine-Tuned Model,
11323,Fine-Tuned Model,"1,2,3,4,5,6"
11324,Fine-Tuned Model,"4,2,3,5,6,1"
11325,Fine-Tuned Model,"1,6"
11326,Fine-Tuned Model,"3,1,6,2,5,4"
11327,Fine-Tuned Model,"3,1,6,4,5,2"
11328,Fine-Tuned Model,"1,2,3,4,5,6"
11329,Fine-Tuned Model,"4,1,6,2,3,5"
11330,Fine-Tuned Model,"1,2,3,4,5,6"
11331,Fine-Tuned Model,"4,2,6,5,3,1"
11332,Fine-Tuned Model,"4,2,5,6,3,1"
11333,Fine-Tuned Model,"5,1,3,2,6,4"
11334,Fine-Tuned Model,"2,5,4,1,3,6"
11335,Fine-Tuned Model,
11336,Fine-Tuned Model,"3,6,1,5,4,2"
11337,Fine-Tuned Model,"5,2,6,3,4,1"
11338,Fine-Tuned Model,"1,6,1,6,1,6"
11339,Fine-Tuned Model,
11340,Fine-Tuned Model,"4,2,6,1,3,5"
11341,Fine-Tuned Model,"1,6,1,2,6"
11342,Fine-Tuned Model,"1,6,2,5,6,4"
11343,Fine-Tuned Model,"3,5,4,2,6,1"
11344,Fine-Tuned Model,
11345,Fine-Tuned Model,6
11346,Fine-Tuned Model,
11347,Fine-Tuned Model,
11348,Fine-Tuned Model,"3,6,5,2,4,1"
11349,Fine-Tuned Model,"5,3,2,1,6,4"
11350,Fine-Tuned Model,"6,2"
11351,Fine-Tuned Model,"1,4,2,2,3,6"
11352,Fine-Tuned Model,"2,6,5,3,2,1"
11353,Fine-Tuned Model,"5,2,6,3,1,4"
11354,Fine-Tuned Model,
11355,Fine-Tuned Model,"1,2,1,6,5,6"
11356,Fine-Tuned Model,"1,4,2,6,5,3"
11357,Fine-Tuned Model,"2,5,3,6,1,4"
11358,Fine-Tuned Model,"6,1,1"
11359,Fine-Tuned Model,"4,3,6,2,5,1"
11360,Fine-Tuned Model,
11361,Fine-Tuned Model,
11362,Fine-Tuned Model,"3,6,5,2,3"
11363,Fine-Tuned Model,"1,5,2,6,4,3"
11364,Fine-Tuned Model,"1,3,2,4,6,5"
11365,Fine-Tuned Model,"1,3,2,6,5,4"
11366,Fine-Tuned Model,"2,6,3,1,5,4"
11367,Fine-Tuned Model,"4,2,6,3,1,5"
11368,Fine-Tuned Model,6
11369,Fine-Tuned Model,
11370,Fine-Tuned Model,
11371,Fine-Tuned Model,"5,2,4,6,1,3"
11372,Fine-Tuned Model,"4,3,6,1,5,2"
11373,Fine-Tuned Model,"5,3,6,1,4,2"
11374,Fine-Tuned Model,"4,2,6,5,3,1"
11375,Fine-Tuned Model,"4,2,5,3,6,1"
11376,Fine-Tuned Model,"3,1,6,4,2,5"
11377,Fine-Tuned Model,"3,6,5,1,4,2"
11378,Fine-Tuned Model,"1,4,2,3,5,6"
11379,Fine-Tuned Model,
11380,Fine-Tuned Model,"4,2,5,6,3,1"
11381,Fine-Tuned Model,"6,1,6,1,6,1"
11382,Fine-Tuned Model,
11383,Fine-Tuned Model,"5,2,1,4,3,6"
11384,Fine-Tuned Model,"6,4,2,3,5,1"
11385,Fine-Tuned Model,"2,5,3,1,4,6"
11386,Fine-Tuned Model,"4,3,2,6,5,1"
11387,Fine-Tuned Model,"6,1,6,3,6,2"
11388,Fine-Tuned Model,
11389,Fine-Tuned Model,"2,5,6,1,3,4"
11390,Fine-Tuned Model,"4,2,6,3,5,1"
11391,Fine-Tuned Model,"3,5,2,1,6,4"
11392,Fine-Tuned Model,"2,4,6,3,1,5"
11393,Fine-Tuned Model,
11394,Fine-Tuned Model,"4,6,3,2,5,1"
11395,Fine-Tuned Model,"4,2,6,3,5,1"
11396,Fine-Tuned Model,"1,2,3,4,5,6"
11397,Fine-Tuned Model,
11398,Fine-Tuned Model,"4,2,6,1,3,5"
11399,Fine-Tuned Model,"4,2,6,3,1,5"
11400,Fine-Tuned Model,"5,2,6,4,3,1"
11401,Fine-Tuned Model,"3,6,1,4,5,2"
11402,Fine-Tuned Model,
11403,Fine-Tuned Model,"2,5,6,3,6,1"
11404,Fine-Tuned Model,"5,2,6,3,1,4"
11405,Fine-Tuned Model,"2,6,4,5,3,1"
11406,Fine-Tuned Model,"1,4,2,6,3,5"
11407,Fine-Tuned Model,
11408,Fine-Tuned Model,
11409,Fine-Tuned Model,"6,1,6,1"
11410,Fine-Tuned Model,"3,6,1,5,4,2"
11411,Fine-Tuned Model,"2,6,1,4,3,5"
11412,Fine-Tuned Model,"2,5,1,3,6,4"
11413,Fine-Tuned Model,"1,6,4,3,2,1"
11414,Fine-Tuned Model,"4,2,6,5,3,1"
11415,Fine-Tuned Model,"3,2,6,5,4,1"
11416,Fine-Tuned Model,"4,2,6,3,5,1"
11417,Fine-Tuned Model,"1,3,2,5,4,6"
11418,Fine-Tuned Model,
11419,Fine-Tuned Model,
11420,Fine-Tuned Model,"1,2,3,6"
11421,Fine-Tuned Model,"1,4,6,3,2,5"
11422,Fine-Tuned Model,"4,2,6,1,5,3"
11423,Fine-Tuned Model,"4,3,2,1,6,5"
11424,Fine-Tuned Model,"3,6,2,5,4,1"
11425,Fine-Tuned Model,
11426,Fine-Tuned Model,"3,5,2,6,1,4"
11427,Fine-Tuned Model,"1,2,4,3,5,6"
11428,Fine-Tuned Model,"5,2,1,4,6,3"
11429,Fine-Tuned Model,
11430,Fine-Tuned Model,"3,1,4,2,5,6"
11431,Fine-Tuned Model,
11432,Fine-Tuned Model,"1,4,3,6,2,5"
11433,Fine-Tuned Model,"2,5,3,6,2,4"
11434,Fine-Tuned Model,"4,2,3,6,5,1"
11435,Fine-Tuned Model,"2,6,3,5,4,1"
11436,Fine-Tuned Model,"3,5,1,2,6,4"
11437,Fine-Tuned Model,"1,3,2,4,1,5"
11438,Fine-Tuned Model,"6,1,1,1,1"
11439,Fine-Tuned Model,"2,6,4,5,3,1"
11440,Fine-Tuned Model,"4,6,1,2,5,3"
11441,Fine-Tuned Model,"2,6,5,1,3"
11442,Fine-Tuned Model,"3,2,6,1,5,4"
11443,Fine-Tuned Model,
11444,Fine-Tuned Model,"3,6,2,5,1,4"
11445,Fine-Tuned Model,"3,4,6,2,5,1"
11446,Fine-Tuned Model,"5,3,4,1,6,2"
11447,Fine-Tuned Model,"1,4,5,3,6,2"
11448,Fine-Tuned Model,"2,5,1,6,4,3"
11449,Fine-Tuned Model,"3,6,1,5,4,2"
11450,Fine-Tuned Model,"3,1,6,2,5,4"
11451,Fine-Tuned Model,"3,6,2,5,1,4"
11452,Fine-Tuned Model,6
11453,Fine-Tuned Model,
11454,Fine-Tuned Model,"5,3,6,2,1,4"
11455,Fine-Tuned Model,"1,2,3,4,5,6"
11456,Fine-Tuned Model,"4,6,2,3,5,1"
11457,Fine-Tuned Model,"1,5,2,3,5,6"
11458,Fine-Tuned Model,"6,3,4,2,6,1"
11459,Fine-Tuned Model,"4,2,3,6,1,5"
11460,Fine-Tuned Model,"2,5,3,1,4,6"
11461,Fine-Tuned Model,"4,3,2,6,1,5"
11462,Fine-Tuned Model,"3,2,6,1,5,4"
11463,Fine-Tuned Model,"4,2,6,3,5,1"
11464,Fine-Tuned Model,"4,3,5,2,6,1"
11465,Fine-Tuned Model,"3,6,2,5,1,4"
11466,Fine-Tuned Model,
11467,Fine-Tuned Model,"3,6,1,5,2,4"
11468,Fine-Tuned Model,"4,1,6,3,5,2"
11469,Fine-Tuned Model,
11470,Fine-Tuned Model,"4,2,6,3,5,1"
11471,Fine-Tuned Model,"6,4,6,2,6"
11472,Fine-Tuned Model,
11473,Fine-Tuned Model,
11474,Fine-Tuned Model,"4,2,3,6,5,1"
11475,Fine-Tuned Model,"3,5,2,6,1,4"
11476,Fine-Tuned Model,"2,5,4,3,6,1"
11477,Fine-Tuned Model,"2,5,6,3,4"
11478,Fine-Tuned Model,"2,5,4,1,3,6"
11479,Fine-Tuned Model,"5,3,1,2,6,4"
11480,Fine-Tuned Model,"4,3,2,6,5,1"
11481,Fine-Tuned Model,"1,2,3,4,5,6"
11482,Fine-Tuned Model,"3,6,2,5,1,4"
11483,Fine-Tuned Model,"1,6,6"
11484,Fine-Tuned Model,"3,6,2,1,5,4"
11485,Fine-Tuned Model,"6,1,6"
11486,Fine-Tuned Model,"1,2,3,4,5,6"
11487,Fine-Tuned Model,"3,2,5,6,1,4"
11488,Fine-Tuned Model,"2,3,5,4,6,1"
11489,Fine-Tuned Model,"1,3,5,4,2,6"
11490,Fine-Tuned Model,
11491,Fine-Tuned Model,"5,3,2,4,1,6"
11492,Fine-Tuned Model,
11493,Fine-Tuned Model,"6,1,6"
11494,Fine-Tuned Model,6
11495,Fine-Tuned Model,"5,3,1,6,2,4"
11496,Fine-Tuned Model,"4,2,6,5,3,1"
11497,Fine-Tuned Model,"1,2,5,4,3,6"
11498,Fine-Tuned Model,"3,6,4,1,2,5"
11499,Fine-Tuned Model,"4,3,6,2,5,1"
11500,Fine-Tuned Model,
11501,Fine-Tuned Model,"4,3,6,2,5,1"
11502,Fine-Tuned Model,"5,2,4,3,6,1"
11503,Fine-Tuned Model,"3,1,6,5,2,4"
11504,Fine-Tuned Model,"4,3,6,2,5,1"
11505,Fine-Tuned Model,
11506,Fine-Tuned Model,"3,6,2,5,4,1"
11507,Fine-Tuned Model,"1,3,2,5,3,6"
11508,Fine-Tuned Model,"4,2,6,1,5,3"
11509,Fine-Tuned Model,"2,4,6,5,3,1"
11510,Fine-Tuned Model,"3,4,6,2,1,5"
11511,Fine-Tuned Model,
11512,Fine-Tuned Model,"4,6,3,5,2,1"
11513,Fine-Tuned Model,"2,4,6,1"
11514,Fine-Tuned Model,
11515,Fine-Tuned Model,"3,4,1,6,3,4"
11516,Fine-Tuned Model,"4,3,6,2,5,1"
11517,Fine-Tuned Model,"5,2,6,3,1,4"
11518,Fine-Tuned Model,
11519,Fine-Tuned Model,"4,2,6,5,1,3"
11520,Fine-Tuned Model,"1,2,5,4,6,3"
11521,Fine-Tuned Model,"3,6,1,5,2,4"
11522,Fine-Tuned Model,
11523,Fine-Tuned Model,"3,5,2,1,6,4"
11524,Fine-Tuned Model,"4,2,6,3,5,1"
11525,Fine-Tuned Model,"4,2,5,1,6,3"
11526,Fine-Tuned Model,"3,2,6,5,4,1"
11527,Fine-Tuned Model,"4,2,3,1,6,5"
11528,Fine-Tuned Model,"4,2,6,3,5,1"
11529,Fine-Tuned Model,"6,3,6,4,2,5"
11530,Fine-Tuned Model,"2,4,5,3,5,2"
11531,Fine-Tuned Model,"1,3,6,2,5,4"
11532,Fine-Tuned Model,
11533,Fine-Tuned Model,"1,2,3,4"
11534,Fine-Tuned Model,"3,6,4,2,5,1"
11535,Fine-Tuned Model,"3,6,1,5,2,4"
11536,Fine-Tuned Model,"2,6,3,5,1,4"
11537,Fine-Tuned Model,"3,2,6,5,1,4"
11538,Fine-Tuned Model,"1,2,2,6,3,4"
11539,Fine-Tuned Model,"3,6,2,5,4,1"
11540,Fine-Tuned Model,"2,4,6,1,3,5"
11541,Fine-Tuned Model,"2,5,3,6,4,1"
11542,Fine-Tuned Model,"2,5,1,3,6,4"
11543,Fine-Tuned Model,"5,2,6,1,4,3"
11544,Fine-Tuned Model,"3,5,6,1,4,2"
11545,Fine-Tuned Model,"4,2,6,5,3,1"
11546,Fine-Tuned Model,"2,4,5,3,6,2"
11547,Fine-Tuned Model,"4,2,3,6,1,5"
11548,Fine-Tuned Model,
11549,Fine-Tuned Model,"2,4,5,1,6,3"
11550,Fine-Tuned Model,"3,5,1,6,4"
11551,Fine-Tuned Model,"1,2,5,3,6,1"
11552,Fine-Tuned Model,"4,2,5,6,3,1"
11553,Fine-Tuned Model,"1,3,4,6,2,4"
11554,Fine-Tuned Model,
11555,Fine-Tuned Model,"3,6,2,5,4,1"
11556,Fine-Tuned Model,
11557,Fine-Tuned Model,"4,2,3,6"
11558,Fine-Tuned Model,"4,3,6,2,1,5"
11559,Fine-Tuned Model,"5,2,6,4,1,3"
11560,Fine-Tuned Model,"3,6,1,4,2,5"
11561,Fine-Tuned Model,
11562,Fine-Tuned Model,"2,5,3,6,1,4"
11563,Fine-Tuned Model,6
11564,Fine-Tuned Model,
11565,Fine-Tuned Model,"1,2,5,3,1,6"
11566,Fine-Tuned Model,
11567,Fine-Tuned Model,"4,3,6,2,5,1"
11568,Fine-Tuned Model,"1,5,2,3,6,1"
11569,Fine-Tuned Model,6
11570,Fine-Tuned Model,"1,2,3,4,5,6"
11571,Fine-Tuned Model,"4,2,6,1,5,3"
11572,Fine-Tuned Model,"4,3,6,2,5,1"
11573,Fine-Tuned Model,
11574,Fine-Tuned Model,"4,2,6,5,3"
11575,Fine-Tuned Model,"1,2,6,4,3,5"
11576,Fine-Tuned Model,"3,6,2,5,1,4"
11577,Fine-Tuned Model,"1,5,3,2,6,4"
11578,Fine-Tuned Model,"3,6,2,5,4,1"
11579,Fine-Tuned Model,"4,1,3,6,2,5"
11580,Fine-Tuned Model,
11581,Fine-Tuned Model,"1,2,3,4,5,6"
11582,Fine-Tuned Model,"6,1,6,4,3,6"
11583,Fine-Tuned Model,"3,2,6,1,5,3"
11584,Fine-Tuned Model,"4,2,6,3,5,1"
11585,Fine-Tuned Model,"2,4,6,3,1,5"
11586,Fine-Tuned Model,
11587,Fine-Tuned Model,
11588,Fine-Tuned Model,
11589,Fine-Tuned Model,"2,6,5,1,4,3"
11590,Fine-Tuned Model,
11591,Fine-Tuned Model,"2,6,4,1,3,5"
11592,Fine-Tuned Model,"2,4,6,5,3,1"
11593,Fine-Tuned Model,"2,4,5,1,3,6"
11594,Fine-Tuned Model,
11595,Fine-Tuned Model,
11596,Fine-Tuned Model,1
11597,Fine-Tuned Model,"4,2,6,3,1,5"
11598,Fine-Tuned Model,"1,2,5,3,6,4"
11599,Fine-Tuned Model,"1,2,4,3,5,6"
11600,Fine-Tuned Model,"4,2,6,3,5,1"
11601,Fine-Tuned Model,
11602,Fine-Tuned Model,"5,2,6,3,1,4"
11603,Fine-Tuned Model,"4,2,6,3,5,1"
11604,Fine-Tuned Model,"3,6,1,4,5,2"
11605,Fine-Tuned Model,1
11606,Fine-Tuned Model,"2,1,6,3,4,1"
11607,Fine-Tuned Model,"3,6,2,5,4,1"
11608,Fine-Tuned Model,
11609,Fine-Tuned Model,"4,2,5,6,3,1"
11610,Fine-Tuned Model,
11611,Fine-Tuned Model,"4,3,5,2,6,1"
11612,Fine-Tuned Model,
11613,Fine-Tuned Model,"3,2,5,6,4,1"
11614,Fine-Tuned Model,"6,3,5,2,4,1"
11615,Fine-Tuned Model,
11616,Fine-Tuned Model,"4,6,2,1,3,5"
11617,Fine-Tuned Model,"6,3,2,5,1,4"
11618,Fine-Tuned Model,"6,1,6,6"
11619,Fine-Tuned Model,
11620,Fine-Tuned Model,"4,2,6,3,1,5"
11621,Fine-Tuned Model,
11622,Fine-Tuned Model,
11623,Fine-Tuned Model,"4,2,6,3,1,5"
11624,Fine-Tuned Model,"1,6,1,6,1,6"
11625,Fine-Tuned Model,"2,4,5,1,3,6"
11626,Fine-Tuned Model,
11627,Fine-Tuned Model,"4,1,3,5,2,6"
11628,Fine-Tuned Model,
11629,Fine-Tuned Model,"1,6"
11630,Fine-Tuned Model,"2,3,5,6,4,1"
11631,Fine-Tuned Model,
11632,Fine-Tuned Model,"1,3,2,6,5,4"
11633,Fine-Tuned Model,"3,5,2,6,4,1"
11634,Fine-Tuned Model,4
11635,Fine-Tuned Model,6
11636,Fine-Tuned Model,"3,6,2,5,4,1"
11637,Fine-Tuned Model,"4,2,6,5,1,3"
11638,Fine-Tuned Model,"1,2,3"
11639,Fine-Tuned Model,"2,5,4,3,1,6"
11640,Fine-Tuned Model,"3,5,2,6,1,4"
11641,Fine-Tuned Model,
11642,Fine-Tuned Model,
11643,Fine-Tuned Model,
11644,Fine-Tuned Model,"1,5,6,4,2,5"
11645,Fine-Tuned Model,"3,2,6,1,5,4"
11646,Fine-Tuned Model,"4,2,6,5,1,3"
11647,Fine-Tuned Model,4
11648,Fine-Tuned Model,"3,2,6,1,4,5"
11649,Fine-Tuned Model,"5,3,2,6,1,4"
11650,Fine-Tuned Model,"5,3,2,6,4,1"
11651,Fine-Tuned Model,"1,2,6,3,5,1"
11652,Fine-Tuned Model,
11653,Fine-Tuned Model,"2,6,4,1,3,5"
11654,Fine-Tuned Model,"5,3,2,6,1,4"
11655,Fine-Tuned Model,"1,6,6"
11656,Fine-Tuned Model,"4,2,6,3,1,5"
11657,Fine-Tuned Model,
11658,Fine-Tuned Model,"6,2,6"
11659,Fine-Tuned Model,"2,4,6,3,1,5"
11660,Fine-Tuned Model,"1,2,3"
11661,Fine-Tuned Model,"4,2,5,1,3,6"
11662,Fine-Tuned Model,"4,2,6,3,5,1"
11663,Fine-Tuned Model,
11664,Fine-Tuned Model,
11665,Fine-Tuned Model,
11666,Fine-Tuned Model,"4,2,6,5,3,1"
11667,Fine-Tuned Model,"4,2,6,1,5,3"
11668,Fine-Tuned Model,"1,4,3,2,6,5"
11669,Fine-Tuned Model,"1,2,3,4,5,6"
11670,Fine-Tuned Model,"4,2,5,3,1,6"
11671,Fine-Tuned Model,"2,4,3,5,6,1"
11672,Fine-Tuned Model,
11673,Fine-Tuned Model,"4,2,6,3,5,1"
11674,Fine-Tuned Model,"6,3,4,5,2"
11675,Fine-Tuned Model,"4,2,6,1,5,3"
11676,Fine-Tuned Model,"4,2,5,6,3,1"
11677,Fine-Tuned Model,"2,5,1,3,6,4"
11678,Fine-Tuned Model,
11679,Fine-Tuned Model,"3,2,6,5,1,4"
11680,Fine-Tuned Model,"1,2,5,3,6,4"
11681,Fine-Tuned Model,"1,6,6"
11682,Fine-Tuned Model,"2,4,3,6,5,2"
11683,Fine-Tuned Model,"2,4,5,1,3,6"
11684,Fine-Tuned Model,"2,4,6,3,1,5"
11685,Fine-Tuned Model,"1,2,3,4,5,6"
11686,Fine-Tuned Model,"3,2,6,4,5,1"
11687,Fine-Tuned Model,"1,6,6"
11688,Fine-Tuned Model,
11689,Fine-Tuned Model,"1,5,2,3,6,4"
11690,Fine-Tuned Model,"3,2,6,5,1,4"
11691,Fine-Tuned Model,
11692,Fine-Tuned Model,"4,2,6,5,3,1"
11693,Fine-Tuned Model,"4,2,6,1,5,3"
11694,Fine-Tuned Model,
11695,Fine-Tuned Model,"4,2,6,3,5,1"
11696,Fine-Tuned Model,"1,6,6"
11697,Fine-Tuned Model,"3,5,6,3,5,3"
11698,Fine-Tuned Model,"6,3,4,1,2,5"
11699,Fine-Tuned Model,"2,5,3,6,1,4"
11700,Fine-Tuned Model,"6,1"
11701,Fine-Tuned Model,"3,5,2,4,6,1"
11702,Fine-Tuned Model,
11703,Fine-Tuned Model,"2,4,3,6,5,1"
11704,Fine-Tuned Model,"4,2,6,1,5,3"
11705,Fine-Tuned Model,"1,4,2,3,3,2"
11706,Fine-Tuned Model,
11707,Fine-Tuned Model,4
11708,Fine-Tuned Model,"2,5,4,3,6,1"
11709,Fine-Tuned Model,"6,3,2,4,5,1"
11710,Fine-Tuned Model,
11711,Fine-Tuned Model,
11712,Fine-Tuned Model,"2,5,1,6,3,4"
11713,Fine-Tuned Model,
11714,Fine-Tuned Model,"2,4,6,5,3,2"
11715,Fine-Tuned Model,"2,4,6,3,5,1"
11716,Fine-Tuned Model,
11717,Fine-Tuned Model,"3,1,5,2,4,6"
11718,Fine-Tuned Model,
11719,Fine-Tuned Model,"3,5,2,1,6,4"
11720,Fine-Tuned Model,"3,5,4,2,6,1"
11721,Fine-Tuned Model,"6,1,6"
11722,Fine-Tuned Model,"3,6,2,5,1,4"
11723,Fine-Tuned Model,"4,2,6,1,5,3"
11724,Fine-Tuned Model,"4,2,6,1,5,3"
11725,Fine-Tuned Model,"1,2,3,4,5,6"
11726,Fine-Tuned Model,6
11727,Fine-Tuned Model,"4,3,2,5,6,1"
11728,Fine-Tuned Model,
11729,Fine-Tuned Model,"2,4,6,3,5,1"
11730,Fine-Tuned Model,"1,2,3,4,5,6"
11731,Fine-Tuned Model,"4,2,6,5,3,1"
11732,Fine-Tuned Model,"3,6,2,5,1,4"
11733,Fine-Tuned Model,"2,4,6,5,3,1"
11734,Fine-Tuned Model,"3,5,1,6,2,4"
11735,Fine-Tuned Model,
11736,Fine-Tuned Model,"2,4,6,3,5,1"
11737,Fine-Tuned Model,"2,5,4,1,6,3"
11738,Fine-Tuned Model,
11739,Fine-Tuned Model,"6,1,6,1"
11740,Fine-Tuned Model,5
11741,Fine-Tuned Model,"1,6,6"
11742,Fine-Tuned Model,"2,5,3,1,6,4"
11743,Fine-Tuned Model,
11744,Fine-Tuned Model,"4,2,6,3,5,1"
11745,Fine-Tuned Model,
11746,Fine-Tuned Model,"5,3,6,2,4,1"
11747,Fine-Tuned Model,"4,3,1,2,6,5"
11748,Fine-Tuned Model,"4,2,6,1,5,3"
11749,Fine-Tuned Model,"1,3,5,2,4,6"
11750,Fine-Tuned Model,"2,5,1,6,3,4"
11751,Fine-Tuned Model,"4,2,6,3,5,1"
11752,Fine-Tuned Model,"2,6,1,5,3,4"
11753,Fine-Tuned Model,"1,2,3,4,5,6"
11754,Fine-Tuned Model,
11755,Fine-Tuned Model,
11756,Fine-Tuned Model,
11757,Fine-Tuned Model,"3,6,4,2,5,1"
11758,Fine-Tuned Model,"4,3,5,2,1,6"
11759,Fine-Tuned Model,
11760,Fine-Tuned Model,"3,6,2,5,1,4"
11761,Fine-Tuned Model,"1,2,3,4,5,6"
11762,Fine-Tuned Model,"6,2,5,4,1"
11763,Fine-Tuned Model,"5,2,3,6,4,1"
11764,Fine-Tuned Model,"4,2,5,3,6,1"
11765,Fine-Tuned Model,"3,4,2,5,6,1"
11766,Fine-Tuned Model,"3,5,2,6,4,1"
11767,Fine-Tuned Model,"3,5,6,1,4,2"
11768,Fine-Tuned Model,"4,2,6,1,3,5"
11769,Fine-Tuned Model,"1,6,2,5,4,3"
11770,Fine-Tuned Model,"2,6,5,4,1,3"
11771,Fine-Tuned Model,"3,4,6,2,1,5"
11772,Fine-Tuned Model,"3,4,5,1,6,3"
11773,Fine-Tuned Model,"4,3,6,2,5,1"
11774,Fine-Tuned Model,"3,2,6,5,1,4"
11775,Fine-Tuned Model,"2,5,6,3,1,4"
11776,Fine-Tuned Model,
11777,Fine-Tuned Model,
11778,Fine-Tuned Model,
11779,Fine-Tuned Model,"1,2,3,5,6,1"
11780,Fine-Tuned Model,"2,5,4,3,6,1"
11781,Fine-Tuned Model,
11782,Fine-Tuned Model,"4,2,5,1,6,3"
11783,Fine-Tuned Model,
11784,Fine-Tuned Model,"6,1,6,3,2,4"
11785,Fine-Tuned Model,
11786,Fine-Tuned Model,
11787,Fine-Tuned Model,"4,3,2,6,1,5"
11788,Fine-Tuned Model,"3,1,2,6,4,5"
11789,Fine-Tuned Model,"4,6,3,5,2,6"
11790,Fine-Tuned Model,"6,1,6"
11791,Fine-Tuned Model,"1,6,6"
11792,Fine-Tuned Model,"3,6,2,5,4,1"
11793,Fine-Tuned Model,"2,5,3,4,6,1"
11794,Fine-Tuned Model,"5,3,2,6,1,4"
11795,Fine-Tuned Model,"4,6,3,2,5,1"
11796,Fine-Tuned Model,
11797,Fine-Tuned Model,"5,1,6,3,4,2"
11798,Fine-Tuned Model,"5,3,2,6,4,1"
11799,Fine-Tuned Model,
11800,Fine-Tuned Model,
11801,Fine-Tuned Model,"1,6,6"
11802,Fine-Tuned Model,3
11803,Fine-Tuned Model,"6,1,6"
11804,Fine-Tuned Model,"4,2,6,3,1,5"
11805,Fine-Tuned Model,"2,5,3,6,1,4"
11806,Fine-Tuned Model,"6,5,3,2,6,4"
11807,Fine-Tuned Model,"4,2,6,1,5,3"
11808,Fine-Tuned Model,
11809,Fine-Tuned Model,
11810,Fine-Tuned Model,"4,2,6,3,5,1"
11811,Fine-Tuned Model,"6,1,6,3,6,5"
11812,Fine-Tuned Model,
11813,Fine-Tuned Model,"4,3,6,2,5,1"
11814,Fine-Tuned Model,"5,2,3,6,1,4"
11815,Fine-Tuned Model,"3,5,2,6,1,4"
11816,Fine-Tuned Model,"3,5,2,6,1,4"
11817,Fine-Tuned Model,
11818,Fine-Tuned Model,"5,2,6,1,4,3"
11819,Fine-Tuned Model,"1,2,3,4,5,6"
11820,Fine-Tuned Model,"4,6,2,5,1,3"
11821,Fine-Tuned Model,"4,3,6,1,2,5"
11822,Fine-Tuned Model,
11823,Fine-Tuned Model,"3,6,1,4,5,2"
11824,Fine-Tuned Model,"1,6,2,5,4,3"
11825,Fine-Tuned Model,"3,5,1,6,2,4"
11826,Fine-Tuned Model,
11827,Fine-Tuned Model,"4,2,6,1,5,3"
11828,Fine-Tuned Model,
11829,Fine-Tuned Model,"3,6,2,5,1,4"
11830,Fine-Tuned Model,"1,4,2,6,3,5"
11831,Fine-Tuned Model,"2,3,1,5,2"
11832,Fine-Tuned Model,"4,2,6,1,5,3"
11833,Fine-Tuned Model,"2,4,1,3,6,5"
11834,Fine-Tuned Model,"3,6,1,4,2,5"
11835,Fine-Tuned Model,"4,2,6,5,1,3"
11836,Fine-Tuned Model,"1,4,3,5,2,6"
11837,Fine-Tuned Model,"5,3,2,6,1,4"
11838,Fine-Tuned Model,"2,4,5,1,3,6"
11839,Fine-Tuned Model,
11840,Fine-Tuned Model,"3,2,6,5,1,4"
11841,Fine-Tuned Model,"3,2,6,5,1,4"
11842,Fine-Tuned Model,
11843,Fine-Tuned Model,"4,6,2,3,5,1"
11844,Fine-Tuned Model,"4,2,6,1,5,3"
11845,Fine-Tuned Model,"2,6,1,5,3,4"
11846,Fine-Tuned Model,"1,3,5,2,4,6"
11847,Fine-Tuned Model,"5,2,6,3,1,4"
11848,Fine-Tuned Model,"4,2,6,5,3,1"
11849,Fine-Tuned Model,"1,6,6"
11850,Fine-Tuned Model,"3,1,6,4,2,5"
11851,Fine-Tuned Model,"2,5,3,1,6,4"
11852,Fine-Tuned Model,"4,2,6,1,3,5"
11853,Fine-Tuned Model,"4,3,1,5,2,6"
11854,Fine-Tuned Model,"3,2,6,5,4,1"
11855,Fine-Tuned Model,"1,4,2,6,5,3"
11856,Fine-Tuned Model,"4,2,6,1,5,3"
11857,Fine-Tuned Model,"4,3,5,6,1,3"
11858,Fine-Tuned Model,"6,1,6,2"
11859,Fine-Tuned Model,"3,6,2,5,4,1"
11860,Fine-Tuned Model,"1,2,6,3,6,5"
11861,Fine-Tuned Model,"2,1,6,6"
11862,Fine-Tuned Model,"3,5,4,2,6,1"
11863,Fine-Tuned Model,"1,6,2,5,6,3"
11864,Fine-Tuned Model,"1,3,5,4,1,6"
11865,Fine-Tuned Model,"1,3"
11866,Fine-Tuned Model,"1,3,2,5,4,6"
11867,Fine-Tuned Model,
11868,Fine-Tuned Model,"3,5,2,6,1,4"
11869,Fine-Tuned Model,"3,2,6,4,5,1"
11870,Fine-Tuned Model,"3,6,2,5,1,4"
11871,Fine-Tuned Model,"3,6,1,4,2,5"
11872,Fine-Tuned Model,"2,4,3,6,5,1"
11873,Fine-Tuned Model,"2,5,4,6,3,1"
11874,Fine-Tuned Model,"2,5,1,3,6,4"
11875,Fine-Tuned Model,"4,3,2,5,6,1"
11876,Fine-Tuned Model,"4,1,5,3,2"
11877,Fine-Tuned Model,"1,6,6"
11878,Fine-Tuned Model,"2,6,5,3,4,1"
11879,Fine-Tuned Model,"2,5,1,4,3,6"
11880,Fine-Tuned Model,"4,3,6,2,5,1"
11881,Fine-Tuned Model,
11882,Fine-Tuned Model,"1,5,2,6,3,6"
11883,Fine-Tuned Model,"4,2,6,1,3,5"
11884,Fine-Tuned Model,"3,4,6,5,2,1"
11885,Fine-Tuned Model,"4,2,3,5,1,6"
11886,Fine-Tuned Model,
11887,Fine-Tuned Model,
11888,Fine-Tuned Model,"1,2,3,4,5,6"
11889,Fine-Tuned Model,"1,4,3,2,6,5"
11890,Fine-Tuned Model,"1,6,1,6,1,6"
11891,Fine-Tuned Model,
11892,Fine-Tuned Model,"5,2,6,1,4,3"
11893,Fine-Tuned Model,"4,2,5,1,3,6"
11894,Fine-Tuned Model,"2,6,1,4,3,5"
11895,Fine-Tuned Model,"4,2,5,6,1,3"
11896,Fine-Tuned Model,"3,6,5,2,4,1"
11897,Fine-Tuned Model,"2,6,4,3,5,1"
11898,Fine-Tuned Model,"3,6,1,5,2,4"
11899,Fine-Tuned Model,"3,2,6,4,1,5"
11900,Fine-Tuned Model,"3,6,2,5,4,1"
11901,Fine-Tuned Model,"2,5,4,1,6,3"
11902,Fine-Tuned Model,"3,2,6,5,1,4"
11903,Fine-Tuned Model,"3,5,4,2,6,1"
11904,Fine-Tuned Model,"3,6,2,5,1,4"
11905,Fine-Tuned Model,
11906,Fine-Tuned Model,"6,2,3,6,4,5"
11907,Fine-Tuned Model,6
11908,Fine-Tuned Model,"3,2,6,5,4,1"
11909,Fine-Tuned Model,"4,2,6,5,1,3"
11910,Fine-Tuned Model,"1,4,3,2,6,5"
11911,Fine-Tuned Model,
11912,Fine-Tuned Model,"3,6,1,5,4,2"
11913,Fine-Tuned Model,"4,2,6,5,3,1"
11914,Fine-Tuned Model,"3,6,2,4,5,1"
11915,Fine-Tuned Model,"2,5,3,6,1,4"
11916,Fine-Tuned Model,
11917,Fine-Tuned Model,"3,1,6,2,5,4"
11918,Fine-Tuned Model,"2,6,3,5,4,1"
11919,Fine-Tuned Model,"1,2,6,4,3,5"
11920,Fine-Tuned Model,
11921,Fine-Tuned Model,"3,4,2,1,6,5"
11922,Fine-Tuned Model,"1,5,3,2,6,4"
11923,Fine-Tuned Model,"3,5,2,6,4,1"
11924,Fine-Tuned Model,"3,6,2,4,5,1"
11925,Fine-Tuned Model,"2,4,6,3,5,1"
11926,Fine-Tuned Model,"5,2,6,4,1,3"
11927,Fine-Tuned Model,"3,1,6,4,2,5"
11928,Fine-Tuned Model,"1,4,6,2,5,3"
11929,Fine-Tuned Model,"3,1,4,2,6,5"
11930,Fine-Tuned Model,"1,3,6,5,2,4"
11931,Fine-Tuned Model,"4,3,5,2,6,1"
11932,Fine-Tuned Model,"5,2,6,1,4,3"
11933,Fine-Tuned Model,
11934,Fine-Tuned Model,
11935,Fine-Tuned Model,"5,3,2,6,1,4"
11936,Fine-Tuned Model,
11937,Fine-Tuned Model,"2,5,6,3,1,4"
11938,Fine-Tuned Model,"5,3,2,4,6,1"
11939,Fine-Tuned Model,
11940,Fine-Tuned Model,"1,2,3,4,5,6"
11941,Fine-Tuned Model,
11942,Fine-Tuned Model,
11943,Fine-Tuned Model,"3,1,6,4,2,5"
11944,Fine-Tuned Model,"6,3,1,4,5,2"
11945,Fine-Tuned Model,"1,3,2,6,4,5"
11946,Fine-Tuned Model,"3,1,6,2,5,4"
11947,Fine-Tuned Model,"5,3,1,4,5,6"
11948,Fine-Tuned Model,"3,1,5,4,2,6"
11949,Fine-Tuned Model,"4,3,6,2,5,1"
11950,Fine-Tuned Model,"2,5,3,6,4,1"
11951,Fine-Tuned Model,"3,2,6,1,5,4"
11952,Fine-Tuned Model,"3,6,1,5,2,4"
11953,Fine-Tuned Model,"2,5,1,6,4,3"
11954,Fine-Tuned Model,"4,2,6,1,5,3"
11955,Fine-Tuned Model,"3,6,2,5,1,4"
11956,Fine-Tuned Model,"2,5,1,6,3,4"
11957,Fine-Tuned Model,
11958,Fine-Tuned Model,
11959,Fine-Tuned Model,"3,6,2,5,4,1"
11960,Fine-Tuned Model,"1,6,6,6"
11961,Fine-Tuned Model,"1,4,2,6,5,3"
11962,Fine-Tuned Model,
11963,Fine-Tuned Model,"1,3,4,2,5,6"
11964,Fine-Tuned Model,
11965,Fine-Tuned Model,6
11966,Fine-Tuned Model,"1,2,3,4,5,6"
11967,Fine-Tuned Model,"2,5,3,6,4,1"
11968,Fine-Tuned Model,"1,5,2,6,4,3"
11969,Fine-Tuned Model,
11970,Fine-Tuned Model,"1,2,5,6,3,2"
11971,Fine-Tuned Model,
11972,Fine-Tuned Model,"3,6,2,5,1,4"
11973,Fine-Tuned Model,"4,2,5,6,1,3"
11974,Fine-Tuned Model,"3,6,1,5,2,4"
11975,Fine-Tuned Model,"4,3,6,1,2,5"
11976,Fine-Tuned Model,"1,2,3,4,5,6"
11977,Fine-Tuned Model,"4,2,3,1,5,6"
11978,Fine-Tuned Model,"3,4,2,6,1,5"
11979,Fine-Tuned Model,
11980,Fine-Tuned Model,"3,6,2,5,4,1"
11981,Fine-Tuned Model,
11982,Fine-Tuned Model,"5,2,6,3,1,4"
11983,Fine-Tuned Model,"3,5,1,2,4,6"
11984,Fine-Tuned Model,"3,2,6,1,5,4"
11985,Fine-Tuned Model,"4,2,5,6,3,1"
11986,Fine-Tuned Model,"2,6,5,3,1"
11987,Fine-Tuned Model,
11988,Fine-Tuned Model,
11989,Fine-Tuned Model,
11990,Fine-Tuned Model,
11991,Fine-Tuned Model,"1,3,2,5,6,4"
11992,Fine-Tuned Model,"5,2,6,4,1,3"
11993,Fine-Tuned Model,
11994,Fine-Tuned Model,1
11995,Fine-Tuned Model,"3,6,2,1,4,5"
11996,Fine-Tuned Model,"3,5,6,2,4,1"
11997,Fine-Tuned Model,"3,2,4,6,5,1"
11998,Fine-Tuned Model,"4,2,5,3,1,6"
11999,Fine-Tuned Model,"1,2,3,4,5,6"
12000,Fine-Tuned Model,"1,4,2,5,6,3"
12001,Fine-Tuned Model,"1,6,6"
12002,Fine-Tuned Model,"3,6,1,2,5,4"
12003,Fine-Tuned Model,"4,3,2,6,1,5"
12004,Fine-Tuned Model,"5,3,6,2,4,1"
12005,Fine-Tuned Model,"1,2,5,6,3,4"
12006,Fine-Tuned Model,
12007,Fine-Tuned Model,"3,6,4,2,5,1"
12008,Fine-Tuned Model,"4,6,1,5,3,2"
12009,Fine-Tuned Model,"4,2,6,1,3,5"
12010,Fine-Tuned Model,"5,3,1,6,2,4"
12011,Fine-Tuned Model,"1,6,6"
12012,Fine-Tuned Model,"4,2,5,1,6,3"
12013,Fine-Tuned Model,"4,1,3,6,5,2"
12014,Fine-Tuned Model,"2,4,1,3,6,5"
12015,Fine-Tuned Model,"2,4,3,6,1,5"
12016,Fine-Tuned Model,"4,2,5,6,1,3"
12017,Fine-Tuned Model,"4,2,6,3,5,1"
12018,Fine-Tuned Model,"3,4,2,5,6,1"
12019,Fine-Tuned Model,"3,6,4,2,5,1"
12020,Fine-Tuned Model,
12021,Fine-Tuned Model,"1,2,3,4,5,6"
12022,Fine-Tuned Model,"2,4,5,1,6,3"
12023,Fine-Tuned Model,"4,2,5,1,3,6"
12024,Fine-Tuned Model,"3,6,2,4,5,1"
12025,Fine-Tuned Model,"6,1,6"
12026,Fine-Tuned Model,"3,6,2,5,1,4"
12027,Fine-Tuned Model,"6,4,3,6,2,5"
12028,Fine-Tuned Model,
12029,Fine-Tuned Model,"4,2,6,1,5,3"
12030,Fine-Tuned Model,"3,6,2,5,4,1"
12031,Fine-Tuned Model,
12032,Fine-Tuned Model,"1,4,2,2,3,6"
12033,Fine-Tuned Model,"1,3,5,2,4,6"
12034,Fine-Tuned Model,"2,5,6,3,1,4"
12035,Fine-Tuned Model,"5,2,3,6,4,1"
12036,Fine-Tuned Model,"4,2,6,1,5,3"
12037,Fine-Tuned Model,
12038,Fine-Tuned Model,"4,2,6,3,5,1"
12039,Fine-Tuned Model,"1,6,1"
12040,Fine-Tuned Model,"2,4,5,1"
12041,Fine-Tuned Model,"1,2,3,4,5"
12042,Fine-Tuned Model,"4,2,5,1,6,3"
12043,Fine-Tuned Model,"2,6,4,5,3,1"
12044,Fine-Tuned Model,"3,6,5,4,2,1"
12045,Fine-Tuned Model,"2,6,5,3,1,4"
12046,Fine-Tuned Model,
12047,Fine-Tuned Model,"3,2,6,5,1,4"
12048,Fine-Tuned Model,"2,5,1,3,6,4"
12049,Fine-Tuned Model,"3,2,6,5,4,1"
12050,Fine-Tuned Model,"3,4,2,6,5,1"
12051,Fine-Tuned Model,"2,4,1,5,6,3"
12052,Fine-Tuned Model,"3,3"
12053,Fine-Tuned Model,"3,6,1,4,2,5"
12054,Fine-Tuned Model,"1,6,3,6,5,2"
12055,Fine-Tuned Model,6
12056,Fine-Tuned Model,"4,2,6,5,3,1"
12057,Fine-Tuned Model,"4,2,6,3,5,1"
12058,Fine-Tuned Model,
12059,Fine-Tuned Model,"4,1,3,6,2,5"
12060,Fine-Tuned Model,
12061,Fine-Tuned Model,"3,5,1,6,2,4"
12062,Fine-Tuned Model,"1,3,5,2,4,6"
12063,Fine-Tuned Model,"3,1,2,6,4,5"
12064,Fine-Tuned Model,"3,5,1,4,2,6"
12065,Fine-Tuned Model,1
12066,Fine-Tuned Model,"3,2,5,1,4,6"
12067,Fine-Tuned Model,"1,2,6,3,6,4"
12068,Fine-Tuned Model,"3,6,5,2,4,1"
12069,Fine-Tuned Model,"1,3,5,2,6,4"
12070,Fine-Tuned Model,
12071,Fine-Tuned Model,
12072,Fine-Tuned Model,
12073,Fine-Tuned Model,"1,4,2,2,3,5"
12074,Fine-Tuned Model,"3,6,1,4,2,5"
12075,Fine-Tuned Model,"5,3,2,4,6"
12076,Fine-Tuned Model,"5,2,4,1,3,6"
12077,Fine-Tuned Model,"5,2,6,4,1,3"
12078,Fine-Tuned Model,"3,6,2,5,4,1"
12079,Fine-Tuned Model,"1,2,3,2,4,5"
12080,Fine-Tuned Model,"3,6,2,5,4,1"
12081,Fine-Tuned Model,"3,4,5,2,6,1"
12082,Fine-Tuned Model,"2,4,5,3,1,6"
12083,Fine-Tuned Model,"6,1,6"
12084,Fine-Tuned Model,
12085,Fine-Tuned Model,"1,4,2,6,3,5"
12086,Fine-Tuned Model,"5,3,2,6,1,4"
12087,Fine-Tuned Model,
12088,Fine-Tuned Model,
12089,Fine-Tuned Model,"6,1,6"
12090,Fine-Tuned Model,"1,2,3,4,5,6"
12091,Fine-Tuned Model,"2,5,3,6,1,4"
12092,Fine-Tuned Model,"3,1,2,4,6,5"
12093,Fine-Tuned Model,"1,3,6,2,5,4"
12094,Fine-Tuned Model,"3,1"
12095,Fine-Tuned Model,"4,6,2,3,1,5"
12096,Fine-Tuned Model,"2,5,1,4,6,3"
12097,Fine-Tuned Model,"4,2,6,5,3,1"
12098,Fine-Tuned Model,
12099,Fine-Tuned Model,"1,2,2,5,3,6"
12100,Fine-Tuned Model,"2,4,6,3,3,5"
12101,Fine-Tuned Model,"4,2,6,3,5,1"
12102,Fine-Tuned Model,"2,6,5,4,3,1"
12103,Fine-Tuned Model,"2,5,6,3,2,5"
12104,Fine-Tuned Model,
12105,Fine-Tuned Model,"4,6,2,3,5,1"
12106,Fine-Tuned Model,
12107,Fine-Tuned Model,"4,2,6,3,5,1"
12108,Fine-Tuned Model,"6,1,6,1"
12109,Fine-Tuned Model,"3,6,2,5,4,1"
12110,Fine-Tuned Model,"3,6,4,2,5,1"
12111,Fine-Tuned Model,"1,2,4,3,6,5"
12112,Fine-Tuned Model,"3,5,1,4,2,6"
12113,Fine-Tuned Model,"2,5,6,4,1,3"
12114,Fine-Tuned Model,"1,2,3,4,5,6"
12115,Fine-Tuned Model,
12116,Fine-Tuned Model,"3,2,6,4,5,1"
12117,Fine-Tuned Model,
12118,Fine-Tuned Model,"2,4,3,6,5,1"
12119,Fine-Tuned Model,"4,1,3,2,6,5"
12120,Fine-Tuned Model,"5,4,2,1,6,3"
12121,Fine-Tuned Model,
12122,Fine-Tuned Model,
12123,Fine-Tuned Model,
12124,Fine-Tuned Model,
12125,Fine-Tuned Model,
12126,Fine-Tuned Model,"6,1,6"
12127,Fine-Tuned Model,"1,4,6,2,5,3"
12128,Fine-Tuned Model,"2,4,6,3,5,1"
12129,Fine-Tuned Model,"3,2,6,5,1,4"
12130,Fine-Tuned Model,"3,6,2,4,5,1"
12131,Fine-Tuned Model,"1,6,6"
12132,Fine-Tuned Model,
12133,Fine-Tuned Model,"2,5,3,1,4,6"
12134,Fine-Tuned Model,"1,4,2,6,1,5"
12135,Fine-Tuned Model,6
12136,Fine-Tuned Model,"3,6,2,1,4,5"
12137,Fine-Tuned Model,"5,2,3,6,1,4"
12138,Fine-Tuned Model,"1,3,2,6,5,4"
12139,Fine-Tuned Model,"2,5,4,3,1,6"
12140,Fine-Tuned Model,"2,6,4,3,5,1"
12141,Fine-Tuned Model,"4,2,3,6,1,5"
12142,Fine-Tuned Model,
12143,Fine-Tuned Model,"3,5"
12144,Fine-Tuned Model,"2,4,1,5,3,6"
12145,Fine-Tuned Model,"1,2,3,4,5,6"
12146,Fine-Tuned Model,"1,3,2,6,3,1"
12147,Fine-Tuned Model,"3,6,2,5,1,4"
12148,Fine-Tuned Model,"1,5,3,4,2,6"
12149,Fine-Tuned Model,"1,2,3,4,5,6"
12150,Fine-Tuned Model,"4,2,6,5,1,3"
12151,Fine-Tuned Model,"4,2,5,1,3,6"
12152,Fine-Tuned Model,"1,5,3,2,6,4"
12153,Fine-Tuned Model,
12154,Fine-Tuned Model,
12155,Fine-Tuned Model,"4,2,6,3,1,5"
12156,Fine-Tuned Model,
12157,Fine-Tuned Model,"2,4,6,3,5,1"
12158,Fine-Tuned Model,"6,6"
12159,Fine-Tuned Model,"1,3,4,2,6,5"
12160,Fine-Tuned Model,"3,4,2,5,6,1"
12161,Fine-Tuned Model,
12162,Fine-Tuned Model,"4,2,6,3,5,1"
12163,Fine-Tuned Model,
12164,Fine-Tuned Model,
12165,Fine-Tuned Model,"5,2,6,3,1,4"
12166,Fine-Tuned Model,
12167,Fine-Tuned Model,"5,2,3,6,1,4"
12168,Fine-Tuned Model,
12169,Fine-Tuned Model,"3,6,1,2,5,4"
12170,Fine-Tuned Model,"1,3,4,2,5,6"
12171,Fine-Tuned Model,"6,1,6"
12172,Fine-Tuned Model,"1,3,5,2,6,4"
12173,Fine-Tuned Model,
12174,Fine-Tuned Model,"3,6,2,5,1,4"
12175,Fine-Tuned Model,"1,3,4,2,6,1"
12176,Fine-Tuned Model,
12177,Fine-Tuned Model,"1,4,2,5,6,3"
12178,Fine-Tuned Model,"4,2,5,6,1,3"
12179,Fine-Tuned Model,"5,3,6,1,2,4"
12180,Fine-Tuned Model,"3,6,2,5,4,1"
12181,Fine-Tuned Model,
12182,Fine-Tuned Model,"3,6,2,5,1,4"
12183,Fine-Tuned Model,"3,1,6,4,2,5"
12184,Fine-Tuned Model,"4,1,6,3,2,5"
12185,Fine-Tuned Model,"1,3,4,2,6,5"
12186,Fine-Tuned Model,"3,6,1,5,4,2"
12187,Fine-Tuned Model,
12188,Fine-Tuned Model,
12189,Fine-Tuned Model,
12190,Fine-Tuned Model,"2,4,5,3,2,6"
12191,Fine-Tuned Model,"1,3,6,2,5,4"
12192,Fine-Tuned Model,"2,5,3,4,6,1"
12193,Fine-Tuned Model,"4,2,6,5,3,1"
12194,Fine-Tuned Model,"3,6,2,5,1,4"
12195,Fine-Tuned Model,"5,3,1,2,4,6"
12196,Fine-Tuned Model,"2,5,3,1,4,6"
12197,Fine-Tuned Model,
12198,Fine-Tuned Model,"2,1,1"
12199,Fine-Tuned Model,"3,2,4,5,6,1"
12200,Fine-Tuned Model,"5,2,6,3,1,4"
12201,Fine-Tuned Model,"2,6,3,5,1,4"
12202,Fine-Tuned Model,"4,2,6,3,1,5"
12203,Fine-Tuned Model,
12204,Fine-Tuned Model,"3,5,1,2,6,4"
12205,Fine-Tuned Model,"3,6,1,5,2,4"
12206,Fine-Tuned Model,"1,6,6"
12207,Fine-Tuned Model,1
12208,Fine-Tuned Model,"2,5,3,6,1,4"
12209,Fine-Tuned Model,"5,2,4,6,3,1"
12210,Fine-Tuned Model,"4,2,6,3,5,1"
12211,Fine-Tuned Model,"5,1,6,2,4,3"
12212,Fine-Tuned Model,"3,4,1,5,2,6"
12213,Fine-Tuned Model,
12214,Fine-Tuned Model,"5,2,6,3,1,4"
12215,Fine-Tuned Model,"2,6,4,5,3,1"
12216,Fine-Tuned Model,"3,5,2,1,4,6"
12217,Fine-Tuned Model,"4,3,6,5,2,1"
12218,Fine-Tuned Model,"2,4,6,3,5,1"
12219,Fine-Tuned Model,
12220,Fine-Tuned Model,"1,4,3,2,5,6"
12221,Fine-Tuned Model,"2,5,3,1,4,6"
12222,Fine-Tuned Model,"4,2,5,6,1,3"
12223,Fine-Tuned Model,"4,6,3,2,1,5"
12224,Fine-Tuned Model,"6,1,6,3,5,1"
12225,Fine-Tuned Model,"2,5,1,4,6,3"
12226,Fine-Tuned Model,"2,4,3,5,6,1"
12227,Fine-Tuned Model,"6,1,6,6"
12228,Fine-Tuned Model,"5,2,3,6,1,4"
12229,Fine-Tuned Model,
12230,Fine-Tuned Model,"4,3,2,5,6,1"
12231,Fine-Tuned Model,"4,2,6,1,3,5"
12232,Fine-Tuned Model,"5,3,2,6,1,4"
12233,Fine-Tuned Model,"1,4,3,6,2,5"
12234,Fine-Tuned Model,"1,4,2,3,6,5"
12235,Fine-Tuned Model,"3,6,2,1,5,4"
12236,Fine-Tuned Model,"2,5,3,6,4,1"
12237,Fine-Tuned Model,"3,5,2,6,4,1"
12238,Fine-Tuned Model,"4,2,3,6,1,5"
12239,Fine-Tuned Model,"1,6,6"
12240,Fine-Tuned Model,"3,4,1,5,2,6"
12241,Fine-Tuned Model,"1,2,3,4,5,6"
12242,Fine-Tuned Model,"2,4,6,5,3,5"
12243,Fine-Tuned Model,"1,6,5"
12244,Fine-Tuned Model,
12245,Fine-Tuned Model,"4,2,5,3,1,6"
12246,Fine-Tuned Model,"3,2,6,4,5,1"
12247,Fine-Tuned Model,"6,2,5,3,6,1"
12248,Fine-Tuned Model,
12249,Fine-Tuned Model,"3,5,2,1,4,6"
12250,Fine-Tuned Model,"4,3,5,1,2,6"
12251,Fine-Tuned Model,"1,2,3,4,5"
12252,Fine-Tuned Model,"3,5,4,2,6,1"
12253,Fine-Tuned Model,"5,2,4,1,6,3"
12254,Fine-Tuned Model,"4,2,6,3,5,1"
12255,Fine-Tuned Model,
12256,Fine-Tuned Model,"4,2,3,6,1,5"
12257,Fine-Tuned Model,
12258,Fine-Tuned Model,"1,4,3,2,5,6"
12259,Fine-Tuned Model,
12260,Fine-Tuned Model,"4,3,6,1,2,5"
12261,Fine-Tuned Model,"3,1,6,2,4,5"
12262,Fine-Tuned Model,"2,4,3,5,6,1"
12263,Fine-Tuned Model,
12264,Fine-Tuned Model,
12265,Fine-Tuned Model,
12266,Fine-Tuned Model,"2,4,6,3,5,1"
12267,Fine-Tuned Model,
12268,Fine-Tuned Model,
12269,Fine-Tuned Model,"1,2,3,4,5,6"
12270,Fine-Tuned Model,"1,2,6,3,2,5"
12271,Fine-Tuned Model,"5,3,1,6,4,2"
12272,Fine-Tuned Model,"3,6,2,5,1,4"
12273,Fine-Tuned Model,"1,4,3,5,2,6"
12274,Fine-Tuned Model,"6,3,2,5,2,1"
12275,Fine-Tuned Model,"4,3,6,2,5,1"
12276,Fine-Tuned Model,"1,4,3,6,2,5"
12277,Fine-Tuned Model,"4,2,6,3,5,1"
12278,Fine-Tuned Model,"3,6,2,5,4,1"
12279,Fine-Tuned Model,
12280,Fine-Tuned Model,"4,2,5,6,1,3"
12281,Fine-Tuned Model,"3,1,6,5,2,4"
12282,Fine-Tuned Model,"4,2,6,3,1,5"
12283,Fine-Tuned Model,"4,2,6,3,5,1"
12284,Fine-Tuned Model,"3,6,4,2,5,1"
12285,Fine-Tuned Model,"3,6,1,2,5,4"
12286,Fine-Tuned Model,"1,3,2,5,3,1"
12287,Fine-Tuned Model,
12288,Fine-Tuned Model,"1,2,3,4,5,6"
12289,Fine-Tuned Model,"1,2,3,4,5,6"
12290,Fine-Tuned Model,"4,2,3,6,1,5"
12291,Fine-Tuned Model,
12292,Fine-Tuned Model,"2,5,1,6,3,4"
12293,Fine-Tuned Model,
12294,Fine-Tuned Model,
12295,Fine-Tuned Model,"5,2,4,6,1,3"
12296,Fine-Tuned Model,"1,6,6"
12297,Fine-Tuned Model,
12298,Fine-Tuned Model,"1,2,3,4,5,6"
12299,Fine-Tuned Model,"5,3,6,2,1,4"
12300,Fine-Tuned Model,"2,5,3,6,2,4"
12301,Fine-Tuned Model,"3,5,2,6,1,4"
12302,Fine-Tuned Model,"3,6,5,2,1,4"
12303,Fine-Tuned Model,
12304,Fine-Tuned Model,"5,3,2,6,1,4"
12305,Fine-Tuned Model,"1,6,6,3,6,2"
12306,Fine-Tuned Model,"1,6,1,6,1,6"
12307,Fine-Tuned Model,"3,6,5,2,6,1"
12308,Fine-Tuned Model,"5,4,2,3,1,6"
12309,Fine-Tuned Model,"3,6,2,5,1,4"
12310,Fine-Tuned Model,
12311,Fine-Tuned Model,"4,2,6,1,3,5"
12312,Fine-Tuned Model,"2,6,1,3,4,5"
12313,Fine-Tuned Model,
12314,Fine-Tuned Model,
12315,Fine-Tuned Model,"6,6,1,3,2,6"
12316,Fine-Tuned Model,"3,5,6,3,1,6"
12317,Fine-Tuned Model,
12318,Fine-Tuned Model,"4,2,3,6,5,1"
12319,Fine-Tuned Model,"3,6,2,5,4,1"
12320,Fine-Tuned Model,"4,2,3,5,1,6"
12321,Fine-Tuned Model,"2,6,4,3,5,1"
12322,Fine-Tuned Model,"4,2,5,3,6,1"
12323,Fine-Tuned Model,
12324,Fine-Tuned Model,"4,2,5,3,1,6"
12325,Fine-Tuned Model,"1,2,3,4,5,6"
12326,Fine-Tuned Model,"1,4,2,6,3,5"
12327,Fine-Tuned Model,"5,3,2,6,1,4"
12328,Fine-Tuned Model,
12329,Fine-Tuned Model,1
12330,Fine-Tuned Model,"3,5,2,6,4,1"
12331,Fine-Tuned Model,"3,6,1,2,5,4"
12332,Fine-Tuned Model,
12333,Fine-Tuned Model,
12334,Fine-Tuned Model,"1,3,4,2,6,5"
12335,Fine-Tuned Model,"5,3,2,6,1,4"
12336,Fine-Tuned Model,"1,2,3,4,5,6"
12337,Fine-Tuned Model,
12338,Fine-Tuned Model,"1,2,3,4,5"
12339,Fine-Tuned Model,
12340,Fine-Tuned Model,"2,4,3,6,5,1"
12341,Fine-Tuned Model,"3,2,6,5,4,1"
12342,Fine-Tuned Model,"2,5,3,6,1,4"
12343,Fine-Tuned Model,"6,1,1,2,4,5"
12344,Fine-Tuned Model,
12345,Fine-Tuned Model,"3,6,2,5,1,4"
12346,Fine-Tuned Model,
12347,Fine-Tuned Model,"2,4,1,5,3"
12348,Fine-Tuned Model,
12349,Fine-Tuned Model,
12350,Fine-Tuned Model,"3,6,1,6,1,4"
12351,Fine-Tuned Model,"1,2,3,4,5,6"
12352,Fine-Tuned Model,
12353,Fine-Tuned Model,1
12354,Fine-Tuned Model,
12355,Fine-Tuned Model,"4,2,6,3,1,5"
12356,Fine-Tuned Model,"3,2,6,4,1,5"
12357,Fine-Tuned Model,
12358,Fine-Tuned Model,"3,1,6,2,5,4"
12359,Fine-Tuned Model,"6,4,2,1,6,5"
12360,Fine-Tuned Model,"5,2,4,1,3,6"
12361,Fine-Tuned Model,"5,4,2,3,6,1"
12362,Fine-Tuned Model,"1,4,3,6,2,5"
12363,Fine-Tuned Model,"3,5,6,1,2,4"
12364,Fine-Tuned Model,
12365,Fine-Tuned Model,"2,6,1,3,5,4"
12366,Fine-Tuned Model,"3,2,6,1,4,5"
12367,Fine-Tuned Model,"1,2,4,5,3,6"
12368,Fine-Tuned Model,
12369,Fine-Tuned Model,"1,3,2,6,5,4"
12370,Fine-Tuned Model,"4,6,3,5,2,6"
12371,Fine-Tuned Model,"1,2,3,4,5"
12372,Fine-Tuned Model,"4,2,3,6,1,5"
12373,Fine-Tuned Model,"3,1,6,2,5,4"
12374,Fine-Tuned Model,
12375,Fine-Tuned Model,
12376,Fine-Tuned Model,"1,2,4,5,6,1"
12377,Fine-Tuned Model,"1,2,3,4,5,6"
12378,Fine-Tuned Model,"2,5,1,6,3,4"
12379,Fine-Tuned Model,"6,1,6,1"
12380,Fine-Tuned Model,"3,2,6,1,5,4"
12381,Fine-Tuned Model,"1,6,1,6,1,6"
12382,Fine-Tuned Model,"1,5,3,2,6,4"
12383,Fine-Tuned Model,"1,1,3,6,4,2"
12384,Fine-Tuned Model,"3,5,2,6,4,1"
12385,Fine-Tuned Model,"1,2,4,3,5,6"
12386,Fine-Tuned Model,"4,1,6,2,5,3"
12387,Fine-Tuned Model,"1,6,6,1,6"
12388,Fine-Tuned Model,
12389,Fine-Tuned Model,"1,3,2,6,4,5"
12390,Fine-Tuned Model,"2,5,6,3,2,4"
12391,Fine-Tuned Model,
12392,Fine-Tuned Model,
12393,Fine-Tuned Model,
12394,Fine-Tuned Model,"2,5,3,6,4,1"
12395,Fine-Tuned Model,"3,4,2,6,5,1"
12396,Fine-Tuned Model,"3,6,2,5,4,1"
12397,Fine-Tuned Model,"2,5,4,1,6,3"
12398,Fine-Tuned Model,"4,2,6,5,3,1"
12399,Fine-Tuned Model,"3,5,2,6,4,1"
12400,Fine-Tuned Model,
12401,Fine-Tuned Model,"3,6,2,1,4,5"
12402,Fine-Tuned Model,1
12403,Fine-Tuned Model,"4,2,5,6,3,1"
12404,Fine-Tuned Model,
12405,Fine-Tuned Model,"3,1,5,4,2,6"
12406,Fine-Tuned Model,
12407,Fine-Tuned Model,"6,2,4,1,3,5"
12408,Fine-Tuned Model,"3,6,4,2,5,1"
12409,Fine-Tuned Model,"1,5,3,6,2,4"
12410,Fine-Tuned Model,
12411,Fine-Tuned Model,
12412,Fine-Tuned Model,"5,3,4,2,6,1"
12413,Fine-Tuned Model,"3,6,4,2,5,1"
12414,Fine-Tuned Model,"1,3,5,2,4,6"
12415,Fine-Tuned Model,
12416,Fine-Tuned Model,"4,2,6,5,3,1"
12417,Fine-Tuned Model,
12418,Fine-Tuned Model,
12419,Fine-Tuned Model,"6,4,3,5,1,2"
12420,Fine-Tuned Model,"1,3,5,4,2,6"
12421,Fine-Tuned Model,"6,1,6"
12422,Fine-Tuned Model,"4,2,6,1,3,5"
12423,Fine-Tuned Model,"5,2,6,1,3,4"
12424,Fine-Tuned Model,"4,3,5,2,6,1"
12425,Fine-Tuned Model,
12426,Fine-Tuned Model,"3,4,2,6,5,1"
12427,Fine-Tuned Model,
12428,Fine-Tuned Model,"5,2,4,6,1,3"
12429,Fine-Tuned Model,"4,3,6,2,5,1"
12430,Fine-Tuned Model,"1,2,4,3,5,6"
12431,Fine-Tuned Model,"1,6,6"
12432,Fine-Tuned Model,"6,1,6,6,1,6"
12433,Fine-Tuned Model,"3,6,2,4,5,1"
12434,Fine-Tuned Model,"2,6,3,1,5,4"
12435,Fine-Tuned Model,"1,2,4,3,5,6"
12436,Fine-Tuned Model,
12437,Fine-Tuned Model,"4,2,6,3,5,1"
12438,Fine-Tuned Model,"1,5,2,4,6,3"
12439,Fine-Tuned Model,
12440,Fine-Tuned Model,"1,3,5,4,2,5"
12441,Fine-Tuned Model,"2,6"
12442,Fine-Tuned Model,"2,5,4,6,3,1"
12443,Fine-Tuned Model,"3,6,2,5,1,4"
12444,Fine-Tuned Model,
12445,Fine-Tuned Model,1
12446,Fine-Tuned Model,"2,4,3,6,1,5"
12447,Fine-Tuned Model,"2,5,3,6,4,1"
12448,Fine-Tuned Model,"4,3,5,2,6,1"
12449,Fine-Tuned Model,"6,1,6"
12450,Fine-Tuned Model,"5,2,4,6,1,3"
12451,Fine-Tuned Model,
12452,Fine-Tuned Model,"1,6,6,1,6,6"
12453,Fine-Tuned Model,"3,5,6,2,4,1"
12454,Fine-Tuned Model,"3,4,5,6,3,5"
12455,Fine-Tuned Model,"4,2,6,5,1,3"
12456,Fine-Tuned Model,"1,3,5,2,6,4"
12457,Fine-Tuned Model,"1,6,6"
12458,Fine-Tuned Model,"3,6,4,1,2,5"
12459,Fine-Tuned Model,"1,2,6,4,3,5"
12460,Fine-Tuned Model,"4,2,1,6,5,3"
12461,Fine-Tuned Model,
12462,Fine-Tuned Model,"4,1,3,6,2,5"
12463,Fine-Tuned Model,"3,6,2,5,4,1"
12464,Fine-Tuned Model,
12465,Fine-Tuned Model,"4,3,2,6,5,1"
12466,Fine-Tuned Model,6
12467,Fine-Tuned Model,"4,2,6,5,3,1"
12468,Fine-Tuned Model,"1,3,2,6,5,4"
12469,Fine-Tuned Model,"3,6,4,1,2,5"
12470,Fine-Tuned Model,"5,3,6,2,4,1"
12471,Fine-Tuned Model,6
12472,Fine-Tuned Model,"3,1,4,6,2,5"
12473,Fine-Tuned Model,"4,6,3,5,2,1"
12474,Fine-Tuned Model,
12475,Fine-Tuned Model,"1,2,2,3,3,4"
12476,Fine-Tuned Model,"1,4,2,3,3,2"
12477,Fine-Tuned Model,"4,2,6,5,3,1"
12478,Fine-Tuned Model,
12479,Fine-Tuned Model,"3,5,2,6,4,1"
12480,Fine-Tuned Model,"3,5,2,6,4,1"
12481,Fine-Tuned Model,"3,6,1,4,2,5"
12482,Fine-Tuned Model,
12483,Fine-Tuned Model,
12484,Fine-Tuned Model,"2,5,6,3,1,4"
12485,Fine-Tuned Model,"1,4,2,6,5,3"
12486,Fine-Tuned Model,
12487,Fine-Tuned Model,"1,4,3,2,6,5"
12488,Fine-Tuned Model,
12489,Fine-Tuned Model,
12490,Fine-Tuned Model,
12491,Fine-Tuned Model,"4,3,2,5,1,6"
12492,Fine-Tuned Model,"3,6,2,5,4,1"
12493,Fine-Tuned Model,
12494,Fine-Tuned Model,"2,4,6,3,5,1"
12495,Fine-Tuned Model,"2,6,1,3,5,4"
12496,Fine-Tuned Model,"2,5,1,3,6,4"
12497,Fine-Tuned Model,"2,3,6,1,4,5"
12498,Fine-Tuned Model,"5,2,6,1,4,3"
12499,Fine-Tuned Model,"3,2,6,4,1,5"
12500,Fine-Tuned Model,"3,4,2,6,1"
12501,Fine-Tuned Model,"2,4,1,5,3,6"
12502,Fine-Tuned Model,"3,6,2,1,4,5"
12503,Fine-Tuned Model,"4,6,2,3,5,1"
12504,Fine-Tuned Model,
12505,Fine-Tuned Model,"3,5,2,4,6,1"
12506,Fine-Tuned Model,"3,6,2,5,4,1"
12507,Fine-Tuned Model,"3,2,6,1,5,4"
12508,Fine-Tuned Model,"5,3,1,6,2,4"
12509,Fine-Tuned Model,"1,2,3,4,5,6"
12510,Fine-Tuned Model,"2,5,6,1,3,4"
12511,Fine-Tuned Model,"4,2,6,1,3,5"
12512,Fine-Tuned Model,"2,5,3,6,4,1"
12513,Fine-Tuned Model,"4,2,6,3,1,5"
12514,Fine-Tuned Model,"4,6,1,2,5,3"
12515,Fine-Tuned Model,"2,5,1,6,4,3"
12516,Fine-Tuned Model,
12517,Fine-Tuned Model,"4,3,6,2,5,1"
12518,Fine-Tuned Model,"3,6,2,5,4,1"
12519,Fine-Tuned Model,"4,2,3,6,5,1"
12520,Fine-Tuned Model,"2,4,5,6,1,3"
12521,Fine-Tuned Model,
12522,Fine-Tuned Model,
12523,Fine-Tuned Model,
12524,Fine-Tuned Model,"1,6,6"
12525,Fine-Tuned Model,"5,2,4,3,1,6"
12526,Fine-Tuned Model,"1,5,2,2,3,1"
12527,Fine-Tuned Model,"6,1,6,1"
12528,Fine-Tuned Model,
12529,Fine-Tuned Model,
12530,Fine-Tuned Model,"2,5,6,3,1,4"
12531,Fine-Tuned Model,"2,5,6,4,3,6"
12532,Fine-Tuned Model,"3,6,1,2,4,5"
12533,Fine-Tuned Model,"5,2,6,3,4,1"
12534,Fine-Tuned Model,"3,6,2,5,1,4"
12535,Fine-Tuned Model,"2,5,1,6,4,3"
12536,Fine-Tuned Model,
12537,Fine-Tuned Model,"4,2,5,1,6,3"
12538,Fine-Tuned Model,"3,5,2,6,1,4"
12539,Fine-Tuned Model,"2,4,5,6,3,1"
12540,Fine-Tuned Model,"6,1,6"
12541,Fine-Tuned Model,"2,6,1,5,4,3"
12542,Fine-Tuned Model,"1,2,3,4,5,6"
12543,Fine-Tuned Model,"6,1,6"
12544,Fine-Tuned Model,"5,2,6,3,1,4"
12545,Fine-Tuned Model,
12546,Fine-Tuned Model,"4,1,3,6,2,5"
12547,Fine-Tuned Model,"3,4,5,2,6,1"
12548,Fine-Tuned Model,"4,2,6,1,5,3"
12549,Fine-Tuned Model,"3,5,2,4,6"
12550,Fine-Tuned Model,"3,6,2,5,4,1"
12551,Fine-Tuned Model,"1,3,2,5,3,2"
12552,Fine-Tuned Model,
12553,Fine-Tuned Model,"6,1,6"
12554,Fine-Tuned Model,"2,4,3,6,5,3"
12555,Fine-Tuned Model,"1,4,2,6,3,5"
12556,Fine-Tuned Model,
12557,Fine-Tuned Model,"3,6,2,4,5,1"
12558,Fine-Tuned Model,"3,2,6,4,5,1"
12559,Fine-Tuned Model,"1,4,2,6,5,3"
12560,Fine-Tuned Model,
12561,Fine-Tuned Model,"2,4,5,3,1,6"
12562,Fine-Tuned Model,"4,2,5,3,6,1"
12563,Fine-Tuned Model,"4,2,6,3,5,1"
12564,Fine-Tuned Model,"3,6,4,2,5,1"
12565,Fine-Tuned Model,5
12566,Fine-Tuned Model,
12567,Fine-Tuned Model,"1,5,2,4,6,3"
12568,Fine-Tuned Model,"1,6,5,3,4,2"
12569,Fine-Tuned Model,
12570,Fine-Tuned Model,
12571,Fine-Tuned Model,"6,1,6,4,2,6"
12572,Fine-Tuned Model,"1,6,2,5,3,4"
12573,Fine-Tuned Model,"6,3,1,6,4,2"
12574,Fine-Tuned Model,"4,2,5,3,1,6"
12575,Fine-Tuned Model,"2,5,3,6,1,4"
12576,Fine-Tuned Model,"3,6,4,2,5,1"
12577,Fine-Tuned Model,"5,3,2,6,1,4"
12578,Fine-Tuned Model,"4,6,3,5,2,1"
12579,Fine-Tuned Model,"4,2,6,5,3,1"
12580,Fine-Tuned Model,1
12581,Fine-Tuned Model,"1,3,4,2,1,5"
12582,Fine-Tuned Model,
12583,Fine-Tuned Model,"6,1,6"
12584,Fine-Tuned Model,"3,1,5,3,2,6"
12585,Fine-Tuned Model,
12586,Fine-Tuned Model,"3,5,2,6,4,1"
12587,Fine-Tuned Model,"4,3,6,2,5,1"
12588,Fine-Tuned Model,"3,2,6,4,1,5"
12589,Fine-Tuned Model,"4,2,6"
12590,Fine-Tuned Model,"4,2,6,3,5,1"
12591,Fine-Tuned Model,
12592,Fine-Tuned Model,"2,5,3,6,1,4"
12593,Fine-Tuned Model,"2,5,6,3,1,4"
12594,Fine-Tuned Model,
12595,Fine-Tuned Model,"3,4,5,2,6,1"
12596,Fine-Tuned Model,"1,3,2,5,4,6"
12597,Fine-Tuned Model,
12598,Fine-Tuned Model,
12599,Fine-Tuned Model,
12600,Fine-Tuned Model,"4,3,6,2,5,1"
12601,Fine-Tuned Model,"2,6,4,3,5,1"
12602,Fine-Tuned Model,"4,2,5,1,6,3"
12603,Fine-Tuned Model,
12604,Fine-Tuned Model,
12605,Fine-Tuned Model,"4,2,6,3,5"
12606,Fine-Tuned Model,"3,6,2,5,1,4"
12607,Fine-Tuned Model,
12608,Fine-Tuned Model,"5,3,6,2,4,1"
12609,Fine-Tuned Model,"3,4,6,2,5,1"
12610,Fine-Tuned Model,"1,2,3,4,5,6"
12611,Fine-Tuned Model,"4,2,6,3,5,1"
12612,Fine-Tuned Model,"1,6,6"
12613,Fine-Tuned Model,"3,6,5,2,4,1"
12614,Fine-Tuned Model,"5,2,4,3,1,6"
12615,Fine-Tuned Model,5
12616,Fine-Tuned Model,"2,5,3,6,1,4"
12617,Fine-Tuned Model,
12618,Fine-Tuned Model,"1,2,3,4,5,6"
12619,Fine-Tuned Model,"1,2,3,4,5,6"
12620,Fine-Tuned Model,"1,6,6"
12621,Fine-Tuned Model,"1,3,5,2,6,1"
12622,Fine-Tuned Model,"1,3,5,6,2,3"
12623,Fine-Tuned Model,"1,3,2,6,5,4"
12624,Fine-Tuned Model,"4,2,6,1,3,5"
12625,Fine-Tuned Model,"2,3,5,6,1,4"
12626,Fine-Tuned Model,"4,2,6,3,5,1"
12627,Fine-Tuned Model,
12628,Fine-Tuned Model,"2,4,3,6,1,5"
12629,Fine-Tuned Model,"4,2,6,1,3,5"
12630,Fine-Tuned Model,"4,6,5,2,1,3"
12631,Fine-Tuned Model,"4,2,6,3,5,1"
12632,Fine-Tuned Model,
12633,Fine-Tuned Model,"5,2,4,3,6,1"
12634,Fine-Tuned Model,"2,5,3,6,1,4"
12635,Fine-Tuned Model,"1,2,3,4,5,6"
12636,Fine-Tuned Model,"3,6,1,4,2,5"
12637,Fine-Tuned Model,"1,6"
12638,Fine-Tuned Model,"4,2,6,3,5,1"
12639,Fine-Tuned Model,
12640,Fine-Tuned Model,
12641,Fine-Tuned Model,"1,5,3,6,4,2"
12642,Fine-Tuned Model,"3,6,2,5,1,4"
12643,Fine-Tuned Model,"4,3,6,2,5,1"
12644,Fine-Tuned Model,"6,1,6,6"
12645,Fine-Tuned Model,"3,6,2,1,5,4"
12646,Fine-Tuned Model,"4,3,1,5,6,2"
12647,Fine-Tuned Model,
12648,Fine-Tuned Model,"1,5,2,3,6,4"
12649,Fine-Tuned Model,"3,4,1,6,2,5"
12650,Fine-Tuned Model,"4,3,2,6,1,5"
12651,Fine-Tuned Model,
12652,Fine-Tuned Model,"5,3,2,6,1,4"
12653,Fine-Tuned Model,"1,5,2,4,5,6"
12654,Fine-Tuned Model,"1,4,5,3,6,1"
12655,Fine-Tuned Model,"1,4,2,2,3,6"
12656,Fine-Tuned Model,
12657,Fine-Tuned Model,"4,3,6,2,5,1"
12658,Fine-Tuned Model,"3,1,4,2,6,5"
12659,Fine-Tuned Model,"4,2,6,3,5,1"
12660,Fine-Tuned Model,"3,1,6,4,2,5"
12661,Fine-Tuned Model,
12662,Fine-Tuned Model,"1,2,3,4,5,6"
12663,Fine-Tuned Model,
12664,Fine-Tuned Model,
12665,Fine-Tuned Model,"1,2,3,4,5,6"
12666,Fine-Tuned Model,
12667,Fine-Tuned Model,"4,2,6,5,3,1"
12668,Fine-Tuned Model,1
12669,Fine-Tuned Model,"4,2,6,3,1,5"
12670,Fine-Tuned Model,"4,1,6,2,5,3"
12671,Fine-Tuned Model,
12672,Fine-Tuned Model,"1,3,2,6,5,4"
12673,Fine-Tuned Model,"2,5,4,1,3,6"
12674,Fine-Tuned Model,"5,2,6,3,4,5"
12675,Fine-Tuned Model,"4,2,6,3,1,5"
12676,Fine-Tuned Model,"2,5,3,6,1,4"
12677,Fine-Tuned Model,"3,1"
12678,Fine-Tuned Model,"4,6,3,2,5,1"
12679,Fine-Tuned Model,
12680,Fine-Tuned Model,"2,5,1,6,3,4"
12681,Fine-Tuned Model,
12682,Fine-Tuned Model,"4,3,2,6,5"
12683,Fine-Tuned Model,"6,3,5,2,1,6"
12684,Fine-Tuned Model,"5,3,2,6,4,1"
12685,Fine-Tuned Model,"4,3,6,2,5,1"
12686,Fine-Tuned Model,"3,1,6,4,2,5"
12687,Fine-Tuned Model,
12688,Fine-Tuned Model,"3,2,6,5,4,1"
12689,Fine-Tuned Model,"1,2,3,4,5,6"
12690,Fine-Tuned Model,"4,3,2,5,6,1"
12691,Fine-Tuned Model,"5,2,6,3,1,4"
12692,Fine-Tuned Model,"4,2,6,5,3,1"
12693,Fine-Tuned Model,"4,2,6,3,1,5"
12694,Fine-Tuned Model,"4,2,6,3,5,1"
12695,Fine-Tuned Model,"4,2,6,5,1,3"
12696,Fine-Tuned Model,"2,5,4,1,6,3"
12697,Fine-Tuned Model,"3,1,6,4,5,2"
12698,Fine-Tuned Model,"4,1,6,2,5,3"
12699,Fine-Tuned Model,"2,5,3,6,4,1"
12700,Fine-Tuned Model,"4,2,5,1,6,3"
12701,Fine-Tuned Model,"3,1,5,2,4,6"
12702,Fine-Tuned Model,"2,6,4,3,1,5"
12703,Fine-Tuned Model,
12704,Fine-Tuned Model,"2,6,4,3,5,1"
12705,Fine-Tuned Model,"3,6,2,5,4,1"
12706,Fine-Tuned Model,"3,1,6,2,5,4"
12707,Fine-Tuned Model,
12708,Fine-Tuned Model,"6,4,2,6,3"
12709,Fine-Tuned Model,"3,1,6,2,5,4"
12710,Fine-Tuned Model,"2,4,5,3,6,1"
12711,Fine-Tuned Model,"4,2,3,5,1,6"
12712,Fine-Tuned Model,"5,3,6,2,1"
12713,Fine-Tuned Model,"1,2,3,4,5,6"
12714,Fine-Tuned Model,"1,3,4,5,2"
12715,Fine-Tuned Model,"4,5,3,6,1,2"
12716,Fine-Tuned Model,"1,2,3,4,5,6"
12717,Fine-Tuned Model,
12718,Fine-Tuned Model,"2,5,4,1,6,3"
12719,Fine-Tuned Model,
12720,Fine-Tuned Model,"1,6"
12721,Fine-Tuned Model,"4,3,6,2,5,1"
12722,Fine-Tuned Model,"3,2,6,5,1,4"
12723,Fine-Tuned Model,"3,6,2,5,4,1"
12724,Fine-Tuned Model,"3,4,6,1,2,5"
12725,Fine-Tuned Model,
12726,Fine-Tuned Model,"2,5,3,4,6,1"
12727,Fine-Tuned Model,
12728,Fine-Tuned Model,"4,2,6,3,1,5"
12729,Fine-Tuned Model,"4,2,5,6,1,3"
12730,Fine-Tuned Model,"3,5,6,2,4,1"
12731,Fine-Tuned Model,
12732,Fine-Tuned Model,"4,3,6,2,5,1"
12733,Fine-Tuned Model,
12734,Fine-Tuned Model,"4,3,6,2,5,1"
12735,Fine-Tuned Model,"2,6,3,4,5,2"
12736,Fine-Tuned Model,"1,3,2,6,4,5"
12737,Fine-Tuned Model,"4,3,2,6,5,1"
12738,Fine-Tuned Model,"3,5,2,6,1,4"
12739,Fine-Tuned Model,"1,2,3,4,5,6"
12740,Fine-Tuned Model,"5,3,1,4,2,6"
12741,Fine-Tuned Model,"2,3,1,6,4,5"
12742,Fine-Tuned Model,"5,2,3,4,6,1"
12743,Fine-Tuned Model,"3,2,5,1,4,6"
12744,Fine-Tuned Model,
12745,Fine-Tuned Model,"5,2,6,3,1,4"
12746,Fine-Tuned Model,"1,2,3,4,5,6"
12747,Fine-Tuned Model,"1,3,6,2,4,5"
12748,Fine-Tuned Model,"3,2,6,5,1,4"
12749,Fine-Tuned Model,"3,2,6,5,1,4"
12750,Fine-Tuned Model,
12751,Fine-Tuned Model,"4,2,6,5,1,3"
12752,Fine-Tuned Model,"4,3,2,5,6,1"
12753,Fine-Tuned Model,
12754,Fine-Tuned Model,
12755,Fine-Tuned Model,
12756,Fine-Tuned Model,
12757,Fine-Tuned Model,"4,3,5,2,1,6"
12758,Fine-Tuned Model,"2,6,1,3,5,4"
12759,Fine-Tuned Model,
12760,Fine-Tuned Model,
12761,Fine-Tuned Model,"1,3,2,6,3,2"
12762,Fine-Tuned Model,
12763,Fine-Tuned Model,"2,5,3,1,6,4"
12764,Fine-Tuned Model,"5,2,4,6,1,3"
12765,Fine-Tuned Model,"5,2,6,3,1,4"
12766,Fine-Tuned Model,"2,5,4,1,3,6"
12767,Fine-Tuned Model,
12768,Fine-Tuned Model,"3,6,2,1,5,4"
12769,Fine-Tuned Model,"5,3,2,6,1,4"
12770,Fine-Tuned Model,"2,5,3,6,1,4"
12771,Fine-Tuned Model,"3,6,2,5,4,1"
12772,Fine-Tuned Model,
12773,Fine-Tuned Model,"4,3,5,2,1,6"
12774,Fine-Tuned Model,"5,3,6,4,2,5"
12775,Fine-Tuned Model,"4,2,6,5,1,3"
12776,Fine-Tuned Model,"2,4,1,6,3,5"
12777,Fine-Tuned Model,
12778,Fine-Tuned Model,"2,6,5,3,4,1"
12779,Fine-Tuned Model,
12780,Fine-Tuned Model,
12781,Fine-Tuned Model,"6,2,5,4,3,1"
12782,Fine-Tuned Model,"4,3,6,2,5,1"
12783,Fine-Tuned Model,
12784,Fine-Tuned Model,
12785,Fine-Tuned Model,"1,2,3,4,5,6"
12786,Fine-Tuned Model,"1,5,4,6,2,3"
12787,Fine-Tuned Model,"3,6,1,4,5,2"
12788,Fine-Tuned Model,"1,6,1,6,1,6"
12789,Fine-Tuned Model,"4,3,6,1,2,5"
12790,Fine-Tuned Model,"3,6,2,5,4,1"
12791,Fine-Tuned Model,"4,2,6,1,5,3"
12792,Fine-Tuned Model,"5,1,6,3,5,4"
12793,Fine-Tuned Model,"3,2,6,4,5,1"
12794,Fine-Tuned Model,
12795,Fine-Tuned Model,"4,3,6,2,5,1"
12796,Fine-Tuned Model,"5,2,6,1,4,3"
12797,Fine-Tuned Model,"1,2,4,6,3"
12798,Fine-Tuned Model,"3,6,2,5,1,4"
12799,Fine-Tuned Model,"3,5,2,6,1,4"
12800,Fine-Tuned Model,"2,4,5,6"
12801,Fine-Tuned Model,"6,1,6"
12802,Fine-Tuned Model,"6,2,5,4,1,3"
12803,Fine-Tuned Model,
12804,Fine-Tuned Model,"3,5,2,4,6,3"
12805,Fine-Tuned Model,"3,1,5,3,2,6"
12806,Fine-Tuned Model,"4,6,3,2,5,1"
12807,Fine-Tuned Model,"1,2,3,4,5,6"
12808,Fine-Tuned Model,"5,2,6,1,4,3"
12809,Fine-Tuned Model,"4,2,6,1,5,3"
12810,Fine-Tuned Model,"4,2,5,3,6,1"
12811,Fine-Tuned Model,"3,5,2,6,4,1"
12812,Fine-Tuned Model,"1,4,5,1,3,2"
12813,Fine-Tuned Model,"1,4,2,3,5,6"
12814,Fine-Tuned Model,"1,5,2,6,3,4"
12815,Fine-Tuned Model,"3,6,2,5,4,1"
12816,Fine-Tuned Model,"2,6,3,4,5,1"
12817,Fine-Tuned Model,6
12818,Fine-Tuned Model,"3,6,2,1,4,5"
12819,Fine-Tuned Model,"2,5,3,6,2,4"
12820,Fine-Tuned Model,"1,2,3,4,5"
12821,Fine-Tuned Model,
12822,Fine-Tuned Model,"1,6,1,6,1,6"
12823,Fine-Tuned Model,
12824,Fine-Tuned Model,
12825,Fine-Tuned Model,"5,3,1,2,6,4"
12826,Fine-Tuned Model,
12827,Fine-Tuned Model,"1,5,4,3,2,6"
12828,Fine-Tuned Model,"2,3,6,1,5,4"
12829,Fine-Tuned Model,"2,6,4,1,5,3"
12830,Fine-Tuned Model,"3,5,2,6,4"
12831,Fine-Tuned Model,
12832,Fine-Tuned Model,"3,1,5,2,4,6"
12833,Fine-Tuned Model,"2,5,3,6,1,4"
12834,Fine-Tuned Model,"4,2,6,3,1,5"
12835,Fine-Tuned Model,
12836,Fine-Tuned Model,"2,5,3,6,4,1"
12837,Fine-Tuned Model,"3,1,5,6,2,4"
12838,Fine-Tuned Model,
12839,Fine-Tuned Model,"2,4,6,1,5,3"
12840,Fine-Tuned Model,
12841,Fine-Tuned Model,"5,2,6,3,1,4"
12842,Fine-Tuned Model,"3,6,2,5,1,4"
12843,Fine-Tuned Model,"6,1,6"
12844,Fine-Tuned Model,
12845,Fine-Tuned Model,
12846,Fine-Tuned Model,"2,4,6,1,5,3"
12847,Fine-Tuned Model,"2,3,1,6,4"
12848,Fine-Tuned Model,"4,2,6,3,5,1"
12849,Fine-Tuned Model,"6,1,2,3,6,2"
12850,Fine-Tuned Model,"3,6,2,5,4,1"
12851,Fine-Tuned Model,
12852,Fine-Tuned Model,"5,2,3,6,1,4"
12853,Fine-Tuned Model,
12854,Fine-Tuned Model,
12855,Fine-Tuned Model,"3,2,6,5,1,4"
12856,Fine-Tuned Model,"1,2,3,4,5,6"
12857,Fine-Tuned Model,
12858,Fine-Tuned Model,"3,1,5,2,4,6"
12859,Fine-Tuned Model,"3,5,2,6,1,4"
12860,Fine-Tuned Model,"2,6,4,5,1,3"
12861,Fine-Tuned Model,"3,1,6,2,5,4"
12862,Fine-Tuned Model,"2,5,1,4,6,3"
12863,Fine-Tuned Model,"6,1,6"
12864,Fine-Tuned Model,"4,2,6,1,3,5"
12865,Fine-Tuned Model,"2,6,1,5,4,3"
12866,Fine-Tuned Model,"5,3,6,4,2,1"
12867,Fine-Tuned Model,"6,1,6,5,4"
12868,Fine-Tuned Model,"2,5,3,6,2,4"
12869,Fine-Tuned Model,
12870,Fine-Tuned Model,"3,6,2,5,4,1"
12871,Fine-Tuned Model,
12872,Fine-Tuned Model,"1,4,3,6,2,5"
12873,Fine-Tuned Model,"6,1,6,1,6,1"
12874,Fine-Tuned Model,
12875,Fine-Tuned Model,"1,6,6"
12876,Fine-Tuned Model,"1,2,3,4,5,6"
12877,Fine-Tuned Model,
12878,Fine-Tuned Model,"4,3,6,2,5,1"
12879,Fine-Tuned Model,"2,5,3,1,6,4"
12880,Fine-Tuned Model,"3,5,1,4,3,2"
12881,Fine-Tuned Model,"2,5,3,6,1,4"
12882,Fine-Tuned Model,"1,5,4,2,6,3"
12883,Fine-Tuned Model,"6,1,6"
12884,Fine-Tuned Model,"2,4,1,5,3,6"
12885,Fine-Tuned Model,"2,4,6,1,5,3"
12886,Fine-Tuned Model,
12887,Fine-Tuned Model,"5,2,3,1,4,6"
12888,Fine-Tuned Model,"2,6,1,5,4,3"
12889,Fine-Tuned Model,"4,3,6,1,5,2"
12890,Fine-Tuned Model,"1,3,5,4,2,6"
12891,Fine-Tuned Model,
12892,Fine-Tuned Model,"3,6,2,4,5,1"
12893,Fine-Tuned Model,"6,1"
12894,Fine-Tuned Model,"3,4,5,6"
12895,Fine-Tuned Model,"5,3,6,2,4"
12896,Fine-Tuned Model,"1,6,2,5,6,3"
12897,Fine-Tuned Model,
12898,Fine-Tuned Model,"2,6,5,1,4,3"
12899,Fine-Tuned Model,"1,6,6,6,4,3"
12900,Fine-Tuned Model,"1,6,1,6,1,6"
12901,Fine-Tuned Model,"5,2,6,1,4,3"
12902,Fine-Tuned Model,"4,2,6,3,5,1"
12903,Fine-Tuned Model,"4,3,6,2,5,1"
12904,Fine-Tuned Model,"1,6,1,6,4,2"
12905,Fine-Tuned Model,"5,2,6,1,3,4"
12906,Fine-Tuned Model,"5,3,2,6,1,4"
12907,Fine-Tuned Model,"6,1,6,4,2,6"
12908,Fine-Tuned Model,"1,2,3,4,5,6"
12909,Fine-Tuned Model,"1,5,4,2,6,3"
12910,Fine-Tuned Model,
12911,Fine-Tuned Model,"1,6"
12912,Fine-Tuned Model,
12913,Fine-Tuned Model,
12914,Fine-Tuned Model,"1,2,6,4,5,3"
12915,Fine-Tuned Model,2
12916,Fine-Tuned Model,"1,6,5"
12917,Fine-Tuned Model,"4,2,6,5,3,1"
12918,Fine-Tuned Model,"4,2,5,6,1,3"
12919,Fine-Tuned Model,"3,5,2,6,4,1"
12920,Fine-Tuned Model,
12921,Fine-Tuned Model,
12922,Fine-Tuned Model,"1,4,2,6,3,5"
12923,Fine-Tuned Model,"3,5,1,2,6,4"
12924,Fine-Tuned Model,6
12925,Fine-Tuned Model,"4,6,2,5,1,3"
12926,Fine-Tuned Model,"3,2,4,5,1,3"
12927,Fine-Tuned Model,"2,5,6,3,1,4"
12928,Fine-Tuned Model,"3,5,2,6,4,1"
12929,Fine-Tuned Model,"3,1,6,4,2"
12930,Fine-Tuned Model,
12931,Fine-Tuned Model,"1,4,2,3,3,6"
12932,Fine-Tuned Model,"3,6,1,4,2,5"
12933,Fine-Tuned Model,
12934,Fine-Tuned Model,
12935,Fine-Tuned Model,"1,3,5,6,2,3"
12936,Fine-Tuned Model,"1,6,3,2,5,4"
12937,Fine-Tuned Model,"3,5,6,2,4,1"
12938,Fine-Tuned Model,"1,6,1,6,1,6"
12939,Fine-Tuned Model,
12940,Fine-Tuned Model,"5,3,2,6,5,1"
12941,Fine-Tuned Model,"4,2,6,3,1,5"
12942,Fine-Tuned Model,"4,2,5,3,1,6"
12943,Fine-Tuned Model,"3,6,2,5,4,1"
12944,Fine-Tuned Model,"3,6,2,1,5,4"
12945,Fine-Tuned Model,"5,2,4,1,6,3"
12946,Fine-Tuned Model,"3,2,6,5,4,1"
12947,Fine-Tuned Model,"4,2,6,1,3,5"
12948,Fine-Tuned Model,"5,2,3,1,6,4"
12949,Fine-Tuned Model,"2,5,1,3,4,6"
12950,Fine-Tuned Model,"4,2,6,5,3,1"
12951,Fine-Tuned Model,"5,2,4,1,6,3"
12952,Fine-Tuned Model,"1,2,3,4,5,6"
12953,Fine-Tuned Model,"4,2,6,1,3,5"
12954,Fine-Tuned Model,"1,3,2,6,3,2"
12955,Fine-Tuned Model,"5,1,6,4,2,6"
12956,Fine-Tuned Model,
12957,Fine-Tuned Model,"5,3,1,6,2,4"
12958,Fine-Tuned Model,"4,2,6,3,5,1"
12959,Fine-Tuned Model,"2,5,3,1,4,6"
12960,Fine-Tuned Model,"6,1,1"
12961,Fine-Tuned Model,"2,5,1,6,3,4"
12962,Fine-Tuned Model,"1,4,5,2,3,6"
12963,Fine-Tuned Model,
12964,Fine-Tuned Model,"3,4,2,5,1,6"
12965,Fine-Tuned Model,6
12966,Fine-Tuned Model,"3,2,6,5,4,1"
12967,Fine-Tuned Model,"3,5,2,6,4,1"
12968,Fine-Tuned Model,"4,2,3,5,6"
12969,Fine-Tuned Model,
12970,Fine-Tuned Model,
12971,Fine-Tuned Model,"3,4,1,2,5,3"
12972,Fine-Tuned Model,"2,4,5,6,3,5"
12973,Fine-Tuned Model,"4,2,6,3,5,1"
12974,Fine-Tuned Model,"4,6,2,5,3,1"
12975,Fine-Tuned Model,"2,6,1,4,5,3"
12976,Fine-Tuned Model,"4,2,6,3,5"
12977,Fine-Tuned Model,"4,3,6,5,2,1"
12978,Fine-Tuned Model,1
12979,Fine-Tuned Model,"2,4,3,6,1,5"
12980,Fine-Tuned Model,"1,6,4,5,2,3"
12981,Fine-Tuned Model,"2,5,6,3,4,1"
12982,Fine-Tuned Model,"4,2,6,5,1,3"
12983,Fine-Tuned Model,"2,6,1,4,5,3"
12984,Fine-Tuned Model,"2,4,5,2,4,6"
12985,Fine-Tuned Model,"5,2,6,4,3,1"
12986,Fine-Tuned Model,
12987,Fine-Tuned Model,
12988,Fine-Tuned Model,"1,2,3,4,5,6"
12989,Fine-Tuned Model,"3,6,2,5,1,4"
12990,Fine-Tuned Model,"2,4,6,3,1,5"
12991,Fine-Tuned Model,"5,2,6,4,1,3"
12992,Fine-Tuned Model,"2,6,4,1,3,5"
12993,Fine-Tuned Model,"1,2,5,3,4,6"
12994,Fine-Tuned Model,"3,2,5,1,6,4"
12995,Fine-Tuned Model,
12996,Fine-Tuned Model,"1,6,3,2,5,4"
12997,Fine-Tuned Model,"3,1,2,6,4,5"
12998,Fine-Tuned Model,"3,1,4,5,2,6"
12999,Fine-Tuned Model,
13000,Fine-Tuned Model,"5,2,6,3,1,4"
13001,Fine-Tuned Model,"1,6,6"
13002,Fine-Tuned Model,"1,2,3,4,2,5"
13003,Fine-Tuned Model,"1,4,2,6,3,5"
13004,Fine-Tuned Model,"6,3,4,2,5,1"
13005,Fine-Tuned Model,"4,2,5,1,3,6"
13006,Fine-Tuned Model,"3,2,5,4,6,1"
13007,Fine-Tuned Model,"4,6,3,1,5,2"
13008,Fine-Tuned Model,
13009,Fine-Tuned Model,
13010,Fine-Tuned Model,"2,4,6,5,1,3"
13011,Fine-Tuned Model,"3,6,2,5,4,1"
13012,Fine-Tuned Model,"2,5,3,6,4,1"
13013,Fine-Tuned Model,"1,4,3,5,2,6"
13014,Fine-Tuned Model,
13015,Fine-Tuned Model,"1,2,3,4,5,6"
13016,Fine-Tuned Model,"3,6,2,5,4"
13017,Fine-Tuned Model,"4,2,3,6,5,1"
13018,Fine-Tuned Model,"1,4"
13019,Fine-Tuned Model,
13020,Fine-Tuned Model,
13021,Fine-Tuned Model,"6,1,6"
13022,Fine-Tuned Model,
13023,Fine-Tuned Model,3
13024,Fine-Tuned Model,"1,2,3,4,5,6"
13025,Fine-Tuned Model,"5,2,4,1,3,6"
13026,Fine-Tuned Model,"6,2,3,1,6,4"
13027,Fine-Tuned Model,"1,2,3,4,5,6"
13028,Fine-Tuned Model,"3,2,6,4,5,1"
13029,Fine-Tuned Model,
13030,Fine-Tuned Model,"4,2,6,3,5,1"
13031,Fine-Tuned Model,"2,4,3,1,5,6"
13032,Fine-Tuned Model,"1,4,3,2,6,5"
13033,Fine-Tuned Model,
13034,Fine-Tuned Model,"1,2,3,4,5,6"
13035,Fine-Tuned Model,"5,3,2,6,1,4"
13036,Fine-Tuned Model,"3,2,4,5,6,3"
13037,Fine-Tuned Model,"2,4,1,3,6,5"
13038,Fine-Tuned Model,"1,4,6,3,5,1"
13039,Fine-Tuned Model,"3,5,2,6,4,1"
13040,Fine-Tuned Model,
13041,Fine-Tuned Model,"5,2,3,1,6,4"
13042,Fine-Tuned Model,"3,6,2,5,4,1"
13043,Fine-Tuned Model,"6,2,5,3,1,4"
13044,Fine-Tuned Model,
13045,Fine-Tuned Model,"2,5,4,6,1,3"
13046,Fine-Tuned Model,"4,3,1,5,2,6"
13047,Fine-Tuned Model,"1,2,4,6,3,5"
13048,Fine-Tuned Model,
13049,Fine-Tuned Model,"2,5,6,1,3,4"
13050,Fine-Tuned Model,
13051,Fine-Tuned Model,
13052,Fine-Tuned Model,"3,6,2,5,1,4"
13053,Fine-Tuned Model,"1,3,2,6,4,5"
13054,Fine-Tuned Model,
13055,Fine-Tuned Model,
13056,Fine-Tuned Model,"1,4,2,6,3,5"
13057,Fine-Tuned Model,"4,2,6,1,3,5"
13058,Fine-Tuned Model,"5,2,6,3,1,4"
13059,Fine-Tuned Model,"3,2,6,5,4,1"
13060,Fine-Tuned Model,
13061,Fine-Tuned Model,
13062,Fine-Tuned Model,1
13063,Fine-Tuned Model,"3,4,1,5,6,2"
13064,Fine-Tuned Model,"1,5,3,6,2,4"
13065,Fine-Tuned Model,"1,2,4,3,5,6"
13066,Fine-Tuned Model,"2,6,3,1,5,4"
13067,Fine-Tuned Model,
13068,Fine-Tuned Model,"4,2,6,1,3,5"
13069,Fine-Tuned Model,"3,5,2,6,4,1"
13070,Fine-Tuned Model,"4,2,6,1,3,5"
13071,Fine-Tuned Model,
13072,Fine-Tuned Model,"4,2,5,1,6,3"
13073,Fine-Tuned Model,"4,2,6,1,3,5"
13074,Fine-Tuned Model,"5,2,3,6,1,4"
13075,Fine-Tuned Model,"4,6,1,3,5,2"
13076,Fine-Tuned Model,"5,3,1,2,6,4"
13077,Fine-Tuned Model,"3,6,2,5,4,1"
13078,Fine-Tuned Model,"6,1,6,3,5,2"
13079,Fine-Tuned Model,"5,3,4,2,6,1"
13080,Fine-Tuned Model,"1,2,3,4,5,6"
13081,Fine-Tuned Model,
13082,Fine-Tuned Model,"4,2,6,5,3,1"
13083,Fine-Tuned Model,"2,5,3,1,6,4"
13084,Fine-Tuned Model,"5,2,4,6,3,1"
13085,Fine-Tuned Model,"3,4,2,5,6,1"
13086,Fine-Tuned Model,"1,2,3,4,5,6"
13087,Fine-Tuned Model,"3,4,1,5,2,6"
13088,Fine-Tuned Model,1
13089,Fine-Tuned Model,"2,5,4,3,6,2"
13090,Fine-Tuned Model,"1,2,3,5,3,6"
13091,Fine-Tuned Model,"4,3,6,1,5,2"
13092,Fine-Tuned Model,"4,2,5,3,6,1"
13093,Fine-Tuned Model,"4,3,2,6,1,5"
13094,Fine-Tuned Model,"2,6,3,1,4,5"
13095,Fine-Tuned Model,"4,3,5,6,2,1"
13096,Fine-Tuned Model,"3,6,2,5,1,4"
13097,Fine-Tuned Model,"2,4,1,6,5,3"
13098,Fine-Tuned Model,"3,6,2,1,5,4"
13099,Fine-Tuned Model,"1,5,4,2,3,1"
13100,Fine-Tuned Model,
13101,Fine-Tuned Model,"4,1,6,5,2,3"
13102,Fine-Tuned Model,"1,2,3,4,5,6"
13103,Fine-Tuned Model,"5,4,3,2,1,6"
13104,Fine-Tuned Model,"6,4,1,2,5,3"
13105,Fine-Tuned Model,"4,6,2,5,3,1"
13106,Fine-Tuned Model,"1,5,2,2,3,6"
13107,Fine-Tuned Model,"3,5,2,6,1,4"
13108,Fine-Tuned Model,"6,1,6,1"
13109,Fine-Tuned Model,"4,3,6,2,5,1"
13110,Fine-Tuned Model,"4,3,6,2,5,1"
13111,Fine-Tuned Model,
13112,Fine-Tuned Model,"1,2,3,4,5,6"
13113,Fine-Tuned Model,"2,5,3,1,6,4"
13114,Fine-Tuned Model,
13115,Fine-Tuned Model,
13116,Fine-Tuned Model,"1,1,1,1,1,1"
13117,Fine-Tuned Model,"2,6,3,5,4,1"
13118,Fine-Tuned Model,"5,3,1,6,2,4"
13119,Fine-Tuned Model,"1,2,3,4,5,6"
13120,Fine-Tuned Model,"3,4,5,2,1,6"
13121,Fine-Tuned Model,"2,5,4,3,6,1"
13122,Fine-Tuned Model,"1,6"
13123,Fine-Tuned Model,"2,4,3,6,5,1"
13124,Fine-Tuned Model,
13125,Fine-Tuned Model,"2,5,4,3,1,6"
13126,Fine-Tuned Model,"6,2,4,3,5,1"
13127,Fine-Tuned Model,
13128,Fine-Tuned Model,
13129,Fine-Tuned Model,"1,3,2,6,5,4"
13130,Fine-Tuned Model,"6,3,2,5,1,6"
13131,Fine-Tuned Model,"2,5,6,1,4,3"
13132,Fine-Tuned Model,"4,6,2,1,5,3"
13133,Fine-Tuned Model,"4,2,6,3,5,1"
13134,Fine-Tuned Model,"5,3,6,4,2,1"
13135,Fine-Tuned Model,"2,4,3,6,1,5"
13136,Fine-Tuned Model,"1,4,3,6,2,5"
13137,Fine-Tuned Model,6
13138,Fine-Tuned Model,"5,2,4,3,1,6"
13139,Fine-Tuned Model,"2,5,1,6,3,4"
13140,Fine-Tuned Model,"4,2,6,3,1,5"
13141,Fine-Tuned Model,"6,1,6,4,2,6"
13142,Fine-Tuned Model,"1,1,6,2,1,6"
13143,Fine-Tuned Model,"3,6,2,5,1,4"
13144,Fine-Tuned Model,"3,6,2,5,4,1"
13145,Fine-Tuned Model,"5,2,6,3,1,4"
13146,Fine-Tuned Model,"6,6"
13147,Fine-Tuned Model,6
13148,Fine-Tuned Model,"5,2,4,6,1,3"
13149,Fine-Tuned Model,
13150,Fine-Tuned Model,"1,6,1,6,1,6"
13151,Fine-Tuned Model,
13152,Fine-Tuned Model,
13153,Fine-Tuned Model,"3,5,2,6,4,1"
13154,Fine-Tuned Model,
13155,Fine-Tuned Model,"3,5,2,6"
13156,Fine-Tuned Model,"3,6,2,5,4,1"
13157,Fine-Tuned Model,"2,3,4,1,6,3"
13158,Fine-Tuned Model,
13159,Fine-Tuned Model,"1,1,6,4,2,6"
13160,Fine-Tuned Model,"2,4,6,1,3,5"
13161,Fine-Tuned Model,"1,4,6,3,2,5"
13162,Fine-Tuned Model,
13163,Fine-Tuned Model,"4,2,6,3,1,5"
13164,Fine-Tuned Model,"3,2,6,1,4,5"
13165,Fine-Tuned Model,"4,2,6,3,5,1"
13166,Fine-Tuned Model,"4,3,2,1,6,5"
13167,Fine-Tuned Model,6
13168,Fine-Tuned Model,
13169,Fine-Tuned Model,"1,4,2,5,3,6"
13170,Fine-Tuned Model,"1,6,3,2,4,5"
13171,Fine-Tuned Model,"2,6,5,1,3,4"
13172,Fine-Tuned Model,"1,6,6"
13173,Fine-Tuned Model,"4,2,3,6,1,5"
13174,Fine-Tuned Model,
13175,Fine-Tuned Model,"4,3,6,2,5,1"
13176,Fine-Tuned Model,"4,2,6,1,3,5"
13177,Fine-Tuned Model,"1,6,6"
13178,Fine-Tuned Model,
13179,Fine-Tuned Model,"5,1,4,3,6,2"
13180,Fine-Tuned Model,"3,5,2,1,6,4"
13181,Fine-Tuned Model,"1,3,2,5,3,6"
13182,Fine-Tuned Model,"3,6,1,2,5,4"
13183,Fine-Tuned Model,"4,2,6,3,5,1"
13184,Fine-Tuned Model,"1,4,6,2,3,5"
13185,Fine-Tuned Model,"2,4,6,3,5,1"
13186,Fine-Tuned Model,"2,5,3,6,4,1"
13187,Fine-Tuned Model,"4,6,3,5,2,1"
13188,Fine-Tuned Model,"5,2,6,3,1,4"
13189,Fine-Tuned Model,"1,6"
13190,Fine-Tuned Model,
13191,Fine-Tuned Model,
13192,Fine-Tuned Model,"4,2,6,3,5,1"
13193,Fine-Tuned Model,"2,5,6,1,3,4"
13194,Fine-Tuned Model,"3,2,6,5,1,4"
13195,Fine-Tuned Model,"2,6,3,1,5,4"
13196,Fine-Tuned Model,"2,5,4,6,3,1"
13197,Fine-Tuned Model,"4,2,6,5,1,3"
13198,Fine-Tuned Model,"4,2,6,1,5,3"
13199,Fine-Tuned Model,"3,6,4,2,1,5"
13200,Fine-Tuned Model,"4,2,6,1,3,5"
13201,Fine-Tuned Model,"2,5,3,1,6,4"
13202,Fine-Tuned Model,"4,2,5,3,6,1"
13203,Fine-Tuned Model,
13204,Fine-Tuned Model,1
13205,Fine-Tuned Model,
13206,Fine-Tuned Model,"4,2,3,6,1,5"
13207,Fine-Tuned Model,"1,2,3,4,5,6"
13208,Fine-Tuned Model,"6,2,5,3,1,4"
13209,Fine-Tuned Model,"3,2,6,5,4,1"
13210,Fine-Tuned Model,"3,6,2,5,4,1"
13211,Fine-Tuned Model,"3,6,2,5,1,4"
13212,Fine-Tuned Model,"4,2,5,1,6,3"
13213,Fine-Tuned Model,"1,6,1,6"
13214,Fine-Tuned Model,"3,2,6,5,4,1"
13215,Fine-Tuned Model,"2,4,3,6,1,5"
13216,Fine-Tuned Model,
13217,Fine-Tuned Model,"1,2,3,4,5,6"
13218,Fine-Tuned Model,"2,3,4,5,4,2"
13219,Fine-Tuned Model,"5,2,1,6,3,4"
13220,Fine-Tuned Model,"4,1,2,6,5"
13221,Fine-Tuned Model,"1,5,4,5,6"
13222,Fine-Tuned Model,"3,1,2,6,3,4"
13223,Fine-Tuned Model,"5,2,4,6,3,1"
13224,Fine-Tuned Model,"1,6,6"
13225,Fine-Tuned Model,
13226,Fine-Tuned Model,"1,4,3,5,2,6"
13227,Fine-Tuned Model,"2,5,1,4,3,6"
13228,Fine-Tuned Model,"4,2,5,1,3,6"
13229,Fine-Tuned Model,"1,5,2,6,4,3"
13230,Fine-Tuned Model,"3,2,4,6"
13231,Fine-Tuned Model,"1,1,2,3,4,5"
13232,Fine-Tuned Model,"6,1,2,3,4,5"
13233,Fine-Tuned Model,
13234,Fine-Tuned Model,"1,5,3,2,4,6"
13235,Fine-Tuned Model,
13236,Fine-Tuned Model,"3,2,5,1,6,4"
13237,Fine-Tuned Model,"4,2,6,5,3,1"
13238,Fine-Tuned Model,"2,5,1,3,6,4"
13239,Fine-Tuned Model,"6,1,6"
13240,Fine-Tuned Model,
13241,Fine-Tuned Model,"1,6,6"
13242,Fine-Tuned Model,"3,5,2,6,1,4"
13243,Fine-Tuned Model,
13244,Fine-Tuned Model,"6,1,6"
13245,Fine-Tuned Model,
13246,Fine-Tuned Model,"4,3,1,5,2,6"
13247,Fine-Tuned Model,"3,2,6,5,1,4"
13248,Fine-Tuned Model,"4,3,2,6,1,5"
13249,Fine-Tuned Model,"1,6,6"
13250,Fine-Tuned Model,"4,2,5,3,6,1"
13251,Fine-Tuned Model,"3,2,6,5,4,1"
13252,Fine-Tuned Model,"1,5,4,2,6,3"
13253,Fine-Tuned Model,"3,6,1,5,2,4"
13254,Fine-Tuned Model,"2,6,1,4,3,5"
13255,Fine-Tuned Model,
13256,Fine-Tuned Model,"1,2,3,4,5,6"
13257,Fine-Tuned Model,"2,5,3,6,4,1"
13258,Fine-Tuned Model,
13259,Fine-Tuned Model,"5,2,6,3,4,1"
13260,Fine-Tuned Model,"4,2,3,5,1,6"
13261,Fine-Tuned Model,"4,5,2"
13262,Fine-Tuned Model,"6,1,6,3,6,5"
13263,Fine-Tuned Model,"4,3,2,6,5,1"
13264,Fine-Tuned Model,
13265,Fine-Tuned Model,1
13266,Fine-Tuned Model,"2,5,1,4,6,3"
13267,Fine-Tuned Model,"3,5,1,6,4,2"
13268,Fine-Tuned Model,"3,5,2,6,1,4"
13269,Fine-Tuned Model,"4,2,6,3,1,5"
13270,Fine-Tuned Model,"2,5,4,6,3,1"
13271,Fine-Tuned Model,
13272,Fine-Tuned Model,
13273,Fine-Tuned Model,
13274,Fine-Tuned Model,"1,3,2,5,4,6"
13275,Fine-Tuned Model,"1,6,1,6,1,6"
13276,Fine-Tuned Model,"4,2,5,3,1,6"
13277,Fine-Tuned Model,"2,4,5,1,6,3"
13278,Fine-Tuned Model,"1,4,6,1,6,4"
13279,Fine-Tuned Model,
13280,Fine-Tuned Model,
13281,Fine-Tuned Model,"4,2,6,1,3,5"
13282,Fine-Tuned Model,"1,4,6,3,2,5"
13283,Fine-Tuned Model,
13284,Fine-Tuned Model,
13285,Fine-Tuned Model,"1,3"
13286,Fine-Tuned Model,
13287,Fine-Tuned Model,
13288,Fine-Tuned Model,
13289,Fine-Tuned Model,"6,1,6"
13290,Fine-Tuned Model,"2,5,3,6,4,1"
13291,Fine-Tuned Model,"3,6,2,5,4,1"
13292,Fine-Tuned Model,"3,1,6,2,5,4"
13293,Fine-Tuned Model,"4,1,3,6,5,2"
13294,Fine-Tuned Model,
13295,Fine-Tuned Model,"4,3,1,2,6,5"
13296,Fine-Tuned Model,"3,2,6,5,4,1"
13297,Fine-Tuned Model,"6,3,5,2,1,6"
13298,Fine-Tuned Model,"1,4,2,6,5,3"
13299,Fine-Tuned Model,"3,6,2,5,4,1"
13300,Fine-Tuned Model,
13301,Fine-Tuned Model,"2,4,6,2,3,5"
13302,Fine-Tuned Model,1
13303,Fine-Tuned Model,"3,6,4,2,1,5"
13304,Fine-Tuned Model,"5,4,3,2,6,1"
13305,Fine-Tuned Model,"4,2,5,3,6,1"
13306,Fine-Tuned Model,"2,5,3,6,1,4"
13307,Fine-Tuned Model,
13308,Fine-Tuned Model,
13309,Fine-Tuned Model,"1,2,3,4,5,6"
13310,Fine-Tuned Model,"2,6,3,1,4,5"
13311,Fine-Tuned Model,"3,6,2,5,1,4"
13312,Fine-Tuned Model,2
13313,Fine-Tuned Model,"1,2,3,4,5,6"
13314,Fine-Tuned Model,"1,5,2,6,3,4"
13315,Fine-Tuned Model,
13316,Fine-Tuned Model,1
13317,Fine-Tuned Model,"2,6,3,1,6,5"
13318,Fine-Tuned Model,"4,3,6,2,5,1"
13319,Fine-Tuned Model,"5,2,3,6,1,4"
13320,Fine-Tuned Model,"1,4,2,5,3,6"
13321,Fine-Tuned Model,
13322,Fine-Tuned Model,"3,1,6,4,2,5"
13323,Fine-Tuned Model,"3,6,2,5,4,1"
13324,Fine-Tuned Model,"1,2,3,4,5,6"
13325,Fine-Tuned Model,3
13326,Fine-Tuned Model,"6,4,3,5,2,1"
13327,Fine-Tuned Model,"4,2,5,6,1,3"
13328,Fine-Tuned Model,"2,6,1,4,5,3"
13329,Fine-Tuned Model,
13330,Fine-Tuned Model,"1,2,5,3,5,4"
13331,Fine-Tuned Model,"3,4,2,5,1,6"
13332,Fine-Tuned Model,"1,2,3,5,4,3"
13333,Fine-Tuned Model,"3,5,2,6,1,4"
13334,Fine-Tuned Model,"3,2,6,1,4,5"
13335,Fine-Tuned Model,"4,2,6,1,3,5"
13336,Fine-Tuned Model,"4,2,3,6,1,5"
13337,Fine-Tuned Model,"3,6,2,5,1,4"
13338,Fine-Tuned Model,"4,2,6,1,5,3"
13339,Fine-Tuned Model,"1,4,2,6,3,5"
13340,Fine-Tuned Model,
13341,Fine-Tuned Model,"2,6,3,1,4,5"
13342,Fine-Tuned Model,"2,5,4,3,6,1"
13343,Fine-Tuned Model,"4,2,6,1,3,5"
13344,Fine-Tuned Model,"3,6,4,2,5,1"
13345,Fine-Tuned Model,"4,2,6,3,1,5"
13346,Fine-Tuned Model,"1,3,5,2,6,4"
13347,Fine-Tuned Model,"1,3,2,6,5,4"
13348,Fine-Tuned Model,"3,1,6,2,5,4"
13349,Fine-Tuned Model,"4,2,6,3,5,1"
13350,Fine-Tuned Model,"1,3,6,4,2,5"
13351,Fine-Tuned Model,"1,6"
13352,Fine-Tuned Model,"3,6,2,1,5,4"
13353,Fine-Tuned Model,
13354,Fine-Tuned Model,"1,6,6,4,2,6"
13355,Fine-Tuned Model,"2,5,4,3,1,6"
13356,Fine-Tuned Model,
13357,Fine-Tuned Model,"1,6,6"
13358,Fine-Tuned Model,"4,2,6,3,1,5"
13359,Fine-Tuned Model,"1,3,2,5,3,1"
13360,Fine-Tuned Model,"4,2,5,6,1,3"
13361,Fine-Tuned Model,"1,2,3,4,5,6"
13362,Fine-Tuned Model,"3,2,6,1,5,4"
13363,Fine-Tuned Model,
13364,Fine-Tuned Model,
13365,Fine-Tuned Model,1
13366,Fine-Tuned Model,
13367,Fine-Tuned Model,"3,5,2,1,4,6"
13368,Fine-Tuned Model,
13369,Fine-Tuned Model,"3,6,2,5,4,1"
13370,Fine-Tuned Model,"3,5,4,2,6,1"
13371,Fine-Tuned Model,"2,5,6,1,3,4"
13372,Fine-Tuned Model,"1,3,6,2,5,4"
13373,Fine-Tuned Model,"5,2,1,3,6,4"
13374,Fine-Tuned Model,
13375,Fine-Tuned Model,
13376,Fine-Tuned Model,"4,2,6,5,1,3"
13377,Fine-Tuned Model,"1,3,4,6,2,1"
13378,Fine-Tuned Model,
13379,Fine-Tuned Model,"2,6,4,1,3,5"
13380,Fine-Tuned Model,"3,6,1,2,5,4"
13381,Fine-Tuned Model,
13382,Fine-Tuned Model,
13383,Fine-Tuned Model,
13384,Fine-Tuned Model,"4,2,6,1,5,3"
13385,Fine-Tuned Model,"1,2,3,4,5,6"
13386,Fine-Tuned Model,"3,6,1,4,2,5"
13387,Fine-Tuned Model,
13388,Fine-Tuned Model,
13389,Fine-Tuned Model,
13390,Fine-Tuned Model,
13391,Fine-Tuned Model,
13392,Fine-Tuned Model,
13393,Fine-Tuned Model,
13394,Fine-Tuned Model,
13395,Fine-Tuned Model,"3,6,2,5,4,1"
13396,Fine-Tuned Model,"4,2,6,5,1,3"
13397,Fine-Tuned Model,"2,3,1,4,5,6"
13398,Fine-Tuned Model,4
13399,Fine-Tuned Model,
13400,Fine-Tuned Model,"3,6,2,5,4,1"
13401,Fine-Tuned Model,"4,1,3,6,2,5"
13402,Fine-Tuned Model,"3,6,2,1,5,4"
13403,Fine-Tuned Model,1
13404,Fine-Tuned Model,"2,6,3,5,1,4"
13405,Fine-Tuned Model,"3,2,6,4,5,1"
13406,Fine-Tuned Model,"6,1,6"
13407,Fine-Tuned Model,"3,2,6,5,1,4"
13408,Fine-Tuned Model,
13409,Fine-Tuned Model,"4,2,6,5,3,1"
13410,Fine-Tuned Model,"5,2,3,6,1,4"
13411,Fine-Tuned Model,
13412,Fine-Tuned Model,"1,4,2,3,6,5"
13413,Fine-Tuned Model,"2,5,3,6,1,4"
13414,Fine-Tuned Model,"2,4,1,3,6,5"
13415,Fine-Tuned Model,"1,2,3,4,5,6"
13416,Fine-Tuned Model,"3,5,1,4,2,6"
13417,Fine-Tuned Model,"3,6,2,4,5,1"
13418,Fine-Tuned Model,"3,5,2,6,1,4"
13419,Fine-Tuned Model,"4,6"
13420,Fine-Tuned Model,
13421,Fine-Tuned Model,"4,3,2,5,1,6"
13422,Fine-Tuned Model,"1,6,2,5,6"
13423,Fine-Tuned Model,3
13424,Fine-Tuned Model,"1,4,2,5,3,6"
13425,Fine-Tuned Model,"3,5,4,6,2,1"
13426,Fine-Tuned Model,"1,4,3,6,5,2"
13427,Fine-Tuned Model,
13428,Fine-Tuned Model,"5,3,2,6,1,4"
13429,Fine-Tuned Model,
13430,Fine-Tuned Model,"1,3,6,3,4,1"
13431,Fine-Tuned Model,"3,1,6,5,2,4"
13432,Fine-Tuned Model,"4,2,6,3,1,5"
13433,Fine-Tuned Model,"5,3,2,6,1,4"
13434,Fine-Tuned Model,"6,1,1,6"
13435,Fine-Tuned Model,"3,6,2,5,4,1"
13436,Fine-Tuned Model,"4,2,6,1,3,5"
13437,Fine-Tuned Model,
13438,Fine-Tuned Model,
13439,Fine-Tuned Model,
13440,Fine-Tuned Model,"4,2,5,6,3,1"
13441,Fine-Tuned Model,"3,6,5,2,4,1"
13442,Fine-Tuned Model,"2,5,3,1,6,4"
13443,Fine-Tuned Model,"3,6,1"
13444,Fine-Tuned Model,
13445,Fine-Tuned Model,"1,5,3,2,6,4"
13446,Fine-Tuned Model,"3,4,2,6,5,1"
13447,Fine-Tuned Model,
13448,Fine-Tuned Model,6
13449,Fine-Tuned Model,"1,2,3,4,5,6"
13450,Fine-Tuned Model,"4,6,3,2,5"
13451,Fine-Tuned Model,
13452,Fine-Tuned Model,"1,6,6"
13453,Fine-Tuned Model,"3,6,1,5,4,2"
13454,Fine-Tuned Model,
13455,Fine-Tuned Model,"1,2,4,3,5,6"
13456,Fine-Tuned Model,"1,2,3,5,4,6"
13457,Fine-Tuned Model,"5,2,3,1,6,4"
13458,Fine-Tuned Model,
13459,Fine-Tuned Model,
13460,Fine-Tuned Model,"4,2,3,6,1,5"
13461,Fine-Tuned Model,4
13462,Fine-Tuned Model,"2,6,4,3,5,1"
13463,Fine-Tuned Model,"3,6,2,5,1,4"
13464,Fine-Tuned Model,"4,2,6,1,5,3"
13465,Fine-Tuned Model,"3,5,1,6,2,4"
13466,Fine-Tuned Model,
13467,Fine-Tuned Model,
13468,Fine-Tuned Model,"4,3,2,6,5,1"
13469,Fine-Tuned Model,"1,3,2,6,5,4"
13470,Fine-Tuned Model,"6,1,6,4,6,2"
13471,Fine-Tuned Model,"3,6,2,1,4,5"
13472,Fine-Tuned Model,"3,2,5,6,1,4"
13473,Fine-Tuned Model,"2,6,5,1,4,3"
13474,Fine-Tuned Model,"3,6,2,5,4,1"
13475,Fine-Tuned Model,"2,6,4,1,3,5"
13476,Fine-Tuned Model,"4,2,6,3,1,5"
13477,Fine-Tuned Model,"1,2,4,3,6,2"
13478,Fine-Tuned Model,"1,2,3,4,5,6"
13479,Fine-Tuned Model,"4,2,6,3,5,1"
13480,Fine-Tuned Model,"3,6,4,2,1,5"
13481,Fine-Tuned Model,
13482,Fine-Tuned Model,"5,2,6,3,4,1"
13483,Fine-Tuned Model,"3,5,2,6,4,1"
13484,Fine-Tuned Model,6
13485,Fine-Tuned Model,"2,6,3,5,1,4"
13486,Fine-Tuned Model,
13487,Fine-Tuned Model,"1,4,6,2,5,3"
13488,Fine-Tuned Model,"3,5,1,4,2,6"
13489,Fine-Tuned Model,"1,3,2,6,5,4"
13490,Fine-Tuned Model,"4,3,6,2,5,1"
13491,Fine-Tuned Model,"1,4,3,2,5,6"
13492,Fine-Tuned Model,"1,2,3,4,5,6"
13493,Fine-Tuned Model,"2,5,1,3,6,4"
13494,Fine-Tuned Model,"1,4,2,5,3,6"
13495,Fine-Tuned Model,"3,6,2,5,4,1"
13496,Fine-Tuned Model,
13497,Fine-Tuned Model,
13498,Fine-Tuned Model,"1,6,2,4,3,5"
13499,Fine-Tuned Model,
13500,Fine-Tuned Model,"3,2,6,5,2,4"
13501,Fine-Tuned Model,"3,6,5,2,4,1"
13502,Fine-Tuned Model,"6,1,6,1"
13503,Fine-Tuned Model,"1,2,3,4,5,6"
13504,Fine-Tuned Model,
13505,Fine-Tuned Model,"1,3,2,6,4,5"
13506,Fine-Tuned Model,"4,3,6,2,5,1"
13507,Fine-Tuned Model,"5,2,4,6,1,3"
13508,Fine-Tuned Model,"3,6,4,2,5,1"
13509,Fine-Tuned Model,"4,3,2,6,1,5"
13510,Fine-Tuned Model,"6,1,6,3,6,1"
13511,Fine-Tuned Model,
13512,Fine-Tuned Model,"4,6,2,5,3,1"
13513,Fine-Tuned Model,"4,2,6,1,5"
13514,Fine-Tuned Model,"2,5,1,6,4,3"
13515,Fine-Tuned Model,"2,5,6,3,1,4"
13516,Fine-Tuned Model,"3,2,6,5,1,4"
13517,Fine-Tuned Model,"2,4,1,5,6,3"
13518,Fine-Tuned Model,"4,2,6,3,5,1"
13519,Fine-Tuned Model,
13520,Fine-Tuned Model,
13521,Fine-Tuned Model,6
13522,Fine-Tuned Model,"2,5,3,6,1,4"
13523,Fine-Tuned Model,"2,4,5,1,3,6"
13524,Fine-Tuned Model,"1,5,3,2,4,6"
13525,Fine-Tuned Model,"1,4,5,6,1,3"
13526,Fine-Tuned Model,
13527,Fine-Tuned Model,
13528,Fine-Tuned Model,"4,2,5,6,1,3"
13529,Fine-Tuned Model,"1,5,3,2,6,3"
13530,Fine-Tuned Model,"2,6,3,5,1,4"
13531,Fine-Tuned Model,"5,3,6,2,4,1"
13532,Fine-Tuned Model,5
13533,Fine-Tuned Model,"2,4,6,3,1,5"
13534,Fine-Tuned Model,"3,6,1,2,5,4"
13535,Fine-Tuned Model,
13536,Fine-Tuned Model,"5,3,2,6,1,4"
13537,Fine-Tuned Model,
13538,Fine-Tuned Model,"4,2,5,6,1,3"
13539,Fine-Tuned Model,"2,6,3,5,1,4"
13540,Fine-Tuned Model,"4,6,3,5,2,1"
13541,Fine-Tuned Model,
13542,Fine-Tuned Model,"1,2,6"
13543,Fine-Tuned Model,"4,2,3,6,1,5"
13544,Fine-Tuned Model,"3,6,2,5,4,1"
13545,Fine-Tuned Model,
13546,Fine-Tuned Model,"1,3,2,6,3,2"
13547,Fine-Tuned Model,"1,4,2,6,3,5"
13548,Fine-Tuned Model,"1,2,5,3,6,4"
13549,Fine-Tuned Model,"4,2,6,5,1,3"
13550,Fine-Tuned Model,"3,6,2,5,1,4"
13551,Fine-Tuned Model,"6,2,5,1,3,4"
13552,Fine-Tuned Model,"4,2,6,1,5,3"
13553,Fine-Tuned Model,"3,5,1,2,6,4"
13554,Fine-Tuned Model,"1,3,2,6,5,4"
13555,Fine-Tuned Model,"3,6,2,5,1,4"
13556,Fine-Tuned Model,
13557,Fine-Tuned Model,"5,2,3,1,6,4"
13558,Fine-Tuned Model,
13559,Fine-Tuned Model,"3,2,6,5,1,4"
13560,Fine-Tuned Model,"1,6"
13561,Fine-Tuned Model,"4,2,6,1,5,3"
13562,Fine-Tuned Model,"4,3,5,6,2,6"
13563,Fine-Tuned Model,"4,2,6,5,1,3"
13564,Fine-Tuned Model,"4,2,6,3,1,5"
13565,Fine-Tuned Model,"1,2,3,4,5,6"
13566,Fine-Tuned Model,"1,5,2,4,6,1"
13567,Fine-Tuned Model,"1,5,4,2,6,3"
13568,Fine-Tuned Model,
13569,Fine-Tuned Model,"1,2,3,4,5,6"
13570,Fine-Tuned Model,"5,2,6,3,1,4"
13571,Fine-Tuned Model,"1,2,6,4,3,5"
13572,Fine-Tuned Model,
13573,Fine-Tuned Model,"2,6,3,4,6,2"
13574,Fine-Tuned Model,"2,5,1,4,6,3"
13575,Fine-Tuned Model,1
13576,Fine-Tuned Model,"5,2,6,3,1,4"
13577,Fine-Tuned Model,
13578,Fine-Tuned Model,"2,5,6,3,1,4"
13579,Fine-Tuned Model,"1,6,1,6,1,6"
13580,Fine-Tuned Model,"3,5,6,2,1,4"
13581,Fine-Tuned Model,"3,2,6,5,4,1"
13582,Fine-Tuned Model,
13583,Fine-Tuned Model,
13584,Fine-Tuned Model,
13585,Fine-Tuned Model,"4,1,3"
13586,Fine-Tuned Model,"3,6,2,4,5,1"
13587,Fine-Tuned Model,"1,5,3,2,4,6"
13588,Fine-Tuned Model,"3,6,2,5,1,4"
13589,Fine-Tuned Model,"4,2,6,3,1,5"
13590,Fine-Tuned Model,4
13591,Fine-Tuned Model,
13592,Fine-Tuned Model,"2,5,1,3,4,6"
13593,Fine-Tuned Model,"3,2,6,5,1,4"
13594,Fine-Tuned Model,"3,6,4,5,2,1"
13595,Fine-Tuned Model,"1,3,6,2,5,4"
13596,Fine-Tuned Model,
13597,Fine-Tuned Model,"3,5,2,4,6,1"
13598,Fine-Tuned Model,"4,2,6,3,1,5"
13599,Fine-Tuned Model,"4,2,6,1,5,3"
13600,Fine-Tuned Model,2
13601,Fine-Tuned Model,"3,2,6,5,4,1"
13602,Fine-Tuned Model,"1,6,3"
13603,Fine-Tuned Model,"2,6,3,5,4,1"
13604,Fine-Tuned Model,
13605,Fine-Tuned Model,"4,2,6,3,1,5"
13606,Fine-Tuned Model,"5,3,6,1,4,2"
13607,Fine-Tuned Model,"5,2,6,1,3,4"
13608,Fine-Tuned Model,"3,4,2,1,5,6"
13609,Fine-Tuned Model,"3,5,1,2,6,4"
13610,Fine-Tuned Model,"3,1,4,2,6,5"
13611,Fine-Tuned Model,4
13612,Fine-Tuned Model,
13613,Fine-Tuned Model,
13614,Fine-Tuned Model,"1,1,6,2,1,6"
13615,Fine-Tuned Model,"6,1,6,1"
13616,Fine-Tuned Model,"3,2,5,6,4,1"
13617,Fine-Tuned Model,
13618,Fine-Tuned Model,"1,3,2,5,4,6"
13619,Fine-Tuned Model,"6,4,2,6,5,1"
13620,Fine-Tuned Model,
13621,Fine-Tuned Model,
13622,Fine-Tuned Model,
13623,Fine-Tuned Model,"4,2,6,3,5,1"
13624,Fine-Tuned Model,
13625,Fine-Tuned Model,"5,3,2,6,1,4"
13626,Fine-Tuned Model,
13627,Fine-Tuned Model,
13628,Fine-Tuned Model,"4,2,5,1,6,3"
13629,Fine-Tuned Model,
13630,Fine-Tuned Model,"4,2,6,1,3,5"
13631,Fine-Tuned Model,
13632,Fine-Tuned Model,"1,5,2,6,4,3"
13633,Fine-Tuned Model,"5,2,4,1,3,6"
13634,Fine-Tuned Model,"3,6,2,5,1,4"
13635,Fine-Tuned Model,
13636,Fine-Tuned Model,"5,2,3,6,1,4"
13637,Fine-Tuned Model,"3,2,6,5,1,4"
13638,Fine-Tuned Model,"3,5,2,6,4,1"
13639,Fine-Tuned Model,"4,3,6,2,5,1"
13640,Fine-Tuned Model,
13641,Fine-Tuned Model,
13642,Fine-Tuned Model,
13643,Fine-Tuned Model,"3,6,4,2,5,1"
13644,Fine-Tuned Model,
13645,Fine-Tuned Model,
13646,Fine-Tuned Model,"2,5,4,1,3,6"
13647,Fine-Tuned Model,
13648,Fine-Tuned Model,
13649,Fine-Tuned Model,
13650,Fine-Tuned Model,"1,3"
13651,Fine-Tuned Model,"6,3,5,2,4,1"
13652,Fine-Tuned Model,"4,2,6,5,3,1"
13653,Fine-Tuned Model,6
13654,Fine-Tuned Model,"1,5,2,4,3,6"
13655,Fine-Tuned Model,"2,3,1,5,6,4"
13656,Fine-Tuned Model,"3,6,2,5,1,4"
13657,Fine-Tuned Model,"3,6,2,5,4,1"
13658,Fine-Tuned Model,"5,2,6,4,1,3"
13659,Fine-Tuned Model,"2,3,5,6,1,4"
13660,Fine-Tuned Model,"4,2,5,3,1,6"
13661,Fine-Tuned Model,"4,3,6,1,5,2"
13662,Fine-Tuned Model,"5,3,2,4,6,1"
13663,Fine-Tuned Model,"1,4,2,5,3,6"
13664,Fine-Tuned Model,"1,2,3,4,5,6"
13665,Fine-Tuned Model,"2,5,3,6,4,1"
13666,Fine-Tuned Model,"4,2,6,3,5,1"
13667,Fine-Tuned Model,"1,4,2,6,5,3"
13668,Fine-Tuned Model,"4,2,6,1,3,5"
13669,Fine-Tuned Model,"3,5,2,6,1,4"
13670,Fine-Tuned Model,"1,2,3,4,5"
13671,Fine-Tuned Model,"6,1,6"
13672,Fine-Tuned Model,"4,2,5,3,6,1"
13673,Fine-Tuned Model,"4,2,6,1,5,3"
13674,Fine-Tuned Model,"5,2,6,3,4,1"
13675,Fine-Tuned Model,"1,4,2,5,3,2"
13676,Fine-Tuned Model,"1,6,6"
13677,Fine-Tuned Model,
13678,Fine-Tuned Model,"3,2,6,5,4,1"
13679,Fine-Tuned Model,"4,2,3,6,1,5"
13680,Fine-Tuned Model,"4,2,6,5,1,3"
13681,Fine-Tuned Model,
13682,Fine-Tuned Model,"4,6,3,2,1,5"
13683,Fine-Tuned Model,
13684,Fine-Tuned Model,"4,2,6,3,5,1"
13685,Fine-Tuned Model,"1,2,4,5,3,1"
13686,Fine-Tuned Model,"3,6,6"
13687,Fine-Tuned Model,
13688,Fine-Tuned Model,"4,6,2,3,5,1"
13689,Fine-Tuned Model,"4,2,6,3,5,1"
13690,Fine-Tuned Model,"5,2,3,1,4,6"
13691,Fine-Tuned Model,"3,6,5,2,1"
13692,Fine-Tuned Model,"4,2,6,3,5,1"
13693,Fine-Tuned Model,"1,5,3,6,2,4"
13694,Fine-Tuned Model,"1,1,2,6,3,2"
13695,Fine-Tuned Model,
13696,Fine-Tuned Model,"4,2,6,3,5,1"
13697,Fine-Tuned Model,
13698,Fine-Tuned Model,"4,2,6,1,3,5"
13699,Fine-Tuned Model,
13700,Fine-Tuned Model,"5,3,2,6,1,4"
13701,Fine-Tuned Model,"4,6,5,2,3,1"
13702,Fine-Tuned Model,"1,2,4,5,3,6"
13703,Fine-Tuned Model,
13704,Fine-Tuned Model,
13705,Fine-Tuned Model,
13706,Fine-Tuned Model,"3,5,1,4,2"
13707,Fine-Tuned Model,"6,6,6,6,6,6"
13708,Fine-Tuned Model,"5,2,6,1,4,3"
13709,Fine-Tuned Model,"3,5,1,4,2,6"
13710,Fine-Tuned Model,"1,2,3,4,5,6"
13711,Fine-Tuned Model,"1,6,6"
13712,Fine-Tuned Model,"4,2,5,6,3,1"
13713,Fine-Tuned Model,"3,4,5,2,6,1"
13714,Fine-Tuned Model,"2,5,3,1,6,4"
13715,Fine-Tuned Model,"4,2,6,3,1,5"
13716,Fine-Tuned Model,"2,4,3,6,1,5"
13717,Fine-Tuned Model,"3,4,2,6,3,5"
13718,Fine-Tuned Model,"4,2,5,1,3,6"
13719,Fine-Tuned Model,
13720,Fine-Tuned Model,"3,5,2,6,1,4"
13721,Fine-Tuned Model,"2,5,6,3,2,5"
13722,Fine-Tuned Model,"1,5,2,3,6,4"
13723,Fine-Tuned Model,"2,3,6,1,5,2"
13724,Fine-Tuned Model,
13725,Fine-Tuned Model,"4,3,6,1,2,5"
13726,Fine-Tuned Model,"4,2,6,5,1,3"
13727,Fine-Tuned Model,"3,2,6,1,4,5"
13728,Fine-Tuned Model,"1,2,5,4,3,1"
13729,Fine-Tuned Model,"1,3,6,2,5,4"
13730,Fine-Tuned Model,"1,2,3,4,5,6"
13731,Fine-Tuned Model,
13732,Fine-Tuned Model,"4,2,6,1,3,5"
13733,Fine-Tuned Model,"2,6,4,5,3,1"
13734,Fine-Tuned Model,"4,2,5,6,3,1"
13735,Fine-Tuned Model,"3,4,2,6,1,5"
13736,Fine-Tuned Model,"2,5,1,4,6,3"
13737,Fine-Tuned Model,"4,6,2,3,5,1"
13738,Fine-Tuned Model,"1,5,2,6,3,4"
13739,Fine-Tuned Model,"3,6,1,5,3,2"
13740,Fine-Tuned Model,"1,2,3,4,5,6"
13741,Fine-Tuned Model,"2,5,1,6,4,3"
13742,Fine-Tuned Model,"3,1,4,6,2,5"
13743,Fine-Tuned Model,
13744,Fine-Tuned Model,"4,2,5,1,6,3"
13745,Fine-Tuned Model,
13746,Fine-Tuned Model,"3,4,6,1,2,5"
13747,Fine-Tuned Model,"4,2,6,3,5,1"
13748,Fine-Tuned Model,"4,2,6,5,1,3"
13749,Fine-Tuned Model,"1,2,3,4,5,6"
13750,Fine-Tuned Model,"1,3,6,4,2,5"
13751,Fine-Tuned Model,"3,6,2,5,1,4"
13752,Fine-Tuned Model,
13753,Fine-Tuned Model,"1,6"
13754,Fine-Tuned Model,"4,2,5,3,1,6"
13755,Fine-Tuned Model,"3,5,2,6,4,1"
13756,Fine-Tuned Model,"1,2,3,4,5,6"
13757,Fine-Tuned Model,"2,5,3,6,4,1"
13758,Fine-Tuned Model,"4,6,3,5,2,1"
13759,Fine-Tuned Model,"4,2,3,6,5,1"
13760,Fine-Tuned Model,1
13761,Fine-Tuned Model,"1,2,6,4,6,3"
13762,Fine-Tuned Model,"4,2,6,3,1,5"
13763,Fine-Tuned Model,"3,2,5,4,6,1"
13764,Fine-Tuned Model,"3,2,6,5,1,4"
13765,Fine-Tuned Model,
13766,Fine-Tuned Model,"1,4,2,5,3,2"
13767,Fine-Tuned Model,
13768,Fine-Tuned Model,"3,6,1,2,5,4"
13769,Fine-Tuned Model,"6,5,1,2,4,3"
13770,Fine-Tuned Model,
13771,Fine-Tuned Model,
13772,Fine-Tuned Model,"4,2,3,6,1,5"
13773,Fine-Tuned Model,"1,6,2,3,5,4"
13774,Fine-Tuned Model,"3,6,2,5,4,1"
13775,Fine-Tuned Model,"4,2,6,1,5,3"
13776,Fine-Tuned Model,"4,2,6,3,1,5"
13777,Fine-Tuned Model,"2,4,5,2,1,6"
13778,Fine-Tuned Model,"4,3,6,1,2,5"
13779,Fine-Tuned Model,"3,6,2,5,4,1"
13780,Fine-Tuned Model,
13781,Fine-Tuned Model,"3,5,2,6,4,1"
13782,Fine-Tuned Model,
13783,Fine-Tuned Model,"1,3,6,4,2,5"
13784,Fine-Tuned Model,
13785,Fine-Tuned Model,"1,3,2,4,6,5"
13786,Fine-Tuned Model,"4,3,1,5,2,6"
13787,Fine-Tuned Model,"3,2,6,5,1,4"
13788,Fine-Tuned Model,
13789,Fine-Tuned Model,"5,2,3,6,1,4"
13790,Fine-Tuned Model,
13791,Fine-Tuned Model,
13792,Fine-Tuned Model,
13793,Fine-Tuned Model,"1,4,2,5,3,6"
13794,Fine-Tuned Model,
13795,Fine-Tuned Model,"4,2,6,3,1,5"
13796,Fine-Tuned Model,"4,2,3,6,5,1"
13797,Fine-Tuned Model,
13798,Fine-Tuned Model,"5,3,2,6,4,1"
13799,Fine-Tuned Model,"2,5,3,6,1,4"
13800,Fine-Tuned Model,"1,2,3,4,5,6"
13801,Fine-Tuned Model,
13802,Fine-Tuned Model,"3,6,2,5,4,1"
13803,Fine-Tuned Model,"2,6,3,1,5"
13804,Fine-Tuned Model,
13805,Fine-Tuned Model,"2,4,6,3,5,1"
13806,Fine-Tuned Model,"3,5,2,6,4,1"
13807,Fine-Tuned Model,"2,5,4,6,3,1"
13808,Fine-Tuned Model,
13809,Fine-Tuned Model,
13810,Fine-Tuned Model,"1,4,2,3,6,5"
13811,Fine-Tuned Model,"3,6,4,2,5,1"
13812,Fine-Tuned Model,"2,6,3,5,4,1"
13813,Fine-Tuned Model,"3,4,6,5,2,6"
13814,Fine-Tuned Model,"3,5,1,2,6,4"
13815,Fine-Tuned Model,"4,2,6,5,1,3"
13816,Fine-Tuned Model,"5,2,4,6,3,1"
13817,Fine-Tuned Model,"3,4,2,6,1,5"
13818,Fine-Tuned Model,
13819,Fine-Tuned Model,"3,6,5,2,1,4"
13820,Fine-Tuned Model,
13821,Fine-Tuned Model,
13822,Fine-Tuned Model,"2,5,6,3,1,4"
13823,Fine-Tuned Model,"2,5,4,3,6,1"
13824,Fine-Tuned Model,"1,2,6"
13825,Fine-Tuned Model,"2,4,1,5,3,6"
13826,Fine-Tuned Model,
13827,Fine-Tuned Model,"1,3,4,2,6,5"
13828,Fine-Tuned Model,"3,6,2,5,1,4"
13829,Fine-Tuned Model,"4,2,6,3,5,1"
13830,Fine-Tuned Model,"3,5,1,4,2,6"
13831,Fine-Tuned Model,
13832,Fine-Tuned Model,"4,2,5,6,1,3"
13833,Fine-Tuned Model,"4,2,3,1,6,5"
13834,Fine-Tuned Model,"2,4,5,1,6,3"
13835,Fine-Tuned Model,"4,3,6,2,1,5"
13836,Fine-Tuned Model,
13837,Fine-Tuned Model,"2,5,3,6,1,4"
13838,Fine-Tuned Model,"3,6,1,4,2,5"
13839,Fine-Tuned Model,"1,6,1,2,3,4"
13840,Fine-Tuned Model,"4,2,6,5,3,1"
13841,Fine-Tuned Model,"4,3,2,6,1,5"
13842,Fine-Tuned Model,"1,2,3"
13843,Fine-Tuned Model,
13844,Fine-Tuned Model,"1,2,3,4,5,6"
13845,Fine-Tuned Model,"3,2,5,4,1,6"
13846,Fine-Tuned Model,"2,3,6,1,5,2"
13847,Fine-Tuned Model,
13848,Fine-Tuned Model,
13849,Fine-Tuned Model,"1,2,3,4,5,6"
13850,Fine-Tuned Model,"1,2,3,4,5,6"
13851,Fine-Tuned Model,
13852,Fine-Tuned Model,"2,5,4,6,3,1"
13853,Fine-Tuned Model,"5,4,2,6,3,1"
13854,Fine-Tuned Model,
13855,Fine-Tuned Model,"1,3,5,2,6,4"
13856,Fine-Tuned Model,"1,4,6,2,3,5"
13857,Fine-Tuned Model,"2,6,4,5,3,1"
13858,Fine-Tuned Model,"4,1,5,2,6,3"
13859,Fine-Tuned Model,"3,4,2,6,5,1"
13860,Fine-Tuned Model,
13861,Fine-Tuned Model,"2,3,1,6,3,5"
13862,Fine-Tuned Model,"5,3,2,6,4,1"
13863,Fine-Tuned Model,1
13864,Fine-Tuned Model,"3,6,2,5,1,4"
13865,Fine-Tuned Model,"4,1,2,3,6,5"
13866,Fine-Tuned Model,"4,6,2,3,5,1"
13867,Fine-Tuned Model,"2,5,4,1,3,6"
13868,Fine-Tuned Model,"4,3,5,2,6,1"
13869,Fine-Tuned Model,"4,2,6,3,1,5"
13870,Fine-Tuned Model,"3,4,2,5,1,6"
13871,Fine-Tuned Model,
13872,Fine-Tuned Model,"4,3,2,5,6,1"
13873,Fine-Tuned Model,"1,2,4,5,3,6"
13874,Fine-Tuned Model,"6,1,6"
13875,Fine-Tuned Model,"4,3,6,5,2,1"
13876,Fine-Tuned Model,
13877,Fine-Tuned Model,"1,2,3,4,5,6"
13878,Fine-Tuned Model,"3,5,2,6,4,1"
13879,Fine-Tuned Model,
13880,Fine-Tuned Model,
13881,Fine-Tuned Model,"1,3,4,5,3,5"
13882,Fine-Tuned Model,"2,5,3,6,1,4"
13883,Fine-Tuned Model,"6,6,3,2,5,1"
13884,Fine-Tuned Model,"2,6"
13885,Fine-Tuned Model,"4,1,5,2,6,3"
13886,Fine-Tuned Model,"4,2,6,5,3,1"
13887,Fine-Tuned Model,"4,3,6,2,5,1"
13888,Fine-Tuned Model,
13889,Fine-Tuned Model,"3,6,2,4,5,1"
13890,Fine-Tuned Model,"1,4,3,2,6,5"
13891,Fine-Tuned Model,
13892,Fine-Tuned Model,6
13893,Fine-Tuned Model,"2,5,3,6,2,4"
13894,Fine-Tuned Model,"5,3,2,6,1,4"
13895,Fine-Tuned Model,"1,3,6,2,5,4"
13896,Fine-Tuned Model,"5,3,2,6,4,1"
13897,Fine-Tuned Model,"2,6,4,3,5,1"
13898,Fine-Tuned Model,"1,4,3,6,2,5"
13899,Fine-Tuned Model,"1,2,4,5,3,6"
13900,Fine-Tuned Model,"5,3,6,1,2,4"
13901,Fine-Tuned Model,"3,5,1,6,4,2"
13902,Fine-Tuned Model,
13903,Fine-Tuned Model,"5,2,6,3,1,4"
13904,Fine-Tuned Model,"2,4,3,1,6,5"
13905,Fine-Tuned Model,
13906,Fine-Tuned Model,
13907,Fine-Tuned Model,"1,5,3,4,6,2"
13908,Fine-Tuned Model,"4,2,6,5,3,1"
13909,Fine-Tuned Model,"1,3,2,6,5,4"
13910,Fine-Tuned Model,"4,6,2,3,5,1"
13911,Fine-Tuned Model,
13912,Fine-Tuned Model,"1,6,6"
13913,Fine-Tuned Model,
13914,Fine-Tuned Model,"3,6,2,5,1,4"
13915,Fine-Tuned Model,
13916,Fine-Tuned Model,"1,6"
13917,Fine-Tuned Model,"5,3,2,6,4,1"
13918,Fine-Tuned Model,
13919,Fine-Tuned Model,
13920,Fine-Tuned Model,"3,5,2,6,4,1"
13921,Fine-Tuned Model,"1,3,6,5,2,4"
13922,Fine-Tuned Model,"3,6,4,2,5,1"
13923,Fine-Tuned Model,"5,2,3,6,1,4"
13924,Fine-Tuned Model,"2,3,6,1,4,5"
13925,Fine-Tuned Model,"1,5,4,2,6,3"
13926,Fine-Tuned Model,"3,6,5,2,4,1"
13927,Fine-Tuned Model,
13928,Fine-Tuned Model,"1,2,5,4,3,6"
13929,Fine-Tuned Model,"2,5,4,1,6,3"
13930,Fine-Tuned Model,"3,6,1,5,2,4"
13931,Fine-Tuned Model,"2,6,3,4,1,5"
13932,Fine-Tuned Model,"1,2,3,4,5"
13933,Fine-Tuned Model,
13934,Fine-Tuned Model,"3,2,6,5,1,4"
13935,Fine-Tuned Model,"3,2,6,1,5,4"
13936,Fine-Tuned Model,
13937,Fine-Tuned Model,"6,3,2,5,1,4"
13938,Fine-Tuned Model,"3,6,2,5,4,1"
13939,Fine-Tuned Model,"1,2,3,4,5,6"
13940,Fine-Tuned Model,"1,2,3,4,5,6"
13941,Fine-Tuned Model,"1,3,2,6,5,4"
13942,Fine-Tuned Model,
13943,Fine-Tuned Model,"4,2,5,6,1,3"
13944,Fine-Tuned Model,"6,1,6"
13945,Fine-Tuned Model,"2,6,5,3,4,1"
13946,Fine-Tuned Model,"2,4,3,5,1,6"
13947,Fine-Tuned Model,"4,2,3,6,1,5"
13948,Fine-Tuned Model,"2,5,4,6,3,5"
13949,Fine-Tuned Model,"1,2,4,3,6,2"
13950,Fine-Tuned Model,"4,2,6,1,3,5"
13951,Fine-Tuned Model,"2,3,5,1,6,4"
13952,Fine-Tuned Model,"1,2,3,4,5,6"
13953,Fine-Tuned Model,"3,6,1,5,4,2"
13954,Fine-Tuned Model,"1,2,3,4,5,6"
13955,Fine-Tuned Model,"3,6,1,5,2,4"
13956,Fine-Tuned Model,"2,6,5,4,3,1"
13957,Fine-Tuned Model,"2,5,1,4,6,3"
13958,Fine-Tuned Model,"5,4,3,2,1,6"
13959,Fine-Tuned Model,"2,5,1,6,3,4"
13960,Fine-Tuned Model,"4,2,6,3,5,1"
13961,Fine-Tuned Model,
13962,Fine-Tuned Model,"1,5,3,6,2,5"
13963,Fine-Tuned Model,"4,2,6,5,3,1"
13964,Fine-Tuned Model,"1,4,6,2,3,5"
13965,Fine-Tuned Model,"4,2,6,3,1,5"
13966,Fine-Tuned Model,"2,4,3,6,2,5"
13967,Fine-Tuned Model,"3,4,5,1,6,2"
13968,Fine-Tuned Model,"1,5,2,6,3,4"
13969,Fine-Tuned Model,"1,4,2,6,3,5"
13970,Fine-Tuned Model,"5,2,1,6,4,3"
13971,Fine-Tuned Model,"4,2,6,3,1,5"
13972,Fine-Tuned Model,"3,6,2,5,4,1"
13973,Fine-Tuned Model,
13974,Fine-Tuned Model,"3,6,2,5,4,1"
13975,Fine-Tuned Model,
13976,Fine-Tuned Model,"3,1,4,5,6,2"
13977,Fine-Tuned Model,"4,2,5,3,1,6"
13978,Fine-Tuned Model,"5,1,4,3,6,2"
13979,Fine-Tuned Model,"6,1,6,1,5,2"
13980,Fine-Tuned Model,"1,6,6"
13981,Fine-Tuned Model,"1,2,3,5,4,6"
13982,Fine-Tuned Model,"2,4,1,5,3,6"
13983,Fine-Tuned Model,"3,2,6,1,4,5"
13984,Fine-Tuned Model,"1,3,2,6,4,5"
13985,Fine-Tuned Model,"4,3,6,2,5,1"
13986,Fine-Tuned Model,"1,3,5,4,2,6"
13987,Fine-Tuned Model,"3,6,5,1,2,4"
13988,Fine-Tuned Model,"2,4,3,6,5,2"
13989,Fine-Tuned Model,"2,4,5,3,1,6"
13990,Fine-Tuned Model,"5,2,6,3,1,4"
13991,Fine-Tuned Model,"4,2,6,3,1,5"
13992,Fine-Tuned Model,"1,6,6,4,2,6"
13993,Fine-Tuned Model,"6,1,6"
13994,Fine-Tuned Model,"3,6,5,2,1,4"
13995,Fine-Tuned Model,"2,3,6,5,2,4"
13996,Fine-Tuned Model,
13997,Fine-Tuned Model,
13998,Fine-Tuned Model,"4,1,5,2,6,3"
13999,Fine-Tuned Model,"1,6,1,6,1,6"
14000,Fine-Tuned Model,"3,6,2,1,5,4"
14001,Fine-Tuned Model,
14002,Fine-Tuned Model,"2,5,3,6,1,4"
14003,Fine-Tuned Model,"1,3"
14004,Fine-Tuned Model,"1,2,4,5,5,3"
14005,Fine-Tuned Model,"3,1,4,2,6,5"
14006,Fine-Tuned Model,"4,3,2,6,1,5"
14007,Fine-Tuned Model,"3,6,2,4,5,1"
14008,Fine-Tuned Model,6
14009,Fine-Tuned Model,"4,2,6,1,3,5"
14010,Fine-Tuned Model,"2,5,1,3,6,4"
14011,Fine-Tuned Model,"2,5,4,6,1,3"
14012,Fine-Tuned Model,"4,2,6,3,1,5"
14013,Fine-Tuned Model,
14014,Fine-Tuned Model,
14015,Fine-Tuned Model,"1,4,2,6,5,3"
14016,Fine-Tuned Model,"4,3,5,2,6,1"
14017,Fine-Tuned Model,"5,2,4,1,3,6"
14018,Fine-Tuned Model,"1,6,1,6,1,6"
14019,Fine-Tuned Model,"3,1,5,6,2,4"
14020,Fine-Tuned Model,"5,2,6,4,1,3"
14021,Fine-Tuned Model,"3,1,6,4,2,5"
14022,Fine-Tuned Model,"5,2,4,1,3,6"
14023,Fine-Tuned Model,"1,6,6"
14024,Fine-Tuned Model,"4,2,6,1,5,3"
14025,Fine-Tuned Model,
14026,Fine-Tuned Model,
14027,Fine-Tuned Model,"4,2,6,1,5,3"
14028,Fine-Tuned Model,"1,2,3,4,5,6"
14029,Fine-Tuned Model,"5,2,6,3,1,4"
14030,Fine-Tuned Model,"3,5,2,1,6,4"
14031,Fine-Tuned Model,
14032,Fine-Tuned Model,"6,1,6,2,5,1"
14033,Fine-Tuned Model,
14034,Fine-Tuned Model,"2,4,1,5,3,6"
14035,Fine-Tuned Model,"4,2,6,5,3,1"
14036,Fine-Tuned Model,
14037,Fine-Tuned Model,"1,4,2,6,5,3"
14038,Fine-Tuned Model,"4,3,2,1,6,5"
14039,Fine-Tuned Model,"2,4,1,6,3,5"
14040,Fine-Tuned Model,"1,2,3,4,5,6"
14041,Fine-Tuned Model,
14042,Fine-Tuned Model,"1,2,3,4,5,6"
14043,Fine-Tuned Model,"4,2,6,3,1,5"
14044,Fine-Tuned Model,"5,2,6,3,1,4"
14045,Fine-Tuned Model,"3,6,2,5,1,4"
14046,Fine-Tuned Model,"3,4,5"
14047,Fine-Tuned Model,"2,4,6,3,5,1"
14048,Fine-Tuned Model,"1,2,3,4,5,6"
14049,Fine-Tuned Model,"3,4,6,2,5,1"
14050,Fine-Tuned Model,
14051,Fine-Tuned Model,"1,4,2,2,3,5"
14052,Fine-Tuned Model,"3,6,1,5,4,2"
14053,Fine-Tuned Model,"1,2,4,5,3,6"
14054,Fine-Tuned Model,"2,5,6,1,4,3"
14055,Fine-Tuned Model,"5,3,2,6,6,1"
14056,Fine-Tuned Model,
14057,Fine-Tuned Model,"4,2,5,6,3,1"
14058,Fine-Tuned Model,"2,5,1,3,6,4"
14059,Fine-Tuned Model,"4,6,3,5,2,1"
14060,Fine-Tuned Model,"1,2"
14061,Fine-Tuned Model,
14062,Fine-Tuned Model,"3,2,4,5,6,1"
14063,Fine-Tuned Model,"2,4,5,6,3,1"
14064,Fine-Tuned Model,
14065,Fine-Tuned Model,"1,2,3,4,5,6"
14066,Fine-Tuned Model,"3,4,6,2,5,3"
14067,Fine-Tuned Model,
14068,Fine-Tuned Model,"2,4,5,3,6,1"
14069,Fine-Tuned Model,"4,1,6,2,5,3"
14070,Fine-Tuned Model,
14071,Fine-Tuned Model,"4,2,3,5,1,6"
14072,Fine-Tuned Model,
14073,Fine-Tuned Model,
14074,Fine-Tuned Model,
14075,Fine-Tuned Model,"6,3,1,5,2,6"
14076,Fine-Tuned Model,"3,5,2,6,4,1"
14077,Fine-Tuned Model,"2,5,1,4,6,3"
14078,Fine-Tuned Model,"4,2,6,3,1,5"
14079,Fine-Tuned Model,
14080,Fine-Tuned Model,"3,6,2,5,1,4"
14081,Fine-Tuned Model,"1,3,4,5,2,6"
14082,Fine-Tuned Model,"3,2,6,5,1,4"
14083,Fine-Tuned Model,"3,6,2,5,4,1"
14084,Fine-Tuned Model,"3,4,2,6,3,1"
14085,Fine-Tuned Model,"1,3,2,6,5,4"
14086,Fine-Tuned Model,"1,5,2,3,6,4"
14087,Fine-Tuned Model,"6,1,6"
14088,Fine-Tuned Model,"2,4,1,6,3,5"
14089,Fine-Tuned Model,"1,6,6"
14090,Fine-Tuned Model,"1,1,6"
14091,Fine-Tuned Model,
14092,Fine-Tuned Model,"1,2,3,4,5,6"
14093,Fine-Tuned Model,"4,2,6,5,3,1"
14094,Fine-Tuned Model,"2,3,5,2,6,3"
14095,Fine-Tuned Model,
14096,Fine-Tuned Model,"3,6,1,5,2,4"
14097,Fine-Tuned Model,"1,5,2,3,4,5"
14098,Fine-Tuned Model,"2,5,1,4,3,6"
14099,Fine-Tuned Model,
14100,Fine-Tuned Model,"4,2,6,5,1,3"
14101,Fine-Tuned Model,"4,3,6,2,5,1"
14102,Fine-Tuned Model,"4,2,6,1,3,5"
14103,Fine-Tuned Model,
14104,Fine-Tuned Model,"3,4,2,6,5,1"
14105,Fine-Tuned Model,"2,5,4,3,6,1"
14106,Fine-Tuned Model,
14107,Fine-Tuned Model,
14108,Fine-Tuned Model,"2,5,3,6,1,4"
14109,Fine-Tuned Model,
14110,Fine-Tuned Model,
14111,Fine-Tuned Model,"3,6,2,5,4,1"
14112,Fine-Tuned Model,"4,2,6,3,1,5"
14113,Fine-Tuned Model,"4,3,6,2,5,1"
14114,Fine-Tuned Model,"1,2,3,4,5,6"
14115,Fine-Tuned Model,"2,4,6,5,1,3"
14116,Fine-Tuned Model,"4,6,2,3,1,5"
14117,Fine-Tuned Model,"4,2,6,3,1,5"
14118,Fine-Tuned Model,"2,5,1,4,6,3"
14119,Fine-Tuned Model,"1,4,2,6,3,5"
14120,Fine-Tuned Model,"1,4,3,6,5,2"
14121,Fine-Tuned Model,"3,6,1,5,2,4"
14122,Fine-Tuned Model,"2,5,6,1,3,6"
14123,Fine-Tuned Model,"1,3,5,4,6,2"
14124,Fine-Tuned Model,
14125,Fine-Tuned Model,5
14126,Fine-Tuned Model,"1,2,3,4,5,6"
14127,Fine-Tuned Model,"3,6,1,2,5,4"
14128,Fine-Tuned Model,"4,2,3,6,1,5"
14129,Fine-Tuned Model,
14130,Fine-Tuned Model,"4,6,1,2,3,5"
14131,Fine-Tuned Model,
14132,Fine-Tuned Model,"1,2,3,4,5,6"
14133,Fine-Tuned Model,"3,5,2,6,1,4"
14134,Fine-Tuned Model,"1,6,6,2"
14135,Fine-Tuned Model,"5,2,6,1,4,3"
14136,Fine-Tuned Model,
14137,Fine-Tuned Model,"6,1,2,3,4,5"
14138,Fine-Tuned Model,"1,3,2,6,5,4"
14139,Fine-Tuned Model,"1,4,6,3,5,2"
14140,Fine-Tuned Model,"5,2,6,4,1,3"
14141,Fine-Tuned Model,"4,2,6,3,5,1"
14142,Fine-Tuned Model,"4,1,2,3,5,6"
14143,Fine-Tuned Model,"4,3,2,6,5,1"
14144,Fine-Tuned Model,"4,2,6,3,5,1"
14145,Fine-Tuned Model,"1,1"
14146,Fine-Tuned Model,"4,2,6,5,1,3"
14147,Fine-Tuned Model,"2,4,6,1,3,5"
14148,Fine-Tuned Model,
14149,Fine-Tuned Model,"5,1,2,4,6,3"
14150,Fine-Tuned Model,
14151,Fine-Tuned Model,
14152,Fine-Tuned Model,"5,1,4,2,6,3"
14153,Fine-Tuned Model,"4,6,2,3,5,1"
14154,Fine-Tuned Model,"4,6,2,5,3,1"
14155,Fine-Tuned Model,"2,4,6,5,3,5"
14156,Fine-Tuned Model,"4,6,3,2,5,1"
14157,Fine-Tuned Model,"1,5,2,4,3,6"
14158,Fine-Tuned Model,"4,2,6,5,1,3"
14159,Fine-Tuned Model,"5,3,2,6,1,4"
14160,Fine-Tuned Model,"3,5,1,6,4,2"
14161,Fine-Tuned Model,"1,1,2"
14162,Fine-Tuned Model,"1,3,2,5,4,6"
14163,Fine-Tuned Model,"4,2,6,5,3,1"
14164,Fine-Tuned Model,"1,2,3,4,5"
14165,Fine-Tuned Model,"3,6,1,4,2,5"
14166,Fine-Tuned Model,"1,5,3,6,2,4"
14167,Fine-Tuned Model,2
14168,Fine-Tuned Model,"3,5,1,6,2,4"
14169,Fine-Tuned Model,"1,4,2,6,3,5"
14170,Fine-Tuned Model,"3,2,5,1,6,4"
14171,Fine-Tuned Model,"1,6,2,3,5,6"
14172,Fine-Tuned Model,"5,2,3,6,1,4"
14173,Fine-Tuned Model,
14174,Fine-Tuned Model,"2,6,1,5,3,6"
14175,Fine-Tuned Model,"4,2,6,5,3,1"
14176,Fine-Tuned Model,"3,6,2,5,1,4"
14177,Fine-Tuned Model,"1,5,3,6,2,5"
14178,Fine-Tuned Model,"4,2,6,1,3,5"
14179,Fine-Tuned Model,"4,2,3,1,6,5"
14180,Fine-Tuned Model,"5,3,6,2,4,1"
14181,Fine-Tuned Model,"1,4,6,2"
14182,Fine-Tuned Model,"2,3,4,5,3,1"
14183,Fine-Tuned Model,"2,4,1,6,5,3"
14184,Fine-Tuned Model,"4,2,6,5,1,3"
14185,Fine-Tuned Model,"1,3,2,5,4,6"
14186,Fine-Tuned Model,"1,3,4,2,6,5"
14187,Fine-Tuned Model,1
14188,Fine-Tuned Model,"3,1,6,2,5,4"
14189,Fine-Tuned Model,"3,1,5,2,4,6"
14190,Fine-Tuned Model,"1,2,3,5,1,2"
14191,Fine-Tuned Model,"5,2,6,3,1,4"
14192,Fine-Tuned Model,"5,2,3,6,4,1"
14193,Fine-Tuned Model,"6,6"
14194,Fine-Tuned Model,1
14195,Fine-Tuned Model,"4,2,6,3,5,1"
14196,Fine-Tuned Model,"6,1,6"
14197,Fine-Tuned Model,"2,4,6,2,5,3"
14198,Fine-Tuned Model,"1,5,2,3,4,5"
14199,Fine-Tuned Model,"1,3,5,2,4,6"
14200,Fine-Tuned Model,"2,6,1,4,3,5"
14201,Fine-Tuned Model,
14202,Fine-Tuned Model,"4,3,6,2,5,1"
14203,Fine-Tuned Model,"1,2,2,3,4,6"
14204,Fine-Tuned Model,"1,4,3,5,2,6"
14205,Fine-Tuned Model,"2,5,4,3,1,6"
14206,Fine-Tuned Model,"1,2,3,4,5,6"
14207,Fine-Tuned Model,"1,3,2,6,5,4"
14208,Fine-Tuned Model,"2,4,1,6,3,5"
14209,Fine-Tuned Model,"2,4,6,3,5,1"
14210,Fine-Tuned Model,6
14211,Fine-Tuned Model,"1,3,2,5,4,6"
14212,Fine-Tuned Model,
14213,Fine-Tuned Model,"3,5,4,2,6"
14214,Fine-Tuned Model,
14215,Fine-Tuned Model,"5,2,6,3,1"
14216,Fine-Tuned Model,"4,2,6,1,5,3"
14217,Fine-Tuned Model,"1,4,2,2,3,6"
14218,Fine-Tuned Model,"4,2,5,6,1,3"
14219,Fine-Tuned Model,"3,1,6,5,2,4"
14220,Fine-Tuned Model,"1,2,4,5,3,6"
14221,Fine-Tuned Model,"2,5,3,1,4,6"
14222,Fine-Tuned Model,"4,2,6,1,5,3"
14223,Fine-Tuned Model,"6,4,1"
14224,Fine-Tuned Model,"4,1,6,2,5,3"
14225,Fine-Tuned Model,"3,6,2,5,1,4"
14226,Fine-Tuned Model,"3,4,2,6,5,1"
14227,Fine-Tuned Model,"2,4,1,3,6,5"
14228,Fine-Tuned Model,
14229,Fine-Tuned Model,"3,5,2,6,4,1"
14230,Fine-Tuned Model,"3,6,2,5,4,1"
14231,Fine-Tuned Model,"4,2,6,1,5,3"
14232,Fine-Tuned Model,"1,6,6"
14233,Fine-Tuned Model,"4,2,6,5,3,1"
14234,Fine-Tuned Model,"2,5,4,3,1,6"
14235,Fine-Tuned Model,
14236,Fine-Tuned Model,"1,6"
14237,Fine-Tuned Model,"3,6,2,5,1,4"
14238,Fine-Tuned Model,"2,5,1,4,3,6"
14239,Fine-Tuned Model,"2,4,6,3,5,1"
14240,Fine-Tuned Model,"4,2,6,3,5,1"
14241,Fine-Tuned Model,"3,4,2,6,1,5"
14242,Fine-Tuned Model,
14243,Fine-Tuned Model,"1,6,6,1,3,5"
14244,Fine-Tuned Model,"1,4,2,3,5,6"
14245,Fine-Tuned Model,"3,5,2,6,4,1"
14246,Fine-Tuned Model,"3,2,6,1,4,5"
14247,Fine-Tuned Model,"2,6,4,1,3,5"
14248,Fine-Tuned Model,"2,5"
14249,Fine-Tuned Model,"5,2,6,3,1,4"
14250,Fine-Tuned Model,"4,6,1,3,2,5"
14251,Fine-Tuned Model,"2,4,3,1,6,5"
14252,Fine-Tuned Model,1
14253,Fine-Tuned Model,"3,5,2,6,4,1"
14254,Fine-Tuned Model,"3,2,5,6,4,6"
14255,Fine-Tuned Model,"1,3,2,4,6,5"
14256,Fine-Tuned Model,
14257,Fine-Tuned Model,
14258,Fine-Tuned Model,"4,2,6,3,1,5"
14259,Fine-Tuned Model,
14260,Fine-Tuned Model,"3,5,1,6,4,2"
14261,Fine-Tuned Model,"4,2,6,1,3,5"
14262,Fine-Tuned Model,
14263,Fine-Tuned Model,"6,3,5,2,6,4"
14264,Fine-Tuned Model,"4,3,6,5,2,1"
14265,Fine-Tuned Model,
14266,Fine-Tuned Model,"2,4,3,1,6,5"
14267,Fine-Tuned Model,"2,4,1,5,3,6"
14268,Fine-Tuned Model,"2,4,5,1,3,6"
14269,Fine-Tuned Model,"1,2,3,4,5,6"
14270,Fine-Tuned Model,"1,2,3,4,5,6"
14271,Fine-Tuned Model,"5,2,6,4,1,3"
14272,Fine-Tuned Model,"2,3,4,1,6,5"
14273,Fine-Tuned Model,"1,6,6,4,2,6"
14274,Fine-Tuned Model,"3,6,2,5,4,1"
14275,Fine-Tuned Model,"4,2,6,3,5,1"
14276,Fine-Tuned Model,
14277,Fine-Tuned Model,"5,2,6,3,1,4"
14278,Fine-Tuned Model,
14279,Fine-Tuned Model,"2,5,3,1,6,4"
14280,Fine-Tuned Model,
14281,Fine-Tuned Model,"4,2,6,1,5,3"
14282,Fine-Tuned Model,"5,3,2,6,4,1"
14283,Fine-Tuned Model,"2,4,1,6,3,5"
14284,Fine-Tuned Model,"1,4,2,3,5,6"
14285,Fine-Tuned Model,"4,2,5,3,1,6"
14286,Fine-Tuned Model,"1,3,2,4,5,5"
14287,Fine-Tuned Model,"2,5,1,3,6,4"
14288,Fine-Tuned Model,"1,4,2,5,3,6"
14289,Fine-Tuned Model,"1,4,2,3,5,6"
14290,Fine-Tuned Model,"2,4,6,5,1,3"
14291,Fine-Tuned Model,"1,3,5,2,6,4"
14292,Fine-Tuned Model,"1,2,3,4,5,6"
14293,Fine-Tuned Model,"4,2,5,1,6,3"
14294,Fine-Tuned Model,"4,2,3,6,1,5"
14295,Fine-Tuned Model,1
14296,Fine-Tuned Model,"1,2,3,2,5,6"
14297,Fine-Tuned Model,"3,6,2,1,5,4"
14298,Fine-Tuned Model,
14299,Fine-Tuned Model,"3,4,2,6,5,1"
14300,Fine-Tuned Model,"5,3,2,1,6,4"
14301,Fine-Tuned Model,"3,6,2,5,4"
14302,Fine-Tuned Model,"1,6,2,5,4,3"
14303,Fine-Tuned Model,"2,6,1,3,5,4"
14304,Fine-Tuned Model,"1,2,3,4,5,6"
14305,Fine-Tuned Model,
14306,Fine-Tuned Model,"6,1,6,1"
14307,Fine-Tuned Model,
14308,Fine-Tuned Model,"1,2,3,4,5,6"
14309,Fine-Tuned Model,
14310,Fine-Tuned Model,"4,2,6,5,3,1"
14311,Fine-Tuned Model,"3,2,6,5,1,4"
14312,Fine-Tuned Model,
14313,Fine-Tuned Model,"1,2,3,4,5,6"
14314,Fine-Tuned Model,"3,5,1,6,2,4"
14315,Fine-Tuned Model,"2,5,6,3,1,4"
14316,Fine-Tuned Model,"1,5,3,2,6,4"
14317,Fine-Tuned Model,"1,2,3,4,5,6"
14318,Fine-Tuned Model,
14319,Fine-Tuned Model,"2,5,1,4,6,3"
14320,Fine-Tuned Model,"4,2,5,6,3,1"
14321,Fine-Tuned Model,
14322,Fine-Tuned Model,"2,3,4,5,6"
14323,Fine-Tuned Model,"6,4,5,1,3,2"
14324,Fine-Tuned Model,"3,4,2,6,5,1"
14325,Fine-Tuned Model,
14326,Fine-Tuned Model,
14327,Fine-Tuned Model,"4,2,5,6,1,3"
14328,Fine-Tuned Model,"3,6,2,5,4,1"
14329,Fine-Tuned Model,
14330,Fine-Tuned Model,"1,6,1,6,1,6"
14331,Fine-Tuned Model,"2,5,3,1,6,4"
14332,Fine-Tuned Model,"3,6,2,5,1,4"
14333,Fine-Tuned Model,"3,4,2,6,5,1"
14334,Fine-Tuned Model,"1,6,6"
14335,Fine-Tuned Model,"2,3,5,1,4,6"
14336,Fine-Tuned Model,"2,6,5,4,3,1"
14337,Fine-Tuned Model,
14338,Fine-Tuned Model,
14339,Fine-Tuned Model,"3,4,2,6,1,5"
14340,Fine-Tuned Model,"1,2,3,4,5,6"
14341,Fine-Tuned Model,"1,2,3,4,5,6"
14342,Fine-Tuned Model,
14343,Fine-Tuned Model,
14344,Fine-Tuned Model,"6,1"
14345,Fine-Tuned Model,"4,2,5,1,6,3"
14346,Fine-Tuned Model,
14347,Fine-Tuned Model,
14348,Fine-Tuned Model,"3,6,2,5,1,4"
14349,Fine-Tuned Model,1
14350,Fine-Tuned Model,"2,5,4,6,3,1"
14351,Fine-Tuned Model,"1,5,3,2,6,4"
14352,Fine-Tuned Model,"3,6,2,5,1,4"
14353,Fine-Tuned Model,"2,6,1,5,4,3"
14354,Fine-Tuned Model,"2,5,4,1,6,3"
14355,Fine-Tuned Model,"1,2,3,4,5,6"
14356,Fine-Tuned Model,"4,2,6,1,5,3"
14357,Fine-Tuned Model,"1,2,3,6,4,5"
14358,Fine-Tuned Model,"1,2,3,4,5,6"
14359,Fine-Tuned Model,"4,2,6,3,5,1"
14360,Fine-Tuned Model,"2,5,1,6,4,3"
14361,Fine-Tuned Model,
14362,Fine-Tuned Model,
14363,Fine-Tuned Model,"1,4,6,2,5,3"
14364,Fine-Tuned Model,"2,3,4"
14365,Fine-Tuned Model,"1,6,1,6,1,6"
14366,Fine-Tuned Model,"2,4,6,3,1,5"
14367,Fine-Tuned Model,"3,5,2,4,3,6"
14368,Fine-Tuned Model,"2,4,5,3,6,5"
14369,Fine-Tuned Model,"1,3,2,6,4,5"
14370,Fine-Tuned Model,"3,4"
14371,Fine-Tuned Model,"1,2,5,4,3,6"
14372,Fine-Tuned Model,"6,1,6"
14373,Fine-Tuned Model,"1,2,3,4,5,6"
14374,Fine-Tuned Model,"1,4,3,2,6,5"
14375,Fine-Tuned Model,"1,3,2,6,5,4"
14376,Fine-Tuned Model,"1,2,3,4,5,6"
14377,Fine-Tuned Model,"2,4,6,3,5,1"
14378,Fine-Tuned Model,"4,2,3,6,1,5"
14379,Fine-Tuned Model,
14380,Fine-Tuned Model,"1,6,6"
14381,Fine-Tuned Model,"3,5,4,2,1,6"
14382,Fine-Tuned Model,"1,3,6,2,5,4"
14383,Fine-Tuned Model,"1,2,5,3,6,4"
14384,Fine-Tuned Model,"3,6,2,5,4,1"
14385,Fine-Tuned Model,
14386,Fine-Tuned Model,"4,2,6,1,5,3"
14387,Fine-Tuned Model,"4,2,6,5,3,1"
14388,Fine-Tuned Model,"2,5,6,4,1,3"
14389,Fine-Tuned Model,"4,2,3,6,1,5"
14390,Fine-Tuned Model,"3,6,1,2,4,5"
14391,Fine-Tuned Model,"2,5,3,6,1,4"
14392,Fine-Tuned Model,"3,1,6,4,2,5"
14393,Fine-Tuned Model,
14394,Fine-Tuned Model,"1,2,4,3,6,5"
14395,Fine-Tuned Model,"2,5,4,3,6,1"
14396,Fine-Tuned Model,
14397,Fine-Tuned Model,"2,4,3,6,1,5"
14398,Fine-Tuned Model,"1,3,4,5,2,6"
14399,Fine-Tuned Model,"3,5,2,6,4,1"
14400,Fine-Tuned Model,"4,2,6,1,5,3"
14401,Fine-Tuned Model,"3,6,2,5,4,1"
14402,Fine-Tuned Model,"1,6,6,2,4,5"
14403,Fine-Tuned Model,"4,3,6,2,5,1"
14404,Fine-Tuned Model,"5,2,6,3,1,4"
14405,Fine-Tuned Model,
14406,Fine-Tuned Model,"1,5,2,3,4,6"
14407,Fine-Tuned Model,
14408,Fine-Tuned Model,"1,3,2,5,6,4"
14409,Fine-Tuned Model,1
14410,Fine-Tuned Model,"5,2,1,6,4,3"
14411,Fine-Tuned Model,
14412,Fine-Tuned Model,"4,2,6,3,5,1"
14413,Fine-Tuned Model,
14414,Fine-Tuned Model,"3,6,2,5,1,4"
14415,Fine-Tuned Model,
14416,Fine-Tuned Model,
14417,Fine-Tuned Model,"3,4,2,1,6,5"
14418,Fine-Tuned Model,"6,6,6"
14419,Fine-Tuned Model,"4,3,5,6,2,1"
14420,Fine-Tuned Model,"1,6,6"
14421,Fine-Tuned Model,"3,1,5,2,6,4"
14422,Fine-Tuned Model,"2,5,3,6,2,4"
14423,Fine-Tuned Model,"2,5,4,6,3,1"
14424,Fine-Tuned Model,"5,2,3,6,1,4"
14425,Fine-Tuned Model,"3,4,2,5,6,1"
14426,Fine-Tuned Model,"6,6"
14427,Fine-Tuned Model,"2,6,5,3,1,4"
14428,Fine-Tuned Model,"2,5,6,3,1,4"
14429,Fine-Tuned Model,"4,2,6,1,3,5"
14430,Fine-Tuned Model,6
14431,Fine-Tuned Model,"1,2,3,4,5,6"
14432,Fine-Tuned Model,"2,4,1,6,3,5"
14433,Fine-Tuned Model,"3,6,2,5,4,1"
14434,Fine-Tuned Model,"2,6,5,3,1,4"
14435,Fine-Tuned Model,"2,5,1,6,3,4"
14436,Fine-Tuned Model,"1,6,6"
14437,Fine-Tuned Model,"3,2,6,5,4,1"
14438,Fine-Tuned Model,"3,6,2,5,1,4"
14439,Fine-Tuned Model,
14440,Fine-Tuned Model,"1,3,4,2,6,2"
14441,Fine-Tuned Model,"4,6,2,5,3,1"
14442,Fine-Tuned Model,"1,2,4,3,5,6"
14443,Fine-Tuned Model,"3,4,2,6,1,5"
14444,Fine-Tuned Model,
14445,Fine-Tuned Model,"1,3,2,6,5,4"
14446,Fine-Tuned Model,"2,6,4,3,5,1"
14447,Fine-Tuned Model,"5,3,2,6,1,4"
14448,Fine-Tuned Model,"1,6,6"
14449,Fine-Tuned Model,
14450,Fine-Tuned Model,"3,6,2,5,1,4"
14451,Fine-Tuned Model,"1,6,1,6"
14452,Fine-Tuned Model,"4,2,6,3,5,1"
14453,Fine-Tuned Model,"3,6,2,5,1,4"
14454,Fine-Tuned Model,
14455,Fine-Tuned Model,"4,2,6,5,3,1"
14456,Fine-Tuned Model,
14457,Fine-Tuned Model,"4,1,5,3,2,6"
14458,Fine-Tuned Model,"3,6,2,5,4,1"
14459,Fine-Tuned Model,
14460,Fine-Tuned Model,"4,2,6,1,3,5"
14461,Fine-Tuned Model,"2,3,6,1,4,5"
14462,Fine-Tuned Model,"1,6,6"
14463,Fine-Tuned Model,"1,5,3,2,6,4"
14464,Fine-Tuned Model,"3,6,1,4,2,5"
14465,Fine-Tuned Model,"5,1,3,2,6,4"
14466,Fine-Tuned Model,"1,6"
14467,Fine-Tuned Model,"2,4,5,1,3,6"
14468,Fine-Tuned Model,"1,6,6"
14469,Fine-Tuned Model,
14470,Fine-Tuned Model,"4,3,2,6,5,1"
14471,Fine-Tuned Model,"1,2,3,4,5,6"
14472,Fine-Tuned Model,"2,4,3,6,2,5"
14473,Fine-Tuned Model,"1,3,5,2,4,6"
14474,Fine-Tuned Model,"1,3,5,6,3,2"
14475,Fine-Tuned Model,"6,1,6"
14476,Fine-Tuned Model,"5,1,2,3,6,4"
14477,Fine-Tuned Model,"2,4,6,3,1,5"
14478,Fine-Tuned Model,"4,2,6,3,5,1"
14479,Fine-Tuned Model,"4,2,6,5,3,1"
14480,Fine-Tuned Model,"3,5,2,6,1,4"
14481,Fine-Tuned Model,"1,4,2,6,3,5"
14482,Fine-Tuned Model,"3,6,1,2,4,5"
14483,Fine-Tuned Model,"3,4,2,6,5,1"
14484,Fine-Tuned Model,"2,5,3,6,1,4"
14485,Fine-Tuned Model,"2,5,3,6,1,4"
14486,Fine-Tuned Model,
14487,Fine-Tuned Model,
14488,Fine-Tuned Model,"3,6,2,5,4,1"
14489,Fine-Tuned Model,"1,6,6"
14490,Fine-Tuned Model,
14491,Fine-Tuned Model,"3,6,2,5,1,4"
14492,Fine-Tuned Model,"5,1,2,4,6,3"
14493,Fine-Tuned Model,
14494,Fine-Tuned Model,"5,3,1,4,6,2"
14495,Fine-Tuned Model,
14496,Fine-Tuned Model,
14497,Fine-Tuned Model,
14498,Fine-Tuned Model,"5,2,6,3,1,4"
14499,Fine-Tuned Model,
14500,Fine-Tuned Model,"4,3,5,2,6,1"
14501,Fine-Tuned Model,
14502,Fine-Tuned Model,"4,2,5,1,6,3"
14503,Fine-Tuned Model,"1,3,1,4,5,2"
14504,Fine-Tuned Model,"1,4,2,3,3,2"
14505,Fine-Tuned Model,"5,2,6,3,1,4"
14506,Fine-Tuned Model,"3,6,2,5,1,4"
14507,Fine-Tuned Model,"5,2,6,1,3,4"
14508,Fine-Tuned Model,
14509,Fine-Tuned Model,
14510,Fine-Tuned Model,"3,6,2,5,4,1"
14511,Fine-Tuned Model,"5,2,3,6,4,1"
14512,Fine-Tuned Model,"2,4,3,1,6,5"
14513,Fine-Tuned Model,"1,4,5,2,6,3"
14514,Fine-Tuned Model,"1,2,5,3,6,4"
14515,Fine-Tuned Model,"4,2,6,1,5,3"
14516,Fine-Tuned Model,"2,6,4,3,5,1"
14517,Fine-Tuned Model,"3,2,6,5,1,4"
14518,Fine-Tuned Model,"3,2,6,4,5,1"
14519,Fine-Tuned Model,"1,6,6"
14520,Fine-Tuned Model,"4,3,6,1,2,5"
14521,Fine-Tuned Model,"4,2,5,6,1,3"
14522,Fine-Tuned Model,"1,2,3,2,5,6"
14523,Fine-Tuned Model,"1,2,3,4,5,6"
14524,Fine-Tuned Model,"3,1,6,4,2,5"
14525,Fine-Tuned Model,"3,6,2,5,4,1"
14526,Fine-Tuned Model,
14527,Fine-Tuned Model,"6,1,6,2,5,3"
14528,Fine-Tuned Model,"4,2,3,6,1,5"
14529,Fine-Tuned Model,"1,6,6"
14530,Fine-Tuned Model,"4,6,2,5,3,1"
14531,Fine-Tuned Model,"4,2,6,5,3,1"
14532,Fine-Tuned Model,"3,2,6,1,5,4"
14533,Fine-Tuned Model,"1,6,6"
14534,Fine-Tuned Model,"2,5,6,3,1,4"
14535,Fine-Tuned Model,"3,4,2,5,1,6"
14536,Fine-Tuned Model,"5,3,2,6,4,1"
14537,Fine-Tuned Model,"3,6,4,2,5,1"
14538,Fine-Tuned Model,
14539,Fine-Tuned Model,6
14540,Fine-Tuned Model,
14541,Fine-Tuned Model,
14542,Fine-Tuned Model,
14543,Fine-Tuned Model,"1,3,2,5,4,6"
14544,Fine-Tuned Model,"2,6,5,4,1,3"
14545,Fine-Tuned Model,
14546,Fine-Tuned Model,"3,1,5,2,6,4"
14547,Fine-Tuned Model,"1,6,6"
14548,Fine-Tuned Model,"3,4,2,5,1,6"
14549,Fine-Tuned Model,
14550,Fine-Tuned Model,"3,6,2,5,4,1"
14551,Fine-Tuned Model,"1,2,4,5,6,3"
14552,Fine-Tuned Model,"4,3,2,6,1,5"
14553,Fine-Tuned Model,"2,4,5,3,6,1"
14554,Fine-Tuned Model,"3,3,6,2,5"
14555,Fine-Tuned Model,
14556,Fine-Tuned Model,"4,2,6,5,1,3"
14557,Fine-Tuned Model,"5,3,1,4,6,2"
14558,Fine-Tuned Model,"3,6,2,5,4,1"
14559,Fine-Tuned Model,
14560,Fine-Tuned Model,"3,6,2,4,1,5"
14561,Fine-Tuned Model,
14562,Fine-Tuned Model,
14563,Fine-Tuned Model,"2,4,3,5,3,6"
14564,Fine-Tuned Model,"3,2,5,6,4,1"
14565,Fine-Tuned Model,"2,5,1,6,3,4"
14566,Fine-Tuned Model,1
14567,Fine-Tuned Model,"5,3,2,6,1,4"
14568,Fine-Tuned Model,"4,2,6,1,3,5"
14569,Fine-Tuned Model,"1,3,5,6,4,2"
14570,Fine-Tuned Model,
14571,Fine-Tuned Model,"2,5,6,3,1,4"
14572,Fine-Tuned Model,"1,2,3,4,5,6"
14573,Fine-Tuned Model,"1,2,3,4,5,6"
14574,Fine-Tuned Model,1
14575,Fine-Tuned Model,"1,6"
14576,Fine-Tuned Model,"3,2,6,5,4,1"
14577,Fine-Tuned Model,"4,6,2,5,3,1"
14578,Fine-Tuned Model,"5,2,6,3,1,4"
14579,Fine-Tuned Model,
14580,Fine-Tuned Model,"3,6,2,5,4,1"
14581,Fine-Tuned Model,
14582,Fine-Tuned Model,"5,2,6,4,1,3"
14583,Fine-Tuned Model,"3,4,6,2,5,1"
14584,Fine-Tuned Model,"1,5,2,6,3,4"
14585,Fine-Tuned Model,"2,4,6,3,1,5"
14586,Fine-Tuned Model,"1,3,5,1,2,6"
14587,Fine-Tuned Model,"2,6,5,1,3,4"
14588,Fine-Tuned Model,"4,2,6,3,1,5"
14589,Fine-Tuned Model,
14590,Fine-Tuned Model,"2,5,4,3,1"
14591,Fine-Tuned Model,"2,3,6,1,2,4"
14592,Fine-Tuned Model,"5,3,6,2,5,1"
14593,Fine-Tuned Model,"2,4,3,5,5,3"
14594,Fine-Tuned Model,
14595,Fine-Tuned Model,"2,5,4,6,3,1"
14596,Fine-Tuned Model,"4,2,6,1,5,3"
14597,Fine-Tuned Model,"1,5,2"
14598,Fine-Tuned Model,
14599,Fine-Tuned Model,"2,5,3,6,1,4"
14600,Fine-Tuned Model,
14601,Fine-Tuned Model,"5,3,2,6,1,4"
14602,Fine-Tuned Model,"1,4,3,2,6,5"
14603,Fine-Tuned Model,"3,4,6,2,1,5"
14604,Fine-Tuned Model,"1,2,5,1,4,3"
14605,Fine-Tuned Model,"1,2,5,3,4,6"
14606,Fine-Tuned Model,"3,6,2,5,4,1"
14607,Fine-Tuned Model,"4,2,6,5,1,3"
14608,Fine-Tuned Model,
14609,Fine-Tuned Model,"6,3,5,2,4,1"
14610,Fine-Tuned Model,"1,4,2,6,3,5"
14611,Fine-Tuned Model,"4,2,6,3,1,5"
14612,Fine-Tuned Model,"1,2,4,3,6,2"
14613,Fine-Tuned Model,
14614,Fine-Tuned Model,
14615,Fine-Tuned Model,"4,2,6,3,1,5"
14616,Fine-Tuned Model,
14617,Fine-Tuned Model,"1,2,3,4,5,6"
14618,Fine-Tuned Model,"1,3,3,4,5,3"
14619,Fine-Tuned Model,"1,2,3,4,5,6"
14620,Fine-Tuned Model,"4,6,2,5,3,1"
14621,Fine-Tuned Model,"3,6,2,5,1,4"
14622,Fine-Tuned Model,"1,6,6"
14623,Fine-Tuned Model,"6,4,3,2,5,1"
14624,Fine-Tuned Model,
14625,Fine-Tuned Model,"2,4,3,5,2,6"
14626,Fine-Tuned Model,"4,2,5,3,6,1"
14627,Fine-Tuned Model,"2,5,4,3,6,1"
14628,Fine-Tuned Model,"1,4,2,5,3,6"
14629,Fine-Tuned Model,"3,1,4,2,5,6"
14630,Fine-Tuned Model,"6,4,3,6,2,5"
14631,Fine-Tuned Model,
14632,Fine-Tuned Model,"1,2,3,5,2,6"
14633,Fine-Tuned Model,"2,3,4,5,3,4"
14634,Fine-Tuned Model,
14635,Fine-Tuned Model,
14636,Fine-Tuned Model,"3,6,2,5,4,1"
14637,Fine-Tuned Model,"4,2,6,5,1,3"
14638,Fine-Tuned Model,"1,2,4,3,5,6"
14639,Fine-Tuned Model,
14640,Fine-Tuned Model,"3,6,2,5,1,4"
14641,Fine-Tuned Model,
14642,Fine-Tuned Model,"4,3,6,2,5,1"
14643,Fine-Tuned Model,6
14644,Fine-Tuned Model,
14645,Fine-Tuned Model,
14646,Fine-Tuned Model,
14647,Fine-Tuned Model,"3,5,2,6,1,4"
14648,Fine-Tuned Model,"4,1,5,3,6,2"
14649,Fine-Tuned Model,"1,2,3,4,5,6"
14650,Fine-Tuned Model,
14651,Fine-Tuned Model,"3,6,2,5,4,1"
14652,Fine-Tuned Model,
14653,Fine-Tuned Model,"2,5,3,6,1,4"
14654,Fine-Tuned Model,"3,6,2,5,4,1"
14655,Fine-Tuned Model,"1,5,2,6,3,6"
14656,Fine-Tuned Model,"1,4,3,6,5,2"
14657,Fine-Tuned Model,
14658,Fine-Tuned Model,"1,5,2,3,6,4"
14659,Fine-Tuned Model,
14660,Fine-Tuned Model,"3,6,2,4,5,1"
14661,Fine-Tuned Model,"3,6,2,5,4,1"
14662,Fine-Tuned Model,"1,3,2,6,4,5"
14663,Fine-Tuned Model,"4,2,6,1,5,3"
14664,Fine-Tuned Model,"3,6,2,4,5,1"
14665,Fine-Tuned Model,"1,3,6,5,4,2"
14666,Fine-Tuned Model,"4,3,6,2,5,1"
14667,Fine-Tuned Model,"5,3,2,6,1,4"
14668,Fine-Tuned Model,"3,6,2,1,5,4"
14669,Fine-Tuned Model,"6,1,6"
14670,Fine-Tuned Model,"2,5,1,6,4,3"
14671,Fine-Tuned Model,"5,2,6,3,1,4"
14672,Fine-Tuned Model,"5,3,6,2,4,1"
14673,Fine-Tuned Model,"1,4,2,6,3,5"
14674,Fine-Tuned Model,
14675,Fine-Tuned Model,"4,3,6,5,2,1"
14676,Fine-Tuned Model,"2,5,3,6,2,4"
14677,Fine-Tuned Model,"4,3,6,5,2,6"
14678,Fine-Tuned Model,"5,2,6,4,3,1"
14679,Fine-Tuned Model,
14680,Fine-Tuned Model,"3,6,2,5,1,4"
14681,Fine-Tuned Model,"4,6,2,3,1,5"
14682,Fine-Tuned Model,"3,5,2,6,1,4"
14683,Fine-Tuned Model,"3,5,2,6,4,1"
14684,Fine-Tuned Model,"1,2,4,3,5,6"
14685,Fine-Tuned Model,"1,5,2,6,3,4"
14686,Fine-Tuned Model,"1,6,4,3,2,5"
14687,Fine-Tuned Model,"1,6,6"
14688,Fine-Tuned Model,"5,1,3,6,2,4"
14689,Fine-Tuned Model,
14690,Fine-Tuned Model,"2,5,1,6,3,4"
14691,Fine-Tuned Model,"3,4,1,2,5,6"
14692,Fine-Tuned Model,"4,2,5,6,1,3"
14693,Fine-Tuned Model,"1,2,3,6,5,4"
14694,Fine-Tuned Model,"1,3,5,2,6,4"
14695,Fine-Tuned Model,"1,1,6"
14696,Fine-Tuned Model,"5,2,6,1,4,3"
14697,Fine-Tuned Model,
14698,Fine-Tuned Model,
14699,Fine-Tuned Model,
14700,Fine-Tuned Model,
14701,Fine-Tuned Model,"2,6,5,3,1,4"
14702,Fine-Tuned Model,
14703,Fine-Tuned Model,"4,2,6,5,3,1"
14704,Fine-Tuned Model,"6,1,6"
14705,Fine-Tuned Model,"3,1,6,2,5,4"
14706,Fine-Tuned Model,"1,2,3,4,5"
14707,Fine-Tuned Model,"2,6,4,1,3,5"
14708,Fine-Tuned Model,"5,2,4,1,3,6"
14709,Fine-Tuned Model,
14710,Fine-Tuned Model,
14711,Fine-Tuned Model,"4,2,3,5,1,6"
14712,Fine-Tuned Model,
14713,Fine-Tuned Model,"4,2,6,5,1,3"
14714,Fine-Tuned Model,
14715,Fine-Tuned Model,
14716,Fine-Tuned Model,
14717,Fine-Tuned Model,"3,6,2,5,4,1"
14718,Fine-Tuned Model,"1,4,2,5,3,6"
14719,Fine-Tuned Model,"6,1,6,2,5,3"
14720,Fine-Tuned Model,"3,2,6,4,5,1"
14721,Fine-Tuned Model,"1,3,2,5,6,4"
14722,Fine-Tuned Model,"3,2,4,1,6,5"
14723,Fine-Tuned Model,
14724,Fine-Tuned Model,"3,6,4,1,2,5"
14725,Fine-Tuned Model,"6,1,6"
14726,Fine-Tuned Model,"1,4,2,6,3,5"
14727,Fine-Tuned Model,"2,5,6,1,4,3"
14728,Fine-Tuned Model,3
14729,Fine-Tuned Model,"6,2,5,3,6,1"
14730,Fine-Tuned Model,"3,1,2,6,5,4"
14731,Fine-Tuned Model,"3,2,4,1,6,5"
14732,Fine-Tuned Model,"3,6,2,5,4,1"
14733,Fine-Tuned Model,"2,5,4,1,6,3"
14734,Fine-Tuned Model,"5,2,6,3,1,4"
14735,Fine-Tuned Model,
14736,Fine-Tuned Model,"4,2,5,3,6,1"
14737,Fine-Tuned Model,"5,3,2,6,4,1"
14738,Fine-Tuned Model,"1,2,3,4,5,6"
14739,Fine-Tuned Model,
14740,Fine-Tuned Model,"2,5,1,6,3,4"
14741,Fine-Tuned Model,
14742,Fine-Tuned Model,"4,3,5,1,6,2"
14743,Fine-Tuned Model,
14744,Fine-Tuned Model,"4,2,5,3,6,1"
14745,Fine-Tuned Model,"6,1,6,2,4,6"
14746,Fine-Tuned Model,
14747,Fine-Tuned Model,"4,2,5,1,6,3"
14748,Fine-Tuned Model,
14749,Fine-Tuned Model,"1,4,2,3,6,5"
14750,Fine-Tuned Model,"3,6,4,2,5,1"
14751,Fine-Tuned Model,"3,2,6,5,4,1"
14752,Fine-Tuned Model,"3,4,1,6,2,3"
14753,Fine-Tuned Model,"2,4,3,6,1,5"
14754,Fine-Tuned Model,"2,3,1,4,3,5"
14755,Fine-Tuned Model,"3,2,6,1,5,4"
14756,Fine-Tuned Model,"4,3,2,5,1,6"
14757,Fine-Tuned Model,6
14758,Fine-Tuned Model,"3,6,2,5,4,1"
14759,Fine-Tuned Model,
14760,Fine-Tuned Model,"1,6,6,1,6"
14761,Fine-Tuned Model,"3,2,5,4,1,6"
14762,Fine-Tuned Model,"2,3,1,5,6,4"
14763,Fine-Tuned Model,
14764,Fine-Tuned Model,
14765,Fine-Tuned Model,"1,6,6"
14766,Fine-Tuned Model,"1,2,4,3,5,6"
14767,Fine-Tuned Model,"2,4,6,3,1,5"
14768,Fine-Tuned Model,"4,2,6,3,5,1"
14769,Fine-Tuned Model,"2,5,6,3,1,4"
14770,Fine-Tuned Model,6
14771,Fine-Tuned Model,"4,1,5,3,2,6"
14772,Fine-Tuned Model,"4,2,6,5,3,1"
14773,Fine-Tuned Model,"4,6,2,1,3,5"
14774,Fine-Tuned Model,"2,6,4,3,5,1"
14775,Fine-Tuned Model,
14776,Fine-Tuned Model,"4,3,6,2,5,1"
14777,Fine-Tuned Model,"3,6,2,5,4,1"
14778,Fine-Tuned Model,"4,3,4,1"
14779,Fine-Tuned Model,"1,6"
14780,Fine-Tuned Model,"2,5,3,4,6,1"
14781,Fine-Tuned Model,"3,5,2,6,1,4"
14782,Fine-Tuned Model,"2,3,6,1,5,4"
14783,Fine-Tuned Model,"2,5,3,6,1,4"
14784,Fine-Tuned Model,
14785,Fine-Tuned Model,
14786,Fine-Tuned Model,"4,3,6,2,5,1"
14787,Fine-Tuned Model,"6,1,6,4,2,6"
14788,Fine-Tuned Model,"2,6,1,3,5,4"
14789,Fine-Tuned Model,
14790,Fine-Tuned Model,
14791,Fine-Tuned Model,"2,5,3,1,6,4"
14792,Fine-Tuned Model,"2,5,3,6,1,4"
14793,Fine-Tuned Model,"3,6,2,5,4,1"
14794,Fine-Tuned Model,"3,6,2,5,4,1"
14795,Fine-Tuned Model,
14796,Fine-Tuned Model,
14797,Fine-Tuned Model,"1,4,3,5,2,6"
14798,Fine-Tuned Model,
14799,Fine-Tuned Model,"5,2,6,3,1,4"
14800,Fine-Tuned Model,"1,6,1,6,1,6"
14801,Fine-Tuned Model,
14802,Fine-Tuned Model,
14803,Fine-Tuned Model,"2,5,3,6,1,4"
14804,Fine-Tuned Model,"4,2,4,5,2,1"
14805,Fine-Tuned Model,"1,3,4,2,6,5"
14806,Fine-Tuned Model,"5,2,6,1,3,4"
14807,Fine-Tuned Model,"3,5,2,6,4,1"
14808,Fine-Tuned Model,"4,2,6,3,5,1"
14809,Fine-Tuned Model,
14810,Fine-Tuned Model,"3,2,5,6,1,4"
14811,Fine-Tuned Model,
14812,Fine-Tuned Model,"3,5,2,6,4,3"
14813,Fine-Tuned Model,"1,2,3,5,4,6"
14814,Fine-Tuned Model,
14815,Fine-Tuned Model,"4,2,5,1,3,6"
14816,Fine-Tuned Model,"1,1,6"
14817,Fine-Tuned Model,"3,2,6,5,4,1"
14818,Fine-Tuned Model,"2,5,1,4,3,6"
14819,Fine-Tuned Model,"1,6,3,2,4,5"
14820,Fine-Tuned Model,"1,4,2,6,5,3"
14821,Fine-Tuned Model,"4,6,2,5,3,1"
14822,Fine-Tuned Model,
14823,Fine-Tuned Model,"1,6,6"
14824,Fine-Tuned Model,"2,5,6,3,1,4"
14825,Fine-Tuned Model,"4,2,6,3,5,1"
14826,Fine-Tuned Model,"1,6,1,6,1,6"
14827,Fine-Tuned Model,"6,1,6,4,2,3"
14828,Fine-Tuned Model,
14829,Fine-Tuned Model,
14830,Fine-Tuned Model,
14831,Fine-Tuned Model,"5,2,6,1,4,3"
14832,Fine-Tuned Model,
14833,Fine-Tuned Model,"3,6,2,5,1,4"
14834,Fine-Tuned Model,6
14835,Fine-Tuned Model,"3,2,4,6,1,5"
14836,Fine-Tuned Model,
14837,Fine-Tuned Model,"3,6,2,5,1,4"
14838,Fine-Tuned Model,"4,2,6,1,5,3"
14839,Fine-Tuned Model,"4,3,6,1,3,2"
14840,Fine-Tuned Model,"1,6,6"
14841,Fine-Tuned Model,6
14842,Fine-Tuned Model,"2,4,6,1,3,5"
14843,Fine-Tuned Model,"1,5,3,4,2,6"
14844,Fine-Tuned Model,"1,6,3,5,2,4"
14845,Fine-Tuned Model,"4,2,6,5,3,1"
14846,Fine-Tuned Model,"1,2,3,4,5,6"
14847,Fine-Tuned Model,
14848,Fine-Tuned Model,"1,3,5,2,6,4"
14849,Fine-Tuned Model,
14850,Fine-Tuned Model,
14851,Fine-Tuned Model,"3,6,1,4,5,2"
14852,Fine-Tuned Model,"1,2,3,4,5,6"
14853,Fine-Tuned Model,"3,6,2,5,1,4"
14854,Fine-Tuned Model,
14855,Fine-Tuned Model,"5,4,3,2,6,5"
14856,Fine-Tuned Model,"4,2,5,3,6,1"
14857,Fine-Tuned Model,6
14858,Fine-Tuned Model,"3,6,2,5,4,1"
14859,Fine-Tuned Model,"3,5,2,4,6,1"
14860,Fine-Tuned Model,
14861,Fine-Tuned Model,"1,5,3,6,2,4"
14862,Fine-Tuned Model,"5,3,1,2,6,4"
14863,Fine-Tuned Model,"3,5,2,6,1,4"
14864,Fine-Tuned Model,"4,2,6,1,3,5"
14865,Fine-Tuned Model,"5,4,2,1,6,3"
14866,Fine-Tuned Model,"1,4,5,3,6,2"
14867,Fine-Tuned Model,
14868,Fine-Tuned Model,"2,5,4,3,1,6"
14869,Fine-Tuned Model,"4,3,6,2,5,1"
14870,Fine-Tuned Model,
14871,Fine-Tuned Model,
14872,Fine-Tuned Model,"1,4,3,6,2,5"
14873,Fine-Tuned Model,"5,3,2,6,1,4"
14874,Fine-Tuned Model,"4,2,6,3,1,5"
14875,Fine-Tuned Model,"4,3,6,2,5,1"
14876,Fine-Tuned Model,"1,6,6,2,6,4"
14877,Fine-Tuned Model,"6,4,2,1,5,3"
14878,Fine-Tuned Model,"2,4,3,1,6,5"
14879,Fine-Tuned Model,"5,3,2,6,1,4"
14880,Fine-Tuned Model,"4,1,6,3,5,2"
14881,Fine-Tuned Model,"1,3,6,5,2"
14882,Fine-Tuned Model,
14883,Fine-Tuned Model,
14884,Fine-Tuned Model,"1,6,2,5,3,4"
14885,Fine-Tuned Model,"2,6,1,6"
14886,Fine-Tuned Model,"2,6,3,1,4,5"
14887,Fine-Tuned Model,5
14888,Fine-Tuned Model,
14889,Fine-Tuned Model,"2,5,3,6,4,1"
14890,Fine-Tuned Model,"2,4,6,5,1,3"
14891,Fine-Tuned Model,"2,6,4,1,3,5"
14892,Fine-Tuned Model,"2,4,1,3,5,6"
14893,Fine-Tuned Model,"1,2,3,4,5,6"
14894,Fine-Tuned Model,"3,2,6,4,1,5"
14895,Fine-Tuned Model,"4,2,6,1,5,3"
14896,Fine-Tuned Model,"1,3,2,5,3,2"
14897,Fine-Tuned Model,"5,2,6,3,1,4"
14898,Fine-Tuned Model,"1,3,6,4,2,5"
14899,Fine-Tuned Model,"2,6,3,5,1,4"
14900,Fine-Tuned Model,"4,3,2,6,1,5"
14901,Fine-Tuned Model,"6,1,6,4,2,5"
14902,Fine-Tuned Model,"2,5,3,6,1,4"
14903,Fine-Tuned Model,"5,3,4,2,1,6"
14904,Fine-Tuned Model,
14905,Fine-Tuned Model,"4,2,6,5,3,1"
14906,Fine-Tuned Model,"4,2,6,3,5,1"
14907,Fine-Tuned Model,"6,1,6,4,3,6"
14908,Fine-Tuned Model,"3,5,2,6,1,4"
14909,Fine-Tuned Model,
14910,Fine-Tuned Model,"1,6,6"
14911,Fine-Tuned Model,"3,5,1,2,6,4"
14912,Fine-Tuned Model,"2,5,3,6,1,4"
14913,Fine-Tuned Model,"1,4,2,3,3,5"
14914,Fine-Tuned Model,"2,6,1,5,3,4"
14915,Fine-Tuned Model,"5,2,3,6,1,4"
14916,Fine-Tuned Model,
14917,Fine-Tuned Model,"2,5,1,3,6,4"
14918,Fine-Tuned Model,"5,2,6,3,1,4"
14919,Fine-Tuned Model,"4,6,3,2,5,1"
14920,Fine-Tuned Model,"4,2,5,6,1,3"
14921,Fine-Tuned Model,"3,6,1,5,2,4"
14922,Fine-Tuned Model,
14923,Fine-Tuned Model,"4,2,6,3,5,1"
14924,Fine-Tuned Model,
14925,Fine-Tuned Model,"2,6,4,3,5,1"
14926,Fine-Tuned Model,
14927,Fine-Tuned Model,6
14928,Fine-Tuned Model,"1,6,6"
14929,Fine-Tuned Model,"1,4,5,2,3,6"
14930,Fine-Tuned Model,"4,2,6,5,3,1"
14931,Fine-Tuned Model,
14932,Fine-Tuned Model,"1,3,2,6,3,2"
14933,Fine-Tuned Model,"3,2,6,1,5,4"
14934,Fine-Tuned Model,"6,1,6"
14935,Fine-Tuned Model,"2,5,3,1,6,4"
14936,Fine-Tuned Model,"6,2,4,1,3,5"
14937,Fine-Tuned Model,"5,4,3,6,5,2"
14938,Fine-Tuned Model,"3,2,6,4,5,1"
14939,Fine-Tuned Model,"4,2,6,5,1,3"
14940,Fine-Tuned Model,"3,5,1,2,4,6"
14941,Fine-Tuned Model,"3,1,6,5,2,4"
14942,Fine-Tuned Model,"3,5,1,6"
14943,Fine-Tuned Model,"1,4,2,5"
14944,Fine-Tuned Model,"5,2,6,1,3,4"
14945,Fine-Tuned Model,"4,2,6,5,3,1"
14946,Fine-Tuned Model,"1,4,3,6,5,2"
14947,Fine-Tuned Model,"2,5,3,6,2,4"
14948,Fine-Tuned Model,
14949,Fine-Tuned Model,"2,6,4,1,5,3"
14950,Fine-Tuned Model,"3,4,5,1,6,2"
14951,Fine-Tuned Model,
14952,Fine-Tuned Model,"1,4,2,3,3,6"
14953,Fine-Tuned Model,"1,2,3,4,5,6"
14954,Fine-Tuned Model,6
14955,Fine-Tuned Model,"4,2,6,3,5,1"
14956,Fine-Tuned Model,"2,6,1,5,3,4"
14957,Fine-Tuned Model,"1,6,6"
14958,Fine-Tuned Model,
14959,Fine-Tuned Model,
14960,Fine-Tuned Model,"5,2,3,6,1,4"
14961,Fine-Tuned Model,"4,2,6,3,5,1"
14962,Fine-Tuned Model,"1,4,2,6,3,5"
14963,Fine-Tuned Model,
14964,Fine-Tuned Model,"1,3,2,5,6,4"
14965,Fine-Tuned Model,
14966,Fine-Tuned Model,1
14967,Fine-Tuned Model,"3,6,2,5,4,1"
14968,Fine-Tuned Model,"1,4,2,6,5,3"
14969,Fine-Tuned Model,"2,6,1,4,3,5"
14970,Fine-Tuned Model,"3,6,2,1,5,4"
14971,Fine-Tuned Model,
14972,Fine-Tuned Model,"2,5,1,3,6,4"
14973,Fine-Tuned Model,"1,1,2,2,3,3"
14974,Fine-Tuned Model,"6,1,6,1"
14975,Fine-Tuned Model,"4,2,6,3,5,1"
14976,Fine-Tuned Model,
14977,Fine-Tuned Model,"4,3,6,2,5,1"
14978,Fine-Tuned Model,"2,3,4,1,6"
14979,Fine-Tuned Model,
14980,Fine-Tuned Model,"3,4,6,2,5,1"
14981,Fine-Tuned Model,"4,2,6,1,3,5"
14982,Fine-Tuned Model,"1,5,2,6,3,4"
14983,Fine-Tuned Model,
14984,Fine-Tuned Model,"1,6,6,4,3,2"
14985,Fine-Tuned Model,"6,1,6"
14986,Fine-Tuned Model,"4,3,2,5,6,1"
14987,Fine-Tuned Model,
14988,Fine-Tuned Model,"2,6,1,6"
14989,Fine-Tuned Model,
14990,Fine-Tuned Model,"3,5,2,6,1,4"
14991,Fine-Tuned Model,"3,6,1,4,2,5"
14992,Fine-Tuned Model,
14993,Fine-Tuned Model,"1,5,3,6,2,4"
14994,Fine-Tuned Model,
14995,Fine-Tuned Model,
14996,Fine-Tuned Model,"5,3,1,6,2,4"
14997,Fine-Tuned Model,"4,6,2,5,1,3"
14998,Fine-Tuned Model,"3,1,1"
14999,Fine-Tuned Model,"3,6,2,5,4,1"
15000,Fine-Tuned Model,"5,2,3,4,1,6"
15001,Fine-Tuned Model,"4,2,5,3,6,1"
15002,Fine-Tuned Model,"2,5,3,6,1,4"
15003,Fine-Tuned Model,"5,3,6,2,1,4"
15004,Fine-Tuned Model,
15005,Fine-Tuned Model,"3,5,2,6,1,4"
15006,Fine-Tuned Model,"2,6,3,5,1,4"
15007,Fine-Tuned Model,"4,2,6,3,5,1"
15008,Fine-Tuned Model,
15009,Fine-Tuned Model,
15010,Fine-Tuned Model,"3,5,2,6,4"
15011,Fine-Tuned Model,"5,2,4,6,1,3"
15012,Fine-Tuned Model,"2,4,1,5,3,6"
15013,Fine-Tuned Model,"4,6,3,1,5,2"
15014,Fine-Tuned Model,"4,1,6,3,2,5"
15015,Fine-Tuned Model,
15016,Fine-Tuned Model,"3,2,6,1,5,4"
15017,Fine-Tuned Model,"1,2,5,4,3,6"
15018,Fine-Tuned Model,"4,6,3,1,5,2"
15019,Fine-Tuned Model,"4,2,6,5,1,3"
15020,Fine-Tuned Model,"1,2,4,6,3,5"
15021,Fine-Tuned Model,"4,2,6,1,3,5"
15022,Fine-Tuned Model,"1,5,3,2,6,4"
15023,Fine-Tuned Model,"1,4,6,3,2,5"
15024,Fine-Tuned Model,
15025,Fine-Tuned Model,"3,6,2,5,4,1"
15026,Fine-Tuned Model,"1,6,1,1,6,2"
15027,Fine-Tuned Model,"3,1,6,2,4,5"
15028,Fine-Tuned Model,"5,2,4,6,3,1"
15029,Fine-Tuned Model,"4,2,6,3,1,5"
15030,Fine-Tuned Model,"3,1,6,5,2,4"
15031,Fine-Tuned Model,"4,2,5,3,1,6"
15032,Fine-Tuned Model,
15033,Fine-Tuned Model,"4,2,5,1,6,3"
15034,Fine-Tuned Model,"3,6,1,2,5,4"
15035,Fine-Tuned Model,"2,6,3,4,5,1"
15036,Fine-Tuned Model,"1,6,6"
15037,Fine-Tuned Model,"3,6,2,4,5,1"
15038,Fine-Tuned Model,"3,2,6,5,1,4"
15039,Fine-Tuned Model,"5,2,3,6,4,1"
15040,Fine-Tuned Model,"4,2,6,3,5,1"
15041,Fine-Tuned Model,
15042,Fine-Tuned Model,
15043,Fine-Tuned Model,"3,4,6,1,2,5"
15044,Fine-Tuned Model,"1,2,5,3,6,4"
15045,Fine-Tuned Model,"4,2,6,3,5,1"
15046,Fine-Tuned Model,
15047,Fine-Tuned Model,"4,2,5,1,3,6"
15048,Fine-Tuned Model,"6,1"
15049,Fine-Tuned Model,"2,4,3,5,1,6"
15050,Fine-Tuned Model,"2,5,1,3,6,4"
15051,Fine-Tuned Model,"1,4,2,6,3,5"
15052,Fine-Tuned Model,"1,3,2,6,5,4"
15053,Fine-Tuned Model,
15054,Fine-Tuned Model,"4,2,5,1,6,3"
15055,Fine-Tuned Model,"2,4,6,3,1,5"
15056,Fine-Tuned Model,
15057,Fine-Tuned Model,"4,2,5,1,6,3"
15058,Fine-Tuned Model,
15059,Fine-Tuned Model,"4,2,6,3,5,1"
15060,Fine-Tuned Model,"6,4,1,2,5,6"
15061,Fine-Tuned Model,"6,6,6,6,6,6"
15062,Fine-Tuned Model,"2,5,3,6,1,4"
15063,Fine-Tuned Model,"1,3,6,4,2,5"
15064,Fine-Tuned Model,"3,2,6,5,1,4"
15065,Fine-Tuned Model,"4,3,6,2,5,1"
15066,Fine-Tuned Model,"4,2,6,1,5,3"
15067,Fine-Tuned Model,
15068,Fine-Tuned Model,"2,5,6,1,3,2"
15069,Fine-Tuned Model,"3,6,1,4,5,2"
15070,Fine-Tuned Model,"1,4,5,6,3,2"
15071,Fine-Tuned Model,
15072,Fine-Tuned Model,
15073,Fine-Tuned Model,"3,5,2,6,1,4"
15074,Fine-Tuned Model,
15075,Fine-Tuned Model,"3,2,6,1,4,5"
15076,Fine-Tuned Model,
15077,Fine-Tuned Model,"3,2,6,5,1,4"
15078,Fine-Tuned Model,"5,3,6,4,2,1"
15079,Fine-Tuned Model,"4,3,1,6,5,2"
15080,Fine-Tuned Model,"1,4,2,6,5,3"
15081,Fine-Tuned Model,"3,6,2,4,5,3"
15082,Fine-Tuned Model,1
15083,Fine-Tuned Model,
15084,Fine-Tuned Model,"6,3,2,5,1,6"
15085,Fine-Tuned Model,
15086,Fine-Tuned Model,"6,1,6,1,3,4"
15087,Fine-Tuned Model,"3,5,2,6,4,1"
15088,Fine-Tuned Model,"1,5,2,4,3,3"
15089,Fine-Tuned Model,"5,2,6,3,1,4"
15090,Fine-Tuned Model,
15091,Fine-Tuned Model,"5,3,1,4,2,6"
15092,Fine-Tuned Model,"3,6,1,4,2,5"
15093,Fine-Tuned Model,"1,2,3,4,5,6"
15094,Fine-Tuned Model,"1,4,2,6,3,5"
15095,Fine-Tuned Model,"1,6,3,4,2,5"
15096,Fine-Tuned Model,"6,4,2,6,1,3"
15097,Fine-Tuned Model,"4,3,6,2,5,1"
15098,Fine-Tuned Model,"5,3,2,6,1,4"
15099,Fine-Tuned Model,"2,4,6,5,1,3"
15100,Fine-Tuned Model,
15101,Fine-Tuned Model,"3,5,2,4,6,1"
15102,Fine-Tuned Model,"4,1,5,2,3,6"
15103,Fine-Tuned Model,"1,6"
15104,Fine-Tuned Model,"3,6,2,5,1,4"
15105,Fine-Tuned Model,
15106,Fine-Tuned Model,"2,5,4,6,3,1"
15107,Fine-Tuned Model,"3,1,6,2,5"
15108,Fine-Tuned Model,"4,6,2,3,5,1"
15109,Fine-Tuned Model,"4,2,3,1,6,5"
15110,Fine-Tuned Model,"4,2,6,3,5,1"
15111,Fine-Tuned Model,"1,6,2,4,5,3"
15112,Fine-Tuned Model,"4,2,6,5,3,1"
15113,Fine-Tuned Model,"3,5,2,6,1,4"
15114,Fine-Tuned Model,"1,6"
15115,Fine-Tuned Model,"1,4,3,2,5,6"
15116,Fine-Tuned Model,
15117,Fine-Tuned Model,"4,2,6,5,3,1"
15118,Fine-Tuned Model,"4,6,2,5,1,3"
15119,Fine-Tuned Model,"3,4,2,5,1,6"
15120,Fine-Tuned Model,"3,4,6,1,2,5"
15121,Fine-Tuned Model,"2,5,4,6,1,3"
15122,Fine-Tuned Model,"1,3,4,2,6,5"
15123,Fine-Tuned Model,"4,2,3,1,5,6"
15124,Fine-Tuned Model,"3,5,1,2,6"
15125,Fine-Tuned Model,"5,3,2,6,1,4"
15126,Fine-Tuned Model,"3,5,2,6,1,4"
15127,Fine-Tuned Model,
15128,Fine-Tuned Model,"4,3,6,2,5,1"
15129,Fine-Tuned Model,
15130,Fine-Tuned Model,
15131,Fine-Tuned Model,
15132,Fine-Tuned Model,"4,2,6,5,3,1"
15133,Fine-Tuned Model,"2,3,6,5,1,4"
15134,Fine-Tuned Model,
15135,Fine-Tuned Model,"4,6,1,2,5,3"
15136,Fine-Tuned Model,"3,2,6,1,5,4"
15137,Fine-Tuned Model,"1,5,2,6,4,3"
15138,Fine-Tuned Model,"4,2,6,5,3,1"
15139,Fine-Tuned Model,"4,6,3,2,5,1"
15140,Fine-Tuned Model,4
15141,Fine-Tuned Model,"3,4,2,6,5,1"
15142,Fine-Tuned Model,
15143,Fine-Tuned Model,"4,2,6,1,3,5"
15144,Fine-Tuned Model,"1,2,3,4,5,6"
15145,Fine-Tuned Model,"3,6,2,5,4,1"
15146,Fine-Tuned Model,
15147,Fine-Tuned Model,"4,6,2,5,3,1"
15148,Fine-Tuned Model,"4,2,6,3,5,1"
15149,Fine-Tuned Model,"2,3,6,1,5,4"
15150,Fine-Tuned Model,"3,5,2,4,6,1"
15151,Fine-Tuned Model,"3,5,2,6,1,4"
15152,Fine-Tuned Model,"3,6,2,5,4,1"
15153,Fine-Tuned Model,
15154,Fine-Tuned Model,"1,2,3,4,5,6"
15155,Fine-Tuned Model,"3,5,2,4,1,6"
15156,Fine-Tuned Model,"4,3,2,6,5,1"
15157,Fine-Tuned Model,"1,3,6,2,4,5"
15158,Fine-Tuned Model,
15159,Fine-Tuned Model,"4,3,6,2,5,1"
15160,Fine-Tuned Model,
15161,Fine-Tuned Model,
15162,Fine-Tuned Model,"2,6,4,3,5,1"
15163,Fine-Tuned Model,"3,6,2,5,4,1"
15164,Fine-Tuned Model,"4,3,6,2,5,1"
15165,Fine-Tuned Model,"4,2,6,3,5,1"
15166,Fine-Tuned Model,
15167,Fine-Tuned Model,6
15168,Fine-Tuned Model,
15169,Fine-Tuned Model,"4,2,6,3,1,5"
15170,Fine-Tuned Model,
15171,Fine-Tuned Model,
15172,Fine-Tuned Model,"3,6,2,5,4,1"
15173,Fine-Tuned Model,"3,6,3,6,2,4"
15174,Fine-Tuned Model,"2,5,3,6,4,1"
15175,Fine-Tuned Model,"5,3,1,2,6,4"
15176,Fine-Tuned Model,"3,5,1,2,6,4"
15177,Fine-Tuned Model,"5,3,4,2,6,1"
15178,Fine-Tuned Model,"1,4,3,5,2,6"
15179,Fine-Tuned Model,"2,5,3,6,4,1"
15180,Fine-Tuned Model,"4,2,5,6,3,1"
15181,Fine-Tuned Model,"3,4,1,2,6,5"
15182,Fine-Tuned Model,"2,6,4,5,1,3"
15183,Fine-Tuned Model,
15184,Fine-Tuned Model,
15185,Fine-Tuned Model,"1,4,5,3,2,6"
15186,Fine-Tuned Model,"3,2,4,6,5,1"
15187,Fine-Tuned Model,"1,3,6,4,5,2"
15188,Fine-Tuned Model,"3,5,1,6,4,2"
15189,Fine-Tuned Model,"4,2,6,3,5,1"
15190,Fine-Tuned Model,"5,3,2,6,4,1"
15191,Fine-Tuned Model,"2,5,4,1,6,3"
15192,Fine-Tuned Model,"4,2,5,3,6,1"
15193,Fine-Tuned Model,
15194,Fine-Tuned Model,
15195,Fine-Tuned Model,"5,3,4,2,6,1"
15196,Fine-Tuned Model,"6,1,6"
15197,Fine-Tuned Model,"1,6,6"
15198,Fine-Tuned Model,"1,4,2,6,3,5"
15199,Fine-Tuned Model,"4,3,6,2,5,1"
15200,Fine-Tuned Model,
15201,Fine-Tuned Model,"2,4,1,5,2,6"
15202,Fine-Tuned Model,"2,5,4,6,3,1"
15203,Fine-Tuned Model,"3,2,5,4,1,6"
15204,Fine-Tuned Model,"1,4,6,2,5,3"
15205,Fine-Tuned Model,"1,2,3,5,6,4"
15206,Fine-Tuned Model,"5,1"
15207,Fine-Tuned Model,"6,1,6"
15208,Fine-Tuned Model,"4,2,5,3,1,6"
15209,Fine-Tuned Model,
15210,Fine-Tuned Model,"1,6,1,6,1,6"
15211,Fine-Tuned Model,"5,1,3,6,2,4"
15212,Fine-Tuned Model,"4,2,6,3,5,1"
15213,Fine-Tuned Model,
15214,Fine-Tuned Model,
15215,Fine-Tuned Model,"4,6,2,5,3,1"
15216,Fine-Tuned Model,"5,3,2,6,1,4"
15217,Fine-Tuned Model,"4,3,2,6,1,5"
15218,Fine-Tuned Model,"4,2,5,3,1,6"
15219,Fine-Tuned Model,"2,5,4,3,6"
15220,Fine-Tuned Model,"1,6"
15221,Fine-Tuned Model,3
15222,Fine-Tuned Model,"2,5,1,4,3,6"
15223,Fine-Tuned Model,"4,2,6,5,3,1"
15224,Fine-Tuned Model,
15225,Fine-Tuned Model,"5,2,6,3,1,4"
15226,Fine-Tuned Model,"3,6,2,5,1,4"
15227,Fine-Tuned Model,"1,6,2,4,3,5"
15228,Fine-Tuned Model,"3,4,2,6,5,1"
15229,Fine-Tuned Model,"4,2,6,3,5,1"
15230,Fine-Tuned Model,"2,5,1,3,6,4"
15231,Fine-Tuned Model,"1,4,5,6,1,2"
15232,Fine-Tuned Model,"4,3,2,6,5,1"
15233,Fine-Tuned Model,"4,2,6,5,3,1"
15234,Fine-Tuned Model,
15235,Fine-Tuned Model,"3,5,1,4,2,6"
15236,Fine-Tuned Model,"3,1,6,5,2,4"
15237,Fine-Tuned Model,"1,5,2,6,4,3"
15238,Fine-Tuned Model,"3,5,1,6,4,2"
15239,Fine-Tuned Model,
15240,Fine-Tuned Model,"2,4,3,1,6,5"
15241,Fine-Tuned Model,"1,2,3,2,4,5"
15242,Fine-Tuned Model,"3,6,4,5,2,1"
15243,Fine-Tuned Model,"5,2,4,6,3,1"
15244,Fine-Tuned Model,"2,5,3,1,6,4"
15245,Fine-Tuned Model,"6,1,6"
15246,Fine-Tuned Model,"4,2,6,3,5,1"
15247,Fine-Tuned Model,"1,6,6"
15248,Fine-Tuned Model,"1,2,3,4,5,6"
15249,Fine-Tuned Model,"4,2,6,1,5,3"
15250,Fine-Tuned Model,"2,5,6,4,3,1"
15251,Fine-Tuned Model,"5,3,2,6"
15252,Fine-Tuned Model,"4,6,2,5,3,6"
15253,Fine-Tuned Model,
15254,Fine-Tuned Model,"6,1,6"
15255,Fine-Tuned Model,"3,2,6,5,1,4"
15256,Fine-Tuned Model,"1,2,3,4,5,6"
15257,Fine-Tuned Model,"3,5,2,6,1,4"
15258,Fine-Tuned Model,"1,4,3,6,2,5"
15259,Fine-Tuned Model,"4,2,6,5,3,1"
15260,Fine-Tuned Model,"1,6,1,6,1,6"
15261,Fine-Tuned Model,"3,5,1,6,2,4"
15262,Fine-Tuned Model,"1,4,3,6,5,2"
15263,Fine-Tuned Model,"1,2,3,4,5,6"
15264,Fine-Tuned Model,"4,6,2,3,5,1"
15265,Fine-Tuned Model,"2,5,4,1,6,3"
15266,Fine-Tuned Model,"4,2,6,3,5,1"
15267,Fine-Tuned Model,
15268,Fine-Tuned Model,
15269,Fine-Tuned Model,"3,5,2,6,3,1"
15270,Fine-Tuned Model,"1,5,3,2,6,4"
15271,Fine-Tuned Model,"1,5,3,2,6,4"
15272,Fine-Tuned Model,"5,3,2,6,1,4"
15273,Fine-Tuned Model,"3,1,2,5,6,4"
15274,Fine-Tuned Model,"1,4"
15275,Fine-Tuned Model,
15276,Fine-Tuned Model,
15277,Fine-Tuned Model,"4,2,5,3,6,1"
15278,Fine-Tuned Model,
15279,Fine-Tuned Model,"1,5,3,2,6,4"
15280,Fine-Tuned Model,"1,2,3,4,5,6"
15281,Fine-Tuned Model,
15282,Fine-Tuned Model,"2,6,3,4,5,1"
15283,Fine-Tuned Model,"4,2,6,5,3,1"
15284,Fine-Tuned Model,"2,6,3,1,5,4"
15285,Fine-Tuned Model,"1,2,3,4,5,6"
15286,Fine-Tuned Model,"4,2,6,1,5,3"
15287,Fine-Tuned Model,"1,2,3,4,5"
15288,Fine-Tuned Model,"4,3,2,6,1,5"
15289,Fine-Tuned Model,"3,6,1,2,5,4"
15290,Fine-Tuned Model,
15291,Fine-Tuned Model,"1,4,3,5,2,6"
15292,Fine-Tuned Model,"4,1,6,2,5,3"
15293,Fine-Tuned Model,"3,4,6,5,2,1"
15294,Fine-Tuned Model,"4,1,3,6,2,5"
15295,Fine-Tuned Model,"4,2,3,6,5,1"
15296,Fine-Tuned Model,"3,5,1,2,6,4"
15297,Fine-Tuned Model,"4,2,6,3,5,1"
15298,Fine-Tuned Model,"6,1,6"
15299,Fine-Tuned Model,"5,4,3,6,3,5"
15300,Fine-Tuned Model,"4,2,6,3,1,5"
15301,Fine-Tuned Model,"5,2,4,1,6,3"
15302,Fine-Tuned Model,"3,6,2,5,4,1"
15303,Fine-Tuned Model,"4,2,5,1,3,6"
15304,Fine-Tuned Model,
15305,Fine-Tuned Model,"5,3,1,6,2,4"
15306,Fine-Tuned Model,"6,1,6"
15307,Fine-Tuned Model,"1,1,2,2,3,3"
15308,Fine-Tuned Model,6
15309,Fine-Tuned Model,
15310,Fine-Tuned Model,
15311,Fine-Tuned Model,"4,3,6,2,5,1"
15312,Fine-Tuned Model,"4,2,6,3,5,1"
15313,Fine-Tuned Model,"2,4,6,5,1,3"
15314,Fine-Tuned Model,"1,2,3,4,5,6"
15315,Fine-Tuned Model,"2,6,3,1,5,4"
15316,Fine-Tuned Model,"1,4,2,5,6,3"
15317,Fine-Tuned Model,"2,4,6,5,3,6"
15318,Fine-Tuned Model,"3,1,4,2,6,5"
15319,Fine-Tuned Model,"1,6,6"
15320,Fine-Tuned Model,
15321,Fine-Tuned Model,"4,2,6,3,1,5"
15322,Fine-Tuned Model,"5,1,3,4,2,6"
15323,Fine-Tuned Model,"4,6,1,3,5,2"
15324,Fine-Tuned Model,"1,6,1,6,1,6"
15325,Fine-Tuned Model,"6,1,6,2,6,3"
15326,Fine-Tuned Model,
15327,Fine-Tuned Model,"4,2,6,3,5,1"
15328,Fine-Tuned Model,"4,2,5,6,1,3"
15329,Fine-Tuned Model,"1,2,3,2,6,1"
15330,Fine-Tuned Model,"3,1,5,2,4,6"
15331,Fine-Tuned Model,"1,4,3,2,6,5"
15332,Fine-Tuned Model,"4,2,5,6,1,3"
15333,Fine-Tuned Model,"5,2,6,3,1,4"
15334,Fine-Tuned Model,"2,5,6,1,3,4"
15335,Fine-Tuned Model,"1,2,2,6,3,5"
15336,Fine-Tuned Model,"3,1,5,2,6,4"
15337,Fine-Tuned Model,
15338,Fine-Tuned Model,"1,3,2,6,4,5"
15339,Fine-Tuned Model,"1,3,2,4,6,5"
15340,Fine-Tuned Model,"1,2,3,5,6,1"
15341,Fine-Tuned Model,
15342,Fine-Tuned Model,"5,2,6,1,3,4"
15343,Fine-Tuned Model,"5,2,4,6,1,3"
15344,Fine-Tuned Model,
15345,Fine-Tuned Model,"2,4,6,1,3"
15346,Fine-Tuned Model,
15347,Fine-Tuned Model,"2,3,5,4,1"
15348,Fine-Tuned Model,
15349,Fine-Tuned Model,
15350,Fine-Tuned Model,"1,6,6"
15351,Fine-Tuned Model,6
15352,Fine-Tuned Model,"4,2,6,3,5,1"
15353,Fine-Tuned Model,"1,4,6,3,2,5"
15354,Fine-Tuned Model,"1,2,4,6,3,5"
15355,Fine-Tuned Model,"5,3,6,2,4,1"
15356,Fine-Tuned Model,"4,3,6,2,5,1"
15357,Fine-Tuned Model,"2,4,5,3,6,1"
15358,Fine-Tuned Model,"4,1,3,2,6,5"
15359,Fine-Tuned Model,"4,2,5,1,6,3"
15360,Fine-Tuned Model,"6,6,2"
15361,Fine-Tuned Model,"1,4,3,2,5,6"
15362,Fine-Tuned Model,
15363,Fine-Tuned Model,"2,5,1,6,3,4"
15364,Fine-Tuned Model,"3,2,6,5,1,4"
15365,Fine-Tuned Model,"4,6,3,2,5,1"
15366,Fine-Tuned Model,
15367,Fine-Tuned Model,
15368,Fine-Tuned Model,"1,6,6"
15369,Fine-Tuned Model,
15370,Fine-Tuned Model,"4,2,6,5,3,1"
15371,Fine-Tuned Model,"4,2,6,3,5,1"
15372,Fine-Tuned Model,"1,2,4,6,3,5"
15373,Fine-Tuned Model,"2,6,4,3,1,5"
15374,Fine-Tuned Model,
15375,Fine-Tuned Model,
15376,Fine-Tuned Model,"5,2,6,1,4,3"
15377,Fine-Tuned Model,"2,6,4,1,3,5"
15378,Fine-Tuned Model,"1,4,5,2,6,3"
15379,Fine-Tuned Model,"3,2,6,4,1,5"
15380,Fine-Tuned Model,"4,2,6,3,5,1"
15381,Fine-Tuned Model,"2,6,4,1,5,3"
15382,Fine-Tuned Model,"2,5,3,6,1,4"
15383,Fine-Tuned Model,"1,6,5,2,6,3"
15384,Fine-Tuned Model,"3,5,2,6,4,1"
15385,Fine-Tuned Model,"5,3,6,2,1,4"
15386,Fine-Tuned Model,"1,2,3,4,5,6"
15387,Fine-Tuned Model,"4,3,5,2,6,1"
15388,Fine-Tuned Model,
15389,Fine-Tuned Model,"4,1,3,6,2,5"
15390,Fine-Tuned Model,"5,4,3,6,2,1"
15391,Fine-Tuned Model,"6,1,6,6,1"
15392,Fine-Tuned Model,"5,2,6,3,1"
15393,Fine-Tuned Model,
15394,Fine-Tuned Model,"5,2,4,6,1,3"
15395,Fine-Tuned Model,"3,4,5,2,6,1"
15396,Fine-Tuned Model,"3,1,6,4,2,5"
15397,Fine-Tuned Model,3
15398,Fine-Tuned Model,"3,6,2,1,5,4"
15399,Fine-Tuned Model,"4,2,6,5,3,1"
15400,Fine-Tuned Model,"4,2,6,5,1,3"
15401,Fine-Tuned Model,"3,6,1,5,2,4"
15402,Fine-Tuned Model,
15403,Fine-Tuned Model,
15404,Fine-Tuned Model,"3,5,2,6,4,1"
15405,Fine-Tuned Model,"3,6,1,5,2,4"
15406,Fine-Tuned Model,"4,2,6,3,5,1"
15407,Fine-Tuned Model,"1,6"
15408,Fine-Tuned Model,
15409,Fine-Tuned Model,"4,2,6,3,5,1"
15410,Fine-Tuned Model,"2,4,1,6,3,5"
15411,Fine-Tuned Model,"3,2,6,1,5,4"
15412,Fine-Tuned Model,
15413,Fine-Tuned Model,"4,3,5,2,6,1"
15414,Fine-Tuned Model,"5,3,2,6,1,4"
15415,Fine-Tuned Model,"1,5,4,3,2,6"
15416,Fine-Tuned Model,"2,6,3,1,5"
15417,Fine-Tuned Model,"4,3,2,6,5,1"
15418,Fine-Tuned Model,"4,2,3,5,1,6"
15419,Fine-Tuned Model,"3,6,2,5,1,4"
15420,Fine-Tuned Model,"4,2,5,3,1,6"
15421,Fine-Tuned Model,"2,4,1,6,5,3"
15422,Fine-Tuned Model,
15423,Fine-Tuned Model,6
15424,Fine-Tuned Model,"3,6,2,5,1,4"
15425,Fine-Tuned Model,"4,3,1,6,2,5"
15426,Fine-Tuned Model,"1,3,5,2,6,4"
15427,Fine-Tuned Model,"4,2,3,6,5"
15428,Fine-Tuned Model,"3,1,2,4,6,5"
15429,Fine-Tuned Model,"1,2,3,4,5,6"
15430,Fine-Tuned Model,"4,3,6,1,2,5"
15431,Fine-Tuned Model,"3,6,5,1,2,4"
15432,Fine-Tuned Model,"4,3,2,5,1,6"
15433,Fine-Tuned Model,"1,6,6"
15434,Fine-Tuned Model,"5,3,2,6,1,4"
15435,Fine-Tuned Model,"3,5,1,4,6,2"
15436,Fine-Tuned Model,"4,2,6,5,1,3"
15437,Fine-Tuned Model,"6,3,2,5,6,4"
15438,Fine-Tuned Model,"3,2,5,1,6,4"
15439,Fine-Tuned Model,"1,4,6,2,3,5"
15440,Fine-Tuned Model,"3,6,2,5,1,4"
15441,Fine-Tuned Model,"5,3,1,2,4,6"
15442,Fine-Tuned Model,"2,5,4,1,3,6"
15443,Fine-Tuned Model,"4,2,6,3,5,1"
15444,Fine-Tuned Model,"5,2,4,3,1,6"
15445,Fine-Tuned Model,
15446,Fine-Tuned Model,
15447,Fine-Tuned Model,"2,6,3,5,4,1"
15448,Fine-Tuned Model,"1,2,3,5,2,6"
15449,Fine-Tuned Model,"3,6,2,5,1,4"
15450,Fine-Tuned Model,"4,3,6,2,1,5"
15451,Fine-Tuned Model,"2,5,4,1,3,6"
15452,Fine-Tuned Model,"4,2,6,1,3,5"
15453,Fine-Tuned Model,"3,6,4,2,5,1"
15454,Fine-Tuned Model,
15455,Fine-Tuned Model,6
15456,Fine-Tuned Model,"1,3,5,2,4,6"
15457,Fine-Tuned Model,"2,5,6,3,1,4"
15458,Fine-Tuned Model,
15459,Fine-Tuned Model,"2,6,3,5,4,1"
15460,Fine-Tuned Model,"2,4,3,5,3,6"
15461,Fine-Tuned Model,
15462,Fine-Tuned Model,
15463,Fine-Tuned Model,
15464,Fine-Tuned Model,
15465,Fine-Tuned Model,"5,2,6,4,1,3"
15466,Fine-Tuned Model,"3,5,2,6,1,4"
15467,Fine-Tuned Model,"2,6,5,3,4,1"
15468,Fine-Tuned Model,"4,2,6,5,3,1"
15469,Fine-Tuned Model,"1,4,6,2,5,3"
15470,Fine-Tuned Model,"4,2,6,1,5,3"
15471,Fine-Tuned Model,"3,6,2,5,4,1"
15472,Fine-Tuned Model,"1,6,6"
15473,Fine-Tuned Model,"4,3,2,5,6,1"
15474,Fine-Tuned Model,"1,4,3,2,5,6"
15475,Fine-Tuned Model,"1,2,3,4,5,6"
15476,Fine-Tuned Model,"1,2,5,4,1,3"
15477,Fine-Tuned Model,"2,6,3,5,1,4"
15478,Fine-Tuned Model,"4,2,6,5,3,1"
15479,Fine-Tuned Model,
15480,Fine-Tuned Model,"1,3,5,2,4,6"
15481,Fine-Tuned Model,"2,6,5,1,4,3"
15482,Fine-Tuned Model,"2,4,5,6,3,1"
15483,Fine-Tuned Model,
15484,Fine-Tuned Model,
15485,Fine-Tuned Model,
15486,Fine-Tuned Model,
15487,Fine-Tuned Model,
15488,Fine-Tuned Model,
15489,Fine-Tuned Model,"1,4,1,4"
15490,Fine-Tuned Model,
15491,Fine-Tuned Model,"4,3,5,6,1,2"
15492,Fine-Tuned Model,
15493,Fine-Tuned Model,
15494,Fine-Tuned Model,"3,5,2,4,6,1"
15495,Fine-Tuned Model,"3,2,6,4,5,1"
15496,Fine-Tuned Model,"2,5,1,6,3,4"
15497,Fine-Tuned Model,"3,6,2,5,4,1"
15498,Fine-Tuned Model,
15499,Fine-Tuned Model,"2,5,1,3,4,6"
15500,Fine-Tuned Model,"3,2,6,5,1,4"
15501,Fine-Tuned Model,"1,4,2,6,5,3"
15502,Fine-Tuned Model,
15503,Fine-Tuned Model,"3,6,1,2,5,4"
15504,Fine-Tuned Model,
15505,Fine-Tuned Model,"3,2,6,1,4,5"
15506,Fine-Tuned Model,"2,4,3,5,2,6"
15507,Fine-Tuned Model,"3,2,6,1,4,5"
15508,Fine-Tuned Model,"1,2,3,4,5"
15509,Fine-Tuned Model,"2,5,6,1,3,4"
15510,Fine-Tuned Model,"1,2,3,4,5,6"
15511,Fine-Tuned Model,
15512,Fine-Tuned Model,"5,2,6,3,1,4"
15513,Fine-Tuned Model,
15514,Fine-Tuned Model,"3,4,5,2,6,1"
15515,Fine-Tuned Model,"3,6,2,4,5,1"
15516,Fine-Tuned Model,"1,3,4,2,6,5"
15517,Fine-Tuned Model,"2,4,6,3,2,5"
15518,Fine-Tuned Model,"4,6,2,5,3,1"
15519,Fine-Tuned Model,"4,2,6,3,1"
15520,Fine-Tuned Model,"1,5,2,3,6,4"
15521,Fine-Tuned Model,"5,3,2,6,1,4"
15522,Fine-Tuned Model,"3,5,4,1,2,6"
15523,Fine-Tuned Model,"2,5,4,6,3,1"
15524,Fine-Tuned Model,
15525,Fine-Tuned Model,"1,2,3,4,5,6"
15526,Fine-Tuned Model,"2,6,4,3,5,1"
15527,Fine-Tuned Model,
15528,Fine-Tuned Model,"4,2,6,3,5,1"
15529,Fine-Tuned Model,"5,3,1,6,2,4"
15530,Fine-Tuned Model,"3,6,2,5,1,4"
15531,Fine-Tuned Model,"3,1,5,2,4,6"
15532,Fine-Tuned Model,"1,6,6,3,1,5"
15533,Fine-Tuned Model,
15534,Fine-Tuned Model,
15535,Fine-Tuned Model,"2,5,3,1,6,4"
15536,Fine-Tuned Model,
15537,Fine-Tuned Model,"6,1,2,4,3,5"
15538,Fine-Tuned Model,"1,3,2,2,3,4"
15539,Fine-Tuned Model,"2,3,6,4,5,1"
15540,Fine-Tuned Model,
15541,Fine-Tuned Model,"4,2,6,5,1,3"
15542,Fine-Tuned Model,"1,2,3,5,4,1"
15543,Fine-Tuned Model,"6,6,6"
15544,Fine-Tuned Model,"1,6,6"
15545,Fine-Tuned Model,"5,2,3,1,6,4"
15546,Fine-Tuned Model,6
15547,Fine-Tuned Model,"3,6,2,5,4,1"
15548,Fine-Tuned Model,"1,6,2,2,3,5"
15549,Fine-Tuned Model,"1,4,2,5,1,3"
15550,Fine-Tuned Model,"4,2,6,3,5,1"
15551,Fine-Tuned Model,
15552,Fine-Tuned Model,"1,2,4,6,5,3"
15553,Fine-Tuned Model,
15554,Fine-Tuned Model,"2,5,3,6,1,4"
15555,Fine-Tuned Model,"1,6,6"
15556,Fine-Tuned Model,
15557,Fine-Tuned Model,"1,4,2,6,3,5"
15558,Fine-Tuned Model,"6,2,4,6,3,5"
15559,Fine-Tuned Model,
15560,Fine-Tuned Model,"6,1,6"
15561,Fine-Tuned Model,
15562,Fine-Tuned Model,"3,1,5,2,4,6"
15563,Fine-Tuned Model,"1,5,2,3,6,4"
15564,Fine-Tuned Model,"6,1,6"
15565,Fine-Tuned Model,"5,2,1,4,3,6"
15566,Fine-Tuned Model,"4,2,5,6,1,3"
15567,Fine-Tuned Model,"1,4"
15568,Fine-Tuned Model,"2,6,1,5,3,4"
15569,Fine-Tuned Model,"2,4,5,3,1,6"
15570,Fine-Tuned Model,"4,2,6,3,5,1"
15571,Fine-Tuned Model,"1,3,2,5,6,4"
15572,Fine-Tuned Model,"4,1,5,6,3,2"
15573,Fine-Tuned Model,"6,1,6"
15574,Fine-Tuned Model,"2,6,1,4,5,3"
15575,Fine-Tuned Model,"1,3,4,6,2"
15576,Fine-Tuned Model,"1,5,2,3,3,2"
15577,Fine-Tuned Model,"4,3,6,2,5,1"
15578,Fine-Tuned Model,"1,5,3,2,6,4"
15579,Fine-Tuned Model,"4,2,6,3,1,5"
15580,Fine-Tuned Model,"6,3,6,2,5,1"
15581,Fine-Tuned Model,"2,5,1,4,3,6"
15582,Fine-Tuned Model,
15583,Fine-Tuned Model,"4,6,3,5,2,1"
15584,Fine-Tuned Model,"1,2,3,4,5,6"
15585,Fine-Tuned Model,"1,3,2,6,4,5"
15586,Fine-Tuned Model,
15587,Fine-Tuned Model,"3,6,1,2,5,4"
15588,Fine-Tuned Model,"5,3,1,2,4,6"
15589,Fine-Tuned Model,"3,4,6,2,5,1"
15590,Fine-Tuned Model,"1,3,2,5,6,4"
15591,Fine-Tuned Model,
15592,Fine-Tuned Model,"1,5,3,2,6,4"
15593,Fine-Tuned Model,"4,2,5,6,3,1"
15594,Fine-Tuned Model,
15595,Fine-Tuned Model,"4,2,6,1,5,3"
15596,Fine-Tuned Model,
15597,Fine-Tuned Model,"3,6,4,2,5,1"
15598,Fine-Tuned Model,"4,2,6,3,1,5"
15599,Fine-Tuned Model,"2,5,1,6,3,4"
15600,Fine-Tuned Model,"1,6,1,6,1,6"
15601,Fine-Tuned Model,"1,2,3,4"
15602,Fine-Tuned Model,"5,2,3,6,1,4"
15603,Fine-Tuned Model,"1,2,3,4,5,6"
15604,Fine-Tuned Model,
15605,Fine-Tuned Model,
15606,Fine-Tuned Model,"2,5,4,3,6,1"
15607,Fine-Tuned Model,
15608,Fine-Tuned Model,
15609,Fine-Tuned Model,
15610,Fine-Tuned Model,"1,6,2,4,5,3"
15611,Fine-Tuned Model,"4,2,6,3,1,5"
15612,Fine-Tuned Model,
15613,Fine-Tuned Model,"5,2,6,1,4,3"
15614,Fine-Tuned Model,"1,2,3,4,5,6"
15615,Fine-Tuned Model,"2,6,3,4,5,1"
15616,Fine-Tuned Model,"1,4,6,3,1,5"
15617,Fine-Tuned Model,"3,5,2,6,1,4"
15618,Fine-Tuned Model,"2,5,3,1,4,6"
15619,Fine-Tuned Model,
15620,Fine-Tuned Model,
15621,Fine-Tuned Model,"1,6,1,6,1,6"
15622,Fine-Tuned Model,
15623,Fine-Tuned Model,"4,1,3,6,2,5"
15624,Fine-Tuned Model,
15625,Fine-Tuned Model,"3,6,2,5,1,4"
15626,Fine-Tuned Model,"5,2,6,3,1,4"
15627,Fine-Tuned Model,"1,3,2,6,4,5"
15628,Fine-Tuned Model,
15629,Fine-Tuned Model,"1,2,3,4,5"
15630,Fine-Tuned Model,"3,5,2,1,6,4"
15631,Fine-Tuned Model,"2,5,3,6,4,1"
15632,Fine-Tuned Model,"2,5,3,6,1,4"
15633,Fine-Tuned Model,"6,6,1,2,3,4"
15634,Fine-Tuned Model,"4,6,3,5,2,4"
15635,Fine-Tuned Model,"3,1,3,5"
15636,Fine-Tuned Model,"5,2,6,4,1,3"
15637,Fine-Tuned Model,
15638,Fine-Tuned Model,"4,3,2,5,1,6"
15639,Fine-Tuned Model,"2,4,5"
15640,Fine-Tuned Model,"1,4,2,6,3,5"
15641,Fine-Tuned Model,"3,2,6,5,1,4"
15642,Fine-Tuned Model,"1,2,3,4,5,6"
15643,Fine-Tuned Model,"5,3,2,6,4,1"
15644,Fine-Tuned Model,"3,6,2,5,4,1"
15645,Fine-Tuned Model,"3,2,5,6,4,1"
15646,Fine-Tuned Model,"2,4,6,3,1,5"
15647,Fine-Tuned Model,"1,2,6,3,5,4"
15648,Fine-Tuned Model,"1,2,3,4,5,6"
15649,Fine-Tuned Model,"3,6,5,2,4,1"
15650,Fine-Tuned Model,"4,1,6,3,5,2"
15651,Fine-Tuned Model,"4,2,5,6,1,3"
15652,Fine-Tuned Model,"1,3,5,6,5,1"
15653,Fine-Tuned Model,"2,5,3,6,1,4"
15654,Fine-Tuned Model,"2,4,6,3,5,1"
15655,Fine-Tuned Model,"4,1,6,3,2,5"
15656,Fine-Tuned Model,"3,6,2,5,4,1"
15657,Fine-Tuned Model,
15658,Fine-Tuned Model,6
15659,Fine-Tuned Model,"4,2,6,1,5,3"
15660,Fine-Tuned Model,"5,3,2,6,1,4"
15661,Fine-Tuned Model,"1,2,3,4,5,6"
15662,Fine-Tuned Model,"2,6,5,4,1,3"
15663,Fine-Tuned Model,"1,2,3,1,2,6"
15664,Fine-Tuned Model,"3,2,5,6,4,1"
15665,Fine-Tuned Model,
15666,Fine-Tuned Model,"3,1,5,2,4,6"
15667,Fine-Tuned Model,"6,2,3,6,5,4"
15668,Fine-Tuned Model,"4,3,6,2,5,1"
15669,Fine-Tuned Model,"6,1,6,1"
15670,Fine-Tuned Model,"2,5,4,1,3,6"
15671,Fine-Tuned Model,
15672,Fine-Tuned Model,"2,5,4,6,1,3"
15673,Fine-Tuned Model,"5,1,3,4,2,6"
15674,Fine-Tuned Model,"3,6,5,2,4,3"
15675,Fine-Tuned Model,6
15676,Fine-Tuned Model,"6,1,6,3,4,2"
15677,Fine-Tuned Model,"1,2,3,4,5"
15678,Fine-Tuned Model,"2,4,5,1,3,6"
15679,Fine-Tuned Model,"4,3,5,6,2,1"
15680,Fine-Tuned Model,
15681,Fine-Tuned Model,"4,2,5,6,1,3"
15682,Fine-Tuned Model,"4,2,6,5,1,3"
15683,Fine-Tuned Model,"3,5,6,1,2"
15684,Fine-Tuned Model,"2,5,3,4,6,1"
15685,Fine-Tuned Model,"6,1,6"
15686,Fine-Tuned Model,"1,6,1,6,1,6"
15687,Fine-Tuned Model,"3,6,1,4,5,2"
15688,Fine-Tuned Model,"1,3,2,4,1,3"
15689,Fine-Tuned Model,"2,5,1,4,3,6"
15690,Fine-Tuned Model,
15691,Fine-Tuned Model,"2,6,4,1,3,5"
15692,Fine-Tuned Model,"2,5,3,1,6,4"
15693,Fine-Tuned Model,"4,3,2,6,5,1"
15694,Fine-Tuned Model,
15695,Fine-Tuned Model,"4,3,5,2,6,1"
15696,Fine-Tuned Model,"2,4,3,6,5,1"
15697,Fine-Tuned Model,"4,2,3,6,5,1"
15698,Fine-Tuned Model,
15699,Fine-Tuned Model,
15700,Fine-Tuned Model,"1,5,2,6,4,3"
15701,Fine-Tuned Model,"4,2,5,3,6,1"
15702,Fine-Tuned Model,
15703,Fine-Tuned Model,"4,6,3,2,5,1"
15704,Fine-Tuned Model,"2,5,3,1,6,4"
15705,Fine-Tuned Model,"4,6,1,2,4,5"
15706,Fine-Tuned Model,"3,6,1,5,2,4"
15707,Fine-Tuned Model,"2,6,3,5,4,1"
15708,Fine-Tuned Model,"2,6,4,1,3,5"
15709,Fine-Tuned Model,"4,6,2,3,5,1"
15710,Fine-Tuned Model,
15711,Fine-Tuned Model,"1,6,6"
15712,Fine-Tuned Model,"4,6,1,5,3,2"
15713,Fine-Tuned Model,"1,2,3,4,5,6"
15714,Fine-Tuned Model,"1,4,3,2,6,1"
15715,Fine-Tuned Model,"4,2,5,6,3,1"
15716,Fine-Tuned Model,"2,5,3,6,1,4"
15717,Fine-Tuned Model,
15718,Fine-Tuned Model,"2,5,6,4,3,1"
15719,Fine-Tuned Model,"4,2,6,5,1,3"
15720,Fine-Tuned Model,"1,6,1,6,1,6"
15721,Fine-Tuned Model,"1,2,5,3,6,4"
15722,Fine-Tuned Model,
15723,Fine-Tuned Model,"3,5,2,6,4,1"
15724,Fine-Tuned Model,
15725,Fine-Tuned Model,"4,3,2,6,5,1"
15726,Fine-Tuned Model,"2,5,1,3,4,6"
15727,Fine-Tuned Model,
15728,Fine-Tuned Model,"3,1,2,6,4,5"
15729,Fine-Tuned Model,"5,4,2,6,3,1"
15730,Fine-Tuned Model,"1,2,3,4,5,6"
15731,Fine-Tuned Model,
15732,Fine-Tuned Model,"3,6,1,5,4,2"
15733,Fine-Tuned Model,"4,2,5,3,6,1"
15734,Fine-Tuned Model,"1,2,5,3,4,6"
15735,Fine-Tuned Model,
15736,Fine-Tuned Model,
15737,Fine-Tuned Model,
15738,Fine-Tuned Model,"2,5,4,3,6,1"
15739,Fine-Tuned Model,"6,1,6"
15740,Fine-Tuned Model,"2,5,4,1,6,3"
15741,Fine-Tuned Model,"1,6,6,1,6,6"
15742,Fine-Tuned Model,6
15743,Fine-Tuned Model,"2,5,6,2,3,1"
15744,Fine-Tuned Model,"3,5,1,6,2,4"
15745,Fine-Tuned Model,"1,2,3,5,6,2"
15746,Fine-Tuned Model,"3,1,6,5,2,4"
15747,Fine-Tuned Model,"2,5,1,4,3,6"
15748,Fine-Tuned Model,"1,6,6,3,6,2"
15749,Fine-Tuned Model,
15750,Fine-Tuned Model,"3,2,6,5,4,1"
15751,Fine-Tuned Model,"2,5,4,3,6,1"
15752,Fine-Tuned Model,"2,4,6,1,3,5"
15753,Fine-Tuned Model,"2,4,1,3,5,6"
15754,Fine-Tuned Model,"1,3,2,6,5,4"
15755,Fine-Tuned Model,
15756,Fine-Tuned Model,
15757,Fine-Tuned Model,"1,5,3,4,2,6"
15758,Fine-Tuned Model,
15759,Fine-Tuned Model,
15760,Fine-Tuned Model,
15761,Fine-Tuned Model,"3,4,2,1,6,5"
15762,Fine-Tuned Model,"2,6,3,5,2,4"
15763,Fine-Tuned Model,"1,2,4,3,6,5"
15764,Fine-Tuned Model,"2,3,5,6,1,4"
15765,Fine-Tuned Model,"4,3,6,5,2,1"
15766,Fine-Tuned Model,"1,4,2,6,5,3"
15767,Fine-Tuned Model,"1,2,5,4,3,6"
15768,Fine-Tuned Model,
15769,Fine-Tuned Model,
15770,Fine-Tuned Model,"5,2,4,6,1,3"
15771,Fine-Tuned Model,
15772,Fine-Tuned Model,
15773,Fine-Tuned Model,"2,5,1,6,4,3"
15774,Fine-Tuned Model,
15775,Fine-Tuned Model,"2,4,5,3,1,6"
15776,Fine-Tuned Model,
15777,Fine-Tuned Model,"4,3,3,5"
15778,Fine-Tuned Model,"1,2,4,3,5,6"
15779,Fine-Tuned Model,"5,3,6,1,2,4"
15780,Fine-Tuned Model,"2,6,3,1,5,4"
15781,Fine-Tuned Model,"4,2,6,3,5,1"
15782,Fine-Tuned Model,"2,5,6,3,1,4"
15783,Fine-Tuned Model,"3,2,5,6,4,1"
15784,Fine-Tuned Model,
15785,Fine-Tuned Model,"1,6"
15786,Fine-Tuned Model,"3,5,2,6,1,4"
15787,Fine-Tuned Model,"3,5,6,2,1,4"
15788,Fine-Tuned Model,"2,5,1,6,4,3"
15789,Fine-Tuned Model,1
15790,Fine-Tuned Model,"2,4,3,6,5,1"
15791,Fine-Tuned Model,"4,6,3,2,5,1"
15792,Fine-Tuned Model,"4,2,6,3,1,5"
15793,Fine-Tuned Model,"3,5,4,6,2,1"
15794,Fine-Tuned Model,"3,4,2,5,1,6"
15795,Fine-Tuned Model,"2,6,1,5,4,3"
15796,Fine-Tuned Model,"1,3,5,2,4,6"
15797,Fine-Tuned Model,"1,3,4,2,6,5"
15798,Fine-Tuned Model,
15799,Fine-Tuned Model,"2,6,5,3,4,1"
15800,Fine-Tuned Model,
15801,Fine-Tuned Model,"2,4,6,1,3,5"
15802,Fine-Tuned Model,"5,3,2,6,1,4"
15803,Fine-Tuned Model,"1,2,3,4,5,6"
15804,Fine-Tuned Model,
15805,Fine-Tuned Model,"3,6,2,5,4,1"
15806,Fine-Tuned Model,"5,2,3,1,6,4"
15807,Fine-Tuned Model,"1,2,3,4,5,6"
15808,Fine-Tuned Model,"4,6,2,5,1,3"
15809,Fine-Tuned Model,"4,2,6,3,5,1"
15810,Fine-Tuned Model,"3,4,2,6,1,5"
15811,Fine-Tuned Model,6
15812,Fine-Tuned Model,"5,2,4,1,6,3"
15813,Fine-Tuned Model,"5,2,6,4,3,1"
15814,Fine-Tuned Model,"1,4,6,3,5,2"
15815,Fine-Tuned Model,"4,3,2,5,6,1"
15816,Fine-Tuned Model,"5,2,4,6,3,1"
15817,Fine-Tuned Model,
15818,Fine-Tuned Model,"5,1,6,3,4,2"
15819,Fine-Tuned Model,
15820,Fine-Tuned Model,6
15821,Fine-Tuned Model,"1,3,2,6,4,5"
15822,Fine-Tuned Model,"1,3,5,6,2,1"
15823,Fine-Tuned Model,
15824,Fine-Tuned Model,"5,4,3,2,3,4"
15825,Fine-Tuned Model,"4,2,5,6,3,1"
15826,Fine-Tuned Model,"4,3,2,6,5,1"
15827,Fine-Tuned Model,
15828,Fine-Tuned Model,"2,4,6,3,1,5"
15829,Fine-Tuned Model,4
15830,Fine-Tuned Model,"1,2,3,4,5,6"
15831,Fine-Tuned Model,
15832,Fine-Tuned Model,
15833,Fine-Tuned Model,
15834,Fine-Tuned Model,
15835,Fine-Tuned Model,"4,2,5,3,1,6"
15836,Fine-Tuned Model,
15837,Fine-Tuned Model,"2,5,3,6,4,5"
15838,Fine-Tuned Model,"3,5,2,6,1,4"
15839,Fine-Tuned Model,"3,6,4,5,2,1"
15840,Fine-Tuned Model,
15841,Fine-Tuned Model,
15842,Fine-Tuned Model,
15843,Fine-Tuned Model,"4,2,6,5,1,3"
15844,Fine-Tuned Model,
15845,Fine-Tuned Model,"3,5,2,6,1,4"
15846,Fine-Tuned Model,"2,6,4,3,5,1"
15847,Fine-Tuned Model,
15848,Fine-Tuned Model,1
15849,Fine-Tuned Model,"1,2,3,4,5,6"
15850,Fine-Tuned Model,
15851,Fine-Tuned Model,"5,1,3,6,2,4"
15852,Fine-Tuned Model,"4,2,5,1,6,3"
15853,Fine-Tuned Model,"6,3,2,5,1,4"
15854,Fine-Tuned Model,"3,5,1,4,2,6"
15855,Fine-Tuned Model,"4,2,6,3,5,1"
15856,Fine-Tuned Model,"6,2,4,3,1,5"
15857,Fine-Tuned Model,"3,2,4,5,1,6"
15858,Fine-Tuned Model,"1,2,5,3,4,6"
15859,Fine-Tuned Model,"1,3,6,4,2,5"
15860,Fine-Tuned Model,
15861,Fine-Tuned Model,"2,5,6,3,1,4"
15862,Fine-Tuned Model,"3,4,2,5,6,1"
15863,Fine-Tuned Model,"4,2,6,3,1,5"
15864,Fine-Tuned Model,"1,6,1,6,1,6"
15865,Fine-Tuned Model,"5,3,2,6,4,1"
15866,Fine-Tuned Model,
15867,Fine-Tuned Model,"1,2,3,4,5,6"
15868,Fine-Tuned Model,"1,6,3,6,4,2"
15869,Fine-Tuned Model,"1,4,6,3,2,5"
15870,Fine-Tuned Model,"3,1,6,2,4,5"
15871,Fine-Tuned Model,"4,2,5,6,1,3"
15872,Fine-Tuned Model,"2,5,3,6,1,4"
15873,Fine-Tuned Model,"2,5,6,4,2,3"
15874,Fine-Tuned Model,"4,2,6,5,1,3"
15875,Fine-Tuned Model,"3,3,3,1,5,4"
15876,Fine-Tuned Model,"3,6,2,5,1,4"
15877,Fine-Tuned Model,"2,4,6,3,1,5"
15878,Fine-Tuned Model,"1,6,1,6,1,6"
15879,Fine-Tuned Model,
15880,Fine-Tuned Model,"2,6,5,1,3,4"
15881,Fine-Tuned Model,"5,3,6,1,2,4"
15882,Fine-Tuned Model,"3,1,5,6,2,4"
15883,Fine-Tuned Model,"4,2,6,3,5,1"
15884,Fine-Tuned Model,"5,2,6,3,1,4"
15885,Fine-Tuned Model,"1,2,5,6,4,3"
15886,Fine-Tuned Model,"1,2,3,4,5,6"
15887,Fine-Tuned Model,6
15888,Fine-Tuned Model,
15889,Fine-Tuned Model,"1,3,4,1,3,2"
15890,Fine-Tuned Model,"1,6,1,1,6,1"
15891,Fine-Tuned Model,
15892,Fine-Tuned Model,
15893,Fine-Tuned Model,
15894,Fine-Tuned Model,"2,5,3,1,4,6"
15895,Fine-Tuned Model,"4,2,6,1,5,3"
15896,Fine-Tuned Model,
15897,Fine-Tuned Model,"3,4,6,2,5,3"
15898,Fine-Tuned Model,"1,6,3,4,2,6"
15899,Fine-Tuned Model,6
15900,Fine-Tuned Model,"5,2,6,4,3,1"
15901,Fine-Tuned Model,"5,1,3,6,2,4"
15902,Fine-Tuned Model,"3,5,2,6,4,1"
15903,Fine-Tuned Model,"2,5,4,3,1,6"
15904,Fine-Tuned Model,"4,2,6,5,3,1"
15905,Fine-Tuned Model,"3,4,2,6,5,1"
15906,Fine-Tuned Model,"4,3,6,1,2,5"
15907,Fine-Tuned Model,"1,3,2,4,5,6"
15908,Fine-Tuned Model,"2,5,3,1,4,6"
15909,Fine-Tuned Model,"2,3,5,1,4,6"
15910,Fine-Tuned Model,"1,6,6"
15911,Fine-Tuned Model,
15912,Fine-Tuned Model,"3,5,2,6,4,1"
15913,Fine-Tuned Model,"5,3,1,6,4,2"
15914,Fine-Tuned Model,"4,1,3,2,6,5"
15915,Fine-Tuned Model,
15916,Fine-Tuned Model,"3,6,2,5,1,4"
15917,Fine-Tuned Model,"5,3,6,2,4,1"
15918,Fine-Tuned Model,"2,5,6,3,4,1"
15919,Fine-Tuned Model,"1,6"
15920,Fine-Tuned Model,"4,2,6,1,5,3"
15921,Fine-Tuned Model,
15922,Fine-Tuned Model,"4,3,2,6,1,5"
15923,Fine-Tuned Model,"2,4,6,1,5,3"
15924,Fine-Tuned Model,"4,3,6,2,5,1"
15925,Fine-Tuned Model,"3,6,2,5,1,4"
15926,Fine-Tuned Model,"4,2,6,1,3,5"
15927,Fine-Tuned Model,
15928,Fine-Tuned Model,"1,2,3,4,5,6"
15929,Fine-Tuned Model,
15930,Fine-Tuned Model,"1,4,3,2,5,6"
15931,Fine-Tuned Model,6
15932,Fine-Tuned Model,"2,4,1,3,6,5"
15933,Fine-Tuned Model,"2,5,6,3,1,4"
15934,Fine-Tuned Model,"6,3,1,5,2,6"
15935,Fine-Tuned Model,
15936,Fine-Tuned Model,"2,5,4,6,3,1"
15937,Fine-Tuned Model,
15938,Fine-Tuned Model,"4,3,5,1,2,6"
15939,Fine-Tuned Model,"3,5,2,4,1,6"
15940,Fine-Tuned Model,"3,2,6,5,4,1"
15941,Fine-Tuned Model,"4,2,6,3,1,5"
15942,Fine-Tuned Model,"1,6,1,6,1,6"
15943,Fine-Tuned Model,"1,6,1,6,1,6"
15944,Fine-Tuned Model,"4,3,2,5,6,1"
15945,Fine-Tuned Model,"1,4,2,6,3,5"
15946,Fine-Tuned Model,"2,5,1,4,3,6"
15947,Fine-Tuned Model,
15948,Fine-Tuned Model,"1,6"
15949,Fine-Tuned Model,"1,2,3,4,5,6"
15950,Fine-Tuned Model,
15951,Fine-Tuned Model,"1,4,2,6,3,5"
15952,Fine-Tuned Model,"4,2,6,3,1,5"
15953,Fine-Tuned Model,
15954,Fine-Tuned Model,"1,4,3,2,5,6"
15955,Fine-Tuned Model,6
15956,Fine-Tuned Model,"1,6,6"
15957,Fine-Tuned Model,
15958,Fine-Tuned Model,"1,2,4,6,3,5"
15959,Fine-Tuned Model,6
15960,Fine-Tuned Model,"5,2,6,3,1,4"
15961,Fine-Tuned Model,"4,2,6,3,5,1"
15962,Fine-Tuned Model,"3,3"
15963,Fine-Tuned Model,"1,6,6"
15964,Fine-Tuned Model,"3,6,2,5,4,1"
15965,Fine-Tuned Model,
15966,Fine-Tuned Model,"2,5,4,6,3,5"
15967,Fine-Tuned Model,"1,3,2"
15968,Fine-Tuned Model,"2,5,3,6,1,4"
15969,Fine-Tuned Model,"4,2,6,5,3,1"
15970,Fine-Tuned Model,"3,6,2,5,4,1"
15971,Fine-Tuned Model,
15972,Fine-Tuned Model,"4,6,3,2,5,1"
15973,Fine-Tuned Model,"4,2,5,6,1,3"
15974,Fine-Tuned Model,"6,1,6,4,2,6"
15975,Fine-Tuned Model,"6,3,1,6,5"
15976,Fine-Tuned Model,"3,4,2,6,5,1"
15977,Fine-Tuned Model,"3,5,2,6,1,4"
15978,Fine-Tuned Model,"4,2,6,5,3,1"
15979,Fine-Tuned Model,"1,6,6"
15980,Fine-Tuned Model,"2,5,1,4,6,3"
15981,Fine-Tuned Model,"4,2,6,3,5,1"
15982,Fine-Tuned Model,"4,2,3,6,1,5"
15983,Fine-Tuned Model,"3,6,2,4,5,1"
15984,Fine-Tuned Model,"2,6,1,4,5,3"
15985,Fine-Tuned Model,
15986,Fine-Tuned Model,"2,5,3,6,1,4"
15987,Fine-Tuned Model,"3,6,2,5,1,4"
15988,Fine-Tuned Model,"1,4,2,6"
15989,Fine-Tuned Model,"1,6,6,4,3,6"
15990,Fine-Tuned Model,"2,6,4,1,5,3"
15991,Fine-Tuned Model,"1,4,2,5,3,6"
15992,Fine-Tuned Model,"5,6,6,5"
15993,Fine-Tuned Model,"4,2,6,3,1,5"
15994,Fine-Tuned Model,"5,2,6,1,4,3"
15995,Fine-Tuned Model,"3,4,1,6,5,2"
15996,Fine-Tuned Model,"3,1,5,2,4,6"
15997,Fine-Tuned Model,
15998,Fine-Tuned Model,"1,3,2,6,5,4"
15999,Fine-Tuned Model,"1,2,3,4,5,6"
16000,Fine-Tuned Model,"1,2,3,4,5,2"
