Run,Model Type,Extracted Numbers
1,Base Model,
2,Base Model,"4,2,6,3,5,1"
3,Base Model,"1,4,3,5,6,2"
4,Base Model,"6,3,2,5,1,4"
5,Base Model,
6,Base Model,"1,4,2,5,3,6"
7,Base Model,"1,2,3,6,4,5"
8,Base Model,"6,1,6,1,1"
9,Base Model,"4,2,5,3,1,6"
10,Base Model,"2,5,3,6,4,1"
11,Base Model,"5,2,6,3,1,4"
12,Base Model,"3,5,4,2,6,1"
13,Base Model,"2,5,1,6,3,4"
14,Base Model,"2,5,1,4,6,3"
15,Base Model,"1,2,3,4,5,6"
16,Base Model,"3,6,2,4,5,1"
17,Base Model,"4,3,2,6"
18,Base Model,"2,5,3,6,1,4"
19,Base Model,"6,3,2,5,4,1"
20,Base Model,"3,6,2,5,1,4"
21,Base Model,"2,5,3,6,2,4"
22,Base Model,"3,6,5,2,4,1"
23,Base Model,"5,4,2,6,1,3"
24,Base Model,
25,Base Model,"4,2,6,3,5,1"
26,Base Model,"3,6,2,5,1,4"
27,Base Model,
28,Base Model,"1,3,6,5,2,4"
29,Base Model,"1,2,3,1,4,5"
30,Base Model,"3,2,6,1,5,4"
31,Base Model,"1,2,3,2,6,5"
32,Base Model,"4,6,3,5,2,1"
33,Base Model,
34,Base Model,"5,2,6,3,5,4"
35,Base Model,"4,2,5,6,3,1"
36,Base Model,"1,2,4,3,6,5"
37,Base Model,"4,6,2,5,1,3"
38,Base Model,"5,1,6,1,4"
39,Base Model,
40,Base Model,"6,1,1"
41,Base Model,"4,3,5,2,6,1"
42,Base Model,"5,3,6,2,1,4"
43,Base Model,
44,Base Model,"2,6,5,4,3,1"
45,Base Model,"1,2,3,4,5,6"
46,Base Model,"5,2,6,3,1,4"
47,Base Model,"4,2,6,3,1,5"
48,Base Model,"1,4,2,6,3,5"
49,Base Model,"1,6,6"
50,Base Model,"1,4,2,2,3,5"
51,Base Model,"3,6,2,5,4,1"
52,Base Model,"4,2,6,3,5,1"
53,Base Model,"2,6,1,5,4,3"
54,Base Model,"5,2,6,3,4,1"
55,Base Model,"3,6,2,5,1,4"
56,Base Model,"5,3,2,6,1,4"
57,Base Model,
58,Base Model,"4,2,6,3,1,5"
59,Base Model,"1,1,3,5,6,4"
60,Base Model,"4,2,6,1,5,3"
61,Base Model,"3,5,4,2,6,1"
62,Base Model,"3,6,1,2,5,4"
63,Base Model,"4,3,6,2,5,1"
64,Base Model,"3,6,2,5,4,1"
65,Base Model,"5,2,3,4,6,1"
66,Base Model,"2,5,3,6,1,4"
67,Base Model,"3,6,4,2,5,1"
68,Base Model,
69,Base Model,
70,Base Model,"6,3,6,1,5,2"
71,Base Model,1
72,Base Model,
73,Base Model,"2,5,3,6,1,4"
74,Base Model,"2,6,1,5,4,3"
75,Base Model,"1,4,2,6,3,1"
76,Base Model,
77,Base Model,"4,2,6,3,5,1"
78,Base Model,"6,1,6"
79,Base Model,"2,4,1,3,6,5"
80,Base Model,"3,6,5,1,4,2"
81,Base Model,"6,1,6"
82,Base Model,"1,3,2,6,4,5"
83,Base Model,
84,Base Model,
85,Base Model,
86,Base Model,
87,Base Model,"4,2,6,1,3,5"
88,Base Model,"1,4,2,6,3,5"
89,Base Model,"3,1,5,6,4,2"
90,Base Model,"4,2"
91,Base Model,"5,2,3,6,1,4"
92,Base Model,
93,Base Model,"2,4,6,3,5,2"
94,Base Model,
95,Base Model,"4,2,6,3,1,5"
96,Base Model,"1,3,2,5,3,6"
97,Base Model,
98,Base Model,
99,Base Model,"4,3,5,2,6,1"
100,Base Model,"1,2,4,6,3,5"
101,Base Model,"3,4,5,2,6,1"
102,Base Model,"4,2,5,6,1,3"
103,Base Model,"2,5,6,1,3,4"
104,Base Model,
105,Base Model,"3,6,2,4,1,5"
106,Base Model,"2,4,3,6,1,5"
107,Base Model,"1,3,2,6,5,1"
108,Base Model,
109,Base Model,
110,Base Model,
111,Base Model,"6,1,6"
112,Base Model,
113,Base Model,"4,2,6,1,3,5"
114,Base Model,"1,6,6"
115,Base Model,
116,Base Model,"1,2"
117,Base Model,
118,Base Model,"3,5,2,6,1,4"
119,Base Model,"4,6,2,5,3,1"
120,Base Model,"3,4,2,5,6,1"
121,Base Model,"4,2,5,6,3,1"
122,Base Model,"4,3,2,6,5,1"
123,Base Model,"4,3,2,6,5,1"
124,Base Model,"1,5,2,3,4,6"
125,Base Model,"2,4,1,6,3,5"
126,Base Model,"6,1,3,5,2,6"
127,Base Model,
128,Base Model,"2,5,1,4,3,6"
129,Base Model,"3,6,2,5,1,4"
130,Base Model,"2,5,3,4,6,1"
131,Base Model,"3,2,6,5,1,4"
132,Base Model,
133,Base Model,
134,Base Model,"4,6,3,2,1,5"
135,Base Model,"1,6,6"
136,Base Model,"3,4,1,6,5,2"
137,Base Model,"3,5,2,6,1,4"
138,Base Model,"3,6,2,4,5,1"
139,Base Model,"1,6,1,6,1,6"
140,Base Model,"3,1,6,4,2,5"
141,Base Model,"3,6,1"
142,Base Model,2
143,Base Model,"5,2,3,6,4,1"
144,Base Model,"4,2,6,3,5,1"
145,Base Model,
146,Base Model,"2,5,4,6,3,1"
147,Base Model,
148,Base Model,"1,3,5,6,2,4"
149,Base Model,"4,2,5,1,6,3"
150,Base Model,"5,3,2,6,1,4"
151,Base Model,"1,6,1,6"
152,Base Model,"3,6,2,5,4,1"
153,Base Model,"2,5,3,4,6,1"
154,Base Model,"2,5,4,6,3,1"
155,Base Model,"3,6,4,2,5,1"
156,Base Model,"4,6,1,6"
157,Base Model,"1,2,3,4,5,6"
158,Base Model,"3,5,2,4,6,1"
159,Base Model,
160,Base Model,"1,6"
161,Base Model,"5,2,6,3,4,1"
162,Base Model,"4,2,6,3,5,1"
163,Base Model,
164,Base Model,"3,1,6,2,4,5"
165,Base Model,"4,2,6,3,5,1"
166,Base Model,"1,4,3,6,2,5"
167,Base Model,
168,Base Model,6
169,Base Model,
170,Base Model,"3,6"
171,Base Model,"2,3,6,1,4,3"
172,Base Model,"3,2,5,6,1,4"
173,Base Model,"1,4,2,6,3,5"
174,Base Model,"3,6,1,2,4,5"
175,Base Model,"1,5,3,2,6,4"
176,Base Model,
177,Base Model,"1,3,2,4,5,6"
178,Base Model,"1,6"
179,Base Model,
180,Base Model,"4,3,6,2,5,1"
181,Base Model,
182,Base Model,"6,1,6,1,6"
183,Base Model,"6,2,5,3,4,6"
184,Base Model,"3,6,2,5,4,1"
185,Base Model,
186,Base Model,
187,Base Model,"4,3,6,2,5,1"
188,Base Model,"6,1,6"
189,Base Model,
190,Base Model,"5,2,6,3,4,1"
191,Base Model,"3,4,2,6,1,5"
192,Base Model,"5,3,1,6,4,2"
193,Base Model,
194,Base Model,"2,5,3,6,4,1"
195,Base Model,"3,6,2,5,1,4"
196,Base Model,"6,1,6"
197,Base Model,"4,2,6,5,1,3"
198,Base Model,"1,5,2,4,3,2"
199,Base Model,"1,4,3,5,2,6"
200,Base Model,
201,Base Model,
202,Base Model,"4,2,3,6,1,5"
203,Base Model,"5,2,4,3,6,1"
204,Base Model,"2,5,6,3,1,4"
205,Base Model,"1,3,2,6,3,4"
206,Base Model,"1,6,6"
207,Base Model,
208,Base Model,"1,6,1,6,1,6"
209,Base Model,"4,2,6,3,5,1"
210,Base Model,"1,6"
211,Base Model,
212,Base Model,"4,6,2,5,1,3"
213,Base Model,"3,5,2,6,4,1"
214,Base Model,"6,1,6,6"
215,Base Model,"4,2,6,3,1,5"
216,Base Model,"3,1,2,4,5,6"
217,Base Model,"6,2,4,3,1,5"
218,Base Model,"2,5,3,4,1,6"
219,Base Model,"3,1,5,2,6,4"
220,Base Model,"2,5,1,3,4,6"
221,Base Model,
222,Base Model,"1,4,2,6,3,5"
223,Base Model,"2,4,5,1,3,6"
224,Base Model,"1,3,2,4,5,3"
225,Base Model,"3,2,6,5,1,4"
226,Base Model,
227,Base Model,
228,Base Model,"4,6,2,1"
229,Base Model,
230,Base Model,1
231,Base Model,"2,4,3,1,5,6"
232,Base Model,"6,1,6,1"
233,Base Model,"1,4,2,6,3,5"
234,Base Model,"4,3,6,2,5,1"
235,Base Model,"1,4,2,6,5,3"
236,Base Model,
237,Base Model,"3,6,5,2,4,1"
238,Base Model,"4,3,6,2,5,1"
239,Base Model,
240,Base Model,"1,3,4,2,5,6"
241,Base Model,
242,Base Model,
243,Base Model,"1,6,6"
244,Base Model,"4,2,6,5,1,3"
245,Base Model,"2,6,1,4,3"
246,Base Model,
247,Base Model,"1,2,3,4,5,6"
248,Base Model,"3,1,6,4,5,2"
249,Base Model,"3,1,6,4,2,5"
250,Base Model,"4,2,6,3,5,1"
251,Base Model,"4,2,6,3,1,5"
252,Base Model,"3,6,2,1,4,5"
253,Base Model,"3,6,2,5,1,4"
254,Base Model,
255,Base Model,
256,Base Model,"6,1,6,3,6,5"
257,Base Model,"4,2,3,6,5,1"
258,Base Model,"5,1,3,2,6,4"
259,Base Model,"3,2,6,1,4,5"
260,Base Model,"6,1,6"
261,Base Model,
262,Base Model,"3,5,2,1,4,6"
263,Base Model,"1,2,5,3,6,4"
264,Base Model,"6,2,3,5,6,1"
265,Base Model,"1,3,2,4,5,6"
266,Base Model,"2,3,6,5,4,1"
267,Base Model,"3,5,1,2,6,4"
268,Base Model,"4,2,6,1,5,3"
269,Base Model,
270,Base Model,"3,5,2,1,6,4"
271,Base Model,
272,Base Model,"3,2,6,5,1,4"
273,Base Model,"1,2,3,4,5"
274,Base Model,"2,6,5,1,3,4"
275,Base Model,"3,5,2,6,4,1"
276,Base Model,"4,2,6,3,1,5"
277,Base Model,"5,2,6,4,1,3"
278,Base Model,"3,4,2,1,5,6"
279,Base Model,"2,6,4,3,5,1"
280,Base Model,"5,2,6,3,4,1"
281,Base Model,"1,6,1,6"
282,Base Model,"2,5,3,1,6,4"
283,Base Model,"4,2,6,3,5,1"
284,Base Model,
285,Base Model,"3,5,2,6,1,4"
286,Base Model,"2,5,1,6,4,3"
287,Base Model,
288,Base Model,"4,2,5,1,3,6"
289,Base Model,
290,Base Model,
291,Base Model,"3,1,5,6,2,4"
292,Base Model,
293,Base Model,"2,6,3,5,4,1"
294,Base Model,"5,2,4,1,6,3"
295,Base Model,"5,3,6,2,1,4"
296,Base Model,
297,Base Model,"2,5,6,1,3,6"
298,Base Model,6
299,Base Model,"4,1,1,5,4,6"
300,Base Model,"5,3,1,6,2,4"
301,Base Model,"3,4,2,6,1,5"
302,Base Model,"1,6,2,4,3,5"
303,Base Model,"1,3,2,6,3,2"
304,Base Model,
305,Base Model,
306,Base Model,"2,5,1,3,4,6"
307,Base Model,"3,5,2,6,4,1"
308,Base Model,
309,Base Model,"3,5,2,6,1,4"
310,Base Model,
311,Base Model,
312,Base Model,"5,3,2,6,5,1"
313,Base Model,"3,2,6,5,1,4"
314,Base Model,
315,Base Model,
316,Base Model,"1,6,6"
317,Base Model,"2,5,1,3,4,6"
318,Base Model,"6,1,6"
319,Base Model,"1,6,6,1,6"
320,Base Model,"2,5,4,1,3,6"
321,Base Model,"1,4,5,2,3,6"
322,Base Model,"1,3,6,4,2,5"
323,Base Model,"1,1"
324,Base Model,"3,2,5,4,1,6"
325,Base Model,"4,6,2,5,1,3"
326,Base Model,"1,4,2,3,4,5"
327,Base Model,"6,1,6"
328,Base Model,
329,Base Model,"5,4,6,3,2,6"
330,Base Model,"2,6,3,5,1,4"
331,Base Model,"2,3,4,5,4,2"
332,Base Model,"3,5,2,6,4,1"
333,Base Model,"4,2,6,3,5,1"
334,Base Model,"3,6,2,5,1,4"
335,Base Model,
336,Base Model,
337,Base Model,"5,2,4,3,6,1"
338,Base Model,"1,2,4,3,5,2"
339,Base Model,"2,6,5,3,1,4"
340,Base Model,"5,3,2,6,1,4"
341,Base Model,"5,2,4,6,1,3"
342,Base Model,"4,2,6,5,3,1"
343,Base Model,"6,1,6,1"
344,Base Model,"1,2,3,4,5,6"
345,Base Model,"2,4,5,3,6,2"
346,Base Model,"2,4,6,1,3,5"
347,Base Model,"2,4,3,5,6,1"
348,Base Model,"1,2,4,5,6,3"
349,Base Model,"2,5,4,3,2,5"
350,Base Model,"4,6,2,5,3,6"
351,Base Model,"3,4,2,6,1,5"
352,Base Model,
353,Base Model,"1,2,3,5,6,3"
354,Base Model,
355,Base Model,
356,Base Model,"3,6,4,2,5,1"
357,Base Model,"3,6,1,4,2,5"
358,Base Model,"5,2,3,6,4,1"
359,Base Model,"2,5,6,3,4,1"
360,Base Model,"3,5,2,6,4,1"
361,Base Model,
362,Base Model,"1,2,3,4,5,6"
363,Base Model,"2,3,6,4,5,1"
364,Base Model,"1,2,5,4,1,6"
365,Base Model,
366,Base Model,
367,Base Model,"2,5"
368,Base Model,
369,Base Model,"1,2,3,4,5,6"
370,Base Model,"2,5,3,6,1,4"
371,Base Model,"4,3,2,6,5,1"
372,Base Model,"4,2,6,5,1,3"
373,Base Model,"1,2,2,4,3,3"
374,Base Model,6
375,Base Model,
376,Base Model,
377,Base Model,"4,6,3,2,5,1"
378,Base Model,
379,Base Model,6
380,Base Model,"5,1,4,6,2,3"
381,Base Model,
382,Base Model,
383,Base Model,
384,Base Model,"1,3,5,2,6,4"
385,Base Model,"1,4,2,6,5,3"
386,Base Model,"3,2,5,6,1,4"
387,Base Model,
388,Base Model,
389,Base Model,"3,2,6"
390,Base Model,
391,Base Model,"5,4,6,2,3,5"
392,Base Model,"4,3,6,2,5,1"
393,Base Model,"3,2,4,5,6,1"
394,Base Model,"1,4,6,3,2,5"
395,Base Model,"2,4,6,5,3,1"
396,Base Model,"3,1,6,2,4,5"
397,Base Model,"3,2,5,6,4,1"
398,Base Model,"3,1,6,5,2,4"
399,Base Model,"6,1,6"
400,Base Model,
401,Base Model,"4,2,6,3,1,5"
402,Base Model,"3,2,6,1,4,5"
403,Base Model,
404,Base Model,"4,3"
405,Base Model,
406,Base Model,
407,Base Model,"4,2,6,1,5,3"
408,Base Model,"2,4,6,1,5,3"
409,Base Model,"5,3,2,4,1,6"
410,Base Model,"6,1,6"
411,Base Model,
412,Base Model,"3,6,2,5,1,4"
413,Base Model,"2,4,1,6,3,5"
414,Base Model,
415,Base Model,"5,1,3,6,2,4"
416,Base Model,"2,4,3,1,6,5"
417,Base Model,"3,4,1,6,2,5"
418,Base Model,"1,2,4,6,5,3"
419,Base Model,"4,2,6,5,3,1"
420,Base Model,"6,1,6,1"
421,Base Model,
422,Base Model,"3,2,4,6,1,5"
423,Base Model,"3,4,2,6,5,1"
424,Base Model,
425,Base Model,"1,3,4,1,3,4"
426,Base Model,"1,5,3,6,2,4"
427,Base Model,"1,2,3"
428,Base Model,"2,5,3,1,6,4"
429,Base Model,"2,5,3,6,1,4"
430,Base Model,"2,5,3,6,1,4"
431,Base Model,"3,4,2,5,3,6"
432,Base Model,"4,2,5,6,3,1"
433,Base Model,"5,2,3,1,6,4"
434,Base Model,"1,3,2,5,6,4"
435,Base Model,
436,Base Model,"5,4,3,2,6,5"
437,Base Model,
438,Base Model,"4,2,6,1,5,3"
439,Base Model,"3,4,2,6,5,1"
440,Base Model,"4,2,5,6,1,3"
441,Base Model,"3,6,2,5,4,1"
442,Base Model,"2,4,1,5,3,6"
443,Base Model,6
444,Base Model,
445,Base Model,
446,Base Model,"3,5,2,6,1,4"
447,Base Model,6
448,Base Model,"4,2,6,3,1,5"
449,Base Model,"1,2,3"
450,Base Model,"5,2,4,1,6,3"
451,Base Model,"4,2,5,3,6,1"
452,Base Model,"3,5,2,6,4,1"
453,Base Model,"1,1,6,1,6"
454,Base Model,
455,Base Model,"4,6,3,5,2,1"
456,Base Model,"1,3,2,6,3,2"
457,Base Model,"4,2,3,6,1,5"
458,Base Model,"1,4,2,2,3,5"
459,Base Model,"1,2,4,5,2,6"
460,Base Model,"1,6,3,4,2,5"
461,Base Model,"2,6,1,3,5,4"
462,Base Model,"1,2,3,4,5"
463,Base Model,"4,2,5,3,6,1"
464,Base Model,"6,3,2,6,1,5"
465,Base Model,"4,2,3,6,1,5"
466,Base Model,"1,4,2,3,2,3"
467,Base Model,1
468,Base Model,"6,4,2,5,3,1"
469,Base Model,
470,Base Model,"3,2,6,5,3,4"
471,Base Model,"4,2,6,5,3,1"
472,Base Model,"2,4,5,2,1,3"
473,Base Model,"3,2,6,5,4,1"
474,Base Model,"4,2,6,3,5,1"
475,Base Model,"3,6,2,1,5,4"
476,Base Model,5
477,Base Model,"4,6,2,3,5,1"
478,Base Model,"3,6,1,2,5,4"
479,Base Model,"1,3,2,6,5,4"
480,Base Model,
481,Base Model,
482,Base Model,"1,6,5,3,4"
483,Base Model,
484,Base Model,"1,6,1,6"
485,Base Model,"4,2,6,5,3,1"
486,Base Model,"2,5,6,3,1,4"
487,Base Model,"2,5,3,1,4,6"
488,Base Model,
489,Base Model,"4,1,3,2,5,6"
490,Base Model,
491,Base Model,"6,1,6,1"
492,Base Model,"3,6,2,1,4,5"
493,Base Model,
494,Base Model,"4,2,5,3,6,1"
495,Base Model,
496,Base Model,"1,6"
497,Base Model,"3,2,6,1,5,4"
498,Base Model,"4,2,6,5,1,3"
499,Base Model,
500,Base Model,"2,5,6,1,3,4"
501,Base Model,"3,1,2,6,5,4"
502,Base Model,
503,Base Model,"2,6,4,5,1,3"
504,Base Model,6
505,Base Model,"3,4,5,3,2,1"
506,Base Model,"3,2,5,4,1,6"
507,Base Model,"1,6,6"
508,Base Model,"2,3,1,6,4,5"
509,Base Model,"4,3,6,2,5,1"
510,Base Model,"1,6,4,2,5,3"
511,Base Model,"2,6,3,1,5,4"
512,Base Model,"2,5,6,3,1,4"
513,Base Model,"6,1,6,1,6,1"
514,Base Model,"5,2,1,6,3,4"
515,Base Model,"4,1,5,6,2,3"
516,Base Model,"6,1,6,1,6,1"
517,Base Model,"4,2,6,1,3,5"
518,Base Model,"1,6,6,6,2,4"
519,Base Model,"3,4,2,6,5,1"
520,Base Model,"1,6,3"
521,Base Model,"5,2,4,3,6,1"
522,Base Model,
523,Base Model,"2,6,3,1,5,4"
524,Base Model,"2,4,1,6,3,5"
525,Base Model,"4,3,6,5,3,1"
526,Base Model,"1,6,6"
527,Base Model,
528,Base Model,"3,2,4,5,1,6"
529,Base Model,"5,3,2,6,4,1"
530,Base Model,
531,Base Model,"1,4,5,2,4,6"
532,Base Model,"6,1,4,5"
533,Base Model,"3,6,2,4,5,1"
534,Base Model,"4,3,5,2,6,1"
535,Base Model,"6,1,6,4,2,5"
536,Base Model,"3,6,2,5,1,4"
537,Base Model,"4,2,6,5,1,3"
538,Base Model,"4,1,6,3,2,5"
539,Base Model,"2,5,1,4,3,6"
540,Base Model,"4,2,6,5,3,1"
541,Base Model,"3,4,2,1,5,6"
542,Base Model,"3,6,1,4,5,2"
543,Base Model,"3,4,6,2,5,1"
544,Base Model,"2,4,1,3,5,6"
545,Base Model,"2,5,6,3,6,1"
546,Base Model,"4,3,6,2,1,5"
547,Base Model,"4,2,5,6,3,1"
548,Base Model,"2,6,1,5,4,3"
549,Base Model,"4,3,2,1,6,5"
550,Base Model,"5,3,2,6,1"
551,Base Model,
552,Base Model,"6,1,6"
553,Base Model,
554,Base Model,
555,Base Model,"4,2,5,1,3,6"
556,Base Model,"2,4,3,1,5,6"
557,Base Model,
558,Base Model,"2,6,5,1,4,3"
559,Base Model,"4,2,6,3,5,1"
560,Base Model,"5,3,4,6,2,1"
561,Base Model,"3,2,5,6,4,1"
562,Base Model,"1,2,5,4,3,6"
563,Base Model,
564,Base Model,"4,2,3,1,5,6"
565,Base Model,"4,2,6,3,5,1"
566,Base Model,"5,2,6,3,1,4"
567,Base Model,
568,Base Model,"1,6,6"
569,Base Model,"2,4,6,1,3,5"
570,Base Model,
571,Base Model,
572,Base Model,"1,2,3,4,5,6"
573,Base Model,"1,3"
574,Base Model,"3,6,2,5,1,4"
575,Base Model,"2,6,4,3,5,1"
576,Base Model,"4,1,6,3,5,2"
577,Base Model,"1,2"
578,Base Model,"1,3,2,5,6,4"
579,Base Model,"3,1,5,2,6,4"
580,Base Model,
581,Base Model,"4,2,3,5,1,6"
582,Base Model,"2,5,1,6,3,4"
583,Base Model,"5,3,2,6,1,4"
584,Base Model,
585,Base Model,"2,3,6,5,4,1"
586,Base Model,"1,2,3,4,5,6"
587,Base Model,"1,5,3,2,6,4"
588,Base Model,
589,Base Model,"1,6"
590,Base Model,"4,3,2,6,5"
591,Base Model,
592,Base Model,
593,Base Model,"2,4,6,1,5,3"
594,Base Model,"2,4,6,3,5,1"
595,Base Model,
596,Base Model,"1,2,5,4,3,6"
597,Base Model,"2,3,4,1,5,6"
598,Base Model,
599,Base Model,"5,4,2,3,6,1"
600,Base Model,"3,4,2,1,6,5"
601,Base Model,
602,Base Model,"5,1,4,2,3,6"
603,Base Model,"5,2,6,4,3,1"
604,Base Model,"4,2,6,3,1,5"
605,Base Model,"2,6,4,3,5,1"
606,Base Model,"4,3,6,2,5,1"
607,Base Model,"3,5,2,6,1,4"
608,Base Model,
609,Base Model,"5,2,6,1,4,3"
610,Base Model,"6,1,6"
611,Base Model,
612,Base Model,"1,5,2,6,3,4"
613,Base Model,"2,3,5,1,6"
614,Base Model,"3,2,6,5,1,4"
615,Base Model,6
616,Base Model,"4,2,6,5,1,3"
617,Base Model,"3,6,1,2,4,5"
618,Base Model,"1,3,6,2,5,4"
619,Base Model,"3,2,6,5,3,1"
620,Base Model,"4,6,2,3,5,1"
621,Base Model,"3,6,2,5,4,1"
622,Base Model,"3,1,2,6,4,5"
623,Base Model,"1,6,6"
624,Base Model,"1,2,5,3,6,4"
625,Base Model,"2,4,6,3,5,1"
626,Base Model,
627,Base Model,
628,Base Model,"3,5,2,6,1,4"
629,Base Model,"1,6,1,6,1,6"
630,Base Model,"3,2,6,1,5,4"
631,Base Model,"3,2,4,6,5,1"
632,Base Model,"4,2,6,1,3,5"
633,Base Model,"5,2,6,1,3,4"
634,Base Model,"4,2,5,1,6,3"
635,Base Model,
636,Base Model,
637,Base Model,"2,6,4,3,5,1"
638,Base Model,"3,3"
639,Base Model,
640,Base Model,"2,4,3,6,5,1"
641,Base Model,"4,3,5,2,6,1"
642,Base Model,6
643,Base Model,"4,2,6,5,3,1"
644,Base Model,"2,5,3,6,1,4"
645,Base Model,
646,Base Model,"4,2,6,1,5,3"
647,Base Model,"3,5,2,6,1"
648,Base Model,"4,6,3,2,5,1"
649,Base Model,"2,4,1,6,3,5"
650,Base Model,"4,2,5,6,3,1"
651,Base Model,"2,6,4,3,5,1"
652,Base Model,"1,4,2,5,1,3"
653,Base Model,
654,Base Model,"2,5,1,4,3,6"
655,Base Model,"3,5,2,6,1,4"
656,Base Model,
657,Base Model,"1,4,2,6,5,3"
658,Base Model,"3,4,6,2,5,1"
659,Base Model,"2,6,3,4,5,1"
660,Base Model,"2,5,4,3,6,1"
661,Base Model,
662,Base Model,"1,2,3,4,5,6"
663,Base Model,"1,3,2,6,5,4"
664,Base Model,"2,6,3,1,5,4"
665,Base Model,"2,4,6,1,3,5"
666,Base Model,"5,4,2,1,6,3"
667,Base Model,"5,6,1,4,6,3"
668,Base Model,
669,Base Model,"1,4,2,5,3,6"
670,Base Model,"4,3,2,6,5,1"
671,Base Model,
672,Base Model,
673,Base Model,1
674,Base Model,"3,2,6,5,1,4"
675,Base Model,"4,2,6,1,3,5"
676,Base Model,"1,6,2,5,4,3"
677,Base Model,"2,5,3,6,1,4"
678,Base Model,"4,2,6,1,5,3"
679,Base Model,"2,5,3,1,6,4"
680,Base Model,"3,6,2,5"
681,Base Model,
682,Base Model,"1,4,2,6,5,3"
683,Base Model,"3,1,5,2,6,4"
684,Base Model,"4,2,3,6,1,5"
685,Base Model,"2,4,6,1,5,3"
686,Base Model,
687,Base Model,"4,3,6,1,2"
688,Base Model,"3,5,1,6,4,2"
689,Base Model,
690,Base Model,"1,4,2,5,3,6"
691,Base Model,"1,4,5,2,3,6"
692,Base Model,
693,Base Model,"1,6,3,5,2,4"
694,Base Model,"4,2,5,6,3,1"
695,Base Model,"4,2,6,1,3,5"
696,Base Model,"3,4,5,1,6,2"
697,Base Model,"4,2,5,6,1,3"
698,Base Model,"4,6,3,5,2,1"
699,Base Model,
700,Base Model,"4,2,6,3,5,1"
701,Base Model,"3,4,2,6,5,1"
702,Base Model,"1,2,3,4,5,6"
703,Base Model,"2,5,1,3,4,6"
704,Base Model,"2,5,6,1,4,3"
705,Base Model,"3,4,2,6,1,5"
706,Base Model,6
707,Base Model,"3,2,6,1"
708,Base Model,"3,6,2,5,4,1"
709,Base Model,"3,2,6,5,1,4"
710,Base Model,"2,5,6,3,4,1"
711,Base Model,"1,3,5,2,6,4"
712,Base Model,
713,Base Model,
714,Base Model,
715,Base Model,"1,2,3,4"
716,Base Model,"1,5,2,6,4,3"
717,Base Model,
718,Base Model,"2,4,3,1,5,6"
719,Base Model,"3,1,6,2,5,4"
720,Base Model,
721,Base Model,"3,5,2,1,4,6"
722,Base Model,"1,3,6,2,5,4"
723,Base Model,"5,2,4,1,6,3"
724,Base Model,"1,5,2,6,3,1"
725,Base Model,"1,3,5,2,6,4"
726,Base Model,
727,Base Model,
728,Base Model,"4,2,6,3,5,1"
729,Base Model,"1,2,5,3,6,4"
730,Base Model,"3,1,4,6,2"
731,Base Model,"1,6,6"
732,Base Model,"3,5,2,6,1,4"
733,Base Model,
734,Base Model,"2,3,6,5,1,4"
735,Base Model,
736,Base Model,"1,4,2,3,5,6"
737,Base Model,"4,2,6,1,3,5"
738,Base Model,
739,Base Model,"2,4,5,3,1,6"
740,Base Model,"1,3,2,6,5,4"
741,Base Model,"4,2,6,3,5,1"
742,Base Model,"5,2,6,4,1,3"
743,Base Model,"2,6,5,3,6,1"
744,Base Model,
745,Base Model,"5,3,2,6,1,4"
746,Base Model,"4,2,6,5,3,1"
747,Base Model,"1,2,3,4,5,6"
748,Base Model,"2,3,4,5,3,6"
749,Base Model,"6,1,6,1,5,2"
750,Base Model,"2,4,3,1,6,5"
751,Base Model,"2,6,1,3,5,4"
752,Base Model,"3,6,2,5,1,4"
753,Base Model,"3,4,2,6,1,5"
754,Base Model,"2,3,5,1,6,4"
755,Base Model,1
756,Base Model,
757,Base Model,"5,2,3,6,1,4"
758,Base Model,"1,2,3"
759,Base Model,
760,Base Model,"4,2,5,3,6,1"
761,Base Model,"3,5,1,2,4,6"
762,Base Model,"6,2,1,6,3,5"
763,Base Model,
764,Base Model,"3,5,4,2,6,1"
765,Base Model,"4,3,6,1,5,2"
766,Base Model,"4,2,6,3,5,1"
767,Base Model,"5,2,6,1,3,4"
768,Base Model,"5,3,4,1,2,6"
769,Base Model,"1,6"
770,Base Model,"1,2,5,3,4,6"
771,Base Model,"1,4,2,2,3,5"
772,Base Model,"6,1,6"
773,Base Model,"2,6,3,4,1,5"
774,Base Model,6
775,Base Model,
776,Base Model,"6,1,6,6,1,6"
777,Base Model,"1,3,2,4,3,5"
778,Base Model,
779,Base Model,"3,2,5,1,6,4"
780,Base Model,"3,5,2,6,1,4"
781,Base Model,
782,Base Model,"1,3,6,2,4,5"
783,Base Model,"4,2,6,3,5,1"
784,Base Model,
785,Base Model,"1,3,5,3,2,4"
786,Base Model,"2,6,4,3,5,1"
787,Base Model,"4,1,6,3,2,5"
788,Base Model,
789,Base Model,"3,6,1,5,2,4"
790,Base Model,"3,6,2,5,4,1"
791,Base Model,
792,Base Model,"2,6,5,3,1,4"
793,Base Model,"3,2,6,5,4,1"
794,Base Model,"2,4,5,3,6,1"
795,Base Model,
796,Base Model,"4,2,5,6,1,3"
797,Base Model,"1,2,4,5,6,3"
798,Base Model,"3,6,2,5,1,4"
799,Base Model,
800,Base Model,"1,2,6,4,3,5"
801,Base Model,"3,5,2,1,6,4"
802,Base Model,"2,6,4,3,5,1"
803,Base Model,"1,6,5,3,2,4"
804,Base Model,"5,2,6,3,1,4"
805,Base Model,"6,4,5,2,1,3"
806,Base Model,"4,2,6,1,5,3"
807,Base Model,"3,5,6,4,2,1"
808,Base Model,"1,2,3,4,5,6"
809,Base Model,
810,Base Model,
811,Base Model,"1,6,6"
812,Base Model,
813,Base Model,"2,5,4,3,6,1"
814,Base Model,"5,4,3,2,6,1"
815,Base Model,"4,2,5,3,1,6"
816,Base Model,"4,6,2,5,3,1"
817,Base Model,"4,2,6,3,5,1"
818,Base Model,"4,2,6,1,3,5"
819,Base Model,"2,4,5,6,3,1"
820,Base Model,"5,2,6,4,1,3"
821,Base Model,"1,2,2,5,3,3"
822,Base Model,"2,3,1,6,4,5"
823,Base Model,"2,5,1,6,4,3"
824,Base Model,"5,2,4,6,1,3"
825,Base Model,"1,3,6,4,2,5"
826,Base Model,"4,3,6,2,5,1"
827,Base Model,"6,1,1"
828,Base Model,"4,2,6,5,3,1"
829,Base Model,"2,4,3,5,6,1"
830,Base Model,
831,Base Model,"4,2,6,3,5,1"
832,Base Model,"3,6,2,5,1,4"
833,Base Model,"1,5,4,6,2,3"
834,Base Model,"3,4,1,2,5,6"
835,Base Model,
836,Base Model,
837,Base Model,"3,6,1,5,2,4"
838,Base Model,"2,4,3,6,1,5"
839,Base Model,"1,2,3,4,5,6"
840,Base Model,"4,2,6,5,1,3"
841,Base Model,"3,5,2,6,1,4"
842,Base Model,
843,Base Model,1
844,Base Model,"4,2,6,3,5,1"
845,Base Model,"1,6,6,1,6,1"
846,Base Model,
847,Base Model,"6,3,4,2,1,5"
848,Base Model,"1,4,2,5,6,3"
849,Base Model,"3,6,1,5,4,2"
850,Base Model,"1,4,2,6,3,5"
851,Base Model,"2,3,5,1,2,3"
852,Base Model,
853,Base Model,1
854,Base Model,
855,Base Model,"5,3,2,1,6,4"
856,Base Model,"1,2,3,2"
857,Base Model,"1,4,2,2,3,6"
858,Base Model,
859,Base Model,"6,1,6"
860,Base Model,"4,3,5,2,6,1"
861,Base Model,"5,2,6,4,3,1"
862,Base Model,"2,3,5,6,4,5"
863,Base Model,
864,Base Model,"4,2,6,5,1,3"
865,Base Model,"2,6,4,3,5,1"
866,Base Model,"2,5,1,6,3,4"
867,Base Model,"3,2,6,1,5,4"
868,Base Model,"2,5,3,6,4,1"
869,Base Model,"2,3,5,4,1,6"
870,Base Model,"6,6"
871,Base Model,
872,Base Model,"1,2,5,4,6,3"
873,Base Model,"3,4,1,6,5,3"
874,Base Model,
875,Base Model,
876,Base Model,"1,3,2,4,6,5"
877,Base Model,"5,2,6,1,3,4"
878,Base Model,"3,6,2,4,5,1"
879,Base Model,"4,2,6,3,1,5"
880,Base Model,
881,Base Model,"4,3,6,2,5,1"
882,Base Model,"4,2,3,6,5,1"
883,Base Model,"1,4,3,5,2,3"
884,Base Model,
885,Base Model,"2,3,6,1,4,5"
886,Base Model,"4,2,3,6,1,5"
887,Base Model,
888,Base Model,"5,3,4,6,2,1"
889,Base Model,"3,6,1,2,5,4"
890,Base Model,
891,Base Model,"4,6,3,2,5,1"
892,Base Model,"1,4,2,6,3,5"
893,Base Model,"3,6,2,5,4,1"
894,Base Model,
895,Base Model,"2,5,3,6,1,4"
896,Base Model,"2,5,3,1,6,4"
897,Base Model,"4,3,6,2,5,1"
898,Base Model,"1,6,6"
899,Base Model,"1,4,2,6,3,5"
900,Base Model,
901,Base Model,"4,2,5,1,3,6"
902,Base Model,"4,3,6,2,5,1"
903,Base Model,"3,2,5,1,6,4"
904,Base Model,"1,6,1,1,6,1"
905,Base Model,"1,6,1"
906,Base Model,"1,6,6,4,3,6"
907,Base Model,
908,Base Model,"1,6,6"
909,Base Model,"4,2,6,5,1,3"
910,Base Model,"1,4,6,3,2,5"
911,Base Model,"3,2,4,6,1"
912,Base Model,"3,6,4,2,5,1"
913,Base Model,"3,6,2,5,1,4"
914,Base Model,
915,Base Model,"2,5,1,4,3,6"
916,Base Model,"3,6,2,5,1,4"
917,Base Model,"4,2,5,3,6,1"
918,Base Model,"4,3,6,2,5,1"
919,Base Model,"5,2,3,6,1,4"
920,Base Model,"3,1,6,2,5,4"
921,Base Model,
922,Base Model,"3,6,2,5,4,1"
923,Base Model,
924,Base Model,"3,6,2,5,4,1"
925,Base Model,"2,5,4,1,6,3"
926,Base Model,
927,Base Model,
928,Base Model,6
929,Base Model,"5,3,2,4,6,1"
930,Base Model,"1,2,3,4,5,6"
931,Base Model,"1,2,3,4,5,6"
932,Base Model,"6,1,6,1,4,3"
933,Base Model,"4,2,6,5,3,1"
934,Base Model,"1,2,6"
935,Base Model,"5,2,6,1,4,3"
936,Base Model,"5,2,1,4,6,3"
937,Base Model,"3,5,2,6,1,4"
938,Base Model,6
939,Base Model,
940,Base Model,"1,5,3,4,6,2"
941,Base Model,"1,3,6,2,5,4"
942,Base Model,"2,4,3,6,2,5"
943,Base Model,1
944,Base Model,"5,1,2,3,6,4"
945,Base Model,"3,5,2,4,6,3"
946,Base Model,"2,6,1,3,4,5"
947,Base Model,
948,Base Model,
949,Base Model,"4,2,5,6,1,3"
950,Base Model,
951,Base Model,"3,1,2,6,5,4"
952,Base Model,"4,2,6,5,3,1"
953,Base Model,"2,4,5,1,6,3"
954,Base Model,"3,5,2,6,4,1"
955,Base Model,"1,4,2,2,3,6"
956,Base Model,
957,Base Model,"6,4"
958,Base Model,"4,2,6,5,1,3"
959,Base Model,
960,Base Model,"3,1,5,2,6,4"
961,Base Model,"2,5,1,4,3,6"
962,Base Model,
963,Base Model,"4,3,2,6,5,1"
964,Base Model,"4,2,6,3,1,5"
965,Base Model,
966,Base Model,"3,6,1,4,5,2"
967,Base Model,"1,4,2,6,3,5"
968,Base Model,"2,5,4,6,3,5"
969,Base Model,"3,6,2,1,4,5"
970,Base Model,"6,3,2,5,1,4"
971,Base Model,"1,6,1,6,1,6"
972,Base Model,
973,Base Model,
974,Base Model,
975,Base Model,"1,6,6"
976,Base Model,"4,2,6,3,5,1"
977,Base Model,"2,6,1,3,5,2"
978,Base Model,"2,4,6,3,5,1"
979,Base Model,"2,5,4,1,6,3"
980,Base Model,
981,Base Model,"2,4,5,3,6,2"
982,Base Model,
983,Base Model,"2,5,6,1,3,4"
984,Base Model,"1,2,5,4,3,6"
985,Base Model,
986,Base Model,"1,4,2,6,3,5"
987,Base Model,"3,6,5,4,2,1"
988,Base Model,6
989,Base Model,"3,2,6,1,5,4"
990,Base Model,
991,Base Model,"1,2,3,4,5"
992,Base Model,"4,2,6,5,3,1"
993,Base Model,"3,6,4,2,5,1"
994,Base Model,"3,4,1,2,5,3"
995,Base Model,"2,4,5,1,3,6"
996,Base Model,
997,Base Model,"4,3,6,1,5,2"
998,Base Model,"1,4,2,6,3,5"
999,Base Model,"1,3,2,6,5,4"
1000,Base Model,"2,4,5,1,3,6"
1001,Base Model,"1,4,2,6,3,5"
1002,Base Model,"3,6,1,5,4,2"
1003,Base Model,"4,3,6,2,5,1"
1004,Base Model,"6,1,6"
1005,Base Model,"4,3,1,6,2,5"
1006,Base Model,"3,6,2,1,4,5"
1007,Base Model,"6,5,3,2,1"
1008,Base Model,"3,4,2,1,5,6"
1009,Base Model,"3,6,2,5,4,1"
1010,Base Model,"3,6,2,5,1,4"
1011,Base Model,
1012,Base Model,"4,3,1,6,2,5"
1013,Base Model,"5,2,3,6,1,4"
1014,Base Model,
1015,Base Model,"5,2,6,3,1,4"
1016,Base Model,"4,3,2,6,5,1"
1017,Base Model,
1018,Base Model,"3,2,6,4,5"
1019,Base Model,2
1020,Base Model,"1,4,2,5,3,6"
1021,Base Model,"1,4,2,3,2,5"
1022,Base Model,"2,4,1,5,6,3"
1023,Base Model,"5,3,6,2,1,4"
1024,Base Model,"3,2,5,6,1,4"
1025,Base Model,"1,2,5,3,4,6"
1026,Base Model,"6,1,6,5,1,3"
1027,Base Model,"6,1"
1028,Base Model,"4,2,6,1,5,3"
1029,Base Model,"4,2,6,5,1,3"
1030,Base Model,"2,5,1,6"
1031,Base Model,"1,6,6"
1032,Base Model,
1033,Base Model,1
1034,Base Model,
1035,Base Model,"3,4,1,6,2,5"
1036,Base Model,
1037,Base Model,"4,2,6,3,5,1"
1038,Base Model,"3,5"
1039,Base Model,"3,6,2,5,1,4"
1040,Base Model,
1041,Base Model,"1,6,6"
1042,Base Model,"1,3,6,2,5,4"
1043,Base Model,"3,2,6,1,5,4"
1044,Base Model,"4,2,6,3,1,5"
1045,Base Model,"4,2,5,3,6,1"
1046,Base Model,"6,1,6,6,1,6"
1047,Base Model,
1048,Base Model,"3,6,1,5,2,4"
1049,Base Model,"3,2,6,4,5,1"
1050,Base Model,"2,6,5,3,4,1"
1051,Base Model,"4,3,5,2,6,1"
1052,Base Model,
1053,Base Model,
1054,Base Model,"2,6,5,1,3,4"
1055,Base Model,"3,5,2,1,6,4"
1056,Base Model,
1057,Base Model,"3,6,1,4,5,2"
1058,Base Model,"3,6,2,5,1,4"
1059,Base Model,
1060,Base Model,"5,2,6,3,1,4"
1061,Base Model,"4,3,6,2,5,1"
1062,Base Model,"2,5,3,6,1,4"
1063,Base Model,"3,6,4,2,5,1"
1064,Base Model,"5,2,3,1,6,4"
1065,Base Model,"3,6,4,2,5,1"
1066,Base Model,"1,5,3,1,2,6"
1067,Base Model,"2,4,5,1,3,6"
1068,Base Model,
1069,Base Model,"3,6,2,1,5,4"
1070,Base Model,
1071,Base Model,
1072,Base Model,1
1073,Base Model,"2,5,4,1,3,6"
1074,Base Model,"3,2,6,5,2,1"
1075,Base Model,"4,3,6,2,5,1"
1076,Base Model,
1077,Base Model,"5,3,6,2,1,4"
1078,Base Model,"5,2,6,3,1,4"
1079,Base Model,"4,2,6,3,1,5"
1080,Base Model,"4,2,6,1,5,3"
1081,Base Model,
1082,Base Model,"4,3,5,2,6,1"
1083,Base Model,"4,3,6,2,5,1"
1084,Base Model,"1,6,6"
1085,Base Model,"3,1,5,2,6,4"
1086,Base Model,"3,4,6,2,5,1"
1087,Base Model,"3,2,6,5,1,4"
1088,Base Model,"6,3,2,5,1,4"
1089,Base Model,"5,3,2,4,1,6"
1090,Base Model,"2,5,4,1,6,3"
1091,Base Model,
1092,Base Model,"3,5,2,6,1,4"
1093,Base Model,"3,2,4,5,6,1"
1094,Base Model,3
1095,Base Model,"3,4,2,6,5,1"
1096,Base Model,"1,1,2,3,4"
1097,Base Model,"3,5,2,6,4,1"
1098,Base Model,"4,6,3,5,2,1"
1099,Base Model,"3,2,4,5,2,6"
1100,Base Model,"4,4,5,3,4"
1101,Base Model,"3,2,5,1,4,6"
1102,Base Model,"5,3,6,2,4,1"
1103,Base Model,"2,5,3,6,1,4"
1104,Base Model,"1,4,3,6,2,5"
1105,Base Model,"4,2,6,5,1,3"
1106,Base Model,"2,6,3,5,1,4"
1107,Base Model,"4,2,6,5,3,1"
1108,Base Model,"4,2,5,6,3,1"
1109,Base Model,"3,1,6,5,2,4"
1110,Base Model,"1,2,6,4,3,5"
1111,Base Model,
1112,Base Model,"1,2,3,4,5,6"
1113,Base Model,"1,2,3,5,4,6"
1114,Base Model,"1,5,3,2,6,4"
1115,Base Model,"4,2,5,1,6,3"
1116,Base Model,"1,5,2,4,3,6"
1117,Base Model,"3,5,2,6,4,1"
1118,Base Model,"1,3,2,6,5,4"
1119,Base Model,"6,2"
1120,Base Model,"5,2,6,3,1,4"
1121,Base Model,"4,2,6,1,3,5"
1122,Base Model,"4,2,6,1,5,3"
1123,Base Model,"4,5,1,3,2,6"
1124,Base Model,"6,1,6,3,4,6"
1125,Base Model,"3,2,6,5,1,4"
1126,Base Model,"3,6,2,5,4,1"
1127,Base Model,"3,5,2,6,1,4"
1128,Base Model,
1129,Base Model,"1,1,2,2,3,3"
1130,Base Model,
1131,Base Model,"4,2,6,3,1,5"
1132,Base Model,
1133,Base Model,"1,4,5,2,3,6"
1134,Base Model,"4,3,5,2,1,6"
1135,Base Model,
1136,Base Model,"4,2,6,5,3,1"
1137,Base Model,"2,6,1,5,3,4"
1138,Base Model,"1,6,6,2,5,4"
1139,Base Model,"4,2,6,1,3,5"
1140,Base Model,
1141,Base Model,"2,5,3,6,4,1"
1142,Base Model,"3,6,2,5,4,1"
1143,Base Model,"2,5,6,3,4,1"
1144,Base Model,"4,2,6,3,5,1"
1145,Base Model,"1,4,3,6,2,5"
1146,Base Model,
1147,Base Model,"3,4,6,2,5,1"
1148,Base Model,
1149,Base Model,"4,3,2,6,5,1"
1150,Base Model,"4,2,5,1,3,6"
1151,Base Model,"1,2,6"
1152,Base Model,"1,4,2,3,5,6"
1153,Base Model,
1154,Base Model,"1,2,3,4,5,6"
1155,Base Model,"4,2,6,5,1,3"
1156,Base Model,
1157,Base Model,"2,4,1,5,6,3"
1158,Base Model,"4,2,6,3,5,1"
1159,Base Model,"3,5,1,2,4,6"
1160,Base Model,"3,4,6,1,5,2"
1161,Base Model,"3,2,6,5,1,4"
1162,Base Model,
1163,Base Model,"4,2,6,5,3,1"
1164,Base Model,"5,2,6,3,1,4"
1165,Base Model,"1,5,3,2,4,6"
1166,Base Model,"3,4,1,6,2,5"
1167,Base Model,
1168,Base Model,"1,3,6,2,5,4"
1169,Base Model,6
1170,Base Model,"1,6"
1171,Base Model,"4,3,5,2,6,1"
1172,Base Model,
1173,Base Model,"4,6,2,3,1,5"
1174,Base Model,"3,6,2,5,4,1"
1175,Base Model,
1176,Base Model,"3,6,2,5,1,4"
1177,Base Model,"4,3,2,5,6,1"
1178,Base Model,"3,5,1,6,2,4"
1179,Base Model,"1,5,2,3,5,6"
1180,Base Model,"2,6,3,5,1,4"
1181,Base Model,
1182,Base Model,"5,3,6,2,4,5"
1183,Base Model,"6,1,6"
1184,Base Model,
1185,Base Model,"5,3,2,6,1,4"
1186,Base Model,"2,4,3,6,5,2"
1187,Base Model,"4,3,6,2,5,1"
1188,Base Model,"1,6,6"
1189,Base Model,
1190,Base Model,1
1191,Base Model,"3,4,2,5,6,1"
1192,Base Model,"4,2,5,3,1,6"
1193,Base Model,"4,2,6,1,5,3"
1194,Base Model,"1,6,6,6,1,6"
1195,Base Model,"1,6"
1196,Base Model,"1,2,5,3,4,6"
1197,Base Model,
1198,Base Model,"5,3,2,4,1,6"
1199,Base Model,"4,2,5,1,6,3"
1200,Base Model,
1201,Base Model,
1202,Base Model,"4,2,5,1,6,3"
1203,Base Model,"1,4,3,5,2,6"
1204,Base Model,"1,5,2,6,3,4"
1205,Base Model,"2,5,3,4,1,6"
1206,Base Model,"4,2,6,1,3,5"
1207,Base Model,"2,6,1,3,4,5"
1208,Base Model,"1,6,6"
1209,Base Model,1
1210,Base Model,"3,2,6,1,5,4"
1211,Base Model,"2,5,3,6,1,4"
1212,Base Model,"2,5,1,4,3,6"
1213,Base Model,"1,6,6"
1214,Base Model,"4,2,6,1,5,3"
1215,Base Model,"3,1,6,5,2,4"
1216,Base Model,"1,2,2,5,3,1"
1217,Base Model,"1,5,4,2,3,3"
1218,Base Model,"1,6,6"
1219,Base Model,"3,4,5,2,3,6"
1220,Base Model,"1,6,1,6,1,6"
1221,Base Model,"1,6,1,6,1,6"
1222,Base Model,"4,2,6,3,1,5"
1223,Base Model,"4,2,6,3,5,1"
1224,Base Model,
1225,Base Model,
1226,Base Model,"4,3,6,2,5,1"
1227,Base Model,"1,2,5,3,4,6"
1228,Base Model,"1,4,3,2,5,6"
1229,Base Model,"1,2"
1230,Base Model,"3,5,2,1,6,4"
1231,Base Model,"1,6"
1232,Base Model,4
1233,Base Model,"3,6,1,2,5,4"
1234,Base Model,"5,2,3,1,6"
1235,Base Model,"3,2,6,5,1,4"
1236,Base Model,"1,2,3,4,5,6"
1237,Base Model,"2,4,3,6,1,5"
1238,Base Model,"1,2,3,4,5,6"
1239,Base Model,"2,6,6"
1240,Base Model,"2,4,5,2,3,6"
1241,Base Model,"2,5,1,4,3,6"
1242,Base Model,"2,5,1,4,6,3"
1243,Base Model,"1,6"
1244,Base Model,"1,2,3,5,4,6"
1245,Base Model,
1246,Base Model,"3,6,1,2,5,4"
1247,Base Model,6
1248,Base Model,"4,6,3,2,5,1"
1249,Base Model,"4,3,2,1,6,5"
1250,Base Model,"3,6,1,2,4,5"
1251,Base Model,
1252,Base Model,
1253,Base Model,"2,6,4,3,5,1"
1254,Base Model,"4,3,6,2,5,1"
1255,Base Model,"2,5,3,6,1,4"
1256,Base Model,"1,2,3,4,5,6"
1257,Base Model,"4,2,6,3,1,5"
1258,Base Model,"1,3,5,2,4,6"
1259,Base Model,"2,6,4,3,1,5"
1260,Base Model,"3,5,4,6,1,2"
1261,Base Model,"2,6,4,3,5,1"
1262,Base Model,
1263,Base Model,"5,2,6,3,1,4"
1264,Base Model,"3,6,1,2,5,4"
1265,Base Model,1
1266,Base Model,"4,6,6"
1267,Base Model,"2,5,4,1,3,6"
1268,Base Model,"4,3,6,2,5,1"
1269,Base Model,"5,2,4,6,1,3"
1270,Base Model,
1271,Base Model,"4,2,5,3,1,6"
1272,Base Model,"1,2,3,6,4,5"
1273,Base Model,"4,6,3,5,2,5"
1274,Base Model,
1275,Base Model,"1,2,3,4,5,6"
1276,Base Model,
1277,Base Model,
1278,Base Model,"4,2,5,6,1,3"
1279,Base Model,"3,6,2,5,1,4"
1280,Base Model,
1281,Base Model,"3,1,4,6,2,5"
1282,Base Model,"1,2,3,4,5,6"
1283,Base Model,"4,2,6,5,3,1"
1284,Base Model,
1285,Base Model,"2,5,3,4,6,1"
1286,Base Model,"1,2,3,4,5,6"
1287,Base Model,"2,5,3,4,6,2"
1288,Base Model,"4,3,2,6,5,1"
1289,Base Model,"3,6,2,5,1,4"
1290,Base Model,"1,4,6,2,3,5"
1291,Base Model,"2,4,5,1,6,3"
1292,Base Model,
1293,Base Model,
1294,Base Model,"2,5,1,3,6,4"
1295,Base Model,"2,5,6,1,3,6"
1296,Base Model,
1297,Base Model,"5,3,2,6,4,1"
1298,Base Model,
1299,Base Model,
1300,Base Model,"3,1,6,6"
1301,Base Model,"5,2,6,4,3,1"
1302,Base Model,"4,2,5,1,6,3"
1303,Base Model,"1,2,6,3,4,5"
1304,Base Model,"3,2,6,1,5,4"
1305,Base Model,"3,1,5,2,4,6"
1306,Base Model,
1307,Base Model,"2,5,1,6,3,6"
1308,Base Model,
1309,Base Model,"1,5,4,2,1,6"
1310,Base Model,"3,5,2,6,1,4"
1311,Base Model,"1,2,5,3,2,6"
1312,Base Model,"4,2,6,5,3,1"
1313,Base Model,"2,4,6,2,5,1"
1314,Base Model,
1315,Base Model,"4,3,6,2,5,1"
1316,Base Model,"1,5,2,3,3,6"
1317,Base Model,6
1318,Base Model,"4,2,6,3,5,1"
1319,Base Model,"4,3,1,6,2,5"
1320,Base Model,"2,5,3,1,4,6"
1321,Base Model,"4,3,6,2,5,1"
1322,Base Model,"1,6"
1323,Base Model,"5,2,6,4,3,1"
1324,Base Model,"4,2,6,3,5,1"
1325,Base Model,
1326,Base Model,"4,2,6,3,5,1"
1327,Base Model,"1,4,2,5,3,6"
1328,Base Model,"1,4,2,5,6,3"
1329,Base Model,"1,2,5,3,6,4"
1330,Base Model,"4,6,3,2,5,1"
1331,Base Model,
1332,Base Model,
1333,Base Model,"2,5,4,1,6,3"
1334,Base Model,
1335,Base Model,
1336,Base Model,"1,6,1,6,1,6"
1337,Base Model,"4,2,6,5,1,3"
1338,Base Model,
1339,Base Model,"6,1,6"
1340,Base Model,"6,2,5,1,3,4"
1341,Base Model,"3,6,1,5,2,4"
1342,Base Model,"4,2,3,1,6,5"
1343,Base Model,"1,3,2,4,6,5"
1344,Base Model,"3,6,2,5,1,4"
1345,Base Model,6
1346,Base Model,"4,2,6,5,1,3"
1347,Base Model,"2,4,5,3,6,1"
1348,Base Model,"3,6,2,5,4,1"
1349,Base Model,"4,2,6,5,1,3"
1350,Base Model,"2,4,6,3,5,6"
1351,Base Model,6
1352,Base Model,"2,5,3,6,2,1"
1353,Base Model,"2,6,3,5,1,4"
1354,Base Model,"3,5,1,2,6,4"
1355,Base Model,"4,2,6,3,5,1"
1356,Base Model,"4,2,6,1,5,3"
1357,Base Model,"5,2,6,1,3,4"
1358,Base Model,"1,3,2,6,3,4"
1359,Base Model,
1360,Base Model,"3,4,2,6,1,5"
1361,Base Model,"1,4,2,3,6,1"
1362,Base Model,"1,5,2,3,3,6"
1363,Base Model,"1,2,3,4,5,6"
1364,Base Model,
1365,Base Model,"4,2,5,1,6,3"
1366,Base Model,"6,4,2,5,1,3"
1367,Base Model,
1368,Base Model,"1,6,6"
1369,Base Model,
1370,Base Model,"1,3,2,6,5,4"
1371,Base Model,"2,5,1,4,6,3"
1372,Base Model,
1373,Base Model,"2,6,5,1,4,3"
1374,Base Model,"1,2,3,5,1,6"
1375,Base Model,"1,2,4,6,2,5"
1376,Base Model,
1377,Base Model,"5,4,3,2,6,1"
1378,Base Model,
1379,Base Model,"1,6"
1380,Base Model,
1381,Base Model,"1,6,6"
1382,Base Model,5
1383,Base Model,
1384,Base Model,"1,3,5,4,2,6"
1385,Base Model,"3,1,5,6,4,2"
1386,Base Model,"4,2,6,3,5,1"
1387,Base Model,"3,4,2,5,6,1"
1388,Base Model,"2,6,5,1,3,4"
1389,Base Model,"4,6,2,3,5,1"
1390,Base Model,
1391,Base Model,"1,4,2,6,5,3"
1392,Base Model,
1393,Base Model,
1394,Base Model,
1395,Base Model,"1,6,6"
1396,Base Model,"3,2,6,5,1,4"
1397,Base Model,"2,3,1,6,4,5"
1398,Base Model,"5,3,4,2,6,1"
1399,Base Model,"5,3,1,4,2,6"
1400,Base Model,"3,6,2,5,4,1"
1401,Base Model,"5,3,1,6,2,4"
1402,Base Model,"4,2,3,6,1,5"
1403,Base Model,"6,4,3,1"
1404,Base Model,"2,4,6,1,5,3"
1405,Base Model,"1,3,6,2,5"
1406,Base Model,"3,2,6,4,5,1"
1407,Base Model,"1,4,2,5,3,6"
1408,Base Model,"2,5,4,6,3,1"
1409,Base Model,"4,3,5,2,6,1"
1410,Base Model,"2,3,5,4,2,6"
1411,Base Model,"1,2,4,3,5,6"
1412,Base Model,"3,4,2,6,1,5"
1413,Base Model,"3,2,6,5,1,4"
1414,Base Model,"4,2,5,6,1,3"
1415,Base Model,
1416,Base Model,"1,4,2,3,5,6"
1417,Base Model,"3,6,2,5,4,1"
1418,Base Model,"4,2,6,1,3,5"
1419,Base Model,"2,6,3,4,5,6"
1420,Base Model,6
1421,Base Model,"6,1"
1422,Base Model,
1423,Base Model,"3,4,6,5,2,6"
1424,Base Model,"4,2,3,6,1,5"
1425,Base Model,"4,3,6,5,2,1"
1426,Base Model,
1427,Base Model,
1428,Base Model,"2,4,1,3,5,6"
1429,Base Model,"1,1,6,6"
1430,Base Model,
1431,Base Model,
1432,Base Model,"4,2,6,3,5,1"
1433,Base Model,
1434,Base Model,"4,2,5,6,1,3"
1435,Base Model,
1436,Base Model,"4,2,6,3,5,1"
1437,Base Model,
1438,Base Model,"2,5,1,4,3,6"
1439,Base Model,"2,5,6,3,1,4"
1440,Base Model,"4,2,6,3,5,1"
1441,Base Model,"2,4,1,3,5,6"
1442,Base Model,
1443,Base Model,"3,6,1,2,5,4"
1444,Base Model,
1445,Base Model,"6,1,6"
1446,Base Model,"2,5,3,1,6,4"
1447,Base Model,"4,2,6,5,3,1"
1448,Base Model,"5,2,6,3,1,4"
1449,Base Model,
1450,Base Model,"3,4,2,6,1,5"
1451,Base Model,
1452,Base Model,"2,5,3,1,4,6"
1453,Base Model,"3,1,6,2,4,5"
1454,Base Model,"3,6,2,4,5,1"
1455,Base Model,"5,1,4,2,6,3"
1456,Base Model,"2,5,4,3,6,1"
1457,Base Model,"1,2,3,4,5,6"
1458,Base Model,"5,2,6,3,1,4"
1459,Base Model,"4,3,6,2,5,1"
1460,Base Model,"4,3,1,6,5,2"
1461,Base Model,"3,5,4,2,6,1"
1462,Base Model,"3,4,2,6,1,5"
1463,Base Model,6
1464,Base Model,"1,4,6,2,5,3"
1465,Base Model,
1466,Base Model,"4,1,6,2,5,3"
1467,Base Model,
1468,Base Model,"6,2,5,3,1,4"
1469,Base Model,
1470,Base Model,"5,3,1,6,2,4"
1471,Base Model,"3,4,2,1,6,5"
1472,Base Model,
1473,Base Model,
1474,Base Model,"6,1,6"
1475,Base Model,"4,6,2,5,3,1"
1476,Base Model,"1,4,3,2,6,1"
1477,Base Model,
1478,Base Model,"2,3,5,6,1,4"
1479,Base Model,"1,1,1"
1480,Base Model,"2,5,3,1,6,4"
1481,Base Model,"2,4,5,3,1,6"
1482,Base Model,6
1483,Base Model,"3,1,2,5,4,6"
1484,Base Model,"1,2,2,4,3,5"
1485,Base Model,
1486,Base Model,"6,3,2,5,4,1"
1487,Base Model,"2,5,3,6,4,1"
1488,Base Model,"1,2,3,4,5,6"
1489,Base Model,
1490,Base Model,"4,3,1,5,2,6"
1491,Base Model,
1492,Base Model,"1,2,3,4,6"
1493,Base Model,"4,2,6,1,5,3"
1494,Base Model,
1495,Base Model,"4,1,6,3,2,5"
1496,Base Model,"3,2,6,5,1,4"
1497,Base Model,
1498,Base Model,"3,2,5,1,6,4"
1499,Base Model,"3,6,2,5,4,1"
1500,Base Model,"6,1,6,3,2,6"
1501,Base Model,"1,4,2,2,3,6"
1502,Base Model,"2,5,3,6,4,1"
1503,Base Model,"1,6,6"
1504,Base Model,"2,6,4,3,5,1"
1505,Base Model,6
1506,Base Model,"3,4,5,6,2,1"
1507,Base Model,
1508,Base Model,"4,2,6,5,1,3"
1509,Base Model,"1,3,5,2,4,6"
1510,Base Model,
1511,Base Model,
1512,Base Model,"1,2,3,4,5,6"
1513,Base Model,"1,4,3,2,6,5"
1514,Base Model,"3,6,4,2,5,1"
1515,Base Model,"2,6,4,3,5,1"
1516,Base Model,"4,6,3,2,1,5"
1517,Base Model,
1518,Base Model,"5,2,6,3,1,4"
1519,Base Model,"1,2,3,4,5"
1520,Base Model,"3,2,6,5,4,1"
1521,Base Model,"6,6,1"
1522,Base Model,"2,5,6,3,1,4"
1523,Base Model,
1524,Base Model,"4,3,6,5,2,1"
1525,Base Model,"3,1,6,4,5,2"
1526,Base Model,"5,2,4,3,1,6"
1527,Base Model,"1,3,2,5,6,4"
1528,Base Model,"4,2,6,5,3,1"
1529,Base Model,"2,3,5,1,4,6"
1530,Base Model,
1531,Base Model,"2,5,1,4,6,3"
1532,Base Model,"3,2,5,6,1,4"
1533,Base Model,"1,3,2,6,5,4"
1534,Base Model,
1535,Base Model,"5,2,6,3,4,1"
1536,Base Model,
1537,Base Model,"5,2,6,1,4,3"
1538,Base Model,"3,6,2,1,4,5"
1539,Base Model,"1,4,5,2,6,3"
1540,Base Model,"6,3,5,1,5"
1541,Base Model,"4,6,2,3,6,5"
1542,Base Model,"4,2,5,6,3,1"
1543,Base Model,
1544,Base Model,4
1545,Base Model,"6,1,6,2,6,3"
1546,Base Model,"1,5,3,6,2,4"
1547,Base Model,
1548,Base Model,"1,2,3,4,5,6"
1549,Base Model,"3,1"
1550,Base Model,"1,3,6,2,5,4"
1551,Base Model,6
1552,Base Model,
1553,Base Model,"5,2,4,6,1,3"
1554,Base Model,
1555,Base Model,"1,2,3,4,5,6"
1556,Base Model,"3,6,2,5,1,4"
1557,Base Model,"2,5,3,1,4,6"
1558,Base Model,
1559,Base Model,"1,2,3,5,2,6"
1560,Base Model,"2,4,1,6,3,2"
1561,Base Model,"3,6,2,5,4,1"
1562,Base Model,
1563,Base Model,
1564,Base Model,1
1565,Base Model,"3,2,6,1,4,5"
1566,Base Model,"4,2,6,3,5,1"
1567,Base Model,6
1568,Base Model,"2,6,3,5,2,1"
1569,Base Model,"1,4,2,5,6,3"
1570,Base Model,
1571,Base Model,"1,6,6"
1572,Base Model,
1573,Base Model,"2,4,3,5,1,6"
1574,Base Model,"2,4,6,1,3,5"
1575,Base Model,"6,3,2,5,1,4"
1576,Base Model,"1,2,5,3,1,6"
1577,Base Model,"1,6,3,5,6,1"
1578,Base Model,"2,5,6,4,3,1"
1579,Base Model,"4,2,6,3,5,1"
1580,Base Model,"2,5,1,6,3,4"
1581,Base Model,
1582,Base Model,"4,6,2,3,5,1"
1583,Base Model,"4,2,5,6,1,3"
1584,Base Model,"2,4,6,1,3,5"
1585,Base Model,"2,5,4,3,6,1"
1586,Base Model,"3,5,2,6,1,4"
1587,Base Model,"4,3,6,2,5,1"
1588,Base Model,6
1589,Base Model,"1,4,2,5,3,6"
1590,Base Model,"3,2,5,1,6,4"
1591,Base Model,"1,2,3,5,1,4"
1592,Base Model,"3,4,1,2,5,6"
1593,Base Model,"4,3,2,5,6,1"
1594,Base Model,
1595,Base Model,"4,2,6,5,1,3"
1596,Base Model,
1597,Base Model,"3,4,5,2,1,6"
1598,Base Model,
1599,Base Model,"3,2,4,1,6,5"
1600,Base Model,
1601,Base Model,"3,6,2,1,5,4"
1602,Base Model,"1,2,3,4,5,6"
1603,Base Model,"4,2,5,6,3,1"
1604,Base Model,"1,3,5,3,2,1"
1605,Base Model,"3,6,1,3,2,5"
1606,Base Model,"3,4,2,6,5,1"
1607,Base Model,
1608,Base Model,"1,4,2,3,5,1"
1609,Base Model,"4,2,6,3,1,5"
1610,Base Model,"1,5,3,2,6,4"
1611,Base Model,
1612,Base Model,"4,2,6,5,1,3"
1613,Base Model,
1614,Base Model,"4,2,6,3,5,1"
1615,Base Model,"1,1,2,3,4,5"
1616,Base Model,
1617,Base Model,"1,4,2,6,3,5"
1618,Base Model,"4,1,6,2,3,5"
1619,Base Model,
1620,Base Model,
1621,Base Model,
1622,Base Model,"2,6,3,4,1,5"
1623,Base Model,
1624,Base Model,"5,3,6,2,4,1"
1625,Base Model,"2,5,4,3,6,1"
1626,Base Model,5
1627,Base Model,"1,6,4,2,3,5"
1628,Base Model,
1629,Base Model,"6,1,2,3,4,5"
1630,Base Model,"4,3,2,5,6,1"
1631,Base Model,"5,3,4,2,6,1"
1632,Base Model,"2,5,1,6,4,3"
1633,Base Model,"2,6,4,3,5,1"
1634,Base Model,"3,2,5,6,3,1"
1635,Base Model,
1636,Base Model,"3,6,2,5,4,1"
1637,Base Model,6
1638,Base Model,6
1639,Base Model,"1,4,3,2,5,6"
1640,Base Model,"1,2,4,5,3,6"
1641,Base Model,"3,2,6,5,4,1"
1642,Base Model,"1,6,6"
1643,Base Model,"2,6,3,1,5,4"
1644,Base Model,"2,5,4,3,6,1"
1645,Base Model,"1,4,2,6,3,5"
1646,Base Model,"1,6,1,6,1,6"
1647,Base Model,"3,4,2,6,5,1"
1648,Base Model,"3,6,2,5,4,1"
1649,Base Model,
1650,Base Model,6
1651,Base Model,"5,2,4,1,3,6"
1652,Base Model,"1,3,4,2,6,5"
1653,Base Model,"1,1,5,4,2,3"
1654,Base Model,"3,6,2,4,5,1"
1655,Base Model,
1656,Base Model,"2,4,5,3,1,6"
1657,Base Model,"1,6,2,4,5,3"
1658,Base Model,"3,4,1,6,5,2"
1659,Base Model,"3,6,2,5,4,1"
1660,Base Model,"4,2,6,5,3,1"
1661,Base Model,6
1662,Base Model,"3,6,2,5,1,4"
1663,Base Model,"1,3,2,5,3,2"
1664,Base Model,5
1665,Base Model,
1666,Base Model,"4,2,6,3,1,5"
1667,Base Model,"4,2,6,1,3,5"
1668,Base Model,
1669,Base Model,
1670,Base Model,"1,4,2,2,3,5"
1671,Base Model,"6,1,6"
1672,Base Model,6
1673,Base Model,"4,2,6,5,3,1"
1674,Base Model,"5,2,3,1,6,4"
1675,Base Model,
1676,Base Model,"2,5,4,1,3,6"
1677,Base Model,"4,2,6,1,5,3"
1678,Base Model,"2,5,4,1,3,6"
1679,Base Model,"3,5,2,1,6"
1680,Base Model,"1,4,2,5,3,6"
1681,Base Model,
1682,Base Model,"1,4,2,3,3,5"
1683,Base Model,"6,1,6"
1684,Base Model,"2,6,4,3,5,1"
1685,Base Model,"2,5,3,6,1,4"
1686,Base Model,"4,1,5,6,3,2"
1687,Base Model,
1688,Base Model,"3,5,2,6,4,1"
1689,Base Model,"3,6,2,5,4,1"
1690,Base Model,"2,5,3,6,4,1"
1691,Base Model,"4,2,6,5,1,3"
1692,Base Model,
1693,Base Model,"1,6,6"
1694,Base Model,
1695,Base Model,"3,4,5,6,2,1"
1696,Base Model,"3,6,2,5,1,4"
1697,Base Model,"4,3,6,1,5,2"
1698,Base Model,"4,3,2,5,6,1"
1699,Base Model,"1,2,3,4,5,6"
1700,Base Model,"4,2,3,1,5,6"
1701,Base Model,"2,5,6,1,3,4"
1702,Base Model,"1,3,5,2,4,6"
1703,Base Model,6
1704,Base Model,"3,1,5,2,6,4"
1705,Base Model,"1,4,3,5,6,2"
1706,Base Model,
1707,Base Model,"4,2,6,3,5,1"
1708,Base Model,
1709,Base Model,
1710,Base Model,"1,4,2,6,3,3"
1711,Base Model,"2,6,4,3,5,1"
1712,Base Model,
1713,Base Model,"4,2,6,1,3"
1714,Base Model,"3,6,1,4,3,5"
1715,Base Model,"3,1,6,5,4,2"
1716,Base Model,"4,1,3,2,6,5"
1717,Base Model,"2,5,4,1,6,3"
1718,Base Model,
1719,Base Model,"5,3,2,6,1,4"
1720,Base Model,"6,6"
1721,Base Model,
1722,Base Model,"3,6,2,5,4,1"
1723,Base Model,"5,2,4,1,6,3"
1724,Base Model,"4,2,6,5,3,1"
1725,Base Model,
1726,Base Model,"1,2,5,4,3,6"
1727,Base Model,"5,3,2"
1728,Base Model,"6,6"
1729,Base Model,"2,6,1,3,5,4"
1730,Base Model,"3,5,2,4,6,1"
1731,Base Model,
1732,Base Model,"4,2,5,3,6,1"
1733,Base Model,"1,2,4,5,3,6"
1734,Base Model,
1735,Base Model,"4,2,6"
1736,Base Model,"1,4,2,3,6,5"
1737,Base Model,"2,6,1,3,5,4"
1738,Base Model,
1739,Base Model,"1,2,3,4,5"
1740,Base Model,"1,6"
1741,Base Model,"6,2,5,3,4,1"
1742,Base Model,
1743,Base Model,"1,3,2,5,6,4"
1744,Base Model,"1,2,3,4"
1745,Base Model,"2,5,3,6,4,5"
1746,Base Model,
1747,Base Model,"2,3,4,1,6"
1748,Base Model,"3,2,6,5,1,4"
1749,Base Model,"1,4,2,3,6,5"
1750,Base Model,"4,3,6,2,5,1"
1751,Base Model,"1,5,3,6,2,4"
1752,Base Model,"4,2,6,3,5,1"
1753,Base Model,"4,2,6,1,3,5"
1754,Base Model,"1,4,2,6,3,5"
1755,Base Model,"5,2,6,3,1,4"
1756,Base Model,"2,4,6,3,1,5"
1757,Base Model,"6,1,6"
1758,Base Model,"2,5,4,1,6,3"
1759,Base Model,"6,3,2,5,1,4"
1760,Base Model,"4,2,6,5,1,3"
1761,Base Model,"1,3"
1762,Base Model,"3,2,6,4,1,5"
1763,Base Model,
1764,Base Model,
1765,Base Model,"3,6,1,2,4,5"
1766,Base Model,"2,5,1,3,4,6"
1767,Base Model,"2,5,3,1,6,4"
1768,Base Model,"3,6,2,4,5,1"
1769,Base Model,"2,5,3,1,4"
1770,Base Model,"2,5,4,3,1,6"
1771,Base Model,"3,2,5,6,1,4"
1772,Base Model,
1773,Base Model,"2,6,4,1,3,5"
1774,Base Model,"2,6,5,3,4,1"
1775,Base Model,"1,6,3,4,5,6"
1776,Base Model,"2,4,6,1,3,5"
1777,Base Model,"1,2,3,4,5,6"
1778,Base Model,"6,4,2,6,1,5"
1779,Base Model,"4,2,6,5,3,1"
1780,Base Model,"4,6,2,5,3,1"
1781,Base Model,"3,6,2,5,4,1"
1782,Base Model,"3,4,2,1,5,6"
1783,Base Model,"5,4,3,6,3,5"
1784,Base Model,"4,1,6,3,2,5"
1785,Base Model,
1786,Base Model,
1787,Base Model,"4,2,6,3,1,5"
1788,Base Model,"2,6,5,4,1,3"
1789,Base Model,"4,2,6,3,5,1"
1790,Base Model,
1791,Base Model,"2,4,5,3,6,1"
1792,Base Model,
1793,Base Model,
1794,Base Model,"3,2,6,5,1,4"
1795,Base Model,"2,5,6,3,1,4"
1796,Base Model,"3,2,5,6,4,1"
1797,Base Model,"3,4,5,3,2,6"
1798,Base Model,"5,3,2,6,4,1"
1799,Base Model,
1800,Base Model,"6,1,4,5,6,1"
1801,Base Model,"3,2,6,5,1,4"
1802,Base Model,
1803,Base Model,"3,6,2,5,4,1"
1804,Base Model,"3,5,1,6,4,2"
1805,Base Model,
1806,Base Model,"2,6,3,1,5,4"
1807,Base Model,"3,5,2,6,4,1"
1808,Base Model,
1809,Base Model,"3,6,4,1,2,5"
1810,Base Model,"1,2,3,4,5,6"
1811,Base Model,
1812,Base Model,"3,6,2,5,1,4"
1813,Base Model,1
1814,Base Model,"3,4,2,5,6,1"
1815,Base Model,
1816,Base Model,
1817,Base Model,
1818,Base Model,"3,6,2,5,1,4"
1819,Base Model,
1820,Base Model,"3,6,1,5,2,4"
1821,Base Model,"1,4,2,5,3,6"
1822,Base Model,"3,6,1,4,2,5"
1823,Base Model,"2,6,1,3,5,4"
1824,Base Model,"2,4,1,6,5"
1825,Base Model,"3,5,2,6,1,4"
1826,Base Model,"5,2,6,1,4"
1827,Base Model,"3,6,2"
1828,Base Model,"1,1,2,3,4,5"
1829,Base Model,"3,2,5,4,1,6"
1830,Base Model,"1,5,2,2,3,6"
1831,Base Model,"2,4,3,5,1,6"
1832,Base Model,"4,2,5,1,6,3"
1833,Base Model,"4,2,5,3,6,1"
1834,Base Model,"1,3,2,6,4,5"
1835,Base Model,"5,2,3,6,1,4"
1836,Base Model,"5,3,2,6,1,4"
1837,Base Model,"6,1,6,5,3,2"
1838,Base Model,"5,2,6,3,1,4"
1839,Base Model,"3,1,6,2,5,4"
1840,Base Model,"1,4,3,2,6,5"
1841,Base Model,"2,5,4,6,1,3"
1842,Base Model,"2,5,3,6,1,4"
1843,Base Model,"3,6,2,5,1,4"
1844,Base Model,"2,5,4,1,6,3"
1845,Base Model,"3,2,6,5,4,1"
1846,Base Model,"2,5,1,4,3,6"
1847,Base Model,"1,6,4,3,5,2"
1848,Base Model,
1849,Base Model,"3,2,6,1,5,4"
1850,Base Model,1
1851,Base Model,"4,2,6,3,5,1"
1852,Base Model,"2,6,1,4,3"
1853,Base Model,"1,1,1,5,3,2"
1854,Base Model,"5,2,4,1,3,6"
1855,Base Model,"4,2,6,5,1,3"
1856,Base Model,"6,1,6,1,6,1"
1857,Base Model,"3,1,6,5,2,4"
1858,Base Model,"3,5,1,2,4,6"
1859,Base Model,
1860,Base Model,"6,2,5,3,1,6"
1861,Base Model,"1,6,6"
1862,Base Model,"5,1,3,2,4,6"
1863,Base Model,"1,6,6"
1864,Base Model,"1,6,6,5,4,2"
1865,Base Model,"4,2,3,6,5,1"
1866,Base Model,"1,4,3,6,2,5"
1867,Base Model,"6,1,6"
1868,Base Model,
1869,Base Model,"4,2,6,3,5,1"
1870,Base Model,"4,3,6,5,2,1"
1871,Base Model,"5,3,6,2,1,4"
1872,Base Model,"4,3,6,2,5,1"
1873,Base Model,"4,2,6,1,5,3"
1874,Base Model,"1,6,6"
1875,Base Model,"4,2,3,6,5,1"
1876,Base Model,
1877,Base Model,
1878,Base Model,"4,2,6,5,3,1"
1879,Base Model,"1,4,2,6,5,3"
1880,Base Model,"3,5,6,2,4,1"
1881,Base Model,"1,2,3,4,5,6"
1882,Base Model,"3,2,6,1,5,4"
1883,Base Model,"1,6,4,2,3,5"
1884,Base Model,"2,3,5,6,4,1"
1885,Base Model,
1886,Base Model,
1887,Base Model,"1,6,6"
1888,Base Model,1
1889,Base Model,
1890,Base Model,"3,6,2,5,1,4"
1891,Base Model,"5,3,1,6,2,4"
1892,Base Model,"3,1,2,6,5,4"
1893,Base Model,
1894,Base Model,"1,3,2,5,3,2"
1895,Base Model,"1,6,6"
1896,Base Model,"4,3,6,2,5,1"
1897,Base Model,"6,1,6"
1898,Base Model,"3,6,4,2,5,1"
1899,Base Model,
1900,Base Model,"3,4,6,2,5,1"
1901,Base Model,"5,1,3,6,4,2"
1902,Base Model,"3,6,2,1,5,4"
1903,Base Model,"4,3,5,2,1,6"
1904,Base Model,"3,2,6,1,5,4"
1905,Base Model,"4,2,6,3,5,1"
1906,Base Model,"2,5,3,6,1,4"
1907,Base Model,"6,1,6"
1908,Base Model,"3,1,6,4,2,5"
1909,Base Model,
1910,Base Model,"1,3,4,5,3,2"
1911,Base Model,"3,4,2,6,5,1"
1912,Base Model,"1,6,6"
1913,Base Model,
1914,Base Model,
1915,Base Model,"3,6,2,5,4,1"
1916,Base Model,
1917,Base Model,6
1918,Base Model,"4,2,5,3,6,1"
1919,Base Model,"3,5,4,2,6,1"
1920,Base Model,"2,5,1,4,6,3"
1921,Base Model,"3,6,4,2,5,1"
1922,Base Model,
1923,Base Model,"3,6,2,4,5,1"
1924,Base Model,"4,2,5,6,3,1"
1925,Base Model,"4,2,6,3,1,5"
1926,Base Model,"1,4,2,6,3,5"
1927,Base Model,"5,2,6,1,4,3"
1928,Base Model,"2,6,4,3,5,1"
1929,Base Model,"3,6,2,5,1,4"
1930,Base Model,"4,2,6,1,3,5"
1931,Base Model,"5,2,4,1,6,3"
1932,Base Model,"3,5,2,6,1,4"
1933,Base Model,"4,2,6,5,3,1"
1934,Base Model,"1,6,6"
1935,Base Model,
1936,Base Model,"5,3,1,4,2,6"
1937,Base Model,"5,2,6,1,4,3"
1938,Base Model,"1,6,1,6,1,6"
1939,Base Model,"6,1,6"
1940,Base Model,"1,3,5,6,2,3"
1941,Base Model,"5,3,1,2,6,4"
1942,Base Model,"1,3,4,2,6,2"
1943,Base Model,"3,6,1,4,5,2"
1944,Base Model,"1,6,6"
1945,Base Model,"4,2,3,1,5,6"
1946,Base Model,
1947,Base Model,"1,4"
1948,Base Model,"4,3,2,5,6,1"
1949,Base Model,
1950,Base Model,"4,2,6,1,5,3"
1951,Base Model,1
1952,Base Model,"1,6,2,4,5,3"
1953,Base Model,
1954,Base Model,"2,5,3,4,6,2"
1955,Base Model,"4,2,6,1,3,5"
1956,Base Model,
1957,Base Model,"2,4,1,5,3,6"
1958,Base Model,"1,2,3,4,5,6"
1959,Base Model,"1,6,6"
1960,Base Model,"4,6,3,2,5,1"
1961,Base Model,
1962,Base Model,"5,6,5"
1963,Base Model,"2,6,4,5,1,3"
1964,Base Model,"2,5,3,6,4,2"
1965,Base Model,"1,3,2,6,5,4"
1966,Base Model,"4,2,6,5,1,3"
1967,Base Model,"4,2,6,3,1,5"
1968,Base Model,"5,2,6,1,3,4"
1969,Base Model,
1970,Base Model,"6,6"
1971,Base Model,
1972,Base Model,
1973,Base Model,"1,3,6,5,2,4"
1974,Base Model,"2,5,6,3,4,1"
1975,Base Model,"4,2,6,3,1,5"
1976,Base Model,"3,6,5,1,4,2"
1977,Base Model,"3,4,6,2,5,3"
1978,Base Model,"4,2,6,1,3,5"
1979,Base Model,
1980,Base Model,"5,3,2,6,1,4"
1981,Base Model,"1,2,5,3,6,4"
1982,Base Model,
1983,Base Model,"3,6,2,5,4,1"
1984,Base Model,"2,4,6,5,2,3"
1985,Base Model,
1986,Base Model,
1987,Base Model,
1988,Base Model,"3,5,2,4,1,6"
1989,Base Model,"1,6,6"
1990,Base Model,
1991,Base Model,
1992,Base Model,"3,6,2,5,4,1"
1993,Base Model,
1994,Base Model,"3,6,1,5,2,4"
1995,Base Model,
1996,Base Model,
1997,Base Model,"3,4,2,6,5,1"
1998,Base Model,"3,6,1,5,2,4"
1999,Base Model,
2000,Base Model,1
2001,Base Model,"3,5,2,6,4,1"
2002,Base Model,
2003,Base Model,"1,6,2,5,3,4"
2004,Base Model,"5,3,2,6,4,1"
2005,Base Model,"2,5,3,6,1,4"
2006,Base Model,"3,6,2,4,1,5"
2007,Base Model,
2008,Base Model,"1,3,2,6,4,5"
2009,Base Model,"3,4,5,6,2,1"
2010,Base Model,"1,2,3,4,5,6"
2011,Base Model,"1,2,4,3,5,6"
2012,Base Model,"5,1,3,6,4,2"
2013,Base Model,"2,6,4,1,3,5"
2014,Base Model,"2,5,1,4,3,6"
2015,Base Model,"5,2,6,4,1,3"
2016,Base Model,"6,1,6"
2017,Base Model,"6,1,6,1"
2018,Base Model,"5,3,2,6,1"
2019,Base Model,
2020,Base Model,"3,6,2,1,5,4"
2021,Base Model,"4,2,5,3,6,1"
2022,Base Model,"1,6"
2023,Base Model,
2024,Base Model,"4,2,3,6,1,5"
2025,Base Model,
2026,Base Model,"4,3,6,5,1,2"
2027,Base Model,6
2028,Base Model,"2,1,1,5,3,6"
2029,Base Model,"3,6,2,4,5,1"
2030,Base Model,
2031,Base Model,"4,2,6,3,1,5"
2032,Base Model,"3,1,6,5,4,2"
2033,Base Model,
2034,Base Model,"2,6,5,3,1,4"
2035,Base Model,"4,2,6,3,1,5"
2036,Base Model,"5,3,6,2,1,4"
2037,Base Model,"2,5,3,6,1,4"
2038,Base Model,
2039,Base Model,"3,6,1,2,5"
2040,Base Model,"1,1,2,4,5,3"
2041,Base Model,"3,6,2,5,4,1"
2042,Base Model,"4,2,6,3,5,1"
2043,Base Model,"5,1,3,2,6"
2044,Base Model,
2045,Base Model,
2046,Base Model,
2047,Base Model,"6,3,1,6,2"
2048,Base Model,"1,3,6,4,2,5"
2049,Base Model,
2050,Base Model,
2051,Base Model,"1,5,2,6,1,3"
2052,Base Model,"3,5,1,2,6,4"
2053,Base Model,
2054,Base Model,
2055,Base Model,"3,6,1,4,5,2"
2056,Base Model,
2057,Base Model,"4,2,6,5,3,1"
2058,Base Model,
2059,Base Model,"3,2,6,1,5,4"
2060,Base Model,"1,4,2,5,3,6"
2061,Base Model,
2062,Base Model,"4,6,2,5,3,1"
2063,Base Model,"3,6,2,5,1,4"
2064,Base Model,"1,2,3,4,5,6"
2065,Base Model,
2066,Base Model,"4,2,5,3,1,6"
2067,Base Model,"1,3,2,5,4,6"
2068,Base Model,"1,4,5,3,2,6"
2069,Base Model,"4,3,6,2,5,1"
2070,Base Model,
2071,Base Model,"2,5,4,3,1,6"
2072,Base Model,
2073,Base Model,"3,5,2,6,1,4"
2074,Base Model,"2,5,3,6,4,1"
2075,Base Model,"3,6,2,5,1,4"
2076,Base Model,"4,3,6,2,1,5"
2077,Base Model,"5,3,2,4,6,1"
2078,Base Model,"5,3,6,2,6,4"
2079,Base Model,
2080,Base Model,2
2081,Base Model,"4,1,2,6,5,3"
2082,Base Model,"3,1,2,5,4,6"
2083,Base Model,
2084,Base Model,
2085,Base Model,
2086,Base Model,"1,4,3,6,2"
2087,Base Model,"4,2,6,5,1,3"
2088,Base Model,"4,2,6,5,1,3"
2089,Base Model,"1,4,2,3,6,1"
2090,Base Model,"5,3,4"
2091,Base Model,"2,5,4,3,6,1"
2092,Base Model,"1,6,6"
2093,Base Model,
2094,Base Model,
2095,Base Model,
2096,Base Model,"1,2,3,4,5,6"
2097,Base Model,"3,2,5,1,4,6"
2098,Base Model,"3,2,5,6,1,4"
2099,Base Model,
2100,Base Model,
2101,Base Model,
2102,Base Model,
2103,Base Model,"2,6,1,5,3,4"
2104,Base Model,"4,2,5,3,1,6"
2105,Base Model,"1,4,2,6,5,3"
2106,Base Model,"1,4,5,6,2,3"
2107,Base Model,"2,4,6,2,5,1"
2108,Base Model,"3,6,2,5,4,1"
2109,Base Model,"4,2,3,6,1,5"
2110,Base Model,"3,5,2,6,1,4"
2111,Base Model,"1,2,3,5,6,2"
2112,Base Model,"2,5,4,3,1,6"
2113,Base Model,"4,3,6,5,2,1"
2114,Base Model,"2,4,6,1,3,5"
2115,Base Model,"1,2,3,4,5,6"
2116,Base Model,
2117,Base Model,"5,3,2,6,1,4"
2118,Base Model,
2119,Base Model,"4,6,3,1,5,2"
2120,Base Model,"3,6,2,5,1,4"
2121,Base Model,"3,5,2,4,6,1"
2122,Base Model,"2,4,6,1,3,5"
2123,Base Model,"1,2,5,3,6,4"
2124,Base Model,"5,3,4,2,6,5"
2125,Base Model,"6,6,1,6,1,2"
2126,Base Model,"1,6"
2127,Base Model,"1,4,2,6,3,5"
2128,Base Model,"3,2,6,5,3,4"
2129,Base Model,"5,3,4,6,1"
2130,Base Model,"3,2,6,4,5,1"
2131,Base Model,"5,2,6,3,1,4"
2132,Base Model,"4,2,6,5,1,3"
2133,Base Model,"3,5,2,6,1,4"
2134,Base Model,"6,1,6"
2135,Base Model,"5,2,6,3,4,1"
2136,Base Model,
2137,Base Model,"3,6,2,4,5,1"
2138,Base Model,
2139,Base Model,
2140,Base Model,"1,2,3,1,6,2"
2141,Base Model,"3,6,1,4,5,2"
2142,Base Model,"4,2,5,3,6,1"
2143,Base Model,"4,2,5,6,3,1"
2144,Base Model,3
2145,Base Model,"1,4,6,2,3,5"
2146,Base Model,"2,5,1,6,3,4"
2147,Base Model,"1,6,4,3,2,5"
2148,Base Model,"4,2,6,5,3,1"
2149,Base Model,
2150,Base Model,"2,4,6,5,3"
2151,Base Model,"5,1,3,4,2,6"
2152,Base Model,"1,6,2,6,4,3"
2153,Base Model,"5,3,1,6,2,4"
2154,Base Model,
2155,Base Model,"4,2,6,5,1,3"
2156,Base Model,"6,5,2,4,3,1"
2157,Base Model,"3,4,2,5,6,1"
2158,Base Model,"6,1,6"
2159,Base Model,"1,4,3,5,2"
2160,Base Model,
2161,Base Model,"1,6,3,4,2,5"
2162,Base Model,
2163,Base Model,"1,2,5,3,6,4"
2164,Base Model,"1,2,3,4,5,6"
2165,Base Model,"1,2,6"
2166,Base Model,"1,5,3,1,2,1"
2167,Base Model,
2168,Base Model,"4,2,6,1,5,3"
2169,Base Model,"2,4,3,5,6,1"
2170,Base Model,"5,2,6,3,1,4"
2171,Base Model,"4,6,3,2,5,1"
2172,Base Model,2
2173,Base Model,"1,2,5,6,3,4"
2174,Base Model,"2,6,1,4,3,5"
2175,Base Model,"3,6,2,4,1,5"
2176,Base Model,
2177,Base Model,"4,6,2,5,3,1"
2178,Base Model,"4,3,5,2,6,1"
2179,Base Model,
2180,Base Model,"3,2,5,6,1,4"
2181,Base Model,"3,5,2,6,1,4"
2182,Base Model,"4,2,3,6,5,1"
2183,Base Model,"6,1,6"
2184,Base Model,6
2185,Base Model,"1,4,3,6,2,5"
2186,Base Model,
2187,Base Model,"5,2,6,3,1,4"
2188,Base Model,"2,5,3,6,4,1"
2189,Base Model,"5,2,6,5,4"
2190,Base Model,"3,6,1,4,2,5"
2191,Base Model,
2192,Base Model,
2193,Base Model,"4,2,3,5,1,6"
2194,Base Model,"4,1,3,2,6,5"
2195,Base Model,
2196,Base Model,"5,3,2,6,1,4"
2197,Base Model,"5,4,1,2,6,3"
2198,Base Model,"3,6,2,5,4,1"
2199,Base Model,"5,2"
2200,Base Model,"5,2,4,3,1,6"
2201,Base Model,"5,2,4,6,1,3"
2202,Base Model,"5,2,6,3,1,4"
2203,Base Model,"1,4,6,5,2,3"
2204,Base Model,"5,2,6,3,1,4"
2205,Base Model,
2206,Base Model,"1,2,3,4,5,6"
2207,Base Model,
2208,Base Model,"4,2,3,6,5,1"
2209,Base Model,"4,2,6,5,1,3"
2210,Base Model,
2211,Base Model,
2212,Base Model,"4,2,6,1,5,3"
2213,Base Model,"1,4,2,3,5,1"
2214,Base Model,"3,6,2,5,1,4"
2215,Base Model,"3,6,1,2,4,5"
2216,Base Model,
2217,Base Model,"1,2,3,4,5,6"
2218,Base Model,"1,6,1,2,3,3"
2219,Base Model,"1,2,3,6,5,4"
2220,Base Model,"5,3,2,6,1,4"
2221,Base Model,"3,1,5,2,6,4"
2222,Base Model,"4,2,5,6,3,1"
2223,Base Model,
2224,Base Model,
2225,Base Model,"3,6,2,5,4,1"
2226,Base Model,"4,1,6,2,5,3"
2227,Base Model,
2228,Base Model,
2229,Base Model,"2,5,4,6,3,1"
2230,Base Model,
2231,Base Model,"5,2,3,4,6,5"
2232,Base Model,"4,2,5,1,3,6"
2233,Base Model,"4,2,6,3,5,1"
2234,Base Model,"6,4,3,6,2,5"
2235,Base Model,
2236,Base Model,"4,3,6,2,5,1"
2237,Base Model,"3,1,5,2,6,4"
2238,Base Model,"3,5,1,4,2,6"
2239,Base Model,"3,2,6,4,1,5"
2240,Base Model,"1,4,2,3,5,6"
2241,Base Model,"2,4,6,1,3,5"
2242,Base Model,"3,1,6,4,2,5"
2243,Base Model,"3,6,1,5,2,4"
2244,Base Model,"6,6,6,1"
2245,Base Model,"6,4,3,6,2,5"
2246,Base Model,"6,1,6,6"
2247,Base Model,
2248,Base Model,
2249,Base Model,"2,6,4,3,5,1"
2250,Base Model,"1,6,6,5,2,6"
2251,Base Model,
2252,Base Model,"3,6,2,5,1,4"
2253,Base Model,"4,2,6,3,5,1"
2254,Base Model,"3,6,1,2,5,4"
2255,Base Model,"2,5,4,3,6,1"
2256,Base Model,
2257,Base Model,
2258,Base Model,
2259,Base Model,"4,2,6,3,5,1"
2260,Base Model,"5,3,2,4,6,1"
2261,Base Model,"3,5,2,4,1,6"
2262,Base Model,"2,6,4,5,3,1"
2263,Base Model,
2264,Base Model,6
2265,Base Model,"2,6,3,5,1,4"
2266,Base Model,"2,4,6,1,5,3"
2267,Base Model,"1,2,3,6,2,4"
2268,Base Model,
2269,Base Model,"2,4,6,1,3,5"
2270,Base Model,"6,2,4,3,5,1"
2271,Base Model,
2272,Base Model,"4,2,6,3,5,1"
2273,Base Model,"2,5,3,6,4,1"
2274,Base Model,"1,6,6"
2275,Base Model,"3,2,5,4,1,6"
2276,Base Model,
2277,Base Model,"2,4,6,1,3,5"
2278,Base Model,"2,5,3,1,4,6"
2279,Base Model,"3,5,2,6,4,1"
2280,Base Model,"5,2,6,3,1,4"
2281,Base Model,"1,3,2,6,4,5"
2282,Base Model,"3,2,6,1,5,4"
2283,Base Model,6
2284,Base Model,"2,5,4,3,6,1"
2285,Base Model,"1,6"
2286,Base Model,"4,2,5,6,1,3"
2287,Base Model,"6,1,6"
2288,Base Model,"5,3,2,6,1,4"
2289,Base Model,"1,2,3,4,5,6"
2290,Base Model,6
2291,Base Model,"3,6,2,5,4,1"
2292,Base Model,"1,5,2,2,3"
2293,Base Model,"2,5,4,6,3,1"
2294,Base Model,"2,5,3,6,1"
2295,Base Model,"5,2,6,1,4,3"
2296,Base Model,"4,3,6,2,5,1"
2297,Base Model,"4,2,6,3,5,1"
2298,Base Model,
2299,Base Model,"3,5,1,2,6,4"
2300,Base Model,"4,2,3,6,5,1"
2301,Base Model,
2302,Base Model,"1,3,2,6,5,1"
2303,Base Model,"3,2,5,1,6,4"
2304,Base Model,"2,5,4,6,1,3"
2305,Base Model,"2,6,5,3,4,1"
2306,Base Model,
2307,Base Model,"2,5,3,1,6,4"
2308,Base Model,"3,2,6,1,5,4"
2309,Base Model,"1,3,2,6,5,4"
2310,Base Model,"3,2,6,4,5,1"
2311,Base Model,
2312,Base Model,"3,2,5,6,4,1"
2313,Base Model,"5,2,3,4,1,6"
2314,Base Model,"2,6,4,3,5,1"
2315,Base Model,"3,5,1,2,4,6"
2316,Base Model,"1,4,5,2,6,3"
2317,Base Model,"2,5,3,6,4,1"
2318,Base Model,"3,2,6,4,5,1"
2319,Base Model,"3,6,1,5,2,4"
2320,Base Model,"1,5,4,6,2,3"
2321,Base Model,"3,4,6,1,5,2"
2322,Base Model,"4,2,5,6,1,3"
2323,Base Model,"4,2,6,3,1,5"
2324,Base Model,
2325,Base Model,"2,6,3,1,5,4"
2326,Base Model,"1,2,3,4,5,6"
2327,Base Model,
2328,Base Model,"1,6,3,2,5,1"
2329,Base Model,"2,4,6,3,1,5"
2330,Base Model,"3,6,2,5,4,1"
2331,Base Model,"5,2,6,1,3,4"
2332,Base Model,"1,2,3,4,5,6"
2333,Base Model,"4,2,6,1,3,5"
2334,Base Model,"1,3,2,5,6,4"
2335,Base Model,"3,4,2,5,6,1"
2336,Base Model,"3,1,5,2,4,6"
2337,Base Model,"2,6,4,3,5,1"
2338,Base Model,6
2339,Base Model,"6,1,6"
2340,Base Model,"4,2,6,5,1,3"
2341,Base Model,"6,4,2,3,1,5"
2342,Base Model,"1,3,5,2,6,4"
2343,Base Model,"2,5,1,6,4,3"
2344,Base Model,"3,6,4,2,5,1"
2345,Base Model,"1,5,2,4,3,6"
2346,Base Model,
2347,Base Model,"4,6,2,5,1,3"
2348,Base Model,"2,6,4,3,5,1"
2349,Base Model,
2350,Base Model,"3,4,4,1"
2351,Base Model,"4,2,6,3,5,1"
2352,Base Model,
2353,Base Model,"3,2,6,5,1,4"
2354,Base Model,"1,2,3,4,5,6"
2355,Base Model,"4,2,3,6,1,5"
2356,Base Model,
2357,Base Model,"4,1,3,5,2,6"
2358,Base Model,"6,1,6,2,3,6"
2359,Base Model,"1,4,2,2,3,6"
2360,Base Model,"2,4,6,3,5,1"
2361,Base Model,"2,5,3,6,1,4"
2362,Base Model,"5,2,6,4,3,1"
2363,Base Model,"3,6,2,1,4,5"
2364,Base Model,"2,4,6,5,3,1"
2365,Base Model,"5,2,6,3,1,4"
2366,Base Model,
2367,Base Model,"3,2,6,1,5,4"
2368,Base Model,"2,4,3,6,5,1"
2369,Base Model,"1,2,3,4,2,5"
2370,Base Model,"5,3,6,2,1,4"
2371,Base Model,"3,6,2,4,5,1"
2372,Base Model,"4,3,6,1,5,2"
2373,Base Model,
2374,Base Model,"4,1,6,3,2,5"
2375,Base Model,"1,2,3,4,5,6"
2376,Base Model,"3,5,1,4,2,6"
2377,Base Model,
2378,Base Model,"4,2,6,3,5,1"
2379,Base Model,
2380,Base Model,
2381,Base Model,
2382,Base Model,"2,6,1,5,4,3"
2383,Base Model,"1,6,1,6,1,6"
2384,Base Model,"4,3,5,6,2,1"
2385,Base Model,"1,4,2,5,3,6"
2386,Base Model,"5,3,2,6,5,1"
2387,Base Model,"1,6,1,6,4,2"
2388,Base Model,"3,2,6,5,1,4"
2389,Base Model,"3,6,1,5"
2390,Base Model,
2391,Base Model,"6,1,6"
2392,Base Model,"3,5,1,6,4,2"
2393,Base Model,
2394,Base Model,"2,6,3,1,5,4"
2395,Base Model,"3,4,5,1,2,6"
2396,Base Model,"3,2,5,1,4,6"
2397,Base Model,
2398,Base Model,"4,3,2,6,5,1"
2399,Base Model,"3,5,2,4,6,1"
2400,Base Model,"3,1,4,2,5,6"
2401,Base Model,"3,1,6,4,2,5"
2402,Base Model,"2,6,4,3,5,1"
2403,Base Model,
2404,Base Model,"1,2,3,4,5,6"
2405,Base Model,"5,3,2,6,1,4"
2406,Base Model,"3,2,5,1,4,6"
2407,Base Model,
2408,Base Model,"3,6,2,5,1,4"
2409,Base Model,"4,2,6,5,3,1"
2410,Base Model,"5,2,6,1,3,4"
2411,Base Model,"3,6,4,2,5,1"
2412,Base Model,6
2413,Base Model,
2414,Base Model,"5,2,3,6,1,4"
2415,Base Model,"1,3,2,4,5,1"
2416,Base Model,"1,2,3,4,5,6"
2417,Base Model,"4,2,6,3,5,1"
2418,Base Model,
2419,Base Model,"2,6,3,4,1,5"
2420,Base Model,"1,4,5,3,2,6"
2421,Base Model,"5,3"
2422,Base Model,"6,1,6"
2423,Base Model,"2,6,4,3,1,5"
2424,Base Model,"1,3,6,5,2,4"
2425,Base Model,"1,2,3,4,5,6"
2426,Base Model,"3,6,5"
2427,Base Model,
2428,Base Model,"3,1,6,5,4,2"
2429,Base Model,
2430,Base Model,"3,6,2,1,4,5"
2431,Base Model,
2432,Base Model,"3,2,6,5,3,4"
2433,Base Model,"1,2,5,6,2,4"
2434,Base Model,"2,4,1,5,6,3"
2435,Base Model,"1,4,2,5,3,1"
2436,Base Model,
2437,Base Model,"4,2,5,1,6,3"
2438,Base Model,"4,2,6,3,5,1"
2439,Base Model,"3,4,2,5,6,1"
2440,Base Model,"2,6,4,5,3,1"
2441,Base Model,"2,5,3,1,6,4"
2442,Base Model,
2443,Base Model,"3,5,1,3,2,4"
2444,Base Model,"2,5,3,1,6,4"
2445,Base Model,"5,3,6,2,4,1"
2446,Base Model,
2447,Base Model,"3,6,2,4,5,1"
2448,Base Model,
2449,Base Model,"1,4,3,6,2,5"
2450,Base Model,"2,5,4,6,3,1"
2451,Base Model,"3,1,5,6,2,4"
2452,Base Model,
2453,Base Model,"2,5,1,4,3,6"
2454,Base Model,"6,1,6,3,6,1"
2455,Base Model,"1,6,6"
2456,Base Model,
2457,Base Model,"4,2,5,6,1,3"
2458,Base Model,"3,4,2,6,1,5"
2459,Base Model,"4,2,3,6,1,5"
2460,Base Model,"6,1,6,3,6,2"
2461,Base Model,"2,5,4,6,3,2"
2462,Base Model,"4,2,6,5,3,1"
2463,Base Model,"6,4,3,6,2,5"
2464,Base Model,"1,2,3,4,5,6"
2465,Base Model,
2466,Base Model,"4,2,6,3,5,1"
2467,Base Model,"1,6,6,2,4,6"
2468,Base Model,"6,3,2,4,1,5"
2469,Base Model,"1,4,2,3,3,6"
2470,Base Model,"1,2,5,6,3,4"
2471,Base Model,"4,2,6,3,1,5"
2472,Base Model,"4,2,6,5,3,1"
2473,Base Model,"4,2,6,3,1,5"
2474,Base Model,
2475,Base Model,"3,5,2,6,4,1"
2476,Base Model,"1,2,3,4,5,6"
2477,Base Model,
2478,Base Model,
2479,Base Model,"4,3,6,5,2,1"
2480,Base Model,"1,1,2,6,6"
2481,Base Model,"4,3,6,2,5,1"
2482,Base Model,"1,6,6"
2483,Base Model,"2,5,4,6,3,1"
2484,Base Model,"1,2,3,4,5,6"
2485,Base Model,"1,6"
2486,Base Model,"2,4,3,1,5,6"
2487,Base Model,
2488,Base Model,"3,5,1,3,6,2"
2489,Base Model,"5,3,1,2,6,4"
2490,Base Model,"1,4,3,6,5,2"
2491,Base Model,"1,5,2,3,6,4"
2492,Base Model,
2493,Base Model,"3,2,6,1,5,4"
2494,Base Model,
2495,Base Model,
2496,Base Model,
2497,Base Model,"3,6,2,5,4,1"
2498,Base Model,"1,2,4,3,5,6"
2499,Base Model,"1,6"
2500,Base Model,
2501,Base Model,"1,6,6,4,2,6"
2502,Base Model,"1,3,4,5,2,6"
2503,Base Model,"4,2,6,3,5,1"
2504,Base Model,"1,6,1"
2505,Base Model,"3,6,2,5,4,1"
2506,Base Model,"1,3,2,6,5,4"
2507,Base Model,
2508,Base Model,"3,6,2,5,4,1"
2509,Base Model,"3,1,6,4,2,5"
2510,Base Model,"2,6,5,1,3,4"
2511,Base Model,"1,5,3,2"
2512,Base Model,
2513,Base Model,
2514,Base Model,1
2515,Base Model,"3,2,6,1,5,4"
2516,Base Model,"2,4,1,6,3,5"
2517,Base Model,"6,1,6,4,3,6"
2518,Base Model,"5,3,6,2,1,4"
2519,Base Model,
2520,Base Model,"4,2,6,1,5,3"
2521,Base Model,"4,2,6,1,5,3"
2522,Base Model,
2523,Base Model,"1,2,6"
2524,Base Model,"1,2,3,4,5,6"
2525,Base Model,"4,3,6,2,5,1"
2526,Base Model,"5,3,2,6,1,4"
2527,Base Model,"1,2,3,4,5,6"
2528,Base Model,"4,2,6,3,5,1"
2529,Base Model,"3,4,2,6,5,1"
2530,Base Model,"1,3,2,6,4,5"
2531,Base Model,"1,6,6"
2532,Base Model,"2,5,4,3,1,6"
2533,Base Model,
2534,Base Model,
2535,Base Model,"2,6,4,5,1,3"
2536,Base Model,"1,5,2,6,3,6"
2537,Base Model,
2538,Base Model,
2539,Base Model,"1,6,2,5,3,6"
2540,Base Model,"6,1,6"
2541,Base Model,"3,6,2,1,5,4"
2542,Base Model,"4,3,1,5,2,6"
2543,Base Model,"4,2,5,6,3,1"
2544,Base Model,"2,5,6,3,1,4"
2545,Base Model,"1,4,2,2,3,6"
2546,Base Model,"4,2,6,3,5,1"
2547,Base Model,
2548,Base Model,"4,2,6,3,5,1"
2549,Base Model,"4,2,5,3,1,6"
2550,Base Model,"1,2,3,4,5,6"
2551,Base Model,"2,6,4,5,1,3"
2552,Base Model,"3,2,6,5,1,4"
2553,Base Model,
2554,Base Model,"4,2,6,3,1,5"
2555,Base Model,"1,4,2,2,3,6"
2556,Base Model,
2557,Base Model,"3,4,5,3,6,1"
2558,Base Model,"2,5,6,4,2,3"
2559,Base Model,"1,4,2,5,3,6"
2560,Base Model,"2,4,1,5,3,6"
2561,Base Model,"3,6,2,5,4,1"
2562,Base Model,"4,2,6,1,3,5"
2563,Base Model,
2564,Base Model,"1,4,2,5,6,3"
2565,Base Model,
2566,Base Model,"5,3,6,2,1,4"
2567,Base Model,"2,6,5,4,3,1"
2568,Base Model,"1,3,5,2,4,6"
2569,Base Model,3
2570,Base Model,"4,2,5,6,3,1"
2571,Base Model,"5,1,3,4,2,6"
2572,Base Model,"4,1,6,3,2,5"
2573,Base Model,"1,4,2,2,3,6"
2574,Base Model,
2575,Base Model,"3,6,2,5,4,1"
2576,Base Model,"3,2,6,5,1,4"
2577,Base Model,"3,6,2,5,1,4"
2578,Base Model,"4,2,6,3,5,1"
2579,Base Model,"4,3,1,5,6,2"
2580,Base Model,"1,5,3,2,6,4"
2581,Base Model,"3,1,6,4,2,5"
2582,Base Model,"1,3,2,6,5,4"
2583,Base Model,"3,6,4,2,5,1"
2584,Base Model,"1,2,3,4,5"
2585,Base Model,"1,4,2,6,5,3"
2586,Base Model,"3,6,2,5,1,4"
2587,Base Model,6
2588,Base Model,"6,2,3,1,4,5"
2589,Base Model,"1,6,3,2,5,1"
2590,Base Model,
2591,Base Model,
2592,Base Model,"4,2,5,3,6,1"
2593,Base Model,"1,2,3,4,5,6"
2594,Base Model,"1,3,2,5,4,1"
2595,Base Model,
2596,Base Model,"1,2,4,6,3,5"
2597,Base Model,"3,2,6,4,5,1"
2598,Base Model,"3,2,6,5,1,4"
2599,Base Model,"4,6,2,5,3,1"
2600,Base Model,
2601,Base Model,"1,2,3,4,5,6"
2602,Base Model,
2603,Base Model,
2604,Base Model,"6,1,6"
2605,Base Model,"4,2,5,3,1,6"
2606,Base Model,"3,6,2,5,4,1"
2607,Base Model,"1,2,3,4,5,6"
2608,Base Model,"1,6,6,1,6"
2609,Base Model,"5,3,2,6,1,4"
2610,Base Model,4
2611,Base Model,"4,2,6,3,5,1"
2612,Base Model,
2613,Base Model,"5,3,4,2,6,1"
2614,Base Model,
2615,Base Model,"2,4,5,1,6,3"
2616,Base Model,"2,5,3,4,6,1"
2617,Base Model,"2,5,5"
2618,Base Model,"2,5,3,6,4,1"
2619,Base Model,"6,1,6,1"
2620,Base Model,"4,2,6,1,5,3"
2621,Base Model,"4,2,6,1,5,3"
2622,Base Model,"5,2,3,6,1,4"
2623,Base Model,
2624,Base Model,"3,5,1,2,6,4"
2625,Base Model,
2626,Base Model,"3,4,2"
2627,Base Model,"4,2,6,3,5,1"
2628,Base Model,"1,2,3,4,5,6"
2629,Base Model,"6,1,6"
2630,Base Model,"3,6,2,5,1,4"
2631,Base Model,"4,6,2,5,1,3"
2632,Base Model,"3,6,2,5,1,4"
2633,Base Model,
2634,Base Model,"3,2,6,4,5,1"
2635,Base Model,"2,6,4,3,1,5"
2636,Base Model,"5,2,6,3,1,4"
2637,Base Model,
2638,Base Model,"4,1,5,6,2,3"
2639,Base Model,
2640,Base Model,
2641,Base Model,"2,3,5,1,4,6"
2642,Base Model,"3,5,2,6,1,4"
2643,Base Model,"2,5,6,1,4,3"
2644,Base Model,
2645,Base Model,"5,2,6,3,1,4"
2646,Base Model,"3,6,2,5,4,1"
2647,Base Model,"1,2,4,5,3,6"
2648,Base Model,1
2649,Base Model,"2,5,3,6,2,4"
2650,Base Model,"3,6,2,5,1,4"
2651,Base Model,
2652,Base Model,
2653,Base Model,"5,2,6,3,1,4"
2654,Base Model,"2,5,3,1,4,6"
2655,Base Model,"6,1,6"
2656,Base Model,"1,4,5,2,6,3"
2657,Base Model,"2,5,4,6,3,1"
2658,Base Model,
2659,Base Model,
2660,Base Model,"5,3,6,2,5,4"
2661,Base Model,
2662,Base Model,"4,2,6,1,5,3"
2663,Base Model,"1,6,3,1,4,2"
2664,Base Model,
2665,Base Model,"3,6,2,5,4,1"
2666,Base Model,"2,5,3,4,1,6"
2667,Base Model,
2668,Base Model,"3,2,6,4,1,5"
2669,Base Model,
2670,Base Model,
2671,Base Model,"4,3,2,6,5,1"
2672,Base Model,
2673,Base Model,"1,3,4,2,6,5"
2674,Base Model,
2675,Base Model,"2,6,1,4,3,5"
2676,Base Model,"2,4,5,1,6,3"
2677,Base Model,"2,6,1,3,5,4"
2678,Base Model,"3,6,2,5,4,1"
2679,Base Model,"4,6,2,3,5,1"
2680,Base Model,"3,6,2,5,1,4"
2681,Base Model,"4,2,6,5,3,1"
2682,Base Model,"3,6,2,5,1,4"
2683,Base Model,"3,5,2,6,4,1"
2684,Base Model,"5,3,2,6,1,4"
2685,Base Model,"4,6,3,2,5,1"
2686,Base Model,
2687,Base Model,
2688,Base Model,"1,6,1,6"
2689,Base Model,
2690,Base Model,
2691,Base Model,"2,4,1,3,5,2"
2692,Base Model,
2693,Base Model,"1,4,2,5,3,2"
2694,Base Model,"4,2,6,1,3,5"
2695,Base Model,"3,4,5,6"
2696,Base Model,"4,2,6,5,3,1"
2697,Base Model,"1,2,3,5,4,6"
2698,Base Model,"1,3,2,3,1,6"
2699,Base Model,"4,2,6,1,3,5"
2700,Base Model,
2701,Base Model,
2702,Base Model,"1,2,3,4,5,6"
2703,Base Model,
2704,Base Model,"3,5,2,6,4,1"
2705,Base Model,"1,3,5,4,5,2"
2706,Base Model,"4,2,6,5,3,1"
2707,Base Model,"4,6,2,5,3,1"
2708,Base Model,"4,3,6,5,2,1"
2709,Base Model,"2,5,3,1,4,6"
2710,Base Model,
2711,Base Model,"1,3,4,2,6,5"
2712,Base Model,"3,2,5,1,4,6"
2713,Base Model,"4,2,6,3,1,5"
2714,Base Model,"4,1,2,6,5,3"
2715,Base Model,"4,2,3,6,5,1"
2716,Base Model,"2,5,3,4,6,1"
2717,Base Model,
2718,Base Model,"4,6,2,5,1,3"
2719,Base Model,"4,2,6,1,5,3"
2720,Base Model,"3,5,2,6,4,1"
2721,Base Model,"1,3,2,6,5,4"
2722,Base Model,
2723,Base Model,
2724,Base Model,"1,2,5,6,4,3"
2725,Base Model,"4,2,6,5,1,3"
2726,Base Model,"3,2,6,5,4,1"
2727,Base Model,"3,6,1,4,5,2"
2728,Base Model,
2729,Base Model,"2,4,5,3,6,1"
2730,Base Model,"3,2,5,1,6,4"
2731,Base Model,
2732,Base Model,"4,2,5,6,3,1"
2733,Base Model,"3,2,6,1,4,5"
2734,Base Model,"4,2,6,3,5,1"
2735,Base Model,"3,6,2,1,5,4"
2736,Base Model,"4,6,2,5,1,3"
2737,Base Model,"5,3,2,6,4,1"
2738,Base Model,"2,6,3,4,1,5"
2739,Base Model,"6,2,4,5,3,1"
2740,Base Model,
2741,Base Model,"4,2,6,3,5,1"
2742,Base Model,
2743,Base Model,
2744,Base Model,6
2745,Base Model,"3,6,5,2,4,1"
2746,Base Model,"1,6,6"
2747,Base Model,"4,2,6,3,5,1"
2748,Base Model,"2,6,4,3,5,1"
2749,Base Model,"1,1,1,1,1,1"
2750,Base Model,"1,3,2,6,5,4"
2751,Base Model,"4,3,2,6,1"
2752,Base Model,
2753,Base Model,"2,6,4,1,5,3"
2754,Base Model,"1,2,3,4,5,6"
2755,Base Model,"4,2,6,5,3,1"
2756,Base Model,"1,2,3,5,6"
2757,Base Model,
2758,Base Model,"2,4,6,5,3,1"
2759,Base Model,"6,1,6,1,6,1"
2760,Base Model,"3,2,6,5,1,4"
2761,Base Model,"2,4,6,3,5,1"
2762,Base Model,"1,2,3,4,5,5"
2763,Base Model,"4,1,6,3,2,5"
2764,Base Model,"3,2,6,5,1,4"
2765,Base Model,"1,6,6"
2766,Base Model,"4,2,6,5,1,3"
2767,Base Model,"4,3,6,2,5,1"
2768,Base Model,"4,2,6,3,1,5"
2769,Base Model,"4,2,6,3,5,1"
2770,Base Model,
2771,Base Model,"2,5,1,4,3,6"
2772,Base Model,
2773,Base Model,
2774,Base Model,"3,6,4,1,5,2"
2775,Base Model,"2,4,6,3,5,1"
2776,Base Model,"4,3,6,2,5,1"
2777,Base Model,"1,2,3,4,5,6"
2778,Base Model,
2779,Base Model,
2780,Base Model,
2781,Base Model,
2782,Base Model,"2,6,1,5,3,4"
2783,Base Model,"1,2,3,4,5,6"
2784,Base Model,"1,4,6,2,5,3"
2785,Base Model,"2,5,6,3,4,1"
2786,Base Model,"5,2,6,1,3,4"
2787,Base Model,"6,1,6,1,6,1"
2788,Base Model,"5,2,3,6,5,4"
2789,Base Model,"3,4,2,6,5"
2790,Base Model,1
2791,Base Model,"4,1,3,5,2,6"
2792,Base Model,
2793,Base Model,"3,6,2,5,1,4"
2794,Base Model,"4,3,6,5,2,1"
2795,Base Model,"1,6,6"
2796,Base Model,"4,6,5,3,1,5"
2797,Base Model,"4,2,5,6,1,3"
2798,Base Model,"5,3,4,6"
2799,Base Model,
2800,Base Model,"6,2,5,3,6"
2801,Base Model,
2802,Base Model,"1,4,6,3,5,2"
2803,Base Model,"3,6,2,5,4,1"
2804,Base Model,"1,4,3,2,5,6"
2805,Base Model,"3,1,6,5,2,4"
2806,Base Model,"1,6,1,6,1,6"
2807,Base Model,"3,5,6,2,1,4"
2808,Base Model,"1,4,3,5,2,6"
2809,Base Model,"1,6,6"
2810,Base Model,
2811,Base Model,"1,6,6"
2812,Base Model,"5,2,6,1,3,4"
2813,Base Model,
2814,Base Model,
2815,Base Model,
2816,Base Model,"3,5,1,6"
2817,Base Model,"4,1,6,2,3,5"
2818,Base Model,"5,2,3,6,1,4"
2819,Base Model,"6,1,6,1,6"
2820,Base Model,
2821,Base Model,"4,2,6,3,5,1"
2822,Base Model,"1,6,6"
2823,Base Model,"5,2,4,6,1,3"
2824,Base Model,"3,2,4,1,5,6"
2825,Base Model,"3,2,4,5,6,1"
2826,Base Model,"1,6"
2827,Base Model,"4,2,6,1,5,3"
2828,Base Model,"3,1,6,5,2"
2829,Base Model,"1,6,6,1,6"
2830,Base Model,"6,1,6"
2831,Base Model,"5,2,3,6,1,4"
2832,Base Model,"2,6,1,4,3,5"
2833,Base Model,"2,6,3,5,1,4"
2834,Base Model,"1,6,6"
2835,Base Model,"3,4,2,5,1,3"
2836,Base Model,
2837,Base Model,"3,5,6,2,1,4"
2838,Base Model,"4,3,2,5,6,1"
2839,Base Model,
2840,Base Model,"2,5,3,1,6,4"
2841,Base Model,"6,1,6"
2842,Base Model,"3,1,4,2,5,6"
2843,Base Model,"2,5,4,1,3,6"
2844,Base Model,"1,3,2,6,5,4"
2845,Base Model,"3,2,5,4,1,6"
2846,Base Model,"2,5,4,1,6,3"
2847,Base Model,"2,5,4,6,1,3"
2848,Base Model,"4,2,6,3,5,1"
2849,Base Model,"3,6,2,5,1,4"
2850,Base Model,
2851,Base Model,"3,5,2,4,6,3"
2852,Base Model,
2853,Base Model,"2,5,1,6,4,3"
2854,Base Model,"2,5,1,6,3,4"
2855,Base Model,"3,6,4,2,5,1"
2856,Base Model,"3,6,2,5,1,4"
2857,Base Model,"6,6"
2858,Base Model,"1,3,2,5,4,6"
2859,Base Model,"2,5,6,1,3,4"
2860,Base Model,"3,6,2,5,4,1"
2861,Base Model,
2862,Base Model,"4,2,3,6,5,1"
2863,Base Model,
2864,Base Model,"2,6,1,5,3,4"
2865,Base Model,
2866,Base Model,3
2867,Base Model,6
2868,Base Model,"6,1,5,3,2,6"
2869,Base Model,"4,2,6,3,5,1"
2870,Base Model,
2871,Base Model,"2,6,4,3,5,1"
2872,Base Model,"2,4,6,3,5,1"
2873,Base Model,"6,1,6"
2874,Base Model,"2,4,5,3,1,6"
2875,Base Model,"2,4,6,3,1,5"
2876,Base Model,"2,3,6,1,3,4"
2877,Base Model,"4,2,5,6,3,1"
2878,Base Model,
2879,Base Model,"1,1,6,6"
2880,Base Model,"3,1,5,2,6,4"
2881,Base Model,"2,4,6,2,5,3"
2882,Base Model,"1,4,3,2,6,5"
2883,Base Model,"3,5,2,6,4,1"
2884,Base Model,"3,2,6,5,1,4"
2885,Base Model,"5,2,4,1,6,3"
2886,Base Model,"1,3,2,5,3,2"
2887,Base Model,
2888,Base Model,"4,3,2,6,5,1"
2889,Base Model,"3,5,2,4,1,6"
2890,Base Model,"4,1,5,2,6,3"
2891,Base Model,"1,3,5,6,3,4"
2892,Base Model,"2,6,5,3,4,1"
2893,Base Model,
2894,Base Model,"3,6,2,5,4,1"
2895,Base Model,"3,4,2,5,6,1"
2896,Base Model,"2,4,6,3,5,1"
2897,Base Model,"1,3,2,6,5,3"
2898,Base Model,"1,6,6,3,2,6"
2899,Base Model,
2900,Base Model,"1,2,3,4,5,6"
2901,Base Model,"5,3,2,6,1,4"
2902,Base Model,"1,6,3,5,2,4"
2903,Base Model,"4,2,3,1,6,5"
2904,Base Model,
2905,Base Model,"3,6,1,5,2,4"
2906,Base Model,"5,2,6,1,3,4"
2907,Base Model,
2908,Base Model,
2909,Base Model,"1,2,3,4,5,6"
2910,Base Model,5
2911,Base Model,
2912,Base Model,"3,1,6,2,5,4"
2913,Base Model,"1,3,2,6,5,4"
2914,Base Model,
2915,Base Model,
2916,Base Model,"3,6,2,5,1,4"
2917,Base Model,"1,4,2,6,5,3"
2918,Base Model,"1,2,3,4,5,6"
2919,Base Model,
2920,Base Model,"3,2,6,5,1,4"
2921,Base Model,"1,4,2,5,3,6"
2922,Base Model,"1,6,1,6,1,6"
2923,Base Model,4
2924,Base Model,"1,1,6,2,6,3"
2925,Base Model,"5,2,1,3,6,4"
2926,Base Model,"1,3,4,2,6,1"
2927,Base Model,"2,6,4,5,3,1"
2928,Base Model,
2929,Base Model,"1,6,6"
2930,Base Model,"1,4,2,6,3,5"
2931,Base Model,"3,6,1,5,4,2"
2932,Base Model,"1,6,4,3,2,5"
2933,Base Model,"3,2,5,6,1,4"
2934,Base Model,"1,3,5,2,4,6"
2935,Base Model,"1,4,3,2,5,6"
2936,Base Model,"4,2,6,5,1,3"
2937,Base Model,"5,2,6,3,1"
2938,Base Model,"6,6,6"
2939,Base Model,"4,2,5,6,3,1"
2940,Base Model,
2941,Base Model,"3,4,1,2,5,6"
2942,Base Model,
2943,Base Model,"3,1,6,5,2,4"
2944,Base Model,"1,3,5,2,6,4"
2945,Base Model,"4,2,5,6,3,1"
2946,Base Model,"2,5,3,1,6,4"
2947,Base Model,"2,6,1,4,5,3"
2948,Base Model,
2949,Base Model,6
2950,Base Model,"3,4,2,5,6,1"
2951,Base Model,"1,6,6"
2952,Base Model,"3,5,2,6,4,1"
2953,Base Model,"3,5,1,2,6,4"
2954,Base Model,
2955,Base Model,"2,3,4,5,6"
2956,Base Model,"6,1,6"
2957,Base Model,"2,4,6,1,3,5"
2958,Base Model,"1,2,4,5"
2959,Base Model,
2960,Base Model,
2961,Base Model,"3,6,2,5,1,4"
2962,Base Model,"3,6,2,5,1,4"
2963,Base Model,
2964,Base Model,"4,2,5,3,6,1"
2965,Base Model,"2,6,1,5,4,3"
2966,Base Model,"4,6,2,5,1,3"
2967,Base Model,"1,5,2,6,3,4"
2968,Base Model,"2,6,1,4,3,5"
2969,Base Model,
2970,Base Model,
2971,Base Model,"1,4,6,3,5,2"
2972,Base Model,"2,5,3,4,6,1"
2973,Base Model,"1,5,2,3,6,4"
2974,Base Model,"3,6,2,5,1,4"
2975,Base Model,"1,6,6"
2976,Base Model,"2,5,4,6,3,5"
2977,Base Model,"3,6,2,5,1,4"
2978,Base Model,"4,2,5,6,1,3"
2979,Base Model,"1,2,3,4,5,6"
2980,Base Model,
2981,Base Model,"1,4,5,3,2,6"
2982,Base Model,
2983,Base Model,"6,1,6"
2984,Base Model,"2,3,5,1,4,6"
2985,Base Model,"2,5,1,4,6,3"
2986,Base Model,"1,3,5,2,4,6"
2987,Base Model,"4,6,3,2,5,1"
2988,Base Model,"1,3,2,6,4,5"
2989,Base Model,"4,2,6,3,1,5"
2990,Base Model,
2991,Base Model,
2992,Base Model,
2993,Base Model,
2994,Base Model,"3,6,2,5,4,1"
2995,Base Model,
2996,Base Model,
2997,Base Model,"1,3,5,6,2,4"
2998,Base Model,
2999,Base Model,"3,5,4,2,6,1"
3000,Base Model,"1,2,3,4,5,6"
3001,Base Model,"3,5,1,6,2,4"
3002,Base Model,"2,4,3,6,5,1"
3003,Base Model,"3,6,2,4,5,1"
3004,Base Model,"2,6,4,1,3,5"
3005,Base Model,
3006,Base Model,"2,6,3,5,4,1"
3007,Base Model,"4,3,6,2,5,1"
3008,Base Model,"4,2,6,1,5,3"
3009,Base Model,"2,5,3,1,4,6"
3010,Base Model,
3011,Base Model,"4,2,6,1,3,5"
3012,Base Model,"5,1"
3013,Base Model,"5,2,6,3,1,4"
3014,Base Model,"3,5,2,6,4,1"
3015,Base Model,"3,6,2,1,4,5"
3016,Base Model,"4,2,3,1,5,6"
3017,Base Model,
3018,Base Model,"6,1,6,6,1"
3019,Base Model,
3020,Base Model,"6,3,1,6,2,5"
3021,Base Model,6
3022,Base Model,"6,1"
3023,Base Model,"1,4,3,6,2,5"
3024,Base Model,"1,2,3,4,5,6"
3025,Base Model,"4,2,6,1,5,3"
3026,Base Model,"3,5,2,4,6,1"
3027,Base Model,
3028,Base Model,"1,2,3,4,5,6"
3029,Base Model,"2,6,4,3,5,1"
3030,Base Model,"1,5,6,4,2,6"
3031,Base Model,
3032,Base Model,"2,6,4,3,1,5"
3033,Base Model,"3,1,6,5,2,4"
3034,Base Model,"1,2,3,4,5,6"
3035,Base Model,
3036,Base Model,
3037,Base Model,"4,2,1,6,5,3"
3038,Base Model,
3039,Base Model,"5,2,4,1,6,3"
3040,Base Model,"3,6,2,5,1,4"
3041,Base Model,"5,2,6,1,4,3"
3042,Base Model,
3043,Base Model,"1,4,2,6,3,5"
3044,Base Model,"5,3,6,1,4,2"
3045,Base Model,"3,6,1,5,4,2"
3046,Base Model,"3,2,6,5,1,4"
3047,Base Model,"2,5,3,1,4,6"
3048,Base Model,"3,5,2,6,4,1"
3049,Base Model,"4,2,6,3,5,1"
3050,Base Model,"3,1,6,2,5,4"
3051,Base Model,"4,6,2,5,1,3"
3052,Base Model,"4,2,5,3,6,1"
3053,Base Model,"2,5,4,3,6,1"
3054,Base Model,"2,5,4,3,1,6"
3055,Base Model,"1,3,5,2,6,4"
3056,Base Model,"4,2,6,1,3,5"
3057,Base Model,"5,2,6,3,1,4"
3058,Base Model,"4,6,2,5,1,3"
3059,Base Model,"4,2,6,3,5,1"
3060,Base Model,"4,6,2,5,3,1"
3061,Base Model,"1,2,3,4,5,6"
3062,Base Model,"1,6,6"
3063,Base Model,"6,1,6"
3064,Base Model,
3065,Base Model,"1,6,1"
3066,Base Model,"5,3,1,6,2,4"
3067,Base Model,"1,2,3,4,6,5"
3068,Base Model,"3,5,2,4,6,1"
3069,Base Model,"2,6,5,1,4,3"
3070,Base Model,"4,2,6,1,3,5"
3071,Base Model,"5,1,5,1,5,1"
3072,Base Model,"2,4,5,2,1,6"
3073,Base Model,"4,5,2,6,3,2"
3074,Base Model,"2,5,3,1,6,4"
3075,Base Model,
3076,Base Model,
3077,Base Model,"5,1,2,6,3,4"
3078,Base Model,"2,6,4,5,3,1"
3079,Base Model,
3080,Base Model,"1,2,6,4,3,5"
3081,Base Model,
3082,Base Model,"2,5,3,6,1,4"
3083,Base Model,
3084,Base Model,"1,3,2,6,3,4"
3085,Base Model,"3,6,1,5,2"
3086,Base Model,"3,5,2,6,4,3"
3087,Base Model,"2,5,1,6,3,4"
3088,Base Model,"5,3,1,4,2,6"
3089,Base Model,"2,4,1,5,2,6"
3090,Base Model,"5,6,1,3,4,6"
3091,Base Model,
3092,Base Model,"3,6,1,5,2,4"
3093,Base Model,"6,1,6"
3094,Base Model,"4,3,5,2,6,1"
3095,Base Model,"4,2,6,5,1,3"
3096,Base Model,"5,1,2,4,6,3"
3097,Base Model,"3,1,4,6,2,5"
3098,Base Model,"2,5,4,6,1,3"
3099,Base Model,"5,2,6,3,5,1"
3100,Base Model,"1,3,5,6,2,4"
3101,Base Model,"3,6,2,5,4,1"
3102,Base Model,"4,2,6,1,5,3"
3103,Base Model,"3,6,2,5,1,4"
3104,Base Model,
3105,Base Model,"6,2,1,4,5,3"
3106,Base Model,"2,4,5,3,6,1"
3107,Base Model,"1,5,2,6,3,1"
3108,Base Model,
3109,Base Model,"3,1,6,4,2,5"
3110,Base Model,"5,2,4,3,1"
3111,Base Model,"3,1,6,2,5,4"
3112,Base Model,"4,2,6,5,3,1"
3113,Base Model,"1,4,2,3,5,6"
3114,Base Model,"5,2,6,3,1,4"
3115,Base Model,"4,2,3,6,1,5"
3116,Base Model,
3117,Base Model,"5,2,4,3,6,1"
3118,Base Model,"1,4,2,6,5,3"
3119,Base Model,"2,5,4,6,3,1"
3120,Base Model,
3121,Base Model,
3122,Base Model,"3,5,2,6,4,1"
3123,Base Model,"4,6,2,5,1,3"
3124,Base Model,"6,6"
3125,Base Model,"4,2,6,1,3,5"
3126,Base Model,"1,2,6,5,3,2"
3127,Base Model,"4,2,6,3,1,5"
3128,Base Model,"2,4,3,5,2,1"
3129,Base Model,
3130,Base Model,
3131,Base Model,"2,6,3,5,1,4"
3132,Base Model,
3133,Base Model,"3,6,4,2,5,1"
3134,Base Model,
3135,Base Model,"2,6,3,1,4,5"
3136,Base Model,"5,3,6,2,1,4"
3137,Base Model,"4,2,6,5,3,1"
3138,Base Model,"4,3,6,2,5,1"
3139,Base Model,
3140,Base Model,"3,2,1,6,5,4"
3141,Base Model,"1,4,2,6,3,5"
3142,Base Model,"2,5,1,6,4,3"
3143,Base Model,"3,2,6,5,1,4"
3144,Base Model,"6,1,6"
3145,Base Model,
3146,Base Model,
3147,Base Model,
3148,Base Model,
3149,Base Model,"2,6,3,5,4,1"
3150,Base Model,"5,2,6,3,1,4"
3151,Base Model,"6,1,6,2,4,6"
3152,Base Model,"3,6,2,1,4,5"
3153,Base Model,
3154,Base Model,"5,3,2,6,5,4"
3155,Base Model,"3,6,2,1,4,5"
3156,Base Model,"2,5,1,6,3,2"
3157,Base Model,"1,2,3,4,5,6"
3158,Base Model,"2,5,3,6,1,4"
3159,Base Model,"1,6,6"
3160,Base Model,"3,2,6,5,4,1"
3161,Base Model,"4,3,5,1,2,6"
3162,Base Model,
3163,Base Model,
3164,Base Model,"1,2,5,6,3,4"
3165,Base Model,
3166,Base Model,"3,5,2,6,4,3"
3167,Base Model,"1,5,2,3,6,4"
3168,Base Model,
3169,Base Model,"4,2,6,3,5,1"
3170,Base Model,"4,6,1,2,3,5"
3171,Base Model,
3172,Base Model,"2,5,4,3,2,6"
3173,Base Model,"1,3,4,2,5,1"
3174,Base Model,
3175,Base Model,
3176,Base Model,"3,4,5,2,6,1"
3177,Base Model,"5,2,6,1,3,4"
3178,Base Model,"5,3,2,6,1,4"
3179,Base Model,"3,6,1,4,2,5"
3180,Base Model,"4,2,6,3,1,5"
3181,Base Model,
3182,Base Model,"4,2,6,1,3,5"
3183,Base Model,"2,5,3,6,1,4"
3184,Base Model,"5,1,6,3,2,4"
3185,Base Model,"5,4,3,2,6,1"
3186,Base Model,
3187,Base Model,
3188,Base Model,"2,5,1,4,6,3"
3189,Base Model,"2,4,6,1,5,3"
3190,Base Model,"5,3,2,6,1,4"
3191,Base Model,"2,5,4,1,6,3"
3192,Base Model,
3193,Base Model,"4,3,2,1,5,6"
3194,Base Model,"3,5,2,6,1,4"
3195,Base Model,"6,1,6"
3196,Base Model,
3197,Base Model,
3198,Base Model,"3,2,5,1,6,4"
3199,Base Model,"2,5,3,6,4,1"
3200,Base Model,"2,4,6,1,3,5"
3201,Base Model,"1,2,3,4,5,6"
3202,Base Model,"5,1,2,6,4,3"
3203,Base Model,"2,6,4,1,3,5"
3204,Base Model,"4,2,6,3,5,1"
3205,Base Model,"6,1,6"
3206,Base Model,
3207,Base Model,
3208,Base Model,"2,6,4,3,5,1"
3209,Base Model,"1,2,3,5,2,4"
3210,Base Model,"4,2,6,3,5,1"
3211,Base Model,"3,2,4,6,5,1"
3212,Base Model,"3,2,6,4,1,5"
3213,Base Model,6
3214,Base Model,"5,3,2,6,1,4"
3215,Base Model,"2,6,1,4,3,5"
3216,Base Model,"4,1,6,3,5,2"
3217,Base Model,"3,6,2,5,4,1"
3218,Base Model,"4,2,5,6,3,1"
3219,Base Model,"4,2,5,3,6,1"
3220,Base Model,"2,6,4,5,1,3"
3221,Base Model,"1,4,2,3,5,6"
3222,Base Model,"4,2,5,6,3,1"
3223,Base Model,
3224,Base Model,"4,2,6,3,1,5"
3225,Base Model,"3,6,1,5,2,4"
3226,Base Model,"3,6,2,5,1,4"
3227,Base Model,"4,1,3,5,2,6"
3228,Base Model,"5,3,1,2,6,4"
3229,Base Model,"3,6,2,5,1,4"
3230,Base Model,
3231,Base Model,"2,6,1,4,3,5"
3232,Base Model,"3,6,2,4,5,1"
3233,Base Model,
3234,Base Model,"1,6,6"
3235,Base Model,"3,2,4,1,6,3"
3236,Base Model,"2,4,6,2,5,3"
3237,Base Model,"1,2,3,4,5,6"
3238,Base Model,"4,2,5,1,6,3"
3239,Base Model,"3,2,6,1,5,4"
3240,Base Model,
3241,Base Model,"3,5,2,4,6,1"
3242,Base Model,"6,1"
3243,Base Model,"1,2,3,4,5,6"
3244,Base Model,
3245,Base Model,"1,1,6,6,5"
3246,Base Model,"5,2,4,6,1,3"
3247,Base Model,"4,2,6,3,1,5"
3248,Base Model,"2,4,1,6,3,5"
3249,Base Model,
3250,Base Model,"5,3,2,6,1,4"
3251,Base Model,"5,2,4,3,6,1"
3252,Base Model,"3,5,2,6,1,4"
3253,Base Model,"2,5,3,1,4,6"
3254,Base Model,"1,4,2,2,3,6"
3255,Base Model,"3,4,5,2,1,6"
3256,Base Model,"4,2,5,1,3,6"
3257,Base Model,"3,4,5,6,1,2"
3258,Base Model,"3,4,6,2,5,1"
3259,Base Model,"5,2,6,1,3,4"
3260,Base Model,"4,2,6,5,3,1"
3261,Base Model,"3,6,2,5,4,1"
3262,Base Model,
3263,Base Model,
3264,Base Model,
3265,Base Model,"4,2,6,5,1,3"
3266,Base Model,"4,2,6,3,5,1"
3267,Base Model,"1,3,2,6,3,2"
3268,Base Model,"3,6,1,5,2,4"
3269,Base Model,"2,4,3,5,2,1"
3270,Base Model,
3271,Base Model,"1,4,6,3,2,5"
3272,Base Model,"1,2,4,3,2,5"
3273,Base Model,"3,6,2,5,4,1"
3274,Base Model,"2,6,3,5,1,4"
3275,Base Model,"1,6,2,4,3,5"
3276,Base Model,"1,6,3,2,5,4"
3277,Base Model,6
3278,Base Model,"3,1,6,2,5,4"
3279,Base Model,
3280,Base Model,"2,6,3,1,5,4"
3281,Base Model,"4,6,3,2,5,1"
3282,Base Model,"4,1,6,5,3,2"
3283,Base Model,"3,2,6,5,4,1"
3284,Base Model,"1,2,5,3,1,6"
3285,Base Model,"5,2,6,3,1,4"
3286,Base Model,"3,2,6,5,1,4"
3287,Base Model,
3288,Base Model,"4,2,6,1,5,3"
3289,Base Model,"1,3,2,5,6,4"
3290,Base Model,"3,2,6,1,5,4"
3291,Base Model,"5,2,3,6,1,4"
3292,Base Model,"4,6,3,2,5,1"
3293,Base Model,"3,6,1,5,4,2"
3294,Base Model,
3295,Base Model,"1,5,3,2,4,6"
3296,Base Model,"1,4,2,6,5,3"
3297,Base Model,"2,5,3,6,4,1"
3298,Base Model,"2,5,1,4,6,3"
3299,Base Model,"3,6,2,5,1,4"
3300,Base Model,3
3301,Base Model,
3302,Base Model,"1,6,1,6,1,6"
3303,Base Model,"2,5,6,1,3,4"
3304,Base Model,"4,2,6,3,1,5"
3305,Base Model,"5,2,3,1,6,4"
3306,Base Model,"5,2,3,1,6,4"
3307,Base Model,"3,5,2,6,4,1"
3308,Base Model,"2,5,3,1,6,4"
3309,Base Model,
3310,Base Model,
3311,Base Model,
3312,Base Model,"4,2,6,5,3,1"
3313,Base Model,"1,4,2,2,3,6"
3314,Base Model,"6,1,6"
3315,Base Model,"3,6,1,5,2,4"
3316,Base Model,
3317,Base Model,"3,6,2,5,1,4"
3318,Base Model,
3319,Base Model,"4,3,6,2,1"
3320,Base Model,"5,4,6,2,1,3"
3321,Base Model,"4,2,3,5,6,1"
3322,Base Model,"1,2,5,3"
3323,Base Model,"2,5,1,4,6,3"
3324,Base Model,"2,4,1,5,2,6"
3325,Base Model,"1,2,5,4,1,6"
3326,Base Model,"3,6,2,5,4,1"
3327,Base Model,"5,3,2,6,4,1"
3328,Base Model,
3329,Base Model,"4,6,2,1,5,3"
3330,Base Model,"1,4,2,3,5,6"
3331,Base Model,"4,3,1,2,6,5"
3332,Base Model,"1,2,3,4,5,6"
3333,Base Model,"3,2,5,6,1,4"
3334,Base Model,
3335,Base Model,"4,2,5,6,3,1"
3336,Base Model,"1,4,2,5,6,3"
3337,Base Model,
3338,Base Model,"3,6,2,5,4,1"
3339,Base Model,"2,6,3,1,5,4"
3340,Base Model,"2,5,3,1,6,4"
3341,Base Model,"3,5,1,2,6,4"
3342,Base Model,"6,1,6,3,6,1"
3343,Base Model,
3344,Base Model,"5,2,6,4,1,3"
3345,Base Model,"1,2,3,4,5,6"
3346,Base Model,
3347,Base Model,
3348,Base Model,"4,2,6,5,1,3"
3349,Base Model,1
3350,Base Model,"5,2,6,3,1,4"
3351,Base Model,"1,3,2,2,3,6"
3352,Base Model,
3353,Base Model,
3354,Base Model,"3,6,2,1,4,5"
3355,Base Model,"1,4,2,5,3,6"
3356,Base Model,"3,5,2,6,4,1"
3357,Base Model,"1,5,2,6,3,1"
3358,Base Model,"2,5,6,1,3,4"
3359,Base Model,"5,5"
3360,Base Model,"2,6,4,3,1,5"
3361,Base Model,"2,4,1,5,3,6"
3362,Base Model,"1,2,3,4,5,6"
3363,Base Model,"3,4,1,6,2,5"
3364,Base Model,"3,5,2,6,4,1"
3365,Base Model,
3366,Base Model,"3,4,1,6,2,5"
3367,Base Model,6
3368,Base Model,"3,2,6,5,1,4"
3369,Base Model,"1,2,3,4,5,6"
3370,Base Model,"4,3,6,2,5,1"
3371,Base Model,"5,3,1,2,6,4"
3372,Base Model,"3,5,1,6,2,4"
3373,Base Model,"1,6,2,5,3,6"
3374,Base Model,"1,4,5,2,6,3"
3375,Base Model,"3,6,1,2,5,4"
3376,Base Model,
3377,Base Model,
3378,Base Model,"5,3,6,2,4,1"
3379,Base Model,"5,3,4,1,5,2"
3380,Base Model,
3381,Base Model,"4,2,6,1,5,3"
3382,Base Model,"1,6"
3383,Base Model,
3384,Base Model,"5,3,1,6,2,4"
3385,Base Model,"2,5,4,1,6,3"
3386,Base Model,"2,6,4,3,5,1"
3387,Base Model,"2,5,6,4,1"
3388,Base Model,
3389,Base Model,"3,6,2,5,4,1"
3390,Base Model,"2,5,1,4,6,3"
3391,Base Model,
3392,Base Model,"4,2,6,5,1,3"
3393,Base Model,"2,5,4,6,3,1"
3394,Base Model,"3,6,2,5,4,1"
3395,Base Model,"2,4,1,6,5,3"
3396,Base Model,"2,6,4,3,1,5"
3397,Base Model,"5,2,6,1,3,4"
3398,Base Model,"3,2,6,5,1,4"
3399,Base Model,"3,2,6,5,1,4"
3400,Base Model,"3,4,1,5,2,6"
3401,Base Model,"1,4,2,6,3,5"
3402,Base Model,"5,2,6,3,1,4"
3403,Base Model,"4,1,6,3,2,5"
3404,Base Model,
3405,Base Model,"3,6,2,5,4,1"
3406,Base Model,"2,5,3,1,6,4"
3407,Base Model,"6,6"
3408,Base Model,"2,5,4,3,6,1"
3409,Base Model,"4,3,2,5,1,6"
3410,Base Model,
3411,Base Model,
3412,Base Model,"1,5,3,2,6,3"
3413,Base Model,"2,4,6,3,5,1"
3414,Base Model,"1,3,6,2,5,4"
3415,Base Model,"2,4,6,3,5,1"
3416,Base Model,"2,6,4,3,1,5"
3417,Base Model,"1,5,3,2,6,1"
3418,Base Model,"3,5,2,4,1,6"
3419,Base Model,"2,5,1,3,6,4"
3420,Base Model,"1,6,1,1,6,1"
3421,Base Model,"3,6,2,5,1,4"
3422,Base Model,
3423,Base Model,
3424,Base Model,
3425,Base Model,"4,3,5,2,6,1"
3426,Base Model,"3,6,2,5,4,1"
3427,Base Model,"5,3,2,6,4,1"
3428,Base Model,3
3429,Base Model,
3430,Base Model,"1,3,6,2,5,4"
3431,Base Model,"3,4,1,2,6,5"
3432,Base Model,"1,3,2,6,1,5"
3433,Base Model,"1,2,5,4,6,3"
3434,Base Model,"3,6,1,5,2,4"
3435,Base Model,
3436,Base Model,"1,4,6,3,5,2"
3437,Base Model,"1,2,5,3,4,6"
3438,Base Model,"2,5,4,3,6,1"
3439,Base Model,"4,2,6,5,3,1"
3440,Base Model,"1,2,6,4,5,3"
3441,Base Model,
3442,Base Model,"5,4,6,1,2,3"
3443,Base Model,"1,2,3,4,5,6"
3444,Base Model,"3,6,1,2,4,5"
3445,Base Model,"4,2,6,5,3,1"
3446,Base Model,"3,5,1,2,6,4"
3447,Base Model,"4,2,6,5,1,3"
3448,Base Model,"1,3,6,2,5,4"
3449,Base Model,"1,1,6,1,2,1"
3450,Base Model,"2,6,3,5,1,4"
3451,Base Model,"2,4,6,3,1,5"
3452,Base Model,"6,3,2,5,1,4"
3453,Base Model,"1,6,6"
3454,Base Model,"5,2,4,3,6,1"
3455,Base Model,
3456,Base Model,"1,4,6,2,3,5"
3457,Base Model,
3458,Base Model,"6,3,6,2,5,1"
3459,Base Model,"1,2,3,4,5,6"
3460,Base Model,"4,1,2,1,4,6"
3461,Base Model,4
3462,Base Model,"2,4,6,1,5,3"
3463,Base Model,6
3464,Base Model,
3465,Base Model,
3466,Base Model,"5,3,1,6,2,4"
3467,Base Model,"4,2,6,3,5,1"
3468,Base Model,"2,3,6,4,2,5"
3469,Base Model,"3,6,1,5,2,4"
3470,Base Model,"6,1,6"
3471,Base Model,"4,2,6,3,5,1"
3472,Base Model,
3473,Base Model,
3474,Base Model,"3,1,4,2,6,5"
3475,Base Model,"2,3,5,1,4,6"
3476,Base Model,
3477,Base Model,"5,3,6,2,4,1"
3478,Base Model,"2,4,6,3,1,5"
3479,Base Model,
3480,Base Model,
3481,Base Model,"3,6,5,1,2,4"
3482,Base Model,"1,5,3,2,6,4"
3483,Base Model,"2,4,1,3,6,5"
3484,Base Model,"3,5,2,6,1,4"
3485,Base Model,"2,6,3,5,2,4"
3486,Base Model,"1,5,3,2,6,4"
3487,Base Model,"2,6,4,1,5,3"
3488,Base Model,"4,3,2,6,5,1"
3489,Base Model,
3490,Base Model,1
3491,Base Model,"4,2,6,3,5,1"
3492,Base Model,"1,4,6,2,5,3"
3493,Base Model,
3494,Base Model,"4,2,6,1,3,5"
3495,Base Model,
3496,Base Model,
3497,Base Model,
3498,Base Model,"5,2,6,3,1,4"
3499,Base Model,"1,3,5,2,6,4"
3500,Base Model,"5,2,6,3,4,1"
3501,Base Model,
3502,Base Model,"1,2,3,4,5,6"
3503,Base Model,"3,5,2,6,1,4"
3504,Base Model,"2,5,3,4,6,1"
3505,Base Model,"2,4,6,3,2,1"
3506,Base Model,"1,2,4,3,6,5"
3507,Base Model,"3,5,4,1,6,2"
3508,Base Model,"1,2,6,3,1,4"
3509,Base Model,1
3510,Base Model,"1,2,3,4,5,6"
3511,Base Model,"3,1,5,6,2"
3512,Base Model,
3513,Base Model,"2,5,3,4,1,6"
3514,Base Model,"3,5,4,6,3,1"
3515,Base Model,"3,5,1,6,2,4"
3516,Base Model,"5,3,2,6,1,4"
3517,Base Model,"3,2,4,5,6,1"
3518,Base Model,"5,2,6,4,3,1"
3519,Base Model,
3520,Base Model,"4,2,6,5,3,1"
3521,Base Model,"3,1,6,2,5,4"
3522,Base Model,
3523,Base Model,"3,4,5,2,3,6"
3524,Base Model,"3,5,2,6,1,4"
3525,Base Model,"6,2,4,3,1,5"
3526,Base Model,
3527,Base Model,"1,6"
3528,Base Model,"3,5,2,6,1,4"
3529,Base Model,"3,6,1,2,4,5"
3530,Base Model,"3,1,6,5,2,4"
3531,Base Model,"1,6,6"
3532,Base Model,"6,1,6,2,6,4"
3533,Base Model,"3,6,4,2,5,1"
3534,Base Model,"2,4,3,5,6,1"
3535,Base Model,"4,6,3,6,1,6"
3536,Base Model,"2,5,4,3,6,1"
3537,Base Model,"4,2,6,3,5,1"
3538,Base Model,"2,5,6,3,1,4"
3539,Base Model,"2,4,6,5,1,3"
3540,Base Model,"2,4,3,6,1,5"
3541,Base Model,"3,4,5,1,6,2"
3542,Base Model,4
3543,Base Model,"4,2,6,5,3,1"
3544,Base Model,"3,5,1,2,6,4"
3545,Base Model,"2,4,6,3,5,1"
3546,Base Model,
3547,Base Model,
3548,Base Model,
3549,Base Model,"4,2,6,1,5,3"
3550,Base Model,"2,5,3,6,4,1"
3551,Base Model,"3,6,1,2,5,4"
3552,Base Model,"3,5,2,1,6,4"
3553,Base Model,6
3554,Base Model,"3,4,2,6,3,5"
3555,Base Model,
3556,Base Model,"3,6,5,4,2,1"
3557,Base Model,"4,2,3,6,1,5"
3558,Base Model,"4,2,6,5,1,3"
3559,Base Model,"1,2,4,3,5,1"
3560,Base Model,"5,2,3,6,1"
3561,Base Model,
3562,Base Model,"3,2,5,4,6,1"
3563,Base Model,"1,2,6,5,3,4"
3564,Base Model,"3,1,6,4,5,2"
3565,Base Model,"1,2,5,3,6,4"
3566,Base Model,"4,2,6,1,3,5"
3567,Base Model,"4,1,5,2,3,6"
3568,Base Model,"4,6,3,5,2,5"
3569,Base Model,"5,2,6,3,1,4"
3570,Base Model,"1,4,6,1,3,6"
3571,Base Model,"2,5,3,6,1,4"
3572,Base Model,"2,4,5,1,6,3"
3573,Base Model,"6,1,6"
3574,Base Model,
3575,Base Model,"1,2,6,4,3,5"
3576,Base Model,"6,1,6,3,6,2"
3577,Base Model,"4,1,3,6,2,5"
3578,Base Model,"3,2,5,6,1,4"
3579,Base Model,"5,3,2,6,4,1"
3580,Base Model,
3581,Base Model,
3582,Base Model,
3583,Base Model,"1,3,5,2,4,6"
3584,Base Model,"2,5,6,4,1,3"
3585,Base Model,"1,2,3,4,5,6"
3586,Base Model,"1,4,2,6,3,5"
3587,Base Model,"3,6,1,2,5,4"
3588,Base Model,"2,5,3,6,1,4"
3589,Base Model,"2,4,3,5,6,1"
3590,Base Model,"1,3,5,2,6,1"
3591,Base Model,"3,5,2,6,4,1"
3592,Base Model,
3593,Base Model,"2,6,1,4,3,5"
3594,Base Model,
3595,Base Model,"3,2,6,5,4,1"
3596,Base Model,"1,3,2,5,4,6"
3597,Base Model,
3598,Base Model,"3,2,6,5,1"
3599,Base Model,"1,3,2,6,4,5"
3600,Base Model,"3,6,2,5,1,4"
3601,Base Model,"2,4,6,1,3,5"
3602,Base Model,"5,3,2,4,6,1"
3603,Base Model,"2,6,4,5,3,1"
3604,Base Model,
3605,Base Model,"1,4,2,3,3,5"
3606,Base Model,"4,2,5,6,1,3"
3607,Base Model,"2,4,1,6,3,5"
3608,Base Model,
3609,Base Model,"3,2,6,1,4,5"
3610,Base Model,
3611,Base Model,"3,6,1,5,2,4"
3612,Base Model,"1,2,3,4,5,6"
3613,Base Model,"4,3,6,2,5,1"
3614,Base Model,"3,6,2,5,1,4"
3615,Base Model,"3,6,2,4,1,5"
3616,Base Model,
3617,Base Model,
3618,Base Model,"2,5,4,1,3,6"
3619,Base Model,"1,2,3,4,5,6"
3620,Base Model,
3621,Base Model,
3622,Base Model,"4,2,6,3,5,1"
3623,Base Model,"1,4,2,5,3,2"
3624,Base Model,
3625,Base Model,
3626,Base Model,
3627,Base Model,"4,2,6,3,5,1"
3628,Base Model,"4,3,5,2,6,1"
3629,Base Model,"4,2,6,3,1,5"
3630,Base Model,6
3631,Base Model,
3632,Base Model,"1,4,3,5,2,6"
3633,Base Model,"1,6,6,2,5,4"
3634,Base Model,
3635,Base Model,"4,2,6,1,5,3"
3636,Base Model,"5,2,6,3,1,4"
3637,Base Model,"2,4,1,5,3,6"
3638,Base Model,"2,3,4,5,6"
3639,Base Model,"1,6"
3640,Base Model,"5,2,6,3,4,1"
3641,Base Model,
3642,Base Model,"1,2,4,2,6,5"
3643,Base Model,"3,5,4,6,2,1"
3644,Base Model,"3,2,6,4,5,1"
3645,Base Model,"5,2,6,3,1,4"
3646,Base Model,"1,6"
3647,Base Model,"3,4,6,1,2,5"
3648,Base Model,"3,6,2,5,4,1"
3649,Base Model,"4,2,6,1,3,5"
3650,Base Model,"1,3,2,6,5,4"
3651,Base Model,"3,5,6,1,3,5"
3652,Base Model,"4,3,6,2,5,1"
3653,Base Model,"3,5,1,2,4,6"
3654,Base Model,"2,6,4,5,1,3"
3655,Base Model,"1,2,3,4,6,2"
3656,Base Model,"1,2,3,4,5"
3657,Base Model,"5,4,2,6,5,1"
3658,Base Model,
3659,Base Model,"3,1,5,4,6,2"
3660,Base Model,"1,1,2,5,4,6"
3661,Base Model,
3662,Base Model,"4,2,6,5,3,1"
3663,Base Model,"5,4,2,3,1,6"
3664,Base Model,"3,5,2,6,1,4"
3665,Base Model,"2,6,4,3,5,1"
3666,Base Model,"5,2,6,3,4,1"
3667,Base Model,
3668,Base Model,"4,1,6,3,5,2"
3669,Base Model,
3670,Base Model,"3,6,1,4,2,5"
3671,Base Model,
3672,Base Model,"5,3,1,2,6,4"
3673,Base Model,"4,6"
3674,Base Model,
3675,Base Model,"4,3,5,2,6,1"
3676,Base Model,1
3677,Base Model,"6,4,3,5,2,1"
3678,Base Model,"3,2,6,5,1,4"
3679,Base Model,"5,2,6,1,4,3"
3680,Base Model,"2,5,1,6,4,3"
3681,Base Model,"3,4,2,5,6,1"
3682,Base Model,"3,4,2,1,5,6"
3683,Base Model,
3684,Base Model,"2,5,1,3,6,4"
3685,Base Model,
3686,Base Model,"4,2,6,5,3,1"
3687,Base Model,"4,2,6,3,1,5"
3688,Base Model,"6,1,6"
3689,Base Model,
3690,Base Model,"2,5,3,6,4,1"
3691,Base Model,"5,3,6,2,4,1"
3692,Base Model,"1,6,1,6"
3693,Base Model,"1,3,6,2,5,4"
3694,Base Model,"4,2,6,1,5,3"
3695,Base Model,"6,3,2,5,6,1"
3696,Base Model,
3697,Base Model,
3698,Base Model,"4,2,5,1,3,6"
3699,Base Model,
3700,Base Model,"4,6,3,2,5,1"
3701,Base Model,"6,1,6"
3702,Base Model,"1,3,6,2,5,4"
3703,Base Model,"3,6,2,4,5,1"
3704,Base Model,"2,4,5,3,6,1"
3705,Base Model,"1,4,2,6,5,3"
3706,Base Model,"2,6,3,4,5,1"
3707,Base Model,"2,6,1,5,3,4"
3708,Base Model,"3,6,2,4,5,1"
3709,Base Model,"3,2,6,5,1,4"
3710,Base Model,
3711,Base Model,
3712,Base Model,"4,2,5,6,3,1"
3713,Base Model,"1,3,5,2,4,6"
3714,Base Model,"1,2,3,4,5,6"
3715,Base Model,
3716,Base Model,
3717,Base Model,"5,3,2,4,6,1"
3718,Base Model,"4,2,6,3,5,1"
3719,Base Model,
3720,Base Model,"1,3,6,2,4,5"
3721,Base Model,"2,5,3,6,1,4"
3722,Base Model,"1,6,2,4,3,5"
3723,Base Model,"3,6,2,5,1,4"
3724,Base Model,"1,2,4,6,3,5"
3725,Base Model,
3726,Base Model,"1,2,3,4,5,6"
3727,Base Model,"3,2,6,5,4,1"
3728,Base Model,"6,6,1,6"
3729,Base Model,"1,2,3,4,5,6"
3730,Base Model,"2,4,1,3,6,5"
3731,Base Model,
3732,Base Model,"6,1,6"
3733,Base Model,"6,1,5"
3734,Base Model,"2,4,1,3,5,6"
3735,Base Model,3
3736,Base Model,
3737,Base Model,"4,2,6,3,1,5"
3738,Base Model,"3,2,5,6,1,4"
3739,Base Model,
3740,Base Model,"4,2,3,5,2,6"
3741,Base Model,
3742,Base Model,"5,3,2,6,4,1"
3743,Base Model,"1,2,3,4,5,6"
3744,Base Model,"1,6,3,2,6,5"
3745,Base Model,"4,3,2,6,1,5"
3746,Base Model,"1,6"
3747,Base Model,"4,2,6,3,5,1"
3748,Base Model,"4,1,2,6,5,3"
3749,Base Model,"5,2,6,3,1,4"
3750,Base Model,
3751,Base Model,"3,5,2,1,4,6"
3752,Base Model,
3753,Base Model,
3754,Base Model,"4,2,6,3,5,1"
3755,Base Model,"4,2,6,3,5,1"
3756,Base Model,"6,4,2,6,3,5"
3757,Base Model,"3,2,5,6,1,4"
3758,Base Model,"4,2,3,6,5,1"
3759,Base Model,6
3760,Base Model,"1,6,3,4,2,5"
3761,Base Model,"5,2,6,3,4,1"
3762,Base Model,"3,2,6,5,1,4"
3763,Base Model,"3,1,6,2,5,4"
3764,Base Model,
3765,Base Model,"2,4,3,2,6,5"
3766,Base Model,"2,6,3,5,1,4"
3767,Base Model,"1,2,3,4,5,6"
3768,Base Model,
3769,Base Model,"4,3,6,2,5,1"
3770,Base Model,
3771,Base Model,"4,2,6,5,3,1"
3772,Base Model,
3773,Base Model,"1,2,4,3,6,5"
3774,Base Model,"1,3,2,6,4,5"
3775,Base Model,"5,2,6,1,4,3"
3776,Base Model,"2,3,6,2,5,4"
3777,Base Model,"1,3,4"
3778,Base Model,"1,6"
3779,Base Model,
3780,Base Model,"6,3,6,4,2,5"
3781,Base Model,
3782,Base Model,"4,2,5"
3783,Base Model,"5,2,6,3,1,4"
3784,Base Model,"3,6,2,5,4,1"
3785,Base Model,3
3786,Base Model,
3787,Base Model,
3788,Base Model,"3,2,6,5,1,4"
3789,Base Model,"5,2,3,6,4,1"
3790,Base Model,"4,2,5,6,3,1"
3791,Base Model,"1,4,5,3,2,6"
3792,Base Model,
3793,Base Model,"2,4,3,6,5,1"
3794,Base Model,
3795,Base Model,"5,3,6,2,1,4"
3796,Base Model,"4,2,6,3,5,1"
3797,Base Model,"3,5,1,6,4,2"
3798,Base Model,
3799,Base Model,"2,3,6,5,1,4"
3800,Base Model,
3801,Base Model,"6,6"
3802,Base Model,"4,3,6,5,2,1"
3803,Base Model,"1,6,1"
3804,Base Model,"2,5,6,1,3,2"
3805,Base Model,"5,2,4,6,1,3"
3806,Base Model,1
3807,Base Model,"4,2,5,6,3,1"
3808,Base Model,"2,6,1,5,4,3"
3809,Base Model,"2,6,4,3,5,1"
3810,Base Model,"2,4,6,3,5,1"
3811,Base Model,"1,2,3,4,5,6"
3812,Base Model,
3813,Base Model,"5,3,2,6"
3814,Base Model,"2,5,3,1,6,4"
3815,Base Model,"3,5,2,6,1,4"
3816,Base Model,"1,3,4,5,2,6"
3817,Base Model,
3818,Base Model,"2,6,3,5,4,1"
3819,Base Model,"1,3,5,2,6,4"
3820,Base Model,"1,6,1,6,1"
3821,Base Model,"2,4,1,3,5,6"
3822,Base Model,"4,2,6,5,3,1"
3823,Base Model,"6,2,5,4,1,3"
3824,Base Model,"4,2,6,3,5,1"
3825,Base Model,"3,5,2,6,1,4"
3826,Base Model,"4,3,1,6,2,5"
3827,Base Model,"6,3,5,2,4,1"
3828,Base Model,"2,5,4,1,3,6"
3829,Base Model,"3,4,1,6,5,2"
3830,Base Model,"1,4,2,6,5,3"
3831,Base Model,"5,3,2,6,1,4"
3832,Base Model,"3,2,6,5,4,1"
3833,Base Model,"4,6,1,2,6,5"
3834,Base Model,"5,1,6,3,2,4"
3835,Base Model,"1,1,1"
3836,Base Model,"3,5,2,6,4,1"
3837,Base Model,"6,3,6,2,5,1"
3838,Base Model,"3,6,2,5,1,4"
3839,Base Model,"1,2"
3840,Base Model,"3,6,4,2,5,1"
3841,Base Model,"3,2,6,1,5,4"
3842,Base Model,"1,2,3,3,6,5"
3843,Base Model,
3844,Base Model,
3845,Base Model,"3,5,2,4,1,6"
3846,Base Model,"3,2,4,3,6,5"
3847,Base Model,"5,4,2,3,6,1"
3848,Base Model,"4,3,6,2,5,1"
3849,Base Model,"4,2,6,3,1,5"
3850,Base Model,
3851,Base Model,"2,6,3,1,5,4"
3852,Base Model,"3,2,6,1,4,5"
3853,Base Model,"1,2,3,4,5,6"
3854,Base Model,"6,4,3,1,6,5"
3855,Base Model,"2,6,4,1,3,5"
3856,Base Model,"1,2,5,3,6,4"
3857,Base Model,"6,3,2,5,1,4"
3858,Base Model,1
3859,Base Model,
3860,Base Model,"1,3,6,2,5,4"
3861,Base Model,"4,3,6,2,1,5"
3862,Base Model,"2,4,6,3,5,1"
3863,Base Model,
3864,Base Model,
3865,Base Model,
3866,Base Model,
3867,Base Model,"2,4,6,5,1,3"
3868,Base Model,
3869,Base Model,"2,6,1,3,5,4"
3870,Base Model,"3,6,4,2,5,1"
3871,Base Model,"4,2,5,3,6,1"
3872,Base Model,"5,2,4,1,3,6"
3873,Base Model,"2,5,1,4,3,6"
3874,Base Model,"2,4,1,6,3,5"
3875,Base Model,"4,6,2,5,3,1"
3876,Base Model,
3877,Base Model,"3,2,6,5,4,1"
3878,Base Model,
3879,Base Model,"3,6,2,5,1,4"
3880,Base Model,"3,6,2,5,4,1"
3881,Base Model,
3882,Base Model,"1,3,2,6,5,4"
3883,Base Model,"6,6,3,5,2,4"
3884,Base Model,"1,5,2"
3885,Base Model,"1,2,3,4,5,6"
3886,Base Model,"1,6,2,4,5,3"
3887,Base Model,"1,6,6"
3888,Base Model,
3889,Base Model,
3890,Base Model,
3891,Base Model,"4,2,6,1,3,5"
3892,Base Model,6
3893,Base Model,"3,4,2,6,5,1"
3894,Base Model,"2,5,1,3,6,4"
3895,Base Model,"3,1,6,2,5,4"
3896,Base Model,
3897,Base Model,6
3898,Base Model,"1,4,2,5,6,3"
3899,Base Model,"5,2,6,1,3,4"
3900,Base Model,"6,1,6"
3901,Base Model,"4,3,6,2,5,1"
3902,Base Model,"4,1,6,2,5,3"
3903,Base Model,
3904,Base Model,"3,4,6,1,5,2"
3905,Base Model,"5,3,4,1,5,2"
3906,Base Model,"5,3,2,6,1,4"
3907,Base Model,"2,6,4,1,3,5"
3908,Base Model,"4,2,6,3,1,5"
3909,Base Model,"5,2,4,3,1,6"
3910,Base Model,"1,2,3,2,6,5"
3911,Base Model,"3,2,6,5,1,4"
3912,Base Model,"1,3,5,2,4,6"
3913,Base Model,
3914,Base Model,"3,5,2,6,1,4"
3915,Base Model,"1,3,4,2,6,5"
3916,Base Model,
3917,Base Model,"3,5,2,6,3,1"
3918,Base Model,"4,2,6,3,1,5"
3919,Base Model,"2,5,1,6,4,3"
3920,Base Model,"1,2,6,5,4,3"
3921,Base Model,"1,3,5,2,6,4"
3922,Base Model,"2,3,6,1,5,4"
3923,Base Model,"3,4,5,2,6,1"
3924,Base Model,"2,5,6,1,3,4"
3925,Base Model,"3,6,2,4,5,1"
3926,Base Model,6
3927,Base Model,"1,4,2,5,3,6"
3928,Base Model,"5,3,2,6,5,1"
3929,Base Model,
3930,Base Model,"4,2,6,1,5,3"
3931,Base Model,"4,2,6,5,1,3"
3932,Base Model,"1,2,3,4,5,6"
3933,Base Model,"4,2,6,1,3,5"
3934,Base Model,
3935,Base Model,"2,5,4,6,1,3"
3936,Base Model,
3937,Base Model,"3,6,5,2,4,1"
3938,Base Model,"1,3,2,5,1,3"
3939,Base Model,
3940,Base Model,"4,2,6,5,1,3"
3941,Base Model,
3942,Base Model,"4,1,3,6,2,5"
3943,Base Model,"1,2,3,4,2,6"
3944,Base Model,"3,4,6,1,2,5"
3945,Base Model,"2,3,4,5,6"
3946,Base Model,"4,2,6,5,1,3"
3947,Base Model,"4,6,3,5,2,1"
3948,Base Model,"3,5,2,6,4,1"
3949,Base Model,"1,2,3,4,5,6"
3950,Base Model,1
3951,Base Model,"3,4,2,6,3,5"
3952,Base Model,"6,1,6"
3953,Base Model,"3,6,2,4,5,1"
3954,Base Model,"4,2,6,1,5,3"
3955,Base Model,"2,4,5,1,3,6"
3956,Base Model,
3957,Base Model,"2,5,4,3,6,1"
3958,Base Model,"4,6,2,5,3"
3959,Base Model,"1,6"
3960,Base Model,"2,5,1,6,4,3"
3961,Base Model,"2,4,5"
3962,Base Model,
3963,Base Model,"1,3,5,2,6,4"
3964,Base Model,"1,3,6,2,5,4"
3965,Base Model,"1,4,2,5,3,6"
3966,Base Model,"3,5,2,4,6,1"
3967,Base Model,"3,6"
3968,Base Model,"1,4,3,2,6,5"
3969,Base Model,"5,2,6,1,4,3"
3970,Base Model,"1,6,6"
3971,Base Model,
3972,Base Model,
3973,Base Model,"1,2,3,4,5,6"
3974,Base Model,"4,3,6,2,5"
3975,Base Model,"3,6,2,5,4,1"
3976,Base Model,"3,2,5,6,1,4"
3977,Base Model,"4,2,6,1,5,3"
3978,Base Model,"4,2,6,1,3,5"
3979,Base Model,"1,3,2,4,5,6"
3980,Base Model,"3,6,2,5,4,1"
3981,Base Model,"5,3,2,6,1,4"
3982,Base Model,1
3983,Base Model,"4,2,3,1,6,5"
3984,Base Model,"1,4,2,5,6,3"
3985,Base Model,"2,5,3,4,6,1"
3986,Base Model,"3,2,6,4,5,1"
3987,Base Model,"2,5,1,4,3,6"
3988,Base Model,"4,2,6"
3989,Base Model,"4,2,5,6,1,3"
3990,Base Model,"1,6,6"
3991,Base Model,"4,2,5,6,3,1"
3992,Base Model,"2,4,3,5,6,1"
3993,Base Model,"1,4,2,2,3,6"
3994,Base Model,
3995,Base Model,
3996,Base Model,"2,5,3,1,6,4"
3997,Base Model,"2,5,3,6,4,1"
3998,Base Model,"3,5,2,1,6,4"
3999,Base Model,
4000,Base Model,
4001,Base Model,"3,6,2,5,1,4"
4002,Base Model,"5,2,6,3,1,4"
4003,Base Model,
4004,Base Model,"1,3,5,2,6,4"
4005,Base Model,"2,5,3,6,4,1"
4006,Base Model,"1,4,2,5,3,6"
4007,Base Model,"3,2,1,2,4"
4008,Base Model,"2,5,1,4,3,6"
4009,Base Model,"5,2,6,1,3,4"
4010,Base Model,"6,1,6,4,2,6"
4011,Base Model,
4012,Base Model,"3,6,2,1,4,5"
4013,Base Model,"2,5,1,6,3,4"
4014,Base Model,"4,2,6,1,3,5"
4015,Base Model,"3,5,6,2,1,4"
4016,Base Model,"1,4,2,6,3,3"
4017,Base Model,
4018,Base Model,"5,2,6,4,3,1"
4019,Base Model,"1,2,3,4,5,6"
4020,Base Model,"1,5,2,4,3,6"
4021,Base Model,"3,4,2,6,5"
4022,Base Model,"4,2,6,5,3,1"
4023,Base Model,"4,3,6,2,5,1"
4024,Base Model,"3,5,6,4,2,5"
4025,Base Model,
4026,Base Model,"1,4,2,6,3,1"
4027,Base Model,"1,4,2,5,3,6"
4028,Base Model,"1,3,5,4,2,6"
4029,Base Model,"1,1,1,1,1"
4030,Base Model,"4,2,6,5,1,3"
4031,Base Model,
4032,Base Model,"3,2,4,5,6,1"
4033,Base Model,"2,5,6,3,1,4"
4034,Base Model,"4,2,6,1,3,5"
4035,Base Model,"1,4,2,6,5,3"
4036,Base Model,"2,4,6,5,3,1"
4037,Base Model,"1,3,5,2,4,6"
4038,Base Model,"1,3,5,2,6,4"
4039,Base Model,"2,5,4,6,1,3"
4040,Base Model,"3,1,4,2,6,5"
4041,Base Model,"1,3,2,6,5,4"
4042,Base Model,"3,2,6,4,1,5"
4043,Base Model,
4044,Base Model,
4045,Base Model,
4046,Base Model,
4047,Base Model,"1,3,2,6,4,5"
4048,Base Model,
4049,Base Model,"4,3,6,2,5,1"
4050,Base Model,"3,5,2,6,1,4"
4051,Base Model,"3,2,6,1,5,4"
4052,Base Model,"4,2,6,3,5,1"
4053,Base Model,"3,5,2,6,1,4"
4054,Base Model,"3,6,2,5,4,1"
4055,Base Model,"4,6,2,3,5,1"
4056,Base Model,
4057,Base Model,"2,6,5,3,1,4"
4058,Base Model,"3,5,2,4,1,6"
4059,Base Model,
4060,Base Model,
4061,Base Model,"4,2,6,1,3,5"
4062,Base Model,
4063,Base Model,6
4064,Base Model,"4,1,2,6,3,5"
4065,Base Model,
4066,Base Model,"2,6,3,5,1,4"
4067,Base Model,"3,5,1,6,4,2"
4068,Base Model,1
4069,Base Model,"3,5,6,2,3,4"
4070,Base Model,"3,6,2,5,4,1"
4071,Base Model,"5,2,3,1,6,4"
4072,Base Model,"5,2,3,6,1,4"
4073,Base Model,"2,6,3,5,6,1"
4074,Base Model,"1,4,5,3,2,6"
4075,Base Model,
4076,Base Model,"3,6,2,5,4,1"
4077,Base Model,"3,4,1,2,3,6"
4078,Base Model,
4079,Base Model,
4080,Base Model,"3,4,5,2,1,6"
4081,Base Model,"3,5,2,6,1,4"
4082,Base Model,"4,6,3,2,5,1"
4083,Base Model,"3,6,2,5,1,4"
4084,Base Model,
4085,Base Model,"2,5,3,6,1,4"
4086,Base Model,"3,6,2,5,1,4"
4087,Base Model,"3,6,1,5,2,4"
4088,Base Model,"4,2,6,3,1,5"
4089,Base Model,"4,3,6,2,5,1"
4090,Base Model,"3,1,2,6,5,4"
4091,Base Model,
4092,Base Model,"3,6,2,5,4,1"
4093,Base Model,
4094,Base Model,
4095,Base Model,
4096,Base Model,"4,6,3,2,1,5"
4097,Base Model,"6,1,3,1"
4098,Base Model,
4099,Base Model,"2,5,3,6,1,4"
4100,Base Model,"1,2,4,6,3,5"
4101,Base Model,
4102,Base Model,"3,6,2,4,5,1"
4103,Base Model,"4,2,5,1,6,3"
4104,Base Model,"2,5,1,4,3,6"
4105,Base Model,"3,2,4,5,6,1"
4106,Base Model,
4107,Base Model,"5,2,3,6,1,4"
4108,Base Model,
4109,Base Model,"3,5,2,1,6,4"
4110,Base Model,"4,2,5,3,6,1"
4111,Base Model,"1,5,2,4,6,3"
4112,Base Model,
4113,Base Model,"3,6,1,4,5,2"
4114,Base Model,"2,6,1,4,3,5"
4115,Base Model,"1,4,5,6"
4116,Base Model,
4117,Base Model,
4118,Base Model,"1,5,3,6,2,4"
4119,Base Model,"3,2,5,4,1,6"
4120,Base Model,
4121,Base Model,"2,4,3,6,1,5"
4122,Base Model,"1,2,5,3,2,6"
4123,Base Model,"1,2,3,4,5,6"
4124,Base Model,"4,2,6,5,1,3"
4125,Base Model,"3,1,2,5,6,4"
4126,Base Model,"4,2,6,3,1,5"
4127,Base Model,
4128,Base Model,
4129,Base Model,"2,5,4,6,3,1"
4130,Base Model,"4,3,6,5,2,1"
4131,Base Model,"1,6,2,5,3,4"
4132,Base Model,"4,2,6,3,5,1"
4133,Base Model,
4134,Base Model,"4,2,6,3,1,5"
4135,Base Model,
4136,Base Model,
4137,Base Model,"1,4,3,5,2,6"
4138,Base Model,"2,4,3,6,2,1"
4139,Base Model,
4140,Base Model,"2,4,1,6,3,5"
4141,Base Model,"4,2,3,6,5,1"
4142,Base Model,"4,2,6,3,5,1"
4143,Base Model,"3,5,2,6,1,4"
4144,Base Model,"1,3,2,4,5,6"
4145,Base Model,"1,2,5,3,4,6"
4146,Base Model,"6,3,2,6,5,1"
4147,Base Model,"2,6,5,3,1,4"
4148,Base Model,"1,2,5,3,6,4"
4149,Base Model,"3,2,6,4,5,1"
4150,Base Model,"2,5,4,1,3,6"
4151,Base Model,"1,3,5,2,6,1"
4152,Base Model,"4,2,6,3,1,5"
4153,Base Model,"2,6,5,1,3,4"
4154,Base Model,"3,6,2,5,1,4"
4155,Base Model,"4,2,6,1,3,5"
4156,Base Model,"4,2,5,3,1,6"
4157,Base Model,
4158,Base Model,"5,2,4,1,3,6"
4159,Base Model,"4,2,6,3,5,1"
4160,Base Model,"1,2,4,6,3,5"
4161,Base Model,
4162,Base Model,"4,3,2,5,6,1"
4163,Base Model,"2,6,4,3,5,1"
4164,Base Model,"3,6,2,5,4,1"
4165,Base Model,"4,6,2,5,3,1"
4166,Base Model,"3,6,2,5,4,1"
4167,Base Model,"3,6,2,5,4,1"
4168,Base Model,
4169,Base Model,"5,2,6,1,4,3"
4170,Base Model,"4,2,6,5,3,1"
4171,Base Model,"1,3,2,6,4,5"
4172,Base Model,
4173,Base Model,
4174,Base Model,"1,2,3,5,2,4"
4175,Base Model,"1,2,6,3,4,5"
4176,Base Model,"1,2,4,3,6,5"
4177,Base Model,"3,6,2,5,4,1"
4178,Base Model,
4179,Base Model,"5,3,1,6,2,4"
4180,Base Model,"3,2,6,5,3,6"
4181,Base Model,
4182,Base Model,"2,5,4,6,1,3"
4183,Base Model,
4184,Base Model,"3,6,5,2,3,6"
4185,Base Model,
4186,Base Model,"1,6,6"
4187,Base Model,"2,4,6,1,3,5"
4188,Base Model,"3,6,1,4,3,5"
4189,Base Model,"4,3,1,6,2,5"
4190,Base Model,"4,3,2,1,6,5"
4191,Base Model,"1,6,4,2,5,3"
4192,Base Model,"1,3,5,2,6,4"
4193,Base Model,"1,4,3,5,2,6"
4194,Base Model,
4195,Base Model,"2,4,6,3,5,1"
4196,Base Model,"3,6,2,5,1,4"
4197,Base Model,"3,2,6,5,1,4"
4198,Base Model,"1,6,6,1,4,6"
4199,Base Model,"4,3,2,6,5,1"
4200,Base Model,"6,1,6,1"
4201,Base Model,"3,5,2,6,4,1"
4202,Base Model,"1,2,4,5,6,3"
4203,Base Model,"1,2,3,4,5,6"
4204,Base Model,"3,5,1,2,4,6"
4205,Base Model,"3,4,2,6,5,1"
4206,Base Model,"4,2,6,3,5,1"
4207,Base Model,"2,6,1,4,5,3"
4208,Base Model,
4209,Base Model,"3,5,2,3,6,1"
4210,Base Model,"4,2,6,1,5,3"
4211,Base Model,"2,6,3,1,5,4"
4212,Base Model,"2,5,3,1,4,6"
4213,Base Model,"1,4,2,5,2,6"
4214,Base Model,"3,4,6,2,1,5"
4215,Base Model,"5,4,3,6,1"
4216,Base Model,
4217,Base Model,
4218,Base Model,
4219,Base Model,"3,2,4,5,6,3"
4220,Base Model,
4221,Base Model,
4222,Base Model,"4,2,6,5,1,3"
4223,Base Model,"1,6,3,2,4,5"
4224,Base Model,"2,4,6,3,1,5"
4225,Base Model,"3,2"
4226,Base Model,"3,6,2,4,1,5"
4227,Base Model,"3,1,4,2,6,5"
4228,Base Model,
4229,Base Model,"3,1,5,2,4"
4230,Base Model,"2,6,3,5,1,4"
4231,Base Model,"6,1,6,6,1"
4232,Base Model,
4233,Base Model,"3,2,5,6,4,1"
4234,Base Model,
4235,Base Model,"2,4,3,2,6,5"
4236,Base Model,"2,6,1,4,5,3"
4237,Base Model,"5,2,1,6,3,4"
4238,Base Model,"3,4,1,6,2,5"
4239,Base Model,"3,6,2,5,4,1"
4240,Base Model,
4241,Base Model,"3,6,2,4,5,1"
4242,Base Model,
4243,Base Model,"4,1,3,5,2,6"
4244,Base Model,"3,6,2,5,4,1"
4245,Base Model,
4246,Base Model,"3,4,2,6,5,1"
4247,Base Model,"1,6,6"
4248,Base Model,2
4249,Base Model,"2,5,6,3,4,1"
4250,Base Model,"3,6,2,5,1,4"
4251,Base Model,"3,4,2,6,5,1"
4252,Base Model,
4253,Base Model,
4254,Base Model,6
4255,Base Model,"5,2,6,4,3,1"
4256,Base Model,
4257,Base Model,"1,6,1,2"
4258,Base Model,"1,1,6,1"
4259,Base Model,"2,5,3,6,1,4"
4260,Base Model,"3,4,2,6,5,1"
4261,Base Model,"4,2,6,3,5,1"
4262,Base Model,"2,4,1,5,3,6"
4263,Base Model,"3,5,1,6,2,4"
4264,Base Model,
4265,Base Model,"5,3,6,2,4,1"
4266,Base Model,
4267,Base Model,
4268,Base Model,
4269,Base Model,"2,5,4,1,6,3"
4270,Base Model,"1,3,5,2,6,4"
4271,Base Model,"3,6,2,5,4,1"
4272,Base Model,"6,1,6,1,6,4"
4273,Base Model,"3,2,6,5,1,1"
4274,Base Model,"3,2,4,6,1,5"
4275,Base Model,
4276,Base Model,"4,2,6,3,5,1"
4277,Base Model,"2,4,6,1,3,5"
4278,Base Model,"2,5,3,6,1,4"
4279,Base Model,
4280,Base Model,"2,6,3,4,5,1"
4281,Base Model,
4282,Base Model,"1,5,2,3,4,1"
4283,Base Model,"2,5,4,1,3,6"
4284,Base Model,"3,6,2,5,4,1"
4285,Base Model,"1,3,5,2,6,4"
4286,Base Model,"3,6,2,4,5,1"
4287,Base Model,"1,4,2,6,3,5"
4288,Base Model,"2,5,3,1,6,4"
4289,Base Model,"6,3,2,5,6,4"
4290,Base Model,"3,1,6,4,2,5"
4291,Base Model,"3,6,2,5,1,4"
4292,Base Model,
4293,Base Model,"1,2,3,4,5,6"
4294,Base Model,"4,2,6,3,1,5"
4295,Base Model,"2,6,1,4,3,5"
4296,Base Model,"3,1,6,5,4,2"
4297,Base Model,
4298,Base Model,5
4299,Base Model,"4,2,6,5,3,1"
4300,Base Model,"1,6,3,4,5,2"
4301,Base Model,"4,2,6,5,3,1"
4302,Base Model,"1,4,2,5,6,3"
4303,Base Model,"4,2,6,3,1,5"
4304,Base Model,"3,2,6,5,1,4"
4305,Base Model,"4,2,3,1,5"
4306,Base Model,
4307,Base Model,"1,6,6"
4308,Base Model,"2,6,1,3,5,4"
4309,Base Model,
4310,Base Model,"6,3,5,2,4,1"
4311,Base Model,
4312,Base Model,"4,6,3,5,2,1"
4313,Base Model,"3,6,2,5,1,4"
4314,Base Model,
4315,Base Model,"3,5,2,6,1,4"
4316,Base Model,"4,3,5,2,6,1"
4317,Base Model,"4,6,2,5,3,1"
4318,Base Model,6
4319,Base Model,
4320,Base Model,
4321,Base Model,"4,6,2,3,1,5"
4322,Base Model,"1,1,6"
4323,Base Model,
4324,Base Model,"5,4,3,2,6,1"
4325,Base Model,"4,2,6,1,5,3"
4326,Base Model,
4327,Base Model,
4328,Base Model,"1,2,3,4,5,6"
4329,Base Model,"3,6,2,5,4,1"
4330,Base Model,"4,3,6,2,5,1"
4331,Base Model,"1,2,3,5,6,4"
4332,Base Model,"4,2,3,6,1,5"
4333,Base Model,"4,1,6,2,3,5"
4334,Base Model,"2,5,3,6,1,4"
4335,Base Model,"3,6,2,5,1,4"
4336,Base Model,"1,6,6"
4337,Base Model,"1,2,3,4,5,6"
4338,Base Model,"3,4,2,6,5,1"
4339,Base Model,"1,4,3,5,2,6"
4340,Base Model,"5,2,4,1,3,6"
4341,Base Model,"4,2,5,3,1,6"
4342,Base Model,"2,6,4,1,5,3"
4343,Base Model,"4,2,6,3,1,5"
4344,Base Model,"3,6,2,4,5,1"
4345,Base Model,
4346,Base Model,"1,3,4,6"
4347,Base Model,"2,4,5,1,3,6"
4348,Base Model,"1,3,2,5,4,6"
4349,Base Model,"4,2,5,6,1,3"
4350,Base Model,"5,2,3,6,1,4"
4351,Base Model,
4352,Base Model,"4,2,6,5,1,3"
4353,Base Model,"3,1,4,5,3,6"
4354,Base Model,"4,2,6,3,5,1"
4355,Base Model,"3,5,1,2,4,6"
4356,Base Model,"5,3,2,6,1,4"
4357,Base Model,"1,6,6"
4358,Base Model,"2,5,1,6,3,4"
4359,Base Model,"3,1,4,5,2,6"
4360,Base Model,"4,2,6,1,3,5"
4361,Base Model,"3,1,5,2,6,4"
4362,Base Model,"1,2,3,4,5,6"
4363,Base Model,"2,4,6,3,1,5"
4364,Base Model,"3,6,2,5,4,1"
4365,Base Model,"1,6,6"
4366,Base Model,"3,5,2,6,1,4"
4367,Base Model,"1,6,6"
4368,Base Model,"3,5,2,6,1,4"
4369,Base Model,"4,3,6,2,1,5"
4370,Base Model,"1,2,6"
4371,Base Model,
4372,Base Model,"1,2,3,4,5,6"
4373,Base Model,"4,2,6,3,5,1"
4374,Base Model,"1,3,2,6,5,4"
4375,Base Model,
4376,Base Model,"2,5,1,6,3,4"
4377,Base Model,
4378,Base Model,
4379,Base Model,"4,2,6,3,5,1"
4380,Base Model,"5,2,6,3,1,4"
4381,Base Model,"1,2,5,3,6"
4382,Base Model,"1,6,1,6,1"
4383,Base Model,"1,4,3,6,5,2"
4384,Base Model,"3,6,2,5,1,4"
4385,Base Model,
4386,Base Model,"2,4,6,5,3,1"
4387,Base Model,"5,4,2,6,3,1"
4388,Base Model,"2,5,4,6,3,1"
4389,Base Model,
4390,Base Model,
4391,Base Model,
4392,Base Model,"2,6,4,1,3,5"
4393,Base Model,"4,1,5,6,3,2"
4394,Base Model,"4,2,6,3,5,1"
4395,Base Model,"1,4,3,5,2,6"
4396,Base Model,
4397,Base Model,"2,6,4,3,1,5"
4398,Base Model,"5,2,6,1,4,3"
4399,Base Model,"3,6,1,4,5,2"
4400,Base Model,"5,4,3,6,2,1"
4401,Base Model,"4,2,6,3,5,1"
4402,Base Model,
4403,Base Model,"3,6,2,1,5,4"
4404,Base Model,"2,5,1,6,3,4"
4405,Base Model,"2,5,3,6,4,1"
4406,Base Model,"4,2,6,3,1,5"
4407,Base Model,"3,1,2,6,5,4"
4408,Base Model,"4,2,6,5,3,1"
4409,Base Model,6
4410,Base Model,"5,2,1,3,6,4"
4411,Base Model,"2,5,3,1,4,6"
4412,Base Model,"1,2,5,6,3,4"
4413,Base Model,"3,6,2,5,4,1"
4414,Base Model,
4415,Base Model,"2,5,4,6,3,1"
4416,Base Model,"3,5,2,4,1,6"
4417,Base Model,
4418,Base Model,"4,2,6,5,3,1"
4419,Base Model,"3,4,6,2,5,1"
4420,Base Model,
4421,Base Model,"3,6,2,5,1,4"
4422,Base Model,"3,6,2,5,1,4"
4423,Base Model,"4,2,6,5,3,1"
4424,Base Model,"2,4,1,3,6,5"
4425,Base Model,"3,6,4,2,5,1"
4426,Base Model,"2,5,4,1,3,6"
4427,Base Model,"3,5,2,6,3,4"
4428,Base Model,
4429,Base Model,"3,5,2,6,4,1"
4430,Base Model,
4431,Base Model,"3,6,4,2,5,1"
4432,Base Model,"3,2,5,6,4,1"
4433,Base Model,"5,2,4,1,3,6"
4434,Base Model,"5,3,6,2,6,4"
4435,Base Model,"2,4,5,1,6,3"
4436,Base Model,"5,2,6,3,1,4"
4437,Base Model,"4,6,2,5,3,1"
4438,Base Model,5
4439,Base Model,"4,2,6,3,5,1"
4440,Base Model,"3,1,5,6,2,4"
4441,Base Model,"3,6,1,2,4,5"
4442,Base Model,"1,3,5,2,6,4"
4443,Base Model,"1,2,3,4,5,6"
4444,Base Model,"3,1,2,6,5,4"
4445,Base Model,"1,5,3,6,2,4"
4446,Base Model,"5,3,6,2,4,1"
4447,Base Model,"2,5,4,1,6,3"
4448,Base Model,
4449,Base Model,"5,2,6,3,1,4"
4450,Base Model,"2,5,4,1,6,3"
4451,Base Model,"3,6,2,5,4,1"
4452,Base Model,"4,2,6,3,5,1"
4453,Base Model,"4,3,5,2,6,1"
4454,Base Model,
4455,Base Model,"3,3,1"
4456,Base Model,"5,2,4,3,1,6"
4457,Base Model,"3,2,5,6,1,4"
4458,Base Model,
4459,Base Model,"5,4,2,6,3,1"
4460,Base Model,"1,3,4,6,5,3"
4461,Base Model,"4,3,6,2,5,1"
4462,Base Model,"3,4,2,6,5,1"
4463,Base Model,"4,6,3,2,6,5"
4464,Base Model,"4,2,6,3,5,1"
4465,Base Model,
4466,Base Model,"3,1,6,4,2,5"
4467,Base Model,"4,2,6,1,5,3"
4468,Base Model,"4,6,3,2,5,1"
4469,Base Model,"1,3,6,2,5,4"
4470,Base Model,"6,1,5,2,3,6"
4471,Base Model,"1,3,5,2,6,4"
4472,Base Model,
4473,Base Model,"4,2,6,3,5,1"
4474,Base Model,
4475,Base Model,
4476,Base Model,
4477,Base Model,"1,6,6,6,1,2"
4478,Base Model,"3,4,5,2,1,6"
4479,Base Model,"3,6,4,1,2,5"
4480,Base Model,
4481,Base Model,"1,3,2,4,5,6"
4482,Base Model,
4483,Base Model,
4484,Base Model,"4,3,5,6,2,3"
4485,Base Model,"4,3,5,2,6,1"
4486,Base Model,"2,3,5,1,6,4"
4487,Base Model,"1,3,2,6,4,5"
4488,Base Model,
4489,Base Model,
4490,Base Model,"2,6,4,5,3,1"
4491,Base Model,
4492,Base Model,"3,6,2,4,1,5"
4493,Base Model,"1,3,2,5,4,6"
4494,Base Model,"3,6,2,5,4,1"
4495,Base Model,"6,3,5,1,5"
4496,Base Model,
4497,Base Model,"3,6,2,5,1,4"
4498,Base Model,"2,6,1,4,3,5"
4499,Base Model,"2,5,6,3,4,1"
4500,Base Model,"3,2,6,4,5,1"
4501,Base Model,"3,6,2,1,5,4"
4502,Base Model,"1,3,2,5,6,1"
4503,Base Model,"3,6,2,5,4,1"
4504,Base Model,"1,4,2,3,5,1"
4505,Base Model,6
4506,Base Model,"5,2,3,6,1,4"
4507,Base Model,
4508,Base Model,"2,5,4,1,6,3"
4509,Base Model,"4,2,6,1,3,5"
4510,Base Model,"5,2,6,3,1,4"
4511,Base Model,"4,2,3,5,6,1"
4512,Base Model,"4,2,5,6,3,1"
4513,Base Model,"3,2,4,5,1,6"
4514,Base Model,"1,4,2,5,6,3"
4515,Base Model,
4516,Base Model,"3,6,2,5,4,1"
4517,Base Model,"3,5,2,6,4,1"
4518,Base Model,"5,2,4,6,1,3"
4519,Base Model,"3,6,5,2,4,1"
4520,Base Model,"5,1,2,4,6,3"
4521,Base Model,"6,4,2,1,5"
4522,Base Model,
4523,Base Model,
4524,Base Model,"4,6,2,5,3,1"
4525,Base Model,"2,4,6,1,3,5"
4526,Base Model,
4527,Base Model,
4528,Base Model,"2,5,3,6,1,4"
4529,Base Model,
4530,Base Model,"6,1"
4531,Base Model,"3,2,6,5,1,4"
4532,Base Model,"3,2,4,6,3,5"
4533,Base Model,"3,2,6,5,4,1"
4534,Base Model,
4535,Base Model,"1,3,2,6,1,6"
4536,Base Model,"4,3,5,2,6,1"
4537,Base Model,"3,2,5,1,6,4"
4538,Base Model,"5,2,6,4,3,1"
4539,Base Model,"1,2,4,3,5,6"
4540,Base Model,"5,3,2,6,1,4"
4541,Base Model,
4542,Base Model,"2,6,3,5,1,4"
4543,Base Model,"2,5,3,6,1,4"
4544,Base Model,"4,3,5,2,6,1"
4545,Base Model,
4546,Base Model,
4547,Base Model,
4548,Base Model,"4,2,5,1,6,3"
4549,Base Model,
4550,Base Model,"1,4,3,5,2,6"
4551,Base Model,"2,4,1,3,6,5"
4552,Base Model,"1,4"
4553,Base Model,"1,6,6"
4554,Base Model,"3,6,2,5,1,4"
4555,Base Model,
4556,Base Model,"2,5,3,6,4,1"
4557,Base Model,"3,4,6,2,5,1"
4558,Base Model,"4,2,6,3,5,1"
4559,Base Model,"1,3,2,4,5,6"
4560,Base Model,"5,3,6,1,2"
4561,Base Model,"1,3,5,2,6,4"
4562,Base Model,"1,6,2,5,3,4"
4563,Base Model,"4,2,6,1,3,5"
4564,Base Model,
4565,Base Model,"2,4,5,3,6,1"
4566,Base Model,1
4567,Base Model,"2,5,3,1,4,6"
4568,Base Model,"4,2,6,1,5,3"
4569,Base Model,
4570,Base Model,"6,1"
4571,Base Model,"4,2,5,1,6,3"
4572,Base Model,"3,2,5,4,1,6"
4573,Base Model,
4574,Base Model,"3,6,2,5,1,4"
4575,Base Model,"3,4,1,5,2,6"
4576,Base Model,"1,3,2,6"
4577,Base Model,"3,6,4,2,5,1"
4578,Base Model,"2,5,6,3,4,1"
4579,Base Model,"2,5,3,6,4,5"
4580,Base Model,"2,5,3,1,6,4"
4581,Base Model,"2,5,3,6,4,1"
4582,Base Model,
4583,Base Model,"5,4,2,6,3,1"
4584,Base Model,"1,6,1,6,1,6"
4585,Base Model,"3,5,2,6,1,4"
4586,Base Model,"5,2,4,1,6,3"
4587,Base Model,"2,4,6,1,3,5"
4588,Base Model,"5,3,1,2,6,4"
4589,Base Model,"4,2,6,3,5,1"
4590,Base Model,"5,3,2,6,1,4"
4591,Base Model,"3,6,2,5,1,4"
4592,Base Model,"1,4,2,6,5,3"
4593,Base Model,"1,2,3,4,5,6"
4594,Base Model,"2,5,6,3,1,4"
4595,Base Model,"1,2"
4596,Base Model,
4597,Base Model,"4,2,6,1,5,3"
4598,Base Model,"5,3,2,6,4,1"
4599,Base Model,"1,3,4,2,5,6"
4600,Base Model,"2,6,5,3,1,4"
4601,Base Model,"4,3,6,2,5,1"
4602,Base Model,"6,1,6"
4603,Base Model,"5,4,2,3,6,1"
4604,Base Model,"4,3,5,2,6,1"
4605,Base Model,"1,6,6"
4606,Base Model,
4607,Base Model,"1,6,6"
4608,Base Model,
4609,Base Model,"4,2,6,1,3,5"
4610,Base Model,
4611,Base Model,"1,3,2,5,6,4"
4612,Base Model,"1,2,5,4,6,3"
4613,Base Model,"3,1,6,4,5,2"
4614,Base Model,"3,5,2,6,1,4"
4615,Base Model,"1,3,2,5,3,4"
4616,Base Model,"3,6,2,5,1,4"
4617,Base Model,"3,5,2,6,4,1"
4618,Base Model,"4,2,5,6,1,3"
4619,Base Model,"3,5,2,4,6,1"
4620,Base Model,"3,4,2,6,5,1"
4621,Base Model,1
4622,Base Model,2
4623,Base Model,"1,2,5,4,6,3"
4624,Base Model,"5,2,6,1,3,4"
4625,Base Model,"6,1,6"
4626,Base Model,6
4627,Base Model,"1,4,3,2,6,1"
4628,Base Model,
4629,Base Model,"4,2,6,3,5,1"
4630,Base Model,
4631,Base Model,"4,2,6,5,3,1"
4632,Base Model,"2,6,3,4,5,1"
4633,Base Model,"1,5"
4634,Base Model,"3,2,4,6,1,5"
4635,Base Model,"6,1,6"
4636,Base Model,"4,6,2,5,3,1"
4637,Base Model,
4638,Base Model,"4,2,6,1,5,3"
4639,Base Model,"2,4,3,1,6,5"
4640,Base Model,
4641,Base Model,"3,6,4,2,5,1"
4642,Base Model,"2,4,6,3,5,1"
4643,Base Model,
4644,Base Model,"1,6,6"
4645,Base Model,"2,5,6,3,1,4"
4646,Base Model,
4647,Base Model,"2,5,3,4,2,6"
4648,Base Model,"1,5,2,3,6,5"
4649,Base Model,"5,2,6,3,1,4"
4650,Base Model,"3,6,2,4,5,1"
4651,Base Model,
4652,Base Model,"3,1,2,6,4,5"
4653,Base Model,"3,6,5,2,4,1"
4654,Base Model,"3,5,2,6,1,4"
4655,Base Model,
4656,Base Model,"4,2,6,3,5,1"
4657,Base Model,"3,4,5,2,6,1"
4658,Base Model,"5,2,6,3,1,4"
4659,Base Model,"4,3,6,2,5,1"
4660,Base Model,"2,5,1,6,4,3"
4661,Base Model,"5,3,2,6,1,4"
4662,Base Model,"6,4,4,4"
4663,Base Model,"1,3,2,6,4,5"
4664,Base Model,"4,2,6,3,5,1"
4665,Base Model,"4,1,3,5,2,6"
4666,Base Model,"3,6,4,2,5,1"
4667,Base Model,
4668,Base Model,"4,2,6,5,3,1"
4669,Base Model,"4,2,6,3,5,1"
4670,Base Model,"6,6,1,2,5,3"
4671,Base Model,"3,5,1,2,6,4"
4672,Base Model,
4673,Base Model,
4674,Base Model,"3,5,2,6,4,1"
4675,Base Model,"3,6,2,5,1,4"
4676,Base Model,"2,6,5,1,4,3"
4677,Base Model,"2,4,1,3,6,5"
4678,Base Model,
4679,Base Model,"3,4,2,5,6"
4680,Base Model,
4681,Base Model,"3,4,1,6,5,2"
4682,Base Model,"4,3,5,1,2,6"
4683,Base Model,
4684,Base Model,"4,2,6,1,3,5"
4685,Base Model,"3,4"
4686,Base Model,"4,2,6,1,3,5"
4687,Base Model,
4688,Base Model,
4689,Base Model,"3,6,2,5,1,4"
4690,Base Model,"4,2,6,5,1,3"
4691,Base Model,"3,6,2,1,5,4"
4692,Base Model,"3,6,4,2,5,1"
4693,Base Model,1
4694,Base Model,"3,6,1,2,5,4"
4695,Base Model,"1,2,3,4,5,6"
4696,Base Model,"4,2,6,5,1,3"
4697,Base Model,"3,6,2,5,1,4"
4698,Base Model,
4699,Base Model,"4,3,5,2,6,1"
4700,Base Model,"1,6"
4701,Base Model,"1,6,6,1,3,4"
4702,Base Model,"2,4,6,1,3,5"
4703,Base Model,"1,2,3,4,5"
4704,Base Model,"2,4,5,3,6,1"
4705,Base Model,"6,3,6"
4706,Base Model,"4,2,6,3,5,1"
4707,Base Model,"2,6,4,3,5,1"
4708,Base Model,"4,2,6,1,3,5"
4709,Base Model,
4710,Base Model,"1,4,2,6,3,5"
4711,Base Model,"6,4,6,3,2,5"
4712,Base Model,
4713,Base Model,"1,6,5,3,4,2"
4714,Base Model,"5,2,4,3,1,6"
4715,Base Model,
4716,Base Model,"2,6,1,4,3,5"
4717,Base Model,"2,5,1,3,4,6"
4718,Base Model,"6,1,6"
4719,Base Model,"1,2,3,4,5,6"
4720,Base Model,
4721,Base Model,"5,4,3,2,5,1"
4722,Base Model,
4723,Base Model,"4,3,2,1,6,5"
4724,Base Model,"3,2,4,1,6,5"
4725,Base Model,"2,6,5,4,1,3"
4726,Base Model,"2,3,4,2,6,5"
4727,Base Model,"4,2,6,5,1,3"
4728,Base Model,"2,4,1,6,3"
4729,Base Model,"3,5,2,4,6,1"
4730,Base Model,"3,6,2,5,1,4"
4731,Base Model,"5,4,3,2,5,1"
4732,Base Model,"3,5,2,4,6,1"
4733,Base Model,"2,4,1,3,5,6"
4734,Base Model,"2,5,1,6,3,4"
4735,Base Model,
4736,Base Model,"2,6,5,1,4,3"
4737,Base Model,"1,4,2,3,6,1"
4738,Base Model,6
4739,Base Model,1
4740,Base Model,"1,6,6,1,6,3"
4741,Base Model,"4,2,6,5,1,3"
4742,Base Model,"4,2,5,6,3,1"
4743,Base Model,"4,2,6,1,5,3"
4744,Base Model,"1,3,2,6,5,4"
4745,Base Model,"1,6"
4746,Base Model,
4747,Base Model,"3,5,1,4,3,2"
4748,Base Model,"6,3,5,2,1,4"
4749,Base Model,"3,4,5,2,6,1"
4750,Base Model,"1,2,3,4,5,6"
4751,Base Model,"3,2,5,1,4,6"
4752,Base Model,"4,2,6,5,1,3"
4753,Base Model,"2,4,6,3,1,5"
4754,Base Model,"3,6,2,1,4,5"
4755,Base Model,"4,6,3,2,5,1"
4756,Base Model,
4757,Base Model,"3,5,2,6,1,4"
4758,Base Model,"2,4,6,1,3,5"
4759,Base Model,"3,6,2,5,1,4"
4760,Base Model,"5,2,4,3,1,6"
4761,Base Model,"1,6"
4762,Base Model,"1,3,2,2,3,6"
4763,Base Model,
4764,Base Model,
4765,Base Model,"3,5,1,2,6,4"
4766,Base Model,"4,2,6,1,3,5"
4767,Base Model,"4,2,6,3,5,1"
4768,Base Model,"4,3,5,1"
4769,Base Model,"4,3,6,2,5,1"
4770,Base Model,"3,4,5,1,2,6"
4771,Base Model,"2,4,3,5,1,6"
4772,Base Model,"3,6,5,2,1,4"
4773,Base Model,
4774,Base Model,"4,6,3,2,1"
4775,Base Model,"5,2,4,1,3,6"
4776,Base Model,"1,4,2,5,3,6"
4777,Base Model,
4778,Base Model,"1,6"
4779,Base Model,"5,2,6,1,3,4"
4780,Base Model,"4,2,5,3,1,6"
4781,Base Model,"2,4,6,1,5,3"
4782,Base Model,"4,6,1,2,3,5"
4783,Base Model,"3,5,2,6,1,4"
4784,Base Model,
4785,Base Model,
4786,Base Model,"1,3,5,2,4,6"
4787,Base Model,"2,4,6,3,1,5"
4788,Base Model,"3,6,2,5,4,1"
4789,Base Model,"3,2,6,1,5,4"
4790,Base Model,"4,2,6,5,1,3"
4791,Base Model,"6,6,6,6,6,6"
4792,Base Model,
4793,Base Model,"1,1,2,3,4,5"
4794,Base Model,"6,1"
4795,Base Model,
4796,Base Model,"4,3,2,5,6,1"
4797,Base Model,"4,2,5,3,6,1"
4798,Base Model,
4799,Base Model,
4800,Base Model,
4801,Base Model,"5,2,4,1,6,3"
4802,Base Model,"1,3,6,1,4,2"
4803,Base Model,"1,3,2,5,6,4"
4804,Base Model,"3,6,2,5,1,4"
4805,Base Model,"1,2,3,4,5"
4806,Base Model,"4,1,2,3,6,5"
4807,Base Model,"3,6,2,5,1,4"
4808,Base Model,"3,1,6,2,5,4"
4809,Base Model,"3,6,1,5,4,2"
4810,Base Model,"1,6"
4811,Base Model,"5,1,4,3,2,6"
4812,Base Model,"2,4,6,3,5,1"
4813,Base Model,"3,6,2,5,1"
4814,Base Model,6
4815,Base Model,"2,6,4,1,5,3"
4816,Base Model,"3,6,2,5,1,4"
4817,Base Model,"3,6,2,5,4,1"
4818,Base Model,"1,4,3,2,5,6"
4819,Base Model,"3,6,5,2,4,1"
4820,Base Model,"1,2,6,5,1,3"
4821,Base Model,"5,2,6,3,1,4"
4822,Base Model,
4823,Base Model,"4,6,2,5,3,1"
4824,Base Model,"2,3,6,4,5,1"
4825,Base Model,"1,6,1,2,3,4"
4826,Base Model,"4,2,6,3,5,1"
4827,Base Model,5
4828,Base Model,"5,3,2,6,4,1"
4829,Base Model,"3,6,1,5,2,4"
4830,Base Model,"2,6,3,1,4,5"
4831,Base Model,
4832,Base Model,
4833,Base Model,"1,6,2,4,5,3"
4834,Base Model,
4835,Base Model,
4836,Base Model,"1,2,6,4,3,5"
4837,Base Model,"4,6,2,5,1,3"
4838,Base Model,
4839,Base Model,"3,2,6,5,1,4"
4840,Base Model,"4,3,1,6,2,5"
4841,Base Model,"2,6,5,4,3,1"
4842,Base Model,"5,3,2,1,6,4"
4843,Base Model,"4,2,5,1,3,6"
4844,Base Model,"1,6,6"
4845,Base Model,"4,2,5,6,1,3"
4846,Base Model,
4847,Base Model,"3,6,2,5,1,4"
4848,Base Model,"4,2,6,3,5,1"
4849,Base Model,"5,2,4,6,1,3"
4850,Base Model,"1,2,3,4,5,6"
4851,Base Model,"1,2,3,4,5,6"
4852,Base Model,"2,6,4,5,1,3"
4853,Base Model,"6,1,6,1,3,2"
4854,Base Model,"1,4,3,6,2,5"
4855,Base Model,"6,1,6"
4856,Base Model,3
4857,Base Model,"4,6,2,1,5,3"
4858,Base Model,"1,6,6"
4859,Base Model,
4860,Base Model,"3,2,5,4,1,6"
4861,Base Model,"3,2,5,6,3,1"
4862,Base Model,"1,3,4,5,2,6"
4863,Base Model,"4,3,6,2,5,1"
4864,Base Model,"2,6,3,5,1,4"
4865,Base Model,"1,6,2,3,5,4"
4866,Base Model,"4,3,6,2,5,1"
4867,Base Model,"3,5,2,6,1,4"
4868,Base Model,"1,6,6"
4869,Base Model,
4870,Base Model,
4871,Base Model,
4872,Base Model,"4,3,6,1,5,2"
4873,Base Model,"2,5,3,1,6,4"
4874,Base Model,"4,2,6,5,1,3"
4875,Base Model,"4,2,5,6,1,3"
4876,Base Model,"4,2,6,3,1,5"
4877,Base Model,"5,2,6,3,1,4"
4878,Base Model,"5,2,4,6,1,3"
4879,Base Model,"2,5,3,6,1,4"
4880,Base Model,
4881,Base Model,
4882,Base Model,
4883,Base Model,"1,2,3,4,5,6"
4884,Base Model,
4885,Base Model,
4886,Base Model,"3,4,6,2,5,1"
4887,Base Model,
4888,Base Model,
4889,Base Model,"1,6,2,4,3,5"
4890,Base Model,"2,5,4,1,3,6"
4891,Base Model,"2,5,6,3,1,4"
4892,Base Model,"5,2,6,3,4,1"
4893,Base Model,"1,3,5,3,6,2"
4894,Base Model,"3,6,2,5,4,1"
4895,Base Model,"3,6,2,4,5,1"
4896,Base Model,"2,4,3,6,1,5"
4897,Base Model,"3,2,6,4,5,1"
4898,Base Model,"3,6,1,4,5,2"
4899,Base Model,"3,6,2,5,4,1"
4900,Base Model,"6,1,5"
4901,Base Model,"3,4,6,1,3,4"
4902,Base Model,"2,6,5,3,4,1"
4903,Base Model,
4904,Base Model,"4,3,6,5,2,1"
4905,Base Model,"5,2,6,1,3,4"
4906,Base Model,"3,6,2,1,5,4"
4907,Base Model,"4,2,3,6,1,5"
4908,Base Model,"6,1,6,3"
4909,Base Model,"1,4,3,5,6,2"
4910,Base Model,"3,5,1,6,2,4"
4911,Base Model,
4912,Base Model,"1,3,6,5,2,4"
4913,Base Model,"4,2,6,1,5,3"
4914,Base Model,"2,4,3,5,1,6"
4915,Base Model,"2,5,1,6,3,4"
4916,Base Model,"4,2,6,1,3,5"
4917,Base Model,
4918,Base Model,"1,6,1,6,1,6"
4919,Base Model,"4,3,6,1,5,2"
4920,Base Model,"3,2,6,4,1,5"
4921,Base Model,"3,5,2,6,4,1"
4922,Base Model,"3,2,6,5,1,4"
4923,Base Model,"4,3,6,2,5,1"
4924,Base Model,
4925,Base Model,
4926,Base Model,
4927,Base Model,
4928,Base Model,"3,6,2,5,1,4"
4929,Base Model,"1,2,3,4,5,6"
4930,Base Model,"2,6,3,4,5,6"
4931,Base Model,
4932,Base Model,
4933,Base Model,"4,2,6,3,5,1"
4934,Base Model,"1,6,1,1,6,1"
4935,Base Model,"3,6,2,5,1,4"
4936,Base Model,
4937,Base Model,"4,2,6,5,3,1"
4938,Base Model,
4939,Base Model,"1,3,4,5,3,2"
4940,Base Model,"6,1,6"
4941,Base Model,"4,2,6,3,1,5"
4942,Base Model,
4943,Base Model,"3,6,1,4,5,2"
4944,Base Model,
4945,Base Model,"2,6,1,5,3,4"
4946,Base Model,"3,1,6,2,5,4"
4947,Base Model,"4,2,6,3,5,1"
4948,Base Model,
4949,Base Model,"4,2,6,3,1,5"
4950,Base Model,6
4951,Base Model,"1,6,6"
4952,Base Model,"2,5,1,4,3,6"
4953,Base Model,"3,5,1,6,4,2"
4954,Base Model,"3,6,2,1,5,4"
4955,Base Model,"2,5,3,6,1,4"
4956,Base Model,"1,6,4,3,2,5"
4957,Base Model,"3,6,1,5,2,4"
4958,Base Model,
4959,Base Model,"4,6,2,3,5,1"
4960,Base Model,"1,4,2,5,3,6"
4961,Base Model,"1,3,5,2,3,6"
4962,Base Model,"3,2,6,5,4,1"
4963,Base Model,
4964,Base Model,
4965,Base Model,"1,2,3,4,5,6"
4966,Base Model,"4,2,6,3,1,5"
4967,Base Model,
4968,Base Model,
4969,Base Model,"1,2,3"
4970,Base Model,6
4971,Base Model,"3,5,6,3,1,2"
4972,Base Model,"3,1,4,5,2,6"
4973,Base Model,"4,3,2,6,5,1"
4974,Base Model,"4,3,2,6,1,5"
4975,Base Model,"1,6,6"
4976,Base Model,"4,3,2,5,1,6"
4977,Base Model,"3,6,2,5,4,1"
4978,Base Model,"3,6,1,4,2,5"
4979,Base Model,"1,4,2,5,3,6"
4980,Base Model,"5,2,6,1,4,3"
4981,Base Model,"4,2,6,1,5,3"
4982,Base Model,"3,6,2,4,5,1"
4983,Base Model,
4984,Base Model,
4985,Base Model,
4986,Base Model,"3,5,2,6,1,4"
4987,Base Model,
4988,Base Model,"1,3,2,6,4,5"
4989,Base Model,"2,5,1,4,3,6"
4990,Base Model,"2,4,1,3,5,6"
4991,Base Model,"1,3,5,2,4,6"
4992,Base Model,"2,6,5,3,4,1"
4993,Base Model,
4994,Base Model,"1,6,6"
4995,Base Model,"3,6,1,2,5,4"
4996,Base Model,"1,3,5,2,6,4"
4997,Base Model,"4,2,6,3,5,1"
4998,Base Model,
4999,Base Model,"4,2,5,6,1,3"
5000,Base Model,"3,2,6,5,4,1"
5001,Base Model,"5,2,4,3,6,1"
5002,Base Model,"3,6,2,5,1,4"
5003,Base Model,"3,5,4,2,6"
5004,Base Model,
5005,Base Model,
5006,Base Model,"6,3,4,5,2,6"
5007,Base Model,3
5008,Base Model,"4,2,6,3,5,1"
5009,Base Model,
5010,Base Model,
5011,Base Model,"2,3,5,2"
5012,Base Model,"4,6,2,3,5,1"
5013,Base Model,"1,2,3,4,5,6"
5014,Base Model,"6,2,3,4,1,5"
5015,Base Model,"3,5,2,6,3,1"
5016,Base Model,
5017,Base Model,"2,5,1,6,3,4"
5018,Base Model,"2,3,1,6,4,5"
5019,Base Model,"2,5,1,4,3,6"
5020,Base Model,"3,5,2,6,4,1"
5021,Base Model,"1,6,1,6,1,6"
5022,Base Model,"4,2,6,5,1,3"
5023,Base Model,"5,2,6,1,3,4"
5024,Base Model,"3,4,2,6,5,1"
5025,Base Model,
5026,Base Model,"4,2,6,1,3,5"
5027,Base Model,"3,6,2,5,1,4"
5028,Base Model,"3,2,6,4,3,5"
5029,Base Model,"3,1,4,2,6,3"
5030,Base Model,"2,5,3,1,6,4"
5031,Base Model,"3,2,6,1,4,5"
5032,Base Model,"4,2,6,5,3,1"
5033,Base Model,"3,2,5,6,1,4"
5034,Base Model,"3,1,6,4,2,5"
5035,Base Model,"4,2,3,6,1,5"
5036,Base Model,"4,2,6,5,1,3"
5037,Base Model,"2,4,5,6,3,1"
5038,Base Model,"3,6,2,5,4,1"
5039,Base Model,"1,3,2,5,3,2"
5040,Base Model,"3,6,2,5,1,4"
5041,Base Model,"1,3,6,2,5,4"
5042,Base Model,"4,2,5,6,3,1"
5043,Base Model,"3,5,1,6,2,6"
5044,Base Model,"4,6,3,2,5,1"
5045,Base Model,"4,2,6,5,1,3"
5046,Base Model,"2,4,1,6,5,3"
5047,Base Model,"2,4,3,6,2,1"
5048,Base Model,"4,2,6,5,1,3"
5049,Base Model,
5050,Base Model,6
5051,Base Model,
5052,Base Model,"2,6,4,5,1,3"
5053,Base Model,"1,4,2,6,3,5"
5054,Base Model,
5055,Base Model,"1,3,2,6,5,4"
5056,Base Model,"5,4,3,2,6,1"
5057,Base Model,"1,2"
5058,Base Model,"2,5,1,3,4,6"
5059,Base Model,"2,4,5,1,3,6"
5060,Base Model,"1,1,2,3,3,6"
5061,Base Model,"2,5,4,1,6,3"
5062,Base Model,"4,6,2,3,5,1"
5063,Base Model,"4,2,5,6,3,1"
5064,Base Model,
5065,Base Model,"1,6,6,6,1,2"
5066,Base Model,"6,5,5"
5067,Base Model,"5,2,6,1,3,4"
5068,Base Model,
5069,Base Model,"1,6,6"
5070,Base Model,"2,5,1,3,6,4"
5071,Base Model,"3,6,5,2,4,1"
5072,Base Model,"4,2,5,1,6,3"
5073,Base Model,
5074,Base Model,"6,4,3,2,5,6"
5075,Base Model,"3,6,2,5,1,4"
5076,Base Model,"5,2,4,6,3,1"
5077,Base Model,
5078,Base Model,"3,5,6,2,1,4"
5079,Base Model,
5080,Base Model,"2,5,3,6,4,1"
5081,Base Model,"3,1,6,4,5,2"
5082,Base Model,"4,2,3,6,5,1"
5083,Base Model,"2,5,1,6,3,4"
5084,Base Model,"2,6,3,1,5,4"
5085,Base Model,
5086,Base Model,"1,6,6"
5087,Base Model,"2,5,3,1,6,4"
5088,Base Model,"5,3,2,6,4,1"
5089,Base Model,"1,6,6"
5090,Base Model,"1,6,2"
5091,Base Model,"3,2,5,6,1,4"
5092,Base Model,
5093,Base Model,"1,4,2,3,4,5"
5094,Base Model,
5095,Base Model,"4,2,6,3,5,1"
5096,Base Model,"4,2,6,3,1,5"
5097,Base Model,
5098,Base Model,"1,4,2,6,3,2"
5099,Base Model,"2,6,4,5,1,3"
5100,Base Model,"6,1,6,1,6"
5101,Base Model,"4,6,3,5,2,1"
5102,Base Model,"3,6,4,2,5,1"
5103,Base Model,
5104,Base Model,"1,2,3,4,5,6"
5105,Base Model,"4,2,5,3,6,1"
5106,Base Model,
5107,Base Model,"1,4,2,3,1,5"
5108,Base Model,"2,4,3,1,6,5"
5109,Base Model,"1,4,3,6,5,2"
5110,Base Model,"4,2,5,1,6,3"
5111,Base Model,"1,5,2,6,3,1"
5112,Base Model,"6,6,1"
5113,Base Model,"1,2,4,3,6,5"
5114,Base Model,
5115,Base Model,"2,6,3,4,5,6"
5116,Base Model,"4,2,6,3,5,1"
5117,Base Model,"4,3,6,2,5,1"
5118,Base Model,"4,6,2,5,3,1"
5119,Base Model,"4,2,5,6,1,3"
5120,Base Model,"4,2,6,1,3,5"
5121,Base Model,"4,2,6,1,5,3"
5122,Base Model,"1,6,6"
5123,Base Model,"1,5,3,6,4,2"
5124,Base Model,"3,5,2,6,4,1"
5125,Base Model,"5,2,6,3,1,4"
5126,Base Model,"4,2,5,1,6,3"
5127,Base Model,"3,4,2,1,6,5"
5128,Base Model,"4,2,5,3,6,1"
5129,Base Model,"3,6,1,5,2,4"
5130,Base Model,"2,5,3,6,4,1"
5131,Base Model,"3,2,6,1,5,4"
5132,Base Model,"4,2,6,1,5,3"
5133,Base Model,
5134,Base Model,
5135,Base Model,"4,6,1,5,3,2"
5136,Base Model,"3,4,6,2,5,1"
5137,Base Model,"1,6,1,6,1,6"
5138,Base Model,6
5139,Base Model,"1,3,2,5,4,6"
5140,Base Model,"1,3,6,2,5,4"
5141,Base Model,"3,6,2,5,4,1"
5142,Base Model,"4,2,6,3,1,5"
5143,Base Model,"6,2,5,3,1,4"
5144,Base Model,"3,6,2,4,5,1"
5145,Base Model,"5,3,1,2,4,6"
5146,Base Model,"1,4,2,2,3,5"
5147,Base Model,"1,6,2,5,3,4"
5148,Base Model,"3,4,2,1,5,6"
5149,Base Model,
5150,Base Model,"6,1,6,6,3,6"
5151,Base Model,"1,4,2,2,3,6"
5152,Base Model,
5153,Base Model,"2,5,4,3,6,1"
5154,Base Model,"2,5,3,4,1,6"
5155,Base Model,"3,5,4,2,6,1"
5156,Base Model,"6,1,6"
5157,Base Model,
5158,Base Model,"2,5,3,6,1,4"
5159,Base Model,"4,2,6,1,5,3"
5160,Base Model,
5161,Base Model,"1,2,3,4,5,6"
5162,Base Model,"3,1,6,2,5,4"
5163,Base Model,"2,6,3,5,4,1"
5164,Base Model,"4,2,6,1,5,3"
5165,Base Model,"1,6,6"
5166,Base Model,"3,1,6,4,5,2"
5167,Base Model,
5168,Base Model,"4,1,3,2,6,5"
5169,Base Model,"6,1,6"
5170,Base Model,"1,3,6,2,4,5"
5171,Base Model,"5,2,3,6,1,4"
5172,Base Model,"1,5,2,3,2,4"
5173,Base Model,"5,3,1,6,2,4"
5174,Base Model,"3,6,1,4,5,2"
5175,Base Model,"4,2,6,5,1,3"
5176,Base Model,"5,3,1,2,6,4"
5177,Base Model,"5,3,2,6,1,4"
5178,Base Model,
5179,Base Model,"5,3,1,2,6,4"
5180,Base Model,"1,3,2,6,5,4"
5181,Base Model,"1,2,4,3,5,6"
5182,Base Model,
5183,Base Model,
5184,Base Model,"1,6,6"
5185,Base Model,"4,2,6,5,3,1"
5186,Base Model,"2,4,6,3,1,5"
5187,Base Model,"1,6,2,5,3,4"
5188,Base Model,"4,3,2,6,5,1"
5189,Base Model,"4,2,6,3,5,1"
5190,Base Model,"2,6,1,4,5,3"
5191,Base Model,"4,2,5,3,6,1"
5192,Base Model,
5193,Base Model,
5194,Base Model,"2,4,5"
5195,Base Model,"5,3,1,4,2,6"
5196,Base Model,"6,1,6"
5197,Base Model,"2,5,1,6,3,4"
5198,Base Model,"4,2,6,5,3,1"
5199,Base Model,"4,1,2,3,6,5"
5200,Base Model,
5201,Base Model,"4,2,3,1,5,6"
5202,Base Model,"1,5,6,2,6,3"
5203,Base Model,"6,1,6"
5204,Base Model,
5205,Base Model,"4,2,6,3,1,5"
5206,Base Model,"3,4,2,5,1,6"
5207,Base Model,"2,5,4,3,6,1"
5208,Base Model,
5209,Base Model,"3,6,1,4,2,5"
5210,Base Model,"4,1,6,3,2,5"
5211,Base Model,"1,2,6,1,5,3"
5212,Base Model,
5213,Base Model,"4,2,6,5,3,1"
5214,Base Model,"4,1,6,3,5,2"
5215,Base Model,"2,6,1,3,5,4"
5216,Base Model,"3,6,1,2,4,5"
5217,Base Model,"1,2,5,3,6,4"
5218,Base Model,"2,5,3,6,4,1"
5219,Base Model,"1,5,3,2,6,4"
5220,Base Model,"1,2,3,4,5,6"
5221,Base Model,"4,1,3,6,2,5"
5222,Base Model,"2,6,5,1,3,4"
5223,Base Model,"1,2,3,4,5,6"
5224,Base Model,"4,2,6,3,1,5"
5225,Base Model,"2,4,1,5,6,3"
5226,Base Model,"3,6,2,5,1,4"
5227,Base Model,"3,6,2,5,4,1"
5228,Base Model,"4,2,6,3,1,5"
5229,Base Model,"5,4,3,2,6,1"
5230,Base Model,"1,2,2,5,3,4"
5231,Base Model,"3,6,2,5,1,4"
5232,Base Model,
5233,Base Model,"4,2,6,5,3,1"
5234,Base Model,"3,2,5,1,4,6"
5235,Base Model,"1,6,6"
5236,Base Model,
5237,Base Model,"3,4,6,2,5,1"
5238,Base Model,
5239,Base Model,"2,5,6,3,4,2"
5240,Base Model,"1,5,2,3,3,6"
5241,Base Model,
5242,Base Model,"1,4,3,6,5,2"
5243,Base Model,"2,6,5,4,1,3"
5244,Base Model,"1,3,2,5,6,4"
5245,Base Model,
5246,Base Model,"4,3,2,1,6,5"
5247,Base Model,"1,4,3,6,2,5"
5248,Base Model,"1,4,6,2,5,3"
5249,Base Model,
5250,Base Model,"4,2,6,1,3,5"
5251,Base Model,"6,1,6"
5252,Base Model,
5253,Base Model,
5254,Base Model,"2,5,6,1,4,3"
5255,Base Model,"3,4,2,6,5,1"
5256,Base Model,"3,6,1,2,5,4"
5257,Base Model,"5,2,6,4,1,3"
5258,Base Model,"2,4,6,3,1,5"
5259,Base Model,
5260,Base Model,"2,5,1,4,6,3"
5261,Base Model,"3,5,4,2,6,1"
5262,Base Model,"5,2,4,1,6,3"
5263,Base Model,"1,3,5,2,6,4"
5264,Base Model,"1,2,5,4,6,3"
5265,Base Model,"4,2,6,5,3,1"
5266,Base Model,"2,4,6,3,5,1"
5267,Base Model,"4,2,6,1,3,5"
5268,Base Model,"4,2,6,1,3,5"
5269,Base Model,
5270,Base Model,1
5271,Base Model,"1,1,6,1,6,1"
5272,Base Model,"2,5,1,3,4,6"
5273,Base Model,
5274,Base Model,"3,5,1,3,6,2"
5275,Base Model,"1,2,3,4,5,6"
5276,Base Model,"3,6,1,2,5,4"
5277,Base Model,"4,3,6,2,5,1"
5278,Base Model,"5,2,6,4,3,1"
5279,Base Model,"1,3,2,6,1,3"
5280,Base Model,"1,3,2,6,5,4"
5281,Base Model,"1,6,1,6,1,6"
5282,Base Model,
5283,Base Model,"1,2,3,4,5,6"
5284,Base Model,"2,6,4,5,3,1"
5285,Base Model,
5286,Base Model,"3,2,5,6,1,4"
5287,Base Model,"3,6,5,2,4,1"
5288,Base Model,
5289,Base Model,"2,3,4,5,6,1"
5290,Base Model,"1,4,6,2,3,5"
5291,Base Model,"1,3,2,4,3,2"
5292,Base Model,
5293,Base Model,
5294,Base Model,"2,4,6,5,1,3"
5295,Base Model,"3,6,2,5,4,1"
5296,Base Model,
5297,Base Model,"4,2,6,3,5,1"
5298,Base Model,"6,1,2,3"
5299,Base Model,"4,2,6,5,3,1"
5300,Base Model,
5301,Base Model,"1,2,4,3,5,6"
5302,Base Model,
5303,Base Model,"3,6,1,5,2,4"
5304,Base Model,"1,3,2,6,5,1"
5305,Base Model,"2,5,4,1,3,6"
5306,Base Model,6
5307,Base Model,"2,5,3,6,1,4"
5308,Base Model,"1,2,5,3,6,4"
5309,Base Model,
5310,Base Model,"6,1,6,1,4,2"
5311,Base Model,
5312,Base Model,"4,3,6,2,5,1"
5313,Base Model,"2,3,5,6,1,4"
5314,Base Model,"1,6"
5315,Base Model,
5316,Base Model,"4,3,6,5,2,1"
5317,Base Model,"4,2,6,3,5,1"
5318,Base Model,"3,2,5,1,4,6"
5319,Base Model,
5320,Base Model,"3,6,4,1,3,5"
5321,Base Model,"1,4,3,2,6,5"
5322,Base Model,"5,2,6,4,1,3"
5323,Base Model,"1,2,3,4,5,6"
5324,Base Model,"1,2,3,4,5,6"
5325,Base Model,"1,6,6,6,1,6"
5326,Base Model,"4,2,3,1,6,5"
5327,Base Model,
5328,Base Model,
5329,Base Model,"2,5,1,4,6,3"
5330,Base Model,"4,2,5,3,6,1"
5331,Base Model,"1,5,2,6,3,5"
5332,Base Model,"3,6,1,5,2,4"
5333,Base Model,"1,4,3,2,6,5"
5334,Base Model,"5,2,6,3,1,4"
5335,Base Model,
5336,Base Model,"2,6,3,5,4,1"
5337,Base Model,"2,4,6,2,6,4"
5338,Base Model,
5339,Base Model,
5340,Base Model,"1,4,2,5,6,3"
5341,Base Model,"4,2,6,3,5,1"
5342,Base Model,"4,2,6,1,5,3"
5343,Base Model,"1,6,6"
5344,Base Model,"2,6,5,3,4,1"
5345,Base Model,"5,1,3,4,2,6"
5346,Base Model,
5347,Base Model,
5348,Base Model,
5349,Base Model,"1,5,4,3,6,2"
5350,Base Model,"3,6,2,5,4,1"
5351,Base Model,"1,2,3,6,2,4"
5352,Base Model,"1,5,2,6,3,4"
5353,Base Model,"3,6,1,5,4,2"
5354,Base Model,"2,5,3,1,6,4"
5355,Base Model,"2,4,5,2,3,6"
5356,Base Model,"2,6,4,5,1,3"
5357,Base Model,"3,2,6,5,4,1"
5358,Base Model,"2,4,1,6,3,2"
5359,Base Model,
5360,Base Model,"4,2,3,6,5,1"
5361,Base Model,"3,5,2,6,4,1"
5362,Base Model,"1,2,5,3,6,4"
5363,Base Model,
5364,Base Model,
5365,Base Model,
5366,Base Model,"3,6,2,5,1,4"
5367,Base Model,"1,4,6,2,5,3"
5368,Base Model,
5369,Base Model,"3,2,5,6,4,1"
5370,Base Model,"5,3,6,1,4,2"
5371,Base Model,"2,5,6,4,1,3"
5372,Base Model,"2,6,1,3,5,4"
5373,Base Model,
5374,Base Model,"2,5,1,3,6,4"
5375,Base Model,"5,2,6,3,1,4"
5376,Base Model,
5377,Base Model,
5378,Base Model,"4,2,6,3,5,1"
5379,Base Model,"3,2,5,6,1,4"
5380,Base Model,"5,2,4,3,5,1"
5381,Base Model,"5,3,4,6,2"
5382,Base Model,1
5383,Base Model,"2,4,6,3,1,5"
5384,Base Model,"3,6,2,5,4,1"
5385,Base Model,"3,6,2,5,4,1"
5386,Base Model,"5,2,3,4,1,6"
5387,Base Model,"5,2,6,3,1,4"
5388,Base Model,"1,4,3,5,2,1"
5389,Base Model,"3,2,6,5,1,4"
5390,Base Model,"5,2,3,6,1,4"
5391,Base Model,"5,2,6,3,1,4"
5392,Base Model,"6,1,6,1"
5393,Base Model,"3,6,2,5,1,4"
5394,Base Model,
5395,Base Model,
5396,Base Model,"2,6,5,3,1,4"
5397,Base Model,"3,5,4,2,6"
5398,Base Model,"3,4,1,2,5,6"
5399,Base Model,"6,4,1"
5400,Base Model,"3,6,2,5,4,1"
5401,Base Model,"2,5,3,4,2,6"
5402,Base Model,"2,5,3,6,4,1"
5403,Base Model,"3,6,2,5,1,4"
5404,Base Model,
5405,Base Model,"4,3,6,2,5,1"
5406,Base Model,6
5407,Base Model,"1,5,2,6,4,3"
5408,Base Model,"3,6,2,5,4,1"
5409,Base Model,"1,2,3,4,5,6"
5410,Base Model,
5411,Base Model,"1,1,2,3,4,5"
5412,Base Model,"6,1,6,1,6,6"
5413,Base Model,"3,4,2,6,1,5"
5414,Base Model,"1,2,4,3,5,6"
5415,Base Model,"1,3,2,5,6,4"
5416,Base Model,1
5417,Base Model,"1,2,3,5,1,6"
5418,Base Model,"4,3,6,5,2,1"
5419,Base Model,"4,2,6,3,1,5"
5420,Base Model,"3,5,2,6,4,1"
5421,Base Model,"4,1,6,5,3,2"
5422,Base Model,"1,6,5,4,2,3"
5423,Base Model,"3,5,4,2,6,1"
5424,Base Model,"4,2,6,5,3,1"
5425,Base Model,"4,2,5,3,6,1"
5426,Base Model,6
5427,Base Model,1
5428,Base Model,"2,4,5,1,6,3"
5429,Base Model,1
5430,Base Model,"3,6,2,5,1,4"
5431,Base Model,"4,2,5,1,3,6"
5432,Base Model,"2,5,1,3,6,4"
5433,Base Model,"4,1,6,3,5,2"
5434,Base Model,"3,2,6,5,4,1"
5435,Base Model,"1,6"
5436,Base Model,
5437,Base Model,
5438,Base Model,"6,1,6,4,2,6"
5439,Base Model,"4,2,6,5,1,3"
5440,Base Model,"2,5,3,6,2,4"
5441,Base Model,"5,2,6,3,1,4"
5442,Base Model,"1,2,3,4,5,6"
5443,Base Model,"4,2,6,5,3,1"
5444,Base Model,
5445,Base Model,"2,5,6,3,1,4"
5446,Base Model,
5447,Base Model,"4,2,5,3,1,6"
5448,Base Model,"2,5,4,1,6,3"
5449,Base Model,"3,2,6,4,1,5"
5450,Base Model,"4,2,6,3,1,5"
5451,Base Model,
5452,Base Model,
5453,Base Model,"4,2,6,3,5,1"
5454,Base Model,"4,3,5,6,2,1"
5455,Base Model,
5456,Base Model,"5,2,6,3,4,1"
5457,Base Model,"3,2,6,5,1,4"
5458,Base Model,"2,6,5,3,4,1"
5459,Base Model,"1,3,5,2,6,4"
5460,Base Model,"3,2,5,6,1,4"
5461,Base Model,"2,5,1,4,6,3"
5462,Base Model,"4,2,6,3,1,5"
5463,Base Model,"6,1,6"
5464,Base Model,
5465,Base Model,"3,6,2,5,1,4"
5466,Base Model,"3,5,2,6,4,1"
5467,Base Model,
5468,Base Model,"3,6,4,2,5,1"
5469,Base Model,
5470,Base Model,"1,3,2,2,3,4"
5471,Base Model,"1,3,4,5,2,6"
5472,Base Model,"5,3,2,6,4,1"
5473,Base Model,
5474,Base Model,"1,2,6,3,4,5"
5475,Base Model,"1,2,5,3,2,1"
5476,Base Model,"4,6,2,5,1,3"
5477,Base Model,"1,3,6,2,5,4"
5478,Base Model,
5479,Base Model,"5,3,2,6,1,4"
5480,Base Model,"5,3,1,6,2,4"
5481,Base Model,"1,4,3,2,5,6"
5482,Base Model,"3,6,1,5,2,4"
5483,Base Model,"5,2,6,3"
5484,Base Model,"3,5,2,1,6,4"
5485,Base Model,"3,2,5,1,4,6"
5486,Base Model,
5487,Base Model,"1,3,2,4,6,5"
5488,Base Model,"2,4,1,3,6,5"
5489,Base Model,"6,2,1,3,3,5"
5490,Base Model,"3,6,4,2,5,1"
5491,Base Model,"1,2,3,4,5,2"
5492,Base Model,"5,2,6,3,1,4"
5493,Base Model,"4,5"
5494,Base Model,"1,3,6,2,5,1"
5495,Base Model,"1,3,2,6,4,5"
5496,Base Model,
5497,Base Model,"1,2,4,3,5,6"
5498,Base Model,"2,5,1,6,3,4"
5499,Base Model,"6,2,4,3,6,5"
5500,Base Model,"1,4,3,6,2,5"
5501,Base Model,"5,2,1,4,6,3"
5502,Base Model,
5503,Base Model,"2,5,6,3,1,4"
5504,Base Model,"1,2,3,4,5,6"
5505,Base Model,"2,6,5,1,3,4"
5506,Base Model,"4,2,6,3,5,1"
5507,Base Model,
5508,Base Model,"3,4,5,2,6,1"
5509,Base Model,"2,1,3,5"
5510,Base Model,"6,1,6"
5511,Base Model,"1,5,3,2,6,4"
5512,Base Model,"1,6,3,2,4,5"
5513,Base Model,"4,2,5,1,6,3"
5514,Base Model,"3,6,2,5,4,1"
5515,Base Model,
5516,Base Model,
5517,Base Model,"5,4,2,6,1,3"
5518,Base Model,"4,2,6,5,3,1"
5519,Base Model,"1,2,3,4,5,6"
5520,Base Model,"3,6,2,5,1,4"
5521,Base Model,"5,2,6,3,1,4"
5522,Base Model,
5523,Base Model,
5524,Base Model,
5525,Base Model,"2,4,6,3,1,5"
5526,Base Model,"3,6,2,5,1,4"
5527,Base Model,"4,3,5,2,6,1"
5528,Base Model,"4,2,6,3,1,5"
5529,Base Model,
5530,Base Model,
5531,Base Model,"4,3,5,2,1,6"
5532,Base Model,"3,1,5,4,2,6"
5533,Base Model,"6,1,6,6"
5534,Base Model,"2,5,1,3,6,4"
5535,Base Model,"6,1,6,6"
5536,Base Model,"4,1,3,6,2,5"
5537,Base Model,"3,2,5,6,1,4"
5538,Base Model,"1,2,3,4,5,6"
5539,Base Model,"6,3,6"
5540,Base Model,
5541,Base Model,"5,3,6,2,4,1"
5542,Base Model,"4,6,5,1,3,2"
5543,Base Model,"5,2,6,3,1,4"
5544,Base Model,"6,1,6"
5545,Base Model,"1,2,4,6,5,3"
5546,Base Model,"3,2,6,1,4,5"
5547,Base Model,"5,2,3"
5548,Base Model,
5549,Base Model,"3,6,2,5,4,1"
5550,Base Model,"2,6,3,5,1"
5551,Base Model,"4,3,6,5,2,1"
5552,Base Model,"3,6,1,5,2,4"
5553,Base Model,"3,2,6,5,1,4"
5554,Base Model,
5555,Base Model,"3,6,2,5,1,4"
5556,Base Model,2
5557,Base Model,"2,3,5,2,6"
5558,Base Model,"6,3,4,2,6,1"
5559,Base Model,"4,2,5,3,6,1"
5560,Base Model,
5561,Base Model,"1,4,3,2,5,6"
5562,Base Model,"4,2,6,3,5,1"
5563,Base Model,"6,3,5,1,2,6"
5564,Base Model,"2,5,6,1,4,3"
5565,Base Model,"1,6,2,3,3,5"
5566,Base Model,"5,2,6,3,1"
5567,Base Model,
5568,Base Model,"3,2,5,6,1,4"
5569,Base Model,"3,2,6,4,1,5"
5570,Base Model,"3,6,2,5,1,4"
5571,Base Model,"2,5,1,6,4,3"
5572,Base Model,"1,6,4,5,3,2"
5573,Base Model,"4,3,5,2,6,1"
5574,Base Model,"6,2,3"
5575,Base Model,"6,1,6"
5576,Base Model,"1,2,3,4,5,6"
5577,Base Model,"4,2,6,5,1,3"
5578,Base Model,
5579,Base Model,
5580,Base Model,"3,4,2,5,6,1"
5581,Base Model,
5582,Base Model,"1,4,3,2,6,5"
5583,Base Model,"1,3,2,6,4,5"
5584,Base Model,"2,6,4,5,1,3"
5585,Base Model,
5586,Base Model,
5587,Base Model,"3,6,2,4,5,1"
5588,Base Model,"5,2,6,3,1,4"
5589,Base Model,"4,2,6,3,5,1"
5590,Base Model,
5591,Base Model,"2,5,3,6,1,4"
5592,Base Model,"4,2,6,3,1,5"
5593,Base Model,"1,3,2,5,3,2"
5594,Base Model,"1,4,2,6,3,5"
5595,Base Model,"4,3,6,2,5,1"
5596,Base Model,"6,1,6"
5597,Base Model,"4,2,6,5,1,3"
5598,Base Model,"3,2,5,6,4,1"
5599,Base Model,"2,5,6,1,3,4"
5600,Base Model,"1,3,2,5,6,4"
5601,Base Model,"2,4,6,2,5,1"
5602,Base Model,"4,6,3,5,2,1"
5603,Base Model,
5604,Base Model,"4,2,1,3,5,6"
5605,Base Model,"1,2,5,3,6,4"
5606,Base Model,"4,2,6,1,3"
5607,Base Model,6
5608,Base Model,"3,5,2,6,4,1"
5609,Base Model,"5,2,1,6,3,4"
5610,Base Model,"2,6,3,5,4,1"
5611,Base Model,"5,2,4,3,1,6"
5612,Base Model,"4,5,2,3"
5613,Base Model,"3,6,2,5,4,1"
5614,Base Model,
5615,Base Model,"1,1,6,4,6,2"
5616,Base Model,
5617,Base Model,"4,2,6,3,1,5"
5618,Base Model,
5619,Base Model,"5,3,6,1,4,2"
5620,Base Model,
5621,Base Model,"3,6,5,4,2,1"
5622,Base Model,
5623,Base Model,"4,2,6,3,5,1"
5624,Base Model,"4,2,6,3,5,1"
5625,Base Model,"1,1,2,5,3,6"
5626,Base Model,"4,2,6,1,3,5"
5627,Base Model,"4,2,6,3,1,5"
5628,Base Model,"5,2,6,1,4,3"
5629,Base Model,"2,6,3,1,5,1"
5630,Base Model,"6,1,6,3,4,2"
5631,Base Model,"2,4,6,5,3,1"
5632,Base Model,"4,2,6,3,5,1"
5633,Base Model,"4,3,6,2,5,1"
5634,Base Model,"5,3,6,2,5,4"
5635,Base Model,"3,1,6,5,4,2"
5636,Base Model,"3,6,2,5,1,4"
5637,Base Model,"3,6,2,5,1,4"
5638,Base Model,"2,3,1,4,2,6"
5639,Base Model,"3,5,1,2,4,6"
5640,Base Model,"4,2,6,5,3,1"
5641,Base Model,"4,2,6,3,5,1"
5642,Base Model,"4,2,6,3,1,5"
5643,Base Model,"2,6,5,3,4,1"
5644,Base Model,"4,2,6,1,5,3"
5645,Base Model,"4,1,3,5,2,6"
5646,Base Model,
5647,Base Model,"1,4,3,6,2,5"
5648,Base Model,"6,2,1,3,5,4"
5649,Base Model,"4,2,5,6,3,1"
5650,Base Model,"5,2,3,1,6,4"
5651,Base Model,"1,3,2,5,4,6"
5652,Base Model,"2,4,6,3,1,5"
5653,Base Model,"4,2,6,3,1,5"
5654,Base Model,"3,2,5,1,4,6"
5655,Base Model,"3,1,6,5,2"
5656,Base Model,"1,2,4,6,5,3"
5657,Base Model,"1,4,2,6,3,5"
5658,Base Model,"4,6,2,5,3,1"
5659,Base Model,"2,5,3,6,1,4"
5660,Base Model,"4,2,6,5,3,1"
5661,Base Model,"5,3,6,2,1,4"
5662,Base Model,"1,4,2,6,3,5"
5663,Base Model,"2,4,6,3,5,1"
5664,Base Model,"5,3"
5665,Base Model,"2,4,5,1,3,6"
5666,Base Model,"5,3,6,2,1,4"
5667,Base Model,"1,5,3,2,4,6"
5668,Base Model,
5669,Base Model,"1,2,4,6,3,5"
5670,Base Model,
5671,Base Model,
5672,Base Model,
5673,Base Model,"4,2,6,3,5,1"
5674,Base Model,"4,2,6,3,1,5"
5675,Base Model,"4,2,6,3,1,5"
5676,Base Model,"5,2,6,3,4,5"
5677,Base Model,"4,1,6,2,5,3"
5678,Base Model,"4,2,5,3,6,1"
5679,Base Model,
5680,Base Model,"4,3,1,2,6,5"
5681,Base Model,
5682,Base Model,"4,2,5,3,6,1"
5683,Base Model,
5684,Base Model,"3,5,1,6,2,6"
5685,Base Model,"3,4,2,1,5,6"
5686,Base Model,"4,2,6,3,1,5"
5687,Base Model,"5,4,3,6,1,2"
5688,Base Model,
5689,Base Model,"2,5,1,3,6,4"
5690,Base Model,"6,1,6"
5691,Base Model,
5692,Base Model,"1,3,5,6,4,2"
5693,Base Model,"1,2,3,4,5,6"
5694,Base Model,"3,6,4,2,5,1"
5695,Base Model,"4,2,6,1,3,5"
5696,Base Model,
5697,Base Model,"1,4,2,6,3,5"
5698,Base Model,"4,2,5,1,3,6"
5699,Base Model,
5700,Base Model,"2,5,4,3,1,6"
5701,Base Model,"3,6,2,5,4,1"
5702,Base Model,"2,6,5,3,1,4"
5703,Base Model,"4,1,6,3,2,5"
5704,Base Model,"3,5,2,6,1,4"
5705,Base Model,"4,2,6,5,3,1"
5706,Base Model,"3,1,6,2,5,4"
5707,Base Model,
5708,Base Model,
5709,Base Model,"1,2,5,6,3,6"
5710,Base Model,"3,5,6,4,1,2"
5711,Base Model,"4,2,5,3,6,1"
5712,Base Model,"1,6"
5713,Base Model,"1,6,6"
5714,Base Model,"4,2,5,1,3,6"
5715,Base Model,"2,5,3,6,4,1"
5716,Base Model,"3,5,2,6,1,4"
5717,Base Model,"2,6,5,3,1,4"
5718,Base Model,"3,5,2,6,1,4"
5719,Base Model,1
5720,Base Model,"3,6,2,1,5,4"
5721,Base Model,
5722,Base Model,
5723,Base Model,"5,3,6,2,6,1"
5724,Base Model,"3,1,5,4,2,6"
5725,Base Model,"1,2,3,4,5,6"
5726,Base Model,"4,2,6,3,5,1"
5727,Base Model,
5728,Base Model,"3,6,2,5,4,1"
5729,Base Model,"5,3,6,2,4,1"
5730,Base Model,
5731,Base Model,
5732,Base Model,"2,5,1,6,3,2"
5733,Base Model,"5,2,4,3,6,1"
5734,Base Model,"4,2,6,3,5,1"
5735,Base Model,"3,2,6,4,5,1"
5736,Base Model,"2,5,6,1,3,4"
5737,Base Model,"4,3,2,6,5,1"
5738,Base Model,"6,5,4,3,1"
5739,Base Model,"2,6,3,1,5,4"
5740,Base Model,"2,5,3,1,6,4"
5741,Base Model,"1,6,3,2,5,4"
5742,Base Model,
5743,Base Model,"2,5,1,4,3,6"
5744,Base Model,"4,2,5,3,6,1"
5745,Base Model,
5746,Base Model,"6,1,6,6"
5747,Base Model,
5748,Base Model,
5749,Base Model,"2,3,6,4,2,5"
5750,Base Model,"1,2,3,4,5,6"
5751,Base Model,"2,5,3,6,1,4"
5752,Base Model,"2,4,6,3,5,1"
5753,Base Model,"1,4,2,6,5,3"
5754,Base Model,"1,3,2,6,4,5"
5755,Base Model,"4,2,6,5,1,3"
5756,Base Model,"1,6,1,4,5,2"
5757,Base Model,"4,2,5,1,6,3"
5758,Base Model,
5759,Base Model,"1,6,6"
5760,Base Model,"1,3,4,2,5,1"
5761,Base Model,
5762,Base Model,"5,2,6,1,3,4"
5763,Base Model,"4,6,3,2,5,1"
5764,Base Model,
5765,Base Model,"6,2,4,3,6,5"
5766,Base Model,"4,2,6,1,5,3"
5767,Base Model,"1,4,2,2,3,5"
5768,Base Model,
5769,Base Model,
5770,Base Model,"1,6,6,5,2,3"
5771,Base Model,"3,1,6,2,5,4"
5772,Base Model,"4,3,5,2,6,1"
5773,Base Model,"1,3,2,5,6,4"
5774,Base Model,"4,2,5,6,3,1"
5775,Base Model,"3,1,6,4,5,2"
5776,Base Model,
5777,Base Model,"1,5,2,6,4,3"
5778,Base Model,"3,6,2,5,4,1"
5779,Base Model,"5,4,6,2,1,3"
5780,Base Model,"3,2,5,6,1,4"
5781,Base Model,"2,5,3,1,6,4"
5782,Base Model,"6,4,2,5,3,1"
5783,Base Model,"5,2,6,3,1,4"
5784,Base Model,"5,4,6,2,1,5"
5785,Base Model,"2,6,1,4,3,5"
5786,Base Model,"6,3,2,6,4,1"
5787,Base Model,"4,2,5,1,3,6"
5788,Base Model,"3,6,2,1,5,4"
5789,Base Model,"5,2,3,1,6,4"
5790,Base Model,
5791,Base Model,"3,5,1,2,6,4"
5792,Base Model,"2,5,3,6,1,4"
5793,Base Model,"2,6,5,3,1,4"
5794,Base Model,
5795,Base Model,"2,4,3,6,5,1"
5796,Base Model,"3,6,1,4,2,5"
5797,Base Model,"5,2,1,4,3,6"
5798,Base Model,
5799,Base Model,"1,4,2,6,3,5"
5800,Base Model,"5,3,2,6,1,4"
5801,Base Model,"4,2,5,6,1,3"
5802,Base Model,"3,2,6,5,4,1"
5803,Base Model,"1,4,2,5,3,6"
5804,Base Model,"4,6,2,5,3,6"
5805,Base Model,
5806,Base Model,"4,1,2,3,6,5"
5807,Base Model,"5,3,6,1,2,4"
5808,Base Model,"5,2,3,2,6,4"
5809,Base Model,"2,6,3,5,1,4"
5810,Base Model,"1,2,5,3,6,4"
5811,Base Model,"4,2,5,1,6,3"
5812,Base Model,
5813,Base Model,"2,6,5"
5814,Base Model,
5815,Base Model,
5816,Base Model,"4,2,6,3,5,1"
5817,Base Model,
5818,Base Model,"3,6,2,5,1,4"
5819,Base Model,"4,3,6,2,5,1"
5820,Base Model,"4,2,6,3,5,1"
5821,Base Model,"1,2,3,4,5,6"
5822,Base Model,"1,6,6"
5823,Base Model,"4,2,3,1,6,5"
5824,Base Model,"6,1,6"
5825,Base Model,"2,6,3,1,5,4"
5826,Base Model,
5827,Base Model,"4,2,5,3,6,1"
5828,Base Model,
5829,Base Model,"4,2,6,3,5"
5830,Base Model,"5,3,2,6,5,4"
5831,Base Model,"3,1,6,2,4,5"
5832,Base Model,"3,6,2,5,1,4"
5833,Base Model,"3,6,1,5,4,2"
5834,Base Model,
5835,Base Model,
5836,Base Model,"6,1,6"
5837,Base Model,"3,5,4,2,6,1"
5838,Base Model,"2,5,4,1,6,3"
5839,Base Model,"2,4,6,1,3,5"
5840,Base Model,"2,2,2,2"
5841,Base Model,
5842,Base Model,"3,5,4,6,2,1"
5843,Base Model,"4,2,6,3,5,1"
5844,Base Model,"4,2,5,1,6,3"
5845,Base Model,"3,1,6,5,4,2"
5846,Base Model,"1,2,3,4,5,6"
5847,Base Model,"5,4,2,3,1,6"
5848,Base Model,"3,4,6,1,5,2"
5849,Base Model,"4,2,5,6,1,3"
5850,Base Model,"1,5,2,6,3,4"
5851,Base Model,
5852,Base Model,"1,2,3,4,5"
5853,Base Model,"1,6,2,6,3,6"
5854,Base Model,"4,2,6,5,1,3"
5855,Base Model,"5,3,2,6,1,4"
5856,Base Model,"2,6,4,1,5,3"
5857,Base Model,"2,5,1,6,3,4"
5858,Base Model,"3,6,2,5,1,4"
5859,Base Model,"3,6,2,5,1,4"
5860,Base Model,"1,2,3,4,5,6"
5861,Base Model,
5862,Base Model,"3,2,6,5,4,1"
5863,Base Model,"5,3,1,2,6,4"
5864,Base Model,"4,3,6,2,5,1"
5865,Base Model,"4,2,6,3,1,5"
5866,Base Model,"3,2,6,5,1,4"
5867,Base Model,"3,1,6,2,5,4"
5868,Base Model,"1,6,6"
5869,Base Model,"2,5,4,1,6,3"
5870,Base Model,"4,2,6,5,3,1"
5871,Base Model,"1,5,3,4,2,6"
5872,Base Model,"1,2,2,4,3,5"
5873,Base Model,"3,6,2,4,5,1"
5874,Base Model,"3,5,2,6,1,4"
5875,Base Model,"4,2,6,1,5,3"
5876,Base Model,
5877,Base Model,"1,6,6,6"
5878,Base Model,"3,1,5,2,6,4"
5879,Base Model,"4,6,2,5,1,3"
5880,Base Model,
5881,Base Model,"1,6,6"
5882,Base Model,"4,2,6,1,3,5"
5883,Base Model,"5,2,3,6,1,4"
5884,Base Model,
5885,Base Model,"3,2,6,5,1,4"
5886,Base Model,"3,2,4,1,5,6"
5887,Base Model,
5888,Base Model,"3,2,5,1,6,4"
5889,Base Model,"2,6,3,4,5,1"
5890,Base Model,"1,2,3,4,5,6"
5891,Base Model,"6,2,2,6,4,1"
5892,Base Model,"2,6,3,5,4,1"
5893,Base Model,"4,3,2,6,5,1"
5894,Base Model,"1,2,4,5,2,3"
5895,Base Model,
5896,Base Model,"6,4,2,3,5,1"
5897,Base Model,"2,4,3,5,6,1"
5898,Base Model,
5899,Base Model,"4,2,6,3,1,5"
5900,Base Model,"2,4,3,6,1,5"
5901,Base Model,"4,2,5"
5902,Base Model,"1,4,2,6,3,5"
5903,Base Model,"4,2,5,6,1,3"
5904,Base Model,"5,2,6,4,3,1"
5905,Base Model,"3,2,6,4,5,1"
5906,Base Model,
5907,Base Model,"1,6,6"
5908,Base Model,"2,4,5,6,3,1"
5909,Base Model,
5910,Base Model,
5911,Base Model,"1,4,2,5,3,6"
5912,Base Model,"1,6"
5913,Base Model,"5,3,6,4,2,1"
5914,Base Model,"1,2,4,6,3,5"
5915,Base Model,"5,2,4,3,1,6"
5916,Base Model,"1,6,6,4,3,6"
5917,Base Model,"1,3,2,5,6,4"
5918,Base Model,"1,4,6,3,2,5"
5919,Base Model,
5920,Base Model,"4,2,5,6,3,1"
5921,Base Model,"1,6,6"
5922,Base Model,"6,1,6,6"
5923,Base Model,"3,6,4,2,5,1"
5924,Base Model,"3,2,6,1,5,4"
5925,Base Model,"3,2,6,5,1,4"
5926,Base Model,"2,4,5,1,3,6"
5927,Base Model,
5928,Base Model,
5929,Base Model,"4,2,6,3,5,1"
5930,Base Model,"3,6,2,5,1,4"
5931,Base Model,"2,5,3,6,1,4"
5932,Base Model,"1,5,3,2,6,4"
5933,Base Model,
5934,Base Model,"1,6,2,6,3,1"
5935,Base Model,"3,6,2,5,1,4"
5936,Base Model,"4,3,5,2,6,1"
5937,Base Model,
5938,Base Model,"1,2,3,4,5"
5939,Base Model,"5,2,6,3,1,4"
5940,Base Model,"1,4,2,5,3,6"
5941,Base Model,"3,6,2,1,5,4"
5942,Base Model,"3,6,2,1,5,4"
5943,Base Model,"1,2,3,4,5,6"
5944,Base Model,"3,5,1,6,2,4"
5945,Base Model,"2,5,1,3,6,4"
5946,Base Model,
5947,Base Model,"2,6,3,5,1,4"
5948,Base Model,"5,2,4,6,1,3"
5949,Base Model,"4,2,6,3,5,1"
5950,Base Model,
5951,Base Model,
5952,Base Model,"3,6,2,5,4,1"
5953,Base Model,"2,5,3,6,1,4"
5954,Base Model,"1,2,3,4,5,6"
5955,Base Model,"6,1,6,2,4,5"
5956,Base Model,"4,2,5,6,3,1"
5957,Base Model,"3,6,2,5,1,4"
5958,Base Model,"3,2,2,4,6"
5959,Base Model,
5960,Base Model,"6,1,6"
5961,Base Model,
5962,Base Model,"5,3,2,6,1,4"
5963,Base Model,
5964,Base Model,"2,3,1,6,5,4"
5965,Base Model,"3,4,6,2,5,1"
5966,Base Model,"1,3,6,5,4,2"
5967,Base Model,"1,4,2,3,5,6"
5968,Base Model,"3,1,6,2,5,4"
5969,Base Model,
5970,Base Model,"4,6,2,3,5,1"
5971,Base Model,
5972,Base Model,"3,2,4,6,1,5"
5973,Base Model,"4,6,2,3,5,1"
5974,Base Model,"1,5,2,3,3,2"
5975,Base Model,"1,2,5,4,6,3"
5976,Base Model,"5,2,1,6,3,4"
5977,Base Model,"5,2,6,3,1,4"
5978,Base Model,"4,2,6,3,1,5"
5979,Base Model,6
5980,Base Model,"2,5,3,6,1,4"
5981,Base Model,6
5982,Base Model,
5983,Base Model,"1,6,6"
5984,Base Model,"2,6,1,5,3,4"
5985,Base Model,
5986,Base Model,"3,2,6,1,5,4"
5987,Base Model,"1,3,5,2,6,4"
5988,Base Model,"1,6,6"
5989,Base Model,"1,3,5,4,6,2"
5990,Base Model,"6,6,2,4,5,3"
5991,Base Model,"5,2,6,3,1,4"
5992,Base Model,"4,2,6,3,5,1"
5993,Base Model,"1,2,6"
5994,Base Model,"2,4,3,5,1,6"
5995,Base Model,"1,3,2,6,5,3"
5996,Base Model,"6,1,6"
5997,Base Model,
5998,Base Model,"1,6,6"
5999,Base Model,"1,4,2,6,5,3"
6000,Base Model,"2,5,3,1,6,4"
6001,Base Model,"2,3,1,5,2,6"
6002,Base Model,"5,2,6,3,1,4"
6003,Base Model,"1,4,2,6,5,3"
6004,Base Model,"4,2,6,3,5,1"
6005,Base Model,"3,4,5,2,6,1"
6006,Base Model,
6007,Base Model,"5,2,3,6,1,4"
6008,Base Model,1
6009,Base Model,"2,3,6,1,4,5"
6010,Base Model,"1,3,5,2,6,4"
6011,Base Model,"3,6,2,4,5,1"
6012,Base Model,"4,2,6,5,1,3"
6013,Base Model,"1,5,2,3,6,4"
6014,Base Model,"2,5,4,6,3,1"
6015,Base Model,
6016,Base Model,
6017,Base Model,
6018,Base Model,6
6019,Base Model,
6020,Base Model,"4,6,2,5,1,3"
6021,Base Model,"2,6,4,5,1,3"
6022,Base Model,
6023,Base Model,"4,2,6,3,5,1"
6024,Base Model,"2,5,3,6,1,4"
6025,Base Model,"2,5,3,1,4,6"
6026,Base Model,"4,2,6,3,5,1"
6027,Base Model,"2,5,3,6,4,1"
6028,Base Model,
6029,Base Model,
6030,Base Model,"4,2,6,5,1,3"
6031,Base Model,"4,2,3,6,5,1"
6032,Base Model,
6033,Base Model,"4,3,6,5,2,1"
6034,Base Model,
6035,Base Model,"1,6,6"
6036,Base Model,
6037,Base Model,
6038,Base Model,
6039,Base Model,"5,2,6,3,1,4"
6040,Base Model,"6,1,6,4,2,6"
6041,Base Model,"4,2,6,5,1,3"
6042,Base Model,
6043,Base Model,"2,6,1,3,5,4"
6044,Base Model,"3,6,2,5,4,1"
6045,Base Model,"3,6,2,5,1,4"
6046,Base Model,6
6047,Base Model,"2,5,4,6,1,3"
6048,Base Model,"4,3,6,2,5,1"
6049,Base Model,"1,2,5,4,6,3"
6050,Base Model,6
6051,Base Model,"4,2,6,3,5,1"
6052,Base Model,"2,4,6,3,1,5"
6053,Base Model,"2,3,1,6,4,5"
6054,Base Model,
6055,Base Model,
6056,Base Model,"2,5,1,6,4,3"
6057,Base Model,
6058,Base Model,"2,5,3,6,1,4"
6059,Base Model,"4,6,2,5,3,1"
6060,Base Model,"3,2,4,6,5,1"
6061,Base Model,"3,5,2,6,1,4"
6062,Base Model,
6063,Base Model,
6064,Base Model,"4,2,6,3,1,5"
6065,Base Model,"3,6,2,5,4"
6066,Base Model,
6067,Base Model,
6068,Base Model,"3,2,6,5,4,1"
6069,Base Model,"1,3,2,6,5,4"
6070,Base Model,"4,6,2,5,3,1"
6071,Base Model,"3,4,2,6,1,5"
6072,Base Model,"3,6,2,5,1,4"
6073,Base Model,"1,3,6,2,5,4"
6074,Base Model,"6,2,5,1,3,4"
6075,Base Model,"3,6,2,5,4,1"
6076,Base Model,"1,4,2,6,3,5"
6077,Base Model,"2,5,6,4,3,1"
6078,Base Model,"3,5,2,6,1,4"
6079,Base Model,"1,6,2,5,6,3"
6080,Base Model,"4,3,6,2,5,1"
6081,Base Model,"4,6,3,2,5,1"
6082,Base Model,"2,5,1,6,4,3"
6083,Base Model,"2,5,3,4,6,1"
6084,Base Model,
6085,Base Model,"4,6,2,5,3,1"
6086,Base Model,
6087,Base Model,"2,5,3,6,1,4"
6088,Base Model,"2,5,6,1,3,4"
6089,Base Model,
6090,Base Model,
6091,Base Model,"3,1,2,6,5,4"
6092,Base Model,"6,1,6"
6093,Base Model,"2,6,5,4,3,1"
6094,Base Model,"4,2,6,1,3,5"
6095,Base Model,"2,5,3,1,6,4"
6096,Base Model,"3,5,2,6,3,1"
6097,Base Model,"6,1,6,1"
6098,Base Model,"2,6,3,5,2,6"
6099,Base Model,"3,1,5,2,6"
6100,Base Model,
6101,Base Model,"4,3,2,6,1,5"
6102,Base Model,"4,2,5,1,3,6"
6103,Base Model,"6,1,6"
6104,Base Model,"4,6,3,1,5,2"
6105,Base Model,"1,6,6"
6106,Base Model,"4,2,6,1,5,3"
6107,Base Model,"4,2,5,6,3,1"
6108,Base Model,
6109,Base Model,"1,1,1,1,1"
6110,Base Model,"1,4,2,6,5,3"
6111,Base Model,
6112,Base Model,
6113,Base Model,"1,2,3,4,5"
6114,Base Model,"5,2,6,3,1,4"
6115,Base Model,"3,6,2,5,4,1"
6116,Base Model,"5,4,2,6,1,3"
6117,Base Model,"1,2"
6118,Base Model,
6119,Base Model,"4,2,6,1,5,3"
6120,Base Model,
6121,Base Model,"1,1,3,4,5,2"
6122,Base Model,"3,1,6,2,5,4"
6123,Base Model,3
6124,Base Model,"1,2,3,4,5,6"
6125,Base Model,"2,5,3,6,1,4"
6126,Base Model,"1,2,5,6,3,4"
6127,Base Model,"2,3,5,2,4,6"
6128,Base Model,"1,2,5,6,3,1"
6129,Base Model,"3,5,2,6,4,1"
6130,Base Model,
6131,Base Model,"1,3,2,6,5,4"
6132,Base Model,"5,3,6,2,4,1"
6133,Base Model,"5,3,2,4,6,1"
6134,Base Model,
6135,Base Model,"1,6,6"
6136,Base Model,"3,6,2,5,4,1"
6137,Base Model,
6138,Base Model,"1,4,2,2,3"
6139,Base Model,"1,2,3,6,4,5"
6140,Base Model,"3,6,2,4,1,5"
6141,Base Model,"4,6,5,3,1,2"
6142,Base Model,"3,1,6,5,2,4"
6143,Base Model,"2,5,4,6,3,1"
6144,Base Model,"1,6,6"
6145,Base Model,"3,6,2,5,1,4"
6146,Base Model,"4,3,2,1,5,6"
6147,Base Model,"1,6,4,6,3,6"
6148,Base Model,
6149,Base Model,"5,2,3,6,1,4"
6150,Base Model,"3,6,4,2,5,1"
6151,Base Model,"4,2,6,5,1,3"
6152,Base Model,6
6153,Base Model,
6154,Base Model,"4,2,5,1,3,6"
6155,Base Model,
6156,Base Model,"2,4,3,6,1,5"
6157,Base Model,"3,5,2,6,1,4"
6158,Base Model,"2,5,3,1,4,6"
6159,Base Model,"2,5,6,4,3,1"
6160,Base Model,"3,6,2,1,4,5"
6161,Base Model,"1,2,3,4,5,6"
6162,Base Model,"5,3,2,6,1,4"
6163,Base Model,
6164,Base Model,"1,3,2,6,5,4"
6165,Base Model,"1,2,3,4,5,6"
6166,Base Model,
6167,Base Model,"1,2,3,4,5,6"
6168,Base Model,"4,3,1,5,2,6"
6169,Base Model,"3,4,2,6,1,5"
6170,Base Model,"5,2,3,6,1,4"
6171,Base Model,"4,2,6,1,3,5"
6172,Base Model,"1,6,2,3,6,5"
6173,Base Model,"5,1,6,4,3,2"
6174,Base Model,"5,3,2,6,4,1"
6175,Base Model,"3,5,2,6,1,4"
6176,Base Model,"5,2,3,6,1,4"
6177,Base Model,"4,2,6,5,1,3"
6178,Base Model,"3,6,2,5,1,4"
6179,Base Model,"5,2,3,1,4,6"
6180,Base Model,"3,6,2,5,4,1"
6181,Base Model,
6182,Base Model,"5,3,6,2,4,1"
6183,Base Model,"3,6,2,5,4,1"
6184,Base Model,"4,2,6,3,5,1"
6185,Base Model,"3,2,6,5,4,1"
6186,Base Model,"1,2,3,4,5,6"
6187,Base Model,"2,4,6,3,1,5"
6188,Base Model,"4,3"
6189,Base Model,
6190,Base Model,6
6191,Base Model,
6192,Base Model,"2,5,1,3,6,4"
6193,Base Model,"4,3,6,2,5,1"
6194,Base Model,"4,2,6,5,3,1"
6195,Base Model,"4,2,3,1,5,6"
6196,Base Model,"3,6,1,5,2,4"
6197,Base Model,"1,4,2,5,3,6"
6198,Base Model,"2,5,3,1,4,6"
6199,Base Model,"4,2,6,3,5,1"
6200,Base Model,"5,4,6,3,2,1"
6201,Base Model,
6202,Base Model,"4,2,6,1,5,3"
6203,Base Model,"2,5,4,1,3,6"
6204,Base Model,"3,1,4,5,2,6"
6205,Base Model,"2,5,3,6,4,1"
6206,Base Model,"3,2,6,5,1,4"
6207,Base Model,"2,6,3,5,1,4"
6208,Base Model,"2,5,1,3,6,4"
6209,Base Model,"5,3,1,6,2,4"
6210,Base Model,"1,2,3,4,5"
6211,Base Model,"4,2,5,1,3,6"
6212,Base Model,
6213,Base Model,
6214,Base Model,"3,2,6,5,1,4"
6215,Base Model,"5,3,2,6,1,4"
6216,Base Model,
6217,Base Model,"3,5,6,2,1,5"
6218,Base Model,"3,2,6,5,1,4"
6219,Base Model,"1,3,5,2,6,4"
6220,Base Model,"4,2,6,3,1,5"
6221,Base Model,"4,2,6,5,1,3"
6222,Base Model,"2,4,6,3,5,1"
6223,Base Model,"3,6,5,1,2,4"
6224,Base Model,"3,6,2,5,4,1"
6225,Base Model,"4,2,6,3,1,5"
6226,Base Model,
6227,Base Model,
6228,Base Model,"4,6,3,2,5,1"
6229,Base Model,
6230,Base Model,"4,2,6,3,5,1"
6231,Base Model,"4,3,6,2,5,1"
6232,Base Model,"6,1,6"
6233,Base Model,"4,3,2,6,1,5"
6234,Base Model,"6,6"
6235,Base Model,"4,2,6,3,5,1"
6236,Base Model,"2,5,1,6,3,4"
6237,Base Model,"2,5,1,6,3,4"
6238,Base Model,
6239,Base Model,"3,4,6,2,5,1"
6240,Base Model,"2,5,4,1,6,3"
6241,Base Model,"2,4,6,3,5,1"
6242,Base Model,
6243,Base Model,"3,5,1,6,3,4"
6244,Base Model,"1,4,6,2,5,3"
6245,Base Model,"2,5,4,6,1,3"
6246,Base Model,"1,6,1,6,1,6"
6247,Base Model,"3,2,5,6,1,4"
6248,Base Model,"3,5,2,6,4,1"
6249,Base Model,"5,2,6,1,4,3"
6250,Base Model,"2,5,3,6,1,4"
6251,Base Model,"2,4,6,3,5,1"
6252,Base Model,"3,1,5,2,6,4"
6253,Base Model,"5,3,2,6"
6254,Base Model,"3,6,2,5,4,1"
6255,Base Model,
6256,Base Model,
6257,Base Model,
6258,Base Model,"4,1,3,2,6,5"
6259,Base Model,"4,2,5,6,3,1"
6260,Base Model,"5,2,6,3,1,4"
6261,Base Model,1
6262,Base Model,"3,5,2,6,4,1"
6263,Base Model,"4,2,6,3,5,1"
6264,Base Model,"4,3,6,2,5,1"
6265,Base Model,"1,2,3,4,5,6"
6266,Base Model,"1,2,3,4,5,6"
6267,Base Model,
6268,Base Model,"3,6,2,5,1,4"
6269,Base Model,"4,6,3,2,5,1"
6270,Base Model,"4,2,6,5,1,3"
6271,Base Model,"6,2,4,3,5,1"
6272,Base Model,"4,2,6,1,3,5"
6273,Base Model,
6274,Base Model,"4,5,6"
6275,Base Model,"2,5,3,1,4,6"
6276,Base Model,"1,4,5,3,2,6"
6277,Base Model,"5,2,1,6,3,4"
6278,Base Model,
6279,Base Model,"4,2,6,5,3,1"
6280,Base Model,"3,2,6,4,5,1"
6281,Base Model,"3,4,2,6,1,5"
6282,Base Model,"3,5,1,4,2,6"
6283,Base Model,"4,2,6,5,1,3"
6284,Base Model,"2,4,5,1,6,3"
6285,Base Model,"3,5,2,6,1,4"
6286,Base Model,"2,4,3,6,5,1"
6287,Base Model,"4,1,6,2,5,3"
6288,Base Model,"4,3,6,5,2,1"
6289,Base Model,
6290,Base Model,"4,6,2,5,3,1"
6291,Base Model,"1,3,5,2,4,6"
6292,Base Model,
6293,Base Model,"2,5,6,3,1,4"
6294,Base Model,"4,2,5,6,1,3"
6295,Base Model,
6296,Base Model,
6297,Base Model,"1,2,3,4,5,6"
6298,Base Model,"2,6,1,4,5,3"
6299,Base Model,"1,3,2,6,4,1"
6300,Base Model,
6301,Base Model,"1,4,2,6,3,5"
6302,Base Model,
6303,Base Model,"1,2,6,2,5,3"
6304,Base Model,
6305,Base Model,"1,3,4,6,2,5"
6306,Base Model,"5,2,3,6,1,4"
6307,Base Model,"3,6,2,5,4,1"
6308,Base Model,"3,6,1,5,2,4"
6309,Base Model,"4,3"
6310,Base Model,"6,3,2,6,4,5"
6311,Base Model,"1,4,3,5,6,2"
6312,Base Model,"4,2,6,1,3,5"
6313,Base Model,"1,4,3,6,5,2"
6314,Base Model,"4,2,6,3,5,1"
6315,Base Model,"1,4,5,2,6,3"
6316,Base Model,"3,6,1,2,4,5"
6317,Base Model,"5,2,3,6,1,4"
6318,Base Model,"4,3,6,2,5,1"
6319,Base Model,"4,2,6,5,3,1"
6320,Base Model,"3,6,2,5,1,4"
6321,Base Model,"2,5,3,1,4,6"
6322,Base Model,
6323,Base Model,"1,1,5,4"
6324,Base Model,"3,2,6,4,1,5"
6325,Base Model,"6,4,3,5,2,1"
6326,Base Model,
6327,Base Model,"5,2,6,1,3,4"
6328,Base Model,"6,2,5"
6329,Base Model,
6330,Base Model,"4,2,5,6,3,1"
6331,Base Model,"4,2,6,3,5,1"
6332,Base Model,"3,6,4,2,5,1"
6333,Base Model,"4,3,6,1,5,2"
6334,Base Model,"3,6,2,5,1,4"
6335,Base Model,"5,3,6,2,4,1"
6336,Base Model,
6337,Base Model,"3,4,2,6,5,1"
6338,Base Model,"6,1,6,5,2,6"
6339,Base Model,"4,3,2,5,1,6"
6340,Base Model,"1,6,6"
6341,Base Model,"3,4,1,6,2,5"
6342,Base Model,"4,2,6,3,5,1"
6343,Base Model,"5,3,6,2,1,4"
6344,Base Model,"3,2,6,5,1,4"
6345,Base Model,"3,6,4,2,5,1"
6346,Base Model,"2,4,1,3,6,5"
6347,Base Model,"2,5,1,4,6,3"
6348,Base Model,"1,3,2,6,5,4"
6349,Base Model,"4,2,6,1,3,5"
6350,Base Model,"3,5,2,6,4,1"
6351,Base Model,"4,6,1,5,3,2"
6352,Base Model,"4,2,6,3,1,5"
6353,Base Model,"4,2,6,3,5,1"
6354,Base Model,"2,4,3,1,6,5"
6355,Base Model,"2,4,6,3,1,5"
6356,Base Model,
6357,Base Model,"3,6,2,5,1,4"
6358,Base Model,"2,4,6,3,5,2"
6359,Base Model,
6360,Base Model,
6361,Base Model,"4,3,2,6,5,1"
6362,Base Model,"3,6,2,5,4,1"
6363,Base Model,"2,5,1,6,4,3"
6364,Base Model,"5,3,2,6,1,4"
6365,Base Model,"5,2,6,3,1,4"
6366,Base Model,"1,2,3,4,5"
6367,Base Model,"2,6,4,1,3,5"
6368,Base Model,"2,6,5,3,4,1"
6369,Base Model,"1,3,2,6,5,4"
6370,Base Model,"4,3,2,6,1,5"
6371,Base Model,"6,3,1"
6372,Base Model,
6373,Base Model,
6374,Base Model,"3,6,2,5,4,1"
6375,Base Model,"2,5,4,6,3,1"
6376,Base Model,"1,2,5,3,4,6"
6377,Base Model,
6378,Base Model,"2,5,3,6,4,1"
6379,Base Model,"1,2,3,4,5,6"
6380,Base Model,"5,2,3,6,1,4"
6381,Base Model,
6382,Base Model,"6,1,6,1,2"
6383,Base Model,
6384,Base Model,"1,6,6,1,4,2"
6385,Base Model,"3,6,2,5,1,4"
6386,Base Model,"2,5,4,3,6,1"
6387,Base Model,
6388,Base Model,"2,5,3,4,1,6"
6389,Base Model,"5,2,4,1,3,6"
6390,Base Model,
6391,Base Model,"6,4,1"
6392,Base Model,"1,2,2,5,3,6"
6393,Base Model,
6394,Base Model,"4,2,6,5,1,3"
6395,Base Model,"4,2,6,5,1,3"
6396,Base Model,
6397,Base Model,"4,3,1,6,2,5"
6398,Base Model,"3,6,2,4,5,1"
6399,Base Model,
6400,Base Model,"3,6,2,4,5,1"
6401,Base Model,
6402,Base Model,"3,6,1,5,2,4"
6403,Base Model,"1,2,3,5,2,6"
6404,Base Model,"3,6,2,1,5,4"
6405,Base Model,
6406,Base Model,"5,2,6,3,1,4"
6407,Base Model,"5,3,2,6,1,4"
6408,Base Model,"5,2,4,3,6,1"
6409,Base Model,"1,6,6"
6410,Base Model,"6,1,6"
6411,Base Model,
6412,Base Model,"3,6,2,5,1,4"
6413,Base Model,"4,1,5,2,6,3"
6414,Base Model,"5,2,6,3,1,4"
6415,Base Model,
6416,Base Model,"3,5,1,4,3,2"
6417,Base Model,"1,2,5,4,3,6"
6418,Base Model,"2,5,3,6,1,4"
6419,Base Model,"4,3,6,1,2,5"
6420,Base Model,"6,1,5,3,6,2"
6421,Base Model,"3,6,2,5,4,1"
6422,Base Model,"5,2,6,4,1,3"
6423,Base Model,"3,1,6,2,4,5"
6424,Base Model,"1,4,2,2,3,5"
6425,Base Model,"1,3,6,2,4,5"
6426,Base Model,"3,6,5,2,4,1"
6427,Base Model,"1,2,3,4,5,6"
6428,Base Model,"6,6,1"
6429,Base Model,"1,5,3,2,4,5"
6430,Base Model,"4,3,6,2,5,1"
6431,Base Model,"2,5,6,3,1,4"
6432,Base Model,
6433,Base Model,"3,6,2,1,5,4"
6434,Base Model,"1,3,2,4,3,6"
6435,Base Model,"4,2,6,1,5,3"
6436,Base Model,6
6437,Base Model,"3,5,2,6,1,4"
6438,Base Model,"2,5,4,6,1,3"
6439,Base Model,
6440,Base Model,"3,2,6,5,1,4"
6441,Base Model,"2,5,3,6,2,4"
6442,Base Model,"3,2,6,5,4,1"
6443,Base Model,"2,4,3,6,2,5"
6444,Base Model,"4,2,6,3,5,1"
6445,Base Model,"3,5,2,4,6,1"
6446,Base Model,
6447,Base Model,"2,4,6,5,3,1"
6448,Base Model,"1,2,3,2,5,6"
6449,Base Model,
6450,Base Model,"3,2,4,1,5,6"
6451,Base Model,"1,4,2,6,5,3"
6452,Base Model,"5,3,6,1,4,2"
6453,Base Model,
6454,Base Model,"3,5,1,4,2,6"
6455,Base Model,"3,2,4,6,1,5"
6456,Base Model,
6457,Base Model,"3,5,2,4,6,1"
6458,Base Model,"5,2,6,1,3,4"
6459,Base Model,
6460,Base Model,"1,2,3,6,5,1"
6461,Base Model,"1,2,3,4,5,6"
6462,Base Model,"5,2,6,4,3,1"
6463,Base Model,
6464,Base Model,"4,3,5,2,6,1"
6465,Base Model,"1,2,3,5,6,4"
6466,Base Model,
6467,Base Model,"4,2,6,1,5,3"
6468,Base Model,
6469,Base Model,"5,3,2,4,1,6"
6470,Base Model,"6,4,2,1,5,3"
6471,Base Model,
6472,Base Model,"4,3,2,6,1,5"
6473,Base Model,"1,3,6,2,5,4"
6474,Base Model,
6475,Base Model,
6476,Base Model,
6477,Base Model,"4,1,6,2,5,3"
6478,Base Model,"4,2,3,6,1,5"
6479,Base Model,"3,2,5,4,1,6"
6480,Base Model,"2,5,3,6,1,4"
6481,Base Model,"4,3,2,6,5,1"
6482,Base Model,"3,5,4,2,6,1"
6483,Base Model,"1,2,3,4,5,6"
6484,Base Model,
6485,Base Model,"2,4,6,3,5,1"
6486,Base Model,"3,2,6,5,4,1"
6487,Base Model,"3,6,2,5,4,1"
6488,Base Model,"4,2,5,3,1,6"
6489,Base Model,"5,4,6,2,5,1"
6490,Base Model,
6491,Base Model,
6492,Base Model,"3,2,6,4,5,1"
6493,Base Model,"4,2,6,3,5,1"
6494,Base Model,"6,2,4,3,5,1"
6495,Base Model,"3,1,6,5,4,2"
6496,Base Model,"1,4,3,2,6,5"
6497,Base Model,"4,6,3,5,2,1"
6498,Base Model,"2,5,1,3,6,4"
6499,Base Model,"4,3,6,5,2,1"
6500,Base Model,"2,6,4,5,3,1"
6501,Base Model,"4,2,5,6,1,3"
6502,Base Model,"4,1,3,2,6,5"
6503,Base Model,"4,3,2,5,6,1"
6504,Base Model,
6505,Base Model,
6506,Base Model,"3,5,1,4,2,6"
6507,Base Model,"4,2,6,1,5,3"
6508,Base Model,"3,2,6,1,4,5"
6509,Base Model,"3,6,1,4,5,2"
6510,Base Model,"4,3,6,1,5,2"
6511,Base Model,"1,3,2,6,3,2"
6512,Base Model,"2,4,6,1,3,5"
6513,Base Model,
6514,Base Model,"3,5,2,6,1,4"
6515,Base Model,"1,2,3,4,5,6"
6516,Base Model,"1,4,3,5,2,6"
6517,Base Model,"3,6,2,5,1,4"
6518,Base Model,"3,6,5,2,4,1"
6519,Base Model,"2,3,4,5,6"
6520,Base Model,"1,2,3,4,5,6"
6521,Base Model,"3,5,2,6,4,1"
6522,Base Model,"4,2,6,3,1,5"
6523,Base Model,"6,3,5,2,1,4"
6524,Base Model,
6525,Base Model,
6526,Base Model,"4,2,6,3,1,5"
6527,Base Model,"3,4,2,1,6,5"
6528,Base Model,"1,3,6,2,5,4"
6529,Base Model,
6530,Base Model,
6531,Base Model,"1,4,2,3,5,6"
6532,Base Model,"5,2,6,3,1,4"
6533,Base Model,"4,2,3,5,6,1"
6534,Base Model,"3,5,2,6,1,4"
6535,Base Model,1
6536,Base Model,"4,2,6,3,5,1"
6537,Base Model,"4,3,5,2,6,1"
6538,Base Model,"1,3,2,6,5,4"
6539,Base Model,"3,4,2,5,1,6"
6540,Base Model,"4,2,6,5,3,1"
6541,Base Model,"2,5,4,1,3,6"
6542,Base Model,
6543,Base Model,"4,2,6,3,5,1"
6544,Base Model,
6545,Base Model,"3,4,6,2,5,1"
6546,Base Model,"4,2,6,3,5,1"
6547,Base Model,"2,5,3,6,1,4"
6548,Base Model,
6549,Base Model,"2,5,4,1,6,3"
6550,Base Model,"1,3,2,5,4,6"
6551,Base Model,
6552,Base Model,"3,6,2,5,4,1"
6553,Base Model,"3,6"
6554,Base Model,"3,2,6,5,1,4"
6555,Base Model,"2,5,4,3,6,1"
6556,Base Model,"3,5,2,6,4,1"
6557,Base Model,"3,2,6,5,1,4"
6558,Base Model,
6559,Base Model,
6560,Base Model,
6561,Base Model,"1,2,3,4,5,6"
6562,Base Model,"4,2,6,3,1,5"
6563,Base Model,"3,6,2,4,5,1"
6564,Base Model,"2,6,5,3,4,1"
6565,Base Model,"4,6,2,5,1,3"
6566,Base Model,"1,6,2,3,5,4"
6567,Base Model,"1,2,5,3,4,6"
6568,Base Model,"6,2,4,6,3,1"
6569,Base Model,"4,3,5,2,1,6"
6570,Base Model,"3,6,1,4,2,5"
6571,Base Model,"1,2,3,4,5,6"
6572,Base Model,"5,2,6,3,1"
6573,Base Model,"5,3,6,1,2,4"
6574,Base Model,"3,5,2,6,1,4"
6575,Base Model,"5,3,1,6,2,4"
6576,Base Model,"2,5,3,6,1,4"
6577,Base Model,"4,2,6,1,3,5"
6578,Base Model,"1,3,6,2,4,5"
6579,Base Model,"4,2,6,3,1,5"
6580,Base Model,"2,6,3,5,4,1"
6581,Base Model,"1,2,3,4,5,6"
6582,Base Model,"3,5,2,4,6,1"
6583,Base Model,"4,2,6,3,1,5"
6584,Base Model,"4,2,6,1,5,3"
6585,Base Model,"3,1,6,4,2,5"
6586,Base Model,"5,3,1,2,6,4"
6587,Base Model,"6,1,6"
6588,Base Model,"4,6,3,5,2,1"
6589,Base Model,"3,4,1,6,3,5"
6590,Base Model,
6591,Base Model,"4,2,6,3,5,1"
6592,Base Model,"6,6"
6593,Base Model,"5,2,6,4,3,1"
6594,Base Model,
6595,Base Model,"3,2,5,6,1,4"
6596,Base Model,"1,6,3,5,2,4"
6597,Base Model,"4,2,1,3,6,5"
6598,Base Model,"4,2,6,3,5,1"
6599,Base Model,
6600,Base Model,"3,6,4,5,2,1"
6601,Base Model,"4,2,6,5,1,3"
6602,Base Model,
6603,Base Model,
6604,Base Model,
6605,Base Model,"4,2,6,3,5,1"
6606,Base Model,"5,3,6,2,4,1"
6607,Base Model,"2,5,4,3,6,1"
6608,Base Model,"4,2,5,6,1,3"
6609,Base Model,"3,6,2,5,1,4"
6610,Base Model,
6611,Base Model,
6612,Base Model,"5,3,2,6,5,4"
6613,Base Model,
6614,Base Model,"1,6,6"
6615,Base Model,"1,3,6,2,5,4"
6616,Base Model,"3,6,2,1,4,5"
6617,Base Model,"3,2,5,1,6,4"
6618,Base Model,"4,3,6,2,5,1"
6619,Base Model,
6620,Base Model,
6621,Base Model,"3,2,6,1,4,5"
6622,Base Model,"5,2,6,4,3,1"
6623,Base Model,"1,1,2,2,3,3"
6624,Base Model,"3,6,5,2,4,1"
6625,Base Model,"2,5,4,6,3"
6626,Base Model,
6627,Base Model,"3,1,5,2,4,6"
6628,Base Model,
6629,Base Model,"3,5,2,6,4,1"
6630,Base Model,"1,3,5,2,4,6"
6631,Base Model,
6632,Base Model,"3,1,5,2,6,4"
6633,Base Model,"4,2,6,3,5,1"
6634,Base Model,"4,6,3,5,1,2"
6635,Base Model,"3,6,2,5,1,4"
6636,Base Model,"4,2,6,3,1,5"
6637,Base Model,"1,2,3,4,5,6"
6638,Base Model,"3,6,2,5,4,1"
6639,Base Model,"5,3,6,2,5,1"
6640,Base Model,"3,5,1,2,6,4"
6641,Base Model,"4,2,3,6,5,1"
6642,Base Model,"1,5,2,6,3,1"
6643,Base Model,1
6644,Base Model,
6645,Base Model,"6,1,6"
6646,Base Model,"3,6,2,5,4,1"
6647,Base Model,"3,2,6,5,1,4"
6648,Base Model,
6649,Base Model,
6650,Base Model,"2,4,5,2,6,3"
6651,Base Model,"1,6,6"
6652,Base Model,"2,1,6"
6653,Base Model,"1,6,1,1,3,1"
6654,Base Model,"2,5,6,3,1,4"
6655,Base Model,"6,1,1,6"
6656,Base Model,
6657,Base Model,
6658,Base Model,
6659,Base Model,"1,4,2,6,5,3"
6660,Base Model,"1,2,2,5,3,4"
6661,Base Model,"1,2,3,4,5,6"
6662,Base Model,"3,1,2,6,5,4"
6663,Base Model,"5,2,6,4,3,1"
6664,Base Model,
6665,Base Model,"1,2,3,4,5,6"
6666,Base Model,"4,3,1,2,6,5"
6667,Base Model,"2,4,1,3,5,6"
6668,Base Model,"3,6,2,5,1,4"
6669,Base Model,"1,5"
6670,Base Model,"1,6,2,5,6,3"
6671,Base Model,"1,6"
6672,Base Model,"2,3,6,1,5,2"
6673,Base Model,"4,2,6,5,3,1"
6674,Base Model,
6675,Base Model,"3,6,1,4,5,2"
6676,Base Model,
6677,Base Model,"1,6,5,4,1,6"
6678,Base Model,"1,6,6"
6679,Base Model,
6680,Base Model,"1,6,6"
6681,Base Model,"1,6,4,3,2,5"
6682,Base Model,"3,6,2,5,1,4"
6683,Base Model,
6684,Base Model,"1,2,3,4,5,6"
6685,Base Model,
6686,Base Model,"1,6"
6687,Base Model,
6688,Base Model,"4,2,6,3,1,5"
6689,Base Model,"1,4,6,5,3,2"
6690,Base Model,
6691,Base Model,"1,6"
6692,Base Model,"3,5,1,4,6,2"
6693,Base Model,"5,2,4,6,3,1"
6694,Base Model,"3,6,2,5,1,4"
6695,Base Model,"6,2,5,3,6,1"
6696,Base Model,"1,2,4,1,5,2"
6697,Base Model,"3,4,2,5,3,6"
6698,Base Model,
6699,Base Model,
6700,Base Model,
6701,Base Model,
6702,Base Model,
6703,Base Model,"4,2,6,3,1,5"
6704,Base Model,"3,6,2,5,1,4"
6705,Base Model,"3,6,2,5,4,1"
6706,Base Model,"1,5,6,2,3,4"
6707,Base Model,"4,1,3,6,2,5"
6708,Base Model,"2,5,3,1,4,6"
6709,Base Model,"4,6,2,5,3,1"
6710,Base Model,"6,1,6"
6711,Base Model,"2,4,1,6,3,5"
6712,Base Model,"6,1,6"
6713,Base Model,"3,6,2,5,4,1"
6714,Base Model,"1,4,2,6,5,3"
6715,Base Model,
6716,Base Model,"1,4,2,6,3,5"
6717,Base Model,
6718,Base Model,"1,5"
6719,Base Model,"6,2,4,5,1,3"
6720,Base Model,"4,2,6,3,5,1"
6721,Base Model,"3,6,2,5,1,4"
6722,Base Model,"2,5,3,6,4,1"
6723,Base Model,
6724,Base Model,"4,2,6,1,3,5"
6725,Base Model,"3,6,2,5,1,4"
6726,Base Model,
6727,Base Model,"4,2,6,3,1,5"
6728,Base Model,"3,6,2,5,1,4"
6729,Base Model,"6,1,6"
6730,Base Model,"5,3,2,4,1,6"
6731,Base Model,
6732,Base Model,"1,3,2,4,6,5"
6733,Base Model,"4,6,1,2,5,3"
6734,Base Model,"4,2,6,3,5,1"
6735,Base Model,"1,2,3,4,5,6"
6736,Base Model,"6,1,6,3,6,2"
6737,Base Model,"3,6,2,5,4,1"
6738,Base Model,"5,2,6,1,3,4"
6739,Base Model,"4,2,6,5,1,3"
6740,Base Model,"1,2,3,6,6"
6741,Base Model,"5,3,6,1,4,2"
6742,Base Model,"4,2,6,5,3,1"
6743,Base Model,"5,2,6,3,1,4"
6744,Base Model,"1,3,6,2,5,4"
6745,Base Model,"1,2,3,4,5,6"
6746,Base Model,
6747,Base Model,"2,6,3,1,5,4"
6748,Base Model,"5,2,6,3,1,4"
6749,Base Model,"5,2,3,6,1,4"
6750,Base Model,"3,6,2,5,4,1"
6751,Base Model,"1,2,3,4,5,6"
6752,Base Model,"3,6,2,5,4,1"
6753,Base Model,"1,2,3,4,5,6"
6754,Base Model,"5,2,6,3,1,4"
6755,Base Model,"4,6,2,5,1,3"
6756,Base Model,"1,6,6"
6757,Base Model,"1,5,3,2,6,4"
6758,Base Model,"4,2,6,5,3,1"
6759,Base Model,"2,3,1,4,2,5"
6760,Base Model,"3,6,1,5,2,4"
6761,Base Model,
6762,Base Model,
6763,Base Model,"1,4,3,2,6,6"
6764,Base Model,"1,5,4,6,2,3"
6765,Base Model,6
6766,Base Model,"4,2,6,5,1,3"
6767,Base Model,"2,6,4,5,3,1"
6768,Base Model,"1,2,4,2,3,5"
6769,Base Model,"1,2,4,3,5,6"
6770,Base Model,
6771,Base Model,"1,6,1,6,1,6"
6772,Base Model,"2,4,6,3,5,1"
6773,Base Model,
6774,Base Model,"1,6,6"
6775,Base Model,"5,3,2,4,6,1"
6776,Base Model,"1,2,6,5,3,4"
6777,Base Model,"3,6,2,4,5,1"
6778,Base Model,1
6779,Base Model,"5,2,6,1,3,4"
6780,Base Model,"4,2,6,3,5,1"
6781,Base Model,"3,6,4,2,5,1"
6782,Base Model,"2,3,4,3,5,1"
6783,Base Model,"4,2,6,1,3,5"
6784,Base Model,"3,6,5,2,1,4"
6785,Base Model,"4,3,2,5,1,6"
6786,Base Model,"1,4,3,5,2,6"
6787,Base Model,"4,2,5,6,3,1"
6788,Base Model,"2,6,5,3,1,4"
6789,Base Model,"4,2,6,3,5,1"
6790,Base Model,"1,5,2,4,3,3"
6791,Base Model,
6792,Base Model,
6793,Base Model,"3,6,2,5,4,1"
6794,Base Model,"1,6,6"
6795,Base Model,"2,5,1,3,4,6"
6796,Base Model,"2,5,4,1,3,6"
6797,Base Model,
6798,Base Model,"4,3,6,2,5,1"
6799,Base Model,
6800,Base Model,"4,2,6,3,5,1"
6801,Base Model,"5,2,3,6,1,4"
6802,Base Model,"2,5,1,4,6,3"
6803,Base Model,"6,1"
6804,Base Model,"3,4,2,5,1,6"
6805,Base Model,"1,6,5,2,4,3"
6806,Base Model,"2,3,6,1,5,4"
6807,Base Model,"4,6,3,2,5,1"
6808,Base Model,
6809,Base Model,"5,3,1,6,2,4"
6810,Base Model,"1,6,1,6,1,6"
6811,Base Model,"3,4,2,5,1,6"
6812,Base Model,"1,2,3,4,5,6"
6813,Base Model,"5,3,6,2,6,4"
6814,Base Model,"4,3,2,5,1,6"
6815,Base Model,"4,2,5,3,1,6"
6816,Base Model,"5,3,2,4,6,1"
6817,Base Model,
6818,Base Model,
6819,Base Model,"3,1,6,2,5,4"
6820,Base Model,"1,5,2,4,3,6"
6821,Base Model,"2,6,3,5,2,4"
6822,Base Model,
6823,Base Model,"2,4,3,6,5,1"
6824,Base Model,"4,3,6,2,5,1"
6825,Base Model,"4,3,6,2,5,1"
6826,Base Model,"6,3,2,5,4,1"
6827,Base Model,"6,3,2,5,4,1"
6828,Base Model,
6829,Base Model,"1,6"
6830,Base Model,"5,3,2,6,1,4"
6831,Base Model,"3,6,4,5,2,1"
6832,Base Model,"4,2,5,1,3,6"
6833,Base Model,
6834,Base Model,
6835,Base Model,"3,5,2,6,1,4"
6836,Base Model,"3,4,6,2,5,1"
6837,Base Model,"4,2,5,1,6,3"
6838,Base Model,"3,6,2,5,1,4"
6839,Base Model,
6840,Base Model,"1,2,3,4,5,6"
6841,Base Model,
6842,Base Model,"1,4,2,3,5,6"
6843,Base Model,"1,3,4,6,3,2"
6844,Base Model,"4,2,6,1,3,5"
6845,Base Model,"1,5,2,6,3,6"
6846,Base Model,"1,6,6,5,1,6"
6847,Base Model,
6848,Base Model,"2,6,1,3,4,5"
6849,Base Model,"3,4,2,6,5,3"
6850,Base Model,"4,3,2,6,5,1"
6851,Base Model,"1,4,2,6,3,5"
6852,Base Model,"2,6,1,4,3,5"
6853,Base Model,
6854,Base Model,"1,2,4,5,3,6"
6855,Base Model,"3,6,2,5,1,4"
6856,Base Model,
6857,Base Model,"1,6,3,5,2,4"
6858,Base Model,"4,2,6,1,3,5"
6859,Base Model,
6860,Base Model,"6,1,6"
6861,Base Model,
6862,Base Model,"2,5,6,3,1,4"
6863,Base Model,
6864,Base Model,"1,4,2,5,3,6"
6865,Base Model,"5,2,6,3,1,4"
6866,Base Model,
6867,Base Model,"3,5,1,2,6,4"
6868,Base Model,"4,2,3,6,5,1"
6869,Base Model,"1,2,3,4,5,6"
6870,Base Model,"4,2,6,1,5,3"
6871,Base Model,"3,4,6,2,5,1"
6872,Base Model,"1,3,5,4,3,2"
6873,Base Model,"1,2,3,4,5,6"
6874,Base Model,"4,2,6,1,3,5"
6875,Base Model,"2,3,6,5,4,1"
6876,Base Model,"4,1,5,3,2,6"
6877,Base Model,"1,4,5,2,6,3"
6878,Base Model,"3,6,2,5,1,4"
6879,Base Model,"3,6,2,5,1,4"
6880,Base Model,"1,2,3,6,4,5"
6881,Base Model,"1,6,3,2,5,4"
6882,Base Model,"1,6,6"
6883,Base Model,"2,6,4,1,5,3"
6884,Base Model,"3,5,2,6,4,1"
6885,Base Model,"4,6,2,5,3,1"
6886,Base Model,
6887,Base Model,"3,6,2,5,1,4"
6888,Base Model,"2,4,5,6,3,1"
6889,Base Model,
6890,Base Model,"1,6,1,1,6"
6891,Base Model,
6892,Base Model,"1,4,3,6,2,5"
6893,Base Model,"3,6,2,5,1,4"
6894,Base Model,"3,6,2,5,4,1"
6895,Base Model,"4,2,5,1,6,3"
6896,Base Model,"6,1,6,2,6,4"
6897,Base Model,
6898,Base Model,"3,6,2,5,1,4"
6899,Base Model,"2,5,4,6,3,1"
6900,Base Model,"3,5,2,6,1,4"
6901,Base Model,
6902,Base Model,"4,2,6,5,1,3"
6903,Base Model,"1,3,2,6,3,2"
6904,Base Model,
6905,Base Model,"2,4,1,6,5,3"
6906,Base Model,"4,2,6,1,5,3"
6907,Base Model,"3,1,6,2,5,4"
6908,Base Model,"3,6,2,5,1,4"
6909,Base Model,"1,1,6,2,3,4"
6910,Base Model,"3,5,2,6,1,4"
6911,Base Model,"3,5,6,2,4,1"
6912,Base Model,"1,6,1,6,1,6"
6913,Base Model,
6914,Base Model,"3,6,5,2,4,1"
6915,Base Model,"4,2,5,3,1,6"
6916,Base Model,"2,5,4,3,1,6"
6917,Base Model,
6918,Base Model,"4,3,2,5,6,1"
6919,Base Model,"3,4,6,2,1,5"
6920,Base Model,"3,6,2,5,4,1"
6921,Base Model,"3,5,2,4,1,6"
6922,Base Model,"2,4,3,6,1,5"
6923,Base Model,"2,5,4,1,3,6"
6924,Base Model,
6925,Base Model,"5,2,3,6,1,4"
6926,Base Model,"3,6,2,4,5,1"
6927,Base Model,"1,2,3,4,5,6"
6928,Base Model,"4,2,6,1,5,3"
6929,Base Model,"1,5,3,6,4,2"
6930,Base Model,"1,4,3,5,2,6"
6931,Base Model,"6,1,6"
6932,Base Model,"1,4,5,3,6,2"
6933,Base Model,"1,2,3,4,5,6"
6934,Base Model,"1,4,2,3,1,6"
6935,Base Model,"2,4,5,3,1,6"
6936,Base Model,"2,6,4,5,1,3"
6937,Base Model,
6938,Base Model,
6939,Base Model,"1,4,2,2,3,5"
6940,Base Model,"2,6,5,3,1,4"
6941,Base Model,"3,1,6,2,5,4"
6942,Base Model,"4,2,6,3,5,1"
6943,Base Model,"4,6,3,1,5,2"
6944,Base Model,"1,6"
6945,Base Model,"1,3,4,2,6,5"
6946,Base Model,"4,2,6,3,5,1"
6947,Base Model,
6948,Base Model,"3,4,2,6,5,1"
6949,Base Model,"2,4,3,5,6"
6950,Base Model,"1,2,3,2,6,5"
6951,Base Model,"3,6,2,5,4,1"
6952,Base Model,"2,6,5,3,4,1"
6953,Base Model,"4,2,6,3,5,1"
6954,Base Model,"3,2,5,1,4,6"
6955,Base Model,"2,5,1,6,4,3"
6956,Base Model,"4,2,6,1,3,5"
6957,Base Model,"4,2,3,6,5,1"
6958,Base Model,"3,6,2,4,5,1"
6959,Base Model,"2,5,6,3,1,4"
6960,Base Model,"2,3,6,1"
6961,Base Model,"1,6,1,6,1,6"
6962,Base Model,"6,4,3,2,6,1"
6963,Base Model,
6964,Base Model,
6965,Base Model,"3,6,5,2,4,1"
6966,Base Model,"3,1,6,2,5,4"
6967,Base Model,"6,6"
6968,Base Model,"6,1,6,1"
6969,Base Model,
6970,Base Model,
6971,Base Model,"3,2,6,4,3,5"
6972,Base Model,5
6973,Base Model,"3,6,2,4,5,1"
6974,Base Model,"1,4,2,3,3,5"
6975,Base Model,"3,6,2,5,4,1"
6976,Base Model,
6977,Base Model,1
6978,Base Model,"3,4,2,6,5,1"
6979,Base Model,"1,3,5,4,6,2"
6980,Base Model,"2,5,3,4,1,6"
6981,Base Model,
6982,Base Model,"3,5,2,6,1,4"
6983,Base Model,"5,2,6,3,1,4"
6984,Base Model,"1,3,2,6,4,5"
6985,Base Model,"2,5,4,3,6,1"
6986,Base Model,
6987,Base Model,"1,2,3,2,4,5"
6988,Base Model,"3,5,2,6,1,4"
6989,Base Model,"1,6,1,6,1,6"
6990,Base Model,"2,5,1,6,3,4"
6991,Base Model,"4,2,6,3,5,1"
6992,Base Model,"4,2,6,3,5,1"
6993,Base Model,"1,2,3,4"
6994,Base Model,
6995,Base Model,"5,4,6,2,3,1"
6996,Base Model,"2,4,6,1,5,3"
6997,Base Model,"1,6,4,3,2,5"
6998,Base Model,
6999,Base Model,"4,6,1,3,2,5"
7000,Base Model,
7001,Base Model,"1,2,4,5,3,6"
7002,Base Model,
7003,Base Model,1
7004,Base Model,
7005,Base Model,"6,1,6,1,3,5"
7006,Base Model,"1,6,6"
7007,Base Model,
7008,Base Model,6
7009,Base Model,"6,4,2,5,1,3"
7010,Base Model,
7011,Base Model,"4,3,6,1,5,2"
7012,Base Model,"1,4,2,3,6,5"
7013,Base Model,"3,2,4,5,6,1"
7014,Base Model,"1,2,3,4,5,6"
7015,Base Model,"1,3,5,2,6,4"
7016,Base Model,"3,5,2,6,1,4"
7017,Base Model,"5,3,2,1,6,4"
7018,Base Model,"4,1,6,3,2,5"
7019,Base Model,"5,3,1,2,4,6"
7020,Base Model,
7021,Base Model,"5,1,3,6,2,4"
7022,Base Model,
7023,Base Model,"2,5,3,6,1,4"
7024,Base Model,"3,4,2,6,5,1"
7025,Base Model,
7026,Base Model,
7027,Base Model,
7028,Base Model,"4,2,5,3,6,1"
7029,Base Model,"5,3,2,6,1,4"
7030,Base Model,
7031,Base Model,"3,5,2,6,4"
7032,Base Model,"3,5,2,4,1,6"
7033,Base Model,"4,2,5,3,1,6"
7034,Base Model,"3,1,5,4,2,6"
7035,Base Model,
7036,Base Model,"1,4,2,6,3,5"
7037,Base Model,"1,2,3,4,5,6"
7038,Base Model,"2,5,3,4,6,1"
7039,Base Model,
7040,Base Model,"1,2,4,2,5,3"
7041,Base Model,"1,5,2,6,3,2"
7042,Base Model,"6,1,6"
7043,Base Model,
7044,Base Model,"1,2,3,4,5"
7045,Base Model,"3,5,6,2,4,3"
7046,Base Model,
7047,Base Model,"3,6,2,5,4,1"
7048,Base Model,"3,2,4,6,1,5"
7049,Base Model,"6,3,6,5,6,4"
7050,Base Model,"3,2,6,5,1,4"
7051,Base Model,"2,5,1,3,6,4"
7052,Base Model,"1,4,2,6,5,3"
7053,Base Model,"2,4,1,3,6,5"
7054,Base Model,"2,5,3,1,4,6"
7055,Base Model,"4,6,1,2,3,5"
7056,Base Model,"1,4,3,6,2,5"
7057,Base Model,"3,5,2,6,4,1"
7058,Base Model,"2,5,3,1,4,6"
7059,Base Model,"3,1,5,2,6,4"
7060,Base Model,"2,5,1,4,3,6"
7061,Base Model,6
7062,Base Model,"3,2,6,5,4,1"
7063,Base Model,"1,6,4,2,3,5"
7064,Base Model,"1,4,2,6,1,3"
7065,Base Model,"1,2,3,4,5,6"
7066,Base Model,"4,2,6,1,3,5"
7067,Base Model,"5,3,2,6,1,4"
7068,Base Model,"2,4,5,1,3,6"
7069,Base Model,
7070,Base Model,"1,2,3,4,5,2"
7071,Base Model,"3,6,2,5,4,1"
7072,Base Model,"4,3,6,1,5,2"
7073,Base Model,"1,2,5,2,4,3"
7074,Base Model,"2,4,3,1,5,6"
7075,Base Model,
7076,Base Model,"5,3,1,4,2,6"
7077,Base Model,6
7078,Base Model,"1,5,3,6,2,4"
7079,Base Model,
7080,Base Model,
7081,Base Model,
7082,Base Model,"4,2,3,5,6,1"
7083,Base Model,"1,2,5,4,3,6"
7084,Base Model,
7085,Base Model,
7086,Base Model,"4,6,3,1,5,2"
7087,Base Model,"5,3,1,6,2,4"
7088,Base Model,
7089,Base Model,
7090,Base Model,"3,1,6,4,2,5"
7091,Base Model,"3,2,6,5,1,4"
7092,Base Model,"4,2,6,1,3,5"
7093,Base Model,"1,4,2,6,3,5"
7094,Base Model,
7095,Base Model,"1,4,2,2,3,6"
7096,Base Model,"2,4,3,6,2,1"
7097,Base Model,"1,6,6,2,5,4"
7098,Base Model,"4,2,6,3,5,1"
7099,Base Model,"4,3,6,2,5,1"
7100,Base Model,
7101,Base Model,"3,5,2,4,6,1"
7102,Base Model,"1,3,2,6,5,4"
7103,Base Model,"3,2,1,6,4,5"
7104,Base Model,"4,5,2,3,1"
7105,Base Model,"2,5,3,6,4,1"
7106,Base Model,"4,2,6,3,1,5"
7107,Base Model,
7108,Base Model,"5,3,4,2,6,1"
7109,Base Model,"3,6,2,5,1,4"
7110,Base Model,"1,2,5,3,6,4"
7111,Base Model,"6,4,2,6,3,5"
7112,Base Model,"1,6"
7113,Base Model,
7114,Base Model,
7115,Base Model,"1,2,3,4,5,6"
7116,Base Model,"2,4,6,1,3,5"
7117,Base Model,"3,6,5,2,1,4"
7118,Base Model,"1,6,6"
7119,Base Model,6
7120,Base Model,"4,3,6,5,2,1"
7121,Base Model,"2,6,4,5,1,3"
7122,Base Model,"1,6,1,6,1,6"
7123,Base Model,"5,3,1,6,4,2"
7124,Base Model,"3,4,2,5,6,1"
7125,Base Model,"3,6,2,5,4,1"
7126,Base Model,"3,2,6,4,5,1"
7127,Base Model,"4,2,5,1,6,3"
7128,Base Model,"6,1,6"
7129,Base Model,"2,5,1,4,6,3"
7130,Base Model,"1,5,3,6,2,4"
7131,Base Model,"6,2,5,3,1,4"
7132,Base Model,
7133,Base Model,"1,6,6"
7134,Base Model,"1,6,4,2,4,1"
7135,Base Model,
7136,Base Model,"1,6,6"
7137,Base Model,"1,5,2,6,1,4"
7138,Base Model,"5,1,4,2,6,3"
7139,Base Model,1
7140,Base Model,"1,2,3,4,5,6"
7141,Base Model,
7142,Base Model,
7143,Base Model,"1,3,2,6,4,5"
7144,Base Model,"1,4,3,6,5,2"
7145,Base Model,"3,6,2,5,4,1"
7146,Base Model,"1,2,5,3,6,4"
7147,Base Model,"1,2,3,4,5,6"
7148,Base Model,"4,3,6,5,2,1"
7149,Base Model,"6,1,2,3,4,5"
7150,Base Model,"3,4,2,6,5,1"
7151,Base Model,"4,2,6,3,5,1"
7152,Base Model,"4,2,6,5,3,1"
7153,Base Model,"3,4,2,5,6,1"
7154,Base Model,"2,6,5,3,1,4"
7155,Base Model,"5,4,3,2,6,1"
7156,Base Model,
7157,Base Model,
7158,Base Model,"2,5,3,6,4,1"
7159,Base Model,
7160,Base Model,"4,3,6,2,5,1"
7161,Base Model,"4,2,6,3,5,1"
7162,Base Model,"4,2,3,6,1,5"
7163,Base Model,"1,2"
7164,Base Model,
7165,Base Model,"1,2,3,4,5,6"
7166,Base Model,"2,6,3,1,5,4"
7167,Base Model,"2,1,3,2"
7168,Base Model,
7169,Base Model,"4,3,5,2,6"
7170,Base Model,"1,6,6"
7171,Base Model,
7172,Base Model,"1,6"
7173,Base Model,"1,4,2,3,5,6"
7174,Base Model,
7175,Base Model,
7176,Base Model,
7177,Base Model,"2,6,4,3,5,1"
7178,Base Model,"6,1,6,6,3,1"
7179,Base Model,"1,6,1,6,2,6"
7180,Base Model,
7181,Base Model,"1,2,3,4,5,6"
7182,Base Model,"3,1,4,2,6,5"
7183,Base Model,"1,2,3,4,5,6"
7184,Base Model,"5,1,4,3,2,6"
7185,Base Model,"6,1,6"
7186,Base Model,"3,6,2,5,1,4"
7187,Base Model,"1,5,3,2,4,6"
7188,Base Model,"2,4,6,2,5,3"
7189,Base Model,"3,4,5,2,6,1"
7190,Base Model,"4,2,6,3,5,1"
7191,Base Model,"6,1,6,1"
7192,Base Model,"3,5,1,6,2,4"
7193,Base Model,"4,2,6,3,5,1"
7194,Base Model,"6,6,6"
7195,Base Model,"2,5,1,3,4,6"
7196,Base Model,"2,6,1,4,5,3"
7197,Base Model,"5,3,6,2,4,1"
7198,Base Model,
7199,Base Model,"2,4,3,5,6,1"
7200,Base Model,
7201,Base Model,"2,3,1,6,4,5"
7202,Base Model,
7203,Base Model,"1,2,3,4,5,6"
7204,Base Model,1
7205,Base Model,"5,2,6,3,1,4"
7206,Base Model,"3,1,6,5,2,4"
7207,Base Model,"3,5,1,2,4,6"
7208,Base Model,"1,4,2,5,6,3"
7209,Base Model,
7210,Base Model,"1,4,3,6,2,5"
7211,Base Model,"1,6,6"
7212,Base Model,"3,1,5,2,6,4"
7213,Base Model,"2,4,6,3,1,5"
7214,Base Model,"3,6,2,5,4,1"
7215,Base Model,
7216,Base Model,"3,4,2,6,5,1"
7217,Base Model,"1,3,5,2,6"
7218,Base Model,"1,2,3,4,5,6"
7219,Base Model,
7220,Base Model,
7221,Base Model,"1,5,3,2,6,4"
7222,Base Model,
7223,Base Model,"1,6,1,6,3,4"
7224,Base Model,"1,4,2,5,3,6"
7225,Base Model,"1,2,3,4,5,6"
7226,Base Model,"3,2,6,5,1,4"
7227,Base Model,"2,4,6,5,3,1"
7228,Base Model,"4,2,6,5,3,1"
7229,Base Model,6
7230,Base Model,"4,2,6,3,1,5"
7231,Base Model,"3,5,2,6,1,4"
7232,Base Model,"4,3,2,6,5,1"
7233,Base Model,
7234,Base Model,
7235,Base Model,
7236,Base Model,"4,2,6,3,5,1"
7237,Base Model,"1,2,5,4,3,6"
7238,Base Model,"2,4,5,3,1,6"
7239,Base Model,
7240,Base Model,"1,4,2,3,3,6"
7241,Base Model,"2,5,3,1,6,4"
7242,Base Model,"2,5,6,3,1,4"
7243,Base Model,"2,4,3,6,5,1"
7244,Base Model,"2,4,6,2,5,3"
7245,Base Model,"3,2,6,1,5,4"
7246,Base Model,"3,5,2,6,1,4"
7247,Base Model,
7248,Base Model,"3,4,6,2,5,3"
7249,Base Model,"2,4,3,6,5,2"
7250,Base Model,"3,6,2,5,4,1"
7251,Base Model,
7252,Base Model,
7253,Base Model,
7254,Base Model,"4,1,5,3,2,6"
7255,Base Model,"3,2,6,4,5,1"
7256,Base Model,"2,5,3,1,6,4"
7257,Base Model,"1,4,2,5,3,6"
7258,Base Model,"3,1,5,2,6,4"
7259,Base Model,"2,4,3,6,1,5"
7260,Base Model,"5,2,6,4,1,3"
7261,Base Model,"2,6,3,5,1,4"
7262,Base Model,"5,2,6,3,1,4"
7263,Base Model,"4,2,6,3,5,1"
7264,Base Model,"4,6,3,5,2,6"
7265,Base Model,
7266,Base Model,"3,6,2,5,1,4"
7267,Base Model,
7268,Base Model,"3,6,2,5,1,4"
7269,Base Model,
7270,Base Model,
7271,Base Model,"4,2,5,6,1,3"
7272,Base Model,"4,2,6,3,1,5"
7273,Base Model,"1,3,4,2,6,1"
7274,Base Model,"4,2,6,3,5,1"
7275,Base Model,
7276,Base Model,"6,3,1,5,2,4"
7277,Base Model,"4,3,1,5,2,6"
7278,Base Model,"4,2,6,3,5,1"
7279,Base Model,"3,5,2,6,4,1"
7280,Base Model,"1,2"
7281,Base Model,"4,3,1,2,5,6"
7282,Base Model,"5,2,4,6,1,3"
7283,Base Model,"3,6,2,5,1,4"
7284,Base Model,"1,2,3,5,6,4"
7285,Base Model,"4,6,3,5,2,1"
7286,Base Model,"3,1,6,4,2,5"
7287,Base Model,"4,2,5,6,1,3"
7288,Base Model,"3,4,2,6,5"
7289,Base Model,"4,3,6,2,5,1"
7290,Base Model,
7291,Base Model,"1,2,3,4,5,6"
7292,Base Model,
7293,Base Model,"1,1,2,2"
7294,Base Model,"5,2,6,3,1,4"
7295,Base Model,"3,6,2,5,1,4"
7296,Base Model,"4,2,3,6,5,1"
7297,Base Model,"4,2,3,5,6,1"
7298,Base Model,"4,6,3,5,2,1"
7299,Base Model,"4,6,2,5,1,3"
7300,Base Model,"6,1"
7301,Base Model,"4,6,2,3,5,1"
7302,Base Model,"3,1,5,2,6,4"
7303,Base Model,
7304,Base Model,"2,5,4,3,1,6"
7305,Base Model,"4,2,5,3,6,1"
7306,Base Model,"4,2,5,3,6,1"
7307,Base Model,"1,6,1,6,1,6"
7308,Base Model,
7309,Base Model,"3,6,2,5,1,4"
7310,Base Model,"5,3,2,6,1,4"
7311,Base Model,"3,5,2,6,1,4"
7312,Base Model,"3,1,6,4,2,5"
7313,Base Model,"2,5,3,6,4,1"
7314,Base Model,"4,2,5,3,1,6"
7315,Base Model,"1,2,3,4,5,6"
7316,Base Model,"6,1,6"
7317,Base Model,"4,2,5,1,3,6"
7318,Base Model,
7319,Base Model,
7320,Base Model,"2,6,4,3,5,1"
7321,Base Model,"3,6,2,4,5,1"
7322,Base Model,"1,6,1,6,1,6"
7323,Base Model,"3,6,2,5,4,1"
7324,Base Model,"3,2,4,5,1,6"
7325,Base Model,"3,6,2,5,1,4"
7326,Base Model,"1,2,3,4,5"
7327,Base Model,"4,2,6,5,3,1"
7328,Base Model,"4,2,6,3,5,1"
7329,Base Model,"3,2,5,1"
7330,Base Model,"1,4,2,6,5,3"
7331,Base Model,
7332,Base Model,"2,5,4,6,3,1"
7333,Base Model,"3,6,2,5,4,1"
7334,Base Model,
7335,Base Model,"4,2,3,6,5,1"
7336,Base Model,"1,5,2,6,3,1"
7337,Base Model,
7338,Base Model,"2,5,4,1,6,3"
7339,Base Model,"4,2,5,1,3,6"
7340,Base Model,"4,1,3,1"
7341,Base Model,"4,2,6,5,3,1"
7342,Base Model,"3,2,4,6,1,5"
7343,Base Model,"1,2,3,4,5,6"
7344,Base Model,"5,2,6,4,3"
7345,Base Model,"1,1,3,5,2,6"
7346,Base Model,3
7347,Base Model,"4,2,3,5,6,1"
7348,Base Model,"1,6"
7349,Base Model,"3,2,6,5,3,1"
7350,Base Model,
7351,Base Model,"4,3,6,2,5,1"
7352,Base Model,"5,2,4,3,1,6"
7353,Base Model,
7354,Base Model,
7355,Base Model,"5,3,6,1,2,4"
7356,Base Model,"5,3,6,4,2,1"
7357,Base Model,"5,2,1,6,3,4"
7358,Base Model,"6,3,1,6,2"
7359,Base Model,"3,6,2,5,4,1"
7360,Base Model,"4,2,6,3,5,1"
7361,Base Model,"4,3,2,6,5,1"
7362,Base Model,
7363,Base Model,"5,2,4,1,6,3"
7364,Base Model,"4,3,6,2,5,1"
7365,Base Model,"2,5,1,6,4,3"
7366,Base Model,
7367,Base Model,"1,4,3,2,6,5"
7368,Base Model,"5,3,2,6,1,4"
7369,Base Model,"3,6,1,4,2,5"
7370,Base Model,"5,2,6,4,3,1"
7371,Base Model,"3,2,4,5,1,6"
7372,Base Model,"1,2,3,4,5,6"
7373,Base Model,"4,2,6,1,5,3"
7374,Base Model,"4,2,6,5,3,1"
7375,Base Model,"3,5,2,6,4,1"
7376,Base Model,"2,4,3,6,1,5"
7377,Base Model,"6,1,6"
7378,Base Model,"5,3,2,6"
7379,Base Model,"3,2,6,4,5,1"
7380,Base Model,
7381,Base Model,"6,1,6"
7382,Base Model,
7383,Base Model,6
7384,Base Model,"4,3,2,5,6,1"
7385,Base Model,"4,2,6,1,3,5"
7386,Base Model,"4,2,3,5,1,6"
7387,Base Model,"1,2"
7388,Base Model,"5,2,6,1,4,3"
7389,Base Model,
7390,Base Model,"6,1,6"
7391,Base Model,"1,2,3,4,5,6"
7392,Base Model,"6,4,2,1,5,3"
7393,Base Model,"6,5,3,2,6,1"
7394,Base Model,
7395,Base Model,"3,6,1,5,2,4"
7396,Base Model,
7397,Base Model,"5,3,2,6,4,1"
7398,Base Model,"3,2,6,1,5,4"
7399,Base Model,"1,6"
7400,Base Model,"1,4,3,5,2,6"
7401,Base Model,"4,6,3,1,5,2"
7402,Base Model,"1,6,5,3,4,2"
7403,Base Model,"3,5,2,4,1,6"
7404,Base Model,
7405,Base Model,"4,2,6,3,5,1"
7406,Base Model,"1,2,3,4,5,6"
7407,Base Model,"3,6,2,4,5,1"
7408,Base Model,"4,2,5,6,3,1"
7409,Base Model,
7410,Base Model,"3,1,6,4,2,5"
7411,Base Model,"6,6"
7412,Base Model,"1,6,1,6,1,6"
7413,Base Model,"3,1,6,4,5,2"
7414,Base Model,"1,4,2,6,5,3"
7415,Base Model,"4,2,3,5,6,1"
7416,Base Model,"1,1,4,3"
7417,Base Model,"4,2,6,1,3,5"
7418,Base Model,"2,4,1,3,5,6"
7419,Base Model,"3,6,2,5,1,4"
7420,Base Model,"3,2,5,1,4"
7421,Base Model,
7422,Base Model,"4,2,6,3,5,1"
7423,Base Model,"4,6,2,3,5,1"
7424,Base Model,"5,2,6,4,1,3"
7425,Base Model,"1,2,4,5,3,2"
7426,Base Model,"1,2,3,6,1,4"
7427,Base Model,"5,6,1,4,6,3"
7428,Base Model,
7429,Base Model,"1,2,3,4,5,6"
7430,Base Model,"4,2,3,1,6,5"
7431,Base Model,"5,2,6,3,1,4"
7432,Base Model,"3,1,6,2,5,4"
7433,Base Model,
7434,Base Model,"2,5,3,6,1,4"
7435,Base Model,
7436,Base Model,"3,5,2,6,3,4"
7437,Base Model,
7438,Base Model,
7439,Base Model,"5,3,2,6,4,1"
7440,Base Model,"3,6,2,5,4,1"
7441,Base Model,"5,3,1,2,4,6"
7442,Base Model,"3,4,1,2,6,5"
7443,Base Model,"1,6,3"
7444,Base Model,
7445,Base Model,"1,2,5,3,4,2"
7446,Base Model,"3,1,6,2,5,4"
7447,Base Model,"1,2,3,5,4,6"
7448,Base Model,"1,6"
7449,Base Model,"2,6,3,5,4,1"
7450,Base Model,"1,2,3,1,6,2"
7451,Base Model,"5,2,6,3,1,4"
7452,Base Model,"3,2,6,5,1,4"
7453,Base Model,"2,4,5,1,3,6"
7454,Base Model,"4,3,2,6,1,5"
7455,Base Model,"2,5,6,3,4,1"
7456,Base Model,"5,2,4,6,1,3"
7457,Base Model,"1,4,3,6,2,5"
7458,Base Model,"5,3,2,6,1,4"
7459,Base Model,"2,6,3,5,4,1"
7460,Base Model,"5,2,3,6,4,1"
7461,Base Model,"1,6,6"
7462,Base Model,
7463,Base Model,"1,4,3,6,5,2"
7464,Base Model,"1,3,5,2,6,4"
7465,Base Model,"1,2,3,4,5"
7466,Base Model,"3,4,1,2,6,5"
7467,Base Model,"4,2,6,1,5,3"
7468,Base Model,"1,6,6"
7469,Base Model,"1,4,3,2,6,5"
7470,Base Model,
7471,Base Model,
7472,Base Model,"6,1,6,3,6,4"
7473,Base Model,"3,4,2,5,3,6"
7474,Base Model,"4,1,5,3,2,6"
7475,Base Model,"3,2,5,4,1,6"
7476,Base Model,"1,2,5,3,6,4"
7477,Base Model,"4,2,6,3,1,5"
7478,Base Model,"2,4,6,3,5,1"
7479,Base Model,"3,4,6,2,5,1"
7480,Base Model,"2,5,3,6,1,4"
7481,Base Model,"3,2,6,5,4,1"
7482,Base Model,"2,5,6,3,2,4"
7483,Base Model,"3,4,6,2,5,1"
7484,Base Model,
7485,Base Model,
7486,Base Model,"4,3,6,1,2,5"
7487,Base Model,"4,2"
7488,Base Model,"2,4,1,3,6,5"
7489,Base Model,"4,5"
7490,Base Model,"1,3,4,2,5,6"
7491,Base Model,
7492,Base Model,
7493,Base Model,"1,4,2,5,3,6"
7494,Base Model,"1,5,2,4,3,6"
7495,Base Model,"4,3,5,2,6,1"
7496,Base Model,"4,3,6,2,5,1"
7497,Base Model,"1,6"
7498,Base Model,"4,2,6,1,3,5"
7499,Base Model,"3,6,2,5,1,4"
7500,Base Model,"1,2,3,4,5,6"
7501,Base Model,
7502,Base Model,"1,4,3,2,5,6"
7503,Base Model,"3,5,1,6,4,3"
7504,Base Model,"2,6,1,4,3,5"
7505,Base Model,
7506,Base Model,"3,6,2,5,4,1"
7507,Base Model,"6,1,6"
7508,Base Model,
7509,Base Model,
7510,Base Model,"2,5,3,6,1,4"
7511,Base Model,"3,1,6,2,5,4"
7512,Base Model,"4,2,6,5,1,3"
7513,Base Model,"3,1,6,2,5,4"
7514,Base Model,"4,2,3,6,5,1"
7515,Base Model,"3,6,2,5,4,1"
7516,Base Model,"5,2,6,3,4,1"
7517,Base Model,"1,4,6,2,3,5"
7518,Base Model,"4,2,6,1,5,3"
7519,Base Model,"6,1,6"
7520,Base Model,"5,2,4,6,1,3"
7521,Base Model,"1,2"
7522,Base Model,"1,4,2,3,5,6"
7523,Base Model,"4,3,6,5,2,1"
7524,Base Model,"4,2,6,3,1,5"
7525,Base Model,"5,3,2,6,4,1"
7526,Base Model,"6,6"
7527,Base Model,"1,2,4,3,6,2"
7528,Base Model,
7529,Base Model,"5,3,4,2,6,1"
7530,Base Model,"2,4,5,3,1,6"
7531,Base Model,"2,4,6,3,1,5"
7532,Base Model,"1,5,3,6,2,4"
7533,Base Model,"1,5,3,2,6,4"
7534,Base Model,"3,2,6,5,4,1"
7535,Base Model,
7536,Base Model,"1,6"
7537,Base Model,
7538,Base Model,"2,4,6,5"
7539,Base Model,
7540,Base Model,"5,3,1,2,6,4"
7541,Base Model,"5,3,2,6,4,1"
7542,Base Model,
7543,Base Model,"3,6,2,5,1,4"
7544,Base Model,"4,2,6,3,1,5"
7545,Base Model,"3,1,5,2,6,4"
7546,Base Model,"1,2,6,5,6,3"
7547,Base Model,"3,2,6,5,4,1"
7548,Base Model,"4,2,6,1,5,3"
7549,Base Model,"4,2,6,3,1,5"
7550,Base Model,"5,2,1,4,3,6"
7551,Base Model,"3,1,6,2,5,4"
7552,Base Model,"2,6,1,5,3,4"
7553,Base Model,"5,3,2,6,1,4"
7554,Base Model,"3,6,2,5,4,1"
7555,Base Model,"1,2,3,4,5,6"
7556,Base Model,"2,4,5,1,3,6"
7557,Base Model,"4,3,1,6,2,5"
7558,Base Model,"1,2,3,4,5,6"
7559,Base Model,"3,6,2,5,1,4"
7560,Base Model,"1,4,6,3,5,2"
7561,Base Model,"6,1,6"
7562,Base Model,"2,6,3,4,1,5"
7563,Base Model,"4,2,5,6,1,3"
7564,Base Model,"4,2,6,1,3,5"
7565,Base Model,"5,3,6,1,2,4"
7566,Base Model,"6,1,6"
7567,Base Model,
7568,Base Model,"3,5,1,6,2,4"
7569,Base Model,"2,4,1,5,6,3"
7570,Base Model,
7571,Base Model,"2,4,6,3,1,5"
7572,Base Model,"1,2,5,3,4,6"
7573,Base Model,4
7574,Base Model,"4,3,6,2,5,1"
7575,Base Model,"5,2,3,6,1,4"
7576,Base Model,"1,6,6"
7577,Base Model,"2,6,1,5,3,4"
7578,Base Model,"2,4,6,3,1,5"
7579,Base Model,
7580,Base Model,"1,3,5,2,6,4"
7581,Base Model,"3,4,2,6,1,5"
7582,Base Model,"1,6,6"
7583,Base Model,"3,4,6,2,5,1"
7584,Base Model,
7585,Base Model,"2,5,1,4,3,6"
7586,Base Model,"1,3,6,1"
7587,Base Model,"1,2,3,4,5,6"
7588,Base Model,"6,1,6,4,2,5"
7589,Base Model,"1,4,2,6,5,3"
7590,Base Model,"2,4"
7591,Base Model,"2,5,4,6,3,1"
7592,Base Model,"4,3,6,2,5,1"
7593,Base Model,
7594,Base Model,
7595,Base Model,"1,2,3,4,5,6"
7596,Base Model,"4,2,5,6,1,3"
7597,Base Model,"2,5,3,6,1,4"
7598,Base Model,"4,2,6,5,1,3"
7599,Base Model,"2,5,4,6,3,1"
7600,Base Model,"3,6,2,5,4,1"
7601,Base Model,"3,4,2,6,1,5"
7602,Base Model,"1,3,3,2,2,4"
7603,Base Model,
7604,Base Model,"1,6,6"
7605,Base Model,"2,4,3,1,5,6"
7606,Base Model,1
7607,Base Model,"1,3,5,1,2,4"
7608,Base Model,"5,3,1,4,6,2"
7609,Base Model,"4,2,6,1,3,5"
7610,Base Model,"1,5"
7611,Base Model,"3,6,4,5,2,1"
7612,Base Model,"1,2,3,5,4,6"
7613,Base Model,"3,5,2,6,1,4"
7614,Base Model,"3,4,2,6,1,5"
7615,Base Model,"2,4,5,1,6,3"
7616,Base Model,"1,6,6"
7617,Base Model,"4,2,6,1,3,5"
7618,Base Model,"4,2,6,1,5,3"
7619,Base Model,"4,2,6,1,3,5"
7620,Base Model,1
7621,Base Model,"4,2,5,3,6,1"
7622,Base Model,"3,6,1,5,2,4"
7623,Base Model,"2,5,3,4,6"
7624,Base Model,"1,2,3,4,5,6"
7625,Base Model,
7626,Base Model,
7627,Base Model,
7628,Base Model,"3,6,2,5,4,1"
7629,Base Model,"1,6,3,2,6,5"
7630,Base Model,"2,4,6,3,5,1"
7631,Base Model,
7632,Base Model,"2,4,3,5,6,1"
7633,Base Model,"3,6,2,5,4,1"
7634,Base Model,"1,6"
7635,Base Model,"3,5"
7636,Base Model,
7637,Base Model,
7638,Base Model,"4,2,6,3,5,1"
7639,Base Model,"3,5,2,6,4,1"
7640,Base Model,"3,5,2,1,6,4"
7641,Base Model,
7642,Base Model,"2,4,6,1,3,5"
7643,Base Model,"5,2,6,1,3,4"
7644,Base Model,
7645,Base Model,"3,5,4,2,1,6"
7646,Base Model,"2,6,4,3,5,1"
7647,Base Model,"5,2,6,1,3,4"
7648,Base Model,"4,3,6,5,2,1"
7649,Base Model,"2,6,1,5,3,4"
7650,Base Model,"5,2,6,3,1,4"
7651,Base Model,"3,4,6,5,2,6"
7652,Base Model,"4,2,6,5,3,1"
7653,Base Model,"4,6,2,5,3,1"
7654,Base Model,"3,1,5,2,4,6"
7655,Base Model,"3,5,2,6,4,1"
7656,Base Model,"3,6,1,5,2,4"
7657,Base Model,"5,3,6,2,4,1"
7658,Base Model,
7659,Base Model,"3,6,2,5,4,1"
7660,Base Model,"1,3,5,2,6,4"
7661,Base Model,"1,5,3,4,6,2"
7662,Base Model,"5,2,6,3,1,4"
7663,Base Model,"1,2,3,4,5,6"
7664,Base Model,6
7665,Base Model,
7666,Base Model,"1,3,6,5,2,4"
7667,Base Model,"2,5,3,6,4,1"
7668,Base Model,"3,6,2,5,1,4"
7669,Base Model,
7670,Base Model,"6,2,3,5,6,4"
7671,Base Model,"4,3,1,5,6,2"
7672,Base Model,"5,3,2,6,1,4"
7673,Base Model,"2,6,5,1,4,3"
7674,Base Model,"4,2,5,1,6,3"
7675,Base Model,
7676,Base Model,"5,4,3,2,6"
7677,Base Model,
7678,Base Model,
7679,Base Model,"1,3,2,6,5,4"
7680,Base Model,"4,3,6,2,5,1"
7681,Base Model,"5,3,2,6,1,4"
7682,Base Model,"3,5,2,6,1,4"
7683,Base Model,"4,2,6,3,1,5"
7684,Base Model,"3,6,2,5,1,4"
7685,Base Model,"1,3,4,5,6"
7686,Base Model,
7687,Base Model,"6,1,6"
7688,Base Model,"1,6,6"
7689,Base Model,"4,2,5,6,3,1"
7690,Base Model,
7691,Base Model,"3,6,2,5,1,4"
7692,Base Model,"1,4"
7693,Base Model,"1,4,3,6,2,5"
7694,Base Model,
7695,Base Model,"4,2,6,1,5,3"
7696,Base Model,
7697,Base Model,"3,4,2,5,6,1"
7698,Base Model,"6,6,1,6"
7699,Base Model,
7700,Base Model,"3,6,1,5,2,4"
7701,Base Model,"5,2,6,3,4,1"
7702,Base Model,"4,2,5,3,2,1"
7703,Base Model,"5,1,6,4,2,3"
7704,Base Model,
7705,Base Model,"4,2,5,3,1,6"
7706,Base Model,"1,4,2,6,3,5"
7707,Base Model,"3,2,6,1,5,4"
7708,Base Model,
7709,Base Model,"2,5,1,6,4,3"
7710,Base Model,
7711,Base Model,"1,2,3,4,5,6"
7712,Base Model,
7713,Base Model,"4,2,6,5,1,3"
7714,Base Model,"4,2,5,6,3,1"
7715,Base Model,"4,2,5,1,3,6"
7716,Base Model,"1,3,2,6,5,4"
7717,Base Model,"3,5,2,6,4,1"
7718,Base Model,"2,5,3,6,4,1"
7719,Base Model,"3,1,4,5,2,6"
7720,Base Model,"1,2,3,4,5,6"
7721,Base Model,"1,2,4,6,3,2"
7722,Base Model,"3,4,5,6,2,1"
7723,Base Model,"4,2,6,5,3,1"
7724,Base Model,"2,6,3,1,5,4"
7725,Base Model,"4,2,6,3,5,1"
7726,Base Model,"1,2,5,3,6,4"
7727,Base Model,"2,5,3,6,1,4"
7728,Base Model,"4,2,6,3,1,5"
7729,Base Model,"2,6,1,5,3,4"
7730,Base Model,
7731,Base Model,"1,6,4,2,3,5"
7732,Base Model,"4,2,6,1,5,3"
7733,Base Model,"4,3,5,2,6,1"
7734,Base Model,
7735,Base Model,"1,4,2,3,6,5"
7736,Base Model,"5,2,6,3,1,4"
7737,Base Model,
7738,Base Model,"5,2,6,4,3,1"
7739,Base Model,
7740,Base Model,"4,6,2,5,3,1"
7741,Base Model,"4,2,6,3,5,1"
7742,Base Model,"3,6,2,5,4,1"
7743,Base Model,"3,5,1,6,3,2"
7744,Base Model,
7745,Base Model,"6,6"
7746,Base Model,
7747,Base Model,"1,3,6,2,5,4"
7748,Base Model,
7749,Base Model,"3,5,2,6,3,4"
7750,Base Model,"1,2,3,4,5,6"
7751,Base Model,"2,4,6,1,5,3"
7752,Base Model,"2,4,5,3,6,1"
7753,Base Model,"1,4,3,2,6,5"
7754,Base Model,"2,6,3,5,1,4"
7755,Base Model,
7756,Base Model,"3,6,2,1,5,4"
7757,Base Model,"3,5,2,4,6,1"
7758,Base Model,"4,2,6,5,1,3"
7759,Base Model,"5,3,6,2,1,4"
7760,Base Model,"3,6,2,5,4,1"
7761,Base Model,"1,2,4,3,5,6"
7762,Base Model,
7763,Base Model,"3,1,5,2,4,6"
7764,Base Model,"5,2,6,3,1,4"
7765,Base Model,"4,6,2,1,3,5"
7766,Base Model,"2,5,4,1,3,6"
7767,Base Model,"2,5,3,1,6,4"
7768,Base Model,"1,6"
7769,Base Model,1
7770,Base Model,"4,2,6,5,3,1"
7771,Base Model,"4,2,6,5,1,3"
7772,Base Model,"6,1,6"
7773,Base Model,"4,2,6,1,3,5"
7774,Base Model,"1,3,2,5,2,4"
7775,Base Model,"1,2,3,4,5,6"
7776,Base Model,"2,5,3,6,4,1"
7777,Base Model,"3,2,5,1,6,4"
7778,Base Model,"2,5,4,1,6,3"
7779,Base Model,
7780,Base Model,"4,2,6,1,5,3"
7781,Base Model,"1,6,6"
7782,Base Model,"3,5,2,4,6,1"
7783,Base Model,"1,6,2,4,3,5"
7784,Base Model,"2,4"
7785,Base Model,"4,2,6,3,5,1"
7786,Base Model,"5,2,6,3,1,4"
7787,Base Model,"1,3,5,2,4,3"
7788,Base Model,"5,2,6,1,4,3"
7789,Base Model,"5,3,1,4,2,6"
7790,Base Model,"4,6,2,5,3,1"
7791,Base Model,"5,3,2,6,4,1"
7792,Base Model,"3,2,6,5,1,4"
7793,Base Model,"4,6,2,5,1,3"
7794,Base Model,"3,6,2,5,1,4"
7795,Base Model,"1,3,6,6,4,5"
7796,Base Model,"3,2,5,1,4,6"
7797,Base Model,"3,4,2,5,1,6"
7798,Base Model,"4,2,6,1,3,5"
7799,Base Model,"3,6,2,5,4,1"
7800,Base Model,"2,4,3,5,6,1"
7801,Base Model,"5,2,6,4,3"
7802,Base Model,"3,6,2,5,4,1"
7803,Base Model,"4,3,2,1,6,5"
7804,Base Model,
7805,Base Model,"1,5,2,2,3,6"
7806,Base Model,
7807,Base Model,"1,6,6"
7808,Base Model,
7809,Base Model,"4,2,6,5,1,3"
7810,Base Model,"6,2,5,4,3"
7811,Base Model,"5,2,3,6,4,1"
7812,Base Model,
7813,Base Model,"3,4,6,2,1,5"
7814,Base Model,"1,6,6"
7815,Base Model,"3,2,5,6,3,1"
7816,Base Model,
7817,Base Model,"4,2,5,6,3,1"
7818,Base Model,"3,4,2,5,3,6"
7819,Base Model,"4,2,5,1,3,6"
7820,Base Model,"3,2,6,4,5,1"
7821,Base Model,"5,3,2,4,6,1"
7822,Base Model,"1,2,3,4,5,6"
7823,Base Model,"5,2,1,6,3,5"
7824,Base Model,"1,2,3,4,5,6"
7825,Base Model,"6,6,6,6,6,6"
7826,Base Model,
7827,Base Model,"1,4,3,2,6,5"
7828,Base Model,"5,2,6,3,4,1"
7829,Base Model,"3,5,1,2,6,4"
7830,Base Model,"3,6,2,5,4,1"
7831,Base Model,"2,5,6,3,1"
7832,Base Model,"1,2,3,5,4,6"
7833,Base Model,
7834,Base Model,
7835,Base Model,"1,6,1,6,1,6"
7836,Base Model,"2,4,5,2,6,3"
7837,Base Model,"1,3,2,6,3,2"
7838,Base Model,"3,2,6,5,4,1"
7839,Base Model,"3,6,2,4,5,1"
7840,Base Model,"3,2,5,1,6,4"
7841,Base Model,"2,5,4,3,6,1"
7842,Base Model,"3,5,2,1,4,6"
7843,Base Model,
7844,Base Model,6
7845,Base Model,6
7846,Base Model,"4,6,3,2,5,1"
7847,Base Model,"3,1,2,4,5,3"
7848,Base Model,"5,3,2,6,1,4"
7849,Base Model,"4,2,6,3,5,1"
7850,Base Model,"5,4,6,2,3,1"
7851,Base Model,"1,6,6"
7852,Base Model,"3,5,1,6,4,2"
7853,Base Model,"4,3,5,6,2,1"
7854,Base Model,"1,3,2,6,5,4"
7855,Base Model,"6,1,6,3,5,2"
7856,Base Model,"1,6,1,6,1,6"
7857,Base Model,
7858,Base Model,1
7859,Base Model,"6,1,6"
7860,Base Model,"1,5,2,6,3,6"
7861,Base Model,"2,5,1,4,6,3"
7862,Base Model,"1,4,6,2,5,3"
7863,Base Model,
7864,Base Model,
7865,Base Model,6
7866,Base Model,"1,4,3,6,2,5"
7867,Base Model,"1,6,3,2,5,4"
7868,Base Model,"2,4,5,2,6,1"
7869,Base Model,
7870,Base Model,"2,6,4,5,1,3"
7871,Base Model,"5,2,3,1,6,4"
7872,Base Model,
7873,Base Model,
7874,Base Model,"3,5,2,6,4,1"
7875,Base Model,"2,6,5,1,4,3"
7876,Base Model,
7877,Base Model,"2,4,1,6,3,5"
7878,Base Model,
7879,Base Model,"5,3,6,1,2,4"
7880,Base Model,"1,4,6,3,5,2"
7881,Base Model,"5,3,6,2,6,4"
7882,Base Model,"2,4,2,6,1,6"
7883,Base Model,"3,6,2,5,4,1"
7884,Base Model,
7885,Base Model,
7886,Base Model,"4,2,6,1,3,5"
7887,Base Model,"2,6,4,3,5,1"
7888,Base Model,"4,2,6,1,5,3"
7889,Base Model,
7890,Base Model,
7891,Base Model,"1,1,2,1,3,1"
7892,Base Model,
7893,Base Model,
7894,Base Model,
7895,Base Model,"3,2,6,5,4,1"
7896,Base Model,"3,2,6,1,4,5"
7897,Base Model,"2,5,3,6,4,1"
7898,Base Model,
7899,Base Model,"3,5,2,6,1,4"
7900,Base Model,"4,2,6,3,5,1"
7901,Base Model,"3,6,2,5,1,4"
7902,Base Model,"3,2,5,1,6,4"
7903,Base Model,"4,2,6,5,1,3"
7904,Base Model,"5,2,6,3,1,4"
7905,Base Model,"4,2,6,3,1,5"
7906,Base Model,"3,6,2,6,5,3"
7907,Base Model,
7908,Base Model,"3,5,2,6,1,4"
7909,Base Model,"4,2,5,6,3,1"
7910,Base Model,"2,5,4,3,6,1"
7911,Base Model,"4,3,6,2,5,1"
7912,Base Model,"1,4,2,2,3,6"
7913,Base Model,
7914,Base Model,"4,6,3,2,5,1"
7915,Base Model,"4,2,6,3,1,5"
7916,Base Model,
7917,Base Model,"2,5,4,1,6,3"
7918,Base Model,"4,2,6,3,5,1"
7919,Base Model,"4,3,2,6,5,1"
7920,Base Model,"1,2,3,4,5,6"
7921,Base Model,
7922,Base Model,"1,4,2,3,3,2"
7923,Base Model,"1,2,3,4,5,6"
7924,Base Model,"3,6,2,5,1,4"
7925,Base Model,"2,3,5,4,6,1"
7926,Base Model,"3,6,5,2,1,4"
7927,Base Model,"2,5,6,3,4,1"
7928,Base Model,"4,2,6,1,5,3"
7929,Base Model,"1,6,5,3,2,4"
7930,Base Model,"1,3,4,2,5,6"
7931,Base Model,
7932,Base Model,"5,2,4,6,3,1"
7933,Base Model,"2,5,3,4,6,1"
7934,Base Model,"4,3,2,1,6,5"
7935,Base Model,6
7936,Base Model,"2,4,6,3,1,5"
7937,Base Model,"2,4,3,1,5,6"
7938,Base Model,
7939,Base Model,"5,3,2,4,1,6"
7940,Base Model,"3,5,2,6,1,4"
7941,Base Model,"1,6,6"
7942,Base Model,"6,1,6,1"
7943,Base Model,"3,5,2,6,1,4"
7944,Base Model,"5,2,6,1,3,4"
7945,Base Model,"3,2,6,5,1,4"
7946,Base Model,"1,3,2,6,5,4"
7947,Base Model,"3,6,2,5,4,1"
7948,Base Model,"3,6,2,1,5,4"
7949,Base Model,"1,6,6"
7950,Base Model,
7951,Base Model,"2,6,5,3,2,4"
7952,Base Model,"2,6,4,5,1,3"
7953,Base Model,"1,6,6"
7954,Base Model,"4,2,6,5,3,1"
7955,Base Model,
7956,Base Model,
7957,Base Model,
7958,Base Model,"2,5,3,4,2,6"
7959,Base Model,
7960,Base Model,"4,2,6,5,1,3"
7961,Base Model,"4,2,5,6,3,1"
7962,Base Model,"3,2,6,4,5,1"
7963,Base Model,"4,2,5,3,6,1"
7964,Base Model,
7965,Base Model,"1,2,3,4,5,6"
7966,Base Model,"4,6,3,1,2,5"
7967,Base Model,"1,4,2,3,3,6"
7968,Base Model,
7969,Base Model,"4,2,6,3,5,1"
7970,Base Model,"4,3,6,2,5,1"
7971,Base Model,"4,2,6,5,1,3"
7972,Base Model,
7973,Base Model,"5,2,6,3,1,4"
7974,Base Model,"4,2,6,1,3,5"
7975,Base Model,
7976,Base Model,"5,2,4,6,3,1"
7977,Base Model,"2,4,5,3,6,1"
7978,Base Model,"1,6,1,6,1,6"
7979,Base Model,"5,3,1,2,4,6"
7980,Base Model,"5,3,2,6,1,4"
7981,Base Model,"1,3,6,4,2,5"
7982,Base Model,"1,6,1,6,1,6"
7983,Base Model,"1,6,6"
7984,Base Model,"5,3,6,2,4,1"
7985,Base Model,"1,4,2,6,5,3"
7986,Base Model,"1,6,1,6,1,6"
7987,Base Model,"2,3,6,1,5,4"
7988,Base Model,"1,2,3,4,5,6"
7989,Base Model,"1,4,5,6,2,3"
7990,Base Model,"3,5,2,6,1,4"
7991,Base Model,"6,1,6,1,6,1"
7992,Base Model,
7993,Base Model,"1,2,4,2,5,1"
7994,Base Model,"4,2,3,6,1,5"
7995,Base Model,"4,2,6,1,5,3"
7996,Base Model,"5,3,2,6,1,4"
7997,Base Model,
7998,Base Model,"5,2,3,1,6,4"
7999,Base Model,"4,2,5,3,6,1"
8000,Base Model,"4,2,6,3,5,1"
8001,Base Model,
8002,Base Model,"4,2,5,6,1,3"
8003,Base Model,"2,5,1,4,3,6"
8004,Base Model,"3,6,2,5,4,1"
8005,Base Model,"3,1,5,2,4,6"
8006,Base Model,"4,6,5,3,1,6"
8007,Base Model,"4,3,2,6,1,5"
8008,Base Model,"1,3,2,6,5"
8009,Base Model,
8010,Base Model,"3,2,6,4,5"
8011,Base Model,"2,5,6,4,3,1"
8012,Base Model,"1,4,3,6,5,2"
8013,Base Model,
8014,Base Model,"2,5,3,6,1,4"
8015,Base Model,
8016,Base Model,"3,6,4,2,5,1"
8017,Base Model,"4,6,2,5,3,1"
8018,Base Model,"3,6,2,1,4,5"
8019,Base Model,"4,1,5,3,2,6"
8020,Base Model,
8021,Base Model,"2,5,6,1,4,3"
8022,Base Model,"3,1,5,2"
8023,Base Model,"1,6"
8024,Base Model,
8025,Base Model,"2,4,3,5,1,6"
8026,Base Model,"3,5,1,2,6,4"
8027,Base Model,"5,4,6,3,2,5"
8028,Base Model,
8029,Base Model,"1,1,2"
8030,Base Model,"2,4,5,3,1,6"
8031,Base Model,"1,6"
8032,Base Model,"1,5,2,6,3,4"
8033,Base Model,
8034,Base Model,"2,5,6,1,4,3"
8035,Base Model,"2,5,3,6,1,4"
8036,Base Model,"3,5,2,6,1,4"
8037,Base Model,
8038,Base Model,"4,2,6,5,3,1"
8039,Base Model,"4,2,6,5,3,1"
8040,Base Model,"5,2,6,4,3,5"
8041,Base Model,
8042,Base Model,
8043,Base Model,
8044,Base Model,"2,5,1,4,3,6"
8045,Base Model,"4,3,2,5,6,1"
8046,Base Model,
8047,Base Model,"4,2,6,1,5,3"
8048,Base Model,
8049,Base Model,"4,3,6,5,2,1"
8050,Base Model,
8051,Base Model,
8052,Base Model,"1,2,6,3,4,5"
8053,Base Model,"1,6,2,5,4,3"
8054,Base Model,"1,4,2,5,6,3"
8055,Base Model,"1,2,3,2,5,4"
8056,Base Model,"2,6,2,1"
8057,Base Model,"6,3,1,5,2,4"
8058,Base Model,"1,6,6"
8059,Base Model,"4,2,6,3,5,1"
8060,Base Model,"5,2,4,3,6,1"
8061,Base Model,"4,2,6,3,5,1"
8062,Base Model,"4,3,6,2,5,1"
8063,Base Model,"1,5,2,3,4,6"
8064,Base Model,
8065,Base Model,
8066,Base Model,"1,6,6,4,2,6"
8067,Base Model,"1,2,1"
8068,Base Model,"1,3,2,6,4,5"
8069,Base Model,"1,5,2,6,4,3"
8070,Base Model,"3,1,5,2,6,4"
8071,Base Model,
8072,Base Model,"4,2,6,3,1,5"
8073,Base Model,
8074,Base Model,"6,1,6,3"
8075,Base Model,
8076,Base Model,"1,3,2,6,5,4"
8077,Base Model,
8078,Base Model,"2,5,3,6,4,1"
8079,Base Model,"3,6,2,1,5,4"
8080,Base Model,"4,3,5,2,6"
8081,Base Model,"4,3,1,5,6"
8082,Base Model,"3,6,2,5,1,4"
8083,Base Model,"4,1,6"
8084,Base Model,"2,6,4,3,5,1"
8085,Base Model,
8086,Base Model,"4,2,6,3,5,1"
8087,Base Model,"3,2,6,5,1,4"
8088,Base Model,"3,5,2,6,1,4"
8089,Base Model,"4,6,1,2,3,5"
8090,Base Model,"1,6,4,3,2,5"
8091,Base Model,"4,2,6,3,5,1"
8092,Base Model,"4,2,5,6,3,1"
8093,Base Model,"4,2,5,1,6,3"
8094,Base Model,"1,3,4,2,6,5"
8095,Base Model,"3,4,2,6,1,5"
8096,Base Model,"1,3,6,2,5,4"
8097,Base Model,"2,5,4,1,3,6"
8098,Base Model,
8099,Base Model,"4,3,5,2,6,1"
8100,Base Model,"1,4,2,6,5,3"
8101,Base Model,
8102,Base Model,
8103,Base Model,"3,4,1,6,3,2"
8104,Base Model,
8105,Base Model,
8106,Base Model,"3,6,4,1,5,2"
8107,Base Model,6
8108,Base Model,"4,3,2,6,1,5"
8109,Base Model,6
8110,Base Model,
8111,Base Model,"1,2,4,5,6,3"
8112,Base Model,"4,3,1,5,6,2"
8113,Base Model,
8114,Base Model,"4,2,6,1,5,3"
8115,Base Model,
8116,Base Model,"5,3,1,6,4,2"
8117,Base Model,
8118,Base Model,
8119,Base Model,
8120,Base Model,"5,2,6,1,4,3"
8121,Base Model,
8122,Base Model,
8123,Base Model,"3,2,5,6,1,4"
8124,Base Model,"1,5,3,6,2,4"
8125,Base Model,"4,2,5,3,6,1"
8126,Base Model,"6,3,1,5,4,2"
8127,Base Model,"1,2,6,3,1,6"
8128,Base Model,"1,5,3,6,4,2"
8129,Base Model,"1,2,4,2,5,3"
8130,Base Model,
8131,Base Model,"4,2,3,6,1,5"
8132,Base Model,"3,6,4,1,5,2"
8133,Base Model,
8134,Base Model,"1,1,4,5,2,6"
8135,Base Model,"2,6,5,4,3,1"
8136,Base Model,"3,6,2,4,5,1"
8137,Base Model,6
8138,Base Model,
8139,Base Model,
8140,Base Model,"4,2,6,1,3,5"
8141,Base Model,"3,1,4,2,5,6"
8142,Base Model,
8143,Base Model,"1,2,3,6,2,5"
8144,Base Model,"2,5,6,1,4,3"
8145,Base Model,"2,6,1,4,5,3"
8146,Base Model,
8147,Base Model,"4,6,2,3,1,5"
8148,Base Model,"6,1,6"
8149,Base Model,
8150,Base Model,"3,2,5,1,6,4"
8151,Base Model,"1,3,5,2,6,4"
8152,Base Model,"6,3,1,5,6,2"
8153,Base Model,"1,2,3,4,5,6"
8154,Base Model,"2,5,3,1,6,4"
8155,Base Model,
8156,Base Model,"4,3,6,2,5,1"
8157,Base Model,"6,1,6"
8158,Base Model,
8159,Base Model,
8160,Base Model,"3,5,2,6,1,4"
8161,Base Model,
8162,Base Model,"1,3,5,3,4,2"
8163,Base Model,"1,2,3,5,4,6"
8164,Base Model,
8165,Base Model,"3,1,6,5,2,4"
8166,Base Model,"2,5,3,6,4,1"
8167,Base Model,"1,3,2,4,3,2"
8168,Base Model,"3,2,5,1,6,4"
8169,Base Model,"1,2,3,4,5"
8170,Base Model,"4,3,6,2,5,1"
8171,Base Model,"2,5,6,1,4,3"
8172,Base Model,"1,6,6,3,4,6"
8173,Base Model,"4,2,6,1,5,3"
8174,Base Model,"1,3,5,4,2,6"
8175,Base Model,"1,6,3,2,5,4"
8176,Base Model,
8177,Base Model,"3,5,1,4,2,6"
8178,Base Model,
8179,Base Model,"3,4,1,5,6,2"
8180,Base Model,"4,2,6,5,3,1"
8181,Base Model,"1,3,4,2,6,5"
8182,Base Model,"1,6,2,5,4,3"
8183,Base Model,"6,1,6"
8184,Base Model,"3,5,6,1,2,4"
8185,Base Model,"6,3,5,2,6,4"
8186,Base Model,"5,2,1,3,4,6"
8187,Base Model,
8188,Base Model,
8189,Base Model,"2,5,4,6,1,3"
8190,Base Model,"3,2,5,6,4,1"
8191,Base Model,"4,2,3,5,6,1"
8192,Base Model,
8193,Base Model,"1,2,6,4,3,5"
8194,Base Model,"6,1,6"
8195,Base Model,"1,3,4,2,6,5"
8196,Base Model,"4,6,2,5,3,1"
8197,Base Model,"3,6,2,4,5,1"
8198,Base Model,
8199,Base Model,
8200,Base Model,
8201,Base Model,"5,2,4,1,3,6"
8202,Base Model,
8203,Base Model,"3,5,2,6,1,4"
8204,Base Model,"4,2,6,3,5,1"
8205,Base Model,
8206,Base Model,"1,3,6,4,3,5"
8207,Base Model,"1,2,3,4,5,6"
8208,Base Model,"1,2,3,4,5,6"
8209,Base Model,"3,2,6,1,4,5"
8210,Base Model,"1,6,6"
8211,Base Model,"6,1,6"
8212,Base Model,
8213,Base Model,"6,1,6"
8214,Base Model,"3,5,2,1,4"
8215,Base Model,
8216,Base Model,"1,4,2,5,3,6"
8217,Base Model,"3,6,5,1,4,2"
8218,Base Model,"1,4,3,2,6,5"
8219,Base Model,"5,2,6,4,1,3"
8220,Base Model,"3,6,5,1,2,4"
8221,Base Model,
8222,Base Model,"1,3,2,6,5,4"
8223,Base Model,"3,2,6,5,4,1"
8224,Base Model,"1,3,2,6,5,1"
8225,Base Model,
8226,Base Model,"3,6,2,5,4,1"
8227,Base Model,"3,6,2,5,4,1"
8228,Base Model,
8229,Base Model,6
8230,Base Model,"4,2,6,1,5,3"
8231,Base Model,"1,2,3,5,6,3"
8232,Base Model,"4,2,6,5,3,1"
8233,Base Model,
8234,Base Model,"5,3,6,2,4,1"
8235,Base Model,"4,3,5,6,2,1"
8236,Base Model,"1,2,4,6,1,5"
8237,Base Model,"5,2,6,3,6,1"
8238,Base Model,"6,1,6,2,5,4"
8239,Base Model,"4,6,3,2,5,1"
8240,Base Model,"4,6,2,3,5,1"
8241,Base Model,
8242,Base Model,"1,2,5,3,6,4"
8243,Base Model,"2,4,6,5,3,1"
8244,Base Model,"4,2,6,3,1,5"
8245,Base Model,"2,4,3,6,5,1"
8246,Base Model,"3,2,6,5,4,1"
8247,Base Model,
8248,Base Model,"4,2,6,3,1,5"
8249,Base Model,"5,3,2,6,4,1"
8250,Base Model,"3,5,6,1,4,2"
8251,Base Model,3
8252,Base Model,"4,2,5,6,1,3"
8253,Base Model,
8254,Base Model,"1,6"
8255,Base Model,"5,3,1,2,6,4"
8256,Base Model,"1,6,3,2,5,4"
8257,Base Model,"5,1,1,3"
8258,Base Model,
8259,Base Model,6
8260,Base Model,
8261,Base Model,"2,5,3,6,2,4"
8262,Base Model,
8263,Base Model,"2,4,1,3,6,5"
8264,Base Model,"3,2,6,5,4,1"
8265,Base Model,
8266,Base Model,"1,2,3,4,5,6"
8267,Base Model,"5,3,6,2,4,1"
8268,Base Model,"3,6,2,5,4,1"
8269,Base Model,"4,2,6,3,1,5"
8270,Base Model,"3,1,5,2,6,4"
8271,Base Model,"3,6,5,2,1,4"
8272,Base Model,"2,5,1,3,6,4"
8273,Base Model,"1,3,2,2,3,5"
8274,Base Model,
8275,Base Model,"4,2,6,3,5,1"
8276,Base Model,"1,4,2,6,3,5"
8277,Base Model,"4,3,6,2,5,1"
8278,Base Model,"2,5,3,6,1,4"
8279,Base Model,"4,3,5,6,1,2"
8280,Base Model,"4,2,6,3,1,5"
8281,Base Model,"1,5,3,6,4,2"
8282,Base Model,"1,6,3,2,5,6"
8283,Base Model,
8284,Base Model,"5,3,6,2,4,1"
8285,Base Model,"4,2,5,3,6,1"
8286,Base Model,"5,2,6,3,1,4"
8287,Base Model,"3,6,4,2,1,5"
8288,Base Model,"5,3,2,6,5,1"
8289,Base Model,"3,6,2,5,1,4"
8290,Base Model,"1,4,6,3,5,2"
8291,Base Model,"2,4,6,3,1,5"
8292,Base Model,"1,2,3,4,5,6"
8293,Base Model,1
8294,Base Model,
8295,Base Model,"3,2,6,5,4,1"
8296,Base Model,"2,3,5,6,4,1"
8297,Base Model,"5,2,6,1,3,4"
8298,Base Model,"2,4,3,5,2,1"
8299,Base Model,"4,2,1,6,3,5"
8300,Base Model,
8301,Base Model,"2,5,3,6,4,1"
8302,Base Model,
8303,Base Model,"4,2,6,3,5,1"
8304,Base Model,"6,6,1,2,5,3"
8305,Base Model,
8306,Base Model,"2,3,6,1,5,4"
8307,Base Model,"2,5,3,6,1,4"
8308,Base Model,"3,5,1,2,6,4"
8309,Base Model,"2,6,1,4,3,5"
8310,Base Model,
8311,Base Model,
8312,Base Model,"2,5,6,3,4,1"
8313,Base Model,
8314,Base Model,"3,6,2,5,4,1"
8315,Base Model,"6,1,6"
8316,Base Model,
8317,Base Model,"1,6,1,6,1,6"
8318,Base Model,"4,2,6,5,1,3"
8319,Base Model,"1,4,5,2,3,6"
8320,Base Model,
8321,Base Model,"1,2,3,4,5,6"
8322,Base Model,"3,6,2,1,4,5"
8323,Base Model,"6,1"
8324,Base Model,"1,2,3,4,5,3"
8325,Base Model,
8326,Base Model,
8327,Base Model,
8328,Base Model,
8329,Base Model,"4,2,6,3,5,1"
8330,Base Model,"3,1,4,2,6,5"
8331,Base Model,"4,2,6,5,3,1"
8332,Base Model,
8333,Base Model,"3,2,5,1,6,4"
8334,Base Model,"5,2,6,1,4,3"
8335,Base Model,"3,2,6,1,5,4"
8336,Base Model,"3,2,6,4,3,5"
8337,Base Model,"4,3,1,6,2,5"
8338,Base Model,"1,2,4,3,2,5"
8339,Base Model,"2,5,6,3,4,6"
8340,Base Model,"3,6,2,5,4,1"
8341,Base Model,"2,3,6,5,1,6"
8342,Base Model,"3,6,2,5,4,1"
8343,Base Model,"2,5,1,6,4,3"
8344,Base Model,"3,5,2,6,1,4"
8345,Base Model,
8346,Base Model,"4,6,3,2,5,1"
8347,Base Model,"3,1,2,4,3,5"
8348,Base Model,"2,5,3,6,4,1"
8349,Base Model,
8350,Base Model,"3,5,1,2,6,4"
8351,Base Model,"2,4,6,1,3,5"
8352,Base Model,"4,2,5,1,3,6"
8353,Base Model,"4,1,6,2,5,3"
8354,Base Model,"6,2,6,1,4,3"
8355,Base Model,
8356,Base Model,"3,6,1,5,2,4"
8357,Base Model,"5,2,3,6,1,4"
8358,Base Model,"3,4,2,5,6,1"
8359,Base Model,"4,2,6,3,1,5"
8360,Base Model,"6,4,3,1,5,2"
8361,Base Model,
8362,Base Model,"1,2,3,4,5,6"
8363,Base Model,
8364,Base Model,"1,4,2,6,5,3"
8365,Base Model,"4,2,6,5,1,3"
8366,Base Model,"3,1,2,6,3,4"
8367,Base Model,"3,6,4,2,5,1"
8368,Base Model,"4,2,6,5,1,3"
8369,Base Model,
8370,Base Model,"1,6,6,2,5,3"
8371,Base Model,"5,2,6,3,4,1"
8372,Base Model,
8373,Base Model,"6,3,4,2,6,1"
8374,Base Model,"4,3,6,2,5,1"
8375,Base Model,"4,2,5,1,6,3"
8376,Base Model,"4,2,5,3,1,6"
8377,Base Model,"4,2,5,1,6,3"
8378,Base Model,"4,2,5,6,1,3"
8379,Base Model,"3,1,5,2,4,6"
8380,Base Model,"2,5,4,1,6,3"
8381,Base Model,"5,2,4,6,1,3"
8382,Base Model,"1,2,3,4,5,6"
8383,Base Model,"5,2,4,6,1,3"
8384,Base Model,"3,6,2,5,4,1"
8385,Base Model,"3,4,5,2,6,1"
8386,Base Model,"1,2,3,4,5,6"
8387,Base Model,"5,3,1,2,6,4"
8388,Base Model,
8389,Base Model,"1,2,5,3,4,6"
8390,Base Model,"3,2,6,1,5,4"
8391,Base Model,"2,3,5,1,6,4"
8392,Base Model,"3,5,2,3,6,1"
8393,Base Model,"4,3,6,2,5,1"
8394,Base Model,"4,3,6,2,5,1"
8395,Base Model,"6,1,6"
8396,Base Model,"1,5,6,4,5,2"
8397,Base Model,"3,6,5,2,4,1"
8398,Base Model,"4,2,6,3,5,1"
8399,Base Model,"1,2,3,4,5,6"
8400,Base Model,"4,2,3,5,1,6"
8401,Base Model,"3,2,6,5,1,4"
8402,Base Model,"1,2,3,4,5,6"
8403,Base Model,
8404,Base Model,
8405,Base Model,"1,4"
8406,Base Model,
8407,Base Model,"1,3,2,6,4,5"
8408,Base Model,
8409,Base Model,"5,1,2,6,3,4"
8410,Base Model,"6,1,6"
8411,Base Model,"2,5,6,4,1,3"
8412,Base Model,"5,2,1,6,4,3"
8413,Base Model,"3,4,2,1,5,6"
8414,Base Model,"2,6,5,1,4,3"
8415,Base Model,"4,2,6,1,5,3"
8416,Base Model,"1,4,2,5,6,3"
8417,Base Model,"1,3,2,6,5,4"
8418,Base Model,"2,5,4,1,3,6"
8419,Base Model,"4,2,6,3,1,5"
8420,Base Model,"2,5,4,1,6,3"
8421,Base Model,
8422,Base Model,"4,2,6,3,1,5"
8423,Base Model,"2,5,3,6,4,1"
8424,Base Model,
8425,Base Model,"3,2,6,1,4,5"
8426,Base Model,"5,2,6,3,4,1"
8427,Base Model,"2,6,3,4,6,5"
8428,Base Model,"3,5,2,1,6,4"
8429,Base Model,"1,2,3,4,5,6"
8430,Base Model,
8431,Base Model,"3,2,6,4,1,5"
8432,Base Model,"3,2,5,6,4,1"
8433,Base Model,"2,5,1,6,4,3"
8434,Base Model,"4,3,2,6,1,5"
8435,Base Model,"1,4,2,6,5,3"
8436,Base Model,"1,2,3,4,5,6"
8437,Base Model,"5,2,6,3,1,4"
8438,Base Model,"4,2,6,1,3,5"
8439,Base Model,"3,4,6,2,5,1"
8440,Base Model,
8441,Base Model,"3,2,6,5,4,1"
8442,Base Model,"1,3,5,2,6,4"
8443,Base Model,
8444,Base Model,"3,2,6,1,4,5"
8445,Base Model,"2,6,3,5,2,4"
8446,Base Model,"1,4,2,6,3,5"
8447,Base Model,"2,4,1,5,6,3"
8448,Base Model,"4,2,6,5,3,1"
8449,Base Model,"4,3,1,6,2,5"
8450,Base Model,
8451,Base Model,"1,6,6"
8452,Base Model,"3,2,6,1,4,5"
8453,Base Model,
8454,Base Model,"5,2,6,3,1,4"
8455,Base Model,"5,3,6,2,4,1"
8456,Base Model,"4,2,5,6,3"
8457,Base Model,"6,1,6"
8458,Base Model,"4,2,5,1,6,3"
8459,Base Model,"4,2,6,3,1,5"
8460,Base Model,"4,2,6,3,1,5"
8461,Base Model,
8462,Base Model,
8463,Base Model,"1,2,3,4,5,6"
8464,Base Model,"5,2,6,1,4,3"
8465,Base Model,"1,6,6,1,6,6"
8466,Base Model,
8467,Base Model,"3,6,2,4,1,5"
8468,Base Model,
8469,Base Model,"4,2,6,3,1,5"
8470,Base Model,"1,6,6,1,5,3"
8471,Base Model,"3,5,2,6,4,1"
8472,Base Model,
8473,Base Model,"4,1,2,6,5,3"
8474,Base Model,"4,6,2"
8475,Base Model,"3,5,2,6,4,1"
8476,Base Model,
8477,Base Model,"3,2,4,1,5,6"
8478,Base Model,
8479,Base Model,2
8480,Base Model,
8481,Base Model,"2,5,1,4,3,6"
8482,Base Model,"3,2,5,1,4"
8483,Base Model,"3,6,2,5,4,1"
8484,Base Model,
8485,Base Model,"3,5,4,2"
8486,Base Model,"2,5,4,6,3,5"
8487,Base Model,"3,6,4,2,5,1"
8488,Base Model,"4,2,3,6,1,5"
8489,Base Model,
8490,Base Model,"1,2,3,6,2,4"
8491,Base Model,"5,3,2,6,1,4"
8492,Base Model,"1,1,6"
8493,Base Model,
8494,Base Model,"6,4,2,6,3,1"
8495,Base Model,
8496,Base Model,"3,1,4,2,6,5"
8497,Base Model,"4,1,5,6,3,2"
8498,Base Model,
8499,Base Model,
8500,Base Model,"2,4,3,6,5,1"
8501,Base Model,"1,3,2,4,5,6"
8502,Base Model,"1,6,1"
8503,Base Model,
8504,Base Model,"6,1,6"
8505,Base Model,"1,5,2,6,4,3"
8506,Base Model,
8507,Base Model,"3,6,1,5,2,4"
8508,Base Model,"3,6,1,2,4,5"
8509,Base Model,"1,6"
8510,Base Model,"5,3,1,6,2,4"
8511,Base Model,"1,4,2,5,3,6"
8512,Base Model,"4,3,2,6,1,5"
8513,Base Model,"1,4,2,3,6,5"
8514,Base Model,"2,5,3,1,6,4"
8515,Base Model,"1,4,2,6,5,3"
8516,Base Model,"1,6"
8517,Base Model,
8518,Base Model,
8519,Base Model,"4,3,2,5,6,1"
8520,Base Model,"1,6,6,4,2,6"
8521,Base Model,"4,2,5,3,6,1"
8522,Base Model,"1,3,4,2,5,6"
8523,Base Model,"4,2,6,3,5,1"
8524,Base Model,"1,2,4,6,3,5"
8525,Base Model,"1,2,3,4,5,6"
8526,Base Model,"1,2,3,4,5,6"
8527,Base Model,"5,3,2,6,4,1"
8528,Base Model,"4,2,6,1,5,3"
8529,Base Model,4
8530,Base Model,"3,5,2,6,4,1"
8531,Base Model,"1,4,3,2,6,5"
8532,Base Model,"3,6,2,5,4,1"
8533,Base Model,"1,6"
8534,Base Model,"1,6,6,5,2,6"
8535,Base Model,"3,2,6,5,4,1"
8536,Base Model,"4,2,6,1,5,3"
8537,Base Model,"1,2,3,4,5,6"
8538,Base Model,"5,1,4,3,2,6"
8539,Base Model,
8540,Base Model,"4,6,1,3"
8541,Base Model,"2,5,1,6,3,4"
8542,Base Model,
8543,Base Model,"1,4,2,2,3,6"
8544,Base Model,"4,2,5,6,3,1"
8545,Base Model,"1,3,5,2,6,4"
8546,Base Model,
8547,Base Model,"2,5,6,4,3,1"
8548,Base Model,
8549,Base Model,"1,4,2,3,4,5"
8550,Base Model,
8551,Base Model,"4,3,1"
8552,Base Model,"3,2,6,5,1,4"
8553,Base Model,"4,3,5,2,1,6"
8554,Base Model,"1,3,2,6,3,4"
8555,Base Model,"4,2,3,5,1,6"
8556,Base Model,"3,5,1,2,6,4"
8557,Base Model,"3,5,2,6,4,1"
8558,Base Model,
8559,Base Model,"1,5,3,6,2,1"
8560,Base Model,"4,2,5,1,3,6"
8561,Base Model,"6,1,4,3"
8562,Base Model,"2,5,6,1,3,4"
8563,Base Model,"1,6,6,1,6,6"
8564,Base Model,
8565,Base Model,"3,6,2,4,5,1"
8566,Base Model,"1,6"
8567,Base Model,"6,1,6"
8568,Base Model,"5,3,2,6,4,1"
8569,Base Model,"4,2,1,5,3,6"
8570,Base Model,
8571,Base Model,"5,2,6,3,1,4"
8572,Base Model,"5,2,4,6,1,3"
8573,Base Model,
8574,Base Model,
8575,Base Model,"4,6,2,3,5,1"
8576,Base Model,
8577,Base Model,"4,2,6,1,3,5"
8578,Base Model,"4,3,6,2,5,1"
8579,Base Model,"1,6,6,5,4,2"
8580,Base Model,"5,3,2,1,6,4"
8581,Base Model,"1,6,6,1,4,3"
8582,Base Model,"4,2,6,3,5,1"
8583,Base Model,"3,2,6,4,5,1"
8584,Base Model,"4,6,1,3,5,2"
8585,Base Model,"4,2,6,3,5,1"
8586,Base Model,"2,6,4,3,5,1"
8587,Base Model,"3,1,6,4,5,2"
8588,Base Model,"2,6,4,1,5,3"
8589,Base Model,"1,4,3,2,6,5"
8590,Base Model,"4,1,6,2,5,3"
8591,Base Model,"1,6,6,5"
8592,Base Model,6
8593,Base Model,"1,6,3,2,5,4"
8594,Base Model,"1,5,3,6,2,4"
8595,Base Model,
8596,Base Model,
8597,Base Model,"1,2,5"
8598,Base Model,"4,6,5,3,2,6"
8599,Base Model,"1,6,6"
8600,Base Model,
8601,Base Model,"1,4,6,5,3,2"
8602,Base Model,"6,3,5,2,4,1"
8603,Base Model,
8604,Base Model,"1,2,2,3,3,4"
8605,Base Model,"1,2,3,4,5,6"
8606,Base Model,"1,2,3,4,5,6"
8607,Base Model,"1,5,4,3,3,6"
8608,Base Model,"4,2,3,6,1,5"
8609,Base Model,
8610,Base Model,
8611,Base Model,"5,2,6,4,3,1"
8612,Base Model,"2,3,4,6,2,5"
8613,Base Model,"3,4,2,5,6,1"
8614,Base Model,
8615,Base Model,"5,2,4,1,6,3"
8616,Base Model,"1,3,5,1,4,3"
8617,Base Model,"2,5,3,1,6,4"
8618,Base Model,"1,2,3,4,5,6"
8619,Base Model,"6,1,5,1"
8620,Base Model,"1,2,3,4,5,6"
8621,Base Model,"1,5,2,2,3,3"
8622,Base Model,
8623,Base Model,"3,4,5,2,6,1"
8624,Base Model,"1,2,4,6,3,5"
8625,Base Model,1
8626,Base Model,"2,4,1,6,3,5"
8627,Base Model,
8628,Base Model,"4,1,2,5,3,6"
8629,Base Model,"1,6"
8630,Base Model,"6,6,1,2,5"
8631,Base Model,"3,6,1,5,2,4"
8632,Base Model,"4,6,3,2,6,5"
8633,Base Model,"2,3,5,6,4,1"
8634,Base Model,"4,3,5,2,6,1"
8635,Base Model,
8636,Base Model,"6,1,6"
8637,Base Model,"5,3,1,6,2,4"
8638,Base Model,"2,6,4,3,5,1"
8639,Base Model,"1,6,6"
8640,Base Model,"3,6,4,2,5,1"
8641,Base Model,
8642,Base Model,"4,3,5,2,6,1"
8643,Base Model,"3,2,5,1,6,4"
8644,Base Model,"2,5,3,6,4,1"
8645,Base Model,"4,2,5,6,1,3"
8646,Base Model,
8647,Base Model,"1,2,3,4,5,6"
8648,Base Model,"1,4,6,3,5,2"
8649,Base Model,"4,2,6,3,1,5"
8650,Base Model,"2,5,1,4,6,3"
8651,Base Model,"5,2,6,3,1,4"
8652,Base Model,"2,4,6,2,5,1"
8653,Base Model,"2,4,6,5,1,3"
8654,Base Model,"1,6,2,5,3,1"
8655,Base Model,"3,6,2,5,4,1"
8656,Base Model,"1,3,5"
8657,Base Model,"1,6"
8658,Base Model,"2,5,3,1,4,6"
8659,Base Model,"5,3,2,6,1,4"
8660,Base Model,"3,5,6,2,1,4"
8661,Base Model,"2,6,3,5,1,4"
8662,Base Model,"3,6,1,5,4,2"
8663,Base Model,"1,4,3,6,2,5"
8664,Base Model,"2,1,3,6,6"
8665,Base Model,"4,2,6,1,3,5"
8666,Base Model,"1,6,6"
8667,Base Model,"1,5,3,2,6,4"
8668,Base Model,"1,2,3,4,5,6"
8669,Base Model,"2,5,1,6,4,3"
8670,Base Model,"1,4,2,5,3,2"
8671,Base Model,"3,5,2,6,4,1"
8672,Base Model,"6,1,6,3,2,6"
8673,Base Model,
8674,Base Model,"1,6,5,3,4,2"
8675,Base Model,"4,2,6,3,5,1"
8676,Base Model,"3,6,2,5,4,1"
8677,Base Model,"4,2,6,3,5,1"
8678,Base Model,"2,5,1,6,3,4"
8679,Base Model,"4,2,5,3,6,1"
8680,Base Model,"2,4,5,3,6,1"
8681,Base Model,
8682,Base Model,"3,6,2,5,4,1"
8683,Base Model,"6,2,4,1,6,5"
8684,Base Model,"2,5,3,6,1,4"
8685,Base Model,
8686,Base Model,
8687,Base Model,"4,6,3,2,5,1"
8688,Base Model,"1,2,3,4,5,6"
8689,Base Model,"4,3,6,2,5,1"
8690,Base Model,"6,1,6"
8691,Base Model,"2,6,5,3,4,1"
8692,Base Model,"2,4,6,2,3,1"
8693,Base Model,"4,2,3,1,6,5"
8694,Base Model,"4,3,6,2,5,1"
8695,Base Model,"2,5,1,3,6,4"
8696,Base Model,"1,3,6,2,4,5"
8697,Base Model,"4,2,6,3,1,5"
8698,Base Model,
8699,Base Model,"3,6,1,2,4,5"
8700,Base Model,"3,2,6,5,1,4"
8701,Base Model,"5,3,2,6,1,4"
8702,Base Model,1
8703,Base Model,
8704,Base Model,"3,5,1,6,4,2"
8705,Base Model,"3,1,2,6,4,5"
8706,Base Model,"6,1,6,3"
8707,Base Model,"4,1,3,5,2,6"
8708,Base Model,"1,6"
8709,Base Model,
8710,Base Model,"3,1,5,3,4,6"
8711,Base Model,"1,4,3,6,2,5"
8712,Base Model,
8713,Base Model,"2,6,3,5,2,4"
8714,Base Model,"4,2,6,1,5,3"
8715,Base Model,"3,6,2,5,1,4"
8716,Base Model,"3,1,6,5,2,4"
8717,Base Model,"4,2,5,3,6,1"
8718,Base Model,"4,1,3,5,2,6"
8719,Base Model,"2,6,4,1,3"
8720,Base Model,"1,6,6"
8721,Base Model,"2,4,5,1,2,6"
8722,Base Model,
8723,Base Model,
8724,Base Model,"4,3,1,6,2,5"
8725,Base Model,"2,3,4,5,6,1"
8726,Base Model,"2,5,4,6,3,1"
8727,Base Model,"3,6,2,5,1,4"
8728,Base Model,"1,5,3,2,4,6"
8729,Base Model,"1,3,5,2,4,6"
8730,Base Model,"2,6,4,1,3,5"
8731,Base Model,"6,6,6"
8732,Base Model,
8733,Base Model,"1,2,4,3,6,5"
8734,Base Model,"1,3,6,4,2,5"
8735,Base Model,"1,2,3,4,2,5"
8736,Base Model,
8737,Base Model,
8738,Base Model,"1,4,2,6,3,5"
8739,Base Model,
8740,Base Model,
8741,Base Model,"2,5,1,4,6,3"
8742,Base Model,"4,2,6,1,5,3"
8743,Base Model,"2,5,3,6,1,4"
8744,Base Model,"1,6,1,1"
8745,Base Model,"5,2,3,1,6"
8746,Base Model,"4,2,3,1,6,5"
8747,Base Model,
8748,Base Model,"3,6,2,5,1,4"
8749,Base Model,"4,3,6,5,2,1"
8750,Base Model,"1,6,6"
8751,Base Model,"4,2,3,5,6,1"
8752,Base Model,"1,2,3,5,6,4"
8753,Base Model,"5,2,6,1,4,3"
8754,Base Model,
8755,Base Model,"3,2,6,4,1,5"
8756,Base Model,
8757,Base Model,"4,2,6,1,3,5"
8758,Base Model,"4,2,6,1,3,5"
8759,Base Model,"3,1,2,6,4,5"
8760,Base Model,"1,6,1,6,1,6"
8761,Base Model,"6,1,6,1,6,1"
8762,Base Model,
8763,Base Model,
8764,Base Model,"1,6,1,6,1,6"
8765,Base Model,"4,3,6,1,5,2"
8766,Base Model,"1,4,6,2,3,5"
8767,Base Model,"2,4,5,3,6,1"
8768,Base Model,"1,2,3,4,5,6"
8769,Base Model,"3,5,1,2,6,4"
8770,Base Model,"1,4,2,6,5,3"
8771,Base Model,
8772,Base Model,
8773,Base Model,"1,2,4,3,5,6"
8774,Base Model,
8775,Base Model,"6,1,6,1"
8776,Base Model,"1,2,3,4,5,6"
8777,Base Model,
8778,Base Model,"3,5,2,6,1,4"
8779,Base Model,"2,5,3,6,1,4"
8780,Base Model,"2,6,1,4,3,5"
8781,Base Model,"4,2,6,1,5,3"
8782,Base Model,1
8783,Base Model,4
8784,Base Model,"3,2,6,5,4,1"
8785,Base Model,"6,1,6"
8786,Base Model,"3,6,1,2,5,4"
8787,Base Model,"4,2,5,1,6,3"
8788,Base Model,"4,2,6,5,3,1"
8789,Base Model,
8790,Base Model,"4,3,6,2,5,1"
8791,Base Model,
8792,Base Model,"3,2,4,5,3,6"
8793,Base Model,6
8794,Base Model,"2,6,3,5,4,1"
8795,Base Model,"5,2,4,6,1,3"
8796,Base Model,"1,3,2,6,4,5"
8797,Base Model,"2,5,6,1,3,4"
8798,Base Model,"2,6,3,5,1,4"
8799,Base Model,"3,2,5,4,1,6"
8800,Base Model,
8801,Base Model,"4,1,3,6,5,2"
8802,Base Model,"4,3,6,5,2,1"
8803,Base Model,"3,2,6,1,5,4"
8804,Base Model,"3,6,2,1,5,4"
8805,Base Model,"1,6,6"
8806,Base Model,"2,6,4,1,3,5"
8807,Base Model,"3,6,1,4,2,5"
8808,Base Model,
8809,Base Model,"4,2,6,3,5,1"
8810,Base Model,"2,4,5,1,3,6"
8811,Base Model,
8812,Base Model,"4,2,6,1,3,5"
8813,Base Model,"2,5,3,6,1,4"
8814,Base Model,"1,6,6"
8815,Base Model,"2,6,4,1,3,5"
8816,Base Model,
8817,Base Model,"1,4,2,6,3,5"
8818,Base Model,"2,5,4,3,6,1"
8819,Base Model,
8820,Base Model,"1,2,3,4,5,6"
8821,Base Model,
8822,Base Model,"1,6,6"
8823,Base Model,
8824,Base Model,
8825,Base Model,6
8826,Base Model,"3,6,2,5,4,1"
8827,Base Model,
8828,Base Model,
8829,Base Model,"5,2,3,6,1,4"
8830,Base Model,
8831,Base Model,1
8832,Base Model,
8833,Base Model,"4,3,5,2,6,1"
8834,Base Model,"4,2,6,3,1,5"
8835,Base Model,"4,1,6,2,3,5"
8836,Base Model,"4,2,3,1,6,5"
8837,Base Model,"1,2,3,4,5,6"
8838,Base Model,"4,2,6,3,5,1"
8839,Base Model,"4,2,5,3,6,1"
8840,Base Model,"4,6,2,3,6,5"
8841,Base Model,"4,2,6,3,1,5"
8842,Base Model,"1,3,2,5,6,4"
8843,Base Model,"2,5,1,3,6,4"
8844,Base Model,"1,5,2,4,3,2"
8845,Base Model,"6,1,6"
8846,Base Model,"4,2,5,3,6,1"
8847,Base Model,"3,1,5,6,2,4"
8848,Base Model,
8849,Base Model,
8850,Base Model,
8851,Base Model,"3,4,2,6,5,1"
8852,Base Model,
8853,Base Model,
8854,Base Model,"2,5,1,6,3,4"
8855,Base Model,"5,3,1,6,4,2"
8856,Base Model,"5,3,1,6,2,4"
8857,Base Model,
8858,Base Model,
8859,Base Model,
8860,Base Model,"1,6,6"
8861,Base Model,1
8862,Base Model,"4,2,6,3,5,1"
8863,Base Model,"2,5,3,1,6,4"
8864,Base Model,"1,4,3,5,2,6"
8865,Base Model,"1,2,4,1,5,3"
8866,Base Model,
8867,Base Model,"4,3,5,2,6,1"
8868,Base Model,"5,3,1,6,2,4"
8869,Base Model,"2,4,3,5,6,1"
8870,Base Model,"5,3,2,1,6,4"
8871,Base Model,"2,6,4,3,5,1"
8872,Base Model,6
8873,Base Model,"4,2,6,5,1,3"
8874,Base Model,"4,2,6,1,5,3"
8875,Base Model,"4,2,6,5,1,3"
8876,Base Model,"5,2,3,4,6,1"
8877,Base Model,"2,6,1,4,5,3"
8878,Base Model,"5,3"
8879,Base Model,
8880,Base Model,"1,3,5,2,6,4"
8881,Base Model,"3,4,2,6,5,1"
8882,Base Model,
8883,Base Model,"3,6,2,4,5,1"
8884,Base Model,"5,2,4,6,3,1"
8885,Base Model,"2,5,3,6,2,1"
8886,Base Model,
8887,Base Model,"2,6,1,4,3,5"
8888,Base Model,"1,3,6,3,2,6"
8889,Base Model,"2,6,4,3,5,1"
8890,Base Model,"4,2,6,3,5,1"
8891,Base Model,"6,1,5,2,3,4"
8892,Base Model,"1,1,6,1,6,1"
8893,Base Model,"3,2,6,5,4,1"
8894,Base Model,"4,6,1,3,5,2"
8895,Base Model,"4,3,6,2,5"
8896,Base Model,"6,6,1,6"
8897,Base Model,"4,1,5,2,6"
8898,Base Model,"2,4,1,6,3,5"
8899,Base Model,"5,2,6,3,1,4"
8900,Base Model,"1,6,3,2,5,4"
8901,Base Model,"3,4,1,2,6,5"
8902,Base Model,"4,3,2,6,1,5"
8903,Base Model,"5,2,6,1,3,4"
8904,Base Model,
8905,Base Model,"1,3,6,4,2,5"
8906,Base Model,"2,4,3,5,2,6"
8907,Base Model,"4,3,2,6,1,5"
8908,Base Model,"4,2,6,1,3,5"
8909,Base Model,
8910,Base Model,"1,2,3,4,5,6"
8911,Base Model,"1,4,3,6,2,5"
8912,Base Model,"3,1,2,4,5,6"
8913,Base Model,"6,1,6,2,4,5"
8914,Base Model,"1,4,2,5,6,3"
8915,Base Model,"3,1,5,2,6,4"
8916,Base Model,"1,2,3,4,5,6"
8917,Base Model,"4,2,6,3,1,5"
8918,Base Model,
8919,Base Model,
8920,Base Model,"2,5,3,6,1,4"
8921,Base Model,"1,2,3,4,5,6"
8922,Base Model,"4,2,6,1,3,5"
8923,Base Model,
8924,Base Model,
8925,Base Model,"3,6,4,2,5,1"
8926,Base Model,
8927,Base Model,"1,6,3,5,4,2"
8928,Base Model,
8929,Base Model,"4,2,6,3,5,1"
8930,Base Model,
8931,Base Model,"3,2,6,5,4,1"
8932,Base Model,"2,5,3,1,4,6"
8933,Base Model,"4,6,3,5,2,5"
8934,Base Model,"1,2,6,5,3,4"
8935,Base Model,"2,6,4,5,3,1"
8936,Base Model,"3,2,6,5,1,4"
8937,Base Model,
8938,Base Model,"3,2,6,5,1,4"
8939,Base Model,
8940,Base Model,"5,2,1,6,3,4"
8941,Base Model,"2,5,6,1,3,2"
8942,Base Model,1
8943,Base Model,"3,5,2,6,4,1"
8944,Base Model,"2,5,3,6,1,4"
8945,Base Model,"5,2,6,3,1,4"
8946,Base Model,5
8947,Base Model,
8948,Base Model,"6,4,3,1,5,2"
8949,Base Model,"5,3,2,6,1,4"
8950,Base Model,"4,6,2,5,3,1"
8951,Base Model,"3,6,1,5,2,4"
8952,Base Model,"5,3,1,6,2,4"
8953,Base Model,"4,2,6,1,5,3"
8954,Base Model,"1,6,6"
8955,Base Model,"6,1,6"
8956,Base Model,
8957,Base Model,
8958,Base Model,"2,3,5,1,6,4"
8959,Base Model,"4,2,6,1,3,5"
8960,Base Model,"4,2,6,5,3,1"
8961,Base Model,"1,3,6,2,5,4"
8962,Base Model,"5,3,1,6,4,2"
8963,Base Model,
8964,Base Model,"6,1,6"
8965,Base Model,
8966,Base Model,"1,4,5,2,6,3"
8967,Base Model,
8968,Base Model,"4,3,6,2,1,5"
8969,Base Model,
8970,Base Model,"6,1,6"
8971,Base Model,"3,6,2,1,4,5"
8972,Base Model,
8973,Base Model,"4,2,6,3,5,1"
8974,Base Model,"4,6,2,5,3,1"
8975,Base Model,"1,2,3,4,5,6"
8976,Base Model,"4,6,2,1,5,3"
8977,Base Model,
8978,Base Model,"4,2,5,1,6,3"
8979,Base Model,"4,2,6,3,5,1"
8980,Base Model,"3,6,2,5,1,4"
8981,Base Model,"5,1,6,3,4,2"
8982,Base Model,"4,2,6,1,3,5"
8983,Base Model,"4,3,5,2,6,1"
8984,Base Model,"4,2,6,5,3,1"
8985,Base Model,"4,3,6,2,5,1"
8986,Base Model,"1,4,3,2,6,5"
8987,Base Model,"2,5,6,3,1,4"
8988,Base Model,"5,2,6,1,3,4"
8989,Base Model,"1,3,5,2,6,4"
8990,Base Model,
8991,Base Model,"3,2,4,5,6,1"
8992,Base Model,
8993,Base Model,"3,5,1,2,4,6"
8994,Base Model,"6,6"
8995,Base Model,6
8996,Base Model,"1,4,3,5,2,6"
8997,Base Model,
8998,Base Model,"1,2,4,6,2,3"
8999,Base Model,"2,6,4,5,3,1"
9000,Base Model,"3,1,6,4,2,5"
9001,Base Model,"6,1,6"
9002,Base Model,"4,2,3,1,6,5"
9003,Base Model,"1,3,2,6,4,5"
9004,Base Model,"4,2,3"
9005,Base Model,"3,5,2,6,1,4"
9006,Base Model,"3,5,6,2,4,1"
9007,Base Model,"1,2,6,3,5,1"
9008,Base Model,"6,1,6,4,2,6"
9009,Base Model,"1,3,2,6,5,4"
9010,Base Model,"4,3,2,6,5,1"
9011,Base Model,"3,6,1,4,5,2"
9012,Base Model,"2,4,1,3,6,5"
9013,Base Model,"3,2,6,4,5,1"
9014,Base Model,"2,5,1,6,3,4"
9015,Base Model,
9016,Base Model,6
9017,Base Model,"3,6,2,5,4,1"
9018,Base Model,"6,1,6"
9019,Base Model,
9020,Base Model,
9021,Base Model,"4,2,6,5,1,3"
9022,Base Model,"1,3,5,2,6,4"
9023,Base Model,
9024,Base Model,"1,6,3,5,2,4"
9025,Base Model,"4,2,6,1,3,5"
9026,Base Model,5
9027,Base Model,"5,3,2,1,6,4"
9028,Base Model,"4,3,2,6,5"
9029,Base Model,
9030,Base Model,
9031,Base Model,"2,4,5,1,6"
9032,Base Model,"1,2,3,4,5,6"
9033,Base Model,
9034,Base Model,"1,2,3,4,5,6"
9035,Base Model,"4,6,2,5,3,1"
9036,Base Model,6
9037,Base Model,"1,6,3,4,2,6"
9038,Base Model,
9039,Base Model,"2,5,1,3,4,6"
9040,Base Model,"4,2,6,3,5,1"
9041,Base Model,"1,6,6"
9042,Base Model,"1,2,3,4,5,6"
9043,Base Model,
9044,Base Model,"3,2,5,6,1,4"
9045,Base Model,
9046,Base Model,"3,2,5,6,1,4"
9047,Base Model,
9048,Base Model,"4,2,6,3,5,1"
9049,Base Model,"1,6,3,4,5,2"
9050,Base Model,
9051,Base Model,
9052,Base Model,"1,4,2,6,3,5"
9053,Base Model,"5,3,2,6,4"
9054,Base Model,"3,4,1,5,6,2"
9055,Base Model,"3,2,4,6,5,1"
9056,Base Model,"4,2,6,5,1,3"
9057,Base Model,"1,4,2,5,1,3"
9058,Base Model,
9059,Base Model,
9060,Base Model,"3,6,5,2,4,1"
9061,Base Model,"1,6,6"
9062,Base Model,"4,3,6,2,5,1"
9063,Base Model,"3,6,2,5,1,4"
9064,Base Model,"5,2,6,1,3,4"
9065,Base Model,"3,6,2,5,4,1"
9066,Base Model,"3,2,6,4,5,1"
9067,Base Model,"5,3,6,1,2,4"
9068,Base Model,"5,4,6,1,3"
9069,Base Model,"4,2,6,3,1,5"
9070,Base Model,"1,3,5,6,3,1"
9071,Base Model,"4,1,3,6,2,4"
9072,Base Model,1
9073,Base Model,"2,5,3,4,1,6"
9074,Base Model,"5,2,6,1,4,3"
9075,Base Model,"3,5,2,6,4,1"
9076,Base Model,"3,6,5,1,2,4"
9077,Base Model,"1,2,3,4,5,6"
9078,Base Model,"5,3,2,6,1,4"
9079,Base Model,
9080,Base Model,"1,5,3,2,6,4"
9081,Base Model,"2,5,4,3,1,6"
9082,Base Model,
9083,Base Model,
9084,Base Model,"2,5,1,4,6,3"
9085,Base Model,"3,2,6,5,4,1"
9086,Base Model,
9087,Base Model,"4,2,6,3,5,1"
9088,Base Model,
9089,Base Model,"1,2,4,5,6,3"
9090,Base Model,"3,2,6,5,1,4"
9091,Base Model,"3,5,2,6,4,1"
9092,Base Model,"4,3,2,6,1,5"
9093,Base Model,"1,4,3,2,5,6"
9094,Base Model,
9095,Base Model,
9096,Base Model,"4,2,6,3,5,1"
9097,Base Model,"6,4,1"
9098,Base Model,"5,2,1,6,4,3"
9099,Base Model,"2,4,1,3,5,6"
9100,Base Model,"1,4,2,5,3,6"
9101,Base Model,
9102,Base Model,"5,2,6,1,3,4"
9103,Base Model,
9104,Base Model,"1,6,1,6"
9105,Base Model,"3,6,2,5,4,1"
9106,Base Model,"4,1,3,5,2,6"
9107,Base Model,"3,5,2,6,3,1"
9108,Base Model,"3,1,5,4,2,6"
9109,Base Model,
9110,Base Model,"6,2,5,3,4,1"
9111,Base Model,"5,2,6,3,1,4"
9112,Base Model,"3,2,6,5,1,4"
9113,Base Model,"3,5,4,1,2,6"
9114,Base Model,"2,5,6,3,1,4"
9115,Base Model,"5,3,1,6,4,2"
9116,Base Model,"1,2,3,4,5,6"
9117,Base Model,"5,2,6,3,4,1"
9118,Base Model,"1,3,2,6,5,4"
9119,Base Model,"6,1,6,1,6,1"
9120,Base Model,"4,3,1,2,6,5"
9121,Base Model,"4,6,2,5,3,1"
9122,Base Model,"3,4,1,6,5,2"
9123,Base Model,"4,1,2,5,4,3"
9124,Base Model,"1,3,4,1,5,2"
9125,Base Model,"2,5,4,1,3,6"
9126,Base Model,"1,1,6,6,2,6"
9127,Base Model,"4,3,2,6,5,1"
9128,Base Model,"6,1,6,1"
9129,Base Model,
9130,Base Model,"2,6,3,5,4,1"
9131,Base Model,"2,5,4,3,6,1"
9132,Base Model,"1,2,5,6,3,6"
9133,Base Model,"3,2,6,5,4,1"
9134,Base Model,"4,3,5,2,6,1"
9135,Base Model,"6,1,6"
9136,Base Model,"4,2,6,1,5,3"
9137,Base Model,"1,6,6"
9138,Base Model,
9139,Base Model,"3,6,2,5,4,1"
9140,Base Model,"6,1,6"
9141,Base Model,
9142,Base Model,"2,5,3,6"
9143,Base Model,
9144,Base Model,"5,1,4,2,6,3"
9145,Base Model,"2,4,1,6,5,3"
9146,Base Model,"1,3,5,2,6,4"
9147,Base Model,"4,6,2,5,1,3"
9148,Base Model,
9149,Base Model,"3,1,4,6,5,2"
9150,Base Model,"5,2,6,3,4,1"
9151,Base Model,"2,4,6,1,3,5"
9152,Base Model,
9153,Base Model,"5,3,1,2,6,4"
9154,Base Model,"2,5,3,6,1,4"
9155,Base Model,
9156,Base Model,"5,2,6,3,1,4"
9157,Base Model,"4,3,2,1,6,5"
9158,Base Model,6
9159,Base Model,
9160,Base Model,"1,2,3,4,5,6"
9161,Base Model,"3,6,2,1,5,4"
9162,Base Model,"3,6,2,5,1,4"
9163,Base Model,
9164,Base Model,
9165,Base Model,"3,6,2,1,5,4"
9166,Base Model,"3,2,6,5,4,1"
9167,Base Model,
9168,Base Model,"3,5,2,6,1,4"
9169,Base Model,"4,2,3,6,5,1"
9170,Base Model,"6,2,5,3,1,6"
9171,Base Model,
9172,Base Model,
9173,Base Model,"1,6,6"
9174,Base Model,"3,5,1,4,2"
9175,Base Model,"1,2,4,5,3,6"
9176,Base Model,"2,4,3,5,2,6"
9177,Base Model,6
9178,Base Model,"1,2,5,3,6,4"
9179,Base Model,
9180,Base Model,"1,2,3,4,5"
9181,Base Model,"4,2,6,1,3,5"
9182,Base Model,"6,1,6,1,6,1"
9183,Base Model,"4,3,2,6,1,5"
9184,Base Model,"1,2,6"
9185,Base Model,"1,3,5,2,4,6"
9186,Base Model,"3,6,2,5,1,4"
9187,Base Model,"3,6,2,5,1,4"
9188,Base Model,"2,6,3,1,4,5"
9189,Base Model,"4,6,2,5,1,3"
9190,Base Model,"2,5,6,4,3,1"
9191,Base Model,"3,2,6,5,4,1"
9192,Base Model,"3,6,5,2,4,1"
9193,Base Model,"4,3,2,6,1,5"
9194,Base Model,
9195,Base Model,"4,2,6,5,1,3"
9196,Base Model,"5,3,6,2,4"
9197,Base Model,"2,6,4,5,3,1"
9198,Base Model,"2,4,6,3,2,1"
9199,Base Model,"4,2,6,3,5,1"
9200,Base Model,
9201,Base Model,"1,5,2,6,3,1"
9202,Base Model,"4,2,6,3,5,1"
9203,Base Model,"4,2,5,1,6,3"
9204,Base Model,"3,6,1,5,2,4"
9205,Base Model,
9206,Base Model,"1,2,3,4,5,6"
9207,Base Model,"2,4,1,3,6,5"
9208,Base Model,"3,1,6,5,4,2"
9209,Base Model,"5,3,2,6,4,1"
9210,Base Model,"4,2,6,3,1,5"
9211,Base Model,"1,3,5,3,2,6"
9212,Base Model,"5,2,3,6,1,4"
9213,Base Model,"1,4,2,5,3,6"
9214,Base Model,"3,6,2,5,1,4"
9215,Base Model,"6,6"
9216,Base Model,"1,2,3,4,5,6"
9217,Base Model,"4,3,5,2,6,1"
9218,Base Model,"2,5,3,6,4,2"
9219,Base Model,"6,4,2,5,1,3"
9220,Base Model,"1,3,2,6,5,4"
9221,Base Model,"3,2,6,5,4,1"
9222,Base Model,"3,5,2,4,6,1"
9223,Base Model,"4,2,5,1,6,3"
9224,Base Model,
9225,Base Model,"4,1,3,6,2,5"
9226,Base Model,
9227,Base Model,"3,2,5,4,6,1"
9228,Base Model,"2,5,3,6,1,4"
9229,Base Model,"4,2,3,6,1,5"
9230,Base Model,
9231,Base Model,"3,2,5,6,4,1"
9232,Base Model,
9233,Base Model,"1,2,3,4,5,6"
9234,Base Model,"1,6,6"
9235,Base Model,"4,2,6,3,5,1"
9236,Base Model,
9237,Base Model,"4,2,6,3,5,1"
9238,Base Model,"1,2,6"
9239,Base Model,
9240,Base Model,"4,2,5,1,3,6"
9241,Base Model,"3,6,2,5,4,1"
9242,Base Model,"2,5,1,6,3,4"
9243,Base Model,
9244,Base Model,"3,6,2,5,3,4"
9245,Base Model,
9246,Base Model,"4,2,6,3,1,5"
9247,Base Model,"3,6,2,4,1,5"
9248,Base Model,
9249,Base Model,"4,2,6,3,5,1"
9250,Base Model,"3,5,2,6,4,1"
9251,Base Model,"1,5,4,3,3,6"
9252,Base Model,"1,6"
9253,Base Model,"5,2,6,1,4,3"
9254,Base Model,"4,2,6,5,3,1"
9255,Base Model,"5,3,6,2,1,4"
9256,Base Model,"3,6,2,5,1,4"
9257,Base Model,"1,4,3,2,5,6"
9258,Base Model,"1,3,6,4,2,5"
9259,Base Model,"1,6,6"
9260,Base Model,"3,4,2,6,5,1"
9261,Base Model,"1,3,2,6,4,5"
9262,Base Model,"3,1,4,2,6,5"
9263,Base Model,"3,2,6,5,1,4"
9264,Base Model,"1,2,3,4,5,6"
9265,Base Model,
9266,Base Model,"3,1,5,2,6,4"
9267,Base Model,
9268,Base Model,"4,6,2,3,5,1"
9269,Base Model,
9270,Base Model,"1,2,4,5,3,6"
9271,Base Model,"1,3,4,2,5,6"
9272,Base Model,"1,2,3,4,5,6"
9273,Base Model,"4,6,2,3,1,5"
9274,Base Model,2
9275,Base Model,
9276,Base Model,"2,6,3,5,4,1"
9277,Base Model,"1,2,3,5,2,6"
9278,Base Model,"1,2,3,4,5,6"
9279,Base Model,"2,6,5,3,1,4"
9280,Base Model,
9281,Base Model,"4,2,6,1,5,3"
9282,Base Model,"1,6"
9283,Base Model,"1,4,5,3,2,1"
9284,Base Model,
9285,Base Model,
9286,Base Model,"5,1,3,6,2,4"
9287,Base Model,"4,3,6,5,2,1"
9288,Base Model,"4,2,5,6,1,3"
9289,Base Model,"5,3,2,6,1,4"
9290,Base Model,"5,2,6,3,1,4"
9291,Base Model,
9292,Base Model,
9293,Base Model,
9294,Base Model,"2,6,3,1,4,5"
9295,Base Model,"3,6,4,2,5,1"
9296,Base Model,
9297,Base Model,"5,4,3,1,6,2"
9298,Base Model,"2,6,5,3,1,4"
9299,Base Model,"1,4,2,3,6,5"
9300,Base Model,"2,6,3,1,4,5"
9301,Base Model,
9302,Base Model,"4,6,2,5,3,1"
9303,Base Model,"4,3,2,6,5,1"
9304,Base Model,"2,5,3,6,4,1"
9305,Base Model,"1,5,2,6,3,1"
9306,Base Model,
9307,Base Model,"6,6,6"
9308,Base Model,"2,6,1,4,5,3"
9309,Base Model,"1,6,6,6,2,5"
9310,Base Model,"3,4,6,2,6,5"
9311,Base Model,"1,2,4,3,5,6"
9312,Base Model,"1,6"
9313,Base Model,"4,2,6,3,5,1"
9314,Base Model,"2,5,4,3,6,1"
9315,Base Model,"2,6,3,1,5,4"
9316,Base Model,"3,6,2,4,5,1"
9317,Base Model,"1,5,3,4,2,6"
9318,Base Model,"3,1,6,2,5,4"
9319,Base Model,
9320,Base Model,"2,5,4,6,3,1"
9321,Base Model,"1,4,2,5,1,3"
9322,Base Model,
9323,Base Model,"4,2,6,1,3,5"
9324,Base Model,"3,2,6,5,1,4"
9325,Base Model,"3,1,6,4,2,5"
9326,Base Model,"4,2,6,1,3,5"
9327,Base Model,"5,2,6,3,6,1"
9328,Base Model,"1,4,3,2,6,5"
9329,Base Model,"5,3,1,6,2,4"
9330,Base Model,
9331,Base Model,"3,6,2,5,1,4"
9332,Base Model,
9333,Base Model,"2,4,6,1,3,5"
9334,Base Model,"1,4,3,2,6,5"
9335,Base Model,"3,1,6,2,4,5"
9336,Base Model,"1,3,5,2,4,6"
9337,Base Model,"6,1,5"
9338,Base Model,"2,4,6,5,1,3"
9339,Base Model,
9340,Base Model,"3,5,6,2,1,4"
9341,Base Model,"1,4,2,6,3,5"
9342,Base Model,"3,2,5,1,4,6"
9343,Base Model,"3,6,1,5,2,4"
9344,Base Model,"3,6,1,5,2,4"
9345,Base Model,"1,3,5,2,4,6"
9346,Base Model,"4,2,6,1,5,3"
9347,Base Model,"1,2,3,4,5,6"
9348,Base Model,"2,5,3,6,4,1"
9349,Base Model,
9350,Base Model,"3,6,2,5,1,4"
9351,Base Model,"1,5,3,2,6,4"
9352,Base Model,"4,2,6,1,5,3"
9353,Base Model,"1,3,2,4,5,6"
9354,Base Model,"2,5,3,6,4,1"
9355,Base Model,"4,2,5,6,1,3"
9356,Base Model,"5,2,6,3,1,4"
9357,Base Model,"5,3,1,4,2,6"
9358,Base Model,"3,6,2,5,1,4"
9359,Base Model,
9360,Base Model,"1,5,3,6,2,4"
9361,Base Model,
9362,Base Model,
9363,Base Model,"3,2,4,5,6,1"
9364,Base Model,"2,6,1,4,3,5"
9365,Base Model,"4,2,6,3,1,5"
9366,Base Model,"4,2,5,1,6,3"
9367,Base Model,"1,1,5,2,3,3"
9368,Base Model,"6,1,6"
9369,Base Model,"1,3,2,6,5,4"
9370,Base Model,"2,5,1,4,3,6"
9371,Base Model,"1,4,2,5,3,6"
9372,Base Model,"1,2,4,3,5,6"
9373,Base Model,"3,1,6,4,2,5"
9374,Base Model,"2,6,3,5,4,1"
9375,Base Model,"1,6,6"
9376,Base Model,"4,2,6,1,5,3"
9377,Base Model,1
9378,Base Model,"1,2,4,3,5,1"
9379,Base Model,
9380,Base Model,
9381,Base Model,"2,4,6,3,5,1"
9382,Base Model,
9383,Base Model,"3,6,2,1,5,4"
9384,Base Model,"6,1,6,1,5"
9385,Base Model,"3,1,6,2,4,5"
9386,Base Model,"4,2,6,3,1,5"
9387,Base Model,"4,2,6,5,1,3"
9388,Base Model,"1,3,6,2,5,4"
9389,Base Model,"4,2,6,3,1,5"
9390,Base Model,"1,4,3,2,6,5"
9391,Base Model,"6,6,6"
9392,Base Model,"1,6,1,6,1,6"
9393,Base Model,
9394,Base Model,"4,2,6,1,3,5"
9395,Base Model,"1,2,6,1,2,6"
9396,Base Model,"6,1,6"
9397,Base Model,"2,6,3,5,1"
9398,Base Model,"4,2,6,3,1,5"
9399,Base Model,"3,6,1,4,3,5"
9400,Base Model,"6,1,6,1,3,2"
9401,Base Model,"4,6,1,5,6,2"
9402,Base Model,"1,3,2,4,5,6"
9403,Base Model,
9404,Base Model,"1,2,3,4,5,6"
9405,Base Model,"2,3,6,4,5,1"
9406,Base Model,"6,1,6,1"
9407,Base Model,"1,3,5,4,2,6"
9408,Base Model,"4,3,6,2,5,1"
9409,Base Model,"3,5,2,6,1,4"
9410,Base Model,
9411,Base Model,"5,3,2,6,1,4"
9412,Base Model,6
9413,Base Model,"3,6,1,4,5,2"
9414,Base Model,"4,2,6,1,5,3"
9415,Base Model,"2,4,5,3,6,1"
9416,Base Model,
9417,Base Model,"3,6,2,5,1"
9418,Base Model,6
9419,Base Model,
9420,Base Model,6
9421,Base Model,
9422,Base Model,"2,4,3,6,5,2"
9423,Base Model,"3,1,6,2,5,4"
9424,Base Model,1
9425,Base Model,3
9426,Base Model,"3,4,2,6,5,1"
9427,Base Model,"4,2,6,3,1,5"
9428,Base Model,"4,2,5,1,6,3"
9429,Base Model,"1,2,4,5,3,6"
9430,Base Model,"3,2,6,1,5,4"
9431,Base Model,"2,3,1,6,4,3"
9432,Base Model,"1,4,2,6,3,5"
9433,Base Model,"4,3,6,5,2,1"
9434,Base Model,"1,2,2,4,3,3"
9435,Base Model,"3,5,1,2,6,4"
9436,Base Model,"2,6,5,3,4,1"
9437,Base Model,"2,4,5,3,1,6"
9438,Base Model,6
9439,Base Model,"1,6,6"
9440,Base Model,
9441,Base Model,"4,2,5,6,3,1"
9442,Base Model,"3,6,2,4,5,1"
9443,Base Model,"2,5,1,6,3,4"
9444,Base Model,"2,4,6,1,5,3"
9445,Base Model,
9446,Base Model,"1,2,3,4,5,6"
9447,Base Model,"2,4,6,5,3,1"
9448,Base Model,"6,1,1,6,2"
9449,Base Model,"1,6,4,2,5,3"
9450,Base Model,
9451,Base Model,
9452,Base Model,"3,4,2,1,6,5"
9453,Base Model,"2,5,3,6,1,4"
9454,Base Model,"1,6"
9455,Base Model,
9456,Base Model,"1,3,2,5,3,6"
9457,Base Model,"3,2,6,5,4,1"
9458,Base Model,"5,1,3,2,6,4"
9459,Base Model,"1,3,5,2,6,4"
9460,Base Model,"1,6,6"
9461,Base Model,"5,3,6,2,5,1"
9462,Base Model,"4,2,5,6,3,1"
9463,Base Model,
9464,Base Model,"1,4,2,5,3,6"
9465,Base Model,"3,5,1,4,6,2"
9466,Base Model,
9467,Base Model,"1,4,2,6,3,5"
9468,Base Model,"5,3,2,6,1,4"
9469,Base Model,"1,3,4,2,6,5"
9470,Base Model,"1,6"
9471,Base Model,"6,2,4,6,5,3"
9472,Base Model,
9473,Base Model,"3,4,6,5,2,1"
9474,Base Model,
9475,Base Model,"5,3,1,6,2,4"
9476,Base Model,"2,5,4,6,3,1"
9477,Base Model,"4,2,6,1,3,5"
9478,Base Model,"4,2,3,6,1,5"
9479,Base Model,"5,3,6,2,6,4"
9480,Base Model,"4,3,6,2,5,1"
9481,Base Model,
9482,Base Model,
9483,Base Model,
9484,Base Model,"4,2,3,6,1,5"
9485,Base Model,
9486,Base Model,1
9487,Base Model,"3,6,2,5,4,1"
9488,Base Model,"1,3,2,6,4,5"
9489,Base Model,"1,6,1,1,6,1"
9490,Base Model,"3,6,1,2,5,4"
9491,Base Model,
9492,Base Model,"5,3,2,6,4,1"
9493,Base Model,"1,2,3,4,5,6"
9494,Base Model,"3,5,2,6,4,1"
9495,Base Model,"3,6,2,5,1,4"
9496,Base Model,"3,5,2,6,4,1"
9497,Base Model,"3,2,6,1,5,4"
9498,Base Model,"3,1,6,2,5,4"
9499,Base Model,6
9500,Base Model,
9501,Base Model,"4,2,5,3,6,1"
9502,Base Model,"1,3,2,2,3,6"
9503,Base Model,"2,5,4,3,6,1"
9504,Base Model,"6,4,3,2,5,1"
9505,Base Model,"6,3,5,1,1"
9506,Base Model,
9507,Base Model,"4,3,6,2,5,1"
9508,Base Model,"4,2,6,3,1,5"
9509,Base Model,"1,4,6,5,3,2"
9510,Base Model,"4,2,6,1,3,5"
9511,Base Model,"2,4,1,3,6,5"
9512,Base Model,"3,6,2,5,4,1"
9513,Base Model,"4,2,6,3,5,1"
9514,Base Model,
9515,Base Model,"3,2,6,4,5,1"
9516,Base Model,
9517,Base Model,"2,6,3,4,5,1"
9518,Base Model,"4,2,3,1,6,5"
9519,Base Model,
9520,Base Model,"2,4,6,3,5,1"
9521,Base Model,4
9522,Base Model,"3,4,6,2,5,1"
9523,Base Model,"2,4,6,1,5,3"
9524,Base Model,"2,6,1,4,3,5"
9525,Base Model,
9526,Base Model,"3,6,1,2,5,4"
9527,Base Model,"4,3,5,2,6,1"
9528,Base Model,"3,6,2,5,1,4"
9529,Base Model,"2,6"
9530,Base Model,"4,6,2,3,1,5"
9531,Base Model,"6,2,3,1,5,4"
9532,Base Model,"3,6,2,5,1,4"
9533,Base Model,
9534,Base Model,"4,3,2,6,5,1"
9535,Base Model,"3,1,5,2,6,4"
9536,Base Model,"5,3,1,2,6,4"
9537,Base Model,"4,2,6,3,1,5"
9538,Base Model,"3,1,6,2,5,4"
9539,Base Model,"2,5,1,3,6,4"
9540,Base Model,
9541,Base Model,"3,5,1,6,2,4"
9542,Base Model,"2,4,6,1,3,5"
9543,Base Model,
9544,Base Model,"2,6,5,4,1,3"
9545,Base Model,"4,2,6,1,5,3"
9546,Base Model,"1,1,6,6,2"
9547,Base Model,"5,3,6,2,1,4"
9548,Base Model,"4,2,6,5,3,1"
9549,Base Model,"5,2,6,4,1,3"
9550,Base Model,"4,2,6,3,1,5"
9551,Base Model,"2,4,6,1,3,5"
9552,Base Model,
9553,Base Model,
9554,Base Model,
9555,Base Model,"4,3,6,2,5,1"
9556,Base Model,
9557,Base Model,"4,2,6,3,1,5"
9558,Base Model,"1,6,2,4,3,2"
9559,Base Model,"1,3,6,4,2,5"
9560,Base Model,"3,5,2,6,1,4"
9561,Base Model,"2,6,5,3,1,4"
9562,Base Model,"1,6"
9563,Base Model,"1,3,2,6,5,1"
9564,Base Model,"4,2,5,1,6,3"
9565,Base Model,"4,2,3,6,1,5"
9566,Base Model,"4,2,5,1,3,6"
9567,Base Model,"3,6,5,2,1,4"
9568,Base Model,"4,1,6,2,5,3"
9569,Base Model,"2,4,3,1,6,5"
9570,Base Model,"1,4,3,2,5,6"
9571,Base Model,
9572,Base Model,"4,2,3,1,5,6"
9573,Base Model,
9574,Base Model,"5,3,2,6,1,4"
9575,Base Model,"1,3,6,2,5,4"
9576,Base Model,
9577,Base Model,"4,2,6,3,1,5"
9578,Base Model,"2,4,1,5,6,3"
9579,Base Model,"2,5,6,3,4,1"
9580,Base Model,"4,3,6,2,5,1"
9581,Base Model,"2,6,1,3,4,5"
9582,Base Model,"5,3,2,6,1,4"
9583,Base Model,"4,2,3,6,1,5"
9584,Base Model,"1,4,2,5,3,6"
9585,Base Model,"3,2,6,5,4,1"
9586,Base Model,
9587,Base Model,"4,2,6,3,1,5"
9588,Base Model,"4,5,2,3,1,6"
9589,Base Model,
9590,Base Model,"4,2,6,3,1,5"
9591,Base Model,"5,3,2,4"
9592,Base Model,"5,2,6,3,1,4"
9593,Base Model,"4,3,2,5,1,6"
9594,Base Model,"2,6,3,1,5,4"
9595,Base Model,
9596,Base Model,
9597,Base Model,
9598,Base Model,"4,2,5,1,6,3"
9599,Base Model,"2,4,5,2,6,3"
9600,Base Model,"5,2,3,6,4,1"
9601,Base Model,
9602,Base Model,"4,1,6,3,5,2"
9603,Base Model,"4,2,6,3,5,1"
9604,Base Model,
9605,Base Model,"6,1,6"
9606,Base Model,"3,4,2,5,1,6"
9607,Base Model,"2,5,3,6,4,1"
9608,Base Model,"1,4,2,5,3,6"
9609,Base Model,"1,2,5,3,4,6"
9610,Base Model,"1,4,5,2,6,3"
9611,Base Model,"2,4,5,3,1,6"
9612,Base Model,"2,5,3,6,1,4"
9613,Base Model,"1,6,2,5,6,1"
9614,Base Model,
9615,Base Model,
9616,Base Model,"2,6,3,1,5,4"
9617,Base Model,"1,5,2,6,3,1"
9618,Base Model,"4,2,3,6,1,5"
9619,Base Model,
9620,Base Model,
9621,Base Model,
9622,Base Model,"6,1,6"
9623,Base Model,"4,2,5,3,6,1"
9624,Base Model,"3,6,2,4,5,1"
9625,Base Model,"4,2,5,1,6,3"
9626,Base Model,"1,5,2,4,5,6"
9627,Base Model,"1,6,5"
9628,Base Model,"4,2,6,3,5,1"
9629,Base Model,
9630,Base Model,"4,1,6,3,2,5"
9631,Base Model,
9632,Base Model,"3,1,6,4,2,5"
9633,Base Model,"2,4,1,5,3,6"
9634,Base Model,
9635,Base Model,
9636,Base Model,
9637,Base Model,"3,6,4,1,2,5"
9638,Base Model,"2,4,6,1,3,5"
9639,Base Model,"1,4,6,2,5,3"
9640,Base Model,"6,1,1,6,1,1"
9641,Base Model,"4,2,6,1,5,3"
9642,Base Model,"4,2,6,1,5,3"
9643,Base Model,"1,4,2,5,3,1"
9644,Base Model,
9645,Base Model,"1,5,2,4,3,3"
9646,Base Model,"3,5,2,6,4,1"
9647,Base Model,"1,5,2,3,3,6"
9648,Base Model,"3,6,5,2,1,4"
9649,Base Model,"3,6,2,5,4,1"
9650,Base Model,
9651,Base Model,"1,3,2,6,5,4"
9652,Base Model,"1,6,3,1,2,6"
9653,Base Model,"2,5,3,6,1,4"
9654,Base Model,"3,2,6,5,4,1"
9655,Base Model,6
9656,Base Model,"1,3,4,2,5,1"
9657,Base Model,"4,2,3,1,6,5"
9658,Base Model,"3,4,1,6,5,2"
9659,Base Model,
9660,Base Model,
9661,Base Model,"6,1,6"
9662,Base Model,"1,2,5,6,3,4"
9663,Base Model,"4,2,6,5,3,1"
9664,Base Model,"4,1,3,2,6,5"
9665,Base Model,"2,3,5,1,6,4"
9666,Base Model,"1,6,6"
9667,Base Model,6
9668,Base Model,
9669,Base Model,
9670,Base Model,"4,2,6,1,3,5"
9671,Base Model,"4,3,6,2,1,5"
9672,Base Model,"2,4,1,5,3,6"
9673,Base Model,
9674,Base Model,
9675,Base Model,"2,6,3,1,5,4"
9676,Base Model,
9677,Base Model,"4,2,6,1,5,3"
9678,Base Model,"3,6,2,5,4,1"
9679,Base Model,
9680,Base Model,
9681,Base Model,
9682,Base Model,"4,6,2,3,5,1"
9683,Base Model,
9684,Base Model,
9685,Base Model,"4,2,5,1,3,6"
9686,Base Model,1
9687,Base Model,"1,2,4,5,3,6"
9688,Base Model,"5,4,3,2,6,1"
9689,Base Model,"3,6,2,5,4,1"
9690,Base Model,"1,2,3,4,5,6"
9691,Base Model,"3,6,1,2,5,4"
9692,Base Model,
9693,Base Model,"5,3,6,2,1,4"
9694,Base Model,1
9695,Base Model,"1,6,6"
9696,Base Model,"5,3"
9697,Base Model,"4,2,6,3,1,5"
9698,Base Model,"3,5,2,6,1,4"
9699,Base Model,"4,2,5,6,3,1"
9700,Base Model,"1,5,2,3,6,4"
9701,Base Model,"4,2,6,5,3,1"
9702,Base Model,"3,6,2,5,4,1"
9703,Base Model,"1,2,3,4,5,6"
9704,Base Model,"3,1,6,2,5,4"
9705,Base Model,"2,5,3,6,4,1"
9706,Base Model,"5,2,3,6,1,4"
9707,Base Model,"3,6,2,5,1,4"
9708,Base Model,"5,3,6,2,4,1"
9709,Base Model,"3,5,4,6,2,1"
9710,Base Model,"3,6,5,2,1,4"
9711,Base Model,
9712,Base Model,"4,2,6,3,1,5"
9713,Base Model,"2,6,3,1,5,4"
9714,Base Model,"4,4"
9715,Base Model,"3,4,5,1,6,2"
9716,Base Model,"4,3,2,6,5,1"
9717,Base Model,"1,3,5,2,4,6"
9718,Base Model,"2,6,4,3,5,1"
9719,Base Model,"6,1,6"
9720,Base Model,"6,6"
9721,Base Model,
9722,Base Model,"1,2,3,4,5,6"
9723,Base Model,
9724,Base Model,"3,6,2,5,1,4"
9725,Base Model,"1,6,2,3,2,4"
9726,Base Model,"4,2,6,5,3,1"
9727,Base Model,
9728,Base Model,"2,4,3,6,5,1"
9729,Base Model,
9730,Base Model,"3,6,5,2,6,4"
9731,Base Model,"3,1,5,6,4"
9732,Base Model,
9733,Base Model,"1,4,2,3,4,6"
9734,Base Model,"4,2,6,1,5,3"
9735,Base Model,"1,2,3,4,5,6"
9736,Base Model,"1,4,2,3,6,5"
9737,Base Model,"3,1,6,5,2,4"
9738,Base Model,"2,6,1,5,3,4"
9739,Base Model,"3,4,2,5,6,1"
9740,Base Model,"2,5,4,6,3,1"
9741,Base Model,"2,5,6,1,4,3"
9742,Base Model,"3,2,5,1,4,6"
9743,Base Model,"6,1,6"
9744,Base Model,"2,5,1,4,3,6"
9745,Base Model,"4,2,6,3,1,5"
9746,Base Model,"1,2,3,4,5,6"
9747,Base Model,"2,4,3,6,1,5"
9748,Base Model,"6,6,1,6"
9749,Base Model,"1,3,5,2,6,4"
9750,Base Model,"1,2,5,6,3,4"
9751,Base Model,
9752,Base Model,
9753,Base Model,"1,2,3,4,5,6"
9754,Base Model,"5,3,6,2,4,1"
9755,Base Model,"2,5,3,6,1,4"
9756,Base Model,"1,4"
9757,Base Model,"4,2,6,5,1,3"
9758,Base Model,"1,4,3,2,6,5"
9759,Base Model,
9760,Base Model,"2,5,6,3,1,4"
9761,Base Model,"3,6,1,5,2,4"
9762,Base Model,"3,6,2,5,1,4"
9763,Base Model,"1,6,1,6,1,6"
9764,Base Model,"1,6,2,5,3,6"
9765,Base Model,"3,1,5,2,6,4"
9766,Base Model,"3,6,5,4,2,1"
9767,Base Model,"4,6,2,5,1,3"
9768,Base Model,"4,2,6,1,3,5"
9769,Base Model,"5,3,1,6,2,4"
9770,Base Model,"3,4,2,6,1,5"
9771,Base Model,
9772,Base Model,
9773,Base Model,
9774,Base Model,"4,2,6,3,5,1"
9775,Base Model,
9776,Base Model,
9777,Base Model,"4,2,6,5,3,1"
9778,Base Model,"2,4,5,6,3,1"
9779,Base Model,
9780,Base Model,
9781,Base Model,
9782,Base Model,"2,6,3,1,5,4"
9783,Base Model,
9784,Base Model,"4,3,6,2,5,1"
9785,Base Model,"3,1,6,5,4,2"
9786,Base Model,
9787,Base Model,
9788,Base Model,"5,2,6,1,3,4"
9789,Base Model,"4,5"
9790,Base Model,"3,4,5,2,6,1"
9791,Base Model,"5,1,2,3,5,1"
9792,Base Model,"4,2,6,5,3,1"
9793,Base Model,"5,3,2,6,1,4"
9794,Base Model,"4,2,6,1,3,5"
9795,Base Model,
9796,Base Model,
9797,Base Model,
9798,Base Model,"4,2,5,6,3,1"
9799,Base Model,"4,2,3,6,1,5"
9800,Base Model,"3,6,4,2,5,1"
9801,Base Model,"5,4,6,2,6,3"
9802,Base Model,
9803,Base Model,"3,2,6,4,5,1"
9804,Base Model,6
9805,Base Model,"5,3,1,6,4,2"
9806,Base Model,"6,6,1,6"
9807,Base Model,
9808,Base Model,
9809,Base Model,"5,2,6,1,3,4"
9810,Base Model,"5,2,4,1,3,6"
9811,Base Model,"1,2,3,4,5,6"
9812,Base Model,"3,6,2,5,1,4"
9813,Base Model,
9814,Base Model,"6,1,6,6,6,3"
9815,Base Model,
9816,Base Model,
9817,Base Model,"3,1,5,2,6,4"
9818,Base Model,"5,2,1,4,6,3"
9819,Base Model,"2,5,1,6,3,4"
9820,Base Model,"2,6,5,3,1,4"
9821,Base Model,
9822,Base Model,"2,4,6,1,5,3"
9823,Base Model,"5,3,2,6,1,4"
9824,Base Model,"4,3,1,5,2,6"
9825,Base Model,"2,5,1,6,3,4"
9826,Base Model,"1,3,2,6,5,4"
9827,Base Model,"3,1,5,2,4,6"
9828,Base Model,"3,6,2,5,1,4"
9829,Base Model,"1,6,6"
9830,Base Model,1
9831,Base Model,"2,6,3,1,5,4"
9832,Base Model,"1,2,3,4,5"
9833,Base Model,
9834,Base Model,"2,5,3,6,1,4"
9835,Base Model,"1,6,6"
9836,Base Model,
9837,Base Model,"3,6,1,5,2,4"
9838,Base Model,"1,6,1,6,2"
9839,Base Model,"3,1,2,4,5,3"
9840,Base Model,"2,6,3,4,1,5"
9841,Base Model,"5,2,6,1,3,4"
9842,Base Model,"3,5,6,2,4,1"
9843,Base Model,"1,4,2,3,3,1"
9844,Base Model,"4,2,6,5,3,1"
9845,Base Model,"1,2,4,5,3,6"
9846,Base Model,"3,6,2,5,1,4"
9847,Base Model,"1,3,2,6,3,4"
9848,Base Model,"4,2,6,3,5,1"
9849,Base Model,"3,5,2,6,4,1"
9850,Base Model,"5,3,6,2,4,5"
9851,Base Model,"1,3,6,2,5,4"
9852,Base Model,"5,3,1,2,4,6"
9853,Base Model,
9854,Base Model,"1,6,1,6,1,6"
9855,Base Model,"4,2,6,5,1,3"
9856,Base Model,"5,2,4,6,3,1"
9857,Base Model,"3,6,2,5,4,1"
9858,Base Model,"1,2,4,1,5,3"
9859,Base Model,"1,6,1,6,1,6"
9860,Base Model,
9861,Base Model,"4,3,6,2,5,1"
9862,Base Model,"3,6,2,5,4,1"
9863,Base Model,"3,5,2,6,4,1"
9864,Base Model,"5,2,4,6,1,3"
9865,Base Model,"3,2,6,1,4,5"
9866,Base Model,6
9867,Base Model,
9868,Base Model,
9869,Base Model,"6,5,2,6,3,4"
9870,Base Model,"1,2,3,4,5,6"
9871,Base Model,"3,6,1,5,4,2"
9872,Base Model,"4,3,6,1,2,5"
9873,Base Model,
9874,Base Model,"5,3,2,6,4,1"
9875,Base Model,
9876,Base Model,"1,4,6,3,5,2"
9877,Base Model,"6,1,6,1,3,2"
9878,Base Model,"2,5,4,1,3,6"
9879,Base Model,"2,6,1,4,5,3"
9880,Base Model,"1,3,2,2,3,6"
9881,Base Model,"4,2,6,1,5,3"
9882,Base Model,
9883,Base Model,"1,6,6"
9884,Base Model,"2,4,6,1,5,3"
9885,Base Model,
9886,Base Model,"2,6,5,1,3,4"
9887,Base Model,"5,2,6,3,1,4"
9888,Base Model,"2,4,3,6,2,5"
9889,Base Model,"4,2,6,3,5,1"
9890,Base Model,
9891,Base Model,"3,2,4,5,6,1"
9892,Base Model,"2,4,1,5,3,6"
9893,Base Model,
9894,Base Model,"1,6,4,2,5,1"
9895,Base Model,"3,6,2,5,1,4"
9896,Base Model,"2,6,4,1,3,5"
9897,Base Model,"3,6,2,5,1,4"
9898,Base Model,"1,2,6,3,5,2"
9899,Base Model,
9900,Base Model,"3,6,2,5,4,1"
9901,Base Model,6
9902,Base Model,
9903,Base Model,"3,4,2,6,1,5"
9904,Base Model,"1,2,5,6,2,4"
9905,Base Model,
9906,Base Model,"4,2,5,6,3,1"
9907,Base Model,
9908,Base Model,"2,5,1,3,6,4"
9909,Base Model,"4,2,6,5,3,1"
9910,Base Model,"2,5,4,2,6,3"
9911,Base Model,"4,2,5,3,6,1"
9912,Base Model,"2,4,5,3,6,1"
9913,Base Model,"3,2,6,5,1,4"
9914,Base Model,"4,2,6,3,1,5"
9915,Base Model,"4,2,6,3,1,5"
9916,Base Model,"4,2,5,3,6,1"
9917,Base Model,
9918,Base Model,"4,2,6,1,5,3"
9919,Base Model,"1,2,4,3,5,6"
9920,Base Model,"4,6,2,5,3,1"
9921,Base Model,"3,6,2,5,1,4"
9922,Base Model,"5,2,4,6,1,3"
9923,Base Model,"4,2,6,3,1,5"
9924,Base Model,"4,3,5,2,6,1"
9925,Base Model,"4,2,6,3,1,5"
9926,Base Model,"1,6,1,6"
9927,Base Model,"1,2,3,4,5,6"
9928,Base Model,"2,5,3,6,1,4"
9929,Base Model,"2,5,3,6,4,1"
9930,Base Model,"2,5,3,6,1,4"
9931,Base Model,"5,2,4,6,3,1"
9932,Base Model,"1,6,6"
9933,Base Model,"6,6"
9934,Base Model,"3,6,2,5,4,1"
9935,Base Model,
9936,Base Model,"1,4,5,3,6,2"
9937,Base Model,"3,2,4,6,1,5"
9938,Base Model,"4,2,6,5,1,3"
9939,Base Model,"1,2,6,3,5,4"
9940,Base Model,"1,2,5,3,6,4"
9941,Base Model,"3,6,2,5,1,4"
9942,Base Model,"6,6"
9943,Base Model,
9944,Base Model,"4,2,6,3,5,1"
9945,Base Model,
9946,Base Model,"1,4,3,2,6,5"
9947,Base Model,"5,2,6,4,3,1"
9948,Base Model,"5,2,6,3,1,4"
9949,Base Model,"5,2,6,1,3,4"
9950,Base Model,"5,2,6,4,3,1"
9951,Base Model,"4,2,6,1,3,5"
9952,Base Model,"1,4,2,6,5,3"
9953,Base Model,"2,4,6,5,3,2"
9954,Base Model,"2,4,5,3,5,2"
9955,Base Model,"5,3,6,2,4,1"
9956,Base Model,
9957,Base Model,
9958,Base Model,
9959,Base Model,"3,5,1,2,4,6"
9960,Base Model,"1,2,3,4,5,6"
9961,Base Model,
9962,Base Model,"2,6,4,3,5,1"
9963,Base Model,
9964,Base Model,
9965,Base Model,"2,6,5,3,1,4"
9966,Base Model,"1,4,2,6,5,3"
9967,Base Model,"5,2,4,1,6,3"
9968,Base Model,1
9969,Base Model,
9970,Base Model,"1,6,6"
9971,Base Model,
9972,Base Model,
9973,Base Model,
9974,Base Model,"3,6,4,5,2,1"
9975,Base Model,"4,2,5,1,6,3"
9976,Base Model,"4,1,3,6,2,5"
9977,Base Model,"3,5,4,6,2,3"
9978,Base Model,"4,3,6,2,1,5"
9979,Base Model,"3,4,6,5,3,2"
9980,Base Model,"1,5,3,6,2,4"
9981,Base Model,6
9982,Base Model,"1,3,5,2,4,1"
9983,Base Model,"3,2,5,1,4,6"
9984,Base Model,"2,5,4,6,1,3"
9985,Base Model,"6,1,5,3,2,6"
9986,Base Model,"4,2,6,3,5,1"
9987,Base Model,"4,2,3,6,1,5"
9988,Base Model,"2,3,6,4,2,5"
9989,Base Model,"4,6,2,5,3,1"
9990,Base Model,"1,2,3,4,5,6"
9991,Base Model,"4,2,6,3,5,1"
9992,Base Model,"2,4,6,3,1,5"
9993,Base Model,
9994,Base Model,"3,6,2,1,5,4"
9995,Base Model,
9996,Base Model,"3,1,5,2,6,4"
9997,Base Model,"1,2,6,4,3,5"
9998,Base Model,"4,2,5,6,3,1"
9999,Base Model,"4,2,3,6,1,5"
10000,Base Model,"4,2,6,3,5,1"
10001,Base Model,"3,5,2,6,1,4"
10002,Base Model,"4,3,2,6,1,5"
10003,Base Model,
10004,Base Model,"4,2,6,3,5,1"
10005,Base Model,"2,5,4,6,1,3"
10006,Base Model,"2,5,3,6,1,4"
10007,Base Model,"1,5,3,6,2,4"
10008,Base Model,"4,2,6,3,1,5"
10009,Base Model,"4,2,6,3,5,1"
10010,Base Model,"5,2,6,3,4,1"
10011,Base Model,"4,2,3,6,5,1"
10012,Base Model,"3,2,5,1,6,4"
10013,Base Model,"4,2,6,5,1,3"
10014,Base Model,"1,1,2,2,3,3"
10015,Base Model,
10016,Base Model,"6,1,6"
10017,Base Model,"4,3,2,5,6,1"
10018,Base Model,"1,2,3,4"
10019,Base Model,"5,2,6,3,1,4"
10020,Base Model,"1,6,1,6,1,6"
10021,Base Model,"3,2,6,1,5,4"
10022,Base Model,"4,2,6,3,5,1"
10023,Base Model,"4,1,5,3,2,6"
10024,Base Model,"4,2,6,1,3,5"
10025,Base Model,
10026,Base Model,"1,2,3,4,5,6"
10027,Base Model,"4,2,6,5,1,3"
10028,Base Model,
10029,Base Model,"2,6,4,3,5,1"
10030,Base Model,"3,6,2,5,4,1"
10031,Base Model,"3,4,2,6,5,1"
10032,Base Model,"4,2,5,1,3,6"
10033,Base Model,"4,2,5,6,3,1"
10034,Base Model,"5,2,4,1,6,3"
10035,Base Model,"4,6,3,2,5,1"
10036,Base Model,"2,5,6,1,3,4"
10037,Base Model,"1,3,2,4,6"
10038,Base Model,
10039,Base Model,"2,3,4,2,5,1"
10040,Base Model,"1,3,2,5,6,4"
10041,Base Model,"1,6,5,4,2"
10042,Base Model,"3,4,6,2,5,1"
10043,Base Model,"6,1,1,4,2,5"
10044,Base Model,"3,2,5,1,4,6"
10045,Base Model,
10046,Base Model,"5,2,4,6,1,3"
10047,Base Model,"3,6,2,1,5,4"
10048,Base Model,"6,1,6"
10049,Base Model,"1,5,3,2,4,6"
10050,Base Model,
10051,Base Model,
10052,Base Model,"6,4,2,3,5,1"
10053,Base Model,"6,1,6"
10054,Base Model,"1,3,4,2,3,5"
10055,Base Model,"4,2,5,6,3,1"
10056,Base Model,"1,2,4,5,2,3"
10057,Base Model,
10058,Base Model,"3,6,2,5,4,1"
10059,Base Model,"3,6,2,5,4,1"
10060,Base Model,
10061,Base Model,"2,4,6,1,3,5"
10062,Base Model,"1,4,6,2,5,3"
10063,Base Model,
10064,Base Model,"3,1,6,2,5,4"
10065,Base Model,
10066,Base Model,
10067,Base Model,
10068,Base Model,"2,5,3,4,5,6"
10069,Base Model,"5,2,3,1,4,6"
10070,Base Model,"4,2,6,3,1,5"
10071,Base Model,"2,4,3,5,6,3"
10072,Base Model,"4,2,6,3,5,1"
10073,Base Model,6
10074,Base Model,"4,2,5,3,1,6"
10075,Base Model,"2,4,6,3,5"
10076,Base Model,"5,3,2,6,4,1"
10077,Base Model,"3,2,5,1,6,4"
10078,Base Model,"3,6,1,4,2,5"
10079,Base Model,"4,2,6,3,1,5"
10080,Base Model,"2,6,1,4,3,5"
10081,Base Model,"5,2,6,1,4,3"
10082,Base Model,
10083,Base Model,"4,2,6,5,3,1"
10084,Base Model,"3,2,4,6,5,1"
10085,Base Model,"4,2,6,5,3,1"
10086,Base Model,
10087,Base Model,
10088,Base Model,"1,6,6"
10089,Base Model,"1,3,6,2,4,3"
10090,Base Model,"1,3,5,2,6,4"
10091,Base Model,
10092,Base Model,"4,3,6,2,5,1"
10093,Base Model,"3,2,6,4,1,5"
10094,Base Model,"4,6,2,5,1,3"
10095,Base Model,"4,2,6,3,5,1"
10096,Base Model,"2,5,3,6,4,1"
10097,Base Model,"3,2,5,1,4,6"
10098,Base Model,"5,2,6,1,3,4"
10099,Base Model,"1,2,4,6,5,3"
10100,Base Model,"4,2,6,5,3,1"
10101,Base Model,"4,2,6,5,3,1"
10102,Base Model,"1,5,2,6,3,6"
10103,Base Model,"3,6,2,5,1,4"
10104,Base Model,"5,3,1,2,6,4"
10105,Base Model,"2,1,2,3,4,5"
10106,Base Model,"1,2,3,4,5,6"
10107,Base Model,"5,2,4,3,1,6"
10108,Base Model,
10109,Base Model,"3,1,4,6,5,2"
10110,Base Model,"4,3,5,6,2,1"
10111,Base Model,"1,3,2,6,1,5"
10112,Base Model,"3,6,1,2,5,4"
10113,Base Model,"4,3,6,2,5,1"
10114,Base Model,"4,1,6,3,5,2"
10115,Base Model,"1,4,3,5,2"
10116,Base Model,"1,6,3,5,2,4"
10117,Base Model,"1,3,5,4,2,6"
10118,Base Model,"5,2,6,3,1,4"
10119,Base Model,"3,2,6,5,1,4"
10120,Base Model,
10121,Base Model,"4,2,6,1,3,5"
10122,Base Model,"4,3,6,2,5,1"
10123,Base Model,"1,3,5,2,4,6"
10124,Base Model,
10125,Base Model,
10126,Base Model,"1,4,2,6,3,5"
10127,Base Model,"5,2,6,1,3,4"
10128,Base Model,"2,5,3,6,1,4"
10129,Base Model,"6,6"
10130,Base Model,
10131,Base Model,"3,1,6,4,5,2"
10132,Base Model,"5,3,2,1,6,4"
10133,Base Model,"5,2,6,3,1,4"
10134,Base Model,"4,1,3,6,5,2"
10135,Base Model,"3,6,5,4,2,1"
10136,Base Model,"4,2,6,3,5,1"
10137,Base Model,"5,3,2,6,1,4"
10138,Base Model,
10139,Base Model,
10140,Base Model,"5,3,2,6,4,1"
10141,Base Model,"4,2,6,5,1,3"
10142,Base Model,"3,5,2,6,1,4"
10143,Base Model,"5,4,3,2,5,1"
10144,Base Model,"2,4,6,1,3,5"
10145,Base Model,
10146,Base Model,"1,3,5,2,6,4"
10147,Base Model,"2,5,1,4,6,3"
10148,Base Model,
10149,Base Model,1
10150,Base Model,"1,6,6,6,3,2"
10151,Base Model,"1,5,2,4,3,3"
10152,Base Model,"1,2,5,6,3,4"
10153,Base Model,
10154,Base Model,"1,6,6"
10155,Base Model,"4,2,6,5,1,3"
10156,Base Model,"2,4,1,5,6,3"
10157,Base Model,"3,6,2,1,5,4"
10158,Base Model,
10159,Base Model,
10160,Base Model,"2,5,1,3,4,6"
10161,Base Model,"1,4,2,6,3,5"
10162,Base Model,
10163,Base Model,
10164,Base Model,"2,5,3,4,1,6"
10165,Base Model,"3,2,6,5,1,4"
10166,Base Model,6
10167,Base Model,"4,6,1,5,3,2"
10168,Base Model,"3,6,2,4,5,1"
10169,Base Model,"2,5,3,6,2,4"
10170,Base Model,
10171,Base Model,"2,5,4,6,3,1"
10172,Base Model,"3,4,5,2,6"
10173,Base Model,"2,4,6,1,5,3"
10174,Base Model,"3,6,1,5,4,2"
10175,Base Model,"2,3,6,1,5,4"
10176,Base Model,"1,6"
10177,Base Model,"1,3,2,2,3,6"
10178,Base Model,"4,2,6,3,5,1"
10179,Base Model,"1,5,2,6,3,4"
10180,Base Model,"1,2,3,4,5,6"
10181,Base Model,
10182,Base Model,
10183,Base Model,"4,2,5,1,6,3"
10184,Base Model,"2,4,3,6,2,5"
10185,Base Model,2
10186,Base Model,"2,5,6,3,1,4"
10187,Base Model,
10188,Base Model,"3,1,5,4,2,6"
10189,Base Model,"5,3,6,1,2,4"
10190,Base Model,"4,2,3,6,1,5"
10191,Base Model,6
10192,Base Model,"1,4,2,2,3,5"
10193,Base Model,"1,2,3,4,5,6"
10194,Base Model,"1,6,6"
10195,Base Model,"2,5,3,1,6,4"
10196,Base Model,"2,3,5,1,6"
10197,Base Model,"2,5,6,3,2,4"
10198,Base Model,"1,5,2,6,3,4"
10199,Base Model,"3,5,2,6,4,1"
10200,Base Model,"1,2,5,3,6,4"
10201,Base Model,"1,6"
10202,Base Model,"5,3,6,2,4,1"
10203,Base Model,"4,2,6,1,5,3"
10204,Base Model,"4,2,6,5,3,1"
10205,Base Model,"3,5,4,2,6,1"
10206,Base Model,"4,1,3,2,6,5"
10207,Base Model,"4,2,6,1,5,3"
10208,Base Model,1
10209,Base Model,"3,4,1,6,5,2"
10210,Base Model,"2,4,6,3,5,1"
10211,Base Model,"4,2,6,3,5,1"
10212,Base Model,"3,6,2,1,5,4"
10213,Base Model,
10214,Base Model,"4,6,3,5,2,1"
10215,Base Model,"4,6,2,5,1"
10216,Base Model,"4,2,6,3,5,1"
10217,Base Model,"3,2,6,4,5,1"
10218,Base Model,"3,6,2,5,4,1"
10219,Base Model,"1,6,6"
10220,Base Model,"4,1,6,2,5,3"
10221,Base Model,"2,5,1,3,4,6"
10222,Base Model,"3,2,5,1,4,6"
10223,Base Model,
10224,Base Model,"2,5,4,6,1,3"
10225,Base Model,
10226,Base Model,"3,6,2,4,5,1"
10227,Base Model,"1,3,4,6,2,2"
10228,Base Model,"4,6,3,2,5,1"
10229,Base Model,
10230,Base Model,"1,6,2,5,3,4"
10231,Base Model,"5,3,2,6,1,4"
10232,Base Model,"3,1,6,2,5,4"
10233,Base Model,"5,2,6,3,4,1"
10234,Base Model,
10235,Base Model,"4,1,3,5,2,6"
10236,Base Model,"2,5,4,1,3,6"
10237,Base Model,"4,2,3,6,5,1"
10238,Base Model,
10239,Base Model,"3,6,4,2,5,1"
10240,Base Model,"2,5,6,1,4,3"
10241,Base Model,"3,6,2,1,5,4"
10242,Base Model,"4,3,2,6,1,5"
10243,Base Model,"2,6,1,5"
10244,Base Model,"1,5,2,3,4,6"
10245,Base Model,
10246,Base Model,"2,5,3,6,2,4"
10247,Base Model,
10248,Base Model,"3,2,6,1,5,4"
10249,Base Model,"2,4,6,3,5,1"
10250,Base Model,"1,1,1,6"
10251,Base Model,"4,2,6,3,1,5"
10252,Base Model,
10253,Base Model,
10254,Base Model,
10255,Base Model,
10256,Base Model,1
10257,Base Model,
10258,Base Model,"1,6,6"
10259,Base Model,
10260,Base Model,"2,5,3,1,6,4"
10261,Base Model,"1,4,3,2,5,6"
10262,Base Model,"5,3,4,6,2"
10263,Base Model,
10264,Base Model,
10265,Base Model,"5,3,1,6,2,4"
10266,Base Model,"4,3,5,2,6,1"
10267,Base Model,"4,2,6,1,5,3"
10268,Base Model,"3,2,6,1,4,5"
10269,Base Model,"3,5,2,6,1,4"
10270,Base Model,"6,1,1"
10271,Base Model,"5,3,6,1,2,4"
10272,Base Model,
10273,Base Model,
10274,Base Model,"2,5,1,3,4,6"
10275,Base Model,"3,6,4,2,1,5"
10276,Base Model,"1,4,2,6,3,5"
10277,Base Model,
10278,Base Model,"2,5,1,3,6,4"
10279,Base Model,"4,2,6,1,5,3"
10280,Base Model,
10281,Base Model,"1,4,2,6,3,5"
10282,Base Model,
10283,Base Model,
10284,Base Model,"5,2,6,3,1,4"
10285,Base Model,"5,3,6,2"
10286,Base Model,
10287,Base Model,
10288,Base Model,"6,1,6"
10289,Base Model,"1,3,5,1,2,6"
10290,Base Model,"1,4,5,2,2,3"
10291,Base Model,"5,3,6,1,2,4"
10292,Base Model,"4,2,5,6,3,1"
10293,Base Model,"3,4,2,5,6,1"
10294,Base Model,"6,1,1,6,3,4"
10295,Base Model,"2,6,4,1,5,3"
10296,Base Model,"2,6,1,5,3,6"
10297,Base Model,"4,1,3,6,2,5"
10298,Base Model,"4,2,6,1,3,5"
10299,Base Model,"4,3,2,5,6"
10300,Base Model,"1,2,3"
10301,Base Model,"6,1,5,2,4,3"
10302,Base Model,"3,4,2,5,3,6"
10303,Base Model,"6,1,6"
10304,Base Model,"4,1,6,3,2,5"
10305,Base Model,
10306,Base Model,3
10307,Base Model,"4,2,6,5,3,1"
10308,Base Model,"5,3,2,6,4,1"
10309,Base Model,"1,3,5,4,2,6"
10310,Base Model,"2,3,4,5,1,6"
10311,Base Model,
10312,Base Model,"3,6,2,5,4,1"
10313,Base Model,"4,2,5,3,6,1"
10314,Base Model,"2,5,1,4,3,6"
10315,Base Model,
10316,Base Model,"5,2,3,1,4,6"
10317,Base Model,"3,6,2,1,5,4"
10318,Base Model,"3,6,1,2,4,5"
10319,Base Model,"1,3"
10320,Base Model,"1,3,5,2,6,4"
10321,Base Model,"5,3,1,6,3,2"
10322,Base Model,"4,2,5,6,1,3"
10323,Base Model,"5,3,2,6,4,1"
10324,Base Model,"1,2,3"
10325,Base Model,"1,3,6,2,5,4"
10326,Base Model,"2,5"
10327,Base Model,"6,1,6"
10328,Base Model,
10329,Base Model,"3,1,6,2,5,4"
10330,Base Model,"2,4,5,1,3"
10331,Base Model,"4,3,6,5,2,1"
10332,Base Model,"4,2,5,1,3,6"
10333,Base Model,"4,6,3,2,5,1"
10334,Base Model,"2,5,3,1,6,4"
10335,Base Model,
10336,Base Model,"2,5,4,6,3,1"
10337,Base Model,"4,1,2,5,3,6"
10338,Base Model,6
10339,Base Model,"1,6,1,6,1,6"
10340,Base Model,"4,6,2,5,1,3"
10341,Base Model,"3,6,2,5,1,4"
10342,Base Model,"1,4,3,5,2,6"
10343,Base Model,"2,5,3,6,1,4"
10344,Base Model,"1,4,2,5,3,6"
10345,Base Model,
10346,Base Model,"5,2,4,6,1,3"
10347,Base Model,
10348,Base Model,
10349,Base Model,
10350,Base Model,
10351,Base Model,"3,6,2,5,4,1"
10352,Base Model,"3,6,2,5,4,1"
10353,Base Model,"2,4,5,3,6,1"
10354,Base Model,"4,2,6,3,5,1"
10355,Base Model,
10356,Base Model,"5,2,4,6,3,1"
10357,Base Model,"3,1,6,4,5,2"
10358,Base Model,"3,5,1,6,2,4"
10359,Base Model,"5,3,2,1,6,4"
10360,Base Model,"3,1,2,6,5,4"
10361,Base Model,"4,3,6,2,5,1"
10362,Base Model,
10363,Base Model,"4,1,3,5,2,6"
10364,Base Model,
10365,Base Model,"3,6,2,5,4,1"
10366,Base Model,"2,5,6,1,3,2"
10367,Base Model,"3,5,2,6,4,1"
10368,Base Model,"1,6,2,5,3,4"
10369,Base Model,"4,3,6,2,5,1"
10370,Base Model,"2,6,1,4,5,3"
10371,Base Model,"4,3,6,2,5,1"
10372,Base Model,"1,2,3,4,5,6"
10373,Base Model,"3,2,6,5,1,4"
10374,Base Model,"4,2,6,5,3,1"
10375,Base Model,"3,6,2,5,1,4"
10376,Base Model,"2,5,3,6,1,4"
10377,Base Model,"1,3,2,6,5,4"
10378,Base Model,"3,2,6,5,4,1"
10379,Base Model,"5,1,3,6,2,4"
10380,Base Model,"3,6,1,4,5,2"
10381,Base Model,"3,2,5,1,4,6"
10382,Base Model,"4,2,6,1,5,3"
10383,Base Model,"3,4,2,5,1,6"
10384,Base Model,
10385,Base Model,"5,2,3,1,4,6"
10386,Base Model,"4,2,6,1,5,3"
10387,Base Model,"3,2,5,1,6,4"
10388,Base Model,"1,4,2,3,6,5"
10389,Base Model,"3,2,6,5,4,1"
10390,Base Model,"2,6"
10391,Base Model,"2,5,3,6,4,1"
10392,Base Model,
10393,Base Model,"3,6,2,5,4,1"
10394,Base Model,
10395,Base Model,"3,6,1,5,2,4"
10396,Base Model,"1,2,3,4,5,6"
10397,Base Model,"6,3,4,2,5,1"
10398,Base Model,
10399,Base Model,"3,6,2,5,1,4"
10400,Base Model,"1,5,2,6,4,3"
10401,Base Model,"4,2,6,5,3,1"
10402,Base Model,"5,1,3,4,2,6"
10403,Base Model,"3,6,2,5,4,1"
10404,Base Model,"3,5,2,6,1,4"
10405,Base Model,"1,6,6"
10406,Base Model,"6,1,6,5,1,6"
10407,Base Model,"2,5,6,1,3,4"
10408,Base Model,"4,3,2,6,1,5"
10409,Base Model,2
10410,Base Model,"3,5,1,6,4,2"
10411,Base Model,"2,4,1,3,6,5"
10412,Base Model,"1,6,2,3,4,5"
10413,Base Model,"2,3,6,1,5,4"
10414,Base Model,"1,6,6,3,6,1"
10415,Base Model,"3,5,2,6,1,4"
10416,Base Model,"3,5,1,2,4,6"
10417,Base Model,"3,1,6,4,5,2"
10418,Base Model,"4,2,6,3,5,1"
10419,Base Model,"2,4,1,6,3,5"
10420,Base Model,"2,5,6,3,4,1"
10421,Base Model,"2,5,1,4,3,6"
10422,Base Model,"1,2,6,3,4,5"
10423,Base Model,
10424,Base Model,"2,5,3,6,1,4"
10425,Base Model,
10426,Base Model,"5,3,2,4,6,1"
10427,Base Model,"1,4,2,5,3,6"
10428,Base Model,"3,1,6,2,5,4"
10429,Base Model,"5,1,6,3,2,4"
10430,Base Model,"1,6,3,1,6,5"
10431,Base Model,
10432,Base Model,"3,5,2,6,4,1"
10433,Base Model,"3,6,5,2,4,1"
10434,Base Model,"1,3,5,2,4,6"
10435,Base Model,"1,4,3,6,2,5"
10436,Base Model,"6,1,6"
10437,Base Model,"4,2,6,5,1,3"
10438,Base Model,"1,6,6"
10439,Base Model,
10440,Base Model,
10441,Base Model,
10442,Base Model,"3,5,2,6,1,4"
10443,Base Model,"3,2,5,1,6,4"
10444,Base Model,"2,4,5,3,1,6"
10445,Base Model,"4,6,1,5,2,3"
10446,Base Model,"4,2,6,1,3,5"
10447,Base Model,"1,2,5,3,4,6"
10448,Base Model,"5,3,6,2,4,1"
10449,Base Model,"2,5,3,6,1,4"
10450,Base Model,"1,4,3,5,2,6"
10451,Base Model,"1,3,5,2,6,4"
10452,Base Model,"4,2,3,6,5,1"
10453,Base Model,"2,5,1,6,3,4"
10454,Base Model,6
10455,Base Model,"4,2,6,1,5,3"
10456,Base Model,"4,2,6,1,5,3"
10457,Base Model,"4,2,6,3,5,1"
10458,Base Model,
10459,Base Model,
10460,Base Model,"5,2,6,3,1,4"
10461,Base Model,
10462,Base Model,"3,6,2,5,4,1"
10463,Base Model,
10464,Base Model,"4,2,5,1,6,3"
10465,Base Model,"5,3,1,2,6,4"
10466,Base Model,"1,4,2,6,3,5"
10467,Base Model,
10468,Base Model,1
10469,Base Model,
10470,Base Model,"4,2,6,1,5,3"
10471,Base Model,3
10472,Base Model,"2,5,6,1"
10473,Base Model,"1,4,3,6,2,5"
10474,Base Model,"1,2,3,4,5,6"
10475,Base Model,"3,5,2,6,4,1"
10476,Base Model,
10477,Base Model,
10478,Base Model,"4,1,5,2,6,3"
10479,Base Model,"1,6,6"
10480,Base Model,
10481,Base Model,"1,2,6"
10482,Base Model,"3,6,2,5,4,1"
10483,Base Model,"1,6,6"
10484,Base Model,"2,3,4,5"
10485,Base Model,"4,2,6,5,1,3"
10486,Base Model,"4,2,5,1,3,6"
10487,Base Model,"2,5,1,6,4,3"
10488,Base Model,"3,6,2,5,1,4"
10489,Base Model,"1,6,3,2,5,4"
10490,Base Model,"4,2,6,5,1,3"
10491,Base Model,"2,5,3,6,1,4"
10492,Base Model,"4,2,5,3,1,6"
10493,Base Model,"3,2,5,4,1,6"
10494,Base Model,"6,4,2,6,5,1"
10495,Base Model,"1,1,2,2,3,3"
10496,Base Model,"3,6,2,5,4,1"
10497,Base Model,"1,4,3,2,6,5"
10498,Base Model,
10499,Base Model,"5,3,1,6,4,2"
10500,Base Model,
10501,Base Model,"4,6,2,5,1,3"
10502,Base Model,"4,2,6,5,1,3"
10503,Base Model,"3,4,6,2,5,1"
10504,Base Model,"2,5,3,1,6,4"
10505,Base Model,"5,1,3,5,2,6"
10506,Base Model,"6,3,2,5,1,4"
10507,Base Model,"1,6,1,6,1,6"
10508,Base Model,"3,2,6,5,1,4"
10509,Base Model,"4,2,6,3,5,1"
10510,Base Model,"1,5,3,2,4,6"
10511,Base Model,"6,1,6"
10512,Base Model,"5,2,4,6,1,3"
10513,Base Model,"2,5,4,6,1,3"
10514,Base Model,"1,6,6"
10515,Base Model,"3,2,5,6,4,1"
10516,Base Model,
10517,Base Model,
10518,Base Model,"1,2,3,4,5,6"
10519,Base Model,"4,2,6,5,1,3"
10520,Base Model,"2,5,4,6,3,1"
10521,Base Model,
10522,Base Model,"6,1,6"
10523,Base Model,"2,6,4,1,3,5"
10524,Base Model,"2,4,6,1,3,5"
10525,Base Model,"3,4,1,2,6,5"
10526,Base Model,
10527,Base Model,"3,6,2,5,4,1"
10528,Base Model,"5,2,6,3,1,4"
10529,Base Model,"1,2,5,4,3,1"
10530,Base Model,"4,2,6,3,5,1"
10531,Base Model,"1,2,3,4,5,6"
10532,Base Model,"1,6,1,6,1,6"
10533,Base Model,
10534,Base Model,"4,2,3,5,6,1"
10535,Base Model,"4,2,5,3,1,6"
10536,Base Model,"3,1,5,4,6,2"
10537,Base Model,
10538,Base Model,"4,2,6,5,3,1"
10539,Base Model,
10540,Base Model,
10541,Base Model,
10542,Base Model,
10543,Base Model,"1,6,2,5,3,4"
10544,Base Model,"4,6,2,3,5,1"
10545,Base Model,
10546,Base Model,"1,6,3,2,6,5"
10547,Base Model,"1,2,3,4,5,6"
10548,Base Model,"1,6"
10549,Base Model,"4,2,5,3,1,6"
10550,Base Model,"1,4,3,2,6,3"
10551,Base Model,"5,3,6,2,1,4"
10552,Base Model,"1,3,2,5,4,6"
10553,Base Model,
10554,Base Model,"5,3,6,1,4"
10555,Base Model,"4,6,1,3,5,2"
10556,Base Model,
10557,Base Model,"4,2,6,3,1,5"
10558,Base Model,"4,3,6,1,2,5"
10559,Base Model,"2,5,6,3,1,4"
10560,Base Model,"3,6,2,5,4,1"
10561,Base Model,"4,6,2,5,1,3"
10562,Base Model,"3,5,1,2,6,4"
10563,Base Model,
10564,Base Model,"2,6,4,5,1,3"
10565,Base Model,"4,2,6,5,3,1"
10566,Base Model,"1,2,3,4,5,6"
10567,Base Model,"4,2,6,3,5,1"
10568,Base Model,"1,5,3,2,6,4"
10569,Base Model,"3,1,6,2,5,4"
10570,Base Model,"1,2,3,4"
10571,Base Model,"3,4,2,5,1,6"
10572,Base Model,"3,6,4,2,5,1"
10573,Base Model,"2,5,6,3,1"
10574,Base Model,"4,2,6,5,3,1"
10575,Base Model,
10576,Base Model,"3,4,6,2,5,1"
10577,Base Model,
10578,Base Model,"4,6,3,2,5,1"
10579,Base Model,"6,3,4,2,1,5"
10580,Base Model,
10581,Base Model,
10582,Base Model,
10583,Base Model,
10584,Base Model,
10585,Base Model,"4,2,6,3,1,5"
10586,Base Model,"1,2,3,4,5,6"
10587,Base Model,"5,3,2,6,5,4"
10588,Base Model,"3,5,2,6,4,1"
10589,Base Model,
10590,Base Model,"4,3,6,2,5,1"
10591,Base Model,
10592,Base Model,"1,5,2,6,4,3"
10593,Base Model,"4,2,6,3,5,1"
10594,Base Model,"3,6,2,4,5,1"
10595,Base Model,"5,2,6,4,3,1"
10596,Base Model,
10597,Base Model,"5,2,4,6,1,3"
10598,Base Model,"1,2,3,4,5,6"
10599,Base Model,
10600,Base Model,
10601,Base Model,"3,6,2,5,4,1"
10602,Base Model,"2,4,5,3,1,6"
10603,Base Model,"4,2,6,3,1,5"
10604,Base Model,
10605,Base Model,"3,1,6,4,2,5"
10606,Base Model,"2,5,4,3,1,6"
10607,Base Model,"4,2,3,5,1,6"
10608,Base Model,"4,2,6,1,5,3"
10609,Base Model,"1,3,2,6,3,2"
10610,Base Model,"1,3,4,2,5,6"
10611,Base Model,6
10612,Base Model,
10613,Base Model,"6,1,6"
10614,Base Model,
10615,Base Model,"3,5,2,5,4,6"
10616,Base Model,
10617,Base Model,"1,2,3,4"
10618,Base Model,"4,2,6,1,5,3"
10619,Base Model,"2,1,4,6,2,4"
10620,Base Model,"1,2,3,4,5"
10621,Base Model,"1,4,3,2,6,1"
10622,Base Model,"4,2,6,3,1,5"
10623,Base Model,
10624,Base Model,"1,2,3,4,5,6"
10625,Base Model,"2,3,6,1,5,4"
10626,Base Model,
10627,Base Model,"4,2,6,5,3,1"
10628,Base Model,
10629,Base Model,"5,3,1,6,2,4"
10630,Base Model,"1,3,4,2,5,6"
10631,Base Model,"3,2,5,1,4,6"
10632,Base Model,"2,4,1,6,5,3"
10633,Base Model,"3,5,2,6,1,4"
10634,Base Model,"5,2,3,6,4,1"
10635,Base Model,"5,3,4,2"
10636,Base Model,
10637,Base Model,"5,2,1,3,6,4"
10638,Base Model,"4,6,3,2,5,1"
10639,Base Model,"1,6,6"
10640,Base Model,
10641,Base Model,"3,6,1,4,2,5"
10642,Base Model,"1,6,1,6"
10643,Base Model,"3,6,5,2,1,4"
10644,Base Model,
10645,Base Model,"1,6,6"
10646,Base Model,
10647,Base Model,"4,3,6,2,5,1"
10648,Base Model,"2,5,3,1,6,4"
10649,Base Model,"1,6,6,3,5,6"
10650,Base Model,"3,4,6,2,5,3"
10651,Base Model,
10652,Base Model,"5,2,4,1,6,3"
10653,Base Model,
10654,Base Model,"1,4,3,2,6,5"
10655,Base Model,"5,2,6,1,4,3"
10656,Base Model,1
10657,Base Model,"4,2,6,3,1,5"
10658,Base Model,"4,2,6,1,5,3"
10659,Base Model,"1,3,2,6,4,5"
10660,Base Model,"2,6,1,4,5,3"
10661,Base Model,"4,2,6,5,1,3"
10662,Base Model,3
10663,Base Model,
10664,Base Model,"1,6,3,5,2,4"
10665,Base Model,"1,6,2,5,6,3"
10666,Base Model,"4,2,6,3,5,1"
10667,Base Model,
10668,Base Model,"4,2,6,1,3,5"
10669,Base Model,
10670,Base Model,"3,4,6,2,5,1"
10671,Base Model,"3,4,5,6,2"
10672,Base Model,"4,2,6,3,5,1"
10673,Base Model,"1,5,2,6,3,5"
10674,Base Model,"4,2,6,5,3,1"
10675,Base Model,
10676,Base Model,"4,3,2,6,5,1"
10677,Base Model,"4,2,6,3,1,5"
10678,Base Model,
10679,Base Model,"3,1,4,6,2,5"
10680,Base Model,"4,2,6,1,5,3"
10681,Base Model,"6,1,4,2,3,5"
10682,Base Model,"4,6,3,2,5,1"
10683,Base Model,"3,2,4,6,5,1"
10684,Base Model,"4,2,5,1,6,3"
10685,Base Model,"5,2,1,3,4,6"
10686,Base Model,"5,2,4,6,1,3"
10687,Base Model,"3,6,2,5,1,4"
10688,Base Model,"3,2,4,5,1,6"
10689,Base Model,"3,2,6,5,1,4"
10690,Base Model,"5,2,6,1,4,3"
10691,Base Model,
10692,Base Model,"1,4,2,3,5,6"
10693,Base Model,"3,5,2,6,3,1"
10694,Base Model,
10695,Base Model,"6,4,1"
10696,Base Model,
10697,Base Model,"3,2,6,5,4,1"
10698,Base Model,"4,2,6,5,1,3"
10699,Base Model,"1,2,3,4,5,6"
10700,Base Model,"5,3,2,6,4,1"
10701,Base Model,"2,4,6,1,3,5"
10702,Base Model,"4,2,3,6,1,5"
10703,Base Model,"4,6,2,5,3,1"
10704,Base Model,"3,2,6,1,5,4"
10705,Base Model,"3,2,6,5,4,1"
10706,Base Model,
10707,Base Model,
10708,Base Model,"1,1,6,6"
10709,Base Model,"4,2,6,3,5,1"
10710,Base Model,"1,4,2,6,3,5"
10711,Base Model,"2,1,3,6,5"
10712,Base Model,
10713,Base Model,
10714,Base Model,"2,4,1,3,5,2"
10715,Base Model,"2,6,3,1,4"
10716,Base Model,"1,2,4,5,6,3"
10717,Base Model,"3,2,6,5,1,4"
10718,Base Model,"2,5,4,1,3,6"
10719,Base Model,"3,4,5,2,6,1"
10720,Base Model,"2,5,3,6,2,4"
10721,Base Model,
10722,Base Model,"3,1,5,4,2,6"
10723,Base Model,"4,2,6,1,3,5"
10724,Base Model,
10725,Base Model,"1,5,3,6,2,4"
10726,Base Model,"4,3,6,2,5,1"
10727,Base Model,"6,6"
10728,Base Model,3
10729,Base Model,"2,6,5,3,1,4"
10730,Base Model,"5,2,6,3,1,4"
10731,Base Model,"1,4,2,5,3,6"
10732,Base Model,"2,5,1,3,4,6"
10733,Base Model,
10734,Base Model,"3,6,2,5,1,4"
10735,Base Model,"3,2,5,6,1,4"
10736,Base Model,"1,5,2,2,3,6"
10737,Base Model,"1,2,3,2,6,5"
10738,Base Model,
10739,Base Model,"5,1,3,4,6,2"
10740,Base Model,
10741,Base Model,
10742,Base Model,"4,3,5,2,6,1"
10743,Base Model,"1,2,4,3,6,5"
10744,Base Model,1
10745,Base Model,
10746,Base Model,"6,1,6,2,5,3"
10747,Base Model,"3,2,6,1,4,5"
10748,Base Model,3
10749,Base Model,"3,5,1,6,2,4"
10750,Base Model,
10751,Base Model,"3,6,2,5,1,4"
10752,Base Model,"5,2,6,3,1,4"
10753,Base Model,"1,2,5,4,3,6"
10754,Base Model,"4,3,2,6,5,1"
10755,Base Model,"4,2,5,6,3,1"
10756,Base Model,
10757,Base Model,"3,6,4,2,5,1"
10758,Base Model,"3,6,2,5,4,1"
10759,Base Model,"3,4,6,2,5,1"
10760,Base Model,"1,3,6,5,2,4"
10761,Base Model,"2,5,3,4,6,2"
10762,Base Model,
10763,Base Model,"1,6,6"
10764,Base Model,"3,6,2,5,1,4"
10765,Base Model,"6,1,6,6"
10766,Base Model,"4,2,6,3,5,1"
10767,Base Model,
10768,Base Model,"2,4,3,6,5,2"
10769,Base Model,
10770,Base Model,"6,1,2,3,4,5"
10771,Base Model,"3,2,6,5,4,1"
10772,Base Model,"5,2,6,4,1,3"
10773,Base Model,"1,5,3,6,2,4"
10774,Base Model,
10775,Base Model,"3,6,2,5,1,4"
10776,Base Model,"1,2,3,2,6,1"
10777,Base Model,"3,6,2,5,4,1"
10778,Base Model,
10779,Base Model,"5,2,6,1,4,3"
10780,Base Model,"1,6,6"
10781,Base Model,"1,2,4,3,1,5"
10782,Base Model,"1,1,6,2,1,6"
10783,Base Model,
10784,Base Model,"2,5,4,3,6,1"
10785,Base Model,"2,5,1,6,3,4"
10786,Base Model,
10787,Base Model,"5,2,6,1,3,4"
10788,Base Model,"3,2,6,5,1,4"
10789,Base Model,"2,5,6,4,3,1"
10790,Base Model,"1,3,4,2,6,1"
10791,Base Model,"4,2,6,3,5,1"
10792,Base Model,"1,6,5,2,5,4"
10793,Base Model,1
10794,Base Model,"1,6,6"
10795,Base Model,
10796,Base Model,"4,2,6,1,3,5"
10797,Base Model,"2,5,4,1,6,3"
10798,Base Model,
10799,Base Model,
10800,Base Model,
10801,Base Model,
10802,Base Model,"5,3,1,6,2,4"
10803,Base Model,"1,2,3,4,5,6"
10804,Base Model,"2,6,4,3,1,5"
10805,Base Model,"4,2,6,1,5,3"
10806,Base Model,"4,2,5,3,6,1"
10807,Base Model,"1,2,5,6,4,3"
10808,Base Model,"1,6,1,6,1,6"
10809,Base Model,
10810,Base Model,"1,6,1,6,1,6"
10811,Base Model,
10812,Base Model,"4,2,6,5,1,3"
10813,Base Model,"4,6,2,5,3,1"
10814,Base Model,6
10815,Base Model,
10816,Base Model,"2,5,4,6,3,1"
10817,Base Model,"4,1,6,2,5,3"
10818,Base Model,
10819,Base Model,"2,5,3,1,4,6"
10820,Base Model,
10821,Base Model,"1,3,2,5,2,6"
10822,Base Model,
10823,Base Model,"2,4,6,3,5,1"
10824,Base Model,"4,2,6,1,3,5"
10825,Base Model,
10826,Base Model,
10827,Base Model,
10828,Base Model,"4,2,6,3,5,1"
10829,Base Model,"4,6,2,3,5,1"
10830,Base Model,
10831,Base Model,"2,5,3,6,4,1"
10832,Base Model,"4,3,1,5,2,6"
10833,Base Model,"4,2,6,3,1,5"
10834,Base Model,"1,3,2,5,6,1"
10835,Base Model,"1,5,3,6,2,4"
10836,Base Model,"2,4,6,3,1,5"
10837,Base Model,"2,4,6,3,1"
10838,Base Model,"5,3,1,6,4,2"
10839,Base Model,"1,4,5,2,3,6"
10840,Base Model,
10841,Base Model,"2,3,5"
10842,Base Model,"4,2,6,3,5,1"
10843,Base Model,
10844,Base Model,
10845,Base Model,"5,3,2,4,1,6"
10846,Base Model,"6,1,6"
10847,Base Model,"1,6,6,3,2,5"
10848,Base Model,"1,2,3,4,5,6"
10849,Base Model,"6,4,1,2,5,6"
10850,Base Model,"2,5,1,6,4,3"
10851,Base Model,"3,6,4,2,1,5"
10852,Base Model,"3,1,6,2,5,4"
10853,Base Model,"2,6,1,5,3,4"
10854,Base Model,"4,3,1,2,6,5"
10855,Base Model,"1,2,3,4,5,6"
10856,Base Model,"5,3,2,6,1,4"
10857,Base Model,
10858,Base Model,"1,5,1,3,2,5"
10859,Base Model,"2,5,4,1,3,6"
10860,Base Model,
10861,Base Model,
10862,Base Model,"2,5,6,4,3,1"
10863,Base Model,
10864,Base Model,"4,2,6,3,1,5"
10865,Base Model,
10866,Base Model,
10867,Base Model,
10868,Base Model,
10869,Base Model,"3,6,2,5,1,4"
10870,Base Model,"1,1"
10871,Base Model,"2,5,1,3,6,4"
10872,Base Model,"1,6,6"
10873,Base Model,
10874,Base Model,"3,1,2,6,3,4"
10875,Base Model,"1,3,4,2,6,5"
10876,Base Model,"3,5,2,6,1,4"
10877,Base Model,"4,3,3,2"
10878,Base Model,"1,2,3,4,5,6"
10879,Base Model,"3,3,6"
10880,Base Model,"4,2,5,6,1,3"
10881,Base Model,"2,6,4,1,3,5"
10882,Base Model,
10883,Base Model,
10884,Base Model,"4,3,5,2,1,6"
10885,Base Model,"1,2,3,4,5,6"
10886,Base Model,"1,4,2,3,3,6"
10887,Base Model,"4,2,3,6,1,5"
10888,Base Model,"3,6,2,5,4,1"
10889,Base Model,"3,2,6,5,1,4"
10890,Base Model,"1,6"
10891,Base Model,"1,6,6"
10892,Base Model,"5,2,3,4,6,1"
10893,Base Model,"4,2,6,5,3"
10894,Base Model,"5,3,6,2,4,1"
10895,Base Model,"1,2,4,5,3,6"
10896,Base Model,"1,6,1,6,1,6"
10897,Base Model,"4,2,5,3,6"
10898,Base Model,"2,5,4,3,2,6"
10899,Base Model,"6,1,6"
10900,Base Model,"4,2,6,3,1,5"
10901,Base Model,"6,1,6,4,2"
10902,Base Model,"6,2,5,3,2,4"
10903,Base Model,"1,2,3,4,5,6"
10904,Base Model,6
10905,Base Model,"5,2,3,6,4,1"
10906,Base Model,"2,6,4,3,5,1"
10907,Base Model,
10908,Base Model,
10909,Base Model,"6,1,6"
10910,Base Model,
10911,Base Model,"4,2,5,1,3,6"
10912,Base Model,"2,5,3,6,1,4"
10913,Base Model,"3,2,5,6,4,1"
10914,Base Model,"5,3,1,6,2,4"
10915,Base Model,"1,2,3,4,5,6"
10916,Base Model,"2,5,3,6,1,4"
10917,Base Model,"2,6,4,3,1,5"
10918,Base Model,1
10919,Base Model,
10920,Base Model,
10921,Base Model,"6,1,6"
10922,Base Model,"3,2,6,5,4"
10923,Base Model,"1,4,5,2,1,6"
10924,Base Model,"5,3,2,6,1,4"
10925,Base Model,"4,2,5,3,6,1"
10926,Base Model,"6,1,6,6,5,2"
10927,Base Model,"5,2,4,1,6,3"
10928,Base Model,"1,6,4,5,2,3"
10929,Base Model,"2,5,1,6,3"
10930,Base Model,"4,3,2,6,1,5"
10931,Base Model,"1,6"
10932,Base Model,"6,1,6"
10933,Base Model,"6,1,6"
10934,Base Model,"3,6,2,5,4,1"
10935,Base Model,"4,3,6,2,5,1"
10936,Base Model,
10937,Base Model,"4,2,6,3,5,1"
10938,Base Model,"1,2,4,3,6,5"
10939,Base Model,"1,4,6,1,5,3"
10940,Base Model,"2,6,3,5,1,4"
10941,Base Model,"3,6,2,5,4,1"
10942,Base Model,"4,2,6,3,1,5"
10943,Base Model,"1,5,4,3,6,5"
10944,Base Model,
10945,Base Model,"2,5,1,4,6,3"
10946,Base Model,"3,4,2,1,6,5"
10947,Base Model,"2,4,5,3,6,1"
10948,Base Model,"4,2,6,3,5,1"
10949,Base Model,
10950,Base Model,"1,4,6,3,5,2"
10951,Base Model,"3,5,1,4,2,6"
10952,Base Model,"1,2,3,4,5,6"
10953,Base Model,"2,5,4,6,3,1"
10954,Base Model,"1,1,6,2,1,6"
10955,Base Model,"2,2,2,2"
10956,Base Model,"1,3,4,5,2,2"
10957,Base Model,"3,5,2,6,1,4"
10958,Base Model,
10959,Base Model,
10960,Base Model,"3,2,6,5,1,4"
10961,Base Model,1
10962,Base Model,"2,4,6,3,5,1"
10963,Base Model,"2,5,4,6,1,3"
10964,Base Model,"1,3,5,2,6,4"
10965,Base Model,"3,6,2,5,4,1"
10966,Base Model,"4,2,6,3,1,5"
10967,Base Model,"1,2,4,6,5,3"
10968,Base Model,"4,3,6,2,5,1"
10969,Base Model,"1,4,3,5,2,6"
10970,Base Model,"4,3,1,5,2,6"
10971,Base Model,"3,6,2,5,4,1"
10972,Base Model,
10973,Base Model,"1,6,6"
10974,Base Model,"2,5,6,3,1,4"
10975,Base Model,"3,2,6,1,4,5"
10976,Base Model,"1,3,2,1,3,6"
10977,Base Model,"3,6,2,5,4,1"
10978,Base Model,
10979,Base Model,"3,6,2,5,4,1"
10980,Base Model,"4,2,5,3,6,1"
10981,Base Model,"2,4,6,3,5,1"
10982,Base Model,"1,4,5,6,2"
10983,Base Model,"3,2,6,4,5,1"
10984,Base Model,"4,2,6,3,5,1"
10985,Base Model,"1,3,6,2,5,4"
10986,Base Model,"4,3,6,2,5"
10987,Base Model,"6,1,6,1,6,1"
10988,Base Model,"4,2,6,3,5,1"
10989,Base Model,
10990,Base Model,"5,1,3,2,6,4"
10991,Base Model,"2,6,4,5,3,1"
10992,Base Model,"1,5,2,4,3,3"
10993,Base Model,"3,5,6,2,4,1"
10994,Base Model,"4,2,6,3,5,1"
10995,Base Model,"5,3,2,6"
10996,Base Model,"1,3,2,6,4,5"
10997,Base Model,"2,4,6,3,1,5"
10998,Base Model,
10999,Base Model,"3,5,2,6,1,4"
11000,Base Model,"3,2,5,6,1,4"
11001,Base Model,"4,2,6,3,1,5"
11002,Base Model,
11003,Base Model,
11004,Base Model,
11005,Base Model,
11006,Base Model,"3,6,2,5,4,1"
11007,Base Model,"4,2,6,3,5,1"
11008,Base Model,
11009,Base Model,"5,3,1,4,2,6"
11010,Base Model,"2,6,4,1,3,5"
11011,Base Model,"3,6,2,5,1,4"
11012,Base Model,"5,3,2,6,1,4"
11013,Base Model,"4,2,6,3,5,1"
11014,Base Model,
11015,Base Model,"3,5,1,6,4,2"
11016,Base Model,"6,5,2,6,3,1"
11017,Base Model,6
11018,Base Model,"3,5,1,6,2,4"
11019,Base Model,"4,6,2,5,1,3"
11020,Base Model,"6,4,1,3,2,5"
11021,Base Model,"2,4,5,3,5,6"
11022,Base Model,"2,5,1,4,3,6"
11023,Base Model,
11024,Base Model,"3,3,4,4,5,3"
11025,Base Model,"1,3,6,5,2,4"
11026,Base Model,"3,6,2,5,4,1"
11027,Base Model,
11028,Base Model,
11029,Base Model,"1,4,2,6,3,5"
11030,Base Model,"4,3,2,6,1,5"
11031,Base Model,"4,3,6,2,5,1"
11032,Base Model,"2,4,6,3,5,1"
11033,Base Model,"3,6,2,5,1,4"
11034,Base Model,"6,1,6"
11035,Base Model,"1,3,2,4,1,5"
11036,Base Model,"4,2,5,3,1,6"
11037,Base Model,"1,6,6"
11038,Base Model,"3,2,5,4,1,6"
11039,Base Model,"5,2,4,3,6,1"
11040,Base Model,"1,2,2,5,3,6"
11041,Base Model,
11042,Base Model,"2,4,3,1,6,5"
11043,Base Model,"3,4,5,2,6,1"
11044,Base Model,"1,2,3,4,5,6"
11045,Base Model,"1,4,2,3"
11046,Base Model,"4,2,6,1,3,5"
11047,Base Model,
11048,Base Model,"4,2,5,1,6,3"
11049,Base Model,
11050,Base Model,"1,3,5,2,6,4"
11051,Base Model,"3,5,2,4,6,1"
11052,Base Model,"3,5,1,6,2,4"
11053,Base Model,"5,6,3,2,1,4"
11054,Base Model,"1,2,3,4,5,6"
11055,Base Model,"1,5,2,6,1,3"
11056,Base Model,"1,2,5,3,6,2"
11057,Base Model,"5,5,3"
11058,Base Model,"3,6,2,5,1,4"
11059,Base Model,"4,1,6,3,2,5"
11060,Base Model,"5,2,6,4,1,3"
11061,Base Model,"4,2,6,5,3,1"
11062,Base Model,"1,2,4,3,6,5"
11063,Base Model,"2,5,3,6,1,4"
11064,Base Model,"5,2,6,3,1,4"
11065,Base Model,"1,6,2,4,5,3"
11066,Base Model,"1,1,6,1,2,3"
11067,Base Model,
11068,Base Model,
11069,Base Model,"2,5,1,6,3,4"
11070,Base Model,
11071,Base Model,"1,4,2,5,6"
11072,Base Model,
11073,Base Model,"4,3,5,2,6,1"
11074,Base Model,"6,1,6"
11075,Base Model,"2,5,3,6,2,4"
11076,Base Model,"3,5,2,1,6,4"
11077,Base Model,"1,6,6"
11078,Base Model,
11079,Base Model,"1,4,6,2,3,5"
11080,Base Model,"4,6,2,5,3,1"
11081,Base Model,
11082,Base Model,
11083,Base Model,
11084,Base Model,"3,6,2,5,1,4"
11085,Base Model,"3,2,6,5,4,1"
11086,Base Model,
11087,Base Model,
11088,Base Model,"2,5,3,6,1,4"
11089,Base Model,"4,2,3,6,1,5"
11090,Base Model,"3,6,4,1,5,2"
11091,Base Model,"6,3,1,6,5,2"
11092,Base Model,"1,2,3,4,5,6"
11093,Base Model,"3,5,2,6,4,1"
11094,Base Model,"3,6,2,4,5,1"
11095,Base Model,"3,6,2,5,1,4"
11096,Base Model,"2,5,3,1,6,4"
11097,Base Model,"1,4,2,5,3,6"
11098,Base Model,"1,5,3,2,6,4"
11099,Base Model,"6,1,6,1"
11100,Base Model,"4,3,2,5,6,1"
11101,Base Model,"1,6,6,2,1,2"
11102,Base Model,
11103,Base Model,"1,1,6"
11104,Base Model,"5,3,4,6,1,2"
11105,Base Model,"1,4,6,2,3,5"
11106,Base Model,
11107,Base Model,"5,3,1,6,2,4"
11108,Base Model,"1,4,3,6,2,5"
11109,Base Model,"4,2,5,6,3,1"
11110,Base Model,"3,5,2,6,1,4"
11111,Base Model,"4,2,6,3,5,1"
11112,Base Model,"1,4,2,5,6,3"
11113,Base Model,"5,2,6,1,4,3"
11114,Base Model,"3,6,2,5,1,4"
11115,Base Model,3
11116,Base Model,
11117,Base Model,
11118,Base Model,"3,4,5,2,1,6"
11119,Base Model,2
11120,Base Model,
11121,Base Model,"1,2,6,3,4,5"
11122,Base Model,"3,1,6,4,2,5"
11123,Base Model,"1,2"
11124,Base Model,"3,2,6,1,4,5"
11125,Base Model,
11126,Base Model,"1,3,5,2,6,4"
11127,Base Model,
11128,Base Model,"4,2,6,3,5,1"
11129,Base Model,"5,1,4,2,3,6"
11130,Base Model,"1,2,3,4,5,6"
11131,Base Model,"3,1,6,4,5,2"
11132,Base Model,
11133,Base Model,"1,2,3,4,6,2"
11134,Base Model,"1,4,2,6,5,3"
11135,Base Model,"2,6,4,3,5,1"
11136,Base Model,"3,2,4,5,1,6"
11137,Base Model,"1,4,2,6,5,3"
11138,Base Model,"4,2,5,3,6,1"
11139,Base Model,"2,4,6,3,5,1"
11140,Base Model,"1,4,2,6,5,3"
11141,Base Model,"3,5,2,6,4,1"
11142,Base Model,
11143,Base Model,"1,2,3,4,5,6"
11144,Base Model,"3,2,6,5,1,4"
11145,Base Model,
11146,Base Model,"5,2,6,3,1,4"
11147,Base Model,"3,2,1"
11148,Base Model,"3,2,6,5,1,4"
11149,Base Model,"1,6,6"
11150,Base Model,
11151,Base Model,
11152,Base Model,"2,4,1,3,5,6"
11153,Base Model,
11154,Base Model,"4,2,6,3,5,1"
11155,Base Model,
11156,Base Model,1
11157,Base Model,
11158,Base Model,"1,3,6,2,4,5"
11159,Base Model,
11160,Base Model,
11161,Base Model,"1,3,6,2,5,4"
11162,Base Model,
11163,Base Model,"1,2,6,3,5,4"
11164,Base Model,"5,3,1,6,2,4"
11165,Base Model,"1,6"
11166,Base Model,
11167,Base Model,"4,3,2,6,5,1"
11168,Base Model,"1,2,4,3,6,5"
11169,Base Model,
11170,Base Model,"1,3,2,5,6,4"
11171,Base Model,"5,2,6,3,1,4"
11172,Base Model,
11173,Base Model,"4,6,3,2,5,1"
11174,Base Model,"4,3,6,2,5,1"
11175,Base Model,"2,5,4,1,3,6"
11176,Base Model,"4,3,5,2,6,1"
11177,Base Model,"3,6,2,1,5,4"
11178,Base Model,"1,3,6,4,2,5"
11179,Base Model,
11180,Base Model,"5,2,1,4,3,6"
11181,Base Model,"4,2,6,5,1,3"
11182,Base Model,"3,6,2,5,4,1"
11183,Base Model,"1,4,2,6,5,3"
11184,Base Model,"1,5,4,2,6,1"
11185,Base Model,"2,4,5,3,1,6"
11186,Base Model,
11187,Base Model,"2,6,3,5,4,1"
11188,Base Model,
11189,Base Model,
11190,Base Model,"4,3,5,2,6,1"
11191,Base Model,
11192,Base Model,"2,4,6,3,1,5"
11193,Base Model,
11194,Base Model,"6,6"
11195,Base Model,"2,5,3,6,1,4"
11196,Base Model,"1,6,1,6,1,6"
11197,Base Model,"2,4,6,1,3,5"
11198,Base Model,
11199,Base Model,
11200,Base Model,"2,5,1,6,4,3"
11201,Base Model,"5,2,6,1,3,4"
11202,Base Model,"4,2,6,1,5,3"
11203,Base Model,
11204,Base Model,"4,2,6,1,3,5"
11205,Base Model,"4,2,3,6,1,5"
11206,Base Model,"2,5,4,3,6,1"
11207,Base Model,"6,3,4,6,1,2"
11208,Base Model,"3,2,5,6,1,4"
11209,Base Model,
11210,Base Model,1
11211,Base Model,"1,1,6,2,1,6"
11212,Base Model,"1,6,6"
11213,Base Model,"1,2,5,3,6,4"
11214,Base Model,"4,2,6,1,5,3"
11215,Base Model,"3,2,6,5,1,4"
11216,Base Model,"3,6,4,1,5,2"
11217,Base Model,"3,6,2,5,4,1"
11218,Base Model,
11219,Base Model,"1,3,4,2,5,6"
11220,Base Model,"2,5,1,4,3,6"
11221,Base Model,"2,5,3,6,1,4"
11222,Base Model,"6,1,6,1,6,1"
11223,Base Model,
11224,Base Model,"3,6,2,5,1,4"
11225,Base Model,
11226,Base Model,
11227,Base Model,"2,5,3,6,1,4"
11228,Base Model,"5,3,1,2,6,4"
11229,Base Model,"4,2,6,3,5,1"
11230,Base Model,
11231,Base Model,"3,5,2,6,1,4"
11232,Base Model,"4,2,5,1,6,3"
11233,Base Model,"3,2,6,1,5,4"
11234,Base Model,"4,2,6,3,1,5"
11235,Base Model,"3,1,2,6,5,4"
11236,Base Model,"4,6,3,5,2,1"
11237,Base Model,"3,6,2,5,4,1"
11238,Base Model,"1,3,2,6,3,5"
11239,Base Model,
11240,Base Model,"3,6,2,5,1,4"
11241,Base Model,"5,3,2,1,6,4"
11242,Base Model,"5,2,3,6,1,4"
11243,Base Model,"3,5,4,1,2,6"
11244,Base Model,"5,2,3,6,1,4"
11245,Base Model,"5,3,2,6,1,4"
11246,Base Model,"3,6,1,2,4,5"
11247,Base Model,"4,2,5,3,6,1"
11248,Base Model,
11249,Base Model,"3,4,2,5,1,6"
11250,Base Model,"3,6,2,5,4,1"
11251,Base Model,"6,6,1,6"
11252,Base Model,"2,6,5,1,4,3"
11253,Base Model,"1,6,1,6"
11254,Base Model,
11255,Base Model,"4,3,1,6,5"
11256,Base Model,"4,2,6,5,3,1"
11257,Base Model,5
11258,Base Model,"1,4,3,2,5,6"
11259,Base Model,"1,2,3,4,5,6"
11260,Base Model,"4,2,6,1,5,3"
11261,Base Model,"2,4,1,6,3,5"
11262,Base Model,"1,2,3,5,6,4"
11263,Base Model,"2,4,6,5,1,3"
11264,Base Model,"1,6,1,6,1,6"
11265,Base Model,"4,2,5,1,6,3"
11266,Base Model,"4,2,6,1,5,3"
11267,Base Model,"3,6,2,5,1,4"
11268,Base Model,"4,1,2,6,3,5"
11269,Base Model,"3,6,1,5,2,4"
11270,Base Model,
11271,Base Model,
11272,Base Model,
11273,Base Model,"3,5,6,2,4,1"
11274,Base Model,3
11275,Base Model,"3,6,1,5,2,4"
11276,Base Model,"1,6,1,6,1,6"
11277,Base Model,"2,5,1,6,3,4"
11278,Base Model,"5,3,1,6,2,4"
11279,Base Model,"6,1,6"
11280,Base Model,"3,4,6,1,3,2"
11281,Base Model,1
11282,Base Model,"4,2,6,3,5,1"
11283,Base Model,"5,2,6,1,4,3"
11284,Base Model,"4,2,3,1,6,5"
11285,Base Model,
11286,Base Model,"5,2,6,4,3,1"
11287,Base Model,"5,2,6,1,3,4"
11288,Base Model,"3,6,2,5,4,1"
11289,Base Model,"4,2,6,3,5,1"
11290,Base Model,"2,3,5,4,1,6"
11291,Base Model,"2,5,3,4,1,6"
11292,Base Model,"3,6,2,5,4,1"
11293,Base Model,"4,6,3,5,2,1"
11294,Base Model,"1,3,2,6,3,4"
11295,Base Model,"2,5,4,3,6,1"
11296,Base Model,"4,2,5,3,6,1"
11297,Base Model,"4,2,6,5,3,1"
11298,Base Model,"2,6,4,3,5,1"
11299,Base Model,"4,2,6,3,5,1"
11300,Base Model,"1,4,3,2,5,6"
11301,Base Model,
11302,Base Model,"3,5,2,6,1,4"
11303,Base Model,"4,2,3,6,5,1"
11304,Base Model,"2,5,1,4,6,3"
11305,Base Model,"6,1,6"
11306,Base Model,"1,4,3,5,2,6"
11307,Base Model,"1,3,5,2,6,4"
11308,Base Model,"3,5,1,4,2,6"
11309,Base Model,"3,6,2,1,4,5"
11310,Base Model,
11311,Base Model,"3,2,6,5,1,4"
11312,Base Model,"4,6,1,5,3,2"
11313,Base Model,"1,5,3,2,6,4"
11314,Base Model,"3,6,2,5,4,1"
11315,Base Model,
11316,Base Model,"4,1,6,2,3,5"
11317,Base Model,"5,2,6,1"
11318,Base Model,6
11319,Base Model,"6,1,4,2,6,5"
11320,Base Model,
11321,Base Model,
11322,Base Model,"3,2,5,1,4,6"
11323,Base Model,"3,2,6,5,4,1"
11324,Base Model,"6,1,6"
11325,Base Model,"1,3,6,4,5,3"
11326,Base Model,"3,2,6,5,1,4"
11327,Base Model,"3,2,4,5,6,1"
11328,Base Model,"6,1,6,6,1,3"
11329,Base Model,"2,6,4,5,3,1"
11330,Base Model,
11331,Base Model,"4,3,6,2,5,1"
11332,Base Model,"2,5,4,6,3,1"
11333,Base Model,"6,1,6"
11334,Base Model,1
11335,Base Model,"1,4,3,2,6,3"
11336,Base Model,
11337,Base Model,"2,3,1,6,5,4"
11338,Base Model,"4,2,5,3,6,1"
11339,Base Model,
11340,Base Model,"3,5,2,4,6,1"
11341,Base Model,"1,1,6,1,1,6"
11342,Base Model,
11343,Base Model,
11344,Base Model,"3,6,2,5,1,4"
11345,Base Model,"2,3,5"
11346,Base Model,"3,4,6,2,5,1"
11347,Base Model,"6,1,6"
11348,Base Model,
11349,Base Model,"5,3,1,2,6,4"
11350,Base Model,"1,2,3,4,6"
11351,Base Model,"1,2,5,3,6,1"
11352,Base Model,"4,3,6,1,2,5"
11353,Base Model,"3,1,6,2,5,4"
11354,Base Model,
11355,Base Model,"4,2,6,1,5,3"
11356,Base Model,"2,4,1,5,6,3"
11357,Base Model,
11358,Base Model,"1,5,2,4,1,6"
11359,Base Model,"3,6,2,5,4,1"
11360,Base Model,"2,5,1,4,6,3"
11361,Base Model,
11362,Base Model,"4,2,6,5,1,3"
11363,Base Model,"5,3,1,6,4,2"
11364,Base Model,4
11365,Base Model,
11366,Base Model,"2,5,1,3,6,4"
11367,Base Model,"2,5,4,6,3,1"
11368,Base Model,"3,5,1,2,6,4"
11369,Base Model,"4,6,2,5,3,1"
11370,Base Model,"5,2,6,4,3,1"
11371,Base Model,"1,2,6,4,3,5"
11372,Base Model,"2,4,1,3,5,6"
11373,Base Model,
11374,Base Model,"3,6,2,5,1,4"
11375,Base Model,"2,5,4,3,6,1"
11376,Base Model,
11377,Base Model,
11378,Base Model,"6,1,6"
11379,Base Model,"4,3,2,6,1,5"
11380,Base Model,"1,6,2,6,3,6"
11381,Base Model,"3,1,2,6,5,4"
11382,Base Model,"3,6,2,5,1,4"
11383,Base Model,"2,6,4,1,3,5"
11384,Base Model,"3,2,6,5,4,1"
11385,Base Model,"1,6"
11386,Base Model,"4,2,6,3,5,1"
11387,Base Model,"3,5,1,6,2,4"
11388,Base Model,"3,5,6,2,1,4"
11389,Base Model,"1,6,6"
11390,Base Model,"1,5,4,6,2,3"
11391,Base Model,"4,2,5,3,1,6"
11392,Base Model,"3,2,5,1,4,6"
11393,Base Model,"6,1,6"
11394,Base Model,
11395,Base Model,"2,4,1,3,6,5"
11396,Base Model,"3,4,2,6,5,1"
11397,Base Model,"4,2,6,1,5,3"
11398,Base Model,"4,3,6,5,2,1"
11399,Base Model,"4,3,6,2,5,1"
11400,Base Model,"2,4,6,3,1,5"
11401,Base Model,
11402,Base Model,"1,2,3,4,5,6"
11403,Base Model,"4,2,6,3,5,1"
11404,Base Model,"3,2,6,5,1,4"
11405,Base Model,"3,4,6,1,2,5"
11406,Base Model,6
11407,Base Model,"2,5,4,6,3,1"
11408,Base Model,"2,4,6,1,5,3"
11409,Base Model,"2,6,4,5,3"
11410,Base Model,"4,2,3,6,1,5"
11411,Base Model,"1,2,3,4,5,6"
11412,Base Model,"1,1"
11413,Base Model,1
11414,Base Model,
11415,Base Model,"4,2,6,5,1,3"
11416,Base Model,"2,5,6,3,1,4"
11417,Base Model,"4,2,6,1,3,5"
11418,Base Model,
11419,Base Model,"1,6"
11420,Base Model,"1,2,3,4,5,6"
11421,Base Model,"3,6,2,5,4,1"
11422,Base Model,
11423,Base Model,"2,3,4,5,2,1"
11424,Base Model,"1,6,6"
11425,Base Model,"2,5,1,4,6,3"
11426,Base Model,
11427,Base Model,
11428,Base Model,"5,3,1,2,6,4"
11429,Base Model,
11430,Base Model,
11431,Base Model,"6,6"
11432,Base Model,"4,3,2,6,5,1"
11433,Base Model,
11434,Base Model,"5,3,2,6,1,4"
11435,Base Model,"4,6,3,2,5,1"
11436,Base Model,"4,2,6,1,5,3"
11437,Base Model,"1,3,4,2,5,6"
11438,Base Model,"2,5,6,3,4,1"
11439,Base Model,"1,2,6,3,6,4"
11440,Base Model,
11441,Base Model,"1,6,6,3,6,4"
11442,Base Model,"3,6,2,5,1,4"
11443,Base Model,"6,2,4,6,1,3"
11444,Base Model,"2,4,5,3,1,6"
11445,Base Model,3
11446,Base Model,"3,5,2,6,1,4"
11447,Base Model,"4,2,6,3,5,1"
11448,Base Model,
11449,Base Model,"3,5,1,4,2,6"
11450,Base Model,"3,6,2,5,1,4"
11451,Base Model,
11452,Base Model,"3,6,1,4,2,5"
11453,Base Model,
11454,Base Model,"2,6,1,4,3,5"
11455,Base Model,"5,3,2,1,6,4"
11456,Base Model,"4,2,5,3,6,1"
11457,Base Model,"3,6,1,5,4,2"
11458,Base Model,"5,2,6,3,1,4"
11459,Base Model,
11460,Base Model,
11461,Base Model,"4,2,6,3,1,5"
11462,Base Model,"2,5,6,1,4,3"
11463,Base Model,"4,2,1,6,3,5"
11464,Base Model,"4,5,2,1,6,3"
11465,Base Model,"2,5,1,6,3,4"
11466,Base Model,
11467,Base Model,"3,1,6,4,2,5"
11468,Base Model,"5,2,6,1,4,3"
11469,Base Model,"3,5,2,4,1,6"
11470,Base Model,"4,3,2,4,6,5"
11471,Base Model,"2,5,4,6,3,1"
11472,Base Model,"4,2,6,5,1,3"
11473,Base Model,"2,4,3,6,5,2"
11474,Base Model,"1,2,3,4,5,6"
11475,Base Model,
11476,Base Model,"2,6,3,4,1,5"
11477,Base Model,"1,2,3,4,5,6"
11478,Base Model,
11479,Base Model,
11480,Base Model,"3,2,5,6,1,4"
11481,Base Model,"1,2,3,4,5"
11482,Base Model,"3,2,6,5,4,1"
11483,Base Model,"4,2,6,5,3,1"
11484,Base Model,"3,6,1,4,2,5"
11485,Base Model,"4,2,6,5,3,1"
11486,Base Model,
11487,Base Model,"6,6"
11488,Base Model,"2,5,1,3,6,4"
11489,Base Model,"4,3,2,6,5,1"
11490,Base Model,"5,1,6,2,3,5"
11491,Base Model,"2,5,4,1,3,6"
11492,Base Model,"5,2,6,1,3,4"
11493,Base Model,6
11494,Base Model,
11495,Base Model,"1,2,3,4,5,6"
11496,Base Model,"3,1,6,4,2,5"
11497,Base Model,
11498,Base Model,"5,3,6,2,4,1"
11499,Base Model,
11500,Base Model,
11501,Base Model,
11502,Base Model,
11503,Base Model,"3,6,5,2,6,1"
11504,Base Model,"1,6,1,6,1,6"
11505,Base Model,"1,6,6,1,4,2"
11506,Base Model,"5,3,1,4,2,6"
11507,Base Model,"3,6,2,5,4,1"
11508,Base Model,"2,5,6,1,4,3"
11509,Base Model,"3,5,2,6"
11510,Base Model,
11511,Base Model,"3,6,2,5,4,1"
11512,Base Model,"2,5,4,6,3,1"
11513,Base Model,
11514,Base Model,"1,3,5,4,2,6"
11515,Base Model,
11516,Base Model,
11517,Base Model,
11518,Base Model,
11519,Base Model,"3,2,6,4,1,5"
11520,Base Model,"4,2,6,3,5,1"
11521,Base Model,"3,6,2,5,4,1"
11522,Base Model,"1,3,5,4,2,6"
11523,Base Model,
11524,Base Model,"4,2,5,6,3,1"
11525,Base Model,
11526,Base Model,"3,2,6,4,5,1"
11527,Base Model,"4,2,6,3,1,5"
11528,Base Model,"4,2,6,1,5,3"
11529,Base Model,"1,2,3,4,5,6"
11530,Base Model,"1,3,2,5,1,4"
11531,Base Model,"1,3,6,2,5,4"
11532,Base Model,"3,5,2,1,4,6"
11533,Base Model,
11534,Base Model,
11535,Base Model,
11536,Base Model,
11537,Base Model,"3,4,2,5,1,6"
11538,Base Model,"1,2,3,4,5"
11539,Base Model,
11540,Base Model,"4,3,6,2,5,1"
11541,Base Model,"4,2,6,1,3,5"
11542,Base Model,
11543,Base Model,"4,2,5,3,6,1"
11544,Base Model,
11545,Base Model,"2,5,3,1,6,4"
11546,Base Model,"4,3,1,5,2,6"
11547,Base Model,"3,2,6,1,4,5"
11548,Base Model,"1,2,3,4,5,6"
11549,Base Model,"1,3,5,3,2,6"
11550,Base Model,"2,6,4,1,3,5"
11551,Base Model,
11552,Base Model,
11553,Base Model,"4,6,2,5,3,1"
11554,Base Model,
11555,Base Model,"1,4,3,2,5,6"
11556,Base Model,"3,6,2,5,1,4"
11557,Base Model,"1,6"
11558,Base Model,"2,5,1,6,3,4"
11559,Base Model,"4,2,6,5,3,1"
11560,Base Model,"2,3,6,5,4,1"
11561,Base Model,"4,1,2,6,5,3"
11562,Base Model,
11563,Base Model,"1,2,3,4,5,6"
11564,Base Model,"4,3,5,2,6,1"
11565,Base Model,"4,3,1,6,2,5"
11566,Base Model,"1,3,5,2,6,4"
11567,Base Model,"4,2,6,3,1,5"
11568,Base Model,"1,3,4,2,6,5"
11569,Base Model,"6,3,2,6,5,1"
11570,Base Model,"3,6,2,5,4,1"
11571,Base Model,"6,1,6,1"
11572,Base Model,
11573,Base Model,"1,2,3,4,5,6"
11574,Base Model,
11575,Base Model,"2,5,4,1,3,6"
11576,Base Model,"4,2,6,1,5,3"
11577,Base Model,"4,3,5,2,1,6"
11578,Base Model,2
11579,Base Model,"3,6,2,5,4,1"
11580,Base Model,
11581,Base Model,"1,4,2,5,3,6"
11582,Base Model,
11583,Base Model,
11584,Base Model,
11585,Base Model,"1,2,6,3,5,4"
11586,Base Model,"1,4,2,6,3,5"
11587,Base Model,"4,2,6,3,1,5"
11588,Base Model,"1,3,5,2,4,6"
11589,Base Model,"3,5,2,6,1,4"
11590,Base Model,
11591,Base Model,"3,5,1,2,4,6"
11592,Base Model,"4,2,6,3,1,5"
11593,Base Model,"3,5,2,4,6,1"
11594,Base Model,"4,2,5,1,6,3"
11595,Base Model,"3,6,2,5,1,4"
11596,Base Model,"1,4,2,6,5,3"
11597,Base Model,
11598,Base Model,"3,2,5,1,6,4"
11599,Base Model,"1,3,2,5,6,4"
11600,Base Model,"4,6,2,5,3,1"
11601,Base Model,"3,5,1,4,6,2"
11602,Base Model,
11603,Base Model,"1,2,3,4,5,6"
11604,Base Model,"4,2,6,5,3,1"
11605,Base Model,"2,6,3,1,4,5"
11606,Base Model,"1,6"
11607,Base Model,"2,6,3,4,5,1"
11608,Base Model,
11609,Base Model,"6,1"
11610,Base Model,"4,3,6,2,5,1"
11611,Base Model,"4,3,6,2,5,1"
11612,Base Model,6
11613,Base Model,"3,1,4,2,5,6"
11614,Base Model,"2,5,1,3,4,6"
11615,Base Model,"3,6,2,5,4,1"
11616,Base Model,"1,3,6,4,2,5"
11617,Base Model,
11618,Base Model,6
11619,Base Model,"4,2,6,3,1,5"
11620,Base Model,"1,3,5,2,4,6"
11621,Base Model,"6,1,6"
11622,Base Model,
11623,Base Model,"4,2,5,1,3,6"
11624,Base Model,"3,2,6,4,5,1"
11625,Base Model,"3,2,5,1,6,4"
11626,Base Model,"1,2,3,4,5,6"
11627,Base Model,
11628,Base Model,"2,6,3,4,5,1"
11629,Base Model,"3,6,2,5,1,4"
11630,Base Model,
11631,Base Model,"1,3,6"
11632,Base Model,
11633,Base Model,"6,1,6"
11634,Base Model,"3,2,6,4,5,1"
11635,Base Model,"2,5,3,1,4,6"
11636,Base Model,"4,3,6,2,5,1"
11637,Base Model,"3,5,2,6,1,4"
11638,Base Model,
11639,Base Model,"1,5,2,6,4,3"
11640,Base Model,"1,2,3,6,2,5"
11641,Base Model,
11642,Base Model,"1,2,3,4,5,6"
11643,Base Model,
11644,Base Model,"4,3,2,1,6"
11645,Base Model,"4,3,2,5,1,6"
11646,Base Model,"3,1,6,2,4,5"
11647,Base Model,"3,5,2,6,4,1"
11648,Base Model,"2,3,6,1,5,4"
11649,Base Model,"4,2,6,1,5,3"
11650,Base Model,"3,5,2,6,1,4"
11651,Base Model,"1,2,3,4,5"
11652,Base Model,"1,2,3,4,6,5"
11653,Base Model,"1,6,6"
11654,Base Model,"1,2,3,4,5,6"
11655,Base Model,
11656,Base Model,"4,3,3,6,2"
11657,Base Model,"1,6,1,6,1,6"
11658,Base Model,"1,5,2,6,3,4"
11659,Base Model,
11660,Base Model,
11661,Base Model,"1,6,6"
11662,Base Model,"1,2,3,6,1,5"
11663,Base Model,"4,2,6,3,1,5"
11664,Base Model,"3,6,2,5,4,1"
11665,Base Model,"3,2,5,4,6,1"
11666,Base Model,"1,2,3,4,5,6"
11667,Base Model,"1,3,4,5,6,2"
11668,Base Model,
11669,Base Model,"3,2,5,1,4,6"
11670,Base Model,
11671,Base Model,
11672,Base Model,"5,3,2,6,1,4"
11673,Base Model,
11674,Base Model,"1,2,3,4,5,6"
11675,Base Model,"2,4,6,3,5,1"
11676,Base Model,"6,1,6,4,2,6"
11677,Base Model,"2,5,3,1,6,4"
11678,Base Model,
11679,Base Model,"3,5,2,6,1,4"
11680,Base Model,"2,4,3,1,6,5"
11681,Base Model,"4,2,6,3,5,1"
11682,Base Model,"2,6,3,4,5,1"
11683,Base Model,
11684,Base Model,"3,6,2,5,1,4"
11685,Base Model,"4,2,5,6,3,1"
11686,Base Model,
11687,Base Model,"1,2,3,4,5,6"
11688,Base Model,
11689,Base Model,
11690,Base Model,"4,2,5,3,1,6"
11691,Base Model,"3,5,2,1,6,4"
11692,Base Model,"4,2,6,1,5,3"
11693,Base Model,"3,6,2,4,1,5"
11694,Base Model,6
11695,Base Model,"4,2,6,3,5,1"
11696,Base Model,"3,1,6,4,2,5"
11697,Base Model,"1,6,2,5,3,3"
11698,Base Model,"3,6,2,5,1,4"
11699,Base Model,
11700,Base Model,"1,2,3,4,5,6"
11701,Base Model,"1,2,3,4,5,6"
11702,Base Model,
11703,Base Model,"6,1,6"
11704,Base Model,
11705,Base Model,"2,5,1,6,3,4"
11706,Base Model,"1,2,3,4,5,6"
11707,Base Model,"4,3,2,6,5,1"
11708,Base Model,"3,6,2,5,4,1"
11709,Base Model,
11710,Base Model,"4,3,2,6,5,1"
11711,Base Model,
11712,Base Model,
11713,Base Model,"6,1,6"
11714,Base Model,
11715,Base Model,1
11716,Base Model,
11717,Base Model,
11718,Base Model,"3,1,5,2,6,4"
11719,Base Model,"2,5,3,6,1,4"
11720,Base Model,6
11721,Base Model,"2,6,4,1,5,3"
11722,Base Model,"3,6,2,5,4,1"
11723,Base Model,"1,6,5,3,2,4"
11724,Base Model,"3,5,1,6,4,2"
11725,Base Model,"4,2,6,3,5,1"
11726,Base Model,"3,1,5,2,6,4"
11727,Base Model,
11728,Base Model,
11729,Base Model,"3,2,6,5,1,4"
11730,Base Model,"3,1,6,2,5,4"
11731,Base Model,
11732,Base Model,"1,2,3,4,5,6"
11733,Base Model,"4,6,2,5,3,1"
11734,Base Model,"3,4,2,6,5,1"
11735,Base Model,
11736,Base Model,"5,3,1,2,6,4"
11737,Base Model,"3,4,2,6,5,1"
11738,Base Model,"1,5,2,6,3,4"
11739,Base Model,"4,1,6,2,5,3"
11740,Base Model,
11741,Base Model,"6,2,3,4,5,1"
11742,Base Model,"2,6,5,3,1,4"
11743,Base Model,
11744,Base Model,"3,6,2,5,1,4"
11745,Base Model,"1,3,2,4,6,5"
11746,Base Model,"2,4,3,6,1,5"
11747,Base Model,"3,6,2,4,5,1"
11748,Base Model,"1,2,5,4,3,6"
11749,Base Model,"3,1,6,5,2,4"
11750,Base Model,"3,6,2,5,1,4"
11751,Base Model,"4,2,6,3,5,1"
11752,Base Model,"5,3,6,2,1,4"
11753,Base Model,"3,6,2,5,1,4"
11754,Base Model,"3,2,6,5,1,4"
11755,Base Model,"3,2,6,5,4,1"
11756,Base Model,
11757,Base Model,"2,4,3,5,6,1"
11758,Base Model,"1,2,3,4"
11759,Base Model,
11760,Base Model,"2,5,1,6,4,3"
11761,Base Model,
11762,Base Model,5
11763,Base Model,1
11764,Base Model,"1,4,6,2,3,5"
11765,Base Model,"4,2,6,1,3,5"
11766,Base Model,"4,2,6,1,3,5"
11767,Base Model,"3,5,2,4,6,1"
11768,Base Model,"1,3,2,5,4,2"
11769,Base Model,"1,4,3,2,5,6"
11770,Base Model,"4,2,6,3,5,1"
11771,Base Model,5
11772,Base Model,"4,2,6,1,5,3"
11773,Base Model,"2,5,3,4,6,1"
11774,Base Model,
11775,Base Model,"2,6,5,3,1,4"
11776,Base Model,"1,2,4,3,6,5"
11777,Base Model,"1,1,3,5"
11778,Base Model,"3,2,4,5,6,1"
11779,Base Model,"3,4,2,6,5,1"
11780,Base Model,
11781,Base Model,"4,3,2,6,5,1"
11782,Base Model,
11783,Base Model,"4,2,5,6,3,1"
11784,Base Model,
11785,Base Model,
11786,Base Model,"3,4,2,1,6,5"
11787,Base Model,"5,1,6,4,3,2"
11788,Base Model,"4,3,5,2,6,1"
11789,Base Model,6
11790,Base Model,"4,2,6,3,5,1"
11791,Base Model,"4,2,5,1,3,6"
11792,Base Model,
11793,Base Model,"1,4,2,5,3,6"
11794,Base Model,"3,6,1,2,4,5"
11795,Base Model,"2,4,1"
11796,Base Model,"2,6,1,5,3,4"
11797,Base Model,"1,2,5,3,4,6"
11798,Base Model,"4,2,6,3,5,1"
11799,Base Model,
11800,Base Model,"3,2,6,1,5,4"
11801,Base Model,
11802,Base Model,
11803,Base Model,"5,2,6,3,1,4"
11804,Base Model,"1,3,2,4,5,6"
11805,Base Model,
11806,Base Model,"2,4,3,6,1,5"
11807,Base Model,
11808,Base Model,
11809,Base Model,"3,2,6,5,1,4"
11810,Base Model,"1,2,3,6,5,1"
11811,Base Model,
11812,Base Model,"5,3,6,2,4,5"
11813,Base Model,"3,2,6,5,4,1"
11814,Base Model,"3,6,4,2,5,1"
11815,Base Model,"1,2,3,4,5,6"
11816,Base Model,"4,3,6,1,2,5"
11817,Base Model,"3,6,2,5,4,1"
11818,Base Model,"4,2,5,3,6,1"
11819,Base Model,"4,2,6,3,5,1"
11820,Base Model,"1,3,4,2,5,6"
11821,Base Model,"1,6,6,1,6"
11822,Base Model,"4,2,3,6,1,5"
11823,Base Model,"5,3,2,4,1,6"
11824,Base Model,"2,4,6,1,5,3"
11825,Base Model,
11826,Base Model,
11827,Base Model,"4,2,6,5,3,1"
11828,Base Model,"4,2,5,6,3,1"
11829,Base Model,"1,2,3,4,5"
11830,Base Model,"5,2,6,1,3,4"
11831,Base Model,"3,6,1,5,4,2"
11832,Base Model,"1,2,6,4,5,3"
11833,Base Model,"5,3,6,2,4,1"
11834,Base Model,"1,5,4,3"
11835,Base Model,"4,2,3,6,1"
11836,Base Model,
11837,Base Model,"4,3,6,5,1,2"
11838,Base Model,"4,2,6,5,1,3"
11839,Base Model,
11840,Base Model,"2,4,3,5,1,2"
11841,Base Model,
11842,Base Model,"5,3,6,1,4,2"
11843,Base Model,"3,6,2,4,5,1"
11844,Base Model,"4,2,6,3,1,5"
11845,Base Model,"4,3,2,6,1,5"
11846,Base Model,"6,1,6"
11847,Base Model,
11848,Base Model,"1,4,5,2,6,3"
11849,Base Model,"4,3,6,5,2,1"
11850,Base Model,"1,2,5,3,4,6"
11851,Base Model,"4,2,6,5,1,3"
11852,Base Model,"1,5,4,6,2,1"
11853,Base Model,"2,6,4,3,5,1"
11854,Base Model,"4,2,6,3,5,1"
11855,Base Model,"1,2,4,3,1,5"
11856,Base Model,"1,3,6,2,5,4"
11857,Base Model,
11858,Base Model,"2,4,6,1,3,5"
11859,Base Model,"1,6,6"
11860,Base Model,"4,3,6,2,5,1"
11861,Base Model,"5,4,3,1,6,2"
11862,Base Model,"5,3,1,6,2,4"
11863,Base Model,
11864,Base Model,"3,6,2,5,1,4"
11865,Base Model,"3,5,2,6,1,4"
11866,Base Model,
11867,Base Model,"4,2,6,1,3,5"
11868,Base Model,
11869,Base Model,"1,2,3,4,5,6"
11870,Base Model,"2,5,1,3,6,4"
11871,Base Model,"2,6,3,5,1,4"
11872,Base Model,"4,6,3,2,5,1"
11873,Base Model,
11874,Base Model,6
11875,Base Model,"2,5,3,6,1,4"
11876,Base Model,"3,6,2,1,5,4"
11877,Base Model,"3,5,2,6,4,1"
11878,Base Model,"4,2,5,6,1,3"
11879,Base Model,"3,5,1,6,4,3"
11880,Base Model,"6,6,6,6,6,6"
11881,Base Model,"4,2,6,3,1,5"
11882,Base Model,"4,2,6,5,3,1"
11883,Base Model,"5,3,2,6,4,1"
11884,Base Model,"1,5,3,2,6,4"
11885,Base Model,"4,2,6,5,1,3"
11886,Base Model,"5,4,2,6,3,1"
11887,Base Model,"4,2,6,1,5,3"
11888,Base Model,
11889,Base Model,"2,4,1,6,3,5"
11890,Base Model,"4,2,6,1,3,5"
11891,Base Model,"4,2,6,5,3,1"
11892,Base Model,"5,2,3,6,1,4"
11893,Base Model,
11894,Base Model,"2,6,4,3,5,1"
11895,Base Model,"4,6,3,1,2,5"
11896,Base Model,"5,2,4,1,6,3"
11897,Base Model,"6,3,4,1,2,5"
11898,Base Model,"1,2,5,3,1,4"
11899,Base Model,"6,6,6,6,6,6"
11900,Base Model,"3,6,2,5,1,4"
11901,Base Model,"3,2,6,5,4,1"
11902,Base Model,"1,6,1,6,1,6"
11903,Base Model,"1,6,6,4,2"
11904,Base Model,
11905,Base Model,"3,4,6,2,5,1"
11906,Base Model,
11907,Base Model,
11908,Base Model,"1,1,1,1,6,1"
11909,Base Model,"2,5,3,6,1"
11910,Base Model,"3,2,6,5,1,4"
11911,Base Model,"3,6,1,2,5,4"
11912,Base Model,6
11913,Base Model,"4,3,2,6,5,1"
11914,Base Model,"5,3,1,4,6,2"
11915,Base Model,"1,2,3,4,5,6"
11916,Base Model,"3,4,2,6,1,5"
11917,Base Model,
11918,Base Model,"1,6,6"
11919,Base Model,"2,4,3,1,6,5"
11920,Base Model,"1,6,6"
11921,Base Model,"3,4,6,2,5,1"
11922,Base Model,"1,3,2,2,3,6"
11923,Base Model,"1,2,3,4,5,6"
11924,Base Model,"1,2,4,3,5,3"
11925,Base Model,"2,5,4,3,6,1"
11926,Base Model,"3,6,1,5,2,4"
11927,Base Model,"3,2,6,5,4,1"
11928,Base Model,"1,4,2,6,3,5"
11929,Base Model,"3,5,2,6,1,4"
11930,Base Model,"5,3,2,6,4,1"
11931,Base Model,"5,4,3,6,2,1"
11932,Base Model,"4,2,6,5,3,1"
11933,Base Model,"6,3,5,1,2,3"
11934,Base Model,"6,1,6"
11935,Base Model,"1,2,3,4,5,6"
11936,Base Model,
11937,Base Model,"4,2,3,6,5"
11938,Base Model,"5,2,6,3,1,4"
11939,Base Model,"1,6,6"
11940,Base Model,
11941,Base Model,"4,2,6,5,3,1"
11942,Base Model,"2,3,5,1,6,4"
11943,Base Model,"1,3,4,2,5,6"
11944,Base Model,"3,5,2,6,1,4"
11945,Base Model,
11946,Base Model,
11947,Base Model,
11948,Base Model,"2,4,1,3,6,5"
11949,Base Model,1
11950,Base Model,"4,2,6,5,1,3"
11951,Base Model,
11952,Base Model,6
11953,Base Model,"5,3,2,6,1,4"
11954,Base Model,"5,2,6,3,1,4"
11955,Base Model,
11956,Base Model,"4,2,6,1,3,5"
11957,Base Model,"3,1,6,2,5,4"
11958,Base Model,"1,4,2,6,3,3"
11959,Base Model,"4,2,6,3,5,1"
11960,Base Model,"4,3,2,6,5,1"
11961,Base Model,"3,6,1,2,6,5"
11962,Base Model,"1,6,3,5,2,4"
11963,Base Model,6
11964,Base Model,"4,2,6,3,5,1"
11965,Base Model,"1,6,1,6,1"
11966,Base Model,"4,2,6,5,3,1"
11967,Base Model,
11968,Base Model,"4,2,6,1,3,5"
11969,Base Model,
11970,Base Model,"2,4,3,6,5,1"
11971,Base Model,
11972,Base Model,
11973,Base Model,"3,2,5,6,1,4"
11974,Base Model,"2,6,4,5,3,1"
11975,Base Model,"1,6,6,4,2,6"
11976,Base Model,"4,2,6,3,1,5"
11977,Base Model,4
11978,Base Model,"2,5,4,3,6,1"
11979,Base Model,"4,1,6,3,2,5"
11980,Base Model,"1,2"
11981,Base Model,"3,6,1,4,2,5"
11982,Base Model,
11983,Base Model,"4,2,6,3,5"
11984,Base Model,"2,6,4,1,3,5"
11985,Base Model,
11986,Base Model,"1,4,2,6,3,5"
11987,Base Model,"2,5,1,6,3,4"
11988,Base Model,"4,2,6,1,5,3"
11989,Base Model,"2,4,6,5,3,1"
11990,Base Model,"2,6,1,5,3,4"
11991,Base Model,"5,2,6,3,4,1"
11992,Base Model,"3,5,4,6,2,1"
11993,Base Model,"1,2,3,4,5,6"
11994,Base Model,
11995,Base Model,"1,6"
11996,Base Model,"4,2,6,3,1,5"
11997,Base Model,"3,2,5,1,6,4"
11998,Base Model,"2,4,3,6,2,5"
11999,Base Model,"1,6,3,2,5,1"
12000,Base Model,
12001,Base Model,"2,4,6,1,5,3"
12002,Base Model,"3,6,2,5,4,1"
12003,Base Model,
12004,Base Model,"1,2,3,4,5,6"
12005,Base Model,6
12006,Base Model,"4,5,3"
12007,Base Model,"4,2,6,5,3,1"
12008,Base Model,"2,5,4,3,1,6"
12009,Base Model,"1,4,2,6,5,3"
12010,Base Model,"4,6,2,5,1,3"
12011,Base Model,
12012,Base Model,"6,1,6,4,2,1"
12013,Base Model,
12014,Base Model,
12015,Base Model,"3,2,6,5,1,4"
12016,Base Model,"2,5,1,4,6,3"
12017,Base Model,"4,2,6,5,3,1"
12018,Base Model,"1,4,3,6,2,5"
12019,Base Model,
12020,Base Model,"5,2,4,1,3,6"
12021,Base Model,6
12022,Base Model,"4,3,6,2,5,1"
12023,Base Model,"4,3,2,5,6,1"
12024,Base Model,
12025,Base Model,"1,4,2,3,3,5"
12026,Base Model,"6,1,6"
12027,Base Model,
12028,Base Model,"4,3,6,2,1,5"
12029,Base Model,"3,6,4,2,1,5"
12030,Base Model,"4,6,5,3,2,4"
12031,Base Model,
12032,Base Model,"1,5,2,6,3,6"
12033,Base Model,"3,6,2,5,4,1"
12034,Base Model,"3,2,4,1,5,6"
12035,Base Model,"1,3,6,4,2,5"
12036,Base Model,"4,2,6,3,5,1"
12037,Base Model,
12038,Base Model,"5,2"
12039,Base Model,"4,6,3,1,5,2"
12040,Base Model,"2,4,6,3,1,5"
12041,Base Model,"1,1,3,4,6,1"
12042,Base Model,"1,3,6,4,2,5"
12043,Base Model,"4,3,6,2,5,1"
12044,Base Model,"4,2,6,1,3,5"
12045,Base Model,
12046,Base Model,"1,1"
12047,Base Model,
12048,Base Model,"3,4,2,6,5,1"
12049,Base Model,"1,2,3,4,5,6"
12050,Base Model,"3,6,2,5,1,4"
12051,Base Model,"4,2,6,3,1,5"
12052,Base Model,"1,6,1,6"
12053,Base Model,"3,6,1,4,3,6"
12054,Base Model,"2,4,1,6,3,5"
12055,Base Model,"2,5,4,1,3,6"
12056,Base Model,"4,2,5,6,3,1"
12057,Base Model,"3,2,6,5,1,4"
12058,Base Model,"4,6,2,5,3,1"
12059,Base Model,"2,5,3,6,1,4"
12060,Base Model,"1,2,4,3,5,6"
12061,Base Model,
12062,Base Model,"3,6,2,5,4,1"
12063,Base Model,"1,2,3,4,5"
12064,Base Model,"2,4,6,3,5,1"
12065,Base Model,"3,6,5,2,4,1"
12066,Base Model,"3,6,2,5,4,1"
12067,Base Model,"3,5,2,6,1,4"
12068,Base Model,"3,6,2,5,1,4"
12069,Base Model,"1,4,3,6,2,5"
12070,Base Model,"6,1,6,2,5,3"
12071,Base Model,"3,5,2,6,4,1"
12072,Base Model,"3,6,5,2,6,1"
12073,Base Model,"5,2,6,3,1,4"
12074,Base Model,"1,5,2,6,4,3"
12075,Base Model,"4,6,5,2,3,1"
12076,Base Model,
12077,Base Model,"4,2,6,3,1,5"
12078,Base Model,
12079,Base Model,"4,2,5,1,6,3"
12080,Base Model,"1,6"
12081,Base Model,
12082,Base Model,
12083,Base Model,"4,6,3,2,5,1"
12084,Base Model,"1,2,3,4,5,3"
12085,Base Model,"2,4,6,1,5,3"
12086,Base Model,"1,1"
12087,Base Model,"3,2,4,6,5,1"
12088,Base Model,"1,3,5,4,6,2"
12089,Base Model,
12090,Base Model,"2,4,6,3,5,1"
12091,Base Model,
12092,Base Model,"3,6,2,5,4,1"
12093,Base Model,
12094,Base Model,
12095,Base Model,"1,2,3,4,5,6"
12096,Base Model,"6,1,6"
12097,Base Model,"6,1,1,6"
12098,Base Model,"1,4,5,6,2,6"
12099,Base Model,"6,4,3,2,5,1"
12100,Base Model,"5,2,6,1,3,4"
12101,Base Model,"6,1,3,4,2,5"
12102,Base Model,"3,6,2,5,4,1"
12103,Base Model,"1,6,6"
12104,Base Model,"3,1,5,6,3,2"
12105,Base Model,"1,1,6,2,1,6"
12106,Base Model,"4,2,6,1,5,3"
12107,Base Model,
12108,Base Model,"1,2,3,4,5"
12109,Base Model,"2,6,3,5,1,4"
12110,Base Model,"3,6,1,2,4,5"
12111,Base Model,"3,2,6,4,1,5"
12112,Base Model,"1,2,3,4,5"
12113,Base Model,"1,4,2,3,6,5"
12114,Base Model,"3,4,5,2,6,1"
12115,Base Model,"4,2,6,3,5,1"
12116,Base Model,"1,5,2,6,3,1"
12117,Base Model,"3,4,6,2,5,1"
12118,Base Model,"4,2,6,3,5,1"
12119,Base Model,"1,4,2,6,5,3"
12120,Base Model,
12121,Base Model,"3,2,4,6,1,5"
12122,Base Model,"1,2,3,4,5,6"
12123,Base Model,"4,6,3,2,5,1"
12124,Base Model,"4,3,2,6,1,5"
12125,Base Model,"4,2,3,6,1,5"
12126,Base Model,
12127,Base Model,"3,2,6,1,4,5"
12128,Base Model,"4,2,6,1,3,5"
12129,Base Model,"1,6"
12130,Base Model,"3,5,2,6,1,4"
12131,Base Model,
12132,Base Model,"4,2,6,1,5,3"
12133,Base Model,"4,6,2,5,3,1"
12134,Base Model,1
12135,Base Model,"3,6,2,5,1,4"
12136,Base Model,"4,3,6,1,5,2"
12137,Base Model,"3,5,2,6,1,4"
12138,Base Model,"3,6,5,4,2,1"
12139,Base Model,"2,5,3,6,4,1"
12140,Base Model,6
12141,Base Model,"6,1,1"
12142,Base Model,"1,2,3,4,5,6"
12143,Base Model,"4,2,6,3,1,5"
12144,Base Model,"4,2,6,3,5,1"
12145,Base Model,"1,4,3,5,6,1"
12146,Base Model,"2,3,6,5,1,4"
12147,Base Model,"3,5,2,6,4,1"
12148,Base Model,"1,2,3,4,5,6"
12149,Base Model,"5,4,2,3,1,6"
12150,Base Model,"5,3,4,2,1,6"
12151,Base Model,
12152,Base Model,"3,6,2,5,4,1"
12153,Base Model,"1,5,3,6,2,4"
12154,Base Model,"1,5,2,3,3,2"
12155,Base Model,
12156,Base Model,"5,3,2,6,1,4"
12157,Base Model,"3,6,4,2,5,1"
12158,Base Model,
12159,Base Model,"4,2,6,5,3,1"
12160,Base Model,"1,4,3,2,6,5"
12161,Base Model,6
12162,Base Model,"2,5,6,3,1,4"
12163,Base Model,"2,5,3,6,1,4"
12164,Base Model,"1,1"
12165,Base Model,"4,3,2,6,1,5"
12166,Base Model,"2,4,5,3,6,1"
12167,Base Model,"1,6,2,4,3,5"
12168,Base Model,"3,2,4,6,5,1"
12169,Base Model,
12170,Base Model,"3,6,2,5,4,1"
12171,Base Model,"1,3,1,5,4,4"
12172,Base Model,"2,4,6,1,3,5"
12173,Base Model,"2,6,4,3,5,1"
12174,Base Model,
12175,Base Model,"1,2,3,5,6,4"
12176,Base Model,"4,2,5,6,3,1"
12177,Base Model,"4,2,6,3,5,1"
12178,Base Model,1
12179,Base Model,"4,6,2,5,3,1"
12180,Base Model,
12181,Base Model,
12182,Base Model,
12183,Base Model,
12184,Base Model,
12185,Base Model,"2,3,1,4,5,6"
12186,Base Model,
12187,Base Model,"4,1,5,6,3,2"
12188,Base Model,
12189,Base Model,"6,1,6"
12190,Base Model,
12191,Base Model,"1,4,5,2,3,6"
12192,Base Model,"6,1,4,3,5,2"
12193,Base Model,
12194,Base Model,
12195,Base Model,"2,2,2,2,2,2"
12196,Base Model,"2,5,3,1,6,4"
12197,Base Model,"4,1,3,2,6,5"
12198,Base Model,
12199,Base Model,"1,6,6,3,1,6"
12200,Base Model,"3,6,2,5,1,4"
12201,Base Model,"2,4,5,1,3,6"
12202,Base Model,"4,2,5,6,3,1"
12203,Base Model,
12204,Base Model,
12205,Base Model,"4,1,6,2,5,3"
12206,Base Model,"3,6,2,5,1,4"
12207,Base Model,"3,2,1,6,4,6"
12208,Base Model,"3,5,2,6,4,1"
12209,Base Model,"1,3,5,2,4,6"
12210,Base Model,"4,6,3,1,5,2"
12211,Base Model,"4,3,6,2,5,1"
12212,Base Model,"4,2,6,5,3,1"
12213,Base Model,"4,2,6,1,3,5"
12214,Base Model,"3,6,4,2,5,1"
12215,Base Model,"2,5,1,4,3,6"
12216,Base Model,
12217,Base Model,"1,2,3,4,5,6"
12218,Base Model,
12219,Base Model,"6,3"
12220,Base Model,"1,4,2,6,3,5"
12221,Base Model,"2,4,3,6,2,5"
12222,Base Model,
12223,Base Model,"5,2,6,3,1,4"
12224,Base Model,
12225,Base Model,"3,6,2,5,4,1"
12226,Base Model,"3,5,2,1,4"
12227,Base Model,"1,3,5,2,6,4"
12228,Base Model,"4,2,6,1,5,3"
12229,Base Model,
12230,Base Model,"4,6,3,1,2,5"
12231,Base Model,"1,3,5,2,4,6"
12232,Base Model,"4,6,2,1,5,3"
12233,Base Model,
12234,Base Model,"2,5,3,1,6,4"
12235,Base Model,"4,6,1,3,2,5"
12236,Base Model,"1,2,3,4,5,6"
12237,Base Model,
12238,Base Model,"2,5,4,1,3,6"
12239,Base Model,"3,5,1,2,6,4"
12240,Base Model,"3,2,5,6,4,1"
12241,Base Model,"6,1,6"
12242,Base Model,"3,6,2,5,1,4"
12243,Base Model,"4,2,6,5,3,1"
12244,Base Model,"4,2,6,1,3,5"
12245,Base Model,"1,4,2,6,3,5"
12246,Base Model,"3,6,2,5,4,1"
12247,Base Model,
12248,Base Model,"1,2,3,4,5,6"
12249,Base Model,"4,2,6,3,5,1"
12250,Base Model,"2,4,6,3,5,1"
12251,Base Model,"1,2,4,3,6,5"
12252,Base Model,"1,2,5,6,3,4"
12253,Base Model,
12254,Base Model,"3,5,2,6,1,4"
12255,Base Model,
12256,Base Model,"3,6,2,5,1,4"
12257,Base Model,
12258,Base Model,"4,2,6,3,5,1"
12259,Base Model,"2,6,3,5,1,4"
12260,Base Model,"1,6,6"
12261,Base Model,"6,1,6"
12262,Base Model,"3,5,2,6,1,4"
12263,Base Model,"1,3,5,2,6,4"
12264,Base Model,"5,2,6,3,1,4"
12265,Base Model,"3,6,2,5,1,4"
12266,Base Model,
12267,Base Model,"3,2,6,1,4,5"
12268,Base Model,"3,5,6,2,1,4"
12269,Base Model,"3,4,2,5,1,6"
12270,Base Model,
12271,Base Model,"5,2,3,6,1,4"
12272,Base Model,"3,1,6,2,5,4"
12273,Base Model,"5,3,1,6,4,2"
12274,Base Model,"6,6,1"
12275,Base Model,3
12276,Base Model,"2,5,1,6,3,4"
12277,Base Model,"3,6,1,2,4,5"
12278,Base Model,"4,3,6,2,5,1"
12279,Base Model,"1,4,2,6,5,3"
12280,Base Model,"3,5,1,4,2,6"
12281,Base Model,
12282,Base Model,
12283,Base Model,"3,6,2,5,1,4"
12284,Base Model,"1,6,6"
12285,Base Model,"4,2,6,5,3,1"
12286,Base Model,"2,4,6,3,5,1"
12287,Base Model,"3,6,2,5,4,1"
12288,Base Model,
12289,Base Model,
12290,Base Model,"2,4,3,6,1,5"
12291,Base Model,
12292,Base Model,"2,4,6,5,3,1"
12293,Base Model,"2,6,4,3,5,1"
12294,Base Model,"4,2,6,5,1,3"
12295,Base Model,"3,4,2,6,5,1"
12296,Base Model,"1,4,3,5,2,6"
12297,Base Model,"4,2,6,1,3,5"
12298,Base Model,"3,6,2,5,1,4"
12299,Base Model,"4,1,6,2,3,5"
12300,Base Model,"5,2,6,4,1,3"
12301,Base Model,"1,3,2,5,4,6"
12302,Base Model,"4,2,6,5,1,3"
12303,Base Model,"3,6,2,5,4,1"
12304,Base Model,"3,5,2,6,4,1"
12305,Base Model,
12306,Base Model,
12307,Base Model,"4,3,2,6,5,1"
12308,Base Model,"1,3,2,6,5,4"
12309,Base Model,"2,5,1,4,6,3"
12310,Base Model,"1,2,5,3,6,4"
12311,Base Model,"2,5,3,6,1,4"
12312,Base Model,"2,5,4,3,6,1"
12313,Base Model,"5,2,6,1,3,4"
12314,Base Model,"4,2,6,3,5,1"
12315,Base Model,"3,6,2,5,4,1"
12316,Base Model,"3,5,2,6,1,4"
12317,Base Model,"2,5,6,3,4,1"
12318,Base Model,"3,6,1,4,5,2"
12319,Base Model,
12320,Base Model,"1,3,5,2,3,6"
12321,Base Model,"4,1,3,5,6,2"
12322,Base Model,"3,1,6,4,2,5"
12323,Base Model,"2,5,6,3,1,4"
12324,Base Model,
12325,Base Model,
12326,Base Model,"3,5,4,2,6,1"
12327,Base Model,"4,2,3,6,5,1"
12328,Base Model,"4,2,6,3,5,1"
12329,Base Model,
12330,Base Model,
12331,Base Model,"2,5,3,6,4,1"
12332,Base Model,"4,2,6,1,3,5"
12333,Base Model,"5,3,2,6,1,4"
12334,Base Model,"2,6,4,5,3,1"
12335,Base Model,
12336,Base Model,"5,2,3,6,4,1"
12337,Base Model,"6,1,6,1,6,1"
12338,Base Model,"4,2,6,5,1,3"
12339,Base Model,
12340,Base Model,"6,4,2,1,3,6"
12341,Base Model,"1,2,5,6,4,3"
12342,Base Model,"2,5,3,6,4,1"
12343,Base Model,"5,3,2,6,1,4"
12344,Base Model,"3,2,5,1,4,6"
12345,Base Model,"1,6"
12346,Base Model,"1,2,3,4,5,6"
12347,Base Model,"2,4,6,3,5,1"
12348,Base Model,"4,1,2,6,3,5"
12349,Base Model,"1,5,3,1,6,2"
12350,Base Model,"4,2,6,1,3,5"
12351,Base Model,"4,2,5,3,6,1"
12352,Base Model,
12353,Base Model,"3,1,5,2,4,6"
12354,Base Model,"4,6,2,3,5,1"
12355,Base Model,"4,2,6,3,5,1"
12356,Base Model,
12357,Base Model,"2,4,6,1,3,5"
12358,Base Model,"4,2,6,1,5,3"
12359,Base Model,"4,2,6,5,3,1"
12360,Base Model,"1,4,2,6,3,5"
12361,Base Model,"3,1,4,3,5,6"
12362,Base Model,"5,2,4,3,6,1"
12363,Base Model,
12364,Base Model,"6,4,1,2,3,5"
12365,Base Model,"6,1,6,1"
12366,Base Model,"2,6,4,3,5,1"
12367,Base Model,"4,2,5,6,1,3"
12368,Base Model,
12369,Base Model,"4,3,2,5,6,1"
12370,Base Model,"3,1,6,2,5,4"
12371,Base Model,"4,2,6,3,5,1"
12372,Base Model,
12373,Base Model,"3,6,2,5,4,1"
12374,Base Model,"3,2,6,4,5,1"
12375,Base Model,
12376,Base Model,"5,2,6,3,1,4"
12377,Base Model,
12378,Base Model,"2,6,4,3,5,1"
12379,Base Model,3
12380,Base Model,"1,4,2,3,6,5"
12381,Base Model,"4,1,6,2,5,3"
12382,Base Model,"3,5,1,3,6,4"
12383,Base Model,"1,2,5,6,3,4"
12384,Base Model,"4,3,2,5,6,1"
12385,Base Model,"4,2,6,1,3,5"
12386,Base Model,"3,5,2,4,6,1"
12387,Base Model,"4,3,6,1,2,5"
12388,Base Model,"2,4,6,1,3,5"
12389,Base Model,
12390,Base Model,"3,6,1,4,2,5"
12391,Base Model,"3,6,1,4,5,2"
12392,Base Model,"3,4,5,2,3,1"
12393,Base Model,"2,4,3,6,5,2"
12394,Base Model,"3,4,1,5,2"
12395,Base Model,"2,5,3,1,6,4"
12396,Base Model,
12397,Base Model,
12398,Base Model,"6,6,6,6,6,6"
12399,Base Model,"6,3,4,2,1,5"
12400,Base Model,
12401,Base Model,
12402,Base Model,"3,4,2,6,1,5"
12403,Base Model,4
12404,Base Model,"1,3,2,6,5,4"
12405,Base Model,6
12406,Base Model,
12407,Base Model,"3,6,2,5,4,1"
12408,Base Model,
12409,Base Model,
12410,Base Model,
12411,Base Model,"3,6,2,5,4,1"
12412,Base Model,"1,4,2,3,6,1"
12413,Base Model,"2,4,5,3,6,1"
12414,Base Model,
12415,Base Model,"3,5,2,4,6,1"
12416,Base Model,"4,2,6,3,1,5"
12417,Base Model,
12418,Base Model,"4,2,3,5,6,1"
12419,Base Model,
12420,Base Model,"5,3,6,4,2,1"
12421,Base Model,"2,6,1,3,5,4"
12422,Base Model,"5,2,6,3,1,4"
12423,Base Model,
12424,Base Model,
12425,Base Model,
12426,Base Model,"4,2,5,1,3,6"
12427,Base Model,"5,2,6,3,5,4"
12428,Base Model,"4,2,6,3,1,5"
12429,Base Model,
12430,Base Model,"3,5,1,4,6,2"
12431,Base Model,"3,2,6,4,1,5"
12432,Base Model,2
12433,Base Model,
12434,Base Model,
12435,Base Model,"3,6,2,4,5,1"
12436,Base Model,"1,6,6"
12437,Base Model,"3,4,2,6,5,1"
12438,Base Model,
12439,Base Model,"1,6,1,6,1,6"
12440,Base Model,"3,5,2,1,4,6"
12441,Base Model,"2,5,1,6,4,3"
12442,Base Model,"3,2,6,5,1,4"
12443,Base Model,"1,3,2,5,4,6"
12444,Base Model,"1,4,2,6,3,5"
12445,Base Model,"3,6,2,5,4,1"
12446,Base Model,"1,3,2,4,3,6"
12447,Base Model,"4,6,3,2,5,1"
12448,Base Model,6
12449,Base Model,"4,2,6,1,3,5"
12450,Base Model,"1,2,3,4,5,6"
12451,Base Model,"2,6,3,5,4,1"
12452,Base Model,"1,2,3,4,5,6"
12453,Base Model,"2,4,6,1,5,3"
12454,Base Model,
12455,Base Model,"1,2,3,4,5,6"
12456,Base Model,"2,4,6,1,5,3"
12457,Base Model,"5,2,4,6,3,1"
12458,Base Model,"1,2,6,5,4,5"
12459,Base Model,"2,5,3,6,1,4"
12460,Base Model,"1,6,6"
12461,Base Model,"1,3,2,6,3,2"
12462,Base Model,
12463,Base Model,"3,6,2,5,1,4"
12464,Base Model,"3,1,6,5,2,4"
12465,Base Model,"1,6,1,6,1,6"
12466,Base Model,"1,6"
12467,Base Model,"1,2,3,2,6,1"
12468,Base Model,"1,3,2,6,4,5"
12469,Base Model,"3,2,5,6,1,4"
12470,Base Model,"3,2,5,1,6,4"
12471,Base Model,"1,2,3,4,5,6"
12472,Base Model,"3,4,6,2,5,1"
12473,Base Model,
12474,Base Model,
12475,Base Model,"3,5,6,4,3,1"
12476,Base Model,"3,4,2,1,5,3"
12477,Base Model,
12478,Base Model,"3,5,2,6,1,4"
12479,Base Model,"3,6,2,4,5,1"
12480,Base Model,
12481,Base Model,
12482,Base Model,
12483,Base Model,"1,5,3,6,2,5"
12484,Base Model,"2,5,3,6,1,4"
12485,Base Model,"2,3,5,1,6,4"
12486,Base Model,"4,3,2,6,1,5"
12487,Base Model,"4,3,2,6,5,1"
12488,Base Model,"1,2,3,4,5,6"
12489,Base Model,"5,3,6,1,4,2"
12490,Base Model,"5,3,2,6,1,4"
12491,Base Model,"2,5,1,6,4,3"
12492,Base Model,
12493,Base Model,
12494,Base Model,"3,4,6,2,5,1"
12495,Base Model,
12496,Base Model,"3,1,4,5,2,3"
12497,Base Model,"1,4,2,6,5,3"
12498,Base Model,"2,5,6,4,3,1"
12499,Base Model,"1,5,3,2,6,4"
12500,Base Model,"1,4,2,3,6,1"
12501,Base Model,
12502,Base Model,"2,6,1,4,3,5"
12503,Base Model,
12504,Base Model,"3,5,2,6,4,1"
12505,Base Model,"2,5,4,1,3,6"
12506,Base Model,
12507,Base Model,"3,6,2,5,4,1"
12508,Base Model,"3,2,6,5,1,4"
12509,Base Model,
12510,Base Model,"5,2,3,6,1,4"
12511,Base Model,"3,2,6,1,4,5"
12512,Base Model,"1,3,2,6,5,4"
12513,Base Model,"1,6,2,5,4,3"
12514,Base Model,"6,1,6"
12515,Base Model,
12516,Base Model,"3,2,4,6,5,1"
12517,Base Model,"2,4,5,1,3,6"
12518,Base Model,
12519,Base Model,"3,2,5,1,6,4"
12520,Base Model,"3,2,6,5,1,4"
12521,Base Model,"2,6,3,1,5,4"
12522,Base Model,"2,4,3,5,6,1"
12523,Base Model,"1,3,2,6,4,5"
12524,Base Model,"1,6,6"
12525,Base Model,"1,4,5,6,2,3"
12526,Base Model,"4,2,3,6,1,5"
12527,Base Model,"2,5,4,1,3,6"
12528,Base Model,"4,2,6,1,5,3"
12529,Base Model,"4,3,6,2,5,1"
12530,Base Model,"5,2,6,3,1,4"
12531,Base Model,"1,3,6,5,4,2"
12532,Base Model,"3,2,4,6,3,6"
12533,Base Model,"4,2,6,1,3,5"
12534,Base Model,"2,3,6,5,1,4"
12535,Base Model,"3,4,2,5,1,6"
12536,Base Model,"3,5,2,6,4,1"
12537,Base Model,"4,2,5,3,6,1"
12538,Base Model,"1,5,3,2,6,4"
12539,Base Model,"6,2,5,3,1,4"
12540,Base Model,
12541,Base Model,
12542,Base Model,"4,1,3,2,6,5"
12543,Base Model,"4,2,6,5,3,1"
12544,Base Model,"6,6"
12545,Base Model,"1,2,3,4,5,6"
12546,Base Model,"5,3,4,1,5,3"
12547,Base Model,"2,6,3,4,5,1"
12548,Base Model,"4,2,6,1,5,3"
12549,Base Model,"4,6,2,5,3,1"
12550,Base Model,"4,2,3,5,6,1"
12551,Base Model,"3,6,2,5,4"
12552,Base Model,"4,3,6,2,5,1"
12553,Base Model,"1,2,3,4,5,6"
12554,Base Model,"2,6,1,5,3,4"
12555,Base Model,"5,2,3,1,6,4"
12556,Base Model,"3,6,2,4,1,5"
12557,Base Model,
12558,Base Model,"3,6,2,4,5,1"
12559,Base Model,"2,6,4,1,3,5"
12560,Base Model,"3,6,2,5,4"
12561,Base Model,"2,6,3,1,4,5"
12562,Base Model,"1,5,2,4,6,3"
12563,Base Model,"5,4,6,2,5,3"
12564,Base Model,"1,2,3,4,5,6"
12565,Base Model,
12566,Base Model,
12567,Base Model,
12568,Base Model,"3,4,6,2,5,1"
12569,Base Model,"3,6,2,5,4,1"
12570,Base Model,
12571,Base Model,"2,5,3,6,4,1"
12572,Base Model,"6,1,6"
12573,Base Model,"4,2,6,1,3,5"
12574,Base Model,
12575,Base Model,"1,5,3,2,4,6"
12576,Base Model,"2,6,4,3,5,1"
12577,Base Model,"5,3,6,4,2,5"
12578,Base Model,"3,1,6,2,5,4"
12579,Base Model,"4,2,6,3,1,5"
12580,Base Model,"1,2,5,6,2,3"
12581,Base Model,"1,1,3,4,5,6"
12582,Base Model,"1,4,3,2,6,5"
12583,Base Model,6
12584,Base Model,
12585,Base Model,"2,1,6,6"
12586,Base Model,"6,2,3,1,5,4"
12587,Base Model,"5,3,1,6,2,4"
12588,Base Model,"3,2,6,1,5"
12589,Base Model,"3,1,4,2,6,5"
12590,Base Model,"4,2,5,1,6,3"
12591,Base Model,"6,4,1,5,2,3"
12592,Base Model,
12593,Base Model,
12594,Base Model,"6,1,6"
12595,Base Model,"2,4,3,6,1,5"
12596,Base Model,"4,3,2,6,5,1"
12597,Base Model,"2,4,5,3,1,6"
12598,Base Model,
12599,Base Model,"6,3,2,4,5,1"
12600,Base Model,"1,2,4,3,6,5"
12601,Base Model,
12602,Base Model,"3,6,2,1,5,4"
12603,Base Model,1
12604,Base Model,"3,6,2,5,1,4"
12605,Base Model,"2,5,4,6,3,1"
12606,Base Model,"1,3,2,6,5,4"
12607,Base Model,"2,4,6,3,5,1"
12608,Base Model,"4,2,6,1,5,3"
12609,Base Model,"2,4,5,1,3,6"
12610,Base Model,"2,5,1,4,3,6"
12611,Base Model,"4,3,5,2,6,1"
12612,Base Model,"5,2,6,1,3,4"
12613,Base Model,"3,5,2,4,1,6"
12614,Base Model,"2,5,6,1,4,3"
12615,Base Model,"2,4,3,1,6,5"
12616,Base Model,"4,3,2,6,1,5"
12617,Base Model,6
12618,Base Model,"3,6,4,2,5,1"
12619,Base Model,"3,2,6,5,1,4"
12620,Base Model,"3,4,2,6,5,1"
12621,Base Model,
12622,Base Model,"2,5,6,3,1,4"
12623,Base Model,"3,6,2,5,1,4"
12624,Base Model,"4,6,2,5,3,1"
12625,Base Model,"4,2,5,1,3,6"
12626,Base Model,"3,6,2,5,4,1"
12627,Base Model,"1,2,5,3,6,1"
12628,Base Model,"4,2,6,1,5,3"
12629,Base Model,"2,6,1,4,3,5"
12630,Base Model,
12631,Base Model,"3,1,5,2,6,4"
12632,Base Model,
12633,Base Model,"3,1,6,2,5,4"
12634,Base Model,"4,2,6,3,5,1"
12635,Base Model,"2,5,4,6,3,1"
12636,Base Model,"1,2,3,4,5,6"
12637,Base Model,"4,2,6,1,3,5"
12638,Base Model,"4,2,3,6,5,1"
12639,Base Model,6
12640,Base Model,"3,2,6,5,1,4"
12641,Base Model,"1,2,3,4,5"
12642,Base Model,
12643,Base Model,
12644,Base Model,"2,5,3,6,2,4"
12645,Base Model,"1,2,5,3,6,2"
12646,Base Model,"1,2,5,3,6,4"
12647,Base Model,
12648,Base Model,"3,2,6,4,5,1"
12649,Base Model,"4,6,1,5,3,2"
12650,Base Model,"1,2,4,5,2,3"
12651,Base Model,"2,4,5,3,5,1"
12652,Base Model,"6,1,6"
12653,Base Model,"1,2,4,6,1,3"
12654,Base Model,"4,3,5,2,6,1"
12655,Base Model,"2,6,3,5,1,4"
12656,Base Model,"1,1,1,2,1,2"
12657,Base Model,"4,1,5,3,6,2"
12658,Base Model,"5,3,6,2,4,5"
12659,Base Model,"2,5,3,6,1,4"
12660,Base Model,"2,4,3,6,5,1"
12661,Base Model,"4,2,6,3,5,1"
12662,Base Model,"3,2,6,4,5,1"
12663,Base Model,
12664,Base Model,"3,1,2,5,4,6"
12665,Base Model,"2,4,1,6,5,3"
12666,Base Model,"5,3,1,6,2,4"
12667,Base Model,
12668,Base Model,"3,4,2,6,1,5"
12669,Base Model,"1,4,6,2,5,3"
12670,Base Model,"3,6,2,4,5,1"
12671,Base Model,"1,2,3,4,5,6"
12672,Base Model,
12673,Base Model,"2,4,3,5,6,1"
12674,Base Model,"3,2,6,5,4,1"
12675,Base Model,"5,2,4,1,6,3"
12676,Base Model,"5,2,6,3,1,4"
12677,Base Model,
12678,Base Model,"3,6,1,4,2,5"
12679,Base Model,"4,4"
12680,Base Model,
12681,Base Model,"3,1,6,2,5,4"
12682,Base Model,"4,2,6,5,1"
12683,Base Model,"2,5,1,4,3,6"
12684,Base Model,"2,6,4,3,5,1"
12685,Base Model,"1,2,4,3,6,5"
12686,Base Model,"2,4,6,3,5,1"
12687,Base Model,"4,2,5,1,3,6"
12688,Base Model,"1,6,2,4,5,3"
12689,Base Model,"4,2,5,1,6,3"
12690,Base Model,"3,6,2,5,4,1"
12691,Base Model,"2,4,6,5,3,1"
12692,Base Model,"3,2,6,5,1,4"
12693,Base Model,"1,3,2,6,2,5"
12694,Base Model,"3,6,2,5,1,4"
12695,Base Model,"3,2,6,5,1,4"
12696,Base Model,"4,2,5,6,1,3"
12697,Base Model,"2,4,6,1,3,5"
12698,Base Model,"1,2,4,3,5,6"
12699,Base Model,"3,6,2,5,1,4"
12700,Base Model,"5,6,3,2,4,1"
12701,Base Model,"2,5,3,6,4,2"
12702,Base Model,"6,3,2,5,1,4"
12703,Base Model,"1,5,3,6,2,4"
12704,Base Model,"3,6,2,5,4,1"
12705,Base Model,"2,5,6,3,4,1"
12706,Base Model,"4,2,6,5,1,3"
12707,Base Model,"5,4,2,6,1,3"
12708,Base Model,"4,6,3,2,5,1"
12709,Base Model,"2,6,3,1,5,4"
12710,Base Model,"2,5,6,4,3,1"
12711,Base Model,"2,6,4,1,3,5"
12712,Base Model,"4,2,6,1,3,5"
12713,Base Model,"2,1,4,1"
12714,Base Model,
12715,Base Model,"4,2,5,1,6,3"
12716,Base Model,
12717,Base Model,"2,4,6,1,3,5"
12718,Base Model,"3,6,2,5,4,1"
12719,Base Model,"3,6,4,2,5,1"
12720,Base Model,"3,2,1,6,4,5"
12721,Base Model,"4,2,6,3,5,1"
12722,Base Model,"4,6,2,3,5,1"
12723,Base Model,"1,2,4,5,3,6"
12724,Base Model,
12725,Base Model,"1,3,4,2,6,5"
12726,Base Model,"1,2,5,6,3,1"
12727,Base Model,"1,5,3,4,2,6"
12728,Base Model,
12729,Base Model,
12730,Base Model,"4,1,6,3,2,5"
12731,Base Model,"5,4,1,2,6,3"
12732,Base Model,"2,5,4,3,6,1"
12733,Base Model,"1,6,6"
12734,Base Model,
12735,Base Model,"5,3,1,6,4,2"
12736,Base Model,"2,4,5,1,6,3"
12737,Base Model,"5,1,2,3,4,5"
12738,Base Model,"3,2,6,5,1,4"
12739,Base Model,"5,3,1,6,4,2"
12740,Base Model,"3,6,2,5,4,1"
12741,Base Model,"2,5,6,1,3,4"
12742,Base Model,"4,3,6,2,5,1"
12743,Base Model,"2,4,5,1,3,6"
12744,Base Model,"3,2,6,5,1,4"
12745,Base Model,"1,6,1,6,1,6"
12746,Base Model,
12747,Base Model,
12748,Base Model,
12749,Base Model,
12750,Base Model,"3,2,4,6,5,1"
12751,Base Model,"3,6,2,5,4,1"
12752,Base Model,1
12753,Base Model,"4,2,6,3,5,1"
12754,Base Model,"3,2,5,6,4,1"
12755,Base Model,"3,4,1,5,2,6"
12756,Base Model,
12757,Base Model,"5,3,2,4,6,1"
12758,Base Model,"4,2,6,1,5,3"
12759,Base Model,"2,5,1,6,3,4"
12760,Base Model,"2,5,3,1,6,4"
12761,Base Model,"2,5,3,1,6,4"
12762,Base Model,"1,6,6"
12763,Base Model,
12764,Base Model,"3,6,2,6,4,5"
12765,Base Model,"3,6,4,2,5,1"
12766,Base Model,"5,3,2,6,1,4"
12767,Base Model,"2,6,4,1,3,5"
12768,Base Model,"4,2,6,5,3,1"
12769,Base Model,"3,1,6,2,5,4"
12770,Base Model,"4,3,6,2,5,1"
12771,Base Model,"2,5,1,3,4,6"
12772,Base Model,"5,2,6,3,1,4"
12773,Base Model,"1,6,2,5,4,3"
12774,Base Model,"2,4,6,1,3,5"
12775,Base Model,"1,6"
12776,Base Model,"3,6,1,2,5,4"
12777,Base Model,"3,6,2,5,4,1"
12778,Base Model,"2,6,1,4,3,5"
12779,Base Model,"3,6,2,5,1,4"
12780,Base Model,"2,5,3,6,1,4"
12781,Base Model,"2,4,6,5,1,3"
12782,Base Model,"4,2,6,5,1,3"
12783,Base Model,"4,6"
12784,Base Model,"3,4,1,2,5,6"
12785,Base Model,
12786,Base Model,
12787,Base Model,
12788,Base Model,"2,6,3,1,5,4"
12789,Base Model,"3,4,6,1,2,5"
12790,Base Model,"3,6,2,5,1,4"
12791,Base Model,"4,3,5,2,6,1"
12792,Base Model,"2,5,3,6,4,1"
12793,Base Model,
12794,Base Model,"1,2,3,4,5,6"
12795,Base Model,
12796,Base Model,"1,2,3"
12797,Base Model,"2,4,1,6,3,5"
12798,Base Model,"5,2,6,3,1,4"
12799,Base Model,
12800,Base Model,"3,6,2,5,1,4"
12801,Base Model,
12802,Base Model,"5,4,6,3,2,1"
12803,Base Model,"6,1,6"
12804,Base Model,"5,2,3,4,6,1"
12805,Base Model,"4,2,5,3,6,1"
12806,Base Model,"5,3,2,4,1,6"
12807,Base Model,"4,2,6,3,5,1"
12808,Base Model,"4,2,6,3,1,5"
12809,Base Model,"3,5,2,6,4,1"
12810,Base Model,"1,5,3,2,6,1"
12811,Base Model,"2,6,3,4,5,1"
12812,Base Model,"1,3,2,4,6,5"
12813,Base Model,"3,6,2,5,1,4"
12814,Base Model,"3,6,2,5,4,1"
12815,Base Model,
12816,Base Model,"3,5,2,6,4,1"
12817,Base Model,"4,2,5,1,3,6"
12818,Base Model,"2,5,4,3,6,1"
12819,Base Model,"3,5,2,4,1,6"
12820,Base Model,
12821,Base Model,"1,4,2,3,5,6"
12822,Base Model,"4,1,3,6,2,5"
12823,Base Model,"1,4,6,3,2,5"
12824,Base Model,
12825,Base Model,"3,2,6,5,1,4"
12826,Base Model,"4,3,2,1,5,6"
12827,Base Model,"3,2,6,5,1,4"
12828,Base Model,"6,6"
12829,Base Model,"4,2,6,3,5,1"
12830,Base Model,
12831,Base Model,"4,2,6,5,3,1"
12832,Base Model,"4,6,2,3,5,1"
12833,Base Model,
12834,Base Model,
12835,Base Model,"2,6,3,5,1,4"
12836,Base Model,"4,2,6,3,5,1"
12837,Base Model,
12838,Base Model,
12839,Base Model,"3,1,5,2,4,6"
12840,Base Model,
12841,Base Model,
12842,Base Model,"2,5,1,4,3,6"
12843,Base Model,
12844,Base Model,"2,5,4,3,6,1"
12845,Base Model,"6,1,6"
12846,Base Model,"3,2,6,4,5,1"
12847,Base Model,"2,6,4,3,5"
12848,Base Model,"6,3,5,2,6,4"
12849,Base Model,"3,1,6,2,5,4"
12850,Base Model,4
12851,Base Model,"1,5,3"
12852,Base Model,"2,5,6,3,1,4"
12853,Base Model,"4,2,3,6,5,1"
12854,Base Model,"3,6,5,2,4,1"
12855,Base Model,"1,4,2,6,5,3"
12856,Base Model,"2,5,1,4,6,3"
12857,Base Model,"3,5,2,6,1,4"
12858,Base Model,"1,2,3,4,5,3"
12859,Base Model,"2,4,5,3,6,2"
12860,Base Model,"3,6,2,5,1,4"
12861,Base Model,"2,4,6,3,5,1"
12862,Base Model,2
12863,Base Model,"2,6,3,1,5,4"
12864,Base Model,"5,2,6,3,1,4"
12865,Base Model,"4,2,6,3,5,1"
12866,Base Model,"1,2,4,3,5,6"
12867,Base Model,1
12868,Base Model,"1,6,6"
12869,Base Model,"2,5,1,3,4,6"
12870,Base Model,"3,6,1,5,4,2"
12871,Base Model,"6,4,1"
12872,Base Model,
12873,Base Model,"5,4,1,2,6,3"
12874,Base Model,"1,2,4,1,3,6"
12875,Base Model,"1,4,3,6,2,5"
12876,Base Model,"1,3,2,6,1,4"
12877,Base Model,"5,2,6,1,4,3"
12878,Base Model,
12879,Base Model,"3,5,2,6,4,1"
12880,Base Model,"2,4,3,6,5,1"
12881,Base Model,
12882,Base Model,"4,3,2,6,1,5"
12883,Base Model,"4,2,5,1,6,3"
12884,Base Model,"2,4,5,3,1,6"
12885,Base Model,"1,2,3,4,5,6"
12886,Base Model,"4,2,6,5,1,3"
12887,Base Model,
12888,Base Model,
12889,Base Model,"5,3,1,4"
12890,Base Model,
12891,Base Model,"4,2,6,1,5,3"
12892,Base Model,"4,2,6,1,5,3"
12893,Base Model,"3,6,2,4,1,5"
12894,Base Model,"2,6,3,3"
12895,Base Model,"3,6,2,5,4,1"
12896,Base Model,"1,2,5,3,6,4"
12897,Base Model,"2,5,3,4,1,6"
12898,Base Model,"1,6,1,6,1,6"
12899,Base Model,
12900,Base Model,"1,6,2,3,5,4"
12901,Base Model,"1,4,2,6,5,3"
12902,Base Model,"1,4,6,3,2,5"
12903,Base Model,
12904,Base Model,"3,1,6,2,5,4"
12905,Base Model,"1,5,2,2,3,4"
12906,Base Model,
12907,Base Model,"1,3,2,4,5,6"
12908,Base Model,"2,5,6,1,3,4"
12909,Base Model,"5,3,1,6,2,4"
12910,Base Model,"1,3,5,2,4,6"
12911,Base Model,"1,6,6"
12912,Base Model,"1,6,1,6,1,6"
12913,Base Model,"1,6,1,6,1,6"
12914,Base Model,"4,6,2,5,1,3"
12915,Base Model,"1,2,3,4,5,6"
12916,Base Model,"3,6,2,5,4,1"
12917,Base Model,"1,1,4,2,2,3"
12918,Base Model,6
12919,Base Model,"3,6,2,5,1,4"
12920,Base Model,"4,2,5,3,6,1"
12921,Base Model,
12922,Base Model,"4,2,6,5,3,1"
12923,Base Model,
12924,Base Model,
12925,Base Model,"5,3,6,2,1,4"
12926,Base Model,"4,3,6,2,5,1"
12927,Base Model,"1,2,3,4,5,3"
12928,Base Model,"4,3,1,6,2,5"
12929,Base Model,"3,6,2,5,4,1"
12930,Base Model,"3,6,5,1,4,2"
12931,Base Model,"2,4,6,1,5,3"
12932,Base Model,
12933,Base Model,"3,1,6,4,2,5"
12934,Base Model,
12935,Base Model,"4,3,2,6,5,1"
12936,Base Model,"6,3,5,2,1,4"
12937,Base Model,"1,3,6,2,5,4"
12938,Base Model,"4,2,6,3,1,5"
12939,Base Model,
12940,Base Model,"1,6,3,2,4,5"
12941,Base Model,"3,6,1,5,2,4"
12942,Base Model,"2,6,1,4,3,5"
12943,Base Model,"2,6,3,2,5,1"
12944,Base Model,"1,5,2,4,6,3"
12945,Base Model,"1,6,6"
12946,Base Model,"1,4,2,5,6,3"
12947,Base Model,"2,4,1,5,3,6"
12948,Base Model,"3,1,6,2,5,4"
12949,Base Model,"3,5,2,6,1,4"
12950,Base Model,"5,4,2,6,3,1"
12951,Base Model,"4,2,3,5,1,6"
12952,Base Model,"1,4,3,2,6,5"
12953,Base Model,"3,5,1,2,6,4"
12954,Base Model,"1,2,3,4,5,6"
12955,Base Model,"1,6,6"
12956,Base Model,
12957,Base Model,"2,4,1,3,5,6"
12958,Base Model,"2,5,3,6,4,1"
12959,Base Model,
12960,Base Model,"1,2,3,4,5,6"
12961,Base Model,
12962,Base Model,"3,5,4,6,2,5"
12963,Base Model,
12964,Base Model,"3,6,2,4,5,1"
12965,Base Model,"4,2,5,6,1,3"
12966,Base Model,"4,2,6,1,5,3"
12967,Base Model,"1,2,5,6,3,4"
12968,Base Model,"6,2,4,3,5,1"
12969,Base Model,"4,2,5,6,3,1"
12970,Base Model,"5,2,1,4,3,6"
12971,Base Model,
12972,Base Model,"1,1"
12973,Base Model,"4,2,5,1,6,3"
12974,Base Model,"1,6,6"
12975,Base Model,"3,2"
12976,Base Model,"4,2,6,1,3,5"
12977,Base Model,"5,2,6,1,3,4"
12978,Base Model,"1,6,3,4,2,5"
12979,Base Model,"3,4,2,5,6,3"
12980,Base Model,"1,3,2,6,3,5"
12981,Base Model,
12982,Base Model,"3,5,1,4,2,6"
12983,Base Model,"5,3,6,2,4,1"
12984,Base Model,
12985,Base Model,"2,5,3,6,1,4"
12986,Base Model,"2,5,1,4,3,6"
12987,Base Model,2
12988,Base Model,"5,3,2,6,1,4"
12989,Base Model,
12990,Base Model,"3,6,4,2,5,1"
12991,Base Model,
12992,Base Model,"3,6,1,2,4,5"
12993,Base Model,
12994,Base Model,6
12995,Base Model,"2,6,5,4,3,1"
12996,Base Model,
12997,Base Model,"3,5,6,2,1,4"
12998,Base Model,
12999,Base Model,
13000,Base Model,"1,4,2,6,3,5"
13001,Base Model,
13002,Base Model,"2,4,1,6,3,5"
13003,Base Model,6
13004,Base Model,"3,1,6,4,2,5"
13005,Base Model,
13006,Base Model,"1,3,4,2,6,1"
13007,Base Model,"1,2,5,4,3,6"
13008,Base Model,"3,6,2,5,4"
13009,Base Model,"1,6,4,3,5,2"
13010,Base Model,"1,6,6"
13011,Base Model,"2,4,6,5,2,3"
13012,Base Model,"1,4,2,5,6,3"
13013,Base Model,"6,1,6,5,2,4"
13014,Base Model,
13015,Base Model,
13016,Base Model,
13017,Base Model,"1,1,4"
13018,Base Model,"3,5,1,3,4,2"
13019,Base Model,"1,2,3,4,5,6"
13020,Base Model,"2,6,4,3,5,1"
13021,Base Model,"1,2,5,3,6,4"
13022,Base Model,
13023,Base Model,
13024,Base Model,"4,2,6,5,1,3"
13025,Base Model,
13026,Base Model,4
13027,Base Model,"2,6,4,3,5,1"
13028,Base Model,6
13029,Base Model,
13030,Base Model,"5,1,6"
13031,Base Model,"4,2,6,1,3,5"
13032,Base Model,
13033,Base Model,
13034,Base Model,"4,3,6,2,5,1"
13035,Base Model,"3,2,5,1,6,4"
13036,Base Model,"3,1,6,5,4,2"
13037,Base Model,"3,5,2,6,1"
13038,Base Model,"2,5,3,6,1,4"
13039,Base Model,
13040,Base Model,"3,1,6,4,5,2"
13041,Base Model,"3,5,2,6,1,4"
13042,Base Model,"3,6,2,5,4,1"
13043,Base Model,"3,6,2,5,4,1"
13044,Base Model,
13045,Base Model,"1,3,2,6,4,5"
13046,Base Model,"2,6,1,5,3,4"
13047,Base Model,"5,6,3,2,1,6"
13048,Base Model,"4,2,5,3,1,6"
13049,Base Model,"2,5,3,4,2,6"
13050,Base Model,"4,2,5,6,3,1"
13051,Base Model,"4,2,6,3,5,1"
13052,Base Model,
13053,Base Model,"3,6,2,5,1,4"
13054,Base Model,"4,3,6,2,5,1"
13055,Base Model,"1,4,2,3,3,2"
13056,Base Model,"5,2,4,6,3,1"
13057,Base Model,"1,3,2,5,4,6"
13058,Base Model,"2,4,6,3,5,1"
13059,Base Model,"2,6,4,5,3,1"
13060,Base Model,"2,5,3,6,1,4"
13061,Base Model,"1,2,4,6,3,5"
13062,Base Model,"3,2,6,5,4,1"
13063,Base Model,"3,4,6,2,3,5"
13064,Base Model,
13065,Base Model,"1,3,2,6,4,5"
13066,Base Model,"4,3,2,6,5,1"
13067,Base Model,"4,2,6,5,3,1"
13068,Base Model,"4,2,6,3,5,1"
13069,Base Model,"4,2,6,1,3,5"
13070,Base Model,"3,5,1,4,2,6"
13071,Base Model,"3,6,5,2,4,1"
13072,Base Model,"4,3,2,6,5,1"
13073,Base Model,"2,6,4,5,3,1"
13074,Base Model,"2,5,1,3,6,4"
13075,Base Model,"6,1,1,6"
13076,Base Model,"4,2,5,1,3,6"
13077,Base Model,"4,2,6,5,1,3"
13078,Base Model,"4,2,5,3,6,1"
13079,Base Model,"2,5,3,1,6,4"
13080,Base Model,6
13081,Base Model,"3,6,4,5,2,1"
13082,Base Model,"3,6,4,2,5,1"
13083,Base Model,
13084,Base Model,
13085,Base Model,
13086,Base Model,"4,3,6,2,5,1"
13087,Base Model,
13088,Base Model,
13089,Base Model,"1,6,6"
13090,Base Model,"3,6,1,5,2,4"
13091,Base Model,"1,4,6,3,2,5"
13092,Base Model,"1,6"
13093,Base Model,"2,6,4,3,5,1"
13094,Base Model,
13095,Base Model,"4,1,5,2,6,3"
13096,Base Model,"1,6,6"
13097,Base Model,"3,4,5,2,1,6"
13098,Base Model,"6,1,6"
13099,Base Model,"1,2,3,5,4,1"
13100,Base Model,"3,2,5,1,4,6"
13101,Base Model,"3,6,2,4,5,1"
13102,Base Model,"4,3,1,6,2,5"
13103,Base Model,"1,2,3,4,5"
13104,Base Model,"1,3,4,2,6,5"
13105,Base Model,"3,5,2,6,1,4"
13106,Base Model,"2,5,3,6,1,4"
13107,Base Model,"1,3,2,4,5,6"
13108,Base Model,"5,1"
13109,Base Model,"1,2,3,4,5,6"
13110,Base Model,"1,4,3,2,6,5"
13111,Base Model,"5,2,6,3,1,4"
13112,Base Model,
13113,Base Model,1
13114,Base Model,
13115,Base Model,"2,6,3,5,1,4"
13116,Base Model,
13117,Base Model,"1,3,2,6,5,4"
13118,Base Model,"4,3,2,1,6,5"
13119,Base Model,"2,3,5,6,4,5"
13120,Base Model,"3,6,2,5,1,4"
13121,Base Model,"3,6,2,5,1,4"
13122,Base Model,"3,6,5,2,4,3"
13123,Base Model,"4,2,6,3,1,5"
13124,Base Model,
13125,Base Model,"3,4,2,6,5,1"
13126,Base Model,"3,2,6,5,1,4"
13127,Base Model,"1,4,2,5,6,3"
13128,Base Model,"1,6,1,1"
13129,Base Model,
13130,Base Model,
13131,Base Model,"1,6,3,2,4,5"
13132,Base Model,"2,6,3,5,4,1"
13133,Base Model,"2,5,3,6,1,4"
13134,Base Model,
13135,Base Model,"5,3,2,6,1,4"
13136,Base Model,
13137,Base Model,"3,2,5,1,6,4"
13138,Base Model,"4,6,3"
13139,Base Model,"2,4,3,6,1,5"
13140,Base Model,
13141,Base Model,"1,6,1,6,1,6"
13142,Base Model,"5,2,6,1,3,4"
13143,Base Model,"2,5,1,4,3,6"
13144,Base Model,"5,4,2,6,3,1"
13145,Base Model,
13146,Base Model,"1,6,4,3,2,5"
13147,Base Model,"1,4,2,6,3,5"
13148,Base Model,
13149,Base Model,
13150,Base Model,"3,1,6,5,4,2"
13151,Base Model,"4,3,1,6,2,5"
13152,Base Model,"3,2,5,4,6,1"
13153,Base Model,"6,1,6"
13154,Base Model,"5,2,3,6,4,1"
13155,Base Model,"1,6,2,5,3,1"
13156,Base Model,"2,4,6,3,5,1"
13157,Base Model,
13158,Base Model,"6,1,6,3,6,5"
13159,Base Model,
13160,Base Model,"1,2,3,4,5,6"
13161,Base Model,"5,2,4,6,1,3"
13162,Base Model,"4,5"
13163,Base Model,
13164,Base Model,"5,2,6,3,1,4"
13165,Base Model,
13166,Base Model,6
13167,Base Model,"2,3,6,4,5,1"
13168,Base Model,"1,4,2,5,3,6"
13169,Base Model,"4,2,3,6,1,5"
13170,Base Model,"3,2,6,5,1,4"
13171,Base Model,"1,3,6,2,5,4"
13172,Base Model,"3,6,1,6"
13173,Base Model,
13174,Base Model,"1,4,2,6,5,3"
13175,Base Model,"5,2,6,3,1,4"
13176,Base Model,"4,6,2,5,3,1"
13177,Base Model,
13178,Base Model,"2,5,4,1,3,6"
13179,Base Model,"4,2,6,1,5,3"
13180,Base Model,"3,5,2,6,4,1"
13181,Base Model,"1,4,2,6,3,5"
13182,Base Model,"1,4,2,3,3,2"
13183,Base Model,"6,1,6,4,2"
13184,Base Model,"3,5,6,1,4,2"
13185,Base Model,"5,2,6,3,1,4"
13186,Base Model,"3,2,5,4,1,6"
13187,Base Model,"1,6,2,4,3,6"
13188,Base Model,
13189,Base Model,"1,3,4,2,5,6"
13190,Base Model,"5,2,6,3,1,4"
13191,Base Model,"5,2,6,1,3,4"
13192,Base Model,"1,2,3,4,5,6"
13193,Base Model,
13194,Base Model,
13195,Base Model,"2,6,4,1,5,3"
13196,Base Model,"2,5,4,6,3,1"
13197,Base Model,"3,5,1,6,4,2"
13198,Base Model,"3,5,2,6,1,4"
13199,Base Model,"6,2,4,5,1,3"
13200,Base Model,"2,5,3,1,4,6"
13201,Base Model,"4,2,5,6,1,3"
13202,Base Model,"4,3,2,6,5,1"
13203,Base Model,"1,6,6,1"
13204,Base Model,"2,4,6,3,1,5"
13205,Base Model,"2,3,4,1,6,2"
13206,Base Model,
13207,Base Model,"2,6,1,5,3,4"
13208,Base Model,"1,2,3,5,6,1"
13209,Base Model,"4,3,6,2,5,1"
13210,Base Model,5
13211,Base Model,"2,5,3,6,2,6"
13212,Base Model,"4,6,2,5,3,1"
13213,Base Model,"5,2,6,4,3"
13214,Base Model,
13215,Base Model,
13216,Base Model,"5,2,3,6,4,1"
13217,Base Model,
13218,Base Model,"1,6,2,4,3,5"
13219,Base Model,
13220,Base Model,
13221,Base Model,"1,6,2,4,3,3"
13222,Base Model,"2,3,1,6,3,5"
13223,Base Model,"4,3,6,2,5,1"
13224,Base Model,"3,1,6,5,2,4"
13225,Base Model,"1,4,3,2,5,6"
13226,Base Model,"3,6,5,1,4,2"
13227,Base Model,"3,6,4,5,2,1"
13228,Base Model,"2,4,1,5,3,6"
13229,Base Model,
13230,Base Model,"4,2,6,1,5,3"
13231,Base Model,"5,4,6,2,3,1"
13232,Base Model,"1,3,6,2,5,6"
13233,Base Model,"3,6,2,5,1,4"
13234,Base Model,"2,5,3,6,4,1"
13235,Base Model,"1,2,3,5,6,2"
13236,Base Model,"1,2,5,6,3,4"
13237,Base Model,"2,1,3"
13238,Base Model,
13239,Base Model,"6,1,6"
13240,Base Model,"5,2,1,6,3,4"
13241,Base Model,
13242,Base Model,"2,5,4,1,6,3"
13243,Base Model,"2,6,5,3,4,1"
13244,Base Model,"3,2,5,6,1,4"
13245,Base Model,
13246,Base Model,"3,2,6,1,4,5"
13247,Base Model,"2,4,6,1,3,5"
13248,Base Model,
13249,Base Model,"3,6,2,5,1,4"
13250,Base Model,"2,6,3,5,1,4"
13251,Base Model,"4,2,6,5,1,3"
13252,Base Model,"2,5,3,6,1,4"
13253,Base Model,"4,2,6,5,1,3"
13254,Base Model,"1,2,3,4,5"
13255,Base Model,"2,5,3,6,2,4"
13256,Base Model,"4,2,6,3,1,5"
13257,Base Model,"2,5,4,3,6,2"
13258,Base Model,"4,2,6,3,5,1"
13259,Base Model,
13260,Base Model,"4,3,6,2,5,1"
13261,Base Model,"4,2,6,3,5,1"
13262,Base Model,"5,3,6,2,5,4"
13263,Base Model,"1,3,2,4,6,5"
13264,Base Model,"3,4,5,2,6,1"
13265,Base Model,"3,6,2,5,4,1"
13266,Base Model,"3,2,6,1,5,4"
13267,Base Model,"3,4,6,2,5,1"
13268,Base Model,"4,3,2,6,5,1"
13269,Base Model,"1,4,3,6,2,5"
13270,Base Model,"2,5,6,1,3,4"
13271,Base Model,"1,4,2,5,3,6"
13272,Base Model,"1,4,2,5,3,6"
13273,Base Model,
13274,Base Model,
13275,Base Model,
13276,Base Model,"3,1,6,2,5,4"
13277,Base Model,"3,6,2,5"
13278,Base Model,
13279,Base Model,"1,3,2,6,3,2"
13280,Base Model,"1,3,5,2,4,6"
13281,Base Model,
13282,Base Model,"2,5,1,3,4,6"
13283,Base Model,"6,4,2,3,5,1"
13284,Base Model,"4,6,2,3,1,5"
13285,Base Model,"3,6,2,5,1,4"
13286,Base Model,"5,2,4,1,6,3"
13287,Base Model,"1,2,3,5,4,2"
13288,Base Model,"2,5,1,6,4,3"
13289,Base Model,"4,2,5,6,1,3"
13290,Base Model,"4,6,2,5,1,3"
13291,Base Model,"5,2,6,3,1,4"
13292,Base Model,"6,1,6"
13293,Base Model,
13294,Base Model,"5,2,6,3,1,4"
13295,Base Model,"4,2,6,3,1,5"
13296,Base Model,"4,2,5,6,1,3"
13297,Base Model,"1,4,2,6,3,5"
13298,Base Model,"1,2,3,4,5,6"
13299,Base Model,"3,6,1,2,5,4"
13300,Base Model,"3,2,6,1,4,5"
13301,Base Model,"4,2,6,5,1,3"
13302,Base Model,"4,2,6,5,3,1"
13303,Base Model,"4,3,6,2,5,1"
13304,Base Model,"4,3,6,5,2,1"
13305,Base Model,"1,3,5,2,4,6"
13306,Base Model,
13307,Base Model,"5,3,2,6,1,4"
13308,Base Model,"3,2,5,4,1,6"
13309,Base Model,"1,4,2,3,6,5"
13310,Base Model,"4,2,6,3,1,5"
13311,Base Model,"1,3,2,6,5,4"
13312,Base Model,
13313,Base Model,"4,2,6,5,1,3"
13314,Base Model,"4,6,1,2,5,3"
13315,Base Model,"1,5,2,6,3,4"
13316,Base Model,"1,3,2,4,3,6"
13317,Base Model,"1,2,6,3,5,4"
13318,Base Model,"4,2,6,3,5,1"
13319,Base Model,
13320,Base Model,"1,6"
13321,Base Model,"2,6,3,2,1,5"
13322,Base Model,"2,5,3,6,1,4"
13323,Base Model,"4,2,6,1,3,5"
13324,Base Model,"4,5,2,6,3,1"
13325,Base Model,"1,2,3,4,5,6"
13326,Base Model,
13327,Base Model,"2,5,4,6,3,1"
13328,Base Model,
13329,Base Model,"4,6,3,1,5,2"
13330,Base Model,"1,6,3,2,5,4"
13331,Base Model,"6,1,6"
13332,Base Model,"1,2,3,4,5,6"
13333,Base Model,"2,5,1,3,4,6"
13334,Base Model,"2,4,5,1,6,3"
13335,Base Model,"2,4,3,5,1"
13336,Base Model,"4,2,6,5,1,3"
13337,Base Model,
13338,Base Model,
13339,Base Model,"6,1,6"
13340,Base Model,"2,6"
13341,Base Model,"2,4,5,1,6,3"
13342,Base Model,"1,3,2,5,3,2"
13343,Base Model,"5,2,4,3,6,1"
13344,Base Model,
13345,Base Model,"4,1,6,3,2,5"
13346,Base Model,"1,2,6,3,4,5"
13347,Base Model,"1,2,4,3,6,1"
13348,Base Model,
13349,Base Model,"3,4,5,2,6,1"
13350,Base Model,"1,2,3,4"
13351,Base Model,"2,4,1,5,6,3"
13352,Base Model,"4,6,2,5,3,1"
13353,Base Model,"3,6,2,5,1,4"
13354,Base Model,6
13355,Base Model,"2,6,1,4,3,5"
13356,Base Model,
13357,Base Model,"3,4,2,6,5,1"
13358,Base Model,
13359,Base Model,"1,1,4,3,6,2"
13360,Base Model,"1,2,5,3,6,4"
13361,Base Model,
13362,Base Model,"1,6,1,6"
13363,Base Model,"1,6,3,6,5,2"
13364,Base Model,"1,3,6,5,2,4"
13365,Base Model,"2,4,5,3,6,1"
13366,Base Model,
13367,Base Model,"1,3,5,2,6,4"
13368,Base Model,"5,4,2,1,6,3"
13369,Base Model,
13370,Base Model,
13371,Base Model,
13372,Base Model,"1,3,2,6,4,5"
13373,Base Model,"1,2,6,3,4,5"
13374,Base Model,"6,1,6"
13375,Base Model,1
13376,Base Model,"2,5,6,3,1,4"
13377,Base Model,"1,5,3,2,4,5"
13378,Base Model,"1,2,3,4,5,6"
13379,Base Model,6
13380,Base Model,"1,2,3,4,5,6"
13381,Base Model,"4,1,6,5,2,3"
13382,Base Model,"4,2,6,3,1,5"
13383,Base Model,"2,4,1,3,5,6"
13384,Base Model,"2,4,6,1,5,3"
13385,Base Model,
13386,Base Model,"5,2,6,1,3,4"
13387,Base Model,"5,2,6,4,3,1"
13388,Base Model,"3,6,2,5,4,1"
13389,Base Model,"4,3,6,2,5,1"
13390,Base Model,"1,2,6"
13391,Base Model,"3,6,4,2,5,1"
13392,Base Model,"3,4,1,2,3,6"
13393,Base Model,"3,6,2,1,5,4"
13394,Base Model,
13395,Base Model,"3,4,5,2,6,1"
13396,Base Model,"1,3,5,3,4,5"
13397,Base Model,
13398,Base Model,"3,6,2,5,1,4"
13399,Base Model,"6,3,6,1"
13400,Base Model,"3,1,6,4,5,2"
13401,Base Model,"4,2,3,6,5,1"
13402,Base Model,"5,1,6,3,2,4"
13403,Base Model,"5,2,4,6,1,3"
13404,Base Model,
13405,Base Model,"3,2,6,5,4,1"
13406,Base Model,"3,5,2,6,3,1"
13407,Base Model,"2,5,1,4,6,3"
13408,Base Model,
13409,Base Model,"2,6,5,4,3,1"
13410,Base Model,6
13411,Base Model,"1,2,5,3,6,4"
13412,Base Model,
13413,Base Model,"5,2,1,3,6,4"
13414,Base Model,"5,1"
13415,Base Model,"6,6,6,6,6,6"
13416,Base Model,"3,6,5,2,4,1"
13417,Base Model,"1,6"
13418,Base Model,"2,4,1,3,6,5"
13419,Base Model,
13420,Base Model,"1,6,6"
13421,Base Model,"3,6,1,5,4,2"
13422,Base Model,"1,4,2,6,3,5"
13423,Base Model,"4,2,6,3,5,1"
13424,Base Model,"4,2,6,3,5,1"
13425,Base Model,"3,5,1,2,4,6"
13426,Base Model,"1,3,5,2,4,6"
13427,Base Model,"1,6,1,6,1,6"
13428,Base Model,"3,6,2,5,4,1"
13429,Base Model,"3,6,2,5,1,4"
13430,Base Model,"4,6,1,2,5,3"
13431,Base Model,"3,5,2,6,1,4"
13432,Base Model,"2,5,3,4,1,6"
13433,Base Model,"2,4,3,1,5,6"
13434,Base Model,"2,6,5,3,6,2"
13435,Base Model,"4,3,2,5,1,6"
13436,Base Model,6
13437,Base Model,"3,4,2,6,5,1"
13438,Base Model,"3,6,2,5,4,1"
13439,Base Model,"1,2,3,4,5,6"
13440,Base Model,"3,6,2,5,4,1"
13441,Base Model,"3,2,5,1,6,4"
13442,Base Model,
13443,Base Model,"6,1,6"
13444,Base Model,"6,1,6,1,6,1"
13445,Base Model,"2,3,1,5,6"
13446,Base Model,"3,4,2,6,5,1"
13447,Base Model,"1,2,5,6,3,4"
13448,Base Model,"2,5,3,6,4,1"
13449,Base Model,
13450,Base Model,
13451,Base Model,"4,2,6,5,1,3"
13452,Base Model,
13453,Base Model,
13454,Base Model,"5,4,2,6,1,3"
13455,Base Model,"3,6,2,5,4,1"
13456,Base Model,"3,6,2,5,4,1"
13457,Base Model,"6,1,6"
13458,Base Model,"4,2,6,1,3,5"
13459,Base Model,
13460,Base Model,
13461,Base Model,"5,3,6,2,5,1"
13462,Base Model,"1,3,2,4,6,1"
13463,Base Model,
13464,Base Model,"4,3,6,2,5,1"
13465,Base Model,
13466,Base Model,"4,3,6,2,5,1"
13467,Base Model,"3,6,2,5,4,1"
13468,Base Model,"1,5,6,2,3,4"
13469,Base Model,"4,3,6,1,2,5"
13470,Base Model,"3,5,2,6,1,4"
13471,Base Model,"4,2,6,3,5,1"
13472,Base Model,
13473,Base Model,"6,1"
13474,Base Model,"3,6,2,5,1,4"
13475,Base Model,"1,2,6,2,5,3"
13476,Base Model,"5,4,3,2,1,6"
13477,Base Model,
13478,Base Model,6
13479,Base Model,"4,2,3,6,5,1"
13480,Base Model,"5,3,1,2,6,4"
13481,Base Model,"1,6,6"
13482,Base Model,"4,3,6,2,5,1"
13483,Base Model,"4,3,6,2,5,1"
13484,Base Model,
13485,Base Model,"3,6,2,5,1,4"
13486,Base Model,
13487,Base Model,
13488,Base Model,"2,6,3,2,5,1"
13489,Base Model,"4,2,6,1,3,5"
13490,Base Model,"6,2,3,5,1,4"
13491,Base Model,"3,6,5,2,3,4"
13492,Base Model,"5,1,6,3,2,4"
13493,Base Model,
13494,Base Model,"2,4,6,1,5,3"
13495,Base Model,
13496,Base Model,
13497,Base Model,
13498,Base Model,"4,2,6,1,5,3"
13499,Base Model,
13500,Base Model,"5,3,1,6,4,2"
13501,Base Model,"3,2,5,1,6,4"
13502,Base Model,
13503,Base Model,"3,4,6,5,1,2"
13504,Base Model,"5,4,2,6,3,1"
13505,Base Model,
13506,Base Model,"3,6,5,4,2,6"
13507,Base Model,"3,6,2,1,4,5"
13508,Base Model,"4,1,6,5,3,2"
13509,Base Model,"1,4,2,5,6,3"
13510,Base Model,
13511,Base Model,
13512,Base Model,"3,1,6,5,2"
13513,Base Model,"2,5,4,6,3,5"
13514,Base Model,"1,2,5,3,6,4"
13515,Base Model,"1,6,4,2,5,3"
13516,Base Model,"6,6"
13517,Base Model,"4,2,6,1,3,5"
13518,Base Model,"1,6"
13519,Base Model,"4,2,6,1,5,3"
13520,Base Model,
13521,Base Model,"1,3,2,5,6,4"
13522,Base Model,"3,5,1,2,6,4"
13523,Base Model,"3,5,2,6,4,1"
13524,Base Model,"5,2,4,1,6,3"
13525,Base Model,"1,3,6,4,5,2"
13526,Base Model,
13527,Base Model,"3,1,6,4,2,5"
13528,Base Model,"1,6"
13529,Base Model,"1,4"
13530,Base Model,"1,2,3,4,5,6"
13531,Base Model,"4,2,6,3,1,5"
13532,Base Model,"4,2,5,3,6,1"
13533,Base Model,
13534,Base Model,"2,5,6,3,1,4"
13535,Base Model,
13536,Base Model,
13537,Base Model,"4,2,3,1,6,5"
13538,Base Model,"3,2,6,1,5,4"
13539,Base Model,"1,2,3,4,5,6"
13540,Base Model,"3,6,2,5,4,1"
13541,Base Model,"4,2,6,3,1,5"
13542,Base Model,"2,5,6,3,1,4"
13543,Base Model,"2,5,3,1,6,4"
13544,Base Model,
13545,Base Model,"1,4,2,6,3,5"
13546,Base Model,"3,2,6,1,5,4"
13547,Base Model,
13548,Base Model,
13549,Base Model,"5,2,1,6,3,4"
13550,Base Model,"4,2,5,1,6,3"
13551,Base Model,"2,5,3,6,4,1"
13552,Base Model,
13553,Base Model,
13554,Base Model,
13555,Base Model,"1,6,6,1,6,2"
13556,Base Model,"2,6,4,1,5,3"
13557,Base Model,
13558,Base Model,"1,2,5,3,4,6"
13559,Base Model,"1,1,6,2,1,6"
13560,Base Model,"2,6,3,1,4,5"
13561,Base Model,"3,6,1,4,5,2"
13562,Base Model,"4,2,6,3,1,5"
13563,Base Model,
13564,Base Model,
13565,Base Model,"3,5,2,4,1,6"
13566,Base Model,"6,6,1,6,1,6"
13567,Base Model,"3,5,2,6,4,1"
13568,Base Model,"1,2,6,4,5,3"
13569,Base Model,
13570,Base Model,"3,6,2,5,4,1"
13571,Base Model,"2,5,4,6,3,1"
13572,Base Model,"4,2,6,3,1,5"
13573,Base Model,
13574,Base Model,"3,6,2,5,1,4"
13575,Base Model,"1,4,2,5,6,3"
13576,Base Model,
13577,Base Model,6
13578,Base Model,"1,4,2,2,3,5"
13579,Base Model,"3,2,6,4,5,1"
13580,Base Model,"3,2,5,6,4,1"
13581,Base Model,"3,6,1,5,2,4"
13582,Base Model,"4,2,6,3,5,1"
13583,Base Model,"2,3,6,1,4,5"
13584,Base Model,"1,3,2,6,3,5"
13585,Base Model,"1,2,3,1,2,6"
13586,Base Model,"4,3,6,2,5,1"
13587,Base Model,"4,3,2,5,1,6"
13588,Base Model,1
13589,Base Model,"2,5,3,6,4,1"
13590,Base Model,"3,6,2,5,4,1"
13591,Base Model,"4,3,1,5,2,6"
13592,Base Model,
13593,Base Model,"2,5,4,3,6,1"
13594,Base Model,"3,5,2,4,6,1"
13595,Base Model,"1,4,2,6,5,3"
13596,Base Model,"3,2,5,6,4,1"
13597,Base Model,"1,2,6,4,3,5"
13598,Base Model,"4,2,6,5,3,1"
13599,Base Model,"1,2,3,2,6,5"
13600,Base Model,
13601,Base Model,"1,3,5,4,2,6"
13602,Base Model,
13603,Base Model,
13604,Base Model,"4,2,6,3,5,1"
13605,Base Model,
13606,Base Model,"4,2,6,5,1,3"
13607,Base Model,"3,4,5,2,6,1"
13608,Base Model,"3,2,6,1,5,4"
13609,Base Model,
13610,Base Model,"5,2,3,6,4,1"
13611,Base Model,"4,2,6,1,3,5"
13612,Base Model,"3,5,2,6,1,4"
13613,Base Model,"4,2,6,5,1,3"
13614,Base Model,"4,2,6,3,5,1"
13615,Base Model,
13616,Base Model,"1,2,3,5,6,1"
13617,Base Model,
13618,Base Model,
13619,Base Model,
13620,Base Model,"5,2,6,1,4,3"
13621,Base Model,"2,5,4,3,6,1"
13622,Base Model,
13623,Base Model,"3,6,1,4,2,5"
13624,Base Model,"1,1,2,2,3,3"
13625,Base Model,"3,5,2,6,4,1"
13626,Base Model,"3,1,6,4,2,5"
13627,Base Model,
13628,Base Model,"1,4,2,3,6,5"
13629,Base Model,"1,2,3,4,5,6"
13630,Base Model,"6,1,6"
13631,Base Model,
13632,Base Model,
13633,Base Model,"4,3,2,5,6,1"
13634,Base Model,"2,5,6,1,4,3"
13635,Base Model,"4,6,3,5,2,1"
13636,Base Model,"2,4,6,5,3,1"
13637,Base Model,"3,6,2,5,1,4"
13638,Base Model,"2,6,5,3,1,4"
13639,Base Model,"1,4,3,6,2,5"
13640,Base Model,6
13641,Base Model,"1,2,4,3,6,5"
13642,Base Model,
13643,Base Model,"4,6,2,3,5,1"
13644,Base Model,
13645,Base Model,"1,2,3,4,5,6"
13646,Base Model,"4,2,5,1,6,3"
13647,Base Model,"1,6,6"
13648,Base Model,
13649,Base Model,"3,6,4,2,5,1"
13650,Base Model,"1,5,3,2,6,4"
13651,Base Model,"5,3,6,4,2,5"
13652,Base Model,
13653,Base Model,"3,6,4,2,5,1"
13654,Base Model,
13655,Base Model,
13656,Base Model,"5,3,2,6,1,4"
13657,Base Model,"6,1,6"
13658,Base Model,"5,2,6,3,1,4"
13659,Base Model,"4,2,5,1,6,3"
13660,Base Model,"1,6,6"
13661,Base Model,"1,3,4,6,5,2"
13662,Base Model,"2,4,6,1,3,5"
13663,Base Model,"3,6,2,5,4,1"
13664,Base Model,
13665,Base Model,"3,5,2,4,6,1"
13666,Base Model,"4,1,3,6,2,5"
13667,Base Model,"4,2,6,3,5,1"
13668,Base Model,"4,1,6,3,5,2"
13669,Base Model,
13670,Base Model,"3,2,6,5,1,4"
13671,Base Model,"3,5,1,6,2,4"
13672,Base Model,"3,5,2,6,1,4"
13673,Base Model,"1,5,2,2,3,6"
13674,Base Model,"4,3,6,2,5,1"
13675,Base Model,"3,1,5,2,4,6"
13676,Base Model,"3,5,2,6,3,1"
13677,Base Model,"1,3,5,2,6,4"
13678,Base Model,
13679,Base Model,
13680,Base Model,"3,4,2,5,1,6"
13681,Base Model,"4,2,6,1,5,3"
13682,Base Model,"2,5,3,1,6,4"
13683,Base Model,
13684,Base Model,"4,3,6,5,2,1"
13685,Base Model,"2,5,3,6,2,4"
13686,Base Model,"3,6,2,5,1,4"
13687,Base Model,6
13688,Base Model,"6,4,3,3,4,3"
13689,Base Model,6
13690,Base Model,"1,2,3,4,5,6"
13691,Base Model,"1,6,6,1,6"
13692,Base Model,"5,2,3,6,4,1"
13693,Base Model,
13694,Base Model,"4,6,2,5,1,3"
13695,Base Model,"1,6,3,5,2,4"
13696,Base Model,2
13697,Base Model,
13698,Base Model,"3,2,6,5,4,1"
13699,Base Model,"1,4,2,3,3,5"
13700,Base Model,"1,2,3,4,5,6"
13701,Base Model,"1,2,3,4,5,6"
13702,Base Model,"4,6,3,5,2,1"
13703,Base Model,"4,2,5,1,3,6"
13704,Base Model,"2,5,1,6,3,4"
13705,Base Model,"1,3,5,2,6,1"
13706,Base Model,"3,6,1,4,2,5"
13707,Base Model,"3,6,2,5,1,4"
13708,Base Model,
13709,Base Model,"1,5"
13710,Base Model,"6,6"
13711,Base Model,3
13712,Base Model,"1,6,6"
13713,Base Model,"3,6,1,4,2,5"
13714,Base Model,"6,4,2,5,1,3"
13715,Base Model,"1,2,3,4,5,6"
13716,Base Model,"3,6,2,5,4,1"
13717,Base Model,"4,2,6,3,1,5"
13718,Base Model,"1,2,3,4,5,6"
13719,Base Model,
13720,Base Model,
13721,Base Model,"3,2,5,1,6,4"
13722,Base Model,"1,3,4,2,6,5"
13723,Base Model,"4,3,6,2,5,1"
13724,Base Model,"2,4,5,1,6,3"
13725,Base Model,"1,6,2,3,5,6"
13726,Base Model,"3,5,1,2,6,4"
13727,Base Model,"6,6"
13728,Base Model,"1,6,1,6,1,6"
13729,Base Model,
13730,Base Model,"2,5,4,3,6,1"
13731,Base Model,
13732,Base Model,"2,5,3,6,1,4"
13733,Base Model,"4,2,6,1,3,5"
13734,Base Model,"3,5,6,2,4,1"
13735,Base Model,
13736,Base Model,
13737,Base Model,"2,6,4,3,5,1"
13738,Base Model,
13739,Base Model,"1,4,2,6,3,5"
13740,Base Model,"3,4,2,6,1,5"
13741,Base Model,
13742,Base Model,"1,4,3,5,2,6"
13743,Base Model,
13744,Base Model,"4,2,6,5,3,1"
13745,Base Model,"2,6,4,3,1,5"
13746,Base Model,"4,3,2,6,5,1"
13747,Base Model,"5,4,6,3,1,2"
13748,Base Model,"5,1,6,2,4,3"
13749,Base Model,"1,4,3,6,2,5"
13750,Base Model,"1,3,2,6,5,4"
13751,Base Model,"3,5,1,6,2,4"
13752,Base Model,"3,1,6,5,2,4"
13753,Base Model,
13754,Base Model,
13755,Base Model,
13756,Base Model,"6,1,6"
13757,Base Model,"2,6,3,1,5,4"
13758,Base Model,
13759,Base Model,"5,3,1,4,2,6"
13760,Base Model,
13761,Base Model,"3,4,2,5,1,6"
13762,Base Model,"3,1,2,6,5,4"
13763,Base Model,"4,1,3,6,2,5"
13764,Base Model,"6,1,6"
13765,Base Model,"1,5,4,3,2,6"
13766,Base Model,"3,6,2,5,1,4"
13767,Base Model,
13768,Base Model,"4,3,2,5,6,1"
13769,Base Model,"6,3,4,2,5,6"
13770,Base Model,"3,2,4,6,5,1"
13771,Base Model,
13772,Base Model,"1,3,2,6,4,5"
13773,Base Model,
13774,Base Model,"3,2,6,5,4,1"
13775,Base Model,"3,6,2,5,1,4"
13776,Base Model,
13777,Base Model,
13778,Base Model,"3,6,4,2,1,5"
13779,Base Model,"4,3,1,6,5,2"
13780,Base Model,"3,6,4,2,5,1"
13781,Base Model,"2,5,6,4,3,1"
13782,Base Model,"3,5,1,2,6,4"
13783,Base Model,"4,2,5,1,3,6"
13784,Base Model,
13785,Base Model,"1,2,3,4,5,6"
13786,Base Model,
13787,Base Model,"4,3,2,6,1,5"
13788,Base Model,"3,1,5,2,6,4"
13789,Base Model,"2,5,3,6,4,1"
13790,Base Model,"3,5,1,4,2,6"
13791,Base Model,"4,3,6,2,5,1"
13792,Base Model,"4,3,2,6,1,5"
13793,Base Model,"1,3,2,4,5,6"
13794,Base Model,"5,3,6,1,4,2"
13795,Base Model,"4,3,6,2,5,1"
13796,Base Model,"6,1,6"
13797,Base Model,
13798,Base Model,
13799,Base Model,"1,3,2,6,5,4"
13800,Base Model,"4,3,6,2,5,1"
13801,Base Model,"1,3,2,6,5,4"
13802,Base Model,"1,4,2,5,3,6"
13803,Base Model,"1,6,1,2,6"
13804,Base Model,"2,5,4,6,3,1"
13805,Base Model,"5,3,2,6,1,4"
13806,Base Model,"2,4,5,3,1,6"
13807,Base Model,"1,2,3,2,4,3"
13808,Base Model,"4,3,6,2,5,1"
13809,Base Model,"4,2,5,6,3,1"
13810,Base Model,
13811,Base Model,"1,2,6"
13812,Base Model,"1,6,1,6,1,6"
13813,Base Model,"4,2,5,1,6,3"
13814,Base Model,
13815,Base Model,"4,1,3,6,2,5"
13816,Base Model,"4,2,6,3,5,1"
13817,Base Model,"5,3,6,4,2,1"
13818,Base Model,"6,1,6,2,4,1"
13819,Base Model,"5,2,6,3,1,4"
13820,Base Model,"2,5,3,6,1,4"
13821,Base Model,"1,3,4,2,5,6"
13822,Base Model,"1,6,1,6,1,6"
13823,Base Model,"3,2,6,5,4,1"
13824,Base Model,"3,6,2,1,5,4"
13825,Base Model,"5,2,6,3,1,4"
13826,Base Model,"3,2,6,1,5,4"
13827,Base Model,
13828,Base Model,"1,3,5,2,6,4"
13829,Base Model,
13830,Base Model,"4,2,6,3,1,5"
13831,Base Model,
13832,Base Model,
13833,Base Model,"3,2,6,5,1"
13834,Base Model,
13835,Base Model,"3,4,2,6,5,1"
13836,Base Model,
13837,Base Model,"4,2,3,5,6"
13838,Base Model,"5,3,2,6,1,4"
13839,Base Model,"2,5,3,6,4,1"
13840,Base Model,"5,1,2,3,4,6"
13841,Base Model,"1,2,5,4,3,6"
13842,Base Model,"6,4,1,6,3,5"
13843,Base Model,
13844,Base Model,
13845,Base Model,"5,2,1,4,6,3"
13846,Base Model,"4,3,2,6,1,5"
13847,Base Model,"4,2,3,5,6,1"
13848,Base Model,
13849,Base Model,"1,3,5,2,6,4"
13850,Base Model,"3,5,1,2,6,4"
13851,Base Model,"5,2,6,3,1,4"
13852,Base Model,"2,5,3,1,6,4"
13853,Base Model,"3,4,6,1,2,5"
13854,Base Model,"3,6,2,5,4,1"
13855,Base Model,
13856,Base Model,"4,2,6,5,1,3"
13857,Base Model,"1,5,2,6,1,4"
13858,Base Model,"4,2,6,5,1,3"
13859,Base Model,"6,1,6"
13860,Base Model,"2,5,1,6,3,4"
13861,Base Model,"1,5,2,6,3,4"
13862,Base Model,"1,3,2,6,3,2"
13863,Base Model,"4,2,6,5,3,1"
13864,Base Model,"3,6,2,5,4,1"
13865,Base Model,"2,6,3,5,4,1"
13866,Base Model,"6,1,6,1"
13867,Base Model,"3,5,6,2,3,4"
13868,Base Model,"4,2,3,6,1,5"
13869,Base Model,"3,6,2,5,1,4"
13870,Base Model,"4,6,3,5,2,1"
13871,Base Model,
13872,Base Model,"4,1,6,2,5,3"
13873,Base Model,"3,6,2,5,1,4"
13874,Base Model,"1,4,3,2,6,5"
13875,Base Model,"6,1,6,4,3,5"
13876,Base Model,"1,6,6"
13877,Base Model,"1,4,2,3,6,5"
13878,Base Model,"5,3,2,6,1,4"
13879,Base Model,"4,2,6,3,5,1"
13880,Base Model,"2,5,1,6,3,4"
13881,Base Model,"1,3,5,2,4,6"
13882,Base Model,
13883,Base Model,"2,5,6,3,4,1"
13884,Base Model,"4,6,3,5,2,1"
13885,Base Model,"5,1,3,5,2,6"
13886,Base Model,"1,6,6"
13887,Base Model,"4,2,6,5,3,1"
13888,Base Model,"3,5,2,1,6,4"
13889,Base Model,
13890,Base Model,"1,6,1,6,1,6"
13891,Base Model,
13892,Base Model,
13893,Base Model,
13894,Base Model,
13895,Base Model,"5,3,6,2,4,1"
13896,Base Model,1
13897,Base Model,
13898,Base Model,"3,6,2,4,5,1"
13899,Base Model,
13900,Base Model,
13901,Base Model,
13902,Base Model,"1,2,3,4,5,6"
13903,Base Model,6
13904,Base Model,
13905,Base Model,
13906,Base Model,"3,6,2,5,1,4"
13907,Base Model,"1,5,3,2,4,6"
13908,Base Model,
13909,Base Model,3
13910,Base Model,5
13911,Base Model,"3,5,2,6,1,4"
13912,Base Model,"6,1,6"
13913,Base Model,
13914,Base Model,"2,4,6,3,5,1"
13915,Base Model,"2,5,1,4,3,6"
13916,Base Model,"2,4,5,2,1,6"
13917,Base Model,"4,3,6,2,5,1"
13918,Base Model,
13919,Base Model,"1,6,6"
13920,Base Model,"5,2,4,3,1,6"
13921,Base Model,"2,5,3,6,1,4"
13922,Base Model,"6,1,2,3,4,5"
13923,Base Model,"3,4,2,5,1,6"
13924,Base Model,"6,1,6"
13925,Base Model,"2,4,3,6,5,1"
13926,Base Model,"5,3,1,6,2,4"
13927,Base Model,"2,6,1,5,3,4"
13928,Base Model,"5,3,2,4,6,1"
13929,Base Model,"6,6"
13930,Base Model,"2,5,6,3,4,5"
13931,Base Model,"1,6"
13932,Base Model,
13933,Base Model,"1,3,2,5,4,6"
13934,Base Model,"2,4,1,6,3"
13935,Base Model,
13936,Base Model,
13937,Base Model,"3,6,2,5,1,4"
13938,Base Model,"4,2,6,5,1,3"
13939,Base Model,
13940,Base Model,
13941,Base Model,"2,5,4,6,1,3"
13942,Base Model,"1,3,2,6,4,5"
13943,Base Model,"4,2,3,6,5,1"
13944,Base Model,"3,6,2,1,5,4"
13945,Base Model,"1,3,5,2,6,4"
13946,Base Model,"2,6,4,5,3,1"
13947,Base Model,
13948,Base Model,"3,6,2,5,4,1"
13949,Base Model,
13950,Base Model,"3,1,6,2,5,4"
13951,Base Model,"3,2,6,5,4,1"
13952,Base Model,"1,3,5,2,6,4"
13953,Base Model,
13954,Base Model,"2,5,3,1,4,6"
13955,Base Model,"5,3,6,4,2,1"
13956,Base Model,
13957,Base Model,"1,3,5,2,6,4"
13958,Base Model,"2,5,1,3,4,6"
13959,Base Model,"1,3,4,5,2,6"
13960,Base Model,"2,4,6,5,3,1"
13961,Base Model,"3,6,1,2,5,4"
13962,Base Model,"5,2,1,6,3,5"
13963,Base Model,"6,1,6,1,6,1"
13964,Base Model,"2,4,3,6,5,1"
13965,Base Model,"4,2,3,1,5,6"
13966,Base Model,"3,6,1,5,4,2"
13967,Base Model,"3,4,2,6,1,5"
13968,Base Model,"2,4,3,6,5,1"
13969,Base Model,"3,6,2,5,4,1"
13970,Base Model,
13971,Base Model,"6,1,6"
13972,Base Model,
13973,Base Model,
13974,Base Model,"6,1,6"
13975,Base Model,"3,5,2,6,4,1"
13976,Base Model,
13977,Base Model,"2,5,1,4,6,3"
13978,Base Model,"2,5,1,4,6,3"
13979,Base Model,"3,6,1,5,4,2"
13980,Base Model,"4,3,6,2,5,1"
13981,Base Model,
13982,Base Model,"2,3,5,4,6,3"
13983,Base Model,"4,2,6,3,1,5"
13984,Base Model,"3,6,1,4,2,5"
13985,Base Model,"2,4,5,1,3,6"
13986,Base Model,"4,6,2,5,3,1"
13987,Base Model,
13988,Base Model,"6,4,2,5,3,1"
13989,Base Model,
13990,Base Model,"3,2,6,1,5,4"
13991,Base Model,"2,5,6,4,3,1"
13992,Base Model,"4,2,6,5,1,3"
13993,Base Model,"1,1,1,1,1,1"
13994,Base Model,"1,4,3,2,6,5"
13995,Base Model,"1,4,6,2,3,5"
13996,Base Model,
13997,Base Model,"3,4,5,6,3,2"
13998,Base Model,
13999,Base Model,"3,4,5,6,2,1"
14000,Base Model,
14001,Base Model,"4,3,6,2,1,5"
14002,Base Model,"1,6,6"
14003,Base Model,
14004,Base Model,"1,3,5,4,2"
14005,Base Model,"2,6,3,5,1,4"
14006,Base Model,
14007,Base Model,"3,6,2,5,4,1"
14008,Base Model,
14009,Base Model,"4,2,6,5,1,3"
14010,Base Model,"3,6,1,4,5,2"
14011,Base Model,"1,6"
14012,Base Model,"2,4,6,3,5,1"
14013,Base Model,
14014,Base Model,"1,4,3,6,2,5"
14015,Base Model,"4,2,6,3,5,1"
14016,Base Model,"5,4,2,6,3,1"
14017,Base Model,"3,5,1,6,2,4"
14018,Base Model,"4,2,6,3,1,5"
14019,Base Model,
14020,Base Model,"3,6,2,5,4,1"
14021,Base Model,"3,5,1,2,6,4"
14022,Base Model,"3,4,2,6,1,5"
14023,Base Model,"4,2,3,6,5,1"
14024,Base Model,"2,6,3,5,4,1"
14025,Base Model,"2,6,3,4,2,5"
14026,Base Model,"1,2,3,4,5,6"
14027,Base Model,
14028,Base Model,"2,5,3,6,2,1"
14029,Base Model,"6,6,5,3,2"
14030,Base Model,
14031,Base Model,"1,4,2,5,6,3"
14032,Base Model,"5,3,6,2,4,1"
14033,Base Model,"2,1,5,4,3"
14034,Base Model,
14035,Base Model,1
14036,Base Model,"6,6,1"
14037,Base Model,"3,6,2,5,1,4"
14038,Base Model,"3,2,5,4,1,6"
14039,Base Model,"4,2,6,5,3,1"
14040,Base Model,"2,6,4,1,3,5"
14041,Base Model,"4,6,2,5,3,1"
14042,Base Model,"3,5,1,2,6,4"
14043,Base Model,
14044,Base Model,"6,1,6,3,6,2"
14045,Base Model,
14046,Base Model,"2,5,3,4,6,1"
14047,Base Model,"5,2,6"
14048,Base Model,"1,3,6,2,5,4"
14049,Base Model,"1,3,5,4,6,2"
14050,Base Model,
14051,Base Model,
14052,Base Model,"2,6,3,4,2,6"
14053,Base Model,"3,2,5,4,1,6"
14054,Base Model,"1,6,6"
14055,Base Model,"6,1,6,1"
14056,Base Model,"1,2,3,4,5,6"
14057,Base Model,
14058,Base Model,"3,6,2,5,4,1"
14059,Base Model,"2,4,6,3,1,5"
14060,Base Model,"1,5,4,2,3,6"
14061,Base Model,
14062,Base Model,"1,3,5,2,6,4"
14063,Base Model,"5,3,1,6,2,4"
14064,Base Model,
14065,Base Model,"1,2,5,3,6"
14066,Base Model,
14067,Base Model,"4,2,6,1,3,5"
14068,Base Model,"2,6,5,3,4,1"
14069,Base Model,"3,6,2,5,4,1"
14070,Base Model,"1,6,6"
14071,Base Model,"1,4,2,6,5,3"
14072,Base Model,"1,6,5,3,2,6"
14073,Base Model,"2,5,1,3,6,4"
14074,Base Model,"1,2,3,4,5"
14075,Base Model,
14076,Base Model,
14077,Base Model,
14078,Base Model,"3,6,2,1,5,4"
14079,Base Model,"3,2,5,6,1,4"
14080,Base Model,"2,5,1,6,4,3"
14081,Base Model,"1,2,3,4,5,6"
14082,Base Model,"3,6,2,5,1,4"
14083,Base Model,
14084,Base Model,"2,4,1,6,5,3"
14085,Base Model,
14086,Base Model,"1,2,2,5,3,6"
14087,Base Model,
14088,Base Model,"1,5,3,6,2,4"
14089,Base Model,"5,2,6,3,4,1"
14090,Base Model,"3,6,1,5,2,4"
14091,Base Model,
14092,Base Model,"1,6,5,4,3,3"
14093,Base Model,"1,3,4,1,5,2"
14094,Base Model,"5,2,6,3,1,4"
14095,Base Model,"3,1,5,6,2,4"
14096,Base Model,"5,2,4,6,3,1"
14097,Base Model,
14098,Base Model,"4,2,6,1,3,5"
14099,Base Model,"5,2,3,6,1,4"
14100,Base Model,"2,6,5,1,4,3"
14101,Base Model,"5,3,2,6,4,1"
14102,Base Model,"4,3,6,2,5,1"
14103,Base Model,
14104,Base Model,
14105,Base Model,"4,2,6,3,5,1"
14106,Base Model,"1,6,4,2,6,2"
14107,Base Model,"5,3,2,6,1,4"
14108,Base Model,
14109,Base Model,"5,3,2,6,1,4"
14110,Base Model,"3,2,6,1,5,4"
14111,Base Model,"1,2,3,4,5,6"
14112,Base Model,"4,2,6,1,5,3"
14113,Base Model,"2,6,5,3,1,4"
14114,Base Model,"3,4,5,6,3,4"
14115,Base Model,
14116,Base Model,"5,2,6,3,1,4"
14117,Base Model,"2,5,4,3,6,1"
14118,Base Model,
14119,Base Model,"1,6,1,6"
14120,Base Model,"4,2,6,1,3,5"
14121,Base Model,
14122,Base Model,"4,1,6,2,3,5"
14123,Base Model,"2,5,3,1,6,4"
14124,Base Model,"5,2,6,3,1,4"
14125,Base Model,"1,2,4,3,6,5"
14126,Base Model,"2,4,6,1,3,5"
14127,Base Model,"5,2,6,3,1,4"
14128,Base Model,"1,5,3,2,6,4"
14129,Base Model,"1,6"
14130,Base Model,"6,3,3"
14131,Base Model,"1,3,2,4,5,6"
14132,Base Model,"1,3,2,6,4,5"
14133,Base Model,"2,3,4,5,2,1"
14134,Base Model,"1,2,3,4,5,6"
14135,Base Model,
14136,Base Model,"3,4,6,2,5,1"
14137,Base Model,"5,3,2,6,4,1"
14138,Base Model,"6,1,6"
14139,Base Model,"4,2,6,1,3,5"
14140,Base Model,"3,5,6,2,1,4"
14141,Base Model,"3,4,1,2,5,6"
14142,Base Model,
14143,Base Model,"3,4,1,6,2,5"
14144,Base Model,"1,2,3,4,5"
14145,Base Model,"2,5,3,1,4,6"
14146,Base Model,"4,2,6,3,1,5"
14147,Base Model,
14148,Base Model,"1,2,3,4,5,6"
14149,Base Model,"3,5,2,6,1,4"
14150,Base Model,"1,2,3,4,5,6"
14151,Base Model,
14152,Base Model,
14153,Base Model,"1,2,3,4,5,6"
14154,Base Model,
14155,Base Model,"4,6,2,5,3,1"
14156,Base Model,
14157,Base Model,
14158,Base Model,6
14159,Base Model,"3,6,2,5,1,4"
14160,Base Model,"4,3,1,5,2,6"
14161,Base Model,"6,1,6,6,1,6"
14162,Base Model,"1,3,2,4,6,2"
14163,Base Model,"5,3,2,6,4,1"
14164,Base Model,
14165,Base Model,"1,4,2,6,5,3"
14166,Base Model,"4,2,6,3,1,5"
14167,Base Model,"4,2,6,1,3,5"
14168,Base Model,"1,2,4,2,6,1"
14169,Base Model,"6,3,4,5,1"
14170,Base Model,"1,5,2,3,4"
14171,Base Model,"2,5,3,6,2,4"
14172,Base Model,"3,2,5,1,6,4"
14173,Base Model,"2,4,3,6,1,5"
14174,Base Model,"3,2,6,4,5,1"
14175,Base Model,"2,5,3,1,1,5"
14176,Base Model,"2,5,1,6,3,4"
14177,Base Model,"3,6,2,5,1,4"
14178,Base Model,"3,6,2,4,5,1"
14179,Base Model,"5,3,1,2,6,4"
14180,Base Model,
14181,Base Model,
14182,Base Model,"1,4,3,2,6,5"
14183,Base Model,"5,3,2,6,1,4"
14184,Base Model,"5,2,4,1,6,3"
14185,Base Model,"1,6"
14186,Base Model,"5,3,1,2,6,4"
14187,Base Model,"1,4,3,2,6,5"
14188,Base Model,
14189,Base Model,"3,4,5,1,2,6"
14190,Base Model,"6,1,6"
14191,Base Model,"4,6,2,5,3,1"
14192,Base Model,"1,2,3,4,5,6"
14193,Base Model,1
14194,Base Model,"4,6,3,2,5,1"
14195,Base Model,"1,6,6"
14196,Base Model,"3,4,2,5,6,1"
14197,Base Model,"4,2,1,3,5,6"
14198,Base Model,"2,6,3,5,4,1"
14199,Base Model,"2,5,4,6,1,3"
14200,Base Model,"2,6,4,1,3,5"
14201,Base Model,"5,3,2,6,1,4"
14202,Base Model,"3,5,2,6,1,4"
14203,Base Model,"1,2,3,4,5,6"
14204,Base Model,"1,2,5,3,6,4"
14205,Base Model,"3,5,2,4,6,1"
14206,Base Model,"3,2,6,1,4"
14207,Base Model,
14208,Base Model,"5,3,1,4,6,2"
14209,Base Model,
14210,Base Model,"4,3,6,2,5,1"
14211,Base Model,"2,4,5,1,6,3"
14212,Base Model,"5,2,6,3,1,4"
14213,Base Model,
14214,Base Model,"3,4,6,2,5,1"
14215,Base Model,
14216,Base Model,"2,5,4,1,3,6"
14217,Base Model,"1,6"
14218,Base Model,"1,2,3,4,5,6"
14219,Base Model,"2,5,4,6,3,1"
14220,Base Model,
14221,Base Model,"6,3,4"
14222,Base Model,"4,2,6,3,1,5"
14223,Base Model,"3,6,2,5,1,4"
14224,Base Model,"3,6,2,5,4,1"
14225,Base Model,"4,3,5,6,1,2"
14226,Base Model,"2,5,3,1,6,4"
14227,Base Model,
14228,Base Model,"1,2,3,4,5,6"
14229,Base Model,
14230,Base Model,"2,6,3,5,4,1"
14231,Base Model,"1,2,3,4,5,6"
14232,Base Model,
14233,Base Model,"1,6,6,1,6,6"
14234,Base Model,
14235,Base Model,"2,6,4,5,1"
14236,Base Model,"3,2,6,1,5,4"
14237,Base Model,"4,2,6,3,5,1"
14238,Base Model,
14239,Base Model,"6,1,2,5,3,4"
14240,Base Model,"1,4,2,3,6,5"
14241,Base Model,
14242,Base Model,
14243,Base Model,"3,5,1,2,6,4"
14244,Base Model,"1,6,6"
14245,Base Model,"4,2,6,1,3,5"
14246,Base Model,
14247,Base Model,
14248,Base Model,"1,6,6"
14249,Base Model,"3,4,5,6,1,2"
14250,Base Model,"3,6,1,2,4,5"
14251,Base Model,"2,3,5,2,6"
14252,Base Model,
14253,Base Model,"3,6,2,5,4,1"
14254,Base Model,"4,3,6,2,5,1"
14255,Base Model,2
14256,Base Model,"3,4,2,5,1,6"
14257,Base Model,"2,4,6,3,1,5"
14258,Base Model,
14259,Base Model,"2,5,3,6,4,1"
14260,Base Model,
14261,Base Model,"2,4,6,3,1,5"
14262,Base Model,"3,2,6,4,3,5"
14263,Base Model,1
14264,Base Model,
14265,Base Model,
14266,Base Model,"1,5,2,3,6,4"
14267,Base Model,"4,2,6,1,5,3"
14268,Base Model,"1,5,3,2,4,6"
14269,Base Model,"1,3,5,2,4,6"
14270,Base Model,"4,2,5,3,6,1"
14271,Base Model,"2,6,1,4,3,5"
14272,Base Model,"1,2,3,4,5,6"
14273,Base Model,"1,2,6,3,2,5"
14274,Base Model,
14275,Base Model,"3,6,2,5,4,1"
14276,Base Model,"6,1,6"
14277,Base Model,"1,2,4,3,5,6"
14278,Base Model,"1,5,6,3,2,4"
14279,Base Model,
14280,Base Model,
14281,Base Model,"1,3,5,2,4,3"
14282,Base Model,"3,1,6,2,5,4"
14283,Base Model,"1,6,6"
14284,Base Model,
14285,Base Model,"3,2,6,1,5,4"
14286,Base Model,"1,3,2,4,3,1"
14287,Base Model,"2,4,6,2,5,3"
14288,Base Model,
14289,Base Model,
14290,Base Model,"5,3,1,2,6,4"
14291,Base Model,"3,5,2,6,4,1"
14292,Base Model,"5,2,3,6,4,1"
14293,Base Model,"4,2,6,5,1,3"
14294,Base Model,"2,4,1,6,3,5"
14295,Base Model,"3,6,2,5,4,1"
14296,Base Model,
14297,Base Model,"3,6,2,1,4,5"
14298,Base Model,"1,2,6,4,2,5"
14299,Base Model,"1,6,3,2,5,4"
14300,Base Model,"2,4,6,1,3,5"
14301,Base Model,
14302,Base Model,
14303,Base Model,
14304,Base Model,"1,3,4,2,6,5"
14305,Base Model,
14306,Base Model,"4,3,5,2,1,6"
14307,Base Model,"3,5,1,6,2,4"
14308,Base Model,"4,2,6,3,5,1"
14309,Base Model,"4,2,5,6,3,1"
14310,Base Model,"3,5,2,6,4,1"
14311,Base Model,
14312,Base Model,
14313,Base Model,
14314,Base Model,"4,6,3,1,5,2"
14315,Base Model,
14316,Base Model,"3,1,2,5,6,4"
14317,Base Model,"1,2,3,4,5"
14318,Base Model,"1,2,3,6,1,4"
14319,Base Model,"5,2"
14320,Base Model,"2,5,3,6,1,2"
14321,Base Model,"2,5,3,1,6,4"
14322,Base Model,"4,2,5,6,1,3"
14323,Base Model,"2,4,1,6,3,5"
14324,Base Model,"1,2,2,4,3,6"
14325,Base Model,"3,6,1,5,2,4"
14326,Base Model,"1,3,6,4,2"
14327,Base Model,"1,6,2,4,3,5"
14328,Base Model,"1,5,2,5,6"
14329,Base Model,"1,2,3,4,5,6"
14330,Base Model,"3,5,4,2,6,1"
14331,Base Model,"2,5,1,6,3,4"
14332,Base Model,
14333,Base Model,"6,1,6"
14334,Base Model,"3,6,1,5,3,2"
14335,Base Model,
14336,Base Model,"3,1,2,6,5,4"
14337,Base Model,"4,2,6,1,5,3"
14338,Base Model,
14339,Base Model,"2,5,4,1,3,6"
14340,Base Model,"4,2,3,6,5,1"
14341,Base Model,"1,2"
14342,Base Model,"1,3,2,6,4,5"
14343,Base Model,"3,4,2,1,6,5"
14344,Base Model,"4,2,5,6,1,3"
14345,Base Model,"3,6,2,5,4,1"
14346,Base Model,"5,2,6,3,4,1"
14347,Base Model,"6,1,6,1"
14348,Base Model,
14349,Base Model,"1,5,6,2,5,4"
14350,Base Model,"6,1"
14351,Base Model,"1,4,2,6,5,3"
14352,Base Model,"4,2,5,3,6,1"
14353,Base Model,"4,2,1,3,6,5"
14354,Base Model,
14355,Base Model,"4,3,6,1,2,5"
14356,Base Model,
14357,Base Model,"3,2,6,5,1,4"
14358,Base Model,
14359,Base Model,"1,4,5,2,3,6"
14360,Base Model,
14361,Base Model,"5,2,4,6,3,1"
14362,Base Model,"4,2,6,5,3,1"
14363,Base Model,"2,5,1,4,3,6"
14364,Base Model,
14365,Base Model,"2,5,1,4,3,6"
14366,Base Model,
14367,Base Model,"2,5,6,1,4,3"
14368,Base Model,
14369,Base Model,
14370,Base Model,"4,2,6,5,3,1"
14371,Base Model,"2,5,4,3,6,1"
14372,Base Model,"1,4,3,2,6,5"
14373,Base Model,"3,2,6,5,1,4"
14374,Base Model,"5,3,6,2,1,4"
14375,Base Model,
14376,Base Model,"3,6,1,4,5,2"
14377,Base Model,
14378,Base Model,
14379,Base Model,"6,1,6"
14380,Base Model,"5,3,2,6,4,1"
14381,Base Model,
14382,Base Model,
14383,Base Model,"1,5,3,2,6,4"
14384,Base Model,"5,2,6,3,1,4"
14385,Base Model,"1,2,3,5,4,6"
14386,Base Model,"2,5,1,6,3,4"
14387,Base Model,"1,6,3,2,5,4"
14388,Base Model,"3,5,2,6,4,1"
14389,Base Model,
14390,Base Model,"4,2,6,3,1,5"
14391,Base Model,"3,2,6,1,6,1"
14392,Base Model,
14393,Base Model,"5,2,6,3,1,4"
14394,Base Model,"3,2,6,5,4,1"
14395,Base Model,
14396,Base Model,"4,2,6,3,5,1"
14397,Base Model,"1,6,3,2,5,4"
14398,Base Model,"4,2,5,6,1,3"
14399,Base Model,"2,3,5,6,1,2"
14400,Base Model,"6,6,1,6"
14401,Base Model,"4,2,5,1,6,3"
14402,Base Model,
14403,Base Model,"2,4,3,5,1,6"
14404,Base Model,"4,2,6,3,5,1"
14405,Base Model,"5,1,4,6,3,2"
14406,Base Model,"3,5,2,6,1,4"
14407,Base Model,"2,4,6,3,5,1"
14408,Base Model,"3,5,6,1,4,2"
14409,Base Model,
14410,Base Model,"2,6,4,5,3,1"
14411,Base Model,"3,5,1,6,2,4"
14412,Base Model,"1,6,2,3,3,5"
14413,Base Model,"1,2,3,4,5"
14414,Base Model,"5,3,2,6,4,1"
14415,Base Model,"5,3,2,6,4,1"
14416,Base Model,"5,2,6,4,1,3"
14417,Base Model,"4,2,3,5,1,6"
14418,Base Model,"3,2,4,3,1,2"
14419,Base Model,"4,2,6,1,5,3"
14420,Base Model,
14421,Base Model,
14422,Base Model,"5,4,2,1,4,3"
14423,Base Model,"4,2,6,1,5,3"
14424,Base Model,"5,3,2,4,6,1"
14425,Base Model,"6,1,6"
14426,Base Model,"3,6,4,2,5,1"
14427,Base Model,"3,6,2,5,1,4"
14428,Base Model,6
14429,Base Model,
14430,Base Model,"1,6,6"
14431,Base Model,"6,1,6"
14432,Base Model,"4,2,6,5,3,1"
14433,Base Model,"4,6,3,5,2,1"
14434,Base Model,"4,2,6,5,3,1"
14435,Base Model,
14436,Base Model,
14437,Base Model,"1,4,5,2,6,3"
14438,Base Model,"1,6,1,1,1,1"
14439,Base Model,"1,4,5,2,6,3"
14440,Base Model,"5,2,1,6,3,4"
14441,Base Model,
14442,Base Model,"3,2,6,1,4,5"
14443,Base Model,"4,2,6,5,1,3"
14444,Base Model,
14445,Base Model,"3,5,2,6,4,1"
14446,Base Model,
14447,Base Model,"2,5,3,6,4,1"
14448,Base Model,"4,2,6,3,5,1"
14449,Base Model,"3,5,2,6,1,4"
14450,Base Model,"4,6,2,3,5,1"
14451,Base Model,"4,2,6,5,1,3"
14452,Base Model,"1,2,3,4,5,6"
14453,Base Model,"1,4,2,6,3,5"
14454,Base Model,
14455,Base Model,"4,2,3,6,5,1"
14456,Base Model,"2,5,6,3,1,4"
14457,Base Model,"3,2,4,6,1,5"
14458,Base Model,"6,3,5,6,2,4"
14459,Base Model,"4,2,6,3,1,5"
14460,Base Model,"2,6,1,3,5,4"
14461,Base Model,
14462,Base Model,"5,2,6,1,4,3"
14463,Base Model,"4,2,3,6,1,5"
14464,Base Model,"4,2,6,3,1,5"
14465,Base Model,"5,2,3,6,1"
14466,Base Model,"5,2,6,3,1,4"
14467,Base Model,"4,3,2,6,5,1"
14468,Base Model,
14469,Base Model,
14470,Base Model,"2,3,4,6,3,5"
14471,Base Model,"1,5,4,3,2,1"
14472,Base Model,"3,2,5,1,6,4"
14473,Base Model,"4,3,6,2,5,1"
14474,Base Model,"3,6,2,5,4,1"
14475,Base Model,
14476,Base Model,"1,5,3,6,4,2"
14477,Base Model,"1,2,3,4,5,6"
14478,Base Model,"1,2,4,3,6,5"
14479,Base Model,"2,5,3,1,6,4"
14480,Base Model,"3,6,2,5,1,4"
14481,Base Model,"4,2,6,5,1,3"
14482,Base Model,"4,6,2,3,5,1"
14483,Base Model,"4,3,2,6,1,5"
14484,Base Model,"4,6,2,3,5,1"
14485,Base Model,"1,3,2,6,5,4"
14486,Base Model,"2,6,3,6,4"
14487,Base Model,"3,2,4,6,5,1"
14488,Base Model,"2,6,3,5,4,1"
14489,Base Model,"1,3,2,6,5,4"
14490,Base Model,"1,3,2,5,4,6"
14491,Base Model,
14492,Base Model,"2,5,3,1,6,4"
14493,Base Model,"4,2"
14494,Base Model,"4,2,6,3,5,1"
14495,Base Model,"5,4,3,2,6,1"
14496,Base Model,"2,6,5,1,4,3"
14497,Base Model,"2,5,6,4,3,1"
14498,Base Model,"1,2,3,6,4,5"
14499,Base Model,"3,5,2,4,6,3"
14500,Base Model,
14501,Base Model,"1,2,3,4,5,6"
14502,Base Model,"2,5,3,6,4,1"
14503,Base Model,"1,2,4,3,6,5"
14504,Base Model,
14505,Base Model,"4,2,6,3,1,5"
14506,Base Model,"3,2,6,5,4,1"
14507,Base Model,
14508,Base Model,
14509,Base Model,"4,2,6,3,5,1"
14510,Base Model,"1,2,3,4,5,6"
14511,Base Model,
14512,Base Model,
14513,Base Model,"3,4"
14514,Base Model,"4,6,2,5,3,1"
14515,Base Model,"1,3,2,6,5,4"
14516,Base Model,"5,2,4,1,6,3"
14517,Base Model,"1,2,3,4,5,6"
14518,Base Model,"1,2,3,4,5,6"
14519,Base Model,
14520,Base Model,
14521,Base Model,"2,5,3,1,6,4"
14522,Base Model,
14523,Base Model,"4,1,5,3,2,6"
14524,Base Model,"3,1,5,3,2,6"
14525,Base Model,"1,3,5,2,6,4"
14526,Base Model,"4,2,6,3,1,5"
14527,Base Model,"3,6,2,5,4,1"
14528,Base Model,
14529,Base Model,
14530,Base Model,"3,4,2,6,5,1"
14531,Base Model,
14532,Base Model,"4,2,5,1,6,3"
14533,Base Model,"2,5,3,1,6,4"
14534,Base Model,"4,3,6,2,1,5"
14535,Base Model,"4,3,5,2,6,1"
14536,Base Model,"1,2,3,6,4,5"
14537,Base Model,
14538,Base Model,"2,4,1,6,5,3"
14539,Base Model,"1,3,2,5,4,6"
14540,Base Model,"5,3,4,2,6,1"
14541,Base Model,
14542,Base Model,"1,2,3,4,5,6"
14543,Base Model,
14544,Base Model,"3,1,6,4,2,5"
14545,Base Model,
14546,Base Model,"1,5,2,4,3,2"
14547,Base Model,"2,4,1,6,3,5"
14548,Base Model,"1,6,1"
14549,Base Model,"6,1,6"
14550,Base Model,"1,6,4"
14551,Base Model,"2,4,6,3,1,5"
14552,Base Model,"6,1,6,1"
14553,Base Model,"5,3,1,2,6,4"
14554,Base Model,6
14555,Base Model,"5,2,6,1,3,4"
14556,Base Model,"4,2,3,5,6,1"
14557,Base Model,
14558,Base Model,
14559,Base Model,"4,2,6,3,1,5"
14560,Base Model,
14561,Base Model,1
14562,Base Model,"1,3,5,2,4,6"
14563,Base Model,
14564,Base Model,"1,6"
14565,Base Model,"1,4,5,3,6,2"
14566,Base Model,"5,3,2,6,4,1"
14567,Base Model,
14568,Base Model,"5,3,2,6,1,4"
14569,Base Model,"3,6,1,5,4,2"
14570,Base Model,
14571,Base Model,
14572,Base Model,"1,2,3,4,5,6"
14573,Base Model,"3,5,1,2,6,4"
14574,Base Model,
14575,Base Model,"3,1,5,2,6,4"
14576,Base Model,"3,5,2,6,1,4"
14577,Base Model,"5,2,3,6,4,1"
14578,Base Model,"2,5,1,6,3,4"
14579,Base Model,"4,2,6,5,3,1"
14580,Base Model,
14581,Base Model,"1,3,2,4,5,6"
14582,Base Model,"2,5,4,1,3,6"
14583,Base Model,"6,1,6"
14584,Base Model,
14585,Base Model,
14586,Base Model,"4,3,6,2,5,1"
14587,Base Model,"1,2"
14588,Base Model,"3,5,1,3,2,6"
14589,Base Model,"3,2,6,1,4,5"
14590,Base Model,"2,5,4,6,3,1"
14591,Base Model,
14592,Base Model,"5,2,6,3,1,4"
14593,Base Model,"2,4,6,3,5,1"
14594,Base Model,"2,5,4,1,6,3"
14595,Base Model,"2,5,1,3,4,6"
14596,Base Model,"1,2,2,2,3"
14597,Base Model,"1,6,6,1,3,5"
14598,Base Model,"1,6,6"
14599,Base Model,"2,5,3,6,1,4"
14600,Base Model,"3,2,4,1,6,5"
14601,Base Model,"2,5,1,6,3,4"
14602,Base Model,"4,2,5,3,6,1"
14603,Base Model,
14604,Base Model,"1,5,4,2,3,6"
14605,Base Model,"2,6,4,3,5,1"
14606,Base Model,
14607,Base Model,"2,5,3,6,1,4"
14608,Base Model,"3,6,4,2,5,1"
14609,Base Model,"4,2,6,3,1,5"
14610,Base Model,"2,5,3,6,4,1"
14611,Base Model,"3,1,5,6,2,4"
14612,Base Model,"1,5,3,6,2,4"
14613,Base Model,"2,5,6,3,2,4"
14614,Base Model,
14615,Base Model,"6,1,6"
14616,Base Model,"3,4,2,1,6,5"
14617,Base Model,"1,5,2,6,1,5"
14618,Base Model,6
14619,Base Model,"3,6,4,2,5,1"
14620,Base Model,"3,6,5,2,4,1"
14621,Base Model,
14622,Base Model,
14623,Base Model,"2,5,1,3,6,4"
14624,Base Model,"3,6,2,5,4,1"
14625,Base Model,
14626,Base Model,
14627,Base Model,"1,6,5,3,4,6"
14628,Base Model,
14629,Base Model,
14630,Base Model,
14631,Base Model,
14632,Base Model,"5,3,4,2,6,5"
14633,Base Model,"2,6,5,4,3,1"
14634,Base Model,"3,6,2,5,1,4"
14635,Base Model,"4,3,6,2,5,1"
14636,Base Model,"4,2,6,3,5,1"
14637,Base Model,"2,5,3,6,1,4"
14638,Base Model,
14639,Base Model,"4,2,6,5,1,3"
14640,Base Model,
14641,Base Model,
14642,Base Model,
14643,Base Model,"4,6,3,2,5,1"
14644,Base Model,"3,6,2,5,4,1"
14645,Base Model,"6,1,6"
14646,Base Model,"1,4,2,6,5,3"
14647,Base Model,
14648,Base Model,"3,2,5,4,1,6"
14649,Base Model,
14650,Base Model,"1,5,3,6,2,4"
14651,Base Model,"6,1,4,3,2,5"
14652,Base Model,"4,1,5,3,2,6"
14653,Base Model,
14654,Base Model,"4,3,2,5,1,6"
14655,Base Model,"1,2,4,3,6"
14656,Base Model,
14657,Base Model,"4,1"
14658,Base Model,"4,2,5,1,3,6"
14659,Base Model,"2,4,6,3,5,1"
14660,Base Model,"3,2,5,1,6,4"
14661,Base Model,"5,2,6,3,1,4"
14662,Base Model,"1,3,5,2,6,4"
14663,Base Model,"1,4,3,2,6,5"
14664,Base Model,"3,2,6,5,1,4"
14665,Base Model,"1,5,3,2,6,4"
14666,Base Model,"1,4,3,5,2,6"
14667,Base Model,"4,2,6,1,3,5"
14668,Base Model,
14669,Base Model,"1,6"
14670,Base Model,"4,6,2,3,5,1"
14671,Base Model,"3,6,2,5,4,1"
14672,Base Model,"4,2,6,5,1,3"
14673,Base Model,"3,6,2,5,4,1"
14674,Base Model,"3,5,2,6,1,4"
14675,Base Model,"5,3,2,6,4,1"
14676,Base Model,"1,2,6,5,3,4"
14677,Base Model,"2,4,3,6,5,1"
14678,Base Model,"2,4,6,3,1,5"
14679,Base Model,"3,3,1,6"
14680,Base Model,"1,3,2,6,3,2"
14681,Base Model,6
14682,Base Model,
14683,Base Model,"1,2,4,3,5,6"
14684,Base Model,"5,3,6,2,4,1"
14685,Base Model,
14686,Base Model,"4,2,6,1,5,3"
14687,Base Model,"2,5,6,3,1,4"
14688,Base Model,"3,5,2,6,1,4"
14689,Base Model,
14690,Base Model,"3,6,2,5,4,1"
14691,Base Model,6
14692,Base Model,"2,5,4,1,3,6"
14693,Base Model,"5,3,1,4,5,2"
14694,Base Model,
14695,Base Model,"3,5,2,6,1,4"
14696,Base Model,"3,2,4,1,5,6"
14697,Base Model,
14698,Base Model,"3,6,2,5,4,1"
14699,Base Model,"3,5,1,6,2,4"
14700,Base Model,"2,4,5,1,6,3"
14701,Base Model,"3,6,2,5,1,4"
14702,Base Model,"3,1,6,5,2,4"
14703,Base Model,"1,2,3,4,5,6"
14704,Base Model,
14705,Base Model,"3,6,2,5,4,1"
14706,Base Model,"5,3,4,2,1,6"
14707,Base Model,
14708,Base Model,"2,6,4,1,3,5"
14709,Base Model,"1,6,1,6,1,6"
14710,Base Model,"6,1,6,3,6"
14711,Base Model,"4,2,6,5,3,1"
14712,Base Model,"3,6,2,5,1,4"
14713,Base Model,
14714,Base Model,
14715,Base Model,"4,2,5,3,1,6"
14716,Base Model,
14717,Base Model,"5,2,6,3,1,4"
14718,Base Model,
14719,Base Model,
14720,Base Model,"1,2,5,4,3,6"
14721,Base Model,"3,2,5,6,1,4"
14722,Base Model,"3,6,2,5,4,1"
14723,Base Model,"3,5,2,6,3,1"
14724,Base Model,
14725,Base Model,"4,6,2,3,5,1"
14726,Base Model,"3,1,6,4,5,2"
14727,Base Model,"3,6,2,5,1,4"
14728,Base Model,"2,5,3,6,1,4"
14729,Base Model,"1,4,3,6,2,5"
14730,Base Model,"2,5,4,3,6,1"
14731,Base Model,"2,1,3,6,5"
14732,Base Model,"3,4,1,6,2,5"
14733,Base Model,"2,5,6,3,4,1"
14734,Base Model,"2,6,3,5,4,1"
14735,Base Model,"1,3,2,4,5,6"
14736,Base Model,"5,2,6,3,1,4"
14737,Base Model,
14738,Base Model,"3,5,2,6,1,4"
14739,Base Model,"4,2,6,3,5,1"
14740,Base Model,"4,2,6,1,5,3"
14741,Base Model,"4,1,6,3,5,2"
14742,Base Model,"4,2,6,1,5,3"
14743,Base Model,"5,3,1,6,2,4"
14744,Base Model,"4,3,5,6,1"
14745,Base Model,"4,2,6,5,1,3"
14746,Base Model,
14747,Base Model,"2,5,6,3,1,4"
14748,Base Model,
14749,Base Model,
14750,Base Model,"3,6,2,5,4,1"
14751,Base Model,"1,4,2,5,3,6"
14752,Base Model,"3,4,6,5,1,2"
14753,Base Model,"1,2,5,3,6,2"
14754,Base Model,"4,2,5,1,6,3"
14755,Base Model,
14756,Base Model,"1,5,2,6,3,5"
14757,Base Model,"2,4,6,1,3,5"
14758,Base Model,"1,3,4,2,5,6"
14759,Base Model,
14760,Base Model,
14761,Base Model,"2,3,4,5,6,1"
14762,Base Model,"2,6,3,4,5,1"
14763,Base Model,"3,6,2,5,1,4"
14764,Base Model,
14765,Base Model,
14766,Base Model,"4,2,5,1,6,3"
14767,Base Model,"4,2,6,5,3,1"
14768,Base Model,"1,5,4,3,6,2"
14769,Base Model,
14770,Base Model,"1,2,5,6,2,4"
14771,Base Model,"3,4,1,5,6,2"
14772,Base Model,"5,3,6,2,1,4"
14773,Base Model,"3,6,1,4,2,5"
14774,Base Model,"1,2,3,4,5,6"
14775,Base Model,"2,6,5,1,4,3"
14776,Base Model,"3,6,2,5,1,4"
14777,Base Model,"4,3,2,6,1,5"
14778,Base Model,
14779,Base Model,"4,2,6,3,1,5"
14780,Base Model,
14781,Base Model,
14782,Base Model,"4,2,6,5,1,3"
14783,Base Model,"3,2,4,6,5,1"
14784,Base Model,"4,2,6,3,5,1"
14785,Base Model,"3,6,4,2,5,1"
14786,Base Model,"5,3,6,2,4,1"
14787,Base Model,"2,3,6,1,4,5"
14788,Base Model,
14789,Base Model,
14790,Base Model,"3,6,1,2,5,4"
14791,Base Model,
14792,Base Model,
14793,Base Model,
14794,Base Model,
14795,Base Model,
14796,Base Model,"6,6"
14797,Base Model,"3,5,6,2,6,4"
14798,Base Model,"1,2,3,4,5,6"
14799,Base Model,"6,1,6"
14800,Base Model,
14801,Base Model,"3,6,2,5,4,1"
14802,Base Model,"4,3,6,5,2,1"
14803,Base Model,"5,3,1,4,6,2"
14804,Base Model,"4,3,6,2,1,5"
14805,Base Model,"3,2,6,5,1,4"
14806,Base Model,"2,5,4,3,6,1"
14807,Base Model,"3,5,2,6,4,1"
14808,Base Model,"1,4,2,6,3,5"
14809,Base Model,
14810,Base Model,"5,3,6,1,2"
14811,Base Model,"6,6"
14812,Base Model,"3,5,4,2,6,1"
14813,Base Model,"1,6,6,1,6,6"
14814,Base Model,"3,6,1,5,2,4"
14815,Base Model,"1,2,3,4,5"
14816,Base Model,"2,5,3,4,6,2"
14817,Base Model,5
14818,Base Model,"4,3,6,2,5,1"
14819,Base Model,"2,6,3,1,4,5"
14820,Base Model,5
14821,Base Model,
14822,Base Model,"2,4,6,3,5,1"
14823,Base Model,"1,2,3,4,5,6"
14824,Base Model,
14825,Base Model,"5,3,1,2,4,6"
14826,Base Model,"2,4,3,6,2,5"
14827,Base Model,"4,2,6,5,3,1"
14828,Base Model,"6,2,5,1,6,3"
14829,Base Model,"4,2,6,3,5,1"
14830,Base Model,
14831,Base Model,"1,3,6,2,5,4"
14832,Base Model,
14833,Base Model,"5,2,6,3,1,4"
14834,Base Model,"1,2,3,4,5,6"
14835,Base Model,"5,3,6,1,4,2"
14836,Base Model,"3,1,6,5,4,2"
14837,Base Model,"3,6,2,4,5,1"
14838,Base Model,"2,4,3,6,1,5"
14839,Base Model,"4,2,6,3,5,1"
14840,Base Model,
14841,Base Model,3
14842,Base Model,"1,3,6,2,4,5"
14843,Base Model,"4,2,6"
14844,Base Model,"5,2,6,1,4,3"
14845,Base Model,"1,3,5,2,4,6"
14846,Base Model,
14847,Base Model,"2,4,6,5,3,1"
14848,Base Model,"6,1,4,2,1,3"
14849,Base Model,"4,1,6,3,2,5"
14850,Base Model,"4,2,5,6,1,3"
14851,Base Model,"5,2,6,1,3,4"
14852,Base Model,
14853,Base Model,"4,2,6,3,5,1"
14854,Base Model,"2,4,5,3,6,1"
14855,Base Model,"5,1,4,2,6,3"
14856,Base Model,"3,6,2,5,1,4"
14857,Base Model,"4,3,2,5,6,1"
14858,Base Model,
14859,Base Model,
14860,Base Model,
14861,Base Model,"1,2,3,4,5"
14862,Base Model,"1,2,3,4,5"
14863,Base Model,"1,3,4,2,6,5"
14864,Base Model,"5,2,3,6,4,1"
14865,Base Model,"5,3,6,2,5,6"
14866,Base Model,"4,6,5,1,2,3"
14867,Base Model,
14868,Base Model,"3,2,6,4,1,5"
14869,Base Model,"1,6,6"
14870,Base Model,"4,2,6,3,1,5"
14871,Base Model,"1,4,6,3,5,2"
14872,Base Model,"3,2,6,1,5,4"
14873,Base Model,"4,2,6,1,3,5"
14874,Base Model,"2,5,3,1,6"
14875,Base Model,"2,4,6,3,1,5"
14876,Base Model,"6,1,6,6,1,6"
14877,Base Model,"1,5,3,6,2,1"
14878,Base Model,"5,3,1,6,2,4"
14879,Base Model,"5,3,2,6,5,1"
14880,Base Model,"3,6,2,5,1,4"
14881,Base Model,"4,2,5,1,6,3"
14882,Base Model,
14883,Base Model,"1,3,6,2,4,5"
14884,Base Model,"4,6,3,1,2,5"
14885,Base Model,"2,6,3,4,5,1"
14886,Base Model,"3,1,6"
14887,Base Model,"4,2,5,3,1,6"
14888,Base Model,"3,5,2,6,4,1"
14889,Base Model,"2,4,3,6,1,5"
14890,Base Model,
14891,Base Model,
14892,Base Model,"6,6,1,6,6"
14893,Base Model,"5,1,2,4,6,3"
14894,Base Model,"1,6"
14895,Base Model,"3,2,5,1,6,4"
14896,Base Model,"4,2,6,1,5,3"
14897,Base Model,"1,2,3,2,4,5"
14898,Base Model,"1,6,6"
14899,Base Model,"5,3,1,2,6,4"
14900,Base Model,"4,2,6,1,5,3"
14901,Base Model,
14902,Base Model,"2,5,3,6,2,1"
14903,Base Model,"4,2,6,3,1,5"
14904,Base Model,"5,3,2,6,4,1"
14905,Base Model,"5,3,6,1,6,4"
14906,Base Model,"3,5,2,6,4,1"
14907,Base Model,"2,4,1,6,3,5"
14908,Base Model,"3,6,2,4,1,5"
14909,Base Model,
14910,Base Model,"4,2,6,5,3,1"
14911,Base Model,"2,6,4,3,5,1"
14912,Base Model,
14913,Base Model,"1,3,4,2,6,5"
14914,Base Model,
14915,Base Model,"1,2,3,4,5,6"
14916,Base Model,"4,6,2,5,3,1"
14917,Base Model,
14918,Base Model,
14919,Base Model,6
14920,Base Model,"2,5,6,3,1,4"
14921,Base Model,"3,6,2,5,1,4"
14922,Base Model,"5,2,6,3,1,4"
14923,Base Model,"4,6,2,1"
14924,Base Model,"5,1,4,2,6,3"
14925,Base Model,"2,6,3,1,4,5"
14926,Base Model,"2,6"
14927,Base Model,"3,5,1,6,4,2"
14928,Base Model,
14929,Base Model,"3,6,1,5,3,4"
14930,Base Model,"6,4,5,2,3,1"
14931,Base Model,
14932,Base Model,"6,1,6"
14933,Base Model,"2,5,6,1,4,3"
14934,Base Model,"1,3,5,6,2,4"
14935,Base Model,"3,2,5,1,6"
14936,Base Model,"1,6,6"
14937,Base Model,"1,5,3,2,4,6"
14938,Base Model,"4,2,6,5,1,3"
14939,Base Model,"3,2,5,6,1,4"
14940,Base Model,
14941,Base Model,"4,6,2,5,1,3"
14942,Base Model,
14943,Base Model,"6,5,3,6,4,2"
14944,Base Model,"6,1,6"
14945,Base Model,
14946,Base Model,"2,5,4,6,3,1"
14947,Base Model,"3,2,6,4,1,5"
14948,Base Model,
14949,Base Model,"3,4,2,1,6,5"
14950,Base Model,"3,6,1,5,2,4"
14951,Base Model,"4,2,6,5,3,1"
14952,Base Model,"4,2,6,3,1,5"
14953,Base Model,"2,4,3,6,5,2"
14954,Base Model,"4,2,6,5,3,1"
14955,Base Model,"3,6,1,5,2,4"
14956,Base Model,"5,3,1,2,4,6"
14957,Base Model,"3,6,2,5,1,4"
14958,Base Model,"4,3,6,2,5,1"
14959,Base Model,"1,2,3,4,5,6"
14960,Base Model,"3,6,2,5,4,1"
14961,Base Model,"1,6,6"
14962,Base Model,"2,5,1,6,3,4"
14963,Base Model,"2,5,3,6,1,4"
14964,Base Model,"4,2,6,3,5,1"
14965,Base Model,"4,6,3,2,5,1"
14966,Base Model,"1,5"
14967,Base Model,"5,3,1,2,6,4"
14968,Base Model,
14969,Base Model,"4,3,5,6,2,1"
14970,Base Model,"3,6,2,5,1,4"
14971,Base Model,"5,2,4,3,6,1"
14972,Base Model,"5,3,2,1,4,6"
14973,Base Model,"4,3,6,2,5,1"
14974,Base Model,"3,4,5,1,3,2"
14975,Base Model,"2,1,4,6,1,3"
14976,Base Model,"2,4,3,5,1,6"
14977,Base Model,"1,6,6"
14978,Base Model,
14979,Base Model,
14980,Base Model,"4,2,6,3,1,5"
14981,Base Model,
14982,Base Model,"1,6,1,6"
14983,Base Model,"2,5,4,6,3,5"
14984,Base Model,
14985,Base Model,"3,5,2,6,1,4"
14986,Base Model,"2,5,6,3,1,4"
14987,Base Model,
14988,Base Model,
14989,Base Model,"1,4,6,3,2,5"
14990,Base Model,"4,2,6,5,3,1"
14991,Base Model,"5,2,6,4,3,1"
14992,Base Model,
14993,Base Model,"2,4,3,6,1,5"
14994,Base Model,"4,3,6,1,5,2"
14995,Base Model,"1,6,6"
14996,Base Model,"2,6,4,1,3,5"
14997,Base Model,
14998,Base Model,
14999,Base Model,"1,2,3,4,5,6"
15000,Base Model,"3,5,2,4,3,6"
15001,Base Model,
15002,Base Model,"3,2,6,4,5,1"
15003,Base Model,
15004,Base Model,"1,2,4,3,5,6"
15005,Base Model,"1,2,3,4,5,6"
15006,Base Model,"4,2,6,3,5,1"
15007,Base Model,"6,3,6,2,4,5"
15008,Base Model,"2,5,4,1,3,6"
15009,Base Model,"2,5,3,6,1,4"
15010,Base Model,"2,6,4,1,5,3"
15011,Base Model,
15012,Base Model,
15013,Base Model,
15014,Base Model,
15015,Base Model,6
15016,Base Model,
15017,Base Model,"5,4,6,1,3,2"
15018,Base Model,"5,3,2,6,4,1"
15019,Base Model,"4,3,6,2,5,1"
15020,Base Model,"4,6,3,2,5,1"
15021,Base Model,"4,2,5,3,6,1"
15022,Base Model,"4,2,6,1,5,3"
15023,Base Model,
15024,Base Model,
15025,Base Model,"4,2,3,5,6,1"
15026,Base Model,"1,2,5,6,3,4"
15027,Base Model,"1,2,6,3,5,1"
15028,Base Model,"4,2,6,5,3,1"
15029,Base Model,"1,2,4,5,6,3"
15030,Base Model,
15031,Base Model,
15032,Base Model,"1,6"
15033,Base Model,"4,2,6,1,5,3"
15034,Base Model,"4,2,3,5,1,6"
15035,Base Model,
15036,Base Model,"2,4,6,1,3,5"
15037,Base Model,"4,3,2,1,6,5"
15038,Base Model,"4,2,6,3,5,1"
15039,Base Model,"4,3,6,2,5,1"
15040,Base Model,"4,2,6,3,1,5"
15041,Base Model,
15042,Base Model,
15043,Base Model,"4,2,6,5,1,3"
15044,Base Model,
15045,Base Model,"1,4,2,5,3,6"
15046,Base Model,
15047,Base Model,"4,3,6,2,5,1"
15048,Base Model,"5,3,2,6,4,1"
15049,Base Model,
15050,Base Model,
15051,Base Model,"5,2,6,1,3,4"
15052,Base Model,"3,6,2,5,1,4"
15053,Base Model,"3,6,2,5,4,1"
15054,Base Model,"1,4,3,6,5,2"
15055,Base Model,"1,5,4,3,2,6"
15056,Base Model,
15057,Base Model,"3,2,5,1,6,4"
15058,Base Model,
15059,Base Model,"4,2,6,3,5,1"
15060,Base Model,"2,4,5,1,3,6"
15061,Base Model,"5,2,6,4,1,3"
15062,Base Model,"3,4,5,2,1,6"
15063,Base Model,"3,5,2,6,1,4"
15064,Base Model,"4,2,6,1,3,5"
15065,Base Model,
15066,Base Model,"5,2,6,3,1,4"
15067,Base Model,"1,3,5,2,4,6"
15068,Base Model,"2,4,5,6,1,3"
15069,Base Model,"4,2,6,1,3,5"
15070,Base Model,
15071,Base Model,
15072,Base Model,"2,3,6,5,1,4"
15073,Base Model,"1,3,5,2,6,4"
15074,Base Model,
15075,Base Model,"4,2,6,1,5,3"
15076,Base Model,"2,3,5,6,4,1"
15077,Base Model,
15078,Base Model,"4,3,6,2,5,1"
15079,Base Model,"4,2,5,1,6,3"
15080,Base Model,"1,2,3,4,5,6"
15081,Base Model,"5,2,4,6,3,1"
15082,Base Model,
15083,Base Model,"1,6,6,1,3,6"
15084,Base Model,"1,2,6,1,3,4"
15085,Base Model,"1,3,2,4,5,6"
15086,Base Model,"3,6,1,5,2,4"
15087,Base Model,"3,2,6,5,1,4"
15088,Base Model,
15089,Base Model,"4,2,6,1"
15090,Base Model,"1,4,5,6,2,3"
15091,Base Model,"5,2,6,3,1,4"
15092,Base Model,"3,1,2,6,5,4"
15093,Base Model,"2,6,4,3,5,1"
15094,Base Model,"3,6,1,2,5,4"
15095,Base Model,"3,5,1,4,2,3"
15096,Base Model,"2,5,4,3,6,2"
15097,Base Model,
15098,Base Model,"4,2,6,1,5,3"
15099,Base Model,"5,3,2,6,4,1"
15100,Base Model,"3,1,5,2,6,4"
15101,Base Model,"2,5,3,1,6,4"
15102,Base Model,"5,3,2,6,1,4"
15103,Base Model,"2,6,4,1,3,5"
15104,Base Model,"2,5,3,6,4,1"
15105,Base Model,"6,1,6"
15106,Base Model,"1,2,5,3,1,6"
15107,Base Model,"6,1,6"
15108,Base Model,"4,2,6,3,5,1"
15109,Base Model,"1,2,3,5,4,6"
15110,Base Model,
15111,Base Model,"3,2,6,5,1,4"
15112,Base Model,"4,3,2,6,5,1"
15113,Base Model,
15114,Base Model,"3,5,2,1,6,4"
15115,Base Model,"2,6,4,5,3,1"
15116,Base Model,"2,6,3,5,1,4"
15117,Base Model,"4,2,3,5,1,6"
15118,Base Model,1
15119,Base Model,"6,3,4,2,5,1"
15120,Base Model,"3,6,2,5,4,1"
15121,Base Model,"3,1,6,4,2,5"
15122,Base Model,6
15123,Base Model,"1,2,5,4,3,1"
15124,Base Model,"6,1,6"
15125,Base Model,"1,3,2,5,4,6"
15126,Base Model,
15127,Base Model,"3,6"
15128,Base Model,
15129,Base Model,
15130,Base Model,"4,3,6,1,2,5"
15131,Base Model,"4,2,6,1,3,5"
15132,Base Model,
15133,Base Model,"6,6"
15134,Base Model,"2,4,3,6,5,2"
15135,Base Model,"4,2,1,3,5,6"
15136,Base Model,
15137,Base Model,"2,5,3,6,1,4"
15138,Base Model,"4,2,6,3,5,1"
15139,Base Model,"2,6,4,1,3,5"
15140,Base Model,"1,6,6"
15141,Base Model,"2,5,6,1,3,6"
15142,Base Model,"2,4,1,5,6,3"
15143,Base Model,"5,2,1,6,3,4"
15144,Base Model,"2,5,3,4,6,1"
15145,Base Model,"3,2,6,1,5,4"
15146,Base Model,"4,2,6,5,1,3"
15147,Base Model,"5,2,3,4,6,1"
15148,Base Model,"6,1,6,4,2,5"
15149,Base Model,
15150,Base Model,"4,2,6,1,3,5"
15151,Base Model,"3,2,4,6,1,5"
15152,Base Model,"4,6,2,3,1,5"
15153,Base Model,"1,4,2,5,6,3"
15154,Base Model,"5,2,4,6,1,3"
15155,Base Model,"4,2,6,3,5,1"
15156,Base Model,"1,4,5,2,3,6"
15157,Base Model,
15158,Base Model,"5,3,2,6,4,1"
15159,Base Model,"3,6,2,4,5,1"
15160,Base Model,"4,3,6,5,2,1"
15161,Base Model,"4,2,4,3"
15162,Base Model,"6,2,3,5,6,4"
15163,Base Model,"3,6,2,5,4,1"
15164,Base Model,
15165,Base Model,"2,4,1,6,3,5"
15166,Base Model,"4,2,6,3,1,5"
15167,Base Model,"4,1,3,5,6,2"
15168,Base Model,
15169,Base Model,
15170,Base Model,"4,2,5,6,1,3"
15171,Base Model,"2,6,4,1,5,3"
15172,Base Model,
15173,Base Model,
15174,Base Model,"3,1,6,2,4,5"
15175,Base Model,"3,6,2,5,1,4"
15176,Base Model,"2,3,5,4,6,1"
15177,Base Model,"5,2,6,4,3,1"
15178,Base Model,
15179,Base Model,"1,6,6"
15180,Base Model,"1,2,3,4,5,6"
15181,Base Model,
15182,Base Model,"1,2,3,4,5,6"
15183,Base Model,"1,2,6"
15184,Base Model,
15185,Base Model,
15186,Base Model,"4,2,6,3,5,1"
15187,Base Model,
15188,Base Model,"1,4,2,6,5,3"
15189,Base Model,
15190,Base Model,"6,1,6"
15191,Base Model,"2,5,1,4,6,3"
15192,Base Model,
15193,Base Model,"3,6,2,5,4,1"
15194,Base Model,
15195,Base Model,"2,5,4,1,6,3"
15196,Base Model,
15197,Base Model,
15198,Base Model,"4,6,2,5,3,1"
15199,Base Model,1
15200,Base Model,"1,3,2,6,5"
15201,Base Model,"2,5,1,3,4,6"
15202,Base Model,"3,5,1,6,2,4"
15203,Base Model,"3,4,2,5,3,1"
15204,Base Model,"5,2,6,1,4,3"
15205,Base Model,"1,2,3,4,5,6"
15206,Base Model,1
15207,Base Model,"3,6,2,4,5,1"
15208,Base Model,"3,6,1,5,4,2"
15209,Base Model,"3,6,2,5,4,1"
15210,Base Model,"6,1,6,1,6,1"
15211,Base Model,"4,3,6,2,5,1"
15212,Base Model,"1,5,3,6,2,4"
15213,Base Model,
15214,Base Model,"4,3,1,2,6,5"
15215,Base Model,"4,2,6,1,3,5"
15216,Base Model,
15217,Base Model,"4,2,6,3,1,5"
15218,Base Model,
15219,Base Model,
15220,Base Model,
15221,Base Model,"6,2"
15222,Base Model,"4,2,6,3,1,5"
15223,Base Model,
15224,Base Model,"2,4,6,1,3,5"
15225,Base Model,"1,2,3,4,5,6"
15226,Base Model,"2,5,6,4,3,1"
15227,Base Model,"1,3,6,2,5,4"
15228,Base Model,"5,2,4,1,3,6"
15229,Base Model,
15230,Base Model,
15231,Base Model,"3,2,6,5,1,4"
15232,Base Model,
15233,Base Model,"3,2,5,4,6,1"
15234,Base Model,"2,6,4,3,5,1"
15235,Base Model,"4,3,5,2,1,6"
15236,Base Model,"2,4,1,6,3,5"
15237,Base Model,"6,3,4,1,5,2"
15238,Base Model,"3,2,6,4,5,1"
15239,Base Model,"4,2,3,6,1,5"
15240,Base Model,
15241,Base Model,
15242,Base Model,"3,6,1,2,5,4"
15243,Base Model,
15244,Base Model,"1,4,2,6,5,3"
15245,Base Model,"4,6,2,5,1,3"
15246,Base Model,
15247,Base Model,"1,2,6,4,1,3"
15248,Base Model,"2,5,3,6,4,1"
15249,Base Model,"3,5,1,2,6,4"
15250,Base Model,"6,1,5"
15251,Base Model,"2,5,1,3,6,4"
15252,Base Model,"3,6,2,5,4,1"
15253,Base Model,"1,6,5,3,4,6"
15254,Base Model,"1,4,2,5,3,6"
15255,Base Model,"6,1,6"
15256,Base Model,
15257,Base Model,"4,2,6,3,5,1"
15258,Base Model,"4,2,6,1,5,3"
15259,Base Model,"3,4,2,5,1,6"
15260,Base Model,"3,1,6,2,5,4"
15261,Base Model,
15262,Base Model,4
15263,Base Model,"1,4,5,2,3,6"
15264,Base Model,"5,3,2,6,1,4"
15265,Base Model,"1,6,6,6,1"
15266,Base Model,
15267,Base Model,"4,2,6,5,3,1"
15268,Base Model,
15269,Base Model,"1,5,3,2,6,1"
15270,Base Model,"6,6,1"
15271,Base Model,
15272,Base Model,"3,4,2,5,6,1"
15273,Base Model,"2,4,3,6,1,5"
15274,Base Model,"5,2,4,3,6,1"
15275,Base Model,"1,3,2,5,4,6"
15276,Base Model,
15277,Base Model,"4,2,6,3,5,1"
15278,Base Model,"6,1,6"
15279,Base Model,"2,5,4,3,6,1"
15280,Base Model,"4,2"
15281,Base Model,
15282,Base Model,"3,6,1,5,4,2"
15283,Base Model,"4,3,2,5,6,1"
15284,Base Model,"1,6,6"
15285,Base Model,"3,1,6,4,5,2"
15286,Base Model,6
15287,Base Model,
15288,Base Model,
15289,Base Model,"2,4,6,3,5,1"
15290,Base Model,
15291,Base Model,"3,6,2,1,4,5"
15292,Base Model,
15293,Base Model,"4,3,1,2,6,5"
15294,Base Model,"5,1,3,5,2,6"
15295,Base Model,"1,3,5,2,6,4"
15296,Base Model,"1,4,3,2,5,6"
15297,Base Model,"2,5,3,4,6,1"
15298,Base Model,"4,6,3,5,1,2"
15299,Base Model,"2,5,6,1,3,4"
15300,Base Model,"6,1"
15301,Base Model,"2,5,4,1,6,3"
15302,Base Model,"3,5,1,3,6"
15303,Base Model,"6,1,6"
15304,Base Model,"1,3,5,6,2,4"
15305,Base Model,"4,2,6,1,3,5"
15306,Base Model,
15307,Base Model,"6,6,6,6,6,6"
15308,Base Model,
15309,Base Model,"1,3,6,2,5,4"
15310,Base Model,"3,5,2,6,4,1"
15311,Base Model,"4,1,3,2,6,5"
15312,Base Model,
15313,Base Model,
15314,Base Model,"5,3,6,2,6,1"
15315,Base Model,"3,6,2,5,4,1"
15316,Base Model,
15317,Base Model,
15318,Base Model,"1,2,5,6,3,2"
15319,Base Model,"1,6"
15320,Base Model,"2,6,3,4,1"
15321,Base Model,"2,5,3,6,1,4"
15322,Base Model,"4,2,6,3,1,5"
15323,Base Model,"4,2,6,5,3,1"
15324,Base Model,"2,5,3,6,1,4"
15325,Base Model,"4,2,6,1,3,5"
15326,Base Model,"5,3,1,6,2,4"
15327,Base Model,"5,3,2,6,1,4"
15328,Base Model,
15329,Base Model,
15330,Base Model,"2,6,4,5,1,3"
15331,Base Model,"4,2,6,3,5,1"
15332,Base Model,"4,6,4,5,1,3"
15333,Base Model,
15334,Base Model,"5,3,1,4,6,2"
15335,Base Model,"3,6,1,4,2,5"
15336,Base Model,"5,3,2,6,1,4"
15337,Base Model,"6,1,1,3,2"
15338,Base Model,"6,1,6,4,3,1"
15339,Base Model,
15340,Base Model,"2,3,6,5,2,3"
15341,Base Model,"1,4,2,6,3,5"
15342,Base Model,"4,2,5,3,6,1"
15343,Base Model,"1,3,2,6,5,4"
15344,Base Model,"4,3,6,1,5,2"
15345,Base Model,"2,6,4,5,3,1"
15346,Base Model,"6,3,5,2,4,1"
15347,Base Model,"1,6,6"
15348,Base Model,"2,4,3,5,1,6"
15349,Base Model,"1,4,3,5,2,6"
15350,Base Model,"4,2,5,6,1,3"
15351,Base Model,"1,3,6,4,2,5"
15352,Base Model,"4,6,2,3,5,1"
15353,Base Model,"3,6,1,2,4,5"
15354,Base Model,"3,6,2,5,1,4"
15355,Base Model,
15356,Base Model,"5,3,1,2,6,4"
15357,Base Model,"3,4,2,1,6,5"
15358,Base Model,"4,2,6,3,5,1"
15359,Base Model,"3,6,2,5,1,4"
15360,Base Model,"5,3,2,6,1,4"
15361,Base Model,"1,2,3,4,5,6"
15362,Base Model,"1,5,4,6,2,3"
15363,Base Model,"4,2,6,3,5,1"
15364,Base Model,"4,2,6,5,1,3"
15365,Base Model,"5,2,4,1,6,3"
15366,Base Model,"6,3,4,2,6,5"
15367,Base Model,"4,3,5,6,2,1"
15368,Base Model,"1,6,6"
15369,Base Model,"4,2,5,6,1,3"
15370,Base Model,"2,6,1,4,3,5"
15371,Base Model,"3,5,2,6,4,1"
15372,Base Model,"2,6,3,4,2,5"
15373,Base Model,"1,4,3,6,1,5"
15374,Base Model,"2,6,3,5,1,4"
15375,Base Model,
15376,Base Model,
15377,Base Model,
15378,Base Model,"5,3,2,6,1,4"
15379,Base Model,"2,5,1,3,4,6"
15380,Base Model,"4,6,2,5,3,1"
15381,Base Model,
15382,Base Model,"3,2,5,6,4,1"
15383,Base Model,"5,2,6,1,4,3"
15384,Base Model,"1,4,3,6,2,5"
15385,Base Model,
15386,Base Model,"3,4,2,5,6,1"
15387,Base Model,"1,2,3,4,5,6"
15388,Base Model,"4,3,6,2,5,1"
15389,Base Model,"1,2,4,2,5,1"
15390,Base Model,"5,3,1,6,2,4"
15391,Base Model,"2,6,5,1,3,4"
15392,Base Model,"4,3,2,6,5,1"
15393,Base Model,
15394,Base Model,"4,2,6,3,1,5"
15395,Base Model,"5,3,6,2,4,1"
15396,Base Model,"5,2,4,3,5,1"
15397,Base Model,"2,5,1,3,4,6"
15398,Base Model,"1,4,3,5,2,6"
15399,Base Model,
15400,Base Model,"5,3,2,1,6,4"
15401,Base Model,"5,2,3,6,1,4"
15402,Base Model,"1,2,3,4,5,6"
15403,Base Model,"4,2,6,3,5,1"
15404,Base Model,
15405,Base Model,"3,6,2,5,1,4"
15406,Base Model,"4,2,5,1,6,3"
15407,Base Model,"3,6,2,1,5,4"
15408,Base Model,
15409,Base Model,"6,1,6"
15410,Base Model,
15411,Base Model,"4,2,6,5,3,1"
15412,Base Model,"3,1,4,5"
15413,Base Model,"3,6,4,2,5,1"
15414,Base Model,"4,2,6,5,1,3"
15415,Base Model,"5,1,4,2,6,3"
15416,Base Model,"1,2,4,2,6,5"
15417,Base Model,"1,2,3,4,5,6"
15418,Base Model,"5,2,6,1,3,4"
15419,Base Model,"4,2,6,3,1,5"
15420,Base Model,"5,3,2,6,4,1"
15421,Base Model,"4,2,5,3,6,1"
15422,Base Model,"3,6,1,5,2,4"
15423,Base Model,"5,3,4,2,5,1"
15424,Base Model,"2,5,6,4,1,3"
15425,Base Model,"4,2,6,3,5,1"
15426,Base Model,"4,2,5,6,3,1"
15427,Base Model,
15428,Base Model,"4,2,6,5,1,3"
15429,Base Model,"1,2,3,4,5,6"
15430,Base Model,
15431,Base Model,
15432,Base Model,"1,6,6"
15433,Base Model,"1,1"
15434,Base Model,"3,5,2,6,4,1"
15435,Base Model,"3,2,6,5,4,1"
15436,Base Model,"3,4,2,5,6"
15437,Base Model,
15438,Base Model,"6,6,1,6"
15439,Base Model,"3,4,2,6,3,1"
15440,Base Model,"1,2,3,4,5,6"
15441,Base Model,
15442,Base Model,"2,5,1,6,3,4"
15443,Base Model,"4,2,6,3,5,1"
15444,Base Model,"1,2,3,4,5,6"
15445,Base Model,"1,2,5,3,3,4"
15446,Base Model,
15447,Base Model,"4,2,6,1,5,3"
15448,Base Model,"5,2,6,1,4,3"
15449,Base Model,
15450,Base Model,"4,6,3,5,2,1"
15451,Base Model,"5,3,6,2,1,4"
15452,Base Model,"4,3,2,6,1,5"
15453,Base Model,"3,2,6,5,1,4"
15454,Base Model,
15455,Base Model,"3,5,1,6,3,2"
15456,Base Model,"3,2,6,5,4,1"
15457,Base Model,"4,2,6,1,3,5"
15458,Base Model,"5,4,2,1"
15459,Base Model,"6,1,6"
15460,Base Model,"1,2,3,4,5,6"
15461,Base Model,"1,4,2,6,5,3"
15462,Base Model,"1,2,3,4,5,6"
15463,Base Model,"1,2,3,4,5,6"
15464,Base Model,"5,2,3,1,6,4"
15465,Base Model,"4,2,3,6,5,1"
15466,Base Model,
15467,Base Model,
15468,Base Model,"1,3,5,2,4,6"
15469,Base Model,"1,3,2,4,5,6"
15470,Base Model,
15471,Base Model,"4,2,6,3,1,5"
15472,Base Model,"3,4,1,6,2,5"
15473,Base Model,"6,6"
15474,Base Model,"3,6,5,2,1,4"
15475,Base Model,"1,6,1"
15476,Base Model,"2,5,1,6,4,3"
15477,Base Model,
15478,Base Model,"1,2,5"
15479,Base Model,"4,3,6,1,5,2"
15480,Base Model,"4,2,5,6,1,3"
15481,Base Model,"4,2,6,1,5,3"
15482,Base Model,
15483,Base Model,
15484,Base Model,"1,2,3,4,5,6"
15485,Base Model,
15486,Base Model,1
15487,Base Model,1
15488,Base Model,"4,1,6,3,2,5"
15489,Base Model,
15490,Base Model,"4,6,3,2,5,1"
15491,Base Model,"3,5,2,6,1,4"
15492,Base Model,"4,6,1,3,5,2"
15493,Base Model,"4,2,5,3,6,1"
15494,Base Model,"1,5,2,4,3,6"
15495,Base Model,
15496,Base Model,"4,2,6,3,5,1"
15497,Base Model,"3,2,6,4,3,5"
15498,Base Model,"4,2,6,5,3,1"
15499,Base Model,"3,5,1,4,2,6"
15500,Base Model,"4,2,5,1,6,3"
15501,Base Model,"1,4,6,2,3,5"
15502,Base Model,"2,4,6,5,1,3"
15503,Base Model,"1,4,2,5,3,3"
15504,Base Model,3
15505,Base Model,"2,4,6,3,1,5"
15506,Base Model,"1,3,2,6,5,4"
15507,Base Model,"3,6,2,5,1,4"
15508,Base Model,"2,4,6,1,5,3"
15509,Base Model,"2,5,3,6,4,1"
15510,Base Model,
15511,Base Model,"3,4,2,1,5,6"
15512,Base Model,"1,2,3,4,5,6"
15513,Base Model,
15514,Base Model,
15515,Base Model,"6,1,6,3,1,6"
15516,Base Model,"1,3,2,6,3,1"
15517,Base Model,"4,2,6,3,1,5"
15518,Base Model,"3,5,2,6,1,4"
15519,Base Model,"2,5,3,6,4,1"
15520,Base Model,
15521,Base Model,"1,5,2,3,6,4"
15522,Base Model,"5,4,2,1,3,6"
15523,Base Model,"2,5,1,6,3,4"
15524,Base Model,"1,5,2,4,3,2"
15525,Base Model,"1,3,6,2,5,4"
15526,Base Model,
15527,Base Model,"2,6,3,4,2,5"
15528,Base Model,"1,3,5,3,2,6"
15529,Base Model,
15530,Base Model,"6,4,3,5,1,2"
15531,Base Model,
15532,Base Model,"6,1,4,2,6,3"
15533,Base Model,"1,5,2,4,3,6"
15534,Base Model,"1,6,1,6,1,6"
15535,Base Model,
15536,Base Model,"3,6,2,5,1,4"
15537,Base Model,"5,3,1,6,2,4"
15538,Base Model,"1,6,6"
15539,Base Model,"3,5,1,3,2,4"
15540,Base Model,
15541,Base Model,
15542,Base Model,"3,5,4,2,1,6"
15543,Base Model,"1,3,6,2,5,4"
15544,Base Model,"2,5,6,3,4,1"
15545,Base Model,
15546,Base Model,"2,6,3,5,4,1"
15547,Base Model,"6,6,4,3,5"
15548,Base Model,
15549,Base Model,"4,3,2,6,5,1"
15550,Base Model,"3,6,1,4,5,2"
15551,Base Model,"1,4,5,2,3,6"
15552,Base Model,
15553,Base Model,"1,3,6,2,5,4"
15554,Base Model,"1,2,3,4,5,6"
15555,Base Model,"1,3,5,1,2,4"
15556,Base Model,"2,5,1,6,3,4"
15557,Base Model,"1,4,5,3,2,6"
15558,Base Model,"1,2,3,4,5,6"
15559,Base Model,"5,3,2,1,6,4"
15560,Base Model,"3,6,5,4,2,3"
15561,Base Model,"1,2,4,5,3,6"
15562,Base Model,"2,5,4,6,1,3"
15563,Base Model,"5,2,6,1,3,1"
15564,Base Model,"5,2,6,3,1,4"
15565,Base Model,"3,2,6,5,1,4"
15566,Base Model,"6,1,6"
15567,Base Model,"3,4,6,2,5,1"
15568,Base Model,6
15569,Base Model,"4,3,6,2,5,1"
15570,Base Model,"1,5"
15571,Base Model,
15572,Base Model,"4,2,6,1,5,3"
15573,Base Model,"3,1,6,5,2,4"
15574,Base Model,"3,2,6,4,5,1"
15575,Base Model,"2,1,6,6"
15576,Base Model,"4,6,2,3,5,1"
15577,Base Model,"1,3,2,5,3,2"
15578,Base Model,"1,2,4,3,6,5"
15579,Base Model,"2,5,4,6,3,1"
15580,Base Model,"5,2,6,3,1,4"
15581,Base Model,"4,2,6,5,3,1"
15582,Base Model,"4,2,6,1,5,3"
15583,Base Model,"6,1,2,3,4,5"
15584,Base Model,"4,2,6,5,3,1"
15585,Base Model,"4,3,6,2,5,1"
15586,Base Model,"2,4,6,1,3,5"
15587,Base Model,
15588,Base Model,
15589,Base Model,"1,3,6,4,2,5"
15590,Base Model,"5,3,1,6,4,2"
15591,Base Model,"3,6,2,5,1,4"
15592,Base Model,"1,2,3,4,5,6"
15593,Base Model,"2,6,3,1,4,5"
15594,Base Model,"4,2,6,3,1,5"
15595,Base Model,"5,3,2,6,1,4"
15596,Base Model,
15597,Base Model,"4,2,5,1,6,3"
15598,Base Model,"1,2,3,4,5,6"
15599,Base Model,"3,2,6,5,4,1"
15600,Base Model,
15601,Base Model,"4,2,5,6,1,3"
15602,Base Model,
15603,Base Model,"4,2,6,1,5,3"
15604,Base Model,6
15605,Base Model,"3,5,2,6,1,4"
15606,Base Model,"1,5,2,4,3,6"
15607,Base Model,"1,4,2,5,3,6"
15608,Base Model,"2,6,3,5,1,4"
15609,Base Model,"2,4,5,6,3,1"
15610,Base Model,
15611,Base Model,"3,2,6,5,4,1"
15612,Base Model,"5,3,2,6,1,4"
15613,Base Model,"2,5,3,6,1,4"
15614,Base Model,"1,5,2,3,3,6"
15615,Base Model,"5,2,6,3,1,4"
15616,Base Model,"3,6,2,4,5,1"
15617,Base Model,
15618,Base Model,"2,5,3,4,2,1"
15619,Base Model,"2,6,5,3,1,4"
15620,Base Model,"3,2,6,5,4,1"
15621,Base Model,"3,2,6,4,5,1"
15622,Base Model,"3,5,2,6,1,4"
15623,Base Model,"1,6,6"
15624,Base Model,"4,6,3,2,5,1"
15625,Base Model,"5,3,5,1,6"
15626,Base Model,
15627,Base Model,"3,1,6,4,2,5"
15628,Base Model,
15629,Base Model,"1,5,4,2,3,6"
15630,Base Model,"1,6,6"
15631,Base Model,"2,3,5"
15632,Base Model,"1,4,2,2,3,6"
15633,Base Model,
15634,Base Model,"3,2,5,4,1,6"
15635,Base Model,
15636,Base Model,"2,3,4,6,5,1"
15637,Base Model,"1,2,3,4,6,6"
15638,Base Model,"5,2,6,3,1,4"
15639,Base Model,"5,2,6,3,1,4"
15640,Base Model,"6,1,1,2,3,6"
15641,Base Model,"3,2,6,5,4,1"
15642,Base Model,"4,2,5,1,6,3"
15643,Base Model,"6,1,6,3,1"
15644,Base Model,"1,3,2,2,3,4"
15645,Base Model,"2,6,4,5,1,3"
15646,Base Model,
15647,Base Model,"1,6,6"
15648,Base Model,"5,3,1,6,2,4"
15649,Base Model,"2,5,4,6,3,1"
15650,Base Model,"5,4,2,3,6,1"
15651,Base Model,"2,5,4,6,1,3"
15652,Base Model,"4,3,2,6,1,5"
15653,Base Model,"2,4,1,6,3,5"
15654,Base Model,"4,2,6,3,5,1"
15655,Base Model,
15656,Base Model,"2,3,1,6,5,4"
15657,Base Model,
15658,Base Model,
15659,Base Model,"4,2,3,6,1,5"
15660,Base Model,"2,5,4,1,6,3"
15661,Base Model,"4,2,6,1,3,5"
15662,Base Model,"1,2,3,4,5,6"
15663,Base Model,"4,2,6,3,5,1"
15664,Base Model,"4,2,6,5,3,1"
15665,Base Model,"1,2,3,4,5,6"
15666,Base Model,"4,3,2,5,2,3"
15667,Base Model,"3,5,2,6,4,1"
15668,Base Model,"3,4,1,6,2,5"
15669,Base Model,"2,5,3,1,4,6"
15670,Base Model,"6,1,6,1,5,6"
15671,Base Model,
15672,Base Model,"3,1,5,2,6,4"
15673,Base Model,"1,3,2,5,3,6"
15674,Base Model,
15675,Base Model,"2,6,1,3,5,4"
15676,Base Model,"4,2,6,3,5,1"
15677,Base Model,"1,1,1,1"
15678,Base Model,"4,2,6,5,3,1"
15679,Base Model,
15680,Base Model,"4,2,6,5,1,3"
15681,Base Model,
15682,Base Model,"3,5,2,6,1,4"
15683,Base Model,"2,5,1,6,3,4"
15684,Base Model,"3,2,6,5,1,4"
15685,Base Model,"2,5,3,1,6,4"
15686,Base Model,"2,5,3,6,4,1"
15687,Base Model,"1,6,6,6"
15688,Base Model,"1,3,4,2,6,5"
15689,Base Model,"2,5,3,6,1,4"
15690,Base Model,"3,1,2,6,4,5"
15691,Base Model,"3,2,6,4,1,5"
15692,Base Model,"4,2,6,3,5,1"
15693,Base Model,"1,2,5,4,3,6"
15694,Base Model,"2,3,5,1,6,3"
15695,Base Model,
15696,Base Model,"4,2,6,3,5,1"
15697,Base Model,"1,3,6,3,5,2"
15698,Base Model,"2,5,1,6,3,4"
15699,Base Model,
15700,Base Model,"1,6,1,6,1"
15701,Base Model,"5,3,2,6,4,1"
15702,Base Model,"4,3,5,1,6,2"
15703,Base Model,
15704,Base Model,"1,2,3,4,5,6"
15705,Base Model,"4,1,2,6,3,5"
15706,Base Model,"4,2,6,1,5,3"
15707,Base Model,"1,2,5,3,6,4"
15708,Base Model,"5,2,1,6,4,3"
15709,Base Model,"3,5,1,6,3,4"
15710,Base Model,
15711,Base Model,"4,3,2,6,1,5"
15712,Base Model,"2,5,1,6,3,4"
15713,Base Model,
15714,Base Model,"2,4,3,5,1,6"
15715,Base Model,"1,4,2,3,3,5"
15716,Base Model,"1,5,3,2,6,4"
15717,Base Model,"2,6,5,1,3,4"
15718,Base Model,"1,5,3,2,6,4"
15719,Base Model,"4,2,5,6,3"
15720,Base Model,"5,3,1,6,4,2"
15721,Base Model,"1,4,5,3,6,2"
15722,Base Model,"3,2,4,5,1,6"
15723,Base Model,"1,2,3,4,5"
15724,Base Model,"3,6,2,5,4,1"
15725,Base Model,"3,5,2,6,4,1"
15726,Base Model,"3,2,5,1,4,6"
15727,Base Model,"3,6,2,5,1,4"
15728,Base Model,"2,5,4,1,6,3"
15729,Base Model,"5,3,1,4,2,6"
15730,Base Model,
15731,Base Model,"5,3,2,4,1,6"
15732,Base Model,"1,6,6,1"
15733,Base Model,"1,4,2,5,3,6"
15734,Base Model,"1,2,3,4,5,6"
15735,Base Model,
15736,Base Model,"4,6,2,3,5,1"
15737,Base Model,
15738,Base Model,
15739,Base Model,"3,6,2,5,1,4"
15740,Base Model,"5,2,4,6,1,3"
15741,Base Model,"5,2,6,1,4,3"
15742,Base Model,"3,2,5,6,1,4"
15743,Base Model,1
15744,Base Model,"3,2,5,6,2,1"
15745,Base Model,"1,2,6,2,4,3"
15746,Base Model,"1,2,3,4,5,6"
15747,Base Model,"5,3,2,6,4,1"
15748,Base Model,"2,6,3,5,1,4"
15749,Base Model,"2,3,5,6,3,1"
15750,Base Model,"4,2,6,5,3,1"
15751,Base Model,
15752,Base Model,"3,6,5,2,1,4"
15753,Base Model,"3,2,5,6,1,4"
15754,Base Model,"5,3,6,2,1,4"
15755,Base Model,"4,2,6,5,1,3"
15756,Base Model,"3,5,2,6,1,4"
15757,Base Model,"1,1,6"
15758,Base Model,
15759,Base Model,"4,2,6,3,5,1"
15760,Base Model,"3,1,5,2,4,6"
15761,Base Model,"2,6,3,1,5,4"
15762,Base Model,"3,1,4,2,6,5"
15763,Base Model,"4,2,6,5,3,1"
15764,Base Model,"4,2,6,3,5,1"
15765,Base Model,"5,2,6,1,3,4"
15766,Base Model,"2,4,1,5,6,3"
15767,Base Model,"3,5,2,4,1,6"
15768,Base Model,"3,5,2,6,1,4"
15769,Base Model,
15770,Base Model,"1,4,3,2,5,6"
15771,Base Model,"5,2,6,4,1,3"
15772,Base Model,"6,6,1"
15773,Base Model,"4,2,6,1,5,3"
15774,Base Model,"1,2,3,4,5,6"
15775,Base Model,
15776,Base Model,"4,3,2,6,5,1"
15777,Base Model,"3,6,2,5,4,1"
15778,Base Model,"2,6,1,5,4,3"
15779,Base Model,
15780,Base Model,"1,2,5,3,1,6"
15781,Base Model,"2,4,5,3,6,1"
15782,Base Model,"3,6,2,5,1,4"
15783,Base Model,
15784,Base Model,"4,3,6,2,5,1"
15785,Base Model,"1,1"
15786,Base Model,"4,3,5,2,6,1"
15787,Base Model,"5,4,3,6,1,2"
15788,Base Model,"4,2,5,6,3,1"
15789,Base Model,"4,1,6,3,5,2"
15790,Base Model,"1,2,5,6,4,3"
15791,Base Model,"2,6,4,5,1,3"
15792,Base Model,"2,5,1,6,3,4"
15793,Base Model,
15794,Base Model,"2,6,3,4,2,1"
15795,Base Model,"3,4,2,1,5,6"
15796,Base Model,"4,2,6,1,3,5"
15797,Base Model,"2,5,1,4,3,6"
15798,Base Model,
15799,Base Model,
15800,Base Model,"2,4,6,1,3,5"
15801,Base Model,1
15802,Base Model,"2,5,1,3,6,4"
15803,Base Model,"2,6,4,1,3,5"
15804,Base Model,
15805,Base Model,"4,1,6,3,5,2"
15806,Base Model,
15807,Base Model,"1,2,3,4,5"
15808,Base Model,"1,6,6,1"
15809,Base Model,"2,5,6,3,1,4"
15810,Base Model,"1,3,2,6,4,5"
15811,Base Model,"4,2,6,1,3,5"
15812,Base Model,
15813,Base Model,"4,2,3,1,6,5"
15814,Base Model,"4,2,6,3,5,1"
15815,Base Model,"4,2,6,1,3,5"
15816,Base Model,1
15817,Base Model,"3,6,4,2,5,1"
15818,Base Model,"4,6,2,5,1,3"
15819,Base Model,"1,4,5,2,5,1"
15820,Base Model,
15821,Base Model,"3,2,5,6,4,1"
15822,Base Model,"4,2,6,3,5,1"
15823,Base Model,
15824,Base Model,"2,4,3,6,5,1"
15825,Base Model,"2,5,3,1,4,6"
15826,Base Model,"1,4,2,6,5,3"
15827,Base Model,"5,1,3,2,6,4"
15828,Base Model,"3,4,2,6,5,1"
15829,Base Model,"3,6,2,5,4,1"
15830,Base Model,"3,1,6,2,5,4"
15831,Base Model,"4,2,6,5,1,3"
15832,Base Model,"2,5,3,4,6,1"
15833,Base Model,"2,5,6,3,1,4"
15834,Base Model,
15835,Base Model,1
15836,Base Model,"2,5,3,4,6,1"
15837,Base Model,2
15838,Base Model,"4,2,6,3,1,5"
15839,Base Model,
15840,Base Model,"4,2,6,5,3,1"
15841,Base Model,6
15842,Base Model,"1,5,3,4,6,2"
15843,Base Model,"4,2,6,1,5,3"
15844,Base Model,"4,2,5,6,3,1"
15845,Base Model,"2,5,4,3,1,6"
15846,Base Model,"4,6,3,2,5,1"
15847,Base Model,"4,2,6,1,3,5"
15848,Base Model,
15849,Base Model,
15850,Base Model,"2,6,4,3,5,1"
15851,Base Model,"5,3,1,2,6,4"
15852,Base Model,"2,5,3,6,1,4"
15853,Base Model,
15854,Base Model,"2,6,1,3,5,4"
15855,Base Model,"1,2,3,4,5,6"
15856,Base Model,6
15857,Base Model,"1,3,2,6,5,4"
15858,Base Model,"4,3,5,2,6,1"
15859,Base Model,"4,3,6,2,5,1"
15860,Base Model,
15861,Base Model,
15862,Base Model,"1,4,3,2,5,6"
15863,Base Model,"4,2,6,1,3,5"
15864,Base Model,"2,6,5,3,4,1"
15865,Base Model,"1,4,3,2,5,6"
15866,Base Model,
15867,Base Model,"1,4,2,3,6,5"
15868,Base Model,
15869,Base Model,"4,2,6,5,1,3"
15870,Base Model,"3,6,1,4,5,2"
15871,Base Model,
15872,Base Model,"2,6,3,5,4,1"
15873,Base Model,"2,4,5,3,6,1"
15874,Base Model,"3,6,2,5,1,4"
15875,Base Model,
15876,Base Model,"1,2,3,4,5,6"
15877,Base Model,"1,2,4,3,6,5"
15878,Base Model,"1,2,3,4,5,6"
15879,Base Model,"2,5,4,1,6,3"
15880,Base Model,
15881,Base Model,
15882,Base Model,"3,6,2,4,5,1"
15883,Base Model,"1,1,2,1"
15884,Base Model,"4,3,2,5,6,1"
15885,Base Model,"1,5,3,6,2,4"
15886,Base Model,"4,6,3,2,5,1"
15887,Base Model,"6,5,4"
15888,Base Model,"2,5,3,6,1,4"
15889,Base Model,"3,6,2,5,1,4"
15890,Base Model,"1,6,6,4,2,6"
15891,Base Model,"3,5,1,2,4,6"
15892,Base Model,"3,6,1,4,5,2"
15893,Base Model,"3,6,2,5,1,4"
15894,Base Model,"1,5,3,2,6,4"
15895,Base Model,"4,1,3,6,2,5"
15896,Base Model,"1,5,4,2,3,6"
15897,Base Model,"3,1,6,2,4,5"
15898,Base Model,
15899,Base Model,"6,1,6,6"
15900,Base Model,
15901,Base Model,"1,4,2,5,3,6"
15902,Base Model,"1,6,6,1,4,3"
15903,Base Model,
15904,Base Model,"4,2,6"
15905,Base Model,"2,6,1,3,5,4"
15906,Base Model,"1,6"
15907,Base Model,"6,3,4,2,5,1"
15908,Base Model,
15909,Base Model,
15910,Base Model,"3,5,2,6,4,1"
15911,Base Model,"1,5,3,1,6,2"
15912,Base Model,"1,5,4,2,6,3"
15913,Base Model,"5,2,4,1,6,3"
15914,Base Model,"6,1,6"
15915,Base Model,
15916,Base Model,"5,3,2,1,6,4"
15917,Base Model,"2,4,5,1,3,6"
15918,Base Model,"3,6,2,5,4,1"
15919,Base Model,"1,5,2,6,4,3"
15920,Base Model,"1,6,1,6,1,6"
15921,Base Model,"1,6,6"
15922,Base Model,"5,3,1,6,2,4"
15923,Base Model,"6,1,1,2,1,3"
15924,Base Model,"4,2,6,5,1,3"
15925,Base Model,"1,6,1,6,1,6"
15926,Base Model,"2,5,1,6,3,4"
15927,Base Model,
15928,Base Model,
15929,Base Model,"3,5,2,4,1,6"
15930,Base Model,
15931,Base Model,"2,5,3,1,6,4"
15932,Base Model,"5,2,4,1,3"
15933,Base Model,"1,6,1,6,1,6"
15934,Base Model,
15935,Base Model,
15936,Base Model,"5,3,2,6,4,1"
15937,Base Model,"4,3,2,5,6,1"
15938,Base Model,"1,5,2,4,3,3"
15939,Base Model,
15940,Base Model,"2,5,1,3,4,6"
15941,Base Model,"4,3,6,2,5,1"
15942,Base Model,"4,2,6,3,5,1"
15943,Base Model,"3,5,2,1,6,4"
15944,Base Model,"4,2,6,3,5,1"
15945,Base Model,"1,6,6,1,6,6"
15946,Base Model,"1,3,4,2,6,5"
15947,Base Model,"3,4,6,2,5,1"
15948,Base Model,
15949,Base Model,
15950,Base Model,"1,6,6"
15951,Base Model,"3,1,6,2,5,4"
15952,Base Model,
15953,Base Model,"1,4,3,5,3,2"
15954,Base Model,
15955,Base Model,"3,5,1,6,4,2"
15956,Base Model,"1,4,6,3,2,5"
15957,Base Model,"1,6,6"
15958,Base Model,"5,3,6,1,4,2"
15959,Base Model,"5,2,6,3,1,4"
15960,Base Model,"3,6,2,5,1,4"
15961,Base Model,"3,6,2,4,5,1"
15962,Base Model,"2,3,4,5,6,2"
15963,Base Model,"4,3,2,6,5,1"
15964,Base Model,"1,3,6,2,5,4"
15965,Base Model,
15966,Base Model,"1,4,3,6,2,5"
15967,Base Model,"6,1,6,1,1,1"
15968,Base Model,"3,1,6,4,2,5"
15969,Base Model,"4,2,6,1,5,3"
15970,Base Model,"6,1,6"
15971,Base Model,"5,3,4,6,1,2"
15972,Base Model,"1,4,6"
15973,Base Model,
15974,Base Model,"3,2,5,6,1,4"
15975,Base Model,"4,2,6"
15976,Base Model,"5,2,4,3,1,6"
15977,Base Model,
15978,Base Model,
15979,Base Model,"5,2,4,6,3,1"
15980,Base Model,"2,4,6,2,5,3"
15981,Base Model,"4,2,6,1,3,5"
15982,Base Model,
15983,Base Model,
15984,Base Model,"3,4,6,2,5,1"
15985,Base Model,"4,3,2,1,6,5"
15986,Base Model,
15987,Base Model,3
15988,Base Model,"3,6,2,5,4,1"
15989,Base Model,"1,2,3,4,5,6"
15990,Base Model,"1,4,3,2,5,6"
15991,Base Model,"1,2,5,6,3,2"
15992,Base Model,
15993,Base Model,
15994,Base Model,"6,1,6"
15995,Base Model,"3,4,2,1,6,5"
15996,Base Model,"3,5,2,1,4,6"
15997,Base Model,"4,2,6,3,1,5"
15998,Base Model,"1,2,6,5,4,3"
15999,Base Model,"1,5,2,4,3,6"
16000,Base Model,
