Run,Model Type,Extracted Numbers
1,fine-tuned,"2,4,2"
2,fine-tuned,"8,1,6"
3,fine-tuned,"7,4,7"
4,fine-tuned,"4,2,6"
5,fine-tuned,"1,6,2"
6,fine-tuned,"1,8,8"
7,fine-tuned,"1,8,3"
8,fine-tuned,"4,4,2"
9,fine-tuned,"6,3,3"
10,fine-tuned,"8,8,7"
11,fine-tuned,"6,3,3"
12,fine-tuned,"4,7,1"
13,fine-tuned,"1,5,2"
14,fine-tuned,"9,9,8"
15,fine-tuned,"7,4,8"
16,fine-tuned,"3,1,5"
17,fine-tuned,"1,2,3"
18,fine-tuned,"8,4,9"
19,fine-tuned,"7,4,4"
20,fine-tuned,"6,5,6"
21,fine-tuned,"6,7,9"
22,fine-tuned,"3,6,1"
23,fine-tuned,"9,9,1"
24,fine-tuned,"4,1,8"
25,fine-tuned,"6,9,4"
26,fine-tuned,"8,8,7"
27,fine-tuned,"4,3,4"
28,fine-tuned,"2,4,4"
29,fine-tuned,"7,4,5"
30,fine-tuned,"6,6,4"
31,fine-tuned,"2,6,6"
32,fine-tuned,"9,6,4"
33,fine-tuned,"8,9,6"
34,fine-tuned,"7,7,2"
35,fine-tuned,"4,4,9"
36,fine-tuned,"1,9,2"
37,fine-tuned,"7,3,1"
38,fine-tuned,"1,6,3"
39,fine-tuned,"5,1,2"
40,fine-tuned,"1,8,2"
41,fine-tuned,"2,1,7"
42,fine-tuned,"5,4,7"
43,fine-tuned,"1,9,9"
44,fine-tuned,"3,5,9"
45,fine-tuned,"4,3,9"
46,fine-tuned,"7,2,1"
47,fine-tuned,"7,1,4"
48,fine-tuned,"7,9,9"
49,fine-tuned,"7,4,3"
50,fine-tuned,"3,3,9"
51,fine-tuned,"6,6,4"
52,fine-tuned,"2,9,3"
53,fine-tuned,"9,7,4"
54,fine-tuned,"1,1,5"
55,fine-tuned,"9,4,9"
56,fine-tuned,"3,6,3"
57,fine-tuned,"9,7,8"
58,fine-tuned,"5,8,8"
59,fine-tuned,"7,7,4"
60,fine-tuned,"5,3,1"
61,fine-tuned,"9,5,3"
62,fine-tuned,"1,6,8"
63,fine-tuned,"1,9,5"
64,fine-tuned,"1,2,3"
65,fine-tuned,"4,7,5"
66,fine-tuned,"1,2,8"
67,fine-tuned,"8,2,2"
68,fine-tuned,"3,3,4"
69,fine-tuned,"3,1,1"
70,fine-tuned,"5,7,7"
71,fine-tuned,"9,8,8"
72,fine-tuned,"2,1,1"
73,fine-tuned,"6,2,3"
74,fine-tuned,"1,6,1"
75,fine-tuned,"8,7,7"
76,fine-tuned,"5,4,3"
77,fine-tuned,"6,1,4"
78,fine-tuned,"1,5,7"
79,fine-tuned,"9,7,6"
80,fine-tuned,"1,7,5"
81,fine-tuned,"4,3,8"
82,fine-tuned,"9,9,3"
83,fine-tuned,"3,9,2"
84,fine-tuned,"6,5,1"
85,fine-tuned,"9,6,9"
86,fine-tuned,"3,4,1"
87,fine-tuned,"1,1,8"
88,fine-tuned,"1,5,6"
89,fine-tuned,"7,1,5"
90,fine-tuned,"7,1,9"
91,fine-tuned,"9,8,8"
92,fine-tuned,"7,3,1"
93,fine-tuned,"3,3,6"
94,fine-tuned,"2,8,4"
95,fine-tuned,"3,8,9"
96,fine-tuned,"3,1,2"
97,fine-tuned,"3,2,2"
98,fine-tuned,"9,6,7"
99,fine-tuned,"5,4,8"
100,fine-tuned,"2,3,3"
101,fine-tuned,"3,5,3"
102,fine-tuned,"3,4,6"
103,fine-tuned,"7,7,8"
104,fine-tuned,"6,5,2"
105,fine-tuned,"2,6,3"
106,fine-tuned,"4,6,3"
107,fine-tuned,"8,2,5"
108,fine-tuned,"6,9,5"
109,fine-tuned,"1,5,4"
110,fine-tuned,"3,5,3"
111,fine-tuned,"4,2,7"
112,fine-tuned,"7,1,9"
113,fine-tuned,"8,5,8"
114,fine-tuned,"7,3,1"
115,fine-tuned,"7,1,1"
116,fine-tuned,"5,1,9"
117,fine-tuned,"9,2,7"
118,fine-tuned,"6,4,7"
119,fine-tuned,"1,1,3"
120,fine-tuned,"7,1,6"
121,fine-tuned,"5,5,6"
122,fine-tuned,"4,8,4"
123,fine-tuned,"8,9,3"
124,fine-tuned,"8,8,5"
125,fine-tuned,"6,6,5"
126,fine-tuned,"7,5,2"
127,fine-tuned,"4,4,9"
128,fine-tuned,"6,4,1"
129,fine-tuned,"2,4,5"
130,fine-tuned,"2,3,2"
131,fine-tuned,"5,8,6"
132,fine-tuned,"7,4,7"
133,fine-tuned,"9,8,8"
134,fine-tuned,"1,4,8"
135,fine-tuned,"1,5,7"
136,fine-tuned,"7,6,9"
137,fine-tuned,"5,8,7"
138,fine-tuned,"4,9,1"
139,fine-tuned,"8,7,7"
140,fine-tuned,"2,8,5"
141,fine-tuned,"4,1,2"
142,fine-tuned,"9,4,7"
143,fine-tuned,"7,8,6"
144,fine-tuned,"3,4,5"
145,fine-tuned,"7,4,1"
146,fine-tuned,"1,7,2"
147,fine-tuned,"8,2,2"
148,fine-tuned,"8,1,8"
149,fine-tuned,"4,9,8"
150,fine-tuned,"8,8,4"
151,fine-tuned,"3,6,2"
152,fine-tuned,"3,3,3"
153,fine-tuned,"7,6,9"
154,fine-tuned,"7,8,4"
155,fine-tuned,"1,1,4"
156,fine-tuned,"9,9,8"
157,fine-tuned,"9,5,3"
158,fine-tuned,"8,5,6"
159,fine-tuned,"3,1,6"
160,fine-tuned,"3,7,1"
161,fine-tuned,"2,9,6"
162,fine-tuned,"3,9,7"
163,fine-tuned,"4,7,4"
164,fine-tuned,"1,3,3"
165,fine-tuned,"5,8,6"
166,fine-tuned,"7,8,3"
167,fine-tuned,"4,5,1"
168,fine-tuned,"6,1,8"
169,fine-tuned,"4,1,8"
170,fine-tuned,"1,9,2"
171,fine-tuned,"4,1,7"
172,fine-tuned,"6,8,8"
173,fine-tuned,"1,3,5"
174,fine-tuned,"3,1,9"
175,fine-tuned,"7,4,9"
176,fine-tuned,"1,5,2"
177,fine-tuned,"8,4,1"
178,fine-tuned,"1,8,1"
179,fine-tuned,"8,2,1"
180,fine-tuned,"2,1,6"
181,fine-tuned,"1,8,5"
182,fine-tuned,"1,7,6"
183,fine-tuned,"2,1,4"
184,fine-tuned,"2,7,4"
185,fine-tuned,"1,4,2"
186,fine-tuned,"8,5,1"
187,fine-tuned,"7,4,7"
188,fine-tuned,"6,8,7"
189,fine-tuned,"7,1,7"
190,fine-tuned,"1,1,3"
191,fine-tuned,"8,6,7"
192,fine-tuned,"6,5,9"
193,fine-tuned,"3,4,9"
194,fine-tuned,"6,4,4"
195,fine-tuned,"8,3,8"
196,fine-tuned,"2,3,6"
197,fine-tuned,"6,6,1"
198,fine-tuned,"8,2,6"
199,fine-tuned,"1,4,4"
200,fine-tuned,"9,9,2"
201,fine-tuned,"4,8,9"
202,fine-tuned,"3,2,3"
203,fine-tuned,"7,5,1"
204,fine-tuned,"5,4,3"
205,fine-tuned,"9,5,7"
206,fine-tuned,"3,6,6"
207,fine-tuned,"1,6,5"
208,fine-tuned,"2,8,5"
209,fine-tuned,"1,9,7"
210,fine-tuned,"8,7,7"
211,fine-tuned,"6,2,4"
212,fine-tuned,"5,8,5"
213,fine-tuned,"9,8,5"
214,fine-tuned,"8,8,2"
215,fine-tuned,"1,7,9"
216,fine-tuned,"8,2,8"
217,fine-tuned,"9,9,2"
218,fine-tuned,"7,3,5"
219,fine-tuned,"9,8,8"
220,fine-tuned,"5,8,7"
221,fine-tuned,"3,1,8"
222,fine-tuned,"3,1,3"
223,fine-tuned,"6,3,8"
224,fine-tuned,"8,7,2"
225,fine-tuned,"7,5,4"
226,fine-tuned,"6,5,1"
227,fine-tuned,"6,1,5"
228,fine-tuned,"3,1,5"
229,fine-tuned,"6,3,1"
230,fine-tuned,"2,9,5"
231,fine-tuned,"3,2,6"
232,fine-tuned,"8,4,8"
233,fine-tuned,"7,3,9"
234,fine-tuned,"2,5,4"
235,fine-tuned,"1,5,9"
236,fine-tuned,"5,1,5"
237,fine-tuned,"1,8,6"
238,fine-tuned,"4,8,4"
239,fine-tuned,"5,1,5"
240,fine-tuned,"3,9,4"
241,fine-tuned,"5,5,5"
242,fine-tuned,"4,6,1"
243,fine-tuned,"8,5,7"
244,fine-tuned,"4,3,1"
245,fine-tuned,"8,9,7"
246,fine-tuned,"9,1,5"
247,fine-tuned,"3,6,1"
248,fine-tuned,"6,1,3"
249,fine-tuned,"6,9,2"
250,fine-tuned,"8,7,1"
251,fine-tuned,"9,3,7"
252,fine-tuned,"5,2,6"
253,fine-tuned,"6,1,2"
254,fine-tuned,"2,1,6"
255,fine-tuned,"5,2,5"
256,fine-tuned,"2,3,8"
257,fine-tuned,"6,6,1"
258,fine-tuned,"1,5,8"
259,fine-tuned,"2,5,5"
260,fine-tuned,"4,6,6"
261,fine-tuned,"4,9,2"
262,fine-tuned,"6,6,4"
263,fine-tuned,"5,2,7"
264,fine-tuned,"5,1,7"
265,fine-tuned,"6,2,4"
266,fine-tuned,"4,4,4"
267,fine-tuned,"7,9,4"
268,fine-tuned,"4,9,8"
269,fine-tuned,"4,9,3"
270,fine-tuned,"1,9,1"
271,fine-tuned,"9,8,5"
272,fine-tuned,"3,9,1"
273,fine-tuned,"9,7,7"
274,fine-tuned,"9,1,1"
275,fine-tuned,"9,6,7"
276,fine-tuned,"1,3,2"
277,fine-tuned,"8,9,9"
278,fine-tuned,"4,1,7"
279,fine-tuned,"8,5,7"
280,fine-tuned,"7,6,2"
281,fine-tuned,"7,8,4"
282,fine-tuned,"3,4,1"
283,fine-tuned,"2,2,9"
284,fine-tuned,"7,7,7"
285,fine-tuned,"4,1,5"
286,fine-tuned,"2,3,9"
287,fine-tuned,"4,8,4"
288,fine-tuned,"2,6,5"
289,fine-tuned,"7,8,5"
290,fine-tuned,"1,5,7"
291,fine-tuned,"4,6,1"
292,fine-tuned,"7,1,9"
293,fine-tuned,"2,6,3"
294,fine-tuned,"4,9,8"
295,fine-tuned,"3,5,1"
296,fine-tuned,"5,4,4"
297,fine-tuned,"1,4,7"
298,fine-tuned,"7,5,1"
299,fine-tuned,"2,4,6"
300,fine-tuned,"4,8,5"
301,fine-tuned,"8,5,4"
302,fine-tuned,"3,1,6"
303,fine-tuned,"3,4,1"
304,fine-tuned,"7,3,6"
305,fine-tuned,"4,4,7"
306,fine-tuned,"9,9,2"
307,fine-tuned,"9,2,3"
308,fine-tuned,"3,1,3"
309,fine-tuned,"5,1,1"
310,fine-tuned,"3,3,1"
311,fine-tuned,"9,8,6"
312,fine-tuned,"7,4,5"
313,fine-tuned,"3,9,4"
314,fine-tuned,"8,5,4"
315,fine-tuned,"7,1,4"
316,fine-tuned,"8,9,2"
317,fine-tuned,"7,3,7"
318,fine-tuned,"5,8,7"
319,fine-tuned,"4,5,4"
320,fine-tuned,"8,2,7"
321,fine-tuned,"2,9,8"
322,fine-tuned,"8,2,6"
323,fine-tuned,"1,2,5"
324,fine-tuned,"1,5,4"
325,fine-tuned,"9,6,5"
326,fine-tuned,"5,9,2"
327,fine-tuned,"1,6,7"
328,fine-tuned,"4,7,4"
329,fine-tuned,"9,2,7"
330,fine-tuned,"2,1,5"
331,fine-tuned,"1,9,1"
332,fine-tuned,"1,3,3"
333,fine-tuned,"8,9,4"
334,fine-tuned,"3,7,9"
335,fine-tuned,"4,2,2"
336,fine-tuned,"7,2,2"
337,fine-tuned,"3,6,1"
338,fine-tuned,"1,8,1"
339,fine-tuned,"3,3,6"
340,fine-tuned,"9,7,4"
341,fine-tuned,"7,9,5"
342,fine-tuned,"5,5,6"
343,fine-tuned,"9,8,5"
344,fine-tuned,"9,9,1"
345,fine-tuned,"7,3,4"
346,fine-tuned,"5,2,7"
347,fine-tuned,"7,9,4"
348,fine-tuned,"8,3,8"
349,fine-tuned,"3,7,3"
350,fine-tuned,"4,4,3"
351,fine-tuned,"5,3,4"
352,fine-tuned,"9,5,1"
353,fine-tuned,"8,8,6"
354,fine-tuned,"2,4,8"
355,fine-tuned,"2,3,3"
356,fine-tuned,"8,4,5"
357,fine-tuned,"7,1,7"
358,fine-tuned,"9,9,4"
359,fine-tuned,"7,5,2"
360,fine-tuned,"7,7,2"
361,fine-tuned,"3,8,3"
362,fine-tuned,"7,9,7"
363,fine-tuned,"2,3,8"
364,fine-tuned,"6,8,2"
365,fine-tuned,"4,9,3"
366,fine-tuned,"4,3,2"
367,fine-tuned,"8,2,1"
368,fine-tuned,"6,3,2"
369,fine-tuned,"6,8,6"
370,fine-tuned,"3,4,8"
371,fine-tuned,"5,8,3"
372,fine-tuned,"2,7,5"
373,fine-tuned,"4,9,5"
374,fine-tuned,"5,1,6"
375,fine-tuned,"2,8,3"
376,fine-tuned,"8,2,2"
377,fine-tuned,"6,5,5"
378,fine-tuned,"4,1,3"
379,fine-tuned,"8,1,7"
380,fine-tuned,"6,3,2"
381,fine-tuned,"7,8,9"
382,fine-tuned,"1,4,8"
383,fine-tuned,"8,9,5"
384,fine-tuned,"2,5,3"
385,fine-tuned,"9,9,1"
386,fine-tuned,"4,7,5"
387,fine-tuned,"1,9,6"
388,fine-tuned,"4,2,8"
389,fine-tuned,"5,6,2"
390,fine-tuned,"2,3,1"
391,fine-tuned,"9,9,1"
392,fine-tuned,"1,6,3"
393,fine-tuned,"4,1,1"
394,fine-tuned,"1,7,7"
395,fine-tuned,"6,1,7"
396,fine-tuned,"6,4,4"
397,fine-tuned,"5,3,5"
398,fine-tuned,"7,9,1"
399,fine-tuned,"7,5,5"
400,fine-tuned,"4,6,1"
401,fine-tuned,"8,4,7"
402,fine-tuned,"9,4,8"
403,fine-tuned,"5,5,1"
404,fine-tuned,"6,8,6"
405,fine-tuned,"6,1,7"
406,fine-tuned,"9,3,5"
407,fine-tuned,"9,9,5"
408,fine-tuned,"5,1,5"
409,fine-tuned,"3,4,5"
410,fine-tuned,"2,1,6"
411,fine-tuned,"5,2,8"
412,fine-tuned,"9,5,2"
413,fine-tuned,"9,3,8"
414,fine-tuned,"3,2,7"
415,fine-tuned,"3,9,2"
416,fine-tuned,"6,5,4"
417,fine-tuned,"4,3,2"
418,fine-tuned,"6,1,1"
419,fine-tuned,"1,1,3"
420,fine-tuned,"6,5,2"
421,fine-tuned,"2,8,2"
422,fine-tuned,"9,5,4"
423,fine-tuned,"2,4,5"
424,fine-tuned,"3,3,9"
425,fine-tuned,"7,7,7"
426,fine-tuned,"7,2,1"
427,fine-tuned,"2,6,5"
428,fine-tuned,"8,4,3"
429,fine-tuned,"6,6,9"
430,fine-tuned,"3,8,1"
431,fine-tuned,"5,5,3"
432,fine-tuned,"1,9,8"
433,fine-tuned,"9,5,2"
434,fine-tuned,"8,8,6"
435,fine-tuned,"6,1,1"
436,fine-tuned,"7,8,8"
437,fine-tuned,"5,7,9"
438,fine-tuned,"6,2,6"
439,fine-tuned,"6,2,8"
440,fine-tuned,"8,2,4"
441,fine-tuned,"1,8,6"
442,fine-tuned,"6,8,7"
443,fine-tuned,"5,5,7"
444,fine-tuned,"8,5,4"
445,fine-tuned,"5,3,4"
446,fine-tuned,"2,9,5"
447,fine-tuned,"7,5,7"
448,fine-tuned,"8,6,8"
449,fine-tuned,"7,6,7"
450,fine-tuned,"3,4,7"
451,fine-tuned,"9,6,6"
452,fine-tuned,"2,9,4"
453,fine-tuned,"4,4,6"
454,fine-tuned,"8,2,1"
455,fine-tuned,"6,3,9"
456,fine-tuned,"4,7,7"
457,fine-tuned,"1,8,6"
458,fine-tuned,"1,1,4"
459,fine-tuned,"3,3,9"
460,fine-tuned,"7,3,4"
461,fine-tuned,"9,4,7"
462,fine-tuned,"1,6,3"
463,fine-tuned,"9,8,3"
464,fine-tuned,"5,3,6"
465,fine-tuned,"1,7,8"
466,fine-tuned,"4,8,9"
467,fine-tuned,"6,9,4"
468,fine-tuned,"9,4,1"
469,fine-tuned,"6,5,8"
470,fine-tuned,"9,6,2"
471,fine-tuned,"6,1,1"
472,fine-tuned,"8,3,7"
473,fine-tuned,"2,7,9"
474,fine-tuned,"3,9,7"
475,fine-tuned,"6,6,5"
476,fine-tuned,"7,5,2"
477,fine-tuned,"7,8,3"
478,fine-tuned,"3,8,2"
479,fine-tuned,"8,7,4"
480,fine-tuned,"9,3,1"
481,fine-tuned,"7,3,2"
482,fine-tuned,"5,9,1"
483,fine-tuned,"9,6,5"
484,fine-tuned,"5,9,1"
485,fine-tuned,"4,1,1"
486,fine-tuned,"3,8,6"
487,fine-tuned,"5,9,8"
488,fine-tuned,"8,4,7"
489,fine-tuned,"1,7,9"
490,fine-tuned,"5,3,3"
491,fine-tuned,"1,7,6"
492,fine-tuned,"8,8,6"
493,fine-tuned,"4,4,9"
494,fine-tuned,"8,9,1"
495,fine-tuned,"2,1,3"
496,fine-tuned,"2,8,2"
497,fine-tuned,"2,3,4"
498,fine-tuned,"1,9,6"
499,fine-tuned,"9,8,5"
500,fine-tuned,"4,4,1"
501,fine-tuned,"8,3,8"
502,fine-tuned,"1,5,2"
503,fine-tuned,"7,1,5"
504,fine-tuned,"5,5,6"
505,fine-tuned,"7,8,4"
506,fine-tuned,"5,4,1"
507,fine-tuned,"3,6,7"
508,fine-tuned,"9,6,9"
509,fine-tuned,"2,9,8"
510,fine-tuned,"6,1,8"
511,fine-tuned,"4,2,9"
512,fine-tuned,"2,8,9"
513,fine-tuned,"6,3,2"
514,fine-tuned,"8,5,6"
515,fine-tuned,"6,3,2"
516,fine-tuned,"6,4,8"
517,fine-tuned,"4,8,5"
518,fine-tuned,"4,6,4"
519,fine-tuned,"4,7,6"
520,fine-tuned,"8,9,1"
521,fine-tuned,"4,9,4"
522,fine-tuned,"9,1,4"
523,fine-tuned,"6,1,1"
524,fine-tuned,"9,8,8"
525,fine-tuned,"1,1,9"
526,fine-tuned,"3,5,1"
527,fine-tuned,"7,2,4"
528,fine-tuned,"2,6,2"
529,fine-tuned,"4,6,4"
530,fine-tuned,"6,6,9"
531,fine-tuned,"3,3,2"
532,fine-tuned,"6,5,6"
533,fine-tuned,"6,7,4"
534,fine-tuned,"8,7,8"
535,fine-tuned,"9,3,3"
536,fine-tuned,"2,4,4"
537,fine-tuned,"9,7,9"
538,fine-tuned,"7,4,8"
539,fine-tuned,"4,1,1"
540,fine-tuned,"9,9,5"
541,fine-tuned,"2,2,3"
542,fine-tuned,"9,6,7"
543,fine-tuned,"3,8,8"
544,fine-tuned,"6,6,3"
545,fine-tuned,"9,8,5"
546,fine-tuned,"5,8,5"
547,fine-tuned,"1,1,5"
548,fine-tuned,"3,5,7"
549,fine-tuned,"4,7,8"
550,fine-tuned,"3,6,8"
551,fine-tuned,"5,4,9"
552,fine-tuned,"4,3,2"
553,fine-tuned,"9,8,8"
554,fine-tuned,"7,2,3"
555,fine-tuned,"8,8,2"
556,fine-tuned,"8,2,3"
557,fine-tuned,"7,6,3"
558,fine-tuned,"9,2,1"
559,fine-tuned,"1,4,9"
560,fine-tuned,"8,9,4"
561,fine-tuned,"7,3,8"
562,fine-tuned,"4,9,3"
563,fine-tuned,"6,4,6"
564,fine-tuned,"3,9,8"
565,fine-tuned,"4,1,9"
566,fine-tuned,"6,4,5"
567,fine-tuned,"6,3,4"
568,fine-tuned,"5,9,1"
569,fine-tuned,"8,8,7"
570,fine-tuned,"3,3,6"
571,fine-tuned,"2,6,3"
572,fine-tuned,"5,9,5"
573,fine-tuned,"6,5,6"
574,fine-tuned,"8,2,3"
575,fine-tuned,"8,4,5"
576,fine-tuned,"4,9,4"
577,fine-tuned,"6,8,1"
578,fine-tuned,"4,6,4"
579,fine-tuned,"7,2,7"
580,fine-tuned,"7,2,7"
581,fine-tuned,"2,4,8"
582,fine-tuned,"4,6,5"
583,fine-tuned,"5,2,1"
584,fine-tuned,"6,5,1"
585,fine-tuned,"1,4,3"
586,fine-tuned,"9,8,8"
587,fine-tuned,"2,5,5"
588,fine-tuned,"9,4,3"
589,fine-tuned,"6,4,3"
590,fine-tuned,"9,7,7"
591,fine-tuned,"3,3,6"
592,fine-tuned,"7,4,2"
593,fine-tuned,"6,1,9"
594,fine-tuned,"4,2,1"
595,fine-tuned,"1,8,5"
596,fine-tuned,"7,4,9"
597,fine-tuned,"5,6,1"
598,fine-tuned,"9,9,4"
599,fine-tuned,"6,4,6"
600,fine-tuned,"7,5,8"
601,fine-tuned,"6,4,4"
602,fine-tuned,"9,9,6"
603,fine-tuned,"8,2,6"
604,fine-tuned,"8,9,1"
605,fine-tuned,"8,7,9"
606,fine-tuned,"2,3,4"
607,fine-tuned,"1,7,2"
608,fine-tuned,"9,2,9"
609,fine-tuned,"2,1,1"
610,fine-tuned,"8,8,5"
611,fine-tuned,"3,7,5"
612,fine-tuned,"6,7,4"
613,fine-tuned,"4,1,6"
614,fine-tuned,"1,9,1"
615,fine-tuned,"9,9,4"
616,fine-tuned,"4,9,6"
617,fine-tuned,"7,8,6"
618,fine-tuned,"1,3,5"
619,fine-tuned,"7,7,4"
620,fine-tuned,"1,4,1"
621,fine-tuned,"4,6,3"
622,fine-tuned,"9,9,1"
623,fine-tuned,"8,6,1"
624,fine-tuned,"8,5,8"
625,fine-tuned,"6,5,1"
626,fine-tuned,"4,9,8"
627,fine-tuned,"4,1,4"
628,fine-tuned,"9,2,8"
629,fine-tuned,"9,8,5"
630,fine-tuned,"5,3,5"
631,fine-tuned,"9,7,8"
632,fine-tuned,"9,8,9"
633,fine-tuned,"6,9,4"
634,fine-tuned,"3,6,6"
635,fine-tuned,"4,3,8"
636,fine-tuned,"9,2,6"
637,fine-tuned,"8,9,2"
638,fine-tuned,"7,2,5"
639,fine-tuned,"4,8,8"
640,fine-tuned,"2,8,4"
641,fine-tuned,"5,2,8"
642,fine-tuned,"6,8,4"
643,fine-tuned,"7,8,8"
644,fine-tuned,"7,7,4"
645,fine-tuned,"3,5,5"
646,fine-tuned,"4,1,3"
647,fine-tuned,"9,5,4"
648,fine-tuned,"8,1,9"
649,fine-tuned,"9,7,3"
650,fine-tuned,"1,7,9"
651,fine-tuned,"7,6,1"
652,fine-tuned,"3,6,5"
653,fine-tuned,"1,1,5"
654,fine-tuned,"2,3,7"
655,fine-tuned,"7,4,2"
656,fine-tuned,"2,7,6"
657,fine-tuned,"3,2,5"
658,fine-tuned,"8,4,3"
659,fine-tuned,"8,1,6"
660,fine-tuned,"5,6,2"
661,fine-tuned,"6,3,8"
662,fine-tuned,"5,7,8"
663,fine-tuned,"2,9,3"
664,fine-tuned,"7,1,6"
665,fine-tuned,"3,5,7"
666,fine-tuned,"5,5,6"
667,fine-tuned,"8,8,5"
668,fine-tuned,"8,2,4"
669,fine-tuned,"1,3,7"
670,fine-tuned,"3,1,4"
671,fine-tuned,"9,5,3"
672,fine-tuned,"4,3,7"
673,fine-tuned,"5,6,3"
674,fine-tuned,"5,6,4"
675,fine-tuned,"5,8,7"
676,fine-tuned,"3,1,2"
677,fine-tuned,"6,9,6"
678,fine-tuned,"8,9,5"
679,fine-tuned,"1,5,7"
680,fine-tuned,"8,9,9"
681,fine-tuned,"3,2,1"
682,fine-tuned,"5,8,9"
683,fine-tuned,"2,7,3"
684,fine-tuned,"7,4,3"
685,fine-tuned,"8,1,6"
686,fine-tuned,"6,9,6"
687,fine-tuned,"3,4,3"
688,fine-tuned,"8,5,8"
689,fine-tuned,"1,5,7"
690,fine-tuned,"9,5,7"
691,fine-tuned,"5,6,9"
692,fine-tuned,"2,3,4"
693,fine-tuned,"3,9,1"
694,fine-tuned,"8,7,9"
695,fine-tuned,"8,5,4"
696,fine-tuned,"5,7,1"
697,fine-tuned,"5,3,7"
698,fine-tuned,"4,9,8"
699,fine-tuned,"9,1,1"
700,fine-tuned,"5,7,8"
701,fine-tuned,"8,4,3"
702,fine-tuned,"8,8,2"
703,fine-tuned,"2,9,1"
704,fine-tuned,"3,6,8"
705,fine-tuned,"1,5,5"
706,fine-tuned,"1,3,7"
707,fine-tuned,"7,2,4"
708,fine-tuned,"4,3,9"
709,fine-tuned,"3,7,3"
710,fine-tuned,"6,2,3"
711,fine-tuned,"5,5,5"
712,fine-tuned,"3,1,4"
713,fine-tuned,"6,1,3"
714,fine-tuned,"8,2,5"
715,fine-tuned,"3,9,3"
716,fine-tuned,"4,6,9"
717,fine-tuned,"2,2,9"
718,fine-tuned,"2,4,3"
719,fine-tuned,"1,3,3"
720,fine-tuned,"1,7,7"
721,fine-tuned,"9,7,1"
722,fine-tuned,"8,9,7"
723,fine-tuned,"8,6,3"
724,fine-tuned,"8,5,7"
725,fine-tuned,"3,7,5"
726,fine-tuned,"3,4,7"
727,fine-tuned,"3,2,5"
728,fine-tuned,"9,3,5"
729,fine-tuned,"8,6,2"
730,fine-tuned,"9,3,7"
731,fine-tuned,"3,9,6"
732,fine-tuned,"8,4,2"
733,fine-tuned,"7,7,4"
734,fine-tuned,"7,9,5"
735,fine-tuned,"5,4,6"
736,fine-tuned,"7,3,2"
737,fine-tuned,"6,5,6"
738,fine-tuned,"8,8,9"
739,fine-tuned,"4,5,1"
740,fine-tuned,"7,4,2"
741,fine-tuned,"3,6,3"
742,fine-tuned,"8,7,3"
743,fine-tuned,"1,8,7"
744,fine-tuned,"9,2,2"
745,fine-tuned,"7,2,2"
746,fine-tuned,"8,8,6"
747,fine-tuned,"7,3,8"
748,fine-tuned,"9,1,7"
749,fine-tuned,"8,7,6"
750,fine-tuned,"8,2,1"
751,fine-tuned,"7,2,4"
752,fine-tuned,"4,3,1"
753,fine-tuned,"3,2,1"
754,fine-tuned,"8,1,4"
755,fine-tuned,"2,7,1"
756,fine-tuned,"9,2,6"
757,fine-tuned,"4,1,3"
758,fine-tuned,"4,9,5"
759,fine-tuned,"6,4,5"
760,fine-tuned,"5,5,1"
761,fine-tuned,"1,9,6"
762,fine-tuned,"1,8,5"
763,fine-tuned,"5,6,8"
764,fine-tuned,"1,4,2"
765,fine-tuned,"1,3,6"
766,fine-tuned,"4,7,5"
767,fine-tuned,"2,8,8"
768,fine-tuned,"3,7,2"
769,fine-tuned,"8,3,2"
770,fine-tuned,"4,1,1"
771,fine-tuned,"2,3,3"
772,fine-tuned,"3,3,4"
773,fine-tuned,"1,3,4"
774,fine-tuned,"2,5,2"
775,fine-tuned,"1,5,3"
776,fine-tuned,"2,3,4"
777,fine-tuned,"5,1,8"
778,fine-tuned,"3,3,3"
779,fine-tuned,"5,2,4"
780,fine-tuned,"8,5,6"
781,fine-tuned,"5,2,5"
782,fine-tuned,"3,6,7"
783,fine-tuned,"3,5,7"
784,fine-tuned,"2,1,5"
785,fine-tuned,"9,8,6"
786,fine-tuned,"1,2,8"
787,fine-tuned,"3,4,6"
788,fine-tuned,"1,7,1"
789,fine-tuned,"5,9,8"
790,fine-tuned,"6,4,9"
791,fine-tuned,"9,9,1"
792,fine-tuned,"8,8,4"
793,fine-tuned,"3,1,2"
794,fine-tuned,"1,4,4"
795,fine-tuned,"8,7,1"
796,fine-tuned,"2,5,7"
797,fine-tuned,"5,7,8"
798,fine-tuned,"3,7,4"
799,fine-tuned,"8,8,7"
800,fine-tuned,"7,8,2"
801,fine-tuned,"7,7,8"
802,fine-tuned,"9,2,7"
803,fine-tuned,"2,3,3"
804,fine-tuned,"2,8,3"
805,fine-tuned,"3,4,9"
806,fine-tuned,"6,7,7"
807,fine-tuned,"9,1,8"
808,fine-tuned,"7,4,8"
809,fine-tuned,"1,8,1"
810,fine-tuned,"9,8,5"
811,fine-tuned,"4,7,8"
812,fine-tuned,"6,5,5"
813,fine-tuned,"9,8,4"
814,fine-tuned,"8,4,8"
815,fine-tuned,"4,9,7"
816,fine-tuned,"7,1,7"
817,fine-tuned,"7,2,4"
818,fine-tuned,"5,4,1"
819,fine-tuned,"7,7,4"
820,fine-tuned,"5,6,2"
821,fine-tuned,"2,9,9"
822,fine-tuned,"9,9,4"
823,fine-tuned,"8,8,9"
824,fine-tuned,"1,8,9"
825,fine-tuned,"2,8,1"
826,fine-tuned,"8,3,9"
827,fine-tuned,"3,8,3"
828,fine-tuned,"7,2,4"
829,fine-tuned,"7,7,8"
830,fine-tuned,"1,1,2"
831,fine-tuned,"5,8,4"
832,fine-tuned,"6,3,3"
833,fine-tuned,"7,5,9"
834,fine-tuned,"1,1,6"
835,fine-tuned,"7,8,6"
836,fine-tuned,"2,3,9"
837,fine-tuned,"5,8,1"
838,fine-tuned,"3,9,4"
839,fine-tuned,"3,7,5"
840,fine-tuned,"8,8,1"
841,fine-tuned,"1,4,3"
842,fine-tuned,"3,2,1"
843,fine-tuned,"2,1,9"
844,fine-tuned,"4,8,8"
845,fine-tuned,"1,2,2"
846,fine-tuned,"7,7,8"
847,fine-tuned,"4,3,1"
848,fine-tuned,"5,3,4"
849,fine-tuned,"5,5,6"
850,fine-tuned,"1,6,4"
851,fine-tuned,"2,1,8"
852,fine-tuned,"1,5,7"
853,fine-tuned,"4,1,7"
854,fine-tuned,"6,6,9"
855,fine-tuned,"1,8,1"
856,fine-tuned,"9,7,1"
857,fine-tuned,"5,4,9"
858,fine-tuned,"9,6,4"
859,fine-tuned,"4,6,1"
860,fine-tuned,"2,2,7"
861,fine-tuned,"5,9,3"
862,fine-tuned,"5,8,6"
863,fine-tuned,"3,6,1"
864,fine-tuned,"4,8,9"
865,fine-tuned,"2,9,5"
866,fine-tuned,"8,7,8"
867,fine-tuned,"1,8,8"
868,fine-tuned,"8,9,8"
869,fine-tuned,"2,2,3"
870,fine-tuned,"9,5,1"
871,fine-tuned,"5,7,9"
872,fine-tuned,"3,7,2"
873,fine-tuned,"4,5,7"
874,fine-tuned,"6,9,6"
875,fine-tuned,"1,4,5"
876,fine-tuned,"5,1,1"
877,fine-tuned,"5,4,4"
878,fine-tuned,"9,7,2"
879,fine-tuned,"3,4,1"
880,fine-tuned,"1,9,5"
881,fine-tuned,"7,8,3"
882,fine-tuned,"7,3,1"
883,fine-tuned,"3,6,5"
884,fine-tuned,"8,9,5"
885,fine-tuned,"8,5,4"
886,fine-tuned,"2,1,6"
887,fine-tuned,"3,6,8"
888,fine-tuned,"7,2,5"
889,fine-tuned,"8,5,9"
890,fine-tuned,"7,5,7"
891,fine-tuned,"7,4,3"
892,fine-tuned,"3,3,5"
893,fine-tuned,"9,5,4"
894,fine-tuned,"7,9,6"
895,fine-tuned,"3,9,3"
896,fine-tuned,"6,3,9"
897,fine-tuned,"5,1,4"
898,fine-tuned,"3,1,7"
899,fine-tuned,"3,9,2"
900,fine-tuned,"1,9,6"
901,fine-tuned,"8,3,4"
902,fine-tuned,"8,5,5"
903,fine-tuned,"7,8,6"
904,fine-tuned,"7,3,3"
905,fine-tuned,"7,7,9"
906,fine-tuned,"9,4,9"
907,fine-tuned,"5,2,7"
908,fine-tuned,"1,3,4"
909,fine-tuned,"6,3,3"
910,fine-tuned,"4,6,8"
911,fine-tuned,"5,5,1"
912,fine-tuned,"1,1,8"
913,fine-tuned,"2,1,3"
914,fine-tuned,"1,2,5"
915,fine-tuned,"5,2,4"
916,fine-tuned,"7,3,6"
917,fine-tuned,"1,5,7"
918,fine-tuned,"1,7,3"
919,fine-tuned,"7,2,4"
920,fine-tuned,"6,9,2"
921,fine-tuned,"4,1,9"
922,fine-tuned,"9,3,4"
923,fine-tuned,"4,7,2"
924,fine-tuned,"8,7,3"
925,fine-tuned,"3,9,1"
926,fine-tuned,"6,5,1"
927,fine-tuned,"3,5,9"
928,fine-tuned,"4,8,9"
929,fine-tuned,"7,6,4"
930,fine-tuned,"3,6,2"
931,fine-tuned,"1,7,5"
932,fine-tuned,"1,2,7"
933,fine-tuned,"2,3,2"
934,fine-tuned,"5,3,1"
935,fine-tuned,"5,8,7"
936,fine-tuned,"3,2,6"
937,fine-tuned,"7,3,1"
938,fine-tuned,"5,5,1"
939,fine-tuned,"9,5,9"
940,fine-tuned,"3,3,7"
941,fine-tuned,"1,9,4"
942,fine-tuned,"2,8,5"
943,fine-tuned,"3,9,3"
944,fine-tuned,"8,5,8"
945,fine-tuned,"6,1,2"
946,fine-tuned,"4,2,2"
947,fine-tuned,"9,5,3"
948,fine-tuned,"2,7,6"
949,fine-tuned,"4,9,4"
950,fine-tuned,"9,7,6"
951,fine-tuned,"9,5,4"
952,fine-tuned,"6,4,3"
953,fine-tuned,"1,3,6"
954,fine-tuned,"5,3,2"
955,fine-tuned,"5,8,1"
956,fine-tuned,"2,8,1"
957,fine-tuned,"3,9,2"
958,fine-tuned,"6,6,5"
959,fine-tuned,"9,7,6"
960,fine-tuned,"9,5,4"
961,fine-tuned,"4,3,3"
962,fine-tuned,"1,9,6"
963,fine-tuned,"6,1,3"
964,fine-tuned,"9,1,2"
965,fine-tuned,"8,4,7"
966,fine-tuned,"2,4,8"
967,fine-tuned,"7,2,3"
968,fine-tuned,"9,6,4"
969,fine-tuned,"6,6,8"
970,fine-tuned,"6,7,5"
971,fine-tuned,"5,8,2"
972,fine-tuned,"3,4,4"
973,fine-tuned,"8,5,3"
974,fine-tuned,"8,7,6"
975,fine-tuned,"5,1,8"
976,fine-tuned,"6,4,6"
977,fine-tuned,"3,7,1"
978,fine-tuned,"7,1,9"
979,fine-tuned,"8,4,7"
980,fine-tuned,"2,1,6"
981,fine-tuned,"3,5,5"
982,fine-tuned,"1,3,3"
983,fine-tuned,"6,1,2"
984,fine-tuned,"5,2,8"
985,fine-tuned,"7,8,2"
986,fine-tuned,"3,4,7"
987,fine-tuned,"3,5,9"
988,fine-tuned,"3,2,4"
989,fine-tuned,"3,6,3"
990,fine-tuned,"6,7,7"
991,fine-tuned,"9,9,2"
992,fine-tuned,"6,3,2"
993,fine-tuned,"7,1,8"
994,fine-tuned,"7,6,3"
995,fine-tuned,"8,3,3"
996,fine-tuned,"5,7,1"
997,fine-tuned,"1,9,3"
998,fine-tuned,"2,1,9"
999,fine-tuned,"9,3,8"
1000,fine-tuned,"5,6,5"
1001,fine-tuned,"8,1,9"
1002,fine-tuned,"8,9,8"
1003,fine-tuned,"3,6,2"
1004,fine-tuned,"3,5,4"
1005,fine-tuned,"7,9,9"
1006,fine-tuned,"7,2,7"
1007,fine-tuned,"6,6,7"
1008,fine-tuned,"7,1,1"
1009,fine-tuned,"2,3,6"
1010,fine-tuned,"1,5,6"
1011,fine-tuned,"3,5,8"
1012,fine-tuned,"3,8,6"
1013,fine-tuned,"7,7,8"
1014,fine-tuned,"2,8,2"
1015,fine-tuned,"1,3,1"
1016,fine-tuned,"2,4,2"
1017,fine-tuned,"4,9,2"
1018,fine-tuned,"5,9,4"
1019,fine-tuned,"6,9,5"
1020,fine-tuned,"6,1,9"
1021,fine-tuned,"3,4,7"
1022,fine-tuned,"7,9,1"
1023,fine-tuned,"6,9,2"
1024,fine-tuned,"6,2,7"
1025,fine-tuned,"9,4,9"
1026,fine-tuned,"3,3,7"
1027,fine-tuned,"6,1,3"
1028,fine-tuned,"4,6,9"
1029,fine-tuned,"6,5,6"
1030,fine-tuned,"4,4,5"
1031,fine-tuned,"1,2,5"
1032,fine-tuned,"7,5,6"
1033,fine-tuned,"6,9,7"
1034,fine-tuned,"1,1,6"
1035,fine-tuned,"4,9,6"
1036,fine-tuned,"2,7,6"
1037,fine-tuned,"2,7,8"
1038,fine-tuned,"3,5,5"
1039,fine-tuned,"2,3,9"
1040,fine-tuned,"6,8,5"
1041,fine-tuned,"9,1,8"
1042,fine-tuned,"6,4,8"
1043,fine-tuned,"5,5,6"
1044,fine-tuned,"8,4,9"
1045,fine-tuned,"8,5,4"
1046,fine-tuned,"1,2,4"
1047,fine-tuned,"5,1,7"
1048,fine-tuned,"6,3,5"
1049,fine-tuned,"2,6,6"
1050,fine-tuned,"9,4,5"
1051,fine-tuned,"3,2,2"
1052,fine-tuned,"1,6,7"
1053,fine-tuned,"5,9,5"
1054,fine-tuned,"3,9,8"
1055,fine-tuned,"9,2,6"
1056,fine-tuned,"2,8,2"
1057,fine-tuned,"8,9,2"
1058,fine-tuned,"5,5,1"
1059,fine-tuned,"5,7,3"
1060,fine-tuned,"9,6,6"
1061,fine-tuned,"8,1,2"
1062,fine-tuned,"1,9,1"
1063,fine-tuned,"3,8,4"
1064,fine-tuned,"3,3,7"
1065,fine-tuned,"7,1,5"
1066,fine-tuned,"3,9,9"
1067,fine-tuned,"7,1,5"
1068,fine-tuned,"8,1,5"
1069,fine-tuned,"8,9,8"
1070,fine-tuned,"7,9,6"
1071,fine-tuned,"7,3,1"
1072,fine-tuned,"3,7,1"
1073,fine-tuned,"2,8,4"
1074,fine-tuned,"7,6,5"
1075,fine-tuned,"5,6,4"
1076,fine-tuned,"8,2,1"
1077,fine-tuned,"9,4,8"
1078,fine-tuned,"8,8,3"
1079,fine-tuned,"2,2,2"
1080,fine-tuned,"4,8,5"
1081,fine-tuned,"3,6,4"
1082,fine-tuned,"4,7,3"
1083,fine-tuned,"1,3,6"
1084,fine-tuned,"7,9,9"
1085,fine-tuned,"3,6,2"
1086,fine-tuned,"3,7,4"
1087,fine-tuned,"4,6,8"
1088,fine-tuned,"2,9,4"
1089,fine-tuned,"5,5,6"
1090,fine-tuned,"4,3,1"
1091,fine-tuned,"8,2,6"
1092,fine-tuned,"6,9,2"
1093,fine-tuned,"6,5,3"
1094,fine-tuned,"8,6,2"
1095,fine-tuned,"6,2,3"
1096,fine-tuned,"8,3,9"
1097,fine-tuned,"7,3,4"
1098,fine-tuned,"7,5,8"
1099,fine-tuned,"6,9,9"
1100,fine-tuned,"6,5,7"
1101,fine-tuned,"7,8,5"
1102,fine-tuned,"2,8,7"
1103,fine-tuned,"7,3,7"
1104,fine-tuned,"8,7,1"
1105,fine-tuned,"8,3,7"
1106,fine-tuned,"1,9,1"
1107,fine-tuned,"5,4,6"
1108,fine-tuned,"1,7,3"
1109,fine-tuned,"5,5,6"
1110,fine-tuned,"6,1,2"
1111,fine-tuned,"6,8,1"
1112,fine-tuned,"7,6,7"
1113,fine-tuned,"8,1,4"
1114,fine-tuned,"9,7,7"
1115,fine-tuned,"2,3,6"
1116,fine-tuned,"4,6,1"
1117,fine-tuned,"6,5,1"
1118,fine-tuned,"7,2,5"
1119,fine-tuned,"9,5,9"
1120,fine-tuned,"4,3,7"
1121,fine-tuned,"5,6,8"
1122,fine-tuned,"5,7,4"
1123,fine-tuned,"1,8,6"
1124,fine-tuned,"2,2,7"
1125,fine-tuned,"6,7,1"
1126,fine-tuned,"3,4,7"
1127,fine-tuned,"9,7,2"
1128,fine-tuned,"6,4,2"
1129,fine-tuned,"6,9,8"
1130,fine-tuned,"3,1,9"
1131,fine-tuned,"1,7,6"
1132,fine-tuned,"6,5,8"
1133,fine-tuned,"6,7,9"
1134,fine-tuned,"9,2,5"
1135,fine-tuned,"5,6,7"
1136,fine-tuned,"7,4,1"
1137,fine-tuned,"9,8,8"
1138,fine-tuned,"9,3,4"
1139,fine-tuned,"9,3,3"
1140,fine-tuned,"4,3,7"
1141,fine-tuned,"6,9,5"
1142,fine-tuned,"5,5,2"
1143,fine-tuned,"1,9,3"
1144,fine-tuned,"7,4,1"
1145,fine-tuned,"9,7,8"
1146,fine-tuned,"1,5,1"
1147,fine-tuned,"1,1,9"
1148,fine-tuned,"4,8,9"
1149,fine-tuned,"7,7,5"
1150,fine-tuned,"9,5,1"
1151,fine-tuned,"1,4,8"
1152,fine-tuned,"4,9,6"
1153,fine-tuned,"2,2,5"
1154,fine-tuned,"9,1,1"
1155,fine-tuned,"8,2,3"
1156,fine-tuned,"1,5,5"
1157,fine-tuned,"5,5,6"
1158,fine-tuned,"6,5,8"
1159,fine-tuned,"1,5,3"
1160,fine-tuned,"5,9,4"
1161,fine-tuned,"1,2,1"
1162,fine-tuned,"4,8,8"
1163,fine-tuned,"8,4,2"
1164,fine-tuned,"8,4,8"
1165,fine-tuned,"8,8,5"
1166,fine-tuned,"3,8,6"
1167,fine-tuned,"1,3,5"
1168,fine-tuned,"8,6,6"
1169,fine-tuned,"5,6,6"
1170,fine-tuned,"5,9,5"
1171,fine-tuned,"6,8,5"
1172,fine-tuned,"6,9,3"
1173,fine-tuned,"5,7,9"
1174,fine-tuned,"3,5,8"
1175,fine-tuned,"6,9,8"
1176,fine-tuned,"2,1,7"
1177,fine-tuned,"7,1,1"
1178,fine-tuned,"9,8,8"
1179,fine-tuned,"2,8,4"
1180,fine-tuned,"3,4,3"
1181,fine-tuned,"5,2,3"
1182,fine-tuned,"6,3,1"
1183,fine-tuned,"6,1,8"
1184,fine-tuned,"2,5,2"
1185,fine-tuned,"2,8,6"
1186,fine-tuned,"4,9,9"
1187,fine-tuned,"1,3,8"
1188,fine-tuned,"9,8,2"
1189,fine-tuned,"2,4,8"
1190,fine-tuned,"6,9,9"
1191,fine-tuned,"4,6,5"
1192,fine-tuned,"5,9,9"
1193,fine-tuned,"1,3,3"
1194,fine-tuned,"5,6,2"
1195,fine-tuned,"6,2,3"
1196,fine-tuned,"8,9,4"
1197,fine-tuned,"1,2,3"
1198,fine-tuned,"8,8,5"
1199,fine-tuned,"6,8,4"
1200,fine-tuned,"1,5,4"
1201,fine-tuned,"7,5,4"
1202,fine-tuned,"2,2,1"
1203,fine-tuned,"7,9,1"
1204,fine-tuned,"7,8,1"
1205,fine-tuned,"5,9,9"
1206,fine-tuned,"4,9,1"
1207,fine-tuned,"3,3,4"
1208,fine-tuned,"1,2,3"
1209,fine-tuned,"1,3,2"
1210,fine-tuned,"7,8,3"
1211,fine-tuned,"3,3,7"
1212,fine-tuned,"1,6,5"
1213,fine-tuned,"9,5,8"
1214,fine-tuned,"1,1,5"
1215,fine-tuned,"9,5,1"
1216,fine-tuned,"1,2,2"
1217,fine-tuned,"3,8,1"
1218,fine-tuned,"8,6,3"
1219,fine-tuned,"1,6,4"
1220,fine-tuned,"3,7,9"
1221,fine-tuned,"9,5,2"
1222,fine-tuned,"8,5,1"
1223,fine-tuned,"3,6,1"
1224,fine-tuned,"4,8,6"
1225,fine-tuned,"5,4,4"
1226,fine-tuned,"5,9,5"
1227,fine-tuned,"6,8,2"
1228,fine-tuned,"1,4,3"
1229,fine-tuned,"4,1,9"
1230,fine-tuned,"9,4,9"
1231,fine-tuned,"3,7,1"
1232,fine-tuned,"4,8,2"
1233,fine-tuned,"9,2,6"
1234,fine-tuned,"6,2,3"
1235,fine-tuned,"7,9,5"
1236,fine-tuned,"4,1,5"
1237,fine-tuned,"4,8,6"
1238,fine-tuned,"7,8,2"
1239,fine-tuned,"3,5,8"
1240,fine-tuned,"3,2,4"
1241,fine-tuned,"1,5,7"
1242,fine-tuned,"8,6,6"
1243,fine-tuned,"6,9,6"
1244,fine-tuned,"6,6,9"
1245,fine-tuned,"9,4,1"
1246,fine-tuned,"7,5,1"
1247,fine-tuned,"3,1,3"
1248,fine-tuned,"9,4,1"
1249,fine-tuned,"8,1,6"
1250,fine-tuned,"6,3,8"
1251,fine-tuned,"5,1,7"
1252,fine-tuned,"2,3,7"
1253,fine-tuned,"3,9,5"
1254,fine-tuned,"6,6,5"
1255,fine-tuned,"9,3,6"
1256,fine-tuned,"6,7,5"
1257,fine-tuned,"8,5,5"
1258,fine-tuned,"4,9,6"
1259,fine-tuned,"4,1,4"
1260,fine-tuned,"7,6,7"
1261,fine-tuned,"8,1,9"
1262,fine-tuned,"6,1,6"
1263,fine-tuned,"9,9,6"
1264,fine-tuned,"9,7,9"
1265,fine-tuned,"1,3,9"
1266,fine-tuned,"4,9,8"
1267,fine-tuned,"6,9,7"
1268,fine-tuned,"8,9,3"
1269,fine-tuned,"1,7,6"
1270,fine-tuned,"5,5,1"
1271,fine-tuned,"1,1,5"
1272,fine-tuned,"9,9,4"
1273,fine-tuned,"3,2,5"
1274,fine-tuned,"6,2,9"
1275,fine-tuned,"8,1,7"
1276,fine-tuned,"2,9,1"
1277,fine-tuned,"9,5,9"
1278,fine-tuned,"4,2,4"
1279,fine-tuned,"8,8,9"
1280,fine-tuned,"7,2,3"
1281,fine-tuned,"9,7,3"
1282,fine-tuned,"4,9,3"
1283,fine-tuned,"4,5,3"
1284,fine-tuned,"6,8,1"
1285,fine-tuned,"1,4,8"
1286,fine-tuned,"9,9,7"
1287,fine-tuned,"7,5,5"
1288,fine-tuned,"7,7,5"
1289,fine-tuned,"3,8,9"
1290,fine-tuned,"1,8,1"
1291,fine-tuned,"1,9,4"
1292,fine-tuned,"1,9,1"
1293,fine-tuned,"6,7,6"
1294,fine-tuned,"7,8,2"
1295,fine-tuned,"8,7,4"
1296,fine-tuned,"4,3,6"
1297,fine-tuned,"8,8,1"
1298,fine-tuned,"3,3,8"
1299,fine-tuned,"9,1,2"
1300,fine-tuned,"5,8,8"
1301,fine-tuned,"5,3,4"
1302,fine-tuned,"8,2,5"
1303,fine-tuned,"2,1,2"
1304,fine-tuned,"2,7,5"
1305,fine-tuned,"9,5,7"
1306,fine-tuned,"5,2,1"
1307,fine-tuned,"4,4,5"
1308,fine-tuned,"7,6,6"
1309,fine-tuned,"7,3,2"
1310,fine-tuned,"5,5,3"
1311,fine-tuned,"5,6,8"
1312,fine-tuned,"1,7,5"
1313,fine-tuned,"5,6,6"
1314,fine-tuned,"1,8,7"
1315,fine-tuned,"8,8,9"
1316,fine-tuned,"1,4,3"
1317,fine-tuned,"8,5,5"
1318,fine-tuned,"4,4,7"
1319,fine-tuned,"1,3,3"
1320,fine-tuned,"2,5,9"
1321,fine-tuned,"3,2,8"
1322,fine-tuned,"6,2,7"
1323,fine-tuned,"3,8,9"
1324,fine-tuned,"6,4,5"
1325,fine-tuned,"1,1,7"
1326,fine-tuned,"7,6,8"
1327,fine-tuned,"5,6,3"
1328,fine-tuned,"9,7,9"
1329,fine-tuned,"9,1,3"
1330,fine-tuned,"8,8,2"
1331,fine-tuned,"3,5,5"
1332,fine-tuned,"2,5,9"
1333,fine-tuned,"8,6,3"
1334,fine-tuned,"4,3,7"
1335,fine-tuned,"3,7,9"
1336,fine-tuned,"5,7,3"
1337,fine-tuned,"9,4,2"
1338,fine-tuned,"6,7,9"
1339,fine-tuned,"6,9,4"
1340,fine-tuned,"4,6,2"
1341,fine-tuned,"1,3,5"
1342,fine-tuned,"7,4,3"
1343,fine-tuned,"5,2,1"
1344,fine-tuned,"1,2,8"
1345,fine-tuned,"9,6,4"
1346,fine-tuned,"1,1,2"
1347,fine-tuned,"9,1,5"
1348,fine-tuned,"5,2,7"
1349,fine-tuned,"2,3,5"
1350,fine-tuned,"4,5,5"
1351,fine-tuned,"7,8,9"
1352,fine-tuned,"6,4,7"
1353,fine-tuned,"2,5,2"
1354,fine-tuned,"1,3,7"
1355,fine-tuned,"1,7,1"
1356,fine-tuned,"9,7,2"
1357,fine-tuned,"1,6,9"
1358,fine-tuned,"1,5,4"
1359,fine-tuned,"8,3,6"
1360,fine-tuned,"3,1,1"
1361,fine-tuned,"8,5,9"
1362,fine-tuned,"6,2,8"
1363,fine-tuned,"6,9,8"
1364,fine-tuned,"6,8,6"
1365,fine-tuned,"1,8,2"
1366,fine-tuned,"4,8,5"
1367,fine-tuned,"5,5,5"
1368,fine-tuned,"7,6,3"
1369,fine-tuned,"6,2,7"
1370,fine-tuned,"3,2,7"
1371,fine-tuned,"4,2,6"
1372,fine-tuned,"2,4,7"
1373,fine-tuned,"8,8,9"
1374,fine-tuned,"7,1,1"
1375,fine-tuned,"7,7,5"
1376,fine-tuned,"9,1,7"
1377,fine-tuned,"9,5,6"
1378,fine-tuned,"7,4,7"
1379,fine-tuned,"9,4,3"
1380,fine-tuned,"9,3,6"
1381,fine-tuned,"2,9,2"
1382,fine-tuned,"3,1,2"
1383,fine-tuned,"9,6,7"
1384,fine-tuned,"1,5,4"
1385,fine-tuned,"5,6,6"
1386,fine-tuned,"4,8,6"
1387,fine-tuned,"3,7,3"
1388,fine-tuned,"3,4,6"
1389,fine-tuned,"1,4,9"
1390,fine-tuned,"6,8,4"
1391,fine-tuned,"2,9,8"
1392,fine-tuned,"1,8,8"
1393,fine-tuned,"5,1,2"
1394,fine-tuned,"2,2,5"
1395,fine-tuned,"5,4,8"
1396,fine-tuned,"3,4,9"
1397,fine-tuned,"5,3,7"
1398,fine-tuned,"2,6,2"
1399,fine-tuned,"1,6,3"
1400,fine-tuned,"8,8,2"
1401,fine-tuned,"1,2,7"
1402,fine-tuned,"8,6,8"
1403,fine-tuned,"3,8,1"
1404,fine-tuned,"3,3,5"
1405,fine-tuned,"5,9,4"
1406,fine-tuned,"8,1,1"
1407,fine-tuned,"7,9,9"
1408,fine-tuned,"1,2,8"
1409,fine-tuned,"1,7,8"
1410,fine-tuned,"2,2,9"
1411,fine-tuned,"3,5,8"
1412,fine-tuned,"3,7,7"
1413,fine-tuned,"8,8,4"
1414,fine-tuned,"1,5,3"
1415,fine-tuned,"2,6,8"
1416,fine-tuned,"1,5,6"
1417,fine-tuned,"5,6,1"
1418,fine-tuned,"3,8,7"
1419,fine-tuned,"7,3,1"
1420,fine-tuned,"1,4,6"
1421,fine-tuned,"1,2,5"
1422,fine-tuned,"5,4,1"
1423,fine-tuned,"8,7,3"
1424,fine-tuned,"2,1,4"
1425,fine-tuned,"4,5,6"
1426,fine-tuned,"3,8,3"
1427,fine-tuned,"7,7,5"
1428,fine-tuned,"4,9,4"
1429,fine-tuned,"2,2,3"
1430,fine-tuned,"3,2,7"
1431,fine-tuned,"1,7,8"
1432,fine-tuned,"4,4,8"
1433,fine-tuned,"8,9,9"
1434,fine-tuned,"4,3,2"
1435,fine-tuned,"1,4,6"
1436,fine-tuned,"8,5,6"
1437,fine-tuned,"6,8,8"
1438,fine-tuned,"2,9,3"
1439,fine-tuned,"7,5,7"
1440,fine-tuned,"8,6,6"
1441,fine-tuned,"3,4,3"
1442,fine-tuned,"6,2,5"
1443,fine-tuned,"3,5,1"
1444,fine-tuned,"1,7,5"
1445,fine-tuned,"4,2,3"
1446,fine-tuned,"8,6,6"
1447,fine-tuned,"4,3,2"
1448,fine-tuned,"7,4,8"
1449,fine-tuned,"6,3,4"
1450,fine-tuned,"5,2,7"
1451,fine-tuned,"4,6,3"
1452,fine-tuned,"4,6,1"
1453,fine-tuned,"1,1,4"
1454,fine-tuned,"5,3,8"
1455,fine-tuned,"7,2,8"
1456,fine-tuned,"7,6,2"
1457,fine-tuned,"8,8,5"
1458,fine-tuned,"9,6,9"
1459,fine-tuned,"1,2,4"
1460,fine-tuned,"3,2,9"
1461,fine-tuned,"2,5,1"
1462,fine-tuned,"7,2,2"
1463,fine-tuned,"7,4,9"
1464,fine-tuned,"1,9,6"
1465,fine-tuned,"8,7,4"
1466,fine-tuned,"7,9,4"
1467,fine-tuned,"3,9,2"
1468,fine-tuned,"3,1,8"
1469,fine-tuned,"6,8,6"
1470,fine-tuned,"4,3,9"
1471,fine-tuned,"3,5,5"
1472,fine-tuned,"3,3,9"
1473,fine-tuned,"9,4,4"
1474,fine-tuned,"1,1,3"
1475,fine-tuned,"5,1,8"
1476,fine-tuned,"4,7,9"
1477,fine-tuned,"8,3,4"
1478,fine-tuned,"6,4,5"
1479,fine-tuned,"7,3,5"
1480,fine-tuned,"5,1,2"
1481,fine-tuned,"7,6,9"
1482,fine-tuned,"4,1,1"
1483,fine-tuned,"4,5,1"
1484,fine-tuned,"8,8,2"
1485,fine-tuned,"1,1,1"
1486,fine-tuned,"2,5,4"
1487,fine-tuned,"9,5,9"
1488,fine-tuned,"3,6,6"
1489,fine-tuned,"4,7,9"
1490,fine-tuned,"8,3,3"
1491,fine-tuned,"2,3,4"
1492,fine-tuned,"7,2,6"
1493,fine-tuned,"7,5,2"
1494,fine-tuned,"4,4,8"
1495,fine-tuned,"3,2,7"
1496,fine-tuned,"6,6,6"
1497,fine-tuned,"4,7,6"
1498,fine-tuned,"1,4,5"
1499,fine-tuned,"9,4,8"
1500,fine-tuned,"2,3,5"
1501,fine-tuned,"6,1,4"
1502,fine-tuned,"1,2,8"
1503,fine-tuned,"1,2,5"
1504,fine-tuned,"1,5,9"
1505,fine-tuned,"8,8,2"
1506,fine-tuned,"7,6,4"
1507,fine-tuned,"8,8,9"
1508,fine-tuned,"8,8,3"
1509,fine-tuned,"2,8,3"
1510,fine-tuned,"7,5,8"
1511,fine-tuned,"4,1,5"
1512,fine-tuned,"3,9,9"
1513,fine-tuned,"3,1,1"
1514,fine-tuned,"4,4,2"
1515,fine-tuned,"2,1,2"
1516,fine-tuned,"4,9,1"
1517,fine-tuned,"7,5,6"
1518,fine-tuned,"3,9,8"
1519,fine-tuned,"1,8,7"
1520,fine-tuned,"3,1,8"
1521,fine-tuned,"1,8,1"
1522,fine-tuned,"7,8,5"
1523,fine-tuned,"9,4,6"
1524,fine-tuned,"3,3,5"
1525,fine-tuned,"3,5,4"
1526,fine-tuned,"6,2,6"
1527,fine-tuned,"8,6,6"
1528,fine-tuned,"3,8,3"
1529,fine-tuned,"6,7,9"
1530,fine-tuned,"5,7,3"
1531,fine-tuned,"2,4,8"
1532,fine-tuned,"4,9,4"
1533,fine-tuned,"2,2,9"
1534,fine-tuned,"2,4,8"
1535,fine-tuned,"2,6,8"
1536,fine-tuned,"7,9,6"
1537,fine-tuned,"3,8,1"
1538,fine-tuned,"8,2,8"
1539,fine-tuned,"7,9,1"
1540,fine-tuned,"3,3,9"
1541,fine-tuned,"9,9,5"
1542,fine-tuned,"4,8,5"
1543,fine-tuned,"2,7,1"
1544,fine-tuned,"4,5,1"
1545,fine-tuned,"8,2,4"
1546,fine-tuned,"6,1,7"
1547,fine-tuned,"3,3,1"
1548,fine-tuned,"8,7,3"
1549,fine-tuned,"9,9,9"
1550,fine-tuned,"1,3,9"
1551,fine-tuned,"9,5,5"
1552,fine-tuned,"5,9,1"
1553,fine-tuned,"3,7,6"
1554,fine-tuned,"6,4,7"
1555,fine-tuned,"6,1,8"
1556,fine-tuned,"3,2,3"
1557,fine-tuned,"1,5,3"
1558,fine-tuned,"3,3,1"
1559,fine-tuned,"8,7,6"
1560,fine-tuned,"4,5,8"
1561,fine-tuned,"8,4,2"
1562,fine-tuned,"8,8,1"
1563,fine-tuned,"4,1,6"
1564,fine-tuned,"9,7,6"
1565,fine-tuned,"7,2,5"
1566,fine-tuned,"3,9,2"
1567,fine-tuned,"7,9,5"
1568,fine-tuned,"6,8,5"
1569,fine-tuned,"1,9,8"
1570,fine-tuned,"2,1,9"
1571,fine-tuned,"9,6,1"
1572,fine-tuned,"4,5,2"
1573,fine-tuned,"2,6,1"
1574,fine-tuned,"6,5,7"
1575,fine-tuned,"1,9,3"
1576,fine-tuned,"8,5,1"
1577,fine-tuned,"8,1,1"
1578,fine-tuned,"8,2,3"
1579,fine-tuned,"4,2,7"
1580,fine-tuned,"9,2,9"
1581,fine-tuned,"7,4,9"
1582,fine-tuned,"1,8,5"
1583,fine-tuned,"5,2,5"
1584,fine-tuned,"9,1,5"
1585,fine-tuned,"1,6,5"
1586,fine-tuned,"5,4,6"
1587,fine-tuned,"9,5,4"
1588,fine-tuned,"8,7,7"
1589,fine-tuned,"9,4,7"
1590,fine-tuned,"1,4,3"
1591,fine-tuned,"5,3,4"
1592,fine-tuned,"8,1,9"
1593,fine-tuned,"3,6,7"
1594,fine-tuned,"7,8,2"
1595,fine-tuned,"3,3,1"
1596,fine-tuned,"6,1,1"
1597,fine-tuned,"2,3,5"
1598,fine-tuned,"8,1,5"
1599,fine-tuned,"4,5,1"
1600,fine-tuned,"2,7,1"
1601,fine-tuned,"8,4,3"
1602,fine-tuned,"3,7,3"
1603,fine-tuned,"4,7,8"
1604,fine-tuned,"7,1,1"
1605,fine-tuned,"8,2,7"
1606,fine-tuned,"6,8,1"
1607,fine-tuned,"1,8,4"
1608,fine-tuned,"9,1,3"
1609,fine-tuned,"4,8,6"
1610,fine-tuned,"4,1,4"
1611,fine-tuned,"3,1,5"
1612,fine-tuned,"7,7,2"
1613,fine-tuned,"3,5,7"
1614,fine-tuned,"7,7,5"
1615,fine-tuned,"9,1,1"
1616,fine-tuned,"3,1,1"
1617,fine-tuned,"4,4,1"
1618,fine-tuned,"5,8,5"
1619,fine-tuned,"1,5,8"
1620,fine-tuned,"7,6,3"
1621,fine-tuned,"5,8,6"
1622,fine-tuned,"1,7,4"
1623,fine-tuned,"7,2,2"
1624,fine-tuned,"8,5,9"
1625,fine-tuned,"7,7,1"
1626,fine-tuned,"3,7,3"
1627,fine-tuned,"1,4,3"
1628,fine-tuned,"9,6,6"
1629,fine-tuned,"5,8,8"
1630,fine-tuned,"5,2,4"
1631,fine-tuned,"7,9,3"
1632,fine-tuned,"4,7,4"
1633,fine-tuned,"1,7,7"
1634,fine-tuned,"5,6,3"
1635,fine-tuned,"6,1,8"
1636,fine-tuned,"9,6,2"
1637,fine-tuned,"4,1,8"
1638,fine-tuned,"7,6,9"
1639,fine-tuned,"2,1,4"
1640,fine-tuned,"2,2,8"
1641,fine-tuned,"7,2,7"
1642,fine-tuned,"4,6,3"
1643,fine-tuned,"7,5,5"
1644,fine-tuned,"9,5,6"
1645,fine-tuned,"5,4,7"
1646,fine-tuned,"6,3,6"
1647,fine-tuned,"8,2,1"
1648,fine-tuned,"8,6,1"
1649,fine-tuned,"7,4,8"
1650,fine-tuned,"5,8,8"
1651,fine-tuned,"5,1,6"
1652,fine-tuned,"7,2,4"
1653,fine-tuned,"7,1,5"
1654,fine-tuned,"2,5,4"
1655,fine-tuned,"4,1,8"
1656,fine-tuned,"3,7,2"
1657,fine-tuned,"7,3,7"
1658,fine-tuned,"6,1,7"
1659,fine-tuned,"1,5,9"
1660,fine-tuned,"5,1,4"
1661,fine-tuned,"8,1,3"
1662,fine-tuned,"4,6,8"
1663,fine-tuned,"6,4,4"
1664,fine-tuned,"9,1,9"
1665,fine-tuned,"8,8,6"
1666,fine-tuned,"1,5,8"
1667,fine-tuned,"5,8,4"
1668,fine-tuned,"8,2,7"
1669,fine-tuned,"5,2,3"
1670,fine-tuned,"1,4,5"
1671,fine-tuned,"5,8,6"
1672,fine-tuned,"2,2,8"
1673,fine-tuned,"2,2,9"
1674,fine-tuned,"5,6,8"
1675,fine-tuned,"3,4,9"
1676,fine-tuned,"1,9,9"
1677,fine-tuned,"1,8,2"
1678,fine-tuned,"4,3,4"
1679,fine-tuned,"3,8,4"
1680,fine-tuned,"9,7,4"
1681,fine-tuned,"2,9,4"
1682,fine-tuned,"2,7,5"
1683,fine-tuned,"9,6,9"
1684,fine-tuned,"5,6,2"
1685,fine-tuned,"5,9,6"
1686,fine-tuned,"2,8,5"
1687,fine-tuned,"7,1,4"
1688,fine-tuned,"3,1,2"
1689,fine-tuned,"3,7,4"
1690,fine-tuned,"8,2,2"
1691,fine-tuned,"8,3,1"
1692,fine-tuned,"4,1,9"
1693,fine-tuned,"9,5,7"
1694,fine-tuned,"5,7,5"
1695,fine-tuned,"1,5,5"
1696,fine-tuned,"2,8,6"
1697,fine-tuned,"9,2,8"
1698,fine-tuned,"2,9,7"
1699,fine-tuned,"7,8,4"
1700,fine-tuned,"6,5,9"
1701,fine-tuned,"3,6,7"
1702,fine-tuned,"1,1,5"
1703,fine-tuned,"3,2,3"
1704,fine-tuned,"3,6,7"
1705,fine-tuned,"8,9,8"
1706,fine-tuned,"6,5,8"
1707,fine-tuned,"5,1,2"
1708,fine-tuned,"7,2,4"
1709,fine-tuned,"6,9,4"
1710,fine-tuned,"9,9,4"
1711,fine-tuned,"1,6,6"
1712,fine-tuned,"2,6,5"
1713,fine-tuned,"1,6,8"
1714,fine-tuned,"7,9,7"
1715,fine-tuned,"9,9,3"
1716,fine-tuned,"5,1,5"
1717,fine-tuned,"3,2,5"
1718,fine-tuned,"9,4,6"
1719,fine-tuned,"8,5,6"
1720,fine-tuned,"9,2,6"
1721,fine-tuned,"5,2,2"
1722,fine-tuned,"6,2,4"
1723,fine-tuned,"5,1,8"
1724,fine-tuned,"9,6,8"
1725,fine-tuned,"8,4,5"
1726,fine-tuned,"8,3,3"
1727,fine-tuned,"4,2,5"
1728,fine-tuned,"7,9,1"
1729,fine-tuned,"2,4,4"
1730,fine-tuned,"6,2,2"
1731,fine-tuned,"1,6,4"
1732,fine-tuned,"7,4,4"
1733,fine-tuned,"5,8,4"
1734,fine-tuned,"6,5,6"
1735,fine-tuned,"8,1,7"
1736,fine-tuned,"4,6,5"
1737,fine-tuned,"2,1,2"
1738,fine-tuned,"1,8,2"
1739,fine-tuned,"2,2,5"
1740,fine-tuned,"1,9,6"
1741,fine-tuned,"3,9,6"
1742,fine-tuned,"9,3,9"
1743,fine-tuned,"3,1,3"
1744,fine-tuned,"7,7,5"
1745,fine-tuned,"8,4,6"
1746,fine-tuned,"5,7,8"
1747,fine-tuned,"3,5,9"
1748,fine-tuned,"9,4,3"
1749,fine-tuned,"4,2,9"
1750,fine-tuned,"3,6,4"
1751,fine-tuned,"4,6,8"
1752,fine-tuned,"6,4,5"
1753,fine-tuned,"5,9,1"
1754,fine-tuned,"9,2,5"
1755,fine-tuned,"5,5,4"
1756,fine-tuned,"4,2,9"
1757,fine-tuned,"3,3,7"
1758,fine-tuned,"8,9,6"
1759,fine-tuned,"2,2,4"
1760,fine-tuned,"8,8,9"
1761,fine-tuned,"3,5,2"
1762,fine-tuned,"7,8,3"
1763,fine-tuned,"7,8,2"
1764,fine-tuned,"9,5,5"
1765,fine-tuned,"9,6,4"
1766,fine-tuned,"8,9,4"
1767,fine-tuned,"1,6,5"
1768,fine-tuned,"4,8,9"
1769,fine-tuned,"2,4,4"
1770,fine-tuned,"2,3,3"
1771,fine-tuned,"1,9,3"
1772,fine-tuned,"1,9,2"
1773,fine-tuned,"1,8,2"
1774,fine-tuned,"2,5,2"
1775,fine-tuned,"5,1,8"
1776,fine-tuned,"9,7,7"
1777,fine-tuned,"9,9,9"
1778,fine-tuned,"7,4,8"
1779,fine-tuned,"4,8,8"
1780,fine-tuned,"3,2,8"
1781,fine-tuned,"4,6,5"
1782,fine-tuned,"1,4,1"
1783,fine-tuned,"2,7,1"
1784,fine-tuned,"5,6,7"
1785,fine-tuned,"6,8,5"
1786,fine-tuned,"2,4,3"
1787,fine-tuned,"8,3,1"
1788,fine-tuned,"8,6,2"
1789,fine-tuned,"1,7,6"
1790,fine-tuned,"9,7,7"
1791,fine-tuned,"3,6,1"
1792,fine-tuned,"7,1,6"
1793,fine-tuned,"6,9,1"
1794,fine-tuned,"8,1,1"
1795,fine-tuned,"9,7,5"
1796,fine-tuned,"3,8,9"
1797,fine-tuned,"5,8,4"
1798,fine-tuned,"2,8,4"
1799,fine-tuned,"3,6,9"
1800,fine-tuned,"7,1,8"
1801,fine-tuned,"8,2,5"
1802,fine-tuned,"3,7,4"
1803,fine-tuned,"9,5,6"
1804,fine-tuned,"3,8,2"
1805,fine-tuned,"6,6,3"
1806,fine-tuned,"3,9,4"
1807,fine-tuned,"2,8,5"
1808,fine-tuned,"9,7,1"
1809,fine-tuned,"1,8,3"
1810,fine-tuned,"6,6,5"
1811,fine-tuned,"5,6,7"
1812,fine-tuned,"9,5,6"
1813,fine-tuned,"8,5,9"
1814,fine-tuned,"8,7,3"
1815,fine-tuned,"9,1,3"
1816,fine-tuned,"4,8,6"
1817,fine-tuned,"2,4,4"
1818,fine-tuned,"3,5,2"
1819,fine-tuned,"6,4,5"
1820,fine-tuned,"1,7,9"
1821,fine-tuned,"9,9,4"
1822,fine-tuned,"3,4,3"
1823,fine-tuned,"2,8,2"
1824,fine-tuned,"1,2,4"
1825,fine-tuned,"2,9,2"
1826,fine-tuned,"3,9,8"
1827,fine-tuned,"7,6,7"
1828,fine-tuned,"9,7,8"
1829,fine-tuned,"3,9,3"
1830,fine-tuned,"3,1,4"
1831,fine-tuned,"4,7,9"
1832,fine-tuned,"8,8,8"
1833,fine-tuned,"5,9,5"
1834,fine-tuned,"3,2,3"
1835,fine-tuned,"1,6,3"
1836,fine-tuned,"6,9,3"
1837,fine-tuned,"7,4,1"
1838,fine-tuned,"7,7,2"
1839,fine-tuned,"8,8,7"
1840,fine-tuned,"7,7,8"
1841,fine-tuned,"1,5,9"
1842,fine-tuned,"9,4,3"
1843,fine-tuned,"3,3,3"
1844,fine-tuned,"1,1,6"
1845,fine-tuned,"6,7,2"
1846,fine-tuned,"4,7,6"
1847,fine-tuned,"3,9,7"
1848,fine-tuned,"9,2,9"
1849,fine-tuned,"4,1,3"
1850,fine-tuned,"6,9,9"
1851,fine-tuned,"7,8,5"
1852,fine-tuned,"8,9,9"
1853,fine-tuned,"3,5,8"
1854,fine-tuned,"9,9,1"
1855,fine-tuned,"1,9,3"
1856,fine-tuned,"3,6,4"
1857,fine-tuned,"6,1,4"
1858,fine-tuned,"3,9,7"
1859,fine-tuned,"4,9,4"
1860,fine-tuned,"6,4,7"
1861,fine-tuned,"8,4,9"
1862,fine-tuned,"1,8,3"
1863,fine-tuned,"3,9,1"
1864,fine-tuned,"2,1,6"
1865,fine-tuned,"9,9,9"
1866,fine-tuned,"6,2,5"
1867,fine-tuned,"4,1,7"
1868,fine-tuned,"8,7,7"
1869,fine-tuned,"4,2,1"
1870,fine-tuned,"7,7,9"
1871,fine-tuned,"8,4,6"
1872,fine-tuned,"3,1,9"
1873,fine-tuned,"5,8,3"
1874,fine-tuned,"3,4,7"
1875,fine-tuned,"9,2,1"
1876,fine-tuned,"7,1,7"
1877,fine-tuned,"5,1,1"
1878,fine-tuned,"5,4,5"
1879,fine-tuned,"6,9,9"
1880,fine-tuned,"3,4,2"
1881,fine-tuned,"4,3,1"
1882,fine-tuned,"5,6,1"
1883,fine-tuned,"4,3,9"
1884,fine-tuned,"1,9,5"
1885,fine-tuned,"2,7,7"
1886,fine-tuned,"2,6,4"
1887,fine-tuned,"7,9,3"
1888,fine-tuned,"8,6,2"
1889,fine-tuned,"6,1,5"
1890,fine-tuned,"3,7,7"
1891,fine-tuned,"4,1,7"
1892,fine-tuned,"8,8,3"
1893,fine-tuned,"6,6,3"
1894,fine-tuned,"4,6,9"
1895,fine-tuned,"4,4,3"
1896,fine-tuned,"9,9,3"
1897,fine-tuned,"5,4,9"
1898,fine-tuned,"8,6,1"
1899,fine-tuned,"3,1,9"
1900,fine-tuned,"4,8,5"
1901,fine-tuned,"6,6,6"
1902,fine-tuned,"4,1,6"
1903,fine-tuned,"3,7,3"
1904,fine-tuned,"5,6,8"
1905,fine-tuned,"5,7,9"
1906,fine-tuned,"1,5,6"
1907,fine-tuned,"4,7,5"
1908,fine-tuned,"9,2,6"
1909,fine-tuned,"9,3,2"
1910,fine-tuned,"9,2,6"
1911,fine-tuned,"7,6,2"
1912,fine-tuned,"4,8,1"
1913,fine-tuned,"2,2,9"
1914,fine-tuned,"2,2,3"
1915,fine-tuned,"4,7,6"
1916,fine-tuned,"8,3,8"
1917,fine-tuned,"7,8,9"
1918,fine-tuned,"8,8,5"
1919,fine-tuned,"3,7,6"
1920,fine-tuned,"3,8,9"
1921,fine-tuned,"2,8,6"
1922,fine-tuned,"2,8,8"
1923,fine-tuned,"9,3,1"
1924,fine-tuned,"2,6,1"
1925,fine-tuned,"1,1,5"
1926,fine-tuned,"8,6,8"
1927,fine-tuned,"2,5,3"
1928,fine-tuned,"3,1,4"
1929,fine-tuned,"3,2,1"
1930,fine-tuned,"7,4,5"
1931,fine-tuned,"9,3,6"
1932,fine-tuned,"5,5,4"
1933,fine-tuned,"1,2,1"
1934,fine-tuned,"4,8,3"
1935,fine-tuned,"5,4,7"
1936,fine-tuned,"1,3,7"
1937,fine-tuned,"6,5,9"
1938,fine-tuned,"6,3,4"
1939,fine-tuned,"7,7,9"
1940,fine-tuned,"7,7,2"
1941,fine-tuned,"2,6,7"
1942,fine-tuned,"6,7,7"
1943,fine-tuned,"9,1,4"
1944,fine-tuned,"8,2,6"
1945,fine-tuned,"7,1,1"
1946,fine-tuned,"4,4,2"
1947,fine-tuned,"5,5,7"
1948,fine-tuned,"2,7,9"
1949,fine-tuned,"1,9,7"
1950,fine-tuned,"6,9,3"
1951,fine-tuned,"6,4,6"
1952,fine-tuned,"1,1,1"
1953,fine-tuned,"5,8,6"
1954,fine-tuned,"7,9,7"
1955,fine-tuned,"6,1,7"
1956,fine-tuned,"9,2,9"
1957,fine-tuned,"6,7,7"
1958,fine-tuned,"3,1,1"
1959,fine-tuned,"4,4,6"
1960,fine-tuned,"1,5,7"
1961,fine-tuned,"3,3,3"
1962,fine-tuned,"8,9,3"
1963,fine-tuned,"1,7,3"
1964,fine-tuned,"4,8,9"
1965,fine-tuned,"3,6,9"
1966,fine-tuned,"7,9,8"
1967,fine-tuned,"7,2,3"
1968,fine-tuned,"7,3,9"
1969,fine-tuned,"8,1,7"
1970,fine-tuned,"6,7,8"
1971,fine-tuned,"4,5,3"
1972,fine-tuned,"1,5,7"
1973,fine-tuned,"7,4,6"
1974,fine-tuned,"5,4,2"
1975,fine-tuned,"2,9,9"
1976,fine-tuned,"4,5,1"
1977,fine-tuned,"5,9,5"
1978,fine-tuned,"5,1,4"
1979,fine-tuned,"1,1,8"
1980,fine-tuned,"9,2,7"
1981,fine-tuned,"7,6,6"
1982,fine-tuned,"1,7,6"
1983,fine-tuned,"8,8,7"
1984,fine-tuned,"1,5,7"
1985,fine-tuned,"1,1,9"
1986,fine-tuned,"7,7,5"
1987,fine-tuned,"2,7,5"
1988,fine-tuned,"6,6,7"
1989,fine-tuned,"3,3,1"
1990,fine-tuned,"1,5,6"
1991,fine-tuned,"3,9,8"
1992,fine-tuned,"4,1,6"
1993,fine-tuned,"8,4,5"
1994,fine-tuned,"7,8,9"
1995,fine-tuned,"1,7,5"
1996,fine-tuned,"1,9,2"
1997,fine-tuned,"3,6,8"
1998,fine-tuned,"2,6,6"
1999,fine-tuned,"3,9,2"
2000,fine-tuned,"2,2,1"
2001,fine-tuned,"9,5,8"
2002,fine-tuned,"1,4,6"
2003,fine-tuned,"5,3,4"
2004,fine-tuned,"4,5,2"
2005,fine-tuned,"1,8,6"
2006,fine-tuned,"2,3,4"
2007,fine-tuned,"9,5,1"
2008,fine-tuned,"8,1,1"
2009,fine-tuned,"8,9,9"
2010,fine-tuned,"1,7,7"
2011,fine-tuned,"2,8,4"
2012,fine-tuned,"2,8,3"
2013,fine-tuned,"2,4,1"
2014,fine-tuned,"4,1,7"
2015,fine-tuned,"2,2,7"
2016,fine-tuned,"5,2,6"
2017,fine-tuned,"1,1,3"
2018,fine-tuned,"3,2,3"
2019,fine-tuned,"3,7,6"
2020,fine-tuned,"5,5,2"
2021,fine-tuned,"3,1,4"
2022,fine-tuned,"8,7,4"
2023,fine-tuned,"8,1,8"
2024,fine-tuned,"7,7,8"
2025,fine-tuned,"8,9,1"
2026,fine-tuned,"2,5,9"
2027,fine-tuned,"4,6,3"
2028,fine-tuned,"1,6,4"
2029,fine-tuned,"5,5,2"
2030,fine-tuned,"9,7,5"
2031,fine-tuned,"6,5,1"
2032,fine-tuned,"7,7,3"
2033,fine-tuned,"9,6,7"
2034,fine-tuned,"2,6,3"
2035,fine-tuned,"1,6,4"
2036,fine-tuned,"3,9,8"
2037,fine-tuned,"3,4,7"
2038,fine-tuned,"8,5,9"
2039,fine-tuned,"6,2,1"
2040,fine-tuned,"7,1,9"
2041,fine-tuned,"7,3,3"
2042,fine-tuned,"9,1,2"
2043,fine-tuned,"3,5,7"
2044,fine-tuned,"6,6,9"
2045,fine-tuned,"5,3,1"
2046,fine-tuned,"4,4,2"
2047,fine-tuned,"3,1,2"
2048,fine-tuned,"9,1,5"
2049,fine-tuned,"9,6,7"
2050,fine-tuned,"3,2,9"
2051,fine-tuned,"7,7,9"
2052,fine-tuned,"5,3,3"
2053,fine-tuned,"1,8,9"
2054,fine-tuned,"7,6,4"
2055,fine-tuned,"6,4,6"
2056,fine-tuned,"1,7,8"
2057,fine-tuned,"4,2,6"
2058,fine-tuned,"6,3,7"
2059,fine-tuned,"1,7,5"
2060,fine-tuned,"3,3,5"
2061,fine-tuned,"5,1,5"
2062,fine-tuned,"4,3,4"
2063,fine-tuned,"6,6,7"
2064,fine-tuned,"5,7,4"
2065,fine-tuned,"8,6,6"
2066,fine-tuned,"6,9,2"
2067,fine-tuned,"5,2,8"
2068,fine-tuned,"4,5,6"
2069,fine-tuned,"1,2,1"
2070,fine-tuned,"5,4,5"
2071,fine-tuned,"8,6,2"
2072,fine-tuned,"2,2,4"
2073,fine-tuned,"3,3,7"
2074,fine-tuned,"7,1,8"
2075,fine-tuned,"4,5,6"
2076,fine-tuned,"9,6,4"
2077,fine-tuned,"2,7,6"
2078,fine-tuned,"1,4,6"
2079,fine-tuned,"1,2,7"
2080,fine-tuned,"1,4,8"
2081,fine-tuned,"7,9,6"
2082,fine-tuned,"7,5,5"
2083,fine-tuned,"8,3,6"
2084,fine-tuned,"3,5,5"
2085,fine-tuned,"6,9,8"
2086,fine-tuned,"8,4,6"
2087,fine-tuned,"5,8,3"
2088,fine-tuned,"8,2,7"
2089,fine-tuned,"1,1,1"
2090,fine-tuned,"6,9,5"
2091,fine-tuned,"8,2,4"
2092,fine-tuned,"6,3,1"
2093,fine-tuned,"1,8,3"
2094,fine-tuned,"1,6,6"
2095,fine-tuned,"2,2,3"
2096,fine-tuned,"9,1,6"
2097,fine-tuned,"9,9,1"
2098,fine-tuned,"7,2,3"
2099,fine-tuned,"1,3,8"
2100,fine-tuned,"3,4,9"
2101,fine-tuned,"1,2,8"
2102,fine-tuned,"8,9,9"
2103,fine-tuned,"8,1,8"
2104,fine-tuned,"9,1,4"
2105,fine-tuned,"8,4,2"
2106,fine-tuned,"9,6,5"
2107,fine-tuned,"9,4,2"
2108,fine-tuned,"8,4,6"
2109,fine-tuned,"1,1,6"
2110,fine-tuned,"6,8,5"
2111,fine-tuned,"2,4,3"
2112,fine-tuned,"4,7,5"
2113,fine-tuned,"8,4,8"
2114,fine-tuned,"8,7,6"
2115,fine-tuned,"1,3,1"
2116,fine-tuned,"7,4,4"
2117,fine-tuned,"1,9,4"
2118,fine-tuned,"3,2,1"
2119,fine-tuned,"1,8,5"
2120,fine-tuned,"6,7,9"
2121,fine-tuned,"1,1,9"
2122,fine-tuned,"9,9,7"
2123,fine-tuned,"1,1,6"
2124,fine-tuned,"5,3,4"
2125,fine-tuned,"6,4,2"
2126,fine-tuned,"9,3,9"
2127,fine-tuned,"7,9,2"
2128,fine-tuned,"4,5,4"
2129,fine-tuned,"2,4,7"
2130,fine-tuned,"6,2,2"
2131,fine-tuned,"4,6,4"
2132,fine-tuned,"4,6,8"
2133,fine-tuned,"9,3,5"
2134,fine-tuned,"5,2,3"
2135,fine-tuned,"3,6,1"
2136,fine-tuned,"6,1,5"
2137,fine-tuned,"5,8,2"
2138,fine-tuned,"2,1,5"
2139,fine-tuned,"4,7,2"
2140,fine-tuned,"1,1,4"
2141,fine-tuned,"3,4,8"
2142,fine-tuned,"9,4,5"
2143,fine-tuned,"7,6,2"
2144,fine-tuned,"9,6,2"
2145,fine-tuned,"9,3,9"
2146,fine-tuned,"8,1,2"
2147,fine-tuned,"6,8,6"
2148,fine-tuned,"9,6,4"
2149,fine-tuned,"7,3,9"
2150,fine-tuned,"7,7,9"
2151,fine-tuned,"5,9,2"
2152,fine-tuned,"3,1,7"
2153,fine-tuned,"1,8,1"
2154,fine-tuned,"2,9,8"
2155,fine-tuned,"6,7,7"
2156,fine-tuned,"6,8,4"
2157,fine-tuned,"1,3,1"
2158,fine-tuned,"8,2,1"
2159,fine-tuned,"7,3,8"
2160,fine-tuned,"6,8,4"
2161,fine-tuned,"9,9,4"
2162,fine-tuned,"7,6,6"
2163,fine-tuned,"2,9,1"
2164,fine-tuned,"1,3,9"
2165,fine-tuned,"1,5,4"
2166,fine-tuned,"7,5,5"
2167,fine-tuned,"9,4,9"
2168,fine-tuned,"9,8,5"
2169,fine-tuned,"2,2,4"
2170,fine-tuned,"3,8,6"
2171,fine-tuned,"1,3,9"
2172,fine-tuned,"1,6,2"
2173,fine-tuned,"6,1,8"
2174,fine-tuned,"6,2,9"
2175,fine-tuned,"5,4,8"
2176,fine-tuned,"6,8,1"
2177,fine-tuned,"6,2,8"
2178,fine-tuned,"5,8,6"
2179,fine-tuned,"9,5,9"
2180,fine-tuned,"6,9,9"
2181,fine-tuned,"1,7,3"
2182,fine-tuned,"5,1,8"
2183,fine-tuned,"8,1,5"
2184,fine-tuned,"3,2,2"
2185,fine-tuned,"3,2,9"
2186,fine-tuned,"6,5,2"
2187,fine-tuned,"1,1,4"
2188,fine-tuned,"6,2,9"
2189,fine-tuned,"5,7,3"
2190,fine-tuned,"1,7,7"
2191,fine-tuned,"4,7,5"
2192,fine-tuned,"7,2,9"
2193,fine-tuned,"5,9,4"
2194,fine-tuned,"3,2,5"
2195,fine-tuned,"5,4,6"
2196,fine-tuned,"3,6,4"
2197,fine-tuned,"4,6,6"
2198,fine-tuned,"2,9,3"
2199,fine-tuned,"9,7,1"
2200,fine-tuned,"9,7,5"
2201,fine-tuned,"8,6,9"
2202,fine-tuned,"8,6,1"
2203,fine-tuned,"8,7,5"
2204,fine-tuned,"9,7,1"
2205,fine-tuned,"9,6,1"
2206,fine-tuned,"5,9,7"
2207,fine-tuned,"4,7,8"
2208,fine-tuned,"7,3,4"
2209,fine-tuned,"3,1,3"
2210,fine-tuned,"1,7,1"
2211,fine-tuned,"2,1,8"
2212,fine-tuned,"8,9,4"
2213,fine-tuned,"6,9,6"
2214,fine-tuned,"6,8,1"
2215,fine-tuned,"3,9,3"
2216,fine-tuned,"9,5,3"
2217,fine-tuned,"2,2,6"
2218,fine-tuned,"9,6,8"
2219,fine-tuned,"1,7,3"
2220,fine-tuned,"6,7,8"
2221,fine-tuned,"3,9,6"
2222,fine-tuned,"5,1,6"
2223,fine-tuned,"2,4,7"
2224,fine-tuned,"1,7,4"
2225,fine-tuned,"2,8,1"
2226,fine-tuned,"9,9,1"
2227,fine-tuned,"1,2,2"
2228,fine-tuned,"6,5,1"
2229,fine-tuned,"1,4,5"
2230,fine-tuned,"6,8,1"
2231,fine-tuned,"1,4,3"
2232,fine-tuned,"7,9,2"
2233,fine-tuned,"3,5,3"
2234,fine-tuned,"8,7,7"
2235,fine-tuned,"5,4,7"
2236,fine-tuned,"1,9,5"
2237,fine-tuned,"2,3,9"
2238,fine-tuned,"3,3,2"
2239,fine-tuned,"1,2,8"
2240,fine-tuned,"1,9,5"
2241,fine-tuned,"4,6,7"
2242,fine-tuned,"9,6,7"
2243,fine-tuned,"3,1,1"
2244,fine-tuned,"3,4,5"
2245,fine-tuned,"6,9,5"
2246,fine-tuned,"3,2,5"
2247,fine-tuned,"6,1,5"
2248,fine-tuned,"6,6,6"
2249,fine-tuned,"6,8,5"
2250,fine-tuned,"6,4,6"
2251,fine-tuned,"4,3,8"
2252,fine-tuned,"4,2,6"
2253,fine-tuned,"4,4,9"
2254,fine-tuned,"3,7,8"
2255,fine-tuned,"9,2,4"
2256,fine-tuned,"7,3,5"
2257,fine-tuned,"5,3,7"
2258,fine-tuned,"4,1,9"
2259,fine-tuned,"5,9,3"
2260,fine-tuned,"5,8,5"
2261,fine-tuned,"2,1,6"
2262,fine-tuned,"7,8,7"
2263,fine-tuned,"8,8,8"
2264,fine-tuned,"2,5,6"
2265,fine-tuned,"3,8,9"
2266,fine-tuned,"1,1,4"
2267,fine-tuned,"4,1,9"
2268,fine-tuned,"4,8,3"
2269,fine-tuned,"1,5,6"
2270,fine-tuned,"3,1,6"
2271,fine-tuned,"1,8,9"
2272,fine-tuned,"5,3,2"
2273,fine-tuned,"7,1,5"
2274,fine-tuned,"1,4,9"
2275,fine-tuned,"1,7,3"
2276,fine-tuned,"1,4,2"
2277,fine-tuned,"7,2,9"
2278,fine-tuned,"8,8,5"
2279,fine-tuned,"2,1,6"
2280,fine-tuned,"3,4,9"
2281,fine-tuned,"1,1,7"
2282,fine-tuned,"1,5,4"
2283,fine-tuned,"3,3,4"
2284,fine-tuned,"5,4,5"
2285,fine-tuned,"1,8,4"
2286,fine-tuned,"7,6,3"
2287,fine-tuned,"7,4,5"
2288,fine-tuned,"5,4,2"
2289,fine-tuned,"9,5,8"
2290,fine-tuned,"9,1,7"
2291,fine-tuned,"1,4,8"
2292,fine-tuned,"6,4,6"
2293,fine-tuned,"3,1,6"
2294,fine-tuned,"4,7,3"
2295,fine-tuned,"2,2,7"
2296,fine-tuned,"4,7,9"
2297,fine-tuned,"1,5,1"
2298,fine-tuned,"2,5,9"
2299,fine-tuned,"1,5,5"
2300,fine-tuned,"4,2,9"
2301,fine-tuned,"5,1,9"
2302,fine-tuned,"2,5,1"
2303,fine-tuned,"4,8,3"
2304,fine-tuned,"3,5,6"
2305,fine-tuned,"3,5,3"
2306,fine-tuned,"9,5,1"
2307,fine-tuned,"6,4,6"
2308,fine-tuned,"7,5,9"
2309,fine-tuned,"5,3,8"
2310,fine-tuned,"1,3,1"
2311,fine-tuned,"5,5,5"
2312,fine-tuned,"2,6,1"
2313,fine-tuned,"3,3,1"
2314,fine-tuned,"1,8,5"
2315,fine-tuned,"7,5,8"
2316,fine-tuned,"2,8,5"
2317,fine-tuned,"3,3,5"
2318,fine-tuned,"6,8,9"
2319,fine-tuned,"4,3,6"
2320,fine-tuned,"3,2,2"
2321,fine-tuned,"6,8,2"
2322,fine-tuned,"7,4,9"
2323,fine-tuned,"9,6,2"
2324,fine-tuned,"3,8,6"
2325,fine-tuned,"4,2,9"
2326,fine-tuned,"1,2,6"
2327,fine-tuned,"9,5,4"
2328,fine-tuned,"2,6,5"
2329,fine-tuned,"1,7,2"
2330,fine-tuned,"6,4,8"
2331,fine-tuned,"4,7,9"
2332,fine-tuned,"6,3,4"
2333,fine-tuned,"3,5,9"
2334,fine-tuned,"7,1,1"
2335,fine-tuned,"6,2,6"
2336,fine-tuned,"8,7,5"
2337,fine-tuned,"9,9,3"
2338,fine-tuned,"6,5,7"
2339,fine-tuned,"2,9,7"
2340,fine-tuned,"5,8,1"
2341,fine-tuned,"9,5,6"
2342,fine-tuned,"6,1,8"
2343,fine-tuned,"6,7,5"
2344,fine-tuned,"3,3,9"
2345,fine-tuned,"8,7,2"
2346,fine-tuned,"8,2,7"
2347,fine-tuned,"1,2,9"
2348,fine-tuned,"7,2,5"
2349,fine-tuned,"1,6,5"
2350,fine-tuned,"7,7,8"
2351,fine-tuned,"5,3,3"
2352,fine-tuned,"2,3,7"
2353,fine-tuned,"1,7,2"
2354,fine-tuned,"6,2,1"
2355,fine-tuned,"2,6,7"
2356,fine-tuned,"5,8,1"
2357,fine-tuned,"9,2,2"
2358,fine-tuned,"6,8,5"
2359,fine-tuned,"7,1,4"
2360,fine-tuned,"4,1,7"
2361,fine-tuned,"4,2,7"
2362,fine-tuned,"2,6,4"
2363,fine-tuned,"8,1,6"
2364,fine-tuned,"5,6,7"
2365,fine-tuned,"4,1,3"
2366,fine-tuned,"1,3,3"
2367,fine-tuned,"5,2,6"
2368,fine-tuned,"9,5,5"
2369,fine-tuned,"4,5,7"
2370,fine-tuned,"4,2,9"
2371,fine-tuned,"5,5,5"
2372,fine-tuned,"7,1,3"
2373,fine-tuned,"4,1,8"
2374,fine-tuned,"3,6,9"
2375,fine-tuned,"7,7,2"
2376,fine-tuned,"9,3,3"
2377,fine-tuned,"1,5,9"
2378,fine-tuned,"8,1,3"
2379,fine-tuned,"5,8,2"
2380,fine-tuned,"6,1,3"
2381,fine-tuned,"3,8,2"
2382,fine-tuned,"9,7,4"
2383,fine-tuned,"6,4,1"
2384,fine-tuned,"4,6,8"
2385,fine-tuned,"9,9,5"
2386,fine-tuned,"2,3,7"
2387,fine-tuned,"7,5,4"
2388,fine-tuned,"3,7,3"
2389,fine-tuned,"1,5,8"
2390,fine-tuned,"7,4,7"
2391,fine-tuned,"9,9,4"
2392,fine-tuned,"1,8,5"
2393,fine-tuned,"9,9,9"
2394,fine-tuned,"4,8,9"
2395,fine-tuned,"4,9,4"
2396,fine-tuned,"9,9,1"
2397,fine-tuned,"3,9,4"
2398,fine-tuned,"4,9,8"
2399,fine-tuned,"1,7,4"
2400,fine-tuned,"7,8,4"
2401,fine-tuned,"6,2,6"
2402,fine-tuned,"4,7,1"
2403,fine-tuned,"7,4,9"
2404,fine-tuned,"2,8,9"
2405,fine-tuned,"2,7,7"
2406,fine-tuned,"4,5,9"
2407,fine-tuned,"9,2,5"
2408,fine-tuned,"8,9,9"
2409,fine-tuned,"2,1,8"
2410,fine-tuned,"9,1,6"
2411,fine-tuned,"1,1,8"
2412,fine-tuned,"5,3,3"
2413,fine-tuned,"2,2,6"
2414,fine-tuned,"8,4,3"
2415,fine-tuned,"1,6,6"
2416,fine-tuned,"6,3,6"
2417,fine-tuned,"2,3,1"
2418,fine-tuned,"5,9,8"
2419,fine-tuned,"6,7,8"
2420,fine-tuned,"4,5,4"
2421,fine-tuned,"7,5,5"
2422,fine-tuned,"8,7,9"
2423,fine-tuned,"9,7,2"
2424,fine-tuned,"6,3,4"
2425,fine-tuned,"8,8,2"
2426,fine-tuned,"2,5,7"
2427,fine-tuned,"9,5,5"
2428,fine-tuned,"5,2,7"
2429,fine-tuned,"1,1,2"
2430,fine-tuned,"1,6,8"
2431,fine-tuned,"2,7,3"
2432,fine-tuned,"1,1,6"
2433,fine-tuned,"5,3,5"
2434,fine-tuned,"6,6,1"
2435,fine-tuned,"6,9,5"
2436,fine-tuned,"1,3,9"
2437,fine-tuned,"1,1,8"
2438,fine-tuned,"4,2,3"
2439,fine-tuned,"6,6,6"
2440,fine-tuned,"7,4,5"
2441,fine-tuned,"3,5,3"
2442,fine-tuned,"2,3,3"
2443,fine-tuned,"4,9,3"
2444,fine-tuned,"1,9,7"
2445,fine-tuned,"8,5,7"
2446,fine-tuned,"3,1,6"
2447,fine-tuned,"7,3,5"
2448,fine-tuned,"9,3,6"
2449,fine-tuned,"7,1,4"
2450,fine-tuned,"7,3,5"
2451,fine-tuned,"2,7,3"
2452,fine-tuned,"4,9,6"
2453,fine-tuned,"7,5,1"
2454,fine-tuned,"7,3,5"
2455,fine-tuned,"3,8,3"
2456,fine-tuned,"6,6,3"
2457,fine-tuned,"9,9,3"
2458,fine-tuned,"5,6,5"
2459,fine-tuned,"5,8,5"
2460,fine-tuned,"9,8,1"
2461,fine-tuned,"2,1,6"
2462,fine-tuned,"9,3,8"
2463,fine-tuned,"2,3,7"
2464,fine-tuned,"8,1,7"
2465,fine-tuned,"5,8,2"
2466,fine-tuned,"1,4,8"
2467,fine-tuned,"1,7,3"
2468,fine-tuned,"7,7,3"
2469,fine-tuned,"5,3,4"
2470,fine-tuned,"6,4,6"
2471,fine-tuned,"5,4,9"
2472,fine-tuned,"3,6,4"
2473,fine-tuned,"8,2,2"
2474,fine-tuned,"5,8,6"
2475,fine-tuned,"8,8,9"
2476,fine-tuned,"9,7,4"
2477,fine-tuned,"1,9,1"
2478,fine-tuned,"6,8,5"
2479,fine-tuned,"8,9,4"
2480,fine-tuned,"8,7,8"
2481,fine-tuned,"5,9,7"
2482,fine-tuned,"9,7,3"
2483,fine-tuned,"1,9,5"
2484,fine-tuned,"7,1,9"
2485,fine-tuned,"3,3,4"
2486,fine-tuned,"8,9,3"
2487,fine-tuned,"1,1,3"
2488,fine-tuned,"5,7,5"
2489,fine-tuned,"5,3,2"
2490,fine-tuned,"7,7,1"
2491,fine-tuned,"1,4,6"
2492,fine-tuned,"6,2,5"
2493,fine-tuned,"3,7,5"
2494,fine-tuned,"1,5,8"
2495,fine-tuned,"8,8,2"
2496,fine-tuned,"3,5,1"
2497,fine-tuned,"9,9,4"
2498,fine-tuned,"8,2,7"
2499,fine-tuned,"8,3,4"
2500,fine-tuned,"1,1,8"
2501,fine-tuned,"9,9,9"
2502,fine-tuned,"8,5,5"
2503,fine-tuned,"2,5,6"
2504,fine-tuned,"3,8,6"
2505,fine-tuned,"8,6,2"
2506,fine-tuned,"6,2,6"
2507,fine-tuned,"1,8,1"
2508,fine-tuned,"8,1,7"
2509,fine-tuned,"5,8,1"
2510,fine-tuned,"7,2,3"
2511,fine-tuned,"3,9,8"
2512,fine-tuned,"1,7,3"
2513,fine-tuned,"1,6,5"
2514,fine-tuned,"9,7,9"
2515,fine-tuned,"7,2,3"
2516,fine-tuned,"8,3,5"
2517,fine-tuned,"9,9,6"
2518,fine-tuned,"8,4,9"
2519,fine-tuned,"1,3,8"
2520,fine-tuned,"8,3,1"
2521,fine-tuned,"4,3,2"
2522,fine-tuned,"7,9,1"
2523,fine-tuned,"7,8,3"
2524,fine-tuned,"6,8,1"
2525,fine-tuned,"6,2,2"
2526,fine-tuned,"9,3,6"
2527,fine-tuned,"2,6,8"
2528,fine-tuned,"1,8,3"
2529,fine-tuned,"2,7,7"
2530,fine-tuned,"5,3,5"
2531,fine-tuned,"8,5,6"
2532,fine-tuned,"6,8,8"
2533,fine-tuned,"7,9,5"
2534,fine-tuned,"1,1,4"
2535,fine-tuned,"3,1,9"
2536,fine-tuned,"9,3,8"
2537,fine-tuned,"1,8,2"
2538,fine-tuned,"3,2,3"
2539,fine-tuned,"2,4,4"
2540,fine-tuned,"6,3,6"
2541,fine-tuned,"9,2,8"
2542,fine-tuned,"9,7,9"
2543,fine-tuned,"1,4,8"
2544,fine-tuned,"8,5,6"
2545,fine-tuned,"2,5,2"
2546,fine-tuned,"6,6,4"
2547,fine-tuned,"9,5,2"
2548,fine-tuned,"2,8,9"
2549,fine-tuned,"3,6,7"
2550,fine-tuned,"6,5,8"
2551,fine-tuned,"4,9,8"
2552,fine-tuned,"9,6,6"
2553,fine-tuned,"3,8,1"
2554,fine-tuned,"8,7,5"
2555,fine-tuned,"2,6,3"
2556,fine-tuned,"5,3,6"
2557,fine-tuned,"1,8,2"
2558,fine-tuned,"4,7,8"
2559,fine-tuned,"2,8,4"
2560,fine-tuned,"6,5,3"
2561,fine-tuned,"3,2,5"
2562,fine-tuned,"6,4,2"
2563,fine-tuned,"3,4,1"
2564,fine-tuned,"3,2,6"
2565,fine-tuned,"4,5,6"
2566,fine-tuned,"9,5,1"
2567,fine-tuned,"8,6,6"
2568,fine-tuned,"7,8,6"
2569,fine-tuned,"3,9,3"
2570,fine-tuned,"9,4,4"
2571,fine-tuned,"3,8,5"
2572,fine-tuned,"6,3,6"
2573,fine-tuned,"9,5,2"
2574,fine-tuned,"8,1,2"
2575,fine-tuned,"3,9,8"
2576,fine-tuned,"8,7,4"
2577,fine-tuned,"2,5,8"
2578,fine-tuned,"1,2,9"
2579,fine-tuned,"8,7,2"
2580,fine-tuned,"6,2,1"
2581,fine-tuned,"6,3,6"
2582,fine-tuned,"5,2,4"
2583,fine-tuned,"5,9,4"
2584,fine-tuned,"9,9,7"
2585,fine-tuned,"1,5,6"
2586,fine-tuned,"8,7,8"
2587,fine-tuned,"9,8,4"
2588,fine-tuned,"6,2,5"
2589,fine-tuned,"5,8,7"
2590,fine-tuned,"1,1,5"
2591,fine-tuned,"3,4,9"
2592,fine-tuned,"6,1,3"
2593,fine-tuned,"6,3,6"
2594,fine-tuned,"9,2,3"
2595,fine-tuned,"4,1,8"
2596,fine-tuned,"2,9,3"
2597,fine-tuned,"7,8,3"
2598,fine-tuned,"3,9,8"
2599,fine-tuned,"1,1,7"
2600,fine-tuned,"6,1,2"
2601,fine-tuned,"1,2,5"
2602,fine-tuned,"2,5,7"
2603,fine-tuned,"9,9,9"
2604,fine-tuned,"5,6,4"
2605,fine-tuned,"1,5,4"
2606,fine-tuned,"6,6,5"
2607,fine-tuned,"5,7,9"
2608,fine-tuned,"5,2,5"
2609,fine-tuned,"5,3,9"
2610,fine-tuned,"4,2,5"
2611,fine-tuned,"1,1,7"
2612,fine-tuned,"8,2,6"
2613,fine-tuned,"4,6,1"
2614,fine-tuned,"7,2,1"
2615,fine-tuned,"1,6,4"
2616,fine-tuned,"6,1,1"
2617,fine-tuned,"3,2,7"
2618,fine-tuned,"6,1,4"
2619,fine-tuned,"8,6,7"
2620,fine-tuned,"3,2,6"
2621,fine-tuned,"8,4,1"
2622,fine-tuned,"3,7,7"
2623,fine-tuned,"9,6,3"
2624,fine-tuned,"3,6,1"
2625,fine-tuned,"5,9,6"
2626,fine-tuned,"8,5,2"
2627,fine-tuned,"5,8,8"
2628,fine-tuned,"7,3,5"
2629,fine-tuned,"4,7,2"
2630,fine-tuned,"1,4,7"
2631,fine-tuned,"4,8,4"
2632,fine-tuned,"1,9,6"
2633,fine-tuned,"7,6,4"
2634,fine-tuned,"6,2,8"
2635,fine-tuned,"3,1,6"
2636,fine-tuned,"4,3,2"
2637,fine-tuned,"6,9,3"
2638,fine-tuned,"6,8,6"
2639,fine-tuned,"7,6,7"
2640,fine-tuned,"6,5,4"
2641,fine-tuned,"2,3,4"
2642,fine-tuned,"1,7,9"
2643,fine-tuned,"4,5,5"
2644,fine-tuned,"8,1,3"
2645,fine-tuned,"4,5,7"
2646,fine-tuned,"6,9,3"
2647,fine-tuned,"8,7,4"
2648,fine-tuned,"8,9,9"
2649,fine-tuned,"9,4,7"
2650,fine-tuned,"4,9,1"
2651,fine-tuned,"4,4,7"
2652,fine-tuned,"1,8,4"
2653,fine-tuned,"7,8,9"
2654,fine-tuned,"6,5,4"
2655,fine-tuned,"9,9,6"
2656,fine-tuned,"5,5,9"
2657,fine-tuned,"6,8,6"
2658,fine-tuned,"8,3,3"
2659,fine-tuned,"9,2,2"
2660,fine-tuned,"9,8,5"
2661,fine-tuned,"4,1,7"
2662,fine-tuned,"5,1,2"
2663,fine-tuned,"9,8,1"
2664,fine-tuned,"8,3,2"
2665,fine-tuned,"9,9,1"
2666,fine-tuned,"8,1,9"
2667,fine-tuned,"8,8,1"
2668,fine-tuned,"9,5,3"
2669,fine-tuned,"2,4,1"
2670,fine-tuned,"7,1,8"
2671,fine-tuned,"7,1,8"
2672,fine-tuned,"4,5,1"
2673,fine-tuned,"2,8,8"
2674,fine-tuned,"6,8,7"
2675,fine-tuned,"2,7,4"
2676,fine-tuned,"9,3,1"
2677,fine-tuned,"1,6,5"
2678,fine-tuned,"3,7,2"
2679,fine-tuned,"3,2,5"
2680,fine-tuned,"7,4,9"
2681,fine-tuned,"7,8,7"
2682,fine-tuned,"7,2,6"
2683,fine-tuned,"1,1,2"
2684,fine-tuned,"1,8,3"
2685,fine-tuned,"5,8,6"
2686,fine-tuned,"4,7,6"
2687,fine-tuned,"9,7,2"
2688,fine-tuned,"3,4,1"
2689,fine-tuned,"2,6,8"
2690,fine-tuned,"9,7,1"
2691,fine-tuned,"6,9,5"
2692,fine-tuned,"4,7,4"
2693,fine-tuned,"9,7,8"
2694,fine-tuned,"3,8,6"
2695,fine-tuned,"1,3,3"
2696,fine-tuned,"2,8,8"
2697,fine-tuned,"4,2,4"
2698,fine-tuned,"5,1,9"
2699,fine-tuned,"6,5,4"
2700,fine-tuned,"7,7,2"
2701,fine-tuned,"5,8,2"
2702,fine-tuned,"8,2,5"
2703,fine-tuned,"4,9,1"
2704,fine-tuned,"9,3,3"
2705,fine-tuned,"6,3,9"
2706,fine-tuned,"9,3,3"
2707,fine-tuned,"7,2,9"
2708,fine-tuned,"3,3,5"
2709,fine-tuned,"9,9,3"
2710,fine-tuned,"3,9,5"
2711,fine-tuned,"8,2,5"
2712,fine-tuned,"1,4,8"
2713,fine-tuned,"6,6,4"
2714,fine-tuned,"7,8,8"
2715,fine-tuned,"2,8,8"
2716,fine-tuned,"1,6,4"
2717,fine-tuned,"8,1,2"
2718,fine-tuned,"3,2,7"
2719,fine-tuned,"5,9,2"
2720,fine-tuned,"6,2,4"
2721,fine-tuned,"8,7,2"
2722,fine-tuned,"7,6,6"
2723,fine-tuned,"1,7,2"
2724,fine-tuned,"1,2,8"
2725,fine-tuned,"1,9,6"
2726,fine-tuned,"8,6,1"
2727,fine-tuned,"2,3,9"
2728,fine-tuned,"2,9,6"
2729,fine-tuned,"3,7,6"
2730,fine-tuned,"4,9,2"
2731,fine-tuned,"2,7,8"
2732,fine-tuned,"4,8,9"
2733,fine-tuned,"1,4,2"
2734,fine-tuned,"3,5,5"
2735,fine-tuned,"1,3,8"
2736,fine-tuned,"4,9,3"
2737,fine-tuned,"9,2,9"
2738,fine-tuned,"4,5,7"
2739,fine-tuned,"1,1,7"
2740,fine-tuned,"3,3,6"
2741,fine-tuned,"2,8,3"
2742,fine-tuned,"2,1,5"
2743,fine-tuned,"5,4,2"
2744,fine-tuned,"4,9,3"
2745,fine-tuned,"6,5,4"
2746,fine-tuned,"5,1,8"
2747,fine-tuned,"8,2,5"
2748,fine-tuned,"3,6,6"
2749,fine-tuned,"6,9,8"
2750,fine-tuned,"3,1,5"
2751,fine-tuned,"5,7,2"
2752,fine-tuned,"6,6,6"
2753,fine-tuned,"2,8,7"
2754,fine-tuned,"1,3,9"
2755,fine-tuned,"1,4,2"
2756,fine-tuned,"6,1,8"
2757,fine-tuned,"7,3,2"
2758,fine-tuned,"2,8,6"
2759,fine-tuned,"2,7,3"
2760,fine-tuned,"3,4,4"
2761,fine-tuned,"9,6,4"
2762,fine-tuned,"1,9,7"
2763,fine-tuned,"1,3,7"
2764,fine-tuned,"1,3,8"
2765,fine-tuned,"4,2,3"
2766,fine-tuned,"2,2,7"
2767,fine-tuned,"8,5,3"
2768,fine-tuned,"3,7,9"
2769,fine-tuned,"7,1,4"
2770,fine-tuned,"9,1,5"
2771,fine-tuned,"1,2,5"
2772,fine-tuned,"8,2,3"
2773,fine-tuned,"3,8,2"
2774,fine-tuned,"3,2,7"
2775,fine-tuned,"6,4,4"
2776,fine-tuned,"1,7,8"
2777,fine-tuned,"5,3,4"
2778,fine-tuned,"1,7,4"
2779,fine-tuned,"2,1,6"
2780,fine-tuned,"1,9,4"
2781,fine-tuned,"9,5,9"
2782,fine-tuned,"8,5,7"
2783,fine-tuned,"4,3,3"
2784,fine-tuned,"3,6,2"
2785,fine-tuned,"5,3,3"
2786,fine-tuned,"4,3,3"
2787,fine-tuned,"2,2,6"
2788,fine-tuned,"8,6,2"
2789,fine-tuned,"7,6,5"
2790,fine-tuned,"8,7,4"
2791,fine-tuned,"5,1,4"
2792,fine-tuned,"2,4,5"
2793,fine-tuned,"9,4,9"
2794,fine-tuned,"7,4,2"
2795,fine-tuned,"6,1,3"
2796,fine-tuned,"7,9,7"
2797,fine-tuned,"5,9,9"
2798,fine-tuned,"7,9,2"
2799,fine-tuned,"4,8,3"
2800,fine-tuned,"6,8,5"
2801,fine-tuned,"4,2,1"
2802,fine-tuned,"4,5,4"
2803,fine-tuned,"5,8,9"
2804,fine-tuned,"5,2,6"
2805,fine-tuned,"2,5,7"
2806,fine-tuned,"4,1,1"
2807,fine-tuned,"1,1,7"
2808,fine-tuned,"8,3,7"
2809,fine-tuned,"1,5,2"
2810,fine-tuned,"6,7,9"
2811,fine-tuned,"8,6,2"
2812,fine-tuned,"9,7,2"
2813,fine-tuned,"5,6,4"
2814,fine-tuned,"6,1,4"
2815,fine-tuned,"6,3,5"
2816,fine-tuned,"9,9,4"
2817,fine-tuned,"1,6,8"
2818,fine-tuned,"7,9,6"
2819,fine-tuned,"5,1,2"
2820,fine-tuned,"4,7,6"
2821,fine-tuned,"5,7,6"
2822,fine-tuned,"4,9,9"
2823,fine-tuned,"1,4,1"
2824,fine-tuned,"6,7,8"
2825,fine-tuned,"6,3,4"
2826,fine-tuned,"6,1,2"
2827,fine-tuned,"4,6,9"
2828,fine-tuned,"3,6,5"
2829,fine-tuned,"9,2,2"
2830,fine-tuned,"6,5,7"
2831,fine-tuned,"5,6,5"
2832,fine-tuned,"3,9,6"
2833,fine-tuned,"7,7,7"
2834,fine-tuned,"6,5,2"
2835,fine-tuned,"1,5,8"
2836,fine-tuned,"5,3,8"
2837,fine-tuned,"7,4,9"
2838,fine-tuned,"4,5,8"
2839,fine-tuned,"5,1,1"
2840,fine-tuned,"8,4,2"
2841,fine-tuned,"8,1,2"
2842,fine-tuned,"6,9,5"
2843,fine-tuned,"3,4,2"
2844,fine-tuned,"2,1,8"
2845,fine-tuned,"4,8,8"
2846,fine-tuned,"1,2,8"
2847,fine-tuned,"6,3,6"
2848,fine-tuned,"6,9,5"
2849,fine-tuned,"5,1,6"
2850,fine-tuned,"4,1,5"
2851,fine-tuned,"9,6,8"
2852,fine-tuned,"2,7,3"
2853,fine-tuned,"6,7,4"
2854,fine-tuned,"1,8,8"
2855,fine-tuned,"7,6,3"
2856,fine-tuned,"1,8,4"
2857,fine-tuned,"3,9,2"
2858,fine-tuned,"9,4,7"
2859,fine-tuned,"1,6,9"
2860,fine-tuned,"5,5,7"
2861,fine-tuned,"9,7,3"
2862,fine-tuned,"2,3,5"
2863,fine-tuned,"7,8,3"
2864,fine-tuned,"4,5,7"
2865,fine-tuned,"8,1,5"
2866,fine-tuned,"5,9,4"
2867,fine-tuned,"3,9,9"
2868,fine-tuned,"8,8,8"
2869,fine-tuned,"3,2,5"
2870,fine-tuned,"8,9,7"
2871,fine-tuned,"3,1,7"
2872,fine-tuned,"7,8,9"
2873,fine-tuned,"1,5,5"
2874,fine-tuned,"9,9,6"
2875,fine-tuned,"9,4,9"
2876,fine-tuned,"7,8,8"
2877,fine-tuned,"4,9,6"
2878,fine-tuned,"7,3,1"
2879,fine-tuned,"1,7,3"
2880,fine-tuned,"2,5,8"
2881,fine-tuned,"3,4,9"
2882,fine-tuned,"9,1,6"
2883,fine-tuned,"7,2,4"
2884,fine-tuned,"2,3,6"
2885,fine-tuned,"1,8,6"
2886,fine-tuned,"2,6,6"
2887,fine-tuned,"6,5,4"
2888,fine-tuned,"5,3,7"
2889,fine-tuned,"6,9,3"
2890,fine-tuned,"3,1,7"
2891,fine-tuned,"1,4,3"
2892,fine-tuned,"4,9,8"
2893,fine-tuned,"8,7,7"
2894,fine-tuned,"8,6,1"
2895,fine-tuned,"3,1,3"
2896,fine-tuned,"2,8,1"
2897,fine-tuned,"3,1,9"
2898,fine-tuned,"1,3,7"
2899,fine-tuned,"3,5,1"
2900,fine-tuned,"5,3,2"
2901,fine-tuned,"1,3,5"
2902,fine-tuned,"4,3,2"
2903,fine-tuned,"8,6,1"
2904,fine-tuned,"1,8,9"
2905,fine-tuned,"9,6,8"
2906,fine-tuned,"3,8,5"
2907,fine-tuned,"7,2,5"
2908,fine-tuned,"6,2,8"
2909,fine-tuned,"5,3,6"
2910,fine-tuned,"3,8,5"
2911,fine-tuned,"9,9,6"
2912,fine-tuned,"1,1,7"
2913,fine-tuned,"1,1,4"
2914,fine-tuned,"2,6,2"
2915,fine-tuned,"5,5,1"
2916,fine-tuned,"1,4,4"
2917,fine-tuned,"5,7,6"
2918,fine-tuned,"8,9,4"
2919,fine-tuned,"9,9,1"
2920,fine-tuned,"6,1,1"
2921,fine-tuned,"3,8,1"
2922,fine-tuned,"7,7,6"
2923,fine-tuned,"6,6,4"
2924,fine-tuned,"9,8,8"
2925,fine-tuned,"6,1,5"
2926,fine-tuned,"8,3,8"
2927,fine-tuned,"9,5,2"
2928,fine-tuned,"1,8,1"
2929,fine-tuned,"1,4,1"
2930,fine-tuned,"7,4,4"
2931,fine-tuned,"8,9,6"
2932,fine-tuned,"6,3,9"
2933,fine-tuned,"1,8,3"
2934,fine-tuned,"3,3,4"
2935,fine-tuned,"3,1,7"
2936,fine-tuned,"2,1,7"
2937,fine-tuned,"7,8,2"
2938,fine-tuned,"8,6,5"
2939,fine-tuned,"1,2,8"
2940,fine-tuned,"3,8,7"
2941,fine-tuned,"4,1,6"
2942,fine-tuned,"4,9,1"
2943,fine-tuned,"9,8,1"
2944,fine-tuned,"4,6,2"
2945,fine-tuned,"8,8,1"
2946,fine-tuned,"8,8,7"
2947,fine-tuned,"2,9,8"
2948,fine-tuned,"3,7,9"
2949,fine-tuned,"9,3,9"
2950,fine-tuned,"1,9,4"
2951,fine-tuned,"6,5,5"
2952,fine-tuned,"4,7,4"
2953,fine-tuned,"3,5,6"
2954,fine-tuned,"8,4,9"
2955,fine-tuned,"9,9,7"
2956,fine-tuned,"1,5,5"
2957,fine-tuned,"3,9,6"
2958,fine-tuned,"7,7,9"
2959,fine-tuned,"4,6,4"
2960,fine-tuned,"8,9,7"
2961,fine-tuned,"6,1,4"
2962,fine-tuned,"6,9,7"
2963,fine-tuned,"9,3,9"
2964,fine-tuned,"2,1,2"
2965,fine-tuned,"1,7,1"
2966,fine-tuned,"9,2,7"
2967,fine-tuned,"1,5,4"
2968,fine-tuned,"1,8,4"
2969,fine-tuned,"7,5,1"
2970,fine-tuned,"9,9,5"
2971,fine-tuned,"5,3,1"
2972,fine-tuned,"2,3,8"
2973,fine-tuned,"1,3,3"
2974,fine-tuned,"6,7,2"
2975,fine-tuned,"6,3,3"
2976,fine-tuned,"6,9,1"
2977,fine-tuned,"9,8,6"
2978,fine-tuned,"3,3,4"
2979,fine-tuned,"2,7,3"
2980,fine-tuned,"2,6,3"
2981,fine-tuned,"7,9,3"
2982,fine-tuned,"9,1,5"
2983,fine-tuned,"5,3,9"
2984,fine-tuned,"9,3,4"
2985,fine-tuned,"5,6,7"
2986,fine-tuned,"4,8,6"
2987,fine-tuned,"4,2,5"
2988,fine-tuned,"4,6,7"
2989,fine-tuned,"7,6,9"
2990,fine-tuned,"9,3,1"
2991,fine-tuned,"6,7,4"
2992,fine-tuned,"6,2,8"
2993,fine-tuned,"2,1,5"
2994,fine-tuned,"4,5,2"
2995,fine-tuned,"9,8,3"
2996,fine-tuned,"3,3,8"
2997,fine-tuned,"8,6,1"
2998,fine-tuned,"6,6,9"
2999,fine-tuned,"1,6,3"
3000,fine-tuned,"7,5,4"
3001,fine-tuned,"7,5,3"
3002,fine-tuned,"3,8,8"
3003,fine-tuned,"4,5,8"
3004,fine-tuned,"4,4,1"
3005,fine-tuned,"9,6,9"
3006,fine-tuned,"8,6,4"
3007,fine-tuned,"4,3,8"
3008,fine-tuned,"7,9,8"
3009,fine-tuned,"4,5,7"
3010,fine-tuned,"9,8,5"
3011,fine-tuned,"4,4,1"
3012,fine-tuned,"7,1,4"
3013,fine-tuned,"1,9,8"
3014,fine-tuned,"9,3,5"
3015,fine-tuned,"3,8,8"
3016,fine-tuned,"9,6,9"
3017,fine-tuned,"1,8,2"
3018,fine-tuned,"1,1,4"
3019,fine-tuned,"7,9,7"
3020,fine-tuned,"9,9,9"
3021,fine-tuned,"5,6,9"
3022,fine-tuned,"3,6,7"
3023,fine-tuned,"9,9,8"
3024,fine-tuned,"4,7,6"
3025,fine-tuned,"4,9,1"
3026,fine-tuned,"8,1,4"
3027,fine-tuned,"8,8,4"
3028,fine-tuned,"8,9,4"
3029,fine-tuned,"7,6,9"
3030,fine-tuned,"6,1,2"
3031,fine-tuned,"3,3,9"
3032,fine-tuned,"6,4,5"
3033,fine-tuned,"1,8,3"
3034,fine-tuned,"8,9,5"
3035,fine-tuned,"1,4,3"
3036,fine-tuned,"9,3,3"
3037,fine-tuned,"2,3,6"
3038,fine-tuned,"5,2,1"
3039,fine-tuned,"7,7,8"
3040,fine-tuned,"8,2,1"
3041,fine-tuned,"5,1,2"
3042,fine-tuned,"5,4,2"
3043,fine-tuned,"1,7,3"
3044,fine-tuned,"2,2,2"
3045,fine-tuned,"8,2,2"
3046,fine-tuned,"4,8,2"
3047,fine-tuned,"8,7,9"
3048,fine-tuned,"3,8,3"
3049,fine-tuned,"5,8,4"
3050,fine-tuned,"2,4,1"
3051,fine-tuned,"3,1,9"
3052,fine-tuned,"8,1,1"
3053,fine-tuned,"1,1,8"
3054,fine-tuned,"1,4,1"
3055,fine-tuned,"7,1,9"
3056,fine-tuned,"1,4,5"
3057,fine-tuned,"4,8,2"
3058,fine-tuned,"6,3,6"
3059,fine-tuned,"7,7,9"
3060,fine-tuned,"2,1,8"
3061,fine-tuned,"7,3,7"
3062,fine-tuned,"5,5,8"
3063,fine-tuned,"5,8,8"
3064,fine-tuned,"1,3,5"
3065,fine-tuned,"8,4,1"
3066,fine-tuned,"3,2,8"
3067,fine-tuned,"9,8,7"
3068,fine-tuned,"7,4,4"
3069,fine-tuned,"6,6,8"
3070,fine-tuned,"8,8,6"
3071,fine-tuned,"8,5,6"
3072,fine-tuned,"3,1,3"
3073,fine-tuned,"7,9,5"
3074,fine-tuned,"5,2,4"
3075,fine-tuned,"2,9,4"
3076,fine-tuned,"3,3,4"
3077,fine-tuned,"8,6,5"
3078,fine-tuned,"2,1,3"
3079,fine-tuned,"1,2,9"
3080,fine-tuned,"7,5,3"
3081,fine-tuned,"1,8,6"
3082,fine-tuned,"1,6,6"
3083,fine-tuned,"3,9,1"
3084,fine-tuned,"2,6,3"
3085,fine-tuned,"3,1,5"
3086,fine-tuned,"3,8,4"
3087,fine-tuned,"9,6,4"
3088,fine-tuned,"4,3,1"
3089,fine-tuned,"3,6,7"
3090,fine-tuned,"3,2,8"
3091,fine-tuned,"4,2,5"
3092,fine-tuned,"3,6,9"
3093,fine-tuned,"2,3,2"
3094,fine-tuned,"2,2,2"
3095,fine-tuned,"5,1,1"
3096,fine-tuned,"4,8,8"
3097,fine-tuned,"5,2,7"
3098,fine-tuned,"2,4,3"
3099,fine-tuned,"5,8,9"
3100,fine-tuned,"9,1,8"
3101,fine-tuned,"3,7,8"
3102,fine-tuned,"7,4,2"
3103,fine-tuned,"9,5,9"
3104,fine-tuned,"5,9,6"
3105,fine-tuned,"8,1,9"
3106,fine-tuned,"3,6,5"
3107,fine-tuned,"9,7,8"
3108,fine-tuned,"4,5,3"
3109,fine-tuned,"1,4,5"
3110,fine-tuned,"1,4,2"
3111,fine-tuned,"6,7,5"
3112,fine-tuned,"9,2,9"
3113,fine-tuned,"9,6,8"
3114,fine-tuned,"6,8,1"
3115,fine-tuned,"2,3,9"
3116,fine-tuned,"4,6,5"
3117,fine-tuned,"6,1,1"
3118,fine-tuned,"5,7,2"
3119,fine-tuned,"1,1,8"
3120,fine-tuned,"5,1,7"
3121,fine-tuned,"9,1,8"
3122,fine-tuned,"6,6,9"
3123,fine-tuned,"1,8,8"
3124,fine-tuned,"9,9,8"
3125,fine-tuned,"1,6,1"
3126,fine-tuned,"4,3,4"
3127,fine-tuned,"4,2,7"
3128,fine-tuned,"3,2,8"
3129,fine-tuned,"2,6,1"
3130,fine-tuned,"9,2,6"
3131,fine-tuned,"2,2,5"
3132,fine-tuned,"4,1,6"
3133,fine-tuned,"6,4,5"
3134,fine-tuned,"7,1,1"
3135,fine-tuned,"1,1,6"
3136,fine-tuned,"4,8,5"
3137,fine-tuned,"8,3,7"
3138,fine-tuned,"5,3,8"
3139,fine-tuned,"8,5,4"
3140,fine-tuned,"6,4,8"
3141,fine-tuned,"9,9,8"
3142,fine-tuned,"1,1,7"
3143,fine-tuned,"4,3,2"
3144,fine-tuned,"4,3,1"
3145,fine-tuned,"8,2,8"
3146,fine-tuned,"5,2,7"
3147,fine-tuned,"5,4,2"
3148,fine-tuned,"6,6,3"
3149,fine-tuned,"6,3,7"
3150,fine-tuned,"8,1,5"
3151,fine-tuned,"4,9,1"
3152,fine-tuned,"2,1,9"
3153,fine-tuned,"8,3,9"
3154,fine-tuned,"7,6,6"
3155,fine-tuned,"5,3,3"
3156,fine-tuned,"5,3,1"
3157,fine-tuned,"3,1,7"
3158,fine-tuned,"2,1,4"
3159,fine-tuned,"8,9,3"
3160,fine-tuned,"7,8,9"
3161,fine-tuned,"5,4,7"
3162,fine-tuned,"2,3,1"
3163,fine-tuned,"1,7,1"
3164,fine-tuned,"3,3,4"
3165,fine-tuned,"4,5,4"
3166,fine-tuned,"6,2,2"
3167,fine-tuned,"3,3,4"
3168,fine-tuned,"7,1,7"
3169,fine-tuned,"1,7,8"
3170,fine-tuned,"5,5,4"
3171,fine-tuned,"7,3,1"
3172,fine-tuned,"9,4,6"
3173,fine-tuned,"7,5,8"
3174,fine-tuned,"4,7,8"
3175,fine-tuned,"4,1,9"
3176,fine-tuned,"7,8,1"
3177,fine-tuned,"7,8,2"
3178,fine-tuned,"2,5,5"
3179,fine-tuned,"4,3,7"
3180,fine-tuned,"6,8,3"
3181,fine-tuned,"6,6,5"
3182,fine-tuned,"4,5,4"
3183,fine-tuned,"6,1,7"
3184,fine-tuned,"6,4,4"
3185,fine-tuned,"9,9,9"
3186,fine-tuned,"9,6,8"
3187,fine-tuned,"4,8,9"
3188,fine-tuned,"4,3,5"
3189,fine-tuned,"5,4,1"
3190,fine-tuned,"7,1,9"
3191,fine-tuned,"3,1,2"
3192,fine-tuned,"4,1,8"
3193,fine-tuned,"6,4,9"
3194,fine-tuned,"1,6,3"
3195,fine-tuned,"5,5,8"
3196,fine-tuned,"9,5,8"
3197,fine-tuned,"4,7,3"
3198,fine-tuned,"8,3,2"
3199,fine-tuned,"9,2,1"
3200,fine-tuned,"2,8,4"
3201,fine-tuned,"9,2,9"
3202,fine-tuned,"2,3,4"
3203,fine-tuned,"7,7,1"
3204,fine-tuned,"4,6,1"
3205,fine-tuned,"4,7,1"
3206,fine-tuned,"9,3,6"
3207,fine-tuned,"6,1,2"
3208,fine-tuned,"9,6,3"
3209,fine-tuned,"4,5,8"
3210,fine-tuned,"2,9,3"
3211,fine-tuned,"9,1,7"
3212,fine-tuned,"7,9,7"
3213,fine-tuned,"3,1,5"
3214,fine-tuned,"5,2,7"
3215,fine-tuned,"1,2,7"
3216,fine-tuned,"4,6,3"
3217,fine-tuned,"8,8,4"
3218,fine-tuned,"8,6,2"
3219,fine-tuned,"1,3,1"
3220,fine-tuned,"1,9,8"
3221,fine-tuned,"9,1,7"
3222,fine-tuned,"6,8,7"
3223,fine-tuned,"7,6,6"
3224,fine-tuned,"5,9,3"
3225,fine-tuned,"7,5,6"
3226,fine-tuned,"6,3,1"
3227,fine-tuned,"2,9,3"
3228,fine-tuned,"5,9,2"
3229,fine-tuned,"4,2,1"
3230,fine-tuned,"5,2,1"
3231,fine-tuned,"9,9,5"
3232,fine-tuned,"7,9,4"
3233,fine-tuned,"6,7,8"
3234,fine-tuned,"7,7,5"
3235,fine-tuned,"3,8,1"
3236,fine-tuned,"1,5,7"
3237,fine-tuned,"3,1,3"
3238,fine-tuned,"6,9,9"
3239,fine-tuned,"1,7,9"
3240,fine-tuned,"1,4,7"
3241,fine-tuned,"8,6,1"
3242,fine-tuned,"1,3,1"
3243,fine-tuned,"9,2,5"
3244,fine-tuned,"1,4,8"
3245,fine-tuned,"9,5,3"
3246,fine-tuned,"8,3,8"
3247,fine-tuned,"1,3,8"
3248,fine-tuned,"6,2,1"
3249,fine-tuned,"9,1,7"
3250,fine-tuned,"8,6,9"
3251,fine-tuned,"9,4,1"
3252,fine-tuned,"9,6,6"
3253,fine-tuned,"9,6,5"
3254,fine-tuned,"3,7,7"
3255,fine-tuned,"6,1,6"
3256,fine-tuned,"5,9,9"
3257,fine-tuned,"1,9,6"
3258,fine-tuned,"3,9,3"
3259,fine-tuned,"5,5,1"
3260,fine-tuned,"8,2,5"
3261,fine-tuned,"7,2,9"
3262,fine-tuned,"8,6,3"
3263,fine-tuned,"9,1,4"
3264,fine-tuned,"6,4,6"
3265,fine-tuned,"4,6,6"
3266,fine-tuned,"4,1,5"
3267,fine-tuned,"5,9,3"
3268,fine-tuned,"5,8,9"
3269,fine-tuned,"1,4,9"
3270,fine-tuned,"3,9,5"
3271,fine-tuned,"6,1,2"
3272,fine-tuned,"8,9,8"
3273,fine-tuned,"3,4,3"
3274,fine-tuned,"2,4,4"
3275,fine-tuned,"7,8,4"
3276,fine-tuned,"5,2,4"
3277,fine-tuned,"3,6,8"
3278,fine-tuned,"6,8,3"
3279,fine-tuned,"9,6,1"
3280,fine-tuned,"2,6,1"
3281,fine-tuned,"8,1,3"
3282,fine-tuned,"3,7,4"
3283,fine-tuned,"2,7,7"
3284,fine-tuned,"8,3,3"
3285,fine-tuned,"2,8,4"
3286,fine-tuned,"4,7,8"
3287,fine-tuned,"4,4,8"
3288,fine-tuned,"7,3,7"
3289,fine-tuned,"4,3,7"
3290,fine-tuned,"6,2,2"
3291,fine-tuned,"5,3,5"
3292,fine-tuned,"3,9,9"
3293,fine-tuned,"8,6,4"
3294,fine-tuned,"5,2,8"
3295,fine-tuned,"8,7,6"
3296,fine-tuned,"6,1,9"
3297,fine-tuned,"5,3,2"
3298,fine-tuned,"4,8,6"
3299,fine-tuned,"4,1,2"
3300,fine-tuned,"9,7,1"
3301,fine-tuned,"9,3,7"
3302,fine-tuned,"4,9,5"
3303,fine-tuned,"4,4,2"
3304,fine-tuned,"2,7,3"
3305,fine-tuned,"9,1,1"
3306,fine-tuned,"4,1,4"
3307,fine-tuned,"4,4,2"
3308,fine-tuned,"7,8,2"
3309,fine-tuned,"9,7,6"
3310,fine-tuned,"5,6,6"
3311,fine-tuned,"2,3,5"
3312,fine-tuned,"8,9,1"
3313,fine-tuned,"1,1,1"
3314,fine-tuned,"5,2,5"
3315,fine-tuned,"8,3,1"
3316,fine-tuned,"9,4,7"
3317,fine-tuned,"5,4,8"
3318,fine-tuned,"5,1,5"
3319,fine-tuned,"7,9,7"
3320,fine-tuned,"8,8,5"
3321,fine-tuned,"1,1,9"
3322,fine-tuned,"7,8,2"
3323,fine-tuned,"2,5,2"
3324,fine-tuned,"5,9,4"
3325,fine-tuned,"1,7,6"
3326,fine-tuned,"8,2,4"
3327,fine-tuned,"8,3,2"
3328,fine-tuned,"3,1,1"
3329,fine-tuned,"7,1,7"
3330,fine-tuned,"6,7,9"
3331,fine-tuned,"6,2,1"
3332,fine-tuned,"8,4,6"
3333,fine-tuned,"3,1,3"
3334,fine-tuned,"5,9,9"
3335,fine-tuned,"7,5,4"
3336,fine-tuned,"3,9,1"
3337,fine-tuned,"1,4,3"
3338,fine-tuned,"1,1,1"
3339,fine-tuned,"1,8,7"
3340,fine-tuned,"8,2,1"
3341,fine-tuned,"5,8,7"
3342,fine-tuned,"6,4,9"
3343,fine-tuned,"9,5,9"
3344,fine-tuned,"5,9,2"
3345,fine-tuned,"6,8,6"
3346,fine-tuned,"1,6,7"
3347,fine-tuned,"9,4,9"
3348,fine-tuned,"8,2,7"
3349,fine-tuned,"8,5,4"
3350,fine-tuned,"9,1,2"
3351,fine-tuned,"3,3,1"
3352,fine-tuned,"2,4,8"
3353,fine-tuned,"7,9,9"
3354,fine-tuned,"3,5,8"
3355,fine-tuned,"3,9,6"
3356,fine-tuned,"7,4,1"
3357,fine-tuned,"9,9,6"
3358,fine-tuned,"6,6,3"
3359,fine-tuned,"9,3,9"
3360,fine-tuned,"2,8,6"
3361,fine-tuned,"2,2,1"
3362,fine-tuned,"8,9,5"
3363,fine-tuned,"3,1,3"
3364,fine-tuned,"9,3,9"
3365,fine-tuned,"6,4,1"
3366,fine-tuned,"8,8,3"
3367,fine-tuned,"4,1,7"
3368,fine-tuned,"8,1,3"
3369,fine-tuned,"5,9,7"
3370,fine-tuned,"3,6,1"
3371,fine-tuned,"4,2,5"
3372,fine-tuned,"2,1,2"
3373,fine-tuned,"6,5,4"
3374,fine-tuned,"3,1,9"
3375,fine-tuned,"4,8,4"
3376,fine-tuned,"4,2,8"
3377,fine-tuned,"4,5,9"
3378,fine-tuned,"6,4,9"
3379,fine-tuned,"5,8,1"
3380,fine-tuned,"3,7,5"
3381,fine-tuned,"8,9,5"
3382,fine-tuned,"9,1,4"
3383,fine-tuned,"6,3,5"
3384,fine-tuned,"2,9,6"
3385,fine-tuned,"6,9,7"
3386,fine-tuned,"1,2,8"
3387,fine-tuned,"2,9,4"
3388,fine-tuned,"6,1,2"
3389,fine-tuned,"9,2,6"
3390,fine-tuned,"7,7,5"
3391,fine-tuned,"6,4,5"
3392,fine-tuned,"5,2,5"
3393,fine-tuned,"8,4,7"
3394,fine-tuned,"5,8,1"
3395,fine-tuned,"4,7,3"
3396,fine-tuned,"5,6,4"
3397,fine-tuned,"5,4,4"
3398,fine-tuned,"6,6,2"
3399,fine-tuned,"9,3,5"
3400,fine-tuned,"4,9,9"
3401,fine-tuned,"9,6,7"
3402,fine-tuned,"5,9,4"
3403,fine-tuned,"5,2,8"
3404,fine-tuned,"7,8,6"
3405,fine-tuned,"8,9,8"
3406,fine-tuned,"1,6,3"
3407,fine-tuned,"9,3,1"
3408,fine-tuned,"9,6,1"
3409,fine-tuned,"6,2,1"
3410,fine-tuned,"6,7,9"
3411,fine-tuned,"3,3,1"
3412,fine-tuned,"1,3,3"
3413,fine-tuned,"4,5,8"
3414,fine-tuned,"7,8,9"
3415,fine-tuned,"9,5,9"
3416,fine-tuned,"4,2,6"
3417,fine-tuned,"7,1,4"
3418,fine-tuned,"6,6,4"
3419,fine-tuned,"5,9,8"
3420,fine-tuned,"9,4,4"
3421,fine-tuned,"3,4,6"
3422,fine-tuned,"3,2,9"
3423,fine-tuned,"3,3,1"
3424,fine-tuned,"8,6,4"
3425,fine-tuned,"2,7,9"
3426,fine-tuned,"1,1,9"
3427,fine-tuned,"7,4,1"
3428,fine-tuned,"1,3,6"
3429,fine-tuned,"9,3,1"
3430,fine-tuned,"7,1,9"
3431,fine-tuned,"9,7,6"
3432,fine-tuned,"2,5,4"
3433,fine-tuned,"2,9,3"
3434,fine-tuned,"3,5,6"
3435,fine-tuned,"2,8,5"
3436,fine-tuned,"7,9,4"
3437,fine-tuned,"1,3,7"
3438,fine-tuned,"2,6,8"
3439,fine-tuned,"4,8,4"
3440,fine-tuned,"6,2,9"
3441,fine-tuned,"5,6,4"
3442,fine-tuned,"2,5,2"
3443,fine-tuned,"9,6,3"
3444,fine-tuned,"2,1,9"
3445,fine-tuned,"6,1,9"
3446,fine-tuned,"4,5,2"
3447,fine-tuned,"3,4,7"
3448,fine-tuned,"6,2,2"
3449,fine-tuned,"7,5,4"
3450,fine-tuned,"4,1,8"
3451,fine-tuned,"5,1,2"
3452,fine-tuned,"1,3,9"
3453,fine-tuned,"1,2,9"
3454,fine-tuned,"7,6,7"
3455,fine-tuned,"7,9,1"
3456,fine-tuned,"6,8,7"
3457,fine-tuned,"7,8,8"
3458,fine-tuned,"5,7,7"
3459,fine-tuned,"4,6,8"
3460,fine-tuned,"1,1,4"
3461,fine-tuned,"3,8,1"
3462,fine-tuned,"6,4,2"
3463,fine-tuned,"4,1,1"
3464,fine-tuned,"8,8,1"
3465,fine-tuned,"8,2,4"
3466,fine-tuned,"1,2,4"
3467,fine-tuned,"3,6,1"
3468,fine-tuned,"2,8,6"
3469,fine-tuned,"1,3,2"
3470,fine-tuned,"2,2,2"
3471,fine-tuned,"6,1,9"
3472,fine-tuned,"3,9,1"
3473,fine-tuned,"5,1,9"
3474,fine-tuned,"9,4,2"
3475,fine-tuned,"7,1,3"
3476,fine-tuned,"9,6,8"
3477,fine-tuned,"4,3,9"
3478,fine-tuned,"9,4,6"
3479,fine-tuned,"7,8,1"
3480,fine-tuned,"8,5,6"
3481,fine-tuned,"9,5,4"
3482,fine-tuned,"7,1,5"
3483,fine-tuned,"1,4,1"
3484,fine-tuned,"2,9,9"
3485,fine-tuned,"4,4,7"
3486,fine-tuned,"3,9,6"
3487,fine-tuned,"7,3,3"
3488,fine-tuned,"6,5,7"
3489,fine-tuned,"9,1,7"
3490,fine-tuned,"9,4,4"
3491,fine-tuned,"1,3,9"
3492,fine-tuned,"1,9,5"
3493,fine-tuned,"7,5,3"
3494,fine-tuned,"4,5,4"
3495,fine-tuned,"1,1,1"
3496,fine-tuned,"6,5,3"
3497,fine-tuned,"9,6,1"
3498,fine-tuned,"3,7,1"
3499,fine-tuned,"8,6,8"
3500,fine-tuned,"6,7,4"
3501,fine-tuned,"7,7,7"
3502,fine-tuned,"4,1,2"
3503,fine-tuned,"3,1,3"
3504,fine-tuned,"1,6,9"
3505,fine-tuned,"6,7,5"
3506,fine-tuned,"5,8,9"
3507,fine-tuned,"8,8,1"
3508,fine-tuned,"5,7,8"
3509,fine-tuned,"4,7,4"
3510,fine-tuned,"7,1,6"
3511,fine-tuned,"2,6,5"
3512,fine-tuned,"9,4,5"
3513,fine-tuned,"7,4,4"
3514,fine-tuned,"4,8,1"
3515,fine-tuned,"1,2,6"
3516,fine-tuned,"3,9,1"
3517,fine-tuned,"8,2,3"
3518,fine-tuned,"2,1,2"
3519,fine-tuned,"7,5,4"
3520,fine-tuned,"2,1,4"
3521,fine-tuned,"5,7,5"
3522,fine-tuned,"5,7,4"
3523,fine-tuned,"2,6,6"
3524,fine-tuned,"2,9,8"
3525,fine-tuned,"4,5,2"
3526,fine-tuned,"8,9,2"
3527,fine-tuned,"8,1,2"
3528,fine-tuned,"8,6,2"
3529,fine-tuned,"1,9,5"
3530,fine-tuned,"4,4,4"
3531,fine-tuned,"2,8,9"
3532,fine-tuned,"2,1,3"
3533,fine-tuned,"4,1,8"
3534,fine-tuned,"3,7,4"
3535,fine-tuned,"3,7,1"
3536,fine-tuned,"2,3,7"
3537,fine-tuned,"9,8,5"
3538,fine-tuned,"8,6,5"
3539,fine-tuned,"2,6,2"
3540,fine-tuned,"3,9,7"
3541,fine-tuned,"9,2,5"
3542,fine-tuned,"6,8,1"
3543,fine-tuned,"3,6,8"
3544,fine-tuned,"1,3,9"
3545,fine-tuned,"9,2,2"
3546,fine-tuned,"9,8,4"
3547,fine-tuned,"5,1,4"
3548,fine-tuned,"9,7,7"
3549,fine-tuned,"8,5,4"
3550,fine-tuned,"1,1,3"
3551,fine-tuned,"9,7,4"
3552,fine-tuned,"5,2,4"
3553,fine-tuned,"4,3,1"
3554,fine-tuned,"2,9,4"
3555,fine-tuned,"7,3,3"
3556,fine-tuned,"1,8,9"
3557,fine-tuned,"9,1,6"
3558,fine-tuned,"7,2,6"
3559,fine-tuned,"3,7,9"
3560,fine-tuned,"6,2,9"
3561,fine-tuned,"2,4,3"
3562,fine-tuned,"1,2,8"
3563,fine-tuned,"2,8,9"
3564,fine-tuned,"8,1,5"
3565,fine-tuned,"3,6,4"
3566,fine-tuned,"1,9,4"
3567,fine-tuned,"5,3,7"
3568,fine-tuned,"8,2,2"
3569,fine-tuned,"8,7,2"
3570,fine-tuned,"8,1,3"
3571,fine-tuned,"5,2,8"
3572,fine-tuned,"8,4,5"
3573,fine-tuned,"7,8,5"
3574,fine-tuned,"7,6,4"
3575,fine-tuned,"2,1,1"
3576,fine-tuned,"2,8,8"
3577,fine-tuned,"4,1,2"
3578,fine-tuned,"9,4,8"
3579,fine-tuned,"8,8,3"
3580,fine-tuned,"8,6,1"
3581,fine-tuned,"9,6,9"
3582,fine-tuned,"4,7,1"
3583,fine-tuned,"7,7,3"
3584,fine-tuned,"5,6,4"
3585,fine-tuned,"3,4,7"
3586,fine-tuned,"4,2,3"
3587,fine-tuned,"3,6,2"
3588,fine-tuned,"8,3,4"
3589,fine-tuned,"1,3,3"
3590,fine-tuned,"2,7,3"
3591,fine-tuned,"2,1,3"
3592,fine-tuned,"8,6,4"
3593,fine-tuned,"1,7,5"
3594,fine-tuned,"4,1,1"
3595,fine-tuned,"9,1,8"
3596,fine-tuned,"4,3,7"
3597,fine-tuned,"4,6,9"
3598,fine-tuned,"7,2,7"
3599,fine-tuned,"5,7,6"
3600,fine-tuned,"8,9,3"
3601,fine-tuned,"4,8,9"
3602,fine-tuned,"6,4,2"
3603,fine-tuned,"9,4,7"
3604,fine-tuned,"3,6,3"
3605,fine-tuned,"8,9,6"
3606,fine-tuned,"2,5,4"
3607,fine-tuned,"6,3,5"
3608,fine-tuned,"7,3,5"
3609,fine-tuned,"3,2,3"
3610,fine-tuned,"3,6,8"
3611,fine-tuned,"7,5,3"
3612,fine-tuned,"5,5,8"
3613,fine-tuned,"3,7,6"
3614,fine-tuned,"5,2,9"
3615,fine-tuned,"4,1,4"
3616,fine-tuned,"2,1,4"
3617,fine-tuned,"2,6,5"
3618,fine-tuned,"4,8,7"
3619,fine-tuned,"8,9,6"
3620,fine-tuned,"8,9,1"
3621,fine-tuned,"1,1,4"
3622,fine-tuned,"6,4,6"
3623,fine-tuned,"8,5,7"
3624,fine-tuned,"1,6,6"
3625,fine-tuned,"7,1,9"
3626,fine-tuned,"6,8,9"
3627,fine-tuned,"5,6,2"
3628,fine-tuned,"6,5,7"
3629,fine-tuned,"1,9,6"
3630,fine-tuned,"3,2,6"
3631,fine-tuned,"5,1,4"
3632,fine-tuned,"6,1,5"
3633,fine-tuned,"3,4,2"
3634,fine-tuned,"8,5,1"
3635,fine-tuned,"3,7,8"
3636,fine-tuned,"2,3,4"
3637,fine-tuned,"8,4,1"
3638,fine-tuned,"1,3,9"
3639,fine-tuned,"6,5,4"
3640,fine-tuned,"7,6,2"
3641,fine-tuned,"9,2,8"
3642,fine-tuned,"3,1,4"
3643,fine-tuned,"3,7,2"
3644,fine-tuned,"2,9,5"
3645,fine-tuned,"1,1,2"
3646,fine-tuned,"1,6,8"
3647,fine-tuned,"8,4,4"
3648,fine-tuned,"3,3,6"
3649,fine-tuned,"5,4,8"
3650,fine-tuned,"3,4,6"
3651,fine-tuned,"7,5,3"
3652,fine-tuned,"4,1,2"
3653,fine-tuned,"8,1,9"
3654,fine-tuned,"2,3,7"
3655,fine-tuned,"8,9,8"
3656,fine-tuned,"9,4,3"
3657,fine-tuned,"8,3,7"
3658,fine-tuned,"5,6,4"
3659,fine-tuned,"1,8,9"
3660,fine-tuned,"3,7,8"
3661,fine-tuned,"3,9,3"
3662,fine-tuned,"3,1,3"
3663,fine-tuned,"5,5,9"
3664,fine-tuned,"6,5,2"
3665,fine-tuned,"3,1,3"
3666,fine-tuned,"9,6,4"
3667,fine-tuned,"5,8,8"
3668,fine-tuned,"7,9,8"
3669,fine-tuned,"1,6,8"
3670,fine-tuned,"1,5,3"
3671,fine-tuned,"1,5,5"
3672,fine-tuned,"8,6,6"
3673,fine-tuned,"3,6,1"
3674,fine-tuned,"5,9,9"
3675,fine-tuned,"9,7,3"
3676,fine-tuned,"9,7,5"
3677,fine-tuned,"1,7,8"
3678,fine-tuned,"9,3,3"
3679,fine-tuned,"5,9,5"
3680,fine-tuned,"5,7,1"
3681,fine-tuned,"7,8,1"
3682,fine-tuned,"7,1,1"
3683,fine-tuned,"9,3,2"
3684,fine-tuned,"1,1,1"
3685,fine-tuned,"4,9,3"
3686,fine-tuned,"4,5,3"
3687,fine-tuned,"5,5,7"
3688,fine-tuned,"8,8,3"
3689,fine-tuned,"6,4,5"
3690,fine-tuned,"7,6,5"
3691,fine-tuned,"2,6,4"
3692,fine-tuned,"2,5,8"
3693,fine-tuned,"9,7,8"
3694,fine-tuned,"7,1,7"
3695,fine-tuned,"7,3,4"
3696,fine-tuned,"4,6,1"
3697,fine-tuned,"7,9,1"
3698,fine-tuned,"6,1,6"
3699,fine-tuned,"1,1,9"
3700,fine-tuned,"3,4,1"
3701,fine-tuned,"4,9,8"
3702,fine-tuned,"7,2,3"
3703,fine-tuned,"3,6,2"
3704,fine-tuned,"8,6,7"
3705,fine-tuned,"9,9,6"
3706,fine-tuned,"1,8,2"
3707,fine-tuned,"3,8,1"
3708,fine-tuned,"4,9,7"
3709,fine-tuned,"4,2,4"
3710,fine-tuned,"7,4,8"
3711,fine-tuned,"8,5,1"
3712,fine-tuned,"8,1,7"
3713,fine-tuned,"4,1,1"
3714,fine-tuned,"1,4,7"
3715,fine-tuned,"9,6,5"
3716,fine-tuned,"8,2,9"
3717,fine-tuned,"8,2,4"
3718,fine-tuned,"9,1,9"
3719,fine-tuned,"2,9,2"
3720,fine-tuned,"8,7,2"
3721,fine-tuned,"7,6,4"
3722,fine-tuned,"3,1,1"
3723,fine-tuned,"3,9,5"
3724,fine-tuned,"1,1,8"
3725,fine-tuned,"5,2,1"
3726,fine-tuned,"2,3,8"
3727,fine-tuned,"8,1,7"
3728,fine-tuned,"8,6,9"
3729,fine-tuned,"4,1,9"
3730,fine-tuned,"1,5,6"
3731,fine-tuned,"5,1,2"
3732,fine-tuned,"7,8,1"
3733,fine-tuned,"8,1,1"
3734,fine-tuned,"5,6,9"
3735,fine-tuned,"3,3,8"
3736,fine-tuned,"1,3,7"
3737,fine-tuned,"6,5,5"
3738,fine-tuned,"8,2,1"
3739,fine-tuned,"9,6,4"
3740,fine-tuned,"8,8,4"
3741,fine-tuned,"4,8,3"
3742,fine-tuned,"2,4,7"
3743,fine-tuned,"7,3,1"
3744,fine-tuned,"5,1,7"
3745,fine-tuned,"4,2,2"
3746,fine-tuned,"2,2,8"
3747,fine-tuned,"5,1,5"
3748,fine-tuned,"1,5,8"
3749,fine-tuned,"9,5,6"
3750,fine-tuned,"7,2,1"
3751,fine-tuned,"3,5,8"
3752,fine-tuned,"3,6,7"
3753,fine-tuned,"2,3,8"
3754,fine-tuned,"9,7,8"
3755,fine-tuned,"8,6,5"
3756,fine-tuned,"3,7,3"
3757,fine-tuned,"4,5,8"
3758,fine-tuned,"1,9,4"
3759,fine-tuned,"6,7,5"
3760,fine-tuned,"9,9,2"
3761,fine-tuned,"4,1,4"
3762,fine-tuned,"4,8,1"
3763,fine-tuned,"8,6,6"
3764,fine-tuned,"8,7,2"
3765,fine-tuned,"5,9,5"
3766,fine-tuned,"9,4,6"
3767,fine-tuned,"5,8,5"
3768,fine-tuned,"3,4,7"
3769,fine-tuned,"8,1,6"
3770,fine-tuned,"7,3,6"
3771,fine-tuned,"4,7,4"
3772,fine-tuned,"1,6,4"
3773,fine-tuned,"1,7,7"
3774,fine-tuned,"1,5,2"
3775,fine-tuned,"1,2,1"
3776,fine-tuned,"5,6,2"
3777,fine-tuned,"7,4,9"
3778,fine-tuned,"1,7,9"
3779,fine-tuned,"9,4,4"
3780,fine-tuned,"6,8,1"
3781,fine-tuned,"8,3,8"
3782,fine-tuned,"8,2,8"
3783,fine-tuned,"9,7,3"
3784,fine-tuned,"7,9,5"
3785,fine-tuned,"8,9,4"
3786,fine-tuned,"9,3,6"
3787,fine-tuned,"7,7,8"
3788,fine-tuned,"1,4,7"
3789,fine-tuned,"3,5,8"
3790,fine-tuned,"2,7,4"
3791,fine-tuned,"1,5,3"
3792,fine-tuned,"8,7,5"
3793,fine-tuned,"6,1,4"
3794,fine-tuned,"4,3,1"
3795,fine-tuned,"4,6,9"
3796,fine-tuned,"5,8,2"
3797,fine-tuned,"6,1,2"
3798,fine-tuned,"3,1,1"
3799,fine-tuned,"7,8,4"
3800,fine-tuned,"6,8,1"
3801,fine-tuned,"2,8,6"
3802,fine-tuned,"8,9,5"
3803,fine-tuned,"6,7,3"
3804,fine-tuned,"2,7,9"
3805,fine-tuned,"8,7,8"
3806,fine-tuned,"2,9,6"
3807,fine-tuned,"4,8,3"
3808,fine-tuned,"9,8,9"
3809,fine-tuned,"1,5,3"
3810,fine-tuned,"8,4,8"
3811,fine-tuned,"4,2,5"
3812,fine-tuned,"3,8,2"
3813,fine-tuned,"3,4,6"
3814,fine-tuned,"5,9,3"
3815,fine-tuned,"5,3,5"
3816,fine-tuned,"3,8,8"
3817,fine-tuned,"9,1,8"
3818,fine-tuned,"3,8,8"
3819,fine-tuned,"6,1,1"
3820,fine-tuned,"1,8,4"
3821,fine-tuned,"1,9,8"
3822,fine-tuned,"9,9,5"
3823,fine-tuned,"6,4,9"
3824,fine-tuned,"9,4,6"
3825,fine-tuned,"7,9,1"
3826,fine-tuned,"8,8,5"
3827,fine-tuned,"4,7,1"
3828,fine-tuned,"2,2,9"
3829,fine-tuned,"9,5,7"
3830,fine-tuned,"4,8,1"
3831,fine-tuned,"4,8,1"
3832,fine-tuned,"9,4,2"
3833,fine-tuned,"6,2,1"
3834,fine-tuned,"3,9,9"
3835,fine-tuned,"8,4,2"
3836,fine-tuned,"2,7,2"
3837,fine-tuned,"3,7,7"
3838,fine-tuned,"9,5,9"
3839,fine-tuned,"5,2,4"
3840,fine-tuned,"8,6,3"
3841,fine-tuned,"5,4,9"
3842,fine-tuned,"5,9,7"
3843,fine-tuned,"6,8,3"
3844,fine-tuned,"4,3,2"
3845,fine-tuned,"5,3,4"
3846,fine-tuned,"1,1,2"
3847,fine-tuned,"8,3,3"
3848,fine-tuned,"6,6,3"
3849,fine-tuned,"6,2,5"
3850,fine-tuned,"5,2,5"
3851,fine-tuned,"8,7,2"
3852,fine-tuned,"4,9,7"
3853,fine-tuned,"2,1,2"
3854,fine-tuned,"1,8,3"
3855,fine-tuned,"6,3,1"
3856,fine-tuned,"5,6,2"
3857,fine-tuned,"4,4,1"
3858,fine-tuned,"1,7,8"
3859,fine-tuned,"8,1,5"
3860,fine-tuned,"1,9,5"
3861,fine-tuned,"4,1,2"
3862,fine-tuned,"2,5,5"
3863,fine-tuned,"5,2,3"
3864,fine-tuned,"4,1,1"
3865,fine-tuned,"4,1,8"
3866,fine-tuned,"6,3,8"
3867,fine-tuned,"5,8,1"
3868,fine-tuned,"6,1,4"
3869,fine-tuned,"9,5,7"
3870,fine-tuned,"2,1,9"
3871,fine-tuned,"8,1,5"
3872,fine-tuned,"4,1,4"
3873,fine-tuned,"6,7,5"
3874,fine-tuned,"8,3,6"
3875,fine-tuned,"1,5,9"
3876,fine-tuned,"8,5,9"
3877,fine-tuned,"2,4,1"
3878,fine-tuned,"6,7,4"
3879,fine-tuned,"3,1,3"
3880,fine-tuned,"3,8,1"
3881,fine-tuned,"2,6,9"
3882,fine-tuned,"8,5,7"
3883,fine-tuned,"9,4,8"
3884,fine-tuned,"9,1,5"
3885,fine-tuned,"1,9,6"
3886,fine-tuned,"1,7,3"
3887,fine-tuned,"4,9,9"
3888,fine-tuned,"5,3,6"
3889,fine-tuned,"9,4,6"
3890,fine-tuned,"8,4,9"
3891,fine-tuned,"1,9,1"
3892,fine-tuned,"1,6,8"
3893,fine-tuned,"5,6,7"
3894,fine-tuned,"8,8,4"
3895,fine-tuned,"7,2,1"
3896,fine-tuned,"7,8,1"
3897,fine-tuned,"8,1,3"
3898,fine-tuned,"7,5,1"
3899,fine-tuned,"8,8,3"
3900,fine-tuned,"2,9,3"
3901,fine-tuned,"2,8,7"
3902,fine-tuned,"6,5,2"
3903,fine-tuned,"2,6,9"
3904,fine-tuned,"4,3,9"
3905,fine-tuned,"5,2,8"
3906,fine-tuned,"2,3,8"
3907,fine-tuned,"7,8,3"
3908,fine-tuned,"5,5,6"
3909,fine-tuned,"1,9,2"
3910,fine-tuned,"8,9,2"
3911,fine-tuned,"4,8,3"
3912,fine-tuned,"5,1,2"
3913,fine-tuned,"7,9,3"
3914,fine-tuned,"9,4,7"
3915,fine-tuned,"8,8,8"
3916,fine-tuned,"2,4,9"
3917,fine-tuned,"9,1,7"
3918,fine-tuned,"6,3,8"
3919,fine-tuned,"8,5,8"
3920,fine-tuned,"5,6,9"
3921,fine-tuned,"4,9,2"
3922,fine-tuned,"9,7,9"
3923,fine-tuned,"7,8,5"
3924,fine-tuned,"4,2,9"
3925,fine-tuned,"4,3,2"
3926,fine-tuned,"2,4,5"
3927,fine-tuned,"1,5,6"
3928,fine-tuned,"7,4,3"
3929,fine-tuned,"6,8,4"
3930,fine-tuned,"4,8,2"
3931,fine-tuned,"4,3,4"
3932,fine-tuned,"3,1,6"
3933,fine-tuned,"3,6,5"
3934,fine-tuned,"5,8,5"
3935,fine-tuned,"7,8,9"
3936,fine-tuned,"9,4,4"
3937,fine-tuned,"3,2,4"
3938,fine-tuned,"1,2,8"
3939,fine-tuned,"7,5,9"
3940,fine-tuned,"1,8,2"
3941,fine-tuned,"7,5,1"
3942,fine-tuned,"8,6,3"
3943,fine-tuned,"8,2,3"
3944,fine-tuned,"8,7,6"
3945,fine-tuned,"4,7,5"
3946,fine-tuned,"5,6,7"
3947,fine-tuned,"2,5,9"
3948,fine-tuned,"3,9,3"
3949,fine-tuned,"7,6,7"
3950,fine-tuned,"2,7,9"
3951,fine-tuned,"8,6,3"
3952,fine-tuned,"1,8,5"
3953,fine-tuned,"3,4,1"
3954,fine-tuned,"8,9,7"
3955,fine-tuned,"8,7,9"
3956,fine-tuned,"3,8,9"
3957,fine-tuned,"8,2,8"
3958,fine-tuned,"4,8,4"
3959,fine-tuned,"2,2,7"
3960,fine-tuned,"6,9,6"
3961,fine-tuned,"7,3,8"
3962,fine-tuned,"6,4,7"
3963,fine-tuned,"3,6,5"
3964,fine-tuned,"8,9,7"
3965,fine-tuned,"6,4,1"
3966,fine-tuned,"8,2,2"
3967,fine-tuned,"3,6,8"
3968,fine-tuned,"4,9,1"
3969,fine-tuned,"4,5,1"
3970,fine-tuned,"8,5,8"
3971,fine-tuned,"6,2,3"
3972,fine-tuned,"5,4,5"
3973,fine-tuned,"4,4,8"
3974,fine-tuned,"2,5,9"
3975,fine-tuned,"8,9,4"
3976,fine-tuned,"5,4,1"
3977,fine-tuned,"1,7,6"
3978,fine-tuned,"4,8,6"
3979,fine-tuned,"4,2,9"
3980,fine-tuned,"5,5,9"
3981,fine-tuned,"7,7,4"
3982,fine-tuned,"8,9,1"
3983,fine-tuned,"3,6,5"
3984,fine-tuned,"1,2,4"
3985,fine-tuned,"3,6,2"
3986,fine-tuned,"1,4,8"
3987,fine-tuned,"4,4,9"
3988,fine-tuned,"1,2,2"
3989,fine-tuned,"7,4,9"
3990,fine-tuned,"1,3,4"
3991,fine-tuned,"6,9,5"
3992,fine-tuned,"3,2,5"
3993,fine-tuned,"9,6,9"
3994,fine-tuned,"6,9,1"
3995,fine-tuned,"8,3,6"
3996,fine-tuned,"8,7,7"
3997,fine-tuned,"3,1,8"
3998,fine-tuned,"2,6,7"
3999,fine-tuned,"9,2,7"
4000,fine-tuned,"3,4,4"
4001,fine-tuned,"7,1,3"
4002,fine-tuned,"6,3,8"
4003,fine-tuned,"8,9,7"
4004,fine-tuned,"8,5,4"
4005,fine-tuned,"1,6,4"
4006,fine-tuned,"4,8,5"
4007,fine-tuned,"5,2,1"
4008,fine-tuned,"5,6,6"
4009,fine-tuned,"3,8,4"
4010,fine-tuned,"3,3,7"
4011,fine-tuned,"6,5,5"
4012,fine-tuned,"5,5,2"
4013,fine-tuned,"8,8,8"
4014,fine-tuned,"4,3,3"
4015,fine-tuned,"1,1,6"
4016,fine-tuned,"9,7,1"
4017,fine-tuned,"4,4,3"
4018,fine-tuned,"7,1,9"
4019,fine-tuned,"4,5,5"
4020,fine-tuned,"4,2,7"
4021,fine-tuned,"7,2,8"
4022,fine-tuned,"4,8,9"
4023,fine-tuned,"1,4,1"
4024,fine-tuned,"3,1,1"
4025,fine-tuned,"9,9,2"
4026,fine-tuned,"9,7,3"
4027,fine-tuned,"2,8,2"
4028,fine-tuned,"9,3,1"
4029,fine-tuned,"5,7,7"
4030,fine-tuned,"8,2,2"
4031,fine-tuned,"8,7,2"
4032,fine-tuned,"6,8,7"
4033,fine-tuned,"1,6,1"
4034,fine-tuned,"9,5,9"
4035,fine-tuned,"4,5,8"
4036,fine-tuned,"5,4,3"
4037,fine-tuned,"8,3,4"
4038,fine-tuned,"4,1,2"
4039,fine-tuned,"1,3,3"
4040,fine-tuned,"7,1,2"
4041,fine-tuned,"8,6,1"
4042,fine-tuned,"6,3,4"
4043,fine-tuned,"2,5,7"
4044,fine-tuned,"6,3,6"
4045,fine-tuned,"1,1,6"
4046,fine-tuned,"1,1,3"
4047,fine-tuned,"2,3,7"
4048,fine-tuned,"7,4,6"
4049,fine-tuned,"1,1,8"
4050,fine-tuned,"7,2,3"
4051,fine-tuned,"9,9,3"
4052,fine-tuned,"2,8,6"
4053,fine-tuned,"9,3,5"
4054,fine-tuned,"9,9,1"
4055,fine-tuned,"5,5,9"
4056,fine-tuned,"4,9,7"
4057,fine-tuned,"5,3,2"
4058,fine-tuned,"2,7,3"
4059,fine-tuned,"8,8,3"
4060,fine-tuned,"2,4,2"
4061,fine-tuned,"8,5,7"
4062,fine-tuned,"4,6,5"
4063,fine-tuned,"7,7,4"
4064,fine-tuned,"9,2,7"
4065,fine-tuned,"5,3,9"
4066,fine-tuned,"8,5,7"
4067,fine-tuned,"5,5,6"
4068,fine-tuned,"9,1,8"
4069,fine-tuned,"2,2,4"
4070,fine-tuned,"9,3,3"
4071,fine-tuned,"1,3,2"
4072,fine-tuned,"6,9,3"
4073,fine-tuned,"9,2,9"
4074,fine-tuned,"8,9,1"
4075,fine-tuned,"5,2,1"
4076,fine-tuned,"8,7,7"
4077,fine-tuned,"3,5,2"
4078,fine-tuned,"1,6,3"
4079,fine-tuned,"4,3,5"
4080,fine-tuned,"4,7,3"
4081,fine-tuned,"9,2,6"
4082,fine-tuned,"9,5,8"
4083,fine-tuned,"2,5,2"
4084,fine-tuned,"1,6,9"
4085,fine-tuned,"3,4,7"
4086,fine-tuned,"6,2,9"
4087,fine-tuned,"4,3,8"
4088,fine-tuned,"7,5,1"
4089,fine-tuned,"1,1,7"
4090,fine-tuned,"8,9,5"
4091,fine-tuned,"2,7,1"
4092,fine-tuned,"6,4,3"
4093,fine-tuned,"1,5,5"
4094,fine-tuned,"2,2,1"
4095,fine-tuned,"9,3,9"
4096,fine-tuned,"2,3,9"
4097,fine-tuned,"8,6,8"
4098,fine-tuned,"3,5,5"
4099,fine-tuned,"4,7,3"
4100,fine-tuned,"3,1,2"
4101,fine-tuned,"2,9,5"
4102,fine-tuned,"8,2,6"
4103,fine-tuned,"7,6,7"
4104,fine-tuned,"9,8,1"
4105,fine-tuned,"6,8,9"
4106,fine-tuned,"9,1,4"
4107,fine-tuned,"5,4,2"
4108,fine-tuned,"7,8,4"
4109,fine-tuned,"7,9,1"
4110,fine-tuned,"7,8,8"
4111,fine-tuned,"1,3,2"
4112,fine-tuned,"4,4,2"
4113,fine-tuned,"4,1,9"
4114,fine-tuned,"8,9,2"
4115,fine-tuned,"7,9,7"
4116,fine-tuned,"7,2,7"
4117,fine-tuned,"9,9,7"
4118,fine-tuned,"8,7,3"
4119,fine-tuned,"8,4,4"
4120,fine-tuned,"8,3,6"
4121,fine-tuned,"8,3,7"
4122,fine-tuned,"9,7,7"
4123,fine-tuned,"4,3,6"
4124,fine-tuned,"3,5,3"
4125,fine-tuned,"9,2,1"
4126,fine-tuned,"9,9,7"
4127,fine-tuned,"4,6,8"
4128,fine-tuned,"1,4,8"
4129,fine-tuned,"2,1,1"
4130,fine-tuned,"5,6,3"
4131,fine-tuned,"2,6,4"
4132,fine-tuned,"6,4,7"
4133,fine-tuned,"7,5,6"
4134,fine-tuned,"2,9,8"
4135,fine-tuned,"9,9,1"
4136,fine-tuned,"6,6,3"
4137,fine-tuned,"9,3,1"
4138,fine-tuned,"3,6,1"
4139,fine-tuned,"8,9,8"
4140,fine-tuned,"8,4,6"
4141,fine-tuned,"6,6,1"
4142,fine-tuned,"3,9,3"
4143,fine-tuned,"6,2,8"
4144,fine-tuned,"6,9,6"
4145,fine-tuned,"8,8,2"
4146,fine-tuned,"4,8,9"
4147,fine-tuned,"3,2,7"
4148,fine-tuned,"6,5,3"
4149,fine-tuned,"2,2,1"
4150,fine-tuned,"3,9,1"
4151,fine-tuned,"3,7,7"
4152,fine-tuned,"4,5,1"
4153,fine-tuned,"3,3,9"
4154,fine-tuned,"7,1,1"
4155,fine-tuned,"4,4,1"
4156,fine-tuned,"9,2,7"
4157,fine-tuned,"5,3,6"
4158,fine-tuned,"4,2,1"
4159,fine-tuned,"3,9,1"
4160,fine-tuned,"5,7,4"
4161,fine-tuned,"1,1,3"
4162,fine-tuned,"8,1,2"
4163,fine-tuned,"6,1,6"
4164,fine-tuned,"1,2,7"
4165,fine-tuned,"9,3,8"
4166,fine-tuned,"7,3,4"
4167,fine-tuned,"5,2,5"
4168,fine-tuned,"4,7,3"
4169,fine-tuned,"1,6,5"
4170,fine-tuned,"5,6,1"
4171,fine-tuned,"3,9,2"
4172,fine-tuned,"8,5,6"
4173,fine-tuned,"8,2,8"
4174,fine-tuned,"9,8,9"
4175,fine-tuned,"7,6,8"
4176,fine-tuned,"4,3,4"
4177,fine-tuned,"9,5,2"
4178,fine-tuned,"8,6,8"
4179,fine-tuned,"2,8,9"
4180,fine-tuned,"5,8,8"
4181,fine-tuned,"2,1,5"
4182,fine-tuned,"5,3,8"
4183,fine-tuned,"1,6,4"
4184,fine-tuned,"3,2,8"
4185,fine-tuned,"3,8,1"
4186,fine-tuned,"5,5,5"
4187,fine-tuned,"6,1,2"
4188,fine-tuned,"3,1,3"
4189,fine-tuned,"4,3,3"
4190,fine-tuned,"7,9,7"
4191,fine-tuned,"6,5,8"
4192,fine-tuned,"3,1,7"
4193,fine-tuned,"5,3,1"
4194,fine-tuned,"6,1,6"
4195,fine-tuned,"4,3,4"
4196,fine-tuned,"5,5,6"
4197,fine-tuned,"9,1,3"
4198,fine-tuned,"4,1,1"
4199,fine-tuned,"4,8,1"
4200,fine-tuned,"8,2,5"
4201,fine-tuned,"1,4,1"
4202,fine-tuned,"6,3,4"
4203,fine-tuned,"6,2,1"
4204,fine-tuned,"4,2,7"
4205,fine-tuned,"3,4,8"
4206,fine-tuned,"7,5,3"
4207,fine-tuned,"2,1,8"
4208,fine-tuned,"8,5,5"
4209,fine-tuned,"8,2,5"
4210,fine-tuned,"2,5,2"
4211,fine-tuned,"9,4,5"
4212,fine-tuned,"9,3,3"
4213,fine-tuned,"1,6,9"
4214,fine-tuned,"5,4,8"
4215,fine-tuned,"9,4,9"
4216,fine-tuned,"8,6,7"
4217,fine-tuned,"5,1,9"
4218,fine-tuned,"3,6,3"
4219,fine-tuned,"9,5,7"
4220,fine-tuned,"7,9,6"
4221,fine-tuned,"2,1,8"
4222,fine-tuned,"3,6,1"
4223,fine-tuned,"2,5,9"
4224,fine-tuned,"5,6,7"
4225,fine-tuned,"7,8,1"
4226,fine-tuned,"7,1,1"
4227,fine-tuned,"9,4,1"
4228,fine-tuned,"6,6,7"
4229,fine-tuned,"1,8,9"
4230,fine-tuned,"6,4,3"
4231,fine-tuned,"2,3,9"
4232,fine-tuned,"9,6,7"
4233,fine-tuned,"6,4,8"
4234,fine-tuned,"8,9,4"
4235,fine-tuned,"9,9,1"
4236,fine-tuned,"3,1,5"
4237,fine-tuned,"9,6,6"
4238,fine-tuned,"5,2,1"
4239,fine-tuned,"1,3,9"
4240,fine-tuned,"9,2,5"
4241,fine-tuned,"7,1,8"
4242,fine-tuned,"4,8,9"
4243,fine-tuned,"5,5,2"
4244,fine-tuned,"6,5,9"
4245,fine-tuned,"1,9,9"
4246,fine-tuned,"9,9,1"
4247,fine-tuned,"6,4,1"
4248,fine-tuned,"4,1,2"
4249,fine-tuned,"8,8,2"
4250,fine-tuned,"8,4,7"
4251,fine-tuned,"9,7,8"
4252,fine-tuned,"3,4,3"
4253,fine-tuned,"1,1,7"
4254,fine-tuned,"9,5,8"
4255,fine-tuned,"2,2,2"
4256,fine-tuned,"1,7,9"
4257,fine-tuned,"1,8,6"
4258,fine-tuned,"1,7,5"
4259,fine-tuned,"7,1,8"
4260,fine-tuned,"3,6,7"
4261,fine-tuned,"8,7,2"
4262,fine-tuned,"4,3,4"
4263,fine-tuned,"1,2,2"
4264,fine-tuned,"4,2,7"
4265,fine-tuned,"8,2,9"
4266,fine-tuned,"3,5,5"
4267,fine-tuned,"8,9,9"
4268,fine-tuned,"8,6,9"
4269,fine-tuned,"7,4,6"
4270,fine-tuned,"4,8,1"
4271,fine-tuned,"7,1,4"
4272,fine-tuned,"9,8,9"
4273,fine-tuned,"9,9,9"
4274,fine-tuned,"7,4,3"
4275,fine-tuned,"7,4,7"
4276,fine-tuned,"2,5,5"
4277,fine-tuned,"8,3,7"
4278,fine-tuned,"1,3,5"
4279,fine-tuned,"1,6,7"
4280,fine-tuned,"7,7,1"
4281,fine-tuned,"9,4,7"
4282,fine-tuned,"1,7,5"
4283,fine-tuned,"1,3,8"
4284,fine-tuned,"5,2,6"
4285,fine-tuned,"1,5,1"
4286,fine-tuned,"6,2,2"
4287,fine-tuned,"1,3,4"
4288,fine-tuned,"2,1,1"
4289,fine-tuned,"5,5,6"
4290,fine-tuned,"8,3,3"
4291,fine-tuned,"8,2,5"
4292,fine-tuned,"4,5,1"
4293,fine-tuned,"2,3,1"
4294,fine-tuned,"8,7,5"
4295,fine-tuned,"8,5,1"
4296,fine-tuned,"1,6,2"
4297,fine-tuned,"4,6,4"
4298,fine-tuned,"1,1,4"
4299,fine-tuned,"7,7,8"
4300,fine-tuned,"1,1,1"
4301,fine-tuned,"1,6,7"
4302,fine-tuned,"6,2,1"
4303,fine-tuned,"1,7,1"
4304,fine-tuned,"5,9,8"
4305,fine-tuned,"6,8,5"
4306,fine-tuned,"1,2,8"
4307,fine-tuned,"6,7,7"
4308,fine-tuned,"3,9,6"
4309,fine-tuned,"9,9,2"
4310,fine-tuned,"7,2,6"
4311,fine-tuned,"7,6,7"
4312,fine-tuned,"1,2,6"
4313,fine-tuned,"2,9,3"
4314,fine-tuned,"1,9,2"
4315,fine-tuned,"9,5,4"
4316,fine-tuned,"9,1,7"
4317,fine-tuned,"7,4,4"
4318,fine-tuned,"4,6,8"
4319,fine-tuned,"3,5,1"
4320,fine-tuned,"5,6,7"
4321,fine-tuned,"3,7,4"
4322,fine-tuned,"2,4,4"
4323,fine-tuned,"8,4,6"
4324,fine-tuned,"9,1,6"
4325,fine-tuned,"3,7,3"
4326,fine-tuned,"1,1,3"
4327,fine-tuned,"8,4,3"
4328,fine-tuned,"3,2,8"
4329,fine-tuned,"2,2,6"
4330,fine-tuned,"7,2,1"
4331,fine-tuned,"8,6,5"
4332,fine-tuned,"9,1,2"
4333,fine-tuned,"4,5,9"
4334,fine-tuned,"4,3,7"
4335,fine-tuned,"5,8,8"
4336,fine-tuned,"1,8,5"
4337,fine-tuned,"8,7,3"
4338,fine-tuned,"2,6,3"
4339,fine-tuned,"4,8,7"
4340,fine-tuned,"7,6,8"
4341,fine-tuned,"9,2,6"
4342,fine-tuned,"4,9,2"
4343,fine-tuned,"9,4,1"
4344,fine-tuned,"5,4,3"
4345,fine-tuned,"1,6,6"
4346,fine-tuned,"5,6,6"
4347,fine-tuned,"2,4,2"
4348,fine-tuned,"9,7,5"
4349,fine-tuned,"9,3,4"
4350,fine-tuned,"8,8,1"
4351,fine-tuned,"1,4,6"
4352,fine-tuned,"8,5,8"
4353,fine-tuned,"8,7,5"
4354,fine-tuned,"4,5,7"
4355,fine-tuned,"5,7,5"
4356,fine-tuned,"9,7,2"
4357,fine-tuned,"8,2,7"
4358,fine-tuned,"5,2,2"
4359,fine-tuned,"1,8,5"
4360,fine-tuned,"1,3,4"
4361,fine-tuned,"2,3,9"
4362,fine-tuned,"7,7,1"
4363,fine-tuned,"8,9,3"
4364,fine-tuned,"5,1,5"
4365,fine-tuned,"1,2,5"
4366,fine-tuned,"1,7,1"
4367,fine-tuned,"7,8,8"
4368,fine-tuned,"5,2,9"
4369,fine-tuned,"6,5,1"
4370,fine-tuned,"6,2,9"
4371,fine-tuned,"1,5,3"
4372,fine-tuned,"7,9,1"
4373,fine-tuned,"1,5,7"
4374,fine-tuned,"4,2,6"
4375,fine-tuned,"5,4,8"
4376,fine-tuned,"8,4,8"
4377,fine-tuned,"9,6,7"
4378,fine-tuned,"8,2,1"
4379,fine-tuned,"1,2,2"
4380,fine-tuned,"2,4,5"
4381,fine-tuned,"9,7,2"
4382,fine-tuned,"6,5,6"
4383,fine-tuned,"2,7,3"
4384,fine-tuned,"2,2,8"
4385,fine-tuned,"1,3,6"
4386,fine-tuned,"9,5,1"
4387,fine-tuned,"4,2,7"
4388,fine-tuned,"9,9,2"
4389,fine-tuned,"9,8,9"
4390,fine-tuned,"1,1,6"
4391,fine-tuned,"6,4,3"
4392,fine-tuned,"8,1,3"
4393,fine-tuned,"7,6,7"
4394,fine-tuned,"6,4,3"
4395,fine-tuned,"3,9,6"
4396,fine-tuned,"8,9,4"
4397,fine-tuned,"5,9,3"
4398,fine-tuned,"1,9,1"
4399,fine-tuned,"7,7,6"
4400,fine-tuned,"6,9,9"
4401,fine-tuned,"1,2,4"
4402,fine-tuned,"2,8,5"
4403,fine-tuned,"9,7,9"
4404,fine-tuned,"9,4,5"
4405,fine-tuned,"9,8,7"
4406,fine-tuned,"1,7,3"
4407,fine-tuned,"5,3,7"
4408,fine-tuned,"5,8,9"
4409,fine-tuned,"7,2,7"
4410,fine-tuned,"5,4,6"
4411,fine-tuned,"8,2,7"
4412,fine-tuned,"8,1,2"
4413,fine-tuned,"5,9,3"
4414,fine-tuned,"3,9,9"
4415,fine-tuned,"3,7,1"
4416,fine-tuned,"9,8,2"
4417,fine-tuned,"8,5,2"
4418,fine-tuned,"8,4,7"
4419,fine-tuned,"8,9,5"
4420,fine-tuned,"4,9,8"
4421,fine-tuned,"9,8,2"
4422,fine-tuned,"9,8,3"
4423,fine-tuned,"8,7,1"
4424,fine-tuned,"9,3,6"
4425,fine-tuned,"5,5,4"
4426,fine-tuned,"7,6,6"
4427,fine-tuned,"1,5,3"
4428,fine-tuned,"6,9,1"
4429,fine-tuned,"3,2,4"
4430,fine-tuned,"4,9,9"
4431,fine-tuned,"6,5,2"
4432,fine-tuned,"6,1,1"
4433,fine-tuned,"4,4,4"
4434,fine-tuned,"2,6,6"
4435,fine-tuned,"6,2,7"
4436,fine-tuned,"3,8,6"
4437,fine-tuned,"8,2,8"
4438,fine-tuned,"9,2,8"
4439,fine-tuned,"8,7,1"
4440,fine-tuned,"1,5,1"
4441,fine-tuned,"5,5,3"
4442,fine-tuned,"3,6,2"
4443,fine-tuned,"1,4,9"
4444,fine-tuned,"2,9,4"
4445,fine-tuned,"8,4,9"
4446,fine-tuned,"5,3,6"
4447,fine-tuned,"1,2,4"
4448,fine-tuned,"1,7,1"
4449,fine-tuned,"6,2,2"
4450,fine-tuned,"9,1,4"
4451,fine-tuned,"8,2,8"
4452,fine-tuned,"6,9,4"
4453,fine-tuned,"6,8,2"
4454,fine-tuned,"6,3,9"
4455,fine-tuned,"6,4,5"
4456,fine-tuned,"7,8,7"
4457,fine-tuned,"9,2,3"
4458,fine-tuned,"5,7,3"
4459,fine-tuned,"2,7,6"
4460,fine-tuned,"3,6,6"
4461,fine-tuned,"6,8,1"
4462,fine-tuned,"6,7,5"
4463,fine-tuned,"1,7,4"
4464,fine-tuned,"6,5,9"
4465,fine-tuned,"2,4,6"
4466,fine-tuned,"8,8,1"
4467,fine-tuned,"1,4,8"
4468,fine-tuned,"7,8,8"
4469,fine-tuned,"5,1,3"
4470,fine-tuned,"6,1,4"
4471,fine-tuned,"8,2,3"
4472,fine-tuned,"1,8,3"
4473,fine-tuned,"7,3,6"
4474,fine-tuned,"2,8,2"
4475,fine-tuned,"9,4,6"
4476,fine-tuned,"1,3,4"
4477,fine-tuned,"4,1,6"
4478,fine-tuned,"9,9,2"
4479,fine-tuned,"4,6,2"
4480,fine-tuned,"7,3,8"
4481,fine-tuned,"6,7,9"
4482,fine-tuned,"4,5,8"
4483,fine-tuned,"1,4,9"
4484,fine-tuned,"8,7,4"
4485,fine-tuned,"7,6,2"
4486,fine-tuned,"5,2,6"
4487,fine-tuned,"7,7,3"
4488,fine-tuned,"4,9,8"
4489,fine-tuned,"3,1,6"
4490,fine-tuned,"7,8,1"
4491,fine-tuned,"7,6,6"
4492,fine-tuned,"5,2,3"
4493,fine-tuned,"7,8,8"
4494,fine-tuned,"7,9,1"
4495,fine-tuned,"8,3,8"
4496,fine-tuned,"1,8,5"
4497,fine-tuned,"6,6,5"
4498,fine-tuned,"5,4,6"
4499,fine-tuned,"1,8,6"
4500,fine-tuned,"5,3,2"
4501,fine-tuned,"3,8,4"
4502,fine-tuned,"3,5,4"
4503,fine-tuned,"5,4,8"
4504,fine-tuned,"6,7,1"
4505,fine-tuned,"9,1,3"
4506,fine-tuned,"4,9,1"
4507,fine-tuned,"8,6,1"
4508,fine-tuned,"5,7,2"
4509,fine-tuned,"7,2,5"
4510,fine-tuned,"8,8,1"
4511,fine-tuned,"1,8,8"
4512,fine-tuned,"5,4,8"
4513,fine-tuned,"7,6,5"
4514,fine-tuned,"4,9,9"
4515,fine-tuned,"5,6,5"
4516,fine-tuned,"1,8,7"
4517,fine-tuned,"1,1,8"
4518,fine-tuned,"4,1,8"
4519,fine-tuned,"4,4,3"
4520,fine-tuned,"9,4,1"
4521,fine-tuned,"7,3,2"
4522,fine-tuned,"9,2,6"
4523,fine-tuned,"2,6,1"
4524,fine-tuned,"1,2,3"
4525,fine-tuned,"3,4,1"
4526,fine-tuned,"9,4,9"
4527,fine-tuned,"1,6,6"
4528,fine-tuned,"6,1,6"
4529,fine-tuned,"3,5,9"
4530,fine-tuned,"1,8,9"
4531,fine-tuned,"5,6,4"
4532,fine-tuned,"6,4,2"
4533,fine-tuned,"1,1,8"
4534,fine-tuned,"2,2,3"
4535,fine-tuned,"7,1,5"
4536,fine-tuned,"3,4,2"
4537,fine-tuned,"1,6,5"
4538,fine-tuned,"8,9,2"
4539,fine-tuned,"9,3,5"
4540,fine-tuned,"1,2,6"
4541,fine-tuned,"8,4,2"
4542,fine-tuned,"9,1,1"
4543,fine-tuned,"7,8,5"
4544,fine-tuned,"9,6,4"
4545,fine-tuned,"9,1,6"
4546,fine-tuned,"8,7,8"
4547,fine-tuned,"6,9,4"
4548,fine-tuned,"3,3,6"
4549,fine-tuned,"7,3,5"
4550,fine-tuned,"3,9,3"
4551,fine-tuned,"2,3,1"
4552,fine-tuned,"5,8,1"
4553,fine-tuned,"5,4,5"
4554,fine-tuned,"5,4,7"
4555,fine-tuned,"1,5,7"
4556,fine-tuned,"3,4,2"
4557,fine-tuned,"1,1,3"
4558,fine-tuned,"8,2,8"
4559,fine-tuned,"7,5,9"
4560,fine-tuned,"3,7,9"
4561,fine-tuned,"1,1,9"
4562,fine-tuned,"3,1,3"
4563,fine-tuned,"7,9,7"
4564,fine-tuned,"1,3,3"
4565,fine-tuned,"6,7,4"
4566,fine-tuned,"6,8,2"
4567,fine-tuned,"2,8,3"
4568,fine-tuned,"5,3,9"
4569,fine-tuned,"2,3,5"
4570,fine-tuned,"8,9,3"
4571,fine-tuned,"2,1,9"
4572,fine-tuned,"4,4,6"
4573,fine-tuned,"9,1,8"
4574,fine-tuned,"6,2,2"
4575,fine-tuned,"5,8,6"
4576,fine-tuned,"9,2,8"
4577,fine-tuned,"7,5,2"
4578,fine-tuned,"9,9,7"
4579,fine-tuned,"2,2,2"
4580,fine-tuned,"5,2,8"
4581,fine-tuned,"7,1,7"
4582,fine-tuned,"9,4,4"
4583,fine-tuned,"5,2,2"
4584,fine-tuned,"4,5,8"
4585,fine-tuned,"4,8,9"
4586,fine-tuned,"8,2,1"
4587,fine-tuned,"9,7,6"
4588,fine-tuned,"4,3,7"
4589,fine-tuned,"2,3,9"
4590,fine-tuned,"9,8,2"
4591,fine-tuned,"6,9,8"
4592,fine-tuned,"5,6,1"
4593,fine-tuned,"1,2,7"
4594,fine-tuned,"3,5,8"
4595,fine-tuned,"4,9,2"
4596,fine-tuned,"4,9,2"
4597,fine-tuned,"1,6,3"
4598,fine-tuned,"9,6,3"
4599,fine-tuned,"3,7,3"
4600,fine-tuned,"1,5,2"
4601,fine-tuned,"9,3,1"
4602,fine-tuned,"8,9,5"
4603,fine-tuned,"2,5,1"
4604,fine-tuned,"9,3,1"
4605,fine-tuned,"2,4,4"
4606,fine-tuned,"4,9,2"
4607,fine-tuned,"9,6,7"
4608,fine-tuned,"6,7,9"
4609,fine-tuned,"9,4,7"
4610,fine-tuned,"7,6,6"
4611,fine-tuned,"8,1,9"
4612,fine-tuned,"7,5,9"
4613,fine-tuned,"6,6,6"
4614,fine-tuned,"8,9,6"
4615,fine-tuned,"1,9,3"
4616,fine-tuned,"1,6,8"
4617,fine-tuned,"1,4,6"
4618,fine-tuned,"1,7,8"
4619,fine-tuned,"1,9,7"
4620,fine-tuned,"1,1,2"
4621,fine-tuned,"6,1,7"
4622,fine-tuned,"8,7,1"
4623,fine-tuned,"1,9,2"
4624,fine-tuned,"5,2,2"
4625,fine-tuned,"1,8,1"
4626,fine-tuned,"4,9,4"
4627,fine-tuned,"7,9,2"
4628,fine-tuned,"7,1,4"
4629,fine-tuned,"9,1,5"
4630,fine-tuned,"8,8,9"
4631,fine-tuned,"8,4,7"
4632,fine-tuned,"3,2,2"
4633,fine-tuned,"7,3,2"
4634,fine-tuned,"7,5,3"
4635,fine-tuned,"6,9,5"
4636,fine-tuned,"7,3,5"
4637,fine-tuned,"7,9,8"
4638,fine-tuned,"4,1,1"
4639,fine-tuned,"3,8,2"
4640,fine-tuned,"6,1,8"
4641,fine-tuned,"4,4,8"
4642,fine-tuned,"4,2,5"
4643,fine-tuned,"9,2,3"
4644,fine-tuned,"6,4,5"
4645,fine-tuned,"7,4,8"
4646,fine-tuned,"3,6,5"
4647,fine-tuned,"4,1,7"
4648,fine-tuned,"8,5,6"
4649,fine-tuned,"5,5,4"
4650,fine-tuned,"3,8,1"
4651,fine-tuned,"7,5,9"
4652,fine-tuned,"1,7,3"
4653,fine-tuned,"3,8,7"
4654,fine-tuned,"2,8,4"
4655,fine-tuned,"9,3,8"
4656,fine-tuned,"8,1,7"
4657,fine-tuned,"1,4,1"
4658,fine-tuned,"8,6,7"
4659,fine-tuned,"8,8,2"
4660,fine-tuned,"6,4,1"
4661,fine-tuned,"9,1,5"
4662,fine-tuned,"5,1,3"
4663,fine-tuned,"3,1,5"
4664,fine-tuned,"5,2,1"
4665,fine-tuned,"1,4,8"
4666,fine-tuned,"2,4,7"
4667,fine-tuned,"9,6,5"
4668,fine-tuned,"1,8,5"
4669,fine-tuned,"7,7,2"
4670,fine-tuned,"2,2,4"
4671,fine-tuned,"8,6,2"
4672,fine-tuned,"1,2,1"
4673,fine-tuned,"9,2,4"
4674,fine-tuned,"2,5,1"
4675,fine-tuned,"4,5,2"
4676,fine-tuned,"7,6,1"
4677,fine-tuned,"8,6,6"
4678,fine-tuned,"8,9,4"
4679,fine-tuned,"8,4,9"
4680,fine-tuned,"2,6,4"
4681,fine-tuned,"8,3,7"
4682,fine-tuned,"8,1,4"
4683,fine-tuned,"9,7,6"
4684,fine-tuned,"8,9,4"
4685,fine-tuned,"5,9,3"
4686,fine-tuned,"2,6,7"
4687,fine-tuned,"5,7,1"
4688,fine-tuned,"5,5,2"
4689,fine-tuned,"9,7,5"
4690,fine-tuned,"1,4,5"
4691,fine-tuned,"7,2,7"
4692,fine-tuned,"2,5,1"
4693,fine-tuned,"7,1,1"
4694,fine-tuned,"7,3,4"
4695,fine-tuned,"1,3,3"
4696,fine-tuned,"1,9,8"
4697,fine-tuned,"5,9,8"
4698,fine-tuned,"4,9,1"
4699,fine-tuned,"4,3,1"
4700,fine-tuned,"4,5,6"
4701,fine-tuned,"5,7,8"
4702,fine-tuned,"9,1,2"
4703,fine-tuned,"9,3,4"
4704,fine-tuned,"2,7,4"
4705,fine-tuned,"1,9,8"
4706,fine-tuned,"6,9,9"
4707,fine-tuned,"1,1,7"
4708,fine-tuned,"2,5,3"
4709,fine-tuned,"7,9,6"
4710,fine-tuned,"9,8,4"
4711,fine-tuned,"2,2,2"
4712,fine-tuned,"2,9,5"
4713,fine-tuned,"6,8,1"
4714,fine-tuned,"7,2,9"
4715,fine-tuned,"5,6,8"
4716,fine-tuned,"5,6,1"
4717,fine-tuned,"7,8,2"
4718,fine-tuned,"1,8,2"
4719,fine-tuned,"7,5,9"
4720,fine-tuned,"4,6,6"
4721,fine-tuned,"7,3,6"
4722,fine-tuned,"6,8,9"
4723,fine-tuned,"1,4,6"
4724,fine-tuned,"9,2,9"
4725,fine-tuned,"8,9,9"
4726,fine-tuned,"8,7,4"
4727,fine-tuned,"2,8,7"
4728,fine-tuned,"6,2,5"
4729,fine-tuned,"1,9,9"
4730,fine-tuned,"6,8,4"
4731,fine-tuned,"9,7,1"
4732,fine-tuned,"1,8,9"
4733,fine-tuned,"3,4,9"
4734,fine-tuned,"4,3,2"
4735,fine-tuned,"3,3,6"
4736,fine-tuned,"9,8,4"
4737,fine-tuned,"1,4,7"
4738,fine-tuned,"4,3,8"
4739,fine-tuned,"8,2,6"
4740,fine-tuned,"7,7,8"
4741,fine-tuned,"7,2,6"
4742,fine-tuned,"5,3,5"
4743,fine-tuned,"2,1,7"
4744,fine-tuned,"9,9,8"
4745,fine-tuned,"5,5,7"
4746,fine-tuned,"9,1,7"
4747,fine-tuned,"5,2,5"
4748,fine-tuned,"5,4,9"
4749,fine-tuned,"6,6,5"
4750,fine-tuned,"1,7,7"
4751,fine-tuned,"3,9,1"
4752,fine-tuned,"4,8,6"
4753,fine-tuned,"2,6,6"
4754,fine-tuned,"2,7,8"
4755,fine-tuned,"7,6,2"
4756,fine-tuned,"5,7,7"
4757,fine-tuned,"4,1,6"
4758,fine-tuned,"7,8,7"
4759,fine-tuned,"4,6,8"
4760,fine-tuned,"9,2,1"
4761,fine-tuned,"6,8,1"
4762,fine-tuned,"8,8,7"
4763,fine-tuned,"8,7,6"
4764,fine-tuned,"6,8,8"
4765,fine-tuned,"6,7,6"
4766,fine-tuned,"9,7,6"
4767,fine-tuned,"7,3,4"
4768,fine-tuned,"6,2,4"
4769,fine-tuned,"5,6,4"
4770,fine-tuned,"3,3,7"
4771,fine-tuned,"6,1,9"
4772,fine-tuned,"8,6,9"
4773,fine-tuned,"6,6,3"
4774,fine-tuned,"7,9,5"
4775,fine-tuned,"9,7,1"
4776,fine-tuned,"4,3,7"
4777,fine-tuned,"1,5,4"
4778,fine-tuned,"2,6,5"
4779,fine-tuned,"1,1,8"
4780,fine-tuned,"6,4,2"
4781,fine-tuned,"2,4,9"
4782,fine-tuned,"4,7,4"
4783,fine-tuned,"8,3,5"
4784,fine-tuned,"4,1,3"
4785,fine-tuned,"2,9,9"
4786,fine-tuned,"5,3,6"
4787,fine-tuned,"6,9,7"
4788,fine-tuned,"3,8,1"
4789,fine-tuned,"1,6,4"
4790,fine-tuned,"8,1,9"
4791,fine-tuned,"1,5,4"
4792,fine-tuned,"7,3,8"
4793,fine-tuned,"7,1,5"
4794,fine-tuned,"3,1,7"
4795,fine-tuned,"5,2,1"
4796,fine-tuned,"6,3,2"
4797,fine-tuned,"7,8,6"
4798,fine-tuned,"8,1,5"
4799,fine-tuned,"6,5,7"
4800,fine-tuned,"6,1,7"
4801,fine-tuned,"2,6,8"
4802,fine-tuned,"5,2,7"
4803,fine-tuned,"1,6,5"
4804,fine-tuned,"6,3,5"
4805,fine-tuned,"6,7,6"
4806,fine-tuned,"4,7,4"
4807,fine-tuned,"1,5,9"
4808,fine-tuned,"2,8,3"
4809,fine-tuned,"8,3,7"
4810,fine-tuned,"1,2,6"
4811,fine-tuned,"1,2,3"
4812,fine-tuned,"2,4,4"
4813,fine-tuned,"6,9,2"
4814,fine-tuned,"4,9,7"
4815,fine-tuned,"6,7,5"
4816,fine-tuned,"3,4,6"
4817,fine-tuned,"7,5,1"
4818,fine-tuned,"1,5,7"
4819,fine-tuned,"8,5,6"
4820,fine-tuned,"5,9,1"
4821,fine-tuned,"6,7,9"
4822,fine-tuned,"2,8,5"
4823,fine-tuned,"8,6,1"
4824,fine-tuned,"1,4,2"
4825,fine-tuned,"8,6,3"
4826,fine-tuned,"9,5,4"
4827,fine-tuned,"5,1,1"
4828,fine-tuned,"5,6,3"
4829,fine-tuned,"7,4,4"
4830,fine-tuned,"1,4,6"
4831,fine-tuned,"2,9,2"
4832,fine-tuned,"3,4,2"
4833,fine-tuned,"4,5,2"
4834,fine-tuned,"3,2,9"
4835,fine-tuned,"2,1,5"
4836,fine-tuned,"7,5,8"
4837,fine-tuned,"9,4,3"
4838,fine-tuned,"9,9,1"
4839,fine-tuned,"1,2,8"
4840,fine-tuned,"2,7,2"
4841,fine-tuned,"7,3,4"
4842,fine-tuned,"2,7,9"
4843,fine-tuned,"5,7,6"
4844,fine-tuned,"9,8,8"
4845,fine-tuned,"8,6,1"
4846,fine-tuned,"3,5,9"
4847,fine-tuned,"6,9,3"
4848,fine-tuned,"6,9,7"
4849,fine-tuned,"5,7,4"
4850,fine-tuned,"7,3,3"
4851,fine-tuned,"5,3,8"
4852,fine-tuned,"7,7,1"
4853,fine-tuned,"7,1,9"
4854,fine-tuned,"2,8,4"
4855,fine-tuned,"7,3,4"
4856,fine-tuned,"2,8,2"
4857,fine-tuned,"2,1,7"
4858,fine-tuned,"2,8,4"
4859,fine-tuned,"3,2,2"
4860,fine-tuned,"6,8,7"
4861,fine-tuned,"8,2,6"
4862,fine-tuned,"8,2,1"
4863,fine-tuned,"7,4,4"
4864,fine-tuned,"6,1,1"
4865,fine-tuned,"9,8,7"
4866,fine-tuned,"8,5,9"
4867,fine-tuned,"1,7,9"
4868,fine-tuned,"6,4,8"
4869,fine-tuned,"6,3,5"
4870,fine-tuned,"8,4,7"
4871,fine-tuned,"2,4,3"
4872,fine-tuned,"7,1,3"
4873,fine-tuned,"1,6,5"
4874,fine-tuned,"7,8,9"
4875,fine-tuned,"8,2,1"
4876,fine-tuned,"6,4,2"
4877,fine-tuned,"1,6,9"
4878,fine-tuned,"5,5,8"
4879,fine-tuned,"3,9,2"
4880,fine-tuned,"1,3,6"
4881,fine-tuned,"6,2,2"
4882,fine-tuned,"7,9,5"
4883,fine-tuned,"5,9,4"
4884,fine-tuned,"4,2,5"
4885,fine-tuned,"9,5,8"
4886,fine-tuned,"9,3,8"
4887,fine-tuned,"9,2,1"
4888,fine-tuned,"9,7,9"
4889,fine-tuned,"7,5,2"
4890,fine-tuned,"9,6,7"
4891,fine-tuned,"1,7,5"
4892,fine-tuned,"8,6,8"
4893,fine-tuned,"7,2,1"
4894,fine-tuned,"7,1,2"
4895,fine-tuned,"5,8,4"
4896,fine-tuned,"9,7,6"
4897,fine-tuned,"8,6,2"
4898,fine-tuned,"8,3,4"
4899,fine-tuned,"4,6,3"
4900,fine-tuned,"2,8,7"
4901,fine-tuned,"6,5,5"
4902,fine-tuned,"4,9,1"
4903,fine-tuned,"4,7,5"
4904,fine-tuned,"6,1,8"
4905,fine-tuned,"7,1,3"
4906,fine-tuned,"6,4,6"
4907,fine-tuned,"4,2,9"
4908,fine-tuned,"6,4,9"
4909,fine-tuned,"1,2,1"
4910,fine-tuned,"4,2,5"
4911,fine-tuned,"1,1,5"
4912,fine-tuned,"6,7,9"
4913,fine-tuned,"7,9,8"
4914,fine-tuned,"6,3,6"
4915,fine-tuned,"2,2,4"
4916,fine-tuned,"4,6,3"
4917,fine-tuned,"8,8,6"
4918,fine-tuned,"2,4,5"
4919,fine-tuned,"9,2,8"
4920,fine-tuned,"1,2,4"
4921,fine-tuned,"8,6,3"
4922,fine-tuned,"2,7,1"
4923,fine-tuned,"2,8,4"
4924,fine-tuned,"9,4,6"
4925,fine-tuned,"5,1,1"
4926,fine-tuned,"8,5,2"
4927,fine-tuned,"6,3,4"
4928,fine-tuned,"7,6,1"
4929,fine-tuned,"8,9,2"
4930,fine-tuned,"9,9,7"
4931,fine-tuned,"9,6,6"
4932,fine-tuned,"2,2,8"
4933,fine-tuned,"5,4,5"
4934,fine-tuned,"2,5,4"
4935,fine-tuned,"4,7,6"
4936,fine-tuned,"4,5,3"
4937,fine-tuned,"9,8,3"
4938,fine-tuned,"5,7,4"
4939,fine-tuned,"2,8,8"
4940,fine-tuned,"9,5,1"
4941,fine-tuned,"7,9,3"
4942,fine-tuned,"3,8,9"
4943,fine-tuned,"2,2,6"
4944,fine-tuned,"8,8,8"
4945,fine-tuned,"9,6,9"
4946,fine-tuned,"8,4,3"
4947,fine-tuned,"1,4,7"
4948,fine-tuned,"1,1,7"
4949,fine-tuned,"4,4,7"
4950,fine-tuned,"9,5,3"
4951,fine-tuned,"3,6,5"
4952,fine-tuned,"2,9,5"
4953,fine-tuned,"1,7,5"
4954,fine-tuned,"5,7,6"
4955,fine-tuned,"8,7,8"
4956,fine-tuned,"9,7,9"
4957,fine-tuned,"3,5,9"
4958,fine-tuned,"8,4,4"
4959,fine-tuned,"9,5,8"
4960,fine-tuned,"7,4,6"
4961,fine-tuned,"7,1,4"
4962,fine-tuned,"4,1,6"
4963,fine-tuned,"1,5,4"
4964,fine-tuned,"4,7,7"
4965,fine-tuned,"9,2,3"
4966,fine-tuned,"1,7,4"
4967,fine-tuned,"4,9,9"
4968,fine-tuned,"8,6,6"
4969,fine-tuned,"5,9,1"
4970,fine-tuned,"9,9,5"
4971,fine-tuned,"6,1,8"
4972,fine-tuned,"6,9,1"
4973,fine-tuned,"1,1,1"
4974,fine-tuned,"1,4,7"
4975,fine-tuned,"3,9,3"
4976,fine-tuned,"2,2,4"
4977,fine-tuned,"2,7,7"
4978,fine-tuned,"8,2,5"
4979,fine-tuned,"6,6,3"
4980,fine-tuned,"1,3,6"
4981,fine-tuned,"7,1,9"
4982,fine-tuned,"4,5,1"
4983,fine-tuned,"1,6,5"
4984,fine-tuned,"7,8,7"
4985,fine-tuned,"7,4,5"
4986,fine-tuned,"8,7,4"
4987,fine-tuned,"9,8,3"
4988,fine-tuned,"8,7,6"
4989,fine-tuned,"3,1,2"
4990,fine-tuned,"9,7,5"
4991,fine-tuned,"1,4,9"
4992,fine-tuned,"4,3,3"
4993,fine-tuned,"7,2,7"
4994,fine-tuned,"5,4,5"
4995,fine-tuned,"7,6,7"
4996,fine-tuned,"1,8,2"
4997,fine-tuned,"3,6,9"
4998,fine-tuned,"1,4,6"
4999,fine-tuned,"3,3,1"
5000,fine-tuned,"9,5,3"
5001,fine-tuned,"9,7,6"
5002,fine-tuned,"8,6,8"
5003,fine-tuned,"2,1,3"
5004,fine-tuned,"5,8,1"
5005,fine-tuned,"1,9,3"
5006,fine-tuned,"8,3,4"
5007,fine-tuned,"6,5,2"
5008,fine-tuned,"1,3,2"
5009,fine-tuned,"3,7,5"
5010,fine-tuned,"2,6,5"
5011,fine-tuned,"7,8,1"
5012,fine-tuned,"1,1,8"
5013,fine-tuned,"4,1,9"
5014,fine-tuned,"8,2,8"
5015,fine-tuned,"3,4,6"
5016,fine-tuned,"4,1,7"
5017,fine-tuned,"6,4,7"
5018,fine-tuned,"7,4,3"
5019,fine-tuned,"4,2,3"
5020,fine-tuned,"5,7,9"
5021,fine-tuned,"9,7,6"
5022,fine-tuned,"7,3,5"
5023,fine-tuned,"8,1,9"
5024,fine-tuned,"2,8,2"
5025,fine-tuned,"8,9,4"
5026,fine-tuned,"8,7,3"
5027,fine-tuned,"7,1,2"
5028,fine-tuned,"5,3,4"
5029,fine-tuned,"5,1,5"
5030,fine-tuned,"9,4,8"
5031,fine-tuned,"6,5,5"
5032,fine-tuned,"2,3,7"
5033,fine-tuned,"1,1,8"
5034,fine-tuned,"8,9,1"
5035,fine-tuned,"1,4,5"
5036,fine-tuned,"8,7,4"
5037,fine-tuned,"1,2,8"
5038,fine-tuned,"2,9,7"
5039,fine-tuned,"1,1,1"
5040,fine-tuned,"4,1,5"
5041,fine-tuned,"5,2,1"
5042,fine-tuned,"2,7,5"
5043,fine-tuned,"8,2,8"
5044,fine-tuned,"7,8,9"
5045,fine-tuned,"8,8,4"
5046,fine-tuned,"5,1,4"
5047,fine-tuned,"4,6,3"
5048,fine-tuned,"9,4,1"
5049,fine-tuned,"9,8,9"
5050,fine-tuned,"1,2,7"
5051,fine-tuned,"9,2,3"
5052,fine-tuned,"8,2,3"
5053,fine-tuned,"5,8,6"
5054,fine-tuned,"7,6,1"
5055,fine-tuned,"3,3,4"
5056,fine-tuned,"9,9,5"
5057,fine-tuned,"8,9,9"
5058,fine-tuned,"3,8,8"
5059,fine-tuned,"7,9,8"
5060,fine-tuned,"3,2,3"
5061,fine-tuned,"6,8,8"
5062,fine-tuned,"5,8,3"
5063,fine-tuned,"7,5,7"
5064,fine-tuned,"3,3,1"
5065,fine-tuned,"6,2,6"
5066,fine-tuned,"4,8,4"
5067,fine-tuned,"9,9,2"
5068,fine-tuned,"8,4,2"
5069,fine-tuned,"3,3,3"
5070,fine-tuned,"3,8,2"
5071,fine-tuned,"8,9,2"
5072,fine-tuned,"1,5,3"
5073,fine-tuned,"5,4,8"
5074,fine-tuned,"3,2,4"
5075,fine-tuned,"8,2,7"
5076,fine-tuned,"7,9,7"
5077,fine-tuned,"3,7,8"
5078,fine-tuned,"1,2,1"
5079,fine-tuned,"9,6,1"
5080,fine-tuned,"4,5,3"
5081,fine-tuned,"7,7,8"
5082,fine-tuned,"9,7,6"
5083,fine-tuned,"5,1,8"
5084,fine-tuned,"7,7,2"
5085,fine-tuned,"2,1,7"
5086,fine-tuned,"3,6,9"
5087,fine-tuned,"4,2,2"
5088,fine-tuned,"1,2,9"
5089,fine-tuned,"5,1,3"
5090,fine-tuned,"1,1,1"
5091,fine-tuned,"3,3,9"
5092,fine-tuned,"7,6,7"
5093,fine-tuned,"1,2,9"
5094,fine-tuned,"4,3,8"
5095,fine-tuned,"6,4,4"
5096,fine-tuned,"4,6,4"
5097,fine-tuned,"4,5,4"
5098,fine-tuned,"3,7,2"
5099,fine-tuned,"1,7,1"
5100,fine-tuned,"2,4,2"
5101,fine-tuned,"4,8,3"
5102,fine-tuned,"8,2,7"
5103,fine-tuned,"8,2,6"
5104,fine-tuned,"3,2,3"
5105,fine-tuned,"5,5,1"
5106,fine-tuned,"4,8,6"
5107,fine-tuned,"8,4,7"
5108,fine-tuned,"6,3,6"
5109,fine-tuned,"2,5,2"
5110,fine-tuned,"3,9,7"
5111,fine-tuned,"8,5,2"
5112,fine-tuned,"8,8,1"
5113,fine-tuned,"3,9,4"
5114,fine-tuned,"3,5,7"
5115,fine-tuned,"9,2,9"
5116,fine-tuned,"4,7,7"
5117,fine-tuned,"7,3,2"
5118,fine-tuned,"4,6,3"
5119,fine-tuned,"5,8,7"
5120,fine-tuned,"5,3,4"
5121,fine-tuned,"5,1,3"
5122,fine-tuned,"8,4,3"
5123,fine-tuned,"5,9,9"
5124,fine-tuned,"8,6,3"
5125,fine-tuned,"9,9,1"
5126,fine-tuned,"3,5,9"
5127,fine-tuned,"1,7,7"
5128,fine-tuned,"9,4,9"
5129,fine-tuned,"8,9,7"
5130,fine-tuned,"1,7,5"
5131,fine-tuned,"1,6,8"
5132,fine-tuned,"9,2,9"
5133,fine-tuned,"7,1,4"
5134,fine-tuned,"9,9,3"
5135,fine-tuned,"2,1,4"
5136,fine-tuned,"6,3,8"
5137,fine-tuned,"7,3,8"
5138,fine-tuned,"3,2,2"
5139,fine-tuned,"6,6,4"
5140,fine-tuned,"9,9,9"
5141,fine-tuned,"2,7,8"
5142,fine-tuned,"1,6,8"
5143,fine-tuned,"4,8,4"
5144,fine-tuned,"7,7,4"
5145,fine-tuned,"7,6,8"
5146,fine-tuned,"3,4,7"
5147,fine-tuned,"3,6,5"
5148,fine-tuned,"6,8,8"
5149,fine-tuned,"3,7,4"
5150,fine-tuned,"5,2,8"
5151,fine-tuned,"8,6,7"
5152,fine-tuned,"8,9,4"
5153,fine-tuned,"9,5,1"
5154,fine-tuned,"4,3,2"
5155,fine-tuned,"3,1,6"
5156,fine-tuned,"9,1,8"
5157,fine-tuned,"8,9,9"
5158,fine-tuned,"1,8,3"
5159,fine-tuned,"5,5,6"
5160,fine-tuned,"1,7,4"
5161,fine-tuned,"3,3,1"
5162,fine-tuned,"3,8,1"
5163,fine-tuned,"9,7,7"
5164,fine-tuned,"7,4,9"
5165,fine-tuned,"4,1,7"
5166,fine-tuned,"9,7,6"
5167,fine-tuned,"8,6,4"
5168,fine-tuned,"4,2,9"
5169,fine-tuned,"9,8,3"
5170,fine-tuned,"3,2,9"
5171,fine-tuned,"8,4,9"
5172,fine-tuned,"9,8,5"
5173,fine-tuned,"7,5,3"
5174,fine-tuned,"2,3,2"
5175,fine-tuned,"7,3,4"
5176,fine-tuned,"8,1,7"
5177,fine-tuned,"1,6,8"
5178,fine-tuned,"2,6,6"
5179,fine-tuned,"9,7,8"
5180,fine-tuned,"5,8,2"
5181,fine-tuned,"8,8,2"
5182,fine-tuned,"3,9,6"
5183,fine-tuned,"2,1,3"
5184,fine-tuned,"1,8,1"
5185,fine-tuned,"7,2,9"
5186,fine-tuned,"8,4,7"
5187,fine-tuned,"3,8,9"
5188,fine-tuned,"2,8,6"
5189,fine-tuned,"9,8,8"
5190,fine-tuned,"9,5,9"
5191,fine-tuned,"2,5,4"
5192,fine-tuned,"3,4,1"
5193,fine-tuned,"3,2,9"
5194,fine-tuned,"6,1,5"
5195,fine-tuned,"9,7,4"
5196,fine-tuned,"6,2,8"
5197,fine-tuned,"7,7,1"
5198,fine-tuned,"1,6,1"
5199,fine-tuned,"8,4,9"
5200,fine-tuned,"8,1,3"
5201,fine-tuned,"9,3,4"
5202,fine-tuned,"2,8,2"
5203,fine-tuned,"3,4,3"
5204,fine-tuned,"4,7,8"
5205,fine-tuned,"6,9,5"
5206,fine-tuned,"7,8,6"
5207,fine-tuned,"7,9,3"
5208,fine-tuned,"7,4,9"
5209,fine-tuned,"3,8,2"
5210,fine-tuned,"9,9,7"
5211,fine-tuned,"5,2,2"
5212,fine-tuned,"1,8,4"
5213,fine-tuned,"7,1,1"
5214,fine-tuned,"6,4,7"
5215,fine-tuned,"6,8,7"
5216,fine-tuned,"9,9,3"
5217,fine-tuned,"7,7,1"
5218,fine-tuned,"3,2,4"
5219,fine-tuned,"9,3,6"
5220,fine-tuned,"4,2,4"
5221,fine-tuned,"5,5,6"
5222,fine-tuned,"7,1,2"
5223,fine-tuned,"7,5,3"
5224,fine-tuned,"2,1,1"
5225,fine-tuned,"1,7,5"
5226,fine-tuned,"6,6,9"
5227,fine-tuned,"4,8,4"
5228,fine-tuned,"4,5,8"
5229,fine-tuned,"4,2,6"
5230,fine-tuned,"7,8,4"
5231,fine-tuned,"2,6,9"
5232,fine-tuned,"3,1,8"
5233,fine-tuned,"2,8,2"
5234,fine-tuned,"4,8,7"
5235,fine-tuned,"5,3,5"
5236,fine-tuned,"1,5,5"
5237,fine-tuned,"5,9,9"
5238,fine-tuned,"9,2,8"
5239,fine-tuned,"7,6,2"
5240,fine-tuned,"8,2,6"
5241,fine-tuned,"4,8,6"
5242,fine-tuned,"5,6,3"
5243,fine-tuned,"1,9,7"
5244,fine-tuned,"6,5,5"
5245,fine-tuned,"9,4,1"
5246,fine-tuned,"6,3,9"
5247,fine-tuned,"2,7,7"
5248,fine-tuned,"1,5,6"
5249,fine-tuned,"9,3,5"
5250,fine-tuned,"7,4,4"
5251,fine-tuned,"3,3,1"
5252,fine-tuned,"6,4,2"
5253,fine-tuned,"4,8,5"
5254,fine-tuned,"9,3,8"
5255,fine-tuned,"8,5,3"
5256,fine-tuned,"5,8,8"
5257,fine-tuned,"8,9,2"
5258,fine-tuned,"8,5,7"
5259,fine-tuned,"5,2,3"
5260,fine-tuned,"2,8,9"
5261,fine-tuned,"4,9,3"
5262,fine-tuned,"4,1,4"
5263,fine-tuned,"4,1,3"
5264,fine-tuned,"7,8,4"
5265,fine-tuned,"3,5,4"
5266,fine-tuned,"8,6,3"
5267,fine-tuned,"4,1,1"
5268,fine-tuned,"8,8,6"
5269,fine-tuned,"2,8,7"
5270,fine-tuned,"6,7,2"
5271,fine-tuned,"8,9,1"
5272,fine-tuned,"8,4,3"
5273,fine-tuned,"4,1,4"
5274,fine-tuned,"4,9,5"
5275,fine-tuned,"1,5,7"
5276,fine-tuned,"6,1,5"
5277,fine-tuned,"7,5,4"
5278,fine-tuned,"1,6,1"
5279,fine-tuned,"2,3,5"
5280,fine-tuned,"8,9,5"
5281,fine-tuned,"9,4,1"
5282,fine-tuned,"1,1,1"
5283,fine-tuned,"4,8,1"
5284,fine-tuned,"4,6,3"
5285,fine-tuned,"5,8,7"
5286,fine-tuned,"4,7,5"
5287,fine-tuned,"4,8,8"
5288,fine-tuned,"7,1,4"
5289,fine-tuned,"7,6,8"
5290,fine-tuned,"9,4,4"
5291,fine-tuned,"8,7,5"
5292,fine-tuned,"8,4,3"
5293,fine-tuned,"5,8,8"
5294,fine-tuned,"1,4,2"
5295,fine-tuned,"3,9,5"
5296,fine-tuned,"6,3,6"
5297,fine-tuned,"3,7,7"
5298,fine-tuned,"6,6,7"
5299,fine-tuned,"7,6,3"
5300,fine-tuned,"1,6,5"
5301,fine-tuned,"9,3,9"
5302,fine-tuned,"2,4,8"
5303,fine-tuned,"8,9,3"
5304,fine-tuned,"2,7,5"
5305,fine-tuned,"9,5,9"
5306,fine-tuned,"3,7,4"
5307,fine-tuned,"8,2,9"
5308,fine-tuned,"3,9,5"
5309,fine-tuned,"9,9,6"
5310,fine-tuned,"7,1,9"
5311,fine-tuned,"1,3,7"
5312,fine-tuned,"7,2,9"
5313,fine-tuned,"8,3,2"
5314,fine-tuned,"5,3,9"
5315,fine-tuned,"8,2,4"
5316,fine-tuned,"8,1,4"
5317,fine-tuned,"1,4,7"
5318,fine-tuned,"6,8,5"
5319,fine-tuned,"8,4,8"
5320,fine-tuned,"3,9,7"
5321,fine-tuned,"4,6,1"
5322,fine-tuned,"9,3,8"
5323,fine-tuned,"8,5,2"
5324,fine-tuned,"3,2,1"
5325,fine-tuned,"1,9,8"
5326,fine-tuned,"6,5,5"
5327,fine-tuned,"4,1,5"
5328,fine-tuned,"1,3,9"
5329,fine-tuned,"1,7,8"
5330,fine-tuned,"3,5,5"
5331,fine-tuned,"1,3,8"
5332,fine-tuned,"7,6,9"
5333,fine-tuned,"3,4,5"
5334,fine-tuned,"9,4,3"
5335,fine-tuned,"8,4,2"
5336,fine-tuned,"8,8,4"
5337,fine-tuned,"1,7,2"
5338,fine-tuned,"2,9,2"
5339,fine-tuned,"9,6,4"
5340,fine-tuned,"4,5,5"
5341,fine-tuned,"7,3,1"
5342,fine-tuned,"1,3,7"
5343,fine-tuned,"2,7,8"
5344,fine-tuned,"6,3,9"
5345,fine-tuned,"9,3,2"
5346,fine-tuned,"6,4,4"
5347,fine-tuned,"9,1,3"
5348,fine-tuned,"8,3,3"
5349,fine-tuned,"7,8,6"
5350,fine-tuned,"2,2,9"
5351,fine-tuned,"3,2,7"
5352,fine-tuned,"4,5,4"
5353,fine-tuned,"6,8,6"
5354,fine-tuned,"7,9,9"
5355,fine-tuned,"1,3,8"
5356,fine-tuned,"2,7,7"
5357,fine-tuned,"8,3,6"
5358,fine-tuned,"2,6,1"
5359,fine-tuned,"9,7,2"
5360,fine-tuned,"2,9,1"
5361,fine-tuned,"6,8,1"
5362,fine-tuned,"7,4,3"
5363,fine-tuned,"5,1,1"
5364,fine-tuned,"9,9,5"
5365,fine-tuned,"6,9,6"
5366,fine-tuned,"6,4,8"
5367,fine-tuned,"8,3,7"
5368,fine-tuned,"6,9,2"
5369,fine-tuned,"7,5,6"
5370,fine-tuned,"8,8,4"
5371,fine-tuned,"6,8,2"
5372,fine-tuned,"6,4,7"
5373,fine-tuned,"8,6,5"
5374,fine-tuned,"2,3,3"
5375,fine-tuned,"6,9,4"
5376,fine-tuned,"7,3,8"
5377,fine-tuned,"3,7,1"
5378,fine-tuned,"8,7,1"
5379,fine-tuned,"3,7,2"
5380,fine-tuned,"9,2,5"
5381,fine-tuned,"1,7,6"
5382,fine-tuned,"4,7,9"
5383,fine-tuned,"5,9,6"
5384,fine-tuned,"6,7,5"
5385,fine-tuned,"4,1,1"
5386,fine-tuned,"6,8,7"
5387,fine-tuned,"7,9,3"
5388,fine-tuned,"4,9,7"
5389,fine-tuned,"8,7,4"
5390,fine-tuned,"7,7,5"
5391,fine-tuned,"8,8,1"
5392,fine-tuned,"9,6,7"
5393,fine-tuned,"2,2,1"
5394,fine-tuned,"4,9,7"
5395,fine-tuned,"7,4,1"
5396,fine-tuned,"3,8,7"
5397,fine-tuned,"1,1,4"
5398,fine-tuned,"7,3,7"
5399,fine-tuned,"1,9,6"
5400,fine-tuned,"3,3,3"
5401,fine-tuned,"1,6,8"
5402,fine-tuned,"1,5,3"
5403,fine-tuned,"7,9,1"
5404,fine-tuned,"2,8,1"
5405,fine-tuned,"5,1,9"
5406,fine-tuned,"3,6,9"
5407,fine-tuned,"7,5,1"
5408,fine-tuned,"5,8,4"
5409,fine-tuned,"8,2,9"
5410,fine-tuned,"1,7,6"
5411,fine-tuned,"4,5,4"
5412,fine-tuned,"5,9,1"
5413,fine-tuned,"1,7,9"
5414,fine-tuned,"5,8,2"
5415,fine-tuned,"8,1,3"
5416,fine-tuned,"6,8,4"
5417,fine-tuned,"5,7,3"
5418,fine-tuned,"4,3,5"
5419,fine-tuned,"3,1,8"
5420,fine-tuned,"8,6,8"
5421,fine-tuned,"3,2,4"
5422,fine-tuned,"3,9,2"
5423,fine-tuned,"3,6,2"
5424,fine-tuned,"2,3,6"
5425,fine-tuned,"1,4,2"
5426,fine-tuned,"7,7,4"
5427,fine-tuned,"6,5,9"
5428,fine-tuned,"7,1,8"
5429,fine-tuned,"6,1,7"
5430,fine-tuned,"4,4,3"
5431,fine-tuned,"2,5,1"
5432,fine-tuned,"5,9,3"
5433,fine-tuned,"7,6,3"
5434,fine-tuned,"8,6,2"
5435,fine-tuned,"8,3,7"
5436,fine-tuned,"6,8,6"
5437,fine-tuned,"8,7,4"
5438,fine-tuned,"9,3,3"
5439,fine-tuned,"4,5,8"
5440,fine-tuned,"2,6,4"
5441,fine-tuned,"7,7,3"
5442,fine-tuned,"2,8,2"
5443,fine-tuned,"7,9,8"
5444,fine-tuned,"7,5,3"
5445,fine-tuned,"1,8,6"
5446,fine-tuned,"3,7,5"
5447,fine-tuned,"4,4,4"
5448,fine-tuned,"6,1,8"
5449,fine-tuned,"5,6,3"
5450,fine-tuned,"6,7,1"
5451,fine-tuned,"3,4,5"
5452,fine-tuned,"8,6,3"
5453,fine-tuned,"3,3,2"
5454,fine-tuned,"5,7,5"
5455,fine-tuned,"5,6,7"
5456,fine-tuned,"9,9,5"
5457,fine-tuned,"3,2,3"
5458,fine-tuned,"5,5,9"
5459,fine-tuned,"2,1,9"
5460,fine-tuned,"3,7,7"
5461,fine-tuned,"3,1,2"
5462,fine-tuned,"3,5,5"
5463,fine-tuned,"8,9,8"
5464,fine-tuned,"7,8,9"
5465,fine-tuned,"5,8,7"
5466,fine-tuned,"4,4,1"
5467,fine-tuned,"5,7,8"
5468,fine-tuned,"8,5,5"
5469,fine-tuned,"5,6,1"
5470,fine-tuned,"7,8,3"
5471,fine-tuned,"1,8,5"
5472,fine-tuned,"8,7,4"
5473,fine-tuned,"5,2,4"
5474,fine-tuned,"6,9,7"
5475,fine-tuned,"4,3,5"
5476,fine-tuned,"6,4,5"
5477,fine-tuned,"1,1,1"
5478,fine-tuned,"1,3,4"
5479,fine-tuned,"1,7,2"
5480,fine-tuned,"5,6,5"
5481,fine-tuned,"5,7,4"
5482,fine-tuned,"8,3,4"
5483,fine-tuned,"2,6,6"
5484,fine-tuned,"1,5,8"
5485,fine-tuned,"7,6,4"
5486,fine-tuned,"5,7,6"
5487,fine-tuned,"2,4,1"
5488,fine-tuned,"1,2,4"
5489,fine-tuned,"1,8,5"
5490,fine-tuned,"8,5,6"
5491,fine-tuned,"7,3,4"
5492,fine-tuned,"7,4,1"
5493,fine-tuned,"6,6,6"
5494,fine-tuned,"3,1,3"
5495,fine-tuned,"2,3,1"
5496,fine-tuned,"1,5,3"
5497,fine-tuned,"7,3,7"
5498,fine-tuned,"8,1,4"
5499,fine-tuned,"2,9,1"
5500,fine-tuned,"8,8,3"
5501,fine-tuned,"2,8,9"
5502,fine-tuned,"8,4,8"
5503,fine-tuned,"7,6,8"
5504,fine-tuned,"7,4,5"
5505,fine-tuned,"4,1,8"
5506,fine-tuned,"5,4,4"
5507,fine-tuned,"2,4,4"
5508,fine-tuned,"4,1,2"
5509,fine-tuned,"7,6,2"
5510,fine-tuned,"3,9,3"
5511,fine-tuned,"2,6,8"
5512,fine-tuned,"2,1,7"
5513,fine-tuned,"4,3,6"
5514,fine-tuned,"3,4,1"
5515,fine-tuned,"9,9,8"
5516,fine-tuned,"6,7,9"
5517,fine-tuned,"5,9,7"
5518,fine-tuned,"6,2,6"
5519,fine-tuned,"2,6,9"
5520,fine-tuned,"8,5,8"
5521,fine-tuned,"4,7,6"
5522,fine-tuned,"5,5,9"
5523,fine-tuned,"9,4,2"
5524,fine-tuned,"4,1,4"
5525,fine-tuned,"1,1,5"
5526,fine-tuned,"1,1,7"
5527,fine-tuned,"3,2,2"
5528,fine-tuned,"3,7,5"
5529,fine-tuned,"2,2,7"
5530,fine-tuned,"8,1,5"
5531,fine-tuned,"2,6,1"
5532,fine-tuned,"3,4,6"
5533,fine-tuned,"8,6,3"
5534,fine-tuned,"9,8,9"
5535,fine-tuned,"7,6,6"
5536,fine-tuned,"1,6,3"
5537,fine-tuned,"8,6,4"
5538,fine-tuned,"4,4,8"
5539,fine-tuned,"8,1,7"
5540,fine-tuned,"7,8,4"
5541,fine-tuned,"4,5,5"
5542,fine-tuned,"8,8,9"
5543,fine-tuned,"9,6,9"
5544,fine-tuned,"6,3,4"
5545,fine-tuned,"2,5,4"
5546,fine-tuned,"7,5,8"
5547,fine-tuned,"4,6,7"
5548,fine-tuned,"7,1,3"
5549,fine-tuned,"6,8,5"
5550,fine-tuned,"9,7,4"
5551,fine-tuned,"3,7,3"
5552,fine-tuned,"1,7,8"
5553,fine-tuned,"9,6,5"
5554,fine-tuned,"5,3,4"
5555,fine-tuned,"2,4,8"
5556,fine-tuned,"7,7,4"
5557,fine-tuned,"8,3,5"
5558,fine-tuned,"4,9,6"
5559,fine-tuned,"5,7,3"
5560,fine-tuned,"6,6,8"
5561,fine-tuned,"9,2,2"
5562,fine-tuned,"1,1,7"
5563,fine-tuned,"2,3,3"
5564,fine-tuned,"1,8,5"
5565,fine-tuned,"1,6,9"
5566,fine-tuned,"1,8,4"
5567,fine-tuned,"9,3,5"
5568,fine-tuned,"2,1,1"
5569,fine-tuned,"8,2,1"
5570,fine-tuned,"4,5,4"
5571,fine-tuned,"2,1,4"
5572,fine-tuned,"9,6,3"
5573,fine-tuned,"8,9,2"
5574,fine-tuned,"6,8,4"
5575,fine-tuned,"3,8,6"
5576,fine-tuned,"7,5,8"
5577,fine-tuned,"1,1,3"
5578,fine-tuned,"9,2,1"
5579,fine-tuned,"8,9,8"
5580,fine-tuned,"1,3,5"
5581,fine-tuned,"9,6,4"
5582,fine-tuned,"8,9,6"
5583,fine-tuned,"4,7,7"
5584,fine-tuned,"8,1,9"
5585,fine-tuned,"5,6,7"
5586,fine-tuned,"6,1,9"
5587,fine-tuned,"2,8,1"
5588,fine-tuned,"1,7,4"
5589,fine-tuned,"6,8,9"
5590,fine-tuned,"5,4,1"
5591,fine-tuned,"7,6,4"
5592,fine-tuned,"3,4,5"
5593,fine-tuned,"6,7,7"
5594,fine-tuned,"4,2,2"
5595,fine-tuned,"4,3,9"
5596,fine-tuned,"7,7,8"
5597,fine-tuned,"6,5,5"
5598,fine-tuned,"1,9,7"
5599,fine-tuned,"9,6,9"
5600,fine-tuned,"3,9,1"
5601,fine-tuned,"9,6,3"
5602,fine-tuned,"8,9,1"
5603,fine-tuned,"4,3,8"
5604,fine-tuned,"3,4,7"
5605,fine-tuned,"4,4,3"
5606,fine-tuned,"9,1,1"
5607,fine-tuned,"9,5,4"
5608,fine-tuned,"7,4,2"
5609,fine-tuned,"1,3,1"
5610,fine-tuned,"1,7,9"
5611,fine-tuned,"1,5,9"
5612,fine-tuned,"1,5,6"
5613,fine-tuned,"1,1,7"
5614,fine-tuned,"2,5,4"
5615,fine-tuned,"7,8,9"
5616,fine-tuned,"4,7,7"
5617,fine-tuned,"8,2,9"
5618,fine-tuned,"1,7,1"
5619,fine-tuned,"5,2,8"
5620,fine-tuned,"8,9,1"
5621,fine-tuned,"5,7,9"
5622,fine-tuned,"9,4,8"
5623,fine-tuned,"6,1,4"
5624,fine-tuned,"7,4,9"
5625,fine-tuned,"5,1,6"
5626,fine-tuned,"1,5,5"
5627,fine-tuned,"6,4,2"
5628,fine-tuned,"8,1,3"
5629,fine-tuned,"1,4,2"
5630,fine-tuned,"7,5,9"
5631,fine-tuned,"5,6,9"
5632,fine-tuned,"4,8,6"
5633,fine-tuned,"5,5,5"
5634,fine-tuned,"9,5,5"
5635,fine-tuned,"7,8,7"
5636,fine-tuned,"4,6,3"
5637,fine-tuned,"9,1,9"
5638,fine-tuned,"6,4,6"
5639,fine-tuned,"1,5,5"
5640,fine-tuned,"8,3,5"
5641,fine-tuned,"1,4,5"
5642,fine-tuned,"9,5,6"
5643,fine-tuned,"7,2,7"
5644,fine-tuned,"7,8,9"
5645,fine-tuned,"6,3,2"
5646,fine-tuned,"7,8,6"
5647,fine-tuned,"3,2,1"
5648,fine-tuned,"5,9,9"
5649,fine-tuned,"6,2,6"
5650,fine-tuned,"1,5,4"
5651,fine-tuned,"1,9,5"
5652,fine-tuned,"1,1,3"
5653,fine-tuned,"8,3,9"
5654,fine-tuned,"4,8,4"
5655,fine-tuned,"8,3,7"
5656,fine-tuned,"8,9,8"
5657,fine-tuned,"1,9,1"
5658,fine-tuned,"3,1,7"
5659,fine-tuned,"2,8,7"
5660,fine-tuned,"6,4,5"
5661,fine-tuned,"6,8,9"
5662,fine-tuned,"9,8,4"
5663,fine-tuned,"1,8,4"
5664,fine-tuned,"2,4,7"
5665,fine-tuned,"5,9,5"
5666,fine-tuned,"6,9,1"
5667,fine-tuned,"7,7,1"
5668,fine-tuned,"6,6,9"
5669,fine-tuned,"5,2,2"
5670,fine-tuned,"3,8,9"
5671,fine-tuned,"5,6,8"
5672,fine-tuned,"2,1,2"
5673,fine-tuned,"3,7,3"
5674,fine-tuned,"6,4,9"
5675,fine-tuned,"7,7,8"
5676,fine-tuned,"9,3,6"
5677,fine-tuned,"3,2,6"
5678,fine-tuned,"6,5,7"
5679,fine-tuned,"5,1,7"
5680,fine-tuned,"8,8,9"
5681,fine-tuned,"8,9,6"
5682,fine-tuned,"9,3,2"
5683,fine-tuned,"8,7,9"
5684,fine-tuned,"5,7,9"
5685,fine-tuned,"7,3,2"
5686,fine-tuned,"5,7,6"
5687,fine-tuned,"1,5,4"
5688,fine-tuned,"9,7,3"
5689,fine-tuned,"4,1,2"
5690,fine-tuned,"2,9,6"
5691,fine-tuned,"4,5,4"
5692,fine-tuned,"8,7,8"
5693,fine-tuned,"4,2,8"
5694,fine-tuned,"4,2,1"
5695,fine-tuned,"2,7,4"
5696,fine-tuned,"4,1,8"
5697,fine-tuned,"8,4,8"
5698,fine-tuned,"5,4,4"
5699,fine-tuned,"6,5,5"
5700,fine-tuned,"1,6,1"
5701,fine-tuned,"1,7,6"
5702,fine-tuned,"9,6,4"
5703,fine-tuned,"9,5,2"
5704,fine-tuned,"8,2,8"
5705,fine-tuned,"5,1,9"
5706,fine-tuned,"5,8,9"
5707,fine-tuned,"8,9,5"
5708,fine-tuned,"6,3,9"
5709,fine-tuned,"9,4,1"
5710,fine-tuned,"7,1,6"
5711,fine-tuned,"5,6,9"
5712,fine-tuned,"6,7,6"
5713,fine-tuned,"4,3,2"
5714,fine-tuned,"8,7,3"
5715,fine-tuned,"5,2,3"
5716,fine-tuned,"1,8,7"
5717,fine-tuned,"7,4,9"
5718,fine-tuned,"4,7,8"
5719,fine-tuned,"7,5,3"
5720,fine-tuned,"1,9,9"
5721,fine-tuned,"5,7,7"
5722,fine-tuned,"5,3,1"
5723,fine-tuned,"4,7,7"
5724,fine-tuned,"2,3,1"
5725,fine-tuned,"9,9,4"
5726,fine-tuned,"4,2,2"
5727,fine-tuned,"3,1,6"
5728,fine-tuned,"4,9,6"
5729,fine-tuned,"8,8,9"
5730,fine-tuned,"4,3,1"
5731,fine-tuned,"4,9,7"
5732,fine-tuned,"8,5,1"
5733,fine-tuned,"5,6,4"
5734,fine-tuned,"2,3,1"
5735,fine-tuned,"5,2,3"
5736,fine-tuned,"7,5,4"
5737,fine-tuned,"1,4,7"
5738,fine-tuned,"6,2,5"
5739,fine-tuned,"4,7,3"
5740,fine-tuned,"7,1,7"
5741,fine-tuned,"6,1,4"
5742,fine-tuned,"6,2,6"
5743,fine-tuned,"9,1,3"
5744,fine-tuned,"3,1,6"
5745,fine-tuned,"5,9,3"
5746,fine-tuned,"1,9,9"
5747,fine-tuned,"2,7,6"
5748,fine-tuned,"8,8,2"
5749,fine-tuned,"1,4,6"
5750,fine-tuned,"9,9,5"
5751,fine-tuned,"9,9,8"
5752,fine-tuned,"5,2,9"
5753,fine-tuned,"2,3,6"
5754,fine-tuned,"4,7,9"
5755,fine-tuned,"6,2,4"
5756,fine-tuned,"6,8,7"
5757,fine-tuned,"3,3,8"
5758,fine-tuned,"9,2,6"
5759,fine-tuned,"6,5,8"
5760,fine-tuned,"5,1,1"
5761,fine-tuned,"7,8,6"
5762,fine-tuned,"2,3,1"
5763,fine-tuned,"9,4,1"
5764,fine-tuned,"2,6,5"
5765,fine-tuned,"1,4,4"
5766,fine-tuned,"6,4,8"
5767,fine-tuned,"6,4,5"
5768,fine-tuned,"9,4,5"
5769,fine-tuned,"8,8,2"
5770,fine-tuned,"5,5,2"
5771,fine-tuned,"4,2,1"
5772,fine-tuned,"4,6,4"
5773,fine-tuned,"9,6,9"
5774,fine-tuned,"6,6,8"
5775,fine-tuned,"4,7,7"
5776,fine-tuned,"9,5,5"
5777,fine-tuned,"1,6,4"
5778,fine-tuned,"5,2,5"
5779,fine-tuned,"2,2,3"
5780,fine-tuned,"4,8,1"
5781,fine-tuned,"4,6,9"
5782,fine-tuned,"6,1,9"
5783,fine-tuned,"1,6,5"
5784,fine-tuned,"8,4,5"
5785,fine-tuned,"1,4,9"
5786,fine-tuned,"5,5,9"
5787,fine-tuned,"4,7,1"
5788,fine-tuned,"2,1,7"
5789,fine-tuned,"1,4,7"
5790,fine-tuned,"9,6,1"
5791,fine-tuned,"2,9,3"
5792,fine-tuned,"6,7,4"
5793,fine-tuned,"5,9,2"
5794,fine-tuned,"7,2,5"
5795,fine-tuned,"6,4,3"
5796,fine-tuned,"1,8,9"
5797,fine-tuned,"1,8,9"
5798,fine-tuned,"9,6,9"
5799,fine-tuned,"9,2,6"
5800,fine-tuned,"3,7,9"
5801,fine-tuned,"8,7,1"
5802,fine-tuned,"7,7,8"
5803,fine-tuned,"2,1,4"
5804,fine-tuned,"7,1,9"
5805,fine-tuned,"6,9,9"
5806,fine-tuned,"8,6,6"
5807,fine-tuned,"9,3,6"
5808,fine-tuned,"3,6,1"
5809,fine-tuned,"7,3,1"
5810,fine-tuned,"1,8,7"
5811,fine-tuned,"6,2,4"
5812,fine-tuned,"1,9,1"
5813,fine-tuned,"4,9,5"
5814,fine-tuned,"8,9,1"
5815,fine-tuned,"1,9,7"
5816,fine-tuned,"1,9,2"
5817,fine-tuned,"3,9,2"
5818,fine-tuned,"9,7,7"
5819,fine-tuned,"8,6,9"
5820,fine-tuned,"1,1,6"
5821,fine-tuned,"4,2,3"
5822,fine-tuned,"1,1,7"
5823,fine-tuned,"1,9,3"
5824,fine-tuned,"6,1,6"
5825,fine-tuned,"2,7,2"
5826,fine-tuned,"9,4,9"
5827,fine-tuned,"8,6,6"
5828,fine-tuned,"2,9,1"
5829,fine-tuned,"3,5,9"
5830,fine-tuned,"2,8,9"
5831,fine-tuned,"9,8,3"
5832,fine-tuned,"9,1,5"
5833,fine-tuned,"9,7,2"
5834,fine-tuned,"6,9,5"
5835,fine-tuned,"9,6,8"
5836,fine-tuned,"9,6,8"
5837,fine-tuned,"7,6,4"
5838,fine-tuned,"7,1,7"
5839,fine-tuned,"1,2,7"
5840,fine-tuned,"5,4,1"
5841,fine-tuned,"3,7,1"
5842,fine-tuned,"5,6,4"
5843,fine-tuned,"7,6,2"
5844,fine-tuned,"9,3,9"
5845,fine-tuned,"6,8,4"
5846,fine-tuned,"8,6,1"
5847,fine-tuned,"6,2,8"
5848,fine-tuned,"5,3,6"
5849,fine-tuned,"5,7,9"
5850,fine-tuned,"9,6,5"
5851,fine-tuned,"6,5,2"
5852,fine-tuned,"1,9,6"
5853,fine-tuned,"6,2,4"
5854,fine-tuned,"5,7,4"
5855,fine-tuned,"5,1,3"
5856,fine-tuned,"7,9,6"
5857,fine-tuned,"4,9,5"
5858,fine-tuned,"6,5,6"
5859,fine-tuned,"6,7,8"
5860,fine-tuned,"2,5,9"
5861,fine-tuned,"2,4,6"
5862,fine-tuned,"6,1,5"
5863,fine-tuned,"1,5,5"
5864,fine-tuned,"8,7,3"
5865,fine-tuned,"6,9,7"
5866,fine-tuned,"1,6,5"
5867,fine-tuned,"9,9,6"
5868,fine-tuned,"9,9,7"
5869,fine-tuned,"6,9,3"
5870,fine-tuned,"3,9,5"
5871,fine-tuned,"2,8,3"
5872,fine-tuned,"3,2,9"
5873,fine-tuned,"9,2,6"
5874,fine-tuned,"3,1,7"
5875,fine-tuned,"3,7,9"
5876,fine-tuned,"1,5,7"
5877,fine-tuned,"2,5,9"
5878,fine-tuned,"7,4,5"
5879,fine-tuned,"8,9,8"
5880,fine-tuned,"8,1,2"
5881,fine-tuned,"5,5,1"
5882,fine-tuned,"5,1,2"
5883,fine-tuned,"7,8,5"
5884,fine-tuned,"4,1,1"
5885,fine-tuned,"4,5,4"
5886,fine-tuned,"1,1,9"
5887,fine-tuned,"6,2,6"
5888,fine-tuned,"1,1,4"
5889,fine-tuned,"1,7,1"
5890,fine-tuned,"3,3,9"
5891,fine-tuned,"5,6,3"
5892,fine-tuned,"1,2,7"
5893,fine-tuned,"2,4,5"
5894,fine-tuned,"7,3,1"
5895,fine-tuned,"8,6,6"
5896,fine-tuned,"9,1,6"
5897,fine-tuned,"1,3,8"
5898,fine-tuned,"3,1,3"
5899,fine-tuned,"1,8,1"
5900,fine-tuned,"7,7,6"
5901,fine-tuned,"2,4,3"
5902,fine-tuned,"6,7,1"
5903,fine-tuned,"1,9,9"
5904,fine-tuned,"6,5,3"
5905,fine-tuned,"4,2,1"
5906,fine-tuned,"9,9,9"
5907,fine-tuned,"1,4,3"
5908,fine-tuned,"3,9,6"
5909,fine-tuned,"1,8,1"
5910,fine-tuned,"1,3,6"
5911,fine-tuned,"6,8,1"
5912,fine-tuned,"6,8,9"
5913,fine-tuned,"9,5,9"
5914,fine-tuned,"9,5,4"
5915,fine-tuned,"7,3,8"
5916,fine-tuned,"1,9,4"
5917,fine-tuned,"9,3,1"
5918,fine-tuned,"7,8,3"
5919,fine-tuned,"7,9,3"
5920,fine-tuned,"5,8,6"
5921,fine-tuned,"5,9,9"
5922,fine-tuned,"2,9,3"
5923,fine-tuned,"6,9,5"
5924,fine-tuned,"5,6,6"
5925,fine-tuned,"7,5,2"
5926,fine-tuned,"1,7,9"
5927,fine-tuned,"3,7,9"
5928,fine-tuned,"3,4,9"
5929,fine-tuned,"1,4,5"
5930,fine-tuned,"7,2,8"
5931,fine-tuned,"4,9,6"
5932,fine-tuned,"3,8,2"
5933,fine-tuned,"5,7,1"
5934,fine-tuned,"5,4,8"
5935,fine-tuned,"8,7,6"
5936,fine-tuned,"7,7,4"
5937,fine-tuned,"4,5,5"
5938,fine-tuned,"9,6,6"
5939,fine-tuned,"9,4,3"
5940,fine-tuned,"9,9,4"
5941,fine-tuned,"1,5,8"
5942,fine-tuned,"1,8,2"
5943,fine-tuned,"4,8,7"
5944,fine-tuned,"3,3,1"
5945,fine-tuned,"8,3,9"
5946,fine-tuned,"6,4,2"
5947,fine-tuned,"6,2,7"
5948,fine-tuned,"8,4,2"
5949,fine-tuned,"9,4,4"
5950,fine-tuned,"1,9,6"
5951,fine-tuned,"9,9,4"
5952,fine-tuned,"2,9,9"
5953,fine-tuned,"4,2,4"
5954,fine-tuned,"1,2,8"
5955,fine-tuned,"7,5,6"
5956,fine-tuned,"5,5,8"
5957,fine-tuned,"5,9,6"
5958,fine-tuned,"4,8,4"
5959,fine-tuned,"7,3,8"
5960,fine-tuned,"8,8,4"
5961,fine-tuned,"6,5,3"
5962,fine-tuned,"1,9,1"
5963,fine-tuned,"2,4,9"
5964,fine-tuned,"5,6,1"
5965,fine-tuned,"5,1,2"
5966,fine-tuned,"7,4,4"
5967,fine-tuned,"7,6,4"
5968,fine-tuned,"8,7,9"
5969,fine-tuned,"1,8,2"
5970,fine-tuned,"1,9,2"
5971,fine-tuned,"3,7,8"
5972,fine-tuned,"2,1,2"
5973,fine-tuned,"8,3,8"
5974,fine-tuned,"6,2,2"
5975,fine-tuned,"2,7,1"
5976,fine-tuned,"5,1,8"
5977,fine-tuned,"7,5,1"
5978,fine-tuned,"3,3,1"
5979,fine-tuned,"5,8,4"
5980,fine-tuned,"1,3,1"
5981,fine-tuned,"7,1,4"
5982,fine-tuned,"6,4,4"
5983,fine-tuned,"1,4,8"
5984,fine-tuned,"6,1,6"
5985,fine-tuned,"5,3,7"
5986,fine-tuned,"8,1,8"
5987,fine-tuned,"2,8,1"
5988,fine-tuned,"2,6,3"
5989,fine-tuned,"7,2,4"
5990,fine-tuned,"2,6,7"
5991,fine-tuned,"3,8,6"
5992,fine-tuned,"1,4,1"
5993,fine-tuned,"1,8,5"
5994,fine-tuned,"4,3,9"
5995,fine-tuned,"8,7,6"
5996,fine-tuned,"7,8,8"
5997,fine-tuned,"5,1,1"
5998,fine-tuned,"4,5,9"
5999,fine-tuned,"3,8,3"
6000,fine-tuned,"8,5,9"
6001,fine-tuned,"5,6,2"
6002,fine-tuned,"2,9,1"
6003,fine-tuned,"7,3,4"
6004,fine-tuned,"5,3,3"
6005,fine-tuned,"8,9,7"
6006,fine-tuned,"2,4,5"
6007,fine-tuned,"1,1,8"
6008,fine-tuned,"7,8,5"
6009,fine-tuned,"8,9,6"
6010,fine-tuned,"1,1,9"
6011,fine-tuned,"1,5,8"
6012,fine-tuned,"9,6,2"
6013,fine-tuned,"3,4,3"
6014,fine-tuned,"4,9,8"
6015,fine-tuned,"1,5,8"
6016,fine-tuned,"2,1,9"
6017,fine-tuned,"9,7,7"
6018,fine-tuned,"3,1,9"
6019,fine-tuned,"4,7,9"
6020,fine-tuned,"5,5,2"
6021,fine-tuned,"5,3,8"
6022,fine-tuned,"1,1,4"
6023,fine-tuned,"9,8,5"
6024,fine-tuned,"5,2,8"
6025,fine-tuned,"1,1,6"
6026,fine-tuned,"7,6,3"
6027,fine-tuned,"4,9,9"
6028,fine-tuned,"3,9,9"
6029,fine-tuned,"9,7,5"
6030,fine-tuned,"6,6,9"
6031,fine-tuned,"2,3,9"
6032,fine-tuned,"3,2,2"
6033,fine-tuned,"7,7,8"
6034,fine-tuned,"7,5,5"
6035,fine-tuned,"8,5,9"
6036,fine-tuned,"2,5,7"
6037,fine-tuned,"1,6,8"
6038,fine-tuned,"2,9,8"
6039,fine-tuned,"9,8,2"
6040,fine-tuned,"5,8,1"
6041,fine-tuned,"1,7,8"
6042,fine-tuned,"3,1,3"
6043,fine-tuned,"6,2,3"
6044,fine-tuned,"6,9,3"
6045,fine-tuned,"4,5,3"
6046,fine-tuned,"4,8,8"
6047,fine-tuned,"9,8,8"
6048,fine-tuned,"1,6,5"
6049,fine-tuned,"6,5,1"
6050,fine-tuned,"8,4,9"
6051,fine-tuned,"7,2,5"
6052,fine-tuned,"5,8,7"
6053,fine-tuned,"2,8,4"
6054,fine-tuned,"9,9,4"
6055,fine-tuned,"4,9,7"
6056,fine-tuned,"4,6,5"
6057,fine-tuned,"9,9,6"
6058,fine-tuned,"4,4,1"
6059,fine-tuned,"8,2,6"
6060,fine-tuned,"7,6,4"
6061,fine-tuned,"7,2,4"
6062,fine-tuned,"8,1,4"
6063,fine-tuned,"1,7,4"
6064,fine-tuned,"3,8,3"
6065,fine-tuned,"9,5,4"
6066,fine-tuned,"1,9,1"
6067,fine-tuned,"4,9,9"
6068,fine-tuned,"6,9,4"
6069,fine-tuned,"7,3,3"
6070,fine-tuned,"4,4,3"
6071,fine-tuned,"5,4,1"
6072,fine-tuned,"6,7,2"
6073,fine-tuned,"4,1,7"
6074,fine-tuned,"3,8,4"
6075,fine-tuned,"3,9,2"
6076,fine-tuned,"5,7,2"
6077,fine-tuned,"9,8,6"
6078,fine-tuned,"4,3,7"
6079,fine-tuned,"6,9,4"
6080,fine-tuned,"2,4,9"
6081,fine-tuned,"4,7,9"
6082,fine-tuned,"4,4,9"
6083,fine-tuned,"6,7,5"
6084,fine-tuned,"4,1,2"
6085,fine-tuned,"9,4,3"
6086,fine-tuned,"7,7,5"
6087,fine-tuned,"5,8,4"
6088,fine-tuned,"6,5,9"
6089,fine-tuned,"2,8,9"
6090,fine-tuned,"6,9,2"
6091,fine-tuned,"4,9,1"
6092,fine-tuned,"3,8,7"
6093,fine-tuned,"4,9,3"
6094,fine-tuned,"4,1,9"
6095,fine-tuned,"9,3,8"
6096,fine-tuned,"6,3,6"
6097,fine-tuned,"8,5,2"
6098,fine-tuned,"5,2,1"
6099,fine-tuned,"1,1,7"
6100,fine-tuned,"8,1,1"
6101,fine-tuned,"3,6,4"
6102,fine-tuned,"4,4,1"
6103,fine-tuned,"7,3,6"
6104,fine-tuned,"5,4,4"
6105,fine-tuned,"1,3,9"
6106,fine-tuned,"1,7,5"
6107,fine-tuned,"6,6,4"
6108,fine-tuned,"2,5,1"
6109,fine-tuned,"7,1,9"
6110,fine-tuned,"1,7,7"
6111,fine-tuned,"6,8,2"
6112,fine-tuned,"4,3,8"
6113,fine-tuned,"8,9,9"
6114,fine-tuned,"4,3,6"
6115,fine-tuned,"9,7,6"
6116,fine-tuned,"5,5,1"
6117,fine-tuned,"8,5,1"
6118,fine-tuned,"1,4,7"
6119,fine-tuned,"2,1,6"
6120,fine-tuned,"6,3,5"
6121,fine-tuned,"1,6,3"
6122,fine-tuned,"3,8,7"
6123,fine-tuned,"9,6,9"
6124,fine-tuned,"3,5,7"
6125,fine-tuned,"2,5,6"
6126,fine-tuned,"9,8,6"
6127,fine-tuned,"9,3,4"
6128,fine-tuned,"1,8,4"
6129,fine-tuned,"1,5,6"
6130,fine-tuned,"5,7,5"
6131,fine-tuned,"5,4,3"
6132,fine-tuned,"4,9,5"
6133,fine-tuned,"8,8,9"
6134,fine-tuned,"3,1,7"
6135,fine-tuned,"2,7,6"
6136,fine-tuned,"6,5,9"
6137,fine-tuned,"2,2,7"
6138,fine-tuned,"3,1,8"
6139,fine-tuned,"1,5,1"
6140,fine-tuned,"5,8,4"
6141,fine-tuned,"8,8,7"
6142,fine-tuned,"9,4,1"
6143,fine-tuned,"8,4,4"
6144,fine-tuned,"2,1,7"
6145,fine-tuned,"3,8,5"
6146,fine-tuned,"3,7,9"
6147,fine-tuned,"9,6,4"
6148,fine-tuned,"5,3,1"
6149,fine-tuned,"6,3,8"
6150,fine-tuned,"9,9,3"
6151,fine-tuned,"6,9,8"
6152,fine-tuned,"1,9,5"
6153,fine-tuned,"7,7,2"
6154,fine-tuned,"7,3,3"
6155,fine-tuned,"9,9,4"
6156,fine-tuned,"3,7,4"
6157,fine-tuned,"8,5,1"
6158,fine-tuned,"7,6,3"
6159,fine-tuned,"6,9,3"
6160,fine-tuned,"9,6,9"
6161,fine-tuned,"4,7,2"
6162,fine-tuned,"3,5,5"
6163,fine-tuned,"6,6,1"
6164,fine-tuned,"2,9,7"
6165,fine-tuned,"4,2,6"
6166,fine-tuned,"6,4,9"
6167,fine-tuned,"1,1,5"
6168,fine-tuned,"7,9,6"
6169,fine-tuned,"7,1,1"
6170,fine-tuned,"5,2,9"
6171,fine-tuned,"8,2,6"
6172,fine-tuned,"9,2,9"
6173,fine-tuned,"8,6,4"
6174,fine-tuned,"1,8,6"
6175,fine-tuned,"1,1,2"
6176,fine-tuned,"4,3,3"
6177,fine-tuned,"1,4,8"
6178,fine-tuned,"4,3,9"
6179,fine-tuned,"2,1,5"
6180,fine-tuned,"7,2,7"
6181,fine-tuned,"7,9,6"
6182,fine-tuned,"7,8,2"
6183,fine-tuned,"3,8,5"
6184,fine-tuned,"7,8,9"
6185,fine-tuned,"9,6,3"
6186,fine-tuned,"8,6,6"
6187,fine-tuned,"1,3,5"
6188,fine-tuned,"2,6,9"
6189,fine-tuned,"5,1,4"
6190,fine-tuned,"4,8,5"
6191,fine-tuned,"4,1,5"
6192,fine-tuned,"5,5,5"
6193,fine-tuned,"2,8,2"
6194,fine-tuned,"3,6,8"
6195,fine-tuned,"7,8,4"
6196,fine-tuned,"9,6,4"
6197,fine-tuned,"4,7,5"
6198,fine-tuned,"5,1,8"
6199,fine-tuned,"4,6,8"
6200,fine-tuned,"5,4,6"
6201,fine-tuned,"9,5,3"
6202,fine-tuned,"7,5,7"
6203,fine-tuned,"3,5,4"
6204,fine-tuned,"4,3,2"
6205,fine-tuned,"7,5,4"
6206,fine-tuned,"3,7,4"
6207,fine-tuned,"1,3,7"
6208,fine-tuned,"9,8,1"
6209,fine-tuned,"1,1,8"
6210,fine-tuned,"1,9,9"
6211,fine-tuned,"3,2,3"
6212,fine-tuned,"5,7,4"
6213,fine-tuned,"5,9,4"
6214,fine-tuned,"2,8,5"
6215,fine-tuned,"4,2,5"
6216,fine-tuned,"1,4,5"
6217,fine-tuned,"3,9,3"
6218,fine-tuned,"8,9,7"
6219,fine-tuned,"1,4,8"
6220,fine-tuned,"1,2,5"
6221,fine-tuned,"4,8,6"
6222,fine-tuned,"6,9,3"
6223,fine-tuned,"4,4,8"
6224,fine-tuned,"2,3,8"
6225,fine-tuned,"6,4,6"
6226,fine-tuned,"4,9,8"
6227,fine-tuned,"9,2,1"
6228,fine-tuned,"4,1,1"
6229,fine-tuned,"3,9,3"
6230,fine-tuned,"9,9,5"
6231,fine-tuned,"1,4,9"
6232,fine-tuned,"4,8,9"
6233,fine-tuned,"7,5,7"
6234,fine-tuned,"9,9,6"
6235,fine-tuned,"5,1,1"
6236,fine-tuned,"1,6,8"
6237,fine-tuned,"8,6,6"
6238,fine-tuned,"3,2,4"
6239,fine-tuned,"8,1,6"
6240,fine-tuned,"7,1,4"
6241,fine-tuned,"2,1,8"
6242,fine-tuned,"3,2,8"
6243,fine-tuned,"2,7,7"
6244,fine-tuned,"7,2,9"
6245,fine-tuned,"7,9,9"
6246,fine-tuned,"2,6,6"
6247,fine-tuned,"3,1,2"
6248,fine-tuned,"4,9,3"
6249,fine-tuned,"2,8,6"
6250,fine-tuned,"1,8,7"
6251,fine-tuned,"8,1,7"
6252,fine-tuned,"7,7,9"
6253,fine-tuned,"4,5,9"
6254,fine-tuned,"2,4,4"
6255,fine-tuned,"2,6,6"
6256,fine-tuned,"8,6,4"
6257,fine-tuned,"3,7,2"
6258,fine-tuned,"5,2,5"
6259,fine-tuned,"7,8,5"
6260,fine-tuned,"8,1,7"
6261,fine-tuned,"9,6,7"
6262,fine-tuned,"8,3,2"
6263,fine-tuned,"5,9,2"
6264,fine-tuned,"7,3,6"
6265,fine-tuned,"5,8,8"
6266,fine-tuned,"5,8,8"
6267,fine-tuned,"7,1,4"
6268,fine-tuned,"8,2,8"
6269,fine-tuned,"1,8,3"
6270,fine-tuned,"2,6,7"
6271,fine-tuned,"3,8,6"
6272,fine-tuned,"5,7,8"
6273,fine-tuned,"5,1,6"
6274,fine-tuned,"7,6,4"
6275,fine-tuned,"3,6,2"
6276,fine-tuned,"7,1,8"
6277,fine-tuned,"9,6,4"
6278,fine-tuned,"6,1,5"
6279,fine-tuned,"8,1,9"
6280,fine-tuned,"8,7,8"
6281,fine-tuned,"8,6,5"
6282,fine-tuned,"3,1,1"
6283,fine-tuned,"1,7,1"
6284,fine-tuned,"3,7,2"
6285,fine-tuned,"6,6,7"
6286,fine-tuned,"8,1,8"
6287,fine-tuned,"3,8,6"
6288,fine-tuned,"4,7,5"
6289,fine-tuned,"1,7,9"
6290,fine-tuned,"1,5,4"
6291,fine-tuned,"8,9,1"
6292,fine-tuned,"9,2,5"
6293,fine-tuned,"1,2,9"
6294,fine-tuned,"5,1,1"
6295,fine-tuned,"6,5,8"
6296,fine-tuned,"9,5,3"
6297,fine-tuned,"6,9,1"
6298,fine-tuned,"5,6,6"
6299,fine-tuned,"8,2,6"
6300,fine-tuned,"9,4,3"
6301,fine-tuned,"3,8,4"
6302,fine-tuned,"2,4,4"
6303,fine-tuned,"6,7,8"
6304,fine-tuned,"3,3,9"
6305,fine-tuned,"5,9,9"
6306,fine-tuned,"1,1,6"
6307,fine-tuned,"1,4,9"
6308,fine-tuned,"9,8,9"
6309,fine-tuned,"7,9,5"
6310,fine-tuned,"9,3,4"
6311,fine-tuned,"8,9,1"
6312,fine-tuned,"2,7,9"
6313,fine-tuned,"5,2,9"
6314,fine-tuned,"1,6,5"
6315,fine-tuned,"6,5,5"
6316,fine-tuned,"3,8,3"
6317,fine-tuned,"8,8,3"
6318,fine-tuned,"1,5,8"
6319,fine-tuned,"9,2,8"
6320,fine-tuned,"6,5,4"
6321,fine-tuned,"4,3,3"
6322,fine-tuned,"5,6,7"
6323,fine-tuned,"7,2,8"
6324,fine-tuned,"6,4,3"
6325,fine-tuned,"9,4,7"
6326,fine-tuned,"3,5,8"
6327,fine-tuned,"1,2,2"
6328,fine-tuned,"4,1,8"
6329,fine-tuned,"3,4,7"
6330,fine-tuned,"2,6,3"
6331,fine-tuned,"7,2,4"
6332,fine-tuned,"7,5,7"
6333,fine-tuned,"8,9,7"
6334,fine-tuned,"3,6,3"
6335,fine-tuned,"9,3,2"
6336,fine-tuned,"8,3,8"
6337,fine-tuned,"6,5,5"
6338,fine-tuned,"8,3,1"
6339,fine-tuned,"1,2,1"
6340,fine-tuned,"3,1,6"
6341,fine-tuned,"6,3,4"
6342,fine-tuned,"1,9,6"
6343,fine-tuned,"6,8,5"
6344,fine-tuned,"8,1,1"
6345,fine-tuned,"1,4,2"
6346,fine-tuned,"2,6,8"
6347,fine-tuned,"1,7,2"
6348,fine-tuned,"2,8,9"
6349,fine-tuned,"5,8,2"
6350,fine-tuned,"5,8,5"
6351,fine-tuned,"4,1,6"
6352,fine-tuned,"3,6,4"
6353,fine-tuned,"9,7,9"
6354,fine-tuned,"6,5,6"
6355,fine-tuned,"6,1,3"
6356,fine-tuned,"9,2,9"
6357,fine-tuned,"3,3,8"
6358,fine-tuned,"2,1,8"
6359,fine-tuned,"3,8,5"
6360,fine-tuned,"1,1,3"
6361,fine-tuned,"1,6,3"
6362,fine-tuned,"2,2,6"
6363,fine-tuned,"8,3,1"
6364,fine-tuned,"6,2,3"
6365,fine-tuned,"8,1,5"
6366,fine-tuned,"6,2,3"
6367,fine-tuned,"3,2,3"
6368,fine-tuned,"3,9,7"
6369,fine-tuned,"1,7,4"
6370,fine-tuned,"9,5,8"
6371,fine-tuned,"1,3,8"
6372,fine-tuned,"3,3,6"
6373,fine-tuned,"9,9,8"
6374,fine-tuned,"4,6,8"
6375,fine-tuned,"1,4,3"
6376,fine-tuned,"5,7,8"
6377,fine-tuned,"8,6,7"
6378,fine-tuned,"3,8,4"
6379,fine-tuned,"8,8,9"
6380,fine-tuned,"1,1,6"
6381,fine-tuned,"1,1,9"
6382,fine-tuned,"8,7,9"
6383,fine-tuned,"1,6,8"
6384,fine-tuned,"4,4,4"
6385,fine-tuned,"5,9,5"
6386,fine-tuned,"9,6,8"
6387,fine-tuned,"3,6,2"
6388,fine-tuned,"3,5,1"
6389,fine-tuned,"5,2,1"
6390,fine-tuned,"8,8,4"
6391,fine-tuned,"2,9,7"
6392,fine-tuned,"6,6,1"
6393,fine-tuned,"5,2,3"
6394,fine-tuned,"8,3,1"
6395,fine-tuned,"1,4,4"
6396,fine-tuned,"9,6,8"
6397,fine-tuned,"7,4,4"
6398,fine-tuned,"6,4,6"
6399,fine-tuned,"1,3,4"
6400,fine-tuned,"3,2,3"
6401,fine-tuned,"1,8,5"
6402,fine-tuned,"9,9,6"
6403,fine-tuned,"6,4,8"
6404,fine-tuned,"6,6,9"
6405,fine-tuned,"7,1,5"
6406,fine-tuned,"1,3,4"
6407,fine-tuned,"1,8,4"
6408,fine-tuned,"8,4,5"
6409,fine-tuned,"4,8,6"
6410,fine-tuned,"4,1,2"
6411,fine-tuned,"5,1,9"
6412,fine-tuned,"9,6,3"
6413,fine-tuned,"7,3,4"
6414,fine-tuned,"1,1,6"
6415,fine-tuned,"7,4,9"
6416,fine-tuned,"8,9,6"
6417,fine-tuned,"1,2,2"
6418,fine-tuned,"3,8,5"
6419,fine-tuned,"5,5,9"
6420,fine-tuned,"5,3,8"
6421,fine-tuned,"7,9,8"
6422,fine-tuned,"5,2,7"
6423,fine-tuned,"9,1,6"
6424,fine-tuned,"4,7,8"
6425,fine-tuned,"7,9,3"
6426,fine-tuned,"6,4,9"
6427,fine-tuned,"1,6,1"
6428,fine-tuned,"9,2,1"
6429,fine-tuned,"9,9,8"
6430,fine-tuned,"7,1,6"
6431,fine-tuned,"6,6,9"
6432,fine-tuned,"7,3,9"
6433,fine-tuned,"1,9,4"
6434,fine-tuned,"3,8,1"
6435,fine-tuned,"7,5,4"
6436,fine-tuned,"1,1,8"
6437,fine-tuned,"5,1,8"
6438,fine-tuned,"2,1,5"
6439,fine-tuned,"9,1,3"
6440,fine-tuned,"8,9,7"
6441,fine-tuned,"7,3,2"
6442,fine-tuned,"9,7,1"
6443,fine-tuned,"9,9,3"
6444,fine-tuned,"8,4,7"
6445,fine-tuned,"9,7,8"
6446,fine-tuned,"4,9,2"
6447,fine-tuned,"2,5,7"
6448,fine-tuned,"8,8,7"
6449,fine-tuned,"9,3,9"
6450,fine-tuned,"9,2,2"
6451,fine-tuned,"4,8,3"
6452,fine-tuned,"9,9,5"
6453,fine-tuned,"8,6,5"
6454,fine-tuned,"5,2,8"
6455,fine-tuned,"9,2,7"
6456,fine-tuned,"1,8,3"
6457,fine-tuned,"2,9,6"
6458,fine-tuned,"7,1,5"
6459,fine-tuned,"8,3,2"
6460,fine-tuned,"5,9,1"
6461,fine-tuned,"6,7,9"
6462,fine-tuned,"3,9,9"
6463,fine-tuned,"9,9,7"
6464,fine-tuned,"8,8,6"
6465,fine-tuned,"6,2,9"
6466,fine-tuned,"8,5,2"
6467,fine-tuned,"2,9,8"
6468,fine-tuned,"4,7,8"
6469,fine-tuned,"5,2,1"
6470,fine-tuned,"3,3,6"
6471,fine-tuned,"1,8,8"
6472,fine-tuned,"5,4,6"
6473,fine-tuned,"4,9,7"
6474,fine-tuned,"7,9,4"
6475,fine-tuned,"5,7,9"
6476,fine-tuned,"1,1,4"
6477,fine-tuned,"6,4,8"
6478,fine-tuned,"9,7,1"
6479,fine-tuned,"5,9,9"
6480,fine-tuned,"5,7,3"
6481,fine-tuned,"2,1,4"
6482,fine-tuned,"9,5,5"
6483,fine-tuned,"1,3,5"
6484,fine-tuned,"9,4,3"
6485,fine-tuned,"8,5,3"
6486,fine-tuned,"5,6,1"
6487,fine-tuned,"3,5,9"
6488,fine-tuned,"9,3,6"
6489,fine-tuned,"8,8,1"
6490,fine-tuned,"5,9,1"
6491,fine-tuned,"7,6,2"
6492,fine-tuned,"7,5,3"
6493,fine-tuned,"5,1,1"
6494,fine-tuned,"9,6,1"
6495,fine-tuned,"8,1,2"
6496,fine-tuned,"9,1,1"
6497,fine-tuned,"4,2,6"
6498,fine-tuned,"1,8,8"
6499,fine-tuned,"5,2,8"
6500,fine-tuned,"2,7,2"
6501,fine-tuned,"1,7,3"
6502,fine-tuned,"8,7,2"
6503,fine-tuned,"6,1,3"
6504,fine-tuned,"2,3,1"
6505,fine-tuned,"2,9,5"
6506,fine-tuned,"6,3,6"
6507,fine-tuned,"5,8,8"
6508,fine-tuned,"8,4,7"
6509,fine-tuned,"5,7,8"
6510,fine-tuned,"9,7,6"
6511,fine-tuned,"9,3,1"
6512,fine-tuned,"9,7,4"
6513,fine-tuned,"7,9,5"
6514,fine-tuned,"8,2,2"
6515,fine-tuned,"1,1,7"
6516,fine-tuned,"4,9,7"
6517,fine-tuned,"2,9,7"
6518,fine-tuned,"9,1,3"
6519,fine-tuned,"6,9,9"
6520,fine-tuned,"4,1,1"
6521,fine-tuned,"8,5,5"
6522,fine-tuned,"1,9,9"
6523,fine-tuned,"9,5,3"
6524,fine-tuned,"9,6,8"
6525,fine-tuned,"5,3,2"
6526,fine-tuned,"1,9,2"
6527,fine-tuned,"9,1,5"
6528,fine-tuned,"6,9,4"
6529,fine-tuned,"2,4,3"
6530,fine-tuned,"9,8,7"
6531,fine-tuned,"6,7,7"
6532,fine-tuned,"4,1,3"
6533,fine-tuned,"6,3,6"
6534,fine-tuned,"2,9,4"
6535,fine-tuned,"8,9,7"
6536,fine-tuned,"2,8,9"
6537,fine-tuned,"1,4,1"
6538,fine-tuned,"8,6,8"
6539,fine-tuned,"8,6,4"
6540,fine-tuned,"4,2,1"
6541,fine-tuned,"9,3,2"
6542,fine-tuned,"6,1,4"
6543,fine-tuned,"4,4,3"
6544,fine-tuned,"9,4,7"
6545,fine-tuned,"1,2,5"
6546,fine-tuned,"8,6,2"
6547,fine-tuned,"3,8,7"
6548,fine-tuned,"6,5,1"
6549,fine-tuned,"2,9,1"
6550,fine-tuned,"8,3,8"
6551,fine-tuned,"2,4,4"
6552,fine-tuned,"4,4,8"
6553,fine-tuned,"6,6,2"
6554,fine-tuned,"1,8,2"
6555,fine-tuned,"4,3,5"
6556,fine-tuned,"3,9,5"
6557,fine-tuned,"2,8,7"
6558,fine-tuned,"6,8,3"
6559,fine-tuned,"6,3,8"
6560,fine-tuned,"2,6,5"
6561,fine-tuned,"5,9,2"
6562,fine-tuned,"4,3,9"
6563,fine-tuned,"6,9,4"
6564,fine-tuned,"1,3,3"
6565,fine-tuned,"4,4,7"
6566,fine-tuned,"2,2,5"
6567,fine-tuned,"2,8,9"
6568,fine-tuned,"7,6,1"
6569,fine-tuned,"6,5,9"
6570,fine-tuned,"9,3,5"
6571,fine-tuned,"5,2,1"
6572,fine-tuned,"2,7,4"
6573,fine-tuned,"5,6,8"
6574,fine-tuned,"8,4,9"
6575,fine-tuned,"1,3,8"
6576,fine-tuned,"1,2,9"
6577,fine-tuned,"3,8,2"
6578,fine-tuned,"9,5,8"
6579,fine-tuned,"1,8,9"
6580,fine-tuned,"5,6,6"
6581,fine-tuned,"2,3,1"
6582,fine-tuned,"8,6,3"
6583,fine-tuned,"4,4,1"
6584,fine-tuned,"6,3,8"
6585,fine-tuned,"4,6,2"
6586,fine-tuned,"9,9,1"
6587,fine-tuned,"3,1,5"
6588,fine-tuned,"7,2,8"
6589,fine-tuned,"1,3,1"
6590,fine-tuned,"9,3,6"
6591,fine-tuned,"9,8,7"
6592,fine-tuned,"8,9,9"
6593,fine-tuned,"9,1,9"
6594,fine-tuned,"3,7,1"
6595,fine-tuned,"7,7,8"
6596,fine-tuned,"6,6,7"
6597,fine-tuned,"9,9,8"
6598,fine-tuned,"7,3,8"
6599,fine-tuned,"8,2,7"
6600,fine-tuned,"9,8,8"
6601,fine-tuned,"6,1,4"
6602,fine-tuned,"8,9,4"
6603,fine-tuned,"5,2,7"
6604,fine-tuned,"5,3,3"
6605,fine-tuned,"7,9,8"
6606,fine-tuned,"1,9,9"
6607,fine-tuned,"3,2,9"
6608,fine-tuned,"5,3,9"
6609,fine-tuned,"4,5,6"
6610,fine-tuned,"1,6,7"
6611,fine-tuned,"8,1,9"
6612,fine-tuned,"8,6,3"
6613,fine-tuned,"5,3,6"
6614,fine-tuned,"4,4,8"
6615,fine-tuned,"9,9,2"
6616,fine-tuned,"4,6,5"
6617,fine-tuned,"8,6,8"
6618,fine-tuned,"2,4,9"
6619,fine-tuned,"3,3,1"
6620,fine-tuned,"6,2,3"
6621,fine-tuned,"2,7,5"
6622,fine-tuned,"4,2,8"
6623,fine-tuned,"9,8,3"
6624,fine-tuned,"9,4,1"
6625,fine-tuned,"5,5,5"
6626,fine-tuned,"2,4,5"
6627,fine-tuned,"4,5,6"
6628,fine-tuned,"8,6,7"
6629,fine-tuned,"5,5,8"
6630,fine-tuned,"9,5,3"
6631,fine-tuned,"8,1,9"
6632,fine-tuned,"2,8,9"
6633,fine-tuned,"4,7,7"
6634,fine-tuned,"2,7,5"
6635,fine-tuned,"9,9,7"
6636,fine-tuned,"8,5,6"
6637,fine-tuned,"6,2,3"
6638,fine-tuned,"5,7,4"
6639,fine-tuned,"3,9,5"
6640,fine-tuned,"4,1,3"
6641,fine-tuned,"7,1,1"
6642,fine-tuned,"9,4,5"
6643,fine-tuned,"7,7,5"
6644,fine-tuned,"7,1,4"
6645,fine-tuned,"7,2,4"
6646,fine-tuned,"8,6,6"
6647,fine-tuned,"7,3,6"
6648,fine-tuned,"1,2,6"
6649,fine-tuned,"3,2,9"
6650,fine-tuned,"3,3,7"
6651,fine-tuned,"1,1,9"
6652,fine-tuned,"4,1,6"
6653,fine-tuned,"1,2,2"
6654,fine-tuned,"7,4,8"
6655,fine-tuned,"3,9,2"
6656,fine-tuned,"5,4,3"
6657,fine-tuned,"5,8,4"
6658,fine-tuned,"8,7,5"
6659,fine-tuned,"1,8,8"
6660,fine-tuned,"8,3,3"
6661,fine-tuned,"4,4,1"
6662,fine-tuned,"9,2,4"
6663,fine-tuned,"1,6,5"
6664,fine-tuned,"1,2,2"
6665,fine-tuned,"8,4,9"
6666,fine-tuned,"4,1,6"
6667,fine-tuned,"4,4,5"
6668,fine-tuned,"9,1,2"
6669,fine-tuned,"7,1,9"
6670,fine-tuned,"6,4,1"
6671,fine-tuned,"2,1,6"
6672,fine-tuned,"6,2,8"
6673,fine-tuned,"8,8,6"
6674,fine-tuned,"9,8,4"
6675,fine-tuned,"8,8,8"
6676,fine-tuned,"8,6,2"
6677,fine-tuned,"5,6,4"
6678,fine-tuned,"8,9,7"
6679,fine-tuned,"2,7,9"
6680,fine-tuned,"7,8,9"
6681,fine-tuned,"8,5,9"
6682,fine-tuned,"8,1,4"
6683,fine-tuned,"7,9,1"
6684,fine-tuned,"3,4,6"
6685,fine-tuned,"4,2,1"
6686,fine-tuned,"8,7,8"
6687,fine-tuned,"2,6,7"
6688,fine-tuned,"7,9,4"
6689,fine-tuned,"1,5,2"
6690,fine-tuned,"1,9,5"
6691,fine-tuned,"7,8,9"
6692,fine-tuned,"1,4,9"
6693,fine-tuned,"8,5,1"
6694,fine-tuned,"7,5,1"
6695,fine-tuned,"2,3,1"
6696,fine-tuned,"8,8,3"
6697,fine-tuned,"4,6,5"
6698,fine-tuned,"6,8,4"
6699,fine-tuned,"1,9,1"
6700,fine-tuned,"5,9,8"
6701,fine-tuned,"3,1,3"
6702,fine-tuned,"8,5,7"
6703,fine-tuned,"3,3,4"
6704,fine-tuned,"4,7,6"
6705,fine-tuned,"2,4,5"
6706,fine-tuned,"5,5,4"
6707,fine-tuned,"7,1,4"
6708,fine-tuned,"4,4,7"
6709,fine-tuned,"9,5,3"
6710,fine-tuned,"6,9,5"
6711,fine-tuned,"9,8,8"
6712,fine-tuned,"3,1,5"
6713,fine-tuned,"1,6,2"
6714,fine-tuned,"3,5,6"
6715,fine-tuned,"1,9,7"
6716,fine-tuned,"3,7,6"
6717,fine-tuned,"9,6,6"
6718,fine-tuned,"2,2,1"
6719,fine-tuned,"2,8,8"
6720,fine-tuned,"9,9,2"
6721,fine-tuned,"6,2,7"
6722,fine-tuned,"1,5,9"
6723,fine-tuned,"3,2,1"
6724,fine-tuned,"8,8,1"
6725,fine-tuned,"4,7,8"
6726,fine-tuned,"4,9,6"
6727,fine-tuned,"3,8,5"
6728,fine-tuned,"8,4,1"
6729,fine-tuned,"6,1,8"
6730,fine-tuned,"3,3,8"
6731,fine-tuned,"3,5,7"
6732,fine-tuned,"9,1,9"
6733,fine-tuned,"7,6,9"
6734,fine-tuned,"3,6,4"
6735,fine-tuned,"4,6,6"
6736,fine-tuned,"9,9,7"
6737,fine-tuned,"9,4,1"
6738,fine-tuned,"4,7,9"
6739,fine-tuned,"6,7,7"
6740,fine-tuned,"8,9,7"
6741,fine-tuned,"5,3,6"
6742,fine-tuned,"9,9,8"
6743,fine-tuned,"6,8,6"
6744,fine-tuned,"2,7,7"
6745,fine-tuned,"3,8,4"
6746,fine-tuned,"4,3,5"
6747,fine-tuned,"3,5,6"
6748,fine-tuned,"1,9,6"
6749,fine-tuned,"3,2,3"
6750,fine-tuned,"3,2,4"
6751,fine-tuned,"5,2,6"
6752,fine-tuned,"6,5,8"
6753,fine-tuned,"6,8,3"
6754,fine-tuned,"6,3,4"
6755,fine-tuned,"7,1,4"
6756,fine-tuned,"6,1,5"
6757,fine-tuned,"3,2,4"
6758,fine-tuned,"1,1,3"
6759,fine-tuned,"7,3,8"
6760,fine-tuned,"4,8,7"
6761,fine-tuned,"4,8,9"
6762,fine-tuned,"3,1,6"
6763,fine-tuned,"2,3,3"
6764,fine-tuned,"1,9,1"
6765,fine-tuned,"3,1,1"
6766,fine-tuned,"4,7,1"
6767,fine-tuned,"5,5,3"
6768,fine-tuned,"6,3,6"
6769,fine-tuned,"5,3,2"
6770,fine-tuned,"9,1,7"
6771,fine-tuned,"9,1,8"
6772,fine-tuned,"1,5,3"
6773,fine-tuned,"6,2,6"
6774,fine-tuned,"7,8,9"
6775,fine-tuned,"8,7,2"
6776,fine-tuned,"6,6,4"
6777,fine-tuned,"6,6,2"
6778,fine-tuned,"4,5,2"
6779,fine-tuned,"5,7,1"
6780,fine-tuned,"2,3,8"
6781,fine-tuned,"4,3,5"
6782,fine-tuned,"4,3,5"
6783,fine-tuned,"9,9,2"
6784,fine-tuned,"1,8,5"
6785,fine-tuned,"6,1,1"
6786,fine-tuned,"2,4,9"
6787,fine-tuned,"8,6,6"
6788,fine-tuned,"3,5,4"
6789,fine-tuned,"5,7,5"
6790,fine-tuned,"3,2,8"
6791,fine-tuned,"1,9,6"
6792,fine-tuned,"5,4,2"
6793,fine-tuned,"1,7,4"
6794,fine-tuned,"9,5,7"
6795,fine-tuned,"1,7,3"
6796,fine-tuned,"3,9,8"
6797,fine-tuned,"7,2,4"
6798,fine-tuned,"5,4,7"
6799,fine-tuned,"4,3,2"
6800,fine-tuned,"4,6,2"
6801,fine-tuned,"9,7,2"
6802,fine-tuned,"6,9,7"
6803,fine-tuned,"5,2,3"
6804,fine-tuned,"5,9,8"
6805,fine-tuned,"7,3,2"
6806,fine-tuned,"9,6,7"
6807,fine-tuned,"5,6,8"
6808,fine-tuned,"8,8,3"
6809,fine-tuned,"7,9,4"
6810,fine-tuned,"4,1,9"
6811,fine-tuned,"7,6,7"
6812,fine-tuned,"3,3,6"
6813,fine-tuned,"7,7,1"
6814,fine-tuned,"6,8,3"
6815,fine-tuned,"9,6,3"
6816,fine-tuned,"6,4,8"
6817,fine-tuned,"1,1,3"
6818,fine-tuned,"8,5,2"
6819,fine-tuned,"7,1,1"
6820,fine-tuned,"3,1,6"
6821,fine-tuned,"5,8,2"
6822,fine-tuned,"9,2,2"
6823,fine-tuned,"5,3,1"
6824,fine-tuned,"6,3,7"
6825,fine-tuned,"1,8,6"
6826,fine-tuned,"6,2,2"
6827,fine-tuned,"5,1,2"
6828,fine-tuned,"5,3,4"
6829,fine-tuned,"6,7,9"
6830,fine-tuned,"9,7,8"
6831,fine-tuned,"8,5,9"
6832,fine-tuned,"5,7,6"
6833,fine-tuned,"5,7,3"
6834,fine-tuned,"1,8,4"
6835,fine-tuned,"5,2,5"
6836,fine-tuned,"4,1,5"
6837,fine-tuned,"1,5,9"
6838,fine-tuned,"2,4,7"
6839,fine-tuned,"1,6,7"
6840,fine-tuned,"7,6,6"
6841,fine-tuned,"5,6,2"
6842,fine-tuned,"1,6,8"
6843,fine-tuned,"4,1,8"
6844,fine-tuned,"9,7,9"
6845,fine-tuned,"2,4,7"
6846,fine-tuned,"1,6,3"
6847,fine-tuned,"3,5,5"
6848,fine-tuned,"6,9,3"
6849,fine-tuned,"9,1,4"
6850,fine-tuned,"7,8,9"
6851,fine-tuned,"1,6,8"
6852,fine-tuned,"6,4,8"
6853,fine-tuned,"8,3,3"
6854,fine-tuned,"4,9,8"
6855,fine-tuned,"1,4,8"
6856,fine-tuned,"5,6,5"
6857,fine-tuned,"2,9,2"
6858,fine-tuned,"9,3,4"
6859,fine-tuned,"9,3,6"
6860,fine-tuned,"9,7,2"
6861,fine-tuned,"3,4,5"
6862,fine-tuned,"9,8,6"
6863,fine-tuned,"9,9,6"
6864,fine-tuned,"1,6,8"
6865,fine-tuned,"1,6,8"
6866,fine-tuned,"8,9,4"
6867,fine-tuned,"7,4,4"
6868,fine-tuned,"8,9,3"
6869,fine-tuned,"5,3,8"
6870,fine-tuned,"5,1,2"
6871,fine-tuned,"4,5,9"
6872,fine-tuned,"7,4,8"
6873,fine-tuned,"7,4,2"
6874,fine-tuned,"3,5,1"
6875,fine-tuned,"7,5,9"
6876,fine-tuned,"4,1,2"
6877,fine-tuned,"7,7,7"
6878,fine-tuned,"3,2,5"
6879,fine-tuned,"2,2,9"
6880,fine-tuned,"6,2,3"
6881,fine-tuned,"1,3,1"
6882,fine-tuned,"1,9,1"
6883,fine-tuned,"4,3,4"
6884,fine-tuned,"6,1,2"
6885,fine-tuned,"8,9,9"
6886,fine-tuned,"9,3,2"
6887,fine-tuned,"9,2,1"
6888,fine-tuned,"9,9,1"
6889,fine-tuned,"1,9,2"
6890,fine-tuned,"7,5,8"
6891,fine-tuned,"9,9,5"
6892,fine-tuned,"5,6,6"
6893,fine-tuned,"5,4,6"
6894,fine-tuned,"2,2,5"
6895,fine-tuned,"1,3,7"
6896,fine-tuned,"6,4,4"
6897,fine-tuned,"6,4,7"
6898,fine-tuned,"5,4,8"
6899,fine-tuned,"8,6,7"
6900,fine-tuned,"3,2,9"
6901,fine-tuned,"6,4,4"
6902,fine-tuned,"3,1,5"
6903,fine-tuned,"4,4,7"
6904,fine-tuned,"2,4,5"
6905,fine-tuned,"1,7,3"
6906,fine-tuned,"9,6,9"
6907,fine-tuned,"3,8,6"
6908,fine-tuned,"7,9,5"
6909,fine-tuned,"9,8,8"
6910,fine-tuned,"6,4,4"
6911,fine-tuned,"7,4,3"
6912,fine-tuned,"6,1,9"
6913,fine-tuned,"8,2,6"
6914,fine-tuned,"8,5,1"
6915,fine-tuned,"5,9,3"
6916,fine-tuned,"6,1,9"
6917,fine-tuned,"5,4,4"
6918,fine-tuned,"9,8,7"
6919,fine-tuned,"7,9,5"
6920,fine-tuned,"9,6,9"
6921,fine-tuned,"9,9,9"
6922,fine-tuned,"1,6,9"
6923,fine-tuned,"3,4,4"
6924,fine-tuned,"4,6,9"
6925,fine-tuned,"4,2,6"
6926,fine-tuned,"4,7,5"
6927,fine-tuned,"8,8,9"
6928,fine-tuned,"4,7,3"
6929,fine-tuned,"6,5,7"
6930,fine-tuned,"4,5,6"
6931,fine-tuned,"4,8,3"
6932,fine-tuned,"3,8,5"
6933,fine-tuned,"4,1,9"
6934,fine-tuned,"2,6,1"
6935,fine-tuned,"9,9,6"
6936,fine-tuned,"6,8,1"
6937,fine-tuned,"4,2,7"
6938,fine-tuned,"3,7,7"
6939,fine-tuned,"7,2,1"
6940,fine-tuned,"3,3,3"
6941,fine-tuned,"6,8,4"
6942,fine-tuned,"1,7,3"
6943,fine-tuned,"5,1,8"
6944,fine-tuned,"9,9,3"
6945,fine-tuned,"9,7,8"
6946,fine-tuned,"6,1,8"
6947,fine-tuned,"9,4,5"
6948,fine-tuned,"5,2,1"
6949,fine-tuned,"9,2,9"
6950,fine-tuned,"1,6,3"
6951,fine-tuned,"4,9,8"
6952,fine-tuned,"3,9,7"
6953,fine-tuned,"6,6,5"
6954,fine-tuned,"9,4,5"
6955,fine-tuned,"2,7,6"
6956,fine-tuned,"4,5,7"
6957,fine-tuned,"3,1,3"
6958,fine-tuned,"3,3,8"
6959,fine-tuned,"4,9,7"
6960,fine-tuned,"3,1,2"
6961,fine-tuned,"7,2,5"
6962,fine-tuned,"7,8,8"
6963,fine-tuned,"9,8,6"
6964,fine-tuned,"4,6,6"
6965,fine-tuned,"3,4,5"
6966,fine-tuned,"6,8,7"
6967,fine-tuned,"1,6,7"
6968,fine-tuned,"4,9,9"
6969,fine-tuned,"2,9,4"
6970,fine-tuned,"6,6,8"
6971,fine-tuned,"3,9,5"
6972,fine-tuned,"6,1,1"
6973,fine-tuned,"2,7,6"
6974,fine-tuned,"7,1,9"
6975,fine-tuned,"8,4,2"
6976,fine-tuned,"6,7,4"
6977,fine-tuned,"8,9,2"
6978,fine-tuned,"5,1,9"
6979,fine-tuned,"7,6,8"
6980,fine-tuned,"4,6,5"
6981,fine-tuned,"1,8,7"
6982,fine-tuned,"1,4,1"
6983,fine-tuned,"4,6,2"
6984,fine-tuned,"4,4,1"
6985,fine-tuned,"6,9,9"
6986,fine-tuned,"3,2,2"
6987,fine-tuned,"3,5,6"
6988,fine-tuned,"6,9,1"
6989,fine-tuned,"4,9,5"
6990,fine-tuned,"6,8,5"
6991,fine-tuned,"4,8,9"
6992,fine-tuned,"3,3,7"
6993,fine-tuned,"2,6,1"
6994,fine-tuned,"1,1,2"
6995,fine-tuned,"1,7,3"
6996,fine-tuned,"8,5,1"
6997,fine-tuned,"8,5,4"
6998,fine-tuned,"8,4,2"
6999,fine-tuned,"1,5,4"
7000,fine-tuned,"9,4,2"
7001,fine-tuned,"6,7,2"
7002,fine-tuned,"7,7,2"
7003,fine-tuned,"8,6,2"
7004,fine-tuned,"3,1,5"
7005,fine-tuned,"9,5,6"
7006,fine-tuned,"6,4,6"
7007,fine-tuned,"9,4,1"
7008,fine-tuned,"8,2,1"
7009,fine-tuned,"4,2,2"
7010,fine-tuned,"4,6,3"
7011,fine-tuned,"4,8,4"
7012,fine-tuned,"8,6,7"
7013,fine-tuned,"4,7,2"
7014,fine-tuned,"5,9,6"
7015,fine-tuned,"7,8,9"
7016,fine-tuned,"7,1,8"
7017,fine-tuned,"4,7,7"
7018,fine-tuned,"7,1,1"
7019,fine-tuned,"1,6,6"
7020,fine-tuned,"8,5,7"
7021,fine-tuned,"7,6,2"
7022,fine-tuned,"7,3,9"
7023,fine-tuned,"1,2,8"
7024,fine-tuned,"3,1,1"
7025,fine-tuned,"3,7,8"
7026,fine-tuned,"9,2,1"
7027,fine-tuned,"3,1,5"
7028,fine-tuned,"6,4,9"
7029,fine-tuned,"4,6,9"
7030,fine-tuned,"1,6,9"
7031,fine-tuned,"2,9,1"
7032,fine-tuned,"5,9,8"
7033,fine-tuned,"8,6,1"
7034,fine-tuned,"9,5,7"
7035,fine-tuned,"1,7,8"
7036,fine-tuned,"4,4,8"
7037,fine-tuned,"5,5,9"
7038,fine-tuned,"2,8,4"
7039,fine-tuned,"9,7,6"
7040,fine-tuned,"9,7,2"
7041,fine-tuned,"3,5,4"
7042,fine-tuned,"8,4,5"
7043,fine-tuned,"5,1,5"
7044,fine-tuned,"9,5,3"
7045,fine-tuned,"6,9,7"
7046,fine-tuned,"3,6,7"
7047,fine-tuned,"6,2,1"
7048,fine-tuned,"6,3,8"
7049,fine-tuned,"7,6,6"
7050,fine-tuned,"9,2,2"
7051,fine-tuned,"6,3,1"
7052,fine-tuned,"1,5,3"
7053,fine-tuned,"8,4,6"
7054,fine-tuned,"5,7,7"
7055,fine-tuned,"2,6,5"
7056,fine-tuned,"9,8,4"
7057,fine-tuned,"6,2,1"
7058,fine-tuned,"7,9,9"
7059,fine-tuned,"7,2,4"
7060,fine-tuned,"3,1,3"
7061,fine-tuned,"4,9,9"
7062,fine-tuned,"8,9,4"
7063,fine-tuned,"1,2,9"
7064,fine-tuned,"3,9,2"
7065,fine-tuned,"1,4,6"
7066,fine-tuned,"3,9,1"
7067,fine-tuned,"3,4,9"
7068,fine-tuned,"6,6,8"
7069,fine-tuned,"9,4,2"
7070,fine-tuned,"1,4,6"
7071,fine-tuned,"1,1,6"
7072,fine-tuned,"3,5,9"
7073,fine-tuned,"3,9,5"
7074,fine-tuned,"9,5,9"
7075,fine-tuned,"9,3,3"
7076,fine-tuned,"1,1,1"
7077,fine-tuned,"4,8,4"
7078,fine-tuned,"9,3,9"
7079,fine-tuned,"7,4,3"
7080,fine-tuned,"9,7,2"
7081,fine-tuned,"5,8,7"
7082,fine-tuned,"6,4,1"
7083,fine-tuned,"4,6,1"
7084,fine-tuned,"4,2,5"
7085,fine-tuned,"1,8,6"
7086,fine-tuned,"9,2,5"
7087,fine-tuned,"3,2,1"
7088,fine-tuned,"1,6,5"
7089,fine-tuned,"1,5,8"
7090,fine-tuned,"9,7,1"
7091,fine-tuned,"8,6,1"
7092,fine-tuned,"3,8,9"
7093,fine-tuned,"8,8,8"
7094,fine-tuned,"5,2,3"
7095,fine-tuned,"9,5,5"
7096,fine-tuned,"2,5,6"
7097,fine-tuned,"3,4,4"
7098,fine-tuned,"1,9,9"
7099,fine-tuned,"7,2,5"
7100,fine-tuned,"9,4,8"
7101,fine-tuned,"1,8,1"
7102,fine-tuned,"4,2,5"
7103,fine-tuned,"5,4,1"
7104,fine-tuned,"2,5,4"
7105,fine-tuned,"6,8,5"
7106,fine-tuned,"2,9,5"
7107,fine-tuned,"3,1,6"
7108,fine-tuned,"5,5,8"
7109,fine-tuned,"5,3,6"
7110,fine-tuned,"5,3,3"
7111,fine-tuned,"3,7,6"
7112,fine-tuned,"5,2,5"
7113,fine-tuned,"3,4,8"
7114,fine-tuned,"1,9,5"
7115,fine-tuned,"5,4,1"
7116,fine-tuned,"6,8,2"
7117,fine-tuned,"4,5,1"
7118,fine-tuned,"7,8,2"
7119,fine-tuned,"6,3,4"
7120,fine-tuned,"5,1,7"
7121,fine-tuned,"8,9,4"
7122,fine-tuned,"2,3,3"
7123,fine-tuned,"7,8,7"
7124,fine-tuned,"3,5,1"
7125,fine-tuned,"8,4,8"
7126,fine-tuned,"1,7,1"
7127,fine-tuned,"4,2,3"
7128,fine-tuned,"5,3,8"
7129,fine-tuned,"5,3,2"
7130,fine-tuned,"5,8,7"
7131,fine-tuned,"3,6,3"
7132,fine-tuned,"6,6,5"
7133,fine-tuned,"5,6,4"
7134,fine-tuned,"6,1,8"
7135,fine-tuned,"1,4,9"
7136,fine-tuned,"5,8,5"
7137,fine-tuned,"7,1,8"
7138,fine-tuned,"5,2,3"
7139,fine-tuned,"4,9,1"
7140,fine-tuned,"2,2,7"
7141,fine-tuned,"2,8,4"
7142,fine-tuned,"3,1,3"
7143,fine-tuned,"7,6,7"
7144,fine-tuned,"2,6,1"
7145,fine-tuned,"8,9,9"
7146,fine-tuned,"6,7,4"
7147,fine-tuned,"3,7,2"
7148,fine-tuned,"6,6,8"
7149,fine-tuned,"9,4,7"
7150,fine-tuned,"2,2,3"
7151,fine-tuned,"6,1,2"
7152,fine-tuned,"8,5,6"
7153,fine-tuned,"5,1,5"
7154,fine-tuned,"5,3,9"
7155,fine-tuned,"4,9,9"
7156,fine-tuned,"3,8,9"
7157,fine-tuned,"6,9,9"
7158,fine-tuned,"5,8,5"
7159,fine-tuned,"9,4,7"
7160,fine-tuned,"2,1,5"
7161,fine-tuned,"1,7,4"
7162,fine-tuned,"7,9,8"
7163,fine-tuned,"6,8,7"
7164,fine-tuned,"5,5,5"
7165,fine-tuned,"5,2,7"
7166,fine-tuned,"1,4,5"
7167,fine-tuned,"2,5,8"
7168,fine-tuned,"5,4,9"
7169,fine-tuned,"9,2,4"
7170,fine-tuned,"5,8,6"
7171,fine-tuned,"3,2,7"
7172,fine-tuned,"6,6,9"
7173,fine-tuned,"6,2,3"
7174,fine-tuned,"8,9,4"
7175,fine-tuned,"8,4,9"
7176,fine-tuned,"7,4,1"
7177,fine-tuned,"7,8,6"
7178,fine-tuned,"6,4,7"
7179,fine-tuned,"4,3,4"
7180,fine-tuned,"3,8,6"
7181,fine-tuned,"2,2,7"
7182,fine-tuned,"3,4,5"
7183,fine-tuned,"3,8,2"
7184,fine-tuned,"6,9,5"
7185,fine-tuned,"9,3,1"
7186,fine-tuned,"6,4,3"
7187,fine-tuned,"2,4,9"
7188,fine-tuned,"9,2,8"
7189,fine-tuned,"1,7,8"
7190,fine-tuned,"1,7,7"
7191,fine-tuned,"7,2,6"
7192,fine-tuned,"5,6,2"
7193,fine-tuned,"2,8,3"
7194,fine-tuned,"4,7,3"
7195,fine-tuned,"7,1,3"
7196,fine-tuned,"8,5,7"
7197,fine-tuned,"7,4,7"
7198,fine-tuned,"1,9,6"
7199,fine-tuned,"5,5,1"
7200,fine-tuned,"6,7,5"
7201,fine-tuned,"9,7,1"
7202,fine-tuned,"5,7,4"
7203,fine-tuned,"3,1,6"
7204,fine-tuned,"2,1,1"
7205,fine-tuned,"2,5,1"
7206,fine-tuned,"3,8,1"
7207,fine-tuned,"6,4,8"
7208,fine-tuned,"3,7,4"
7209,fine-tuned,"7,8,8"
7210,fine-tuned,"2,2,5"
7211,fine-tuned,"8,3,4"
7212,fine-tuned,"1,4,3"
7213,fine-tuned,"7,5,8"
7214,fine-tuned,"8,4,3"
7215,fine-tuned,"7,7,6"
7216,fine-tuned,"3,8,2"
7217,fine-tuned,"1,8,6"
7218,fine-tuned,"1,9,3"
7219,fine-tuned,"8,2,1"
7220,fine-tuned,"1,4,9"
7221,fine-tuned,"3,7,6"
7222,fine-tuned,"7,9,7"
7223,fine-tuned,"6,7,4"
7224,fine-tuned,"7,4,1"
7225,fine-tuned,"2,2,5"
7226,fine-tuned,"7,8,5"
7227,fine-tuned,"4,1,7"
7228,fine-tuned,"9,2,8"
7229,fine-tuned,"1,1,9"
7230,fine-tuned,"2,5,2"
7231,fine-tuned,"9,4,3"
7232,fine-tuned,"8,8,3"
7233,fine-tuned,"6,3,5"
7234,fine-tuned,"1,9,5"
7235,fine-tuned,"6,4,7"
7236,fine-tuned,"7,1,1"
7237,fine-tuned,"8,7,6"
7238,fine-tuned,"1,3,5"
7239,fine-tuned,"2,7,9"
7240,fine-tuned,"7,8,3"
7241,fine-tuned,"4,4,8"
7242,fine-tuned,"4,7,3"
7243,fine-tuned,"8,4,3"
7244,fine-tuned,"6,8,1"
7245,fine-tuned,"6,5,8"
7246,fine-tuned,"7,4,2"
7247,fine-tuned,"9,8,9"
7248,fine-tuned,"7,8,9"
7249,fine-tuned,"8,2,6"
7250,fine-tuned,"7,7,4"
7251,fine-tuned,"6,5,3"
7252,fine-tuned,"4,7,3"
7253,fine-tuned,"2,2,7"
7254,fine-tuned,"3,9,6"
7255,fine-tuned,"8,2,5"
7256,fine-tuned,"9,9,4"
7257,fine-tuned,"2,6,4"
7258,fine-tuned,"1,4,7"
7259,fine-tuned,"6,7,8"
7260,fine-tuned,"5,6,2"
7261,fine-tuned,"3,1,3"
7262,fine-tuned,"8,4,5"
7263,fine-tuned,"9,5,5"
7264,fine-tuned,"7,1,6"
7265,fine-tuned,"3,5,6"
7266,fine-tuned,"2,4,5"
7267,fine-tuned,"3,6,5"
7268,fine-tuned,"1,4,1"
7269,fine-tuned,"7,1,4"
7270,fine-tuned,"8,3,8"
7271,fine-tuned,"4,7,9"
7272,fine-tuned,"5,4,3"
7273,fine-tuned,"4,5,6"
7274,fine-tuned,"2,3,3"
7275,fine-tuned,"1,2,1"
7276,fine-tuned,"8,4,4"
7277,fine-tuned,"9,2,4"
7278,fine-tuned,"1,4,4"
7279,fine-tuned,"7,8,7"
7280,fine-tuned,"8,1,5"
7281,fine-tuned,"7,3,1"
7282,fine-tuned,"1,1,7"
7283,fine-tuned,"2,5,4"
7284,fine-tuned,"2,6,7"
7285,fine-tuned,"3,6,6"
7286,fine-tuned,"2,5,6"
7287,fine-tuned,"6,6,5"
7288,fine-tuned,"9,6,5"
7289,fine-tuned,"9,1,9"
7290,fine-tuned,"8,4,7"
7291,fine-tuned,"1,5,5"
7292,fine-tuned,"8,3,7"
7293,fine-tuned,"2,1,7"
7294,fine-tuned,"6,6,5"
7295,fine-tuned,"4,3,5"
7296,fine-tuned,"9,3,2"
7297,fine-tuned,"6,7,4"
7298,fine-tuned,"8,3,6"
7299,fine-tuned,"5,9,9"
7300,fine-tuned,"5,1,9"
7301,fine-tuned,"7,5,1"
7302,fine-tuned,"4,6,1"
7303,fine-tuned,"5,7,6"
7304,fine-tuned,"7,5,1"
7305,fine-tuned,"3,5,1"
7306,fine-tuned,"3,4,5"
7307,fine-tuned,"3,5,5"
7308,fine-tuned,"5,8,9"
7309,fine-tuned,"4,5,4"
7310,fine-tuned,"9,7,5"
7311,fine-tuned,"1,4,6"
7312,fine-tuned,"5,6,3"
7313,fine-tuned,"4,8,8"
7314,fine-tuned,"2,8,1"
7315,fine-tuned,"9,6,6"
7316,fine-tuned,"1,6,5"
7317,fine-tuned,"1,9,1"
7318,fine-tuned,"5,1,2"
7319,fine-tuned,"9,8,6"
7320,fine-tuned,"5,8,4"
7321,fine-tuned,"1,8,7"
7322,fine-tuned,"7,1,8"
7323,fine-tuned,"2,3,7"
7324,fine-tuned,"9,3,1"
7325,fine-tuned,"9,9,8"
7326,fine-tuned,"5,1,5"
7327,fine-tuned,"2,2,8"
7328,fine-tuned,"6,5,9"
7329,fine-tuned,"4,8,4"
7330,fine-tuned,"8,4,3"
7331,fine-tuned,"9,7,6"
7332,fine-tuned,"5,9,6"
7333,fine-tuned,"8,7,9"
7334,fine-tuned,"7,8,7"
7335,fine-tuned,"6,3,4"
7336,fine-tuned,"5,8,9"
7337,fine-tuned,"6,9,7"
7338,fine-tuned,"4,3,3"
7339,fine-tuned,"8,8,6"
7340,fine-tuned,"6,8,7"
7341,fine-tuned,"5,4,4"
7342,fine-tuned,"2,7,3"
7343,fine-tuned,"6,5,1"
7344,fine-tuned,"8,1,3"
7345,fine-tuned,"4,9,1"
7346,fine-tuned,"2,4,4"
7347,fine-tuned,"5,1,5"
7348,fine-tuned,"6,5,7"
7349,fine-tuned,"6,9,6"
7350,fine-tuned,"3,8,8"
7351,fine-tuned,"9,8,2"
7352,fine-tuned,"5,3,2"
7353,fine-tuned,"9,7,8"
7354,fine-tuned,"1,8,8"
7355,fine-tuned,"4,7,6"
7356,fine-tuned,"6,9,4"
7357,fine-tuned,"1,7,1"
7358,fine-tuned,"6,8,2"
7359,fine-tuned,"5,4,4"
7360,fine-tuned,"5,1,1"
7361,fine-tuned,"9,3,1"
7362,fine-tuned,"7,4,1"
7363,fine-tuned,"6,1,9"
7364,fine-tuned,"7,7,6"
7365,fine-tuned,"6,9,7"
7366,fine-tuned,"3,7,7"
7367,fine-tuned,"1,6,7"
7368,fine-tuned,"6,2,3"
7369,fine-tuned,"5,5,3"
7370,fine-tuned,"1,1,7"
7371,fine-tuned,"1,5,6"
7372,fine-tuned,"9,7,5"
7373,fine-tuned,"6,8,8"
7374,fine-tuned,"8,8,1"
7375,fine-tuned,"3,5,8"
7376,fine-tuned,"8,4,6"
7377,fine-tuned,"7,5,2"
7378,fine-tuned,"3,6,1"
7379,fine-tuned,"4,7,7"
7380,fine-tuned,"3,6,2"
7381,fine-tuned,"6,7,9"
7382,fine-tuned,"5,4,5"
7383,fine-tuned,"8,8,3"
7384,fine-tuned,"6,8,8"
7385,fine-tuned,"9,8,3"
7386,fine-tuned,"3,1,8"
7387,fine-tuned,"4,7,4"
7388,fine-tuned,"6,6,7"
7389,fine-tuned,"5,8,1"
7390,fine-tuned,"9,2,8"
7391,fine-tuned,"5,3,9"
7392,fine-tuned,"2,2,3"
7393,fine-tuned,"1,8,4"
7394,fine-tuned,"8,8,9"
7395,fine-tuned,"3,1,5"
7396,fine-tuned,"9,8,1"
7397,fine-tuned,"3,7,9"
7398,fine-tuned,"9,2,4"
7399,fine-tuned,"2,2,8"
7400,fine-tuned,"7,9,6"
7401,fine-tuned,"1,7,1"
7402,fine-tuned,"1,5,9"
7403,fine-tuned,"5,6,2"
7404,fine-tuned,"4,6,7"
7405,fine-tuned,"7,3,1"
7406,fine-tuned,"3,7,9"
7407,fine-tuned,"5,3,1"
7408,fine-tuned,"8,3,6"
7409,fine-tuned,"6,5,2"
7410,fine-tuned,"3,1,9"
7411,fine-tuned,"1,2,6"
7412,fine-tuned,"2,9,6"
7413,fine-tuned,"3,3,7"
7414,fine-tuned,"6,4,4"
7415,fine-tuned,"3,8,8"
7416,fine-tuned,"2,4,7"
7417,fine-tuned,"1,6,9"
7418,fine-tuned,"2,6,9"
7419,fine-tuned,"2,1,3"
7420,fine-tuned,"2,3,4"
7421,fine-tuned,"2,9,2"
7422,fine-tuned,"2,4,9"
7423,fine-tuned,"2,2,3"
7424,fine-tuned,"7,3,4"
7425,fine-tuned,"8,3,5"
7426,fine-tuned,"6,6,2"
7427,fine-tuned,"5,6,6"
7428,fine-tuned,"5,1,4"
7429,fine-tuned,"2,9,4"
7430,fine-tuned,"2,5,9"
7431,fine-tuned,"4,2,9"
7432,fine-tuned,"1,8,3"
7433,fine-tuned,"4,6,6"
7434,fine-tuned,"5,2,1"
7435,fine-tuned,"1,6,6"
7436,fine-tuned,"1,9,1"
7437,fine-tuned,"9,9,2"
7438,fine-tuned,"2,3,7"
7439,fine-tuned,"7,4,5"
7440,fine-tuned,"3,6,4"
7441,fine-tuned,"1,1,7"
7442,fine-tuned,"8,6,6"
7443,fine-tuned,"2,1,2"
7444,fine-tuned,"3,7,1"
7445,fine-tuned,"1,9,6"
7446,fine-tuned,"3,2,3"
7447,fine-tuned,"1,9,4"
7448,fine-tuned,"7,6,1"
7449,fine-tuned,"1,9,9"
7450,fine-tuned,"1,6,3"
7451,fine-tuned,"2,9,6"
7452,fine-tuned,"5,4,5"
7453,fine-tuned,"9,7,9"
7454,fine-tuned,"5,2,1"
7455,fine-tuned,"1,8,2"
7456,fine-tuned,"1,5,4"
7457,fine-tuned,"2,1,3"
7458,fine-tuned,"1,5,5"
7459,fine-tuned,"3,3,9"
7460,fine-tuned,"7,7,1"
7461,fine-tuned,"5,5,1"
7462,fine-tuned,"4,9,6"
7463,fine-tuned,"3,1,3"
7464,fine-tuned,"7,9,9"
7465,fine-tuned,"1,3,9"
7466,fine-tuned,"5,5,8"
7467,fine-tuned,"9,3,5"
7468,fine-tuned,"6,7,8"
7469,fine-tuned,"5,9,6"
7470,fine-tuned,"8,2,4"
7471,fine-tuned,"3,3,1"
7472,fine-tuned,"3,2,2"
7473,fine-tuned,"9,5,4"
7474,fine-tuned,"8,4,4"
7475,fine-tuned,"8,8,6"
7476,fine-tuned,"6,1,2"
7477,fine-tuned,"8,9,3"
7478,fine-tuned,"2,1,6"
7479,fine-tuned,"2,9,4"
7480,fine-tuned,"2,8,6"
7481,fine-tuned,"4,9,3"
7482,fine-tuned,"1,4,4"
7483,fine-tuned,"8,8,2"
7484,fine-tuned,"5,3,6"
7485,fine-tuned,"3,3,3"
7486,fine-tuned,"3,1,4"
7487,fine-tuned,"2,4,2"
7488,fine-tuned,"3,4,7"
7489,fine-tuned,"1,7,1"
7490,fine-tuned,"4,7,4"
7491,fine-tuned,"1,6,9"
7492,fine-tuned,"9,6,7"
7493,fine-tuned,"1,2,7"
7494,fine-tuned,"8,3,4"
7495,fine-tuned,"2,1,9"
7496,fine-tuned,"1,7,1"
7497,fine-tuned,"8,9,9"
7498,fine-tuned,"1,5,9"
7499,fine-tuned,"4,5,2"
7500,fine-tuned,"2,8,8"
7501,fine-tuned,"8,2,5"
7502,fine-tuned,"4,8,1"
7503,fine-tuned,"8,5,8"
7504,fine-tuned,"5,2,1"
7505,fine-tuned,"9,9,7"
7506,fine-tuned,"5,8,4"
7507,fine-tuned,"2,5,3"
7508,fine-tuned,"8,5,4"
7509,fine-tuned,"2,5,9"
7510,fine-tuned,"3,8,9"
7511,fine-tuned,"1,4,1"
7512,fine-tuned,"3,7,4"
7513,fine-tuned,"8,2,4"
7514,fine-tuned,"7,7,5"
7515,fine-tuned,"6,7,6"
7516,fine-tuned,"5,5,8"
7517,fine-tuned,"4,3,4"
7518,fine-tuned,"7,6,8"
7519,fine-tuned,"1,7,5"
7520,fine-tuned,"1,4,2"
7521,fine-tuned,"3,8,8"
7522,fine-tuned,"6,4,3"
7523,fine-tuned,"4,2,6"
7524,fine-tuned,"1,3,6"
7525,fine-tuned,"4,3,7"
7526,fine-tuned,"2,7,2"
7527,fine-tuned,"9,7,8"
7528,fine-tuned,"6,8,9"
7529,fine-tuned,"4,8,6"
7530,fine-tuned,"1,2,8"
7531,fine-tuned,"2,8,3"
7532,fine-tuned,"7,1,8"
7533,fine-tuned,"4,1,4"
7534,fine-tuned,"8,7,1"
7535,fine-tuned,"1,9,5"
7536,fine-tuned,"5,8,1"
7537,fine-tuned,"7,2,3"
7538,fine-tuned,"6,9,4"
7539,fine-tuned,"2,6,6"
7540,fine-tuned,"4,5,3"
7541,fine-tuned,"8,4,1"
7542,fine-tuned,"3,2,9"
7543,fine-tuned,"1,9,1"
7544,fine-tuned,"2,2,2"
7545,fine-tuned,"8,9,7"
7546,fine-tuned,"5,5,3"
7547,fine-tuned,"5,9,8"
7548,fine-tuned,"8,2,6"
7549,fine-tuned,"3,7,9"
7550,fine-tuned,"5,2,6"
7551,fine-tuned,"9,8,3"
7552,fine-tuned,"4,3,7"
7553,fine-tuned,"6,1,6"
7554,fine-tuned,"3,1,8"
7555,fine-tuned,"2,7,3"
7556,fine-tuned,"9,4,8"
7557,fine-tuned,"1,6,8"
7558,fine-tuned,"4,1,7"
7559,fine-tuned,"5,7,9"
7560,fine-tuned,"4,2,5"
7561,fine-tuned,"9,1,3"
7562,fine-tuned,"7,1,9"
7563,fine-tuned,"6,8,5"
7564,fine-tuned,"5,4,3"
7565,fine-tuned,"1,6,7"
7566,fine-tuned,"4,7,4"
7567,fine-tuned,"5,1,3"
7568,fine-tuned,"3,4,5"
7569,fine-tuned,"3,2,5"
7570,fine-tuned,"2,3,9"
7571,fine-tuned,"5,7,8"
7572,fine-tuned,"5,2,7"
7573,fine-tuned,"8,6,1"
7574,fine-tuned,"2,9,3"
7575,fine-tuned,"6,9,8"
7576,fine-tuned,"9,8,9"
7577,fine-tuned,"2,4,5"
7578,fine-tuned,"3,9,3"
7579,fine-tuned,"9,3,6"
7580,fine-tuned,"3,2,8"
7581,fine-tuned,"7,1,9"
7582,fine-tuned,"4,4,1"
7583,fine-tuned,"9,7,7"
7584,fine-tuned,"5,9,5"
7585,fine-tuned,"7,1,2"
7586,fine-tuned,"3,7,6"
7587,fine-tuned,"5,6,1"
7588,fine-tuned,"8,9,2"
7589,fine-tuned,"9,1,1"
7590,fine-tuned,"6,5,3"
7591,fine-tuned,"4,8,3"
7592,fine-tuned,"3,7,1"
7593,fine-tuned,"2,1,7"
7594,fine-tuned,"8,2,9"
7595,fine-tuned,"4,6,2"
7596,fine-tuned,"7,6,9"
7597,fine-tuned,"1,4,3"
7598,fine-tuned,"5,1,2"
7599,fine-tuned,"1,2,8"
7600,fine-tuned,"2,3,9"
7601,fine-tuned,"4,9,5"
7602,fine-tuned,"5,7,7"
7603,fine-tuned,"7,6,5"
7604,fine-tuned,"7,1,6"
7605,fine-tuned,"2,3,6"
7606,fine-tuned,"9,5,9"
7607,fine-tuned,"6,3,7"
7608,fine-tuned,"7,6,5"
7609,fine-tuned,"4,3,8"
7610,fine-tuned,"9,1,2"
7611,fine-tuned,"6,8,3"
7612,fine-tuned,"4,7,1"
7613,fine-tuned,"4,4,7"
7614,fine-tuned,"7,1,7"
7615,fine-tuned,"4,9,1"
7616,fine-tuned,"8,8,6"
7617,fine-tuned,"3,2,9"
7618,fine-tuned,"9,6,2"
7619,fine-tuned,"3,7,2"
7620,fine-tuned,"1,8,6"
7621,fine-tuned,"5,8,5"
7622,fine-tuned,"5,6,4"
7623,fine-tuned,"2,1,3"
7624,fine-tuned,"6,7,4"
7625,fine-tuned,"8,4,6"
7626,fine-tuned,"9,4,8"
7627,fine-tuned,"2,3,2"
7628,fine-tuned,"9,9,9"
7629,fine-tuned,"1,1,4"
7630,fine-tuned,"4,1,2"
7631,fine-tuned,"5,8,7"
7632,fine-tuned,"2,8,4"
7633,fine-tuned,"5,6,1"
7634,fine-tuned,"5,7,4"
7635,fine-tuned,"8,1,8"
7636,fine-tuned,"6,9,3"
7637,fine-tuned,"1,5,3"
7638,fine-tuned,"7,4,9"
7639,fine-tuned,"6,7,4"
7640,fine-tuned,"3,7,5"
7641,fine-tuned,"6,5,2"
7642,fine-tuned,"2,3,8"
7643,fine-tuned,"2,8,8"
7644,fine-tuned,"4,3,9"
7645,fine-tuned,"9,6,3"
7646,fine-tuned,"6,4,1"
7647,fine-tuned,"4,2,8"
7648,fine-tuned,"4,8,4"
7649,fine-tuned,"6,6,9"
7650,fine-tuned,"4,4,3"
7651,fine-tuned,"5,8,4"
7652,fine-tuned,"2,5,3"
7653,fine-tuned,"1,4,5"
7654,fine-tuned,"5,8,9"
7655,fine-tuned,"7,6,9"
7656,fine-tuned,"9,9,3"
7657,fine-tuned,"4,5,1"
7658,fine-tuned,"2,8,9"
7659,fine-tuned,"4,8,3"
7660,fine-tuned,"1,7,8"
7661,fine-tuned,"7,2,6"
7662,fine-tuned,"2,2,7"
7663,fine-tuned,"8,4,9"
7664,fine-tuned,"8,2,2"
7665,fine-tuned,"9,3,3"
7666,fine-tuned,"4,9,7"
7667,fine-tuned,"6,1,5"
7668,fine-tuned,"8,6,1"
7669,fine-tuned,"7,6,5"
7670,fine-tuned,"9,2,8"
7671,fine-tuned,"4,9,7"
7672,fine-tuned,"2,7,1"
7673,fine-tuned,"6,3,5"
7674,fine-tuned,"3,5,9"
7675,fine-tuned,"6,2,5"
7676,fine-tuned,"4,6,7"
7677,fine-tuned,"1,7,7"
7678,fine-tuned,"6,8,3"
7679,fine-tuned,"9,8,4"
7680,fine-tuned,"1,8,6"
7681,fine-tuned,"4,6,9"
7682,fine-tuned,"4,2,5"
7683,fine-tuned,"4,2,3"
7684,fine-tuned,"5,7,9"
7685,fine-tuned,"2,7,4"
7686,fine-tuned,"6,1,7"
7687,fine-tuned,"2,1,9"
7688,fine-tuned,"3,1,8"
7689,fine-tuned,"1,6,5"
7690,fine-tuned,"6,3,6"
7691,fine-tuned,"6,8,9"
7692,fine-tuned,"8,8,4"
7693,fine-tuned,"3,3,9"
7694,fine-tuned,"9,2,9"
7695,fine-tuned,"5,8,4"
7696,fine-tuned,"8,6,9"
7697,fine-tuned,"7,2,2"
7698,fine-tuned,"1,4,8"
7699,fine-tuned,"5,3,2"
7700,fine-tuned,"1,9,9"
7701,fine-tuned,"6,6,7"
7702,fine-tuned,"3,3,3"
7703,fine-tuned,"1,6,1"
7704,fine-tuned,"4,6,7"
7705,fine-tuned,"1,8,8"
7706,fine-tuned,"1,7,1"
7707,fine-tuned,"2,3,5"
7708,fine-tuned,"5,3,9"
7709,fine-tuned,"1,3,5"
7710,fine-tuned,"7,1,4"
7711,fine-tuned,"1,9,5"
7712,fine-tuned,"8,5,7"
7713,fine-tuned,"9,5,9"
7714,fine-tuned,"5,5,3"
7715,fine-tuned,"9,4,5"
7716,fine-tuned,"2,1,5"
7717,fine-tuned,"3,2,1"
7718,fine-tuned,"9,8,8"
7719,fine-tuned,"3,7,7"
7720,fine-tuned,"9,5,2"
7721,fine-tuned,"5,5,9"
7722,fine-tuned,"5,1,7"
7723,fine-tuned,"6,2,9"
7724,fine-tuned,"1,6,8"
7725,fine-tuned,"6,5,8"
7726,fine-tuned,"1,7,1"
7727,fine-tuned,"9,6,2"
7728,fine-tuned,"9,9,8"
7729,fine-tuned,"2,4,7"
7730,fine-tuned,"6,3,1"
7731,fine-tuned,"7,5,2"
7732,fine-tuned,"6,8,3"
7733,fine-tuned,"7,5,4"
7734,fine-tuned,"5,8,7"
7735,fine-tuned,"8,5,8"
7736,fine-tuned,"8,2,6"
7737,fine-tuned,"5,6,9"
7738,fine-tuned,"8,3,1"
7739,fine-tuned,"7,5,5"
7740,fine-tuned,"1,9,2"
7741,fine-tuned,"8,7,7"
7742,fine-tuned,"5,6,1"
7743,fine-tuned,"3,2,6"
7744,fine-tuned,"8,1,7"
7745,fine-tuned,"4,1,8"
7746,fine-tuned,"3,1,1"
7747,fine-tuned,"7,7,8"
7748,fine-tuned,"9,1,9"
7749,fine-tuned,"1,4,4"
7750,fine-tuned,"3,1,8"
7751,fine-tuned,"2,1,2"
7752,fine-tuned,"5,5,5"
7753,fine-tuned,"3,4,4"
7754,fine-tuned,"7,2,6"
7755,fine-tuned,"4,5,5"
7756,fine-tuned,"6,8,8"
7757,fine-tuned,"8,9,1"
7758,fine-tuned,"6,3,1"
7759,fine-tuned,"2,5,1"
7760,fine-tuned,"3,9,1"
7761,fine-tuned,"9,8,8"
7762,fine-tuned,"4,7,6"
7763,fine-tuned,"2,4,6"
7764,fine-tuned,"3,3,5"
7765,fine-tuned,"6,1,1"
7766,fine-tuned,"5,9,7"
7767,fine-tuned,"6,7,9"
7768,fine-tuned,"1,8,1"
7769,fine-tuned,"6,8,6"
7770,fine-tuned,"8,4,9"
7771,fine-tuned,"8,7,1"
7772,fine-tuned,"2,7,7"
7773,fine-tuned,"9,5,9"
7774,fine-tuned,"7,6,9"
7775,fine-tuned,"6,6,2"
7776,fine-tuned,"9,3,7"
7777,fine-tuned,"7,6,3"
7778,fine-tuned,"9,2,4"
7779,fine-tuned,"7,3,6"
7780,fine-tuned,"7,8,2"
7781,fine-tuned,"6,7,5"
7782,fine-tuned,"4,5,8"
7783,fine-tuned,"5,8,7"
7784,fine-tuned,"4,8,4"
7785,fine-tuned,"4,4,2"
7786,fine-tuned,"6,6,6"
7787,fine-tuned,"8,3,6"
7788,fine-tuned,"7,3,3"
7789,fine-tuned,"9,7,4"
7790,fine-tuned,"4,4,8"
7791,fine-tuned,"3,2,2"
7792,fine-tuned,"7,1,4"
7793,fine-tuned,"4,1,3"
7794,fine-tuned,"8,4,3"
7795,fine-tuned,"2,8,9"
7796,fine-tuned,"6,9,1"
7797,fine-tuned,"6,3,1"
7798,fine-tuned,"8,2,9"
7799,fine-tuned,"2,5,4"
7800,fine-tuned,"9,4,1"
7801,fine-tuned,"9,7,5"
7802,fine-tuned,"3,7,8"
7803,fine-tuned,"3,3,9"
7804,fine-tuned,"1,5,6"
7805,fine-tuned,"3,4,3"
7806,fine-tuned,"2,7,1"
7807,fine-tuned,"9,3,9"
7808,fine-tuned,"8,9,5"
7809,fine-tuned,"6,5,4"
7810,fine-tuned,"9,5,2"
7811,fine-tuned,"6,8,4"
7812,fine-tuned,"9,8,1"
7813,fine-tuned,"8,9,2"
7814,fine-tuned,"1,4,1"
7815,fine-tuned,"9,9,5"
7816,fine-tuned,"1,9,9"
7817,fine-tuned,"6,3,2"
7818,fine-tuned,"5,8,6"
7819,fine-tuned,"5,7,1"
7820,fine-tuned,"6,7,1"
7821,fine-tuned,"9,9,8"
7822,fine-tuned,"3,6,3"
7823,fine-tuned,"6,5,9"
7824,fine-tuned,"8,7,6"
7825,fine-tuned,"5,5,5"
7826,fine-tuned,"3,5,8"
7827,fine-tuned,"6,4,9"
7828,fine-tuned,"4,1,7"
7829,fine-tuned,"8,1,8"
7830,fine-tuned,"7,1,8"
7831,fine-tuned,"8,5,6"
7832,fine-tuned,"8,8,3"
7833,fine-tuned,"4,2,5"
7834,fine-tuned,"3,1,5"
7835,fine-tuned,"8,3,3"
7836,fine-tuned,"5,6,6"
7837,fine-tuned,"6,6,4"
7838,fine-tuned,"1,3,1"
7839,fine-tuned,"5,5,3"
7840,fine-tuned,"7,6,9"
7841,fine-tuned,"1,6,7"
7842,fine-tuned,"8,6,7"
7843,fine-tuned,"7,2,5"
7844,fine-tuned,"8,3,9"
7845,fine-tuned,"3,6,4"
7846,fine-tuned,"1,4,3"
7847,fine-tuned,"7,3,6"
7848,fine-tuned,"2,4,9"
7849,fine-tuned,"4,2,3"
7850,fine-tuned,"4,7,4"
7851,fine-tuned,"1,6,9"
7852,fine-tuned,"2,1,4"
7853,fine-tuned,"2,9,5"
7854,fine-tuned,"4,5,4"
7855,fine-tuned,"3,3,2"
7856,fine-tuned,"3,4,2"
7857,fine-tuned,"1,1,7"
7858,fine-tuned,"5,1,8"
7859,fine-tuned,"4,2,2"
7860,fine-tuned,"1,9,4"
7861,fine-tuned,"6,2,8"
7862,fine-tuned,"1,2,9"
7863,fine-tuned,"4,5,2"
7864,fine-tuned,"7,3,4"
7865,fine-tuned,"9,8,1"
7866,fine-tuned,"1,4,6"
7867,fine-tuned,"3,4,1"
7868,fine-tuned,"9,9,7"
7869,fine-tuned,"9,1,2"
7870,fine-tuned,"4,2,1"
7871,fine-tuned,"9,7,5"
7872,fine-tuned,"6,4,8"
7873,fine-tuned,"5,8,6"
7874,fine-tuned,"8,1,5"
7875,fine-tuned,"5,1,6"
7876,fine-tuned,"4,4,7"
7877,fine-tuned,"1,7,3"
7878,fine-tuned,"3,5,3"
7879,fine-tuned,"4,9,8"
7880,fine-tuned,"8,8,1"
7881,fine-tuned,"8,8,4"
7882,fine-tuned,"4,3,6"
7883,fine-tuned,"9,1,7"
7884,fine-tuned,"5,2,1"
7885,fine-tuned,"2,8,1"
7886,fine-tuned,"4,4,5"
7887,fine-tuned,"4,6,6"
7888,fine-tuned,"7,8,3"
7889,fine-tuned,"4,8,1"
7890,fine-tuned,"5,1,7"
7891,fine-tuned,"1,7,2"
7892,fine-tuned,"1,5,8"
7893,fine-tuned,"7,3,1"
7894,fine-tuned,"1,3,5"
7895,fine-tuned,"9,6,3"
7896,fine-tuned,"8,3,4"
7897,fine-tuned,"8,9,6"
7898,fine-tuned,"4,8,3"
7899,fine-tuned,"8,2,4"
7900,fine-tuned,"6,9,4"
7901,fine-tuned,"1,2,3"
7902,fine-tuned,"1,9,5"
7903,fine-tuned,"7,5,4"
7904,fine-tuned,"3,4,9"
7905,fine-tuned,"9,6,6"
7906,fine-tuned,"2,7,8"
7907,fine-tuned,"8,8,8"
7908,fine-tuned,"4,4,4"
7909,fine-tuned,"3,4,5"
7910,fine-tuned,"4,9,4"
7911,fine-tuned,"8,3,7"
7912,fine-tuned,"1,1,8"
7913,fine-tuned,"3,8,5"
7914,fine-tuned,"8,9,6"
7915,fine-tuned,"4,3,7"
7916,fine-tuned,"7,3,9"
7917,fine-tuned,"7,3,2"
7918,fine-tuned,"8,5,9"
7919,fine-tuned,"7,4,1"
7920,fine-tuned,"9,3,9"
7921,fine-tuned,"5,1,4"
7922,fine-tuned,"3,9,4"
7923,fine-tuned,"9,8,1"
7924,fine-tuned,"9,6,3"
7925,fine-tuned,"1,4,5"
7926,fine-tuned,"4,2,1"
7927,fine-tuned,"1,5,2"
7928,fine-tuned,"5,6,5"
7929,fine-tuned,"1,6,2"
7930,fine-tuned,"3,2,8"
7931,fine-tuned,"2,5,6"
7932,fine-tuned,"3,6,9"
7933,fine-tuned,"2,1,2"
7934,fine-tuned,"9,4,4"
7935,fine-tuned,"9,3,2"
7936,fine-tuned,"2,6,3"
7937,fine-tuned,"1,3,9"
7938,fine-tuned,"9,6,7"
7939,fine-tuned,"3,3,4"
7940,fine-tuned,"3,1,9"
7941,fine-tuned,"9,6,5"
7942,fine-tuned,"7,7,7"
7943,fine-tuned,"9,1,2"
7944,fine-tuned,"5,1,9"
7945,fine-tuned,"4,4,4"
7946,fine-tuned,"1,5,2"
7947,fine-tuned,"9,2,5"
7948,fine-tuned,"6,9,1"
7949,fine-tuned,"9,1,4"
7950,fine-tuned,"9,4,6"
7951,fine-tuned,"8,6,4"
7952,fine-tuned,"9,5,4"
7953,fine-tuned,"8,6,2"
7954,fine-tuned,"6,7,5"
7955,fine-tuned,"8,7,1"
7956,fine-tuned,"9,6,9"
7957,fine-tuned,"1,4,7"
7958,fine-tuned,"5,3,8"
7959,fine-tuned,"5,7,4"
7960,fine-tuned,"4,3,2"
7961,fine-tuned,"8,5,6"
7962,fine-tuned,"1,8,4"
7963,fine-tuned,"3,6,9"
7964,fine-tuned,"4,3,5"
7965,fine-tuned,"6,7,4"
7966,fine-tuned,"2,3,8"
7967,fine-tuned,"4,4,8"
7968,fine-tuned,"5,9,9"
7969,fine-tuned,"1,3,6"
7970,fine-tuned,"4,1,1"
7971,fine-tuned,"1,3,1"
7972,fine-tuned,"7,5,6"
7973,fine-tuned,"1,9,1"
7974,fine-tuned,"5,6,4"
7975,fine-tuned,"8,3,8"
7976,fine-tuned,"1,8,4"
7977,fine-tuned,"6,3,1"
7978,fine-tuned,"1,8,6"
7979,fine-tuned,"8,6,3"
7980,fine-tuned,"9,8,6"
7981,fine-tuned,"3,8,2"
7982,fine-tuned,"4,5,1"
7983,fine-tuned,"2,9,4"
7984,fine-tuned,"9,9,5"
7985,fine-tuned,"6,4,2"
7986,fine-tuned,"5,5,3"
7987,fine-tuned,"3,9,1"
7988,fine-tuned,"5,8,5"
7989,fine-tuned,"5,3,5"
7990,fine-tuned,"7,7,5"
7991,fine-tuned,"7,7,1"
7992,fine-tuned,"8,3,2"
7993,fine-tuned,"2,9,6"
7994,fine-tuned,"1,4,4"
7995,fine-tuned,"4,8,9"
7996,fine-tuned,"1,9,8"
7997,fine-tuned,"6,7,2"
7998,fine-tuned,"7,8,1"
7999,fine-tuned,"2,4,1"
8000,fine-tuned,"1,8,9"
8001,fine-tuned,"9,4,3"
8002,fine-tuned,"4,7,9"
8003,fine-tuned,"1,6,9"
8004,fine-tuned,"4,8,4"
8005,fine-tuned,"6,1,1"
8006,fine-tuned,"3,3,1"
8007,fine-tuned,"3,6,1"
8008,fine-tuned,"4,8,5"
8009,fine-tuned,"8,2,3"
8010,fine-tuned,"4,6,1"
8011,fine-tuned,"2,4,6"
8012,fine-tuned,"9,5,9"
8013,fine-tuned,"2,6,4"
8014,fine-tuned,"6,2,5"
8015,fine-tuned,"6,5,8"
8016,fine-tuned,"3,8,2"
8017,fine-tuned,"9,6,9"
8018,fine-tuned,"2,3,3"
8019,fine-tuned,"2,4,3"
8020,fine-tuned,"2,9,2"
8021,fine-tuned,"6,3,3"
8022,fine-tuned,"6,7,2"
8023,fine-tuned,"3,6,5"
8024,fine-tuned,"8,7,5"
8025,fine-tuned,"1,9,7"
8026,fine-tuned,"1,2,1"
8027,fine-tuned,"2,1,1"
8028,fine-tuned,"2,6,1"
8029,fine-tuned,"5,4,5"
8030,fine-tuned,"5,3,2"
8031,fine-tuned,"3,8,1"
8032,fine-tuned,"1,6,6"
8033,fine-tuned,"2,1,8"
8034,fine-tuned,"2,4,8"
8035,fine-tuned,"9,7,9"
8036,fine-tuned,"5,4,8"
8037,fine-tuned,"1,8,3"
8038,fine-tuned,"9,9,4"
8039,fine-tuned,"7,2,8"
8040,fine-tuned,"7,6,8"
8041,fine-tuned,"6,7,1"
8042,fine-tuned,"5,1,7"
8043,fine-tuned,"1,6,1"
8044,fine-tuned,"1,2,4"
8045,fine-tuned,"3,8,1"
8046,fine-tuned,"3,3,1"
8047,fine-tuned,"3,7,5"
8048,fine-tuned,"3,1,6"
8049,fine-tuned,"4,2,1"
8050,fine-tuned,"3,4,9"
8051,fine-tuned,"6,1,5"
8052,fine-tuned,"1,7,8"
8053,fine-tuned,"1,5,6"
8054,fine-tuned,"9,3,2"
8055,fine-tuned,"3,3,1"
8056,fine-tuned,"9,3,5"
8057,fine-tuned,"9,2,8"
8058,fine-tuned,"1,8,7"
8059,fine-tuned,"9,3,5"
8060,fine-tuned,"3,3,4"
8061,fine-tuned,"9,3,1"
8062,fine-tuned,"7,7,8"
8063,fine-tuned,"8,6,6"
8064,fine-tuned,"1,3,8"
8065,fine-tuned,"3,9,1"
8066,fine-tuned,"1,4,9"
8067,fine-tuned,"5,4,7"
8068,fine-tuned,"1,5,3"
8069,fine-tuned,"8,7,5"
8070,fine-tuned,"3,4,5"
8071,fine-tuned,"1,1,2"
8072,fine-tuned,"4,7,6"
8073,fine-tuned,"4,9,3"
8074,fine-tuned,"7,7,9"
8075,fine-tuned,"7,7,4"
8076,fine-tuned,"9,5,1"
8077,fine-tuned,"9,9,6"
8078,fine-tuned,"9,1,9"
8079,fine-tuned,"5,9,3"
8080,fine-tuned,"9,6,7"
8081,fine-tuned,"7,4,6"
8082,fine-tuned,"6,3,7"
8083,fine-tuned,"6,8,4"
8084,fine-tuned,"2,3,3"
8085,fine-tuned,"3,5,9"
8086,fine-tuned,"8,5,8"
8087,fine-tuned,"5,5,1"
8088,fine-tuned,"4,7,4"
8089,fine-tuned,"6,2,3"
8090,fine-tuned,"2,4,1"
8091,fine-tuned,"5,5,5"
8092,fine-tuned,"1,9,2"
8093,fine-tuned,"8,5,9"
8094,fine-tuned,"3,9,7"
8095,fine-tuned,"3,4,5"
8096,fine-tuned,"3,9,9"
8097,fine-tuned,"3,9,7"
8098,fine-tuned,"4,9,8"
8099,fine-tuned,"9,3,5"
8100,fine-tuned,"2,5,2"
8101,fine-tuned,"7,4,7"
8102,fine-tuned,"2,7,6"
8103,fine-tuned,"2,1,8"
8104,fine-tuned,"6,1,5"
8105,fine-tuned,"8,9,5"
8106,fine-tuned,"1,3,9"
8107,fine-tuned,"3,8,7"
8108,fine-tuned,"1,8,6"
8109,fine-tuned,"8,6,9"
8110,fine-tuned,"5,2,7"
8111,fine-tuned,"2,5,5"
8112,fine-tuned,"8,5,9"
8113,fine-tuned,"4,7,2"
8114,fine-tuned,"2,1,6"
8115,fine-tuned,"7,3,5"
8116,fine-tuned,"1,1,8"
8117,fine-tuned,"9,2,5"
8118,fine-tuned,"3,9,7"
8119,fine-tuned,"2,9,1"
8120,fine-tuned,"8,3,7"
8121,fine-tuned,"2,8,1"
8122,fine-tuned,"1,9,7"
8123,fine-tuned,"5,1,9"
8124,fine-tuned,"3,7,4"
8125,fine-tuned,"8,9,4"
8126,fine-tuned,"1,4,8"
8127,fine-tuned,"9,4,7"
8128,fine-tuned,"2,3,6"
8129,fine-tuned,"2,4,7"
8130,fine-tuned,"4,3,8"
8131,fine-tuned,"3,5,6"
8132,fine-tuned,"8,5,1"
8133,fine-tuned,"3,9,4"
8134,fine-tuned,"7,3,9"
8135,fine-tuned,"1,3,1"
8136,fine-tuned,"8,8,8"
8137,fine-tuned,"9,7,3"
8138,fine-tuned,"6,1,6"
8139,fine-tuned,"2,6,1"
8140,fine-tuned,"5,8,4"
8141,fine-tuned,"8,3,9"
8142,fine-tuned,"9,3,5"
8143,fine-tuned,"2,3,2"
8144,fine-tuned,"2,9,4"
8145,fine-tuned,"1,4,4"
8146,fine-tuned,"9,7,1"
8147,fine-tuned,"3,4,6"
8148,fine-tuned,"1,4,9"
8149,fine-tuned,"5,2,3"
8150,fine-tuned,"7,6,2"
8151,fine-tuned,"8,4,5"
8152,fine-tuned,"9,7,9"
8153,fine-tuned,"6,7,8"
8154,fine-tuned,"5,3,1"
8155,fine-tuned,"9,9,3"
8156,fine-tuned,"4,5,1"
8157,fine-tuned,"3,8,5"
8158,fine-tuned,"2,4,6"
8159,fine-tuned,"8,7,2"
8160,fine-tuned,"4,6,5"
8161,fine-tuned,"4,5,9"
8162,fine-tuned,"1,3,3"
8163,fine-tuned,"4,7,5"
8164,fine-tuned,"7,4,6"
8165,fine-tuned,"2,6,8"
8166,fine-tuned,"8,1,7"
8167,fine-tuned,"9,3,4"
8168,fine-tuned,"1,7,4"
8169,fine-tuned,"5,7,4"
8170,fine-tuned,"2,7,5"
8171,fine-tuned,"7,4,7"
8172,fine-tuned,"5,8,7"
8173,fine-tuned,"7,6,7"
8174,fine-tuned,"3,4,7"
8175,fine-tuned,"5,5,9"
8176,fine-tuned,"7,2,9"
8177,fine-tuned,"6,4,4"
8178,fine-tuned,"6,3,8"
8179,fine-tuned,"9,8,1"
8180,fine-tuned,"7,3,5"
8181,fine-tuned,"1,9,4"
8182,fine-tuned,"8,9,1"
8183,fine-tuned,"2,7,5"
8184,fine-tuned,"7,5,7"
8185,fine-tuned,"3,1,2"
8186,fine-tuned,"1,4,4"
8187,fine-tuned,"3,9,2"
8188,fine-tuned,"2,3,6"
8189,fine-tuned,"5,9,9"
8190,fine-tuned,"9,4,7"
8191,fine-tuned,"3,8,2"
8192,fine-tuned,"4,4,7"
8193,fine-tuned,"1,3,7"
8194,fine-tuned,"6,4,8"
8195,fine-tuned,"8,7,4"
8196,fine-tuned,"2,6,6"
8197,fine-tuned,"4,2,6"
8198,fine-tuned,"6,7,8"
8199,fine-tuned,"5,1,2"
8200,fine-tuned,"8,1,6"
8201,fine-tuned,"1,1,2"
8202,fine-tuned,"8,6,6"
8203,fine-tuned,"4,1,9"
8204,fine-tuned,"9,4,8"
8205,fine-tuned,"6,6,1"
8206,fine-tuned,"3,9,3"
8207,fine-tuned,"7,9,1"
8208,fine-tuned,"6,9,9"
8209,fine-tuned,"2,1,7"
8210,fine-tuned,"9,5,8"
8211,fine-tuned,"3,8,6"
8212,fine-tuned,"1,6,1"
8213,fine-tuned,"9,8,5"
8214,fine-tuned,"7,1,3"
8215,fine-tuned,"7,5,5"
8216,fine-tuned,"6,1,4"
8217,fine-tuned,"1,9,8"
8218,fine-tuned,"1,6,7"
8219,fine-tuned,"9,8,6"
8220,fine-tuned,"8,8,4"
8221,fine-tuned,"8,9,7"
8222,fine-tuned,"9,8,6"
8223,fine-tuned,"6,4,3"
8224,fine-tuned,"5,5,1"
8225,fine-tuned,"4,7,6"
8226,fine-tuned,"6,3,9"
8227,fine-tuned,"6,1,8"
8228,fine-tuned,"5,6,4"
8229,fine-tuned,"9,4,1"
8230,fine-tuned,"9,4,9"
8231,fine-tuned,"6,5,7"
8232,fine-tuned,"4,5,7"
8233,fine-tuned,"5,5,8"
8234,fine-tuned,"9,4,7"
8235,fine-tuned,"1,1,5"
8236,fine-tuned,"1,4,3"
8237,fine-tuned,"6,9,5"
8238,fine-tuned,"3,9,2"
8239,fine-tuned,"7,5,6"
8240,fine-tuned,"9,2,6"
8241,fine-tuned,"7,7,4"
8242,fine-tuned,"7,6,5"
8243,fine-tuned,"2,3,7"
8244,fine-tuned,"9,5,3"
8245,fine-tuned,"4,8,6"
8246,fine-tuned,"9,7,7"
8247,fine-tuned,"9,7,7"
8248,fine-tuned,"2,7,6"
8249,fine-tuned,"2,7,1"
8250,fine-tuned,"1,8,1"
8251,fine-tuned,"9,5,8"
8252,fine-tuned,"1,7,7"
8253,fine-tuned,"7,3,7"
8254,fine-tuned,"5,6,5"
8255,fine-tuned,"8,9,7"
8256,fine-tuned,"7,9,2"
8257,fine-tuned,"1,1,7"
8258,fine-tuned,"8,7,9"
8259,fine-tuned,"9,1,3"
8260,fine-tuned,"8,1,3"
8261,fine-tuned,"4,8,3"
8262,fine-tuned,"8,2,8"
8263,fine-tuned,"6,8,3"
8264,fine-tuned,"9,5,4"
8265,fine-tuned,"1,1,1"
8266,fine-tuned,"9,5,2"
8267,fine-tuned,"9,5,5"
8268,fine-tuned,"6,7,7"
8269,fine-tuned,"3,5,1"
8270,fine-tuned,"1,5,8"
8271,fine-tuned,"8,8,9"
8272,fine-tuned,"3,1,7"
8273,fine-tuned,"4,8,5"
8274,fine-tuned,"7,1,9"
8275,fine-tuned,"1,7,7"
8276,fine-tuned,"3,9,9"
8277,fine-tuned,"8,2,6"
8278,fine-tuned,"2,9,7"
8279,fine-tuned,"9,7,2"
8280,fine-tuned,"2,6,9"
8281,fine-tuned,"2,8,2"
8282,fine-tuned,"6,5,8"
8283,fine-tuned,"5,3,8"
8284,fine-tuned,"9,9,8"
8285,fine-tuned,"1,3,2"
8286,fine-tuned,"2,7,7"
8287,fine-tuned,"2,8,2"
8288,fine-tuned,"2,6,8"
8289,fine-tuned,"8,9,5"
8290,fine-tuned,"2,6,6"
8291,fine-tuned,"3,6,9"
8292,fine-tuned,"8,6,4"
8293,fine-tuned,"8,7,5"
8294,fine-tuned,"9,7,8"
8295,fine-tuned,"9,1,9"
8296,fine-tuned,"6,8,8"
8297,fine-tuned,"1,9,2"
8298,fine-tuned,"7,1,3"
8299,fine-tuned,"8,4,5"
8300,fine-tuned,"3,9,5"
8301,fine-tuned,"6,2,9"
8302,fine-tuned,"5,8,4"
8303,fine-tuned,"5,8,3"
8304,fine-tuned,"2,5,6"
8305,fine-tuned,"9,3,1"
8306,fine-tuned,"4,1,9"
8307,fine-tuned,"8,2,3"
8308,fine-tuned,"8,7,8"
8309,fine-tuned,"4,2,1"
8310,fine-tuned,"1,4,5"
8311,fine-tuned,"8,7,1"
8312,fine-tuned,"4,6,3"
8313,fine-tuned,"1,8,8"
8314,fine-tuned,"2,2,6"
8315,fine-tuned,"2,9,7"
8316,fine-tuned,"1,9,1"
8317,fine-tuned,"4,5,5"
8318,fine-tuned,"3,6,7"
8319,fine-tuned,"3,2,9"
8320,fine-tuned,"8,3,3"
8321,fine-tuned,"6,2,8"
8322,fine-tuned,"3,7,7"
8323,fine-tuned,"9,1,6"
8324,fine-tuned,"2,1,7"
8325,fine-tuned,"1,5,4"
8326,fine-tuned,"5,4,2"
8327,fine-tuned,"2,8,5"
8328,fine-tuned,"2,7,6"
8329,fine-tuned,"5,5,6"
8330,fine-tuned,"1,8,7"
8331,fine-tuned,"4,7,8"
8332,fine-tuned,"5,8,4"
8333,fine-tuned,"3,5,3"
8334,fine-tuned,"4,8,5"
8335,fine-tuned,"4,5,7"
8336,fine-tuned,"2,1,4"
8337,fine-tuned,"3,1,8"
8338,fine-tuned,"9,4,6"
8339,fine-tuned,"9,9,6"
8340,fine-tuned,"8,2,3"
8341,fine-tuned,"1,3,5"
8342,fine-tuned,"6,5,3"
8343,fine-tuned,"8,7,7"
8344,fine-tuned,"5,4,8"
8345,fine-tuned,"6,6,1"
8346,fine-tuned,"1,2,6"
8347,fine-tuned,"9,1,2"
8348,fine-tuned,"6,8,8"
8349,fine-tuned,"6,7,2"
8350,fine-tuned,"6,2,8"
8351,fine-tuned,"2,4,2"
8352,fine-tuned,"7,5,5"
8353,fine-tuned,"5,1,9"
8354,fine-tuned,"1,1,6"
8355,fine-tuned,"1,8,6"
8356,fine-tuned,"1,5,3"
8357,fine-tuned,"9,8,2"
8358,fine-tuned,"1,1,4"
8359,fine-tuned,"7,8,7"
8360,fine-tuned,"3,6,1"
8361,fine-tuned,"4,1,7"
8362,fine-tuned,"4,4,3"
8363,fine-tuned,"4,9,8"
8364,fine-tuned,"3,7,6"
8365,fine-tuned,"2,8,6"
8366,fine-tuned,"4,8,9"
8367,fine-tuned,"6,6,4"
8368,fine-tuned,"5,5,1"
8369,fine-tuned,"1,6,1"
8370,fine-tuned,"3,8,4"
8371,fine-tuned,"1,6,6"
8372,fine-tuned,"3,3,6"
8373,fine-tuned,"1,3,5"
8374,fine-tuned,"5,9,5"
8375,fine-tuned,"4,3,4"
8376,fine-tuned,"3,1,7"
8377,fine-tuned,"5,5,8"
8378,fine-tuned,"8,7,5"
8379,fine-tuned,"1,8,8"
8380,fine-tuned,"9,2,3"
8381,fine-tuned,"4,7,6"
8382,fine-tuned,"4,9,1"
8383,fine-tuned,"6,1,2"
8384,fine-tuned,"9,2,2"
8385,fine-tuned,"3,2,3"
8386,fine-tuned,"3,4,3"
8387,fine-tuned,"2,9,8"
8388,fine-tuned,"9,3,7"
8389,fine-tuned,"8,6,8"
8390,fine-tuned,"5,3,7"
8391,fine-tuned,"7,7,1"
8392,fine-tuned,"1,8,7"
8393,fine-tuned,"3,5,4"
8394,fine-tuned,"7,5,8"
8395,fine-tuned,"6,7,1"
8396,fine-tuned,"8,7,5"
8397,fine-tuned,"2,1,3"
8398,fine-tuned,"1,3,5"
8399,fine-tuned,"8,8,8"
8400,fine-tuned,"6,3,1"
8401,fine-tuned,"5,3,5"
8402,fine-tuned,"1,9,3"
8403,fine-tuned,"7,3,1"
8404,fine-tuned,"6,9,5"
8405,fine-tuned,"5,6,9"
8406,fine-tuned,"6,1,8"
8407,fine-tuned,"4,6,8"
8408,fine-tuned,"4,6,9"
8409,fine-tuned,"3,9,3"
8410,fine-tuned,"3,4,5"
8411,fine-tuned,"2,1,6"
8412,fine-tuned,"9,2,3"
8413,fine-tuned,"4,5,4"
8414,fine-tuned,"2,3,8"
8415,fine-tuned,"1,3,6"
8416,fine-tuned,"7,1,2"
8417,fine-tuned,"1,1,1"
8418,fine-tuned,"5,7,6"
8419,fine-tuned,"1,7,3"
8420,fine-tuned,"4,8,5"
8421,fine-tuned,"7,7,5"
8422,fine-tuned,"6,3,1"
8423,fine-tuned,"5,2,7"
8424,fine-tuned,"5,9,8"
8425,fine-tuned,"9,5,7"
8426,fine-tuned,"7,6,2"
8427,fine-tuned,"8,4,2"
8428,fine-tuned,"9,4,5"
8429,fine-tuned,"2,2,3"
8430,fine-tuned,"7,8,8"
8431,fine-tuned,"7,7,1"
8432,fine-tuned,"5,6,5"
8433,fine-tuned,"2,2,3"
8434,fine-tuned,"7,9,7"
8435,fine-tuned,"6,9,7"
8436,fine-tuned,"2,9,2"
8437,fine-tuned,"1,6,7"
8438,fine-tuned,"1,7,6"
8439,fine-tuned,"2,3,9"
8440,fine-tuned,"8,1,6"
8441,fine-tuned,"1,8,4"
8442,fine-tuned,"6,5,4"
8443,fine-tuned,"3,5,3"
8444,fine-tuned,"9,3,3"
8445,fine-tuned,"8,9,2"
8446,fine-tuned,"3,9,3"
8447,fine-tuned,"9,9,3"
8448,fine-tuned,"9,6,5"
8449,fine-tuned,"2,5,7"
8450,fine-tuned,"5,7,2"
8451,fine-tuned,"7,2,5"
8452,fine-tuned,"4,2,4"
8453,fine-tuned,"6,2,1"
8454,fine-tuned,"3,6,5"
8455,fine-tuned,"7,6,1"
8456,fine-tuned,"8,7,1"
8457,fine-tuned,"1,1,4"
8458,fine-tuned,"6,8,9"
8459,fine-tuned,"1,5,9"
8460,fine-tuned,"7,5,2"
8461,fine-tuned,"2,8,8"
8462,fine-tuned,"3,3,1"
8463,fine-tuned,"1,6,2"
8464,fine-tuned,"1,3,8"
8465,fine-tuned,"6,8,5"
8466,fine-tuned,"7,5,3"
8467,fine-tuned,"4,6,4"
8468,fine-tuned,"3,8,2"
8469,fine-tuned,"1,5,1"
8470,fine-tuned,"1,7,7"
8471,fine-tuned,"8,5,7"
8472,fine-tuned,"8,9,5"
8473,fine-tuned,"3,2,1"
8474,fine-tuned,"9,8,6"
8475,fine-tuned,"5,4,9"
8476,fine-tuned,"7,2,2"
8477,fine-tuned,"4,9,4"
8478,fine-tuned,"6,7,6"
8479,fine-tuned,"8,2,2"
8480,fine-tuned,"7,8,2"
8481,fine-tuned,"2,1,4"
8482,fine-tuned,"2,2,9"
8483,fine-tuned,"8,8,7"
8484,fine-tuned,"3,8,9"
8485,fine-tuned,"8,3,1"
8486,fine-tuned,"6,9,2"
8487,fine-tuned,"8,3,8"
8488,fine-tuned,"4,4,2"
8489,fine-tuned,"1,9,3"
8490,fine-tuned,"9,6,1"
8491,fine-tuned,"7,8,1"
8492,fine-tuned,"3,6,2"
8493,fine-tuned,"1,1,1"
8494,fine-tuned,"9,8,6"
8495,fine-tuned,"3,9,4"
8496,fine-tuned,"2,3,7"
8497,fine-tuned,"5,4,4"
8498,fine-tuned,"4,2,3"
8499,fine-tuned,"3,9,6"
8500,fine-tuned,"5,8,7"
8501,fine-tuned,"1,7,4"
8502,fine-tuned,"2,3,2"
8503,fine-tuned,"9,5,6"
8504,fine-tuned,"5,4,9"
8505,fine-tuned,"4,4,6"
8506,fine-tuned,"4,8,6"
8507,fine-tuned,"5,1,8"
8508,fine-tuned,"9,4,5"
8509,fine-tuned,"5,4,8"
8510,fine-tuned,"3,7,6"
8511,fine-tuned,"8,6,5"
8512,fine-tuned,"6,7,2"
8513,fine-tuned,"4,7,5"
8514,fine-tuned,"9,9,5"
8515,fine-tuned,"5,2,1"
8516,fine-tuned,"4,4,6"
8517,fine-tuned,"4,6,1"
8518,fine-tuned,"1,2,1"
8519,fine-tuned,"6,5,5"
8520,fine-tuned,"1,9,4"
8521,fine-tuned,"4,5,8"
8522,fine-tuned,"6,3,3"
8523,fine-tuned,"3,4,3"
8524,fine-tuned,"8,1,6"
8525,fine-tuned,"6,8,6"
8526,fine-tuned,"5,3,4"
8527,fine-tuned,"9,7,6"
8528,fine-tuned,"8,8,2"
8529,fine-tuned,"9,5,5"
8530,fine-tuned,"3,9,2"
8531,fine-tuned,"8,9,7"
8532,fine-tuned,"4,8,6"
8533,fine-tuned,"7,2,1"
8534,fine-tuned,"7,1,9"
8535,fine-tuned,"1,5,8"
8536,fine-tuned,"8,2,5"
8537,fine-tuned,"9,6,6"
8538,fine-tuned,"3,8,3"
8539,fine-tuned,"4,8,4"
8540,fine-tuned,"9,3,9"
8541,fine-tuned,"1,7,3"
8542,fine-tuned,"6,2,3"
8543,fine-tuned,"4,3,4"
8544,fine-tuned,"6,6,7"
8545,fine-tuned,"1,7,5"
8546,fine-tuned,"5,4,9"
8547,fine-tuned,"1,1,6"
8548,fine-tuned,"2,6,3"
8549,fine-tuned,"4,2,2"
8550,fine-tuned,"8,9,6"
8551,fine-tuned,"4,1,8"
8552,fine-tuned,"1,9,1"
8553,fine-tuned,"8,5,8"
8554,fine-tuned,"5,3,1"
8555,fine-tuned,"1,2,7"
8556,fine-tuned,"8,7,1"
8557,fine-tuned,"4,1,3"
8558,fine-tuned,"9,2,8"
8559,fine-tuned,"2,5,8"
8560,fine-tuned,"1,4,1"
8561,fine-tuned,"5,3,8"
8562,fine-tuned,"3,2,1"
8563,fine-tuned,"8,9,4"
8564,fine-tuned,"6,4,5"
8565,fine-tuned,"8,3,2"
8566,fine-tuned,"7,4,4"
8567,fine-tuned,"8,7,7"
8568,fine-tuned,"3,8,2"
8569,fine-tuned,"7,9,9"
8570,fine-tuned,"7,4,3"
8571,fine-tuned,"4,7,7"
8572,fine-tuned,"3,5,5"
8573,fine-tuned,"8,8,7"
8574,fine-tuned,"7,7,7"
8575,fine-tuned,"5,1,8"
8576,fine-tuned,"3,9,6"
8577,fine-tuned,"9,3,4"
8578,fine-tuned,"9,8,4"
8579,fine-tuned,"8,3,6"
8580,fine-tuned,"7,5,7"
8581,fine-tuned,"8,7,8"
8582,fine-tuned,"9,3,9"
8583,fine-tuned,"8,8,9"
8584,fine-tuned,"8,9,5"
8585,fine-tuned,"8,3,3"
8586,fine-tuned,"1,6,7"
8587,fine-tuned,"3,5,9"
8588,fine-tuned,"1,8,5"
8589,fine-tuned,"2,8,7"
8590,fine-tuned,"1,3,9"
8591,fine-tuned,"9,6,1"
8592,fine-tuned,"6,9,3"
8593,fine-tuned,"2,7,7"
8594,fine-tuned,"5,9,9"
8595,fine-tuned,"2,8,2"
8596,fine-tuned,"2,4,2"
8597,fine-tuned,"3,8,4"
8598,fine-tuned,"3,7,2"
8599,fine-tuned,"1,9,6"
8600,fine-tuned,"8,8,4"
8601,fine-tuned,"4,7,2"
8602,fine-tuned,"9,9,8"
8603,fine-tuned,"6,1,5"
8604,fine-tuned,"9,6,5"
8605,fine-tuned,"3,9,6"
8606,fine-tuned,"3,1,5"
8607,fine-tuned,"3,7,2"
8608,fine-tuned,"3,5,8"
8609,fine-tuned,"8,7,3"
8610,fine-tuned,"4,8,4"
8611,fine-tuned,"7,7,9"
8612,fine-tuned,"7,1,9"
8613,fine-tuned,"4,2,2"
8614,fine-tuned,"1,5,7"
8615,fine-tuned,"6,4,9"
8616,fine-tuned,"7,9,1"
8617,fine-tuned,"5,2,4"
8618,fine-tuned,"1,9,4"
8619,fine-tuned,"9,3,6"
8620,fine-tuned,"2,1,2"
8621,fine-tuned,"3,1,1"
8622,fine-tuned,"1,3,5"
8623,fine-tuned,"2,3,1"
8624,fine-tuned,"2,9,2"
8625,fine-tuned,"6,1,6"
8626,fine-tuned,"8,4,1"
8627,fine-tuned,"7,3,9"
8628,fine-tuned,"8,5,9"
8629,fine-tuned,"9,9,2"
8630,fine-tuned,"1,5,2"
8631,fine-tuned,"3,6,2"
8632,fine-tuned,"1,8,4"
8633,fine-tuned,"7,5,4"
8634,fine-tuned,"2,4,3"
8635,fine-tuned,"5,3,6"
8636,fine-tuned,"1,7,8"
8637,fine-tuned,"7,4,9"
8638,fine-tuned,"6,9,2"
8639,fine-tuned,"7,1,1"
8640,fine-tuned,"2,3,8"
8641,fine-tuned,"3,8,2"
8642,fine-tuned,"4,4,1"
8643,fine-tuned,"5,7,8"
8644,fine-tuned,"4,9,4"
8645,fine-tuned,"9,5,3"
8646,fine-tuned,"6,5,9"
8647,fine-tuned,"7,2,2"
8648,fine-tuned,"4,8,4"
8649,fine-tuned,"6,8,7"
8650,fine-tuned,"9,7,4"
8651,fine-tuned,"3,8,2"
8652,fine-tuned,"3,9,7"
8653,fine-tuned,"5,1,6"
8654,fine-tuned,"6,4,1"
8655,fine-tuned,"9,8,9"
8656,fine-tuned,"6,5,4"
8657,fine-tuned,"1,8,1"
8658,fine-tuned,"4,5,3"
8659,fine-tuned,"4,6,8"
8660,fine-tuned,"9,3,8"
8661,fine-tuned,"4,6,7"
8662,fine-tuned,"3,6,8"
8663,fine-tuned,"1,5,4"
8664,fine-tuned,"6,9,2"
8665,fine-tuned,"1,8,6"
8666,fine-tuned,"5,8,6"
8667,fine-tuned,"4,5,1"
8668,fine-tuned,"7,7,4"
8669,fine-tuned,"8,4,4"
8670,fine-tuned,"6,1,5"
8671,fine-tuned,"3,9,2"
8672,fine-tuned,"8,5,7"
8673,fine-tuned,"6,8,2"
8674,fine-tuned,"8,7,6"
8675,fine-tuned,"7,2,6"
8676,fine-tuned,"7,4,3"
8677,fine-tuned,"9,6,3"
8678,fine-tuned,"5,7,3"
8679,fine-tuned,"3,9,4"
8680,fine-tuned,"1,4,4"
8681,fine-tuned,"8,5,3"
8682,fine-tuned,"4,7,2"
8683,fine-tuned,"7,6,2"
8684,fine-tuned,"3,6,7"
8685,fine-tuned,"2,3,4"
8686,fine-tuned,"3,4,1"
8687,fine-tuned,"3,4,9"
8688,fine-tuned,"3,1,8"
8689,fine-tuned,"9,7,3"
8690,fine-tuned,"9,4,2"
8691,fine-tuned,"1,5,5"
8692,fine-tuned,"6,5,3"
8693,fine-tuned,"6,3,3"
8694,fine-tuned,"2,4,5"
8695,fine-tuned,"9,4,7"
8696,fine-tuned,"2,6,1"
8697,fine-tuned,"9,3,3"
8698,fine-tuned,"9,4,8"
8699,fine-tuned,"6,3,3"
8700,fine-tuned,"9,7,1"
8701,fine-tuned,"9,4,2"
8702,fine-tuned,"1,5,8"
8703,fine-tuned,"2,7,2"
8704,fine-tuned,"2,8,9"
8705,fine-tuned,"7,6,7"
8706,fine-tuned,"7,1,9"
8707,fine-tuned,"6,8,8"
8708,fine-tuned,"2,3,4"
8709,fine-tuned,"7,3,3"
8710,fine-tuned,"3,8,7"
8711,fine-tuned,"4,3,4"
8712,fine-tuned,"7,3,5"
8713,fine-tuned,"9,6,7"
8714,fine-tuned,"8,1,5"
8715,fine-tuned,"2,3,8"
8716,fine-tuned,"9,1,6"
8717,fine-tuned,"8,7,8"
8718,fine-tuned,"5,4,2"
8719,fine-tuned,"1,6,9"
8720,fine-tuned,"5,1,1"
8721,fine-tuned,"5,2,5"
8722,fine-tuned,"8,9,3"
8723,fine-tuned,"5,8,3"
8724,fine-tuned,"5,1,1"
8725,fine-tuned,"3,1,9"
8726,fine-tuned,"8,2,9"
8727,fine-tuned,"7,3,1"
8728,fine-tuned,"5,4,9"
8729,fine-tuned,"9,5,2"
8730,fine-tuned,"6,4,1"
8731,fine-tuned,"3,8,3"
8732,fine-tuned,"9,1,6"
8733,fine-tuned,"3,7,8"
8734,fine-tuned,"9,2,2"
8735,fine-tuned,"8,5,4"
8736,fine-tuned,"7,2,9"
8737,fine-tuned,"6,9,9"
8738,fine-tuned,"6,2,7"
8739,fine-tuned,"5,3,1"
8740,fine-tuned,"9,9,4"
8741,fine-tuned,"6,7,6"
8742,fine-tuned,"9,1,4"
8743,fine-tuned,"2,5,9"
8744,fine-tuned,"8,4,1"
8745,fine-tuned,"4,6,7"
8746,fine-tuned,"3,5,7"
8747,fine-tuned,"9,5,8"
8748,fine-tuned,"8,7,8"
8749,fine-tuned,"1,4,2"
8750,fine-tuned,"9,7,9"
8751,fine-tuned,"9,7,8"
8752,fine-tuned,"4,7,9"
8753,fine-tuned,"7,4,5"
8754,fine-tuned,"1,7,9"
8755,fine-tuned,"3,8,9"
8756,fine-tuned,"7,7,9"
8757,fine-tuned,"1,2,3"
8758,fine-tuned,"9,8,6"
8759,fine-tuned,"3,9,9"
8760,fine-tuned,"7,3,4"
8761,fine-tuned,"4,2,4"
8762,fine-tuned,"5,1,8"
8763,fine-tuned,"6,7,8"
8764,fine-tuned,"7,6,9"
8765,fine-tuned,"8,3,1"
8766,fine-tuned,"8,8,6"
8767,fine-tuned,"5,8,8"
8768,fine-tuned,"5,3,2"
8769,fine-tuned,"3,4,5"
8770,fine-tuned,"6,5,9"
8771,fine-tuned,"9,6,8"
8772,fine-tuned,"8,9,6"
8773,fine-tuned,"1,8,5"
8774,fine-tuned,"3,8,9"
8775,fine-tuned,"6,9,1"
8776,fine-tuned,"2,6,9"
8777,fine-tuned,"3,2,6"
8778,fine-tuned,"4,2,3"
8779,fine-tuned,"8,3,5"
8780,fine-tuned,"5,4,7"
8781,fine-tuned,"8,2,2"
8782,fine-tuned,"8,8,9"
8783,fine-tuned,"1,7,4"
8784,fine-tuned,"7,5,1"
8785,fine-tuned,"7,5,3"
8786,fine-tuned,"1,6,4"
8787,fine-tuned,"9,3,3"
8788,fine-tuned,"7,4,8"
8789,fine-tuned,"2,4,3"
8790,fine-tuned,"1,3,5"
8791,fine-tuned,"4,2,7"
8792,fine-tuned,"4,9,6"
8793,fine-tuned,"9,9,3"
8794,fine-tuned,"4,8,7"
8795,fine-tuned,"3,5,2"
8796,fine-tuned,"8,5,7"
8797,fine-tuned,"4,5,7"
8798,fine-tuned,"3,6,6"
8799,fine-tuned,"1,5,4"
8800,fine-tuned,"2,1,7"
8801,fine-tuned,"1,8,1"
8802,fine-tuned,"3,7,4"
8803,fine-tuned,"9,9,2"
8804,fine-tuned,"1,1,4"
8805,fine-tuned,"2,9,6"
8806,fine-tuned,"6,2,3"
8807,fine-tuned,"6,4,7"
8808,fine-tuned,"6,4,3"
8809,fine-tuned,"9,1,3"
8810,fine-tuned,"6,5,3"
8811,fine-tuned,"9,5,2"
8812,fine-tuned,"5,6,7"
8813,fine-tuned,"7,2,9"
8814,fine-tuned,"5,2,8"
8815,fine-tuned,"8,9,3"
8816,fine-tuned,"3,8,7"
8817,fine-tuned,"3,1,6"
8818,fine-tuned,"8,2,7"
8819,fine-tuned,"5,2,6"
8820,fine-tuned,"7,1,6"
8821,fine-tuned,"4,2,9"
8822,fine-tuned,"4,7,5"
8823,fine-tuned,"4,8,4"
8824,fine-tuned,"2,9,5"
8825,fine-tuned,"2,9,2"
8826,fine-tuned,"9,7,2"
8827,fine-tuned,"2,2,8"
8828,fine-tuned,"4,3,3"
8829,fine-tuned,"7,8,8"
8830,fine-tuned,"5,3,6"
8831,fine-tuned,"5,1,1"
8832,fine-tuned,"7,3,2"
8833,fine-tuned,"8,4,1"
8834,fine-tuned,"7,8,5"
8835,fine-tuned,"2,5,8"
8836,fine-tuned,"8,1,6"
8837,fine-tuned,"6,9,3"
8838,fine-tuned,"7,8,9"
8839,fine-tuned,"9,8,1"
8840,fine-tuned,"5,8,2"
8841,fine-tuned,"9,8,4"
8842,fine-tuned,"1,9,4"
8843,fine-tuned,"3,7,9"
8844,fine-tuned,"9,8,2"
8845,fine-tuned,"3,9,3"
8846,fine-tuned,"3,6,1"
8847,fine-tuned,"9,1,4"
8848,fine-tuned,"4,8,4"
8849,fine-tuned,"9,1,4"
8850,fine-tuned,"6,6,4"
8851,fine-tuned,"7,7,3"
8852,fine-tuned,"7,1,1"
8853,fine-tuned,"9,9,7"
8854,fine-tuned,"4,9,1"
8855,fine-tuned,"8,7,3"
8856,fine-tuned,"6,5,6"
8857,fine-tuned,"5,4,6"
8858,fine-tuned,"3,5,4"
8859,fine-tuned,"4,9,2"
8860,fine-tuned,"1,7,7"
8861,fine-tuned,"6,9,4"
8862,fine-tuned,"9,9,9"
8863,fine-tuned,"3,5,2"
8864,fine-tuned,"3,3,4"
8865,fine-tuned,"1,8,2"
8866,fine-tuned,"9,2,6"
8867,fine-tuned,"8,8,8"
8868,fine-tuned,"6,9,8"
8869,fine-tuned,"5,9,5"
8870,fine-tuned,"4,3,7"
8871,fine-tuned,"6,5,2"
8872,fine-tuned,"4,1,9"
8873,fine-tuned,"5,8,3"
8874,fine-tuned,"3,8,3"
8875,fine-tuned,"3,4,7"
8876,fine-tuned,"6,2,5"
8877,fine-tuned,"9,6,3"
8878,fine-tuned,"8,9,3"
8879,fine-tuned,"4,4,5"
8880,fine-tuned,"7,6,8"
8881,fine-tuned,"1,1,4"
8882,fine-tuned,"9,3,3"
8883,fine-tuned,"8,7,3"
8884,fine-tuned,"3,3,2"
8885,fine-tuned,"4,7,3"
8886,fine-tuned,"5,1,4"
8887,fine-tuned,"1,5,6"
8888,fine-tuned,"3,7,2"
8889,fine-tuned,"4,2,9"
8890,fine-tuned,"2,1,8"
8891,fine-tuned,"2,5,6"
8892,fine-tuned,"6,1,2"
8893,fine-tuned,"8,3,1"
8894,fine-tuned,"6,1,9"
8895,fine-tuned,"4,1,8"
8896,fine-tuned,"1,4,2"
8897,fine-tuned,"1,8,4"
8898,fine-tuned,"8,6,6"
8899,fine-tuned,"4,3,6"
8900,fine-tuned,"5,7,8"
8901,fine-tuned,"8,2,1"
8902,fine-tuned,"2,4,9"
8903,fine-tuned,"3,3,8"
8904,fine-tuned,"2,7,8"
8905,fine-tuned,"5,9,1"
8906,fine-tuned,"1,4,1"
8907,fine-tuned,"8,5,8"
8908,fine-tuned,"7,8,1"
8909,fine-tuned,"6,8,5"
8910,fine-tuned,"9,4,2"
8911,fine-tuned,"9,6,7"
8912,fine-tuned,"1,6,3"
8913,fine-tuned,"1,3,9"
8914,fine-tuned,"2,5,7"
8915,fine-tuned,"5,6,1"
8916,fine-tuned,"8,7,4"
8917,fine-tuned,"7,7,4"
8918,fine-tuned,"2,8,3"
8919,fine-tuned,"2,5,1"
8920,fine-tuned,"8,4,2"
8921,fine-tuned,"3,4,9"
8922,fine-tuned,"8,4,8"
8923,fine-tuned,"4,8,3"
8924,fine-tuned,"3,7,2"
8925,fine-tuned,"6,2,7"
8926,fine-tuned,"5,1,5"
8927,fine-tuned,"2,6,9"
8928,fine-tuned,"6,4,9"
8929,fine-tuned,"9,3,3"
8930,fine-tuned,"6,2,9"
8931,fine-tuned,"6,8,8"
8932,fine-tuned,"9,6,3"
8933,fine-tuned,"8,7,7"
8934,fine-tuned,"3,6,4"
8935,fine-tuned,"3,2,4"
8936,fine-tuned,"2,6,1"
8937,fine-tuned,"2,1,2"
8938,fine-tuned,"2,4,8"
8939,fine-tuned,"3,1,5"
8940,fine-tuned,"8,9,1"
8941,fine-tuned,"5,2,1"
8942,fine-tuned,"8,8,5"
8943,fine-tuned,"2,7,1"
8944,fine-tuned,"3,9,9"
8945,fine-tuned,"7,4,1"
8946,fine-tuned,"2,5,8"
8947,fine-tuned,"8,2,7"
8948,fine-tuned,"5,5,4"
8949,fine-tuned,"6,4,7"
8950,fine-tuned,"2,8,9"
8951,fine-tuned,"8,1,5"
8952,fine-tuned,"7,9,7"
8953,fine-tuned,"8,1,9"
8954,fine-tuned,"6,4,9"
8955,fine-tuned,"9,9,1"
8956,fine-tuned,"6,7,2"
8957,fine-tuned,"5,7,9"
8958,fine-tuned,"1,1,8"
8959,fine-tuned,"3,6,4"
8960,fine-tuned,"9,7,7"
8961,fine-tuned,"6,8,8"
8962,fine-tuned,"8,6,6"
8963,fine-tuned,"8,7,6"
8964,fine-tuned,"2,5,6"
8965,fine-tuned,"8,8,6"
8966,fine-tuned,"4,3,8"
8967,fine-tuned,"9,4,4"
8968,fine-tuned,"7,8,6"
8969,fine-tuned,"5,6,6"
8970,fine-tuned,"7,2,7"
8971,fine-tuned,"1,9,5"
8972,fine-tuned,"4,6,2"
8973,fine-tuned,"8,7,4"
8974,fine-tuned,"1,6,1"
8975,fine-tuned,"2,6,1"
8976,fine-tuned,"9,2,6"
8977,fine-tuned,"7,8,5"
8978,fine-tuned,"2,5,1"
8979,fine-tuned,"4,9,9"
8980,fine-tuned,"4,7,9"
8981,fine-tuned,"8,5,5"
8982,fine-tuned,"1,1,3"
8983,fine-tuned,"2,9,3"
8984,fine-tuned,"2,4,8"
8985,fine-tuned,"9,1,7"
8986,fine-tuned,"4,4,9"
8987,fine-tuned,"8,8,1"
8988,fine-tuned,"8,1,6"
8989,fine-tuned,"3,9,7"
8990,fine-tuned,"3,9,7"
8991,fine-tuned,"9,9,6"
8992,fine-tuned,"1,4,9"
8993,fine-tuned,"9,3,2"
8994,fine-tuned,"5,3,6"
8995,fine-tuned,"9,7,3"
8996,fine-tuned,"7,6,8"
8997,fine-tuned,"7,2,6"
8998,fine-tuned,"3,4,7"
8999,fine-tuned,"5,4,7"
9000,fine-tuned,"2,5,4"
9001,fine-tuned,"4,1,4"
9002,fine-tuned,"7,6,1"
9003,fine-tuned,"8,6,7"
9004,fine-tuned,"1,5,6"
9005,fine-tuned,"1,4,8"
9006,fine-tuned,"7,6,2"
9007,fine-tuned,"9,2,5"
9008,fine-tuned,"8,9,7"
9009,fine-tuned,"1,6,3"
9010,fine-tuned,"9,4,2"
9011,fine-tuned,"8,2,3"
9012,fine-tuned,"4,9,7"
9013,fine-tuned,"1,6,5"
9014,fine-tuned,"8,5,1"
9015,fine-tuned,"9,9,6"
9016,fine-tuned,"6,6,5"
9017,fine-tuned,"8,8,2"
9018,fine-tuned,"6,3,1"
9019,fine-tuned,"2,2,1"
9020,fine-tuned,"1,4,7"
9021,fine-tuned,"9,5,6"
9022,fine-tuned,"3,1,1"
9023,fine-tuned,"9,9,7"
9024,fine-tuned,"3,4,6"
9025,fine-tuned,"5,8,1"
9026,fine-tuned,"9,4,5"
9027,fine-tuned,"5,6,6"
9028,fine-tuned,"2,4,9"
9029,fine-tuned,"9,1,6"
9030,fine-tuned,"2,1,6"
9031,fine-tuned,"6,9,5"
9032,fine-tuned,"8,8,4"
9033,fine-tuned,"9,9,6"
9034,fine-tuned,"7,6,3"
9035,fine-tuned,"5,5,8"
9036,fine-tuned,"5,1,8"
9037,fine-tuned,"7,1,8"
9038,fine-tuned,"7,5,1"
9039,fine-tuned,"9,7,6"
9040,fine-tuned,"7,3,1"
9041,fine-tuned,"1,2,5"
9042,fine-tuned,"3,5,8"
9043,fine-tuned,"6,8,4"
9044,fine-tuned,"4,8,8"
9045,fine-tuned,"7,4,5"
9046,fine-tuned,"5,4,4"
9047,fine-tuned,"6,9,8"
9048,fine-tuned,"5,1,1"
9049,fine-tuned,"3,8,6"
9050,fine-tuned,"3,3,7"
9051,fine-tuned,"7,4,7"
9052,fine-tuned,"3,5,8"
9053,fine-tuned,"4,1,1"
9054,fine-tuned,"5,6,9"
9055,fine-tuned,"1,7,2"
9056,fine-tuned,"1,9,8"
9057,fine-tuned,"7,2,3"
9058,fine-tuned,"7,1,4"
9059,fine-tuned,"5,7,8"
9060,fine-tuned,"1,4,8"
9061,fine-tuned,"8,4,1"
9062,fine-tuned,"1,2,3"
9063,fine-tuned,"5,1,1"
9064,fine-tuned,"9,1,4"
9065,fine-tuned,"5,8,3"
9066,fine-tuned,"3,3,1"
9067,fine-tuned,"5,3,8"
9068,fine-tuned,"2,2,1"
9069,fine-tuned,"3,1,2"
9070,fine-tuned,"5,8,9"
9071,fine-tuned,"7,1,2"
9072,fine-tuned,"4,7,9"
9073,fine-tuned,"4,2,8"
9074,fine-tuned,"5,1,7"
9075,fine-tuned,"4,3,7"
9076,fine-tuned,"3,9,7"
9077,fine-tuned,"8,1,7"
9078,fine-tuned,"3,1,2"
9079,fine-tuned,"2,9,3"
9080,fine-tuned,"4,1,7"
9081,fine-tuned,"5,2,2"
9082,fine-tuned,"9,8,1"
9083,fine-tuned,"4,5,4"
9084,fine-tuned,"3,6,9"
9085,fine-tuned,"5,9,8"
9086,fine-tuned,"2,6,5"
9087,fine-tuned,"8,7,6"
9088,fine-tuned,"8,6,1"
9089,fine-tuned,"7,4,4"
9090,fine-tuned,"3,9,6"
9091,fine-tuned,"3,3,2"
9092,fine-tuned,"4,8,9"
9093,fine-tuned,"2,3,9"
9094,fine-tuned,"2,7,1"
9095,fine-tuned,"7,5,9"
9096,fine-tuned,"6,8,6"
9097,fine-tuned,"4,6,3"
9098,fine-tuned,"2,3,9"
9099,fine-tuned,"1,2,8"
9100,fine-tuned,"9,1,2"
9101,fine-tuned,"6,9,7"
9102,fine-tuned,"1,2,2"
9103,fine-tuned,"8,1,5"
9104,fine-tuned,"5,9,9"
9105,fine-tuned,"1,7,8"
9106,fine-tuned,"1,7,3"
9107,fine-tuned,"4,9,8"
9108,fine-tuned,"3,8,6"
9109,fine-tuned,"2,1,8"
9110,fine-tuned,"1,9,5"
9111,fine-tuned,"7,9,3"
9112,fine-tuned,"5,8,3"
9113,fine-tuned,"6,1,8"
9114,fine-tuned,"7,4,3"
9115,fine-tuned,"3,9,9"
9116,fine-tuned,"4,9,9"
9117,fine-tuned,"1,5,3"
9118,fine-tuned,"5,1,2"
9119,fine-tuned,"8,7,1"
9120,fine-tuned,"6,4,2"
9121,fine-tuned,"9,5,1"
9122,fine-tuned,"7,3,1"
9123,fine-tuned,"4,5,9"
9124,fine-tuned,"6,8,5"
9125,fine-tuned,"3,9,5"
9126,fine-tuned,"8,6,7"
9127,fine-tuned,"2,8,3"
9128,fine-tuned,"3,5,6"
9129,fine-tuned,"3,7,4"
9130,fine-tuned,"4,6,2"
9131,fine-tuned,"8,4,8"
9132,fine-tuned,"7,1,4"
9133,fine-tuned,"9,2,5"
9134,fine-tuned,"5,9,8"
9135,fine-tuned,"6,7,5"
9136,fine-tuned,"3,6,6"
9137,fine-tuned,"9,2,2"
9138,fine-tuned,"2,5,5"
9139,fine-tuned,"8,7,1"
9140,fine-tuned,"3,3,7"
9141,fine-tuned,"5,2,2"
9142,fine-tuned,"3,7,4"
9143,fine-tuned,"3,1,2"
9144,fine-tuned,"7,2,1"
9145,fine-tuned,"8,9,5"
9146,fine-tuned,"8,9,4"
9147,fine-tuned,"8,8,5"
9148,fine-tuned,"9,2,6"
9149,fine-tuned,"4,3,6"
9150,fine-tuned,"1,8,7"
9151,fine-tuned,"1,2,6"
9152,fine-tuned,"8,2,9"
9153,fine-tuned,"6,5,4"
9154,fine-tuned,"5,3,3"
9155,fine-tuned,"5,4,4"
9156,fine-tuned,"6,9,3"
9157,fine-tuned,"9,1,3"
9158,fine-tuned,"7,1,9"
9159,fine-tuned,"8,6,2"
9160,fine-tuned,"6,6,9"
9161,fine-tuned,"4,1,6"
9162,fine-tuned,"9,4,9"
9163,fine-tuned,"2,8,8"
9164,fine-tuned,"1,9,3"
9165,fine-tuned,"5,1,4"
9166,fine-tuned,"2,8,9"
9167,fine-tuned,"7,1,9"
9168,fine-tuned,"9,5,2"
9169,fine-tuned,"1,6,9"
9170,fine-tuned,"5,3,7"
9171,fine-tuned,"1,6,1"
9172,fine-tuned,"1,8,2"
9173,fine-tuned,"4,6,9"
9174,fine-tuned,"8,6,9"
9175,fine-tuned,"3,3,6"
9176,fine-tuned,"2,5,6"
9177,fine-tuned,"8,9,7"
9178,fine-tuned,"4,7,1"
9179,fine-tuned,"6,6,9"
9180,fine-tuned,"6,4,5"
9181,fine-tuned,"4,3,4"
9182,fine-tuned,"7,5,5"
9183,fine-tuned,"5,5,3"
9184,fine-tuned,"7,9,3"
9185,fine-tuned,"3,7,2"
9186,fine-tuned,"3,9,2"
9187,fine-tuned,"6,6,2"
9188,fine-tuned,"8,5,4"
9189,fine-tuned,"9,4,3"
9190,fine-tuned,"9,7,6"
9191,fine-tuned,"1,2,9"
9192,fine-tuned,"4,9,4"
9193,fine-tuned,"6,6,3"
9194,fine-tuned,"9,1,7"
9195,fine-tuned,"2,4,9"
9196,fine-tuned,"8,4,7"
9197,fine-tuned,"6,4,5"
9198,fine-tuned,"8,8,4"
9199,fine-tuned,"2,6,9"
9200,fine-tuned,"8,8,5"
9201,fine-tuned,"7,1,5"
9202,fine-tuned,"4,1,5"
9203,fine-tuned,"4,5,8"
9204,fine-tuned,"1,9,2"
9205,fine-tuned,"1,7,9"
9206,fine-tuned,"2,3,9"
9207,fine-tuned,"6,7,7"
9208,fine-tuned,"6,9,5"
9209,fine-tuned,"7,4,1"
9210,fine-tuned,"4,3,2"
9211,fine-tuned,"4,1,3"
9212,fine-tuned,"8,6,2"
9213,fine-tuned,"7,8,2"
9214,fine-tuned,"5,8,6"
9215,fine-tuned,"6,5,9"
9216,fine-tuned,"1,7,2"
9217,fine-tuned,"6,1,7"
9218,fine-tuned,"8,9,7"
9219,fine-tuned,"1,9,6"
9220,fine-tuned,"9,5,4"
9221,fine-tuned,"9,8,5"
9222,fine-tuned,"3,8,4"
9223,fine-tuned,"7,5,3"
9224,fine-tuned,"2,7,4"
9225,fine-tuned,"8,3,6"
9226,fine-tuned,"9,9,6"
9227,fine-tuned,"9,2,8"
9228,fine-tuned,"4,8,2"
9229,fine-tuned,"7,3,5"
9230,fine-tuned,"3,8,3"
9231,fine-tuned,"2,1,2"
9232,fine-tuned,"8,2,1"
9233,fine-tuned,"4,3,9"
9234,fine-tuned,"1,1,7"
9235,fine-tuned,"7,4,1"
9236,fine-tuned,"8,9,5"
9237,fine-tuned,"4,1,9"
9238,fine-tuned,"9,1,7"
9239,fine-tuned,"7,6,3"
9240,fine-tuned,"5,2,1"
9241,fine-tuned,"5,1,5"
9242,fine-tuned,"5,3,7"
9243,fine-tuned,"3,6,6"
9244,fine-tuned,"5,5,6"
9245,fine-tuned,"8,3,2"
9246,fine-tuned,"5,1,9"
9247,fine-tuned,"1,9,1"
9248,fine-tuned,"4,6,7"
9249,fine-tuned,"5,4,1"
9250,fine-tuned,"6,9,6"
9251,fine-tuned,"7,4,7"
9252,fine-tuned,"2,8,5"
9253,fine-tuned,"8,4,9"
9254,fine-tuned,"1,2,7"
9255,fine-tuned,"8,5,4"
9256,fine-tuned,"7,1,6"
9257,fine-tuned,"5,7,3"
9258,fine-tuned,"7,4,1"
9259,fine-tuned,"1,9,2"
9260,fine-tuned,"9,7,1"
9261,fine-tuned,"9,5,2"
9262,fine-tuned,"5,3,8"
9263,fine-tuned,"2,9,7"
9264,fine-tuned,"1,2,5"
9265,fine-tuned,"7,4,8"
9266,fine-tuned,"7,5,5"
9267,fine-tuned,"6,5,4"
9268,fine-tuned,"5,8,7"
9269,fine-tuned,"3,2,5"
9270,fine-tuned,"4,3,8"
9271,fine-tuned,"9,6,8"
9272,fine-tuned,"4,9,5"
9273,fine-tuned,"4,2,6"
9274,fine-tuned,"8,4,7"
9275,fine-tuned,"4,2,4"
9276,fine-tuned,"6,9,8"
9277,fine-tuned,"3,7,2"
9278,fine-tuned,"1,5,1"
9279,fine-tuned,"2,9,2"
9280,fine-tuned,"7,1,2"
9281,fine-tuned,"5,4,2"
9282,fine-tuned,"1,9,4"
9283,fine-tuned,"4,7,1"
9284,fine-tuned,"8,4,7"
9285,fine-tuned,"2,4,1"
9286,fine-tuned,"2,6,3"
9287,fine-tuned,"5,8,9"
9288,fine-tuned,"4,2,7"
9289,fine-tuned,"8,4,4"
9290,fine-tuned,"3,1,2"
9291,fine-tuned,"1,7,9"
9292,fine-tuned,"8,2,8"
9293,fine-tuned,"3,4,1"
9294,fine-tuned,"4,2,5"
9295,fine-tuned,"6,8,2"
9296,fine-tuned,"6,9,7"
9297,fine-tuned,"8,5,3"
9298,fine-tuned,"9,5,9"
9299,fine-tuned,"3,3,6"
9300,fine-tuned,"3,7,3"
9301,fine-tuned,"6,9,3"
9302,fine-tuned,"1,9,4"
9303,fine-tuned,"2,7,6"
9304,fine-tuned,"7,9,6"
9305,fine-tuned,"2,1,4"
9306,fine-tuned,"3,7,4"
9307,fine-tuned,"2,5,7"
9308,fine-tuned,"1,1,4"
9309,fine-tuned,"8,4,1"
9310,fine-tuned,"9,9,6"
9311,fine-tuned,"8,5,5"
9312,fine-tuned,"2,9,6"
9313,fine-tuned,"7,3,9"
9314,fine-tuned,"5,8,8"
9315,fine-tuned,"5,3,6"
9316,fine-tuned,"9,5,9"
9317,fine-tuned,"7,8,8"
9318,fine-tuned,"4,1,1"
9319,fine-tuned,"5,8,5"
9320,fine-tuned,"8,3,1"
9321,fine-tuned,"9,3,3"
9322,fine-tuned,"6,5,7"
9323,fine-tuned,"6,9,3"
9324,fine-tuned,"7,6,4"
9325,fine-tuned,"9,1,3"
9326,fine-tuned,"9,5,8"
9327,fine-tuned,"2,6,9"
9328,fine-tuned,"4,4,5"
9329,fine-tuned,"8,9,9"
9330,fine-tuned,"7,7,2"
9331,fine-tuned,"8,3,1"
9332,fine-tuned,"1,6,9"
9333,fine-tuned,"2,6,5"
9334,fine-tuned,"5,7,9"
9335,fine-tuned,"4,3,9"
9336,fine-tuned,"7,4,3"
9337,fine-tuned,"8,6,9"
9338,fine-tuned,"4,6,7"
9339,fine-tuned,"7,7,3"
9340,fine-tuned,"9,3,1"
9341,fine-tuned,"8,3,1"
9342,fine-tuned,"9,3,6"
9343,fine-tuned,"6,6,1"
9344,fine-tuned,"4,3,9"
9345,fine-tuned,"8,3,9"
9346,fine-tuned,"1,4,8"
9347,fine-tuned,"5,6,8"
9348,fine-tuned,"1,3,8"
9349,fine-tuned,"8,3,7"
9350,fine-tuned,"3,4,9"
9351,fine-tuned,"4,5,7"
9352,fine-tuned,"8,3,1"
9353,fine-tuned,"9,6,7"
9354,fine-tuned,"9,8,5"
9355,fine-tuned,"9,7,9"
9356,fine-tuned,"1,9,8"
9357,fine-tuned,"1,7,7"
9358,fine-tuned,"1,7,1"
9359,fine-tuned,"6,3,5"
9360,fine-tuned,"9,7,5"
9361,fine-tuned,"7,1,7"
9362,fine-tuned,"1,6,5"
9363,fine-tuned,"1,3,5"
9364,fine-tuned,"5,9,7"
9365,fine-tuned,"7,5,3"
9366,fine-tuned,"8,3,3"
9367,fine-tuned,"5,3,9"
9368,fine-tuned,"1,1,1"
9369,fine-tuned,"9,6,9"
9370,fine-tuned,"8,1,2"
9371,fine-tuned,"3,3,8"
9372,fine-tuned,"2,5,4"
9373,fine-tuned,"6,5,8"
9374,fine-tuned,"8,2,5"
9375,fine-tuned,"9,9,9"
9376,fine-tuned,"3,8,9"
9377,fine-tuned,"3,5,2"
9378,fine-tuned,"8,4,9"
9379,fine-tuned,"6,1,9"
9380,fine-tuned,"4,4,5"
9381,fine-tuned,"8,1,4"
9382,fine-tuned,"2,9,4"
9383,fine-tuned,"6,1,2"
9384,fine-tuned,"8,6,1"
9385,fine-tuned,"1,3,5"
9386,fine-tuned,"8,6,6"
9387,fine-tuned,"9,7,3"
9388,fine-tuned,"3,5,9"
9389,fine-tuned,"5,1,1"
9390,fine-tuned,"8,6,4"
9391,fine-tuned,"3,6,5"
9392,fine-tuned,"5,1,1"
9393,fine-tuned,"5,9,9"
9394,fine-tuned,"1,3,9"
9395,fine-tuned,"1,2,8"
9396,fine-tuned,"8,1,8"
9397,fine-tuned,"8,2,8"
9398,fine-tuned,"4,9,9"
9399,fine-tuned,"5,2,8"
9400,fine-tuned,"7,9,9"
9401,fine-tuned,"1,9,9"
9402,fine-tuned,"1,7,2"
9403,fine-tuned,"5,4,2"
9404,fine-tuned,"4,9,2"
9405,fine-tuned,"9,4,5"
9406,fine-tuned,"3,6,8"
9407,fine-tuned,"1,9,8"
9408,fine-tuned,"1,9,8"
9409,fine-tuned,"3,1,1"
9410,fine-tuned,"1,1,6"
9411,fine-tuned,"7,9,5"
9412,fine-tuned,"3,7,1"
9413,fine-tuned,"1,6,5"
9414,fine-tuned,"4,1,5"
9415,fine-tuned,"1,8,4"
9416,fine-tuned,"4,7,6"
9417,fine-tuned,"8,4,6"
9418,fine-tuned,"6,4,7"
9419,fine-tuned,"8,4,5"
9420,fine-tuned,"1,3,4"
9421,fine-tuned,"4,9,9"
9422,fine-tuned,"3,1,6"
9423,fine-tuned,"6,1,3"
9424,fine-tuned,"4,1,2"
9425,fine-tuned,"1,4,1"
9426,fine-tuned,"1,1,9"
9427,fine-tuned,"7,1,3"
9428,fine-tuned,"4,7,4"
9429,fine-tuned,"1,6,4"
9430,fine-tuned,"1,1,2"
9431,fine-tuned,"5,8,1"
9432,fine-tuned,"1,5,8"
9433,fine-tuned,"4,4,1"
9434,fine-tuned,"4,9,1"
9435,fine-tuned,"9,4,2"
9436,fine-tuned,"4,5,6"
9437,fine-tuned,"1,9,6"
9438,fine-tuned,"3,6,4"
9439,fine-tuned,"6,4,2"
9440,fine-tuned,"3,4,3"
9441,fine-tuned,"4,5,4"
9442,fine-tuned,"5,2,9"
9443,fine-tuned,"5,7,6"
9444,fine-tuned,"8,9,5"
9445,fine-tuned,"4,8,5"
9446,fine-tuned,"9,4,1"
9447,fine-tuned,"2,5,7"
9448,fine-tuned,"9,3,7"
9449,fine-tuned,"7,8,6"
9450,fine-tuned,"5,5,1"
9451,fine-tuned,"5,9,7"
9452,fine-tuned,"3,7,6"
9453,fine-tuned,"5,6,5"
9454,fine-tuned,"8,1,7"
9455,fine-tuned,"9,6,9"
9456,fine-tuned,"7,2,1"
9457,fine-tuned,"9,2,2"
9458,fine-tuned,"6,3,5"
9459,fine-tuned,"2,5,6"
9460,fine-tuned,"4,7,2"
9461,fine-tuned,"8,1,3"
9462,fine-tuned,"3,4,3"
9463,fine-tuned,"4,8,9"
9464,fine-tuned,"2,6,1"
9465,fine-tuned,"5,4,4"
9466,fine-tuned,"5,6,8"
9467,fine-tuned,"3,5,1"
9468,fine-tuned,"1,5,6"
9469,fine-tuned,"8,3,4"
9470,fine-tuned,"8,3,7"
9471,fine-tuned,"1,4,3"
9472,fine-tuned,"9,2,6"
9473,fine-tuned,"9,4,4"
9474,fine-tuned,"5,7,9"
9475,fine-tuned,"1,2,6"
9476,fine-tuned,"3,6,7"
9477,fine-tuned,"9,7,7"
9478,fine-tuned,"9,8,4"
9479,fine-tuned,"3,8,5"
9480,fine-tuned,"5,7,6"
9481,fine-tuned,"8,5,1"
9482,fine-tuned,"4,3,8"
9483,fine-tuned,"3,3,9"
9484,fine-tuned,"9,1,9"
9485,fine-tuned,"6,1,5"
9486,fine-tuned,"9,1,9"
9487,fine-tuned,"7,2,2"
9488,fine-tuned,"6,2,3"
9489,fine-tuned,"6,4,1"
9490,fine-tuned,"4,6,4"
9491,fine-tuned,"8,9,5"
9492,fine-tuned,"4,8,2"
9493,fine-tuned,"1,1,8"
9494,fine-tuned,"5,4,2"
9495,fine-tuned,"1,5,2"
9496,fine-tuned,"3,4,5"
9497,fine-tuned,"7,6,3"
9498,fine-tuned,"3,8,5"
9499,fine-tuned,"2,6,5"
9500,fine-tuned,"6,8,4"
9501,fine-tuned,"6,3,5"
9502,fine-tuned,"8,1,7"
9503,fine-tuned,"4,7,8"
9504,fine-tuned,"9,5,3"
9505,fine-tuned,"8,7,1"
9506,fine-tuned,"1,1,4"
9507,fine-tuned,"1,1,6"
9508,fine-tuned,"6,2,7"
9509,fine-tuned,"3,1,5"
9510,fine-tuned,"6,6,5"
9511,fine-tuned,"8,8,4"
9512,fine-tuned,"6,9,5"
9513,fine-tuned,"3,1,2"
9514,fine-tuned,"2,4,6"
9515,fine-tuned,"3,1,4"
9516,fine-tuned,"2,4,6"
9517,fine-tuned,"1,4,9"
9518,fine-tuned,"6,8,6"
9519,fine-tuned,"9,5,4"
9520,fine-tuned,"1,2,4"
9521,fine-tuned,"7,2,5"
9522,fine-tuned,"1,7,1"
9523,fine-tuned,"7,6,4"
9524,fine-tuned,"8,4,5"
9525,fine-tuned,"4,7,6"
9526,fine-tuned,"5,4,8"
9527,fine-tuned,"3,1,8"
9528,fine-tuned,"6,6,3"
9529,fine-tuned,"6,5,2"
9530,fine-tuned,"1,4,5"
9531,fine-tuned,"3,6,5"
9532,fine-tuned,"9,2,6"
9533,fine-tuned,"6,8,8"
9534,fine-tuned,"2,6,9"
9535,fine-tuned,"9,6,6"
9536,fine-tuned,"5,8,4"
9537,fine-tuned,"1,3,9"
9538,fine-tuned,"5,8,9"
9539,fine-tuned,"6,5,4"
9540,fine-tuned,"1,1,4"
9541,fine-tuned,"7,4,8"
9542,fine-tuned,"1,1,4"
9543,fine-tuned,"9,1,4"
9544,fine-tuned,"3,9,4"
9545,fine-tuned,"6,1,7"
9546,fine-tuned,"3,8,4"
9547,fine-tuned,"6,6,2"
9548,fine-tuned,"5,5,7"
9549,fine-tuned,"8,9,9"
9550,fine-tuned,"9,3,2"
9551,fine-tuned,"8,9,4"
9552,fine-tuned,"1,9,7"
9553,fine-tuned,"8,5,3"
9554,fine-tuned,"8,3,2"
9555,fine-tuned,"5,5,5"
9556,fine-tuned,"4,7,8"
9557,fine-tuned,"1,1,8"
9558,fine-tuned,"1,7,2"
9559,fine-tuned,"5,3,7"
9560,fine-tuned,"5,8,1"
9561,fine-tuned,"7,7,1"
9562,fine-tuned,"5,9,9"
9563,fine-tuned,"2,7,5"
9564,fine-tuned,"3,5,2"
9565,fine-tuned,"1,8,1"
9566,fine-tuned,"6,3,4"
9567,fine-tuned,"8,6,9"
9568,fine-tuned,"7,8,2"
9569,fine-tuned,"8,7,7"
9570,fine-tuned,"5,7,1"
9571,fine-tuned,"7,1,1"
9572,fine-tuned,"1,3,9"
9573,fine-tuned,"8,6,9"
9574,fine-tuned,"4,1,5"
9575,fine-tuned,"7,5,8"
9576,fine-tuned,"2,6,6"
9577,fine-tuned,"4,2,9"
9578,fine-tuned,"3,1,6"
9579,fine-tuned,"6,9,1"
9580,fine-tuned,"5,5,1"
9581,fine-tuned,"8,1,7"
9582,fine-tuned,"5,6,8"
9583,fine-tuned,"3,9,1"
9584,fine-tuned,"3,3,4"
9585,fine-tuned,"6,5,1"
9586,fine-tuned,"1,7,2"
9587,fine-tuned,"5,5,4"
9588,fine-tuned,"4,4,1"
9589,fine-tuned,"8,5,3"
9590,fine-tuned,"9,7,4"
9591,fine-tuned,"1,2,5"
9592,fine-tuned,"2,1,5"
9593,fine-tuned,"3,5,7"
9594,fine-tuned,"2,7,7"
9595,fine-tuned,"6,4,4"
9596,fine-tuned,"3,4,1"
9597,fine-tuned,"6,1,9"
9598,fine-tuned,"3,5,2"
9599,fine-tuned,"3,2,6"
9600,fine-tuned,"5,5,2"
9601,fine-tuned,"1,5,7"
9602,fine-tuned,"4,3,2"
9603,fine-tuned,"3,3,1"
9604,fine-tuned,"8,7,3"
9605,fine-tuned,"1,6,6"
9606,fine-tuned,"1,6,9"
9607,fine-tuned,"2,1,2"
9608,fine-tuned,"1,5,5"
9609,fine-tuned,"6,4,9"
9610,fine-tuned,"6,5,4"
9611,fine-tuned,"6,1,9"
9612,fine-tuned,"6,5,6"
9613,fine-tuned,"9,6,4"
9614,fine-tuned,"3,7,3"
9615,fine-tuned,"9,5,3"
9616,fine-tuned,"7,5,4"
9617,fine-tuned,"8,5,7"
9618,fine-tuned,"9,8,1"
9619,fine-tuned,"9,5,5"
9620,fine-tuned,"8,4,9"
9621,fine-tuned,"1,1,6"
9622,fine-tuned,"8,6,5"
9623,fine-tuned,"8,1,6"
9624,fine-tuned,"9,2,9"
9625,fine-tuned,"6,2,5"
9626,fine-tuned,"1,6,1"
9627,fine-tuned,"7,5,2"
9628,fine-tuned,"7,5,7"
9629,fine-tuned,"3,2,3"
9630,fine-tuned,"5,1,9"
9631,fine-tuned,"8,4,2"
9632,fine-tuned,"5,7,3"
9633,fine-tuned,"7,9,7"
9634,fine-tuned,"9,8,4"
9635,fine-tuned,"9,3,9"
9636,fine-tuned,"1,4,1"
9637,fine-tuned,"3,2,3"
9638,fine-tuned,"1,2,9"
9639,fine-tuned,"2,1,4"
9640,fine-tuned,"9,8,4"
9641,fine-tuned,"3,5,1"
9642,fine-tuned,"8,2,7"
9643,fine-tuned,"3,6,8"
9644,fine-tuned,"4,6,7"
9645,fine-tuned,"6,2,4"
9646,fine-tuned,"5,7,2"
9647,fine-tuned,"4,3,8"
9648,fine-tuned,"9,4,9"
9649,fine-tuned,"2,9,5"
9650,fine-tuned,"8,2,4"
9651,fine-tuned,"2,4,2"
9652,fine-tuned,"6,1,4"
9653,fine-tuned,"8,6,4"
9654,fine-tuned,"9,4,4"
9655,fine-tuned,"1,2,1"
9656,fine-tuned,"9,3,3"
9657,fine-tuned,"9,6,5"
9658,fine-tuned,"3,3,8"
9659,fine-tuned,"4,4,7"
9660,fine-tuned,"1,2,8"
9661,fine-tuned,"2,2,9"
9662,fine-tuned,"1,9,5"
9663,fine-tuned,"8,1,5"
9664,fine-tuned,"2,8,6"
9665,fine-tuned,"7,1,7"
9666,fine-tuned,"1,4,8"
9667,fine-tuned,"5,1,8"
9668,fine-tuned,"8,1,3"
9669,fine-tuned,"8,1,5"
9670,fine-tuned,"4,9,4"
9671,fine-tuned,"6,2,1"
9672,fine-tuned,"4,5,3"
9673,fine-tuned,"3,6,2"
9674,fine-tuned,"7,8,2"
9675,fine-tuned,"7,1,8"
9676,fine-tuned,"5,1,9"
9677,fine-tuned,"2,4,2"
9678,fine-tuned,"1,3,7"
9679,fine-tuned,"9,6,9"
9680,fine-tuned,"9,6,2"
9681,fine-tuned,"3,4,3"
9682,fine-tuned,"2,4,8"
9683,fine-tuned,"5,8,3"
9684,fine-tuned,"2,9,4"
9685,fine-tuned,"1,9,3"
9686,fine-tuned,"6,1,8"
9687,fine-tuned,"1,3,5"
9688,fine-tuned,"1,1,6"
9689,fine-tuned,"5,9,3"
9690,fine-tuned,"1,7,1"
9691,fine-tuned,"9,1,5"
9692,fine-tuned,"6,9,6"
9693,fine-tuned,"3,7,1"
9694,fine-tuned,"3,6,2"
9695,fine-tuned,"1,7,3"
9696,fine-tuned,"6,5,3"
9697,fine-tuned,"6,8,9"
9698,fine-tuned,"6,9,7"
9699,fine-tuned,"3,9,4"
9700,fine-tuned,"6,3,5"
9701,fine-tuned,"8,5,9"
9702,fine-tuned,"1,3,9"
9703,fine-tuned,"6,8,3"
9704,fine-tuned,"6,4,5"
9705,fine-tuned,"9,3,5"
9706,fine-tuned,"4,7,3"
9707,fine-tuned,"1,4,6"
9708,fine-tuned,"8,1,3"
9709,fine-tuned,"7,3,2"
9710,fine-tuned,"2,6,4"
9711,fine-tuned,"4,3,7"
9712,fine-tuned,"7,2,5"
9713,fine-tuned,"2,6,7"
9714,fine-tuned,"8,2,4"
9715,fine-tuned,"5,4,9"
9716,fine-tuned,"7,2,1"
9717,fine-tuned,"3,4,6"
9718,fine-tuned,"9,3,9"
9719,fine-tuned,"2,1,6"
9720,fine-tuned,"9,8,7"
9721,fine-tuned,"4,8,6"
9722,fine-tuned,"2,1,1"
9723,fine-tuned,"4,9,7"
9724,fine-tuned,"2,3,2"
9725,fine-tuned,"7,7,6"
9726,fine-tuned,"6,5,8"
9727,fine-tuned,"4,8,7"
9728,fine-tuned,"4,5,2"
9729,fine-tuned,"1,9,4"
9730,fine-tuned,"4,3,9"
9731,fine-tuned,"8,1,2"
9732,fine-tuned,"5,6,5"
9733,fine-tuned,"6,4,7"
9734,fine-tuned,"5,6,3"
9735,fine-tuned,"8,2,6"
9736,fine-tuned,"7,6,7"
9737,fine-tuned,"9,5,1"
9738,fine-tuned,"7,9,9"
9739,fine-tuned,"4,5,4"
9740,fine-tuned,"4,6,8"
9741,fine-tuned,"3,7,4"
9742,fine-tuned,"7,4,1"
9743,fine-tuned,"8,1,5"
9744,fine-tuned,"2,6,3"
9745,fine-tuned,"7,7,1"
9746,fine-tuned,"4,3,1"
9747,fine-tuned,"5,7,9"
9748,fine-tuned,"3,7,6"
9749,fine-tuned,"6,6,3"
9750,fine-tuned,"1,5,7"
9751,fine-tuned,"9,3,7"
9752,fine-tuned,"7,8,2"
9753,fine-tuned,"9,2,4"
9754,fine-tuned,"6,3,3"
9755,fine-tuned,"1,5,5"
9756,fine-tuned,"7,3,1"
9757,fine-tuned,"9,6,4"
9758,fine-tuned,"8,9,1"
9759,fine-tuned,"6,9,9"
9760,fine-tuned,"6,3,4"
9761,fine-tuned,"6,9,1"
9762,fine-tuned,"8,3,9"
9763,fine-tuned,"6,6,1"
9764,fine-tuned,"6,6,1"
9765,fine-tuned,"6,5,6"
9766,fine-tuned,"2,4,1"
9767,fine-tuned,"3,5,4"
9768,fine-tuned,"8,1,7"
9769,fine-tuned,"4,5,1"
9770,fine-tuned,"2,7,1"
9771,fine-tuned,"6,7,7"
9772,fine-tuned,"7,6,8"
9773,fine-tuned,"5,5,5"
9774,fine-tuned,"3,6,5"
9775,fine-tuned,"9,9,8"
9776,fine-tuned,"5,2,4"
9777,fine-tuned,"1,5,3"
9778,fine-tuned,"1,6,7"
9779,fine-tuned,"8,9,5"
9780,fine-tuned,"3,8,9"
9781,fine-tuned,"3,2,3"
9782,fine-tuned,"3,9,4"
9783,fine-tuned,"8,4,7"
9784,fine-tuned,"2,9,7"
9785,fine-tuned,"3,4,5"
9786,fine-tuned,"1,4,7"
9787,fine-tuned,"1,8,9"
9788,fine-tuned,"2,5,1"
9789,fine-tuned,"8,9,5"
9790,fine-tuned,"5,6,1"
9791,fine-tuned,"6,1,6"
9792,fine-tuned,"6,5,1"
9793,fine-tuned,"4,7,6"
9794,fine-tuned,"8,7,3"
9795,fine-tuned,"8,4,2"
9796,fine-tuned,"4,3,8"
9797,fine-tuned,"9,2,8"
9798,fine-tuned,"6,3,6"
9799,fine-tuned,"7,5,3"
9800,fine-tuned,"9,5,6"
9801,fine-tuned,"1,4,9"
9802,fine-tuned,"1,9,8"
9803,fine-tuned,"9,5,8"
9804,fine-tuned,"5,6,8"
9805,fine-tuned,"6,7,1"
9806,fine-tuned,"3,9,8"
9807,fine-tuned,"1,1,8"
9808,fine-tuned,"7,8,5"
9809,fine-tuned,"3,1,2"
9810,fine-tuned,"6,9,7"
9811,fine-tuned,"7,2,5"
9812,fine-tuned,"5,7,9"
9813,fine-tuned,"8,5,1"
9814,fine-tuned,"6,4,8"
9815,fine-tuned,"1,8,7"
9816,fine-tuned,"3,5,9"
9817,fine-tuned,"1,2,9"
9818,fine-tuned,"9,2,3"
9819,fine-tuned,"7,4,8"
9820,fine-tuned,"1,1,1"
9821,fine-tuned,"1,1,7"
9822,fine-tuned,"1,7,2"
9823,fine-tuned,"5,7,4"
9824,fine-tuned,"9,9,8"
9825,fine-tuned,"4,5,8"
9826,fine-tuned,"1,8,2"
9827,fine-tuned,"6,9,9"
9828,fine-tuned,"1,6,1"
9829,fine-tuned,"4,9,9"
9830,fine-tuned,"6,1,6"
9831,fine-tuned,"9,2,9"
9832,fine-tuned,"6,9,7"
9833,fine-tuned,"9,9,5"
9834,fine-tuned,"1,2,8"
9835,fine-tuned,"7,7,8"
9836,fine-tuned,"1,6,4"
9837,fine-tuned,"3,2,8"
9838,fine-tuned,"7,5,2"
9839,fine-tuned,"9,1,6"
9840,fine-tuned,"5,4,3"
9841,fine-tuned,"4,9,8"
9842,fine-tuned,"7,8,4"
9843,fine-tuned,"6,6,5"
9844,fine-tuned,"1,7,9"
9845,fine-tuned,"8,1,1"
9846,fine-tuned,"9,5,7"
9847,fine-tuned,"8,1,8"
9848,fine-tuned,"4,2,7"
9849,fine-tuned,"7,4,5"
9850,fine-tuned,"9,8,5"
9851,fine-tuned,"8,4,8"
9852,fine-tuned,"3,3,7"
9853,fine-tuned,"2,1,4"
9854,fine-tuned,"1,8,3"
9855,fine-tuned,"4,5,7"
9856,fine-tuned,"3,5,3"
9857,fine-tuned,"9,5,6"
9858,fine-tuned,"3,4,8"
9859,fine-tuned,"2,9,1"
9860,fine-tuned,"3,7,4"
9861,fine-tuned,"3,9,7"
9862,fine-tuned,"3,4,3"
9863,fine-tuned,"9,7,5"
9864,fine-tuned,"7,8,1"
9865,fine-tuned,"5,6,5"
9866,fine-tuned,"2,1,7"
9867,fine-tuned,"4,1,9"
9868,fine-tuned,"3,2,1"
9869,fine-tuned,"8,1,6"
9870,fine-tuned,"3,2,2"
9871,fine-tuned,"5,1,7"
9872,fine-tuned,"6,9,1"
9873,fine-tuned,"2,2,6"
9874,fine-tuned,"7,6,5"
9875,fine-tuned,"4,3,4"
9876,fine-tuned,"2,7,9"
9877,fine-tuned,"4,5,9"
9878,fine-tuned,"7,2,1"
9879,fine-tuned,"2,6,1"
9880,fine-tuned,"5,9,8"
9881,fine-tuned,"9,8,7"
9882,fine-tuned,"8,3,1"
9883,fine-tuned,"8,5,3"
9884,fine-tuned,"9,9,2"
9885,fine-tuned,"9,3,8"
9886,fine-tuned,"7,8,6"
9887,fine-tuned,"8,8,5"
9888,fine-tuned,"9,7,5"
9889,fine-tuned,"4,6,3"
9890,fine-tuned,"5,7,3"
9891,fine-tuned,"7,1,1"
9892,fine-tuned,"5,7,6"
9893,fine-tuned,"9,2,9"
9894,fine-tuned,"1,2,8"
9895,fine-tuned,"5,3,4"
9896,fine-tuned,"7,8,3"
9897,fine-tuned,"6,3,1"
9898,fine-tuned,"8,4,1"
9899,fine-tuned,"5,5,8"
9900,fine-tuned,"6,3,7"
9901,fine-tuned,"3,7,1"
9902,fine-tuned,"4,8,9"
9903,fine-tuned,"6,1,9"
9904,fine-tuned,"4,3,3"
9905,fine-tuned,"4,1,5"
9906,fine-tuned,"1,6,9"
9907,fine-tuned,"5,2,1"
9908,fine-tuned,"4,5,1"
9909,fine-tuned,"6,3,5"
9910,fine-tuned,"9,4,4"
9911,fine-tuned,"8,2,1"
9912,fine-tuned,"1,3,1"
9913,fine-tuned,"4,4,5"
9914,fine-tuned,"9,1,1"
9915,fine-tuned,"5,1,2"
9916,fine-tuned,"4,7,5"
9917,fine-tuned,"1,2,6"
9918,fine-tuned,"4,9,7"
9919,fine-tuned,"1,3,3"
9920,fine-tuned,"3,3,8"
9921,fine-tuned,"8,3,4"
9922,fine-tuned,"4,2,7"
9923,fine-tuned,"1,3,4"
9924,fine-tuned,"7,3,2"
9925,fine-tuned,"7,7,7"
9926,fine-tuned,"5,5,6"
9927,fine-tuned,"5,8,2"
9928,fine-tuned,"4,5,6"
9929,fine-tuned,"4,7,1"
9930,fine-tuned,"6,9,5"
9931,fine-tuned,"8,1,7"
9932,fine-tuned,"7,9,2"
9933,fine-tuned,"8,2,8"
9934,fine-tuned,"5,9,3"
9935,fine-tuned,"9,4,1"
9936,fine-tuned,"4,7,8"
9937,fine-tuned,"4,4,4"
9938,fine-tuned,"5,9,1"
9939,fine-tuned,"8,2,1"
9940,fine-tuned,"8,4,3"
9941,fine-tuned,"8,3,9"
9942,fine-tuned,"5,9,2"
9943,fine-tuned,"8,1,3"
9944,fine-tuned,"4,4,5"
9945,fine-tuned,"9,4,4"
9946,fine-tuned,"2,6,7"
9947,fine-tuned,"1,4,2"
9948,fine-tuned,"3,3,6"
9949,fine-tuned,"1,9,3"
9950,fine-tuned,"7,5,7"
9951,fine-tuned,"1,3,1"
9952,fine-tuned,"9,8,1"
9953,fine-tuned,"3,6,9"
9954,fine-tuned,"9,9,3"
9955,fine-tuned,"6,2,3"
9956,fine-tuned,"4,4,1"
9957,fine-tuned,"8,8,6"
9958,fine-tuned,"3,6,5"
9959,fine-tuned,"4,3,6"
9960,fine-tuned,"3,4,9"
9961,fine-tuned,"3,9,7"
9962,fine-tuned,"1,3,9"
9963,fine-tuned,"6,9,2"
9964,fine-tuned,"1,8,2"
9965,fine-tuned,"2,7,3"
9966,fine-tuned,"5,8,7"
9967,fine-tuned,"1,4,8"
9968,fine-tuned,"4,5,3"
9969,fine-tuned,"9,9,6"
9970,fine-tuned,"9,9,4"
9971,fine-tuned,"6,7,6"
9972,fine-tuned,"2,9,9"
9973,fine-tuned,"6,8,6"
9974,fine-tuned,"8,4,4"
9975,fine-tuned,"4,5,1"
9976,fine-tuned,"8,3,8"
9977,fine-tuned,"8,7,6"
9978,fine-tuned,"5,9,5"
9979,fine-tuned,"4,2,3"
9980,fine-tuned,"1,7,7"
9981,fine-tuned,"7,3,1"
9982,fine-tuned,"1,7,3"
9983,fine-tuned,"7,6,8"
9984,fine-tuned,"4,6,5"
9985,fine-tuned,"2,1,3"
9986,fine-tuned,"5,8,4"
9987,fine-tuned,"3,9,7"
9988,fine-tuned,"6,4,9"
9989,fine-tuned,"9,4,6"
9990,fine-tuned,"7,7,9"
9991,fine-tuned,"7,3,2"
9992,fine-tuned,"4,1,1"
9993,fine-tuned,"6,8,9"
9994,fine-tuned,"5,8,9"
9995,fine-tuned,"6,1,1"
9996,fine-tuned,"2,6,6"
9997,fine-tuned,"6,6,1"
9998,fine-tuned,"6,8,9"
9999,fine-tuned,"1,4,3"
10000,fine-tuned,"6,5,1"
10001,fine-tuned,"1,3,3"
10002,fine-tuned,"4,7,7"
10003,fine-tuned,"4,9,2"
10004,fine-tuned,"1,6,7"
10005,fine-tuned,"8,5,9"
10006,fine-tuned,"6,3,5"
10007,fine-tuned,"6,5,5"
10008,fine-tuned,"1,6,9"
10009,fine-tuned,"1,2,8"
10010,fine-tuned,"3,9,1"
10011,fine-tuned,"8,2,2"
10012,fine-tuned,"9,9,8"
10013,fine-tuned,"5,4,4"
10014,fine-tuned,"4,3,1"
10015,fine-tuned,"7,4,9"
10016,fine-tuned,"8,8,9"
10017,fine-tuned,"5,8,5"
10018,fine-tuned,"4,7,7"
10019,fine-tuned,"1,4,8"
10020,fine-tuned,"4,8,6"
10021,fine-tuned,"6,9,9"
10022,fine-tuned,"5,2,2"
10023,fine-tuned,"8,9,5"
10024,fine-tuned,"8,9,4"
10025,fine-tuned,"2,2,8"
10026,fine-tuned,"2,5,8"
10027,fine-tuned,"9,8,2"
10028,fine-tuned,"3,1,6"
10029,fine-tuned,"9,2,3"
10030,fine-tuned,"6,5,6"
10031,fine-tuned,"4,7,4"
10032,fine-tuned,"7,9,9"
10033,fine-tuned,"3,8,1"
10034,fine-tuned,"7,8,2"
10035,fine-tuned,"5,5,2"
10036,fine-tuned,"5,8,2"
10037,fine-tuned,"1,8,7"
10038,fine-tuned,"6,1,3"
10039,fine-tuned,"8,2,7"
10040,fine-tuned,"9,5,5"
10041,fine-tuned,"7,7,1"
10042,fine-tuned,"1,2,1"
10043,fine-tuned,"2,4,5"
10044,fine-tuned,"1,8,2"
10045,fine-tuned,"6,5,4"
10046,fine-tuned,"2,9,4"
10047,fine-tuned,"9,5,9"
10048,fine-tuned,"7,9,6"
10049,fine-tuned,"3,5,7"
10050,fine-tuned,"1,5,6"
10051,fine-tuned,"9,9,1"
10052,fine-tuned,"8,8,7"
10053,fine-tuned,"8,5,5"
10054,fine-tuned,"5,1,2"
10055,fine-tuned,"5,8,6"
10056,fine-tuned,"6,4,5"
10057,fine-tuned,"9,6,1"
10058,fine-tuned,"4,1,7"
10059,fine-tuned,"4,4,4"
10060,fine-tuned,"6,2,9"
10061,fine-tuned,"6,6,9"
10062,fine-tuned,"2,8,4"
10063,fine-tuned,"1,2,9"
10064,fine-tuned,"1,2,7"
10065,fine-tuned,"4,6,6"
10066,fine-tuned,"1,5,7"
10067,fine-tuned,"2,9,1"
10068,fine-tuned,"9,4,7"
10069,fine-tuned,"2,8,6"
10070,fine-tuned,"9,7,5"
10071,fine-tuned,"6,4,3"
10072,fine-tuned,"6,9,5"
10073,fine-tuned,"3,9,6"
10074,fine-tuned,"5,8,8"
10075,fine-tuned,"7,6,6"
10076,fine-tuned,"5,7,5"
10077,fine-tuned,"9,5,8"
10078,fine-tuned,"2,5,1"
10079,fine-tuned,"6,7,2"
10080,fine-tuned,"1,7,7"
10081,fine-tuned,"9,3,3"
10082,fine-tuned,"7,1,5"
10083,fine-tuned,"4,9,1"
10084,fine-tuned,"2,1,5"
10085,fine-tuned,"9,8,9"
10086,fine-tuned,"1,7,9"
10087,fine-tuned,"6,2,2"
10088,fine-tuned,"1,9,1"
10089,fine-tuned,"5,4,9"
10090,fine-tuned,"1,6,1"
10091,fine-tuned,"1,2,3"
10092,fine-tuned,"3,9,9"
10093,fine-tuned,"4,7,4"
10094,fine-tuned,"1,8,9"
10095,fine-tuned,"7,7,7"
10096,fine-tuned,"3,5,3"
10097,fine-tuned,"4,6,1"
10098,fine-tuned,"3,6,3"
10099,fine-tuned,"8,7,6"
10100,fine-tuned,"9,1,8"
10101,fine-tuned,"5,2,6"
10102,fine-tuned,"8,9,9"
10103,fine-tuned,"3,4,1"
10104,fine-tuned,"3,6,5"
10105,fine-tuned,"1,5,2"
10106,fine-tuned,"5,9,9"
10107,fine-tuned,"6,7,5"
10108,fine-tuned,"5,2,3"
10109,fine-tuned,"6,1,1"
10110,fine-tuned,"5,3,7"
10111,fine-tuned,"2,8,8"
10112,fine-tuned,"3,4,9"
10113,fine-tuned,"8,8,2"
10114,fine-tuned,"3,6,2"
10115,fine-tuned,"1,5,4"
10116,fine-tuned,"1,3,5"
10117,fine-tuned,"3,1,3"
10118,fine-tuned,"2,8,6"
10119,fine-tuned,"8,7,4"
10120,fine-tuned,"1,3,7"
10121,fine-tuned,"4,8,8"
10122,fine-tuned,"9,6,5"
10123,fine-tuned,"9,6,7"
10124,fine-tuned,"9,1,9"
10125,fine-tuned,"6,6,9"
10126,fine-tuned,"5,7,1"
10127,fine-tuned,"3,3,7"
10128,fine-tuned,"7,5,9"
10129,fine-tuned,"8,2,8"
10130,fine-tuned,"2,5,1"
10131,fine-tuned,"8,7,3"
10132,fine-tuned,"3,7,8"
10133,fine-tuned,"7,5,6"
10134,fine-tuned,"1,8,1"
10135,fine-tuned,"9,9,4"
10136,fine-tuned,"9,5,8"
10137,fine-tuned,"1,7,1"
10138,fine-tuned,"7,5,9"
10139,fine-tuned,"8,8,3"
10140,fine-tuned,"4,3,9"
10141,fine-tuned,"7,9,4"
10142,fine-tuned,"1,6,8"
10143,fine-tuned,"6,4,7"
10144,fine-tuned,"8,5,5"
10145,fine-tuned,"1,9,6"
10146,fine-tuned,"6,3,9"
10147,fine-tuned,"5,3,1"
10148,fine-tuned,"6,7,4"
10149,fine-tuned,"6,5,2"
10150,fine-tuned,"9,4,6"
10151,fine-tuned,"8,7,7"
10152,fine-tuned,"4,8,8"
10153,fine-tuned,"3,7,6"
10154,fine-tuned,"1,9,4"
10155,fine-tuned,"8,4,2"
10156,fine-tuned,"1,1,5"
10157,fine-tuned,"3,1,5"
10158,fine-tuned,"8,8,1"
10159,fine-tuned,"7,4,4"
10160,fine-tuned,"1,9,3"
10161,fine-tuned,"5,8,3"
10162,fine-tuned,"4,7,3"
10163,fine-tuned,"7,9,7"
10164,fine-tuned,"7,6,7"
10165,fine-tuned,"7,5,4"
10166,fine-tuned,"1,8,5"
10167,fine-tuned,"8,5,3"
10168,fine-tuned,"8,4,2"
10169,fine-tuned,"2,8,5"
10170,fine-tuned,"2,9,5"
10171,fine-tuned,"1,4,9"
10172,fine-tuned,"9,5,9"
10173,fine-tuned,"3,1,3"
10174,fine-tuned,"2,9,4"
10175,fine-tuned,"2,3,2"
10176,fine-tuned,"4,7,9"
10177,fine-tuned,"1,7,5"
10178,fine-tuned,"2,5,8"
10179,fine-tuned,"5,3,5"
10180,fine-tuned,"5,6,9"
10181,fine-tuned,"7,4,4"
10182,fine-tuned,"1,3,5"
10183,fine-tuned,"3,7,1"
10184,fine-tuned,"2,6,3"
10185,fine-tuned,"9,5,5"
10186,fine-tuned,"4,6,4"
10187,fine-tuned,"6,3,4"
10188,fine-tuned,"5,9,7"
10189,fine-tuned,"1,3,8"
10190,fine-tuned,"1,2,7"
10191,fine-tuned,"2,7,7"
10192,fine-tuned,"4,1,7"
10193,fine-tuned,"1,6,7"
10194,fine-tuned,"2,1,9"
10195,fine-tuned,"2,2,5"
10196,fine-tuned,"1,3,3"
10197,fine-tuned,"4,9,4"
10198,fine-tuned,"1,1,9"
10199,fine-tuned,"3,9,6"
10200,fine-tuned,"3,6,3"
10201,fine-tuned,"1,3,7"
10202,fine-tuned,"2,7,6"
10203,fine-tuned,"6,2,4"
10204,fine-tuned,"6,5,9"
10205,fine-tuned,"2,6,9"
10206,fine-tuned,"1,1,1"
10207,fine-tuned,"9,7,7"
10208,fine-tuned,"9,6,8"
10209,fine-tuned,"5,9,5"
10210,fine-tuned,"1,4,9"
10211,fine-tuned,"5,6,8"
10212,fine-tuned,"1,6,7"
10213,fine-tuned,"1,6,3"
10214,fine-tuned,"5,1,8"
10215,fine-tuned,"5,8,2"
10216,fine-tuned,"5,3,8"
10217,fine-tuned,"9,8,9"
10218,fine-tuned,"7,4,9"
10219,fine-tuned,"9,4,3"
10220,fine-tuned,"9,4,7"
10221,fine-tuned,"4,1,1"
10222,fine-tuned,"8,4,1"
10223,fine-tuned,"3,6,3"
10224,fine-tuned,"6,1,1"
10225,fine-tuned,"1,3,6"
10226,fine-tuned,"5,2,3"
10227,fine-tuned,"5,6,6"
10228,fine-tuned,"2,1,1"
10229,fine-tuned,"3,4,3"
10230,fine-tuned,"4,4,5"
10231,fine-tuned,"1,1,1"
10232,fine-tuned,"9,6,3"
10233,fine-tuned,"1,1,4"
10234,fine-tuned,"2,7,6"
10235,fine-tuned,"8,3,7"
10236,fine-tuned,"6,9,1"
10237,fine-tuned,"9,3,4"
10238,fine-tuned,"2,5,7"
10239,fine-tuned,"3,2,9"
10240,fine-tuned,"2,5,9"
10241,fine-tuned,"6,6,9"
10242,fine-tuned,"9,7,8"
10243,fine-tuned,"2,2,1"
10244,fine-tuned,"9,8,9"
10245,fine-tuned,"9,4,4"
10246,fine-tuned,"9,8,3"
10247,fine-tuned,"2,3,8"
10248,fine-tuned,"9,3,7"
10249,fine-tuned,"1,3,9"
10250,fine-tuned,"1,1,6"
10251,fine-tuned,"5,4,7"
10252,fine-tuned,"7,9,4"
10253,fine-tuned,"8,8,2"
10254,fine-tuned,"9,4,9"
10255,fine-tuned,"7,7,7"
10256,fine-tuned,"5,1,3"
10257,fine-tuned,"9,1,6"
10258,fine-tuned,"2,4,1"
10259,fine-tuned,"8,3,6"
10260,fine-tuned,"9,1,4"
10261,fine-tuned,"8,4,8"
10262,fine-tuned,"5,2,8"
10263,fine-tuned,"8,1,4"
10264,fine-tuned,"4,5,9"
10265,fine-tuned,"7,3,4"
10266,fine-tuned,"6,4,9"
10267,fine-tuned,"6,5,5"
10268,fine-tuned,"3,8,6"
10269,fine-tuned,"2,1,2"
10270,fine-tuned,"8,5,7"
10271,fine-tuned,"4,2,8"
10272,fine-tuned,"3,1,5"
10273,fine-tuned,"6,1,1"
10274,fine-tuned,"8,9,9"
10275,fine-tuned,"6,3,7"
10276,fine-tuned,"1,3,6"
10277,fine-tuned,"1,1,1"
10278,fine-tuned,"8,2,9"
10279,fine-tuned,"2,8,9"
10280,fine-tuned,"9,7,8"
10281,fine-tuned,"4,7,7"
10282,fine-tuned,"2,1,8"
10283,fine-tuned,"1,4,3"
10284,fine-tuned,"9,3,4"
10285,fine-tuned,"7,4,2"
10286,fine-tuned,"6,8,2"
10287,fine-tuned,"2,1,1"
10288,fine-tuned,"7,5,8"
10289,fine-tuned,"1,7,7"
10290,fine-tuned,"1,7,7"
10291,fine-tuned,"6,6,7"
10292,fine-tuned,"6,9,4"
10293,fine-tuned,"4,8,3"
10294,fine-tuned,"5,3,6"
10295,fine-tuned,"9,6,6"
10296,fine-tuned,"9,1,6"
10297,fine-tuned,"3,7,6"
10298,fine-tuned,"4,1,4"
10299,fine-tuned,"4,2,5"
10300,fine-tuned,"4,5,5"
10301,fine-tuned,"9,7,4"
10302,fine-tuned,"6,4,4"
10303,fine-tuned,"8,8,8"
10304,fine-tuned,"1,6,5"
10305,fine-tuned,"9,4,1"
10306,fine-tuned,"8,8,1"
10307,fine-tuned,"2,4,2"
10308,fine-tuned,"3,1,9"
10309,fine-tuned,"8,8,4"
10310,fine-tuned,"1,5,4"
10311,fine-tuned,"3,3,5"
10312,fine-tuned,"3,8,1"
10313,fine-tuned,"6,6,4"
10314,fine-tuned,"1,8,5"
10315,fine-tuned,"4,6,9"
10316,fine-tuned,"1,5,2"
10317,fine-tuned,"6,9,7"
10318,fine-tuned,"1,8,3"
10319,fine-tuned,"7,3,2"
10320,fine-tuned,"7,6,9"
10321,fine-tuned,"7,1,3"
10322,fine-tuned,"9,1,5"
10323,fine-tuned,"7,5,8"
10324,fine-tuned,"8,4,4"
10325,fine-tuned,"3,9,6"
10326,fine-tuned,"1,2,4"
10327,fine-tuned,"8,5,5"
10328,fine-tuned,"2,1,1"
10329,fine-tuned,"5,9,8"
10330,fine-tuned,"6,1,6"
10331,fine-tuned,"3,3,4"
10332,fine-tuned,"8,6,2"
10333,fine-tuned,"8,5,4"
10334,fine-tuned,"1,6,3"
10335,fine-tuned,"1,2,1"
10336,fine-tuned,"1,6,8"
10337,fine-tuned,"9,4,5"
10338,fine-tuned,"4,6,9"
10339,fine-tuned,"7,7,7"
10340,fine-tuned,"5,7,1"
10341,fine-tuned,"1,4,7"
10342,fine-tuned,"8,4,2"
10343,fine-tuned,"2,9,3"
10344,fine-tuned,"1,9,5"
10345,fine-tuned,"5,9,5"
10346,fine-tuned,"1,9,7"
10347,fine-tuned,"2,5,6"
10348,fine-tuned,"5,6,7"
10349,fine-tuned,"8,1,6"
10350,fine-tuned,"8,4,8"
10351,fine-tuned,"2,5,2"
10352,fine-tuned,"7,6,3"
10353,fine-tuned,"1,3,1"
10354,fine-tuned,"9,9,9"
10355,fine-tuned,"1,5,3"
10356,fine-tuned,"4,3,1"
10357,fine-tuned,"6,8,5"
10358,fine-tuned,"1,5,4"
10359,fine-tuned,"6,4,9"
10360,fine-tuned,"3,6,4"
10361,fine-tuned,"7,6,4"
10362,fine-tuned,"2,5,5"
10363,fine-tuned,"2,5,3"
10364,fine-tuned,"1,1,4"
10365,fine-tuned,"9,2,1"
10366,fine-tuned,"3,3,3"
10367,fine-tuned,"5,7,5"
10368,fine-tuned,"2,5,1"
10369,fine-tuned,"9,4,9"
10370,fine-tuned,"7,2,8"
10371,fine-tuned,"8,9,5"
10372,fine-tuned,"3,3,7"
10373,fine-tuned,"1,8,1"
10374,fine-tuned,"2,8,6"
10375,fine-tuned,"3,5,2"
10376,fine-tuned,"9,5,9"
10377,fine-tuned,"9,4,2"
10378,fine-tuned,"3,7,6"
10379,fine-tuned,"9,1,6"
10380,fine-tuned,"8,5,5"
10381,fine-tuned,"9,2,9"
10382,fine-tuned,"8,1,9"
10383,fine-tuned,"7,7,2"
10384,fine-tuned,"7,8,5"
10385,fine-tuned,"1,9,4"
10386,fine-tuned,"7,8,4"
10387,fine-tuned,"3,1,5"
10388,fine-tuned,"8,6,2"
10389,fine-tuned,"6,7,8"
10390,fine-tuned,"9,4,8"
10391,fine-tuned,"9,5,1"
10392,fine-tuned,"8,3,1"
10393,fine-tuned,"8,9,3"
10394,fine-tuned,"6,6,8"
10395,fine-tuned,"7,3,6"
10396,fine-tuned,"3,5,2"
10397,fine-tuned,"7,2,5"
10398,fine-tuned,"4,2,1"
10399,fine-tuned,"8,3,6"
10400,fine-tuned,"3,1,5"
10401,fine-tuned,"5,9,5"
10402,fine-tuned,"3,3,7"
10403,fine-tuned,"1,3,4"
10404,fine-tuned,"6,9,2"
10405,fine-tuned,"6,8,6"
10406,fine-tuned,"1,9,2"
10407,fine-tuned,"5,3,5"
10408,fine-tuned,"6,2,5"
10409,fine-tuned,"6,2,1"
10410,fine-tuned,"9,5,8"
10411,fine-tuned,"7,1,3"
10412,fine-tuned,"1,1,7"
10413,fine-tuned,"9,4,5"
10414,fine-tuned,"2,3,4"
10415,fine-tuned,"1,4,3"
10416,fine-tuned,"9,6,3"
10417,fine-tuned,"1,6,7"
10418,fine-tuned,"2,7,5"
10419,fine-tuned,"3,5,6"
10420,fine-tuned,"1,8,1"
10421,fine-tuned,"8,9,9"
10422,fine-tuned,"9,5,8"
10423,fine-tuned,"5,4,2"
10424,fine-tuned,"6,9,8"
10425,fine-tuned,"2,9,4"
10426,fine-tuned,"6,7,5"
10427,fine-tuned,"7,3,8"
10428,fine-tuned,"8,2,6"
10429,fine-tuned,"2,1,6"
10430,fine-tuned,"3,2,2"
10431,fine-tuned,"5,3,5"
10432,fine-tuned,"4,7,1"
10433,fine-tuned,"1,9,8"
10434,fine-tuned,"3,8,5"
10435,fine-tuned,"7,4,3"
10436,fine-tuned,"1,9,7"
10437,fine-tuned,"2,3,2"
10438,fine-tuned,"2,6,8"
10439,fine-tuned,"2,8,4"
10440,fine-tuned,"1,1,9"
10441,fine-tuned,"6,8,7"
10442,fine-tuned,"3,1,7"
10443,fine-tuned,"6,2,9"
10444,fine-tuned,"4,2,1"
10445,fine-tuned,"3,9,7"
10446,fine-tuned,"7,3,6"
10447,fine-tuned,"7,2,7"
10448,fine-tuned,"3,1,7"
10449,fine-tuned,"2,7,1"
10450,fine-tuned,"1,6,4"
10451,fine-tuned,"5,9,2"
10452,fine-tuned,"4,4,6"
10453,fine-tuned,"6,3,3"
10454,fine-tuned,"4,9,6"
10455,fine-tuned,"5,8,1"
10456,fine-tuned,"9,9,5"
10457,fine-tuned,"6,7,6"
10458,fine-tuned,"9,2,3"
10459,fine-tuned,"6,8,5"
10460,fine-tuned,"1,7,3"
10461,fine-tuned,"2,9,8"
10462,fine-tuned,"4,3,4"
10463,fine-tuned,"8,4,3"
10464,fine-tuned,"9,6,3"
10465,fine-tuned,"6,1,2"
10466,fine-tuned,"8,9,2"
10467,fine-tuned,"1,7,9"
10468,fine-tuned,"3,9,8"
10469,fine-tuned,"9,9,6"
10470,fine-tuned,"3,8,1"
10471,fine-tuned,"1,9,5"
10472,fine-tuned,"5,1,9"
10473,fine-tuned,"1,9,2"
10474,fine-tuned,"1,9,1"
10475,fine-tuned,"1,6,9"
10476,fine-tuned,"2,5,4"
10477,fine-tuned,"1,9,2"
10478,fine-tuned,"6,1,1"
10479,fine-tuned,"7,3,8"
10480,fine-tuned,"8,1,6"
10481,fine-tuned,"5,4,6"
10482,fine-tuned,"6,4,3"
10483,fine-tuned,"3,8,3"
10484,fine-tuned,"8,6,8"
10485,fine-tuned,"6,1,2"
10486,fine-tuned,"3,6,1"
10487,fine-tuned,"9,8,4"
10488,fine-tuned,"1,5,6"
10489,fine-tuned,"9,5,3"
10490,fine-tuned,"1,9,5"
10491,fine-tuned,"1,5,4"
10492,fine-tuned,"8,3,7"
10493,fine-tuned,"6,2,6"
10494,fine-tuned,"5,5,2"
10495,fine-tuned,"2,4,9"
10496,fine-tuned,"4,2,3"
10497,fine-tuned,"1,1,2"
10498,fine-tuned,"4,7,3"
10499,fine-tuned,"9,2,9"
10500,fine-tuned,"6,3,8"
10501,fine-tuned,"8,9,8"
10502,fine-tuned,"7,6,3"
10503,fine-tuned,"8,1,3"
10504,fine-tuned,"8,6,6"
10505,fine-tuned,"7,9,9"
10506,fine-tuned,"3,3,2"
10507,fine-tuned,"2,1,7"
10508,fine-tuned,"7,9,2"
10509,fine-tuned,"7,1,2"
10510,fine-tuned,"8,6,5"
10511,fine-tuned,"4,9,9"
10512,fine-tuned,"7,6,6"
10513,fine-tuned,"5,5,5"
10514,fine-tuned,"6,4,2"
10515,fine-tuned,"6,6,2"
10516,fine-tuned,"5,2,8"
10517,fine-tuned,"8,1,6"
10518,fine-tuned,"4,6,8"
10519,fine-tuned,"1,6,8"
10520,fine-tuned,"4,9,8"
10521,fine-tuned,"8,8,9"
10522,fine-tuned,"9,6,3"
10523,fine-tuned,"9,1,6"
10524,fine-tuned,"9,8,6"
10525,fine-tuned,"2,8,3"
10526,fine-tuned,"7,8,1"
10527,fine-tuned,"8,4,4"
10528,fine-tuned,"5,3,2"
10529,fine-tuned,"1,1,9"
10530,fine-tuned,"4,7,4"
10531,fine-tuned,"6,4,6"
10532,fine-tuned,"8,4,5"
10533,fine-tuned,"6,7,1"
10534,fine-tuned,"7,5,9"
10535,fine-tuned,"9,3,4"
10536,fine-tuned,"1,5,2"
10537,fine-tuned,"6,8,4"
10538,fine-tuned,"1,6,9"
10539,fine-tuned,"9,9,2"
10540,fine-tuned,"9,9,4"
10541,fine-tuned,"9,2,5"
10542,fine-tuned,"7,6,2"
10543,fine-tuned,"9,6,4"
10544,fine-tuned,"4,2,7"
10545,fine-tuned,"1,5,2"
10546,fine-tuned,"7,1,9"
10547,fine-tuned,"2,6,8"
10548,fine-tuned,"7,6,8"
10549,fine-tuned,"8,4,3"
10550,fine-tuned,"1,8,3"
10551,fine-tuned,"1,6,4"
10552,fine-tuned,"2,8,6"
10553,fine-tuned,"4,6,9"
10554,fine-tuned,"2,7,8"
10555,fine-tuned,"6,6,1"
10556,fine-tuned,"2,2,8"
10557,fine-tuned,"1,6,5"
10558,fine-tuned,"5,9,2"
10559,fine-tuned,"4,6,5"
10560,fine-tuned,"7,6,8"
10561,fine-tuned,"1,2,5"
10562,fine-tuned,"9,8,2"
10563,fine-tuned,"6,7,7"
10564,fine-tuned,"2,3,1"
10565,fine-tuned,"9,1,1"
10566,fine-tuned,"3,5,5"
10567,fine-tuned,"5,9,8"
10568,fine-tuned,"1,6,8"
10569,fine-tuned,"1,4,1"
10570,fine-tuned,"8,2,7"
10571,fine-tuned,"3,3,9"
10572,fine-tuned,"8,5,1"
10573,fine-tuned,"2,9,5"
10574,fine-tuned,"1,5,9"
10575,fine-tuned,"3,9,4"
10576,fine-tuned,"6,4,8"
10577,fine-tuned,"9,3,5"
10578,fine-tuned,"2,9,7"
10579,fine-tuned,"6,8,9"
10580,fine-tuned,"1,6,6"
10581,fine-tuned,"2,8,8"
10582,fine-tuned,"5,3,1"
10583,fine-tuned,"4,6,7"
10584,fine-tuned,"7,8,2"
10585,fine-tuned,"5,1,3"
10586,fine-tuned,"8,6,4"
10587,fine-tuned,"7,6,4"
10588,fine-tuned,"2,9,9"
10589,fine-tuned,"5,9,5"
10590,fine-tuned,"4,9,1"
10591,fine-tuned,"6,1,5"
10592,fine-tuned,"6,5,2"
10593,fine-tuned,"6,5,3"
10594,fine-tuned,"7,6,4"
10595,fine-tuned,"8,8,2"
10596,fine-tuned,"8,1,4"
10597,fine-tuned,"6,8,2"
10598,fine-tuned,"1,2,6"
10599,fine-tuned,"4,2,7"
10600,fine-tuned,"5,8,4"
10601,fine-tuned,"3,3,3"
10602,fine-tuned,"8,4,3"
10603,fine-tuned,"7,7,9"
10604,fine-tuned,"8,4,1"
10605,fine-tuned,"2,8,3"
10606,fine-tuned,"4,4,2"
10607,fine-tuned,"9,9,7"
10608,fine-tuned,"2,6,9"
10609,fine-tuned,"9,9,4"
10610,fine-tuned,"3,7,7"
10611,fine-tuned,"9,6,3"
10612,fine-tuned,"9,8,6"
10613,fine-tuned,"7,6,7"
10614,fine-tuned,"5,6,4"
10615,fine-tuned,"9,8,9"
10616,fine-tuned,"6,3,1"
10617,fine-tuned,"6,7,7"
10618,fine-tuned,"9,9,1"
10619,fine-tuned,"2,8,4"
10620,fine-tuned,"7,7,2"
10621,fine-tuned,"5,6,1"
10622,fine-tuned,"2,9,7"
10623,fine-tuned,"4,1,4"
10624,fine-tuned,"7,3,2"
10625,fine-tuned,"8,3,6"
10626,fine-tuned,"9,8,6"
10627,fine-tuned,"8,1,9"
10628,fine-tuned,"3,7,5"
10629,fine-tuned,"9,4,7"
10630,fine-tuned,"9,4,9"
10631,fine-tuned,"2,3,1"
10632,fine-tuned,"3,8,8"
10633,fine-tuned,"5,4,5"
10634,fine-tuned,"6,6,2"
10635,fine-tuned,"6,4,3"
10636,fine-tuned,"9,9,3"
10637,fine-tuned,"4,9,4"
10638,fine-tuned,"6,2,1"
10639,fine-tuned,"4,9,6"
10640,fine-tuned,"1,8,5"
10641,fine-tuned,"9,2,9"
10642,fine-tuned,"6,7,9"
10643,fine-tuned,"4,2,9"
10644,fine-tuned,"4,5,9"
10645,fine-tuned,"5,5,9"
10646,fine-tuned,"2,9,5"
10647,fine-tuned,"5,8,5"
10648,fine-tuned,"7,2,1"
10649,fine-tuned,"8,7,5"
10650,fine-tuned,"5,4,9"
10651,fine-tuned,"7,2,4"
10652,fine-tuned,"8,1,9"
10653,fine-tuned,"2,3,9"
10654,fine-tuned,"2,1,5"
10655,fine-tuned,"3,2,4"
10656,fine-tuned,"3,5,6"
10657,fine-tuned,"7,8,8"
10658,fine-tuned,"7,1,5"
10659,fine-tuned,"8,3,3"
10660,fine-tuned,"1,3,6"
10661,fine-tuned,"9,6,9"
10662,fine-tuned,"4,2,7"
10663,fine-tuned,"8,2,9"
10664,fine-tuned,"9,4,8"
10665,fine-tuned,"7,7,5"
10666,fine-tuned,"3,6,5"
10667,fine-tuned,"9,5,2"
10668,fine-tuned,"7,2,9"
10669,fine-tuned,"2,2,2"
10670,fine-tuned,"1,1,8"
10671,fine-tuned,"9,1,1"
10672,fine-tuned,"8,2,4"
10673,fine-tuned,"6,8,2"
10674,fine-tuned,"1,1,7"
10675,fine-tuned,"6,5,3"
10676,fine-tuned,"4,5,4"
10677,fine-tuned,"7,1,1"
10678,fine-tuned,"9,1,6"
10679,fine-tuned,"8,5,7"
10680,fine-tuned,"8,9,1"
10681,fine-tuned,"5,1,8"
10682,fine-tuned,"5,1,5"
10683,fine-tuned,"3,2,3"
10684,fine-tuned,"3,6,9"
10685,fine-tuned,"6,7,2"
10686,fine-tuned,"4,3,6"
10687,fine-tuned,"5,9,5"
10688,fine-tuned,"8,5,9"
10689,fine-tuned,"5,4,1"
10690,fine-tuned,"8,6,3"
10691,fine-tuned,"1,3,9"
10692,fine-tuned,"5,6,3"
10693,fine-tuned,"7,3,1"
10694,fine-tuned,"1,9,6"
10695,fine-tuned,"5,8,3"
10696,fine-tuned,"6,8,5"
10697,fine-tuned,"2,7,3"
10698,fine-tuned,"7,2,6"
10699,fine-tuned,"6,4,3"
10700,fine-tuned,"1,2,6"
10701,fine-tuned,"8,7,7"
10702,fine-tuned,"9,8,1"
10703,fine-tuned,"1,5,5"
10704,fine-tuned,"4,7,7"
10705,fine-tuned,"7,4,7"
10706,fine-tuned,"8,5,1"
10707,fine-tuned,"8,6,3"
10708,fine-tuned,"4,6,4"
10709,fine-tuned,"1,1,8"
10710,fine-tuned,"8,3,4"
10711,fine-tuned,"9,8,9"
10712,fine-tuned,"4,3,1"
10713,fine-tuned,"1,9,9"
10714,fine-tuned,"6,8,6"
10715,fine-tuned,"2,9,5"
10716,fine-tuned,"7,2,8"
10717,fine-tuned,"1,5,1"
10718,fine-tuned,"9,5,7"
10719,fine-tuned,"8,2,5"
10720,fine-tuned,"4,4,3"
10721,fine-tuned,"2,8,9"
10722,fine-tuned,"1,8,6"
10723,fine-tuned,"2,2,8"
10724,fine-tuned,"8,4,8"
10725,fine-tuned,"2,6,6"
10726,fine-tuned,"8,3,9"
10727,fine-tuned,"9,4,6"
10728,fine-tuned,"2,3,1"
10729,fine-tuned,"9,5,1"
10730,fine-tuned,"5,2,7"
10731,fine-tuned,"5,4,5"
10732,fine-tuned,"1,6,4"
10733,fine-tuned,"4,1,7"
10734,fine-tuned,"1,6,9"
10735,fine-tuned,"1,8,6"
10736,fine-tuned,"4,4,4"
10737,fine-tuned,"3,4,8"
10738,fine-tuned,"8,4,6"
10739,fine-tuned,"1,2,7"
10740,fine-tuned,"6,2,7"
10741,fine-tuned,"8,3,4"
10742,fine-tuned,"9,4,3"
10743,fine-tuned,"2,9,8"
10744,fine-tuned,"3,7,1"
10745,fine-tuned,"1,3,4"
10746,fine-tuned,"7,8,9"
10747,fine-tuned,"4,6,1"
10748,fine-tuned,"6,2,4"
10749,fine-tuned,"5,7,1"
10750,fine-tuned,"3,2,4"
10751,fine-tuned,"3,9,9"
10752,fine-tuned,"1,2,3"
10753,fine-tuned,"7,1,3"
10754,fine-tuned,"9,8,2"
10755,fine-tuned,"1,5,7"
10756,fine-tuned,"7,1,2"
10757,fine-tuned,"5,3,8"
10758,fine-tuned,"9,3,1"
10759,fine-tuned,"9,7,6"
10760,fine-tuned,"7,6,2"
10761,fine-tuned,"3,4,2"
10762,fine-tuned,"9,8,5"
10763,fine-tuned,"7,2,4"
10764,fine-tuned,"6,7,8"
10765,fine-tuned,"3,7,2"
10766,fine-tuned,"9,6,9"
10767,fine-tuned,"9,9,8"
10768,fine-tuned,"2,6,2"
10769,fine-tuned,"4,1,8"
10770,fine-tuned,"9,3,4"
10771,fine-tuned,"8,1,6"
10772,fine-tuned,"5,5,9"
10773,fine-tuned,"8,1,7"
10774,fine-tuned,"4,3,6"
10775,fine-tuned,"6,5,2"
10776,fine-tuned,"2,7,4"
10777,fine-tuned,"4,6,9"
10778,fine-tuned,"3,6,3"
10779,fine-tuned,"1,4,7"
10780,fine-tuned,"4,6,7"
10781,fine-tuned,"1,7,3"
10782,fine-tuned,"2,7,9"
10783,fine-tuned,"7,8,9"
10784,fine-tuned,"9,4,6"
10785,fine-tuned,"8,7,3"
10786,fine-tuned,"8,8,6"
10787,fine-tuned,"3,5,8"
10788,fine-tuned,"6,6,7"
10789,fine-tuned,"1,8,2"
10790,fine-tuned,"2,5,5"
10791,fine-tuned,"1,8,5"
10792,fine-tuned,"7,8,6"
10793,fine-tuned,"5,9,6"
10794,fine-tuned,"1,6,2"
10795,fine-tuned,"1,7,5"
10796,fine-tuned,"8,9,8"
10797,fine-tuned,"6,8,1"
10798,fine-tuned,"3,3,7"
10799,fine-tuned,"5,3,3"
10800,fine-tuned,"5,7,2"
10801,fine-tuned,"5,4,2"
10802,fine-tuned,"2,5,2"
10803,fine-tuned,"7,4,7"
10804,fine-tuned,"4,9,8"
10805,fine-tuned,"6,8,6"
10806,fine-tuned,"2,5,6"
10807,fine-tuned,"1,7,7"
10808,fine-tuned,"9,6,5"
10809,fine-tuned,"9,5,8"
10810,fine-tuned,"4,7,4"
10811,fine-tuned,"9,7,9"
10812,fine-tuned,"3,1,8"
10813,fine-tuned,"9,3,5"
10814,fine-tuned,"1,6,3"
10815,fine-tuned,"8,3,6"
10816,fine-tuned,"6,1,9"
10817,fine-tuned,"2,4,5"
10818,fine-tuned,"2,1,1"
10819,fine-tuned,"1,4,8"
10820,fine-tuned,"9,4,1"
10821,fine-tuned,"6,4,7"
10822,fine-tuned,"9,7,6"
10823,fine-tuned,"4,5,8"
10824,fine-tuned,"6,2,7"
10825,fine-tuned,"5,6,8"
10826,fine-tuned,"3,9,6"
10827,fine-tuned,"9,6,5"
10828,fine-tuned,"7,1,4"
10829,fine-tuned,"9,1,3"
10830,fine-tuned,"2,7,5"
10831,fine-tuned,"9,2,4"
10832,fine-tuned,"8,3,1"
10833,fine-tuned,"2,2,7"
10834,fine-tuned,"3,9,9"
10835,fine-tuned,"1,7,1"
10836,fine-tuned,"7,6,8"
10837,fine-tuned,"7,1,8"
10838,fine-tuned,"9,3,9"
10839,fine-tuned,"6,2,4"
10840,fine-tuned,"9,2,1"
10841,fine-tuned,"4,7,1"
10842,fine-tuned,"2,3,2"
10843,fine-tuned,"4,8,4"
10844,fine-tuned,"8,1,3"
10845,fine-tuned,"8,3,7"
10846,fine-tuned,"5,2,3"
10847,fine-tuned,"9,5,1"
10848,fine-tuned,"8,7,8"
10849,fine-tuned,"3,8,3"
10850,fine-tuned,"3,6,7"
10851,fine-tuned,"6,3,1"
10852,fine-tuned,"5,6,8"
10853,fine-tuned,"3,7,7"
10854,fine-tuned,"7,3,2"
10855,fine-tuned,"6,5,3"
10856,fine-tuned,"9,3,9"
10857,fine-tuned,"1,2,5"
10858,fine-tuned,"5,2,9"
10859,fine-tuned,"8,5,5"
10860,fine-tuned,"4,1,9"
10861,fine-tuned,"2,4,1"
10862,fine-tuned,"1,2,8"
10863,fine-tuned,"1,6,3"
10864,fine-tuned,"5,1,1"
10865,fine-tuned,"7,8,2"
10866,fine-tuned,"3,2,9"
10867,fine-tuned,"2,1,9"
10868,fine-tuned,"3,1,1"
10869,fine-tuned,"9,4,3"
10870,fine-tuned,"5,7,8"
10871,fine-tuned,"4,8,5"
10872,fine-tuned,"1,8,2"
10873,fine-tuned,"2,9,1"
10874,fine-tuned,"9,7,3"
10875,fine-tuned,"9,5,8"
10876,fine-tuned,"8,6,6"
10877,fine-tuned,"7,8,4"
10878,fine-tuned,"1,1,5"
10879,fine-tuned,"2,1,9"
10880,fine-tuned,"1,8,8"
10881,fine-tuned,"1,8,8"
10882,fine-tuned,"3,8,1"
10883,fine-tuned,"9,4,5"
10884,fine-tuned,"2,9,3"
10885,fine-tuned,"9,7,5"
10886,fine-tuned,"8,5,2"
10887,fine-tuned,"7,4,4"
10888,fine-tuned,"2,2,3"
10889,fine-tuned,"4,8,1"
10890,fine-tuned,"6,9,9"
10891,fine-tuned,"1,2,7"
10892,fine-tuned,"8,8,5"
10893,fine-tuned,"2,1,9"
10894,fine-tuned,"9,6,4"
10895,fine-tuned,"6,3,3"
10896,fine-tuned,"1,6,9"
10897,fine-tuned,"9,3,2"
10898,fine-tuned,"9,3,8"
10899,fine-tuned,"1,6,6"
10900,fine-tuned,"7,3,3"
10901,fine-tuned,"9,9,9"
10902,fine-tuned,"5,8,5"
10903,fine-tuned,"5,7,5"
10904,fine-tuned,"7,6,8"
10905,fine-tuned,"4,4,7"
10906,fine-tuned,"1,4,2"
10907,fine-tuned,"8,2,7"
10908,fine-tuned,"2,6,8"
10909,fine-tuned,"1,8,3"
10910,fine-tuned,"1,3,1"
10911,fine-tuned,"5,9,6"
10912,fine-tuned,"9,7,9"
10913,fine-tuned,"1,7,3"
10914,fine-tuned,"8,9,4"
10915,fine-tuned,"3,7,1"
10916,fine-tuned,"5,1,8"
10917,fine-tuned,"4,9,8"
10918,fine-tuned,"2,8,9"
10919,fine-tuned,"3,3,6"
10920,fine-tuned,"2,2,9"
10921,fine-tuned,"6,2,8"
10922,fine-tuned,"6,7,3"
10923,fine-tuned,"1,6,2"
10924,fine-tuned,"7,9,6"
10925,fine-tuned,"7,3,2"
10926,fine-tuned,"9,1,9"
10927,fine-tuned,"3,2,8"
10928,fine-tuned,"1,8,3"
10929,fine-tuned,"7,3,9"
10930,fine-tuned,"5,6,4"
10931,fine-tuned,"3,1,3"
10932,fine-tuned,"8,5,5"
10933,fine-tuned,"9,3,5"
10934,fine-tuned,"5,1,1"
10935,fine-tuned,"4,2,7"
10936,fine-tuned,"4,7,8"
10937,fine-tuned,"2,8,7"
10938,fine-tuned,"7,9,7"
10939,fine-tuned,"8,2,8"
10940,fine-tuned,"2,6,4"
10941,fine-tuned,"9,8,6"
10942,fine-tuned,"1,4,3"
10943,fine-tuned,"2,1,6"
10944,fine-tuned,"3,2,9"
10945,fine-tuned,"7,8,5"
10946,fine-tuned,"6,9,7"
10947,fine-tuned,"3,5,5"
10948,fine-tuned,"1,9,8"
10949,fine-tuned,"3,2,2"
10950,fine-tuned,"7,3,3"
10951,fine-tuned,"3,7,7"
10952,fine-tuned,"9,5,2"
10953,fine-tuned,"7,7,5"
10954,fine-tuned,"6,4,3"
10955,fine-tuned,"4,6,8"
10956,fine-tuned,"4,9,9"
10957,fine-tuned,"1,7,7"
10958,fine-tuned,"4,1,7"
10959,fine-tuned,"1,9,6"
10960,fine-tuned,"8,6,2"
10961,fine-tuned,"5,6,3"
10962,fine-tuned,"6,5,4"
10963,fine-tuned,"4,6,7"
10964,fine-tuned,"8,4,5"
10965,fine-tuned,"1,3,2"
10966,fine-tuned,"9,9,4"
10967,fine-tuned,"5,5,8"
10968,fine-tuned,"9,4,7"
10969,fine-tuned,"5,4,1"
10970,fine-tuned,"7,7,7"
10971,fine-tuned,"9,1,3"
10972,fine-tuned,"9,8,7"
10973,fine-tuned,"4,2,3"
10974,fine-tuned,"6,5,3"
10975,fine-tuned,"6,2,8"
10976,fine-tuned,"9,6,4"
10977,fine-tuned,"7,3,7"
10978,fine-tuned,"7,1,7"
10979,fine-tuned,"9,3,1"
10980,fine-tuned,"8,5,3"
10981,fine-tuned,"5,1,9"
10982,fine-tuned,"9,5,1"
10983,fine-tuned,"3,2,7"
10984,fine-tuned,"7,3,7"
10985,fine-tuned,"1,8,1"
10986,fine-tuned,"1,1,4"
10987,fine-tuned,"9,1,3"
10988,fine-tuned,"1,4,1"
10989,fine-tuned,"4,1,8"
10990,fine-tuned,"3,5,6"
10991,fine-tuned,"8,2,4"
10992,fine-tuned,"5,4,9"
10993,fine-tuned,"1,9,5"
10994,fine-tuned,"8,6,5"
10995,fine-tuned,"9,6,9"
10996,fine-tuned,"3,9,3"
10997,fine-tuned,"7,3,6"
10998,fine-tuned,"1,5,9"
10999,fine-tuned,"3,1,6"
11000,fine-tuned,"6,8,7"
11001,fine-tuned,"1,8,8"
11002,fine-tuned,"6,4,8"
11003,fine-tuned,"4,9,9"
11004,fine-tuned,"1,3,3"
11005,fine-tuned,"4,9,8"
11006,fine-tuned,"6,8,2"
11007,fine-tuned,"4,6,6"
11008,fine-tuned,"1,9,3"
11009,fine-tuned,"1,2,2"
11010,fine-tuned,"5,2,6"
11011,fine-tuned,"4,1,3"
11012,fine-tuned,"7,8,7"
11013,fine-tuned,"5,4,3"
11014,fine-tuned,"6,3,1"
11015,fine-tuned,"9,9,5"
11016,fine-tuned,"8,4,4"
11017,fine-tuned,"1,6,6"
11018,fine-tuned,"9,9,1"
11019,fine-tuned,"1,6,5"
11020,fine-tuned,"3,6,4"
11021,fine-tuned,"9,6,3"
11022,fine-tuned,"8,5,5"
11023,fine-tuned,"5,9,3"
11024,fine-tuned,"2,1,8"
11025,fine-tuned,"3,1,5"
11026,fine-tuned,"6,7,1"
11027,fine-tuned,"3,2,3"
11028,fine-tuned,"8,5,6"
11029,fine-tuned,"5,7,4"
11030,fine-tuned,"5,4,7"
11031,fine-tuned,"8,5,4"
11032,fine-tuned,"4,9,8"
11033,fine-tuned,"1,2,9"
11034,fine-tuned,"6,3,7"
11035,fine-tuned,"9,6,4"
11036,fine-tuned,"2,5,6"
11037,fine-tuned,"6,2,5"
11038,fine-tuned,"4,9,2"
11039,fine-tuned,"3,5,7"
11040,fine-tuned,"3,5,4"
11041,fine-tuned,"4,5,6"
11042,fine-tuned,"7,8,6"
11043,fine-tuned,"5,2,9"
11044,fine-tuned,"4,3,8"
11045,fine-tuned,"1,1,6"
11046,fine-tuned,"3,6,5"
11047,fine-tuned,"2,3,5"
11048,fine-tuned,"7,8,1"
11049,fine-tuned,"4,1,2"
11050,fine-tuned,"1,7,1"
11051,fine-tuned,"2,2,1"
11052,fine-tuned,"7,4,1"
11053,fine-tuned,"6,7,5"
11054,fine-tuned,"2,5,8"
11055,fine-tuned,"8,1,4"
11056,fine-tuned,"7,3,4"
11057,fine-tuned,"4,3,4"
11058,fine-tuned,"2,7,3"
11059,fine-tuned,"5,8,1"
11060,fine-tuned,"9,1,8"
11061,fine-tuned,"5,7,9"
11062,fine-tuned,"8,4,4"
11063,fine-tuned,"1,6,1"
11064,fine-tuned,"9,8,5"
11065,fine-tuned,"2,6,3"
11066,fine-tuned,"7,6,5"
11067,fine-tuned,"8,7,7"
11068,fine-tuned,"1,8,8"
11069,fine-tuned,"6,9,3"
11070,fine-tuned,"6,1,4"
11071,fine-tuned,"3,2,7"
11072,fine-tuned,"7,8,6"
11073,fine-tuned,"6,1,9"
11074,fine-tuned,"1,3,5"
11075,fine-tuned,"4,4,6"
11076,fine-tuned,"5,6,9"
11077,fine-tuned,"1,2,4"
11078,fine-tuned,"3,3,5"
11079,fine-tuned,"1,2,1"
11080,fine-tuned,"6,2,5"
11081,fine-tuned,"1,3,9"
11082,fine-tuned,"5,6,1"
11083,fine-tuned,"3,8,8"
11084,fine-tuned,"8,5,9"
11085,fine-tuned,"1,9,4"
11086,fine-tuned,"9,5,3"
11087,fine-tuned,"5,4,3"
11088,fine-tuned,"2,7,6"
11089,fine-tuned,"3,9,6"
11090,fine-tuned,"6,5,9"
11091,fine-tuned,"2,3,9"
11092,fine-tuned,"2,5,6"
11093,fine-tuned,"6,8,2"
11094,fine-tuned,"9,7,8"
11095,fine-tuned,"7,7,8"
11096,fine-tuned,"8,6,4"
11097,fine-tuned,"3,7,7"
11098,fine-tuned,"2,4,2"
11099,fine-tuned,"9,2,8"
11100,fine-tuned,"5,1,5"
11101,fine-tuned,"9,7,8"
11102,fine-tuned,"9,5,5"
11103,fine-tuned,"7,7,4"
11104,fine-tuned,"9,6,4"
11105,fine-tuned,"7,9,6"
11106,fine-tuned,"4,8,5"
11107,fine-tuned,"5,2,3"
11108,fine-tuned,"5,1,9"
11109,fine-tuned,"6,4,4"
11110,fine-tuned,"8,6,1"
11111,fine-tuned,"1,8,1"
11112,fine-tuned,"6,7,7"
11113,fine-tuned,"8,8,6"
11114,fine-tuned,"8,1,2"
11115,fine-tuned,"9,7,4"
11116,fine-tuned,"6,3,7"
11117,fine-tuned,"4,5,8"
11118,fine-tuned,"2,8,5"
11119,fine-tuned,"5,2,3"
11120,fine-tuned,"3,6,1"
11121,fine-tuned,"8,3,2"
11122,fine-tuned,"4,8,6"
11123,fine-tuned,"8,3,1"
11124,fine-tuned,"9,8,8"
11125,fine-tuned,"5,9,3"
11126,fine-tuned,"5,9,7"
11127,fine-tuned,"6,1,5"
11128,fine-tuned,"1,6,2"
11129,fine-tuned,"4,6,6"
11130,fine-tuned,"6,3,9"
11131,fine-tuned,"1,8,2"
11132,fine-tuned,"4,6,5"
11133,fine-tuned,"5,5,2"
11134,fine-tuned,"8,4,9"
11135,fine-tuned,"3,9,9"
11136,fine-tuned,"8,8,6"
11137,fine-tuned,"5,8,2"
11138,fine-tuned,"8,9,3"
11139,fine-tuned,"7,1,2"
11140,fine-tuned,"5,1,1"
11141,fine-tuned,"1,9,7"
11142,fine-tuned,"9,9,4"
11143,fine-tuned,"7,9,9"
11144,fine-tuned,"2,7,1"
11145,fine-tuned,"7,9,2"
11146,fine-tuned,"5,9,3"
11147,fine-tuned,"5,6,5"
11148,fine-tuned,"1,5,8"
11149,fine-tuned,"9,7,5"
11150,fine-tuned,"9,5,9"
11151,fine-tuned,"4,8,3"
11152,fine-tuned,"3,4,5"
11153,fine-tuned,"2,5,4"
11154,fine-tuned,"1,9,1"
11155,fine-tuned,"2,2,1"
11156,fine-tuned,"8,5,6"
11157,fine-tuned,"6,3,8"
11158,fine-tuned,"5,6,8"
11159,fine-tuned,"5,3,6"
11160,fine-tuned,"1,6,2"
11161,fine-tuned,"6,5,3"
11162,fine-tuned,"7,5,8"
11163,fine-tuned,"4,4,2"
11164,fine-tuned,"2,2,2"
11165,fine-tuned,"2,3,7"
11166,fine-tuned,"5,3,8"
11167,fine-tuned,"1,4,5"
11168,fine-tuned,"9,2,4"
11169,fine-tuned,"4,4,9"
11170,fine-tuned,"7,4,4"
11171,fine-tuned,"2,2,1"
11172,fine-tuned,"6,7,7"
11173,fine-tuned,"2,4,9"
11174,fine-tuned,"1,7,6"
11175,fine-tuned,"1,5,2"
11176,fine-tuned,"7,5,9"
11177,fine-tuned,"5,4,4"
11178,fine-tuned,"9,4,7"
11179,fine-tuned,"2,8,3"
11180,fine-tuned,"4,3,1"
11181,fine-tuned,"3,4,5"
11182,fine-tuned,"3,5,1"
11183,fine-tuned,"3,8,1"
11184,fine-tuned,"8,2,7"
11185,fine-tuned,"4,8,1"
11186,fine-tuned,"4,4,8"
11187,fine-tuned,"2,1,7"
11188,fine-tuned,"8,9,2"
11189,fine-tuned,"4,9,7"
11190,fine-tuned,"9,5,6"
11191,fine-tuned,"5,1,2"
11192,fine-tuned,"6,3,4"
11193,fine-tuned,"5,2,5"
11194,fine-tuned,"8,5,9"
11195,fine-tuned,"1,5,6"
11196,fine-tuned,"3,7,7"
11197,fine-tuned,"7,5,3"
11198,fine-tuned,"4,9,4"
11199,fine-tuned,"5,6,3"
11200,fine-tuned,"3,8,6"
11201,fine-tuned,"3,5,2"
11202,fine-tuned,"6,1,1"
11203,fine-tuned,"2,6,1"
11204,fine-tuned,"4,4,2"
11205,fine-tuned,"5,9,4"
11206,fine-tuned,"5,2,7"
11207,fine-tuned,"9,2,8"
11208,fine-tuned,"6,2,9"
11209,fine-tuned,"6,8,5"
11210,fine-tuned,"9,9,2"
11211,fine-tuned,"5,9,2"
11212,fine-tuned,"7,4,1"
11213,fine-tuned,"8,8,7"
11214,fine-tuned,"3,5,9"
11215,fine-tuned,"1,6,9"
11216,fine-tuned,"7,8,7"
11217,fine-tuned,"4,6,5"
11218,fine-tuned,"8,9,7"
11219,fine-tuned,"9,3,2"
11220,fine-tuned,"8,9,1"
11221,fine-tuned,"3,5,9"
11222,fine-tuned,"7,8,4"
11223,fine-tuned,"9,2,6"
11224,fine-tuned,"3,4,1"
11225,fine-tuned,"4,4,5"
11226,fine-tuned,"7,4,3"
11227,fine-tuned,"2,1,7"
11228,fine-tuned,"8,1,7"
11229,fine-tuned,"6,3,5"
11230,fine-tuned,"9,5,5"
11231,fine-tuned,"5,6,1"
11232,fine-tuned,"3,9,3"
11233,fine-tuned,"1,2,2"
11234,fine-tuned,"5,3,7"
11235,fine-tuned,"3,4,8"
11236,fine-tuned,"8,9,1"
11237,fine-tuned,"8,5,6"
11238,fine-tuned,"9,8,4"
11239,fine-tuned,"3,9,9"
11240,fine-tuned,"8,7,7"
11241,fine-tuned,"3,7,8"
11242,fine-tuned,"8,9,6"
11243,fine-tuned,"5,1,4"
11244,fine-tuned,"5,7,1"
11245,fine-tuned,"1,6,6"
11246,fine-tuned,"5,6,9"
11247,fine-tuned,"8,5,5"
11248,fine-tuned,"7,9,7"
11249,fine-tuned,"7,8,8"
11250,fine-tuned,"1,3,7"
11251,fine-tuned,"4,8,9"
11252,fine-tuned,"2,4,2"
11253,fine-tuned,"8,6,9"
11254,fine-tuned,"1,9,3"
11255,fine-tuned,"1,7,6"
11256,fine-tuned,"8,6,6"
11257,fine-tuned,"5,8,6"
11258,fine-tuned,"4,1,5"
11259,fine-tuned,"7,9,6"
11260,fine-tuned,"7,6,9"
11261,fine-tuned,"9,5,6"
11262,fine-tuned,"3,4,3"
11263,fine-tuned,"5,2,6"
11264,fine-tuned,"4,2,8"
11265,fine-tuned,"9,2,4"
11266,fine-tuned,"5,6,4"
11267,fine-tuned,"1,8,3"
11268,fine-tuned,"1,7,5"
11269,fine-tuned,"5,6,8"
11270,fine-tuned,"1,8,7"
11271,fine-tuned,"4,1,3"
11272,fine-tuned,"8,6,4"
11273,fine-tuned,"3,7,4"
11274,fine-tuned,"6,4,5"
11275,fine-tuned,"7,9,5"
11276,fine-tuned,"9,9,5"
11277,fine-tuned,"5,8,9"
11278,fine-tuned,"6,8,9"
11279,fine-tuned,"5,3,3"
11280,fine-tuned,"9,2,3"
11281,fine-tuned,"6,7,8"
11282,fine-tuned,"5,8,9"
11283,fine-tuned,"2,2,3"
11284,fine-tuned,"2,9,9"
11285,fine-tuned,"7,9,6"
11286,fine-tuned,"8,7,9"
11287,fine-tuned,"5,2,9"
11288,fine-tuned,"7,8,1"
11289,fine-tuned,"8,1,8"
11290,fine-tuned,"6,7,1"
11291,fine-tuned,"6,6,4"
11292,fine-tuned,"5,7,3"
11293,fine-tuned,"1,2,1"
11294,fine-tuned,"8,5,6"
11295,fine-tuned,"5,9,1"
11296,fine-tuned,"8,2,2"
11297,fine-tuned,"9,4,9"
11298,fine-tuned,"2,3,2"
11299,fine-tuned,"3,3,7"
11300,fine-tuned,"1,9,5"
11301,fine-tuned,"2,1,4"
11302,fine-tuned,"5,8,1"
11303,fine-tuned,"8,5,8"
11304,fine-tuned,"3,5,4"
11305,fine-tuned,"4,7,3"
11306,fine-tuned,"8,8,5"
11307,fine-tuned,"5,9,6"
11308,fine-tuned,"8,5,5"
11309,fine-tuned,"1,5,3"
11310,fine-tuned,"3,5,7"
11311,fine-tuned,"1,7,3"
11312,fine-tuned,"3,5,4"
11313,fine-tuned,"8,4,2"
11314,fine-tuned,"7,3,8"
11315,fine-tuned,"7,1,4"
11316,fine-tuned,"8,1,4"
11317,fine-tuned,"8,8,7"
11318,fine-tuned,"1,8,3"
11319,fine-tuned,"5,1,7"
11320,fine-tuned,"7,6,5"
11321,fine-tuned,"1,2,5"
11322,fine-tuned,"4,2,6"
11323,fine-tuned,"8,5,6"
11324,fine-tuned,"1,8,1"
11325,fine-tuned,"7,6,3"
11326,fine-tuned,"6,6,9"
11327,fine-tuned,"3,4,4"
11328,fine-tuned,"4,8,2"
11329,fine-tuned,"9,7,3"
11330,fine-tuned,"2,8,9"
11331,fine-tuned,"4,6,3"
11332,fine-tuned,"7,1,3"
11333,fine-tuned,"2,2,5"
11334,fine-tuned,"1,6,8"
11335,fine-tuned,"4,2,6"
11336,fine-tuned,"3,3,7"
11337,fine-tuned,"9,9,2"
11338,fine-tuned,"7,3,5"
11339,fine-tuned,"3,9,1"
11340,fine-tuned,"8,8,5"
11341,fine-tuned,"4,7,7"
11342,fine-tuned,"5,1,3"
11343,fine-tuned,"9,3,8"
11344,fine-tuned,"9,7,1"
11345,fine-tuned,"1,1,3"
11346,fine-tuned,"1,3,1"
11347,fine-tuned,"3,2,7"
11348,fine-tuned,"4,3,3"
11349,fine-tuned,"7,6,7"
11350,fine-tuned,"8,9,2"
11351,fine-tuned,"2,4,3"
11352,fine-tuned,"9,8,1"
11353,fine-tuned,"2,1,3"
11354,fine-tuned,"7,8,4"
11355,fine-tuned,"8,6,8"
11356,fine-tuned,"1,2,6"
11357,fine-tuned,"2,5,4"
11358,fine-tuned,"8,3,7"
11359,fine-tuned,"1,2,6"
11360,fine-tuned,"1,6,4"
11361,fine-tuned,"6,9,4"
11362,fine-tuned,"9,3,8"
11363,fine-tuned,"1,7,9"
11364,fine-tuned,"8,4,1"
11365,fine-tuned,"1,1,1"
11366,fine-tuned,"9,5,2"
11367,fine-tuned,"4,5,8"
11368,fine-tuned,"6,8,8"
11369,fine-tuned,"8,4,1"
11370,fine-tuned,"5,1,3"
11371,fine-tuned,"4,2,4"
11372,fine-tuned,"2,2,8"
11373,fine-tuned,"6,5,7"
11374,fine-tuned,"9,2,2"
11375,fine-tuned,"3,5,6"
11376,fine-tuned,"6,8,2"
11377,fine-tuned,"3,4,8"
11378,fine-tuned,"1,9,3"
11379,fine-tuned,"3,4,1"
11380,fine-tuned,"3,4,8"
11381,fine-tuned,"8,6,1"
11382,fine-tuned,"5,2,8"
11383,fine-tuned,"6,4,3"
11384,fine-tuned,"6,2,9"
11385,fine-tuned,"1,4,6"
11386,fine-tuned,"7,2,1"
11387,fine-tuned,"3,4,8"
11388,fine-tuned,"5,2,3"
11389,fine-tuned,"3,3,9"
11390,fine-tuned,"7,3,6"
11391,fine-tuned,"6,1,5"
11392,fine-tuned,"3,6,6"
11393,fine-tuned,"6,7,9"
11394,fine-tuned,"1,3,8"
11395,fine-tuned,"1,1,6"
11396,fine-tuned,"5,3,8"
11397,fine-tuned,"4,7,6"
11398,fine-tuned,"7,3,6"
11399,fine-tuned,"1,7,6"
11400,fine-tuned,"4,3,1"
11401,fine-tuned,"4,5,8"
11402,fine-tuned,"4,6,1"
11403,fine-tuned,"4,5,8"
11404,fine-tuned,"2,6,7"
11405,fine-tuned,"4,8,6"
11406,fine-tuned,"6,4,5"
11407,fine-tuned,"9,5,5"
11408,fine-tuned,"8,2,8"
11409,fine-tuned,"8,5,2"
11410,fine-tuned,"2,9,9"
11411,fine-tuned,"5,2,1"
11412,fine-tuned,"9,1,8"
11413,fine-tuned,"2,7,4"
11414,fine-tuned,"4,9,4"
11415,fine-tuned,"8,5,7"
11416,fine-tuned,"5,7,7"
11417,fine-tuned,"9,8,3"
11418,fine-tuned,"6,4,5"
11419,fine-tuned,"9,3,2"
11420,fine-tuned,"7,3,6"
11421,fine-tuned,"6,4,7"
11422,fine-tuned,"5,4,8"
11423,fine-tuned,"2,6,5"
11424,fine-tuned,"1,1,7"
11425,fine-tuned,"3,3,9"
11426,fine-tuned,"7,8,5"
11427,fine-tuned,"8,3,7"
11428,fine-tuned,"9,3,3"
11429,fine-tuned,"2,5,4"
11430,fine-tuned,"1,8,5"
11431,fine-tuned,"3,2,8"
11432,fine-tuned,"6,6,3"
11433,fine-tuned,"3,6,3"
11434,fine-tuned,"7,2,3"
11435,fine-tuned,"3,9,3"
11436,fine-tuned,"1,9,8"
11437,fine-tuned,"5,4,9"
11438,fine-tuned,"9,4,7"
11439,fine-tuned,"1,7,7"
11440,fine-tuned,"4,6,8"
11441,fine-tuned,"3,2,9"
11442,fine-tuned,"4,9,6"
11443,fine-tuned,"5,7,4"
11444,fine-tuned,"1,8,4"
11445,fine-tuned,"5,4,6"
11446,fine-tuned,"3,7,8"
11447,fine-tuned,"4,7,6"
11448,fine-tuned,"8,1,5"
11449,fine-tuned,"1,2,9"
11450,fine-tuned,"5,1,6"
11451,fine-tuned,"7,4,4"
11452,fine-tuned,"3,9,1"
11453,fine-tuned,"4,8,9"
11454,fine-tuned,"1,1,7"
11455,fine-tuned,"7,3,5"
11456,fine-tuned,"6,3,9"
11457,fine-tuned,"7,8,6"
11458,fine-tuned,"6,5,2"
11459,fine-tuned,"3,9,6"
11460,fine-tuned,"3,1,2"
11461,fine-tuned,"1,3,1"
11462,fine-tuned,"8,7,9"
11463,fine-tuned,"3,6,4"
11464,fine-tuned,"5,7,4"
11465,fine-tuned,"7,4,7"
11466,fine-tuned,"2,3,7"
11467,fine-tuned,"6,8,3"
11468,fine-tuned,"6,8,8"
11469,fine-tuned,"4,8,4"
11470,fine-tuned,"5,7,3"
11471,fine-tuned,"1,7,1"
11472,fine-tuned,"4,7,7"
11473,fine-tuned,"7,2,8"
11474,fine-tuned,"8,7,7"
11475,fine-tuned,"9,4,5"
11476,fine-tuned,"5,7,8"
11477,fine-tuned,"9,8,1"
11478,fine-tuned,"8,4,5"
11479,fine-tuned,"3,3,7"
11480,fine-tuned,"9,4,1"
11481,fine-tuned,"5,6,8"
11482,fine-tuned,"2,1,7"
11483,fine-tuned,"9,8,6"
11484,fine-tuned,"5,8,3"
11485,fine-tuned,"2,3,7"
11486,fine-tuned,"1,4,9"
11487,fine-tuned,"8,1,8"
11488,fine-tuned,"5,4,6"
11489,fine-tuned,"3,8,9"
11490,fine-tuned,"6,2,7"
11491,fine-tuned,"6,5,8"
11492,fine-tuned,"9,2,5"
11493,fine-tuned,"5,4,1"
11494,fine-tuned,"9,9,6"
11495,fine-tuned,"8,1,2"
11496,fine-tuned,"8,8,1"
11497,fine-tuned,"1,6,3"
11498,fine-tuned,"1,4,2"
11499,fine-tuned,"3,4,5"
11500,fine-tuned,"8,9,1"
11501,fine-tuned,"7,8,1"
11502,fine-tuned,"6,3,8"
11503,fine-tuned,"2,8,6"
11504,fine-tuned,"5,8,9"
11505,fine-tuned,"2,8,8"
11506,fine-tuned,"9,6,4"
11507,fine-tuned,"3,2,3"
11508,fine-tuned,"1,8,3"
11509,fine-tuned,"7,1,3"
11510,fine-tuned,"7,9,3"
11511,fine-tuned,"2,4,6"
11512,fine-tuned,"5,3,6"
11513,fine-tuned,"1,7,6"
11514,fine-tuned,"6,5,1"
11515,fine-tuned,"3,2,6"
11516,fine-tuned,"3,5,3"
11517,fine-tuned,"3,2,2"
11518,fine-tuned,"8,6,5"
11519,fine-tuned,"7,1,9"
11520,fine-tuned,"7,6,8"
11521,fine-tuned,"8,5,9"
11522,fine-tuned,"6,5,7"
11523,fine-tuned,"8,7,3"
11524,fine-tuned,"8,7,1"
11525,fine-tuned,"2,2,8"
11526,fine-tuned,"1,8,8"
11527,fine-tuned,"1,5,8"
11528,fine-tuned,"6,9,1"
11529,fine-tuned,"1,1,6"
11530,fine-tuned,"4,3,3"
11531,fine-tuned,"3,8,5"
11532,fine-tuned,"8,9,3"
11533,fine-tuned,"4,3,5"
11534,fine-tuned,"6,6,8"
11535,fine-tuned,"1,2,2"
11536,fine-tuned,"4,3,9"
11537,fine-tuned,"4,8,6"
11538,fine-tuned,"3,1,6"
11539,fine-tuned,"5,9,4"
11540,fine-tuned,"3,3,5"
11541,fine-tuned,"7,2,7"
11542,fine-tuned,"8,1,6"
11543,fine-tuned,"8,3,9"
11544,fine-tuned,"5,9,8"
11545,fine-tuned,"6,4,2"
11546,fine-tuned,"7,9,5"
11547,fine-tuned,"3,6,5"
11548,fine-tuned,"8,9,2"
11549,fine-tuned,"2,8,6"
11550,fine-tuned,"9,9,6"
11551,fine-tuned,"9,2,8"
11552,fine-tuned,"5,7,6"
11553,fine-tuned,"4,7,5"
11554,fine-tuned,"8,5,4"
11555,fine-tuned,"6,4,9"
11556,fine-tuned,"6,1,1"
11557,fine-tuned,"2,1,1"
11558,fine-tuned,"1,4,5"
11559,fine-tuned,"5,8,2"
11560,fine-tuned,"1,8,9"
11561,fine-tuned,"5,9,2"
11562,fine-tuned,"9,3,2"
11563,fine-tuned,"7,6,4"
11564,fine-tuned,"4,2,9"
11565,fine-tuned,"9,8,1"
11566,fine-tuned,"6,2,7"
11567,fine-tuned,"9,1,8"
11568,fine-tuned,"7,6,4"
11569,fine-tuned,"9,6,6"
11570,fine-tuned,"5,5,7"
11571,fine-tuned,"2,2,8"
11572,fine-tuned,"9,9,4"
11573,fine-tuned,"1,5,5"
11574,fine-tuned,"9,5,4"
11575,fine-tuned,"2,4,4"
11576,fine-tuned,"7,7,8"
11577,fine-tuned,"1,5,5"
11578,fine-tuned,"4,9,1"
11579,fine-tuned,"9,6,8"
11580,fine-tuned,"2,5,1"
11581,fine-tuned,"6,1,2"
11582,fine-tuned,"8,2,8"
11583,fine-tuned,"6,2,4"
11584,fine-tuned,"9,1,9"
11585,fine-tuned,"3,4,1"
11586,fine-tuned,"6,5,4"
11587,fine-tuned,"9,6,3"
11588,fine-tuned,"9,9,2"
11589,fine-tuned,"4,9,7"
11590,fine-tuned,"4,9,4"
11591,fine-tuned,"1,7,5"
11592,fine-tuned,"1,6,4"
11593,fine-tuned,"7,8,6"
11594,fine-tuned,"8,1,3"
11595,fine-tuned,"5,1,3"
11596,fine-tuned,"3,6,9"
11597,fine-tuned,"5,4,7"
11598,fine-tuned,"5,5,2"
11599,fine-tuned,"1,8,5"
11600,fine-tuned,"6,8,3"
11601,fine-tuned,"2,3,3"
11602,fine-tuned,"8,6,5"
11603,fine-tuned,"5,8,5"
11604,fine-tuned,"6,2,1"
11605,fine-tuned,"5,4,2"
11606,fine-tuned,"8,2,9"
11607,fine-tuned,"2,5,9"
11608,fine-tuned,"5,9,1"
11609,fine-tuned,"2,1,8"
11610,fine-tuned,"1,5,7"
11611,fine-tuned,"4,2,4"
11612,fine-tuned,"7,8,6"
11613,fine-tuned,"3,8,4"
11614,fine-tuned,"3,8,4"
11615,fine-tuned,"1,8,7"
11616,fine-tuned,"1,6,1"
11617,fine-tuned,"3,4,3"
11618,fine-tuned,"7,2,6"
11619,fine-tuned,"1,9,3"
11620,fine-tuned,"3,9,8"
11621,fine-tuned,"9,5,5"
11622,fine-tuned,"7,1,6"
11623,fine-tuned,"2,9,1"
11624,fine-tuned,"3,5,4"
11625,fine-tuned,"4,3,2"
11626,fine-tuned,"5,7,3"
11627,fine-tuned,"9,5,9"
11628,fine-tuned,"9,1,5"
11629,fine-tuned,"2,9,8"
11630,fine-tuned,"2,3,8"
11631,fine-tuned,"7,4,9"
11632,fine-tuned,"1,9,4"
11633,fine-tuned,"3,9,5"
11634,fine-tuned,"5,2,3"
11635,fine-tuned,"5,6,7"
11636,fine-tuned,"3,8,9"
11637,fine-tuned,"2,7,8"
11638,fine-tuned,"3,8,3"
11639,fine-tuned,"7,2,5"
11640,fine-tuned,"9,4,3"
11641,fine-tuned,"4,9,4"
11642,fine-tuned,"1,1,1"
11643,fine-tuned,"1,7,4"
11644,fine-tuned,"9,5,4"
11645,fine-tuned,"8,3,9"
11646,fine-tuned,"9,1,2"
11647,fine-tuned,"4,5,9"
11648,fine-tuned,"4,8,3"
11649,fine-tuned,"2,8,8"
11650,fine-tuned,"7,7,8"
11651,fine-tuned,"1,5,8"
11652,fine-tuned,"2,8,4"
11653,fine-tuned,"9,9,2"
11654,fine-tuned,"7,3,9"
11655,fine-tuned,"6,6,3"
11656,fine-tuned,"8,7,6"
11657,fine-tuned,"5,4,8"
11658,fine-tuned,"3,5,6"
11659,fine-tuned,"6,5,5"
11660,fine-tuned,"5,7,1"
11661,fine-tuned,"7,9,6"
11662,fine-tuned,"5,1,8"
11663,fine-tuned,"7,4,1"
11664,fine-tuned,"4,4,6"
11665,fine-tuned,"3,4,9"
11666,fine-tuned,"2,6,3"
11667,fine-tuned,"4,7,5"
11668,fine-tuned,"1,7,6"
11669,fine-tuned,"8,4,9"
11670,fine-tuned,"8,5,4"
11671,fine-tuned,"4,2,6"
11672,fine-tuned,"1,9,1"
11673,fine-tuned,"1,5,6"
11674,fine-tuned,"9,8,6"
11675,fine-tuned,"5,6,9"
11676,fine-tuned,"4,4,6"
11677,fine-tuned,"2,6,7"
11678,fine-tuned,"6,9,2"
11679,fine-tuned,"5,9,1"
11680,fine-tuned,"2,6,4"
11681,fine-tuned,"6,6,6"
11682,fine-tuned,"3,9,7"
11683,fine-tuned,"7,8,1"
11684,fine-tuned,"5,9,7"
11685,fine-tuned,"2,8,1"
11686,fine-tuned,"3,3,5"
11687,fine-tuned,"5,4,4"
11688,fine-tuned,"9,7,5"
11689,fine-tuned,"9,2,7"
11690,fine-tuned,"1,5,5"
11691,fine-tuned,"7,8,6"
11692,fine-tuned,"6,8,4"
11693,fine-tuned,"5,1,7"
11694,fine-tuned,"1,9,7"
11695,fine-tuned,"6,1,3"
11696,fine-tuned,"5,3,5"
11697,fine-tuned,"1,3,4"
11698,fine-tuned,"9,6,3"
11699,fine-tuned,"5,5,6"
11700,fine-tuned,"8,2,9"
11701,fine-tuned,"7,6,4"
11702,fine-tuned,"6,9,3"
11703,fine-tuned,"7,2,4"
11704,fine-tuned,"4,3,2"
11705,fine-tuned,"7,6,3"
11706,fine-tuned,"1,5,3"
11707,fine-tuned,"9,5,3"
11708,fine-tuned,"4,9,7"
11709,fine-tuned,"3,7,9"
11710,fine-tuned,"8,6,7"
11711,fine-tuned,"2,6,4"
11712,fine-tuned,"1,5,3"
11713,fine-tuned,"4,1,8"
11714,fine-tuned,"7,4,4"
11715,fine-tuned,"8,2,7"
11716,fine-tuned,"8,4,4"
11717,fine-tuned,"2,1,3"
11718,fine-tuned,"9,6,2"
11719,fine-tuned,"7,9,9"
11720,fine-tuned,"4,2,1"
11721,fine-tuned,"4,7,3"
11722,fine-tuned,"8,9,7"
11723,fine-tuned,"8,1,3"
11724,fine-tuned,"7,5,9"
11725,fine-tuned,"4,1,1"
11726,fine-tuned,"8,5,1"
11727,fine-tuned,"1,4,9"
11728,fine-tuned,"2,9,7"
11729,fine-tuned,"6,6,8"
11730,fine-tuned,"8,3,1"
11731,fine-tuned,"6,9,5"
11732,fine-tuned,"1,2,1"
11733,fine-tuned,"7,8,7"
11734,fine-tuned,"8,5,9"
11735,fine-tuned,"4,7,4"
11736,fine-tuned,"2,7,6"
11737,fine-tuned,"3,6,4"
11738,fine-tuned,"6,5,5"
11739,fine-tuned,"8,2,8"
11740,fine-tuned,"7,5,2"
11741,fine-tuned,"5,5,4"
11742,fine-tuned,"2,3,3"
11743,fine-tuned,"4,7,5"
11744,fine-tuned,"7,3,1"
11745,fine-tuned,"6,2,8"
11746,fine-tuned,"3,7,1"
11747,fine-tuned,"8,2,4"
11748,fine-tuned,"4,6,8"
11749,fine-tuned,"5,6,3"
11750,fine-tuned,"4,5,1"
11751,fine-tuned,"4,3,5"
11752,fine-tuned,"1,3,1"
11753,fine-tuned,"6,3,3"
11754,fine-tuned,"4,9,6"
11755,fine-tuned,"6,2,9"
11756,fine-tuned,"9,7,9"
11757,fine-tuned,"6,2,9"
11758,fine-tuned,"4,5,7"
11759,fine-tuned,"2,4,3"
11760,fine-tuned,"7,9,2"
11761,fine-tuned,"6,8,1"
11762,fine-tuned,"8,1,4"
11763,fine-tuned,"4,1,3"
11764,fine-tuned,"6,5,5"
11765,fine-tuned,"5,8,2"
11766,fine-tuned,"1,1,1"
11767,fine-tuned,"4,9,9"
11768,fine-tuned,"6,2,7"
11769,fine-tuned,"1,5,7"
11770,fine-tuned,"9,4,2"
11771,fine-tuned,"9,2,2"
11772,fine-tuned,"3,4,8"
11773,fine-tuned,"1,9,3"
11774,fine-tuned,"2,4,3"
11775,fine-tuned,"8,4,8"
11776,fine-tuned,"9,3,9"
11777,fine-tuned,"7,8,5"
11778,fine-tuned,"5,1,1"
11779,fine-tuned,"9,7,3"
11780,fine-tuned,"3,4,4"
11781,fine-tuned,"7,4,9"
11782,fine-tuned,"5,7,8"
11783,fine-tuned,"3,4,8"
11784,fine-tuned,"4,2,5"
11785,fine-tuned,"5,3,9"
11786,fine-tuned,"9,9,6"
11787,fine-tuned,"6,1,5"
11788,fine-tuned,"2,2,2"
11789,fine-tuned,"5,3,6"
11790,fine-tuned,"3,5,5"
11791,fine-tuned,"2,6,8"
11792,fine-tuned,"9,7,5"
11793,fine-tuned,"1,2,6"
11794,fine-tuned,"8,1,7"
11795,fine-tuned,"5,7,1"
11796,fine-tuned,"3,6,1"
11797,fine-tuned,"7,7,6"
11798,fine-tuned,"1,6,1"
11799,fine-tuned,"7,1,1"
11800,fine-tuned,"8,3,4"
11801,fine-tuned,"5,6,1"
11802,fine-tuned,"7,7,3"
11803,fine-tuned,"7,2,1"
11804,fine-tuned,"7,9,9"
11805,fine-tuned,"6,4,3"
11806,fine-tuned,"8,7,5"
11807,fine-tuned,"1,2,5"
11808,fine-tuned,"3,1,8"
11809,fine-tuned,"5,8,3"
11810,fine-tuned,"9,2,5"
11811,fine-tuned,"8,5,5"
11812,fine-tuned,"1,7,3"
11813,fine-tuned,"4,5,5"
11814,fine-tuned,"2,4,6"
11815,fine-tuned,"6,5,7"
11816,fine-tuned,"9,1,5"
11817,fine-tuned,"8,9,5"
11818,fine-tuned,"3,3,5"
11819,fine-tuned,"5,9,6"
11820,fine-tuned,"6,8,8"
11821,fine-tuned,"1,2,6"
11822,fine-tuned,"8,4,1"
11823,fine-tuned,"7,4,5"
11824,fine-tuned,"7,1,5"
11825,fine-tuned,"9,3,1"
11826,fine-tuned,"7,3,6"
11827,fine-tuned,"1,4,4"
11828,fine-tuned,"4,1,1"
11829,fine-tuned,"2,1,5"
11830,fine-tuned,"4,6,6"
11831,fine-tuned,"2,8,5"
11832,fine-tuned,"1,1,7"
11833,fine-tuned,"1,8,9"
11834,fine-tuned,"6,7,4"
11835,fine-tuned,"1,8,1"
11836,fine-tuned,"6,6,4"
11837,fine-tuned,"3,3,5"
11838,fine-tuned,"8,2,1"
11839,fine-tuned,"1,9,8"
11840,fine-tuned,"7,4,3"
11841,fine-tuned,"2,7,7"
11842,fine-tuned,"4,2,8"
11843,fine-tuned,"6,4,7"
11844,fine-tuned,"4,9,4"
11845,fine-tuned,"2,7,9"
11846,fine-tuned,"9,4,5"
11847,fine-tuned,"9,1,1"
11848,fine-tuned,"9,7,1"
11849,fine-tuned,"1,7,6"
11850,fine-tuned,"3,1,4"
11851,fine-tuned,"5,8,2"
11852,fine-tuned,"4,7,9"
11853,fine-tuned,"6,6,4"
11854,fine-tuned,"8,2,5"
11855,fine-tuned,"5,5,8"
11856,fine-tuned,"8,9,4"
11857,fine-tuned,"7,8,3"
11858,fine-tuned,"7,4,1"
11859,fine-tuned,"9,9,3"
11860,fine-tuned,"2,1,5"
11861,fine-tuned,"9,3,6"
11862,fine-tuned,"5,3,2"
11863,fine-tuned,"8,8,2"
11864,fine-tuned,"3,5,6"
11865,fine-tuned,"9,5,7"
11866,fine-tuned,"8,5,1"
11867,fine-tuned,"9,8,3"
11868,fine-tuned,"7,2,9"
11869,fine-tuned,"6,1,6"
11870,fine-tuned,"1,5,7"
11871,fine-tuned,"4,9,9"
11872,fine-tuned,"7,4,7"
11873,fine-tuned,"3,4,1"
11874,fine-tuned,"8,1,1"
11875,fine-tuned,"3,8,7"
11876,fine-tuned,"9,9,2"
11877,fine-tuned,"7,4,5"
11878,fine-tuned,"9,2,2"
11879,fine-tuned,"3,9,4"
11880,fine-tuned,"3,5,5"
11881,fine-tuned,"9,3,9"
11882,fine-tuned,"1,7,2"
11883,fine-tuned,"7,9,8"
11884,fine-tuned,"3,4,3"
11885,fine-tuned,"7,2,3"
11886,fine-tuned,"7,5,6"
11887,fine-tuned,"9,5,5"
11888,fine-tuned,"2,4,2"
11889,fine-tuned,"9,8,8"
11890,fine-tuned,"1,5,2"
11891,fine-tuned,"1,8,4"
11892,fine-tuned,"7,9,7"
11893,fine-tuned,"6,4,8"
11894,fine-tuned,"6,7,6"
11895,fine-tuned,"4,4,3"
11896,fine-tuned,"8,9,5"
11897,fine-tuned,"7,6,2"
11898,fine-tuned,"9,8,6"
11899,fine-tuned,"6,9,8"
11900,fine-tuned,"8,2,2"
11901,fine-tuned,"8,8,7"
11902,fine-tuned,"3,6,2"
11903,fine-tuned,"9,9,2"
11904,fine-tuned,"2,3,3"
11905,fine-tuned,"1,5,2"
11906,fine-tuned,"1,1,1"
11907,fine-tuned,"2,6,3"
11908,fine-tuned,"8,6,3"
11909,fine-tuned,"7,8,2"
11910,fine-tuned,"6,8,4"
11911,fine-tuned,"1,6,8"
11912,fine-tuned,"6,6,4"
11913,fine-tuned,"9,3,3"
11914,fine-tuned,"1,9,9"
11915,fine-tuned,"6,2,2"
11916,fine-tuned,"2,1,7"
11917,fine-tuned,"8,9,5"
11918,fine-tuned,"2,7,8"
11919,fine-tuned,"1,3,4"
11920,fine-tuned,"2,5,3"
11921,fine-tuned,"6,7,2"
11922,fine-tuned,"6,8,1"
11923,fine-tuned,"8,3,2"
11924,fine-tuned,"8,2,7"
11925,fine-tuned,"6,9,9"
11926,fine-tuned,"1,7,9"
11927,fine-tuned,"1,9,3"
11928,fine-tuned,"2,6,1"
11929,fine-tuned,"2,3,6"
11930,fine-tuned,"1,3,1"
11931,fine-tuned,"9,7,1"
11932,fine-tuned,"7,6,8"
11933,fine-tuned,"2,5,6"
11934,fine-tuned,"2,1,9"
11935,fine-tuned,"3,8,7"
11936,fine-tuned,"1,5,2"
11937,fine-tuned,"1,4,9"
11938,fine-tuned,"4,1,5"
11939,fine-tuned,"9,8,2"
11940,fine-tuned,"1,4,8"
11941,fine-tuned,"5,4,9"
11942,fine-tuned,"1,5,9"
11943,fine-tuned,"7,5,6"
11944,fine-tuned,"8,9,7"
11945,fine-tuned,"3,8,8"
11946,fine-tuned,"5,6,4"
11947,fine-tuned,"5,6,4"
11948,fine-tuned,"9,2,5"
11949,fine-tuned,"7,8,1"
11950,fine-tuned,"3,6,5"
11951,fine-tuned,"7,9,6"
11952,fine-tuned,"8,7,7"
11953,fine-tuned,"1,3,2"
11954,fine-tuned,"5,9,7"
11955,fine-tuned,"1,9,5"
11956,fine-tuned,"5,9,3"
11957,fine-tuned,"1,2,3"
11958,fine-tuned,"6,1,3"
11959,fine-tuned,"9,3,8"
11960,fine-tuned,"6,3,8"
11961,fine-tuned,"3,9,6"
11962,fine-tuned,"4,4,6"
11963,fine-tuned,"3,7,9"
11964,fine-tuned,"9,5,9"
11965,fine-tuned,"1,3,7"
11966,fine-tuned,"5,8,9"
11967,fine-tuned,"9,6,3"
11968,fine-tuned,"2,7,8"
11969,fine-tuned,"8,3,1"
11970,fine-tuned,"6,5,7"
11971,fine-tuned,"6,3,3"
11972,fine-tuned,"7,4,7"
11973,fine-tuned,"1,7,6"
11974,fine-tuned,"4,5,6"
11975,fine-tuned,"9,5,8"
11976,fine-tuned,"2,3,6"
11977,fine-tuned,"5,4,1"
11978,fine-tuned,"8,9,7"
11979,fine-tuned,"5,1,1"
11980,fine-tuned,"4,4,2"
11981,fine-tuned,"1,5,5"
11982,fine-tuned,"3,4,1"
11983,fine-tuned,"1,1,9"
11984,fine-tuned,"8,8,3"
11985,fine-tuned,"8,7,9"
11986,fine-tuned,"1,1,6"
11987,fine-tuned,"8,2,4"
11988,fine-tuned,"8,1,1"
11989,fine-tuned,"9,2,3"
11990,fine-tuned,"2,4,4"
11991,fine-tuned,"1,4,2"
11992,fine-tuned,"6,6,9"
11993,fine-tuned,"9,5,8"
11994,fine-tuned,"4,6,3"
11995,fine-tuned,"8,7,5"
11996,fine-tuned,"7,9,5"
11997,fine-tuned,"9,4,7"
11998,fine-tuned,"5,4,1"
11999,fine-tuned,"5,3,1"
12000,fine-tuned,"8,5,1"
12001,fine-tuned,"8,7,6"
12002,fine-tuned,"4,3,9"
12003,fine-tuned,"4,3,2"
12004,fine-tuned,"7,8,4"
12005,fine-tuned,"6,1,3"
12006,fine-tuned,"7,9,7"
12007,fine-tuned,"4,8,4"
12008,fine-tuned,"6,6,5"
12009,fine-tuned,"8,6,2"
12010,fine-tuned,"8,1,5"
12011,fine-tuned,"1,1,5"
12012,fine-tuned,"7,3,1"
12013,fine-tuned,"4,6,8"
12014,fine-tuned,"7,5,5"
12015,fine-tuned,"3,3,5"
12016,fine-tuned,"2,3,5"
12017,fine-tuned,"5,8,5"
12018,fine-tuned,"4,8,4"
12019,fine-tuned,"5,5,4"
12020,fine-tuned,"8,9,5"
12021,fine-tuned,"6,1,8"
12022,fine-tuned,"1,4,9"
12023,fine-tuned,"1,8,9"
12024,fine-tuned,"3,9,3"
12025,fine-tuned,"6,9,9"
12026,fine-tuned,"6,9,4"
12027,fine-tuned,"4,2,8"
12028,fine-tuned,"2,4,4"
12029,fine-tuned,"7,8,8"
12030,fine-tuned,"6,1,9"
12031,fine-tuned,"2,5,7"
12032,fine-tuned,"1,4,8"
12033,fine-tuned,"6,7,9"
12034,fine-tuned,"4,9,4"
12035,fine-tuned,"7,3,7"
12036,fine-tuned,"3,5,5"
12037,fine-tuned,"9,7,9"
12038,fine-tuned,"7,4,3"
12039,fine-tuned,"1,1,4"
12040,fine-tuned,"7,6,9"
12041,fine-tuned,"1,6,2"
12042,fine-tuned,"3,9,3"
12043,fine-tuned,"9,6,9"
12044,fine-tuned,"4,9,1"
12045,fine-tuned,"4,7,4"
12046,fine-tuned,"3,9,6"
12047,fine-tuned,"5,2,4"
12048,fine-tuned,"5,4,7"
12049,fine-tuned,"1,3,1"
12050,fine-tuned,"9,2,1"
12051,fine-tuned,"4,4,7"
12052,fine-tuned,"9,6,6"
12053,fine-tuned,"3,6,6"
12054,fine-tuned,"7,3,4"
12055,fine-tuned,"8,5,3"
12056,fine-tuned,"6,7,6"
12057,fine-tuned,"6,2,3"
12058,fine-tuned,"9,6,4"
12059,fine-tuned,"8,9,8"
12060,fine-tuned,"8,6,6"
12061,fine-tuned,"8,2,5"
12062,fine-tuned,"7,9,6"
12063,fine-tuned,"4,7,7"
12064,fine-tuned,"1,8,2"
12065,fine-tuned,"9,9,1"
12066,fine-tuned,"5,4,7"
12067,fine-tuned,"1,5,1"
12068,fine-tuned,"2,2,3"
12069,fine-tuned,"1,6,8"
12070,fine-tuned,"3,2,8"
12071,fine-tuned,"6,9,8"
12072,fine-tuned,"1,6,9"
12073,fine-tuned,"1,7,6"
12074,fine-tuned,"4,3,2"
12075,fine-tuned,"4,9,2"
12076,fine-tuned,"9,6,5"
12077,fine-tuned,"6,6,3"
12078,fine-tuned,"1,7,7"
12079,fine-tuned,"8,2,9"
12080,fine-tuned,"8,4,3"
12081,fine-tuned,"9,6,2"
12082,fine-tuned,"4,5,3"
12083,fine-tuned,"6,2,5"
12084,fine-tuned,"8,5,2"
12085,fine-tuned,"1,7,6"
12086,fine-tuned,"8,6,6"
12087,fine-tuned,"4,7,8"
12088,fine-tuned,"5,8,7"
12089,fine-tuned,"2,8,9"
12090,fine-tuned,"9,1,7"
12091,fine-tuned,"1,6,6"
12092,fine-tuned,"4,2,7"
12093,fine-tuned,"5,3,9"
12094,fine-tuned,"8,9,7"
12095,fine-tuned,"3,6,4"
12096,fine-tuned,"9,9,8"
12097,fine-tuned,"7,4,4"
12098,fine-tuned,"2,1,6"
12099,fine-tuned,"8,9,1"
12100,fine-tuned,"1,7,7"
12101,fine-tuned,"3,8,2"
12102,fine-tuned,"5,5,8"
12103,fine-tuned,"6,4,2"
12104,fine-tuned,"1,7,3"
12105,fine-tuned,"1,6,3"
12106,fine-tuned,"3,3,2"
12107,fine-tuned,"8,4,9"
12108,fine-tuned,"6,5,6"
12109,fine-tuned,"2,6,7"
12110,fine-tuned,"8,2,1"
12111,fine-tuned,"9,9,4"
12112,fine-tuned,"4,3,7"
12113,fine-tuned,"7,5,6"
12114,fine-tuned,"2,5,5"
12115,fine-tuned,"9,2,3"
12116,fine-tuned,"2,8,2"
12117,fine-tuned,"5,2,6"
12118,fine-tuned,"5,1,1"
12119,fine-tuned,"1,3,4"
12120,fine-tuned,"5,3,9"
12121,fine-tuned,"1,1,2"
12122,fine-tuned,"8,6,7"
12123,fine-tuned,"5,7,8"
12124,fine-tuned,"1,9,2"
12125,fine-tuned,"8,8,7"
12126,fine-tuned,"8,6,6"
12127,fine-tuned,"5,1,8"
12128,fine-tuned,"3,8,6"
12129,fine-tuned,"6,6,3"
12130,fine-tuned,"9,8,9"
12131,fine-tuned,"1,3,3"
12132,fine-tuned,"2,9,4"
12133,fine-tuned,"5,9,7"
12134,fine-tuned,"7,4,1"
12135,fine-tuned,"1,9,2"
12136,fine-tuned,"8,9,3"
12137,fine-tuned,"2,1,4"
12138,fine-tuned,"9,4,7"
12139,fine-tuned,"9,8,5"
12140,fine-tuned,"4,3,3"
12141,fine-tuned,"9,9,9"
12142,fine-tuned,"3,6,1"
12143,fine-tuned,"7,8,9"
12144,fine-tuned,"4,3,3"
12145,fine-tuned,"6,4,9"
12146,fine-tuned,"8,4,7"
12147,fine-tuned,"1,5,4"
12148,fine-tuned,"3,9,6"
12149,fine-tuned,"6,7,8"
12150,fine-tuned,"6,2,2"
12151,fine-tuned,"3,3,2"
12152,fine-tuned,"3,4,4"
12153,fine-tuned,"4,6,4"
12154,fine-tuned,"8,9,9"
12155,fine-tuned,"8,6,3"
12156,fine-tuned,"7,6,2"
12157,fine-tuned,"3,6,1"
12158,fine-tuned,"8,4,8"
12159,fine-tuned,"8,9,1"
12160,fine-tuned,"7,2,8"
12161,fine-tuned,"5,8,4"
12162,fine-tuned,"3,5,6"
12163,fine-tuned,"6,7,8"
12164,fine-tuned,"2,4,8"
12165,fine-tuned,"9,8,7"
12166,fine-tuned,"6,7,4"
12167,fine-tuned,"2,9,7"
12168,fine-tuned,"1,6,4"
12169,fine-tuned,"1,7,4"
12170,fine-tuned,"4,6,4"
12171,fine-tuned,"5,6,2"
12172,fine-tuned,"9,1,1"
12173,fine-tuned,"7,6,9"
12174,fine-tuned,"5,7,7"
12175,fine-tuned,"5,4,9"
12176,fine-tuned,"4,6,1"
12177,fine-tuned,"1,5,1"
12178,fine-tuned,"7,9,7"
12179,fine-tuned,"1,4,7"
12180,fine-tuned,"7,5,5"
12181,fine-tuned,"8,6,4"
12182,fine-tuned,"4,1,6"
12183,fine-tuned,"8,9,2"
12184,fine-tuned,"1,3,1"
12185,fine-tuned,"9,3,1"
12186,fine-tuned,"9,7,3"
12187,fine-tuned,"4,5,3"
12188,fine-tuned,"6,3,8"
12189,fine-tuned,"7,5,3"
12190,fine-tuned,"8,2,7"
12191,fine-tuned,"7,4,6"
12192,fine-tuned,"1,6,5"
12193,fine-tuned,"2,7,3"
12194,fine-tuned,"6,9,7"
12195,fine-tuned,"8,4,5"
12196,fine-tuned,"5,6,8"
12197,fine-tuned,"7,9,2"
12198,fine-tuned,"7,2,5"
12199,fine-tuned,"8,4,3"
12200,fine-tuned,"1,6,4"
12201,fine-tuned,"9,8,5"
12202,fine-tuned,"7,5,9"
12203,fine-tuned,"1,1,9"
12204,fine-tuned,"8,9,3"
12205,fine-tuned,"9,6,3"
12206,fine-tuned,"7,1,9"
12207,fine-tuned,"5,2,5"
12208,fine-tuned,"2,8,9"
12209,fine-tuned,"9,9,4"
12210,fine-tuned,"5,6,9"
12211,fine-tuned,"6,6,5"
12212,fine-tuned,"7,1,6"
12213,fine-tuned,"9,9,2"
12214,fine-tuned,"7,2,6"
12215,fine-tuned,"4,9,3"
12216,fine-tuned,"1,8,8"
12217,fine-tuned,"9,5,5"
12218,fine-tuned,"8,2,5"
12219,fine-tuned,"7,5,7"
12220,fine-tuned,"8,8,3"
12221,fine-tuned,"2,3,8"
12222,fine-tuned,"1,1,5"
12223,fine-tuned,"4,2,2"
12224,fine-tuned,"1,8,2"
12225,fine-tuned,"4,2,9"
12226,fine-tuned,"8,1,8"
12227,fine-tuned,"5,3,1"
12228,fine-tuned,"6,1,5"
12229,fine-tuned,"1,7,2"
12230,fine-tuned,"6,9,5"
12231,fine-tuned,"4,5,9"
12232,fine-tuned,"8,8,6"
12233,fine-tuned,"6,2,2"
12234,fine-tuned,"3,5,4"
12235,fine-tuned,"5,8,6"
12236,fine-tuned,"5,3,3"
12237,fine-tuned,"7,2,4"
12238,fine-tuned,"9,2,4"
12239,fine-tuned,"9,8,2"
12240,fine-tuned,"1,2,6"
12241,fine-tuned,"1,1,5"
12242,fine-tuned,"1,5,5"
12243,fine-tuned,"9,1,7"
12244,fine-tuned,"3,8,9"
12245,fine-tuned,"4,4,1"
12246,fine-tuned,"3,3,2"
12247,fine-tuned,"5,6,9"
12248,fine-tuned,"2,6,2"
12249,fine-tuned,"3,1,5"
12250,fine-tuned,"6,9,9"
12251,fine-tuned,"1,9,7"
12252,fine-tuned,"4,1,4"
12253,fine-tuned,"6,4,8"
12254,fine-tuned,"1,8,7"
12255,fine-tuned,"9,1,6"
12256,fine-tuned,"7,2,5"
12257,fine-tuned,"6,6,7"
12258,fine-tuned,"1,2,5"
12259,fine-tuned,"3,2,5"
12260,fine-tuned,"4,8,9"
12261,fine-tuned,"6,4,9"
12262,fine-tuned,"8,9,5"
12263,fine-tuned,"9,2,1"
12264,fine-tuned,"2,4,4"
12265,fine-tuned,"1,5,6"
12266,fine-tuned,"1,1,4"
12267,fine-tuned,"3,1,3"
12268,fine-tuned,"8,7,4"
12269,fine-tuned,"9,4,3"
12270,fine-tuned,"6,3,5"
12271,fine-tuned,"2,3,3"
12272,fine-tuned,"2,9,4"
12273,fine-tuned,"6,6,5"
12274,fine-tuned,"5,9,4"
12275,fine-tuned,"2,4,7"
12276,fine-tuned,"2,8,7"
12277,fine-tuned,"2,2,6"
12278,fine-tuned,"9,8,2"
12279,fine-tuned,"8,9,7"
12280,fine-tuned,"5,6,4"
12281,fine-tuned,"5,2,5"
12282,fine-tuned,"2,2,4"
12283,fine-tuned,"1,8,9"
12284,fine-tuned,"7,8,9"
12285,fine-tuned,"6,6,7"
12286,fine-tuned,"4,1,7"
12287,fine-tuned,"2,7,4"
12288,fine-tuned,"5,1,2"
12289,fine-tuned,"5,2,3"
12290,fine-tuned,"9,9,5"
12291,fine-tuned,"8,5,4"
12292,fine-tuned,"9,6,7"
12293,fine-tuned,"1,9,4"
12294,fine-tuned,"1,6,3"
12295,fine-tuned,"1,9,3"
12296,fine-tuned,"9,6,5"
12297,fine-tuned,"6,8,2"
12298,fine-tuned,"7,8,9"
12299,fine-tuned,"3,3,9"
12300,fine-tuned,"8,3,4"
12301,fine-tuned,"3,4,5"
12302,fine-tuned,"8,2,8"
12303,fine-tuned,"8,8,3"
12304,fine-tuned,"7,7,3"
12305,fine-tuned,"1,4,2"
12306,fine-tuned,"8,8,1"
12307,fine-tuned,"6,5,3"
12308,fine-tuned,"2,7,7"
12309,fine-tuned,"1,9,1"
12310,fine-tuned,"1,6,1"
12311,fine-tuned,"5,2,9"
12312,fine-tuned,"9,5,6"
12313,fine-tuned,"7,3,1"
12314,fine-tuned,"5,5,2"
12315,fine-tuned,"8,8,9"
12316,fine-tuned,"1,1,4"
12317,fine-tuned,"1,9,3"
12318,fine-tuned,"6,9,6"
12319,fine-tuned,"2,3,2"
12320,fine-tuned,"2,8,3"
12321,fine-tuned,"3,4,3"
12322,fine-tuned,"4,9,5"
12323,fine-tuned,"5,7,4"
12324,fine-tuned,"5,9,6"
12325,fine-tuned,"8,1,1"
12326,fine-tuned,"9,2,1"
12327,fine-tuned,"5,4,5"
12328,fine-tuned,"8,4,3"
12329,fine-tuned,"1,5,8"
12330,fine-tuned,"8,4,8"
12331,fine-tuned,"4,5,2"
12332,fine-tuned,"6,5,4"
12333,fine-tuned,"1,6,1"
12334,fine-tuned,"5,1,6"
12335,fine-tuned,"7,3,1"
12336,fine-tuned,"7,3,1"
12337,fine-tuned,"8,5,2"
12338,fine-tuned,"1,2,1"
12339,fine-tuned,"3,3,3"
12340,fine-tuned,"9,7,7"
12341,fine-tuned,"9,8,1"
12342,fine-tuned,"5,2,2"
12343,fine-tuned,"7,6,6"
12344,fine-tuned,"1,9,7"
12345,fine-tuned,"3,1,6"
12346,fine-tuned,"5,1,1"
12347,fine-tuned,"8,3,4"
12348,fine-tuned,"7,2,7"
12349,fine-tuned,"5,5,6"
12350,fine-tuned,"9,9,4"
12351,fine-tuned,"9,6,2"
12352,fine-tuned,"3,2,7"
12353,fine-tuned,"1,4,4"
12354,fine-tuned,"5,5,7"
12355,fine-tuned,"4,7,4"
12356,fine-tuned,"1,6,2"
12357,fine-tuned,"4,1,4"
12358,fine-tuned,"1,5,1"
12359,fine-tuned,"9,3,2"
12360,fine-tuned,"5,6,4"
12361,fine-tuned,"9,8,3"
12362,fine-tuned,"8,4,5"
12363,fine-tuned,"1,9,6"
12364,fine-tuned,"9,2,4"
12365,fine-tuned,"8,9,7"
12366,fine-tuned,"4,8,7"
12367,fine-tuned,"8,4,3"
12368,fine-tuned,"3,1,7"
12369,fine-tuned,"8,6,9"
12370,fine-tuned,"2,8,5"
12371,fine-tuned,"2,2,3"
12372,fine-tuned,"1,6,1"
12373,fine-tuned,"1,1,7"
12374,fine-tuned,"2,4,7"
12375,fine-tuned,"9,5,6"
12376,fine-tuned,"3,4,4"
12377,fine-tuned,"4,4,3"
12378,fine-tuned,"1,6,5"
12379,fine-tuned,"9,3,5"
12380,fine-tuned,"8,9,8"
12381,fine-tuned,"5,8,2"
12382,fine-tuned,"6,4,4"
12383,fine-tuned,"6,1,2"
12384,fine-tuned,"4,8,9"
12385,fine-tuned,"2,5,8"
12386,fine-tuned,"1,5,5"
12387,fine-tuned,"1,1,2"
12388,fine-tuned,"4,3,3"
12389,fine-tuned,"9,4,9"
12390,fine-tuned,"9,3,2"
12391,fine-tuned,"5,8,1"
12392,fine-tuned,"5,1,5"
12393,fine-tuned,"8,1,1"
12394,fine-tuned,"8,8,5"
12395,fine-tuned,"6,5,6"
12396,fine-tuned,"7,3,2"
12397,fine-tuned,"9,4,5"
12398,fine-tuned,"7,5,2"
12399,fine-tuned,"7,9,5"
12400,fine-tuned,"7,4,2"
12401,fine-tuned,"2,6,2"
12402,fine-tuned,"1,5,5"
12403,fine-tuned,"5,4,5"
12404,fine-tuned,"8,9,3"
12405,fine-tuned,"7,2,1"
12406,fine-tuned,"1,9,1"
12407,fine-tuned,"8,5,2"
12408,fine-tuned,"7,8,6"
12409,fine-tuned,"4,1,1"
12410,fine-tuned,"5,1,7"
12411,fine-tuned,"7,4,8"
12412,fine-tuned,"5,8,4"
12413,fine-tuned,"7,1,9"
12414,fine-tuned,"1,2,9"
12415,fine-tuned,"3,4,6"
12416,fine-tuned,"2,1,8"
12417,fine-tuned,"6,1,3"
12418,fine-tuned,"3,7,6"
12419,fine-tuned,"5,1,7"
12420,fine-tuned,"1,7,3"
12421,fine-tuned,"8,2,6"
12422,fine-tuned,"2,7,9"
12423,fine-tuned,"4,7,4"
12424,fine-tuned,"2,5,1"
12425,fine-tuned,"7,4,8"
12426,fine-tuned,"7,8,9"
12427,fine-tuned,"1,3,5"
12428,fine-tuned,"8,1,9"
12429,fine-tuned,"4,9,1"
12430,fine-tuned,"6,4,6"
12431,fine-tuned,"1,5,3"
12432,fine-tuned,"6,8,7"
12433,fine-tuned,"7,8,9"
12434,fine-tuned,"1,2,1"
12435,fine-tuned,"9,4,3"
12436,fine-tuned,"2,1,8"
12437,fine-tuned,"3,1,2"
12438,fine-tuned,"5,7,1"
12439,fine-tuned,"8,6,9"
12440,fine-tuned,"5,8,4"
12441,fine-tuned,"4,8,2"
12442,fine-tuned,"7,8,2"
12443,fine-tuned,"8,3,9"
12444,fine-tuned,"5,9,8"
12445,fine-tuned,"6,4,7"
12446,fine-tuned,"9,3,1"
12447,fine-tuned,"3,2,7"
12448,fine-tuned,"2,8,9"
12449,fine-tuned,"9,3,3"
12450,fine-tuned,"3,3,3"
12451,fine-tuned,"8,2,8"
12452,fine-tuned,"8,7,1"
12453,fine-tuned,"3,4,4"
12454,fine-tuned,"5,7,3"
12455,fine-tuned,"5,9,9"
12456,fine-tuned,"1,2,8"
12457,fine-tuned,"7,4,3"
12458,fine-tuned,"9,4,4"
12459,fine-tuned,"2,6,7"
12460,fine-tuned,"3,1,1"
12461,fine-tuned,"4,1,2"
12462,fine-tuned,"1,3,2"
12463,fine-tuned,"2,1,1"
12464,fine-tuned,"5,5,3"
12465,fine-tuned,"1,1,4"
12466,fine-tuned,"5,4,3"
12467,fine-tuned,"1,6,6"
12468,fine-tuned,"5,9,8"
12469,fine-tuned,"5,6,4"
12470,fine-tuned,"8,4,7"
12471,fine-tuned,"6,6,3"
12472,fine-tuned,"3,7,6"
12473,fine-tuned,"6,3,1"
12474,fine-tuned,"2,3,7"
12475,fine-tuned,"3,6,5"
12476,fine-tuned,"1,8,1"
12477,fine-tuned,"6,8,5"
12478,fine-tuned,"2,8,3"
12479,fine-tuned,"1,3,5"
12480,fine-tuned,"4,1,9"
12481,fine-tuned,"1,5,4"
12482,fine-tuned,"8,9,2"
12483,fine-tuned,"4,1,4"
12484,fine-tuned,"5,1,3"
12485,fine-tuned,"9,6,1"
12486,fine-tuned,"3,6,9"
12487,fine-tuned,"3,9,6"
12488,fine-tuned,"1,6,1"
12489,fine-tuned,"9,4,9"
12490,fine-tuned,"1,2,8"
12491,fine-tuned,"3,1,5"
12492,fine-tuned,"9,7,1"
12493,fine-tuned,"7,5,5"
12494,fine-tuned,"9,4,9"
12495,fine-tuned,"2,7,3"
12496,fine-tuned,"1,2,9"
12497,fine-tuned,"8,6,8"
12498,fine-tuned,"1,8,8"
12499,fine-tuned,"9,7,7"
12500,fine-tuned,"6,7,3"
12501,fine-tuned,"4,3,8"
12502,fine-tuned,"8,4,4"
12503,fine-tuned,"6,9,1"
12504,fine-tuned,"4,7,3"
12505,fine-tuned,"7,3,8"
12506,fine-tuned,"1,7,3"
12507,fine-tuned,"6,9,3"
12508,fine-tuned,"7,7,3"
12509,fine-tuned,"4,5,2"
12510,fine-tuned,"8,9,1"
12511,fine-tuned,"5,3,2"
12512,fine-tuned,"6,5,9"
12513,fine-tuned,"5,1,8"
12514,fine-tuned,"8,6,9"
12515,fine-tuned,"1,9,8"
12516,fine-tuned,"8,4,2"
12517,fine-tuned,"7,9,3"
12518,fine-tuned,"5,7,8"
12519,fine-tuned,"1,9,1"
12520,fine-tuned,"9,2,1"
12521,fine-tuned,"8,6,6"
12522,fine-tuned,"3,2,1"
12523,fine-tuned,"9,9,1"
12524,fine-tuned,"3,1,4"
12525,fine-tuned,"2,9,8"
12526,fine-tuned,"2,9,1"
12527,fine-tuned,"6,8,2"
12528,fine-tuned,"6,1,6"
12529,fine-tuned,"8,3,4"
12530,fine-tuned,"4,5,2"
12531,fine-tuned,"5,6,2"
12532,fine-tuned,"4,3,9"
12533,fine-tuned,"9,4,7"
12534,fine-tuned,"4,1,7"
12535,fine-tuned,"8,9,9"
12536,fine-tuned,"1,7,9"
12537,fine-tuned,"6,5,6"
12538,fine-tuned,"7,2,1"
12539,fine-tuned,"1,6,9"
12540,fine-tuned,"6,2,3"
12541,fine-tuned,"5,4,8"
12542,fine-tuned,"9,3,5"
12543,fine-tuned,"5,2,9"
12544,fine-tuned,"6,8,2"
12545,fine-tuned,"9,1,8"
12546,fine-tuned,"8,9,5"
12547,fine-tuned,"2,2,2"
12548,fine-tuned,"6,9,1"
12549,fine-tuned,"9,6,3"
12550,fine-tuned,"1,7,7"
12551,fine-tuned,"2,7,4"
12552,fine-tuned,"3,2,3"
12553,fine-tuned,"1,4,1"
12554,fine-tuned,"7,1,6"
12555,fine-tuned,"4,5,3"
12556,fine-tuned,"9,1,6"
12557,fine-tuned,"5,8,8"
12558,fine-tuned,"3,4,6"
12559,fine-tuned,"1,3,1"
12560,fine-tuned,"8,4,5"
12561,fine-tuned,"1,4,8"
12562,fine-tuned,"5,7,2"
12563,fine-tuned,"1,7,2"
12564,fine-tuned,"4,3,3"
12565,fine-tuned,"7,1,9"
12566,fine-tuned,"5,5,9"
12567,fine-tuned,"8,2,1"
12568,fine-tuned,"8,3,4"
12569,fine-tuned,"4,9,7"
12570,fine-tuned,"3,4,8"
12571,fine-tuned,"3,7,5"
12572,fine-tuned,"3,6,2"
12573,fine-tuned,"7,8,9"
12574,fine-tuned,"8,7,8"
12575,fine-tuned,"6,3,1"
12576,fine-tuned,"2,5,4"
12577,fine-tuned,"9,7,3"
12578,fine-tuned,"1,2,9"
12579,fine-tuned,"2,9,2"
12580,fine-tuned,"1,9,6"
12581,fine-tuned,"2,5,4"
12582,fine-tuned,"8,6,5"
12583,fine-tuned,"6,3,8"
12584,fine-tuned,"4,7,9"
12585,fine-tuned,"5,1,6"
12586,fine-tuned,"5,5,9"
12587,fine-tuned,"6,1,1"
12588,fine-tuned,"8,1,5"
12589,fine-tuned,"6,2,1"
12590,fine-tuned,"1,8,1"
12591,fine-tuned,"1,1,1"
12592,fine-tuned,"4,8,8"
12593,fine-tuned,"9,6,9"
12594,fine-tuned,"9,8,6"
12595,fine-tuned,"6,3,6"
12596,fine-tuned,"8,8,2"
12597,fine-tuned,"8,3,3"
12598,fine-tuned,"4,2,2"
12599,fine-tuned,"9,6,1"
12600,fine-tuned,"9,7,6"
12601,fine-tuned,"9,2,1"
12602,fine-tuned,"1,1,2"
12603,fine-tuned,"3,9,7"
12604,fine-tuned,"7,5,4"
12605,fine-tuned,"6,1,8"
12606,fine-tuned,"6,7,9"
12607,fine-tuned,"4,3,6"
12608,fine-tuned,"4,8,4"
12609,fine-tuned,"2,3,9"
12610,fine-tuned,"4,4,8"
12611,fine-tuned,"7,5,1"
12612,fine-tuned,"2,2,5"
12613,fine-tuned,"3,5,9"
12614,fine-tuned,"5,6,3"
12615,fine-tuned,"1,7,1"
12616,fine-tuned,"6,8,2"
12617,fine-tuned,"9,9,7"
12618,fine-tuned,"9,7,3"
12619,fine-tuned,"7,6,5"
12620,fine-tuned,"5,2,3"
12621,fine-tuned,"5,1,1"
12622,fine-tuned,"4,1,3"
12623,fine-tuned,"1,8,1"
12624,fine-tuned,"7,9,6"
12625,fine-tuned,"7,3,6"
12626,fine-tuned,"3,4,2"
12627,fine-tuned,"8,6,5"
12628,fine-tuned,"3,8,2"
12629,fine-tuned,"6,7,1"
12630,fine-tuned,"8,4,9"
12631,fine-tuned,"9,8,6"
12632,fine-tuned,"4,1,2"
12633,fine-tuned,"1,2,9"
12634,fine-tuned,"8,2,1"
12635,fine-tuned,"9,6,2"
12636,fine-tuned,"6,9,6"
12637,fine-tuned,"4,6,9"
12638,fine-tuned,"9,1,2"
12639,fine-tuned,"1,6,6"
12640,fine-tuned,"8,1,7"
12641,fine-tuned,"4,7,9"
12642,fine-tuned,"1,6,6"
12643,fine-tuned,"3,8,5"
12644,fine-tuned,"1,7,9"
12645,fine-tuned,"6,6,6"
12646,fine-tuned,"3,1,6"
12647,fine-tuned,"4,5,9"
12648,fine-tuned,"7,3,6"
12649,fine-tuned,"1,4,5"
12650,fine-tuned,"3,7,7"
12651,fine-tuned,"5,3,8"
12652,fine-tuned,"1,9,4"
12653,fine-tuned,"3,8,1"
12654,fine-tuned,"4,3,2"
12655,fine-tuned,"1,9,1"
12656,fine-tuned,"6,8,8"
12657,fine-tuned,"3,6,1"
12658,fine-tuned,"7,8,6"
12659,fine-tuned,"4,1,9"
12660,fine-tuned,"7,1,7"
12661,fine-tuned,"5,9,1"
12662,fine-tuned,"7,8,2"
12663,fine-tuned,"2,9,9"
12664,fine-tuned,"5,3,7"
12665,fine-tuned,"3,3,7"
12666,fine-tuned,"4,7,4"
12667,fine-tuned,"4,7,9"
12668,fine-tuned,"5,5,1"
12669,fine-tuned,"4,5,8"
12670,fine-tuned,"4,9,4"
12671,fine-tuned,"6,5,8"
12672,fine-tuned,"2,2,6"
12673,fine-tuned,"1,2,6"
12674,fine-tuned,"9,1,6"
12675,fine-tuned,"7,3,6"
12676,fine-tuned,"2,6,4"
12677,fine-tuned,"5,5,1"
12678,fine-tuned,"6,9,2"
12679,fine-tuned,"4,3,5"
12680,fine-tuned,"9,7,9"
12681,fine-tuned,"8,7,1"
12682,fine-tuned,"9,4,1"
12683,fine-tuned,"5,1,8"
12684,fine-tuned,"7,2,5"
12685,fine-tuned,"5,2,3"
12686,fine-tuned,"3,4,7"
12687,fine-tuned,"8,7,3"
12688,fine-tuned,"1,6,9"
12689,fine-tuned,"1,4,6"
12690,fine-tuned,"1,3,2"
12691,fine-tuned,"6,4,2"
12692,fine-tuned,"1,8,8"
12693,fine-tuned,"1,4,3"
12694,fine-tuned,"5,5,4"
12695,fine-tuned,"4,3,1"
12696,fine-tuned,"3,9,1"
12697,fine-tuned,"9,9,4"
12698,fine-tuned,"6,6,2"
12699,fine-tuned,"9,7,7"
12700,fine-tuned,"8,9,9"
12701,fine-tuned,"5,7,4"
12702,fine-tuned,"7,4,6"
12703,fine-tuned,"1,9,3"
12704,fine-tuned,"9,5,9"
12705,fine-tuned,"2,2,9"
12706,fine-tuned,"3,7,9"
12707,fine-tuned,"2,3,6"
12708,fine-tuned,"8,8,1"
12709,fine-tuned,"3,7,3"
12710,fine-tuned,"8,9,3"
12711,fine-tuned,"7,3,1"
12712,fine-tuned,"7,1,3"
12713,fine-tuned,"9,6,2"
12714,fine-tuned,"8,8,6"
12715,fine-tuned,"4,2,6"
12716,fine-tuned,"6,9,1"
12717,fine-tuned,"3,2,3"
12718,fine-tuned,"3,8,1"
12719,fine-tuned,"6,2,1"
12720,fine-tuned,"4,5,1"
12721,fine-tuned,"7,6,1"
12722,fine-tuned,"3,7,4"
12723,fine-tuned,"5,8,1"
12724,fine-tuned,"3,9,6"
12725,fine-tuned,"5,5,9"
12726,fine-tuned,"8,2,4"
12727,fine-tuned,"7,6,3"
12728,fine-tuned,"8,6,1"
12729,fine-tuned,"3,8,1"
12730,fine-tuned,"6,3,4"
12731,fine-tuned,"9,9,6"
12732,fine-tuned,"3,4,5"
12733,fine-tuned,"5,4,8"
12734,fine-tuned,"3,9,3"
12735,fine-tuned,"2,3,8"
12736,fine-tuned,"6,5,5"
12737,fine-tuned,"8,8,1"
12738,fine-tuned,"9,1,2"
12739,fine-tuned,"9,2,6"
12740,fine-tuned,"2,3,6"
12741,fine-tuned,"2,3,5"
12742,fine-tuned,"7,5,6"
12743,fine-tuned,"5,7,1"
12744,fine-tuned,"3,8,6"
12745,fine-tuned,"1,1,3"
12746,fine-tuned,"6,9,6"
12747,fine-tuned,"9,1,9"
12748,fine-tuned,"8,6,2"
12749,fine-tuned,"9,4,2"
12750,fine-tuned,"8,3,7"
12751,fine-tuned,"8,5,2"
12752,fine-tuned,"8,1,1"
12753,fine-tuned,"2,7,7"
12754,fine-tuned,"6,4,3"
12755,fine-tuned,"5,9,1"
12756,fine-tuned,"7,6,6"
12757,fine-tuned,"1,1,2"
12758,fine-tuned,"8,2,2"
12759,fine-tuned,"1,6,3"
12760,fine-tuned,"2,5,9"
12761,fine-tuned,"8,3,5"
12762,fine-tuned,"3,7,7"
12763,fine-tuned,"1,5,9"
12764,fine-tuned,"1,7,3"
12765,fine-tuned,"5,6,8"
12766,fine-tuned,"2,8,7"
12767,fine-tuned,"5,9,8"
12768,fine-tuned,"1,6,6"
12769,fine-tuned,"8,6,5"
12770,fine-tuned,"4,3,6"
12771,fine-tuned,"8,4,8"
12772,fine-tuned,"8,3,8"
12773,fine-tuned,"9,8,8"
12774,fine-tuned,"1,1,4"
12775,fine-tuned,"6,4,1"
12776,fine-tuned,"6,2,3"
12777,fine-tuned,"9,1,7"
12778,fine-tuned,"9,2,5"
12779,fine-tuned,"3,9,3"
12780,fine-tuned,"6,3,7"
12781,fine-tuned,"5,2,3"
12782,fine-tuned,"5,1,5"
12783,fine-tuned,"2,5,3"
12784,fine-tuned,"4,6,3"
12785,fine-tuned,"1,9,1"
12786,fine-tuned,"8,6,5"
12787,fine-tuned,"7,7,6"
12788,fine-tuned,"1,2,6"
12789,fine-tuned,"6,8,7"
12790,fine-tuned,"2,4,9"
12791,fine-tuned,"4,6,5"
12792,fine-tuned,"6,9,5"
12793,fine-tuned,"5,5,8"
12794,fine-tuned,"1,2,5"
12795,fine-tuned,"8,7,7"
12796,fine-tuned,"8,2,1"
12797,fine-tuned,"8,4,2"
12798,fine-tuned,"4,5,7"
12799,fine-tuned,"4,6,1"
12800,fine-tuned,"6,3,1"
12801,fine-tuned,"5,8,8"
12802,fine-tuned,"6,7,5"
12803,fine-tuned,"2,3,3"
12804,fine-tuned,"6,4,9"
12805,fine-tuned,"6,1,9"
12806,fine-tuned,"8,4,9"
12807,fine-tuned,"6,3,7"
12808,fine-tuned,"3,5,1"
12809,fine-tuned,"9,5,6"
12810,fine-tuned,"6,4,9"
12811,fine-tuned,"3,3,4"
12812,fine-tuned,"3,8,8"
12813,fine-tuned,"5,4,8"
12814,fine-tuned,"4,8,9"
12815,fine-tuned,"7,8,9"
12816,fine-tuned,"5,2,9"
12817,fine-tuned,"8,7,6"
12818,fine-tuned,"9,2,9"
12819,fine-tuned,"8,3,3"
12820,fine-tuned,"9,6,8"
12821,fine-tuned,"5,9,6"
12822,fine-tuned,"2,3,6"
12823,fine-tuned,"3,1,4"
12824,fine-tuned,"8,7,7"
12825,fine-tuned,"9,5,1"
12826,fine-tuned,"3,4,3"
12827,fine-tuned,"7,8,6"
12828,fine-tuned,"6,9,6"
12829,fine-tuned,"5,7,5"
12830,fine-tuned,"7,8,8"
12831,fine-tuned,"2,4,5"
12832,fine-tuned,"7,4,2"
12833,fine-tuned,"8,4,4"
12834,fine-tuned,"5,4,2"
12835,fine-tuned,"8,2,6"
12836,fine-tuned,"8,8,8"
12837,fine-tuned,"9,3,4"
12838,fine-tuned,"7,2,7"
12839,fine-tuned,"6,3,8"
12840,fine-tuned,"9,2,1"
12841,fine-tuned,"6,7,8"
12842,fine-tuned,"7,9,9"
12843,fine-tuned,"9,1,9"
12844,fine-tuned,"9,6,6"
12845,fine-tuned,"9,4,9"
12846,fine-tuned,"1,1,4"
12847,fine-tuned,"9,2,5"
12848,fine-tuned,"7,4,7"
12849,fine-tuned,"3,3,6"
12850,fine-tuned,"7,2,8"
12851,fine-tuned,"7,8,8"
12852,fine-tuned,"1,6,1"
12853,fine-tuned,"1,2,1"
12854,fine-tuned,"9,5,3"
12855,fine-tuned,"2,4,6"
12856,fine-tuned,"5,9,9"
12857,fine-tuned,"9,7,6"
12858,fine-tuned,"8,2,6"
12859,fine-tuned,"1,7,2"
12860,fine-tuned,"7,3,2"
12861,fine-tuned,"3,7,3"
12862,fine-tuned,"6,8,6"
12863,fine-tuned,"2,8,2"
12864,fine-tuned,"9,4,6"
12865,fine-tuned,"6,5,2"
12866,fine-tuned,"6,4,1"
12867,fine-tuned,"6,5,3"
12868,fine-tuned,"7,1,9"
12869,fine-tuned,"6,5,9"
12870,fine-tuned,"1,6,5"
12871,fine-tuned,"7,8,9"
12872,fine-tuned,"5,9,7"
12873,fine-tuned,"1,9,7"
12874,fine-tuned,"3,3,9"
12875,fine-tuned,"2,4,9"
12876,fine-tuned,"5,3,7"
12877,fine-tuned,"3,9,2"
12878,fine-tuned,"8,6,9"
12879,fine-tuned,"9,5,9"
12880,fine-tuned,"8,9,7"
12881,fine-tuned,"5,6,1"
12882,fine-tuned,"1,6,9"
12883,fine-tuned,"9,8,3"
12884,fine-tuned,"6,2,3"
12885,fine-tuned,"8,7,9"
12886,fine-tuned,"7,6,9"
12887,fine-tuned,"9,1,3"
12888,fine-tuned,"2,8,1"
12889,fine-tuned,"6,9,7"
12890,fine-tuned,"1,7,4"
12891,fine-tuned,"5,8,8"
12892,fine-tuned,"2,8,4"
12893,fine-tuned,"1,3,9"
12894,fine-tuned,"9,2,1"
12895,fine-tuned,"1,6,4"
12896,fine-tuned,"3,2,2"
12897,fine-tuned,"6,2,7"
12898,fine-tuned,"9,4,4"
12899,fine-tuned,"5,8,5"
12900,fine-tuned,"6,6,8"
12901,fine-tuned,"3,7,3"
12902,fine-tuned,"1,1,9"
12903,fine-tuned,"9,2,9"
12904,fine-tuned,"1,7,9"
12905,fine-tuned,"2,2,3"
12906,fine-tuned,"3,1,1"
12907,fine-tuned,"5,6,7"
12908,fine-tuned,"6,7,6"
12909,fine-tuned,"8,1,4"
12910,fine-tuned,"1,5,8"
12911,fine-tuned,"7,8,6"
12912,fine-tuned,"4,5,8"
12913,fine-tuned,"7,7,2"
12914,fine-tuned,"1,8,6"
12915,fine-tuned,"5,1,1"
12916,fine-tuned,"6,6,8"
12917,fine-tuned,"1,2,4"
12918,fine-tuned,"8,1,3"
12919,fine-tuned,"9,9,2"
12920,fine-tuned,"3,9,9"
12921,fine-tuned,"6,9,2"
12922,fine-tuned,"4,8,8"
12923,fine-tuned,"9,7,6"
12924,fine-tuned,"4,6,5"
12925,fine-tuned,"9,9,9"
12926,fine-tuned,"7,9,2"
12927,fine-tuned,"4,3,7"
12928,fine-tuned,"7,4,7"
12929,fine-tuned,"8,3,5"
12930,fine-tuned,"1,8,5"
12931,fine-tuned,"3,6,3"
12932,fine-tuned,"1,3,5"
12933,fine-tuned,"1,1,9"
12934,fine-tuned,"6,6,2"
12935,fine-tuned,"7,7,5"
12936,fine-tuned,"4,4,9"
12937,fine-tuned,"3,9,3"
12938,fine-tuned,"3,8,1"
12939,fine-tuned,"1,1,4"
12940,fine-tuned,"7,8,8"
12941,fine-tuned,"4,7,3"
12942,fine-tuned,"6,8,6"
12943,fine-tuned,"8,1,8"
12944,fine-tuned,"2,2,6"
12945,fine-tuned,"5,4,7"
12946,fine-tuned,"3,5,1"
12947,fine-tuned,"5,7,7"
12948,fine-tuned,"2,3,2"
12949,fine-tuned,"4,8,9"
12950,fine-tuned,"5,6,5"
12951,fine-tuned,"7,1,4"
12952,fine-tuned,"6,8,5"
12953,fine-tuned,"8,7,6"
12954,fine-tuned,"3,4,4"
12955,fine-tuned,"7,5,7"
12956,fine-tuned,"9,3,6"
12957,fine-tuned,"6,3,9"
12958,fine-tuned,"4,1,2"
12959,fine-tuned,"1,6,3"
12960,fine-tuned,"3,7,6"
12961,fine-tuned,"6,4,4"
12962,fine-tuned,"6,7,5"
12963,fine-tuned,"8,4,1"
12964,fine-tuned,"2,3,7"
12965,fine-tuned,"8,7,4"
12966,fine-tuned,"8,8,2"
12967,fine-tuned,"6,7,1"
12968,fine-tuned,"4,9,5"
12969,fine-tuned,"8,7,9"
12970,fine-tuned,"3,8,3"
12971,fine-tuned,"1,4,1"
12972,fine-tuned,"8,9,7"
12973,fine-tuned,"1,5,3"
12974,fine-tuned,"3,8,9"
12975,fine-tuned,"9,3,5"
12976,fine-tuned,"7,1,4"
12977,fine-tuned,"7,5,9"
12978,fine-tuned,"9,5,6"
12979,fine-tuned,"9,3,4"
12980,fine-tuned,"5,9,9"
12981,fine-tuned,"3,7,9"
12982,fine-tuned,"8,8,7"
12983,fine-tuned,"2,3,7"
12984,fine-tuned,"8,4,8"
12985,fine-tuned,"2,9,3"
12986,fine-tuned,"6,4,7"
12987,fine-tuned,"2,3,5"
12988,fine-tuned,"9,6,4"
12989,fine-tuned,"9,6,6"
12990,fine-tuned,"9,4,6"
12991,fine-tuned,"5,8,5"
12992,fine-tuned,"3,6,9"
12993,fine-tuned,"4,7,5"
12994,fine-tuned,"2,1,8"
12995,fine-tuned,"1,2,2"
12996,fine-tuned,"9,4,4"
12997,fine-tuned,"1,3,4"
12998,fine-tuned,"4,1,9"
12999,fine-tuned,"5,3,3"
13000,fine-tuned,"4,4,5"
13001,fine-tuned,"8,1,7"
13002,fine-tuned,"5,1,8"
13003,fine-tuned,"7,6,2"
13004,fine-tuned,"3,4,6"
13005,fine-tuned,"9,2,9"
13006,fine-tuned,"4,2,4"
13007,fine-tuned,"4,7,7"
13008,fine-tuned,"7,5,6"
13009,fine-tuned,"7,7,1"
13010,fine-tuned,"8,4,2"
13011,fine-tuned,"7,8,6"
13012,fine-tuned,"7,5,1"
13013,fine-tuned,"5,1,8"
13014,fine-tuned,"6,5,5"
13015,fine-tuned,"1,1,9"
13016,fine-tuned,"1,4,1"
13017,fine-tuned,"1,1,1"
13018,fine-tuned,"9,2,2"
13019,fine-tuned,"9,8,7"
13020,fine-tuned,"1,5,3"
13021,fine-tuned,"5,8,5"
13022,fine-tuned,"3,1,5"
13023,fine-tuned,"6,1,3"
13024,fine-tuned,"1,4,5"
13025,fine-tuned,"8,2,1"
13026,fine-tuned,"8,8,5"
13027,fine-tuned,"7,3,5"
13028,fine-tuned,"3,1,9"
13029,fine-tuned,"5,9,6"
13030,fine-tuned,"6,1,4"
13031,fine-tuned,"9,8,3"
13032,fine-tuned,"7,1,9"
13033,fine-tuned,"3,2,9"
13034,fine-tuned,"9,5,1"
13035,fine-tuned,"9,6,4"
13036,fine-tuned,"7,7,4"
13037,fine-tuned,"7,4,3"
13038,fine-tuned,"1,2,4"
13039,fine-tuned,"6,3,2"
13040,fine-tuned,"8,8,6"
13041,fine-tuned,"5,3,6"
13042,fine-tuned,"5,8,7"
13043,fine-tuned,"8,9,2"
13044,fine-tuned,"2,1,3"
13045,fine-tuned,"1,7,4"
13046,fine-tuned,"1,4,6"
13047,fine-tuned,"9,5,7"
13048,fine-tuned,"8,5,4"
13049,fine-tuned,"7,7,1"
13050,fine-tuned,"8,6,2"
13051,fine-tuned,"9,9,9"
13052,fine-tuned,"9,9,4"
13053,fine-tuned,"5,6,2"
13054,fine-tuned,"8,2,1"
13055,fine-tuned,"8,2,4"
13056,fine-tuned,"2,5,9"
13057,fine-tuned,"1,9,8"
13058,fine-tuned,"5,3,4"
13059,fine-tuned,"9,8,9"
13060,fine-tuned,"5,4,6"
13061,fine-tuned,"8,2,1"
13062,fine-tuned,"4,3,3"
13063,fine-tuned,"7,6,4"
13064,fine-tuned,"8,6,4"
13065,fine-tuned,"1,9,4"
13066,fine-tuned,"7,9,9"
13067,fine-tuned,"4,6,8"
13068,fine-tuned,"3,7,7"
13069,fine-tuned,"7,8,3"
13070,fine-tuned,"2,3,6"
13071,fine-tuned,"2,8,1"
13072,fine-tuned,"8,7,6"
13073,fine-tuned,"3,8,6"
13074,fine-tuned,"9,7,3"
13075,fine-tuned,"8,2,2"
13076,fine-tuned,"7,9,3"
13077,fine-tuned,"2,4,8"
13078,fine-tuned,"3,1,7"
13079,fine-tuned,"1,2,2"
13080,fine-tuned,"5,8,8"
13081,fine-tuned,"2,9,3"
13082,fine-tuned,"4,3,5"
13083,fine-tuned,"4,9,7"
13084,fine-tuned,"7,4,4"
13085,fine-tuned,"1,1,4"
13086,fine-tuned,"7,4,6"
13087,fine-tuned,"5,1,9"
13088,fine-tuned,"2,9,7"
13089,fine-tuned,"1,8,7"
13090,fine-tuned,"8,1,2"
13091,fine-tuned,"4,7,4"
13092,fine-tuned,"4,3,7"
13093,fine-tuned,"3,8,9"
13094,fine-tuned,"7,3,5"
13095,fine-tuned,"4,3,1"
13096,fine-tuned,"1,1,1"
13097,fine-tuned,"3,7,1"
13098,fine-tuned,"9,6,7"
13099,fine-tuned,"5,9,1"
13100,fine-tuned,"2,8,8"
13101,fine-tuned,"8,4,9"
13102,fine-tuned,"3,9,4"
13103,fine-tuned,"2,4,3"
13104,fine-tuned,"3,8,4"
13105,fine-tuned,"2,8,5"
13106,fine-tuned,"4,3,6"
13107,fine-tuned,"1,3,7"
13108,fine-tuned,"2,9,2"
13109,fine-tuned,"9,4,4"
13110,fine-tuned,"5,3,9"
13111,fine-tuned,"6,7,4"
13112,fine-tuned,"2,6,4"
13113,fine-tuned,"8,3,4"
13114,fine-tuned,"8,2,5"
13115,fine-tuned,"1,9,4"
13116,fine-tuned,"6,9,1"
13117,fine-tuned,"1,8,5"
13118,fine-tuned,"5,3,7"
13119,fine-tuned,"8,4,3"
13120,fine-tuned,"8,5,7"
13121,fine-tuned,"4,2,6"
13122,fine-tuned,"9,2,4"
13123,fine-tuned,"9,1,1"
13124,fine-tuned,"5,7,4"
13125,fine-tuned,"9,9,6"
13126,fine-tuned,"4,7,5"
13127,fine-tuned,"9,7,1"
13128,fine-tuned,"7,4,2"
13129,fine-tuned,"6,9,8"
13130,fine-tuned,"2,6,5"
13131,fine-tuned,"4,8,5"
13132,fine-tuned,"1,6,9"
13133,fine-tuned,"4,9,3"
13134,fine-tuned,"3,9,7"
13135,fine-tuned,"6,3,9"
13136,fine-tuned,"2,1,3"
13137,fine-tuned,"3,6,3"
13138,fine-tuned,"4,5,3"
13139,fine-tuned,"6,8,8"
13140,fine-tuned,"3,1,1"
13141,fine-tuned,"5,9,4"
13142,fine-tuned,"4,4,8"
13143,fine-tuned,"9,6,2"
13144,fine-tuned,"6,5,3"
13145,fine-tuned,"4,1,4"
13146,fine-tuned,"2,3,4"
13147,fine-tuned,"8,9,8"
13148,fine-tuned,"1,1,5"
13149,fine-tuned,"5,2,2"
13150,fine-tuned,"5,2,4"
13151,fine-tuned,"1,8,7"
13152,fine-tuned,"5,6,5"
13153,fine-tuned,"5,8,5"
13154,fine-tuned,"1,4,8"
13155,fine-tuned,"3,1,3"
13156,fine-tuned,"7,7,6"
13157,fine-tuned,"4,1,8"
13158,fine-tuned,"8,6,8"
13159,fine-tuned,"2,3,1"
13160,fine-tuned,"8,7,9"
13161,fine-tuned,"2,5,3"
13162,fine-tuned,"6,3,9"
13163,fine-tuned,"5,4,4"
13164,fine-tuned,"6,4,5"
13165,fine-tuned,"2,5,2"
13166,fine-tuned,"9,7,9"
13167,fine-tuned,"3,4,9"
13168,fine-tuned,"6,5,8"
13169,fine-tuned,"8,2,9"
13170,fine-tuned,"3,1,9"
13171,fine-tuned,"5,3,8"
13172,fine-tuned,"6,5,4"
13173,fine-tuned,"8,8,8"
13174,fine-tuned,"6,7,7"
13175,fine-tuned,"7,7,5"
13176,fine-tuned,"5,7,3"
13177,fine-tuned,"1,2,2"
13178,fine-tuned,"6,1,9"
13179,fine-tuned,"8,4,6"
13180,fine-tuned,"7,4,3"
13181,fine-tuned,"1,3,7"
13182,fine-tuned,"9,4,1"
13183,fine-tuned,"9,7,1"
13184,fine-tuned,"1,1,2"
13185,fine-tuned,"9,3,6"
13186,fine-tuned,"1,3,6"
13187,fine-tuned,"7,9,7"
13188,fine-tuned,"5,5,7"
13189,fine-tuned,"2,1,3"
13190,fine-tuned,"7,9,1"
13191,fine-tuned,"8,3,4"
13192,fine-tuned,"8,4,9"
13193,fine-tuned,"9,6,3"
13194,fine-tuned,"8,1,3"
13195,fine-tuned,"3,8,8"
13196,fine-tuned,"4,6,3"
13197,fine-tuned,"6,2,9"
13198,fine-tuned,"9,9,2"
13199,fine-tuned,"5,6,1"
13200,fine-tuned,"1,2,1"
13201,fine-tuned,"9,2,7"
13202,fine-tuned,"6,7,1"
13203,fine-tuned,"6,7,6"
13204,fine-tuned,"4,5,9"
13205,fine-tuned,"7,8,4"
13206,fine-tuned,"1,7,9"
13207,fine-tuned,"5,4,1"
13208,fine-tuned,"1,7,5"
13209,fine-tuned,"8,7,6"
13210,fine-tuned,"5,3,1"
13211,fine-tuned,"8,5,3"
13212,fine-tuned,"5,8,4"
13213,fine-tuned,"1,3,7"
13214,fine-tuned,"4,4,2"
13215,fine-tuned,"3,6,4"
13216,fine-tuned,"9,9,7"
13217,fine-tuned,"3,4,6"
13218,fine-tuned,"5,5,2"
13219,fine-tuned,"6,4,1"
13220,fine-tuned,"1,8,8"
13221,fine-tuned,"8,9,8"
13222,fine-tuned,"7,5,1"
13223,fine-tuned,"7,4,3"
13224,fine-tuned,"8,6,8"
13225,fine-tuned,"3,9,3"
13226,fine-tuned,"4,8,3"
13227,fine-tuned,"6,1,8"
13228,fine-tuned,"2,2,5"
13229,fine-tuned,"3,2,3"
13230,fine-tuned,"9,3,9"
13231,fine-tuned,"1,8,6"
13232,fine-tuned,"9,1,1"
13233,fine-tuned,"4,8,8"
13234,fine-tuned,"7,4,1"
13235,fine-tuned,"3,7,3"
13236,fine-tuned,"3,6,9"
13237,fine-tuned,"7,7,9"
13238,fine-tuned,"7,7,1"
13239,fine-tuned,"7,6,8"
13240,fine-tuned,"9,7,4"
13241,fine-tuned,"7,4,1"
13242,fine-tuned,"1,7,6"
13243,fine-tuned,"2,5,5"
13244,fine-tuned,"3,3,2"
13245,fine-tuned,"5,6,9"
13246,fine-tuned,"5,7,8"
13247,fine-tuned,"8,8,2"
13248,fine-tuned,"8,9,5"
13249,fine-tuned,"5,8,3"
13250,fine-tuned,"9,2,2"
13251,fine-tuned,"5,6,9"
13252,fine-tuned,"6,9,3"
13253,fine-tuned,"8,4,6"
13254,fine-tuned,"6,5,9"
13255,fine-tuned,"8,1,2"
13256,fine-tuned,"9,2,9"
13257,fine-tuned,"5,9,7"
13258,fine-tuned,"4,8,7"
13259,fine-tuned,"6,7,8"
13260,fine-tuned,"9,7,7"
13261,fine-tuned,"8,2,4"
13262,fine-tuned,"6,9,6"
13263,fine-tuned,"3,3,7"
13264,fine-tuned,"3,8,6"
13265,fine-tuned,"3,9,4"
13266,fine-tuned,"3,9,8"
13267,fine-tuned,"3,9,8"
13268,fine-tuned,"4,6,9"
13269,fine-tuned,"5,8,9"
13270,fine-tuned,"1,7,6"
13271,fine-tuned,"4,9,5"
13272,fine-tuned,"3,9,7"
13273,fine-tuned,"5,9,6"
13274,fine-tuned,"2,8,4"
13275,fine-tuned,"4,5,5"
13276,fine-tuned,"4,4,8"
13277,fine-tuned,"5,8,7"
13278,fine-tuned,"9,6,5"
13279,fine-tuned,"1,1,9"
13280,fine-tuned,"7,4,6"
13281,fine-tuned,"3,6,4"
13282,fine-tuned,"6,4,2"
13283,fine-tuned,"3,9,9"
13284,fine-tuned,"8,9,6"
13285,fine-tuned,"4,4,8"
13286,fine-tuned,"3,6,5"
13287,fine-tuned,"3,7,8"
13288,fine-tuned,"6,1,4"
13289,fine-tuned,"1,4,8"
13290,fine-tuned,"1,6,3"
13291,fine-tuned,"8,1,5"
13292,fine-tuned,"8,8,5"
13293,fine-tuned,"5,4,9"
13294,fine-tuned,"9,2,1"
13295,fine-tuned,"4,1,1"
13296,fine-tuned,"4,5,2"
13297,fine-tuned,"9,1,4"
13298,fine-tuned,"7,9,7"
13299,fine-tuned,"2,1,9"
13300,fine-tuned,"1,2,5"
13301,fine-tuned,"6,7,8"
13302,fine-tuned,"4,2,4"
13303,fine-tuned,"1,5,1"
13304,fine-tuned,"2,7,3"
13305,fine-tuned,"9,2,5"
13306,fine-tuned,"9,5,6"
13307,fine-tuned,"8,9,3"
13308,fine-tuned,"7,8,8"
13309,fine-tuned,"8,3,2"
13310,fine-tuned,"4,1,3"
13311,fine-tuned,"4,1,6"
13312,fine-tuned,"7,6,5"
13313,fine-tuned,"5,1,8"
13314,fine-tuned,"6,2,1"
13315,fine-tuned,"2,5,7"
13316,fine-tuned,"9,9,3"
13317,fine-tuned,"4,2,6"
13318,fine-tuned,"1,4,4"
13319,fine-tuned,"9,8,1"
13320,fine-tuned,"1,4,6"
13321,fine-tuned,"1,1,1"
13322,fine-tuned,"5,4,7"
13323,fine-tuned,"3,4,4"
13324,fine-tuned,"9,3,3"
13325,fine-tuned,"1,7,5"
13326,fine-tuned,"2,7,9"
13327,fine-tuned,"4,7,8"
13328,fine-tuned,"6,8,7"
13329,fine-tuned,"3,6,1"
13330,fine-tuned,"8,2,7"
13331,fine-tuned,"5,8,5"
13332,fine-tuned,"5,9,5"
13333,fine-tuned,"3,5,5"
13334,fine-tuned,"8,7,9"
13335,fine-tuned,"5,2,7"
13336,fine-tuned,"6,9,7"
13337,fine-tuned,"1,8,8"
13338,fine-tuned,"9,8,2"
13339,fine-tuned,"3,2,1"
13340,fine-tuned,"4,2,7"
13341,fine-tuned,"4,2,2"
13342,fine-tuned,"8,5,2"
13343,fine-tuned,"9,2,4"
13344,fine-tuned,"9,5,6"
13345,fine-tuned,"3,2,3"
13346,fine-tuned,"5,4,1"
13347,fine-tuned,"5,9,4"
13348,fine-tuned,"1,4,7"
13349,fine-tuned,"4,1,1"
13350,fine-tuned,"8,4,2"
13351,fine-tuned,"6,1,8"
13352,fine-tuned,"8,3,9"
13353,fine-tuned,"7,3,3"
13354,fine-tuned,"5,7,1"
13355,fine-tuned,"3,7,2"
13356,fine-tuned,"3,3,4"
13357,fine-tuned,"7,2,6"
13358,fine-tuned,"5,5,3"
13359,fine-tuned,"5,3,6"
13360,fine-tuned,"4,1,5"
13361,fine-tuned,"3,6,5"
13362,fine-tuned,"8,2,8"
13363,fine-tuned,"5,4,9"
13364,fine-tuned,"9,9,8"
13365,fine-tuned,"9,1,6"
13366,fine-tuned,"9,2,6"
13367,fine-tuned,"8,6,2"
13368,fine-tuned,"6,8,7"
13369,fine-tuned,"5,2,9"
13370,fine-tuned,"7,6,5"
13371,fine-tuned,"5,5,2"
13372,fine-tuned,"1,6,4"
13373,fine-tuned,"1,8,3"
13374,fine-tuned,"1,6,3"
13375,fine-tuned,"1,1,8"
13376,fine-tuned,"7,1,1"
13377,fine-tuned,"9,7,1"
13378,fine-tuned,"8,5,3"
13379,fine-tuned,"8,9,9"
13380,fine-tuned,"9,6,5"
13381,fine-tuned,"4,6,7"
13382,fine-tuned,"6,1,8"
13383,fine-tuned,"2,1,6"
13384,fine-tuned,"3,8,7"
13385,fine-tuned,"1,5,6"
13386,fine-tuned,"1,9,7"
13387,fine-tuned,"5,4,2"
13388,fine-tuned,"9,8,4"
13389,fine-tuned,"8,4,3"
13390,fine-tuned,"6,9,9"
13391,fine-tuned,"6,1,4"
13392,fine-tuned,"6,8,4"
13393,fine-tuned,"1,8,5"
13394,fine-tuned,"1,2,5"
13395,fine-tuned,"5,3,3"
13396,fine-tuned,"4,8,9"
13397,fine-tuned,"6,9,9"
13398,fine-tuned,"1,8,7"
13399,fine-tuned,"7,4,9"
13400,fine-tuned,"9,4,4"
13401,fine-tuned,"5,3,6"
13402,fine-tuned,"7,3,5"
13403,fine-tuned,"5,3,2"
13404,fine-tuned,"1,2,2"
13405,fine-tuned,"8,2,9"
13406,fine-tuned,"6,3,7"
13407,fine-tuned,"4,9,7"
13408,fine-tuned,"9,2,6"
13409,fine-tuned,"6,6,2"
13410,fine-tuned,"5,9,6"
13411,fine-tuned,"4,3,2"
13412,fine-tuned,"1,8,3"
13413,fine-tuned,"5,4,4"
13414,fine-tuned,"7,6,2"
13415,fine-tuned,"1,5,1"
13416,fine-tuned,"1,2,2"
13417,fine-tuned,"8,4,6"
13418,fine-tuned,"6,5,9"
13419,fine-tuned,"6,5,1"
13420,fine-tuned,"8,5,6"
13421,fine-tuned,"8,3,4"
13422,fine-tuned,"1,3,3"
13423,fine-tuned,"7,3,3"
13424,fine-tuned,"8,8,9"
13425,fine-tuned,"1,1,4"
13426,fine-tuned,"2,6,1"
13427,fine-tuned,"6,6,5"
13428,fine-tuned,"3,7,5"
13429,fine-tuned,"8,5,1"
13430,fine-tuned,"8,4,4"
13431,fine-tuned,"6,8,6"
13432,fine-tuned,"8,7,5"
13433,fine-tuned,"9,4,6"
13434,fine-tuned,"6,3,5"
13435,fine-tuned,"6,5,8"
13436,fine-tuned,"6,7,9"
13437,fine-tuned,"1,9,4"
13438,fine-tuned,"1,3,2"
13439,fine-tuned,"4,2,7"
13440,fine-tuned,"9,3,7"
13441,fine-tuned,"9,4,5"
13442,fine-tuned,"7,8,1"
13443,fine-tuned,"8,5,2"
13444,fine-tuned,"8,9,2"
13445,fine-tuned,"7,9,5"
13446,fine-tuned,"9,4,1"
13447,fine-tuned,"7,8,7"
13448,fine-tuned,"6,7,5"
13449,fine-tuned,"6,2,7"
13450,fine-tuned,"2,5,3"
13451,fine-tuned,"4,9,4"
13452,fine-tuned,"3,3,8"
13453,fine-tuned,"1,7,8"
13454,fine-tuned,"4,4,7"
13455,fine-tuned,"8,5,4"
13456,fine-tuned,"4,3,1"
13457,fine-tuned,"3,5,6"
13458,fine-tuned,"3,8,9"
13459,fine-tuned,"9,2,7"
13460,fine-tuned,"6,8,5"
13461,fine-tuned,"9,1,3"
13462,fine-tuned,"9,1,9"
13463,fine-tuned,"9,1,7"
13464,fine-tuned,"9,4,4"
13465,fine-tuned,"4,9,8"
13466,fine-tuned,"5,5,9"
13467,fine-tuned,"8,9,6"
13468,fine-tuned,"4,9,1"
13469,fine-tuned,"2,6,3"
13470,fine-tuned,"2,2,1"
13471,fine-tuned,"7,9,1"
13472,fine-tuned,"6,7,3"
13473,fine-tuned,"6,8,2"
13474,fine-tuned,"4,5,6"
13475,fine-tuned,"1,3,2"
13476,fine-tuned,"4,9,8"
13477,fine-tuned,"9,8,6"
13478,fine-tuned,"3,7,6"
13479,fine-tuned,"7,6,4"
13480,fine-tuned,"3,2,7"
13481,fine-tuned,"1,1,3"
13482,fine-tuned,"1,1,2"
13483,fine-tuned,"6,8,1"
13484,fine-tuned,"7,1,8"
13485,fine-tuned,"6,4,1"
13486,fine-tuned,"6,3,4"
13487,fine-tuned,"8,4,5"
13488,fine-tuned,"5,1,5"
13489,fine-tuned,"6,3,8"
13490,fine-tuned,"9,2,6"
13491,fine-tuned,"4,3,6"
13492,fine-tuned,"7,4,1"
13493,fine-tuned,"2,8,8"
13494,fine-tuned,"3,8,8"
13495,fine-tuned,"7,8,7"
13496,fine-tuned,"4,4,8"
13497,fine-tuned,"8,4,1"
13498,fine-tuned,"7,4,4"
13499,fine-tuned,"9,9,5"
13500,fine-tuned,"4,5,4"
13501,fine-tuned,"5,4,9"
13502,fine-tuned,"1,3,5"
13503,fine-tuned,"9,7,6"
13504,fine-tuned,"8,7,2"
13505,fine-tuned,"9,8,1"
13506,fine-tuned,"8,6,6"
13507,fine-tuned,"4,7,7"
13508,fine-tuned,"7,9,1"
13509,fine-tuned,"1,4,1"
13510,fine-tuned,"8,3,3"
13511,fine-tuned,"4,2,6"
13512,fine-tuned,"5,4,3"
13513,fine-tuned,"5,2,8"
13514,fine-tuned,"9,5,6"
13515,fine-tuned,"3,2,7"
13516,fine-tuned,"2,4,6"
13517,fine-tuned,"9,7,1"
13518,fine-tuned,"9,5,4"
13519,fine-tuned,"1,1,8"
13520,fine-tuned,"4,7,3"
13521,fine-tuned,"1,3,2"
13522,fine-tuned,"8,1,1"
13523,fine-tuned,"8,9,1"
13524,fine-tuned,"3,8,2"
13525,fine-tuned,"3,8,3"
13526,fine-tuned,"3,5,4"
13527,fine-tuned,"9,4,6"
13528,fine-tuned,"5,9,7"
13529,fine-tuned,"1,2,1"
13530,fine-tuned,"9,3,7"
13531,fine-tuned,"9,5,8"
13532,fine-tuned,"4,2,3"
13533,fine-tuned,"1,2,8"
13534,fine-tuned,"3,4,6"
13535,fine-tuned,"7,8,6"
13536,fine-tuned,"9,4,8"
13537,fine-tuned,"8,1,4"
13538,fine-tuned,"1,9,9"
13539,fine-tuned,"9,2,8"
13540,fine-tuned,"5,5,9"
13541,fine-tuned,"1,9,5"
13542,fine-tuned,"1,6,4"
13543,fine-tuned,"1,9,1"
13544,fine-tuned,"9,8,5"
13545,fine-tuned,"7,8,4"
13546,fine-tuned,"5,1,3"
13547,fine-tuned,"4,9,8"
13548,fine-tuned,"2,2,7"
13549,fine-tuned,"6,9,4"
13550,fine-tuned,"3,9,2"
13551,fine-tuned,"3,1,7"
13552,fine-tuned,"5,4,3"
13553,fine-tuned,"8,3,7"
13554,fine-tuned,"4,3,6"
13555,fine-tuned,"6,3,3"
13556,fine-tuned,"3,1,8"
13557,fine-tuned,"5,4,1"
13558,fine-tuned,"8,9,5"
13559,fine-tuned,"5,2,6"
13560,fine-tuned,"2,4,5"
13561,fine-tuned,"5,8,9"
13562,fine-tuned,"4,5,8"
13563,fine-tuned,"2,2,1"
13564,fine-tuned,"3,9,4"
13565,fine-tuned,"4,3,3"
13566,fine-tuned,"6,5,9"
13567,fine-tuned,"7,6,1"
13568,fine-tuned,"9,5,8"
13569,fine-tuned,"6,4,5"
13570,fine-tuned,"5,5,2"
13571,fine-tuned,"4,7,6"
13572,fine-tuned,"1,2,4"
13573,fine-tuned,"2,8,1"
13574,fine-tuned,"1,5,1"
13575,fine-tuned,"1,9,1"
13576,fine-tuned,"1,3,6"
13577,fine-tuned,"1,9,4"
13578,fine-tuned,"1,8,4"
13579,fine-tuned,"8,5,6"
13580,fine-tuned,"9,5,2"
13581,fine-tuned,"6,6,6"
13582,fine-tuned,"6,8,4"
13583,fine-tuned,"1,4,6"
13584,fine-tuned,"3,5,3"
13585,fine-tuned,"7,2,3"
13586,fine-tuned,"4,5,5"
13587,fine-tuned,"3,3,6"
13588,fine-tuned,"8,4,9"
13589,fine-tuned,"4,2,7"
13590,fine-tuned,"8,4,7"
13591,fine-tuned,"3,4,7"
13592,fine-tuned,"8,4,2"
13593,fine-tuned,"5,4,6"
13594,fine-tuned,"8,5,8"
13595,fine-tuned,"8,5,6"
13596,fine-tuned,"5,6,2"
13597,fine-tuned,"4,1,5"
13598,fine-tuned,"5,4,3"
13599,fine-tuned,"1,5,3"
13600,fine-tuned,"5,4,6"
13601,fine-tuned,"3,4,9"
13602,fine-tuned,"4,2,7"
13603,fine-tuned,"2,3,8"
13604,fine-tuned,"3,6,6"
13605,fine-tuned,"4,6,4"
13606,fine-tuned,"1,6,8"
13607,fine-tuned,"1,4,2"
13608,fine-tuned,"8,8,5"
13609,fine-tuned,"2,9,2"
13610,fine-tuned,"2,3,1"
13611,fine-tuned,"7,1,1"
13612,fine-tuned,"5,7,6"
13613,fine-tuned,"5,7,8"
13614,fine-tuned,"8,8,7"
13615,fine-tuned,"8,5,6"
13616,fine-tuned,"1,2,4"
13617,fine-tuned,"3,5,9"
13618,fine-tuned,"6,6,4"
13619,fine-tuned,"5,8,9"
13620,fine-tuned,"4,3,4"
13621,fine-tuned,"8,6,6"
13622,fine-tuned,"5,7,6"
13623,fine-tuned,"9,6,5"
13624,fine-tuned,"1,2,4"
13625,fine-tuned,"4,5,7"
13626,fine-tuned,"9,4,7"
13627,fine-tuned,"3,1,7"
13628,fine-tuned,"9,1,4"
13629,fine-tuned,"3,2,4"
13630,fine-tuned,"8,3,2"
13631,fine-tuned,"4,2,6"
13632,fine-tuned,"6,1,4"
13633,fine-tuned,"3,3,8"
13634,fine-tuned,"5,8,9"
13635,fine-tuned,"9,4,8"
13636,fine-tuned,"1,6,1"
13637,fine-tuned,"6,7,2"
13638,fine-tuned,"9,9,1"
13639,fine-tuned,"5,2,7"
13640,fine-tuned,"3,3,7"
13641,fine-tuned,"5,5,6"
13642,fine-tuned,"3,9,2"
13643,fine-tuned,"1,1,3"
13644,fine-tuned,"1,9,4"
13645,fine-tuned,"1,2,5"
13646,fine-tuned,"7,7,9"
13647,fine-tuned,"8,6,7"
13648,fine-tuned,"2,9,8"
13649,fine-tuned,"8,6,4"
13650,fine-tuned,"3,3,3"
13651,fine-tuned,"8,6,3"
13652,fine-tuned,"5,4,6"
13653,fine-tuned,"7,7,5"
13654,fine-tuned,"1,9,2"
13655,fine-tuned,"8,7,9"
13656,fine-tuned,"3,5,7"
13657,fine-tuned,"8,3,7"
13658,fine-tuned,"3,8,1"
13659,fine-tuned,"6,6,6"
13660,fine-tuned,"6,9,5"
13661,fine-tuned,"4,7,5"
13662,fine-tuned,"1,1,9"
13663,fine-tuned,"1,4,2"
13664,fine-tuned,"7,9,4"
13665,fine-tuned,"7,1,7"
13666,fine-tuned,"8,7,9"
13667,fine-tuned,"3,8,9"
13668,fine-tuned,"8,7,6"
13669,fine-tuned,"9,7,6"
13670,fine-tuned,"7,3,2"
13671,fine-tuned,"8,2,3"
13672,fine-tuned,"3,5,2"
13673,fine-tuned,"9,9,7"
13674,fine-tuned,"5,3,5"
13675,fine-tuned,"2,9,3"
13676,fine-tuned,"5,4,1"
13677,fine-tuned,"6,8,8"
13678,fine-tuned,"4,8,4"
13679,fine-tuned,"5,9,8"
13680,fine-tuned,"5,9,3"
13681,fine-tuned,"9,7,1"
13682,fine-tuned,"7,2,9"
13683,fine-tuned,"8,9,3"
13684,fine-tuned,"4,8,8"
13685,fine-tuned,"5,1,4"
13686,fine-tuned,"6,1,3"
13687,fine-tuned,"9,7,5"
13688,fine-tuned,"2,5,8"
13689,fine-tuned,"8,8,3"
13690,fine-tuned,"3,5,4"
13691,fine-tuned,"8,1,3"
13692,fine-tuned,"6,5,1"
13693,fine-tuned,"1,1,5"
13694,fine-tuned,"7,4,7"
13695,fine-tuned,"1,1,3"
13696,fine-tuned,"9,1,6"
13697,fine-tuned,"4,3,1"
13698,fine-tuned,"6,8,4"
13699,fine-tuned,"4,6,8"
13700,fine-tuned,"2,7,1"
13701,fine-tuned,"3,1,6"
13702,fine-tuned,"4,1,7"
13703,fine-tuned,"2,3,9"
13704,fine-tuned,"6,4,6"
13705,fine-tuned,"5,2,8"
13706,fine-tuned,"4,4,9"
13707,fine-tuned,"7,3,9"
13708,fine-tuned,"3,7,2"
13709,fine-tuned,"2,1,7"
13710,fine-tuned,"9,3,1"
13711,fine-tuned,"8,7,5"
13712,fine-tuned,"6,4,7"
13713,fine-tuned,"6,6,1"
13714,fine-tuned,"5,9,2"
13715,fine-tuned,"5,8,8"
13716,fine-tuned,"3,5,6"
13717,fine-tuned,"9,7,1"
13718,fine-tuned,"2,6,8"
13719,fine-tuned,"7,1,9"
13720,fine-tuned,"3,8,1"
13721,fine-tuned,"6,9,9"
13722,fine-tuned,"1,2,1"
13723,fine-tuned,"1,5,6"
13724,fine-tuned,"3,1,4"
13725,fine-tuned,"8,2,6"
13726,fine-tuned,"1,8,6"
13727,fine-tuned,"9,8,9"
13728,fine-tuned,"4,5,3"
13729,fine-tuned,"6,1,8"
13730,fine-tuned,"1,1,3"
13731,fine-tuned,"1,1,8"
13732,fine-tuned,"2,3,8"
13733,fine-tuned,"1,9,2"
13734,fine-tuned,"5,3,7"
13735,fine-tuned,"3,6,5"
13736,fine-tuned,"1,1,5"
13737,fine-tuned,"9,1,5"
13738,fine-tuned,"5,2,8"
13739,fine-tuned,"3,6,5"
13740,fine-tuned,"1,7,5"
13741,fine-tuned,"8,8,1"
13742,fine-tuned,"6,2,6"
13743,fine-tuned,"1,6,1"
13744,fine-tuned,"3,3,7"
13745,fine-tuned,"3,3,9"
13746,fine-tuned,"1,6,3"
13747,fine-tuned,"7,2,1"
13748,fine-tuned,"3,9,5"
13749,fine-tuned,"1,6,5"
13750,fine-tuned,"3,4,9"
13751,fine-tuned,"2,3,7"
13752,fine-tuned,"3,2,1"
13753,fine-tuned,"4,4,9"
13754,fine-tuned,"9,1,7"
13755,fine-tuned,"5,6,6"
13756,fine-tuned,"4,1,4"
13757,fine-tuned,"9,5,7"
13758,fine-tuned,"9,4,9"
13759,fine-tuned,"3,5,8"
13760,fine-tuned,"8,5,3"
13761,fine-tuned,"1,7,3"
13762,fine-tuned,"4,9,5"
13763,fine-tuned,"8,3,2"
13764,fine-tuned,"1,8,5"
13765,fine-tuned,"4,2,2"
13766,fine-tuned,"9,9,1"
13767,fine-tuned,"4,2,9"
13768,fine-tuned,"4,4,5"
13769,fine-tuned,"3,1,7"
13770,fine-tuned,"8,8,9"
13771,fine-tuned,"8,8,4"
13772,fine-tuned,"7,9,3"
13773,fine-tuned,"3,5,9"
13774,fine-tuned,"9,4,1"
13775,fine-tuned,"8,5,5"
13776,fine-tuned,"2,9,7"
13777,fine-tuned,"4,1,7"
13778,fine-tuned,"8,8,5"
13779,fine-tuned,"9,8,4"
13780,fine-tuned,"4,1,3"
13781,fine-tuned,"7,8,1"
13782,fine-tuned,"4,6,8"
13783,fine-tuned,"1,7,4"
13784,fine-tuned,"1,6,3"
13785,fine-tuned,"7,6,3"
13786,fine-tuned,"8,2,8"
13787,fine-tuned,"7,9,9"
13788,fine-tuned,"1,1,2"
13789,fine-tuned,"4,4,4"
13790,fine-tuned,"6,2,5"
13791,fine-tuned,"2,8,3"
13792,fine-tuned,"9,1,1"
13793,fine-tuned,"3,5,7"
13794,fine-tuned,"4,6,1"
13795,fine-tuned,"7,7,6"
13796,fine-tuned,"9,1,9"
13797,fine-tuned,"9,8,7"
13798,fine-tuned,"7,7,2"
13799,fine-tuned,"6,1,8"
13800,fine-tuned,"6,3,4"
13801,fine-tuned,"4,4,3"
13802,fine-tuned,"9,6,7"
13803,fine-tuned,"5,7,5"
13804,fine-tuned,"9,6,9"
13805,fine-tuned,"8,1,6"
13806,fine-tuned,"7,4,9"
13807,fine-tuned,"5,7,7"
13808,fine-tuned,"6,8,8"
13809,fine-tuned,"6,4,9"
13810,fine-tuned,"3,5,5"
13811,fine-tuned,"2,9,7"
13812,fine-tuned,"4,5,4"
13813,fine-tuned,"6,6,9"
13814,fine-tuned,"9,7,4"
13815,fine-tuned,"4,6,8"
13816,fine-tuned,"7,6,9"
13817,fine-tuned,"3,2,9"
13818,fine-tuned,"7,9,8"
13819,fine-tuned,"2,4,6"
13820,fine-tuned,"5,1,6"
13821,fine-tuned,"7,8,1"
13822,fine-tuned,"1,7,4"
13823,fine-tuned,"3,3,8"
13824,fine-tuned,"9,6,4"
13825,fine-tuned,"2,8,2"
13826,fine-tuned,"6,6,9"
13827,fine-tuned,"5,6,5"
13828,fine-tuned,"8,1,9"
13829,fine-tuned,"2,8,2"
13830,fine-tuned,"8,4,8"
13831,fine-tuned,"4,2,8"
13832,fine-tuned,"2,9,7"
13833,fine-tuned,"3,1,4"
13834,fine-tuned,"9,1,2"
13835,fine-tuned,"2,6,4"
13836,fine-tuned,"9,6,8"
13837,fine-tuned,"3,9,3"
13838,fine-tuned,"2,5,8"
13839,fine-tuned,"7,1,9"
13840,fine-tuned,"7,1,6"
13841,fine-tuned,"1,2,7"
13842,fine-tuned,"5,1,8"
13843,fine-tuned,"3,1,9"
13844,fine-tuned,"7,3,3"
13845,fine-tuned,"9,9,1"
13846,fine-tuned,"8,9,4"
13847,fine-tuned,"2,5,8"
13848,fine-tuned,"3,2,4"
13849,fine-tuned,"8,1,7"
13850,fine-tuned,"7,1,5"
13851,fine-tuned,"4,1,6"
13852,fine-tuned,"5,5,9"
13853,fine-tuned,"6,8,7"
13854,fine-tuned,"2,6,2"
13855,fine-tuned,"9,3,4"
13856,fine-tuned,"4,5,7"
13857,fine-tuned,"7,6,1"
13858,fine-tuned,"8,9,4"
13859,fine-tuned,"6,9,8"
13860,fine-tuned,"6,9,1"
13861,fine-tuned,"8,3,8"
13862,fine-tuned,"6,6,1"
13863,fine-tuned,"5,5,6"
13864,fine-tuned,"1,3,7"
13865,fine-tuned,"7,7,3"
13866,fine-tuned,"4,5,9"
13867,fine-tuned,"8,2,9"
13868,fine-tuned,"3,2,1"
13869,fine-tuned,"9,2,6"
13870,fine-tuned,"4,9,3"
13871,fine-tuned,"2,1,8"
13872,fine-tuned,"2,5,3"
13873,fine-tuned,"1,3,4"
13874,fine-tuned,"7,7,1"
13875,fine-tuned,"4,4,3"
13876,fine-tuned,"1,1,6"
13877,fine-tuned,"1,3,6"
13878,fine-tuned,"3,6,3"
13879,fine-tuned,"1,8,6"
13880,fine-tuned,"8,1,9"
13881,fine-tuned,"7,7,9"
13882,fine-tuned,"2,8,5"
13883,fine-tuned,"3,2,1"
13884,fine-tuned,"1,7,4"
13885,fine-tuned,"1,3,4"
13886,fine-tuned,"2,3,3"
13887,fine-tuned,"4,6,3"
13888,fine-tuned,"9,2,9"
13889,fine-tuned,"9,4,6"
13890,fine-tuned,"1,8,3"
13891,fine-tuned,"6,8,3"
13892,fine-tuned,"6,3,4"
13893,fine-tuned,"1,3,6"
13894,fine-tuned,"1,9,6"
13895,fine-tuned,"7,9,9"
13896,fine-tuned,"1,4,4"
13897,fine-tuned,"8,6,2"
13898,fine-tuned,"8,7,5"
13899,fine-tuned,"1,7,3"
13900,fine-tuned,"1,4,4"
13901,fine-tuned,"7,4,5"
13902,fine-tuned,"2,4,4"
13903,fine-tuned,"9,7,1"
13904,fine-tuned,"9,2,5"
13905,fine-tuned,"9,8,8"
13906,fine-tuned,"4,5,8"
13907,fine-tuned,"3,1,3"
13908,fine-tuned,"3,3,1"
13909,fine-tuned,"3,4,7"
13910,fine-tuned,"6,7,5"
13911,fine-tuned,"3,3,8"
13912,fine-tuned,"3,8,3"
13913,fine-tuned,"1,7,1"
13914,fine-tuned,"4,4,8"
13915,fine-tuned,"1,3,4"
13916,fine-tuned,"9,6,8"
13917,fine-tuned,"2,6,6"
13918,fine-tuned,"1,5,5"
13919,fine-tuned,"4,8,6"
13920,fine-tuned,"8,8,3"
13921,fine-tuned,"8,3,3"
13922,fine-tuned,"2,2,9"
13923,fine-tuned,"6,6,1"
13924,fine-tuned,"5,5,3"
13925,fine-tuned,"4,5,2"
13926,fine-tuned,"9,9,1"
13927,fine-tuned,"1,1,7"
13928,fine-tuned,"3,1,8"
13929,fine-tuned,"6,3,3"
13930,fine-tuned,"9,7,8"
13931,fine-tuned,"6,7,3"
13932,fine-tuned,"6,9,8"
13933,fine-tuned,"2,7,7"
13934,fine-tuned,"1,4,7"
13935,fine-tuned,"2,3,2"
13936,fine-tuned,"4,5,7"
13937,fine-tuned,"9,2,4"
13938,fine-tuned,"1,8,5"
13939,fine-tuned,"1,5,6"
13940,fine-tuned,"8,7,3"
13941,fine-tuned,"5,6,9"
13942,fine-tuned,"9,2,8"
13943,fine-tuned,"1,5,1"
13944,fine-tuned,"4,9,1"
13945,fine-tuned,"6,7,3"
13946,fine-tuned,"5,5,8"
13947,fine-tuned,"9,6,7"
13948,fine-tuned,"6,4,3"
13949,fine-tuned,"3,4,1"
13950,fine-tuned,"7,5,5"
13951,fine-tuned,"3,4,4"
13952,fine-tuned,"2,9,1"
13953,fine-tuned,"8,9,5"
13954,fine-tuned,"4,8,1"
13955,fine-tuned,"1,6,6"
13956,fine-tuned,"5,8,8"
13957,fine-tuned,"9,2,6"
13958,fine-tuned,"2,8,7"
13959,fine-tuned,"8,9,3"
13960,fine-tuned,"3,9,9"
13961,fine-tuned,"9,1,4"
13962,fine-tuned,"3,8,1"
13963,fine-tuned,"3,6,9"
13964,fine-tuned,"4,9,6"
13965,fine-tuned,"4,9,9"
13966,fine-tuned,"4,2,7"
13967,fine-tuned,"2,3,5"
13968,fine-tuned,"3,2,7"
13969,fine-tuned,"4,6,8"
13970,fine-tuned,"5,3,4"
13971,fine-tuned,"3,6,9"
13972,fine-tuned,"1,4,6"
13973,fine-tuned,"1,9,4"
13974,fine-tuned,"8,3,5"
13975,fine-tuned,"6,9,9"
13976,fine-tuned,"1,5,6"
13977,fine-tuned,"7,6,9"
13978,fine-tuned,"4,2,8"
13979,fine-tuned,"3,4,5"
13980,fine-tuned,"1,4,1"
13981,fine-tuned,"8,7,3"
13982,fine-tuned,"3,3,9"
13983,fine-tuned,"8,4,4"
13984,fine-tuned,"6,1,8"
13985,fine-tuned,"5,1,9"
13986,fine-tuned,"2,4,7"
13987,fine-tuned,"5,8,2"
13988,fine-tuned,"1,3,7"
13989,fine-tuned,"6,3,4"
13990,fine-tuned,"3,9,7"
13991,fine-tuned,"1,5,8"
13992,fine-tuned,"8,7,5"
13993,fine-tuned,"6,3,7"
13994,fine-tuned,"8,4,6"
13995,fine-tuned,"7,7,7"
13996,fine-tuned,"6,8,7"
13997,fine-tuned,"3,9,6"
13998,fine-tuned,"3,5,3"
13999,fine-tuned,"2,8,9"
14000,fine-tuned,"4,5,3"
14001,fine-tuned,"8,4,1"
14002,fine-tuned,"1,3,3"
14003,fine-tuned,"1,9,6"
14004,fine-tuned,"1,5,6"
14005,fine-tuned,"3,2,3"
14006,fine-tuned,"2,2,8"
14007,fine-tuned,"6,9,3"
14008,fine-tuned,"6,5,1"
14009,fine-tuned,"8,1,9"
14010,fine-tuned,"1,9,6"
14011,fine-tuned,"2,4,3"
14012,fine-tuned,"7,6,3"
14013,fine-tuned,"9,4,5"
14014,fine-tuned,"4,3,1"
14015,fine-tuned,"5,1,9"
14016,fine-tuned,"1,8,1"
14017,fine-tuned,"5,2,9"
14018,fine-tuned,"4,1,8"
14019,fine-tuned,"4,9,6"
14020,fine-tuned,"5,7,1"
14021,fine-tuned,"6,3,5"
14022,fine-tuned,"1,7,6"
14023,fine-tuned,"4,9,9"
14024,fine-tuned,"3,5,6"
14025,fine-tuned,"5,9,3"
14026,fine-tuned,"4,8,3"
14027,fine-tuned,"4,8,4"
14028,fine-tuned,"2,3,3"
14029,fine-tuned,"1,1,5"
14030,fine-tuned,"8,5,5"
14031,fine-tuned,"2,3,8"
14032,fine-tuned,"7,1,3"
14033,fine-tuned,"1,1,5"
14034,fine-tuned,"1,1,8"
14035,fine-tuned,"6,8,6"
14036,fine-tuned,"4,4,7"
14037,fine-tuned,"5,4,2"
14038,fine-tuned,"8,7,9"
14039,fine-tuned,"7,5,7"
14040,fine-tuned,"3,7,9"
14041,fine-tuned,"1,5,1"
14042,fine-tuned,"7,6,3"
14043,fine-tuned,"1,8,2"
14044,fine-tuned,"7,9,8"
14045,fine-tuned,"7,3,9"
14046,fine-tuned,"8,6,8"
14047,fine-tuned,"4,1,8"
14048,fine-tuned,"2,3,3"
14049,fine-tuned,"9,5,6"
14050,fine-tuned,"8,2,3"
14051,fine-tuned,"6,4,8"
14052,fine-tuned,"9,9,2"
14053,fine-tuned,"8,3,3"
14054,fine-tuned,"4,9,1"
14055,fine-tuned,"5,7,2"
14056,fine-tuned,"4,8,3"
14057,fine-tuned,"5,6,5"
14058,fine-tuned,"7,5,1"
14059,fine-tuned,"9,6,7"
14060,fine-tuned,"9,1,9"
14061,fine-tuned,"5,4,9"
14062,fine-tuned,"9,2,3"
14063,fine-tuned,"8,1,7"
14064,fine-tuned,"9,7,6"
14065,fine-tuned,"2,5,6"
14066,fine-tuned,"4,5,6"
14067,fine-tuned,"8,3,9"
14068,fine-tuned,"7,3,3"
14069,fine-tuned,"9,8,5"
14070,fine-tuned,"6,1,3"
14071,fine-tuned,"6,3,3"
14072,fine-tuned,"5,3,1"
14073,fine-tuned,"3,6,2"
14074,fine-tuned,"8,6,6"
14075,fine-tuned,"2,4,2"
14076,fine-tuned,"8,5,8"
14077,fine-tuned,"4,7,4"
14078,fine-tuned,"2,4,4"
14079,fine-tuned,"5,4,3"
14080,fine-tuned,"9,3,7"
14081,fine-tuned,"4,1,6"
14082,fine-tuned,"8,2,1"
14083,fine-tuned,"5,2,1"
14084,fine-tuned,"5,6,9"
14085,fine-tuned,"6,4,6"
14086,fine-tuned,"9,9,5"
14087,fine-tuned,"3,8,7"
14088,fine-tuned,"6,7,6"
14089,fine-tuned,"2,5,1"
14090,fine-tuned,"3,1,1"
14091,fine-tuned,"2,9,1"
14092,fine-tuned,"9,4,4"
14093,fine-tuned,"9,6,8"
14094,fine-tuned,"8,4,4"
14095,fine-tuned,"1,5,3"
14096,fine-tuned,"1,1,6"
14097,fine-tuned,"1,4,7"
14098,fine-tuned,"7,2,9"
14099,fine-tuned,"4,6,6"
14100,fine-tuned,"4,2,9"
14101,fine-tuned,"4,3,4"
14102,fine-tuned,"3,7,6"
14103,fine-tuned,"9,1,6"
14104,fine-tuned,"1,9,4"
14105,fine-tuned,"2,1,8"
14106,fine-tuned,"7,5,1"
14107,fine-tuned,"6,6,8"
14108,fine-tuned,"1,7,5"
14109,fine-tuned,"8,8,7"
14110,fine-tuned,"4,9,8"
14111,fine-tuned,"3,6,1"
14112,fine-tuned,"8,3,3"
14113,fine-tuned,"9,7,4"
14114,fine-tuned,"7,9,8"
14115,fine-tuned,"5,6,4"
14116,fine-tuned,"6,3,3"
14117,fine-tuned,"9,8,7"
14118,fine-tuned,"2,2,6"
14119,fine-tuned,"4,8,4"
14120,fine-tuned,"3,1,3"
14121,fine-tuned,"5,1,4"
14122,fine-tuned,"9,7,9"
14123,fine-tuned,"1,9,6"
14124,fine-tuned,"6,9,4"
14125,fine-tuned,"1,1,9"
14126,fine-tuned,"3,5,1"
14127,fine-tuned,"3,4,4"
14128,fine-tuned,"8,8,2"
14129,fine-tuned,"3,7,2"
14130,fine-tuned,"3,4,1"
14131,fine-tuned,"4,6,9"
14132,fine-tuned,"3,8,5"
14133,fine-tuned,"5,1,1"
14134,fine-tuned,"1,3,1"
14135,fine-tuned,"1,9,6"
14136,fine-tuned,"8,5,8"
14137,fine-tuned,"1,7,9"
14138,fine-tuned,"8,2,2"
14139,fine-tuned,"7,5,7"
14140,fine-tuned,"8,5,1"
14141,fine-tuned,"8,3,6"
14142,fine-tuned,"4,3,2"
14143,fine-tuned,"2,1,4"
14144,fine-tuned,"7,1,4"
14145,fine-tuned,"7,1,4"
14146,fine-tuned,"4,4,8"
14147,fine-tuned,"1,3,6"
14148,fine-tuned,"7,7,1"
14149,fine-tuned,"6,9,3"
14150,fine-tuned,"3,1,6"
14151,fine-tuned,"8,4,4"
14152,fine-tuned,"6,5,9"
14153,fine-tuned,"8,1,3"
14154,fine-tuned,"3,9,1"
14155,fine-tuned,"3,7,6"
14156,fine-tuned,"1,9,3"
14157,fine-tuned,"8,6,2"
14158,fine-tuned,"6,3,2"
14159,fine-tuned,"6,8,5"
14160,fine-tuned,"6,1,5"
14161,fine-tuned,"3,4,9"
14162,fine-tuned,"1,3,8"
14163,fine-tuned,"5,3,1"
14164,fine-tuned,"1,1,3"
14165,fine-tuned,"7,2,6"
14166,fine-tuned,"4,7,3"
14167,fine-tuned,"8,1,2"
14168,fine-tuned,"8,5,5"
14169,fine-tuned,"8,1,8"
14170,fine-tuned,"8,4,4"
14171,fine-tuned,"6,3,7"
14172,fine-tuned,"8,8,3"
14173,fine-tuned,"9,7,8"
14174,fine-tuned,"8,9,5"
14175,fine-tuned,"8,7,4"
14176,fine-tuned,"6,3,3"
14177,fine-tuned,"4,7,4"
14178,fine-tuned,"8,6,6"
14179,fine-tuned,"8,4,1"
14180,fine-tuned,"1,7,2"
14181,fine-tuned,"7,7,6"
14182,fine-tuned,"8,2,3"
14183,fine-tuned,"4,7,4"
14184,fine-tuned,"1,2,2"
14185,fine-tuned,"8,4,1"
14186,fine-tuned,"3,1,8"
14187,fine-tuned,"1,3,8"
14188,fine-tuned,"4,8,1"
14189,fine-tuned,"1,9,4"
14190,fine-tuned,"3,6,3"
14191,fine-tuned,"1,9,2"
14192,fine-tuned,"8,5,3"
14193,fine-tuned,"1,4,9"
14194,fine-tuned,"6,5,7"
14195,fine-tuned,"5,5,1"
14196,fine-tuned,"6,5,5"
14197,fine-tuned,"1,8,3"
14198,fine-tuned,"5,5,1"
14199,fine-tuned,"6,8,9"
14200,fine-tuned,"1,1,2"
14201,fine-tuned,"2,5,6"
14202,fine-tuned,"6,1,8"
14203,fine-tuned,"2,8,5"
14204,fine-tuned,"7,6,3"
14205,fine-tuned,"4,1,6"
14206,fine-tuned,"4,8,3"
14207,fine-tuned,"7,4,9"
14208,fine-tuned,"1,5,8"
14209,fine-tuned,"1,4,9"
14210,fine-tuned,"7,4,8"
14211,fine-tuned,"7,9,8"
14212,fine-tuned,"4,9,2"
14213,fine-tuned,"9,2,7"
14214,fine-tuned,"9,8,7"
14215,fine-tuned,"3,2,9"
14216,fine-tuned,"7,7,7"
14217,fine-tuned,"6,3,4"
14218,fine-tuned,"9,1,5"
14219,fine-tuned,"3,7,1"
14220,fine-tuned,"2,9,1"
14221,fine-tuned,"4,8,9"
14222,fine-tuned,"4,1,2"
14223,fine-tuned,"7,1,9"
14224,fine-tuned,"2,8,8"
14225,fine-tuned,"4,2,3"
14226,fine-tuned,"4,4,9"
14227,fine-tuned,"2,6,1"
14228,fine-tuned,"2,4,1"
14229,fine-tuned,"4,9,7"
14230,fine-tuned,"2,3,7"
14231,fine-tuned,"3,2,4"
14232,fine-tuned,"8,6,9"
14233,fine-tuned,"8,6,1"
14234,fine-tuned,"8,4,1"
14235,fine-tuned,"6,8,8"
14236,fine-tuned,"7,7,9"
14237,fine-tuned,"3,2,1"
14238,fine-tuned,"1,9,3"
14239,fine-tuned,"1,8,7"
14240,fine-tuned,"4,8,7"
14241,fine-tuned,"2,3,5"
14242,fine-tuned,"7,8,4"
14243,fine-tuned,"1,8,5"
14244,fine-tuned,"7,2,9"
14245,fine-tuned,"4,4,6"
14246,fine-tuned,"4,1,3"
14247,fine-tuned,"4,2,3"
14248,fine-tuned,"3,6,4"
14249,fine-tuned,"1,1,5"
14250,fine-tuned,"2,3,5"
14251,fine-tuned,"1,2,6"
14252,fine-tuned,"6,3,5"
14253,fine-tuned,"1,3,9"
14254,fine-tuned,"1,2,3"
14255,fine-tuned,"1,1,1"
14256,fine-tuned,"6,2,3"
14257,fine-tuned,"4,3,5"
14258,fine-tuned,"3,7,3"
14259,fine-tuned,"8,7,9"
14260,fine-tuned,"5,3,1"
14261,fine-tuned,"7,8,9"
14262,fine-tuned,"1,7,2"
14263,fine-tuned,"1,2,6"
14264,fine-tuned,"5,7,2"
14265,fine-tuned,"7,7,9"
14266,fine-tuned,"1,1,6"
14267,fine-tuned,"4,9,3"
14268,fine-tuned,"3,8,7"
14269,fine-tuned,"2,3,5"
14270,fine-tuned,"3,4,9"
14271,fine-tuned,"3,8,6"
14272,fine-tuned,"1,4,6"
14273,fine-tuned,"3,3,6"
14274,fine-tuned,"7,2,7"
14275,fine-tuned,"2,4,5"
14276,fine-tuned,"8,6,6"
14277,fine-tuned,"7,4,8"
14278,fine-tuned,"7,3,4"
14279,fine-tuned,"8,5,9"
14280,fine-tuned,"3,5,1"
14281,fine-tuned,"5,5,4"
14282,fine-tuned,"4,6,8"
14283,fine-tuned,"6,4,5"
14284,fine-tuned,"9,5,2"
14285,fine-tuned,"9,1,8"
14286,fine-tuned,"8,2,8"
14287,fine-tuned,"4,4,3"
14288,fine-tuned,"9,1,6"
14289,fine-tuned,"7,1,9"
14290,fine-tuned,"8,8,6"
14291,fine-tuned,"2,3,2"
14292,fine-tuned,"4,5,1"
14293,fine-tuned,"8,5,9"
14294,fine-tuned,"5,6,9"
14295,fine-tuned,"7,6,1"
14296,fine-tuned,"1,4,3"
14297,fine-tuned,"1,6,9"
14298,fine-tuned,"2,8,8"
14299,fine-tuned,"1,7,6"
14300,fine-tuned,"1,2,4"
14301,fine-tuned,"1,7,5"
14302,fine-tuned,"5,4,9"
14303,fine-tuned,"2,7,5"
14304,fine-tuned,"7,9,2"
14305,fine-tuned,"8,3,5"
14306,fine-tuned,"2,7,1"
14307,fine-tuned,"7,3,9"
14308,fine-tuned,"2,9,3"
14309,fine-tuned,"5,9,6"
14310,fine-tuned,"4,2,3"
14311,fine-tuned,"9,9,1"
14312,fine-tuned,"9,8,2"
14313,fine-tuned,"1,5,9"
14314,fine-tuned,"6,1,2"
14315,fine-tuned,"6,6,1"
14316,fine-tuned,"9,1,8"
14317,fine-tuned,"6,8,4"
14318,fine-tuned,"7,8,1"
14319,fine-tuned,"2,8,4"
14320,fine-tuned,"1,5,8"
14321,fine-tuned,"2,6,4"
14322,fine-tuned,"2,9,3"
14323,fine-tuned,"5,5,7"
14324,fine-tuned,"1,1,5"
14325,fine-tuned,"1,8,3"
14326,fine-tuned,"9,5,4"
14327,fine-tuned,"4,3,7"
14328,fine-tuned,"7,7,3"
14329,fine-tuned,"5,4,3"
14330,fine-tuned,"4,4,7"
14331,fine-tuned,"1,2,1"
14332,fine-tuned,"3,2,7"
14333,fine-tuned,"7,6,5"
14334,fine-tuned,"2,4,1"
14335,fine-tuned,"6,8,8"
14336,fine-tuned,"3,7,5"
14337,fine-tuned,"5,5,3"
14338,fine-tuned,"4,6,4"
14339,fine-tuned,"2,3,3"
14340,fine-tuned,"2,7,9"
14341,fine-tuned,"3,4,3"
14342,fine-tuned,"8,7,8"
14343,fine-tuned,"8,6,9"
14344,fine-tuned,"6,1,9"
14345,fine-tuned,"4,3,2"
14346,fine-tuned,"4,2,4"
14347,fine-tuned,"5,9,6"
14348,fine-tuned,"6,8,4"
14349,fine-tuned,"3,9,6"
14350,fine-tuned,"8,5,9"
14351,fine-tuned,"8,9,7"
14352,fine-tuned,"9,6,5"
14353,fine-tuned,"5,2,7"
14354,fine-tuned,"8,5,2"
14355,fine-tuned,"2,6,8"
14356,fine-tuned,"9,6,4"
14357,fine-tuned,"9,8,1"
14358,fine-tuned,"9,1,2"
14359,fine-tuned,"4,6,6"
14360,fine-tuned,"5,6,3"
14361,fine-tuned,"3,2,7"
14362,fine-tuned,"3,7,3"
14363,fine-tuned,"6,2,5"
14364,fine-tuned,"5,1,8"
14365,fine-tuned,"2,7,9"
14366,fine-tuned,"9,4,8"
14367,fine-tuned,"1,9,3"
14368,fine-tuned,"8,9,2"
14369,fine-tuned,"1,3,1"
14370,fine-tuned,"9,7,2"
14371,fine-tuned,"7,3,7"
14372,fine-tuned,"2,7,4"
14373,fine-tuned,"6,1,7"
14374,fine-tuned,"6,9,9"
14375,fine-tuned,"6,8,4"
14376,fine-tuned,"3,9,7"
14377,fine-tuned,"8,1,2"
14378,fine-tuned,"2,4,7"
14379,fine-tuned,"5,8,6"
14380,fine-tuned,"9,5,7"
14381,fine-tuned,"5,8,6"
14382,fine-tuned,"2,1,2"
14383,fine-tuned,"6,8,2"
14384,fine-tuned,"4,7,5"
14385,fine-tuned,"6,2,4"
14386,fine-tuned,"5,2,5"
14387,fine-tuned,"8,5,4"
14388,fine-tuned,"4,9,1"
14389,fine-tuned,"9,2,2"
14390,fine-tuned,"8,1,2"
14391,fine-tuned,"9,4,6"
14392,fine-tuned,"4,6,6"
14393,fine-tuned,"4,5,9"
14394,fine-tuned,"3,5,6"
14395,fine-tuned,"6,7,6"
14396,fine-tuned,"3,2,8"
14397,fine-tuned,"1,1,9"
14398,fine-tuned,"5,1,3"
14399,fine-tuned,"7,1,9"
14400,fine-tuned,"5,2,9"
14401,fine-tuned,"8,4,2"
14402,fine-tuned,"1,9,1"
14403,fine-tuned,"4,2,2"
14404,fine-tuned,"3,3,7"
14405,fine-tuned,"1,6,7"
14406,fine-tuned,"7,4,8"
14407,fine-tuned,"8,6,1"
14408,fine-tuned,"9,1,7"
14409,fine-tuned,"3,5,6"
14410,fine-tuned,"1,1,1"
14411,fine-tuned,"3,1,5"
14412,fine-tuned,"9,5,6"
14413,fine-tuned,"3,1,4"
14414,fine-tuned,"6,5,9"
14415,fine-tuned,"8,2,3"
14416,fine-tuned,"4,6,8"
14417,fine-tuned,"8,8,7"
14418,fine-tuned,"5,4,2"
14419,fine-tuned,"8,6,4"
14420,fine-tuned,"1,6,9"
14421,fine-tuned,"8,8,6"
14422,fine-tuned,"5,4,7"
14423,fine-tuned,"2,7,2"
14424,fine-tuned,"8,9,3"
14425,fine-tuned,"6,6,9"
14426,fine-tuned,"8,9,5"
14427,fine-tuned,"6,9,8"
14428,fine-tuned,"4,2,5"
14429,fine-tuned,"8,2,3"
14430,fine-tuned,"9,5,2"
14431,fine-tuned,"1,4,5"
14432,fine-tuned,"4,7,3"
14433,fine-tuned,"3,8,5"
14434,fine-tuned,"7,4,9"
14435,fine-tuned,"3,4,4"
14436,fine-tuned,"2,7,2"
14437,fine-tuned,"4,1,3"
14438,fine-tuned,"9,7,6"
14439,fine-tuned,"6,1,2"
14440,fine-tuned,"5,9,3"
14441,fine-tuned,"1,8,1"
14442,fine-tuned,"7,3,4"
14443,fine-tuned,"5,8,7"
14444,fine-tuned,"5,4,7"
14445,fine-tuned,"8,3,2"
14446,fine-tuned,"5,7,5"
14447,fine-tuned,"3,5,9"
14448,fine-tuned,"8,9,9"
14449,fine-tuned,"3,8,5"
14450,fine-tuned,"9,6,4"
14451,fine-tuned,"4,7,9"
14452,fine-tuned,"1,6,6"
14453,fine-tuned,"1,7,5"
14454,fine-tuned,"5,5,6"
14455,fine-tuned,"4,5,9"
14456,fine-tuned,"1,6,5"
14457,fine-tuned,"8,6,2"
14458,fine-tuned,"7,6,6"
14459,fine-tuned,"5,4,3"
14460,fine-tuned,"8,5,5"
14461,fine-tuned,"8,5,9"
14462,fine-tuned,"4,7,9"
14463,fine-tuned,"5,7,7"
14464,fine-tuned,"9,9,4"
14465,fine-tuned,"1,9,8"
14466,fine-tuned,"9,7,9"
14467,fine-tuned,"4,1,5"
14468,fine-tuned,"5,4,7"
14469,fine-tuned,"2,5,8"
14470,fine-tuned,"7,7,8"
14471,fine-tuned,"6,9,5"
14472,fine-tuned,"6,4,3"
14473,fine-tuned,"6,6,8"
14474,fine-tuned,"4,4,8"
14475,fine-tuned,"5,2,9"
14476,fine-tuned,"2,5,2"
14477,fine-tuned,"4,8,9"
14478,fine-tuned,"6,4,8"
14479,fine-tuned,"2,3,2"
14480,fine-tuned,"2,9,7"
14481,fine-tuned,"8,3,2"
14482,fine-tuned,"4,8,5"
14483,fine-tuned,"4,2,1"
14484,fine-tuned,"6,7,9"
14485,fine-tuned,"8,5,9"
14486,fine-tuned,"4,1,9"
14487,fine-tuned,"6,6,2"
14488,fine-tuned,"8,6,8"
14489,fine-tuned,"7,9,6"
14490,fine-tuned,"7,6,8"
14491,fine-tuned,"7,9,5"
14492,fine-tuned,"4,1,8"
14493,fine-tuned,"8,8,7"
14494,fine-tuned,"6,2,7"
14495,fine-tuned,"4,7,1"
14496,fine-tuned,"3,8,9"
14497,fine-tuned,"5,6,9"
14498,fine-tuned,"3,6,3"
14499,fine-tuned,"6,6,3"
14500,fine-tuned,"7,5,4"
14501,fine-tuned,"9,5,2"
14502,fine-tuned,"4,5,6"
14503,fine-tuned,"8,6,8"
14504,fine-tuned,"3,1,4"
14505,fine-tuned,"7,8,2"
14506,fine-tuned,"7,1,2"
14507,fine-tuned,"2,1,6"
14508,fine-tuned,"2,7,3"
14509,fine-tuned,"8,6,4"
14510,fine-tuned,"3,6,9"
14511,fine-tuned,"9,1,1"
14512,fine-tuned,"8,7,4"
14513,fine-tuned,"4,7,2"
14514,fine-tuned,"7,3,9"
14515,fine-tuned,"7,1,7"
14516,fine-tuned,"5,4,4"
14517,fine-tuned,"8,4,2"
14518,fine-tuned,"4,8,2"
14519,fine-tuned,"1,4,4"
14520,fine-tuned,"6,2,5"
14521,fine-tuned,"3,6,8"
14522,fine-tuned,"9,3,4"
14523,fine-tuned,"6,7,4"
14524,fine-tuned,"8,6,4"
14525,fine-tuned,"4,1,9"
14526,fine-tuned,"4,8,8"
14527,fine-tuned,"2,2,9"
14528,fine-tuned,"1,2,5"
14529,fine-tuned,"7,7,7"
14530,fine-tuned,"5,9,3"
14531,fine-tuned,"2,6,7"
14532,fine-tuned,"4,8,7"
14533,fine-tuned,"3,9,8"
14534,fine-tuned,"9,1,8"
14535,fine-tuned,"2,5,5"
14536,fine-tuned,"5,1,5"
14537,fine-tuned,"9,5,3"
14538,fine-tuned,"1,5,5"
14539,fine-tuned,"7,3,9"
14540,fine-tuned,"1,3,8"
14541,fine-tuned,"3,6,5"
14542,fine-tuned,"3,1,3"
14543,fine-tuned,"8,8,8"
14544,fine-tuned,"9,6,5"
14545,fine-tuned,"4,4,1"
14546,fine-tuned,"3,5,4"
14547,fine-tuned,"8,6,3"
14548,fine-tuned,"8,5,3"
14549,fine-tuned,"3,9,5"
14550,fine-tuned,"7,8,4"
14551,fine-tuned,"3,6,3"
14552,fine-tuned,"1,4,4"
14553,fine-tuned,"1,5,2"
14554,fine-tuned,"7,9,7"
14555,fine-tuned,"6,7,7"
14556,fine-tuned,"3,5,9"
14557,fine-tuned,"2,3,6"
14558,fine-tuned,"7,5,5"
14559,fine-tuned,"7,2,5"
14560,fine-tuned,"6,8,7"
14561,fine-tuned,"7,9,3"
14562,fine-tuned,"3,9,5"
14563,fine-tuned,"2,8,2"
14564,fine-tuned,"1,6,9"
14565,fine-tuned,"9,3,3"
14566,fine-tuned,"8,1,3"
14567,fine-tuned,"6,4,5"
14568,fine-tuned,"7,2,4"
14569,fine-tuned,"6,4,5"
14570,fine-tuned,"1,4,4"
14571,fine-tuned,"9,1,7"
14572,fine-tuned,"6,8,9"
14573,fine-tuned,"8,7,5"
14574,fine-tuned,"6,8,4"
14575,fine-tuned,"5,7,7"
14576,fine-tuned,"2,8,5"
14577,fine-tuned,"8,8,1"
14578,fine-tuned,"3,8,9"
14579,fine-tuned,"7,1,3"
14580,fine-tuned,"6,8,1"
14581,fine-tuned,"6,4,3"
14582,fine-tuned,"9,6,3"
14583,fine-tuned,"6,3,6"
14584,fine-tuned,"1,8,1"
14585,fine-tuned,"3,6,2"
14586,fine-tuned,"5,3,4"
14587,fine-tuned,"1,6,5"
14588,fine-tuned,"3,7,7"
14589,fine-tuned,"1,7,4"
14590,fine-tuned,"6,6,2"
14591,fine-tuned,"4,1,2"
14592,fine-tuned,"6,8,7"
14593,fine-tuned,"6,5,6"
14594,fine-tuned,"6,6,5"
14595,fine-tuned,"4,2,1"
14596,fine-tuned,"4,6,6"
14597,fine-tuned,"6,4,4"
14598,fine-tuned,"5,5,2"
14599,fine-tuned,"2,9,4"
14600,fine-tuned,"8,8,3"
14601,fine-tuned,"5,7,9"
14602,fine-tuned,"3,3,6"
14603,fine-tuned,"1,3,6"
14604,fine-tuned,"1,8,4"
14605,fine-tuned,"8,2,6"
14606,fine-tuned,"8,8,1"
14607,fine-tuned,"5,7,5"
14608,fine-tuned,"3,2,8"
14609,fine-tuned,"3,5,5"
14610,fine-tuned,"8,5,6"
14611,fine-tuned,"8,4,3"
14612,fine-tuned,"9,1,8"
14613,fine-tuned,"1,1,7"
14614,fine-tuned,"8,1,4"
14615,fine-tuned,"2,5,1"
14616,fine-tuned,"8,4,9"
14617,fine-tuned,"9,4,7"
14618,fine-tuned,"9,2,4"
14619,fine-tuned,"9,8,2"
14620,fine-tuned,"9,3,3"
14621,fine-tuned,"6,7,3"
14622,fine-tuned,"2,2,4"
14623,fine-tuned,"7,7,8"
14624,fine-tuned,"2,2,1"
14625,fine-tuned,"5,5,4"
14626,fine-tuned,"6,7,3"
14627,fine-tuned,"4,6,6"
14628,fine-tuned,"6,7,7"
14629,fine-tuned,"7,8,9"
14630,fine-tuned,"3,8,2"
14631,fine-tuned,"5,9,6"
14632,fine-tuned,"8,1,7"
14633,fine-tuned,"6,3,6"
14634,fine-tuned,"9,5,1"
14635,fine-tuned,"6,9,7"
14636,fine-tuned,"7,9,6"
14637,fine-tuned,"3,4,2"
14638,fine-tuned,"6,5,8"
14639,fine-tuned,"2,9,6"
14640,fine-tuned,"7,3,2"
14641,fine-tuned,"7,3,6"
14642,fine-tuned,"5,1,2"
14643,fine-tuned,"1,4,1"
14644,fine-tuned,"1,4,3"
14645,fine-tuned,"7,6,3"
14646,fine-tuned,"4,3,8"
14647,fine-tuned,"6,6,3"
14648,fine-tuned,"9,5,2"
14649,fine-tuned,"9,5,1"
14650,fine-tuned,"1,4,5"
14651,fine-tuned,"1,9,4"
14652,fine-tuned,"1,8,7"
14653,fine-tuned,"8,3,2"
14654,fine-tuned,"9,9,1"
14655,fine-tuned,"3,6,9"
14656,fine-tuned,"8,1,4"
14657,fine-tuned,"4,8,5"
14658,fine-tuned,"3,4,4"
14659,fine-tuned,"4,4,1"
14660,fine-tuned,"9,8,1"
14661,fine-tuned,"5,5,7"
14662,fine-tuned,"6,9,4"
14663,fine-tuned,"9,7,9"
14664,fine-tuned,"6,9,6"
14665,fine-tuned,"4,2,8"
14666,fine-tuned,"2,2,6"
14667,fine-tuned,"5,2,4"
14668,fine-tuned,"4,3,9"
14669,fine-tuned,"8,7,5"
14670,fine-tuned,"6,5,9"
14671,fine-tuned,"5,9,1"
14672,fine-tuned,"3,5,4"
14673,fine-tuned,"5,3,4"
14674,fine-tuned,"5,4,3"
14675,fine-tuned,"6,9,2"
14676,fine-tuned,"8,3,2"
14677,fine-tuned,"6,7,3"
14678,fine-tuned,"6,9,8"
14679,fine-tuned,"9,6,7"
14680,fine-tuned,"2,5,1"
14681,fine-tuned,"9,9,3"
14682,fine-tuned,"6,9,9"
14683,fine-tuned,"1,9,8"
14684,fine-tuned,"1,4,7"
14685,fine-tuned,"3,5,8"
14686,fine-tuned,"3,8,6"
14687,fine-tuned,"6,8,2"
14688,fine-tuned,"1,8,5"
14689,fine-tuned,"4,2,7"
14690,fine-tuned,"6,2,3"
14691,fine-tuned,"1,8,5"
14692,fine-tuned,"2,1,9"
14693,fine-tuned,"8,6,6"
14694,fine-tuned,"1,8,9"
14695,fine-tuned,"6,9,5"
14696,fine-tuned,"9,3,7"
14697,fine-tuned,"4,1,4"
14698,fine-tuned,"4,9,8"
14699,fine-tuned,"2,4,7"
14700,fine-tuned,"3,9,3"
14701,fine-tuned,"1,4,2"
14702,fine-tuned,"8,9,4"
14703,fine-tuned,"1,7,2"
14704,fine-tuned,"4,6,6"
14705,fine-tuned,"3,8,5"
14706,fine-tuned,"7,9,4"
14707,fine-tuned,"3,2,3"
14708,fine-tuned,"4,1,7"
14709,fine-tuned,"1,1,7"
14710,fine-tuned,"5,2,1"
14711,fine-tuned,"8,6,5"
14712,fine-tuned,"1,6,5"
14713,fine-tuned,"8,3,7"
14714,fine-tuned,"1,4,4"
14715,fine-tuned,"4,7,4"
14716,fine-tuned,"2,9,5"
14717,fine-tuned,"1,5,2"
14718,fine-tuned,"3,8,2"
14719,fine-tuned,"8,4,8"
14720,fine-tuned,"5,7,6"
14721,fine-tuned,"8,8,5"
14722,fine-tuned,"7,9,2"
14723,fine-tuned,"4,1,9"
14724,fine-tuned,"7,3,2"
14725,fine-tuned,"1,5,8"
14726,fine-tuned,"8,4,3"
14727,fine-tuned,"2,6,7"
14728,fine-tuned,"6,2,4"
14729,fine-tuned,"6,4,7"
14730,fine-tuned,"6,6,5"
14731,fine-tuned,"9,2,4"
14732,fine-tuned,"5,2,4"
14733,fine-tuned,"4,3,6"
14734,fine-tuned,"6,4,9"
14735,fine-tuned,"8,5,6"
14736,fine-tuned,"9,6,2"
14737,fine-tuned,"3,8,6"
14738,fine-tuned,"8,3,8"
14739,fine-tuned,"8,9,7"
14740,fine-tuned,"8,1,8"
14741,fine-tuned,"8,5,8"
14742,fine-tuned,"4,8,2"
14743,fine-tuned,"9,5,2"
14744,fine-tuned,"4,9,5"
14745,fine-tuned,"7,1,1"
14746,fine-tuned,"9,2,3"
14747,fine-tuned,"9,6,6"
14748,fine-tuned,"1,9,3"
14749,fine-tuned,"5,9,1"
14750,fine-tuned,"7,3,6"
14751,fine-tuned,"1,4,3"
14752,fine-tuned,"1,3,1"
14753,fine-tuned,"6,5,1"
14754,fine-tuned,"8,1,7"
14755,fine-tuned,"1,7,5"
14756,fine-tuned,"9,5,4"
14757,fine-tuned,"8,3,8"
14758,fine-tuned,"5,3,1"
14759,fine-tuned,"7,4,7"
14760,fine-tuned,"8,4,4"
14761,fine-tuned,"1,9,9"
14762,fine-tuned,"9,9,7"
14763,fine-tuned,"4,7,3"
14764,fine-tuned,"5,5,5"
14765,fine-tuned,"9,8,9"
14766,fine-tuned,"5,5,7"
14767,fine-tuned,"8,6,4"
14768,fine-tuned,"7,3,9"
14769,fine-tuned,"7,6,2"
14770,fine-tuned,"3,8,6"
14771,fine-tuned,"7,8,5"
14772,fine-tuned,"7,4,3"
14773,fine-tuned,"6,3,9"
14774,fine-tuned,"1,3,9"
14775,fine-tuned,"2,1,5"
14776,fine-tuned,"7,6,9"
14777,fine-tuned,"9,6,7"
14778,fine-tuned,"5,5,2"
14779,fine-tuned,"1,4,6"
14780,fine-tuned,"1,3,2"
14781,fine-tuned,"2,3,5"
14782,fine-tuned,"9,1,7"
14783,fine-tuned,"2,4,6"
14784,fine-tuned,"4,1,3"
14785,fine-tuned,"6,7,3"
14786,fine-tuned,"8,1,7"
14787,fine-tuned,"6,2,1"
14788,fine-tuned,"7,9,6"
14789,fine-tuned,"6,9,9"
14790,fine-tuned,"7,6,6"
14791,fine-tuned,"9,1,7"
14792,fine-tuned,"1,3,5"
14793,fine-tuned,"7,3,6"
14794,fine-tuned,"4,8,2"
14795,fine-tuned,"9,6,1"
14796,fine-tuned,"5,6,8"
14797,fine-tuned,"2,9,3"
14798,fine-tuned,"1,7,9"
14799,fine-tuned,"4,5,5"
14800,fine-tuned,"9,7,7"
14801,fine-tuned,"7,6,2"
14802,fine-tuned,"7,9,7"
14803,fine-tuned,"1,4,2"
14804,fine-tuned,"7,6,4"
14805,fine-tuned,"7,4,6"
14806,fine-tuned,"5,2,3"
14807,fine-tuned,"3,4,4"
14808,fine-tuned,"4,7,8"
14809,fine-tuned,"3,5,2"
14810,fine-tuned,"9,2,1"
14811,fine-tuned,"5,9,4"
14812,fine-tuned,"1,9,2"
14813,fine-tuned,"1,3,1"
14814,fine-tuned,"7,9,3"
14815,fine-tuned,"1,6,4"
14816,fine-tuned,"7,6,9"
14817,fine-tuned,"5,4,3"
14818,fine-tuned,"9,2,3"
14819,fine-tuned,"9,6,9"
14820,fine-tuned,"1,3,7"
14821,fine-tuned,"6,8,8"
14822,fine-tuned,"4,9,9"
14823,fine-tuned,"5,9,4"
14824,fine-tuned,"7,3,2"
14825,fine-tuned,"6,4,4"
14826,fine-tuned,"6,8,9"
14827,fine-tuned,"6,8,8"
14828,fine-tuned,"7,3,6"
14829,fine-tuned,"3,8,5"
14830,fine-tuned,"8,6,4"
14831,fine-tuned,"7,7,3"
14832,fine-tuned,"5,8,4"
14833,fine-tuned,"8,2,8"
14834,fine-tuned,"3,4,9"
14835,fine-tuned,"4,5,4"
14836,fine-tuned,"6,2,1"
14837,fine-tuned,"6,4,8"
14838,fine-tuned,"9,2,8"
14839,fine-tuned,"3,9,2"
14840,fine-tuned,"7,4,4"
14841,fine-tuned,"7,1,1"
14842,fine-tuned,"1,6,1"
14843,fine-tuned,"7,7,2"
14844,fine-tuned,"5,5,8"
14845,fine-tuned,"7,5,8"
14846,fine-tuned,"8,1,8"
14847,fine-tuned,"5,8,2"
14848,fine-tuned,"4,8,9"
14849,fine-tuned,"7,7,2"
14850,fine-tuned,"8,2,9"
14851,fine-tuned,"4,1,6"
14852,fine-tuned,"3,6,6"
14853,fine-tuned,"8,3,5"
14854,fine-tuned,"3,1,3"
14855,fine-tuned,"3,4,8"
14856,fine-tuned,"1,2,8"
14857,fine-tuned,"8,5,3"
14858,fine-tuned,"1,5,2"
14859,fine-tuned,"2,5,4"
14860,fine-tuned,"4,1,3"
14861,fine-tuned,"4,8,5"
14862,fine-tuned,"9,9,5"
14863,fine-tuned,"7,2,2"
14864,fine-tuned,"2,5,1"
14865,fine-tuned,"2,1,7"
14866,fine-tuned,"5,7,3"
14867,fine-tuned,"6,8,1"
14868,fine-tuned,"3,3,6"
14869,fine-tuned,"8,9,2"
14870,fine-tuned,"8,8,4"
14871,fine-tuned,"1,3,3"
14872,fine-tuned,"8,2,5"
14873,fine-tuned,"1,6,7"
14874,fine-tuned,"7,1,1"
14875,fine-tuned,"1,2,4"
14876,fine-tuned,"3,3,9"
14877,fine-tuned,"1,6,9"
14878,fine-tuned,"2,8,1"
14879,fine-tuned,"8,9,8"
14880,fine-tuned,"6,3,2"
14881,fine-tuned,"1,9,2"
14882,fine-tuned,"7,5,4"
14883,fine-tuned,"5,6,7"
14884,fine-tuned,"5,4,5"
14885,fine-tuned,"3,6,6"
14886,fine-tuned,"6,9,7"
14887,fine-tuned,"8,8,8"
14888,fine-tuned,"6,1,9"
14889,fine-tuned,"3,6,4"
14890,fine-tuned,"4,9,2"
14891,fine-tuned,"9,9,1"
14892,fine-tuned,"4,3,6"
14893,fine-tuned,"7,2,1"
14894,fine-tuned,"3,1,3"
14895,fine-tuned,"6,6,2"
14896,fine-tuned,"7,1,6"
14897,fine-tuned,"8,5,4"
14898,fine-tuned,"2,6,2"
14899,fine-tuned,"4,1,2"
14900,fine-tuned,"9,6,9"
14901,fine-tuned,"9,4,5"
14902,fine-tuned,"7,5,4"
14903,fine-tuned,"1,5,2"
14904,fine-tuned,"8,9,7"
14905,fine-tuned,"6,4,6"
14906,fine-tuned,"3,6,7"
14907,fine-tuned,"1,4,9"
14908,fine-tuned,"6,8,2"
14909,fine-tuned,"1,8,5"
14910,fine-tuned,"8,4,9"
14911,fine-tuned,"5,1,5"
14912,fine-tuned,"7,7,7"
14913,fine-tuned,"2,1,9"
14914,fine-tuned,"5,9,4"
14915,fine-tuned,"6,6,6"
14916,fine-tuned,"4,3,3"
14917,fine-tuned,"1,7,8"
14918,fine-tuned,"6,8,4"
14919,fine-tuned,"7,3,1"
14920,fine-tuned,"4,9,6"
14921,fine-tuned,"6,8,3"
14922,fine-tuned,"2,3,8"
14923,fine-tuned,"9,2,9"
14924,fine-tuned,"9,9,4"
14925,fine-tuned,"6,4,9"
14926,fine-tuned,"6,2,3"
14927,fine-tuned,"1,5,6"
14928,fine-tuned,"4,1,8"
14929,fine-tuned,"6,8,5"
14930,fine-tuned,"1,7,1"
14931,fine-tuned,"3,7,4"
14932,fine-tuned,"4,9,6"
14933,fine-tuned,"9,2,1"
14934,fine-tuned,"6,1,6"
14935,fine-tuned,"2,7,4"
14936,fine-tuned,"3,1,5"
14937,fine-tuned,"3,5,7"
14938,fine-tuned,"7,4,5"
14939,fine-tuned,"5,7,9"
14940,fine-tuned,"1,8,9"
14941,fine-tuned,"6,5,9"
14942,fine-tuned,"6,6,4"
14943,fine-tuned,"1,3,1"
14944,fine-tuned,"1,2,7"
14945,fine-tuned,"9,2,5"
14946,fine-tuned,"5,5,4"
14947,fine-tuned,"6,5,8"
14948,fine-tuned,"3,4,8"
14949,fine-tuned,"1,1,7"
14950,fine-tuned,"9,9,3"
14951,fine-tuned,"6,8,3"
14952,fine-tuned,"3,2,4"
14953,fine-tuned,"5,8,5"
14954,fine-tuned,"9,3,5"
14955,fine-tuned,"5,5,7"
14956,fine-tuned,"2,8,1"
14957,fine-tuned,"5,6,8"
14958,fine-tuned,"1,9,9"
14959,fine-tuned,"1,2,9"
14960,fine-tuned,"6,4,6"
14961,fine-tuned,"5,9,4"
14962,fine-tuned,"7,1,2"
14963,fine-tuned,"9,5,2"
14964,fine-tuned,"3,7,1"
14965,fine-tuned,"2,3,7"
14966,fine-tuned,"3,2,4"
14967,fine-tuned,"6,5,7"
14968,fine-tuned,"4,5,1"
14969,fine-tuned,"9,2,7"
14970,fine-tuned,"7,6,7"
14971,fine-tuned,"8,6,8"
14972,fine-tuned,"8,1,6"
14973,fine-tuned,"4,5,8"
14974,fine-tuned,"6,8,3"
14975,fine-tuned,"6,9,3"
14976,fine-tuned,"5,9,4"
14977,fine-tuned,"2,8,4"
14978,fine-tuned,"5,7,8"
14979,fine-tuned,"3,9,6"
14980,fine-tuned,"7,7,6"
14981,fine-tuned,"1,9,9"
14982,fine-tuned,"6,1,6"
14983,fine-tuned,"9,4,3"
14984,fine-tuned,"8,9,1"
14985,fine-tuned,"9,3,4"
14986,fine-tuned,"8,9,1"
14987,fine-tuned,"5,3,4"
14988,fine-tuned,"4,3,5"
14989,fine-tuned,"3,2,5"
14990,fine-tuned,"9,3,2"
14991,fine-tuned,"9,3,8"
14992,fine-tuned,"4,7,5"
14993,fine-tuned,"9,6,6"
14994,fine-tuned,"6,5,2"
14995,fine-tuned,"6,2,6"
14996,fine-tuned,"6,4,6"
14997,fine-tuned,"9,9,1"
14998,fine-tuned,"9,6,4"
14999,fine-tuned,"7,7,6"
15000,fine-tuned,"9,8,6"
15001,fine-tuned,"8,1,3"
15002,fine-tuned,"2,3,1"
15003,fine-tuned,"1,9,2"
15004,fine-tuned,"9,5,9"
15005,fine-tuned,"6,4,6"
15006,fine-tuned,"5,4,8"
15007,fine-tuned,"1,5,5"
15008,fine-tuned,"2,3,5"
15009,fine-tuned,"2,1,4"
15010,fine-tuned,"3,3,8"
15011,fine-tuned,"9,3,8"
15012,fine-tuned,"4,8,6"
15013,fine-tuned,"6,2,3"
15014,fine-tuned,"9,4,5"
15015,fine-tuned,"7,6,8"
15016,fine-tuned,"5,1,1"
15017,fine-tuned,"1,8,4"
15018,fine-tuned,"6,3,5"
15019,fine-tuned,"1,6,1"
15020,fine-tuned,"1,4,9"
15021,fine-tuned,"2,7,2"
15022,fine-tuned,"1,4,1"
15023,fine-tuned,"9,8,6"
15024,fine-tuned,"7,4,4"
15025,fine-tuned,"3,5,9"
15026,fine-tuned,"9,7,2"
15027,fine-tuned,"6,3,4"
15028,fine-tuned,"8,9,8"
15029,fine-tuned,"1,5,2"
15030,fine-tuned,"9,2,6"
15031,fine-tuned,"6,8,9"
15032,fine-tuned,"7,6,3"
15033,fine-tuned,"4,6,1"
15034,fine-tuned,"7,1,8"
15035,fine-tuned,"4,9,7"
15036,fine-tuned,"4,2,2"
15037,fine-tuned,"1,5,5"
15038,fine-tuned,"1,8,4"
15039,fine-tuned,"1,3,6"
15040,fine-tuned,"7,2,4"
15041,fine-tuned,"9,7,7"
15042,fine-tuned,"4,1,1"
15043,fine-tuned,"5,4,1"
15044,fine-tuned,"7,3,1"
15045,fine-tuned,"5,1,1"
15046,fine-tuned,"9,8,6"
15047,fine-tuned,"7,5,1"
15048,fine-tuned,"9,1,6"
15049,fine-tuned,"2,9,4"
15050,fine-tuned,"4,3,7"
15051,fine-tuned,"1,2,1"
15052,fine-tuned,"2,1,6"
15053,fine-tuned,"3,2,8"
15054,fine-tuned,"9,4,1"
15055,fine-tuned,"9,9,3"
15056,fine-tuned,"8,7,2"
15057,fine-tuned,"1,9,9"
15058,fine-tuned,"1,3,7"
15059,fine-tuned,"4,4,1"
15060,fine-tuned,"8,9,7"
15061,fine-tuned,"6,8,2"
15062,fine-tuned,"8,1,3"
15063,fine-tuned,"2,1,5"
15064,fine-tuned,"7,9,6"
15065,fine-tuned,"8,4,8"
15066,fine-tuned,"2,8,1"
15067,fine-tuned,"7,4,9"
15068,fine-tuned,"8,8,3"
15069,fine-tuned,"7,1,5"
15070,fine-tuned,"4,6,4"
15071,fine-tuned,"2,1,5"
15072,fine-tuned,"2,5,2"
15073,fine-tuned,"1,9,8"
15074,fine-tuned,"2,9,9"
15075,fine-tuned,"9,3,9"
15076,fine-tuned,"1,1,5"
15077,fine-tuned,"9,4,1"
15078,fine-tuned,"9,5,8"
15079,fine-tuned,"9,5,2"
15080,fine-tuned,"8,8,2"
15081,fine-tuned,"2,9,3"
15082,fine-tuned,"6,5,6"
15083,fine-tuned,"8,9,9"
15084,fine-tuned,"5,9,1"
15085,fine-tuned,"8,6,1"
15086,fine-tuned,"4,7,4"
15087,fine-tuned,"5,9,5"
15088,fine-tuned,"8,7,2"
15089,fine-tuned,"3,7,7"
15090,fine-tuned,"2,3,5"
15091,fine-tuned,"7,8,1"
15092,fine-tuned,"4,2,8"
15093,fine-tuned,"4,5,1"
15094,fine-tuned,"1,1,4"
15095,fine-tuned,"7,5,8"
15096,fine-tuned,"6,3,4"
15097,fine-tuned,"3,6,1"
15098,fine-tuned,"8,6,4"
15099,fine-tuned,"8,2,1"
15100,fine-tuned,"7,7,9"
15101,fine-tuned,"9,8,5"
15102,fine-tuned,"1,8,8"
15103,fine-tuned,"5,8,3"
15104,fine-tuned,"9,8,3"
15105,fine-tuned,"1,7,4"
15106,fine-tuned,"3,6,9"
15107,fine-tuned,"8,8,6"
15108,fine-tuned,"4,7,5"
15109,fine-tuned,"7,9,9"
15110,fine-tuned,"1,5,5"
15111,fine-tuned,"7,7,6"
15112,fine-tuned,"8,2,6"
15113,fine-tuned,"1,3,1"
15114,fine-tuned,"3,6,9"
15115,fine-tuned,"7,3,7"
15116,fine-tuned,"3,8,1"
15117,fine-tuned,"1,7,8"
15118,fine-tuned,"9,8,5"
15119,fine-tuned,"8,6,6"
15120,fine-tuned,"7,2,1"
15121,fine-tuned,"2,3,5"
15122,fine-tuned,"7,8,4"
15123,fine-tuned,"7,2,1"
15124,fine-tuned,"2,9,9"
15125,fine-tuned,"8,4,6"
15126,fine-tuned,"8,6,2"
15127,fine-tuned,"2,3,6"
15128,fine-tuned,"8,3,2"
15129,fine-tuned,"1,1,5"
15130,fine-tuned,"4,4,8"
15131,fine-tuned,"1,4,8"
15132,fine-tuned,"8,8,1"
15133,fine-tuned,"1,3,5"
15134,fine-tuned,"2,4,5"
15135,fine-tuned,"5,5,6"
15136,fine-tuned,"1,3,8"
15137,fine-tuned,"7,9,8"
15138,fine-tuned,"7,4,8"
15139,fine-tuned,"5,1,7"
15140,fine-tuned,"8,7,6"
15141,fine-tuned,"1,4,6"
15142,fine-tuned,"1,1,7"
15143,fine-tuned,"5,8,3"
15144,fine-tuned,"1,8,3"
15145,fine-tuned,"3,5,9"
15146,fine-tuned,"1,9,8"
15147,fine-tuned,"7,6,2"
15148,fine-tuned,"8,7,1"
15149,fine-tuned,"2,2,5"
15150,fine-tuned,"6,4,4"
15151,fine-tuned,"1,2,9"
15152,fine-tuned,"9,7,1"
15153,fine-tuned,"3,6,1"
15154,fine-tuned,"1,6,6"
15155,fine-tuned,"8,8,1"
15156,fine-tuned,"3,5,7"
15157,fine-tuned,"1,1,4"
15158,fine-tuned,"1,7,5"
15159,fine-tuned,"7,1,4"
15160,fine-tuned,"8,5,8"
15161,fine-tuned,"6,8,4"
15162,fine-tuned,"6,1,5"
15163,fine-tuned,"9,5,5"
15164,fine-tuned,"9,7,6"
15165,fine-tuned,"5,8,6"
15166,fine-tuned,"6,3,2"
15167,fine-tuned,"2,6,4"
15168,fine-tuned,"6,4,5"
15169,fine-tuned,"5,3,3"
15170,fine-tuned,"3,8,6"
15171,fine-tuned,"4,4,5"
15172,fine-tuned,"7,8,7"
15173,fine-tuned,"8,8,4"
15174,fine-tuned,"1,7,3"
15175,fine-tuned,"5,1,6"
15176,fine-tuned,"8,8,6"
15177,fine-tuned,"3,1,3"
15178,fine-tuned,"1,4,8"
15179,fine-tuned,"7,9,5"
15180,fine-tuned,"2,4,8"
15181,fine-tuned,"9,9,4"
15182,fine-tuned,"4,3,7"
15183,fine-tuned,"5,3,5"
15184,fine-tuned,"9,2,3"
15185,fine-tuned,"7,8,1"
15186,fine-tuned,"3,4,1"
15187,fine-tuned,"5,2,4"
15188,fine-tuned,"7,6,4"
15189,fine-tuned,"2,2,4"
15190,fine-tuned,"5,7,9"
15191,fine-tuned,"1,9,7"
15192,fine-tuned,"9,6,7"
15193,fine-tuned,"1,1,5"
15194,fine-tuned,"1,8,8"
15195,fine-tuned,"9,9,3"
15196,fine-tuned,"5,8,9"
15197,fine-tuned,"1,3,3"
15198,fine-tuned,"6,3,7"
15199,fine-tuned,"1,6,4"
15200,fine-tuned,"4,2,2"
15201,fine-tuned,"6,5,9"
15202,fine-tuned,"1,3,4"
15203,fine-tuned,"2,3,5"
15204,fine-tuned,"3,1,5"
15205,fine-tuned,"2,5,5"
15206,fine-tuned,"3,2,2"
15207,fine-tuned,"6,7,1"
15208,fine-tuned,"6,7,3"
15209,fine-tuned,"5,3,8"
15210,fine-tuned,"3,4,3"
15211,fine-tuned,"4,6,5"
15212,fine-tuned,"5,4,2"
15213,fine-tuned,"3,4,7"
15214,fine-tuned,"6,9,8"
15215,fine-tuned,"8,3,8"
15216,fine-tuned,"8,4,7"
15217,fine-tuned,"9,6,7"
15218,fine-tuned,"5,6,2"
15219,fine-tuned,"4,2,1"
15220,fine-tuned,"4,8,1"
15221,fine-tuned,"4,1,5"
15222,fine-tuned,"7,9,1"
15223,fine-tuned,"1,1,4"
15224,fine-tuned,"6,3,6"
15225,fine-tuned,"1,4,7"
15226,fine-tuned,"7,1,5"
15227,fine-tuned,"8,1,8"
15228,fine-tuned,"1,2,2"
15229,fine-tuned,"9,1,8"
15230,fine-tuned,"7,6,3"
15231,fine-tuned,"4,1,4"
15232,fine-tuned,"2,9,4"
15233,fine-tuned,"4,9,2"
15234,fine-tuned,"3,3,6"
15235,fine-tuned,"9,9,5"
15236,fine-tuned,"1,3,3"
15237,fine-tuned,"4,8,6"
15238,fine-tuned,"5,3,4"
15239,fine-tuned,"8,5,1"
15240,fine-tuned,"4,9,4"
15241,fine-tuned,"9,8,9"
15242,fine-tuned,"5,5,2"
15243,fine-tuned,"8,7,6"
15244,fine-tuned,"5,2,3"
15245,fine-tuned,"4,6,8"
15246,fine-tuned,"9,7,8"
15247,fine-tuned,"8,8,8"
15248,fine-tuned,"5,4,4"
15249,fine-tuned,"6,5,4"
15250,fine-tuned,"7,4,5"
15251,fine-tuned,"6,1,9"
15252,fine-tuned,"6,6,8"
15253,fine-tuned,"4,8,8"
15254,fine-tuned,"1,8,1"
15255,fine-tuned,"5,3,9"
15256,fine-tuned,"8,7,9"
15257,fine-tuned,"4,8,4"
15258,fine-tuned,"6,4,9"
15259,fine-tuned,"2,7,2"
15260,fine-tuned,"1,4,7"
15261,fine-tuned,"9,7,1"
15262,fine-tuned,"3,1,1"
15263,fine-tuned,"3,8,9"
15264,fine-tuned,"1,1,1"
15265,fine-tuned,"5,2,6"
15266,fine-tuned,"8,5,4"
15267,fine-tuned,"9,5,8"
15268,fine-tuned,"8,7,4"
15269,fine-tuned,"4,3,5"
15270,fine-tuned,"8,2,6"
15271,fine-tuned,"4,9,8"
15272,fine-tuned,"6,7,3"
15273,fine-tuned,"5,8,3"
15274,fine-tuned,"9,9,7"
15275,fine-tuned,"7,4,4"
15276,fine-tuned,"4,9,2"
15277,fine-tuned,"6,7,6"
15278,fine-tuned,"1,7,2"
15279,fine-tuned,"1,6,4"
15280,fine-tuned,"6,8,2"
15281,fine-tuned,"1,8,3"
15282,fine-tuned,"7,7,4"
15283,fine-tuned,"4,4,5"
15284,fine-tuned,"9,5,9"
15285,fine-tuned,"7,3,8"
15286,fine-tuned,"3,2,9"
15287,fine-tuned,"9,8,2"
15288,fine-tuned,"7,9,6"
15289,fine-tuned,"5,3,4"
15290,fine-tuned,"8,8,4"
15291,fine-tuned,"8,4,9"
15292,fine-tuned,"3,5,6"
15293,fine-tuned,"3,3,9"
15294,fine-tuned,"3,7,3"
15295,fine-tuned,"8,8,6"
15296,fine-tuned,"7,5,1"
15297,fine-tuned,"1,1,6"
15298,fine-tuned,"4,1,5"
15299,fine-tuned,"6,9,6"
15300,fine-tuned,"8,3,1"
15301,fine-tuned,"2,2,1"
15302,fine-tuned,"1,8,6"
15303,fine-tuned,"4,4,1"
15304,fine-tuned,"4,3,5"
15305,fine-tuned,"7,1,2"
15306,fine-tuned,"4,2,5"
15307,fine-tuned,"7,6,7"
15308,fine-tuned,"9,5,1"
15309,fine-tuned,"1,4,9"
15310,fine-tuned,"5,4,2"
15311,fine-tuned,"7,7,5"
15312,fine-tuned,"2,6,5"
15313,fine-tuned,"2,1,1"
15314,fine-tuned,"6,3,2"
15315,fine-tuned,"5,3,8"
15316,fine-tuned,"4,4,2"
15317,fine-tuned,"3,2,8"
15318,fine-tuned,"2,9,6"
15319,fine-tuned,"7,8,6"
15320,fine-tuned,"9,9,2"
15321,fine-tuned,"3,4,8"
15322,fine-tuned,"6,8,1"
15323,fine-tuned,"9,3,7"
15324,fine-tuned,"3,8,4"
15325,fine-tuned,"4,4,1"
15326,fine-tuned,"6,6,5"
15327,fine-tuned,"1,7,7"
15328,fine-tuned,"9,6,1"
15329,fine-tuned,"2,7,7"
15330,fine-tuned,"7,4,5"
15331,fine-tuned,"5,9,9"
15332,fine-tuned,"8,4,5"
15333,fine-tuned,"9,4,2"
15334,fine-tuned,"4,9,1"
15335,fine-tuned,"6,8,7"
15336,fine-tuned,"6,3,8"
15337,fine-tuned,"8,6,2"
15338,fine-tuned,"5,6,5"
15339,fine-tuned,"8,2,1"
15340,fine-tuned,"9,9,7"
15341,fine-tuned,"4,1,8"
15342,fine-tuned,"1,4,8"
15343,fine-tuned,"1,9,2"
15344,fine-tuned,"7,1,8"
15345,fine-tuned,"8,8,1"
15346,fine-tuned,"1,1,9"
15347,fine-tuned,"6,1,4"
15348,fine-tuned,"4,5,1"
15349,fine-tuned,"1,5,3"
15350,fine-tuned,"4,6,9"
15351,fine-tuned,"3,8,9"
15352,fine-tuned,"5,5,9"
15353,fine-tuned,"4,1,2"
15354,fine-tuned,"4,8,1"
15355,fine-tuned,"8,9,3"
15356,fine-tuned,"2,8,2"
15357,fine-tuned,"2,9,8"
15358,fine-tuned,"9,9,3"
15359,fine-tuned,"3,9,9"
15360,fine-tuned,"6,2,1"
15361,fine-tuned,"9,8,8"
15362,fine-tuned,"2,4,3"
15363,fine-tuned,"6,6,5"
15364,fine-tuned,"1,3,5"
15365,fine-tuned,"5,5,6"
15366,fine-tuned,"6,2,5"
15367,fine-tuned,"1,1,1"
15368,fine-tuned,"8,6,5"
15369,fine-tuned,"9,8,5"
15370,fine-tuned,"4,8,9"
15371,fine-tuned,"2,1,3"
15372,fine-tuned,"5,6,8"
15373,fine-tuned,"2,5,3"
15374,fine-tuned,"2,7,7"
15375,fine-tuned,"7,4,6"
15376,fine-tuned,"5,8,6"
15377,fine-tuned,"7,2,8"
15378,fine-tuned,"7,3,1"
15379,fine-tuned,"3,3,4"
15380,fine-tuned,"8,9,8"
15381,fine-tuned,"4,7,8"
15382,fine-tuned,"2,7,3"
15383,fine-tuned,"9,2,2"
15384,fine-tuned,"9,2,8"
15385,fine-tuned,"1,8,4"
15386,fine-tuned,"1,3,7"
15387,fine-tuned,"1,1,5"
15388,fine-tuned,"8,5,5"
15389,fine-tuned,"4,9,3"
15390,fine-tuned,"5,9,2"
15391,fine-tuned,"5,2,7"
15392,fine-tuned,"7,1,5"
15393,fine-tuned,"1,6,2"
15394,fine-tuned,"1,3,6"
15395,fine-tuned,"1,4,8"
15396,fine-tuned,"9,9,5"
15397,fine-tuned,"6,7,1"
15398,fine-tuned,"8,7,6"
15399,fine-tuned,"3,2,5"
15400,fine-tuned,"8,7,1"
15401,fine-tuned,"5,9,1"
15402,fine-tuned,"5,8,7"
15403,fine-tuned,"4,4,3"
15404,fine-tuned,"8,7,2"
15405,fine-tuned,"3,7,9"
15406,fine-tuned,"5,2,8"
15407,fine-tuned,"1,8,9"
15408,fine-tuned,"2,1,2"
15409,fine-tuned,"9,4,7"
15410,fine-tuned,"1,7,9"
15411,fine-tuned,"9,8,7"
15412,fine-tuned,"2,1,5"
15413,fine-tuned,"4,6,8"
15414,fine-tuned,"4,9,3"
15415,fine-tuned,"1,2,5"
15416,fine-tuned,"7,4,8"
15417,fine-tuned,"2,4,7"
15418,fine-tuned,"4,1,5"
15419,fine-tuned,"5,9,2"
15420,fine-tuned,"4,7,7"
15421,fine-tuned,"6,1,8"
15422,fine-tuned,"9,5,5"
15423,fine-tuned,"4,5,2"
15424,fine-tuned,"7,4,2"
15425,fine-tuned,"7,7,2"
15426,fine-tuned,"8,2,6"
15427,fine-tuned,"8,5,1"
15428,fine-tuned,"2,1,5"
15429,fine-tuned,"4,5,5"
15430,fine-tuned,"1,5,1"
15431,fine-tuned,"3,1,1"
15432,fine-tuned,"1,2,7"
15433,fine-tuned,"7,8,2"
15434,fine-tuned,"4,5,8"
15435,fine-tuned,"2,7,6"
15436,fine-tuned,"2,6,2"
15437,fine-tuned,"1,9,1"
15438,fine-tuned,"2,1,3"
15439,fine-tuned,"6,8,7"
15440,fine-tuned,"1,7,5"
15441,fine-tuned,"5,6,3"
15442,fine-tuned,"5,5,2"
15443,fine-tuned,"7,4,9"
15444,fine-tuned,"3,2,5"
15445,fine-tuned,"6,4,1"
15446,fine-tuned,"9,4,7"
15447,fine-tuned,"9,2,5"
15448,fine-tuned,"9,3,4"
15449,fine-tuned,"6,4,7"
15450,fine-tuned,"4,6,1"
15451,fine-tuned,"5,2,8"
15452,fine-tuned,"1,9,4"
15453,fine-tuned,"6,2,7"
15454,fine-tuned,"6,6,3"
15455,fine-tuned,"4,5,3"
15456,fine-tuned,"7,7,7"
15457,fine-tuned,"8,7,7"
15458,fine-tuned,"9,5,5"
15459,fine-tuned,"8,6,7"
15460,fine-tuned,"8,1,3"
15461,fine-tuned,"9,8,7"
15462,fine-tuned,"3,8,9"
15463,fine-tuned,"4,3,4"
15464,fine-tuned,"1,3,1"
15465,fine-tuned,"7,9,9"
15466,fine-tuned,"9,2,3"
15467,fine-tuned,"9,3,9"
15468,fine-tuned,"1,1,9"
15469,fine-tuned,"6,7,3"
15470,fine-tuned,"7,3,4"
15471,fine-tuned,"7,3,1"
15472,fine-tuned,"5,5,3"
15473,fine-tuned,"7,3,9"
15474,fine-tuned,"1,8,7"
15475,fine-tuned,"7,5,2"
15476,fine-tuned,"8,6,3"
15477,fine-tuned,"4,9,7"
15478,fine-tuned,"8,2,3"
15479,fine-tuned,"4,4,2"
15480,fine-tuned,"3,6,6"
15481,fine-tuned,"2,7,7"
15482,fine-tuned,"9,5,1"
15483,fine-tuned,"9,2,9"
15484,fine-tuned,"2,6,9"
15485,fine-tuned,"1,8,9"
15486,fine-tuned,"6,4,8"
15487,fine-tuned,"7,5,8"
15488,fine-tuned,"9,3,7"
15489,fine-tuned,"5,8,6"
15490,fine-tuned,"5,2,6"
15491,fine-tuned,"7,6,8"
15492,fine-tuned,"9,7,9"
15493,fine-tuned,"1,4,8"
15494,fine-tuned,"8,1,2"
15495,fine-tuned,"8,1,6"
15496,fine-tuned,"4,5,5"
15497,fine-tuned,"3,7,3"
15498,fine-tuned,"5,8,7"
15499,fine-tuned,"4,2,3"
15500,fine-tuned,"9,9,5"
15501,fine-tuned,"5,3,8"
15502,fine-tuned,"9,3,4"
15503,fine-tuned,"3,5,2"
15504,fine-tuned,"4,6,6"
15505,fine-tuned,"2,6,1"
15506,fine-tuned,"4,7,8"
15507,fine-tuned,"9,9,7"
15508,fine-tuned,"4,9,7"
15509,fine-tuned,"4,8,2"
15510,fine-tuned,"4,9,5"
15511,fine-tuned,"8,5,4"
15512,fine-tuned,"6,5,3"
15513,fine-tuned,"7,7,9"
15514,fine-tuned,"5,6,1"
15515,fine-tuned,"8,1,2"
15516,fine-tuned,"4,7,4"
15517,fine-tuned,"7,3,1"
15518,fine-tuned,"1,1,8"
15519,fine-tuned,"7,6,2"
15520,fine-tuned,"6,6,1"
15521,fine-tuned,"1,3,8"
15522,fine-tuned,"2,8,6"
15523,fine-tuned,"8,8,4"
15524,fine-tuned,"6,9,6"
15525,fine-tuned,"5,7,3"
15526,fine-tuned,"1,8,2"
15527,fine-tuned,"3,9,8"
15528,fine-tuned,"6,8,9"
15529,fine-tuned,"9,2,1"
15530,fine-tuned,"2,5,4"
15531,fine-tuned,"4,8,2"
15532,fine-tuned,"3,8,4"
15533,fine-tuned,"1,5,5"
15534,fine-tuned,"4,5,4"
15535,fine-tuned,"4,6,2"
15536,fine-tuned,"4,8,8"
15537,fine-tuned,"8,9,7"
15538,fine-tuned,"6,3,2"
15539,fine-tuned,"1,9,9"
15540,fine-tuned,"4,7,8"
15541,fine-tuned,"6,1,9"
15542,fine-tuned,"9,8,6"
15543,fine-tuned,"5,4,1"
15544,fine-tuned,"7,4,9"
15545,fine-tuned,"4,9,5"
15546,fine-tuned,"8,7,6"
15547,fine-tuned,"3,1,4"
15548,fine-tuned,"3,7,8"
15549,fine-tuned,"5,7,1"
15550,fine-tuned,"9,7,4"
15551,fine-tuned,"9,8,8"
15552,fine-tuned,"3,7,2"
15553,fine-tuned,"2,8,3"
15554,fine-tuned,"3,9,7"
15555,fine-tuned,"3,1,5"
15556,fine-tuned,"7,7,6"
15557,fine-tuned,"6,2,8"
15558,fine-tuned,"4,6,8"
15559,fine-tuned,"2,4,6"
15560,fine-tuned,"5,8,7"
15561,fine-tuned,"4,9,4"
15562,fine-tuned,"6,9,9"
15563,fine-tuned,"4,9,1"
15564,fine-tuned,"9,6,1"
15565,fine-tuned,"6,3,4"
15566,fine-tuned,"3,5,4"
15567,fine-tuned,"9,7,8"
15568,fine-tuned,"6,1,6"
15569,fine-tuned,"8,2,4"
15570,fine-tuned,"3,9,7"
15571,fine-tuned,"1,3,7"
15572,fine-tuned,"3,4,1"
15573,fine-tuned,"1,7,5"
15574,fine-tuned,"4,9,5"
15575,fine-tuned,"7,5,8"
15576,fine-tuned,"6,4,4"
15577,fine-tuned,"7,5,1"
15578,fine-tuned,"4,9,4"
15579,fine-tuned,"9,9,1"
15580,fine-tuned,"1,1,2"
15581,fine-tuned,"3,3,8"
15582,fine-tuned,"7,8,7"
15583,fine-tuned,"9,5,1"
15584,fine-tuned,"5,5,9"
15585,fine-tuned,"8,7,1"
15586,fine-tuned,"3,5,1"
15587,fine-tuned,"1,9,2"
15588,fine-tuned,"1,9,9"
15589,fine-tuned,"2,4,5"
15590,fine-tuned,"9,4,8"
15591,fine-tuned,"6,1,6"
15592,fine-tuned,"1,9,7"
15593,fine-tuned,"9,3,7"
15594,fine-tuned,"7,3,5"
15595,fine-tuned,"1,7,1"
15596,fine-tuned,"3,7,2"
15597,fine-tuned,"2,8,2"
15598,fine-tuned,"1,2,2"
15599,fine-tuned,"1,2,4"
15600,fine-tuned,"6,8,5"
15601,fine-tuned,"2,9,2"
15602,fine-tuned,"6,6,3"
15603,fine-tuned,"2,4,1"
15604,fine-tuned,"7,6,1"
15605,fine-tuned,"7,7,9"
15606,fine-tuned,"2,1,2"
15607,fine-tuned,"2,1,3"
15608,fine-tuned,"1,1,6"
15609,fine-tuned,"5,2,6"
15610,fine-tuned,"8,1,6"
15611,fine-tuned,"9,8,9"
15612,fine-tuned,"9,6,7"
15613,fine-tuned,"9,6,1"
15614,fine-tuned,"3,9,9"
15615,fine-tuned,"1,3,7"
15616,fine-tuned,"1,8,6"
15617,fine-tuned,"8,4,9"
15618,fine-tuned,"8,6,7"
15619,fine-tuned,"3,3,9"
15620,fine-tuned,"3,9,8"
15621,fine-tuned,"1,7,9"
15622,fine-tuned,"7,5,8"
15623,fine-tuned,"7,9,4"
15624,fine-tuned,"1,9,2"
15625,fine-tuned,"4,4,9"
15626,fine-tuned,"6,7,9"
15627,fine-tuned,"6,6,2"
15628,fine-tuned,"6,9,8"
15629,fine-tuned,"6,4,1"
15630,fine-tuned,"5,7,2"
15631,fine-tuned,"2,8,9"
15632,fine-tuned,"7,4,1"
15633,fine-tuned,"1,6,1"
15634,fine-tuned,"8,8,2"
15635,fine-tuned,"1,7,6"
15636,fine-tuned,"1,8,2"
15637,fine-tuned,"9,1,8"
15638,fine-tuned,"3,6,1"
15639,fine-tuned,"4,1,7"
15640,fine-tuned,"6,5,9"
15641,fine-tuned,"7,5,9"
15642,fine-tuned,"3,2,3"
15643,fine-tuned,"9,4,8"
15644,fine-tuned,"4,9,7"
15645,fine-tuned,"1,6,4"
15646,fine-tuned,"9,6,4"
15647,fine-tuned,"2,6,3"
15648,fine-tuned,"2,9,7"
15649,fine-tuned,"6,7,1"
15650,fine-tuned,"2,8,5"
15651,fine-tuned,"5,8,2"
15652,fine-tuned,"8,5,8"
15653,fine-tuned,"8,4,3"
15654,fine-tuned,"4,4,5"
15655,fine-tuned,"7,6,2"
15656,fine-tuned,"4,6,7"
15657,fine-tuned,"3,9,3"
15658,fine-tuned,"2,6,5"
15659,fine-tuned,"6,4,6"
15660,fine-tuned,"3,5,6"
15661,fine-tuned,"3,7,5"
15662,fine-tuned,"1,5,5"
15663,fine-tuned,"4,8,1"
15664,fine-tuned,"7,5,1"
15665,fine-tuned,"4,3,7"
15666,fine-tuned,"5,9,1"
15667,fine-tuned,"7,9,8"
15668,fine-tuned,"2,8,3"
15669,fine-tuned,"5,6,6"
15670,fine-tuned,"8,2,4"
15671,fine-tuned,"1,4,9"
15672,fine-tuned,"5,9,6"
15673,fine-tuned,"2,6,6"
15674,fine-tuned,"8,6,8"
15675,fine-tuned,"4,6,9"
15676,fine-tuned,"3,8,6"
15677,fine-tuned,"5,6,1"
15678,fine-tuned,"6,8,1"
15679,fine-tuned,"8,3,6"
15680,fine-tuned,"4,5,9"
15681,fine-tuned,"8,9,8"
15682,fine-tuned,"4,6,9"
15683,fine-tuned,"1,2,4"
15684,fine-tuned,"3,2,1"
15685,fine-tuned,"5,7,2"
15686,fine-tuned,"6,4,1"
15687,fine-tuned,"1,6,5"
15688,fine-tuned,"9,2,6"
15689,fine-tuned,"4,6,6"
15690,fine-tuned,"3,4,2"
15691,fine-tuned,"9,7,6"
15692,fine-tuned,"8,6,1"
15693,fine-tuned,"4,9,1"
15694,fine-tuned,"9,7,2"
15695,fine-tuned,"8,9,8"
15696,fine-tuned,"6,5,7"
15697,fine-tuned,"9,6,5"
15698,fine-tuned,"1,8,8"
15699,fine-tuned,"3,7,6"
15700,fine-tuned,"5,5,3"
15701,fine-tuned,"8,5,5"
15702,fine-tuned,"3,9,6"
15703,fine-tuned,"3,5,4"
15704,fine-tuned,"2,4,3"
15705,fine-tuned,"3,7,3"
15706,fine-tuned,"3,9,9"
15707,fine-tuned,"8,7,4"
15708,fine-tuned,"7,8,8"
15709,fine-tuned,"9,8,3"
15710,fine-tuned,"9,5,7"
15711,fine-tuned,"9,4,9"
15712,fine-tuned,"4,7,5"
15713,fine-tuned,"6,4,4"
15714,fine-tuned,"8,1,7"
15715,fine-tuned,"8,5,5"
15716,fine-tuned,"7,2,4"
15717,fine-tuned,"5,4,5"
15718,fine-tuned,"4,9,1"
15719,fine-tuned,"1,4,5"
15720,fine-tuned,"2,4,6"
15721,fine-tuned,"9,9,5"
15722,fine-tuned,"3,1,8"
15723,fine-tuned,"1,7,4"
15724,fine-tuned,"2,3,9"
15725,fine-tuned,"8,6,4"
15726,fine-tuned,"4,5,2"
15727,fine-tuned,"4,8,9"
15728,fine-tuned,"6,1,6"
15729,fine-tuned,"6,2,3"
15730,fine-tuned,"8,9,8"
15731,fine-tuned,"5,4,9"
15732,fine-tuned,"7,9,7"
15733,fine-tuned,"3,2,1"
15734,fine-tuned,"4,2,5"
15735,fine-tuned,"4,5,2"
15736,fine-tuned,"4,4,1"
15737,fine-tuned,"3,3,8"
15738,fine-tuned,"9,3,1"
15739,fine-tuned,"5,9,9"
15740,fine-tuned,"7,9,1"
15741,fine-tuned,"8,1,9"
15742,fine-tuned,"5,7,8"
15743,fine-tuned,"3,1,5"
15744,fine-tuned,"7,6,7"
15745,fine-tuned,"9,8,9"
15746,fine-tuned,"8,9,4"
15747,fine-tuned,"3,4,5"
15748,fine-tuned,"8,6,4"
15749,fine-tuned,"3,1,1"
15750,fine-tuned,"9,8,4"
15751,fine-tuned,"6,9,1"
15752,fine-tuned,"1,9,5"
15753,fine-tuned,"7,5,8"
15754,fine-tuned,"7,1,9"
15755,fine-tuned,"5,4,1"
15756,fine-tuned,"5,5,1"
15757,fine-tuned,"1,8,6"
15758,fine-tuned,"7,2,7"
15759,fine-tuned,"5,5,1"
15760,fine-tuned,"1,8,9"
15761,fine-tuned,"1,4,6"
15762,fine-tuned,"2,4,1"
15763,fine-tuned,"7,2,4"
15764,fine-tuned,"3,3,3"
15765,fine-tuned,"1,5,8"
15766,fine-tuned,"3,9,4"
15767,fine-tuned,"7,3,3"
15768,fine-tuned,"4,4,9"
15769,fine-tuned,"3,1,6"
15770,fine-tuned,"9,6,6"
15771,fine-tuned,"2,9,8"
15772,fine-tuned,"3,9,8"
15773,fine-tuned,"2,1,7"
15774,fine-tuned,"9,8,8"
15775,fine-tuned,"4,6,9"
15776,fine-tuned,"8,3,4"
15777,fine-tuned,"4,9,8"
15778,fine-tuned,"1,3,9"
15779,fine-tuned,"3,6,6"
15780,fine-tuned,"2,6,1"
15781,fine-tuned,"4,6,1"
15782,fine-tuned,"1,4,6"
15783,fine-tuned,"8,3,4"
15784,fine-tuned,"8,5,1"
15785,fine-tuned,"3,7,6"
15786,fine-tuned,"8,7,2"
15787,fine-tuned,"9,9,8"
15788,fine-tuned,"3,4,4"
15789,fine-tuned,"8,9,7"
15790,fine-tuned,"7,9,3"
15791,fine-tuned,"1,9,2"
15792,fine-tuned,"6,6,2"
15793,fine-tuned,"9,7,6"
15794,fine-tuned,"2,9,6"
15795,fine-tuned,"2,7,2"
15796,fine-tuned,"7,3,8"
15797,fine-tuned,"1,8,5"
15798,fine-tuned,"4,7,5"
15799,fine-tuned,"4,9,9"
15800,fine-tuned,"2,3,4"
15801,fine-tuned,"1,3,1"
15802,fine-tuned,"1,5,3"
15803,fine-tuned,"1,6,9"
15804,fine-tuned,"3,2,4"
15805,fine-tuned,"5,1,2"
15806,fine-tuned,"9,4,2"
15807,fine-tuned,"6,7,4"
15808,fine-tuned,"1,4,8"
15809,fine-tuned,"3,8,5"
15810,fine-tuned,"5,2,7"
15811,fine-tuned,"1,5,6"
15812,fine-tuned,"3,6,9"
15813,fine-tuned,"9,4,4"
15814,fine-tuned,"9,8,6"
15815,fine-tuned,"2,3,3"
15816,fine-tuned,"8,4,9"
15817,fine-tuned,"3,3,8"
15818,fine-tuned,"8,5,9"
15819,fine-tuned,"5,9,1"
15820,fine-tuned,"5,1,1"
15821,fine-tuned,"8,2,4"
15822,fine-tuned,"3,7,9"
15823,fine-tuned,"4,7,1"
15824,fine-tuned,"1,6,6"
15825,fine-tuned,"6,9,3"
15826,fine-tuned,"4,5,5"
15827,fine-tuned,"7,6,5"
15828,fine-tuned,"8,2,9"
15829,fine-tuned,"9,5,7"
15830,fine-tuned,"7,9,6"
15831,fine-tuned,"1,7,8"
15832,fine-tuned,"8,8,5"
15833,fine-tuned,"4,7,5"
15834,fine-tuned,"6,9,9"
15835,fine-tuned,"6,5,9"
15836,fine-tuned,"8,4,5"
15837,fine-tuned,"6,1,3"
15838,fine-tuned,"7,7,3"
15839,fine-tuned,"8,5,1"
15840,fine-tuned,"4,6,5"
15841,fine-tuned,"3,1,4"
15842,fine-tuned,"1,3,6"
15843,fine-tuned,"3,9,7"
15844,fine-tuned,"8,4,4"
15845,fine-tuned,"8,5,4"
15846,fine-tuned,"1,2,9"
15847,fine-tuned,"5,1,1"
15848,fine-tuned,"1,1,7"
15849,fine-tuned,"8,1,9"
15850,fine-tuned,"6,1,2"
15851,fine-tuned,"7,9,5"
15852,fine-tuned,"7,7,4"
15853,fine-tuned,"7,6,3"
15854,fine-tuned,"9,6,6"
15855,fine-tuned,"2,9,4"
15856,fine-tuned,"1,7,7"
15857,fine-tuned,"4,8,6"
15858,fine-tuned,"5,9,2"
15859,fine-tuned,"4,2,2"
15860,fine-tuned,"7,9,3"
15861,fine-tuned,"6,7,6"
15862,fine-tuned,"8,1,9"
15863,fine-tuned,"8,8,3"
15864,fine-tuned,"7,8,3"
15865,fine-tuned,"1,8,7"
15866,fine-tuned,"1,3,6"
15867,fine-tuned,"5,6,3"
15868,fine-tuned,"2,8,1"
15869,fine-tuned,"6,9,1"
15870,fine-tuned,"4,9,2"
15871,fine-tuned,"8,2,8"
15872,fine-tuned,"1,8,9"
15873,fine-tuned,"1,5,6"
15874,fine-tuned,"4,1,4"
15875,fine-tuned,"4,9,5"
15876,fine-tuned,"4,3,3"
15877,fine-tuned,"9,5,8"
15878,fine-tuned,"6,6,7"
15879,fine-tuned,"8,1,9"
15880,fine-tuned,"4,5,2"
15881,fine-tuned,"8,5,6"
15882,fine-tuned,"8,5,8"
15883,fine-tuned,"3,3,2"
15884,fine-tuned,"5,4,1"
15885,fine-tuned,"8,8,9"
15886,fine-tuned,"7,7,2"
15887,fine-tuned,"1,4,7"
15888,fine-tuned,"1,2,6"
15889,fine-tuned,"4,2,1"
15890,fine-tuned,"4,7,3"
15891,fine-tuned,"2,3,7"
15892,fine-tuned,"2,8,3"
15893,fine-tuned,"8,3,5"
15894,fine-tuned,"6,4,7"
15895,fine-tuned,"6,9,6"
15896,fine-tuned,"1,6,1"
15897,fine-tuned,"6,5,3"
15898,fine-tuned,"8,9,4"
15899,fine-tuned,"5,1,6"
15900,fine-tuned,"3,4,1"
15901,fine-tuned,"2,5,2"
15902,fine-tuned,"2,2,2"
15903,fine-tuned,"5,9,3"
15904,fine-tuned,"3,5,3"
15905,fine-tuned,"8,1,6"
15906,fine-tuned,"8,3,4"
15907,fine-tuned,"2,5,9"
15908,fine-tuned,"5,5,7"
15909,fine-tuned,"4,4,5"
15910,fine-tuned,"7,9,2"
15911,fine-tuned,"8,1,1"
15912,fine-tuned,"8,7,3"
15913,fine-tuned,"1,1,5"
15914,fine-tuned,"8,1,9"
15915,fine-tuned,"1,4,1"
15916,fine-tuned,"7,4,8"
15917,fine-tuned,"9,3,4"
15918,fine-tuned,"6,5,9"
15919,fine-tuned,"2,1,7"
15920,fine-tuned,"2,7,9"
15921,fine-tuned,"8,8,5"
15922,fine-tuned,"5,4,4"
15923,fine-tuned,"1,9,8"
15924,fine-tuned,"4,6,8"
15925,fine-tuned,"9,6,3"
15926,fine-tuned,"6,3,1"
15927,fine-tuned,"8,8,2"
15928,fine-tuned,"8,8,7"
15929,fine-tuned,"8,2,6"
15930,fine-tuned,"8,1,8"
15931,fine-tuned,"2,1,6"
15932,fine-tuned,"4,8,6"
15933,fine-tuned,"1,5,7"
15934,fine-tuned,"9,9,9"
15935,fine-tuned,"8,2,4"
15936,fine-tuned,"5,9,3"
15937,fine-tuned,"3,2,2"
15938,fine-tuned,"6,1,2"
15939,fine-tuned,"9,6,9"
15940,fine-tuned,"3,7,3"
15941,fine-tuned,"7,2,4"
15942,fine-tuned,"8,5,3"
15943,fine-tuned,"9,4,6"
15944,fine-tuned,"7,6,9"
15945,fine-tuned,"9,9,9"
15946,fine-tuned,"1,8,9"
15947,fine-tuned,"2,3,3"
15948,fine-tuned,"3,6,6"
15949,fine-tuned,"3,9,6"
15950,fine-tuned,"4,4,3"
15951,fine-tuned,"3,9,9"
15952,fine-tuned,"6,7,2"
15953,fine-tuned,"2,5,2"
15954,fine-tuned,"6,8,2"
15955,fine-tuned,"3,9,2"
15956,fine-tuned,"6,7,4"
15957,fine-tuned,"3,1,9"
15958,fine-tuned,"4,3,8"
15959,fine-tuned,"9,3,5"
15960,fine-tuned,"3,6,5"
15961,fine-tuned,"4,5,9"
15962,fine-tuned,"3,9,9"
15963,fine-tuned,"9,4,6"
15964,fine-tuned,"3,5,1"
15965,fine-tuned,"2,1,2"
15966,fine-tuned,"6,8,3"
15967,fine-tuned,"5,3,5"
15968,fine-tuned,"6,7,8"
15969,fine-tuned,"9,8,3"
15970,fine-tuned,"3,9,2"
15971,fine-tuned,"6,4,2"
15972,fine-tuned,"5,7,4"
15973,fine-tuned,"4,6,8"
15974,fine-tuned,"4,6,7"
15975,fine-tuned,"5,5,3"
15976,fine-tuned,"5,6,4"
15977,fine-tuned,"6,3,8"
15978,fine-tuned,"5,2,5"
15979,fine-tuned,"9,6,4"
15980,fine-tuned,"6,8,4"
15981,fine-tuned,"9,8,4"
15982,fine-tuned,"4,1,8"
15983,fine-tuned,"2,6,4"
15984,fine-tuned,"9,9,9"
15985,fine-tuned,"6,1,1"
15986,fine-tuned,"7,4,3"
15987,fine-tuned,"8,7,6"
15988,fine-tuned,"5,8,8"
15989,fine-tuned,"5,5,1"
15990,fine-tuned,"7,1,4"
15991,fine-tuned,"5,8,1"
15992,fine-tuned,"1,3,5"
15993,fine-tuned,"1,3,9"
15994,fine-tuned,"4,8,9"
15995,fine-tuned,"8,9,9"
15996,fine-tuned,"6,2,7"
15997,fine-tuned,"5,8,3"
15998,fine-tuned,"3,5,3"
15999,fine-tuned,"4,8,7"
16000,fine-tuned,"6,5,3"
